Requirement already satisfied: pip in ./venv312/lib/python3.12/site-packages (26.1.2)
Requirement already satisfied: absl-py==2.4.0 in ./venv312/lib/python3.12/site-packages (from -r requirements.txt (line 1)) (2.4.0)
Requirement already satisfied: alabaster==1.0.0 in ./venv312/lib/python3.12/site-packages (from -r requirements.txt (line 2)) (1.0.0)
Requirement already satisfied: astunparse==1.6.3 in ./venv312/lib/python3.12/site-packages (from -r requirements.txt (line 3)) (1.6.3)
Requirement already satisfied: babel==2.17.0 in ./venv312/lib/python3.12/site-packages (from -r requirements.txt (line 4)) (2.17.0)
Requirement already satisfied: backports.tarfile==1.2.0 in ./venv312/lib/python3.12/site-packages (from -r requirements.txt (line 5)) (1.2.0)
Requirement already satisfied: build==1.3.0 in ./venv312/lib/python3.12/site-packages (from -r requirements.txt (line 6)) (1.3.0)
Requirement already satisfied: bumpver==2025.1131 in ./venv312/lib/python3.12/site-packages (from -r requirements.txt (line 7)) (2025.1131)
Requirement already satisfied: certifi==2025.8.3 in ./venv312/lib/python3.12/site-packages (from -r requirements.txt (line 8)) (2025.8.3)
Requirement already satisfied: charset-normalizer==3.4.3 in ./venv312/lib/python3.12/site-packages (from -r requirements.txt (line 9)) (3.4.3)
Requirement already satisfied: click==8.3.0 in ./venv312/lib/python3.12/site-packages (from -r requirements.txt (line 10)) (8.3.0)
Requirement already satisfied: colorama==0.4.6 in ./venv312/lib/python3.12/site-packages (from -r requirements.txt (line 11)) (0.4.6)
Requirement already satisfied: contourpy==1.3.2 in ./venv312/lib/python3.12/site-packages (from -r requirements.txt (line 12)) (1.3.2)
Requirement already satisfied: coverage==7.10.7 in ./venv312/lib/python3.12/site-packages (from -r requirements.txt (line 13)) (7.10.7)
Requirement already satisfied: coverage-badge==1.1.2 in ./venv312/lib/python3.12/site-packages (from -r requirements.txt (line 14)) (1.1.2)
Requirement already satisfied: cycler==0.12.1 in ./venv312/lib/python3.12/site-packages (from -r requirements.txt (line 15)) (0.12.1)
Requirement already satisfied: decorator==5.2.1 in ./venv312/lib/python3.12/site-packages (from -r requirements.txt (line 16)) (5.2.1)
Requirement already satisfied: dill==0.4.0 in ./venv312/lib/python3.12/site-packages (from -r requirements.txt (line 17)) (0.4.0)
Requirement already satisfied: docutils==0.21.2 in ./venv312/lib/python3.12/site-packages (from -r requirements.txt (line 18)) (0.21.2)
Requirement already satisfied: EMD-signal==1.6.4 in ./venv312/lib/python3.12/site-packages (from -r requirements.txt (line 19)) (1.6.4)
Requirement already satisfied: exceptiongroup==1.3.0 in ./venv312/lib/python3.12/site-packages (from -r requirements.txt (line 20)) (1.3.0)
Requirement already satisfied: flatbuffers==25.12.19 in ./venv312/lib/python3.12/site-packages (from -r requirements.txt (line 21)) (25.12.19)
Requirement already satisfied: fonttools==4.60.1 in ./venv312/lib/python3.12/site-packages (from -r requirements.txt (line 22)) (4.60.1)
Requirement already satisfied: gast==0.7.0 in ./venv312/lib/python3.12/site-packages (from -r requirements.txt (line 23)) (0.7.0)
Requirement already satisfied: google-pasta==0.2.0 in ./venv312/lib/python3.12/site-packages (from -r requirements.txt (line 24)) (0.2.0)
Requirement already satisfied: grpcio==1.78.0 in ./venv312/lib/python3.12/site-packages (from -r requirements.txt (line 25)) (1.78.0)
Requirement already satisfied: h5py==3.15.1 in ./venv312/lib/python3.12/site-packages (from -r requirements.txt (line 26)) (3.15.1)
Requirement already satisfied: id==1.5.0 in ./venv312/lib/python3.12/site-packages (from -r requirements.txt (line 27)) (1.5.0)
Requirement already satisfied: idna==3.10 in ./venv312/lib/python3.12/site-packages (from -r requirements.txt (line 28)) (3.10)
Requirement already satisfied: imagesize==1.4.1 in ./venv312/lib/python3.12/site-packages (from -r requirements.txt (line 29)) (1.4.1)
Requirement already satisfied: importlib_metadata==8.7.0 in ./venv312/lib/python3.12/site-packages (from -r requirements.txt (line 30)) (8.7.0)
Requirement already satisfied: iniconfig==2.1.0 in ./venv312/lib/python3.12/site-packages (from -r requirements.txt (line 31)) (2.1.0)
Requirement already satisfied: jaraco.classes==3.4.0 in ./venv312/lib/python3.12/site-packages (from -r requirements.txt (line 32)) (3.4.0)
Requirement already satisfied: jaraco.context==6.0.1 in ./venv312/lib/python3.12/site-packages (from -r requirements.txt (line 33)) (6.0.1)
Requirement already satisfied: jaraco.functools==4.3.0 in ./venv312/lib/python3.12/site-packages (from -r requirements.txt (line 34)) (4.3.0)
Requirement already satisfied: Jinja2==3.1.6 in ./venv312/lib/python3.12/site-packages (from -r requirements.txt (line 35)) (3.1.6)
Requirement already satisfied: joblib==1.5.2 in ./venv312/lib/python3.12/site-packages (from -r requirements.txt (line 36)) (1.5.2)
Requirement already satisfied: keras==3.12.1 in ./venv312/lib/python3.12/site-packages (from -r requirements.txt (line 37)) (3.12.1)
Requirement already satisfied: keyring==25.6.0 in ./venv312/lib/python3.12/site-packages (from -r requirements.txt (line 38)) (25.6.0)
Requirement already satisfied: kiwisolver==1.4.9 in ./venv312/lib/python3.12/site-packages (from -r requirements.txt (line 39)) (1.4.9)
Requirement already satisfied: lazy_loader==0.4 in ./venv312/lib/python3.12/site-packages (from -r requirements.txt (line 40)) (0.4)
Requirement already satisfied: lexid==2021.1006 in ./venv312/lib/python3.12/site-packages (from -r requirements.txt (line 41)) (2021.1006)
Requirement already satisfied: libclang==18.1.1 in ./venv312/lib/python3.12/site-packages (from -r requirements.txt (line 42)) (18.1.1)
Requirement already satisfied: Markdown==3.10.2 in ./venv312/lib/python3.12/site-packages (from -r requirements.txt (line 43)) (3.10.2)
Requirement already satisfied: markdown-it-py==3.0.0 in ./venv312/lib/python3.12/site-packages (from -r requirements.txt (line 44)) (3.0.0)
Requirement already satisfied: MarkupSafe==3.0.3 in ./venv312/lib/python3.12/site-packages (from -r requirements.txt (line 45)) (3.0.3)
Requirement already satisfied: matplotlib==3.10.6 in ./venv312/lib/python3.12/site-packages (from -r requirements.txt (line 46)) (3.10.6)
Requirement already satisfied: mdit-py-plugins==0.5.0 in ./venv312/lib/python3.12/site-packages (from -r requirements.txt (line 47)) (0.5.0)
Requirement already satisfied: mdurl==0.1.2 in ./venv312/lib/python3.12/site-packages (from -r requirements.txt (line 48)) (0.1.2)
Requirement already satisfied: ml_dtypes==0.5.4 in ./venv312/lib/python3.12/site-packages (from -r requirements.txt (line 49)) (0.5.4)
Requirement already satisfied: mne==1.10.2 in ./venv312/lib/python3.12/site-packages (from -r requirements.txt (line 50)) (1.10.2)
Requirement already satisfied: more-itertools==10.8.0 in ./venv312/lib/python3.12/site-packages (from -r requirements.txt (line 51)) (10.8.0)
Requirement already satisfied: multiprocess==0.70.18 in ./venv312/lib/python3.12/site-packages (from -r requirements.txt (line 52)) (0.70.18)
Requirement already satisfied: myst-parser==4.0.1 in ./venv312/lib/python3.12/site-packages (from -r requirements.txt (line 53)) (4.0.1)
Requirement already satisfied: namex==0.1.0 in ./venv312/lib/python3.12/site-packages (from -r requirements.txt (line 54)) (0.1.0)
Requirement already satisfied: nh3==0.3.0 in ./venv312/lib/python3.12/site-packages (from -r requirements.txt (line 55)) (0.3.0)
Requirement already satisfied: numpy==2.2.6 in ./venv312/lib/python3.12/site-packages (from -r requirements.txt (line 56)) (2.2.6)
Requirement already satisfied: opt_einsum==3.4.0 in ./venv312/lib/python3.12/site-packages (from -r requirements.txt (line 57)) (3.4.0)
Requirement already satisfied: optree==0.18.0 in ./venv312/lib/python3.12/site-packages (from -r requirements.txt (line 58)) (0.18.0)
Requirement already satisfied: packaging==25.0 in ./venv312/lib/python3.12/site-packages (from -r requirements.txt (line 59)) (25.0)
Requirement already satisfied: pandas==2.3.2 in ./venv312/lib/python3.12/site-packages (from -r requirements.txt (line 60)) (2.3.2)
Requirement already satisfied: pathos==0.3.4 in ./venv312/lib/python3.12/site-packages (from -r requirements.txt (line 61)) (0.3.4)
Requirement already satisfied: pillow==11.3.0 in ./venv312/lib/python3.12/site-packages (from -r requirements.txt (line 62)) (11.3.0)
Requirement already satisfied: pip-tools==7.5.1 in ./venv312/lib/python3.12/site-packages (from -r requirements.txt (line 63)) (7.5.1)
Requirement already satisfied: platformdirs==4.5.0 in ./venv312/lib/python3.12/site-packages (from -r requirements.txt (line 64)) (4.5.0)
Requirement already satisfied: pluggy==1.6.0 in ./venv312/lib/python3.12/site-packages (from -r requirements.txt (line 65)) (1.6.0)
Requirement already satisfied: pockets==0.9.1 in ./venv312/lib/python3.12/site-packages (from -r requirements.txt (line 66)) (0.9.1)
Requirement already satisfied: pooch==1.8.2 in ./venv312/lib/python3.12/site-packages (from -r requirements.txt (line 67)) (1.8.2)
Requirement already satisfied: pox==0.3.6 in ./venv312/lib/python3.12/site-packages (from -r requirements.txt (line 68)) (0.3.6)
Requirement already satisfied: ppft==1.7.7 in ./venv312/lib/python3.12/site-packages (from -r requirements.txt (line 69)) (1.7.7)
Requirement already satisfied: protobuf==6.33.5 in ./venv312/lib/python3.12/site-packages (from -r requirements.txt (line 70)) (6.33.5)
Requirement already satisfied: Pygments==2.19.2 in ./venv312/lib/python3.12/site-packages (from -r requirements.txt (line 71)) (2.19.2)
Requirement already satisfied: pyparsing==3.2.5 in ./venv312/lib/python3.12/site-packages (from -r requirements.txt (line 72)) (3.2.5)
Requirement already satisfied: pyproject_hooks==1.2.0 in ./venv312/lib/python3.12/site-packages (from -r requirements.txt (line 73)) (1.2.0)
Requirement already satisfied: pytest==8.4.2 in ./venv312/lib/python3.12/site-packages (from -r requirements.txt (line 74)) (8.4.2)
Requirement already satisfied: pytest-cov==7.0.0 in ./venv312/lib/python3.12/site-packages (from -r requirements.txt (line 75)) (7.0.0)
Requirement already satisfied: python-dateutil==2.9.0.post0 in ./venv312/lib/python3.12/site-packages (from -r requirements.txt (line 76)) (2.9.0.post0)
Requirement already satisfied: pytz==2025.2 in ./venv312/lib/python3.12/site-packages (from -r requirements.txt (line 77)) (2025.2)
Requirement already satisfied: PyWavelets==1.8.0 in ./venv312/lib/python3.12/site-packages (from -r requirements.txt (line 78)) (1.8.0)
Requirement already satisfied: PyYAML==6.0.3 in ./venv312/lib/python3.12/site-packages (from -r requirements.txt (line 79)) (6.0.3)
Requirement already satisfied: readme_renderer==44.0 in ./venv312/lib/python3.12/site-packages (from -r requirements.txt (line 80)) (44.0)
Requirement already satisfied: requests==2.32.5 in ./venv312/lib/python3.12/site-packages (from -r requirements.txt (line 81)) (2.32.5)
Requirement already satisfied: requests-toolbelt==1.0.0 in ./venv312/lib/python3.12/site-packages (from -r requirements.txt (line 82)) (1.0.0)
Requirement already satisfied: rfc3986==2.0.0 in ./venv312/lib/python3.12/site-packages (from -r requirements.txt (line 83)) (2.0.0)
Requirement already satisfied: rich==14.1.0 in ./venv312/lib/python3.12/site-packages (from -r requirements.txt (line 84)) (14.1.0)
Requirement already satisfied: scikit-learn==1.7.2 in ./venv312/lib/python3.12/site-packages (from -r requirements.txt (line 85)) (1.7.2)
Requirement already satisfied: scipy==1.15.3 in ./venv312/lib/python3.12/site-packages (from -r requirements.txt (line 86)) (1.15.3)
Requirement already satisfied: six==1.17.0 in ./venv312/lib/python3.12/site-packages (from -r requirements.txt (line 87)) (1.17.0)
Requirement already satisfied: snowballstemmer==3.0.1 in ./venv312/lib/python3.12/site-packages (from -r requirements.txt (line 88)) (3.0.1)
Requirement already satisfied: Sphinx==8.1.3 in ./venv312/lib/python3.12/site-packages (from -r requirements.txt (line 89)) (8.1.3)
Requirement already satisfied: sphinx-autodoc-typehints==3.0.1 in ./venv312/lib/python3.12/site-packages (from -r requirements.txt (line 90)) (3.0.1)
Requirement already satisfied: sphinx-rtd-theme==3.0.2 in ./venv312/lib/python3.12/site-packages (from -r requirements.txt (line 91)) (3.0.2)
Requirement already satisfied: sphinxcontrib-applehelp==2.0.0 in ./venv312/lib/python3.12/site-packages (from -r requirements.txt (line 92)) (2.0.0)
Requirement already satisfied: sphinxcontrib-devhelp==2.0.0 in ./venv312/lib/python3.12/site-packages (from -r requirements.txt (line 93)) (2.0.0)
Requirement already satisfied: sphinxcontrib-htmlhelp==2.1.0 in ./venv312/lib/python3.12/site-packages (from -r requirements.txt (line 94)) (2.1.0)
Requirement already satisfied: sphinxcontrib-jquery==4.1 in ./venv312/lib/python3.12/site-packages (from -r requirements.txt (line 95)) (4.1)
Requirement already satisfied: sphinxcontrib-jsmath==1.0.1 in ./venv312/lib/python3.12/site-packages (from -r requirements.txt (line 96)) (1.0.1)
Requirement already satisfied: sphinxcontrib-napoleon==0.7 in ./venv312/lib/python3.12/site-packages (from -r requirements.txt (line 97)) (0.7)
Requirement already satisfied: sphinxcontrib-qthelp==2.0.0 in ./venv312/lib/python3.12/site-packages (from -r requirements.txt (line 98)) (2.0.0)
Requirement already satisfied: sphinxcontrib-serializinghtml==2.0.0 in ./venv312/lib/python3.12/site-packages (from -r requirements.txt (line 99)) (2.0.0)
Requirement already satisfied: tensorboard==2.20.0 in ./venv312/lib/python3.12/site-packages (from -r requirements.txt (line 100)) (2.20.0)
Requirement already satisfied: tensorboard-data-server==0.7.2 in ./venv312/lib/python3.12/site-packages (from -r requirements.txt (line 101)) (0.7.2)
Requirement already satisfied: tensorflow==2.20.0 in ./venv312/lib/python3.12/site-packages (from -r requirements.txt (line 102)) (2.20.0)
Requirement already satisfied: termcolor==3.3.0 in ./venv312/lib/python3.12/site-packages (from -r requirements.txt (line 103)) (3.3.0)
Requirement already satisfied: threadpoolctl==3.6.0 in ./venv312/lib/python3.12/site-packages (from -r requirements.txt (line 104)) (3.6.0)
Requirement already satisfied: toml==0.10.2 in ./venv312/lib/python3.12/site-packages (from -r requirements.txt (line 105)) (0.10.2)
Requirement already satisfied: tomli==2.2.1 in ./venv312/lib/python3.12/site-packages (from -r requirements.txt (line 106)) (2.2.1)
Requirement already satisfied: tqdm==4.67.1 in ./venv312/lib/python3.12/site-packages (from -r requirements.txt (line 107)) (4.67.1)
Requirement already satisfied: twine==6.2.0 in ./venv312/lib/python3.12/site-packages (from -r requirements.txt (line 108)) (6.2.0)
Requirement already satisfied: typing_extensions==4.15.0 in ./venv312/lib/python3.12/site-packages (from -r requirements.txt (line 109)) (4.15.0)
Requirement already satisfied: tzdata==2025.2 in ./venv312/lib/python3.12/site-packages (from -r requirements.txt (line 110)) (2025.2)
Requirement already satisfied: urllib3==2.5.0 in ./venv312/lib/python3.12/site-packages (from -r requirements.txt (line 111)) (2.5.0)
Requirement already satisfied: Werkzeug==3.1.6 in ./venv312/lib/python3.12/site-packages (from -r requirements.txt (line 112)) (3.1.6)
Requirement already satisfied: wrapt==2.1.1 in ./venv312/lib/python3.12/site-packages (from -r requirements.txt (line 113)) (2.1.1)
Requirement already satisfied: zipp==3.23.0 in ./venv312/lib/python3.12/site-packages (from -r requirements.txt (line 114)) (3.23.0)
Requirement already satisfied: wheel<1.0,>=0.23.0 in ./venv312/lib/python3.12/site-packages (from astunparse==1.6.3->-r requirements.txt (line 3)) (0.47.0)
Requirement already satisfied: setuptools in ./venv312/lib/python3.12/site-packages (from coverage-badge==1.1.2->-r requirements.txt (line 14)) (83.0.0)
Requirement already satisfied: SecretStorage>=3.2 in ./venv312/lib/python3.12/site-packages (from keyring==25.6.0->-r requirements.txt (line 38)) (3.5.0)
Requirement already satisfied: jeepney>=0.4.2 in ./venv312/lib/python3.12/site-packages (from keyring==25.6.0->-r requirements.txt (line 38)) (0.9.0)
Requirement already satisfied: pip>=22.2 in ./venv312/lib/python3.12/site-packages (from pip-tools==7.5.1->-r requirements.txt (line 63)) (26.1.2)
Requirement already satisfied: cryptography>=2.0 in ./venv312/lib/python3.12/site-packages (from SecretStorage>=3.2->keyring==25.6.0->-r requirements.txt (line 38)) (49.0.0)
Requirement already satisfied: cffi>=2.0.0 in ./venv312/lib/python3.12/site-packages (from cryptography>=2.0->SecretStorage>=3.2->keyring==25.6.0->-r requirements.txt (line 38)) (2.1.0)
Requirement already satisfied: pycparser in ./venv312/lib/python3.12/site-packages (from cffi>=2.0.0->cryptography>=2.0->SecretStorage>=3.2->keyring==25.6.0->-r requirements.txt (line 38)) (3.0)
Job ID: 59472100
Node: g181008.ll.unc.edu
Python: /nas/longleaf/home/inserra/EEGProc/venv312/bin/python
Virtual environment: /nas/longleaf/home/inserra/EEGProc/venv312
Module CUDA root: /nas/longleaf/rhel9/apps/cuda/12.9
XLA CUDA root: /nas/longleaf/rhel9/apps/cuda/12.9
libdevice: /nas/longleaf/rhel9/apps/cuda/12.9/nvvm/libdevice/libdevice.10.bc
XLA_FLAGS: --xla_gpu_cuda_data_dir=/nas/longleaf/rhel9/apps/cuda/12.9
Python 3.12.4
Sun Jul 19 05:11:45 2026       
+-----------------------------------------------------------------------------------------+
| NVIDIA-SMI 595.58.03              Driver Version: 595.58.03      CUDA Version: 13.2     |
+-----------------------------------------+------------------------+----------------------+
| GPU  Name                 Persistence-M | Bus-Id          Disp.A | Volatile Uncorr. ECC |
| Fan  Temp   Perf          Pwr:Usage/Cap |           Memory-Usage | GPU-Util  Compute M. |
|                                         |                        |               MIG M. |
|=========================================+========================+======================|
|   0  NVIDIA L40S                    On  |   00000000:1A:00.0 Off |                    0 |
| N/A   34C    P8             32W /  350W |       0MiB /  46068MiB |      0%      Default |
|                                         |                        |                  N/A |
+-----------------------------------------+------------------------+----------------------+
|   1  NVIDIA L40S                    On  |   00000000:1B:00.0 Off |                    0 |
| N/A   29C    P8             31W /  350W |       0MiB /  46068MiB |      0%      Default |
|                                         |                        |                  N/A |
+-----------------------------------------+------------------------+----------------------+
|   2  NVIDIA L40S                    On  |   00000000:1C:00.0 Off |                    0 |
| N/A   31C    P8             32W /  350W |       0MiB /  46068MiB |      0%      Default |
|                                         |                        |                  N/A |
+-----------------------------------------+------------------------+----------------------+
|   3  NVIDIA L40S                    On  |   00000000:B5:00.0 Off |                    0 |
| N/A   28C    P8             32W /  350W |       0MiB /  46068MiB |      0%      Default |
|                                         |                        |                  N/A |
+-----------------------------------------+------------------------+----------------------+

+-----------------------------------------------------------------------------------------+
| Processes:                                                                              |
|  GPU   GI   CI              PID   Type   Process name                        GPU Memory |
|        ID   ID                                                               Usage      |
|=========================================================================================|
|  No running processes found                                                             |
+-----------------------------------------------------------------------------------------+
Python executable: /nas/longleaf/home/inserra/EEGProc/venv312/bin/python
Virtual environment: /nas/longleaf/home/inserra/EEGProc/venv312
User site enabled: False
TensorFlow version: 2.20.0
TensorFlow location: /nas/longleaf/home/inserra/EEGProc/venv312/lib/python3.12/site-packages/tensorflow/__init__.py
XLA_FLAGS: --xla_gpu_cuda_data_dir=/nas/longleaf/rhel9/apps/cuda/12.9
Available GPUs: [PhysicalDevice(name='/physical_device:GPU:0', device_type='GPU'), PhysicalDevice(name='/physical_device:GPU:1', device_type='GPU'), PhysicalDevice(name='/physical_device:GPU:2', device_type='GPU'), PhysicalDevice(name='/physical_device:GPU:3', device_type='GPU')]
Resolved libdevice: /nas/longleaf/rhel9/apps/cuda/12.9/nvvm/libdevice/libdevice.10.bc
GPU exp-gradient test: [1.        2.7182817]
2026-07-19 05:12:25,744 | INFO | Starting joint-model v2 training run in runs/joint_autoencoder_vc_v2/GCN/joint_v2_dreamer_valence_gcn_20260719_051225
2026-07-19 05:12:25,744 | INFO | Encoder type: gcn
2026-07-19 05:12:25,744 | INFO | Feature shape: (6210, 512, 14)
2026-07-19 05:12:25,744 | INFO | Channel-band grid: 14 channels x 1 bands
2026-07-19 05:12:25,745 | INFO | Unique subjects: 23
2026-07-19 05:12:25,746 | INFO | Unique subject/trial pairs: 414

Flat LOSO hyperparameter search — 8 configurations, 23 folds each
Total available subjects: 23
Total LOSO model fits: 184
Requested metrics: ['accuracy', 'f1', 'precision', 'recall']
Configuration selection: trial-level accuracy (maximize)
Primary reported metrics: trial-level
Prediction logging: True
Variational interval logging: False
Prediction latent mode: MC average over 10 latent sample(s)
Fold workers: 4
Worker devices: GPUs [0, 1, 2, 3]

################################################################################
Configuration 1 / 8 (23 LOSO fits)
Configuration:
{   'epochs': 200,
    'batch_size': 64,
    'learning_rate': 0.0001,
    'ae_loss_weight': 0.3,
    'vc_loss_weight': 0.7,
    'vae_beta': 1.0,
    't_down': 2,
    'emb_dim': 16,
    'dropout': 0.2,
    'gcn_units': [16, 32],
    'temporal_pool_sizes': [2],
    'activation': 'relu',
    'use_batch_norm': False,
    'bilstm_units': 128,
    'bilstm_layers': 2,
    'bilstm_dropout': 0.2}
[LOSOConfig1Worker-1] initialized on GPU 0 (CUDA_VISIBLE_DEVICES=0)
[LOSOConfig1Worker-2] initialized on GPU 1 (CUDA_VISIBLE_DEVICES=1)
[LOSOConfig1Worker-3] initialized on GPU 2 (CUDA_VISIBLE_DEVICES=2)

[Fold   1 / 23] LOSO test subject=0 (train=5940, test=270 windows)

[Fold   2 / 23] LOSO test subject=1 (train=5940, test=270 windows)

[Fold   3 / 23] LOSO test subject=2 (train=5940, test=270 windows)
[LOSOConfig1Worker-4] initialized on GPU 3 (CUDA_VISIBLE_DEVICES=3)

[Fold   4 / 23] LOSO test subject=3 (train=5940, test=270 windows)
Epoch 1/200
Epoch 1/200
Epoch 1/200
Epoch 1/200
93/93 - 265s - 3s/step - accuracy: 0.6007 - autoencoder_loss: 46.2174 - kl_loss: 45.1088 - loss: 99.2309 - reconstruction_loss: 1.1086 - vc_loss: 121.9509 - weighted_kl_loss: 45.1088
Epoch 2/200
93/93 - 267s - 3s/step - accuracy: 0.6002 - autoencoder_loss: 36.2559 - kl_loss: 35.1601 - loss: 115.3853 - reconstruction_loss: 1.0958 - vc_loss: 149.2979 - weighted_kl_loss: 35.1601
Epoch 2/200
93/93 - 268s - 3s/step - accuracy: 0.6067 - autoencoder_loss: 33.5188 - kl_loss: 32.4864 - loss: 110.4646 - reconstruction_loss: 1.0324 - vc_loss: 143.4414 - weighted_kl_loss: 32.4864
Epoch 2/200
93/93 - 272s - 3s/step - accuracy: 0.5985 - autoencoder_loss: 43.9633 - kl_loss: 42.8471 - loss: 110.2552 - reconstruction_loss: 1.1163 - vc_loss: 138.6660 - weighted_kl_loss: 42.8471
Epoch 2/200
93/93 - 51s - 554ms/step - accuracy: 0.6061 - autoencoder_loss: 31.5001 - kl_loss: 30.4698 - loss: 31.8706 - reconstruction_loss: 1.0303 - vc_loss: 32.0294 - weighted_kl_loss: 30.4698
Epoch 3/200
93/93 - 52s - 559ms/step - accuracy: 0.6212 - autoencoder_loss: 30.2731 - kl_loss: 29.2486 - loss: 31.6373 - reconstruction_loss: 1.0245 - vc_loss: 32.2220 - weighted_kl_loss: 29.2486
Epoch 3/200
93/93 - 52s - 560ms/step - accuracy: 0.6136 - autoencoder_loss: 27.7047 - kl_loss: 26.6962 - loss: 31.3485 - reconstruction_loss: 1.0085 - vc_loss: 32.9101 - weighted_kl_loss: 26.6962
Epoch 3/200
93/93 - 52s - 562ms/step - accuracy: 0.6035 - autoencoder_loss: 33.7819 - kl_loss: 32.7502 - loss: 32.7369 - reconstruction_loss: 1.0317 - vc_loss: 32.2890 - weighted_kl_loss: 32.7502
Epoch 3/200
93/93 - 52s - 558ms/step - accuracy: 0.6061 - autoencoder_loss: 21.0892 - kl_loss: 20.0769 - loss: 26.1391 - reconstruction_loss: 1.0123 - vc_loss: 28.3033 - weighted_kl_loss: 20.0769
Epoch 4/200
93/93 - 53s - 565ms/step - accuracy: 0.6212 - autoencoder_loss: 22.7733 - kl_loss: 21.7638 - loss: 27.0569 - reconstruction_loss: 1.0094 - vc_loss: 28.8927 - weighted_kl_loss: 21.7638
Epoch 4/200
93/93 - 52s - 557ms/step - accuracy: 0.6136 - autoencoder_loss: 20.3710 - kl_loss: 19.3680 - loss: 25.8550 - reconstruction_loss: 1.0030 - vc_loss: 28.2053 - weighted_kl_loss: 19.3680
Epoch 4/200
93/93 - 52s - 558ms/step - accuracy: 0.6035 - autoencoder_loss: 23.9644 - kl_loss: 22.9525 - loss: 26.8345 - reconstruction_loss: 1.0119 - vc_loss: 28.0646 - weighted_kl_loss: 22.9525
Epoch 4/200
93/93 - 51s - 549ms/step - accuracy: 0.6061 - autoencoder_loss: 16.0550 - kl_loss: 15.0493 - loss: 23.2523 - reconstruction_loss: 1.0057 - vc_loss: 26.3369 - weighted_kl_loss: 15.0493
Epoch 5/200
93/93 - 51s - 546ms/step - accuracy: 0.6212 - autoencoder_loss: 17.9838 - kl_loss: 16.9794 - loss: 22.3191 - reconstruction_loss: 1.0044 - vc_loss: 24.1771 - weighted_kl_loss: 16.9794
Epoch 5/200
93/93 - 50s - 539ms/step - accuracy: 0.6136 - autoencoder_loss: 15.3822 - kl_loss: 14.3803 - loss: 22.4582 - reconstruction_loss: 1.0019 - vc_loss: 25.4907 - weighted_kl_loss: 14.3803
Epoch 5/200
93/93 - 51s - 549ms/step - accuracy: 0.6035 - autoencoder_loss: 19.0289 - kl_loss: 18.0244 - loss: 23.1389 - reconstruction_loss: 1.0045 - vc_loss: 24.9003 - weighted_kl_loss: 18.0244
Epoch 5/200
93/93 - 52s - 558ms/step - accuracy: 0.6061 - autoencoder_loss: 13.3654 - kl_loss: 12.3628 - loss: 19.9943 - reconstruction_loss: 1.0026 - vc_loss: 22.8353 - weighted_kl_loss: 12.3628
Epoch 6/200
93/93 - 51s - 554ms/step - accuracy: 0.6136 - autoencoder_loss: 12.4623 - kl_loss: 11.4615 - loss: 19.4220 - reconstruction_loss: 1.0008 - vc_loss: 22.4047 - weighted_kl_loss: 11.4615
Epoch 6/200
93/93 - 53s - 570ms/step - accuracy: 0.6212 - autoencoder_loss: 13.8634 - kl_loss: 12.8601 - loss: 17.9276 - reconstruction_loss: 1.0033 - vc_loss: 19.6694 - weighted_kl_loss: 12.8601
Epoch 6/200
93/93 - 52s - 557ms/step - accuracy: 0.6035 - autoencoder_loss: 15.7371 - kl_loss: 14.7355 - loss: 19.7763 - reconstruction_loss: 1.0016 - vc_loss: 21.5073 - weighted_kl_loss: 14.7355
Epoch 6/200
93/93 - 50s - 536ms/step - accuracy: 0.6136 - autoencoder_loss: 10.2069 - kl_loss: 9.2064 - loss: 17.5140 - reconstruction_loss: 1.0005 - vc_loss: 20.6457 - weighted_kl_loss: 9.2064
Epoch 7/200
93/93 - 52s - 555ms/step - accuracy: 0.6061 - autoencoder_loss: 11.2599 - kl_loss: 10.2581 - loss: 16.5778 - reconstruction_loss: 1.0018 - vc_loss: 18.8568 - weighted_kl_loss: 10.2581
Epoch 7/200
93/93 - 50s - 540ms/step - accuracy: 0.6212 - autoencoder_loss: 10.6110 - kl_loss: 9.6096 - loss: 15.8086 - reconstruction_loss: 1.0015 - vc_loss: 18.0361 - weighted_kl_loss: 9.6096
Epoch 7/200
93/93 - 51s - 545ms/step - accuracy: 0.6035 - autoencoder_loss: 14.2864 - kl_loss: 13.2851 - loss: 17.3848 - reconstruction_loss: 1.0013 - vc_loss: 18.7127 - weighted_kl_loss: 13.2851
Epoch 7/200
93/93 - 51s - 547ms/step - accuracy: 0.6136 - autoencoder_loss: 8.4662 - kl_loss: 7.4653 - loss: 16.7509 - reconstruction_loss: 1.0009 - vc_loss: 20.3015 - weighted_kl_loss: 7.4653
Epoch 8/200
93/93 - 52s - 561ms/step - accuracy: 0.6061 - autoencoder_loss: 9.3746 - kl_loss: 8.3739 - loss: 15.5643 - reconstruction_loss: 1.0007 - vc_loss: 18.2170 - weighted_kl_loss: 8.3739
Epoch 8/200
93/93 - 53s - 565ms/step - accuracy: 0.6212 - autoencoder_loss: 9.6778 - kl_loss: 8.6766 - loss: 14.6963 - reconstruction_loss: 1.0011 - vc_loss: 16.8471 - weighted_kl_loss: 8.6766
Epoch 8/200
93/93 - 52s - 554ms/step - accuracy: 0.6035 - autoencoder_loss: 13.0679 - kl_loss: 12.0670 - loss: 15.1568 - reconstruction_loss: 1.0010 - vc_loss: 16.0520 - weighted_kl_loss: 12.0670
Epoch 8/200
93/93 - 50s - 541ms/step - accuracy: 0.6136 - autoencoder_loss: 7.5092 - kl_loss: 6.5095 - loss: 13.9658 - reconstruction_loss: 0.9997 - vc_loss: 16.7330 - weighted_kl_loss: 6.5095
Epoch 9/200
93/93 - 51s - 553ms/step - accuracy: 0.6061 - autoencoder_loss: 7.9009 - kl_loss: 6.9007 - loss: 12.2231 - reconstruction_loss: 1.0002 - vc_loss: 14.0755 - weighted_kl_loss: 6.9007
Epoch 9/200
93/93 - 51s - 552ms/step - accuracy: 0.6212 - autoencoder_loss: 9.4746 - kl_loss: 8.4743 - loss: 13.8109 - reconstruction_loss: 1.0003 - vc_loss: 15.6693 - weighted_kl_loss: 8.4743
Epoch 9/200
93/93 - 51s - 551ms/step - accuracy: 0.6035 - autoencoder_loss: 10.8203 - kl_loss: 9.8187 - loss: 13.8596 - reconstruction_loss: 1.0016 - vc_loss: 15.1622 - weighted_kl_loss: 9.8187
Epoch 9/200
93/93 - 51s - 546ms/step - accuracy: 0.6136 - autoencoder_loss: 6.9116 - kl_loss: 5.9104 - loss: 15.0096 - reconstruction_loss: 1.0012 - vc_loss: 18.4801 - weighted_kl_loss: 5.9104
Epoch 10/200
93/93 - 52s - 556ms/step - accuracy: 0.6061 - autoencoder_loss: 7.4143 - kl_loss: 6.4140 - loss: 11.4617 - reconstruction_loss: 1.0004 - vc_loss: 13.1963 - weighted_kl_loss: 6.4140
Epoch 10/200
93/93 - 52s - 560ms/step - accuracy: 0.6212 - autoencoder_loss: 9.2403 - kl_loss: 8.2403 - loss: 12.6641 - reconstruction_loss: 1.0000 - vc_loss: 14.1314 - weighted_kl_loss: 8.2403
Epoch 10/200
93/93 - 52s - 556ms/step - accuracy: 0.6035 - autoencoder_loss: 9.7154 - kl_loss: 8.7152 - loss: 13.0758 - reconstruction_loss: 1.0002 - vc_loss: 14.5159 - weighted_kl_loss: 8.7152
Epoch 10/200
93/93 - 51s - 545ms/step - accuracy: 0.6136 - autoencoder_loss: 6.8006 - kl_loss: 5.8011 - loss: 12.7224 - reconstruction_loss: 0.9995 - vc_loss: 15.2603 - weighted_kl_loss: 5.8011
Epoch 11/200
93/93 - 51s - 543ms/step - accuracy: 0.6061 - autoencoder_loss: 6.8875 - kl_loss: 5.8874 - loss: 10.8389 - reconstruction_loss: 1.0001 - vc_loss: 12.5324 - weighted_kl_loss: 5.8874
Epoch 11/200
93/93 - 51s - 552ms/step - accuracy: 0.6212 - autoencoder_loss: 9.0400 - kl_loss: 8.0398 - loss: 11.3871 - reconstruction_loss: 1.0002 - vc_loss: 12.3930 - weighted_kl_loss: 8.0398
Epoch 11/200
93/93 - 50s - 543ms/step - accuracy: 0.6035 - autoencoder_loss: 9.1974 - kl_loss: 8.1970 - loss: 13.0192 - reconstruction_loss: 1.0004 - vc_loss: 14.6572 - weighted_kl_loss: 8.1970
Epoch 11/200
93/93 - 52s - 556ms/step - accuracy: 0.6136 - autoencoder_loss: 6.3069 - kl_loss: 5.3064 - loss: 11.3708 - reconstruction_loss: 1.0004 - vc_loss: 13.5411 - weighted_kl_loss: 5.3064
Epoch 12/200
93/93 - 52s - 555ms/step - accuracy: 0.6061 - autoencoder_loss: 6.3956 - kl_loss: 5.3955 - loss: 10.0687 - reconstruction_loss: 1.0000 - vc_loss: 11.6429 - weighted_kl_loss: 5.3955
Epoch 12/200
93/93 - 52s - 558ms/step - accuracy: 0.6212 - autoencoder_loss: 8.7072 - kl_loss: 7.7076 - loss: 11.3947 - reconstruction_loss: 0.9996 - vc_loss: 12.5465 - weighted_kl_loss: 7.7076
Epoch 12/200
93/93 - 51s - 550ms/step - accuracy: 0.6035 - autoencoder_loss: 8.8576 - kl_loss: 7.8575 - loss: 11.2126 - reconstruction_loss: 1.0001 - vc_loss: 12.2219 - weighted_kl_loss: 7.8575
Epoch 12/200
93/93 - 51s - 548ms/step - accuracy: 0.6136 - autoencoder_loss: 5.7878 - kl_loss: 4.7877 - loss: 9.6308 - reconstruction_loss: 1.0001 - vc_loss: 11.2778 - weighted_kl_loss: 4.7877
Epoch 13/200
93/93 - 52s - 559ms/step - accuracy: 0.6061 - autoencoder_loss: 5.8270 - kl_loss: 4.8270 - loss: 9.4473 - reconstruction_loss: 1.0000 - vc_loss: 10.9989 - weighted_kl_loss: 4.8270
Epoch 13/200
93/93 - 53s - 565ms/step - accuracy: 0.6212 - autoencoder_loss: 8.5553 - kl_loss: 7.5542 - loss: 11.2367 - reconstruction_loss: 1.0011 - vc_loss: 12.3858 - weighted_kl_loss: 7.5542
Epoch 13/200
93/93 - 52s - 560ms/step - accuracy: 0.6035 - autoencoder_loss: 8.3717 - kl_loss: 7.3718 - loss: 10.2961 - reconstruction_loss: 0.9998 - vc_loss: 11.1208 - weighted_kl_loss: 7.3718
Epoch 13/200
93/93 - 52s - 561ms/step - accuracy: 0.6136 - autoencoder_loss: 5.3243 - kl_loss: 4.3243 - loss: 12.7596 - reconstruction_loss: 1.0000 - vc_loss: 15.9461 - weighted_kl_loss: 4.3243
Epoch 14/200
93/93 - 52s - 562ms/step - accuracy: 0.6061 - autoencoder_loss: 5.3280 - kl_loss: 4.3271 - loss: 9.1478 - reconstruction_loss: 1.0009 - vc_loss: 10.7848 - weighted_kl_loss: 4.3271
Epoch 14/200
93/93 - 53s - 565ms/step - accuracy: 0.6212 - autoencoder_loss: 8.4000 - kl_loss: 7.4012 - loss: 10.2856 - reconstruction_loss: 0.9988 - vc_loss: 11.0937 - weighted_kl_loss: 7.4012
Epoch 14/200
93/93 - 52s - 562ms/step - accuracy: 0.6035 - autoencoder_loss: 8.1024 - kl_loss: 7.1019 - loss: 10.7454 - reconstruction_loss: 1.0006 - vc_loss: 11.8781 - weighted_kl_loss: 7.1019
Epoch 14/200
93/93 - 52s - 559ms/step - accuracy: 0.6136 - autoencoder_loss: 5.2574 - kl_loss: 4.2574 - loss: 10.0411 - reconstruction_loss: 1.0000 - vc_loss: 12.0912 - weighted_kl_loss: 4.2574
Epoch 15/200
93/93 - 52s - 564ms/step - accuracy: 0.6061 - autoencoder_loss: 5.0570 - kl_loss: 4.0574 - loss: 8.0052 - reconstruction_loss: 0.9996 - vc_loss: 9.2688 - weighted_kl_loss: 4.0574
Epoch 15/200
93/93 - 52s - 558ms/step - accuracy: 0.6035 - autoencoder_loss: 7.9963 - kl_loss: 6.9961 - loss: 10.6407 - reconstruction_loss: 1.0002 - vc_loss: 11.7740 - weighted_kl_loss: 6.9961
Epoch 15/200
93/93 - 53s - 566ms/step - accuracy: 0.6212 - autoencoder_loss: 8.1382 - kl_loss: 7.1396 - loss: 10.3503 - reconstruction_loss: 0.9986 - vc_loss: 11.2984 - weighted_kl_loss: 7.1396
Epoch 15/200
93/93 - 52s - 555ms/step - accuracy: 0.6136 - autoencoder_loss: 5.1908 - kl_loss: 4.1912 - loss: 10.4223 - reconstruction_loss: 0.9995 - vc_loss: 12.6643 - weighted_kl_loss: 4.1912
Epoch 16/200
93/93 - 52s - 562ms/step - accuracy: 0.6061 - autoencoder_loss: 4.8170 - kl_loss: 3.8177 - loss: 7.5454 - reconstruction_loss: 0.9993 - vc_loss: 8.7147 - weighted_kl_loss: 3.8177
Epoch 16/200
93/93 - 52s - 562ms/step - accuracy: 0.6035 - autoencoder_loss: 7.8623 - kl_loss: 6.8622 - loss: 9.7074 - reconstruction_loss: 1.0001 - vc_loss: 10.4981 - weighted_kl_loss: 6.8622
Epoch 16/200
93/93 - 52s - 563ms/step - accuracy: 0.6212 - autoencoder_loss: 8.2153 - kl_loss: 7.2094 - loss: 8.5673 - reconstruction_loss: 1.0059 - vc_loss: 8.7182 - weighted_kl_loss: 7.2094
Epoch 16/200
93/93 - 52s - 558ms/step - accuracy: 0.6136 - autoencoder_loss: 5.1991 - kl_loss: 4.1997 - loss: 10.0765 - reconstruction_loss: 0.9994 - vc_loss: 12.1669 - weighted_kl_loss: 4.1997
Epoch 17/200
93/93 - 52s - 563ms/step - accuracy: 0.6061 - autoencoder_loss: 4.6681 - kl_loss: 3.6683 - loss: 7.2877 - reconstruction_loss: 0.9998 - vc_loss: 8.4103 - weighted_kl_loss: 3.6683
Epoch 17/200
93/93 - 52s - 562ms/step - accuracy: 0.6035 - autoencoder_loss: 7.7134 - kl_loss: 6.7136 - loss: 8.9866 - reconstruction_loss: 0.9998 - vc_loss: 9.5323 - weighted_kl_loss: 6.7136
Epoch 17/200
93/93 - 52s - 563ms/step - accuracy: 0.6212 - autoencoder_loss: 7.9396 - kl_loss: 6.9410 - loss: 8.2037 - reconstruction_loss: 0.9986 - vc_loss: 8.3168 - weighted_kl_loss: 6.9410
Epoch 17/200
93/93 - 51s - 553ms/step - accuracy: 0.6136 - autoencoder_loss: 5.1604 - kl_loss: 4.1606 - loss: 8.6728 - reconstruction_loss: 0.9998 - vc_loss: 10.1781 - weighted_kl_loss: 4.1606
Epoch 18/200
93/93 - 52s - 563ms/step - accuracy: 0.6061 - autoencoder_loss: 4.5110 - kl_loss: 3.5115 - loss: 7.0567 - reconstruction_loss: 0.9994 - vc_loss: 8.1477 - weighted_kl_loss: 3.5115
Epoch 18/200
93/93 - 52s - 564ms/step - accuracy: 0.6035 - autoencoder_loss: 7.7201 - kl_loss: 6.7197 - loss: 9.3426 - reconstruction_loss: 1.0004 - vc_loss: 10.0379 - weighted_kl_loss: 6.7197
Epoch 18/200
93/93 - 53s - 569ms/step - accuracy: 0.6212 - autoencoder_loss: 7.7555 - kl_loss: 6.7586 - loss: 7.9186 - reconstruction_loss: 0.9969 - vc_loss: 7.9885 - weighted_kl_loss: 6.7586
Epoch 18/200
93/93 - 52s - 560ms/step - accuracy: 0.6136 - autoencoder_loss: 5.0502 - kl_loss: 4.0506 - loss: 8.9914 - reconstruction_loss: 0.9995 - vc_loss: 10.6805 - weighted_kl_loss: 4.0506
Epoch 19/200
93/93 - 53s - 565ms/step - accuracy: 0.6061 - autoencoder_loss: 4.4048 - kl_loss: 3.4043 - loss: 6.5963 - reconstruction_loss: 1.0004 - vc_loss: 7.5356 - weighted_kl_loss: 3.4043
Epoch 19/200
93/93 - 52s - 564ms/step - accuracy: 0.6035 - autoencoder_loss: 7.4802 - kl_loss: 6.4803 - loss: 8.2139 - reconstruction_loss: 1.0000 - vc_loss: 8.5284 - weighted_kl_loss: 6.4803
Epoch 19/200
93/93 - 52s - 564ms/step - accuracy: 0.6212 - autoencoder_loss: 7.5582 - kl_loss: 6.5616 - loss: 8.0812 - reconstruction_loss: 0.9966 - vc_loss: 8.3053 - weighted_kl_loss: 6.5616
Epoch 19/200
93/93 - 51s - 548ms/step - accuracy: 0.6136 - autoencoder_loss: 4.9625 - kl_loss: 3.9631 - loss: 8.8785 - reconstruction_loss: 0.9994 - vc_loss: 10.5567 - weighted_kl_loss: 3.9631
Epoch 20/200
93/93 - 52s - 556ms/step - accuracy: 0.6061 - autoencoder_loss: 4.2810 - kl_loss: 3.2812 - loss: 6.4310 - reconstruction_loss: 0.9998 - vc_loss: 7.3524 - weighted_kl_loss: 3.2812
Epoch 20/200
93/93 - 52s - 554ms/step - accuracy: 0.6035 - autoencoder_loss: 7.3403 - kl_loss: 6.3407 - loss: 7.8819 - reconstruction_loss: 0.9996 - vc_loss: 8.1141 - weighted_kl_loss: 6.3407
Epoch 20/200
93/93 - 52s - 556ms/step - accuracy: 0.6212 - autoencoder_loss: 7.4462 - kl_loss: 6.4497 - loss: 7.5464 - reconstruction_loss: 0.9964 - vc_loss: 7.5894 - weighted_kl_loss: 6.4497
Epoch 20/200
93/93 - 49s - 525ms/step - accuracy: 0.6136 - autoencoder_loss: 4.9189 - kl_loss: 3.9190 - loss: 8.3048 - reconstruction_loss: 1.0000 - vc_loss: 9.7559 - weighted_kl_loss: 3.9190
Epoch 21/200
93/93 - 48s - 511ms/step - accuracy: 0.6035 - autoencoder_loss: 7.3730 - kl_loss: 6.3736 - loss: 8.7534 - reconstruction_loss: 0.9995 - vc_loss: 9.3449 - weighted_kl_loss: 6.3736
Epoch 21/200
93/93 - 50s - 534ms/step - accuracy: 0.6212 - autoencoder_loss: 7.2865 - kl_loss: 6.2906 - loss: 7.2517 - reconstruction_loss: 0.9960 - vc_loss: 7.2368 - weighted_kl_loss: 6.2906
Epoch 21/200
93/93 - 81s - 866ms/step - accuracy: 0.6061 - autoencoder_loss: 4.1465 - kl_loss: 3.1466 - loss: 6.2238 - reconstruction_loss: 0.9999 - vc_loss: 7.1140 - weighted_kl_loss: 3.1466
Epoch 21/200
93/93 - 49s - 525ms/step - accuracy: 0.6136 - autoencoder_loss: 4.6184 - kl_loss: 3.6188 - loss: 6.9348 - reconstruction_loss: 0.9996 - vc_loss: 7.9276 - weighted_kl_loss: 3.6188
Epoch 22/200
93/93 - 51s - 544ms/step - accuracy: 0.6035 - autoencoder_loss: 7.3036 - kl_loss: 6.3040 - loss: 7.8753 - reconstruction_loss: 0.9995 - vc_loss: 8.1203 - weighted_kl_loss: 6.3040
Epoch 22/200
93/93 - 51s - 544ms/step - accuracy: 0.6212 - autoencoder_loss: 7.0999 - kl_loss: 6.1041 - loss: 6.9656 - reconstruction_loss: 0.9958 - vc_loss: 6.9080 - weighted_kl_loss: 6.1041
Epoch 22/200
93/93 - 52s - 562ms/step - accuracy: 0.6061 - autoencoder_loss: 4.0202 - kl_loss: 3.0207 - loss: 6.1998 - reconstruction_loss: 0.9996 - vc_loss: 7.1339 - weighted_kl_loss: 3.0207
Epoch 22/200
93/93 - 51s - 551ms/step - accuracy: 0.6136 - autoencoder_loss: 4.4597 - kl_loss: 3.4601 - loss: 7.0878 - reconstruction_loss: 0.9996 - vc_loss: 8.2142 - weighted_kl_loss: 3.4601
Epoch 23/200
93/93 - 52s - 561ms/step - accuracy: 0.6035 - autoencoder_loss: 7.0546 - kl_loss: 6.0531 - loss: 7.4887 - reconstruction_loss: 1.0015 - vc_loss: 7.6747 - weighted_kl_loss: 6.0531
Epoch 23/200
93/93 - 52s - 557ms/step - accuracy: 0.6212 - autoencoder_loss: 7.0243 - kl_loss: 6.0307 - loss: 6.9008 - reconstruction_loss: 0.9936 - vc_loss: 6.8479 - weighted_kl_loss: 6.0307
Epoch 23/200
93/93 - 50s - 538ms/step - accuracy: 0.6061 - autoencoder_loss: 3.8995 - kl_loss: 2.8998 - loss: 6.5610 - reconstruction_loss: 0.9998 - vc_loss: 7.7017 - weighted_kl_loss: 2.8998
Epoch 23/200
93/93 - 52s - 556ms/step - accuracy: 0.6136 - autoencoder_loss: 4.3619 - kl_loss: 3.3622 - loss: 6.6247 - reconstruction_loss: 0.9998 - vc_loss: 7.5945 - weighted_kl_loss: 3.3622
Epoch 24/200
93/93 - 53s - 565ms/step - accuracy: 0.6035 - autoencoder_loss: 6.9480 - kl_loss: 5.9472 - loss: 6.5707 - reconstruction_loss: 1.0007 - vc_loss: 6.4091 - weighted_kl_loss: 5.9472
Epoch 24/200
93/93 - 52s - 557ms/step - accuracy: 0.6212 - autoencoder_loss: 6.8052 - kl_loss: 5.8116 - loss: 7.1829 - reconstruction_loss: 0.9935 - vc_loss: 7.3449 - weighted_kl_loss: 5.8116
Epoch 24/200
93/93 - 52s - 554ms/step - accuracy: 0.6061 - autoencoder_loss: 3.7517 - kl_loss: 2.7520 - loss: 5.9744 - reconstruction_loss: 0.9997 - vc_loss: 6.9270 - weighted_kl_loss: 2.7520
Epoch 24/200
93/93 - 51s - 552ms/step - accuracy: 0.6136 - autoencoder_loss: 4.4417 - kl_loss: 3.4422 - loss: 6.0724 - reconstruction_loss: 0.9995 - vc_loss: 6.7713 - weighted_kl_loss: 3.4422
Epoch 25/200
93/93 - 52s - 563ms/step - accuracy: 0.6035 - autoencoder_loss: 6.8003 - kl_loss: 5.8004 - loss: 6.7434 - reconstruction_loss: 0.9999 - vc_loss: 6.7190 - weighted_kl_loss: 5.8004
Epoch 25/200
93/93 - 53s - 565ms/step - accuracy: 0.6212 - autoencoder_loss: 6.8122 - kl_loss: 5.8189 - loss: 6.4704 - reconstruction_loss: 0.9933 - vc_loss: 6.3239 - weighted_kl_loss: 5.8189
Epoch 25/200
93/93 - 52s - 557ms/step - accuracy: 0.6061 - autoencoder_loss: 3.6660 - kl_loss: 2.6668 - loss: 6.0291 - reconstruction_loss: 0.9992 - vc_loss: 7.0419 - weighted_kl_loss: 2.6668
Epoch 25/200
93/93 - 50s - 535ms/step - accuracy: 0.6136 - autoencoder_loss: 4.3151 - kl_loss: 3.3145 - loss: 5.9569 - reconstruction_loss: 1.0006 - vc_loss: 6.6606 - weighted_kl_loss: 3.3145
Epoch 26/200
93/93 - 52s - 559ms/step - accuracy: 0.6035 - autoencoder_loss: 6.6949 - kl_loss: 5.6955 - loss: 6.8521 - reconstruction_loss: 0.9995 - vc_loss: 6.9195 - weighted_kl_loss: 5.6955
Epoch 26/200
93/93 - 52s - 563ms/step - accuracy: 0.6212 - autoencoder_loss: 6.5442 - kl_loss: 5.5501 - loss: 6.9384 - reconstruction_loss: 0.9940 - vc_loss: 7.1074 - weighted_kl_loss: 5.5501
Epoch 26/200
93/93 - 52s - 557ms/step - accuracy: 0.6061 - autoencoder_loss: 3.6285 - kl_loss: 2.6288 - loss: 5.3777 - reconstruction_loss: 0.9997 - vc_loss: 6.1274 - weighted_kl_loss: 2.6288
Epoch 26/200
93/93 - 51s - 548ms/step - accuracy: 0.6136 - autoencoder_loss: 4.0464 - kl_loss: 3.0457 - loss: 6.2154 - reconstruction_loss: 1.0007 - vc_loss: 7.1450 - weighted_kl_loss: 3.0457
Epoch 27/200
93/93 - 52s - 562ms/step - accuracy: 0.6035 - autoencoder_loss: 6.5459 - kl_loss: 5.5462 - loss: 6.3882 - reconstruction_loss: 0.9997 - vc_loss: 6.3206 - weighted_kl_loss: 5.5462
Epoch 27/200
93/93 - 53s - 569ms/step - accuracy: 0.6212 - autoencoder_loss: 6.4578 - kl_loss: 5.4662 - loss: 5.6286 - reconstruction_loss: 0.9916 - vc_loss: 5.2732 - weighted_kl_loss: 5.4662
Epoch 27/200
93/93 - 52s - 558ms/step - accuracy: 0.6061 - autoencoder_loss: 3.5007 - kl_loss: 2.5003 - loss: 5.6500 - reconstruction_loss: 1.0003 - vc_loss: 6.5711 - weighted_kl_loss: 2.5003
Epoch 27/200
93/93 - 51s - 553ms/step - accuracy: 0.6136 - autoencoder_loss: 3.9150 - kl_loss: 2.9160 - loss: 5.1262 - reconstruction_loss: 0.9990 - vc_loss: 5.6452 - weighted_kl_loss: 2.9160
Epoch 28/200
93/93 - 51s - 553ms/step - accuracy: 0.6035 - autoencoder_loss: 6.9299 - kl_loss: 5.9294 - loss: 6.1346 - reconstruction_loss: 1.0006 - vc_loss: 5.7938 - weighted_kl_loss: 5.9294
Epoch 28/200
93/93 - 52s - 560ms/step - accuracy: 0.6212 - autoencoder_loss: 6.2867 - kl_loss: 5.2955 - loss: 5.4481 - reconstruction_loss: 0.9912 - vc_loss: 5.0887 - weighted_kl_loss: 5.2955
Epoch 28/200
93/93 - 51s - 550ms/step - accuracy: 0.6061 - autoencoder_loss: 3.3796 - kl_loss: 2.3783 - loss: 5.5831 - reconstruction_loss: 1.0014 - vc_loss: 6.5275 - weighted_kl_loss: 2.3783
Epoch 28/200
93/93 - 50s - 534ms/step - accuracy: 0.6136 - autoencoder_loss: 3.8681 - kl_loss: 2.8684 - loss: 4.8497 - reconstruction_loss: 0.9997 - vc_loss: 5.2704 - weighted_kl_loss: 2.8684
Epoch 29/200
93/93 - 52s - 561ms/step - accuracy: 0.6035 - autoencoder_loss: 6.9009 - kl_loss: 5.9014 - loss: 6.6662 - reconstruction_loss: 0.9994 - vc_loss: 6.5656 - weighted_kl_loss: 5.9014
Epoch 29/200
93/93 - 51s - 553ms/step - accuracy: 0.6212 - autoencoder_loss: 6.1842 - kl_loss: 5.1940 - loss: 5.3449 - reconstruction_loss: 0.9903 - vc_loss: 4.9852 - weighted_kl_loss: 5.1940
Epoch 29/200
93/93 - 52s - 562ms/step - accuracy: 0.6061 - autoencoder_loss: 3.2313 - kl_loss: 2.2316 - loss: 4.8011 - reconstruction_loss: 0.9996 - vc_loss: 5.4739 - weighted_kl_loss: 2.2316
Epoch 29/200
93/93 - 51s - 553ms/step - accuracy: 0.6136 - autoencoder_loss: 3.8738 - kl_loss: 2.8742 - loss: 8.4068 - reconstruction_loss: 0.9996 - vc_loss: 10.3496 - weighted_kl_loss: 2.8742
Epoch 30/200
93/93 - 52s - 554ms/step - accuracy: 0.6035 - autoencoder_loss: 6.7775 - kl_loss: 5.7780 - loss: 6.6623 - reconstruction_loss: 0.9995 - vc_loss: 6.6129 - weighted_kl_loss: 5.7780
Epoch 30/200
93/93 - 52s - 554ms/step - accuracy: 0.6212 - autoencoder_loss: 6.0496 - kl_loss: 5.0596 - loss: 6.0635 - reconstruction_loss: 0.9900 - vc_loss: 6.0694 - weighted_kl_loss: 5.0596
Epoch 30/200
93/93 - 51s - 546ms/step - accuracy: 0.6061 - autoencoder_loss: 3.1640 - kl_loss: 2.1640 - loss: 4.8864 - reconstruction_loss: 1.0000 - vc_loss: 5.6246 - weighted_kl_loss: 2.1640
Epoch 30/200
93/93 - 51s - 545ms/step - accuracy: 0.6136 - autoencoder_loss: 3.8584 - kl_loss: 2.8585 - loss: 6.2498 - reconstruction_loss: 0.9999 - vc_loss: 7.2747 - weighted_kl_loss: 2.8585
Epoch 31/200
93/93 - 50s - 535ms/step - accuracy: 0.6035 - autoencoder_loss: 6.5915 - kl_loss: 5.5923 - loss: 5.7993 - reconstruction_loss: 0.9993 - vc_loss: 5.4598 - weighted_kl_loss: 5.5923
Epoch 31/200
93/93 - 52s - 559ms/step - accuracy: 0.6212 - autoencoder_loss: 5.8443 - kl_loss: 4.8547 - loss: 5.1276 - reconstruction_loss: 0.9896 - vc_loss: 4.8204 - weighted_kl_loss: 4.8547
Epoch 31/200
93/93 - 51s - 544ms/step - accuracy: 0.6061 - autoencoder_loss: 3.0378 - kl_loss: 2.0375 - loss: 4.7109 - reconstruction_loss: 1.0002 - vc_loss: 5.4279 - weighted_kl_loss: 2.0375
Epoch 31/200
93/93 - 50s - 536ms/step - accuracy: 0.6136 - autoencoder_loss: 3.8055 - kl_loss: 2.8057 - loss: 5.9663 - reconstruction_loss: 0.9998 - vc_loss: 6.8923 - weighted_kl_loss: 2.8057
Epoch 32/200
93/93 - 49s - 530ms/step - accuracy: 0.6035 - autoencoder_loss: 6.3667 - kl_loss: 5.3678 - loss: 5.3995 - reconstruction_loss: 0.9989 - vc_loss: 4.9849 - weighted_kl_loss: 5.3678
Epoch 32/200
93/93 - 51s - 552ms/step - accuracy: 0.6212 - autoencoder_loss: 5.8002 - kl_loss: 4.8109 - loss: 5.5513 - reconstruction_loss: 0.9892 - vc_loss: 5.4447 - weighted_kl_loss: 4.8109
Epoch 32/200
93/93 - 51s - 546ms/step - accuracy: 0.6061 - autoencoder_loss: 2.9438 - kl_loss: 1.9441 - loss: 4.3070 - reconstruction_loss: 0.9996 - vc_loss: 4.8913 - weighted_kl_loss: 1.9441
Epoch 32/200
93/93 - 50s - 538ms/step - accuracy: 0.6136 - autoencoder_loss: 3.8148 - kl_loss: 2.8107 - loss: 5.7362 - reconstruction_loss: 1.0041 - vc_loss: 6.5596 - weighted_kl_loss: 2.8107
Epoch 33/200
93/93 - 52s - 556ms/step - accuracy: 0.6035 - autoencoder_loss: 6.2279 - kl_loss: 5.2287 - loss: 5.4019 - reconstruction_loss: 0.9992 - vc_loss: 5.0480 - weighted_kl_loss: 5.2287
Epoch 33/200
93/93 - 52s - 558ms/step - accuracy: 0.6212 - autoencoder_loss: 5.6912 - kl_loss: 4.7035 - loss: 5.3211 - reconstruction_loss: 0.9877 - vc_loss: 5.1624 - weighted_kl_loss: 4.7035
Epoch 33/200
93/93 - 52s - 555ms/step - accuracy: 0.6061 - autoencoder_loss: 2.8683 - kl_loss: 1.8690 - loss: 4.2115 - reconstruction_loss: 0.9993 - vc_loss: 4.7871 - weighted_kl_loss: 1.8690
Epoch 33/200
93/93 - 51s - 549ms/step - accuracy: 0.6136 - autoencoder_loss: 3.7342 - kl_loss: 2.7341 - loss: 5.1637 - reconstruction_loss: 1.0001 - vc_loss: 5.7764 - weighted_kl_loss: 2.7341
Epoch 34/200
93/93 - 52s - 554ms/step - accuracy: 0.6035 - autoencoder_loss: 6.0654 - kl_loss: 5.0659 - loss: 5.0761 - reconstruction_loss: 0.9995 - vc_loss: 4.6522 - weighted_kl_loss: 5.0659
Epoch 34/200
93/93 - 53s - 565ms/step - accuracy: 0.6212 - autoencoder_loss: 5.5118 - kl_loss: 4.5231 - loss: 5.6955 - reconstruction_loss: 0.9887 - vc_loss: 5.7742 - weighted_kl_loss: 4.5231
Epoch 34/200
93/93 - 52s - 563ms/step - accuracy: 0.6061 - autoencoder_loss: 2.7947 - kl_loss: 1.7953 - loss: 3.7381 - reconstruction_loss: 0.9994 - vc_loss: 4.1424 - weighted_kl_loss: 1.7953
Epoch 34/200
93/93 - 52s - 563ms/step - accuracy: 0.6136 - autoencoder_loss: 3.7121 - kl_loss: 2.7126 - loss: 4.7579 - reconstruction_loss: 0.9995 - vc_loss: 5.2061 - weighted_kl_loss: 2.7126
Epoch 35/200
93/93 - 52s - 563ms/step - accuracy: 0.6035 - autoencoder_loss: 5.9444 - kl_loss: 4.9440 - loss: 4.6871 - reconstruction_loss: 1.0004 - vc_loss: 4.1482 - weighted_kl_loss: 4.9440
Epoch 35/200
93/93 - 53s - 570ms/step - accuracy: 0.6212 - autoencoder_loss: 5.4453 - kl_loss: 4.4565 - loss: 5.5541 - reconstruction_loss: 0.9887 - vc_loss: 5.6007 - weighted_kl_loss: 4.4565
Epoch 35/200
93/93 - 53s - 565ms/step - accuracy: 0.6061 - autoencoder_loss: 2.7417 - kl_loss: 1.7394 - loss: 4.0750 - reconstruction_loss: 1.0024 - vc_loss: 4.6464 - weighted_kl_loss: 1.7394
Epoch 35/200
93/93 - 52s - 558ms/step - accuracy: 0.6136 - autoencoder_loss: 3.7182 - kl_loss: 2.7185 - loss: 4.9637 - reconstruction_loss: 0.9997 - vc_loss: 5.4976 - weighted_kl_loss: 2.7185
Epoch 36/200
93/93 - 52s - 563ms/step - accuracy: 0.6035 - autoencoder_loss: 5.8043 - kl_loss: 4.8053 - loss: 5.0953 - reconstruction_loss: 0.9990 - vc_loss: 4.7914 - weighted_kl_loss: 4.8053
Epoch 36/200
93/93 - 51s - 553ms/step - accuracy: 0.6212 - autoencoder_loss: 5.3625 - kl_loss: 4.3743 - loss: 5.7086 - reconstruction_loss: 0.9882 - vc_loss: 5.8570 - weighted_kl_loss: 4.3743
Epoch 36/200
93/93 - 51s - 547ms/step - accuracy: 0.6136 - autoencoder_loss: 3.7006 - kl_loss: 2.6992 - loss: 4.7771 - reconstruction_loss: 1.0014 - vc_loss: 5.2384 - weighted_kl_loss: 2.6992
Epoch 37/200
93/93 - 52s - 557ms/step - accuracy: 0.6061 - autoencoder_loss: 2.6698 - kl_loss: 1.6683 - loss: 3.8748 - reconstruction_loss: 1.0015 - vc_loss: 4.3912 - weighted_kl_loss: 1.6683
Epoch 36/200
93/93 - 50s - 541ms/step - accuracy: 0.6035 - autoencoder_loss: 5.7204 - kl_loss: 4.7213 - loss: 4.8909 - reconstruction_loss: 0.9991 - vc_loss: 4.5354 - weighted_kl_loss: 4.7213
Epoch 37/200
93/93 - 52s - 561ms/step - accuracy: 0.6212 - autoencoder_loss: 5.2757 - kl_loss: 4.2886 - loss: 5.2181 - reconstruction_loss: 0.9871 - vc_loss: 5.1934 - weighted_kl_loss: 4.2886
Epoch 37/200
93/93 - 49s - 530ms/step - accuracy: 0.6136 - autoencoder_loss: 3.6098 - kl_loss: 2.6095 - loss: 4.4160 - reconstruction_loss: 1.0003 - vc_loss: 4.7615 - weighted_kl_loss: 2.6095
Epoch 38/200
93/93 - 51s - 547ms/step - accuracy: 0.6061 - autoencoder_loss: 2.5932 - kl_loss: 1.5931 - loss: 4.0666 - reconstruction_loss: 1.0001 - vc_loss: 4.6981 - weighted_kl_loss: 1.5931
Epoch 37/200
93/93 - 51s - 547ms/step - accuracy: 0.6212 - autoencoder_loss: 5.1871 - kl_loss: 4.1996 - loss: 4.9050 - reconstruction_loss: 0.9876 - vc_loss: 4.7842 - weighted_kl_loss: 4.1996
Epoch 38/200
93/93 - 51s - 552ms/step - accuracy: 0.6136 - autoencoder_loss: 3.6020 - kl_loss: 2.6023 - loss: 4.2138 - reconstruction_loss: 0.9997 - vc_loss: 4.4760 - weighted_kl_loss: 2.6023
Epoch 39/200
93/93 - 52s - 556ms/step - accuracy: 0.6061 - autoencoder_loss: 2.5554 - kl_loss: 1.5554 - loss: 4.0042 - reconstruction_loss: 1.0000 - vc_loss: 4.6251 - weighted_kl_loss: 1.5554
Epoch 38/200
93/93 - 82s - 884ms/step - accuracy: 0.6035 - autoencoder_loss: 5.4869 - kl_loss: 4.4880 - loss: 4.3966 - reconstruction_loss: 0.9989 - vc_loss: 3.9293 - weighted_kl_loss: 4.4880
Epoch 38/200
93/93 - 52s - 556ms/step - accuracy: 0.6212 - autoencoder_loss: 5.0683 - kl_loss: 4.0804 - loss: 5.1478 - reconstruction_loss: 0.9880 - vc_loss: 5.1819 - weighted_kl_loss: 4.0804
Epoch 39/200
93/93 - 50s - 535ms/step - accuracy: 0.6136 - autoencoder_loss: 3.5539 - kl_loss: 2.5548 - loss: 4.3791 - reconstruction_loss: 0.9991 - vc_loss: 4.7327 - weighted_kl_loss: 2.5548
Epoch 40/200
93/93 - 51s - 549ms/step - accuracy: 0.6035 - autoencoder_loss: 5.4252 - kl_loss: 4.4256 - loss: 4.6498 - reconstruction_loss: 0.9996 - vc_loss: 4.3175 - weighted_kl_loss: 4.4256
Epoch 39/200
93/93 - 83s - 889ms/step - accuracy: 0.6061 - autoencoder_loss: 2.4611 - kl_loss: 1.4615 - loss: 4.1241 - reconstruction_loss: 0.9996 - vc_loss: 4.8368 - weighted_kl_loss: 1.4615
Epoch 39/200
93/93 - 53s - 569ms/step - accuracy: 0.6212 - autoencoder_loss: 4.9922 - kl_loss: 4.0059 - loss: 5.0985 - reconstruction_loss: 0.9863 - vc_loss: 5.1440 - weighted_kl_loss: 4.0059
Epoch 40/200
93/93 - 52s - 557ms/step - accuracy: 0.6136 - autoencoder_loss: 3.5230 - kl_loss: 2.5215 - loss: 4.2203 - reconstruction_loss: 1.0016 - vc_loss: 4.5191 - weighted_kl_loss: 2.5215
Epoch 41/200
93/93 - 52s - 562ms/step - accuracy: 0.6035 - autoencoder_loss: 5.3269 - kl_loss: 4.3277 - loss: 5.0446 - reconstruction_loss: 0.9991 - vc_loss: 4.9236 - weighted_kl_loss: 4.3277
Epoch 40/200
93/93 - 52s - 560ms/step - accuracy: 0.6061 - autoencoder_loss: 2.4157 - kl_loss: 1.4159 - loss: 4.1128 - reconstruction_loss: 0.9998 - vc_loss: 4.8401 - weighted_kl_loss: 1.4159
Epoch 40/200
93/93 - 53s - 566ms/step - accuracy: 0.6212 - autoencoder_loss: 5.0104 - kl_loss: 4.0250 - loss: 8.2280 - reconstruction_loss: 0.9854 - vc_loss: 9.6069 - weighted_kl_loss: 4.0250
Epoch 41/200
93/93 - 52s - 558ms/step - accuracy: 0.6136 - autoencoder_loss: 3.4911 - kl_loss: 2.4917 - loss: 4.5794 - reconstruction_loss: 0.9994 - vc_loss: 5.0458 - weighted_kl_loss: 2.4917
Epoch 42/200
93/93 - 52s - 563ms/step - accuracy: 0.6035 - autoencoder_loss: 5.2425 - kl_loss: 4.2384 - loss: 4.4895 - reconstruction_loss: 1.0041 - vc_loss: 4.1668 - weighted_kl_loss: 4.2384
Epoch 41/200
93/93 - 52s - 563ms/step - accuracy: 0.6061 - autoencoder_loss: 2.3500 - kl_loss: 1.3495 - loss: 3.9020 - reconstruction_loss: 1.0005 - vc_loss: 4.5671 - weighted_kl_loss: 1.3495
Epoch 41/200
93/93 - 53s - 568ms/step - accuracy: 0.6212 - autoencoder_loss: 4.8893 - kl_loss: 3.9025 - loss: 4.7161 - reconstruction_loss: 0.9867 - vc_loss: 4.6418 - weighted_kl_loss: 3.9025
Epoch 42/200
93/93 - 51s - 553ms/step - accuracy: 0.6136 - autoencoder_loss: 3.4432 - kl_loss: 2.4432 - loss: 4.2693 - reconstruction_loss: 1.0000 - vc_loss: 4.6233 - weighted_kl_loss: 2.4432
Epoch 43/200
93/93 - 51s - 552ms/step - accuracy: 0.6035 - autoencoder_loss: 5.1187 - kl_loss: 4.1172 - loss: 4.1398 - reconstruction_loss: 1.0015 - vc_loss: 3.7204 - weighted_kl_loss: 4.1172
Epoch 42/200
93/93 - 52s - 561ms/step - accuracy: 0.6061 - autoencoder_loss: 2.2995 - kl_loss: 1.2998 - loss: 3.9422 - reconstruction_loss: 0.9997 - vc_loss: 4.6462 - weighted_kl_loss: 1.2998
Epoch 42/200
93/93 - 52s - 559ms/step - accuracy: 0.6212 - autoencoder_loss: 4.8292 - kl_loss: 3.8430 - loss: 4.5715 - reconstruction_loss: 0.9862 - vc_loss: 4.4610 - weighted_kl_loss: 3.8430
Epoch 43/200
93/93 - 51s - 553ms/step - accuracy: 0.6136 - autoencoder_loss: 3.4320 - kl_loss: 2.4324 - loss: 3.8266 - reconstruction_loss: 0.9996 - vc_loss: 3.9957 - weighted_kl_loss: 2.4324
Epoch 44/200
93/93 - 52s - 562ms/step - accuracy: 0.6035 - autoencoder_loss: 4.9733 - kl_loss: 3.9739 - loss: 4.2820 - reconstruction_loss: 0.9994 - vc_loss: 3.9857 - weighted_kl_loss: 3.9739
Epoch 43/200
93/93 - 51s - 551ms/step - accuracy: 0.6061 - autoencoder_loss: 2.2307 - kl_loss: 1.2312 - loss: 3.7972 - reconstruction_loss: 0.9995 - vc_loss: 4.4685 - weighted_kl_loss: 1.2312
Epoch 43/200
93/93 - 52s - 562ms/step - accuracy: 0.6212 - autoencoder_loss: 4.6587 - kl_loss: 3.6726 - loss: 4.3467 - reconstruction_loss: 0.9860 - vc_loss: 4.2130 - weighted_kl_loss: 3.6726
Epoch 44/200
93/93 - 51s - 551ms/step - accuracy: 0.6136 - autoencoder_loss: 3.4124 - kl_loss: 2.4129 - loss: 3.7454 - reconstruction_loss: 0.9995 - vc_loss: 3.8881 - weighted_kl_loss: 2.4129
Epoch 45/200
93/93 - 52s - 560ms/step - accuracy: 0.6035 - autoencoder_loss: 4.8510 - kl_loss: 3.8520 - loss: 4.0649 - reconstruction_loss: 0.9990 - vc_loss: 3.7281 - weighted_kl_loss: 3.8520
Epoch 44/200
93/93 - 52s - 563ms/step - accuracy: 0.6061 - autoencoder_loss: 2.1723 - kl_loss: 1.1729 - loss: 3.7806 - reconstruction_loss: 0.9994 - vc_loss: 4.4699 - weighted_kl_loss: 1.1729
Epoch 44/200
93/93 - 52s - 562ms/step - accuracy: 0.6212 - autoencoder_loss: 4.6088 - kl_loss: 3.6200 - loss: 4.3021 - reconstruction_loss: 0.9888 - vc_loss: 4.1706 - weighted_kl_loss: 3.6200
Epoch 45/200
93/93 - 52s - 561ms/step - accuracy: 0.6136 - autoencoder_loss: 3.3691 - kl_loss: 2.3692 - loss: 4.5567 - reconstruction_loss: 0.9999 - vc_loss: 5.0656 - weighted_kl_loss: 2.3692
Epoch 46/200
93/93 - 53s - 566ms/step - accuracy: 0.6035 - autoencoder_loss: 4.7307 - kl_loss: 3.7314 - loss: 4.5607 - reconstruction_loss: 0.9993 - vc_loss: 4.4879 - weighted_kl_loss: 3.7314
Epoch 45/200
93/93 - 52s - 561ms/step - accuracy: 0.6061 - autoencoder_loss: 2.2521 - kl_loss: 1.2525 - loss: 3.8960 - reconstruction_loss: 0.9996 - vc_loss: 4.6006 - weighted_kl_loss: 1.2525
Epoch 45/200
93/93 - 52s - 557ms/step - accuracy: 0.6212 - autoencoder_loss: 4.4818 - kl_loss: 3.4963 - loss: 3.9705 - reconstruction_loss: 0.9855 - vc_loss: 3.7513 - weighted_kl_loss: 3.4963
Epoch 46/200
93/93 - 50s - 540ms/step - accuracy: 0.6136 - autoencoder_loss: 3.4016 - kl_loss: 2.4012 - loss: 4.1632 - reconstruction_loss: 1.0004 - vc_loss: 4.4896 - weighted_kl_loss: 2.4012
Epoch 47/200
93/93 - 52s - 559ms/step - accuracy: 0.6035 - autoencoder_loss: 4.5485 - kl_loss: 3.5498 - loss: 4.0504 - reconstruction_loss: 0.9987 - vc_loss: 3.8369 - weighted_kl_loss: 3.5498
Epoch 46/200
93/93 - 52s - 557ms/step - accuracy: 0.6061 - autoencoder_loss: 2.1904 - kl_loss: 1.1888 - loss: 3.8803 - reconstruction_loss: 1.0016 - vc_loss: 4.6046 - weighted_kl_loss: 1.1888
Epoch 46/200
93/93 - 52s - 560ms/step - accuracy: 0.6212 - autoencoder_loss: 4.4116 - kl_loss: 3.4261 - loss: 3.9929 - reconstruction_loss: 0.9856 - vc_loss: 3.8134 - weighted_kl_loss: 3.4261
Epoch 47/200
93/93 - 50s - 542ms/step - accuracy: 0.6136 - autoencoder_loss: 3.4784 - kl_loss: 2.4789 - loss: 4.9090 - reconstruction_loss: 0.9995 - vc_loss: 5.5221 - weighted_kl_loss: 2.4789
Epoch 48/200
93/93 - 51s - 553ms/step - accuracy: 0.6035 - autoencoder_loss: 4.5588 - kl_loss: 3.5592 - loss: 3.6713 - reconstruction_loss: 0.9996 - vc_loss: 3.2909 - weighted_kl_loss: 3.5592
Epoch 47/200
93/93 - 52s - 560ms/step - accuracy: 0.6061 - autoencoder_loss: 2.1087 - kl_loss: 1.1089 - loss: 3.0477 - reconstruction_loss: 0.9999 - vc_loss: 3.4501 - weighted_kl_loss: 1.1089
Epoch 47/200
93/93 - 53s - 567ms/step - accuracy: 0.6212 - autoencoder_loss: 4.3659 - kl_loss: 3.3777 - loss: 4.0606 - reconstruction_loss: 0.9882 - vc_loss: 3.9298 - weighted_kl_loss: 3.3777
Epoch 48/200
93/93 - 52s - 555ms/step - accuracy: 0.6136 - autoencoder_loss: 3.4767 - kl_loss: 2.4771 - loss: 3.7723 - reconstruction_loss: 0.9997 - vc_loss: 3.8989 - weighted_kl_loss: 2.4771
Epoch 49/200
93/93 - 53s - 565ms/step - accuracy: 0.6035 - autoencoder_loss: 4.4842 - kl_loss: 3.4853 - loss: 3.9804 - reconstruction_loss: 0.9989 - vc_loss: 3.7644 - weighted_kl_loss: 3.4853
Epoch 48/200
93/93 - 52s - 557ms/step - accuracy: 0.6061 - autoencoder_loss: 2.0342 - kl_loss: 1.0329 - loss: 3.1578 - reconstruction_loss: 1.0014 - vc_loss: 3.6393 - weighted_kl_loss: 1.0329
Epoch 48/200
93/93 - 52s - 556ms/step - accuracy: 0.6212 - autoencoder_loss: 4.2245 - kl_loss: 3.2352 - loss: 4.2468 - reconstruction_loss: 0.9893 - vc_loss: 4.2563 - weighted_kl_loss: 3.2352
Epoch 49/200
93/93 - 51s - 550ms/step - accuracy: 0.6136 - autoencoder_loss: 3.4265 - kl_loss: 2.4271 - loss: 3.8334 - reconstruction_loss: 0.9994 - vc_loss: 4.0077 - weighted_kl_loss: 2.4271
Epoch 50/200
93/93 - 51s - 548ms/step - accuracy: 0.6035 - autoencoder_loss: 4.3895 - kl_loss: 3.3909 - loss: 3.8864 - reconstruction_loss: 0.9986 - vc_loss: 3.6708 - weighted_kl_loss: 3.3909
Epoch 49/200
93/93 - 52s - 556ms/step - accuracy: 0.6061 - autoencoder_loss: 1.9750 - kl_loss: 0.9753 - loss: 3.6189 - reconstruction_loss: 0.9997 - vc_loss: 4.3234 - weighted_kl_loss: 0.9753
Epoch 49/200
93/93 - 52s - 564ms/step - accuracy: 0.6212 - autoencoder_loss: 4.0697 - kl_loss: 3.0824 - loss: 4.0379 - reconstruction_loss: 0.9873 - vc_loss: 4.0243 - weighted_kl_loss: 3.0824
Epoch 50/200
93/93 - 52s - 561ms/step - accuracy: 0.6136 - autoencoder_loss: 3.3768 - kl_loss: 2.3758 - loss: 3.9214 - reconstruction_loss: 1.0010 - vc_loss: 4.1548 - weighted_kl_loss: 2.3758
Epoch 51/200
93/93 - 53s - 567ms/step - accuracy: 0.6035 - autoencoder_loss: 4.2409 - kl_loss: 3.2416 - loss: 3.9237 - reconstruction_loss: 0.9993 - vc_loss: 3.7877 - weighted_kl_loss: 3.2416
Epoch 50/200
93/93 - 53s - 567ms/step - accuracy: 0.6061 - autoencoder_loss: 2.0293 - kl_loss: 1.0296 - loss: 3.5331 - reconstruction_loss: 0.9997 - vc_loss: 4.1777 - weighted_kl_loss: 1.0296
Epoch 50/200
93/93 - 53s - 569ms/step - accuracy: 0.6212 - autoencoder_loss: 3.9741 - kl_loss: 2.9862 - loss: 3.6796 - reconstruction_loss: 0.9879 - vc_loss: 3.5534 - weighted_kl_loss: 2.9862
Epoch 51/200
93/93 - 52s - 560ms/step - accuracy: 0.6136 - autoencoder_loss: 3.3489 - kl_loss: 2.3493 - loss: 3.9883 - reconstruction_loss: 0.9995 - vc_loss: 4.2624 - weighted_kl_loss: 2.3493
Epoch 52/200
93/93 - 53s - 566ms/step - accuracy: 0.6035 - autoencoder_loss: 4.1265 - kl_loss: 3.1274 - loss: 3.8128 - reconstruction_loss: 0.9992 - vc_loss: 3.6783 - weighted_kl_loss: 3.1274
Epoch 51/200
93/93 - 52s - 563ms/step - accuracy: 0.6061 - autoencoder_loss: 2.2536 - kl_loss: 1.2541 - loss: 3.9265 - reconstruction_loss: 0.9995 - vc_loss: 4.6434 - weighted_kl_loss: 1.2541
Epoch 51/200
93/93 - 52s - 560ms/step - accuracy: 0.6212 - autoencoder_loss: 3.9437 - kl_loss: 2.9521 - loss: 3.7400 - reconstruction_loss: 0.9916 - vc_loss: 3.6528 - weighted_kl_loss: 2.9521
Epoch 52/200
93/93 - 52s - 561ms/step - accuracy: 0.6136 - autoencoder_loss: 3.2817 - kl_loss: 2.2823 - loss: 3.6171 - reconstruction_loss: 0.9995 - vc_loss: 3.7609 - weighted_kl_loss: 2.2823
Epoch 53/200
93/93 - 52s - 560ms/step - accuracy: 0.6035 - autoencoder_loss: 4.0613 - kl_loss: 3.0621 - loss: 4.1495 - reconstruction_loss: 0.9991 - vc_loss: 4.1873 - weighted_kl_loss: 3.0621
Epoch 52/200
93/93 - 51s - 553ms/step - accuracy: 0.6061 - autoencoder_loss: 2.1917 - kl_loss: 1.1910 - loss: 3.5023 - reconstruction_loss: 1.0007 - vc_loss: 4.0640 - weighted_kl_loss: 1.1910
Epoch 52/200
93/93 - 53s - 565ms/step - accuracy: 0.6212 - autoencoder_loss: 3.8629 - kl_loss: 2.8763 - loss: 3.9577 - reconstruction_loss: 0.9866 - vc_loss: 3.9983 - weighted_kl_loss: 2.8763
Epoch 53/200
93/93 - 51s - 552ms/step - accuracy: 0.6136 - autoencoder_loss: 3.2346 - kl_loss: 2.2353 - loss: 3.9725 - reconstruction_loss: 0.9994 - vc_loss: 4.2887 - weighted_kl_loss: 2.2353
Epoch 54/200
93/93 - 53s - 568ms/step - accuracy: 0.6035 - autoencoder_loss: 3.9994 - kl_loss: 3.0005 - loss: 3.7894 - reconstruction_loss: 0.9989 - vc_loss: 3.6993 - weighted_kl_loss: 3.0005
Epoch 53/200
93/93 - 53s - 565ms/step - accuracy: 0.6061 - autoencoder_loss: 2.1322 - kl_loss: 1.1331 - loss: 3.8080 - reconstruction_loss: 0.9991 - vc_loss: 4.5262 - weighted_kl_loss: 1.1331
Epoch 53/200
93/93 - 53s - 571ms/step - accuracy: 0.6212 - autoencoder_loss: 3.8387 - kl_loss: 2.8479 - loss: 3.7280 - reconstruction_loss: 0.9907 - vc_loss: 3.6806 - weighted_kl_loss: 2.8479
Epoch 54/200
93/93 - 52s - 556ms/step - accuracy: 0.6136 - autoencoder_loss: 3.2009 - kl_loss: 2.2012 - loss: 3.6604 - reconstruction_loss: 0.9997 - vc_loss: 3.8573 - weighted_kl_loss: 2.2012
Epoch 55/200
93/93 - 52s - 562ms/step - accuracy: 0.6035 - autoencoder_loss: 3.9862 - kl_loss: 2.9876 - loss: 3.9484 - reconstruction_loss: 0.9986 - vc_loss: 3.9322 - weighted_kl_loss: 2.9876
Epoch 54/200
93/93 - 50s - 536ms/step - accuracy: 0.6212 - autoencoder_loss: 3.7215 - kl_loss: 2.7322 - loss: 3.7667 - reconstruction_loss: 0.9893 - vc_loss: 3.7860 - weighted_kl_loss: 2.7322
Epoch 55/200
93/93 - 51s - 547ms/step - accuracy: 0.6136 - autoencoder_loss: 3.2105 - kl_loss: 2.2098 - loss: 4.1020 - reconstruction_loss: 1.0006 - vc_loss: 4.4841 - weighted_kl_loss: 2.2098
Epoch 56/200
93/93 - 52s - 560ms/step - accuracy: 0.6035 - autoencoder_loss: 3.9512 - kl_loss: 2.9523 - loss: 3.5393 - reconstruction_loss: 0.9989 - vc_loss: 3.3627 - weighted_kl_loss: 2.9523
Epoch 55/200
93/93 - 81s - 871ms/step - accuracy: 0.6061 - autoencoder_loss: 2.0677 - kl_loss: 1.0671 - loss: 3.3326 - reconstruction_loss: 1.0005 - vc_loss: 3.8747 - weighted_kl_loss: 1.0671
Epoch 54/200
93/93 - 52s - 559ms/step - accuracy: 0.6212 - autoencoder_loss: 3.6775 - kl_loss: 2.6867 - loss: 4.0419 - reconstruction_loss: 0.9908 - vc_loss: 4.1981 - weighted_kl_loss: 2.6867
Epoch 56/200
93/93 - 51s - 553ms/step - accuracy: 0.6136 - autoencoder_loss: 3.1715 - kl_loss: 2.1714 - loss: 3.9168 - reconstruction_loss: 1.0001 - vc_loss: 4.2362 - weighted_kl_loss: 2.1714
Epoch 57/200
93/93 - 51s - 552ms/step - accuracy: 0.6035 - autoencoder_loss: 3.8717 - kl_loss: 2.8721 - loss: 3.6395 - reconstruction_loss: 0.9995 - vc_loss: 3.5399 - weighted_kl_loss: 2.8721
Epoch 56/200
93/93 - 52s - 558ms/step - accuracy: 0.6061 - autoencoder_loss: 2.0158 - kl_loss: 1.0167 - loss: 3.0766 - reconstruction_loss: 0.9992 - vc_loss: 3.5313 - weighted_kl_loss: 1.0167
Epoch 55/200
93/93 - 53s - 565ms/step - accuracy: 0.6212 - autoencoder_loss: 3.5843 - kl_loss: 2.5934 - loss: 3.5946 - reconstruction_loss: 0.9910 - vc_loss: 3.5990 - weighted_kl_loss: 2.5934
Epoch 57/200
93/93 - 50s - 540ms/step - accuracy: 0.6136 - autoencoder_loss: 3.1733 - kl_loss: 2.1721 - loss: 3.7175 - reconstruction_loss: 1.0012 - vc_loss: 3.9507 - weighted_kl_loss: 2.1721
Epoch 58/200
93/93 - 52s - 561ms/step - accuracy: 0.6035 - autoencoder_loss: 3.7998 - kl_loss: 2.8006 - loss: 4.0214 - reconstruction_loss: 0.9993 - vc_loss: 4.1163 - weighted_kl_loss: 2.8006
Epoch 57/200
93/93 - 52s - 561ms/step - accuracy: 0.6061 - autoencoder_loss: 1.9723 - kl_loss: 0.9725 - loss: 3.5549 - reconstruction_loss: 0.9998 - vc_loss: 4.2332 - weighted_kl_loss: 0.9725
Epoch 56/200
93/93 - 51s - 549ms/step - accuracy: 0.6136 - autoencoder_loss: 3.1593 - kl_loss: 2.1595 - loss: 3.8489 - reconstruction_loss: 0.9998 - vc_loss: 4.1444 - weighted_kl_loss: 2.1595
Epoch 59/200
93/93 - 52s - 564ms/step - accuracy: 0.6212 - autoencoder_loss: 3.5488 - kl_loss: 2.5596 - loss: 3.8562 - reconstruction_loss: 0.9892 - vc_loss: 3.9880 - weighted_kl_loss: 2.5596
Epoch 58/200
93/93 - 52s - 558ms/step - accuracy: 0.6035 - autoencoder_loss: 3.6309 - kl_loss: 2.6311 - loss: 4.0580 - reconstruction_loss: 0.9998 - vc_loss: 4.2411 - weighted_kl_loss: 2.6311
Epoch 58/200
93/93 - 51s - 553ms/step - accuracy: 0.6061 - autoencoder_loss: 1.9234 - kl_loss: 0.9243 - loss: 3.4502 - reconstruction_loss: 0.9992 - vc_loss: 4.1045 - weighted_kl_loss: 0.9243
Epoch 57/200
93/93 - 51s - 551ms/step - accuracy: 0.6136 - autoencoder_loss: 3.0585 - kl_loss: 2.0593 - loss: 3.7617 - reconstruction_loss: 0.9992 - vc_loss: 4.0631 - weighted_kl_loss: 2.0593
Epoch 60/200
93/93 - 52s - 563ms/step - accuracy: 0.6212 - autoencoder_loss: 3.5341 - kl_loss: 2.5470 - loss: 3.6029 - reconstruction_loss: 0.9871 - vc_loss: 3.6324 - weighted_kl_loss: 2.5470
Epoch 59/200
93/93 - 51s - 554ms/step - accuracy: 0.6035 - autoencoder_loss: 3.5986 - kl_loss: 2.5992 - loss: 3.7245 - reconstruction_loss: 0.9993 - vc_loss: 3.7785 - weighted_kl_loss: 2.5992
Epoch 59/200
93/93 - 52s - 561ms/step - accuracy: 0.6061 - autoencoder_loss: 1.8981 - kl_loss: 0.8988 - loss: 3.1343 - reconstruction_loss: 0.9993 - vc_loss: 3.6640 - weighted_kl_loss: 0.8988
Epoch 58/200
93/93 - 52s - 555ms/step - accuracy: 0.6136 - autoencoder_loss: 3.0254 - kl_loss: 2.0260 - loss: 3.5344 - reconstruction_loss: 0.9994 - vc_loss: 3.7526 - weighted_kl_loss: 2.0260
Epoch 61/200
93/93 - 52s - 564ms/step - accuracy: 0.6212 - autoencoder_loss: 3.4897 - kl_loss: 2.4955 - loss: 3.5022 - reconstruction_loss: 0.9941 - vc_loss: 3.5076 - weighted_kl_loss: 2.4955
Epoch 60/200
93/93 - 52s - 557ms/step - accuracy: 0.6035 - autoencoder_loss: 3.5508 - kl_loss: 2.5522 - loss: 3.2816 - reconstruction_loss: 0.9986 - vc_loss: 3.1663 - weighted_kl_loss: 2.5522
Epoch 60/200
93/93 - 52s - 562ms/step - accuracy: 0.6061 - autoencoder_loss: 1.9373 - kl_loss: 0.9375 - loss: 3.3507 - reconstruction_loss: 0.9998 - vc_loss: 3.9565 - weighted_kl_loss: 0.9375
Epoch 59/200
93/93 - 52s - 559ms/step - accuracy: 0.6136 - autoencoder_loss: 3.0288 - kl_loss: 2.0288 - loss: 3.6177 - reconstruction_loss: 1.0000 - vc_loss: 3.8701 - weighted_kl_loss: 2.0288
Epoch 62/200
93/93 - 53s - 568ms/step - accuracy: 0.6212 - autoencoder_loss: 3.3857 - kl_loss: 2.3950 - loss: 3.3742 - reconstruction_loss: 0.9907 - vc_loss: 3.3693 - weighted_kl_loss: 2.3950
Epoch 61/200
93/93 - 52s - 560ms/step - accuracy: 0.6035 - autoencoder_loss: 3.4986 - kl_loss: 2.4995 - loss: 3.3267 - reconstruction_loss: 0.9991 - vc_loss: 3.2530 - weighted_kl_loss: 2.4995
Epoch 61/200
93/93 - 52s - 560ms/step - accuracy: 0.6061 - autoencoder_loss: 2.0079 - kl_loss: 1.0012 - loss: 3.3716 - reconstruction_loss: 1.0067 - vc_loss: 3.9561 - weighted_kl_loss: 1.0012
Epoch 60/200
93/93 - 52s - 558ms/step - accuracy: 0.6136 - autoencoder_loss: 2.9928 - kl_loss: 1.9936 - loss: 4.0156 - reconstruction_loss: 0.9992 - vc_loss: 4.4540 - weighted_kl_loss: 1.9936
Epoch 63/200
93/93 - 52s - 563ms/step - accuracy: 0.6212 - autoencoder_loss: 3.2815 - kl_loss: 2.2893 - loss: 3.5665 - reconstruction_loss: 0.9922 - vc_loss: 3.6886 - weighted_kl_loss: 2.2893
Epoch 62/200
93/93 - 52s - 564ms/step - accuracy: 0.6035 - autoencoder_loss: 3.5671 - kl_loss: 2.5677 - loss: 3.8547 - reconstruction_loss: 0.9993 - vc_loss: 3.9780 - weighted_kl_loss: 2.5677
Epoch 62/200
93/93 - 52s - 564ms/step - accuracy: 0.6061 - autoencoder_loss: 1.9419 - kl_loss: 0.9424 - loss: 3.4141 - reconstruction_loss: 0.9994 - vc_loss: 4.0451 - weighted_kl_loss: 0.9424
Epoch 61/200
93/93 - 52s - 554ms/step - accuracy: 0.6136 - autoencoder_loss: 2.9478 - kl_loss: 1.9475 - loss: 3.7317 - reconstruction_loss: 1.0003 - vc_loss: 4.0676 - weighted_kl_loss: 1.9475
Epoch 64/200
93/93 - 52s - 561ms/step - accuracy: 0.6212 - autoencoder_loss: 3.1845 - kl_loss: 2.1913 - loss: 3.5742 - reconstruction_loss: 0.9933 - vc_loss: 3.7412 - weighted_kl_loss: 2.1913
Epoch 63/200
93/93 - 52s - 556ms/step - accuracy: 0.6035 - autoencoder_loss: 3.5278 - kl_loss: 2.5290 - loss: 3.1664 - reconstruction_loss: 0.9987 - vc_loss: 3.0115 - weighted_kl_loss: 2.5290
Epoch 63/200
93/93 - 52s - 557ms/step - accuracy: 0.6061 - autoencoder_loss: 1.9379 - kl_loss: 0.9380 - loss: 3.6544 - reconstruction_loss: 0.9999 - vc_loss: 4.3900 - weighted_kl_loss: 0.9380
Epoch 62/200
93/93 - 52s - 562ms/step - accuracy: 0.6136 - autoencoder_loss: 2.9207 - kl_loss: 1.9216 - loss: 3.4816 - reconstruction_loss: 0.9992 - vc_loss: 3.7219 - weighted_kl_loss: 1.9216
Epoch 65/200
93/93 - 53s - 567ms/step - accuracy: 0.6212 - autoencoder_loss: 3.1572 - kl_loss: 2.1643 - loss: 3.2869 - reconstruction_loss: 0.9929 - vc_loss: 3.3425 - weighted_kl_loss: 2.1643
Epoch 64/200
93/93 - 53s - 566ms/step - accuracy: 0.6035 - autoencoder_loss: 3.4828 - kl_loss: 2.4827 - loss: 3.5008 - reconstruction_loss: 1.0002 - vc_loss: 3.5086 - weighted_kl_loss: 2.4827
Epoch 64/200
93/93 - 53s - 565ms/step - accuracy: 0.6061 - autoencoder_loss: 1.9303 - kl_loss: 0.9291 - loss: 3.3344 - reconstruction_loss: 1.0012 - vc_loss: 3.9362 - weighted_kl_loss: 0.9291
Epoch 63/200
93/93 - 52s - 559ms/step - accuracy: 0.6136 - autoencoder_loss: 2.9061 - kl_loss: 1.9067 - loss: 3.2027 - reconstruction_loss: 0.9994 - vc_loss: 3.3298 - weighted_kl_loss: 1.9067
Epoch 66/200
93/93 - 53s - 572ms/step - accuracy: 0.6212 - autoencoder_loss: 3.1914 - kl_loss: 2.1941 - loss: 3.6949 - reconstruction_loss: 0.9973 - vc_loss: 3.9107 - weighted_kl_loss: 2.1941
Epoch 65/200
93/93 - 53s - 565ms/step - accuracy: 0.6035 - autoencoder_loss: 3.4936 - kl_loss: 2.4929 - loss: 3.7167 - reconstruction_loss: 1.0007 - vc_loss: 3.8123 - weighted_kl_loss: 2.4929
Epoch 65/200
93/93 - 52s - 564ms/step - accuracy: 0.6061 - autoencoder_loss: 1.8994 - kl_loss: 0.8997 - loss: 3.1054 - reconstruction_loss: 0.9997 - vc_loss: 3.6223 - weighted_kl_loss: 0.8997
Epoch 64/200
93/93 - 51s - 553ms/step - accuracy: 0.6136 - autoencoder_loss: 2.8920 - kl_loss: 1.8917 - loss: 3.5806 - reconstruction_loss: 1.0003 - vc_loss: 3.8757 - weighted_kl_loss: 1.8917
Epoch 67/200
93/93 - 53s - 570ms/step - accuracy: 0.6212 - autoencoder_loss: 3.1254 - kl_loss: 2.1294 - loss: 3.6437 - reconstruction_loss: 0.9961 - vc_loss: 3.8658 - weighted_kl_loss: 2.1294
Epoch 66/200
93/93 - 52s - 556ms/step - accuracy: 0.6035 - autoencoder_loss: 3.5048 - kl_loss: 2.5061 - loss: 3.5333 - reconstruction_loss: 0.9987 - vc_loss: 3.5456 - weighted_kl_loss: 2.5061
Epoch 66/200
93/93 - 52s - 563ms/step - accuracy: 0.6061 - autoencoder_loss: 1.8913 - kl_loss: 0.8921 - loss: 3.3260 - reconstruction_loss: 0.9992 - vc_loss: 3.9408 - weighted_kl_loss: 0.8921
Epoch 65/200
93/93 - 52s - 555ms/step - accuracy: 0.6136 - autoencoder_loss: 2.8739 - kl_loss: 1.8742 - loss: 3.4762 - reconstruction_loss: 0.9997 - vc_loss: 3.7344 - weighted_kl_loss: 1.8742
Epoch 68/200
93/93 - 53s - 571ms/step - accuracy: 0.6212 - autoencoder_loss: 3.0737 - kl_loss: 2.0783 - loss: 3.7210 - reconstruction_loss: 0.9954 - vc_loss: 3.9984 - weighted_kl_loss: 2.0783
Epoch 67/200
93/93 - 53s - 566ms/step - accuracy: 0.6035 - autoencoder_loss: 3.3863 - kl_loss: 2.3862 - loss: 3.3295 - reconstruction_loss: 1.0000 - vc_loss: 3.3052 - weighted_kl_loss: 2.3862
Epoch 67/200
93/93 - 52s - 564ms/step - accuracy: 0.6061 - autoencoder_loss: 1.8607 - kl_loss: 0.8600 - loss: 3.5119 - reconstruction_loss: 1.0006 - vc_loss: 4.2195 - weighted_kl_loss: 0.8600
Epoch 66/200
93/93 - 52s - 559ms/step - accuracy: 0.6136 - autoencoder_loss: 2.8394 - kl_loss: 1.8392 - loss: 3.6476 - reconstruction_loss: 1.0002 - vc_loss: 3.9940 - weighted_kl_loss: 1.8392
Epoch 69/200
93/93 - 52s - 561ms/step - accuracy: 0.6212 - autoencoder_loss: 2.9943 - kl_loss: 1.9981 - loss: 3.3122 - reconstruction_loss: 0.9963 - vc_loss: 3.4484 - weighted_kl_loss: 1.9981
Epoch 68/200
93/93 - 52s - 554ms/step - accuracy: 0.6035 - autoencoder_loss: 3.3273 - kl_loss: 2.3280 - loss: 3.2887 - reconstruction_loss: 0.9993 - vc_loss: 3.2722 - weighted_kl_loss: 2.3280
Epoch 68/200
93/93 - 51s - 545ms/step - accuracy: 0.6061 - autoencoder_loss: 1.8052 - kl_loss: 0.8060 - loss: 3.2919 - reconstruction_loss: 0.9992 - vc_loss: 3.9290 - weighted_kl_loss: 0.8060
Epoch 67/200
93/93 - 50s - 534ms/step - accuracy: 0.6136 - autoencoder_loss: 2.8286 - kl_loss: 1.8293 - loss: 3.4381 - reconstruction_loss: 0.9993 - vc_loss: 3.6993 - weighted_kl_loss: 1.8293
Epoch 70/200
93/93 - 51s - 550ms/step - accuracy: 0.6035 - autoencoder_loss: 3.3230 - kl_loss: 2.3235 - loss: 3.4797 - reconstruction_loss: 0.9995 - vc_loss: 3.5468 - weighted_kl_loss: 2.3235
Epoch 69/200
93/93 - 51s - 551ms/step - accuracy: 0.6061 - autoencoder_loss: 1.7803 - kl_loss: 0.7787 - loss: 3.1094 - reconstruction_loss: 1.0016 - vc_loss: 3.6791 - weighted_kl_loss: 0.7787
Epoch 68/200
93/93 - 82s - 883ms/step - accuracy: 0.6212 - autoencoder_loss: 2.9628 - kl_loss: 1.9663 - loss: 3.4848 - reconstruction_loss: 0.9965 - vc_loss: 3.7085 - weighted_kl_loss: 1.9663
Epoch 69/200
93/93 - 50s - 540ms/step - accuracy: 0.6136 - autoencoder_loss: 2.7669 - kl_loss: 1.7670 - loss: 3.2673 - reconstruction_loss: 0.9999 - vc_loss: 3.4817 - weighted_kl_loss: 1.7670
Epoch 71/200
93/93 - 51s - 546ms/step - accuracy: 0.6035 - autoencoder_loss: 3.2134 - kl_loss: 2.2143 - loss: 3.4017 - reconstruction_loss: 0.9991 - vc_loss: 3.4824 - weighted_kl_loss: 2.2143
Epoch 70/200
93/93 - 51s - 545ms/step - accuracy: 0.6061 - autoencoder_loss: 1.7865 - kl_loss: 0.7866 - loss: 3.1765 - reconstruction_loss: 0.9999 - vc_loss: 3.7722 - weighted_kl_loss: 0.7866
Epoch 69/200
93/93 - 51s - 547ms/step - accuracy: 0.6212 - autoencoder_loss: 2.9484 - kl_loss: 1.9462 - loss: 3.1665 - reconstruction_loss: 1.0022 - vc_loss: 3.2599 - weighted_kl_loss: 1.9462
Epoch 70/200
93/93 - 51s - 549ms/step - accuracy: 0.6136 - autoencoder_loss: 2.7715 - kl_loss: 1.7710 - loss: 3.1633 - reconstruction_loss: 1.0004 - vc_loss: 3.3312 - weighted_kl_loss: 1.7710
Epoch 72/200
93/93 - 53s - 565ms/step - accuracy: 0.6035 - autoencoder_loss: 3.1355 - kl_loss: 2.1356 - loss: 3.6170 - reconstruction_loss: 0.9999 - vc_loss: 3.8233 - weighted_kl_loss: 2.1356
Epoch 71/200
93/93 - 52s - 561ms/step - accuracy: 0.6061 - autoencoder_loss: 1.7754 - kl_loss: 0.7760 - loss: 3.0055 - reconstruction_loss: 0.9993 - vc_loss: 3.5327 - weighted_kl_loss: 0.7760
Epoch 70/200
93/93 - 51s - 553ms/step - accuracy: 0.6212 - autoencoder_loss: 2.8763 - kl_loss: 1.8801 - loss: 3.0053 - reconstruction_loss: 0.9962 - vc_loss: 3.0607 - weighted_kl_loss: 1.8801
Epoch 71/200
93/93 - 51s - 553ms/step - accuracy: 0.6136 - autoencoder_loss: 2.7299 - kl_loss: 1.7306 - loss: 3.6613 - reconstruction_loss: 0.9993 - vc_loss: 4.0605 - weighted_kl_loss: 1.7306
Epoch 73/200
93/93 - 52s - 560ms/step - accuracy: 0.6035 - autoencoder_loss: 3.0841 - kl_loss: 2.0847 - loss: 3.6401 - reconstruction_loss: 0.9994 - vc_loss: 3.8783 - weighted_kl_loss: 2.0847
Epoch 72/200
93/93 - 52s - 555ms/step - accuracy: 0.6061 - autoencoder_loss: 1.7698 - kl_loss: 0.7699 - loss: 3.4563 - reconstruction_loss: 0.9999 - vc_loss: 4.1791 - weighted_kl_loss: 0.7699
Epoch 71/200
93/93 - 52s - 563ms/step - accuracy: 0.6212 - autoencoder_loss: 2.8299 - kl_loss: 1.8286 - loss: 3.3591 - reconstruction_loss: 1.0013 - vc_loss: 3.5858 - weighted_kl_loss: 1.8286
Epoch 72/200
93/93 - 52s - 559ms/step - accuracy: 0.6136 - autoencoder_loss: 2.7284 - kl_loss: 1.7253 - loss: 3.7767 - reconstruction_loss: 1.0031 - vc_loss: 4.2260 - weighted_kl_loss: 1.7253
Epoch 74/200
93/93 - 51s - 552ms/step - accuracy: 0.6035 - autoencoder_loss: 3.0119 - kl_loss: 2.0127 - loss: 3.1698 - reconstruction_loss: 0.9993 - vc_loss: 3.2374 - weighted_kl_loss: 2.0127
Epoch 73/200
93/93 - 51s - 552ms/step - accuracy: 0.6061 - autoencoder_loss: 1.7528 - kl_loss: 0.7518 - loss: 3.0029 - reconstruction_loss: 1.0010 - vc_loss: 3.5387 - weighted_kl_loss: 0.7518
Epoch 72/200
93/93 - 50s - 543ms/step - accuracy: 0.6136 - autoencoder_loss: 2.8706 - kl_loss: 1.8699 - loss: 4.0647 - reconstruction_loss: 1.0007 - vc_loss: 4.5764 - weighted_kl_loss: 1.8699
Epoch 75/200
93/93 - 48s - 517ms/step - accuracy: 0.6035 - autoencoder_loss: 2.9911 - kl_loss: 1.9914 - loss: 3.1317 - reconstruction_loss: 0.9997 - vc_loss: 3.1919 - weighted_kl_loss: 1.9914
Epoch 74/200
93/93 - 81s - 870ms/step - accuracy: 0.6212 - autoencoder_loss: 2.6700 - kl_loss: 1.6727 - loss: 3.3575 - reconstruction_loss: 0.9973 - vc_loss: 3.6521 - weighted_kl_loss: 1.6727
Epoch 73/200
93/93 - 51s - 545ms/step - accuracy: 0.6136 - autoencoder_loss: 2.9260 - kl_loss: 1.9252 - loss: 3.7501 - reconstruction_loss: 1.0008 - vc_loss: 4.1033 - weighted_kl_loss: 1.9252
Epoch 76/200
93/93 - 82s - 878ms/step - accuracy: 0.6061 - autoencoder_loss: 1.7361 - kl_loss: 0.7371 - loss: 2.8252 - reconstruction_loss: 0.9990 - vc_loss: 3.2920 - weighted_kl_loss: 0.7371
Epoch 73/200
93/93 - 52s - 555ms/step - accuracy: 0.6035 - autoencoder_loss: 3.0256 - kl_loss: 2.0266 - loss: 3.5369 - reconstruction_loss: 0.9990 - vc_loss: 3.7560 - weighted_kl_loss: 2.0266
Epoch 75/200
93/93 - 53s - 565ms/step - accuracy: 0.6212 - autoencoder_loss: 2.6366 - kl_loss: 1.6376 - loss: 3.2211 - reconstruction_loss: 0.9990 - vc_loss: 3.4717 - weighted_kl_loss: 1.6376
Epoch 74/200
93/93 - 52s - 561ms/step - accuracy: 0.6136 - autoencoder_loss: 2.8624 - kl_loss: 1.8628 - loss: 3.5990 - reconstruction_loss: 0.9996 - vc_loss: 3.9147 - weighted_kl_loss: 1.8628
Epoch 77/200
93/93 - 53s - 567ms/step - accuracy: 0.6061 - autoencoder_loss: 1.7314 - kl_loss: 0.7319 - loss: 3.1534 - reconstruction_loss: 0.9995 - vc_loss: 3.7629 - weighted_kl_loss: 0.7319
Epoch 74/200
93/93 - 53s - 567ms/step - accuracy: 0.6035 - autoencoder_loss: 2.9149 - kl_loss: 1.9156 - loss: 3.0236 - reconstruction_loss: 0.9993 - vc_loss: 3.0702 - weighted_kl_loss: 1.9156
Epoch 76/200
93/93 - 53s - 573ms/step - accuracy: 0.6212 - autoencoder_loss: 2.5580 - kl_loss: 1.5602 - loss: 3.1220 - reconstruction_loss: 0.9978 - vc_loss: 3.3637 - weighted_kl_loss: 1.5602
Epoch 75/200
93/93 - 52s - 557ms/step - accuracy: 0.6136 - autoencoder_loss: 2.8799 - kl_loss: 1.8791 - loss: 3.3410 - reconstruction_loss: 1.0008 - vc_loss: 3.5386 - weighted_kl_loss: 1.8791
Epoch 78/200
93/93 - 52s - 554ms/step - accuracy: 0.6061 - autoencoder_loss: 2.1260 - kl_loss: 1.1259 - loss: 3.4277 - reconstruction_loss: 1.0002 - vc_loss: 3.9856 - weighted_kl_loss: 1.1259
Epoch 75/200
93/93 - 51s - 547ms/step - accuracy: 0.6035 - autoencoder_loss: 2.8230 - kl_loss: 1.8198 - loss: 3.2436 - reconstruction_loss: 1.0032 - vc_loss: 3.4238 - weighted_kl_loss: 1.8198
Epoch 77/200
93/93 - 52s - 555ms/step - accuracy: 0.6212 - autoencoder_loss: 2.5163 - kl_loss: 1.5177 - loss: 3.3179 - reconstruction_loss: 0.9986 - vc_loss: 3.6614 - weighted_kl_loss: 1.5177
Epoch 76/200
93/93 - 50s - 540ms/step - accuracy: 0.6136 - autoencoder_loss: 2.8392 - kl_loss: 1.8390 - loss: 3.2919 - reconstruction_loss: 1.0001 - vc_loss: 3.4859 - weighted_kl_loss: 1.8390
Epoch 79/200
93/93 - 52s - 561ms/step - accuracy: 0.6061 - autoencoder_loss: 2.1717 - kl_loss: 1.1691 - loss: 2.8732 - reconstruction_loss: 1.0026 - vc_loss: 3.1738 - weighted_kl_loss: 1.1691
Epoch 76/200
93/93 - 51s - 549ms/step - accuracy: 0.6035 - autoencoder_loss: 2.7881 - kl_loss: 1.7878 - loss: 3.2369 - reconstruction_loss: 1.0003 - vc_loss: 3.4293 - weighted_kl_loss: 1.7878
Epoch 78/200
93/93 - 52s - 564ms/step - accuracy: 0.6212 - autoencoder_loss: 2.4684 - kl_loss: 1.4721 - loss: 3.2030 - reconstruction_loss: 0.9963 - vc_loss: 3.5178 - weighted_kl_loss: 1.4721
Epoch 77/200
93/93 - 52s - 559ms/step - accuracy: 0.6136 - autoencoder_loss: 2.8148 - kl_loss: 1.8142 - loss: 5.0952 - reconstruction_loss: 1.0006 - vc_loss: 6.0725 - weighted_kl_loss: 1.8142
Epoch 80/200
93/93 - 53s - 566ms/step - accuracy: 0.6061 - autoencoder_loss: 2.1096 - kl_loss: 1.1099 - loss: 3.1420 - reconstruction_loss: 0.9996 - vc_loss: 3.5844 - weighted_kl_loss: 1.1099
Epoch 77/200
93/93 - 52s - 559ms/step - accuracy: 0.6035 - autoencoder_loss: 2.7063 - kl_loss: 1.7070 - loss: 3.3700 - reconstruction_loss: 0.9993 - vc_loss: 3.6544 - weighted_kl_loss: 1.7070
Epoch 79/200
93/93 - 52s - 559ms/step - accuracy: 0.6212 - autoencoder_loss: 2.4450 - kl_loss: 1.4479 - loss: 3.1750 - reconstruction_loss: 0.9971 - vc_loss: 3.4878 - weighted_kl_loss: 1.4479
Epoch 78/200
93/93 - 48s - 512ms/step - accuracy: 0.6136 - autoencoder_loss: 2.7999 - kl_loss: 1.7999 - loss: 4.3365 - reconstruction_loss: 1.0000 - vc_loss: 4.9950 - weighted_kl_loss: 1.7999
Epoch 81/200
93/93 - 51s - 546ms/step - accuracy: 0.6061 - autoencoder_loss: 2.0996 - kl_loss: 1.0992 - loss: 2.8530 - reconstruction_loss: 1.0004 - vc_loss: 3.1759 - weighted_kl_loss: 1.0992
Epoch 78/200
93/93 - 51s - 551ms/step - accuracy: 0.6035 - autoencoder_loss: 2.6378 - kl_loss: 1.6383 - loss: 3.2581 - reconstruction_loss: 0.9995 - vc_loss: 3.5240 - weighted_kl_loss: 1.6383
Epoch 80/200
93/93 - 52s - 555ms/step - accuracy: 0.6136 - autoencoder_loss: 2.8078 - kl_loss: 1.8081 - loss: 3.2031 - reconstruction_loss: 0.9997 - vc_loss: 3.3725 - weighted_kl_loss: 1.8081
Epoch 82/200
93/93 - 83s - 894ms/step - accuracy: 0.6212 - autoencoder_loss: 2.4043 - kl_loss: 1.4062 - loss: 2.8257 - reconstruction_loss: 0.9980 - vc_loss: 3.0064 - weighted_kl_loss: 1.4062
Epoch 79/200
93/93 - 52s - 556ms/step - accuracy: 0.6061 - autoencoder_loss: 2.0401 - kl_loss: 1.0399 - loss: 3.0735 - reconstruction_loss: 1.0002 - vc_loss: 3.5164 - weighted_kl_loss: 1.0399
Epoch 79/200
93/93 - 53s - 565ms/step - accuracy: 0.6035 - autoencoder_loss: 2.6250 - kl_loss: 1.6259 - loss: 3.2766 - reconstruction_loss: 0.9991 - vc_loss: 3.5559 - weighted_kl_loss: 1.6259
Epoch 81/200
93/93 - 52s - 559ms/step - accuracy: 0.6136 - autoencoder_loss: 2.7729 - kl_loss: 1.7732 - loss: 3.1345 - reconstruction_loss: 0.9997 - vc_loss: 3.2894 - weighted_kl_loss: 1.7732
Epoch 83/200
93/93 - 53s - 571ms/step - accuracy: 0.6212 - autoencoder_loss: 2.3578 - kl_loss: 1.3596 - loss: 3.0123 - reconstruction_loss: 0.9983 - vc_loss: 3.2928 - weighted_kl_loss: 1.3596
Epoch 80/200
93/93 - 53s - 566ms/step - accuracy: 0.6061 - autoencoder_loss: 2.0201 - kl_loss: 1.0206 - loss: 2.9927 - reconstruction_loss: 0.9995 - vc_loss: 3.4096 - weighted_kl_loss: 1.0206
Epoch 80/200
93/93 - 53s - 569ms/step - accuracy: 0.6035 - autoencoder_loss: 2.5779 - kl_loss: 1.5766 - loss: 3.0506 - reconstruction_loss: 1.0014 - vc_loss: 3.2532 - weighted_kl_loss: 1.5766
Epoch 82/200
93/93 - 52s - 563ms/step - accuracy: 0.6136 - autoencoder_loss: 2.7495 - kl_loss: 1.7489 - loss: 3.1461 - reconstruction_loss: 1.0006 - vc_loss: 3.3160 - weighted_kl_loss: 1.7489
Epoch 84/200
93/93 - 53s - 568ms/step - accuracy: 0.6212 - autoencoder_loss: 2.3127 - kl_loss: 1.3140 - loss: 2.9575 - reconstruction_loss: 0.9987 - vc_loss: 3.2338 - weighted_kl_loss: 1.3140
Epoch 81/200
93/93 - 53s - 568ms/step - accuracy: 0.6061 - autoencoder_loss: 2.0182 - kl_loss: 1.0186 - loss: 3.0809 - reconstruction_loss: 0.9996 - vc_loss: 3.5364 - weighted_kl_loss: 1.0186
Epoch 81/200
93/93 - 53s - 565ms/step - accuracy: 0.6035 - autoencoder_loss: 2.5158 - kl_loss: 1.5154 - loss: 2.9571 - reconstruction_loss: 1.0004 - vc_loss: 3.1462 - weighted_kl_loss: 1.5154
Epoch 83/200
93/93 - 52s - 558ms/step - accuracy: 0.6136 - autoencoder_loss: 2.7475 - kl_loss: 1.7464 - loss: 3.2890 - reconstruction_loss: 1.0011 - vc_loss: 3.5211 - weighted_kl_loss: 1.7464
Epoch 85/200
93/93 - 53s - 568ms/step - accuracy: 0.6212 - autoencoder_loss: 2.2637 - kl_loss: 1.2650 - loss: 2.9180 - reconstruction_loss: 0.9987 - vc_loss: 3.1985 - weighted_kl_loss: 1.2650
Epoch 82/200
93/93 - 52s - 563ms/step - accuracy: 0.6061 - autoencoder_loss: 1.9888 - kl_loss: 0.9885 - loss: 3.1772 - reconstruction_loss: 1.0003 - vc_loss: 3.6865 - weighted_kl_loss: 0.9885
Epoch 82/200
93/93 - 52s - 556ms/step - accuracy: 0.6035 - autoencoder_loss: 2.4813 - kl_loss: 1.4823 - loss: 3.0950 - reconstruction_loss: 0.9990 - vc_loss: 3.3580 - weighted_kl_loss: 1.4823
Epoch 84/200
93/93 - 52s - 556ms/step - accuracy: 0.6136 - autoencoder_loss: 2.7084 - kl_loss: 1.7092 - loss: 2.9099 - reconstruction_loss: 0.9992 - vc_loss: 2.9962 - weighted_kl_loss: 1.7092
Epoch 86/200
93/93 - 53s - 566ms/step - accuracy: 0.6212 - autoencoder_loss: 2.2367 - kl_loss: 1.2375 - loss: 2.9990 - reconstruction_loss: 0.9992 - vc_loss: 3.3258 - weighted_kl_loss: 1.2375
Epoch 83/200
93/93 - 53s - 565ms/step - accuracy: 0.6061 - autoencoder_loss: 1.9895 - kl_loss: 0.9893 - loss: 2.9354 - reconstruction_loss: 1.0001 - vc_loss: 3.3408 - weighted_kl_loss: 0.9893
Epoch 83/200
93/93 - 53s - 565ms/step - accuracy: 0.6035 - autoencoder_loss: 2.4435 - kl_loss: 1.4446 - loss: 3.4104 - reconstruction_loss: 0.9989 - vc_loss: 3.8248 - weighted_kl_loss: 1.4446
Epoch 85/200
93/93 - 52s - 554ms/step - accuracy: 0.6136 - autoencoder_loss: 2.6717 - kl_loss: 1.6714 - loss: 2.9144 - reconstruction_loss: 1.0003 - vc_loss: 3.0184 - weighted_kl_loss: 1.6714
Epoch 87/200
93/93 - 53s - 566ms/step - accuracy: 0.6212 - autoencoder_loss: 2.1971 - kl_loss: 1.1985 - loss: 3.1848 - reconstruction_loss: 0.9986 - vc_loss: 3.6081 - weighted_kl_loss: 1.1985
Epoch 84/200
93/93 - 52s - 561ms/step - accuracy: 0.6061 - autoencoder_loss: 1.9864 - kl_loss: 0.9862 - loss: 3.0571 - reconstruction_loss: 1.0003 - vc_loss: 3.5160 - weighted_kl_loss: 0.9862
Epoch 84/200
93/93 - 52s - 562ms/step - accuracy: 0.6035 - autoencoder_loss: 2.3970 - kl_loss: 1.3969 - loss: 3.0535 - reconstruction_loss: 1.0001 - vc_loss: 3.3349 - weighted_kl_loss: 1.3969
Epoch 86/200
93/93 - 52s - 562ms/step - accuracy: 0.6136 - autoencoder_loss: 2.6396 - kl_loss: 1.6397 - loss: 3.4769 - reconstruction_loss: 0.9998 - vc_loss: 3.8358 - weighted_kl_loss: 1.6397
Epoch 88/200
93/93 - 53s - 569ms/step - accuracy: 0.6212 - autoencoder_loss: 2.1863 - kl_loss: 1.1880 - loss: 2.8548 - reconstruction_loss: 0.9982 - vc_loss: 3.1414 - weighted_kl_loss: 1.1880
Epoch 85/200
93/93 - 53s - 566ms/step - accuracy: 0.6061 - autoencoder_loss: 1.9525 - kl_loss: 0.9520 - loss: 2.9465 - reconstruction_loss: 1.0005 - vc_loss: 3.3725 - weighted_kl_loss: 0.9520
Epoch 85/200
93/93 - 53s - 567ms/step - accuracy: 0.6035 - autoencoder_loss: 2.3583 - kl_loss: 1.3591 - loss: 2.8113 - reconstruction_loss: 0.9992 - vc_loss: 3.0055 - weighted_kl_loss: 1.3591
Epoch 87/200
93/93 - 52s - 558ms/step - accuracy: 0.6136 - autoencoder_loss: 2.6645 - kl_loss: 1.6640 - loss: 3.5492 - reconstruction_loss: 1.0004 - vc_loss: 3.9284 - weighted_kl_loss: 1.6640
Epoch 89/200
93/93 - 53s - 567ms/step - accuracy: 0.6212 - autoencoder_loss: 2.2564 - kl_loss: 1.2546 - loss: 3.1109 - reconstruction_loss: 1.0018 - vc_loss: 3.4772 - weighted_kl_loss: 1.2546
Epoch 86/200
93/93 - 52s - 557ms/step - accuracy: 0.6061 - autoencoder_loss: 1.9195 - kl_loss: 0.9188 - loss: 3.0152 - reconstruction_loss: 1.0007 - vc_loss: 3.4848 - weighted_kl_loss: 0.9188
Epoch 86/200
93/93 - 52s - 563ms/step - accuracy: 0.6035 - autoencoder_loss: 2.3344 - kl_loss: 1.3354 - loss: 2.8122 - reconstruction_loss: 0.9990 - vc_loss: 3.0170 - weighted_kl_loss: 1.3354
Epoch 88/200
93/93 - 51s - 551ms/step - accuracy: 0.6136 - autoencoder_loss: 2.8242 - kl_loss: 1.8242 - loss: 3.3463 - reconstruction_loss: 1.0000 - vc_loss: 3.5701 - weighted_kl_loss: 1.8242
Epoch 90/200
93/93 - 53s - 567ms/step - accuracy: 0.6212 - autoencoder_loss: 2.1723 - kl_loss: 1.1727 - loss: 3.1847 - reconstruction_loss: 0.9996 - vc_loss: 3.6186 - weighted_kl_loss: 1.1727
Epoch 87/200
93/93 - 52s - 565ms/step - accuracy: 0.6061 - autoencoder_loss: 1.9052 - kl_loss: 0.9056 - loss: 3.2808 - reconstruction_loss: 0.9995 - vc_loss: 3.8704 - weighted_kl_loss: 0.9056
Epoch 87/200
93/93 - 52s - 558ms/step - accuracy: 0.6035 - autoencoder_loss: 2.3022 - kl_loss: 1.3030 - loss: 2.8252 - reconstruction_loss: 0.9992 - vc_loss: 3.0494 - weighted_kl_loss: 1.3030
Epoch 89/200
93/93 - 52s - 562ms/step - accuracy: 0.6136 - autoencoder_loss: 2.8643 - kl_loss: 1.8648 - loss: 3.7822 - reconstruction_loss: 0.9996 - vc_loss: 4.1756 - weighted_kl_loss: 1.8648
Epoch 91/200
93/93 - 53s - 565ms/step - accuracy: 0.6212 - autoencoder_loss: 2.1427 - kl_loss: 1.1448 - loss: 3.1110 - reconstruction_loss: 0.9979 - vc_loss: 3.5260 - weighted_kl_loss: 1.1448
Epoch 88/200
93/93 - 53s - 565ms/step - accuracy: 0.6061 - autoencoder_loss: 1.8817 - kl_loss: 0.8817 - loss: 2.7544 - reconstruction_loss: 1.0001 - vc_loss: 3.1283 - weighted_kl_loss: 0.8817
Epoch 88/200
93/93 - 53s - 565ms/step - accuracy: 0.6035 - autoencoder_loss: 2.2562 - kl_loss: 1.2560 - loss: 3.1146 - reconstruction_loss: 1.0002 - vc_loss: 3.4825 - weighted_kl_loss: 1.2560
Epoch 90/200
93/93 - 52s - 560ms/step - accuracy: 0.6136 - autoencoder_loss: 2.7399 - kl_loss: 1.7403 - loss: 3.6731 - reconstruction_loss: 0.9997 - vc_loss: 4.0730 - weighted_kl_loss: 1.7403
Epoch 92/200
93/93 - 53s - 569ms/step - accuracy: 0.6212 - autoencoder_loss: 2.0987 - kl_loss: 1.1015 - loss: 2.9284 - reconstruction_loss: 0.9972 - vc_loss: 3.2840 - weighted_kl_loss: 1.1015
Epoch 89/200
93/93 - 52s - 556ms/step - accuracy: 0.6061 - autoencoder_loss: 1.8493 - kl_loss: 0.8481 - loss: 2.6397 - reconstruction_loss: 1.0012 - vc_loss: 2.9784 - weighted_kl_loss: 0.8481
Epoch 89/200
93/93 - 51s - 551ms/step - accuracy: 0.6035 - autoencoder_loss: 2.2205 - kl_loss: 1.2208 - loss: 2.9151 - reconstruction_loss: 0.9997 - vc_loss: 3.2127 - weighted_kl_loss: 1.2208
Epoch 91/200
93/93 - 50s - 533ms/step - accuracy: 0.6136 - autoencoder_loss: 2.6650 - kl_loss: 1.6653 - loss: 3.3722 - reconstruction_loss: 0.9997 - vc_loss: 3.6753 - weighted_kl_loss: 1.6653
Epoch 93/200
93/93 - 49s - 531ms/step - accuracy: 0.6061 - autoencoder_loss: 1.8486 - kl_loss: 0.8490 - loss: 2.7577 - reconstruction_loss: 0.9996 - vc_loss: 3.1473 - weighted_kl_loss: 0.8490
Epoch 90/200
93/93 - 49s - 523ms/step - accuracy: 0.6035 - autoencoder_loss: 2.2254 - kl_loss: 1.2215 - loss: 2.7135 - reconstruction_loss: 1.0039 - vc_loss: 2.9226 - weighted_kl_loss: 1.2215
Epoch 92/200
93/93 - 79s - 845ms/step - accuracy: 0.6212 - autoencoder_loss: 2.0575 - kl_loss: 1.0597 - loss: 2.6794 - reconstruction_loss: 0.9978 - vc_loss: 2.9459 - weighted_kl_loss: 1.0597
Epoch 90/200
93/93 - 51s - 547ms/step - accuracy: 0.6136 - autoencoder_loss: 2.6416 - kl_loss: 1.6418 - loss: 3.6765 - reconstruction_loss: 0.9998 - vc_loss: 4.1201 - weighted_kl_loss: 1.6418
Epoch 94/200
93/93 - 52s - 560ms/step - accuracy: 0.6061 - autoencoder_loss: 1.8126 - kl_loss: 0.8135 - loss: 2.9638 - reconstruction_loss: 0.9992 - vc_loss: 3.4571 - weighted_kl_loss: 0.8135
Epoch 91/200
93/93 - 53s - 568ms/step - accuracy: 0.6035 - autoencoder_loss: 2.1765 - kl_loss: 1.1765 - loss: 3.0794 - reconstruction_loss: 1.0000 - vc_loss: 3.4664 - weighted_kl_loss: 1.1765
Epoch 93/200
93/93 - 53s - 569ms/step - accuracy: 0.6212 - autoencoder_loss: 2.0649 - kl_loss: 1.0649 - loss: 3.0070 - reconstruction_loss: 1.0000 - vc_loss: 3.4107 - weighted_kl_loss: 1.0649
Epoch 91/200
93/93 - 52s - 558ms/step - accuracy: 0.6136 - autoencoder_loss: 2.5341 - kl_loss: 1.5345 - loss: 3.4601 - reconstruction_loss: 0.9996 - vc_loss: 3.8569 - weighted_kl_loss: 1.5345
Epoch 95/200
93/93 - 53s - 568ms/step - accuracy: 0.6061 - autoencoder_loss: 1.8075 - kl_loss: 0.8082 - loss: 3.0620 - reconstruction_loss: 0.9993 - vc_loss: 3.5996 - weighted_kl_loss: 0.8082
Epoch 92/200
93/93 - 52s - 563ms/step - accuracy: 0.6035 - autoencoder_loss: 2.1788 - kl_loss: 1.1776 - loss: 3.4136 - reconstruction_loss: 1.0012 - vc_loss: 3.9428 - weighted_kl_loss: 1.1776
Epoch 94/200
93/93 - 52s - 564ms/step - accuracy: 0.6212 - autoencoder_loss: 2.1654 - kl_loss: 1.1657 - loss: 3.1218 - reconstruction_loss: 0.9998 - vc_loss: 3.5316 - weighted_kl_loss: 1.1657
Epoch 92/200
93/93 - 52s - 559ms/step - accuracy: 0.6136 - autoencoder_loss: 2.5235 - kl_loss: 1.5243 - loss: 3.2709 - reconstruction_loss: 0.9991 - vc_loss: 3.5913 - weighted_kl_loss: 1.5243
Epoch 96/200
93/93 - 52s - 561ms/step - accuracy: 0.6061 - autoencoder_loss: 1.7857 - kl_loss: 0.7863 - loss: 2.9631 - reconstruction_loss: 0.9994 - vc_loss: 3.4677 - weighted_kl_loss: 0.7863
Epoch 93/200
93/93 - 52s - 561ms/step - accuracy: 0.6035 - autoencoder_loss: 2.1281 - kl_loss: 1.1288 - loss: 3.2630 - reconstruction_loss: 0.9993 - vc_loss: 3.7494 - weighted_kl_loss: 1.1288
Epoch 95/200
93/93 - 52s - 557ms/step - accuracy: 0.6136 - autoencoder_loss: 2.5096 - kl_loss: 1.5096 - loss: 3.8073 - reconstruction_loss: 1.0000 - vc_loss: 4.3635 - weighted_kl_loss: 1.5096
Epoch 97/200
93/93 - 53s - 571ms/step - accuracy: 0.6212 - autoencoder_loss: 2.2600 - kl_loss: 1.2599 - loss: 3.0235 - reconstruction_loss: 1.0001 - vc_loss: 3.3507 - weighted_kl_loss: 1.2599
Epoch 93/200
93/93 - 52s - 564ms/step - accuracy: 0.6061 - autoencoder_loss: 1.7732 - kl_loss: 0.7737 - loss: 2.9820 - reconstruction_loss: 0.9995 - vc_loss: 3.5001 - weighted_kl_loss: 0.7737
Epoch 94/200
93/93 - 53s - 567ms/step - accuracy: 0.6035 - autoencoder_loss: 2.0978 - kl_loss: 1.0980 - loss: 2.9591 - reconstruction_loss: 0.9998 - vc_loss: 3.3282 - weighted_kl_loss: 1.0980
Epoch 96/200
93/93 - 52s - 555ms/step - accuracy: 0.6136 - autoencoder_loss: 2.4815 - kl_loss: 1.4815 - loss: 3.4267 - reconstruction_loss: 0.9999 - vc_loss: 3.8318 - weighted_kl_loss: 1.4815
Epoch 98/200
93/93 - 53s - 568ms/step - accuracy: 0.6212 - autoencoder_loss: 2.4340 - kl_loss: 1.4342 - loss: 3.1878 - reconstruction_loss: 0.9997 - vc_loss: 3.5109 - weighted_kl_loss: 1.4342
Epoch 94/200
93/93 - 52s - 558ms/step - accuracy: 0.6061 - autoencoder_loss: 1.7911 - kl_loss: 0.7917 - loss: 2.6575 - reconstruction_loss: 0.9993 - vc_loss: 3.0288 - weighted_kl_loss: 0.7917
Epoch 95/200
93/93 - 51s - 551ms/step - accuracy: 0.6035 - autoencoder_loss: 2.1026 - kl_loss: 1.1002 - loss: 2.8644 - reconstruction_loss: 1.0023 - vc_loss: 3.1908 - weighted_kl_loss: 1.1002
Epoch 97/200
93/93 - 51s - 550ms/step - accuracy: 0.6136 - autoencoder_loss: 2.4482 - kl_loss: 1.4490 - loss: 3.4908 - reconstruction_loss: 0.9992 - vc_loss: 3.9376 - weighted_kl_loss: 1.4490
Epoch 99/200
93/93 - 53s - 571ms/step - accuracy: 0.6212 - autoencoder_loss: 2.4499 - kl_loss: 1.4499 - loss: 3.4824 - reconstruction_loss: 0.9999 - vc_loss: 3.9249 - weighted_kl_loss: 1.4499
Epoch 95/200
93/93 - 52s - 559ms/step - accuracy: 0.6061 - autoencoder_loss: 1.8177 - kl_loss: 0.8184 - loss: 2.8389 - reconstruction_loss: 0.9994 - vc_loss: 3.2765 - weighted_kl_loss: 0.8184
Epoch 96/200
93/93 - 53s - 568ms/step - accuracy: 0.6035 - autoencoder_loss: 2.0507 - kl_loss: 1.0516 - loss: 2.9147 - reconstruction_loss: 0.9991 - vc_loss: 3.2850 - weighted_kl_loss: 1.0516
Epoch 98/200
93/93 - 52s - 557ms/step - accuracy: 0.6136 - autoencoder_loss: 2.3904 - kl_loss: 1.3905 - loss: 3.2895 - reconstruction_loss: 1.0000 - vc_loss: 3.6748 - weighted_kl_loss: 1.3905
Epoch 100/200
93/93 - 53s - 569ms/step - accuracy: 0.6212 - autoencoder_loss: 2.3816 - kl_loss: 1.3804 - loss: 3.1025 - reconstruction_loss: 1.0012 - vc_loss: 3.4114 - weighted_kl_loss: 1.3804
Epoch 96/200
93/93 - 51s - 553ms/step - accuracy: 0.6061 - autoencoder_loss: 1.7626 - kl_loss: 0.7634 - loss: 2.8086 - reconstruction_loss: 0.9992 - vc_loss: 3.2569 - weighted_kl_loss: 0.7634
Epoch 97/200
93/93 - 52s - 557ms/step - accuracy: 0.6035 - autoencoder_loss: 1.9901 - kl_loss: 0.9907 - loss: 2.8018 - reconstruction_loss: 0.9994 - vc_loss: 3.1497 - weighted_kl_loss: 0.9907
Epoch 99/200
93/93 - 52s - 563ms/step - accuracy: 0.6136 - autoencoder_loss: 2.3303 - kl_loss: 1.3309 - loss: 3.5316 - reconstruction_loss: 0.9994 - vc_loss: 4.0465 - weighted_kl_loss: 1.3309
Epoch 101/200
93/93 - 53s - 571ms/step - accuracy: 0.6212 - autoencoder_loss: 2.3208 - kl_loss: 1.3135 - loss: 3.2629 - reconstruction_loss: 1.0073 - vc_loss: 3.6666 - weighted_kl_loss: 1.3135
Epoch 97/200
93/93 - 52s - 564ms/step - accuracy: 0.6061 - autoencoder_loss: 1.7359 - kl_loss: 0.7365 - loss: 2.7401 - reconstruction_loss: 0.9994 - vc_loss: 3.1705 - weighted_kl_loss: 0.7365
Epoch 98/200
93/93 - 53s - 568ms/step - accuracy: 0.6035 - autoencoder_loss: 1.9603 - kl_loss: 0.9601 - loss: 3.1736 - reconstruction_loss: 1.0003 - vc_loss: 3.6936 - weighted_kl_loss: 0.9601
Epoch 100/200
93/93 - 52s - 562ms/step - accuracy: 0.6136 - autoencoder_loss: 2.2736 - kl_loss: 1.2744 - loss: 3.3261 - reconstruction_loss: 0.9991 - vc_loss: 3.7772 - weighted_kl_loss: 1.2744
Epoch 102/200
93/93 - 53s - 567ms/step - accuracy: 0.6212 - autoencoder_loss: 2.2198 - kl_loss: 1.2198 - loss: 2.9311 - reconstruction_loss: 1.0000 - vc_loss: 3.2360 - weighted_kl_loss: 1.2198
Epoch 98/200
93/93 - 53s - 569ms/step - accuracy: 0.6061 - autoencoder_loss: 1.7197 - kl_loss: 0.7202 - loss: 3.1949 - reconstruction_loss: 0.9995 - vc_loss: 3.8272 - weighted_kl_loss: 0.7202
Epoch 99/200
93/93 - 53s - 569ms/step - accuracy: 0.6035 - autoencoder_loss: 2.0270 - kl_loss: 1.0273 - loss: 2.8392 - reconstruction_loss: 0.9997 - vc_loss: 3.1872 - weighted_kl_loss: 1.0273
Epoch 101/200
93/93 - 53s - 565ms/step - accuracy: 0.6136 - autoencoder_loss: 2.2370 - kl_loss: 1.2374 - loss: 2.9360 - reconstruction_loss: 0.9996 - vc_loss: 3.2355 - weighted_kl_loss: 1.2374
Epoch 103/200
93/93 - 53s - 570ms/step - accuracy: 0.6212 - autoencoder_loss: 2.1801 - kl_loss: 1.1799 - loss: 3.1332 - reconstruction_loss: 1.0002 - vc_loss: 3.5416 - weighted_kl_loss: 1.1799
Epoch 99/200
93/93 - 53s - 568ms/step - accuracy: 0.6061 - autoencoder_loss: 1.7038 - kl_loss: 0.7035 - loss: 2.8204 - reconstruction_loss: 1.0003 - vc_loss: 3.2990 - weighted_kl_loss: 0.7035
Epoch 100/200
93/93 - 52s - 557ms/step - accuracy: 0.6035 - autoencoder_loss: 2.0952 - kl_loss: 1.0954 - loss: 3.2827 - reconstruction_loss: 0.9998 - vc_loss: 3.7916 - weighted_kl_loss: 1.0954
Epoch 102/200
93/93 - 52s - 555ms/step - accuracy: 0.6136 - autoencoder_loss: 2.2006 - kl_loss: 1.2007 - loss: 3.4528 - reconstruction_loss: 0.9999 - vc_loss: 3.9894 - weighted_kl_loss: 1.2007
Epoch 104/200
93/93 - 52s - 561ms/step - accuracy: 0.6212 - autoencoder_loss: 2.1132 - kl_loss: 1.1137 - loss: 3.2012 - reconstruction_loss: 0.9995 - vc_loss: 3.6675 - weighted_kl_loss: 1.1137
Epoch 100/200
93/93 - 52s - 555ms/step - accuracy: 0.6035 - autoencoder_loss: 2.0862 - kl_loss: 1.0868 - loss: 3.2297 - reconstruction_loss: 0.9994 - vc_loss: 3.7197 - weighted_kl_loss: 1.0868
Epoch 103/200
93/93 - 51s - 545ms/step - accuracy: 0.6136 - autoencoder_loss: 2.1774 - kl_loss: 1.1776 - loss: 3.0929 - reconstruction_loss: 0.9998 - vc_loss: 3.4852 - weighted_kl_loss: 1.1776
Epoch 105/200
93/93 - 82s - 879ms/step - accuracy: 0.6061 - autoencoder_loss: 1.6942 - kl_loss: 0.6950 - loss: 2.5329 - reconstruction_loss: 0.9992 - vc_loss: 2.8923 - weighted_kl_loss: 0.6950
Epoch 101/200
93/93 - 51s - 550ms/step - accuracy: 0.6212 - autoencoder_loss: 2.0686 - kl_loss: 1.0695 - loss: 2.8755 - reconstruction_loss: 0.9991 - vc_loss: 3.2213 - weighted_kl_loss: 1.0695
Epoch 101/200
93/93 - 53s - 565ms/step - accuracy: 0.6035 - autoencoder_loss: 1.9662 - kl_loss: 0.9660 - loss: 2.7948 - reconstruction_loss: 1.0002 - vc_loss: 3.1499 - weighted_kl_loss: 0.9660
Epoch 104/200
93/93 - 52s - 558ms/step - accuracy: 0.6136 - autoencoder_loss: 2.1772 - kl_loss: 1.1771 - loss: 3.0404 - reconstruction_loss: 1.0001 - vc_loss: 3.4103 - weighted_kl_loss: 1.1771
Epoch 106/200
93/93 - 53s - 567ms/step - accuracy: 0.6061 - autoencoder_loss: 1.6809 - kl_loss: 0.6816 - loss: 2.7327 - reconstruction_loss: 0.9993 - vc_loss: 3.1834 - weighted_kl_loss: 0.6816
Epoch 102/200
93/93 - 53s - 574ms/step - accuracy: 0.6212 - autoencoder_loss: 1.9661 - kl_loss: 0.9665 - loss: 3.0413 - reconstruction_loss: 0.9996 - vc_loss: 3.5021 - weighted_kl_loss: 0.9665
Epoch 102/200
93/93 - 52s - 561ms/step - accuracy: 0.6035 - autoencoder_loss: 1.8814 - kl_loss: 0.8820 - loss: 2.8217 - reconstruction_loss: 0.9994 - vc_loss: 3.2247 - weighted_kl_loss: 0.8820
Epoch 105/200
93/93 - 52s - 560ms/step - accuracy: 0.6136 - autoencoder_loss: 2.1557 - kl_loss: 1.1548 - loss: 3.3632 - reconstruction_loss: 1.0010 - vc_loss: 3.8807 - weighted_kl_loss: 1.1548
Epoch 107/200
93/93 - 52s - 554ms/step - accuracy: 0.6212 - autoencoder_loss: 1.9241 - kl_loss: 0.9240 - loss: 3.0433 - reconstruction_loss: 1.0001 - vc_loss: 3.5229 - weighted_kl_loss: 0.9240
Epoch 103/200
93/93 - 81s - 867ms/step - accuracy: 0.6061 - autoencoder_loss: 1.6698 - kl_loss: 0.6704 - loss: 2.8686 - reconstruction_loss: 0.9994 - vc_loss: 3.3823 - weighted_kl_loss: 0.6704
Epoch 103/200
93/93 - 51s - 550ms/step - accuracy: 0.6035 - autoencoder_loss: 1.9009 - kl_loss: 0.9009 - loss: 2.9674 - reconstruction_loss: 1.0000 - vc_loss: 3.4245 - weighted_kl_loss: 0.9009
Epoch 106/200
93/93 - 52s - 562ms/step - accuracy: 0.6136 - autoencoder_loss: 2.1348 - kl_loss: 1.1353 - loss: 3.1538 - reconstruction_loss: 0.9995 - vc_loss: 3.5905 - weighted_kl_loss: 1.1353
Epoch 108/200
93/93 - 53s - 573ms/step - accuracy: 0.6212 - autoencoder_loss: 1.8814 - kl_loss: 0.8815 - loss: 3.4671 - reconstruction_loss: 0.9999 - vc_loss: 4.1467 - weighted_kl_loss: 0.8815
Epoch 104/200
93/93 - 51s - 554ms/step - accuracy: 0.6061 - autoencoder_loss: 1.7121 - kl_loss: 0.7123 - loss: 2.9993 - reconstruction_loss: 0.9997 - vc_loss: 3.5510 - weighted_kl_loss: 0.7123
Epoch 104/200
93/93 - 52s - 560ms/step - accuracy: 0.6035 - autoencoder_loss: 1.8951 - kl_loss: 0.8952 - loss: 3.0801 - reconstruction_loss: 0.9999 - vc_loss: 3.5880 - weighted_kl_loss: 0.8952
Epoch 107/200
93/93 - 51s - 548ms/step - accuracy: 0.6136 - autoencoder_loss: 2.1412 - kl_loss: 1.1417 - loss: 3.2853 - reconstruction_loss: 0.9995 - vc_loss: 3.7756 - weighted_kl_loss: 1.1417
Epoch 109/200
93/93 - 53s - 570ms/step - accuracy: 0.6212 - autoencoder_loss: 1.8624 - kl_loss: 0.8628 - loss: 2.7765 - reconstruction_loss: 0.9996 - vc_loss: 3.1683 - weighted_kl_loss: 0.8628
Epoch 105/200
93/93 - 52s - 559ms/step - accuracy: 0.6061 - autoencoder_loss: 1.6940 - kl_loss: 0.6943 - loss: 2.8004 - reconstruction_loss: 0.9997 - vc_loss: 3.2746 - weighted_kl_loss: 0.6943
Epoch 105/200
93/93 - 50s - 540ms/step - accuracy: 0.6136 - autoencoder_loss: 2.1215 - kl_loss: 1.1206 - loss: 3.0770 - reconstruction_loss: 1.0009 - vc_loss: 3.4865 - weighted_kl_loss: 1.1206
Epoch 110/200
93/93 - 51s - 554ms/step - accuracy: 0.6212 - autoencoder_loss: 1.8625 - kl_loss: 0.8627 - loss: 3.3476 - reconstruction_loss: 0.9998 - vc_loss: 3.9840 - weighted_kl_loss: 0.8627
Epoch 106/200
93/93 - 82s - 878ms/step - accuracy: 0.6035 - autoencoder_loss: 1.8467 - kl_loss: 0.8475 - loss: 3.0238 - reconstruction_loss: 0.9992 - vc_loss: 3.5283 - weighted_kl_loss: 0.8475
Epoch 108/200
93/93 - 52s - 564ms/step - accuracy: 0.6061 - autoencoder_loss: 1.6806 - kl_loss: 0.6802 - loss: 3.0094 - reconstruction_loss: 1.0004 - vc_loss: 3.5789 - weighted_kl_loss: 0.6802
Epoch 106/200
93/93 - 52s - 564ms/step - accuracy: 0.6136 - autoencoder_loss: 2.1101 - kl_loss: 1.1104 - loss: 3.1246 - reconstruction_loss: 0.9996 - vc_loss: 3.5593 - weighted_kl_loss: 1.1104
Epoch 111/200
93/93 - 53s - 574ms/step - accuracy: 0.6212 - autoencoder_loss: 1.8331 - kl_loss: 0.8336 - loss: 3.0763 - reconstruction_loss: 0.9995 - vc_loss: 3.6091 - weighted_kl_loss: 0.8336
Epoch 107/200
93/93 - 53s - 568ms/step - accuracy: 0.6035 - autoencoder_loss: 1.8812 - kl_loss: 0.8812 - loss: 2.9443 - reconstruction_loss: 1.0000 - vc_loss: 3.3999 - weighted_kl_loss: 0.8812
Epoch 109/200
93/93 - 53s - 569ms/step - accuracy: 0.6061 - autoencoder_loss: 1.6563 - kl_loss: 0.6569 - loss: 2.7884 - reconstruction_loss: 0.9994 - vc_loss: 3.2736 - weighted_kl_loss: 0.6569
Epoch 107/200
93/93 - 52s - 564ms/step - accuracy: 0.6136 - autoencoder_loss: 2.0952 - kl_loss: 1.0964 - loss: 3.3114 - reconstruction_loss: 0.9989 - vc_loss: 3.8327 - weighted_kl_loss: 1.0964
Epoch 112/200
93/93 - 53s - 572ms/step - accuracy: 0.6212 - autoencoder_loss: 1.8045 - kl_loss: 0.8047 - loss: 3.0445 - reconstruction_loss: 0.9998 - vc_loss: 3.5760 - weighted_kl_loss: 0.8047
Epoch 108/200
93/93 - 53s - 570ms/step - accuracy: 0.6035 - autoencoder_loss: 1.8965 - kl_loss: 0.8969 - loss: 2.9821 - reconstruction_loss: 0.9996 - vc_loss: 3.4474 - weighted_kl_loss: 0.8969
Epoch 110/200
93/93 - 51s - 549ms/step - accuracy: 0.6061 - autoencoder_loss: 1.6425 - kl_loss: 0.6429 - loss: 3.0021 - reconstruction_loss: 0.9996 - vc_loss: 3.5848 - weighted_kl_loss: 0.6429
Epoch 108/200
93/93 - 51s - 548ms/step - accuracy: 0.6136 - autoencoder_loss: 2.0694 - kl_loss: 1.0701 - loss: 2.9808 - reconstruction_loss: 0.9993 - vc_loss: 3.3714 - weighted_kl_loss: 1.0701
Epoch 113/200
93/93 - 51s - 546ms/step - accuracy: 0.6035 - autoencoder_loss: 1.8367 - kl_loss: 0.8365 - loss: 2.4364 - reconstruction_loss: 1.0002 - vc_loss: 2.6934 - weighted_kl_loss: 0.8365
Epoch 111/200
93/93 - 52s - 559ms/step - accuracy: 0.6061 - autoencoder_loss: 1.6200 - kl_loss: 0.6184 - loss: 2.7273 - reconstruction_loss: 1.0017 - vc_loss: 3.2018 - weighted_kl_loss: 0.6184
Epoch 109/200
93/93 - 82s - 877ms/step - accuracy: 0.6212 - autoencoder_loss: 1.7802 - kl_loss: 0.7795 - loss: 3.0337 - reconstruction_loss: 1.0007 - vc_loss: 3.5709 - weighted_kl_loss: 0.7795
Epoch 109/200
93/93 - 52s - 554ms/step - accuracy: 0.6136 - autoencoder_loss: 2.0717 - kl_loss: 1.0651 - loss: 3.1524 - reconstruction_loss: 1.0066 - vc_loss: 3.6156 - weighted_kl_loss: 1.0651
Epoch 114/200
93/93 - 52s - 561ms/step - accuracy: 0.6035 - autoencoder_loss: 1.8305 - kl_loss: 0.8307 - loss: 2.6357 - reconstruction_loss: 0.9997 - vc_loss: 2.9809 - weighted_kl_loss: 0.8307
Epoch 112/200
93/93 - 53s - 569ms/step - accuracy: 0.6061 - autoencoder_loss: 1.6134 - kl_loss: 0.6142 - loss: 2.9390 - reconstruction_loss: 0.9992 - vc_loss: 3.5071 - weighted_kl_loss: 0.6142
Epoch 110/200
93/93 - 53s - 572ms/step - accuracy: 0.6212 - autoencoder_loss: 1.7881 - kl_loss: 0.7882 - loss: 3.1411 - reconstruction_loss: 0.9999 - vc_loss: 3.7209 - weighted_kl_loss: 0.7882
Epoch 110/200
93/93 - 53s - 568ms/step - accuracy: 0.6136 - autoencoder_loss: 2.0276 - kl_loss: 1.0274 - loss: 2.8604 - reconstruction_loss: 1.0001 - vc_loss: 3.2173 - weighted_kl_loss: 1.0274
Epoch 115/200
93/93 - 53s - 568ms/step - accuracy: 0.6035 - autoencoder_loss: 1.9009 - kl_loss: 0.9003 - loss: 2.7486 - reconstruction_loss: 1.0006 - vc_loss: 3.1119 - weighted_kl_loss: 0.9003
Epoch 113/200
93/93 - 53s - 569ms/step - accuracy: 0.6061 - autoencoder_loss: 1.6030 - kl_loss: 0.6032 - loss: 2.9464 - reconstruction_loss: 0.9998 - vc_loss: 3.5222 - weighted_kl_loss: 0.6032
Epoch 111/200
93/93 - 53s - 572ms/step - accuracy: 0.6212 - autoencoder_loss: 1.8613 - kl_loss: 0.8617 - loss: 4.7772 - reconstruction_loss: 0.9996 - vc_loss: 6.0269 - weighted_kl_loss: 0.8617
Epoch 111/200
93/93 - 53s - 565ms/step - accuracy: 0.6136 - autoencoder_loss: 2.0094 - kl_loss: 1.0086 - loss: 2.9051 - reconstruction_loss: 1.0008 - vc_loss: 3.2889 - weighted_kl_loss: 1.0086
Epoch 116/200
93/93 - 53s - 565ms/step - accuracy: 0.6035 - autoencoder_loss: 1.8634 - kl_loss: 0.8641 - loss: 3.1994 - reconstruction_loss: 0.9993 - vc_loss: 3.7719 - weighted_kl_loss: 0.8641
Epoch 114/200
93/93 - 53s - 571ms/step - accuracy: 0.6061 - autoencoder_loss: 1.5805 - kl_loss: 0.5813 - loss: 2.8559 - reconstruction_loss: 0.9992 - vc_loss: 3.4025 - weighted_kl_loss: 0.5813
Epoch 112/200
93/93 - 53s - 567ms/step - accuracy: 0.6212 - autoencoder_loss: 1.8841 - kl_loss: 0.8835 - loss: 3.2864 - reconstruction_loss: 1.0005 - vc_loss: 3.8874 - weighted_kl_loss: 0.8835
Epoch 112/200
93/93 - 52s - 562ms/step - accuracy: 0.6035 - autoencoder_loss: 1.8251 - kl_loss: 0.8254 - loss: 2.7544 - reconstruction_loss: 0.9997 - vc_loss: 3.1526 - weighted_kl_loss: 0.8254
Epoch 115/200
93/93 - 80s - 865ms/step - accuracy: 0.6136 - autoencoder_loss: 1.9839 - kl_loss: 0.9840 - loss: 3.1903 - reconstruction_loss: 0.9999 - vc_loss: 3.7074 - weighted_kl_loss: 0.9840
Epoch 117/200
93/93 - 51s - 552ms/step - accuracy: 0.6061 - autoencoder_loss: 1.5935 - kl_loss: 0.5928 - loss: 2.7508 - reconstruction_loss: 1.0007 - vc_loss: 3.2467 - weighted_kl_loss: 0.5928
Epoch 113/200
93/93 - 53s - 565ms/step - accuracy: 0.6212 - autoencoder_loss: 1.7644 - kl_loss: 0.7645 - loss: 3.2624 - reconstruction_loss: 0.9998 - vc_loss: 3.9044 - weighted_kl_loss: 0.7645
Epoch 113/200
93/93 - 52s - 562ms/step - accuracy: 0.6035 - autoencoder_loss: 1.7740 - kl_loss: 0.7745 - loss: 2.7408 - reconstruction_loss: 0.9995 - vc_loss: 3.1551 - weighted_kl_loss: 0.7745
Epoch 116/200
93/93 - 52s - 559ms/step - accuracy: 0.6136 - autoencoder_loss: 1.9737 - kl_loss: 0.9737 - loss: 2.9616 - reconstruction_loss: 1.0000 - vc_loss: 3.3849 - weighted_kl_loss: 0.9737
Epoch 118/200
93/93 - 53s - 570ms/step - accuracy: 0.6061 - autoencoder_loss: 1.5708 - kl_loss: 0.5703 - loss: 3.1121 - reconstruction_loss: 1.0005 - vc_loss: 3.7727 - weighted_kl_loss: 0.5703
Epoch 114/200
93/93 - 53s - 571ms/step - accuracy: 0.6212 - autoencoder_loss: 1.7311 - kl_loss: 0.7314 - loss: 2.6859 - reconstruction_loss: 0.9997 - vc_loss: 3.0951 - weighted_kl_loss: 0.7314
Epoch 114/200
93/93 - 52s - 559ms/step - accuracy: 0.6035 - autoencoder_loss: 1.8800 - kl_loss: 0.8808 - loss: 2.7475 - reconstruction_loss: 0.9992 - vc_loss: 3.1193 - weighted_kl_loss: 0.8808
Epoch 117/200
93/93 - 52s - 558ms/step - accuracy: 0.6136 - autoencoder_loss: 1.9533 - kl_loss: 0.9538 - loss: 3.5712 - reconstruction_loss: 0.9995 - vc_loss: 4.2647 - weighted_kl_loss: 0.9538
Epoch 119/200
93/93 - 53s - 567ms/step - accuracy: 0.6061 - autoencoder_loss: 1.5771 - kl_loss: 0.5705 - loss: 2.7503 - reconstruction_loss: 1.0066 - vc_loss: 3.2531 - weighted_kl_loss: 0.5705
Epoch 115/200
93/93 - 53s - 572ms/step - accuracy: 0.6212 - autoencoder_loss: 1.7136 - kl_loss: 0.7142 - loss: 2.9348 - reconstruction_loss: 0.9994 - vc_loss: 3.4582 - weighted_kl_loss: 0.7142
Epoch 115/200
93/93 - 53s - 565ms/step - accuracy: 0.6035 - autoencoder_loss: 2.0863 - kl_loss: 1.0864 - loss: 2.6249 - reconstruction_loss: 0.9999 - vc_loss: 2.8557 - weighted_kl_loss: 1.0864
Epoch 118/200
93/93 - 52s - 564ms/step - accuracy: 0.6136 - autoencoder_loss: 1.9175 - kl_loss: 0.9180 - loss: 2.9790 - reconstruction_loss: 0.9996 - vc_loss: 3.4339 - weighted_kl_loss: 0.9180
Epoch 120/200
93/93 - 53s - 566ms/step - accuracy: 0.6061 - autoencoder_loss: 1.5469 - kl_loss: 0.5469 - loss: 3.0265 - reconstruction_loss: 1.0000 - vc_loss: 3.6606 - weighted_kl_loss: 0.5469
Epoch 116/200
93/93 - 52s - 561ms/step - accuracy: 0.6212 - autoencoder_loss: 1.6989 - kl_loss: 0.6991 - loss: 3.7947 - reconstruction_loss: 0.9998 - vc_loss: 4.6929 - weighted_kl_loss: 0.6991
Epoch 116/200
93/93 - 52s - 562ms/step - accuracy: 0.6035 - autoencoder_loss: 2.0673 - kl_loss: 1.0681 - loss: 3.1438 - reconstruction_loss: 0.9993 - vc_loss: 3.6052 - weighted_kl_loss: 1.0681
Epoch 119/200
93/93 - 52s - 556ms/step - accuracy: 0.6136 - autoencoder_loss: 1.8952 - kl_loss: 0.8938 - loss: 3.0156 - reconstruction_loss: 1.0013 - vc_loss: 3.4958 - weighted_kl_loss: 0.8938
Epoch 121/200
93/93 - 52s - 563ms/step - accuracy: 0.6061 - autoencoder_loss: 1.5458 - kl_loss: 0.5435 - loss: 2.5387 - reconstruction_loss: 1.0023 - vc_loss: 2.9643 - weighted_kl_loss: 0.5435
Epoch 117/200
93/93 - 52s - 562ms/step - accuracy: 0.6212 - autoencoder_loss: 1.6928 - kl_loss: 0.6894 - loss: 2.9472 - reconstruction_loss: 1.0033 - vc_loss: 3.4848 - weighted_kl_loss: 0.6894
Epoch 117/200
93/93 - 52s - 564ms/step - accuracy: 0.6035 - autoencoder_loss: 2.0419 - kl_loss: 1.0409 - loss: 3.0206 - reconstruction_loss: 1.0010 - vc_loss: 3.4401 - weighted_kl_loss: 1.0409
Epoch 120/200
93/93 - 52s - 560ms/step - accuracy: 0.6136 - autoencoder_loss: 1.8667 - kl_loss: 0.8670 - loss: 2.7184 - reconstruction_loss: 0.9997 - vc_loss: 3.0835 - weighted_kl_loss: 0.8670
Epoch 122/200
93/93 - 52s - 562ms/step - accuracy: 0.6061 - autoencoder_loss: 1.5214 - kl_loss: 0.5217 - loss: 2.6242 - reconstruction_loss: 0.9997 - vc_loss: 3.0969 - weighted_kl_loss: 0.5217
Epoch 118/200
93/93 - 52s - 564ms/step - accuracy: 0.6212 - autoencoder_loss: 1.6620 - kl_loss: 0.6624 - loss: 2.6160 - reconstruction_loss: 0.9996 - vc_loss: 3.0249 - weighted_kl_loss: 0.6624
Epoch 118/200
93/93 - 51s - 553ms/step - accuracy: 0.6035 - autoencoder_loss: 2.0407 - kl_loss: 1.0414 - loss: 2.8307 - reconstruction_loss: 0.9993 - vc_loss: 3.1693 - weighted_kl_loss: 1.0414
Epoch 121/200
93/93 - 52s - 559ms/step - accuracy: 0.6136 - autoencoder_loss: 1.8440 - kl_loss: 0.8446 - loss: 3.0436 - reconstruction_loss: 0.9994 - vc_loss: 3.5577 - weighted_kl_loss: 0.8446
Epoch 123/200
93/93 - 53s - 565ms/step - accuracy: 0.6061 - autoencoder_loss: 1.5430 - kl_loss: 0.5426 - loss: 2.6427 - reconstruction_loss: 1.0004 - vc_loss: 3.1140 - weighted_kl_loss: 0.5426
Epoch 119/200
93/93 - 53s - 572ms/step - accuracy: 0.6212 - autoencoder_loss: 1.6485 - kl_loss: 0.6488 - loss: 2.8586 - reconstruction_loss: 0.9997 - vc_loss: 3.3772 - weighted_kl_loss: 0.6488
Epoch 119/200
93/93 - 53s - 566ms/step - accuracy: 0.6035 - autoencoder_loss: 2.0141 - kl_loss: 1.0148 - loss: 2.7551 - reconstruction_loss: 0.9992 - vc_loss: 3.0727 - weighted_kl_loss: 1.0148
Epoch 122/200
93/93 - 52s - 562ms/step - accuracy: 0.6136 - autoencoder_loss: 1.8453 - kl_loss: 0.8460 - loss: 2.6539 - reconstruction_loss: 0.9992 - vc_loss: 3.0005 - weighted_kl_loss: 0.8460
Epoch 124/200
93/93 - 53s - 565ms/step - accuracy: 0.6061 - autoencoder_loss: 1.6136 - kl_loss: 0.6143 - loss: 2.4674 - reconstruction_loss: 0.9993 - vc_loss: 2.8332 - weighted_kl_loss: 0.6143
Epoch 120/200
93/93 - 53s - 568ms/step - accuracy: 0.6212 - autoencoder_loss: 1.6358 - kl_loss: 0.6358 - loss: 2.7762 - reconstruction_loss: 1.0000 - vc_loss: 3.2649 - weighted_kl_loss: 0.6358
Epoch 120/200
93/93 - 52s - 564ms/step - accuracy: 0.6035 - autoencoder_loss: 1.9897 - kl_loss: 0.9901 - loss: 2.5548 - reconstruction_loss: 0.9996 - vc_loss: 2.7970 - weighted_kl_loss: 0.9901
Epoch 123/200
93/93 - 52s - 557ms/step - accuracy: 0.6136 - autoencoder_loss: 1.8259 - kl_loss: 0.8265 - loss: 3.3562 - reconstruction_loss: 0.9994 - vc_loss: 4.0120 - weighted_kl_loss: 0.8265
Epoch 125/200
93/93 - 52s - 560ms/step - accuracy: 0.6061 - autoencoder_loss: 1.6481 - kl_loss: 0.6486 - loss: 2.8176 - reconstruction_loss: 0.9995 - vc_loss: 3.3188 - weighted_kl_loss: 0.6486
Epoch 121/200
93/93 - 53s - 565ms/step - accuracy: 0.6212 - autoencoder_loss: 1.6146 - kl_loss: 0.6150 - loss: 3.0974 - reconstruction_loss: 0.9996 - vc_loss: 3.7330 - weighted_kl_loss: 0.6150
Epoch 121/200
93/93 - 52s - 560ms/step - accuracy: 0.6035 - autoencoder_loss: 1.9692 - kl_loss: 0.9695 - loss: 3.0457 - reconstruction_loss: 0.9997 - vc_loss: 3.5070 - weighted_kl_loss: 0.9695
Epoch 124/200
93/93 - 52s - 554ms/step - accuracy: 0.6136 - autoencoder_loss: 1.8110 - kl_loss: 0.8104 - loss: 2.6662 - reconstruction_loss: 1.0006 - vc_loss: 3.0327 - weighted_kl_loss: 0.8104
Epoch 126/200
93/93 - 52s - 560ms/step - accuracy: 0.6212 - autoencoder_loss: 1.6043 - kl_loss: 0.6047 - loss: 2.7544 - reconstruction_loss: 0.9996 - vc_loss: 3.2473 - weighted_kl_loss: 0.6047
Epoch 122/200
93/93 - 52s - 563ms/step - accuracy: 0.6035 - autoencoder_loss: 1.9636 - kl_loss: 0.9632 - loss: 2.7886 - reconstruction_loss: 1.0004 - vc_loss: 3.1422 - weighted_kl_loss: 0.9632
Epoch 125/200
93/93 - 82s - 880ms/step - accuracy: 0.6061 - autoencoder_loss: 1.5933 - kl_loss: 0.5936 - loss: 2.7367 - reconstruction_loss: 0.9996 - vc_loss: 3.2268 - weighted_kl_loss: 0.5936
Epoch 122/200
93/93 - 52s - 558ms/step - accuracy: 0.6136 - autoencoder_loss: 1.8125 - kl_loss: 0.8119 - loss: 3.0786 - reconstruction_loss: 1.0006 - vc_loss: 3.6213 - weighted_kl_loss: 0.8119
Epoch 127/200
93/93 - 54s - 576ms/step - accuracy: 0.6212 - autoencoder_loss: 1.5907 - kl_loss: 0.5904 - loss: 3.0270 - reconstruction_loss: 1.0004 - vc_loss: 3.6426 - weighted_kl_loss: 0.5904
Epoch 123/200
93/93 - 53s - 566ms/step - accuracy: 0.6061 - autoencoder_loss: 1.5626 - kl_loss: 0.5630 - loss: 2.7225 - reconstruction_loss: 0.9996 - vc_loss: 3.2196 - weighted_kl_loss: 0.5630
Epoch 123/200
93/93 - 53s - 569ms/step - accuracy: 0.6035 - autoencoder_loss: 1.9372 - kl_loss: 0.9379 - loss: 3.0579 - reconstruction_loss: 0.9993 - vc_loss: 3.5382 - weighted_kl_loss: 0.9379
Epoch 126/200
93/93 - 52s - 558ms/step - accuracy: 0.6136 - autoencoder_loss: 1.7905 - kl_loss: 0.7901 - loss: 3.2309 - reconstruction_loss: 1.0004 - vc_loss: 3.8482 - weighted_kl_loss: 0.7901
Epoch 128/200
93/93 - 53s - 574ms/step - accuracy: 0.6212 - autoencoder_loss: 1.5603 - kl_loss: 0.5606 - loss: 2.7185 - reconstruction_loss: 0.9997 - vc_loss: 3.2148 - weighted_kl_loss: 0.5606
Epoch 124/200
93/93 - 53s - 566ms/step - accuracy: 0.6061 - autoencoder_loss: 1.5303 - kl_loss: 0.5310 - loss: 2.8169 - reconstruction_loss: 0.9993 - vc_loss: 3.3682 - weighted_kl_loss: 0.5310
Epoch 124/200
93/93 - 53s - 567ms/step - accuracy: 0.6035 - autoencoder_loss: 1.9285 - kl_loss: 0.9285 - loss: 2.8678 - reconstruction_loss: 0.9999 - vc_loss: 3.2704 - weighted_kl_loss: 0.9285
Epoch 127/200
93/93 - 51s - 548ms/step - accuracy: 0.6136 - autoencoder_loss: 1.7685 - kl_loss: 0.7686 - loss: 3.5312 - reconstruction_loss: 0.9999 - vc_loss: 4.2866 - weighted_kl_loss: 0.7686
Epoch 129/200
93/93 - 52s - 557ms/step - accuracy: 0.6212 - autoencoder_loss: 1.5503 - kl_loss: 0.5500 - loss: 2.7657 - reconstruction_loss: 1.0002 - vc_loss: 3.2866 - weighted_kl_loss: 0.5500
Epoch 125/200
93/93 - 51s - 552ms/step - accuracy: 0.6035 - autoencoder_loss: 1.9106 - kl_loss: 0.9112 - loss: 3.0314 - reconstruction_loss: 0.9993 - vc_loss: 3.5117 - weighted_kl_loss: 0.9112
Epoch 128/200
93/93 - 52s - 554ms/step - accuracy: 0.6061 - autoencoder_loss: 1.5127 - kl_loss: 0.5130 - loss: 2.7022 - reconstruction_loss: 0.9997 - vc_loss: 3.2121 - weighted_kl_loss: 0.5130
Epoch 125/200
93/93 - 51s - 546ms/step - accuracy: 0.6136 - autoencoder_loss: 1.7415 - kl_loss: 0.7414 - loss: 2.9248 - reconstruction_loss: 1.0001 - vc_loss: 3.4319 - weighted_kl_loss: 0.7414
Epoch 130/200
93/93 - 52s - 556ms/step - accuracy: 0.6212 - autoencoder_loss: 1.5333 - kl_loss: 0.5344 - loss: 2.7860 - reconstruction_loss: 0.9989 - vc_loss: 3.3228 - weighted_kl_loss: 0.5344
Epoch 126/200
93/93 - 52s - 556ms/step - accuracy: 0.6061 - autoencoder_loss: 1.4948 - kl_loss: 0.4960 - loss: 2.7082 - reconstruction_loss: 0.9989 - vc_loss: 3.2283 - weighted_kl_loss: 0.4960
Epoch 126/200
93/93 - 52s - 560ms/step - accuracy: 0.6035 - autoencoder_loss: 1.8962 - kl_loss: 0.8972 - loss: 3.0008 - reconstruction_loss: 0.9990 - vc_loss: 3.4742 - weighted_kl_loss: 0.8972
Epoch 129/200
93/93 - 51s - 551ms/step - accuracy: 0.6136 - autoencoder_loss: 1.7152 - kl_loss: 0.7149 - loss: 3.3950 - reconstruction_loss: 1.0003 - vc_loss: 4.1149 - weighted_kl_loss: 0.7149
Epoch 131/200
93/93 - 53s - 569ms/step - accuracy: 0.6212 - autoencoder_loss: 1.5232 - kl_loss: 0.5232 - loss: 3.0421 - reconstruction_loss: 0.9999 - vc_loss: 3.6931 - weighted_kl_loss: 0.5232
Epoch 127/200
93/93 - 52s - 562ms/step - accuracy: 0.6061 - autoencoder_loss: 1.4770 - kl_loss: 0.4775 - loss: 2.7029 - reconstruction_loss: 0.9995 - vc_loss: 3.2282 - weighted_kl_loss: 0.4775
Epoch 127/200
93/93 - 53s - 566ms/step - accuracy: 0.6035 - autoencoder_loss: 1.9039 - kl_loss: 0.9031 - loss: 2.8898 - reconstruction_loss: 1.0008 - vc_loss: 3.3124 - weighted_kl_loss: 0.9031
Epoch 130/200
93/93 - 52s - 564ms/step - accuracy: 0.6136 - autoencoder_loss: 1.6958 - kl_loss: 0.6959 - loss: 2.9306 - reconstruction_loss: 0.9998 - vc_loss: 3.4599 - weighted_kl_loss: 0.6959
Epoch 132/200
93/93 - 53s - 571ms/step - accuracy: 0.6212 - autoencoder_loss: 1.5154 - kl_loss: 0.5143 - loss: 2.6271 - reconstruction_loss: 1.0010 - vc_loss: 3.1036 - weighted_kl_loss: 0.5143
Epoch 128/200
93/93 - 51s - 551ms/step - accuracy: 0.6035 - autoencoder_loss: 1.8909 - kl_loss: 0.8910 - loss: 2.9689 - reconstruction_loss: 0.9999 - vc_loss: 3.4309 - weighted_kl_loss: 0.8910
Epoch 131/200
93/93 - 52s - 559ms/step - accuracy: 0.6061 - autoencoder_loss: 1.4803 - kl_loss: 0.4812 - loss: 2.3590 - reconstruction_loss: 0.9991 - vc_loss: 2.7355 - weighted_kl_loss: 0.4812
Epoch 128/200
93/93 - 52s - 562ms/step - accuracy: 0.6136 - autoencoder_loss: 1.6896 - kl_loss: 0.6891 - loss: 2.9837 - reconstruction_loss: 1.0005 - vc_loss: 3.5383 - weighted_kl_loss: 0.6891
Epoch 133/200
93/93 - 52s - 558ms/step - accuracy: 0.6212 - autoencoder_loss: 1.4962 - kl_loss: 0.4963 - loss: 2.8144 - reconstruction_loss: 0.9999 - vc_loss: 3.3793 - weighted_kl_loss: 0.4963
Epoch 129/200
93/93 - 52s - 560ms/step - accuracy: 0.6035 - autoencoder_loss: 1.8819 - kl_loss: 0.8824 - loss: 2.7998 - reconstruction_loss: 0.9994 - vc_loss: 3.1932 - weighted_kl_loss: 0.8824
Epoch 132/200
93/93 - 53s - 569ms/step - accuracy: 0.6061 - autoencoder_loss: 1.4629 - kl_loss: 0.4632 - loss: 2.7754 - reconstruction_loss: 0.9997 - vc_loss: 3.3380 - weighted_kl_loss: 0.4632
Epoch 129/200
93/93 - 52s - 557ms/step - accuracy: 0.6136 - autoencoder_loss: 1.7546 - kl_loss: 0.7546 - loss: 3.5055 - reconstruction_loss: 1.0000 - vc_loss: 4.2559 - weighted_kl_loss: 0.7546
Epoch 134/200
93/93 - 53s - 574ms/step - accuracy: 0.6212 - autoencoder_loss: 1.4839 - kl_loss: 0.4845 - loss: 2.7308 - reconstruction_loss: 0.9994 - vc_loss: 3.2651 - weighted_kl_loss: 0.4845
Epoch 130/200
93/93 - 52s - 554ms/step - accuracy: 0.6061 - autoencoder_loss: 1.4443 - kl_loss: 0.4441 - loss: 2.5767 - reconstruction_loss: 1.0002 - vc_loss: 3.0620 - weighted_kl_loss: 0.4441
Epoch 130/200
93/93 - 52s - 564ms/step - accuracy: 0.6035 - autoencoder_loss: 1.8690 - kl_loss: 0.8693 - loss: 2.9380 - reconstruction_loss: 0.9998 - vc_loss: 3.3961 - weighted_kl_loss: 0.8693
Epoch 133/200
93/93 - 52s - 559ms/step - accuracy: 0.6136 - autoencoder_loss: 1.9242 - kl_loss: 0.9247 - loss: 4.8630 - reconstruction_loss: 0.9995 - vc_loss: 6.1225 - weighted_kl_loss: 0.9247
Epoch 135/200
93/93 - 52s - 561ms/step - accuracy: 0.6212 - autoencoder_loss: 1.4742 - kl_loss: 0.4724 - loss: 2.6665 - reconstruction_loss: 1.0019 - vc_loss: 3.1775 - weighted_kl_loss: 0.4724
Epoch 131/200
93/93 - 52s - 564ms/step - accuracy: 0.6061 - autoencoder_loss: 1.4299 - kl_loss: 0.4302 - loss: 2.4759 - reconstruction_loss: 0.9998 - vc_loss: 2.9241 - weighted_kl_loss: 0.4302
Epoch 131/200
93/93 - 52s - 564ms/step - accuracy: 0.6035 - autoencoder_loss: 1.8598 - kl_loss: 0.8606 - loss: 2.5709 - reconstruction_loss: 0.9993 - vc_loss: 2.8756 - weighted_kl_loss: 0.8606
Epoch 134/200
93/93 - 52s - 562ms/step - accuracy: 0.6136 - autoencoder_loss: 1.9038 - kl_loss: 0.9036 - loss: 3.6920 - reconstruction_loss: 1.0002 - vc_loss: 4.4584 - weighted_kl_loss: 0.9036
Epoch 136/200
93/93 - 53s - 569ms/step - accuracy: 0.6212 - autoencoder_loss: 1.4996 - kl_loss: 0.5001 - loss: 2.8669 - reconstruction_loss: 0.9995 - vc_loss: 3.4528 - weighted_kl_loss: 0.5001
Epoch 132/200
93/93 - 53s - 567ms/step - accuracy: 0.6061 - autoencoder_loss: 1.4223 - kl_loss: 0.4224 - loss: 2.9148 - reconstruction_loss: 0.9999 - vc_loss: 3.5544 - weighted_kl_loss: 0.4224
Epoch 132/200
93/93 - 53s - 567ms/step - accuracy: 0.6035 - autoencoder_loss: 1.8443 - kl_loss: 0.8439 - loss: 2.9562 - reconstruction_loss: 1.0004 - vc_loss: 3.4328 - weighted_kl_loss: 0.8439
Epoch 135/200
93/93 - 52s - 561ms/step - accuracy: 0.6136 - autoencoder_loss: 1.8503 - kl_loss: 0.8509 - loss: 4.1057 - reconstruction_loss: 0.9993 - vc_loss: 5.0723 - weighted_kl_loss: 0.8509
Epoch 137/200
93/93 - 53s - 566ms/step - accuracy: 0.6212 - autoencoder_loss: 1.4954 - kl_loss: 0.4945 - loss: 2.7654 - reconstruction_loss: 1.0010 - vc_loss: 3.3097 - weighted_kl_loss: 0.4945
Epoch 133/200
93/93 - 52s - 554ms/step - accuracy: 0.6061 - autoencoder_loss: 1.4092 - kl_loss: 0.4098 - loss: 2.5646 - reconstruction_loss: 0.9994 - vc_loss: 3.0598 - weighted_kl_loss: 0.4098
Epoch 133/200
93/93 - 52s - 557ms/step - accuracy: 0.6035 - autoencoder_loss: 1.8356 - kl_loss: 0.8331 - loss: 2.8835 - reconstruction_loss: 1.0025 - vc_loss: 3.3326 - weighted_kl_loss: 0.8331
Epoch 136/200
93/93 - 52s - 558ms/step - accuracy: 0.6136 - autoencoder_loss: 1.8464 - kl_loss: 0.8467 - loss: 4.5522 - reconstruction_loss: 0.9997 - vc_loss: 5.7118 - weighted_kl_loss: 0.8467
Epoch 138/200
93/93 - 52s - 563ms/step - accuracy: 0.6212 - autoencoder_loss: 1.4727 - kl_loss: 0.4735 - loss: 2.4576 - reconstruction_loss: 0.9992 - vc_loss: 2.8797 - weighted_kl_loss: 0.4735
Epoch 134/200
93/93 - 52s - 560ms/step - accuracy: 0.6061 - autoencoder_loss: 1.4086 - kl_loss: 0.4098 - loss: 2.6290 - reconstruction_loss: 0.9988 - vc_loss: 3.1521 - weighted_kl_loss: 0.4098
Epoch 134/200
93/93 - 52s - 562ms/step - accuracy: 0.6035 - autoencoder_loss: 1.8179 - kl_loss: 0.8180 - loss: 2.8995 - reconstruction_loss: 0.9998 - vc_loss: 3.3630 - weighted_kl_loss: 0.8180
Epoch 137/200
93/93 - 51s - 547ms/step - accuracy: 0.6136 - autoencoder_loss: 1.8162 - kl_loss: 0.8161 - loss: 4.3999 - reconstruction_loss: 1.0002 - vc_loss: 5.5072 - weighted_kl_loss: 0.8161
Epoch 139/200
93/93 - 53s - 570ms/step - accuracy: 0.6212 - autoencoder_loss: 1.4606 - kl_loss: 0.4615 - loss: 2.7137 - reconstruction_loss: 0.9991 - vc_loss: 3.2507 - weighted_kl_loss: 0.4615
Epoch 135/200
93/93 - 53s - 566ms/step - accuracy: 0.6061 - autoencoder_loss: 1.3965 - kl_loss: 0.3972 - loss: 2.4792 - reconstruction_loss: 0.9992 - vc_loss: 2.9432 - weighted_kl_loss: 0.3972
Epoch 135/200
93/93 - 53s - 567ms/step - accuracy: 0.6035 - autoencoder_loss: 1.7931 - kl_loss: 0.7930 - loss: 3.0382 - reconstruction_loss: 1.0002 - vc_loss: 3.5718 - weighted_kl_loss: 0.7930
Epoch 138/200
93/93 - 52s - 563ms/step - accuracy: 0.6136 - autoencoder_loss: 1.7842 - kl_loss: 0.7844 - loss: 3.7962 - reconstruction_loss: 0.9999 - vc_loss: 4.6585 - weighted_kl_loss: 0.7844
Epoch 140/200
93/93 - 53s - 572ms/step - accuracy: 0.6212 - autoencoder_loss: 1.4429 - kl_loss: 0.4397 - loss: 2.6094 - reconstruction_loss: 1.0032 - vc_loss: 3.1093 - weighted_kl_loss: 0.4397
Epoch 136/200
93/93 - 53s - 567ms/step - accuracy: 0.6061 - autoencoder_loss: 1.3771 - kl_loss: 0.3775 - loss: 2.8042 - reconstruction_loss: 0.9996 - vc_loss: 3.4158 - weighted_kl_loss: 0.3775
Epoch 136/200
93/93 - 53s - 567ms/step - accuracy: 0.6035 - autoencoder_loss: 1.7904 - kl_loss: 0.7903 - loss: 2.9703 - reconstruction_loss: 1.0001 - vc_loss: 3.4759 - weighted_kl_loss: 0.7903
Epoch 139/200
93/93 - 52s - 563ms/step - accuracy: 0.6136 - autoencoder_loss: 1.7450 - kl_loss: 0.7451 - loss: 3.5087 - reconstruction_loss: 0.9999 - vc_loss: 4.2645 - weighted_kl_loss: 0.7451
Epoch 141/200
93/93 - 53s - 573ms/step - accuracy: 0.6212 - autoencoder_loss: 1.4352 - kl_loss: 0.4357 - loss: 2.6665 - reconstruction_loss: 0.9994 - vc_loss: 3.1942 - weighted_kl_loss: 0.4357
Epoch 137/200
93/93 - 52s - 554ms/step - accuracy: 0.6136 - autoencoder_loss: 1.7629 - kl_loss: 0.7637 - loss: 3.3199 - reconstruction_loss: 0.9992 - vc_loss: 3.9872 - weighted_kl_loss: 0.7637
Epoch 142/200
93/93 - 52s - 563ms/step - accuracy: 0.6061 - autoencoder_loss: 1.3679 - kl_loss: 0.3683 - loss: 2.5136 - reconstruction_loss: 0.9996 - vc_loss: 3.0046 - weighted_kl_loss: 0.3683
Epoch 137/200
93/93 - 53s - 569ms/step - accuracy: 0.6035 - autoencoder_loss: 1.7886 - kl_loss: 0.7891 - loss: 3.0713 - reconstruction_loss: 0.9995 - vc_loss: 3.6211 - weighted_kl_loss: 0.7891
Epoch 140/200
93/93 - 52s - 559ms/step - accuracy: 0.6212 - autoencoder_loss: 1.4357 - kl_loss: 0.4359 - loss: 2.5205 - reconstruction_loss: 0.9998 - vc_loss: 2.9854 - weighted_kl_loss: 0.4359
Epoch 138/200
93/93 - 50s - 537ms/step - accuracy: 0.6061 - autoencoder_loss: 1.3931 - kl_loss: 0.3934 - loss: 2.5976 - reconstruction_loss: 0.9996 - vc_loss: 3.1139 - weighted_kl_loss: 0.3934
Epoch 138/200
93/93 - 51s - 544ms/step - accuracy: 0.6136 - autoencoder_loss: 1.7760 - kl_loss: 0.7756 - loss: 4.0257 - reconstruction_loss: 1.0004 - vc_loss: 4.9898 - weighted_kl_loss: 0.7756
Epoch 143/200
93/93 - 81s - 872ms/step - accuracy: 0.6035 - autoencoder_loss: 1.7772 - kl_loss: 0.7777 - loss: 2.7361 - reconstruction_loss: 0.9995 - vc_loss: 3.1471 - weighted_kl_loss: 0.7777
Epoch 141/200
93/93 - 53s - 572ms/step - accuracy: 0.6212 - autoencoder_loss: 1.4256 - kl_loss: 0.4237 - loss: 2.7106 - reconstruction_loss: 1.0019 - vc_loss: 3.2614 - weighted_kl_loss: 0.4237
Epoch 139/200
93/93 - 52s - 559ms/step - accuracy: 0.6136 - autoencoder_loss: 1.7529 - kl_loss: 0.7531 - loss: 3.6640 - reconstruction_loss: 0.9998 - vc_loss: 4.4831 - weighted_kl_loss: 0.7531
Epoch 144/200
93/93 - 53s - 568ms/step - accuracy: 0.6061 - autoencoder_loss: 1.3859 - kl_loss: 0.3867 - loss: 2.6917 - reconstruction_loss: 0.9992 - vc_loss: 3.2513 - weighted_kl_loss: 0.3867
Epoch 139/200
93/93 - 53s - 570ms/step - accuracy: 0.6035 - autoencoder_loss: 1.7660 - kl_loss: 0.7655 - loss: 2.6260 - reconstruction_loss: 1.0004 - vc_loss: 2.9945 - weighted_kl_loss: 0.7655
Epoch 142/200
93/93 - 53s - 571ms/step - accuracy: 0.6212 - autoencoder_loss: 1.4032 - kl_loss: 0.4029 - loss: 2.9395 - reconstruction_loss: 1.0003 - vc_loss: 3.5979 - weighted_kl_loss: 0.4029
Epoch 140/200
93/93 - 52s - 558ms/step - accuracy: 0.6136 - autoencoder_loss: 1.7126 - kl_loss: 0.7132 - loss: 2.9824 - reconstruction_loss: 0.9994 - vc_loss: 3.5266 - weighted_kl_loss: 0.7132
Epoch 145/200
93/93 - 53s - 568ms/step - accuracy: 0.6061 - autoencoder_loss: 1.3486 - kl_loss: 0.3492 - loss: 2.4907 - reconstruction_loss: 0.9994 - vc_loss: 2.9802 - weighted_kl_loss: 0.3492
Epoch 140/200
93/93 - 53s - 568ms/step - accuracy: 0.6035 - autoencoder_loss: 1.7483 - kl_loss: 0.7492 - loss: 2.8410 - reconstruction_loss: 0.9990 - vc_loss: 3.3093 - weighted_kl_loss: 0.7492
Epoch 143/200
93/93 - 53s - 574ms/step - accuracy: 0.6212 - autoencoder_loss: 1.3816 - kl_loss: 0.3811 - loss: 2.5295 - reconstruction_loss: 1.0005 - vc_loss: 3.0215 - weighted_kl_loss: 0.3811
Epoch 141/200
93/93 - 53s - 565ms/step - accuracy: 0.6136 - autoencoder_loss: 1.6581 - kl_loss: 0.6579 - loss: 3.4458 - reconstruction_loss: 1.0002 - vc_loss: 4.2119 - weighted_kl_loss: 0.6579
Epoch 146/200
93/93 - 53s - 570ms/step - accuracy: 0.6061 - autoencoder_loss: 1.3441 - kl_loss: 0.3443 - loss: 2.9161 - reconstruction_loss: 0.9999 - vc_loss: 3.5898 - weighted_kl_loss: 0.3443
Epoch 141/200
93/93 - 51s - 552ms/step - accuracy: 0.6035 - autoencoder_loss: 1.7495 - kl_loss: 0.7501 - loss: 2.9576 - reconstruction_loss: 0.9994 - vc_loss: 3.4754 - weighted_kl_loss: 0.7501
Epoch 144/200
93/93 - 51s - 551ms/step - accuracy: 0.6212 - autoencoder_loss: 1.3584 - kl_loss: 0.3583 - loss: 2.5149 - reconstruction_loss: 1.0001 - vc_loss: 3.0105 - weighted_kl_loss: 0.3583
Epoch 142/200
93/93 - 51s - 550ms/step - accuracy: 0.6136 - autoencoder_loss: 1.6313 - kl_loss: 0.6310 - loss: 2.9986 - reconstruction_loss: 1.0003 - vc_loss: 3.5846 - weighted_kl_loss: 0.6310
Epoch 147/200
93/93 - 52s - 558ms/step - accuracy: 0.6061 - autoencoder_loss: 1.3325 - kl_loss: 0.3329 - loss: 2.7109 - reconstruction_loss: 0.9996 - vc_loss: 3.3016 - weighted_kl_loss: 0.3329
Epoch 142/200
93/93 - 52s - 560ms/step - accuracy: 0.6035 - autoencoder_loss: 1.7446 - kl_loss: 0.7416 - loss: 2.7444 - reconstruction_loss: 1.0030 - vc_loss: 3.1729 - weighted_kl_loss: 0.7416
Epoch 145/200
93/93 - 52s - 555ms/step - accuracy: 0.6136 - autoencoder_loss: 1.6140 - kl_loss: 0.6139 - loss: 3.3806 - reconstruction_loss: 1.0000 - vc_loss: 4.1377 - weighted_kl_loss: 0.6139
Epoch 148/200
93/93 - 52s - 558ms/step - accuracy: 0.6061 - autoencoder_loss: 1.3241 - kl_loss: 0.3247 - loss: 2.4511 - reconstruction_loss: 0.9995 - vc_loss: 2.9341 - weighted_kl_loss: 0.3247
Epoch 143/200
93/93 - 84s - 900ms/step - accuracy: 0.6212 - autoencoder_loss: 1.3410 - kl_loss: 0.3417 - loss: 2.2865 - reconstruction_loss: 0.9993 - vc_loss: 2.6917 - weighted_kl_loss: 0.3417
Epoch 143/200
93/93 - 52s - 561ms/step - accuracy: 0.6035 - autoencoder_loss: 1.7311 - kl_loss: 0.7280 - loss: 2.5665 - reconstruction_loss: 1.0030 - vc_loss: 2.9245 - weighted_kl_loss: 0.7280
Epoch 146/200
93/93 - 53s - 566ms/step - accuracy: 0.6136 - autoencoder_loss: 1.6062 - kl_loss: 0.6065 - loss: 2.8361 - reconstruction_loss: 0.9996 - vc_loss: 3.3633 - weighted_kl_loss: 0.6065
Epoch 149/200
93/93 - 53s - 569ms/step - accuracy: 0.6061 - autoencoder_loss: 1.3156 - kl_loss: 0.3164 - loss: 2.6302 - reconstruction_loss: 0.9992 - vc_loss: 3.1936 - weighted_kl_loss: 0.3164
Epoch 144/200
93/93 - 53s - 574ms/step - accuracy: 0.6212 - autoencoder_loss: 1.3320 - kl_loss: 0.3322 - loss: 2.5391 - reconstruction_loss: 0.9998 - vc_loss: 3.0564 - weighted_kl_loss: 0.3322
Epoch 144/200
93/93 - 53s - 567ms/step - accuracy: 0.6035 - autoencoder_loss: 1.7198 - kl_loss: 0.7186 - loss: 2.6577 - reconstruction_loss: 1.0012 - vc_loss: 3.0597 - weighted_kl_loss: 0.7186
Epoch 147/200
93/93 - 53s - 565ms/step - accuracy: 0.6136 - autoencoder_loss: 1.5587 - kl_loss: 0.5566 - loss: 3.0421 - reconstruction_loss: 1.0021 - vc_loss: 3.6779 - weighted_kl_loss: 0.5566
Epoch 150/200
93/93 - 53s - 569ms/step - accuracy: 0.6061 - autoencoder_loss: 1.3133 - kl_loss: 0.3133 - loss: 2.6553 - reconstruction_loss: 1.0000 - vc_loss: 3.2305 - weighted_kl_loss: 0.3133
Epoch 145/200
93/93 - 54s - 576ms/step - accuracy: 0.6212 - autoencoder_loss: 1.3186 - kl_loss: 0.3191 - loss: 2.5214 - reconstruction_loss: 0.9995 - vc_loss: 3.0369 - weighted_kl_loss: 0.3191
Epoch 145/200
93/93 - 53s - 571ms/step - accuracy: 0.6035 - autoencoder_loss: 1.7066 - kl_loss: 0.7068 - loss: 2.6651 - reconstruction_loss: 0.9998 - vc_loss: 3.0758 - weighted_kl_loss: 0.7068
Epoch 148/200
93/93 - 52s - 562ms/step - accuracy: 0.6136 - autoencoder_loss: 1.5302 - kl_loss: 0.5303 - loss: 2.8961 - reconstruction_loss: 0.9999 - vc_loss: 3.4815 - weighted_kl_loss: 0.5303
Epoch 151/200
93/93 - 53s - 570ms/step - accuracy: 0.6061 - autoencoder_loss: 1.3049 - kl_loss: 0.3051 - loss: 2.6383 - reconstruction_loss: 0.9998 - vc_loss: 3.2098 - weighted_kl_loss: 0.3051
Epoch 146/200
93/93 - 53s - 569ms/step - accuracy: 0.6212 - autoencoder_loss: 1.3466 - kl_loss: 0.3451 - loss: 2.8840 - reconstruction_loss: 1.0014 - vc_loss: 3.5429 - weighted_kl_loss: 0.3451
Epoch 146/200
93/93 - 52s - 555ms/step - accuracy: 0.6035 - autoencoder_loss: 1.7008 - kl_loss: 0.7002 - loss: 2.8003 - reconstruction_loss: 1.0006 - vc_loss: 3.2715 - weighted_kl_loss: 0.7002
Epoch 149/200
93/93 - 51s - 546ms/step - accuracy: 0.6136 - autoencoder_loss: 1.5239 - kl_loss: 0.5235 - loss: 3.2763 - reconstruction_loss: 1.0004 - vc_loss: 4.0274 - weighted_kl_loss: 0.5235
Epoch 152/200
93/93 - 52s - 556ms/step - accuracy: 0.6061 - autoencoder_loss: 1.2975 - kl_loss: 0.2982 - loss: 2.6628 - reconstruction_loss: 0.9993 - vc_loss: 3.2480 - weighted_kl_loss: 0.2982
Epoch 147/200
93/93 - 53s - 569ms/step - accuracy: 0.6212 - autoencoder_loss: 1.4626 - kl_loss: 0.4632 - loss: 3.7173 - reconstruction_loss: 0.9995 - vc_loss: 4.6836 - weighted_kl_loss: 0.4632
Epoch 147/200
93/93 - 52s - 564ms/step - accuracy: 0.6035 - autoencoder_loss: 1.6892 - kl_loss: 0.6895 - loss: 2.6717 - reconstruction_loss: 0.9997 - vc_loss: 3.0928 - weighted_kl_loss: 0.6895
Epoch 150/200
93/93 - 53s - 565ms/step - accuracy: 0.6136 - autoencoder_loss: 1.5172 - kl_loss: 0.5170 - loss: 2.8678 - reconstruction_loss: 1.0002 - vc_loss: 3.4466 - weighted_kl_loss: 0.5170
Epoch 153/200
93/93 - 53s - 567ms/step - accuracy: 0.6061 - autoencoder_loss: 1.2900 - kl_loss: 0.2903 - loss: 2.7256 - reconstruction_loss: 0.9997 - vc_loss: 3.3409 - weighted_kl_loss: 0.2903
Epoch 148/200
93/93 - 53s - 575ms/step - accuracy: 0.6212 - autoencoder_loss: 1.4258 - kl_loss: 0.4251 - loss: 2.7104 - reconstruction_loss: 1.0007 - vc_loss: 3.2609 - weighted_kl_loss: 0.4251
Epoch 148/200
93/93 - 53s - 568ms/step - accuracy: 0.6035 - autoencoder_loss: 1.6839 - kl_loss: 0.6842 - loss: 2.6976 - reconstruction_loss: 0.9997 - vc_loss: 3.1320 - weighted_kl_loss: 0.6842
Epoch 151/200
93/93 - 52s - 564ms/step - accuracy: 0.6136 - autoencoder_loss: 1.5009 - kl_loss: 0.5010 - loss: 3.2094 - reconstruction_loss: 0.9998 - vc_loss: 3.9416 - weighted_kl_loss: 0.5010
Epoch 154/200
93/93 - 52s - 563ms/step - accuracy: 0.6061 - autoencoder_loss: 1.2853 - kl_loss: 0.2853 - loss: 2.4966 - reconstruction_loss: 1.0000 - vc_loss: 3.0158 - weighted_kl_loss: 0.2853
Epoch 149/200
93/93 - 53s - 571ms/step - accuracy: 0.6212 - autoencoder_loss: 1.3943 - kl_loss: 0.3947 - loss: 3.4619 - reconstruction_loss: 0.9996 - vc_loss: 4.3480 - weighted_kl_loss: 0.3947
Epoch 149/200
93/93 - 53s - 566ms/step - accuracy: 0.6035 - autoencoder_loss: 1.6679 - kl_loss: 0.6684 - loss: 2.5950 - reconstruction_loss: 0.9995 - vc_loss: 2.9923 - weighted_kl_loss: 0.6684
Epoch 152/200
93/93 - 52s - 562ms/step - accuracy: 0.6136 - autoencoder_loss: 1.5342 - kl_loss: 0.5345 - loss: 3.1628 - reconstruction_loss: 0.9997 - vc_loss: 3.8608 - weighted_kl_loss: 0.5345
Epoch 155/200
93/93 - 53s - 565ms/step - accuracy: 0.6061 - autoencoder_loss: 1.2746 - kl_loss: 0.2748 - loss: 2.7634 - reconstruction_loss: 0.9998 - vc_loss: 3.4015 - weighted_kl_loss: 0.2748
Epoch 150/200
93/93 - 52s - 563ms/step - accuracy: 0.6212 - autoencoder_loss: 1.3733 - kl_loss: 0.3728 - loss: 3.3673 - reconstruction_loss: 1.0006 - vc_loss: 4.2218 - weighted_kl_loss: 0.3728
Epoch 150/200
93/93 - 53s - 565ms/step - accuracy: 0.6035 - autoencoder_loss: 1.6708 - kl_loss: 0.6712 - loss: 2.8468 - reconstruction_loss: 0.9996 - vc_loss: 3.3508 - weighted_kl_loss: 0.6712
Epoch 153/200
93/93 - 52s - 559ms/step - accuracy: 0.6136 - autoencoder_loss: 1.5437 - kl_loss: 0.5427 - loss: 2.5519 - reconstruction_loss: 1.0010 - vc_loss: 2.9839 - weighted_kl_loss: 0.5427
Epoch 156/200
93/93 - 52s - 563ms/step - accuracy: 0.6061 - autoencoder_loss: 1.2750 - kl_loss: 0.2757 - loss: 2.4968 - reconstruction_loss: 0.9993 - vc_loss: 3.0204 - weighted_kl_loss: 0.2757
Epoch 151/200
93/93 - 53s - 574ms/step - accuracy: 0.6212 - autoencoder_loss: 1.3565 - kl_loss: 0.3569 - loss: 2.7673 - reconstruction_loss: 0.9996 - vc_loss: 3.3720 - weighted_kl_loss: 0.3569
Epoch 151/200
93/93 - 52s - 557ms/step - accuracy: 0.6035 - autoencoder_loss: 1.6603 - kl_loss: 0.6586 - loss: 2.7242 - reconstruction_loss: 1.0017 - vc_loss: 3.1801 - weighted_kl_loss: 0.6586
Epoch 154/200
93/93 - 51s - 550ms/step - accuracy: 0.6136 - autoencoder_loss: 1.5349 - kl_loss: 0.5352 - loss: 2.6260 - reconstruction_loss: 0.9997 - vc_loss: 3.0936 - weighted_kl_loss: 0.5352
Epoch 157/200
93/93 - 51s - 554ms/step - accuracy: 0.6212 - autoencoder_loss: 1.3427 - kl_loss: 0.3417 - loss: 2.8651 - reconstruction_loss: 1.0010 - vc_loss: 3.5176 - weighted_kl_loss: 0.3417
Epoch 152/200
93/93 - 81s - 867ms/step - accuracy: 0.6061 - autoencoder_loss: 1.2649 - kl_loss: 0.2654 - loss: 2.5584 - reconstruction_loss: 0.9995 - vc_loss: 3.1128 - weighted_kl_loss: 0.2654
Epoch 152/200
93/93 - 51s - 550ms/step - accuracy: 0.6035 - autoencoder_loss: 1.6475 - kl_loss: 0.6480 - loss: 2.6082 - reconstruction_loss: 0.9995 - vc_loss: 3.0199 - weighted_kl_loss: 0.6480
Epoch 155/200
93/93 - 50s - 540ms/step - accuracy: 0.6136 - autoencoder_loss: 1.5384 - kl_loss: 0.5382 - loss: 2.9766 - reconstruction_loss: 1.0002 - vc_loss: 3.5930 - weighted_kl_loss: 0.5382
Epoch 158/200
93/93 - 53s - 569ms/step - accuracy: 0.6212 - autoencoder_loss: 1.3343 - kl_loss: 0.3342 - loss: 2.9550 - reconstruction_loss: 1.0001 - vc_loss: 3.6495 - weighted_kl_loss: 0.3342
Epoch 153/200
93/93 - 52s - 563ms/step - accuracy: 0.6061 - autoencoder_loss: 1.2577 - kl_loss: 0.2577 - loss: 2.6560 - reconstruction_loss: 1.0000 - vc_loss: 3.2553 - weighted_kl_loss: 0.2577
Epoch 153/200
93/93 - 52s - 564ms/step - accuracy: 0.6035 - autoencoder_loss: 1.6327 - kl_loss: 0.6324 - loss: 2.7750 - reconstruction_loss: 1.0003 - vc_loss: 3.2646 - weighted_kl_loss: 0.6324
Epoch 156/200
93/93 - 52s - 564ms/step - accuracy: 0.6136 - autoencoder_loss: 1.5169 - kl_loss: 0.5168 - loss: 3.1693 - reconstruction_loss: 1.0001 - vc_loss: 3.8775 - weighted_kl_loss: 0.5168
Epoch 159/200
93/93 - 54s - 576ms/step - accuracy: 0.6212 - autoencoder_loss: 1.3141 - kl_loss: 0.3146 - loss: 2.5847 - reconstruction_loss: 0.9994 - vc_loss: 3.1293 - weighted_kl_loss: 0.3146
Epoch 154/200
93/93 - 53s - 566ms/step - accuracy: 0.6061 - autoencoder_loss: 1.2499 - kl_loss: 0.2494 - loss: 2.2771 - reconstruction_loss: 1.0005 - vc_loss: 2.7173 - weighted_kl_loss: 0.2494
Epoch 154/200
93/93 - 53s - 569ms/step - accuracy: 0.6035 - autoencoder_loss: 1.6223 - kl_loss: 0.6226 - loss: 2.5605 - reconstruction_loss: 0.9996 - vc_loss: 2.9626 - weighted_kl_loss: 0.6226
Epoch 157/200
93/93 - 52s - 562ms/step - accuracy: 0.6136 - autoencoder_loss: 1.5034 - kl_loss: 0.5042 - loss: 2.7697 - reconstruction_loss: 0.9992 - vc_loss: 3.3123 - weighted_kl_loss: 0.5042
Epoch 160/200
93/93 - 52s - 558ms/step - accuracy: 0.6061 - autoencoder_loss: 1.2461 - kl_loss: 0.2461 - loss: 2.7474 - reconstruction_loss: 1.0000 - vc_loss: 3.3909 - weighted_kl_loss: 0.2461
Epoch 155/200
93/93 - 53s - 572ms/step - accuracy: 0.6212 - autoencoder_loss: 1.3113 - kl_loss: 0.3115 - loss: 2.5687 - reconstruction_loss: 0.9998 - vc_loss: 3.1075 - weighted_kl_loss: 0.3115
Epoch 155/200
93/93 - 52s - 557ms/step - accuracy: 0.6035 - autoencoder_loss: 1.6143 - kl_loss: 0.6140 - loss: 2.6240 - reconstruction_loss: 1.0003 - vc_loss: 3.0567 - weighted_kl_loss: 0.6140
Epoch 158/200
93/93 - 52s - 558ms/step - accuracy: 0.6136 - autoencoder_loss: 1.4971 - kl_loss: 0.4973 - loss: 2.6185 - reconstruction_loss: 0.9997 - vc_loss: 3.0991 - weighted_kl_loss: 0.4973
Epoch 161/200
93/93 - 52s - 564ms/step - accuracy: 0.6061 - autoencoder_loss: 1.2362 - kl_loss: 0.2372 - loss: 2.9369 - reconstruction_loss: 0.9991 - vc_loss: 3.6657 - weighted_kl_loss: 0.2372
Epoch 156/200
93/93 - 52s - 556ms/step - accuracy: 0.6035 - autoencoder_loss: 1.6543 - kl_loss: 0.6540 - loss: 2.7807 - reconstruction_loss: 1.0003 - vc_loss: 3.2634 - weighted_kl_loss: 0.6540
Epoch 159/200
93/93 - 53s - 566ms/step - accuracy: 0.6212 - autoencoder_loss: 1.2872 - kl_loss: 0.2877 - loss: 2.8727 - reconstruction_loss: 0.9995 - vc_loss: 3.5521 - weighted_kl_loss: 0.2877
Epoch 156/200
93/93 - 52s - 558ms/step - accuracy: 0.6136 - autoencoder_loss: 1.4766 - kl_loss: 0.4774 - loss: 2.9654 - reconstruction_loss: 0.9993 - vc_loss: 3.6034 - weighted_kl_loss: 0.4774
Epoch 162/200
93/93 - 53s - 566ms/step - accuracy: 0.6061 - autoencoder_loss: 1.2316 - kl_loss: 0.2311 - loss: 2.6341 - reconstruction_loss: 1.0005 - vc_loss: 3.2351 - weighted_kl_loss: 0.2311
Epoch 157/200
93/93 - 52s - 559ms/step - accuracy: 0.6035 - autoencoder_loss: 1.6793 - kl_loss: 0.6793 - loss: 2.7762 - reconstruction_loss: 1.0000 - vc_loss: 3.2463 - weighted_kl_loss: 0.6793
Epoch 160/200
93/93 - 53s - 570ms/step - accuracy: 0.6212 - autoencoder_loss: 1.2793 - kl_loss: 0.2797 - loss: 2.6387 - reconstruction_loss: 0.9996 - vc_loss: 3.2212 - weighted_kl_loss: 0.2797
Epoch 157/200
93/93 - 52s - 558ms/step - accuracy: 0.6136 - autoencoder_loss: 1.4711 - kl_loss: 0.4714 - loss: 3.1399 - reconstruction_loss: 0.9997 - vc_loss: 3.8550 - weighted_kl_loss: 0.4714
Epoch 163/200
93/93 - 52s - 562ms/step - accuracy: 0.6061 - autoencoder_loss: 1.2310 - kl_loss: 0.2307 - loss: 2.5329 - reconstruction_loss: 1.0003 - vc_loss: 3.0908 - weighted_kl_loss: 0.2307
Epoch 158/200
93/93 - 52s - 564ms/step - accuracy: 0.6035 - autoencoder_loss: 1.6537 - kl_loss: 0.6543 - loss: 2.9096 - reconstruction_loss: 0.9993 - vc_loss: 3.4479 - weighted_kl_loss: 0.6543
Epoch 161/200
93/93 - 52s - 562ms/step - accuracy: 0.6212 - autoencoder_loss: 1.2773 - kl_loss: 0.2778 - loss: 3.0519 - reconstruction_loss: 0.9995 - vc_loss: 3.8124 - weighted_kl_loss: 0.2778
Epoch 158/200
93/93 - 52s - 557ms/step - accuracy: 0.6136 - autoencoder_loss: 1.4599 - kl_loss: 0.4593 - loss: 3.0426 - reconstruction_loss: 1.0006 - vc_loss: 3.7209 - weighted_kl_loss: 0.4593
Epoch 164/200
93/93 - 51s - 549ms/step - accuracy: 0.6061 - autoencoder_loss: 1.2256 - kl_loss: 0.2254 - loss: 2.6514 - reconstruction_loss: 1.0002 - vc_loss: 3.2625 - weighted_kl_loss: 0.2254
Epoch 159/200
93/93 - 51s - 553ms/step - accuracy: 0.6035 - autoencoder_loss: 1.6509 - kl_loss: 0.6497 - loss: 2.6697 - reconstruction_loss: 1.0013 - vc_loss: 3.1063 - weighted_kl_loss: 0.6497
Epoch 162/200
93/93 - 52s - 556ms/step - accuracy: 0.6212 - autoencoder_loss: 1.2660 - kl_loss: 0.2653 - loss: 2.9511 - reconstruction_loss: 1.0007 - vc_loss: 3.6733 - weighted_kl_loss: 0.2653
Epoch 159/200
93/93 - 50s - 538ms/step - accuracy: 0.6136 - autoencoder_loss: 1.4392 - kl_loss: 0.4386 - loss: 2.6722 - reconstruction_loss: 1.0006 - vc_loss: 3.2006 - weighted_kl_loss: 0.4386
Epoch 165/200
93/93 - 52s - 560ms/step - accuracy: 0.6061 - autoencoder_loss: 1.2129 - kl_loss: 0.2130 - loss: 2.3967 - reconstruction_loss: 0.9999 - vc_loss: 2.9040 - weighted_kl_loss: 0.2130
Epoch 160/200
93/93 - 52s - 563ms/step - accuracy: 0.6035 - autoencoder_loss: 1.6297 - kl_loss: 0.6299 - loss: 2.8351 - reconstruction_loss: 0.9999 - vc_loss: 3.3517 - weighted_kl_loss: 0.6299
Epoch 163/200
93/93 - 53s - 572ms/step - accuracy: 0.6212 - autoencoder_loss: 1.2477 - kl_loss: 0.2470 - loss: 3.1254 - reconstruction_loss: 1.0008 - vc_loss: 3.9301 - weighted_kl_loss: 0.2470
Epoch 160/200
93/93 - 52s - 557ms/step - accuracy: 0.6136 - autoencoder_loss: 1.4508 - kl_loss: 0.4512 - loss: 2.9011 - reconstruction_loss: 0.9996 - vc_loss: 3.5227 - weighted_kl_loss: 0.4512
Epoch 166/200
93/93 - 52s - 562ms/step - accuracy: 0.6061 - autoencoder_loss: 1.2061 - kl_loss: 0.2066 - loss: 2.2837 - reconstruction_loss: 0.9995 - vc_loss: 2.7456 - weighted_kl_loss: 0.2066
Epoch 161/200
93/93 - 53s - 570ms/step - accuracy: 0.6035 - autoencoder_loss: 1.6060 - kl_loss: 0.6060 - loss: 2.8494 - reconstruction_loss: 1.0000 - vc_loss: 3.3822 - weighted_kl_loss: 0.6060
Epoch 164/200
93/93 - 53s - 575ms/step - accuracy: 0.6212 - autoencoder_loss: 1.2349 - kl_loss: 0.2341 - loss: 2.5843 - reconstruction_loss: 1.0008 - vc_loss: 3.1627 - weighted_kl_loss: 0.2341
Epoch 161/200
93/93 - 52s - 562ms/step - accuracy: 0.6136 - autoencoder_loss: 1.4458 - kl_loss: 0.4456 - loss: 2.9186 - reconstruction_loss: 1.0002 - vc_loss: 3.5498 - weighted_kl_loss: 0.4456
Epoch 167/200
93/93 - 52s - 562ms/step - accuracy: 0.6061 - autoencoder_loss: 1.2043 - kl_loss: 0.2040 - loss: 2.5135 - reconstruction_loss: 1.0002 - vc_loss: 3.0746 - weighted_kl_loss: 0.2040
Epoch 162/200
93/93 - 53s - 569ms/step - accuracy: 0.6035 - autoencoder_loss: 1.5940 - kl_loss: 0.5944 - loss: 2.6515 - reconstruction_loss: 0.9996 - vc_loss: 3.1046 - weighted_kl_loss: 0.5944
Epoch 165/200
93/93 - 54s - 576ms/step - accuracy: 0.6212 - autoencoder_loss: 1.2255 - kl_loss: 0.2261 - loss: 2.7263 - reconstruction_loss: 0.9994 - vc_loss: 3.3695 - weighted_kl_loss: 0.2261
Epoch 162/200
93/93 - 52s - 560ms/step - accuracy: 0.6136 - autoencoder_loss: 1.4248 - kl_loss: 0.4255 - loss: 2.6895 - reconstruction_loss: 0.9994 - vc_loss: 3.2316 - weighted_kl_loss: 0.4255
Epoch 168/200
93/93 - 51s - 543ms/step - accuracy: 0.6061 - autoencoder_loss: 1.1979 - kl_loss: 0.1978 - loss: 2.7864 - reconstruction_loss: 1.0001 - vc_loss: 3.4672 - weighted_kl_loss: 0.1978
Epoch 163/200
93/93 - 52s - 555ms/step - accuracy: 0.6035 - autoencoder_loss: 1.5855 - kl_loss: 0.5858 - loss: 3.1324 - reconstruction_loss: 0.9997 - vc_loss: 3.7954 - weighted_kl_loss: 0.5858
Epoch 166/200
93/93 - 52s - 560ms/step - accuracy: 0.6212 - autoencoder_loss: 1.2502 - kl_loss: 0.2494 - loss: 2.6314 - reconstruction_loss: 1.0009 - vc_loss: 3.2233 - weighted_kl_loss: 0.2494
Epoch 163/200
93/93 - 52s - 556ms/step - accuracy: 0.6136 - autoencoder_loss: 1.4205 - kl_loss: 0.4193 - loss: 2.6271 - reconstruction_loss: 1.0013 - vc_loss: 3.1441 - weighted_kl_loss: 0.4193
Epoch 169/200
93/93 - 52s - 561ms/step - accuracy: 0.6061 - autoencoder_loss: 1.1919 - kl_loss: 0.1913 - loss: 2.4016 - reconstruction_loss: 1.0006 - vc_loss: 2.9200 - weighted_kl_loss: 0.1913
Epoch 164/200
93/93 - 53s - 571ms/step - accuracy: 0.6035 - autoencoder_loss: 1.5857 - kl_loss: 0.5862 - loss: 2.8124 - reconstruction_loss: 0.9995 - vc_loss: 3.3381 - weighted_kl_loss: 0.5862
Epoch 167/200
93/93 - 54s - 576ms/step - accuracy: 0.6212 - autoencoder_loss: 1.2504 - kl_loss: 0.2505 - loss: 2.5870 - reconstruction_loss: 0.9998 - vc_loss: 3.1598 - weighted_kl_loss: 0.2505
Epoch 164/200
93/93 - 52s - 564ms/step - accuracy: 0.6136 - autoencoder_loss: 1.4012 - kl_loss: 0.4020 - loss: 3.1664 - reconstruction_loss: 0.9992 - vc_loss: 3.9229 - weighted_kl_loss: 0.4020
Epoch 170/200
93/93 - 51s - 552ms/step - accuracy: 0.6061 - autoencoder_loss: 1.1856 - kl_loss: 0.1857 - loss: 2.8220 - reconstruction_loss: 1.0000 - vc_loss: 3.5233 - weighted_kl_loss: 0.1857
Epoch 165/200
93/93 - 52s - 560ms/step - accuracy: 0.6035 - autoencoder_loss: 1.5818 - kl_loss: 0.5825 - loss: 2.8899 - reconstruction_loss: 0.9994 - vc_loss: 3.4506 - weighted_kl_loss: 0.5825
Epoch 168/200
93/93 - 52s - 562ms/step - accuracy: 0.6212 - autoencoder_loss: 1.2793 - kl_loss: 0.2802 - loss: 3.0510 - reconstruction_loss: 0.9991 - vc_loss: 3.8103 - weighted_kl_loss: 0.2802
Epoch 165/200
93/93 - 51s - 549ms/step - accuracy: 0.6136 - autoencoder_loss: 1.4126 - kl_loss: 0.4122 - loss: 2.7436 - reconstruction_loss: 1.0004 - vc_loss: 3.3141 - weighted_kl_loss: 0.4122
Epoch 171/200
93/93 - 51s - 554ms/step - accuracy: 0.6061 - autoencoder_loss: 1.1823 - kl_loss: 0.1817 - loss: 2.6548 - reconstruction_loss: 1.0006 - vc_loss: 3.2858 - weighted_kl_loss: 0.1817
Epoch 166/200
93/93 - 52s - 561ms/step - accuracy: 0.6035 - autoencoder_loss: 1.5774 - kl_loss: 0.5772 - loss: 2.9802 - reconstruction_loss: 1.0002 - vc_loss: 3.5814 - weighted_kl_loss: 0.5772
Epoch 169/200
93/93 - 52s - 563ms/step - accuracy: 0.6212 - autoencoder_loss: 1.2734 - kl_loss: 0.2738 - loss: 2.6828 - reconstruction_loss: 0.9995 - vc_loss: 3.2868 - weighted_kl_loss: 0.2738
Epoch 166/200
93/93 - 52s - 561ms/step - accuracy: 0.6136 - autoencoder_loss: 1.4014 - kl_loss: 0.4017 - loss: 2.4793 - reconstruction_loss: 0.9998 - vc_loss: 2.9412 - weighted_kl_loss: 0.4017
Epoch 172/200
93/93 - 52s - 555ms/step - accuracy: 0.6061 - autoencoder_loss: 1.2103 - kl_loss: 0.2106 - loss: 2.9338 - reconstruction_loss: 0.9997 - vc_loss: 3.6725 - weighted_kl_loss: 0.2106
Epoch 167/200
93/93 - 53s - 573ms/step - accuracy: 0.6035 - autoencoder_loss: 1.5741 - kl_loss: 0.5740 - loss: 2.9267 - reconstruction_loss: 1.0001 - vc_loss: 3.5064 - weighted_kl_loss: 0.5740
Epoch 170/200
93/93 - 53s - 570ms/step - accuracy: 0.6212 - autoencoder_loss: 1.2417 - kl_loss: 0.2407 - loss: 3.0549 - reconstruction_loss: 1.0010 - vc_loss: 3.8320 - weighted_kl_loss: 0.2407
Epoch 167/200
93/93 - 52s - 561ms/step - accuracy: 0.6136 - autoencoder_loss: 1.3858 - kl_loss: 0.3861 - loss: 2.9398 - reconstruction_loss: 0.9997 - vc_loss: 3.6058 - weighted_kl_loss: 0.3861
Epoch 173/200
93/93 - 51s - 546ms/step - accuracy: 0.6061 - autoencoder_loss: 1.2861 - kl_loss: 0.2859 - loss: 2.6535 - reconstruction_loss: 1.0002 - vc_loss: 3.2396 - weighted_kl_loss: 0.2859
Epoch 168/200
93/93 - 52s - 564ms/step - accuracy: 0.6035 - autoencoder_loss: 1.5519 - kl_loss: 0.5524 - loss: 2.5828 - reconstruction_loss: 0.9995 - vc_loss: 3.0247 - weighted_kl_loss: 0.5524
Epoch 171/200
93/93 - 52s - 557ms/step - accuracy: 0.6212 - autoencoder_loss: 1.2180 - kl_loss: 0.2186 - loss: 2.6584 - reconstruction_loss: 0.9994 - vc_loss: 3.2757 - weighted_kl_loss: 0.2186
Epoch 168/200
93/93 - 51s - 547ms/step - accuracy: 0.6136 - autoencoder_loss: 1.3730 - kl_loss: 0.3737 - loss: 2.8717 - reconstruction_loss: 0.9994 - vc_loss: 3.5139 - weighted_kl_loss: 0.3737
Epoch 174/200
93/93 - 51s - 544ms/step - accuracy: 0.6061 - autoencoder_loss: 1.2673 - kl_loss: 0.2677 - loss: 2.6890 - reconstruction_loss: 0.9996 - vc_loss: 3.2983 - weighted_kl_loss: 0.2677
Epoch 169/200
93/93 - 52s - 556ms/step - accuracy: 0.6035 - autoencoder_loss: 1.5484 - kl_loss: 0.5489 - loss: 3.2532 - reconstruction_loss: 0.9996 - vc_loss: 3.9839 - weighted_kl_loss: 0.5489
Epoch 172/200
93/93 - 51s - 549ms/step - accuracy: 0.6136 - autoencoder_loss: 1.3702 - kl_loss: 0.3698 - loss: 2.5685 - reconstruction_loss: 1.0004 - vc_loss: 3.0820 - weighted_kl_loss: 0.3698
Epoch 175/200
93/93 - 53s - 568ms/step - accuracy: 0.6212 - autoencoder_loss: 1.1969 - kl_loss: 0.1972 - loss: 2.8265 - reconstruction_loss: 0.9997 - vc_loss: 3.5249 - weighted_kl_loss: 0.1972
Epoch 169/200
93/93 - 52s - 559ms/step - accuracy: 0.6061 - autoencoder_loss: 1.2598 - kl_loss: 0.2604 - loss: 2.5957 - reconstruction_loss: 0.9994 - vc_loss: 3.1682 - weighted_kl_loss: 0.2604
Epoch 170/200
93/93 - 53s - 572ms/step - accuracy: 0.6035 - autoencoder_loss: 1.5257 - kl_loss: 0.5259 - loss: 2.6612 - reconstruction_loss: 0.9998 - vc_loss: 3.1479 - weighted_kl_loss: 0.5259
Epoch 173/200
93/93 - 52s - 555ms/step - accuracy: 0.6136 - autoencoder_loss: 1.3666 - kl_loss: 0.3665 - loss: 2.7308 - reconstruction_loss: 1.0001 - vc_loss: 3.3154 - weighted_kl_loss: 0.3665
Epoch 176/200
93/93 - 53s - 573ms/step - accuracy: 0.6212 - autoencoder_loss: 1.1816 - kl_loss: 0.1818 - loss: 3.0861 - reconstruction_loss: 0.9998 - vc_loss: 3.9023 - weighted_kl_loss: 0.1818
Epoch 170/200
93/93 - 51s - 545ms/step - accuracy: 0.6061 - autoencoder_loss: 1.2453 - kl_loss: 0.2462 - loss: 2.4629 - reconstruction_loss: 0.9991 - vc_loss: 2.9847 - weighted_kl_loss: 0.2462
Epoch 171/200
93/93 - 51s - 552ms/step - accuracy: 0.6035 - autoencoder_loss: 1.5138 - kl_loss: 0.5143 - loss: 2.8241 - reconstruction_loss: 0.9995 - vc_loss: 3.3857 - weighted_kl_loss: 0.5143
Epoch 174/200
93/93 - 52s - 555ms/step - accuracy: 0.6136 - autoencoder_loss: 1.3613 - kl_loss: 0.3616 - loss: 2.7775 - reconstruction_loss: 0.9997 - vc_loss: 3.3844 - weighted_kl_loss: 0.3616
Epoch 177/200
93/93 - 51s - 547ms/step - accuracy: 0.6212 - autoencoder_loss: 1.1728 - kl_loss: 0.1730 - loss: 2.4448 - reconstruction_loss: 0.9998 - vc_loss: 2.9899 - weighted_kl_loss: 0.1730
Epoch 171/200
93/93 - 51s - 552ms/step - accuracy: 0.6061 - autoencoder_loss: 1.2412 - kl_loss: 0.2411 - loss: 3.2164 - reconstruction_loss: 1.0001 - vc_loss: 4.0629 - weighted_kl_loss: 0.2411
Epoch 172/200
93/93 - 53s - 571ms/step - accuracy: 0.6035 - autoencoder_loss: 1.5097 - kl_loss: 0.5099 - loss: 2.7358 - reconstruction_loss: 0.9998 - vc_loss: 3.2612 - weighted_kl_loss: 0.5099
Epoch 175/200
93/93 - 53s - 565ms/step - accuracy: 0.6136 - autoencoder_loss: 1.3486 - kl_loss: 0.3494 - loss: 2.4933 - reconstruction_loss: 0.9992 - vc_loss: 2.9839 - weighted_kl_loss: 0.3494
Epoch 178/200
93/93 - 54s - 576ms/step - accuracy: 0.6212 - autoencoder_loss: 1.1663 - kl_loss: 0.1659 - loss: 2.9745 - reconstruction_loss: 1.0004 - vc_loss: 3.7494 - weighted_kl_loss: 0.1659
Epoch 172/200
93/93 - 51s - 553ms/step - accuracy: 0.6061 - autoencoder_loss: 1.2366 - kl_loss: 0.2365 - loss: 2.7877 - reconstruction_loss: 1.0000 - vc_loss: 3.4525 - weighted_kl_loss: 0.2365
Epoch 173/200
93/93 - 53s - 568ms/step - accuracy: 0.6035 - autoencoder_loss: 1.5124 - kl_loss: 0.5128 - loss: 2.9487 - reconstruction_loss: 0.9996 - vc_loss: 3.5642 - weighted_kl_loss: 0.5128
Epoch 176/200
93/93 - 52s - 564ms/step - accuracy: 0.6136 - autoencoder_loss: 1.3511 - kl_loss: 0.3501 - loss: 2.5621 - reconstruction_loss: 1.0010 - vc_loss: 3.0810 - weighted_kl_loss: 0.3501
Epoch 179/200
93/93 - 53s - 568ms/step - accuracy: 0.6212 - autoencoder_loss: 1.1721 - kl_loss: 0.1723 - loss: 2.3368 - reconstruction_loss: 0.9998 - vc_loss: 2.8360 - weighted_kl_loss: 0.1723
Epoch 173/200
93/93 - 51s - 553ms/step - accuracy: 0.6061 - autoencoder_loss: 1.2277 - kl_loss: 0.2270 - loss: 2.6259 - reconstruction_loss: 1.0007 - vc_loss: 3.2251 - weighted_kl_loss: 0.2270
Epoch 174/200
93/93 - 51s - 549ms/step - accuracy: 0.6035 - autoencoder_loss: 1.4975 - kl_loss: 0.4977 - loss: 2.4912 - reconstruction_loss: 0.9998 - vc_loss: 2.9170 - weighted_kl_loss: 0.4977
Epoch 177/200
93/93 - 51s - 549ms/step - accuracy: 0.6136 - autoencoder_loss: 1.3476 - kl_loss: 0.3483 - loss: 2.4982 - reconstruction_loss: 0.9993 - vc_loss: 2.9913 - weighted_kl_loss: 0.3483
Epoch 180/200
93/93 - 52s - 556ms/step - accuracy: 0.6212 - autoencoder_loss: 1.1737 - kl_loss: 0.1737 - loss: 2.7166 - reconstruction_loss: 1.0000 - vc_loss: 3.3779 - weighted_kl_loss: 0.1737
Epoch 174/200
93/93 - 50s - 539ms/step - accuracy: 0.6061 - autoencoder_loss: 1.2073 - kl_loss: 0.2070 - loss: 2.3581 - reconstruction_loss: 1.0003 - vc_loss: 2.8513 - weighted_kl_loss: 0.2070
Epoch 175/200
93/93 - 51s - 553ms/step - accuracy: 0.6035 - autoencoder_loss: 1.4891 - kl_loss: 0.4899 - loss: 2.8689 - reconstruction_loss: 0.9992 - vc_loss: 3.4602 - weighted_kl_loss: 0.4899
Epoch 178/200
93/93 - 51s - 550ms/step - accuracy: 0.6136 - autoencoder_loss: 1.3445 - kl_loss: 0.3449 - loss: 2.6833 - reconstruction_loss: 0.9996 - vc_loss: 3.2570 - weighted_kl_loss: 0.3449
Epoch 181/200
93/93 - 52s - 558ms/step - accuracy: 0.6212 - autoencoder_loss: 1.1572 - kl_loss: 0.1563 - loss: 2.5130 - reconstruction_loss: 1.0009 - vc_loss: 3.0941 - weighted_kl_loss: 0.1563
Epoch 175/200
93/93 - 50s - 535ms/step - accuracy: 0.6061 - autoencoder_loss: 1.2331 - kl_loss: 0.2316 - loss: 2.5774 - reconstruction_loss: 1.0015 - vc_loss: 3.1536 - weighted_kl_loss: 0.2316
Epoch 176/200
93/93 - 49s - 529ms/step - accuracy: 0.6035 - autoencoder_loss: 1.4853 - kl_loss: 0.4841 - loss: 2.6757 - reconstruction_loss: 1.0012 - vc_loss: 3.1858 - weighted_kl_loss: 0.4841
Epoch 179/200
93/93 - 51s - 548ms/step - accuracy: 0.6136 - autoencoder_loss: 1.3425 - kl_loss: 0.3424 - loss: 2.4692 - reconstruction_loss: 1.0001 - vc_loss: 2.9520 - weighted_kl_loss: 0.3424
Epoch 182/200
93/93 - 52s - 561ms/step - accuracy: 0.6212 - autoencoder_loss: 1.1526 - kl_loss: 0.1523 - loss: 2.8696 - reconstruction_loss: 1.0003 - vc_loss: 3.6055 - weighted_kl_loss: 0.1523
Epoch 176/200
93/93 - 51s - 544ms/step - accuracy: 0.6061 - autoencoder_loss: 1.2148 - kl_loss: 0.2148 - loss: 2.7204 - reconstruction_loss: 1.0000 - vc_loss: 3.3657 - weighted_kl_loss: 0.2148
Epoch 177/200
93/93 - 52s - 561ms/step - accuracy: 0.6035 - autoencoder_loss: 1.4704 - kl_loss: 0.4705 - loss: 2.7145 - reconstruction_loss: 0.9999 - vc_loss: 3.2477 - weighted_kl_loss: 0.4705
Epoch 180/200
93/93 - 51s - 545ms/step - accuracy: 0.6136 - autoencoder_loss: 1.3354 - kl_loss: 0.3352 - loss: 2.9724 - reconstruction_loss: 1.0002 - vc_loss: 3.6740 - weighted_kl_loss: 0.3352
Epoch 183/200
93/93 - 53s - 569ms/step - accuracy: 0.6212 - autoencoder_loss: 1.1433 - kl_loss: 0.1438 - loss: 2.5121 - reconstruction_loss: 0.9995 - vc_loss: 3.0987 - weighted_kl_loss: 0.1438
Epoch 177/200
93/93 - 51s - 545ms/step - accuracy: 0.6035 - autoencoder_loss: 1.4709 - kl_loss: 0.4694 - loss: 2.8779 - reconstruction_loss: 1.0015 - vc_loss: 3.4810 - weighted_kl_loss: 0.4694
Epoch 181/200
93/93 - 50s - 539ms/step - accuracy: 0.6136 - autoencoder_loss: 1.3297 - kl_loss: 0.3292 - loss: 2.6217 - reconstruction_loss: 1.0005 - vc_loss: 3.1754 - weighted_kl_loss: 0.3292
Epoch 184/200
93/93 - 51s - 547ms/step - accuracy: 0.6212 - autoencoder_loss: 1.1378 - kl_loss: 0.1383 - loss: 2.8652 - reconstruction_loss: 0.9996 - vc_loss: 3.6055 - weighted_kl_loss: 0.1383
Epoch 178/200
93/93 - 80s - 865ms/step - accuracy: 0.6061 - autoencoder_loss: 1.2086 - kl_loss: 0.2080 - loss: 2.8838 - reconstruction_loss: 1.0006 - vc_loss: 3.6017 - weighted_kl_loss: 0.2080
Epoch 178/200
93/93 - 52s - 563ms/step - accuracy: 0.6035 - autoencoder_loss: 1.4521 - kl_loss: 0.4503 - loss: 2.7497 - reconstruction_loss: 1.0017 - vc_loss: 3.3058 - weighted_kl_loss: 0.4503
Epoch 182/200
93/93 - 51s - 551ms/step - accuracy: 0.6136 - autoencoder_loss: 1.3329 - kl_loss: 0.3337 - loss: 2.7751 - reconstruction_loss: 0.9992 - vc_loss: 3.3931 - weighted_kl_loss: 0.3337
Epoch 185/200
93/93 - 53s - 570ms/step - accuracy: 0.6212 - autoencoder_loss: 1.1333 - kl_loss: 0.1326 - loss: 2.7970 - reconstruction_loss: 1.0007 - vc_loss: 3.5100 - weighted_kl_loss: 0.1326
Epoch 179/200
93/93 - 51s - 553ms/step - accuracy: 0.6061 - autoencoder_loss: 1.2055 - kl_loss: 0.2049 - loss: 2.9999 - reconstruction_loss: 1.0006 - vc_loss: 3.7690 - weighted_kl_loss: 0.2049
Epoch 179/200
93/93 - 52s - 563ms/step - accuracy: 0.6136 - autoencoder_loss: 1.3295 - kl_loss: 0.3298 - loss: 2.6903 - reconstruction_loss: 0.9997 - vc_loss: 3.2735 - weighted_kl_loss: 0.3298
Epoch 186/200
93/93 - 53s - 569ms/step - accuracy: 0.6035 - autoencoder_loss: 1.4485 - kl_loss: 0.4493 - loss: 2.8073 - reconstruction_loss: 0.9991 - vc_loss: 3.3897 - weighted_kl_loss: 0.4493
Epoch 183/200
93/93 - 52s - 556ms/step - accuracy: 0.6061 - autoencoder_loss: 1.1976 - kl_loss: 0.1979 - loss: 2.6036 - reconstruction_loss: 0.9998 - vc_loss: 3.2062 - weighted_kl_loss: 0.1979
Epoch 180/200
93/93 - 53s - 569ms/step - accuracy: 0.6212 - autoencoder_loss: 1.1361 - kl_loss: 0.1366 - loss: 2.7808 - reconstruction_loss: 0.9996 - vc_loss: 3.4857 - weighted_kl_loss: 0.1366
Epoch 180/200
93/93 - 52s - 563ms/step - accuracy: 0.6136 - autoencoder_loss: 1.3163 - kl_loss: 0.3147 - loss: 3.0422 - reconstruction_loss: 1.0016 - vc_loss: 3.7819 - weighted_kl_loss: 0.3147
Epoch 187/200
93/93 - 52s - 563ms/step - accuracy: 0.6035 - autoencoder_loss: 1.4369 - kl_loss: 0.4367 - loss: 2.8295 - reconstruction_loss: 1.0002 - vc_loss: 3.4263 - weighted_kl_loss: 0.4367
Epoch 184/200
93/93 - 52s - 556ms/step - accuracy: 0.6061 - autoencoder_loss: 1.1839 - kl_loss: 0.1824 - loss: 2.3914 - reconstruction_loss: 1.0015 - vc_loss: 2.9090 - weighted_kl_loss: 0.1824
Epoch 181/200
93/93 - 54s - 578ms/step - accuracy: 0.6212 - autoencoder_loss: 1.1591 - kl_loss: 0.1588 - loss: 2.8637 - reconstruction_loss: 1.0002 - vc_loss: 3.5943 - weighted_kl_loss: 0.1588
Epoch 181/200
93/93 - 53s - 565ms/step - accuracy: 0.6136 - autoencoder_loss: 1.3069 - kl_loss: 0.3071 - loss: 2.7848 - reconstruction_loss: 0.9998 - vc_loss: 3.4181 - weighted_kl_loss: 0.3071
Epoch 188/200
93/93 - 53s - 571ms/step - accuracy: 0.6035 - autoencoder_loss: 1.4347 - kl_loss: 0.4353 - loss: 2.7859 - reconstruction_loss: 0.9994 - vc_loss: 3.3650 - weighted_kl_loss: 0.4353
Epoch 185/200
93/93 - 52s - 558ms/step - accuracy: 0.6061 - autoencoder_loss: 1.1779 - kl_loss: 0.1784 - loss: 2.5629 - reconstruction_loss: 0.9995 - vc_loss: 3.1564 - weighted_kl_loss: 0.1784
Epoch 182/200
93/93 - 54s - 577ms/step - accuracy: 0.6212 - autoencoder_loss: 1.1382 - kl_loss: 0.1375 - loss: 2.2738 - reconstruction_loss: 1.0007 - vc_loss: 2.7606 - weighted_kl_loss: 0.1375
Epoch 182/200
93/93 - 53s - 565ms/step - accuracy: 0.6136 - autoencoder_loss: 1.3274 - kl_loss: 0.3252 - loss: 2.4752 - reconstruction_loss: 1.0022 - vc_loss: 2.9671 - weighted_kl_loss: 0.3252
Epoch 189/200
93/93 - 53s - 565ms/step - accuracy: 0.6035 - autoencoder_loss: 1.4265 - kl_loss: 0.4271 - loss: 3.2469 - reconstruction_loss: 0.9994 - vc_loss: 4.0271 - weighted_kl_loss: 0.4271
Epoch 186/200
93/93 - 51s - 553ms/step - accuracy: 0.6061 - autoencoder_loss: 1.1729 - kl_loss: 0.1735 - loss: 3.0206 - reconstruction_loss: 0.9994 - vc_loss: 3.8125 - weighted_kl_loss: 0.1735
Epoch 183/200
93/93 - 54s - 576ms/step - accuracy: 0.6212 - autoencoder_loss: 1.1236 - kl_loss: 0.1243 - loss: 2.5677 - reconstruction_loss: 0.9993 - vc_loss: 3.1866 - weighted_kl_loss: 0.1243
Epoch 183/200
93/93 - 52s - 557ms/step - accuracy: 0.6136 - autoencoder_loss: 1.3885 - kl_loss: 0.3889 - loss: 2.9593 - reconstruction_loss: 0.9996 - vc_loss: 3.6325 - weighted_kl_loss: 0.3889
Epoch 190/200
93/93 - 52s - 560ms/step - accuracy: 0.6035 - autoencoder_loss: 1.4305 - kl_loss: 0.4309 - loss: 2.8297 - reconstruction_loss: 0.9996 - vc_loss: 3.4293 - weighted_kl_loss: 0.4309
Epoch 187/200
93/93 - 51s - 544ms/step - accuracy: 0.6061 - autoencoder_loss: 1.1681 - kl_loss: 0.1685 - loss: 2.8231 - reconstruction_loss: 0.9996 - vc_loss: 3.5324 - weighted_kl_loss: 0.1685
Epoch 184/200
93/93 - 52s - 558ms/step - accuracy: 0.6212 - autoencoder_loss: 1.1173 - kl_loss: 0.1180 - loss: 2.6413 - reconstruction_loss: 0.9993 - vc_loss: 3.2944 - weighted_kl_loss: 0.1180
Epoch 184/200
93/93 - 52s - 562ms/step - accuracy: 0.6136 - autoencoder_loss: 1.3701 - kl_loss: 0.3704 - loss: 2.4840 - reconstruction_loss: 0.9997 - vc_loss: 2.9613 - weighted_kl_loss: 0.3704
Epoch 191/200
93/93 - 51s - 554ms/step - accuracy: 0.6035 - autoencoder_loss: 1.4235 - kl_loss: 0.4231 - loss: 2.4544 - reconstruction_loss: 1.0004 - vc_loss: 2.8962 - weighted_kl_loss: 0.4231
Epoch 188/200
93/93 - 52s - 554ms/step - accuracy: 0.6061 - autoencoder_loss: 1.1611 - kl_loss: 0.1605 - loss: 2.8244 - reconstruction_loss: 1.0005 - vc_loss: 3.5373 - weighted_kl_loss: 0.1605
Epoch 185/200
93/93 - 53s - 574ms/step - accuracy: 0.6212 - autoencoder_loss: 1.1103 - kl_loss: 0.1101 - loss: 2.6305 - reconstruction_loss: 1.0002 - vc_loss: 3.2820 - weighted_kl_loss: 0.1101
Epoch 185/200
93/93 - 52s - 562ms/step - accuracy: 0.6136 - autoencoder_loss: 1.3572 - kl_loss: 0.3575 - loss: 2.8590 - reconstruction_loss: 0.9998 - vc_loss: 3.5025 - weighted_kl_loss: 0.3575
Epoch 192/200
93/93 - 53s - 571ms/step - accuracy: 0.6035 - autoencoder_loss: 1.4015 - kl_loss: 0.4014 - loss: 2.6771 - reconstruction_loss: 1.0001 - vc_loss: 3.2237 - weighted_kl_loss: 0.4014
Epoch 189/200
93/93 - 51s - 553ms/step - accuracy: 0.6061 - autoencoder_loss: 1.1573 - kl_loss: 0.1578 - loss: 2.3362 - reconstruction_loss: 0.9996 - vc_loss: 2.8415 - weighted_kl_loss: 0.1578
Epoch 186/200
93/93 - 53s - 569ms/step - accuracy: 0.6212 - autoencoder_loss: 1.1086 - kl_loss: 0.1089 - loss: 2.4297 - reconstruction_loss: 0.9997 - vc_loss: 2.9959 - weighted_kl_loss: 0.1089
Epoch 186/200
93/93 - 51s - 551ms/step - accuracy: 0.6136 - autoencoder_loss: 1.3496 - kl_loss: 0.3500 - loss: 3.0371 - reconstruction_loss: 0.9996 - vc_loss: 3.7603 - weighted_kl_loss: 0.3500
Epoch 193/200
93/93 - 52s - 561ms/step - accuracy: 0.6035 - autoencoder_loss: 1.3966 - kl_loss: 0.3969 - loss: 2.5820 - reconstruction_loss: 0.9997 - vc_loss: 3.0900 - weighted_kl_loss: 0.3969
Epoch 190/200
93/93 - 51s - 552ms/step - accuracy: 0.6061 - autoencoder_loss: 1.1485 - kl_loss: 0.1491 - loss: 2.5398 - reconstruction_loss: 0.9994 - vc_loss: 3.1360 - weighted_kl_loss: 0.1491
Epoch 187/200
93/93 - 53s - 567ms/step - accuracy: 0.6212 - autoencoder_loss: 1.1050 - kl_loss: 0.1056 - loss: 2.5533 - reconstruction_loss: 0.9993 - vc_loss: 3.1740 - weighted_kl_loss: 0.1056
Epoch 187/200
93/93 - 52s - 563ms/step - accuracy: 0.6136 - autoencoder_loss: 1.3400 - kl_loss: 0.3404 - loss: 2.8660 - reconstruction_loss: 0.9996 - vc_loss: 3.5200 - weighted_kl_loss: 0.3404
Epoch 194/200
93/93 - 53s - 567ms/step - accuracy: 0.6035 - autoencoder_loss: 1.3896 - kl_loss: 0.3904 - loss: 2.7184 - reconstruction_loss: 0.9992 - vc_loss: 3.2879 - weighted_kl_loss: 0.3904
Epoch 191/200
93/93 - 51s - 551ms/step - accuracy: 0.6061 - autoencoder_loss: 1.1400 - kl_loss: 0.1398 - loss: 2.5157 - reconstruction_loss: 1.0002 - vc_loss: 3.1052 - weighted_kl_loss: 0.1398
Epoch 188/200
93/93 - 54s - 575ms/step - accuracy: 0.6212 - autoencoder_loss: 1.1071 - kl_loss: 0.1061 - loss: 2.3532 - reconstruction_loss: 1.0009 - vc_loss: 2.8872 - weighted_kl_loss: 0.1061
Epoch 188/200
93/93 - 52s - 564ms/step - accuracy: 0.6136 - autoencoder_loss: 1.3177 - kl_loss: 0.3178 - loss: 2.3211 - reconstruction_loss: 0.9999 - vc_loss: 2.7511 - weighted_kl_loss: 0.3178
Epoch 195/200
93/93 - 53s - 571ms/step - accuracy: 0.6035 - autoencoder_loss: 1.3885 - kl_loss: 0.3880 - loss: 2.6628 - reconstruction_loss: 1.0005 - vc_loss: 3.2089 - weighted_kl_loss: 0.3880
Epoch 192/200
93/93 - 52s - 558ms/step - accuracy: 0.6061 - autoencoder_loss: 1.1360 - kl_loss: 0.1364 - loss: 2.6102 - reconstruction_loss: 0.9996 - vc_loss: 3.2420 - weighted_kl_loss: 0.1364
Epoch 189/200
93/93 - 54s - 576ms/step - accuracy: 0.6212 - autoencoder_loss: 1.1053 - kl_loss: 0.1063 - loss: 2.4402 - reconstruction_loss: 0.9990 - vc_loss: 3.0124 - weighted_kl_loss: 0.1063
Epoch 189/200
93/93 - 52s - 562ms/step - accuracy: 0.6136 - autoencoder_loss: 1.2932 - kl_loss: 0.2938 - loss: 2.6036 - reconstruction_loss: 0.9994 - vc_loss: 3.1652 - weighted_kl_loss: 0.2938
Epoch 196/200
93/93 - 52s - 560ms/step - accuracy: 0.6061 - autoencoder_loss: 1.1319 - kl_loss: 0.1322 - loss: 2.6419 - reconstruction_loss: 0.9997 - vc_loss: 3.2891 - weighted_kl_loss: 0.1322
Epoch 190/200
93/93 - 53s - 571ms/step - accuracy: 0.6035 - autoencoder_loss: 1.3901 - kl_loss: 0.3907 - loss: 2.8296 - reconstruction_loss: 0.9994 - vc_loss: 3.4465 - weighted_kl_loss: 0.3907
Epoch 193/200
93/93 - 54s - 577ms/step - accuracy: 0.6212 - autoencoder_loss: 1.1169 - kl_loss: 0.1178 - loss: 2.1064 - reconstruction_loss: 0.9992 - vc_loss: 2.5304 - weighted_kl_loss: 0.1178
Epoch 190/200
93/93 - 52s - 563ms/step - accuracy: 0.6136 - autoencoder_loss: 1.2880 - kl_loss: 0.2879 - loss: 2.5364 - reconstruction_loss: 1.0001 - vc_loss: 3.0714 - weighted_kl_loss: 0.2879
Epoch 197/200
93/93 - 52s - 558ms/step - accuracy: 0.6061 - autoencoder_loss: 1.1280 - kl_loss: 0.1280 - loss: 2.5111 - reconstruction_loss: 1.0001 - vc_loss: 3.1038 - weighted_kl_loss: 0.1280
Epoch 191/200
93/93 - 53s - 571ms/step - accuracy: 0.6035 - autoencoder_loss: 1.3774 - kl_loss: 0.3749 - loss: 2.9596 - reconstruction_loss: 1.0024 - vc_loss: 3.6376 - weighted_kl_loss: 0.3749
Epoch 194/200
93/93 - 53s - 573ms/step - accuracy: 0.6212 - autoencoder_loss: 1.1601 - kl_loss: 0.1604 - loss: 3.0497 - reconstruction_loss: 0.9997 - vc_loss: 3.8595 - weighted_kl_loss: 0.1604
Epoch 191/200
93/93 - 52s - 563ms/step - accuracy: 0.6136 - autoencoder_loss: 1.2795 - kl_loss: 0.2797 - loss: 2.8900 - reconstruction_loss: 0.9997 - vc_loss: 3.5802 - weighted_kl_loss: 0.2797
Epoch 198/200
93/93 - 52s - 558ms/step - accuracy: 0.6061 - autoencoder_loss: 1.1276 - kl_loss: 0.1281 - loss: 2.6487 - reconstruction_loss: 0.9996 - vc_loss: 3.3006 - weighted_kl_loss: 0.1281
Epoch 192/200
93/93 - 53s - 567ms/step - accuracy: 0.6035 - autoencoder_loss: 1.3689 - kl_loss: 0.3654 - loss: 2.6184 - reconstruction_loss: 1.0035 - vc_loss: 3.1539 - weighted_kl_loss: 0.3654
Epoch 195/200
93/93 - 53s - 565ms/step - accuracy: 0.6212 - autoencoder_loss: 1.1366 - kl_loss: 0.1372 - loss: 2.6456 - reconstruction_loss: 0.9994 - vc_loss: 3.2923 - weighted_kl_loss: 0.1372
Epoch 192/200
93/93 - 52s - 558ms/step - accuracy: 0.6136 - autoencoder_loss: 1.2698 - kl_loss: 0.2698 - loss: 2.4967 - reconstruction_loss: 1.0000 - vc_loss: 3.0224 - weighted_kl_loss: 0.2698
Epoch 199/200
93/93 - 51s - 552ms/step - accuracy: 0.6061 - autoencoder_loss: 1.1281 - kl_loss: 0.1282 - loss: 3.0271 - reconstruction_loss: 0.9999 - vc_loss: 3.8409 - weighted_kl_loss: 0.1282
Epoch 193/200
93/93 - 53s - 567ms/step - accuracy: 0.6035 - autoencoder_loss: 1.3526 - kl_loss: 0.3534 - loss: 2.7734 - reconstruction_loss: 0.9992 - vc_loss: 3.3823 - weighted_kl_loss: 0.3534
Epoch 196/200
93/93 - 53s - 567ms/step - accuracy: 0.6212 - autoencoder_loss: 1.1103 - kl_loss: 0.1091 - loss: 2.4289 - reconstruction_loss: 1.0012 - vc_loss: 2.9941 - weighted_kl_loss: 0.1091
Epoch 193/200
93/93 - 51s - 549ms/step - accuracy: 0.6136 - autoencoder_loss: 1.2728 - kl_loss: 0.2657 - loss: 2.5075 - reconstruction_loss: 1.0071 - vc_loss: 3.0367 - weighted_kl_loss: 0.2657
Epoch 200/200
93/93 - 51s - 543ms/step - accuracy: 0.6061 - autoencoder_loss: 1.1293 - kl_loss: 0.1298 - loss: 2.3374 - reconstruction_loss: 0.9995 - vc_loss: 2.8552 - weighted_kl_loss: 0.1298
Epoch 194/200
93/93 - 52s - 559ms/step - accuracy: 0.6035 - autoencoder_loss: 1.3520 - kl_loss: 0.3521 - loss: 2.8388 - reconstruction_loss: 0.9999 - vc_loss: 3.4760 - weighted_kl_loss: 0.3521
Epoch 197/200
93/93 - 53s - 569ms/step - accuracy: 0.6212 - autoencoder_loss: 1.1000 - kl_loss: 0.1008 - loss: 2.5579 - reconstruction_loss: 0.9992 - vc_loss: 3.1827 - weighted_kl_loss: 0.1008
Epoch 194/200
93/93 - 52s - 562ms/step - accuracy: 0.6136 - autoencoder_loss: 1.2516 - kl_loss: 0.2515 - loss: 2.1863 - reconstruction_loss: 1.0001 - vc_loss: 2.5869 - weighted_kl_loss: 0.2515
93/93 - 52s - 559ms/step - accuracy: 0.6061 - autoencoder_loss: 1.1229 - kl_loss: 0.1236 - loss: 2.3572 - reconstruction_loss: 0.9993 - vc_loss: 2.8862 - weighted_kl_loss: 0.1236
Epoch 195/200
93/93 - 53s - 570ms/step - accuracy: 0.6035 - autoencoder_loss: 1.3419 - kl_loss: 0.3429 - loss: 2.8645 - reconstruction_loss: 0.9990 - vc_loss: 3.5171 - weighted_kl_loss: 0.3429
Epoch 198/200

Fold 4 metrics (trial primary)
------------------------------
                    fold: 4
        evaluation_level: trial
               n_samples: 18
               n_windows: 270
                n_trials: 18
        keras_model_loss: 969.586121
prediction_latent_samples: 10
                    loss: 0.693904
                accuracy: 0.555556
                      f1: 0.357143
               precision: 0.277778
                  recall: 0.500000
             window_loss: 0.693905
         window_accuracy: 0.555556
               window_f1: 0.357143
        window_precision: 0.277778
           window_recall: 0.500000
              trial_loss: 0.693904
          trial_accuracy: 0.555556
                trial_f1: 0.357143
         trial_precision: 0.277778
            trial_recall: 0.500000

Per-user metrics
----------------------------------------------------------------------------------------------------
  fold=4  subject=3  n=18  evaluation_level=trial  n_windows=270  n_trials=18  loss=0.693904  accuracy=0.555556  f1=0.357143  precision=0.277778  recall=0.500000  window_loss=0.693905  window_accuracy=0.555556  window_f1=0.357143  window_precision=0.277778  window_recall=0.500000  trial_loss=0.693904  trial_accuracy=0.555556  trial_f1=0.357143  trial_precision=0.277778  trial_recall=0.500000
93/93 - 53s - 574ms/step - accuracy: 0.6212 - autoencoder_loss: 1.1246 - kl_loss: 0.1241 - loss: 2.9144 - reconstruction_loss: 1.0005 - vc_loss: 3.6815 - weighted_kl_loss: 0.1241
Epoch 195/200

[Fold   5 / 23] LOSO test subject=4 (train=5940, test=270 windows)
Epoch 1/200
93/93 - 51s - 551ms/step - accuracy: 0.6061 - autoencoder_loss: 1.1168 - kl_loss: 0.1172 - loss: 2.2893 - reconstruction_loss: 0.9996 - vc_loss: 2.7917 - weighted_kl_loss: 0.1172
Epoch 196/200
93/93 - 52s - 562ms/step - accuracy: 0.6035 - autoencoder_loss: 1.3379 - kl_loss: 0.3378 - loss: 2.9260 - reconstruction_loss: 1.0001 - vc_loss: 3.6066 - weighted_kl_loss: 0.3378
Epoch 199/200
93/93 - 51s - 550ms/step - accuracy: 0.6212 - autoencoder_loss: 1.1085 - kl_loss: 0.1082 - loss: 2.1038 - reconstruction_loss: 1.0004 - vc_loss: 2.5304 - weighted_kl_loss: 0.1082
Epoch 196/200
93/93 - 52s - 554ms/step - accuracy: 0.6061 - autoencoder_loss: 1.1092 - kl_loss: 0.1087 - loss: 2.8401 - reconstruction_loss: 1.0005 - vc_loss: 3.5820 - weighted_kl_loss: 0.1087
Epoch 197/200
93/93 - 53s - 565ms/step - accuracy: 0.6035 - autoencoder_loss: 1.3329 - kl_loss: 0.3331 - loss: 2.5931 - reconstruction_loss: 0.9998 - vc_loss: 3.1332 - weighted_kl_loss: 0.3331
Epoch 200/200
93/93 - 53s - 571ms/step - accuracy: 0.6212 - autoencoder_loss: 1.0939 - kl_loss: 0.0942 - loss: 2.9704 - reconstruction_loss: 0.9997 - vc_loss: 3.7747 - weighted_kl_loss: 0.0942
Epoch 197/200
93/93 - 51s - 545ms/step - accuracy: 0.6061 - autoencoder_loss: 1.1079 - kl_loss: 0.1078 - loss: 2.8639 - reconstruction_loss: 1.0001 - vc_loss: 3.6164 - weighted_kl_loss: 0.1078
Epoch 198/200
93/93 - 51s - 545ms/step - accuracy: 0.6035 - autoencoder_loss: 1.3337 - kl_loss: 0.3345 - loss: 2.5579 - reconstruction_loss: 0.9992 - vc_loss: 3.0826 - weighted_kl_loss: 0.3345
93/93 - 52s - 556ms/step - accuracy: 0.6212 - autoencoder_loss: 1.0837 - kl_loss: 0.0841 - loss: 2.1666 - reconstruction_loss: 0.9997 - vc_loss: 2.6307 - weighted_kl_loss: 0.0841
Epoch 198/200

Fold 3 metrics (trial primary)
------------------------------
                    fold: 3
        evaluation_level: trial
               n_samples: 18
               n_windows: 270
                n_trials: 18
        keras_model_loss: 874.866028
prediction_latent_samples: 10
                    loss: 0.598651
                accuracy: 0.777778
                      f1: 0.437500
               precision: 0.388889
                  recall: 0.500000
             window_loss: 0.598651
         window_accuracy: 0.777778
               window_f1: 0.437500
        window_precision: 0.388889
           window_recall: 0.500000
              trial_loss: 0.598651
          trial_accuracy: 0.777778
                trial_f1: 0.437500
         trial_precision: 0.388889
            trial_recall: 0.500000

Per-user metrics
----------------------------------------------------------------------------------------------------
  fold=3  subject=2  n=18  evaluation_level=trial  n_windows=270  n_trials=18  loss=0.598651  accuracy=0.777778  f1=0.437500  precision=0.388889  recall=0.500000  window_loss=0.598651  window_accuracy=0.777778  window_f1=0.437500  window_precision=0.388889  window_recall=0.500000  trial_loss=0.598651  trial_accuracy=0.777778  trial_f1=0.437500  trial_precision=0.388889  trial_recall=0.500000

[Fold   6 / 23] LOSO test subject=5 (train=5940, test=270 windows)
93/93 - 52s - 555ms/step - accuracy: 0.6061 - autoencoder_loss: 1.1038 - kl_loss: 0.1044 - loss: 2.4567 - reconstruction_loss: 0.9994 - vc_loss: 3.0366 - weighted_kl_loss: 0.1044
Epoch 199/200
Epoch 1/200
93/93 - 51s - 552ms/step - accuracy: 0.6212 - autoencoder_loss: 1.0767 - kl_loss: 0.0768 - loss: 2.1189 - reconstruction_loss: 0.9999 - vc_loss: 2.5655 - weighted_kl_loss: 0.0768
Epoch 199/200
93/93 - 48s - 518ms/step - accuracy: 0.6061 - autoencoder_loss: 1.1003 - kl_loss: 0.1005 - loss: 2.6856 - reconstruction_loss: 0.9999 - vc_loss: 3.3650 - weighted_kl_loss: 0.1005
Epoch 200/200
93/93 - 51s - 547ms/step - accuracy: 0.6212 - autoencoder_loss: 1.0961 - kl_loss: 0.0968 - loss: 2.5429 - reconstruction_loss: 0.9993 - vc_loss: 3.1630 - weighted_kl_loss: 0.0968
Epoch 200/200
93/93 - 51s - 547ms/step - accuracy: 0.6061 - autoencoder_loss: 1.0948 - kl_loss: 0.0947 - loss: 2.7157 - reconstruction_loss: 1.0002 - vc_loss: 3.4104 - weighted_kl_loss: 0.0947
93/93 - 269s - 3s/step - accuracy: 0.5207 - autoencoder_loss: 28.0190 - kl_loss: 26.8722 - loss: 118.1009 - reconstruction_loss: 1.1467 - vc_loss: 156.7074 - weighted_kl_loss: 26.8722
Epoch 2/200

Fold 1 metrics (trial primary)
------------------------------
                    fold: 1
        evaluation_level: trial
               n_samples: 18
               n_windows: 270
                n_trials: 18
        keras_model_loss: 1187.362061
prediction_latent_samples: 10
                    loss: 0.620542
                accuracy: 0.722222
                      f1: 0.419355
               precision: 0.361111
                  recall: 0.500000
             window_loss: 0.620543
         window_accuracy: 0.722222
               window_f1: 0.419355
        window_precision: 0.361111
           window_recall: 0.500000
              trial_loss: 0.620542
          trial_accuracy: 0.722222
                trial_f1: 0.419355
         trial_precision: 0.361111
            trial_recall: 0.500000

Per-user metrics
----------------------------------------------------------------------------------------------------
  fold=1  subject=0  n=18  evaluation_level=trial  n_windows=270  n_trials=18  loss=0.620542  accuracy=0.722222  f1=0.419355  precision=0.361111  recall=0.500000  window_loss=0.620543  window_accuracy=0.722222  window_f1=0.419355  window_precision=0.361111  window_recall=0.500000  trial_loss=0.620542  trial_accuracy=0.722222  trial_f1=0.419355  trial_precision=0.361111  trial_recall=0.500000

[Fold   7 / 23] LOSO test subject=6 (train=5940, test=270 windows)
93/93 - 52s - 560ms/step - accuracy: 0.6212 - autoencoder_loss: 1.0953 - kl_loss: 0.0951 - loss: 2.3308 - reconstruction_loss: 1.0002 - vc_loss: 2.8604 - weighted_kl_loss: 0.0951
Epoch 1/200

Fold 2 metrics (trial primary)
------------------------------
                    fold: 2
        evaluation_level: trial
               n_samples: 18
               n_windows: 270
                n_trials: 18
        keras_model_loss: 1108.988525
prediction_latent_samples: 10
                    loss: 0.777954
                accuracy: 0.388889
                      f1: 0.280000
               precision: 0.194444
                  recall: 0.500000
             window_loss: 0.777954
         window_accuracy: 0.388889
               window_f1: 0.280000
        window_precision: 0.194444
           window_recall: 0.500000
              trial_loss: 0.777954
          trial_accuracy: 0.388889
                trial_f1: 0.280000
         trial_precision: 0.194444
            trial_recall: 0.500000

Per-user metrics
----------------------------------------------------------------------------------------------------
  fold=2  subject=1  n=18  evaluation_level=trial  n_windows=270  n_trials=18  loss=0.777954  accuracy=0.388889  f1=0.280000  precision=0.194444  recall=0.500000  window_loss=0.777954  window_accuracy=0.388889  window_f1=0.280000  window_precision=0.194444  window_recall=0.500000  trial_loss=0.777954  trial_accuracy=0.388889  trial_f1=0.280000  trial_precision=0.194444  trial_recall=0.500000
93/93 - 50s - 536ms/step - accuracy: 0.6091 - autoencoder_loss: 26.8484 - kl_loss: 25.8098 - loss: 31.1558 - reconstruction_loss: 1.0387 - vc_loss: 33.0018 - weighted_kl_loss: 25.8098
Epoch 3/200

[Fold   8 / 23] LOSO test subject=7 (train=5940, test=270 windows)
Epoch 1/200
93/93 - 46s - 496ms/step - accuracy: 0.6111 - autoencoder_loss: 20.3105 - kl_loss: 19.2946 - loss: 24.7024 - reconstruction_loss: 1.0159 - vc_loss: 26.5847 - weighted_kl_loss: 19.2946
Epoch 4/200
93/93 - 47s - 511ms/step - accuracy: 0.6111 - autoencoder_loss: 15.3631 - kl_loss: 14.3566 - loss: 20.2006 - reconstruction_loss: 1.0065 - vc_loss: 22.2739 - weighted_kl_loss: 14.3566
Epoch 5/200
93/93 - 267s - 3s/step - accuracy: 0.5774 - autoencoder_loss: 16.7485 - kl_loss: 15.6174 - loss: 129.2007 - reconstruction_loss: 1.1311 - vc_loss: 177.3945 - weighted_kl_loss: 15.6174
Epoch 2/200
93/93 - 50s - 536ms/step - accuracy: 0.6111 - autoencoder_loss: 13.4501 - kl_loss: 12.4465 - loss: 16.8002 - reconstruction_loss: 1.0036 - vc_loss: 18.2360 - weighted_kl_loss: 12.4465
Epoch 6/200
93/93 - 51s - 546ms/step - accuracy: 0.6086 - autoencoder_loss: 16.5738 - kl_loss: 15.5412 - loss: 28.7708 - reconstruction_loss: 1.0326 - vc_loss: 33.9981 - weighted_kl_loss: 15.5412
Epoch 3/200
93/93 - 51s - 547ms/step - accuracy: 0.6111 - autoencoder_loss: 12.4548 - kl_loss: 11.4517 - loss: 15.2436 - reconstruction_loss: 1.0031 - vc_loss: 16.4388 - weighted_kl_loss: 11.4517
Epoch 7/200
93/93 - 52s - 560ms/step - accuracy: 0.6086 - autoencoder_loss: 13.4738 - kl_loss: 12.4591 - loss: 24.1890 - reconstruction_loss: 1.0147 - vc_loss: 28.7812 - weighted_kl_loss: 12.4591
Epoch 4/200
93/93 - 52s - 555ms/step - accuracy: 0.6111 - autoencoder_loss: 11.9629 - kl_loss: 10.9616 - loss: 14.6353 - reconstruction_loss: 1.0012 - vc_loss: 15.7806 - weighted_kl_loss: 10.9616
Epoch 8/200
93/93 - 266s - 3s/step - accuracy: 0.6187 - autoencoder_loss: 70.8627 - kl_loss: 69.7870 - loss: 108.9554 - reconstruction_loss: 1.0757 - vc_loss: 125.2807 - weighted_kl_loss: 69.7870
Epoch 2/200
93/93 - 51s - 544ms/step - accuracy: 0.6086 - autoencoder_loss: 11.3358 - kl_loss: 10.3291 - loss: 21.6263 - reconstruction_loss: 1.0067 - vc_loss: 26.0365 - weighted_kl_loss: 10.3291
Epoch 5/200
93/93 - 265s - 3s/step - accuracy: 0.6035 - autoencoder_loss: 47.1260 - kl_loss: 46.0272 - loss: 109.5715 - reconstruction_loss: 1.0989 - vc_loss: 136.3338 - weighted_kl_loss: 46.0272
Epoch 2/200
93/93 - 52s - 557ms/step - accuracy: 0.6104 - autoencoder_loss: 11.6219 - kl_loss: 10.6213 - loss: 15.0980 - reconstruction_loss: 1.0006 - vc_loss: 16.5877 - weighted_kl_loss: 10.6213
Epoch 9/200
93/93 - 52s - 564ms/step - accuracy: 0.6187 - autoencoder_loss: 47.5746 - kl_loss: 46.5534 - loss: 37.7903 - reconstruction_loss: 1.0211 - vc_loss: 33.5970 - weighted_kl_loss: 46.5534
Epoch 3/200
93/93 - 53s - 565ms/step - accuracy: 0.6086 - autoencoder_loss: 9.7058 - kl_loss: 8.7019 - loss: 19.3399 - reconstruction_loss: 1.0039 - vc_loss: 23.4687 - weighted_kl_loss: 8.7019
Epoch 6/200
93/93 - 53s - 567ms/step - accuracy: 0.6035 - autoencoder_loss: 35.0651 - kl_loss: 34.0378 - loss: 32.8682 - reconstruction_loss: 1.0273 - vc_loss: 31.9267 - weighted_kl_loss: 34.0378
Epoch 3/200
93/93 - 53s - 565ms/step - accuracy: 0.6109 - autoencoder_loss: 9.9943 - kl_loss: 8.9935 - loss: 12.2969 - reconstruction_loss: 1.0008 - vc_loss: 13.2838 - weighted_kl_loss: 8.9935
Epoch 10/200
93/93 - 53s - 565ms/step - accuracy: 0.6187 - autoencoder_loss: 33.5126 - kl_loss: 32.5046 - loss: 30.6352 - reconstruction_loss: 1.0080 - vc_loss: 29.4020 - weighted_kl_loss: 32.5046
Epoch 4/200
93/93 - 52s - 564ms/step - accuracy: 0.6086 - autoencoder_loss: 8.4154 - kl_loss: 7.4125 - loss: 17.1363 - reconstruction_loss: 1.0029 - vc_loss: 20.8739 - weighted_kl_loss: 7.4125
Epoch 7/200
93/93 - 52s - 563ms/step - accuracy: 0.6111 - autoencoder_loss: 9.4364 - kl_loss: 8.4364 - loss: 12.2822 - reconstruction_loss: 1.0000 - vc_loss: 13.5018 - weighted_kl_loss: 8.4364
Epoch 11/200
93/93 - 52s - 564ms/step - accuracy: 0.6187 - autoencoder_loss: 24.5470 - kl_loss: 23.5439 - loss: 25.3112 - reconstruction_loss: 1.0031 - vc_loss: 25.6387 - weighted_kl_loss: 23.5439
Epoch 5/200
93/93 - 82s - 883ms/step - accuracy: 0.6035 - autoencoder_loss: 24.7455 - kl_loss: 23.7341 - loss: 27.2485 - reconstruction_loss: 1.0114 - vc_loss: 28.3213 - weighted_kl_loss: 23.7341
Epoch 4/200
93/93 - 52s - 564ms/step - accuracy: 0.6086 - autoencoder_loss: 7.4565 - kl_loss: 6.4548 - loss: 15.6979 - reconstruction_loss: 1.0017 - vc_loss: 19.2299 - weighted_kl_loss: 6.4548
Epoch 8/200
93/93 - 53s - 565ms/step - accuracy: 0.6114 - autoencoder_loss: 9.6696 - kl_loss: 8.6665 - loss: 12.6418 - reconstruction_loss: 1.0031 - vc_loss: 13.9155 - weighted_kl_loss: 8.6665
Epoch 12/200
93/93 - 53s - 565ms/step - accuracy: 0.6187 - autoencoder_loss: 19.1949 - kl_loss: 18.1936 - loss: 23.4309 - reconstruction_loss: 1.0013 - vc_loss: 25.2463 - weighted_kl_loss: 18.1936
Epoch 6/200
93/93 - 53s - 567ms/step - accuracy: 0.6035 - autoencoder_loss: 19.5281 - kl_loss: 18.5232 - loss: 24.6818 - reconstruction_loss: 1.0049 - vc_loss: 26.8906 - weighted_kl_loss: 18.5232
Epoch 5/200
93/93 - 53s - 565ms/step - accuracy: 0.6086 - autoencoder_loss: 7.3733 - kl_loss: 6.3721 - loss: 12.6149 - reconstruction_loss: 1.0011 - vc_loss: 14.8614 - weighted_kl_loss: 6.3721
Epoch 9/200
93/93 - 52s - 561ms/step - accuracy: 0.6108 - autoencoder_loss: 9.4538 - kl_loss: 8.4535 - loss: 11.6532 - reconstruction_loss: 1.0002 - vc_loss: 12.5958 - weighted_kl_loss: 8.4535
Epoch 13/200
93/93 - 52s - 561ms/step - accuracy: 0.6187 - autoencoder_loss: 15.6679 - kl_loss: 14.6680 - loss: 20.6399 - reconstruction_loss: 0.9999 - vc_loss: 22.7708 - weighted_kl_loss: 14.6680
Epoch 7/200
93/93 - 53s - 572ms/step - accuracy: 0.6035 - autoencoder_loss: 15.8849 - kl_loss: 14.8826 - loss: 20.9480 - reconstruction_loss: 1.0023 - vc_loss: 23.1178 - weighted_kl_loss: 14.8826
Epoch 6/200
93/93 - 53s - 567ms/step - accuracy: 0.6086 - autoencoder_loss: 7.0700 - kl_loss: 6.0688 - loss: 12.1659 - reconstruction_loss: 1.0011 - vc_loss: 14.3499 - weighted_kl_loss: 6.0688
Epoch 10/200
93/93 - 52s - 564ms/step - accuracy: 0.6111 - autoencoder_loss: 9.2412 - kl_loss: 8.2411 - loss: 10.3567 - reconstruction_loss: 1.0001 - vc_loss: 10.8348 - weighted_kl_loss: 8.2411
Epoch 14/200
93/93 - 52s - 564ms/step - accuracy: 0.6187 - autoencoder_loss: 14.0415 - kl_loss: 13.0426 - loss: 17.8078 - reconstruction_loss: 0.9989 - vc_loss: 19.4219 - weighted_kl_loss: 13.0426
Epoch 8/200
93/93 - 53s - 570ms/step - accuracy: 0.6035 - autoencoder_loss: 13.4019 - kl_loss: 12.4012 - loss: 18.5535 - reconstruction_loss: 1.0006 - vc_loss: 20.7613 - weighted_kl_loss: 12.4012
Epoch 7/200
93/93 - 52s - 564ms/step - accuracy: 0.6086 - autoencoder_loss: 6.5573 - kl_loss: 5.5566 - loss: 11.0470 - reconstruction_loss: 1.0006 - vc_loss: 12.9712 - weighted_kl_loss: 5.5566
Epoch 11/200
93/93 - 52s - 564ms/step - accuracy: 0.6111 - autoencoder_loss: 9.0447 - kl_loss: 8.0445 - loss: 10.2313 - reconstruction_loss: 1.0002 - vc_loss: 10.7399 - weighted_kl_loss: 8.0445
Epoch 15/200
93/93 - 53s - 565ms/step - accuracy: 0.6187 - autoencoder_loss: 13.3298 - kl_loss: 12.3311 - loss: 16.8114 - reconstruction_loss: 0.9987 - vc_loss: 18.3035 - weighted_kl_loss: 12.3311
Epoch 9/200
93/93 - 53s - 571ms/step - accuracy: 0.6035 - autoencoder_loss: 12.3287 - kl_loss: 11.3278 - loss: 17.2841 - reconstruction_loss: 1.0008 - vc_loss: 19.4079 - weighted_kl_loss: 11.3278
Epoch 8/200
93/93 - 53s - 565ms/step - accuracy: 0.6086 - autoencoder_loss: 6.0794 - kl_loss: 5.0791 - loss: 10.2825 - reconstruction_loss: 1.0003 - vc_loss: 12.0839 - weighted_kl_loss: 5.0791
Epoch 12/200
93/93 - 53s - 565ms/step - accuracy: 0.6111 - autoencoder_loss: 8.7729 - kl_loss: 7.7733 - loss: 9.2541 - reconstruction_loss: 0.9997 - vc_loss: 9.4603 - weighted_kl_loss: 7.7733
Epoch 16/200
93/93 - 53s - 565ms/step - accuracy: 0.6187 - autoencoder_loss: 12.3283 - kl_loss: 11.3268 - loss: 15.8647 - reconstruction_loss: 1.0015 - vc_loss: 17.3804 - weighted_kl_loss: 11.3268
Epoch 10/200
93/93 - 53s - 572ms/step - accuracy: 0.6035 - autoencoder_loss: 11.5278 - kl_loss: 10.5262 - loss: 15.6414 - reconstruction_loss: 1.0016 - vc_loss: 17.4043 - weighted_kl_loss: 10.5262
Epoch 9/200
93/93 - 53s - 565ms/step - accuracy: 0.6086 - autoencoder_loss: 5.5325 - kl_loss: 4.5310 - loss: 10.1237 - reconstruction_loss: 1.0015 - vc_loss: 12.0914 - weighted_kl_loss: 4.5310
Epoch 13/200
93/93 - 53s - 566ms/step - accuracy: 0.6111 - autoencoder_loss: 7.9508 - kl_loss: 6.9498 - loss: 8.8017 - reconstruction_loss: 1.0010 - vc_loss: 9.1664 - weighted_kl_loss: 6.9498
Epoch 17/200
93/93 - 53s - 565ms/step - accuracy: 0.6187 - autoencoder_loss: 11.2287 - kl_loss: 10.2300 - loss: 13.9206 - reconstruction_loss: 0.9987 - vc_loss: 15.0742 - weighted_kl_loss: 10.2300
Epoch 11/200
93/93 - 53s - 571ms/step - accuracy: 0.6035 - autoencoder_loss: 11.4712 - kl_loss: 10.4687 - loss: 14.5335 - reconstruction_loss: 1.0026 - vc_loss: 15.8460 - weighted_kl_loss: 10.4687
Epoch 10/200
93/93 - 52s - 560ms/step - accuracy: 0.6086 - autoencoder_loss: 5.3903 - kl_loss: 4.3904 - loss: 10.6724 - reconstruction_loss: 1.0000 - vc_loss: 12.9362 - weighted_kl_loss: 4.3904
Epoch 14/200
93/93 - 51s - 552ms/step - accuracy: 0.6111 - autoencoder_loss: 7.6342 - kl_loss: 6.6348 - loss: 9.0090 - reconstruction_loss: 0.9994 - vc_loss: 9.5983 - weighted_kl_loss: 6.6348
Epoch 18/200
93/93 - 52s - 555ms/step - accuracy: 0.6187 - autoencoder_loss: 10.5235 - kl_loss: 9.5254 - loss: 13.9619 - reconstruction_loss: 0.9980 - vc_loss: 15.4355 - weighted_kl_loss: 9.5254
Epoch 12/200
93/93 - 51s - 551ms/step - accuracy: 0.6035 - autoencoder_loss: 11.0731 - kl_loss: 10.0730 - loss: 12.5558 - reconstruction_loss: 1.0001 - vc_loss: 13.1913 - weighted_kl_loss: 10.0730
Epoch 11/200
93/93 - 51s - 549ms/step - accuracy: 0.6086 - autoencoder_loss: 5.0003 - kl_loss: 3.9983 - loss: 9.8851 - reconstruction_loss: 1.0020 - vc_loss: 11.9785 - weighted_kl_loss: 3.9983
Epoch 15/200
93/93 - 52s - 561ms/step - accuracy: 0.6111 - autoencoder_loss: 7.5301 - kl_loss: 6.5304 - loss: 8.4840 - reconstruction_loss: 0.9997 - vc_loss: 8.8928 - weighted_kl_loss: 6.5304
Epoch 19/200
93/93 - 51s - 552ms/step - accuracy: 0.6187 - autoencoder_loss: 9.8886 - kl_loss: 8.8886 - loss: 12.7891 - reconstruction_loss: 1.0000 - vc_loss: 14.0321 - weighted_kl_loss: 8.8886
Epoch 13/200
93/93 - 52s - 559ms/step - accuracy: 0.6035 - autoencoder_loss: 10.5231 - kl_loss: 9.5237 - loss: 11.4614 - reconstruction_loss: 0.9995 - vc_loss: 11.8635 - weighted_kl_loss: 9.5237
Epoch 12/200
93/93 - 52s - 556ms/step - accuracy: 0.6086 - autoencoder_loss: 5.0273 - kl_loss: 4.0271 - loss: 9.0607 - reconstruction_loss: 1.0001 - vc_loss: 10.7893 - weighted_kl_loss: 4.0271
Epoch 16/200
93/93 - 51s - 552ms/step - accuracy: 0.6111 - autoencoder_loss: 7.5307 - kl_loss: 6.5301 - loss: 7.8287 - reconstruction_loss: 1.0007 - vc_loss: 7.9564 - weighted_kl_loss: 6.5301
Epoch 20/200
93/93 - 52s - 560ms/step - accuracy: 0.6187 - autoencoder_loss: 9.1859 - kl_loss: 8.1871 - loss: 11.2858 - reconstruction_loss: 0.9988 - vc_loss: 12.1858 - weighted_kl_loss: 8.1871
Epoch 14/200
93/93 - 53s - 571ms/step - accuracy: 0.6035 - autoencoder_loss: 9.9664 - kl_loss: 8.9630 - loss: 10.8162 - reconstruction_loss: 1.0033 - vc_loss: 11.1804 - weighted_kl_loss: 8.9630
Epoch 13/200
93/93 - 53s - 565ms/step - accuracy: 0.6086 - autoencoder_loss: 4.8984 - kl_loss: 3.8987 - loss: 8.0631 - reconstruction_loss: 0.9997 - vc_loss: 9.4194 - weighted_kl_loss: 3.8987
Epoch 17/200
93/93 - 53s - 567ms/step - accuracy: 0.6111 - autoencoder_loss: 7.3935 - kl_loss: 6.3932 - loss: 7.7752 - reconstruction_loss: 1.0003 - vc_loss: 7.9388 - weighted_kl_loss: 6.3932
Epoch 21/200
93/93 - 53s - 566ms/step - accuracy: 0.6187 - autoencoder_loss: 9.2372 - kl_loss: 8.2389 - loss: 10.5525 - reconstruction_loss: 0.9984 - vc_loss: 11.1162 - weighted_kl_loss: 8.2389
Epoch 15/200
93/93 - 53s - 569ms/step - accuracy: 0.6035 - autoencoder_loss: 9.3971 - kl_loss: 8.3963 - loss: 10.1545 - reconstruction_loss: 1.0008 - vc_loss: 10.4791 - weighted_kl_loss: 8.3963
Epoch 14/200
93/93 - 53s - 566ms/step - accuracy: 0.6086 - autoencoder_loss: 4.5408 - kl_loss: 3.5413 - loss: 7.6507 - reconstruction_loss: 0.9995 - vc_loss: 8.9834 - weighted_kl_loss: 3.5413
Epoch 18/200
93/93 - 52s - 558ms/step - accuracy: 0.6111 - autoencoder_loss: 7.2004 - kl_loss: 6.2008 - loss: 6.9903 - reconstruction_loss: 0.9996 - vc_loss: 6.9003 - weighted_kl_loss: 6.2008
Epoch 22/200
93/93 - 52s - 560ms/step - accuracy: 0.6187 - autoencoder_loss: 8.5074 - kl_loss: 7.5087 - loss: 9.5651 - reconstruction_loss: 0.9986 - vc_loss: 10.0185 - weighted_kl_loss: 7.5087
Epoch 16/200
93/93 - 53s - 570ms/step - accuracy: 0.6035 - autoencoder_loss: 8.7164 - kl_loss: 7.7171 - loss: 9.1809 - reconstruction_loss: 0.9993 - vc_loss: 9.3799 - weighted_kl_loss: 7.7171
Epoch 15/200
93/93 - 52s - 559ms/step - accuracy: 0.6086 - autoencoder_loss: 4.3085 - kl_loss: 3.3087 - loss: 7.5129 - reconstruction_loss: 0.9998 - vc_loss: 8.8862 - weighted_kl_loss: 3.3087
Epoch 19/200
93/93 - 53s - 567ms/step - accuracy: 0.6111 - autoencoder_loss: 7.0765 - kl_loss: 6.0765 - loss: 7.1449 - reconstruction_loss: 1.0000 - vc_loss: 7.1742 - weighted_kl_loss: 6.0765
Epoch 23/200
93/93 - 53s - 566ms/step - accuracy: 0.6187 - autoencoder_loss: 8.3130 - kl_loss: 7.3139 - loss: 9.4862 - reconstruction_loss: 0.9992 - vc_loss: 9.9890 - weighted_kl_loss: 7.3139
Epoch 17/200
93/93 - 53s - 572ms/step - accuracy: 0.6035 - autoencoder_loss: 8.3707 - kl_loss: 7.3709 - loss: 8.9656 - reconstruction_loss: 0.9998 - vc_loss: 9.2206 - weighted_kl_loss: 7.3709
Epoch 16/200
93/93 - 53s - 566ms/step - accuracy: 0.6086 - autoencoder_loss: 4.1340 - kl_loss: 3.1339 - loss: 6.4340 - reconstruction_loss: 1.0002 - vc_loss: 7.4197 - weighted_kl_loss: 3.1339
Epoch 20/200
93/93 - 52s - 561ms/step - accuracy: 0.6111 - autoencoder_loss: 6.9843 - kl_loss: 5.9847 - loss: 6.7367 - reconstruction_loss: 0.9996 - vc_loss: 6.6306 - weighted_kl_loss: 5.9847
Epoch 24/200
93/93 - 52s - 561ms/step - accuracy: 0.6187 - autoencoder_loss: 7.9350 - kl_loss: 6.9346 - loss: 9.4084 - reconstruction_loss: 1.0003 - vc_loss: 10.0399 - weighted_kl_loss: 6.9346
Epoch 18/200
93/93 - 53s - 568ms/step - accuracy: 0.6035 - autoencoder_loss: 7.7017 - kl_loss: 6.7020 - loss: 8.2164 - reconstruction_loss: 0.9997 - vc_loss: 8.4370 - weighted_kl_loss: 6.7020
Epoch 17/200
93/93 - 52s - 562ms/step - accuracy: 0.6086 - autoencoder_loss: 3.9261 - kl_loss: 2.9256 - loss: 6.6399 - reconstruction_loss: 1.0005 - vc_loss: 7.8030 - weighted_kl_loss: 2.9256
Epoch 21/200
93/93 - 51s - 546ms/step - accuracy: 0.6111 - autoencoder_loss: 7.0596 - kl_loss: 6.0600 - loss: 6.4014 - reconstruction_loss: 0.9996 - vc_loss: 6.1193 - weighted_kl_loss: 6.0600
Epoch 25/200
93/93 - 51s - 551ms/step - accuracy: 0.6187 - autoencoder_loss: 7.7893 - kl_loss: 6.7909 - loss: 11.2723 - reconstruction_loss: 0.9984 - vc_loss: 12.7650 - weighted_kl_loss: 6.7909
Epoch 19/200
93/93 - 52s - 556ms/step - accuracy: 0.6035 - autoencoder_loss: 7.2531 - kl_loss: 6.2536 - loss: 8.4686 - reconstruction_loss: 0.9995 - vc_loss: 8.9895 - weighted_kl_loss: 6.2536
Epoch 18/200
93/93 - 51s - 544ms/step - accuracy: 0.6086 - autoencoder_loss: 3.4303 - kl_loss: 2.4303 - loss: 6.5780 - reconstruction_loss: 1.0000 - vc_loss: 7.9270 - weighted_kl_loss: 2.4303
Epoch 22/200
93/93 - 52s - 554ms/step - accuracy: 0.6111 - autoencoder_loss: 6.9209 - kl_loss: 5.9215 - loss: 6.4094 - reconstruction_loss: 0.9994 - vc_loss: 6.1902 - weighted_kl_loss: 5.9215
Epoch 26/200
93/93 - 51s - 552ms/step - accuracy: 0.6187 - autoencoder_loss: 6.9775 - kl_loss: 5.9789 - loss: 8.7679 - reconstruction_loss: 0.9986 - vc_loss: 9.5352 - weighted_kl_loss: 5.9789
Epoch 20/200
93/93 - 51s - 548ms/step - accuracy: 0.6086 - autoencoder_loss: 3.3157 - kl_loss: 2.3146 - loss: 6.0910 - reconstruction_loss: 1.0011 - vc_loss: 7.2804 - weighted_kl_loss: 2.3146
Epoch 23/200
93/93 - 52s - 556ms/step - accuracy: 0.6035 - autoencoder_loss: 6.8457 - kl_loss: 5.8463 - loss: 7.6613 - reconstruction_loss: 0.9994 - vc_loss: 8.0108 - weighted_kl_loss: 5.8463
Epoch 19/200
93/93 - 51s - 549ms/step - accuracy: 0.6111 - autoencoder_loss: 6.8352 - kl_loss: 5.8352 - loss: 6.7654 - reconstruction_loss: 1.0000 - vc_loss: 6.7355 - weighted_kl_loss: 5.8352
Epoch 27/200
93/93 - 52s - 558ms/step - accuracy: 0.6187 - autoencoder_loss: 7.9085 - kl_loss: 6.9089 - loss: 12.1030 - reconstruction_loss: 0.9996 - vc_loss: 13.9006 - weighted_kl_loss: 6.9089
Epoch 21/200
93/93 - 52s - 562ms/step - accuracy: 0.6086 - autoencoder_loss: 3.1368 - kl_loss: 2.1363 - loss: 5.5534 - reconstruction_loss: 1.0005 - vc_loss: 6.5891 - weighted_kl_loss: 2.1363
Epoch 24/200
93/93 - 52s - 560ms/step - accuracy: 0.6035 - autoencoder_loss: 6.5740 - kl_loss: 5.5739 - loss: 6.8469 - reconstruction_loss: 1.0001 - vc_loss: 6.9639 - weighted_kl_loss: 5.5739
Epoch 20/200
93/93 - 52s - 560ms/step - accuracy: 0.6111 - autoencoder_loss: 6.7240 - kl_loss: 5.7238 - loss: 6.2083 - reconstruction_loss: 1.0002 - vc_loss: 5.9873 - weighted_kl_loss: 5.7238
Epoch 28/200
93/93 - 51s - 551ms/step - accuracy: 0.6187 - autoencoder_loss: 7.5247 - kl_loss: 6.5261 - loss: 8.1789 - reconstruction_loss: 0.9986 - vc_loss: 8.4593 - weighted_kl_loss: 6.5261
Epoch 22/200
93/93 - 51s - 553ms/step - accuracy: 0.6086 - autoencoder_loss: 3.0376 - kl_loss: 2.0381 - loss: 5.4509 - reconstruction_loss: 0.9995 - vc_loss: 6.4851 - weighted_kl_loss: 2.0381
Epoch 25/200
93/93 - 53s - 571ms/step - accuracy: 0.6035 - autoencoder_loss: 6.3295 - kl_loss: 5.3292 - loss: 6.2129 - reconstruction_loss: 1.0003 - vc_loss: 6.1629 - weighted_kl_loss: 5.3292
Epoch 21/200
93/93 - 51s - 546ms/step - accuracy: 0.6111 - autoencoder_loss: 6.5971 - kl_loss: 5.5973 - loss: 5.5468 - reconstruction_loss: 0.9998 - vc_loss: 5.0967 - weighted_kl_loss: 5.5973
Epoch 29/200
93/93 - 51s - 544ms/step - accuracy: 0.6187 - autoencoder_loss: 7.2540 - kl_loss: 6.2539 - loss: 7.7745 - reconstruction_loss: 1.0001 - vc_loss: 7.9977 - weighted_kl_loss: 6.2539
Epoch 23/200
93/93 - 51s - 553ms/step - accuracy: 0.6086 - autoencoder_loss: 2.9737 - kl_loss: 1.9742 - loss: 4.9451 - reconstruction_loss: 0.9995 - vc_loss: 5.7899 - weighted_kl_loss: 1.9742
Epoch 26/200
93/93 - 53s - 566ms/step - accuracy: 0.6035 - autoencoder_loss: 6.0456 - kl_loss: 5.0424 - loss: 7.2432 - reconstruction_loss: 1.0032 - vc_loss: 7.7564 - weighted_kl_loss: 5.0424
Epoch 22/200
93/93 - 52s - 564ms/step - accuracy: 0.6111 - autoencoder_loss: 6.4526 - kl_loss: 5.4525 - loss: 5.6520 - reconstruction_loss: 1.0001 - vc_loss: 5.3089 - weighted_kl_loss: 5.4525
Epoch 30/200
93/93 - 53s - 568ms/step - accuracy: 0.6187 - autoencoder_loss: 7.0366 - kl_loss: 6.0378 - loss: 6.9404 - reconstruction_loss: 0.9989 - vc_loss: 6.8991 - weighted_kl_loss: 6.0378
Epoch 24/200
93/93 - 52s - 564ms/step - accuracy: 0.6086 - autoencoder_loss: 2.8985 - kl_loss: 1.8977 - loss: 4.9461 - reconstruction_loss: 1.0008 - vc_loss: 5.8237 - weighted_kl_loss: 1.8977
Epoch 27/200
93/93 - 53s - 574ms/step - accuracy: 0.6035 - autoencoder_loss: 5.8295 - kl_loss: 4.8291 - loss: 6.1787 - reconstruction_loss: 1.0004 - vc_loss: 6.3284 - weighted_kl_loss: 4.8291
Epoch 23/200
93/93 - 53s - 565ms/step - accuracy: 0.6111 - autoencoder_loss: 6.3334 - kl_loss: 5.3338 - loss: 5.9213 - reconstruction_loss: 0.9995 - vc_loss: 5.7447 - weighted_kl_loss: 5.3338
Epoch 31/200
93/93 - 53s - 566ms/step - accuracy: 0.6187 - autoencoder_loss: 7.2002 - kl_loss: 6.2013 - loss: 9.2567 - reconstruction_loss: 0.9989 - vc_loss: 10.1380 - weighted_kl_loss: 6.2013
Epoch 25/200
93/93 - 53s - 567ms/step - accuracy: 0.6086 - autoencoder_loss: 2.8442 - kl_loss: 1.8447 - loss: 5.2980 - reconstruction_loss: 0.9995 - vc_loss: 6.3497 - weighted_kl_loss: 1.8447
Epoch 28/200
93/93 - 53s - 569ms/step - accuracy: 0.6035 - autoencoder_loss: 5.5182 - kl_loss: 4.5182 - loss: 6.2024 - reconstruction_loss: 1.0001 - vc_loss: 6.4956 - weighted_kl_loss: 4.5182
Epoch 24/200
93/93 - 53s - 566ms/step - accuracy: 0.6111 - autoencoder_loss: 6.0104 - kl_loss: 5.0108 - loss: 5.1160 - reconstruction_loss: 0.9996 - vc_loss: 4.7327 - weighted_kl_loss: 5.0108
Epoch 32/200
93/93 - 53s - 565ms/step - accuracy: 0.6187 - autoencoder_loss: 7.0529 - kl_loss: 6.0537 - loss: 8.5759 - reconstruction_loss: 0.9993 - vc_loss: 9.2286 - weighted_kl_loss: 6.0537
Epoch 26/200
93/93 - 53s - 565ms/step - accuracy: 0.6086 - autoencoder_loss: 2.7799 - kl_loss: 1.7802 - loss: 4.5317 - reconstruction_loss: 0.9996 - vc_loss: 5.2825 - weighted_kl_loss: 1.7802
Epoch 29/200
93/93 - 53s - 566ms/step - accuracy: 0.6111 - autoencoder_loss: 5.9274 - kl_loss: 4.9278 - loss: 5.0724 - reconstruction_loss: 0.9996 - vc_loss: 4.7059 - weighted_kl_loss: 4.9278
Epoch 33/200
93/93 - 82s - 883ms/step - accuracy: 0.6035 - autoencoder_loss: 5.2537 - kl_loss: 4.2531 - loss: 5.7105 - reconstruction_loss: 1.0006 - vc_loss: 5.9063 - weighted_kl_loss: 4.2531
Epoch 25/200
93/93 - 53s - 566ms/step - accuracy: 0.6187 - autoencoder_loss: 6.9353 - kl_loss: 5.9360 - loss: 9.0695 - reconstruction_loss: 0.9993 - vc_loss: 9.9841 - weighted_kl_loss: 5.9360
Epoch 27/200
93/93 - 52s - 561ms/step - accuracy: 0.6086 - autoencoder_loss: 2.7054 - kl_loss: 1.7055 - loss: 4.5577 - reconstruction_loss: 0.9998 - vc_loss: 5.3516 - weighted_kl_loss: 1.7055
Epoch 30/200
93/93 - 50s - 543ms/step - accuracy: 0.6111 - autoencoder_loss: 5.8221 - kl_loss: 4.8225 - loss: 5.1063 - reconstruction_loss: 0.9995 - vc_loss: 4.7995 - weighted_kl_loss: 4.8225
Epoch 34/200
93/93 - 51s - 552ms/step - accuracy: 0.6035 - autoencoder_loss: 5.1115 - kl_loss: 4.1118 - loss: 6.8985 - reconstruction_loss: 0.9997 - vc_loss: 7.6643 - weighted_kl_loss: 4.1118
Epoch 26/200
93/93 - 51s - 548ms/step - accuracy: 0.6187 - autoencoder_loss: 6.7639 - kl_loss: 5.7648 - loss: 8.9916 - reconstruction_loss: 0.9991 - vc_loss: 9.9463 - weighted_kl_loss: 5.7648
Epoch 28/200
93/93 - 52s - 564ms/step - accuracy: 0.6086 - autoencoder_loss: 2.6829 - kl_loss: 1.6835 - loss: 4.5679 - reconstruction_loss: 0.9994 - vc_loss: 5.3757 - weighted_kl_loss: 1.6835
Epoch 31/200
93/93 - 52s - 563ms/step - accuracy: 0.6111 - autoencoder_loss: 5.7097 - kl_loss: 4.7097 - loss: 5.1575 - reconstruction_loss: 1.0000 - vc_loss: 4.9208 - weighted_kl_loss: 4.7097
Epoch 35/200
93/93 - 53s - 573ms/step - accuracy: 0.6035 - autoencoder_loss: 5.1320 - kl_loss: 4.1327 - loss: 6.2918 - reconstruction_loss: 0.9994 - vc_loss: 6.7888 - weighted_kl_loss: 4.1327
Epoch 27/200
93/93 - 52s - 564ms/step - accuracy: 0.6187 - autoencoder_loss: 6.5605 - kl_loss: 5.5615 - loss: 7.5422 - reconstruction_loss: 0.9990 - vc_loss: 7.9629 - weighted_kl_loss: 5.5615
Epoch 29/200
93/93 - 53s - 565ms/step - accuracy: 0.6086 - autoencoder_loss: 2.6286 - kl_loss: 1.6289 - loss: 4.5653 - reconstruction_loss: 0.9997 - vc_loss: 5.3954 - weighted_kl_loss: 1.6289
Epoch 32/200
93/93 - 53s - 565ms/step - accuracy: 0.6111 - autoencoder_loss: 5.5650 - kl_loss: 4.5647 - loss: 5.0903 - reconstruction_loss: 1.0003 - vc_loss: 4.8869 - weighted_kl_loss: 4.5647
Epoch 36/200
93/93 - 53s - 569ms/step - accuracy: 0.6035 - autoencoder_loss: 4.9617 - kl_loss: 3.9616 - loss: 6.0829 - reconstruction_loss: 1.0001 - vc_loss: 6.5635 - weighted_kl_loss: 3.9616
Epoch 28/200
93/93 - 53s - 565ms/step - accuracy: 0.6187 - autoencoder_loss: 6.4111 - kl_loss: 5.4091 - loss: 7.0620 - reconstruction_loss: 1.0020 - vc_loss: 7.3410 - weighted_kl_loss: 5.4091
Epoch 30/200
93/93 - 52s - 561ms/step - accuracy: 0.6086 - autoencoder_loss: 2.5623 - kl_loss: 1.5633 - loss: 5.0053 - reconstruction_loss: 0.9990 - vc_loss: 6.0523 - weighted_kl_loss: 1.5633
Epoch 33/200
93/93 - 52s - 562ms/step - accuracy: 0.6111 - autoencoder_loss: 5.4499 - kl_loss: 4.4503 - loss: 4.8251 - reconstruction_loss: 0.9996 - vc_loss: 4.5574 - weighted_kl_loss: 4.4503
Epoch 37/200
93/93 - 53s - 568ms/step - accuracy: 0.6035 - autoencoder_loss: 4.8256 - kl_loss: 3.8254 - loss: 5.8554 - reconstruction_loss: 1.0002 - vc_loss: 6.2968 - weighted_kl_loss: 3.8254
Epoch 29/200
93/93 - 52s - 561ms/step - accuracy: 0.6187 - autoencoder_loss: 6.3069 - kl_loss: 5.3064 - loss: 6.8204 - reconstruction_loss: 1.0004 - vc_loss: 7.0405 - weighted_kl_loss: 5.3064
Epoch 31/200
93/93 - 53s - 565ms/step - accuracy: 0.6086 - autoencoder_loss: 2.5229 - kl_loss: 1.5164 - loss: 4.1792 - reconstruction_loss: 1.0065 - vc_loss: 4.8891 - weighted_kl_loss: 1.5164
Epoch 34/200
93/93 - 52s - 555ms/step - accuracy: 0.6111 - autoencoder_loss: 5.3460 - kl_loss: 4.3461 - loss: 4.5425 - reconstruction_loss: 0.9999 - vc_loss: 4.1981 - weighted_kl_loss: 4.3461
Epoch 38/200
93/93 - 53s - 565ms/step - accuracy: 0.6035 - autoencoder_loss: 4.6704 - kl_loss: 3.6704 - loss: 5.4622 - reconstruction_loss: 0.9999 - vc_loss: 5.8016 - weighted_kl_loss: 3.6704
Epoch 30/200
93/93 - 52s - 556ms/step - accuracy: 0.6187 - autoencoder_loss: 6.1147 - kl_loss: 5.1159 - loss: 7.3303 - reconstruction_loss: 0.9988 - vc_loss: 7.8513 - weighted_kl_loss: 5.1159
Epoch 32/200
93/93 - 51s - 546ms/step - accuracy: 0.6111 - autoencoder_loss: 5.2261 - kl_loss: 4.2263 - loss: 5.4457 - reconstruction_loss: 0.9998 - vc_loss: 5.5398 - weighted_kl_loss: 4.2263
Epoch 39/200
93/93 - 81s - 875ms/step - accuracy: 0.6086 - autoencoder_loss: 2.4433 - kl_loss: 1.4436 - loss: 4.3098 - reconstruction_loss: 0.9997 - vc_loss: 5.1097 - weighted_kl_loss: 1.4436
Epoch 35/200
93/93 - 52s - 556ms/step - accuracy: 0.6035 - autoencoder_loss: 4.6937 - kl_loss: 3.6941 - loss: 5.6247 - reconstruction_loss: 0.9996 - vc_loss: 6.0237 - weighted_kl_loss: 3.6941
Epoch 31/200
93/93 - 51s - 552ms/step - accuracy: 0.6187 - autoencoder_loss: 5.9809 - kl_loss: 4.9812 - loss: 6.7010 - reconstruction_loss: 0.9997 - vc_loss: 7.0096 - weighted_kl_loss: 4.9812
Epoch 33/200
93/93 - 53s - 566ms/step - accuracy: 0.6111 - autoencoder_loss: 5.1170 - kl_loss: 4.1174 - loss: 4.7938 - reconstruction_loss: 0.9996 - vc_loss: 4.6553 - weighted_kl_loss: 4.1174
Epoch 40/200
93/93 - 53s - 568ms/step - accuracy: 0.6086 - autoencoder_loss: 2.3989 - kl_loss: 1.3988 - loss: 4.3362 - reconstruction_loss: 1.0002 - vc_loss: 5.1665 - weighted_kl_loss: 1.3988
Epoch 36/200
93/93 - 53s - 566ms/step - accuracy: 0.6187 - autoencoder_loss: 5.8168 - kl_loss: 4.8178 - loss: 5.7990 - reconstruction_loss: 0.9990 - vc_loss: 5.7914 - weighted_kl_loss: 4.8178
Epoch 34/200
93/93 - 53s - 570ms/step - accuracy: 0.6035 - autoencoder_loss: 4.6277 - kl_loss: 3.6263 - loss: 5.1778 - reconstruction_loss: 1.0013 - vc_loss: 5.4136 - weighted_kl_loss: 3.6263
Epoch 32/200
93/93 - 52s - 563ms/step - accuracy: 0.6111 - autoencoder_loss: 4.9751 - kl_loss: 3.9759 - loss: 4.7043 - reconstruction_loss: 0.9993 - vc_loss: 4.5882 - weighted_kl_loss: 3.9759
Epoch 41/200
93/93 - 52s - 563ms/step - accuracy: 0.6086 - autoencoder_loss: 2.3681 - kl_loss: 1.3686 - loss: 4.1384 - reconstruction_loss: 0.9995 - vc_loss: 4.8971 - weighted_kl_loss: 1.3686
Epoch 37/200
93/93 - 52s - 563ms/step - accuracy: 0.6187 - autoencoder_loss: 5.7862 - kl_loss: 4.7868 - loss: 5.2832 - reconstruction_loss: 0.9994 - vc_loss: 5.0676 - weighted_kl_loss: 4.7868
Epoch 35/200
93/93 - 53s - 568ms/step - accuracy: 0.6035 - autoencoder_loss: 4.5239 - kl_loss: 3.5238 - loss: 4.5823 - reconstruction_loss: 1.0001 - vc_loss: 4.6074 - weighted_kl_loss: 3.5238
Epoch 33/200
93/93 - 51s - 551ms/step - accuracy: 0.6111 - autoencoder_loss: 4.9209 - kl_loss: 3.9212 - loss: 4.9969 - reconstruction_loss: 0.9997 - vc_loss: 5.0295 - weighted_kl_loss: 3.9212
Epoch 42/200
93/93 - 52s - 559ms/step - accuracy: 0.6086 - autoencoder_loss: 2.3098 - kl_loss: 1.3104 - loss: 4.0755 - reconstruction_loss: 0.9993 - vc_loss: 4.8322 - weighted_kl_loss: 1.3104
Epoch 38/200
93/93 - 52s - 555ms/step - accuracy: 0.6187 - autoencoder_loss: 5.6428 - kl_loss: 4.6432 - loss: 6.0262 - reconstruction_loss: 0.9996 - vc_loss: 6.1905 - weighted_kl_loss: 4.6432
Epoch 36/200
93/93 - 52s - 557ms/step - accuracy: 0.6035 - autoencoder_loss: 4.4329 - kl_loss: 3.4336 - loss: 5.0965 - reconstruction_loss: 0.9994 - vc_loss: 5.3808 - weighted_kl_loss: 3.4336
Epoch 34/200
93/93 - 51s - 550ms/step - accuracy: 0.6111 - autoencoder_loss: 4.8382 - kl_loss: 3.8378 - loss: 4.4695 - reconstruction_loss: 1.0004 - vc_loss: 4.3115 - weighted_kl_loss: 3.8378
Epoch 43/200
93/93 - 51s - 551ms/step - accuracy: 0.6086 - autoencoder_loss: 2.2584 - kl_loss: 1.2587 - loss: 3.7478 - reconstruction_loss: 0.9997 - vc_loss: 4.3861 - weighted_kl_loss: 1.2587
Epoch 39/200
93/93 - 51s - 548ms/step - accuracy: 0.6187 - autoencoder_loss: 5.4931 - kl_loss: 4.4939 - loss: 5.4161 - reconstruction_loss: 0.9992 - vc_loss: 5.3831 - weighted_kl_loss: 4.4939
Epoch 37/200
93/93 - 52s - 561ms/step - accuracy: 0.6035 - autoencoder_loss: 4.2600 - kl_loss: 3.2584 - loss: 4.5303 - reconstruction_loss: 1.0016 - vc_loss: 4.6461 - weighted_kl_loss: 3.2584
Epoch 35/200
93/93 - 52s - 558ms/step - accuracy: 0.6111 - autoencoder_loss: 4.7209 - kl_loss: 3.7213 - loss: 5.0702 - reconstruction_loss: 0.9996 - vc_loss: 5.2200 - weighted_kl_loss: 3.7213
Epoch 44/200
93/93 - 52s - 556ms/step - accuracy: 0.6086 - autoencoder_loss: 2.2325 - kl_loss: 1.2327 - loss: 3.4106 - reconstruction_loss: 0.9998 - vc_loss: 3.9155 - weighted_kl_loss: 1.2327
Epoch 40/200
93/93 - 52s - 560ms/step - accuracy: 0.6187 - autoencoder_loss: 5.2003 - kl_loss: 4.2007 - loss: 4.7508 - reconstruction_loss: 0.9996 - vc_loss: 4.5582 - weighted_kl_loss: 4.2007
Epoch 38/200
93/93 - 52s - 559ms/step - accuracy: 0.6035 - autoencoder_loss: 4.1345 - kl_loss: 3.1345 - loss: 4.4623 - reconstruction_loss: 0.9999 - vc_loss: 4.6027 - weighted_kl_loss: 3.1345
Epoch 36/200
93/93 - 51s - 544ms/step - accuracy: 0.6111 - autoencoder_loss: 4.6216 - kl_loss: 3.6220 - loss: 5.5349 - reconstruction_loss: 0.9996 - vc_loss: 5.9263 - weighted_kl_loss: 3.6220
Epoch 45/200
93/93 - 51s - 549ms/step - accuracy: 0.6086 - autoencoder_loss: 2.2227 - kl_loss: 1.2232 - loss: 4.5711 - reconstruction_loss: 0.9994 - vc_loss: 5.5776 - weighted_kl_loss: 1.2232
Epoch 41/200
93/93 - 52s - 555ms/step - accuracy: 0.6187 - autoencoder_loss: 5.1357 - kl_loss: 4.1366 - loss: 4.4316 - reconstruction_loss: 0.9991 - vc_loss: 4.1298 - weighted_kl_loss: 4.1366
Epoch 39/200
93/93 - 52s - 559ms/step - accuracy: 0.6035 - autoencoder_loss: 4.0316 - kl_loss: 3.0313 - loss: 4.4928 - reconstruction_loss: 1.0003 - vc_loss: 4.6904 - weighted_kl_loss: 3.0313
Epoch 37/200
93/93 - 50s - 536ms/step - accuracy: 0.6086 - autoencoder_loss: 2.1895 - kl_loss: 1.1890 - loss: 4.7885 - reconstruction_loss: 1.0005 - vc_loss: 5.9023 - weighted_kl_loss: 1.1890
Epoch 42/200
93/93 - 50s - 543ms/step - accuracy: 0.6187 - autoencoder_loss: 4.9774 - kl_loss: 3.9780 - loss: 5.0070 - reconstruction_loss: 0.9994 - vc_loss: 5.0197 - weighted_kl_loss: 3.9780
Epoch 40/200
93/93 - 52s - 555ms/step - accuracy: 0.6035 - autoencoder_loss: 3.9174 - kl_loss: 2.9173 - loss: 4.0955 - reconstruction_loss: 1.0000 - vc_loss: 4.1718 - weighted_kl_loss: 2.9173
Epoch 38/200
93/93 - 82s - 881ms/step - accuracy: 0.6111 - autoencoder_loss: 4.5970 - kl_loss: 3.5977 - loss: 5.1112 - reconstruction_loss: 0.9993 - vc_loss: 5.3316 - weighted_kl_loss: 3.5977
Epoch 46/200
93/93 - 50s - 538ms/step - accuracy: 0.6086 - autoencoder_loss: 2.1278 - kl_loss: 1.1273 - loss: 4.1436 - reconstruction_loss: 1.0005 - vc_loss: 5.0076 - weighted_kl_loss: 1.1273
Epoch 43/200
93/93 - 51s - 547ms/step - accuracy: 0.6187 - autoencoder_loss: 4.8639 - kl_loss: 3.8599 - loss: 4.5924 - reconstruction_loss: 1.0041 - vc_loss: 4.4761 - weighted_kl_loss: 3.8599
Epoch 41/200
93/93 - 52s - 554ms/step - accuracy: 0.6035 - autoencoder_loss: 3.8394 - kl_loss: 2.8390 - loss: 4.1800 - reconstruction_loss: 1.0004 - vc_loss: 4.3261 - weighted_kl_loss: 2.8390
Epoch 39/200
93/93 - 51s - 550ms/step - accuracy: 0.6111 - autoencoder_loss: 4.5397 - kl_loss: 3.5404 - loss: 4.3813 - reconstruction_loss: 0.9993 - vc_loss: 4.3134 - weighted_kl_loss: 3.5404
Epoch 47/200
93/93 - 52s - 563ms/step - accuracy: 0.6086 - autoencoder_loss: 2.1773 - kl_loss: 1.1778 - loss: 4.0292 - reconstruction_loss: 0.9995 - vc_loss: 4.8228 - weighted_kl_loss: 1.1778
Epoch 44/200
93/93 - 52s - 561ms/step - accuracy: 0.6187 - autoencoder_loss: 4.7177 - kl_loss: 3.7182 - loss: 4.6217 - reconstruction_loss: 0.9995 - vc_loss: 4.5806 - weighted_kl_loss: 3.7182
Epoch 42/200
93/93 - 52s - 564ms/step - accuracy: 0.6035 - autoencoder_loss: 3.7214 - kl_loss: 2.7217 - loss: 4.1077 - reconstruction_loss: 0.9996 - vc_loss: 4.2733 - weighted_kl_loss: 2.7217
Epoch 40/200
93/93 - 52s - 555ms/step - accuracy: 0.6111 - autoencoder_loss: 4.4998 - kl_loss: 3.5000 - loss: 4.4607 - reconstruction_loss: 0.9997 - vc_loss: 4.4439 - weighted_kl_loss: 3.5000
Epoch 48/200
93/93 - 51s - 546ms/step - accuracy: 0.6086 - autoencoder_loss: 2.1675 - kl_loss: 1.1659 - loss: 4.1648 - reconstruction_loss: 1.0017 - vc_loss: 5.0208 - weighted_kl_loss: 1.1659
Epoch 45/200
93/93 - 51s - 552ms/step - accuracy: 0.6187 - autoencoder_loss: 4.6514 - kl_loss: 3.6509 - loss: 5.0216 - reconstruction_loss: 1.0006 - vc_loss: 5.1802 - weighted_kl_loss: 3.6509
Epoch 43/200
93/93 - 52s - 555ms/step - accuracy: 0.6035 - autoencoder_loss: 3.6408 - kl_loss: 2.6411 - loss: 4.1283 - reconstruction_loss: 0.9998 - vc_loss: 4.3372 - weighted_kl_loss: 2.6411
Epoch 41/200
93/93 - 50s - 536ms/step - accuracy: 0.6111 - autoencoder_loss: 4.4763 - kl_loss: 3.4754 - loss: 4.4636 - reconstruction_loss: 1.0009 - vc_loss: 4.4582 - weighted_kl_loss: 3.4754
Epoch 49/200
93/93 - 50s - 542ms/step - accuracy: 0.6086 - autoencoder_loss: 2.1115 - kl_loss: 1.1120 - loss: 3.5838 - reconstruction_loss: 0.9996 - vc_loss: 4.2148 - weighted_kl_loss: 1.1120
Epoch 46/200
93/93 - 51s - 551ms/step - accuracy: 0.6187 - autoencoder_loss: 4.5347 - kl_loss: 3.5353 - loss: 4.5550 - reconstruction_loss: 0.9994 - vc_loss: 4.5638 - weighted_kl_loss: 3.5353
Epoch 44/200
93/93 - 52s - 556ms/step - accuracy: 0.6035 - autoencoder_loss: 3.5399 - kl_loss: 2.5408 - loss: 4.1744 - reconstruction_loss: 0.9991 - vc_loss: 4.4464 - weighted_kl_loss: 2.5408
Epoch 42/200
93/93 - 52s - 561ms/step - accuracy: 0.6111 - autoencoder_loss: 4.4287 - kl_loss: 3.4294 - loss: 4.0884 - reconstruction_loss: 0.9993 - vc_loss: 3.9425 - weighted_kl_loss: 3.4294
Epoch 50/200
93/93 - 52s - 557ms/step - accuracy: 0.6086 - autoencoder_loss: 2.0855 - kl_loss: 1.0856 - loss: 4.6366 - reconstruction_loss: 0.9999 - vc_loss: 5.7299 - weighted_kl_loss: 1.0856
Epoch 47/200
93/93 - 52s - 560ms/step - accuracy: 0.6187 - autoencoder_loss: 4.4183 - kl_loss: 3.4191 - loss: 4.2352 - reconstruction_loss: 0.9992 - vc_loss: 4.1568 - weighted_kl_loss: 3.4191
Epoch 45/200
93/93 - 53s - 566ms/step - accuracy: 0.6035 - autoencoder_loss: 3.4599 - kl_loss: 2.4603 - loss: 4.2458 - reconstruction_loss: 0.9996 - vc_loss: 4.5825 - weighted_kl_loss: 2.4603
Epoch 43/200
93/93 - 52s - 554ms/step - accuracy: 0.6111 - autoencoder_loss: 4.3866 - kl_loss: 3.3870 - loss: 3.8479 - reconstruction_loss: 0.9996 - vc_loss: 3.6171 - weighted_kl_loss: 3.3870
Epoch 51/200
93/93 - 51s - 551ms/step - accuracy: 0.6086 - autoencoder_loss: 2.0386 - kl_loss: 1.0389 - loss: 3.5308 - reconstruction_loss: 0.9997 - vc_loss: 4.1703 - weighted_kl_loss: 1.0389
Epoch 48/200
93/93 - 52s - 557ms/step - accuracy: 0.6187 - autoencoder_loss: 4.3419 - kl_loss: 3.3426 - loss: 3.9520 - reconstruction_loss: 0.9993 - vc_loss: 3.7849 - weighted_kl_loss: 3.3426
Epoch 46/200
93/93 - 52s - 557ms/step - accuracy: 0.6035 - autoencoder_loss: 3.3775 - kl_loss: 2.3781 - loss: 4.4562 - reconstruction_loss: 0.9994 - vc_loss: 4.9185 - weighted_kl_loss: 2.3781
Epoch 44/200
93/93 - 51s - 550ms/step - accuracy: 0.6111 - autoencoder_loss: 4.3283 - kl_loss: 3.3276 - loss: 4.1969 - reconstruction_loss: 1.0007 - vc_loss: 4.1405 - weighted_kl_loss: 3.3276
Epoch 52/200
93/93 - 50s - 542ms/step - accuracy: 0.6086 - autoencoder_loss: 2.0058 - kl_loss: 1.0052 - loss: 3.4787 - reconstruction_loss: 1.0006 - vc_loss: 4.1099 - weighted_kl_loss: 1.0052
Epoch 49/200
93/93 - 52s - 556ms/step - accuracy: 0.6187 - autoencoder_loss: 4.2119 - kl_loss: 3.2117 - loss: 4.5525 - reconstruction_loss: 1.0002 - vc_loss: 4.6985 - weighted_kl_loss: 3.2117
Epoch 47/200
93/93 - 52s - 562ms/step - accuracy: 0.6035 - autoencoder_loss: 3.3402 - kl_loss: 2.3399 - loss: 4.1303 - reconstruction_loss: 1.0003 - vc_loss: 4.4689 - weighted_kl_loss: 2.3399
Epoch 45/200
93/93 - 50s - 540ms/step - accuracy: 0.6111 - autoencoder_loss: 4.2290 - kl_loss: 3.2297 - loss: 3.9061 - reconstruction_loss: 0.9993 - vc_loss: 3.7677 - weighted_kl_loss: 3.2297
Epoch 53/200
93/93 - 50s - 534ms/step - accuracy: 0.6086 - autoencoder_loss: 2.0140 - kl_loss: 1.0141 - loss: 3.8365 - reconstruction_loss: 1.0000 - vc_loss: 4.6175 - weighted_kl_loss: 1.0141
Epoch 50/200
93/93 - 50s - 535ms/step - accuracy: 0.6187 - autoencoder_loss: 4.1293 - kl_loss: 3.1303 - loss: 3.7982 - reconstruction_loss: 0.9990 - vc_loss: 3.6564 - weighted_kl_loss: 3.1303
Epoch 48/200
93/93 - 50s - 535ms/step - accuracy: 0.6111 - autoencoder_loss: 4.1675 - kl_loss: 3.1683 - loss: 3.6746 - reconstruction_loss: 0.9992 - vc_loss: 3.4633 - weighted_kl_loss: 3.1683
Epoch 54/200
93/93 - 80s - 860ms/step - accuracy: 0.6035 - autoencoder_loss: 3.2882 - kl_loss: 2.2887 - loss: 4.0433 - reconstruction_loss: 0.9995 - vc_loss: 4.3670 - weighted_kl_loss: 2.2887
Epoch 46/200
93/93 - 51s - 551ms/step - accuracy: 0.6086 - autoencoder_loss: 1.9850 - kl_loss: 0.9854 - loss: 3.7800 - reconstruction_loss: 0.9996 - vc_loss: 4.5493 - weighted_kl_loss: 0.9854
Epoch 51/200
93/93 - 51s - 553ms/step - accuracy: 0.6187 - autoencoder_loss: 3.9775 - kl_loss: 2.9779 - loss: 4.0298 - reconstruction_loss: 0.9996 - vc_loss: 4.0522 - weighted_kl_loss: 2.9779
Epoch 49/200
93/93 - 51s - 549ms/step - accuracy: 0.6111 - autoencoder_loss: 4.1124 - kl_loss: 3.1131 - loss: 3.7609 - reconstruction_loss: 0.9992 - vc_loss: 3.6103 - weighted_kl_loss: 3.1131
Epoch 55/200
93/93 - 52s - 563ms/step - accuracy: 0.6035 - autoencoder_loss: 3.2089 - kl_loss: 2.2093 - loss: 3.5265 - reconstruction_loss: 0.9996 - vc_loss: 3.6626 - weighted_kl_loss: 2.2093
Epoch 47/200
93/93 - 50s - 542ms/step - accuracy: 0.6086 - autoencoder_loss: 1.9583 - kl_loss: 0.9581 - loss: 3.7881 - reconstruction_loss: 1.0002 - vc_loss: 4.5723 - weighted_kl_loss: 0.9581
Epoch 52/200
93/93 - 52s - 554ms/step - accuracy: 0.6187 - autoencoder_loss: 3.8710 - kl_loss: 2.8715 - loss: 3.9028 - reconstruction_loss: 0.9996 - vc_loss: 3.9164 - weighted_kl_loss: 2.8715
Epoch 50/200
93/93 - 51s - 551ms/step - accuracy: 0.6111 - autoencoder_loss: 4.0873 - kl_loss: 3.0877 - loss: 4.0395 - reconstruction_loss: 0.9997 - vc_loss: 4.0190 - weighted_kl_loss: 3.0877
Epoch 56/200
93/93 - 52s - 563ms/step - accuracy: 0.6035 - autoencoder_loss: 3.1445 - kl_loss: 2.1441 - loss: 4.2243 - reconstruction_loss: 1.0005 - vc_loss: 4.6871 - weighted_kl_loss: 2.1441
Epoch 48/200
93/93 - 52s - 558ms/step - accuracy: 0.6086 - autoencoder_loss: 2.0862 - kl_loss: 1.0855 - loss: 3.7510 - reconstruction_loss: 1.0007 - vc_loss: 4.4645 - weighted_kl_loss: 1.0855
Epoch 53/200
93/93 - 52s - 560ms/step - accuracy: 0.6187 - autoencoder_loss: 3.7410 - kl_loss: 2.7415 - loss: 3.8961 - reconstruction_loss: 0.9996 - vc_loss: 3.9626 - weighted_kl_loss: 2.7415
Epoch 51/200
93/93 - 51s - 546ms/step - accuracy: 0.6111 - autoencoder_loss: 4.0821 - kl_loss: 3.0831 - loss: 3.3934 - reconstruction_loss: 0.9990 - vc_loss: 3.0983 - weighted_kl_loss: 3.0831
Epoch 57/200
93/93 - 52s - 556ms/step - accuracy: 0.6035 - autoencoder_loss: 3.0720 - kl_loss: 2.0725 - loss: 3.9215 - reconstruction_loss: 0.9995 - vc_loss: 4.2855 - weighted_kl_loss: 2.0725
Epoch 49/200
93/93 - 50s - 543ms/step - accuracy: 0.6086 - autoencoder_loss: 2.0488 - kl_loss: 1.0487 - loss: 3.5615 - reconstruction_loss: 1.0000 - vc_loss: 4.2099 - weighted_kl_loss: 1.0487
Epoch 54/200
93/93 - 51s - 553ms/step - accuracy: 0.6187 - autoencoder_loss: 3.6083 - kl_loss: 2.6089 - loss: 3.6479 - reconstruction_loss: 0.9994 - vc_loss: 3.6649 - weighted_kl_loss: 2.6089
Epoch 52/200
93/93 - 50s - 543ms/step - accuracy: 0.6111 - autoencoder_loss: 4.0215 - kl_loss: 3.0219 - loss: 3.5841 - reconstruction_loss: 0.9995 - vc_loss: 3.3966 - weighted_kl_loss: 3.0219
Epoch 58/200
93/93 - 52s - 555ms/step - accuracy: 0.6035 - autoencoder_loss: 3.0105 - kl_loss: 2.0100 - loss: 3.7939 - reconstruction_loss: 1.0005 - vc_loss: 4.1297 - weighted_kl_loss: 2.0100
Epoch 50/200
93/93 - 51s - 549ms/step - accuracy: 0.6086 - autoencoder_loss: 2.0260 - kl_loss: 1.0258 - loss: 3.7001 - reconstruction_loss: 1.0002 - vc_loss: 4.4176 - weighted_kl_loss: 1.0258
Epoch 55/200
93/93 - 52s - 555ms/step - accuracy: 0.6187 - autoencoder_loss: 3.4943 - kl_loss: 2.4944 - loss: 3.6435 - reconstruction_loss: 0.9999 - vc_loss: 3.7075 - weighted_kl_loss: 2.4944
Epoch 53/200
93/93 - 51s - 549ms/step - accuracy: 0.6111 - autoencoder_loss: 4.0063 - kl_loss: 3.0048 - loss: 3.7914 - reconstruction_loss: 1.0015 - vc_loss: 3.6993 - weighted_kl_loss: 3.0048
Epoch 59/200
93/93 - 50s - 536ms/step - accuracy: 0.6086 - autoencoder_loss: 2.0105 - kl_loss: 1.0105 - loss: 3.7025 - reconstruction_loss: 1.0000 - vc_loss: 4.4276 - weighted_kl_loss: 1.0105
Epoch 56/200
93/93 - 50s - 543ms/step - accuracy: 0.6187 - autoencoder_loss: 3.3766 - kl_loss: 2.3773 - loss: 3.6247 - reconstruction_loss: 0.9993 - vc_loss: 3.7310 - weighted_kl_loss: 2.3773
Epoch 54/200
93/93 - 52s - 555ms/step - accuracy: 0.6111 - autoencoder_loss: 3.9531 - kl_loss: 2.9537 - loss: 3.5452 - reconstruction_loss: 0.9994 - vc_loss: 3.3704 - weighted_kl_loss: 2.9537
Epoch 60/200
93/93 - 83s - 888ms/step - accuracy: 0.6035 - autoencoder_loss: 2.9441 - kl_loss: 1.9445 - loss: 3.8723 - reconstruction_loss: 0.9996 - vc_loss: 4.2701 - weighted_kl_loss: 1.9445
Epoch 51/200
93/93 - 50s - 540ms/step - accuracy: 0.6086 - autoencoder_loss: 1.9823 - kl_loss: 0.9825 - loss: 3.7836 - reconstruction_loss: 0.9998 - vc_loss: 4.5555 - weighted_kl_loss: 0.9825
Epoch 57/200
93/93 - 50s - 535ms/step - accuracy: 0.6111 - autoencoder_loss: 3.9029 - kl_loss: 2.9019 - loss: 3.8211 - reconstruction_loss: 1.0010 - vc_loss: 3.7861 - weighted_kl_loss: 2.9019
Epoch 61/200
93/93 - 51s - 547ms/step - accuracy: 0.6035 - autoencoder_loss: 2.8853 - kl_loss: 1.8858 - loss: 3.9209 - reconstruction_loss: 0.9995 - vc_loss: 4.3647 - weighted_kl_loss: 1.8858
Epoch 52/200
93/93 - 82s - 880ms/step - accuracy: 0.6187 - autoencoder_loss: 3.3144 - kl_loss: 2.3148 - loss: 4.1562 - reconstruction_loss: 0.9996 - vc_loss: 4.5170 - weighted_kl_loss: 2.3148
Epoch 55/200
93/93 - 49s - 528ms/step - accuracy: 0.6086 - autoencoder_loss: 1.9627 - kl_loss: 0.9624 - loss: 3.6227 - reconstruction_loss: 1.0002 - vc_loss: 4.3342 - weighted_kl_loss: 0.9624
Epoch 58/200
93/93 - 50s - 542ms/step - accuracy: 0.6111 - autoencoder_loss: 3.8699 - kl_loss: 2.8703 - loss: 3.7490 - reconstruction_loss: 0.9997 - vc_loss: 3.6971 - weighted_kl_loss: 2.8703
Epoch 62/200
93/93 - 51s - 552ms/step - accuracy: 0.6035 - autoencoder_loss: 2.8304 - kl_loss: 1.8311 - loss: 3.7024 - reconstruction_loss: 0.9993 - vc_loss: 4.0761 - weighted_kl_loss: 1.8311
Epoch 53/200
93/93 - 52s - 556ms/step - accuracy: 0.6187 - autoencoder_loss: 3.2314 - kl_loss: 2.2318 - loss: 3.7068 - reconstruction_loss: 0.9996 - vc_loss: 3.9105 - weighted_kl_loss: 2.2318
Epoch 56/200
93/93 - 51s - 550ms/step - accuracy: 0.6086 - autoencoder_loss: 1.9332 - kl_loss: 0.9337 - loss: 3.4950 - reconstruction_loss: 0.9995 - vc_loss: 4.1643 - weighted_kl_loss: 0.9337
Epoch 59/200
93/93 - 52s - 559ms/step - accuracy: 0.6111 - autoencoder_loss: 3.8430 - kl_loss: 2.8427 - loss: 4.0815 - reconstruction_loss: 1.0002 - vc_loss: 4.1837 - weighted_kl_loss: 2.8427
Epoch 63/200
93/93 - 53s - 568ms/step - accuracy: 0.6035 - autoencoder_loss: 2.7684 - kl_loss: 1.7689 - loss: 3.4199 - reconstruction_loss: 0.9996 - vc_loss: 3.6991 - weighted_kl_loss: 1.7689
Epoch 54/200
93/93 - 52s - 555ms/step - accuracy: 0.6187 - autoencoder_loss: 3.1893 - kl_loss: 2.1901 - loss: 4.0940 - reconstruction_loss: 0.9992 - vc_loss: 4.4817 - weighted_kl_loss: 2.1901
Epoch 57/200
93/93 - 51s - 548ms/step - accuracy: 0.6086 - autoencoder_loss: 1.9124 - kl_loss: 0.9133 - loss: 3.2110 - reconstruction_loss: 0.9991 - vc_loss: 3.7676 - weighted_kl_loss: 0.9133
Epoch 60/200
93/93 - 52s - 560ms/step - accuracy: 0.6111 - autoencoder_loss: 3.8029 - kl_loss: 2.8021 - loss: 3.8020 - reconstruction_loss: 1.0009 - vc_loss: 3.8016 - weighted_kl_loss: 2.8021
Epoch 64/200
93/93 - 53s - 567ms/step - accuracy: 0.6035 - autoencoder_loss: 2.7459 - kl_loss: 1.7464 - loss: 3.7047 - reconstruction_loss: 0.9995 - vc_loss: 4.1157 - weighted_kl_loss: 1.7464
Epoch 55/200
93/93 - 52s - 554ms/step - accuracy: 0.6187 - autoencoder_loss: 3.2292 - kl_loss: 2.2295 - loss: 3.5738 - reconstruction_loss: 0.9997 - vc_loss: 3.7215 - weighted_kl_loss: 2.2295
Epoch 58/200
93/93 - 52s - 554ms/step - accuracy: 0.6086 - autoencoder_loss: 1.8832 - kl_loss: 0.8836 - loss: 3.8718 - reconstruction_loss: 0.9996 - vc_loss: 4.7241 - weighted_kl_loss: 0.8836
Epoch 61/200
93/93 - 51s - 549ms/step - accuracy: 0.6111 - autoencoder_loss: 3.7818 - kl_loss: 2.7821 - loss: 3.6379 - reconstruction_loss: 0.9996 - vc_loss: 3.5763 - weighted_kl_loss: 2.7821
Epoch 65/200
93/93 - 52s - 559ms/step - accuracy: 0.6035 - autoencoder_loss: 2.6821 - kl_loss: 1.6823 - loss: 3.6875 - reconstruction_loss: 0.9998 - vc_loss: 4.1184 - weighted_kl_loss: 1.6823
Epoch 56/200
93/93 - 51s - 548ms/step - accuracy: 0.6187 - autoencoder_loss: 3.4977 - kl_loss: 2.4981 - loss: 3.6588 - reconstruction_loss: 0.9996 - vc_loss: 3.7279 - weighted_kl_loss: 2.4981
Epoch 59/200
93/93 - 51s - 550ms/step - accuracy: 0.6086 - autoencoder_loss: 1.8772 - kl_loss: 0.8771 - loss: 3.4621 - reconstruction_loss: 1.0001 - vc_loss: 4.1414 - weighted_kl_loss: 0.8771
Epoch 62/200
93/93 - 52s - 555ms/step - accuracy: 0.6111 - autoencoder_loss: 3.7987 - kl_loss: 2.7991 - loss: 3.8129 - reconstruction_loss: 0.9995 - vc_loss: 3.8191 - weighted_kl_loss: 2.7991
Epoch 66/200
93/93 - 52s - 558ms/step - accuracy: 0.6035 - autoencoder_loss: 2.6242 - kl_loss: 1.6235 - loss: 4.0021 - reconstruction_loss: 1.0006 - vc_loss: 4.5927 - weighted_kl_loss: 1.6235
Epoch 57/200
93/93 - 52s - 561ms/step - accuracy: 0.6187 - autoencoder_loss: 3.9100 - kl_loss: 2.9104 - loss: 4.5040 - reconstruction_loss: 0.9996 - vc_loss: 4.7585 - weighted_kl_loss: 2.9104
Epoch 60/200
93/93 - 52s - 555ms/step - accuracy: 0.6086 - autoencoder_loss: 1.8505 - kl_loss: 0.8510 - loss: 3.4350 - reconstruction_loss: 0.9995 - vc_loss: 4.1140 - weighted_kl_loss: 0.8510
Epoch 63/200
93/93 - 51s - 552ms/step - accuracy: 0.6111 - autoencoder_loss: 3.8055 - kl_loss: 2.8035 - loss: 3.6744 - reconstruction_loss: 1.0020 - vc_loss: 3.6182 - weighted_kl_loss: 2.8035
Epoch 67/200
93/93 - 53s - 567ms/step - accuracy: 0.6035 - autoencoder_loss: 2.5947 - kl_loss: 1.5955 - loss: 3.3431 - reconstruction_loss: 0.9992 - vc_loss: 3.6638 - weighted_kl_loss: 1.5955
Epoch 58/200
93/93 - 52s - 557ms/step - accuracy: 0.6187 - autoencoder_loss: 3.6299 - kl_loss: 2.6302 - loss: 4.8726 - reconstruction_loss: 0.9997 - vc_loss: 5.4052 - weighted_kl_loss: 2.6302
Epoch 61/200
93/93 - 50s - 543ms/step - accuracy: 0.6086 - autoencoder_loss: 1.8284 - kl_loss: 0.8292 - loss: 3.3668 - reconstruction_loss: 0.9993 - vc_loss: 4.0260 - weighted_kl_loss: 0.8292
Epoch 64/200
93/93 - 52s - 558ms/step - accuracy: 0.6111 - autoencoder_loss: 3.7884 - kl_loss: 2.7885 - loss: 3.4622 - reconstruction_loss: 0.9999 - vc_loss: 3.3224 - weighted_kl_loss: 2.7885
Epoch 68/200
93/93 - 53s - 568ms/step - accuracy: 0.6035 - autoencoder_loss: 2.5560 - kl_loss: 1.5545 - loss: 3.6948 - reconstruction_loss: 1.0015 - vc_loss: 4.1828 - weighted_kl_loss: 1.5545
Epoch 59/200
93/93 - 52s - 558ms/step - accuracy: 0.6187 - autoencoder_loss: 3.4435 - kl_loss: 2.4444 - loss: 3.7944 - reconstruction_loss: 0.9991 - vc_loss: 3.9447 - weighted_kl_loss: 2.4444
Epoch 62/200
93/93 - 52s - 554ms/step - accuracy: 0.6086 - autoencoder_loss: 1.8069 - kl_loss: 0.8074 - loss: 3.4145 - reconstruction_loss: 0.9996 - vc_loss: 4.1035 - weighted_kl_loss: 0.8074
Epoch 65/200
93/93 - 52s - 557ms/step - accuracy: 0.6111 - autoencoder_loss: 3.7305 - kl_loss: 2.7310 - loss: 3.4248 - reconstruction_loss: 0.9995 - vc_loss: 3.2938 - weighted_kl_loss: 2.7310
Epoch 69/200
93/93 - 53s - 566ms/step - accuracy: 0.6035 - autoencoder_loss: 2.5377 - kl_loss: 1.5370 - loss: 3.1716 - reconstruction_loss: 1.0007 - vc_loss: 3.4433 - weighted_kl_loss: 1.5370
Epoch 60/200
93/93 - 51s - 551ms/step - accuracy: 0.6086 - autoencoder_loss: 1.7970 - kl_loss: 0.7973 - loss: 3.9326 - reconstruction_loss: 0.9998 - vc_loss: 4.8479 - weighted_kl_loss: 0.7973
Epoch 66/200
93/93 - 52s - 564ms/step - accuracy: 0.6187 - autoencoder_loss: 3.2572 - kl_loss: 2.2569 - loss: 3.4068 - reconstruction_loss: 1.0003 - vc_loss: 3.4709 - weighted_kl_loss: 2.2569
Epoch 63/200
93/93 - 52s - 561ms/step - accuracy: 0.6111 - autoencoder_loss: 3.6973 - kl_loss: 2.6980 - loss: 3.4221 - reconstruction_loss: 0.9994 - vc_loss: 3.3041 - weighted_kl_loss: 2.6980
Epoch 70/200
93/93 - 53s - 570ms/step - accuracy: 0.6035 - autoencoder_loss: 2.4915 - kl_loss: 1.4916 - loss: 3.3673 - reconstruction_loss: 0.9998 - vc_loss: 3.7427 - weighted_kl_loss: 1.4916
Epoch 61/200
93/93 - 52s - 556ms/step - accuracy: 0.6086 - autoencoder_loss: 1.7762 - kl_loss: 0.7736 - loss: 3.2567 - reconstruction_loss: 1.0025 - vc_loss: 3.8911 - weighted_kl_loss: 0.7736
Epoch 67/200
93/93 - 52s - 561ms/step - accuracy: 0.6187 - autoencoder_loss: 3.1247 - kl_loss: 2.1249 - loss: 3.6214 - reconstruction_loss: 0.9998 - vc_loss: 3.8342 - weighted_kl_loss: 2.1249
Epoch 64/200
93/93 - 51s - 553ms/step - accuracy: 0.6111 - autoencoder_loss: 3.6377 - kl_loss: 2.6386 - loss: 3.3313 - reconstruction_loss: 0.9991 - vc_loss: 3.2000 - weighted_kl_loss: 2.6386
Epoch 71/200
93/93 - 52s - 564ms/step - accuracy: 0.6035 - autoencoder_loss: 2.4452 - kl_loss: 1.4458 - loss: 3.4733 - reconstruction_loss: 0.9995 - vc_loss: 3.9139 - weighted_kl_loss: 1.4458
Epoch 62/200
93/93 - 51s - 545ms/step - accuracy: 0.6086 - autoencoder_loss: 1.7460 - kl_loss: 0.7466 - loss: 3.3911 - reconstruction_loss: 0.9994 - vc_loss: 4.0961 - weighted_kl_loss: 0.7466
Epoch 68/200
93/93 - 51s - 545ms/step - accuracy: 0.6187 - autoencoder_loss: 3.0734 - kl_loss: 2.0735 - loss: 3.7092 - reconstruction_loss: 0.9999 - vc_loss: 3.9817 - weighted_kl_loss: 2.0735
Epoch 65/200
93/93 - 51s - 550ms/step - accuracy: 0.6111 - autoencoder_loss: 3.5991 - kl_loss: 2.5992 - loss: 4.0121 - reconstruction_loss: 0.9999 - vc_loss: 4.1891 - weighted_kl_loss: 2.5992
Epoch 72/200
93/93 - 52s - 560ms/step - accuracy: 0.6035 - autoencoder_loss: 2.3952 - kl_loss: 1.3960 - loss: 3.5749 - reconstruction_loss: 0.9992 - vc_loss: 4.0804 - weighted_kl_loss: 1.3960
Epoch 63/200
93/93 - 50s - 541ms/step - accuracy: 0.6086 - autoencoder_loss: 1.7334 - kl_loss: 0.7332 - loss: 3.4224 - reconstruction_loss: 1.0002 - vc_loss: 4.1463 - weighted_kl_loss: 0.7332
Epoch 69/200
93/93 - 52s - 558ms/step - accuracy: 0.6187 - autoencoder_loss: 3.0393 - kl_loss: 2.0394 - loss: 4.0129 - reconstruction_loss: 0.9999 - vc_loss: 4.4302 - weighted_kl_loss: 2.0394
Epoch 66/200
93/93 - 51s - 548ms/step - accuracy: 0.6111 - autoencoder_loss: 3.5933 - kl_loss: 2.5931 - loss: 3.9271 - reconstruction_loss: 1.0002 - vc_loss: 4.0701 - weighted_kl_loss: 2.5931
Epoch 73/200
93/93 - 52s - 556ms/step - accuracy: 0.6035 - autoencoder_loss: 2.3672 - kl_loss: 1.3659 - loss: 3.6166 - reconstruction_loss: 1.0012 - vc_loss: 4.1521 - weighted_kl_loss: 1.3659
Epoch 64/200
93/93 - 50s - 542ms/step - accuracy: 0.6086 - autoencoder_loss: 1.7054 - kl_loss: 0.7059 - loss: 3.1521 - reconstruction_loss: 0.9995 - vc_loss: 3.7721 - weighted_kl_loss: 0.7059
Epoch 70/200
93/93 - 51s - 550ms/step - accuracy: 0.6187 - autoencoder_loss: 2.9506 - kl_loss: 1.9511 - loss: 3.7549 - reconstruction_loss: 0.9995 - vc_loss: 4.0995 - weighted_kl_loss: 1.9511
Epoch 67/200
93/93 - 51s - 545ms/step - accuracy: 0.6111 - autoencoder_loss: 3.5577 - kl_loss: 2.5584 - loss: 3.7184 - reconstruction_loss: 0.9993 - vc_loss: 3.7872 - weighted_kl_loss: 2.5584
Epoch 74/200
93/93 - 51s - 547ms/step - accuracy: 0.6086 - autoencoder_loss: 1.6877 - kl_loss: 0.6885 - loss: 2.9819 - reconstruction_loss: 0.9992 - vc_loss: 3.5365 - weighted_kl_loss: 0.6885
Epoch 71/200
93/93 - 52s - 563ms/step - accuracy: 0.6035 - autoencoder_loss: 2.3028 - kl_loss: 1.3034 - loss: 3.1742 - reconstruction_loss: 0.9994 - vc_loss: 3.5477 - weighted_kl_loss: 1.3034
Epoch 65/200
93/93 - 51s - 552ms/step - accuracy: 0.6187 - autoencoder_loss: 2.9173 - kl_loss: 1.9172 - loss: 3.5810 - reconstruction_loss: 1.0001 - vc_loss: 3.8654 - weighted_kl_loss: 1.9172
Epoch 68/200
93/93 - 51s - 545ms/step - accuracy: 0.6111 - autoencoder_loss: 3.5249 - kl_loss: 2.5257 - loss: 3.5584 - reconstruction_loss: 0.9992 - vc_loss: 3.5727 - weighted_kl_loss: 2.5257
Epoch 75/200
93/93 - 51s - 551ms/step - accuracy: 0.6086 - autoencoder_loss: 1.6783 - kl_loss: 0.6768 - loss: 3.0187 - reconstruction_loss: 1.0015 - vc_loss: 3.5931 - weighted_kl_loss: 0.6768
Epoch 72/200
93/93 - 52s - 563ms/step - accuracy: 0.6035 - autoencoder_loss: 2.2805 - kl_loss: 1.2807 - loss: 3.3048 - reconstruction_loss: 0.9998 - vc_loss: 3.7438 - weighted_kl_loss: 1.2807
Epoch 66/200
93/93 - 51s - 552ms/step - accuracy: 0.6187 - autoencoder_loss: 2.8680 - kl_loss: 1.8662 - loss: 3.5397 - reconstruction_loss: 1.0018 - vc_loss: 3.8276 - weighted_kl_loss: 1.8662
Epoch 69/200
93/93 - 52s - 557ms/step - accuracy: 0.6111 - autoencoder_loss: 3.4685 - kl_loss: 2.4690 - loss: 3.3364 - reconstruction_loss: 0.9994 - vc_loss: 3.2797 - weighted_kl_loss: 2.4690
Epoch 76/200
93/93 - 50s - 539ms/step - accuracy: 0.6086 - autoencoder_loss: 1.6549 - kl_loss: 0.6551 - loss: 3.0315 - reconstruction_loss: 0.9998 - vc_loss: 3.6215 - weighted_kl_loss: 0.6551
Epoch 73/200
93/93 - 52s - 556ms/step - accuracy: 0.6035 - autoencoder_loss: 2.2506 - kl_loss: 1.2508 - loss: 3.5785 - reconstruction_loss: 0.9998 - vc_loss: 4.1475 - weighted_kl_loss: 1.2508
Epoch 67/200
93/93 - 50s - 536ms/step - accuracy: 0.6187 - autoencoder_loss: 2.8258 - kl_loss: 1.8252 - loss: 3.3007 - reconstruction_loss: 1.0006 - vc_loss: 3.5042 - weighted_kl_loss: 1.8252
Epoch 70/200
93/93 - 52s - 556ms/step - accuracy: 0.6111 - autoencoder_loss: 3.4262 - kl_loss: 2.4253 - loss: 3.5568 - reconstruction_loss: 1.0009 - vc_loss: 3.6127 - weighted_kl_loss: 2.4253
Epoch 77/200
93/93 - 51s - 549ms/step - accuracy: 0.6086 - autoencoder_loss: 1.6375 - kl_loss: 0.6376 - loss: 3.3881 - reconstruction_loss: 0.9999 - vc_loss: 4.1383 - weighted_kl_loss: 0.6376
Epoch 74/200
93/93 - 52s - 558ms/step - accuracy: 0.6035 - autoencoder_loss: 2.2026 - kl_loss: 1.2025 - loss: 3.2009 - reconstruction_loss: 1.0001 - vc_loss: 3.6288 - weighted_kl_loss: 1.2025
Epoch 68/200
93/93 - 52s - 559ms/step - accuracy: 0.6187 - autoencoder_loss: 3.0134 - kl_loss: 2.0130 - loss: 3.8510 - reconstruction_loss: 1.0004 - vc_loss: 4.2100 - weighted_kl_loss: 2.0130
Epoch 71/200
93/93 - 52s - 557ms/step - accuracy: 0.6111 - autoencoder_loss: 3.3561 - kl_loss: 2.3567 - loss: 3.4306 - reconstruction_loss: 0.9994 - vc_loss: 3.4625 - weighted_kl_loss: 2.3567
Epoch 78/200
93/93 - 51s - 553ms/step - accuracy: 0.6086 - autoencoder_loss: 1.6209 - kl_loss: 0.6220 - loss: 2.9085 - reconstruction_loss: 0.9989 - vc_loss: 3.4604 - weighted_kl_loss: 0.6220
Epoch 75/200
93/93 - 52s - 558ms/step - accuracy: 0.6187 - autoencoder_loss: 2.9267 - kl_loss: 1.9260 - loss: 3.6202 - reconstruction_loss: 1.0007 - vc_loss: 3.9174 - weighted_kl_loss: 1.9260
Epoch 72/200
93/93 - 52s - 564ms/step - accuracy: 0.6035 - autoencoder_loss: 2.1760 - kl_loss: 1.1763 - loss: 3.5141 - reconstruction_loss: 0.9996 - vc_loss: 4.0876 - weighted_kl_loss: 1.1763
Epoch 69/200
93/93 - 52s - 559ms/step - accuracy: 0.6111 - autoencoder_loss: 3.3409 - kl_loss: 2.3410 - loss: 3.2601 - reconstruction_loss: 0.9999 - vc_loss: 3.2254 - weighted_kl_loss: 2.3410
Epoch 79/200
93/93 - 51s - 553ms/step - accuracy: 0.6086 - autoencoder_loss: 1.6078 - kl_loss: 0.6080 - loss: 3.1645 - reconstruction_loss: 0.9998 - vc_loss: 3.8317 - weighted_kl_loss: 0.6080
Epoch 76/200
93/93 - 51s - 553ms/step - accuracy: 0.6187 - autoencoder_loss: 2.8723 - kl_loss: 1.8725 - loss: 4.1382 - reconstruction_loss: 0.9998 - vc_loss: 4.6807 - weighted_kl_loss: 1.8725
Epoch 73/200
93/93 - 52s - 557ms/step - accuracy: 0.6035 - autoencoder_loss: 2.1287 - kl_loss: 1.1296 - loss: 3.4510 - reconstruction_loss: 0.9991 - vc_loss: 4.0178 - weighted_kl_loss: 1.1296
Epoch 70/200
93/93 - 50s - 538ms/step - accuracy: 0.6111 - autoencoder_loss: 3.3274 - kl_loss: 2.3282 - loss: 4.1271 - reconstruction_loss: 0.9992 - vc_loss: 4.4698 - weighted_kl_loss: 2.3282
Epoch 80/200
93/93 - 49s - 525ms/step - accuracy: 0.6086 - autoencoder_loss: 1.5905 - kl_loss: 0.5905 - loss: 3.2291 - reconstruction_loss: 1.0000 - vc_loss: 3.9313 - weighted_kl_loss: 0.5905
Epoch 77/200
93/93 - 51s - 546ms/step - accuracy: 0.6035 - autoencoder_loss: 2.0864 - kl_loss: 1.0855 - loss: 3.2713 - reconstruction_loss: 1.0010 - vc_loss: 3.7791 - weighted_kl_loss: 1.0855
Epoch 71/200
93/93 - 82s - 885ms/step - accuracy: 0.6187 - autoencoder_loss: 2.8158 - kl_loss: 1.8165 - loss: 3.9661 - reconstruction_loss: 0.9993 - vc_loss: 4.4591 - weighted_kl_loss: 1.8165
Epoch 74/200
93/93 - 50s - 541ms/step - accuracy: 0.6111 - autoencoder_loss: 3.2900 - kl_loss: 2.2889 - loss: 3.4896 - reconstruction_loss: 1.0011 - vc_loss: 3.5751 - weighted_kl_loss: 2.2889
Epoch 81/200
93/93 - 49s - 532ms/step - accuracy: 0.6086 - autoencoder_loss: 1.5729 - kl_loss: 0.5733 - loss: 3.1574 - reconstruction_loss: 0.9995 - vc_loss: 3.8366 - weighted_kl_loss: 0.5733
Epoch 78/200
93/93 - 52s - 561ms/step - accuracy: 0.6035 - autoencoder_loss: 2.0541 - kl_loss: 1.0536 - loss: 2.9524 - reconstruction_loss: 1.0005 - vc_loss: 3.3374 - weighted_kl_loss: 1.0536
Epoch 72/200
93/93 - 51s - 543ms/step - accuracy: 0.6187 - autoencoder_loss: 2.8652 - kl_loss: 1.8653 - loss: 3.7467 - reconstruction_loss: 0.9999 - vc_loss: 4.1245 - weighted_kl_loss: 1.8653
Epoch 75/200
93/93 - 51s - 544ms/step - accuracy: 0.6111 - autoencoder_loss: 3.2440 - kl_loss: 2.2444 - loss: 3.6731 - reconstruction_loss: 0.9996 - vc_loss: 3.8571 - weighted_kl_loss: 2.2444
Epoch 82/200
93/93 - 51s - 547ms/step - accuracy: 0.6086 - autoencoder_loss: 1.5653 - kl_loss: 0.5660 - loss: 2.9466 - reconstruction_loss: 0.9993 - vc_loss: 3.5386 - weighted_kl_loss: 0.5660
Epoch 79/200
93/93 - 52s - 563ms/step - accuracy: 0.6035 - autoencoder_loss: 1.9987 - kl_loss: 0.9992 - loss: 3.4123 - reconstruction_loss: 0.9995 - vc_loss: 4.0182 - weighted_kl_loss: 0.9992
Epoch 73/200
93/93 - 50s - 540ms/step - accuracy: 0.6187 - autoencoder_loss: 2.8813 - kl_loss: 1.8815 - loss: 3.7787 - reconstruction_loss: 0.9998 - vc_loss: 4.1633 - weighted_kl_loss: 1.8815
Epoch 76/200
93/93 - 51s - 545ms/step - accuracy: 0.6111 - autoencoder_loss: 3.1683 - kl_loss: 2.1674 - loss: 3.5196 - reconstruction_loss: 1.0009 - vc_loss: 3.6702 - weighted_kl_loss: 2.1674
Epoch 83/200
93/93 - 50s - 540ms/step - accuracy: 0.6086 - autoencoder_loss: 1.5504 - kl_loss: 0.5504 - loss: 3.1975 - reconstruction_loss: 1.0001 - vc_loss: 3.9033 - weighted_kl_loss: 0.5504
Epoch 80/200
93/93 - 52s - 557ms/step - accuracy: 0.6035 - autoencoder_loss: 1.9726 - kl_loss: 0.9733 - loss: 3.2455 - reconstruction_loss: 0.9993 - vc_loss: 3.7911 - weighted_kl_loss: 0.9733
Epoch 74/200
93/93 - 52s - 558ms/step - accuracy: 0.6187 - autoencoder_loss: 2.7475 - kl_loss: 1.7481 - loss: 3.6129 - reconstruction_loss: 0.9994 - vc_loss: 3.9838 - weighted_kl_loss: 1.7481
Epoch 77/200
93/93 - 52s - 558ms/step - accuracy: 0.6111 - autoencoder_loss: 3.1269 - kl_loss: 2.1274 - loss: 3.5878 - reconstruction_loss: 0.9995 - vc_loss: 3.7854 - weighted_kl_loss: 2.1274
Epoch 84/200
93/93 - 51s - 547ms/step - accuracy: 0.6086 - autoencoder_loss: 1.5274 - kl_loss: 0.5281 - loss: 2.9264 - reconstruction_loss: 0.9994 - vc_loss: 3.5260 - weighted_kl_loss: 0.5281
Epoch 81/200
93/93 - 51s - 552ms/step - accuracy: 0.6035 - autoencoder_loss: 1.9310 - kl_loss: 0.9308 - loss: 3.1499 - reconstruction_loss: 1.0001 - vc_loss: 3.6723 - weighted_kl_loss: 0.9308
Epoch 75/200
93/93 - 50s - 542ms/step - accuracy: 0.6111 - autoencoder_loss: 3.0824 - kl_loss: 2.0816 - loss: 3.3805 - reconstruction_loss: 1.0009 - vc_loss: 3.5083 - weighted_kl_loss: 2.0816
Epoch 85/200
93/93 - 51s - 546ms/step - accuracy: 0.6086 - autoencoder_loss: 1.5636 - kl_loss: 0.5628 - loss: 3.1039 - reconstruction_loss: 1.0007 - vc_loss: 3.7641 - weighted_kl_loss: 0.5628
Epoch 82/200
93/93 - 52s - 564ms/step - accuracy: 0.6035 - autoencoder_loss: 1.8844 - kl_loss: 0.8853 - loss: 2.9816 - reconstruction_loss: 0.9991 - vc_loss: 3.4518 - weighted_kl_loss: 0.8853
Epoch 76/200
93/93 - 82s - 879ms/step - accuracy: 0.6187 - autoencoder_loss: 2.6166 - kl_loss: 1.6167 - loss: 3.1925 - reconstruction_loss: 0.9999 - vc_loss: 3.4393 - weighted_kl_loss: 1.6167
Epoch 78/200
93/93 - 51s - 549ms/step - accuracy: 0.6111 - autoencoder_loss: 3.0532 - kl_loss: 2.0528 - loss: 3.1728 - reconstruction_loss: 1.0004 - vc_loss: 3.2240 - weighted_kl_loss: 2.0528
Epoch 86/200
93/93 - 50s - 538ms/step - accuracy: 0.6086 - autoencoder_loss: 1.5703 - kl_loss: 0.5706 - loss: 3.3217 - reconstruction_loss: 0.9997 - vc_loss: 4.0724 - weighted_kl_loss: 0.5706
Epoch 83/200
93/93 - 52s - 556ms/step - accuracy: 0.6035 - autoencoder_loss: 1.8712 - kl_loss: 0.8715 - loss: 2.9962 - reconstruction_loss: 0.9997 - vc_loss: 3.4784 - weighted_kl_loss: 0.8715
Epoch 77/200
93/93 - 51s - 543ms/step - accuracy: 0.6187 - autoencoder_loss: 2.5464 - kl_loss: 1.5472 - loss: 3.7444 - reconstruction_loss: 0.9992 - vc_loss: 4.2578 - weighted_kl_loss: 1.5472
Epoch 79/200
93/93 - 51s - 545ms/step - accuracy: 0.6111 - autoencoder_loss: 3.0214 - kl_loss: 2.0207 - loss: 3.3416 - reconstruction_loss: 1.0007 - vc_loss: 3.4788 - weighted_kl_loss: 2.0207
Epoch 87/200
93/93 - 50s - 540ms/step - accuracy: 0.6086 - autoencoder_loss: 1.7201 - kl_loss: 0.7204 - loss: 3.4539 - reconstruction_loss: 0.9997 - vc_loss: 4.1970 - weighted_kl_loss: 0.7204
Epoch 84/200
93/93 - 52s - 557ms/step - accuracy: 0.6035 - autoencoder_loss: 1.8399 - kl_loss: 0.8410 - loss: 3.3294 - reconstruction_loss: 0.9989 - vc_loss: 3.9677 - weighted_kl_loss: 0.8410
Epoch 78/200
93/93 - 52s - 555ms/step - accuracy: 0.6187 - autoencoder_loss: 2.5211 - kl_loss: 1.5215 - loss: 3.7470 - reconstruction_loss: 0.9996 - vc_loss: 4.2724 - weighted_kl_loss: 1.5215
Epoch 80/200
93/93 - 52s - 555ms/step - accuracy: 0.6111 - autoencoder_loss: 2.9782 - kl_loss: 1.9789 - loss: 2.9683 - reconstruction_loss: 0.9993 - vc_loss: 2.9640 - weighted_kl_loss: 1.9789
Epoch 88/200
93/93 - 51s - 551ms/step - accuracy: 0.6086 - autoencoder_loss: 1.7653 - kl_loss: 0.7656 - loss: 3.2216 - reconstruction_loss: 0.9997 - vc_loss: 3.8458 - weighted_kl_loss: 0.7656
Epoch 85/200
93/93 - 53s - 566ms/step - accuracy: 0.6035 - autoencoder_loss: 1.8251 - kl_loss: 0.8255 - loss: 3.2911 - reconstruction_loss: 0.9996 - vc_loss: 3.9193 - weighted_kl_loss: 0.8255
Epoch 79/200
93/93 - 52s - 563ms/step - accuracy: 0.6187 - autoencoder_loss: 2.4688 - kl_loss: 1.4696 - loss: 3.6689 - reconstruction_loss: 0.9992 - vc_loss: 4.1832 - weighted_kl_loss: 1.4696
Epoch 81/200
93/93 - 52s - 560ms/step - accuracy: 0.6111 - autoencoder_loss: 2.9485 - kl_loss: 1.9493 - loss: 3.2916 - reconstruction_loss: 0.9992 - vc_loss: 3.4386 - weighted_kl_loss: 1.9493
Epoch 89/200
93/93 - 51s - 553ms/step - accuracy: 0.6086 - autoencoder_loss: 1.7591 - kl_loss: 0.7600 - loss: 3.2409 - reconstruction_loss: 0.9991 - vc_loss: 3.8759 - weighted_kl_loss: 0.7600
Epoch 86/200
93/93 - 52s - 555ms/step - accuracy: 0.6035 - autoencoder_loss: 1.8135 - kl_loss: 0.8066 - loss: 3.5660 - reconstruction_loss: 1.0069 - vc_loss: 4.3171 - weighted_kl_loss: 0.8066
Epoch 80/200
93/93 - 51s - 552ms/step - accuracy: 0.6187 - autoencoder_loss: 2.4215 - kl_loss: 1.4219 - loss: 3.4800 - reconstruction_loss: 0.9995 - vc_loss: 3.9337 - weighted_kl_loss: 1.4219
Epoch 82/200
93/93 - 51s - 549ms/step - accuracy: 0.6111 - autoencoder_loss: 2.9113 - kl_loss: 1.9104 - loss: 3.4090 - reconstruction_loss: 1.0009 - vc_loss: 3.6223 - weighted_kl_loss: 1.9104
Epoch 90/200
93/93 - 51s - 550ms/step - accuracy: 0.6086 - autoencoder_loss: 1.8662 - kl_loss: 0.8669 - loss: 3.0821 - reconstruction_loss: 0.9993 - vc_loss: 3.6032 - weighted_kl_loss: 0.8669
Epoch 87/200
93/93 - 52s - 564ms/step - accuracy: 0.6035 - autoencoder_loss: 1.8910 - kl_loss: 0.8919 - loss: 3.3328 - reconstruction_loss: 0.9991 - vc_loss: 3.9506 - weighted_kl_loss: 0.8919
Epoch 81/200
93/93 - 52s - 562ms/step - accuracy: 0.6187 - autoencoder_loss: 2.3883 - kl_loss: 1.3884 - loss: 3.0034 - reconstruction_loss: 0.9999 - vc_loss: 3.2671 - weighted_kl_loss: 1.3884
Epoch 83/200
93/93 - 52s - 556ms/step - accuracy: 0.6111 - autoencoder_loss: 2.8873 - kl_loss: 1.8880 - loss: 3.7071 - reconstruction_loss: 0.9993 - vc_loss: 4.0584 - weighted_kl_loss: 1.8880
Epoch 91/200
93/93 - 51s - 545ms/step - accuracy: 0.6086 - autoencoder_loss: 1.8468 - kl_loss: 0.8463 - loss: 3.3143 - reconstruction_loss: 1.0005 - vc_loss: 3.9433 - weighted_kl_loss: 0.8463
Epoch 88/200
93/93 - 52s - 562ms/step - accuracy: 0.6035 - autoencoder_loss: 1.8053 - kl_loss: 0.8055 - loss: 3.1822 - reconstruction_loss: 0.9998 - vc_loss: 3.7722 - weighted_kl_loss: 0.8055
Epoch 82/200
93/93 - 51s - 545ms/step - accuracy: 0.6187 - autoencoder_loss: 2.3677 - kl_loss: 1.3675 - loss: 3.5784 - reconstruction_loss: 1.0002 - vc_loss: 4.0973 - weighted_kl_loss: 1.3675
Epoch 84/200
93/93 - 50s - 539ms/step - accuracy: 0.6111 - autoencoder_loss: 2.8512 - kl_loss: 1.8508 - loss: 3.4697 - reconstruction_loss: 1.0003 - vc_loss: 3.7347 - weighted_kl_loss: 1.8508
Epoch 92/200
93/93 - 50s - 538ms/step - accuracy: 0.6086 - autoencoder_loss: 1.8170 - kl_loss: 0.8178 - loss: 3.1215 - reconstruction_loss: 0.9992 - vc_loss: 3.6805 - weighted_kl_loss: 0.8178
Epoch 89/200
93/93 - 51s - 547ms/step - accuracy: 0.6035 - autoencoder_loss: 1.7437 - kl_loss: 0.7439 - loss: 3.2860 - reconstruction_loss: 0.9998 - vc_loss: 3.9470 - weighted_kl_loss: 0.7439
Epoch 83/200
93/93 - 50s - 537ms/step - accuracy: 0.6187 - autoencoder_loss: 2.3256 - kl_loss: 1.3258 - loss: 3.0202 - reconstruction_loss: 0.9998 - vc_loss: 3.3179 - weighted_kl_loss: 1.3258
Epoch 85/200
93/93 - 52s - 556ms/step - accuracy: 0.6111 - autoencoder_loss: 2.8210 - kl_loss: 1.8210 - loss: 3.2235 - reconstruction_loss: 1.0000 - vc_loss: 3.3961 - weighted_kl_loss: 1.8210
Epoch 93/200
93/93 - 51s - 550ms/step - accuracy: 0.6086 - autoencoder_loss: 1.7924 - kl_loss: 0.7927 - loss: 3.2489 - reconstruction_loss: 0.9997 - vc_loss: 3.8732 - weighted_kl_loss: 0.7927
Epoch 90/200
93/93 - 53s - 566ms/step - accuracy: 0.6035 - autoencoder_loss: 1.6957 - kl_loss: 0.6959 - loss: 3.0315 - reconstruction_loss: 0.9998 - vc_loss: 3.6039 - weighted_kl_loss: 0.6959
Epoch 84/200
93/93 - 52s - 559ms/step - accuracy: 0.6187 - autoencoder_loss: 2.3124 - kl_loss: 1.3124 - loss: 3.5114 - reconstruction_loss: 1.0000 - vc_loss: 4.0253 - weighted_kl_loss: 1.3124
Epoch 86/200
93/93 - 52s - 560ms/step - accuracy: 0.6111 - autoencoder_loss: 2.7972 - kl_loss: 1.7972 - loss: 3.1708 - reconstruction_loss: 1.0000 - vc_loss: 3.3309 - weighted_kl_loss: 1.7972
Epoch 94/200
93/93 - 51s - 552ms/step - accuracy: 0.6086 - autoencoder_loss: 1.7847 - kl_loss: 0.7845 - loss: 3.1659 - reconstruction_loss: 1.0002 - vc_loss: 3.7579 - weighted_kl_loss: 0.7845
Epoch 91/200
93/93 - 52s - 561ms/step - accuracy: 0.6187 - autoencoder_loss: 2.2788 - kl_loss: 1.2788 - loss: 3.0954 - reconstruction_loss: 1.0000 - vc_loss: 3.4454 - weighted_kl_loss: 1.2788
Epoch 87/200
93/93 - 53s - 565ms/step - accuracy: 0.6035 - autoencoder_loss: 1.6922 - kl_loss: 0.6925 - loss: 3.1834 - reconstruction_loss: 0.9997 - vc_loss: 3.8225 - weighted_kl_loss: 0.6925
Epoch 85/200
93/93 - 51s - 548ms/step - accuracy: 0.6111 - autoencoder_loss: 2.7661 - kl_loss: 1.7658 - loss: 3.3373 - reconstruction_loss: 1.0003 - vc_loss: 3.5821 - weighted_kl_loss: 1.7658
Epoch 95/200
93/93 - 50s - 536ms/step - accuracy: 0.6086 - autoencoder_loss: 1.7763 - kl_loss: 0.7762 - loss: 3.3371 - reconstruction_loss: 1.0001 - vc_loss: 4.0060 - weighted_kl_loss: 0.7762
Epoch 92/200
93/93 - 52s - 556ms/step - accuracy: 0.6187 - autoencoder_loss: 2.2559 - kl_loss: 1.2553 - loss: 3.4211 - reconstruction_loss: 1.0006 - vc_loss: 3.9205 - weighted_kl_loss: 1.2553
Epoch 88/200
93/93 - 52s - 560ms/step - accuracy: 0.6035 - autoencoder_loss: 1.6609 - kl_loss: 0.6617 - loss: 3.3802 - reconstruction_loss: 0.9992 - vc_loss: 4.1170 - weighted_kl_loss: 0.6617
Epoch 86/200
93/93 - 52s - 558ms/step - accuracy: 0.6111 - autoencoder_loss: 2.7328 - kl_loss: 1.7329 - loss: 3.2498 - reconstruction_loss: 0.9999 - vc_loss: 3.4713 - weighted_kl_loss: 1.7329
Epoch 96/200
93/93 - 52s - 554ms/step - accuracy: 0.6086 - autoencoder_loss: 1.7513 - kl_loss: 0.7520 - loss: 2.8179 - reconstruction_loss: 0.9994 - vc_loss: 3.2749 - weighted_kl_loss: 0.7520
Epoch 93/200
93/93 - 52s - 557ms/step - accuracy: 0.6187 - autoencoder_loss: 2.2346 - kl_loss: 1.2335 - loss: 3.0558 - reconstruction_loss: 1.0011 - vc_loss: 3.4077 - weighted_kl_loss: 1.2335
Epoch 89/200
93/93 - 52s - 562ms/step - accuracy: 0.6035 - autoencoder_loss: 1.6249 - kl_loss: 0.6246 - loss: 2.9395 - reconstruction_loss: 1.0003 - vc_loss: 3.5030 - weighted_kl_loss: 0.6246
Epoch 87/200
93/93 - 51s - 549ms/step - accuracy: 0.6111 - autoencoder_loss: 2.6925 - kl_loss: 1.6924 - loss: 3.4906 - reconstruction_loss: 1.0002 - vc_loss: 3.8326 - weighted_kl_loss: 1.6924
Epoch 97/200
93/93 - 51s - 545ms/step - accuracy: 0.6086 - autoencoder_loss: 1.6901 - kl_loss: 0.6905 - loss: 2.7108 - reconstruction_loss: 0.9996 - vc_loss: 3.1483 - weighted_kl_loss: 0.6905
Epoch 94/200
93/93 - 49s - 528ms/step - accuracy: 0.6187 - autoencoder_loss: 2.1849 - kl_loss: 1.1849 - loss: 2.9720 - reconstruction_loss: 1.0001 - vc_loss: 3.3092 - weighted_kl_loss: 1.1849
Epoch 90/200
93/93 - 51s - 553ms/step - accuracy: 0.6035 - autoencoder_loss: 1.6328 - kl_loss: 0.6335 - loss: 3.3551 - reconstruction_loss: 0.9994 - vc_loss: 4.0932 - weighted_kl_loss: 0.6335
Epoch 88/200
93/93 - 51s - 546ms/step - accuracy: 0.6111 - autoencoder_loss: 2.6732 - kl_loss: 1.6720 - loss: 3.3385 - reconstruction_loss: 1.0012 - vc_loss: 3.6236 - weighted_kl_loss: 1.6720
Epoch 98/200
93/93 - 49s - 525ms/step - accuracy: 0.6086 - autoencoder_loss: 1.6750 - kl_loss: 0.6752 - loss: 2.9920 - reconstruction_loss: 0.9997 - vc_loss: 3.5565 - weighted_kl_loss: 0.6752
Epoch 95/200
93/93 - 51s - 546ms/step - accuracy: 0.6187 - autoencoder_loss: 2.1521 - kl_loss: 1.1527 - loss: 3.4118 - reconstruction_loss: 0.9994 - vc_loss: 3.9517 - weighted_kl_loss: 1.1527
Epoch 91/200
93/93 - 52s - 563ms/step - accuracy: 0.6035 - autoencoder_loss: 1.5910 - kl_loss: 0.5918 - loss: 3.1820 - reconstruction_loss: 0.9992 - vc_loss: 3.8639 - weighted_kl_loss: 0.5918
Epoch 89/200
93/93 - 52s - 555ms/step - accuracy: 0.6086 - autoencoder_loss: 1.6619 - kl_loss: 0.6624 - loss: 2.7183 - reconstruction_loss: 0.9995 - vc_loss: 3.1710 - weighted_kl_loss: 0.6624
Epoch 96/200
93/93 - 52s - 561ms/step - accuracy: 0.6111 - autoencoder_loss: 2.6494 - kl_loss: 1.6500 - loss: 2.7540 - reconstruction_loss: 0.9994 - vc_loss: 2.7988 - weighted_kl_loss: 1.6500
Epoch 99/200
93/93 - 52s - 556ms/step - accuracy: 0.6187 - autoencoder_loss: 2.1394 - kl_loss: 1.1385 - loss: 3.0763 - reconstruction_loss: 1.0009 - vc_loss: 3.4778 - weighted_kl_loss: 1.1385
Epoch 92/200
93/93 - 52s - 561ms/step - accuracy: 0.6035 - autoencoder_loss: 1.5725 - kl_loss: 0.5732 - loss: 2.9595 - reconstruction_loss: 0.9993 - vc_loss: 3.5539 - weighted_kl_loss: 0.5732
Epoch 90/200
93/93 - 50s - 538ms/step - accuracy: 0.6086 - autoencoder_loss: 1.6618 - kl_loss: 0.6624 - loss: 3.1311 - reconstruction_loss: 0.9994 - vc_loss: 3.7607 - weighted_kl_loss: 0.6624
Epoch 97/200
93/93 - 50s - 538ms/step - accuracy: 0.6111 - autoencoder_loss: 2.6405 - kl_loss: 1.6404 - loss: 2.8583 - reconstruction_loss: 1.0000 - vc_loss: 2.9516 - weighted_kl_loss: 1.6404
Epoch 100/200
93/93 - 52s - 557ms/step - accuracy: 0.6187 - autoencoder_loss: 2.1037 - kl_loss: 1.1041 - loss: 2.8762 - reconstruction_loss: 0.9995 - vc_loss: 3.2072 - weighted_kl_loss: 1.1041
Epoch 93/200
93/93 - 53s - 569ms/step - accuracy: 0.6035 - autoencoder_loss: 1.5831 - kl_loss: 0.5829 - loss: 2.8765 - reconstruction_loss: 1.0002 - vc_loss: 3.4308 - weighted_kl_loss: 0.5829
Epoch 91/200
93/93 - 50s - 542ms/step - accuracy: 0.6111 - autoencoder_loss: 2.6044 - kl_loss: 1.6049 - loss: 3.4365 - reconstruction_loss: 0.9994 - vc_loss: 3.7932 - weighted_kl_loss: 1.6049
Epoch 101/200
93/93 - 51s - 545ms/step - accuracy: 0.6086 - autoencoder_loss: 1.6460 - kl_loss: 0.6457 - loss: 2.9213 - reconstruction_loss: 1.0003 - vc_loss: 3.4679 - weighted_kl_loss: 0.6457
Epoch 98/200
93/93 - 51s - 549ms/step - accuracy: 0.6187 - autoencoder_loss: 2.0824 - kl_loss: 1.0830 - loss: 3.2820 - reconstruction_loss: 0.9993 - vc_loss: 3.7962 - weighted_kl_loss: 1.0830
Epoch 94/200
93/93 - 51s - 551ms/step - accuracy: 0.6035 - autoencoder_loss: 1.5675 - kl_loss: 0.5679 - loss: 3.3058 - reconstruction_loss: 0.9996 - vc_loss: 4.0508 - weighted_kl_loss: 0.5679
Epoch 92/200
93/93 - 51s - 543ms/step - accuracy: 0.6086 - autoencoder_loss: 1.6394 - kl_loss: 0.6399 - loss: 2.9923 - reconstruction_loss: 0.9995 - vc_loss: 3.5720 - weighted_kl_loss: 0.6399
Epoch 99/200
93/93 - 51s - 546ms/step - accuracy: 0.6111 - autoencoder_loss: 2.5737 - kl_loss: 1.5734 - loss: 3.1248 - reconstruction_loss: 1.0002 - vc_loss: 3.3610 - weighted_kl_loss: 1.5734
Epoch 102/200
93/93 - 52s - 557ms/step - accuracy: 0.6187 - autoencoder_loss: 2.0549 - kl_loss: 1.0552 - loss: 2.9350 - reconstruction_loss: 0.9997 - vc_loss: 3.3121 - weighted_kl_loss: 1.0552
Epoch 95/200
93/93 - 52s - 564ms/step - accuracy: 0.6035 - autoencoder_loss: 1.5289 - kl_loss: 0.5257 - loss: 2.8957 - reconstruction_loss: 1.0033 - vc_loss: 3.4815 - weighted_kl_loss: 0.5257
Epoch 93/200
93/93 - 51s - 545ms/step - accuracy: 0.6086 - autoencoder_loss: 1.6491 - kl_loss: 0.6496 - loss: 3.2124 - reconstruction_loss: 0.9995 - vc_loss: 3.8824 - weighted_kl_loss: 0.6496
Epoch 100/200
93/93 - 51s - 550ms/step - accuracy: 0.6111 - autoencoder_loss: 2.5325 - kl_loss: 1.5330 - loss: 3.2578 - reconstruction_loss: 0.9995 - vc_loss: 3.5686 - weighted_kl_loss: 1.5330
Epoch 103/200
93/93 - 52s - 554ms/step - accuracy: 0.6187 - autoencoder_loss: 2.0434 - kl_loss: 1.0434 - loss: 3.3738 - reconstruction_loss: 1.0000 - vc_loss: 3.9439 - weighted_kl_loss: 1.0434
Epoch 96/200
93/93 - 52s - 557ms/step - accuracy: 0.6035 - autoencoder_loss: 1.5547 - kl_loss: 0.5552 - loss: 2.9782 - reconstruction_loss: 0.9995 - vc_loss: 3.5882 - weighted_kl_loss: 0.5552
Epoch 94/200
93/93 - 51s - 547ms/step - accuracy: 0.6086 - autoencoder_loss: 1.7240 - kl_loss: 0.7241 - loss: 3.1861 - reconstruction_loss: 0.9999 - vc_loss: 3.8128 - weighted_kl_loss: 0.7241
Epoch 101/200
93/93 - 51s - 545ms/step - accuracy: 0.6111 - autoencoder_loss: 2.4958 - kl_loss: 1.4957 - loss: 3.2640 - reconstruction_loss: 1.0002 - vc_loss: 3.5932 - weighted_kl_loss: 1.4957
Epoch 104/200
93/93 - 52s - 556ms/step - accuracy: 0.6187 - autoencoder_loss: 2.0160 - kl_loss: 1.0164 - loss: 2.9699 - reconstruction_loss: 0.9996 - vc_loss: 3.3786 - weighted_kl_loss: 1.0164
Epoch 97/200
93/93 - 52s - 562ms/step - accuracy: 0.6035 - autoencoder_loss: 1.5377 - kl_loss: 0.5383 - loss: 2.7321 - reconstruction_loss: 0.9995 - vc_loss: 3.2440 - weighted_kl_loss: 0.5383
Epoch 95/200
93/93 - 51s - 550ms/step - accuracy: 0.6086 - autoencoder_loss: 1.7126 - kl_loss: 0.7113 - loss: 3.2645 - reconstruction_loss: 1.0014 - vc_loss: 3.9296 - weighted_kl_loss: 0.7113
Epoch 102/200
93/93 - 51s - 551ms/step - accuracy: 0.6111 - autoencoder_loss: 2.4574 - kl_loss: 1.4572 - loss: 2.9218 - reconstruction_loss: 1.0001 - vc_loss: 3.1209 - weighted_kl_loss: 1.4572
Epoch 105/200
93/93 - 52s - 563ms/step - accuracy: 0.6187 - autoencoder_loss: 2.0061 - kl_loss: 1.0058 - loss: 3.5454 - reconstruction_loss: 1.0002 - vc_loss: 4.2052 - weighted_kl_loss: 1.0058
Epoch 98/200
93/93 - 53s - 569ms/step - accuracy: 0.6035 - autoencoder_loss: 1.6098 - kl_loss: 0.6102 - loss: 2.7940 - reconstruction_loss: 0.9996 - vc_loss: 3.3015 - weighted_kl_loss: 0.6102
Epoch 96/200
93/93 - 51s - 552ms/step - accuracy: 0.6086 - autoencoder_loss: 1.6979 - kl_loss: 0.6984 - loss: 3.0216 - reconstruction_loss: 0.9995 - vc_loss: 3.5889 - weighted_kl_loss: 0.6984
Epoch 103/200
93/93 - 52s - 559ms/step - accuracy: 0.6111 - autoencoder_loss: 2.4206 - kl_loss: 1.4207 - loss: 2.8731 - reconstruction_loss: 1.0000 - vc_loss: 3.0671 - weighted_kl_loss: 1.4207
Epoch 106/200
93/93 - 52s - 561ms/step - accuracy: 0.6187 - autoencoder_loss: 2.0612 - kl_loss: 1.0614 - loss: 2.9266 - reconstruction_loss: 0.9998 - vc_loss: 3.2975 - weighted_kl_loss: 1.0614
Epoch 99/200
93/93 - 52s - 556ms/step - accuracy: 0.6035 - autoencoder_loss: 1.6053 - kl_loss: 0.6060 - loss: 2.8283 - reconstruction_loss: 0.9993 - vc_loss: 3.3524 - weighted_kl_loss: 0.6060
Epoch 97/200
93/93 - 51s - 547ms/step - accuracy: 0.6086 - autoencoder_loss: 1.6853 - kl_loss: 0.6862 - loss: 2.8896 - reconstruction_loss: 0.9991 - vc_loss: 3.4058 - weighted_kl_loss: 0.6862
Epoch 104/200
93/93 - 51s - 552ms/step - accuracy: 0.6111 - autoencoder_loss: 2.3876 - kl_loss: 1.3883 - loss: 2.9874 - reconstruction_loss: 0.9993 - vc_loss: 3.2445 - weighted_kl_loss: 1.3883
Epoch 107/200
93/93 - 52s - 564ms/step - accuracy: 0.6187 - autoencoder_loss: 2.0169 - kl_loss: 1.0169 - loss: 3.5005 - reconstruction_loss: 1.0000 - vc_loss: 4.1364 - weighted_kl_loss: 1.0169
Epoch 100/200
93/93 - 52s - 558ms/step - accuracy: 0.6035 - autoencoder_loss: 1.8453 - kl_loss: 0.8448 - loss: 2.6926 - reconstruction_loss: 1.0005 - vc_loss: 3.0557 - weighted_kl_loss: 0.8448
Epoch 98/200
93/93 - 51s - 546ms/step - accuracy: 0.6086 - autoencoder_loss: 1.6720 - kl_loss: 0.6726 - loss: 3.2713 - reconstruction_loss: 0.9993 - vc_loss: 3.9568 - weighted_kl_loss: 0.6726
Epoch 105/200
93/93 - 51s - 554ms/step - accuracy: 0.6111 - autoencoder_loss: 2.3759 - kl_loss: 1.3764 - loss: 3.6437 - reconstruction_loss: 0.9995 - vc_loss: 4.1871 - weighted_kl_loss: 1.3764
Epoch 108/200
93/93 - 50s - 537ms/step - accuracy: 0.6187 - autoencoder_loss: 1.9989 - kl_loss: 0.9992 - loss: 3.4765 - reconstruction_loss: 0.9997 - vc_loss: 4.1098 - weighted_kl_loss: 0.9992
Epoch 101/200
93/93 - 50s - 537ms/step - accuracy: 0.6086 - autoencoder_loss: 1.6699 - kl_loss: 0.6701 - loss: 2.7814 - reconstruction_loss: 0.9998 - vc_loss: 3.2577 - weighted_kl_loss: 0.6701
Epoch 106/200
93/93 - 51s - 547ms/step - accuracy: 0.6111 - autoencoder_loss: 2.3697 - kl_loss: 1.3703 - loss: 3.2612 - reconstruction_loss: 0.9994 - vc_loss: 3.6433 - weighted_kl_loss: 1.3703
Epoch 109/200
93/93 - 82s - 881ms/step - accuracy: 0.6035 - autoencoder_loss: 2.1334 - kl_loss: 1.1334 - loss: 3.1838 - reconstruction_loss: 1.0000 - vc_loss: 3.6339 - weighted_kl_loss: 1.1334
Epoch 99/200
93/93 - 51s - 553ms/step - accuracy: 0.6187 - autoencoder_loss: 1.9851 - kl_loss: 0.9859 - loss: 2.9559 - reconstruction_loss: 0.9992 - vc_loss: 3.3719 - weighted_kl_loss: 0.9859
Epoch 102/200
93/93 - 50s - 539ms/step - accuracy: 0.6086 - autoencoder_loss: 1.6591 - kl_loss: 0.6591 - loss: 2.9181 - reconstruction_loss: 1.0000 - vc_loss: 3.4577 - weighted_kl_loss: 0.6591
Epoch 107/200
93/93 - 50s - 540ms/step - accuracy: 0.6111 - autoencoder_loss: 2.3065 - kl_loss: 1.3074 - loss: 2.9518 - reconstruction_loss: 0.9991 - vc_loss: 3.2283 - weighted_kl_loss: 1.3074
Epoch 110/200
93/93 - 53s - 566ms/step - accuracy: 0.6035 - autoencoder_loss: 2.0032 - kl_loss: 1.0039 - loss: 2.9700 - reconstruction_loss: 0.9993 - vc_loss: 3.3843 - weighted_kl_loss: 1.0039
Epoch 100/200
93/93 - 52s - 554ms/step - accuracy: 0.6187 - autoencoder_loss: 1.9162 - kl_loss: 0.9170 - loss: 3.1074 - reconstruction_loss: 0.9993 - vc_loss: 3.6179 - weighted_kl_loss: 0.9170
Epoch 103/200
93/93 - 51s - 551ms/step - accuracy: 0.6086 - autoencoder_loss: 1.6632 - kl_loss: 0.6638 - loss: 2.9485 - reconstruction_loss: 0.9994 - vc_loss: 3.4993 - weighted_kl_loss: 0.6638
Epoch 108/200
93/93 - 51s - 552ms/step - accuracy: 0.6111 - autoencoder_loss: 2.2206 - kl_loss: 1.2196 - loss: 3.2387 - reconstruction_loss: 1.0011 - vc_loss: 3.6750 - weighted_kl_loss: 1.2196
Epoch 111/200
93/93 - 51s - 553ms/step - accuracy: 0.6035 - autoencoder_loss: 2.0046 - kl_loss: 1.0000 - loss: 3.0951 - reconstruction_loss: 1.0047 - vc_loss: 3.5625 - weighted_kl_loss: 1.0000
Epoch 101/200
93/93 - 51s - 547ms/step - accuracy: 0.6086 - autoencoder_loss: 1.6512 - kl_loss: 0.6514 - loss: 2.9523 - reconstruction_loss: 0.9997 - vc_loss: 3.5099 - weighted_kl_loss: 0.6514
Epoch 109/200
93/93 - 51s - 551ms/step - accuracy: 0.6111 - autoencoder_loss: 2.1970 - kl_loss: 1.1972 - loss: 3.0030 - reconstruction_loss: 0.9998 - vc_loss: 3.3485 - weighted_kl_loss: 1.1972
Epoch 112/200
93/93 - 83s - 889ms/step - accuracy: 0.6187 - autoencoder_loss: 1.8724 - kl_loss: 0.8732 - loss: 2.9498 - reconstruction_loss: 0.9992 - vc_loss: 3.4115 - weighted_kl_loss: 0.8732
Epoch 104/200
93/93 - 53s - 565ms/step - accuracy: 0.6035 - autoencoder_loss: 1.9683 - kl_loss: 0.9687 - loss: 2.9191 - reconstruction_loss: 0.9996 - vc_loss: 3.3266 - weighted_kl_loss: 0.9687
Epoch 102/200
93/93 - 51s - 551ms/step - accuracy: 0.6086 - autoencoder_loss: 1.6578 - kl_loss: 0.6575 - loss: 2.7095 - reconstruction_loss: 1.0003 - vc_loss: 3.1602 - weighted_kl_loss: 0.6575
Epoch 110/200
93/93 - 52s - 556ms/step - accuracy: 0.6111 - autoencoder_loss: 2.1558 - kl_loss: 1.1546 - loss: 3.0079 - reconstruction_loss: 1.0012 - vc_loss: 3.3731 - weighted_kl_loss: 1.1546
Epoch 113/200
93/93 - 51s - 552ms/step - accuracy: 0.6187 - autoencoder_loss: 1.8484 - kl_loss: 0.8485 - loss: 2.6957 - reconstruction_loss: 0.9998 - vc_loss: 3.0589 - weighted_kl_loss: 0.8485
Epoch 105/200
93/93 - 52s - 561ms/step - accuracy: 0.6035 - autoencoder_loss: 1.9439 - kl_loss: 0.9443 - loss: 2.5512 - reconstruction_loss: 0.9996 - vc_loss: 2.8114 - weighted_kl_loss: 0.9443
Epoch 103/200
93/93 - 51s - 544ms/step - accuracy: 0.6086 - autoencoder_loss: 1.6541 - kl_loss: 0.6547 - loss: 3.0348 - reconstruction_loss: 0.9994 - vc_loss: 3.6265 - weighted_kl_loss: 0.6547
Epoch 111/200
93/93 - 51s - 547ms/step - accuracy: 0.6111 - autoencoder_loss: 2.1350 - kl_loss: 1.1354 - loss: 2.8636 - reconstruction_loss: 0.9995 - vc_loss: 3.1759 - weighted_kl_loss: 1.1354
Epoch 114/200
93/93 - 52s - 558ms/step - accuracy: 0.6187 - autoencoder_loss: 1.8048 - kl_loss: 0.8051 - loss: 2.9756 - reconstruction_loss: 0.9997 - vc_loss: 3.4774 - weighted_kl_loss: 0.8051
Epoch 106/200
93/93 - 53s - 570ms/step - accuracy: 0.6035 - autoencoder_loss: 1.9284 - kl_loss: 0.9292 - loss: 3.0087 - reconstruction_loss: 0.9993 - vc_loss: 3.4716 - weighted_kl_loss: 0.9292
Epoch 104/200
93/93 - 52s - 557ms/step - accuracy: 0.6086 - autoencoder_loss: 1.6555 - kl_loss: 0.6558 - loss: 3.2961 - reconstruction_loss: 0.9997 - vc_loss: 3.9992 - weighted_kl_loss: 0.6558
Epoch 112/200
93/93 - 52s - 555ms/step - accuracy: 0.6111 - autoencoder_loss: 2.1119 - kl_loss: 1.1124 - loss: 3.1357 - reconstruction_loss: 0.9995 - vc_loss: 3.5745 - weighted_kl_loss: 1.1124
Epoch 115/200
93/93 - 52s - 557ms/step - accuracy: 0.6187 - autoencoder_loss: 1.7920 - kl_loss: 0.7925 - loss: 2.9642 - reconstruction_loss: 0.9995 - vc_loss: 3.4665 - weighted_kl_loss: 0.7925
Epoch 107/200
93/93 - 53s - 567ms/step - accuracy: 0.6035 - autoencoder_loss: 1.9074 - kl_loss: 0.9080 - loss: 3.3071 - reconstruction_loss: 0.9994 - vc_loss: 3.9069 - weighted_kl_loss: 0.9080
Epoch 105/200
93/93 - 51s - 544ms/step - accuracy: 0.6086 - autoencoder_loss: 1.6478 - kl_loss: 0.6481 - loss: 2.6358 - reconstruction_loss: 0.9997 - vc_loss: 3.0592 - weighted_kl_loss: 0.6481
Epoch 113/200
93/93 - 52s - 556ms/step - accuracy: 0.6111 - autoencoder_loss: 2.1013 - kl_loss: 1.1022 - loss: 3.0519 - reconstruction_loss: 0.9991 - vc_loss: 3.4593 - weighted_kl_loss: 1.1022
Epoch 116/200
93/93 - 51s - 548ms/step - accuracy: 0.6187 - autoencoder_loss: 1.7658 - kl_loss: 0.7660 - loss: 3.0626 - reconstruction_loss: 0.9998 - vc_loss: 3.6184 - weighted_kl_loss: 0.7660
Epoch 108/200
93/93 - 52s - 564ms/step - accuracy: 0.6035 - autoencoder_loss: 1.8961 - kl_loss: 0.8961 - loss: 2.9505 - reconstruction_loss: 1.0000 - vc_loss: 3.4024 - weighted_kl_loss: 0.8961
Epoch 106/200
93/93 - 51s - 551ms/step - accuracy: 0.6086 - autoencoder_loss: 1.6383 - kl_loss: 0.6388 - loss: 3.2100 - reconstruction_loss: 0.9994 - vc_loss: 3.8836 - weighted_kl_loss: 0.6388
Epoch 114/200
93/93 - 52s - 556ms/step - accuracy: 0.6111 - autoencoder_loss: 2.0733 - kl_loss: 1.0733 - loss: 3.2143 - reconstruction_loss: 1.0000 - vc_loss: 3.7033 - weighted_kl_loss: 1.0733
Epoch 117/200
93/93 - 52s - 559ms/step - accuracy: 0.6187 - autoencoder_loss: 1.7434 - kl_loss: 0.7410 - loss: 3.5309 - reconstruction_loss: 1.0024 - vc_loss: 4.2970 - weighted_kl_loss: 0.7410
Epoch 109/200
93/93 - 53s - 566ms/step - accuracy: 0.6035 - autoencoder_loss: 1.8756 - kl_loss: 0.8762 - loss: 3.3347 - reconstruction_loss: 0.9993 - vc_loss: 3.9601 - weighted_kl_loss: 0.8762
Epoch 107/200
93/93 - 50s - 535ms/step - accuracy: 0.6086 - autoencoder_loss: 1.6102 - kl_loss: 0.6104 - loss: 3.0735 - reconstruction_loss: 0.9998 - vc_loss: 3.7007 - weighted_kl_loss: 0.6104
Epoch 115/200
93/93 - 52s - 555ms/step - accuracy: 0.6111 - autoencoder_loss: 2.0431 - kl_loss: 1.0427 - loss: 3.2683 - reconstruction_loss: 1.0004 - vc_loss: 3.7934 - weighted_kl_loss: 1.0427
Epoch 118/200
93/93 - 51s - 552ms/step - accuracy: 0.6187 - autoencoder_loss: 1.7231 - kl_loss: 0.7227 - loss: 2.7976 - reconstruction_loss: 1.0004 - vc_loss: 3.2581 - weighted_kl_loss: 0.7227
Epoch 110/200
93/93 - 52s - 555ms/step - accuracy: 0.6035 - autoencoder_loss: 1.8731 - kl_loss: 0.8733 - loss: 3.1317 - reconstruction_loss: 0.9997 - vc_loss: 3.6712 - weighted_kl_loss: 0.8733
Epoch 108/200
93/93 - 51s - 545ms/step - accuracy: 0.6086 - autoencoder_loss: 1.6204 - kl_loss: 0.6201 - loss: 3.0784 - reconstruction_loss: 1.0003 - vc_loss: 3.7032 - weighted_kl_loss: 0.6201
Epoch 116/200
93/93 - 51s - 545ms/step - accuracy: 0.6111 - autoencoder_loss: 2.0158 - kl_loss: 1.0129 - loss: 2.7183 - reconstruction_loss: 1.0029 - vc_loss: 3.0194 - weighted_kl_loss: 1.0129
Epoch 119/200
93/93 - 52s - 554ms/step - accuracy: 0.6187 - autoencoder_loss: 1.7007 - kl_loss: 0.7011 - loss: 2.5284 - reconstruction_loss: 0.9996 - vc_loss: 2.8831 - weighted_kl_loss: 0.7011
Epoch 111/200
93/93 - 53s - 569ms/step - accuracy: 0.6035 - autoencoder_loss: 1.8427 - kl_loss: 0.8433 - loss: 3.0204 - reconstruction_loss: 0.9995 - vc_loss: 3.5251 - weighted_kl_loss: 0.8433
Epoch 109/200
93/93 - 51s - 553ms/step - accuracy: 0.6086 - autoencoder_loss: 1.6165 - kl_loss: 0.6169 - loss: 2.6875 - reconstruction_loss: 0.9996 - vc_loss: 3.1464 - weighted_kl_loss: 0.6169
Epoch 117/200
93/93 - 52s - 557ms/step - accuracy: 0.6111 - autoencoder_loss: 1.9921 - kl_loss: 0.9926 - loss: 3.2681 - reconstruction_loss: 0.9995 - vc_loss: 3.8149 - weighted_kl_loss: 0.9926
Epoch 120/200
93/93 - 52s - 555ms/step - accuracy: 0.6187 - autoencoder_loss: 1.6804 - kl_loss: 0.6807 - loss: 2.6642 - reconstruction_loss: 0.9997 - vc_loss: 3.0859 - weighted_kl_loss: 0.6807
Epoch 112/200
93/93 - 52s - 562ms/step - accuracy: 0.6035 - autoencoder_loss: 1.8279 - kl_loss: 0.8280 - loss: 2.9317 - reconstruction_loss: 0.9999 - vc_loss: 3.4047 - weighted_kl_loss: 0.8280
Epoch 110/200
93/93 - 50s - 541ms/step - accuracy: 0.6086 - autoencoder_loss: 1.5564 - kl_loss: 0.5567 - loss: 2.8699 - reconstruction_loss: 0.9996 - vc_loss: 3.4328 - weighted_kl_loss: 0.5567
Epoch 118/200
93/93 - 51s - 548ms/step - accuracy: 0.6111 - autoencoder_loss: 1.9596 - kl_loss: 0.9601 - loss: 3.2127 - reconstruction_loss: 0.9996 - vc_loss: 3.7497 - weighted_kl_loss: 0.9601
Epoch 121/200
93/93 - 51s - 550ms/step - accuracy: 0.6187 - autoencoder_loss: 1.6573 - kl_loss: 0.6575 - loss: 2.7022 - reconstruction_loss: 0.9998 - vc_loss: 3.1501 - weighted_kl_loss: 0.6575
Epoch 113/200
93/93 - 51s - 553ms/step - accuracy: 0.6035 - autoencoder_loss: 1.8071 - kl_loss: 0.8073 - loss: 2.9355 - reconstruction_loss: 0.9998 - vc_loss: 3.4191 - weighted_kl_loss: 0.8073
Epoch 111/200
93/93 - 51s - 549ms/step - accuracy: 0.6086 - autoencoder_loss: 1.5787 - kl_loss: 0.5794 - loss: 3.3121 - reconstruction_loss: 0.9994 - vc_loss: 4.0550 - weighted_kl_loss: 0.5794
Epoch 119/200
93/93 - 51s - 549ms/step - accuracy: 0.6111 - autoencoder_loss: 1.9481 - kl_loss: 0.9485 - loss: 2.7272 - reconstruction_loss: 0.9996 - vc_loss: 3.0611 - weighted_kl_loss: 0.9485
Epoch 122/200
93/93 - 51s - 551ms/step - accuracy: 0.6187 - autoencoder_loss: 1.6454 - kl_loss: 0.6462 - loss: 2.8221 - reconstruction_loss: 0.9992 - vc_loss: 3.3264 - weighted_kl_loss: 0.6462
Epoch 114/200
93/93 - 53s - 567ms/step - accuracy: 0.6035 - autoencoder_loss: 1.7955 - kl_loss: 0.7957 - loss: 2.7629 - reconstruction_loss: 0.9998 - vc_loss: 3.1775 - weighted_kl_loss: 0.7957
Epoch 112/200
93/93 - 51s - 553ms/step - accuracy: 0.6086 - autoencoder_loss: 1.7208 - kl_loss: 0.7217 - loss: 2.8824 - reconstruction_loss: 0.9992 - vc_loss: 3.3802 - weighted_kl_loss: 0.7217
Epoch 120/200
93/93 - 52s - 559ms/step - accuracy: 0.6111 - autoencoder_loss: 1.9263 - kl_loss: 0.9264 - loss: 3.1360 - reconstruction_loss: 0.9999 - vc_loss: 3.6544 - weighted_kl_loss: 0.9264
Epoch 123/200
93/93 - 52s - 557ms/step - accuracy: 0.6187 - autoencoder_loss: 1.6273 - kl_loss: 0.6274 - loss: 3.1039 - reconstruction_loss: 0.9999 - vc_loss: 3.7368 - weighted_kl_loss: 0.6274
Epoch 115/200
93/93 - 52s - 562ms/step - accuracy: 0.6035 - autoencoder_loss: 1.7804 - kl_loss: 0.7809 - loss: 2.7817 - reconstruction_loss: 0.9995 - vc_loss: 3.2108 - weighted_kl_loss: 0.7809
Epoch 113/200
93/93 - 51s - 551ms/step - accuracy: 0.6086 - autoencoder_loss: 1.7003 - kl_loss: 0.6998 - loss: 2.6898 - reconstruction_loss: 1.0006 - vc_loss: 3.1139 - weighted_kl_loss: 0.6998
Epoch 121/200
93/93 - 52s - 556ms/step - accuracy: 0.6111 - autoencoder_loss: 1.9939 - kl_loss: 0.9948 - loss: 3.2136 - reconstruction_loss: 0.9991 - vc_loss: 3.7363 - weighted_kl_loss: 0.9948
Epoch 124/200
93/93 - 52s - 562ms/step - accuracy: 0.6187 - autoencoder_loss: 1.6295 - kl_loss: 0.6304 - loss: 2.3557 - reconstruction_loss: 0.9991 - vc_loss: 2.6669 - weighted_kl_loss: 0.6304
Epoch 116/200
93/93 - 52s - 561ms/step - accuracy: 0.6035 - autoencoder_loss: 1.7603 - kl_loss: 0.7609 - loss: 2.6052 - reconstruction_loss: 0.9994 - vc_loss: 2.9673 - weighted_kl_loss: 0.7609
Epoch 114/200
93/93 - 52s - 555ms/step - accuracy: 0.6086 - autoencoder_loss: 1.6605 - kl_loss: 0.6611 - loss: 3.3193 - reconstruction_loss: 0.9994 - vc_loss: 4.0302 - weighted_kl_loss: 0.6611
Epoch 122/200
93/93 - 51s - 552ms/step - accuracy: 0.6111 - autoencoder_loss: 1.9652 - kl_loss: 0.9664 - loss: 3.0075 - reconstruction_loss: 0.9989 - vc_loss: 3.4542 - weighted_kl_loss: 0.9664
Epoch 125/200
93/93 - 51s - 552ms/step - accuracy: 0.6187 - autoencoder_loss: 1.5954 - kl_loss: 0.5961 - loss: 2.7337 - reconstruction_loss: 0.9993 - vc_loss: 3.2216 - weighted_kl_loss: 0.5961
Epoch 117/200
93/93 - 52s - 563ms/step - accuracy: 0.6035 - autoencoder_loss: 1.7364 - kl_loss: 0.7363 - loss: 2.9203 - reconstruction_loss: 1.0001 - vc_loss: 3.4277 - weighted_kl_loss: 0.7363
Epoch 115/200
93/93 - 51s - 545ms/step - accuracy: 0.6086 - autoencoder_loss: 1.6257 - kl_loss: 0.6262 - loss: 2.6720 - reconstruction_loss: 0.9996 - vc_loss: 3.1205 - weighted_kl_loss: 0.6262
Epoch 123/200
93/93 - 51s - 549ms/step - accuracy: 0.6111 - autoencoder_loss: 1.9252 - kl_loss: 0.9256 - loss: 2.7573 - reconstruction_loss: 0.9996 - vc_loss: 3.1139 - weighted_kl_loss: 0.9256
Epoch 126/200
93/93 - 51s - 548ms/step - accuracy: 0.6187 - autoencoder_loss: 1.5719 - kl_loss: 0.5718 - loss: 2.5608 - reconstruction_loss: 1.0001 - vc_loss: 2.9846 - weighted_kl_loss: 0.5718
Epoch 118/200
93/93 - 50s - 533ms/step - accuracy: 0.6086 - autoencoder_loss: 1.5982 - kl_loss: 0.5990 - loss: 2.6013 - reconstruction_loss: 0.9992 - vc_loss: 3.0312 - weighted_kl_loss: 0.5990
Epoch 124/200
93/93 - 52s - 561ms/step - accuracy: 0.6035 - autoencoder_loss: 1.7106 - kl_loss: 0.7100 - loss: 2.4387 - reconstruction_loss: 1.0007 - vc_loss: 2.7507 - weighted_kl_loss: 0.7100
Epoch 116/200
93/93 - 51s - 544ms/step - accuracy: 0.6111 - autoencoder_loss: 2.1902 - kl_loss: 1.1904 - loss: 3.0294 - reconstruction_loss: 0.9997 - vc_loss: 3.3891 - weighted_kl_loss: 1.1904
Epoch 127/200
93/93 - 51s - 550ms/step - accuracy: 0.6187 - autoencoder_loss: 1.5441 - kl_loss: 0.5448 - loss: 2.9112 - reconstruction_loss: 0.9994 - vc_loss: 3.4971 - weighted_kl_loss: 0.5448
Epoch 119/200
93/93 - 51s - 544ms/step - accuracy: 0.6086 - autoencoder_loss: 1.5892 - kl_loss: 0.5887 - loss: 2.7213 - reconstruction_loss: 1.0005 - vc_loss: 3.2064 - weighted_kl_loss: 0.5887
Epoch 125/200
93/93 - 52s - 563ms/step - accuracy: 0.6035 - autoencoder_loss: 1.6908 - kl_loss: 0.6911 - loss: 2.6998 - reconstruction_loss: 0.9996 - vc_loss: 3.1323 - weighted_kl_loss: 0.6911
Epoch 117/200
93/93 - 52s - 556ms/step - accuracy: 0.6111 - autoencoder_loss: 2.1835 - kl_loss: 1.1835 - loss: 2.9495 - reconstruction_loss: 1.0000 - vc_loss: 3.2777 - weighted_kl_loss: 1.1835
Epoch 128/200
93/93 - 52s - 561ms/step - accuracy: 0.6187 - autoencoder_loss: 1.5366 - kl_loss: 0.5366 - loss: 2.8538 - reconstruction_loss: 1.0000 - vc_loss: 3.4184 - weighted_kl_loss: 0.5366
Epoch 120/200
93/93 - 52s - 556ms/step - accuracy: 0.6086 - autoencoder_loss: 1.5745 - kl_loss: 0.5734 - loss: 2.7888 - reconstruction_loss: 1.0011 - vc_loss: 3.3092 - weighted_kl_loss: 0.5734
Epoch 126/200
93/93 - 53s - 569ms/step - accuracy: 0.6035 - autoencoder_loss: 1.6764 - kl_loss: 0.6772 - loss: 2.6202 - reconstruction_loss: 0.9993 - vc_loss: 3.0247 - weighted_kl_loss: 0.6772
Epoch 118/200
93/93 - 52s - 555ms/step - accuracy: 0.6111 - autoencoder_loss: 2.1334 - kl_loss: 1.1335 - loss: 2.9763 - reconstruction_loss: 0.9999 - vc_loss: 3.3376 - weighted_kl_loss: 1.1335
Epoch 129/200
93/93 - 51s - 548ms/step - accuracy: 0.6187 - autoencoder_loss: 1.5126 - kl_loss: 0.5128 - loss: 2.5652 - reconstruction_loss: 0.9998 - vc_loss: 3.0162 - weighted_kl_loss: 0.5128
Epoch 121/200
93/93 - 50s - 539ms/step - accuracy: 0.6086 - autoencoder_loss: 1.5575 - kl_loss: 0.5566 - loss: 2.7577 - reconstruction_loss: 1.0009 - vc_loss: 3.2720 - weighted_kl_loss: 0.5566
Epoch 127/200
93/93 - 53s - 565ms/step - accuracy: 0.6035 - autoencoder_loss: 1.6557 - kl_loss: 0.6562 - loss: 2.6064 - reconstruction_loss: 0.9995 - vc_loss: 3.0138 - weighted_kl_loss: 0.6562
Epoch 119/200
93/93 - 52s - 554ms/step - accuracy: 0.6111 - autoencoder_loss: 2.0911 - kl_loss: 1.0917 - loss: 2.9263 - reconstruction_loss: 0.9994 - vc_loss: 3.2842 - weighted_kl_loss: 1.0917
Epoch 130/200
93/93 - 51s - 547ms/step - accuracy: 0.6187 - autoencoder_loss: 1.5074 - kl_loss: 0.5079 - loss: 2.6918 - reconstruction_loss: 0.9995 - vc_loss: 3.1994 - weighted_kl_loss: 0.5079
Epoch 122/200
93/93 - 50s - 540ms/step - accuracy: 0.6086 - autoencoder_loss: 1.5629 - kl_loss: 0.5627 - loss: 3.1217 - reconstruction_loss: 1.0001 - vc_loss: 3.7897 - weighted_kl_loss: 0.5627
Epoch 128/200
93/93 - 52s - 555ms/step - accuracy: 0.6035 - autoencoder_loss: 1.6253 - kl_loss: 0.6262 - loss: 2.6068 - reconstruction_loss: 0.9991 - vc_loss: 3.0274 - weighted_kl_loss: 0.6262
Epoch 120/200
93/93 - 51s - 550ms/step - accuracy: 0.6111 - autoencoder_loss: 2.0437 - kl_loss: 1.0434 - loss: 2.9730 - reconstruction_loss: 1.0003 - vc_loss: 3.3712 - weighted_kl_loss: 1.0434
Epoch 131/200
93/93 - 52s - 558ms/step - accuracy: 0.6187 - autoencoder_loss: 1.4760 - kl_loss: 0.4765 - loss: 2.8556 - reconstruction_loss: 0.9995 - vc_loss: 3.4468 - weighted_kl_loss: 0.4765
Epoch 123/200
93/93 - 51s - 548ms/step - accuracy: 0.6086 - autoencoder_loss: 1.5154 - kl_loss: 0.5153 - loss: 2.7454 - reconstruction_loss: 1.0001 - vc_loss: 3.2726 - weighted_kl_loss: 0.5153
Epoch 129/200
93/93 - 52s - 561ms/step - accuracy: 0.6035 - autoencoder_loss: 1.6066 - kl_loss: 0.6071 - loss: 2.7189 - reconstruction_loss: 0.9994 - vc_loss: 3.1956 - weighted_kl_loss: 0.6071
Epoch 121/200
93/93 - 51s - 552ms/step - accuracy: 0.6111 - autoencoder_loss: 1.9575 - kl_loss: 0.9582 - loss: 2.4966 - reconstruction_loss: 0.9993 - vc_loss: 2.7276 - weighted_kl_loss: 0.9582
Epoch 132/200
93/93 - 51s - 553ms/step - accuracy: 0.6187 - autoencoder_loss: 1.4672 - kl_loss: 0.4673 - loss: 2.5703 - reconstruction_loss: 0.9999 - vc_loss: 3.0430 - weighted_kl_loss: 0.4673
Epoch 124/200
93/93 - 50s - 533ms/step - accuracy: 0.6086 - autoencoder_loss: 1.4976 - kl_loss: 0.4980 - loss: 2.7203 - reconstruction_loss: 0.9996 - vc_loss: 3.2444 - weighted_kl_loss: 0.4980
Epoch 130/200
93/93 - 51s - 549ms/step - accuracy: 0.6035 - autoencoder_loss: 1.5935 - kl_loss: 0.5942 - loss: 2.7442 - reconstruction_loss: 0.9993 - vc_loss: 3.2374 - weighted_kl_loss: 0.5942
Epoch 122/200
93/93 - 51s - 544ms/step - accuracy: 0.6111 - autoencoder_loss: 1.9283 - kl_loss: 0.9286 - loss: 3.1397 - reconstruction_loss: 0.9997 - vc_loss: 3.6588 - weighted_kl_loss: 0.9286
Epoch 133/200
93/93 - 52s - 554ms/step - accuracy: 0.6187 - autoencoder_loss: 1.4608 - kl_loss: 0.4613 - loss: 2.7802 - reconstruction_loss: 0.9995 - vc_loss: 3.3457 - weighted_kl_loss: 0.4613
Epoch 125/200
93/93 - 51s - 544ms/step - accuracy: 0.6086 - autoencoder_loss: 1.4934 - kl_loss: 0.4933 - loss: 2.7024 - reconstruction_loss: 1.0001 - vc_loss: 3.2206 - weighted_kl_loss: 0.4933
Epoch 131/200
93/93 - 52s - 558ms/step - accuracy: 0.6035 - autoencoder_loss: 1.5857 - kl_loss: 0.5841 - loss: 2.7737 - reconstruction_loss: 1.0016 - vc_loss: 3.2829 - weighted_kl_loss: 0.5841
Epoch 123/200
93/93 - 51s - 553ms/step - accuracy: 0.6111 - autoencoder_loss: 1.9089 - kl_loss: 0.9094 - loss: 3.0559 - reconstruction_loss: 0.9995 - vc_loss: 3.5475 - weighted_kl_loss: 0.9094
Epoch 134/200
93/93 - 51s - 548ms/step - accuracy: 0.6187 - autoencoder_loss: 1.4561 - kl_loss: 0.4554 - loss: 2.5917 - reconstruction_loss: 1.0007 - vc_loss: 3.0784 - weighted_kl_loss: 0.4554
Epoch 126/200
93/93 - 51s - 545ms/step - accuracy: 0.6086 - autoencoder_loss: 1.4962 - kl_loss: 0.4962 - loss: 2.8055 - reconstruction_loss: 1.0000 - vc_loss: 3.3666 - weighted_kl_loss: 0.4962
Epoch 132/200
93/93 - 52s - 561ms/step - accuracy: 0.6035 - autoencoder_loss: 1.5746 - kl_loss: 0.5743 - loss: 2.9478 - reconstruction_loss: 1.0003 - vc_loss: 3.5364 - weighted_kl_loss: 0.5743
Epoch 124/200
93/93 - 51s - 544ms/step - accuracy: 0.6111 - autoencoder_loss: 1.8938 - kl_loss: 0.8934 - loss: 2.9273 - reconstruction_loss: 1.0003 - vc_loss: 3.3702 - weighted_kl_loss: 0.8934
Epoch 135/200
93/93 - 51s - 553ms/step - accuracy: 0.6187 - autoencoder_loss: 1.4399 - kl_loss: 0.4404 - loss: 2.4810 - reconstruction_loss: 0.9995 - vc_loss: 2.9272 - weighted_kl_loss: 0.4404
Epoch 127/200
93/93 - 51s - 546ms/step - accuracy: 0.6086 - autoencoder_loss: 1.5037 - kl_loss: 0.5036 - loss: 2.7205 - reconstruction_loss: 1.0001 - vc_loss: 3.2420 - weighted_kl_loss: 0.5036
Epoch 133/200
93/93 - 53s - 565ms/step - accuracy: 0.6035 - autoencoder_loss: 1.5622 - kl_loss: 0.5619 - loss: 2.6763 - reconstruction_loss: 1.0003 - vc_loss: 3.1537 - weighted_kl_loss: 0.5619
Epoch 125/200
93/93 - 51s - 546ms/step - accuracy: 0.6111 - autoencoder_loss: 1.8623 - kl_loss: 0.8630 - loss: 2.8740 - reconstruction_loss: 0.9993 - vc_loss: 3.3076 - weighted_kl_loss: 0.8630
Epoch 136/200
93/93 - 50s - 537ms/step - accuracy: 0.6187 - autoencoder_loss: 1.4267 - kl_loss: 0.4266 - loss: 2.8232 - reconstruction_loss: 1.0001 - vc_loss: 3.4218 - weighted_kl_loss: 0.4266
Epoch 128/200
93/93 - 49s - 526ms/step - accuracy: 0.6086 - autoencoder_loss: 1.4716 - kl_loss: 0.4722 - loss: 2.6173 - reconstruction_loss: 0.9995 - vc_loss: 3.1083 - weighted_kl_loss: 0.4722
Epoch 134/200
93/93 - 49s - 529ms/step - accuracy: 0.6111 - autoencoder_loss: 1.8434 - kl_loss: 0.8440 - loss: 2.8471 - reconstruction_loss: 0.9993 - vc_loss: 3.2773 - weighted_kl_loss: 0.8440
Epoch 137/200
93/93 - 52s - 556ms/step - accuracy: 0.6035 - autoencoder_loss: 1.5651 - kl_loss: 0.5636 - loss: 3.0322 - reconstruction_loss: 1.0015 - vc_loss: 3.6610 - weighted_kl_loss: 0.5636
Epoch 126/200
93/93 - 48s - 512ms/step - accuracy: 0.6086 - autoencoder_loss: 1.4303 - kl_loss: 0.4310 - loss: 2.9670 - reconstruction_loss: 0.9993 - vc_loss: 3.6255 - weighted_kl_loss: 0.4310
Epoch 135/200
93/93 - 50s - 541ms/step - accuracy: 0.6111 - autoencoder_loss: 1.8369 - kl_loss: 0.8371 - loss: 2.8796 - reconstruction_loss: 0.9998 - vc_loss: 3.3265 - weighted_kl_loss: 0.8371
Epoch 138/200
93/93 - 51s - 546ms/step - accuracy: 0.6035 - autoencoder_loss: 1.5433 - kl_loss: 0.5435 - loss: 2.6506 - reconstruction_loss: 0.9999 - vc_loss: 3.1251 - weighted_kl_loss: 0.5435
Epoch 127/200
93/93 - 82s - 886ms/step - accuracy: 0.6187 - autoencoder_loss: 1.4038 - kl_loss: 0.4042 - loss: 2.4473 - reconstruction_loss: 0.9996 - vc_loss: 2.8945 - weighted_kl_loss: 0.4042
Epoch 129/200
93/93 - 50s - 540ms/step - accuracy: 0.6086 - autoencoder_loss: 1.4112 - kl_loss: 0.4116 - loss: 2.6691 - reconstruction_loss: 0.9995 - vc_loss: 3.2083 - weighted_kl_loss: 0.4116
Epoch 136/200
93/93 - 52s - 554ms/step - accuracy: 0.6111 - autoencoder_loss: 1.8271 - kl_loss: 0.8273 - loss: 3.0388 - reconstruction_loss: 0.9998 - vc_loss: 3.5581 - weighted_kl_loss: 0.8273
Epoch 139/200
93/93 - 52s - 563ms/step - accuracy: 0.6035 - autoencoder_loss: 1.5259 - kl_loss: 0.5262 - loss: 2.5850 - reconstruction_loss: 0.9996 - vc_loss: 3.0390 - weighted_kl_loss: 0.5262
Epoch 128/200
93/93 - 52s - 557ms/step - accuracy: 0.6187 - autoencoder_loss: 1.3816 - kl_loss: 0.3820 - loss: 2.7247 - reconstruction_loss: 0.9997 - vc_loss: 3.3003 - weighted_kl_loss: 0.3820
Epoch 130/200
93/93 - 51s - 552ms/step - accuracy: 0.6086 - autoencoder_loss: 1.4036 - kl_loss: 0.4034 - loss: 2.6345 - reconstruction_loss: 1.0003 - vc_loss: 3.1620 - weighted_kl_loss: 0.4034
Epoch 137/200
93/93 - 52s - 556ms/step - accuracy: 0.6111 - autoencoder_loss: 1.8107 - kl_loss: 0.8105 - loss: 2.7880 - reconstruction_loss: 1.0002 - vc_loss: 3.2069 - weighted_kl_loss: 0.8105
Epoch 140/200
93/93 - 52s - 558ms/step - accuracy: 0.6187 - autoencoder_loss: 1.4831 - kl_loss: 0.4827 - loss: 3.4958 - reconstruction_loss: 1.0004 - vc_loss: 4.3584 - weighted_kl_loss: 0.4827
Epoch 131/200
93/93 - 52s - 559ms/step - accuracy: 0.6035 - autoencoder_loss: 1.5141 - kl_loss: 0.5145 - loss: 2.6420 - reconstruction_loss: 0.9996 - vc_loss: 3.1255 - weighted_kl_loss: 0.5145
Epoch 129/200
93/93 - 50s - 536ms/step - accuracy: 0.6086 - autoencoder_loss: 1.4680 - kl_loss: 0.4684 - loss: 3.0975 - reconstruction_loss: 0.9996 - vc_loss: 3.7958 - weighted_kl_loss: 0.4684
Epoch 138/200
93/93 - 51s - 552ms/step - accuracy: 0.6111 - autoencoder_loss: 1.7930 - kl_loss: 0.7911 - loss: 2.7753 - reconstruction_loss: 1.0019 - vc_loss: 3.1962 - weighted_kl_loss: 0.7911
Epoch 141/200
93/93 - 52s - 555ms/step - accuracy: 0.6187 - autoencoder_loss: 1.6047 - kl_loss: 0.6049 - loss: 3.7641 - reconstruction_loss: 0.9998 - vc_loss: 4.6895 - weighted_kl_loss: 0.6049
Epoch 132/200
93/93 - 53s - 565ms/step - accuracy: 0.6035 - autoencoder_loss: 1.5045 - kl_loss: 0.5052 - loss: 3.3392 - reconstruction_loss: 0.9993 - vc_loss: 4.1255 - weighted_kl_loss: 0.5052
Epoch 130/200
93/93 - 52s - 556ms/step - accuracy: 0.6086 - autoencoder_loss: 1.4644 - kl_loss: 0.4636 - loss: 2.8684 - reconstruction_loss: 1.0007 - vc_loss: 3.4701 - weighted_kl_loss: 0.4636
Epoch 139/200
93/93 - 52s - 559ms/step - accuracy: 0.6111 - autoencoder_loss: 1.7747 - kl_loss: 0.7749 - loss: 3.0580 - reconstruction_loss: 0.9997 - vc_loss: 3.6080 - weighted_kl_loss: 0.7749
Epoch 142/200
93/93 - 52s - 560ms/step - accuracy: 0.6187 - autoencoder_loss: 1.5213 - kl_loss: 0.5201 - loss: 3.7918 - reconstruction_loss: 1.0013 - vc_loss: 4.7648 - weighted_kl_loss: 0.5201
Epoch 133/200
93/93 - 53s - 567ms/step - accuracy: 0.6035 - autoencoder_loss: 1.4972 - kl_loss: 0.4976 - loss: 2.7765 - reconstruction_loss: 0.9996 - vc_loss: 3.3248 - weighted_kl_loss: 0.4976
Epoch 131/200
93/93 - 51s - 551ms/step - accuracy: 0.6086 - autoencoder_loss: 1.4527 - kl_loss: 0.4527 - loss: 3.0123 - reconstruction_loss: 1.0000 - vc_loss: 3.6807 - weighted_kl_loss: 0.4527
Epoch 140/200
93/93 - 52s - 555ms/step - accuracy: 0.6111 - autoencoder_loss: 1.7701 - kl_loss: 0.7707 - loss: 3.0413 - reconstruction_loss: 0.9994 - vc_loss: 3.5861 - weighted_kl_loss: 0.7707
Epoch 143/200
93/93 - 51s - 551ms/step - accuracy: 0.6187 - autoencoder_loss: 1.4730 - kl_loss: 0.4729 - loss: 3.6148 - reconstruction_loss: 1.0001 - vc_loss: 4.5327 - weighted_kl_loss: 0.4729
Epoch 134/200
93/93 - 51s - 552ms/step - accuracy: 0.6086 - autoencoder_loss: 1.4419 - kl_loss: 0.4421 - loss: 2.6679 - reconstruction_loss: 0.9998 - vc_loss: 3.1933 - weighted_kl_loss: 0.4421
Epoch 141/200
93/93 - 82s - 880ms/step - accuracy: 0.6035 - autoencoder_loss: 1.4849 - kl_loss: 0.4854 - loss: 2.6506 - reconstruction_loss: 0.9995 - vc_loss: 3.1502 - weighted_kl_loss: 0.4854
Epoch 132/200
93/93 - 51s - 553ms/step - accuracy: 0.6111 - autoencoder_loss: 1.7469 - kl_loss: 0.7474 - loss: 2.6973 - reconstruction_loss: 0.9994 - vc_loss: 3.1047 - weighted_kl_loss: 0.7474
Epoch 144/200
93/93 - 52s - 558ms/step - accuracy: 0.6187 - autoencoder_loss: 1.4140 - kl_loss: 0.4139 - loss: 2.8409 - reconstruction_loss: 1.0001 - vc_loss: 3.4524 - weighted_kl_loss: 0.4139
Epoch 135/200
93/93 - 50s - 536ms/step - accuracy: 0.6086 - autoencoder_loss: 1.4293 - kl_loss: 0.4280 - loss: 2.5427 - reconstruction_loss: 1.0013 - vc_loss: 3.0199 - weighted_kl_loss: 0.4280
Epoch 142/200
93/93 - 52s - 560ms/step - accuracy: 0.6035 - autoencoder_loss: 1.4690 - kl_loss: 0.4699 - loss: 2.6673 - reconstruction_loss: 0.9991 - vc_loss: 3.1809 - weighted_kl_loss: 0.4699
Epoch 133/200
93/93 - 51s - 551ms/step - accuracy: 0.6111 - autoencoder_loss: 1.7480 - kl_loss: 0.7480 - loss: 2.9198 - reconstruction_loss: 1.0000 - vc_loss: 3.4220 - weighted_kl_loss: 0.7480
Epoch 145/200
93/93 - 52s - 559ms/step - accuracy: 0.6187 - autoencoder_loss: 1.4108 - kl_loss: 0.4111 - loss: 3.0561 - reconstruction_loss: 0.9997 - vc_loss: 3.7613 - weighted_kl_loss: 0.4111
Epoch 136/200
93/93 - 52s - 555ms/step - accuracy: 0.6086 - autoencoder_loss: 1.4205 - kl_loss: 0.4211 - loss: 3.0517 - reconstruction_loss: 0.9994 - vc_loss: 3.7508 - weighted_kl_loss: 0.4211
Epoch 143/200
93/93 - 53s - 567ms/step - accuracy: 0.6035 - autoencoder_loss: 1.4613 - kl_loss: 0.4618 - loss: 2.6991 - reconstruction_loss: 0.9995 - vc_loss: 3.2296 - weighted_kl_loss: 0.4618
Epoch 134/200
93/93 - 52s - 556ms/step - accuracy: 0.6111 - autoencoder_loss: 1.7476 - kl_loss: 0.7464 - loss: 2.7670 - reconstruction_loss: 1.0012 - vc_loss: 3.2039 - weighted_kl_loss: 0.7464
Epoch 146/200
93/93 - 52s - 562ms/step - accuracy: 0.6187 - autoencoder_loss: 1.3859 - kl_loss: 0.3861 - loss: 2.9862 - reconstruction_loss: 0.9997 - vc_loss: 3.6720 - weighted_kl_loss: 0.3861
Epoch 137/200
93/93 - 52s - 557ms/step - accuracy: 0.6086 - autoencoder_loss: 1.4103 - kl_loss: 0.4109 - loss: 2.8370 - reconstruction_loss: 0.9994 - vc_loss: 3.4484 - weighted_kl_loss: 0.4109
Epoch 144/200
93/93 - 53s - 567ms/step - accuracy: 0.6035 - autoencoder_loss: 1.4502 - kl_loss: 0.4511 - loss: 2.5951 - reconstruction_loss: 0.9991 - vc_loss: 3.0858 - weighted_kl_loss: 0.4511
Epoch 135/200
93/93 - 52s - 556ms/step - accuracy: 0.6111 - autoencoder_loss: 1.7306 - kl_loss: 0.7309 - loss: 2.6623 - reconstruction_loss: 0.9998 - vc_loss: 3.0616 - weighted_kl_loss: 0.7309
Epoch 147/200
93/93 - 52s - 563ms/step - accuracy: 0.6187 - autoencoder_loss: 1.3763 - kl_loss: 0.3769 - loss: 3.1544 - reconstruction_loss: 0.9994 - vc_loss: 3.9165 - weighted_kl_loss: 0.3769
Epoch 138/200
93/93 - 51s - 554ms/step - accuracy: 0.6086 - autoencoder_loss: 1.4012 - kl_loss: 0.4012 - loss: 2.8729 - reconstruction_loss: 0.9999 - vc_loss: 3.5037 - weighted_kl_loss: 0.4012
Epoch 145/200
93/93 - 52s - 555ms/step - accuracy: 0.6035 - autoencoder_loss: 1.4430 - kl_loss: 0.4434 - loss: 2.6024 - reconstruction_loss: 0.9996 - vc_loss: 3.0993 - weighted_kl_loss: 0.4434
Epoch 136/200
93/93 - 52s - 557ms/step - accuracy: 0.6111 - autoencoder_loss: 1.7125 - kl_loss: 0.7122 - loss: 2.7477 - reconstruction_loss: 1.0003 - vc_loss: 3.1914 - weighted_kl_loss: 0.7122
Epoch 148/200
93/93 - 51s - 550ms/step - accuracy: 0.6187 - autoencoder_loss: 1.3569 - kl_loss: 0.3576 - loss: 2.5939 - reconstruction_loss: 0.9993 - vc_loss: 3.1240 - weighted_kl_loss: 0.3576
Epoch 139/200
93/93 - 51s - 552ms/step - accuracy: 0.6086 - autoencoder_loss: 1.3842 - kl_loss: 0.3848 - loss: 2.9946 - reconstruction_loss: 0.9994 - vc_loss: 3.6848 - weighted_kl_loss: 0.3848
Epoch 146/200
93/93 - 52s - 560ms/step - accuracy: 0.6035 - autoencoder_loss: 1.4551 - kl_loss: 0.4481 - loss: 2.7683 - reconstruction_loss: 1.0070 - vc_loss: 3.3311 - weighted_kl_loss: 0.4481
Epoch 137/200
93/93 - 51s - 550ms/step - accuracy: 0.6111 - autoencoder_loss: 1.7051 - kl_loss: 0.7051 - loss: 2.8045 - reconstruction_loss: 1.0000 - vc_loss: 3.2757 - weighted_kl_loss: 0.7051
Epoch 149/200
93/93 - 52s - 555ms/step - accuracy: 0.6187 - autoencoder_loss: 1.3642 - kl_loss: 0.3647 - loss: 3.0048 - reconstruction_loss: 0.9995 - vc_loss: 3.7080 - weighted_kl_loss: 0.3647
Epoch 140/200
93/93 - 51s - 547ms/step - accuracy: 0.6086 - autoencoder_loss: 1.3758 - kl_loss: 0.3761 - loss: 3.0481 - reconstruction_loss: 0.9997 - vc_loss: 3.7649 - weighted_kl_loss: 0.3761
Epoch 147/200
93/93 - 52s - 557ms/step - accuracy: 0.6035 - autoencoder_loss: 1.4360 - kl_loss: 0.4354 - loss: 2.8460 - reconstruction_loss: 1.0006 - vc_loss: 3.4503 - weighted_kl_loss: 0.4354
Epoch 138/200
93/93 - 51s - 546ms/step - accuracy: 0.6111 - autoencoder_loss: 1.6899 - kl_loss: 0.6910 - loss: 2.7416 - reconstruction_loss: 0.9989 - vc_loss: 3.1923 - weighted_kl_loss: 0.6910
Epoch 150/200
93/93 - 51s - 554ms/step - accuracy: 0.6187 - autoencoder_loss: 1.3855 - kl_loss: 0.3861 - loss: 2.9407 - reconstruction_loss: 0.9994 - vc_loss: 3.6073 - weighted_kl_loss: 0.3861
Epoch 141/200
93/93 - 50s - 543ms/step - accuracy: 0.6086 - autoencoder_loss: 1.3689 - kl_loss: 0.3696 - loss: 3.0094 - reconstruction_loss: 0.9993 - vc_loss: 3.7124 - weighted_kl_loss: 0.3696
Epoch 148/200
93/93 - 52s - 564ms/step - accuracy: 0.6035 - autoencoder_loss: 1.4243 - kl_loss: 0.4245 - loss: 2.7596 - reconstruction_loss: 0.9998 - vc_loss: 3.3318 - weighted_kl_loss: 0.4245
Epoch 139/200
93/93 - 51s - 547ms/step - accuracy: 0.6111 - autoencoder_loss: 1.6721 - kl_loss: 0.6728 - loss: 3.1905 - reconstruction_loss: 0.9993 - vc_loss: 3.8412 - weighted_kl_loss: 0.6728
Epoch 151/200
93/93 - 52s - 559ms/step - accuracy: 0.6187 - autoencoder_loss: 1.3932 - kl_loss: 0.3936 - loss: 2.5606 - reconstruction_loss: 0.9997 - vc_loss: 3.0608 - weighted_kl_loss: 0.3936
Epoch 142/200
93/93 - 51s - 551ms/step - accuracy: 0.6086 - autoencoder_loss: 1.3588 - kl_loss: 0.3588 - loss: 2.6100 - reconstruction_loss: 1.0000 - vc_loss: 3.1462 - weighted_kl_loss: 0.3588
Epoch 149/200
93/93 - 52s - 563ms/step - accuracy: 0.6035 - autoencoder_loss: 1.5709 - kl_loss: 0.5699 - loss: 2.6640 - reconstruction_loss: 1.0010 - vc_loss: 3.1325 - weighted_kl_loss: 0.5699
Epoch 140/200
93/93 - 51s - 553ms/step - accuracy: 0.6111 - autoencoder_loss: 1.6460 - kl_loss: 0.6463 - loss: 3.2349 - reconstruction_loss: 0.9998 - vc_loss: 3.9158 - weighted_kl_loss: 0.6463
Epoch 152/200
93/93 - 52s - 560ms/step - accuracy: 0.6187 - autoencoder_loss: 1.5832 - kl_loss: 0.5833 - loss: 3.5670 - reconstruction_loss: 0.9999 - vc_loss: 4.4172 - weighted_kl_loss: 0.5833
Epoch 143/200
93/93 - 51s - 550ms/step - accuracy: 0.6086 - autoencoder_loss: 1.3525 - kl_loss: 0.3529 - loss: 2.6318 - reconstruction_loss: 0.9996 - vc_loss: 3.1801 - weighted_kl_loss: 0.3529
Epoch 150/200
93/93 - 53s - 566ms/step - accuracy: 0.6035 - autoencoder_loss: 1.6995 - kl_loss: 0.6993 - loss: 2.8623 - reconstruction_loss: 1.0002 - vc_loss: 3.3606 - weighted_kl_loss: 0.6993
Epoch 141/200
93/93 - 52s - 564ms/step - accuracy: 0.6111 - autoencoder_loss: 1.6256 - kl_loss: 0.6262 - loss: 2.5317 - reconstruction_loss: 0.9994 - vc_loss: 2.9200 - weighted_kl_loss: 0.6262
Epoch 153/200
93/93 - 53s - 565ms/step - accuracy: 0.6187 - autoencoder_loss: 1.5461 - kl_loss: 0.5467 - loss: 4.2262 - reconstruction_loss: 0.9994 - vc_loss: 5.3749 - weighted_kl_loss: 0.5467
Epoch 144/200
93/93 - 52s - 561ms/step - accuracy: 0.6086 - autoencoder_loss: 1.3417 - kl_loss: 0.3422 - loss: 2.6960 - reconstruction_loss: 0.9995 - vc_loss: 3.2764 - weighted_kl_loss: 0.3422
Epoch 151/200
93/93 - 54s - 575ms/step - accuracy: 0.6035 - autoencoder_loss: 1.6828 - kl_loss: 0.6834 - loss: 2.8003 - reconstruction_loss: 0.9993 - vc_loss: 3.2793 - weighted_kl_loss: 0.6834
Epoch 142/200
93/93 - 51s - 553ms/step - accuracy: 0.6111 - autoencoder_loss: 1.6141 - kl_loss: 0.6150 - loss: 2.7747 - reconstruction_loss: 0.9991 - vc_loss: 3.2722 - weighted_kl_loss: 0.6150
Epoch 154/200
93/93 - 51s - 550ms/step - accuracy: 0.6187 - autoencoder_loss: 1.4692 - kl_loss: 0.4694 - loss: 3.0869 - reconstruction_loss: 0.9997 - vc_loss: 3.7802 - weighted_kl_loss: 0.4694
Epoch 145/200
93/93 - 50s - 542ms/step - accuracy: 0.6086 - autoencoder_loss: 1.3349 - kl_loss: 0.3355 - loss: 2.8537 - reconstruction_loss: 0.9994 - vc_loss: 3.5046 - weighted_kl_loss: 0.3355
Epoch 152/200
93/93 - 52s - 562ms/step - accuracy: 0.6035 - autoencoder_loss: 1.6827 - kl_loss: 0.6834 - loss: 2.6980 - reconstruction_loss: 0.9992 - vc_loss: 3.1331 - weighted_kl_loss: 0.6834
Epoch 143/200
93/93 - 52s - 555ms/step - accuracy: 0.6111 - autoencoder_loss: 1.5942 - kl_loss: 0.5944 - loss: 2.7893 - reconstruction_loss: 0.9997 - vc_loss: 3.3015 - weighted_kl_loss: 0.5944
Epoch 155/200
93/93 - 52s - 554ms/step - accuracy: 0.6187 - autoencoder_loss: 1.4061 - kl_loss: 0.4066 - loss: 3.1212 - reconstruction_loss: 0.9995 - vc_loss: 3.8562 - weighted_kl_loss: 0.4066
Epoch 146/200
93/93 - 51s - 551ms/step - accuracy: 0.6086 - autoencoder_loss: 1.3318 - kl_loss: 0.3322 - loss: 2.7723 - reconstruction_loss: 0.9996 - vc_loss: 3.3897 - weighted_kl_loss: 0.3322
Epoch 153/200
93/93 - 53s - 565ms/step - accuracy: 0.6035 - autoencoder_loss: 1.6948 - kl_loss: 0.6952 - loss: 3.0735 - reconstruction_loss: 0.9996 - vc_loss: 3.6644 - weighted_kl_loss: 0.6952
Epoch 144/200
93/93 - 52s - 554ms/step - accuracy: 0.6111 - autoencoder_loss: 1.6109 - kl_loss: 0.6040 - loss: 3.0356 - reconstruction_loss: 1.0069 - vc_loss: 3.6461 - weighted_kl_loss: 0.6040
Epoch 156/200
93/93 - 52s - 557ms/step - accuracy: 0.6187 - autoencoder_loss: 1.3766 - kl_loss: 0.3753 - loss: 3.1073 - reconstruction_loss: 1.0013 - vc_loss: 3.8490 - weighted_kl_loss: 0.3753
Epoch 147/200
93/93 - 51s - 548ms/step - accuracy: 0.6086 - autoencoder_loss: 1.3243 - kl_loss: 0.3247 - loss: 2.5363 - reconstruction_loss: 0.9996 - vc_loss: 3.0557 - weighted_kl_loss: 0.3247
Epoch 154/200
93/93 - 53s - 569ms/step - accuracy: 0.6035 - autoencoder_loss: 1.6759 - kl_loss: 0.6769 - loss: 2.5745 - reconstruction_loss: 0.9990 - vc_loss: 2.9596 - weighted_kl_loss: 0.6769
Epoch 145/200
93/93 - 52s - 559ms/step - accuracy: 0.6111 - autoencoder_loss: 1.6134 - kl_loss: 0.6121 - loss: 2.6533 - reconstruction_loss: 1.0013 - vc_loss: 3.0989 - weighted_kl_loss: 0.6121
Epoch 157/200
93/93 - 52s - 562ms/step - accuracy: 0.6187 - autoencoder_loss: 1.3534 - kl_loss: 0.3536 - loss: 2.8747 - reconstruction_loss: 0.9997 - vc_loss: 3.5266 - weighted_kl_loss: 0.3536
Epoch 148/200
93/93 - 51s - 547ms/step - accuracy: 0.6086 - autoencoder_loss: 1.3176 - kl_loss: 0.3181 - loss: 2.7556 - reconstruction_loss: 0.9995 - vc_loss: 3.3718 - weighted_kl_loss: 0.3181
Epoch 155/200
93/93 - 53s - 566ms/step - accuracy: 0.6035 - autoencoder_loss: 1.6738 - kl_loss: 0.6741 - loss: 2.7571 - reconstruction_loss: 0.9997 - vc_loss: 3.2214 - weighted_kl_loss: 0.6741
Epoch 146/200
93/93 - 50s - 543ms/step - accuracy: 0.6111 - autoencoder_loss: 1.6045 - kl_loss: 0.6051 - loss: 3.0007 - reconstruction_loss: 0.9994 - vc_loss: 3.5992 - weighted_kl_loss: 0.6051
Epoch 158/200
93/93 - 52s - 558ms/step - accuracy: 0.6187 - autoencoder_loss: 1.3596 - kl_loss: 0.3601 - loss: 3.6417 - reconstruction_loss: 0.9994 - vc_loss: 4.6198 - weighted_kl_loss: 0.3601
Epoch 149/200
93/93 - 51s - 546ms/step - accuracy: 0.6086 - autoencoder_loss: 1.3197 - kl_loss: 0.3202 - loss: 2.9425 - reconstruction_loss: 0.9994 - vc_loss: 3.6380 - weighted_kl_loss: 0.3202
Epoch 156/200
93/93 - 50s - 537ms/step - accuracy: 0.6111 - autoencoder_loss: 1.6180 - kl_loss: 0.6183 - loss: 2.7494 - reconstruction_loss: 0.9997 - vc_loss: 3.2343 - weighted_kl_loss: 0.6183
Epoch 159/200
93/93 - 51s - 548ms/step - accuracy: 0.6187 - autoencoder_loss: 1.3927 - kl_loss: 0.3931 - loss: 3.2953 - reconstruction_loss: 0.9996 - vc_loss: 4.1107 - weighted_kl_loss: 0.3931
Epoch 150/200
93/93 - 51s - 546ms/step - accuracy: 0.6086 - autoencoder_loss: 1.3356 - kl_loss: 0.3360 - loss: 2.5165 - reconstruction_loss: 0.9996 - vc_loss: 3.0226 - weighted_kl_loss: 0.3360
Epoch 157/200
93/93 - 81s - 875ms/step - accuracy: 0.6035 - autoencoder_loss: 1.6648 - kl_loss: 0.6656 - loss: 2.8722 - reconstruction_loss: 0.9993 - vc_loss: 3.3897 - weighted_kl_loss: 0.6656
Epoch 147/200
93/93 - 51s - 548ms/step - accuracy: 0.6111 - autoencoder_loss: 1.5880 - kl_loss: 0.5888 - loss: 2.8089 - reconstruction_loss: 0.9992 - vc_loss: 3.3322 - weighted_kl_loss: 0.5888
Epoch 160/200
93/93 - 51s - 553ms/step - accuracy: 0.6187 - autoencoder_loss: 1.4652 - kl_loss: 0.4650 - loss: 3.5496 - reconstruction_loss: 1.0001 - vc_loss: 4.4429 - weighted_kl_loss: 0.4650
Epoch 151/200
93/93 - 51s - 551ms/step - accuracy: 0.6086 - autoencoder_loss: 1.3273 - kl_loss: 0.3280 - loss: 2.6885 - reconstruction_loss: 0.9993 - vc_loss: 3.2719 - weighted_kl_loss: 0.3280
Epoch 158/200
93/93 - 53s - 569ms/step - accuracy: 0.6035 - autoencoder_loss: 1.6522 - kl_loss: 0.6522 - loss: 2.5630 - reconstruction_loss: 1.0000 - vc_loss: 2.9533 - weighted_kl_loss: 0.6522
Epoch 148/200
93/93 - 52s - 557ms/step - accuracy: 0.6111 - autoencoder_loss: 1.5633 - kl_loss: 0.5640 - loss: 3.0419 - reconstruction_loss: 0.9993 - vc_loss: 3.6756 - weighted_kl_loss: 0.5640
Epoch 161/200
93/93 - 52s - 556ms/step - accuracy: 0.6187 - autoencoder_loss: 1.3799 - kl_loss: 0.3798 - loss: 2.6736 - reconstruction_loss: 1.0001 - vc_loss: 3.2281 - weighted_kl_loss: 0.3798
Epoch 152/200
93/93 - 51s - 545ms/step - accuracy: 0.6086 - autoencoder_loss: 1.3229 - kl_loss: 0.3231 - loss: 2.6796 - reconstruction_loss: 0.9998 - vc_loss: 3.2610 - weighted_kl_loss: 0.3231
Epoch 159/200
93/93 - 52s - 564ms/step - accuracy: 0.6035 - autoencoder_loss: 1.6431 - kl_loss: 0.6434 - loss: 2.7509 - reconstruction_loss: 0.9997 - vc_loss: 3.2257 - weighted_kl_loss: 0.6434
Epoch 149/200
93/93 - 51s - 550ms/step - accuracy: 0.6111 - autoencoder_loss: 1.5456 - kl_loss: 0.5458 - loss: 2.3891 - reconstruction_loss: 0.9997 - vc_loss: 2.7506 - weighted_kl_loss: 0.5458
Epoch 162/200
93/93 - 52s - 558ms/step - accuracy: 0.6187 - autoencoder_loss: 1.3739 - kl_loss: 0.3734 - loss: 3.0632 - reconstruction_loss: 1.0005 - vc_loss: 3.7872 - weighted_kl_loss: 0.3734
Epoch 153/200
93/93 - 51s - 552ms/step - accuracy: 0.6086 - autoencoder_loss: 1.3132 - kl_loss: 0.3139 - loss: 2.6510 - reconstruction_loss: 0.9993 - vc_loss: 3.2244 - weighted_kl_loss: 0.3139
Epoch 160/200
93/93 - 53s - 566ms/step - accuracy: 0.6035 - autoencoder_loss: 1.6278 - kl_loss: 0.6285 - loss: 2.9390 - reconstruction_loss: 0.9993 - vc_loss: 3.5010 - weighted_kl_loss: 0.6285
Epoch 150/200
93/93 - 52s - 558ms/step - accuracy: 0.6111 - autoencoder_loss: 1.5268 - kl_loss: 0.5274 - loss: 2.8446 - reconstruction_loss: 0.9994 - vc_loss: 3.4094 - weighted_kl_loss: 0.5274
Epoch 163/200
93/93 - 52s - 560ms/step - accuracy: 0.6187 - autoencoder_loss: 1.3647 - kl_loss: 0.3649 - loss: 3.1244 - reconstruction_loss: 0.9998 - vc_loss: 3.8785 - weighted_kl_loss: 0.3649
Epoch 154/200
93/93 - 51s - 545ms/step - accuracy: 0.6086 - autoencoder_loss: 1.3126 - kl_loss: 0.3122 - loss: 2.8000 - reconstruction_loss: 1.0004 - vc_loss: 3.4375 - weighted_kl_loss: 0.3122
Epoch 161/200
93/93 - 53s - 568ms/step - accuracy: 0.6035 - autoencoder_loss: 1.6203 - kl_loss: 0.6210 - loss: 2.8157 - reconstruction_loss: 0.9992 - vc_loss: 3.3281 - weighted_kl_loss: 0.6210
Epoch 151/200
93/93 - 51s - 544ms/step - accuracy: 0.6111 - autoencoder_loss: 1.5210 - kl_loss: 0.5214 - loss: 3.1518 - reconstruction_loss: 0.9996 - vc_loss: 3.8507 - weighted_kl_loss: 0.5214
Epoch 164/200
93/93 - 51s - 549ms/step - accuracy: 0.6187 - autoencoder_loss: 1.3488 - kl_loss: 0.3488 - loss: 2.9592 - reconstruction_loss: 1.0000 - vc_loss: 3.6494 - weighted_kl_loss: 0.3488
Epoch 155/200
93/93 - 51s - 550ms/step - accuracy: 0.6086 - autoencoder_loss: 1.3053 - kl_loss: 0.3055 - loss: 2.6207 - reconstruction_loss: 0.9998 - vc_loss: 3.1845 - weighted_kl_loss: 0.3055
Epoch 162/200
93/93 - 51s - 550ms/step - accuracy: 0.6111 - autoencoder_loss: 1.5139 - kl_loss: 0.5139 - loss: 2.8402 - reconstruction_loss: 1.0000 - vc_loss: 3.4086 - weighted_kl_loss: 0.5139
Epoch 165/200
93/93 - 52s - 561ms/step - accuracy: 0.6187 - autoencoder_loss: 1.3152 - kl_loss: 0.3157 - loss: 2.8420 - reconstruction_loss: 0.9995 - vc_loss: 3.4964 - weighted_kl_loss: 0.3157
Epoch 156/200
93/93 - 82s - 883ms/step - accuracy: 0.6035 - autoencoder_loss: 1.6083 - kl_loss: 0.6086 - loss: 2.6313 - reconstruction_loss: 0.9997 - vc_loss: 3.0697 - weighted_kl_loss: 0.6086
Epoch 152/200
93/93 - 52s - 557ms/step - accuracy: 0.6086 - autoencoder_loss: 1.3030 - kl_loss: 0.3032 - loss: 2.3567 - reconstruction_loss: 0.9998 - vc_loss: 2.8083 - weighted_kl_loss: 0.3032
Epoch 163/200
93/93 - 52s - 556ms/step - accuracy: 0.6111 - autoencoder_loss: 1.4903 - kl_loss: 0.4899 - loss: 2.6638 - reconstruction_loss: 1.0005 - vc_loss: 3.1666 - weighted_kl_loss: 0.4899
Epoch 166/200
93/93 - 51s - 550ms/step - accuracy: 0.6187 - autoencoder_loss: 1.2754 - kl_loss: 0.2756 - loss: 2.6236 - reconstruction_loss: 0.9998 - vc_loss: 3.2014 - weighted_kl_loss: 0.2756
Epoch 157/200
93/93 - 53s - 567ms/step - accuracy: 0.6035 - autoencoder_loss: 1.6003 - kl_loss: 0.5992 - loss: 2.9164 - reconstruction_loss: 1.0011 - vc_loss: 3.4804 - weighted_kl_loss: 0.5992
Epoch 153/200
93/93 - 50s - 543ms/step - accuracy: 0.6086 - autoencoder_loss: 1.2990 - kl_loss: 0.2992 - loss: 2.6367 - reconstruction_loss: 0.9998 - vc_loss: 3.2101 - weighted_kl_loss: 0.2992
Epoch 164/200
93/93 - 51s - 551ms/step - accuracy: 0.6111 - autoencoder_loss: 1.4801 - kl_loss: 0.4786 - loss: 2.6304 - reconstruction_loss: 1.0015 - vc_loss: 3.1233 - weighted_kl_loss: 0.4786
Epoch 167/200
93/93 - 51s - 553ms/step - accuracy: 0.6187 - autoencoder_loss: 1.3482 - kl_loss: 0.3482 - loss: 2.9431 - reconstruction_loss: 1.0000 - vc_loss: 3.6267 - weighted_kl_loss: 0.3482
Epoch 158/200
93/93 - 53s - 567ms/step - accuracy: 0.6035 - autoencoder_loss: 1.5902 - kl_loss: 0.5905 - loss: 2.8374 - reconstruction_loss: 0.9997 - vc_loss: 3.3719 - weighted_kl_loss: 0.5905
Epoch 154/200
93/93 - 51s - 544ms/step - accuracy: 0.6086 - autoencoder_loss: 1.2935 - kl_loss: 0.2939 - loss: 2.5972 - reconstruction_loss: 0.9996 - vc_loss: 3.1559 - weighted_kl_loss: 0.2939
Epoch 165/200
93/93 - 51s - 543ms/step - accuracy: 0.6111 - autoencoder_loss: 1.4859 - kl_loss: 0.4864 - loss: 2.8250 - reconstruction_loss: 0.9995 - vc_loss: 3.3988 - weighted_kl_loss: 0.4864
Epoch 168/200
93/93 - 51s - 552ms/step - accuracy: 0.6187 - autoencoder_loss: 1.3179 - kl_loss: 0.3188 - loss: 2.7326 - reconstruction_loss: 0.9991 - vc_loss: 3.3389 - weighted_kl_loss: 0.3188
Epoch 159/200
93/93 - 52s - 554ms/step - accuracy: 0.6035 - autoencoder_loss: 1.5850 - kl_loss: 0.5858 - loss: 2.7059 - reconstruction_loss: 0.9992 - vc_loss: 3.1863 - weighted_kl_loss: 0.5858
Epoch 155/200
93/93 - 50s - 537ms/step - accuracy: 0.6086 - autoencoder_loss: 1.2891 - kl_loss: 0.2896 - loss: 2.8346 - reconstruction_loss: 0.9995 - vc_loss: 3.4969 - weighted_kl_loss: 0.2896
Epoch 166/200
93/93 - 51s - 551ms/step - accuracy: 0.6111 - autoencoder_loss: 1.4605 - kl_loss: 0.4606 - loss: 2.3893 - reconstruction_loss: 1.0000 - vc_loss: 2.7874 - weighted_kl_loss: 0.4606
Epoch 169/200
93/93 - 52s - 559ms/step - accuracy: 0.6187 - autoencoder_loss: 1.2838 - kl_loss: 0.2841 - loss: 2.9178 - reconstruction_loss: 0.9997 - vc_loss: 3.6181 - weighted_kl_loss: 0.2841
Epoch 160/200
93/93 - 52s - 560ms/step - accuracy: 0.6035 - autoencoder_loss: 1.5831 - kl_loss: 0.5832 - loss: 2.7318 - reconstruction_loss: 0.9999 - vc_loss: 3.2241 - weighted_kl_loss: 0.5832
Epoch 156/200
93/93 - 50s - 542ms/step - accuracy: 0.6086 - autoencoder_loss: 1.2806 - kl_loss: 0.2813 - loss: 2.8282 - reconstruction_loss: 0.9993 - vc_loss: 3.4915 - weighted_kl_loss: 0.2813
Epoch 167/200
93/93 - 51s - 549ms/step - accuracy: 0.6111 - autoencoder_loss: 1.4397 - kl_loss: 0.4401 - loss: 2.7796 - reconstruction_loss: 0.9996 - vc_loss: 3.3538 - weighted_kl_loss: 0.4401
Epoch 170/200
93/93 - 52s - 559ms/step - accuracy: 0.6187 - autoencoder_loss: 1.2663 - kl_loss: 0.2667 - loss: 2.7151 - reconstruction_loss: 0.9995 - vc_loss: 3.3360 - weighted_kl_loss: 0.2667
Epoch 161/200
93/93 - 51s - 549ms/step - accuracy: 0.6086 - autoencoder_loss: 1.2849 - kl_loss: 0.2853 - loss: 2.7338 - reconstruction_loss: 0.9996 - vc_loss: 3.3547 - weighted_kl_loss: 0.2853
Epoch 168/200
93/93 - 53s - 567ms/step - accuracy: 0.6035 - autoencoder_loss: 1.5754 - kl_loss: 0.5764 - loss: 2.7262 - reconstruction_loss: 0.9990 - vc_loss: 3.2193 - weighted_kl_loss: 0.5764
Epoch 157/200
93/93 - 51s - 552ms/step - accuracy: 0.6111 - autoencoder_loss: 1.4372 - kl_loss: 0.4374 - loss: 2.4401 - reconstruction_loss: 0.9998 - vc_loss: 2.8700 - weighted_kl_loss: 0.4374
Epoch 171/200
93/93 - 52s - 559ms/step - accuracy: 0.6187 - autoencoder_loss: 1.2439 - kl_loss: 0.2446 - loss: 3.1659 - reconstruction_loss: 0.9993 - vc_loss: 3.9896 - weighted_kl_loss: 0.2446
Epoch 162/200
93/93 - 52s - 555ms/step - accuracy: 0.6086 - autoencoder_loss: 1.2814 - kl_loss: 0.2823 - loss: 2.6535 - reconstruction_loss: 0.9992 - vc_loss: 3.2415 - weighted_kl_loss: 0.2823
Epoch 169/200
93/93 - 53s - 566ms/step - accuracy: 0.6035 - autoencoder_loss: 1.5796 - kl_loss: 0.5801 - loss: 2.5637 - reconstruction_loss: 0.9995 - vc_loss: 2.9854 - weighted_kl_loss: 0.5801
Epoch 158/200
93/93 - 51s - 553ms/step - accuracy: 0.6111 - autoencoder_loss: 1.4237 - kl_loss: 0.4242 - loss: 2.6963 - reconstruction_loss: 0.9995 - vc_loss: 3.2418 - weighted_kl_loss: 0.4242
Epoch 172/200
93/93 - 52s - 562ms/step - accuracy: 0.6187 - autoencoder_loss: 1.2221 - kl_loss: 0.2228 - loss: 2.5960 - reconstruction_loss: 0.9993 - vc_loss: 3.1848 - weighted_kl_loss: 0.2228
Epoch 163/200
93/93 - 51s - 543ms/step - accuracy: 0.6086 - autoencoder_loss: 1.2739 - kl_loss: 0.2739 - loss: 2.5649 - reconstruction_loss: 0.9999 - vc_loss: 3.1181 - weighted_kl_loss: 0.2739
Epoch 170/200
93/93 - 52s - 562ms/step - accuracy: 0.6035 - autoencoder_loss: 1.5838 - kl_loss: 0.5834 - loss: 3.0200 - reconstruction_loss: 1.0004 - vc_loss: 3.6355 - weighted_kl_loss: 0.5834
Epoch 159/200
93/93 - 51s - 551ms/step - accuracy: 0.6111 - autoencoder_loss: 1.4102 - kl_loss: 0.4112 - loss: 2.8284 - reconstruction_loss: 0.9990 - vc_loss: 3.4363 - weighted_kl_loss: 0.4112
Epoch 173/200
93/93 - 52s - 558ms/step - accuracy: 0.6187 - autoencoder_loss: 1.2529 - kl_loss: 0.2532 - loss: 2.7452 - reconstruction_loss: 0.9997 - vc_loss: 3.3848 - weighted_kl_loss: 0.2532
Epoch 164/200
93/93 - 51s - 549ms/step - accuracy: 0.6086 - autoencoder_loss: 1.2677 - kl_loss: 0.2680 - loss: 2.6384 - reconstruction_loss: 0.9997 - vc_loss: 3.2258 - weighted_kl_loss: 0.2680
Epoch 171/200
93/93 - 52s - 561ms/step - accuracy: 0.6035 - autoencoder_loss: 1.5744 - kl_loss: 0.5747 - loss: 2.6798 - reconstruction_loss: 0.9997 - vc_loss: 3.1535 - weighted_kl_loss: 0.5747
Epoch 160/200
93/93 - 51s - 553ms/step - accuracy: 0.6111 - autoencoder_loss: 1.4046 - kl_loss: 0.4041 - loss: 2.4947 - reconstruction_loss: 1.0005 - vc_loss: 2.9619 - weighted_kl_loss: 0.4041
Epoch 174/200
93/93 - 52s - 560ms/step - accuracy: 0.6187 - autoencoder_loss: 1.3586 - kl_loss: 0.3502 - loss: 2.8552 - reconstruction_loss: 1.0083 - vc_loss: 3.4967 - weighted_kl_loss: 0.3502
Epoch 165/200
93/93 - 52s - 556ms/step - accuracy: 0.6086 - autoencoder_loss: 1.2561 - kl_loss: 0.2567 - loss: 2.8939 - reconstruction_loss: 0.9994 - vc_loss: 3.5958 - weighted_kl_loss: 0.2567
Epoch 172/200
93/93 - 52s - 563ms/step - accuracy: 0.6035 - autoencoder_loss: 1.5640 - kl_loss: 0.5645 - loss: 2.9540 - reconstruction_loss: 0.9994 - vc_loss: 3.5497 - weighted_kl_loss: 0.5645
Epoch 161/200
93/93 - 51s - 550ms/step - accuracy: 0.6111 - autoencoder_loss: 1.4027 - kl_loss: 0.4031 - loss: 2.7151 - reconstruction_loss: 0.9996 - vc_loss: 3.2776 - weighted_kl_loss: 0.4031
Epoch 175/200
93/93 - 52s - 563ms/step - accuracy: 0.6187 - autoencoder_loss: 1.3270 - kl_loss: 0.3275 - loss: 3.1035 - reconstruction_loss: 0.9995 - vc_loss: 3.8648 - weighted_kl_loss: 0.3275
Epoch 166/200
93/93 - 51s - 551ms/step - accuracy: 0.6086 - autoencoder_loss: 1.2494 - kl_loss: 0.2500 - loss: 2.8098 - reconstruction_loss: 0.9994 - vc_loss: 3.4785 - weighted_kl_loss: 0.2500
Epoch 173/200
93/93 - 52s - 565ms/step - accuracy: 0.6035 - autoencoder_loss: 1.5584 - kl_loss: 0.5585 - loss: 2.6444 - reconstruction_loss: 0.9999 - vc_loss: 3.1098 - weighted_kl_loss: 0.5585
Epoch 162/200
93/93 - 51s - 545ms/step - accuracy: 0.6111 - autoencoder_loss: 1.3846 - kl_loss: 0.3851 - loss: 2.9284 - reconstruction_loss: 0.9995 - vc_loss: 3.5900 - weighted_kl_loss: 0.3851
Epoch 176/200
93/93 - 51s - 549ms/step - accuracy: 0.6086 - autoencoder_loss: 1.2427 - kl_loss: 0.2433 - loss: 2.8820 - reconstruction_loss: 0.9995 - vc_loss: 3.5845 - weighted_kl_loss: 0.2433
Epoch 174/200
93/93 - 52s - 556ms/step - accuracy: 0.6187 - autoencoder_loss: 1.3104 - kl_loss: 0.3095 - loss: 2.9191 - reconstruction_loss: 1.0008 - vc_loss: 3.6086 - weighted_kl_loss: 0.3095
Epoch 167/200
93/93 - 51s - 551ms/step - accuracy: 0.6035 - autoencoder_loss: 1.5460 - kl_loss: 0.5459 - loss: 3.1645 - reconstruction_loss: 1.0001 - vc_loss: 3.8582 - weighted_kl_loss: 0.5459
Epoch 163/200
93/93 - 51s - 544ms/step - accuracy: 0.6111 - autoencoder_loss: 1.3790 - kl_loss: 0.3793 - loss: 2.5958 - reconstruction_loss: 0.9997 - vc_loss: 3.1172 - weighted_kl_loss: 0.3793
Epoch 177/200
93/93 - 50s - 543ms/step - accuracy: 0.6086 - autoencoder_loss: 1.2372 - kl_loss: 0.2381 - loss: 2.8196 - reconstruction_loss: 0.9991 - vc_loss: 3.4977 - weighted_kl_loss: 0.2381
Epoch 175/200
93/93 - 52s - 557ms/step - accuracy: 0.6187 - autoencoder_loss: 1.2737 - kl_loss: 0.2720 - loss: 2.7123 - reconstruction_loss: 1.0017 - vc_loss: 3.3288 - weighted_kl_loss: 0.2720
Epoch 168/200
93/93 - 53s - 567ms/step - accuracy: 0.6035 - autoencoder_loss: 1.5336 - kl_loss: 0.5339 - loss: 2.7675 - reconstruction_loss: 0.9997 - vc_loss: 3.2963 - weighted_kl_loss: 0.5339
Epoch 164/200
93/93 - 52s - 558ms/step - accuracy: 0.6111 - autoencoder_loss: 1.3782 - kl_loss: 0.3785 - loss: 2.8242 - reconstruction_loss: 0.9997 - vc_loss: 3.4439 - weighted_kl_loss: 0.3785
Epoch 178/200
93/93 - 51s - 551ms/step - accuracy: 0.6086 - autoencoder_loss: 1.2335 - kl_loss: 0.2316 - loss: 2.8034 - reconstruction_loss: 1.0019 - vc_loss: 3.4762 - weighted_kl_loss: 0.2316
Epoch 176/200
93/93 - 52s - 563ms/step - accuracy: 0.6187 - autoencoder_loss: 1.2571 - kl_loss: 0.2571 - loss: 2.4537 - reconstruction_loss: 1.0000 - vc_loss: 2.9665 - weighted_kl_loss: 0.2571
Epoch 169/200
93/93 - 53s - 569ms/step - accuracy: 0.6035 - autoencoder_loss: 1.5295 - kl_loss: 0.5302 - loss: 3.4107 - reconstruction_loss: 0.9993 - vc_loss: 4.2170 - weighted_kl_loss: 0.5302
Epoch 165/200
93/93 - 51s - 553ms/step - accuracy: 0.6111 - autoencoder_loss: 1.3681 - kl_loss: 0.3687 - loss: 2.6859 - reconstruction_loss: 0.9994 - vc_loss: 3.2507 - weighted_kl_loss: 0.3687
Epoch 179/200
93/93 - 52s - 555ms/step - accuracy: 0.6086 - autoencoder_loss: 1.2222 - kl_loss: 0.2228 - loss: 2.9069 - reconstruction_loss: 0.9993 - vc_loss: 3.6289 - weighted_kl_loss: 0.2228
Epoch 177/200
93/93 - 52s - 556ms/step - accuracy: 0.6187 - autoencoder_loss: 1.2428 - kl_loss: 0.2437 - loss: 2.6807 - reconstruction_loss: 0.9991 - vc_loss: 3.2970 - weighted_kl_loss: 0.2437
Epoch 170/200
93/93 - 53s - 565ms/step - accuracy: 0.6035 - autoencoder_loss: 1.5226 - kl_loss: 0.5230 - loss: 2.7502 - reconstruction_loss: 0.9996 - vc_loss: 3.2763 - weighted_kl_loss: 0.5230
Epoch 166/200
93/93 - 51s - 551ms/step - accuracy: 0.6111 - autoencoder_loss: 1.4118 - kl_loss: 0.4123 - loss: 2.8374 - reconstruction_loss: 0.9995 - vc_loss: 3.4484 - weighted_kl_loss: 0.4123
Epoch 180/200
93/93 - 50s - 537ms/step - accuracy: 0.6086 - autoencoder_loss: 1.2149 - kl_loss: 0.2154 - loss: 2.7366 - reconstruction_loss: 0.9996 - vc_loss: 3.3887 - weighted_kl_loss: 0.2154
Epoch 178/200
93/93 - 51s - 553ms/step - accuracy: 0.6187 - autoencoder_loss: 1.2574 - kl_loss: 0.2574 - loss: 2.8074 - reconstruction_loss: 1.0000 - vc_loss: 3.4717 - weighted_kl_loss: 0.2574
Epoch 171/200
93/93 - 53s - 565ms/step - accuracy: 0.6035 - autoencoder_loss: 1.4946 - kl_loss: 0.4952 - loss: 2.7936 - reconstruction_loss: 0.9995 - vc_loss: 3.3503 - weighted_kl_loss: 0.4952
Epoch 167/200
93/93 - 51s - 552ms/step - accuracy: 0.6111 - autoencoder_loss: 1.3511 - kl_loss: 0.3511 - loss: 2.6218 - reconstruction_loss: 0.9999 - vc_loss: 3.1664 - weighted_kl_loss: 0.3511
Epoch 181/200
93/93 - 51s - 551ms/step - accuracy: 0.6086 - autoencoder_loss: 1.2066 - kl_loss: 0.2074 - loss: 2.9569 - reconstruction_loss: 0.9993 - vc_loss: 3.7071 - weighted_kl_loss: 0.2074
Epoch 179/200
93/93 - 52s - 557ms/step - accuracy: 0.6187 - autoencoder_loss: 1.2546 - kl_loss: 0.2548 - loss: 2.2712 - reconstruction_loss: 0.9999 - vc_loss: 2.7068 - weighted_kl_loss: 0.2548
Epoch 172/200
93/93 - 52s - 561ms/step - accuracy: 0.6035 - autoencoder_loss: 1.4653 - kl_loss: 0.4659 - loss: 2.7421 - reconstruction_loss: 0.9994 - vc_loss: 3.2894 - weighted_kl_loss: 0.4659
Epoch 168/200
93/93 - 52s - 557ms/step - accuracy: 0.6111 - autoencoder_loss: 1.3398 - kl_loss: 0.3399 - loss: 2.5959 - reconstruction_loss: 1.0000 - vc_loss: 3.1342 - weighted_kl_loss: 0.3399
Epoch 182/200
93/93 - 52s - 555ms/step - accuracy: 0.6086 - autoencoder_loss: 1.1988 - kl_loss: 0.1992 - loss: 2.5612 - reconstruction_loss: 0.9996 - vc_loss: 3.1451 - weighted_kl_loss: 0.1992
Epoch 180/200
93/93 - 52s - 555ms/step - accuracy: 0.6187 - autoencoder_loss: 1.2477 - kl_loss: 0.2483 - loss: 2.3517 - reconstruction_loss: 0.9994 - vc_loss: 2.8248 - weighted_kl_loss: 0.2483
Epoch 173/200
93/93 - 52s - 558ms/step - accuracy: 0.6035 - autoencoder_loss: 1.4667 - kl_loss: 0.4663 - loss: 2.8129 - reconstruction_loss: 1.0004 - vc_loss: 3.3898 - weighted_kl_loss: 0.4663
Epoch 169/200
93/93 - 51s - 547ms/step - accuracy: 0.6111 - autoencoder_loss: 1.3354 - kl_loss: 0.3355 - loss: 2.7571 - reconstruction_loss: 0.9999 - vc_loss: 3.3665 - weighted_kl_loss: 0.3355
Epoch 183/200
93/93 - 50s - 539ms/step - accuracy: 0.6086 - autoencoder_loss: 1.1943 - kl_loss: 0.1942 - loss: 3.0265 - reconstruction_loss: 1.0001 - vc_loss: 3.8117 - weighted_kl_loss: 0.1942
Epoch 181/200
93/93 - 51s - 547ms/step - accuracy: 0.6187 - autoencoder_loss: 1.2333 - kl_loss: 0.2334 - loss: 3.0540 - reconstruction_loss: 1.0000 - vc_loss: 3.8343 - weighted_kl_loss: 0.2334
Epoch 174/200
93/93 - 50s - 540ms/step - accuracy: 0.6035 - autoencoder_loss: 1.4629 - kl_loss: 0.4632 - loss: 3.1072 - reconstruction_loss: 0.9998 - vc_loss: 3.8119 - weighted_kl_loss: 0.4632
Epoch 170/200
93/93 - 49s - 529ms/step - accuracy: 0.6086 - autoencoder_loss: 1.1966 - kl_loss: 0.1972 - loss: 2.5095 - reconstruction_loss: 0.9994 - vc_loss: 3.0722 - weighted_kl_loss: 0.1972
Epoch 182/200
93/93 - 51s - 546ms/step - accuracy: 0.6187 - autoencoder_loss: 1.2143 - kl_loss: 0.2134 - loss: 2.6255 - reconstruction_loss: 1.0009 - vc_loss: 3.2302 - weighted_kl_loss: 0.2134
Epoch 175/200
93/93 - 81s - 872ms/step - accuracy: 0.6111 - autoencoder_loss: 1.3276 - kl_loss: 0.3284 - loss: 2.7537 - reconstruction_loss: 0.9992 - vc_loss: 3.3649 - weighted_kl_loss: 0.3284
Epoch 184/200
93/93 - 50s - 543ms/step - accuracy: 0.6035 - autoencoder_loss: 1.4579 - kl_loss: 0.4589 - loss: 2.9064 - reconstruction_loss: 0.9990 - vc_loss: 3.5272 - weighted_kl_loss: 0.4589
Epoch 171/200
93/93 - 51s - 551ms/step - accuracy: 0.6086 - autoencoder_loss: 1.1876 - kl_loss: 0.1881 - loss: 2.6818 - reconstruction_loss: 0.9995 - vc_loss: 3.3221 - weighted_kl_loss: 0.1881
Epoch 183/200
93/93 - 52s - 556ms/step - accuracy: 0.6187 - autoencoder_loss: 1.2039 - kl_loss: 0.2045 - loss: 2.6990 - reconstruction_loss: 0.9994 - vc_loss: 3.3397 - weighted_kl_loss: 0.2045
Epoch 176/200
93/93 - 51s - 553ms/step - accuracy: 0.6111 - autoencoder_loss: 1.3224 - kl_loss: 0.3226 - loss: 2.6080 - reconstruction_loss: 0.9998 - vc_loss: 3.1589 - weighted_kl_loss: 0.3226
Epoch 185/200
93/93 - 52s - 559ms/step - accuracy: 0.6035 - autoencoder_loss: 1.4486 - kl_loss: 0.4495 - loss: 2.8977 - reconstruction_loss: 0.9991 - vc_loss: 3.5187 - weighted_kl_loss: 0.4495
Epoch 172/200
93/93 - 52s - 555ms/step - accuracy: 0.6086 - autoencoder_loss: 1.2067 - kl_loss: 0.2074 - loss: 2.4269 - reconstruction_loss: 0.9993 - vc_loss: 2.9498 - weighted_kl_loss: 0.2074
Epoch 184/200
93/93 - 52s - 561ms/step - accuracy: 0.6187 - autoencoder_loss: 1.2001 - kl_loss: 0.2005 - loss: 2.2559 - reconstruction_loss: 0.9996 - vc_loss: 2.7084 - weighted_kl_loss: 0.2005
Epoch 177/200
93/93 - 52s - 557ms/step - accuracy: 0.6111 - autoencoder_loss: 1.3179 - kl_loss: 0.3179 - loss: 3.2419 - reconstruction_loss: 1.0000 - vc_loss: 4.0665 - weighted_kl_loss: 0.3179
Epoch 186/200
93/93 - 53s - 566ms/step - accuracy: 0.6035 - autoencoder_loss: 1.4407 - kl_loss: 0.4398 - loss: 2.7519 - reconstruction_loss: 1.0009 - vc_loss: 3.3138 - weighted_kl_loss: 0.4398
Epoch 173/200
93/93 - 51s - 551ms/step - accuracy: 0.6086 - autoencoder_loss: 1.3339 - kl_loss: 0.3342 - loss: 2.7093 - reconstruction_loss: 0.9997 - vc_loss: 3.2987 - weighted_kl_loss: 0.3342
Epoch 185/200
93/93 - 52s - 562ms/step - accuracy: 0.6187 - autoencoder_loss: 1.1962 - kl_loss: 0.1963 - loss: 2.3623 - reconstruction_loss: 0.9999 - vc_loss: 2.8620 - weighted_kl_loss: 0.1963
Epoch 178/200
93/93 - 52s - 559ms/step - accuracy: 0.6111 - autoencoder_loss: 1.3140 - kl_loss: 0.3120 - loss: 2.7263 - reconstruction_loss: 1.0020 - vc_loss: 3.3316 - weighted_kl_loss: 0.3120
Epoch 187/200
93/93 - 53s - 570ms/step - accuracy: 0.6035 - autoencoder_loss: 1.4336 - kl_loss: 0.4344 - loss: 2.6565 - reconstruction_loss: 0.9992 - vc_loss: 3.1806 - weighted_kl_loss: 0.4344
Epoch 174/200
93/93 - 51s - 547ms/step - accuracy: 0.6086 - autoencoder_loss: 1.3188 - kl_loss: 0.3181 - loss: 2.7182 - reconstruction_loss: 1.0007 - vc_loss: 3.3179 - weighted_kl_loss: 0.3181
Epoch 186/200
93/93 - 52s - 555ms/step - accuracy: 0.6187 - autoencoder_loss: 1.1907 - kl_loss: 0.1908 - loss: 2.8267 - reconstruction_loss: 0.9999 - vc_loss: 3.5278 - weighted_kl_loss: 0.1908
Epoch 179/200
93/93 - 51s - 548ms/step - accuracy: 0.6111 - autoencoder_loss: 1.3042 - kl_loss: 0.3046 - loss: 2.5936 - reconstruction_loss: 0.9996 - vc_loss: 3.1463 - weighted_kl_loss: 0.3046
Epoch 188/200
93/93 - 52s - 557ms/step - accuracy: 0.6035 - autoencoder_loss: 1.4305 - kl_loss: 0.4309 - loss: 2.8191 - reconstruction_loss: 0.9997 - vc_loss: 3.4142 - weighted_kl_loss: 0.4309
Epoch 175/200
93/93 - 50s - 542ms/step - accuracy: 0.6086 - autoencoder_loss: 1.3030 - kl_loss: 0.2999 - loss: 2.8903 - reconstruction_loss: 1.0032 - vc_loss: 3.5706 - weighted_kl_loss: 0.2999
Epoch 187/200
93/93 - 51s - 551ms/step - accuracy: 0.6187 - autoencoder_loss: 1.1833 - kl_loss: 0.1839 - loss: 2.5556 - reconstruction_loss: 0.9995 - vc_loss: 3.1437 - weighted_kl_loss: 0.1839
Epoch 180/200
93/93 - 50s - 542ms/step - accuracy: 0.6111 - autoencoder_loss: 1.3730 - kl_loss: 0.3732 - loss: 2.9817 - reconstruction_loss: 0.9998 - vc_loss: 3.6712 - weighted_kl_loss: 0.3732
Epoch 189/200
93/93 - 52s - 558ms/step - accuracy: 0.6035 - autoencoder_loss: 1.4200 - kl_loss: 0.4188 - loss: 3.0103 - reconstruction_loss: 1.0012 - vc_loss: 3.6918 - weighted_kl_loss: 0.4188
Epoch 176/200
93/93 - 50s - 539ms/step - accuracy: 0.6086 - autoencoder_loss: 1.2887 - kl_loss: 0.2892 - loss: 2.4108 - reconstruction_loss: 0.9995 - vc_loss: 2.8917 - weighted_kl_loss: 0.2892
Epoch 188/200
93/93 - 51s - 553ms/step - accuracy: 0.6187 - autoencoder_loss: 1.1785 - kl_loss: 0.1786 - loss: 2.0613 - reconstruction_loss: 0.9999 - vc_loss: 2.4396 - weighted_kl_loss: 0.1786
Epoch 181/200
93/93 - 52s - 554ms/step - accuracy: 0.6111 - autoencoder_loss: 1.3888 - kl_loss: 0.3883 - loss: 2.7673 - reconstruction_loss: 1.0005 - vc_loss: 3.3581 - weighted_kl_loss: 0.3883
Epoch 190/200
93/93 - 52s - 561ms/step - accuracy: 0.6035 - autoencoder_loss: 1.4104 - kl_loss: 0.4091 - loss: 2.9044 - reconstruction_loss: 1.0013 - vc_loss: 3.5447 - weighted_kl_loss: 0.4091
Epoch 177/200
93/93 - 52s - 557ms/step - accuracy: 0.6086 - autoencoder_loss: 1.2860 - kl_loss: 0.2863 - loss: 2.5679 - reconstruction_loss: 0.9997 - vc_loss: 3.1173 - weighted_kl_loss: 0.2863
Epoch 189/200
93/93 - 52s - 556ms/step - accuracy: 0.6187 - autoencoder_loss: 1.2305 - kl_loss: 0.2313 - loss: 2.4691 - reconstruction_loss: 0.9992 - vc_loss: 3.0000 - weighted_kl_loss: 0.2313
Epoch 182/200
93/93 - 52s - 555ms/step - accuracy: 0.6111 - autoencoder_loss: 1.3516 - kl_loss: 0.3520 - loss: 2.7792 - reconstruction_loss: 0.9997 - vc_loss: 3.3910 - weighted_kl_loss: 0.3520
Epoch 191/200
93/93 - 52s - 561ms/step - accuracy: 0.6035 - autoencoder_loss: 1.4017 - kl_loss: 0.4009 - loss: 2.7390 - reconstruction_loss: 1.0008 - vc_loss: 3.3122 - weighted_kl_loss: 0.4009
Epoch 178/200
93/93 - 51s - 547ms/step - accuracy: 0.6086 - autoencoder_loss: 1.2629 - kl_loss: 0.2632 - loss: 2.5546 - reconstruction_loss: 0.9997 - vc_loss: 3.1082 - weighted_kl_loss: 0.2632
Epoch 190/200
93/93 - 50s - 537ms/step - accuracy: 0.6187 - autoencoder_loss: 1.3623 - kl_loss: 0.3631 - loss: 2.9654 - reconstruction_loss: 0.9992 - vc_loss: 3.6525 - weighted_kl_loss: 0.3631
Epoch 183/200
93/93 - 50s - 543ms/step - accuracy: 0.6035 - autoencoder_loss: 1.3962 - kl_loss: 0.3960 - loss: 2.6591 - reconstruction_loss: 1.0002 - vc_loss: 3.2003 - weighted_kl_loss: 0.3960
Epoch 179/200
93/93 - 81s - 873ms/step - accuracy: 0.6111 - autoencoder_loss: 1.3279 - kl_loss: 0.3283 - loss: 2.6056 - reconstruction_loss: 0.9996 - vc_loss: 3.1532 - weighted_kl_loss: 0.3283
Epoch 192/200
93/93 - 49s - 531ms/step - accuracy: 0.6086 - autoencoder_loss: 1.2377 - kl_loss: 0.2373 - loss: 3.1613 - reconstruction_loss: 1.0004 - vc_loss: 3.9857 - weighted_kl_loss: 0.2373
Epoch 191/200
93/93 - 51s - 552ms/step - accuracy: 0.6187 - autoencoder_loss: 1.3405 - kl_loss: 0.3404 - loss: 2.8004 - reconstruction_loss: 1.0001 - vc_loss: 3.4261 - weighted_kl_loss: 0.3404
Epoch 184/200
93/93 - 51s - 550ms/step - accuracy: 0.6111 - autoencoder_loss: 1.3015 - kl_loss: 0.3012 - loss: 2.8909 - reconstruction_loss: 1.0003 - vc_loss: 3.5720 - weighted_kl_loss: 0.3012
Epoch 193/200
93/93 - 51s - 553ms/step - accuracy: 0.6086 - autoencoder_loss: 1.2217 - kl_loss: 0.2219 - loss: 2.3241 - reconstruction_loss: 0.9998 - vc_loss: 2.7965 - weighted_kl_loss: 0.2219
Epoch 192/200
93/93 - 84s - 905ms/step - accuracy: 0.6035 - autoencoder_loss: 1.3878 - kl_loss: 0.3882 - loss: 2.6974 - reconstruction_loss: 0.9996 - vc_loss: 3.2587 - weighted_kl_loss: 0.3882
Epoch 180/200
93/93 - 52s - 563ms/step - accuracy: 0.6187 - autoencoder_loss: 1.3261 - kl_loss: 0.3262 - loss: 2.2527 - reconstruction_loss: 0.9999 - vc_loss: 2.6498 - weighted_kl_loss: 0.3262
Epoch 185/200
93/93 - 51s - 548ms/step - accuracy: 0.6111 - autoencoder_loss: 1.2860 - kl_loss: 0.2866 - loss: 2.8598 - reconstruction_loss: 0.9994 - vc_loss: 3.5343 - weighted_kl_loss: 0.2866
Epoch 194/200
93/93 - 50s - 539ms/step - accuracy: 0.6086 - autoencoder_loss: 1.2125 - kl_loss: 0.2131 - loss: 2.5092 - reconstruction_loss: 0.9994 - vc_loss: 3.0649 - weighted_kl_loss: 0.2131
Epoch 193/200
93/93 - 51s - 545ms/step - accuracy: 0.6035 - autoencoder_loss: 1.3788 - kl_loss: 0.3793 - loss: 2.6810 - reconstruction_loss: 0.9995 - vc_loss: 3.2391 - weighted_kl_loss: 0.3793
Epoch 181/200
93/93 - 51s - 545ms/step - accuracy: 0.6187 - autoencoder_loss: 1.3078 - kl_loss: 0.3082 - loss: 2.7189 - reconstruction_loss: 0.9996 - vc_loss: 3.3236 - weighted_kl_loss: 0.3082
Epoch 186/200
93/93 - 51s - 551ms/step - accuracy: 0.6111 - autoencoder_loss: 1.2906 - kl_loss: 0.2910 - loss: 2.7074 - reconstruction_loss: 0.9996 - vc_loss: 3.3146 - weighted_kl_loss: 0.2910
Epoch 195/200
93/93 - 51s - 551ms/step - accuracy: 0.6086 - autoencoder_loss: 1.2058 - kl_loss: 0.2053 - loss: 2.4132 - reconstruction_loss: 1.0004 - vc_loss: 2.9307 - weighted_kl_loss: 0.2053
Epoch 194/200
93/93 - 52s - 564ms/step - accuracy: 0.6035 - autoencoder_loss: 1.3716 - kl_loss: 0.3722 - loss: 2.9126 - reconstruction_loss: 0.9994 - vc_loss: 3.5730 - weighted_kl_loss: 0.3722
Epoch 182/200
93/93 - 52s - 562ms/step - accuracy: 0.6187 - autoencoder_loss: 1.3073 - kl_loss: 0.3060 - loss: 2.7565 - reconstruction_loss: 1.0014 - vc_loss: 3.3776 - weighted_kl_loss: 0.3060
Epoch 187/200
93/93 - 52s - 555ms/step - accuracy: 0.6111 - autoencoder_loss: 1.2893 - kl_loss: 0.2903 - loss: 2.8393 - reconstruction_loss: 0.9990 - vc_loss: 3.5036 - weighted_kl_loss: 0.2903
Epoch 196/200
93/93 - 51s - 552ms/step - accuracy: 0.6086 - autoencoder_loss: 1.1946 - kl_loss: 0.1947 - loss: 2.3597 - reconstruction_loss: 0.9999 - vc_loss: 2.8590 - weighted_kl_loss: 0.1947
Epoch 195/200
93/93 - 51s - 554ms/step - accuracy: 0.6035 - autoencoder_loss: 1.3583 - kl_loss: 0.3590 - loss: 2.6144 - reconstruction_loss: 0.9993 - vc_loss: 3.1527 - weighted_kl_loss: 0.3590
Epoch 183/200
93/93 - 52s - 554ms/step - accuracy: 0.6187 - autoencoder_loss: 1.3111 - kl_loss: 0.3115 - loss: 2.6651 - reconstruction_loss: 0.9996 - vc_loss: 3.2454 - weighted_kl_loss: 0.3115
Epoch 188/200
93/93 - 50s - 541ms/step - accuracy: 0.6111 - autoencoder_loss: 1.2862 - kl_loss: 0.2871 - loss: 2.6244 - reconstruction_loss: 0.9991 - vc_loss: 3.1979 - weighted_kl_loss: 0.2871
Epoch 197/200
93/93 - 50s - 539ms/step - accuracy: 0.6086 - autoencoder_loss: 1.1916 - kl_loss: 0.1920 - loss: 2.7566 - reconstruction_loss: 0.9996 - vc_loss: 3.4274 - weighted_kl_loss: 0.1920
Epoch 196/200
93/93 - 52s - 554ms/step - accuracy: 0.6187 - autoencoder_loss: 1.2981 - kl_loss: 0.2982 - loss: 2.4292 - reconstruction_loss: 0.9999 - vc_loss: 2.9139 - weighted_kl_loss: 0.2982
Epoch 189/200
93/93 - 82s - 877ms/step - accuracy: 0.6035 - autoencoder_loss: 1.3542 - kl_loss: 0.3547 - loss: 2.6905 - reconstruction_loss: 0.9994 - vc_loss: 3.2632 - weighted_kl_loss: 0.3547
Epoch 184/200
93/93 - 50s - 543ms/step - accuracy: 0.6086 - autoencoder_loss: 1.1848 - kl_loss: 0.1851 - loss: 2.4852 - reconstruction_loss: 0.9997 - vc_loss: 3.0425 - weighted_kl_loss: 0.1851
Epoch 197/200
93/93 - 52s - 557ms/step - accuracy: 0.6111 - autoencoder_loss: 1.2790 - kl_loss: 0.2797 - loss: 2.7510 - reconstruction_loss: 0.9993 - vc_loss: 3.3818 - weighted_kl_loss: 0.2797
Epoch 198/200
93/93 - 52s - 558ms/step - accuracy: 0.6187 - autoencoder_loss: 1.2867 - kl_loss: 0.2872 - loss: 2.7617 - reconstruction_loss: 0.9995 - vc_loss: 3.3938 - weighted_kl_loss: 0.2872
Epoch 190/200
93/93 - 53s - 568ms/step - accuracy: 0.6035 - autoencoder_loss: 1.3520 - kl_loss: 0.3523 - loss: 2.6917 - reconstruction_loss: 0.9997 - vc_loss: 3.2659 - weighted_kl_loss: 0.3523
Epoch 185/200
93/93 - 51s - 550ms/step - accuracy: 0.6086 - autoencoder_loss: 1.1748 - kl_loss: 0.1755 - loss: 2.4321 - reconstruction_loss: 0.9993 - vc_loss: 2.9709 - weighted_kl_loss: 0.1755
Epoch 198/200
93/93 - 51s - 550ms/step - accuracy: 0.6111 - autoencoder_loss: 1.2635 - kl_loss: 0.2639 - loss: 2.9599 - reconstruction_loss: 0.9997 - vc_loss: 3.6869 - weighted_kl_loss: 0.2639
Epoch 199/200
93/93 - 52s - 556ms/step - accuracy: 0.6187 - autoencoder_loss: 1.2839 - kl_loss: 0.2841 - loss: 2.7351 - reconstruction_loss: 0.9998 - vc_loss: 3.3570 - weighted_kl_loss: 0.2841
Epoch 191/200
93/93 - 53s - 567ms/step - accuracy: 0.6035 - autoencoder_loss: 1.3461 - kl_loss: 0.3466 - loss: 2.5142 - reconstruction_loss: 0.9994 - vc_loss: 3.0149 - weighted_kl_loss: 0.3466
Epoch 186/200
93/93 - 50s - 542ms/step - accuracy: 0.6086 - autoencoder_loss: 1.1728 - kl_loss: 0.1724 - loss: 2.3616 - reconstruction_loss: 1.0003 - vc_loss: 2.8710 - weighted_kl_loss: 0.1724
Epoch 199/200
93/93 - 51s - 554ms/step - accuracy: 0.6111 - autoencoder_loss: 1.2751 - kl_loss: 0.2760 - loss: 2.7251 - reconstruction_loss: 0.9991 - vc_loss: 3.3465 - weighted_kl_loss: 0.2760
Epoch 200/200
93/93 - 51s - 546ms/step - accuracy: 0.6187 - autoencoder_loss: 1.2718 - kl_loss: 0.2724 - loss: 2.6939 - reconstruction_loss: 0.9994 - vc_loss: 3.3033 - weighted_kl_loss: 0.2724
Epoch 192/200
93/93 - 51s - 545ms/step - accuracy: 0.6086 - autoencoder_loss: 1.1689 - kl_loss: 0.1695 - loss: 2.7125 - reconstruction_loss: 0.9994 - vc_loss: 3.3741 - weighted_kl_loss: 0.1695
Epoch 200/200
93/93 - 50s - 534ms/step - accuracy: 0.6111 - autoencoder_loss: 1.2536 - kl_loss: 0.2539 - loss: 2.7435 - reconstruction_loss: 0.9997 - vc_loss: 3.3820 - weighted_kl_loss: 0.2539
93/93 - 51s - 546ms/step - accuracy: 0.6187 - autoencoder_loss: 1.2506 - kl_loss: 0.2511 - loss: 2.6380 - reconstruction_loss: 0.9995 - vc_loss: 3.2326 - weighted_kl_loss: 0.2511
Epoch 193/200

Fold 5 metrics (trial primary)
------------------------------
                    fold: 5
        evaluation_level: trial
               n_samples: 18
               n_windows: 270
                n_trials: 18
        keras_model_loss: 1174.876221
prediction_latent_samples: 10
                    loss: 0.668237
                accuracy: 0.611111
                      f1: 0.379310
               precision: 0.305556
                  recall: 0.500000
             window_loss: 0.668237
         window_accuracy: 0.611111
               window_f1: 0.379310
        window_precision: 0.305556
           window_recall: 0.500000
              trial_loss: 0.668237
          trial_accuracy: 0.611111
                trial_f1: 0.379310
         trial_precision: 0.305556
            trial_recall: 0.500000

Per-user metrics
----------------------------------------------------------------------------------------------------
  fold=5  subject=4  n=18  evaluation_level=trial  n_windows=270  n_trials=18  loss=0.668237  accuracy=0.611111  f1=0.379310  precision=0.305556  recall=0.500000  window_loss=0.668237  window_accuracy=0.611111  window_f1=0.379310  window_precision=0.305556  window_recall=0.500000  trial_loss=0.668237  trial_accuracy=0.611111  trial_f1=0.379310  trial_precision=0.305556  trial_recall=0.500000
93/93 - 82s - 877ms/step - accuracy: 0.6035 - autoencoder_loss: 1.3367 - kl_loss: 0.3362 - loss: 2.6952 - reconstruction_loss: 1.0005 - vc_loss: 3.2774 - weighted_kl_loss: 0.3362
Epoch 187/200

[Fold   9 / 23] LOSO test subject=8 (train=5940, test=270 windows)
Epoch 1/200
93/93 - 50s - 541ms/step - accuracy: 0.6086 - autoencoder_loss: 1.1594 - kl_loss: 0.1599 - loss: 2.7045 - reconstruction_loss: 0.9995 - vc_loss: 3.3668 - weighted_kl_loss: 0.1599
93/93 - 51s - 550ms/step - accuracy: 0.6187 - autoencoder_loss: 1.2304 - kl_loss: 0.2307 - loss: 2.3145 - reconstruction_loss: 0.9997 - vc_loss: 2.7791 - weighted_kl_loss: 0.2307
Epoch 194/200

Fold 6 metrics (trial primary)
------------------------------
                    fold: 6
        evaluation_level: trial
               n_samples: 18
               n_windows: 270
                n_trials: 18
        keras_model_loss: 865.742493
prediction_latent_samples: 10
                    loss: 0.643710
                accuracy: 0.666667
                      f1: 0.400000
               precision: 0.333333
                  recall: 0.500000
             window_loss: 0.643710
         window_accuracy: 0.666667
               window_f1: 0.400000
        window_precision: 0.333333
           window_recall: 0.500000
              trial_loss: 0.643710
          trial_accuracy: 0.666667
                trial_f1: 0.400000
         trial_precision: 0.333333
            trial_recall: 0.500000

Per-user metrics
----------------------------------------------------------------------------------------------------
  fold=6  subject=5  n=18  evaluation_level=trial  n_windows=270  n_trials=18  loss=0.643710  accuracy=0.666667  f1=0.400000  precision=0.333333  recall=0.500000  window_loss=0.643710  window_accuracy=0.666667  window_f1=0.400000  window_precision=0.333333  window_recall=0.500000  trial_loss=0.643710  trial_accuracy=0.666667  trial_f1=0.400000  trial_precision=0.333333  trial_recall=0.500000
93/93 - 52s - 555ms/step - accuracy: 0.6035 - autoencoder_loss: 1.3308 - kl_loss: 0.3310 - loss: 2.9711 - reconstruction_loss: 0.9998 - vc_loss: 3.6741 - weighted_kl_loss: 0.3310
Epoch 188/200

[Fold  10 / 23] LOSO test subject=9 (train=5940, test=270 windows)
Epoch 1/200
93/93 - 50s - 535ms/step - accuracy: 0.6187 - autoencoder_loss: 1.2176 - kl_loss: 0.2182 - loss: 2.3447 - reconstruction_loss: 0.9994 - vc_loss: 2.8278 - weighted_kl_loss: 0.2182
Epoch 195/200
93/93 - 50s - 536ms/step - accuracy: 0.6035 - autoencoder_loss: 1.3256 - kl_loss: 0.3240 - loss: 2.7906 - reconstruction_loss: 1.0016 - vc_loss: 3.4185 - weighted_kl_loss: 0.3240
Epoch 189/200
93/93 - 50s - 535ms/step - accuracy: 0.6187 - autoencoder_loss: 1.2031 - kl_loss: 0.2034 - loss: 3.0352 - reconstruction_loss: 0.9996 - vc_loss: 3.8205 - weighted_kl_loss: 0.2034
Epoch 196/200
93/93 - 52s - 556ms/step - accuracy: 0.6035 - autoencoder_loss: 1.3156 - kl_loss: 0.3159 - loss: 2.5133 - reconstruction_loss: 0.9997 - vc_loss: 3.0266 - weighted_kl_loss: 0.3159
Epoch 190/200
93/93 - 50s - 543ms/step - accuracy: 0.6187 - autoencoder_loss: 1.2059 - kl_loss: 0.1992 - loss: 2.5420 - reconstruction_loss: 1.0067 - vc_loss: 3.1147 - weighted_kl_loss: 0.1992
Epoch 197/200
93/93 - 51s - 551ms/step - accuracy: 0.6035 - autoencoder_loss: 1.2983 - kl_loss: 0.2990 - loss: 2.7587 - reconstruction_loss: 0.9993 - vc_loss: 3.3846 - weighted_kl_loss: 0.2990
Epoch 191/200
93/93 - 52s - 554ms/step - accuracy: 0.6187 - autoencoder_loss: 1.1884 - kl_loss: 0.1876 - loss: 2.6778 - reconstruction_loss: 1.0008 - vc_loss: 3.3161 - weighted_kl_loss: 0.1876
Epoch 198/200
93/93 - 52s - 562ms/step - accuracy: 0.6035 - autoencoder_loss: 1.2899 - kl_loss: 0.2899 - loss: 2.6840 - reconstruction_loss: 1.0000 - vc_loss: 3.2814 - weighted_kl_loss: 0.2899
Epoch 192/200
93/93 - 256s - 3s/step - accuracy: 0.5912 - autoencoder_loss: 70.5459 - kl_loss: 69.4335 - loss: 100.4240 - reconstruction_loss: 1.1124 - vc_loss: 113.2289 - weighted_kl_loss: 69.4335
Epoch 2/200
93/93 - 51s - 547ms/step - accuracy: 0.6187 - autoencoder_loss: 1.1906 - kl_loss: 0.1888 - loss: 2.2540 - reconstruction_loss: 1.0018 - vc_loss: 2.7098 - weighted_kl_loss: 0.1888
Epoch 199/200
93/93 - 51s - 551ms/step - accuracy: 0.6035 - autoencoder_loss: 1.2835 - kl_loss: 0.2832 - loss: 2.8060 - reconstruction_loss: 1.0003 - vc_loss: 3.4585 - weighted_kl_loss: 0.2832
Epoch 193/200
93/93 - 50s - 540ms/step - accuracy: 0.6061 - autoencoder_loss: 40.0901 - kl_loss: 39.0577 - loss: 35.4243 - reconstruction_loss: 1.0325 - vc_loss: 33.4246 - weighted_kl_loss: 39.0577
Epoch 3/200
93/93 - 261s - 3s/step - accuracy: 0.5650 - autoencoder_loss: 42.4305 - kl_loss: 41.3727 - loss: 120.4619 - reconstruction_loss: 1.0579 - vc_loss: 153.9039 - weighted_kl_loss: 41.3727
Epoch 2/200
93/93 - 50s - 542ms/step - accuracy: 0.6187 - autoencoder_loss: 1.1883 - kl_loss: 0.1890 - loss: 2.2820 - reconstruction_loss: 0.9994 - vc_loss: 2.7508 - weighted_kl_loss: 0.1890
Epoch 200/200
93/93 - 52s - 558ms/step - accuracy: 0.6035 - autoencoder_loss: 1.2790 - kl_loss: 0.2785 - loss: 2.8336 - reconstruction_loss: 1.0004 - vc_loss: 3.4999 - weighted_kl_loss: 0.2785
Epoch 194/200
93/93 - 51s - 550ms/step - accuracy: 0.6061 - autoencoder_loss: 26.9258 - kl_loss: 25.9122 - loss: 29.2220 - reconstruction_loss: 1.0135 - vc_loss: 30.2061 - weighted_kl_loss: 25.9122
Epoch 4/200
93/93 - 52s - 556ms/step - accuracy: 0.6035 - autoencoder_loss: 39.6996 - kl_loss: 38.6844 - loss: 35.3384 - reconstruction_loss: 1.0152 - vc_loss: 33.4693 - weighted_kl_loss: 38.6844
Epoch 3/200
93/93 - 51s - 553ms/step - accuracy: 0.6187 - autoencoder_loss: 1.1818 - kl_loss: 0.1824 - loss: 2.2769 - reconstruction_loss: 0.9994 - vc_loss: 2.7462 - weighted_kl_loss: 0.1824
93/93 - 51s - 553ms/step - accuracy: 0.6035 - autoencoder_loss: 1.2712 - kl_loss: 0.2716 - loss: 2.3128 - reconstruction_loss: 0.9997 - vc_loss: 2.7592 - weighted_kl_loss: 0.2716
Epoch 195/200

Fold 7 metrics (trial primary)
------------------------------
                    fold: 7
        evaluation_level: trial
               n_samples: 18
               n_windows: 270
                n_trials: 18
        keras_model_loss: 69.365883
prediction_latent_samples: 10
                    loss: 0.748409
                accuracy: 0.444444
                      f1: 0.307692
               precision: 0.222222
                  recall: 0.500000
             window_loss: 0.748411
         window_accuracy: 0.444444
               window_f1: 0.307692
        window_precision: 0.222222
           window_recall: 0.500000
              trial_loss: 0.748409
          trial_accuracy: 0.444444
                trial_f1: 0.307692
         trial_precision: 0.222222
            trial_recall: 0.500000

Per-user metrics
----------------------------------------------------------------------------------------------------
  fold=7  subject=6  n=18  evaluation_level=trial  n_windows=270  n_trials=18  loss=0.748409  accuracy=0.444444  f1=0.307692  precision=0.222222  recall=0.500000  window_loss=0.748411  window_accuracy=0.444444  window_f1=0.307692  window_precision=0.222222  window_recall=0.500000  trial_loss=0.748409  trial_accuracy=0.444444  trial_f1=0.307692  trial_precision=0.222222  trial_recall=0.500000

[Fold  11 / 23] LOSO test subject=10 (train=5940, test=270 windows)
93/93 - 51s - 548ms/step - accuracy: 0.6061 - autoencoder_loss: 19.1804 - kl_loss: 18.1729 - loss: 23.8936 - reconstruction_loss: 1.0075 - vc_loss: 25.9135 - weighted_kl_loss: 18.1729
Epoch 5/200
93/93 - 50s - 539ms/step - accuracy: 0.6035 - autoencoder_loss: 28.2943 - kl_loss: 27.2868 - loss: 27.4377 - reconstruction_loss: 1.0075 - vc_loss: 27.0706 - weighted_kl_loss: 27.2868
Epoch 4/200
Epoch 1/200
93/93 - 48s - 514ms/step - accuracy: 0.6035 - autoencoder_loss: 1.2654 - kl_loss: 0.2659 - loss: 2.5136 - reconstruction_loss: 0.9994 - vc_loss: 3.0485 - weighted_kl_loss: 0.2659
Epoch 196/200
93/93 - 47s - 506ms/step - accuracy: 0.6061 - autoencoder_loss: 17.3799 - kl_loss: 16.3742 - loss: 21.0538 - reconstruction_loss: 1.0056 - vc_loss: 22.6283 - weighted_kl_loss: 16.3742
Epoch 6/200
93/93 - 51s - 546ms/step - accuracy: 0.6035 - autoencoder_loss: 1.2604 - kl_loss: 0.2594 - loss: 2.7632 - reconstruction_loss: 1.0010 - vc_loss: 3.4072 - weighted_kl_loss: 0.2594
Epoch 197/200
93/93 - 83s - 893ms/step - accuracy: 0.6035 - autoencoder_loss: 21.8209 - kl_loss: 20.8176 - loss: 23.2370 - reconstruction_loss: 1.0033 - vc_loss: 23.8439 - weighted_kl_loss: 20.8176
Epoch 5/200
93/93 - 51s - 544ms/step - accuracy: 0.6061 - autoencoder_loss: 15.8845 - kl_loss: 14.8825 - loss: 18.0437 - reconstruction_loss: 1.0021 - vc_loss: 18.9691 - weighted_kl_loss: 14.8825
Epoch 7/200
93/93 - 50s - 539ms/step - accuracy: 0.6035 - autoencoder_loss: 1.2513 - kl_loss: 0.2518 - loss: 2.4444 - reconstruction_loss: 0.9995 - vc_loss: 2.9558 - weighted_kl_loss: 0.2518
Epoch 198/200
93/93 - 49s - 531ms/step - accuracy: 0.6035 - autoencoder_loss: 18.1563 - kl_loss: 17.1557 - loss: 21.6669 - reconstruction_loss: 1.0006 - vc_loss: 23.1715 - weighted_kl_loss: 17.1557
Epoch 6/200
93/93 - 50s - 537ms/step - accuracy: 0.6061 - autoencoder_loss: 13.5510 - kl_loss: 12.5504 - loss: 17.6156 - reconstruction_loss: 1.0006 - vc_loss: 19.3575 - weighted_kl_loss: 12.5504
Epoch 8/200
93/93 - 50s - 540ms/step - accuracy: 0.6035 - autoencoder_loss: 1.2478 - kl_loss: 0.2479 - loss: 2.6975 - reconstruction_loss: 0.9999 - vc_loss: 3.3188 - weighted_kl_loss: 0.2479
Epoch 199/200
93/93 - 50s - 536ms/step - accuracy: 0.6035 - autoencoder_loss: 16.4620 - kl_loss: 15.4630 - loss: 20.9836 - reconstruction_loss: 0.9990 - vc_loss: 22.9214 - weighted_kl_loss: 15.4630
Epoch 7/200
93/93 - 49s - 530ms/step - accuracy: 0.6061 - autoencoder_loss: 12.5515 - kl_loss: 11.5511 - loss: 15.7556 - reconstruction_loss: 1.0004 - vc_loss: 17.1289 - weighted_kl_loss: 11.5511
Epoch 9/200
93/93 - 52s - 555ms/step - accuracy: 0.6035 - autoencoder_loss: 1.2406 - kl_loss: 0.2410 - loss: 2.5725 - reconstruction_loss: 0.9996 - vc_loss: 3.1433 - weighted_kl_loss: 0.2410
Epoch 200/200
93/93 - 51s - 547ms/step - accuracy: 0.6035 - autoencoder_loss: 15.3903 - kl_loss: 14.3907 - loss: 18.7660 - reconstruction_loss: 0.9995 - vc_loss: 20.2128 - weighted_kl_loss: 14.3907
Epoch 8/200
93/93 - 50s - 534ms/step - accuracy: 0.6061 - autoencoder_loss: 11.2614 - kl_loss: 10.2608 - loss: 13.6760 - reconstruction_loss: 1.0006 - vc_loss: 14.7108 - weighted_kl_loss: 10.2608
Epoch 10/200
93/93 - 257s - 3s/step - accuracy: 0.5152 - autoencoder_loss: 68.0873 - kl_loss: 66.9147 - loss: 108.3826 - reconstruction_loss: 1.1726 - vc_loss: 125.6520 - weighted_kl_loss: 66.9147
Epoch 2/200
93/93 - 51s - 546ms/step - accuracy: 0.6035 - autoencoder_loss: 1.2359 - kl_loss: 0.2368 - loss: 2.6989 - reconstruction_loss: 0.9991 - vc_loss: 3.3259 - weighted_kl_loss: 0.2368
93/93 - 51s - 547ms/step - accuracy: 0.6035 - autoencoder_loss: 13.9255 - kl_loss: 12.9272 - loss: 15.9186 - reconstruction_loss: 0.9983 - vc_loss: 16.7728 - weighted_kl_loss: 12.9272
Epoch 9/200
93/93 - 49s - 529ms/step - accuracy: 0.6061 - autoencoder_loss: 10.7779 - kl_loss: 9.7762 - loss: 12.3451 - reconstruction_loss: 1.0017 - vc_loss: 13.0168 - weighted_kl_loss: 9.7762
Epoch 11/200

Fold 8 metrics (trial primary)
------------------------------
                    fold: 8
        evaluation_level: trial
               n_samples: 18
               n_windows: 270
                n_trials: 18
        keras_model_loss: 1225.833252
prediction_latent_samples: 10
                    loss: 0.598471
                accuracy: 0.777778
                      f1: 0.437500
               precision: 0.388889
                  recall: 0.500000
             window_loss: 0.598472
         window_accuracy: 0.777778
               window_f1: 0.437500
        window_precision: 0.388889
           window_recall: 0.500000
              trial_loss: 0.598471
          trial_accuracy: 0.777778
                trial_f1: 0.437500
         trial_precision: 0.388889
            trial_recall: 0.500000

Per-user metrics
----------------------------------------------------------------------------------------------------
  fold=8  subject=7  n=18  evaluation_level=trial  n_windows=270  n_trials=18  loss=0.598471  accuracy=0.777778  f1=0.437500  precision=0.388889  recall=0.500000  window_loss=0.598472  window_accuracy=0.777778  window_f1=0.437500  window_precision=0.388889  window_recall=0.500000  trial_loss=0.598471  trial_accuracy=0.777778  trial_f1=0.437500  trial_precision=0.388889  trial_recall=0.500000

[Fold  12 / 23] LOSO test subject=11 (train=5940, test=270 windows)
93/93 - 52s - 556ms/step - accuracy: 0.5923 - autoencoder_loss: 50.1771 - kl_loss: 49.1253 - loss: 36.1179 - reconstruction_loss: 1.0518 - vc_loss: 30.0926 - weighted_kl_loss: 49.1253
Epoch 3/200
Epoch 1/200
93/93 - 50s - 538ms/step - accuracy: 0.6035 - autoencoder_loss: 12.6478 - kl_loss: 11.6488 - loss: 14.3104 - reconstruction_loss: 0.9990 - vc_loss: 15.0230 - weighted_kl_loss: 11.6488
Epoch 10/200
93/93 - 50s - 533ms/step - accuracy: 0.6061 - autoencoder_loss: 10.2835 - kl_loss: 9.2830 - loss: 12.2909 - reconstruction_loss: 1.0005 - vc_loss: 13.1512 - weighted_kl_loss: 9.2830
Epoch 12/200
93/93 - 51s - 544ms/step - accuracy: 0.6157 - autoencoder_loss: 32.2597 - kl_loss: 31.2381 - loss: 25.8143 - reconstruction_loss: 1.0216 - vc_loss: 23.0520 - weighted_kl_loss: 31.2381
Epoch 4/200
93/93 - 51s - 550ms/step - accuracy: 0.6035 - autoencoder_loss: 11.7580 - kl_loss: 10.7595 - loss: 13.2284 - reconstruction_loss: 0.9985 - vc_loss: 13.8586 - weighted_kl_loss: 10.7595
Epoch 11/200
93/93 - 51s - 547ms/step - accuracy: 0.6061 - autoencoder_loss: 9.5687 - kl_loss: 8.5675 - loss: 11.1329 - reconstruction_loss: 1.0011 - vc_loss: 11.8033 - weighted_kl_loss: 8.5675
Epoch 13/200
93/93 - 50s - 541ms/step - accuracy: 0.6162 - autoencoder_loss: 24.4497 - kl_loss: 23.4390 - loss: 21.2896 - reconstruction_loss: 1.0107 - vc_loss: 19.9353 - weighted_kl_loss: 23.4390
Epoch 5/200
93/93 - 50s - 533ms/step - accuracy: 0.6035 - autoencoder_loss: 10.9176 - kl_loss: 9.9191 - loss: 13.2374 - reconstruction_loss: 0.9985 - vc_loss: 14.2316 - weighted_kl_loss: 9.9191
Epoch 12/200
93/93 - 50s - 535ms/step - accuracy: 0.6061 - autoencoder_loss: 9.2135 - kl_loss: 8.2140 - loss: 10.1854 - reconstruction_loss: 0.9995 - vc_loss: 10.6019 - weighted_kl_loss: 8.2140
Epoch 14/200
93/93 - 51s - 547ms/step - accuracy: 0.6162 - autoencoder_loss: 19.7029 - kl_loss: 18.6979 - loss: 18.4313 - reconstruction_loss: 1.0051 - vc_loss: 17.8863 - weighted_kl_loss: 18.6979
Epoch 6/200
93/93 - 51s - 550ms/step - accuracy: 0.6035 - autoencoder_loss: 10.2120 - kl_loss: 9.2130 - loss: 12.0793 - reconstruction_loss: 0.9991 - vc_loss: 12.8795 - weighted_kl_loss: 9.2130
Epoch 13/200
93/93 - 50s - 532ms/step - accuracy: 0.6061 - autoencoder_loss: 8.9967 - kl_loss: 7.9965 - loss: 10.1078 - reconstruction_loss: 1.0002 - vc_loss: 10.5840 - weighted_kl_loss: 7.9965
Epoch 15/200
93/93 - 52s - 563ms/step - accuracy: 0.6162 - autoencoder_loss: 17.1275 - kl_loss: 16.1245 - loss: 16.0164 - reconstruction_loss: 1.0030 - vc_loss: 15.5403 - weighted_kl_loss: 16.1245
Epoch 7/200
93/93 - 52s - 562ms/step - accuracy: 0.6035 - autoencoder_loss: 9.4617 - kl_loss: 8.4636 - loss: 11.6187 - reconstruction_loss: 0.9981 - vc_loss: 12.5431 - weighted_kl_loss: 8.4636
Epoch 14/200
93/93 - 52s - 558ms/step - accuracy: 0.6061 - autoencoder_loss: 8.2759 - kl_loss: 7.2758 - loss: 8.9208 - reconstruction_loss: 1.0000 - vc_loss: 9.1972 - weighted_kl_loss: 7.2758
Epoch 16/200
93/93 - 52s - 560ms/step - accuracy: 0.6162 - autoencoder_loss: 16.1498 - kl_loss: 15.1469 - loss: 15.2416 - reconstruction_loss: 1.0029 - vc_loss: 14.8524 - weighted_kl_loss: 15.1469
Epoch 8/200
93/93 - 260s - 3s/step - accuracy: 0.5880 - autoencoder_loss: 37.5930 - kl_loss: 36.5103 - loss: 112.7982 - reconstruction_loss: 1.0828 - vc_loss: 145.0290 - weighted_kl_loss: 36.5103
Epoch 2/200
93/93 - 51s - 553ms/step - accuracy: 0.6035 - autoencoder_loss: 9.4223 - kl_loss: 8.4170 - loss: 11.7016 - reconstruction_loss: 1.0053 - vc_loss: 12.6785 - weighted_kl_loss: 8.4170
Epoch 15/200
93/93 - 51s - 546ms/step - accuracy: 0.6061 - autoencoder_loss: 7.7580 - kl_loss: 6.7586 - loss: 8.2945 - reconstruction_loss: 0.9994 - vc_loss: 8.5244 - weighted_kl_loss: 6.7586
Epoch 17/200
93/93 - 52s - 557ms/step - accuracy: 0.6162 - autoencoder_loss: 14.6145 - kl_loss: 13.6133 - loss: 14.4333 - reconstruction_loss: 1.0012 - vc_loss: 14.3556 - weighted_kl_loss: 13.6133
Epoch 9/200
93/93 - 53s - 567ms/step - accuracy: 0.6061 - autoencoder_loss: 33.3116 - kl_loss: 32.2914 - loss: 32.3019 - reconstruction_loss: 1.0202 - vc_loss: 31.8691 - weighted_kl_loss: 32.2914
Epoch 3/200
93/93 - 52s - 558ms/step - accuracy: 0.6035 - autoencoder_loss: 9.1219 - kl_loss: 8.1229 - loss: 10.3628 - reconstruction_loss: 0.9990 - vc_loss: 10.8946 - weighted_kl_loss: 8.1229
Epoch 16/200
93/93 - 52s - 556ms/step - accuracy: 0.6061 - autoencoder_loss: 7.2198 - kl_loss: 6.2190 - loss: 8.1519 - reconstruction_loss: 1.0008 - vc_loss: 8.5514 - weighted_kl_loss: 6.2190
Epoch 18/200
93/93 - 52s - 560ms/step - accuracy: 0.6162 - autoencoder_loss: 13.0567 - kl_loss: 12.0557 - loss: 13.2860 - reconstruction_loss: 1.0010 - vc_loss: 13.3842 - weighted_kl_loss: 12.0557
Epoch 10/200
93/93 - 52s - 561ms/step - accuracy: 0.6061 - autoencoder_loss: 24.4798 - kl_loss: 23.4711 - loss: 27.1195 - reconstruction_loss: 1.0088 - vc_loss: 28.2507 - weighted_kl_loss: 23.4711
Epoch 4/200
93/93 - 51s - 552ms/step - accuracy: 0.6035 - autoencoder_loss: 9.0726 - kl_loss: 8.0742 - loss: 10.1285 - reconstruction_loss: 0.9984 - vc_loss: 10.5811 - weighted_kl_loss: 8.0742
Epoch 17/200
93/93 - 50s - 540ms/step - accuracy: 0.6061 - autoencoder_loss: 6.9168 - kl_loss: 5.9173 - loss: 7.3504 - reconstruction_loss: 0.9995 - vc_loss: 7.5362 - weighted_kl_loss: 5.9173
Epoch 19/200
93/93 - 51s - 547ms/step - accuracy: 0.6162 - autoencoder_loss: 11.8842 - kl_loss: 10.8812 - loss: 12.4472 - reconstruction_loss: 1.0030 - vc_loss: 12.6885 - weighted_kl_loss: 10.8812
Epoch 11/200
93/93 - 52s - 562ms/step - accuracy: 0.6061 - autoencoder_loss: 18.3331 - kl_loss: 17.3286 - loss: 20.8486 - reconstruction_loss: 1.0044 - vc_loss: 21.9267 - weighted_kl_loss: 17.3286
Epoch 5/200
93/93 - 51s - 543ms/step - accuracy: 0.6035 - autoencoder_loss: 8.9465 - kl_loss: 7.9484 - loss: 9.1760 - reconstruction_loss: 0.9981 - vc_loss: 9.2744 - weighted_kl_loss: 7.9484
Epoch 18/200
93/93 - 51s - 551ms/step - accuracy: 0.6061 - autoencoder_loss: 6.4132 - kl_loss: 5.4126 - loss: 7.2570 - reconstruction_loss: 1.0007 - vc_loss: 7.6187 - weighted_kl_loss: 5.4126
Epoch 20/200
93/93 - 51s - 549ms/step - accuracy: 0.6162 - autoencoder_loss: 11.4831 - kl_loss: 10.4830 - loss: 13.0771 - reconstruction_loss: 1.0001 - vc_loss: 13.7602 - weighted_kl_loss: 10.4830
Epoch 12/200
93/93 - 50s - 535ms/step - accuracy: 0.6035 - autoencoder_loss: 8.7602 - kl_loss: 7.7620 - loss: 8.9860 - reconstruction_loss: 0.9981 - vc_loss: 9.0827 - weighted_kl_loss: 7.7620
Epoch 19/200
93/93 - 48s - 515ms/step - accuracy: 0.6061 - autoencoder_loss: 6.1621 - kl_loss: 5.1625 - loss: 7.1741 - reconstruction_loss: 0.9996 - vc_loss: 7.6078 - weighted_kl_loss: 5.1625
Epoch 21/200
93/93 - 80s - 860ms/step - accuracy: 0.6061 - autoencoder_loss: 15.2281 - kl_loss: 14.2253 - loss: 17.4026 - reconstruction_loss: 1.0029 - vc_loss: 18.3345 - weighted_kl_loss: 14.2253
Epoch 6/200
93/93 - 51s - 543ms/step - accuracy: 0.6162 - autoencoder_loss: 10.9176 - kl_loss: 9.9170 - loss: 13.1911 - reconstruction_loss: 1.0006 - vc_loss: 14.1655 - weighted_kl_loss: 9.9170
Epoch 13/200
93/93 - 49s - 526ms/step - accuracy: 0.6061 - autoencoder_loss: 6.2648 - kl_loss: 5.2648 - loss: 8.3190 - reconstruction_loss: 1.0000 - vc_loss: 9.1994 - weighted_kl_loss: 5.2648
Epoch 22/200
93/93 - 51s - 548ms/step - accuracy: 0.6035 - autoencoder_loss: 8.7154 - kl_loss: 7.7170 - loss: 14.0007 - reconstruction_loss: 0.9984 - vc_loss: 16.2658 - weighted_kl_loss: 7.7170
Epoch 20/200
93/93 - 52s - 558ms/step - accuracy: 0.6061 - autoencoder_loss: 12.7292 - kl_loss: 11.7284 - loss: 15.3743 - reconstruction_loss: 1.0008 - vc_loss: 16.5079 - weighted_kl_loss: 11.7284
Epoch 7/200
93/93 - 52s - 555ms/step - accuracy: 0.6162 - autoencoder_loss: 10.2383 - kl_loss: 9.2369 - loss: 11.4543 - reconstruction_loss: 1.0014 - vc_loss: 11.9754 - weighted_kl_loss: 9.2369
Epoch 14/200
93/93 - 52s - 556ms/step - accuracy: 0.6061 - autoencoder_loss: 5.9576 - kl_loss: 4.9579 - loss: 6.6703 - reconstruction_loss: 0.9998 - vc_loss: 6.9758 - weighted_kl_loss: 4.9579
Epoch 23/200
93/93 - 52s - 560ms/step - accuracy: 0.6035 - autoencoder_loss: 8.5212 - kl_loss: 7.5243 - loss: 10.6423 - reconstruction_loss: 0.9969 - vc_loss: 11.5514 - weighted_kl_loss: 7.5243
Epoch 21/200
93/93 - 53s - 567ms/step - accuracy: 0.6061 - autoencoder_loss: 12.4324 - kl_loss: 11.4321 - loss: 18.7728 - reconstruction_loss: 1.0003 - vc_loss: 21.4901 - weighted_kl_loss: 11.4321
Epoch 8/200
93/93 - 51s - 553ms/step - accuracy: 0.6162 - autoencoder_loss: 9.6348 - kl_loss: 8.6344 - loss: 11.5832 - reconstruction_loss: 1.0004 - vc_loss: 12.4182 - weighted_kl_loss: 8.6344
Epoch 15/200
93/93 - 51s - 545ms/step - accuracy: 0.6061 - autoencoder_loss: 5.7939 - kl_loss: 4.7942 - loss: 6.8739 - reconstruction_loss: 0.9996 - vc_loss: 7.3368 - weighted_kl_loss: 4.7942
Epoch 24/200
93/93 - 51s - 547ms/step - accuracy: 0.6035 - autoencoder_loss: 8.3584 - kl_loss: 7.3620 - loss: 8.6422 - reconstruction_loss: 0.9964 - vc_loss: 8.7639 - weighted_kl_loss: 7.3620
Epoch 22/200
93/93 - 52s - 563ms/step - accuracy: 0.6061 - autoencoder_loss: 12.5533 - kl_loss: 11.5528 - loss: 14.7047 - reconstruction_loss: 1.0005 - vc_loss: 15.6267 - weighted_kl_loss: 11.5528
Epoch 9/200
93/93 - 50s - 541ms/step - accuracy: 0.6162 - autoencoder_loss: 9.0741 - kl_loss: 8.0740 - loss: 10.6375 - reconstruction_loss: 1.0001 - vc_loss: 11.3074 - weighted_kl_loss: 8.0740
Epoch 16/200
93/93 - 50s - 541ms/step - accuracy: 0.6061 - autoencoder_loss: 5.4933 - kl_loss: 4.4934 - loss: 7.3147 - reconstruction_loss: 0.9999 - vc_loss: 8.0953 - weighted_kl_loss: 4.4934
Epoch 25/200
93/93 - 51s - 547ms/step - accuracy: 0.6035 - autoencoder_loss: 8.2103 - kl_loss: 7.2141 - loss: 9.1077 - reconstruction_loss: 0.9962 - vc_loss: 9.4923 - weighted_kl_loss: 7.2141
Epoch 23/200
93/93 - 52s - 563ms/step - accuracy: 0.6061 - autoencoder_loss: 13.2107 - kl_loss: 12.2094 - loss: 14.2179 - reconstruction_loss: 1.0013 - vc_loss: 14.6496 - weighted_kl_loss: 12.2094
Epoch 10/200
93/93 - 52s - 564ms/step - accuracy: 0.6162 - autoencoder_loss: 8.8065 - kl_loss: 7.8065 - loss: 10.5891 - reconstruction_loss: 0.9999 - vc_loss: 11.3531 - weighted_kl_loss: 7.8065
Epoch 17/200
93/93 - 51s - 545ms/step - accuracy: 0.6061 - autoencoder_loss: 6.5514 - kl_loss: 5.5518 - loss: 14.2776 - reconstruction_loss: 0.9996 - vc_loss: 17.5888 - weighted_kl_loss: 5.5518
Epoch 26/200
93/93 - 51s - 545ms/step - accuracy: 0.6035 - autoencoder_loss: 8.0902 - kl_loss: 7.0950 - loss: 7.9594 - reconstruction_loss: 0.9951 - vc_loss: 7.9034 - weighted_kl_loss: 7.0950
Epoch 24/200
93/93 - 52s - 561ms/step - accuracy: 0.6061 - autoencoder_loss: 12.9231 - kl_loss: 11.9211 - loss: 13.4031 - reconstruction_loss: 1.0019 - vc_loss: 13.6088 - weighted_kl_loss: 11.9211
Epoch 11/200
93/93 - 51s - 552ms/step - accuracy: 0.6162 - autoencoder_loss: 8.3195 - kl_loss: 7.3196 - loss: 8.3757 - reconstruction_loss: 0.9999 - vc_loss: 8.3998 - weighted_kl_loss: 7.3196
Epoch 18/200
93/93 - 50s - 540ms/step - accuracy: 0.6061 - autoencoder_loss: 7.2319 - kl_loss: 6.2310 - loss: 9.4265 - reconstruction_loss: 1.0009 - vc_loss: 10.3671 - weighted_kl_loss: 6.2310
Epoch 27/200
93/93 - 51s - 545ms/step - accuracy: 0.6035 - autoencoder_loss: 8.0103 - kl_loss: 7.0159 - loss: 7.5819 - reconstruction_loss: 0.9945 - vc_loss: 7.3983 - weighted_kl_loss: 7.0159
Epoch 25/200
93/93 - 52s - 559ms/step - accuracy: 0.6061 - autoencoder_loss: 12.1774 - kl_loss: 11.1781 - loss: 11.8301 - reconstruction_loss: 0.9993 - vc_loss: 11.6813 - weighted_kl_loss: 11.1781
Epoch 12/200
93/93 - 51s - 548ms/step - accuracy: 0.6162 - autoencoder_loss: 8.0037 - kl_loss: 7.0034 - loss: 8.7442 - reconstruction_loss: 1.0003 - vc_loss: 9.0615 - weighted_kl_loss: 7.0034
Epoch 19/200
93/93 - 51s - 547ms/step - accuracy: 0.6061 - autoencoder_loss: 7.1561 - kl_loss: 6.1487 - loss: 8.4367 - reconstruction_loss: 1.0074 - vc_loss: 8.9855 - weighted_kl_loss: 6.1487
Epoch 28/200
93/93 - 51s - 548ms/step - accuracy: 0.6035 - autoencoder_loss: 7.8236 - kl_loss: 6.8272 - loss: 7.1216 - reconstruction_loss: 0.9963 - vc_loss: 6.8207 - weighted_kl_loss: 6.8272
Epoch 26/200
93/93 - 51s - 553ms/step - accuracy: 0.6061 - autoencoder_loss: 11.3264 - kl_loss: 10.3262 - loss: 10.9628 - reconstruction_loss: 1.0002 - vc_loss: 10.8070 - weighted_kl_loss: 10.3262
Epoch 13/200
93/93 - 51s - 552ms/step - accuracy: 0.6162 - autoencoder_loss: 7.8887 - kl_loss: 6.8880 - loss: 8.9308 - reconstruction_loss: 1.0007 - vc_loss: 9.3774 - weighted_kl_loss: 6.8880
Epoch 20/200
93/93 - 50s - 542ms/step - accuracy: 0.6061 - autoencoder_loss: 7.0350 - kl_loss: 6.0354 - loss: 7.8791 - reconstruction_loss: 0.9996 - vc_loss: 8.2409 - weighted_kl_loss: 6.0354
Epoch 29/200
93/93 - 51s - 553ms/step - accuracy: 0.6035 - autoencoder_loss: 7.6830 - kl_loss: 6.6893 - loss: 6.6346 - reconstruction_loss: 0.9937 - vc_loss: 6.1852 - weighted_kl_loss: 6.6893
Epoch 27/200
93/93 - 51s - 548ms/step - accuracy: 0.6061 - autoencoder_loss: 10.6484 - kl_loss: 9.6483 - loss: 10.7477 - reconstruction_loss: 1.0001 - vc_loss: 10.7903 - weighted_kl_loss: 9.6483
Epoch 14/200
93/93 - 52s - 554ms/step - accuracy: 0.6162 - autoencoder_loss: 7.7559 - kl_loss: 6.7563 - loss: 9.2981 - reconstruction_loss: 0.9995 - vc_loss: 9.9591 - weighted_kl_loss: 6.7563
Epoch 21/200
93/93 - 50s - 538ms/step - accuracy: 0.6061 - autoencoder_loss: 6.9904 - kl_loss: 5.9878 - loss: 7.8627 - reconstruction_loss: 1.0026 - vc_loss: 8.2365 - weighted_kl_loss: 5.9878
Epoch 30/200
93/93 - 51s - 544ms/step - accuracy: 0.6035 - autoencoder_loss: 7.4881 - kl_loss: 6.4939 - loss: 5.9946 - reconstruction_loss: 0.9942 - vc_loss: 5.3546 - weighted_kl_loss: 6.4939
Epoch 28/200
93/93 - 53s - 565ms/step - accuracy: 0.6061 - autoencoder_loss: 9.8637 - kl_loss: 8.8645 - loss: 9.6419 - reconstruction_loss: 0.9992 - vc_loss: 9.5468 - weighted_kl_loss: 8.8645
Epoch 15/200
93/93 - 52s - 556ms/step - accuracy: 0.6162 - autoencoder_loss: 7.6719 - kl_loss: 6.6673 - loss: 8.0287 - reconstruction_loss: 1.0047 - vc_loss: 8.1816 - weighted_kl_loss: 6.6673
Epoch 22/200
93/93 - 50s - 542ms/step - accuracy: 0.6061 - autoencoder_loss: 6.8339 - kl_loss: 5.8309 - loss: 7.9068 - reconstruction_loss: 1.0029 - vc_loss: 8.3667 - weighted_kl_loss: 5.8309
Epoch 31/200
93/93 - 50s - 541ms/step - accuracy: 0.6035 - autoencoder_loss: 7.7230 - kl_loss: 6.7307 - loss: 6.2330 - reconstruction_loss: 0.9923 - vc_loss: 5.5944 - weighted_kl_loss: 6.7307
Epoch 29/200
93/93 - 52s - 555ms/step - accuracy: 0.6061 - autoencoder_loss: 9.4262 - kl_loss: 8.4263 - loss: 8.9474 - reconstruction_loss: 0.9999 - vc_loss: 8.7423 - weighted_kl_loss: 8.4263
Epoch 16/200
93/93 - 51s - 553ms/step - accuracy: 0.6162 - autoencoder_loss: 7.3606 - kl_loss: 6.3610 - loss: 8.5117 - reconstruction_loss: 0.9996 - vc_loss: 9.0050 - weighted_kl_loss: 6.3610
Epoch 23/200
93/93 - 50s - 539ms/step - accuracy: 0.6061 - autoencoder_loss: 6.6992 - kl_loss: 5.6999 - loss: 7.5542 - reconstruction_loss: 0.9993 - vc_loss: 7.9207 - weighted_kl_loss: 5.6999
Epoch 32/200
93/93 - 50s - 540ms/step - accuracy: 0.6035 - autoencoder_loss: 7.5300 - kl_loss: 6.5374 - loss: 6.2894 - reconstruction_loss: 0.9926 - vc_loss: 5.7577 - weighted_kl_loss: 6.5374
Epoch 30/200
93/93 - 53s - 565ms/step - accuracy: 0.6061 - autoencoder_loss: 9.3165 - kl_loss: 8.3150 - loss: 9.5648 - reconstruction_loss: 1.0014 - vc_loss: 9.6713 - weighted_kl_loss: 8.3150
Epoch 17/200
93/93 - 52s - 562ms/step - accuracy: 0.6162 - autoencoder_loss: 7.1696 - kl_loss: 6.1702 - loss: 6.7428 - reconstruction_loss: 0.9994 - vc_loss: 6.5599 - weighted_kl_loss: 6.1702
Epoch 24/200
93/93 - 52s - 557ms/step - accuracy: 0.6061 - autoencoder_loss: 6.5348 - kl_loss: 5.5337 - loss: 6.3092 - reconstruction_loss: 1.0011 - vc_loss: 6.2126 - weighted_kl_loss: 5.5337
Epoch 33/200
93/93 - 52s - 560ms/step - accuracy: 0.6035 - autoencoder_loss: 7.3929 - kl_loss: 6.4005 - loss: 5.6437 - reconstruction_loss: 0.9924 - vc_loss: 4.8940 - weighted_kl_loss: 6.4005
Epoch 31/200
93/93 - 53s - 570ms/step - accuracy: 0.6061 - autoencoder_loss: 8.7599 - kl_loss: 7.7608 - loss: 7.5189 - reconstruction_loss: 0.9991 - vc_loss: 6.9871 - weighted_kl_loss: 7.7608
Epoch 18/200
93/93 - 52s - 558ms/step - accuracy: 0.6162 - autoencoder_loss: 6.9819 - kl_loss: 5.9822 - loss: 7.2789 - reconstruction_loss: 0.9997 - vc_loss: 7.4061 - weighted_kl_loss: 5.9822
Epoch 25/200
93/93 - 51s - 550ms/step - accuracy: 0.6061 - autoencoder_loss: 6.3693 - kl_loss: 5.3696 - loss: 6.1093 - reconstruction_loss: 0.9997 - vc_loss: 5.9978 - weighted_kl_loss: 5.3696
Epoch 34/200
93/93 - 51s - 546ms/step - accuracy: 0.6035 - autoencoder_loss: 7.1808 - kl_loss: 6.1883 - loss: 5.6444 - reconstruction_loss: 0.9925 - vc_loss: 4.9860 - weighted_kl_loss: 6.1883
Epoch 32/200
93/93 - 51s - 549ms/step - accuracy: 0.6162 - autoencoder_loss: 6.8744 - kl_loss: 5.8745 - loss: 6.5293 - reconstruction_loss: 0.9999 - vc_loss: 6.3814 - weighted_kl_loss: 5.8745
Epoch 26/200
93/93 - 52s - 554ms/step - accuracy: 0.6061 - autoencoder_loss: 8.3587 - kl_loss: 7.3584 - loss: 7.6099 - reconstruction_loss: 1.0003 - vc_loss: 7.2890 - weighted_kl_loss: 7.3584
Epoch 19/200
93/93 - 50s - 539ms/step - accuracy: 0.6061 - autoencoder_loss: 6.2936 - kl_loss: 5.2932 - loss: 5.3492 - reconstruction_loss: 1.0004 - vc_loss: 4.9444 - weighted_kl_loss: 5.2932
Epoch 35/200
93/93 - 51s - 548ms/step - accuracy: 0.6035 - autoencoder_loss: 7.0798 - kl_loss: 6.0879 - loss: 6.2256 - reconstruction_loss: 0.9920 - vc_loss: 5.8595 - weighted_kl_loss: 6.0879
Epoch 33/200
93/93 - 52s - 561ms/step - accuracy: 0.6162 - autoencoder_loss: 6.6536 - kl_loss: 5.6543 - loss: 7.2822 - reconstruction_loss: 0.9992 - vc_loss: 7.5516 - weighted_kl_loss: 5.6543
Epoch 27/200
93/93 - 53s - 567ms/step - accuracy: 0.6061 - autoencoder_loss: 8.0963 - kl_loss: 7.0959 - loss: 7.6899 - reconstruction_loss: 1.0005 - vc_loss: 7.5158 - weighted_kl_loss: 7.0959
Epoch 20/200
93/93 - 52s - 559ms/step - accuracy: 0.6061 - autoencoder_loss: 6.3414 - kl_loss: 5.3400 - loss: 5.6630 - reconstruction_loss: 1.0014 - vc_loss: 5.3723 - weighted_kl_loss: 5.3400
Epoch 36/200
93/93 - 52s - 558ms/step - accuracy: 0.6035 - autoencoder_loss: 6.9549 - kl_loss: 5.9636 - loss: 5.8237 - reconstruction_loss: 0.9913 - vc_loss: 5.3388 - weighted_kl_loss: 5.9636
Epoch 34/200
93/93 - 51s - 548ms/step - accuracy: 0.6061 - autoencoder_loss: 8.0816 - kl_loss: 7.0816 - loss: 8.0433 - reconstruction_loss: 1.0000 - vc_loss: 8.0268 - weighted_kl_loss: 7.0816
Epoch 21/200
93/93 - 51s - 545ms/step - accuracy: 0.6061 - autoencoder_loss: 6.3031 - kl_loss: 5.3037 - loss: 5.9459 - reconstruction_loss: 0.9994 - vc_loss: 5.7928 - weighted_kl_loss: 5.3037
Epoch 37/200
93/93 - 50s - 538ms/step - accuracy: 0.6035 - autoencoder_loss: 6.8560 - kl_loss: 5.8643 - loss: 5.3641 - reconstruction_loss: 0.9917 - vc_loss: 4.7247 - weighted_kl_loss: 5.8643
Epoch 35/200
93/93 - 81s - 867ms/step - accuracy: 0.6162 - autoencoder_loss: 6.5087 - kl_loss: 5.5086 - loss: 6.0428 - reconstruction_loss: 1.0001 - vc_loss: 5.8432 - weighted_kl_loss: 5.5086
Epoch 28/200
93/93 - 51s - 545ms/step - accuracy: 0.6061 - autoencoder_loss: 7.8183 - kl_loss: 6.8185 - loss: 8.0905 - reconstruction_loss: 0.9998 - vc_loss: 8.2071 - weighted_kl_loss: 6.8185
Epoch 22/200
93/93 - 49s - 532ms/step - accuracy: 0.6061 - autoencoder_loss: 6.2010 - kl_loss: 5.2010 - loss: 5.5005 - reconstruction_loss: 1.0000 - vc_loss: 5.2002 - weighted_kl_loss: 5.2010
Epoch 38/200
93/93 - 50s - 541ms/step - accuracy: 0.6162 - autoencoder_loss: 6.4301 - kl_loss: 5.4305 - loss: 5.6661 - reconstruction_loss: 0.9996 - vc_loss: 5.3386 - weighted_kl_loss: 5.4305
Epoch 29/200
93/93 - 84s - 898ms/step - accuracy: 0.6035 - autoencoder_loss: 6.7007 - kl_loss: 5.7098 - loss: 5.4985 - reconstruction_loss: 0.9908 - vc_loss: 4.9833 - weighted_kl_loss: 5.7098
Epoch 36/200
93/93 - 50s - 542ms/step - accuracy: 0.6061 - autoencoder_loss: 6.0952 - kl_loss: 5.0953 - loss: 4.6068 - reconstruction_loss: 0.9999 - vc_loss: 3.9689 - weighted_kl_loss: 5.0953
Epoch 39/200
93/93 - 53s - 565ms/step - accuracy: 0.6061 - autoencoder_loss: 7.7606 - kl_loss: 6.7609 - loss: 7.0707 - reconstruction_loss: 0.9997 - vc_loss: 6.7750 - weighted_kl_loss: 6.7609
Epoch 23/200
93/93 - 51s - 554ms/step - accuracy: 0.6162 - autoencoder_loss: 6.2552 - kl_loss: 5.2558 - loss: 5.8443 - reconstruction_loss: 0.9993 - vc_loss: 5.6682 - weighted_kl_loss: 5.2558
Epoch 30/200
93/93 - 51s - 551ms/step - accuracy: 0.6035 - autoencoder_loss: 6.4799 - kl_loss: 5.4898 - loss: 5.3991 - reconstruction_loss: 0.9901 - vc_loss: 4.9360 - weighted_kl_loss: 5.4898
Epoch 37/200
93/93 - 51s - 544ms/step - accuracy: 0.6061 - autoencoder_loss: 6.0038 - kl_loss: 5.0039 - loss: 4.7442 - reconstruction_loss: 0.9999 - vc_loss: 4.2043 - weighted_kl_loss: 5.0039
Epoch 40/200
93/93 - 53s - 565ms/step - accuracy: 0.6061 - autoencoder_loss: 7.5915 - kl_loss: 6.5913 - loss: 6.7958 - reconstruction_loss: 1.0002 - vc_loss: 6.4548 - weighted_kl_loss: 6.5913
Epoch 24/200
93/93 - 52s - 562ms/step - accuracy: 0.6162 - autoencoder_loss: 6.1797 - kl_loss: 5.1802 - loss: 6.0815 - reconstruction_loss: 0.9995 - vc_loss: 6.0395 - weighted_kl_loss: 5.1802
Epoch 31/200
93/93 - 52s - 560ms/step - accuracy: 0.6035 - autoencoder_loss: 6.3559 - kl_loss: 5.3647 - loss: 4.8506 - reconstruction_loss: 0.9912 - vc_loss: 4.2054 - weighted_kl_loss: 5.3647
Epoch 38/200
93/93 - 52s - 556ms/step - accuracy: 0.6061 - autoencoder_loss: 5.8530 - kl_loss: 4.8532 - loss: 4.5597 - reconstruction_loss: 0.9998 - vc_loss: 4.0055 - weighted_kl_loss: 4.8532
Epoch 41/200
93/93 - 52s - 563ms/step - accuracy: 0.6061 - autoencoder_loss: 7.5429 - kl_loss: 6.5434 - loss: 6.7358 - reconstruction_loss: 0.9995 - vc_loss: 6.3899 - weighted_kl_loss: 6.5434
Epoch 25/200
93/93 - 52s - 560ms/step - accuracy: 0.6162 - autoencoder_loss: 6.1070 - kl_loss: 5.1071 - loss: 5.5177 - reconstruction_loss: 0.9999 - vc_loss: 5.2652 - weighted_kl_loss: 5.1071
Epoch 32/200
93/93 - 52s - 561ms/step - accuracy: 0.6035 - autoencoder_loss: 6.2847 - kl_loss: 5.2916 - loss: 5.1944 - reconstruction_loss: 0.9931 - vc_loss: 4.7271 - weighted_kl_loss: 5.2916
Epoch 39/200
93/93 - 52s - 560ms/step - accuracy: 0.6061 - autoencoder_loss: 5.7936 - kl_loss: 4.7936 - loss: 5.3644 - reconstruction_loss: 1.0000 - vc_loss: 5.1805 - weighted_kl_loss: 4.7936
Epoch 42/200
93/93 - 53s - 572ms/step - accuracy: 0.6061 - autoencoder_loss: 7.4638 - kl_loss: 6.4625 - loss: 6.9814 - reconstruction_loss: 1.0012 - vc_loss: 6.7746 - weighted_kl_loss: 6.4625
Epoch 26/200
93/93 - 52s - 563ms/step - accuracy: 0.6162 - autoencoder_loss: 5.9033 - kl_loss: 4.9037 - loss: 4.9020 - reconstruction_loss: 0.9996 - vc_loss: 4.4728 - weighted_kl_loss: 4.9037
Epoch 33/200
93/93 - 52s - 559ms/step - accuracy: 0.6035 - autoencoder_loss: 6.1288 - kl_loss: 5.1381 - loss: 4.6295 - reconstruction_loss: 0.9907 - vc_loss: 3.9870 - weighted_kl_loss: 5.1381
Epoch 40/200
93/93 - 52s - 559ms/step - accuracy: 0.6061 - autoencoder_loss: 5.7122 - kl_loss: 4.7119 - loss: 4.7683 - reconstruction_loss: 1.0003 - vc_loss: 4.3637 - weighted_kl_loss: 4.7119
Epoch 43/200
93/93 - 53s - 571ms/step - accuracy: 0.6061 - autoencoder_loss: 7.4513 - kl_loss: 6.4486 - loss: 6.3942 - reconstruction_loss: 1.0027 - vc_loss: 5.9411 - weighted_kl_loss: 6.4486
Epoch 27/200
93/93 - 51s - 547ms/step - accuracy: 0.6162 - autoencoder_loss: 5.8012 - kl_loss: 4.8018 - loss: 5.1987 - reconstruction_loss: 0.9994 - vc_loss: 4.9405 - weighted_kl_loss: 4.8018
Epoch 34/200
93/93 - 51s - 549ms/step - accuracy: 0.6035 - autoencoder_loss: 6.0110 - kl_loss: 5.0197 - loss: 4.4950 - reconstruction_loss: 0.9913 - vc_loss: 3.8452 - weighted_kl_loss: 5.0197
Epoch 41/200
93/93 - 50s - 538ms/step - accuracy: 0.6061 - autoencoder_loss: 5.5993 - kl_loss: 4.5989 - loss: 4.0327 - reconstruction_loss: 1.0004 - vc_loss: 3.3612 - weighted_kl_loss: 4.5989
Epoch 44/200
93/93 - 52s - 558ms/step - accuracy: 0.6162 - autoencoder_loss: 5.7608 - kl_loss: 4.7585 - loss: 5.4833 - reconstruction_loss: 1.0023 - vc_loss: 5.3644 - weighted_kl_loss: 4.7585
Epoch 35/200
93/93 - 80s - 864ms/step - accuracy: 0.6061 - autoencoder_loss: 7.3432 - kl_loss: 6.3426 - loss: 6.5697 - reconstruction_loss: 1.0006 - vc_loss: 6.2383 - weighted_kl_loss: 6.3426
Epoch 28/200
93/93 - 50s - 542ms/step - accuracy: 0.6035 - autoencoder_loss: 5.8442 - kl_loss: 4.8507 - loss: 4.3599 - reconstruction_loss: 0.9935 - vc_loss: 3.7237 - weighted_kl_loss: 4.8507
Epoch 42/200
93/93 - 50s - 542ms/step - accuracy: 0.6061 - autoencoder_loss: 5.5204 - kl_loss: 4.5208 - loss: 4.4704 - reconstruction_loss: 0.9996 - vc_loss: 4.0204 - weighted_kl_loss: 4.5208
Epoch 45/200
93/93 - 51s - 544ms/step - accuracy: 0.6162 - autoencoder_loss: 5.6406 - kl_loss: 4.6368 - loss: 5.0460 - reconstruction_loss: 1.0038 - vc_loss: 4.7911 - weighted_kl_loss: 4.6368
Epoch 36/200
93/93 - 52s - 559ms/step - accuracy: 0.6061 - autoencoder_loss: 7.2621 - kl_loss: 6.2630 - loss: 5.8744 - reconstruction_loss: 0.9991 - vc_loss: 5.2796 - weighted_kl_loss: 6.2630
Epoch 29/200
93/93 - 52s - 555ms/step - accuracy: 0.6035 - autoencoder_loss: 5.7147 - kl_loss: 4.7238 - loss: 4.4256 - reconstruction_loss: 0.9908 - vc_loss: 3.8732 - weighted_kl_loss: 4.7238
Epoch 43/200
93/93 - 50s - 543ms/step - accuracy: 0.6061 - autoencoder_loss: 5.4249 - kl_loss: 4.4251 - loss: 4.4398 - reconstruction_loss: 0.9998 - vc_loss: 4.0176 - weighted_kl_loss: 4.4251
Epoch 46/200
93/93 - 52s - 559ms/step - accuracy: 0.6162 - autoencoder_loss: 5.5385 - kl_loss: 4.5394 - loss: 5.0263 - reconstruction_loss: 0.9991 - vc_loss: 4.8068 - weighted_kl_loss: 4.5394
Epoch 37/200
93/93 - 53s - 571ms/step - accuracy: 0.6061 - autoencoder_loss: 7.6382 - kl_loss: 6.6390 - loss: 6.8561 - reconstruction_loss: 0.9992 - vc_loss: 6.5209 - weighted_kl_loss: 6.6390
Epoch 30/200
93/93 - 52s - 559ms/step - accuracy: 0.6035 - autoencoder_loss: 5.5591 - kl_loss: 4.5671 - loss: 5.0420 - reconstruction_loss: 0.9921 - vc_loss: 4.8203 - weighted_kl_loss: 4.5671
Epoch 44/200
93/93 - 52s - 555ms/step - accuracy: 0.6061 - autoencoder_loss: 5.2747 - kl_loss: 4.2725 - loss: 4.4556 - reconstruction_loss: 1.0022 - vc_loss: 4.1046 - weighted_kl_loss: 4.2725
Epoch 47/200
93/93 - 51s - 545ms/step - accuracy: 0.6162 - autoencoder_loss: 5.7579 - kl_loss: 4.7572 - loss: 6.0255 - reconstruction_loss: 1.0006 - vc_loss: 6.1402 - weighted_kl_loss: 4.7572
Epoch 38/200
93/93 - 51s - 551ms/step - accuracy: 0.6061 - autoencoder_loss: 7.6255 - kl_loss: 6.6239 - loss: 6.6602 - reconstruction_loss: 1.0015 - vc_loss: 6.2465 - weighted_kl_loss: 6.6239
Epoch 31/200
93/93 - 51s - 547ms/step - accuracy: 0.6035 - autoencoder_loss: 5.3493 - kl_loss: 4.3564 - loss: 4.8464 - reconstruction_loss: 0.9929 - vc_loss: 4.6309 - weighted_kl_loss: 4.3564
Epoch 45/200
93/93 - 51s - 545ms/step - accuracy: 0.6061 - autoencoder_loss: 5.1843 - kl_loss: 4.1847 - loss: 4.1002 - reconstruction_loss: 0.9996 - vc_loss: 3.6355 - weighted_kl_loss: 4.1847
Epoch 48/200
93/93 - 50s - 536ms/step - accuracy: 0.6162 - autoencoder_loss: 5.4896 - kl_loss: 4.4897 - loss: 5.7095 - reconstruction_loss: 0.9999 - vc_loss: 5.8038 - weighted_kl_loss: 4.4897
Epoch 39/200
93/93 - 51s - 545ms/step - accuracy: 0.6061 - autoencoder_loss: 7.6375 - kl_loss: 6.6384 - loss: 6.2073 - reconstruction_loss: 0.9991 - vc_loss: 5.5943 - weighted_kl_loss: 6.6384
Epoch 32/200
93/93 - 50s - 538ms/step - accuracy: 0.6035 - autoencoder_loss: 5.2274 - kl_loss: 4.2331 - loss: 5.2833 - reconstruction_loss: 0.9943 - vc_loss: 5.3072 - weighted_kl_loss: 4.2331
Epoch 46/200
93/93 - 51s - 546ms/step - accuracy: 0.6061 - autoencoder_loss: 5.1438 - kl_loss: 4.1435 - loss: 4.7722 - reconstruction_loss: 1.0003 - vc_loss: 4.6129 - weighted_kl_loss: 4.1435
Epoch 49/200
93/93 - 52s - 559ms/step - accuracy: 0.6162 - autoencoder_loss: 5.3419 - kl_loss: 4.3418 - loss: 5.0966 - reconstruction_loss: 1.0001 - vc_loss: 4.9915 - weighted_kl_loss: 4.3418
Epoch 40/200
93/93 - 51s - 552ms/step - accuracy: 0.6035 - autoencoder_loss: 5.1204 - kl_loss: 4.1263 - loss: 4.1808 - reconstruction_loss: 0.9941 - vc_loss: 3.7781 - weighted_kl_loss: 4.1263
Epoch 47/200
93/93 - 53s - 569ms/step - accuracy: 0.6061 - autoencoder_loss: 7.6184 - kl_loss: 6.6117 - loss: 6.3317 - reconstruction_loss: 1.0067 - vc_loss: 5.7803 - weighted_kl_loss: 6.6117
Epoch 33/200
93/93 - 51s - 552ms/step - accuracy: 0.6061 - autoencoder_loss: 5.1414 - kl_loss: 4.1334 - loss: 4.2293 - reconstruction_loss: 1.0079 - vc_loss: 3.8384 - weighted_kl_loss: 4.1334
Epoch 50/200
93/93 - 52s - 563ms/step - accuracy: 0.6162 - autoencoder_loss: 5.2065 - kl_loss: 4.2066 - loss: 5.2371 - reconstruction_loss: 0.9999 - vc_loss: 5.2502 - weighted_kl_loss: 4.2066
Epoch 41/200
93/93 - 52s - 563ms/step - accuracy: 0.6035 - autoencoder_loss: 4.9676 - kl_loss: 3.9748 - loss: 4.2868 - reconstruction_loss: 0.9928 - vc_loss: 3.9951 - weighted_kl_loss: 3.9748
Epoch 48/200
93/93 - 53s - 570ms/step - accuracy: 0.6061 - autoencoder_loss: 7.4444 - kl_loss: 6.4439 - loss: 5.8556 - reconstruction_loss: 1.0005 - vc_loss: 5.1746 - weighted_kl_loss: 6.4439
Epoch 34/200
93/93 - 50s - 540ms/step - accuracy: 0.6061 - autoencoder_loss: 5.0058 - kl_loss: 4.0065 - loss: 4.4020 - reconstruction_loss: 0.9993 - vc_loss: 4.1433 - weighted_kl_loss: 4.0065
Epoch 51/200
93/93 - 51s - 548ms/step - accuracy: 0.6035 - autoencoder_loss: 4.8713 - kl_loss: 3.8771 - loss: 4.0899 - reconstruction_loss: 0.9942 - vc_loss: 3.7550 - weighted_kl_loss: 3.8771
Epoch 49/200
93/93 - 52s - 561ms/step - accuracy: 0.6061 - autoencoder_loss: 7.3479 - kl_loss: 6.3471 - loss: 5.3988 - reconstruction_loss: 1.0008 - vc_loss: 4.5635 - weighted_kl_loss: 6.3471
Epoch 35/200
93/93 - 50s - 537ms/step - accuracy: 0.6061 - autoencoder_loss: 4.9391 - kl_loss: 3.9396 - loss: 4.5076 - reconstruction_loss: 0.9995 - vc_loss: 4.3226 - weighted_kl_loss: 3.9396
Epoch 52/200
93/93 - 81s - 871ms/step - accuracy: 0.6162 - autoencoder_loss: 4.9849 - kl_loss: 3.9837 - loss: 4.6979 - reconstruction_loss: 1.0012 - vc_loss: 4.5748 - weighted_kl_loss: 3.9837
Epoch 42/200
93/93 - 51s - 552ms/step - accuracy: 0.6035 - autoencoder_loss: 4.7554 - kl_loss: 3.7620 - loss: 4.2610 - reconstruction_loss: 0.9934 - vc_loss: 4.0491 - weighted_kl_loss: 3.7620
Epoch 50/200
93/93 - 52s - 558ms/step - accuracy: 0.6061 - autoencoder_loss: 7.2590 - kl_loss: 6.2591 - loss: 5.9460 - reconstruction_loss: 1.0000 - vc_loss: 5.3832 - weighted_kl_loss: 6.2591
Epoch 36/200
93/93 - 51s - 545ms/step - accuracy: 0.6061 - autoencoder_loss: 4.9900 - kl_loss: 3.9902 - loss: 5.0302 - reconstruction_loss: 0.9998 - vc_loss: 5.0474 - weighted_kl_loss: 3.9902
Epoch 53/200
93/93 - 51s - 547ms/step - accuracy: 0.6162 - autoencoder_loss: 4.7774 - kl_loss: 3.7777 - loss: 4.3041 - reconstruction_loss: 0.9997 - vc_loss: 4.1013 - weighted_kl_loss: 3.7777
Epoch 43/200
93/93 - 52s - 556ms/step - accuracy: 0.6035 - autoencoder_loss: 4.6743 - kl_loss: 3.6809 - loss: 4.2883 - reconstruction_loss: 0.9933 - vc_loss: 4.1230 - weighted_kl_loss: 3.6809
Epoch 51/200
93/93 - 53s - 570ms/step - accuracy: 0.6061 - autoencoder_loss: 7.1686 - kl_loss: 6.1682 - loss: 5.4277 - reconstruction_loss: 1.0004 - vc_loss: 4.6816 - weighted_kl_loss: 6.1682
Epoch 37/200
93/93 - 52s - 557ms/step - accuracy: 0.6061 - autoencoder_loss: 4.8897 - kl_loss: 3.8895 - loss: 5.3484 - reconstruction_loss: 1.0002 - vc_loss: 5.5449 - weighted_kl_loss: 3.8895
Epoch 54/200
93/93 - 53s - 565ms/step - accuracy: 0.6162 - autoencoder_loss: 4.7272 - kl_loss: 3.7250 - loss: 4.2628 - reconstruction_loss: 1.0022 - vc_loss: 4.0638 - weighted_kl_loss: 3.7250
Epoch 44/200
93/93 - 52s - 561ms/step - accuracy: 0.6035 - autoencoder_loss: 4.5798 - kl_loss: 3.5864 - loss: 3.8470 - reconstruction_loss: 0.9934 - vc_loss: 3.5329 - weighted_kl_loss: 3.5864
Epoch 52/200
93/93 - 53s - 571ms/step - accuracy: 0.6061 - autoencoder_loss: 7.1042 - kl_loss: 6.1047 - loss: 4.8826 - reconstruction_loss: 0.9995 - vc_loss: 3.9305 - weighted_kl_loss: 6.1047
Epoch 38/200
93/93 - 52s - 560ms/step - accuracy: 0.6061 - autoencoder_loss: 4.7775 - kl_loss: 3.7781 - loss: 4.6203 - reconstruction_loss: 0.9995 - vc_loss: 4.5529 - weighted_kl_loss: 3.7781
Epoch 55/200
93/93 - 52s - 563ms/step - accuracy: 0.6162 - autoencoder_loss: 4.5920 - kl_loss: 3.5922 - loss: 5.0181 - reconstruction_loss: 0.9998 - vc_loss: 5.2007 - weighted_kl_loss: 3.5922
Epoch 45/200
93/93 - 51s - 546ms/step - accuracy: 0.6035 - autoencoder_loss: 4.5210 - kl_loss: 3.5285 - loss: 4.1024 - reconstruction_loss: 0.9925 - vc_loss: 3.9230 - weighted_kl_loss: 3.5285
Epoch 53/200
93/93 - 51s - 549ms/step - accuracy: 0.6061 - autoencoder_loss: 4.7328 - kl_loss: 3.7336 - loss: 5.5600 - reconstruction_loss: 0.9992 - vc_loss: 5.9145 - weighted_kl_loss: 3.7336
Epoch 56/200
93/93 - 53s - 567ms/step - accuracy: 0.6061 - autoencoder_loss: 6.9888 - kl_loss: 5.9883 - loss: 5.1117 - reconstruction_loss: 1.0005 - vc_loss: 4.3073 - weighted_kl_loss: 5.9883
Epoch 39/200
93/93 - 52s - 558ms/step - accuracy: 0.6162 - autoencoder_loss: 4.4482 - kl_loss: 3.4484 - loss: 4.1343 - reconstruction_loss: 0.9998 - vc_loss: 3.9997 - weighted_kl_loss: 3.4484
Epoch 46/200
93/93 - 50s - 533ms/step - accuracy: 0.6035 - autoencoder_loss: 4.4301 - kl_loss: 3.4366 - loss: 3.8559 - reconstruction_loss: 0.9936 - vc_loss: 3.6098 - weighted_kl_loss: 3.4366
Epoch 54/200
93/93 - 52s - 555ms/step - accuracy: 0.6061 - autoencoder_loss: 6.8646 - kl_loss: 5.8649 - loss: 5.0288 - reconstruction_loss: 0.9997 - vc_loss: 4.2421 - weighted_kl_loss: 5.8649
Epoch 40/200
93/93 - 51s - 544ms/step - accuracy: 0.6162 - autoencoder_loss: 4.3562 - kl_loss: 3.3563 - loss: 3.9727 - reconstruction_loss: 0.9999 - vc_loss: 3.8083 - weighted_kl_loss: 3.3563
Epoch 47/200
93/93 - 80s - 865ms/step - accuracy: 0.6061 - autoencoder_loss: 4.6082 - kl_loss: 3.6083 - loss: 4.8975 - reconstruction_loss: 0.9999 - vc_loss: 5.0216 - weighted_kl_loss: 3.6083
Epoch 57/200
93/93 - 51s - 550ms/step - accuracy: 0.6035 - autoencoder_loss: 4.3234 - kl_loss: 3.3280 - loss: 3.9397 - reconstruction_loss: 0.9953 - vc_loss: 3.7753 - weighted_kl_loss: 3.3280
Epoch 55/200
93/93 - 51s - 550ms/step - accuracy: 0.6061 - autoencoder_loss: 6.7727 - kl_loss: 5.7723 - loss: 5.2841 - reconstruction_loss: 1.0004 - vc_loss: 4.6462 - weighted_kl_loss: 5.7723
Epoch 41/200
93/93 - 51s - 547ms/step - accuracy: 0.6162 - autoencoder_loss: 4.2609 - kl_loss: 3.2616 - loss: 4.1167 - reconstruction_loss: 0.9993 - vc_loss: 4.0549 - weighted_kl_loss: 3.2616
Epoch 48/200
93/93 - 50s - 539ms/step - accuracy: 0.6061 - autoencoder_loss: 4.4851 - kl_loss: 3.4849 - loss: 4.9884 - reconstruction_loss: 1.0002 - vc_loss: 5.2041 - weighted_kl_loss: 3.4849
Epoch 58/200
93/93 - 52s - 554ms/step - accuracy: 0.6035 - autoencoder_loss: 4.2013 - kl_loss: 3.2063 - loss: 3.8051 - reconstruction_loss: 0.9950 - vc_loss: 3.6352 - weighted_kl_loss: 3.2063
Epoch 56/200
93/93 - 50s - 541ms/step - accuracy: 0.6061 - autoencoder_loss: 6.6377 - kl_loss: 5.6376 - loss: 4.8031 - reconstruction_loss: 1.0001 - vc_loss: 4.0168 - weighted_kl_loss: 5.6376
Epoch 42/200
93/93 - 52s - 554ms/step - accuracy: 0.6162 - autoencoder_loss: 4.2316 - kl_loss: 3.2308 - loss: 3.9982 - reconstruction_loss: 1.0008 - vc_loss: 3.8982 - weighted_kl_loss: 3.2308
Epoch 49/200
93/93 - 52s - 555ms/step - accuracy: 0.6061 - autoencoder_loss: 4.3726 - kl_loss: 3.3732 - loss: 4.1282 - reconstruction_loss: 0.9995 - vc_loss: 4.0234 - weighted_kl_loss: 3.3732
Epoch 59/200
93/93 - 52s - 563ms/step - accuracy: 0.6035 - autoencoder_loss: 4.1212 - kl_loss: 3.1245 - loss: 3.9757 - reconstruction_loss: 0.9967 - vc_loss: 3.9133 - weighted_kl_loss: 3.1245
Epoch 57/200
93/93 - 53s - 572ms/step - accuracy: 0.6061 - autoencoder_loss: 6.6065 - kl_loss: 5.6071 - loss: 4.8405 - reconstruction_loss: 0.9995 - vc_loss: 4.0836 - weighted_kl_loss: 5.6071
Epoch 43/200
93/93 - 52s - 559ms/step - accuracy: 0.6162 - autoencoder_loss: 4.1188 - kl_loss: 3.1196 - loss: 3.8427 - reconstruction_loss: 0.9992 - vc_loss: 3.7243 - weighted_kl_loss: 3.1196
Epoch 50/200
93/93 - 52s - 556ms/step - accuracy: 0.6061 - autoencoder_loss: 4.2789 - kl_loss: 3.2794 - loss: 4.7914 - reconstruction_loss: 0.9996 - vc_loss: 5.0111 - weighted_kl_loss: 3.2794
Epoch 60/200
93/93 - 51s - 551ms/step - accuracy: 0.6035 - autoencoder_loss: 4.0489 - kl_loss: 3.0552 - loss: 3.5845 - reconstruction_loss: 0.9936 - vc_loss: 3.3855 - weighted_kl_loss: 3.0552
Epoch 58/200
93/93 - 52s - 564ms/step - accuracy: 0.6061 - autoencoder_loss: 6.6395 - kl_loss: 5.6402 - loss: 4.7512 - reconstruction_loss: 0.9993 - vc_loss: 3.9420 - weighted_kl_loss: 5.6402
Epoch 44/200
93/93 - 52s - 561ms/step - accuracy: 0.6162 - autoencoder_loss: 4.3323 - kl_loss: 3.3326 - loss: 4.4404 - reconstruction_loss: 0.9996 - vc_loss: 4.4867 - weighted_kl_loss: 3.3326
Epoch 51/200
93/93 - 51s - 551ms/step - accuracy: 0.6061 - autoencoder_loss: 4.2634 - kl_loss: 3.2602 - loss: 4.8034 - reconstruction_loss: 1.0031 - vc_loss: 5.0348 - weighted_kl_loss: 3.2602
Epoch 61/200
93/93 - 52s - 559ms/step - accuracy: 0.6035 - autoencoder_loss: 3.9563 - kl_loss: 2.9610 - loss: 3.6489 - reconstruction_loss: 0.9952 - vc_loss: 3.5172 - weighted_kl_loss: 2.9610
Epoch 59/200
93/93 - 53s - 570ms/step - accuracy: 0.6061 - autoencoder_loss: 6.5652 - kl_loss: 5.5648 - loss: 5.0341 - reconstruction_loss: 1.0004 - vc_loss: 4.3779 - weighted_kl_loss: 5.5648
Epoch 45/200
93/93 - 52s - 562ms/step - accuracy: 0.6162 - autoencoder_loss: 4.7489 - kl_loss: 3.7494 - loss: 4.4515 - reconstruction_loss: 0.9994 - vc_loss: 4.3241 - weighted_kl_loss: 3.7494
Epoch 52/200
93/93 - 52s - 562ms/step - accuracy: 0.6061 - autoencoder_loss: 4.0987 - kl_loss: 3.0982 - loss: 4.7453 - reconstruction_loss: 1.0006 - vc_loss: 5.0224 - weighted_kl_loss: 3.0982
Epoch 62/200
93/93 - 52s - 562ms/step - accuracy: 0.6035 - autoencoder_loss: 3.8890 - kl_loss: 2.8957 - loss: 3.5354 - reconstruction_loss: 0.9933 - vc_loss: 3.3838 - weighted_kl_loss: 2.8957
Epoch 60/200
93/93 - 53s - 571ms/step - accuracy: 0.6061 - autoencoder_loss: 6.5256 - kl_loss: 5.5255 - loss: 4.8449 - reconstruction_loss: 1.0001 - vc_loss: 4.1246 - weighted_kl_loss: 5.5255
Epoch 46/200
93/93 - 52s - 562ms/step - accuracy: 0.6162 - autoencoder_loss: 4.5443 - kl_loss: 3.5431 - loss: 4.0483 - reconstruction_loss: 1.0012 - vc_loss: 3.8357 - weighted_kl_loss: 3.5431
Epoch 53/200
93/93 - 51s - 547ms/step - accuracy: 0.6061 - autoencoder_loss: 3.9467 - kl_loss: 2.9470 - loss: 5.2933 - reconstruction_loss: 0.9997 - vc_loss: 5.8704 - weighted_kl_loss: 2.9470
Epoch 63/200
93/93 - 50s - 539ms/step - accuracy: 0.6035 - autoencoder_loss: 3.7498 - kl_loss: 2.7560 - loss: 3.3235 - reconstruction_loss: 0.9939 - vc_loss: 3.1408 - weighted_kl_loss: 2.7560
Epoch 61/200
93/93 - 52s - 558ms/step - accuracy: 0.6061 - autoencoder_loss: 6.4503 - kl_loss: 5.4509 - loss: 4.6771 - reconstruction_loss: 0.9993 - vc_loss: 3.9171 - weighted_kl_loss: 5.4509
Epoch 47/200
93/93 - 52s - 555ms/step - accuracy: 0.6162 - autoencoder_loss: 4.5604 - kl_loss: 3.5609 - loss: 4.1037 - reconstruction_loss: 0.9995 - vc_loss: 3.9079 - weighted_kl_loss: 3.5609
Epoch 54/200
93/93 - 50s - 541ms/step - accuracy: 0.6061 - autoencoder_loss: 3.8504 - kl_loss: 2.8499 - loss: 6.6391 - reconstruction_loss: 1.0004 - vc_loss: 7.8343 - weighted_kl_loss: 2.8499
Epoch 64/200
93/93 - 51s - 553ms/step - accuracy: 0.6035 - autoencoder_loss: 3.6607 - kl_loss: 2.6661 - loss: 3.5422 - reconstruction_loss: 0.9946 - vc_loss: 3.4914 - weighted_kl_loss: 2.6661
Epoch 62/200
93/93 - 52s - 558ms/step - accuracy: 0.6061 - autoencoder_loss: 6.3607 - kl_loss: 5.3611 - loss: 4.7692 - reconstruction_loss: 0.9996 - vc_loss: 4.0871 - weighted_kl_loss: 5.3611
Epoch 48/200
93/93 - 50s - 535ms/step - accuracy: 0.6162 - autoencoder_loss: 4.3932 - kl_loss: 3.3932 - loss: 4.1782 - reconstruction_loss: 1.0001 - vc_loss: 4.0860 - weighted_kl_loss: 3.3932
Epoch 55/200
93/93 - 49s - 530ms/step - accuracy: 0.6061 - autoencoder_loss: 3.7596 - kl_loss: 2.7601 - loss: 5.1351 - reconstruction_loss: 0.9995 - vc_loss: 5.7246 - weighted_kl_loss: 2.7601
Epoch 65/200
93/93 - 50s - 542ms/step - accuracy: 0.6035 - autoencoder_loss: 3.5947 - kl_loss: 2.5989 - loss: 3.3933 - reconstruction_loss: 0.9959 - vc_loss: 3.3070 - weighted_kl_loss: 2.5989
Epoch 63/200
93/93 - 52s - 558ms/step - accuracy: 0.6061 - autoencoder_loss: 6.2787 - kl_loss: 5.2796 - loss: 4.7789 - reconstruction_loss: 0.9992 - vc_loss: 4.1361 - weighted_kl_loss: 5.2796
Epoch 49/200
93/93 - 49s - 530ms/step - accuracy: 0.6162 - autoencoder_loss: 4.2787 - kl_loss: 3.2787 - loss: 4.1119 - reconstruction_loss: 0.9999 - vc_loss: 4.0404 - weighted_kl_loss: 3.2787
Epoch 56/200
93/93 - 49s - 531ms/step - accuracy: 0.6061 - autoencoder_loss: 3.6483 - kl_loss: 2.6480 - loss: 5.4125 - reconstruction_loss: 1.0003 - vc_loss: 6.1687 - weighted_kl_loss: 2.6480
Epoch 66/200
93/93 - 51s - 548ms/step - accuracy: 0.6035 - autoencoder_loss: 3.5347 - kl_loss: 2.5389 - loss: 3.8055 - reconstruction_loss: 0.9958 - vc_loss: 3.9216 - weighted_kl_loss: 2.5389
Epoch 64/200
93/93 - 51s - 552ms/step - accuracy: 0.6061 - autoencoder_loss: 6.2277 - kl_loss: 5.2282 - loss: 4.7859 - reconstruction_loss: 0.9995 - vc_loss: 4.1680 - weighted_kl_loss: 5.2282
Epoch 50/200
93/93 - 51s - 548ms/step - accuracy: 0.6162 - autoencoder_loss: 4.3542 - kl_loss: 3.3546 - loss: 4.0450 - reconstruction_loss: 0.9997 - vc_loss: 3.9124 - weighted_kl_loss: 3.3546
Epoch 57/200
93/93 - 50s - 540ms/step - accuracy: 0.6061 - autoencoder_loss: 3.6005 - kl_loss: 2.6011 - loss: 4.4636 - reconstruction_loss: 0.9995 - vc_loss: 4.8335 - weighted_kl_loss: 2.6011
Epoch 67/200
93/93 - 51s - 547ms/step - accuracy: 0.6035 - autoencoder_loss: 3.4357 - kl_loss: 2.4399 - loss: 3.8752 - reconstruction_loss: 0.9959 - vc_loss: 4.0636 - weighted_kl_loss: 2.4399
Epoch 65/200
93/93 - 52s - 564ms/step - accuracy: 0.6061 - autoencoder_loss: 6.1537 - kl_loss: 5.1542 - loss: 4.5491 - reconstruction_loss: 0.9995 - vc_loss: 3.8615 - weighted_kl_loss: 5.1542
Epoch 51/200
93/93 - 52s - 561ms/step - accuracy: 0.6162 - autoencoder_loss: 4.2677 - kl_loss: 3.2663 - loss: 4.3050 - reconstruction_loss: 1.0015 - vc_loss: 4.3210 - weighted_kl_loss: 3.2663
Epoch 58/200
93/93 - 51s - 552ms/step - accuracy: 0.6061 - autoencoder_loss: 3.5472 - kl_loss: 2.5469 - loss: 4.5232 - reconstruction_loss: 1.0004 - vc_loss: 4.9415 - weighted_kl_loss: 2.5469
Epoch 68/200
93/93 - 51s - 554ms/step - accuracy: 0.6035 - autoencoder_loss: 3.3440 - kl_loss: 2.3482 - loss: 3.6948 - reconstruction_loss: 0.9958 - vc_loss: 3.8451 - weighted_kl_loss: 2.3482
Epoch 66/200
93/93 - 52s - 561ms/step - accuracy: 0.6061 - autoencoder_loss: 6.1604 - kl_loss: 5.1602 - loss: 4.8665 - reconstruction_loss: 1.0002 - vc_loss: 4.3119 - weighted_kl_loss: 5.1602
Epoch 52/200
93/93 - 51s - 553ms/step - accuracy: 0.6162 - autoencoder_loss: 4.1322 - kl_loss: 3.1316 - loss: 3.8301 - reconstruction_loss: 1.0006 - vc_loss: 3.7006 - weighted_kl_loss: 3.1316
Epoch 59/200
93/93 - 51s - 543ms/step - accuracy: 0.6061 - autoencoder_loss: 3.4818 - kl_loss: 2.4823 - loss: 5.2325 - reconstruction_loss: 0.9995 - vc_loss: 5.9827 - weighted_kl_loss: 2.4823
Epoch 69/200
93/93 - 52s - 556ms/step - accuracy: 0.6035 - autoencoder_loss: 3.2271 - kl_loss: 2.2283 - loss: 3.0525 - reconstruction_loss: 0.9988 - vc_loss: 2.9777 - weighted_kl_loss: 2.2283
Epoch 67/200
93/93 - 53s - 571ms/step - accuracy: 0.6061 - autoencoder_loss: 6.0533 - kl_loss: 5.0537 - loss: 4.5121 - reconstruction_loss: 0.9996 - vc_loss: 3.8515 - weighted_kl_loss: 5.0537
Epoch 53/200
93/93 - 52s - 563ms/step - accuracy: 0.6162 - autoencoder_loss: 4.0181 - kl_loss: 3.0187 - loss: 3.8203 - reconstruction_loss: 0.9993 - vc_loss: 3.7355 - weighted_kl_loss: 3.0187
Epoch 60/200
93/93 - 52s - 560ms/step - accuracy: 0.6061 - autoencoder_loss: 3.3932 - kl_loss: 2.3935 - loss: 4.4247 - reconstruction_loss: 0.9997 - vc_loss: 4.8668 - weighted_kl_loss: 2.3935
Epoch 70/200
93/93 - 52s - 561ms/step - accuracy: 0.6035 - autoencoder_loss: 3.1567 - kl_loss: 2.1580 - loss: 3.0561 - reconstruction_loss: 0.9987 - vc_loss: 3.0131 - weighted_kl_loss: 2.1580
Epoch 68/200
93/93 - 53s - 568ms/step - accuracy: 0.6061 - autoencoder_loss: 5.9607 - kl_loss: 4.9613 - loss: 4.1675 - reconstruction_loss: 0.9994 - vc_loss: 3.3989 - weighted_kl_loss: 4.9613
Epoch 54/200
93/93 - 52s - 562ms/step - accuracy: 0.6162 - autoencoder_loss: 3.9794 - kl_loss: 2.9793 - loss: 3.4592 - reconstruction_loss: 1.0001 - vc_loss: 3.2362 - weighted_kl_loss: 2.9793
Epoch 61/200
93/93 - 52s - 555ms/step - accuracy: 0.6061 - autoencoder_loss: 3.3325 - kl_loss: 2.3326 - loss: 4.6380 - reconstruction_loss: 0.9999 - vc_loss: 5.1975 - weighted_kl_loss: 2.3326
Epoch 71/200
93/93 - 51s - 549ms/step - accuracy: 0.6035 - autoencoder_loss: 3.1018 - kl_loss: 2.1035 - loss: 3.1037 - reconstruction_loss: 0.9983 - vc_loss: 3.1044 - weighted_kl_loss: 2.1035
Epoch 69/200
93/93 - 52s - 558ms/step - accuracy: 0.6061 - autoencoder_loss: 5.9212 - kl_loss: 4.9206 - loss: 4.2151 - reconstruction_loss: 1.0007 - vc_loss: 3.4840 - weighted_kl_loss: 4.9206
Epoch 55/200
93/93 - 52s - 555ms/step - accuracy: 0.6162 - autoencoder_loss: 3.8682 - kl_loss: 2.8690 - loss: 3.5753 - reconstruction_loss: 0.9993 - vc_loss: 3.4498 - weighted_kl_loss: 2.8690
Epoch 62/200
93/93 - 50s - 536ms/step - accuracy: 0.6061 - autoencoder_loss: 3.3261 - kl_loss: 2.3262 - loss: 4.6254 - reconstruction_loss: 0.9998 - vc_loss: 5.1823 - weighted_kl_loss: 2.3262
Epoch 72/200
93/93 - 49s - 527ms/step - accuracy: 0.6035 - autoencoder_loss: 3.0097 - kl_loss: 2.0112 - loss: 3.4042 - reconstruction_loss: 0.9986 - vc_loss: 3.5732 - weighted_kl_loss: 2.0112
Epoch 70/200
93/93 - 51s - 551ms/step - accuracy: 0.6162 - autoencoder_loss: 3.9092 - kl_loss: 2.9097 - loss: 4.0966 - reconstruction_loss: 0.9995 - vc_loss: 4.1770 - weighted_kl_loss: 2.9097
Epoch 63/200
93/93 - 51s - 546ms/step - accuracy: 0.6061 - autoencoder_loss: 3.3103 - kl_loss: 2.3104 - loss: 4.4651 - reconstruction_loss: 1.0000 - vc_loss: 4.9600 - weighted_kl_loss: 2.3104
Epoch 73/200
93/93 - 52s - 557ms/step - accuracy: 0.6035 - autoencoder_loss: 2.8902 - kl_loss: 1.8922 - loss: 3.1178 - reconstruction_loss: 0.9980 - vc_loss: 3.2154 - weighted_kl_loss: 1.8922
Epoch 71/200
93/93 - 82s - 877ms/step - accuracy: 0.6061 - autoencoder_loss: 5.8692 - kl_loss: 4.8697 - loss: 4.3683 - reconstruction_loss: 0.9995 - vc_loss: 3.7251 - weighted_kl_loss: 4.8697
Epoch 56/200
93/93 - 51s - 551ms/step - accuracy: 0.6162 - autoencoder_loss: 4.5061 - kl_loss: 3.5055 - loss: 4.3939 - reconstruction_loss: 1.0006 - vc_loss: 4.3458 - weighted_kl_loss: 3.5055
Epoch 64/200
93/93 - 51s - 545ms/step - accuracy: 0.6061 - autoencoder_loss: 3.1973 - kl_loss: 2.1970 - loss: 4.0338 - reconstruction_loss: 1.0003 - vc_loss: 4.3923 - weighted_kl_loss: 2.1970
Epoch 74/200
93/93 - 51s - 553ms/step - accuracy: 0.6035 - autoencoder_loss: 2.8249 - kl_loss: 1.8258 - loss: 3.3448 - reconstruction_loss: 0.9990 - vc_loss: 3.5677 - weighted_kl_loss: 1.8258
Epoch 72/200
93/93 - 52s - 559ms/step - accuracy: 0.6061 - autoencoder_loss: 5.8098 - kl_loss: 4.8096 - loss: 4.6685 - reconstruction_loss: 1.0002 - vc_loss: 4.1794 - weighted_kl_loss: 4.8096
Epoch 57/200
93/93 - 52s - 559ms/step - accuracy: 0.6162 - autoencoder_loss: 4.4376 - kl_loss: 3.4379 - loss: 3.8402 - reconstruction_loss: 0.9997 - vc_loss: 3.5841 - weighted_kl_loss: 3.4379
Epoch 65/200
93/93 - 52s - 555ms/step - accuracy: 0.6061 - autoencoder_loss: 3.1820 - kl_loss: 2.1823 - loss: 3.6704 - reconstruction_loss: 0.9997 - vc_loss: 3.8796 - weighted_kl_loss: 2.1823
Epoch 75/200
93/93 - 52s - 561ms/step - accuracy: 0.6035 - autoencoder_loss: 2.8254 - kl_loss: 1.8264 - loss: 3.7534 - reconstruction_loss: 0.9990 - vc_loss: 4.1511 - weighted_kl_loss: 1.8264
Epoch 73/200
93/93 - 52s - 562ms/step - accuracy: 0.6061 - autoencoder_loss: 5.8235 - kl_loss: 4.8241 - loss: 4.7963 - reconstruction_loss: 0.9994 - vc_loss: 4.3561 - weighted_kl_loss: 4.8241
Epoch 58/200
93/93 - 51s - 549ms/step - accuracy: 0.6162 - autoencoder_loss: 4.3386 - kl_loss: 3.3371 - loss: 4.0110 - reconstruction_loss: 1.0015 - vc_loss: 3.8706 - weighted_kl_loss: 3.3371
Epoch 66/200
93/93 - 51s - 545ms/step - accuracy: 0.6061 - autoencoder_loss: 3.1142 - kl_loss: 2.1143 - loss: 3.7031 - reconstruction_loss: 0.9999 - vc_loss: 3.9555 - weighted_kl_loss: 2.1143
Epoch 76/200
93/93 - 50s - 541ms/step - accuracy: 0.6035 - autoencoder_loss: 2.7919 - kl_loss: 1.7916 - loss: 3.3503 - reconstruction_loss: 1.0003 - vc_loss: 3.5896 - weighted_kl_loss: 1.7916
Epoch 74/200
93/93 - 51s - 553ms/step - accuracy: 0.6061 - autoencoder_loss: 5.6576 - kl_loss: 4.6583 - loss: 4.5563 - reconstruction_loss: 0.9993 - vc_loss: 4.0844 - weighted_kl_loss: 4.6583
Epoch 59/200
93/93 - 50s - 541ms/step - accuracy: 0.6162 - autoencoder_loss: 4.2485 - kl_loss: 3.2481 - loss: 3.8626 - reconstruction_loss: 1.0004 - vc_loss: 3.6973 - weighted_kl_loss: 3.2481
Epoch 67/200
93/93 - 50s - 538ms/step - accuracy: 0.6061 - autoencoder_loss: 3.0547 - kl_loss: 2.0548 - loss: 3.7944 - reconstruction_loss: 0.9999 - vc_loss: 4.1113 - weighted_kl_loss: 2.0548
Epoch 77/200
93/93 - 52s - 554ms/step - accuracy: 0.6035 - autoencoder_loss: 2.7550 - kl_loss: 1.7494 - loss: 3.1165 - reconstruction_loss: 1.0056 - vc_loss: 3.2715 - weighted_kl_loss: 1.7494
Epoch 75/200
93/93 - 52s - 561ms/step - accuracy: 0.6061 - autoencoder_loss: 5.6039 - kl_loss: 4.6039 - loss: 4.4790 - reconstruction_loss: 1.0000 - vc_loss: 3.9970 - weighted_kl_loss: 4.6039
Epoch 60/200
93/93 - 51s - 552ms/step - accuracy: 0.6061 - autoencoder_loss: 3.0103 - kl_loss: 2.0095 - loss: 4.0437 - reconstruction_loss: 1.0008 - vc_loss: 4.4866 - weighted_kl_loss: 2.0095
Epoch 78/200
93/93 - 53s - 565ms/step - accuracy: 0.6162 - autoencoder_loss: 4.1723 - kl_loss: 3.1728 - loss: 3.7303 - reconstruction_loss: 0.9995 - vc_loss: 3.5408 - weighted_kl_loss: 3.1728
Epoch 68/200
93/93 - 52s - 554ms/step - accuracy: 0.6035 - autoencoder_loss: 2.6566 - kl_loss: 1.6586 - loss: 2.8123 - reconstruction_loss: 0.9980 - vc_loss: 2.8791 - weighted_kl_loss: 1.6586
Epoch 76/200
93/93 - 53s - 571ms/step - accuracy: 0.6061 - autoencoder_loss: 5.5459 - kl_loss: 4.5457 - loss: 4.2775 - reconstruction_loss: 1.0002 - vc_loss: 3.7338 - weighted_kl_loss: 4.5457
Epoch 61/200
93/93 - 51s - 547ms/step - accuracy: 0.6061 - autoencoder_loss: 3.1206 - kl_loss: 2.1210 - loss: 4.0568 - reconstruction_loss: 0.9997 - vc_loss: 4.4581 - weighted_kl_loss: 2.1210
Epoch 79/200
93/93 - 51s - 546ms/step - accuracy: 0.6162 - autoencoder_loss: 4.0613 - kl_loss: 3.0601 - loss: 3.7325 - reconstruction_loss: 1.0011 - vc_loss: 3.5915 - weighted_kl_loss: 3.0601
Epoch 69/200
93/93 - 52s - 557ms/step - accuracy: 0.6035 - autoencoder_loss: 2.5966 - kl_loss: 1.5980 - loss: 3.4615 - reconstruction_loss: 0.9986 - vc_loss: 3.8322 - weighted_kl_loss: 1.5980
Epoch 77/200
93/93 - 51s - 550ms/step - accuracy: 0.6061 - autoencoder_loss: 5.4581 - kl_loss: 4.4571 - loss: 3.9837 - reconstruction_loss: 1.0010 - vc_loss: 3.3519 - weighted_kl_loss: 4.4571
Epoch 62/200
93/93 - 51s - 544ms/step - accuracy: 0.6061 - autoencoder_loss: 3.1351 - kl_loss: 2.1351 - loss: 5.4972 - reconstruction_loss: 1.0000 - vc_loss: 6.5096 - weighted_kl_loss: 2.1351
Epoch 80/200
93/93 - 51s - 554ms/step - accuracy: 0.6162 - autoencoder_loss: 4.0066 - kl_loss: 3.0069 - loss: 3.6878 - reconstruction_loss: 0.9997 - vc_loss: 3.5512 - weighted_kl_loss: 3.0069
Epoch 70/200
93/93 - 53s - 569ms/step - accuracy: 0.6035 - autoencoder_loss: 2.5402 - kl_loss: 1.5421 - loss: 3.4404 - reconstruction_loss: 0.9981 - vc_loss: 3.8262 - weighted_kl_loss: 1.5421
Epoch 78/200
93/93 - 53s - 573ms/step - accuracy: 0.6061 - autoencoder_loss: 5.3785 - kl_loss: 4.3788 - loss: 4.2946 - reconstruction_loss: 0.9997 - vc_loss: 3.8301 - weighted_kl_loss: 4.3788
Epoch 63/200
93/93 - 52s - 562ms/step - accuracy: 0.6061 - autoencoder_loss: 2.9973 - kl_loss: 1.9979 - loss: 4.1955 - reconstruction_loss: 0.9994 - vc_loss: 4.7090 - weighted_kl_loss: 1.9979
Epoch 81/200
93/93 - 53s - 574ms/step - accuracy: 0.6162 - autoencoder_loss: 3.9656 - kl_loss: 2.9660 - loss: 3.6660 - reconstruction_loss: 0.9996 - vc_loss: 3.5375 - weighted_kl_loss: 2.9660
Epoch 71/200
93/93 - 52s - 558ms/step - accuracy: 0.6035 - autoencoder_loss: 2.4810 - kl_loss: 1.4822 - loss: 3.1544 - reconstruction_loss: 0.9988 - vc_loss: 3.4429 - weighted_kl_loss: 1.4822
Epoch 79/200
93/93 - 53s - 570ms/step - accuracy: 0.6061 - autoencoder_loss: 5.2896 - kl_loss: 4.2896 - loss: 4.3213 - reconstruction_loss: 1.0000 - vc_loss: 3.9063 - weighted_kl_loss: 4.2896
Epoch 64/200
93/93 - 52s - 556ms/step - accuracy: 0.6061 - autoencoder_loss: 2.9487 - kl_loss: 1.9491 - loss: 3.6886 - reconstruction_loss: 0.9996 - vc_loss: 4.0057 - weighted_kl_loss: 1.9491
Epoch 82/200
93/93 - 52s - 559ms/step - accuracy: 0.6162 - autoencoder_loss: 3.8783 - kl_loss: 2.8771 - loss: 3.7632 - reconstruction_loss: 1.0012 - vc_loss: 3.7139 - weighted_kl_loss: 2.8771
Epoch 72/200
93/93 - 52s - 559ms/step - accuracy: 0.6035 - autoencoder_loss: 2.4097 - kl_loss: 1.4108 - loss: 3.0263 - reconstruction_loss: 0.9989 - vc_loss: 3.2906 - weighted_kl_loss: 1.4108
Epoch 80/200
93/93 - 53s - 566ms/step - accuracy: 0.6061 - autoencoder_loss: 5.2104 - kl_loss: 4.2111 - loss: 4.1878 - reconstruction_loss: 0.9993 - vc_loss: 3.7495 - weighted_kl_loss: 4.2111
Epoch 65/200
93/93 - 52s - 559ms/step - accuracy: 0.6061 - autoencoder_loss: 2.9735 - kl_loss: 1.9742 - loss: 4.4857 - reconstruction_loss: 0.9993 - vc_loss: 5.1338 - weighted_kl_loss: 1.9742
Epoch 83/200
93/93 - 52s - 560ms/step - accuracy: 0.6162 - autoencoder_loss: 3.7902 - kl_loss: 2.7901 - loss: 3.3227 - reconstruction_loss: 1.0001 - vc_loss: 3.1224 - weighted_kl_loss: 2.7901
Epoch 73/200
93/93 - 52s - 559ms/step - accuracy: 0.6035 - autoencoder_loss: 2.3560 - kl_loss: 1.3563 - loss: 3.0411 - reconstruction_loss: 0.9998 - vc_loss: 3.3347 - weighted_kl_loss: 1.3563
Epoch 81/200
93/93 - 53s - 568ms/step - accuracy: 0.6061 - autoencoder_loss: 5.1069 - kl_loss: 4.1062 - loss: 4.0445 - reconstruction_loss: 1.0007 - vc_loss: 3.5892 - weighted_kl_loss: 4.1062
Epoch 66/200
93/93 - 51s - 546ms/step - accuracy: 0.6061 - autoencoder_loss: 3.1667 - kl_loss: 2.1675 - loss: 4.2761 - reconstruction_loss: 0.9992 - vc_loss: 4.7516 - weighted_kl_loss: 2.1675
Epoch 84/200
93/93 - 51s - 550ms/step - accuracy: 0.6162 - autoencoder_loss: 3.7297 - kl_loss: 2.7299 - loss: 3.8421 - reconstruction_loss: 0.9997 - vc_loss: 3.8903 - weighted_kl_loss: 2.7299
Epoch 74/200
93/93 - 50s - 540ms/step - accuracy: 0.6035 - autoencoder_loss: 2.2894 - kl_loss: 1.2911 - loss: 3.2583 - reconstruction_loss: 0.9982 - vc_loss: 3.6735 - weighted_kl_loss: 1.2911
Epoch 82/200
93/93 - 52s - 558ms/step - accuracy: 0.6061 - autoencoder_loss: 5.0463 - kl_loss: 4.0460 - loss: 3.6699 - reconstruction_loss: 1.0003 - vc_loss: 3.0800 - weighted_kl_loss: 4.0460
Epoch 67/200
93/93 - 50s - 532ms/step - accuracy: 0.6061 - autoencoder_loss: 3.1032 - kl_loss: 2.1033 - loss: 3.9162 - reconstruction_loss: 0.9999 - vc_loss: 4.2646 - weighted_kl_loss: 2.1033
Epoch 85/200
93/93 - 51s - 551ms/step - accuracy: 0.6162 - autoencoder_loss: 3.6659 - kl_loss: 2.6663 - loss: 3.5669 - reconstruction_loss: 0.9996 - vc_loss: 3.5244 - weighted_kl_loss: 2.6663
Epoch 75/200
93/93 - 50s - 538ms/step - accuracy: 0.6035 - autoencoder_loss: 2.2068 - kl_loss: 1.2079 - loss: 2.7989 - reconstruction_loss: 0.9989 - vc_loss: 3.0527 - weighted_kl_loss: 1.2079
Epoch 83/200
93/93 - 51s - 549ms/step - accuracy: 0.6061 - autoencoder_loss: 4.9313 - kl_loss: 3.9319 - loss: 3.8630 - reconstruction_loss: 0.9994 - vc_loss: 3.4051 - weighted_kl_loss: 3.9319
Epoch 68/200
93/93 - 51s - 545ms/step - accuracy: 0.6061 - autoencoder_loss: 3.0038 - kl_loss: 2.0043 - loss: 4.2407 - reconstruction_loss: 0.9994 - vc_loss: 4.7707 - weighted_kl_loss: 2.0043
Epoch 86/200
93/93 - 51s - 548ms/step - accuracy: 0.6162 - autoencoder_loss: 3.6177 - kl_loss: 2.6147 - loss: 3.6828 - reconstruction_loss: 1.0029 - vc_loss: 3.7107 - weighted_kl_loss: 2.6147
Epoch 76/200
93/93 - 52s - 556ms/step - accuracy: 0.6035 - autoencoder_loss: 2.1649 - kl_loss: 1.1662 - loss: 3.0389 - reconstruction_loss: 0.9988 - vc_loss: 3.4134 - weighted_kl_loss: 1.1662
Epoch 84/200
93/93 - 53s - 565ms/step - accuracy: 0.6061 - autoencoder_loss: 4.8790 - kl_loss: 3.8790 - loss: 3.9350 - reconstruction_loss: 1.0000 - vc_loss: 3.5305 - weighted_kl_loss: 3.8790
Epoch 69/200
93/93 - 51s - 554ms/step - accuracy: 0.6061 - autoencoder_loss: 2.9125 - kl_loss: 1.9127 - loss: 3.7697 - reconstruction_loss: 0.9998 - vc_loss: 4.1371 - weighted_kl_loss: 1.9127
Epoch 87/200
93/93 - 52s - 563ms/step - accuracy: 0.6162 - autoencoder_loss: 3.5491 - kl_loss: 2.5479 - loss: 3.6311 - reconstruction_loss: 1.0012 - vc_loss: 3.6662 - weighted_kl_loss: 2.5479
Epoch 77/200
93/93 - 52s - 559ms/step - accuracy: 0.6035 - autoencoder_loss: 2.1344 - kl_loss: 1.1352 - loss: 2.8848 - reconstruction_loss: 0.9992 - vc_loss: 3.2064 - weighted_kl_loss: 1.1352
Epoch 85/200
93/93 - 53s - 570ms/step - accuracy: 0.6061 - autoencoder_loss: 4.7946 - kl_loss: 3.7950 - loss: 3.8872 - reconstruction_loss: 0.9995 - vc_loss: 3.4983 - weighted_kl_loss: 3.7950
Epoch 70/200
93/93 - 51s - 544ms/step - accuracy: 0.6061 - autoencoder_loss: 2.9341 - kl_loss: 1.9346 - loss: 4.4501 - reconstruction_loss: 0.9995 - vc_loss: 5.0998 - weighted_kl_loss: 1.9346
Epoch 88/200
93/93 - 52s - 557ms/step - accuracy: 0.6162 - autoencoder_loss: 3.4398 - kl_loss: 2.4400 - loss: 3.4713 - reconstruction_loss: 0.9997 - vc_loss: 3.4848 - weighted_kl_loss: 2.4400
Epoch 78/200
93/93 - 52s - 555ms/step - accuracy: 0.6035 - autoencoder_loss: 2.1135 - kl_loss: 1.1148 - loss: 2.4766 - reconstruction_loss: 0.9987 - vc_loss: 2.6322 - weighted_kl_loss: 1.1148
Epoch 86/200
93/93 - 53s - 566ms/step - accuracy: 0.6061 - autoencoder_loss: 4.7023 - kl_loss: 3.7031 - loss: 3.8902 - reconstruction_loss: 0.9992 - vc_loss: 3.5422 - weighted_kl_loss: 3.7031
Epoch 71/200
93/93 - 50s - 543ms/step - accuracy: 0.6061 - autoencoder_loss: 2.9168 - kl_loss: 1.9177 - loss: 4.2380 - reconstruction_loss: 0.9991 - vc_loss: 4.8042 - weighted_kl_loss: 1.9177
Epoch 89/200
93/93 - 52s - 559ms/step - accuracy: 0.6162 - autoencoder_loss: 3.4085 - kl_loss: 2.4093 - loss: 3.5168 - reconstruction_loss: 0.9992 - vc_loss: 3.5632 - weighted_kl_loss: 2.4093
Epoch 79/200
93/93 - 51s - 553ms/step - accuracy: 0.6035 - autoencoder_loss: 2.0621 - kl_loss: 1.0629 - loss: 2.5665 - reconstruction_loss: 0.9992 - vc_loss: 2.7827 - weighted_kl_loss: 1.0629
Epoch 87/200
93/93 - 52s - 563ms/step - accuracy: 0.6061 - autoencoder_loss: 4.7096 - kl_loss: 3.7095 - loss: 4.1602 - reconstruction_loss: 1.0001 - vc_loss: 3.9247 - weighted_kl_loss: 3.7095
Epoch 72/200
93/93 - 52s - 558ms/step - accuracy: 0.6061 - autoencoder_loss: 2.9333 - kl_loss: 1.9333 - loss: 4.5242 - reconstruction_loss: 1.0000 - vc_loss: 5.2060 - weighted_kl_loss: 1.9333
Epoch 90/200
93/93 - 52s - 562ms/step - accuracy: 0.6162 - autoencoder_loss: 3.3571 - kl_loss: 2.3580 - loss: 3.4177 - reconstruction_loss: 0.9991 - vc_loss: 3.4436 - weighted_kl_loss: 2.3580
Epoch 80/200
93/93 - 51s - 551ms/step - accuracy: 0.6035 - autoencoder_loss: 2.0324 - kl_loss: 1.0317 - loss: 2.9711 - reconstruction_loss: 1.0007 - vc_loss: 3.3734 - weighted_kl_loss: 1.0317
Epoch 88/200
93/93 - 52s - 564ms/step - accuracy: 0.6061 - autoencoder_loss: 4.6140 - kl_loss: 3.6149 - loss: 3.8914 - reconstruction_loss: 0.9990 - vc_loss: 3.5817 - weighted_kl_loss: 3.6149
Epoch 73/200
93/93 - 50s - 539ms/step - accuracy: 0.6061 - autoencoder_loss: 2.7289 - kl_loss: 1.7290 - loss: 4.3609 - reconstruction_loss: 0.9999 - vc_loss: 5.0604 - weighted_kl_loss: 1.7290
Epoch 91/200
93/93 - 52s - 554ms/step - accuracy: 0.6162 - autoencoder_loss: 3.2975 - kl_loss: 2.2966 - loss: 3.3519 - reconstruction_loss: 1.0009 - vc_loss: 3.3752 - weighted_kl_loss: 2.2966
Epoch 81/200
93/93 - 51s - 553ms/step - accuracy: 0.6035 - autoencoder_loss: 1.9955 - kl_loss: 0.9964 - loss: 2.6402 - reconstruction_loss: 0.9991 - vc_loss: 2.9165 - weighted_kl_loss: 0.9964
Epoch 89/200
93/93 - 52s - 559ms/step - accuracy: 0.6061 - autoencoder_loss: 4.5520 - kl_loss: 3.5524 - loss: 3.9573 - reconstruction_loss: 0.9996 - vc_loss: 3.7024 - weighted_kl_loss: 3.5524
Epoch 74/200
93/93 - 51s - 548ms/step - accuracy: 0.6061 - autoencoder_loss: 2.6348 - kl_loss: 1.6351 - loss: 3.4291 - reconstruction_loss: 0.9997 - vc_loss: 3.7695 - weighted_kl_loss: 1.6351
Epoch 92/200
93/93 - 51s - 544ms/step - accuracy: 0.6162 - autoencoder_loss: 3.2374 - kl_loss: 2.2380 - loss: 3.4748 - reconstruction_loss: 0.9994 - vc_loss: 3.5766 - weighted_kl_loss: 2.2380
Epoch 82/200
93/93 - 48s - 517ms/step - accuracy: 0.6035 - autoencoder_loss: 2.1277 - kl_loss: 1.1283 - loss: 3.1243 - reconstruction_loss: 0.9994 - vc_loss: 3.5514 - weighted_kl_loss: 1.1283
Epoch 90/200
93/93 - 49s - 531ms/step - accuracy: 0.6061 - autoencoder_loss: 2.5873 - kl_loss: 1.5873 - loss: 3.6276 - reconstruction_loss: 1.0000 - vc_loss: 4.0735 - weighted_kl_loss: 1.5873
Epoch 93/200
93/93 - 51s - 551ms/step - accuracy: 0.6162 - autoencoder_loss: 3.2113 - kl_loss: 2.2119 - loss: 3.8391 - reconstruction_loss: 0.9994 - vc_loss: 4.1082 - weighted_kl_loss: 2.2119
Epoch 83/200
93/93 - 83s - 888ms/step - accuracy: 0.6061 - autoencoder_loss: 4.4432 - kl_loss: 3.4427 - loss: 3.4362 - reconstruction_loss: 1.0005 - vc_loss: 3.0046 - weighted_kl_loss: 3.4427
Epoch 75/200
93/93 - 52s - 555ms/step - accuracy: 0.6035 - autoencoder_loss: 2.2272 - kl_loss: 1.2269 - loss: 3.2928 - reconstruction_loss: 1.0003 - vc_loss: 3.7494 - weighted_kl_loss: 1.2269
Epoch 91/200
93/93 - 52s - 559ms/step - accuracy: 0.6061 - autoencoder_loss: 2.5801 - kl_loss: 1.5807 - loss: 3.5723 - reconstruction_loss: 0.9993 - vc_loss: 3.9976 - weighted_kl_loss: 1.5807
Epoch 94/200
93/93 - 52s - 564ms/step - accuracy: 0.6162 - autoencoder_loss: 3.1613 - kl_loss: 2.1616 - loss: 3.7381 - reconstruction_loss: 0.9998 - vc_loss: 3.9853 - weighted_kl_loss: 2.1616
Epoch 84/200
93/93 - 52s - 564ms/step - accuracy: 0.6061 - autoencoder_loss: 4.4219 - kl_loss: 3.4189 - loss: 3.8120 - reconstruction_loss: 1.0030 - vc_loss: 3.5506 - weighted_kl_loss: 3.4189
Epoch 76/200
93/93 - 52s - 561ms/step - accuracy: 0.6035 - autoencoder_loss: 2.2099 - kl_loss: 1.2108 - loss: 3.0311 - reconstruction_loss: 0.9991 - vc_loss: 3.3830 - weighted_kl_loss: 1.2108
Epoch 92/200
93/93 - 50s - 534ms/step - accuracy: 0.6061 - autoencoder_loss: 2.5416 - kl_loss: 1.5414 - loss: 3.4311 - reconstruction_loss: 1.0002 - vc_loss: 3.8124 - weighted_kl_loss: 1.5414
Epoch 95/200
93/93 - 51s - 545ms/step - accuracy: 0.6061 - autoencoder_loss: 4.3315 - kl_loss: 3.3316 - loss: 3.7777 - reconstruction_loss: 0.9999 - vc_loss: 3.5404 - weighted_kl_loss: 3.3316
Epoch 77/200
93/93 - 51s - 548ms/step - accuracy: 0.6035 - autoencoder_loss: 2.1713 - kl_loss: 1.1709 - loss: 3.1282 - reconstruction_loss: 1.0004 - vc_loss: 3.5382 - weighted_kl_loss: 1.1709
Epoch 93/200
93/93 - 80s - 859ms/step - accuracy: 0.6162 - autoencoder_loss: 3.1645 - kl_loss: 2.1652 - loss: 3.7531 - reconstruction_loss: 0.9993 - vc_loss: 4.0053 - weighted_kl_loss: 2.1652
Epoch 85/200
93/93 - 50s - 541ms/step - accuracy: 0.6061 - autoencoder_loss: 2.5240 - kl_loss: 1.5244 - loss: 3.2832 - reconstruction_loss: 0.9997 - vc_loss: 3.6085 - weighted_kl_loss: 1.5244
Epoch 96/200
93/93 - 51s - 550ms/step - accuracy: 0.6061 - autoencoder_loss: 4.2421 - kl_loss: 3.2425 - loss: 3.7537 - reconstruction_loss: 0.9996 - vc_loss: 3.5443 - weighted_kl_loss: 3.2425
Epoch 78/200
93/93 - 51s - 546ms/step - accuracy: 0.6035 - autoencoder_loss: 2.1387 - kl_loss: 1.1363 - loss: 2.9786 - reconstruction_loss: 1.0023 - vc_loss: 3.3385 - weighted_kl_loss: 1.1363
Epoch 94/200
93/93 - 51s - 545ms/step - accuracy: 0.6162 - autoencoder_loss: 3.0959 - kl_loss: 2.0950 - loss: 3.7876 - reconstruction_loss: 1.0010 - vc_loss: 4.0840 - weighted_kl_loss: 2.0950
Epoch 86/200
93/93 - 50s - 541ms/step - accuracy: 0.6061 - autoencoder_loss: 2.4763 - kl_loss: 1.4766 - loss: 3.4390 - reconstruction_loss: 0.9997 - vc_loss: 3.8515 - weighted_kl_loss: 1.4766
Epoch 97/200
93/93 - 51s - 548ms/step - accuracy: 0.6035 - autoencoder_loss: 2.1029 - kl_loss: 1.1032 - loss: 2.9533 - reconstruction_loss: 0.9997 - vc_loss: 3.3178 - weighted_kl_loss: 1.1032
Epoch 95/200
93/93 - 52s - 556ms/step - accuracy: 0.6061 - autoencoder_loss: 4.2227 - kl_loss: 3.2231 - loss: 3.5862 - reconstruction_loss: 0.9996 - vc_loss: 3.3134 - weighted_kl_loss: 3.2231
Epoch 79/200
93/93 - 51s - 546ms/step - accuracy: 0.6162 - autoencoder_loss: 3.0448 - kl_loss: 2.0448 - loss: 3.7957 - reconstruction_loss: 1.0000 - vc_loss: 4.1176 - weighted_kl_loss: 2.0448
Epoch 87/200
93/93 - 49s - 532ms/step - accuracy: 0.6061 - autoencoder_loss: 2.4642 - kl_loss: 1.4649 - loss: 3.5319 - reconstruction_loss: 0.9993 - vc_loss: 3.9895 - weighted_kl_loss: 1.4649
Epoch 98/200
93/93 - 51s - 547ms/step - accuracy: 0.6035 - autoencoder_loss: 2.0733 - kl_loss: 1.0740 - loss: 2.9199 - reconstruction_loss: 0.9993 - vc_loss: 3.2827 - weighted_kl_loss: 1.0740
Epoch 96/200
93/93 - 52s - 559ms/step - accuracy: 0.6061 - autoencoder_loss: 4.1579 - kl_loss: 3.1584 - loss: 3.5961 - reconstruction_loss: 0.9995 - vc_loss: 3.3553 - weighted_kl_loss: 3.1584
Epoch 80/200
93/93 - 51s - 544ms/step - accuracy: 0.6162 - autoencoder_loss: 3.0158 - kl_loss: 2.0161 - loss: 3.5101 - reconstruction_loss: 0.9998 - vc_loss: 3.7220 - weighted_kl_loss: 2.0161
Epoch 88/200
93/93 - 50s - 542ms/step - accuracy: 0.6061 - autoencoder_loss: 2.4337 - kl_loss: 1.4342 - loss: 3.4858 - reconstruction_loss: 0.9995 - vc_loss: 3.9367 - weighted_kl_loss: 1.4342
Epoch 99/200
93/93 - 51s - 553ms/step - accuracy: 0.6035 - autoencoder_loss: 2.0597 - kl_loss: 1.0597 - loss: 2.9416 - reconstruction_loss: 1.0000 - vc_loss: 3.3196 - weighted_kl_loss: 1.0597
Epoch 97/200
93/93 - 52s - 564ms/step - accuracy: 0.6061 - autoencoder_loss: 4.1049 - kl_loss: 3.1056 - loss: 3.5169 - reconstruction_loss: 0.9993 - vc_loss: 3.2648 - weighted_kl_loss: 3.1056
Epoch 81/200
93/93 - 51s - 550ms/step - accuracy: 0.6162 - autoencoder_loss: 2.9422 - kl_loss: 1.9418 - loss: 3.7767 - reconstruction_loss: 1.0003 - vc_loss: 4.1343 - weighted_kl_loss: 1.9418
Epoch 89/200
93/93 - 51s - 554ms/step - accuracy: 0.6061 - autoencoder_loss: 2.3997 - kl_loss: 1.3992 - loss: 3.2264 - reconstruction_loss: 1.0005 - vc_loss: 3.5807 - weighted_kl_loss: 1.3992
Epoch 100/200
93/93 - 52s - 555ms/step - accuracy: 0.6035 - autoencoder_loss: 2.0174 - kl_loss: 1.0176 - loss: 2.8196 - reconstruction_loss: 0.9998 - vc_loss: 3.1633 - weighted_kl_loss: 1.0176
Epoch 98/200
93/93 - 53s - 567ms/step - accuracy: 0.6061 - autoencoder_loss: 4.0356 - kl_loss: 3.0361 - loss: 3.5380 - reconstruction_loss: 0.9995 - vc_loss: 3.3247 - weighted_kl_loss: 3.0361
Epoch 82/200
93/93 - 52s - 556ms/step - accuracy: 0.6162 - autoencoder_loss: 2.8528 - kl_loss: 1.8535 - loss: 3.8914 - reconstruction_loss: 0.9992 - vc_loss: 4.3366 - weighted_kl_loss: 1.8535
Epoch 90/200
93/93 - 51s - 553ms/step - accuracy: 0.6061 - autoencoder_loss: 2.3839 - kl_loss: 1.3838 - loss: 3.1606 - reconstruction_loss: 1.0001 - vc_loss: 3.4934 - weighted_kl_loss: 1.3838
Epoch 101/200
93/93 - 51s - 552ms/step - accuracy: 0.6035 - autoencoder_loss: 2.0031 - kl_loss: 1.0037 - loss: 2.9989 - reconstruction_loss: 0.9994 - vc_loss: 3.4256 - weighted_kl_loss: 1.0037
Epoch 99/200
93/93 - 52s - 558ms/step - accuracy: 0.6061 - autoencoder_loss: 3.9529 - kl_loss: 2.9529 - loss: 3.4038 - reconstruction_loss: 1.0000 - vc_loss: 3.1684 - weighted_kl_loss: 2.9529
Epoch 83/200
93/93 - 51s - 550ms/step - accuracy: 0.6162 - autoencoder_loss: 2.7987 - kl_loss: 1.7988 - loss: 3.4574 - reconstruction_loss: 0.9998 - vc_loss: 3.7397 - weighted_kl_loss: 1.7988
Epoch 91/200
93/93 - 51s - 546ms/step - accuracy: 0.6061 - autoencoder_loss: 2.3610 - kl_loss: 1.3613 - loss: 3.8324 - reconstruction_loss: 0.9997 - vc_loss: 4.4630 - weighted_kl_loss: 1.3613
Epoch 102/200
93/93 - 52s - 559ms/step - accuracy: 0.6035 - autoencoder_loss: 1.9848 - kl_loss: 0.9857 - loss: 2.7412 - reconstruction_loss: 0.9991 - vc_loss: 3.0653 - weighted_kl_loss: 0.9857
Epoch 100/200
93/93 - 53s - 571ms/step - accuracy: 0.6061 - autoencoder_loss: 3.8779 - kl_loss: 2.8785 - loss: 3.5478 - reconstruction_loss: 0.9994 - vc_loss: 3.4063 - weighted_kl_loss: 2.8785
Epoch 84/200
93/93 - 51s - 553ms/step - accuracy: 0.6162 - autoencoder_loss: 2.7578 - kl_loss: 1.7585 - loss: 3.3249 - reconstruction_loss: 0.9993 - vc_loss: 3.5680 - weighted_kl_loss: 1.7585
Epoch 92/200
93/93 - 51s - 552ms/step - accuracy: 0.6061 - autoencoder_loss: 2.3472 - kl_loss: 1.3476 - loss: 3.6253 - reconstruction_loss: 0.9996 - vc_loss: 4.1731 - weighted_kl_loss: 1.3476
Epoch 103/200
93/93 - 51s - 552ms/step - accuracy: 0.6035 - autoencoder_loss: 2.0660 - kl_loss: 1.0660 - loss: 3.5204 - reconstruction_loss: 1.0001 - vc_loss: 4.1436 - weighted_kl_loss: 1.0660
Epoch 101/200
93/93 - 53s - 567ms/step - accuracy: 0.6061 - autoencoder_loss: 3.8153 - kl_loss: 2.8159 - loss: 3.2682 - reconstruction_loss: 0.9994 - vc_loss: 3.0337 - weighted_kl_loss: 2.8159
Epoch 85/200
93/93 - 51s - 553ms/step - accuracy: 0.6162 - autoencoder_loss: 2.7196 - kl_loss: 1.7203 - loss: 3.4756 - reconstruction_loss: 0.9993 - vc_loss: 3.7996 - weighted_kl_loss: 1.7203
Epoch 93/200
93/93 - 51s - 549ms/step - accuracy: 0.6061 - autoencoder_loss: 2.3144 - kl_loss: 1.3145 - loss: 3.4544 - reconstruction_loss: 0.9998 - vc_loss: 3.9430 - weighted_kl_loss: 1.3145
Epoch 104/200
93/93 - 51s - 548ms/step - accuracy: 0.6035 - autoencoder_loss: 2.0716 - kl_loss: 1.0719 - loss: 3.9837 - reconstruction_loss: 0.9997 - vc_loss: 4.8031 - weighted_kl_loss: 1.0719
Epoch 102/200
93/93 - 53s - 567ms/step - accuracy: 0.6061 - autoencoder_loss: 3.7953 - kl_loss: 2.7920 - loss: 3.5007 - reconstruction_loss: 1.0032 - vc_loss: 3.3745 - weighted_kl_loss: 2.7920
Epoch 86/200
93/93 - 52s - 555ms/step - accuracy: 0.6162 - autoencoder_loss: 2.6698 - kl_loss: 1.6703 - loss: 3.7026 - reconstruction_loss: 0.9995 - vc_loss: 4.1453 - weighted_kl_loss: 1.6703
Epoch 94/200
93/93 - 51s - 543ms/step - accuracy: 0.6061 - autoencoder_loss: 2.2944 - kl_loss: 1.2949 - loss: 3.5004 - reconstruction_loss: 0.9995 - vc_loss: 4.0172 - weighted_kl_loss: 1.2949
Epoch 105/200
93/93 - 52s - 558ms/step - accuracy: 0.6035 - autoencoder_loss: 2.0221 - kl_loss: 1.0215 - loss: 2.9153 - reconstruction_loss: 1.0006 - vc_loss: 3.2982 - weighted_kl_loss: 1.0215
Epoch 103/200
93/93 - 51s - 549ms/step - accuracy: 0.6162 - autoencoder_loss: 2.6453 - kl_loss: 1.6459 - loss: 3.2481 - reconstruction_loss: 0.9994 - vc_loss: 3.5065 - weighted_kl_loss: 1.6459
Epoch 95/200
93/93 - 53s - 569ms/step - accuracy: 0.6061 - autoencoder_loss: 3.6910 - kl_loss: 2.6912 - loss: 3.1068 - reconstruction_loss: 0.9998 - vc_loss: 2.8564 - weighted_kl_loss: 2.6912
Epoch 87/200
93/93 - 52s - 555ms/step - accuracy: 0.6061 - autoencoder_loss: 2.2577 - kl_loss: 1.2572 - loss: 3.1717 - reconstruction_loss: 1.0004 - vc_loss: 3.5635 - weighted_kl_loss: 1.2572
Epoch 106/200
93/93 - 49s - 526ms/step - accuracy: 0.6035 - autoencoder_loss: 1.9930 - kl_loss: 0.9937 - loss: 2.8365 - reconstruction_loss: 0.9994 - vc_loss: 3.1980 - weighted_kl_loss: 0.9937
Epoch 104/200
93/93 - 49s - 528ms/step - accuracy: 0.6162 - autoencoder_loss: 2.6079 - kl_loss: 1.6085 - loss: 3.4435 - reconstruction_loss: 0.9994 - vc_loss: 3.8016 - weighted_kl_loss: 1.6085
Epoch 96/200
93/93 - 52s - 560ms/step - accuracy: 0.6061 - autoencoder_loss: 3.6478 - kl_loss: 2.6479 - loss: 3.4336 - reconstruction_loss: 0.9999 - vc_loss: 3.3417 - weighted_kl_loss: 2.6479
Epoch 88/200
93/93 - 50s - 536ms/step - accuracy: 0.6061 - autoencoder_loss: 2.2372 - kl_loss: 1.2377 - loss: 3.3066 - reconstruction_loss: 0.9995 - vc_loss: 3.7649 - weighted_kl_loss: 1.2377
Epoch 107/200
93/93 - 51s - 551ms/step - accuracy: 0.6035 - autoencoder_loss: 1.9967 - kl_loss: 0.9973 - loss: 3.1055 - reconstruction_loss: 0.9994 - vc_loss: 3.5807 - weighted_kl_loss: 0.9973
Epoch 105/200
93/93 - 52s - 555ms/step - accuracy: 0.6162 - autoencoder_loss: 2.5525 - kl_loss: 1.5525 - loss: 3.3019 - reconstruction_loss: 1.0000 - vc_loss: 3.6231 - weighted_kl_loss: 1.5525
Epoch 97/200
93/93 - 53s - 568ms/step - accuracy: 0.6061 - autoencoder_loss: 3.5826 - kl_loss: 2.5824 - loss: 3.4521 - reconstruction_loss: 1.0001 - vc_loss: 3.3962 - weighted_kl_loss: 2.5824
Epoch 89/200
93/93 - 52s - 559ms/step - accuracy: 0.6061 - autoencoder_loss: 2.2040 - kl_loss: 1.2046 - loss: 3.3030 - reconstruction_loss: 0.9994 - vc_loss: 3.7740 - weighted_kl_loss: 1.2046
Epoch 108/200
93/93 - 51s - 553ms/step - accuracy: 0.6035 - autoencoder_loss: 1.9767 - kl_loss: 0.9773 - loss: 2.7181 - reconstruction_loss: 0.9995 - vc_loss: 3.0359 - weighted_kl_loss: 0.9773
Epoch 106/200
93/93 - 51s - 551ms/step - accuracy: 0.6162 - autoencoder_loss: 2.5260 - kl_loss: 1.5256 - loss: 3.3805 - reconstruction_loss: 1.0004 - vc_loss: 3.7468 - weighted_kl_loss: 1.5256
Epoch 98/200
93/93 - 52s - 560ms/step - accuracy: 0.6061 - autoencoder_loss: 3.5436 - kl_loss: 2.5436 - loss: 3.4685 - reconstruction_loss: 1.0000 - vc_loss: 3.4364 - weighted_kl_loss: 2.5436
Epoch 90/200
93/93 - 52s - 556ms/step - accuracy: 0.6061 - autoencoder_loss: 2.1950 - kl_loss: 1.1937 - loss: 3.0618 - reconstruction_loss: 1.0013 - vc_loss: 3.4333 - weighted_kl_loss: 1.1937
Epoch 109/200
93/93 - 52s - 559ms/step - accuracy: 0.6035 - autoencoder_loss: 1.9657 - kl_loss: 0.9663 - loss: 2.9047 - reconstruction_loss: 0.9994 - vc_loss: 3.3072 - weighted_kl_loss: 0.9663
Epoch 107/200
93/93 - 52s - 561ms/step - accuracy: 0.6162 - autoencoder_loss: 2.5034 - kl_loss: 1.5024 - loss: 3.7361 - reconstruction_loss: 1.0010 - vc_loss: 4.2644 - weighted_kl_loss: 1.5024
Epoch 99/200
93/93 - 51s - 551ms/step - accuracy: 0.6061 - autoencoder_loss: 2.1536 - kl_loss: 1.1543 - loss: 3.6425 - reconstruction_loss: 0.9993 - vc_loss: 4.2806 - weighted_kl_loss: 1.1543
Epoch 110/200
93/93 - 52s - 563ms/step - accuracy: 0.6061 - autoencoder_loss: 3.4779 - kl_loss: 2.4780 - loss: 3.9593 - reconstruction_loss: 0.9999 - vc_loss: 4.1657 - weighted_kl_loss: 2.4780
Epoch 91/200
93/93 - 51s - 550ms/step - accuracy: 0.6035 - autoencoder_loss: 2.0061 - kl_loss: 1.0059 - loss: 3.0720 - reconstruction_loss: 1.0002 - vc_loss: 3.5288 - weighted_kl_loss: 1.0059
Epoch 108/200
93/93 - 51s - 551ms/step - accuracy: 0.6162 - autoencoder_loss: 2.4640 - kl_loss: 1.4642 - loss: 3.2337 - reconstruction_loss: 0.9998 - vc_loss: 3.5636 - weighted_kl_loss: 1.4642
Epoch 100/200
93/93 - 50s - 539ms/step - accuracy: 0.6061 - autoencoder_loss: 2.1439 - kl_loss: 1.1444 - loss: 3.7775 - reconstruction_loss: 0.9996 - vc_loss: 4.4776 - weighted_kl_loss: 1.1444
Epoch 111/200
93/93 - 53s - 567ms/step - accuracy: 0.6061 - autoencoder_loss: 3.4016 - kl_loss: 2.4007 - loss: 3.3677 - reconstruction_loss: 1.0009 - vc_loss: 3.3531 - weighted_kl_loss: 2.4007
Epoch 92/200
93/93 - 52s - 561ms/step - accuracy: 0.6035 - autoencoder_loss: 1.9651 - kl_loss: 0.9658 - loss: 3.3745 - reconstruction_loss: 0.9993 - vc_loss: 3.9785 - weighted_kl_loss: 0.9658
Epoch 109/200
93/93 - 52s - 561ms/step - accuracy: 0.6162 - autoencoder_loss: 2.4326 - kl_loss: 1.4326 - loss: 3.6627 - reconstruction_loss: 1.0000 - vc_loss: 4.1899 - weighted_kl_loss: 1.4326
Epoch 101/200
93/93 - 52s - 559ms/step - accuracy: 0.6061 - autoencoder_loss: 2.1245 - kl_loss: 1.1243 - loss: 3.7940 - reconstruction_loss: 1.0002 - vc_loss: 4.5095 - weighted_kl_loss: 1.1243
Epoch 112/200
93/93 - 53s - 571ms/step - accuracy: 0.6061 - autoencoder_loss: 3.3756 - kl_loss: 2.3689 - loss: 3.7386 - reconstruction_loss: 1.0068 - vc_loss: 3.8941 - weighted_kl_loss: 2.3689
Epoch 93/200
93/93 - 52s - 554ms/step - accuracy: 0.6035 - autoencoder_loss: 1.9277 - kl_loss: 0.9277 - loss: 3.2065 - reconstruction_loss: 1.0000 - vc_loss: 3.7546 - weighted_kl_loss: 0.9277
Epoch 110/200
93/93 - 52s - 556ms/step - accuracy: 0.6162 - autoencoder_loss: 2.3938 - kl_loss: 1.3938 - loss: 3.4642 - reconstruction_loss: 1.0000 - vc_loss: 3.9229 - weighted_kl_loss: 1.3938
Epoch 102/200
93/93 - 50s - 538ms/step - accuracy: 0.6061 - autoencoder_loss: 2.0794 - kl_loss: 1.0798 - loss: 3.1177 - reconstruction_loss: 0.9996 - vc_loss: 3.5627 - weighted_kl_loss: 1.0798
Epoch 113/200
93/93 - 51s - 553ms/step - accuracy: 0.6061 - autoencoder_loss: 3.3039 - kl_loss: 2.3048 - loss: 3.0412 - reconstruction_loss: 0.9991 - vc_loss: 2.9286 - weighted_kl_loss: 2.3048
Epoch 94/200
93/93 - 50s - 540ms/step - accuracy: 0.6035 - autoencoder_loss: 1.8998 - kl_loss: 0.9001 - loss: 2.8783 - reconstruction_loss: 0.9998 - vc_loss: 3.2977 - weighted_kl_loss: 0.9001
Epoch 111/200
93/93 - 52s - 555ms/step - accuracy: 0.6162 - autoencoder_loss: 2.3386 - kl_loss: 1.3386 - loss: 3.3292 - reconstruction_loss: 1.0000 - vc_loss: 3.7537 - weighted_kl_loss: 1.3386
Epoch 103/200
93/93 - 50s - 542ms/step - accuracy: 0.6061 - autoencoder_loss: 2.0462 - kl_loss: 1.0430 - loss: 3.6762 - reconstruction_loss: 1.0031 - vc_loss: 4.3747 - weighted_kl_loss: 1.0430
Epoch 114/200
93/93 - 52s - 556ms/step - accuracy: 0.6061 - autoencoder_loss: 3.2648 - kl_loss: 2.2652 - loss: 2.9928 - reconstruction_loss: 0.9996 - vc_loss: 2.8762 - weighted_kl_loss: 2.2652
Epoch 95/200
93/93 - 51s - 554ms/step - accuracy: 0.6035 - autoencoder_loss: 1.8942 - kl_loss: 0.8948 - loss: 3.0423 - reconstruction_loss: 0.9993 - vc_loss: 3.5344 - weighted_kl_loss: 0.8948
Epoch 112/200
93/93 - 52s - 561ms/step - accuracy: 0.6162 - autoencoder_loss: 2.3201 - kl_loss: 1.3204 - loss: 3.1287 - reconstruction_loss: 0.9996 - vc_loss: 3.4753 - weighted_kl_loss: 1.3204
Epoch 104/200
93/93 - 52s - 557ms/step - accuracy: 0.6061 - autoencoder_loss: 2.0345 - kl_loss: 1.0335 - loss: 3.2089 - reconstruction_loss: 1.0010 - vc_loss: 3.7122 - weighted_kl_loss: 1.0335
Epoch 115/200
93/93 - 53s - 571ms/step - accuracy: 0.6061 - autoencoder_loss: 3.1918 - kl_loss: 2.1919 - loss: 3.2981 - reconstruction_loss: 1.0000 - vc_loss: 3.3436 - weighted_kl_loss: 2.1919
Epoch 96/200
93/93 - 52s - 563ms/step - accuracy: 0.6035 - autoencoder_loss: 1.8494 - kl_loss: 0.8495 - loss: 2.8807 - reconstruction_loss: 0.9999 - vc_loss: 3.3227 - weighted_kl_loss: 0.8495
Epoch 113/200
93/93 - 52s - 563ms/step - accuracy: 0.6162 - autoencoder_loss: 2.2819 - kl_loss: 1.2825 - loss: 3.0957 - reconstruction_loss: 0.9994 - vc_loss: 3.4445 - weighted_kl_loss: 1.2825
Epoch 105/200
93/93 - 52s - 561ms/step - accuracy: 0.6061 - autoencoder_loss: 2.0162 - kl_loss: 1.0168 - loss: 3.1806 - reconstruction_loss: 0.9995 - vc_loss: 3.6797 - weighted_kl_loss: 1.0168
Epoch 116/200
93/93 - 53s - 570ms/step - accuracy: 0.6061 - autoencoder_loss: 3.1516 - kl_loss: 2.1515 - loss: 3.4249 - reconstruction_loss: 1.0001 - vc_loss: 3.5421 - weighted_kl_loss: 2.1515
Epoch 97/200
93/93 - 52s - 558ms/step - accuracy: 0.6035 - autoencoder_loss: 1.8983 - kl_loss: 0.8986 - loss: 3.1438 - reconstruction_loss: 0.9997 - vc_loss: 3.6776 - weighted_kl_loss: 0.8986
Epoch 114/200
93/93 - 52s - 557ms/step - accuracy: 0.6162 - autoencoder_loss: 2.2623 - kl_loss: 1.2598 - loss: 3.4918 - reconstruction_loss: 1.0025 - vc_loss: 4.0187 - weighted_kl_loss: 1.2598
Epoch 106/200
93/93 - 52s - 554ms/step - accuracy: 0.6061 - autoencoder_loss: 1.9922 - kl_loss: 0.9927 - loss: 3.0006 - reconstruction_loss: 0.9996 - vc_loss: 3.4327 - weighted_kl_loss: 0.9927
Epoch 117/200
93/93 - 52s - 564ms/step - accuracy: 0.6061 - autoencoder_loss: 3.0995 - kl_loss: 2.0996 - loss: 3.1176 - reconstruction_loss: 0.9999 - vc_loss: 3.1254 - weighted_kl_loss: 2.0996
Epoch 98/200
93/93 - 52s - 559ms/step - accuracy: 0.6035 - autoencoder_loss: 1.8923 - kl_loss: 0.8922 - loss: 3.0504 - reconstruction_loss: 1.0001 - vc_loss: 3.5468 - weighted_kl_loss: 0.8922
Epoch 115/200
93/93 - 51s - 552ms/step - accuracy: 0.6061 - autoencoder_loss: 1.9729 - kl_loss: 0.9727 - loss: 3.0834 - reconstruction_loss: 1.0002 - vc_loss: 3.5594 - weighted_kl_loss: 0.9727
Epoch 118/200
93/93 - 52s - 560ms/step - accuracy: 0.6162 - autoencoder_loss: 2.2216 - kl_loss: 1.2198 - loss: 3.4701 - reconstruction_loss: 1.0019 - vc_loss: 4.0051 - weighted_kl_loss: 1.2198
Epoch 107/200
93/93 - 53s - 566ms/step - accuracy: 0.6061 - autoencoder_loss: 3.0007 - kl_loss: 2.0005 - loss: 3.4561 - reconstruction_loss: 1.0001 - vc_loss: 3.6513 - weighted_kl_loss: 2.0005
Epoch 99/200
93/93 - 51s - 547ms/step - accuracy: 0.6035 - autoencoder_loss: 1.8827 - kl_loss: 0.8829 - loss: 3.2972 - reconstruction_loss: 0.9998 - vc_loss: 3.9035 - weighted_kl_loss: 0.8829
Epoch 116/200
93/93 - 50s - 541ms/step - accuracy: 0.6162 - autoencoder_loss: 2.1866 - kl_loss: 1.1866 - loss: 3.5194 - reconstruction_loss: 1.0000 - vc_loss: 4.0906 - weighted_kl_loss: 1.1866
Epoch 108/200
93/93 - 51s - 546ms/step - accuracy: 0.6061 - autoencoder_loss: 1.9237 - kl_loss: 0.9237 - loss: 3.0825 - reconstruction_loss: 1.0000 - vc_loss: 3.5791 - weighted_kl_loss: 0.9237
Epoch 119/200
93/93 - 52s - 559ms/step - accuracy: 0.6061 - autoencoder_loss: 2.9684 - kl_loss: 1.9689 - loss: 3.0609 - reconstruction_loss: 0.9995 - vc_loss: 3.1005 - weighted_kl_loss: 1.9689
Epoch 100/200
93/93 - 51s - 553ms/step - accuracy: 0.6035 - autoencoder_loss: 1.8600 - kl_loss: 0.8608 - loss: 2.8626 - reconstruction_loss: 0.9992 - vc_loss: 3.2923 - weighted_kl_loss: 0.8608
Epoch 117/200
93/93 - 49s - 523ms/step - accuracy: 0.6162 - autoencoder_loss: 2.1509 - kl_loss: 1.1517 - loss: 3.4832 - reconstruction_loss: 0.9991 - vc_loss: 4.0542 - weighted_kl_loss: 1.1517
Epoch 109/200
93/93 - 49s - 524ms/step - accuracy: 0.6061 - autoencoder_loss: 1.9045 - kl_loss: 0.9034 - loss: 3.4916 - reconstruction_loss: 1.0010 - vc_loss: 4.1718 - weighted_kl_loss: 0.9034
Epoch 120/200
93/93 - 50s - 533ms/step - accuracy: 0.6035 - autoencoder_loss: 1.8350 - kl_loss: 0.8351 - loss: 3.1472 - reconstruction_loss: 0.9999 - vc_loss: 3.7096 - weighted_kl_loss: 0.8351
Epoch 118/200
93/93 - 81s - 872ms/step - accuracy: 0.6061 - autoencoder_loss: 2.9075 - kl_loss: 1.9082 - loss: 3.3491 - reconstruction_loss: 0.9993 - vc_loss: 3.5384 - weighted_kl_loss: 1.9082
Epoch 101/200
93/93 - 50s - 533ms/step - accuracy: 0.6162 - autoencoder_loss: 2.1360 - kl_loss: 1.1360 - loss: 3.8619 - reconstruction_loss: 0.9999 - vc_loss: 4.6016 - weighted_kl_loss: 1.1360
Epoch 110/200
93/93 - 50s - 540ms/step - accuracy: 0.6061 - autoencoder_loss: 1.8686 - kl_loss: 0.8695 - loss: 3.3704 - reconstruction_loss: 0.9992 - vc_loss: 4.0139 - weighted_kl_loss: 0.8695
Epoch 121/200
93/93 - 50s - 533ms/step - accuracy: 0.6035 - autoencoder_loss: 1.8025 - kl_loss: 0.8026 - loss: 2.8703 - reconstruction_loss: 0.9999 - vc_loss: 3.3279 - weighted_kl_loss: 0.8026
Epoch 119/200
93/93 - 51s - 547ms/step - accuracy: 0.6061 - autoencoder_loss: 2.8656 - kl_loss: 1.8660 - loss: 3.2198 - reconstruction_loss: 0.9996 - vc_loss: 3.3716 - weighted_kl_loss: 1.8660
Epoch 102/200
93/93 - 50s - 535ms/step - accuracy: 0.6162 - autoencoder_loss: 2.1150 - kl_loss: 1.1153 - loss: 3.4674 - reconstruction_loss: 0.9997 - vc_loss: 4.0471 - weighted_kl_loss: 1.1153
Epoch 111/200
93/93 - 49s - 528ms/step - accuracy: 0.6061 - autoencoder_loss: 1.8474 - kl_loss: 0.8478 - loss: 3.2590 - reconstruction_loss: 0.9996 - vc_loss: 3.8640 - weighted_kl_loss: 0.8478
Epoch 122/200
93/93 - 52s - 555ms/step - accuracy: 0.6035 - autoencoder_loss: 1.7809 - kl_loss: 0.7808 - loss: 2.8967 - reconstruction_loss: 1.0001 - vc_loss: 3.3749 - weighted_kl_loss: 0.7808
Epoch 120/200
93/93 - 51s - 554ms/step - accuracy: 0.6061 - autoencoder_loss: 2.8513 - kl_loss: 1.8444 - loss: 3.0794 - reconstruction_loss: 1.0068 - vc_loss: 3.1771 - weighted_kl_loss: 1.8444
Epoch 103/200
93/93 - 51s - 552ms/step - accuracy: 0.6162 - autoencoder_loss: 2.1029 - kl_loss: 1.1033 - loss: 3.7365 - reconstruction_loss: 0.9996 - vc_loss: 4.4365 - weighted_kl_loss: 1.1033
Epoch 112/200
93/93 - 51s - 547ms/step - accuracy: 0.6061 - autoencoder_loss: 1.8120 - kl_loss: 0.8127 - loss: 2.9790 - reconstruction_loss: 0.9993 - vc_loss: 3.4791 - weighted_kl_loss: 0.8127
Epoch 123/200
93/93 - 51s - 551ms/step - accuracy: 0.6035 - autoencoder_loss: 1.7831 - kl_loss: 0.7834 - loss: 3.0969 - reconstruction_loss: 0.9996 - vc_loss: 3.6600 - weighted_kl_loss: 0.7834
Epoch 121/200
93/93 - 53s - 567ms/step - accuracy: 0.6061 - autoencoder_loss: 2.7602 - kl_loss: 1.7590 - loss: 3.0832 - reconstruction_loss: 1.0012 - vc_loss: 3.2216 - weighted_kl_loss: 1.7590
Epoch 104/200
93/93 - 52s - 556ms/step - accuracy: 0.6162 - autoencoder_loss: 2.0678 - kl_loss: 1.0685 - loss: 3.9857 - reconstruction_loss: 0.9993 - vc_loss: 4.8076 - weighted_kl_loss: 1.0685
Epoch 113/200
93/93 - 52s - 556ms/step - accuracy: 0.6061 - autoencoder_loss: 1.8248 - kl_loss: 0.8218 - loss: 3.0842 - reconstruction_loss: 1.0030 - vc_loss: 3.6239 - weighted_kl_loss: 0.8218
Epoch 124/200
93/93 - 52s - 559ms/step - accuracy: 0.6035 - autoencoder_loss: 1.7521 - kl_loss: 0.7522 - loss: 2.7983 - reconstruction_loss: 0.9998 - vc_loss: 3.2466 - weighted_kl_loss: 0.7522
Epoch 122/200
93/93 - 53s - 567ms/step - accuracy: 0.6061 - autoencoder_loss: 2.7126 - kl_loss: 1.7123 - loss: 3.0069 - reconstruction_loss: 1.0003 - vc_loss: 3.1330 - weighted_kl_loss: 1.7123
Epoch 105/200
93/93 - 51s - 549ms/step - accuracy: 0.6061 - autoencoder_loss: 1.8315 - kl_loss: 0.8310 - loss: 3.1706 - reconstruction_loss: 1.0005 - vc_loss: 3.7444 - weighted_kl_loss: 0.8310
Epoch 125/200
93/93 - 52s - 560ms/step - accuracy: 0.6162 - autoencoder_loss: 2.0852 - kl_loss: 1.0847 - loss: 3.6886 - reconstruction_loss: 1.0005 - vc_loss: 4.3758 - weighted_kl_loss: 1.0847
Epoch 114/200
93/93 - 50s - 541ms/step - accuracy: 0.6035 - autoencoder_loss: 1.7275 - kl_loss: 0.7280 - loss: 3.0730 - reconstruction_loss: 0.9995 - vc_loss: 3.6497 - weighted_kl_loss: 0.7280
Epoch 123/200
93/93 - 49s - 530ms/step - accuracy: 0.6061 - autoencoder_loss: 1.8269 - kl_loss: 0.8277 - loss: 3.5099 - reconstruction_loss: 0.9993 - vc_loss: 4.2311 - weighted_kl_loss: 0.8277
Epoch 126/200
93/93 - 51s - 550ms/step - accuracy: 0.6061 - autoencoder_loss: 2.6297 - kl_loss: 1.6306 - loss: 3.3822 - reconstruction_loss: 0.9992 - vc_loss: 3.7046 - weighted_kl_loss: 1.6306
Epoch 106/200
93/93 - 51s - 552ms/step - accuracy: 0.6162 - autoencoder_loss: 2.0240 - kl_loss: 1.0247 - loss: 3.8081 - reconstruction_loss: 0.9993 - vc_loss: 4.5727 - weighted_kl_loss: 1.0247
Epoch 115/200
93/93 - 50s - 540ms/step - accuracy: 0.6035 - autoencoder_loss: 1.6980 - kl_loss: 0.6989 - loss: 2.9709 - reconstruction_loss: 0.9992 - vc_loss: 3.5164 - weighted_kl_loss: 0.6989
Epoch 124/200
93/93 - 51s - 544ms/step - accuracy: 0.6061 - autoencoder_loss: 1.8002 - kl_loss: 0.8006 - loss: 2.7234 - reconstruction_loss: 0.9996 - vc_loss: 3.1191 - weighted_kl_loss: 0.8006
Epoch 127/200
93/93 - 51s - 548ms/step - accuracy: 0.6061 - autoencoder_loss: 2.6134 - kl_loss: 1.6138 - loss: 3.0293 - reconstruction_loss: 0.9996 - vc_loss: 3.2075 - weighted_kl_loss: 1.6138
Epoch 107/200
93/93 - 51s - 553ms/step - accuracy: 0.6162 - autoencoder_loss: 2.0126 - kl_loss: 1.0119 - loss: 3.4310 - reconstruction_loss: 1.0007 - vc_loss: 4.0389 - weighted_kl_loss: 1.0119
Epoch 116/200
93/93 - 52s - 559ms/step - accuracy: 0.6035 - autoencoder_loss: 1.6755 - kl_loss: 0.6760 - loss: 3.3232 - reconstruction_loss: 0.9994 - vc_loss: 4.0293 - weighted_kl_loss: 0.6760
Epoch 125/200
93/93 - 52s - 558ms/step - accuracy: 0.6061 - autoencoder_loss: 1.7590 - kl_loss: 0.7587 - loss: 3.1198 - reconstruction_loss: 1.0003 - vc_loss: 3.7030 - weighted_kl_loss: 0.7587
Epoch 128/200
93/93 - 53s - 569ms/step - accuracy: 0.6061 - autoencoder_loss: 2.5673 - kl_loss: 1.5678 - loss: 2.8000 - reconstruction_loss: 0.9994 - vc_loss: 2.8997 - weighted_kl_loss: 1.5678
Epoch 108/200
93/93 - 52s - 555ms/step - accuracy: 0.6162 - autoencoder_loss: 1.9825 - kl_loss: 0.9811 - loss: 3.3532 - reconstruction_loss: 1.0014 - vc_loss: 3.9406 - weighted_kl_loss: 0.9811
Epoch 117/200
93/93 - 52s - 560ms/step - accuracy: 0.6035 - autoencoder_loss: 1.6600 - kl_loss: 0.6601 - loss: 2.8578 - reconstruction_loss: 0.9999 - vc_loss: 3.3711 - weighted_kl_loss: 0.6601
Epoch 126/200
93/93 - 52s - 560ms/step - accuracy: 0.6061 - autoencoder_loss: 1.7871 - kl_loss: 0.7873 - loss: 3.3736 - reconstruction_loss: 0.9998 - vc_loss: 4.0535 - weighted_kl_loss: 0.7873
Epoch 129/200
93/93 - 52s - 558ms/step - accuracy: 0.6162 - autoencoder_loss: 1.9642 - kl_loss: 0.9650 - loss: 3.3989 - reconstruction_loss: 0.9992 - vc_loss: 4.0137 - weighted_kl_loss: 0.9650
Epoch 118/200
93/93 - 53s - 566ms/step - accuracy: 0.6061 - autoencoder_loss: 2.5322 - kl_loss: 1.5326 - loss: 3.2313 - reconstruction_loss: 0.9996 - vc_loss: 3.5309 - weighted_kl_loss: 1.5326
Epoch 109/200
93/93 - 52s - 556ms/step - accuracy: 0.6035 - autoencoder_loss: 1.6454 - kl_loss: 0.6459 - loss: 2.7711 - reconstruction_loss: 0.9995 - vc_loss: 3.2536 - weighted_kl_loss: 0.6459
Epoch 127/200
93/93 - 51s - 549ms/step - accuracy: 0.6061 - autoencoder_loss: 1.7375 - kl_loss: 0.7380 - loss: 3.2688 - reconstruction_loss: 0.9995 - vc_loss: 3.9251 - weighted_kl_loss: 0.7380
Epoch 130/200
93/93 - 50s - 539ms/step - accuracy: 0.6162 - autoencoder_loss: 2.1766 - kl_loss: 1.1775 - loss: 3.4491 - reconstruction_loss: 0.9991 - vc_loss: 3.9944 - weighted_kl_loss: 1.1775
Epoch 119/200
93/93 - 52s - 564ms/step - accuracy: 0.6061 - autoencoder_loss: 2.5207 - kl_loss: 1.5212 - loss: 3.2288 - reconstruction_loss: 0.9995 - vc_loss: 3.5322 - weighted_kl_loss: 1.5212
Epoch 110/200
93/93 - 51s - 553ms/step - accuracy: 0.6035 - autoencoder_loss: 1.6298 - kl_loss: 0.6306 - loss: 2.9884 - reconstruction_loss: 0.9992 - vc_loss: 3.5706 - weighted_kl_loss: 0.6306
Epoch 128/200
93/93 - 51s - 554ms/step - accuracy: 0.6061 - autoencoder_loss: 1.8513 - kl_loss: 0.8506 - loss: 3.0454 - reconstruction_loss: 1.0007 - vc_loss: 3.5572 - weighted_kl_loss: 0.8506
Epoch 131/200
93/93 - 51s - 552ms/step - accuracy: 0.6162 - autoencoder_loss: 2.1738 - kl_loss: 1.1746 - loss: 3.4639 - reconstruction_loss: 0.9992 - vc_loss: 4.0167 - weighted_kl_loss: 1.1746
Epoch 120/200
93/93 - 53s - 570ms/step - accuracy: 0.6061 - autoencoder_loss: 2.5633 - kl_loss: 1.5605 - loss: 3.6612 - reconstruction_loss: 1.0028 - vc_loss: 4.1317 - weighted_kl_loss: 1.5605
Epoch 111/200
93/93 - 52s - 560ms/step - accuracy: 0.6035 - autoencoder_loss: 1.5963 - kl_loss: 0.5969 - loss: 2.9481 - reconstruction_loss: 0.9995 - vc_loss: 3.5274 - weighted_kl_loss: 0.5969
Epoch 129/200
93/93 - 52s - 560ms/step - accuracy: 0.6061 - autoencoder_loss: 1.8778 - kl_loss: 0.8774 - loss: 3.3163 - reconstruction_loss: 1.0003 - vc_loss: 3.9328 - weighted_kl_loss: 0.8774
Epoch 132/200
93/93 - 52s - 560ms/step - accuracy: 0.6162 - autoencoder_loss: 2.0873 - kl_loss: 1.0874 - loss: 2.9993 - reconstruction_loss: 0.9999 - vc_loss: 3.3901 - weighted_kl_loss: 1.0874
Epoch 121/200
93/93 - 53s - 571ms/step - accuracy: 0.6061 - autoencoder_loss: 2.4322 - kl_loss: 1.4320 - loss: 3.4286 - reconstruction_loss: 1.0002 - vc_loss: 3.8556 - weighted_kl_loss: 1.4320
Epoch 112/200
93/93 - 51s - 551ms/step - accuracy: 0.6035 - autoencoder_loss: 1.5998 - kl_loss: 0.5959 - loss: 3.0384 - reconstruction_loss: 1.0039 - vc_loss: 3.6549 - weighted_kl_loss: 0.5959
Epoch 130/200
93/93 - 51s - 547ms/step - accuracy: 0.6061 - autoencoder_loss: 1.7926 - kl_loss: 0.7926 - loss: 2.9187 - reconstruction_loss: 1.0000 - vc_loss: 3.4013 - weighted_kl_loss: 0.7926
Epoch 133/200
93/93 - 51s - 550ms/step - accuracy: 0.6162 - autoencoder_loss: 1.9951 - kl_loss: 0.9955 - loss: 3.3671 - reconstruction_loss: 0.9996 - vc_loss: 3.9550 - weighted_kl_loss: 0.9955
Epoch 122/200
93/93 - 52s - 557ms/step - accuracy: 0.6061 - autoencoder_loss: 2.3505 - kl_loss: 1.3512 - loss: 3.5297 - reconstruction_loss: 0.9993 - vc_loss: 4.0350 - weighted_kl_loss: 1.3512
Epoch 113/200
93/93 - 50s - 537ms/step - accuracy: 0.6035 - autoencoder_loss: 1.6027 - kl_loss: 0.5959 - loss: 2.9861 - reconstruction_loss: 1.0068 - vc_loss: 3.5791 - weighted_kl_loss: 0.5959
Epoch 131/200
93/93 - 51s - 546ms/step - accuracy: 0.6061 - autoencoder_loss: 1.7403 - kl_loss: 0.7397 - loss: 2.9933 - reconstruction_loss: 1.0006 - vc_loss: 3.5303 - weighted_kl_loss: 0.7397
Epoch 134/200
93/93 - 52s - 555ms/step - accuracy: 0.6162 - autoencoder_loss: 1.9752 - kl_loss: 0.9760 - loss: 3.2216 - reconstruction_loss: 0.9991 - vc_loss: 3.7558 - weighted_kl_loss: 0.9760
Epoch 123/200
93/93 - 51s - 545ms/step - accuracy: 0.6061 - autoencoder_loss: 2.3309 - kl_loss: 1.3318 - loss: 3.3036 - reconstruction_loss: 0.9991 - vc_loss: 3.7205 - weighted_kl_loss: 1.3318
Epoch 114/200
93/93 - 52s - 555ms/step - accuracy: 0.6035 - autoencoder_loss: 1.5473 - kl_loss: 0.5476 - loss: 2.6405 - reconstruction_loss: 0.9997 - vc_loss: 3.1090 - weighted_kl_loss: 0.5476
Epoch 132/200
93/93 - 52s - 561ms/step - accuracy: 0.6061 - autoencoder_loss: 1.6859 - kl_loss: 0.6847 - loss: 2.8269 - reconstruction_loss: 1.0012 - vc_loss: 3.3159 - weighted_kl_loss: 0.6847
Epoch 135/200
93/93 - 52s - 559ms/step - accuracy: 0.6162 - autoencoder_loss: 1.9012 - kl_loss: 0.9014 - loss: 3.3451 - reconstruction_loss: 0.9998 - vc_loss: 3.9640 - weighted_kl_loss: 0.9014
Epoch 124/200
93/93 - 53s - 570ms/step - accuracy: 0.6061 - autoencoder_loss: 2.2693 - kl_loss: 1.2697 - loss: 3.4971 - reconstruction_loss: 0.9996 - vc_loss: 4.0233 - weighted_kl_loss: 1.2697
Epoch 115/200
93/93 - 51s - 544ms/step - accuracy: 0.6035 - autoencoder_loss: 1.5449 - kl_loss: 0.5434 - loss: 2.4339 - reconstruction_loss: 1.0015 - vc_loss: 2.8150 - weighted_kl_loss: 0.5434
Epoch 133/200
93/93 - 51s - 548ms/step - accuracy: 0.6061 - autoencoder_loss: 1.6813 - kl_loss: 0.6810 - loss: 2.5589 - reconstruction_loss: 1.0003 - vc_loss: 2.9351 - weighted_kl_loss: 0.6810
Epoch 136/200
93/93 - 51s - 547ms/step - accuracy: 0.6162 - autoencoder_loss: 2.0156 - kl_loss: 1.0163 - loss: 3.2678 - reconstruction_loss: 0.9993 - vc_loss: 3.8044 - weighted_kl_loss: 1.0163
Epoch 125/200
93/93 - 51s - 550ms/step - accuracy: 0.6061 - autoencoder_loss: 2.2345 - kl_loss: 1.2352 - loss: 3.2387 - reconstruction_loss: 0.9993 - vc_loss: 3.6691 - weighted_kl_loss: 1.2352
Epoch 116/200
93/93 - 50s - 535ms/step - accuracy: 0.6035 - autoencoder_loss: 1.5283 - kl_loss: 0.5291 - loss: 2.7359 - reconstruction_loss: 0.9992 - vc_loss: 3.2535 - weighted_kl_loss: 0.5291
Epoch 134/200
93/93 - 51s - 548ms/step - accuracy: 0.6061 - autoencoder_loss: 1.6445 - kl_loss: 0.6441 - loss: 3.1780 - reconstruction_loss: 1.0005 - vc_loss: 3.8352 - weighted_kl_loss: 0.6441
Epoch 137/200
93/93 - 51s - 550ms/step - accuracy: 0.6162 - autoencoder_loss: 1.8850 - kl_loss: 0.8856 - loss: 2.9785 - reconstruction_loss: 0.9994 - vc_loss: 3.4472 - weighted_kl_loss: 0.8856
Epoch 126/200
93/93 - 52s - 563ms/step - accuracy: 0.6061 - autoencoder_loss: 2.1929 - kl_loss: 1.1932 - loss: 3.2330 - reconstruction_loss: 0.9997 - vc_loss: 3.6788 - weighted_kl_loss: 1.1932
Epoch 117/200
93/93 - 52s - 557ms/step - accuracy: 0.6035 - autoencoder_loss: 1.5230 - kl_loss: 0.5235 - loss: 2.6479 - reconstruction_loss: 0.9995 - vc_loss: 3.1300 - weighted_kl_loss: 0.5235
Epoch 135/200
93/93 - 50s - 536ms/step - accuracy: 0.6061 - autoencoder_loss: 1.5831 - kl_loss: 0.5835 - loss: 2.8748 - reconstruction_loss: 0.9996 - vc_loss: 3.4283 - weighted_kl_loss: 0.5835
Epoch 138/200
93/93 - 52s - 555ms/step - accuracy: 0.6162 - autoencoder_loss: 1.8707 - kl_loss: 0.8712 - loss: 2.9831 - reconstruction_loss: 0.9995 - vc_loss: 3.4598 - weighted_kl_loss: 0.8712
Epoch 127/200
93/93 - 52s - 557ms/step - accuracy: 0.6061 - autoencoder_loss: 2.1860 - kl_loss: 1.1867 - loss: 3.3811 - reconstruction_loss: 0.9992 - vc_loss: 3.8933 - weighted_kl_loss: 1.1867
Epoch 118/200
93/93 - 51s - 553ms/step - accuracy: 0.6035 - autoencoder_loss: 1.5054 - kl_loss: 0.5051 - loss: 2.7435 - reconstruction_loss: 1.0003 - vc_loss: 3.2741 - weighted_kl_loss: 0.5051
Epoch 136/200
93/93 - 51s - 551ms/step - accuracy: 0.6061 - autoencoder_loss: 1.5603 - kl_loss: 0.5601 - loss: 2.9174 - reconstruction_loss: 1.0002 - vc_loss: 3.4990 - weighted_kl_loss: 0.5601
Epoch 139/200
93/93 - 52s - 555ms/step - accuracy: 0.6162 - autoencoder_loss: 1.8715 - kl_loss: 0.8715 - loss: 3.0977 - reconstruction_loss: 1.0000 - vc_loss: 3.6232 - weighted_kl_loss: 0.8715
Epoch 128/200
93/93 - 53s - 571ms/step - accuracy: 0.6061 - autoencoder_loss: 2.1165 - kl_loss: 1.1163 - loss: 3.6222 - reconstruction_loss: 1.0003 - vc_loss: 4.2675 - weighted_kl_loss: 1.1163
Epoch 119/200
93/93 - 52s - 557ms/step - accuracy: 0.6035 - autoencoder_loss: 1.4993 - kl_loss: 0.4998 - loss: 2.6563 - reconstruction_loss: 0.9995 - vc_loss: 3.1521 - weighted_kl_loss: 0.4998
Epoch 137/200
93/93 - 52s - 559ms/step - accuracy: 0.6061 - autoencoder_loss: 1.5287 - kl_loss: 0.5291 - loss: 2.7068 - reconstruction_loss: 0.9996 - vc_loss: 3.2117 - weighted_kl_loss: 0.5291
Epoch 140/200
93/93 - 52s - 560ms/step - accuracy: 0.6162 - autoencoder_loss: 1.8695 - kl_loss: 0.8689 - loss: 3.2801 - reconstruction_loss: 1.0006 - vc_loss: 3.8847 - weighted_kl_loss: 0.8689
Epoch 129/200
93/93 - 53s - 570ms/step - accuracy: 0.6061 - autoencoder_loss: 2.0383 - kl_loss: 1.0393 - loss: 3.3293 - reconstruction_loss: 0.9990 - vc_loss: 3.8826 - weighted_kl_loss: 1.0393
Epoch 120/200
93/93 - 51s - 551ms/step - accuracy: 0.6035 - autoencoder_loss: 1.4895 - kl_loss: 0.4897 - loss: 2.9261 - reconstruction_loss: 0.9998 - vc_loss: 3.5418 - weighted_kl_loss: 0.4897
Epoch 138/200
93/93 - 51s - 546ms/step - accuracy: 0.6061 - autoencoder_loss: 1.5215 - kl_loss: 0.5219 - loss: 3.1731 - reconstruction_loss: 0.9995 - vc_loss: 3.8809 - weighted_kl_loss: 0.5219
Epoch 141/200
93/93 - 51s - 551ms/step - accuracy: 0.6162 - autoencoder_loss: 1.8516 - kl_loss: 0.8513 - loss: 3.1911 - reconstruction_loss: 1.0003 - vc_loss: 3.7651 - weighted_kl_loss: 0.8513
Epoch 130/200
93/93 - 52s - 561ms/step - accuracy: 0.6061 - autoencoder_loss: 2.1442 - kl_loss: 1.1449 - loss: 3.2152 - reconstruction_loss: 0.9993 - vc_loss: 3.6742 - weighted_kl_loss: 1.1449
Epoch 121/200
93/93 - 51s - 551ms/step - accuracy: 0.6035 - autoencoder_loss: 1.4825 - kl_loss: 0.4823 - loss: 2.3527 - reconstruction_loss: 1.0002 - vc_loss: 2.7257 - weighted_kl_loss: 0.4823
Epoch 139/200
93/93 - 51s - 550ms/step - accuracy: 0.6061 - autoencoder_loss: 1.5162 - kl_loss: 0.5169 - loss: 3.1235 - reconstruction_loss: 0.9993 - vc_loss: 3.8123 - weighted_kl_loss: 0.5169
Epoch 142/200
93/93 - 52s - 556ms/step - accuracy: 0.6162 - autoencoder_loss: 1.8510 - kl_loss: 0.8516 - loss: 3.3835 - reconstruction_loss: 0.9994 - vc_loss: 4.0402 - weighted_kl_loss: 0.8516
Epoch 131/200
93/93 - 52s - 563ms/step - accuracy: 0.6061 - autoencoder_loss: 2.0961 - kl_loss: 1.0968 - loss: 3.4947 - reconstruction_loss: 0.9993 - vc_loss: 4.0941 - weighted_kl_loss: 1.0968
Epoch 122/200
93/93 - 52s - 555ms/step - accuracy: 0.6035 - autoencoder_loss: 1.4756 - kl_loss: 0.4757 - loss: 2.4965 - reconstruction_loss: 0.9999 - vc_loss: 2.9341 - weighted_kl_loss: 0.4757
Epoch 140/200
93/93 - 51s - 544ms/step - accuracy: 0.6061 - autoencoder_loss: 1.4933 - kl_loss: 0.4930 - loss: 3.0565 - reconstruction_loss: 1.0004 - vc_loss: 3.7264 - weighted_kl_loss: 0.4930
Epoch 143/200
93/93 - 51s - 551ms/step - accuracy: 0.6162 - autoencoder_loss: 1.8403 - kl_loss: 0.8404 - loss: 3.4213 - reconstruction_loss: 0.9999 - vc_loss: 4.0989 - weighted_kl_loss: 0.8404
Epoch 132/200
93/93 - 51s - 552ms/step - accuracy: 0.6061 - autoencoder_loss: 2.0357 - kl_loss: 1.0367 - loss: 2.9873 - reconstruction_loss: 0.9990 - vc_loss: 3.3951 - weighted_kl_loss: 1.0367
Epoch 123/200
93/93 - 52s - 558ms/step - accuracy: 0.6035 - autoencoder_loss: 1.4619 - kl_loss: 0.4620 - loss: 2.7797 - reconstruction_loss: 0.9998 - vc_loss: 3.3445 - weighted_kl_loss: 0.4620
Epoch 141/200
93/93 - 51s - 548ms/step - accuracy: 0.6061 - autoencoder_loss: 1.4774 - kl_loss: 0.4773 - loss: 2.7178 - reconstruction_loss: 1.0002 - vc_loss: 3.2493 - weighted_kl_loss: 0.4773
Epoch 144/200
93/93 - 51s - 550ms/step - accuracy: 0.6162 - autoencoder_loss: 1.8244 - kl_loss: 0.8253 - loss: 3.0894 - reconstruction_loss: 0.9991 - vc_loss: 3.6315 - weighted_kl_loss: 0.8253
Epoch 133/200
93/93 - 52s - 561ms/step - accuracy: 0.6061 - autoencoder_loss: 2.0041 - kl_loss: 0.9985 - loss: 3.0183 - reconstruction_loss: 1.0055 - vc_loss: 3.4529 - weighted_kl_loss: 0.9985
Epoch 124/200
93/93 - 51s - 544ms/step - accuracy: 0.6035 - autoencoder_loss: 1.4599 - kl_loss: 0.4602 - loss: 2.8786 - reconstruction_loss: 0.9997 - vc_loss: 3.4866 - weighted_kl_loss: 0.4602
Epoch 142/200
93/93 - 50s - 536ms/step - accuracy: 0.6061 - autoencoder_loss: 1.4648 - kl_loss: 0.4653 - loss: 2.8104 - reconstruction_loss: 0.9995 - vc_loss: 3.3871 - weighted_kl_loss: 0.4653
Epoch 145/200
93/93 - 51s - 545ms/step - accuracy: 0.6162 - autoencoder_loss: 1.8082 - kl_loss: 0.8086 - loss: 2.9916 - reconstruction_loss: 0.9996 - vc_loss: 3.4988 - weighted_kl_loss: 0.8086
Epoch 134/200
93/93 - 50s - 540ms/step - accuracy: 0.6061 - autoencoder_loss: 1.9513 - kl_loss: 0.9513 - loss: 2.9165 - reconstruction_loss: 1.0000 - vc_loss: 3.3302 - weighted_kl_loss: 0.9513
Epoch 125/200
93/93 - 50s - 534ms/step - accuracy: 0.6035 - autoencoder_loss: 1.4505 - kl_loss: 0.4508 - loss: 2.7727 - reconstruction_loss: 0.9997 - vc_loss: 3.3394 - weighted_kl_loss: 0.4508
Epoch 143/200
93/93 - 50s - 538ms/step - accuracy: 0.6162 - autoencoder_loss: 1.8093 - kl_loss: 0.8093 - loss: 3.1608 - reconstruction_loss: 1.0000 - vc_loss: 3.7400 - weighted_kl_loss: 0.8093
Epoch 135/200
93/93 - 52s - 555ms/step - accuracy: 0.6061 - autoencoder_loss: 1.9241 - kl_loss: 0.9242 - loss: 2.8916 - reconstruction_loss: 0.9999 - vc_loss: 3.3063 - weighted_kl_loss: 0.9242
Epoch 126/200
93/93 - 83s - 897ms/step - accuracy: 0.6061 - autoencoder_loss: 1.4674 - kl_loss: 0.4682 - loss: 3.2702 - reconstruction_loss: 0.9993 - vc_loss: 4.0428 - weighted_kl_loss: 0.4682
Epoch 146/200
93/93 - 51s - 549ms/step - accuracy: 0.6035 - autoencoder_loss: 1.4422 - kl_loss: 0.4425 - loss: 2.9700 - reconstruction_loss: 0.9997 - vc_loss: 3.6248 - weighted_kl_loss: 0.4425
Epoch 144/200
93/93 - 52s - 560ms/step - accuracy: 0.6162 - autoencoder_loss: 1.7939 - kl_loss: 0.7946 - loss: 3.0933 - reconstruction_loss: 0.9993 - vc_loss: 3.6502 - weighted_kl_loss: 0.7946
Epoch 136/200
93/93 - 51s - 554ms/step - accuracy: 0.6061 - autoencoder_loss: 1.8855 - kl_loss: 0.8862 - loss: 3.1005 - reconstruction_loss: 0.9993 - vc_loss: 3.6212 - weighted_kl_loss: 0.8862
Epoch 127/200
93/93 - 52s - 556ms/step - accuracy: 0.6061 - autoencoder_loss: 1.4987 - kl_loss: 0.4968 - loss: 3.5905 - reconstruction_loss: 1.0018 - vc_loss: 4.4870 - weighted_kl_loss: 0.4968
Epoch 147/200
93/93 - 52s - 558ms/step - accuracy: 0.6035 - autoencoder_loss: 1.4287 - kl_loss: 0.4286 - loss: 2.6143 - reconstruction_loss: 1.0001 - vc_loss: 3.1224 - weighted_kl_loss: 0.4286
Epoch 145/200
93/93 - 51s - 551ms/step - accuracy: 0.6162 - autoencoder_loss: 1.7886 - kl_loss: 0.7895 - loss: 3.0389 - reconstruction_loss: 0.9991 - vc_loss: 3.5748 - weighted_kl_loss: 0.7895
Epoch 137/200
93/93 - 52s - 558ms/step - accuracy: 0.6061 - autoencoder_loss: 1.8364 - kl_loss: 0.8373 - loss: 3.1948 - reconstruction_loss: 0.9991 - vc_loss: 3.7770 - weighted_kl_loss: 0.8373
Epoch 128/200
93/93 - 51s - 553ms/step - accuracy: 0.6061 - autoencoder_loss: 1.6445 - kl_loss: 0.6453 - loss: 3.8288 - reconstruction_loss: 0.9992 - vc_loss: 4.7649 - weighted_kl_loss: 0.6453
Epoch 148/200
93/93 - 51s - 551ms/step - accuracy: 0.6035 - autoencoder_loss: 1.4280 - kl_loss: 0.4277 - loss: 2.7951 - reconstruction_loss: 1.0003 - vc_loss: 3.3810 - weighted_kl_loss: 0.4277
Epoch 146/200
93/93 - 51s - 549ms/step - accuracy: 0.6162 - autoencoder_loss: 1.7805 - kl_loss: 0.7800 - loss: 3.0984 - reconstruction_loss: 1.0005 - vc_loss: 3.6632 - weighted_kl_loss: 0.7800
Epoch 138/200
93/93 - 52s - 564ms/step - accuracy: 0.6061 - autoencoder_loss: 1.8257 - kl_loss: 0.8264 - loss: 2.6698 - reconstruction_loss: 0.9993 - vc_loss: 3.0315 - weighted_kl_loss: 0.8264
Epoch 129/200
93/93 - 52s - 560ms/step - accuracy: 0.6035 - autoencoder_loss: 1.4209 - kl_loss: 0.4219 - loss: 2.6429 - reconstruction_loss: 0.9990 - vc_loss: 3.1666 - weighted_kl_loss: 0.4219
Epoch 147/200
93/93 - 52s - 560ms/step - accuracy: 0.6162 - autoencoder_loss: 1.7702 - kl_loss: 0.7694 - loss: 3.1747 - reconstruction_loss: 1.0008 - vc_loss: 3.7767 - weighted_kl_loss: 0.7694
Epoch 139/200
93/93 - 82s - 884ms/step - accuracy: 0.6061 - autoencoder_loss: 1.7994 - kl_loss: 0.7998 - loss: 5.2849 - reconstruction_loss: 0.9996 - vc_loss: 6.7787 - weighted_kl_loss: 0.7998
Epoch 149/200
93/93 - 53s - 569ms/step - accuracy: 0.6061 - autoencoder_loss: 1.8830 - kl_loss: 0.8838 - loss: 3.1782 - reconstruction_loss: 0.9992 - vc_loss: 3.7333 - weighted_kl_loss: 0.8838
Epoch 130/200
93/93 - 52s - 559ms/step - accuracy: 0.6035 - autoencoder_loss: 1.4103 - kl_loss: 0.4097 - loss: 2.8107 - reconstruction_loss: 1.0006 - vc_loss: 3.4109 - weighted_kl_loss: 0.4097
Epoch 148/200
93/93 - 51s - 549ms/step - accuracy: 0.6162 - autoencoder_loss: 1.7663 - kl_loss: 0.7660 - loss: 2.9053 - reconstruction_loss: 1.0003 - vc_loss: 3.3935 - weighted_kl_loss: 0.7660
Epoch 140/200
93/93 - 52s - 554ms/step - accuracy: 0.6061 - autoencoder_loss: 1.8807 - kl_loss: 0.8809 - loss: 2.9654 - reconstruction_loss: 0.9999 - vc_loss: 3.4302 - weighted_kl_loss: 0.8809
Epoch 131/200
93/93 - 80s - 859ms/step - accuracy: 0.6061 - autoencoder_loss: 2.4510 - kl_loss: 1.4515 - loss: 6.5341 - reconstruction_loss: 0.9996 - vc_loss: 8.2840 - weighted_kl_loss: 1.4515
Epoch 150/200
93/93 - 52s - 558ms/step - accuracy: 0.6035 - autoencoder_loss: 1.4203 - kl_loss: 0.4204 - loss: 2.4843 - reconstruction_loss: 0.9999 - vc_loss: 2.9403 - weighted_kl_loss: 0.4204
Epoch 149/200
93/93 - 51s - 553ms/step - accuracy: 0.6162 - autoencoder_loss: 1.7625 - kl_loss: 0.7628 - loss: 3.1746 - reconstruction_loss: 0.9996 - vc_loss: 3.7798 - weighted_kl_loss: 0.7628
Epoch 141/200
93/93 - 53s - 570ms/step - accuracy: 0.6061 - autoencoder_loss: 1.7994 - kl_loss: 0.8002 - loss: 2.6527 - reconstruction_loss: 0.9992 - vc_loss: 3.0183 - weighted_kl_loss: 0.8002
Epoch 132/200
93/93 - 52s - 558ms/step - accuracy: 0.6061 - autoencoder_loss: 2.4185 - kl_loss: 1.4184 - loss: 9.7101 - reconstruction_loss: 1.0001 - vc_loss: 12.8351 - weighted_kl_loss: 1.4184
Epoch 151/200
93/93 - 51s - 551ms/step - accuracy: 0.6035 - autoencoder_loss: 1.4399 - kl_loss: 0.4404 - loss: 2.3341 - reconstruction_loss: 0.9995 - vc_loss: 2.7173 - weighted_kl_loss: 0.4404
Epoch 150/200
93/93 - 52s - 556ms/step - accuracy: 0.6162 - autoencoder_loss: 1.7552 - kl_loss: 0.7557 - loss: 3.2359 - reconstruction_loss: 0.9995 - vc_loss: 3.8705 - weighted_kl_loss: 0.7557
Epoch 142/200
93/93 - 52s - 559ms/step - accuracy: 0.6061 - autoencoder_loss: 1.7783 - kl_loss: 0.7790 - loss: 2.8282 - reconstruction_loss: 0.9993 - vc_loss: 3.2781 - weighted_kl_loss: 0.7790
Epoch 133/200
93/93 - 50s - 536ms/step - accuracy: 0.6061 - autoencoder_loss: 2.3905 - kl_loss: 1.3911 - loss: 6.8730 - reconstruction_loss: 0.9994 - vc_loss: 8.7941 - weighted_kl_loss: 1.3911
Epoch 152/200
93/93 - 52s - 556ms/step - accuracy: 0.6035 - autoencoder_loss: 1.4294 - kl_loss: 0.4275 - loss: 2.4625 - reconstruction_loss: 1.0019 - vc_loss: 2.9052 - weighted_kl_loss: 0.4275
Epoch 151/200
93/93 - 52s - 561ms/step - accuracy: 0.6162 - autoencoder_loss: 1.7352 - kl_loss: 0.7349 - loss: 2.8289 - reconstruction_loss: 1.0002 - vc_loss: 3.2977 - weighted_kl_loss: 0.7349
Epoch 143/200
93/93 - 52s - 559ms/step - accuracy: 0.6061 - autoencoder_loss: 1.7420 - kl_loss: 0.7422 - loss: 2.7026 - reconstruction_loss: 0.9999 - vc_loss: 3.1142 - weighted_kl_loss: 0.7422
Epoch 134/200
93/93 - 51s - 552ms/step - accuracy: 0.6061 - autoencoder_loss: 2.3798 - kl_loss: 1.3808 - loss: 6.2471 - reconstruction_loss: 0.9991 - vc_loss: 7.9045 - weighted_kl_loss: 1.3808
Epoch 153/200
93/93 - 50s - 542ms/step - accuracy: 0.6035 - autoencoder_loss: 1.3902 - kl_loss: 0.3896 - loss: 2.4178 - reconstruction_loss: 1.0005 - vc_loss: 2.8582 - weighted_kl_loss: 0.3896
Epoch 152/200
93/93 - 50s - 540ms/step - accuracy: 0.6162 - autoencoder_loss: 1.7376 - kl_loss: 0.7373 - loss: 3.1024 - reconstruction_loss: 1.0003 - vc_loss: 3.6874 - weighted_kl_loss: 0.7373
Epoch 144/200
93/93 - 52s - 561ms/step - accuracy: 0.6061 - autoencoder_loss: 1.7111 - kl_loss: 0.7117 - loss: 2.9817 - reconstruction_loss: 0.9994 - vc_loss: 3.5262 - weighted_kl_loss: 0.7117
Epoch 135/200
93/93 - 51s - 545ms/step - accuracy: 0.6061 - autoencoder_loss: 2.4927 - kl_loss: 1.4929 - loss: 7.8870 - reconstruction_loss: 0.9998 - vc_loss: 10.1988 - weighted_kl_loss: 1.4929
Epoch 154/200
93/93 - 51s - 550ms/step - accuracy: 0.6035 - autoencoder_loss: 1.3827 - kl_loss: 0.3814 - loss: 2.5331 - reconstruction_loss: 1.0013 - vc_loss: 3.0261 - weighted_kl_loss: 0.3814
Epoch 153/200
93/93 - 51s - 547ms/step - accuracy: 0.6162 - autoencoder_loss: 1.7401 - kl_loss: 0.7398 - loss: 2.8351 - reconstruction_loss: 1.0003 - vc_loss: 3.3043 - weighted_kl_loss: 0.7398
Epoch 145/200
93/93 - 52s - 557ms/step - accuracy: 0.6061 - autoencoder_loss: 1.6835 - kl_loss: 0.6839 - loss: 2.6086 - reconstruction_loss: 0.9996 - vc_loss: 3.0050 - weighted_kl_loss: 0.6839
Epoch 136/200
93/93 - 51s - 551ms/step - accuracy: 0.6061 - autoencoder_loss: 2.8241 - kl_loss: 1.8245 - loss: 13.4943 - reconstruction_loss: 0.9996 - vc_loss: 18.0672 - weighted_kl_loss: 1.8245
Epoch 155/200
93/93 - 51s - 554ms/step - accuracy: 0.6035 - autoencoder_loss: 1.3761 - kl_loss: 0.3762 - loss: 2.2025 - reconstruction_loss: 1.0000 - vc_loss: 2.5567 - weighted_kl_loss: 0.3762
Epoch 154/200
93/93 - 51s - 545ms/step - accuracy: 0.6162 - autoencoder_loss: 1.7199 - kl_loss: 0.7200 - loss: 3.0048 - reconstruction_loss: 0.9999 - vc_loss: 3.5555 - weighted_kl_loss: 0.7200
Epoch 146/200
93/93 - 52s - 559ms/step - accuracy: 0.6061 - autoencoder_loss: 1.6810 - kl_loss: 0.6808 - loss: 2.6440 - reconstruction_loss: 1.0003 - vc_loss: 3.0567 - weighted_kl_loss: 0.6808
Epoch 137/200
93/93 - 51s - 549ms/step - accuracy: 0.6061 - autoencoder_loss: 2.7674 - kl_loss: 1.7674 - loss: 13.7660 - reconstruction_loss: 1.0000 - vc_loss: 18.4797 - weighted_kl_loss: 1.7674
Epoch 156/200
93/93 - 51s - 549ms/step - accuracy: 0.6035 - autoencoder_loss: 1.3644 - kl_loss: 0.3651 - loss: 3.2134 - reconstruction_loss: 0.9993 - vc_loss: 4.0058 - weighted_kl_loss: 0.3651
Epoch 155/200
93/93 - 52s - 559ms/step - accuracy: 0.6162 - autoencoder_loss: 1.7245 - kl_loss: 0.7247 - loss: 3.0039 - reconstruction_loss: 0.9997 - vc_loss: 3.5522 - weighted_kl_loss: 0.7247
Epoch 147/200
93/93 - 53s - 571ms/step - accuracy: 0.6061 - autoencoder_loss: 1.6535 - kl_loss: 0.6530 - loss: 2.5671 - reconstruction_loss: 1.0005 - vc_loss: 2.9586 - weighted_kl_loss: 0.6530
Epoch 138/200
93/93 - 52s - 560ms/step - accuracy: 0.6061 - autoencoder_loss: 2.7042 - kl_loss: 1.7042 - loss: 6.9112 - reconstruction_loss: 1.0000 - vc_loss: 8.7142 - weighted_kl_loss: 1.7042
Epoch 157/200
93/93 - 52s - 564ms/step - accuracy: 0.6035 - autoencoder_loss: 1.3614 - kl_loss: 0.3614 - loss: 2.8014 - reconstruction_loss: 1.0000 - vc_loss: 3.4185 - weighted_kl_loss: 0.3614
Epoch 156/200
93/93 - 52s - 555ms/step - accuracy: 0.6162 - autoencoder_loss: 1.7136 - kl_loss: 0.7137 - loss: 3.2875 - reconstruction_loss: 0.9999 - vc_loss: 3.9620 - weighted_kl_loss: 0.7137
Epoch 148/200
93/93 - 52s - 557ms/step - accuracy: 0.6061 - autoencoder_loss: 1.6140 - kl_loss: 0.6135 - loss: 2.9963 - reconstruction_loss: 1.0005 - vc_loss: 3.5888 - weighted_kl_loss: 0.6135
Epoch 139/200
93/93 - 52s - 556ms/step - accuracy: 0.6061 - autoencoder_loss: 2.6632 - kl_loss: 1.6635 - loss: 9.0178 - reconstruction_loss: 0.9996 - vc_loss: 11.7412 - weighted_kl_loss: 1.6635
Epoch 158/200
93/93 - 52s - 558ms/step - accuracy: 0.6035 - autoencoder_loss: 1.3540 - kl_loss: 0.3536 - loss: 2.5576 - reconstruction_loss: 1.0004 - vc_loss: 3.0734 - weighted_kl_loss: 0.3536
Epoch 157/200
93/93 - 52s - 558ms/step - accuracy: 0.6162 - autoencoder_loss: 1.7042 - kl_loss: 0.7045 - loss: 2.7040 - reconstruction_loss: 0.9997 - vc_loss: 3.1326 - weighted_kl_loss: 0.7045
Epoch 149/200
93/93 - 52s - 562ms/step - accuracy: 0.6061 - autoencoder_loss: 1.5969 - kl_loss: 0.5973 - loss: 3.0952 - reconstruction_loss: 0.9996 - vc_loss: 3.7374 - weighted_kl_loss: 0.5973
Epoch 140/200
93/93 - 50s - 537ms/step - accuracy: 0.6061 - autoencoder_loss: 2.6176 - kl_loss: 1.6165 - loss: 6.4479 - reconstruction_loss: 1.0011 - vc_loss: 8.0895 - weighted_kl_loss: 1.6165
Epoch 159/200
93/93 - 52s - 554ms/step - accuracy: 0.6035 - autoencoder_loss: 1.3523 - kl_loss: 0.3513 - loss: 3.1814 - reconstruction_loss: 1.0011 - vc_loss: 3.9652 - weighted_kl_loss: 0.3513
Epoch 158/200
93/93 - 51s - 548ms/step - accuracy: 0.6162 - autoencoder_loss: 1.6994 - kl_loss: 0.6988 - loss: 2.7226 - reconstruction_loss: 1.0005 - vc_loss: 3.1612 - weighted_kl_loss: 0.6988
Epoch 150/200
93/93 - 52s - 562ms/step - accuracy: 0.6061 - autoencoder_loss: 1.6118 - kl_loss: 0.6118 - loss: 2.9177 - reconstruction_loss: 1.0000 - vc_loss: 3.4773 - weighted_kl_loss: 0.6118
Epoch 141/200
93/93 - 52s - 557ms/step - accuracy: 0.6061 - autoencoder_loss: 2.5943 - kl_loss: 1.5950 - loss: 7.7972 - reconstruction_loss: 0.9993 - vc_loss: 10.0271 - weighted_kl_loss: 1.5950
Epoch 160/200
93/93 - 52s - 561ms/step - accuracy: 0.6035 - autoencoder_loss: 1.3449 - kl_loss: 0.3447 - loss: 2.4526 - reconstruction_loss: 1.0002 - vc_loss: 2.9274 - weighted_kl_loss: 0.3447
Epoch 159/200
93/93 - 52s - 560ms/step - accuracy: 0.6162 - autoencoder_loss: 1.6964 - kl_loss: 0.6953 - loss: 2.9548 - reconstruction_loss: 1.0011 - vc_loss: 3.4941 - weighted_kl_loss: 0.6953
Epoch 151/200
93/93 - 53s - 567ms/step - accuracy: 0.6061 - autoencoder_loss: 1.6318 - kl_loss: 0.6304 - loss: 3.3137 - reconstruction_loss: 1.0014 - vc_loss: 4.0346 - weighted_kl_loss: 0.6304
Epoch 142/200
93/93 - 52s - 561ms/step - accuracy: 0.6061 - autoencoder_loss: 2.5890 - kl_loss: 1.5898 - loss: 8.3711 - reconstruction_loss: 0.9993 - vc_loss: 10.8492 - weighted_kl_loss: 1.5898
Epoch 161/200
93/93 - 52s - 561ms/step - accuracy: 0.6035 - autoencoder_loss: 1.3380 - kl_loss: 0.3387 - loss: 2.6225 - reconstruction_loss: 0.9993 - vc_loss: 3.1729 - weighted_kl_loss: 0.3387
Epoch 160/200
93/93 - 52s - 560ms/step - accuracy: 0.6162 - autoencoder_loss: 1.6854 - kl_loss: 0.6857 - loss: 2.8909 - reconstruction_loss: 0.9997 - vc_loss: 3.4076 - weighted_kl_loss: 0.6857
Epoch 152/200
93/93 - 53s - 568ms/step - accuracy: 0.6061 - autoencoder_loss: 1.5952 - kl_loss: 0.5948 - loss: 2.6152 - reconstruction_loss: 1.0005 - vc_loss: 3.0524 - weighted_kl_loss: 0.5948
Epoch 143/200
93/93 - 52s - 558ms/step - accuracy: 0.6061 - autoencoder_loss: 2.5762 - kl_loss: 1.5756 - loss: 8.5838 - reconstruction_loss: 1.0007 - vc_loss: 11.1585 - weighted_kl_loss: 1.5756
Epoch 162/200
93/93 - 52s - 562ms/step - accuracy: 0.6035 - autoencoder_loss: 1.3315 - kl_loss: 0.3322 - loss: 2.3438 - reconstruction_loss: 0.9993 - vc_loss: 2.7777 - weighted_kl_loss: 0.3322
Epoch 161/200
93/93 - 52s - 563ms/step - accuracy: 0.6162 - autoencoder_loss: 1.6730 - kl_loss: 0.6729 - loss: 2.8500 - reconstruction_loss: 1.0001 - vc_loss: 3.3545 - weighted_kl_loss: 0.6729
Epoch 153/200
93/93 - 53s - 567ms/step - accuracy: 0.6061 - autoencoder_loss: 1.5638 - kl_loss: 0.5646 - loss: 2.9111 - reconstruction_loss: 0.9992 - vc_loss: 3.4885 - weighted_kl_loss: 0.5646
Epoch 144/200
93/93 - 52s - 559ms/step - accuracy: 0.6061 - autoencoder_loss: 2.5390 - kl_loss: 1.5397 - loss: 8.4576 - reconstruction_loss: 0.9992 - vc_loss: 10.9941 - weighted_kl_loss: 1.5397
Epoch 163/200
93/93 - 52s - 556ms/step - accuracy: 0.6035 - autoencoder_loss: 1.3224 - kl_loss: 0.3219 - loss: 2.1161 - reconstruction_loss: 1.0005 - vc_loss: 2.4562 - weighted_kl_loss: 0.3219
Epoch 162/200
93/93 - 52s - 556ms/step - accuracy: 0.6162 - autoencoder_loss: 1.6671 - kl_loss: 0.6680 - loss: 2.8544 - reconstruction_loss: 0.9991 - vc_loss: 3.3633 - weighted_kl_loss: 0.6680
Epoch 154/200
93/93 - 53s - 566ms/step - accuracy: 0.6061 - autoencoder_loss: 1.5386 - kl_loss: 0.5386 - loss: 2.7713 - reconstruction_loss: 1.0000 - vc_loss: 3.2996 - weighted_kl_loss: 0.5386
Epoch 145/200
93/93 - 51s - 549ms/step - accuracy: 0.6061 - autoencoder_loss: 2.5113 - kl_loss: 1.5112 - loss: 8.9431 - reconstruction_loss: 1.0001 - vc_loss: 11.6995 - weighted_kl_loss: 1.5112
Epoch 164/200
93/93 - 51s - 552ms/step - accuracy: 0.6035 - autoencoder_loss: 1.3141 - kl_loss: 0.3145 - loss: 2.8176 - reconstruction_loss: 0.9996 - vc_loss: 3.4620 - weighted_kl_loss: 0.3145
Epoch 163/200
93/93 - 51s - 553ms/step - accuracy: 0.6162 - autoencoder_loss: 1.6662 - kl_loss: 0.6668 - loss: 3.3106 - reconstruction_loss: 0.9994 - vc_loss: 4.0153 - weighted_kl_loss: 0.6668
Epoch 155/200
93/93 - 48s - 519ms/step - accuracy: 0.6061 - autoencoder_loss: 2.4929 - kl_loss: 1.4934 - loss: 8.8656 - reconstruction_loss: 0.9995 - vc_loss: 11.5967 - weighted_kl_loss: 1.4934
Epoch 165/200
93/93 - 51s - 552ms/step - accuracy: 0.6061 - autoencoder_loss: 1.5205 - kl_loss: 0.5203 - loss: 2.8369 - reconstruction_loss: 1.0002 - vc_loss: 3.4010 - weighted_kl_loss: 0.5203
Epoch 146/200
93/93 - 50s - 533ms/step - accuracy: 0.6035 - autoencoder_loss: 1.3104 - kl_loss: 0.3110 - loss: 2.4749 - reconstruction_loss: 0.9994 - vc_loss: 2.9740 - weighted_kl_loss: 0.3110
Epoch 164/200
93/93 - 52s - 556ms/step - accuracy: 0.6061 - autoencoder_loss: 2.4696 - kl_loss: 1.4698 - loss: 6.0674 - reconstruction_loss: 0.9998 - vc_loss: 7.6093 - weighted_kl_loss: 1.4698
Epoch 166/200
93/93 - 53s - 571ms/step - accuracy: 0.6061 - autoencoder_loss: 1.5015 - kl_loss: 0.5022 - loss: 2.6622 - reconstruction_loss: 0.9993 - vc_loss: 3.1596 - weighted_kl_loss: 0.5022
Epoch 147/200
93/93 - 83s - 887ms/step - accuracy: 0.6162 - autoencoder_loss: 1.6531 - kl_loss: 0.6529 - loss: 2.8196 - reconstruction_loss: 1.0002 - vc_loss: 3.3196 - weighted_kl_loss: 0.6529
Epoch 156/200
93/93 - 52s - 561ms/step - accuracy: 0.6035 - autoencoder_loss: 1.3023 - kl_loss: 0.3025 - loss: 2.7169 - reconstruction_loss: 0.9998 - vc_loss: 3.3232 - weighted_kl_loss: 0.3025
Epoch 165/200
93/93 - 52s - 561ms/step - accuracy: 0.6061 - autoencoder_loss: 2.4451 - kl_loss: 1.4452 - loss: 5.6403 - reconstruction_loss: 0.9999 - vc_loss: 7.0096 - weighted_kl_loss: 1.4452
Epoch 167/200
93/93 - 53s - 567ms/step - accuracy: 0.6061 - autoencoder_loss: 1.4795 - kl_loss: 0.4794 - loss: 2.6905 - reconstruction_loss: 1.0001 - vc_loss: 3.2095 - weighted_kl_loss: 0.4794
Epoch 148/200
93/93 - 52s - 560ms/step - accuracy: 0.6162 - autoencoder_loss: 1.6526 - kl_loss: 0.6526 - loss: 3.0349 - reconstruction_loss: 1.0001 - vc_loss: 3.6273 - weighted_kl_loss: 0.6526
Epoch 157/200
93/93 - 52s - 561ms/step - accuracy: 0.6035 - autoencoder_loss: 1.2945 - kl_loss: 0.2947 - loss: 2.3294 - reconstruction_loss: 0.9998 - vc_loss: 2.7729 - weighted_kl_loss: 0.2947
Epoch 166/200
93/93 - 51s - 549ms/step - accuracy: 0.6061 - autoencoder_loss: 2.3862 - kl_loss: 1.3851 - loss: 8.2445 - reconstruction_loss: 1.0011 - vc_loss: 10.7552 - weighted_kl_loss: 1.3851
Epoch 168/200
93/93 - 52s - 560ms/step - accuracy: 0.6061 - autoencoder_loss: 1.4611 - kl_loss: 0.4617 - loss: 2.4932 - reconstruction_loss: 0.9994 - vc_loss: 2.9355 - weighted_kl_loss: 0.4617
Epoch 149/200
93/93 - 51s - 551ms/step - accuracy: 0.6162 - autoencoder_loss: 1.6431 - kl_loss: 0.6437 - loss: 2.8319 - reconstruction_loss: 0.9994 - vc_loss: 3.3414 - weighted_kl_loss: 0.6437
Epoch 158/200
93/93 - 52s - 554ms/step - accuracy: 0.6035 - autoencoder_loss: 1.2914 - kl_loss: 0.2913 - loss: 2.9476 - reconstruction_loss: 1.0001 - vc_loss: 3.6575 - weighted_kl_loss: 0.2913
Epoch 167/200
93/93 - 51s - 546ms/step - accuracy: 0.6061 - autoencoder_loss: 2.3491 - kl_loss: 1.3491 - loss: 5.5949 - reconstruction_loss: 1.0000 - vc_loss: 6.9859 - weighted_kl_loss: 1.3491
Epoch 169/200
93/93 - 51s - 553ms/step - accuracy: 0.6061 - autoencoder_loss: 1.4585 - kl_loss: 0.4591 - loss: 2.7537 - reconstruction_loss: 0.9994 - vc_loss: 3.3088 - weighted_kl_loss: 0.4591
Epoch 150/200
93/93 - 52s - 559ms/step - accuracy: 0.6162 - autoencoder_loss: 1.6336 - kl_loss: 0.6326 - loss: 2.9762 - reconstruction_loss: 1.0010 - vc_loss: 3.5516 - weighted_kl_loss: 0.6326
Epoch 159/200
93/93 - 52s - 555ms/step - accuracy: 0.6035 - autoencoder_loss: 1.2842 - kl_loss: 0.2842 - loss: 2.9664 - reconstruction_loss: 1.0000 - vc_loss: 3.6874 - weighted_kl_loss: 0.2842
Epoch 168/200
93/93 - 51s - 544ms/step - accuracy: 0.6061 - autoencoder_loss: 2.3209 - kl_loss: 1.3206 - loss: 6.6786 - reconstruction_loss: 1.0002 - vc_loss: 8.5462 - weighted_kl_loss: 1.3206
Epoch 170/200
93/93 - 50s - 542ms/step - accuracy: 0.6162 - autoencoder_loss: 1.6275 - kl_loss: 0.6276 - loss: 2.6249 - reconstruction_loss: 0.9999 - vc_loss: 3.0524 - weighted_kl_loss: 0.6276
Epoch 160/200
93/93 - 52s - 563ms/step - accuracy: 0.6061 - autoencoder_loss: 1.4885 - kl_loss: 0.4888 - loss: 2.5947 - reconstruction_loss: 0.9998 - vc_loss: 3.0688 - weighted_kl_loss: 0.4888
Epoch 151/200
93/93 - 51s - 546ms/step - accuracy: 0.6035 - autoencoder_loss: 1.2815 - kl_loss: 0.2817 - loss: 2.6012 - reconstruction_loss: 0.9998 - vc_loss: 3.1667 - weighted_kl_loss: 0.2817
Epoch 169/200
93/93 - 51s - 553ms/step - accuracy: 0.6061 - autoencoder_loss: 2.2788 - kl_loss: 1.2793 - loss: 6.0394 - reconstruction_loss: 0.9994 - vc_loss: 7.6511 - weighted_kl_loss: 1.2793
Epoch 171/200
93/93 - 52s - 557ms/step - accuracy: 0.6162 - autoencoder_loss: 1.6165 - kl_loss: 0.6158 - loss: 2.7885 - reconstruction_loss: 1.0006 - vc_loss: 3.2908 - weighted_kl_loss: 0.6158
Epoch 161/200
93/93 - 52s - 561ms/step - accuracy: 0.6061 - autoencoder_loss: 1.5231 - kl_loss: 0.5234 - loss: 2.5954 - reconstruction_loss: 0.9997 - vc_loss: 3.0550 - weighted_kl_loss: 0.5234
Epoch 152/200
93/93 - 52s - 560ms/step - accuracy: 0.6035 - autoencoder_loss: 1.3208 - kl_loss: 0.3175 - loss: 2.5084 - reconstruction_loss: 1.0032 - vc_loss: 3.0174 - weighted_kl_loss: 0.3175
Epoch 170/200
93/93 - 52s - 558ms/step - accuracy: 0.6061 - autoencoder_loss: 2.2465 - kl_loss: 1.2453 - loss: 4.9552 - reconstruction_loss: 1.0012 - vc_loss: 6.1161 - weighted_kl_loss: 1.2453
Epoch 172/200
93/93 - 52s - 558ms/step - accuracy: 0.6162 - autoencoder_loss: 1.6072 - kl_loss: 0.6081 - loss: 2.7992 - reconstruction_loss: 0.9991 - vc_loss: 3.3101 - weighted_kl_loss: 0.6081
Epoch 162/200
93/93 - 52s - 556ms/step - accuracy: 0.6061 - autoencoder_loss: 1.5109 - kl_loss: 0.5104 - loss: 2.6507 - reconstruction_loss: 1.0005 - vc_loss: 3.1392 - weighted_kl_loss: 0.5104
Epoch 153/200
93/93 - 52s - 556ms/step - accuracy: 0.6035 - autoencoder_loss: 1.3574 - kl_loss: 0.3564 - loss: 2.5742 - reconstruction_loss: 1.0009 - vc_loss: 3.0957 - weighted_kl_loss: 0.3564
Epoch 171/200
93/93 - 51s - 544ms/step - accuracy: 0.6061 - autoencoder_loss: 2.2159 - kl_loss: 1.2161 - loss: 5.3507 - reconstruction_loss: 0.9999 - vc_loss: 6.6942 - weighted_kl_loss: 1.2161
Epoch 173/200
93/93 - 52s - 557ms/step - accuracy: 0.6162 - autoencoder_loss: 1.6151 - kl_loss: 0.6156 - loss: 2.8193 - reconstruction_loss: 0.9994 - vc_loss: 3.3354 - weighted_kl_loss: 0.6156
Epoch 163/200
93/93 - 53s - 565ms/step - accuracy: 0.6061 - autoencoder_loss: 1.4906 - kl_loss: 0.4911 - loss: 3.1981 - reconstruction_loss: 0.9995 - vc_loss: 3.9299 - weighted_kl_loss: 0.4911
Epoch 154/200
93/93 - 52s - 559ms/step - accuracy: 0.6035 - autoencoder_loss: 1.3391 - kl_loss: 0.3386 - loss: 2.4489 - reconstruction_loss: 1.0005 - vc_loss: 2.9244 - weighted_kl_loss: 0.3386
Epoch 172/200
93/93 - 51s - 552ms/step - accuracy: 0.6061 - autoencoder_loss: 2.1814 - kl_loss: 1.1819 - loss: 4.8703 - reconstruction_loss: 0.9994 - vc_loss: 6.0227 - weighted_kl_loss: 1.1819
Epoch 174/200
93/93 - 50s - 542ms/step - accuracy: 0.6162 - autoencoder_loss: 1.5978 - kl_loss: 0.5979 - loss: 2.6834 - reconstruction_loss: 0.9999 - vc_loss: 3.1487 - weighted_kl_loss: 0.5979
Epoch 164/200
93/93 - 50s - 543ms/step - accuracy: 0.6061 - autoencoder_loss: 1.4713 - kl_loss: 0.4718 - loss: 2.7408 - reconstruction_loss: 0.9995 - vc_loss: 3.2849 - weighted_kl_loss: 0.4718
Epoch 155/200
93/93 - 81s - 873ms/step - accuracy: 0.6035 - autoencoder_loss: 1.3237 - kl_loss: 0.3242 - loss: 2.5086 - reconstruction_loss: 0.9995 - vc_loss: 3.0165 - weighted_kl_loss: 0.3242
Epoch 173/200
93/93 - 50s - 539ms/step - accuracy: 0.6061 - autoencoder_loss: 2.1055 - kl_loss: 1.1062 - loss: 4.4296 - reconstruction_loss: 0.9993 - vc_loss: 5.4257 - weighted_kl_loss: 1.1062
Epoch 175/200
93/93 - 50s - 542ms/step - accuracy: 0.6162 - autoencoder_loss: 1.5924 - kl_loss: 0.5929 - loss: 2.7189 - reconstruction_loss: 0.9995 - vc_loss: 3.2017 - weighted_kl_loss: 0.5929
Epoch 165/200
93/93 - 52s - 556ms/step - accuracy: 0.6061 - autoencoder_loss: 1.4627 - kl_loss: 0.4630 - loss: 2.5945 - reconstruction_loss: 0.9997 - vc_loss: 3.0795 - weighted_kl_loss: 0.4630
Epoch 156/200
93/93 - 51s - 552ms/step - accuracy: 0.6035 - autoencoder_loss: 1.3066 - kl_loss: 0.3075 - loss: 2.6672 - reconstruction_loss: 0.9991 - vc_loss: 3.2503 - weighted_kl_loss: 0.3075
Epoch 174/200
93/93 - 50s - 533ms/step - accuracy: 0.6061 - autoencoder_loss: 2.0801 - kl_loss: 1.0795 - loss: 3.9604 - reconstruction_loss: 1.0006 - vc_loss: 4.7663 - weighted_kl_loss: 1.0795
Epoch 176/200
93/93 - 50s - 539ms/step - accuracy: 0.6162 - autoencoder_loss: 1.5829 - kl_loss: 0.5830 - loss: 2.6167 - reconstruction_loss: 0.9999 - vc_loss: 3.0598 - weighted_kl_loss: 0.5830
Epoch 166/200
93/93 - 50s - 538ms/step - accuracy: 0.6061 - autoencoder_loss: 1.4466 - kl_loss: 0.4475 - loss: 2.5415 - reconstruction_loss: 0.9991 - vc_loss: 3.0107 - weighted_kl_loss: 0.4475
Epoch 157/200
93/93 - 51s - 548ms/step - accuracy: 0.6035 - autoencoder_loss: 1.2977 - kl_loss: 0.2980 - loss: 2.6866 - reconstruction_loss: 0.9996 - vc_loss: 3.2818 - weighted_kl_loss: 0.2980
Epoch 175/200
93/93 - 51s - 547ms/step - accuracy: 0.6061 - autoencoder_loss: 2.0518 - kl_loss: 1.0517 - loss: 4.4320 - reconstruction_loss: 1.0000 - vc_loss: 5.4521 - weighted_kl_loss: 1.0517
Epoch 177/200
93/93 - 51s - 547ms/step - accuracy: 0.6162 - autoencoder_loss: 1.5764 - kl_loss: 0.5769 - loss: 2.7948 - reconstruction_loss: 0.9995 - vc_loss: 3.3169 - weighted_kl_loss: 0.5769
Epoch 167/200
93/93 - 52s - 555ms/step - accuracy: 0.6061 - autoencoder_loss: 1.4336 - kl_loss: 0.4342 - loss: 2.3551 - reconstruction_loss: 0.9993 - vc_loss: 2.7501 - weighted_kl_loss: 0.4342
Epoch 158/200
93/93 - 52s - 559ms/step - accuracy: 0.6035 - autoencoder_loss: 1.3110 - kl_loss: 0.3112 - loss: 2.5098 - reconstruction_loss: 0.9998 - vc_loss: 3.0236 - weighted_kl_loss: 0.3112
Epoch 176/200
93/93 - 51s - 554ms/step - accuracy: 0.6061 - autoencoder_loss: 2.0307 - kl_loss: 1.0316 - loss: 4.1710 - reconstruction_loss: 0.9991 - vc_loss: 5.0883 - weighted_kl_loss: 1.0316
Epoch 178/200
93/93 - 52s - 561ms/step - accuracy: 0.6162 - autoencoder_loss: 1.5607 - kl_loss: 0.5609 - loss: 2.8972 - reconstruction_loss: 0.9999 - vc_loss: 3.4700 - weighted_kl_loss: 0.5609
Epoch 168/200
93/93 - 53s - 565ms/step - accuracy: 0.6061 - autoencoder_loss: 1.4181 - kl_loss: 0.4174 - loss: 2.7859 - reconstruction_loss: 1.0008 - vc_loss: 3.3720 - weighted_kl_loss: 0.4174
Epoch 159/200
93/93 - 50s - 539ms/step - accuracy: 0.6061 - autoencoder_loss: 2.0048 - kl_loss: 1.0046 - loss: 4.8584 - reconstruction_loss: 1.0002 - vc_loss: 6.0814 - weighted_kl_loss: 1.0046
Epoch 179/200
93/93 - 52s - 558ms/step - accuracy: 0.6035 - autoencoder_loss: 1.3013 - kl_loss: 0.3005 - loss: 2.7287 - reconstruction_loss: 1.0008 - vc_loss: 3.3405 - weighted_kl_loss: 0.3005
Epoch 177/200
93/93 - 51s - 543ms/step - accuracy: 0.6162 - autoencoder_loss: 1.5706 - kl_loss: 0.5710 - loss: 2.9369 - reconstruction_loss: 0.9997 - vc_loss: 3.5225 - weighted_kl_loss: 0.5710
Epoch 169/200
93/93 - 80s - 860ms/step - accuracy: 0.6061 - autoencoder_loss: 1.4105 - kl_loss: 0.4112 - loss: 2.3950 - reconstruction_loss: 0.9994 - vc_loss: 2.8170 - weighted_kl_loss: 0.4112
Epoch 160/200
93/93 - 51s - 544ms/step - accuracy: 0.6061 - autoencoder_loss: 1.9778 - kl_loss: 0.9785 - loss: 4.9658 - reconstruction_loss: 0.9992 - vc_loss: 6.2464 - weighted_kl_loss: 0.9785
Epoch 180/200
93/93 - 51s - 545ms/step - accuracy: 0.6035 - autoencoder_loss: 1.2814 - kl_loss: 0.2806 - loss: 2.8271 - reconstruction_loss: 1.0008 - vc_loss: 3.4896 - weighted_kl_loss: 0.2806
Epoch 178/200
93/93 - 50s - 536ms/step - accuracy: 0.6162 - autoencoder_loss: 1.5747 - kl_loss: 0.5741 - loss: 3.1672 - reconstruction_loss: 1.0006 - vc_loss: 3.8497 - weighted_kl_loss: 0.5741
Epoch 170/200
93/93 - 51s - 544ms/step - accuracy: 0.6061 - autoencoder_loss: 1.3933 - kl_loss: 0.3942 - loss: 2.7168 - reconstruction_loss: 0.9991 - vc_loss: 3.2840 - weighted_kl_loss: 0.3942
Epoch 161/200
93/93 - 51s - 548ms/step - accuracy: 0.6061 - autoencoder_loss: 1.9896 - kl_loss: 0.9900 - loss: 4.9092 - reconstruction_loss: 0.9996 - vc_loss: 6.1605 - weighted_kl_loss: 0.9900
Epoch 181/200
93/93 - 51s - 552ms/step - accuracy: 0.6035 - autoencoder_loss: 1.2669 - kl_loss: 0.2672 - loss: 2.8404 - reconstruction_loss: 0.9997 - vc_loss: 3.5147 - weighted_kl_loss: 0.2672
Epoch 179/200
93/93 - 51s - 546ms/step - accuracy: 0.6162 - autoencoder_loss: 1.5694 - kl_loss: 0.5696 - loss: 3.0958 - reconstruction_loss: 0.9997 - vc_loss: 3.7500 - weighted_kl_loss: 0.5696
Epoch 171/200
93/93 - 52s - 554ms/step - accuracy: 0.6061 - autoencoder_loss: 1.3807 - kl_loss: 0.3813 - loss: 2.7059 - reconstruction_loss: 0.9995 - vc_loss: 3.2738 - weighted_kl_loss: 0.3813
Epoch 162/200
93/93 - 50s - 538ms/step - accuracy: 0.6061 - autoencoder_loss: 1.9696 - kl_loss: 0.9703 - loss: 5.3965 - reconstruction_loss: 0.9993 - vc_loss: 6.8651 - weighted_kl_loss: 0.9703
Epoch 182/200
93/93 - 50s - 538ms/step - accuracy: 0.6035 - autoencoder_loss: 1.2643 - kl_loss: 0.2639 - loss: 2.3785 - reconstruction_loss: 1.0004 - vc_loss: 2.8561 - weighted_kl_loss: 0.2639
Epoch 180/200
93/93 - 50s - 542ms/step - accuracy: 0.6162 - autoencoder_loss: 1.5564 - kl_loss: 0.5567 - loss: 3.1884 - reconstruction_loss: 0.9997 - vc_loss: 3.8878 - weighted_kl_loss: 0.5567
Epoch 172/200
93/93 - 51s - 544ms/step - accuracy: 0.6061 - autoencoder_loss: 1.3669 - kl_loss: 0.3668 - loss: 2.9257 - reconstruction_loss: 1.0001 - vc_loss: 3.5937 - weighted_kl_loss: 0.3668
Epoch 163/200
93/93 - 51s - 546ms/step - accuracy: 0.6061 - autoencoder_loss: 1.9207 - kl_loss: 0.9213 - loss: 4.6023 - reconstruction_loss: 0.9994 - vc_loss: 5.7516 - weighted_kl_loss: 0.9213
Epoch 183/200
93/93 - 51s - 550ms/step - accuracy: 0.6035 - autoencoder_loss: 1.2669 - kl_loss: 0.2674 - loss: 2.8551 - reconstruction_loss: 0.9995 - vc_loss: 3.5357 - weighted_kl_loss: 0.2674
Epoch 181/200
93/93 - 51s - 548ms/step - accuracy: 0.6162 - autoencoder_loss: 1.5526 - kl_loss: 0.5528 - loss: 2.8054 - reconstruction_loss: 0.9999 - vc_loss: 3.3423 - weighted_kl_loss: 0.5528
Epoch 173/200
93/93 - 53s - 565ms/step - accuracy: 0.6061 - autoencoder_loss: 1.3508 - kl_loss: 0.3518 - loss: 2.5897 - reconstruction_loss: 0.9990 - vc_loss: 3.1206 - weighted_kl_loss: 0.3518
Epoch 164/200
93/93 - 52s - 554ms/step - accuracy: 0.6061 - autoencoder_loss: 1.8361 - kl_loss: 0.8369 - loss: 4.0013 - reconstruction_loss: 0.9992 - vc_loss: 4.9293 - weighted_kl_loss: 0.8369
Epoch 184/200
93/93 - 52s - 563ms/step - accuracy: 0.6035 - autoencoder_loss: 1.2578 - kl_loss: 0.2581 - loss: 2.3705 - reconstruction_loss: 0.9997 - vc_loss: 2.8474 - weighted_kl_loss: 0.2581
Epoch 182/200
93/93 - 52s - 563ms/step - accuracy: 0.6162 - autoencoder_loss: 1.5468 - kl_loss: 0.5463 - loss: 2.8084 - reconstruction_loss: 1.0004 - vc_loss: 3.3491 - weighted_kl_loss: 0.5463
Epoch 174/200
93/93 - 52s - 559ms/step - accuracy: 0.6061 - autoencoder_loss: 1.3416 - kl_loss: 0.3414 - loss: 2.5355 - reconstruction_loss: 1.0002 - vc_loss: 3.0471 - weighted_kl_loss: 0.3414
Epoch 165/200
93/93 - 49s - 529ms/step - accuracy: 0.6061 - autoencoder_loss: 1.8121 - kl_loss: 0.8125 - loss: 4.0606 - reconstruction_loss: 0.9997 - vc_loss: 5.0242 - weighted_kl_loss: 0.8125
Epoch 185/200
93/93 - 51s - 552ms/step - accuracy: 0.6035 - autoencoder_loss: 1.2426 - kl_loss: 0.2429 - loss: 2.4509 - reconstruction_loss: 0.9998 - vc_loss: 2.9687 - weighted_kl_loss: 0.2429
Epoch 183/200
93/93 - 49s - 532ms/step - accuracy: 0.6162 - autoencoder_loss: 1.5390 - kl_loss: 0.5351 - loss: 2.8672 - reconstruction_loss: 1.0039 - vc_loss: 3.4364 - weighted_kl_loss: 0.5351
Epoch 175/200
93/93 - 50s - 541ms/step - accuracy: 0.6061 - autoencoder_loss: 1.3333 - kl_loss: 0.3325 - loss: 2.7871 - reconstruction_loss: 1.0008 - vc_loss: 3.4102 - weighted_kl_loss: 0.3325
Epoch 166/200
93/93 - 50s - 534ms/step - accuracy: 0.6061 - autoencoder_loss: 1.7986 - kl_loss: 0.7979 - loss: 3.8265 - reconstruction_loss: 1.0007 - vc_loss: 4.6957 - weighted_kl_loss: 0.7979
Epoch 186/200
93/93 - 50s - 540ms/step - accuracy: 0.6035 - autoencoder_loss: 1.2792 - kl_loss: 0.2794 - loss: 2.3480 - reconstruction_loss: 0.9998 - vc_loss: 2.8060 - weighted_kl_loss: 0.2794
Epoch 184/200
93/93 - 50s - 541ms/step - accuracy: 0.6162 - autoencoder_loss: 1.5491 - kl_loss: 0.5428 - loss: 2.8914 - reconstruction_loss: 1.0063 - vc_loss: 3.4666 - weighted_kl_loss: 0.5428
Epoch 176/200
93/93 - 51s - 547ms/step - accuracy: 0.6061 - autoencoder_loss: 1.3203 - kl_loss: 0.3208 - loss: 2.5260 - reconstruction_loss: 0.9995 - vc_loss: 3.0427 - weighted_kl_loss: 0.3208
Epoch 167/200
93/93 - 50s - 538ms/step - accuracy: 0.6061 - autoencoder_loss: 1.7871 - kl_loss: 0.7876 - loss: 4.1408 - reconstruction_loss: 0.9995 - vc_loss: 5.1494 - weighted_kl_loss: 0.7876
Epoch 187/200
93/93 - 50s - 540ms/step - accuracy: 0.6162 - autoencoder_loss: 1.5341 - kl_loss: 0.5336 - loss: 3.0560 - reconstruction_loss: 1.0005 - vc_loss: 3.7082 - weighted_kl_loss: 0.5336
Epoch 177/200
93/93 - 82s - 881ms/step - accuracy: 0.6035 - autoencoder_loss: 1.2783 - kl_loss: 0.2788 - loss: 2.4795 - reconstruction_loss: 0.9995 - vc_loss: 2.9944 - weighted_kl_loss: 0.2788
Epoch 185/200
93/93 - 51s - 552ms/step - accuracy: 0.6061 - autoencoder_loss: 1.3128 - kl_loss: 0.3131 - loss: 2.6351 - reconstruction_loss: 0.9997 - vc_loss: 3.2018 - weighted_kl_loss: 0.3131
Epoch 168/200
93/93 - 50s - 533ms/step - accuracy: 0.6061 - autoencoder_loss: 1.7804 - kl_loss: 0.7806 - loss: 3.6754 - reconstruction_loss: 0.9999 - vc_loss: 4.4875 - weighted_kl_loss: 0.7806
Epoch 188/200
93/93 - 50s - 539ms/step - accuracy: 0.6162 - autoencoder_loss: 1.5328 - kl_loss: 0.5317 - loss: 2.8175 - reconstruction_loss: 1.0010 - vc_loss: 3.3681 - weighted_kl_loss: 0.5317
Epoch 178/200
93/93 - 52s - 555ms/step - accuracy: 0.6035 - autoencoder_loss: 1.2879 - kl_loss: 0.2884 - loss: 3.0362 - reconstruction_loss: 0.9994 - vc_loss: 3.7855 - weighted_kl_loss: 0.2884
Epoch 186/200
93/93 - 51s - 550ms/step - accuracy: 0.6061 - autoencoder_loss: 1.7743 - kl_loss: 0.7746 - loss: 4.1523 - reconstruction_loss: 0.9997 - vc_loss: 5.1715 - weighted_kl_loss: 0.7746
Epoch 189/200
93/93 - 52s - 559ms/step - accuracy: 0.6061 - autoencoder_loss: 1.3057 - kl_loss: 0.3064 - loss: 2.2151 - reconstruction_loss: 0.9993 - vc_loss: 2.6049 - weighted_kl_loss: 0.3064
Epoch 169/200
93/93 - 52s - 554ms/step - accuracy: 0.6162 - autoencoder_loss: 1.5275 - kl_loss: 0.5272 - loss: 3.3815 - reconstruction_loss: 1.0003 - vc_loss: 4.1760 - weighted_kl_loss: 0.5272
Epoch 179/200
93/93 - 51s - 551ms/step - accuracy: 0.6035 - autoencoder_loss: 1.3781 - kl_loss: 0.3789 - loss: 3.4641 - reconstruction_loss: 0.9992 - vc_loss: 4.3581 - weighted_kl_loss: 0.3789
Epoch 187/200
93/93 - 51s - 552ms/step - accuracy: 0.6061 - autoencoder_loss: 1.7698 - kl_loss: 0.7698 - loss: 4.5448 - reconstruction_loss: 1.0000 - vc_loss: 5.7341 - weighted_kl_loss: 0.7698
Epoch 190/200
93/93 - 53s - 565ms/step - accuracy: 0.6061 - autoencoder_loss: 1.2966 - kl_loss: 0.2966 - loss: 2.4240 - reconstruction_loss: 1.0000 - vc_loss: 2.9072 - weighted_kl_loss: 0.2966
Epoch 170/200
93/93 - 52s - 559ms/step - accuracy: 0.6162 - autoencoder_loss: 1.5296 - kl_loss: 0.5300 - loss: 3.4733 - reconstruction_loss: 0.9996 - vc_loss: 4.3064 - weighted_kl_loss: 0.5300
Epoch 180/200
93/93 - 51s - 543ms/step - accuracy: 0.6035 - autoencoder_loss: 1.3412 - kl_loss: 0.3414 - loss: 3.0391 - reconstruction_loss: 0.9998 - vc_loss: 3.7667 - weighted_kl_loss: 0.3414
Epoch 188/200
93/93 - 50s - 536ms/step - accuracy: 0.6061 - autoencoder_loss: 1.7404 - kl_loss: 0.7411 - loss: 3.2682 - reconstruction_loss: 0.9993 - vc_loss: 3.9230 - weighted_kl_loss: 0.7411
Epoch 191/200
93/93 - 52s - 556ms/step - accuracy: 0.6061 - autoencoder_loss: 1.2866 - kl_loss: 0.2864 - loss: 2.3446 - reconstruction_loss: 1.0003 - vc_loss: 2.7981 - weighted_kl_loss: 0.2864
Epoch 171/200
93/93 - 51s - 544ms/step - accuracy: 0.6162 - autoencoder_loss: 1.5244 - kl_loss: 0.5247 - loss: 3.1971 - reconstruction_loss: 0.9997 - vc_loss: 3.9139 - weighted_kl_loss: 0.5247
Epoch 181/200
93/93 - 51s - 546ms/step - accuracy: 0.6035 - autoencoder_loss: 1.3021 - kl_loss: 0.3013 - loss: 2.8016 - reconstruction_loss: 1.0008 - vc_loss: 3.4442 - weighted_kl_loss: 0.3013
Epoch 189/200
93/93 - 51s - 553ms/step - accuracy: 0.6061 - autoencoder_loss: 1.7339 - kl_loss: 0.7326 - loss: 3.5071 - reconstruction_loss: 1.0013 - vc_loss: 4.2670 - weighted_kl_loss: 0.7326
Epoch 192/200
93/93 - 53s - 566ms/step - accuracy: 0.6061 - autoencoder_loss: 1.3233 - kl_loss: 0.3237 - loss: 2.7248 - reconstruction_loss: 0.9996 - vc_loss: 3.3254 - weighted_kl_loss: 0.3237
Epoch 172/200
93/93 - 52s - 562ms/step - accuracy: 0.6162 - autoencoder_loss: 1.5191 - kl_loss: 0.5180 - loss: 2.9130 - reconstruction_loss: 1.0011 - vc_loss: 3.5105 - weighted_kl_loss: 0.5180
Epoch 182/200
93/93 - 52s - 561ms/step - accuracy: 0.6035 - autoencoder_loss: 1.2825 - kl_loss: 0.2826 - loss: 2.5220 - reconstruction_loss: 0.9999 - vc_loss: 3.0533 - weighted_kl_loss: 0.2826
Epoch 190/200
93/93 - 52s - 559ms/step - accuracy: 0.6061 - autoencoder_loss: 1.7288 - kl_loss: 0.7293 - loss: 3.6160 - reconstruction_loss: 0.9994 - vc_loss: 4.4249 - weighted_kl_loss: 0.7293
Epoch 193/200
93/93 - 53s - 566ms/step - accuracy: 0.6061 - autoencoder_loss: 1.4197 - kl_loss: 0.4205 - loss: 2.9036 - reconstruction_loss: 0.9992 - vc_loss: 3.5395 - weighted_kl_loss: 0.4205
Epoch 173/200
93/93 - 51s - 551ms/step - accuracy: 0.6162 - autoencoder_loss: 1.5120 - kl_loss: 0.5126 - loss: 3.0388 - reconstruction_loss: 0.9994 - vc_loss: 3.6931 - weighted_kl_loss: 0.5126
Epoch 183/200
93/93 - 49s - 524ms/step - accuracy: 0.6035 - autoencoder_loss: 1.2623 - kl_loss: 0.2627 - loss: 2.5707 - reconstruction_loss: 0.9996 - vc_loss: 3.1315 - weighted_kl_loss: 0.2627
Epoch 191/200
93/93 - 49s - 523ms/step - accuracy: 0.6061 - autoencoder_loss: 1.7135 - kl_loss: 0.7138 - loss: 3.9760 - reconstruction_loss: 0.9998 - vc_loss: 4.9457 - weighted_kl_loss: 0.7138
Epoch 194/200
93/93 - 50s - 540ms/step - accuracy: 0.6061 - autoencoder_loss: 1.4009 - kl_loss: 0.4010 - loss: 2.7924 - reconstruction_loss: 0.9999 - vc_loss: 3.3887 - weighted_kl_loss: 0.4010
Epoch 174/200
93/93 - 49s - 532ms/step - accuracy: 0.6162 - autoencoder_loss: 1.5110 - kl_loss: 0.5117 - loss: 2.7655 - reconstruction_loss: 0.9993 - vc_loss: 3.3031 - weighted_kl_loss: 0.5117
Epoch 184/200
93/93 - 50s - 538ms/step - accuracy: 0.6035 - autoencoder_loss: 1.2554 - kl_loss: 0.2563 - loss: 2.4089 - reconstruction_loss: 0.9991 - vc_loss: 2.9033 - weighted_kl_loss: 0.2563
Epoch 192/200
93/93 - 49s - 526ms/step - accuracy: 0.6061 - autoencoder_loss: 1.7013 - kl_loss: 0.7014 - loss: 3.5953 - reconstruction_loss: 0.9999 - vc_loss: 4.4071 - weighted_kl_loss: 0.7014
Epoch 195/200
93/93 - 51s - 543ms/step - accuracy: 0.6061 - autoencoder_loss: 1.3811 - kl_loss: 0.3816 - loss: 2.8703 - reconstruction_loss: 0.9995 - vc_loss: 3.5085 - weighted_kl_loss: 0.3816
Epoch 175/200
93/93 - 49s - 530ms/step - accuracy: 0.6162 - autoencoder_loss: 1.5033 - kl_loss: 0.5039 - loss: 3.1307 - reconstruction_loss: 0.9995 - vc_loss: 3.8282 - weighted_kl_loss: 0.5039
Epoch 185/200
93/93 - 51s - 547ms/step - accuracy: 0.6035 - autoencoder_loss: 1.2439 - kl_loss: 0.2444 - loss: 2.6304 - reconstruction_loss: 0.9995 - vc_loss: 3.2246 - weighted_kl_loss: 0.2444
Epoch 193/200
93/93 - 51s - 545ms/step - accuracy: 0.6061 - autoencoder_loss: 1.6835 - kl_loss: 0.6842 - loss: 3.2910 - reconstruction_loss: 0.9994 - vc_loss: 3.9799 - weighted_kl_loss: 0.6842
Epoch 196/200
93/93 - 52s - 558ms/step - accuracy: 0.6061 - autoencoder_loss: 1.3585 - kl_loss: 0.3581 - loss: 2.6837 - reconstruction_loss: 1.0004 - vc_loss: 3.2516 - weighted_kl_loss: 0.3581
Epoch 176/200
93/93 - 51s - 546ms/step - accuracy: 0.6162 - autoencoder_loss: 1.4949 - kl_loss: 0.4950 - loss: 3.3963 - reconstruction_loss: 0.9999 - vc_loss: 4.2112 - weighted_kl_loss: 0.4950
Epoch 186/200
93/93 - 54s - 584ms/step - accuracy: 0.6035 - autoencoder_loss: 1.2331 - kl_loss: 0.2323 - loss: 2.4905 - reconstruction_loss: 1.0008 - vc_loss: 3.0294 - weighted_kl_loss: 0.2323
Epoch 194/200
93/93 - 54s - 581ms/step - accuracy: 0.6061 - autoencoder_loss: 1.6786 - kl_loss: 0.6793 - loss: 3.8688 - reconstruction_loss: 0.9994 - vc_loss: 4.8074 - weighted_kl_loss: 0.6793
Epoch 197/200
93/93 - 57s - 611ms/step - accuracy: 0.6061 - autoencoder_loss: 1.3422 - kl_loss: 0.3426 - loss: 2.7713 - reconstruction_loss: 0.9996 - vc_loss: 3.3837 - weighted_kl_loss: 0.3426
Epoch 177/200
93/93 - 56s - 600ms/step - accuracy: 0.6162 - autoencoder_loss: 1.4890 - kl_loss: 0.4895 - loss: 3.2474 - reconstruction_loss: 0.9995 - vc_loss: 4.0010 - weighted_kl_loss: 0.4895
Epoch 187/200
93/93 - 57s - 609ms/step - accuracy: 0.6035 - autoencoder_loss: 1.2309 - kl_loss: 0.2291 - loss: 2.8535 - reconstruction_loss: 1.0018 - vc_loss: 3.5490 - weighted_kl_loss: 0.2291
Epoch 195/200
93/93 - 56s - 600ms/step - accuracy: 0.6061 - autoencoder_loss: 1.6648 - kl_loss: 0.6653 - loss: 3.4786 - reconstruction_loss: 0.9995 - vc_loss: 4.2559 - weighted_kl_loss: 0.6653
Epoch 198/200
93/93 - 56s - 606ms/step - accuracy: 0.6061 - autoencoder_loss: 1.3208 - kl_loss: 0.3212 - loss: 2.8069 - reconstruction_loss: 0.9996 - vc_loss: 3.4438 - weighted_kl_loss: 0.3212
Epoch 178/200
93/93 - 56s - 599ms/step - accuracy: 0.6162 - autoencoder_loss: 1.4937 - kl_loss: 0.4944 - loss: 3.0665 - reconstruction_loss: 0.9992 - vc_loss: 3.7405 - weighted_kl_loss: 0.4944
Epoch 188/200
93/93 - 52s - 563ms/step - accuracy: 0.6035 - autoencoder_loss: 1.2066 - kl_loss: 0.2073 - loss: 2.4722 - reconstruction_loss: 0.9993 - vc_loss: 3.0146 - weighted_kl_loss: 0.2073
Epoch 196/200
93/93 - 50s - 534ms/step - accuracy: 0.6061 - autoencoder_loss: 1.6556 - kl_loss: 0.6553 - loss: 3.5229 - reconstruction_loss: 1.0003 - vc_loss: 4.3231 - weighted_kl_loss: 0.6553
Epoch 199/200
93/93 - 52s - 561ms/step - accuracy: 0.6061 - autoencoder_loss: 1.3165 - kl_loss: 0.3165 - loss: 2.6020 - reconstruction_loss: 1.0000 - vc_loss: 3.1529 - weighted_kl_loss: 0.3165
Epoch 179/200
93/93 - 52s - 554ms/step - accuracy: 0.6162 - autoencoder_loss: 1.4731 - kl_loss: 0.4740 - loss: 3.0031 - reconstruction_loss: 0.9991 - vc_loss: 3.6588 - weighted_kl_loss: 0.4740
Epoch 189/200
93/93 - 54s - 579ms/step - accuracy: 0.6035 - autoencoder_loss: 1.2415 - kl_loss: 0.2412 - loss: 3.0371 - reconstruction_loss: 1.0004 - vc_loss: 3.8066 - weighted_kl_loss: 0.2412
Epoch 197/200
93/93 - 54s - 580ms/step - accuracy: 0.6061 - autoencoder_loss: 1.6437 - kl_loss: 0.6444 - loss: 3.6056 - reconstruction_loss: 0.9993 - vc_loss: 4.4465 - weighted_kl_loss: 0.6444
Epoch 200/200
93/93 - 51s - 550ms/step - accuracy: 0.6162 - autoencoder_loss: 1.4699 - kl_loss: 0.4700 - loss: 3.4901 - reconstruction_loss: 0.9999 - vc_loss: 4.3559 - weighted_kl_loss: 0.4700
Epoch 190/200
93/93 - 52s - 563ms/step - accuracy: 0.6061 - autoencoder_loss: 1.3103 - kl_loss: 0.3108 - loss: 2.4356 - reconstruction_loss: 0.9995 - vc_loss: 2.9178 - weighted_kl_loss: 0.3108
Epoch 180/200
93/93 - 51s - 546ms/step - accuracy: 0.6035 - autoencoder_loss: 1.2368 - kl_loss: 0.2375 - loss: 2.6626 - reconstruction_loss: 0.9993 - vc_loss: 3.2736 - weighted_kl_loss: 0.2375
Epoch 198/200
93/93 - 51s - 552ms/step - accuracy: 0.6061 - autoencoder_loss: 1.6389 - kl_loss: 0.6394 - loss: 3.1425 - reconstruction_loss: 0.9994 - vc_loss: 3.7869 - weighted_kl_loss: 0.6394
93/93 - 52s - 556ms/step - accuracy: 0.6162 - autoencoder_loss: 1.4727 - kl_loss: 0.4722 - loss: 2.9227 - reconstruction_loss: 1.0005 - vc_loss: 3.5441 - weighted_kl_loss: 0.4722
Epoch 191/200
93/93 - 52s - 561ms/step - accuracy: 0.6061 - autoencoder_loss: 1.2975 - kl_loss: 0.2977 - loss: 2.8845 - reconstruction_loss: 0.9998 - vc_loss: 3.5646 - weighted_kl_loss: 0.2977
Epoch 181/200

Fold 9 metrics (trial primary)
------------------------------
                    fold: 9
        evaluation_level: trial
               n_samples: 18
               n_windows: 270
                n_trials: 18
        keras_model_loss: 953.464050
prediction_latent_samples: 10
                    loss: 0.620384
                accuracy: 0.722222
                      f1: 0.419355
               precision: 0.361111
                  recall: 0.500000
             window_loss: 0.620384
         window_accuracy: 0.722222
               window_f1: 0.419355
        window_precision: 0.361111
           window_recall: 0.500000
              trial_loss: 0.620384
          trial_accuracy: 0.722222
                trial_f1: 0.419355
         trial_precision: 0.361111
            trial_recall: 0.500000

Per-user metrics
----------------------------------------------------------------------------------------------------
  fold=9  subject=8  n=18  evaluation_level=trial  n_windows=270  n_trials=18  loss=0.620384  accuracy=0.722222  f1=0.419355  precision=0.361111  recall=0.500000  window_loss=0.620384  window_accuracy=0.722222  window_f1=0.419355  window_precision=0.361111  window_recall=0.500000  trial_loss=0.620384  trial_accuracy=0.722222  trial_f1=0.419355  trial_precision=0.361111  trial_recall=0.500000

[Fold  13 / 23] LOSO test subject=12 (train=5940, test=270 windows)
93/93 - 52s - 559ms/step - accuracy: 0.6035 - autoencoder_loss: 1.2186 - kl_loss: 0.2180 - loss: 2.9756 - reconstruction_loss: 1.0007 - vc_loss: 3.7286 - weighted_kl_loss: 0.2180
Epoch 199/200
Epoch 1/200
93/93 - 49s - 530ms/step - accuracy: 0.6162 - autoencoder_loss: 1.4552 - kl_loss: 0.4559 - loss: 2.8284 - reconstruction_loss: 0.9993 - vc_loss: 3.4169 - weighted_kl_loss: 0.4559
Epoch 192/200
93/93 - 51s - 550ms/step - accuracy: 0.6061 - autoencoder_loss: 1.2856 - kl_loss: 0.2842 - loss: 3.1284 - reconstruction_loss: 1.0015 - vc_loss: 3.9182 - weighted_kl_loss: 0.2842
Epoch 182/200
93/93 - 49s - 532ms/step - accuracy: 0.6035 - autoencoder_loss: 1.2000 - kl_loss: 0.2009 - loss: 2.7125 - reconstruction_loss: 0.9991 - vc_loss: 3.3607 - weighted_kl_loss: 0.2009
Epoch 200/200
93/93 - 50s - 540ms/step - accuracy: 0.6162 - autoencoder_loss: 1.4508 - kl_loss: 0.4512 - loss: 2.9100 - reconstruction_loss: 0.9995 - vc_loss: 3.5354 - weighted_kl_loss: 0.4512
Epoch 193/200
93/93 - 51s - 543ms/step - accuracy: 0.6061 - autoencoder_loss: 1.2630 - kl_loss: 0.2635 - loss: 2.5783 - reconstruction_loss: 0.9995 - vc_loss: 3.1419 - weighted_kl_loss: 0.2635
Epoch 183/200
93/93 - 49s - 530ms/step - accuracy: 0.6035 - autoencoder_loss: 1.1924 - kl_loss: 0.1931 - loss: 3.2550 - reconstruction_loss: 0.9993 - vc_loss: 4.1389 - weighted_kl_loss: 0.1931
