target_subject,calibration_shots,calibration_fold,calibration_trial_ids,evaluation_trial_ids,n_calibration_samples,n_evaluation_samples,calibration_epochs_ran,zero_shot_loss,zero_shot_accuracy,zero_shot_f1,zero_shot_precision,zero_shot_recall,zero_shot_macro_f1,zero_shot_macro_precision,zero_shot_macro_recall,zero_shot_balanced_accuracy,zero_shot_roc_auc,zero_shot_brier_score,zero_shot_ece,zero_shot_joint_loss,zero_shot_reconstruction_loss,zero_shot_decoder_r2,zero_shot_gcn_gru_reconstruction_loss,zero_shot_gcn_gru_decoder_r2,zero_shot_bilstm_reconstruction_loss,zero_shot_bilstm_decoder_r2,calibrated_loss,calibrated_accuracy,calibrated_f1,calibrated_precision,calibrated_recall,calibrated_macro_f1,calibrated_macro_precision,calibrated_macro_recall,calibrated_balanced_accuracy,calibrated_roc_auc,calibrated_brier_score,calibrated_ece,calibrated_joint_loss,calibrated_reconstruction_loss,calibrated_decoder_r2,calibrated_gcn_gru_reconstruction_loss,calibrated_gcn_gru_decoder_r2,calibrated_bilstm_reconstruction_loss,calibrated_bilstm_decoder_r2,delta_recall,delta_precision,delta_ece,delta_macro_precision,delta_roc_auc,delta_balanced_accuracy,delta_macro_f1,delta_macro_recall,delta_brier_score,delta_f1,delta_joint_loss,delta_decoder_r2,delta_reconstruction_loss,delta_bilstm_reconstruction_loss,delta_accuracy,delta_loss,delta_gcn_gru_decoder_r2,delta_gcn_gru_reconstruction_loss,delta_bilstm_decoder_r2
0,3,1,"[12, 14, 17]","[0, 1, 2, 3, 4, 5, 6, 7, 8, 9, 10, 11, 13, 15, 16]",3,15,20,0.6920903454458449,0.6666666666666666,0.7619047619047619,0.8,0.7272727272727273,0.6031746031746031,0.6000000000000001,0.6136363636363636,0.6136363636363636,0.5454545454545454,0.24947158688152543,0.16469908952713008,0.6864281892776489,0.8139403462409973,0.18605953454971313,0.9196704626083374,0.08032947778701782,0.7082102298736572,0.291789710521698,0.6920810176686475,0.6666666666666666,0.7619047619047619,0.8,0.7272727272727273,0.6031746031746031,0.6000000000000001,0.6136363636363636,0.6136363636363636,0.5454545454545454,0.24946692230586803,0.1647516171137492,0.6027451157569885,0.8139403462409973,0.18605953454971313,0.9196704626083374,0.08032947778701782,0.7082102298736572,0.291789710521698,0.0,0.0,5.2527586619111055e-05,0.0,0.0,0.0,0.0,0.0,-4.6645756573981956e-06,0.0,-0.0836830735206604,0.0,0.0,0.0,0.0,-9.32777719742095e-06,0.0,0.0,0.0
0,3,2,"[4, 15, 16]","[0, 1, 2, 3, 5, 6, 7, 8, 9, 10, 11, 12, 13, 14, 17]",3,15,20,0.6912922618519481,0.6666666666666666,0.7619047619047619,0.8,0.7272727272727273,0.6031746031746031,0.6000000000000001,0.6136363636363636,0.6136363636363636,0.5681818181818181,0.24907258963035125,0.16429595152537024,0.5876297354698181,0.8176330327987671,0.18236684799194336,0.9249826669692993,0.07501727342605591,0.7102834582328796,0.2897164821624756,0.6913572200612926,0.5333333333333333,0.6666666666666666,0.7,0.6363636363636364,0.4444444444444444,0.44999999999999996,0.4431818181818182,0.4431818181818182,0.5227272727272727,0.2491050720924336,0.030992289384206173,0.5840946435928345,0.8176330327987671,0.18236684799194336,0.9249826669692993,0.07501727342605591,0.7102834582328796,0.2897164821624756,-0.09090909090909094,-0.10000000000000009,-0.13330366214116407,-0.15000000000000013,-0.045454545454545414,-0.17045454545454547,-0.15873015873015872,-0.17045454545454547,3.2482462082344954e-05,-0.09523809523809523,-0.0035350918769836426,0.0,0.0,0.0,-0.1333333333333333,6.495820934449004e-05,0.0,0.0,0.0
0,3,3,"[6, 7, 9]","[0, 1, 2, 3, 4, 5, 8, 10, 11, 12, 13, 14, 15, 16, 17]",3,15,20,0.6911525381897721,0.6666666666666666,0.7619047619047619,0.8,0.7272727272727273,0.6031746031746031,0.6000000000000001,0.6136363636363636,0.6136363636363636,0.5909090909090909,0.24900273394921116,0.16422550678253167,0.5906563997268677,0.8217930793762207,0.1782069206237793,0.9245827198028564,0.07541728019714355,0.7190034985542297,0.28099650144577026,0.6907357960727988,0.6,0.7272727272727273,0.7272727272727273,0.7272727272727273,0.48863636363636365,0.48863636363636365,0.48863636363636365,0.48863636363636365,0.5909090909090908,0.24879439326638958,0.09744657278060909,0.5898275375366211,0.8217930793762207,0.1782069206237793,0.9245827198028564,0.07541728019714355,0.7190034985542297,0.28099650144577026,0.0,-0.07272727272727275,-0.06677893400192259,-0.11136363636363644,-1.1102230246251565e-16,-0.125,-0.1145382395382395,-0.125,-0.00020834068282157836,-0.03463203463203457,-0.000828862190246582,0.0,0.0,0.0,-0.06666666666666665,-0.0004167421169732899,0.0,0.0,0.0
0,3,4,"[2, 5, 13]","[0, 1, 3, 4, 6, 7, 8, 9, 10, 11, 12, 14, 15, 16, 17]",3,15,20,0.69012532214248,0.8,0.8571428571428571,0.9,0.8181818181818182,0.7619047619047619,0.75,0.7840909090909092,0.7840909090909092,0.7045454545454546,0.2484891253219228,0.2972870429356893,0.5945814251899719,0.8238175511360168,0.17618238925933838,0.9262564182281494,0.07374358177185059,0.7213786840438843,0.2786213159561157,0.6900834030548064,0.7333333333333333,0.8,0.8888888888888888,0.7272727272727273,0.7,0.6944444444444444,0.7386363636363636,0.7386363636363636,0.6363636363636365,0.2484681729617247,0.23059742053349808,0.5910657644271851,0.8238175511360168,0.17618238925933838,0.9262564182281494,0.07374358177185059,0.7213786840438843,0.2786213159561157,-0.09090909090909094,-0.011111111111111183,-0.06668962240219123,-0.05555555555555558,-0.06818181818181812,-0.045454545454545525,-0.06190476190476191,-0.045454545454545525,-2.0952360198112085e-05,-0.05714285714285705,-0.0035156607627868652,0.0,0.0,0.0,-0.06666666666666676,-4.191908767359198e-05,0.0,0.0,0.0
0,3,5,"[0, 8, 11]","[1, 2, 3, 4, 5, 6, 7, 9, 10, 12, 13, 14, 15, 16, 17]",3,15,20,0.6902532779482013,0.8,0.8571428571428571,0.9,0.8181818181818182,0.7619047619047619,0.75,0.7840909090909092,0.7840909090909092,0.7727272727272727,0.24855310653626653,0.2978059013684591,0.5894848108291626,0.8232882022857666,0.17671173810958862,0.9295732975006104,0.07042670249938965,0.7170031666755676,0.2829968333244324,0.6902099605130498,0.8,0.8571428571428571,0.9,0.8181818181818182,0.7619047619047619,0.75,0.7840909090909092,0.7840909090909092,0.75,0.24853146434829268,0.29780607620875044,0.5912759304046631,0.8232882022857666,0.17671173810958862,0.9295732975006104,0.07042670249938965,0.7170031666755676,0.2829968333244324,0.0,0.0,1.748402913559488e-07,0.0,-0.022727272727272707,0.0,0.0,0.0,-2.1642187973847093e-05,0.0,0.0017911195755004883,0.0,0.0,0.0,0.0,-4.3317435151513095e-05,0.0,0.0,0.0
0,3,6,"[1, 3, 10]","[0, 2, 4, 5, 6, 7, 8, 9, 11, 12, 13, 14, 15, 16, 17]",3,15,20,0.6900501488443506,0.7333333333333333,0.8,0.8,0.8,0.7,0.7,0.7,0.7,0.7,0.24845154502781466,0.2308363795280456,0.6020783185958862,0.8231641054153442,0.17683595418930054,0.9267704486846924,0.07322955131530762,0.7195577621459961,0.2804422378540039,0.6898720144544328,0.6666666666666666,0.7619047619047619,0.7272727272727273,0.8,0.6031746031746031,0.6136363636363636,0.6000000000000001,0.6000000000000001,0.72,0.24836249856753412,0.16395054658253982,0.5975276827812195,0.8231641054153442,0.17683595418930054,0.9267704486846924,0.07322955131530762,0.7195577621459961,0.2804422378540039,0.0,-0.07272727272727275,-0.06688583294550576,-0.08636363636363631,0.020000000000000018,-0.09999999999999987,-0.09682539682539681,-0.09999999999999987,-8.904646028054519e-05,-0.03809523809523818,-0.004550635814666748,0.0,0.0,0.0,-0.06666666666666665,-0.0001781343899177612,0.0,0.0,0.0
0,6,1,"[2, 4, 7, 12, 13, 16]","[0, 1, 3, 5, 6, 8, 9, 10, 11, 14, 15, 17]",6,12,20,0.6917601025575082,0.6666666666666666,0.7777777777777778,0.7777777777777778,0.7777777777777778,0.5555555555555556,0.5555555555555556,0.5555555555555556,0.5555555555555556,0.5555555555555556,0.24930646291821565,0.1643623560667038,0.6055395603179932,0.8196243643760681,0.18037551641464233,0.9243155121803284,0.07568436861038208,0.7149332165718079,0.28506672382354736,0.6914730080829371,0.5833333333333334,0.7368421052631579,0.7,0.7777777777777778,0.3684210526315789,0.35,0.3888888888888889,0.3888888888888889,0.4814814814814815,0.2491629269631576,0.08076691130797076,0.6017982959747314,0.8196243643760681,0.18037551641464233,0.9243155121803284,0.07568436861038208,0.7149332165718079,0.28506672382354736,0.0,-0.07777777777777783,-0.08359544475873304,-0.2055555555555556,-0.07407407407407407,-0.16666666666666669,-0.18713450292397665,-0.16666666666666669,-0.0001435359550580606,-0.040935672514619936,-0.0037412643432617188,0.0,0.0,0.0,-0.08333333333333326,-0.0002870944745710924,0.0,0.0,0.0
0,6,2,"[0, 3, 8, 9, 10, 11]","[1, 2, 4, 5, 6, 7, 12, 13, 14, 15, 16, 17]",6,12,20,0.6902455548088614,0.75,0.8,0.8571428571428571,0.75,0.7333333333333334,0.7285714285714285,0.75,0.75,0.71875,0.2485492565882088,0.24761604269345605,0.6085595488548279,0.8193863034248352,0.18061363697052002,0.9294397234916687,0.07056021690368652,0.7093328833580017,0.2906670570373535,0.6899143194878002,0.5,0.6666666666666666,0.6,0.75,0.3333333333333333,0.3,0.375,0.375,0.71875,0.24838368491060367,0.002643952767054203,0.6004125475883484,0.8193863034248352,0.18061363697052002,0.9294397234916687,0.07056021690368652,0.7093328833580017,0.2906670570373535,0.0,-0.2571428571428571,-0.24497208992640185,-0.42857142857142855,0.0,-0.375,-0.4000000000000001,-0.375,-0.0001655716776051419,-0.13333333333333341,-0.008147001266479492,0.0,0.0,0.0,-0.25,-0.00033123532106116294,0.0,0.0,0.0
0,6,3,"[1, 5, 6, 14, 15, 17]","[0, 2, 3, 4, 7, 8, 9, 10, 11, 12, 13, 16]",6,12,20,0.6904762898449291,0.75,0.8235294117647058,0.875,0.7777777777777778,0.6974789915966386,0.6875,0.7222222222222222,0.7222222222222222,0.6296296296296298,0.24866462416712146,0.2475965370734533,0.6181644201278687,0.8228073120117188,0.17719262838363647,0.9221627116203308,0.07783722877502441,0.7234519124031067,0.27654802799224854,0.6908048635215406,0.6666666666666666,0.7777777777777778,0.7777777777777778,0.7777777777777778,0.5555555555555556,0.5555555555555556,0.5555555555555556,0.5555555555555556,0.6296296296296297,0.24882888510964607,0.1644594371318817,0.6120111346244812,0.8228073120117188,0.17719262838363647,0.9221627116203308,0.07783722877502441,0.7234519124031067,0.27654802799224854,0.0,-0.09722222222222221,-0.08313709994157159,-0.13194444444444442,-1.1102230246251565e-16,-0.16666666666666663,-0.14192343604108304,-0.16666666666666663,0.00016426094252461332,-0.04575163398692805,-0.006153285503387451,0.0,0.0,0.0,-0.08333333333333337,0.0003285736766114322,0.0,0.0,0.0
0,9,1,"[2, 6, 7, 8, 12, 13, 14, 15, 17]","[0, 1, 3, 4, 5, 9, 10, 11, 16]",9,9,20,0.6914933087708505,0.6666666666666666,0.7692307692307693,0.8333333333333334,0.7142857142857143,0.5846153846153846,0.5833333333333334,0.6071428571428572,0.6071428571428572,0.6428571428571428,0.2491730828247119,0.16453695959515036,0.6618622541427612,0.8192430734634399,0.18075692653656006,0.9240822792053223,0.07591766119003296,0.7144038081169128,0.2855961322784424,0.691234738538884,0.5555555555555556,0.7142857142857143,0.7142857142857143,0.7142857142857143,0.35714285714285715,0.35714285714285715,0.35714285714285715,0.35714285714285715,0.5714285714285714,0.24904380344293042,0.05322878228293526,0.6628485918045044,0.8192430734634399,0.18075692653656006,0.9240822792053223,0.07591766119003296,0.7144038081169128,0.2855961322784424,0.0,-0.11904761904761907,-0.1113081773122151,-0.22619047619047622,-0.0714285714285714,-0.25000000000000006,-0.2274725274725275,-0.25000000000000006,-0.00012927938178147746,-0.05494505494505497,0.000986337661743164,0.0,0.0,0.0,-0.11111111111111105,-0.0002585702319665151,0.0,0.0,0.0
0,9,2,"[0, 1, 3, 4, 5, 9, 10, 11, 16]","[2, 6, 7, 8, 12, 13, 14, 15, 17]",9,9,20,0.6901612096084829,0.7777777777777778,0.8333333333333334,0.8333333333333334,0.8333333333333334,0.75,0.75,0.75,0.75,0.6666666666666667,0.2485071030185178,0.2751796709166633,0.6416257619857788,0.8219690322875977,0.17803090810775757,0.9265297651290894,0.0734701156616211,0.7174082398414612,0.28259170055389404,0.6899943243833425,0.6666666666666666,0.7692307692307693,0.7142857142857143,0.8333333333333334,0.5846153846153846,0.6071428571428572,0.5833333333333334,0.5833333333333334,0.6111111111111113,0.24842369723133928,0.1636139021979438,0.6352457404136658,0.8219690322875977,0.17803090810775757,0.9265297651290894,0.0734701156616211,0.7174082398414612,0.28259170055389404,0.0,-0.11904761904761907,-0.11156576871871948,-0.1428571428571428,-0.05555555555555547,-0.16666666666666663,-0.16538461538461535,-0.16666666666666663,-8.340578717852543e-05,-0.0641025641025641,-0.006380021572113037,0.0,0.0,0.0,-0.11111111111111116,-0.00016688522514041182,0.0,0.0,0.0
0,12,1,"[0, 1, 2, 5, 6, 7, 8, 11, 12, 13, 15, 17]","[3, 4, 9, 10, 14, 16]",12,6,20,0.689905539706694,1.0,1.0,1.0,1.0,1.0,1.0,1.0,1.0,1.0,0.24837920579761663,0.49837463100751245,0.6669222116470337,0.8381730318069458,0.16182690858840942,0.9301674365997314,0.06983250379562378,0.7461786866188049,0.2538212537765503,0.6891979910472089,0.6666666666666666,0.8,0.6666666666666666,1.0,0.4,0.3333333333333333,0.5,0.5,1.0,0.2480254598055165,0.16439460714658094,0.6536360383033752,0.8381730318069458,0.16182690858840942,0.9301674365997314,0.06983250379562378,0.7461786866188049,0.2538212537765503,0.0,-0.33333333333333337,-0.3339800238609315,-0.6666666666666667,0.0,-0.5,-0.6,-0.5,-0.0003537459921001407,-0.19999999999999996,-0.013286173343658447,0.0,0.0,0.0,-0.33333333333333337,-0.0007075486594850799,0.0,0.0,0.0
0,12,2,"[1, 2, 3, 6, 7, 8, 9, 10, 11, 13, 15, 16]","[0, 4, 5, 12, 14, 17]",12,6,20,0.6862232488186515,0.8333333333333334,0.8888888888888888,0.8,1.0,0.7777777777777777,0.9,0.75,0.75,1.0,0.24653820835936888,0.32962125539779663,0.6975909471511841,0.8195676803588867,0.18043231964111328,0.9268903732299805,0.07310962677001953,0.712244987487793,0.28775501251220703,0.6861279513424666,0.8333333333333334,0.8888888888888888,0.8,1.0,0.7777777777777777,0.9,0.75,0.75,1.0,0.24649056907099146,0.3291097184022268,0.6909383535385132,0.8195676803588867,0.18043231964111328,0.9268903732299805,0.07310962677001953,0.712244987487793,0.28775501251220703,0.0,0.0,-0.0005115369955698279,0.0,0.0,0.0,0.0,0.0,-4.763928837742126e-05,0.0,-0.0066525936126708984,0.0,0.0,0.0,0.0,-9.52974761848635e-05,0.0,0.0,0.0
0,12,3,"[0, 3, 4, 5, 6, 8, 9, 12, 13, 14, 15, 17]","[1, 2, 7, 10, 11, 16]",12,6,20,0.6942216758132463,0.6666666666666666,0.6666666666666666,1.0,0.5,0.6666666666666666,0.75,0.75,0.75,0.5,0.25053723569332603,0.16548692186673475,0.7515234351158142,0.8203821182250977,0.1796177625656128,0.934523344039917,0.06547653675079346,0.7062408924102783,0.29375898838043213,0.6935852703676263,0.5,0.6666666666666666,0.6,0.75,0.3333333333333333,0.3,0.375,0.375,0.5,0.2502190396517007,0.0014177362124124793,0.7421770095825195,0.8203821182250977,0.1796177625656128,0.934523344039917,0.06547653675079346,0.7062408924102783,0.29375898838043213,0.25,-0.4,-0.16406918565432227,-0.45,0.0,-0.375,-0.3333333333333333,-0.375,-0.0003181960416253071,0.0,-0.009346425533294678,0.0,0.0,0.0,-0.16666666666666663,-0.0006364054456200474,0.0,0.0,0.0
1,3,1,"[7, 8, 10]","[0, 1, 2, 3, 4, 5, 6, 9, 11, 12, 13, 14, 15, 16, 17]",3,15,20,0.6930361474861986,0.5333333333333333,0.46153846153846156,0.42857142857142855,0.5,0.5248868778280543,0.5267857142857143,0.5277777777777778,0.5277777777777778,0.5,0.2499444930732278,0.03173649708429971,0.6787915229797363,0.9044906497001648,0.09550946950912476,0.9685589075088501,0.03144115209579468,0.8404223918914795,0.15957766771316528,0.6929513695730393,0.5333333333333333,0.46153846153846156,0.42857142857142855,0.5,0.5248868778280543,0.5267857142857143,0.5277777777777778,0.5277777777777778,0.537037037037037,0.24990210241669206,0.03157056172688799,0.585608184337616,0.9044906497001648,0.09550946950912476,0.9685589075088501,0.03144115209579468,0.8404223918914795,0.15957766771316528,0.0,0.0,-0.00016593535741171728,0.0,0.03703703703703698,0.0,0.0,0.0,-4.2390656535745697e-05,0.0,-0.09318333864212036,0.0,0.0,0.0,0.0,-8.477791315930627e-05,0.0,0.0,0.0
1,3,2,"[2, 3, 5]","[0, 1, 4, 6, 7, 8, 9, 10, 11, 12, 13, 14, 15, 16, 17]",3,15,20,0.6932426849174913,0.4666666666666667,0.42857142857142855,0.375,0.5,0.4642857142857143,0.4732142857142857,0.4722222222222222,0.4722222222222222,0.537037037037037,0.2500477616153169,0.03530440727869666,0.5889852643013,0.9038377404212952,0.09616225957870483,0.9686787724494934,0.03132122755050659,0.8389967083930969,0.16100329160690308,0.6930358789722751,0.4666666666666667,0.42857142857142855,0.375,0.5,0.4642857142857143,0.4732142857142857,0.4722222222222222,0.4722222222222222,0.5555555555555556,0.2499443605029315,0.03522288799285889,0.5900467038154602,0.9038377404212952,0.09616225957870483,0.9686787724494934,0.03132122755050659,0.8389967083930969,0.16100329160690308,0.0,0.0,-8.151928583777224e-05,0.0,0.0185185185185186,0.0,0.0,0.0,-0.00010340111238538174,0.0,0.0010614395141601562,0.0,0.0,0.0,0.0,-0.0002068059452161597,0.0,0.0,0.0
1,3,3,"[1, 11, 12]","[0, 2, 3, 4, 5, 6, 7, 8, 9, 10, 13, 14, 15, 16, 17]",3,15,20,0.6930453845624556,0.4666666666666667,0.42857142857142855,0.3333333333333333,0.6,0.4642857142857143,0.5,0.5,0.5,0.6,0.24994911434432338,0.03518818219502762,0.5931012034416199,0.9050260186195374,0.09497398138046265,0.9689618349075317,0.03103816509246826,0.841090202331543,0.15890979766845703,0.693395063638347,0.4,0.4,0.3,0.6,0.4,0.44999999999999996,0.44999999999999996,0.44999999999999996,0.56,0.25012394759198714,0.10210919380187988,0.5932989716529846,0.9050260186195374,0.09497398138046265,0.9689618349075317,0.03103816509246826,0.841090202331543,0.15890979766845703,0.0,-0.033333333333333326,0.06692101160685227,-0.050000000000000044,-0.039999999999999925,-0.050000000000000044,-0.06428571428571428,-0.050000000000000044,0.00017483324766376374,-0.028571428571428525,0.0001977682113647461,0.0,0.0,0.0,-0.06666666666666665,0.0003496790758914514,0.0,0.0,0.0
1,3,4,"[9, 15, 17]","[0, 1, 2, 3, 4, 5, 6, 7, 8, 10, 11, 12, 13, 14, 16]",3,15,20,0.6933210026029607,0.4666666666666667,0.42857142857142855,0.375,0.5,0.4642857142857143,0.4732142857142857,0.4722222222222222,0.4722222222222222,0.4814814814814815,0.25008691885751433,0.03502796490987137,0.5862462520599365,0.9075142741203308,0.09248572587966919,0.970256507396698,0.029743492603302002,0.8447720408439636,0.15522795915603638,0.6931472009724605,0.4,0.3076923076923077,0.2857142857142857,0.3333333333333333,0.3891402714932127,0.39285714285714285,0.38888888888888884,0.38888888888888884,0.48148148148148145,0.2500000284995305,0.10159951448440552,0.5822264552116394,0.9075142741203308,0.09248572587966919,0.970256507396698,0.029743492603302002,0.8447720408439636,0.15522795915603638,-0.16666666666666669,-0.0892857142857143,0.06657154957453415,-0.08035714285714285,-5.551115123125783e-17,-0.08333333333333337,-0.07514544279250163,-0.08333333333333337,-8.689035798381539e-05,-0.12087912087912084,-0.004019796848297119,0.0,0.0,0.0,-0.06666666666666665,-0.00017380163050018105,0.0,0.0,0.0
1,3,5,"[6, 14, 16]","[0, 1, 2, 3, 4, 5, 7, 8, 9, 10, 11, 12, 13, 15, 17]",3,15,20,0.6934075109934839,0.4666666666666667,0.5,0.4,0.6666666666666666,0.4642857142857143,0.5,0.5,0.5,0.5555555555555556,0.25013017231752444,0.03516213893890385,0.5837492346763611,0.9072468280792236,0.09275317192077637,0.9697852730751038,0.03021472692489624,0.8447084426879883,0.15529155731201172,0.6932417391871021,0.4666666666666667,0.5,0.4,0.6666666666666666,0.4642857142857143,0.5,0.5,0.5,0.5370370370370371,0.2500472828997063,0.035127540429433224,0.5841571092605591,0.9072468280792236,0.09275317192077637,0.9697852730751038,0.03021472692489624,0.8447084426879883,0.15529155731201172,0.0,0.0,-3.4598509470629146e-05,0.0,-0.01851851851851849,0.0,0.0,0.0,-8.288941781814385e-05,0.0,0.00040787458419799805,0.0,0.0,0.0,0.0,-0.0001657718063817759,0.0,0.0,0.0
1,3,6,"[0, 4, 13]","[1, 2, 3, 5, 6, 7, 8, 9, 10, 11, 12, 14, 15, 16, 17]",3,15,20,0.6923234947453749,0.6,0.5714285714285714,0.5,0.6666666666666666,0.5982142857142857,0.6071428571428572,0.6111111111111112,0.6111111111111112,0.6296296296296297,0.24958817055624075,0.09821374416351314,0.5952980518341064,0.8982928991317749,0.1017071008682251,0.9664033651351929,0.03359663486480713,0.8301824331283569,0.16981756687164307,0.6921759235460766,0.6666666666666666,0.6153846153846154,0.5714285714285714,0.6666666666666666,0.660633484162896,0.6607142857142857,0.6666666666666666,0.6666666666666666,0.6666666666666667,0.2495143673037801,0.16507784525553382,0.5926238298416138,0.8982928991317749,0.1017071008682251,0.9664033651351929,0.03359663486480713,0.8301824331283569,0.16981756687164307,0.0,0.0714285714285714,0.06686410109202068,0.05357142857142849,0.03703703703703709,0.05555555555555547,0.062419198448610325,0.05555555555555547,-7.38032524606469e-05,0.04395604395604402,-0.0026742219924926758,0.0,0.0,0.0,0.06666666666666665,-0.00014757119929831308,0.0,0.0,0.0
1,6,1,"[2, 3, 5, 8, 13, 17]","[0, 1, 4, 6, 7, 9, 10, 11, 12, 14, 15, 16]",6,12,20,0.6930286428139069,0.5,0.4,0.4,0.4,0.4857142857142857,0.4857142857142857,0.4857142857142857,0.4857142857142857,0.5142857142857143,0.2499407391781955,0.0016961544752120972,0.5989905595779419,0.9069185853004456,0.09308135509490967,0.9695464968681335,0.03045344352722168,0.8442906737327576,0.15570926666259766,0.6929374582723239,0.5,0.4,0.4,0.4,0.4857142857142857,0.4857142857142857,0.4857142857142857,0.4857142857142857,0.4571428571428572,0.24989512969357394,0.0018080820639928552,0.5989223122596741,0.9069185853004456,0.09308135509490967,0.9695464968681335,0.03045344352722168,0.8442906737327576,0.15570926666259766,0.0,0.0,0.00011192758878075804,0.0,-0.05714285714285716,0.0,0.0,0.0,-4.560948462156711e-05,0.0,-6.824731826782227e-05,0.0,0.0,0.0,0.0,-9.118454158296707e-05,0.0,0.0,0.0
1,6,2,"[4, 6, 7, 11, 14, 16]","[0, 1, 2, 3, 5, 8, 9, 10, 12, 13, 15, 17]",6,12,20,0.6931274062288351,0.5,0.5,0.42857142857142855,0.6,0.5,0.5142857142857142,0.5142857142857142,0.5142857142857142,0.5714285714285714,0.24999012474495266,0.0018100589513778687,0.6078040599822998,0.902782678604126,0.09721732139587402,0.9682021737098694,0.031797826290130615,0.8373631834983826,0.16263681650161743,0.6931252211761315,0.5,0.5,0.42857142857142855,0.6,0.5,0.5142857142857142,0.5142857142857142,0.5142857142857142,0.6000000000000001,0.24998902057777986,0.001848439375559452,0.6021031737327576,0.902782678604126,0.09721732139587402,0.9682021737098694,0.031797826290130615,0.8373631834983826,0.16263681650161743,0.0,0.0,3.838042418158327e-05,0.0,0.028571428571428692,0.0,0.0,0.0,-1.1041671728051483e-06,0.0,-0.005700886249542236,0.0,0.0,0.0,0.0,-2.1850527035516265e-06,0.0,0.0,0.0
1,6,3,"[0, 1, 9, 10, 12, 15]","[2, 3, 4, 5, 6, 7, 8, 11, 13, 14, 16, 17]",6,12,20,0.6930320636112405,0.5,0.5,0.375,0.75,0.5,0.5625,0.5625,0.5625,0.59375,0.2499424514589256,0.0018600126107534143,0.5998711585998535,0.9035018682479858,0.09649807214736938,0.9685735702514648,0.031426429748535156,0.8384302258491516,0.1615697741508484,0.6932058297110574,0.4166666666666667,0.46153846153846156,0.3333333333333333,0.75,0.4125874125874126,0.5,0.5,0.5,0.625,0.2500293309505575,0.08543478945891064,0.5945929288864136,0.9035018682479858,0.09649807214736938,0.9685735702514648,0.031426429748535156,0.8384302258491516,0.1615697741508484,0.0,-0.041666666666666685,0.08357477684815723,-0.0625,0.03125,-0.0625,-0.0874125874125874,-0.0625,8.687949163191377e-05,-0.038461538461538436,-0.005278229713439941,0.0,0.0,0.0,-0.08333333333333331,0.0001737660998168966,0.0,0.0,0.0
1,9,1,"[5, 6, 7, 8, 9, 11, 12, 16, 17]","[0, 1, 2, 3, 4, 10, 13, 14, 15]",9,9,20,0.6926739841949813,0.6666666666666666,0.5714285714285714,0.5,0.6666666666666666,0.6493506493506493,0.65,0.6666666666666666,0.6666666666666666,0.7222222222222222,0.2497634038091048,0.1652254660924275,0.6291179656982422,0.9128386378288269,0.0871613621711731,0.9718934893608093,0.028106510639190674,0.8537837862968445,0.14621621370315552,0.6926045327172552,0.7777777777777778,0.75,0.6,1.0,0.775,0.8,0.8333333333333333,0.8333333333333333,0.7777777777777779,0.24972867327468093,0.2764740718735589,0.6209020614624023,0.9128386378288269,0.0871613621711731,0.9718934893608093,0.028106510639190674,0.8537837862968445,0.14621621370315552,0.33333333333333337,0.09999999999999998,0.11124860578113138,0.15000000000000002,0.05555555555555569,0.16666666666666663,0.12564935064935068,0.16666666666666663,-3.473053442387686e-05,0.1785714285714286,-0.008215904235839844,0.0,0.0,0.0,0.11111111111111116,-6.945147772607907e-05,0.0,0.0,0.0
1,9,2,"[0, 1, 2, 3, 4, 10, 13, 14, 15]","[5, 6, 7, 8, 9, 11, 12, 16, 17]",9,9,20,0.6934514111355579,0.3333333333333333,0.4,0.3333333333333333,0.5,0.325,0.3333333333333333,0.35,0.35,0.5,0.2501521200123525,0.16880297660827642,0.6315565705299377,0.8959635496139526,0.10403645038604736,0.965654730796814,0.034345269203186035,0.8262723088264465,0.17372769117355347,0.6936129854012506,0.5555555555555556,0.5,0.5,0.5,0.55,0.55,0.55,0.55,0.44999999999999996,0.2502328953514196,0.053578899966345905,0.6223870515823364,0.8959635496139526,0.10403645038604736,0.965654730796814,0.034345269203186035,0.8262723088264465,0.17372769117355347,0.0,0.16666666666666669,-0.11522407664193052,0.21666666666666673,-0.050000000000000044,0.20000000000000007,0.22500000000000003,0.20000000000000007,8.077533906714063e-05,0.09999999999999998,-0.009169518947601318,0.0,0.0,0.0,0.22222222222222227,0.00016157426569274325,0.0,0.0,0.0
1,12,1,"[0, 2, 4, 5, 6, 8, 9, 11, 12, 13, 15, 16]","[1, 3, 7, 10, 14, 17]",12,6,20,0.6903467693678828,0.8333333333333334,0.8,0.6666666666666666,1.0,0.8285714285714285,0.8333333333333333,0.875,0.875,1.0,0.24859981780215135,0.3317015469074249,0.730744481086731,0.9000793695449829,0.09992057085037231,0.9674234390258789,0.03257650136947632,0.8327353000640869,0.1672646403312683,0.690706421890722,0.8333333333333334,0.8,0.6666666666666666,1.0,0.8285714285714285,0.8333333333333333,0.875,0.875,1.0,0.24877962796878514,0.33197668194770813,0.7282737493515015,0.9000793695449829,0.09992057085037231,0.9674234390258789,0.03257650136947632,0.8327353000640869,0.1672646403312683,0.0,0.0,0.0002751350402832031,0.0,0.0,0.0,0.0,0.0,0.00017981016663379257,0.0,-0.002470731735229492,0.0,0.0,0.0,0.0,0.00035965252283920446,0.0,0.0,0.0
1,12,2,"[0, 2, 3, 4, 6, 7, 8, 10, 12, 13, 14, 16]","[1, 5, 9, 11, 15, 17]",12,6,20,0.6919216658358694,0.6666666666666666,0.6666666666666666,0.5,1.0,0.6666666666666666,0.75,0.75,0.75,0.875,0.2493872592641521,0.16507635513941443,0.710858941078186,0.8956650495529175,0.1043347716331482,0.9643251299858093,0.03567475080490112,0.8270050287246704,0.17299485206604004,0.6912627656403377,0.6666666666666666,0.6666666666666666,0.5,1.0,0.6666666666666666,0.75,0.75,0.75,1.0,0.24905781305142316,0.16492659846941626,0.7025814056396484,0.8956650495529175,0.1043347716331482,0.9643251299858093,0.03567475080490112,0.8270050287246704,0.17299485206604004,0.0,0.0,-0.00014975666999816895,0.0,0.125,0.0,0.0,0.0,-0.0003294462127289288,0.0,-0.008277535438537598,0.0,0.0,0.0,0.0,-0.0006589001955317197,0.0,0.0,0.0
1,12,3,"[0, 1, 5, 6, 7, 8, 9, 10, 12, 14, 15, 17]","[2, 3, 4, 11, 13, 16]",12,6,20,0.6924702902525458,0.6666666666666666,0.6666666666666666,0.5,1.0,0.6666666666666666,0.75,0.75,0.75,0.5,0.24966154628765924,0.16464285055796302,0.7180858254432678,0.9058235883712769,0.09417647123336792,0.9694398045539856,0.03056025505065918,0.8422073721885681,0.15779268741607666,0.6921602062488157,0.6666666666666666,0.6666666666666666,0.5,1.0,0.6666666666666666,0.75,0.75,0.75,0.625,0.2495065323051723,0.16525407632191969,0.7017399072647095,0.9058235883712769,0.09417647123336792,0.9694398045539856,0.03056025505065918,0.8422073721885681,0.15779268741607666,0.0,0.0,0.0006112257639566687,0.0,0.125,0.0,0.0,0.0,-0.00015501398248693454,0.0,-0.01634591817855835,0.0,0.0,0.0,0.0,-0.0003100840037301156,0.0,0.0,0.0
2,3,1,"[3, 4, 12]","[0, 1, 2, 5, 6, 7, 8, 9, 10, 11, 13, 14, 15, 16, 17]",3,15,20,0.6930449406903562,0.6,0.6666666666666666,1.0,0.5,0.5833333333333333,0.6666666666666666,0.75,0.75,0.6944444444444444,0.2499488822099499,0.09747092723846429,0.7944439649581909,0.8631290197372437,0.13687103986740112,0.9274983406066895,0.0725017786026001,0.7987596392631531,0.2012404203414917,0.6921724763229415,0.6666666666666666,0.7368421052631579,1.0,0.5833333333333334,0.6411483253588517,0.6875,0.7916666666666667,0.7916666666666667,0.7222222222222223,0.24951266987213472,0.16405706405639642,0.6959311962127686,0.8631290197372437,0.13687103986740112,0.9274983406066895,0.0725017786026001,0.7987596392631531,0.2012404203414917,0.08333333333333337,0.0,0.06658613681793213,0.02083333333333337,0.0277777777777779,0.04166666666666674,0.05781499202551843,0.04166666666666674,-0.00043621233781518387,0.07017543859649122,-0.09851276874542236,0.0,0.0,0.0,0.06666666666666665,-0.000872464367414616,0.0,0.0,0.0
2,3,2,"[6, 8, 13]","[0, 1, 2, 3, 4, 5, 7, 9, 10, 11, 12, 14, 15, 16, 17]",3,15,20,0.693702723720244,0.5333333333333333,0.5882352941176471,1.0,0.4166666666666667,0.5248868778280543,0.65,0.7083333333333334,0.7083333333333334,0.6944444444444444,0.2502777545777546,0.030826127529144265,0.6911810636520386,0.8635708689689636,0.13642913103103638,0.9277498722076416,0.0722501277923584,0.7993918657302856,0.20060813426971436,0.6931564665445106,0.6,0.6666666666666666,1.0,0.5,0.5833333333333333,0.6666666666666666,0.75,0.75,0.6944444444444445,0.25000463224019204,0.09764865636825559,0.6892989873886108,0.8635708689689636,0.13642913103103638,0.9277498722076416,0.0722501277923584,0.7993918657302856,0.20060813426971436,0.08333333333333331,0.0,0.06682252883911133,0.016666666666666607,1.1102230246251565e-16,0.04166666666666663,0.05844645550527894,0.04166666666666663,-0.000273122337562548,0.07843137254901955,-0.0018820762634277344,0.0,0.0,0.0,0.06666666666666665,-0.0005462571757334223,0.0,0.0,0.0
2,3,3,"[1, 7, 10]","[0, 2, 3, 4, 5, 6, 8, 9, 11, 12, 13, 14, 15, 16, 17]",3,15,20,0.6923202750981591,0.6666666666666666,0.7368421052631579,1.0,0.5833333333333334,0.6411483253588517,0.6875,0.7916666666666667,0.7916666666666667,0.7222222222222223,0.24958655176947928,0.1645001610120137,0.7060824632644653,0.8634505271911621,0.1365494728088379,0.9267659783363342,0.07323402166366577,0.80013507604599,0.19986492395401,0.6911710331958493,0.7333333333333333,0.8,1.0,0.6666666666666666,0.7,0.7142857142857143,0.8333333333333333,0.8333333333333333,0.7222222222222223,0.24901195186349376,0.23115876913070676,0.7027109861373901,0.8634505271911621,0.1365494728088379,0.9267659783363342,0.07323402166366577,0.80013507604599,0.19986492395401,0.08333333333333326,0.0,0.06665860811869306,0.0267857142857143,0.0,0.04166666666666652,0.058851674641148266,0.04166666666666652,-0.0005745999059855178,0.06315789473684219,-0.0033714771270751953,0.0,0.0,0.0,0.06666666666666665,-0.0011492419023098055,0.0,0.0,0.0
2,3,4,"[2, 11, 17]","[0, 1, 3, 4, 5, 6, 7, 8, 9, 10, 12, 13, 14, 15, 16]",3,15,20,0.6919452795214902,0.7333333333333333,0.7777777777777778,1.0,0.6363636363636364,0.7222222222222222,0.75,0.8181818181818181,0.8181818181818181,0.7272727272727273,0.2493990554362025,0.23065019448598223,0.6920973062515259,0.8615971207618713,0.1384029984474182,0.9282158613204956,0.07178425788879395,0.7949783802032471,0.2050216794013977,0.6900074273189947,0.6,0.7,0.7777777777777778,0.6363636363636364,0.55,0.5555555555555556,0.5681818181818181,0.5681818181818181,0.7727272727272727,0.24843018894561228,0.09723207155863445,0.67635178565979,0.8615971207618713,0.1384029984474182,0.9282158613204956,0.07178425788879395,0.7949783802032471,0.2050216794013977,0.0,-0.2222222222222222,-0.13341812292734778,-0.19444444444444442,0.045454545454545414,-0.25,-0.17222222222222217,-0.25,-0.00096886649059022,-0.07777777777777783,-0.01574552059173584,0.0,0.0,0.0,-0.1333333333333333,-0.001937852202495538,0.0,0.0,0.0
2,3,5,"[9, 15, 16]","[0, 1, 2, 3, 4, 5, 6, 7, 8, 10, 11, 12, 13, 14, 17]",3,15,20,0.6921886235291183,0.6,0.6666666666666666,1.0,0.5,0.5833333333333333,0.6666666666666666,0.75,0.75,0.7777777777777778,0.24952073652856493,0.0974689881006876,0.6884459257125854,0.8622515201568604,0.13774853944778442,0.9274676442146301,0.07253235578536987,0.7970353364944458,0.2029646635055542,0.6914035871943,0.6666666666666666,0.7368421052631579,1.0,0.5833333333333334,0.6411483253588517,0.6875,0.7916666666666667,0.7916666666666667,0.8055555555555556,0.24912823733674058,0.1642065405845642,0.6798012852668762,0.8622515201568604,0.13774853944778442,0.9274676442146301,0.07253235578536987,0.7970353364944458,0.2029646635055542,0.08333333333333337,0.0,0.06673755248387658,0.02083333333333337,0.02777777777777779,0.04166666666666674,0.05781499202551843,0.04166666666666674,-0.00039249919182435256,0.07017543859649122,-0.008644640445709229,0.0,0.0,0.0,0.06666666666666665,-0.0007850363348183009,0.0,0.0,0.0
2,3,6,"[0, 5, 14]","[1, 2, 3, 4, 6, 7, 8, 9, 10, 11, 12, 13, 15, 16, 17]",3,15,20,0.6932022960101342,0.5333333333333333,0.5333333333333333,1.0,0.36363636363636365,0.5333333333333333,0.6818181818181819,0.6818181818181819,0.6818181818181819,0.6136363636363636,0.250027558728387,0.030574031670888235,0.6867637634277344,0.8629595041275024,0.13704049587249756,0.9271615743637085,0.0728384256362915,0.7987574338912964,0.2012425661087036,0.6916549246397772,0.4666666666666667,0.5555555555555556,0.7142857142857143,0.45454545454545453,0.4444444444444444,0.48214285714285715,0.4772727272727273,0.4772727272727273,0.6590909090909091,0.24925390910667536,0.03591708739598587,0.6775120496749878,0.8629595041275024,0.13704049587249756,0.9271615743637085,0.0728384256362915,0.7987574338912964,0.2012425661087036,0.09090909090909088,-0.2857142857142857,0.005343055725097634,-0.19967532467532473,0.045454545454545414,-0.20454545454545459,-0.0888888888888889,-0.20454545454545459,-0.0007736496217116418,0.022222222222222254,-0.009251713752746582,0.0,0.0,0.0,-0.06666666666666665,-0.001547371370356987,0.0,0.0,0.0
2,6,1,"[0, 2, 4, 5, 8, 13]","[1, 3, 6, 7, 9, 10, 11, 12, 14, 15, 16, 17]",6,12,20,0.6947334702019226,0.5,0.5,1.0,0.3333333333333333,0.5,0.6666666666666666,0.6666666666666666,0.6666666666666666,0.5925925925925926,0.2507931199537304,0.0026683509349823,0.709669828414917,0.8637822270393372,0.13621783256530762,0.9290695190429688,0.07093048095703125,0.7984949350357056,0.20150506496429443,0.6918283059639556,0.5833333333333334,0.6666666666666666,0.8333333333333334,0.5555555555555556,0.5555555555555556,0.5833333333333334,0.6111111111111112,0.6111111111111112,0.7037037037037037,0.24934058527769598,0.08119186758995056,0.6847135424613953,0.8637822270393372,0.13621783256530762,0.9290695190429688,0.07093048095703125,0.7984949350357056,0.20150506496429443,0.22222222222222227,-0.16666666666666663,0.07852351665496826,-0.08333333333333326,0.11111111111111116,-0.05555555555555547,0.05555555555555558,-0.05555555555555547,-0.0014525346760344005,0.16666666666666663,-0.02495628595352173,0.0,0.0,0.0,0.08333333333333337,-0.0029051642379669396,0.0,0.0,0.0
2,6,2,"[1, 3, 7, 11, 15, 17]","[0, 2, 4, 5, 6, 8, 9, 10, 12, 13, 14, 16]",6,12,20,0.691616843319388,0.75,0.8235294117647058,1.0,0.7,0.6974789915966386,0.7,0.85,0.85,0.8,0.249234845988765,0.24797845383485162,0.7685148119926453,0.8649832606315613,0.1350167989730835,0.9288616180419922,0.07113844156265259,0.8011049032211304,0.1988951563835144,0.6897611989590442,0.6666666666666666,0.8,0.8,0.8,0.4,0.4,0.4,0.4,0.8,0.248307063390616,0.1640837242205937,0.7572826147079468,0.8649832606315613,0.1350167989730835,0.9288616180419922,0.07113844156265259,0.8011049032211304,0.1988951563835144,0.10000000000000009,-0.19999999999999996,-0.08389472961425792,-0.29999999999999993,0.0,-0.44999999999999996,-0.2974789915966386,-0.44999999999999996,-0.0009277825981489907,-0.0235294117647058,-0.011232197284698486,0.0,0.0,0.0,-0.08333333333333337,-0.0018556443603438,0.0,0.0,0.0
2,6,3,"[6, 9, 10, 12, 14, 16]","[0, 1, 2, 3, 4, 5, 7, 8, 11, 13, 15, 17]",6,12,20,0.6918517557634405,0.5833333333333334,0.6153846153846154,1.0,0.4444444444444444,0.5804195804195804,0.6875,0.7222222222222222,0.7222222222222222,0.7037037037037037,0.2493523036826737,0.08043511211872101,0.6853350400924683,0.8597145080566406,0.14028555154800415,0.924498438835144,0.07550156116485596,0.7949305176734924,0.20506948232650757,0.6893464535107211,0.5833333333333334,0.6666666666666666,0.8333333333333334,0.5555555555555556,0.5555555555555556,0.5833333333333334,0.6111111111111112,0.6111111111111112,0.8148148148148149,0.24809973954661912,0.08007972935835528,0.6628604531288147,0.8597145080566406,0.14028555154800415,0.924498438835144,0.07550156116485596,0.7949305176734924,0.20506948232650757,0.11111111111111116,-0.16666666666666663,-0.00035538276036573,-0.10416666666666663,0.11111111111111116,-0.11111111111111105,-0.024864024864024836,-0.11111111111111105,-0.001252564136054568,0.05128205128205121,-0.022474586963653564,0.0,0.0,0.0,0.0,-0.002505302252719388,0.0,0.0,0.0
2,9,1,"[0, 2, 4, 5, 7, 8, 10, 11, 14]","[1, 3, 6, 9, 12, 13, 15, 16, 17]",9,9,20,0.6936869023564074,0.5555555555555556,0.6,1.0,0.42857142857142855,0.55,0.6666666666666666,0.7142857142857143,0.7142857142857143,0.5,0.25026986150577485,0.05277589294645524,0.7548336982727051,0.86423259973526,0.13576740026474,0.9286336302757263,0.07136636972427368,0.7998315691947937,0.2001684308052063,0.6915713557815436,0.5555555555555556,0.6,1.0,0.42857142857142855,0.55,0.6666666666666666,0.7142857142857143,0.7142857142857143,0.6428571428571428,0.24921214857659546,0.052875763840145584,0.7335894107818604,0.86423259973526,0.13576740026474,0.9286336302757263,0.07136636972427368,0.7998315691947937,0.2001684308052063,0.0,0.0,9.987089369034585e-05,0.0,0.1428571428571428,0.0,0.0,0.0,-0.0010577129291793885,0.0,-0.021244287490844727,0.0,0.0,0.0,0.0,-0.0021155465748637914,0.0,0.0,0.0
2,9,2,"[1, 3, 6, 9, 12, 13, 15, 16, 17]","[0, 2, 4, 5, 7, 8, 10, 11, 14]",9,9,20,0.6917812428529062,0.6666666666666666,0.7272727272727273,1.0,0.5714285714285714,0.6493506493506493,0.7,0.7857142857142857,0.7857142857142857,0.8571428571428572,0.2493170409736292,0.16438764333724976,0.7476211190223694,0.861420750617981,0.1385791301727295,0.9263194799423218,0.07368046045303345,0.7965220808982849,0.2034778594970703,0.6904967816686518,0.6666666666666666,0.7692307692307693,0.8333333333333334,0.7142857142857143,0.5846153846153846,0.5833333333333334,0.6071428571428572,0.6071428571428572,0.8571428571428572,0.2486748304131417,0.16422884994082976,0.7349561452865601,0.861420750617981,0.1385791301727295,0.9263194799423218,0.07368046045303345,0.7965220808982849,0.2034778594970703,0.1428571428571429,-0.16666666666666663,-0.00015879339641999834,-0.11666666666666659,0.0,-0.1785714285714285,-0.0647352647352647,-0.1785714285714285,-0.0006422105604874939,0.04195804195804198,-0.012664973735809326,0.0,0.0,0.0,0.0,-0.001284461184254404,0.0,0.0,0.0
2,12,1,"[0, 1, 2, 3, 4, 8, 9, 10, 11, 12, 13, 16]","[5, 6, 7, 14, 15, 17]",12,6,20,0.693103877931275,0.6666666666666666,0.75,1.0,0.6,0.625,0.6666666666666666,0.8,0.8,0.8,0.24997833486801735,0.16372926036516822,0.7527169585227966,0.8616061210632324,0.13839387893676758,0.9243532419204712,0.07564675807952881,0.7988589406013489,0.20114105939865112,0.6894069698585058,0.6666666666666666,0.75,1.0,0.6,0.625,0.6666666666666666,0.8,0.8,0.8,0.24812995126712215,0.16323143243789673,0.7113581895828247,0.8616061210632324,0.13839387893676758,0.9243532419204712,0.07564675807952881,0.7988589406013489,0.20114105939865112,0.0,0.0,-0.0004978279272714881,0.0,0.0,0.0,0.0,0.0,-0.0018483836008952037,0.0,-0.041358768939971924,0.0,0.0,0.0,0.0,-0.003696908072769234,0.0,0.0,0.0
2,12,2,"[0, 2, 4, 5, 6, 7, 8, 10, 14, 15, 16, 17]","[1, 3, 9, 11, 12, 13]",12,6,20,0.6923932173967756,0.5,0.5714285714285714,1.0,0.4,0.4857142857142857,0.625,0.7,0.7,0.8,0.24962305186572786,0.0026939014593759802,0.7391917705535889,0.8646516799926758,0.13534820079803467,0.9303310513496399,0.06966882944107056,0.7989723086357117,0.20102763175964355,0.6884049857539511,0.8333333333333334,0.8888888888888888,1.0,0.8,0.7777777777777777,0.75,0.9,0.9,1.0,0.2476290715986235,0.3309189875920614,0.6909949779510498,0.8646516799926758,0.13534820079803467,0.9303310513496399,0.06966882944107056,0.7989723086357117,0.20102763175964355,0.4,0.0,0.3282250861326854,0.125,0.19999999999999996,0.20000000000000007,0.29206349206349197,0.20000000000000007,-0.0019939802671043727,0.31746031746031744,-0.04819679260253906,0.0,0.0,0.0,0.33333333333333337,-0.003988231642824469,0.0,0.0,0.0
2,12,3,"[0, 2, 4, 5, 6, 7, 8, 11, 13, 14, 15, 16]","[1, 3, 9, 10, 12, 17]",12,6,20,0.6964311222609592,0.3333333333333333,0.3333333333333333,1.0,0.2,0.3333333333333333,0.6,0.6,0.6,0.4,0.25164192657209705,0.16944933931032818,0.7416514158248901,0.8659868240356445,0.13401305675506592,0.9316553473472595,0.06834453344345093,0.8003183007240295,0.1996815800666809,0.6942583536542951,0.3333333333333333,0.3333333333333333,1.0,0.2,0.3333333333333333,0.6,0.6,0.6,0.6,0.2505555853707471,0.16842281818389898,0.7012941837310791,0.8659868240356445,0.13401305675506592,0.9316553473472595,0.06834453344345093,0.8003183007240295,0.1996815800666809,0.0,0.0,-0.001026521126429203,0.0,0.19999999999999996,0.0,0.0,0.0,-0.0010863412013499274,0.0,-0.040357232093811035,0.0,0.0,0.0,0.0,-0.002172768606664044,0.0,0.0,0.0
3,3,1,"[1, 5, 9]","[0, 2, 3, 4, 6, 7, 8, 10, 11, 12, 13, 14, 15, 16, 17]",3,15,20,0.6929039365939141,0.5333333333333333,0.46153846153846156,0.6,0.375,0.5248868778280543,0.55,0.5446428571428572,0.5446428571428572,0.5714285714285714,0.24987836272074895,0.03126214345296219,0.698424756526947,0.8333508968353271,0.16664916276931763,0.8993163108825684,0.10068380832672119,0.7673854231834412,0.2326146364212036,0.6927782517094947,0.6,0.5,0.75,0.375,0.5833333333333333,0.6477272727272727,0.6160714285714286,0.6160714285714286,0.5892857142857142,0.24981552141619504,0.09827316602071123,0.6127325892448425,0.8333508968353271,0.16664916276931763,0.8993163108825684,0.10068380832672119,0.7673854231834412,0.2326146364212036,0.0,0.15000000000000002,0.06701102256774905,0.09772727272727266,0.017857142857142794,0.0714285714285714,0.05844645550527894,0.0714285714285714,-6.284130455391779e-05,0.038461538461538436,-0.08569216728210449,0.0,0.0,0.0,0.06666666666666665,-0.00012568488441944137,0.0,0.0,0.0
3,3,2,"[3, 8, 15]","[0, 1, 2, 4, 5, 6, 7, 9, 10, 11, 12, 13, 14, 16, 17]",3,15,20,0.6929059802781186,0.5333333333333333,0.5333333333333333,0.6666666666666666,0.4444444444444444,0.5333333333333333,0.5555555555555556,0.5555555555555556,0.5555555555555556,0.5925925925925926,0.24987939237140608,0.030986213684082053,0.6214467883110046,0.8367949724197388,0.16320496797561646,0.9029197692871094,0.09708023071289062,0.7706702351570129,0.22932976484298706,0.6929404360446785,0.5333333333333333,0.46153846153846156,0.75,0.3333333333333333,0.5248868778280543,0.6022727272727273,0.5833333333333334,0.5833333333333334,0.6111111111111112,0.2498966169735161,0.031018503506978323,0.612644374370575,0.8367949724197388,0.16320496797561646,0.9029197692871094,0.09708023071289062,0.7706702351570129,0.22932976484298706,-0.1111111111111111,0.08333333333333337,3.2289822896269804e-05,0.04671717171717171,0.0185185185185186,0.02777777777777779,-0.008446455505279005,0.02777777777777779,1.7224602110010867e-05,-0.07179487179487176,-0.008802413940429688,0.0,0.0,0.0,0.0,3.4455766559915446e-05,0.0,0.0,0.0
3,3,3,"[0, 2, 14]","[1, 3, 4, 5, 6, 7, 8, 9, 10, 11, 12, 13, 15, 16, 17]",3,15,20,0.6917266990669637,0.6,0.5714285714285714,0.6666666666666666,0.5,0.5982142857142857,0.6111111111111112,0.6071428571428572,0.6071428571428572,0.6964285714285715,0.24928977002967243,0.09821283022562666,0.6198139786720276,0.8390445709228516,0.1609553098678589,0.9030305743217468,0.0969693660736084,0.7750586271286011,0.22494125366210938,0.6920288566927822,0.6666666666666666,0.6666666666666666,0.7142857142857143,0.625,0.6666666666666666,0.6696428571428572,0.6696428571428572,0.6696428571428572,0.6607142857142857,0.24944083964502237,0.16511937379837027,0.6205106973648071,0.8390445709228516,0.1609553098678589,0.9030305743217468,0.0969693660736084,0.7750586271286011,0.22494125366210938,0.125,0.04761904761904767,0.06690654357274362,0.058531746031746046,-0.03571428571428581,0.0625,0.06845238095238093,0.0625,0.00015106961534994134,0.09523809523809523,0.000696718692779541,0.0,0.0,0.0,0.06666666666666665,0.0003021576258185332,0.0,0.0,0.0
3,3,4,"[4, 7, 11]","[0, 1, 2, 3, 5, 6, 8, 9, 10, 12, 13, 14, 15, 16, 17]",3,15,20,0.6923968929200276,0.6,0.5,0.75,0.375,0.5833333333333333,0.6477272727272727,0.6160714285714286,0.6160714285714286,0.625,0.24962484662741585,0.09766938289006544,0.6129448413848877,0.8365910649299622,0.16340899467468262,0.9023612141609192,0.09763890504837036,0.7708209156990051,0.22917914390563965,0.6923323513709734,0.6,0.5,0.75,0.375,0.5833333333333333,0.6477272727272727,0.6160714285714286,0.6160714285714286,0.625,0.2495925778787848,0.09777636130650835,0.6102108359336853,0.8365910649299622,0.16340899467468262,0.9023612141609192,0.09763890504837036,0.7708209156990051,0.22917914390563965,0.0,0.0,0.0001069784164429155,0.0,0.0,0.0,0.0,0.0,-3.2268748631048005e-05,0.0,-0.0027340054512023926,0.0,0.0,0.0,0.0,-6.454154905422005e-05,0.0,0.0,0.0
3,3,5,"[6, 16, 17]","[0, 1, 2, 3, 4, 5, 7, 8, 9, 10, 11, 12, 13, 14, 15]",3,15,20,0.6927386990362341,0.6,0.5714285714285714,0.8,0.4444444444444444,0.5982142857142857,0.65,0.6388888888888888,0.6388888888888888,0.6111111111111112,0.24979574937701213,0.09742089509963991,0.6165968179702759,0.832334041595459,0.16766595840454102,0.8968640565872192,0.10313594341278076,0.7678040266036987,0.23219597339630127,0.692866642161062,0.6,0.5714285714285714,0.8,0.4444444444444444,0.5982142857142857,0.65,0.6388888888888888,0.6388888888888888,0.5925925925925926,0.24985972160578326,0.09733219146728511,0.6177535653114319,0.832334041595459,0.16766595840454102,0.8968640565872192,0.10313594341278076,0.7678040266036987,0.23219597339630127,0.0,0.0,-8.870363235480294e-05,0.0,-0.0185185185185186,0.0,0.0,0.0,6.39722287711364e-05,0.0,0.0011567473411560059,0.0,0.0,0.0,0.0,0.0001279431248278895,0.0,0.0,0.0
3,3,6,"[10, 12, 13]","[0, 1, 2, 3, 4, 5, 6, 7, 8, 9, 11, 14, 15, 16, 17]",3,15,20,0.6932706077086735,0.4666666666666667,0.3333333333333333,0.5,0.25,0.4444444444444444,0.4772727272727273,0.48214285714285715,0.48214285714285715,0.5,0.25006170713212306,0.03566644986470535,0.6174023151397705,0.8244066834449768,0.1755933165550232,0.89082932472229,0.10917067527770996,0.7579840421676636,0.24201595783233643,0.6934492388889636,0.4666666666666667,0.3333333333333333,0.5,0.25,0.4444444444444444,0.4772727272727273,0.48214285714285715,0.48214285714285715,0.5178571428571429,0.2501510251673041,0.035697762171427394,0.6148525476455688,0.8244066834449768,0.1755933165550232,0.89082932472229,0.10917067527770996,0.7579840421676636,0.24201595783233643,0.0,0.0,3.1312306722042216e-05,0.0,0.017857142857142905,0.0,0.0,0.0,8.931803518102965e-05,0.0,-0.00254976749420166,0.0,0.0,0.0,0.0,0.00017863118029004532,0.0,0.0,0.0
3,6,1,"[2, 9, 10, 12, 14, 17]","[0, 1, 3, 4, 5, 6, 7, 8, 11, 13, 15, 16]",6,12,20,0.6938475144509794,0.4166666666666667,0.36363636363636365,0.5,0.2857142857142857,0.4125874125874126,0.4375,0.44285714285714284,0.44285714285714284,0.4571428571428572,0.2503501412379985,0.08533611396948498,0.6284095048904419,0.8229484558105469,0.1770516037940979,0.8884223103523254,0.11157774925231934,0.7574746608734131,0.2425253987312317,0.6939970122505175,0.4166666666666667,0.36363636363636365,0.5,0.2857142857142857,0.4125874125874126,0.4375,0.44285714285714284,0.44285714285714284,0.4857142857142857,0.2504248988883835,0.08521139621734614,0.6227369904518127,0.8229484558105469,0.1770516037940979,0.8884223103523254,0.11157774925231934,0.7574746608734131,0.2425253987312317,0.0,0.0,-0.00012471775213884762,0.0,0.028571428571428525,0.0,0.0,0.0,7.475765038500448e-05,0.0,-0.00567251443862915,0.0,0.0,0.0,0.0,0.00014949779953810083,0.0,0.0,0.0
3,6,2,"[1, 3, 5, 6, 13, 16]","[0, 2, 4, 7, 8, 9, 10, 11, 12, 14, 15, 17]",6,12,20,0.6929602645518836,0.5833333333333334,0.5454545454545454,0.75,0.42857142857142855,0.5804195804195804,0.625,0.6142857142857143,0.6142857142857143,0.5714285714285714,0.2499065359480742,0.08082805077234911,0.6275985240936279,0.8384246826171875,0.16157525777816772,0.9052187204360962,0.09478127956390381,0.7716307044029236,0.22836929559707642,0.693624198308882,0.5,0.5,0.6,0.42857142857142855,0.5,0.5142857142857142,0.5142857142857142,0.5142857142857142,0.5428571428571428,0.25023847576228614,0.002514168620109558,0.6206563115119934,0.8384246826171875,0.16157525777816772,0.9052187204360962,0.09478127956390381,0.7716307044029236,0.22836929559707642,0.0,-0.15000000000000002,-0.07831388215223956,-0.11071428571428577,-0.02857142857142858,-0.10000000000000009,-0.08041958041958042,-0.10000000000000009,0.0003319398142119512,-0.045454545454545414,-0.0069422125816345215,0.0,0.0,0.0,-0.08333333333333337,0.0006639337569983583,0.0,0.0,0.0
3,6,3,"[0, 4, 7, 8, 11, 15]","[1, 2, 3, 5, 6, 9, 10, 12, 13, 14, 16, 17]",6,12,20,0.6911636287991033,0.6666666666666666,0.6,0.75,0.5,0.6571428571428571,0.6875,0.6666666666666667,0.6666666666666667,0.7222222222222222,0.24900823694311658,0.16445057094097137,0.6346371173858643,0.8398789167404175,0.16012108325958252,0.9040196537971497,0.09598028659820557,0.7757381200790405,0.2242618203163147,0.6911593287259638,0.75,0.7272727272727273,0.8,0.6666666666666666,0.7482517482517483,0.7571428571428571,0.75,0.75,0.8055555555555556,0.24900609219538672,0.24823661645253503,0.6299309730529785,0.8398789167404175,0.16012108325958252,0.9040196537971497,0.09598028659820557,0.7757381200790405,0.2242618203163147,0.16666666666666663,0.050000000000000044,0.08378604551156366,0.06964285714285712,0.08333333333333337,0.08333333333333326,0.0911088911088912,0.08333333333333326,-2.1447477298597306e-06,0.12727272727272732,-0.004706144332885742,0.0,0.0,0.0,0.08333333333333337,-4.300073139562599e-06,0.0,0.0,0.0
3,9,1,"[1, 2, 4, 6, 7, 8, 12, 14, 16]","[0, 3, 5, 9, 10, 11, 13, 15, 17]",9,9,20,0.6911980718184075,0.7777777777777778,0.75,1.0,0.6,0.775,0.8333333333333333,0.8,0.8,0.8,0.2490254367705349,0.27517114082972205,0.6426458358764648,0.8460724949836731,0.1539275050163269,0.9149727821350098,0.08502721786499023,0.7771722078323364,0.22282779216766357,0.6917089819715976,0.6666666666666666,0.6666666666666666,0.75,0.6,0.6666666666666666,0.675,0.675,0.675,0.7500000000000001,0.24928090151316884,0.1645177072948879,0.6245095133781433,0.8460724949836731,0.1539275050163269,0.9149727821350098,0.08502721786499023,0.7771722078323364,0.22282779216766357,0.0,-0.25,-0.11065343353483414,-0.15833333333333321,-0.04999999999999993,-0.125,-0.10833333333333339,-0.125,0.00025546474263393737,-0.08333333333333337,-0.018136322498321533,0.0,0.0,0.0,-0.11111111111111116,0.0005109101531900473,0.0,0.0,0.0
3,9,2,"[0, 3, 5, 9, 10, 11, 13, 15, 17]","[1, 2, 4, 6, 7, 8, 12, 14, 16]",9,9,20,0.6941162732230146,0.3333333333333333,0.25,0.3333333333333333,0.2,0.325,0.3333333333333333,0.35,0.35,0.4,0.2504845425668557,0.16854285531573826,0.6846985816955566,0.8214289546012878,0.17857110500335693,0.8834676742553711,0.1165323257446289,0.7593902349472046,0.2406097650527954,0.6949538256689838,0.3333333333333333,0.25,0.3333333333333333,0.2,0.325,0.3333333333333333,0.35,0.35,0.35,0.2509033022115562,0.16867391268412274,0.6739150285720825,0.8214289546012878,0.17857110500335693,0.8834676742553711,0.1165323257446289,0.7593902349472046,0.2406097650527954,0.0,0.0,0.00013105736838447957,0.0,-0.050000000000000044,0.0,0.0,0.0,0.000418759644700506,0.0,-0.010783553123474121,0.0,0.0,0.0,0.0,0.0008375524459691697,0.0,0.0,0.0
3,12,1,"[0, 1, 3, 4, 6, 7, 9, 10, 11, 14, 15, 16]","[2, 5, 8, 12, 13, 17]",12,6,20,0.6917302098311185,0.8333333333333334,0.8,1.0,0.6666666666666666,0.8285714285714285,0.875,0.8333333333333333,0.8333333333333333,0.6666666666666666,0.24929152517945705,0.3313467800617218,0.7113400101661682,0.8318343162536621,0.16816580295562744,0.8976449966430664,0.10235506296157837,0.766023576259613,0.23397648334503174,0.6918094982399191,0.6666666666666666,0.6666666666666666,0.6666666666666666,0.6666666666666666,0.6666666666666666,0.6666666666666666,0.6666666666666666,0.6666666666666666,0.6666666666666666,0.24933117033016763,0.16492180029551184,0.6894225478172302,0.8318343162536621,0.16816580295562744,0.8976449966430664,0.10235506296157837,0.766023576259613,0.23397648334503174,0.0,-0.33333333333333337,-0.16642497976620996,-0.20833333333333337,0.0,-0.16666666666666663,-0.16190476190476188,-0.16666666666666663,3.964515071058772e-05,-0.13333333333333341,-0.02191746234893799,0.0,0.0,0.0,-0.16666666666666674,7.928840880055965e-05,0.0,0.0,0.0
3,12,2,"[1, 2, 3, 4, 8, 10, 11, 12, 13, 15, 16, 17]","[0, 5, 6, 7, 9, 14]",12,6,20,0.6925109063661093,0.5,0.4,0.5,0.3333333333333333,0.4857142857142857,0.5,0.5,0.5,0.4444444444444445,0.2496818512973736,0.0028772552808126184,0.6864687204360962,0.8214200735092163,0.17857980728149414,0.8980220556259155,0.10197782516479492,0.7448181509971619,0.2551817297935486,0.6928792828027842,0.5,0.4,0.5,0.3333333333333333,0.4857142857142857,0.5,0.5,0.5,0.4444444444444445,0.2498660424994449,0.0028315484523773193,0.6495053768157959,0.8214200735092163,0.17857980728149414,0.8980220556259155,0.10197782516479492,0.7448181509971619,0.2551817297935486,0.0,0.0,-4.570682843529905e-05,0.0,0.0,0.0,0.0,0.0,0.00018419120207130435,0.0,-0.03696334362030029,0.0,0.0,0.0,0.0,0.0003683764366748665,0.0,0.0,0.0
3,12,3,"[0, 1, 2, 3, 5, 6, 7, 10, 12, 14, 16, 17]","[4, 8, 9, 11, 13, 15]",12,6,20,0.6904659152935798,0.6666666666666666,0.5,1.0,0.3333333333333333,0.625,0.8,0.6666666666666666,0.6666666666666666,0.7777777777777779,0.2486594062189552,0.16429421305656433,0.6800920963287354,0.849723219871521,0.15027672052383423,0.9128971099853516,0.08710283041000366,0.7865493893623352,0.21345055103302002,0.6899329774188994,0.8333333333333334,0.8,1.0,0.6666666666666666,0.8285714285714285,0.875,0.8333333333333333,0.8333333333333333,0.888888888888889,0.24839292699083412,0.3316381474335989,0.659430980682373,0.849723219871521,0.15027672052383423,0.9128971099853516,0.08710283041000366,0.7865493893623352,0.21345055103302002,0.3333333333333333,0.0,0.16734393437703454,0.07499999999999996,0.11111111111111105,0.16666666666666663,0.20357142857142851,0.16666666666666663,-0.0002664792281210637,0.30000000000000004,-0.020661115646362305,0.0,0.0,0.0,0.16666666666666674,-0.0005329378746804503,0.0,0.0,0.0
4,3,1,"[0, 1, 9]","[2, 3, 4, 5, 6, 7, 8, 10, 11, 12, 13, 14, 15, 16, 17]",3,15,20,0.6913322195035333,0.6,0.7272727272727273,0.6153846153846154,0.8888888888888888,0.48863636363636365,0.5576923076923077,0.5277777777777778,0.5277777777777778,0.537037037037037,0.2490925439128011,0.09627096255620315,0.7438788414001465,0.8300411105155945,0.16995888948440552,0.8866222500801086,0.11337774991989136,0.7734599709510803,0.22654002904891968,0.6911077763191252,0.6,0.75,0.6,1.0,0.375,0.3,0.5,0.5,0.537037037037037,0.24898033286591167,0.09565099875132244,0.6583879590034485,0.8300411105155945,0.16995888948440552,0.8866222500801086,0.11337774991989136,0.7734599709510803,0.22654002904891968,0.11111111111111116,-0.015384615384615441,-0.0006199638048807188,-0.2576923076923077,0.0,-0.02777777777777779,-0.11363636363636365,-0.02777777777777779,-0.00011221104688943773,0.022727272727272707,-0.085490882396698,0.0,0.0,0.0,0.0,-0.000224443184408063,0.0,0.0,0.0
4,3,2,"[3, 8, 10]","[0, 1, 2, 4, 5, 6, 7, 9, 11, 12, 13, 14, 15, 16, 17]",3,15,20,0.6906699760828261,0.6666666666666666,0.7619047619047619,0.7272727272727273,0.8,0.6031746031746031,0.6136363636363636,0.6000000000000001,0.6000000000000001,0.64,0.24876143852726554,0.16377713282903028,0.6461845636367798,0.8324962854385376,0.1675037145614624,0.8941655158996582,0.1058344841003418,0.770827054977417,0.229172945022583,0.690784292840338,0.6666666666666666,0.7619047619047619,0.7272727272727273,0.8,0.6031746031746031,0.6136363636363636,0.6000000000000001,0.6000000000000001,0.66,0.24881858812117172,0.1639743010203043,0.6355159878730774,0.8324962854385376,0.1675037145614624,0.8941655158996582,0.1058344841003418,0.770827054977417,0.229172945022583,0.0,0.0,0.00019716819127402196,0.0,0.020000000000000018,0.0,0.0,0.0,5.7149593906180574e-05,0.0,-0.010668575763702393,0.0,0.0,0.0,0.0,0.00011431675751194526,0.0,0.0,0.0
4,3,3,"[6, 7, 11]","[0, 1, 2, 3, 4, 5, 8, 9, 10, 12, 13, 14, 15, 16, 17]",3,15,20,0.6915006292521234,0.6666666666666666,0.7619047619047619,0.6666666666666666,0.8888888888888888,0.6031746031746031,0.6666666666666666,0.611111111111111,0.611111111111111,0.5925925925925926,0.24917673767725176,0.1635556062062581,0.6419035196304321,0.8333986401557922,0.16660135984420776,0.8954420685768127,0.10455793142318726,0.7713552117347717,0.22864478826522827,0.6912335221934787,0.6,0.7272727272727273,0.6153846153846154,0.8888888888888888,0.48863636363636365,0.5576923076923077,0.5277777777777778,0.5277777777777778,0.6111111111111112,0.24904319381244572,0.09655402501424148,0.6413143277168274,0.8333986401557922,0.16660135984420776,0.8954420685768127,0.10455793142318726,0.7713552117347717,0.22864478826522827,0.0,-0.05128205128205121,-0.0670015811920166,-0.10897435897435892,0.0185185185185186,-0.08333333333333326,-0.1145382395382395,-0.08333333333333326,-0.00013354386480604608,-0.03463203463203457,-0.0005891919136047363,0.0,0.0,0.0,-0.06666666666666665,-0.0002671070586447444,0.0,0.0,0.0
4,3,4,"[4, 5, 15]","[0, 1, 2, 3, 6, 7, 8, 9, 10, 11, 12, 13, 14, 16, 17]",3,15,20,0.6924321413752188,0.5333333333333333,0.6666666666666666,0.5833333333333334,0.7777777777777778,0.4444444444444444,0.45833333333333337,0.4722222222222222,0.4722222222222222,0.4444444444444444,0.24964248921068044,0.029762860139211034,0.652847170829773,0.8355254530906677,0.16447454690933228,0.8951721787452698,0.10482782125473022,0.7758787274360657,0.22412127256393433,0.6922100145166274,0.6,0.7272727272727273,0.6153846153846154,0.8888888888888888,0.48863636363636365,0.5576923076923077,0.5277777777777778,0.5277777777777778,0.4444444444444444,0.24953143330179403,0.09636191129684446,0.6484505534172058,0.8355254530906677,0.16447454690933228,0.8951721787452698,0.10482782125473022,0.7758787274360657,0.22412127256393433,0.11111111111111105,0.03205128205128205,0.06659905115763343,0.09935897435897434,0.0,0.05555555555555558,0.04419191919191923,0.05555555555555558,-0.00011105590888640937,0.06060606060606066,-0.004396617412567139,0.0,0.0,0.0,0.06666666666666665,-0.00022212685859135384,0.0,0.0,0.0
4,3,5,"[2, 14, 16]","[0, 1, 3, 4, 5, 6, 7, 8, 9, 10, 11, 12, 13, 15, 17]",3,15,20,0.6922867109890036,0.6,0.7,0.6363636363636364,0.7777777777777778,0.55,0.5681818181818181,0.5555555555555556,0.5555555555555556,0.4814814814814815,0.24956977313333162,0.09652547836303704,0.6733181476593018,0.8324073553085327,0.1675925850868225,0.8903152942657471,0.10968464612960815,0.7744994163513184,0.22550052404403687,0.6924741358573545,0.4666666666666667,0.6363636363636364,0.5384615384615384,0.7777777777777778,0.3181818181818182,0.2692307692307692,0.3888888888888889,0.3888888888888889,0.4814814814814815,0.2496634884652255,0.0372173229853312,0.665983259677887,0.8324073553085327,0.1675925850868225,0.8903152942657471,0.10968464612960815,0.7744994163513184,0.22550052404403687,0.0,-0.09790209790209792,-0.05930815537770584,-0.2989510489510489,0.0,-0.16666666666666669,-0.23181818181818187,-0.16666666666666669,9.371533189389547e-05,-0.0636363636363636,-0.007334887981414795,0.0,0.0,0.0,-0.1333333333333333,0.0001874248683508828,0.0,0.0,0.0
4,3,6,"[12, 13, 17]","[0, 1, 2, 3, 4, 5, 6, 7, 8, 9, 10, 11, 14, 15, 16]",3,15,20,0.6921974485975221,0.6,0.7,0.6363636363636364,0.7777777777777778,0.55,0.5681818181818181,0.5555555555555556,0.5555555555555556,0.4814814814814815,0.2495251505126045,0.09646680752436321,0.6614876389503479,0.8330351114273071,0.16696488857269287,0.8867411613464355,0.11325883865356445,0.7793290615081787,0.2206709384918213,0.6920116841809936,0.6,0.7272727272727273,0.6153846153846154,0.8888888888888888,0.48863636363636365,0.5576923076923077,0.5277777777777778,0.5277777777777778,0.4814814814814815,0.2494322708735101,0.09592503309249878,0.6626858115196228,0.8330351114273071,0.16696488857269287,0.8867411613464355,0.11325883865356445,0.7793290615081787,0.2206709384918213,0.11111111111111105,-0.020979020979020935,-0.000541774431864428,-0.010489510489510412,0.0,-0.02777777777777779,-0.0613636363636364,-0.02777777777777779,-9.287963909437869e-05,0.027272727272727337,0.0011981725692749023,0.0,0.0,0.0,0.0,-0.00018576441652851106,0.0,0.0,0.0
4,6,1,"[2, 3, 5, 8, 12, 16]","[0, 1, 4, 6, 7, 9, 10, 11, 13, 14, 15, 17]",6,12,20,0.6905664698121626,0.6666666666666666,0.75,0.75,0.75,0.625,0.625,0.625,0.625,0.59375,0.2487096946779764,0.16352427005767822,0.6617014408111572,0.8294870853424072,0.170512855052948,0.8982799649238586,0.10172003507614136,0.7606942653656006,0.23930573463439941,0.6905123082091323,0.6666666666666666,0.75,0.75,0.75,0.625,0.625,0.625,0.625,0.65625,0.24868261500793665,0.16364091634750366,0.6596956849098206,0.8294870853424072,0.170512855052948,0.8982799649238586,0.10172003507614136,0.7606942653656006,0.23930573463439941,0.0,0.0,0.00011664628982543945,0.0,0.0625,0.0,0.0,0.0,-2.7079670039759085e-05,0.0,-0.00200575590133667,0.0,0.0,0.0,0.0,-5.4161603030289385e-05,0.0,0.0,0.0
4,6,2,"[0, 1, 7, 10, 14, 15]","[2, 3, 4, 5, 6, 8, 9, 11, 12, 13, 16, 17]",6,12,20,0.6920131339717486,0.5833333333333334,0.7058823529411765,0.6,0.8571428571428571,0.4957983193277311,0.55,0.5285714285714286,0.5285714285714286,0.5142857142857142,0.2494329951222146,0.0803206811348598,0.6705284714698792,0.8366096019744873,0.16339033842086792,0.8901314735412598,0.10986846685409546,0.7830877304077148,0.21691226959228516,0.6917363644990133,0.6666666666666666,0.7777777777777778,0.6363636363636364,1.0,0.5555555555555556,0.8181818181818181,0.6,0.6,0.5428571428571428,0.24929461379129805,0.16338863968849182,0.6623046398162842,0.8366096019744873,0.16339033842086792,0.8901314735412598,0.10986846685409546,0.7830877304077148,0.21691226959228516,0.1428571428571429,0.036363636363636376,0.08306795855363203,0.2681818181818181,0.02857142857142858,0.0714285714285714,0.05975723622782447,0.0714285714285714,-0.00013838133091653715,0.07189542483660127,-0.00822383165359497,0.0,0.0,0.0,0.08333333333333326,-0.0002767694727352499,0.0,0.0,0.0
4,6,3,"[4, 6, 9, 11, 13, 17]","[0, 1, 2, 3, 5, 7, 8, 10, 12, 14, 15, 16]",6,12,20,0.6926299591162026,0.5833333333333334,0.7058823529411765,0.6,0.8571428571428571,0.4957983193277311,0.55,0.5285714285714286,0.5285714285714286,0.39999999999999997,0.2497413766867765,0.07933447261651361,0.6869723200798035,0.832359790802002,0.16764026880264282,0.8858177065849304,0.11418229341506958,0.7789018750190735,0.2210981249809265,0.6926809257540031,0.5833333333333334,0.7058823529411765,0.6,0.8571428571428571,0.4957983193277311,0.55,0.5285714285714286,0.5285714285714286,0.39999999999999997,0.24976684323818432,0.07905633250872302,0.6867178678512573,0.832359790802002,0.16764026880264282,0.8858177065849304,0.11418229341506958,0.7789018750190735,0.2210981249809265,0.0,0.0,-0.00027814010779059206,0.0,0.0,0.0,0.0,0.0,2.5466551407810067e-05,0.0,-0.0002544522285461426,0.0,0.0,0.0,0.0,5.096663780046473e-05,0.0,0.0,0.0
4,9,1,"[1, 3, 6, 7, 11, 12, 13, 14, 15]","[0, 2, 4, 5, 8, 9, 10, 16, 17]",9,9,20,0.69248312634754,0.5555555555555556,0.6666666666666666,0.5714285714285714,0.8,0.5,0.5357142857142857,0.525,0.525,0.55,0.2496679956740958,0.05293022261725533,0.6817356944084167,0.82955402135849,0.17044597864151,0.8918954730033875,0.10810452699661255,0.7672125697135925,0.23278743028640747,0.6920994558521292,0.4444444444444444,0.6153846153846154,0.5,0.8,0.3076923076923077,0.25,0.4,0.4,0.55,0.24947619697033366,0.0592719581392076,0.6651501655578613,0.82955402135849,0.17044597864151,0.8918954730033875,0.10810452699661255,0.7672125697135925,0.23278743028640747,0.0,-0.0714285714285714,0.006341735521952274,-0.2857142857142857,0.0,-0.125,-0.1923076923076923,-0.125,-0.0001917987037621527,-0.05128205128205121,-0.01658552885055542,0.0,0.0,0.0,-0.11111111111111116,-0.0003836704954107706,0.0,0.0,0.0
4,9,2,"[0, 2, 4, 5, 8, 9, 10, 16, 17]","[1, 3, 6, 7, 11, 12, 13, 14, 15]",9,9,20,0.6909898832363023,0.6666666666666666,0.7692307692307693,0.7142857142857143,0.8333333333333334,0.5846153846153846,0.6071428571428572,0.5833333333333334,0.5833333333333334,0.4444444444444445,0.24892136248160165,0.1625226669841342,0.7242507338523865,0.8360836505889893,0.16391628980636597,0.8909239768981934,0.10907602310180664,0.7812433838844299,0.21875661611557007,0.6905341499685893,0.7777777777777778,0.8571428571428571,0.75,1.0,0.6785714285714286,0.875,0.6666666666666666,0.6666666666666666,0.4444444444444445,0.248693526809995,0.27324000994364417,0.7144860029220581,0.8360836505889893,0.16391628980636597,0.8909239768981934,0.10907602310180664,0.7812433838844299,0.21875661611557007,0.16666666666666663,0.0357142857142857,0.11071734295950997,0.2678571428571428,0.0,0.08333333333333326,0.09395604395604396,0.08333333333333326,-0.00022783567160664098,0.08791208791208782,-0.00976473093032837,0.0,0.0,0.0,0.11111111111111116,-0.0004557332677129766,0.0,0.0,0.0
4,12,1,"[0, 1, 4, 6, 7, 8, 9, 10, 11, 12, 14, 17]","[2, 3, 5, 13, 15, 16]",12,6,20,0.6911256482128693,0.6666666666666666,0.8,0.6666666666666666,1.0,0.4,0.3333333333333333,0.5,0.5,0.5,0.2489892313930889,0.16295529405275977,0.7691859006881714,0.8412693738937378,0.1587306261062622,0.8893914818763733,0.11060857772827148,0.7931473255157471,0.2068527340888977,0.69197351268138,0.6666666666666666,0.8,0.6666666666666666,1.0,0.4,0.3333333333333333,0.5,0.5,0.25,0.2494131189706247,0.16232498486836744,0.7423690557479858,0.8412693738937378,0.1587306261062622,0.8893914818763733,0.11060857772827148,0.7931473255157471,0.2068527340888977,0.0,0.0,-0.0006303091843923303,0.0,-0.25,0.0,0.0,0.0,0.00042388757753580864,0.0,-0.026816844940185547,0.0,0.0,0.0,0.0,0.0008478644685107062,0.0,0.0,0.0
4,12,2,"[0, 1, 2, 4, 5, 6, 7, 8, 9, 12, 13, 16]","[3, 10, 11, 14, 15, 17]",12,6,20,0.6911712608469075,0.5,0.6666666666666666,0.6,0.75,0.3333333333333333,0.3,0.375,0.375,0.375,0.24901205395645634,0.00381552179654443,0.7738637924194336,0.8291827440261841,0.17081725597381592,0.902052640914917,0.09794735908508301,0.7563128471374512,0.24368715286254883,0.6919426702668527,0.5,0.6666666666666666,0.6,0.75,0.3333333333333333,0.3,0.375,0.375,0.375,0.24939762252345524,0.004627068837483761,0.7264389991760254,0.8291827440261841,0.17081725597381592,0.902052640914917,0.09794735908508301,0.7563128471374512,0.24368715286254883,0.0,0.0,0.0008115470409393311,0.0,0.0,0.0,0.0,0.0,0.0003855685669988951,0.0,-0.0474247932434082,0.0,0.0,0.0,0.0,0.0007714094199452459,0.0,0.0,0.0
4,12,3,"[0, 1, 3, 5, 6, 7, 9, 11, 12, 14, 16, 17]","[2, 4, 8, 10, 13, 15]",12,6,20,0.6885447030405545,0.8333333333333334,0.8888888888888888,0.8,1.0,0.7777777777777777,0.9,0.75,0.75,0.75,0.24769884249447452,0.32938122749328613,0.8201457858085632,0.8299058675765991,0.1700940728187561,0.8894901871681213,0.11050981283187866,0.7703216075897217,0.22967839241027832,0.6889067375349173,0.6666666666666666,0.8,0.6666666666666666,1.0,0.4,0.3333333333333333,0.5,0.5,0.75,0.24787986310949192,0.16258077820142103,0.7964138388633728,0.8299058675765991,0.1700940728187561,0.8894901871681213,0.11050981283187866,0.7703216075897217,0.22967839241027832,0.0,-0.13333333333333341,-0.1668004492918651,-0.5666666666666667,0.0,-0.25,-0.37777777777777766,-0.25,0.00018102061501740208,-0.0888888888888888,-0.02373194694519043,0.0,0.0,0.0,-0.16666666666666674,0.000362034494362784,0.0,0.0,0.0
5,3,1,"[2, 7, 15]","[0, 1, 3, 4, 5, 6, 8, 9, 10, 11, 12, 13, 14, 16, 17]",3,15,20,0.6954890589865682,0.3333333333333333,0.0,0.0,0.0,0.25,0.16666666666666666,0.5,0.5,0.8200000000000001,0.25117106111778653,0.17406104008356732,0.7482889890670776,0.8756330609321594,0.12436681985855103,0.9451888799667358,0.05481100082397461,0.806077241897583,0.19392269849777222,0.6953080234534191,0.3333333333333333,0.0,0.0,0.0,0.25,0.16666666666666666,0.5,0.5,0.8200000000000001,0.25108056028906556,0.17392597993214926,0.6553547382354736,0.8756330609321594,0.12436681985855103,0.9451888799667358,0.05481100082397461,0.806077241897583,0.19392269849777222,0.0,0.0,-0.00013506015141806493,0.0,0.0,0.0,0.0,0.0,-9.050082872097409e-05,0.0,-0.092934250831604,0.0,0.0,0.0,0.0,-0.0001810355331490765,0.0,0.0,0.0
5,3,2,"[0, 13, 17]","[1, 2, 3, 4, 5, 6, 7, 8, 9, 10, 11, 12, 14, 15, 16]",3,15,20,0.6950572004162996,0.3333333333333333,0.0,0.0,0.0,0.25,0.16666666666666666,0.5,0.5,0.8200000000000001,0.25095517707303816,0.1736427664756775,0.6596699953079224,0.8730288743972778,0.12697112560272217,0.9432697892189026,0.05673021078109741,0.8027879595756531,0.19721204042434692,0.6945272785280544,0.3333333333333333,0.0,0.0,0.0,0.25,0.16666666666666666,0.5,0.5,0.8400000000000001,0.25069021637382377,0.17298022111256922,0.6583184599876404,0.8730288743972778,0.12697112560272217,0.9432697892189026,0.05673021078109741,0.8027879595756531,0.19721204042434692,0.0,0.0,-0.00066254536310828,0.0,0.020000000000000018,0.0,0.0,0.0,-0.00026496069921438936,0.0,-0.0013515353202819824,0.0,0.0,0.0,0.0,-0.0005299218882451884,0.0,0.0,0.0
5,3,3,"[11, 14, 16]","[0, 1, 2, 3, 4, 5, 6, 7, 8, 9, 10, 12, 13, 15, 17]",3,15,20,0.6962004952149907,0.3333333333333333,0.0,0.0,0.0,0.25,0.16666666666666666,0.5,0.5,0.74,0.25152673673386505,0.1741692860921224,0.6708561778068542,0.8722457885742188,0.1277543306350708,0.9433210492134094,0.05667906999588013,0.8011705875396729,0.19882947206497192,0.6958688563532078,0.3333333333333333,0.0,0.0,0.0,0.25,0.16666666666666666,0.5,0.5,0.74,0.2513609244559452,0.17359354893366502,0.6667267084121704,0.8722457885742188,0.1277543306350708,0.9433210492134094,0.05667906999588013,0.8011705875396729,0.19882947206497192,0.0,0.0,-0.0005757371584573789,0.0,0.0,0.0,0.0,0.0,-0.0001658122779198412,0.0,-0.004129469394683838,0.0,0.0,0.0,0.0,-0.00033163886178289026,0.0,0.0,0.0
5,3,4,"[3, 6, 9]","[0, 1, 2, 4, 5, 7, 8, 10, 11, 12, 13, 14, 15, 16, 17]",3,15,20,0.6960461938313169,0.3333333333333333,0.0,0.0,0.0,0.25,0.16666666666666666,0.5,0.5,0.76,0.2514494893700466,0.17364455858866373,0.6666890978813171,0.8741739392280579,0.12582612037658691,0.9438000917434692,0.05619990825653076,0.8045477867126465,0.19545221328735352,0.6955534695685177,0.3333333333333333,0.0,0.0,0.0,0.25,0.16666666666666666,0.5,0.5,0.72,0.25120312569974096,0.17276715834935513,0.6673460602760315,0.8741739392280579,0.12582612037658691,0.9438000917434692,0.05619990825653076,0.8045477867126465,0.19545221328735352,0.0,0.0,-0.0008774002393086011,0.0,-0.040000000000000036,0.0,0.0,0.0,-0.000246363670305616,0.0,0.0006569623947143555,0.0,0.0,0.0,0.0,-0.0004927242627992268,0.0,0.0,0.0
5,3,5,"[4, 5, 12]","[0, 1, 2, 3, 6, 7, 8, 9, 10, 11, 13, 14, 15, 16, 17]",3,15,20,0.6951954135508774,0.3333333333333333,0.0,0.0,0.0,0.25,0.16666666666666666,0.5,0.5,0.9199999999999999,0.25102426528332955,0.17422064145406085,0.6718056201934814,0.8752567768096924,0.12474328279495239,0.9444218873977661,0.05557817220687866,0.8060916662216187,0.19390839338302612,0.6951139202735933,0.3333333333333333,0.0,0.0,0.0,0.25,0.16666666666666666,0.5,0.5,0.9,0.2509835128454296,0.17403810024261473,0.6714991927146912,0.8752567768096924,0.12474328279495239,0.9444218873977661,0.05557817220687866,0.8060916662216187,0.19390839338302612,0.0,0.0,-0.0001825412114461189,0.0,-0.019999999999999907,0.0,0.0,0.0,-4.0752437899971294e-05,0.0,-0.0003064274787902832,0.0,0.0,0.0,0.0,-8.149327728412814e-05,0.0,0.0,0.0
5,3,6,"[1, 8, 10]","[0, 2, 3, 4, 5, 6, 7, 9, 11, 12, 13, 14, 15, 16, 17]",3,15,20,0.6959219796545926,0.3333333333333333,0.0,0.0,0.0,0.25,0.16666666666666666,0.5,0.5,0.76,0.25138749018430234,0.17402435143788658,0.6790369749069214,0.8745419383049011,0.1254580020904541,0.9443420171737671,0.05565798282623291,0.8047418594360352,0.19525814056396484,0.6957216118051536,0.3333333333333333,0.0,0.0,0.0,0.25,0.16666666666666666,0.5,0.5,0.7600000000000001,0.25128731852427394,0.17368703285853065,0.6769516468048096,0.8745419383049011,0.1254580020904541,0.9443420171737671,0.05565798282623291,0.8047418594360352,0.19525814056396484,0.0,0.0,-0.00033731857935592746,0.0,1.1102230246251565e-16,0.0,0.0,0.0,-0.00010017166002840305,0.0,-0.0020853281021118164,0.0,0.0,0.0,0.0,-0.0002003678494389982,0.0,0.0,0.0
5,6,1,"[3, 9, 10, 12, 14, 16]","[0, 1, 2, 4, 5, 6, 7, 8, 11, 13, 15, 17]",6,12,20,0.6974579401925126,0.3333333333333333,0.0,0.0,0.0,0.25,0.16666666666666666,0.5,0.5,0.625,0.2521552739497929,0.1741369714339574,0.7023059129714966,0.8708630800247192,0.12913691997528076,0.942594587802887,0.05740541219711304,0.7991316318511963,0.2008683681488037,0.696884066636108,0.3333333333333333,0.0,0.0,0.0,0.25,0.16666666666666666,0.5,0.5,0.625,0.2518683837018832,0.17324396967887884,0.6930404901504517,0.8708630800247192,0.12913691997528076,0.942594587802887,0.05740541219711304,0.7991316318511963,0.2008683681488037,0.0,0.0,-0.0008930017550785596,0.0,0.0,0.0,0.0,0.0,-0.0002868902479097324,0.0,-0.009265422821044922,0.0,0.0,0.0,0.0,-0.0005738735564045916,0.0,0.0,0.0
5,6,2,"[0, 1, 2, 5, 6, 8]","[3, 4, 7, 9, 10, 11, 12, 13, 14, 15, 16, 17]",6,12,20,0.6943531596182848,0.3333333333333333,0.0,0.0,0.0,0.25,0.16666666666666666,0.5,0.5,0.96875,0.2506032334155186,0.1738393058379491,0.6791558265686035,0.8778008222579956,0.12219905853271484,0.9450413584709167,0.05495858192443848,0.8105603456497192,0.189439594745636,0.6938425711131782,0.4166666666666667,0.2222222222222222,1.0,0.125,0.37777777777777777,0.6818181818181819,0.5625,0.5625,0.96875,0.2503479003750872,0.0898336221774419,0.6696255207061768,0.8778008222579956,0.12219905853271484,0.9450413584709167,0.05495858192443848,0.8105603456497192,0.189439594745636,0.125,1.0,-0.0840056836605072,0.5151515151515152,0.0,0.0625,0.12777777777777777,0.0625,-0.0002553330404314047,0.2222222222222222,-0.009530305862426758,0.0,0.0,0.0,0.08333333333333337,-0.0005105885051066572,0.0,0.0,0.0
5,6,3,"[4, 7, 11, 13, 15, 17]","[0, 1, 2, 3, 5, 6, 8, 9, 10, 12, 14, 16]",6,12,20,0.6951440710165259,0.3333333333333333,0.0,0.0,0.0,0.25,0.16666666666666666,0.5,0.5,0.8125,0.2509986025158726,0.1739050447940827,0.6702011823654175,0.873779296875,0.12622076272964478,0.944536030292511,0.05546402931213379,0.803022563457489,0.19697749614715576,0.6942114878143132,0.3333333333333333,0.0,0.0,0.0,0.25,0.16666666666666666,0.5,0.5,0.78125,0.25053232593543623,0.17270343502362567,0.6622835397720337,0.873779296875,0.12622076272964478,0.944536030292511,0.05546402931213379,0.803022563457489,0.19697749614715576,0.0,0.0,-0.0012016097704570239,0.0,-0.03125,0.0,0.0,0.0,-0.00046627658043635334,0.0,-0.007917642593383789,0.0,0.0,0.0,0.0,-0.0009325832022126779,0.0,0.0,0.0
5,9,1,"[0, 1, 2, 6, 7, 8, 10, 13, 14]","[3, 4, 5, 9, 11, 12, 15, 16, 17]",9,9,20,0.6962677631418437,0.3333333333333333,0.0,0.0,0.0,0.25,0.16666666666666666,0.5,0.5,0.6666666666666667,0.2515604581373591,0.17441222402784556,0.7202580571174622,0.8772847652435303,0.12271523475646973,0.9451425075531006,0.054857492446899414,0.80942702293396,0.19057297706604004,0.6953604687529054,0.3333333333333333,0.0,0.0,0.0,0.25,0.16666666666666666,0.5,0.5,0.6666666666666667,0.25110691263751367,0.17355471187167698,0.7011095285415649,0.8772847652435303,0.12271523475646973,0.9451425075531006,0.054857492446899414,0.80942702293396,0.19057297706604004,0.0,0.0,-0.0008575121561685828,0.0,0.0,0.0,0.0,0.0,-0.00045354549984544246,0.0,-0.019148528575897217,0.0,0.0,0.0,0.0,-0.0009072943889383289,0.0,0.0,0.0
5,9,2,"[3, 4, 5, 9, 11, 12, 15, 16, 17]","[0, 1, 2, 6, 7, 8, 10, 13, 14]",9,9,20,0.6950358174767306,0.3333333333333333,0.0,0.0,0.0,0.25,0.16666666666666666,0.5,0.5,0.8333333333333334,0.2509443484751775,0.17350868384043378,0.7022698521614075,0.8710107803344727,0.12898927927017212,0.9429721832275391,0.05702787637710571,0.799049437046051,0.20095062255859375,0.6936741703205707,0.3333333333333333,0.0,0.0,0.0,0.25,0.16666666666666666,0.5,0.5,0.8333333333333334,0.2502635381841913,0.17185121774673467,0.6797202825546265,0.8710107803344727,0.12898927927017212,0.9429721832275391,0.05702787637710571,0.799049437046051,0.20095062255859375,0.0,0.0,-0.0016574660936991004,0.0,0.0,0.0,0.0,0.0,-0.0006808102909862113,0.0,-0.022549569606781006,0.0,0.0,0.0,0.0,-0.0013616471561599397,0.0,0.0,0.0
5,12,1,"[0, 1, 2, 5, 6, 7, 8, 9, 10, 12, 15, 16]","[3, 4, 11, 13, 14, 17]",12,6,20,0.6933777556996188,0.3333333333333333,0.0,0.0,0.0,0.25,0.16666666666666666,0.5,0.5,1.0,0.250115716023618,0.1741729080677033,0.8273247480392456,0.8785164952278137,0.12148338556289673,0.9468014240264893,0.05319851636886597,0.8102315664291382,0.18976837396621704,0.6914543419577908,0.3333333333333333,0.0,0.0,0.0,0.25,0.16666666666666666,0.5,0.5,1.0,0.24915405714166608,0.17291694879531866,0.7975883483886719,0.8785164952278137,0.12148338556289673,0.9468014240264893,0.05319851636886597,0.8102315664291382,0.18976837396621704,0.0,0.0,-0.0012559592723846436,0.0,0.0,0.0,0.0,0.0,-0.0009616588819519045,0.0,-0.02973639965057373,0.0,0.0,0.0,0.0,-0.0019234137418280284,0.0,0.0,0.0
5,12,2,"[0, 1, 2, 3, 5, 6, 7, 9, 11, 13, 14, 15]","[4, 8, 10, 12, 16, 17]",12,6,20,0.694654266646641,0.3333333333333333,0.0,0.0,0.0,0.25,0.16666666666666666,0.5,0.5,1.0,0.2507537163111442,0.17380192875862127,0.7916367053985596,0.8722634315490723,0.12773656845092773,0.9414901733398438,0.05850982666015625,0.8030367493629456,0.19696325063705444,0.6935005720017516,0.3333333333333333,0.0,0.0,0.0,0.25,0.16666666666666666,0.5,0.5,1.0,0.25017686015292906,0.17249276240666706,0.7663291692733765,0.8722634315490723,0.12773656845092773,0.9414901733398438,0.05850982666015625,0.8030367493629456,0.19696325063705444,0.0,0.0,-0.0013091663519542163,0.0,0.0,0.0,0.0,0.0,-0.0005768561582151222,0.0,-0.025307536125183105,0.0,0.0,0.0,0.0,-0.001153694644889347,0.0,0.0,0.0
5,12,3,"[0, 2, 3, 5, 8, 9, 10, 11, 12, 14, 16, 17]","[1, 4, 6, 7, 13, 15]",12,6,20,0.6962546679663171,0.3333333333333333,0.0,0.0,0.0,0.25,0.16666666666666666,0.5,0.5,0.875,0.25155376522682626,0.17386925220489508,0.8013339042663574,0.8670496344566345,0.13295036554336548,0.9401262998580933,0.059873759746551514,0.7939729690551758,0.206027090549469,0.6946563258444169,0.3333333333333333,0.0,0.0,0.0,0.25,0.16666666666666666,0.5,0.5,1.0,0.25075467953135605,0.17270693182945257,0.7713392972946167,0.8670496344566345,0.13295036554336548,0.9401262998580933,0.059873759746551514,0.7939729690551758,0.206027090549469,0.0,0.0,-0.0011623203754425049,0.0,0.125,0.0,0.0,0.0,-0.0007990856954702141,0.0,-0.029994606971740723,0.0,0.0,0.0,0.0,-0.0015983421219001315,0.0,0.0,0.0
6,3,1,"[5, 11, 12]","[0, 1, 2, 3, 4, 6, 7, 8, 9, 10, 13, 14, 15, 16, 17]",3,15,20,0.6933538037588313,0.5333333333333333,0.631578947368421,0.46153846153846156,1.0,0.49760765550239233,0.7307692307692308,0.6111111111111112,0.6111111111111112,0.6666666666666667,0.25010329522812363,0.028634397188822436,0.655650794506073,0.8667634129524231,0.1332365870475769,0.9532617330551147,0.046738266944885254,0.7802650928497314,0.21973490715026855,0.6932916057363058,0.5333333333333333,0.631578947368421,0.46153846153846156,1.0,0.49760765550239233,0.7307692307692308,0.6111111111111112,0.6111111111111112,0.6851851851851852,0.2500722112575359,0.028155084451039647,0.5713176727294922,0.8667634129524231,0.1332365870475769,0.9532617330551147,0.046738266944885254,0.7802650928497314,0.21973490715026855,0.0,0.0,-0.0004793127377827888,0.0,0.01851851851851849,0.0,0.0,0.0,-3.108397058770862e-05,0.0,-0.08433312177658081,0.0,0.0,0.0,0.0,-6.219802252549478e-05,0.0,0.0,0.0
6,3,2,"[6, 8, 16]","[0, 1, 2, 3, 4, 5, 7, 9, 10, 11, 12, 13, 14, 15, 17]",3,15,20,0.6929018543636474,0.5333333333333333,0.6666666666666666,0.5,1.0,0.4444444444444444,0.75,0.5625,0.5625,0.5892857142857143,0.24987733121055136,0.028941416740417503,0.5697202682495117,0.8652628660202026,0.1347370743751526,0.9524304270744324,0.04756957292556763,0.7780953645706177,0.22190463542938232,0.6929546213709287,0.5333333333333333,0.6666666666666666,0.5,1.0,0.4444444444444444,0.75,0.5625,0.5625,0.6071428571428572,0.2499037188960894,0.029576043287912968,0.5701707601547241,0.8652628660202026,0.1347370743751526,0.9524304270744324,0.04756957292556763,0.7780953645706177,0.22190463542938232,0.0,0.0,0.0006346265474954649,0.0,0.017857142857142905,0.0,0.0,0.0,2.6387685538031835e-05,0.0,0.00045049190521240234,0.0,0.0,0.0,0.0,5.27670072812958e-05,0.0,0.0,0.0
6,3,3,"[3, 10, 15]","[0, 1, 2, 4, 5, 6, 7, 8, 9, 11, 12, 13, 14, 16, 17]",3,15,20,0.693235069584329,0.5333333333333333,0.631578947368421,0.46153846153846156,1.0,0.49760765550239233,0.7307692307692308,0.6111111111111112,0.6111111111111112,0.6481481481481481,0.2500439249271791,0.02906181414922082,0.5753918886184692,0.8677787780761719,0.1322212815284729,0.9524665474891663,0.04753345251083374,0.7830909490585327,0.21690905094146729,0.6934047440104654,0.5333333333333333,0.631578947368421,0.46153846153846156,1.0,0.49760765550239233,0.7307692307692308,0.6111111111111112,0.6111111111111112,0.5925925925925926,0.25012876572561027,0.028755482037862157,0.5765138268470764,0.8677787780761719,0.1322212815284729,0.9524665474891663,0.04753345251083374,0.7830909490585327,0.21690905094146729,0.0,0.0,-0.0003063321113586648,0.0,-0.05555555555555558,0.0,0.0,0.0,8.484079843118497e-05,0.0,0.0011219382286071777,0.0,0.0,0.0,0.0,0.00016967442613635697,0.0,0.0,0.0
6,3,4,"[0, 7, 17]","[1, 2, 3, 4, 5, 6, 8, 9, 10, 11, 12, 13, 14, 15, 16]",3,15,20,0.6920265454796848,0.6,0.7,0.5384615384615384,1.0,0.55,0.7692307692307692,0.625,0.625,0.6785714285714286,0.24943968131569516,0.09558819532394403,0.5667577385902405,0.8667504191398621,0.13324958086013794,0.9524457454681396,0.04755425453186035,0.7810550928115845,0.21894490718841553,0.6920501094588947,0.6,0.7,0.5384615384615384,1.0,0.55,0.7692307692307692,0.625,0.625,0.625,0.2494514790476007,0.0957186222076416,0.5620001554489136,0.8667504191398621,0.13324958086013794,0.9524457454681396,0.04755425453186035,0.7810550928115845,0.21894490718841553,0.0,0.0,0.00013042688369757638,0.0,-0.0535714285714286,0.0,0.0,0.0,1.1797731905544007e-05,0.0,-0.004757583141326904,0.0,0.0,0.0,0.0,2.3563979209884067e-05,0.0,0.0,0.0
6,3,5,"[1, 2, 14]","[0, 3, 4, 5, 6, 7, 8, 9, 10, 11, 12, 13, 15, 16, 17]",3,15,20,0.6918916642896515,0.6,0.7,0.5384615384615384,1.0,0.55,0.7692307692307692,0.625,0.625,0.6785714285714286,0.24937225762538737,0.09596830209096274,0.5650143623352051,0.8647398948669434,0.13526010513305664,0.9523589611053467,0.04764103889465332,0.7771207690238953,0.22287923097610474,0.691734975501483,0.6,0.7,0.5384615384615384,1.0,0.55,0.7692307692307692,0.625,0.625,0.6785714285714286,0.24929392036169087,0.09611136913299556,0.5630255341529846,0.8647398948669434,0.13526010513305664,0.9523589611053467,0.04764103889465332,0.7771207690238953,0.22287923097610474,0.0,0.0,0.0001430670420328184,0.0,0.0,0.0,0.0,0.0,-7.833726369649296e-05,0.0,-0.001988828182220459,0.0,0.0,0.0,0.0,-0.00015668878816854637,0.0,0.0,0.0
6,3,6,"[4, 9, 13]","[0, 1, 2, 3, 5, 6, 7, 8, 10, 11, 12, 14, 15, 16, 17]",3,15,20,0.6934199354602127,0.5333333333333333,0.6666666666666666,0.5,1.0,0.4444444444444444,0.75,0.5625,0.5625,0.4821428571428571,0.250136347303053,0.02860125303268435,0.5749301314353943,0.8671671152114868,0.13283288478851318,0.9519880414009094,0.048011958599090576,0.782346248626709,0.21765375137329102,0.6937676027032454,0.5333333333333333,0.6666666666666666,0.5,1.0,0.4444444444444444,0.75,0.5625,0.5625,0.42857142857142855,0.2503101726170913,0.028898012638091997,0.5741809606552124,0.8671671152114868,0.13283288478851318,0.9519880414009094,0.048011958599090576,0.782346248626709,0.21765375137329102,0.0,0.0,0.00029675960540764823,0.0,-0.05357142857142855,0.0,0.0,0.0,0.0001738253140383117,0.0,-0.0007491707801818848,0.0,0.0,0.0,0.0,0.000347667243032701,0.0,0.0,0.0
6,6,1,"[0, 1, 6, 8, 9, 14]","[2, 3, 4, 5, 7, 10, 11, 12, 13, 15, 16, 17]",6,12,20,0.6911902449303385,0.5833333333333334,0.7058823529411765,0.5454545454545454,1.0,0.4957983193277311,0.7727272727272727,0.5833333333333334,0.5833333333333334,0.75,0.24902158426482104,0.07913879553476977,0.5733805298805237,0.8628771305084229,0.13712292909622192,0.951885461807251,0.04811453819274902,0.77386873960495,0.22613126039505005,0.6913548792340061,0.6666666666666666,0.75,0.6,1.0,0.625,0.8,0.6666666666666666,0.6666666666666666,0.6944444444444445,0.24910387821897606,0.1631947855154673,0.5718664526939392,0.8628771305084229,0.13712292909622192,0.951885461807251,0.04811453819274902,0.77386873960495,0.22613126039505005,0.0,0.054545454545454564,0.08405598998069752,0.027272727272727337,-0.05555555555555547,0.08333333333333326,0.1292016806722689,0.08333333333333326,8.229395415501606e-05,0.044117647058823484,-0.0015140771865844727,0.0,0.0,0.0,0.08333333333333326,0.0001646343036675324,0.0,0.0,0.0
6,6,2,"[3, 10, 11, 12, 16, 17]","[0, 1, 2, 4, 5, 6, 7, 8, 9, 13, 14, 15]",6,12,20,0.69333807513572,0.5,0.625,0.45454545454545453,1.0,0.4375,0.7272727272727273,0.5714285714285714,0.5714285714285714,0.6571428571428571,0.250095428606081,0.004496544599533081,0.5812157988548279,0.8692037463188171,0.1307961344718933,0.952476978302002,0.04752296209335327,0.7859305143356323,0.2140694260597229,0.6933705801420911,0.5,0.625,0.45454545454545453,1.0,0.4375,0.7272727272727273,0.5714285714285714,0.5714285714285714,0.6000000000000001,0.2501116977522564,0.0044804314772287634,0.5822813510894775,0.8692037463188171,0.1307961344718933,0.952476978302002,0.04752296209335327,0.7859305143356323,0.2140694260597229,0.0,0.0,-1.6113122304317606e-05,0.0,-0.05714285714285705,0.0,0.0,0.0,1.6269146175362792e-05,0.0,0.0010655522346496582,0.0,0.0,0.0,0.0,3.250500637108633e-05,0.0,0.0,0.0
6,6,3,"[2, 4, 5, 7, 13, 15]","[0, 1, 3, 6, 8, 9, 10, 11, 12, 14, 16, 17]",6,12,20,0.69388611640212,0.5833333333333334,0.6666666666666666,0.5,1.0,0.5555555555555556,0.75,0.6428571428571428,0.6428571428571428,0.4571428571428572,0.2503694059340927,0.0787554383277893,0.5843722820281982,0.867144763469696,0.13285517692565918,0.9531132578849792,0.04688668251037598,0.7811762690544128,0.21882373094558716,0.6936293780775312,0.5833333333333334,0.6666666666666666,0.5,1.0,0.5555555555555556,0.75,0.6428571428571428,0.6428571428571428,0.4571428571428572,0.2502410605988363,0.07933871448040009,0.5825279951095581,0.867144763469696,0.13285517692565918,0.9531132578849792,0.04688668251037598,0.7811762690544128,0.21882373094558716,0.0,0.0,0.0005832761526107788,0.0,0.0,0.0,0.0,0.0,-0.0001283453352564079,0.0,-0.0018442869186401367,0.0,0.0,0.0,0.0,-0.00025673832458872337,0.0,0.0,0.0
6,9,1,"[0, 1, 5, 6, 7, 11, 12, 13, 17]","[2, 3, 4, 8, 9, 10, 14, 15, 16]",9,9,20,0.6919255836861588,0.6666666666666666,0.7272727272727273,0.5714285714285714,1.0,0.6493506493506493,0.7857142857142857,0.7,0.7,0.7,0.24938920488487307,0.1618032455444336,0.5965859889984131,0.8627673387527466,0.1372327208518982,0.9532655477523804,0.04673445224761963,0.772269070148468,0.22773092985153198,0.6919000508064156,0.6666666666666666,0.7272727272727273,0.5714285714285714,1.0,0.6493506493506493,0.7857142857142857,0.7,0.7,0.65,0.24937643324684108,0.1620153917206658,0.5940529704093933,0.8627673387527466,0.1372327208518982,0.9532655477523804,0.04673445224761963,0.772269070148468,0.22773092985153198,0.0,0.0,0.00021214617623221965,0.0,-0.04999999999999993,0.0,0.0,0.0,-1.2771638031983112e-05,0.0,-0.0025330185890197754,0.0,0.0,0.0,0.0,-2.5532879743161985e-05,0.0,0.0,0.0
6,9,2,"[2, 3, 4, 8, 9, 10, 14, 15, 16]","[0, 1, 5, 6, 7, 11, 12, 13, 17]",9,9,20,0.6936838441639774,0.4444444444444444,0.6153846153846154,0.4444444444444444,1.0,0.3076923076923077,0.2222222222222222,0.5,0.5,0.55,0.25026831936638616,0.0595382518238492,0.6072283387184143,0.8700497150421143,0.12995022535324097,0.951718270778656,0.048281729221343994,0.7883812189102173,0.21161878108978271,0.6930880443811691,0.4444444444444444,0.6153846153846154,0.4444444444444444,1.0,0.3076923076923077,0.2222222222222222,0.5,0.5,0.65,0.24997044138111393,0.059297290113237144,0.6046444773674011,0.8700497150421143,0.12995022535324097,0.951718270778656,0.048281729221343994,0.7883812189102173,0.21161878108978271,0.0,0.0,-0.00024096171061205318,0.0,0.09999999999999998,0.0,0.0,0.0,-0.00029787798527222686,0.0,-0.0025838613510131836,0.0,0.0,0.0,0.0,-0.0005957997828083261,0.0,0.0,0.0
6,12,1,"[0, 1, 3, 4, 7, 9, 10, 11, 13, 14, 15, 17]","[2, 5, 6, 8, 12, 16]",12,6,20,0.689993071846223,0.6666666666666666,0.75,0.6,1.0,0.625,0.8,0.6666666666666666,0.6666666666666666,0.7777777777777779,0.24842301799542824,0.16225198904673255,0.6540486812591553,0.8712736964225769,0.12872624397277832,0.9510455131530762,0.04895436763763428,0.7915018796920776,0.2084980607032776,0.6899722489405237,0.6666666666666666,0.75,0.6,1.0,0.625,0.8,0.6666666666666666,0.6666666666666666,0.7777777777777779,0.24841257344609188,0.16275953253110242,0.6455694437026978,0.8712736964225769,0.12872624397277832,0.9510455131530762,0.04895436763763428,0.7915018796920776,0.2084980607032776,0.0,0.0,0.0005075434843698767,0.0,0.0,0.0,0.0,0.0,-1.0444549336352527e-05,0.0,-0.00847923755645752,0.0,0.0,0.0,0.0,-2.082290569938028e-05,0.0,0.0,0.0
6,12,2,"[0, 2, 3, 4, 5, 8, 9, 10, 12, 13, 14, 17]","[1, 6, 7, 11, 15, 16]",12,6,20,0.6920648280257481,0.6666666666666666,0.75,0.6,1.0,0.625,0.8,0.6666666666666666,0.6666666666666666,0.5555555555555556,0.2494588174994532,0.16267681121826172,0.6683924198150635,0.8705564141273499,0.12944364547729492,0.952612042427063,0.04738795757293701,0.7885007858276367,0.21149921417236328,0.691632743714934,0.6666666666666666,0.75,0.6,1.0,0.625,0.8,0.6666666666666666,0.6666666666666666,0.4444444444444445,0.24924278378137524,0.163366953531901,0.6608644723892212,0.8705564141273499,0.12944364547729492,0.952612042427063,0.04738795757293701,0.7885007858276367,0.21149921417236328,0.0,0.0,0.0006901423136392859,0.0,-0.1111111111111111,0.0,0.0,0.0,-0.00021603371807796257,0.0,-0.007527947425842285,0.0,0.0,0.0,0.0,-0.00043208431081409593,0.0,0.0,0.0
6,12,3,"[3, 4, 5, 6, 7, 8, 9, 11, 12, 13, 15, 17]","[0, 1, 2, 10, 14, 16]",12,6,20,0.6912155277458826,0.6666666666666666,0.75,0.6,1.0,0.625,0.8,0.6666666666666666,0.6666666666666666,0.5555555555555556,0.24903420434449167,0.16144469380378723,0.656805157661438,0.8690745234489441,0.13092553615570068,0.9541409015655518,0.04585909843444824,0.7840081453323364,0.21599185466766357,0.6905585004583012,0.6666666666666666,0.75,0.6,1.0,0.625,0.8,0.6666666666666666,0.6666666666666666,0.7777777777777779,0.24870572322201254,0.16228052973747253,0.6437480449676514,0.8690745234489441,0.13092553615570068,0.9541409015655518,0.04585909843444824,0.7840081453323364,0.21599185466766357,0.0,0.0,0.0008358359336853027,0.0,0.22222222222222232,0.0,0.0,0.0,-0.00032848112247912953,0.0,-0.013057112693786621,0.0,0.0,0.0,0.0,-0.0006570272875813243,0.0,0.0,0.0
7,3,1,"[7, 10, 17]","[0, 1, 2, 3, 4, 5, 6, 8, 9, 11, 12, 13, 14, 15, 16]",3,15,20,0.6914768798740442,0.6666666666666666,0.8,0.7692307692307693,0.8333333333333334,0.4,0.38461538461538464,0.4166666666666667,0.4166666666666667,0.11111111111111112,0.2491648395988983,0.1631275733311971,0.7152180671691895,0.8596159219741821,0.14038407802581787,0.9515619874000549,0.04843801259994507,0.7676699161529541,0.2323300838470459,0.6907202474887433,0.7333333333333333,0.8461538461538461,0.7857142857142857,0.9166666666666666,0.4230769230769231,0.39285714285714285,0.4583333333333333,0.4583333333333333,0.19444444444444448,0.24878652958333478,0.22928194999694818,0.6224795579910278,0.8596159219741821,0.14038407802581787,0.9515619874000549,0.04843801259994507,0.7676699161529541,0.2323300838470459,0.08333333333333326,0.016483516483516425,0.06615437666575108,0.008241758241758212,0.08333333333333336,0.04166666666666663,0.02307692307692305,0.04166666666666663,-0.0003783100155635155,0.0461538461538461,-0.09273850917816162,0.0,0.0,0.0,0.06666666666666665,-0.0007566323853008816,0.0,0.0,0.0
7,3,2,"[11, 14, 16]","[0, 1, 2, 3, 4, 5, 6, 7, 8, 9, 10, 12, 13, 15, 17]",3,15,20,0.6892366676207785,0.7333333333333333,0.8333333333333334,0.8333333333333334,0.8333333333333334,0.5833333333333334,0.5833333333333334,0.5833333333333334,0.5833333333333334,0.5,0.24804482283512114,0.2295720060666402,0.6400740146636963,0.8601740598678589,0.1398259997367859,0.9526419043540955,0.04735809564590454,0.7677062153816223,0.23229378461837769,0.6889069405182994,0.8,0.88,0.8461538461538461,0.9166666666666666,0.64,0.6730769230769231,0.625,0.625,0.47222222222222227,0.2478799704220131,0.2960948785146078,0.6395065784454346,0.8601740598678589,0.1398259997367859,0.9526419043540955,0.04735809564590454,0.7677062153816223,0.23229378461837769,0.08333333333333326,0.012820512820512775,0.06652287244796762,0.08974358974358976,-0.027777777777777735,0.04166666666666663,0.05666666666666664,0.04166666666666663,-0.00016485241310804088,0.046666666666666634,-0.0005674362182617188,0.0,0.0,0.0,0.06666666666666676,-0.00032972710247913817,0.0,0.0,0.0
7,3,3,"[0, 3, 5]","[1, 2, 4, 6, 7, 8, 9, 10, 11, 12, 13, 14, 15, 16, 17]",3,15,20,0.6893365129612009,0.7333333333333333,0.8333333333333334,0.8333333333333334,0.8333333333333334,0.5833333333333334,0.5833333333333334,0.5833333333333334,0.5833333333333334,0.5,0.24809474607430643,0.22965648969014485,0.6295655965805054,0.8604680299758911,0.1395319700241089,0.9521339535713196,0.04786604642868042,0.7688021063804626,0.23119789361953735,0.6889392345440868,0.7333333333333333,0.8333333333333334,0.8333333333333334,0.8333333333333334,0.5833333333333334,0.5833333333333334,0.5833333333333334,0.5833333333333334,0.5277777777777778,0.24789611884288487,0.22945536375045772,0.6268460750579834,0.8604680299758911,0.1395319700241089,0.9521339535713196,0.04786604642868042,0.7688021063804626,0.23119789361953735,0.0,0.0,-0.0002011259396871301,0.0,0.02777777777777779,0.0,0.0,0.0,-0.00019862723142155536,0.0,-0.0027195215225219727,0.0,0.0,0.0,0.0,-0.00039727841711412193,0.0,0.0,0.0
7,3,4,"[1, 4, 12]","[0, 2, 3, 5, 6, 7, 8, 9, 10, 11, 13, 14, 15, 16, 17]",3,15,20,0.6904899053873376,0.7333333333333333,0.8333333333333334,0.7692307692307693,0.9090909090909091,0.5833333333333334,0.6346153846153846,0.5795454545454546,0.5795454545454546,0.38636363636363635,0.24867140404964908,0.22938015063603712,0.6200360059738159,0.8580448627471924,0.14195513725280762,0.9517232179641724,0.04827678203582764,0.7643665075302124,0.2356334924697876,0.6898993135535576,0.7333333333333333,0.8333333333333334,0.7692307692307693,0.9090909090909091,0.5833333333333334,0.6346153846153846,0.5795454545454546,0.5795454545454546,0.38636363636363635,0.24837611663453377,0.22885756889979036,0.617131769657135,0.8580448627471924,0.14195513725280762,0.9517232179641724,0.04827678203582764,0.7643665075302124,0.2356334924697876,0.0,0.0,-0.0005225817362467522,0.0,0.0,0.0,0.0,0.0,-0.0002952874151153084,0.0,-0.002904236316680908,0.0,0.0,0.0,0.0,-0.0005905918337799632,0.0,0.0,0.0
7,3,5,"[6, 9, 15]","[0, 1, 2, 3, 4, 5, 7, 8, 10, 11, 12, 13, 14, 16, 17]",3,15,20,0.6897945118821948,0.7333333333333333,0.8333333333333334,0.7692307692307693,0.9090909090909091,0.5833333333333334,0.6346153846153846,0.5795454545454546,0.5795454545454546,0.40909090909090906,0.24832371566894348,0.22928391695022576,0.6291717290878296,0.8602575063705444,0.13974249362945557,0.9528359770774841,0.04716402292251587,0.7676790952682495,0.2323209047317505,0.6887529239945821,0.8,0.88,0.7857142857142857,1.0,0.64,0.8928571428571428,0.625,0.625,0.4772727272727273,0.24780296356324225,0.29510797659556076,0.624021053314209,0.8602575063705444,0.13974249362945557,0.9528359770774841,0.04716402292251587,0.7676790952682495,0.2323209047317505,0.09090909090909094,0.016483516483516425,0.065824059645335,0.2582417582417582,0.06818181818181823,0.045454545454545414,0.05666666666666664,0.045454545454545414,-0.0005207521057012388,0.046666666666666634,-0.0051506757736206055,0.0,0.0,0.0,0.06666666666666676,-0.0010415878876126605,0.0,0.0,0.0
7,3,6,"[2, 8, 13]","[0, 1, 3, 4, 5, 6, 7, 9, 10, 11, 12, 14, 15, 16, 17]",3,15,20,0.6905215022436698,0.7333333333333333,0.8333333333333334,0.8333333333333334,0.8333333333333334,0.5833333333333334,0.5833333333333334,0.5833333333333334,0.5833333333333334,0.36111111111111116,0.2486871842115469,0.22974773248036695,0.6237643957138062,0.8595032691955566,0.14049673080444336,0.95219886302948,0.04780113697052002,0.7668077349662781,0.23319226503372192,0.6902888792839549,0.8,0.88,0.8461538461538461,0.9166666666666666,0.64,0.6730769230769231,0.625,0.625,0.36111111111111116,0.24857087424960067,0.29632674853007,0.6220141053199768,0.8595032691955566,0.14049673080444336,0.95219886302948,0.04780113697052002,0.7668077349662781,0.23319226503372192,0.08333333333333326,0.012820512820512775,0.06657901604970307,0.08974358974358976,0.0,0.04166666666666663,0.05666666666666664,0.04166666666666663,-0.000116309961946226,0.046666666666666634,-0.0017502903938293457,0.0,0.0,0.0,0.06666666666666676,-0.0002326229597149343,0.0,0.0,0.0
7,6,1,"[1, 4, 7, 9, 15, 16]","[0, 2, 3, 5, 6, 8, 10, 11, 12, 13, 14, 17]",6,12,20,0.6885529945297549,0.8333333333333334,0.9090909090909091,0.8333333333333334,1.0,0.45454545454545453,0.4166666666666667,0.5,0.5,0.25,0.2477029986488608,0.3293057829141617,0.6665666103363037,0.8621680736541748,0.1378319263458252,0.9531394839286804,0.04686051607131958,0.771196722984314,0.22880327701568604,0.688195490778659,0.8333333333333334,0.9090909090909091,0.8333333333333334,1.0,0.45454545454545453,0.4166666666666667,0.5,0.5,0.39999999999999997,0.2475242622500581,0.32910030583540606,0.6583932638168335,0.8621680736541748,0.1378319263458252,0.9531394839286804,0.04686051607131958,0.771196722984314,0.22880327701568604,0.0,0.0,-0.0002054770787556226,0.0,0.14999999999999997,0.0,0.0,0.0,-0.00017873639880269798,0.0,-0.008173346519470215,0.0,0.0,0.0,0.0,-0.00035750375109588894,0.0,0.0,0.0
7,6,2,"[0, 2, 3, 5, 12, 17]","[1, 4, 6, 7, 8, 9, 10, 11, 13, 14, 15, 16]",6,12,20,0.6910324810448646,0.6666666666666666,0.7777777777777778,0.7777777777777778,0.7777777777777778,0.5555555555555556,0.5555555555555556,0.5555555555555556,0.5555555555555556,0.4444444444444445,0.24894266904419018,0.16340330739816022,0.638649046421051,0.8575884103775024,0.14241158962249756,0.9511265754699707,0.04887336492538452,0.7640501856803894,0.2359498143196106,0.689441234749053,0.6666666666666666,0.8,0.7272727272727273,0.8888888888888888,0.4,0.36363636363636365,0.4444444444444444,0.4444444444444444,0.4814814814814815,0.24814707101794445,0.16261450946331024,0.625120997428894,0.8575884103775024,0.14241158962249756,0.9511265754699707,0.04887336492538452,0.7640501856803894,0.2359498143196106,0.11111111111111105,-0.0505050505050505,-0.000788797934849983,-0.19191919191919193,0.037037037037037035,-0.11111111111111116,-0.15555555555555556,-0.11111111111111116,-0.0007955980262457363,0.022222222222222254,-0.013528048992156982,0.0,0.0,0.0,0.0,-0.0015912462958116436,0.0,0.0,0.0
7,6,3,"[6, 8, 10, 11, 13, 14]","[0, 1, 2, 3, 4, 5, 7, 9, 12, 15, 16, 17]",6,12,20,0.6908425144099933,0.6666666666666666,0.7777777777777778,0.7777777777777778,0.7777777777777778,0.5555555555555556,0.5555555555555556,0.5555555555555556,0.5555555555555556,0.3703703703703704,0.24884768852618167,0.16267484426498413,0.6422533392906189,0.8592720031738281,0.1407279372215271,0.9522819519042969,0.047718048095703125,0.7662621140480042,0.23373788595199585,0.6897949390600262,0.6666666666666666,0.8,0.7272727272727273,0.8888888888888888,0.4,0.36363636363636365,0.4444444444444444,0.4444444444444444,0.3703703703703704,0.2483239173467974,0.16192671656608582,0.6356035470962524,0.8592720031738281,0.1407279372215271,0.9522819519042969,0.047718048095703125,0.7662621140480042,0.23373788595199585,0.11111111111111105,-0.0505050505050505,-0.0007481276988983154,-0.19191919191919193,0.0,-0.11111111111111116,-0.15555555555555556,-0.11111111111111116,-0.0005237711793842637,0.022222222222222254,-0.006649792194366455,0.0,0.0,0.0,0.0,-0.0010475753499671336,0.0,0.0,0.0
7,9,1,"[1, 6, 7, 11, 12, 13, 15, 16, 17]","[0, 2, 3, 4, 5, 8, 9, 10, 14]",9,9,20,0.6901582388144258,0.7777777777777778,0.875,0.7777777777777778,1.0,0.4375,0.3888888888888889,0.5,0.5,0.2857142857142857,0.24850553276481888,0.2739874588118659,0.6900923848152161,0.858931303024292,0.14106875658035278,0.9522429704666138,0.047757089138031006,0.7656195759773254,0.23438048362731934,0.689684307808443,0.7777777777777778,0.875,0.7777777777777778,1.0,0.4375,0.3888888888888889,0.5,0.5,0.2857142857142857,0.24826858703614324,0.2735706633991666,0.6858044862747192,0.858931303024292,0.14106875658035278,0.9522429704666138,0.047757089138031006,0.7656195759773254,0.23438048362731934,0.0,0.0,-0.0004167954126993445,0.0,0.0,0.0,0.0,0.0,-0.00023694572867563601,0.0,-0.004287898540496826,0.0,0.0,0.0,0.0,-0.00047393100598280835,0.0,0.0,0.0
7,9,2,"[0, 2, 3, 4, 5, 8, 9, 10, 14]","[1, 6, 7, 11, 12, 13, 15, 16, 17]",9,9,20,0.6901270210591856,0.6666666666666666,0.7692307692307693,0.8333333333333334,0.7142857142857143,0.5846153846153846,0.5833333333333334,0.6071428571428572,0.6071428571428572,0.5,0.24849001465368203,0.1629352172215779,0.70609450340271,0.8604209423065186,0.1395789384841919,0.9521222710609436,0.04787766933441162,0.7687196731567383,0.23128026723861694,0.6893460538189493,0.6666666666666666,0.8,0.75,0.8571428571428571,0.4,0.375,0.42857142857142855,0.42857142857142855,0.5,0.2480995540886102,0.16261725955539275,0.6991477608680725,0.8604209423065186,0.1395789384841919,0.9521222710609436,0.04787766933441162,0.7687196731567383,0.23128026723861694,0.1428571428571428,-0.08333333333333337,-0.00031795766618514243,-0.20833333333333337,0.0,-0.17857142857142866,-0.18461538461538463,-0.17857142857142866,-0.0003904605650718318,0.03076923076923077,-0.006946742534637451,0.0,0.0,0.0,0.0,-0.0007809672402362411,0.0,0.0,0.0
7,12,1,"[0, 3, 4, 5, 6, 7, 8, 10, 13, 14, 15, 17]","[1, 2, 9, 11, 12, 16]",12,6,20,0.6908821317993857,0.6666666666666666,0.8,0.8,0.8,0.4,0.4,0.4,0.4,0.0,0.24886744290281504,0.1630573570728302,0.6532027125358582,0.8643423318862915,0.13565772771835327,0.9509977698326111,0.049002230167388916,0.7776868939399719,0.22231310606002808,0.6889745571890451,0.8333333333333334,0.9090909090909091,0.8333333333333334,1.0,0.45454545454545453,0.4166666666666667,0.5,0.5,0.0,0.24791368169256955,0.32867860794067383,0.6377569437026978,0.8643423318862915,0.13565772771835327,0.9509977698326111,0.049002230167388916,0.7776868939399719,0.22231310606002808,0.19999999999999996,0.033333333333333326,0.16562125086784363,0.016666666666666663,0.0,0.09999999999999998,0.05454545454545451,0.09999999999999998,-0.0009537612102454851,0.10909090909090902,-0.0154457688331604,0.0,0.0,0.0,0.16666666666666674,-0.0019075746103406344,0.0,0.0,0.0
7,12,2,"[0, 1, 2, 3, 5, 6, 8, 10, 11, 12, 13, 16]","[4, 7, 9, 14, 15, 17]",12,6,20,0.6875821547097477,0.8333333333333334,0.8888888888888888,1.0,0.8,0.7777777777777777,0.75,0.9,0.9,0.8,0.24721765902855206,0.3296918570995331,0.6179376244544983,0.8572643995285034,0.1427355408668518,0.9529348611831665,0.04706507921218872,0.7615938782691956,0.23840606212615967,0.6862269617649721,0.8333333333333334,0.8888888888888888,1.0,0.8,0.7777777777777777,0.75,0.9,0.9,0.8,0.24654016723662187,0.329590251048406,0.5975823402404785,0.8572643995285034,0.1427355408668518,0.9529348611831665,0.04706507921218872,0.7615938782691956,0.23840606212615967,0.0,0.0,-0.00010160605112707888,0.0,0.0,0.0,0.0,0.0,-0.0006774917919301904,0.0,-0.020355284214019775,0.0,0.0,0.0,0.0,-0.0013551929447755962,0.0,0.0,0.0
7,12,3,"[1, 5, 6, 7, 8, 9, 10, 12, 14, 15, 16, 17]","[0, 2, 3, 4, 11, 13]",12,6,20,0.6885645643152986,0.8333333333333334,0.9090909090909091,0.8333333333333334,1.0,0.45454545454545453,0.4166666666666667,0.5,0.5,0.0,0.2477087172217871,0.3286817669868469,0.6794215440750122,0.8558026552200317,0.14419740438461304,0.9516328573226929,0.04836714267730713,0.7599723935127258,0.24002760648727417,0.6868137590806951,0.8333333333333334,0.9090909090909091,0.8333333333333334,1.0,0.45454545454545453,0.4166666666666667,0.5,0.5,0.0,0.24683334216934702,0.32705241441726685,0.6559187769889832,0.8558026552200317,0.14419740438461304,0.9516328573226929,0.04836714267730713,0.7599723935127258,0.24002760648727417,0.0,0.0,-0.0016293525695800781,0.0,0.0,0.0,0.0,0.0,-0.0008753750524400916,0.0,-0.023502767086029053,0.0,0.0,0.0,0.0,-0.0017508052346034697,0.0,0.0,0.0
8,3,1,"[2, 8, 15]","[0, 1, 3, 4, 5, 6, 7, 9, 10, 11, 12, 13, 14, 16, 17]",3,15,20,0.6928394319987478,0.4666666666666667,0.6363636363636364,0.6363636363636364,0.6363636363636364,0.3181818181818182,0.3181818181818182,0.3181818181818182,0.3181818181818182,0.2727272727272727,0.24984613562039867,0.036175564924875836,0.7462319135665894,0.8528674244880676,0.1471325159072876,0.9436642527580261,0.0563356876373291,0.7620705962181091,0.23792928457260132,0.6927112574730024,0.4666666666666667,0.6363636363636364,0.6363636363636364,0.6363636363636364,0.3181818181818182,0.3181818181818182,0.3181818181818182,0.3181818181818182,0.2954545454545454,0.2497820532573688,0.036179105440775516,0.6574930548667908,0.8528674244880676,0.1471325159072876,0.9436642527580261,0.0563356876373291,0.7620705962181091,0.23792928457260132,0.0,0.0,3.5405158996804076e-06,0.0,0.022727272727272707,0.0,0.0,0.0,-6.408236302987702e-05,0.0,-0.08873885869979858,0.0,0.0,0.0,0.0,-0.00012817452574531707,0.0,0.0,0.0
8,3,2,"[1, 3, 17]","[0, 2, 4, 5, 6, 7, 8, 9, 10, 11, 12, 13, 14, 15, 16]",3,15,20,0.6937951180271633,0.4,0.5714285714285714,0.6,0.5454545454545454,0.2857142857142857,0.3,0.2727272727272727,0.2727272727272727,0.25,0.25032397586042465,0.10229789018630975,0.6605799198150635,0.8535668849945068,0.14643311500549316,0.9432076811790466,0.05679231882095337,0.763926088809967,0.23607391119003296,0.6932662397695275,0.4666666666666667,0.6363636363636364,0.6363636363636364,0.6363636363636364,0.3181818181818182,0.3181818181818182,0.3181818181818182,0.3181818181818182,0.25,0.2500595337260784,0.03626823027928672,0.6585596203804016,0.8535668849945068,0.14643311500549316,0.9432076811790466,0.05679231882095337,0.763926088809967,0.23607391119003296,0.09090909090909094,0.036363636363636376,-0.06602965990702303,0.018181818181818188,0.0,0.04545454545454547,0.03246753246753248,0.04545454545454547,-0.0002644421343462322,0.06493506493506496,-0.0020202994346618652,0.0,0.0,0.0,0.06666666666666665,-0.000528878257635812,0.0,0.0,0.0
8,3,3,"[5, 6, 14]","[0, 1, 2, 3, 4, 7, 8, 9, 10, 11, 12, 13, 15, 16, 17]",3,15,20,0.6934247813719817,0.4666666666666667,0.6363636363636364,0.6363636363636364,0.6363636363636364,0.3181818181818182,0.3181818181818182,0.3181818181818182,0.3181818181818182,0.25,0.2501388010885441,0.03606249888738,0.6532949209213257,0.8527505397796631,0.14724940061569214,0.9430554509162903,0.05694454908370972,0.7624456882476807,0.23755431175231934,0.6929832304928325,0.5333333333333333,0.6956521739130435,0.6666666666666666,0.7272727272727273,0.34782608695652173,0.3333333333333333,0.36363636363636365,0.36363636363636365,0.25,0.24991802773519278,0.030305075645446822,0.6475956439971924,0.8527505397796631,0.14724940061569214,0.9430554509162903,0.05694454908370972,0.7624456882476807,0.23755431175231934,0.09090909090909094,0.030303030303030276,-0.0057574232419331794,0.015151515151515138,0.0,0.04545454545454547,0.029644268774703553,0.04545454545454547,-0.0002207733533513001,0.059288537549407105,-0.005699276924133301,0.0,0.0,0.0,0.06666666666666665,-0.00044155087914921065,0.0,0.0,0.0
8,3,4,"[7, 11, 13]","[0, 1, 2, 3, 4, 5, 6, 8, 9, 10, 12, 14, 15, 16, 17]",3,15,20,0.6938192155692893,0.4,0.5714285714285714,0.5454545454545454,0.6,0.2857142857142857,0.2727272727272727,0.3,0.3,0.26,0.25033601356572593,0.10284559329350784,0.6672736406326294,0.8504769802093506,0.14952296018600464,0.9412496089935303,0.05875039100646973,0.7597044110298157,0.24029558897018433,0.6929354591632225,0.5333333333333333,0.6956521739130435,0.6153846153846154,0.8,0.34782608695652173,0.3076923076923077,0.4,0.4,0.26,0.24989412843832148,0.02956047852834065,0.6553385257720947,0.8504769802093506,0.14952296018600464,0.9412496089935303,0.05875039100646973,0.7597044110298157,0.24029558897018433,0.20000000000000007,0.06993006993007,-0.07328511476516719,0.034965034965035,0.0,0.10000000000000003,0.06211180124223603,0.10000000000000003,-0.00044188512740445107,0.12422360248447206,-0.011935114860534668,0.0,0.0,0.0,0.1333333333333333,-0.0008837564060667491,0.0,0.0,0.0
8,3,5,"[4, 12, 16]","[0, 1, 2, 3, 5, 6, 7, 8, 9, 10, 11, 13, 14, 15, 17]",3,15,20,0.6926882667273762,0.5333333333333333,0.6956521739130435,0.6666666666666666,0.7272727272727273,0.34782608695652173,0.3333333333333333,0.36363636363636365,0.36363636363636365,0.3181818181818182,0.24977055590410266,0.030316372712453243,0.6604676246643066,0.8515301942825317,0.1484697461128235,0.9416958093643188,0.0583040714263916,0.7613645195960999,0.23863542079925537,0.6927113333134367,0.4,0.5714285714285714,0.6,0.5454545454545454,0.2857142857142857,0.3,0.2727272727272727,0.2727272727272727,0.2954545454545454,0.2497820775166647,0.10288030306498208,0.6562609076499939,0.8515301942825317,0.1484697461128235,0.9416958093643188,0.0583040714263916,0.7613645195960999,0.23863542079925537,-0.18181818181818188,-0.06666666666666665,0.07256393035252884,-0.033333333333333326,-0.022727272727272763,-0.09090909090909094,-0.06211180124223603,-0.09090909090909094,1.1521612562043204e-05,-0.12422360248447206,-0.004206717014312744,0.0,0.0,0.0,-0.1333333333333333,2.3066586060549454e-05,0.0,0.0,0.0
8,3,6,"[0, 9, 10]","[1, 2, 3, 4, 5, 6, 7, 8, 11, 12, 13, 14, 15, 16, 17]",3,15,20,0.6937020427893412,0.4,0.5714285714285714,0.6,0.5454545454545454,0.2857142857142857,0.3,0.2727272727272727,0.2727272727272727,0.22727272727272727,0.25027743934883107,0.10318731466929121,0.681221604347229,0.8497446775436401,0.15025532245635986,0.9410675764083862,0.05893242359161377,0.758421778678894,0.24157822132110596,0.6933954517310549,0.5333333333333333,0.6956521739130435,0.6666666666666666,0.7272727272727273,0.34782608695652173,0.3333333333333333,0.36363636363636365,0.36363636363636365,0.25,0.2501241397449565,0.030137840906778957,0.6757535338401794,0.8497446775436401,0.15025532245635986,0.9410675764083862,0.05893242359161377,0.758421778678894,0.24157822132110596,0.18181818181818188,0.06666666666666665,-0.07304947376251225,0.033333333333333326,0.022727272727272735,0.09090909090909094,0.06211180124223603,0.09090909090909094,-0.0001532996038745571,0.12422360248447206,-0.0054680705070495605,0.0,0.0,0.0,0.1333333333333333,-0.0003065910582863429,0.0,0.0,0.0
8,6,1,"[1, 3, 12, 14, 15, 17]","[0, 2, 4, 5, 6, 7, 8, 9, 10, 11, 13, 16]",6,12,20,0.6940293443982578,0.4166666666666667,0.5882352941176471,0.5555555555555556,0.625,0.29411764705882354,0.2777777777777778,0.3125,0.3125,0.21875,0.25044108193598186,0.0854225258032481,0.673389196395874,0.8520784378051758,0.14792156219482422,0.9418641328811646,0.05813586711883545,0.7622926831245422,0.23770731687545776,0.6926519395182628,0.5833333333333334,0.7368421052631579,0.6363636363636364,0.875,0.3684210526315789,0.3181818181818182,0.4375,0.4375,0.25,0.24975238353906395,0.07955367863178253,0.6574761271476746,0.8520784378051758,0.14792156219482422,0.9418641328811646,0.05813586711883545,0.7622926831245422,0.23770731687545776,0.25,0.08080808080808077,-0.005868847171465574,0.04040404040404039,0.03125,0.125,0.07430340557275539,0.125,-0.0006886983969179028,0.14860681114551078,-0.015913069248199463,0.0,0.0,0.0,0.16666666666666669,-0.0013774048799950478,0.0,0.0,0.0
8,6,2,"[4, 6, 8, 9, 10, 13]","[0, 1, 2, 3, 5, 7, 11, 12, 14, 15, 16, 17]",6,12,20,0.6927235020241659,0.5833333333333334,0.7368421052631579,0.7,0.7777777777777778,0.3684210526315789,0.35,0.3888888888888889,0.3888888888888889,0.22222222222222224,0.24978817307948495,0.07982122401396441,0.7077357172966003,0.8510070443153381,0.14899295568466187,0.9419912099838257,0.058008790016174316,0.7600228786468506,0.23997712135314941,0.6926999694675366,0.5,0.6666666666666666,0.6666666666666666,0.6666666666666666,0.3333333333333333,0.3333333333333333,0.3333333333333333,0.3333333333333333,0.14814814814814814,0.24977638662257715,0.0033645331859588623,0.7038787603378296,0.8510070443153381,0.14899295568466187,0.9419912099838257,0.058008790016174316,0.7600228786468506,0.23997712135314941,-0.11111111111111116,-0.033333333333333326,-0.07645669082800555,-0.016666666666666663,-0.0740740740740741,-0.05555555555555558,-0.03508771929824561,-0.05555555555555558,-1.1786456907803e-05,-0.07017543859649122,-0.003856956958770752,0.0,0.0,0.0,-0.08333333333333337,-2.353255662923548e-05,0.0,0.0,0.0
8,6,3,"[0, 2, 5, 7, 11, 16]","[1, 3, 4, 6, 8, 9, 10, 12, 13, 14, 15, 17]",6,12,20,0.6933815818195259,0.3333333333333333,0.5,0.5714285714285714,0.4444444444444444,0.25,0.2857142857142857,0.2222222222222222,0.2222222222222222,0.2592592592592593,0.2501172056785468,0.169524942835172,0.673100471496582,0.8523921370506287,0.14760780334472656,0.9431148171424866,0.05688518285751343,0.7616694569587708,0.23833054304122925,0.6923799211440972,0.4166666666666667,0.5882352941176471,0.625,0.5555555555555556,0.29411764705882354,0.3125,0.2777777777777778,0.2777777777777778,0.2962962962962963,0.24961639283140627,0.08631710708141321,0.6622844338417053,0.8523921370506287,0.14760780334472656,0.9431148171424866,0.05688518285751343,0.7616694569587708,0.23833054304122925,0.11111111111111116,0.0535714285714286,-0.08320783575375879,0.0267857142857143,0.03703703703703698,0.05555555555555558,0.04411764705882354,0.05555555555555558,-0.0005008128471405138,0.08823529411764708,-0.010816037654876709,0.0,0.0,0.0,0.08333333333333337,-0.0010016606754287283,0.0,0.0,0.0
8,9,1,"[0, 2, 4, 5, 7, 8, 9, 10, 17]","[1, 3, 6, 11, 12, 13, 14, 15, 16]",9,9,20,0.6942607413858459,0.3333333333333333,0.5,0.6,0.42857142857142855,0.25,0.3,0.21428571428571427,0.21428571428571427,0.14285714285714285,0.25055675667503724,0.1701400809817844,0.7479572892189026,0.8541873693466187,0.14581269025802612,0.9448503851890564,0.055149614810943604,0.7635242938995361,0.23647570610046387,0.6937442756298801,0.4444444444444444,0.6153846153846154,0.6666666666666666,0.5714285714285714,0.3076923076923077,0.3333333333333333,0.2857142857142857,0.2857142857142857,0.14285714285714285,0.25029851642474416,0.05937716033723617,0.7341618537902832,0.8541873693466187,0.14581269025802612,0.9448503851890564,0.055149614810943604,0.7635242938995361,0.23647570610046387,0.14285714285714285,0.06666666666666665,-0.11076292064454824,0.033333333333333326,0.0,0.07142857142857142,0.05769230769230771,0.07142857142857142,-0.00025824025029308473,0.11538461538461542,-0.013795435428619385,0.0,0.0,0.0,0.1111111111111111,-0.000516465755965867,0.0,0.0,0.0
8,9,2,"[1, 3, 6, 11, 12, 13, 14, 15, 16]","[0, 2, 4, 5, 7, 8, 9, 10, 17]",9,9,20,0.6924954783549876,0.5555555555555556,0.7142857142857143,0.625,0.8333333333333334,0.35714285714285715,0.3125,0.4166666666666667,0.4166666666666667,0.33333333333333337,0.2496741841954312,0.053389204872979046,0.7091875076293945,0.849464476108551,0.1505354642868042,0.9397964477539062,0.06020355224609375,0.7591325044631958,0.2408674955368042,0.6919337476581893,0.6666666666666666,0.8,0.6666666666666666,1.0,0.4,0.3333333333333333,0.5,0.5,0.33333333333333337,0.24939328485307677,0.16309075885348845,0.694919764995575,0.849464476108551,0.1505354642868042,0.9397964477539062,0.06020355224609375,0.7591325044631958,0.2408674955368042,0.16666666666666663,0.04166666666666663,0.1097015539805094,0.020833333333333315,0.0,0.08333333333333331,0.04285714285714287,0.08333333333333331,-0.0002808993423544237,0.08571428571428574,-0.01426774263381958,0.0,0.0,0.0,0.11111111111111105,-0.0005617306967983238,0.0,0.0,0.0
8,12,1,"[0, 1, 3, 5, 7, 10, 11, 12, 14, 15, 16, 17]","[2, 4, 6, 8, 9, 13]",12,6,20,0.69473300218015,0.16666666666666666,0.2857142857142857,0.3333333333333333,0.25,0.14285714285714285,0.16666666666666666,0.125,0.125,0.125,0.25079290813738037,0.3347487052281698,0.781129777431488,0.8498721718788147,0.15012776851654053,0.9392892718315125,0.06071066856384277,0.7604550719261169,0.23954486846923828,0.6935455409318582,0.5,0.6666666666666666,0.6,0.75,0.3333333333333333,0.3,0.375,0.375,0.25,0.25019916796552516,0.00212545196215308,0.7539658546447754,0.8498721718788147,0.15012776851654053,0.9392892718315125,0.06071066856384277,0.7604550719261169,0.23954486846923828,0.5,0.26666666666666666,-0.3326232532660167,0.13333333333333333,0.125,0.25,0.19047619047619047,0.25,-0.000593740171855206,0.38095238095238093,-0.027163922786712646,0.0,0.0,0.0,0.33333333333333337,-0.0011874612482918323,0.0,0.0,0.0
8,12,2,"[2, 4, 5, 6, 7, 9, 10, 12, 14, 15, 16, 17]","[0, 1, 3, 8, 11, 13]",12,6,20,0.6943018347945885,0.5,0.6666666666666666,0.6,0.75,0.3333333333333333,0.3,0.375,0.375,0.25,0.2505772927475635,0.00348542133967078,0.7818103432655334,0.8486849665641785,0.15131497383117676,0.9400292634963989,0.059970736503601074,0.757340669631958,0.242659330368042,0.6938237156683856,0.5,0.6666666666666666,0.6,0.75,0.3333333333333333,0.3,0.375,0.375,0.25,0.2503381294225058,0.005096942186355591,0.7559462785720825,0.8486849665641785,0.15131497383117676,0.9400292634963989,0.059970736503601074,0.757340669631958,0.242659330368042,0.0,0.0,0.0016115208466848108,0.0,0.0,0.0,0.0,0.0,-0.00023916332505774518,0.0,-0.025864064693450928,0.0,0.0,0.0,0.0,-0.00047811912620288055,0.0,0.0,0.0
8,12,3,"[0, 1, 3, 4, 7, 8, 9, 10, 12, 13, 14, 15]","[2, 5, 6, 11, 16, 17]",12,6,20,0.6916182815262432,0.5,0.6666666666666666,0.6,0.75,0.3333333333333333,0.3,0.375,0.375,0.5,0.24923560856242646,0.0037459731101989746,0.824989378452301,0.8505430221557617,0.14945697784423828,0.9411330819129944,0.058866918087005615,0.7599530220031738,0.24004697799682617,0.6899655161361111,0.6666666666666666,0.8,0.6666666666666666,1.0,0.4,0.3333333333333333,0.5,0.5,0.375,0.24840924442281498,0.16044448812802625,0.8112564086914062,0.8505430221557617,0.14945697784423828,0.9411330819129944,0.058866918087005615,0.7599530220031738,0.24004697799682617,0.25,0.06666666666666665,0.15669851501782728,0.033333333333333326,-0.125,0.125,0.06666666666666671,0.125,-0.0008263641396114851,0.13333333333333341,-0.013732969760894775,0.0,0.0,0.0,0.16666666666666663,-0.0016527653901320383,0.0,0.0,0.0
9,3,1,"[5, 15, 17]","[0, 1, 2, 3, 4, 6, 7, 8, 9, 10, 11, 12, 13, 14, 16]",3,15,20,0.6907934494711888,0.5333333333333333,0.6666666666666666,0.7,0.6363636363636364,0.4444444444444444,0.44999999999999996,0.4431818181818182,0.4431818181818182,0.4318181818181818,0.2488232550047318,0.028763635953267364,0.6988589763641357,0.8980303406715393,0.1019696593284607,0.9652996063232422,0.03470039367675781,0.8307610750198364,0.16923892498016357,0.6896722670604414,0.6666666666666666,0.782608695652174,0.75,0.8181818181818182,0.5341614906832298,0.5416666666666666,0.5340909090909092,0.5340909090909092,0.4318181818181818,0.24826271280822762,0.1615004698435465,0.6066053509712219,0.8980303406715393,0.1019696593284607,0.9652996063232422,0.03470039367675781,0.8307610750198364,0.16923892498016357,0.18181818181818188,0.050000000000000044,0.13273683389027913,0.09166666666666667,0.0,0.090909090909091,0.0897170462387854,0.090909090909091,-0.0005605421965041713,0.11594202898550732,-0.09225362539291382,0.0,0.0,0.0,0.1333333333333333,-0.0011211824107474344,0.0,0.0,0.0
9,3,2,"[0, 6, 7]","[1, 2, 3, 4, 5, 8, 9, 10, 11, 12, 13, 14, 15, 16, 17]",3,15,20,0.6905869736080952,0.6,0.75,0.75,0.75,0.375,0.375,0.375,0.375,0.25,0.2487199390754172,0.09559672673543296,0.6237664818763733,0.895871639251709,0.10412842035293579,0.9649041295051575,0.03509587049484253,0.8268391489982605,0.1731608510017395,0.6901752362083194,0.6,0.75,0.75,0.75,0.375,0.375,0.375,0.375,0.2777777777777778,0.24851409277987985,0.09518136580785108,0.621627688407898,0.895871639251709,0.10412842035293579,0.9649041295051575,0.03509587049484253,0.8268391489982605,0.1731608510017395,0.0,0.0,-0.00041536092758187593,0.0,0.02777777777777779,0.0,0.0,0.0,-0.00020584629553735412,0.0,-0.002138793468475342,0.0,0.0,0.0,0.0,-0.00041173739977573565,0.0,0.0,0.0
9,3,3,"[1, 2, 16]","[0, 3, 4, 5, 6, 7, 8, 9, 10, 11, 12, 13, 14, 15, 17]",3,15,20,0.6890437902146691,0.6666666666666666,0.782608695652174,0.8181818181818182,0.75,0.5341614906832298,0.5340909090909092,0.5416666666666666,0.5416666666666666,0.4166666666666667,0.24794843186374121,0.16202892065048213,0.6087526679039001,0.8961370587348938,0.1038629412651062,0.9655811786651611,0.03441882133483887,0.8266929388046265,0.17330706119537354,0.6888303952907752,0.7333333333333333,0.8333333333333334,0.8333333333333334,0.8333333333333334,0.5833333333333334,0.5833333333333334,0.5833333333333334,0.5833333333333334,0.4444444444444445,0.24784173996016712,0.22871609131495152,0.6088495850563049,0.8961370587348938,0.1038629412651062,0.9655811786651611,0.03441882133483887,0.8266929388046265,0.17330706119537354,0.08333333333333337,0.015151515151515138,0.06668717066446939,0.0492424242424242,0.02777777777777779,0.04166666666666674,0.04917184265010355,0.04166666666666674,-0.00010669190357409652,0.050724637681159424,9.691715240478516e-05,0.0,0.0,0.0,0.06666666666666665,-0.00021339492389393921,0.0,0.0,0.0
9,3,4,"[9, 13, 14]","[0, 1, 2, 3, 4, 5, 6, 7, 8, 10, 11, 12, 15, 16, 17]",3,15,20,0.6891388194489072,0.6,0.7272727272727273,0.8,0.6666666666666666,0.48863636363636365,0.5,0.5,0.5,0.5277777777777778,0.24799598747503293,0.09551894664764404,0.6164233088493347,0.9018669128417969,0.09813308715820312,0.9666474461555481,0.033352553844451904,0.8370864391326904,0.16291356086730957,0.6889094023932508,0.6,0.7272727272727273,0.8,0.6666666666666666,0.48863636363636365,0.5,0.5,0.5,0.5277777777777778,0.24788126702474494,0.09541952610015869,0.6177208423614502,0.9018669128417969,0.09813308715820312,0.9666474461555481,0.033352553844451904,0.8370864391326904,0.16291356086730957,0.0,0.0,-9.942054748535156e-05,0.0,0.0,0.0,0.0,0.0,-0.00011472045028798616,0.0,0.0012975335121154785,0.0,0.0,0.0,0.0,-0.00022941705565637793,0.0,0.0,0.0
9,3,5,"[3, 4, 10]","[0, 1, 2, 5, 6, 7, 8, 9, 11, 12, 13, 14, 15, 16, 17]",3,15,20,0.6896398249805354,0.6,0.7272727272727273,0.7272727272727273,0.7272727272727273,0.48863636363636365,0.48863636363636365,0.48863636363636365,0.48863636363636365,0.5,0.24824647064837801,0.09502779642740888,0.6190552711486816,0.8970837593078613,0.10291624069213867,0.9648478627204895,0.0351521372795105,0.8293197154998779,0.17068028450012207,0.6885939994676852,0.6666666666666666,0.782608695652174,0.75,0.8181818181818182,0.5341614906832298,0.5416666666666666,0.5340909090909092,0.5340909090909092,0.47727272727272724,0.2477236049799206,0.16100241343180333,0.6137676239013672,0.8970837593078613,0.10291624069213867,0.9648478627204895,0.0351521372795105,0.8293197154998779,0.17068028450012207,0.09090909090909094,0.022727272727272707,0.06597461700439444,0.05303030303030298,-0.022727272727272763,0.045454545454545525,0.045525127046866176,0.045454545454545525,-0.0005228656684574118,0.055335968379446654,-0.005287647247314453,0.0,0.0,0.0,0.06666666666666665,-0.0010458255128502625,0.0,0.0,0.0
9,3,6,"[8, 11, 12]","[0, 1, 2, 3, 4, 5, 6, 7, 9, 10, 13, 14, 15, 16, 17]",3,15,20,0.6878921022142996,0.6666666666666666,0.782608695652174,0.8181818181818182,0.75,0.5341614906832298,0.5340909090909092,0.5416666666666666,0.5416666666666666,0.6388888888888888,0.24737269160385658,0.161844011147817,0.6174967288970947,0.8941454291343689,0.10585463047027588,0.9638204574584961,0.036179542541503906,0.8244704008102417,0.1755295991897583,0.6872856514920197,0.6666666666666666,0.782608695652174,0.8181818181818182,0.75,0.5341614906832298,0.5340909090909092,0.5416666666666666,0.5416666666666666,0.6944444444444444,0.2470694862417208,0.16184418996175132,0.6143282651901245,0.8941454291343689,0.10585463047027588,0.9638204574584961,0.036179542541503906,0.8244704008102417,0.1755295991897583,0.0,0.0,1.7881393432617188e-07,0.0,0.05555555555555558,0.0,0.0,0.0,-0.0003032053621357944,0.0,-0.003168463706970215,0.0,0.0,0.0,0.0,-0.0006064507222799387,0.0,0.0,0.0
9,6,1,"[0, 3, 6, 8, 9, 17]","[1, 2, 4, 5, 7, 10, 11, 12, 13, 14, 15, 16]",6,12,20,0.6897022050117764,0.5833333333333334,0.7058823529411765,0.75,0.6666666666666666,0.4957983193277311,0.5,0.5,0.5,0.5555555555555556,0.24827760987816072,0.07920777300993609,0.6310628056526184,0.8953303098678589,0.10466974973678589,0.964649498462677,0.035350501537323,0.826011061668396,0.173988938331604,0.6880237643402628,0.75,0.8421052631578947,0.8,0.8888888888888888,0.6210526315789473,0.65,0.611111111111111,0.611111111111111,0.5925925925925926,0.24743847430130747,0.24462708334128058,0.6156166791915894,0.8953303098678589,0.10466974973678589,0.964649498462677,0.035350501537323,0.826011061668396,0.173988938331604,0.2222222222222222,0.050000000000000044,0.1654193103313445,0.15000000000000002,0.03703703703703698,0.11111111111111105,0.1252543122512162,0.11111111111111105,-0.0008391355768532505,0.13622291021671817,-0.015446126461029053,0.0,0.0,0.0,0.16666666666666663,-0.0016784406715135702,0.0,0.0,0.0
9,6,2,"[1, 2, 5, 11, 13, 14]","[0, 3, 4, 6, 7, 8, 9, 10, 12, 15, 16, 17]",6,12,20,0.6895778322671072,0.5833333333333334,0.7058823529411765,0.75,0.6666666666666666,0.4957983193277311,0.5,0.5,0.5,0.5555555555555556,0.24821547212692505,0.0790347158908844,0.6205707788467407,0.8930903077125549,0.10690957307815552,0.9644321799278259,0.03556770086288452,0.8217484354972839,0.1782515048980713,0.6875871966039981,0.8333333333333334,0.9,0.8181818181818182,1.0,0.7,0.9090909090909092,0.6666666666666666,0.6666666666666666,0.5555555555555556,0.24722021326835275,0.3277348726987839,0.6115280985832214,0.8930903077125549,0.10690957307815552,0.9644321799278259,0.03556770086288452,0.8217484354972839,0.1782515048980713,0.33333333333333337,0.06818181818181823,0.24870015680789948,0.40909090909090917,0.0,0.16666666666666663,0.20420168067226885,0.16666666666666663,-0.0009952588585722955,0.1941176470588235,-0.009042680263519287,0.0,0.0,0.0,0.25,-0.001990635663109086,0.0,0.0,0.0
9,6,3,"[4, 7, 10, 12, 15, 16]","[0, 1, 2, 3, 5, 6, 8, 9, 11, 13, 14, 17]",6,12,20,0.6892674426899643,0.6666666666666666,0.8,0.8,0.8,0.4,0.4,0.4,0.4,0.2,0.2480603058304931,0.16114752988020575,0.6611297726631165,0.9031471014022827,0.09685289859771729,0.9664684534072876,0.0335315465927124,0.8398258090019226,0.1601741909980774,0.6887304755422069,0.6666666666666666,0.8,0.8,0.8,0.4,0.4,0.4,0.4,0.2,0.2477918546544652,0.16075088580449415,0.6572695970535278,0.9031471014022827,0.09685289859771729,0.9664684534072876,0.0335315465927124,0.8398258090019226,0.1601741909980774,0.0,0.0,-0.0003966440757116052,0.0,0.0,0.0,0.0,0.0,-0.0002684511760278896,0.0,-0.003860175609588623,0.0,0.0,0.0,0.0,-0.0005369671477574167,0.0,0.0,0.0
9,9,1,"[0, 1, 6, 9, 11, 12, 13, 16, 17]","[2, 3, 4, 5, 7, 8, 10, 14, 15]",9,9,20,0.6903308786505761,0.6666666666666666,0.7692307692307693,0.8333333333333334,0.7142857142857143,0.5846153846153846,0.5833333333333334,0.6071428571428572,0.6071428571428572,0.5,0.24859184234428067,0.1621847550074259,0.6772862076759338,0.8982669115066528,0.10173302888870239,0.9647881984710693,0.035211801528930664,0.8317456841468811,0.1682543158531189,0.6891147138657959,0.7777777777777778,0.8571428571428571,0.8571428571428571,0.8571428571428571,0.6785714285714286,0.6785714285714286,0.6785714285714286,0.6785714285714286,0.5,0.24798376739849232,0.27307891845703125,0.6692951917648315,0.8982669115066528,0.10173302888870239,0.9647881984710693,0.035211801528930664,0.8317456841468811,0.1682543158531189,0.1428571428571428,0.023809523809523725,0.11089416344960534,0.09523809523809523,0.0,0.0714285714285714,0.09395604395604396,0.0714285714285714,-0.0006080749457883505,0.08791208791208782,-0.007991015911102295,0.0,0.0,0.0,0.11111111111111116,-0.0012161647847801493,0.0,0.0,0.0
9,9,2,"[2, 3, 4, 5, 7, 8, 10, 14, 15]","[0, 1, 6, 9, 11, 12, 13, 16, 17]",9,9,20,0.6887009874489166,0.5555555555555556,0.7142857142857143,0.7142857142857143,0.7142857142857143,0.35714285714285715,0.35714285714285715,0.35714285714285715,0.35714285714285715,0.5,0.24777718926768788,0.05074183808432686,0.6798723936080933,0.8961116075515747,0.10388833284378052,0.9655786752700806,0.03442126512527466,0.8266444802284241,0.17335546016693115,0.6871317329406769,0.7777777777777778,0.875,0.7777777777777778,1.0,0.4375,0.3888888888888889,0.5,0.5,0.3571428571428571,0.24699269055713005,0.2715426021152073,0.6705047488212585,0.8961116075515747,0.10388833284378052,0.9655786752700806,0.03442126512527466,0.8266444802284241,0.17335546016693115,0.2857142857142857,0.06349206349206349,0.22080076403088045,0.031746031746031744,-0.1428571428571429,0.14285714285714285,0.08035714285714285,0.14285714285714285,-0.0007844987105578294,0.1607142857142857,-0.009367644786834717,0.0,0.0,0.0,0.2222222222222222,-0.001569254508239748,0.0,0.0,0.0
9,12,1,"[2, 3, 4, 6, 8, 9, 12, 13, 14, 15, 16, 17]","[0, 1, 5, 7, 10, 11]",12,6,20,0.6876609041951743,0.6666666666666666,0.75,1.0,0.6,0.625,0.6666666666666666,0.8,0.8,1.0,0.2472570242936379,0.1627965966860453,0.6702833771705627,0.9113116264343262,0.08868849277496338,0.9707024693489075,0.029297590255737305,0.8519207835197449,0.1480792760848999,0.6853719064074375,0.8333333333333334,0.8888888888888888,1.0,0.8,0.7777777777777777,0.75,0.9,0.9,1.0,0.24611264569806193,0.3291138609250387,0.6472842693328857,0.9113116264343262,0.08868849277496338,0.9707024693489075,0.029297590255737305,0.8519207835197449,0.1480792760848999,0.20000000000000007,0.0,0.1663172642389934,0.08333333333333337,0.0,0.09999999999999998,0.15277777777777768,0.09999999999999998,-0.0011443785955759789,0.13888888888888884,-0.022999107837677002,0.0,0.0,0.0,0.16666666666666674,-0.002288997787736835,0.0,0.0,0.0
9,12,2,"[0, 1, 2, 4, 8, 10, 12, 13, 14, 15, 16, 17]","[3, 5, 6, 7, 9, 11]",12,6,20,0.6839511326650863,1.0,1.0,1.0,1.0,1.0,1.0,1.0,1.0,1.0,0.2454023268149328,0.4953714807828268,0.6434890627861023,0.9110742807388306,0.08892571926116943,0.9710517525672913,0.02894824743270874,0.8510968089103699,0.14890319108963013,0.6826780691966426,1.0,1.0,1.0,1.0,1.0,1.0,1.0,1.0,1.0,0.24476586939367406,0.4947287539641062,0.6312154531478882,0.9110742807388306,0.08892571926116943,0.9710517525672913,0.02894824743270874,0.8510968089103699,0.14890319108963013,0.0,0.0,-0.0006427268187205737,0.0,0.0,0.0,0.0,0.0,-0.0006364574212587293,0.0,-0.012273609638214111,0.0,0.0,0.0,0.0,-0.0012730634684436914,0.0,0.0,0.0
9,12,3,"[1, 3, 5, 7, 9, 10, 12, 13, 14, 15, 16, 17]","[0, 2, 4, 6, 8, 11]",12,6,20,0.6915867957920003,0.5,0.6666666666666666,0.75,0.6,0.3333333333333333,0.375,0.3,0.3,0.2,0.24921997238082128,0.005616197983423832,0.6185446381568909,0.9169923067092896,0.08300763368606567,0.9702457189559937,0.029754221439361572,0.8637388944625854,0.13626104593276978,0.6890173351769939,0.6666666666666666,0.8,0.8,0.8,0.4,0.4,0.4,0.4,0.2,0.2479353768051696,0.16060716907183326,0.5995322465896606,0.9169923067092896,0.08300763368606567,0.9702457189559937,0.029754221439361572,0.8637388944625854,0.13626104593276978,0.20000000000000007,0.050000000000000044,0.15499097108840942,0.025000000000000022,0.0,0.10000000000000003,0.06666666666666671,0.10000000000000003,-0.0012845955756516647,0.13333333333333341,-0.019012391567230225,0.0,0.0,0.0,0.16666666666666663,-0.0025694606150064025,0.0,0.0,0.0
10,3,1,"[12, 14, 16]","[0, 1, 2, 3, 4, 5, 6, 7, 8, 9, 10, 11, 13, 15, 17]",3,15,20,0.6942711368355848,0.4,0.18181818181818182,0.25,0.14285714285714285,0.354066985645933,0.3522727272727273,0.3839285714285714,0.3839285714285714,0.3214285714285714,0.25056197789047197,0.10176166693369548,0.6555416584014893,0.8668242692947388,0.13317584991455078,0.9452892541885376,0.05471086502075195,0.7883592247962952,0.2116408348083496,0.6940639051445818,0.4,0.18181818181818182,0.25,0.14285714285714285,0.354066985645933,0.3522727272727273,0.3839285714285714,0.3839285714285714,0.3571428571428571,0.25045836569748037,0.10177173217137647,0.5676525235176086,0.8668242692947388,0.13317584991455078,0.9452892541885376,0.05471086502075195,0.7883592247962952,0.2116408348083496,0.0,0.0,1.0065237680989547e-05,0.0,0.0357142857142857,0.0,0.0,0.0,-0.00010361219299159785,0.0,-0.08788913488388062,0.0,0.0,0.0,0.0,-0.00020723169100300698,0.0,0.0,0.0
10,3,2,"[2, 7, 15]","[0, 1, 3, 4, 5, 6, 8, 9, 10, 11, 12, 13, 14, 16, 17]",3,15,20,0.6931242945578069,0.4666666666666667,0.2,0.3333333333333333,0.14285714285714285,0.4,0.41666666666666663,0.4464285714285714,0.4464285714285714,0.48214285714285715,0.24998858918606015,0.03539374669392903,0.563406229019165,0.8623695373535156,0.13763046264648438,0.944397509098053,0.05560249090194702,0.7803415656089783,0.21965843439102173,0.6932770187550976,0.4,0.18181818181818182,0.25,0.14285714285714285,0.354066985645933,0.3522727272727273,0.3839285714285714,0.3839285714285714,0.4821428571428571,0.2500649462483981,0.10188647905985515,0.5634937882423401,0.8623695373535156,0.13763046264648438,0.944397509098053,0.05560249090194702,0.7803415656089783,0.21965843439102173,0.0,-0.08333333333333331,0.06649273236592612,-0.06439393939393934,-5.551115123125783e-17,-0.0625,-0.04593301435406705,-0.0625,7.635706233793949e-05,-0.018181818181818188,8.755922317504883e-05,0.0,0.0,0.0,-0.06666666666666665,0.00015272419729073228,0.0,0.0,0.0
10,3,3,"[0, 1, 6]","[2, 3, 4, 5, 7, 8, 9, 10, 11, 12, 13, 14, 15, 16, 17]",3,15,20,0.6935790207909879,0.4,0.18181818181818182,0.3333333333333333,0.125,0.354066985645933,0.375,0.41964285714285715,0.41964285714285715,0.44642857142857145,0.250215946679421,0.10207470655441286,0.5654608011245728,0.8588531613349915,0.14114677906036377,0.9431975483894348,0.056802332401275635,0.7745087742805481,0.22549116611480713,0.6935227011098224,0.4,0.0,0.0,0.0,0.2857142857142857,0.21428571428571427,0.42857142857142855,0.42857142857142855,0.4642857142857143,0.25018778218626425,0.10233357747395833,0.5644556283950806,0.8588531613349915,0.14114677906036377,0.9431975483894348,0.056802332401275635,0.7745087742805481,0.22549116611480713,-0.125,-0.3333333333333333,0.00025887091954546193,-0.16071428571428573,0.01785714285714285,0.008928571428571397,-0.06835269993164728,0.008928571428571397,-2.816449315673486e-05,-0.18181818181818182,-0.0010051727294921875,0.0,0.0,0.0,0.0,-5.631968116548425e-05,0.0,0.0,0.0
10,3,4,"[5, 8, 17]","[0, 1, 2, 3, 4, 6, 7, 9, 10, 11, 12, 13, 14, 15, 16]",3,15,20,0.6946615969456437,0.3333333333333333,0.16666666666666666,0.25,0.125,0.3055555555555555,0.3068181818181818,0.3482142857142857,0.3482142857142857,0.23214285714285718,0.2507572257358915,0.1686786333719889,0.5687611103057861,0.8640984296798706,0.13590162992477417,0.9445739388465881,0.055426061153411865,0.7836228609085083,0.2163771390914917,0.6949756961116165,0.26666666666666666,0.0,0.0,0.0,0.21052631578947367,0.16666666666666666,0.2857142857142857,0.2857142857142857,0.19642857142857148,0.25091426985559173,0.23566603263219194,0.568261981010437,0.8640984296798706,0.13590162992477417,0.9445739388465881,0.055426061153411865,0.7836228609085083,0.2163771390914917,-0.125,-0.25,0.06698739926020303,-0.14015151515151517,-0.0357142857142857,-0.0625,-0.09502923976608185,-0.0625,0.0001570441197002448,-0.16666666666666666,-0.0004991292953491211,0.0,0.0,0.0,-0.06666666666666665,0.0003140991659728032,0.0,0.0,0.0
10,3,5,"[3, 11, 13]","[0, 1, 2, 4, 5, 6, 7, 8, 9, 10, 12, 14, 15, 16, 17]",3,15,20,0.6937464498191398,0.3333333333333333,0.16666666666666666,0.25,0.125,0.3055555555555555,0.3068181818181818,0.3482142857142857,0.3482142857142857,0.4642857142857143,0.2502996590964621,0.16887137889862064,0.5630272626876831,0.8645185232162476,0.13548153638839722,0.9448918104171753,0.05510818958282471,0.784145176410675,0.21585482358932495,0.6936281856043692,0.26666666666666666,0.0,0.0,0.0,0.21052631578947367,0.16666666666666666,0.2857142857142857,0.2857142857142857,0.4642857142857143,0.25024053226656584,0.23567265669504806,0.5627872347831726,0.8645185232162476,0.13548153638839722,0.9448918104171753,0.05510818958282471,0.784145176410675,0.21585482358932495,-0.125,-0.25,0.06680127779642742,-0.14015151515151517,0.0,-0.0625,-0.09502923976608185,-0.0625,-5.912682989628326e-05,-0.16666666666666666,-0.00024002790451049805,0.0,0.0,0.0,-0.06666666666666665,-0.00011826421477056925,0.0,0.0,0.0
10,3,6,"[4, 9, 10]","[0, 1, 2, 3, 5, 6, 7, 8, 11, 12, 13, 14, 15, 16, 17]",3,15,20,0.6932787645735489,0.4,0.0,0.0,0.0,0.2857142857142857,0.23076923076923078,0.375,0.375,0.42857142857142855,0.2500658178070458,0.10212914943695062,0.5605982542037964,0.8621185421943665,0.13788139820098877,0.9440674781799316,0.05593252182006836,0.7801696062088013,0.21983039379119873,0.6933202060163032,0.3333333333333333,0.0,0.0,0.0,0.25,0.20833333333333334,0.3125,0.3125,0.4464285714285714,0.25008653400381675,0.1687721530596415,0.5597355365753174,0.8621185421943665,0.13788139820098877,0.9440674781799316,0.05593252182006836,0.7801696062088013,0.21983039379119873,0.0,0.0,0.06664300362269088,-0.02243589743589744,0.01785714285714285,-0.0625,-0.0357142857142857,-0.0625,2.071619677096459e-05,0.0,-0.0008627176284790039,0.0,0.0,0.0,-0.06666666666666671,4.144144275430861e-05,0.0,0.0,0.0
10,6,1,"[2, 5, 10, 13, 16, 17]","[0, 1, 3, 4, 6, 7, 8, 9, 11, 12, 14, 15]",6,12,20,0.6947731483347316,0.3333333333333333,0.2,0.25,0.16666666666666666,0.3142857142857143,0.3125,0.3333333333333333,0.3333333333333333,0.2777777777777778,0.25081298365423255,0.16851375997066503,0.5821535587310791,0.865584135055542,0.134415864944458,0.9448717832565308,0.05512821674346924,0.7862964868545532,0.21370351314544678,0.6949007646551265,0.25,0.0,0.0,0.0,0.2,0.16666666666666666,0.25,0.25,0.22222222222222218,0.2508767926873606,0.2518761406342188,0.5819783210754395,0.865584135055542,0.134415864944458,0.9448717832565308,0.05512821674346924,0.7862964868545532,0.21370351314544678,-0.16666666666666666,-0.25,0.08336238066355378,-0.14583333333333334,-0.05555555555555561,-0.08333333333333331,-0.11428571428571427,-0.08333333333333331,6.38090331280261e-05,-0.2,-0.00017523765563964844,0.0,0.0,0.0,-0.08333333333333331,0.00012761632039492987,0.0,0.0,0.0
10,6,2,"[0, 1, 6, 9, 12, 14]","[2, 3, 4, 5, 7, 8, 10, 11, 13, 15, 16, 17]",6,12,20,0.6927281813463088,0.5,0.25,0.5,0.16666666666666666,0.4375,0.5,0.5,0.5,0.5277777777777778,0.24979053358154943,0.002114921808242798,0.5776745676994324,0.8588731288909912,0.14112693071365356,0.9426508545875549,0.05734914541244507,0.7750953435897827,0.22490465641021729,0.6926105521781896,0.5,0.25,0.5,0.16666666666666666,0.4375,0.5,0.5,0.5,0.5555555555555556,0.2497317236199693,0.0022457589705785486,0.5762934684753418,0.8588731288909912,0.14112693071365356,0.9426508545875549,0.05734914541244507,0.7750953435897827,0.22490465641021729,0.0,0.0,0.0001308371623357507,0.0,0.02777777777777779,0.0,0.0,0.0,-5.8809961580141845e-05,0.0,-0.0013810992240905762,0.0,0.0,0.0,0.0,-0.00011762916811919322,0.0,0.0,0.0
10,6,3,"[3, 4, 7, 8, 11, 15]","[0, 1, 2, 5, 6, 9, 10, 12, 13, 14, 16, 17]",6,12,20,0.6938293020803156,0.3333333333333333,0.0,0.0,0.0,0.25,0.2,0.3333333333333333,0.3333333333333333,0.3888888888888889,0.25034109096189433,0.168825959165891,0.5711567997932434,0.8649331331253052,0.13506686687469482,0.9456863403320312,0.05431365966796875,0.7841799855232239,0.21582001447677612,0.6934899784337435,0.3333333333333333,0.0,0.0,0.0,0.25,0.2,0.3333333333333333,0.3333333333333333,0.4444444444444445,0.25017141692684924,0.16863898932933813,0.5686062574386597,0.8649331331253052,0.13506686687469482,0.9456863403320312,0.05431365966796875,0.7841799855232239,0.21582001447677612,0.0,0.0,-0.0001869698365528638,0.0,0.05555555555555558,0.0,0.0,0.0,-0.0001696740350450865,0.0,-0.0025505423545837402,0.0,0.0,0.0,0.0,-0.00033932364657207614,0.0,0.0,0.0
10,9,1,"[0, 3, 4, 5, 7, 11, 14, 15, 17]","[1, 2, 6, 8, 9, 10, 12, 13, 16]",9,9,20,0.6935475226305629,0.3333333333333333,0.0,0.0,0.0,0.25,0.21428571428571427,0.3,0.3,0.4,0.250200224318191,0.1692204541630215,0.5995210409164429,0.8635486364364624,0.13645142316818237,0.944587767124176,0.055412232875823975,0.782509446144104,0.217490553855896,0.6928680987982245,0.3333333333333333,0.0,0.0,0.0,0.25,0.21428571428571427,0.3,0.3,0.45,0.2498604923237375,0.1691026091575623,0.5973038673400879,0.8635486364364624,0.13645142316818237,0.944587767124176,0.055412232875823975,0.782509446144104,0.217490553855896,0.0,0.0,-0.00011784500545919396,0.0,0.04999999999999999,0.0,0.0,0.0,-0.00033973199445350155,0.0,-0.0022171735763549805,0.0,0.0,0.0,0.0,-0.0006794238323383217,0.0,0.0,0.0
10,9,2,"[1, 2, 6, 8, 9, 10, 12, 13, 16]","[0, 3, 4, 5, 7, 11, 14, 15, 17]",9,9,20,0.6940062053407456,0.4444444444444444,0.2857142857142857,0.5,0.2,0.41558441558441556,0.4642857142857143,0.475,0.475,0.4,0.2504295111984154,0.057082659668392655,0.6127490401268005,0.8627116680145264,0.13728833198547363,0.9442182183265686,0.055781781673431396,0.7812051177024841,0.21879488229751587,0.6937047186194211,0.4444444444444444,0.2857142857142857,0.5,0.2,0.41558441558441556,0.4642857142857143,0.475,0.475,0.55,0.2502787783410082,0.05754331747690844,0.6144602298736572,0.8627116680145264,0.13728833198547363,0.9442182183265686,0.055781781673431396,0.7812051177024841,0.21879488229751587,0.0,0.0,0.0004606578085157853,0.0,0.15000000000000002,0.0,0.0,0.0,-0.00015073285740718756,0.0,0.0017111897468566895,0.0,0.0,0.0,0.0,-0.0003014867213245731,0.0,0.0,0.0
10,12,1,"[1, 2, 5, 6, 7, 8, 9, 10, 11, 12, 13, 14]","[0, 3, 4, 15, 16, 17]",12,6,20,0.6914755622357777,0.6666666666666666,0.5,1.0,0.3333333333333333,0.625,0.8,0.6666666666666666,0.6666666666666666,0.7777777777777778,0.24916426325441585,0.16448347767194105,0.6508697271347046,0.8583876490592957,0.14161235094070435,0.9426037669181824,0.05739623308181763,0.7741715312004089,0.22582846879959106,0.6907607272499982,0.6666666666666666,0.5,1.0,0.3333333333333333,0.625,0.8,0.6666666666666666,0.6666666666666666,0.6666666666666667,0.24880685521159376,0.1638489762941996,0.6376530528068542,0.8583876490592957,0.14161235094070435,0.9426037669181824,0.05739623308181763,0.7741715312004089,0.22582846879959106,0.0,0.0,-0.0006345013777414588,0.0,-0.11111111111111105,0.0,0.0,0.0,-0.0003574080428220827,0.0,-0.013216674327850342,0.0,0.0,0.0,0.0,-0.0007148349857795111,0.0,0.0,0.0
10,12,2,"[0, 1, 2, 5, 6, 7, 9, 11, 13, 14, 15, 17]","[3, 4, 8, 10, 12, 16]",12,6,20,0.6908685004815883,0.6666666666666666,0.5,1.0,0.3333333333333333,0.625,0.8,0.6666666666666666,0.6666666666666666,0.7777777777777779,0.24886074767222097,0.16408565640449524,0.6490110158920288,0.8550643920898438,0.14493560791015625,0.9402915835380554,0.059708476066589355,0.7698372602462769,0.23016279935836792,0.6905610023626497,0.6666666666666666,0.5,1.0,0.3333333333333333,0.625,0.8,0.6666666666666666,0.6666666666666666,0.7777777777777779,0.2487069951769635,0.16438003381093336,0.6439815163612366,0.8550643920898438,0.14493560791015625,0.9402915835380554,0.059708476066589355,0.7698372602462769,0.23016279935836792,0.0,0.0,0.0002943774064381177,0.0,0.0,0.0,0.0,0.0,-0.00015375249525745316,0.0,-0.005029499530792236,0.0,0.0,0.0,0.0,-0.00030749811893859835,0.0,0.0,0.0
10,12,3,"[1, 4, 5, 7, 9, 10, 11, 13, 14, 15, 16, 17]","[0, 2, 3, 6, 8, 12]",12,6,20,0.6928267250803053,0.5,0.0,0.0,0.0,0.3333333333333333,0.25,0.5,0.5,0.5555555555555556,0.2498398006809889,0.0018919905026754114,0.6752752065658569,0.8697381019592285,0.13026177883148193,0.9446020126342773,0.05539792776107788,0.7948742508888245,0.20512568950653076,0.6926685624266561,0.5,0.0,0.0,0.0,0.3333333333333333,0.25,0.5,0.5,0.5555555555555556,0.2497607064754971,0.0016352335611978797,0.667288064956665,0.8697381019592285,0.13026177883148193,0.9446020126342773,0.05539792776107788,0.7948742508888245,0.20512568950653076,0.0,0.0,-0.0002567569414775317,0.0,0.0,0.0,0.0,0.0,-7.909420549179202e-05,0.0,-0.007987141609191895,0.0,0.0,0.0,0.0,-0.00015816265364920756,0.0,0.0,0.0
11,3,1,"[1, 13, 14]","[0, 2, 3, 4, 5, 6, 7, 8, 9, 10, 11, 12, 15, 16, 17]",3,15,20,0.6915391798354013,0.6666666666666666,0.8,0.7142857142857143,0.9090909090909091,0.4,0.35714285714285715,0.45454545454545453,0.45454545454545453,0.38636363636363635,0.2491960149901886,0.1644287109375,0.8497896194458008,0.8868076205253601,0.11319237947463989,0.941875696182251,0.05812430381774902,0.8317395448684692,0.16826045513153076,0.6913408096085979,0.6666666666666666,0.8,0.7142857142857143,0.9090909090909091,0.4,0.35714285714285715,0.45454545454545453,0.45454545454545453,0.36363636363636365,0.2490968319777854,0.1641847372055053,0.7658873200416565,0.8868076205253601,0.11319237947463989,0.941875696182251,0.05812430381774902,0.8317395448684692,0.16826045513153076,0.0,0.0,-0.00024397373199469552,0.0,-0.022727272727272707,0.0,0.0,0.0,-9.918301240319227e-05,0.0,-0.08390229940414429,0.0,0.0,0.0,0.0,-0.00019837022680335714,0.0,0.0,0.0
11,3,2,"[6, 7, 12]","[0, 1, 2, 3, 4, 5, 8, 9, 10, 11, 13, 14, 15, 16, 17]",3,15,20,0.6911410148537093,0.7333333333333333,0.8333333333333334,0.7692307692307693,0.9090909090909091,0.5833333333333334,0.6346153846153846,0.5795454545454546,0.5795454545454546,0.40909090909090906,0.2489969349119212,0.23092672030131012,0.7462224960327148,0.8857196569442749,0.1142803430557251,0.9418025612831116,0.05819743871688843,0.8296367526054382,0.17036324739456177,0.6908405285896689,0.7333333333333333,0.8333333333333334,0.7692307692307693,0.9090909090909091,0.5833333333333334,0.6346153846153846,0.5795454545454546,0.5795454545454546,0.40909090909090906,0.24884669628840897,0.2305818518002828,0.7395817041397095,0.8857196569442749,0.1142803430557251,0.9418025612831116,0.05819743871688843,0.8296367526054382,0.17036324739456177,0.0,0.0,-0.0003448685010273289,0.0,0.0,0.0,0.0,0.0,-0.00015023862351223882,0.0,-0.006640791893005371,0.0,0.0,0.0,0.0,-0.00030048626404033385,0.0,0.0,0.0
11,3,3,"[3, 5, 16]","[0, 1, 2, 4, 6, 7, 8, 9, 10, 11, 12, 13, 14, 15, 17]",3,15,20,0.6907794448596466,0.7333333333333333,0.8333333333333334,0.7692307692307693,0.9090909090909091,0.5833333333333334,0.6346153846153846,0.5795454545454546,0.5795454545454546,0.5454545454545454,0.2488161507219422,0.2311753273010253,0.7412212491035461,0.8847864866256714,0.11521351337432861,0.9413849711418152,0.058615028858184814,0.8281880617141724,0.17181193828582764,0.6904474143396105,0.7333333333333333,0.8333333333333334,0.7692307692307693,0.9090909090909091,0.5833333333333334,0.6346153846153846,0.5795454545454546,0.5795454545454546,0.5227272727272727,0.24865014311046948,0.23073819478352864,0.7306267619132996,0.8847864866256714,0.11521351337432861,0.9413849711418152,0.058615028858184814,0.8281880617141724,0.17181193828582764,0.0,0.0,-0.0004371325174966634,0.0,-0.022727272727272707,0.0,0.0,0.0,-0.0001660076114727016,0.0,-0.010594487190246582,0.0,0.0,0.0,0.0,-0.00033203052003605293,0.0,0.0,0.0
11,3,4,"[2, 4, 11]","[0, 1, 3, 5, 6, 7, 8, 9, 10, 12, 13, 14, 15, 16, 17]",3,15,20,0.6910299662687032,0.7333333333333333,0.8333333333333334,0.7142857142857143,1.0,0.5833333333333334,0.8571428571428572,0.6,0.6,0.54,0.24894140928974456,0.23090895414352408,0.7390660047531128,0.8849583864212036,0.11504167318344116,0.9416571855545044,0.058342814445495605,0.8282595276832581,0.17174047231674194,0.6901702463223652,0.7333333333333333,0.8333333333333334,0.7142857142857143,1.0,0.5833333333333334,0.8571428571428572,0.6,0.6,0.52,0.24851156729138194,0.22942685286204012,0.7349685430526733,0.8849583864212036,0.11504167318344116,0.9416571855545044,0.058342814445495605,0.8282595276832581,0.17174047231674194,0.0,0.0,-0.0014821012814839607,0.0,-0.020000000000000018,0.0,0.0,0.0,-0.00042984199836262893,0.0,-0.004097461700439453,0.0,0.0,0.0,0.0,-0.0008597199463379335,0.0,0.0,0.0
11,3,5,"[9, 10, 17]","[0, 1, 2, 3, 4, 5, 6, 7, 8, 11, 12, 13, 14, 15, 16]",3,15,20,0.6911371164510716,0.7333333333333333,0.8333333333333334,0.7692307692307693,0.9090909090909091,0.5833333333333334,0.6346153846153846,0.5795454545454546,0.5795454545454546,0.5454545454545454,0.24899497637445933,0.23133976062138872,0.7418097257614136,0.8839467167854309,0.11605322360992432,0.9402757287025452,0.059724271297454834,0.8276177048683167,0.17238229513168335,0.6906112628743829,0.8,0.88,0.7857142857142857,1.0,0.64,0.8928571428571428,0.625,0.625,0.5681818181818181,0.248732060207712,0.29757197300593063,0.7313793897628784,0.8839467167854309,0.11605322360992432,0.9402757287025452,0.059724271297454834,0.8276177048683167,0.17238229513168335,0.09090909090909094,0.016483516483516425,0.06623221238454191,0.2582417582417582,0.022727272727272707,0.045454545454545414,0.05666666666666664,0.045454545454545414,-0.0002629161667473401,0.046666666666666634,-0.010430335998535156,0.0,0.0,0.0,0.06666666666666676,-0.0005258535766886618,0.0,0.0,0.0
11,3,6,"[0, 8, 15]","[1, 2, 3, 4, 5, 6, 7, 9, 10, 11, 12, 13, 14, 16, 17]",3,15,20,0.6907878613566033,0.7333333333333333,0.8333333333333334,0.7692307692307693,0.9090909090909091,0.5833333333333334,0.6346153846153846,0.5795454545454546,0.5795454545454546,0.5681818181818181,0.24882035922653128,0.2311444441477457,0.7395617365837097,0.8897945284843445,0.11020541191101074,0.9435513019561768,0.05644869804382324,0.8360377550125122,0.1639622449874878,0.6905176064575697,0.7333333333333333,0.8333333333333334,0.7692307692307693,0.9090909090909091,0.5833333333333334,0.6346153846153846,0.5795454545454546,0.5795454545454546,0.5227272727272727,0.2486852424355159,0.23095611333847044,0.7331733703613281,0.8897945284843445,0.11020541191101074,0.9435513019561768,0.05644869804382324,0.8360377550125122,0.1639622449874878,0.0,0.0,-0.00018833080927527224,0.0,-0.045454545454545414,0.0,0.0,0.0,-0.00013511679101538276,0.0,-0.006388366222381592,0.0,0.0,0.0,0.0,-0.00027025489903365063,0.0,0.0,0.0
11,6,1,"[0, 1, 3, 12, 14, 16]","[2, 4, 5, 6, 7, 8, 9, 10, 11, 13, 15, 17]",6,12,20,0.6905951889884864,0.6666666666666666,0.8,0.7272727272727273,0.8888888888888888,0.4,0.36363636363636365,0.4444444444444444,0.4444444444444444,0.4814814814814815,0.24872403249203154,0.16417258977890015,0.7698180079460144,0.8906542062759399,0.10934579372406006,0.9439530372619629,0.05604696273803711,0.837355375289917,0.162644624710083,0.6897829790401517,0.75,0.8571428571428571,0.75,1.0,0.42857142857142855,0.375,0.5,0.5,0.5185185185185186,0.24831794494680656,0.24665590127309167,0.767166018486023,0.8906542062759399,0.10934579372406006,0.9439530372619629,0.05604696273803711,0.837355375289917,0.162644624710083,0.11111111111111116,0.022727272727272707,0.08248331149419152,0.011363636363636354,0.03703703703703709,0.05555555555555558,0.028571428571428525,0.05555555555555558,-0.0004060875452249757,0.05714285714285705,-0.002651989459991455,0.0,0.0,0.0,0.08333333333333337,-0.0008122099483346412,0.0,0.0,0.0
11,6,2,"[2, 4, 5, 6, 7, 10]","[0, 1, 3, 8, 9, 11, 12, 13, 14, 15, 16, 17]",6,12,20,0.691232159277681,0.75,0.8421052631578947,0.7272727272727273,1.0,0.6210526315789473,0.8636363636363636,0.625,0.625,0.375,0.24904250417613039,0.24737517535686493,0.7573019862174988,0.887231707572937,0.11276829242706299,0.9423102736473083,0.05768972635269165,0.8321532011032104,0.16784679889678955,0.6895170695906027,0.6666666666666666,0.8,0.6666666666666666,1.0,0.4,0.3333333333333333,0.5,0.5,0.34375,0.24818499371551597,0.16107890009880066,0.7202775478363037,0.887231707572937,0.11276829242706299,0.9423102736473083,0.05768972635269165,0.8321532011032104,0.16784679889678955,0.0,-0.06060606060606066,-0.08629627525806427,-0.5303030303030303,-0.03125,-0.125,-0.22105263157894728,-0.125,-0.0008575104606144135,-0.042105263157894646,-0.03702443838119507,0.0,0.0,0.0,-0.08333333333333337,-0.0017150896870783416,0.0,0.0,0.0
11,6,3,"[8, 9, 11, 13, 15, 17]","[0, 1, 2, 3, 4, 5, 6, 7, 10, 12, 14, 16]",6,12,20,0.6913799435464,0.75,0.8421052631578947,0.8,0.8888888888888888,0.6210526315789473,0.65,0.611111111111111,0.611111111111111,0.6666666666666667,0.24911638608923167,0.2484141935904821,0.7681487202644348,0.8801234364509583,0.11987656354904175,0.9390103816986084,0.0609896183013916,0.8212364912033081,0.1787635087966919,0.6913086909212094,0.8333333333333334,0.9,0.8181818181818182,1.0,0.7,0.9090909090909092,0.6666666666666666,0.6666666666666666,0.5555555555555556,0.24908074687427173,0.3312598317861557,0.7547266483306885,0.8801234364509583,0.11987656354904175,0.9390103816986084,0.0609896183013916,0.8212364912033081,0.1787635087966919,0.11111111111111116,0.018181818181818188,0.08284563819567359,0.25909090909090915,-0.11111111111111116,0.05555555555555558,0.07894736842105265,0.05555555555555558,-3.563921495994271e-05,0.05789473684210533,-0.013422071933746338,0.0,0.0,0.0,0.08333333333333337,-7.125262519058762e-05,0.0,0.0,0.0
11,9,1,"[0, 2, 3, 5, 6, 7, 11, 16, 17]","[1, 4, 8, 9, 10, 12, 13, 14, 15]",9,9,20,0.6917282991506467,0.6666666666666666,0.7692307692307693,0.7142857142857143,0.8333333333333334,0.5846153846153846,0.6071428571428572,0.5833333333333334,0.5833333333333334,0.38888888888888895,0.24929056529496593,0.1643900805049472,0.7919975519180298,0.8884940147399902,0.11150598526000977,0.9439706206321716,0.05602937936782837,0.8330174684524536,0.1669825315475464,0.6904455138529371,0.7777777777777778,0.8571428571428571,0.75,1.0,0.6785714285714286,0.875,0.6666666666666666,0.6666666666666666,0.38888888888888895,0.2486491747031695,0.27398873037762117,0.7593328952789307,0.8884940147399902,0.11150598526000977,0.9439706206321716,0.05602937936782837,0.8330174684524536,0.1669825315475464,0.16666666666666663,0.0357142857142857,0.10959864987267398,0.2678571428571428,0.0,0.08333333333333326,0.09395604395604396,0.08333333333333326,-0.0006413905917964369,0.08791208791208782,-0.03266465663909912,0.0,0.0,0.0,0.11111111111111116,-0.0012827852977096432,0.0,0.0,0.0
11,9,2,"[1, 4, 8, 9, 10, 12, 13, 14, 15]","[0, 2, 3, 5, 6, 7, 11, 16, 17]",9,9,20,0.6904098364433272,0.7777777777777778,0.875,0.7777777777777778,1.0,0.4375,0.3888888888888889,0.5,0.5,0.6428571428571428,0.24863135707112644,0.27558450566397774,0.802173376083374,0.8835122585296631,0.11648774147033691,0.9395451545715332,0.0604548454284668,0.8274793028831482,0.1725206971168518,0.6892679524710288,0.7777777777777778,0.875,0.7777777777777778,1.0,0.4375,0.3888888888888889,0.5,0.5,0.5714285714285714,0.24806044669961244,0.27457696199417114,0.7766473889350891,0.8835122585296631,0.11648774147033691,0.9395451545715332,0.0604548454284668,0.8274793028831482,0.1725206971168518,0.0,0.0,-0.0010075436698065987,0.0,-0.0714285714285714,0.0,0.0,0.0,-0.000570910371513994,0.0,-0.025525987148284912,0.0,0.0,0.0,0.0,-0.0011418839722984186,0.0,0.0,0.0
11,12,1,"[1, 2, 3, 6, 7, 10, 11, 12, 13, 14, 15, 16]","[0, 4, 5, 8, 9, 17]",12,6,20,0.6920362633724723,0.5,0.6666666666666666,0.6,0.75,0.3333333333333333,0.3,0.375,0.375,0.5,0.24944457537237671,0.0029087464014688758,0.9409664869308472,0.884222149848938,0.11577773094177246,0.9400343894958496,0.059965550899505615,0.8284099698066711,0.17158997058868408,0.6911053753025854,0.6666666666666666,0.8,0.6666666666666666,1.0,0.4,0.3333333333333333,0.5,0.5,0.375,0.24897913968731147,0.16116276383399963,0.8886021971702576,0.884222149848938,0.11577773094177246,0.9400343894958496,0.059965550899505615,0.8284099698066711,0.17158997058868408,0.25,0.06666666666666665,0.15825401743253076,0.033333333333333326,-0.125,0.125,0.06666666666666671,0.125,-0.0004654356850652408,0.13333333333333341,-0.0523642897605896,0.0,0.0,0.0,0.16666666666666663,-0.0009308880698868371,0.0,0.0,0.0
11,12,2,"[1, 2, 4, 5, 7, 8, 9, 11, 12, 13, 15, 17]","[0, 3, 6, 10, 14, 16]",12,6,20,0.6918771970186937,0.8333333333333334,0.8888888888888888,0.8,1.0,0.7777777777777777,0.9,0.75,0.75,0.5,0.24936500005407916,0.3315468033154806,0.8564314842224121,0.8772035837173462,0.12279641628265381,0.9379991292953491,0.06200087070465088,0.816408097743988,0.18359190225601196,0.6909182198670122,0.6666666666666666,0.8,0.6666666666666666,1.0,0.4,0.3333333333333333,0.5,0.5,0.5,0.24888549404755445,0.16317797700564063,0.8164380192756653,0.8772035837173462,0.12279641628265381,0.9379991292953491,0.06200087070465088,0.816408097743988,0.18359190225601196,0.0,-0.13333333333333341,-0.16836882630983996,-0.5666666666666667,0.0,-0.25,-0.37777777777777766,-0.25,-0.00047950600652471587,-0.0888888888888888,-0.039993464946746826,0.0,0.0,0.0,-0.16666666666666674,-0.0009589771516814727,0.0,0.0,0.0
11,12,3,"[1, 2, 3, 4, 6, 7, 8, 10, 11, 12, 16, 17]","[0, 5, 9, 13, 14, 15]",12,6,20,0.6897121580642991,0.8333333333333334,0.8888888888888888,0.8,1.0,0.7777777777777777,0.9,0.75,0.75,0.625,0.24828251753235855,0.3304977218310039,0.830696702003479,0.8840856552124023,0.11591434478759766,0.939926028251648,0.06007397174835205,0.8282452821731567,0.17175471782684326,0.6885149773882325,0.8333333333333334,0.8888888888888888,0.8,1.0,0.7777777777777777,0.9,0.75,0.75,0.625,0.24768396004096024,0.32891174157460534,0.8028347492218018,0.8840856552124023,0.11591434478759766,0.939926028251648,0.06007397174835205,0.8282452821731567,0.17175471782684326,0.0,0.0,-0.0015859802563985559,0.0,0.0,0.0,0.0,0.0,-0.0005985574913983105,0.0,-0.027861952781677246,0.0,0.0,0.0,0.0,-0.001197180676066556,0.0,0.0,0.0
12,3,1,"[0, 5, 15]","[1, 2, 3, 4, 6, 7, 8, 9, 10, 11, 12, 13, 14, 16, 17]",3,15,20,0.6898677843264899,0.8,0.88,0.7857142857142857,1.0,0.64,0.8928571428571428,0.625,0.625,0.5,0.24836034565292978,0.2967547098795573,0.7165210247039795,0.8593401312828064,0.1406598687171936,0.8757414817810059,0.12425851821899414,0.8429387807846069,0.15706121921539307,0.6891703115810636,0.8,0.88,0.7857142857142857,1.0,0.64,0.8928571428571428,0.625,0.625,0.5227272727272727,0.24801163115144623,0.2961352109909058,0.6287211179733276,0.8593401312828064,0.1406598687171936,0.8757414817810059,0.12425851821899414,0.8429387807846069,0.15706121921539307,0.0,0.0,-0.0006194988886515373,0.0,0.022727272727272707,0.0,0.0,0.0,-0.0003487145014835491,0.0,-0.08779990673065186,0.0,0.0,0.0,0.0,-0.0006974727454263085,0.0,0.0,0.0
12,3,2,"[4, 8, 14]","[0, 1, 2, 3, 5, 6, 7, 9, 10, 11, 12, 13, 15, 16, 17]",3,15,20,0.6905442610008675,0.6666666666666666,0.8,0.7142857142857143,0.9090909090909091,0.4,0.35714285714285715,0.45454545454545453,0.45454545454545453,0.3181818181818182,0.2486985804351948,0.1629498163859049,0.6272316575050354,0.8589814901351929,0.14101862907409668,0.875616729259491,0.12438333034515381,0.8423463106155396,0.15765380859375,0.689983070212564,0.7333333333333333,0.8461538461538461,0.7333333333333333,1.0,0.4230769230769231,0.36666666666666664,0.5,0.5,0.36363636363636365,0.24841800524351002,0.22908927202224727,0.6238662004470825,0.8589814901351929,0.14101862907409668,0.875616729259491,0.12438333034515381,0.8423463106155396,0.15765380859375,0.09090909090909094,0.01904761904761898,0.06613945563634238,0.00952380952380949,0.04545454545454547,0.04545454545454547,0.02307692307692305,0.04545454545454547,-0.0002805751916847843,0.0461538461538461,-0.003365457057952881,0.0,0.0,0.0,0.06666666666666665,-0.0005611907883035228,0.0,0.0,0.0
12,3,3,"[6, 10, 16]","[0, 1, 2, 3, 4, 5, 7, 8, 9, 11, 12, 13, 14, 15, 17]",3,15,20,0.6899034371804486,0.7333333333333333,0.8333333333333334,0.7692307692307693,0.9090909090909091,0.5833333333333334,0.6346153846153846,0.5795454545454546,0.5795454545454546,0.4772727272727273,0.24837818370835815,0.22998603582382193,0.6226229667663574,0.8648046255111694,0.13519543409347534,0.8848816752433777,0.11511832475662231,0.8447275161743164,0.1552724838256836,0.6886091533011686,0.7333333333333333,0.8461538461538461,0.7333333333333333,1.0,0.4230769230769231,0.36666666666666664,0.5,0.5,0.6818181818181818,0.24773112890366586,0.22895354429880777,0.6210466623306274,0.8648046255111694,0.13519543409347534,0.8848816752433777,0.11511832475662231,0.8447275161743164,0.1552724838256836,0.09090909090909094,-0.03589743589743599,-0.0010324915250141675,-0.26794871794871794,0.20454545454545447,-0.07954545454545459,-0.1602564102564103,-0.07954545454545459,-0.000647054804692293,0.012820512820512775,-0.0015763044357299805,0.0,0.0,0.0,0.0,-0.0012942838792799893,0.0,0.0,0.0
12,3,4,"[3, 13, 17]","[0, 1, 2, 4, 5, 6, 7, 8, 9, 10, 11, 12, 14, 15, 16]",3,15,20,0.6916420238567614,0.6666666666666666,0.782608695652174,0.6923076923076923,0.9,0.5341614906832298,0.5961538461538461,0.55,0.55,0.4,0.24924744635304427,0.16350148518880203,0.6078649759292603,0.8648734092712402,0.13512670993804932,0.8846114277839661,0.11538863182067871,0.8451353907585144,0.15486472845077515,0.6910349577912994,0.6666666666666666,0.8,0.6666666666666666,1.0,0.4,0.3333333333333333,0.5,0.5,0.44,0.2489439472681184,0.16266245047251382,0.6060729622840881,0.8648734092712402,0.13512670993804932,0.8846114277839661,0.11538863182067871,0.8451353907585144,0.15486472845077515,0.09999999999999998,-0.02564102564102566,-0.0008390347162882117,-0.26282051282051283,0.03999999999999998,-0.050000000000000044,-0.1341614906832298,-0.050000000000000044,-0.0003034990849258845,0.017391304347826098,-0.0017920136451721191,0.0,0.0,0.0,0.0,-0.0006070660654620141,0.0,0.0,0.0
12,3,5,"[1, 7, 12]","[0, 2, 3, 4, 5, 6, 8, 9, 10, 11, 13, 14, 15, 16, 17]",3,15,20,0.6897713931219219,0.7333333333333333,0.8333333333333334,0.7692307692307693,0.9090909090909091,0.5833333333333334,0.6346153846153846,0.5795454545454546,0.5795454545454546,0.47727272727272724,0.24831216062235537,0.2298761844635009,0.6174978613853455,0.8599257469177246,0.14007419347763062,0.8754463195800781,0.12455356121063232,0.8444051146507263,0.15559476613998413,0.6879400235738464,0.7333333333333333,0.8461538461538461,0.7333333333333333,1.0,0.4230769230769231,0.36666666666666664,0.5,0.5,0.5681818181818182,0.24739661502745822,0.22833752632141113,0.6124590635299683,0.8599257469177246,0.14007419347763062,0.8754463195800781,0.12455356121063232,0.8444051146507263,0.15559476613998413,0.09090909090909094,-0.03589743589743599,-0.001538658142089755,-0.26794871794871794,0.090909090909091,-0.07954545454545459,-0.1602564102564103,-0.07954545454545459,-0.0009155455948971492,0.012820512820512775,-0.005038797855377197,0.0,0.0,0.0,0.0,-0.001831369548075501,0.0,0.0,0.0
12,3,6,"[2, 9, 11]","[0, 1, 3, 4, 5, 6, 7, 8, 10, 12, 13, 14, 15, 16, 17]",3,15,20,0.6904867689463444,0.7333333333333333,0.8333333333333334,0.7692307692307693,0.9090909090909091,0.5833333333333334,0.6346153846153846,0.5795454545454546,0.5795454545454546,0.3181818181818182,0.2486698284336245,0.22984737157821655,0.6288750171661377,0.8620580434799194,0.1379418969154358,0.8811623454093933,0.11883753538131714,0.8429537415504456,0.15704619884490967,0.6903277885441884,0.7333333333333333,0.8333333333333334,0.7692307692307693,0.9090909090909091,0.5833333333333334,0.6346153846153846,0.5795454545454546,0.5795454545454546,0.36363636363636365,0.248590337344111,0.22971693674723304,0.632607638835907,0.8620580434799194,0.1379418969154358,0.8811623454093933,0.11883753538131714,0.8429537415504456,0.15704619884490967,0.0,0.0,-0.00013043483098351683,0.0,0.04545454545454547,0.0,0.0,0.0,-7.949108951349482e-05,0.0,0.003732621669769287,0.0,0.0,0.0,0.0,-0.00015898040215600595,0.0,0.0,0.0
12,6,1,"[0, 1, 4, 7, 8, 14]","[2, 3, 5, 6, 9, 10, 11, 12, 13, 15, 16, 17]",6,12,20,0.6891149992668705,0.75,0.8571428571428571,0.75,1.0,0.42857142857142855,0.375,0.5,0.5,0.40740740740740744,0.24798397227545857,0.2458095053831736,0.6647475957870483,0.8487123250961304,0.15128779411315918,0.858346700668335,0.14165335893630981,0.839077889919281,0.16092216968536377,0.688490920663457,0.75,0.8571428571428571,0.75,1.0,0.42857142857142855,0.375,0.5,0.5,0.40740740740740744,0.24767196025871532,0.24510769546031952,0.6593418717384338,0.8487123250961304,0.15128779411315918,0.858346700668335,0.14165335893630981,0.839077889919281,0.16092216968536377,0.0,0.0,-0.0007018099228540686,0.0,0.0,0.0,0.0,0.0,-0.0003120120167432461,0.0,-0.005405724048614502,0.0,0.0,0.0,0.0,-0.0006240786034135137,0.0,0.0,0.0
12,6,2,"[6, 10, 13, 15, 16, 17]","[0, 1, 2, 3, 4, 5, 7, 8, 9, 11, 12, 14]",6,12,20,0.6917291963148582,0.6666666666666666,0.7777777777777778,0.7,0.875,0.5555555555555556,0.6,0.5625,0.5625,0.375,0.2492910236138722,0.16380806267261505,0.6139093637466431,0.8777852058410645,0.12221473455429077,0.9038228392601013,0.09617716073989868,0.8517476320266724,0.14825236797332764,0.6895733279618607,0.6666666666666666,0.8,0.6666666666666666,1.0,0.4,0.3333333333333333,0.5,0.5,0.53125,0.24821329062451092,0.1618463397026062,0.6043574213981628,0.8777852058410645,0.12221473455429077,0.9038228392601013,0.09617716073989868,0.8517476320266724,0.14825236797332764,0.125,-0.033333333333333326,-0.00196172297000885,-0.26666666666666666,0.15625,-0.0625,-0.15555555555555556,-0.0625,-0.0010777329893612853,0.022222222222222254,-0.009551942348480225,0.0,0.0,0.0,0.0,-0.0021558683529975253,0.0,0.0,0.0
12,6,3,"[2, 3, 5, 9, 11, 12]","[0, 1, 4, 6, 7, 8, 10, 13, 14, 15, 16, 17]",6,12,20,0.6902636386346884,0.75,0.8421052631578947,0.8,0.8888888888888888,0.6210526315789473,0.65,0.611111111111111,0.611111111111111,0.40740740740740744,0.24855827671342268,0.24684023360411322,0.644973874092102,0.8584851622581482,0.14151489734649658,0.876560389995575,0.12343961000442505,0.8404099345207214,0.15959006547927856,0.6895028850626429,0.6666666666666666,0.8,0.7272727272727273,0.8888888888888888,0.4,0.36363636363636365,0.4444444444444444,0.4444444444444444,0.4444444444444445,0.2481779390928922,0.16279783348242438,0.6426135301589966,0.8584851622581482,0.14151489734649658,0.876560389995575,0.12343961000442505,0.8404099345207214,0.15959006547927856,0.0,-0.07272727272727275,-0.08404240012168884,-0.2863636363636364,0.037037037037037035,-0.16666666666666663,-0.22105263157894728,-0.16666666666666663,-0.0003803376205304687,-0.042105263157894646,-0.0023603439331054688,0.0,0.0,0.0,-0.08333333333333337,-0.000760753572045525,0.0,0.0,0.0
12,9,1,"[2, 3, 4, 5, 6, 8, 9, 10, 12]","[0, 1, 7, 11, 13, 14, 15, 16, 17]",9,9,20,0.6895470062278427,0.6666666666666666,0.8,0.75,0.8571428571428571,0.4,0.375,0.42857142857142855,0.42857142857142855,0.3571428571428571,0.24819999185368424,0.16257436407936943,0.7416620254516602,0.8409962058067322,0.1590038537979126,0.8539882302284241,0.14601176977157593,0.8280041813850403,0.17199581861495972,0.6878797485964674,0.7777777777777778,0.875,0.7777777777777778,1.0,0.4375,0.3888888888888889,0.5,0.5,0.5,0.24736648151372068,0.27225574519899154,0.7350927591323853,0.8409962058067322,0.1590038537979126,0.8539882302284241,0.14601176977157593,0.8280041813850403,0.17199581861495972,0.1428571428571429,0.02777777777777779,0.10968138111962211,0.013888888888888895,0.1428571428571429,0.07142857142857145,0.03749999999999998,0.07142857142857145,-0.0008335103399635668,0.07499999999999996,-0.006569266319274902,0.0,0.0,0.0,0.11111111111111116,-0.0016672576313753185,0.0,0.0,0.0
12,9,2,"[0, 1, 7, 11, 13, 14, 15, 16, 17]","[2, 3, 4, 5, 6, 8, 9, 10, 12]",9,9,20,0.6911915701709392,0.7777777777777778,0.8571428571428571,0.75,1.0,0.6785714285714286,0.875,0.6666666666666666,0.6666666666666666,0.5555555555555556,0.24902219335067008,0.2750641571150886,0.6185920238494873,0.8823256492614746,0.11767441034317017,0.9051650762557983,0.09483492374420166,0.8594861626625061,0.1405138373374939,0.6893444598085956,0.6666666666666666,0.8,0.6666666666666666,1.0,0.4,0.3333333333333333,0.5,0.5,0.6111111111111112,0.24809870964915406,0.1625264286994934,0.6105167865753174,0.8823256492614746,0.11767441034317017,0.9051650762557983,0.09483492374420166,0.8594861626625061,0.1405138373374939,0.0,-0.08333333333333337,-0.11253772841559517,-0.5416666666666667,0.05555555555555558,-0.16666666666666663,-0.2785714285714286,-0.16666666666666663,-0.0009234837015160147,-0.05714285714285705,-0.008075237274169922,0.0,0.0,0.0,-0.11111111111111116,-0.0018471103623436402,0.0,0.0,0.0
12,12,1,"[0, 2, 3, 6, 8, 9, 10, 11, 13, 14, 15, 16]","[1, 4, 5, 7, 12, 17]",12,6,20,0.6934496661376128,0.6666666666666666,0.8,0.6666666666666666,1.0,0.4,0.3333333333333333,0.5,0.5,0.0,0.2501512138173254,0.16324834028879798,0.7283586263656616,0.8719956874847412,0.12800437211990356,0.8988814949989319,0.10111850500106812,0.8451098799705505,0.15489012002944946,0.6904610478689411,0.6666666666666666,0.8,0.6666666666666666,1.0,0.4,0.3333333333333333,0.5,0.5,0.5,0.24865713007027543,0.16074806451797485,0.7136614322662354,0.8719956874847412,0.12800437211990356,0.8988814949989319,0.10111850500106812,0.8451098799705505,0.15489012002944946,0.0,0.0,-0.002500275770823124,0.0,0.5,0.0,0.0,0.0,-0.0014940837470499846,0.0,-0.01469719409942627,0.0,0.0,0.0,0.0,-0.0029886182686716944,0.0,0.0,0.0
12,12,2,"[1, 3, 4, 6, 7, 8, 10, 11, 13, 14, 15, 16]","[0, 2, 5, 9, 12, 17]",12,6,20,0.6925365913910163,0.5,0.6666666666666666,0.6,0.75,0.3333333333333333,0.3,0.375,0.375,0.25,0.24969470546979977,0.002978364626566532,0.711349368095398,0.8662439584732056,0.13375604152679443,0.8850005865097046,0.11499947309494019,0.8474873304367065,0.15251272916793823,0.6902773481440537,0.6666666666666666,0.8,0.6666666666666666,1.0,0.4,0.3333333333333333,0.5,0.5,0.5,0.24856524183098885,0.1616693834463755,0.6967484951019287,0.8662439584732056,0.13375604152679443,0.8850005865097046,0.11499947309494019,0.8474873304367065,0.15251272916793823,0.25,0.06666666666666665,0.15869101881980896,0.033333333333333326,0.25,0.125,0.06666666666666671,0.125,-0.001129463638810918,0.13333333333333341,-0.014600872993469238,0.0,0.0,0.0,0.16666666666666663,-0.0022592432469625834,0.0,0.0,0.0
12,12,3,"[0, 1, 2, 3, 4, 5, 6, 7, 8, 10, 11, 17]","[9, 12, 13, 14, 15, 16]",12,6,20,0.688848689736873,0.6666666666666666,0.8,0.6666666666666666,1.0,0.4,0.3333333333333333,0.5,0.5,0.625,0.24785083584254508,0.1621289849281311,0.8799731135368347,0.8132882118225098,0.18671190738677979,0.8174043893814087,0.18259572982788086,0.8091719746589661,0.1908280849456787,0.6858179657649384,0.6666666666666666,0.8,0.6666666666666666,1.0,0.4,0.3333333333333333,0.5,0.5,0.625,0.24633587890809316,0.15821569164594007,0.8616456389427185,0.8132882118225098,0.18671190738677979,0.8174043893814087,0.18259572982788086,0.8091719746589661,0.1908280849456787,0.0,0.0,-0.003913293282191033,0.0,0.0,0.0,0.0,0.0,-0.0015149569344519165,0.0,-0.01832747459411621,0.0,0.0,0.0,0.0,-0.0030307239719346013,0.0,0.0,0.0
13,3,1,"[3, 6, 10]","[0, 1, 2, 4, 5, 7, 8, 9, 11, 12, 13, 14, 15, 16, 17]",3,15,20,0.6963381865804741,0.26666666666666666,0.15384615384615385,0.5,0.09090909090909091,0.25339366515837103,0.3653846153846154,0.42045454545454547,0.42045454545454547,0.5454545454545454,0.25159544308620724,0.23671038548151652,0.661406397819519,0.9160516262054443,0.08394843339920044,0.9649568796157837,0.03504312038421631,0.867146372795105,0.13285362720489502,0.6957820207384952,0.26666666666666666,0.15384615384615385,0.5,0.09090909090909091,0.25339366515837103,0.3653846153846154,0.42045454545454547,0.42045454545454547,0.5681818181818181,0.2513173720444635,0.2364574035008748,0.5681862235069275,0.9160516262054443,0.08394843339920044,0.9649568796157837,0.03504312038421631,0.867146372795105,0.13285362720489502,0.0,0.0,-0.00025298198064171995,0.0,0.022727272727272707,0.0,0.0,0.0,-0.00027807104174371045,0.0,-0.09322017431259155,0.0,0.0,0.0,0.0,-0.0005561658419789284,0.0,0.0,0.0
13,3,2,"[2, 4, 11]","[0, 1, 3, 5, 6, 7, 8, 9, 10, 12, 13, 14, 15, 16, 17]",3,15,20,0.6958376581192613,0.3333333333333333,0.2857142857142857,0.5,0.2,0.33035714285714285,0.38636363636363635,0.4,0.4,0.44,0.25134518514887394,0.1699111024538676,0.5689274072647095,0.915414035320282,0.08458602428436279,0.9652636051177979,0.03473639488220215,0.8655644655227661,0.1344355344772339,0.6952016085825039,0.4,0.4,0.6,0.3,0.4,0.44999999999999996,0.44999999999999996,0.44999999999999996,0.45999999999999996,0.2510271808996859,0.10287064711252847,0.5673762559890747,0.915414035320282,0.08458602428436279,0.9652636051177979,0.03473639488220215,0.8655644655227661,0.1344355344772339,0.09999999999999998,0.09999999999999998,-0.06704045534133912,0.0636363636363636,0.019999999999999962,0.04999999999999993,0.06964285714285717,0.04999999999999993,-0.00031800424918804193,0.11428571428571432,-0.0015511512756347656,0.0,0.0,0.0,0.06666666666666671,-0.0006360495367574437,0.0,0.0,0.0
13,3,3,"[14, 16, 17]","[0, 1, 2, 3, 4, 5, 6, 7, 8, 9, 10, 11, 12, 13, 15]",3,15,20,0.6962521118540653,0.26666666666666666,0.26666666666666666,0.5,0.18181818181818182,0.26666666666666666,0.34090909090909094,0.34090909090909094,0.34090909090909094,0.36363636363636365,0.25155240286233,0.23581734100977575,0.5766830444335938,0.9149941205978394,0.0850057601928711,0.9646933674812317,0.03530663251876831,0.8652949333190918,0.1347050666809082,0.6962785858352217,0.26666666666666666,0.26666666666666666,0.5,0.18181818181818182,0.26666666666666666,0.34090909090909094,0.34090909090909094,0.34090909090909094,0.34090909090909094,0.2515656438642548,0.23578293720881144,0.5773910284042358,0.9149941205978394,0.0850057601928711,0.9646933674812317,0.03530663251876831,0.8652949333190918,0.1347050666809082,0.0,0.0,-3.440380096431106e-05,0.0,-0.022727272727272707,0.0,0.0,0.0,1.324100192479083e-05,0.0,0.0007079839706420898,0.0,0.0,0.0,0.0,2.6473981156405202e-05,0.0,0.0,0.0
13,3,4,"[1, 7, 15]","[0, 2, 3, 4, 5, 6, 8, 9, 10, 11, 12, 13, 14, 16, 17]",3,15,20,0.6953959495677744,0.26666666666666666,0.15384615384615385,0.5,0.09090909090909091,0.25339366515837103,0.3653846153846154,0.42045454545454547,0.42045454545454547,0.5454545454545454,0.2511243630982803,0.23617237806320196,0.5770350694656372,0.9186358451843262,0.08136409521102905,0.9661191701889038,0.03388082981109619,0.8711525797843933,0.1288474202156067,0.6945923566610845,0.26666666666666666,0.15384615384615385,0.5,0.09090909090909091,0.25339366515837103,0.3653846153846154,0.42045454545454547,0.42045454545454547,0.5909090909090909,0.25072257645063706,0.23572702805201212,0.5764102935791016,0.9186358451843262,0.08136409521102905,0.9661191701889038,0.03388082981109619,0.8711525797843933,0.1288474202156067,0.0,0.0,-0.00044535001118983786,0.0,0.045454545454545525,0.0,0.0,0.0,-0.0004017866476432319,0.0,-0.0006247758865356445,0.0,0.0,0.0,0.0,-0.000803592906689854,0.0,0.0,0.0
13,3,5,"[8, 9, 12]","[0, 1, 2, 3, 4, 5, 6, 7, 10, 11, 13, 14, 15, 16, 17]",3,15,20,0.6966200736355168,0.26666666666666666,0.26666666666666666,0.5,0.18181818181818182,0.26666666666666666,0.34090909090909094,0.34090909090909094,0.34090909090909094,0.40909090909090906,0.25173638274176685,0.23669770161310827,0.5784150958061218,0.9152438640594482,0.08475613594055176,0.9646973013877869,0.035302698612213135,0.8657903671264648,0.13420963287353516,0.6965508037462048,0.26666666666666666,0.26666666666666666,0.5,0.18181818181818182,0.26666666666666666,0.34090909090909094,0.34090909090909094,0.34090909090909094,0.40909090909090906,0.2517017494669697,0.23668862183888756,0.5781943798065186,0.9152438640594482,0.08475613594055176,0.9646973013877869,0.035302698612213135,0.8657903671264648,0.13420963287353516,0.0,0.0,-9.07977422071049e-06,0.0,0.0,0.0,0.0,0.0,-3.463327479713563e-05,0.0,-0.00022071599960327148,0.0,0.0,0.0,0.0,-6.926988931199585e-05,0.0,0.0,0.0
13,3,6,"[0, 5, 13]","[1, 2, 3, 4, 6, 7, 8, 9, 10, 11, 12, 14, 15, 16, 17]",3,15,20,0.6969124949749351,0.26666666666666666,0.26666666666666666,0.5,0.18181818181818182,0.26666666666666666,0.34090909090909094,0.34090909090909094,0.34090909090909094,0.38636363636363635,0.2518825876211432,0.236747137705485,0.5742813944816589,0.9163522720336914,0.08364766836166382,0.9651221632957458,0.03487783670425415,0.867582380771637,0.13241761922836304,0.6961152129435252,0.3333333333333333,0.375,0.6,0.2727272727272727,0.33035714285714285,0.4,0.38636363636363635,0.38636363636363635,0.3409090909090909,0.2514839595017575,0.16964513858159386,0.5721125602722168,0.9163522720336914,0.08364766836166382,0.9651221632957458,0.03487783670425415,0.867582380771637,0.13241761922836304,0.09090909090909088,0.09999999999999998,-0.06710199912389114,0.05909090909090908,-0.04545454545454547,0.045454545454545414,0.06369047619047619,0.045454545454545414,-0.00039862811938568,0.10833333333333334,-0.0021688342094421387,0.0,0.0,0.0,0.06666666666666665,-0.0007972820314099405,0.0,0.0,0.0
13,6,1,"[1, 7, 9, 12, 14, 15]","[0, 2, 3, 4, 5, 6, 8, 10, 11, 13, 16, 17]",6,12,20,0.6942160874790183,0.3333333333333333,0.2,0.5,0.125,0.3142857142857143,0.4,0.4375,0.4375,0.5625,0.2505344622828891,0.16934882104396826,0.5848804116249084,0.9157141447067261,0.08428579568862915,0.9648726582527161,0.035127341747283936,0.8665556907653809,0.13344430923461914,0.6924914964632709,0.5833333333333334,0.6666666666666666,0.7142857142857143,0.625,0.5555555555555556,0.5571428571428572,0.5625,0.5625,0.625,0.24967217650581408,0.08150360484917962,0.5797417163848877,0.9157141447067261,0.08428579568862915,0.9648726582527161,0.035127341747283936,0.8665556907653809,0.13344430923461914,0.5,0.2142857142857143,-0.08784521619478863,0.15714285714285714,0.0625,0.125,0.2412698412698413,0.125,-0.0008622857770750336,0.4666666666666666,-0.005138695240020752,0.0,0.0,0.0,0.25000000000000006,-0.001724591015747401,0.0,0.0,0.0
13,6,2,"[2, 5, 10, 13, 16, 17]","[0, 1, 3, 4, 6, 7, 8, 9, 11, 12, 14, 15]",6,12,20,0.6968598646143466,0.25,0.3076923076923077,0.5,0.2222222222222222,0.24475524475524477,0.3125,0.2777777777777778,0.2777777777777778,0.2592592592592593,0.25185624576044024,0.25256269673506415,0.597279965877533,0.9130346179008484,0.08696532249450684,0.9645021557807922,0.035497844219207764,0.8615670800209045,0.13843291997909546,0.6965465778550293,0.3333333333333333,0.42857142857142855,0.6,0.3333333333333333,0.3142857142857143,0.37142857142857144,0.3333333333333333,0.3333333333333333,0.2592592592592593,0.25169960517298645,0.16916887462139135,0.5964608192443848,0.9130346179008484,0.08696532249450684,0.9645021557807922,0.035497844219207764,0.8615670800209045,0.13843291997909546,0.1111111111111111,0.09999999999999998,-0.0833938221136728,0.05892857142857144,0.0,0.055555555555555525,0.06953046953046951,0.055555555555555525,-0.0001566405874537935,0.12087912087912084,-0.0008191466331481934,0.0,0.0,0.0,0.08333333333333331,-0.00031328675931729943,0.0,0.0,0.0
13,6,3,"[0, 3, 4, 6, 8, 11]","[1, 2, 5, 7, 9, 10, 12, 13, 14, 15, 16, 17]",6,12,20,0.6976022852726486,0.25,0.18181818181818182,0.5,0.1111111111111111,0.24475524475524477,0.35,0.38888888888888884,0.38888888888888884,0.4814814814814815,0.2522274742359714,0.2541165053844452,0.5879431366920471,0.9195951223373413,0.08040481805801392,0.9660515189170837,0.03394848108291626,0.8731387853622437,0.12686121463775635,0.697296413565268,0.25,0.18181818181818182,0.5,0.1111111111111111,0.24475524475524477,0.35,0.38888888888888884,0.38888888888888884,0.4444444444444445,0.25207451744310533,0.25389557580153144,0.58589768409729,0.9195951223373413,0.08040481805801392,0.9660515189170837,0.03394848108291626,0.8731387853622437,0.12686121463775635,0.0,0.0,-0.00022092958291375364,0.0,-0.037037037037037035,0.0,0.0,0.0,-0.000152956792866088,0.0,-0.00204545259475708,0.0,0.0,0.0,0.0,-0.00030587170738061165,0.0,0.0,0.0
13,9,1,"[1, 2, 3, 4, 5, 6, 7, 9, 14]","[0, 8, 10, 11, 12, 13, 15, 16, 17]",9,9,20,0.6948361301183529,0.3333333333333333,0.0,0.0,0.0,0.25,0.16666666666666666,0.5,0.5,0.6666666666666667,0.25084445620249607,0.1701776319079929,0.6105301380157471,0.9173206090927124,0.0826793909072876,0.9652671217918396,0.0347328782081604,0.86937415599823,0.13062584400177002,0.6939287014883994,0.2222222222222222,0.0,0.0,0.0,0.18181818181818182,0.125,0.3333333333333333,0.3333333333333333,0.5555555555555556,0.25039075918374265,0.2799015442530314,0.6059156656265259,0.9173206090927124,0.0826793909072876,0.9652671217918396,0.0347328782081604,0.86937415599823,0.13062584400177002,0.0,0.0,0.10972391234503848,-0.04166666666666666,-0.11111111111111116,-0.16666666666666669,-0.06818181818181818,-0.16666666666666669,-0.0004536970187534184,0.0,-0.004614472389221191,0.0,0.0,0.0,-0.1111111111111111,-0.0009074286299535217,0.0,0.0,0.0
13,9,2,"[0, 8, 10, 11, 12, 13, 15, 16, 17]","[1, 2, 3, 4, 5, 6, 7, 9, 14]",9,9,20,0.6976159341624351,0.2222222222222222,0.36363636363636365,0.5,0.2857142857142857,0.18181818181818182,0.25,0.14285714285714285,0.14285714285714285,0.07142857142857142,0.2522342883084152,0.2805076506402757,0.6446186900138855,0.9149086475372314,0.08509141206741333,0.9650170803070068,0.03498297929763794,0.8648001551628113,0.1351999044418335,0.6964188859461208,0.2222222222222222,0.36363636363636365,0.5,0.2857142857142857,0.18181818181818182,0.25,0.14285714285714285,0.14285714285714285,0.14285714285714285,0.25163579061823577,0.28034324116177034,0.6385442018508911,0.9149086475372314,0.08509141206741333,0.9650170803070068,0.03498297929763794,0.8648001551628113,0.1351999044418335,0.0,0.0,-0.00016440947850537846,0.0,0.07142857142857142,0.0,0.0,0.0,-0.0005984976901794448,0.0,-0.006074488162994385,0.0,0.0,0.0,0.0,-0.0011970482163142782,0.0,0.0,0.0
13,12,1,"[0, 1, 2, 5, 6, 8, 12, 13, 14, 15, 16, 17]","[3, 4, 7, 9, 10, 11]",12,6,20,0.6978396600538693,0.0,0.0,0.0,0.0,0.0,0.0,0.0,0.0,0.0,0.2523461991927358,0.5023385186990103,0.6905704736709595,0.9191874265670776,0.08081263303756714,0.9666358828544617,0.033364176750183105,0.8717390298843384,0.1282610297203064,0.6958249344332269,0.3333333333333333,0.5,0.5,0.5,0.25,0.25,0.25,0.25,0.0,0.2513388386728546,0.16888977090517682,0.6740726232528687,0.9191874265670776,0.08081263303756714,0.9666358828544617,0.033364176750183105,0.8717390298843384,0.1282610297203064,0.5,0.5,-0.33344874779383343,0.25,0.0,0.25,0.25,0.25,-0.0010073605198812063,0.5,-0.01649785041809082,0.0,0.0,0.0,0.3333333333333333,-0.0020147256206424213,0.0,0.0,0.0
13,12,2,"[0, 1, 4, 7, 8, 9, 10, 11, 12, 14, 15, 16]","[2, 3, 5, 6, 13, 17]",12,6,20,0.6962044855626451,0.3333333333333333,0.3333333333333333,0.5,0.25,0.3333333333333333,0.375,0.375,0.375,0.25,0.2515285945559193,0.16939348975817364,0.6913406252861023,0.9161841869354248,0.08381575345993042,0.9647713899612427,0.03522855043411255,0.8675969243049622,0.13240301609039307,0.6948025817898182,0.5,0.5714285714285714,0.6666666666666666,0.5,0.4857142857142857,0.5,0.5,0.5,0.25,0.2508276847697662,0.002198954423268673,0.684396505355835,0.9161841869354248,0.08381575345993042,0.9647713899612427,0.03522855043411255,0.8675969243049622,0.13240301609039307,0.25,0.16666666666666663,-0.16719453533490497,0.125,0.0,0.125,0.1523809523809524,0.125,-0.0007009097861531144,0.23809523809523808,-0.006944119930267334,0.0,0.0,0.0,0.16666666666666669,-0.0014019037728268957,0.0,0.0,0.0
13,12,3,"[0, 1, 4, 5, 7, 8, 9, 10, 11, 12, 15, 16]","[2, 3, 6, 13, 14, 17]",12,6,20,0.6978900901386754,0.3333333333333333,0.3333333333333333,0.5,0.25,0.3333333333333333,0.375,0.375,0.375,0.125,0.2523713297093246,0.17022916674613958,0.7059181332588196,0.9192419052124023,0.08075809478759766,0.9662704467773438,0.03372955322265625,0.8722134232521057,0.1277865767478943,0.6967120723288259,0.3333333333333333,0.3333333333333333,0.5,0.25,0.3333333333333333,0.375,0.375,0.375,0.25,0.2517823936700239,0.16960517565409344,0.701313316822052,0.9192419052124023,0.08075809478759766,0.9662704467773438,0.03372955322265625,0.8722134232521057,0.1277865767478943,0.0,0.0,-0.0006239910920461389,0.0,0.125,0.0,0.0,0.0,-0.0005889360393006582,0.0,-0.004604816436767578,0.0,0.0,0.0,0.0,-0.0011780178098494964,0.0,0.0,0.0
14,3,1,"[2, 3, 10]","[0, 1, 4, 5, 6, 7, 8, 9, 11, 12, 13, 14, 15, 16, 17]",3,15,20,0.6920202261916146,0.6,0.7,0.5384615384615384,1.0,0.55,0.7692307692307692,0.625,0.625,0.5892857142857143,0.24943659399008128,0.09615474541982016,0.7743483781814575,0.8737788200378418,0.12622129917144775,0.9315025806427002,0.0684974193572998,0.8160549998283386,0.18394500017166138,0.6925667416035264,0.5333333333333333,0.6666666666666666,0.5,1.0,0.4444444444444444,0.75,0.5625,0.5625,0.5535714285714286,0.24970984490124698,0.02914739052454629,0.6840790510177612,0.8737788200378418,0.12622129917144775,0.9315025806427002,0.0684974193572998,0.8160549998283386,0.18394500017166138,0.0,-0.038461538461538436,-0.06700735489527387,-0.019230769230769162,-0.0357142857142857,-0.0625,-0.10555555555555562,-0.0625,0.0002732509111657011,-0.033333333333333326,-0.09026932716369629,0.0,0.0,0.0,-0.06666666666666665,0.0005465154119117521,0.0,0.0,0.0
14,3,2,"[9, 15, 16]","[0, 1, 2, 3, 4, 5, 6, 7, 8, 10, 11, 12, 13, 14, 17]",3,15,20,0.6914454525026422,0.6666666666666666,0.7619047619047619,0.6153846153846154,1.0,0.6031746031746031,0.8076923076923077,0.6428571428571428,0.6428571428571428,0.5714285714285714,0.24914919028932586,0.1633908748626709,0.6911352276802063,0.8722054362297058,0.12779450416564941,0.9281864762306213,0.07181352376937866,0.8162243962287903,0.18377560377120972,0.6918752906726804,0.6666666666666666,0.7058823529411765,0.6666666666666666,0.75,0.660633484162896,0.6666666666666666,0.6607142857142857,0.6607142857142857,0.5535714285714286,0.2493641004683269,0.16392004092534385,0.6861862540245056,0.8722054362297058,0.12779450416564941,0.9281864762306213,0.07181352376937866,0.8162243962287903,0.18377560377120972,-0.25,0.05128205128205121,0.0005291660626729477,-0.14102564102564108,-0.017857142857142794,0.017857142857142905,0.05745888098829288,0.017857142857142905,0.0002149101790010488,-0.056022408963585346,-0.004948973655700684,0.0,0.0,0.0,0.0,0.00042983817003816593,0.0,0.0,0.0
14,3,3,"[5, 11, 13]","[0, 1, 2, 3, 4, 6, 7, 8, 9, 10, 12, 14, 15, 16, 17]",3,15,20,0.6919524969826455,0.6,0.7,0.5384615384615384,1.0,0.55,0.7692307692307692,0.625,0.625,0.6071428571428571,0.24940273319732242,0.09612112840016684,0.6867345571517944,0.8693353533744812,0.13066470623016357,0.9265810251235962,0.07341897487640381,0.8120896816253662,0.1879103183746338,0.6920911690982833,0.5333333333333333,0.6666666666666666,0.5,1.0,0.4444444444444444,0.75,0.5625,0.5625,0.625,0.2494720746037866,0.029317363103230742,0.6852787137031555,0.8693353533744812,0.13066470623016357,0.9265810251235962,0.07341897487640381,0.8120896816253662,0.1879103183746338,0.0,-0.038461538461538436,-0.0668037652969361,-0.019230769230769162,0.017857142857142905,-0.0625,-0.10555555555555562,-0.0625,6.934140646416842e-05,-0.033333333333333326,-0.001455843448638916,0.0,0.0,0.0,-0.06666666666666665,0.00013867211563778348,0.0,0.0,0.0
14,3,4,"[6, 12, 17]","[0, 1, 2, 3, 4, 5, 7, 8, 9, 10, 11, 13, 14, 15, 16]",3,15,20,0.6916793340214528,0.6666666666666666,0.7368421052631579,0.5833333333333334,1.0,0.6411483253588517,0.7916666666666667,0.6875,0.6875,0.6428571428571428,0.24926615215127945,0.16276566187540686,0.6845950484275818,0.8696630597114563,0.13033682107925415,0.9265088438987732,0.07349103689193726,0.8128172755241394,0.18718260526657104,0.6919666940724175,0.5333333333333333,0.6666666666666666,0.5,1.0,0.4444444444444444,0.75,0.5625,0.5625,0.625,0.2494098475965103,0.029342027505238844,0.6760730743408203,0.8696630597114563,0.13033682107925415,0.9265088438987732,0.07349103689193726,0.8128172755241394,0.18718260526657104,0.0,-0.08333333333333337,-0.13342363437016802,-0.04166666666666674,-0.017857142857142794,-0.125,-0.19670388091440727,-0.125,0.00014369544523085143,-0.07017543859649122,-0.008521974086761475,0.0,0.0,0.0,-0.1333333333333333,0.0002873600509647467,0.0,0.0,0.0
14,3,5,"[4, 7, 8]","[0, 1, 2, 3, 5, 6, 9, 10, 11, 12, 13, 14, 15, 16, 17]",3,15,20,0.6911182365153349,0.7333333333333333,0.8,0.6666666666666666,1.0,0.7,0.8333333333333333,0.7142857142857143,0.7142857142857143,0.6785714285714286,0.2489855542184423,0.230323855082194,0.6819927096366882,0.8684366345405579,0.13156330585479736,0.9287773966789246,0.07122260332107544,0.8080958724021912,0.19190412759780884,0.6911796384176194,0.6666666666666666,0.7058823529411765,0.6666666666666666,0.75,0.660633484162896,0.6666666666666666,0.6607142857142857,0.6607142857142857,0.6785714285714286,0.24901624931441263,0.16406209866205845,0.6776294112205505,0.8684366345405579,0.13156330585479736,0.9287773966789246,0.07122260332107544,0.8080958724021912,0.19190412759780884,-0.25,0.0,-0.06626175642013554,-0.16666666666666663,0.0,-0.0535714285714286,-0.03936651583710393,-0.0535714285714286,3.0695095970340036e-05,-0.09411764705882353,-0.004363298416137695,0.0,0.0,0.0,-0.06666666666666665,6.140190228454134e-05,0.0,0.0,0.0
14,3,6,"[0, 1, 14]","[2, 3, 4, 5, 6, 7, 8, 9, 10, 11, 12, 13, 15, 16, 17]",3,15,20,0.6906346575277734,0.7333333333333333,0.8,0.6666666666666666,1.0,0.7,0.8333333333333333,0.7142857142857143,0.7142857142857143,0.6607142857142857,0.24874384026100133,0.22981181144714347,0.6790087223052979,0.8789713382720947,0.12102866172790527,0.9372273087501526,0.06277269124984741,0.8207154273986816,0.17928457260131836,0.6905343827245974,0.7333333333333333,0.8,0.6666666666666666,1.0,0.7,0.8333333333333333,0.7142857142857143,0.7142857142857143,0.6607142857142857,0.2486937276160959,0.22963908116022735,0.676807701587677,0.8789713382720947,0.12102866172790527,0.9372273087501526,0.06277269124984741,0.8207154273986816,0.17928457260131836,0.0,0.0,-0.0001727302869161118,0.0,0.0,0.0,0.0,0.0,-5.011264490542566e-05,0.0,-0.0022010207176208496,0.0,0.0,0.0,0.0,-0.00010027480317598148,0.0,0.0,0.0
14,6,1,"[0, 5, 9, 11, 13, 14]","[1, 2, 3, 4, 6, 7, 8, 10, 12, 15, 16, 17]",6,12,20,0.6909987498630098,0.6666666666666666,0.75,0.6,1.0,0.625,0.8,0.6666666666666666,0.6666666666666666,0.6388888888888888,0.24892590391315403,0.16278531153996778,0.7063332200050354,0.8725904226303101,0.12740951776504517,0.929653525352478,0.07034647464752197,0.8155273795127869,0.18447262048721313,0.6912816574605823,0.5833333333333334,0.7058823529411765,0.5454545454545454,1.0,0.4957983193277311,0.7727272727272727,0.5833333333333334,0.5833333333333334,0.6388888888888888,0.24906734734600633,0.0796866615613302,0.695757269859314,0.8725904226303101,0.12740951776504517,0.929653525352478,0.07034647464752197,0.8155273795127869,0.18447262048721313,0.0,-0.054545454545454564,-0.08309864997863758,-0.027272727272727337,0.0,-0.08333333333333326,-0.1292016806722689,-0.08333333333333326,0.00014144343285230065,-0.044117647058823484,-0.010575950145721436,0.0,0.0,0.0,-0.08333333333333326,0.0002829075975725459,0.0,0.0,0.0
14,6,2,"[3, 6, 8, 10, 12, 16]","[0, 1, 2, 4, 5, 7, 9, 11, 13, 14, 15, 17]",6,12,20,0.6912324575781265,0.5833333333333334,0.7058823529411765,0.5454545454545454,1.0,0.4957983193277311,0.7727272727272727,0.5833333333333334,0.5833333333333334,0.6388888888888888,0.24904274188207007,0.07913174231847131,0.70280522108078,0.8670342564582825,0.13296568393707275,0.9253493547439575,0.07465064525604248,0.8087191581726074,0.19128084182739258,0.6913029580138819,0.5833333333333334,0.7058823529411765,0.5454545454545454,1.0,0.4957983193277311,0.7727272727272727,0.5833333333333334,0.5833333333333334,0.6666666666666667,0.2490780047843575,0.07934704919656121,0.6916874051094055,0.8670342564582825,0.13296568393707275,0.9253493547439575,0.07465064525604248,0.8087191581726074,0.19128084182739258,0.0,0.0,0.00021530687808990479,0.0,0.0277777777777779,0.0,0.0,0.0,3.526290228741957e-05,0.0,-0.011117815971374512,0.0,0.0,0.0,0.0,7.05004357554051e-05,0.0,0.0,0.0
14,6,3,"[1, 2, 4, 7, 15, 17]","[0, 3, 5, 6, 8, 9, 10, 11, 12, 13, 14, 16]",6,12,20,0.6921939944295955,0.75,0.8,0.6666666666666666,1.0,0.7333333333333334,0.8333333333333333,0.75,0.75,0.6111111111111112,0.24952338625850223,0.24736698468526208,0.6908624768257141,0.8765715956687927,0.12342846393585205,0.9343888163566589,0.06561124324798584,0.8187543749809265,0.18124568462371826,0.6920520750129616,0.75,0.8,0.6666666666666666,1.0,0.7333333333333334,0.8333333333333333,0.75,0.75,0.6111111111111112,0.24945243990844093,0.24744349221388495,0.6803588271141052,0.8765715956687927,0.12342846393585205,0.9343888163566589,0.06561124324798584,0.8187543749809265,0.18124568462371826,0.0,0.0,7.650752862287113e-05,0.0,0.0,0.0,0.0,0.0,-7.094635006130168e-05,0.0,-0.010503649711608887,0.0,0.0,0.0,0.0,-0.0001419194166338844,0.0,0.0,0.0
14,9,1,"[0, 1, 5, 7, 8, 10, 12, 16, 17]","[2, 3, 4, 6, 9, 11, 13, 14, 15]",9,9,20,0.6928427074185639,0.6666666666666666,0.7272727272727273,0.5714285714285714,1.0,0.6493506493506493,0.7857142857142857,0.7,0.7,0.6,0.2498478021934259,0.16378683514065207,0.7106494307518005,0.8783845901489258,0.121615469455719,0.9365871548652649,0.06341284513473511,0.8201820254325867,0.17981797456741333,0.6927508665617371,0.5555555555555556,0.6666666666666666,0.5,1.0,0.5,0.75,0.6,0.6,0.6,0.24980186930448214,0.052848756313323975,0.6943396925926208,0.8783845901489258,0.121615469455719,0.9365871548652649,0.06341284513473511,0.8201820254325867,0.17981797456741333,0.0,-0.0714285714285714,-0.11093807882732809,-0.0357142857142857,0.0,-0.09999999999999998,-0.14935064935064934,-0.09999999999999998,-4.593288894375047e-05,-0.06060606060606066,-0.016309738159179688,0.0,0.0,0.0,-0.11111111111111105,-9.184085682678589e-05,0.0,0.0,0.0
14,9,2,"[2, 3, 4, 6, 9, 11, 13, 14, 15]","[0, 1, 5, 7, 8, 10, 12, 16, 17]",9,9,20,0.69010739430164,0.6666666666666666,0.7692307692307693,0.625,1.0,0.5846153846153846,0.8125,0.625,0.625,0.6,0.24848022275406764,0.16240249739752877,0.7510356903076172,0.8657463192939758,0.13425374031066895,0.9230073690414429,0.07699263095855713,0.8084852695465088,0.1915147304534912,0.6903587552156019,0.7777777777777778,0.8333333333333334,0.7142857142857143,1.0,0.75,0.8571428571428572,0.75,0.75,0.6,0.248605868735248,0.27416473627090454,0.7300609946250916,0.8657463192939758,0.13425374031066895,0.9230073690414429,0.07699263095855713,0.8084852695465088,0.1915147304534912,0.0,0.0892857142857143,0.11176223887337577,0.044642857142857206,0.0,0.125,0.16538461538461535,0.125,0.00012564598118036674,0.0641025641025641,-0.020974695682525635,0.0,0.0,0.0,0.11111111111111116,0.0002513609139618289,0.0,0.0,0.0
14,12,1,"[0, 1, 2, 6, 8, 9, 11, 12, 13, 15, 16, 17]","[3, 4, 5, 7, 10, 14]",12,6,20,0.6892085561551816,0.6666666666666666,0.75,0.6,1.0,0.625,0.8,0.6666666666666666,0.6666666666666666,0.888888888888889,0.24803089007696558,0.16273259123166395,0.7997174263000488,0.8908753395080566,0.10912466049194336,0.949364960193634,0.05063503980636597,0.8323856592178345,0.16761434078216553,0.690906103574708,0.5,0.6666666666666666,0.5,1.0,0.3333333333333333,0.25,0.5,0.5,0.6666666666666667,0.24887957996217777,0.003404607375462887,0.7668271064758301,0.8908753395080566,0.10912466049194336,0.949364960193634,0.05063503980636597,0.8323856592178345,0.16761434078216553,0.0,-0.09999999999999998,-0.15932798385620106,-0.55,-0.2222222222222222,-0.16666666666666663,-0.2916666666666667,-0.16666666666666663,0.0008486898852121949,-0.08333333333333337,-0.03289031982421875,0.0,0.0,0.0,-0.16666666666666663,0.001697547419526435,0.0,0.0,0.0
14,12,2,"[0, 3, 4, 6, 9, 10, 11, 12, 13, 15, 16, 17]","[1, 2, 5, 7, 8, 14]",12,6,20,0.6916125508472467,0.5,0.6666666666666666,0.5,1.0,0.3333333333333333,0.25,0.5,0.5,0.5555555555555556,0.24923282256777904,0.005044519901275635,0.858196496963501,0.8658119440078735,0.1341879963874817,0.9138100743293762,0.08618992567062378,0.8178138732910156,0.18218612670898438,0.6921307141502161,0.5,0.6666666666666666,0.5,1.0,0.3333333333333333,0.25,0.5,0.5,0.5555555555555556,0.24949187060017644,0.004790842533111572,0.7974340915679932,0.8658119440078735,0.1341879963874817,0.9138100743293762,0.08618992567062378,0.8178138732910156,0.18218612670898438,0.0,0.0,-0.0002536773681640625,0.0,0.0,0.0,0.0,0.0,0.00025904803239740204,0.0,-0.06076240539550781,0.0,0.0,0.0,0.0,0.0005181633029693877,0.0,0.0,0.0
14,12,3,"[0, 1, 3, 5, 6, 7, 8, 9, 12, 14, 15, 16]","[2, 4, 10, 11, 13, 17]",12,6,20,0.6923799261051151,0.6666666666666666,0.75,0.6,1.0,0.625,0.8,0.6666666666666666,0.6666666666666666,0.5555555555555556,0.24961635711420463,0.16450233260790503,0.7702683210372925,0.8696156740188599,0.1303843855857849,0.9323047399520874,0.0676952600479126,0.8069265484809875,0.19307345151901245,0.6933011780612057,0.6666666666666666,0.75,0.6,1.0,0.625,0.8,0.6666666666666666,0.6666666666666666,0.5555555555555556,0.2500769894013075,0.1647764046986897,0.7421535849571228,0.8696156740188599,0.1303843855857849,0.9323047399520874,0.0676952600479126,0.8069265484809875,0.19307345151901245,0.0,0.0,0.00027407209078467165,0.0,0.0,0.0,0.0,0.0,0.0004606322871028856,0.0,-0.028114736080169678,0.0,0.0,0.0,0.0,0.0009212519560906074,0.0,0.0,0.0
15,3,1,"[4, 6, 14]","[0, 1, 2, 3, 5, 7, 8, 9, 10, 11, 12, 13, 15, 16, 17]",3,15,20,0.6937558915458565,0.4666666666666667,0.5,0.4,0.6666666666666666,0.4642857142857143,0.5,0.5,0.5,0.5,0.25030434067114055,0.035976970195770286,0.6810483336448669,0.8904170393943787,0.10958284139633179,0.959429144859314,0.040570735931396484,0.8214049339294434,0.17859500646591187,0.6938060854671996,0.4666666666666667,0.5,0.4,0.6666666666666666,0.4642857142857143,0.5,0.5,0.5,0.5,0.2503294198626093,0.03595645030339556,0.5897306799888611,0.8904170393943787,0.10958284139633179,0.959429144859314,0.040570735931396484,0.8214049339294434,0.17859500646591187,0.0,0.0,-2.051989237472629e-05,0.0,0.0,0.0,0.0,0.0,2.507919146876869e-05,0.0,-0.09131765365600586,0.0,0.0,0.0,0.0,5.019392134308909e-05,0.0,0.0,0.0
15,3,2,"[0, 11, 16]","[1, 2, 3, 4, 5, 6, 7, 8, 9, 10, 12, 13, 14, 15, 17]",3,15,20,0.6934044784812795,0.4666666666666667,0.5,0.4,0.6666666666666666,0.4642857142857143,0.5,0.5,0.5,0.5,0.25012865397391704,0.03534208536148076,0.5889012217521667,0.891674280166626,0.10832560062408447,0.958949863910675,0.0410500168800354,0.8243986368179321,0.17560124397277832,0.6933558402736132,0.5333333333333333,0.5333333333333333,0.4444444444444444,0.6666666666666666,0.5333333333333333,0.5555555555555556,0.5555555555555556,0.5555555555555556,0.48148148148148145,0.2501043260686941,0.0313277125358582,0.5862998962402344,0.891674280166626,0.10832560062408447,0.958949863910675,0.0410500168800354,0.8243986368179321,0.17560124397277832,0.0,0.0444444444444444,-0.004014372825622559,0.05555555555555558,-0.018518518518518545,0.05555555555555558,0.06904761904761902,0.05555555555555558,-2.4327905222942814e-05,0.033333333333333326,-0.002601325511932373,0.0,0.0,0.0,0.06666666666666665,-4.863820766631832e-05,0.0,0.0,0.0
15,3,3,"[1, 5, 12]","[0, 2, 3, 4, 6, 7, 8, 9, 10, 11, 13, 14, 15, 16, 17]",3,15,20,0.6939599529566602,0.4666666666666667,0.5,0.4,0.6666666666666666,0.4642857142857143,0.5,0.5,0.5,0.4814814814814815,0.25040635792661514,0.03559132814407351,0.5935109257698059,0.8895131945610046,0.11048674583435059,0.9585815668106079,0.041418373584747314,0.8204448223114014,0.17955511808395386,0.6937193113782504,0.5333333333333333,0.5333333333333333,0.4444444444444444,0.6666666666666666,0.5333333333333333,0.5555555555555556,0.5555555555555556,0.5555555555555556,0.462962962962963,0.2502860501437381,0.03109995126724241,0.5935916304588318,0.8895131945610046,0.11048674583435059,0.9585815668106079,0.041418373584747314,0.8204448223114014,0.17955511808395386,0.0,0.0444444444444444,-0.004491376876831099,0.05555555555555558,-0.01851851851851849,0.05555555555555558,0.06904761904761902,0.05555555555555558,-0.00012030778287702715,0.033333333333333326,8.07046890258789e-05,0.0,0.0,0.0,0.06666666666666665,-0.00024064157840986145,0.0,0.0,0.0
15,3,4,"[7, 15, 17]","[0, 1, 2, 3, 4, 5, 6, 8, 9, 10, 11, 12, 13, 14, 16]",3,15,20,0.6941546563062961,0.4666666666666667,0.5,0.4,0.6666666666666666,0.4642857142857143,0.5,0.5,0.5,0.46296296296296297,0.25050371615693207,0.035788329442342115,0.5840412378311157,0.8929662704467773,0.10703372955322266,0.9592881202697754,0.04071187973022461,0.8266444802284241,0.17335551977157593,0.6941335441699993,0.4666666666666667,0.5,0.4,0.6666666666666666,0.4642857142857143,0.5,0.5,0.5,0.4814814814814815,0.25049315616292245,0.03574182987213137,0.5836715698242188,0.8929662704467773,0.10703372955322266,0.9592881202697754,0.04071187973022461,0.8266444802284241,0.17335551977157593,0.0,0.0,-4.6499570210745134e-05,0.0,0.018518518518518545,0.0,0.0,0.0,-1.0559994009617935e-05,0.0,-0.00036966800689697266,0.0,0.0,0.0,0.0,-2.111213629685249e-05,0.0,0.0,0.0
15,3,5,"[3, 8, 10]","[0, 1, 2, 4, 5, 6, 7, 9, 11, 12, 13, 14, 15, 16, 17]",3,15,20,0.6923236573980974,0.6,0.625,0.5,0.8333333333333334,0.5982142857142857,0.65,0.6388888888888888,0.6388888888888888,0.6851851851851852,0.2495882384454889,0.0978472868601481,0.5917322039604187,0.8907432556152344,0.10925668478012085,0.9590023756027222,0.04099756479263306,0.8224840760231018,0.17751580476760864,0.6921638581656334,0.6,0.5714285714285714,0.5,0.6666666666666666,0.5982142857142857,0.6071428571428572,0.6111111111111112,0.6111111111111112,0.6851851851851852,0.24950833567271527,0.09777943690617874,0.5906459093093872,0.8907432556152344,0.10925668478012085,0.9590023756027222,0.04099756479263306,0.8224840760231018,0.17751580476760864,-0.16666666666666674,0.0,-6.784995396935667e-05,-0.042857142857142816,0.0,-0.02777777777777768,0.0,-0.02777777777777768,-7.990277277364344e-05,-0.0535714285714286,-0.0010862946510314941,0.0,0.0,0.0,0.0,-0.0001597992324640085,0.0,0.0,0.0
15,3,6,"[2, 9, 13]","[0, 1, 3, 4, 5, 6, 7, 8, 10, 11, 12, 14, 15, 16, 17]",3,15,20,0.6936221554006018,0.5333333333333333,0.5333333333333333,0.4,0.8,0.5333333333333333,0.6000000000000001,0.6000000000000001,0.6000000000000001,0.5800000000000001,0.2502374737065851,0.030872646967569972,0.5922219753265381,0.8917275071144104,0.10827237367630005,0.9601567387580872,0.03984314203262329,0.8232982754707336,0.17670166492462158,0.6942455317315985,0.4666666666666667,0.5,0.36363636363636365,0.8,0.4642857142857143,0.5568181818181819,0.55,0.55,0.54,0.2505491529091117,0.036130670706431056,0.5917017459869385,0.8917275071144104,0.10827237367630005,0.9601567387580872,0.03984314203262329,0.8232982754707336,0.17670166492462158,0.0,-0.036363636363636376,0.005258023738861084,-0.04318181818181821,-0.040000000000000036,-0.050000000000000044,-0.06904761904761902,-0.050000000000000044,0.00031167920252661574,-0.033333333333333326,-0.0005202293395996094,0.0,0.0,0.0,-0.06666666666666665,0.0006233763309967388,0.0,0.0,0.0
15,6,1,"[4, 7, 8, 10, 11, 16]","[0, 1, 2, 3, 5, 6, 9, 12, 13, 14, 15, 17]",6,12,20,0.6942692430136876,0.5,0.5714285714285714,0.4444444444444444,0.8,0.4857142857142857,0.5555555555555556,0.5428571428571429,0.5428571428571429,0.48571428571428577,0.2505610009838924,0.0023808876673380164,0.6136258840560913,0.8921045064926147,0.1078953742980957,0.9587252140045166,0.04127466678619385,0.8254837989807129,0.17451608180999756,0.6943430243976376,0.5,0.5714285714285714,0.4444444444444444,0.8,0.4857142857142857,0.5555555555555556,0.5428571428571429,0.5428571428571429,0.4,0.25059789628252105,0.0021692216396331787,0.6152926087379456,0.8921045064926147,0.1078953742980957,0.9587252140045166,0.04127466678619385,0.8254837989807129,0.17451608180999756,0.0,0.0,-0.00021166602770483767,0.0,-0.08571428571428574,0.0,0.0,0.0,3.689529862865859e-05,0.0,0.001666724681854248,0.0,0.0,0.0,0.0,7.378138394997791e-05,0.0,0.0,0.0
15,6,2,"[0, 2, 9, 13, 14, 15]","[1, 3, 4, 5, 6, 7, 8, 10, 11, 12, 16, 17]",6,12,20,0.6930492721195808,0.5,0.5,0.375,0.75,0.5,0.5625,0.5625,0.5625,0.625,0.2499510613211524,0.002307559053103092,0.6062217950820923,0.8927733898162842,0.10722655057907104,0.9606539607048035,0.03934597969055176,0.8248927593231201,0.1751071810722351,0.693316672678486,0.3333333333333333,0.3333333333333333,0.25,0.5,0.3333333333333333,0.375,0.375,0.375,0.53125,0.2500847431400677,0.16900051136811572,0.6085118651390076,0.8927733898162842,0.10722655057907104,0.9606539607048035,0.03934597969055176,0.8248927593231201,0.1751071810722351,-0.25,-0.125,0.16669295231501263,-0.1875,-0.09375,-0.1875,-0.16666666666666669,-0.1875,0.00013368181891526554,-0.16666666666666669,0.002290070056915283,0.0,0.0,0.0,-0.16666666666666669,0.0002674005589051731,0.0,0.0,0.0
15,6,3,"[1, 3, 5, 6, 12, 17]","[0, 2, 4, 7, 8, 9, 10, 11, 13, 14, 15, 16]",6,12,20,0.693291880911127,0.5,0.5,0.42857142857142855,0.6,0.5,0.5142857142857142,0.5142857142857142,0.5142857142857142,0.5428571428571429,0.25007232813529456,0.0023009429375330237,0.596165657043457,0.8886489272117615,0.11135101318359375,0.9583248496055603,0.04167509078979492,0.8189730048179626,0.18102693557739258,0.693001125900761,0.5,0.5,0.42857142857142855,0.6,0.5,0.5142857142857142,0.5142857142857142,0.5142857142857142,0.5428571428571429,0.2499269615791079,0.002314587434132931,0.5905513167381287,0.8886489272117615,0.11135101318359375,0.9583248496055603,0.04167509078979492,0.8189730048179626,0.18102693557739258,0.0,0.0,1.3644496599907185e-05,0.0,0.0,0.0,0.0,0.0,-0.00014536655618666017,0.0,-0.005614340305328369,0.0,0.0,0.0,0.0,-0.00029075501036601725,0.0,0.0,0.0
15,9,1,"[2, 3, 5, 8, 12, 13, 14, 16, 17]","[0, 1, 4, 6, 7, 9, 10, 11, 15]",9,9,20,0.6942041403495111,0.4444444444444444,0.5454545454545454,0.42857142857142855,0.75,0.41558441558441556,0.4642857142857143,0.475,0.475,0.39999999999999997,0.25052845042869076,0.058040400346120236,0.6431540250778198,0.8914541602134705,0.10854578018188477,0.9579228758811951,0.04207700490951538,0.8249854445457458,0.17501449584960938,0.6936712012538646,0.4444444444444444,0.5454545454545454,0.42857142857142855,0.75,0.41558441558441556,0.4642857142857143,0.475,0.475,0.39999999999999997,0.25026200927852776,0.057705309655931236,0.6384212970733643,0.8914541602134705,0.10854578018188477,0.9579228758811951,0.04207700490951538,0.8249854445457458,0.17501449584960938,0.0,0.0,-0.0003350906901889994,0.0,0.0,0.0,0.0,0.0,-0.0002664411501629993,0.0,-0.004732728004455566,0.0,0.0,0.0,0.0,-0.0005329390956464453,0.0,0.0,0.0
15,9,2,"[0, 1, 4, 6, 7, 9, 10, 11, 15]","[2, 3, 5, 8, 12, 13, 14, 16, 17]",9,9,20,0.6928695825155186,0.5555555555555556,0.5,0.4,0.6666666666666666,0.55,0.575,0.5833333333333333,0.5833333333333333,0.6666666666666667,0.24986121252160517,0.05338084697723389,0.6376489400863647,0.8908970355987549,0.10910296440124512,0.9605463743209839,0.03945356607437134,0.8212476372718811,0.17875230312347412,0.6925986033390895,0.6666666666666666,0.5714285714285714,0.5,0.6666666666666666,0.6493506493506493,0.65,0.6666666666666666,0.6666666666666666,0.5555555555555555,0.24972570345126302,0.16441862450705635,0.6352108120918274,0.8908970355987549,0.10910296440124512,0.9605463743209839,0.03945356607437134,0.8212476372718811,0.17875230312347412,0.0,0.09999999999999998,0.11103777752982247,0.07500000000000007,-0.11111111111111127,0.08333333333333337,0.0993506493506493,0.08333333333333337,-0.00013550907034215465,0.0714285714285714,-0.0024381279945373535,0.0,0.0,0.0,0.11111111111111105,-0.00027097917642904257,0.0,0.0,0.0
15,12,1,"[1, 3, 4, 5, 6, 8, 11, 12, 13, 15, 16, 17]","[0, 2, 7, 9, 10, 14]",12,6,20,0.695402936657417,0.3333333333333333,0.0,0.0,0.0,0.25,0.25,0.25,0.25,0.375,0.25112783143388223,0.16922019918759662,0.7488923072814941,0.8926967978477478,0.10730308294296265,0.9569966197013855,0.04300332069396973,0.8283969759941101,0.17160296440124512,0.6952510515175429,0.3333333333333333,0.0,0.0,0.0,0.25,0.25,0.25,0.25,0.375,0.2510518819655358,0.16971446077028912,0.7367892265319824,0.8926967978477478,0.10730308294296265,0.9569966197013855,0.04300332069396973,0.8283969759941101,0.17160296440124512,0.0,0.0,0.0004942615826925012,0.0,0.0,0.0,0.0,0.0,-7.594946834643679e-05,0.0,-0.012103080749511719,0.0,0.0,0.0,0.0,-0.00015188513987418606,0.0,0.0,0.0
15,12,2,"[0, 1, 2, 5, 6, 7, 9, 11, 12, 15, 16, 17]","[3, 4, 8, 10, 13, 14]",12,6,20,0.6953504137714809,0.3333333333333333,0.3333333333333333,0.25,0.5,0.3333333333333333,0.375,0.375,0.375,0.25,0.2511015738288573,0.16898929079373676,0.7237387299537659,0.892250657081604,0.10774928331375122,0.9601979851722717,0.039801955223083496,0.824303388595581,0.17569661140441895,0.6955792634467265,0.3333333333333333,0.3333333333333333,0.25,0.5,0.3333333333333333,0.375,0.375,0.375,0.25,0.2512159967463801,0.16906048854192096,0.7150468230247498,0.892250657081604,0.10774928331375122,0.9601979851722717,0.039801955223083496,0.824303388595581,0.17569661140441895,0.0,0.0,7.11977481842041e-05,0.0,0.0,0.0,0.0,0.0,0.0001144229175228384,0.0,-0.008691906929016113,0.0,0.0,0.0,0.0,0.00022884967524561262,0.0,0.0,0.0
15,12,3,"[1, 2, 5, 6, 7, 9, 11, 12, 13, 14, 16, 17]","[0, 3, 4, 8, 10, 15]",12,6,20,0.6983401034623357,0.16666666666666666,0.2857142857142857,0.2,0.5,0.14285714285714285,0.1,0.25,0.25,0.125,0.25259635401997,0.3363879223664602,0.704850971698761,0.8930003643035889,0.10699951648712158,0.9607521295547485,0.03924781084060669,0.8252485990524292,0.17475134134292603,0.6991561473348783,0.0,0.0,0.0,0.0,0.0,0.0,0.0,0.0,0.0,0.253004389170657,0.5029897689819336,0.697025716304779,0.8930003643035889,0.10699951648712158,0.9607521295547485,0.03924781084060669,0.8252485990524292,0.17475134134292603,-0.5,-0.2,0.1666018466154734,-0.1,-0.125,-0.25,-0.14285714285714285,-0.25,0.0004080351506869917,-0.2857142857142857,-0.007825255393981934,0.0,0.0,0.0,-0.16666666666666666,0.0008160438725426378,0.0,0.0,0.0
16,3,1,"[2, 3, 16]","[0, 1, 4, 5, 6, 7, 8, 9, 10, 11, 12, 13, 14, 15, 17]",3,15,20,0.6917194879507654,0.5333333333333333,0.0,0.0,0.0,0.34782608695652173,0.26666666666666666,0.5,0.5,0.6964285714285714,0.24928617585579307,0.0303443272908529,0.8590229749679565,0.89835524559021,0.10164475440979004,0.9484015107154846,0.05159848928451538,0.8483090400695801,0.15169095993041992,0.6916120219678947,0.5333333333333333,0.0,0.0,0.0,0.34782608695652173,0.26666666666666666,0.5,0.5,0.6964285714285714,0.2492324637422369,0.02976402044296267,0.7596415877342224,0.89835524559021,0.10164475440979004,0.9484015107154846,0.05159848928451538,0.8483090400695801,0.15169095993041992,0.0,0.0,-0.0005803068478902329,0.0,0.0,0.0,0.0,0.0,-5.371211355617578e-05,0.0,-0.09938138723373413,0.0,0.0,0.0,0.0,-0.00010746598287070253,0.0,0.0,0.0
16,3,2,"[1, 5, 17]","[0, 2, 3, 4, 6, 7, 8, 9, 10, 11, 12, 13, 14, 15, 16]",3,15,20,0.6910707834960755,0.5333333333333333,0.0,0.0,0.0,0.34782608695652173,0.26666666666666666,0.5,0.5,0.6964285714285714,0.24896186331166562,0.03023186524709065,0.765516459941864,0.8971491456031799,0.10285091400146484,0.9468761086463928,0.05312395095825195,0.847422182559967,0.15257787704467773,0.6910469741974334,0.5333333333333333,0.0,0.0,0.0,0.34782608695652173,0.26666666666666666,0.5,0.5,0.75,0.24894998548166647,0.029293266932169604,0.7663902640342712,0.8971491456031799,0.10285091400146484,0.9468761086463928,0.05312395095825195,0.847422182559967,0.15257787704467773,0.0,0.0,-0.0009385983149210464,0.0,0.0535714285714286,0.0,0.0,0.0,-1.1877829999146217e-05,0.0,0.0008738040924072266,0.0,0.0,0.0,0.0,-2.38092986420968e-05,0.0,0.0,0.0
16,3,3,"[0, 7, 12]","[1, 2, 3, 4, 5, 6, 8, 9, 10, 11, 13, 14, 15, 16, 17]",3,15,20,0.6917870847724774,0.5333333333333333,0.0,0.0,0.0,0.34782608695652173,0.26666666666666666,0.5,0.5,0.5714285714285714,0.24931999722170967,0.03024280865987139,0.7614567279815674,0.9011444449424744,0.09885549545288086,0.9511558413505554,0.04884415864944458,0.8511330485343933,0.1488669514656067,0.6917617099652326,0.5333333333333333,0.0,0.0,0.0,0.34782608695652173,0.26666666666666666,0.5,0.5,0.5357142857142857,0.2493073277276513,0.029831306139628033,0.7475168704986572,0.9011444449424744,0.09885549545288086,0.9511558413505554,0.04884415864944458,0.8511330485343933,0.1488669514656067,0.0,0.0,-0.00041150252024335643,0.0,-0.0357142857142857,0.0,0.0,0.0,-1.2669494058370478e-05,0.0,-0.013939857482910156,0.0,0.0,0.0,0.0,-2.5374807244848974e-05,0.0,0.0,0.0
16,3,4,"[6, 11, 13]","[0, 1, 2, 3, 4, 5, 7, 8, 9, 10, 12, 14, 15, 16, 17]",3,15,20,0.6901410790293634,0.6,0.0,0.0,0.0,0.375,0.3,0.5,0.5,0.7592592592592593,0.24849701398747512,0.09673779010772698,0.7621878385543823,0.9012795686721802,0.09872043132781982,0.9489439725875854,0.05105602741241455,0.8536151647567749,0.1463848352432251,0.6904865898108173,0.6666666666666666,0.2857142857142857,1.0,0.16666666666666666,0.5341614906832298,0.8214285714285714,0.5833333333333334,0.5833333333333334,0.7777777777777778,0.24866975623938917,0.1640977064768473,0.7555669546127319,0.9012795686721802,0.09872043132781982,0.9489439725875854,0.05105602741241455,0.8536151647567749,0.1463848352432251,0.16666666666666666,1.0,0.06735991636912031,0.5214285714285714,0.01851851851851849,0.08333333333333337,0.15916149068322982,0.08333333333333337,0.00017274225191404868,0.2857142857142857,-0.006620883941650391,0.0,0.0,0.0,0.06666666666666665,0.0003455107814539504,0.0,0.0,0.0
16,3,5,"[8, 9, 14]","[0, 1, 2, 3, 4, 5, 6, 7, 10, 11, 12, 13, 15, 16, 17]",3,15,20,0.6910368956023792,0.5333333333333333,0.0,0.0,0.0,0.34782608695652173,0.26666666666666666,0.5,0.5,0.75,0.2489449175379822,0.029828854401906302,0.7826622128486633,0.8994563817977905,0.1005435585975647,0.9485451579093933,0.05145484209060669,0.8503676652908325,0.14963233470916748,0.6911787305591517,0.5333333333333333,0.0,0.0,0.0,0.34782608695652173,0.26666666666666666,0.5,0.5,0.7321428571428571,0.24901585783763588,0.02894537051518753,0.7728313207626343,0.8994563817977905,0.1005435585975647,0.9485451579093933,0.05145484209060669,0.8503676652908325,0.14963233470916748,0.0,0.0,-0.0008834838867187722,0.0,-0.017857142857142905,0.0,0.0,0.0,7.094029965368231e-05,0.0,-0.009830892086029053,0.0,0.0,0.0,0.0,0.0001418349567724464,0.0,0.0,0.0
16,3,6,"[4, 10, 15]","[0, 1, 2, 3, 5, 6, 7, 8, 9, 11, 12, 13, 14, 16, 17]",3,15,20,0.690920905878215,0.6,0.0,0.0,0.0,0.375,0.3,0.5,0.5,0.6296296296296297,0.2488869146902243,0.09673546155293777,0.7728532552719116,0.896276593208313,0.10372352600097656,0.9454291462898254,0.054570913314819336,0.8471239805221558,0.152876079082489,0.6910232550820494,0.6,0.0,0.0,0.0,0.375,0.3,0.5,0.5,0.6481481481481481,0.24893808285611108,0.09705437421798702,0.7603229880332947,0.896276593208313,0.10372352600097656,0.9454291462898254,0.054570913314819336,0.8471239805221558,0.152876079082489,0.0,0.0,0.00031891266504924243,0.0,0.01851851851851849,0.0,0.0,0.0,5.116816588676687e-05,0.0,-0.012530267238616943,0.0,0.0,0.0,0.0,0.0001023492038344509,0.0,0.0,0.0
16,6,1,"[4, 8, 9, 11, 12, 14]","[0, 1, 2, 3, 5, 6, 7, 10, 13, 15, 16, 17]",6,12,20,0.6906583466570527,0.5833333333333334,0.0,0.0,0.0,0.3684210526315789,0.2916666666666667,0.5,0.5,0.6571428571428573,0.24875564547131127,0.07973512013753259,0.7918201088905334,0.9015661478042603,0.0984337329864502,0.9491005539894104,0.050899386405944824,0.8540318012237549,0.14596813917160034,0.690535563249982,0.5833333333333334,0.0,0.0,0.0,0.3684210526315789,0.2916666666666667,0.5,0.5,0.7428571428571429,0.24869427272449918,0.07966535786787676,0.7767239809036255,0.9015661478042603,0.0984337329864502,0.9491005539894104,0.050899386405944824,0.8540318012237549,0.14596813917160034,0.0,0.0,-6.976226965582644e-05,0.0,0.08571428571428563,0.0,0.0,0.0,-6.137274681208837e-05,0.0,-0.015096127986907959,0.0,0.0,0.0,0.0,-0.00012278340707072566,0.0,0.0,0.0
16,6,2,"[0, 2, 3, 15, 16, 17]","[1, 4, 5, 6, 7, 8, 9, 10, 11, 12, 13, 14]",6,12,20,0.6921637043974599,0.5,0.0,0.0,0.0,0.3333333333333333,0.25,0.5,0.5,0.6944444444444445,0.24950828350457596,0.0027966896692911414,0.800495982170105,0.8919302225112915,0.1080697774887085,0.9444587230682373,0.05554121732711792,0.8394016623497009,0.1605982780456543,0.6922964070561327,0.5,0.0,0.0,0.0,0.3333333333333333,0.25,0.5,0.5,0.6666666666666667,0.2495746317101196,0.0036890854438146325,0.7857379913330078,0.8919302225112915,0.1080697774887085,0.9444587230682373,0.05554121732711792,0.8394016623497009,0.1605982780456543,0.0,0.0,0.0008923957745234912,0.0,-0.02777777777777779,0.0,0.0,0.0,6.634820554363152e-05,0.0,-0.014757990837097168,0.0,0.0,0.0,0.0,0.00013270265867282305,0.0,0.0,0.0
16,6,3,"[1, 5, 6, 7, 10, 13]","[0, 2, 3, 4, 8, 9, 11, 12, 14, 15, 16, 17]",6,12,20,0.6905160673101253,0.5833333333333334,0.0,0.0,0.0,0.3684210526315789,0.2916666666666667,0.5,0.5,0.6857142857142857,0.24868451232653777,0.08012212316195177,0.7658544778823853,0.903333306312561,0.09666669368743896,0.9511167407035828,0.048883259296417236,0.8555498719215393,0.1444501280784607,0.6905012149168935,0.5833333333333334,0.0,0.0,0.0,0.3684210526315789,0.2916666666666667,0.5,0.5,0.7428571428571429,0.24867709701290566,0.08038748304049181,0.7515287399291992,0.903333306312561,0.09666669368743896,0.9511167407035828,0.048883259296417236,0.8555498719215393,0.1444501280784607,0.0,0.0,0.00026535987854003906,0.0,0.05714285714285716,0.0,0.0,0.0,-7.4153136321031266e-06,0.0,-0.014325737953186035,0.0,0.0,0.0,0.0,-1.4852393231734595e-05,0.0,0.0,0.0
16,9,1,"[0, 2, 3, 4, 5, 10, 11, 14, 16]","[1, 6, 7, 8, 9, 12, 13, 15, 17]",9,9,20,0.6929456987043339,0.5555555555555556,0.0,0.0,0.0,0.35714285714285715,0.2777777777777778,0.5,0.5,0.35,0.2498992709049147,0.052617013454437256,0.8204670548439026,0.90142822265625,0.09857177734375,0.9493904709815979,0.050609469413757324,0.8534659147262573,0.14653396606445312,0.6929916680675076,0.5555555555555556,0.0,0.0,0.0,0.35714285714285715,0.2777777777777778,0.5,0.5,0.29999999999999993,0.2499222375135663,0.051545023918151855,0.7996759414672852,0.90142822265625,0.09857177734375,0.9493904709815979,0.050609469413757324,0.8534659147262573,0.14653396606445312,0.0,0.0,-0.0010719895362854004,0.0,-0.050000000000000044,0.0,0.0,0.0,2.296660865158673e-05,0.0,-0.02079111337661743,0.0,0.0,0.0,0.0,4.596936317369238e-05,0.0,0.0,0.0
16,9,2,"[1, 6, 7, 8, 9, 12, 13, 15, 17]","[0, 2, 3, 4, 5, 10, 11, 14, 16]",9,9,20,0.6892797529396808,0.5555555555555556,0.0,0.0,0.0,0.35714285714285715,0.2777777777777778,0.5,0.5,0.9,0.24806639610601414,0.052090075280931236,0.8110151290893555,0.8964582085609436,0.1035417914390564,0.9470601677894592,0.05293983221054077,0.845856249332428,0.15414375066757202,0.6889390683975005,0.5555555555555556,0.0,0.0,0.0,0.35714285714285715,0.2777777777777778,0.5,0.5,0.9,0.24789610596469724,0.05158141586515641,0.778322696685791,0.8964582085609436,0.1035417914390564,0.9470601677894592,0.05293983221054077,0.845856249332428,0.15414375066757202,0.0,0.0,-0.0005086594157748259,0.0,0.0,0.0,0.0,0.0,-0.00017029014131689224,0.0,-0.03269243240356445,0.0,0.0,0.0,0.0,-0.00034068454218028066,0.0,0.0,0.0
16,12,1,"[0, 1, 2, 3, 5, 6, 8, 9, 12, 13, 15, 17]","[4, 7, 10, 11, 14, 16]",12,6,20,0.6887371248931683,0.5,0.0,0.0,0.0,0.3333333333333333,0.25,0.5,0.5,1.0,0.24779513300322456,0.0036428868770599365,0.8696451187133789,0.8954458236694336,0.10455411672592163,0.9482887387275696,0.051711201667785645,0.8426028490066528,0.1573970913887024,0.6882874533885345,0.5,0.0,0.0,0.0,0.3333333333333333,0.25,0.5,0.5,1.0,0.2475703762605712,0.004566848278045654,0.8136813640594482,0.8954458236694336,0.10455411672592163,0.9482887387275696,0.051711201667785645,0.8426028490066528,0.1573970913887024,0.0,0.0,0.0009239614009857178,0.0,0.0,0.0,0.0,0.0,-0.0002247567426533481,0.0,-0.055963754653930664,0.0,0.0,0.0,0.0,-0.00044967150463381955,0.0,0.0,0.0
16,12,2,"[0, 1, 2, 3, 4, 6, 9, 10, 11, 13, 16, 17]","[5, 7, 8, 12, 14, 15]",12,6,20,0.6918217033661141,0.5,0.0,0.0,0.0,0.3333333333333333,0.25,0.5,0.5,0.7777777777777779,0.2493372992409899,0.0026914079984029504,0.8513476848602295,0.9038074016571045,0.09619253873825073,0.9507763981819153,0.04922354221343994,0.8568384647369385,0.14316147565841675,0.6921658095987145,0.5,0.0,0.0,0.0,0.3333333333333333,0.25,0.5,0.5,0.6666666666666667,0.24950934838030273,0.003475030263265011,0.8168787956237793,0.9038074016571045,0.09619253873825073,0.9507763981819153,0.04922354221343994,0.8568384647369385,0.14316147565841675,0.0,0.0,0.0007836222648620605,0.0,-0.11111111111111116,0.0,0.0,0.0,0.00017204913931281873,0.0,-0.034468889236450195,0.0,0.0,0.0,0.0,0.0003441062326003941,0.0,0.0,0.0
16,12,3,"[0, 5, 6, 7, 8, 9, 11, 12, 14, 15, 16, 17]","[1, 2, 3, 4, 10, 13]",12,6,20,0.6922175939162222,0.5,0.0,0.0,0.0,0.3333333333333333,0.25,0.5,0.5,0.5555555555555556,0.24953522778789608,0.002817779779434204,0.938651442527771,0.8941266536712646,0.10587328672409058,0.9456616044044495,0.05433833599090576,0.8425917625427246,0.15740817785263062,0.6916795609153379,0.6666666666666666,0.5,1.0,0.3333333333333333,0.625,0.8,0.6666666666666666,0.6666666666666666,0.5555555555555556,0.24926620497453658,0.1635772089163462,0.8914368152618408,0.8941266536712646,0.10587328672409058,0.9456616044044495,0.05433833599090576,0.8425917625427246,0.15740817785263062,0.3333333333333333,1.0,0.160759429136912,0.55,0.0,0.16666666666666663,0.2916666666666667,0.16666666666666663,-0.0002690228133594985,0.5,-0.047214627265930176,0.0,0.0,0.0,0.16666666666666663,-0.000538033000884286,0.0,0.0,0.0
17,3,1,"[3, 11, 16]","[0, 1, 2, 4, 5, 6, 7, 8, 9, 10, 12, 13, 14, 15, 17]",3,15,20,0.6951495607141609,0.4666666666666667,0.0,0.0,0.0,0.3181818181818182,0.25,0.4375,0.4375,0.2857142857142857,0.25100096570052044,0.0385887900988261,0.6854038834571838,0.8856586217880249,0.11434131860733032,0.9486287832260132,0.051371216773986816,0.8226885199546814,0.1773114800453186,0.6952532952583602,0.4666666666666667,0.0,0.0,0.0,0.3181818181818182,0.25,0.4375,0.4375,0.2857142857142857,0.2510528001447913,0.038991912206013946,0.5985819101333618,0.8856586217880249,0.11434131860733032,0.9486287832260132,0.051371216773986816,0.8226885199546814,0.1773114800453186,0.0,0.0,0.0004031221071878477,0.0,0.0,0.0,0.0,0.0,5.1834444270870694e-05,0.0,-0.08682197332382202,0.0,0.0,0.0,0.0,0.00010373454419931871,0.0,0.0,0.0
17,3,2,"[4, 15, 17]","[0, 1, 2, 3, 5, 6, 7, 8, 9, 10, 11, 12, 13, 14, 16]",3,15,20,0.6940152994633242,0.4666666666666667,0.0,0.0,0.0,0.3181818181818182,0.25,0.4375,0.4375,0.39285714285714285,0.2504339417935059,0.0386020421981812,0.5993598103523254,0.8845386505126953,0.11546128988265991,0.9476985931396484,0.05230140686035156,0.8213787078857422,0.1786212921142578,0.6939612729228593,0.4666666666666667,0.0,0.0,0.0,0.3181818181818182,0.25,0.4375,0.4375,0.39285714285714285,0.25040694094854565,0.038446799914042096,0.5968334078788757,0.8845386505126953,0.11546128988265991,0.9476985931396484,0.05230140686035156,0.8213787078857422,0.1786212921142578,0.0,0.0,-0.00015524228413910102,0.0,0.0,0.0,0.0,0.0,-2.7000844960267667e-05,0.0,-0.002526402473449707,0.0,0.0,0.0,0.0,-5.402654046493538e-05,0.0,0.0,0.0
17,3,3,"[0, 2, 7]","[1, 3, 4, 5, 6, 8, 9, 10, 11, 12, 13, 14, 15, 16, 17]",3,15,20,0.6916253754670462,0.6,0.0,0.0,0.0,0.375,0.3,0.5,0.5,0.4444444444444444,0.2492390870438479,0.09455231825510657,0.6050627827644348,0.8876195549964905,0.11238044500350952,0.9490955471992493,0.05090445280075073,0.8261435627937317,0.1738564372062683,0.6917412046728447,0.6,0.0,0.0,0.0,0.375,0.3,0.5,0.5,0.4444444444444444,0.24929698305808004,0.09479937156041462,0.6032148003578186,0.8876195549964905,0.11238044500350952,0.9490955471992493,0.05090445280075073,0.8261435627937317,0.1738564372062683,0.0,0.0,0.0002470533053080537,0.0,0.0,0.0,0.0,0.0,5.7896014232144966e-05,0.0,-0.001847982406616211,0.0,0.0,0.0,0.0,0.0001158292057985566,0.0,0.0,0.0
17,3,4,"[8, 9, 10]","[0, 1, 2, 3, 4, 5, 6, 7, 11, 12, 13, 14, 15, 16, 17]",3,15,20,0.6946642231417304,0.4666666666666667,0.0,0.0,0.0,0.3181818181818182,0.25,0.4375,0.4375,0.3214285714285714,0.25075833414365933,0.039252297083536725,0.6073033809661865,0.8846035003662109,0.11539644002914429,0.9469577670097351,0.05304223299026489,0.8222492933273315,0.17775070667266846,0.6945508215257405,0.4666666666666667,0.0,0.0,0.0,0.3181818181818182,0.25,0.4375,0.4375,0.3214285714285714,0.25070162772804666,0.03955961863199864,0.6061338782310486,0.8846035003662109,0.11539644002914429,0.9469577670097351,0.05304223299026489,0.8222492933273315,0.17775070667266846,0.0,0.0,0.00030732154846191406,0.0,0.0,0.0,0.0,0.0,-5.670641561267287e-05,0.0,-0.0011695027351379395,0.0,0.0,0.0,0.0,-0.00011340161598982768,0.0,0.0,0.0
17,3,5,"[5, 6, 14]","[0, 1, 2, 3, 4, 7, 8, 9, 10, 11, 12, 13, 15, 16, 17]",3,15,20,0.6948658215155112,0.4666666666666667,0.0,0.0,0.0,0.3181818181818182,0.25,0.4375,0.4375,0.3214285714285714,0.2508591128385524,0.03910682598749793,0.6014283299446106,0.8878353834152222,0.11216455698013306,0.9496773481369019,0.050322651863098145,0.8259934186935425,0.17400658130645752,0.6948787230838739,0.4666666666666667,0.0,0.0,0.0,0.3181818181818182,0.25,0.4375,0.4375,0.3214285714285714,0.25086556772027463,0.03930068413416543,0.6076184511184692,0.8878353834152222,0.11216455698013306,0.9496773481369019,0.050322651863098145,0.8259934186935425,0.17400658130645752,0.0,0.0,0.00019385814666750267,0.0,0.0,0.0,0.0,0.0,6.454881722239847e-06,0.0,0.006190121173858643,0.0,0.0,0.0,0.0,1.2901568362644333e-05,0.0,0.0,0.0
17,3,6,"[1, 12, 13]","[0, 2, 3, 4, 5, 6, 7, 8, 9, 10, 11, 14, 15, 16, 17]",3,15,20,0.6927129246639675,0.5333333333333333,0.0,0.0,0.0,0.34782608695652173,0.2857142857142857,0.4444444444444444,0.4444444444444444,0.4074074074074074,0.2497827688997272,0.02793563604354854,0.5986660718917847,0.8866515159606934,0.11334842443466187,0.9481121897697449,0.05188781023025513,0.8251909017562866,0.17480909824371338,0.6926170689051572,0.5333333333333333,0.0,0.0,0.0,0.34782608695652173,0.2857142857142857,0.4444444444444444,0.4444444444444444,0.4074074074074074,0.249734879175348,0.02792612314224241,0.5979657769203186,0.8866515159606934,0.11334842443466187,0.9481121897697449,0.05188781023025513,0.8251909017562866,0.17480909824371338,0.0,0.0,-9.51290130613014e-06,0.0,0.0,0.0,0.0,0.0,-4.788972437919092e-05,0.0,-0.0007002949714660645,0.0,0.0,0.0,0.0,-9.585575881032593e-05,0.0,0.0,0.0
17,6,1,"[0, 4, 8, 11, 12, 14]","[1, 2, 3, 5, 6, 7, 9, 10, 13, 15, 16, 17]",6,12,20,0.691575308534135,0.5,0.0,0.0,0.0,0.3333333333333333,0.2727272727272727,0.42857142857142855,0.42857142857142855,0.5714285714285714,0.24921407970222878,0.005199695626894596,0.6197131872177124,0.8862364292144775,0.11376357078552246,0.949286162853241,0.05071383714675903,0.8231866359710693,0.17681336402893066,0.6916089114408521,0.5,0.0,0.0,0.0,0.3333333333333333,0.2727272727272727,0.42857142857142855,0.42857142857142855,0.6,0.2492308866191432,0.004688983162244198,0.6143507957458496,0.8862364292144775,0.11376357078552246,0.949286162853241,0.05071383714675903,0.8231866359710693,0.17681336402893066,0.0,0.0,-0.000510712464650398,0.0,0.02857142857142858,0.0,0.0,0.0,1.6806916914413605e-05,0.0,-0.005362391471862793,0.0,0.0,0.0,0.0,3.360290671716726e-05,0.0,0.0,0.0
17,6,2,"[2, 3, 9, 10, 13, 17]","[0, 1, 4, 5, 6, 7, 8, 11, 12, 14, 15, 16]",6,12,20,0.696318765313265,0.4166666666666667,0.0,0.0,0.0,0.29411764705882354,0.22727272727272727,0.4166666666666667,0.4166666666666667,0.25,0.2515855253128756,0.08914323647816974,0.6238114833831787,0.8852757215499878,0.11472427845001221,0.9490752816200256,0.050924718379974365,0.8214762210845947,0.17852377891540527,0.6966279334317999,0.5,0.0,0.0,0.0,0.3333333333333333,0.25,0.5,0.5,0.25,0.25174006736309523,0.006021847327550289,0.6167828440666199,0.8852757215499878,0.11472427845001221,0.9490752816200256,0.050924718379974365,0.8214762210845947,0.17852377891540527,0.0,0.0,-0.08312138915061945,0.022727272727272735,0.0,0.08333333333333331,0.039215686274509776,0.08333333333333331,0.00015454205021964151,0.0,-0.007028639316558838,0.0,0.0,0.0,0.08333333333333331,0.0003091681185348749,0.0,0.0,0.0
17,6,3,"[1, 5, 6, 7, 15, 16]","[0, 2, 3, 4, 8, 9, 10, 11, 12, 13, 14, 17]",6,12,20,0.6936225286354701,0.5833333333333334,0.0,0.0,0.0,0.3684210526315789,0.2916666666666667,0.5,0.5,0.31428571428571433,0.25023750019480223,0.07781193157037103,0.6082412004470825,0.8869466781616211,0.11305338144302368,0.9467235803604126,0.0532764196395874,0.8271697163581848,0.17283028364181519,0.6935777763426336,0.5833333333333334,0.0,0.0,0.0,0.3684210526315789,0.2916666666666667,0.5,0.5,0.34285714285714286,0.2502151216189799,0.0781989792982738,0.6043795943260193,0.8869466781616211,0.11305338144302368,0.9467235803604126,0.0532764196395874,0.8271697163581848,0.17283028364181519,0.0,0.0,0.0003870477279027673,0.0,0.028571428571428525,0.0,0.0,0.0,-2.2378575822323832e-05,0.0,-0.0038616061210632324,0.0,0.0,0.0,0.0,-4.475229283651405e-05,0.0,0.0,0.0
17,9,1,"[1, 4, 8, 10, 11, 13, 15, 16, 17]","[0, 2, 3, 5, 6, 7, 9, 12, 14]",9,9,20,0.6946640313178977,0.4444444444444444,0.0,0.0,0.0,0.3076923076923077,0.25,0.4,0.4,0.3,0.2507582177608476,0.061331576771206375,0.6381458044052124,0.8817921280860901,0.11820775270462036,0.9424635767936707,0.057536303997039795,0.8211206793785095,0.17887920141220093,0.6943208089689336,0.4444444444444444,0.0,0.0,0.0,0.3076923076923077,0.25,0.4,0.4,0.39999999999999997,0.2505866450375658,0.06116519371668505,0.627531111240387,0.8817921280860901,0.11820775270462036,0.9424635767936707,0.057536303997039795,0.8211206793785095,0.17887920141220093,0.0,0.0,-0.00016638305452132407,0.0,0.09999999999999998,0.0,0.0,0.0,-0.00017157272328183204,0.0,-0.01061469316482544,0.0,0.0,0.0,0.0,-0.00034322234896411175,0.0,0.0,0.0
17,9,2,"[0, 2, 3, 5, 6, 7, 9, 12, 14]","[1, 4, 8, 10, 11, 13, 15, 16, 17]",9,9,20,0.6930136566029851,0.5555555555555556,0.0,0.0,0.0,0.35714285714285715,0.2777777777777778,0.5,0.5,0.4,0.24993318178865082,0.05031090974807739,0.6409889459609985,0.8905138373374939,0.1094861626625061,0.9542599320411682,0.04574006795883179,0.8267677426338196,0.17323225736618042,0.6927338765826319,0.5555555555555556,0.0,0.0,0.0,0.35714285714285715,0.2777777777777778,0.5,0.5,0.4,0.24979332572164192,0.050457510683271645,0.6334962844848633,0.8905138373374939,0.1094861626625061,0.9542599320411682,0.04574006795883179,0.8267677426338196,0.17323225736618042,0.0,0.0,0.0001466009351942521,0.0,0.0,0.0,0.0,0.0,-0.0001398560670088922,0.0,-0.007492661476135254,0.0,0.0,0.0,0.0,-0.00027978002035322636,0.0,0.0,0.0
17,12,1,"[0, 2, 3, 5, 6, 8, 9, 11, 12, 14, 16, 17]","[1, 4, 7, 10, 13, 15]",12,6,20,0.6954254806383228,0.3333333333333333,0.0,0.0,0.0,0.25,0.2,0.3333333333333333,0.3333333333333333,0.33333333333333337,0.25113899079867535,0.17146216829617816,0.6962122917175293,0.8852052688598633,0.1147947907447815,0.9536477327346802,0.046352267265319824,0.8167627453804016,0.1832372546195984,0.6954152476806291,0.3333333333333333,0.0,0.0,0.0,0.25,0.2,0.3333333333333333,0.3333333333333333,0.33333333333333337,0.25113389361900706,0.17141537865002948,0.6783709526062012,0.8852052688598633,0.1147947907447815,0.9536477327346802,0.046352267265319824,0.8167627453804016,0.1832372546195984,0.0,0.0,-4.678964614868164e-05,0.0,0.0,0.0,0.0,0.0,-5.097179668289709e-06,0.0,-0.017841339111328125,0.0,0.0,0.0,0.0,-1.0232957693645517e-05,0.0,0.0,0.0
17,12,2,"[3, 4, 5, 6, 7, 10, 11, 12, 13, 14, 15, 16]","[0, 1, 2, 8, 9, 17]",12,6,20,0.6968021784730735,0.5,0.0,0.0,0.0,0.3333333333333333,0.25,0.5,0.5,0.22222222222222224,0.25182714436197234,0.0056084394454956055,0.6995149254798889,0.8867589235305786,0.11324107646942139,0.9503170847892761,0.04968291521072388,0.8232007622718811,0.1767992377281189,0.6967763476621776,0.5,0.0,0.0,0.0,0.3333333333333333,0.25,0.5,0.5,0.22222222222222224,0.25181426890965036,0.005257517099380493,0.6900595426559448,0.8867589235305786,0.11324107646942139,0.9503170847892761,0.04968291521072388,0.8232007622718811,0.1767992377281189,0.0,0.0,-0.0003509223461151123,0.0,0.0,0.0,0.0,0.0,-1.2875452321980951e-05,0.0,-0.009455382823944092,0.0,0.0,0.0,0.0,-2.583081089591044e-05,0.0,0.0,0.0
17,12,3,"[1, 3, 4, 6, 8, 9, 11, 12, 13, 14, 15, 17]","[0, 2, 5, 7, 10, 16]",12,6,20,0.6949667293352322,0.3333333333333333,0.0,0.0,0.0,0.25,0.2,0.3333333333333333,0.3333333333333333,0.4444444444444445,0.25090956293657385,0.1724956333637238,0.6840241551399231,0.8823415040969849,0.11765855550765991,0.9461050033569336,0.053894996643066406,0.8185779452323914,0.18142205476760864,0.695171058938886,0.3333333333333333,0.0,0.0,0.0,0.25,0.2,0.3333333333333333,0.3333333333333333,0.4444444444444445,0.25101179661690026,0.17253368099530536,0.6645569205284119,0.8823415040969849,0.11765855550765991,0.9461050033569336,0.053894996643066406,0.8185779452323914,0.18142205476760864,0.0,0.0,3.8047631581550334e-05,0.0,0.0,0.0,0.0,0.0,0.00010223368032641345,0.0,-0.01946723461151123,0.0,0.0,0.0,0.0,0.0002043296036537967,0.0,0.0,0.0
18,3,1,"[5, 8, 16]","[0, 1, 2, 3, 4, 6, 7, 9, 10, 11, 12, 13, 14, 15, 17]",3,15,20,0.6924720682446989,0.5333333333333333,0.5882352941176471,0.8333333333333334,0.45454545454545453,0.5248868778280543,0.5833333333333334,0.6022727272727273,0.6022727272727273,0.7045454545454546,0.24966243112988393,0.031061089038848855,0.7732528448104858,0.8845128417015076,0.11548715829849243,0.9373105764389038,0.06268942356109619,0.8317151069641113,0.16828489303588867,0.6925106829086618,0.6,0.6666666666666666,0.8571428571428571,0.5454545454545454,0.5833333333333333,0.6160714285714286,0.6477272727272727,0.6477272727272727,0.6818181818181818,0.2496817307703114,0.09773979584376014,0.6787673234939575,0.8845128417015076,0.11548715829849243,0.9373105764389038,0.06268942356109619,0.8317151069641113,0.16828489303588867,0.09090909090909088,0.023809523809523725,0.06667870680491128,0.03273809523809523,-0.022727272727272818,0.045454545454545414,0.05844645550527894,0.045454545454545414,1.9299640427461462e-05,0.07843137254901955,-0.09448552131652832,0.0,0.0,0.0,0.06666666666666665,3.861466396293256e-05,0.0,0.0,0.0
18,3,2,"[9, 12, 14]","[0, 1, 2, 3, 4, 5, 6, 7, 8, 10, 11, 13, 15, 16, 17]",3,15,20,0.6927058432980437,0.5333333333333333,0.5882352941176471,0.8333333333333334,0.45454545454545453,0.5248868778280543,0.5833333333333334,0.6022727272727273,0.6022727272727273,0.6818181818181818,0.24977931591087466,0.030969508488972952,0.6952435970306396,0.8802765607833862,0.119723379611969,0.9347875118255615,0.06521248817443848,0.8257656693458557,0.1742343306541443,0.6918178368963439,0.6666666666666666,0.7619047619047619,0.8,0.7272727272727273,0.6031746031746031,0.6000000000000001,0.6136363636363636,0.6136363636363636,0.6363636363636364,0.24933533306764383,0.16390738884607947,0.6907379627227783,0.8802765607833862,0.119723379611969,0.9347875118255615,0.06521248817443848,0.8257656693458557,0.1742343306541443,0.27272727272727276,-0.033333333333333326,0.13293788035710652,0.01666666666666672,-0.045454545454545414,0.011363636363636354,0.07828772534654882,0.011363636363636354,-0.00044398284323082793,0.17366946778711478,-0.004505634307861328,0.0,0.0,0.0,0.1333333333333333,-0.0008880064016998368,0.0,0.0,0.0
18,3,3,"[6, 13, 15]","[0, 1, 2, 3, 4, 5, 7, 8, 9, 10, 11, 12, 14, 16, 17]",3,15,20,0.6926704016794069,0.5333333333333333,0.5882352941176471,0.8333333333333334,0.45454545454545453,0.5248868778280543,0.5833333333333334,0.6022727272727273,0.6022727272727273,0.7045454545454545,0.24976159877895288,0.03073342243830357,0.6987820863723755,0.883275032043457,0.11672496795654297,0.9359613656997681,0.06403863430023193,0.8305886387825012,0.16941136121749878,0.6918968780962312,0.6666666666666666,0.7368421052631579,0.875,0.6363636363636364,0.6411483253588517,0.6517857142857143,0.6931818181818181,0.6931818181818181,0.6818181818181818,0.2493748480750143,0.16399777730305987,0.6899946331977844,0.883275032043457,0.11672496795654297,0.9359613656997681,0.06403863430023193,0.8305886387825012,0.16941136121749878,0.18181818181818182,0.04166666666666663,0.1332643548647563,0.06845238095238093,-0.022727272727272707,0.09090909090909083,0.11626144753079737,0.09090909090909083,-0.00038675070393856537,0.14860681114551078,-0.008787453174591064,0.0,0.0,0.0,0.1333333333333333,-0.0007735235831756171,0.0,0.0,0.0
18,3,4,"[3, 4, 11]","[0, 1, 2, 5, 6, 7, 8, 9, 10, 12, 13, 14, 15, 16, 17]",3,15,20,0.692704587302478,0.5333333333333333,0.5333333333333333,0.8,0.4,0.5333333333333333,0.6000000000000001,0.6000000000000001,0.6000000000000001,0.7,0.24977868024969052,0.030973049004872633,0.6903598308563232,0.8854122161865234,0.11458766460418701,0.9373709559440613,0.06262898445129395,0.8334534764289856,0.16654646396636963,0.6911684632946054,0.6666666666666666,0.7368421052631579,0.7777777777777778,0.7,0.6411483253588517,0.6388888888888888,0.6499999999999999,0.6499999999999999,0.7200000000000001,0.2490106560330044,0.16400805711746214,0.6811035871505737,0.8854122161865234,0.11458766460418701,0.9373709559440613,0.06262898445129395,0.8334534764289856,0.16654646396636963,0.29999999999999993,-0.022222222222222254,0.1330350081125895,0.03888888888888875,0.02000000000000013,0.04999999999999982,0.10781499202551836,0.04999999999999982,-0.0007680242166861195,0.20350877192982453,-0.009256243705749512,0.0,0.0,0.0,0.1333333333333333,-0.001536124007872619,0.0,0.0,0.0
18,3,5,"[0, 1, 7]","[2, 3, 4, 5, 6, 8, 9, 10, 11, 12, 13, 14, 15, 16, 17]",3,15,20,0.6927083849425154,0.5333333333333333,0.5882352941176471,0.8333333333333334,0.45454545454545453,0.5248868778280543,0.5833333333333334,0.6022727272727273,0.6022727272727273,0.6590909090909091,0.2497805906383465,0.03076668977737429,0.6858547329902649,0.8855578899383545,0.11444205045700073,0.938135027885437,0.06186497211456299,0.8329808115959167,0.16701918840408325,0.6919181746641959,0.6666666666666666,0.7368421052631579,0.875,0.6363636363636364,0.6411483253588517,0.6517857142857143,0.6931818181818181,0.6931818181818181,0.6590909090909091,0.249385506613848,0.16399004459381095,0.6834244132041931,0.8855578899383545,0.11444205045700073,0.938135027885437,0.06186497211456299,0.8329808115959167,0.16701918840408325,0.18181818181818182,0.04166666666666663,0.13322335481643666,0.06845238095238093,0.0,0.09090909090909083,0.11626144753079737,0.09090909090909083,-0.0003950840244985043,0.14860681114551078,-0.0024303197860717773,0.0,0.0,0.0,0.1333333333333333,-0.000790210278319492,0.0,0.0,0.0
18,3,6,"[2, 10, 17]","[0, 1, 3, 4, 5, 6, 7, 8, 9, 11, 12, 13, 14, 15, 16]",3,15,20,0.6907776040545944,0.6666666666666666,0.7058823529411765,1.0,0.5454545454545454,0.660633484162896,0.7222222222222222,0.7727272727272727,0.7727272727272727,0.9090909090909091,0.2488152383301036,0.16449630657831826,0.6806909441947937,0.8845900297164917,0.1154099702835083,0.9373021125793457,0.06269782781600952,0.8318778872489929,0.16812199354171753,0.6905373678465445,0.8,0.8421052631578947,1.0,0.7272727272727273,0.784688995215311,0.7857142857142857,0.8636363636363636,0.8636363636363636,0.9090909090909091,0.2486951269696736,0.2979548215866089,0.6766198873519897,0.8845900297164917,0.1154099702835083,0.9373021125793457,0.06269782781600952,0.8318778872489929,0.16812199354171753,0.18181818181818188,0.0,0.13345851500829065,0.06349206349206349,0.0,0.09090909090909094,0.12405551105241497,0.09090909090909094,-0.00012011136042999748,0.13622291021671817,-0.004071056842803955,0.0,0.0,0.0,0.13333333333333341,-0.0002402362080499154,0.0,0.0,0.0
18,6,1,"[1, 6, 8, 11, 12, 16]","[0, 2, 3, 4, 5, 7, 9, 10, 13, 14, 15, 17]",6,12,20,0.6928182092918381,0.5,0.5,0.75,0.375,0.5,0.5625,0.5625,0.5625,0.65625,0.2498354949439523,0.002556905150413513,0.6924955248832703,0.8826495409011841,0.11735057830810547,0.9366475343704224,0.06335252523422241,0.828651487827301,0.17134851217269897,0.6909680362173382,0.5833333333333334,0.6666666666666666,0.7142857142857143,0.625,0.5555555555555556,0.5571428571428572,0.5625,0.5625,0.65625,0.24891047910184247,0.0800879796346029,0.6713036298751831,0.8826495409011841,0.11735057830810547,0.9366475343704224,0.06335252523422241,0.828651487827301,0.17134851217269897,0.25,-0.0357142857142857,0.07753107448418939,-0.005357142857142838,0.0,0.0,0.05555555555555558,0.0,-0.0009250158421098276,0.16666666666666663,-0.021191895008087158,0.0,0.0,0.0,0.08333333333333337,-0.0018501730744999723,0.0,0.0,0.0
18,6,2,"[0, 2, 5, 7, 14, 17]","[1, 3, 4, 6, 8, 9, 10, 11, 12, 13, 15, 16]",6,12,20,0.6918188554894064,0.6666666666666666,0.7142857142857143,1.0,0.5555555555555556,0.6571428571428571,0.7142857142857143,0.7777777777777778,0.7777777777777778,0.7777777777777778,0.24933582604885984,0.16389941672484076,0.695654034614563,0.8859568238258362,0.11404311656951904,0.9383958578109741,0.061604082584381104,0.8335177898406982,0.16648215055465698,0.6909165370147882,0.75,0.8,1.0,0.6666666666666666,0.7333333333333334,0.75,0.8333333333333333,0.8333333333333333,0.8148148148148149,0.2488847042795257,0.24728669226169586,0.6893755793571472,0.8859568238258362,0.11404311656951904,0.9383958578109741,0.061604082584381104,0.8335177898406982,0.16648215055465698,0.11111111111111105,0.0,0.0833872755368551,0.0357142857142857,0.03703703703703709,0.05555555555555547,0.07619047619047625,0.05555555555555547,-0.0004511217693341507,0.08571428571428574,-0.0062784552574157715,0.0,0.0,0.0,0.08333333333333337,-0.0009023184746181911,0.0,0.0,0.0
18,6,3,"[3, 4, 9, 10, 13, 15]","[0, 1, 2, 5, 6, 7, 8, 11, 12, 14, 16, 17]",6,12,20,0.6923823799796239,0.5,0.5714285714285714,0.8,0.4444444444444444,0.4857142857142857,0.5428571428571429,0.5555555555555556,0.5555555555555556,0.7037037037037037,0.2496176065261139,0.0018424789110819129,0.7331605553627014,0.8832052946090698,0.11679482460021973,0.9353905916213989,0.06460946798324585,0.831019937992096,0.16898012161254883,0.6910273857416119,0.75,0.8235294117647058,0.875,0.7777777777777778,0.6974789915966386,0.6875,0.7222222222222222,0.7222222222222222,0.7037037037037037,0.24894012257783685,0.24774066607157386,0.7242350578308105,0.8832052946090698,0.11679482460021973,0.9353905916213989,0.06460946798324585,0.831019937992096,0.16898012161254883,0.33333333333333337,0.07499999999999996,0.24589818716049194,0.14464285714285707,0.0,0.16666666666666663,0.2117647058823529,0.16666666666666663,-0.0006774839482770467,0.25210084033613445,-0.00892549753189087,0.0,0.0,0.0,0.25,-0.0013549942380119973,0.0,0.0,0.0
18,9,1,"[3, 5, 8, 9, 11, 12, 13, 14, 15]","[0, 1, 2, 4, 6, 7, 10, 16, 17]",9,9,20,0.6924279424525331,0.4444444444444444,0.4444444444444444,0.6666666666666666,0.3333333333333333,0.4444444444444444,0.5,0.5,0.5,0.6111111111111113,0.24964036106413456,0.05834036403232157,0.7692503929138184,0.8772100210189819,0.12279009819030762,0.9319079518318176,0.06809204816818237,0.8225120306015015,0.17748796939849854,0.6912288882109654,0.7777777777777778,0.8333333333333334,0.8333333333333334,0.8333333333333334,0.75,0.75,0.75,0.75,0.6111111111111113,0.24904086172274997,0.2743617627355788,0.7506041526794434,0.8772100210189819,0.12279009819030762,0.9319079518318176,0.06809204816818237,0.8225120306015015,0.17748796939849854,0.5,0.16666666666666674,0.2160213987032572,0.25,0.0,0.25,0.3055555555555556,0.25,-0.0005994993413845906,0.38888888888888895,-0.018646240234375,0.0,0.0,0.0,0.33333333333333337,-0.001199054241567743,0.0,0.0,0.0
18,9,2,"[0, 1, 2, 4, 6, 7, 10, 16, 17]","[3, 5, 8, 9, 11, 12, 13, 14, 15]",9,9,20,0.6922516757340357,0.6666666666666666,0.7272727272727273,1.0,0.5714285714285714,0.6493506493506493,0.7,0.7857142857142857,0.7857142857142857,0.7142857142857142,0.24955225140574733,0.16467360655466712,0.7382059097290039,0.8906644582748413,0.10933554172515869,0.9417147040367126,0.058285295963287354,0.8396142721176147,0.16038572788238525,0.6908244437499707,0.5555555555555556,0.6666666666666666,0.8,0.5714285714285714,0.5,0.525,0.5357142857142857,0.5357142857142857,0.7142857142857142,0.2488386529229935,0.053542859024471756,0.7239317297935486,0.8906644582748413,0.10933554172515869,0.9417147040367126,0.058285295963287354,0.8396142721176147,0.16038572788238525,0.0,-0.19999999999999996,-0.11113074753019536,-0.17499999999999993,0.0,-0.25,-0.14935064935064934,-0.25,-0.0007135984827538189,-0.06060606060606066,-0.014274179935455322,0.0,0.0,0.0,-0.11111111111111105,-0.001427231984065025,0.0,0.0,0.0
18,12,1,"[1, 3, 4, 5, 7, 8, 9, 10, 11, 13, 14, 15]","[0, 2, 6, 12, 16, 17]",12,6,20,0.6917809888066785,0.3333333333333333,0.3333333333333333,0.5,0.25,0.3333333333333333,0.375,0.375,0.375,0.625,0.2493169270766685,0.16855813066164654,0.8718205690383911,0.880085289478302,0.119914710521698,0.9328474402427673,0.06715255975723267,0.8273231387138367,0.17267686128616333,0.688763939710986,0.8333333333333334,0.8888888888888888,0.8,1.0,0.7777777777777777,0.9,0.75,0.75,0.625,0.2478084183437351,0.3294100761413574,0.8308985829353333,0.880085289478302,0.119914710521698,0.9328474402427673,0.06715255975723267,0.8273231387138367,0.17267686128616333,0.75,0.30000000000000004,0.16085194547971088,0.525,0.0,0.375,0.44444444444444436,0.375,-0.0015085087329334002,0.5555555555555556,-0.04092198610305786,0.0,0.0,0.0,0.5,-0.003017049095692448,0.0,0.0,0.0
18,12,2,"[0, 3, 4, 5, 6, 8, 12, 13, 14, 15, 16, 17]","[1, 2, 7, 9, 10, 11]",12,6,20,0.6933259059595396,0.6666666666666666,0.6666666666666666,1.0,0.5,0.6666666666666666,0.75,0.75,0.75,0.75,0.250089290716147,0.16419763366381324,0.838226318359375,0.8842175602912903,0.11578243970870972,0.936009407043457,0.06399059295654297,0.8324257135391235,0.16757428646087646,0.6915868559147641,0.8333333333333334,0.8571428571428571,1.0,0.75,0.8285714285714285,0.8333333333333333,0.875,0.875,0.75,0.2492198112260652,0.3307010233402252,0.8096300959587097,0.8842175602912903,0.11578243970870972,0.936009407043457,0.06399059295654297,0.8324257135391235,0.16757428646087646,0.25,0.0,0.16650338967641198,0.08333333333333326,0.0,0.125,0.16190476190476188,0.125,-0.000869479490081787,0.19047619047619047,-0.028596222400665283,0.0,0.0,0.0,0.16666666666666674,-0.0017390500447754809,0.0,0.0,0.0
18,12,3,"[1, 2, 3, 4, 5, 6, 7, 8, 9, 11, 15, 16]","[0, 10, 12, 13, 14, 17]",12,6,20,0.6958113915942515,0.3333333333333333,0.3333333333333333,0.5,0.25,0.3333333333333333,0.375,0.375,0.375,0.375,0.2513320063177205,0.16937844951947528,0.8155795931816101,0.8950928449630737,0.1049070954322815,0.9437617063522339,0.05623829364776611,0.8464240431785583,0.15357595682144165,0.6941786031292437,0.3333333333333333,0.5,0.5,0.5,0.25,0.25,0.25,0.25,0.25,0.2505157161423239,0.17047629753748578,0.7764616012573242,0.8950928449630737,0.1049070954322815,0.9437617063522339,0.05623829364776611,0.8464240431785583,0.15357595682144165,0.25,0.0,0.0010978480180104944,-0.125,-0.125,-0.125,-0.08333333333333331,-0.125,-0.000816290175396639,0.16666666666666669,-0.03911799192428589,0.0,0.0,0.0,0.0,-0.0016327884650078062,0.0,0.0,0.0
19,3,1,"[2, 7, 12]","[0, 1, 3, 4, 5, 6, 8, 9, 10, 11, 13, 14, 15, 16, 17]",3,15,20,0.692216832673415,0.5333333333333333,0.5882352941176471,0.625,0.5555555555555556,0.5248868778280543,0.5267857142857143,0.5277777777777778,0.5277777777777778,0.5740740740740741,0.2495348562634111,0.030527822176615427,0.6681182980537415,0.8686182498931885,0.13138175010681152,0.8905064463615417,0.10949355363845825,0.8467300534248352,0.1532699465751648,0.6920589695696798,0.5333333333333333,0.5882352941176471,0.625,0.5555555555555556,0.5248868778280543,0.5267857142857143,0.5277777777777778,0.5277777777777778,0.6111111111111112,0.24945593186715823,0.030603122711181596,0.5791400671005249,0.8686182498931885,0.13138175010681152,0.8905064463615417,0.10949355363845825,0.8467300534248352,0.1532699465751648,0.0,0.0,7.530053456616947e-05,0.0,0.03703703703703709,0.0,0.0,0.0,-7.892439625287184e-05,0.0,-0.08897823095321655,0.0,0.0,0.0,0.0,-0.00015786310373522294,0.0,0.0,0.0
19,3,2,"[10, 16, 17]","[0, 1, 2, 3, 4, 5, 6, 7, 8, 9, 11, 12, 13, 14, 15]",3,15,20,0.6911379552381542,0.6,0.625,0.625,0.625,0.5982142857142857,0.5982142857142857,0.5982142857142857,0.5982142857142857,0.6785714285714286,0.24899544008514643,0.0972418904304504,0.5709453225135803,0.8804770708084106,0.11952298879623413,0.9075301885604858,0.09246981143951416,0.8534238934516907,0.14657610654830933,0.691244948642736,0.6,0.625,0.625,0.625,0.5982142857142857,0.5982142857142857,0.5982142857142857,0.5982142857142857,0.6607142857142857,0.24904891695025747,0.09721864064534502,0.5690999627113342,0.8804770708084106,0.11952298879623413,0.9075301885604858,0.09246981143951416,0.8534238934516907,0.14657610654830933,0.0,0.0,-2.3249785105372567e-05,0.0,-0.017857142857142905,0.0,0.0,0.0,5.347686511103511e-05,0.0,-0.0018453598022460938,0.0,0.0,0.0,0.0,0.00010699340458175666,0.0,0.0,0.0
19,3,3,"[0, 1, 3]","[2, 4, 5, 6, 7, 8, 9, 10, 11, 12, 13, 14, 15, 16, 17]",3,15,20,0.6921117390701768,0.5333333333333333,0.46153846153846156,0.6,0.375,0.5248868778280543,0.55,0.5446428571428572,0.5446428571428572,0.6428571428571428,0.24948231034073115,0.031025628248850468,0.5838936567306519,0.861782431602478,0.13821756839752197,0.8813490271568298,0.11865097284317017,0.8422157764434814,0.15778422355651855,0.6920247402717785,0.6,0.5714285714285714,0.6666666666666666,0.5,0.5982142857142857,0.6111111111111112,0.6071428571428572,0.6071428571428572,0.6607142857142858,0.24943880346406408,0.09775377511978145,0.5835293531417847,0.861782431602478,0.13821756839752197,0.8813490271568298,0.11865097284317017,0.8422157764434814,0.15778422355651855,0.125,0.06666666666666665,0.06672814687093098,0.061111111111111116,0.017857142857143016,0.0625,0.07332740788623138,0.0625,-4.350687666707098e-05,0.10989010989010983,-0.0003643035888671875,0.0,0.0,0.0,0.06666666666666665,-8.69987983982412e-05,0.0,0.0,0.0
19,3,4,"[4, 8, 11]","[0, 1, 2, 3, 5, 6, 7, 9, 10, 12, 13, 14, 15, 16, 17]",3,15,20,0.6918985100272781,0.5333333333333333,0.46153846153846156,0.6,0.375,0.5248868778280543,0.55,0.5446428571428572,0.5446428571428572,0.6428571428571428,0.24937571039090642,0.03041012684504185,0.5814721584320068,0.8707480430603027,0.1292518973350525,0.8902949094772339,0.10970509052276611,0.8512011766433716,0.14879882335662842,0.6915901307472445,0.7333333333333333,0.75,0.75,0.75,0.7321428571428572,0.7321428571428572,0.7321428571428572,0.7321428571428572,0.6785714285714286,0.2492215048216839,0.2303874293963114,0.5795918107032776,0.8707480430603027,0.1292518973350525,0.8902949094772339,0.10970509052276611,0.8512011766433716,0.14879882335662842,0.375,0.15000000000000002,0.19997730255126955,0.18214285714285716,0.03571428571428581,0.1875,0.20725597931480289,0.1875,-0.00015420556922252082,0.28846153846153844,-0.001880347728729248,0.0,0.0,0.0,0.19999999999999996,-0.0003083792800335772,0.0,0.0,0.0
19,3,5,"[9, 14, 15]","[0, 1, 2, 3, 4, 5, 6, 7, 8, 10, 11, 12, 13, 16, 17]",3,15,20,0.6905137470993378,0.6,0.625,0.7142857142857143,0.5555555555555556,0.5982142857142857,0.6071428571428572,0.6111111111111112,0.6111111111111112,0.7222222222222222,0.24868333986940783,0.0972327788670857,0.567510187625885,0.8810750246047974,0.11892503499984741,0.9050230383872986,0.09497696161270142,0.8571269512176514,0.14287304878234863,0.6913432091226276,0.6666666666666666,0.6666666666666666,0.8333333333333334,0.5555555555555556,0.6666666666666666,0.6944444444444444,0.6944444444444444,0.6944444444444444,0.6666666666666666,0.24909806093048897,0.16391264597574862,0.5685888528823853,0.8810750246047974,0.11892503499984741,0.9050230383872986,0.09497696161270142,0.8571269512176514,0.14287304878234863,0.0,0.11904761904761907,0.06667986710866292,0.08730158730158721,-0.05555555555555558,0.08333333333333326,0.06845238095238093,0.08333333333333326,0.0004147210610811469,0.04166666666666663,0.0010786652565002441,0.0,0.0,0.0,0.06666666666666665,0.0008294620232898176,0.0,0.0,0.0
19,3,6,"[5, 6, 13]","[0, 1, 2, 3, 4, 7, 8, 9, 10, 11, 12, 14, 15, 16, 17]",3,15,20,0.6912527876546186,0.5333333333333333,0.5333333333333333,0.5714285714285714,0.5,0.5333333333333333,0.5357142857142857,0.5357142857142857,0.5357142857142857,0.6607142857142857,0.24905285512358713,0.030120035012563107,0.5741994976997375,0.8701388835906982,0.12986111640930176,0.8906391859054565,0.10936081409454346,0.8496385216712952,0.15036147832870483,0.690449600431427,0.6666666666666666,0.7058823529411765,0.6666666666666666,0.75,0.660633484162896,0.6666666666666666,0.6607142857142857,0.6607142857142857,0.7321428571428572,0.24865127805873963,0.16345252195994053,0.5755037069320679,0.8701388835906982,0.12986111640930176,0.8906391859054565,0.10936081409454346,0.8496385216712952,0.15036147832870483,0.25,0.09523809523809523,0.13333248694737743,0.13095238095238093,0.07142857142857151,0.125,0.1273001508295627,0.125,-0.00040157706484750255,0.1725490196078432,0.0013042092323303223,0.0,0.0,0.0,0.1333333333333333,-0.0008031872231916148,0.0,0.0,0.0
19,6,1,"[1, 7, 10, 11, 13, 17]","[0, 2, 3, 4, 5, 6, 8, 9, 12, 14, 15, 16]",6,12,20,0.6930613274032731,0.5,0.5,0.5,0.5,0.5,0.5,0.5,0.5,0.5277777777777777,0.24995710439915708,0.002768764893213871,0.5795170068740845,0.8780978918075562,0.12190210819244385,0.9049719572067261,0.09502804279327393,0.8512238264083862,0.14877617359161377,0.6927970281060842,0.5833333333333334,0.6153846153846154,0.5714285714285714,0.6666666666666666,0.5804195804195804,0.5857142857142856,0.5833333333333333,0.5833333333333333,0.5277777777777777,0.24982496417293776,0.08058620492617297,0.5786331295967102,0.8780978918075562,0.12190210819244385,0.9049719572067261,0.09502804279327393,0.8512238264083862,0.14877617359161377,0.16666666666666663,0.0714285714285714,0.0778174400329591,0.08571428571428563,0.0,0.08333333333333326,0.08041958041958042,0.08333333333333326,-0.00013214022621932386,0.11538461538461542,-0.0008838772773742676,0.0,0.0,0.0,0.08333333333333337,-0.0002642992971888525,0.0,0.0,0.0
19,6,2,"[0, 2, 3, 4, 8, 15]","[1, 5, 6, 7, 9, 10, 11, 12, 13, 14, 16, 17]",6,12,20,0.6916123993344548,0.5833333333333334,0.5454545454545454,0.75,0.42857142857142855,0.5804195804195804,0.625,0.6142857142857143,0.6142857142857143,0.7142857142857142,0.24923264062652462,0.0809802760680517,0.6063122153282166,0.8574402928352356,0.14255964756011963,0.8741161823272705,0.12588375806808472,0.8407644033432007,0.15923553705215454,0.6918670146591475,0.5833333333333334,0.5454545454545454,0.75,0.42857142857142855,0.5804195804195804,0.625,0.6142857142857143,0.6142857142857143,0.6285714285714286,0.24935992914512992,0.0808746019999187,0.6092437505722046,0.8574402928352356,0.14255964756011963,0.8741161823272705,0.12588375806808472,0.8407644033432007,0.15923553705215454,0.0,0.0,-0.00010567406813299929,0.0,-0.08571428571428563,0.0,0.0,0.0,0.00012728851860530077,0.0,0.002931535243988037,0.0,0.0,0.0,0.0,0.0002546153246926197,0.0,0.0,0.0
19,6,3,"[5, 6, 9, 12, 14, 16]","[0, 1, 2, 3, 4, 7, 8, 10, 11, 13, 15, 17]",6,12,20,0.6898920591437624,0.5833333333333334,0.6153846153846154,0.6666666666666666,0.5714285714285714,0.5804195804195804,0.5833333333333333,0.5857142857142856,0.5857142857142856,0.7428571428571429,0.24837251101091332,0.08006762961546587,0.5779682397842407,0.8808680772781372,0.11913186311721802,0.903583288192749,0.0964166522026062,0.8581528663635254,0.14184707403182983,0.6900186101288406,0.5833333333333334,0.6153846153846154,0.6666666666666666,0.5714285714285714,0.5804195804195804,0.5833333333333333,0.5857142857142856,0.5857142857142856,0.7428571428571429,0.24843579183332265,0.07998454074064898,0.5759913325309753,0.8808680772781372,0.11913186311721802,0.903583288192749,0.0964166522026062,0.8581528663635254,0.14184707403182983,0.0,0.0,-8.308887481689453e-05,0.0,0.0,0.0,0.0,0.0,6.328082240933397e-05,0.0,-0.001976907253265381,0.0,0.0,0.0,0.0,0.00012655098507818874,0.0,0.0,0.0
19,9,1,"[0, 3, 5, 7, 10, 11, 13, 14, 15]","[1, 2, 4, 6, 8, 9, 12, 16, 17]",9,9,20,0.6908595548196852,0.5555555555555556,0.6,0.6,0.6,0.55,0.55,0.55,0.55,0.7,0.24885625088166505,0.052486803796556236,0.5842016935348511,0.8739858865737915,0.12601405382156372,0.9020771384239197,0.09792280197143555,0.8458945751190186,0.15410536527633667,0.6908516665978782,0.6666666666666666,0.7272727272727273,0.6666666666666666,0.8,0.6493506493506493,0.6666666666666666,0.65,0.65,0.7,0.24885229100791031,0.16400729947619963,0.5808901786804199,0.8739858865737915,0.12601405382156372,0.9020771384239197,0.09792280197143555,0.8458945751190186,0.15410536527633667,0.20000000000000007,0.06666666666666665,0.1115204956796434,0.11666666666666659,0.0,0.09999999999999998,0.0993506493506493,0.09999999999999998,-3.9598737547330565e-06,0.12727272727272732,-0.0033115148544311523,0.0,0.0,0.0,0.11111111111111105,-7.888221806973128e-06,0.0,0.0,0.0
19,9,2,"[1, 2, 4, 6, 8, 9, 12, 16, 17]","[0, 3, 5, 7, 10, 11, 13, 14, 15]",9,9,20,0.6921842565648775,0.5555555555555556,0.5,0.6666666666666666,0.4,0.55,0.5833333333333333,0.575,0.575,0.55,0.24951855687459001,0.05303263001971781,0.6462497711181641,0.8702849745750427,0.12971508502960205,0.8863704800605774,0.11362951993942261,0.8541994690895081,0.14580053091049194,0.6926602374842604,0.4444444444444444,0.4444444444444444,0.5,0.4,0.4444444444444444,0.45,0.45,0.45,0.55,0.24975655171064362,0.05811842282613122,0.644539475440979,0.8702849745750427,0.12971508502960205,0.8863704800605774,0.11362951993942261,0.8541994690895081,0.14580053091049194,0.0,-0.16666666666666663,0.005085792806413414,-0.13333333333333325,0.0,-0.12499999999999994,-0.10555555555555562,-0.12499999999999994,0.0002379948360536066,-0.05555555555555558,-0.0017102956771850586,0.0,0.0,0.0,-0.11111111111111116,0.0004759809193829456,0.0,0.0,0.0
19,12,1,"[0, 1, 2, 5, 7, 8, 9, 10, 12, 13, 14, 16]","[3, 4, 6, 11, 15, 17]",12,6,20,0.6929066592909212,0.5,0.5714285714285714,0.5,0.6666666666666666,0.4857142857142857,0.5,0.5,0.5,0.5555555555555556,0.2498797578891542,0.002891679604848263,0.6768218278884888,0.8730975389480591,0.12690246105194092,0.8924322128295898,0.10756772756576538,0.8537628650665283,0.1462370753288269,0.6928268832936842,0.5,0.5714285714285714,0.5,0.6666666666666666,0.4857142857142857,0.5,0.5,0.5,0.5555555555555556,0.24983986591027904,0.002592513958613041,0.6703057885169983,0.8730975389480591,0.12690246105194092,0.8924322128295898,0.10756772756576538,0.8537628650665283,0.1462370753288269,0.0,0.0,-0.0002991656462352221,0.0,0.0,0.0,0.0,0.0,-3.9891978875161715e-05,0.0,-0.0065160393714904785,0.0,0.0,0.0,0.0,-7.977599723696382e-05,0.0,0.0,0.0
19,12,2,"[0, 1, 2, 3, 5, 7, 8, 11, 12, 14, 15, 16]","[4, 6, 9, 10, 13, 17]",12,6,20,0.6933414508515149,0.3333333333333333,0.3333333333333333,0.3333333333333333,0.3333333333333333,0.3333333333333333,0.3333333333333333,0.3333333333333333,0.3333333333333333,0.4444444444444445,0.2500971513064001,0.16847970088322956,0.6971812844276428,0.8540821075439453,0.145918071269989,0.8764293789863586,0.12357074022293091,0.8317347764968872,0.16826534271240234,0.6927067015562992,0.6666666666666666,0.75,0.6,1.0,0.625,0.8,0.6666666666666666,0.6666666666666666,0.5555555555555556,0.24977973637259168,0.16353142261505127,0.6687353849411011,0.8540821075439453,0.145918071269989,0.8764293789863586,0.12357074022293091,0.8317347764968872,0.16826534271240234,0.6666666666666667,0.26666666666666666,-0.0049482782681782855,0.46666666666666673,0.1111111111111111,0.3333333333333333,0.2916666666666667,0.3333333333333333,-0.0003174149338084076,0.4166666666666667,-0.028445899486541748,0.0,0.0,0.0,0.3333333333333333,-0.0006347492952156752,0.0,0.0,0.0
19,12,3,"[1, 2, 3, 4, 9, 10, 11, 12, 13, 14, 15, 16]","[0, 5, 6, 7, 8, 17]",12,6,20,0.688186273837894,1.0,1.0,1.0,1.0,1.0,1.0,1.0,1.0,1.0,0.2475196065112059,0.4975099265575409,0.6453371047973633,0.895683765411377,0.10431629419326782,0.9333509802818298,0.06664907932281494,0.8580165505409241,0.1419835090637207,0.6895531549374502,0.8333333333333334,0.8,1.0,0.6666666666666666,0.8285714285714285,0.875,0.8333333333333333,0.8333333333333333,1.0,0.24820303161109494,0.33152341842651367,0.6437313556671143,0.895683765411377,0.10431629419326782,0.9333509802818298,0.06664907932281494,0.8580165505409241,0.1419835090637207,-0.33333333333333337,0.0,-0.16598650813102722,-0.125,0.0,-0.16666666666666674,-0.17142857142857149,-0.16666666666666674,0.0006834250998890568,-0.19999999999999996,-0.0016057491302490234,0.0,0.0,0.0,-0.16666666666666663,0.001366881099556183,0.0,0.0,0.0
20,3,1,"[1, 4, 14]","[0, 2, 3, 5, 6, 7, 8, 9, 10, 11, 12, 13, 15, 16, 17]",3,15,20,0.6931468323524135,0.4,0.0,0.0,0.0,0.2857142857142857,0.2,0.5,0.5,0.9259259259259259,0.24999997666643903,0.10603706439336136,0.8697824478149414,0.8742688894271851,0.12573105096817017,0.9410551190376282,0.058944880962371826,0.8074827194213867,0.19251728057861328,0.6937710760331702,0.4,0.0,0.0,0.0,0.2857142857142857,0.2,0.5,0.5,0.8703703703703705,0.25031207474149453,0.10680965185165403,0.7776422500610352,0.8742688894271851,0.12573105096817017,0.9410551190376282,0.058944880962371826,0.8074827194213867,0.19251728057861328,0.0,0.0,0.0007725874582926728,0.0,-0.05555555555555547,0.0,0.0,0.0,0.00031209807505550025,0.0,-0.09214019775390625,0.0,0.0,0.0,0.0,0.0006242436807567531,0.0,0.0,0.0
20,3,2,"[0, 15, 16]","[1, 2, 3, 4, 5, 6, 7, 8, 9, 10, 11, 12, 13, 14, 17]",3,15,20,0.6927450253528334,0.4666666666666667,0.0,0.0,0.0,0.3181818181818182,0.23333333333333334,0.5,0.5,0.7321428571428571,0.24979904449209556,0.039732857545216826,0.7929649353027344,0.884210467338562,0.11578953266143799,0.9451102614402771,0.0548897385597229,0.8233107328414917,0.1766892671585083,0.6928243923683031,0.4666666666666667,0.0,0.0,0.0,0.3181818181818182,0.23333333333333334,0.5,0.5,0.6785714285714286,0.24983870017257642,0.039161968231201216,0.784718930721283,0.884210467338562,0.11578953266143799,0.9451102614402771,0.0548897385597229,0.8233107328414917,0.1766892671585083,0.0,0.0,-0.0005708893140156102,0.0,-0.05357142857142849,0.0,0.0,0.0,3.965568048086565e-05,0.0,-0.008246004581451416,0.0,0.0,0.0,0.0,7.936701546962244e-05,0.0,0.0,0.0
20,3,3,"[5, 7, 10]","[0, 1, 2, 3, 4, 6, 8, 9, 11, 12, 13, 14, 15, 16, 17]",3,15,20,0.6928807248510919,0.4666666666666667,0.0,0.0,0.0,0.3181818181818182,0.23333333333333334,0.5,0.5,0.7142857142857143,0.24986685115923202,0.039491351445515965,0.788283109664917,0.8711307048797607,0.1288691759109497,0.9398186206817627,0.060181260108947754,0.8024427890777588,0.19755709171295166,0.6926324036716668,0.4666666666666667,0.0,0.0,0.0,0.3181818181818182,0.23333333333333334,0.5,0.5,0.7142857142857143,0.24974269831273066,0.03879978656768801,0.7825956344604492,0.8711307048797607,0.1288691759109497,0.9398186206817627,0.060181260108947754,0.8024427890777588,0.19755709171295166,0.0,0.0,-0.0006915648778279548,0.0,0.0,0.0,0.0,0.0,-0.0001241528465013575,0.0,-0.0056874752044677734,0.0,0.0,0.0,0.0,-0.0002483211794250817,0.0,0.0,0.0
20,3,4,"[8, 13, 17]","[0, 1, 2, 3, 4, 5, 6, 7, 9, 10, 11, 12, 14, 15, 16]",3,15,20,0.6938817313648554,0.4,0.0,0.0,0.0,0.2857142857142857,0.2,0.5,0.5,0.7962962962962963,0.25036737072004833,0.10625945727030439,0.7911642789840698,0.8837634325027466,0.11623656749725342,0.9454368352890015,0.054563164710998535,0.8220900297164917,0.1779099702835083,0.6946274725748189,0.4,0.0,0.0,0.0,0.2857142857142857,0.2,0.5,0.5,0.7777777777777778,0.25074022099325344,0.10773499806721998,0.7787812948226929,0.8837634325027466,0.11623656749725342,0.9454368352890015,0.054563164710998535,0.8220900297164917,0.1779099702835083,0.0,0.0,0.0014755407969155865,0.0,-0.01851851851851849,0.0,0.0,0.0,0.00037285027320510533,0.0,-0.012382984161376953,0.0,0.0,0.0,0.0,0.000745741209963513,0.0,0.0,0.0
20,3,5,"[9, 11, 12]","[0, 1, 2, 3, 4, 5, 6, 7, 8, 10, 13, 14, 15, 16, 17]",3,15,20,0.6922376191962952,0.4666666666666667,0.0,0.0,0.0,0.3181818181818182,0.23333333333333334,0.5,0.5,0.75,0.2495453594325361,0.039510905742645264,0.7763047814369202,0.8843327760696411,0.11566728353500366,0.9458532929420471,0.05414682626724243,0.8228123188018799,0.17718780040740967,0.6923572477208773,0.4666666666666667,0.0,0.0,0.0,0.3181818181818182,0.23333333333333334,0.5,0.5,0.7142857142857143,0.2496051253657339,0.03879136641820269,0.77222740650177,0.8843327760696411,0.11566728353500366,0.9458532929420471,0.05414682626724243,0.8228123188018799,0.17718780040740967,0.0,0.0,-0.0007195393244425752,0.0,-0.0357142857142857,0.0,0.0,0.0,5.9765933197786225e-05,0.0,-0.0040773749351501465,0.0,0.0,0.0,0.0,0.00011962852458202722,0.0,0.0,0.0
20,3,6,"[2, 3, 6]","[0, 1, 4, 5, 7, 8, 9, 10, 11, 12, 13, 14, 15, 16, 17]",3,15,20,0.6926762235113217,0.4666666666666667,0.0,0.0,0.0,0.3181818181818182,0.23333333333333334,0.5,0.5,0.75,0.24976459662524847,0.03928135236104324,0.8091431856155396,0.8621243238449097,0.1378757357597351,0.9359534382820129,0.06404656171798706,0.7882951498031616,0.21170485019683838,0.6926464699857112,0.4666666666666667,0.0,0.0,0.0,0.3181818181818182,0.23333333333333334,0.5,0.5,0.7142857142857143,0.24974968561419147,0.038444340229034424,0.8037605285644531,0.8621243238449097,0.1378757357597351,0.9359534382820129,0.06404656171798706,0.7882951498031616,0.21170485019683838,0.0,0.0,-0.0008370121320088186,0.0,-0.0357142857142857,0.0,0.0,0.0,-1.4911011056994994e-05,0.0,-0.005382657051086426,0.0,0.0,0.0,0.0,-2.9753525610520803e-05,0.0,0.0,0.0
20,6,1,"[1, 2, 5, 7, 12, 15]","[0, 3, 4, 6, 8, 9, 10, 11, 13, 14, 16, 17]",6,12,20,0.6917728714400321,0.5,0.0,0.0,0.0,0.3333333333333333,0.25,0.5,0.5,0.7222222222222221,0.2493129578659349,0.005877320965131161,0.7970250248908997,0.871605396270752,0.12839460372924805,0.9405500888824463,0.05944991111755371,0.8026607632637024,0.1973392367362976,0.6917613411669596,0.5,0.0,0.0,0.0,0.3333333333333333,0.25,0.5,0.5,0.7222222222222221,0.24930715594740227,0.0052598615487416955,0.7803645133972168,0.871605396270752,0.12839460372924805,0.9405500888824463,0.05944991111755371,0.8026607632637024,0.1973392367362976,0.0,0.0,-0.0006174594163894653,0.0,0.0,0.0,0.0,0.0,-5.801918532638561e-06,0.0,-0.01666051149368286,0.0,0.0,0.0,0.0,-1.153027307243537e-05,0.0,0.0,0.0
20,6,2,"[4, 8, 10, 13, 14, 17]","[0, 1, 2, 3, 5, 6, 7, 9, 11, 12, 15, 16]",6,12,20,0.6923707724627935,0.4166666666666667,0.0,0.0,0.0,0.29411764705882354,0.20833333333333334,0.5,0.5,1.0,0.24961200050009227,0.08975656827290851,0.7962832450866699,0.8817657232284546,0.11823427677154541,0.9440981149673462,0.05590188503265381,0.819433331489563,0.180566668510437,0.6922198068859693,0.4166666666666667,0.0,0.0,0.0,0.29411764705882354,0.20833333333333334,0.5,0.5,1.0,0.24953655072625894,0.09000285466512042,0.7721809148788452,0.8817657232284546,0.11823427677154541,0.9440981149673462,0.05590188503265381,0.819433331489563,0.180566668510437,0.0,0.0,0.00024628639221191406,0.0,0.0,0.0,0.0,0.0,-7.544977383333595e-05,0.0,-0.024102330207824707,0.0,0.0,0.0,0.0,-0.00015096557682425793,0.0,0.0,0.0
20,6,3,"[0, 3, 6, 9, 11, 16]","[1, 2, 4, 5, 7, 8, 10, 12, 13, 14, 15, 17]",6,12,20,0.6946404344115796,0.4166666666666667,0.0,0.0,0.0,0.29411764705882354,0.20833333333333334,0.5,0.5,0.6285714285714286,0.25074664118177253,0.08952260514100391,0.8243723511695862,0.8765423893928528,0.12345767021179199,0.9419655799865723,0.058034420013427734,0.8111191987991333,0.1888808012008667,0.695002728228966,0.4166666666666667,0.0,0.0,0.0,0.29411764705882354,0.20833333333333334,0.5,0.5,0.6285714285714286,0.25092775928446004,0.09039369225502009,0.8025202751159668,0.8765423893928528,0.12345767021179199,0.9419655799865723,0.058034420013427734,0.8111191987991333,0.1888808012008667,0.0,0.0,0.000871087114016178,0.0,0.0,0.0,0.0,0.0,0.00018111810268750528,0.0,-0.021852076053619385,0.0,0.0,0.0,0.0,0.0003622938173863943,0.0,0.0,0.0
20,9,1,"[0, 5, 8, 9, 10, 11, 14, 16, 17]","[1, 2, 3, 4, 6, 7, 12, 13, 15]",9,9,20,0.6933253216703009,0.4444444444444444,0.0,0.0,0.0,0.3076923076923077,0.2222222222222222,0.5,0.5,0.7,0.25008919749483993,0.06288186709086108,0.8245106935501099,0.894343912601471,0.10565614700317383,0.9492812752723694,0.050718724727630615,0.8394065499305725,0.1605934500694275,0.6933900382437397,0.4444444444444444,0.0,0.0,0.0,0.3076923076923077,0.2222222222222222,0.5,0.5,0.65,0.2501215105606717,0.06225978665881693,0.7947829961776733,0.894343912601471,0.10565614700317383,0.9492812752723694,0.050718724727630615,0.8394065499305725,0.1605934500694275,0.0,0.0,-0.0006220804320441475,0.0,-0.04999999999999993,0.0,0.0,0.0,3.23130658317905e-05,0.0,-0.029727697372436523,0.0,0.0,0.0,0.0,6.471657343876114e-05,0.0,0.0,0.0
20,9,2,"[1, 2, 3, 4, 6, 7, 12, 13, 15]","[0, 5, 8, 9, 10, 11, 14, 16, 17]",9,9,20,0.6925306807807083,0.4444444444444444,0.0,0.0,0.0,0.3076923076923077,0.2222222222222222,0.5,0.5,0.8,0.24969183418397525,0.06055590841505265,0.8553230166435242,0.8589317798614502,0.1410682201385498,0.9351280331611633,0.06487196683883667,0.7827355265617371,0.21726447343826294,0.6928311996757601,0.4444444444444444,0.0,0.0,0.0,0.3076923076923077,0.2222222222222222,0.5,0.5,0.8,0.24984204298044344,0.05970570776197648,0.831910252571106,0.8589317798614502,0.1410682201385498,0.9351280331611633,0.06487196683883667,0.7827355265617371,0.21726447343826294,0.0,0.0,-0.0008502006530761719,0.0,0.0,0.0,0.0,0.0,0.00015020879646818197,0.0,-0.023412764072418213,0.0,0.0,0.0,0.0,0.0003005188950517823,0.0,0.0,0.0
20,12,1,"[2, 4, 5, 6, 7, 8, 9, 11, 12, 13, 15, 16]","[0, 1, 3, 10, 14, 17]",12,6,20,0.6896822643227289,0.5,0.0,0.0,0.0,0.3333333333333333,0.25,0.5,0.5,0.7777777777777779,0.24826784975590233,0.005371123552322388,0.8998022079467773,0.8656566143035889,0.13434338569641113,0.9393782019615173,0.06062173843383789,0.7919349670410156,0.2080649733543396,0.6893424268894162,0.5,0.0,0.0,0.0,0.3333333333333333,0.25,0.5,0.5,0.7777777777777779,0.2480978900329034,0.004394203424453735,0.8556702136993408,0.8656566143035889,0.13434338569641113,0.9393782019615173,0.06062173843383789,0.7919349670410156,0.2080649733543396,0.0,0.0,-0.0009769201278686523,0.0,0.0,0.0,0.0,0.0,-0.0001699597229989358,0.0,-0.04413199424743652,0.0,0.0,0.0,0.0,-0.00033983743331278404,0.0,0.0,0.0
20,12,2,"[0, 1, 3, 4, 5, 8, 9, 10, 12, 13, 15, 17]","[2, 6, 7, 11, 14, 16]",12,6,20,0.692260275300857,0.5,0.0,0.0,0.0,0.3333333333333333,0.25,0.5,0.5,0.6666666666666667,0.24955669056041385,0.006086955467859867,0.8793767094612122,0.896511435508728,0.10348856449127197,0.9512245655059814,0.048775434494018555,0.8417983055114746,0.1582016944885254,0.6917212885874245,0.5,0.0,0.0,0.0,0.3333333333333333,0.25,0.5,0.5,0.6666666666666667,0.24928722322848706,0.004800260066986084,0.8234134912490845,0.896511435508728,0.10348856449127197,0.9512245655059814,0.048775434494018555,0.8417983055114746,0.1582016944885254,0.0,0.0,-0.001286695400873783,0.0,0.0,0.0,0.0,0.0,-0.00026946733192678707,0.0,-0.055963218212127686,0.0,0.0,0.0,0.0,-0.0005389867134324433,0.0,0.0,0.0
20,12,3,"[0, 2, 4, 7, 8, 9, 10, 11, 12, 14, 16, 17]","[1, 3, 5, 6, 13, 15]",12,6,20,0.6910224338450991,0.5,0.0,0.0,0.0,0.3333333333333333,0.25,0.5,0.5,0.7777777777777779,0.24893787785031632,0.006718466679255131,0.8698935508728027,0.8929056525230408,0.10709422826766968,0.9483919143676758,0.05160796642303467,0.8374193906784058,0.1625804901123047,0.6910785979828568,0.5,0.0,0.0,0.0,0.3333333333333333,0.25,0.5,0.5,0.7777777777777779,0.2489659111746052,0.005671501159667969,0.8145170211791992,0.8929056525230408,0.10709422826766968,0.9483919143676758,0.05160796642303467,0.8374193906784058,0.1625804901123047,0.0,0.0,-0.0010469655195871619,0.0,0.0,0.0,0.0,0.0,2.8033324288884165e-05,0.0,-0.055376529693603516,0.0,0.0,0.0,0.0,5.6164137757663823e-05,0.0,0.0,0.0
21,3,1,"[0, 5, 9]","[1, 2, 3, 4, 6, 7, 8, 10, 11, 12, 13, 14, 15, 16, 17]",3,15,20,0.6910703303274133,0.6,0.625,1.0,0.45454545454545453,0.5982142857142857,0.7,0.7272727272727273,0.7272727272727273,0.9090909090909091,0.24896160190356903,0.09782080650329583,0.7621413469314575,0.878556489944458,0.12144345045089722,0.94642174243927,0.05357825756072998,0.810691237449646,0.189308762550354,0.6894693556617749,0.8666666666666667,0.9090909090909091,0.9090909090909091,0.9090909090909091,0.8295454545454546,0.8295454545454546,0.8295454545454546,0.8295454545454546,0.8863636363636364,0.24816113032722587,0.36447213093439745,0.6635507941246033,0.878556489944458,0.12144345045089722,0.94642174243927,0.05357825756072998,0.810691237449646,0.189308762550354,0.45454545454545453,-0.09090909090909094,0.2666513244311016,0.12954545454545463,-0.022727272727272707,0.10227272727272729,0.2313311688311689,0.10227272727272729,-0.0008004715763431647,0.28409090909090906,-0.09859055280685425,0.0,0.0,0.0,0.2666666666666667,-0.001600974665638355,0.0,0.0,0.0
21,3,2,"[6, 11, 14]","[0, 1, 2, 3, 4, 5, 7, 8, 9, 10, 12, 13, 15, 16, 17]",3,15,20,0.6914550099537436,0.6,0.625,1.0,0.45454545454545453,0.5982142857142857,0.7,0.7272727272727273,0.7272727272727273,0.8863636363636364,0.24915393967472793,0.0978577017784118,0.6636804938316345,0.8812519311904907,0.11874812841415405,0.9462708830833435,0.053729116916656494,0.8162329196929932,0.18376708030700684,0.6901332173810842,0.7333333333333333,0.7777777777777778,1.0,0.6363636363636364,0.7222222222222222,0.75,0.8181818181818181,0.8181818181818181,0.8863636363636364,0.24849305152373416,0.23131093978881834,0.6608342528343201,0.8812519311904907,0.11874812841415405,0.9462708830833435,0.053729116916656494,0.8162329196929932,0.18376708030700684,0.18181818181818182,0.0,0.13345323801040654,0.050000000000000044,0.0,0.09090909090909083,0.12400793650793651,0.09090909090909083,-0.0006608881509937714,0.1527777777777778,-0.002846240997314453,0.0,0.0,0.0,0.1333333333333333,-0.0013217925726594082,0.0,0.0,0.0
21,3,3,"[12, 13, 16]","[0, 1, 2, 3, 4, 5, 6, 7, 8, 9, 10, 11, 14, 15, 17]",3,15,20,0.691895749885518,0.6,0.6666666666666666,1.0,0.5,0.5833333333333333,0.6666666666666666,0.75,0.75,0.8333333333333334,0.2493742982923442,0.09795935948689771,0.6743329763412476,0.8798977732658386,0.12010222673416138,0.9460345506668091,0.05396544933319092,0.8137609958648682,0.18623900413513184,0.6919797154374077,0.6,0.6666666666666666,1.0,0.5,0.5833333333333333,0.6666666666666666,0.75,0.75,0.8333333333333334,0.24941627935183305,0.0978278994560241,0.6734047532081604,0.8798977732658386,0.12010222673416138,0.9460345506668091,0.05396544933319092,0.8137609958648682,0.18623900413513184,0.0,0.0,-0.00013146003087360913,0.0,0.0,0.0,0.0,0.0,4.198105948885478e-05,0.0,-0.0009282231330871582,0.0,0.0,0.0,0.0,8.396555188960875e-05,0.0,0.0,0.0
21,3,4,"[8, 15, 17]","[0, 1, 2, 3, 4, 5, 6, 7, 9, 10, 11, 12, 13, 14, 16]",3,15,20,0.6923305017853509,0.5333333333333333,0.5882352941176471,1.0,0.4166666666666667,0.5248868778280543,0.65,0.7083333333333334,0.7083333333333334,0.861111111111111,0.24959167558801662,0.03154735565185551,0.6744361519813538,0.8820942640304565,0.11790573596954346,0.9470383524894714,0.052961647510528564,0.8171501159667969,0.18284988403320312,0.6907943191925529,0.7333333333333333,0.8,1.0,0.6666666666666666,0.7,0.7142857142857143,0.8333333333333333,0.8333333333333333,0.9166666666666667,0.24882358386271228,0.23160564104715975,0.6668037176132202,0.8820942640304565,0.11790573596954346,0.9470383524894714,0.052961647510528564,0.8171501159667969,0.18284988403320312,0.24999999999999994,0.0,0.20005828539530424,0.06428571428571428,0.05555555555555569,0.12499999999999989,0.17511312217194563,0.12499999999999989,-0.0007680917253043429,0.21176470588235297,-0.007632434368133545,0.0,0.0,0.0,0.19999999999999996,-0.0015361825927980854,0.0,0.0,0.0
21,3,5,"[1, 4, 7]","[0, 2, 3, 5, 6, 8, 9, 10, 11, 12, 13, 14, 15, 16, 17]",3,15,20,0.691933072026436,0.4666666666666667,0.5,1.0,0.3333333333333333,0.4642857142857143,0.6363636363636364,0.6666666666666666,0.6666666666666666,0.9722222222222223,0.24939297114000686,0.035548714796702074,0.681230366230011,0.8782275915145874,0.12177246809005737,0.9467462301254272,0.053253769874572754,0.8097088932991028,0.19029110670089722,0.6910970640355772,0.6,0.6666666666666666,1.0,0.5,0.5833333333333333,0.6666666666666666,0.75,0.75,1.0,0.2489749667256838,0.09803526401519769,0.6778630614280701,0.8782275915145874,0.12177246809005737,0.9467462301254272,0.053253769874572754,0.8097088932991028,0.19029110670089722,0.16666666666666669,0.0,0.06248654921849561,0.030303030303030276,0.02777777777777768,0.08333333333333337,0.11904761904761896,0.08333333333333337,-0.0004180044143230477,0.16666666666666663,-0.003367304801940918,0.0,0.0,0.0,0.1333333333333333,-0.0008360079908587004,0.0,0.0,0.0
21,3,6,"[2, 3, 10]","[0, 1, 4, 5, 6, 7, 8, 9, 11, 12, 13, 14, 15, 16, 17]",3,15,20,0.6916290457511496,0.5333333333333333,0.5882352941176471,1.0,0.4166666666666667,0.5248868778280543,0.65,0.7083333333333334,0.7083333333333334,0.888888888888889,0.24924095681549943,0.031368815898895286,0.6809712648391724,0.8776161670684814,0.12238383293151855,0.9450223445892334,0.0549776554107666,0.8102100491523743,0.18978995084762573,0.6907628424112288,0.6666666666666666,0.7368421052631579,1.0,0.5833333333333334,0.6411483253588517,0.6875,0.7916666666666667,0.7916666666666667,0.8611111111111112,0.2488078516601196,0.1648359656333923,0.6762228608131409,0.8776161670684814,0.12238383293151855,0.9450223445892334,0.0549776554107666,0.8102100491523743,0.18978995084762573,0.16666666666666669,0.0,0.13346714973449703,0.03749999999999998,-0.02777777777777779,0.08333333333333337,0.11626144753079737,0.08333333333333337,-0.00043310515537983707,0.14860681114551078,-0.004748404026031494,0.0,0.0,0.0,0.1333333333333333,-0.0008662033399208235,0.0,0.0,0.0
21,6,1,"[4, 6, 8, 10, 11, 12]","[0, 1, 2, 3, 5, 7, 9, 13, 14, 15, 16, 17]",6,12,20,0.6910241045096823,0.6666666666666666,0.7142857142857143,1.0,0.5555555555555556,0.6571428571428571,0.7142857142857143,0.7777777777777778,0.7777777777777778,0.888888888888889,0.24893849212660335,0.16453119119008375,0.6717699766159058,0.8782899379730225,0.12171006202697754,0.9456611275672913,0.05433887243270874,0.8109187483787537,0.18908125162124634,0.6882270608353619,0.6666666666666666,0.75,0.8571428571428571,0.6666666666666666,0.625,0.6285714285714286,0.6666666666666666,0.6666666666666666,0.7777777777777778,0.24754006981391194,0.16351093351840973,0.6458684206008911,0.8782899379730225,0.12171006202697754,0.9456611275672913,0.05433887243270874,0.8109187483787537,0.18908125162124634,0.11111111111111105,-0.1428571428571429,-0.0010202576716740186,-0.08571428571428574,-0.11111111111111116,-0.11111111111111116,-0.03214285714285714,-0.11111111111111116,-0.0013984223126914108,0.0357142857142857,-0.02590155601501465,0.0,0.0,0.0,0.0,-0.002797043674320432,0.0,0.0,0.0
21,6,2,"[0, 2, 3, 9, 15, 16]","[1, 4, 5, 6, 7, 8, 10, 11, 12, 13, 14, 17]",6,12,20,0.691700356347332,0.5833333333333334,0.6666666666666666,1.0,0.5,0.5555555555555556,0.6428571428571428,0.75,0.75,0.9,0.2492766012356249,0.08147260546684265,0.7254284620285034,0.8774898052215576,0.12251013517379761,0.9445242285728455,0.05547577142715454,0.8104554414749146,0.18954455852508545,0.690687714364027,0.6666666666666666,0.75,1.0,0.6,0.625,0.6666666666666666,0.8,0.8,0.85,0.2487702934987727,0.16487550238768256,0.7165663242340088,0.8774898052215576,0.12251013517379761,0.9445242285728455,0.05547577142715454,0.8104554414749146,0.18954455852508545,0.09999999999999998,0.0,0.08340289692083991,0.023809523809523836,-0.050000000000000044,0.050000000000000044,0.06944444444444442,0.050000000000000044,-0.0005063077368522018,0.08333333333333337,-0.008862137794494629,0.0,0.0,0.0,0.08333333333333326,-0.0010126419833049738,0.0,0.0,0.0
21,6,3,"[1, 5, 7, 13, 14, 17]","[0, 2, 3, 4, 6, 8, 9, 10, 11, 12, 15, 16]",6,12,20,0.6924323940077918,0.4166666666666667,0.36363636363636365,1.0,0.2222222222222222,0.4125874125874126,0.65,0.6111111111111112,0.6111111111111112,0.962962962962963,0.24964262834485376,0.08550113439559931,0.6865951418876648,0.8830422163009644,0.11695784330368042,0.9485814571380615,0.05141854286193848,0.8175029158592224,0.1824970841407776,0.6890683562164585,0.6666666666666666,0.75,0.8571428571428571,0.6666666666666666,0.625,0.6285714285714286,0.6666666666666666,0.6666666666666666,0.8518518518518519,0.24796064788513536,0.16416172683238983,0.660476803779602,0.8830422163009644,0.11695784330368042,0.9485814571380615,0.05141854286193848,0.8175029158592224,0.1824970841407776,0.4444444444444444,-0.1428571428571429,0.07866059243679052,-0.021428571428571463,-0.11111111111111116,0.05555555555555547,0.2124125874125874,0.05555555555555547,-0.0016819804597184018,0.38636363636363635,-0.026118338108062744,0.0,0.0,0.0,0.24999999999999994,-0.0033640377913333186,0.0,0.0,0.0
21,9,1,"[0, 1, 4, 5, 7, 10, 13, 14, 16]","[2, 3, 6, 8, 9, 11, 12, 15, 17]",9,9,20,0.6915652076299763,0.4444444444444444,0.4444444444444444,1.0,0.2857142857142857,0.4444444444444444,0.6428571428571428,0.6428571428571428,0.6428571428571428,1.0,0.24920903145445936,0.05764363871680367,0.7471335530281067,0.8774145841598511,0.12258529663085938,0.9460797905921936,0.053920090198516846,0.8087494373321533,0.1912505030632019,0.6896977694953218,0.7777777777777778,0.8333333333333334,1.0,0.7142857142857143,0.75,0.75,0.8571428571428572,0.8571428571428572,0.8571428571428572,0.24827535096223377,0.27551654974619544,0.7341346740722656,0.8774145841598511,0.12258529663085938,0.9460797905921936,0.053920090198516846,0.8087494373321533,0.1912505030632019,0.4285714285714286,0.0,0.21787291102939177,0.1071428571428572,-0.1428571428571428,0.2142857142857144,0.3055555555555556,0.2142857142857144,-0.0009336804922255859,0.38888888888888895,-0.012998878955841064,0.0,0.0,0.0,0.33333333333333337,-0.0018674381346545088,0.0,0.0,0.0
21,9,2,"[2, 3, 6, 8, 9, 11, 12, 15, 17]","[0, 1, 4, 5, 7, 10, 13, 14, 16]",9,9,20,0.6918727691034232,0.6666666666666666,0.7272727272727273,1.0,0.5714285714285714,0.6493506493506493,0.7,0.7857142857142857,0.7857142857142857,0.8571428571428572,0.24936280661897137,0.1646453804439968,0.717273473739624,0.8818000555038452,0.11819982528686523,0.9464315176010132,0.05356842279434204,0.817168653011322,0.1828312873840332,0.6894058406340201,0.6666666666666666,0.7692307692307693,0.8333333333333334,0.7142857142857143,0.5846153846153846,0.5833333333333334,0.6071428571428572,0.6071428571428572,0.8571428571428572,0.2481293725138933,0.16442620754241943,0.7022436857223511,0.8818000555038452,0.11819982528686523,0.9464315176010132,0.05356842279434204,0.817168653011322,0.1828312873840332,0.1428571428571429,-0.16666666666666663,-0.00021917290157735803,-0.11666666666666659,0.0,-0.1785714285714285,-0.0647352647352647,-0.1785714285714285,-0.0012334341050780628,0.04195804195804198,-0.01502978801727295,0.0,0.0,0.0,0.0,-0.002466928469403107,0.0,0.0,0.0
21,12,1,"[0, 1, 2, 3, 5, 8, 9, 10, 12, 13, 16, 17]","[4, 6, 7, 11, 14, 15]",12,6,20,0.6926740527142544,0.5,0.5714285714285714,1.0,0.4,0.4857142857142857,0.625,0.7,0.7,0.6,0.24976342920655994,0.001590818166732788,0.736346960067749,0.8729069232940674,0.12709307670593262,0.9428811073303223,0.05711895227432251,0.8029327988624573,0.1970672607421875,0.6903491901534323,0.6666666666666666,0.8,0.8,0.8,0.4,0.4,0.4,0.4,0.8,0.2486010306392917,0.16458397110303236,0.7121381759643555,0.8729069232940674,0.12709307670593262,0.9428811073303223,0.05711895227432251,0.8029327988624573,0.1970672607421875,0.4,-0.19999999999999996,0.16299315293629957,-0.22499999999999998,0.20000000000000007,-0.29999999999999993,-0.08571428571428569,-0.29999999999999993,-0.0011623985672682413,0.22857142857142865,-0.024208784103393555,0.0,0.0,0.0,0.16666666666666663,-0.002324862560822094,0.0,0.0,0.0
21,12,2,"[1, 2, 3, 4, 5, 6, 7, 10, 11, 12, 13, 16]","[0, 8, 9, 14, 15, 17]",12,6,20,0.6912396955699517,0.5,0.5714285714285714,1.0,0.4,0.4857142857142857,0.625,0.7,0.7,1.0,0.24904629106299728,0.0027012030283609656,0.6893153786659241,0.8762938976287842,0.12370610237121582,0.9466698169708252,0.053330183029174805,0.8059179782867432,0.19408202171325684,0.6880260654793666,0.5,0.5714285714285714,1.0,0.4,0.4857142857142857,0.625,0.7,0.7,1.0,0.24743966530125835,0.003254304329554203,0.6514261364936829,0.8762938976287842,0.12370610237121582,0.9466698169708252,0.053330183029174805,0.8059179782867432,0.19408202171325684,0.0,0.0,0.0005531013011932373,0.0,0.0,0.0,0.0,0.0,-0.0016066257617389224,0.0,-0.03788924217224121,0.0,0.0,0.0,0.0,-0.0032136300905850623,0.0,0.0,0.0
21,12,3,"[0, 2, 3, 4, 8, 9, 11, 12, 14, 15, 16, 17]","[1, 5, 6, 7, 10, 13]",12,6,20,0.6938707653719448,0.5,0.5714285714285714,1.0,0.4,0.4857142857142857,0.625,0.7,0.7,0.8,0.2503617766489989,0.0013384421666463586,0.754785418510437,0.8751450777053833,0.12485486268997192,0.9409741759300232,0.05902576446533203,0.8093159794807434,0.19068396091461182,0.6913362742701832,0.6666666666666666,0.8,0.8,0.8,0.4,0.4,0.4,0.4,0.8,0.2490945521729279,0.16523672143618262,0.7207111120223999,0.8751450777053833,0.12485486268997192,0.9409741759300232,0.05902576446533203,0.8093159794807434,0.19068396091461182,0.4,-0.19999999999999996,0.16389827926953626,-0.22499999999999998,0.0,-0.29999999999999993,-0.08571428571428569,-0.29999999999999993,-0.0012672244760709994,0.22857142857142865,-0.03407430648803711,0.0,0.0,0.0,0.16666666666666663,-0.0025344911017616267,0.0,0.0,0.0
22,3,1,"[2, 8, 15]","[0, 1, 3, 4, 5, 6, 7, 9, 10, 11, 12, 13, 14, 16, 17]",3,15,20,0.6896407397893277,0.7333333333333333,0.7777777777777778,0.7,0.875,0.7222222222222222,0.75,0.7232142857142857,0.7232142857142857,0.8214285714285714,0.24824684779826064,0.23045200904210406,0.6499253511428833,0.9290003776550293,0.07099968194961548,0.9682148098945618,0.03178530931472778,0.8897860050201416,0.11021411418914795,0.6895346996549824,0.7333333333333333,0.8,0.6666666666666666,1.0,0.7,0.8333333333333333,0.7142857142857143,0.7142857142857143,0.8214285714285714,0.24819384518348223,0.23026324907938633,0.5566955804824829,0.9290003776550293,0.07099968194961548,0.9682148098945618,0.03178530931472778,0.8897860050201416,0.11021411418914795,0.125,-0.033333333333333326,-0.00018875996271772166,0.08333333333333326,0.0,-0.008928571428571397,-0.022222222222222254,-0.008928571428571397,-5.3002614778419055e-05,0.022222222222222254,-0.09322977066040039,0.0,0.0,0.0,0.0,-0.0001060401343453421,0.0,0.0,0.0
22,3,2,"[1, 7, 12]","[0, 2, 3, 4, 5, 6, 8, 9, 10, 11, 13, 14, 15, 16, 17]",3,15,20,0.6904088489814655,0.6666666666666666,0.7368421052631579,0.6363636363636364,0.875,0.6411483253588517,0.6931818181818181,0.6517857142857143,0.6517857142857143,0.7142857142857143,0.24863088908597977,0.16385504802068074,0.5568769574165344,0.9307640790939331,0.0692359209060669,0.9691109657287598,0.030889034271240234,0.8924171328544617,0.10758286714553833,0.6906069384282163,0.6666666666666666,0.7368421052631579,0.6363636363636364,0.875,0.6411483253588517,0.6931818181818181,0.6517857142857143,0.6517857142857143,0.6964285714285715,0.24872994827509334,0.1636805931727091,0.5574989318847656,0.9307640790939331,0.0692359209060669,0.9691109657287598,0.030889034271240234,0.8924171328544617,0.10758286714553833,0.0,0.0,-0.0001744548479716279,0.0,-0.017857142857142794,0.0,0.0,0.0,9.905918911357059e-05,0.0,0.0006219744682312012,0.0,0.0,0.0,0.0,0.0001980894467508154,0.0,0.0,0.0
22,3,3,"[4, 9, 13]","[0, 1, 2, 3, 5, 6, 7, 8, 10, 11, 12, 14, 15, 16, 17]",3,15,20,0.6881882785163832,0.8,0.8421052631578947,0.8,0.8888888888888888,0.784688995215311,0.8,0.7777777777777777,0.7777777777777777,0.9074074074074074,0.24752064539147883,0.29716704289118456,0.5627685189247131,0.9223806858062744,0.07761937379837036,0.9656147956848145,0.03438520431518555,0.8791465163230896,0.1208534836769104,0.6884130039633604,0.8666666666666667,0.8888888888888888,0.8888888888888888,0.8888888888888888,0.8611111111111112,0.8611111111111112,0.8611111111111112,0.8611111111111112,0.9259259259259259,0.2476329907174253,0.36392695506413786,0.5629557967185974,0.9223806858062744,0.07761937379837036,0.9656147956848145,0.03438520431518555,0.8791465163230896,0.1208534836769104,0.0,0.0888888888888888,0.0667599121729533,0.061111111111111116,0.01851851851851849,0.08333333333333348,0.07642211589580017,0.08333333333333348,0.00011234532594647795,0.04678362573099415,0.00018727779388427734,0.0,0.0,0.0,0.06666666666666665,0.00022472544697715868,0.0,0.0,0.0
22,3,4,"[0, 10, 16]","[1, 2, 3, 4, 5, 6, 7, 8, 9, 11, 12, 13, 14, 15, 17]",3,15,20,0.6898302964638253,0.8,0.8421052631578947,0.7272727272727273,1.0,0.784688995215311,0.8636363636363636,0.7857142857142857,0.7857142857142857,0.7678571428571428,0.24834161929338397,0.2969231049219768,0.5560460686683655,0.9273416996002197,0.0726582407951355,0.9667120575904846,0.033287882804870605,0.8879713416099548,0.11202859878540039,0.6897925137680067,0.8,0.8421052631578947,0.7272727272727273,1.0,0.784688995215311,0.8636363636363636,0.7857142857142857,0.7857142857142857,0.7678571428571428,0.2483227285565602,0.29698246320088706,0.5547866225242615,0.9273416996002197,0.0726582407951355,0.9667120575904846,0.033287882804870605,0.8879713416099548,0.11202859878540039,0.0,0.0,5.9358278910237594e-05,0.0,0.0,0.0,0.0,0.0,-1.88907368237623e-05,0.0,-0.001259446144104004,0.0,0.0,0.0,0.0,-3.778269581866667e-05,0.0,0.0,0.0
22,3,5,"[3, 5, 11]","[0, 1, 2, 4, 6, 7, 8, 9, 10, 12, 13, 14, 15, 16, 17]",3,15,20,0.690991565870685,0.6666666666666666,0.7368421052631579,0.6363636363636364,0.875,0.6411483253588517,0.6931818181818181,0.6517857142857143,0.6517857142857143,0.7321428571428572,0.24892221720770338,0.1641493360201517,0.5701771378517151,0.923938512802124,0.07606160640716553,0.9651622176170349,0.03483784198760986,0.8827147483825684,0.11728537082672119,0.6910198624305129,0.6666666666666666,0.7368421052631579,0.6363636363636364,0.875,0.6411483253588517,0.6931818181818181,0.6517857142857143,0.6517857142857143,0.7321428571428572,0.24893636534295271,0.1640989263852437,0.5706130266189575,0.923938512802124,0.07606160640716553,0.9651622176170349,0.03483784198760986,0.8827147483825684,0.11728537082672119,0.0,0.0,-5.0409634907988554e-05,0.0,0.0,0.0,0.0,0.0,1.4148135249331117e-05,0.0,0.00043588876724243164,0.0,0.0,0.0,0.0,2.829655982794499e-05,0.0,0.0,0.0
22,3,6,"[6, 14, 17]","[0, 1, 2, 3, 4, 5, 7, 8, 9, 10, 11, 12, 13, 15, 16]",3,15,20,0.6897326991551048,0.6666666666666666,0.7619047619047619,0.6666666666666666,0.8888888888888888,0.6031746031746031,0.6666666666666666,0.611111111111111,0.611111111111111,0.6851851851851852,0.24829283302221164,0.16351475715637198,0.5586119890213013,0.9250404834747314,0.07495951652526855,0.9653578400611877,0.034642159938812256,0.8847231268882751,0.11527687311172485,0.6897293005127288,0.7333333333333333,0.8181818181818182,0.6923076923076923,1.0,0.6590909090909092,0.8461538461538461,0.6666666666666666,0.6666666666666666,0.7037037037037037,0.24829114146042067,0.23013627529144287,0.5580018758773804,0.9250404834747314,0.07495951652526855,0.9653578400611877,0.034642159938812256,0.8847231268882751,0.11527687311172485,0.11111111111111116,0.02564102564102566,0.06662151813507089,0.17948717948717952,0.01851851851851849,0.05555555555555558,0.05591630591630603,0.05555555555555558,-1.6915617909729619e-06,0.05627705627705637,-0.0006101131439208984,0.0,0.0,0.0,0.06666666666666665,-3.3986423759735374e-06,0.0,0.0,0.0
22,6,1,"[4, 5, 6, 9, 16, 17]","[0, 1, 2, 3, 7, 8, 10, 11, 12, 13, 14, 15]",6,12,20,0.6882121275662413,0.75,0.8,0.75,0.8571428571428571,0.7333333333333334,0.75,0.7285714285714285,0.7285714285714285,0.8571428571428572,0.24753258520987295,0.2467549443244934,0.5808221697807312,0.9241191148757935,0.07588094472885132,0.9647480249404907,0.03525203466415405,0.8834901452064514,0.11650991439819336,0.6883505551432313,0.8333333333333334,0.875,0.7777777777777778,1.0,0.8125,0.8888888888888888,0.8,0.8,0.8857142857142857,0.24760180700125,0.3300385971864065,0.5762163400650024,0.9241191148757935,0.07588094472885132,0.9647480249404907,0.03525203466415405,0.8834901452064514,0.11650991439819336,0.1428571428571429,0.02777777777777779,0.08328365286191308,0.13888888888888884,0.02857142857142847,0.07142857142857151,0.07916666666666661,0.07142857142857151,6.922179137705542e-05,0.07499999999999996,-0.00460582971572876,0.0,0.0,0.0,0.08333333333333337,0.00013842757699000785,0.0,0.0,0.0
22,6,2,"[1, 3, 8, 10, 11, 12]","[0, 2, 4, 5, 6, 7, 9, 13, 14, 15, 16, 17]",6,12,20,0.6912269619314629,0.75,0.8,0.6666666666666666,1.0,0.7333333333333334,0.8333333333333333,0.75,0.75,0.7500000000000001,0.24903990209961688,0.24765318135420478,0.5793826580047607,0.9329169392585754,0.06708306074142456,0.9707947373390198,0.029205262660980225,0.8950391411781311,0.1049608588218689,0.6915855923120078,0.75,0.8,0.6666666666666666,1.0,0.7333333333333334,0.8333333333333333,0.75,0.75,0.6666666666666667,0.24921921997406105,0.24728199342886603,0.5791727304458618,0.9329169392585754,0.06708306074142456,0.9707947373390198,0.029205262660980225,0.8950391411781311,0.1049608588218689,0.0,0.0,-0.0003711879253387451,0.0,-0.08333333333333337,0.0,0.0,0.0,0.00017931787444416813,0.0,-0.00020992755889892578,0.0,0.0,0.0,0.0,0.0003586303805448443,0.0,0.0,0.0
22,6,3,"[0, 2, 7, 13, 14, 15]","[1, 3, 4, 5, 6, 8, 9, 10, 11, 12, 16, 17]",6,12,20,0.6899571248906916,0.6666666666666666,0.75,0.6666666666666666,0.8571428571428571,0.625,0.6666666666666666,0.6285714285714286,0.6285714285714286,0.7142857142857143,0.2484050385900193,0.16362252334753669,0.5631043910980225,0.9222002029418945,0.07779985666275024,0.9645437598228455,0.03545624017715454,0.8798565864562988,0.12014341354370117,0.6897746686172325,0.8333333333333334,0.875,0.7777777777777778,1.0,0.8125,0.8888888888888888,0.8,0.8,0.7142857142857143,0.2483138201258658,0.3300737986962001,0.5624393224716187,0.9222002029418945,0.07779985666275024,0.9645437598228455,0.03545624017715454,0.8798565864562988,0.12014341354370117,0.1428571428571429,0.11111111111111116,0.16645127534866344,0.2222222222222222,0.0,0.17142857142857149,0.1875,0.17142857142857149,-9.121846415349744e-05,0.125,-0.0006650686264038086,0.0,0.0,0.0,0.16666666666666674,-0.00018245627345914173,0.0,0.0,0.0
22,9,1,"[0, 3, 5, 6, 7, 9, 11, 12, 13]","[1, 2, 4, 8, 10, 14, 15, 16, 17]",9,9,20,0.6903075225184592,0.6666666666666666,0.7272727272727273,0.6666666666666666,0.8,0.6493506493506493,0.6666666666666666,0.65,0.65,0.8,0.24858021780396655,0.1646720237202114,0.5945090055465698,0.9314451217651367,0.06855487823486328,0.967139720916748,0.03286027908325195,0.8957504630088806,0.10424953699111938,0.6900602699394734,0.7777777777777778,0.8333333333333334,0.7142857142857143,1.0,0.75,0.8571428571428572,0.75,0.75,0.7,0.2484566155552455,0.27535469664467704,0.588990330696106,0.9314451217651367,0.06855487823486328,0.967139720916748,0.03286027908325195,0.8957504630088806,0.10424953699111938,0.19999999999999996,0.04761904761904767,0.11068267292446565,0.19047619047619058,-0.10000000000000009,0.09999999999999998,0.10064935064935066,0.09999999999999998,-0.0001236022487210442,0.10606060606060608,-0.005518674850463867,0.0,0.0,0.0,0.11111111111111116,-0.00024725257898572384,0.0,0.0,0.0
22,9,2,"[1, 2, 4, 8, 10, 14, 15, 16, 17]","[0, 3, 5, 6, 7, 9, 11, 12, 13]",9,9,20,0.6892899672080133,0.7777777777777778,0.8333333333333334,0.7142857142857143,1.0,0.75,0.8571428571428572,0.75,0.75,0.75,0.24807147289404588,0.27401508225335014,0.5902418494224548,0.9213790893554688,0.07862097024917603,0.9662512540817261,0.033748745918273926,0.8765068650245667,0.12349313497543335,0.6890085200699988,0.7777777777777778,0.8333333333333334,0.7142857142857143,1.0,0.75,0.8571428571428572,0.75,0.75,0.75,0.2479307702012756,0.2740607062975565,0.5812616348266602,0.9213790893554688,0.07862097024917603,0.9662512540817261,0.033748745918273926,0.8765068650245667,0.12349313497543335,0.0,0.0,4.5624044206382663e-05,0.0,0.0,0.0,0.0,0.0,-0.00014070269277027814,0.0,-0.008980214595794678,0.0,0.0,0.0,0.0,-0.00028144713801447896,0.0,0.0,0.0
22,12,1,"[0, 3, 5, 6, 8, 9, 10, 11, 12, 13, 14, 15]","[1, 2, 4, 7, 16, 17]",12,6,20,0.6893923134817297,0.8333333333333334,0.8571428571428571,0.75,1.0,0.8285714285714285,0.875,0.8333333333333333,0.8333333333333333,1.0,0.2481226084119991,0.3314156929651897,0.6836240291595459,0.9145547151565552,0.08544522523880005,0.9622518420219421,0.03774815797805786,0.866857647895813,0.133142352104187,0.6895584217891789,0.8333333333333334,0.8571428571428571,0.75,1.0,0.8285714285714285,0.875,0.8333333333333333,0.8333333333333333,0.888888888888889,0.24820567004863703,0.33118455608685815,0.675615668296814,0.9145547151565552,0.08544522523880005,0.9622518420219421,0.03774815797805786,0.866857647895813,0.133142352104187,0.0,0.0,-0.00023113687833153929,0.0,-0.11111111111111105,0.0,0.0,0.0,8.30616366379322e-05,0.0,-0.008008360862731934,0.0,0.0,0.0,0.0,0.00016610830744923089,0.0,0.0,0.0
22,12,2,"[0, 1, 4, 5, 7, 8, 11, 12, 13, 14, 15, 16]","[2, 3, 6, 9, 10, 17]",12,6,20,0.6916918580295435,0.6666666666666666,0.6666666666666666,0.6666666666666666,0.6666666666666666,0.6666666666666666,0.6666666666666666,0.6666666666666666,0.6666666666666666,0.6666666666666667,0.2492723148251268,0.16387884815533948,0.6589177250862122,0.8925337791442871,0.10746616125106812,0.9573962688446045,0.04260373115539551,0.8276713490486145,0.1723286509513855,0.691375951738267,0.6666666666666666,0.6666666666666666,0.6666666666666666,0.6666666666666666,0.6666666666666666,0.6666666666666666,0.6666666666666666,0.6666666666666666,0.6666666666666667,0.2491143863789711,0.16373174389203382,0.6464554071426392,0.8925337791442871,0.10746616125106812,0.9573962688446045,0.04260373115539551,0.8276713490486145,0.1723286509513855,0.0,0.0,-0.00014710426330566406,0.0,0.0,0.0,0.0,0.0,-0.00015792844615569734,0.0,-0.012462317943572998,0.0,0.0,0.0,0.0,-0.00031590629127642433,0.0,0.0,0.0
22,12,3,"[1, 3, 4, 5, 8, 10, 11, 12, 14, 15, 16, 17]","[0, 2, 6, 7, 9, 13]",12,6,20,0.6924220467398885,0.6666666666666666,0.75,0.6,1.0,0.625,0.8,0.6666666666666666,0.6666666666666666,0.5555555555555556,0.24963741206845155,0.163568506638209,0.6613084673881531,0.8958930969238281,0.10410690307617188,0.9568266272544861,0.04317343235015869,0.8349596261978149,0.16504043340682983,0.6921984171357574,0.6666666666666666,0.75,0.6,1.0,0.625,0.8,0.6666666666666666,0.6666666666666666,0.4444444444444445,0.2495256066233337,0.1632531781991322,0.6571096777915955,0.8958930969238281,0.10410690307617188,0.9568266272544861,0.04317343235015869,0.8349596261978149,0.16504043340682983,0.0,0.0,-0.00031532843907677854,0.0,-0.1111111111111111,0.0,0.0,0.0,-0.00011180544511785184,0.0,-0.004198789596557617,0.0,0.0,0.0,0.0,-0.00022362960413113697,0.0,0.0,0.0
