fold,trial_index,subject_id,trial_id,n_windows,y_true,y_pred,correct,p_pred,confidence,p_class_0,p_class_1,target_subject,calibration_fold,calibration_shots,stage
1,0,0,0,60,1,1,1,0.5044246912002563,0.5044246912002563,0.49557527899742126,0.5044246912002563,0,,,zero_shot_all_trials
1,1,0,1,60,1,0,0,0.5037150979042053,0.5037150979042053,0.5037150979042053,0.49628496170043945,0,,,zero_shot_all_trials
1,2,0,2,60,1,1,1,0.500036358833313,0.500036358833313,0.4999636113643646,0.500036358833313,0,,,zero_shot_all_trials
1,3,0,3,60,1,1,1,0.5007721781730652,0.5007721781730652,0.4992277920246124,0.5007721781730652,0,,,zero_shot_all_trials
1,4,0,4,60,1,1,1,0.5041183233261108,0.5041183233261108,0.4958816468715668,0.5041183233261108,0,,,zero_shot_all_trials
1,5,0,5,60,0,1,0,0.5006923079490662,0.5006923079490662,0.4993077218532562,0.5006923079490662,0,,,zero_shot_all_trials
1,6,0,6,60,1,1,1,0.5022104978561401,0.5022104978561401,0.49778953194618225,0.5022104978561401,0,,,zero_shot_all_trials
1,7,0,7,60,0,0,1,0.5007995367050171,0.5007995367050171,0.5007995367050171,0.4992004632949829,0,,,zero_shot_all_trials
1,8,0,8,60,0,1,0,0.5037897825241089,0.5037897825241089,0.49621015787124634,0.5037897825241089,0,,,zero_shot_all_trials
1,9,0,9,60,1,1,1,0.5029229521751404,0.5029229521751404,0.497077077627182,0.5029229521751404,0,,,zero_shot_all_trials
1,10,0,10,60,1,1,1,0.5006091594696045,0.5006091594696045,0.4993908405303955,0.5006091594696045,0,,,zero_shot_all_trials
1,11,0,11,60,1,0,0,0.5014238953590393,0.5014238953590393,0.5014238953590393,0.4985760748386383,0,,,zero_shot_all_trials
1,12,0,12,60,1,1,1,0.5083281993865967,0.5083281993865967,0.4916718304157257,0.5083281993865967,0,,,zero_shot_all_trials
1,13,0,13,60,1,0,0,0.5011274218559265,0.5011274218559265,0.5011274218559265,0.4988725781440735,0,,,zero_shot_all_trials
1,14,0,14,60,0,0,1,0.5008373260498047,0.5008373260498047,0.5008373260498047,0.4991626739501953,0,,,zero_shot_all_trials
1,15,0,15,60,1,1,1,0.5023823976516724,0.5023823976516724,0.49761760234832764,0.5023823976516724,0,,,zero_shot_all_trials
1,16,0,16,60,0,0,1,0.5004890561103821,0.5004890561103821,0.5004890561103821,0.49951091408729553,0,,,zero_shot_all_trials
1,17,0,17,60,1,1,1,0.5038710832595825,0.5038710832595825,0.4961288869380951,0.5038710832595825,0,,,zero_shot_all_trials
1,0,0,0,60,1,1,1,0.5044246912002563,0.5044246912002563,0.49557527899742126,0.5044246912002563,0,1,3,zero_shot_paired
1,1,0,1,60,1,0,0,0.5037150979042053,0.5037150979042053,0.5037150979042053,0.4962849020957947,0,1,3,zero_shot_paired
1,2,0,2,60,1,1,1,0.5000362992286682,0.5000362992286682,0.4999637007713318,0.5000362992286682,0,1,3,zero_shot_paired
1,3,0,3,60,1,1,1,0.5007718205451965,0.5007718205451965,0.49922820925712585,0.5007718205451965,0,1,3,zero_shot_paired
1,4,0,4,60,1,1,1,0.5041183233261108,0.5041183233261108,0.49588167667388916,0.5041183233261108,0,1,3,zero_shot_paired
1,5,0,5,60,0,1,0,0.5006923675537109,0.5006923675537109,0.49930766224861145,0.5006923675537109,0,1,3,zero_shot_paired
1,6,0,6,60,1,1,1,0.5022104382514954,0.5022104382514954,0.49778956174850464,0.5022104382514954,0,1,3,zero_shot_paired
1,7,0,7,60,0,0,1,0.5007995367050171,0.5007995367050171,0.5007995367050171,0.4992004334926605,0,1,3,zero_shot_paired
1,8,0,8,60,0,1,0,0.5037900805473328,0.5037900805473328,0.49620985984802246,0.5037900805473328,0,1,3,zero_shot_paired
1,9,0,9,60,1,1,1,0.5029230117797852,0.5029230117797852,0.49707701802253723,0.5029230117797852,0,1,3,zero_shot_paired
1,10,0,10,60,1,1,1,0.5006091594696045,0.5006091594696045,0.4993908405303955,0.5006091594696045,0,1,3,zero_shot_paired
1,11,0,11,60,1,0,0,0.5014241337776184,0.5014241337776184,0.5014241337776184,0.498575896024704,0,1,3,zero_shot_paired
1,12,0,13,60,1,0,0,0.5011273622512817,0.5011273622512817,0.5011273622512817,0.49887263774871826,0,1,3,zero_shot_paired
1,13,0,15,60,1,1,1,0.5023823976516724,0.5023823976516724,0.49761760234832764,0.5023823976516724,0,1,3,zero_shot_paired
1,14,0,16,60,0,0,1,0.5004889369010925,0.5004889369010925,0.5004889369010925,0.49951106309890747,0,1,3,zero_shot_paired
1,0,0,0,60,1,1,1,0.5039569139480591,0.5039569139480591,0.4960430860519409,0.5039569139480591,0,1,3,post_calibration
1,1,0,1,60,1,0,0,0.5031947493553162,0.5031947493553162,0.5031947493553162,0.49680525064468384,0,1,3,post_calibration
1,2,0,2,60,1,1,1,0.5004165768623352,0.5004165768623352,0.4995833933353424,0.5004165768623352,0,1,3,post_calibration
1,3,0,3,60,1,1,1,0.5010818839073181,0.5010818839073181,0.4989181160926819,0.5010818839073181,0,1,3,post_calibration
1,4,0,4,60,1,1,1,0.5038631558418274,0.5038631558418274,0.4961368143558502,0.5038631558418274,0,1,3,post_calibration
1,5,0,5,60,0,1,0,0.5009178519248962,0.5009178519248962,0.49908217787742615,0.5009178519248962,0,1,3,post_calibration
1,6,0,6,60,1,1,1,0.5024648308753967,0.5024648308753967,0.4975351393222809,0.5024648308753967,0,1,3,post_calibration
1,7,0,7,60,0,0,1,0.5005764365196228,0.5005764365196228,0.5005764365196228,0.4994235336780548,0,1,3,post_calibration
1,8,0,8,60,0,1,0,0.5035878419876099,0.5035878419876099,0.49641215801239014,0.5035878419876099,0,1,3,post_calibration
1,9,0,9,60,1,1,1,0.5030346512794495,0.5030346512794495,0.4969653785228729,0.5030346512794495,0,1,3,post_calibration
1,10,0,10,60,1,1,1,0.5007208585739136,0.5007208585739136,0.4992791414260864,0.5007208585739136,0,1,3,post_calibration
1,11,0,11,60,1,0,0,0.5015699863433838,0.5015699863433838,0.5015699863433838,0.4984300136566162,0,1,3,post_calibration
1,12,0,13,60,1,0,0,0.5010545253753662,0.5010545253753662,0.5010545253753662,0.4989454448223114,0,1,3,post_calibration
1,13,0,15,60,1,1,1,0.5020247101783752,0.5020247101783752,0.49797531962394714,0.5020247101783752,0,1,3,post_calibration
1,14,0,16,60,0,0,1,0.5002607703208923,0.5002607703208923,0.5002607703208923,0.4997391700744629,0,1,3,post_calibration
2,0,0,0,60,1,1,1,0.5044246912002563,0.5044246912002563,0.49557527899742126,0.5044246912002563,0,2,3,zero_shot_paired
2,1,0,1,60,1,0,0,0.5037150979042053,0.5037150979042053,0.5037150979042053,0.4962849020957947,0,2,3,zero_shot_paired
2,2,0,2,60,1,1,1,0.5000362992286682,0.5000362992286682,0.4999637007713318,0.5000362992286682,0,2,3,zero_shot_paired
2,3,0,3,60,1,1,1,0.5007718205451965,0.5007718205451965,0.49922820925712585,0.5007718205451965,0,2,3,zero_shot_paired
2,4,0,5,60,0,1,0,0.5006923675537109,0.5006923675537109,0.49930766224861145,0.5006923675537109,0,2,3,zero_shot_paired
2,5,0,6,60,1,1,1,0.5022104382514954,0.5022104382514954,0.49778956174850464,0.5022104382514954,0,2,3,zero_shot_paired
2,6,0,7,60,0,0,1,0.5007995367050171,0.5007995367050171,0.5007995367050171,0.4992004334926605,0,2,3,zero_shot_paired
2,7,0,8,60,0,1,0,0.5037900805473328,0.5037900805473328,0.49620985984802246,0.5037900805473328,0,2,3,zero_shot_paired
2,8,0,9,60,1,1,1,0.5029230117797852,0.5029230117797852,0.49707701802253723,0.5029230117797852,0,2,3,zero_shot_paired
2,9,0,10,60,1,1,1,0.5006091594696045,0.5006091594696045,0.4993908405303955,0.5006091594696045,0,2,3,zero_shot_paired
2,10,0,11,60,1,0,0,0.5014241337776184,0.5014241337776184,0.5014241337776184,0.498575896024704,0,2,3,zero_shot_paired
2,11,0,12,60,1,1,1,0.5083281993865967,0.5083281993865967,0.4916718304157257,0.5083281993865967,0,2,3,zero_shot_paired
2,12,0,13,60,1,0,0,0.5011273622512817,0.5011273622512817,0.5011273622512817,0.49887263774871826,0,2,3,zero_shot_paired
2,13,0,14,60,0,0,1,0.5008373260498047,0.5008373260498047,0.5008373260498047,0.49916261434555054,0,2,3,zero_shot_paired
2,14,0,17,60,1,1,1,0.5038712024688721,0.5038712024688721,0.49612876772880554,0.5038712024688721,0,2,3,zero_shot_paired
2,0,0,0,60,1,1,1,0.5047645568847656,0.5047645568847656,0.49523547291755676,0.5047645568847656,0,2,3,post_calibration
2,1,0,1,60,1,0,0,0.504166305065155,0.504166305065155,0.504166305065155,0.49583372473716736,0,2,3,post_calibration
2,2,0,2,60,1,0,0,0.5000082850456238,0.5000082850456238,0.5000082850456238,0.4999917447566986,0,2,3,post_calibration
2,3,0,3,60,1,1,1,0.5008450746536255,0.5008450746536255,0.4991549253463745,0.5008450746536255,0,2,3,post_calibration
2,4,0,5,60,0,1,0,0.50020831823349,0.50020831823349,0.49979168176651,0.50020831823349,0,2,3,post_calibration
2,5,0,6,60,1,1,1,0.5026673078536987,0.5026673078536987,0.49733269214630127,0.5026673078536987,0,2,3,post_calibration
2,6,0,7,60,0,0,1,0.5008150339126587,0.5008150339126587,0.5008150339126587,0.49918490648269653,0,2,3,post_calibration
2,7,0,8,60,0,1,0,0.5045039653778076,0.5045039653778076,0.4954960346221924,0.5045039653778076,0,2,3,post_calibration
2,8,0,9,60,1,1,1,0.5030260682106018,0.5030260682106018,0.4969739317893982,0.5030260682106018,0,2,3,post_calibration
2,9,0,10,60,1,1,1,0.500092625617981,0.500092625617981,0.49990731477737427,0.500092625617981,0,2,3,post_calibration
2,10,0,11,60,1,0,0,0.500830888748169,0.500830888748169,0.500830888748169,0.49916911125183105,0,2,3,post_calibration
2,11,0,12,60,1,1,1,0.508571445941925,0.508571445941925,0.49142858386039734,0.508571445941925,0,2,3,post_calibration
2,12,0,13,60,1,0,0,0.5009578466415405,0.5009578466415405,0.5009578466415405,0.4990421533584595,0,2,3,post_calibration
2,13,0,14,60,0,1,0,0.5000873804092407,0.5000873804092407,0.4999125897884369,0.5000873804092407,0,2,3,post_calibration
2,14,0,17,60,1,1,1,0.503570556640625,0.503570556640625,0.4964294731616974,0.503570556640625,0,2,3,post_calibration
3,0,0,0,60,1,1,1,0.5044246912002563,0.5044246912002563,0.49557527899742126,0.5044246912002563,0,3,3,zero_shot_paired
3,1,0,1,60,1,0,0,0.5037150979042053,0.5037150979042053,0.5037150979042053,0.4962849020957947,0,3,3,zero_shot_paired
3,2,0,2,60,1,1,1,0.5000362992286682,0.5000362992286682,0.4999637007713318,0.5000362992286682,0,3,3,zero_shot_paired
3,3,0,3,60,1,1,1,0.5007718205451965,0.5007718205451965,0.49922820925712585,0.5007718205451965,0,3,3,zero_shot_paired
3,4,0,4,60,1,1,1,0.5041183233261108,0.5041183233261108,0.49588167667388916,0.5041183233261108,0,3,3,zero_shot_paired
3,5,0,5,60,0,1,0,0.5006923675537109,0.5006923675537109,0.49930766224861145,0.5006923675537109,0,3,3,zero_shot_paired
3,6,0,8,60,0,1,0,0.5037900805473328,0.5037900805473328,0.49620985984802246,0.5037900805473328,0,3,3,zero_shot_paired
3,7,0,10,60,1,1,1,0.5006091594696045,0.5006091594696045,0.4993908405303955,0.5006091594696045,0,3,3,zero_shot_paired
3,8,0,11,60,1,0,0,0.5014241337776184,0.5014241337776184,0.5014241337776184,0.498575896024704,0,3,3,zero_shot_paired
3,9,0,12,60,1,1,1,0.5083281993865967,0.5083281993865967,0.4916718304157257,0.5083281993865967,0,3,3,zero_shot_paired
3,10,0,13,60,1,0,0,0.5011273622512817,0.5011273622512817,0.5011273622512817,0.49887263774871826,0,3,3,zero_shot_paired
3,11,0,14,60,0,0,1,0.5008373260498047,0.5008373260498047,0.5008373260498047,0.49916261434555054,0,3,3,zero_shot_paired
3,12,0,15,60,1,1,1,0.5023823976516724,0.5023823976516724,0.49761760234832764,0.5023823976516724,0,3,3,zero_shot_paired
3,13,0,16,60,0,0,1,0.5004889369010925,0.5004889369010925,0.5004889369010925,0.49951106309890747,0,3,3,zero_shot_paired
3,14,0,17,60,1,1,1,0.5038712024688721,0.5038712024688721,0.49612876772880554,0.5038712024688721,0,3,3,zero_shot_paired
3,0,0,0,60,1,1,1,0.505163848400116,0.505163848400116,0.4948362112045288,0.505163848400116,0,3,3,post_calibration
3,1,0,1,60,1,0,0,0.5035945177078247,0.5035945177078247,0.5035945177078247,0.4964054822921753,0,3,3,post_calibration
3,2,0,2,60,1,1,1,0.5003858208656311,0.5003858208656311,0.4996141493320465,0.5003858208656311,0,3,3,post_calibration
3,3,0,3,60,1,1,1,0.5008798241615295,0.5008798241615295,0.49912017583847046,0.5008798241615295,0,3,3,post_calibration
3,4,0,4,60,1,1,1,0.505140483379364,0.505140483379364,0.494859516620636,0.505140483379364,0,3,3,post_calibration
3,5,0,5,60,0,1,0,0.5004883408546448,0.5004883408546448,0.4995116889476776,0.5004883408546448,0,3,3,post_calibration
3,6,0,8,60,0,1,0,0.504402220249176,0.504402220249176,0.495597779750824,0.504402220249176,0,3,3,post_calibration
3,7,0,10,60,1,1,1,0.5007027387619019,0.5007027387619019,0.49929726123809814,0.5007027387619019,0,3,3,post_calibration
3,8,0,11,60,1,0,0,0.500816822052002,0.500816822052002,0.500816822052002,0.49918317794799805,0,3,3,post_calibration
3,9,0,12,60,1,1,1,0.5090420246124268,0.5090420246124268,0.490958034992218,0.5090420246124268,0,3,3,post_calibration
3,10,0,13,60,1,0,0,0.5006771683692932,0.5006771683692932,0.5006771683692932,0.499322772026062,0,3,3,post_calibration
3,11,0,14,60,0,1,0,0.5000339150428772,0.5000339150428772,0.4999660849571228,0.5000339150428772,0,3,3,post_calibration
3,12,0,15,60,1,1,1,0.502573549747467,0.502573549747467,0.49742642045021057,0.502573549747467,0,3,3,post_calibration
3,13,0,16,60,0,0,1,0.5006118416786194,0.5006118416786194,0.5006118416786194,0.4993881583213806,0,3,3,post_calibration
3,14,0,17,60,1,1,1,0.5037882924079895,0.5037882924079895,0.4962116777896881,0.5037882924079895,0,3,3,post_calibration
4,0,0,0,60,1,1,1,0.5044246912002563,0.5044246912002563,0.49557527899742126,0.5044246912002563,0,4,3,zero_shot_paired
4,1,0,1,60,1,0,0,0.5037150979042053,0.5037150979042053,0.5037150979042053,0.4962849020957947,0,4,3,zero_shot_paired
4,2,0,3,60,1,1,1,0.5007718205451965,0.5007718205451965,0.49922820925712585,0.5007718205451965,0,4,3,zero_shot_paired
4,3,0,4,60,1,1,1,0.5041183233261108,0.5041183233261108,0.49588167667388916,0.5041183233261108,0,4,3,zero_shot_paired
4,4,0,6,60,1,1,1,0.5022104382514954,0.5022104382514954,0.49778956174850464,0.5022104382514954,0,4,3,zero_shot_paired
4,5,0,7,60,0,0,1,0.5007995367050171,0.5007995367050171,0.5007995367050171,0.4992004334926605,0,4,3,zero_shot_paired
4,6,0,8,60,0,1,0,0.5037900805473328,0.5037900805473328,0.49620985984802246,0.5037900805473328,0,4,3,zero_shot_paired
4,7,0,9,60,1,1,1,0.5029230117797852,0.5029230117797852,0.49707701802253723,0.5029230117797852,0,4,3,zero_shot_paired
4,8,0,10,60,1,1,1,0.5006091594696045,0.5006091594696045,0.4993908405303955,0.5006091594696045,0,4,3,zero_shot_paired
4,9,0,11,60,1,0,0,0.5014241337776184,0.5014241337776184,0.5014241337776184,0.498575896024704,0,4,3,zero_shot_paired
4,10,0,12,60,1,1,1,0.5083281993865967,0.5083281993865967,0.4916718304157257,0.5083281993865967,0,4,3,zero_shot_paired
4,11,0,14,60,0,0,1,0.5008373260498047,0.5008373260498047,0.5008373260498047,0.49916261434555054,0,4,3,zero_shot_paired
4,12,0,15,60,1,1,1,0.5023823976516724,0.5023823976516724,0.49761760234832764,0.5023823976516724,0,4,3,zero_shot_paired
4,13,0,16,60,0,0,1,0.5004889369010925,0.5004889369010925,0.5004889369010925,0.49951106309890747,0,4,3,zero_shot_paired
4,14,0,17,60,1,1,1,0.5038712024688721,0.5038712024688721,0.49612876772880554,0.5038712024688721,0,4,3,zero_shot_paired
4,0,0,0,60,1,1,1,0.5047783255577087,0.5047783255577087,0.49522164463996887,0.5047783255577087,0,4,3,post_calibration
4,1,0,1,60,1,0,0,0.5037720203399658,0.5037720203399658,0.5037720203399658,0.4962279796600342,0,4,3,post_calibration
4,2,0,3,60,1,1,1,0.5010834336280823,0.5010834336280823,0.4989165663719177,0.5010834336280823,0,4,3,post_calibration
4,3,0,4,60,1,1,1,0.5039364099502563,0.5039364099502563,0.49606361985206604,0.5039364099502563,0,4,3,post_calibration
4,4,0,6,60,1,1,1,0.5032100677490234,0.5032100677490234,0.49678999185562134,0.5032100677490234,0,4,3,post_calibration
4,5,0,7,60,0,0,1,0.5008155107498169,0.5008155107498169,0.5008155107498169,0.4991844892501831,0,4,3,post_calibration
4,6,0,8,60,0,1,0,0.5039354562759399,0.5039354562759399,0.49606454372406006,0.5039354562759399,0,4,3,post_calibration
4,7,0,9,60,1,1,1,0.5031159520149231,0.5031159520149231,0.4968840181827545,0.5031159520149231,0,4,3,post_calibration
4,8,0,10,60,1,0,0,0.5003628730773926,0.5003628730773926,0.5003628730773926,0.49963706731796265,0,4,3,post_calibration
4,9,0,11,60,1,0,0,0.5008718967437744,0.5008718967437744,0.5008718967437744,0.4991281032562256,0,4,3,post_calibration
4,10,0,12,60,1,1,1,0.5079571008682251,0.5079571008682251,0.4920429289340973,0.5079571008682251,0,4,3,post_calibration
4,11,0,14,60,0,0,1,0.5003105998039246,0.5003105998039246,0.5003105998039246,0.4996894299983978,0,4,3,post_calibration
4,12,0,15,60,1,1,1,0.5026665925979614,0.5026665925979614,0.4973333775997162,0.5026665925979614,0,4,3,post_calibration
4,13,0,16,60,0,0,1,0.5003072619438171,0.5003072619438171,0.5003072619438171,0.4996927082538605,0,4,3,post_calibration
4,14,0,17,60,1,1,1,0.5039151906967163,0.5039151906967163,0.4960848093032837,0.5039151906967163,0,4,3,post_calibration
5,0,0,1,60,1,0,0,0.5037150979042053,0.5037150979042053,0.5037150979042053,0.4962849020957947,0,5,3,zero_shot_paired
5,1,0,2,60,1,1,1,0.5000362992286682,0.5000362992286682,0.4999637007713318,0.5000362992286682,0,5,3,zero_shot_paired
5,2,0,3,60,1,1,1,0.5007718205451965,0.5007718205451965,0.49922820925712585,0.5007718205451965,0,5,3,zero_shot_paired
5,3,0,4,60,1,1,1,0.5041183233261108,0.5041183233261108,0.49588167667388916,0.5041183233261108,0,5,3,zero_shot_paired
5,4,0,5,60,0,1,0,0.5006923675537109,0.5006923675537109,0.49930766224861145,0.5006923675537109,0,5,3,zero_shot_paired
5,5,0,6,60,1,1,1,0.5022104382514954,0.5022104382514954,0.49778956174850464,0.5022104382514954,0,5,3,zero_shot_paired
5,6,0,7,60,0,0,1,0.5007995367050171,0.5007995367050171,0.5007995367050171,0.4992004334926605,0,5,3,zero_shot_paired
5,7,0,9,60,1,1,1,0.5029230117797852,0.5029230117797852,0.49707701802253723,0.5029230117797852,0,5,3,zero_shot_paired
5,8,0,10,60,1,1,1,0.5006091594696045,0.5006091594696045,0.4993908405303955,0.5006091594696045,0,5,3,zero_shot_paired
5,9,0,12,60,1,1,1,0.5083281993865967,0.5083281993865967,0.4916718304157257,0.5083281993865967,0,5,3,zero_shot_paired
5,10,0,13,60,1,0,0,0.5011273622512817,0.5011273622512817,0.5011273622512817,0.49887263774871826,0,5,3,zero_shot_paired
5,11,0,14,60,0,0,1,0.5008373260498047,0.5008373260498047,0.5008373260498047,0.49916261434555054,0,5,3,zero_shot_paired
5,12,0,15,60,1,1,1,0.5023823976516724,0.5023823976516724,0.49761760234832764,0.5023823976516724,0,5,3,zero_shot_paired
5,13,0,16,60,0,0,1,0.5004889369010925,0.5004889369010925,0.5004889369010925,0.49951106309890747,0,5,3,zero_shot_paired
5,14,0,17,60,1,1,1,0.5038712024688721,0.5038712024688721,0.49612876772880554,0.5038712024688721,0,5,3,zero_shot_paired
5,0,0,1,60,1,0,0,0.5038803219795227,0.5038803219795227,0.5038803219795227,0.4961196780204773,0,5,3,post_calibration
5,1,0,2,60,1,1,1,0.5001134276390076,0.5001134276390076,0.49988657236099243,0.5001134276390076,0,5,3,post_calibration
5,2,0,3,60,1,1,1,0.5002846121788025,0.5002846121788025,0.4997154474258423,0.5002846121788025,0,5,3,post_calibration
5,3,0,4,60,1,1,1,0.5044994950294495,0.5044994950294495,0.49550050497055054,0.5044994950294495,0,5,3,post_calibration
5,4,0,5,60,0,1,0,0.5005784630775452,0.5005784630775452,0.4994215667247772,0.5005784630775452,0,5,3,post_calibration
5,5,0,6,60,1,1,1,0.5021533370018005,0.5021533370018005,0.49784666299819946,0.5021533370018005,0,5,3,post_calibration
5,6,0,7,60,0,0,1,0.5005139708518982,0.5005139708518982,0.5005139708518982,0.4994860589504242,0,5,3,post_calibration
5,7,0,9,60,1,1,1,0.5035638213157654,0.5035638213157654,0.4964361786842346,0.5035638213157654,0,5,3,post_calibration
5,8,0,10,60,1,1,1,0.5005534887313843,0.5005534887313843,0.49944648146629333,0.5005534887313843,0,5,3,post_calibration
5,9,0,12,60,1,1,1,0.5086776614189148,0.5086776614189148,0.4913223385810852,0.5086776614189148,0,5,3,post_calibration
5,10,0,13,60,1,0,0,0.5009050965309143,0.5009050965309143,0.5009050965309143,0.4990948736667633,0,5,3,post_calibration
5,11,0,14,60,0,0,1,0.5002266764640808,0.5002266764640808,0.5002266764640808,0.4997733235359192,0,5,3,post_calibration
5,12,0,15,60,1,1,1,0.5026147961616516,0.5026147961616516,0.4973852038383484,0.5026147961616516,0,5,3,post_calibration
5,13,0,16,60,0,0,1,0.5003081560134888,0.5003081560134888,0.5003081560134888,0.49969181418418884,0,5,3,post_calibration
5,14,0,17,60,1,1,1,0.5040355324745178,0.5040355324745178,0.49596449732780457,0.5040355324745178,0,5,3,post_calibration
6,0,0,0,60,1,1,1,0.5044246912002563,0.5044246912002563,0.49557527899742126,0.5044246912002563,0,6,3,zero_shot_paired
6,1,0,2,60,1,1,1,0.5000362992286682,0.5000362992286682,0.4999637007713318,0.5000362992286682,0,6,3,zero_shot_paired
6,2,0,4,60,1,1,1,0.5041183233261108,0.5041183233261108,0.49588167667388916,0.5041183233261108,0,6,3,zero_shot_paired
6,3,0,5,60,0,1,0,0.5006923675537109,0.5006923675537109,0.49930766224861145,0.5006923675537109,0,6,3,zero_shot_paired
6,4,0,6,60,1,1,1,0.5022104382514954,0.5022104382514954,0.49778956174850464,0.5022104382514954,0,6,3,zero_shot_paired
6,5,0,7,60,0,0,1,0.5007995367050171,0.5007995367050171,0.5007995367050171,0.4992004334926605,0,6,3,zero_shot_paired
6,6,0,8,60,0,1,0,0.5037900805473328,0.5037900805473328,0.49620985984802246,0.5037900805473328,0,6,3,zero_shot_paired
6,7,0,9,60,1,1,1,0.5029230117797852,0.5029230117797852,0.49707701802253723,0.5029230117797852,0,6,3,zero_shot_paired
6,8,0,11,60,1,0,0,0.5014241337776184,0.5014241337776184,0.5014241337776184,0.498575896024704,0,6,3,zero_shot_paired
6,9,0,12,60,1,1,1,0.5083281993865967,0.5083281993865967,0.4916718304157257,0.5083281993865967,0,6,3,zero_shot_paired
6,10,0,13,60,1,0,0,0.5011273622512817,0.5011273622512817,0.5011273622512817,0.49887263774871826,0,6,3,zero_shot_paired
6,11,0,14,60,0,0,1,0.5008373260498047,0.5008373260498047,0.5008373260498047,0.49916261434555054,0,6,3,zero_shot_paired
6,12,0,15,60,1,1,1,0.5023823976516724,0.5023823976516724,0.49761760234832764,0.5023823976516724,0,6,3,zero_shot_paired
6,13,0,16,60,0,0,1,0.5004889369010925,0.5004889369010925,0.5004889369010925,0.49951106309890747,0,6,3,zero_shot_paired
6,14,0,17,60,1,1,1,0.5038712024688721,0.5038712024688721,0.49612876772880554,0.5038712024688721,0,6,3,zero_shot_paired
6,0,0,0,60,1,1,1,0.5044134855270386,0.5044134855270386,0.4955865144729614,0.5044134855270386,0,6,3,post_calibration
6,1,0,2,60,1,1,1,0.5010697841644287,0.5010697841644287,0.4989302158355713,0.5010697841644287,0,6,3,post_calibration
6,2,0,4,60,1,1,1,0.5042940378189087,0.5042940378189087,0.4957059621810913,0.5042940378189087,0,6,3,post_calibration
6,3,0,5,60,0,1,0,0.5018044710159302,0.5018044710159302,0.49819549918174744,0.5018044710159302,0,6,3,post_calibration
6,4,0,6,60,1,1,1,0.503213107585907,0.503213107585907,0.49678686261177063,0.503213107585907,0,6,3,post_calibration
6,5,0,7,60,0,0,1,0.5001312494277954,0.5001312494277954,0.5001312494277954,0.4998687505722046,0,6,3,post_calibration
6,6,0,8,60,0,1,0,0.504243791103363,0.504243791103363,0.49575623869895935,0.504243791103363,0,6,3,post_calibration
6,7,0,9,60,1,1,1,0.5028132796287537,0.5028132796287537,0.4971867501735687,0.5028132796287537,0,6,3,post_calibration
6,8,0,11,60,1,0,0,0.501166820526123,0.501166820526123,0.501166820526123,0.49883323907852173,0,6,3,post_calibration
6,9,0,12,60,1,1,1,0.5089580416679382,0.5089580416679382,0.49104198813438416,0.5089580416679382,0,6,3,post_calibration
6,10,0,13,60,1,0,0,0.5005916357040405,0.5005916357040405,0.5005916357040405,0.4994083642959595,0,6,3,post_calibration
6,11,0,14,60,0,0,1,0.5009979605674744,0.5009979605674744,0.5009979605674744,0.49900203943252563,0,6,3,post_calibration
6,12,0,15,60,1,1,1,0.5025922060012817,0.5025922060012817,0.4974077343940735,0.5025922060012817,0,6,3,post_calibration
6,13,0,16,60,0,1,0,0.5001897215843201,0.5001897215843201,0.49981024861335754,0.5001897215843201,0,6,3,post_calibration
6,14,0,17,60,1,1,1,0.5042622089385986,0.5042622089385986,0.495737761259079,0.5042622089385986,0,6,3,post_calibration
7,0,0,0,60,1,1,1,0.5044246912002563,0.5044246912002563,0.49557527899742126,0.5044246912002563,0,1,6,zero_shot_paired
7,1,0,1,60,1,0,0,0.5037150979042053,0.5037150979042053,0.5037150979042053,0.4962849020957947,0,1,6,zero_shot_paired
7,2,0,3,60,1,1,1,0.5007718205451965,0.5007718205451965,0.49922820925712585,0.5007718205451965,0,1,6,zero_shot_paired
7,3,0,5,60,0,1,0,0.5006923675537109,0.5006923675537109,0.49930766224861145,0.5006923675537109,0,1,6,zero_shot_paired
7,4,0,6,60,1,1,1,0.5022104382514954,0.5022104382514954,0.49778956174850464,0.5022104382514954,0,1,6,zero_shot_paired
7,5,0,8,60,0,1,0,0.5037900805473328,0.5037900805473328,0.49620985984802246,0.5037900805473328,0,1,6,zero_shot_paired
7,6,0,9,60,1,1,1,0.5029230117797852,0.5029230117797852,0.49707701802253723,0.5029230117797852,0,1,6,zero_shot_paired
7,7,0,10,60,1,1,1,0.5006091594696045,0.5006091594696045,0.4993908405303955,0.5006091594696045,0,1,6,zero_shot_paired
7,8,0,11,60,1,0,0,0.5014241337776184,0.5014241337776184,0.5014241337776184,0.498575896024704,0,1,6,zero_shot_paired
7,9,0,14,60,0,0,1,0.5008373260498047,0.5008373260498047,0.5008373260498047,0.49916261434555054,0,1,6,zero_shot_paired
7,10,0,15,60,1,1,1,0.5023823976516724,0.5023823976516724,0.49761760234832764,0.5023823976516724,0,1,6,zero_shot_paired
7,11,0,17,60,1,1,1,0.5038712024688721,0.5038712024688721,0.49612876772880554,0.5038712024688721,0,1,6,zero_shot_paired
7,0,0,0,60,1,1,1,0.5057328939437866,0.5057328939437866,0.4942671060562134,0.5057328939437866,0,1,6,post_calibration
7,1,0,1,60,1,0,0,0.5040562152862549,0.5040562152862549,0.5040562152862549,0.4959437847137451,0,1,6,post_calibration
7,2,0,3,60,1,1,1,0.5002713799476624,0.5002713799476624,0.49972862005233765,0.5002713799476624,0,1,6,post_calibration
7,3,0,5,60,0,1,0,0.5005179643630981,0.5005179643630981,0.49948203563690186,0.5005179643630981,0,1,6,post_calibration
7,4,0,6,60,1,1,1,0.5027629137039185,0.5027629137039185,0.49723708629608154,0.5027629137039185,0,1,6,post_calibration
7,5,0,8,60,0,1,0,0.5052788257598877,0.5052788257598877,0.49472111463546753,0.5052788257598877,0,1,6,post_calibration
7,6,0,9,60,1,1,1,0.504601001739502,0.504601001739502,0.49539896845817566,0.504601001739502,0,1,6,post_calibration
7,7,0,10,60,1,1,1,0.5005909204483032,0.5005909204483032,0.4994090795516968,0.5005909204483032,0,1,6,post_calibration
7,8,0,11,60,1,0,0,0.5001329183578491,0.5001329183578491,0.5001329183578491,0.49986714124679565,0,1,6,post_calibration
7,9,0,14,60,0,1,0,0.5003258585929871,0.5003258585929871,0.49967414140701294,0.5003258585929871,0,1,6,post_calibration
7,10,0,15,60,1,1,1,0.5027225017547607,0.5027225017547607,0.49727746844291687,0.5027225017547607,0,1,6,post_calibration
7,11,0,17,60,1,1,1,0.5038036704063416,0.5038036704063416,0.49619632959365845,0.5038036704063416,0,1,6,post_calibration
8,0,0,1,60,1,0,0,0.5037150979042053,0.5037150979042053,0.5037150979042053,0.4962849020957947,0,2,6,zero_shot_paired
8,1,0,2,60,1,1,1,0.5000362992286682,0.5000362992286682,0.4999637007713318,0.5000362992286682,0,2,6,zero_shot_paired
8,2,0,4,60,1,1,1,0.5041183233261108,0.5041183233261108,0.49588167667388916,0.5041183233261108,0,2,6,zero_shot_paired
8,3,0,5,60,0,1,0,0.5006923675537109,0.5006923675537109,0.49930766224861145,0.5006923675537109,0,2,6,zero_shot_paired
8,4,0,6,60,1,1,1,0.5022104382514954,0.5022104382514954,0.49778956174850464,0.5022104382514954,0,2,6,zero_shot_paired
8,5,0,7,60,0,0,1,0.5007995367050171,0.5007995367050171,0.5007995367050171,0.4992004334926605,0,2,6,zero_shot_paired
8,6,0,12,60,1,1,1,0.5083281993865967,0.5083281993865967,0.4916718304157257,0.5083281993865967,0,2,6,zero_shot_paired
8,7,0,13,60,1,0,0,0.5011273622512817,0.5011273622512817,0.5011273622512817,0.49887263774871826,0,2,6,zero_shot_paired
8,8,0,14,60,0,0,1,0.5008373260498047,0.5008373260498047,0.5008373260498047,0.49916261434555054,0,2,6,zero_shot_paired
8,9,0,15,60,1,1,1,0.5023823976516724,0.5023823976516724,0.49761760234832764,0.5023823976516724,0,2,6,zero_shot_paired
8,10,0,16,60,0,0,1,0.5004889369010925,0.5004889369010925,0.5004889369010925,0.49951106309890747,0,2,6,zero_shot_paired
8,11,0,17,60,1,1,1,0.5038712024688721,0.5038712024688721,0.49612876772880554,0.5038712024688721,0,2,6,zero_shot_paired
8,0,0,1,60,1,0,0,0.5022829174995422,0.5022829174995422,0.5022829174995422,0.49771708250045776,0,2,6,post_calibration
8,1,0,2,60,1,1,1,0.501543402671814,0.501543402671814,0.4984566271305084,0.501543402671814,0,2,6,post_calibration
8,2,0,4,60,1,1,1,0.5048600435256958,0.5048600435256958,0.4951399266719818,0.5048600435256958,0,2,6,post_calibration
8,3,0,5,60,0,1,0,0.502136766910553,0.502136766910553,0.4978632628917694,0.502136766910553,0,2,6,post_calibration
8,4,0,6,60,1,1,1,0.5023555755615234,0.5023555755615234,0.4976443648338318,0.5023555755615234,0,2,6,post_calibration
8,5,0,7,60,0,1,0,0.5005085468292236,0.5005085468292236,0.49949145317077637,0.5005085468292236,0,2,6,post_calibration
8,6,0,12,60,1,1,1,0.5091389417648315,0.5091389417648315,0.49086102843284607,0.5091389417648315,0,2,6,post_calibration
8,7,0,13,60,1,0,0,0.5007256269454956,0.5007256269454956,0.5007256269454956,0.49927443265914917,0,2,6,post_calibration
8,8,0,14,60,0,1,0,0.5002512335777283,0.5002512335777283,0.4997487962245941,0.5002512335777283,0,2,6,post_calibration
8,9,0,15,60,1,1,1,0.5029982924461365,0.5029982924461365,0.4970017373561859,0.5029982924461365,0,2,6,post_calibration
8,10,0,16,60,0,1,0,0.5001821517944336,0.5001821517944336,0.4998178482055664,0.5001821517944336,0,2,6,post_calibration
8,11,0,17,60,1,1,1,0.5047439336776733,0.5047439336776733,0.4952560365200043,0.5047439336776733,0,2,6,post_calibration
9,0,0,0,60,1,1,1,0.5044246912002563,0.5044246912002563,0.49557527899742126,0.5044246912002563,0,3,6,zero_shot_paired
9,1,0,2,60,1,1,1,0.5000362992286682,0.5000362992286682,0.4999637007713318,0.5000362992286682,0,3,6,zero_shot_paired
9,2,0,3,60,1,1,1,0.5007718205451965,0.5007718205451965,0.49922820925712585,0.5007718205451965,0,3,6,zero_shot_paired
9,3,0,4,60,1,1,1,0.5041183233261108,0.5041183233261108,0.49588167667388916,0.5041183233261108,0,3,6,zero_shot_paired
9,4,0,7,60,0,0,1,0.5007995367050171,0.5007995367050171,0.5007995367050171,0.4992004334926605,0,3,6,zero_shot_paired
9,5,0,8,60,0,1,0,0.5037900805473328,0.5037900805473328,0.49620985984802246,0.5037900805473328,0,3,6,zero_shot_paired
9,6,0,9,60,1,1,1,0.5029230117797852,0.5029230117797852,0.49707701802253723,0.5029230117797852,0,3,6,zero_shot_paired
9,7,0,10,60,1,1,1,0.5006091594696045,0.5006091594696045,0.4993908405303955,0.5006091594696045,0,3,6,zero_shot_paired
9,8,0,11,60,1,0,0,0.5014241337776184,0.5014241337776184,0.5014241337776184,0.498575896024704,0,3,6,zero_shot_paired
9,9,0,12,60,1,1,1,0.5083281993865967,0.5083281993865967,0.4916718304157257,0.5083281993865967,0,3,6,zero_shot_paired
9,10,0,13,60,1,0,0,0.5011273622512817,0.5011273622512817,0.5011273622512817,0.49887263774871826,0,3,6,zero_shot_paired
9,11,0,16,60,0,0,1,0.5004889369010925,0.5004889369010925,0.5004889369010925,0.49951106309890747,0,3,6,zero_shot_paired
9,0,0,0,60,1,1,1,0.5038928985595703,0.5038928985595703,0.4961071014404297,0.5038928985595703,0,3,6,post_calibration
9,1,0,2,60,1,1,1,0.5008196234703064,0.5008196234703064,0.4991803765296936,0.5008196234703064,0,3,6,post_calibration
9,2,0,3,60,1,1,1,0.5010384917259216,0.5010384917259216,0.49896150827407837,0.5010384917259216,0,3,6,post_calibration
9,3,0,4,60,1,1,1,0.5031496286392212,0.5031496286392212,0.4968504011631012,0.5031496286392212,0,3,6,post_calibration
9,4,0,7,60,0,0,1,0.501198410987854,0.501198410987854,0.501198410987854,0.4988015592098236,0,3,6,post_calibration
9,5,0,8,60,0,1,0,0.5035261511802673,0.5035261511802673,0.49647384881973267,0.5035261511802673,0,3,6,post_calibration
9,6,0,9,60,1,1,1,0.5024766325950623,0.5024766325950623,0.49752339720726013,0.5024766325950623,0,3,6,post_calibration
9,7,0,10,60,1,1,1,0.5004886984825134,0.5004886984825134,0.4995113015174866,0.5004886984825134,0,3,6,post_calibration
9,8,0,11,60,1,0,0,0.5016664266586304,0.5016664266586304,0.5016664266586304,0.49833354353904724,0,3,6,post_calibration
9,9,0,12,60,1,1,1,0.5072572231292725,0.5072572231292725,0.4927428066730499,0.5072572231292725,0,3,6,post_calibration
9,10,0,13,60,1,0,0,0.5007663369178772,0.5007663369178772,0.5007663369178772,0.4992337226867676,0,3,6,post_calibration
9,11,0,16,60,0,1,0,0.5002062320709229,0.5002062320709229,0.49979373812675476,0.5002062320709229,0,3,6,post_calibration
10,0,0,0,60,1,1,1,0.5044246912002563,0.5044246912002563,0.49557530879974365,0.5044246912002563,0,1,9,zero_shot_paired
10,1,0,1,60,1,0,0,0.5037149786949158,0.5037149786949158,0.5037149786949158,0.49628502130508423,0,1,9,zero_shot_paired
10,2,0,3,60,1,1,1,0.5007721781730652,0.5007721781730652,0.4992278218269348,0.5007721781730652,0,1,9,zero_shot_paired
10,3,0,4,60,1,1,1,0.5041182637214661,0.5041182637214661,0.49588173627853394,0.5041182637214661,0,1,9,zero_shot_paired
10,4,0,5,60,0,1,0,0.5006923079490662,0.5006923079490662,0.49930769205093384,0.5006923079490662,0,1,9,zero_shot_paired
10,5,0,9,60,1,1,1,0.5029229521751404,0.5029229521751404,0.497077077627182,0.5029229521751404,0,1,9,zero_shot_paired
10,6,0,10,60,1,1,1,0.5006090998649597,0.5006090998649597,0.4993908703327179,0.5006090998649597,0,1,9,zero_shot_paired
10,7,0,11,60,1,0,0,0.5014239549636841,0.5014239549636841,0.5014239549636841,0.49857601523399353,0,1,9,zero_shot_paired
10,8,0,16,60,0,0,1,0.5004889369010925,0.5004889369010925,0.5004889369010925,0.49951106309890747,0,1,9,zero_shot_paired
10,0,0,0,60,1,1,1,0.504980206489563,0.504980206489563,0.4950198233127594,0.504980206489563,0,1,9,post_calibration
10,1,0,1,60,1,0,0,0.5027734637260437,0.5027734637260437,0.5027734637260437,0.4972265958786011,0,1,9,post_calibration
10,2,0,3,60,1,1,1,0.5010223388671875,0.5010223388671875,0.4989776909351349,0.5010223388671875,0,1,9,post_calibration
10,3,0,4,60,1,1,1,0.5039358139038086,0.5039358139038086,0.4960642158985138,0.5039358139038086,0,1,9,post_calibration
10,4,0,5,60,0,1,0,0.5014907717704773,0.5014907717704773,0.4985091984272003,0.5014907717704773,0,1,9,post_calibration
10,5,0,9,60,1,1,1,0.5037123560905457,0.5037123560905457,0.49628764390945435,0.5037123560905457,0,1,9,post_calibration
10,6,0,10,60,1,1,1,0.501156747341156,0.501156747341156,0.4988432228565216,0.501156747341156,0,1,9,post_calibration
10,7,0,11,60,1,0,0,0.5012238025665283,0.5012238025665283,0.5012238025665283,0.49877622723579407,0,1,9,post_calibration
10,8,0,16,60,0,1,0,0.5006454586982727,0.5006454586982727,0.4993545114994049,0.5006454586982727,0,1,9,post_calibration
11,0,0,2,60,1,1,1,0.500036358833313,0.500036358833313,0.4999636113643646,0.500036358833313,0,2,9,zero_shot_paired
11,1,0,6,60,1,1,1,0.5022103786468506,0.5022103786468506,0.497789591550827,0.5022103786468506,0,2,9,zero_shot_paired
11,2,0,7,60,0,0,1,0.5007995963096619,0.5007995963096619,0.5007995963096619,0.49920040369033813,0,2,9,zero_shot_paired
11,3,0,8,60,0,1,0,0.5037900805473328,0.5037900805473328,0.49620991945266724,0.5037900805473328,0,2,9,zero_shot_paired
11,4,0,12,60,1,1,1,0.5083281993865967,0.5083281993865967,0.4916718006134033,0.5083281993865967,0,2,9,zero_shot_paired
11,5,0,13,60,1,0,0,0.5011274218559265,0.5011274218559265,0.5011274218559265,0.4988725781440735,0,2,9,zero_shot_paired
11,6,0,14,60,0,0,1,0.5008373260498047,0.5008373260498047,0.5008373260498047,0.4991626739501953,0,2,9,zero_shot_paired
11,7,0,15,60,1,1,1,0.5023824572563171,0.5023824572563171,0.49761760234832764,0.5023824572563171,0,2,9,zero_shot_paired
11,8,0,17,60,1,1,1,0.5038711428642273,0.5038711428642273,0.4961288273334503,0.5038711428642273,0,2,9,zero_shot_paired
11,0,0,2,60,1,1,1,0.50136399269104,0.50136399269104,0.4986359477043152,0.50136399269104,0,2,9,post_calibration
11,1,0,6,60,1,1,1,0.5030227303504944,0.5030227303504944,0.4969772696495056,0.5030227303504944,0,2,9,post_calibration
11,2,0,7,60,0,0,1,0.5000117421150208,0.5000117421150208,0.5000117421150208,0.49998828768730164,0,2,9,post_calibration
11,3,0,8,60,0,1,0,0.5054969191551208,0.5054969191551208,0.49450308084487915,0.5054969191551208,0,2,9,post_calibration
11,4,0,12,60,1,1,1,0.5096040368080139,0.5096040368080139,0.49039602279663086,0.5096040368080139,0,2,9,post_calibration
11,5,0,13,60,1,0,0,0.5000118613243103,0.5000118613243103,0.5000118613243103,0.4999881088733673,0,2,9,post_calibration
11,6,0,14,60,0,1,0,0.5010557174682617,0.5010557174682617,0.4989442825317383,0.5010557174682617,0,2,9,post_calibration
11,7,0,15,60,1,1,1,0.5028731822967529,0.5028731822967529,0.4971267879009247,0.5028731822967529,0,2,9,post_calibration
11,8,0,17,60,1,1,1,0.504034698009491,0.504034698009491,0.49596530199050903,0.504034698009491,0,2,9,post_calibration
12,0,0,3,60,1,1,1,0.5007716417312622,0.5007716417312622,0.4992283284664154,0.5007716417312622,0,1,12,zero_shot_paired
12,1,0,4,60,1,1,1,0.5041184425354004,0.5041184425354004,0.4958815276622772,0.5041184425354004,0,1,12,zero_shot_paired
12,2,0,9,60,1,1,1,0.5029234290122986,0.5029234290122986,0.4970765709877014,0.5029234290122986,0,1,12,zero_shot_paired
12,3,0,10,60,1,1,1,0.5006083250045776,0.5006083250045776,0.4993916153907776,0.5006083250045776,0,1,12,zero_shot_paired
12,4,0,14,60,0,0,1,0.5008391737937927,0.5008391737937927,0.5008391737937927,0.49916085600852966,0,1,12,zero_shot_paired
12,5,0,16,60,0,0,1,0.500491201877594,0.500491201877594,0.500491201877594,0.499508798122406,0,1,12,zero_shot_paired
12,0,0,3,60,1,1,1,0.5009819865226746,0.5009819865226746,0.49901798367500305,0.5009819865226746,0,1,12,post_calibration
12,1,0,4,60,1,1,1,0.5058794021606445,0.5058794021606445,0.4941205382347107,0.5058794021606445,0,1,12,post_calibration
12,2,0,9,60,1,1,1,0.5047895312309265,0.5047895312309265,0.4952104389667511,0.5047895312309265,0,1,12,post_calibration
12,3,0,10,60,1,1,1,0.5011189579963684,0.5011189579963684,0.4988810420036316,0.5011189579963684,0,1,12,post_calibration
12,4,0,14,60,0,1,0,0.5002548098564148,0.5002548098564148,0.4997451603412628,0.5002548098564148,0,1,12,post_calibration
12,5,0,16,60,0,1,0,0.5006076693534851,0.5006076693534851,0.4993922710418701,0.5006076693534851,0,1,12,post_calibration
13,0,0,0,60,1,1,1,0.5044246912002563,0.5044246912002563,0.49557530879974365,0.5044246912002563,0,2,12,zero_shot_paired
13,1,0,4,60,1,1,1,0.5041184425354004,0.5041184425354004,0.4958815276622772,0.5041184425354004,0,2,12,zero_shot_paired
13,2,0,5,60,0,1,0,0.5006898045539856,0.5006898045539856,0.499310165643692,0.5006898045539856,0,2,12,zero_shot_paired
13,3,0,12,60,1,1,1,0.5083289742469788,0.5083289742469788,0.49167102575302124,0.5083289742469788,0,2,12,zero_shot_paired
13,4,0,14,60,0,0,1,0.5008391737937927,0.5008391737937927,0.5008391737937927,0.49916085600852966,0,2,12,zero_shot_paired
13,5,0,17,60,1,1,1,0.5038713812828064,0.5038713812828064,0.496128648519516,0.5038713812828064,0,2,12,zero_shot_paired
13,0,0,0,60,1,1,1,0.5051862597465515,0.5051862597465515,0.4948137402534485,0.5051862597465515,0,2,12,post_calibration
13,1,0,4,60,1,1,1,0.5044152736663818,0.5044152736663818,0.49558472633361816,0.5044152736663818,0,2,12,post_calibration
13,2,0,5,60,0,1,0,0.5020714998245239,0.5020714998245239,0.4979285001754761,0.5020714998245239,0,2,12,post_calibration
13,3,0,12,60,1,1,1,0.5081344246864319,0.5081344246864319,0.4918656349182129,0.5081344246864319,0,2,12,post_calibration
13,4,0,14,60,0,0,1,0.5005312561988831,0.5005312561988831,0.5005312561988831,0.49946868419647217,0,2,12,post_calibration
13,5,0,17,60,1,1,1,0.5050029754638672,0.5050029754638672,0.4949970245361328,0.5050029754638672,0,2,12,post_calibration
14,0,0,1,60,1,0,0,0.503717303276062,0.503717303276062,0.503717303276062,0.4962827265262604,0,3,12,zero_shot_paired
14,1,0,2,60,1,1,1,0.5000367164611816,0.5000367164611816,0.49996328353881836,0.5000367164611816,0,3,12,zero_shot_paired
14,2,0,7,60,0,0,1,0.500799834728241,0.500799834728241,0.500799834728241,0.49920016527175903,0,3,12,zero_shot_paired
14,3,0,10,60,1,1,1,0.5006083250045776,0.5006083250045776,0.4993916153907776,0.5006083250045776,0,3,12,zero_shot_paired
14,4,0,11,60,1,0,0,0.5014250874519348,0.5014250874519348,0.5014250874519348,0.4985748827457428,0,3,12,zero_shot_paired
14,5,0,16,60,0,0,1,0.500491201877594,0.500491201877594,0.500491201877594,0.499508798122406,0,3,12,zero_shot_paired
14,0,0,1,60,1,0,0,0.5030907392501831,0.5030907392501831,0.5030907392501831,0.49690932035446167,0,3,12,post_calibration
14,1,0,2,60,1,1,1,0.5018751621246338,0.5018751621246338,0.4981248676776886,0.5018751621246338,0,3,12,post_calibration
14,2,0,7,60,0,1,0,0.5005943775177002,0.5005943775177002,0.4994056224822998,0.5005943775177002,0,3,12,post_calibration
14,3,0,10,60,1,1,1,0.5006800293922424,0.5006800293922424,0.49931997060775757,0.5006800293922424,0,3,12,post_calibration
14,4,0,11,60,1,1,1,0.5010491013526917,0.5010491013526917,0.49895086884498596,0.5010491013526917,0,3,12,post_calibration
14,5,0,16,60,0,1,0,0.5012170076370239,0.5012170076370239,0.4987829923629761,0.5012170076370239,0,3,12,post_calibration
2,0,1,0,60,1,0,0,0.5003587603569031,0.5003587603569031,0.5003587603569031,0.49964120984077454,1,,,zero_shot_all_trials
2,1,1,1,60,0,0,1,0.5003626346588135,0.5003626346588135,0.5003626346588135,0.4996373653411865,1,,,zero_shot_all_trials
2,2,1,2,60,1,1,1,0.5018356442451477,0.5018356442451477,0.4981643557548523,0.5018356442451477,1,,,zero_shot_all_trials
2,3,1,3,60,0,0,1,0.5002201795578003,0.5002201795578003,0.5002201795578003,0.4997798800468445,1,,,zero_shot_all_trials
2,4,1,4,60,0,1,0,0.5032050609588623,0.5032050609588623,0.4967949390411377,0.5032050609588623,1,,,zero_shot_all_trials
2,5,1,5,60,0,1,0,0.5005755424499512,0.5005755424499512,0.49942445755004883,0.5005755424499512,1,,,zero_shot_all_trials
2,6,1,6,60,1,0,0,0.5010205507278442,0.5010205507278442,0.5010205507278442,0.49897947907447815,1,,,zero_shot_all_trials
2,7,1,7,60,0,1,0,0.5006792545318604,0.5006792545318604,0.49932071566581726,0.5006792545318604,1,,,zero_shot_all_trials
2,8,1,8,60,0,1,0,0.5034647583961487,0.5034647583961487,0.4965352714061737,0.5034647583961487,1,,,zero_shot_all_trials
2,9,1,9,60,0,1,0,0.502346396446228,0.502346396446228,0.4976535737514496,0.502346396446228,1,,,zero_shot_all_trials
2,10,1,10,60,1,1,1,0.5041007995605469,0.5041007995605469,0.4958992600440979,0.5041007995605469,1,,,zero_shot_all_trials
2,11,1,11,60,1,1,1,0.5018271803855896,0.5018271803855896,0.4981728494167328,0.5018271803855896,1,,,zero_shot_all_trials
2,12,1,12,60,1,0,0,0.5021848678588867,0.5021848678588867,0.5021848678588867,0.4978151023387909,1,,,zero_shot_all_trials
2,13,1,13,60,0,1,0,0.5018395781517029,0.5018395781517029,0.4981604516506195,0.5018395781517029,1,,,zero_shot_all_trials
2,14,1,14,60,0,0,1,0.5005245208740234,0.5005245208740234,0.5005245208740234,0.49947550892829895,1,,,zero_shot_all_trials
2,15,1,15,60,0,0,1,0.5005238056182861,0.5005238056182861,0.5005238056182861,0.4994761645793915,1,,,zero_shot_all_trials
2,16,1,16,60,0,0,1,0.5032203197479248,0.5032203197479248,0.5032203197479248,0.4967796504497528,1,,,zero_shot_all_trials
2,17,1,17,60,1,1,1,0.5039077401161194,0.5039077401161194,0.4960922300815582,0.5039077401161194,1,,,zero_shot_all_trials
15,0,1,0,60,1,0,0,0.5003587603569031,0.5003587603569031,0.5003587603569031,0.49964120984077454,1,1,3,zero_shot_paired
15,1,1,1,60,0,0,1,0.5003626942634583,0.5003626942634583,0.5003626942634583,0.49963730573654175,1,1,3,zero_shot_paired
15,2,1,2,60,1,1,1,0.5018357038497925,0.5018357038497925,0.4981643557548523,0.5018357038497925,1,1,3,zero_shot_paired
15,3,1,3,60,0,0,1,0.5002200603485107,0.5002200603485107,0.5002200603485107,0.49977993965148926,1,1,3,zero_shot_paired
15,4,1,4,60,0,1,0,0.5032050013542175,0.5032050013542175,0.49679499864578247,0.5032050013542175,1,1,3,zero_shot_paired
15,5,1,5,60,0,1,0,0.5005754828453064,0.5005754828453064,0.499424546957016,0.5005754828453064,1,1,3,zero_shot_paired
15,6,1,6,60,1,0,0,0.5010204315185547,0.5010204315185547,0.5010204315185547,0.4989795684814453,1,1,3,zero_shot_paired
15,7,1,9,60,0,1,0,0.5023464560508728,0.5023464560508728,0.4976535141468048,0.5023464560508728,1,1,3,zero_shot_paired
15,8,1,11,60,1,1,1,0.5018271803855896,0.5018271803855896,0.4981728196144104,0.5018271803855896,1,1,3,zero_shot_paired
15,9,1,12,60,1,0,0,0.5021847486495972,0.5021847486495972,0.5021847486495972,0.49781519174575806,1,1,3,zero_shot_paired
15,10,1,13,60,0,1,0,0.5018397569656372,0.5018397569656372,0.4981602728366852,0.5018397569656372,1,1,3,zero_shot_paired
15,11,1,14,60,0,0,1,0.5005245208740234,0.5005245208740234,0.5005245208740234,0.49947550892829895,1,1,3,zero_shot_paired
15,12,1,15,60,0,0,1,0.5005237460136414,0.5005237460136414,0.5005237460136414,0.49947628378868103,1,1,3,zero_shot_paired
15,13,1,16,60,0,0,1,0.5032203197479248,0.5032203197479248,0.5032203197479248,0.4967796802520752,1,1,3,zero_shot_paired
15,14,1,17,60,1,1,1,0.5039076805114746,0.5039076805114746,0.4960922598838806,0.5039076805114746,1,1,3,zero_shot_paired
15,0,1,0,60,1,0,0,0.5002247095108032,0.5002247095108032,0.5002247095108032,0.4997752904891968,1,1,3,post_calibration
15,1,1,1,60,0,0,1,0.5006809830665588,0.5006809830665588,0.5006809830665588,0.49931907653808594,1,1,3,post_calibration
15,2,1,2,60,1,1,1,0.502141535282135,0.502141535282135,0.497858464717865,0.502141535282135,1,1,3,post_calibration
15,3,1,3,60,0,0,1,0.5007187128067017,0.5007187128067017,0.5007187128067017,0.49928125739097595,1,1,3,post_calibration
15,4,1,4,60,0,1,0,0.503048837184906,0.503048837184906,0.496951162815094,0.503048837184906,1,1,3,post_calibration
15,5,1,5,60,0,1,0,0.5007053017616272,0.5007053017616272,0.4992947578430176,0.5007053017616272,1,1,3,post_calibration
15,6,1,6,60,1,0,0,0.5013743042945862,0.5013743042945862,0.5013743042945862,0.49862566590309143,1,1,3,post_calibration
15,7,1,9,60,0,1,0,0.5028969049453735,0.5028969049453735,0.4971030652523041,0.5028969049453735,1,1,3,post_calibration
15,8,1,11,60,1,1,1,0.502370297908783,0.502370297908783,0.49762970209121704,0.502370297908783,1,1,3,post_calibration
15,9,1,12,60,1,0,0,0.5021314024925232,0.5021314024925232,0.5021314024925232,0.4978685677051544,1,1,3,post_calibration
15,10,1,13,60,0,1,0,0.502069890499115,0.502069890499115,0.497930109500885,0.502069890499115,1,1,3,post_calibration
15,11,1,14,60,0,0,1,0.5002341866493225,0.5002341866493225,0.5002341866493225,0.4997658431529999,1,1,3,post_calibration
15,12,1,15,60,0,0,1,0.5000999569892883,0.5000999569892883,0.5000999569892883,0.4999000132083893,1,1,3,post_calibration
15,13,1,16,60,0,0,1,0.5035904049873352,0.5035904049873352,0.5035904049873352,0.4964095652103424,1,1,3,post_calibration
15,14,1,17,60,1,1,1,0.5041541457176208,0.5041541457176208,0.49584585428237915,0.5041541457176208,1,1,3,post_calibration
16,0,1,0,60,1,0,0,0.5003587603569031,0.5003587603569031,0.5003587603569031,0.49964120984077454,1,2,3,zero_shot_paired
16,1,1,1,60,0,0,1,0.5003626942634583,0.5003626942634583,0.5003626942634583,0.49963730573654175,1,2,3,zero_shot_paired
16,2,1,4,60,0,1,0,0.5032050013542175,0.5032050013542175,0.49679499864578247,0.5032050013542175,1,2,3,zero_shot_paired
16,3,1,6,60,1,0,0,0.5010204315185547,0.5010204315185547,0.5010204315185547,0.4989795684814453,1,2,3,zero_shot_paired
16,4,1,7,60,0,1,0,0.5006791949272156,0.5006791949272156,0.4993208050727844,0.5006791949272156,1,2,3,zero_shot_paired
16,5,1,8,60,0,1,0,0.5034648180007935,0.5034648180007935,0.49653518199920654,0.5034648180007935,1,2,3,zero_shot_paired
16,6,1,9,60,0,1,0,0.5023464560508728,0.5023464560508728,0.4976535141468048,0.5023464560508728,1,2,3,zero_shot_paired
16,7,1,10,60,1,1,1,0.5041007995605469,0.5041007995605469,0.4958992600440979,0.5041007995605469,1,2,3,zero_shot_paired
16,8,1,11,60,1,1,1,0.5018271803855896,0.5018271803855896,0.4981728196144104,0.5018271803855896,1,2,3,zero_shot_paired
16,9,1,12,60,1,0,0,0.5021847486495972,0.5021847486495972,0.5021847486495972,0.49781519174575806,1,2,3,zero_shot_paired
16,10,1,13,60,0,1,0,0.5018397569656372,0.5018397569656372,0.4981602728366852,0.5018397569656372,1,2,3,zero_shot_paired
16,11,1,14,60,0,0,1,0.5005245208740234,0.5005245208740234,0.5005245208740234,0.49947550892829895,1,2,3,zero_shot_paired
16,12,1,15,60,0,0,1,0.5005237460136414,0.5005237460136414,0.5005237460136414,0.49947628378868103,1,2,3,zero_shot_paired
16,13,1,16,60,0,0,1,0.5032203197479248,0.5032203197479248,0.5032203197479248,0.4967796802520752,1,2,3,zero_shot_paired
16,14,1,17,60,1,1,1,0.5039076805114746,0.5039076805114746,0.4960922598838806,0.5039076805114746,1,2,3,zero_shot_paired
16,0,1,0,60,1,0,0,0.5001974701881409,0.5001974701881409,0.5001974701881409,0.49980252981185913,1,2,3,post_calibration
16,1,1,1,60,0,0,1,0.5004227161407471,0.5004227161407471,0.5004227161407471,0.49957728385925293,1,2,3,post_calibration
16,2,1,4,60,0,1,0,0.5033266544342041,0.5033266544342041,0.4966733157634735,0.5033266544342041,1,2,3,post_calibration
16,3,1,6,60,1,0,0,0.5011128783226013,0.5011128783226013,0.5011128783226013,0.4988871216773987,1,2,3,post_calibration
16,4,1,7,60,0,1,0,0.5003035068511963,0.5003035068511963,0.4996965229511261,0.5003035068511963,1,2,3,post_calibration
16,5,1,8,60,0,1,0,0.5029645562171936,0.5029645562171936,0.497035413980484,0.5029645562171936,1,2,3,post_calibration
16,6,1,9,60,0,1,0,0.5020337700843811,0.5020337700843811,0.4979662597179413,0.5020337700843811,1,2,3,post_calibration
16,7,1,10,60,1,1,1,0.5036281943321228,0.5036281943321228,0.4963718056678772,0.5036281943321228,1,2,3,post_calibration
16,8,1,11,60,1,1,1,0.5016197562217712,0.5016197562217712,0.49838027358055115,0.5016197562217712,1,2,3,post_calibration
16,9,1,12,60,1,0,0,0.5021035075187683,0.5021035075187683,0.5021035075187683,0.4978964924812317,1,2,3,post_calibration
16,10,1,13,60,0,1,0,0.5016738176345825,0.5016738176345825,0.49832624197006226,0.5016738176345825,1,2,3,post_calibration
16,11,1,14,60,0,0,1,0.5012447237968445,0.5012447237968445,0.5012447237968445,0.4987553060054779,1,2,3,post_calibration
16,12,1,15,60,0,0,1,0.5004997253417969,0.5004997253417969,0.5004997253417969,0.49950024485588074,1,2,3,post_calibration
16,13,1,16,60,0,0,1,0.5035166144371033,0.5035166144371033,0.5035166144371033,0.4964834153652191,1,2,3,post_calibration
16,14,1,17,60,1,1,1,0.5036954283714294,0.5036954283714294,0.49630454182624817,0.5036954283714294,1,2,3,post_calibration
17,0,1,0,60,1,0,0,0.5003587603569031,0.5003587603569031,0.5003587603569031,0.49964120984077454,1,3,3,zero_shot_paired
17,1,1,2,60,1,1,1,0.5018357038497925,0.5018357038497925,0.4981643557548523,0.5018357038497925,1,3,3,zero_shot_paired
17,2,1,3,60,0,0,1,0.5002200603485107,0.5002200603485107,0.5002200603485107,0.49977993965148926,1,3,3,zero_shot_paired
17,3,1,4,60,0,1,0,0.5032050013542175,0.5032050013542175,0.49679499864578247,0.5032050013542175,1,3,3,zero_shot_paired
17,4,1,5,60,0,1,0,0.5005754828453064,0.5005754828453064,0.499424546957016,0.5005754828453064,1,3,3,zero_shot_paired
17,5,1,6,60,1,0,0,0.5010204315185547,0.5010204315185547,0.5010204315185547,0.4989795684814453,1,3,3,zero_shot_paired
17,6,1,7,60,0,1,0,0.5006791949272156,0.5006791949272156,0.4993208050727844,0.5006791949272156,1,3,3,zero_shot_paired
17,7,1,8,60,0,1,0,0.5034648180007935,0.5034648180007935,0.49653518199920654,0.5034648180007935,1,3,3,zero_shot_paired
17,8,1,9,60,0,1,0,0.5023464560508728,0.5023464560508728,0.4976535141468048,0.5023464560508728,1,3,3,zero_shot_paired
17,9,1,10,60,1,1,1,0.5041007995605469,0.5041007995605469,0.4958992600440979,0.5041007995605469,1,3,3,zero_shot_paired
17,10,1,13,60,0,1,0,0.5018397569656372,0.5018397569656372,0.4981602728366852,0.5018397569656372,1,3,3,zero_shot_paired
17,11,1,14,60,0,0,1,0.5005245208740234,0.5005245208740234,0.5005245208740234,0.49947550892829895,1,3,3,zero_shot_paired
17,12,1,15,60,0,0,1,0.5005237460136414,0.5005237460136414,0.5005237460136414,0.49947628378868103,1,3,3,zero_shot_paired
17,13,1,16,60,0,0,1,0.5032203197479248,0.5032203197479248,0.5032203197479248,0.4967796802520752,1,3,3,zero_shot_paired
17,14,1,17,60,1,1,1,0.5039076805114746,0.5039076805114746,0.4960922598838806,0.5039076805114746,1,3,3,zero_shot_paired
17,0,1,0,60,1,0,0,0.5002376437187195,0.5002376437187195,0.5002376437187195,0.49976232647895813,1,3,3,post_calibration
17,1,1,2,60,1,1,1,0.502374529838562,0.502374529838562,0.497625470161438,0.502374529838562,1,3,3,post_calibration
17,2,1,3,60,0,0,1,0.5000967383384705,0.5000967383384705,0.5000967383384705,0.49990323185920715,1,3,3,post_calibration
17,3,1,4,60,0,1,0,0.5034814476966858,0.5034814476966858,0.4965185225009918,0.5034814476966858,1,3,3,post_calibration
17,4,1,5,60,0,1,0,0.5014600157737732,0.5014600157737732,0.4985399842262268,0.5014600157737732,1,3,3,post_calibration
17,5,1,6,60,1,0,0,0.5008280277252197,0.5008280277252197,0.5008280277252197,0.4991719722747803,1,3,3,post_calibration
17,6,1,7,60,0,1,0,0.5006630420684814,0.5006630420684814,0.49933701753616333,0.5006630420684814,1,3,3,post_calibration
17,7,1,8,60,0,1,0,0.5041051506996155,0.5041051506996155,0.4958948493003845,0.5041051506996155,1,3,3,post_calibration
17,8,1,9,60,0,1,0,0.5032414197921753,0.5032414197921753,0.49675852060317993,0.5032414197921753,1,3,3,post_calibration
17,9,1,10,60,1,1,1,0.5043925642967224,0.5043925642967224,0.4956074059009552,0.5043925642967224,1,3,3,post_calibration
17,10,1,13,60,0,1,0,0.5024614930152893,0.5024614930152893,0.4975385069847107,0.5024614930152893,1,3,3,post_calibration
17,11,1,14,60,0,0,1,0.5002261400222778,0.5002261400222778,0.5002261400222778,0.49977385997772217,1,3,3,post_calibration
17,12,1,15,60,0,1,0,0.5002172589302063,0.5002172589302063,0.4997827708721161,0.5002172589302063,1,3,3,post_calibration
17,13,1,16,60,0,0,1,0.503098726272583,0.503098726272583,0.503098726272583,0.4969013035297394,1,3,3,post_calibration
17,14,1,17,60,1,1,1,0.5047537088394165,0.5047537088394165,0.4952463209629059,0.5047537088394165,1,3,3,post_calibration
18,0,1,0,60,1,0,0,0.5003587603569031,0.5003587603569031,0.5003587603569031,0.49964120984077454,1,4,3,zero_shot_paired
18,1,1,1,60,0,0,1,0.5003626942634583,0.5003626942634583,0.5003626942634583,0.49963730573654175,1,4,3,zero_shot_paired
18,2,1,2,60,1,1,1,0.5018357038497925,0.5018357038497925,0.4981643557548523,0.5018357038497925,1,4,3,zero_shot_paired
18,3,1,3,60,0,0,1,0.5002200603485107,0.5002200603485107,0.5002200603485107,0.49977993965148926,1,4,3,zero_shot_paired
18,4,1,4,60,0,1,0,0.5032050013542175,0.5032050013542175,0.49679499864578247,0.5032050013542175,1,4,3,zero_shot_paired
18,5,1,5,60,0,1,0,0.5005754828453064,0.5005754828453064,0.499424546957016,0.5005754828453064,1,4,3,zero_shot_paired
18,6,1,6,60,1,0,0,0.5010204315185547,0.5010204315185547,0.5010204315185547,0.4989795684814453,1,4,3,zero_shot_paired
18,7,1,7,60,0,1,0,0.5006791949272156,0.5006791949272156,0.4993208050727844,0.5006791949272156,1,4,3,zero_shot_paired
18,8,1,8,60,0,1,0,0.5034648180007935,0.5034648180007935,0.49653518199920654,0.5034648180007935,1,4,3,zero_shot_paired
18,9,1,10,60,1,1,1,0.5041007995605469,0.5041007995605469,0.4958992600440979,0.5041007995605469,1,4,3,zero_shot_paired
18,10,1,11,60,1,1,1,0.5018271803855896,0.5018271803855896,0.4981728196144104,0.5018271803855896,1,4,3,zero_shot_paired
18,11,1,12,60,1,0,0,0.5021847486495972,0.5021847486495972,0.5021847486495972,0.49781519174575806,1,4,3,zero_shot_paired
18,12,1,13,60,0,1,0,0.5018397569656372,0.5018397569656372,0.4981602728366852,0.5018397569656372,1,4,3,zero_shot_paired
18,13,1,14,60,0,0,1,0.5005245208740234,0.5005245208740234,0.5005245208740234,0.49947550892829895,1,4,3,zero_shot_paired
18,14,1,16,60,0,0,1,0.5032203197479248,0.5032203197479248,0.5032203197479248,0.4967796802520752,1,4,3,zero_shot_paired
18,0,1,0,60,1,0,0,0.5005104541778564,0.5005104541778564,0.5005104541778564,0.49948957562446594,1,4,3,post_calibration
18,1,1,1,60,0,0,1,0.5008286833763123,0.5008286833763123,0.5008286833763123,0.49917134642601013,1,4,3,post_calibration
18,2,1,2,60,1,1,1,0.5011802315711975,0.5011802315711975,0.4988197982311249,0.5011802315711975,1,4,3,post_calibration
18,3,1,3,60,0,0,1,0.5008291006088257,0.5008291006088257,0.5008291006088257,0.4991708993911743,1,4,3,post_calibration
18,4,1,4,60,0,1,0,0.5028658509254456,0.5028658509254456,0.49713417887687683,0.5028658509254456,1,4,3,post_calibration
18,5,1,5,60,0,1,0,0.5000024437904358,0.5000024437904358,0.4999975860118866,0.5000024437904358,1,4,3,post_calibration
18,6,1,6,60,1,0,0,0.5018722414970398,0.5018722414970398,0.5018722414970398,0.4981277883052826,1,4,3,post_calibration
18,7,1,7,60,0,1,0,0.5006294846534729,0.5006294846534729,0.4993704855442047,0.5006294846534729,1,4,3,post_calibration
18,8,1,8,60,0,1,0,0.5025361776351929,0.5025361776351929,0.4974638521671295,0.5025361776351929,1,4,3,post_calibration
18,9,1,10,60,1,1,1,0.5034127831459045,0.5034127831459045,0.49658718705177307,0.5034127831459045,1,4,3,post_calibration
18,10,1,11,60,1,0,0,0.5001093149185181,0.5001093149185181,0.5001093149185181,0.49989062547683716,1,4,3,post_calibration
18,11,1,12,60,1,0,0,0.5023745894432068,0.5023745894432068,0.5023745894432068,0.4976253807544708,1,4,3,post_calibration
18,12,1,13,60,0,1,0,0.5010663866996765,0.5010663866996765,0.4989336431026459,0.5010663866996765,1,4,3,post_calibration
18,13,1,14,60,0,0,1,0.5017865300178528,0.5017865300178528,0.5017865300178528,0.498213529586792,1,4,3,post_calibration
18,14,1,16,60,0,0,1,0.5039884448051453,0.5039884448051453,0.5039884448051453,0.4960115849971771,1,4,3,post_calibration
19,0,1,0,60,1,0,0,0.5003587603569031,0.5003587603569031,0.5003587603569031,0.49964120984077454,1,5,3,zero_shot_paired
19,1,1,1,60,0,0,1,0.5003626942634583,0.5003626942634583,0.5003626942634583,0.49963730573654175,1,5,3,zero_shot_paired
19,2,1,2,60,1,1,1,0.5018357038497925,0.5018357038497925,0.4981643557548523,0.5018357038497925,1,5,3,zero_shot_paired
19,3,1,3,60,0,0,1,0.5002200603485107,0.5002200603485107,0.5002200603485107,0.49977993965148926,1,5,3,zero_shot_paired
19,4,1,4,60,0,1,0,0.5032050013542175,0.5032050013542175,0.49679499864578247,0.5032050013542175,1,5,3,zero_shot_paired
19,5,1,5,60,0,1,0,0.5005754828453064,0.5005754828453064,0.499424546957016,0.5005754828453064,1,5,3,zero_shot_paired
19,6,1,7,60,0,1,0,0.5006791949272156,0.5006791949272156,0.4993208050727844,0.5006791949272156,1,5,3,zero_shot_paired
19,7,1,8,60,0,1,0,0.5034648180007935,0.5034648180007935,0.49653518199920654,0.5034648180007935,1,5,3,zero_shot_paired
19,8,1,9,60,0,1,0,0.5023464560508728,0.5023464560508728,0.4976535141468048,0.5023464560508728,1,5,3,zero_shot_paired
19,9,1,10,60,1,1,1,0.5041007995605469,0.5041007995605469,0.4958992600440979,0.5041007995605469,1,5,3,zero_shot_paired
19,10,1,11,60,1,1,1,0.5018271803855896,0.5018271803855896,0.4981728196144104,0.5018271803855896,1,5,3,zero_shot_paired
19,11,1,12,60,1,0,0,0.5021847486495972,0.5021847486495972,0.5021847486495972,0.49781519174575806,1,5,3,zero_shot_paired
19,12,1,13,60,0,1,0,0.5018397569656372,0.5018397569656372,0.4981602728366852,0.5018397569656372,1,5,3,zero_shot_paired
19,13,1,15,60,0,0,1,0.5005237460136414,0.5005237460136414,0.5005237460136414,0.49947628378868103,1,5,3,zero_shot_paired
19,14,1,17,60,1,1,1,0.5039076805114746,0.5039076805114746,0.4960922598838806,0.5039076805114746,1,5,3,zero_shot_paired
19,0,1,0,60,1,0,0,0.5005283355712891,0.5005283355712891,0.5005283355712891,0.49947160482406616,1,5,3,post_calibration
19,1,1,1,60,0,0,1,0.5008478760719299,0.5008478760719299,0.5008478760719299,0.49915215373039246,1,5,3,post_calibration
19,2,1,2,60,1,1,1,0.5015093684196472,0.5015093684196472,0.49849066138267517,0.5015093684196472,1,5,3,post_calibration
19,3,1,3,60,0,0,1,0.5004599690437317,0.5004599690437317,0.5004599690437317,0.4995400607585907,1,5,3,post_calibration
19,4,1,4,60,0,1,0,0.5029159784317017,0.5029159784317017,0.49708402156829834,0.5029159784317017,1,5,3,post_calibration
19,5,1,5,60,0,1,0,0.500243067741394,0.500243067741394,0.49975690245628357,0.500243067741394,1,5,3,post_calibration
19,6,1,7,60,0,1,0,0.5003498792648315,0.5003498792648315,0.49965015053749084,0.5003498792648315,1,5,3,post_calibration
19,7,1,8,60,0,1,0,0.5035184025764465,0.5035184025764465,0.4964815676212311,0.5035184025764465,1,5,3,post_calibration
19,8,1,9,60,0,1,0,0.5021674036979675,0.5021674036979675,0.49783259630203247,0.5021674036979675,1,5,3,post_calibration
19,9,1,10,60,1,1,1,0.504041314125061,0.504041314125061,0.49595871567726135,0.504041314125061,1,5,3,post_calibration
19,10,1,11,60,1,1,1,0.5018759369850159,0.5018759369850159,0.49812406301498413,0.5018759369850159,1,5,3,post_calibration
19,11,1,12,60,1,0,0,0.5021265149116516,0.5021265149116516,0.5021265149116516,0.4978734850883484,1,5,3,post_calibration
19,12,1,13,60,0,1,0,0.5019250512123108,0.5019250512123108,0.4980749189853668,0.5019250512123108,1,5,3,post_calibration
19,13,1,15,60,0,0,1,0.5004789233207703,0.5004789233207703,0.5004789233207703,0.49952107667922974,1,5,3,post_calibration
19,14,1,17,60,1,1,1,0.503925085067749,0.503925085067749,0.4960748851299286,0.503925085067749,1,5,3,post_calibration
20,0,1,1,60,0,0,1,0.5003626942634583,0.5003626942634583,0.5003626942634583,0.49963730573654175,1,6,3,zero_shot_paired
20,1,1,2,60,1,1,1,0.5018357038497925,0.5018357038497925,0.4981643557548523,0.5018357038497925,1,6,3,zero_shot_paired
20,2,1,3,60,0,0,1,0.5002200603485107,0.5002200603485107,0.5002200603485107,0.49977993965148926,1,6,3,zero_shot_paired
20,3,1,5,60,0,1,0,0.5005754828453064,0.5005754828453064,0.499424546957016,0.5005754828453064,1,6,3,zero_shot_paired
20,4,1,6,60,1,0,0,0.5010204315185547,0.5010204315185547,0.5010204315185547,0.4989795684814453,1,6,3,zero_shot_paired
20,5,1,7,60,0,1,0,0.5006791949272156,0.5006791949272156,0.4993208050727844,0.5006791949272156,1,6,3,zero_shot_paired
20,6,1,8,60,0,1,0,0.5034648180007935,0.5034648180007935,0.49653518199920654,0.5034648180007935,1,6,3,zero_shot_paired
20,7,1,9,60,0,1,0,0.5023464560508728,0.5023464560508728,0.4976535141468048,0.5023464560508728,1,6,3,zero_shot_paired
20,8,1,10,60,1,1,1,0.5041007995605469,0.5041007995605469,0.4958992600440979,0.5041007995605469,1,6,3,zero_shot_paired
20,9,1,11,60,1,1,1,0.5018271803855896,0.5018271803855896,0.4981728196144104,0.5018271803855896,1,6,3,zero_shot_paired
20,10,1,12,60,1,0,0,0.5021847486495972,0.5021847486495972,0.5021847486495972,0.49781519174575806,1,6,3,zero_shot_paired
20,11,1,14,60,0,0,1,0.5005245208740234,0.5005245208740234,0.5005245208740234,0.49947550892829895,1,6,3,zero_shot_paired
20,12,1,15,60,0,0,1,0.5005237460136414,0.5005237460136414,0.5005237460136414,0.49947628378868103,1,6,3,zero_shot_paired
20,13,1,16,60,0,0,1,0.5032203197479248,0.5032203197479248,0.5032203197479248,0.4967796802520752,1,6,3,zero_shot_paired
20,14,1,17,60,1,1,1,0.5039076805114746,0.5039076805114746,0.4960922598838806,0.5039076805114746,1,6,3,zero_shot_paired
20,0,1,1,60,0,0,1,0.5003318190574646,0.5003318190574646,0.5003318190574646,0.4996681809425354,1,6,3,post_calibration
20,1,1,2,60,1,1,1,0.5013731718063354,0.5013731718063354,0.49862685799598694,0.5013731718063354,1,6,3,post_calibration
20,2,1,3,60,0,0,1,0.5002674460411072,0.5002674460411072,0.5002674460411072,0.4997325539588928,1,6,3,post_calibration
20,3,1,5,60,0,1,0,0.5001672506332397,0.5001672506332397,0.49983271956443787,0.5001672506332397,1,6,3,post_calibration
20,4,1,6,60,1,0,0,0.5009932518005371,0.5009932518005371,0.5009932518005371,0.4990067481994629,1,6,3,post_calibration
20,5,1,7,60,0,0,1,0.5002365708351135,0.5002365708351135,0.5002365708351135,0.4997633993625641,1,6,3,post_calibration
20,6,1,8,60,0,1,0,0.5028859376907349,0.5028859376907349,0.49711406230926514,0.5028859376907349,1,6,3,post_calibration
20,7,1,9,60,0,1,0,0.5017611384391785,0.5017611384391785,0.49823886156082153,0.5017611384391785,1,6,3,post_calibration
20,8,1,10,60,1,1,1,0.503178596496582,0.503178596496582,0.49682140350341797,0.503178596496582,1,6,3,post_calibration
20,9,1,11,60,1,1,1,0.5012142658233643,0.5012142658233643,0.49878567457199097,0.5012142658233643,1,6,3,post_calibration
20,10,1,12,60,1,0,0,0.5024381875991821,0.5024381875991821,0.5024381875991821,0.49756181240081787,1,6,3,post_calibration
20,11,1,14,60,0,0,1,0.501137375831604,0.501137375831604,0.501137375831604,0.4988625645637512,1,6,3,post_calibration
20,12,1,15,60,0,0,1,0.5013463497161865,0.5013463497161865,0.5013463497161865,0.4986536502838135,1,6,3,post_calibration
20,13,1,16,60,0,0,1,0.5034615397453308,0.5034615397453308,0.5034615397453308,0.4965384304523468,1,6,3,post_calibration
20,14,1,17,60,1,1,1,0.5030394196510315,0.5030394196510315,0.4969606101512909,0.5030394196510315,1,6,3,post_calibration
21,0,1,0,60,1,0,0,0.5003587603569031,0.5003587603569031,0.5003587603569031,0.49964120984077454,1,1,6,zero_shot_paired
21,1,1,1,60,0,0,1,0.5003626942634583,0.5003626942634583,0.5003626942634583,0.49963730573654175,1,1,6,zero_shot_paired
21,2,1,4,60,0,1,0,0.5032050013542175,0.5032050013542175,0.49679499864578247,0.5032050013542175,1,1,6,zero_shot_paired
21,3,1,6,60,1,0,0,0.5010204315185547,0.5010204315185547,0.5010204315185547,0.4989795684814453,1,1,6,zero_shot_paired
21,4,1,7,60,0,1,0,0.5006791949272156,0.5006791949272156,0.4993208050727844,0.5006791949272156,1,1,6,zero_shot_paired
21,5,1,9,60,0,1,0,0.5023464560508728,0.5023464560508728,0.4976535141468048,0.5023464560508728,1,1,6,zero_shot_paired
21,6,1,10,60,1,1,1,0.5041007995605469,0.5041007995605469,0.4958992600440979,0.5041007995605469,1,1,6,zero_shot_paired
21,7,1,11,60,1,1,1,0.5018271803855896,0.5018271803855896,0.4981728196144104,0.5018271803855896,1,1,6,zero_shot_paired
21,8,1,12,60,1,0,0,0.5021847486495972,0.5021847486495972,0.5021847486495972,0.49781519174575806,1,1,6,zero_shot_paired
21,9,1,14,60,0,0,1,0.5005245208740234,0.5005245208740234,0.5005245208740234,0.49947550892829895,1,1,6,zero_shot_paired
21,10,1,15,60,0,0,1,0.5005237460136414,0.5005237460136414,0.5005237460136414,0.49947628378868103,1,1,6,zero_shot_paired
21,11,1,16,60,0,0,1,0.5032203197479248,0.5032203197479248,0.5032203197479248,0.4967796802520752,1,1,6,zero_shot_paired
21,0,1,0,60,1,0,0,0.5011880397796631,0.5011880397796631,0.5011880397796631,0.4988119602203369,1,1,6,post_calibration
21,1,1,1,60,0,0,1,0.501261293888092,0.501261293888092,0.501261293888092,0.49873867630958557,1,1,6,post_calibration
21,2,1,4,60,0,1,0,0.503020703792572,0.503020703792572,0.4969792366027832,0.503020703792572,1,1,6,post_calibration
21,3,1,6,60,1,0,0,0.5013768672943115,0.5013768672943115,0.5013768672943115,0.4986231029033661,1,1,6,post_calibration
21,4,1,7,60,0,1,0,0.5001002550125122,0.5001002550125122,0.499899685382843,0.5001002550125122,1,1,6,post_calibration
21,5,1,9,60,0,1,0,0.5016487836837769,0.5016487836837769,0.49835118651390076,0.5016487836837769,1,1,6,post_calibration
21,6,1,10,60,1,1,1,0.5036638379096985,0.5036638379096985,0.4963361918926239,0.5036638379096985,1,1,6,post_calibration
21,7,1,11,60,1,1,1,0.501093327999115,0.501093327999115,0.4989066421985626,0.501093327999115,1,1,6,post_calibration
21,8,1,12,60,1,0,0,0.5028566122055054,0.5028566122055054,0.5028566122055054,0.49714332818984985,1,1,6,post_calibration
21,9,1,14,60,0,0,1,0.5008834004402161,0.5008834004402161,0.5008834004402161,0.49911656975746155,1,1,6,post_calibration
21,10,1,15,60,0,0,1,0.5007131099700928,0.5007131099700928,0.5007131099700928,0.4992869198322296,1,1,6,post_calibration
21,11,1,16,60,0,0,1,0.5038907527923584,0.5038907527923584,0.5038907527923584,0.4961092472076416,1,1,6,post_calibration
22,0,1,0,60,1,0,0,0.5003587603569031,0.5003587603569031,0.5003587603569031,0.49964120984077454,1,2,6,zero_shot_paired
22,1,1,1,60,0,0,1,0.5003626942634583,0.5003626942634583,0.5003626942634583,0.49963730573654175,1,2,6,zero_shot_paired
22,2,1,2,60,1,1,1,0.5018357038497925,0.5018357038497925,0.4981643557548523,0.5018357038497925,1,2,6,zero_shot_paired
22,3,1,3,60,0,0,1,0.5002200603485107,0.5002200603485107,0.5002200603485107,0.49977993965148926,1,2,6,zero_shot_paired
22,4,1,5,60,0,1,0,0.5005754828453064,0.5005754828453064,0.499424546957016,0.5005754828453064,1,2,6,zero_shot_paired
22,5,1,8,60,0,1,0,0.5034648180007935,0.5034648180007935,0.49653518199920654,0.5034648180007935,1,2,6,zero_shot_paired
22,6,1,9,60,0,1,0,0.5023464560508728,0.5023464560508728,0.4976535141468048,0.5023464560508728,1,2,6,zero_shot_paired
22,7,1,10,60,1,1,1,0.5041007995605469,0.5041007995605469,0.4958992600440979,0.5041007995605469,1,2,6,zero_shot_paired
22,8,1,12,60,1,0,0,0.5021847486495972,0.5021847486495972,0.5021847486495972,0.49781519174575806,1,2,6,zero_shot_paired
22,9,1,13,60,0,1,0,0.5018397569656372,0.5018397569656372,0.4981602728366852,0.5018397569656372,1,2,6,zero_shot_paired
22,10,1,15,60,0,0,1,0.5005237460136414,0.5005237460136414,0.5005237460136414,0.49947628378868103,1,2,6,zero_shot_paired
22,11,1,17,60,1,1,1,0.5039076805114746,0.5039076805114746,0.4960922598838806,0.5039076805114746,1,2,6,zero_shot_paired
22,0,1,0,60,1,0,0,0.5005171895027161,0.5005171895027161,0.5005171895027161,0.49948278069496155,1,2,6,post_calibration
22,1,1,1,60,0,0,1,0.5011536478996277,0.5011536478996277,0.5011536478996277,0.4988464117050171,1,2,6,post_calibration
22,2,1,2,60,1,1,1,0.5007873773574829,0.5007873773574829,0.4992126524448395,0.5007873773574829,1,2,6,post_calibration
22,3,1,3,60,0,0,1,0.5010920763015747,0.5010920763015747,0.5010920763015747,0.4989078938961029,1,2,6,post_calibration
22,4,1,5,60,0,1,0,0.5006225109100342,0.5006225109100342,0.4993774890899658,0.5006225109100342,1,2,6,post_calibration
22,5,1,8,60,0,1,0,0.5036889314651489,0.5036889314651489,0.4963110387325287,0.5036889314651489,1,2,6,post_calibration
22,6,1,9,60,0,1,0,0.5022363066673279,0.5022363066673279,0.4977637231349945,0.5022363066673279,1,2,6,post_calibration
22,7,1,10,60,1,1,1,0.5035247206687927,0.5035247206687927,0.49647530913352966,0.5035247206687927,1,2,6,post_calibration
22,8,1,12,60,1,0,0,0.5031900405883789,0.5031900405883789,0.5031900405883789,0.4968098998069763,1,2,6,post_calibration
22,9,1,13,60,0,1,0,0.5007396936416626,0.5007396936416626,0.499260276556015,0.5007396936416626,1,2,6,post_calibration
22,10,1,15,60,0,0,1,0.5009384155273438,0.5009384155273438,0.5009384155273438,0.49906158447265625,1,2,6,post_calibration
22,11,1,17,60,1,1,1,0.5036903619766235,0.5036903619766235,0.49630966782569885,0.5036903619766235,1,2,6,post_calibration
23,0,1,2,60,1,1,1,0.5018357038497925,0.5018357038497925,0.4981643557548523,0.5018357038497925,1,3,6,zero_shot_paired
23,1,1,3,60,0,0,1,0.5002200603485107,0.5002200603485107,0.5002200603485107,0.49977993965148926,1,3,6,zero_shot_paired
23,2,1,4,60,0,1,0,0.5032050013542175,0.5032050013542175,0.49679499864578247,0.5032050013542175,1,3,6,zero_shot_paired
23,3,1,5,60,0,1,0,0.5005754828453064,0.5005754828453064,0.499424546957016,0.5005754828453064,1,3,6,zero_shot_paired
23,4,1,6,60,1,0,0,0.5010204315185547,0.5010204315185547,0.5010204315185547,0.4989795684814453,1,3,6,zero_shot_paired
23,5,1,7,60,0,1,0,0.5006791949272156,0.5006791949272156,0.4993208050727844,0.5006791949272156,1,3,6,zero_shot_paired
23,6,1,8,60,0,1,0,0.5034648180007935,0.5034648180007935,0.49653518199920654,0.5034648180007935,1,3,6,zero_shot_paired
23,7,1,11,60,1,1,1,0.5018271803855896,0.5018271803855896,0.4981728196144104,0.5018271803855896,1,3,6,zero_shot_paired
23,8,1,13,60,0,1,0,0.5018397569656372,0.5018397569656372,0.4981602728366852,0.5018397569656372,1,3,6,zero_shot_paired
23,9,1,14,60,0,0,1,0.5005245208740234,0.5005245208740234,0.5005245208740234,0.49947550892829895,1,3,6,zero_shot_paired
23,10,1,16,60,0,0,1,0.5032203197479248,0.5032203197479248,0.5032203197479248,0.4967796802520752,1,3,6,zero_shot_paired
23,11,1,17,60,1,1,1,0.5039076805114746,0.5039076805114746,0.4960922598838806,0.5039076805114746,1,3,6,zero_shot_paired
23,0,1,2,60,1,1,1,0.5016191005706787,0.5016191005706787,0.4983808994293213,0.5016191005706787,1,3,6,post_calibration
23,1,1,3,60,0,1,0,0.5000327229499817,0.5000327229499817,0.4999673068523407,0.5000327229499817,1,3,6,post_calibration
23,2,1,4,60,0,1,0,0.5031013488769531,0.5031013488769531,0.4968986213207245,0.5031013488769531,1,3,6,post_calibration
23,3,1,5,60,0,1,0,0.5013429522514343,0.5013429522514343,0.4986569881439209,0.5013429522514343,1,3,6,post_calibration
23,4,1,6,60,1,0,0,0.5011928081512451,0.5011928081512451,0.5011928081512451,0.4988071918487549,1,3,6,post_calibration
23,5,1,7,60,0,1,0,0.5011779069900513,0.5011779069900513,0.49882209300994873,0.5011779069900513,1,3,6,post_calibration
23,6,1,8,60,0,1,0,0.5035739541053772,0.5035739541053772,0.4964260756969452,0.5035739541053772,1,3,6,post_calibration
23,7,1,11,60,1,1,1,0.5024749040603638,0.5024749040603638,0.4975251257419586,0.5024749040603638,1,3,6,post_calibration
23,8,1,13,60,0,1,0,0.5023263096809387,0.5023263096809387,0.49767372012138367,0.5023263096809387,1,3,6,post_calibration
23,9,1,14,60,0,0,1,0.5004690885543823,0.5004690885543823,0.5004690885543823,0.4995309114456177,1,3,6,post_calibration
23,10,1,16,60,0,0,1,0.5033212304115295,0.5033212304115295,0.5033212304115295,0.49667876958847046,1,3,6,post_calibration
23,11,1,17,60,1,1,1,0.5045851469039917,0.5045851469039917,0.4954148828983307,0.5045851469039917,1,3,6,post_calibration
24,0,1,0,60,1,0,0,0.5003587007522583,0.5003587007522583,0.5003587007522583,0.4996412992477417,1,1,9,zero_shot_paired
24,1,1,1,60,0,0,1,0.5003626346588135,0.5003626346588135,0.5003626346588135,0.49963730573654175,1,1,9,zero_shot_paired
24,2,1,2,60,1,1,1,0.5018355846405029,0.5018355846405029,0.49816444516181946,0.5018355846405029,1,1,9,zero_shot_paired
24,3,1,3,60,0,0,1,0.5002201199531555,0.5002201199531555,0.5002201199531555,0.4997798800468445,1,1,9,zero_shot_paired
24,4,1,4,60,0,1,0,0.5032050013542175,0.5032050013542175,0.49679499864578247,0.5032050013542175,1,1,9,zero_shot_paired
24,5,1,10,60,1,1,1,0.5041007399559021,0.5041007399559021,0.4958993196487427,0.5041007399559021,1,1,9,zero_shot_paired
24,6,1,13,60,0,1,0,0.5018396973609924,0.5018396973609924,0.49816033244132996,0.5018396973609924,1,1,9,zero_shot_paired
24,7,1,14,60,0,0,1,0.5005245208740234,0.5005245208740234,0.5005245208740234,0.49947550892829895,1,1,9,zero_shot_paired
24,8,1,15,60,0,0,1,0.5005238056182861,0.5005238056182861,0.5005238056182861,0.4994761645793915,1,1,9,zero_shot_paired
24,0,1,0,60,1,1,1,0.5004867911338806,0.5004867911338806,0.4995132386684418,0.5004867911338806,1,1,9,post_calibration
24,1,1,1,60,0,0,1,0.5008251667022705,0.5008251667022705,0.5008251667022705,0.4991748631000519,1,1,9,post_calibration
24,2,1,2,60,1,1,1,0.5014790892601013,0.5014790892601013,0.4985208809375763,0.5014790892601013,1,1,9,post_calibration
24,3,1,3,60,0,0,1,0.5001552104949951,0.5001552104949951,0.5001552104949951,0.4998447895050049,1,1,9,post_calibration
24,4,1,4,60,0,1,0,0.5026912093162537,0.5026912093162537,0.49730879068374634,0.5026912093162537,1,1,9,post_calibration
24,5,1,10,60,1,1,1,0.5029646754264832,0.5029646754264832,0.49703535437583923,0.5029646754264832,1,1,9,post_calibration
24,6,1,13,60,0,1,0,0.5019426345825195,0.5019426345825195,0.4980573356151581,0.5019426345825195,1,1,9,post_calibration
24,7,1,14,60,0,0,1,0.5007980465888977,0.5007980465888977,0.5007980465888977,0.4992018938064575,1,1,9,post_calibration
24,8,1,15,60,0,0,1,0.5003905296325684,0.5003905296325684,0.5003905296325684,0.49960950016975403,1,1,9,post_calibration
25,0,1,5,60,0,1,0,0.5005755424499512,0.5005755424499512,0.4994244873523712,0.5005755424499512,1,2,9,zero_shot_paired
25,1,1,6,60,1,0,0,0.5010205507278442,0.5010205507278442,0.5010205507278442,0.49897944927215576,1,2,9,zero_shot_paired
25,2,1,7,60,0,1,0,0.5006792545318604,0.5006792545318604,0.49932071566581726,0.5006792545318604,1,2,9,zero_shot_paired
25,3,1,8,60,0,1,0,0.5034647583961487,0.5034647583961487,0.4965352714061737,0.5034647583961487,1,2,9,zero_shot_paired
25,4,1,9,60,0,1,0,0.5023464560508728,0.5023464560508728,0.4976535141468048,0.5023464560508728,1,2,9,zero_shot_paired
25,5,1,11,60,1,1,1,0.5018271803855896,0.5018271803855896,0.4981728196144104,0.5018271803855896,1,2,9,zero_shot_paired
25,6,1,12,60,1,0,0,0.5021848082542419,0.5021848082542419,0.5021848082542419,0.49781516194343567,1,2,9,zero_shot_paired
25,7,1,16,60,0,0,1,0.5032203197479248,0.5032203197479248,0.5032203197479248,0.4967796802520752,1,2,9,zero_shot_paired
25,8,1,17,60,1,1,1,0.5039079189300537,0.5039079189300537,0.4960920810699463,0.5039079189300537,1,2,9,zero_shot_paired
25,0,1,5,60,0,0,1,0.500137209892273,0.500137209892273,0.500137209892273,0.4998628497123718,1,2,9,post_calibration
25,1,1,6,60,1,0,0,0.5017971396446228,0.5017971396446228,0.5017971396446228,0.4982028305530548,1,2,9,post_calibration
25,2,1,7,60,0,0,1,0.5000069737434387,0.5000069737434387,0.5000069737434387,0.4999929964542389,1,2,9,post_calibration
25,3,1,8,60,0,1,0,0.5029789805412292,0.5029789805412292,0.49702098965644836,0.5029789805412292,1,2,9,post_calibration
25,4,1,9,60,0,1,0,0.5013673305511475,0.5013673305511475,0.49863266944885254,0.5013673305511475,1,2,9,post_calibration
25,5,1,11,60,1,1,1,0.5009161233901978,0.5009161233901978,0.49908390641212463,0.5009161233901978,1,2,9,post_calibration
25,6,1,12,60,1,0,0,0.5037730932235718,0.5037730932235718,0.5037730932235718,0.4962269365787506,1,2,9,post_calibration
25,7,1,16,60,0,0,1,0.5039647221565247,0.5039647221565247,0.5039647221565247,0.49603521823883057,1,2,9,post_calibration
25,8,1,17,60,1,1,1,0.5028483271598816,0.5028483271598816,0.4971517324447632,0.5028483271598816,1,2,9,post_calibration
26,0,1,1,60,0,0,1,0.5003618597984314,0.5003618597984314,0.5003618597984314,0.4996381402015686,1,1,12,zero_shot_paired
26,1,1,3,60,0,0,1,0.5002193450927734,0.5002193450927734,0.5002193450927734,0.49978068470954895,1,1,12,zero_shot_paired
26,2,1,7,60,0,1,0,0.500678300857544,0.500678300857544,0.4993216395378113,0.500678300857544,1,1,12,zero_shot_paired
26,3,1,10,60,1,1,1,0.5040991902351379,0.5040991902351379,0.49590083956718445,0.5040991902351379,1,1,12,zero_shot_paired
26,4,1,14,60,0,0,1,0.5005233883857727,0.5005233883857727,0.5005233883857727,0.4994766116142273,1,1,12,zero_shot_paired
26,5,1,17,60,1,1,1,0.503908634185791,0.503908634185791,0.49609142541885376,0.503908634185791,1,1,12,zero_shot_paired
26,0,1,1,60,0,0,1,0.50034099817276,0.50034099817276,0.50034099817276,0.4996589720249176,1,1,12,post_calibration
26,1,1,3,60,0,1,0,0.5003989338874817,0.5003989338874817,0.4996010661125183,0.5003989338874817,1,1,12,post_calibration
26,2,1,7,60,0,0,1,0.5000185966491699,0.5000185966491699,0.5000185966491699,0.49998143315315247,1,1,12,post_calibration
26,3,1,10,60,1,1,1,0.501723051071167,0.501723051071167,0.498276948928833,0.501723051071167,1,1,12,post_calibration
26,4,1,14,60,0,0,1,0.5022883415222168,0.5022883415222168,0.5022883415222168,0.4977116286754608,1,1,12,post_calibration
26,5,1,17,60,1,1,1,0.5033699870109558,0.5033699870109558,0.49663007259368896,0.5033699870109558,1,1,12,post_calibration
27,0,1,1,60,0,0,1,0.5003618597984314,0.5003618597984314,0.5003618597984314,0.4996381402015686,1,2,12,zero_shot_paired
27,1,1,5,60,0,1,0,0.5005741119384766,0.5005741119384766,0.49942588806152344,0.5005741119384766,1,2,12,zero_shot_paired
27,2,1,9,60,0,1,0,0.5023461580276489,0.5023461580276489,0.4976538419723511,0.5023461580276489,1,2,12,zero_shot_paired
27,3,1,11,60,1,1,1,0.5018270015716553,0.5018270015716553,0.4981730580329895,0.5018270015716553,1,2,12,zero_shot_paired
27,4,1,15,60,0,0,1,0.50052410364151,0.50052410364151,0.50052410364151,0.4994759261608124,1,2,12,zero_shot_paired
27,5,1,17,60,1,1,1,0.503908634185791,0.503908634185791,0.49609142541885376,0.503908634185791,1,2,12,zero_shot_paired
27,0,1,1,60,0,0,1,0.5011481642723083,0.5011481642723083,0.5011481642723083,0.49885186553001404,1,2,12,post_calibration
27,1,1,5,60,0,1,0,0.5004280209541321,0.5004280209541321,0.4995720088481903,0.5004280209541321,1,2,12,post_calibration
27,2,1,9,60,0,1,0,0.5019522309303284,0.5019522309303284,0.49804776906967163,0.5019522309303284,1,2,12,post_calibration
27,3,1,11,60,1,1,1,0.5021358132362366,0.5021358132362366,0.49786415696144104,0.5021358132362366,1,2,12,post_calibration
27,4,1,15,60,0,0,1,0.5007292628288269,0.5007292628288269,0.5007292628288269,0.4992707073688507,1,2,12,post_calibration
27,5,1,17,60,1,1,1,0.5040469169616699,0.5040469169616699,0.4959530830383301,0.5040469169616699,1,2,12,post_calibration
28,0,1,2,60,1,1,1,0.501834511756897,0.501834511756897,0.4981655180454254,0.501834511756897,1,3,12,zero_shot_paired
28,1,1,3,60,0,0,1,0.5002193450927734,0.5002193450927734,0.5002193450927734,0.49978068470954895,1,3,12,zero_shot_paired
28,2,1,4,60,0,1,0,0.5032026171684265,0.5032026171684265,0.4967973530292511,0.5032026171684265,1,3,12,zero_shot_paired
28,3,1,11,60,1,1,1,0.5018270015716553,0.5018270015716553,0.4981730580329895,0.5018270015716553,1,3,12,zero_shot_paired
28,4,1,13,60,0,1,0,0.5018380880355835,0.5018380880355835,0.4981618821620941,0.5018380880355835,1,3,12,zero_shot_paired
28,5,1,16,60,0,0,1,0.503221333026886,0.503221333026886,0.503221333026886,0.4967786371707916,1,3,12,zero_shot_paired
28,0,1,2,60,1,1,1,0.5005378127098083,0.5005378127098083,0.4994622468948364,0.5005378127098083,1,3,12,post_calibration
28,1,1,3,60,0,0,1,0.5005460381507874,0.5005460381507874,0.5005460381507874,0.49945399165153503,1,3,12,post_calibration
28,2,1,4,60,0,1,0,0.5022885799407959,0.5022885799407959,0.4977114498615265,0.5022885799407959,1,3,12,post_calibration
28,3,1,11,60,1,1,1,0.5003886818885803,0.5003886818885803,0.4996113181114197,0.5003886818885803,1,3,12,post_calibration
28,4,1,13,60,0,1,0,0.5004566311836243,0.5004566311836243,0.49954336881637573,0.5004566311836243,1,3,12,post_calibration
28,5,1,16,60,0,0,1,0.5042577981948853,0.5042577981948853,0.5042577981948853,0.49574217200279236,1,3,12,post_calibration
3,0,2,0,60,1,1,1,0.5013789534568787,0.5013789534568787,0.4986210763454437,0.5013789534568787,2,,,zero_shot_all_trials
3,1,2,1,60,1,0,0,0.5026527643203735,0.5026527643203735,0.5026527643203735,0.4973472058773041,2,,,zero_shot_all_trials
3,2,2,2,60,1,0,0,0.5001116394996643,0.5001116394996643,0.5001116394996643,0.4998883605003357,2,,,zero_shot_all_trials
3,3,2,3,60,0,0,1,0.5026423931121826,0.5026423931121826,0.5026423931121826,0.4973576068878174,2,,,zero_shot_all_trials
3,4,2,4,60,1,1,1,0.5026394128799438,0.5026394128799438,0.4973606467247009,0.5026394128799438,2,,,zero_shot_all_trials
3,5,2,5,60,1,1,1,0.5023049712181091,0.5023049712181091,0.4976949691772461,0.5023049712181091,2,,,zero_shot_all_trials
3,6,2,6,60,1,1,1,0.5008469820022583,0.5008469820022583,0.4991530478000641,0.5008469820022583,2,,,zero_shot_all_trials
3,7,2,7,60,0,0,1,0.5053043961524963,0.5053043961524963,0.5053043961524963,0.49469563364982605,2,,,zero_shot_all_trials
3,8,2,8,60,0,0,1,0.5012829899787903,0.5012829899787903,0.5012829899787903,0.4987170100212097,2,,,zero_shot_all_trials
3,9,2,9,60,1,1,1,0.5008094310760498,0.5008094310760498,0.4991905689239502,0.5008094310760498,2,,,zero_shot_all_trials
3,10,2,10,60,1,0,0,0.5050740242004395,0.5050740242004395,0.5050740242004395,0.49492600560188293,2,,,zero_shot_all_trials
3,11,2,11,60,1,0,0,0.5019596219062805,0.5019596219062805,0.5019596219062805,0.4980403780937195,2,,,zero_shot_all_trials
3,12,2,12,60,1,0,0,0.5023107528686523,0.5023107528686523,0.5023107528686523,0.4976891875267029,2,,,zero_shot_all_trials
3,13,2,13,60,1,1,1,0.5057904124259949,0.5057904124259949,0.4942096173763275,0.5057904124259949,2,,,zero_shot_all_trials
3,14,2,14,60,1,1,1,0.5004552006721497,0.5004552006721497,0.49954479932785034,0.5004552006721497,2,,,zero_shot_all_trials
3,15,2,15,60,1,0,0,0.5055007934570312,0.5055007934570312,0.5055007934570312,0.49449920654296875,2,,,zero_shot_all_trials
3,16,2,16,60,0,0,1,0.5012531876564026,0.5012531876564026,0.5012531876564026,0.4987468421459198,2,,,zero_shot_all_trials
3,17,2,17,60,1,0,0,0.5032103657722473,0.5032103657722473,0.5032103657722473,0.4967896342277527,2,,,zero_shot_all_trials
29,0,2,0,60,1,1,1,0.5013790130615234,0.5013790130615234,0.49862098693847656,0.5013790130615234,2,1,3,zero_shot_paired
29,1,2,1,60,1,0,0,0.5026527643203735,0.5026527643203735,0.5026527643203735,0.4973472058773041,2,1,3,zero_shot_paired
29,2,2,2,60,1,0,0,0.5001116394996643,0.5001116394996643,0.5001116394996643,0.4998883605003357,2,1,3,zero_shot_paired
29,3,2,5,60,1,1,1,0.5023049712181091,0.5023049712181091,0.4976949691772461,0.5023049712181091,2,1,3,zero_shot_paired
29,4,2,6,60,1,1,1,0.5008472204208374,0.5008472204208374,0.499152809381485,0.5008472204208374,2,1,3,zero_shot_paired
29,5,2,7,60,0,0,1,0.5053043365478516,0.5053043365478516,0.5053043365478516,0.49469563364982605,2,1,3,zero_shot_paired
29,6,2,8,60,0,0,1,0.5012830495834351,0.5012830495834351,0.5012830495834351,0.49871698021888733,2,1,3,zero_shot_paired
29,7,2,9,60,1,1,1,0.5008095502853394,0.5008095502853394,0.49919047951698303,0.5008095502853394,2,1,3,zero_shot_paired
29,8,2,10,60,1,0,0,0.5050740242004395,0.5050740242004395,0.5050740242004395,0.49492600560188293,2,1,3,zero_shot_paired
29,9,2,11,60,1,0,0,0.5019596219062805,0.5019596219062805,0.5019596219062805,0.4980403780937195,2,1,3,zero_shot_paired
29,10,2,13,60,1,1,1,0.5057903528213501,0.5057903528213501,0.4942096471786499,0.5057903528213501,2,1,3,zero_shot_paired
29,11,2,14,60,1,1,1,0.5004552006721497,0.5004552006721497,0.49954479932785034,0.5004552006721497,2,1,3,zero_shot_paired
29,12,2,15,60,1,0,0,0.5055007934570312,0.5055007934570312,0.5055007934570312,0.49449920654296875,2,1,3,zero_shot_paired
29,13,2,16,60,0,0,1,0.5012531876564026,0.5012531876564026,0.5012531876564026,0.4987468421459198,2,1,3,zero_shot_paired
29,14,2,17,60,1,0,0,0.5032103657722473,0.5032103657722473,0.5032103657722473,0.4967896342277527,2,1,3,zero_shot_paired
29,0,2,0,60,1,1,1,0.502470076084137,0.502470076084137,0.49752992391586304,0.502470076084137,2,1,3,post_calibration
29,1,2,1,60,1,0,0,0.502293586730957,0.502293586730957,0.502293586730957,0.49770647287368774,2,1,3,post_calibration
29,2,2,2,60,1,1,1,0.5002613067626953,0.5002613067626953,0.4997386336326599,0.5002613067626953,2,1,3,post_calibration
29,3,2,5,60,1,1,1,0.5029947757720947,0.5029947757720947,0.49700525403022766,0.5029947757720947,2,1,3,post_calibration
29,4,2,6,60,1,1,1,0.5015976428985596,0.5015976428985596,0.49840229749679565,0.5015976428985596,2,1,3,post_calibration
29,5,2,7,60,0,0,1,0.5048857927322388,0.5048857927322388,0.5048857927322388,0.49511417746543884,2,1,3,post_calibration
29,6,2,8,60,0,0,1,0.5006171464920044,0.5006171464920044,0.5006171464920044,0.4993828535079956,2,1,3,post_calibration
29,7,2,9,60,1,1,1,0.5015764832496643,0.5015764832496643,0.4984235167503357,0.5015764832496643,2,1,3,post_calibration
29,8,2,10,60,1,0,0,0.5046461224555969,0.5046461224555969,0.5046461224555969,0.4953538775444031,2,1,3,post_calibration
29,9,2,11,60,1,0,0,0.5017731189727783,0.5017731189727783,0.5017731189727783,0.49822691082954407,2,1,3,post_calibration
29,10,2,13,60,1,1,1,0.5070756673812866,0.5070756673812866,0.492924302816391,0.5070756673812866,2,1,3,post_calibration
29,11,2,14,60,1,1,1,0.5008901357650757,0.5008901357650757,0.4991098940372467,0.5008901357650757,2,1,3,post_calibration
29,12,2,15,60,1,0,0,0.5044311881065369,0.5044311881065369,0.5044311881065369,0.49556881189346313,2,1,3,post_calibration
29,13,2,16,60,0,0,1,0.5009344220161438,0.5009344220161438,0.5009344220161438,0.4990655481815338,2,1,3,post_calibration
29,14,2,17,60,1,0,0,0.5026965737342834,0.5026965737342834,0.5026965737342834,0.49730342626571655,2,1,3,post_calibration
30,0,2,0,60,1,1,1,0.5013790130615234,0.5013790130615234,0.49862098693847656,0.5013790130615234,2,2,3,zero_shot_paired
30,1,2,1,60,1,0,0,0.5026527643203735,0.5026527643203735,0.5026527643203735,0.4973472058773041,2,2,3,zero_shot_paired
30,2,2,2,60,1,0,0,0.5001116394996643,0.5001116394996643,0.5001116394996643,0.4998883605003357,2,2,3,zero_shot_paired
30,3,2,3,60,0,0,1,0.5026422739028931,0.5026422739028931,0.5026422739028931,0.49735769629478455,2,2,3,zero_shot_paired
30,4,2,4,60,1,1,1,0.5026394724845886,0.5026394724845886,0.49736055731773376,0.5026394724845886,2,2,3,zero_shot_paired
30,5,2,5,60,1,1,1,0.5023049712181091,0.5023049712181091,0.4976949691772461,0.5023049712181091,2,2,3,zero_shot_paired
30,6,2,7,60,0,0,1,0.5053043365478516,0.5053043365478516,0.5053043365478516,0.49469563364982605,2,2,3,zero_shot_paired
30,7,2,9,60,1,1,1,0.5008095502853394,0.5008095502853394,0.49919047951698303,0.5008095502853394,2,2,3,zero_shot_paired
30,8,2,10,60,1,0,0,0.5050740242004395,0.5050740242004395,0.5050740242004395,0.49492600560188293,2,2,3,zero_shot_paired
30,9,2,11,60,1,0,0,0.5019596219062805,0.5019596219062805,0.5019596219062805,0.4980403780937195,2,2,3,zero_shot_paired
30,10,2,12,60,1,0,0,0.5023108720779419,0.5023108720779419,0.5023108720779419,0.4976891279220581,2,2,3,zero_shot_paired
30,11,2,14,60,1,1,1,0.5004552006721497,0.5004552006721497,0.49954479932785034,0.5004552006721497,2,2,3,zero_shot_paired
30,12,2,15,60,1,0,0,0.5055007934570312,0.5055007934570312,0.5055007934570312,0.49449920654296875,2,2,3,zero_shot_paired
30,13,2,16,60,0,0,1,0.5012531876564026,0.5012531876564026,0.5012531876564026,0.4987468421459198,2,2,3,zero_shot_paired
30,14,2,17,60,1,0,0,0.5032103657722473,0.5032103657722473,0.5032103657722473,0.4967896342277527,2,2,3,zero_shot_paired
30,0,2,0,60,1,1,1,0.5018487572669983,0.5018487572669983,0.4981512129306793,0.5018487572669983,2,2,3,post_calibration
30,1,2,1,60,1,0,0,0.5019624829292297,0.5019624829292297,0.5019624829292297,0.49803757667541504,2,2,3,post_calibration
30,2,2,2,60,1,1,1,0.5007771849632263,0.5007771849632263,0.4992228150367737,0.5007771849632263,2,2,3,post_calibration
30,3,2,3,60,0,0,1,0.5021877884864807,0.5021877884864807,0.5021877884864807,0.4978121817111969,2,2,3,post_calibration
30,4,2,4,60,1,1,1,0.503055989742279,0.503055989742279,0.49694401025772095,0.503055989742279,2,2,3,post_calibration
30,5,2,5,60,1,1,1,0.5026603937149048,0.5026603937149048,0.4973396360874176,0.5026603937149048,2,2,3,post_calibration
30,6,2,7,60,0,0,1,0.5045599341392517,0.5045599341392517,0.5045599341392517,0.4954400658607483,2,2,3,post_calibration
30,7,2,9,60,1,1,1,0.50115567445755,0.50115567445755,0.49884432554244995,0.50115567445755,2,2,3,post_calibration
30,8,2,10,60,1,0,0,0.5047815442085266,0.5047815442085266,0.5047815442085266,0.4952184557914734,2,2,3,post_calibration
30,9,2,11,60,1,0,0,0.5012653470039368,0.5012653470039368,0.5012653470039368,0.49873465299606323,2,2,3,post_calibration
30,10,2,12,60,1,0,0,0.5017399787902832,0.5017399787902832,0.5017399787902832,0.4982600212097168,2,2,3,post_calibration
30,11,2,14,60,1,1,1,0.50107741355896,0.50107741355896,0.49892258644104004,0.50107741355896,2,2,3,post_calibration
30,12,2,15,60,1,0,0,0.5051447153091431,0.5051447153091431,0.5051447153091431,0.49485528469085693,2,2,3,post_calibration
30,13,2,16,60,0,0,1,0.5003340840339661,0.5003340840339661,0.5003340840339661,0.4996659457683563,2,2,3,post_calibration
30,14,2,17,60,1,0,0,0.5027188658714294,0.5027188658714294,0.5027188658714294,0.49728113412857056,2,2,3,post_calibration
31,0,2,0,60,1,1,1,0.5013790130615234,0.5013790130615234,0.49862098693847656,0.5013790130615234,2,3,3,zero_shot_paired
31,1,2,2,60,1,0,0,0.5001116394996643,0.5001116394996643,0.5001116394996643,0.4998883605003357,2,3,3,zero_shot_paired
31,2,2,3,60,0,0,1,0.5026422739028931,0.5026422739028931,0.5026422739028931,0.49735769629478455,2,3,3,zero_shot_paired
31,3,2,4,60,1,1,1,0.5026394724845886,0.5026394724845886,0.49736055731773376,0.5026394724845886,2,3,3,zero_shot_paired
31,4,2,5,60,1,1,1,0.5023049712181091,0.5023049712181091,0.4976949691772461,0.5023049712181091,2,3,3,zero_shot_paired
31,5,2,6,60,1,1,1,0.5008472204208374,0.5008472204208374,0.499152809381485,0.5008472204208374,2,3,3,zero_shot_paired
31,6,2,8,60,0,0,1,0.5012830495834351,0.5012830495834351,0.5012830495834351,0.49871698021888733,2,3,3,zero_shot_paired
31,7,2,9,60,1,1,1,0.5008095502853394,0.5008095502853394,0.49919047951698303,0.5008095502853394,2,3,3,zero_shot_paired
31,8,2,11,60,1,0,0,0.5019596219062805,0.5019596219062805,0.5019596219062805,0.4980403780937195,2,3,3,zero_shot_paired
31,9,2,12,60,1,0,0,0.5023108720779419,0.5023108720779419,0.5023108720779419,0.4976891279220581,2,3,3,zero_shot_paired
31,10,2,13,60,1,1,1,0.5057903528213501,0.5057903528213501,0.4942096471786499,0.5057903528213501,2,3,3,zero_shot_paired
31,11,2,14,60,1,1,1,0.5004552006721497,0.5004552006721497,0.49954479932785034,0.5004552006721497,2,3,3,zero_shot_paired
31,12,2,15,60,1,0,0,0.5055007934570312,0.5055007934570312,0.5055007934570312,0.49449920654296875,2,3,3,zero_shot_paired
31,13,2,16,60,0,0,1,0.5012531876564026,0.5012531876564026,0.5012531876564026,0.4987468421459198,2,3,3,zero_shot_paired
31,14,2,17,60,1,0,0,0.5032103657722473,0.5032103657722473,0.5032103657722473,0.4967896342277527,2,3,3,zero_shot_paired
31,0,2,0,60,1,1,1,0.5025003552436829,0.5025003552436829,0.49749964475631714,0.5025003552436829,2,3,3,post_calibration
31,1,2,2,60,1,1,1,0.5006409287452698,0.5006409287452698,0.4993590712547302,0.5006409287452698,2,3,3,post_calibration
31,2,2,3,60,0,0,1,0.5016101002693176,0.5016101002693176,0.5016101002693176,0.49838995933532715,2,3,3,post_calibration
31,3,2,4,60,1,1,1,0.5037474036216736,0.5037474036216736,0.4962525963783264,0.5037474036216736,2,3,3,post_calibration
31,4,2,5,60,1,1,1,0.5032145977020264,0.5032145977020264,0.496785432100296,0.5032145977020264,2,3,3,post_calibration
31,5,2,6,60,1,1,1,0.5020534992218018,0.5020534992218018,0.49794647097587585,0.5020534992218018,2,3,3,post_calibration
31,6,2,8,60,0,0,1,0.5001975893974304,0.5001975893974304,0.5001975893974304,0.4998024106025696,2,3,3,post_calibration
31,7,2,9,60,1,1,1,0.501781165599823,0.501781165599823,0.498218834400177,0.501781165599823,2,3,3,post_calibration
31,8,2,11,60,1,0,0,0.5008938312530518,0.5008938312530518,0.5008938312530518,0.49910613894462585,2,3,3,post_calibration
31,9,2,12,60,1,0,0,0.5009356141090393,0.5009356141090393,0.5009356141090393,0.4990643858909607,2,3,3,post_calibration
31,10,2,13,60,1,1,1,0.5065926909446716,0.5065926909446716,0.49340730905532837,0.5065926909446716,2,3,3,post_calibration
31,11,2,14,60,1,1,1,0.5012337565422058,0.5012337565422058,0.4987662136554718,0.5012337565422058,2,3,3,post_calibration
31,12,2,15,60,1,0,0,0.5046856999397278,0.5046856999397278,0.5046856999397278,0.49531427025794983,2,3,3,post_calibration
31,13,2,16,60,0,0,1,0.5002050995826721,0.5002050995826721,0.5002050995826721,0.4997948408126831,2,3,3,post_calibration
31,14,2,17,60,1,0,0,0.5023261308670044,0.5023261308670044,0.5023261308670044,0.4976738691329956,2,3,3,post_calibration
32,0,2,0,60,1,1,1,0.5013790130615234,0.5013790130615234,0.49862098693847656,0.5013790130615234,2,4,3,zero_shot_paired
32,1,2,1,60,1,0,0,0.5026527643203735,0.5026527643203735,0.5026527643203735,0.4973472058773041,2,4,3,zero_shot_paired
32,2,2,3,60,0,0,1,0.5026422739028931,0.5026422739028931,0.5026422739028931,0.49735769629478455,2,4,3,zero_shot_paired
32,3,2,4,60,1,1,1,0.5026394724845886,0.5026394724845886,0.49736055731773376,0.5026394724845886,2,4,3,zero_shot_paired
32,4,2,5,60,1,1,1,0.5023049712181091,0.5023049712181091,0.4976949691772461,0.5023049712181091,2,4,3,zero_shot_paired
32,5,2,6,60,1,1,1,0.5008472204208374,0.5008472204208374,0.499152809381485,0.5008472204208374,2,4,3,zero_shot_paired
32,6,2,7,60,0,0,1,0.5053043365478516,0.5053043365478516,0.5053043365478516,0.49469563364982605,2,4,3,zero_shot_paired
32,7,2,8,60,0,0,1,0.5012830495834351,0.5012830495834351,0.5012830495834351,0.49871698021888733,2,4,3,zero_shot_paired
32,8,2,9,60,1,1,1,0.5008095502853394,0.5008095502853394,0.49919047951698303,0.5008095502853394,2,4,3,zero_shot_paired
32,9,2,10,60,1,0,0,0.5050740242004395,0.5050740242004395,0.5050740242004395,0.49492600560188293,2,4,3,zero_shot_paired
32,10,2,12,60,1,0,0,0.5023108720779419,0.5023108720779419,0.5023108720779419,0.4976891279220581,2,4,3,zero_shot_paired
32,11,2,13,60,1,1,1,0.5057903528213501,0.5057903528213501,0.4942096471786499,0.5057903528213501,2,4,3,zero_shot_paired
32,12,2,14,60,1,1,1,0.5004552006721497,0.5004552006721497,0.49954479932785034,0.5004552006721497,2,4,3,zero_shot_paired
32,13,2,15,60,1,0,0,0.5055007934570312,0.5055007934570312,0.5055007934570312,0.49449920654296875,2,4,3,zero_shot_paired
32,14,2,16,60,0,0,1,0.5012531876564026,0.5012531876564026,0.5012531876564026,0.4987468421459198,2,4,3,zero_shot_paired
32,0,2,0,60,1,1,1,0.5035410523414612,0.5035410523414612,0.49645891785621643,0.5035410523414612,2,4,3,post_calibration
32,1,2,1,60,1,0,0,0.5004693865776062,0.5004693865776062,0.5004693865776062,0.4995306134223938,2,4,3,post_calibration
32,2,2,3,60,0,0,1,0.5012122392654419,0.5012122392654419,0.5012122392654419,0.4987877905368805,2,4,3,post_calibration
32,3,2,4,60,1,1,1,0.5045087337493896,0.5045087337493896,0.49549129605293274,0.5045087337493896,2,4,3,post_calibration
32,4,2,5,60,1,1,1,0.5037292838096619,0.5037292838096619,0.4962707459926605,0.5037292838096619,2,4,3,post_calibration
32,5,2,6,60,1,1,1,0.5028485059738159,0.5028485059738159,0.4971514940261841,0.5028485059738159,2,4,3,post_calibration
32,6,2,7,60,0,0,1,0.5039012432098389,0.5039012432098389,0.5039012432098389,0.4960988163948059,2,4,3,post_calibration
32,7,2,8,60,0,1,0,0.5004875659942627,0.5004875659942627,0.4995124638080597,0.5004875659942627,2,4,3,post_calibration
32,8,2,9,60,1,1,1,0.5030857920646667,0.5030857920646667,0.496914267539978,0.5030857920646667,2,4,3,post_calibration
32,9,2,10,60,1,0,0,0.5030903816223145,0.5030903816223145,0.5030903816223145,0.49690961837768555,2,4,3,post_calibration
32,10,2,12,60,1,0,0,0.5003265142440796,0.5003265142440796,0.5003265142440796,0.4996734857559204,2,4,3,post_calibration
32,11,2,13,60,1,1,1,0.5076268911361694,0.5076268911361694,0.49237310886383057,0.5076268911361694,2,4,3,post_calibration
32,12,2,14,60,1,1,1,0.502163290977478,0.502163290977478,0.4978366792201996,0.502163290977478,2,4,3,post_calibration
32,13,2,15,60,1,0,0,0.5035995244979858,0.5035995244979858,0.5035995244979858,0.49640047550201416,2,4,3,post_calibration
32,14,2,16,60,0,1,0,0.500928521156311,0.500928521156311,0.4990714490413666,0.500928521156311,2,4,3,post_calibration
33,0,2,0,60,1,1,1,0.5013790130615234,0.5013790130615234,0.49862098693847656,0.5013790130615234,2,5,3,zero_shot_paired
33,1,2,1,60,1,0,0,0.5026527643203735,0.5026527643203735,0.5026527643203735,0.4973472058773041,2,5,3,zero_shot_paired
33,2,2,2,60,1,0,0,0.5001116394996643,0.5001116394996643,0.5001116394996643,0.4998883605003357,2,5,3,zero_shot_paired
33,3,2,3,60,0,0,1,0.5026422739028931,0.5026422739028931,0.5026422739028931,0.49735769629478455,2,5,3,zero_shot_paired
33,4,2,4,60,1,1,1,0.5026394724845886,0.5026394724845886,0.49736055731773376,0.5026394724845886,2,5,3,zero_shot_paired
33,5,2,5,60,1,1,1,0.5023049712181091,0.5023049712181091,0.4976949691772461,0.5023049712181091,2,5,3,zero_shot_paired
33,6,2,6,60,1,1,1,0.5008472204208374,0.5008472204208374,0.499152809381485,0.5008472204208374,2,5,3,zero_shot_paired
33,7,2,7,60,0,0,1,0.5053043365478516,0.5053043365478516,0.5053043365478516,0.49469563364982605,2,5,3,zero_shot_paired
33,8,2,8,60,0,0,1,0.5012830495834351,0.5012830495834351,0.5012830495834351,0.49871698021888733,2,5,3,zero_shot_paired
33,9,2,10,60,1,0,0,0.5050740242004395,0.5050740242004395,0.5050740242004395,0.49492600560188293,2,5,3,zero_shot_paired
33,10,2,11,60,1,0,0,0.5019596219062805,0.5019596219062805,0.5019596219062805,0.4980403780937195,2,5,3,zero_shot_paired
33,11,2,12,60,1,0,0,0.5023108720779419,0.5023108720779419,0.5023108720779419,0.4976891279220581,2,5,3,zero_shot_paired
33,12,2,13,60,1,1,1,0.5057903528213501,0.5057903528213501,0.4942096471786499,0.5057903528213501,2,5,3,zero_shot_paired
33,13,2,14,60,1,1,1,0.5004552006721497,0.5004552006721497,0.49954479932785034,0.5004552006721497,2,5,3,zero_shot_paired
33,14,2,17,60,1,0,0,0.5032103657722473,0.5032103657722473,0.5032103657722473,0.4967896342277527,2,5,3,zero_shot_paired
33,0,2,0,60,1,1,1,0.5019287467002869,0.5019287467002869,0.49807122349739075,0.5019287467002869,2,5,3,post_calibration
33,1,2,1,60,1,0,0,0.5015378594398499,0.5015378594398499,0.5015378594398499,0.49846217036247253,2,5,3,post_calibration
33,2,2,2,60,1,1,1,0.5006604790687561,0.5006604790687561,0.4993395507335663,0.5006604790687561,2,5,3,post_calibration
33,3,2,3,60,0,0,1,0.5019114017486572,0.5019114017486572,0.5019114017486572,0.49808862805366516,2,5,3,post_calibration
33,4,2,4,60,1,1,1,0.5035687685012817,0.5035687685012817,0.4964311718940735,0.5035687685012817,2,5,3,post_calibration
33,5,2,5,60,1,1,1,0.5027549266815186,0.5027549266815186,0.49724507331848145,0.5027549266815186,2,5,3,post_calibration
33,6,2,6,60,1,1,1,0.5015624165534973,0.5015624165534973,0.4984376132488251,0.5015624165534973,2,5,3,post_calibration
33,7,2,7,60,0,0,1,0.5049735903739929,0.5049735903739929,0.5049735903739929,0.4950264096260071,2,5,3,post_calibration
33,8,2,8,60,0,0,1,0.5003017783164978,0.5003017783164978,0.5003017783164978,0.4996982514858246,2,5,3,post_calibration
33,9,2,10,60,1,0,0,0.5043399333953857,0.5043399333953857,0.5043399333953857,0.49566009640693665,2,5,3,post_calibration
33,10,2,11,60,1,0,0,0.5012940168380737,0.5012940168380737,0.5012940168380737,0.49870601296424866,2,5,3,post_calibration
33,11,2,12,60,1,0,0,0.5015926957130432,0.5015926957130432,0.5015926957130432,0.4984073340892792,2,5,3,post_calibration
33,12,2,13,60,1,1,1,0.5063372850418091,0.5063372850418091,0.4936627149581909,0.5063372850418091,2,5,3,post_calibration
33,13,2,14,60,1,1,1,0.5010555386543274,0.5010555386543274,0.4989444315433502,0.5010555386543274,2,5,3,post_calibration
33,14,2,17,60,1,0,0,0.5030824542045593,0.5030824542045593,0.5030824542045593,0.4969175457954407,2,5,3,post_calibration
34,0,2,1,60,1,0,0,0.5026527643203735,0.5026527643203735,0.5026527643203735,0.4973472058773041,2,6,3,zero_shot_paired
34,1,2,2,60,1,0,0,0.5001116394996643,0.5001116394996643,0.5001116394996643,0.4998883605003357,2,6,3,zero_shot_paired
34,2,2,3,60,0,0,1,0.5026422739028931,0.5026422739028931,0.5026422739028931,0.49735769629478455,2,6,3,zero_shot_paired
34,3,2,4,60,1,1,1,0.5026394724845886,0.5026394724845886,0.49736055731773376,0.5026394724845886,2,6,3,zero_shot_paired
34,4,2,6,60,1,1,1,0.5008472204208374,0.5008472204208374,0.499152809381485,0.5008472204208374,2,6,3,zero_shot_paired
34,5,2,7,60,0,0,1,0.5053043365478516,0.5053043365478516,0.5053043365478516,0.49469563364982605,2,6,3,zero_shot_paired
34,6,2,8,60,0,0,1,0.5012830495834351,0.5012830495834351,0.5012830495834351,0.49871698021888733,2,6,3,zero_shot_paired
34,7,2,9,60,1,1,1,0.5008095502853394,0.5008095502853394,0.49919047951698303,0.5008095502853394,2,6,3,zero_shot_paired
34,8,2,10,60,1,0,0,0.5050740242004395,0.5050740242004395,0.5050740242004395,0.49492600560188293,2,6,3,zero_shot_paired
34,9,2,11,60,1,0,0,0.5019596219062805,0.5019596219062805,0.5019596219062805,0.4980403780937195,2,6,3,zero_shot_paired
34,10,2,12,60,1,0,0,0.5023108720779419,0.5023108720779419,0.5023108720779419,0.4976891279220581,2,6,3,zero_shot_paired
34,11,2,13,60,1,1,1,0.5057903528213501,0.5057903528213501,0.4942096471786499,0.5057903528213501,2,6,3,zero_shot_paired
34,12,2,15,60,1,0,0,0.5055007934570312,0.5055007934570312,0.5055007934570312,0.49449920654296875,2,6,3,zero_shot_paired
34,13,2,16,60,0,0,1,0.5012531876564026,0.5012531876564026,0.5012531876564026,0.4987468421459198,2,6,3,zero_shot_paired
34,14,2,17,60,1,0,0,0.5032103657722473,0.5032103657722473,0.5032103657722473,0.4967896342277527,2,6,3,zero_shot_paired
34,0,2,1,60,1,0,0,0.5013139843940735,0.5013139843940735,0.5013139843940735,0.4986859858036041,2,6,3,post_calibration
34,1,2,2,60,1,1,1,0.502173662185669,0.502173662185669,0.49782636761665344,0.502173662185669,2,6,3,post_calibration
34,2,2,3,60,0,0,1,0.50164794921875,0.50164794921875,0.50164794921875,0.4983520209789276,2,6,3,post_calibration
34,3,2,4,60,1,1,1,0.5045490264892578,0.5045490264892578,0.4954510033130646,0.5045490264892578,2,6,3,post_calibration
34,4,2,6,60,1,1,1,0.5021522045135498,0.5021522045135498,0.4978478252887726,0.5021522045135498,2,6,3,post_calibration
34,5,2,7,60,0,0,1,0.5041899681091309,0.5041899681091309,0.5041899681091309,0.49581000208854675,2,6,3,post_calibration
34,6,2,8,60,0,1,0,0.5008062124252319,0.5008062124252319,0.49919378757476807,0.5008062124252319,2,6,3,post_calibration
34,7,2,9,60,1,1,1,0.5028377771377563,0.5028377771377563,0.49716222286224365,0.5028377771377563,2,6,3,post_calibration
34,8,2,10,60,1,0,0,0.5034094452857971,0.5034094452857971,0.5034094452857971,0.4965905249118805,2,6,3,post_calibration
34,9,2,11,60,1,0,0,0.5011093616485596,0.5011093616485596,0.5011093616485596,0.49889063835144043,2,6,3,post_calibration
34,10,2,12,60,1,0,0,0.5002872347831726,0.5002872347831726,0.5002872347831726,0.4997127652168274,2,6,3,post_calibration
34,11,2,13,60,1,1,1,0.5075002908706665,0.5075002908706665,0.4924997389316559,0.5075002908706665,2,6,3,post_calibration
34,12,2,15,60,1,0,0,0.5046238899230957,0.5046238899230957,0.5046238899230957,0.4953761100769043,2,6,3,post_calibration
34,13,2,16,60,0,1,0,0.5006272196769714,0.5006272196769714,0.4993727505207062,0.5006272196769714,2,6,3,post_calibration
34,14,2,17,60,1,0,0,0.5015280842781067,0.5015280842781067,0.5015280842781067,0.4984718859195709,2,6,3,post_calibration
35,0,2,1,60,1,0,0,0.5026527643203735,0.5026527643203735,0.5026527643203735,0.4973472058773041,2,1,6,zero_shot_paired
35,1,2,3,60,0,0,1,0.5026422739028931,0.5026422739028931,0.5026422739028931,0.49735769629478455,2,1,6,zero_shot_paired
35,2,2,6,60,1,1,1,0.5008472204208374,0.5008472204208374,0.499152809381485,0.5008472204208374,2,1,6,zero_shot_paired
35,3,2,7,60,0,0,1,0.5053043365478516,0.5053043365478516,0.5053043365478516,0.49469563364982605,2,1,6,zero_shot_paired
35,4,2,9,60,1,1,1,0.5008095502853394,0.5008095502853394,0.49919047951698303,0.5008095502853394,2,1,6,zero_shot_paired
35,5,2,10,60,1,0,0,0.5050740242004395,0.5050740242004395,0.5050740242004395,0.49492600560188293,2,1,6,zero_shot_paired
35,6,2,11,60,1,0,0,0.5019596219062805,0.5019596219062805,0.5019596219062805,0.4980403780937195,2,1,6,zero_shot_paired
35,7,2,12,60,1,0,0,0.5023108720779419,0.5023108720779419,0.5023108720779419,0.4976891279220581,2,1,6,zero_shot_paired
35,8,2,14,60,1,1,1,0.5004552006721497,0.5004552006721497,0.49954479932785034,0.5004552006721497,2,1,6,zero_shot_paired
35,9,2,15,60,1,0,0,0.5055007934570312,0.5055007934570312,0.5055007934570312,0.49449920654296875,2,1,6,zero_shot_paired
35,10,2,16,60,0,0,1,0.5012531876564026,0.5012531876564026,0.5012531876564026,0.4987468421459198,2,1,6,zero_shot_paired
35,11,2,17,60,1,0,0,0.5032103657722473,0.5032103657722473,0.5032103657722473,0.4967896342277527,2,1,6,zero_shot_paired
35,0,2,1,60,1,1,1,0.5000612139701843,0.5000612139701843,0.49993881583213806,0.5000612139701843,2,1,6,post_calibration
35,1,2,3,60,0,0,1,0.5011031627655029,0.5011031627655029,0.5011031627655029,0.49889689683914185,2,1,6,post_calibration
35,2,2,6,60,1,1,1,0.5036668181419373,0.5036668181419373,0.49633315205574036,0.5036668181419373,2,1,6,post_calibration
35,3,2,7,60,0,0,1,0.5040985345840454,0.5040985345840454,0.5040985345840454,0.4959014356136322,2,1,6,post_calibration
35,4,2,9,60,1,1,1,0.5045437216758728,0.5045437216758728,0.4954562783241272,0.5045437216758728,2,1,6,post_calibration
35,5,2,10,60,1,0,0,0.5029656291007996,0.5029656291007996,0.5029656291007996,0.49703437089920044,2,1,6,post_calibration
35,6,2,11,60,1,0,0,0.5002405047416687,0.5002405047416687,0.5002405047416687,0.4997594952583313,2,1,6,post_calibration
35,7,2,12,60,1,1,1,0.5001350045204163,0.5001350045204163,0.49986499547958374,0.5001350045204163,2,1,6,post_calibration
35,8,2,14,60,1,1,1,0.5032409429550171,0.5032409429550171,0.4967590868473053,0.5032409429550171,2,1,6,post_calibration
35,9,2,15,60,1,0,0,0.5039060115814209,0.5039060115814209,0.5039060115814209,0.4960940182209015,2,1,6,post_calibration
35,10,2,16,60,0,1,0,0.5009497404098511,0.5009497404098511,0.4990502893924713,0.5009497404098511,2,1,6,post_calibration
35,11,2,17,60,1,0,0,0.500786304473877,0.500786304473877,0.500786304473877,0.49921372532844543,2,1,6,post_calibration
36,0,2,0,60,1,1,1,0.5013790130615234,0.5013790130615234,0.49862098693847656,0.5013790130615234,2,2,6,zero_shot_paired
36,1,2,2,60,1,0,0,0.5001116394996643,0.5001116394996643,0.5001116394996643,0.4998883605003357,2,2,6,zero_shot_paired
36,2,2,4,60,1,1,1,0.5026394724845886,0.5026394724845886,0.49736055731773376,0.5026394724845886,2,2,6,zero_shot_paired
36,3,2,5,60,1,1,1,0.5023049712181091,0.5023049712181091,0.4976949691772461,0.5023049712181091,2,2,6,zero_shot_paired
36,4,2,6,60,1,1,1,0.5008472204208374,0.5008472204208374,0.499152809381485,0.5008472204208374,2,2,6,zero_shot_paired
36,5,2,8,60,0,0,1,0.5012830495834351,0.5012830495834351,0.5012830495834351,0.49871698021888733,2,2,6,zero_shot_paired
36,6,2,9,60,1,1,1,0.5008095502853394,0.5008095502853394,0.49919047951698303,0.5008095502853394,2,2,6,zero_shot_paired
36,7,2,10,60,1,0,0,0.5050740242004395,0.5050740242004395,0.5050740242004395,0.49492600560188293,2,2,6,zero_shot_paired
36,8,2,12,60,1,0,0,0.5023108720779419,0.5023108720779419,0.5023108720779419,0.4976891279220581,2,2,6,zero_shot_paired
36,9,2,13,60,1,1,1,0.5057903528213501,0.5057903528213501,0.4942096471786499,0.5057903528213501,2,2,6,zero_shot_paired
36,10,2,14,60,1,1,1,0.5004552006721497,0.5004552006721497,0.49954479932785034,0.5004552006721497,2,2,6,zero_shot_paired
36,11,2,16,60,0,0,1,0.5012531876564026,0.5012531876564026,0.5012531876564026,0.4987468421459198,2,2,6,zero_shot_paired
36,0,2,0,60,1,1,1,0.5032423734664917,0.5032423734664917,0.4967575967311859,0.5032423734664917,2,2,6,post_calibration
36,1,2,2,60,1,1,1,0.5008514523506165,0.5008514523506165,0.49914854764938354,0.5008514523506165,2,2,6,post_calibration
36,2,2,4,60,1,1,1,0.5043827891349792,0.5043827891349792,0.49561718106269836,0.5043827891349792,2,2,6,post_calibration
36,3,2,5,60,1,1,1,0.503013551235199,0.503013551235199,0.49698641896247864,0.503013551235199,2,2,6,post_calibration
36,4,2,6,60,1,1,1,0.5027292966842651,0.5027292966842651,0.49727070331573486,0.5027292966842651,2,2,6,post_calibration
36,5,2,8,60,0,1,0,0.5003495812416077,0.5003495812416077,0.4996504485607147,0.5003495812416077,2,2,6,post_calibration
36,6,2,9,60,1,1,1,0.5023431181907654,0.5023431181907654,0.4976568818092346,0.5023431181907654,2,2,6,post_calibration
36,7,2,10,60,1,0,0,0.5034512877464294,0.5034512877464294,0.5034512877464294,0.49654871225357056,2,2,6,post_calibration
36,8,2,12,60,1,0,0,0.5011222958564758,0.5011222958564758,0.5011222958564758,0.49887773394584656,2,2,6,post_calibration
36,9,2,13,60,1,1,1,0.5071839690208435,0.5071839690208435,0.4928160607814789,0.5071839690208435,2,2,6,post_calibration
36,10,2,14,60,1,1,1,0.5019693970680237,0.5019693970680237,0.4980306327342987,0.5019693970680237,2,2,6,post_calibration
36,11,2,16,60,0,1,0,0.5003561973571777,0.5003561973571777,0.4996437430381775,0.5003561973571777,2,2,6,post_calibration
37,0,2,0,60,1,1,1,0.5013790130615234,0.5013790130615234,0.49862098693847656,0.5013790130615234,2,3,6,zero_shot_paired
37,1,2,1,60,1,0,0,0.5026527643203735,0.5026527643203735,0.5026527643203735,0.4973472058773041,2,3,6,zero_shot_paired
37,2,2,2,60,1,0,0,0.5001116394996643,0.5001116394996643,0.5001116394996643,0.4998883605003357,2,3,6,zero_shot_paired
37,3,2,3,60,0,0,1,0.5026422739028931,0.5026422739028931,0.5026422739028931,0.49735769629478455,2,3,6,zero_shot_paired
37,4,2,4,60,1,1,1,0.5026394724845886,0.5026394724845886,0.49736055731773376,0.5026394724845886,2,3,6,zero_shot_paired
37,5,2,5,60,1,1,1,0.5023049712181091,0.5023049712181091,0.4976949691772461,0.5023049712181091,2,3,6,zero_shot_paired
37,6,2,7,60,0,0,1,0.5053043365478516,0.5053043365478516,0.5053043365478516,0.49469563364982605,2,3,6,zero_shot_paired
37,7,2,8,60,0,0,1,0.5012830495834351,0.5012830495834351,0.5012830495834351,0.49871698021888733,2,3,6,zero_shot_paired
37,8,2,11,60,1,0,0,0.5019596219062805,0.5019596219062805,0.5019596219062805,0.4980403780937195,2,3,6,zero_shot_paired
37,9,2,13,60,1,1,1,0.5057903528213501,0.5057903528213501,0.4942096471786499,0.5057903528213501,2,3,6,zero_shot_paired
37,10,2,15,60,1,0,0,0.5055007934570312,0.5055007934570312,0.5055007934570312,0.49449920654296875,2,3,6,zero_shot_paired
37,11,2,17,60,1,0,0,0.5032103657722473,0.5032103657722473,0.5032103657722473,0.4967896342277527,2,3,6,zero_shot_paired
37,0,2,0,60,1,1,1,0.5043284893035889,0.5043284893035889,0.49567148089408875,0.5043284893035889,2,3,6,post_calibration
37,1,2,1,60,1,0,0,0.5012633800506592,0.5012633800506592,0.5012633800506592,0.4987366199493408,2,3,6,post_calibration
37,2,2,2,60,1,1,1,0.5029554963111877,0.5029554963111877,0.4970444440841675,0.5029554963111877,2,3,6,post_calibration
37,3,2,3,60,0,0,1,0.501583993434906,0.501583993434906,0.501583993434906,0.4984159767627716,2,3,6,post_calibration
37,4,2,4,60,1,1,1,0.5048767328262329,0.5048767328262329,0.4951232075691223,0.5048767328262329,2,3,6,post_calibration
37,5,2,5,60,1,1,1,0.5049188137054443,0.5049188137054443,0.4950811564922333,0.5049188137054443,2,3,6,post_calibration
37,6,2,7,60,0,0,1,0.5040878057479858,0.5040878057479858,0.5040878057479858,0.49591222405433655,2,3,6,post_calibration
37,7,2,8,60,0,1,0,0.5011942386627197,0.5011942386627197,0.49880579113960266,0.5011942386627197,2,3,6,post_calibration
37,8,2,11,60,1,0,0,0.5004164576530457,0.5004164576530457,0.5004164576530457,0.49958351254463196,2,3,6,post_calibration
37,9,2,13,60,1,1,1,0.5082631707191467,0.5082631707191467,0.49173685908317566,0.5082631707191467,2,3,6,post_calibration
37,10,2,15,60,1,0,0,0.5038487315177917,0.5038487315177917,0.5038487315177917,0.49615129828453064,2,3,6,post_calibration
37,11,2,17,60,1,0,0,0.5013059377670288,0.5013059377670288,0.5013059377670288,0.4986940920352936,2,3,6,post_calibration
38,0,2,1,60,1,0,0,0.5026528239250183,0.5026528239250183,0.5026528239250183,0.4973471760749817,2,1,9,zero_shot_paired
38,1,2,3,60,0,0,1,0.5026423335075378,0.5026423335075378,0.5026423335075378,0.49735763669013977,2,1,9,zero_shot_paired
38,2,2,6,60,1,1,1,0.5008471012115479,0.5008471012115479,0.49915292859077454,0.5008471012115479,2,1,9,zero_shot_paired
38,3,2,9,60,1,1,1,0.5008094310760498,0.5008094310760498,0.4991905391216278,0.5008094310760498,2,1,9,zero_shot_paired
38,4,2,12,60,1,0,0,0.5023107528686523,0.5023107528686523,0.5023107528686523,0.4976891875267029,2,1,9,zero_shot_paired
38,5,2,13,60,1,1,1,0.5057902932167053,0.5057902932167053,0.49420973658561707,0.5057902932167053,2,1,9,zero_shot_paired
38,6,2,15,60,1,0,0,0.5055006742477417,0.5055006742477417,0.5055006742477417,0.4944992959499359,2,1,9,zero_shot_paired
38,7,2,16,60,0,0,1,0.5012531876564026,0.5012531876564026,0.5012531876564026,0.4987468719482422,2,1,9,zero_shot_paired
38,8,2,17,60,1,0,0,0.5032103657722473,0.5032103657722473,0.5032103657722473,0.4967896640300751,2,1,9,zero_shot_paired
38,0,2,1,60,1,0,0,0.5009862184524536,0.5009862184524536,0.5009862184524536,0.49901384115219116,2,1,9,post_calibration
38,1,2,3,60,0,0,1,0.5016396045684814,0.5016396045684814,0.5016396045684814,0.49836042523384094,2,1,9,post_calibration
38,2,2,6,60,1,1,1,0.5026282072067261,0.5026282072067261,0.4973717927932739,0.5026282072067261,2,1,9,post_calibration
38,3,2,9,60,1,1,1,0.5034611821174622,0.5034611821174622,0.49653884768486023,0.5034611821174622,2,1,9,post_calibration
38,4,2,12,60,1,0,0,0.5014356970787048,0.5014356970787048,0.5014356970787048,0.4985642731189728,2,1,9,post_calibration
38,5,2,13,60,1,1,1,0.5075507164001465,0.5075507164001465,0.4924493432044983,0.5075507164001465,2,1,9,post_calibration
38,6,2,15,60,1,0,0,0.5045162439346313,0.5045162439346313,0.5045162439346313,0.4954836964607239,2,1,9,post_calibration
38,7,2,16,60,0,0,1,0.5003769397735596,0.5003769397735596,0.5003769397735596,0.49962306022644043,2,1,9,post_calibration
38,8,2,17,60,1,0,0,0.5015233159065247,0.5015233159065247,0.5015233159065247,0.49847671389579773,2,1,9,post_calibration
39,0,2,0,60,1,1,1,0.5013789534568787,0.5013789534568787,0.4986210763454437,0.5013789534568787,2,2,9,zero_shot_paired
39,1,2,2,60,1,0,0,0.5001116394996643,0.5001116394996643,0.5001116394996643,0.4998883008956909,2,2,9,zero_shot_paired
39,2,2,4,60,1,1,1,0.5026394724845886,0.5026394724845886,0.49736055731773376,0.5026394724845886,2,2,9,zero_shot_paired
39,3,2,5,60,1,1,1,0.5023048520088196,0.5023048520088196,0.4976951479911804,0.5023048520088196,2,2,9,zero_shot_paired
39,4,2,7,60,0,0,1,0.5053043961524963,0.5053043961524963,0.5053043961524963,0.49469563364982605,2,2,9,zero_shot_paired
39,5,2,8,60,0,0,1,0.5012829899787903,0.5012829899787903,0.5012829899787903,0.4987170100212097,2,2,9,zero_shot_paired
39,6,2,10,60,1,0,0,0.5050740242004395,0.5050740242004395,0.5050740242004395,0.49492594599723816,2,2,9,zero_shot_paired
39,7,2,11,60,1,0,0,0.5019596815109253,0.5019596815109253,0.5019596815109253,0.4980403184890747,2,2,9,zero_shot_paired
39,8,2,14,60,1,1,1,0.5004552006721497,0.5004552006721497,0.49954479932785034,0.5004552006721497,2,2,9,zero_shot_paired
39,0,2,0,60,1,1,1,0.5025546550750732,0.5025546550750732,0.49744537472724915,0.5025546550750732,2,2,9,post_calibration
39,1,2,2,60,1,1,1,0.5005972385406494,0.5005972385406494,0.4994027316570282,0.5005972385406494,2,2,9,post_calibration
39,2,2,4,60,1,1,1,0.504526674747467,0.504526674747467,0.4954732656478882,0.504526674747467,2,2,9,post_calibration
39,3,2,5,60,1,1,1,0.5035950541496277,0.5035950541496277,0.4964049756526947,0.5035950541496277,2,2,9,post_calibration
39,4,2,7,60,0,0,1,0.504315972328186,0.504315972328186,0.504315972328186,0.49568405747413635,2,2,9,post_calibration
39,5,2,8,60,0,1,0,0.5000607967376709,0.5000607967376709,0.4999392330646515,0.5000607967376709,2,2,9,post_calibration
39,6,2,10,60,1,0,0,0.5043074488639832,0.5043074488639832,0.5043074488639832,0.49569255113601685,2,2,9,post_calibration
39,7,2,11,60,1,0,0,0.5005987882614136,0.5005987882614136,0.5005987882614136,0.4994012415409088,2,2,9,post_calibration
39,8,2,14,60,1,1,1,0.5013837218284607,0.5013837218284607,0.4986162781715393,0.5013837218284607,2,2,9,post_calibration
40,0,2,5,60,1,1,1,0.5023055076599121,0.5023055076599121,0.4976945221424103,0.5023055076599121,2,1,12,zero_shot_paired
40,1,2,6,60,1,1,1,0.5008503794670105,0.5008503794670105,0.4991496503353119,0.5008503794670105,2,1,12,zero_shot_paired
40,2,2,7,60,0,0,1,0.5053038001060486,0.5053038001060486,0.5053038001060486,0.49469617009162903,2,1,12,zero_shot_paired
40,3,2,14,60,1,1,1,0.5004549622535706,0.5004549622535706,0.49954500794410706,0.5004549622535706,2,1,12,zero_shot_paired
40,4,2,15,60,1,0,0,0.505500316619873,0.505500316619873,0.505500316619873,0.49449971318244934,2,1,12,zero_shot_paired
40,5,2,17,60,1,0,0,0.5032094717025757,0.5032094717025757,0.5032094717025757,0.4967905282974243,2,1,12,zero_shot_paired
40,0,2,5,60,1,1,1,0.504994809627533,0.504994809627533,0.49500516057014465,0.504994809627533,2,1,12,post_calibration
40,1,2,6,60,1,1,1,0.504204511642456,0.504204511642456,0.49579551815986633,0.504204511642456,2,1,12,post_calibration
40,2,2,7,60,0,0,1,0.503226637840271,0.503226637840271,0.503226637840271,0.4967733919620514,2,1,12,post_calibration
40,3,2,14,60,1,1,1,0.5035292506217957,0.5035292506217957,0.49647071957588196,0.5035292506217957,2,1,12,post_calibration
40,4,2,15,60,1,0,0,0.5034210681915283,0.5034210681915283,0.5034210681915283,0.49657896161079407,2,1,12,post_calibration
40,5,2,17,60,1,0,0,0.5012351274490356,0.5012351274490356,0.5012351274490356,0.49876487255096436,2,1,12,post_calibration
41,0,2,1,60,1,0,0,0.5026532411575317,0.5026532411575317,0.5026532411575317,0.49734675884246826,2,2,12,zero_shot_paired
41,1,2,3,60,0,0,1,0.5026411414146423,0.5026411414146423,0.5026411414146423,0.4973588287830353,2,2,12,zero_shot_paired
41,2,2,9,60,1,1,1,0.5008091330528259,0.5008091330528259,0.4991908669471741,0.5008091330528259,2,2,12,zero_shot_paired
41,3,2,11,60,1,0,0,0.5019588470458984,0.5019588470458984,0.5019588470458984,0.49804118275642395,2,2,12,zero_shot_paired
41,4,2,12,60,1,0,0,0.5023100972175598,0.5023100972175598,0.5023100972175598,0.4976898729801178,2,2,12,zero_shot_paired
41,5,2,13,60,1,1,1,0.5057909488677979,0.5057909488677979,0.4942089915275574,0.5057909488677979,2,2,12,zero_shot_paired
41,0,2,1,60,1,1,1,0.5003955364227295,0.5003955364227295,0.4996044933795929,0.5003955364227295,2,2,12,post_calibration
41,1,2,3,60,0,0,1,0.5005812048912048,0.5005812048912048,0.5005812048912048,0.4994187653064728,2,2,12,post_calibration
41,2,2,9,60,1,1,1,0.5045421719551086,0.5045421719551086,0.49545785784721375,0.5045421719551086,2,2,12,post_calibration
41,3,2,11,60,1,0,0,0.5000803470611572,0.5000803470611572,0.5000803470611572,0.49991968274116516,2,2,12,post_calibration
41,4,2,12,60,1,1,1,0.5000134110450745,0.5000134110450745,0.4999866187572479,0.5000134110450745,2,2,12,post_calibration
41,5,2,13,60,1,1,1,0.5088734030723572,0.5088734030723572,0.4911265969276428,0.5088734030723572,2,2,12,post_calibration
42,0,2,1,60,1,0,0,0.5026532411575317,0.5026532411575317,0.5026532411575317,0.49734675884246826,2,3,12,zero_shot_paired
42,1,2,3,60,0,0,1,0.5026411414146423,0.5026411414146423,0.5026411414146423,0.4973588287830353,2,3,12,zero_shot_paired
42,2,2,9,60,1,1,1,0.5008091330528259,0.5008091330528259,0.4991908669471741,0.5008091330528259,2,3,12,zero_shot_paired
42,3,2,10,60,1,0,0,0.5050729513168335,0.5050729513168335,0.5050729513168335,0.4949270188808441,2,3,12,zero_shot_paired
42,4,2,12,60,1,0,0,0.5023100972175598,0.5023100972175598,0.5023100972175598,0.4976898729801178,2,3,12,zero_shot_paired
42,5,2,17,60,1,0,0,0.5032094717025757,0.5032094717025757,0.5032094717025757,0.4967905282974243,2,3,12,zero_shot_paired
42,0,2,1,60,1,0,0,0.5008452534675598,0.5008452534675598,0.5008452534675598,0.4991547763347626,2,3,12,post_calibration
42,1,2,3,60,0,0,1,0.5012087821960449,0.5012087821960449,0.5012087821960449,0.49879124760627747,2,3,12,post_calibration
42,2,2,9,60,1,1,1,0.5024044513702393,0.5024044513702393,0.49759554862976074,0.5024044513702393,2,3,12,post_calibration
42,3,2,10,60,1,0,0,0.5032318234443665,0.5032318234443665,0.5032318234443665,0.49676820635795593,2,3,12,post_calibration
42,4,2,12,60,1,0,0,0.500841498374939,0.500841498374939,0.500841498374939,0.4991585314273834,2,3,12,post_calibration
42,5,2,17,60,1,0,0,0.5020051002502441,0.5020051002502441,0.5020051002502441,0.49799489974975586,2,3,12,post_calibration
4,0,3,0,60,1,0,0,0.5060372352600098,0.5060372352600098,0.5060372352600098,0.49396270513534546,3,,,zero_shot_all_trials
4,1,3,1,60,1,0,0,0.503326952457428,0.503326952457428,0.503326952457428,0.4966730773448944,3,,,zero_shot_all_trials
4,2,3,2,60,1,0,0,0.5038207173347473,0.5038207173347473,0.5038207173347473,0.4961793124675751,3,,,zero_shot_all_trials
4,3,3,3,60,0,0,1,0.5028094053268433,0.5028094053268433,0.5028094053268433,0.49719056487083435,3,,,zero_shot_all_trials
4,4,3,4,60,1,0,0,0.5018103718757629,0.5018103718757629,0.5018103718757629,0.49818968772888184,3,,,zero_shot_all_trials
4,5,3,5,60,1,1,1,0.500964343547821,0.500964343547821,0.49903568625450134,0.500964343547821,3,,,zero_shot_all_trials
4,6,3,6,60,1,0,0,0.5001157522201538,0.5001157522201538,0.5001157522201538,0.4998842477798462,3,,,zero_shot_all_trials
4,7,3,7,60,0,1,0,0.50148606300354,0.50148606300354,0.4985139071941376,0.50148606300354,3,,,zero_shot_all_trials
4,8,3,8,60,0,0,1,0.501065731048584,0.501065731048584,0.501065731048584,0.4989342987537384,3,,,zero_shot_all_trials
4,9,3,9,60,0,0,1,0.5049858093261719,0.5049858093261719,0.5049858093261719,0.49501416087150574,3,,,zero_shot_all_trials
4,10,3,10,60,1,1,1,0.5007808804512024,0.5007808804512024,0.49921905994415283,0.5007808804512024,3,,,zero_shot_all_trials
4,11,3,11,60,1,1,1,0.5020892024040222,0.5020892024040222,0.4979107677936554,0.5020892024040222,3,,,zero_shot_all_trials
4,12,3,12,60,1,1,1,0.501541256904602,0.501541256904602,0.49845874309539795,0.501541256904602,3,,,zero_shot_all_trials
4,13,3,13,60,0,0,1,0.5030261278152466,0.5030261278152466,0.5030261278152466,0.49697381258010864,3,,,zero_shot_all_trials
4,14,3,14,60,0,0,1,0.5036795139312744,0.5036795139312744,0.5036795139312744,0.4963204860687256,3,,,zero_shot_all_trials
4,15,3,15,60,1,0,0,0.5012630820274353,0.5012630820274353,0.5012630820274353,0.4987369179725647,3,,,zero_shot_all_trials
4,16,3,16,60,0,1,0,0.5000390410423279,0.5000390410423279,0.4999609887599945,0.5000390410423279,3,,,zero_shot_all_trials
4,17,3,17,60,0,0,1,0.5015037059783936,0.5015037059783936,0.5015037059783936,0.49849629402160645,3,,,zero_shot_all_trials
43,0,3,0,60,1,0,0,0.5060372948646545,0.5060372948646545,0.5060372948646545,0.49396267533302307,3,1,3,zero_shot_paired
43,1,3,2,60,1,0,0,0.503820538520813,0.503820538520813,0.503820538520813,0.4961794316768646,3,1,3,zero_shot_paired
43,2,3,3,60,0,0,1,0.5028093457221985,0.5028093457221985,0.5028093457221985,0.4971906244754791,3,1,3,zero_shot_paired
43,3,3,4,60,1,0,0,0.5018102526664734,0.5018102526664734,0.5018102526664734,0.4981897473335266,3,1,3,zero_shot_paired
43,4,3,6,60,1,0,0,0.5001157522201538,0.5001157522201538,0.5001157522201538,0.4998842477798462,3,1,3,zero_shot_paired
43,5,3,7,60,0,1,0,0.50148606300354,0.50148606300354,0.49851396679878235,0.50148606300354,3,1,3,zero_shot_paired
43,6,3,8,60,0,0,1,0.501065731048584,0.501065731048584,0.501065731048584,0.498934268951416,3,1,3,zero_shot_paired
43,7,3,10,60,1,1,1,0.5007808208465576,0.5007808208465576,0.49921914935112,0.5007808208465576,3,1,3,zero_shot_paired
43,8,3,11,60,1,1,1,0.5020893812179565,0.5020893812179565,0.49791058897972107,0.5020893812179565,3,1,3,zero_shot_paired
43,9,3,12,60,1,1,1,0.501541256904602,0.501541256904602,0.49845874309539795,0.501541256904602,3,1,3,zero_shot_paired
43,10,3,13,60,0,0,1,0.5030261278152466,0.5030261278152466,0.5030261278152466,0.49697381258010864,3,1,3,zero_shot_paired
43,11,3,14,60,0,0,1,0.5036795735359192,0.5036795735359192,0.5036795735359192,0.4963204562664032,3,1,3,zero_shot_paired
43,12,3,15,60,1,0,0,0.5012630820274353,0.5012630820274353,0.5012630820274353,0.4987369179725647,3,1,3,zero_shot_paired
43,13,3,16,60,0,1,0,0.5000389218330383,0.5000389218330383,0.49996110796928406,0.5000389218330383,3,1,3,zero_shot_paired
43,14,3,17,60,0,0,1,0.5015037059783936,0.5015037059783936,0.5015037059783936,0.49849629402160645,3,1,3,zero_shot_paired
43,0,3,0,60,1,0,0,0.5058647394180298,0.5058647394180298,0.5058647394180298,0.4941352605819702,3,1,3,post_calibration
43,1,3,2,60,1,0,0,0.5032033920288086,0.5032033920288086,0.5032033920288086,0.496796578168869,3,1,3,post_calibration
43,2,3,3,60,0,0,1,0.5020526647567749,0.5020526647567749,0.5020526647567749,0.4979473650455475,3,1,3,post_calibration
43,3,3,4,60,1,0,0,0.5005544424057007,0.5005544424057007,0.5005544424057007,0.49944552779197693,3,1,3,post_calibration
43,4,3,6,60,1,0,0,0.5001424551010132,0.5001424551010132,0.5001424551010132,0.4998575448989868,3,1,3,post_calibration
43,5,3,7,60,0,1,0,0.5012378096580505,0.5012378096580505,0.4987621307373047,0.5012378096580505,3,1,3,post_calibration
43,6,3,8,60,0,0,1,0.5000247955322266,0.5000247955322266,0.5000247955322266,0.49997520446777344,3,1,3,post_calibration
43,7,3,10,60,1,1,1,0.5011320114135742,0.5011320114135742,0.4988679587841034,0.5011320114135742,3,1,3,post_calibration
43,8,3,11,60,1,1,1,0.5023977160453796,0.5023977160453796,0.49760231375694275,0.5023977160453796,3,1,3,post_calibration
43,9,3,12,60,1,1,1,0.5013427734375,0.5013427734375,0.4986571967601776,0.5013427734375,3,1,3,post_calibration
43,10,3,13,60,0,0,1,0.5030516982078552,0.5030516982078552,0.5030516982078552,0.4969483017921448,3,1,3,post_calibration
43,11,3,14,60,0,0,1,0.502851665019989,0.502851665019989,0.502851665019989,0.497148334980011,3,1,3,post_calibration
43,12,3,15,60,1,0,0,0.5005252957344055,0.5005252957344055,0.5005252957344055,0.49947473406791687,3,1,3,post_calibration
43,13,3,16,60,0,0,1,0.5002453327178955,0.5002453327178955,0.5002453327178955,0.4997546970844269,3,1,3,post_calibration
43,14,3,17,60,0,0,1,0.5012757182121277,0.5012757182121277,0.5012757182121277,0.4987242817878723,3,1,3,post_calibration
44,0,3,0,60,1,0,0,0.5060372948646545,0.5060372948646545,0.5060372948646545,0.49396267533302307,3,2,3,zero_shot_paired
44,1,3,1,60,1,0,0,0.5033271312713623,0.5033271312713623,0.5033271312713623,0.4966728389263153,3,2,3,zero_shot_paired
44,2,3,2,60,1,0,0,0.503820538520813,0.503820538520813,0.503820538520813,0.4961794316768646,3,2,3,zero_shot_paired
44,3,3,4,60,1,0,0,0.5018102526664734,0.5018102526664734,0.5018102526664734,0.4981897473335266,3,2,3,zero_shot_paired
44,4,3,5,60,1,1,1,0.5009642839431763,0.5009642839431763,0.4990357458591461,0.5009642839431763,3,2,3,zero_shot_paired
44,5,3,6,60,1,0,0,0.5001157522201538,0.5001157522201538,0.5001157522201538,0.4998842477798462,3,2,3,zero_shot_paired
44,6,3,7,60,0,1,0,0.50148606300354,0.50148606300354,0.49851396679878235,0.50148606300354,3,2,3,zero_shot_paired
44,7,3,9,60,0,0,1,0.5049856901168823,0.5049856901168823,0.5049856901168823,0.4950143098831177,3,2,3,zero_shot_paired
44,8,3,10,60,1,1,1,0.5007808208465576,0.5007808208465576,0.49921914935112,0.5007808208465576,3,2,3,zero_shot_paired
44,9,3,11,60,1,1,1,0.5020893812179565,0.5020893812179565,0.49791058897972107,0.5020893812179565,3,2,3,zero_shot_paired
44,10,3,12,60,1,1,1,0.501541256904602,0.501541256904602,0.49845874309539795,0.501541256904602,3,2,3,zero_shot_paired
44,11,3,13,60,0,0,1,0.5030261278152466,0.5030261278152466,0.5030261278152466,0.49697381258010864,3,2,3,zero_shot_paired
44,12,3,14,60,0,0,1,0.5036795735359192,0.5036795735359192,0.5036795735359192,0.4963204562664032,3,2,3,zero_shot_paired
44,13,3,16,60,0,1,0,0.5000389218330383,0.5000389218330383,0.49996110796928406,0.5000389218330383,3,2,3,zero_shot_paired
44,14,3,17,60,0,0,1,0.5015037059783936,0.5015037059783936,0.5015037059783936,0.49849629402160645,3,2,3,zero_shot_paired
44,0,3,0,60,1,0,0,0.5059584975242615,0.5059584975242615,0.5059584975242615,0.4940415024757385,3,2,3,post_calibration
44,1,3,1,60,1,0,0,0.5030162334442139,0.5030162334442139,0.5030162334442139,0.49698376655578613,3,2,3,post_calibration
44,2,3,2,60,1,0,0,0.503945529460907,0.503945529460907,0.503945529460907,0.49605444073677063,3,2,3,post_calibration
44,3,3,4,60,1,0,0,0.501750648021698,0.501750648021698,0.501750648021698,0.498249351978302,3,2,3,post_calibration
44,4,3,5,60,1,0,0,0.5000081658363342,0.5000081658363342,0.5000081658363342,0.4999918043613434,3,2,3,post_calibration
44,5,3,6,60,1,0,0,0.5007097721099854,0.5007097721099854,0.5007097721099854,0.49929019808769226,3,2,3,post_calibration
44,6,3,7,60,0,1,0,0.5011345744132996,0.5011345744132996,0.4988654553890228,0.5011345744132996,3,2,3,post_calibration
44,7,3,9,60,0,0,1,0.5051174759864807,0.5051174759864807,0.5051174759864807,0.4948824942111969,3,2,3,post_calibration
44,8,3,10,60,1,1,1,0.5010766983032227,0.5010766983032227,0.49892330169677734,0.5010766983032227,3,2,3,post_calibration
44,9,3,11,60,1,1,1,0.5017628073692322,0.5017628073692322,0.49823716282844543,0.5017628073692322,3,2,3,post_calibration
44,10,3,12,60,1,1,1,0.5012050867080688,0.5012050867080688,0.49879491329193115,0.5012050867080688,3,2,3,post_calibration
44,11,3,13,60,0,0,1,0.5029294490814209,0.5029294490814209,0.5029294490814209,0.4970705509185791,3,2,3,post_calibration
44,12,3,14,60,0,0,1,0.5038635730743408,0.5038635730743408,0.5038635730743408,0.4961363971233368,3,2,3,post_calibration
44,13,3,16,60,0,0,1,0.5001470446586609,0.5001470446586609,0.5001470446586609,0.4998529553413391,3,2,3,post_calibration
44,14,3,17,60,0,0,1,0.5020968914031982,0.5020968914031982,0.5020968914031982,0.49790307879447937,3,2,3,post_calibration
45,0,3,1,60,1,0,0,0.5033271312713623,0.5033271312713623,0.5033271312713623,0.4966728389263153,3,3,3,zero_shot_paired
45,1,3,3,60,0,0,1,0.5028093457221985,0.5028093457221985,0.5028093457221985,0.4971906244754791,3,3,3,zero_shot_paired
45,2,3,4,60,1,0,0,0.5018102526664734,0.5018102526664734,0.5018102526664734,0.4981897473335266,3,3,3,zero_shot_paired
45,3,3,5,60,1,1,1,0.5009642839431763,0.5009642839431763,0.4990357458591461,0.5009642839431763,3,3,3,zero_shot_paired
45,4,3,6,60,1,0,0,0.5001157522201538,0.5001157522201538,0.5001157522201538,0.4998842477798462,3,3,3,zero_shot_paired
45,5,3,7,60,0,1,0,0.50148606300354,0.50148606300354,0.49851396679878235,0.50148606300354,3,3,3,zero_shot_paired
45,6,3,8,60,0,0,1,0.501065731048584,0.501065731048584,0.501065731048584,0.498934268951416,3,3,3,zero_shot_paired
45,7,3,9,60,0,0,1,0.5049856901168823,0.5049856901168823,0.5049856901168823,0.4950143098831177,3,3,3,zero_shot_paired
45,8,3,10,60,1,1,1,0.5007808208465576,0.5007808208465576,0.49921914935112,0.5007808208465576,3,3,3,zero_shot_paired
45,9,3,11,60,1,1,1,0.5020893812179565,0.5020893812179565,0.49791058897972107,0.5020893812179565,3,3,3,zero_shot_paired
45,10,3,12,60,1,1,1,0.501541256904602,0.501541256904602,0.49845874309539795,0.501541256904602,3,3,3,zero_shot_paired
45,11,3,13,60,0,0,1,0.5030261278152466,0.5030261278152466,0.5030261278152466,0.49697381258010864,3,3,3,zero_shot_paired
45,12,3,15,60,1,0,0,0.5012630820274353,0.5012630820274353,0.5012630820274353,0.4987369179725647,3,3,3,zero_shot_paired
45,13,3,16,60,0,1,0,0.5000389218330383,0.5000389218330383,0.49996110796928406,0.5000389218330383,3,3,3,zero_shot_paired
45,14,3,17,60,0,0,1,0.5015037059783936,0.5015037059783936,0.5015037059783936,0.49849629402160645,3,3,3,zero_shot_paired
45,0,3,1,60,1,0,0,0.5017709136009216,0.5017709136009216,0.5017709136009216,0.498229056596756,3,3,3,post_calibration
45,1,3,3,60,0,0,1,0.5005488395690918,0.5005488395690918,0.5005488395690918,0.4994511902332306,3,3,3,post_calibration
45,2,3,4,60,1,0,0,0.5003032684326172,0.5003032684326172,0.5003032684326172,0.4996967315673828,3,3,3,post_calibration
45,3,3,5,60,1,1,1,0.5016151666641235,0.5016151666641235,0.4983848035335541,0.5016151666641235,3,3,3,post_calibration
45,4,3,6,60,1,1,1,0.5012173652648926,0.5012173652648926,0.4987826347351074,0.5012173652648926,3,3,3,post_calibration
45,5,3,7,60,0,1,0,0.503123939037323,0.503123939037323,0.4968760311603546,0.503123939037323,3,3,3,post_calibration
45,6,3,8,60,0,0,1,0.5008640289306641,0.5008640289306641,0.5008640289306641,0.49913597106933594,3,3,3,post_calibration
45,7,3,9,60,0,0,1,0.5034332275390625,0.5034332275390625,0.5034332275390625,0.4965668022632599,3,3,3,post_calibration
45,8,3,10,60,1,1,1,0.5015373826026917,0.5015373826026917,0.49846264719963074,0.5015373826026917,3,3,3,post_calibration
45,9,3,11,60,1,1,1,0.5021469593048096,0.5021469593048096,0.49785304069519043,0.5021469593048096,3,3,3,post_calibration
45,10,3,12,60,1,1,1,0.5024273991584778,0.5024273991584778,0.4975726306438446,0.5024273991584778,3,3,3,post_calibration
45,11,3,13,60,0,0,1,0.5017661452293396,0.5017661452293396,0.5017661452293396,0.498233824968338,3,3,3,post_calibration
45,12,3,15,60,1,0,0,0.5015098452568054,0.5015098452568054,0.5015098452568054,0.4984901547431946,3,3,3,post_calibration
45,13,3,16,60,0,1,0,0.5006786584854126,0.5006786584854126,0.4993213415145874,0.5006786584854126,3,3,3,post_calibration
45,14,3,17,60,0,0,1,0.5002662539482117,0.5002662539482117,0.5002662539482117,0.49973371624946594,3,3,3,post_calibration
46,0,3,0,60,1,0,0,0.5060372948646545,0.5060372948646545,0.5060372948646545,0.49396267533302307,3,4,3,zero_shot_paired
46,1,3,1,60,1,0,0,0.5033271312713623,0.5033271312713623,0.5033271312713623,0.4966728389263153,3,4,3,zero_shot_paired
46,2,3,2,60,1,0,0,0.503820538520813,0.503820538520813,0.503820538520813,0.4961794316768646,3,4,3,zero_shot_paired
46,3,3,3,60,0,0,1,0.5028093457221985,0.5028093457221985,0.5028093457221985,0.4971906244754791,3,4,3,zero_shot_paired
46,4,3,5,60,1,1,1,0.5009642839431763,0.5009642839431763,0.4990357458591461,0.5009642839431763,3,4,3,zero_shot_paired
46,5,3,6,60,1,0,0,0.5001157522201538,0.5001157522201538,0.5001157522201538,0.4998842477798462,3,4,3,zero_shot_paired
46,6,3,8,60,0,0,1,0.501065731048584,0.501065731048584,0.501065731048584,0.498934268951416,3,4,3,zero_shot_paired
46,7,3,9,60,0,0,1,0.5049856901168823,0.5049856901168823,0.5049856901168823,0.4950143098831177,3,4,3,zero_shot_paired
46,8,3,10,60,1,1,1,0.5007808208465576,0.5007808208465576,0.49921914935112,0.5007808208465576,3,4,3,zero_shot_paired
46,9,3,12,60,1,1,1,0.501541256904602,0.501541256904602,0.49845874309539795,0.501541256904602,3,4,3,zero_shot_paired
46,10,3,13,60,0,0,1,0.5030261278152466,0.5030261278152466,0.5030261278152466,0.49697381258010864,3,4,3,zero_shot_paired
46,11,3,14,60,0,0,1,0.5036795735359192,0.5036795735359192,0.5036795735359192,0.4963204562664032,3,4,3,zero_shot_paired
46,12,3,15,60,1,0,0,0.5012630820274353,0.5012630820274353,0.5012630820274353,0.4987369179725647,3,4,3,zero_shot_paired
46,13,3,16,60,0,1,0,0.5000389218330383,0.5000389218330383,0.49996110796928406,0.5000389218330383,3,4,3,zero_shot_paired
46,14,3,17,60,0,0,1,0.5015037059783936,0.5015037059783936,0.5015037059783936,0.49849629402160645,3,4,3,zero_shot_paired
46,0,3,0,60,1,0,0,0.5060533285140991,0.5060533285140991,0.5060533285140991,0.4939466416835785,3,4,3,post_calibration
46,1,3,1,60,1,0,0,0.5029792189598083,0.5029792189598083,0.5029792189598083,0.49702081084251404,3,4,3,post_calibration
46,2,3,2,60,1,0,0,0.5035170316696167,0.5035170316696167,0.5035170316696167,0.4964829981327057,3,4,3,post_calibration
46,3,3,3,60,0,0,1,0.5022681951522827,0.5022681951522827,0.5022681951522827,0.4977318346500397,3,4,3,post_calibration
46,4,3,5,60,1,1,1,0.5015618801116943,0.5015618801116943,0.49843814969062805,0.5015618801116943,3,4,3,post_calibration
46,5,3,6,60,1,0,0,0.500300407409668,0.500300407409668,0.500300407409668,0.49969959259033203,3,4,3,post_calibration
46,6,3,8,60,0,0,1,0.500241219997406,0.500241219997406,0.500241219997406,0.4997587502002716,3,4,3,post_calibration
46,7,3,9,60,0,0,1,0.5050734281539917,0.5050734281539917,0.5050734281539917,0.4949265420436859,3,4,3,post_calibration
46,8,3,10,60,1,1,1,0.5007542371749878,0.5007542371749878,0.4992457330226898,0.5007542371749878,3,4,3,post_calibration
46,9,3,12,60,1,1,1,0.5018025636672974,0.5018025636672974,0.49819743633270264,0.5018025636672974,3,4,3,post_calibration
46,10,3,13,60,0,0,1,0.5029087662696838,0.5029087662696838,0.5029087662696838,0.4970912039279938,3,4,3,post_calibration
46,11,3,14,60,0,0,1,0.5037733316421509,0.5037733316421509,0.5037733316421509,0.4962266981601715,3,4,3,post_calibration
46,12,3,15,60,1,0,0,0.500706672668457,0.500706672668457,0.500706672668457,0.49929332733154297,3,4,3,post_calibration
46,13,3,16,60,0,1,0,0.5000048279762268,0.5000048279762268,0.4999952018260956,0.5000048279762268,3,4,3,post_calibration
46,14,3,17,60,0,0,1,0.5014094710350037,0.5014094710350037,0.5014094710350037,0.49859049916267395,3,4,3,post_calibration
47,0,3,0,60,1,0,0,0.5060372948646545,0.5060372948646545,0.5060372948646545,0.49396267533302307,3,5,3,zero_shot_paired
47,1,3,1,60,1,0,0,0.5033271312713623,0.5033271312713623,0.5033271312713623,0.4966728389263153,3,5,3,zero_shot_paired
47,2,3,2,60,1,0,0,0.503820538520813,0.503820538520813,0.503820538520813,0.4961794316768646,3,5,3,zero_shot_paired
47,3,3,3,60,0,0,1,0.5028093457221985,0.5028093457221985,0.5028093457221985,0.4971906244754791,3,5,3,zero_shot_paired
47,4,3,4,60,1,0,0,0.5018102526664734,0.5018102526664734,0.5018102526664734,0.4981897473335266,3,5,3,zero_shot_paired
47,5,3,5,60,1,1,1,0.5009642839431763,0.5009642839431763,0.4990357458591461,0.5009642839431763,3,5,3,zero_shot_paired
47,6,3,7,60,0,1,0,0.50148606300354,0.50148606300354,0.49851396679878235,0.50148606300354,3,5,3,zero_shot_paired
47,7,3,8,60,0,0,1,0.501065731048584,0.501065731048584,0.501065731048584,0.498934268951416,3,5,3,zero_shot_paired
47,8,3,9,60,0,0,1,0.5049856901168823,0.5049856901168823,0.5049856901168823,0.4950143098831177,3,5,3,zero_shot_paired
47,9,3,10,60,1,1,1,0.5007808208465576,0.5007808208465576,0.49921914935112,0.5007808208465576,3,5,3,zero_shot_paired
47,10,3,11,60,1,1,1,0.5020893812179565,0.5020893812179565,0.49791058897972107,0.5020893812179565,3,5,3,zero_shot_paired
47,11,3,12,60,1,1,1,0.501541256904602,0.501541256904602,0.49845874309539795,0.501541256904602,3,5,3,zero_shot_paired
47,12,3,13,60,0,0,1,0.5030261278152466,0.5030261278152466,0.5030261278152466,0.49697381258010864,3,5,3,zero_shot_paired
47,13,3,14,60,0,0,1,0.5036795735359192,0.5036795735359192,0.5036795735359192,0.4963204562664032,3,5,3,zero_shot_paired
47,14,3,15,60,1,0,0,0.5012630820274353,0.5012630820274353,0.5012630820274353,0.4987369179725647,3,5,3,zero_shot_paired
47,0,3,0,60,1,0,0,0.5062742233276367,0.5062742233276367,0.5062742233276367,0.49372580647468567,3,5,3,post_calibration
47,1,3,1,60,1,0,0,0.5041452050209045,0.5041452050209045,0.5041452050209045,0.49585476517677307,3,5,3,post_calibration
47,2,3,2,60,1,0,0,0.5041031241416931,0.5041031241416931,0.5041031241416931,0.4958968758583069,3,5,3,post_calibration
47,3,3,3,60,0,0,1,0.5028847455978394,0.5028847455978394,0.5028847455978394,0.49711525440216064,3,5,3,post_calibration
47,4,3,4,60,1,0,0,0.5021333694458008,0.5021333694458008,0.5021333694458008,0.4978666305541992,3,5,3,post_calibration
47,5,3,5,60,1,1,1,0.5007020831108093,0.5007020831108093,0.4992979168891907,0.5007020831108093,3,5,3,post_calibration
47,6,3,7,60,0,1,0,0.5016474723815918,0.5016474723815918,0.4983525276184082,0.5016474723815918,3,5,3,post_calibration
47,7,3,8,60,0,0,1,0.5008041858673096,0.5008041858673096,0.5008041858673096,0.4991958439350128,3,5,3,post_calibration
47,8,3,9,60,0,0,1,0.5052046775817871,0.5052046775817871,0.5052046775817871,0.4947953522205353,3,5,3,post_calibration
47,9,3,10,60,1,1,1,0.5007546544075012,0.5007546544075012,0.4992453455924988,0.5007546544075012,3,5,3,post_calibration
47,10,3,11,60,1,1,1,0.5022773742675781,0.5022773742675781,0.49772265553474426,0.5022773742675781,3,5,3,post_calibration
47,11,3,12,60,1,1,1,0.5012184381484985,0.5012184381484985,0.49878156185150146,0.5012184381484985,3,5,3,post_calibration
47,12,3,13,60,0,0,1,0.503201961517334,0.503201961517334,0.503201961517334,0.49679800868034363,3,5,3,post_calibration
47,13,3,14,60,0,0,1,0.5040884017944336,0.5040884017944336,0.5040884017944336,0.4959115982055664,3,5,3,post_calibration
47,14,3,15,60,1,0,0,0.5005772113800049,0.5005772113800049,0.5005772113800049,0.4994228184223175,3,5,3,post_calibration
48,0,3,0,60,1,0,0,0.5060372948646545,0.5060372948646545,0.5060372948646545,0.49396267533302307,3,6,3,zero_shot_paired
48,1,3,1,60,1,0,0,0.5033271312713623,0.5033271312713623,0.5033271312713623,0.4966728389263153,3,6,3,zero_shot_paired
48,2,3,2,60,1,0,0,0.503820538520813,0.503820538520813,0.503820538520813,0.4961794316768646,3,6,3,zero_shot_paired
48,3,3,3,60,0,0,1,0.5028093457221985,0.5028093457221985,0.5028093457221985,0.4971906244754791,3,6,3,zero_shot_paired
48,4,3,4,60,1,0,0,0.5018102526664734,0.5018102526664734,0.5018102526664734,0.4981897473335266,3,6,3,zero_shot_paired
48,5,3,5,60,1,1,1,0.5009642839431763,0.5009642839431763,0.4990357458591461,0.5009642839431763,3,6,3,zero_shot_paired
48,6,3,6,60,1,0,0,0.5001157522201538,0.5001157522201538,0.5001157522201538,0.4998842477798462,3,6,3,zero_shot_paired
48,7,3,7,60,0,1,0,0.50148606300354,0.50148606300354,0.49851396679878235,0.50148606300354,3,6,3,zero_shot_paired
48,8,3,8,60,0,0,1,0.501065731048584,0.501065731048584,0.501065731048584,0.498934268951416,3,6,3,zero_shot_paired
48,9,3,9,60,0,0,1,0.5049856901168823,0.5049856901168823,0.5049856901168823,0.4950143098831177,3,6,3,zero_shot_paired
48,10,3,11,60,1,1,1,0.5020893812179565,0.5020893812179565,0.49791058897972107,0.5020893812179565,3,6,3,zero_shot_paired
48,11,3,14,60,0,0,1,0.5036795735359192,0.5036795735359192,0.5036795735359192,0.4963204562664032,3,6,3,zero_shot_paired
48,12,3,15,60,1,0,0,0.5012630820274353,0.5012630820274353,0.5012630820274353,0.4987369179725647,3,6,3,zero_shot_paired
48,13,3,16,60,0,1,0,0.5000389218330383,0.5000389218330383,0.49996110796928406,0.5000389218330383,3,6,3,zero_shot_paired
48,14,3,17,60,0,0,1,0.5015037059783936,0.5015037059783936,0.5015037059783936,0.49849629402160645,3,6,3,zero_shot_paired
48,0,3,0,60,1,0,0,0.5064771175384521,0.5064771175384521,0.5064771175384521,0.49352288246154785,3,6,3,post_calibration
48,1,3,1,60,1,0,0,0.5034045577049255,0.5034045577049255,0.5034045577049255,0.49659544229507446,3,6,3,post_calibration
48,2,3,2,60,1,0,0,0.5038889050483704,0.5038889050483704,0.5038889050483704,0.496111124753952,3,6,3,post_calibration
48,3,3,3,60,0,0,1,0.5027361512184143,0.5027361512184143,0.5027361512184143,0.4972638487815857,3,6,3,post_calibration
48,4,3,4,60,1,0,0,0.5014505386352539,0.5014505386352539,0.5014505386352539,0.4985494315624237,3,6,3,post_calibration
48,5,3,5,60,1,1,1,0.5012099742889404,0.5012099742889404,0.4987899959087372,0.5012099742889404,3,6,3,post_calibration
48,6,3,6,60,1,0,0,0.5002346038818359,0.5002346038818359,0.5002346038818359,0.4997653663158417,3,6,3,post_calibration
48,7,3,7,60,0,1,0,0.5014985799789429,0.5014985799789429,0.4985014498233795,0.5014985799789429,3,6,3,post_calibration
48,8,3,8,60,0,0,1,0.5008419156074524,0.5008419156074524,0.5008419156074524,0.4991581439971924,3,6,3,post_calibration
48,9,3,9,60,0,0,1,0.5044248700141907,0.5044248700141907,0.5044248700141907,0.4955751597881317,3,6,3,post_calibration
48,10,3,11,60,1,1,1,0.5021281838417053,0.5021281838417053,0.4978718161582947,0.5021281838417053,3,6,3,post_calibration
48,11,3,14,60,0,0,1,0.5039160847663879,0.5039160847663879,0.5039160847663879,0.49608394503593445,3,6,3,post_calibration
48,12,3,15,60,1,0,0,0.5012743473052979,0.5012743473052979,0.5012743473052979,0.49872565269470215,3,6,3,post_calibration
48,13,3,16,60,0,1,0,0.5005741119384766,0.5005741119384766,0.4994259178638458,0.5005741119384766,3,6,3,post_calibration
48,14,3,17,60,0,0,1,0.5014064908027649,0.5014064908027649,0.5014064908027649,0.4985935389995575,3,6,3,post_calibration
49,0,3,0,60,1,0,0,0.5060372948646545,0.5060372948646545,0.5060372948646545,0.49396267533302307,3,1,6,zero_shot_paired
49,1,3,1,60,1,0,0,0.5033271312713623,0.5033271312713623,0.5033271312713623,0.4966728389263153,3,1,6,zero_shot_paired
49,2,3,3,60,0,0,1,0.5028093457221985,0.5028093457221985,0.5028093457221985,0.4971906244754791,3,1,6,zero_shot_paired
49,3,3,4,60,1,0,0,0.5018102526664734,0.5018102526664734,0.5018102526664734,0.4981897473335266,3,1,6,zero_shot_paired
49,4,3,5,60,1,1,1,0.5009642839431763,0.5009642839431763,0.4990357458591461,0.5009642839431763,3,1,6,zero_shot_paired
49,5,3,6,60,1,0,0,0.5001157522201538,0.5001157522201538,0.5001157522201538,0.4998842477798462,3,1,6,zero_shot_paired
49,6,3,7,60,0,1,0,0.50148606300354,0.50148606300354,0.49851396679878235,0.50148606300354,3,1,6,zero_shot_paired
49,7,3,8,60,0,0,1,0.501065731048584,0.501065731048584,0.501065731048584,0.498934268951416,3,1,6,zero_shot_paired
49,8,3,11,60,1,1,1,0.5020893812179565,0.5020893812179565,0.49791058897972107,0.5020893812179565,3,1,6,zero_shot_paired
49,9,3,13,60,0,0,1,0.5030261278152466,0.5030261278152466,0.5030261278152466,0.49697381258010864,3,1,6,zero_shot_paired
49,10,3,15,60,1,0,0,0.5012630820274353,0.5012630820274353,0.5012630820274353,0.4987369179725647,3,1,6,zero_shot_paired
49,11,3,16,60,0,1,0,0.5000389218330383,0.5000389218330383,0.49996110796928406,0.5000389218330383,3,1,6,zero_shot_paired
49,0,3,0,60,1,0,0,0.5058392882347107,0.5058392882347107,0.5058392882347107,0.4941607415676117,3,1,6,post_calibration
49,1,3,1,60,1,0,0,0.5029720067977905,0.5029720067977905,0.5029720067977905,0.4970279932022095,3,1,6,post_calibration
49,2,3,3,60,0,0,1,0.5024844408035278,0.5024844408035278,0.5024844408035278,0.49751558899879456,3,1,6,post_calibration
49,3,3,4,60,1,0,0,0.5011371970176697,0.5011371970176697,0.5011371970176697,0.49886277318000793,3,1,6,post_calibration
49,4,3,5,60,1,1,1,0.5007746815681458,0.5007746815681458,0.49922534823417664,0.5007746815681458,3,1,6,post_calibration
49,5,3,6,60,1,0,0,0.5005262494087219,0.5005262494087219,0.5005262494087219,0.4994737207889557,3,1,6,post_calibration
49,6,3,7,60,0,1,0,0.5016459226608276,0.5016459226608276,0.49835407733917236,0.5016459226608276,3,1,6,post_calibration
49,7,3,8,60,0,0,1,0.5014232397079468,0.5014232397079468,0.5014232397079468,0.49857673048973083,3,1,6,post_calibration
49,8,3,11,60,1,1,1,0.501513659954071,0.501513659954071,0.49848634004592896,0.501513659954071,3,1,6,post_calibration
49,9,3,13,60,0,0,1,0.5025563836097717,0.5025563836097717,0.5025563836097717,0.49744364619255066,3,1,6,post_calibration
49,10,3,15,60,1,0,0,0.5013640522956848,0.5013640522956848,0.5013640522956848,0.4986359477043152,3,1,6,post_calibration
49,11,3,16,60,0,1,0,0.5002996325492859,0.5002996325492859,0.4997003972530365,0.5002996325492859,3,1,6,post_calibration
50,0,3,0,60,1,0,0,0.5060372948646545,0.5060372948646545,0.5060372948646545,0.49396267533302307,3,2,6,zero_shot_paired
50,1,3,2,60,1,0,0,0.503820538520813,0.503820538520813,0.503820538520813,0.4961794316768646,3,2,6,zero_shot_paired
50,2,3,4,60,1,0,0,0.5018102526664734,0.5018102526664734,0.5018102526664734,0.4981897473335266,3,2,6,zero_shot_paired
50,3,3,7,60,0,1,0,0.50148606300354,0.50148606300354,0.49851396679878235,0.50148606300354,3,2,6,zero_shot_paired
50,4,3,8,60,0,0,1,0.501065731048584,0.501065731048584,0.501065731048584,0.498934268951416,3,2,6,zero_shot_paired
50,5,3,9,60,0,0,1,0.5049856901168823,0.5049856901168823,0.5049856901168823,0.4950143098831177,3,2,6,zero_shot_paired
50,6,3,10,60,1,1,1,0.5007808208465576,0.5007808208465576,0.49921914935112,0.5007808208465576,3,2,6,zero_shot_paired
50,7,3,11,60,1,1,1,0.5020893812179565,0.5020893812179565,0.49791058897972107,0.5020893812179565,3,2,6,zero_shot_paired
50,8,3,12,60,1,1,1,0.501541256904602,0.501541256904602,0.49845874309539795,0.501541256904602,3,2,6,zero_shot_paired
50,9,3,14,60,0,0,1,0.5036795735359192,0.5036795735359192,0.5036795735359192,0.4963204562664032,3,2,6,zero_shot_paired
50,10,3,15,60,1,0,0,0.5012630820274353,0.5012630820274353,0.5012630820274353,0.4987369179725647,3,2,6,zero_shot_paired
50,11,3,17,60,0,0,1,0.5015037059783936,0.5015037059783936,0.5015037059783936,0.49849629402160645,3,2,6,zero_shot_paired
50,0,3,0,60,1,0,0,0.5073450207710266,0.5073450207710266,0.5073450207710266,0.4926549792289734,3,2,6,post_calibration
50,1,3,2,60,1,0,0,0.5043738484382629,0.5043738484382629,0.5043738484382629,0.4956260919570923,3,2,6,post_calibration
50,2,3,4,60,1,0,0,0.5018625259399414,0.5018625259399414,0.5018625259399414,0.4981374740600586,3,2,6,post_calibration
50,3,3,7,60,0,1,0,0.5018178224563599,0.5018178224563599,0.49818211793899536,0.5018178224563599,3,2,6,post_calibration
50,4,3,8,60,0,1,0,0.5003045797348022,0.5003045797348022,0.49969545006752014,0.5003045797348022,3,2,6,post_calibration
50,5,3,9,60,0,0,1,0.5053685307502747,0.5053685307502747,0.5053685307502747,0.49463146924972534,3,2,6,post_calibration
50,6,3,10,60,1,1,1,0.5003603100776672,0.5003603100776672,0.4996396601200104,0.5003603100776672,3,2,6,post_calibration
50,7,3,11,60,1,1,1,0.5025192499160767,0.5025192499160767,0.4974807798862457,0.5025192499160767,3,2,6,post_calibration
50,8,3,12,60,1,1,1,0.5020450353622437,0.5020450353622437,0.49795493483543396,0.5020450353622437,3,2,6,post_calibration
50,9,3,14,60,0,0,1,0.5028054714202881,0.5028054714202881,0.5028054714202881,0.4971945881843567,3,2,6,post_calibration
50,10,3,15,60,1,0,0,0.5007479190826416,0.5007479190826416,0.5007479190826416,0.4992521107196808,3,2,6,post_calibration
50,11,3,17,60,0,0,1,0.5006197094917297,0.5006197094917297,0.5006197094917297,0.4993802607059479,3,2,6,post_calibration
51,0,3,1,60,1,0,0,0.5033271312713623,0.5033271312713623,0.5033271312713623,0.4966728389263153,3,3,6,zero_shot_paired
51,1,3,2,60,1,0,0,0.503820538520813,0.503820538520813,0.503820538520813,0.4961794316768646,3,3,6,zero_shot_paired
51,2,3,3,60,0,0,1,0.5028093457221985,0.5028093457221985,0.5028093457221985,0.4971906244754791,3,3,6,zero_shot_paired
51,3,3,5,60,1,1,1,0.5009642839431763,0.5009642839431763,0.4990357458591461,0.5009642839431763,3,3,6,zero_shot_paired
51,4,3,6,60,1,0,0,0.5001157522201538,0.5001157522201538,0.5001157522201538,0.4998842477798462,3,3,6,zero_shot_paired
51,5,3,9,60,0,0,1,0.5049856901168823,0.5049856901168823,0.5049856901168823,0.4950143098831177,3,3,6,zero_shot_paired
51,6,3,10,60,1,1,1,0.5007808208465576,0.5007808208465576,0.49921914935112,0.5007808208465576,3,3,6,zero_shot_paired
51,7,3,12,60,1,1,1,0.501541256904602,0.501541256904602,0.49845874309539795,0.501541256904602,3,3,6,zero_shot_paired
51,8,3,13,60,0,0,1,0.5030261278152466,0.5030261278152466,0.5030261278152466,0.49697381258010864,3,3,6,zero_shot_paired
51,9,3,14,60,0,0,1,0.5036795735359192,0.5036795735359192,0.5036795735359192,0.4963204562664032,3,3,6,zero_shot_paired
51,10,3,16,60,0,1,0,0.5000389218330383,0.5000389218330383,0.49996110796928406,0.5000389218330383,3,3,6,zero_shot_paired
51,11,3,17,60,0,0,1,0.5015037059783936,0.5015037059783936,0.5015037059783936,0.49849629402160645,3,3,6,zero_shot_paired
51,0,3,1,60,1,0,0,0.5020557045936584,0.5020557045936584,0.5020557045936584,0.49794432520866394,3,3,6,post_calibration
51,1,3,2,60,1,0,0,0.5018948316574097,0.5018948316574097,0.5018948316574097,0.4981051981449127,3,3,6,post_calibration
51,2,3,3,60,0,0,1,0.5006040930747986,0.5006040930747986,0.5006040930747986,0.49939587712287903,3,3,6,post_calibration
51,3,3,5,60,1,1,1,0.5017479062080383,0.5017479062080383,0.49825209379196167,0.5017479062080383,3,3,6,post_calibration
51,4,3,6,60,1,1,1,0.5002976059913635,0.5002976059913635,0.4997023642063141,0.5002976059913635,3,3,6,post_calibration
51,5,3,9,60,0,0,1,0.5043067932128906,0.5043067932128906,0.5043067932128906,0.4956932067871094,3,3,6,post_calibration
51,6,3,10,60,1,1,1,0.5016347169876099,0.5016347169876099,0.49836525321006775,0.5016347169876099,3,3,6,post_calibration
51,7,3,12,60,1,1,1,0.5026949048042297,0.5026949048042297,0.4973050653934479,0.5026949048042297,3,3,6,post_calibration
51,8,3,13,60,0,0,1,0.5021423101425171,0.5021423101425171,0.5021423101425171,0.4978576600551605,3,3,6,post_calibration
51,9,3,14,60,0,0,1,0.5024825930595398,0.5024825930595398,0.5024825930595398,0.4975174367427826,3,3,6,post_calibration
51,10,3,16,60,0,1,0,0.5006406307220459,0.5006406307220459,0.4993593990802765,0.5006406307220459,3,3,6,post_calibration
51,11,3,17,60,0,0,1,0.5006585121154785,0.5006585121154785,0.5006585121154785,0.49934154748916626,3,3,6,post_calibration
52,0,3,0,60,1,0,0,0.5060372948646545,0.5060372948646545,0.5060372948646545,0.49396267533302307,3,1,9,zero_shot_paired
52,1,3,3,60,0,0,1,0.5028094053268433,0.5028094053268433,0.5028094053268433,0.49719056487083435,3,1,9,zero_shot_paired
52,2,3,5,60,1,1,1,0.500964343547821,0.500964343547821,0.49903568625450134,0.500964343547821,3,1,9,zero_shot_paired
52,3,3,9,60,0,0,1,0.5049857497215271,0.5049857497215271,0.5049857497215271,0.4950142800807953,3,1,9,zero_shot_paired
52,4,3,10,60,1,1,1,0.5007808804512024,0.5007808804512024,0.4992191195487976,0.5007808804512024,3,1,9,zero_shot_paired
52,5,3,11,60,1,1,1,0.5020892024040222,0.5020892024040222,0.4979107677936554,0.5020892024040222,3,1,9,zero_shot_paired
52,6,3,13,60,0,0,1,0.5030261278152466,0.5030261278152466,0.5030261278152466,0.49697381258010864,3,1,9,zero_shot_paired
52,7,3,15,60,1,0,0,0.5012629628181458,0.5012629628181458,0.5012629628181458,0.49873700737953186,3,1,9,zero_shot_paired
52,8,3,17,60,0,0,1,0.5015037655830383,0.5015037655830383,0.5015037655830383,0.49849626421928406,3,1,9,zero_shot_paired
52,0,3,0,60,1,0,0,0.5047885775566101,0.5047885775566101,0.5047885775566101,0.4952114522457123,3,1,9,post_calibration
52,1,3,3,60,0,1,0,0.5011990070343018,0.5011990070343018,0.49880099296569824,0.5011990070343018,3,1,9,post_calibration
52,2,3,5,60,1,1,1,0.5016784071922302,0.5016784071922302,0.4983215630054474,0.5016784071922302,3,1,9,post_calibration
52,3,3,9,60,0,0,1,0.5037501454353333,0.5037501454353333,0.5037501454353333,0.49624985456466675,3,1,9,post_calibration
52,4,3,10,60,1,1,1,0.5018642544746399,0.5018642544746399,0.4981357157230377,0.5018642544746399,3,1,9,post_calibration
52,5,3,11,60,1,1,1,0.5027754902839661,0.5027754902839661,0.4972245395183563,0.5027754902839661,3,1,9,post_calibration
52,6,3,13,60,0,0,1,0.502182126045227,0.502182126045227,0.502182126045227,0.49781790375709534,3,1,9,post_calibration
52,7,3,15,60,1,0,0,0.5004178881645203,0.5004178881645203,0.5004178881645203,0.4995821416378021,3,1,9,post_calibration
52,8,3,17,60,0,0,1,0.5006847381591797,0.5006847381591797,0.5006847381591797,0.4993152618408203,3,1,9,post_calibration
53,0,3,1,60,1,0,0,0.5033271312713623,0.5033271312713623,0.5033271312713623,0.4966728389263153,3,2,9,zero_shot_paired
53,1,3,2,60,1,0,0,0.5038206577301025,0.5038206577301025,0.5038206577301025,0.4961793124675751,3,2,9,zero_shot_paired
53,2,3,4,60,1,0,0,0.5018103718757629,0.5018103718757629,0.5018103718757629,0.49818962812423706,3,2,9,zero_shot_paired
53,3,3,6,60,1,0,0,0.500115692615509,0.500115692615509,0.500115692615509,0.4998842775821686,3,2,9,zero_shot_paired
53,4,3,7,60,0,1,0,0.50148606300354,0.50148606300354,0.49851396679878235,0.50148606300354,3,2,9,zero_shot_paired
53,5,3,8,60,0,0,1,0.501065731048584,0.501065731048584,0.501065731048584,0.4989342987537384,3,2,9,zero_shot_paired
53,6,3,12,60,1,1,1,0.5015413165092468,0.5015413165092468,0.4984586536884308,0.5015413165092468,3,2,9,zero_shot_paired
53,7,3,14,60,0,0,1,0.5036795139312744,0.5036795139312744,0.5036795139312744,0.4963204562664032,3,2,9,zero_shot_paired
53,8,3,16,60,0,1,0,0.5000392198562622,0.5000392198562622,0.4999607801437378,0.5000392198562622,3,2,9,zero_shot_paired
53,0,3,1,60,1,0,0,0.5038283467292786,0.5038283467292786,0.5038283467292786,0.49617162346839905,3,2,9,post_calibration
53,1,3,2,60,1,0,0,0.5047908425331116,0.5047908425331116,0.5047908425331116,0.4952091872692108,3,2,9,post_calibration
53,2,3,4,60,1,0,0,0.5023927092552185,0.5023927092552185,0.5023927092552185,0.4976073205471039,3,2,9,post_calibration
53,3,3,6,60,1,0,0,0.5005621910095215,0.5005621910095215,0.5005621910095215,0.4994378387928009,3,2,9,post_calibration
53,4,3,7,60,0,1,0,0.5012747645378113,0.5012747645378113,0.4987252354621887,0.5012747645378113,3,2,9,post_calibration
53,5,3,8,60,0,0,1,0.5007113814353943,0.5007113814353943,0.5007113814353943,0.4992886185646057,3,2,9,post_calibration
53,6,3,12,60,1,1,1,0.5016038417816162,0.5016038417816162,0.4983961582183838,0.5016038417816162,3,2,9,post_calibration
53,7,3,14,60,0,0,1,0.5026803016662598,0.5026803016662598,0.5026803016662598,0.4973197281360626,3,2,9,post_calibration
53,8,3,16,60,0,1,0,0.5002208352088928,0.5002208352088928,0.4997791647911072,0.5002208352088928,3,2,9,post_calibration
54,0,3,2,60,1,0,0,0.5038189888000488,0.5038189888000488,0.5038189888000488,0.49618104100227356,3,1,12,zero_shot_paired
54,1,3,5,60,1,1,1,0.5009641647338867,0.5009641647338867,0.4990358352661133,0.5009641647338867,3,1,12,zero_shot_paired
54,2,3,8,60,0,0,1,0.5010672807693481,0.5010672807693481,0.5010672807693481,0.49893271923065186,3,1,12,zero_shot_paired
54,3,3,12,60,1,1,1,0.501541256904602,0.501541256904602,0.49845874309539795,0.501541256904602,3,1,12,zero_shot_paired
54,4,3,13,60,0,0,1,0.5030239224433899,0.5030239224433899,0.5030239224433899,0.4969761073589325,3,1,12,zero_shot_paired
54,5,3,17,60,0,0,1,0.5015037059783936,0.5015037059783936,0.5015037059783936,0.4984963536262512,3,1,12,zero_shot_paired
54,0,3,2,60,1,0,0,0.5028412938117981,0.5028412938117981,0.5028412938117981,0.4971586763858795,3,1,12,post_calibration
54,1,3,5,60,1,1,1,0.5009830594062805,0.5009830594062805,0.4990169405937195,0.5009830594062805,3,1,12,post_calibration
54,2,3,8,60,0,1,0,0.500375509262085,0.500375509262085,0.4996245503425598,0.500375509262085,3,1,12,post_calibration
54,3,3,12,60,1,1,1,0.5023226737976074,0.5023226737976074,0.4976772964000702,0.5023226737976074,3,1,12,post_calibration
54,4,3,13,60,0,0,1,0.5023056268692017,0.5023056268692017,0.5023056268692017,0.49769437313079834,3,1,12,post_calibration
54,5,3,17,60,0,0,1,0.501641035079956,0.501641035079956,0.501641035079956,0.49835896492004395,3,1,12,post_calibration
55,0,3,0,60,1,0,0,0.506035566329956,0.506035566329956,0.506035566329956,0.49396443367004395,3,2,12,zero_shot_paired
55,1,3,5,60,1,1,1,0.5009641647338867,0.5009641647338867,0.4990358352661133,0.5009641647338867,3,2,12,zero_shot_paired
55,2,3,6,60,1,0,0,0.5001157522201538,0.5001157522201538,0.5001157522201538,0.4998842477798462,3,2,12,zero_shot_paired
55,3,3,7,60,0,1,0,0.5014870166778564,0.5014870166778564,0.49851295351982117,0.5014870166778564,3,2,12,zero_shot_paired
55,4,3,9,60,0,0,1,0.504982590675354,0.504982590675354,0.504982590675354,0.495017409324646,3,2,12,zero_shot_paired
55,5,3,14,60,0,0,1,0.5036784410476685,0.5036784410476685,0.5036784410476685,0.49632158875465393,3,2,12,zero_shot_paired
55,0,3,0,60,1,0,0,0.5056583285331726,0.5056583285331726,0.5056583285331726,0.4943416118621826,3,2,12,post_calibration
55,1,3,5,60,1,1,1,0.5010553002357483,0.5010553002357483,0.4989446699619293,0.5010553002357483,3,2,12,post_calibration
55,2,3,6,60,1,0,0,0.5010495185852051,0.5010495185852051,0.5010495185852051,0.49895045161247253,3,2,12,post_calibration
55,3,3,7,60,0,1,0,0.5013512372970581,0.5013512372970581,0.4986487925052643,0.5013512372970581,3,2,12,post_calibration
55,4,3,9,60,0,0,1,0.504270613193512,0.504270613193512,0.504270613193512,0.49572938680648804,3,2,12,post_calibration
55,5,3,14,60,0,0,1,0.5036042928695679,0.5036042928695679,0.5036042928695679,0.49639570713043213,3,2,12,post_calibration
56,0,3,4,60,1,0,0,0.5018112063407898,0.5018112063407898,0.5018112063407898,0.4981888234615326,3,3,12,zero_shot_paired
56,1,3,8,60,0,0,1,0.5010672807693481,0.5010672807693481,0.5010672807693481,0.49893271923065186,3,3,12,zero_shot_paired
56,2,3,9,60,0,0,1,0.504982590675354,0.504982590675354,0.504982590675354,0.495017409324646,3,3,12,zero_shot_paired
56,3,3,11,60,1,1,1,0.5020875334739685,0.5020875334739685,0.4979124665260315,0.5020875334739685,3,3,12,zero_shot_paired
56,4,3,13,60,0,0,1,0.5030239224433899,0.5030239224433899,0.5030239224433899,0.4969761073589325,3,3,12,zero_shot_paired
56,5,3,15,60,1,0,0,0.5012621879577637,0.5012621879577637,0.5012621879577637,0.49873778223991394,3,3,12,zero_shot_paired
56,0,3,4,60,1,1,1,0.5010195970535278,0.5010195970535278,0.4989803731441498,0.5010195970535278,3,3,12,post_calibration
56,1,3,8,60,0,0,1,0.5001339316368103,0.5001339316368103,0.5001339316368103,0.4998660981655121,3,3,12,post_calibration
56,2,3,9,60,0,0,1,0.50418621301651,0.50418621301651,0.50418621301651,0.49581378698349,3,3,12,post_calibration
56,3,3,11,60,1,1,1,0.5030690431594849,0.5030690431594849,0.49693095684051514,0.5030690431594849,3,3,12,post_calibration
56,4,3,13,60,0,0,1,0.5015131831169128,0.5015131831169128,0.5015131831169128,0.49848681688308716,3,3,12,post_calibration
56,5,3,15,60,1,0,0,0.5002491474151611,0.5002491474151611,0.5002491474151611,0.49975085258483887,3,3,12,post_calibration
5,0,4,0,60,1,0,0,0.502946674823761,0.502946674823761,0.502946674823761,0.497053325176239,4,,,zero_shot_all_trials
5,1,4,1,60,0,0,1,0.500920832157135,0.500920832157135,0.500920832157135,0.4990791082382202,4,,,zero_shot_all_trials
5,2,4,2,60,1,1,1,0.5045331120491028,0.5045331120491028,0.4954668879508972,0.5045331120491028,4,,,zero_shot_all_trials
5,3,4,3,60,0,1,0,0.5067830085754395,0.5067830085754395,0.49321699142456055,0.5067830085754395,4,,,zero_shot_all_trials
5,4,4,4,60,0,0,1,0.5002487301826477,0.5002487301826477,0.5002487301826477,0.4997512996196747,4,,,zero_shot_all_trials
5,5,4,5,60,1,1,1,0.5015516877174377,0.5015516877174377,0.49844831228256226,0.5015516877174377,4,,,zero_shot_all_trials
5,6,4,6,60,1,1,1,0.5073499083518982,0.5073499083518982,0.4926500618457794,0.5073499083518982,4,,,zero_shot_all_trials
5,7,4,7,60,0,1,0,0.5064305663108826,0.5064305663108826,0.49356940388679504,0.5064305663108826,4,,,zero_shot_all_trials
5,8,4,8,60,0,1,0,0.504896342754364,0.504896342754364,0.4951036870479584,0.504896342754364,4,,,zero_shot_all_trials
5,9,4,9,60,1,1,1,0.501120388507843,0.501120388507843,0.49887964129447937,0.501120388507843,4,,,zero_shot_all_trials
5,10,4,10,60,1,1,1,0.5059012174606323,0.5059012174606323,0.4940987527370453,0.5059012174606323,4,,,zero_shot_all_trials
5,11,4,11,60,1,0,0,0.5004769563674927,0.5004769563674927,0.5004769563674927,0.4995230734348297,4,,,zero_shot_all_trials
5,12,4,12,60,1,1,1,0.5041845440864563,0.5041845440864563,0.4958154559135437,0.5041845440864563,4,,,zero_shot_all_trials
5,13,4,13,60,1,1,1,0.5025773048400879,0.5025773048400879,0.4974226951599121,0.5025773048400879,4,,,zero_shot_all_trials
5,14,4,14,60,1,1,1,0.5030065178871155,0.5030065178871155,0.49699345231056213,0.5030065178871155,4,,,zero_shot_all_trials
5,15,4,15,60,1,1,1,0.5055659413337708,0.5055659413337708,0.49443405866622925,0.5055659413337708,4,,,zero_shot_all_trials
5,16,4,16,60,0,1,0,0.5012661218643188,0.5012661218643188,0.49873387813568115,0.5012661218643188,4,,,zero_shot_all_trials
5,17,4,17,60,0,1,0,0.5011636018753052,0.5011636018753052,0.49883636832237244,0.5011636018753052,4,,,zero_shot_all_trials
57,0,4,2,60,1,1,1,0.5045331716537476,0.5045331716537476,0.49546682834625244,0.5045331716537476,4,1,3,zero_shot_paired
57,1,4,3,60,0,1,0,0.5067829489707947,0.5067829489707947,0.4932170808315277,0.5067829489707947,4,1,3,zero_shot_paired
57,2,4,4,60,0,0,1,0.5002487301826477,0.5002487301826477,0.5002487301826477,0.4997512400150299,4,1,3,zero_shot_paired
57,3,4,5,60,1,1,1,0.501551628112793,0.501551628112793,0.4984484314918518,0.501551628112793,4,1,3,zero_shot_paired
57,4,4,6,60,1,1,1,0.5073499083518982,0.5073499083518982,0.49265003204345703,0.5073499083518982,4,1,3,zero_shot_paired
57,5,4,7,60,0,1,0,0.5064305067062378,0.5064305067062378,0.4935694634914398,0.5064305067062378,4,1,3,zero_shot_paired
57,6,4,8,60,0,1,0,0.5048962831497192,0.5048962831497192,0.49510371685028076,0.5048962831497192,4,1,3,zero_shot_paired
57,7,4,10,60,1,1,1,0.5059012174606323,0.5059012174606323,0.4940987527370453,0.5059012174606323,4,1,3,zero_shot_paired
57,8,4,11,60,1,0,0,0.500477135181427,0.500477135181427,0.500477135181427,0.499522864818573,4,1,3,zero_shot_paired
57,9,4,12,60,1,1,1,0.5041845440864563,0.5041845440864563,0.4958154559135437,0.5041845440864563,4,1,3,zero_shot_paired
57,10,4,13,60,1,1,1,0.5025774240493774,0.5025774240493774,0.49742254614830017,0.5025774240493774,4,1,3,zero_shot_paired
57,11,4,14,60,1,1,1,0.5030063390731812,0.5030063390731812,0.49699366092681885,0.5030063390731812,4,1,3,zero_shot_paired
57,12,4,15,60,1,1,1,0.5055660009384155,0.5055660009384155,0.49443402886390686,0.5055660009384155,4,1,3,zero_shot_paired
57,13,4,16,60,0,1,0,0.5012661218643188,0.5012661218643188,0.4987339377403259,0.5012661218643188,4,1,3,zero_shot_paired
57,14,4,17,60,0,1,0,0.5011636018753052,0.5011636018753052,0.49883636832237244,0.5011636018753052,4,1,3,zero_shot_paired
57,0,4,2,60,1,1,1,0.505149781703949,0.505149781703949,0.49485018849372864,0.505149781703949,4,1,3,post_calibration
57,1,4,3,60,0,1,0,0.507462739944458,0.507462739944458,0.4925372302532196,0.507462739944458,4,1,3,post_calibration
57,2,4,4,60,0,1,0,0.5006552934646606,0.5006552934646606,0.49934470653533936,0.5006552934646606,4,1,3,post_calibration
57,3,4,5,60,1,1,1,0.5020734667778015,0.5020734667778015,0.4979265332221985,0.5020734667778015,4,1,3,post_calibration
57,4,4,6,60,1,1,1,0.5081170797348022,0.5081170797348022,0.49188289046287537,0.5081170797348022,4,1,3,post_calibration
57,5,4,7,60,0,1,0,0.5071245431900024,0.5071245431900024,0.4928753972053528,0.5071245431900024,4,1,3,post_calibration
57,6,4,8,60,0,1,0,0.5055980682373047,0.5055980682373047,0.4944019317626953,0.5055980682373047,4,1,3,post_calibration
57,7,4,10,60,1,1,1,0.5068135857582092,0.5068135857582092,0.49318641424179077,0.5068135857582092,4,1,3,post_calibration
57,8,4,11,60,1,1,1,0.5003905892372131,0.5003905892372131,0.4996093809604645,0.5003905892372131,4,1,3,post_calibration
57,9,4,12,60,1,1,1,0.5054523944854736,0.5054523944854736,0.494547575712204,0.5054523944854736,4,1,3,post_calibration
57,10,4,13,60,1,1,1,0.5026114583015442,0.5026114583015442,0.4973885416984558,0.5026114583015442,4,1,3,post_calibration
57,11,4,14,60,1,1,1,0.5034723281860352,0.5034723281860352,0.49652764201164246,0.5034723281860352,4,1,3,post_calibration
57,12,4,15,60,1,1,1,0.5063735842704773,0.5063735842704773,0.4936264455318451,0.5063735842704773,4,1,3,post_calibration
57,13,4,16,60,0,1,0,0.5020638704299927,0.5020638704299927,0.49793606996536255,0.5020638704299927,4,1,3,post_calibration
57,14,4,17,60,0,1,0,0.5018762350082397,0.5018762350082397,0.49812379479408264,0.5018762350082397,4,1,3,post_calibration
58,0,4,0,60,1,0,0,0.502946674823761,0.502946674823761,0.502946674823761,0.497053325176239,4,2,3,zero_shot_paired
58,1,4,1,60,0,0,1,0.5009208917617798,0.5009208917617798,0.5009208917617798,0.4990791082382202,4,2,3,zero_shot_paired
58,2,4,2,60,1,1,1,0.5045331716537476,0.5045331716537476,0.49546682834625244,0.5045331716537476,4,2,3,zero_shot_paired
58,3,4,4,60,0,0,1,0.5002487301826477,0.5002487301826477,0.5002487301826477,0.4997512400150299,4,2,3,zero_shot_paired
58,4,4,5,60,1,1,1,0.501551628112793,0.501551628112793,0.4984484314918518,0.501551628112793,4,2,3,zero_shot_paired
58,5,4,6,60,1,1,1,0.5073499083518982,0.5073499083518982,0.49265003204345703,0.5073499083518982,4,2,3,zero_shot_paired
58,6,4,7,60,0,1,0,0.5064305067062378,0.5064305067062378,0.4935694634914398,0.5064305067062378,4,2,3,zero_shot_paired
58,7,4,9,60,1,1,1,0.5011203289031982,0.5011203289031982,0.49887964129447937,0.5011203289031982,4,2,3,zero_shot_paired
58,8,4,11,60,1,0,0,0.500477135181427,0.500477135181427,0.500477135181427,0.499522864818573,4,2,3,zero_shot_paired
58,9,4,12,60,1,1,1,0.5041845440864563,0.5041845440864563,0.4958154559135437,0.5041845440864563,4,2,3,zero_shot_paired
58,10,4,13,60,1,1,1,0.5025774240493774,0.5025774240493774,0.49742254614830017,0.5025774240493774,4,2,3,zero_shot_paired
58,11,4,14,60,1,1,1,0.5030063390731812,0.5030063390731812,0.49699366092681885,0.5030063390731812,4,2,3,zero_shot_paired
58,12,4,15,60,1,1,1,0.5055660009384155,0.5055660009384155,0.49443402886390686,0.5055660009384155,4,2,3,zero_shot_paired
58,13,4,16,60,0,1,0,0.5012661218643188,0.5012661218643188,0.4987339377403259,0.5012661218643188,4,2,3,zero_shot_paired
58,14,4,17,60,0,1,0,0.5011636018753052,0.5011636018753052,0.49883636832237244,0.5011636018753052,4,2,3,zero_shot_paired
58,0,4,0,60,1,0,0,0.5031070113182068,0.5031070113182068,0.5031070113182068,0.4968930184841156,4,2,3,post_calibration
58,1,4,1,60,0,0,1,0.5020509362220764,0.5020509362220764,0.5020509362220764,0.49794909358024597,4,2,3,post_calibration
58,2,4,2,60,1,1,1,0.5037165880203247,0.5037165880203247,0.4962833821773529,0.5037165880203247,4,2,3,post_calibration
58,3,4,4,60,0,0,1,0.5018222332000732,0.5018222332000732,0.5018222332000732,0.49817779660224915,4,2,3,post_calibration
58,4,4,5,60,1,1,1,0.5006920099258423,0.5006920099258423,0.4993080198764801,0.5006920099258423,4,2,3,post_calibration
58,5,4,6,60,1,1,1,0.5064567923545837,0.5064567923545837,0.49354317784309387,0.5064567923545837,4,2,3,post_calibration
58,6,4,7,60,0,1,0,0.5053735375404358,0.5053735375404358,0.4946264624595642,0.5053735375404358,4,2,3,post_calibration
58,7,4,9,60,1,1,1,0.5008407831192017,0.5008407831192017,0.49915921688079834,0.5008407831192017,4,2,3,post_calibration
58,8,4,11,60,1,0,0,0.5010568499565125,0.5010568499565125,0.5010568499565125,0.49894315004348755,4,2,3,post_calibration
58,9,4,12,60,1,1,1,0.5034790635108948,0.5034790635108948,0.49652090668678284,0.5034790635108948,4,2,3,post_calibration
58,10,4,13,60,1,1,1,0.5020413398742676,0.5020413398742676,0.4979586601257324,0.5020413398742676,4,2,3,post_calibration
58,11,4,14,60,1,1,1,0.502769410610199,0.502769410610199,0.497230589389801,0.502769410610199,4,2,3,post_calibration
58,12,4,15,60,1,1,1,0.5052627325057983,0.5052627325057983,0.49473729729652405,0.5052627325057983,4,2,3,post_calibration
58,13,4,16,60,0,1,0,0.5010985136032104,0.5010985136032104,0.4989014267921448,0.5010985136032104,4,2,3,post_calibration
58,14,4,17,60,0,1,0,0.5006176829338074,0.5006176829338074,0.4993823170661926,0.5006176829338074,4,2,3,post_calibration
59,0,4,0,60,1,0,0,0.502946674823761,0.502946674823761,0.502946674823761,0.497053325176239,4,3,3,zero_shot_paired
59,1,4,1,60,0,0,1,0.5009208917617798,0.5009208917617798,0.5009208917617798,0.4990791082382202,4,3,3,zero_shot_paired
59,2,4,2,60,1,1,1,0.5045331716537476,0.5045331716537476,0.49546682834625244,0.5045331716537476,4,3,3,zero_shot_paired
59,3,4,3,60,0,1,0,0.5067829489707947,0.5067829489707947,0.4932170808315277,0.5067829489707947,4,3,3,zero_shot_paired
59,4,4,4,60,0,0,1,0.5002487301826477,0.5002487301826477,0.5002487301826477,0.4997512400150299,4,3,3,zero_shot_paired
59,5,4,5,60,1,1,1,0.501551628112793,0.501551628112793,0.4984484314918518,0.501551628112793,4,3,3,zero_shot_paired
59,6,4,8,60,0,1,0,0.5048962831497192,0.5048962831497192,0.49510371685028076,0.5048962831497192,4,3,3,zero_shot_paired
59,7,4,9,60,1,1,1,0.5011203289031982,0.5011203289031982,0.49887964129447937,0.5011203289031982,4,3,3,zero_shot_paired
59,8,4,10,60,1,1,1,0.5059012174606323,0.5059012174606323,0.4940987527370453,0.5059012174606323,4,3,3,zero_shot_paired
59,9,4,12,60,1,1,1,0.5041845440864563,0.5041845440864563,0.4958154559135437,0.5041845440864563,4,3,3,zero_shot_paired
59,10,4,13,60,1,1,1,0.5025774240493774,0.5025774240493774,0.49742254614830017,0.5025774240493774,4,3,3,zero_shot_paired
59,11,4,14,60,1,1,1,0.5030063390731812,0.5030063390731812,0.49699366092681885,0.5030063390731812,4,3,3,zero_shot_paired
59,12,4,15,60,1,1,1,0.5055660009384155,0.5055660009384155,0.49443402886390686,0.5055660009384155,4,3,3,zero_shot_paired
59,13,4,16,60,0,1,0,0.5012661218643188,0.5012661218643188,0.4987339377403259,0.5012661218643188,4,3,3,zero_shot_paired
59,14,4,17,60,0,1,0,0.5011636018753052,0.5011636018753052,0.49883636832237244,0.5011636018753052,4,3,3,zero_shot_paired
59,0,4,0,60,1,0,0,0.5019739270210266,0.5019739270210266,0.5019739270210266,0.4980261027812958,4,3,3,post_calibration
59,1,4,1,60,0,0,1,0.5008060932159424,0.5008060932159424,0.5008060932159424,0.4991939067840576,4,3,3,post_calibration
59,2,4,2,60,1,1,1,0.5060041546821594,0.5060041546821594,0.4939958453178406,0.5060041546821594,4,3,3,post_calibration
59,3,4,3,60,0,1,0,0.507810652256012,0.507810652256012,0.49218934774398804,0.507810652256012,4,3,3,post_calibration
59,4,4,4,60,0,1,0,0.5004899501800537,0.5004899501800537,0.4995100796222687,0.5004899501800537,4,3,3,post_calibration
59,5,4,5,60,1,1,1,0.5020928382873535,0.5020928382873535,0.4979071021080017,0.5020928382873535,4,3,3,post_calibration
59,6,4,8,60,0,1,0,0.5054686665534973,0.5054686665534973,0.4945313334465027,0.5054686665534973,4,3,3,post_calibration
59,7,4,9,60,1,1,1,0.5010294318199158,0.5010294318199158,0.49897056818008423,0.5010294318199158,4,3,3,post_calibration
59,8,4,10,60,1,1,1,0.5063996315002441,0.5063996315002441,0.49360033869743347,0.5063996315002441,4,3,3,post_calibration
59,9,4,12,60,1,1,1,0.5049982666969299,0.5049982666969299,0.49500173330307007,0.5049982666969299,4,3,3,post_calibration
59,10,4,13,60,1,1,1,0.5023922920227051,0.5023922920227051,0.49760767817497253,0.5023922920227051,4,3,3,post_calibration
59,11,4,14,60,1,1,1,0.5031712651252747,0.5031712651252747,0.49682873487472534,0.5031712651252747,4,3,3,post_calibration
59,12,4,15,60,1,1,1,0.5062578916549683,0.5062578916549683,0.4937421381473541,0.5062578916549683,4,3,3,post_calibration
59,13,4,16,60,0,1,0,0.5015843510627747,0.5015843510627747,0.49841561913490295,0.5015843510627747,4,3,3,post_calibration
59,14,4,17,60,0,1,0,0.5012102127075195,0.5012102127075195,0.49878981709480286,0.5012102127075195,4,3,3,post_calibration
60,0,4,0,60,1,0,0,0.502946674823761,0.502946674823761,0.502946674823761,0.497053325176239,4,4,3,zero_shot_paired
60,1,4,1,60,0,0,1,0.5009208917617798,0.5009208917617798,0.5009208917617798,0.4990791082382202,4,4,3,zero_shot_paired
60,2,4,2,60,1,1,1,0.5045331716537476,0.5045331716537476,0.49546682834625244,0.5045331716537476,4,4,3,zero_shot_paired
60,3,4,3,60,0,1,0,0.5067829489707947,0.5067829489707947,0.4932170808315277,0.5067829489707947,4,4,3,zero_shot_paired
60,4,4,6,60,1,1,1,0.5073499083518982,0.5073499083518982,0.49265003204345703,0.5073499083518982,4,4,3,zero_shot_paired
60,5,4,7,60,0,1,0,0.5064305067062378,0.5064305067062378,0.4935694634914398,0.5064305067062378,4,4,3,zero_shot_paired
60,6,4,8,60,0,1,0,0.5048962831497192,0.5048962831497192,0.49510371685028076,0.5048962831497192,4,4,3,zero_shot_paired
60,7,4,9,60,1,1,1,0.5011203289031982,0.5011203289031982,0.49887964129447937,0.5011203289031982,4,4,3,zero_shot_paired
60,8,4,10,60,1,1,1,0.5059012174606323,0.5059012174606323,0.4940987527370453,0.5059012174606323,4,4,3,zero_shot_paired
60,9,4,11,60,1,0,0,0.500477135181427,0.500477135181427,0.500477135181427,0.499522864818573,4,4,3,zero_shot_paired
60,10,4,12,60,1,1,1,0.5041845440864563,0.5041845440864563,0.4958154559135437,0.5041845440864563,4,4,3,zero_shot_paired
60,11,4,13,60,1,1,1,0.5025774240493774,0.5025774240493774,0.49742254614830017,0.5025774240493774,4,4,3,zero_shot_paired
60,12,4,14,60,1,1,1,0.5030063390731812,0.5030063390731812,0.49699366092681885,0.5030063390731812,4,4,3,zero_shot_paired
60,13,4,16,60,0,1,0,0.5012661218643188,0.5012661218643188,0.4987339377403259,0.5012661218643188,4,4,3,zero_shot_paired
60,14,4,17,60,0,1,0,0.5011636018753052,0.5011636018753052,0.49883636832237244,0.5011636018753052,4,4,3,zero_shot_paired
60,0,4,0,60,1,0,0,0.5024620294570923,0.5024620294570923,0.5024620294570923,0.49753791093826294,4,4,3,post_calibration
60,1,4,1,60,0,0,1,0.5008299350738525,0.5008299350738525,0.5008299350738525,0.49917009472846985,4,4,3,post_calibration
60,2,4,2,60,1,1,1,0.5045941472053528,0.5045941472053528,0.495405912399292,0.5045941472053528,4,4,3,post_calibration
60,3,4,3,60,0,1,0,0.5070396661758423,0.5070396661758423,0.4929603636264801,0.5070396661758423,4,4,3,post_calibration
60,4,4,6,60,1,1,1,0.5074012279510498,0.5074012279510498,0.4925988018512726,0.5074012279510498,4,4,3,post_calibration
60,5,4,7,60,0,1,0,0.5063230991363525,0.5063230991363525,0.49367690086364746,0.5063230991363525,4,4,3,post_calibration
60,6,4,8,60,0,1,0,0.5047590136528015,0.5047590136528015,0.4952409565448761,0.5047590136528015,4,4,3,post_calibration
60,7,4,9,60,1,1,1,0.5010311007499695,0.5010311007499695,0.4989688992500305,0.5010311007499695,4,4,3,post_calibration
60,8,4,10,60,1,1,1,0.5060179829597473,0.5060179829597473,0.4939819872379303,0.5060179829597473,4,4,3,post_calibration
60,9,4,11,60,1,1,1,0.5000050067901611,0.5000050067901611,0.4999949634075165,0.5000050067901611,4,4,3,post_calibration
60,10,4,12,60,1,1,1,0.5044237375259399,0.5044237375259399,0.49557629227638245,0.5044237375259399,4,4,3,post_calibration
60,11,4,13,60,1,1,1,0.5028791427612305,0.5028791427612305,0.49712085723876953,0.5028791427612305,4,4,3,post_calibration
60,12,4,14,60,1,1,1,0.5037570595741272,0.5037570595741272,0.4962429404258728,0.5037570595741272,4,4,3,post_calibration
60,13,4,16,60,0,1,0,0.5016648769378662,0.5016648769378662,0.4983351230621338,0.5016648769378662,4,4,3,post_calibration
60,14,4,17,60,0,1,0,0.5013833045959473,0.5013833045959473,0.4986167252063751,0.5013833045959473,4,4,3,post_calibration
61,0,4,0,60,1,0,0,0.502946674823761,0.502946674823761,0.502946674823761,0.497053325176239,4,5,3,zero_shot_paired
61,1,4,1,60,0,0,1,0.5009208917617798,0.5009208917617798,0.5009208917617798,0.4990791082382202,4,5,3,zero_shot_paired
61,2,4,3,60,0,1,0,0.5067829489707947,0.5067829489707947,0.4932170808315277,0.5067829489707947,4,5,3,zero_shot_paired
61,3,4,4,60,0,0,1,0.5002487301826477,0.5002487301826477,0.5002487301826477,0.4997512400150299,4,5,3,zero_shot_paired
61,4,4,5,60,1,1,1,0.501551628112793,0.501551628112793,0.4984484314918518,0.501551628112793,4,5,3,zero_shot_paired
61,5,4,6,60,1,1,1,0.5073499083518982,0.5073499083518982,0.49265003204345703,0.5073499083518982,4,5,3,zero_shot_paired
61,6,4,7,60,0,1,0,0.5064305067062378,0.5064305067062378,0.4935694634914398,0.5064305067062378,4,5,3,zero_shot_paired
61,7,4,8,60,0,1,0,0.5048962831497192,0.5048962831497192,0.49510371685028076,0.5048962831497192,4,5,3,zero_shot_paired
61,8,4,9,60,1,1,1,0.5011203289031982,0.5011203289031982,0.49887964129447937,0.5011203289031982,4,5,3,zero_shot_paired
61,9,4,10,60,1,1,1,0.5059012174606323,0.5059012174606323,0.4940987527370453,0.5059012174606323,4,5,3,zero_shot_paired
61,10,4,11,60,1,0,0,0.500477135181427,0.500477135181427,0.500477135181427,0.499522864818573,4,5,3,zero_shot_paired
61,11,4,12,60,1,1,1,0.5041845440864563,0.5041845440864563,0.4958154559135437,0.5041845440864563,4,5,3,zero_shot_paired
61,12,4,13,60,1,1,1,0.5025774240493774,0.5025774240493774,0.49742254614830017,0.5025774240493774,4,5,3,zero_shot_paired
61,13,4,15,60,1,1,1,0.5055660009384155,0.5055660009384155,0.49443402886390686,0.5055660009384155,4,5,3,zero_shot_paired
61,14,4,17,60,0,1,0,0.5011636018753052,0.5011636018753052,0.49883636832237244,0.5011636018753052,4,5,3,zero_shot_paired
61,0,4,0,60,1,0,0,0.5032464265823364,0.5032464265823364,0.5032464265823364,0.4967535734176636,4,5,3,post_calibration
61,1,4,1,60,0,1,0,0.5001153349876404,0.5001153349876404,0.4998846650123596,0.5001153349876404,4,5,3,post_calibration
61,2,4,3,60,0,1,0,0.507986843585968,0.507986843585968,0.492013156414032,0.507986843585968,4,5,3,post_calibration
61,3,4,4,60,0,1,0,0.5001965165138245,0.5001965165138245,0.49980348348617554,0.5001965165138245,4,5,3,post_calibration
61,4,4,5,60,1,1,1,0.5018786787986755,0.5018786787986755,0.49812135100364685,0.5018786787986755,4,5,3,post_calibration
61,5,4,6,60,1,1,1,0.5092622637748718,0.5092622637748718,0.4907376766204834,0.5092622637748718,4,5,3,post_calibration
61,6,4,7,60,0,1,0,0.5079947113990784,0.5079947113990784,0.49200528860092163,0.5079947113990784,4,5,3,post_calibration
61,7,4,8,60,0,1,0,0.505596399307251,0.505596399307251,0.49440354108810425,0.505596399307251,4,5,3,post_calibration
61,8,4,9,60,1,1,1,0.5011116862297058,0.5011116862297058,0.4988883137702942,0.5011116862297058,4,5,3,post_calibration
61,9,4,10,60,1,1,1,0.5064172148704529,0.5064172148704529,0.4935827851295471,0.5064172148704529,4,5,3,post_calibration
61,10,4,11,60,1,0,0,0.5001824498176575,0.5001824498176575,0.5001824498176575,0.4998175799846649,4,5,3,post_calibration
61,11,4,12,60,1,1,1,0.504271388053894,0.504271388053894,0.49572864174842834,0.504271388053894,4,5,3,post_calibration
61,12,4,13,60,1,1,1,0.5024372935295105,0.5024372935295105,0.4975627064704895,0.5024372935295105,4,5,3,post_calibration
61,13,4,15,60,1,1,1,0.5064594745635986,0.5064594745635986,0.493540495634079,0.5064594745635986,4,5,3,post_calibration
61,14,4,17,60,0,1,0,0.5011031627655029,0.5011031627655029,0.49889683723449707,0.5011031627655029,4,5,3,post_calibration
62,0,4,0,60,1,0,0,0.502946674823761,0.502946674823761,0.502946674823761,0.497053325176239,4,6,3,zero_shot_paired
62,1,4,1,60,0,0,1,0.5009208917617798,0.5009208917617798,0.5009208917617798,0.4990791082382202,4,6,3,zero_shot_paired
62,2,4,2,60,1,1,1,0.5045331716537476,0.5045331716537476,0.49546682834625244,0.5045331716537476,4,6,3,zero_shot_paired
62,3,4,3,60,0,1,0,0.5067829489707947,0.5067829489707947,0.4932170808315277,0.5067829489707947,4,6,3,zero_shot_paired
62,4,4,4,60,0,0,1,0.5002487301826477,0.5002487301826477,0.5002487301826477,0.4997512400150299,4,6,3,zero_shot_paired
62,5,4,5,60,1,1,1,0.501551628112793,0.501551628112793,0.4984484314918518,0.501551628112793,4,6,3,zero_shot_paired
62,6,4,6,60,1,1,1,0.5073499083518982,0.5073499083518982,0.49265003204345703,0.5073499083518982,4,6,3,zero_shot_paired
62,7,4,7,60,0,1,0,0.5064305067062378,0.5064305067062378,0.4935694634914398,0.5064305067062378,4,6,3,zero_shot_paired
62,8,4,8,60,0,1,0,0.5048962831497192,0.5048962831497192,0.49510371685028076,0.5048962831497192,4,6,3,zero_shot_paired
62,9,4,9,60,1,1,1,0.5011203289031982,0.5011203289031982,0.49887964129447937,0.5011203289031982,4,6,3,zero_shot_paired
62,10,4,10,60,1,1,1,0.5059012174606323,0.5059012174606323,0.4940987527370453,0.5059012174606323,4,6,3,zero_shot_paired
62,11,4,11,60,1,0,0,0.500477135181427,0.500477135181427,0.500477135181427,0.499522864818573,4,6,3,zero_shot_paired
62,12,4,14,60,1,1,1,0.5030063390731812,0.5030063390731812,0.49699366092681885,0.5030063390731812,4,6,3,zero_shot_paired
62,13,4,15,60,1,1,1,0.5055660009384155,0.5055660009384155,0.49443402886390686,0.5055660009384155,4,6,3,zero_shot_paired
62,14,4,16,60,0,1,0,0.5012661218643188,0.5012661218643188,0.4987339377403259,0.5012661218643188,4,6,3,zero_shot_paired
62,0,4,0,60,1,0,0,0.5020104646682739,0.5020104646682739,0.5020104646682739,0.4979895055294037,4,6,3,post_calibration
62,1,4,1,60,0,0,1,0.5001991987228394,0.5001991987228394,0.5001991987228394,0.49980077147483826,4,6,3,post_calibration
62,2,4,2,60,1,1,1,0.5055069923400879,0.5055069923400879,0.4944930076599121,0.5055069923400879,4,6,3,post_calibration
62,3,4,3,60,0,1,0,0.5079784393310547,0.5079784393310547,0.4920215606689453,0.5079784393310547,4,6,3,post_calibration
62,4,4,4,60,0,1,0,0.5005382895469666,0.5005382895469666,0.49946174025535583,0.5005382895469666,4,6,3,post_calibration
62,5,4,5,60,1,1,1,0.5019500851631165,0.5019500851631165,0.49804991483688354,0.5019500851631165,4,6,3,post_calibration
62,6,4,6,60,1,1,1,0.508455753326416,0.508455753326416,0.49154427647590637,0.508455753326416,4,6,3,post_calibration
62,7,4,7,60,0,1,0,0.5075090527534485,0.5075090527534485,0.4924909770488739,0.5075090527534485,4,6,3,post_calibration
62,8,4,8,60,0,1,0,0.5059118866920471,0.5059118866920471,0.49408814311027527,0.5059118866920471,4,6,3,post_calibration
62,9,4,9,60,1,1,1,0.5022614598274231,0.5022614598274231,0.4977385103702545,0.5022614598274231,4,6,3,post_calibration
62,10,4,10,60,1,1,1,0.5065726041793823,0.5065726041793823,0.4934273958206177,0.5065726041793823,4,6,3,post_calibration
62,11,4,11,60,1,1,1,0.5002546906471252,0.5002546906471252,0.49974533915519714,0.5002546906471252,4,6,3,post_calibration
62,12,4,14,60,1,1,1,0.5034142136573792,0.5034142136573792,0.49658575654029846,0.5034142136573792,4,6,3,post_calibration
62,13,4,15,60,1,1,1,0.5063905119895935,0.5063905119895935,0.4936095178127289,0.5063905119895935,4,6,3,post_calibration
62,14,4,16,60,0,1,0,0.5021708607673645,0.5021708607673645,0.4978291094303131,0.5021708607673645,4,6,3,post_calibration
63,0,4,0,60,1,0,0,0.502946674823761,0.502946674823761,0.502946674823761,0.497053325176239,4,1,6,zero_shot_paired
63,1,4,1,60,0,0,1,0.5009208917617798,0.5009208917617798,0.5009208917617798,0.4990791082382202,4,1,6,zero_shot_paired
63,2,4,4,60,0,0,1,0.5002487301826477,0.5002487301826477,0.5002487301826477,0.4997512400150299,4,1,6,zero_shot_paired
63,3,4,6,60,1,1,1,0.5073499083518982,0.5073499083518982,0.49265003204345703,0.5073499083518982,4,1,6,zero_shot_paired
63,4,4,7,60,0,1,0,0.5064305067062378,0.5064305067062378,0.4935694634914398,0.5064305067062378,4,1,6,zero_shot_paired
63,5,4,9,60,1,1,1,0.5011203289031982,0.5011203289031982,0.49887964129447937,0.5011203289031982,4,1,6,zero_shot_paired
63,6,4,10,60,1,1,1,0.5059012174606323,0.5059012174606323,0.4940987527370453,0.5059012174606323,4,1,6,zero_shot_paired
63,7,4,11,60,1,0,0,0.500477135181427,0.500477135181427,0.500477135181427,0.499522864818573,4,1,6,zero_shot_paired
63,8,4,13,60,1,1,1,0.5025774240493774,0.5025774240493774,0.49742254614830017,0.5025774240493774,4,1,6,zero_shot_paired
63,9,4,14,60,1,1,1,0.5030063390731812,0.5030063390731812,0.49699366092681885,0.5030063390731812,4,1,6,zero_shot_paired
63,10,4,15,60,1,1,1,0.5055660009384155,0.5055660009384155,0.49443402886390686,0.5055660009384155,4,1,6,zero_shot_paired
63,11,4,17,60,0,1,0,0.5011636018753052,0.5011636018753052,0.49883636832237244,0.5011636018753052,4,1,6,zero_shot_paired
63,0,4,0,60,1,0,0,0.5028015971183777,0.5028015971183777,0.5028015971183777,0.4971983730792999,4,1,6,post_calibration
63,1,4,1,60,0,0,1,0.5014246106147766,0.5014246106147766,0.5014246106147766,0.498575359582901,4,1,6,post_calibration
63,2,4,4,60,0,0,1,0.5004248023033142,0.5004248023033142,0.5004248023033142,0.4995752274990082,4,1,6,post_calibration
63,3,4,6,60,1,1,1,0.5070737600326538,0.5070737600326538,0.4929262399673462,0.5070737600326538,4,1,6,post_calibration
63,4,4,7,60,0,1,0,0.5061335563659668,0.5061335563659668,0.4938664734363556,0.5061335563659668,4,1,6,post_calibration
63,5,4,9,60,1,1,1,0.501334011554718,0.501334011554718,0.49866601824760437,0.501334011554718,4,1,6,post_calibration
63,6,4,10,60,1,1,1,0.5055782794952393,0.5055782794952393,0.49442175030708313,0.5055782794952393,4,1,6,post_calibration
63,7,4,11,60,1,0,0,0.5001921653747559,0.5001921653747559,0.5001921653747559,0.49980786442756653,4,1,6,post_calibration
63,8,4,13,60,1,1,1,0.5019316077232361,0.5019316077232361,0.4980684518814087,0.5019316077232361,4,1,6,post_calibration
63,9,4,14,60,1,1,1,0.5029941201210022,0.5029941201210022,0.4970059096813202,0.5029941201210022,4,1,6,post_calibration
63,10,4,15,60,1,1,1,0.5053843259811401,0.5053843259811401,0.49461567401885986,0.5053843259811401,4,1,6,post_calibration
63,11,4,17,60,0,1,0,0.5010361671447754,0.5010361671447754,0.4989638030529022,0.5010361671447754,4,1,6,post_calibration
64,0,4,2,60,1,1,1,0.5045331716537476,0.5045331716537476,0.49546682834625244,0.5045331716537476,4,2,6,zero_shot_paired
64,1,4,3,60,0,1,0,0.5067829489707947,0.5067829489707947,0.4932170808315277,0.5067829489707947,4,2,6,zero_shot_paired
64,2,4,4,60,0,0,1,0.5002487301826477,0.5002487301826477,0.5002487301826477,0.4997512400150299,4,2,6,zero_shot_paired
64,3,4,5,60,1,1,1,0.501551628112793,0.501551628112793,0.4984484314918518,0.501551628112793,4,2,6,zero_shot_paired
64,4,4,6,60,1,1,1,0.5073499083518982,0.5073499083518982,0.49265003204345703,0.5073499083518982,4,2,6,zero_shot_paired
64,5,4,8,60,0,1,0,0.5048962831497192,0.5048962831497192,0.49510371685028076,0.5048962831497192,4,2,6,zero_shot_paired
64,6,4,9,60,1,1,1,0.5011203289031982,0.5011203289031982,0.49887964129447937,0.5011203289031982,4,2,6,zero_shot_paired
64,7,4,11,60,1,0,0,0.500477135181427,0.500477135181427,0.500477135181427,0.499522864818573,4,2,6,zero_shot_paired
64,8,4,12,60,1,1,1,0.5041845440864563,0.5041845440864563,0.4958154559135437,0.5041845440864563,4,2,6,zero_shot_paired
64,9,4,13,60,1,1,1,0.5025774240493774,0.5025774240493774,0.49742254614830017,0.5025774240493774,4,2,6,zero_shot_paired
64,10,4,16,60,0,1,0,0.5012661218643188,0.5012661218643188,0.4987339377403259,0.5012661218643188,4,2,6,zero_shot_paired
64,11,4,17,60,0,1,0,0.5011636018753052,0.5011636018753052,0.49883636832237244,0.5011636018753052,4,2,6,zero_shot_paired
64,0,4,2,60,1,1,1,0.504859983921051,0.504859983921051,0.49514004588127136,0.504859983921051,4,2,6,post_calibration
64,1,4,3,60,0,1,0,0.5072047710418701,0.5072047710418701,0.4927951991558075,0.5072047710418701,4,2,6,post_calibration
64,2,4,4,60,0,0,1,0.5002385973930359,0.5002385973930359,0.5002385973930359,0.4997613728046417,4,2,6,post_calibration
64,3,4,5,60,1,1,1,0.5019727945327759,0.5019727945327759,0.4980272352695465,0.5019727945327759,4,2,6,post_calibration
64,4,4,6,60,1,1,1,0.5078867077827454,0.5078867077827454,0.49211329221725464,0.5078867077827454,4,2,6,post_calibration
64,5,4,8,60,0,1,0,0.5050426125526428,0.5050426125526428,0.49495741724967957,0.5050426125526428,4,2,6,post_calibration
64,6,4,9,60,1,1,1,0.501458466053009,0.501458466053009,0.49854153394699097,0.501458466053009,4,2,6,post_calibration
64,7,4,11,60,1,1,1,0.5004635453224182,0.5004635453224182,0.4995364546775818,0.5004635453224182,4,2,6,post_calibration
64,8,4,12,60,1,1,1,0.5048760771751404,0.5048760771751404,0.49512389302253723,0.5048760771751404,4,2,6,post_calibration
64,9,4,13,60,1,1,1,0.502246081829071,0.502246081829071,0.49775391817092896,0.502246081829071,4,2,6,post_calibration
64,10,4,16,60,0,1,0,0.5020666122436523,0.5020666122436523,0.49793338775634766,0.5020666122436523,4,2,6,post_calibration
64,11,4,17,60,0,1,0,0.501020073890686,0.501020073890686,0.49897992610931396,0.501020073890686,4,2,6,post_calibration
65,0,4,0,60,1,0,0,0.502946674823761,0.502946674823761,0.502946674823761,0.497053325176239,4,3,6,zero_shot_paired
65,1,4,1,60,0,0,1,0.5009208917617798,0.5009208917617798,0.5009208917617798,0.4990791082382202,4,3,6,zero_shot_paired
65,2,4,2,60,1,1,1,0.5045331716537476,0.5045331716537476,0.49546682834625244,0.5045331716537476,4,3,6,zero_shot_paired
65,3,4,3,60,0,1,0,0.5067829489707947,0.5067829489707947,0.4932170808315277,0.5067829489707947,4,3,6,zero_shot_paired
65,4,4,5,60,1,1,1,0.501551628112793,0.501551628112793,0.4984484314918518,0.501551628112793,4,3,6,zero_shot_paired
65,5,4,7,60,0,1,0,0.5064305067062378,0.5064305067062378,0.4935694634914398,0.5064305067062378,4,3,6,zero_shot_paired
65,6,4,8,60,0,1,0,0.5048962831497192,0.5048962831497192,0.49510371685028076,0.5048962831497192,4,3,6,zero_shot_paired
65,7,4,10,60,1,1,1,0.5059012174606323,0.5059012174606323,0.4940987527370453,0.5059012174606323,4,3,6,zero_shot_paired
65,8,4,12,60,1,1,1,0.5041845440864563,0.5041845440864563,0.4958154559135437,0.5041845440864563,4,3,6,zero_shot_paired
65,9,4,14,60,1,1,1,0.5030063390731812,0.5030063390731812,0.49699366092681885,0.5030063390731812,4,3,6,zero_shot_paired
65,10,4,15,60,1,1,1,0.5055660009384155,0.5055660009384155,0.49443402886390686,0.5055660009384155,4,3,6,zero_shot_paired
65,11,4,16,60,0,1,0,0.5012661218643188,0.5012661218643188,0.4987339377403259,0.5012661218643188,4,3,6,zero_shot_paired
65,0,4,0,60,1,0,0,0.5024178624153137,0.5024178624153137,0.5024178624153137,0.4975821375846863,4,3,6,post_calibration
65,1,4,1,60,0,0,1,0.5003407597541809,0.5003407597541809,0.5003407597541809,0.4996592402458191,4,3,6,post_calibration
65,2,4,2,60,1,1,1,0.5050612092018127,0.5050612092018127,0.49493882060050964,0.5050612092018127,4,3,6,post_calibration
65,3,4,3,60,0,1,0,0.5077598094940186,0.5077598094940186,0.49224022030830383,0.5077598094940186,4,3,6,post_calibration
65,4,4,5,60,1,1,1,0.5016742944717407,0.5016742944717407,0.4983257055282593,0.5016742944717407,4,3,6,post_calibration
65,5,4,7,60,0,1,0,0.5070834755897522,0.5070834755897522,0.4929165244102478,0.5070834755897522,4,3,6,post_calibration
65,6,4,8,60,0,1,0,0.5050510168075562,0.5050510168075562,0.49494898319244385,0.5050510168075562,4,3,6,post_calibration
65,7,4,10,60,1,1,1,0.5059293508529663,0.5059293508529663,0.4940706193447113,0.5059293508529663,4,3,6,post_calibration
65,8,4,12,60,1,1,1,0.5050204992294312,0.5050204992294312,0.49497950077056885,0.5050204992294312,4,3,6,post_calibration
65,9,4,14,60,1,1,1,0.5034081935882568,0.5034081935882568,0.4965917766094208,0.5034081935882568,4,3,6,post_calibration
65,10,4,15,60,1,1,1,0.5057660341262817,0.5057660341262817,0.4942339360713959,0.5057660341262817,4,3,6,post_calibration
65,11,4,16,60,0,1,0,0.5018115043640137,0.5018115043640137,0.49818849563598633,0.5018115043640137,4,3,6,post_calibration
66,0,4,0,60,1,0,0,0.5029466152191162,0.5029466152191162,0.5029466152191162,0.4970534145832062,4,1,9,zero_shot_paired
66,1,4,2,60,1,1,1,0.5045331716537476,0.5045331716537476,0.49546682834625244,0.5045331716537476,4,1,9,zero_shot_paired
66,2,4,4,60,0,0,1,0.5002487897872925,0.5002487897872925,0.5002487897872925,0.4997512400150299,4,1,9,zero_shot_paired
66,3,4,5,60,1,1,1,0.5015516877174377,0.5015516877174377,0.49844837188720703,0.5015516877174377,4,1,9,zero_shot_paired
66,4,4,8,60,0,1,0,0.5048962831497192,0.5048962831497192,0.49510371685028076,0.5048962831497192,4,1,9,zero_shot_paired
66,5,4,9,60,1,1,1,0.501120388507843,0.501120388507843,0.49887964129447937,0.501120388507843,4,1,9,zero_shot_paired
66,6,4,10,60,1,1,1,0.5059013366699219,0.5059013366699219,0.49409863352775574,0.5059013366699219,4,1,9,zero_shot_paired
66,7,4,16,60,0,1,0,0.5012661218643188,0.5012661218643188,0.49873387813568115,0.5012661218643188,4,1,9,zero_shot_paired
66,8,4,17,60,0,1,0,0.5011636018753052,0.5011636018753052,0.49883636832237244,0.5011636018753052,4,1,9,zero_shot_paired
66,0,4,0,60,1,0,0,0.5006300806999207,0.5006300806999207,0.5006300806999207,0.49936988949775696,4,1,9,post_calibration
66,1,4,2,60,1,1,1,0.5066450238227844,0.5066450238227844,0.4933549463748932,0.5066450238227844,4,1,9,post_calibration
66,2,4,4,60,0,1,0,0.5014350414276123,0.5014350414276123,0.4985649287700653,0.5014350414276123,4,1,9,post_calibration
66,3,4,5,60,1,1,1,0.5029763579368591,0.5029763579368591,0.4970235824584961,0.5029763579368591,4,1,9,post_calibration
66,4,4,8,60,0,1,0,0.5063624978065491,0.5063624978065491,0.49363744258880615,0.5063624978065491,4,1,9,post_calibration
66,5,4,9,60,1,1,1,0.5019304156303406,0.5019304156303406,0.4980695843696594,0.5019304156303406,4,1,9,post_calibration
66,6,4,10,60,1,1,1,0.5076166391372681,0.5076166391372681,0.49238333106040955,0.5076166391372681,4,1,9,post_calibration
66,7,4,16,60,0,1,0,0.5026259422302246,0.5026259422302246,0.4973740875720978,0.5026259422302246,4,1,9,post_calibration
66,8,4,17,60,0,1,0,0.5032256245613098,0.5032256245613098,0.4967743754386902,0.5032256245613098,4,1,9,post_calibration
67,0,4,1,60,0,0,1,0.5009209513664246,0.5009209513664246,0.5009209513664246,0.49907901883125305,4,2,9,zero_shot_paired
67,1,4,3,60,0,1,0,0.5067830681800842,0.5067830681800842,0.49321696162223816,0.5067830681800842,4,2,9,zero_shot_paired
67,2,4,6,60,1,1,1,0.5073499083518982,0.5073499083518982,0.4926500618457794,0.5073499083518982,4,2,9,zero_shot_paired
67,3,4,7,60,0,1,0,0.5064305663108826,0.5064305663108826,0.49356940388679504,0.5064305663108826,4,2,9,zero_shot_paired
67,4,4,11,60,1,0,0,0.5004771947860718,0.5004771947860718,0.5004771947860718,0.4995228052139282,4,2,9,zero_shot_paired
67,5,4,12,60,1,1,1,0.5041843056678772,0.5041843056678772,0.4958156943321228,0.5041843056678772,4,2,9,zero_shot_paired
67,6,4,13,60,1,1,1,0.5025773644447327,0.5025773644447327,0.49742260575294495,0.5025773644447327,4,2,9,zero_shot_paired
67,7,4,14,60,1,1,1,0.503006637096405,0.503006637096405,0.49699336290359497,0.503006637096405,4,2,9,zero_shot_paired
67,8,4,15,60,1,1,1,0.5055660009384155,0.5055660009384155,0.4944339990615845,0.5055660009384155,4,2,9,zero_shot_paired
67,0,4,1,60,0,0,1,0.5004298686981201,0.5004298686981201,0.5004298686981201,0.49957016110420227,4,2,9,post_calibration
67,1,4,3,60,0,1,0,0.507875919342041,0.507875919342041,0.4921240508556366,0.507875919342041,4,2,9,post_calibration
67,2,4,6,60,1,1,1,0.5087456703186035,0.5087456703186035,0.4912542700767517,0.5087456703186035,4,2,9,post_calibration
67,3,4,7,60,0,1,0,0.5065335035324097,0.5065335035324097,0.49346646666526794,0.5065335035324097,4,2,9,post_calibration
67,4,4,11,60,1,1,1,0.500366747379303,0.500366747379303,0.499633252620697,0.500366747379303,4,2,9,post_calibration
67,5,4,12,60,1,1,1,0.505153238773346,0.505153238773346,0.49484679102897644,0.505153238773346,4,2,9,post_calibration
67,6,4,13,60,1,1,1,0.5021460652351379,0.5021460652351379,0.4978539049625397,0.5021460652351379,4,2,9,post_calibration
67,7,4,14,60,1,1,1,0.5033594369888306,0.5033594369888306,0.4966405928134918,0.5033594369888306,4,2,9,post_calibration
67,8,4,15,60,1,1,1,0.5062294602394104,0.5062294602394104,0.493770569562912,0.5062294602394104,4,2,9,post_calibration
68,0,4,2,60,1,1,1,0.5045294165611267,0.5045294165611267,0.4954706132411957,0.5045294165611267,4,1,12,zero_shot_paired
68,1,4,3,60,0,1,0,0.5067808628082275,0.5067808628082275,0.4932191073894501,0.5067808628082275,4,1,12,zero_shot_paired
68,2,4,5,60,1,1,1,0.5015503168106079,0.5015503168106079,0.4984496235847473,0.5015503168106079,4,1,12,zero_shot_paired
68,3,4,13,60,1,1,1,0.5025762319564819,0.5025762319564819,0.49742382764816284,0.5025762319564819,4,1,12,zero_shot_paired
68,4,4,15,60,1,1,1,0.5055645108222961,0.5055645108222961,0.49443548917770386,0.5055645108222961,4,1,12,zero_shot_paired
68,5,4,16,60,0,1,0,0.5012668967247009,0.5012668967247009,0.49873316287994385,0.5012668967247009,4,1,12,zero_shot_paired
68,0,4,2,60,1,1,1,0.5048625469207764,0.5048625469207764,0.49513745307922363,0.5048625469207764,4,1,12,post_calibration
68,1,4,3,60,0,1,0,0.5082678198814392,0.5082678198814392,0.4917321801185608,0.5082678198814392,4,1,12,post_calibration
68,2,4,5,60,1,1,1,0.5018168091773987,0.5018168091773987,0.4981831908226013,0.5018168091773987,4,1,12,post_calibration
68,3,4,13,60,1,1,1,0.5017800331115723,0.5017800331115723,0.49821993708610535,0.5017800331115723,4,1,12,post_calibration
68,4,4,15,60,1,1,1,0.5064002871513367,0.5064002871513367,0.4935997426509857,0.5064002871513367,4,1,12,post_calibration
68,5,4,16,60,0,1,0,0.5029225945472717,0.5029225945472717,0.49707740545272827,0.5029225945472717,4,1,12,post_calibration
69,0,4,3,60,0,1,0,0.5067808628082275,0.5067808628082275,0.4932191073894501,0.5067808628082275,4,2,12,zero_shot_paired
69,1,4,10,60,1,1,1,0.5058996081352234,0.5058996081352234,0.4941003918647766,0.5058996081352234,4,2,12,zero_shot_paired
69,2,4,11,60,1,0,0,0.5004783272743225,0.5004783272743225,0.5004783272743225,0.4995216727256775,4,2,12,zero_shot_paired
69,3,4,14,60,1,1,1,0.5030074715614319,0.5030074715614319,0.4969925582408905,0.5030074715614319,4,2,12,zero_shot_paired
69,4,4,15,60,1,1,1,0.5055645108222961,0.5055645108222961,0.49443548917770386,0.5055645108222961,4,2,12,zero_shot_paired
69,5,4,17,60,0,1,0,0.5011623501777649,0.5011623501777649,0.4988376498222351,0.5011623501777649,4,2,12,zero_shot_paired
69,0,4,3,60,0,1,0,0.5100831985473633,0.5100831985473633,0.4899168312549591,0.5100831985473633,4,2,12,post_calibration
69,1,4,10,60,1,1,1,0.5062857270240784,0.5062857270240784,0.49371427297592163,0.5062857270240784,4,2,12,post_calibration
69,2,4,11,60,1,0,0,0.5001701712608337,0.5001701712608337,0.5001701712608337,0.49982979893684387,4,2,12,post_calibration
69,3,4,14,60,1,1,1,0.5033027529716492,0.5033027529716492,0.49669724702835083,0.5033027529716492,4,2,12,post_calibration
69,4,4,15,60,1,1,1,0.5061966180801392,0.5061966180801392,0.4938034415245056,0.5061966180801392,4,2,12,post_calibration
69,5,4,17,60,0,1,0,0.5017239451408386,0.5017239451408386,0.4982759952545166,0.5017239451408386,4,2,12,post_calibration
70,0,4,2,60,1,1,1,0.5045294165611267,0.5045294165611267,0.4954706132411957,0.5045294165611267,4,3,12,zero_shot_paired
70,1,4,4,60,0,0,1,0.5002484917640686,0.5002484917640686,0.5002484917640686,0.4997515082359314,4,3,12,zero_shot_paired
70,2,4,8,60,0,1,0,0.5048943758010864,0.5048943758010864,0.4951056241989136,0.5048943758010864,4,3,12,zero_shot_paired
70,3,4,10,60,1,1,1,0.5058996081352234,0.5058996081352234,0.4941003918647766,0.5058996081352234,4,3,12,zero_shot_paired
70,4,4,13,60,1,1,1,0.5025762319564819,0.5025762319564819,0.49742382764816284,0.5025762319564819,4,3,12,zero_shot_paired
70,5,4,15,60,1,1,1,0.5055645108222961,0.5055645108222961,0.49443548917770386,0.5055645108222961,4,3,12,zero_shot_paired
70,0,4,2,60,1,1,1,0.5049744248390198,0.5049744248390198,0.4950255751609802,0.5049744248390198,4,3,12,post_calibration
70,1,4,4,60,0,1,0,0.5002465844154358,0.5002465844154358,0.4997533857822418,0.5002465844154358,4,3,12,post_calibration
70,2,4,8,60,0,1,0,0.5055842995643616,0.5055842995643616,0.4944157004356384,0.5055842995643616,4,3,12,post_calibration
70,3,4,10,60,1,1,1,0.5056245923042297,0.5056245923042297,0.49437543749809265,0.5056245923042297,4,3,12,post_calibration
70,4,4,13,60,1,1,1,0.5015498995780945,0.5015498995780945,0.49845004081726074,0.5015498995780945,4,3,12,post_calibration
70,5,4,15,60,1,1,1,0.506535530090332,0.506535530090332,0.49346449971199036,0.506535530090332,4,3,12,post_calibration
6,0,5,0,60,1,0,0,0.5095180869102478,0.5095180869102478,0.5095180869102478,0.4904819130897522,5,,,zero_shot_all_trials
6,1,5,1,60,1,0,0,0.5080642104148865,0.5080642104148865,0.5080642104148865,0.49193575978279114,5,,,zero_shot_all_trials
6,2,5,2,60,1,0,0,0.5064042210578918,0.5064042210578918,0.5064042210578918,0.49359577894210815,5,,,zero_shot_all_trials
6,3,5,3,60,0,0,1,0.5130411982536316,0.5130411982536316,0.5130411982536316,0.4869588017463684,5,,,zero_shot_all_trials
6,4,5,4,60,1,0,0,0.5057477355003357,0.5057477355003357,0.5057477355003357,0.4942522943019867,5,,,zero_shot_all_trials
6,5,5,5,60,0,0,1,0.5054541230201721,0.5054541230201721,0.5054541230201721,0.4945458769798279,5,,,zero_shot_all_trials
6,6,5,6,60,1,0,0,0.5060952305793762,0.5060952305793762,0.5060952305793762,0.49390479922294617,5,,,zero_shot_all_trials
6,7,5,7,60,0,0,1,0.5077677369117737,0.5077677369117737,0.5077677369117737,0.4922323226928711,5,,,zero_shot_all_trials
6,8,5,8,60,0,0,1,0.5096805691719055,0.5096805691719055,0.5096805691719055,0.4903194010257721,5,,,zero_shot_all_trials
6,9,5,9,60,1,0,0,0.507483184337616,0.507483184337616,0.507483184337616,0.49251678586006165,5,,,zero_shot_all_trials
6,10,5,10,60,1,0,0,0.5031778216362,0.5031778216362,0.5031778216362,0.49682217836380005,5,,,zero_shot_all_trials
6,11,5,11,60,1,0,0,0.5075832009315491,0.5075832009315491,0.5075832009315491,0.4924167990684509,5,,,zero_shot_all_trials
6,12,5,12,60,1,0,0,0.506776750087738,0.506776750087738,0.506776750087738,0.49322324991226196,5,,,zero_shot_all_trials
6,13,5,13,60,0,0,1,0.5093349814414978,0.5093349814414978,0.5093349814414978,0.4906650185585022,5,,,zero_shot_all_trials
6,14,5,14,60,1,0,0,0.5015354752540588,0.5015354752540588,0.5015354752540588,0.4984644949436188,5,,,zero_shot_all_trials
6,15,5,15,60,1,0,0,0.5062005519866943,0.5062005519866943,0.5062005519866943,0.49379944801330566,5,,,zero_shot_all_trials
6,16,5,16,60,0,0,1,0.5096299052238464,0.5096299052238464,0.5096299052238464,0.49037012457847595,5,,,zero_shot_all_trials
6,17,5,17,60,1,0,0,0.5077933669090271,0.5077933669090271,0.5077933669090271,0.4922066628932953,5,,,zero_shot_all_trials
71,0,5,0,60,1,0,0,0.5095180869102478,0.5095180869102478,0.5095180869102478,0.4904819428920746,5,1,3,zero_shot_paired
71,1,5,1,60,1,0,0,0.5080641508102417,0.5080641508102417,0.5080641508102417,0.4919358491897583,5,1,3,zero_shot_paired
71,2,5,3,60,0,0,1,0.5130411982536316,0.5130411982536316,0.5130411982536316,0.4869588017463684,5,1,3,zero_shot_paired
71,3,5,4,60,1,0,0,0.5057474970817566,0.5057474970817566,0.5057474970817566,0.494252473115921,5,1,3,zero_shot_paired
71,4,5,5,60,0,0,1,0.5054541826248169,0.5054541826248169,0.5054541826248169,0.4945458173751831,5,1,3,zero_shot_paired
71,5,5,6,60,1,0,0,0.5060951709747314,0.5060951709747314,0.5060951709747314,0.49390488862991333,5,1,3,zero_shot_paired
71,6,5,8,60,0,0,1,0.5096805691719055,0.5096805691719055,0.5096805691719055,0.4903194010257721,5,1,3,zero_shot_paired
71,7,5,9,60,1,0,0,0.507483184337616,0.507483184337616,0.507483184337616,0.49251681566238403,5,1,3,zero_shot_paired
71,8,5,10,60,1,0,0,0.5031779408454895,0.5031779408454895,0.5031779408454895,0.4968220889568329,5,1,3,zero_shot_paired
71,9,5,11,60,1,0,0,0.5075833201408386,0.5075833201408386,0.5075833201408386,0.492416650056839,5,1,3,zero_shot_paired
71,10,5,12,60,1,0,0,0.5067766308784485,0.5067766308784485,0.5067766308784485,0.4932233691215515,5,1,3,zero_shot_paired
71,11,5,13,60,0,0,1,0.509334921836853,0.509334921836853,0.509334921836853,0.490665078163147,5,1,3,zero_shot_paired
71,12,5,14,60,1,0,0,0.5015354752540588,0.5015354752540588,0.5015354752540588,0.4984644949436188,5,1,3,zero_shot_paired
71,13,5,16,60,0,0,1,0.5096298456192017,0.5096298456192017,0.5096298456192017,0.49037015438079834,5,1,3,zero_shot_paired
71,14,5,17,60,1,0,0,0.5077934265136719,0.5077934265136719,0.5077934265136719,0.4922066032886505,5,1,3,zero_shot_paired
71,0,5,0,60,1,0,0,0.5094448924064636,0.5094448924064636,0.5094448924064636,0.49055516719818115,5,1,3,post_calibration
71,1,5,1,60,1,0,0,0.5079061388969421,0.5079061388969421,0.5079061388969421,0.49209386110305786,5,1,3,post_calibration
71,2,5,3,60,0,0,1,0.5131517052650452,0.5131517052650452,0.5131517052650452,0.4868483245372772,5,1,3,post_calibration
71,3,5,4,60,1,0,0,0.5050594210624695,0.5050594210624695,0.5050594210624695,0.49494051933288574,5,1,3,post_calibration
71,4,5,5,60,0,0,1,0.5051682591438293,0.5051682591438293,0.5051682591438293,0.49483171105384827,5,1,3,post_calibration
71,5,5,6,60,1,0,0,0.5065190196037292,0.5065190196037292,0.5065190196037292,0.4934810400009155,5,1,3,post_calibration
71,6,5,8,60,0,0,1,0.5097911953926086,0.5097911953926086,0.5097911953926086,0.49020877480506897,5,1,3,post_calibration
71,7,5,9,60,1,0,0,0.5072312355041504,0.5072312355041504,0.5072312355041504,0.492768794298172,5,1,3,post_calibration
71,8,5,10,60,1,0,0,0.5026720762252808,0.5026720762252808,0.5026720762252808,0.49732786417007446,5,1,3,post_calibration
71,9,5,11,60,1,0,0,0.5075082182884216,0.5075082182884216,0.5075082182884216,0.49249178171157837,5,1,3,post_calibration
71,10,5,12,60,1,0,0,0.5065390467643738,0.5065390467643738,0.5065390467643738,0.4934609830379486,5,1,3,post_calibration
71,11,5,13,60,0,0,1,0.5094307065010071,0.5094307065010071,0.5094307065010071,0.4905692934989929,5,1,3,post_calibration
71,12,5,14,60,1,0,0,0.5018014907836914,0.5018014907836914,0.5018014907836914,0.498198539018631,5,1,3,post_calibration
71,13,5,16,60,0,0,1,0.5092520117759705,0.5092520117759705,0.5092520117759705,0.49074795842170715,5,1,3,post_calibration
71,14,5,17,60,1,0,0,0.5074142813682556,0.5074142813682556,0.5074142813682556,0.49258577823638916,5,1,3,post_calibration
72,0,5,1,60,1,0,0,0.5080641508102417,0.5080641508102417,0.5080641508102417,0.4919358491897583,5,2,3,zero_shot_paired
72,1,5,2,60,1,0,0,0.5064041018486023,0.5064041018486023,0.5064041018486023,0.4935959279537201,5,2,3,zero_shot_paired
72,2,5,3,60,0,0,1,0.5130411982536316,0.5130411982536316,0.5130411982536316,0.4869588017463684,5,2,3,zero_shot_paired
72,3,5,4,60,1,0,0,0.5057474970817566,0.5057474970817566,0.5057474970817566,0.494252473115921,5,2,3,zero_shot_paired
72,4,5,5,60,0,0,1,0.5054541826248169,0.5054541826248169,0.5054541826248169,0.4945458173751831,5,2,3,zero_shot_paired
72,5,5,6,60,1,0,0,0.5060951709747314,0.5060951709747314,0.5060951709747314,0.49390488862991333,5,2,3,zero_shot_paired
72,6,5,7,60,0,0,1,0.5077676773071289,0.5077676773071289,0.5077676773071289,0.4922323226928711,5,2,3,zero_shot_paired
72,7,5,8,60,0,0,1,0.5096805691719055,0.5096805691719055,0.5096805691719055,0.4903194010257721,5,2,3,zero_shot_paired
72,8,5,9,60,1,0,0,0.507483184337616,0.507483184337616,0.507483184337616,0.49251681566238403,5,2,3,zero_shot_paired
72,9,5,10,60,1,0,0,0.5031779408454895,0.5031779408454895,0.5031779408454895,0.4968220889568329,5,2,3,zero_shot_paired
72,10,5,11,60,1,0,0,0.5075833201408386,0.5075833201408386,0.5075833201408386,0.492416650056839,5,2,3,zero_shot_paired
72,11,5,12,60,1,0,0,0.5067766308784485,0.5067766308784485,0.5067766308784485,0.4932233691215515,5,2,3,zero_shot_paired
72,12,5,14,60,1,0,0,0.5015354752540588,0.5015354752540588,0.5015354752540588,0.4984644949436188,5,2,3,zero_shot_paired
72,13,5,15,60,1,0,0,0.5062005519866943,0.5062005519866943,0.5062005519866943,0.49379944801330566,5,2,3,zero_shot_paired
72,14,5,16,60,0,0,1,0.5096298456192017,0.5096298456192017,0.5096298456192017,0.49037015438079834,5,2,3,zero_shot_paired
72,0,5,1,60,1,0,0,0.5070027112960815,0.5070027112960815,0.5070027112960815,0.49299731850624084,5,2,3,post_calibration
72,1,5,2,60,1,0,0,0.5054949522018433,0.5054949522018433,0.5054949522018433,0.49450504779815674,5,2,3,post_calibration
72,2,5,3,60,0,0,1,0.5126242637634277,0.5126242637634277,0.5126242637634277,0.48737573623657227,5,2,3,post_calibration
72,3,5,4,60,1,0,0,0.5054833292961121,0.5054833292961121,0.5054833292961121,0.4945167005062103,5,2,3,post_calibration
72,4,5,5,60,0,0,1,0.5050672292709351,0.5050672292709351,0.5050672292709351,0.49493277072906494,5,2,3,post_calibration
72,5,5,6,60,1,0,0,0.505893349647522,0.505893349647522,0.505893349647522,0.494106650352478,5,2,3,post_calibration
72,6,5,7,60,0,0,1,0.507241427898407,0.507241427898407,0.507241427898407,0.49275851249694824,5,2,3,post_calibration
72,7,5,8,60,0,0,1,0.5091195106506348,0.5091195106506348,0.5091195106506348,0.49088048934936523,5,2,3,post_calibration
72,8,5,9,60,1,0,0,0.5064057111740112,0.5064057111740112,0.5064057111740112,0.49359428882598877,5,2,3,post_calibration
72,9,5,10,60,1,0,0,0.5027010440826416,0.5027010440826416,0.5027010440826416,0.497298926115036,5,2,3,post_calibration
72,10,5,11,60,1,0,0,0.5070131421089172,0.5070131421089172,0.5070131421089172,0.49298685789108276,5,2,3,post_calibration
72,11,5,12,60,1,0,0,0.506019115447998,0.506019115447998,0.506019115447998,0.49398088455200195,5,2,3,post_calibration
72,12,5,14,60,1,0,0,0.5010277032852173,0.5010277032852173,0.5010277032852173,0.4989722669124603,5,2,3,post_calibration
72,13,5,15,60,1,0,0,0.5051384568214417,0.5051384568214417,0.5051384568214417,0.49486157298088074,5,2,3,post_calibration
72,14,5,16,60,0,0,1,0.5084713697433472,0.5084713697433472,0.5084713697433472,0.49152860045433044,5,2,3,post_calibration
73,0,5,0,60,1,0,0,0.5095180869102478,0.5095180869102478,0.5095180869102478,0.4904819428920746,5,3,3,zero_shot_paired
73,1,5,1,60,1,0,0,0.5080641508102417,0.5080641508102417,0.5080641508102417,0.4919358491897583,5,3,3,zero_shot_paired
73,2,5,2,60,1,0,0,0.5064041018486023,0.5064041018486023,0.5064041018486023,0.4935959279537201,5,3,3,zero_shot_paired
73,3,5,3,60,0,0,1,0.5130411982536316,0.5130411982536316,0.5130411982536316,0.4869588017463684,5,3,3,zero_shot_paired
73,4,5,4,60,1,0,0,0.5057474970817566,0.5057474970817566,0.5057474970817566,0.494252473115921,5,3,3,zero_shot_paired
73,5,5,5,60,0,0,1,0.5054541826248169,0.5054541826248169,0.5054541826248169,0.4945458173751831,5,3,3,zero_shot_paired
73,6,5,6,60,1,0,0,0.5060951709747314,0.5060951709747314,0.5060951709747314,0.49390488862991333,5,3,3,zero_shot_paired
73,7,5,7,60,0,0,1,0.5077676773071289,0.5077676773071289,0.5077676773071289,0.4922323226928711,5,3,3,zero_shot_paired
73,8,5,8,60,0,0,1,0.5096805691719055,0.5096805691719055,0.5096805691719055,0.4903194010257721,5,3,3,zero_shot_paired
73,9,5,9,60,1,0,0,0.507483184337616,0.507483184337616,0.507483184337616,0.49251681566238403,5,3,3,zero_shot_paired
73,10,5,10,60,1,0,0,0.5031779408454895,0.5031779408454895,0.5031779408454895,0.4968220889568329,5,3,3,zero_shot_paired
73,11,5,12,60,1,0,0,0.5067766308784485,0.5067766308784485,0.5067766308784485,0.4932233691215515,5,3,3,zero_shot_paired
73,12,5,13,60,0,0,1,0.509334921836853,0.509334921836853,0.509334921836853,0.490665078163147,5,3,3,zero_shot_paired
73,13,5,15,60,1,0,0,0.5062005519866943,0.5062005519866943,0.5062005519866943,0.49379944801330566,5,3,3,zero_shot_paired
73,14,5,17,60,1,0,0,0.5077934265136719,0.5077934265136719,0.5077934265136719,0.4922066032886505,5,3,3,zero_shot_paired
73,0,5,0,60,1,0,0,0.5086982846260071,0.5086982846260071,0.5086982846260071,0.49130165576934814,5,3,3,post_calibration
73,1,5,1,60,1,0,0,0.5071399211883545,0.5071399211883545,0.5071399211883545,0.4928600490093231,5,3,3,post_calibration
73,2,5,2,60,1,0,0,0.505885660648346,0.505885660648346,0.505885660648346,0.49411436915397644,5,3,3,post_calibration
73,3,5,3,60,0,0,1,0.5125331282615662,0.5125331282615662,0.5125331282615662,0.48746687173843384,5,3,3,post_calibration
73,4,5,4,60,1,0,0,0.5053720474243164,0.5053720474243164,0.5053720474243164,0.4946279227733612,5,3,3,post_calibration
73,5,5,5,60,0,0,1,0.5048988461494446,0.5048988461494446,0.5048988461494446,0.49510109424591064,5,3,3,post_calibration
73,6,5,6,60,1,0,0,0.5051344633102417,0.5051344633102417,0.5051344633102417,0.4948655962944031,5,3,3,post_calibration
73,7,5,7,60,0,0,1,0.5070869326591492,0.5070869326591492,0.5070869326591492,0.4929130971431732,5,3,3,post_calibration
73,8,5,8,60,0,0,1,0.5091465711593628,0.5091465711593628,0.5091465711593628,0.490853488445282,5,3,3,post_calibration
73,9,5,9,60,1,0,0,0.5073299407958984,0.5073299407958984,0.5073299407958984,0.4926700294017792,5,3,3,post_calibration
73,10,5,10,60,1,0,0,0.5030634999275208,0.5030634999275208,0.5030634999275208,0.49693647027015686,5,3,3,post_calibration
73,11,5,12,60,1,0,0,0.5063626170158386,0.5063626170158386,0.5063626170158386,0.4936373829841614,5,3,3,post_calibration
73,12,5,13,60,0,0,1,0.508473813533783,0.508473813533783,0.508473813533783,0.49152612686157227,5,3,3,post_calibration
73,13,5,15,60,1,0,0,0.5057895183563232,0.5057895183563232,0.5057895183563232,0.49421051144599915,5,3,3,post_calibration
73,14,5,17,60,1,0,0,0.506987988948822,0.506987988948822,0.506987988948822,0.49301204085350037,5,3,3,post_calibration
74,0,5,0,60,1,0,0,0.5095180869102478,0.5095180869102478,0.5095180869102478,0.4904819428920746,5,4,3,zero_shot_paired
74,1,5,1,60,1,0,0,0.5080641508102417,0.5080641508102417,0.5080641508102417,0.4919358491897583,5,4,3,zero_shot_paired
74,2,5,2,60,1,0,0,0.5064041018486023,0.5064041018486023,0.5064041018486023,0.4935959279537201,5,4,3,zero_shot_paired
74,3,5,4,60,1,0,0,0.5057474970817566,0.5057474970817566,0.5057474970817566,0.494252473115921,5,4,3,zero_shot_paired
74,4,5,5,60,0,0,1,0.5054541826248169,0.5054541826248169,0.5054541826248169,0.4945458173751831,5,4,3,zero_shot_paired
74,5,5,7,60,0,0,1,0.5077676773071289,0.5077676773071289,0.5077676773071289,0.4922323226928711,5,4,3,zero_shot_paired
74,6,5,8,60,0,0,1,0.5096805691719055,0.5096805691719055,0.5096805691719055,0.4903194010257721,5,4,3,zero_shot_paired
74,7,5,10,60,1,0,0,0.5031779408454895,0.5031779408454895,0.5031779408454895,0.4968220889568329,5,4,3,zero_shot_paired
74,8,5,11,60,1,0,0,0.5075833201408386,0.5075833201408386,0.5075833201408386,0.492416650056839,5,4,3,zero_shot_paired
74,9,5,12,60,1,0,0,0.5067766308784485,0.5067766308784485,0.5067766308784485,0.4932233691215515,5,4,3,zero_shot_paired
74,10,5,13,60,0,0,1,0.509334921836853,0.509334921836853,0.509334921836853,0.490665078163147,5,4,3,zero_shot_paired
74,11,5,14,60,1,0,0,0.5015354752540588,0.5015354752540588,0.5015354752540588,0.4984644949436188,5,4,3,zero_shot_paired
74,12,5,15,60,1,0,0,0.5062005519866943,0.5062005519866943,0.5062005519866943,0.49379944801330566,5,4,3,zero_shot_paired
74,13,5,16,60,0,0,1,0.5096298456192017,0.5096298456192017,0.5096298456192017,0.49037015438079834,5,4,3,zero_shot_paired
74,14,5,17,60,1,0,0,0.5077934265136719,0.5077934265136719,0.5077934265136719,0.4922066032886505,5,4,3,zero_shot_paired
74,0,5,0,60,1,0,0,0.5087477564811707,0.5087477564811707,0.5087477564811707,0.4912523031234741,5,4,3,post_calibration
74,1,5,1,60,1,0,0,0.50773024559021,0.50773024559021,0.50773024559021,0.49226975440979004,5,4,3,post_calibration
74,2,5,2,60,1,0,0,0.5054541826248169,0.5054541826248169,0.5054541826248169,0.4945458173751831,5,4,3,post_calibration
74,3,5,4,60,1,0,0,0.5048765540122986,0.5048765540122986,0.5048765540122986,0.4951234459877014,5,4,3,post_calibration
74,4,5,5,60,0,0,1,0.5048539042472839,0.5048539042472839,0.5048539042472839,0.49514609575271606,5,4,3,post_calibration
74,5,5,7,60,0,0,1,0.5064226388931274,0.5064226388931274,0.5064226388931274,0.49357739090919495,5,4,3,post_calibration
74,6,5,8,60,0,0,1,0.5088437795639038,0.5088437795639038,0.5088437795639038,0.4911561906337738,5,4,3,post_calibration
74,7,5,10,60,1,0,0,0.5025274157524109,0.5025274157524109,0.5025274157524109,0.4974725842475891,5,4,3,post_calibration
74,8,5,11,60,1,0,0,0.5066652297973633,0.5066652297973633,0.5066652297973633,0.4933348000049591,5,4,3,post_calibration
74,9,5,12,60,1,0,0,0.505524218082428,0.505524218082428,0.505524218082428,0.4944758117198944,5,4,3,post_calibration
74,10,5,13,60,0,0,1,0.5083665251731873,0.5083665251731873,0.5083665251731873,0.49163344502449036,5,4,3,post_calibration
74,11,5,14,60,1,0,0,0.5004450082778931,0.5004450082778931,0.5004450082778931,0.4995550513267517,5,4,3,post_calibration
74,12,5,15,60,1,0,0,0.5054961442947388,0.5054961442947388,0.5054961442947388,0.494503915309906,5,4,3,post_calibration
74,13,5,16,60,0,0,1,0.5085616111755371,0.5085616111755371,0.5085616111755371,0.4914383590221405,5,4,3,post_calibration
74,14,5,17,60,1,0,0,0.5069921612739563,0.5069921612739563,0.5069921612739563,0.4930078685283661,5,4,3,post_calibration
75,0,5,0,60,1,0,0,0.5095180869102478,0.5095180869102478,0.5095180869102478,0.4904819428920746,5,5,3,zero_shot_paired
75,1,5,1,60,1,0,0,0.5080641508102417,0.5080641508102417,0.5080641508102417,0.4919358491897583,5,5,3,zero_shot_paired
75,2,5,2,60,1,0,0,0.5064041018486023,0.5064041018486023,0.5064041018486023,0.4935959279537201,5,5,3,zero_shot_paired
75,3,5,3,60,0,0,1,0.5130411982536316,0.5130411982536316,0.5130411982536316,0.4869588017463684,5,5,3,zero_shot_paired
75,4,5,6,60,1,0,0,0.5060951709747314,0.5060951709747314,0.5060951709747314,0.49390488862991333,5,5,3,zero_shot_paired
75,5,5,7,60,0,0,1,0.5077676773071289,0.5077676773071289,0.5077676773071289,0.4922323226928711,5,5,3,zero_shot_paired
75,6,5,8,60,0,0,1,0.5096805691719055,0.5096805691719055,0.5096805691719055,0.4903194010257721,5,5,3,zero_shot_paired
75,7,5,9,60,1,0,0,0.507483184337616,0.507483184337616,0.507483184337616,0.49251681566238403,5,5,3,zero_shot_paired
75,8,5,10,60,1,0,0,0.5031779408454895,0.5031779408454895,0.5031779408454895,0.4968220889568329,5,5,3,zero_shot_paired
75,9,5,11,60,1,0,0,0.5075833201408386,0.5075833201408386,0.5075833201408386,0.492416650056839,5,5,3,zero_shot_paired
75,10,5,13,60,0,0,1,0.509334921836853,0.509334921836853,0.509334921836853,0.490665078163147,5,5,3,zero_shot_paired
75,11,5,14,60,1,0,0,0.5015354752540588,0.5015354752540588,0.5015354752540588,0.4984644949436188,5,5,3,zero_shot_paired
75,12,5,15,60,1,0,0,0.5062005519866943,0.5062005519866943,0.5062005519866943,0.49379944801330566,5,5,3,zero_shot_paired
75,13,5,16,60,0,0,1,0.5096298456192017,0.5096298456192017,0.5096298456192017,0.49037015438079834,5,5,3,zero_shot_paired
75,14,5,17,60,1,0,0,0.5077934265136719,0.5077934265136719,0.5077934265136719,0.4922066032886505,5,5,3,zero_shot_paired
75,0,5,0,60,1,0,0,0.5096127986907959,0.5096127986907959,0.5096127986907959,0.4903872311115265,5,5,3,post_calibration
75,1,5,1,60,1,0,0,0.5075820684432983,0.5075820684432983,0.5075820684432983,0.49241796135902405,5,5,3,post_calibration
75,2,5,2,60,1,0,0,0.5061282515525818,0.5061282515525818,0.5061282515525818,0.4938717186450958,5,5,3,post_calibration
75,3,5,3,60,0,0,1,0.5128934979438782,0.5128934979438782,0.5128934979438782,0.4871065020561218,5,5,3,post_calibration
75,4,5,6,60,1,0,0,0.5062162280082703,0.5062162280082703,0.5062162280082703,0.4937838017940521,5,5,3,post_calibration
75,5,5,7,60,0,0,1,0.5074862837791443,0.5074862837791443,0.5074862837791443,0.4925136864185333,5,5,3,post_calibration
75,6,5,8,60,0,0,1,0.5096257328987122,0.5096257328987122,0.5096257328987122,0.49037423729896545,5,5,3,post_calibration
75,7,5,9,60,1,0,0,0.5072717666625977,0.5072717666625977,0.5072717666625977,0.49272823333740234,5,5,3,post_calibration
75,8,5,10,60,1,0,0,0.5027672648429871,0.5027672648429871,0.5027672648429871,0.4972327649593353,5,5,3,post_calibration
75,9,5,11,60,1,0,0,0.5073029398918152,0.5073029398918152,0.5073029398918152,0.4926970899105072,5,5,3,post_calibration
75,10,5,13,60,0,0,1,0.509442150592804,0.509442150592804,0.509442150592804,0.49055787920951843,5,5,3,post_calibration
75,11,5,14,60,1,0,0,0.5016021132469177,0.5016021132469177,0.5016021132469177,0.4983978569507599,5,5,3,post_calibration
75,12,5,15,60,1,0,0,0.5061643719673157,0.5061643719673157,0.5061643719673157,0.4938356876373291,5,5,3,post_calibration
75,13,5,16,60,0,0,1,0.508922278881073,0.508922278881073,0.508922278881073,0.491077721118927,5,5,3,post_calibration
75,14,5,17,60,1,0,0,0.50755375623703,0.50755375623703,0.50755375623703,0.49244627356529236,5,5,3,post_calibration
76,0,5,0,60,1,0,0,0.5095180869102478,0.5095180869102478,0.5095180869102478,0.4904819428920746,5,6,3,zero_shot_paired
76,1,5,2,60,1,0,0,0.5064041018486023,0.5064041018486023,0.5064041018486023,0.4935959279537201,5,6,3,zero_shot_paired
76,2,5,3,60,0,0,1,0.5130411982536316,0.5130411982536316,0.5130411982536316,0.4869588017463684,5,6,3,zero_shot_paired
76,3,5,4,60,1,0,0,0.5057474970817566,0.5057474970817566,0.5057474970817566,0.494252473115921,5,6,3,zero_shot_paired
76,4,5,5,60,0,0,1,0.5054541826248169,0.5054541826248169,0.5054541826248169,0.4945458173751831,5,6,3,zero_shot_paired
76,5,5,6,60,1,0,0,0.5060951709747314,0.5060951709747314,0.5060951709747314,0.49390488862991333,5,6,3,zero_shot_paired
76,6,5,7,60,0,0,1,0.5077676773071289,0.5077676773071289,0.5077676773071289,0.4922323226928711,5,6,3,zero_shot_paired
76,7,5,9,60,1,0,0,0.507483184337616,0.507483184337616,0.507483184337616,0.49251681566238403,5,6,3,zero_shot_paired
76,8,5,11,60,1,0,0,0.5075833201408386,0.5075833201408386,0.5075833201408386,0.492416650056839,5,6,3,zero_shot_paired
76,9,5,12,60,1,0,0,0.5067766308784485,0.5067766308784485,0.5067766308784485,0.4932233691215515,5,6,3,zero_shot_paired
76,10,5,13,60,0,0,1,0.509334921836853,0.509334921836853,0.509334921836853,0.490665078163147,5,6,3,zero_shot_paired
76,11,5,14,60,1,0,0,0.5015354752540588,0.5015354752540588,0.5015354752540588,0.4984644949436188,5,6,3,zero_shot_paired
76,12,5,15,60,1,0,0,0.5062005519866943,0.5062005519866943,0.5062005519866943,0.49379944801330566,5,6,3,zero_shot_paired
76,13,5,16,60,0,0,1,0.5096298456192017,0.5096298456192017,0.5096298456192017,0.49037015438079834,5,6,3,zero_shot_paired
76,14,5,17,60,1,0,0,0.5077934265136719,0.5077934265136719,0.5077934265136719,0.4922066032886505,5,6,3,zero_shot_paired
76,0,5,0,60,1,0,0,0.5095012187957764,0.5095012187957764,0.5095012187957764,0.4904988408088684,5,6,3,post_calibration
76,1,5,2,60,1,0,0,0.5055866241455078,0.5055866241455078,0.5055866241455078,0.4944134056568146,5,6,3,post_calibration
76,2,5,3,60,0,0,1,0.5129022002220154,0.5129022002220154,0.5129022002220154,0.48709776997566223,5,6,3,post_calibration
76,3,5,4,60,1,0,0,0.5049565434455872,0.5049565434455872,0.5049565434455872,0.49504342675209045,5,6,3,post_calibration
76,4,5,5,60,0,0,1,0.5043242573738098,0.5043242573738098,0.5043242573738098,0.4956757128238678,5,6,3,post_calibration
76,5,5,6,60,1,0,0,0.5061236023902893,0.5061236023902893,0.5061236023902893,0.4938764274120331,5,6,3,post_calibration
76,6,5,7,60,0,0,1,0.5077857375144958,0.5077857375144958,0.5077857375144958,0.49221429228782654,5,6,3,post_calibration
76,7,5,9,60,1,0,0,0.5073471069335938,0.5073471069335938,0.5073471069335938,0.49265286326408386,5,6,3,post_calibration
76,8,5,11,60,1,0,0,0.5074272751808167,0.5074272751808167,0.5074272751808167,0.49257269501686096,5,6,3,post_calibration
76,9,5,12,60,1,0,0,0.5061240792274475,0.5061240792274475,0.5061240792274475,0.4938759505748749,5,6,3,post_calibration
76,10,5,13,60,0,0,1,0.5092402100563049,0.5092402100563049,0.5092402100563049,0.49075981974601746,5,6,3,post_calibration
76,11,5,14,60,1,0,0,0.5018923878669739,0.5018923878669739,0.5018923878669739,0.4981076121330261,5,6,3,post_calibration
76,12,5,15,60,1,0,0,0.5059439539909363,0.5059439539909363,0.5059439539909363,0.4940560460090637,5,6,3,post_calibration
76,13,5,16,60,0,0,1,0.5091619491577148,0.5091619491577148,0.5091619491577148,0.49083802103996277,5,6,3,post_calibration
76,14,5,17,60,1,0,0,0.5069883465766907,0.5069883465766907,0.5069883465766907,0.49301162362098694,5,6,3,post_calibration
77,0,5,0,60,1,0,0,0.5095180869102478,0.5095180869102478,0.5095180869102478,0.4904819428920746,5,1,6,zero_shot_paired
77,1,5,1,60,1,0,0,0.5080641508102417,0.5080641508102417,0.5080641508102417,0.4919358491897583,5,1,6,zero_shot_paired
77,2,5,2,60,1,0,0,0.5064041018486023,0.5064041018486023,0.5064041018486023,0.4935959279537201,5,1,6,zero_shot_paired
77,3,5,4,60,1,0,0,0.5057474970817566,0.5057474970817566,0.5057474970817566,0.494252473115921,5,1,6,zero_shot_paired
77,4,5,5,60,0,0,1,0.5054541826248169,0.5054541826248169,0.5054541826248169,0.4945458173751831,5,1,6,zero_shot_paired
77,5,5,6,60,1,0,0,0.5060951709747314,0.5060951709747314,0.5060951709747314,0.49390488862991333,5,1,6,zero_shot_paired
77,6,5,7,60,0,0,1,0.5077676773071289,0.5077676773071289,0.5077676773071289,0.4922323226928711,5,1,6,zero_shot_paired
77,7,5,8,60,0,0,1,0.5096805691719055,0.5096805691719055,0.5096805691719055,0.4903194010257721,5,1,6,zero_shot_paired
77,8,5,11,60,1,0,0,0.5075833201408386,0.5075833201408386,0.5075833201408386,0.492416650056839,5,1,6,zero_shot_paired
77,9,5,13,60,0,0,1,0.509334921836853,0.509334921836853,0.509334921836853,0.490665078163147,5,1,6,zero_shot_paired
77,10,5,15,60,1,0,0,0.5062005519866943,0.5062005519866943,0.5062005519866943,0.49379944801330566,5,1,6,zero_shot_paired
77,11,5,17,60,1,0,0,0.5077934265136719,0.5077934265136719,0.5077934265136719,0.4922066032886505,5,1,6,zero_shot_paired
77,0,5,0,60,1,0,0,0.5087655782699585,0.5087655782699585,0.5087655782699585,0.4912344217300415,5,1,6,post_calibration
77,1,5,1,60,1,0,0,0.5071377754211426,0.5071377754211426,0.5071377754211426,0.4928622245788574,5,1,6,post_calibration
77,2,5,2,60,1,0,0,0.5050904750823975,0.5050904750823975,0.5050904750823975,0.4949095547199249,5,1,6,post_calibration
77,3,5,4,60,1,0,0,0.5050305724143982,0.5050305724143982,0.5050305724143982,0.4949694275856018,5,1,6,post_calibration
77,4,5,5,60,0,0,1,0.504234254360199,0.504234254360199,0.504234254360199,0.495765745639801,5,1,6,post_calibration
77,5,5,6,60,1,0,0,0.5058291554450989,0.5058291554450989,0.5058291554450989,0.4941708445549011,5,1,6,post_calibration
77,6,5,7,60,0,0,1,0.5070847868919373,0.5070847868919373,0.5070847868919373,0.4929152727127075,5,1,6,post_calibration
77,7,5,8,60,0,0,1,0.5085402131080627,0.5085402131080627,0.5085402131080627,0.49145978689193726,5,1,6,post_calibration
77,8,5,11,60,1,0,0,0.5070618391036987,0.5070618391036987,0.5070618391036987,0.49293816089630127,5,1,6,post_calibration
77,9,5,13,60,0,0,1,0.5086671710014343,0.5086671710014343,0.5086671710014343,0.4913328289985657,5,1,6,post_calibration
77,10,5,15,60,1,0,0,0.5051109790802002,0.5051109790802002,0.5051109790802002,0.4948890507221222,5,1,6,post_calibration
77,11,5,17,60,1,0,0,0.5063748359680176,0.5063748359680176,0.5063748359680176,0.49362513422966003,5,1,6,post_calibration
78,0,5,3,60,0,0,1,0.5130411982536316,0.5130411982536316,0.5130411982536316,0.4869588017463684,5,2,6,zero_shot_paired
78,1,5,4,60,1,0,0,0.5057474970817566,0.5057474970817566,0.5057474970817566,0.494252473115921,5,2,6,zero_shot_paired
78,2,5,7,60,0,0,1,0.5077676773071289,0.5077676773071289,0.5077676773071289,0.4922323226928711,5,2,6,zero_shot_paired
78,3,5,9,60,1,0,0,0.507483184337616,0.507483184337616,0.507483184337616,0.49251681566238403,5,2,6,zero_shot_paired
78,4,5,10,60,1,0,0,0.5031779408454895,0.5031779408454895,0.5031779408454895,0.4968220889568329,5,2,6,zero_shot_paired
78,5,5,11,60,1,0,0,0.5075833201408386,0.5075833201408386,0.5075833201408386,0.492416650056839,5,2,6,zero_shot_paired
78,6,5,12,60,1,0,0,0.5067766308784485,0.5067766308784485,0.5067766308784485,0.4932233691215515,5,2,6,zero_shot_paired
78,7,5,13,60,0,0,1,0.509334921836853,0.509334921836853,0.509334921836853,0.490665078163147,5,2,6,zero_shot_paired
78,8,5,14,60,1,0,0,0.5015354752540588,0.5015354752540588,0.5015354752540588,0.4984644949436188,5,2,6,zero_shot_paired
78,9,5,15,60,1,0,0,0.5062005519866943,0.5062005519866943,0.5062005519866943,0.49379944801330566,5,2,6,zero_shot_paired
78,10,5,16,60,0,0,1,0.5096298456192017,0.5096298456192017,0.5096298456192017,0.49037015438079834,5,2,6,zero_shot_paired
78,11,5,17,60,1,0,0,0.5077934265136719,0.5077934265136719,0.5077934265136719,0.4922066032886505,5,2,6,zero_shot_paired
78,0,5,3,60,0,0,1,0.512328565120697,0.512328565120697,0.512328565120697,0.487671434879303,5,2,6,post_calibration
78,1,5,4,60,1,0,0,0.5055513381958008,0.5055513381958008,0.5055513381958008,0.494448721408844,5,2,6,post_calibration
78,2,5,7,60,0,0,1,0.5072893500328064,0.5072893500328064,0.5072893500328064,0.49271059036254883,5,2,6,post_calibration
78,3,5,9,60,1,0,0,0.5071271061897278,0.5071271061897278,0.5071271061897278,0.49287286400794983,5,2,6,post_calibration
78,4,5,10,60,1,0,0,0.5026424527168274,0.5026424527168274,0.5026424527168274,0.4973575472831726,5,2,6,post_calibration
78,5,5,11,60,1,0,0,0.5066744089126587,0.5066744089126587,0.5066744089126587,0.4933255612850189,5,2,6,post_calibration
78,6,5,12,60,1,0,0,0.5062726736068726,0.5062726736068726,0.5062726736068726,0.49372729659080505,5,2,6,post_calibration
78,7,5,13,60,0,0,1,0.5087820887565613,0.5087820887565613,0.5087820887565613,0.4912179410457611,5,2,6,post_calibration
78,8,5,14,60,1,1,1,0.5002371072769165,0.5002371072769165,0.4997629225254059,0.5002371072769165,5,2,6,post_calibration
78,9,5,15,60,1,0,0,0.5051593780517578,0.5051593780517578,0.5051593780517578,0.4948406517505646,5,2,6,post_calibration
78,10,5,16,60,0,0,1,0.508581817150116,0.508581817150116,0.508581817150116,0.49141818284988403,5,2,6,post_calibration
78,11,5,17,60,1,0,0,0.5073571801185608,0.5073571801185608,0.5073571801185608,0.4926427900791168,5,2,6,post_calibration
79,0,5,0,60,1,0,0,0.5095180869102478,0.5095180869102478,0.5095180869102478,0.4904819428920746,5,3,6,zero_shot_paired
79,1,5,1,60,1,0,0,0.5080641508102417,0.5080641508102417,0.5080641508102417,0.4919358491897583,5,3,6,zero_shot_paired
79,2,5,2,60,1,0,0,0.5064041018486023,0.5064041018486023,0.5064041018486023,0.4935959279537201,5,3,6,zero_shot_paired
79,3,5,3,60,0,0,1,0.5130411982536316,0.5130411982536316,0.5130411982536316,0.4869588017463684,5,3,6,zero_shot_paired
79,4,5,5,60,0,0,1,0.5054541826248169,0.5054541826248169,0.5054541826248169,0.4945458173751831,5,3,6,zero_shot_paired
79,5,5,6,60,1,0,0,0.5060951709747314,0.5060951709747314,0.5060951709747314,0.49390488862991333,5,3,6,zero_shot_paired
79,6,5,8,60,0,0,1,0.5096805691719055,0.5096805691719055,0.5096805691719055,0.4903194010257721,5,3,6,zero_shot_paired
79,7,5,9,60,1,0,0,0.507483184337616,0.507483184337616,0.507483184337616,0.49251681566238403,5,3,6,zero_shot_paired
79,8,5,10,60,1,0,0,0.5031779408454895,0.5031779408454895,0.5031779408454895,0.4968220889568329,5,3,6,zero_shot_paired
79,9,5,12,60,1,0,0,0.5067766308784485,0.5067766308784485,0.5067766308784485,0.4932233691215515,5,3,6,zero_shot_paired
79,10,5,14,60,1,0,0,0.5015354752540588,0.5015354752540588,0.5015354752540588,0.4984644949436188,5,3,6,zero_shot_paired
79,11,5,16,60,0,0,1,0.5096298456192017,0.5096298456192017,0.5096298456192017,0.49037015438079834,5,3,6,zero_shot_paired
79,0,5,0,60,1,0,0,0.5084911584854126,0.5084911584854126,0.5084911584854126,0.491508811712265,5,3,6,post_calibration
79,1,5,1,60,1,0,0,0.5064493417739868,0.5064493417739868,0.5064493417739868,0.49355068802833557,5,3,6,post_calibration
79,2,5,2,60,1,0,0,0.504997968673706,0.504997968673706,0.504997968673706,0.49500200152397156,5,3,6,post_calibration
79,3,5,3,60,0,0,1,0.5124238729476929,0.5124238729476929,0.5124238729476929,0.4875761866569519,5,3,6,post_calibration
79,4,5,5,60,0,0,1,0.5037091374397278,0.5037091374397278,0.5037091374397278,0.4962908625602722,5,3,6,post_calibration
79,5,5,6,60,1,0,0,0.5050705075263977,0.5050705075263977,0.5050705075263977,0.4949294924736023,5,3,6,post_calibration
79,6,5,8,60,0,0,1,0.508912980556488,0.508912980556488,0.508912980556488,0.4910869896411896,5,3,6,post_calibration
79,7,5,9,60,1,0,0,0.5069825053215027,0.5069825053215027,0.5069825053215027,0.49301743507385254,5,3,6,post_calibration
79,8,5,10,60,1,0,0,0.5014665722846985,0.5014665722846985,0.5014665722846985,0.4985334575176239,5,3,6,post_calibration
79,9,5,12,60,1,0,0,0.5054641366004944,0.5054641366004944,0.5054641366004944,0.4945358335971832,5,3,6,post_calibration
79,10,5,14,60,1,0,0,0.5002118349075317,0.5002118349075317,0.5002118349075317,0.49978819489479065,5,3,6,post_calibration
79,11,5,16,60,0,0,1,0.5082612037658691,0.5082612037658691,0.5082612037658691,0.49173879623413086,5,3,6,post_calibration
80,0,5,3,60,0,0,1,0.5130412578582764,0.5130412578582764,0.5130412578582764,0.48695874214172363,5,1,9,zero_shot_paired
80,1,5,4,60,1,0,0,0.5057476758956909,0.5057476758956909,0.5057476758956909,0.4942522943019867,5,1,9,zero_shot_paired
80,2,5,5,60,0,0,1,0.5054541230201721,0.5054541230201721,0.5054541230201721,0.4945458769798279,5,1,9,zero_shot_paired
80,3,5,9,60,1,0,0,0.5074831247329712,0.5074831247329712,0.5074831247329712,0.4925169050693512,5,1,9,zero_shot_paired
80,4,5,11,60,1,0,0,0.5075834393501282,0.5075834393501282,0.5075834393501282,0.4924165606498718,5,1,9,zero_shot_paired
80,5,5,12,60,1,0,0,0.506776750087738,0.506776750087738,0.506776750087738,0.4932232201099396,5,1,9,zero_shot_paired
80,6,5,15,60,1,0,0,0.5062005519866943,0.5062005519866943,0.5062005519866943,0.49379944801330566,5,1,9,zero_shot_paired
80,7,5,16,60,0,0,1,0.5096296668052673,0.5096296668052673,0.5096296668052673,0.49037033319473267,5,1,9,zero_shot_paired
80,8,5,17,60,1,0,0,0.5077934265136719,0.5077934265136719,0.5077934265136719,0.4922066032886505,5,1,9,zero_shot_paired
80,0,5,3,60,0,0,1,0.5135679244995117,0.5135679244995117,0.5135679244995117,0.4864320755004883,5,1,9,post_calibration
80,1,5,4,60,1,0,0,0.5046786069869995,0.5046786069869995,0.5046786069869995,0.49532145261764526,5,1,9,post_calibration
80,2,5,5,60,0,0,1,0.5039751529693604,0.5039751529693604,0.5039751529693604,0.49602487683296204,5,1,9,post_calibration
80,3,5,9,60,1,0,0,0.5073201656341553,0.5073201656341553,0.5073201656341553,0.49267980456352234,5,1,9,post_calibration
80,4,5,11,60,1,0,0,0.5063734650611877,0.5063734650611877,0.5063734650611877,0.49362653493881226,5,1,9,post_calibration
80,5,5,12,60,1,0,0,0.5059020519256592,0.5059020519256592,0.5059020519256592,0.4940979480743408,5,1,9,post_calibration
80,6,5,15,60,1,0,0,0.5053771734237671,0.5053771734237671,0.5053771734237671,0.4946227967739105,5,1,9,post_calibration
80,7,5,16,60,0,0,1,0.5087183713912964,0.5087183713912964,0.5087183713912964,0.4912815988063812,5,1,9,post_calibration
80,8,5,17,60,1,0,0,0.5060794949531555,0.5060794949531555,0.5060794949531555,0.4939205050468445,5,1,9,post_calibration
81,0,5,0,60,1,0,0,0.5095179677009583,0.5095179677009583,0.5095179677009583,0.49048203229904175,5,2,9,zero_shot_paired
81,1,5,1,60,1,0,0,0.5080642104148865,0.5080642104148865,0.5080642104148865,0.4919357895851135,5,2,9,zero_shot_paired
81,2,5,2,60,1,0,0,0.5064041614532471,0.5064041614532471,0.5064041614532471,0.49359580874443054,5,2,9,zero_shot_paired
81,3,5,6,60,1,0,0,0.5060951709747314,0.5060951709747314,0.5060951709747314,0.49390482902526855,5,2,9,zero_shot_paired
81,4,5,7,60,0,0,1,0.5077676773071289,0.5077676773071289,0.5077676773071289,0.4922323226928711,5,2,9,zero_shot_paired
81,5,5,8,60,0,0,1,0.5096805691719055,0.5096805691719055,0.5096805691719055,0.4903194010257721,5,2,9,zero_shot_paired
81,6,5,10,60,1,0,0,0.5031779408454895,0.5031779408454895,0.5031779408454895,0.4968220889568329,5,2,9,zero_shot_paired
81,7,5,13,60,0,0,1,0.5093349814414978,0.5093349814414978,0.5093349814414978,0.4906650185585022,5,2,9,zero_shot_paired
81,8,5,14,60,1,0,0,0.5015354752540588,0.5015354752540588,0.5015354752540588,0.4984644949436188,5,2,9,zero_shot_paired
81,0,5,0,60,1,0,0,0.5081795454025269,0.5081795454025269,0.5081795454025269,0.49182045459747314,5,2,9,post_calibration
81,1,5,1,60,1,0,0,0.5060464143753052,0.5060464143753052,0.5060464143753052,0.4939536154270172,5,2,9,post_calibration
81,2,5,2,60,1,0,0,0.5039879083633423,0.5039879083633423,0.5039879083633423,0.4960120916366577,5,2,9,post_calibration
81,3,5,6,60,1,0,0,0.5048980712890625,0.5048980712890625,0.5048980712890625,0.4951019585132599,5,2,9,post_calibration
81,4,5,7,60,0,0,1,0.5061132907867432,0.5061132907867432,0.5061132907867432,0.49388667941093445,5,2,9,post_calibration
81,5,5,8,60,0,0,1,0.5080426335334778,0.5080426335334778,0.5080426335334778,0.4919573962688446,5,2,9,post_calibration
81,6,5,10,60,1,0,0,0.5005006194114685,0.5005006194114685,0.5005006194114685,0.4994993805885315,5,2,9,post_calibration
81,7,5,13,60,0,0,1,0.5081448554992676,0.5081448554992676,0.5081448554992676,0.49185511469841003,5,2,9,post_calibration
81,8,5,14,60,1,0,0,0.5007476210594177,0.5007476210594177,0.5007476210594177,0.49925240874290466,5,2,9,post_calibration
82,0,5,3,60,0,0,1,0.513041079044342,0.513041079044342,0.513041079044342,0.48695898056030273,5,1,12,zero_shot_paired
82,1,5,4,60,1,0,0,0.505748450756073,0.505748450756073,0.505748450756073,0.494251549243927,5,1,12,zero_shot_paired
82,2,5,11,60,1,0,0,0.507584273815155,0.507584273815155,0.507584273815155,0.49241572618484497,5,1,12,zero_shot_paired
82,3,5,13,60,0,0,1,0.509335994720459,0.509335994720459,0.509335994720459,0.4906640350818634,5,1,12,zero_shot_paired
82,4,5,14,60,1,0,0,0.5015350580215454,0.5015350580215454,0.5015350580215454,0.498464971780777,5,1,12,zero_shot_paired
82,5,5,17,60,1,0,0,0.507792592048645,0.507792592048645,0.507792592048645,0.4922073483467102,5,1,12,zero_shot_paired
82,0,5,3,60,0,0,1,0.5123575329780579,0.5123575329780579,0.5123575329780579,0.48764246702194214,5,1,12,post_calibration
82,1,5,4,60,1,0,0,0.5037700533866882,0.5037700533866882,0.5037700533866882,0.49622994661331177,5,1,12,post_calibration
82,2,5,11,60,1,0,0,0.5060545206069946,0.5060545206069946,0.5060545206069946,0.49394547939300537,5,1,12,post_calibration
82,3,5,13,60,0,0,1,0.5090910196304321,0.5090910196304321,0.5090910196304321,0.49090901017189026,5,1,12,post_calibration
82,4,5,14,60,1,0,0,0.5004560351371765,0.5004560351371765,0.5004560351371765,0.4995439946651459,5,1,12,post_calibration
82,5,5,17,60,1,0,0,0.5057725310325623,0.5057725310325623,0.5057725310325623,0.49422746896743774,5,1,12,post_calibration
83,0,5,4,60,1,0,0,0.505748450756073,0.505748450756073,0.505748450756073,0.494251549243927,5,2,12,zero_shot_paired
83,1,5,8,60,0,0,1,0.509682834148407,0.509682834148407,0.509682834148407,0.490317165851593,5,2,12,zero_shot_paired
83,2,5,10,60,1,0,0,0.5031786561012268,0.5031786561012268,0.5031786561012268,0.4968213140964508,5,2,12,zero_shot_paired
83,3,5,12,60,1,0,0,0.5067790150642395,0.5067790150642395,0.5067790150642395,0.4932209849357605,5,2,12,zero_shot_paired
83,4,5,16,60,0,0,1,0.509630024433136,0.509630024433136,0.509630024433136,0.4903700053691864,5,2,12,zero_shot_paired
83,5,5,17,60,1,0,0,0.507792592048645,0.507792592048645,0.507792592048645,0.4922073483467102,5,2,12,zero_shot_paired
83,0,5,4,60,1,0,0,0.5045409798622131,0.5045409798622131,0.5045409798622131,0.49545902013778687,5,2,12,post_calibration
83,1,5,8,60,0,0,1,0.5092103481292725,0.5092103481292725,0.5092103481292725,0.49078962206840515,5,2,12,post_calibration
83,2,5,10,60,1,0,0,0.5013953447341919,0.5013953447341919,0.5013953447341919,0.4986046850681305,5,2,12,post_calibration
83,3,5,12,60,1,0,0,0.5056206583976746,0.5056206583976746,0.5056206583976746,0.49437928199768066,5,2,12,post_calibration
83,4,5,16,60,0,0,1,0.5078577995300293,0.5078577995300293,0.5078577995300293,0.4921422600746155,5,2,12,post_calibration
83,5,5,17,60,1,0,0,0.5063314437866211,0.5063314437866211,0.5063314437866211,0.4936685562133789,5,2,12,post_calibration
84,0,5,1,60,1,0,0,0.5080621838569641,0.5080621838569641,0.5080621838569641,0.4919378161430359,5,3,12,zero_shot_paired
84,1,5,4,60,1,0,0,0.505748450756073,0.505748450756073,0.505748450756073,0.494251549243927,5,3,12,zero_shot_paired
84,2,5,6,60,1,0,0,0.5060937404632568,0.5060937404632568,0.5060937404632568,0.49390628933906555,5,3,12,zero_shot_paired
84,3,5,7,60,0,0,1,0.5077710747718811,0.5077710747718811,0.5077710747718811,0.4922289252281189,5,3,12,zero_shot_paired
84,4,5,13,60,0,0,1,0.509335994720459,0.509335994720459,0.509335994720459,0.4906640350818634,5,3,12,zero_shot_paired
84,5,5,15,60,1,0,0,0.5062040686607361,0.5062040686607361,0.5062040686607361,0.4937959313392639,5,3,12,zero_shot_paired
84,0,5,1,60,1,0,0,0.5060290694236755,0.5060290694236755,0.5060290694236755,0.4939709007740021,5,3,12,post_calibration
84,1,5,4,60,1,0,0,0.5042576789855957,0.5042576789855957,0.5042576789855957,0.4957423508167267,5,3,12,post_calibration
84,2,5,6,60,1,0,0,0.5052277445793152,0.5052277445793152,0.5052277445793152,0.4947722554206848,5,3,12,post_calibration
84,3,5,7,60,0,0,1,0.50725257396698,0.50725257396698,0.50725257396698,0.49274742603302,5,3,12,post_calibration
84,4,5,13,60,0,0,1,0.5087206959724426,0.5087206959724426,0.5087206959724426,0.4912793040275574,5,3,12,post_calibration
84,5,5,15,60,1,0,0,0.504753828048706,0.504753828048706,0.504753828048706,0.49524620175361633,5,3,12,post_calibration
7,0,6,0,60,1,1,1,0.5040870308876038,0.5040870308876038,0.49591296911239624,0.5040870308876038,6,,,zero_shot_all_trials
7,1,6,1,60,0,1,0,0.5057342648506165,0.5057342648506165,0.49426570534706116,0.5057342648506165,6,,,zero_shot_all_trials
7,2,6,2,60,1,1,1,0.5064632892608643,0.5064632892608643,0.49353671073913574,0.5064632892608643,6,,,zero_shot_all_trials
7,3,6,3,60,0,1,0,0.5058575868606567,0.5058575868606567,0.49414241313934326,0.5058575868606567,6,,,zero_shot_all_trials
7,4,6,4,60,1,1,1,0.5064058303833008,0.5064058303833008,0.4935941696166992,0.5064058303833008,6,,,zero_shot_all_trials
7,5,6,5,60,0,1,0,0.5022348165512085,0.5022348165512085,0.4977651536464691,0.5022348165512085,6,,,zero_shot_all_trials
7,6,6,6,60,1,1,1,0.5058119297027588,0.5058119297027588,0.49418801069259644,0.5058119297027588,6,,,zero_shot_all_trials
7,7,6,7,60,0,1,0,0.5045552253723145,0.5045552253723145,0.49544480443000793,0.5045552253723145,6,,,zero_shot_all_trials
7,8,6,8,60,0,1,0,0.5062090754508972,0.5062090754508972,0.4937909245491028,0.5062090754508972,6,,,zero_shot_all_trials
7,9,6,9,60,0,0,1,0.5004961490631104,0.5004961490631104,0.5004961490631104,0.49950382113456726,6,,,zero_shot_all_trials
7,10,6,10,60,1,1,1,0.5063947439193726,0.5063947439193726,0.49360522627830505,0.5063947439193726,6,,,zero_shot_all_trials
7,11,6,11,60,1,1,1,0.5028365850448608,0.5028365850448608,0.49716341495513916,0.5028365850448608,6,,,zero_shot_all_trials
7,12,6,12,60,1,1,1,0.5040587782859802,0.5040587782859802,0.4959412217140198,0.5040587782859802,6,,,zero_shot_all_trials
7,13,6,13,60,0,1,0,0.5017308592796326,0.5017308592796326,0.49826911091804504,0.5017308592796326,6,,,zero_shot_all_trials
7,14,6,14,60,0,1,0,0.5069408416748047,0.5069408416748047,0.4930591583251953,0.5069408416748047,6,,,zero_shot_all_trials
7,15,6,15,60,1,1,1,0.503288984298706,0.503288984298706,0.49671104550361633,0.503288984298706,6,,,zero_shot_all_trials
7,16,6,16,60,0,0,1,0.5017140507698059,0.5017140507698059,0.5017140507698059,0.4982859492301941,6,,,zero_shot_all_trials
7,17,6,17,60,0,1,0,0.504794180393219,0.504794180393219,0.4952057898044586,0.504794180393219,6,,,zero_shot_all_trials
85,0,6,0,60,1,1,1,0.504086971282959,0.504086971282959,0.49591299891471863,0.504086971282959,6,1,3,zero_shot_paired
85,1,6,1,60,0,1,0,0.5057342648506165,0.5057342648506165,0.49426570534706116,0.5057342648506165,6,1,3,zero_shot_paired
85,2,6,2,60,1,1,1,0.5064632892608643,0.5064632892608643,0.49353668093681335,0.5064632892608643,6,1,3,zero_shot_paired
85,3,6,3,60,0,1,0,0.5058573484420776,0.5058573484420776,0.49414265155792236,0.5058573484420776,6,1,3,zero_shot_paired
85,4,6,4,60,1,1,1,0.5064056515693665,0.5064056515693665,0.49359428882598877,0.5064056515693665,6,1,3,zero_shot_paired
85,5,6,6,60,1,1,1,0.5058119893074036,0.5058119893074036,0.49418801069259644,0.5058119893074036,6,1,3,zero_shot_paired
85,6,6,7,60,0,1,0,0.5045556426048279,0.5045556426048279,0.4954443871974945,0.5045556426048279,6,1,3,zero_shot_paired
85,7,6,8,60,0,1,0,0.5062091946601868,0.5062091946601868,0.49379077553749084,0.5062091946601868,6,1,3,zero_shot_paired
85,8,6,9,60,0,0,1,0.5004961490631104,0.5004961490631104,0.5004961490631104,0.49950382113456726,6,1,3,zero_shot_paired
85,9,6,10,60,1,1,1,0.5063947439193726,0.5063947439193726,0.49360522627830505,0.5063947439193726,6,1,3,zero_shot_paired
85,10,6,13,60,0,1,0,0.5017308592796326,0.5017308592796326,0.49826911091804504,0.5017308592796326,6,1,3,zero_shot_paired
85,11,6,14,60,0,1,0,0.5069408416748047,0.5069408416748047,0.4930591285228729,0.5069408416748047,6,1,3,zero_shot_paired
85,12,6,15,60,1,1,1,0.503288984298706,0.503288984298706,0.49671101570129395,0.503288984298706,6,1,3,zero_shot_paired
85,13,6,16,60,0,0,1,0.5017139315605164,0.5017139315605164,0.5017139315605164,0.49828606843948364,6,1,3,zero_shot_paired
85,14,6,17,60,0,1,0,0.504794180393219,0.504794180393219,0.495205819606781,0.504794180393219,6,1,3,zero_shot_paired
85,0,6,0,60,1,1,1,0.5041460394859314,0.5041460394859314,0.495853990316391,0.5041460394859314,6,1,3,post_calibration
85,1,6,1,60,0,1,0,0.5062564611434937,0.5062564611434937,0.49374350905418396,0.5062564611434937,6,1,3,post_calibration
85,2,6,2,60,1,1,1,0.5071955323219299,0.5071955323219299,0.49280446767807007,0.5071955323219299,6,1,3,post_calibration
85,3,6,3,60,0,1,0,0.5051851272583008,0.5051851272583008,0.49481484293937683,0.5051851272583008,6,1,3,post_calibration
85,4,6,4,60,1,1,1,0.5067359209060669,0.5067359209060669,0.4932640790939331,0.5067359209060669,6,1,3,post_calibration
85,5,6,6,60,1,1,1,0.5059583783149719,0.5059583783149719,0.49404165148735046,0.5059583783149719,6,1,3,post_calibration
85,6,6,7,60,0,1,0,0.5051159858703613,0.5051159858703613,0.4948839545249939,0.5051159858703613,6,1,3,post_calibration
85,7,6,8,60,0,1,0,0.5073133707046509,0.5073133707046509,0.49268659949302673,0.5073133707046509,6,1,3,post_calibration
85,8,6,9,60,0,0,1,0.5000128746032715,0.5000128746032715,0.5000128746032715,0.4999871551990509,6,1,3,post_calibration
85,9,6,10,60,1,1,1,0.5075505971908569,0.5075505971908569,0.49244946241378784,0.5075505971908569,6,1,3,post_calibration
85,10,6,13,60,0,1,0,0.5029325485229492,0.5029325485229492,0.4970674216747284,0.5029325485229492,6,1,3,post_calibration
85,11,6,14,60,0,1,0,0.5066580176353455,0.5066580176353455,0.49334201216697693,0.5066580176353455,6,1,3,post_calibration
85,12,6,15,60,1,1,1,0.5044568777084351,0.5044568777084351,0.4955431818962097,0.5044568777084351,6,1,3,post_calibration
85,13,6,16,60,0,0,1,0.5024709701538086,0.5024709701538086,0.5024709701538086,0.4975290596485138,6,1,3,post_calibration
85,14,6,17,60,0,1,0,0.505685031414032,0.505685031414032,0.494314968585968,0.505685031414032,6,1,3,post_calibration
86,0,6,0,60,1,1,1,0.504086971282959,0.504086971282959,0.49591299891471863,0.504086971282959,6,2,3,zero_shot_paired
86,1,6,1,60,0,1,0,0.5057342648506165,0.5057342648506165,0.49426570534706116,0.5057342648506165,6,2,3,zero_shot_paired
86,2,6,2,60,1,1,1,0.5064632892608643,0.5064632892608643,0.49353668093681335,0.5064632892608643,6,2,3,zero_shot_paired
86,3,6,3,60,0,1,0,0.5058573484420776,0.5058573484420776,0.49414265155792236,0.5058573484420776,6,2,3,zero_shot_paired
86,4,6,4,60,1,1,1,0.5064056515693665,0.5064056515693665,0.49359428882598877,0.5064056515693665,6,2,3,zero_shot_paired
86,5,6,5,60,0,1,0,0.502234697341919,0.502234697341919,0.49776527285575867,0.502234697341919,6,2,3,zero_shot_paired
86,6,6,7,60,0,1,0,0.5045556426048279,0.5045556426048279,0.4954443871974945,0.5045556426048279,6,2,3,zero_shot_paired
86,7,6,9,60,0,0,1,0.5004961490631104,0.5004961490631104,0.5004961490631104,0.49950382113456726,6,2,3,zero_shot_paired
86,8,6,10,60,1,1,1,0.5063947439193726,0.5063947439193726,0.49360522627830505,0.5063947439193726,6,2,3,zero_shot_paired
86,9,6,11,60,1,1,1,0.5028365254402161,0.5028365254402161,0.49716341495513916,0.5028365254402161,6,2,3,zero_shot_paired
86,10,6,12,60,1,1,1,0.5040585994720459,0.5040585994720459,0.4959413409233093,0.5040585994720459,6,2,3,zero_shot_paired
86,11,6,13,60,0,1,0,0.5017308592796326,0.5017308592796326,0.49826911091804504,0.5017308592796326,6,2,3,zero_shot_paired
86,12,6,14,60,0,1,0,0.5069408416748047,0.5069408416748047,0.4930591285228729,0.5069408416748047,6,2,3,zero_shot_paired
86,13,6,15,60,1,1,1,0.503288984298706,0.503288984298706,0.49671101570129395,0.503288984298706,6,2,3,zero_shot_paired
86,14,6,17,60,0,1,0,0.504794180393219,0.504794180393219,0.495205819606781,0.504794180393219,6,2,3,zero_shot_paired
86,0,6,0,60,1,1,1,0.5040749311447144,0.5040749311447144,0.49592509865760803,0.5040749311447144,6,2,3,post_calibration
86,1,6,1,60,0,1,0,0.5050747394561768,0.5050747394561768,0.49492523074150085,0.5050747394561768,6,2,3,post_calibration
86,2,6,2,60,1,1,1,0.5061558485031128,0.5061558485031128,0.4938441812992096,0.5061558485031128,6,2,3,post_calibration
86,3,6,3,60,0,1,0,0.5059399008750916,0.5059399008750916,0.49406006932258606,0.5059399008750916,6,2,3,post_calibration
86,4,6,4,60,1,1,1,0.5057729482650757,0.5057729482650757,0.4942270517349243,0.5057729482650757,6,2,3,post_calibration
86,5,6,5,60,0,1,0,0.5018731951713562,0.5018731951713562,0.4981268048286438,0.5018731951713562,6,2,3,post_calibration
86,6,6,7,60,0,1,0,0.5034972429275513,0.5034972429275513,0.4965028166770935,0.5034972429275513,6,2,3,post_calibration
86,7,6,9,60,0,0,1,0.500844419002533,0.500844419002533,0.500844419002533,0.49915561079978943,6,2,3,post_calibration
86,8,6,10,60,1,1,1,0.5051391124725342,0.5051391124725342,0.4948609173297882,0.5051391124725342,6,2,3,post_calibration
86,9,6,11,60,1,1,1,0.5013204216957092,0.5013204216957092,0.49867957830429077,0.5013204216957092,6,2,3,post_calibration
86,10,6,12,60,1,1,1,0.5035451054573059,0.5035451054573059,0.4964548945426941,0.5035451054573059,6,2,3,post_calibration
86,11,6,13,60,0,1,0,0.5008004307746887,0.5008004307746887,0.4991995692253113,0.5008004307746887,6,2,3,post_calibration
86,12,6,14,60,0,1,0,0.5067514777183533,0.5067514777183533,0.4932485520839691,0.5067514777183533,6,2,3,post_calibration
86,13,6,15,60,1,1,1,0.5021832585334778,0.5021832585334778,0.4978167414665222,0.5021832585334778,6,2,3,post_calibration
86,14,6,17,60,0,1,0,0.5033863186836243,0.5033863186836243,0.49661368131637573,0.5033863186836243,6,2,3,post_calibration
87,0,6,0,60,1,1,1,0.504086971282959,0.504086971282959,0.49591299891471863,0.504086971282959,6,3,3,zero_shot_paired
87,1,6,1,60,0,1,0,0.5057342648506165,0.5057342648506165,0.49426570534706116,0.5057342648506165,6,3,3,zero_shot_paired
87,2,6,2,60,1,1,1,0.5064632892608643,0.5064632892608643,0.49353668093681335,0.5064632892608643,6,3,3,zero_shot_paired
87,3,6,4,60,1,1,1,0.5064056515693665,0.5064056515693665,0.49359428882598877,0.5064056515693665,6,3,3,zero_shot_paired
87,4,6,5,60,0,1,0,0.502234697341919,0.502234697341919,0.49776527285575867,0.502234697341919,6,3,3,zero_shot_paired
87,5,6,6,60,1,1,1,0.5058119893074036,0.5058119893074036,0.49418801069259644,0.5058119893074036,6,3,3,zero_shot_paired
87,6,6,7,60,0,1,0,0.5045556426048279,0.5045556426048279,0.4954443871974945,0.5045556426048279,6,3,3,zero_shot_paired
87,7,6,8,60,0,1,0,0.5062091946601868,0.5062091946601868,0.49379077553749084,0.5062091946601868,6,3,3,zero_shot_paired
87,8,6,9,60,0,0,1,0.5004961490631104,0.5004961490631104,0.5004961490631104,0.49950382113456726,6,3,3,zero_shot_paired
87,9,6,11,60,1,1,1,0.5028365254402161,0.5028365254402161,0.49716341495513916,0.5028365254402161,6,3,3,zero_shot_paired
87,10,6,12,60,1,1,1,0.5040585994720459,0.5040585994720459,0.4959413409233093,0.5040585994720459,6,3,3,zero_shot_paired
87,11,6,13,60,0,1,0,0.5017308592796326,0.5017308592796326,0.49826911091804504,0.5017308592796326,6,3,3,zero_shot_paired
87,12,6,14,60,0,1,0,0.5069408416748047,0.5069408416748047,0.4930591285228729,0.5069408416748047,6,3,3,zero_shot_paired
87,13,6,16,60,0,0,1,0.5017139315605164,0.5017139315605164,0.5017139315605164,0.49828606843948364,6,3,3,zero_shot_paired
87,14,6,17,60,0,1,0,0.504794180393219,0.504794180393219,0.495205819606781,0.504794180393219,6,3,3,zero_shot_paired
87,0,6,0,60,1,1,1,0.5041375160217285,0.5041375160217285,0.4958624839782715,0.5041375160217285,6,3,3,post_calibration
87,1,6,1,60,0,1,0,0.5060377717018127,0.5060377717018127,0.49396222829818726,0.5060377717018127,6,3,3,post_calibration
87,2,6,2,60,1,1,1,0.5067940950393677,0.5067940950393677,0.4932059347629547,0.5067940950393677,6,3,3,post_calibration
87,3,6,4,60,1,1,1,0.506097674369812,0.506097674369812,0.493902325630188,0.506097674369812,6,3,3,post_calibration
87,4,6,5,60,0,1,0,0.5021553635597229,0.5021553635597229,0.4978446364402771,0.5021553635597229,6,3,3,post_calibration
87,5,6,6,60,1,1,1,0.5059311389923096,0.5059311389923096,0.4940689206123352,0.5059311389923096,6,3,3,post_calibration
87,6,6,7,60,0,1,0,0.5049124956130981,0.5049124956130981,0.49508747458457947,0.5049124956130981,6,3,3,post_calibration
87,7,6,8,60,0,1,0,0.5072409510612488,0.5072409510612488,0.4927590787410736,0.5072409510612488,6,3,3,post_calibration
87,8,6,9,60,0,0,1,0.5001581311225891,0.5001581311225891,0.5001581311225891,0.4998418986797333,6,3,3,post_calibration
87,9,6,11,60,1,1,1,0.5041875243186951,0.5041875243186951,0.49581247568130493,0.5041875243186951,6,3,3,post_calibration
87,10,6,12,60,1,1,1,0.504362165927887,0.504362165927887,0.49563780426979065,0.504362165927887,6,3,3,post_calibration
87,11,6,13,60,0,1,0,0.5026975274085999,0.5026975274085999,0.49730250239372253,0.5026975274085999,6,3,3,post_calibration
87,12,6,14,60,0,1,0,0.5068312883377075,0.5068312883377075,0.4931687116622925,0.5068312883377075,6,3,3,post_calibration
87,13,6,16,60,0,0,1,0.501887321472168,0.501887321472168,0.501887321472168,0.49811267852783203,6,3,3,post_calibration
87,14,6,17,60,0,1,0,0.505236804485321,0.505236804485321,0.49476322531700134,0.505236804485321,6,3,3,post_calibration
88,0,6,1,60,0,1,0,0.5057342648506165,0.5057342648506165,0.49426570534706116,0.5057342648506165,6,4,3,zero_shot_paired
88,1,6,2,60,1,1,1,0.5064632892608643,0.5064632892608643,0.49353668093681335,0.5064632892608643,6,4,3,zero_shot_paired
88,2,6,3,60,0,1,0,0.5058573484420776,0.5058573484420776,0.49414265155792236,0.5058573484420776,6,4,3,zero_shot_paired
88,3,6,4,60,1,1,1,0.5064056515693665,0.5064056515693665,0.49359428882598877,0.5064056515693665,6,4,3,zero_shot_paired
88,4,6,5,60,0,1,0,0.502234697341919,0.502234697341919,0.49776527285575867,0.502234697341919,6,4,3,zero_shot_paired
88,5,6,6,60,1,1,1,0.5058119893074036,0.5058119893074036,0.49418801069259644,0.5058119893074036,6,4,3,zero_shot_paired
88,6,6,8,60,0,1,0,0.5062091946601868,0.5062091946601868,0.49379077553749084,0.5062091946601868,6,4,3,zero_shot_paired
88,7,6,9,60,0,0,1,0.5004961490631104,0.5004961490631104,0.5004961490631104,0.49950382113456726,6,4,3,zero_shot_paired
88,8,6,10,60,1,1,1,0.5063947439193726,0.5063947439193726,0.49360522627830505,0.5063947439193726,6,4,3,zero_shot_paired
88,9,6,11,60,1,1,1,0.5028365254402161,0.5028365254402161,0.49716341495513916,0.5028365254402161,6,4,3,zero_shot_paired
88,10,6,12,60,1,1,1,0.5040585994720459,0.5040585994720459,0.4959413409233093,0.5040585994720459,6,4,3,zero_shot_paired
88,11,6,13,60,0,1,0,0.5017308592796326,0.5017308592796326,0.49826911091804504,0.5017308592796326,6,4,3,zero_shot_paired
88,12,6,14,60,0,1,0,0.5069408416748047,0.5069408416748047,0.4930591285228729,0.5069408416748047,6,4,3,zero_shot_paired
88,13,6,15,60,1,1,1,0.503288984298706,0.503288984298706,0.49671101570129395,0.503288984298706,6,4,3,zero_shot_paired
88,14,6,16,60,0,0,1,0.5017139315605164,0.5017139315605164,0.5017139315605164,0.49828606843948364,6,4,3,zero_shot_paired
88,0,6,1,60,0,1,0,0.5054935216903687,0.5054935216903687,0.4945065379142761,0.5054935216903687,6,4,3,post_calibration
88,1,6,2,60,1,1,1,0.5063755512237549,0.5063755512237549,0.4936244487762451,0.5063755512237549,6,4,3,post_calibration
88,2,6,3,60,0,1,0,0.506083071231842,0.506083071231842,0.49391698837280273,0.506083071231842,6,4,3,post_calibration
88,3,6,4,60,1,1,1,0.5062887072563171,0.5062887072563171,0.49371129274368286,0.5062887072563171,6,4,3,post_calibration
88,4,6,5,60,0,1,0,0.5017663836479187,0.5017663836479187,0.4982335567474365,0.5017663836479187,6,4,3,post_calibration
88,5,6,6,60,1,1,1,0.5053242444992065,0.5053242444992065,0.49467578530311584,0.5053242444992065,6,4,3,post_calibration
88,6,6,8,60,0,1,0,0.5060807466506958,0.5060807466506958,0.4939192831516266,0.5060807466506958,6,4,3,post_calibration
88,7,6,9,60,0,0,1,0.5011725425720215,0.5011725425720215,0.5011725425720215,0.4988274872303009,6,4,3,post_calibration
88,8,6,10,60,1,1,1,0.5060093402862549,0.5060093402862549,0.4939906597137451,0.5060093402862549,6,4,3,post_calibration
88,9,6,11,60,1,1,1,0.5023477673530579,0.5023477673530579,0.49765223264694214,0.5023477673530579,6,4,3,post_calibration
88,10,6,12,60,1,1,1,0.50401371717453,0.50401371717453,0.4959862530231476,0.50401371717453,6,4,3,post_calibration
88,11,6,13,60,0,1,0,0.5013996958732605,0.5013996958732605,0.4986003637313843,0.5013996958732605,6,4,3,post_calibration
88,12,6,14,60,0,1,0,0.5070035457611084,0.5070035457611084,0.4929964542388916,0.5070035457611084,6,4,3,post_calibration
88,13,6,15,60,1,1,1,0.5031744837760925,0.5031744837760925,0.49682554602622986,0.5031744837760925,6,4,3,post_calibration
88,14,6,16,60,0,0,1,0.5016873478889465,0.5016873478889465,0.5016873478889465,0.49831268191337585,6,4,3,post_calibration
89,0,6,0,60,1,1,1,0.504086971282959,0.504086971282959,0.49591299891471863,0.504086971282959,6,5,3,zero_shot_paired
89,1,6,3,60,0,1,0,0.5058573484420776,0.5058573484420776,0.49414265155792236,0.5058573484420776,6,5,3,zero_shot_paired
89,2,6,4,60,1,1,1,0.5064056515693665,0.5064056515693665,0.49359428882598877,0.5064056515693665,6,5,3,zero_shot_paired
89,3,6,5,60,0,1,0,0.502234697341919,0.502234697341919,0.49776527285575867,0.502234697341919,6,5,3,zero_shot_paired
89,4,6,6,60,1,1,1,0.5058119893074036,0.5058119893074036,0.49418801069259644,0.5058119893074036,6,5,3,zero_shot_paired
89,5,6,7,60,0,1,0,0.5045556426048279,0.5045556426048279,0.4954443871974945,0.5045556426048279,6,5,3,zero_shot_paired
89,6,6,8,60,0,1,0,0.5062091946601868,0.5062091946601868,0.49379077553749084,0.5062091946601868,6,5,3,zero_shot_paired
89,7,6,9,60,0,0,1,0.5004961490631104,0.5004961490631104,0.5004961490631104,0.49950382113456726,6,5,3,zero_shot_paired
89,8,6,10,60,1,1,1,0.5063947439193726,0.5063947439193726,0.49360522627830505,0.5063947439193726,6,5,3,zero_shot_paired
89,9,6,11,60,1,1,1,0.5028365254402161,0.5028365254402161,0.49716341495513916,0.5028365254402161,6,5,3,zero_shot_paired
89,10,6,12,60,1,1,1,0.5040585994720459,0.5040585994720459,0.4959413409233093,0.5040585994720459,6,5,3,zero_shot_paired
89,11,6,13,60,0,1,0,0.5017308592796326,0.5017308592796326,0.49826911091804504,0.5017308592796326,6,5,3,zero_shot_paired
89,12,6,15,60,1,1,1,0.503288984298706,0.503288984298706,0.49671101570129395,0.503288984298706,6,5,3,zero_shot_paired
89,13,6,16,60,0,0,1,0.5017139315605164,0.5017139315605164,0.5017139315605164,0.49828606843948364,6,5,3,zero_shot_paired
89,14,6,17,60,0,1,0,0.504794180393219,0.504794180393219,0.495205819606781,0.504794180393219,6,5,3,zero_shot_paired
89,0,6,0,60,1,1,1,0.5038033723831177,0.5038033723831177,0.4961966574192047,0.5038033723831177,6,5,3,post_calibration
89,1,6,3,60,0,1,0,0.5049673318862915,0.5049673318862915,0.4950326681137085,0.5049673318862915,6,5,3,post_calibration
89,2,6,4,60,1,1,1,0.5056833624839783,0.5056833624839783,0.4943166971206665,0.5056833624839783,6,5,3,post_calibration
89,3,6,5,60,0,1,0,0.501336932182312,0.501336932182312,0.498663067817688,0.501336932182312,6,5,3,post_calibration
89,4,6,6,60,1,1,1,0.5052043795585632,0.5052043795585632,0.494795560836792,0.5052043795585632,6,5,3,post_calibration
89,5,6,7,60,0,1,0,0.5044704079627991,0.5044704079627991,0.4955295920372009,0.5044704079627991,6,5,3,post_calibration
89,6,6,8,60,0,1,0,0.5063984394073486,0.5063984394073486,0.49360156059265137,0.5063984394073486,6,5,3,post_calibration
89,7,6,9,60,0,0,1,0.5010111927986145,0.5010111927986145,0.5010111927986145,0.4989888072013855,6,5,3,post_calibration
89,8,6,10,60,1,1,1,0.506777822971344,0.506777822971344,0.493222177028656,0.506777822971344,6,5,3,post_calibration
89,9,6,11,60,1,1,1,0.5026788115501404,0.5026788115501404,0.4973211884498596,0.5026788115501404,6,5,3,post_calibration
89,10,6,12,60,1,1,1,0.5037412047386169,0.5037412047386169,0.49625876545906067,0.5037412047386169,6,5,3,post_calibration
89,11,6,13,60,0,1,0,0.5022245049476624,0.5022245049476624,0.49777546525001526,0.5022245049476624,6,5,3,post_calibration
89,12,6,15,60,1,1,1,0.503404438495636,0.503404438495636,0.496595561504364,0.503404438495636,6,5,3,post_calibration
89,13,6,16,60,0,0,1,0.5022907257080078,0.5022907257080078,0.5022907257080078,0.4977092742919922,6,5,3,post_calibration
89,14,6,17,60,0,1,0,0.5043365359306335,0.5043365359306335,0.49566352367401123,0.5043365359306335,6,5,3,post_calibration
90,0,6,0,60,1,1,1,0.504086971282959,0.504086971282959,0.49591299891471863,0.504086971282959,6,6,3,zero_shot_paired
90,1,6,1,60,0,1,0,0.5057342648506165,0.5057342648506165,0.49426570534706116,0.5057342648506165,6,6,3,zero_shot_paired
90,2,6,2,60,1,1,1,0.5064632892608643,0.5064632892608643,0.49353668093681335,0.5064632892608643,6,6,3,zero_shot_paired
90,3,6,3,60,0,1,0,0.5058573484420776,0.5058573484420776,0.49414265155792236,0.5058573484420776,6,6,3,zero_shot_paired
90,4,6,5,60,0,1,0,0.502234697341919,0.502234697341919,0.49776527285575867,0.502234697341919,6,6,3,zero_shot_paired
90,5,6,6,60,1,1,1,0.5058119893074036,0.5058119893074036,0.49418801069259644,0.5058119893074036,6,6,3,zero_shot_paired
90,6,6,7,60,0,1,0,0.5045556426048279,0.5045556426048279,0.4954443871974945,0.5045556426048279,6,6,3,zero_shot_paired
90,7,6,8,60,0,1,0,0.5062091946601868,0.5062091946601868,0.49379077553749084,0.5062091946601868,6,6,3,zero_shot_paired
90,8,6,10,60,1,1,1,0.5063947439193726,0.5063947439193726,0.49360522627830505,0.5063947439193726,6,6,3,zero_shot_paired
90,9,6,11,60,1,1,1,0.5028365254402161,0.5028365254402161,0.49716341495513916,0.5028365254402161,6,6,3,zero_shot_paired
90,10,6,12,60,1,1,1,0.5040585994720459,0.5040585994720459,0.4959413409233093,0.5040585994720459,6,6,3,zero_shot_paired
90,11,6,14,60,0,1,0,0.5069408416748047,0.5069408416748047,0.4930591285228729,0.5069408416748047,6,6,3,zero_shot_paired
90,12,6,15,60,1,1,1,0.503288984298706,0.503288984298706,0.49671101570129395,0.503288984298706,6,6,3,zero_shot_paired
90,13,6,16,60,0,0,1,0.5017139315605164,0.5017139315605164,0.5017139315605164,0.49828606843948364,6,6,3,zero_shot_paired
90,14,6,17,60,0,1,0,0.504794180393219,0.504794180393219,0.495205819606781,0.504794180393219,6,6,3,zero_shot_paired
90,0,6,0,60,1,1,1,0.5042129158973694,0.5042129158973694,0.4957871437072754,0.5042129158973694,6,6,3,post_calibration
90,1,6,1,60,0,1,0,0.5049483776092529,0.5049483776092529,0.49505165219306946,0.5049483776092529,6,6,3,post_calibration
90,2,6,2,60,1,1,1,0.506061315536499,0.506061315536499,0.49393871426582336,0.506061315536499,6,6,3,post_calibration
90,3,6,3,60,0,1,0,0.505216658115387,0.505216658115387,0.49478334188461304,0.505216658115387,6,6,3,post_calibration
90,4,6,5,60,0,1,0,0.5026130080223083,0.5026130080223083,0.49738696217536926,0.5026130080223083,6,6,3,post_calibration
90,5,6,6,60,1,1,1,0.5059517025947571,0.5059517025947571,0.4940483570098877,0.5059517025947571,6,6,3,post_calibration
90,6,6,7,60,0,1,0,0.5043308734893799,0.5043308734893799,0.49566909670829773,0.5043308734893799,6,6,3,post_calibration
90,7,6,8,60,0,1,0,0.505832850933075,0.505832850933075,0.49416711926460266,0.505832850933075,6,6,3,post_calibration
90,8,6,10,60,1,1,1,0.5049099922180176,0.5049099922180176,0.4950900375843048,0.5049099922180176,6,6,3,post_calibration
90,9,6,11,60,1,1,1,0.5028185844421387,0.5028185844421387,0.4971814453601837,0.5028185844421387,6,6,3,post_calibration
90,10,6,12,60,1,1,1,0.5040495991706848,0.5040495991706848,0.4959503710269928,0.5040495991706848,6,6,3,post_calibration
90,11,6,14,60,0,1,0,0.5071683526039124,0.5071683526039124,0.49283164739608765,0.5071683526039124,6,6,3,post_calibration
90,12,6,15,60,1,1,1,0.5023837685585022,0.5023837685585022,0.4976162016391754,0.5023837685585022,6,6,3,post_calibration
90,13,6,16,60,0,0,1,0.5007184743881226,0.5007184743881226,0.5007184743881226,0.49928152561187744,6,6,3,post_calibration
90,14,6,17,60,0,1,0,0.5053133368492126,0.5053133368492126,0.49468663334846497,0.5053133368492126,6,6,3,post_calibration
91,0,6,2,60,1,1,1,0.5064632892608643,0.5064632892608643,0.49353668093681335,0.5064632892608643,6,1,6,zero_shot_paired
91,1,6,3,60,0,1,0,0.5058573484420776,0.5058573484420776,0.49414265155792236,0.5058573484420776,6,1,6,zero_shot_paired
91,2,6,4,60,1,1,1,0.5064056515693665,0.5064056515693665,0.49359428882598877,0.5064056515693665,6,1,6,zero_shot_paired
91,3,6,5,60,0,1,0,0.502234697341919,0.502234697341919,0.49776527285575867,0.502234697341919,6,1,6,zero_shot_paired
91,4,6,7,60,0,1,0,0.5045556426048279,0.5045556426048279,0.4954443871974945,0.5045556426048279,6,1,6,zero_shot_paired
91,5,6,10,60,1,1,1,0.5063947439193726,0.5063947439193726,0.49360522627830505,0.5063947439193726,6,1,6,zero_shot_paired
91,6,6,11,60,1,1,1,0.5028365254402161,0.5028365254402161,0.49716341495513916,0.5028365254402161,6,1,6,zero_shot_paired
91,7,6,12,60,1,1,1,0.5040585994720459,0.5040585994720459,0.4959413409233093,0.5040585994720459,6,1,6,zero_shot_paired
91,8,6,13,60,0,1,0,0.5017308592796326,0.5017308592796326,0.49826911091804504,0.5017308592796326,6,1,6,zero_shot_paired
91,9,6,15,60,1,1,1,0.503288984298706,0.503288984298706,0.49671101570129395,0.503288984298706,6,1,6,zero_shot_paired
91,10,6,16,60,0,0,1,0.5017139315605164,0.5017139315605164,0.5017139315605164,0.49828606843948364,6,1,6,zero_shot_paired
91,11,6,17,60,0,1,0,0.504794180393219,0.504794180393219,0.495205819606781,0.504794180393219,6,1,6,zero_shot_paired
91,0,6,2,60,1,1,1,0.5059205889701843,0.5059205889701843,0.4940793514251709,0.5059205889701843,6,1,6,post_calibration
91,1,6,3,60,0,1,0,0.5061066746711731,0.5061066746711731,0.4938933551311493,0.5061066746711731,6,1,6,post_calibration
91,2,6,4,60,1,1,1,0.5063990354537964,0.5063990354537964,0.493600994348526,0.5063990354537964,6,1,6,post_calibration
91,3,6,5,60,0,1,0,0.5017706155776978,0.5017706155776978,0.49822935461997986,0.5017706155776978,6,1,6,post_calibration
91,4,6,7,60,0,1,0,0.504155158996582,0.504155158996582,0.49584490060806274,0.504155158996582,6,1,6,post_calibration
91,5,6,10,60,1,1,1,0.5038062334060669,0.5038062334060669,0.49619370698928833,0.5038062334060669,6,1,6,post_calibration
91,6,6,11,60,1,1,1,0.5019680857658386,0.5019680857658386,0.4980319142341614,0.5019680857658386,6,1,6,post_calibration
91,7,6,12,60,1,1,1,0.5038829445838928,0.5038829445838928,0.4961170554161072,0.5038829445838928,6,1,6,post_calibration
91,8,6,13,60,0,0,1,0.5004186630249023,0.5004186630249023,0.5004186630249023,0.49958130717277527,6,1,6,post_calibration
91,9,6,15,60,1,1,1,0.5024719834327698,0.5024719834327698,0.49752798676490784,0.5024719834327698,6,1,6,post_calibration
91,10,6,16,60,0,0,1,0.5014337301254272,0.5014337301254272,0.5014337301254272,0.49856624007225037,6,1,6,post_calibration
91,11,6,17,60,0,1,0,0.5033288598060608,0.5033288598060608,0.4966711401939392,0.5033288598060608,6,1,6,post_calibration
92,0,6,0,60,1,1,1,0.504086971282959,0.504086971282959,0.49591299891471863,0.504086971282959,6,2,6,zero_shot_paired
92,1,6,1,60,0,1,0,0.5057342648506165,0.5057342648506165,0.49426570534706116,0.5057342648506165,6,2,6,zero_shot_paired
92,2,6,2,60,1,1,1,0.5064632892608643,0.5064632892608643,0.49353668093681335,0.5064632892608643,6,2,6,zero_shot_paired
92,3,6,4,60,1,1,1,0.5064056515693665,0.5064056515693665,0.49359428882598877,0.5064056515693665,6,2,6,zero_shot_paired
92,4,6,5,60,0,1,0,0.502234697341919,0.502234697341919,0.49776527285575867,0.502234697341919,6,2,6,zero_shot_paired
92,5,6,6,60,1,1,1,0.5058119893074036,0.5058119893074036,0.49418801069259644,0.5058119893074036,6,2,6,zero_shot_paired
92,6,6,7,60,0,1,0,0.5045556426048279,0.5045556426048279,0.4954443871974945,0.5045556426048279,6,2,6,zero_shot_paired
92,7,6,8,60,0,1,0,0.5062091946601868,0.5062091946601868,0.49379077553749084,0.5062091946601868,6,2,6,zero_shot_paired
92,8,6,9,60,0,0,1,0.5004961490631104,0.5004961490631104,0.5004961490631104,0.49950382113456726,6,2,6,zero_shot_paired
92,9,6,13,60,0,1,0,0.5017308592796326,0.5017308592796326,0.49826911091804504,0.5017308592796326,6,2,6,zero_shot_paired
92,10,6,14,60,0,1,0,0.5069408416748047,0.5069408416748047,0.4930591285228729,0.5069408416748047,6,2,6,zero_shot_paired
92,11,6,15,60,1,1,1,0.503288984298706,0.503288984298706,0.49671101570129395,0.503288984298706,6,2,6,zero_shot_paired
92,0,6,0,60,1,1,1,0.5042275786399841,0.5042275786399841,0.49577242136001587,0.5042275786399841,6,2,6,post_calibration
92,1,6,1,60,0,1,0,0.5058487057685852,0.5058487057685852,0.4941512942314148,0.5058487057685852,6,2,6,post_calibration
92,2,6,2,60,1,1,1,0.5069730281829834,0.5069730281829834,0.493027001619339,0.5069730281829834,6,2,6,post_calibration
92,3,6,4,60,1,1,1,0.5058199763298035,0.5058199763298035,0.49417996406555176,0.5058199763298035,6,2,6,post_calibration
92,4,6,5,60,0,1,0,0.5018323659896851,0.5018323659896851,0.49816766381263733,0.5018323659896851,6,2,6,post_calibration
92,5,6,6,60,1,1,1,0.5048924684524536,0.5048924684524536,0.4951075315475464,0.5048924684524536,6,2,6,post_calibration
92,6,6,7,60,0,1,0,0.5044662952423096,0.5044662952423096,0.49553367495536804,0.5044662952423096,6,2,6,post_calibration
92,7,6,8,60,0,1,0,0.5059980154037476,0.5059980154037476,0.49400195479393005,0.5059980154037476,6,2,6,post_calibration
92,8,6,9,60,0,0,1,0.5002231001853943,0.5002231001853943,0.5002231001853943,0.4997768998146057,6,2,6,post_calibration
92,9,6,13,60,0,1,0,0.502754807472229,0.502754807472229,0.4972452223300934,0.502754807472229,6,2,6,post_calibration
92,10,6,14,60,0,1,0,0.5065097808837891,0.5065097808837891,0.49349021911621094,0.5065097808837891,6,2,6,post_calibration
92,11,6,15,60,1,1,1,0.5042190551757812,0.5042190551757812,0.49578091502189636,0.5042190551757812,6,2,6,post_calibration
93,0,6,0,60,1,1,1,0.504086971282959,0.504086971282959,0.49591299891471863,0.504086971282959,6,3,6,zero_shot_paired
93,1,6,1,60,0,1,0,0.5057342648506165,0.5057342648506165,0.49426570534706116,0.5057342648506165,6,3,6,zero_shot_paired
93,2,6,3,60,0,1,0,0.5058573484420776,0.5058573484420776,0.49414265155792236,0.5058573484420776,6,3,6,zero_shot_paired
93,3,6,6,60,1,1,1,0.5058119893074036,0.5058119893074036,0.49418801069259644,0.5058119893074036,6,3,6,zero_shot_paired
93,4,6,8,60,0,1,0,0.5062091946601868,0.5062091946601868,0.49379077553749084,0.5062091946601868,6,3,6,zero_shot_paired
93,5,6,9,60,0,0,1,0.5004961490631104,0.5004961490631104,0.5004961490631104,0.49950382113456726,6,3,6,zero_shot_paired
93,6,6,10,60,1,1,1,0.5063947439193726,0.5063947439193726,0.49360522627830505,0.5063947439193726,6,3,6,zero_shot_paired
93,7,6,11,60,1,1,1,0.5028365254402161,0.5028365254402161,0.49716341495513916,0.5028365254402161,6,3,6,zero_shot_paired
93,8,6,12,60,1,1,1,0.5040585994720459,0.5040585994720459,0.4959413409233093,0.5040585994720459,6,3,6,zero_shot_paired
93,9,6,14,60,0,1,0,0.5069408416748047,0.5069408416748047,0.4930591285228729,0.5069408416748047,6,3,6,zero_shot_paired
93,10,6,16,60,0,0,1,0.5017139315605164,0.5017139315605164,0.5017139315605164,0.49828606843948364,6,3,6,zero_shot_paired
93,11,6,17,60,0,1,0,0.504794180393219,0.504794180393219,0.495205819606781,0.504794180393219,6,3,6,zero_shot_paired
93,0,6,0,60,1,1,1,0.5040011405944824,0.5040011405944824,0.4959988296031952,0.5040011405944824,6,3,6,post_calibration
93,1,6,1,60,0,1,0,0.504580557346344,0.504580557346344,0.495419442653656,0.504580557346344,6,3,6,post_calibration
93,2,6,3,60,0,1,0,0.5051394104957581,0.5051394104957581,0.49486058950424194,0.5051394104957581,6,3,6,post_calibration
93,3,6,6,60,1,1,1,0.5049906969070435,0.5049906969070435,0.49500930309295654,0.5049906969070435,6,3,6,post_calibration
93,4,6,8,60,0,1,0,0.5058263540267944,0.5058263540267944,0.4941736161708832,0.5058263540267944,6,3,6,post_calibration
93,5,6,9,60,0,0,1,0.5014896392822266,0.5014896392822266,0.5014896392822266,0.4985103905200958,6,3,6,post_calibration
93,6,6,10,60,1,1,1,0.5052021741867065,0.5052021741867065,0.49479782581329346,0.5052021741867065,6,3,6,post_calibration
93,7,6,11,60,1,1,1,0.5019048452377319,0.5019048452377319,0.49809515476226807,0.5019048452377319,6,3,6,post_calibration
93,8,6,12,60,1,1,1,0.5031171441078186,0.5031171441078186,0.4968828558921814,0.5031171441078186,6,3,6,post_calibration
93,9,6,14,60,0,1,0,0.5058495998382568,0.5058495998382568,0.49415042996406555,0.5058495998382568,6,3,6,post_calibration
93,10,6,16,60,0,0,1,0.5019247531890869,0.5019247531890869,0.5019247531890869,0.4980752170085907,6,3,6,post_calibration
93,11,6,17,60,0,1,0,0.5039091110229492,0.5039091110229492,0.4960908591747284,0.5039091110229492,6,3,6,post_calibration
94,0,6,2,60,1,1,1,0.5064634084701538,0.5064634084701538,0.4935365617275238,0.5064634084701538,6,1,9,zero_shot_paired
94,1,6,3,60,0,1,0,0.5058575868606567,0.5058575868606567,0.49414241313934326,0.5058575868606567,6,1,9,zero_shot_paired
94,2,6,4,60,1,1,1,0.5064059495925903,0.5064059495925903,0.49359411001205444,0.5064059495925903,6,1,9,zero_shot_paired
94,3,6,8,60,0,1,0,0.5062090754508972,0.5062090754508972,0.4937909245491028,0.5062090754508972,6,1,9,zero_shot_paired
94,4,6,9,60,0,0,1,0.5004961490631104,0.5004961490631104,0.5004961490631104,0.49950385093688965,6,1,9,zero_shot_paired
94,5,6,10,60,1,1,1,0.5063948035240173,0.5063948035240173,0.49360519647598267,0.5063948035240173,6,1,9,zero_shot_paired
94,6,6,14,60,0,1,0,0.5069407820701599,0.5069407820701599,0.4930591881275177,0.5069407820701599,6,1,9,zero_shot_paired
94,7,6,15,60,1,1,1,0.503288984298706,0.503288984298706,0.49671101570129395,0.503288984298706,6,1,9,zero_shot_paired
94,8,6,16,60,0,0,1,0.5017140507698059,0.5017140507698059,0.5017140507698059,0.4982859492301941,6,1,9,zero_shot_paired
94,0,6,2,60,1,1,1,0.5060549378395081,0.5060549378395081,0.49394506216049194,0.5060549378395081,6,1,9,post_calibration
94,1,6,3,60,0,1,0,0.5055357813835144,0.5055357813835144,0.4944642186164856,0.5055357813835144,6,1,9,post_calibration
94,2,6,4,60,1,1,1,0.507295548915863,0.507295548915863,0.49270445108413696,0.507295548915863,6,1,9,post_calibration
94,3,6,8,60,0,1,0,0.5053558349609375,0.5053558349609375,0.4946441650390625,0.5053558349609375,6,1,9,post_calibration
94,4,6,9,60,0,0,1,0.5020114183425903,0.5020114183425903,0.5020114183425903,0.4979885518550873,6,1,9,post_calibration
94,5,6,10,60,1,1,1,0.5043560266494751,0.5043560266494751,0.4956440031528473,0.5043560266494751,6,1,9,post_calibration
94,6,6,14,60,0,1,0,0.5071165561676025,0.5071165561676025,0.49288344383239746,0.5071165561676025,6,1,9,post_calibration
94,7,6,15,60,1,1,1,0.5029771327972412,0.5029771327972412,0.4970228672027588,0.5029771327972412,6,1,9,post_calibration
94,8,6,16,60,0,0,1,0.5011582374572754,0.5011582374572754,0.5011582374572754,0.4988417327404022,6,1,9,post_calibration
95,0,6,0,60,1,1,1,0.5040871500968933,0.5040871500968933,0.4959128797054291,0.5040871500968933,6,2,9,zero_shot_paired
95,1,6,1,60,0,1,0,0.5057342052459717,0.5057342052459717,0.49426576495170593,0.5057342052459717,6,2,9,zero_shot_paired
95,2,6,5,60,0,1,0,0.502234935760498,0.502234935760498,0.49776509404182434,0.502234935760498,6,2,9,zero_shot_paired
95,3,6,6,60,1,1,1,0.5058120489120483,0.5058120489120483,0.49418795108795166,0.5058120489120483,6,2,9,zero_shot_paired
95,4,6,7,60,0,1,0,0.5045555233955383,0.5045555233955383,0.4954444468021393,0.5045555233955383,6,2,9,zero_shot_paired
95,5,6,11,60,1,1,1,0.5028365254402161,0.5028365254402161,0.49716341495513916,0.5028365254402161,6,2,9,zero_shot_paired
95,6,6,12,60,1,1,1,0.5040587782859802,0.5040587782859802,0.4959412217140198,0.5040587782859802,6,2,9,zero_shot_paired
95,7,6,13,60,0,1,0,0.5017309188842773,0.5017309188842773,0.49826911091804504,0.5017309188842773,6,2,9,zero_shot_paired
95,8,6,17,60,0,1,0,0.504794180393219,0.504794180393219,0.4952057898044586,0.504794180393219,6,2,9,zero_shot_paired
95,0,6,0,60,1,1,1,0.5039893984794617,0.5039893984794617,0.49601060152053833,0.5039893984794617,6,2,9,post_calibration
95,1,6,1,60,0,1,0,0.5051537156105042,0.5051537156105042,0.49484631419181824,0.5051537156105042,6,2,9,post_calibration
95,2,6,5,60,0,1,0,0.5017553567886353,0.5017553567886353,0.49824467301368713,0.5017553567886353,6,2,9,post_calibration
95,3,6,6,60,1,1,1,0.505414605140686,0.505414605140686,0.4945853650569916,0.505414605140686,6,2,9,post_calibration
95,4,6,7,60,0,1,0,0.5037999749183655,0.5037999749183655,0.49619999527931213,0.5037999749183655,6,2,9,post_calibration
95,5,6,11,60,1,1,1,0.5034810900688171,0.5034810900688171,0.4965188801288605,0.5034810900688171,6,2,9,post_calibration
95,6,6,12,60,1,1,1,0.5041574239730835,0.5041574239730835,0.4958426058292389,0.5041574239730835,6,2,9,post_calibration
95,7,6,13,60,0,1,0,0.5010735988616943,0.5010735988616943,0.49892646074295044,0.5010735988616943,6,2,9,post_calibration
95,8,6,17,60,0,1,0,0.504850447177887,0.504850447177887,0.49514952301979065,0.504850447177887,6,2,9,post_calibration
96,0,6,2,60,1,1,1,0.5064640641212463,0.5064640641212463,0.49353596568107605,0.5064640641212463,6,1,12,zero_shot_paired
96,1,6,5,60,0,1,0,0.5022368431091309,0.5022368431091309,0.49776318669319153,0.5022368431091309,6,1,12,zero_shot_paired
96,2,6,6,60,1,1,1,0.5058112740516663,0.5058112740516663,0.49418875575065613,0.5058112740516663,6,1,12,zero_shot_paired
96,3,6,8,60,0,1,0,0.5062069892883301,0.5062069892883301,0.4937930107116699,0.5062069892883301,6,1,12,zero_shot_paired
96,4,6,12,60,1,1,1,0.5040578842163086,0.5040578842163086,0.4959421455860138,0.5040578842163086,6,1,12,zero_shot_paired
96,5,6,16,60,0,0,1,0.5017110109329224,0.5017110109329224,0.5017110109329224,0.4982890188694,6,1,12,zero_shot_paired
96,0,6,2,60,1,1,1,0.5059065818786621,0.5059065818786621,0.4940933883190155,0.5059065818786621,6,1,12,post_calibration
96,1,6,5,60,0,1,0,0.5010143518447876,0.5010143518447876,0.4989856481552124,0.5010143518447876,6,1,12,post_calibration
96,2,6,6,60,1,1,1,0.5037579536437988,0.5037579536437988,0.4962419867515564,0.5037579536437988,6,1,12,post_calibration
96,3,6,8,60,0,1,0,0.5058905482292175,0.5058905482292175,0.49410951137542725,0.5058905482292175,6,1,12,post_calibration
96,4,6,12,60,1,1,1,0.5036444664001465,0.5036444664001465,0.49635550379753113,0.5036444664001465,6,1,12,post_calibration
96,5,6,16,60,0,0,1,0.5032289028167725,0.5032289028167725,0.5032289028167725,0.49677109718322754,6,1,12,post_calibration
97,0,6,1,60,0,1,0,0.5057349801063538,0.5057349801063538,0.49426504969596863,0.5057349801063538,6,2,12,zero_shot_paired
97,1,6,6,60,1,1,1,0.5058112740516663,0.5058112740516663,0.49418875575065613,0.5058112740516663,6,2,12,zero_shot_paired
97,2,6,7,60,0,1,0,0.50455641746521,0.50455641746521,0.49544352293014526,0.50455641746521,6,2,12,zero_shot_paired
97,3,6,11,60,1,1,1,0.5028359293937683,0.5028359293937683,0.4971640706062317,0.5028359293937683,6,2,12,zero_shot_paired
97,4,6,15,60,1,1,1,0.503289520740509,0.503289520740509,0.49671050906181335,0.503289520740509,6,2,12,zero_shot_paired
97,5,6,16,60,0,0,1,0.5017110109329224,0.5017110109329224,0.5017110109329224,0.4982890188694,6,2,12,zero_shot_paired
97,0,6,1,60,0,1,0,0.5034215450286865,0.5034215450286865,0.4965784549713135,0.5034215450286865,6,2,12,post_calibration
97,1,6,6,60,1,1,1,0.5037742257118225,0.5037742257118225,0.4962257444858551,0.5037742257118225,6,2,12,post_calibration
97,2,6,7,60,0,1,0,0.5041722059249878,0.5041722059249878,0.4958277940750122,0.5041722059249878,6,2,12,post_calibration
97,3,6,11,60,1,1,1,0.5022887587547302,0.5022887587547302,0.4977112114429474,0.5022887587547302,6,2,12,post_calibration
97,4,6,15,60,1,1,1,0.5031776428222656,0.5031776428222656,0.49682241678237915,0.5031776428222656,6,2,12,post_calibration
97,5,6,16,60,0,0,1,0.5029639005661011,0.5029639005661011,0.5029639005661011,0.4970360994338989,6,2,12,post_calibration
98,0,6,0,60,1,1,1,0.5040871500968933,0.5040871500968933,0.4959128797054291,0.5040871500968933,6,3,12,zero_shot_paired
98,1,6,1,60,0,1,0,0.5057349801063538,0.5057349801063538,0.49426504969596863,0.5057349801063538,6,3,12,zero_shot_paired
98,2,6,2,60,1,1,1,0.5064640641212463,0.5064640641212463,0.49353596568107605,0.5064640641212463,6,3,12,zero_shot_paired
98,3,6,10,60,1,1,1,0.506392776966095,0.506392776966095,0.4936072528362274,0.506392776966095,6,3,12,zero_shot_paired
98,4,6,14,60,0,1,0,0.5069418549537659,0.5069418549537659,0.4930581748485565,0.5069418549537659,6,3,12,zero_shot_paired
98,5,6,16,60,0,0,1,0.5017110109329224,0.5017110109329224,0.5017110109329224,0.4982890188694,6,3,12,zero_shot_paired
98,0,6,0,60,1,1,1,0.5045961737632751,0.5045961737632751,0.49540382623672485,0.5045961737632751,6,3,12,post_calibration
98,1,6,1,60,0,1,0,0.5039201974868774,0.5039201974868774,0.49607986211776733,0.5039201974868774,6,3,12,post_calibration
98,2,6,2,60,1,1,1,0.5063628554344177,0.5063628554344177,0.4936370849609375,0.5063628554344177,6,3,12,post_calibration
98,3,6,10,60,1,1,1,0.5040587782859802,0.5040587782859802,0.4959412217140198,0.5040587782859802,6,3,12,post_calibration
98,4,6,14,60,0,1,0,0.5052924752235413,0.5052924752235413,0.49470755457878113,0.5052924752235413,6,3,12,post_calibration
98,5,6,16,60,0,0,1,0.502086341381073,0.502086341381073,0.502086341381073,0.497913658618927,6,3,12,post_calibration
8,0,7,0,60,0,1,0,0.5070089101791382,0.5070089101791382,0.4929910898208618,0.5070089101791382,7,,,zero_shot_all_trials
8,1,7,1,60,1,0,0,0.5006281137466431,0.5006281137466431,0.5006281137466431,0.49937185645103455,7,,,zero_shot_all_trials
8,2,7,2,60,1,1,1,0.5041715502738953,0.5041715502738953,0.49582841992378235,0.5041715502738953,7,,,zero_shot_all_trials
8,3,7,3,60,1,1,1,0.5024654269218445,0.5024654269218445,0.49753454327583313,0.5024654269218445,7,,,zero_shot_all_trials
8,4,7,4,60,1,1,1,0.504528284072876,0.504528284072876,0.49547168612480164,0.504528284072876,7,,,zero_shot_all_trials
8,5,7,5,60,1,1,1,0.503069281578064,0.503069281578064,0.4969307482242584,0.503069281578064,7,,,zero_shot_all_trials
8,6,7,6,60,1,1,1,0.5008141994476318,0.5008141994476318,0.49918583035469055,0.5008141994476318,7,,,zero_shot_all_trials
8,7,7,7,60,0,0,1,0.5013150572776794,0.5013150572776794,0.5013150572776794,0.49868497252464294,7,,,zero_shot_all_trials
8,8,7,8,60,0,1,0,0.5032473206520081,0.5032473206520081,0.49675267934799194,0.5032473206520081,7,,,zero_shot_all_trials
8,9,7,9,60,1,1,1,0.5036213397979736,0.5036213397979736,0.49637869000434875,0.5036213397979736,7,,,zero_shot_all_trials
8,10,7,10,60,1,1,1,0.5047163963317871,0.5047163963317871,0.4952836036682129,0.5047163963317871,7,,,zero_shot_all_trials
8,11,7,11,60,1,1,1,0.50323885679245,0.50323885679245,0.49676114320755005,0.50323885679245,7,,,zero_shot_all_trials
8,12,7,12,60,1,1,1,0.5032421946525574,0.5032421946525574,0.49675777554512024,0.5032421946525574,7,,,zero_shot_all_trials
8,13,7,13,60,1,1,1,0.5064935684204102,0.5064935684204102,0.49350643157958984,0.5064935684204102,7,,,zero_shot_all_trials
8,14,7,14,60,1,1,1,0.5012842416763306,0.5012842416763306,0.49871572852134705,0.5012842416763306,7,,,zero_shot_all_trials
8,15,7,15,60,1,0,0,0.5025194883346558,0.5025194883346558,0.5025194883346558,0.4974805414676666,7,,,zero_shot_all_trials
8,16,7,16,60,0,1,0,0.5067532658576965,0.5067532658576965,0.4932467043399811,0.5067532658576965,7,,,zero_shot_all_trials
8,17,7,17,60,1,1,1,0.5085787177085876,0.5085787177085876,0.49142134189605713,0.5085787177085876,7,,,zero_shot_all_trials
99,0,7,0,60,0,1,0,0.5070090293884277,0.5070090293884277,0.49299097061157227,0.5070090293884277,7,1,3,zero_shot_paired
99,1,7,1,60,1,0,0,0.5006281733512878,0.5006281733512878,0.5006281733512878,0.49937185645103455,7,1,3,zero_shot_paired
99,2,7,2,60,1,1,1,0.5041715502738953,0.5041715502738953,0.49582844972610474,0.5041715502738953,7,1,3,zero_shot_paired
99,3,7,3,60,1,1,1,0.5024654269218445,0.5024654269218445,0.4975346028804779,0.5024654269218445,7,1,3,zero_shot_paired
99,4,7,4,60,1,1,1,0.504528284072876,0.504528284072876,0.49547168612480164,0.504528284072876,7,1,3,zero_shot_paired
99,5,7,5,60,1,1,1,0.503069281578064,0.503069281578064,0.4969307482242584,0.503069281578064,7,1,3,zero_shot_paired
99,6,7,6,60,1,1,1,0.5008141398429871,0.5008141398429871,0.49918583035469055,0.5008141398429871,7,1,3,zero_shot_paired
99,7,7,8,60,0,1,0,0.5032473206520081,0.5032473206520081,0.49675270915031433,0.5032473206520081,7,1,3,zero_shot_paired
99,8,7,9,60,1,1,1,0.5036212801933289,0.5036212801933289,0.49637869000434875,0.5036212801933289,7,1,3,zero_shot_paired
99,9,7,11,60,1,1,1,0.5032389163970947,0.5032389163970947,0.49676114320755005,0.5032389163970947,7,1,3,zero_shot_paired
99,10,7,12,60,1,1,1,0.5032421946525574,0.5032421946525574,0.4967578053474426,0.5032421946525574,7,1,3,zero_shot_paired
99,11,7,13,60,1,1,1,0.5064935088157654,0.5064935088157654,0.4935064911842346,0.5064935088157654,7,1,3,zero_shot_paired
99,12,7,14,60,1,1,1,0.5012843012809753,0.5012843012809753,0.49871569871902466,0.5012843012809753,7,1,3,zero_shot_paired
99,13,7,15,60,1,0,0,0.5025197267532349,0.5025197267532349,0.5025197267532349,0.4974803030490875,7,1,3,zero_shot_paired
99,14,7,16,60,0,1,0,0.5067532658576965,0.5067532658576965,0.4932467043399811,0.5067532658576965,7,1,3,zero_shot_paired
99,0,7,0,60,0,1,0,0.5081963539123535,0.5081963539123535,0.49180367588996887,0.5081963539123535,7,1,3,post_calibration
99,1,7,1,60,1,1,1,0.5000222325325012,0.5000222325325012,0.4999777376651764,0.5000222325325012,7,1,3,post_calibration
99,2,7,2,60,1,1,1,0.5046326518058777,0.5046326518058777,0.4953673779964447,0.5046326518058777,7,1,3,post_calibration
99,3,7,3,60,1,1,1,0.5028934478759766,0.5028934478759766,0.49710655212402344,0.5028934478759766,7,1,3,post_calibration
99,4,7,4,60,1,1,1,0.5054975152015686,0.5054975152015686,0.4945025146007538,0.5054975152015686,7,1,3,post_calibration
99,5,7,5,60,1,1,1,0.5037479400634766,0.5037479400634766,0.49625203013420105,0.5037479400634766,7,1,3,post_calibration
99,6,7,6,60,1,1,1,0.5015319585800171,0.5015319585800171,0.4984680712223053,0.5015319585800171,7,1,3,post_calibration
99,7,7,8,60,0,1,0,0.503726601600647,0.503726601600647,0.4962734282016754,0.503726601600647,7,1,3,post_calibration
99,8,7,9,60,1,1,1,0.5046839118003845,0.5046839118003845,0.4953160583972931,0.5046839118003845,7,1,3,post_calibration
99,9,7,11,60,1,1,1,0.5039543509483337,0.5039543509483337,0.49604564905166626,0.5039543509483337,7,1,3,post_calibration
99,10,7,12,60,1,1,1,0.504109263420105,0.504109263420105,0.4958907663822174,0.504109263420105,7,1,3,post_calibration
99,11,7,13,60,1,1,1,0.50711989402771,0.50711989402771,0.49288010597229004,0.50711989402771,7,1,3,post_calibration
99,12,7,14,60,1,1,1,0.5014554262161255,0.5014554262161255,0.4985445439815521,0.5014554262161255,7,1,3,post_calibration
99,13,7,15,60,1,0,0,0.5016581416130066,0.5016581416130066,0.5016581416130066,0.4983418881893158,7,1,3,post_calibration
99,14,7,16,60,0,1,0,0.5075410604476929,0.5075410604476929,0.4924589693546295,0.5075410604476929,7,1,3,post_calibration
100,0,7,0,60,0,1,0,0.5070090293884277,0.5070090293884277,0.49299097061157227,0.5070090293884277,7,2,3,zero_shot_paired
100,1,7,1,60,1,0,0,0.5006281733512878,0.5006281733512878,0.5006281733512878,0.49937185645103455,7,2,3,zero_shot_paired
100,2,7,2,60,1,1,1,0.5041715502738953,0.5041715502738953,0.49582844972610474,0.5041715502738953,7,2,3,zero_shot_paired
100,3,7,3,60,1,1,1,0.5024654269218445,0.5024654269218445,0.4975346028804779,0.5024654269218445,7,2,3,zero_shot_paired
100,4,7,4,60,1,1,1,0.504528284072876,0.504528284072876,0.49547168612480164,0.504528284072876,7,2,3,zero_shot_paired
100,5,7,5,60,1,1,1,0.503069281578064,0.503069281578064,0.4969307482242584,0.503069281578064,7,2,3,zero_shot_paired
100,6,7,6,60,1,1,1,0.5008141398429871,0.5008141398429871,0.49918583035469055,0.5008141398429871,7,2,3,zero_shot_paired
100,7,7,7,60,0,0,1,0.5013150572776794,0.5013150572776794,0.5013150572776794,0.49868491291999817,7,2,3,zero_shot_paired
100,8,7,8,60,0,1,0,0.5032473206520081,0.5032473206520081,0.49675270915031433,0.5032473206520081,7,2,3,zero_shot_paired
100,9,7,9,60,1,1,1,0.5036212801933289,0.5036212801933289,0.49637869000434875,0.5036212801933289,7,2,3,zero_shot_paired
100,10,7,10,60,1,1,1,0.5047163367271423,0.5047163367271423,0.4952836036682129,0.5047163367271423,7,2,3,zero_shot_paired
100,11,7,12,60,1,1,1,0.5032421946525574,0.5032421946525574,0.4967578053474426,0.5032421946525574,7,2,3,zero_shot_paired
100,12,7,13,60,1,1,1,0.5064935088157654,0.5064935088157654,0.4935064911842346,0.5064935088157654,7,2,3,zero_shot_paired
100,13,7,15,60,1,0,0,0.5025197267532349,0.5025197267532349,0.5025197267532349,0.4974803030490875,7,2,3,zero_shot_paired
100,14,7,17,60,1,1,1,0.5085785984992981,0.5085785984992981,0.4914214313030243,0.5085785984992981,7,2,3,zero_shot_paired
100,0,7,0,60,0,1,0,0.507439911365509,0.507439911365509,0.49256011843681335,0.507439911365509,7,2,3,post_calibration
100,1,7,1,60,1,1,1,0.5003879070281982,0.5003879070281982,0.49961212277412415,0.5003879070281982,7,2,3,post_calibration
100,2,7,2,60,1,1,1,0.5045951008796692,0.5045951008796692,0.4954048693180084,0.5045951008796692,7,2,3,post_calibration
100,3,7,3,60,1,1,1,0.5030040144920349,0.5030040144920349,0.4969959557056427,0.5030040144920349,7,2,3,post_calibration
100,4,7,4,60,1,1,1,0.5045241117477417,0.5045241117477417,0.4954758882522583,0.5045241117477417,7,2,3,post_calibration
100,5,7,5,60,1,1,1,0.5032868385314941,0.5032868385314941,0.49671313166618347,0.5032868385314941,7,2,3,post_calibration
100,6,7,6,60,1,1,1,0.5014309287071228,0.5014309287071228,0.4985690712928772,0.5014309287071228,7,2,3,post_calibration
100,7,7,7,60,0,0,1,0.5004626512527466,0.5004626512527466,0.5004626512527466,0.4995373785495758,7,2,3,post_calibration
100,8,7,8,60,0,1,0,0.503890335559845,0.503890335559845,0.49610963463783264,0.503890335559845,7,2,3,post_calibration
100,9,7,9,60,1,1,1,0.503508448600769,0.503508448600769,0.49649152159690857,0.503508448600769,7,2,3,post_calibration
100,10,7,10,60,1,1,1,0.5050955414772034,0.5050955414772034,0.49490445852279663,0.5050955414772034,7,2,3,post_calibration
100,11,7,12,60,1,1,1,0.5032036900520325,0.5032036900520325,0.49679628014564514,0.5032036900520325,7,2,3,post_calibration
100,12,7,13,60,1,1,1,0.5070700645446777,0.5070700645446777,0.49292993545532227,0.5070700645446777,7,2,3,post_calibration
100,13,7,15,60,1,0,0,0.5019012093544006,0.5019012093544006,0.5019012093544006,0.49809882044792175,7,2,3,post_calibration
100,14,7,17,60,1,1,1,0.508776068687439,0.508776068687439,0.49122390151023865,0.508776068687439,7,2,3,post_calibration
101,0,7,1,60,1,0,0,0.5006281733512878,0.5006281733512878,0.5006281733512878,0.49937185645103455,7,3,3,zero_shot_paired
101,1,7,2,60,1,1,1,0.5041715502738953,0.5041715502738953,0.49582844972610474,0.5041715502738953,7,3,3,zero_shot_paired
101,2,7,4,60,1,1,1,0.504528284072876,0.504528284072876,0.49547168612480164,0.504528284072876,7,3,3,zero_shot_paired
101,3,7,6,60,1,1,1,0.5008141398429871,0.5008141398429871,0.49918583035469055,0.5008141398429871,7,3,3,zero_shot_paired
101,4,7,7,60,0,0,1,0.5013150572776794,0.5013150572776794,0.5013150572776794,0.49868491291999817,7,3,3,zero_shot_paired
101,5,7,8,60,0,1,0,0.5032473206520081,0.5032473206520081,0.49675270915031433,0.5032473206520081,7,3,3,zero_shot_paired
101,6,7,9,60,1,1,1,0.5036212801933289,0.5036212801933289,0.49637869000434875,0.5036212801933289,7,3,3,zero_shot_paired
101,7,7,10,60,1,1,1,0.5047163367271423,0.5047163367271423,0.4952836036682129,0.5047163367271423,7,3,3,zero_shot_paired
101,8,7,11,60,1,1,1,0.5032389163970947,0.5032389163970947,0.49676114320755005,0.5032389163970947,7,3,3,zero_shot_paired
101,9,7,12,60,1,1,1,0.5032421946525574,0.5032421946525574,0.4967578053474426,0.5032421946525574,7,3,3,zero_shot_paired
101,10,7,13,60,1,1,1,0.5064935088157654,0.5064935088157654,0.4935064911842346,0.5064935088157654,7,3,3,zero_shot_paired
101,11,7,14,60,1,1,1,0.5012843012809753,0.5012843012809753,0.49871569871902466,0.5012843012809753,7,3,3,zero_shot_paired
101,12,7,15,60,1,0,0,0.5025197267532349,0.5025197267532349,0.5025197267532349,0.4974803030490875,7,3,3,zero_shot_paired
101,13,7,16,60,0,1,0,0.5067532658576965,0.5067532658576965,0.4932467043399811,0.5067532658576965,7,3,3,zero_shot_paired
101,14,7,17,60,1,1,1,0.5085785984992981,0.5085785984992981,0.4914214313030243,0.5085785984992981,7,3,3,zero_shot_paired
101,0,7,1,60,1,0,0,0.5001627206802368,0.5001627206802368,0.5001627206802368,0.4998372793197632,7,3,3,post_calibration
101,1,7,2,60,1,1,1,0.5046253800392151,0.5046253800392151,0.49537456035614014,0.5046253800392151,7,3,3,post_calibration
101,2,7,4,60,1,1,1,0.5049521327018738,0.5049521327018738,0.49504783749580383,0.5049521327018738,7,3,3,post_calibration
101,3,7,6,60,1,1,1,0.501766562461853,0.501766562461853,0.4982333779335022,0.501766562461853,7,3,3,post_calibration
101,4,7,7,60,0,0,1,0.5010067820549011,0.5010067820549011,0.5010067820549011,0.49899324774742126,7,3,3,post_calibration
101,5,7,8,60,0,1,0,0.5036020278930664,0.5036020278930664,0.496398001909256,0.5036020278930664,7,3,3,post_calibration
101,6,7,9,60,1,1,1,0.5039311051368713,0.5039311051368713,0.49606889486312866,0.5039311051368713,7,3,3,post_calibration
101,7,7,10,60,1,1,1,0.5049899220466614,0.5049899220466614,0.49501004815101624,0.5049899220466614,7,3,3,post_calibration
101,8,7,11,60,1,1,1,0.5034735202789307,0.5034735202789307,0.49652647972106934,0.5034735202789307,7,3,3,post_calibration
101,9,7,12,60,1,1,1,0.503624439239502,0.503624439239502,0.49637559056282043,0.503624439239502,7,3,3,post_calibration
101,10,7,13,60,1,1,1,0.5066004991531372,0.5066004991531372,0.4933995008468628,0.5066004991531372,7,3,3,post_calibration
101,11,7,14,60,1,1,1,0.5013530850410461,0.5013530850410461,0.4986468553543091,0.5013530850410461,7,3,3,post_calibration
101,12,7,15,60,1,0,0,0.5022746920585632,0.5022746920585632,0.5022746920585632,0.4977252781391144,7,3,3,post_calibration
101,13,7,16,60,0,1,0,0.507113516330719,0.507113516330719,0.4928864538669586,0.507113516330719,7,3,3,post_calibration
101,14,7,17,60,1,1,1,0.5086931586265564,0.5086931586265564,0.49130678176879883,0.5086931586265564,7,3,3,post_calibration
102,0,7,0,60,0,1,0,0.5070090293884277,0.5070090293884277,0.49299097061157227,0.5070090293884277,7,4,3,zero_shot_paired
102,1,7,2,60,1,1,1,0.5041715502738953,0.5041715502738953,0.49582844972610474,0.5041715502738953,7,4,3,zero_shot_paired
102,2,7,3,60,1,1,1,0.5024654269218445,0.5024654269218445,0.4975346028804779,0.5024654269218445,7,4,3,zero_shot_paired
102,3,7,5,60,1,1,1,0.503069281578064,0.503069281578064,0.4969307482242584,0.503069281578064,7,4,3,zero_shot_paired
102,4,7,6,60,1,1,1,0.5008141398429871,0.5008141398429871,0.49918583035469055,0.5008141398429871,7,4,3,zero_shot_paired
102,5,7,7,60,0,0,1,0.5013150572776794,0.5013150572776794,0.5013150572776794,0.49868491291999817,7,4,3,zero_shot_paired
102,6,7,8,60,0,1,0,0.5032473206520081,0.5032473206520081,0.49675270915031433,0.5032473206520081,7,4,3,zero_shot_paired
102,7,7,9,60,1,1,1,0.5036212801933289,0.5036212801933289,0.49637869000434875,0.5036212801933289,7,4,3,zero_shot_paired
102,8,7,10,60,1,1,1,0.5047163367271423,0.5047163367271423,0.4952836036682129,0.5047163367271423,7,4,3,zero_shot_paired
102,9,7,11,60,1,1,1,0.5032389163970947,0.5032389163970947,0.49676114320755005,0.5032389163970947,7,4,3,zero_shot_paired
102,10,7,13,60,1,1,1,0.5064935088157654,0.5064935088157654,0.4935064911842346,0.5064935088157654,7,4,3,zero_shot_paired
102,11,7,14,60,1,1,1,0.5012843012809753,0.5012843012809753,0.49871569871902466,0.5012843012809753,7,4,3,zero_shot_paired
102,12,7,15,60,1,0,0,0.5025197267532349,0.5025197267532349,0.5025197267532349,0.4974803030490875,7,4,3,zero_shot_paired
102,13,7,16,60,0,1,0,0.5067532658576965,0.5067532658576965,0.4932467043399811,0.5067532658576965,7,4,3,zero_shot_paired
102,14,7,17,60,1,1,1,0.5085785984992981,0.5085785984992981,0.4914214313030243,0.5085785984992981,7,4,3,zero_shot_paired
102,0,7,0,60,0,1,0,0.508216142654419,0.508216142654419,0.4917837977409363,0.508216142654419,7,4,3,post_calibration
102,1,7,2,60,1,1,1,0.5052328109741211,0.5052328109741211,0.4947671890258789,0.5052328109741211,7,4,3,post_calibration
102,2,7,3,60,1,1,1,0.5034219026565552,0.5034219026565552,0.4965780973434448,0.5034219026565552,7,4,3,post_calibration
102,3,7,5,60,1,1,1,0.5037188529968262,0.5037188529968262,0.49628114700317383,0.5037188529968262,7,4,3,post_calibration
102,4,7,6,60,1,1,1,0.5020632743835449,0.5020632743835449,0.4979367256164551,0.5020632743835449,7,4,3,post_calibration
102,5,7,7,60,0,0,1,0.5008139610290527,0.5008139610290527,0.5008139610290527,0.49918606877326965,7,4,3,post_calibration
102,6,7,8,60,0,1,0,0.5037823915481567,0.5037823915481567,0.49621760845184326,0.5037823915481567,7,4,3,post_calibration
102,7,7,9,60,1,1,1,0.5039365887641907,0.5039365887641907,0.49606338143348694,0.5039365887641907,7,4,3,post_calibration
102,8,7,10,60,1,1,1,0.5053825974464417,0.5053825974464417,0.49461740255355835,0.5053825974464417,7,4,3,post_calibration
102,9,7,11,60,1,1,1,0.5036376118659973,0.5036376118659973,0.4963624179363251,0.5036376118659973,7,4,3,post_calibration
102,10,7,13,60,1,1,1,0.506847620010376,0.506847620010376,0.493152379989624,0.506847620010376,7,4,3,post_calibration
102,11,7,14,60,1,1,1,0.5018267631530762,0.5018267631530762,0.49817323684692383,0.5018267631530762,7,4,3,post_calibration
102,12,7,15,60,1,0,0,0.5020185112953186,0.5020185112953186,0.5020185112953186,0.4979815185070038,7,4,3,post_calibration
102,13,7,16,60,0,1,0,0.5071794390678406,0.5071794390678406,0.4928205907344818,0.5071794390678406,7,4,3,post_calibration
102,14,7,17,60,1,1,1,0.5090579986572266,0.5090579986572266,0.4909420311450958,0.5090579986572266,7,4,3,post_calibration
103,0,7,0,60,0,1,0,0.5070090293884277,0.5070090293884277,0.49299097061157227,0.5070090293884277,7,5,3,zero_shot_paired
103,1,7,1,60,1,0,0,0.5006281733512878,0.5006281733512878,0.5006281733512878,0.49937185645103455,7,5,3,zero_shot_paired
103,2,7,2,60,1,1,1,0.5041715502738953,0.5041715502738953,0.49582844972610474,0.5041715502738953,7,5,3,zero_shot_paired
103,3,7,3,60,1,1,1,0.5024654269218445,0.5024654269218445,0.4975346028804779,0.5024654269218445,7,5,3,zero_shot_paired
103,4,7,4,60,1,1,1,0.504528284072876,0.504528284072876,0.49547168612480164,0.504528284072876,7,5,3,zero_shot_paired
103,5,7,5,60,1,1,1,0.503069281578064,0.503069281578064,0.4969307482242584,0.503069281578064,7,5,3,zero_shot_paired
103,6,7,7,60,0,0,1,0.5013150572776794,0.5013150572776794,0.5013150572776794,0.49868491291999817,7,5,3,zero_shot_paired
103,7,7,8,60,0,1,0,0.5032473206520081,0.5032473206520081,0.49675270915031433,0.5032473206520081,7,5,3,zero_shot_paired
103,8,7,10,60,1,1,1,0.5047163367271423,0.5047163367271423,0.4952836036682129,0.5047163367271423,7,5,3,zero_shot_paired
103,9,7,11,60,1,1,1,0.5032389163970947,0.5032389163970947,0.49676114320755005,0.5032389163970947,7,5,3,zero_shot_paired
103,10,7,12,60,1,1,1,0.5032421946525574,0.5032421946525574,0.4967578053474426,0.5032421946525574,7,5,3,zero_shot_paired
103,11,7,13,60,1,1,1,0.5064935088157654,0.5064935088157654,0.4935064911842346,0.5064935088157654,7,5,3,zero_shot_paired
103,12,7,14,60,1,1,1,0.5012843012809753,0.5012843012809753,0.49871569871902466,0.5012843012809753,7,5,3,zero_shot_paired
103,13,7,16,60,0,1,0,0.5067532658576965,0.5067532658576965,0.4932467043399811,0.5067532658576965,7,5,3,zero_shot_paired
103,14,7,17,60,1,1,1,0.5085785984992981,0.5085785984992981,0.4914214313030243,0.5085785984992981,7,5,3,zero_shot_paired
103,0,7,0,60,0,1,0,0.507986843585968,0.507986843585968,0.492013156414032,0.507986843585968,7,5,3,post_calibration
103,1,7,1,60,1,1,1,0.5008471608161926,0.5008471608161926,0.49915286898612976,0.5008471608161926,7,5,3,post_calibration
103,2,7,2,60,1,1,1,0.5053417682647705,0.5053417682647705,0.4946582317352295,0.5053417682647705,7,5,3,post_calibration
103,3,7,3,60,1,1,1,0.5031759738922119,0.5031759738922119,0.4968240261077881,0.5031759738922119,7,5,3,post_calibration
103,4,7,4,60,1,1,1,0.5050889849662781,0.5050889849662781,0.4949110448360443,0.5050889849662781,7,5,3,post_calibration
103,5,7,5,60,1,1,1,0.5040629506111145,0.5040629506111145,0.4959370493888855,0.5040629506111145,7,5,3,post_calibration
103,6,7,7,60,0,0,1,0.5004280209541321,0.5004280209541321,0.5004280209541321,0.4995720088481903,7,5,3,post_calibration
103,7,7,8,60,0,1,0,0.5040513277053833,0.5040513277053833,0.4959486126899719,0.5040513277053833,7,5,3,post_calibration
103,8,7,10,60,1,1,1,0.5054944157600403,0.5054944157600403,0.4945055842399597,0.5054944157600403,7,5,3,post_calibration
103,9,7,11,60,1,1,1,0.5046472549438477,0.5046472549438477,0.49535271525382996,0.5046472549438477,7,5,3,post_calibration
103,10,7,12,60,1,1,1,0.5045158863067627,0.5045158863067627,0.4954841434955597,0.5045158863067627,7,5,3,post_calibration
103,11,7,13,60,1,1,1,0.5076256990432739,0.5076256990432739,0.4923742711544037,0.5076256990432739,7,5,3,post_calibration
103,12,7,14,60,1,1,1,0.5022583603858948,0.5022583603858948,0.49774160981178284,0.5022583603858948,7,5,3,post_calibration
103,13,7,16,60,0,1,0,0.5079447627067566,0.5079447627067566,0.4920552372932434,0.5079447627067566,7,5,3,post_calibration
103,14,7,17,60,1,1,1,0.5099109411239624,0.5099109411239624,0.4900890290737152,0.5099109411239624,7,5,3,post_calibration
104,0,7,0,60,0,1,0,0.5070090293884277,0.5070090293884277,0.49299097061157227,0.5070090293884277,7,6,3,zero_shot_paired
104,1,7,1,60,1,0,0,0.5006281733512878,0.5006281733512878,0.5006281733512878,0.49937185645103455,7,6,3,zero_shot_paired
104,2,7,3,60,1,1,1,0.5024654269218445,0.5024654269218445,0.4975346028804779,0.5024654269218445,7,6,3,zero_shot_paired
104,3,7,4,60,1,1,1,0.504528284072876,0.504528284072876,0.49547168612480164,0.504528284072876,7,6,3,zero_shot_paired
104,4,7,5,60,1,1,1,0.503069281578064,0.503069281578064,0.4969307482242584,0.503069281578064,7,6,3,zero_shot_paired
104,5,7,6,60,1,1,1,0.5008141398429871,0.5008141398429871,0.49918583035469055,0.5008141398429871,7,6,3,zero_shot_paired
104,6,7,7,60,0,0,1,0.5013150572776794,0.5013150572776794,0.5013150572776794,0.49868491291999817,7,6,3,zero_shot_paired
104,7,7,9,60,1,1,1,0.5036212801933289,0.5036212801933289,0.49637869000434875,0.5036212801933289,7,6,3,zero_shot_paired
104,8,7,10,60,1,1,1,0.5047163367271423,0.5047163367271423,0.4952836036682129,0.5047163367271423,7,6,3,zero_shot_paired
104,9,7,11,60,1,1,1,0.5032389163970947,0.5032389163970947,0.49676114320755005,0.5032389163970947,7,6,3,zero_shot_paired
104,10,7,12,60,1,1,1,0.5032421946525574,0.5032421946525574,0.4967578053474426,0.5032421946525574,7,6,3,zero_shot_paired
104,11,7,14,60,1,1,1,0.5012843012809753,0.5012843012809753,0.49871569871902466,0.5012843012809753,7,6,3,zero_shot_paired
104,12,7,15,60,1,0,0,0.5025197267532349,0.5025197267532349,0.5025197267532349,0.4974803030490875,7,6,3,zero_shot_paired
104,13,7,16,60,0,1,0,0.5067532658576965,0.5067532658576965,0.4932467043399811,0.5067532658576965,7,6,3,zero_shot_paired
104,14,7,17,60,1,1,1,0.5085785984992981,0.5085785984992981,0.4914214313030243,0.5085785984992981,7,6,3,zero_shot_paired
104,0,7,0,60,0,1,0,0.5074837803840637,0.5074837803840637,0.4925162196159363,0.5074837803840637,7,6,3,post_calibration
104,1,7,1,60,1,1,1,0.5001097321510315,0.5001097321510315,0.4998902380466461,0.5001097321510315,7,6,3,post_calibration
104,2,7,3,60,1,1,1,0.5027012825012207,0.5027012825012207,0.4972987174987793,0.5027012825012207,7,6,3,post_calibration
104,3,7,4,60,1,1,1,0.504824697971344,0.504824697971344,0.4951753616333008,0.504824697971344,7,6,3,post_calibration
104,4,7,5,60,1,1,1,0.5029981136322021,0.5029981136322021,0.49700191617012024,0.5029981136322021,7,6,3,post_calibration
104,5,7,6,60,1,1,1,0.5013165473937988,0.5013165473937988,0.4986834228038788,0.5013165473937988,7,6,3,post_calibration
104,6,7,7,60,0,0,1,0.5007796287536621,0.5007796287536621,0.5007796287536621,0.4992203712463379,7,6,3,post_calibration
104,7,7,9,60,1,1,1,0.5035356283187866,0.5035356283187866,0.4964643716812134,0.5035356283187866,7,6,3,post_calibration
104,8,7,10,60,1,1,1,0.5046408772468567,0.5046408772468567,0.4953590929508209,0.5046408772468567,7,6,3,post_calibration
104,9,7,11,60,1,1,1,0.503513753414154,0.503513753414154,0.49648624658584595,0.503513753414154,7,6,3,post_calibration
104,10,7,12,60,1,1,1,0.5032699108123779,0.5032699108123779,0.49673008918762207,0.5032699108123779,7,6,3,post_calibration
104,11,7,14,60,1,1,1,0.5017264485359192,0.5017264485359192,0.4982736110687256,0.5017264485359192,7,6,3,post_calibration
104,12,7,15,60,1,0,0,0.5018856525421143,0.5018856525421143,0.5018856525421143,0.49811431765556335,7,6,3,post_calibration
104,13,7,16,60,0,1,0,0.5073134899139404,0.5073134899139404,0.49268651008605957,0.5073134899139404,7,6,3,post_calibration
104,14,7,17,60,1,1,1,0.508999228477478,0.508999228477478,0.491000771522522,0.508999228477478,7,6,3,post_calibration
105,0,7,0,60,0,1,0,0.5070090293884277,0.5070090293884277,0.49299097061157227,0.5070090293884277,7,1,6,zero_shot_paired
105,1,7,2,60,1,1,1,0.5041715502738953,0.5041715502738953,0.49582844972610474,0.5041715502738953,7,1,6,zero_shot_paired
105,2,7,3,60,1,1,1,0.5024654269218445,0.5024654269218445,0.4975346028804779,0.5024654269218445,7,1,6,zero_shot_paired
105,3,7,5,60,1,1,1,0.503069281578064,0.503069281578064,0.4969307482242584,0.503069281578064,7,1,6,zero_shot_paired
105,4,7,6,60,1,1,1,0.5008141398429871,0.5008141398429871,0.49918583035469055,0.5008141398429871,7,1,6,zero_shot_paired
105,5,7,8,60,0,1,0,0.5032473206520081,0.5032473206520081,0.49675270915031433,0.5032473206520081,7,1,6,zero_shot_paired
105,6,7,10,60,1,1,1,0.5047163367271423,0.5047163367271423,0.4952836036682129,0.5047163367271423,7,1,6,zero_shot_paired
105,7,7,11,60,1,1,1,0.5032389163970947,0.5032389163970947,0.49676114320755005,0.5032389163970947,7,1,6,zero_shot_paired
105,8,7,12,60,1,1,1,0.5032421946525574,0.5032421946525574,0.4967578053474426,0.5032421946525574,7,1,6,zero_shot_paired
105,9,7,13,60,1,1,1,0.5064935088157654,0.5064935088157654,0.4935064911842346,0.5064935088157654,7,1,6,zero_shot_paired
105,10,7,14,60,1,1,1,0.5012843012809753,0.5012843012809753,0.49871569871902466,0.5012843012809753,7,1,6,zero_shot_paired
105,11,7,17,60,1,1,1,0.5085785984992981,0.5085785984992981,0.4914214313030243,0.5085785984992981,7,1,6,zero_shot_paired
105,0,7,0,60,0,1,0,0.5069486498832703,0.5069486498832703,0.49305132031440735,0.5069486498832703,7,1,6,post_calibration
105,1,7,2,60,1,1,1,0.5041791200637817,0.5041791200637817,0.49582090973854065,0.5041791200637817,7,1,6,post_calibration
105,2,7,3,60,1,1,1,0.502487063407898,0.502487063407898,0.4975129961967468,0.502487063407898,7,1,6,post_calibration
105,3,7,5,60,1,1,1,0.5034804940223694,0.5034804940223694,0.4965195655822754,0.5034804940223694,7,1,6,post_calibration
105,4,7,6,60,1,1,1,0.5014928579330444,0.5014928579330444,0.49850720167160034,0.5014928579330444,7,1,6,post_calibration
105,5,7,8,60,0,1,0,0.5034591555595398,0.5034591555595398,0.496540904045105,0.5034591555595398,7,1,6,post_calibration
105,6,7,10,60,1,1,1,0.5050495862960815,0.5050495862960815,0.49495044350624084,0.5050495862960815,7,1,6,post_calibration
105,7,7,11,60,1,1,1,0.5035830736160278,0.5035830736160278,0.49641698598861694,0.5035830736160278,7,1,6,post_calibration
105,8,7,12,60,1,1,1,0.5035722851753235,0.5035722851753235,0.4964276850223541,0.5035722851753235,7,1,6,post_calibration
105,9,7,13,60,1,1,1,0.5063686370849609,0.5063686370849609,0.4936313331127167,0.5063686370849609,7,1,6,post_calibration
105,10,7,14,60,1,1,1,0.5012020468711853,0.5012020468711853,0.4987979233264923,0.5012020468711853,7,1,6,post_calibration
105,11,7,17,60,1,1,1,0.5089733600616455,0.5089733600616455,0.4910266697406769,0.5089733600616455,7,1,6,post_calibration
106,0,7,1,60,1,0,0,0.5006281733512878,0.5006281733512878,0.5006281733512878,0.49937185645103455,7,2,6,zero_shot_paired
106,1,7,4,60,1,1,1,0.504528284072876,0.504528284072876,0.49547168612480164,0.504528284072876,7,2,6,zero_shot_paired
106,2,7,6,60,1,1,1,0.5008141398429871,0.5008141398429871,0.49918583035469055,0.5008141398429871,7,2,6,zero_shot_paired
106,3,7,7,60,0,0,1,0.5013150572776794,0.5013150572776794,0.5013150572776794,0.49868491291999817,7,2,6,zero_shot_paired
106,4,7,8,60,0,1,0,0.5032473206520081,0.5032473206520081,0.49675270915031433,0.5032473206520081,7,2,6,zero_shot_paired
106,5,7,9,60,1,1,1,0.5036212801933289,0.5036212801933289,0.49637869000434875,0.5036212801933289,7,2,6,zero_shot_paired
106,6,7,10,60,1,1,1,0.5047163367271423,0.5047163367271423,0.4952836036682129,0.5047163367271423,7,2,6,zero_shot_paired
106,7,7,11,60,1,1,1,0.5032389163970947,0.5032389163970947,0.49676114320755005,0.5032389163970947,7,2,6,zero_shot_paired
106,8,7,13,60,1,1,1,0.5064935088157654,0.5064935088157654,0.4935064911842346,0.5064935088157654,7,2,6,zero_shot_paired
106,9,7,14,60,1,1,1,0.5012843012809753,0.5012843012809753,0.49871569871902466,0.5012843012809753,7,2,6,zero_shot_paired
106,10,7,15,60,1,0,0,0.5025197267532349,0.5025197267532349,0.5025197267532349,0.4974803030490875,7,2,6,zero_shot_paired
106,11,7,16,60,0,1,0,0.5067532658576965,0.5067532658576965,0.4932467043399811,0.5067532658576965,7,2,6,zero_shot_paired
106,0,7,1,60,1,1,1,0.501163125038147,0.501163125038147,0.49883684515953064,0.501163125038147,7,2,6,post_calibration
106,1,7,4,60,1,1,1,0.5059548020362854,0.5059548020362854,0.4940451979637146,0.5059548020362854,7,2,6,post_calibration
106,2,7,6,60,1,1,1,0.5034672021865845,0.5034672021865845,0.4965328574180603,0.5034672021865845,7,2,6,post_calibration
106,3,7,7,60,0,1,0,0.5002004504203796,0.5002004504203796,0.4997994899749756,0.5002004504203796,7,2,6,post_calibration
106,4,7,8,60,0,1,0,0.5042587518692017,0.5042587518692017,0.49574118852615356,0.5042587518692017,7,2,6,post_calibration
106,5,7,9,60,1,1,1,0.5048488974571228,0.5048488974571228,0.4951510429382324,0.5048488974571228,7,2,6,post_calibration
106,6,7,10,60,1,1,1,0.5066202878952026,0.5066202878952026,0.49337971210479736,0.5066202878952026,7,2,6,post_calibration
106,7,7,11,60,1,1,1,0.5044523477554321,0.5044523477554321,0.49554765224456787,0.5044523477554321,7,2,6,post_calibration
106,8,7,13,60,1,1,1,0.5071957111358643,0.5071957111358643,0.49280428886413574,0.5071957111358643,7,2,6,post_calibration
106,9,7,14,60,1,1,1,0.5018646121025085,0.5018646121025085,0.49813541769981384,0.5018646121025085,7,2,6,post_calibration
106,10,7,15,60,1,0,0,0.5006577372550964,0.5006577372550964,0.5006577372550964,0.49934226274490356,7,2,6,post_calibration
106,11,7,16,60,0,1,0,0.5079419612884521,0.5079419612884521,0.4920579791069031,0.5079419612884521,7,2,6,post_calibration
107,0,7,0,60,0,1,0,0.5070090293884277,0.5070090293884277,0.49299097061157227,0.5070090293884277,7,3,6,zero_shot_paired
107,1,7,1,60,1,0,0,0.5006281733512878,0.5006281733512878,0.5006281733512878,0.49937185645103455,7,3,6,zero_shot_paired
107,2,7,2,60,1,1,1,0.5041715502738953,0.5041715502738953,0.49582844972610474,0.5041715502738953,7,3,6,zero_shot_paired
107,3,7,3,60,1,1,1,0.5024654269218445,0.5024654269218445,0.4975346028804779,0.5024654269218445,7,3,6,zero_shot_paired
107,4,7,4,60,1,1,1,0.504528284072876,0.504528284072876,0.49547168612480164,0.504528284072876,7,3,6,zero_shot_paired
107,5,7,5,60,1,1,1,0.503069281578064,0.503069281578064,0.4969307482242584,0.503069281578064,7,3,6,zero_shot_paired
107,6,7,7,60,0,0,1,0.5013150572776794,0.5013150572776794,0.5013150572776794,0.49868491291999817,7,3,6,zero_shot_paired
107,7,7,9,60,1,1,1,0.5036212801933289,0.5036212801933289,0.49637869000434875,0.5036212801933289,7,3,6,zero_shot_paired
107,8,7,12,60,1,1,1,0.5032421946525574,0.5032421946525574,0.4967578053474426,0.5032421946525574,7,3,6,zero_shot_paired
107,9,7,15,60,1,0,0,0.5025197267532349,0.5025197267532349,0.5025197267532349,0.4974803030490875,7,3,6,zero_shot_paired
107,10,7,16,60,0,1,0,0.5067532658576965,0.5067532658576965,0.4932467043399811,0.5067532658576965,7,3,6,zero_shot_paired
107,11,7,17,60,1,1,1,0.5085785984992981,0.5085785984992981,0.4914214313030243,0.5085785984992981,7,3,6,zero_shot_paired
107,0,7,0,60,0,1,0,0.5082725286483765,0.5082725286483765,0.49172747135162354,0.5082725286483765,7,3,6,post_calibration
107,1,7,1,60,1,1,1,0.5015043020248413,0.5015043020248413,0.4984956979751587,0.5015043020248413,7,3,6,post_calibration
107,2,7,2,60,1,1,1,0.5054832100868225,0.5054832100868225,0.4945168197154999,0.5054832100868225,7,3,6,post_calibration
107,3,7,3,60,1,1,1,0.5036231279373169,0.5036231279373169,0.4963768720626831,0.5036231279373169,7,3,6,post_calibration
107,4,7,4,60,1,1,1,0.5052564144134521,0.5052564144134521,0.49474358558654785,0.5052564144134521,7,3,6,post_calibration
107,5,7,5,60,1,1,1,0.505244791507721,0.505244791507721,0.49475517868995667,0.505244791507721,7,3,6,post_calibration
107,6,7,7,60,0,1,0,0.5010849237442017,0.5010849237442017,0.49891501665115356,0.5010849237442017,7,3,6,post_calibration
107,7,7,9,60,1,1,1,0.5040843486785889,0.5040843486785889,0.4959156811237335,0.5040843486785889,7,3,6,post_calibration
107,8,7,12,60,1,1,1,0.5038885474205017,0.5038885474205017,0.4961114227771759,0.5038885474205017,7,3,6,post_calibration
107,9,7,15,60,1,0,0,0.5008803606033325,0.5008803606033325,0.5008803606033325,0.4991196393966675,7,3,6,post_calibration
107,10,7,16,60,0,1,0,0.5079662799835205,0.5079662799835205,0.4920336902141571,0.5079662799835205,7,3,6,post_calibration
107,11,7,17,60,1,1,1,0.5095905661582947,0.5095905661582947,0.49040940403938293,0.5095905661582947,7,3,6,post_calibration
108,0,7,0,60,0,1,0,0.507008969783783,0.507008969783783,0.4929910898208618,0.507008969783783,7,1,9,zero_shot_paired
108,1,7,2,60,1,1,1,0.5041715502738953,0.5041715502738953,0.49582844972610474,0.5041715502738953,7,1,9,zero_shot_paired
108,2,7,3,60,1,1,1,0.5024654269218445,0.5024654269218445,0.4975345730781555,0.5024654269218445,7,1,9,zero_shot_paired
108,3,7,4,60,1,1,1,0.5045282244682312,0.5045282244682312,0.4954717755317688,0.5045282244682312,7,1,9,zero_shot_paired
108,4,7,5,60,1,1,1,0.503069281578064,0.503069281578064,0.4969307482242584,0.503069281578064,7,1,9,zero_shot_paired
108,5,7,8,60,0,1,0,0.5032473206520081,0.5032473206520081,0.49675267934799194,0.5032473206520081,7,1,9,zero_shot_paired
108,6,7,9,60,1,1,1,0.5036213397979736,0.5036213397979736,0.49637869000434875,0.5036213397979736,7,1,9,zero_shot_paired
108,7,7,10,60,1,1,1,0.5047164559364319,0.5047164559364319,0.4952835142612457,0.5047164559364319,7,1,9,zero_shot_paired
108,8,7,14,60,1,1,1,0.5012843012809753,0.5012843012809753,0.49871566891670227,0.5012843012809753,7,1,9,zero_shot_paired
108,0,7,0,60,0,1,0,0.5074861645698547,0.5074861645698547,0.49251389503479004,0.5074861645698547,7,1,9,post_calibration
108,1,7,2,60,1,1,1,0.5050575137138367,0.5050575137138367,0.49494248628616333,0.5050575137138367,7,1,9,post_calibration
108,2,7,3,60,1,1,1,0.5029000639915466,0.5029000639915466,0.49709993600845337,0.5029000639915466,7,1,9,post_calibration
108,3,7,4,60,1,1,1,0.504817545413971,0.504817545413971,0.4951823949813843,0.504817545413971,7,1,9,post_calibration
108,4,7,5,60,1,1,1,0.503525972366333,0.503525972366333,0.496474027633667,0.503525972366333,7,1,9,post_calibration
108,5,7,8,60,0,1,0,0.5035614371299744,0.5035614371299744,0.4964386224746704,0.5035614371299744,7,1,9,post_calibration
108,6,7,9,60,1,1,1,0.504348874092102,0.504348874092102,0.49565115571022034,0.504348874092102,7,1,9,post_calibration
108,7,7,10,60,1,1,1,0.5052999258041382,0.5052999258041382,0.4947000741958618,0.5052999258041382,7,1,9,post_calibration
108,8,7,14,60,1,1,1,0.5008665323257446,0.5008665323257446,0.49913349747657776,0.5008665323257446,7,1,9,post_calibration
109,0,7,1,60,1,0,0,0.5006281137466431,0.5006281137466431,0.5006281137466431,0.49937185645103455,7,2,9,zero_shot_paired
109,1,7,6,60,1,1,1,0.5008140802383423,0.5008140802383423,0.4991858899593353,0.5008140802383423,7,2,9,zero_shot_paired
109,2,7,7,60,0,0,1,0.5013150572776794,0.5013150572776794,0.5013150572776794,0.49868497252464294,7,2,9,zero_shot_paired
109,3,7,11,60,1,1,1,0.5032386183738708,0.5032386183738708,0.49676138162612915,0.5032386183738708,7,2,9,zero_shot_paired
109,4,7,12,60,1,1,1,0.5032422542572021,0.5032422542572021,0.49675774574279785,0.5032422542572021,7,2,9,zero_shot_paired
109,5,7,13,60,1,1,1,0.5064935088157654,0.5064935088157654,0.493506520986557,0.5064935088157654,7,2,9,zero_shot_paired
109,6,7,15,60,1,0,0,0.5025195479393005,0.5025195479393005,0.5025195479393005,0.49748045206069946,7,2,9,zero_shot_paired
109,7,7,16,60,0,1,0,0.506753146648407,0.506753146648407,0.49324682354927063,0.506753146648407,7,2,9,zero_shot_paired
109,8,7,17,60,1,1,1,0.5085787177085876,0.5085787177085876,0.49142134189605713,0.5085787177085876,7,2,9,zero_shot_paired
109,0,7,1,60,1,1,1,0.5006580352783203,0.5006580352783203,0.4993419945240021,0.5006580352783203,7,2,9,post_calibration
109,1,7,6,60,1,1,1,0.5021131634712219,0.5021131634712219,0.4978868365287781,0.5021131634712219,7,2,9,post_calibration
109,2,7,7,60,0,1,0,0.5002663135528564,0.5002663135528564,0.4997336268424988,0.5002663135528564,7,2,9,post_calibration
109,3,7,11,60,1,1,1,0.5039258003234863,0.5039258003234863,0.4960741698741913,0.5039258003234863,7,2,9,post_calibration
109,4,7,12,60,1,1,1,0.5039084553718567,0.5039084553718567,0.4960915744304657,0.5039084553718567,7,2,9,post_calibration
109,5,7,13,60,1,1,1,0.5069054961204529,0.5069054961204529,0.49309447407722473,0.5069054961204529,7,2,9,post_calibration
109,6,7,15,60,1,0,0,0.5017971396446228,0.5017971396446228,0.5017971396446228,0.4982028305530548,7,2,9,post_calibration
109,7,7,16,60,0,1,0,0.5074915289878845,0.5074915289878845,0.4925084710121155,0.5074915289878845,7,2,9,post_calibration
109,8,7,17,60,1,1,1,0.5093787312507629,0.5093787312507629,0.49062126874923706,0.5093787312507629,7,2,9,post_calibration
110,0,7,1,60,1,0,0,0.5006261467933655,0.5006261467933655,0.5006261467933655,0.4993738830089569,7,1,12,zero_shot_paired
110,1,7,2,60,1,1,1,0.5041718482971191,0.5041718482971191,0.49582815170288086,0.5041718482971191,7,1,12,zero_shot_paired
110,2,7,9,60,1,1,1,0.5036202073097229,0.5036202073097229,0.4963797926902771,0.5036202073097229,7,1,12,zero_shot_paired
110,3,7,11,60,1,1,1,0.5032395124435425,0.5032395124435425,0.49676045775413513,0.5032395124435425,7,1,12,zero_shot_paired
110,4,7,12,60,1,1,1,0.5032427906990051,0.5032427906990051,0.49675726890563965,0.5032427906990051,7,1,12,zero_shot_paired
110,5,7,16,60,0,1,0,0.5067553520202637,0.5067553520202637,0.49324461817741394,0.5067553520202637,7,1,12,zero_shot_paired
110,0,7,1,60,1,1,1,0.5010274052619934,0.5010274052619934,0.4989725649356842,0.5010274052619934,7,1,12,post_calibration
110,1,7,2,60,1,1,1,0.5057032704353333,0.5057032704353333,0.49429669976234436,0.5057032704353333,7,1,12,post_calibration
110,2,7,9,60,1,1,1,0.5049377083778381,0.5049377083778381,0.49506229162216187,0.5049377083778381,7,1,12,post_calibration
110,3,7,11,60,1,1,1,0.5041880011558533,0.5041880011558533,0.49581199884414673,0.5041880011558533,7,1,12,post_calibration
110,4,7,12,60,1,1,1,0.5044434666633606,0.5044434666633606,0.4955565631389618,0.5044434666633606,7,1,12,post_calibration
110,5,7,16,60,0,1,0,0.5076285004615784,0.5076285004615784,0.49237143993377686,0.5076285004615784,7,1,12,post_calibration
111,0,7,4,60,1,1,1,0.5045291781425476,0.5045291781425476,0.4954708516597748,0.5045291781425476,7,2,12,zero_shot_paired
111,1,7,7,60,0,0,1,0.5013155937194824,0.5013155937194824,0.5013155937194824,0.49868443608283997,7,2,12,zero_shot_paired
111,2,7,9,60,1,1,1,0.5036202073097229,0.5036202073097229,0.4963797926902771,0.5036202073097229,7,2,12,zero_shot_paired
111,3,7,14,60,1,1,1,0.501284658908844,0.501284658908844,0.4987153708934784,0.501284658908844,7,2,12,zero_shot_paired
111,4,7,15,60,1,0,0,0.502518892288208,0.502518892288208,0.502518892288208,0.4974810779094696,7,2,12,zero_shot_paired
111,5,7,17,60,1,1,1,0.5085803270339966,0.5085803270339966,0.4914196729660034,0.5085803270339966,7,2,12,zero_shot_paired
111,0,7,4,60,1,1,1,0.5051669478416443,0.5051669478416443,0.4948330521583557,0.5051669478416443,7,2,12,post_calibration
111,1,7,7,60,0,0,1,0.500119686126709,0.500119686126709,0.500119686126709,0.49988025426864624,7,2,12,post_calibration
111,2,7,9,60,1,1,1,0.5046172738075256,0.5046172738075256,0.495382696390152,0.5046172738075256,7,2,12,post_calibration
111,3,7,14,60,1,1,1,0.5015619397163391,0.5015619397163391,0.4984380602836609,0.5015619397163391,7,2,12,post_calibration
111,4,7,15,60,1,0,0,0.5007719993591309,0.5007719993591309,0.5007719993591309,0.49922797083854675,7,2,12,post_calibration
111,5,7,17,60,1,1,1,0.5102206468582153,0.5102206468582153,0.48977935314178467,0.5102206468582153,7,2,12,post_calibration
112,0,7,0,60,0,1,0,0.5070079565048218,0.5070079565048218,0.49299201369285583,0.5070079565048218,7,3,12,zero_shot_paired
112,1,7,2,60,1,1,1,0.5041718482971191,0.5041718482971191,0.49582815170288086,0.5041718482971191,7,3,12,zero_shot_paired
112,2,7,3,60,1,1,1,0.5024660229682922,0.5024660229682922,0.49753400683403015,0.5024660229682922,7,3,12,zero_shot_paired
112,3,7,4,60,1,1,1,0.5045291781425476,0.5045291781425476,0.4954708516597748,0.5045291781425476,7,3,12,zero_shot_paired
112,4,7,11,60,1,1,1,0.5032395124435425,0.5032395124435425,0.49676045775413513,0.5032395124435425,7,3,12,zero_shot_paired
112,5,7,13,60,1,1,1,0.5064948797225952,0.5064948797225952,0.4935050904750824,0.5064948797225952,7,3,12,zero_shot_paired
112,0,7,0,60,0,1,0,0.5092158317565918,0.5092158317565918,0.4907841682434082,0.5092158317565918,7,3,12,post_calibration
112,1,7,2,60,1,1,1,0.5063655972480774,0.5063655972480774,0.4936344027519226,0.5063655972480774,7,3,12,post_calibration
112,2,7,3,60,1,1,1,0.5042728781700134,0.5042728781700134,0.4957270622253418,0.5042728781700134,7,3,12,post_calibration
112,3,7,4,60,1,1,1,0.5058332681655884,0.5058332681655884,0.4941667914390564,0.5058332681655884,7,3,12,post_calibration
112,4,7,11,60,1,1,1,0.5045514106750488,0.5045514106750488,0.49544861912727356,0.5045514106750488,7,3,12,post_calibration
112,5,7,13,60,1,1,1,0.5074465274810791,0.5074465274810791,0.4925534725189209,0.5074465274810791,7,3,12,post_calibration
9,0,8,0,60,1,1,1,0.5005121231079102,0.5005121231079102,0.49948790669441223,0.5005121231079102,8,,,zero_shot_all_trials
9,1,8,1,60,1,1,1,0.5030666589736938,0.5030666589736938,0.49693334102630615,0.5030666589736938,8,,,zero_shot_all_trials
9,2,8,2,60,1,1,1,0.5018802285194397,0.5018802285194397,0.4981197416782379,0.5018802285194397,8,,,zero_shot_all_trials
9,3,8,3,60,0,1,0,0.5067057609558105,0.5067057609558105,0.49329423904418945,0.5067057609558105,8,,,zero_shot_all_trials
9,4,8,4,60,1,0,0,0.5003896951675415,0.5003896951675415,0.5003896951675415,0.4996103346347809,8,,,zero_shot_all_trials
9,5,8,5,60,0,1,0,0.5045304894447327,0.5045304894447327,0.4954695403575897,0.5045304894447327,8,,,zero_shot_all_trials
9,6,8,6,60,1,0,0,0.5003554224967957,0.5003554224967957,0.5003554224967957,0.49964460730552673,8,,,zero_shot_all_trials
9,7,8,7,60,1,1,1,0.5003397464752197,0.5003397464752197,0.4996602237224579,0.5003397464752197,8,,,zero_shot_all_trials
9,8,8,8,60,0,1,0,0.5028921961784363,0.5028921961784363,0.49710777401924133,0.5028921961784363,8,,,zero_shot_all_trials
9,9,8,9,60,0,1,0,0.5004302859306335,0.5004302859306335,0.49956974387168884,0.5004302859306335,8,,,zero_shot_all_trials
9,10,8,10,60,1,1,1,0.5020054578781128,0.5020054578781128,0.4979945123195648,0.5020054578781128,8,,,zero_shot_all_trials
9,11,8,11,60,1,1,1,0.505194365978241,0.505194365978241,0.4948056638240814,0.505194365978241,8,,,zero_shot_all_trials
9,12,8,12,60,1,0,0,0.5011123418807983,0.5011123418807983,0.5011123418807983,0.49888765811920166,8,,,zero_shot_all_trials
9,13,8,13,60,1,0,0,0.502539336681366,0.502539336681366,0.502539336681366,0.49746066331863403,8,,,zero_shot_all_trials
9,14,8,14,60,1,1,1,0.5049341917037964,0.5049341917037964,0.495065838098526,0.5049341917037964,8,,,zero_shot_all_trials
9,15,8,15,60,1,0,0,0.503351628780365,0.503351628780365,0.503351628780365,0.496648371219635,8,,,zero_shot_all_trials
9,16,8,16,60,0,1,0,0.5040009617805481,0.5040009617805481,0.4959990382194519,0.5040009617805481,8,,,zero_shot_all_trials
9,17,8,17,60,1,1,1,0.5065166354179382,0.5065166354179382,0.49348336458206177,0.5065166354179382,8,,,zero_shot_all_trials
113,0,8,0,60,1,1,1,0.5005121231079102,0.5005121231079102,0.49948784708976746,0.5005121231079102,8,1,3,zero_shot_paired
113,1,8,1,60,1,1,1,0.5030667185783386,0.5030667185783386,0.4969332814216614,0.5030667185783386,8,1,3,zero_shot_paired
113,2,8,3,60,0,1,0,0.5067057013511658,0.5067057013511658,0.49329429864883423,0.5067057013511658,8,1,3,zero_shot_paired
113,3,8,4,60,1,0,0,0.5003896951675415,0.5003896951675415,0.5003896951675415,0.4996103346347809,8,1,3,zero_shot_paired
113,4,8,5,60,0,1,0,0.5045305490493774,0.5045305490493774,0.49546951055526733,0.5045305490493774,8,1,3,zero_shot_paired
113,5,8,6,60,1,0,0,0.5003553032875061,0.5003553032875061,0.5003553032875061,0.4996446669101715,8,1,3,zero_shot_paired
113,6,8,7,60,1,1,1,0.500339925289154,0.500339925289154,0.49966007471084595,0.500339925289154,8,1,3,zero_shot_paired
113,7,8,9,60,0,1,0,0.5004302263259888,0.5004302263259888,0.49956974387168884,0.5004302263259888,8,1,3,zero_shot_paired
113,8,8,10,60,1,1,1,0.502005398273468,0.502005398273468,0.4979945719242096,0.502005398273468,8,1,3,zero_shot_paired
113,9,8,11,60,1,1,1,0.505194365978241,0.505194365978241,0.49480560421943665,0.505194365978241,8,1,3,zero_shot_paired
113,10,8,12,60,1,0,0,0.5011124014854431,0.5011124014854431,0.5011124014854431,0.4988875985145569,8,1,3,zero_shot_paired
113,11,8,13,60,1,0,0,0.5025392770767212,0.5025392770767212,0.5025392770767212,0.4974606931209564,8,1,3,zero_shot_paired
113,12,8,14,60,1,1,1,0.5049341320991516,0.5049341320991516,0.495065838098526,0.5049341320991516,8,1,3,zero_shot_paired
113,13,8,16,60,0,1,0,0.5040009617805481,0.5040009617805481,0.4959990382194519,0.5040009617805481,8,1,3,zero_shot_paired
113,14,8,17,60,1,1,1,0.506516695022583,0.506516695022583,0.49348336458206177,0.506516695022583,8,1,3,zero_shot_paired
113,0,8,0,60,1,1,1,0.5007065534591675,0.5007065534591675,0.4992934465408325,0.5007065534591675,8,1,3,post_calibration
113,1,8,1,60,1,1,1,0.5031957030296326,0.5031957030296326,0.49680429697036743,0.5031957030296326,8,1,3,post_calibration
113,2,8,3,60,0,1,0,0.5063406825065613,0.5063406825065613,0.4936593472957611,0.5063406825065613,8,1,3,post_calibration
113,3,8,4,60,1,0,0,0.5003595352172852,0.5003595352172852,0.5003595352172852,0.49964043498039246,8,1,3,post_calibration
113,4,8,5,60,0,1,0,0.504647970199585,0.504647970199585,0.4953520596027374,0.504647970199585,8,1,3,post_calibration
113,5,8,6,60,1,0,0,0.5004335045814514,0.5004335045814514,0.5004335045814514,0.4995664358139038,8,1,3,post_calibration
113,6,8,7,60,1,1,1,0.5004269480705261,0.5004269480705261,0.49957308173179626,0.5004269480705261,8,1,3,post_calibration
113,7,8,9,60,0,1,0,0.5006874799728394,0.5006874799728394,0.49931252002716064,0.5006874799728394,8,1,3,post_calibration
113,8,8,10,60,1,1,1,0.5020350217819214,0.5020350217819214,0.4979649782180786,0.5020350217819214,8,1,3,post_calibration
113,9,8,11,60,1,1,1,0.505408763885498,0.505408763885498,0.49459123611450195,0.505408763885498,8,1,3,post_calibration
113,10,8,12,60,1,0,0,0.5008283257484436,0.5008283257484436,0.5008283257484436,0.499171644449234,8,1,3,post_calibration
113,11,8,13,60,1,0,0,0.502162754535675,0.502162754535675,0.502162754535675,0.49783721566200256,8,1,3,post_calibration
113,12,8,14,60,1,1,1,0.50471431016922,0.50471431016922,0.4952857196331024,0.50471431016922,8,1,3,post_calibration
113,13,8,16,60,0,1,0,0.5041508078575134,0.5041508078575134,0.4958491623401642,0.5041508078575134,8,1,3,post_calibration
113,14,8,17,60,1,1,1,0.5065882205963135,0.5065882205963135,0.49341171979904175,0.5065882205963135,8,1,3,post_calibration
114,0,8,0,60,1,1,1,0.5005121231079102,0.5005121231079102,0.49948784708976746,0.5005121231079102,8,2,3,zero_shot_paired
114,1,8,2,60,1,1,1,0.5018802285194397,0.5018802285194397,0.4981197416782379,0.5018802285194397,8,2,3,zero_shot_paired
114,2,8,4,60,1,0,0,0.5003896951675415,0.5003896951675415,0.5003896951675415,0.4996103346347809,8,2,3,zero_shot_paired
114,3,8,5,60,0,1,0,0.5045305490493774,0.5045305490493774,0.49546951055526733,0.5045305490493774,8,2,3,zero_shot_paired
114,4,8,6,60,1,0,0,0.5003553032875061,0.5003553032875061,0.5003553032875061,0.4996446669101715,8,2,3,zero_shot_paired
114,5,8,7,60,1,1,1,0.500339925289154,0.500339925289154,0.49966007471084595,0.500339925289154,8,2,3,zero_shot_paired
114,6,8,8,60,0,1,0,0.502892255783081,0.502892255783081,0.49710777401924133,0.502892255783081,8,2,3,zero_shot_paired
114,7,8,9,60,0,1,0,0.5004302263259888,0.5004302263259888,0.49956974387168884,0.5004302263259888,8,2,3,zero_shot_paired
114,8,8,10,60,1,1,1,0.502005398273468,0.502005398273468,0.4979945719242096,0.502005398273468,8,2,3,zero_shot_paired
114,9,8,11,60,1,1,1,0.505194365978241,0.505194365978241,0.49480560421943665,0.505194365978241,8,2,3,zero_shot_paired
114,10,8,12,60,1,0,0,0.5011124014854431,0.5011124014854431,0.5011124014854431,0.4988875985145569,8,2,3,zero_shot_paired
114,11,8,13,60,1,0,0,0.5025392770767212,0.5025392770767212,0.5025392770767212,0.4974606931209564,8,2,3,zero_shot_paired
114,12,8,14,60,1,1,1,0.5049341320991516,0.5049341320991516,0.495065838098526,0.5049341320991516,8,2,3,zero_shot_paired
114,13,8,15,60,1,0,0,0.5033515095710754,0.5033515095710754,0.5033515095710754,0.4966484308242798,8,2,3,zero_shot_paired
114,14,8,16,60,0,1,0,0.5040009617805481,0.5040009617805481,0.4959990382194519,0.5040009617805481,8,2,3,zero_shot_paired
114,0,8,0,60,1,1,1,0.5018733143806458,0.5018733143806458,0.49812668561935425,0.5018733143806458,8,2,3,post_calibration
114,1,8,2,60,1,1,1,0.5032439231872559,0.5032439231872559,0.49675604701042175,0.5032439231872559,8,2,3,post_calibration
114,2,8,4,60,1,0,0,0.5000574588775635,0.5000574588775635,0.5000574588775635,0.4999425411224365,8,2,3,post_calibration
114,3,8,5,60,0,1,0,0.5061436891555786,0.5061436891555786,0.493856281042099,0.5061436891555786,8,2,3,post_calibration
114,4,8,6,60,1,1,1,0.5003256797790527,0.5003256797790527,0.49967435002326965,0.5003256797790527,8,2,3,post_calibration
114,5,8,7,60,1,1,1,0.500992476940155,0.500992476940155,0.49900752305984497,0.500992476940155,8,2,3,post_calibration
114,6,8,8,60,0,1,0,0.5038437843322754,0.5038437843322754,0.496156245470047,0.5038437843322754,8,2,3,post_calibration
114,7,8,9,60,0,1,0,0.5017839670181274,0.5017839670181274,0.4982159733772278,0.5017839670181274,8,2,3,post_calibration
114,8,8,10,60,1,1,1,0.5025859475135803,0.5025859475135803,0.4974140524864197,0.5025859475135803,8,2,3,post_calibration
114,9,8,11,60,1,1,1,0.506219744682312,0.506219744682312,0.4937802851200104,0.506219744682312,8,2,3,post_calibration
114,10,8,12,60,1,0,0,0.5009064674377441,0.5009064674377441,0.5009064674377441,0.49909356236457825,8,2,3,post_calibration
114,11,8,13,60,1,0,0,0.5022332072257996,0.5022332072257996,0.5022332072257996,0.49776679277420044,8,2,3,post_calibration
114,12,8,14,60,1,1,1,0.5064209699630737,0.5064209699630737,0.49357905983924866,0.5064209699630737,8,2,3,post_calibration
114,13,8,15,60,1,0,0,0.5024456977844238,0.5024456977844238,0.5024456977844238,0.49755430221557617,8,2,3,post_calibration
114,14,8,16,60,0,1,0,0.5049471259117126,0.5049471259117126,0.49505284428596497,0.5049471259117126,8,2,3,post_calibration
115,0,8,0,60,1,1,1,0.5005121231079102,0.5005121231079102,0.49948784708976746,0.5005121231079102,8,3,3,zero_shot_paired
115,1,8,1,60,1,1,1,0.5030667185783386,0.5030667185783386,0.4969332814216614,0.5030667185783386,8,3,3,zero_shot_paired
115,2,8,2,60,1,1,1,0.5018802285194397,0.5018802285194397,0.4981197416782379,0.5018802285194397,8,3,3,zero_shot_paired
115,3,8,3,60,0,1,0,0.5067057013511658,0.5067057013511658,0.49329429864883423,0.5067057013511658,8,3,3,zero_shot_paired
115,4,8,4,60,1,0,0,0.5003896951675415,0.5003896951675415,0.5003896951675415,0.4996103346347809,8,3,3,zero_shot_paired
115,5,8,7,60,1,1,1,0.500339925289154,0.500339925289154,0.49966007471084595,0.500339925289154,8,3,3,zero_shot_paired
115,6,8,8,60,0,1,0,0.502892255783081,0.502892255783081,0.49710777401924133,0.502892255783081,8,3,3,zero_shot_paired
115,7,8,9,60,0,1,0,0.5004302263259888,0.5004302263259888,0.49956974387168884,0.5004302263259888,8,3,3,zero_shot_paired
115,8,8,10,60,1,1,1,0.502005398273468,0.502005398273468,0.4979945719242096,0.502005398273468,8,3,3,zero_shot_paired
115,9,8,11,60,1,1,1,0.505194365978241,0.505194365978241,0.49480560421943665,0.505194365978241,8,3,3,zero_shot_paired
115,10,8,12,60,1,0,0,0.5011124014854431,0.5011124014854431,0.5011124014854431,0.4988875985145569,8,3,3,zero_shot_paired
115,11,8,13,60,1,0,0,0.5025392770767212,0.5025392770767212,0.5025392770767212,0.4974606931209564,8,3,3,zero_shot_paired
115,12,8,15,60,1,0,0,0.5033515095710754,0.5033515095710754,0.5033515095710754,0.4966484308242798,8,3,3,zero_shot_paired
115,13,8,16,60,0,1,0,0.5040009617805481,0.5040009617805481,0.4959990382194519,0.5040009617805481,8,3,3,zero_shot_paired
115,14,8,17,60,1,1,1,0.506516695022583,0.506516695022583,0.49348336458206177,0.506516695022583,8,3,3,zero_shot_paired
115,0,8,0,60,1,1,1,0.5006309747695923,0.5006309747695923,0.4993690252304077,0.5006309747695923,8,3,3,post_calibration
115,1,8,1,60,1,1,1,0.5037832856178284,0.5037832856178284,0.49621671438217163,0.5037832856178284,8,3,3,post_calibration
115,2,8,2,60,1,1,1,0.5021360516548157,0.5021360516548157,0.4978639483451843,0.5021360516548157,8,3,3,post_calibration
115,3,8,3,60,0,1,0,0.5076502561569214,0.5076502561569214,0.492349773645401,0.5076502561569214,8,3,3,post_calibration
115,4,8,4,60,1,1,1,0.5000134706497192,0.5000134706497192,0.49998652935028076,0.5000134706497192,8,3,3,post_calibration
115,5,8,7,60,1,1,1,0.5009036064147949,0.5009036064147949,0.4990963637828827,0.5009036064147949,8,3,3,post_calibration
115,6,8,8,60,0,1,0,0.5034757256507874,0.5034757256507874,0.49652427434921265,0.5034757256507874,8,3,3,post_calibration
115,7,8,9,60,0,1,0,0.5008159875869751,0.5008159875869751,0.4991840124130249,0.5008159875869751,8,3,3,post_calibration
115,8,8,10,60,1,1,1,0.5028744339942932,0.5028744339942932,0.4971255660057068,0.5028744339942932,8,3,3,post_calibration
115,9,8,11,60,1,1,1,0.5061389803886414,0.5061389803886414,0.49386104941368103,0.5061389803886414,8,3,3,post_calibration
115,10,8,12,60,1,0,0,0.5005329251289368,0.5005329251289368,0.5005329251289368,0.49946707487106323,8,3,3,post_calibration
115,11,8,13,60,1,0,0,0.5022065043449402,0.5022065043449402,0.5022065043449402,0.4977934956550598,8,3,3,post_calibration
115,12,8,15,60,1,0,0,0.5028364062309265,0.5028364062309265,0.5028364062309265,0.4971635341644287,8,3,3,post_calibration
115,13,8,16,60,0,1,0,0.5044698715209961,0.5044698715209961,0.4955300986766815,0.5044698715209961,8,3,3,post_calibration
115,14,8,17,60,1,1,1,0.5069553852081299,0.5069553852081299,0.4930446147918701,0.5069553852081299,8,3,3,post_calibration
116,0,8,0,60,1,1,1,0.5005121231079102,0.5005121231079102,0.49948784708976746,0.5005121231079102,8,4,3,zero_shot_paired
116,1,8,1,60,1,1,1,0.5030667185783386,0.5030667185783386,0.4969332814216614,0.5030667185783386,8,4,3,zero_shot_paired
116,2,8,2,60,1,1,1,0.5018802285194397,0.5018802285194397,0.4981197416782379,0.5018802285194397,8,4,3,zero_shot_paired
116,3,8,3,60,0,1,0,0.5067057013511658,0.5067057013511658,0.49329429864883423,0.5067057013511658,8,4,3,zero_shot_paired
116,4,8,4,60,1,0,0,0.5003896951675415,0.5003896951675415,0.5003896951675415,0.4996103346347809,8,4,3,zero_shot_paired
116,5,8,5,60,0,1,0,0.5045305490493774,0.5045305490493774,0.49546951055526733,0.5045305490493774,8,4,3,zero_shot_paired
116,6,8,6,60,1,0,0,0.5003553032875061,0.5003553032875061,0.5003553032875061,0.4996446669101715,8,4,3,zero_shot_paired
116,7,8,8,60,0,1,0,0.502892255783081,0.502892255783081,0.49710777401924133,0.502892255783081,8,4,3,zero_shot_paired
116,8,8,9,60,0,1,0,0.5004302263259888,0.5004302263259888,0.49956974387168884,0.5004302263259888,8,4,3,zero_shot_paired
116,9,8,10,60,1,1,1,0.502005398273468,0.502005398273468,0.4979945719242096,0.502005398273468,8,4,3,zero_shot_paired
116,10,8,12,60,1,0,0,0.5011124014854431,0.5011124014854431,0.5011124014854431,0.4988875985145569,8,4,3,zero_shot_paired
116,11,8,14,60,1,1,1,0.5049341320991516,0.5049341320991516,0.495065838098526,0.5049341320991516,8,4,3,zero_shot_paired
116,12,8,15,60,1,0,0,0.5033515095710754,0.5033515095710754,0.5033515095710754,0.4966484308242798,8,4,3,zero_shot_paired
116,13,8,16,60,0,1,0,0.5040009617805481,0.5040009617805481,0.4959990382194519,0.5040009617805481,8,4,3,zero_shot_paired
116,14,8,17,60,1,1,1,0.506516695022583,0.506516695022583,0.49348336458206177,0.506516695022583,8,4,3,zero_shot_paired
116,0,8,0,60,1,1,1,0.5017987489700317,0.5017987489700317,0.4982012212276459,0.5017987489700317,8,4,3,post_calibration
116,1,8,1,60,1,1,1,0.5043566823005676,0.5043566823005676,0.49564328789711,0.5043566823005676,8,4,3,post_calibration
116,2,8,2,60,1,1,1,0.5036836266517639,0.5036836266517639,0.4963163435459137,0.5036836266517639,8,4,3,post_calibration
116,3,8,3,60,0,1,0,0.5079590678215027,0.5079590678215027,0.4920409321784973,0.5079590678215027,8,4,3,post_calibration
116,4,8,4,60,1,1,1,0.5002039670944214,0.5002039670944214,0.4997960329055786,0.5002039670944214,8,4,3,post_calibration
116,5,8,5,60,0,1,0,0.505974531173706,0.505974531173706,0.49402546882629395,0.505974531173706,8,4,3,post_calibration
116,6,8,6,60,1,1,1,0.5013752579689026,0.5013752579689026,0.49862468242645264,0.5013752579689026,8,4,3,post_calibration
116,7,8,8,60,0,1,0,0.5040704607963562,0.5040704607963562,0.4959295094013214,0.5040704607963562,8,4,3,post_calibration
116,8,8,9,60,0,1,0,0.5016234517097473,0.5016234517097473,0.4983765184879303,0.5016234517097473,8,4,3,post_calibration
116,9,8,10,60,1,1,1,0.5033490657806396,0.5033490657806396,0.49665096402168274,0.5033490657806396,8,4,3,post_calibration
116,10,8,12,60,1,0,0,0.5001145601272583,0.5001145601272583,0.5001145601272583,0.4998854398727417,8,4,3,post_calibration
116,11,8,14,60,1,1,1,0.5068005919456482,0.5068005919456482,0.4931994080543518,0.5068005919456482,8,4,3,post_calibration
116,12,8,15,60,1,0,0,0.5019113421440125,0.5019113421440125,0.5019113421440125,0.49808868765830994,8,4,3,post_calibration
116,13,8,16,60,0,1,0,0.5056947469711304,0.5056947469711304,0.49430522322654724,0.5056947469711304,8,4,3,post_calibration
116,14,8,17,60,1,1,1,0.5076767206192017,0.5076767206192017,0.4923233389854431,0.5076767206192017,8,4,3,post_calibration
117,0,8,0,60,1,1,1,0.5005121231079102,0.5005121231079102,0.49948784708976746,0.5005121231079102,8,5,3,zero_shot_paired
117,1,8,1,60,1,1,1,0.5030667185783386,0.5030667185783386,0.4969332814216614,0.5030667185783386,8,5,3,zero_shot_paired
117,2,8,2,60,1,1,1,0.5018802285194397,0.5018802285194397,0.4981197416782379,0.5018802285194397,8,5,3,zero_shot_paired
117,3,8,3,60,0,1,0,0.5067057013511658,0.5067057013511658,0.49329429864883423,0.5067057013511658,8,5,3,zero_shot_paired
117,4,8,5,60,0,1,0,0.5045305490493774,0.5045305490493774,0.49546951055526733,0.5045305490493774,8,5,3,zero_shot_paired
117,5,8,6,60,1,0,0,0.5003553032875061,0.5003553032875061,0.5003553032875061,0.4996446669101715,8,5,3,zero_shot_paired
117,6,8,7,60,1,1,1,0.500339925289154,0.500339925289154,0.49966007471084595,0.500339925289154,8,5,3,zero_shot_paired
117,7,8,8,60,0,1,0,0.502892255783081,0.502892255783081,0.49710777401924133,0.502892255783081,8,5,3,zero_shot_paired
117,8,8,9,60,0,1,0,0.5004302263259888,0.5004302263259888,0.49956974387168884,0.5004302263259888,8,5,3,zero_shot_paired
117,9,8,10,60,1,1,1,0.502005398273468,0.502005398273468,0.4979945719242096,0.502005398273468,8,5,3,zero_shot_paired
117,10,8,11,60,1,1,1,0.505194365978241,0.505194365978241,0.49480560421943665,0.505194365978241,8,5,3,zero_shot_paired
117,11,8,13,60,1,0,0,0.5025392770767212,0.5025392770767212,0.5025392770767212,0.4974606931209564,8,5,3,zero_shot_paired
117,12,8,14,60,1,1,1,0.5049341320991516,0.5049341320991516,0.495065838098526,0.5049341320991516,8,5,3,zero_shot_paired
117,13,8,15,60,1,0,0,0.5033515095710754,0.5033515095710754,0.5033515095710754,0.4966484308242798,8,5,3,zero_shot_paired
117,14,8,17,60,1,1,1,0.506516695022583,0.506516695022583,0.49348336458206177,0.506516695022583,8,5,3,zero_shot_paired
117,0,8,0,60,1,0,0,0.500004768371582,0.500004768371582,0.500004768371582,0.49999526143074036,8,5,3,post_calibration
117,1,8,1,60,1,1,1,0.5035542249679565,0.5035542249679565,0.49644580483436584,0.5035542249679565,8,5,3,post_calibration
117,2,8,2,60,1,1,1,0.5017107129096985,0.5017107129096985,0.4982892870903015,0.5017107129096985,8,5,3,post_calibration
117,3,8,3,60,0,1,0,0.506212055683136,0.506212055683136,0.4937879145145416,0.506212055683136,8,5,3,post_calibration
117,4,8,5,60,0,1,0,0.5043863654136658,0.5043863654136658,0.49561360478401184,0.5043863654136658,8,5,3,post_calibration
117,5,8,6,60,1,0,0,0.5002450942993164,0.5002450942993164,0.5002450942993164,0.499754935503006,8,5,3,post_calibration
117,6,8,7,60,1,0,0,0.5001175403594971,0.5001175403594971,0.5001175403594971,0.49988245964050293,8,5,3,post_calibration
117,7,8,8,60,0,1,0,0.5026789903640747,0.5026789903640747,0.4973210096359253,0.5026789903640747,8,5,3,post_calibration
117,8,8,9,60,0,1,0,0.5000474452972412,0.5000474452972412,0.4999525249004364,0.5000474452972412,8,5,3,post_calibration
117,9,8,10,60,1,1,1,0.5025338530540466,0.5025338530540466,0.4974660873413086,0.5025338530540466,8,5,3,post_calibration
117,10,8,11,60,1,1,1,0.5049504041671753,0.5049504041671753,0.4950496256351471,0.5049504041671753,8,5,3,post_calibration
117,11,8,13,60,1,0,0,0.5026776194572449,0.5026776194572449,0.5026776194572449,0.49732235074043274,8,5,3,post_calibration
117,12,8,14,60,1,1,1,0.5047535300254822,0.5047535300254822,0.49524644017219543,0.5047535300254822,8,5,3,post_calibration
117,13,8,15,60,1,0,0,0.50350421667099,0.50350421667099,0.50350421667099,0.4964958131313324,8,5,3,post_calibration
117,14,8,17,60,1,1,1,0.5058277249336243,0.5058277249336243,0.49417227506637573,0.5058277249336243,8,5,3,post_calibration
118,0,8,1,60,1,1,1,0.5030667185783386,0.5030667185783386,0.4969332814216614,0.5030667185783386,8,6,3,zero_shot_paired
118,1,8,2,60,1,1,1,0.5018802285194397,0.5018802285194397,0.4981197416782379,0.5018802285194397,8,6,3,zero_shot_paired
118,2,8,3,60,0,1,0,0.5067057013511658,0.5067057013511658,0.49329429864883423,0.5067057013511658,8,6,3,zero_shot_paired
118,3,8,4,60,1,0,0,0.5003896951675415,0.5003896951675415,0.5003896951675415,0.4996103346347809,8,6,3,zero_shot_paired
118,4,8,5,60,0,1,0,0.5045305490493774,0.5045305490493774,0.49546951055526733,0.5045305490493774,8,6,3,zero_shot_paired
118,5,8,6,60,1,0,0,0.5003553032875061,0.5003553032875061,0.5003553032875061,0.4996446669101715,8,6,3,zero_shot_paired
118,6,8,7,60,1,1,1,0.500339925289154,0.500339925289154,0.49966007471084595,0.500339925289154,8,6,3,zero_shot_paired
118,7,8,8,60,0,1,0,0.502892255783081,0.502892255783081,0.49710777401924133,0.502892255783081,8,6,3,zero_shot_paired
118,8,8,11,60,1,1,1,0.505194365978241,0.505194365978241,0.49480560421943665,0.505194365978241,8,6,3,zero_shot_paired
118,9,8,12,60,1,0,0,0.5011124014854431,0.5011124014854431,0.5011124014854431,0.4988875985145569,8,6,3,zero_shot_paired
118,10,8,13,60,1,0,0,0.5025392770767212,0.5025392770767212,0.5025392770767212,0.4974606931209564,8,6,3,zero_shot_paired
118,11,8,14,60,1,1,1,0.5049341320991516,0.5049341320991516,0.495065838098526,0.5049341320991516,8,6,3,zero_shot_paired
118,12,8,15,60,1,0,0,0.5033515095710754,0.5033515095710754,0.5033515095710754,0.4966484308242798,8,6,3,zero_shot_paired
118,13,8,16,60,0,1,0,0.5040009617805481,0.5040009617805481,0.4959990382194519,0.5040009617805481,8,6,3,zero_shot_paired
118,14,8,17,60,1,1,1,0.506516695022583,0.506516695022583,0.49348336458206177,0.506516695022583,8,6,3,zero_shot_paired
118,0,8,1,60,1,1,1,0.5039451718330383,0.5039451718330383,0.49605485796928406,0.5039451718330383,8,6,3,post_calibration
118,1,8,2,60,1,1,1,0.501647412776947,0.501647412776947,0.4983525574207306,0.501647412776947,8,6,3,post_calibration
118,2,8,3,60,0,1,0,0.5066087245941162,0.5066087245941162,0.4933912754058838,0.5066087245941162,8,6,3,post_calibration
118,3,8,4,60,1,1,1,0.5000996589660645,0.5000996589660645,0.49990034103393555,0.5000996589660645,8,6,3,post_calibration
118,4,8,5,60,0,1,0,0.5044832825660706,0.5044832825660706,0.49551668763160706,0.5044832825660706,8,6,3,post_calibration
118,5,8,6,60,1,1,1,0.5001029372215271,0.5001029372215271,0.4998970627784729,0.5001029372215271,8,6,3,post_calibration
118,6,8,7,60,1,1,1,0.5007790327072144,0.5007790327072144,0.49922096729278564,0.5007790327072144,8,6,3,post_calibration
118,7,8,8,60,0,1,0,0.5032946467399597,0.5032946467399597,0.49670538306236267,0.5032946467399597,8,6,3,post_calibration
118,8,8,11,60,1,1,1,0.5050961971282959,0.5050961971282959,0.4949038028717041,0.5050961971282959,8,6,3,post_calibration
118,9,8,12,60,1,0,0,0.5007641911506653,0.5007641911506653,0.5007641911506653,0.4992358088493347,8,6,3,post_calibration
118,10,8,13,60,1,0,0,0.5028504133224487,0.5028504133224487,0.5028504133224487,0.4971495568752289,8,6,3,post_calibration
118,11,8,14,60,1,1,1,0.5055305361747742,0.5055305361747742,0.4944694936275482,0.5055305361747742,8,6,3,post_calibration
118,12,8,15,60,1,0,0,0.5028604865074158,0.5028604865074158,0.5028604865074158,0.4971395432949066,8,6,3,post_calibration
118,13,8,16,60,0,1,0,0.5039266347885132,0.5039266347885132,0.4960733652114868,0.5039266347885132,8,6,3,post_calibration
118,14,8,17,60,1,1,1,0.5059430599212646,0.5059430599212646,0.49405691027641296,0.5059430599212646,8,6,3,post_calibration
119,0,8,0,60,1,1,1,0.5005121231079102,0.5005121231079102,0.49948784708976746,0.5005121231079102,8,1,6,zero_shot_paired
119,1,8,2,60,1,1,1,0.5018802285194397,0.5018802285194397,0.4981197416782379,0.5018802285194397,8,1,6,zero_shot_paired
119,2,8,4,60,1,0,0,0.5003896951675415,0.5003896951675415,0.5003896951675415,0.4996103346347809,8,1,6,zero_shot_paired
119,3,8,5,60,0,1,0,0.5045305490493774,0.5045305490493774,0.49546951055526733,0.5045305490493774,8,1,6,zero_shot_paired
119,4,8,6,60,1,0,0,0.5003553032875061,0.5003553032875061,0.5003553032875061,0.4996446669101715,8,1,6,zero_shot_paired
119,5,8,7,60,1,1,1,0.500339925289154,0.500339925289154,0.49966007471084595,0.500339925289154,8,1,6,zero_shot_paired
119,6,8,8,60,0,1,0,0.502892255783081,0.502892255783081,0.49710777401924133,0.502892255783081,8,1,6,zero_shot_paired
119,7,8,9,60,0,1,0,0.5004302263259888,0.5004302263259888,0.49956974387168884,0.5004302263259888,8,1,6,zero_shot_paired
119,8,8,10,60,1,1,1,0.502005398273468,0.502005398273468,0.4979945719242096,0.502005398273468,8,1,6,zero_shot_paired
119,9,8,11,60,1,1,1,0.505194365978241,0.505194365978241,0.49480560421943665,0.505194365978241,8,1,6,zero_shot_paired
119,10,8,13,60,1,0,0,0.5025392770767212,0.5025392770767212,0.5025392770767212,0.4974606931209564,8,1,6,zero_shot_paired
119,11,8,16,60,0,1,0,0.5040009617805481,0.5040009617805481,0.4959990382194519,0.5040009617805481,8,1,6,zero_shot_paired
119,0,8,0,60,1,1,1,0.5018349885940552,0.5018349885940552,0.4981650412082672,0.5018349885940552,8,1,6,post_calibration
119,1,8,2,60,1,1,1,0.5040053129196167,0.5040053129196167,0.4959946870803833,0.5040053129196167,8,1,6,post_calibration
119,2,8,4,60,1,1,1,0.5016464591026306,0.5016464591026306,0.49835360050201416,0.5016464591026306,8,1,6,post_calibration
119,3,8,5,60,0,1,0,0.5070962905883789,0.5070962905883789,0.4929037392139435,0.5070962905883789,8,1,6,post_calibration
119,4,8,6,60,1,1,1,0.502661406993866,0.502661406993866,0.49733853340148926,0.502661406993866,8,1,6,post_calibration
119,5,8,7,60,1,1,1,0.5024471879005432,0.5024471879005432,0.4975527822971344,0.5024471879005432,8,1,6,post_calibration
119,6,8,8,60,0,1,0,0.5049066543579102,0.5049066543579102,0.49509337544441223,0.5049066543579102,8,1,6,post_calibration
119,7,8,9,60,0,1,0,0.5021927356719971,0.5021927356719971,0.4978073239326477,0.5021927356719971,8,1,6,post_calibration
119,8,8,10,60,1,1,1,0.5045204162597656,0.5045204162597656,0.4954795837402344,0.5045204162597656,8,1,6,post_calibration
119,9,8,11,60,1,1,1,0.5071569681167603,0.5071569681167603,0.49284300208091736,0.5071569681167603,8,1,6,post_calibration
119,10,8,13,60,1,0,0,0.5013884902000427,0.5013884902000427,0.5013884902000427,0.49861153960227966,8,1,6,post_calibration
119,11,8,16,60,0,1,0,0.5054989457130432,0.5054989457130432,0.49450111389160156,0.5054989457130432,8,1,6,post_calibration
120,0,8,0,60,1,1,1,0.5005121231079102,0.5005121231079102,0.49948784708976746,0.5005121231079102,8,2,6,zero_shot_paired
120,1,8,1,60,1,1,1,0.5030667185783386,0.5030667185783386,0.4969332814216614,0.5030667185783386,8,2,6,zero_shot_paired
120,2,8,2,60,1,1,1,0.5018802285194397,0.5018802285194397,0.4981197416782379,0.5018802285194397,8,2,6,zero_shot_paired
120,3,8,3,60,0,1,0,0.5067057013511658,0.5067057013511658,0.49329429864883423,0.5067057013511658,8,2,6,zero_shot_paired
120,4,8,5,60,0,1,0,0.5045305490493774,0.5045305490493774,0.49546951055526733,0.5045305490493774,8,2,6,zero_shot_paired
120,5,8,7,60,1,1,1,0.500339925289154,0.500339925289154,0.49966007471084595,0.500339925289154,8,2,6,zero_shot_paired
120,6,8,11,60,1,1,1,0.505194365978241,0.505194365978241,0.49480560421943665,0.505194365978241,8,2,6,zero_shot_paired
120,7,8,12,60,1,0,0,0.5011124014854431,0.5011124014854431,0.5011124014854431,0.4988875985145569,8,2,6,zero_shot_paired
120,8,8,14,60,1,1,1,0.5049341320991516,0.5049341320991516,0.495065838098526,0.5049341320991516,8,2,6,zero_shot_paired
120,9,8,15,60,1,0,0,0.5033515095710754,0.5033515095710754,0.5033515095710754,0.4966484308242798,8,2,6,zero_shot_paired
120,10,8,16,60,0,1,0,0.5040009617805481,0.5040009617805481,0.4959990382194519,0.5040009617805481,8,2,6,zero_shot_paired
120,11,8,17,60,1,1,1,0.506516695022583,0.506516695022583,0.49348336458206177,0.506516695022583,8,2,6,zero_shot_paired
120,0,8,0,60,1,0,0,0.5001899600028992,0.5001899600028992,0.5001899600028992,0.4998100697994232,8,2,6,post_calibration
120,1,8,1,60,1,1,1,0.5037680268287659,0.5037680268287659,0.49623194336891174,0.5037680268287659,8,2,6,post_calibration
120,2,8,2,60,1,1,1,0.5015448331832886,0.5015448331832886,0.49845513701438904,0.5015448331832886,8,2,6,post_calibration
120,3,8,3,60,0,1,0,0.5065015554428101,0.5065015554428101,0.49349841475486755,0.5065015554428101,8,2,6,post_calibration
120,4,8,5,60,0,1,0,0.5048792958259583,0.5048792958259583,0.49512073397636414,0.5048792958259583,8,2,6,post_calibration
120,5,8,7,60,1,1,1,0.5013023018836975,0.5013023018836975,0.4986976981163025,0.5013023018836975,8,2,6,post_calibration
120,6,8,11,60,1,1,1,0.5046828389167786,0.5046828389167786,0.49531716108322144,0.5046828389167786,8,2,6,post_calibration
120,7,8,12,60,1,0,0,0.5000095963478088,0.5000095963478088,0.5000095963478088,0.49999043345451355,8,2,6,post_calibration
120,8,8,14,60,1,1,1,0.504707932472229,0.504707932472229,0.4952920377254486,0.504707932472229,8,2,6,post_calibration
120,9,8,15,60,1,0,0,0.5033833384513855,0.5033833384513855,0.5033833384513855,0.4966166615486145,8,2,6,post_calibration
120,10,8,16,60,0,1,0,0.5037888884544373,0.5037888884544373,0.49621108174324036,0.5037888884544373,8,2,6,post_calibration
120,11,8,17,60,1,1,1,0.5056158304214478,0.5056158304214478,0.49438416957855225,0.5056158304214478,8,2,6,post_calibration
121,0,8,1,60,1,1,1,0.5030667185783386,0.5030667185783386,0.4969332814216614,0.5030667185783386,8,3,6,zero_shot_paired
121,1,8,3,60,0,1,0,0.5067057013511658,0.5067057013511658,0.49329429864883423,0.5067057013511658,8,3,6,zero_shot_paired
121,2,8,4,60,1,0,0,0.5003896951675415,0.5003896951675415,0.5003896951675415,0.4996103346347809,8,3,6,zero_shot_paired
121,3,8,6,60,1,0,0,0.5003553032875061,0.5003553032875061,0.5003553032875061,0.4996446669101715,8,3,6,zero_shot_paired
121,4,8,8,60,0,1,0,0.502892255783081,0.502892255783081,0.49710777401924133,0.502892255783081,8,3,6,zero_shot_paired
121,5,8,9,60,0,1,0,0.5004302263259888,0.5004302263259888,0.49956974387168884,0.5004302263259888,8,3,6,zero_shot_paired
121,6,8,10,60,1,1,1,0.502005398273468,0.502005398273468,0.4979945719242096,0.502005398273468,8,3,6,zero_shot_paired
121,7,8,12,60,1,0,0,0.5011124014854431,0.5011124014854431,0.5011124014854431,0.4988875985145569,8,3,6,zero_shot_paired
121,8,8,13,60,1,0,0,0.5025392770767212,0.5025392770767212,0.5025392770767212,0.4974606931209564,8,3,6,zero_shot_paired
121,9,8,14,60,1,1,1,0.5049341320991516,0.5049341320991516,0.495065838098526,0.5049341320991516,8,3,6,zero_shot_paired
121,10,8,15,60,1,0,0,0.5033515095710754,0.5033515095710754,0.5033515095710754,0.4966484308242798,8,3,6,zero_shot_paired
121,11,8,17,60,1,1,1,0.506516695022583,0.506516695022583,0.49348336458206177,0.506516695022583,8,3,6,zero_shot_paired
121,0,8,1,60,1,1,1,0.5039266347885132,0.5039266347885132,0.4960733652114868,0.5039266347885132,8,3,6,post_calibration
121,1,8,3,60,0,1,0,0.5063485503196716,0.5063485503196716,0.49365144968032837,0.5063485503196716,8,3,6,post_calibration
121,2,8,4,60,1,0,0,0.5004451870918274,0.5004451870918274,0.5004451870918274,0.4995548129081726,8,3,6,post_calibration
121,3,8,6,60,1,1,1,0.5010901093482971,0.5010901093482971,0.49890992045402527,0.5010901093482971,8,3,6,post_calibration
121,4,8,8,60,0,1,0,0.5032218098640442,0.5032218098640442,0.4967782199382782,0.5032218098640442,8,3,6,post_calibration
121,5,8,9,60,0,1,0,0.5006778240203857,0.5006778240203857,0.4993221163749695,0.5006778240203857,8,3,6,post_calibration
121,6,8,10,60,1,1,1,0.5031324625015259,0.5031324625015259,0.49686750769615173,0.5031324625015259,8,3,6,post_calibration
121,7,8,12,60,1,0,0,0.5007217526435852,0.5007217526435852,0.5007217526435852,0.4992782175540924,8,3,6,post_calibration
121,8,8,13,60,1,0,0,0.5018308162689209,0.5018308162689209,0.5018308162689209,0.4981692135334015,8,3,6,post_calibration
121,9,8,14,60,1,1,1,0.5059025883674622,0.5059025883674622,0.49409735202789307,0.5059025883674622,8,3,6,post_calibration
121,10,8,15,60,1,0,0,0.5022748112678528,0.5022748112678528,0.5022748112678528,0.4977251887321472,8,3,6,post_calibration
121,11,8,17,60,1,1,1,0.506232738494873,0.506232738494873,0.49376726150512695,0.506232738494873,8,3,6,post_calibration
122,0,8,1,60,1,1,1,0.5030666589736938,0.5030666589736938,0.49693334102630615,0.5030666589736938,8,1,9,zero_shot_paired
122,1,8,3,60,0,1,0,0.5067057013511658,0.5067057013511658,0.49329429864883423,0.5067057013511658,8,1,9,zero_shot_paired
122,2,8,6,60,1,0,0,0.5003554224967957,0.5003554224967957,0.5003554224967957,0.49964460730552673,8,1,9,zero_shot_paired
122,3,8,11,60,1,1,1,0.5051945447921753,0.5051945447921753,0.4948054552078247,0.5051945447921753,8,1,9,zero_shot_paired
122,4,8,12,60,1,0,0,0.5011122822761536,0.5011122822761536,0.5011122822761536,0.49888768792152405,8,1,9,zero_shot_paired
122,5,8,13,60,1,0,0,0.5025393962860107,0.5025393962860107,0.5025393962860107,0.49746060371398926,8,1,9,zero_shot_paired
122,6,8,14,60,1,1,1,0.5049341320991516,0.5049341320991516,0.495065838098526,0.5049341320991516,8,1,9,zero_shot_paired
122,7,8,15,60,1,0,0,0.503351628780365,0.503351628780365,0.503351628780365,0.496648371219635,8,1,9,zero_shot_paired
122,8,8,16,60,0,1,0,0.5040009617805481,0.5040009617805481,0.4959990084171295,0.5040009617805481,8,1,9,zero_shot_paired
122,0,8,1,60,1,1,1,0.5037572383880615,0.5037572383880615,0.4962427318096161,0.5037572383880615,8,1,9,post_calibration
122,1,8,3,60,0,1,0,0.5075221061706543,0.5075221061706543,0.4924778342247009,0.5075221061706543,8,1,9,post_calibration
122,2,8,6,60,1,1,1,0.5005294680595398,0.5005294680595398,0.4994705319404602,0.5005294680595398,8,1,9,post_calibration
122,3,8,11,60,1,1,1,0.5055896043777466,0.5055896043777466,0.4944103956222534,0.5055896043777466,8,1,9,post_calibration
122,4,8,12,60,1,0,0,0.5001569390296936,0.5001569390296936,0.5001569390296936,0.499843031167984,8,1,9,post_calibration
122,5,8,13,60,1,0,0,0.5035197138786316,0.5035197138786316,0.5035197138786316,0.4964803159236908,8,1,9,post_calibration
122,6,8,14,60,1,1,1,0.5060673356056213,0.5060673356056213,0.49393266439437866,0.5060673356056213,8,1,9,post_calibration
122,7,8,15,60,1,0,0,0.5026897192001343,0.5026897192001343,0.5026897192001343,0.4973102807998657,8,1,9,post_calibration
122,8,8,16,60,0,1,0,0.5045623183250427,0.5045623183250427,0.4954376518726349,0.5045623183250427,8,1,9,post_calibration
123,0,8,0,60,1,1,1,0.5005121231079102,0.5005121231079102,0.49948784708976746,0.5005121231079102,8,2,9,zero_shot_paired
123,1,8,2,60,1,1,1,0.5018803477287292,0.5018803477287292,0.49811965227127075,0.5018803477287292,8,2,9,zero_shot_paired
123,2,8,4,60,1,0,0,0.5003897547721863,0.5003897547721863,0.5003897547721863,0.4996102750301361,8,2,9,zero_shot_paired
123,3,8,5,60,0,1,0,0.5045304894447327,0.5045304894447327,0.4954695403575897,0.5045304894447327,8,2,9,zero_shot_paired
123,4,8,7,60,1,1,1,0.500339925289154,0.500339925289154,0.49966007471084595,0.500339925289154,8,2,9,zero_shot_paired
123,5,8,8,60,0,1,0,0.5028921365737915,0.5028921365737915,0.4971078932285309,0.5028921365737915,8,2,9,zero_shot_paired
123,6,8,9,60,0,1,0,0.5004302263259888,0.5004302263259888,0.4995698034763336,0.5004302263259888,8,2,9,zero_shot_paired
123,7,8,10,60,1,1,1,0.5020054578781128,0.5020054578781128,0.4979945123195648,0.5020054578781128,8,2,9,zero_shot_paired
123,8,8,17,60,1,1,1,0.506516695022583,0.506516695022583,0.49348336458206177,0.506516695022583,8,2,9,zero_shot_paired
123,0,8,0,60,1,1,1,0.5013174414634705,0.5013174414634705,0.49868255853652954,0.5013174414634705,8,2,9,post_calibration
123,1,8,2,60,1,1,1,0.5031467080116272,0.5031467080116272,0.4968533217906952,0.5031467080116272,8,2,9,post_calibration
123,2,8,4,60,1,1,1,0.5009124875068665,0.5009124875068665,0.49908748269081116,0.5009124875068665,8,2,9,post_calibration
123,3,8,5,60,0,1,0,0.5066646337509155,0.5066646337509155,0.4933353364467621,0.5066646337509155,8,2,9,post_calibration
123,4,8,7,60,1,1,1,0.5018134117126465,0.5018134117126465,0.4981865882873535,0.5018134117126465,8,2,9,post_calibration
123,5,8,8,60,0,1,0,0.5049876570701599,0.5049876570701599,0.4950122833251953,0.5049876570701599,8,2,9,post_calibration
123,6,8,9,60,0,1,0,0.5016289949417114,0.5016289949417114,0.4983710050582886,0.5016289949417114,8,2,9,post_calibration
123,7,8,10,60,1,1,1,0.5044643878936768,0.5044643878936768,0.49553558230400085,0.5044643878936768,8,2,9,post_calibration
123,8,8,17,60,1,1,1,0.5072474479675293,0.5072474479675293,0.4927525222301483,0.5072474479675293,8,2,9,post_calibration
124,0,8,2,60,1,1,1,0.5018768310546875,0.5018768310546875,0.4981231689453125,0.5018768310546875,8,1,12,zero_shot_paired
124,1,8,4,60,1,0,0,0.5003922581672668,0.5003922581672668,0.5003922581672668,0.49960774183273315,8,1,12,zero_shot_paired
124,2,8,6,60,1,0,0,0.5003587603569031,0.5003587603569031,0.5003587603569031,0.49964118003845215,8,1,12,zero_shot_paired
124,3,8,8,60,0,1,0,0.5028934478759766,0.5028934478759766,0.49710655212402344,0.5028934478759766,8,1,12,zero_shot_paired
124,4,8,9,60,0,1,0,0.500429630279541,0.500429630279541,0.49957039952278137,0.500429630279541,8,1,12,zero_shot_paired
124,5,8,13,60,1,0,0,0.5025413036346436,0.5025413036346436,0.5025413036346436,0.49745869636535645,8,1,12,zero_shot_paired
124,0,8,2,60,1,1,1,0.5029186606407166,0.5029186606407166,0.49708130955696106,0.5029186606407166,8,1,12,post_calibration
124,1,8,4,60,1,1,1,0.5008914470672607,0.5008914470672607,0.49910855293273926,0.5008914470672607,8,1,12,post_calibration
124,2,8,6,60,1,1,1,0.5019852519035339,0.5019852519035339,0.49801474809646606,0.5019852519035339,8,1,12,post_calibration
124,3,8,8,60,0,1,0,0.5038597583770752,0.5038597583770752,0.4961402118206024,0.5038597583770752,8,1,12,post_calibration
124,4,8,9,60,0,1,0,0.5017671585083008,0.5017671585083008,0.4982328414916992,0.5017671585083008,8,1,12,post_calibration
124,5,8,13,60,1,0,0,0.5013304352760315,0.5013304352760315,0.5013304352760315,0.4986695945262909,8,1,12,post_calibration
125,0,8,0,60,1,1,1,0.5005093216896057,0.5005093216896057,0.49949073791503906,0.5005093216896057,8,2,12,zero_shot_paired
125,1,8,1,60,1,1,1,0.503068208694458,0.503068208694458,0.4969318211078644,0.503068208694458,8,2,12,zero_shot_paired
125,2,8,3,60,0,1,0,0.5067051649093628,0.5067051649093628,0.4932948648929596,0.5067051649093628,8,2,12,zero_shot_paired
125,3,8,8,60,0,1,0,0.5028934478759766,0.5028934478759766,0.49710655212402344,0.5028934478759766,8,2,12,zero_shot_paired
125,4,8,11,60,1,1,1,0.5051950812339783,0.5051950812339783,0.49480488896369934,0.5051950812339783,8,2,12,zero_shot_paired
125,5,8,13,60,1,0,0,0.5025413036346436,0.5025413036346436,0.5025413036346436,0.49745869636535645,8,2,12,zero_shot_paired
125,0,8,0,60,1,1,1,0.5021902322769165,0.5021902322769165,0.4978097379207611,0.5021902322769165,8,2,12,post_calibration
125,1,8,1,60,1,1,1,0.5058411955833435,0.5058411955833435,0.49415886402130127,0.5058411955833435,8,2,12,post_calibration
125,2,8,3,60,0,1,0,0.5095230340957642,0.5095230340957642,0.49047693610191345,0.5095230340957642,8,2,12,post_calibration
125,3,8,8,60,0,1,0,0.5054037570953369,0.5054037570953369,0.4945962131023407,0.5054037570953369,8,2,12,post_calibration
125,4,8,11,60,1,1,1,0.5063453316688538,0.5063453316688538,0.49365466833114624,0.5063453316688538,8,2,12,post_calibration
125,5,8,13,60,1,0,0,0.5012781023979187,0.5012781023979187,0.5012781023979187,0.4987219572067261,8,2,12,post_calibration
126,0,8,2,60,1,1,1,0.5018768310546875,0.5018768310546875,0.4981231689453125,0.5018768310546875,8,3,12,zero_shot_paired
126,1,8,5,60,0,1,0,0.504530668258667,0.504530668258667,0.495469331741333,0.504530668258667,8,3,12,zero_shot_paired
126,2,8,6,60,1,0,0,0.5003587603569031,0.5003587603569031,0.5003587603569031,0.49964118003845215,8,3,12,zero_shot_paired
126,3,8,11,60,1,1,1,0.5051950812339783,0.5051950812339783,0.49480488896369934,0.5051950812339783,8,3,12,zero_shot_paired
126,4,8,16,60,0,1,0,0.5040004849433899,0.5040004849433899,0.4959995150566101,0.5040004849433899,8,3,12,zero_shot_paired
126,5,8,17,60,1,1,1,0.5065140128135681,0.5065140128135681,0.4934859573841095,0.5065140128135681,8,3,12,zero_shot_paired
126,0,8,2,60,1,1,1,0.5046744346618652,0.5046744346618652,0.4953255355358124,0.5046744346618652,8,3,12,post_calibration
126,1,8,5,60,0,1,0,0.5074502229690552,0.5074502229690552,0.4925497770309448,0.5074502229690552,8,3,12,post_calibration
126,2,8,6,60,1,1,1,0.5034813284873962,0.5034813284873962,0.49651870131492615,0.5034813284873962,8,3,12,post_calibration
126,3,8,11,60,1,1,1,0.5071123838424683,0.5071123838424683,0.49288761615753174,0.5071123838424683,8,3,12,post_calibration
126,4,8,16,60,0,1,0,0.5063196420669556,0.5063196420669556,0.49368029832839966,0.5063196420669556,8,3,12,post_calibration
126,5,8,17,60,1,1,1,0.5082950592041016,0.5082950592041016,0.4917049705982208,0.5082950592041016,8,3,12,post_calibration
10,0,9,0,60,1,0,0,0.5019926428794861,0.5019926428794861,0.5019926428794861,0.4980073869228363,9,,,zero_shot_all_trials
10,1,9,1,60,1,1,1,0.5080416798591614,0.5080416798591614,0.491958349943161,0.5080416798591614,9,,,zero_shot_all_trials
10,2,9,2,60,1,0,0,0.5034454464912415,0.5034454464912415,0.5034454464912415,0.4965546131134033,9,,,zero_shot_all_trials
10,3,9,3,60,1,1,1,0.5017765164375305,0.5017765164375305,0.4982234835624695,0.5017765164375305,9,,,zero_shot_all_trials
10,4,9,4,60,1,1,1,0.5059706568717957,0.5059706568717957,0.49402937293052673,0.5059706568717957,9,,,zero_shot_all_trials
10,5,9,5,60,1,1,1,0.5049240589141846,0.5049240589141846,0.49507594108581543,0.5049240589141846,9,,,zero_shot_all_trials
10,6,9,6,60,1,1,1,0.5110206604003906,0.5110206604003906,0.4889793395996094,0.5110206604003906,9,,,zero_shot_all_trials
10,7,9,7,60,0,0,1,0.5045972466468811,0.5045972466468811,0.5045972466468811,0.49540281295776367,9,,,zero_shot_all_trials
10,8,9,8,60,0,1,0,0.5089426636695862,0.5089426636695862,0.4910573363304138,0.5089426636695862,9,,,zero_shot_all_trials
10,9,9,9,60,1,1,1,0.5031161904335022,0.5031161904335022,0.4968838095664978,0.5031161904335022,9,,,zero_shot_all_trials
10,10,9,10,60,1,0,0,0.5013298392295837,0.5013298392295837,0.5013298392295837,0.49867019057273865,9,,,zero_shot_all_trials
10,11,9,11,60,1,1,1,0.5023376941680908,0.5023376941680908,0.4976623058319092,0.5023376941680908,9,,,zero_shot_all_trials
10,12,9,12,60,1,0,0,0.5000397562980652,0.5000397562980652,0.5000397562980652,0.4999602437019348,9,,,zero_shot_all_trials
10,13,9,13,60,0,1,0,0.5068630576133728,0.5068630576133728,0.4931369125843048,0.5068630576133728,9,,,zero_shot_all_trials
10,14,9,14,60,1,1,1,0.5064648985862732,0.5064648985862732,0.4935351014137268,0.5064648985862732,9,,,zero_shot_all_trials
10,15,9,15,60,1,1,1,0.5028859376907349,0.5028859376907349,0.49711406230926514,0.5028859376907349,9,,,zero_shot_all_trials
10,16,9,16,60,0,1,0,0.5026071071624756,0.5026071071624756,0.4973928928375244,0.5026071071624756,9,,,zero_shot_all_trials
10,17,9,17,60,1,1,1,0.5073040723800659,0.5073040723800659,0.4926958978176117,0.5073040723800659,9,,,zero_shot_all_trials
127,0,9,0,60,1,0,0,0.5019927620887756,0.5019927620887756,0.5019927620887756,0.49800729751586914,9,1,3,zero_shot_paired
127,1,9,1,60,1,1,1,0.5080416202545166,0.5080416202545166,0.4919583797454834,0.5080416202545166,9,1,3,zero_shot_paired
127,2,9,2,60,1,0,0,0.5034449696540833,0.5034449696540833,0.5034449696540833,0.496554970741272,9,1,3,zero_shot_paired
127,3,9,3,60,1,1,1,0.5017765164375305,0.5017765164375305,0.4982234835624695,0.5017765164375305,9,1,3,zero_shot_paired
127,4,9,4,60,1,1,1,0.5059705376625061,0.5059705376625061,0.4940294623374939,0.5059705376625061,9,1,3,zero_shot_paired
127,5,9,6,60,1,1,1,0.5110208988189697,0.5110208988189697,0.48897916078567505,0.5110208988189697,9,1,3,zero_shot_paired
127,6,9,7,60,0,0,1,0.5045971274375916,0.5045971274375916,0.5045971274375916,0.49540287256240845,9,1,3,zero_shot_paired
127,7,9,8,60,0,1,0,0.5089425444602966,0.5089425444602966,0.49105745553970337,0.5089425444602966,9,1,3,zero_shot_paired
127,8,9,9,60,1,1,1,0.503116250038147,0.503116250038147,0.4968837797641754,0.503116250038147,9,1,3,zero_shot_paired
127,9,9,10,60,1,0,0,0.501329779624939,0.501329779624939,0.501329779624939,0.4986702501773834,9,1,3,zero_shot_paired
127,10,9,11,60,1,1,1,0.5023377537727356,0.5023377537727356,0.4976622760295868,0.5023377537727356,9,1,3,zero_shot_paired
127,11,9,12,60,1,0,0,0.5000397562980652,0.5000397562980652,0.5000397562980652,0.4999602735042572,9,1,3,zero_shot_paired
127,12,9,13,60,0,1,0,0.506862998008728,0.506862998008728,0.49313703179359436,0.506862998008728,9,1,3,zero_shot_paired
127,13,9,14,60,1,1,1,0.5064648389816284,0.5064648389816284,0.4935351014137268,0.5064648389816284,9,1,3,zero_shot_paired
127,14,9,16,60,0,1,0,0.5026071071624756,0.5026071071624756,0.4973928928375244,0.5026071071624756,9,1,3,zero_shot_paired
127,0,9,0,60,1,0,0,0.50009685754776,0.50009685754776,0.50009685754776,0.49990314245224,9,1,3,post_calibration
127,1,9,1,60,1,1,1,0.5091276168823242,0.5091276168823242,0.4908723831176758,0.5091276168823242,9,1,3,post_calibration
127,2,9,2,60,1,0,0,0.5025925040245056,0.5025925040245056,0.5025925040245056,0.4974074959754944,9,1,3,post_calibration
127,3,9,3,60,1,1,1,0.5025593042373657,0.5025593042373657,0.49744072556495667,0.5025593042373657,9,1,3,post_calibration
127,4,9,4,60,1,1,1,0.5067521929740906,0.5067521929740906,0.4932478070259094,0.5067521929740906,9,1,3,post_calibration
127,5,9,6,60,1,1,1,0.5123171210289001,0.5123171210289001,0.48768284916877747,0.5123171210289001,9,1,3,post_calibration
127,6,9,7,60,0,0,1,0.5041667222976685,0.5041667222976685,0.5041667222976685,0.49583330750465393,9,1,3,post_calibration
127,7,9,8,60,0,1,0,0.5099045038223267,0.5099045038223267,0.4900955259799957,0.5099045038223267,9,1,3,post_calibration
127,8,9,9,60,1,1,1,0.5044800639152527,0.5044800639152527,0.4955199062824249,0.5044800639152527,9,1,3,post_calibration
127,9,9,10,60,1,1,1,0.5002593398094177,0.5002593398094177,0.4997406303882599,0.5002593398094177,9,1,3,post_calibration
127,10,9,11,60,1,1,1,0.5039821863174438,0.5039821863174438,0.49601778388023376,0.5039821863174438,9,1,3,post_calibration
127,11,9,12,60,1,1,1,0.5006090402603149,0.5006090402603149,0.49939095973968506,0.5006090402603149,9,1,3,post_calibration
127,12,9,13,60,0,1,0,0.5088211297988892,0.5088211297988892,0.49117887020111084,0.5088211297988892,9,1,3,post_calibration
127,13,9,14,60,1,1,1,0.5078229308128357,0.5078229308128357,0.4921770393848419,0.5078229308128357,9,1,3,post_calibration
127,14,9,16,60,0,1,0,0.5040014386177063,0.5040014386177063,0.4959985911846161,0.5040014386177063,9,1,3,post_calibration
128,0,9,1,60,1,1,1,0.5080416202545166,0.5080416202545166,0.4919583797454834,0.5080416202545166,9,2,3,zero_shot_paired
128,1,9,2,60,1,0,0,0.5034449696540833,0.5034449696540833,0.5034449696540833,0.496554970741272,9,2,3,zero_shot_paired
128,2,9,3,60,1,1,1,0.5017765164375305,0.5017765164375305,0.4982234835624695,0.5017765164375305,9,2,3,zero_shot_paired
128,3,9,4,60,1,1,1,0.5059705376625061,0.5059705376625061,0.4940294623374939,0.5059705376625061,9,2,3,zero_shot_paired
128,4,9,5,60,1,1,1,0.5049242973327637,0.5049242973327637,0.4950757324695587,0.5049242973327637,9,2,3,zero_shot_paired
128,5,9,8,60,0,1,0,0.5089425444602966,0.5089425444602966,0.49105745553970337,0.5089425444602966,9,2,3,zero_shot_paired
128,6,9,9,60,1,1,1,0.503116250038147,0.503116250038147,0.4968837797641754,0.503116250038147,9,2,3,zero_shot_paired
128,7,9,10,60,1,0,0,0.501329779624939,0.501329779624939,0.501329779624939,0.4986702501773834,9,2,3,zero_shot_paired
128,8,9,11,60,1,1,1,0.5023377537727356,0.5023377537727356,0.4976622760295868,0.5023377537727356,9,2,3,zero_shot_paired
128,9,9,12,60,1,0,0,0.5000397562980652,0.5000397562980652,0.5000397562980652,0.4999602735042572,9,2,3,zero_shot_paired
128,10,9,13,60,0,1,0,0.506862998008728,0.506862998008728,0.49313703179359436,0.506862998008728,9,2,3,zero_shot_paired
128,11,9,14,60,1,1,1,0.5064648389816284,0.5064648389816284,0.4935351014137268,0.5064648389816284,9,2,3,zero_shot_paired
128,12,9,15,60,1,1,1,0.5028859376907349,0.5028859376907349,0.49711403250694275,0.5028859376907349,9,2,3,zero_shot_paired
128,13,9,16,60,0,1,0,0.5026071071624756,0.5026071071624756,0.4973928928375244,0.5026071071624756,9,2,3,zero_shot_paired
128,14,9,17,60,1,1,1,0.5073041915893555,0.5073041915893555,0.49269574880599976,0.5073041915893555,9,2,3,zero_shot_paired
128,0,9,1,60,1,1,1,0.5087106227874756,0.5087106227874756,0.4912893772125244,0.5087106227874756,9,2,3,post_calibration
128,1,9,2,60,1,0,0,0.5038084983825684,0.5038084983825684,0.5038084983825684,0.49619153141975403,9,2,3,post_calibration
128,2,9,3,60,1,1,1,0.5014697313308716,0.5014697313308716,0.49853020906448364,0.5014697313308716,9,2,3,post_calibration
128,3,9,4,60,1,1,1,0.5059056282043457,0.5059056282043457,0.4940944314002991,0.5059056282043457,9,2,3,post_calibration
128,4,9,5,60,1,1,1,0.5060969591140747,0.5060969591140747,0.4939030408859253,0.5060969591140747,9,2,3,post_calibration
128,5,9,8,60,0,1,0,0.5090590715408325,0.5090590715408325,0.49094095826148987,0.5090590715408325,9,2,3,post_calibration
128,6,9,9,60,1,1,1,0.5040299296379089,0.5040299296379089,0.49597012996673584,0.5040299296379089,9,2,3,post_calibration
128,7,9,10,60,1,0,0,0.500793993473053,0.500793993473053,0.500793993473053,0.499206006526947,9,2,3,post_calibration
128,8,9,11,60,1,1,1,0.5030113458633423,0.5030113458633423,0.4969886541366577,0.5030113458633423,9,2,3,post_calibration
128,9,9,12,60,1,0,0,0.5005221962928772,0.5005221962928772,0.5005221962928772,0.4994778037071228,9,2,3,post_calibration
128,10,9,13,60,0,1,0,0.508156418800354,0.508156418800354,0.491843581199646,0.508156418800354,9,2,3,post_calibration
128,11,9,14,60,1,1,1,0.5067263841629028,0.5067263841629028,0.4932735860347748,0.5067263841629028,9,2,3,post_calibration
128,12,9,15,60,1,1,1,0.5029988884925842,0.5029988884925842,0.4970010817050934,0.5029988884925842,9,2,3,post_calibration
128,13,9,16,60,0,1,0,0.5024188160896301,0.5024188160896301,0.4975811243057251,0.5024188160896301,9,2,3,post_calibration
128,14,9,17,60,1,1,1,0.5085710287094116,0.5085710287094116,0.4914289712905884,0.5085710287094116,9,2,3,post_calibration
129,0,9,0,60,1,0,0,0.5019927620887756,0.5019927620887756,0.5019927620887756,0.49800729751586914,9,3,3,zero_shot_paired
129,1,9,3,60,1,1,1,0.5017765164375305,0.5017765164375305,0.4982234835624695,0.5017765164375305,9,3,3,zero_shot_paired
129,2,9,4,60,1,1,1,0.5059705376625061,0.5059705376625061,0.4940294623374939,0.5059705376625061,9,3,3,zero_shot_paired
129,3,9,5,60,1,1,1,0.5049242973327637,0.5049242973327637,0.4950757324695587,0.5049242973327637,9,3,3,zero_shot_paired
129,4,9,6,60,1,1,1,0.5110208988189697,0.5110208988189697,0.48897916078567505,0.5110208988189697,9,3,3,zero_shot_paired
129,5,9,7,60,0,0,1,0.5045971274375916,0.5045971274375916,0.5045971274375916,0.49540287256240845,9,3,3,zero_shot_paired
129,6,9,8,60,0,1,0,0.5089425444602966,0.5089425444602966,0.49105745553970337,0.5089425444602966,9,3,3,zero_shot_paired
129,7,9,9,60,1,1,1,0.503116250038147,0.503116250038147,0.4968837797641754,0.503116250038147,9,3,3,zero_shot_paired
129,8,9,10,60,1,0,0,0.501329779624939,0.501329779624939,0.501329779624939,0.4986702501773834,9,3,3,zero_shot_paired
129,9,9,11,60,1,1,1,0.5023377537727356,0.5023377537727356,0.4976622760295868,0.5023377537727356,9,3,3,zero_shot_paired
129,10,9,12,60,1,0,0,0.5000397562980652,0.5000397562980652,0.5000397562980652,0.4999602735042572,9,3,3,zero_shot_paired
129,11,9,13,60,0,1,0,0.506862998008728,0.506862998008728,0.49313703179359436,0.506862998008728,9,3,3,zero_shot_paired
129,12,9,14,60,1,1,1,0.5064648389816284,0.5064648389816284,0.4935351014137268,0.5064648389816284,9,3,3,zero_shot_paired
129,13,9,15,60,1,1,1,0.5028859376907349,0.5028859376907349,0.49711403250694275,0.5028859376907349,9,3,3,zero_shot_paired
129,14,9,17,60,1,1,1,0.5073041915893555,0.5073041915893555,0.49269574880599976,0.5073041915893555,9,3,3,zero_shot_paired
129,0,9,0,60,1,0,0,0.5012575387954712,0.5012575387954712,0.5012575387954712,0.4987424910068512,9,3,3,post_calibration
129,1,9,3,60,1,1,1,0.5011405944824219,0.5011405944824219,0.4988594651222229,0.5011405944824219,9,3,3,post_calibration
129,2,9,4,60,1,1,1,0.5055618286132812,0.5055618286132812,0.49443817138671875,0.5055618286132812,9,3,3,post_calibration
129,3,9,5,60,1,1,1,0.5049612522125244,0.5049612522125244,0.4950387179851532,0.5049612522125244,9,3,3,post_calibration
129,4,9,6,60,1,1,1,0.5114703178405762,0.5114703178405762,0.4885297119617462,0.5114703178405762,9,3,3,post_calibration
129,5,9,7,60,0,0,1,0.5042935609817505,0.5042935609817505,0.5042935609817505,0.4957064092159271,9,3,3,post_calibration
129,6,9,8,60,0,1,0,0.509614884853363,0.509614884853363,0.49038511514663696,0.509614884853363,9,3,3,post_calibration
129,7,9,9,60,1,1,1,0.5032526850700378,0.5032526850700378,0.49674737453460693,0.5032526850700378,9,3,3,post_calibration
129,8,9,10,60,1,0,0,0.5007783770561218,0.5007783770561218,0.5007783770561218,0.4992216229438782,9,3,3,post_calibration
129,9,9,11,60,1,1,1,0.5025940537452698,0.5025940537452698,0.497406005859375,0.5025940537452698,9,3,3,post_calibration
129,10,9,12,60,1,1,1,0.5001515746116638,0.5001515746116638,0.4998483955860138,0.5001515746116638,9,3,3,post_calibration
129,11,9,13,60,0,1,0,0.5065537095069885,0.5065537095069885,0.49344632029533386,0.5065537095069885,9,3,3,post_calibration
129,12,9,14,60,1,1,1,0.506733238697052,0.506733238697052,0.4932667315006256,0.506733238697052,9,3,3,post_calibration
129,13,9,15,60,1,1,1,0.5032895803451538,0.5032895803451538,0.4967104196548462,0.5032895803451538,9,3,3,post_calibration
129,14,9,17,60,1,1,1,0.5076054334640503,0.5076054334640503,0.4923945963382721,0.5076054334640503,9,3,3,post_calibration
130,0,9,0,60,1,0,0,0.5019927620887756,0.5019927620887756,0.5019927620887756,0.49800729751586914,9,4,3,zero_shot_paired
130,1,9,1,60,1,1,1,0.5080416202545166,0.5080416202545166,0.4919583797454834,0.5080416202545166,9,4,3,zero_shot_paired
130,2,9,2,60,1,0,0,0.5034449696540833,0.5034449696540833,0.5034449696540833,0.496554970741272,9,4,3,zero_shot_paired
130,3,9,3,60,1,1,1,0.5017765164375305,0.5017765164375305,0.4982234835624695,0.5017765164375305,9,4,3,zero_shot_paired
130,4,9,4,60,1,1,1,0.5059705376625061,0.5059705376625061,0.4940294623374939,0.5059705376625061,9,4,3,zero_shot_paired
130,5,9,5,60,1,1,1,0.5049242973327637,0.5049242973327637,0.4950757324695587,0.5049242973327637,9,4,3,zero_shot_paired
130,6,9,6,60,1,1,1,0.5110208988189697,0.5110208988189697,0.48897916078567505,0.5110208988189697,9,4,3,zero_shot_paired
130,7,9,7,60,0,0,1,0.5045971274375916,0.5045971274375916,0.5045971274375916,0.49540287256240845,9,4,3,zero_shot_paired
130,8,9,8,60,0,1,0,0.5089425444602966,0.5089425444602966,0.49105745553970337,0.5089425444602966,9,4,3,zero_shot_paired
130,9,9,10,60,1,0,0,0.501329779624939,0.501329779624939,0.501329779624939,0.4986702501773834,9,4,3,zero_shot_paired
130,10,9,11,60,1,1,1,0.5023377537727356,0.5023377537727356,0.4976622760295868,0.5023377537727356,9,4,3,zero_shot_paired
130,11,9,12,60,1,0,0,0.5000397562980652,0.5000397562980652,0.5000397562980652,0.4999602735042572,9,4,3,zero_shot_paired
130,12,9,15,60,1,1,1,0.5028859376907349,0.5028859376907349,0.49711403250694275,0.5028859376907349,9,4,3,zero_shot_paired
130,13,9,16,60,0,1,0,0.5026071071624756,0.5026071071624756,0.4973928928375244,0.5026071071624756,9,4,3,zero_shot_paired
130,14,9,17,60,1,1,1,0.5073041915893555,0.5073041915893555,0.49269574880599976,0.5073041915893555,9,4,3,zero_shot_paired
130,0,9,0,60,1,0,0,0.5014132261276245,0.5014132261276245,0.5014132261276245,0.4985867440700531,9,4,3,post_calibration
130,1,9,1,60,1,1,1,0.5081759095191956,0.5081759095191956,0.49182409048080444,0.5081759095191956,9,4,3,post_calibration
130,2,9,2,60,1,0,0,0.5030054450035095,0.5030054450035095,0.5030054450035095,0.4969944953918457,9,4,3,post_calibration
130,3,9,3,60,1,1,1,0.502119243144989,0.502119243144989,0.4978807270526886,0.502119243144989,9,4,3,post_calibration
130,4,9,4,60,1,1,1,0.5059557557106018,0.5059557557106018,0.4940442144870758,0.5059557557106018,9,4,3,post_calibration
130,5,9,5,60,1,1,1,0.5057573318481445,0.5057573318481445,0.49424266815185547,0.5057573318481445,9,4,3,post_calibration
130,6,9,6,60,1,1,1,0.5106326937675476,0.5106326937675476,0.4893673062324524,0.5106326937675476,9,4,3,post_calibration
130,7,9,7,60,0,0,1,0.5045192241668701,0.5045192241668701,0.5045192241668701,0.49548080563545227,9,4,3,post_calibration
130,8,9,8,60,0,1,0,0.5094809532165527,0.5094809532165527,0.49051907658576965,0.5094809532165527,9,4,3,post_calibration
130,9,9,10,60,1,0,0,0.5012259483337402,0.5012259483337402,0.5012259483337402,0.49877405166625977,9,4,3,post_calibration
130,10,9,11,60,1,1,1,0.5030809044837952,0.5030809044837952,0.4969191551208496,0.5030809044837952,9,4,3,post_calibration
130,11,9,12,60,1,0,0,0.5000593662261963,0.5000593662261963,0.5000593662261963,0.4999406635761261,9,4,3,post_calibration
130,12,9,15,60,1,1,1,0.5029549598693848,0.5029549598693848,0.49704498052597046,0.5029549598693848,9,4,3,post_calibration
130,13,9,16,60,0,1,0,0.503049910068512,0.503049910068512,0.49695006012916565,0.503049910068512,9,4,3,post_calibration
130,14,9,17,60,1,1,1,0.5072762370109558,0.5072762370109558,0.4927237927913666,0.5072762370109558,9,4,3,post_calibration
131,0,9,0,60,1,0,0,0.5019927620887756,0.5019927620887756,0.5019927620887756,0.49800729751586914,9,5,3,zero_shot_paired
131,1,9,1,60,1,1,1,0.5080416202545166,0.5080416202545166,0.4919583797454834,0.5080416202545166,9,5,3,zero_shot_paired
131,2,9,2,60,1,0,0,0.5034449696540833,0.5034449696540833,0.5034449696540833,0.496554970741272,9,5,3,zero_shot_paired
131,3,9,5,60,1,1,1,0.5049242973327637,0.5049242973327637,0.4950757324695587,0.5049242973327637,9,5,3,zero_shot_paired
131,4,9,6,60,1,1,1,0.5110208988189697,0.5110208988189697,0.48897916078567505,0.5110208988189697,9,5,3,zero_shot_paired
131,5,9,7,60,0,0,1,0.5045971274375916,0.5045971274375916,0.5045971274375916,0.49540287256240845,9,5,3,zero_shot_paired
131,6,9,8,60,0,1,0,0.5089425444602966,0.5089425444602966,0.49105745553970337,0.5089425444602966,9,5,3,zero_shot_paired
131,7,9,9,60,1,1,1,0.503116250038147,0.503116250038147,0.4968837797641754,0.503116250038147,9,5,3,zero_shot_paired
131,8,9,11,60,1,1,1,0.5023377537727356,0.5023377537727356,0.4976622760295868,0.5023377537727356,9,5,3,zero_shot_paired
131,9,9,12,60,1,0,0,0.5000397562980652,0.5000397562980652,0.5000397562980652,0.4999602735042572,9,5,3,zero_shot_paired
131,10,9,13,60,0,1,0,0.506862998008728,0.506862998008728,0.49313703179359436,0.506862998008728,9,5,3,zero_shot_paired
131,11,9,14,60,1,1,1,0.5064648389816284,0.5064648389816284,0.4935351014137268,0.5064648389816284,9,5,3,zero_shot_paired
131,12,9,15,60,1,1,1,0.5028859376907349,0.5028859376907349,0.49711403250694275,0.5028859376907349,9,5,3,zero_shot_paired
131,13,9,16,60,0,1,0,0.5026071071624756,0.5026071071624756,0.4973928928375244,0.5026071071624756,9,5,3,zero_shot_paired
131,14,9,17,60,1,1,1,0.5073041915893555,0.5073041915893555,0.49269574880599976,0.5073041915893555,9,5,3,zero_shot_paired
131,0,9,0,60,1,0,0,0.5010403990745544,0.5010403990745544,0.5010403990745544,0.49895963072776794,9,5,3,post_calibration
131,1,9,1,60,1,1,1,0.5088695287704468,0.5088695287704468,0.4911304712295532,0.5088695287704468,9,5,3,post_calibration
131,2,9,2,60,1,0,0,0.5020173788070679,0.5020173788070679,0.5020173788070679,0.4979826509952545,9,5,3,post_calibration
131,3,9,5,60,1,1,1,0.5066436529159546,0.5066436529159546,0.4933563470840454,0.5066436529159546,9,5,3,post_calibration
131,4,9,6,60,1,1,1,0.5123518705368042,0.5123518705368042,0.4876481592655182,0.5123518705368042,9,5,3,post_calibration
131,5,9,7,60,0,0,1,0.5031535029411316,0.5031535029411316,0.5031535029411316,0.4968464970588684,9,5,3,post_calibration
131,6,9,8,60,0,1,0,0.510287344455719,0.510287344455719,0.48971259593963623,0.510287344455719,9,5,3,post_calibration
131,7,9,9,60,1,1,1,0.5039947628974915,0.5039947628974915,0.49600520730018616,0.5039947628974915,9,5,3,post_calibration
131,8,9,11,60,1,1,1,0.50304114818573,0.50304114818573,0.49695882201194763,0.50304114818573,9,5,3,post_calibration
131,9,9,12,60,1,1,1,0.5012159943580627,0.5012159943580627,0.4987839460372925,0.5012159943580627,9,5,3,post_calibration
131,10,9,13,60,0,1,0,0.5085814595222473,0.5085814595222473,0.4914184808731079,0.5085814595222473,9,5,3,post_calibration
131,11,9,14,60,1,1,1,0.5080228447914124,0.5080228447914124,0.49197715520858765,0.5080228447914124,9,5,3,post_calibration
131,12,9,15,60,1,1,1,0.5041893124580383,0.5041893124580383,0.4958106577396393,0.5041893124580383,9,5,3,post_calibration
131,13,9,16,60,0,1,0,0.5031528472900391,0.5031528472900391,0.49684709310531616,0.5031528472900391,9,5,3,post_calibration
131,14,9,17,60,1,1,1,0.5084017515182495,0.5084017515182495,0.4915982484817505,0.5084017515182495,9,5,3,post_calibration
132,0,9,0,60,1,0,0,0.5019927620887756,0.5019927620887756,0.5019927620887756,0.49800729751586914,9,6,3,zero_shot_paired
132,1,9,1,60,1,1,1,0.5080416202545166,0.5080416202545166,0.4919583797454834,0.5080416202545166,9,6,3,zero_shot_paired
132,2,9,2,60,1,0,0,0.5034449696540833,0.5034449696540833,0.5034449696540833,0.496554970741272,9,6,3,zero_shot_paired
132,3,9,3,60,1,1,1,0.5017765164375305,0.5017765164375305,0.4982234835624695,0.5017765164375305,9,6,3,zero_shot_paired
132,4,9,4,60,1,1,1,0.5059705376625061,0.5059705376625061,0.4940294623374939,0.5059705376625061,9,6,3,zero_shot_paired
132,5,9,5,60,1,1,1,0.5049242973327637,0.5049242973327637,0.4950757324695587,0.5049242973327637,9,6,3,zero_shot_paired
132,6,9,6,60,1,1,1,0.5110208988189697,0.5110208988189697,0.48897916078567505,0.5110208988189697,9,6,3,zero_shot_paired
132,7,9,7,60,0,0,1,0.5045971274375916,0.5045971274375916,0.5045971274375916,0.49540287256240845,9,6,3,zero_shot_paired
132,8,9,9,60,1,1,1,0.503116250038147,0.503116250038147,0.4968837797641754,0.503116250038147,9,6,3,zero_shot_paired
132,9,9,10,60,1,0,0,0.501329779624939,0.501329779624939,0.501329779624939,0.4986702501773834,9,6,3,zero_shot_paired
132,10,9,13,60,0,1,0,0.506862998008728,0.506862998008728,0.49313703179359436,0.506862998008728,9,6,3,zero_shot_paired
132,11,9,14,60,1,1,1,0.5064648389816284,0.5064648389816284,0.4935351014137268,0.5064648389816284,9,6,3,zero_shot_paired
132,12,9,15,60,1,1,1,0.5028859376907349,0.5028859376907349,0.49711403250694275,0.5028859376907349,9,6,3,zero_shot_paired
132,13,9,16,60,0,1,0,0.5026071071624756,0.5026071071624756,0.4973928928375244,0.5026071071624756,9,6,3,zero_shot_paired
132,14,9,17,60,1,1,1,0.5073041915893555,0.5073041915893555,0.49269574880599976,0.5073041915893555,9,6,3,zero_shot_paired
132,0,9,0,60,1,0,0,0.5008564591407776,0.5008564591407776,0.5008564591407776,0.4991435408592224,9,6,3,post_calibration
132,1,9,1,60,1,1,1,0.5086574554443359,0.5086574554443359,0.49134257435798645,0.5086574554443359,9,6,3,post_calibration
132,2,9,2,60,1,0,0,0.5023218393325806,0.5023218393325806,0.5023218393325806,0.49767813086509705,9,6,3,post_calibration
132,3,9,3,60,1,1,1,0.5024938583374023,0.5024938583374023,0.49750617146492004,0.5024938583374023,9,6,3,post_calibration
132,4,9,4,60,1,1,1,0.5065872669219971,0.5065872669219971,0.49341270327568054,0.5065872669219971,9,6,3,post_calibration
132,5,9,5,60,1,1,1,0.5053170919418335,0.5053170919418335,0.4946829080581665,0.5053170919418335,9,6,3,post_calibration
132,6,9,6,60,1,1,1,0.510725200176239,0.510725200176239,0.48927485942840576,0.510725200176239,9,6,3,post_calibration
132,7,9,7,60,0,0,1,0.5036745667457581,0.5036745667457581,0.5036745667457581,0.49632546305656433,9,6,3,post_calibration
132,8,9,9,60,1,1,1,0.503333330154419,0.503333330154419,0.49666666984558105,0.503333330154419,9,6,3,post_calibration
132,9,9,10,60,1,0,0,0.5009724497795105,0.5009724497795105,0.5009724497795105,0.4990275502204895,9,6,3,post_calibration
132,10,9,13,60,0,1,0,0.5064927339553833,0.5064927339553833,0.4935072660446167,0.5064927339553833,9,6,3,post_calibration
132,11,9,14,60,1,1,1,0.5069721341133118,0.5069721341133118,0.4930278956890106,0.5069721341133118,9,6,3,post_calibration
132,12,9,15,60,1,1,1,0.5034779906272888,0.5034779906272888,0.4965219795703888,0.5034779906272888,9,6,3,post_calibration
132,13,9,16,60,0,1,0,0.5033140182495117,0.5033140182495117,0.4966859817504883,0.5033140182495117,9,6,3,post_calibration
132,14,9,17,60,1,1,1,0.5071407556533813,0.5071407556533813,0.49285921454429626,0.5071407556533813,9,6,3,post_calibration
133,0,9,1,60,1,1,1,0.5080416202545166,0.5080416202545166,0.4919583797454834,0.5080416202545166,9,1,6,zero_shot_paired
133,1,9,2,60,1,0,0,0.5034449696540833,0.5034449696540833,0.5034449696540833,0.496554970741272,9,1,6,zero_shot_paired
133,2,9,4,60,1,1,1,0.5059705376625061,0.5059705376625061,0.4940294623374939,0.5059705376625061,9,1,6,zero_shot_paired
133,3,9,5,60,1,1,1,0.5049242973327637,0.5049242973327637,0.4950757324695587,0.5049242973327637,9,1,6,zero_shot_paired
133,4,9,7,60,0,0,1,0.5045971274375916,0.5045971274375916,0.5045971274375916,0.49540287256240845,9,1,6,zero_shot_paired
133,5,9,10,60,1,0,0,0.501329779624939,0.501329779624939,0.501329779624939,0.4986702501773834,9,1,6,zero_shot_paired
133,6,9,11,60,1,1,1,0.5023377537727356,0.5023377537727356,0.4976622760295868,0.5023377537727356,9,1,6,zero_shot_paired
133,7,9,12,60,1,0,0,0.5000397562980652,0.5000397562980652,0.5000397562980652,0.4999602735042572,9,1,6,zero_shot_paired
133,8,9,13,60,0,1,0,0.506862998008728,0.506862998008728,0.49313703179359436,0.506862998008728,9,1,6,zero_shot_paired
133,9,9,14,60,1,1,1,0.5064648389816284,0.5064648389816284,0.4935351014137268,0.5064648389816284,9,1,6,zero_shot_paired
133,10,9,15,60,1,1,1,0.5028859376907349,0.5028859376907349,0.49711403250694275,0.5028859376907349,9,1,6,zero_shot_paired
133,11,9,16,60,0,1,0,0.5026071071624756,0.5026071071624756,0.4973928928375244,0.5026071071624756,9,1,6,zero_shot_paired
133,0,9,1,60,1,1,1,0.5101163387298584,0.5101163387298584,0.4898836314678192,0.5101163387298584,9,1,6,post_calibration
133,1,9,2,60,1,0,0,0.5026376247406006,0.5026376247406006,0.5026376247406006,0.4973624050617218,9,1,6,post_calibration
133,2,9,4,60,1,1,1,0.507146954536438,0.507146954536438,0.492853045463562,0.507146954536438,9,1,6,post_calibration
133,3,9,5,60,1,1,1,0.5082201361656189,0.5082201361656189,0.4917799234390259,0.5082201361656189,9,1,6,post_calibration
133,4,9,7,60,0,0,1,0.5047608613967896,0.5047608613967896,0.5047608613967896,0.49523913860321045,9,1,6,post_calibration
133,5,9,10,60,1,1,1,0.5007554888725281,0.5007554888725281,0.4992445409297943,0.5007554888725281,9,1,6,post_calibration
133,6,9,11,60,1,1,1,0.5044407844543457,0.5044407844543457,0.4955592155456543,0.5044407844543457,9,1,6,post_calibration
133,7,9,12,60,1,1,1,0.5001811981201172,0.5001811981201172,0.4998188316822052,0.5001811981201172,9,1,6,post_calibration
133,8,9,13,60,0,1,0,0.5100612640380859,0.5100612640380859,0.48993873596191406,0.5100612640380859,9,1,6,post_calibration
133,9,9,14,60,1,1,1,0.5081959366798401,0.5081959366798401,0.4918040931224823,0.5081959366798401,9,1,6,post_calibration
133,10,9,15,60,1,1,1,0.5040244460105896,0.5040244460105896,0.495975524187088,0.5040244460105896,9,1,6,post_calibration
133,11,9,16,60,0,1,0,0.5039339661598206,0.5039339661598206,0.49606606364250183,0.5039339661598206,9,1,6,post_calibration
134,0,9,0,60,1,0,0,0.5019927620887756,0.5019927620887756,0.5019927620887756,0.49800729751586914,9,2,6,zero_shot_paired
134,1,9,3,60,1,1,1,0.5017765164375305,0.5017765164375305,0.4982234835624695,0.5017765164375305,9,2,6,zero_shot_paired
134,2,9,4,60,1,1,1,0.5059705376625061,0.5059705376625061,0.4940294623374939,0.5059705376625061,9,2,6,zero_shot_paired
134,3,9,6,60,1,1,1,0.5110208988189697,0.5110208988189697,0.48897916078567505,0.5110208988189697,9,2,6,zero_shot_paired
134,4,9,7,60,0,0,1,0.5045971274375916,0.5045971274375916,0.5045971274375916,0.49540287256240845,9,2,6,zero_shot_paired
134,5,9,8,60,0,1,0,0.5089425444602966,0.5089425444602966,0.49105745553970337,0.5089425444602966,9,2,6,zero_shot_paired
134,6,9,9,60,1,1,1,0.503116250038147,0.503116250038147,0.4968837797641754,0.503116250038147,9,2,6,zero_shot_paired
134,7,9,10,60,1,0,0,0.501329779624939,0.501329779624939,0.501329779624939,0.4986702501773834,9,2,6,zero_shot_paired
134,8,9,12,60,1,0,0,0.5000397562980652,0.5000397562980652,0.5000397562980652,0.4999602735042572,9,2,6,zero_shot_paired
134,9,9,15,60,1,1,1,0.5028859376907349,0.5028859376907349,0.49711403250694275,0.5028859376907349,9,2,6,zero_shot_paired
134,10,9,16,60,0,1,0,0.5026071071624756,0.5026071071624756,0.4973928928375244,0.5026071071624756,9,2,6,zero_shot_paired
134,11,9,17,60,1,1,1,0.5073041915893555,0.5073041915893555,0.49269574880599976,0.5073041915893555,9,2,6,zero_shot_paired
134,0,9,0,60,1,1,1,0.5020269155502319,0.5020269155502319,0.49797308444976807,0.5020269155502319,9,2,6,post_calibration
134,1,9,3,60,1,1,1,0.5032682418823242,0.5032682418823242,0.49673178791999817,0.5032682418823242,9,2,6,post_calibration
134,2,9,4,60,1,1,1,0.5069882869720459,0.5069882869720459,0.4930117428302765,0.5069882869720459,9,2,6,post_calibration
134,3,9,6,60,1,1,1,0.5125189423561096,0.5125189423561096,0.4874809980392456,0.5125189423561096,9,2,6,post_calibration
134,4,9,7,60,0,0,1,0.5029255747795105,0.5029255747795105,0.5029255747795105,0.4970744848251343,9,2,6,post_calibration
134,5,9,8,60,0,1,0,0.5112680792808533,0.5112680792808533,0.48873192071914673,0.5112680792808533,9,2,6,post_calibration
134,6,9,9,60,1,1,1,0.5058770179748535,0.5058770179748535,0.4941229522228241,0.5058770179748535,9,2,6,post_calibration
134,7,9,10,60,1,1,1,0.5005658864974976,0.5005658864974976,0.49943411350250244,0.5005658864974976,9,2,6,post_calibration
134,8,9,12,60,1,1,1,0.5020699501037598,0.5020699501037598,0.49793002009391785,0.5020699501037598,9,2,6,post_calibration
134,9,9,15,60,1,1,1,0.5054014921188354,0.5054014921188354,0.49459850788116455,0.5054014921188354,9,2,6,post_calibration
134,10,9,16,60,0,1,0,0.5053778290748596,0.5053778290748596,0.49462220072746277,0.5053778290748596,9,2,6,post_calibration
134,11,9,17,60,1,1,1,0.5088933110237122,0.5088933110237122,0.49110668897628784,0.5088933110237122,9,2,6,post_calibration
135,0,9,0,60,1,0,0,0.5019927620887756,0.5019927620887756,0.5019927620887756,0.49800729751586914,9,3,6,zero_shot_paired
135,1,9,1,60,1,1,1,0.5080416202545166,0.5080416202545166,0.4919583797454834,0.5080416202545166,9,3,6,zero_shot_paired
135,2,9,2,60,1,0,0,0.5034449696540833,0.5034449696540833,0.5034449696540833,0.496554970741272,9,3,6,zero_shot_paired
135,3,9,3,60,1,1,1,0.5017765164375305,0.5017765164375305,0.4982234835624695,0.5017765164375305,9,3,6,zero_shot_paired
135,4,9,5,60,1,1,1,0.5049242973327637,0.5049242973327637,0.4950757324695587,0.5049242973327637,9,3,6,zero_shot_paired
135,5,9,6,60,1,1,1,0.5110208988189697,0.5110208988189697,0.48897916078567505,0.5110208988189697,9,3,6,zero_shot_paired
135,6,9,8,60,0,1,0,0.5089425444602966,0.5089425444602966,0.49105745553970337,0.5089425444602966,9,3,6,zero_shot_paired
135,7,9,9,60,1,1,1,0.503116250038147,0.503116250038147,0.4968837797641754,0.503116250038147,9,3,6,zero_shot_paired
135,8,9,11,60,1,1,1,0.5023377537727356,0.5023377537727356,0.4976622760295868,0.5023377537727356,9,3,6,zero_shot_paired
135,9,9,13,60,0,1,0,0.506862998008728,0.506862998008728,0.49313703179359436,0.506862998008728,9,3,6,zero_shot_paired
135,10,9,14,60,1,1,1,0.5064648389816284,0.5064648389816284,0.4935351014137268,0.5064648389816284,9,3,6,zero_shot_paired
135,11,9,17,60,1,1,1,0.5073041915893555,0.5073041915893555,0.49269574880599976,0.5073041915893555,9,3,6,zero_shot_paired
135,0,9,0,60,1,0,0,0.5017871260643005,0.5017871260643005,0.5017871260643005,0.4982128441333771,9,3,6,post_calibration
135,1,9,1,60,1,1,1,0.5086301565170288,0.5086301565170288,0.4913698434829712,0.5086301565170288,9,3,6,post_calibration
135,2,9,2,60,1,0,0,0.5032601952552795,0.5032601952552795,0.5032601952552795,0.4967397451400757,9,3,6,post_calibration
135,3,9,3,60,1,1,1,0.5025702714920044,0.5025702714920044,0.4974297285079956,0.5025702714920044,9,3,6,post_calibration
135,4,9,5,60,1,1,1,0.5054981112480164,0.5054981112480164,0.49450182914733887,0.5054981112480164,9,3,6,post_calibration
135,5,9,6,60,1,1,1,0.5114963054656982,0.5114963054656982,0.48850372433662415,0.5114963054656982,9,3,6,post_calibration
135,6,9,8,60,0,1,0,0.5092893242835999,0.5092893242835999,0.49071067571640015,0.5092893242835999,9,3,6,post_calibration
135,7,9,9,60,1,1,1,0.503463089466095,0.503463089466095,0.49653691053390503,0.503463089466095,9,3,6,post_calibration
135,8,9,11,60,1,1,1,0.502406656742096,0.502406656742096,0.4975932836532593,0.502406656742096,9,3,6,post_calibration
135,9,9,13,60,0,1,0,0.5076433420181274,0.5076433420181274,0.49235662817955017,0.5076433420181274,9,3,6,post_calibration
135,10,9,14,60,1,1,1,0.5072631239891052,0.5072631239891052,0.49273690581321716,0.5072631239891052,9,3,6,post_calibration
135,11,9,17,60,1,1,1,0.507681667804718,0.507681667804718,0.49231836199760437,0.507681667804718,9,3,6,post_calibration
136,0,9,2,60,1,0,0,0.5034453868865967,0.5034453868865967,0.5034453868865967,0.4965546727180481,9,1,9,zero_shot_paired
136,1,9,3,60,1,1,1,0.5017765164375305,0.5017765164375305,0.4982234835624695,0.5017765164375305,9,1,9,zero_shot_paired
136,2,9,4,60,1,1,1,0.5059706568717957,0.5059706568717957,0.49402937293052673,0.5059706568717957,9,1,9,zero_shot_paired
136,3,9,5,60,1,1,1,0.5049241781234741,0.5049241781234741,0.4950758218765259,0.5049241781234741,9,1,9,zero_shot_paired
136,4,9,7,60,0,0,1,0.5045971274375916,0.5045971274375916,0.5045971274375916,0.49540287256240845,9,1,9,zero_shot_paired
136,5,9,8,60,0,1,0,0.5089425444602966,0.5089425444602966,0.49105745553970337,0.5089425444602966,9,1,9,zero_shot_paired
136,6,9,10,60,1,0,0,0.5013300180435181,0.5013300180435181,0.5013300180435181,0.49866995215415955,9,1,9,zero_shot_paired
136,7,9,14,60,1,1,1,0.5064648389816284,0.5064648389816284,0.4935351014137268,0.5064648389816284,9,1,9,zero_shot_paired
136,8,9,15,60,1,1,1,0.5028859376907349,0.5028859376907349,0.4971140921115875,0.5028859376907349,9,1,9,zero_shot_paired
136,0,9,2,60,1,0,0,0.5017776489257812,0.5017776489257812,0.5017776489257812,0.49822235107421875,9,1,9,post_calibration
136,1,9,3,60,1,1,1,0.502197802066803,0.502197802066803,0.497802197933197,0.502197802066803,9,1,9,post_calibration
136,2,9,4,60,1,1,1,0.5062295794487,0.5062295794487,0.49377039074897766,0.5062295794487,9,1,9,post_calibration
136,3,9,5,60,1,1,1,0.5073138475418091,0.5073138475418091,0.49268612265586853,0.5073138475418091,9,1,9,post_calibration
136,4,9,7,60,0,0,1,0.5040954351425171,0.5040954351425171,0.5040954351425171,0.4959045350551605,9,1,9,post_calibration
136,5,9,8,60,0,1,0,0.5101535320281982,0.5101535320281982,0.48984646797180176,0.5101535320281982,9,1,9,post_calibration
136,6,9,10,60,1,1,1,0.5001696944236755,0.5001696944236755,0.4998302757740021,0.5001696944236755,9,1,9,post_calibration
136,7,9,14,60,1,1,1,0.507117509841919,0.507117509841919,0.49288246035575867,0.507117509841919,9,1,9,post_calibration
136,8,9,15,60,1,1,1,0.5032346844673157,0.5032346844673157,0.4967653453350067,0.5032346844673157,9,1,9,post_calibration
137,0,9,0,60,1,0,0,0.5019928216934204,0.5019928216934204,0.5019928216934204,0.49800723791122437,9,2,9,zero_shot_paired
137,1,9,1,60,1,1,1,0.5080416798591614,0.5080416798591614,0.491958349943161,0.5080416798591614,9,2,9,zero_shot_paired
137,2,9,6,60,1,1,1,0.5110208988189697,0.5110208988189697,0.48897916078567505,0.5110208988189697,9,2,9,zero_shot_paired
137,3,9,9,60,1,1,1,0.5031161904335022,0.5031161904335022,0.4968837797641754,0.5031161904335022,9,2,9,zero_shot_paired
137,4,9,11,60,1,1,1,0.5023377537727356,0.5023377537727356,0.4976622760295868,0.5023377537727356,9,2,9,zero_shot_paired
137,5,9,12,60,1,0,0,0.50003981590271,0.50003981590271,0.50003981590271,0.4999602138996124,9,2,9,zero_shot_paired
137,6,9,13,60,0,1,0,0.5068631172180176,0.5068631172180176,0.4931369125843048,0.5068631172180176,9,2,9,zero_shot_paired
137,7,9,16,60,0,1,0,0.5026071071624756,0.5026071071624756,0.4973928928375244,0.5026071071624756,9,2,9,zero_shot_paired
137,8,9,17,60,1,1,1,0.5073040723800659,0.5073040723800659,0.4926958978176117,0.5073040723800659,9,2,9,zero_shot_paired
137,0,9,0,60,1,1,1,0.500512957572937,0.500512957572937,0.4994870126247406,0.500512957572937,9,2,9,post_calibration
137,1,9,1,60,1,1,1,0.5092417597770691,0.5092417597770691,0.4907582104206085,0.5092417597770691,9,2,9,post_calibration
137,2,9,6,60,1,1,1,0.5126914978027344,0.5126914978027344,0.4873085021972656,0.5126914978027344,9,2,9,post_calibration
137,3,9,9,60,1,1,1,0.5050740242004395,0.5050740242004395,0.49492594599723816,0.5050740242004395,9,2,9,post_calibration
137,4,9,11,60,1,1,1,0.5035762190818787,0.5035762190818787,0.4964238107204437,0.5035762190818787,9,2,9,post_calibration
137,5,9,12,60,1,1,1,0.5018066763877869,0.5018066763877869,0.49819332361221313,0.5018066763877869,9,2,9,post_calibration
137,6,9,13,60,0,1,0,0.5091660618782043,0.5091660618782043,0.49083393812179565,0.5091660618782043,9,2,9,post_calibration
137,7,9,16,60,0,1,0,0.5051200985908508,0.5051200985908508,0.49487996101379395,0.5051200985908508,9,2,9,post_calibration
137,8,9,17,60,1,1,1,0.5089272856712341,0.5089272856712341,0.49107271432876587,0.5089272856712341,9,2,9,post_calibration
138,0,9,0,60,1,0,0,0.501991868019104,0.501991868019104,0.501991868019104,0.49800819158554077,9,1,12,zero_shot_paired
138,1,9,1,60,1,1,1,0.5080399513244629,0.5080399513244629,0.4919601082801819,0.5080399513244629,9,1,12,zero_shot_paired
138,2,9,5,60,1,1,1,0.504923939704895,0.504923939704895,0.495076060295105,0.504923939704895,9,1,12,zero_shot_paired
138,3,9,7,60,0,0,1,0.504600465297699,0.504600465297699,0.504600465297699,0.495399534702301,9,1,12,zero_shot_paired
138,4,9,10,60,1,0,0,0.5013288259506226,0.5013288259506226,0.5013288259506226,0.49867117404937744,9,1,12,zero_shot_paired
138,5,9,11,60,1,1,1,0.5023353695869446,0.5023353695869446,0.4976646602153778,0.5023353695869446,9,1,12,zero_shot_paired
138,0,9,0,60,1,0,0,0.5009143948554993,0.5009143948554993,0.5009143948554993,0.4990856349468231,9,1,12,post_calibration
138,1,9,1,60,1,1,1,0.5093976855278015,0.5093976855278015,0.49060237407684326,0.5093976855278015,9,1,12,post_calibration
138,2,9,5,60,1,1,1,0.5070580244064331,0.5070580244064331,0.4929419755935669,0.5070580244064331,9,1,12,post_calibration
138,3,9,7,60,0,0,1,0.5029423236846924,0.5029423236846924,0.5029423236846924,0.49705770611763,9,1,12,post_calibration
138,4,9,10,60,1,1,1,0.5011289715766907,0.5011289715766907,0.4988710880279541,0.5011289715766907,9,1,12,post_calibration
138,5,9,11,60,1,1,1,0.5038754343986511,0.5038754343986511,0.49612459540367126,0.5038754343986511,9,1,12,post_calibration
139,0,9,3,60,1,1,1,0.5017793774604797,0.5017793774604797,0.4982205927371979,0.5017793774604797,9,2,12,zero_shot_paired
139,1,9,5,60,1,1,1,0.504923939704895,0.504923939704895,0.495076060295105,0.504923939704895,9,2,12,zero_shot_paired
139,2,9,6,60,1,1,1,0.5110150575637817,0.5110150575637817,0.48898494243621826,0.5110150575637817,9,2,12,zero_shot_paired
139,3,9,7,60,0,0,1,0.504600465297699,0.504600465297699,0.504600465297699,0.495399534702301,9,2,12,zero_shot_paired
139,4,9,9,60,1,1,1,0.5031169056892395,0.5031169056892395,0.4968831241130829,0.5031169056892395,9,2,12,zero_shot_paired
139,5,9,11,60,1,1,1,0.5023353695869446,0.5023353695869446,0.4976646602153778,0.5023353695869446,9,2,12,zero_shot_paired
139,0,9,3,60,1,1,1,0.5043488144874573,0.5043488144874573,0.49565115571022034,0.5043488144874573,9,2,12,post_calibration
139,1,9,5,60,1,1,1,0.5067467093467712,0.5067467093467712,0.49325332045555115,0.5067467093467712,9,2,12,post_calibration
139,2,9,6,60,1,1,1,0.5111998915672302,0.5111998915672302,0.4888000786304474,0.5111998915672302,9,2,12,post_calibration
139,3,9,7,60,0,0,1,0.5016145706176758,0.5016145706176758,0.5016145706176758,0.4983854591846466,9,2,12,post_calibration
139,4,9,9,60,1,1,1,0.5043106079101562,0.5043106079101562,0.49568942189216614,0.5043106079101562,9,2,12,post_calibration
139,5,9,11,60,1,1,1,0.5034068822860718,0.5034068822860718,0.4965931177139282,0.5034068822860718,9,2,12,post_calibration
140,0,9,0,60,1,0,0,0.501991868019104,0.501991868019104,0.501991868019104,0.49800819158554077,9,3,12,zero_shot_paired
140,1,9,2,60,1,0,0,0.5034450888633728,0.5034450888633728,0.5034450888633728,0.4965549111366272,9,3,12,zero_shot_paired
140,2,9,4,60,1,1,1,0.5059673190116882,0.5059673190116882,0.49403274059295654,0.5059673190116882,9,3,12,zero_shot_paired
140,3,9,6,60,1,1,1,0.5110150575637817,0.5110150575637817,0.48898494243621826,0.5110150575637817,9,3,12,zero_shot_paired
140,4,9,8,60,0,1,0,0.5089424848556519,0.5089424848556519,0.49105748534202576,0.5089424848556519,9,3,12,zero_shot_paired
140,5,9,11,60,1,1,1,0.5023353695869446,0.5023353695869446,0.4976646602153778,0.5023353695869446,9,3,12,zero_shot_paired
140,0,9,0,60,1,1,1,0.50009685754776,0.50009685754776,0.4999030828475952,0.50009685754776,9,3,12,post_calibration
140,1,9,2,60,1,0,0,0.50145024061203,0.50145024061203,0.50145024061203,0.49854975938796997,9,3,12,post_calibration
140,2,9,4,60,1,1,1,0.5075114369392395,0.5075114369392395,0.4924885630607605,0.5075114369392395,9,3,12,post_calibration
140,3,9,6,60,1,1,1,0.5125877261161804,0.5125877261161804,0.48741230368614197,0.5125877261161804,9,3,12,post_calibration
140,4,9,8,60,0,1,0,0.5103627443313599,0.5103627443313599,0.4896372854709625,0.5103627443313599,9,3,12,post_calibration
140,5,9,11,60,1,1,1,0.5043479800224304,0.5043479800224304,0.49565204977989197,0.5043479800224304,9,3,12,post_calibration
11,0,10,0,60,0,0,1,0.5015949606895447,0.5015949606895447,0.5015949606895447,0.49840500950813293,10,,,zero_shot_all_trials
11,1,10,1,60,0,1,0,0.5024425387382507,0.5024425387382507,0.49755746126174927,0.5024425387382507,10,,,zero_shot_all_trials
11,2,10,2,60,1,0,0,0.5020544528961182,0.5020544528961182,0.5020544528961182,0.4979455769062042,10,,,zero_shot_all_trials
11,3,10,3,60,0,0,1,0.5008734464645386,0.5008734464645386,0.5008734464645386,0.4991266131401062,10,,,zero_shot_all_trials
11,4,10,4,60,1,1,1,0.5000609755516052,0.5000609755516052,0.49993905425071716,0.5000609755516052,10,,,zero_shot_all_trials
11,5,10,5,60,0,0,1,0.5024263858795166,0.5024263858795166,0.5024263858795166,0.4975736439228058,10,,,zero_shot_all_trials
11,6,10,6,60,1,0,0,0.5015697479248047,0.5015697479248047,0.5015697479248047,0.4984302520751953,10,,,zero_shot_all_trials
11,7,10,7,60,0,1,0,0.5001689791679382,0.5001689791679382,0.49983102083206177,0.5001689791679382,10,,,zero_shot_all_trials
11,8,10,8,60,0,0,1,0.5037029981613159,0.5037029981613159,0.5037029981613159,0.49629706144332886,10,,,zero_shot_all_trials
11,9,10,9,60,0,1,0,0.5019961595535278,0.5019961595535278,0.49800384044647217,0.5019961595535278,10,,,zero_shot_all_trials
11,10,10,10,60,1,0,0,0.5027335286140442,0.5027335286140442,0.5027335286140442,0.4972664713859558,10,,,zero_shot_all_trials
11,11,10,11,60,1,0,0,0.5024116039276123,0.5024116039276123,0.5024116039276123,0.4975884258747101,10,,,zero_shot_all_trials
11,12,10,12,60,1,0,0,0.5015547275543213,0.5015547275543213,0.5015547275543213,0.4984452426433563,10,,,zero_shot_all_trials
11,13,10,13,60,0,0,1,0.5003721117973328,0.5003721117973328,0.5003721117973328,0.49962788820266724,10,,,zero_shot_all_trials
11,14,10,14,60,1,0,0,0.5021905899047852,0.5021905899047852,0.5021905899047852,0.49780941009521484,10,,,zero_shot_all_trials
11,15,10,15,60,1,0,0,0.5035980939865112,0.5035980939865112,0.5035980939865112,0.49640190601348877,10,,,zero_shot_all_trials
11,16,10,16,60,0,0,1,0.5065575838088989,0.5065575838088989,0.5065575838088989,0.49344244599342346,10,,,zero_shot_all_trials
11,17,10,17,60,1,0,0,0.5004189014434814,0.5004189014434814,0.5004189014434814,0.49958106875419617,10,,,zero_shot_all_trials
141,0,10,0,60,0,0,1,0.5015949010848999,0.5015949010848999,0.5015949010848999,0.4984051287174225,10,1,3,zero_shot_paired
141,1,10,1,60,0,1,0,0.5024425983428955,0.5024425983428955,0.4975573718547821,0.5024425983428955,10,1,3,zero_shot_paired
141,2,10,2,60,1,0,0,0.5020544528961182,0.5020544528961182,0.5020544528961182,0.4979455769062042,10,1,3,zero_shot_paired
141,3,10,3,60,0,0,1,0.5008735060691833,0.5008735060691833,0.5008735060691833,0.49912652373313904,10,1,3,zero_shot_paired
141,4,10,4,60,1,1,1,0.5000608563423157,0.5000608563423157,0.4999391436576843,0.5000608563423157,10,1,3,zero_shot_paired
141,5,10,5,60,0,0,1,0.502426266670227,0.502426266670227,0.502426266670227,0.49757373332977295,10,1,3,zero_shot_paired
141,6,10,6,60,1,0,0,0.5015697479248047,0.5015697479248047,0.5015697479248047,0.4984302520751953,10,1,3,zero_shot_paired
141,7,10,7,60,0,1,0,0.500169038772583,0.500169038772583,0.4998309314250946,0.500169038772583,10,1,3,zero_shot_paired
141,8,10,8,60,0,0,1,0.5037031769752502,0.5037031769752502,0.5037031769752502,0.49629685282707214,10,1,3,zero_shot_paired
141,9,10,9,60,0,1,0,0.5019962787628174,0.5019962787628174,0.498003751039505,0.5019962787628174,10,1,3,zero_shot_paired
141,10,10,10,60,1,0,0,0.5027334690093994,0.5027334690093994,0.5027334690093994,0.4972665011882782,10,1,3,zero_shot_paired
141,11,10,11,60,1,0,0,0.5024116039276123,0.5024116039276123,0.5024116039276123,0.4975884258747101,10,1,3,zero_shot_paired
141,12,10,13,60,0,0,1,0.500372052192688,0.500372052192688,0.500372052192688,0.499627947807312,10,1,3,zero_shot_paired
141,13,10,15,60,1,0,0,0.503598153591156,0.503598153591156,0.503598153591156,0.496401846408844,10,1,3,zero_shot_paired
141,14,10,17,60,1,0,0,0.5004189014434814,0.5004189014434814,0.5004189014434814,0.49958109855651855,10,1,3,zero_shot_paired
141,0,10,0,60,0,0,1,0.5017678141593933,0.5017678141593933,0.5017678141593933,0.4982321858406067,10,1,3,post_calibration
141,1,10,1,60,0,1,0,0.5026124119758606,0.5026124119758606,0.4973875880241394,0.5026124119758606,10,1,3,post_calibration
141,2,10,2,60,1,0,0,0.5019161105155945,0.5019161105155945,0.5019161105155945,0.4980839192867279,10,1,3,post_calibration
141,3,10,3,60,0,0,1,0.50105220079422,0.50105220079422,0.50105220079422,0.4989478290081024,10,1,3,post_calibration
141,4,10,4,60,1,1,1,0.500737726688385,0.500737726688385,0.4992623031139374,0.500737726688385,10,1,3,post_calibration
141,5,10,5,60,0,0,1,0.502469003200531,0.502469003200531,0.502469003200531,0.49753105640411377,10,1,3,post_calibration
141,6,10,6,60,1,0,0,0.501155436038971,0.501155436038971,0.501155436038971,0.49884456396102905,10,1,3,post_calibration
141,7,10,7,60,0,1,0,0.5007312297821045,0.5007312297821045,0.4992688000202179,0.5007312297821045,10,1,3,post_calibration
141,8,10,8,60,0,0,1,0.5035665035247803,0.5035665035247803,0.5035665035247803,0.4964334964752197,10,1,3,post_calibration
141,9,10,9,60,0,1,0,0.5016523003578186,0.5016523003578186,0.4983476996421814,0.5016523003578186,10,1,3,post_calibration
141,10,10,10,60,1,0,0,0.5024309754371643,0.5024309754371643,0.5024309754371643,0.4975689947605133,10,1,3,post_calibration
141,11,10,11,60,1,0,0,0.5023673176765442,0.5023673176765442,0.5023673176765442,0.4976327121257782,10,1,3,post_calibration
141,12,10,13,60,0,0,1,0.5002877712249756,0.5002877712249756,0.5002877712249756,0.499712198972702,10,1,3,post_calibration
141,13,10,15,60,1,0,0,0.5033103227615356,0.5033103227615356,0.5033103227615356,0.49668964743614197,10,1,3,post_calibration
141,14,10,17,60,1,0,0,0.5005188584327698,0.5005188584327698,0.5005188584327698,0.4994811713695526,10,1,3,post_calibration
142,0,10,0,60,0,0,1,0.5015949010848999,0.5015949010848999,0.5015949010848999,0.4984051287174225,10,2,3,zero_shot_paired
142,1,10,1,60,0,1,0,0.5024425983428955,0.5024425983428955,0.4975573718547821,0.5024425983428955,10,2,3,zero_shot_paired
142,2,10,3,60,0,0,1,0.5008735060691833,0.5008735060691833,0.5008735060691833,0.49912652373313904,10,2,3,zero_shot_paired
142,3,10,4,60,1,1,1,0.5000608563423157,0.5000608563423157,0.4999391436576843,0.5000608563423157,10,2,3,zero_shot_paired
142,4,10,5,60,0,0,1,0.502426266670227,0.502426266670227,0.502426266670227,0.49757373332977295,10,2,3,zero_shot_paired
142,5,10,6,60,1,0,0,0.5015697479248047,0.5015697479248047,0.5015697479248047,0.4984302520751953,10,2,3,zero_shot_paired
142,6,10,8,60,0,0,1,0.5037031769752502,0.5037031769752502,0.5037031769752502,0.49629685282707214,10,2,3,zero_shot_paired
142,7,10,9,60,0,1,0,0.5019962787628174,0.5019962787628174,0.498003751039505,0.5019962787628174,10,2,3,zero_shot_paired
142,8,10,10,60,1,0,0,0.5027334690093994,0.5027334690093994,0.5027334690093994,0.4972665011882782,10,2,3,zero_shot_paired
142,9,10,11,60,1,0,0,0.5024116039276123,0.5024116039276123,0.5024116039276123,0.4975884258747101,10,2,3,zero_shot_paired
142,10,10,12,60,1,0,0,0.5015547275543213,0.5015547275543213,0.5015547275543213,0.4984452724456787,10,2,3,zero_shot_paired
142,11,10,13,60,0,0,1,0.500372052192688,0.500372052192688,0.500372052192688,0.499627947807312,10,2,3,zero_shot_paired
142,12,10,14,60,1,0,0,0.5021905303001404,0.5021905303001404,0.5021905303001404,0.49780941009521484,10,2,3,zero_shot_paired
142,13,10,16,60,0,0,1,0.5065575838088989,0.5065575838088989,0.5065575838088989,0.49344244599342346,10,2,3,zero_shot_paired
142,14,10,17,60,1,0,0,0.5004189014434814,0.5004189014434814,0.5004189014434814,0.49958109855651855,10,2,3,zero_shot_paired
142,0,10,0,60,0,0,1,0.5016831159591675,0.5016831159591675,0.5016831159591675,0.4983168840408325,10,2,3,post_calibration
142,1,10,1,60,0,1,0,0.5026732087135315,0.5026732087135315,0.4973268508911133,0.5026732087135315,10,2,3,post_calibration
142,2,10,3,60,0,0,1,0.5000823140144348,0.5000823140144348,0.5000823140144348,0.4999177157878876,10,2,3,post_calibration
142,3,10,4,60,1,1,1,0.5001770257949829,0.5001770257949829,0.4998229444026947,0.5001770257949829,10,2,3,post_calibration
142,4,10,5,60,0,0,1,0.5024005174636841,0.5024005174636841,0.5024005174636841,0.4975994825363159,10,2,3,post_calibration
142,5,10,6,60,1,0,0,0.5013432502746582,0.5013432502746582,0.5013432502746582,0.4986567199230194,10,2,3,post_calibration
142,6,10,8,60,0,0,1,0.5032121539115906,0.5032121539115906,0.5032121539115906,0.4967878460884094,10,2,3,post_calibration
142,7,10,9,60,0,1,0,0.5020302534103394,0.5020302534103394,0.49796974658966064,0.5020302534103394,10,2,3,post_calibration
142,8,10,10,60,1,0,0,0.5020986199378967,0.5020986199378967,0.5020986199378967,0.49790140986442566,10,2,3,post_calibration
142,9,10,11,60,1,0,0,0.5021755695343018,0.5021755695343018,0.5021755695343018,0.49782446026802063,10,2,3,post_calibration
142,10,10,12,60,1,0,0,0.5014569759368896,0.5014569759368896,0.5014569759368896,0.49854302406311035,10,2,3,post_calibration
142,11,10,13,60,0,1,0,0.5001012086868286,0.5001012086868286,0.4998987913131714,0.5001012086868286,10,2,3,post_calibration
142,12,10,14,60,1,0,0,0.502358078956604,0.502358078956604,0.502358078956604,0.497641921043396,10,2,3,post_calibration
142,13,10,16,60,0,0,1,0.5061497688293457,0.5061497688293457,0.5061497688293457,0.4938502609729767,10,2,3,post_calibration
142,14,10,17,60,1,0,0,0.5003551244735718,0.5003551244735718,0.5003551244735718,0.4996449053287506,10,2,3,post_calibration
143,0,10,2,60,1,0,0,0.5020544528961182,0.5020544528961182,0.5020544528961182,0.4979455769062042,10,3,3,zero_shot_paired
143,1,10,3,60,0,0,1,0.5008735060691833,0.5008735060691833,0.5008735060691833,0.49912652373313904,10,3,3,zero_shot_paired
143,2,10,4,60,1,1,1,0.5000608563423157,0.5000608563423157,0.4999391436576843,0.5000608563423157,10,3,3,zero_shot_paired
143,3,10,5,60,0,0,1,0.502426266670227,0.502426266670227,0.502426266670227,0.49757373332977295,10,3,3,zero_shot_paired
143,4,10,7,60,0,1,0,0.500169038772583,0.500169038772583,0.4998309314250946,0.500169038772583,10,3,3,zero_shot_paired
143,5,10,8,60,0,0,1,0.5037031769752502,0.5037031769752502,0.5037031769752502,0.49629685282707214,10,3,3,zero_shot_paired
143,6,10,9,60,0,1,0,0.5019962787628174,0.5019962787628174,0.498003751039505,0.5019962787628174,10,3,3,zero_shot_paired
143,7,10,10,60,1,0,0,0.5027334690093994,0.5027334690093994,0.5027334690093994,0.4972665011882782,10,3,3,zero_shot_paired
143,8,10,11,60,1,0,0,0.5024116039276123,0.5024116039276123,0.5024116039276123,0.4975884258747101,10,3,3,zero_shot_paired
143,9,10,12,60,1,0,0,0.5015547275543213,0.5015547275543213,0.5015547275543213,0.4984452724456787,10,3,3,zero_shot_paired
143,10,10,13,60,0,0,1,0.500372052192688,0.500372052192688,0.500372052192688,0.499627947807312,10,3,3,zero_shot_paired
143,11,10,14,60,1,0,0,0.5021905303001404,0.5021905303001404,0.5021905303001404,0.49780941009521484,10,3,3,zero_shot_paired
143,12,10,15,60,1,0,0,0.503598153591156,0.503598153591156,0.503598153591156,0.496401846408844,10,3,3,zero_shot_paired
143,13,10,16,60,0,0,1,0.5065575838088989,0.5065575838088989,0.5065575838088989,0.49344244599342346,10,3,3,zero_shot_paired
143,14,10,17,60,1,0,0,0.5004189014434814,0.5004189014434814,0.5004189014434814,0.49958109855651855,10,3,3,zero_shot_paired
143,0,10,2,60,1,0,0,0.5021812319755554,0.5021812319755554,0.5021812319755554,0.4978187382221222,10,3,3,post_calibration
143,1,10,3,60,0,0,1,0.5016830563545227,0.5016830563545227,0.5016830563545227,0.49831700325012207,10,3,3,post_calibration
143,2,10,4,60,1,0,0,0.5001299977302551,0.5001299977302551,0.5001299977302551,0.49987003207206726,10,3,3,post_calibration
143,3,10,5,60,0,0,1,0.502521812915802,0.502521812915802,0.502521812915802,0.4974781572818756,10,3,3,post_calibration
143,4,10,7,60,0,0,1,0.5000811219215393,0.5000811219215393,0.5000811219215393,0.4999189078807831,10,3,3,post_calibration
143,5,10,8,60,0,0,1,0.5041757822036743,0.5041757822036743,0.5041757822036743,0.49582424759864807,10,3,3,post_calibration
143,6,10,9,60,0,1,0,0.5015945434570312,0.5015945434570312,0.49840542674064636,0.5015945434570312,10,3,3,post_calibration
143,7,10,10,60,1,0,0,0.5033153295516968,0.5033153295516968,0.5033153295516968,0.4966846704483032,10,3,3,post_calibration
143,8,10,11,60,1,0,0,0.5023693442344666,0.5023693442344666,0.5023693442344666,0.49763059616088867,10,3,3,post_calibration
143,9,10,12,60,1,0,0,0.5015320181846619,0.5015320181846619,0.5015320181846619,0.4984680414199829,10,3,3,post_calibration
143,10,10,13,60,0,0,1,0.5011709332466125,0.5011709332466125,0.5011709332466125,0.49882903695106506,10,3,3,post_calibration
143,11,10,14,60,1,0,0,0.5024183988571167,0.5024183988571167,0.5024183988571167,0.4975815415382385,10,3,3,post_calibration
143,12,10,15,60,1,0,0,0.5039038062095642,0.5039038062095642,0.5039038062095642,0.4960961639881134,10,3,3,post_calibration
143,13,10,16,60,0,0,1,0.5065207481384277,0.5065207481384277,0.5065207481384277,0.49347925186157227,10,3,3,post_calibration
143,14,10,17,60,1,0,0,0.5014055371284485,0.5014055371284485,0.5014055371284485,0.4985944926738739,10,3,3,post_calibration
144,0,10,0,60,0,0,1,0.5015949010848999,0.5015949010848999,0.5015949010848999,0.4984051287174225,10,4,3,zero_shot_paired
144,1,10,1,60,0,1,0,0.5024425983428955,0.5024425983428955,0.4975573718547821,0.5024425983428955,10,4,3,zero_shot_paired
144,2,10,2,60,1,0,0,0.5020544528961182,0.5020544528961182,0.5020544528961182,0.4979455769062042,10,4,3,zero_shot_paired
144,3,10,3,60,0,0,1,0.5008735060691833,0.5008735060691833,0.5008735060691833,0.49912652373313904,10,4,3,zero_shot_paired
144,4,10,4,60,1,1,1,0.5000608563423157,0.5000608563423157,0.4999391436576843,0.5000608563423157,10,4,3,zero_shot_paired
144,5,10,6,60,1,0,0,0.5015697479248047,0.5015697479248047,0.5015697479248047,0.4984302520751953,10,4,3,zero_shot_paired
144,6,10,7,60,0,1,0,0.500169038772583,0.500169038772583,0.4998309314250946,0.500169038772583,10,4,3,zero_shot_paired
144,7,10,9,60,0,1,0,0.5019962787628174,0.5019962787628174,0.498003751039505,0.5019962787628174,10,4,3,zero_shot_paired
144,8,10,10,60,1,0,0,0.5027334690093994,0.5027334690093994,0.5027334690093994,0.4972665011882782,10,4,3,zero_shot_paired
144,9,10,11,60,1,0,0,0.5024116039276123,0.5024116039276123,0.5024116039276123,0.4975884258747101,10,4,3,zero_shot_paired
144,10,10,12,60,1,0,0,0.5015547275543213,0.5015547275543213,0.5015547275543213,0.4984452724456787,10,4,3,zero_shot_paired
144,11,10,13,60,0,0,1,0.500372052192688,0.500372052192688,0.500372052192688,0.499627947807312,10,4,3,zero_shot_paired
144,12,10,14,60,1,0,0,0.5021905303001404,0.5021905303001404,0.5021905303001404,0.49780941009521484,10,4,3,zero_shot_paired
144,13,10,15,60,1,0,0,0.503598153591156,0.503598153591156,0.503598153591156,0.496401846408844,10,4,3,zero_shot_paired
144,14,10,16,60,0,0,1,0.5065575838088989,0.5065575838088989,0.5065575838088989,0.49344244599342346,10,4,3,zero_shot_paired
144,0,10,0,60,0,0,1,0.5013644695281982,0.5013644695281982,0.5013644695281982,0.49863553047180176,10,4,3,post_calibration
144,1,10,1,60,0,1,0,0.5021923184394836,0.5021923184394836,0.49780768156051636,0.5021923184394836,10,4,3,post_calibration
144,2,10,2,60,1,0,0,0.5028100609779358,0.5028100609779358,0.5028100609779358,0.49718987941741943,10,4,3,post_calibration
144,3,10,3,60,0,0,1,0.5012490749359131,0.5012490749359131,0.5012490749359131,0.4987509250640869,10,4,3,post_calibration
144,4,10,4,60,1,0,0,0.500464677810669,0.500464677810669,0.500464677810669,0.49953535199165344,10,4,3,post_calibration
144,5,10,6,60,1,0,0,0.5022909641265869,0.5022909641265869,0.5022909641265869,0.4977090358734131,10,4,3,post_calibration
144,6,10,7,60,0,1,0,0.500703752040863,0.500703752040863,0.49929627776145935,0.500703752040863,10,4,3,post_calibration
144,7,10,9,60,0,1,0,0.5024212002754211,0.5024212002754211,0.49757882952690125,0.5024212002754211,10,4,3,post_calibration
144,8,10,10,60,1,0,0,0.5025727152824402,0.5025727152824402,0.5025727152824402,0.4974272549152374,10,4,3,post_calibration
144,9,10,11,60,1,0,0,0.5027796030044556,0.5027796030044556,0.5027796030044556,0.49722036719322205,10,4,3,post_calibration
144,10,10,12,60,1,0,0,0.5023073554039001,0.5023073554039001,0.5023073554039001,0.49769264459609985,10,4,3,post_calibration
144,11,10,13,60,0,0,1,0.5015121102333069,0.5015121102333069,0.5015121102333069,0.4984878897666931,10,4,3,post_calibration
144,12,10,14,60,1,0,0,0.5018887519836426,0.5018887519836426,0.5018887519836426,0.4981112480163574,10,4,3,post_calibration
144,13,10,15,60,1,0,0,0.5038650631904602,0.5038650631904602,0.5038650631904602,0.4961349368095398,10,4,3,post_calibration
144,14,10,16,60,0,0,1,0.5065683722496033,0.5065683722496033,0.5065683722496033,0.49343159794807434,10,4,3,post_calibration
145,0,10,0,60,0,0,1,0.5015949010848999,0.5015949010848999,0.5015949010848999,0.4984051287174225,10,5,3,zero_shot_paired
145,1,10,1,60,0,1,0,0.5024425983428955,0.5024425983428955,0.4975573718547821,0.5024425983428955,10,5,3,zero_shot_paired
145,2,10,2,60,1,0,0,0.5020544528961182,0.5020544528961182,0.5020544528961182,0.4979455769062042,10,5,3,zero_shot_paired
145,3,10,4,60,1,1,1,0.5000608563423157,0.5000608563423157,0.4999391436576843,0.5000608563423157,10,5,3,zero_shot_paired
145,4,10,5,60,0,0,1,0.502426266670227,0.502426266670227,0.502426266670227,0.49757373332977295,10,5,3,zero_shot_paired
145,5,10,6,60,1,0,0,0.5015697479248047,0.5015697479248047,0.5015697479248047,0.4984302520751953,10,5,3,zero_shot_paired
145,6,10,7,60,0,1,0,0.500169038772583,0.500169038772583,0.4998309314250946,0.500169038772583,10,5,3,zero_shot_paired
145,7,10,8,60,0,0,1,0.5037031769752502,0.5037031769752502,0.5037031769752502,0.49629685282707214,10,5,3,zero_shot_paired
145,8,10,9,60,0,1,0,0.5019962787628174,0.5019962787628174,0.498003751039505,0.5019962787628174,10,5,3,zero_shot_paired
145,9,10,10,60,1,0,0,0.5027334690093994,0.5027334690093994,0.5027334690093994,0.4972665011882782,10,5,3,zero_shot_paired
145,10,10,12,60,1,0,0,0.5015547275543213,0.5015547275543213,0.5015547275543213,0.4984452724456787,10,5,3,zero_shot_paired
145,11,10,14,60,1,0,0,0.5021905303001404,0.5021905303001404,0.5021905303001404,0.49780941009521484,10,5,3,zero_shot_paired
145,12,10,15,60,1,0,0,0.503598153591156,0.503598153591156,0.503598153591156,0.496401846408844,10,5,3,zero_shot_paired
145,13,10,16,60,0,0,1,0.5065575838088989,0.5065575838088989,0.5065575838088989,0.49344244599342346,10,5,3,zero_shot_paired
145,14,10,17,60,1,0,0,0.5004189014434814,0.5004189014434814,0.5004189014434814,0.49958109855651855,10,5,3,zero_shot_paired
145,0,10,0,60,0,0,1,0.5017945170402527,0.5017945170402527,0.5017945170402527,0.4982055127620697,10,5,3,post_calibration
145,1,10,1,60,0,1,0,0.501698911190033,0.501698911190033,0.4983011484146118,0.501698911190033,10,5,3,post_calibration
145,2,10,2,60,1,0,0,0.5025874376296997,0.5025874376296997,0.5025874376296997,0.4974125623703003,10,5,3,post_calibration
145,3,10,4,60,1,0,0,0.5001147389411926,0.5001147389411926,0.5001147389411926,0.4998852610588074,10,5,3,post_calibration
145,4,10,5,60,0,0,1,0.5028179287910461,0.5028179287910461,0.5028179287910461,0.49718204140663147,10,5,3,post_calibration
145,5,10,6,60,1,0,0,0.5019437074661255,0.5019437074661255,0.5019437074661255,0.49805623292922974,10,5,3,post_calibration
145,6,10,7,60,0,1,0,0.5000141263008118,0.5000141263008118,0.49998584389686584,0.5000141263008118,10,5,3,post_calibration
145,7,10,8,60,0,0,1,0.5042538642883301,0.5042538642883301,0.5042538642883301,0.4957461655139923,10,5,3,post_calibration
145,8,10,9,60,0,1,0,0.501396119594574,0.501396119594574,0.4986039102077484,0.501396119594574,10,5,3,post_calibration
145,9,10,10,60,1,0,0,0.503316342830658,0.503316342830658,0.503316342830658,0.49668368697166443,10,5,3,post_calibration
145,10,10,12,60,1,0,0,0.5013817548751831,0.5013817548751831,0.5013817548751831,0.4986182153224945,10,5,3,post_calibration
145,11,10,14,60,1,0,0,0.5016430616378784,0.5016430616378784,0.5016430616378784,0.4983569383621216,10,5,3,post_calibration
145,12,10,15,60,1,0,0,0.5040721297264099,0.5040721297264099,0.5040721297264099,0.4959278404712677,10,5,3,post_calibration
145,13,10,16,60,0,0,1,0.5069377422332764,0.5069377422332764,0.5069377422332764,0.49306222796440125,10,5,3,post_calibration
145,14,10,17,60,1,0,0,0.501117467880249,0.501117467880249,0.501117467880249,0.498882532119751,10,5,3,post_calibration
146,0,10,0,60,0,0,1,0.5015949010848999,0.5015949010848999,0.5015949010848999,0.4984051287174225,10,6,3,zero_shot_paired
146,1,10,1,60,0,1,0,0.5024425983428955,0.5024425983428955,0.4975573718547821,0.5024425983428955,10,6,3,zero_shot_paired
146,2,10,2,60,1,0,0,0.5020544528961182,0.5020544528961182,0.5020544528961182,0.4979455769062042,10,6,3,zero_shot_paired
146,3,10,3,60,0,0,1,0.5008735060691833,0.5008735060691833,0.5008735060691833,0.49912652373313904,10,6,3,zero_shot_paired
146,4,10,5,60,0,0,1,0.502426266670227,0.502426266670227,0.502426266670227,0.49757373332977295,10,6,3,zero_shot_paired
146,5,10,6,60,1,0,0,0.5015697479248047,0.5015697479248047,0.5015697479248047,0.4984302520751953,10,6,3,zero_shot_paired
146,6,10,7,60,0,1,0,0.500169038772583,0.500169038772583,0.4998309314250946,0.500169038772583,10,6,3,zero_shot_paired
146,7,10,8,60,0,0,1,0.5037031769752502,0.5037031769752502,0.5037031769752502,0.49629685282707214,10,6,3,zero_shot_paired
146,8,10,11,60,1,0,0,0.5024116039276123,0.5024116039276123,0.5024116039276123,0.4975884258747101,10,6,3,zero_shot_paired
146,9,10,12,60,1,0,0,0.5015547275543213,0.5015547275543213,0.5015547275543213,0.4984452724456787,10,6,3,zero_shot_paired
146,10,10,13,60,0,0,1,0.500372052192688,0.500372052192688,0.500372052192688,0.499627947807312,10,6,3,zero_shot_paired
146,11,10,14,60,1,0,0,0.5021905303001404,0.5021905303001404,0.5021905303001404,0.49780941009521484,10,6,3,zero_shot_paired
146,12,10,15,60,1,0,0,0.503598153591156,0.503598153591156,0.503598153591156,0.496401846408844,10,6,3,zero_shot_paired
146,13,10,16,60,0,0,1,0.5065575838088989,0.5065575838088989,0.5065575838088989,0.49344244599342346,10,6,3,zero_shot_paired
146,14,10,17,60,1,0,0,0.5004189014434814,0.5004189014434814,0.5004189014434814,0.49958109855651855,10,6,3,zero_shot_paired
146,0,10,0,60,0,0,1,0.5022607445716858,0.5022607445716858,0.5022607445716858,0.4977392554283142,10,6,3,post_calibration
146,1,10,1,60,0,1,0,0.5030991435050964,0.5030991435050964,0.49690085649490356,0.5030991435050964,10,6,3,post_calibration
146,2,10,2,60,1,0,0,0.5020610690116882,0.5020610690116882,0.5020610690116882,0.49793893098831177,10,6,3,post_calibration
146,3,10,3,60,0,0,1,0.5009605884552002,0.5009605884552002,0.5009605884552002,0.4990393817424774,10,6,3,post_calibration
146,4,10,5,60,0,0,1,0.5018829107284546,0.5018829107284546,0.5018829107284546,0.4981171488761902,10,6,3,post_calibration
146,5,10,6,60,1,0,0,0.5006136298179626,0.5006136298179626,0.5006136298179626,0.49938642978668213,10,6,3,post_calibration
146,6,10,7,60,0,1,0,0.5009125471115112,0.5009125471115112,0.49908745288848877,0.5009125471115112,10,6,3,post_calibration
146,7,10,8,60,0,0,1,0.5033970475196838,0.5033970475196838,0.5033970475196838,0.49660295248031616,10,6,3,post_calibration
146,8,10,11,60,1,0,0,0.5025083422660828,0.5025083422660828,0.5025083422660828,0.4974916875362396,10,6,3,post_calibration
146,9,10,12,60,1,0,0,0.501009464263916,0.501009464263916,0.501009464263916,0.4989905059337616,10,6,3,post_calibration
146,10,10,13,60,0,1,0,0.5008513331413269,0.5008513331413269,0.4991486072540283,0.5008513331413269,10,6,3,post_calibration
146,11,10,14,60,1,0,0,0.501434862613678,0.501434862613678,0.501434862613678,0.4985651671886444,10,6,3,post_calibration
146,12,10,15,60,1,0,0,0.5031803846359253,0.5031803846359253,0.5031803846359253,0.49681955575942993,10,6,3,post_calibration
146,13,10,16,60,0,0,1,0.5066916942596436,0.5066916942596436,0.5066916942596436,0.49330830574035645,10,6,3,post_calibration
146,14,10,17,60,1,0,0,0.5007185339927673,0.5007185339927673,0.5007185339927673,0.49928146600723267,10,6,3,post_calibration
147,0,10,0,60,0,0,1,0.5015949010848999,0.5015949010848999,0.5015949010848999,0.4984051287174225,10,1,6,zero_shot_paired
147,1,10,1,60,0,1,0,0.5024425983428955,0.5024425983428955,0.4975573718547821,0.5024425983428955,10,1,6,zero_shot_paired
147,2,10,3,60,0,0,1,0.5008735060691833,0.5008735060691833,0.5008735060691833,0.49912652373313904,10,1,6,zero_shot_paired
147,3,10,4,60,1,1,1,0.5000608563423157,0.5000608563423157,0.4999391436576843,0.5000608563423157,10,1,6,zero_shot_paired
147,4,10,6,60,1,0,0,0.5015697479248047,0.5015697479248047,0.5015697479248047,0.4984302520751953,10,1,6,zero_shot_paired
147,5,10,7,60,0,1,0,0.500169038772583,0.500169038772583,0.4998309314250946,0.500169038772583,10,1,6,zero_shot_paired
147,6,10,8,60,0,0,1,0.5037031769752502,0.5037031769752502,0.5037031769752502,0.49629685282707214,10,1,6,zero_shot_paired
147,7,10,9,60,0,1,0,0.5019962787628174,0.5019962787628174,0.498003751039505,0.5019962787628174,10,1,6,zero_shot_paired
147,8,10,11,60,1,0,0,0.5024116039276123,0.5024116039276123,0.5024116039276123,0.4975884258747101,10,1,6,zero_shot_paired
147,9,10,12,60,1,0,0,0.5015547275543213,0.5015547275543213,0.5015547275543213,0.4984452724456787,10,1,6,zero_shot_paired
147,10,10,14,60,1,0,0,0.5021905303001404,0.5021905303001404,0.5021905303001404,0.49780941009521484,10,1,6,zero_shot_paired
147,11,10,15,60,1,0,0,0.503598153591156,0.503598153591156,0.503598153591156,0.496401846408844,10,1,6,zero_shot_paired
147,0,10,0,60,0,0,1,0.5013511180877686,0.5013511180877686,0.5013511180877686,0.49864885210990906,10,1,6,post_calibration
147,1,10,1,60,0,1,0,0.5024662613868713,0.5024662613868713,0.49753376841545105,0.5024662613868713,10,1,6,post_calibration
147,2,10,3,60,0,0,1,0.5008997321128845,0.5008997321128845,0.5008997321128845,0.49910029768943787,10,1,6,post_calibration
147,3,10,4,60,1,0,0,0.5003041625022888,0.5003041625022888,0.5003041625022888,0.49969586730003357,10,1,6,post_calibration
147,4,10,6,60,1,0,0,0.5016792416572571,0.5016792416572571,0.5016792416572571,0.49832072854042053,10,1,6,post_calibration
147,5,10,7,60,0,1,0,0.500466525554657,0.500466525554657,0.499533474445343,0.500466525554657,10,1,6,post_calibration
147,6,10,8,60,0,0,1,0.5037726759910583,0.5037726759910583,0.5037726759910583,0.49622735381126404,10,1,6,post_calibration
147,7,10,9,60,0,1,0,0.5021700859069824,0.5021700859069824,0.4978299140930176,0.5021700859069824,10,1,6,post_calibration
147,8,10,11,60,1,0,0,0.5025101900100708,0.5025101900100708,0.5025101900100708,0.4974897503852844,10,1,6,post_calibration
147,9,10,12,60,1,0,0,0.5016232132911682,0.5016232132911682,0.5016232132911682,0.4983767569065094,10,1,6,post_calibration
147,10,10,14,60,1,0,0,0.5019096732139587,0.5019096732139587,0.5019096732139587,0.49809029698371887,10,1,6,post_calibration
147,11,10,15,60,1,0,0,0.5033608078956604,0.5033608078956604,0.5033608078956604,0.4966391324996948,10,1,6,post_calibration
148,0,10,2,60,1,0,0,0.5020544528961182,0.5020544528961182,0.5020544528961182,0.4979455769062042,10,2,6,zero_shot_paired
148,1,10,3,60,0,0,1,0.5008735060691833,0.5008735060691833,0.5008735060691833,0.49912652373313904,10,2,6,zero_shot_paired
148,2,10,4,60,1,1,1,0.5000608563423157,0.5000608563423157,0.4999391436576843,0.5000608563423157,10,2,6,zero_shot_paired
148,3,10,5,60,0,0,1,0.502426266670227,0.502426266670227,0.502426266670227,0.49757373332977295,10,2,6,zero_shot_paired
148,4,10,7,60,0,1,0,0.500169038772583,0.500169038772583,0.4998309314250946,0.500169038772583,10,2,6,zero_shot_paired
148,5,10,8,60,0,0,1,0.5037031769752502,0.5037031769752502,0.5037031769752502,0.49629685282707214,10,2,6,zero_shot_paired
148,6,10,10,60,1,0,0,0.5027334690093994,0.5027334690093994,0.5027334690093994,0.4972665011882782,10,2,6,zero_shot_paired
148,7,10,11,60,1,0,0,0.5024116039276123,0.5024116039276123,0.5024116039276123,0.4975884258747101,10,2,6,zero_shot_paired
148,8,10,13,60,0,0,1,0.500372052192688,0.500372052192688,0.500372052192688,0.499627947807312,10,2,6,zero_shot_paired
148,9,10,15,60,1,0,0,0.503598153591156,0.503598153591156,0.503598153591156,0.496401846408844,10,2,6,zero_shot_paired
148,10,10,16,60,0,0,1,0.5065575838088989,0.5065575838088989,0.5065575838088989,0.49344244599342346,10,2,6,zero_shot_paired
148,11,10,17,60,1,0,0,0.5004189014434814,0.5004189014434814,0.5004189014434814,0.49958109855651855,10,2,6,zero_shot_paired
148,0,10,2,60,1,0,0,0.5012965798377991,0.5012965798377991,0.5012965798377991,0.49870336055755615,10,2,6,post_calibration
148,1,10,3,60,0,0,1,0.5013827085494995,0.5013827085494995,0.5013827085494995,0.4986173212528229,10,2,6,post_calibration
148,2,10,4,60,1,1,1,0.5010272860527039,0.5010272860527039,0.49897271394729614,0.5010272860527039,10,2,6,post_calibration
148,3,10,5,60,0,0,1,0.5024760961532593,0.5024760961532593,0.5024760961532593,0.4975239038467407,10,2,6,post_calibration
148,4,10,7,60,0,1,0,0.5004317760467529,0.5004317760467529,0.49956822395324707,0.5004317760467529,10,2,6,post_calibration
148,5,10,8,60,0,0,1,0.503237783908844,0.503237783908844,0.503237783908844,0.496762216091156,10,2,6,post_calibration
148,6,10,10,60,1,0,0,0.5027941465377808,0.5027941465377808,0.5027941465377808,0.49720585346221924,10,2,6,post_calibration
148,7,10,11,60,1,0,0,0.5023149251937866,0.5023149251937866,0.5023149251937866,0.497685045003891,10,2,6,post_calibration
148,8,10,13,60,0,0,1,0.5003952980041504,0.5003952980041504,0.5003952980041504,0.499604731798172,10,2,6,post_calibration
148,9,10,15,60,1,0,0,0.5036345720291138,0.5036345720291138,0.5036345720291138,0.4963654577732086,10,2,6,post_calibration
148,10,10,16,60,0,0,1,0.5066118836402893,0.5066118836402893,0.5066118836402893,0.49338817596435547,10,2,6,post_calibration
148,11,10,17,60,1,0,0,0.5013460516929626,0.5013460516929626,0.5013460516929626,0.49865394830703735,10,2,6,post_calibration
149,0,10,0,60,0,0,1,0.5015949010848999,0.5015949010848999,0.5015949010848999,0.4984051287174225,10,3,6,zero_shot_paired
149,1,10,1,60,0,1,0,0.5024425983428955,0.5024425983428955,0.4975573718547821,0.5024425983428955,10,3,6,zero_shot_paired
149,2,10,2,60,1,0,0,0.5020544528961182,0.5020544528961182,0.5020544528961182,0.4979455769062042,10,3,6,zero_shot_paired
149,3,10,5,60,0,0,1,0.502426266670227,0.502426266670227,0.502426266670227,0.49757373332977295,10,3,6,zero_shot_paired
149,4,10,6,60,1,0,0,0.5015697479248047,0.5015697479248047,0.5015697479248047,0.4984302520751953,10,3,6,zero_shot_paired
149,5,10,9,60,0,1,0,0.5019962787628174,0.5019962787628174,0.498003751039505,0.5019962787628174,10,3,6,zero_shot_paired
149,6,10,10,60,1,0,0,0.5027334690093994,0.5027334690093994,0.5027334690093994,0.4972665011882782,10,3,6,zero_shot_paired
149,7,10,12,60,1,0,0,0.5015547275543213,0.5015547275543213,0.5015547275543213,0.4984452724456787,10,3,6,zero_shot_paired
149,8,10,13,60,0,0,1,0.500372052192688,0.500372052192688,0.500372052192688,0.499627947807312,10,3,6,zero_shot_paired
149,9,10,14,60,1,0,0,0.5021905303001404,0.5021905303001404,0.5021905303001404,0.49780941009521484,10,3,6,zero_shot_paired
149,10,10,16,60,0,0,1,0.5065575838088989,0.5065575838088989,0.5065575838088989,0.49344244599342346,10,3,6,zero_shot_paired
149,11,10,17,60,1,0,0,0.5004189014434814,0.5004189014434814,0.5004189014434814,0.49958109855651855,10,3,6,zero_shot_paired
149,0,10,0,60,0,0,1,0.5017204880714417,0.5017204880714417,0.5017204880714417,0.49827948212623596,10,3,6,post_calibration
149,1,10,1,60,0,1,0,0.5025472044944763,0.5025472044944763,0.4974527955055237,0.5025472044944763,10,3,6,post_calibration
149,2,10,2,60,1,0,0,0.5020514726638794,0.5020514726638794,0.5020514726638794,0.497948557138443,10,3,6,post_calibration
149,3,10,5,60,0,0,1,0.5023436546325684,0.5023436546325684,0.5023436546325684,0.49765634536743164,10,3,6,post_calibration
149,4,10,6,60,1,0,0,0.5002805590629578,0.5002805590629578,0.5002805590629578,0.49971944093704224,10,3,6,post_calibration
149,5,10,9,60,0,1,0,0.5021665096282959,0.5021665096282959,0.4978334903717041,0.5021665096282959,10,3,6,post_calibration
149,6,10,10,60,1,0,0,0.50200355052948,0.50200355052948,0.50200355052948,0.49799641966819763,10,3,6,post_calibration
149,7,10,12,60,1,0,0,0.50120609998703,0.50120609998703,0.50120609998703,0.49879392981529236,10,3,6,post_calibration
149,8,10,13,60,0,0,1,0.500353991985321,0.500353991985321,0.500353991985321,0.49964597821235657,10,3,6,post_calibration
149,9,10,14,60,1,0,0,0.5018494129180908,0.5018494129180908,0.5018494129180908,0.4981505870819092,10,3,6,post_calibration
149,10,10,16,60,0,0,1,0.506424605846405,0.506424605846405,0.506424605846405,0.4935753643512726,10,3,6,post_calibration
149,11,10,17,60,1,0,0,0.5007203221321106,0.5007203221321106,0.5007203221321106,0.4992796778678894,10,3,6,post_calibration
150,0,10,1,60,0,1,0,0.5024425387382507,0.5024425387382507,0.49755749106407166,0.5024425387382507,10,1,9,zero_shot_paired
150,1,10,2,60,1,0,0,0.5020546317100525,0.5020546317100525,0.5020546317100525,0.4979453980922699,10,1,9,zero_shot_paired
150,2,10,6,60,1,0,0,0.5015698075294495,0.5015698075294495,0.5015698075294495,0.49843019247055054,10,1,9,zero_shot_paired
150,3,10,8,60,0,0,1,0.5037029981613159,0.5037029981613159,0.5037029981613159,0.49629703164100647,10,1,9,zero_shot_paired
150,4,10,9,60,0,1,0,0.5019960999488831,0.5019960999488831,0.49800390005111694,0.5019960999488831,10,1,9,zero_shot_paired
150,5,10,10,60,1,0,0,0.5027335286140442,0.5027335286140442,0.5027335286140442,0.4972664713859558,10,1,9,zero_shot_paired
150,6,10,12,60,1,0,0,0.5015547275543213,0.5015547275543213,0.5015547275543213,0.4984452724456787,10,1,9,zero_shot_paired
150,7,10,13,60,0,0,1,0.5003721117973328,0.5003721117973328,0.5003721117973328,0.499627947807312,10,1,9,zero_shot_paired
150,8,10,16,60,0,0,1,0.5065576434135437,0.5065576434135437,0.5065576434135437,0.4934423565864563,10,1,9,zero_shot_paired
150,0,10,1,60,0,1,0,0.5027390718460083,0.5027390718460083,0.4972608685493469,0.5027390718460083,10,1,9,post_calibration
150,1,10,2,60,1,0,0,0.5024075508117676,0.5024075508117676,0.5024075508117676,0.4975924789905548,10,1,9,post_calibration
150,2,10,6,60,1,0,0,0.5009700655937195,0.5009700655937195,0.5009700655937195,0.4990299344062805,10,1,9,post_calibration
150,3,10,8,60,0,0,1,0.5039078593254089,0.5039078593254089,0.5039078593254089,0.49609214067459106,10,1,9,post_calibration
150,4,10,9,60,0,1,0,0.5015018582344055,0.5015018582344055,0.4984981119632721,0.5015018582344055,10,1,9,post_calibration
150,5,10,10,60,1,0,0,0.5014605522155762,0.5014605522155762,0.5014605522155762,0.49853944778442383,10,1,9,post_calibration
150,6,10,12,60,1,0,0,0.5012142658233643,0.5012142658233643,0.5012142658233643,0.49878573417663574,10,1,9,post_calibration
150,7,10,13,60,0,0,1,0.5010280609130859,0.5010280609130859,0.5010280609130859,0.49897193908691406,10,1,9,post_calibration
150,8,10,16,60,0,0,1,0.5066941976547241,0.5066941976547241,0.5066941976547241,0.4933057725429535,10,1,9,post_calibration
151,0,10,0,60,0,0,1,0.5015949606895447,0.5015949606895447,0.5015949606895447,0.4984050691127777,10,2,9,zero_shot_paired
151,1,10,3,60,0,0,1,0.5008734464645386,0.5008734464645386,0.5008734464645386,0.4991266131401062,10,2,9,zero_shot_paired
151,2,10,4,60,1,1,1,0.5000609755516052,0.5000609755516052,0.49993905425071716,0.5000609755516052,10,2,9,zero_shot_paired
151,3,10,5,60,0,0,1,0.5024263262748718,0.5024263262748718,0.5024263262748718,0.4975736737251282,10,2,9,zero_shot_paired
151,4,10,7,60,0,1,0,0.500169038772583,0.500169038772583,0.4998309314250946,0.500169038772583,10,2,9,zero_shot_paired
151,5,10,11,60,1,0,0,0.5024116039276123,0.5024116039276123,0.5024116039276123,0.4975884258747101,10,2,9,zero_shot_paired
151,6,10,14,60,1,0,0,0.5021905303001404,0.5021905303001404,0.5021905303001404,0.49780941009521484,10,2,9,zero_shot_paired
151,7,10,15,60,1,0,0,0.503598153591156,0.503598153591156,0.503598153591156,0.496401846408844,10,2,9,zero_shot_paired
151,8,10,17,60,1,0,0,0.5004189014434814,0.5004189014434814,0.5004189014434814,0.49958109855651855,10,2,9,zero_shot_paired
151,0,10,0,60,0,0,1,0.5017874836921692,0.5017874836921692,0.5017874836921692,0.4982125461101532,10,2,9,post_calibration
151,1,10,3,60,0,0,1,0.5017485022544861,0.5017485022544861,0.5017485022544861,0.4982515275478363,10,2,9,post_calibration
151,2,10,4,60,1,1,1,0.5006982088088989,0.5006982088088989,0.4993017911911011,0.5006982088088989,10,2,9,post_calibration
151,3,10,5,60,0,0,1,0.5034790635108948,0.5034790635108948,0.5034790635108948,0.4965209364891052,10,2,9,post_calibration
151,4,10,7,60,0,1,0,0.5004749894142151,0.5004749894142151,0.4995250701904297,0.5004749894142151,10,2,9,post_calibration
151,5,10,11,60,1,0,0,0.5030278563499451,0.5030278563499451,0.5030278563499451,0.49697214365005493,10,2,9,post_calibration
151,6,10,14,60,1,0,0,0.5016513466835022,0.5016513466835022,0.5016513466835022,0.4983486533164978,10,2,9,post_calibration
151,7,10,15,60,1,0,0,0.503518283367157,0.503518283367157,0.503518283367157,0.496481716632843,10,2,9,post_calibration
151,8,10,17,60,1,0,0,0.501504123210907,0.501504123210907,0.501504123210907,0.498495876789093,10,2,9,post_calibration
152,0,10,0,60,0,0,1,0.5015943646430969,0.5015943646430969,0.5015943646430969,0.49840566515922546,10,1,12,zero_shot_paired
152,1,10,3,60,0,0,1,0.5008730292320251,0.5008730292320251,0.5008730292320251,0.49912703037261963,10,1,12,zero_shot_paired
152,2,10,4,60,1,1,1,0.5000631809234619,0.5000631809234619,0.4999368488788605,0.5000631809234619,10,1,12,zero_shot_paired
152,3,10,15,60,1,0,0,0.503596305847168,0.503596305847168,0.503596305847168,0.49640369415283203,10,1,12,zero_shot_paired
152,4,10,16,60,0,0,1,0.50655597448349,0.50655597448349,0.50655597448349,0.4934440553188324,10,1,12,zero_shot_paired
152,5,10,17,60,1,0,0,0.5004162788391113,0.5004162788391113,0.5004162788391113,0.4995836913585663,10,1,12,zero_shot_paired
152,0,10,0,60,0,0,1,0.5017697811126709,0.5017697811126709,0.5017697811126709,0.4982302486896515,10,1,12,post_calibration
152,1,10,3,60,0,0,1,0.5028426051139832,0.5028426051139832,0.5028426051139832,0.4971574544906616,10,1,12,post_calibration
152,2,10,4,60,1,1,1,0.5006958246231079,0.5006958246231079,0.4993042051792145,0.5006958246231079,10,1,12,post_calibration
152,3,10,15,60,1,0,0,0.502964437007904,0.502964437007904,0.502964437007904,0.49703553318977356,10,1,12,post_calibration
152,4,10,16,60,0,0,1,0.5067592263221741,0.5067592263221741,0.5067592263221741,0.4932407736778259,10,1,12,post_calibration
152,5,10,17,60,1,0,0,0.5018742680549622,0.5018742680549622,0.5018742680549622,0.49812567234039307,10,1,12,post_calibration
153,0,10,3,60,0,0,1,0.5008730292320251,0.5008730292320251,0.5008730292320251,0.49912703037261963,10,2,12,zero_shot_paired
153,1,10,4,60,1,1,1,0.5000631809234619,0.5000631809234619,0.4999368488788605,0.5000631809234619,10,2,12,zero_shot_paired
153,2,10,8,60,0,0,1,0.5037023425102234,0.5037023425102234,0.5037023425102234,0.496297687292099,10,2,12,zero_shot_paired
153,3,10,10,60,1,0,0,0.5027362704277039,0.5027362704277039,0.5027362704277039,0.49726375937461853,10,2,12,zero_shot_paired
153,4,10,12,60,1,0,0,0.5015552639961243,0.5015552639961243,0.5015552639961243,0.49844470620155334,10,2,12,zero_shot_paired
153,5,10,16,60,0,0,1,0.50655597448349,0.50655597448349,0.50655597448349,0.4934440553188324,10,2,12,zero_shot_paired
153,0,10,3,60,0,0,1,0.5006592869758606,0.5006592869758606,0.5006592869758606,0.4993407130241394,10,2,12,post_calibration
153,1,10,4,60,1,1,1,0.5006946921348572,0.5006946921348572,0.4993053376674652,0.5006946921348572,10,2,12,post_calibration
153,2,10,8,60,0,0,1,0.5026968717575073,0.5026968717575073,0.5026968717575073,0.49730318784713745,10,2,12,post_calibration
153,3,10,10,60,1,0,0,0.5018168687820435,0.5018168687820435,0.5018168687820435,0.49818307161331177,10,2,12,post_calibration
153,4,10,12,60,1,0,0,0.501134991645813,0.501134991645813,0.501134991645813,0.498865008354187,10,2,12,post_calibration
153,5,10,16,60,0,0,1,0.5067170858383179,0.5067170858383179,0.5067170858383179,0.4932829439640045,10,2,12,post_calibration
154,0,10,0,60,0,0,1,0.5015943646430969,0.5015943646430969,0.5015943646430969,0.49840566515922546,10,3,12,zero_shot_paired
154,1,10,2,60,1,0,0,0.5020559430122375,0.5020559430122375,0.5020559430122375,0.4979439973831177,10,3,12,zero_shot_paired
154,2,10,3,60,0,0,1,0.5008730292320251,0.5008730292320251,0.5008730292320251,0.49912703037261963,10,3,12,zero_shot_paired
154,3,10,6,60,1,0,0,0.501570999622345,0.501570999622345,0.501570999622345,0.49842900037765503,10,3,12,zero_shot_paired
154,4,10,8,60,0,0,1,0.5037023425102234,0.5037023425102234,0.5037023425102234,0.496297687292099,10,3,12,zero_shot_paired
154,5,10,12,60,1,0,0,0.5015552639961243,0.5015552639961243,0.5015552639961243,0.49844470620155334,10,3,12,zero_shot_paired
154,0,10,0,60,0,0,1,0.5010890960693359,0.5010890960693359,0.5010890960693359,0.49891090393066406,10,3,12,post_calibration
154,1,10,2,60,1,0,0,0.5024346113204956,0.5024346113204956,0.5024346113204956,0.4975654184818268,10,3,12,post_calibration
154,2,10,3,60,0,0,1,0.5011484026908875,0.5011484026908875,0.5011484026908875,0.49885159730911255,10,3,12,post_calibration
154,3,10,6,60,1,0,0,0.5005770325660706,0.5005770325660706,0.5005770325660706,0.49942296743392944,10,3,12,post_calibration
154,4,10,8,60,0,0,1,0.5033969283103943,0.5033969283103943,0.5033969283103943,0.4966031312942505,10,3,12,post_calibration
154,5,10,12,60,1,0,0,0.5011653304100037,0.5011653304100037,0.5011653304100037,0.49883466958999634,10,3,12,post_calibration
12,0,11,0,60,1,1,1,0.5009575486183167,0.5009575486183167,0.49904248118400574,0.5009575486183167,11,,,zero_shot_all_trials
12,1,11,1,60,1,1,1,0.5012982487678528,0.5012982487678528,0.4987017512321472,0.5012982487678528,11,,,zero_shot_all_trials
12,2,11,2,60,1,1,1,0.5002418756484985,0.5002418756484985,0.49975815415382385,0.5002418756484985,11,,,zero_shot_all_trials
12,3,11,3,60,1,1,1,0.5003029108047485,0.5003029108047485,0.49969708919525146,0.5003029108047485,11,,,zero_shot_all_trials
12,4,11,4,60,1,0,0,0.5005144476890564,0.5005144476890564,0.5005144476890564,0.4994855225086212,11,,,zero_shot_all_trials
12,5,11,5,60,1,1,1,0.5041130781173706,0.5041130781173706,0.4958869516849518,0.5041130781173706,11,,,zero_shot_all_trials
12,6,11,6,60,1,1,1,0.5019872784614563,0.5019872784614563,0.4980126917362213,0.5019872784614563,11,,,zero_shot_all_trials
12,7,11,7,60,0,1,0,0.500232458114624,0.500232458114624,0.499767541885376,0.500232458114624,11,,,zero_shot_all_trials
12,8,11,8,60,0,1,0,0.5031827688217163,0.5031827688217163,0.4968172013759613,0.5031827688217163,11,,,zero_shot_all_trials
12,9,11,9,60,0,1,0,0.503327488899231,0.503327488899231,0.49667254090309143,0.503327488899231,11,,,zero_shot_all_trials
12,10,11,10,60,1,1,1,0.5016413927078247,0.5016413927078247,0.4983586370944977,0.5016413927078247,11,,,zero_shot_all_trials
12,11,11,11,60,1,1,1,0.5031062960624695,0.5031062960624695,0.49689367413520813,0.5031062960624695,11,,,zero_shot_all_trials
12,12,11,12,60,1,1,1,0.5019092559814453,0.5019092559814453,0.4980907440185547,0.5019092559814453,11,,,zero_shot_all_trials
12,13,11,13,60,1,1,1,0.5029715299606323,0.5029715299606323,0.4970284700393677,0.5029715299606323,11,,,zero_shot_all_trials
12,14,11,14,60,0,0,1,0.5023890733718872,0.5023890733718872,0.5023890733718872,0.4976109266281128,11,,,zero_shot_all_trials
12,15,11,15,60,1,1,1,0.5032548308372498,0.5032548308372498,0.49674519896507263,0.5032548308372498,11,,,zero_shot_all_trials
12,16,11,16,60,0,1,0,0.5034422278404236,0.5034422278404236,0.4965577721595764,0.5034422278404236,11,,,zero_shot_all_trials
12,17,11,17,60,1,1,1,0.5053558349609375,0.5053558349609375,0.4946441650390625,0.5053558349609375,11,,,zero_shot_all_trials
155,0,11,0,60,1,1,1,0.5009574890136719,0.5009574890136719,0.4990425109863281,0.5009574890136719,11,1,3,zero_shot_paired
155,1,11,2,60,1,1,1,0.500241756439209,0.500241756439209,0.49975821375846863,0.500241756439209,11,1,3,zero_shot_paired
155,2,11,3,60,1,1,1,0.5003028512001038,0.5003028512001038,0.49969717860221863,0.5003028512001038,11,1,3,zero_shot_paired
155,3,11,4,60,1,0,0,0.5005145072937012,0.5005145072937012,0.5005145072937012,0.4994855225086212,11,1,3,zero_shot_paired
155,4,11,5,60,1,1,1,0.5041130185127258,0.5041130185127258,0.4958869516849518,0.5041130185127258,11,1,3,zero_shot_paired
155,5,11,6,60,1,1,1,0.5019872784614563,0.5019872784614563,0.4980126917362213,0.5019872784614563,11,1,3,zero_shot_paired
155,6,11,7,60,0,1,0,0.500232458114624,0.500232458114624,0.499767541885376,0.500232458114624,11,1,3,zero_shot_paired
155,7,11,8,60,0,1,0,0.5031827092170715,0.5031827092170715,0.49681729078292847,0.5031827092170715,11,1,3,zero_shot_paired
155,8,11,9,60,0,1,0,0.5033275485038757,0.5033275485038757,0.49667245149612427,0.5033275485038757,11,1,3,zero_shot_paired
155,9,11,10,60,1,1,1,0.5016413331031799,0.5016413331031799,0.49835869669914246,0.5016413331031799,11,1,3,zero_shot_paired
155,10,11,11,60,1,1,1,0.5031062960624695,0.5031062960624695,0.49689367413520813,0.5031062960624695,11,1,3,zero_shot_paired
155,11,11,12,60,1,1,1,0.5019093155860901,0.5019093155860901,0.4980906844139099,0.5019093155860901,11,1,3,zero_shot_paired
155,12,11,15,60,1,1,1,0.5032547116279602,0.5032547116279602,0.4967453181743622,0.5032547116279602,11,1,3,zero_shot_paired
155,13,11,16,60,0,1,0,0.5034422874450684,0.5034422874450684,0.49655768275260925,0.5034422874450684,11,1,3,zero_shot_paired
155,14,11,17,60,1,1,1,0.5053557753562927,0.5053557753562927,0.4946441650390625,0.5053557753562927,11,1,3,zero_shot_paired
155,0,11,0,60,1,1,1,0.501555323600769,0.501555323600769,0.49844464659690857,0.501555323600769,11,1,3,post_calibration
155,1,11,2,60,1,1,1,0.500433623790741,0.500433623790741,0.49956631660461426,0.500433623790741,11,1,3,post_calibration
155,2,11,3,60,1,1,1,0.5005232691764832,0.5005232691764832,0.49947676062583923,0.5005232691764832,11,1,3,post_calibration
155,3,11,4,60,1,0,0,0.5004920959472656,0.5004920959472656,0.5004920959472656,0.4995079040527344,11,1,3,post_calibration
155,4,11,5,60,1,1,1,0.504407525062561,0.504407525062561,0.49559250473976135,0.504407525062561,11,1,3,post_calibration
155,5,11,6,60,1,1,1,0.5022647380828857,0.5022647380828857,0.49773523211479187,0.5022647380828857,11,1,3,post_calibration
155,6,11,7,60,0,1,0,0.5004224181175232,0.5004224181175232,0.4995775520801544,0.5004224181175232,11,1,3,post_calibration
155,7,11,8,60,0,1,0,0.5035145878791809,0.5035145878791809,0.4964854121208191,0.5035145878791809,11,1,3,post_calibration
155,8,11,9,60,0,1,0,0.5036536455154419,0.5036536455154419,0.4963463544845581,0.5036536455154419,11,1,3,post_calibration
155,9,11,10,60,1,1,1,0.5019064545631409,0.5019064545631409,0.49809351563453674,0.5019064545631409,11,1,3,post_calibration
155,10,11,11,60,1,1,1,0.5033041834831238,0.5033041834831238,0.4966958463191986,0.5033041834831238,11,1,3,post_calibration
155,11,11,12,60,1,1,1,0.5020846724510193,0.5020846724510193,0.4979153573513031,0.5020846724510193,11,1,3,post_calibration
155,12,11,15,60,1,1,1,0.5034159421920776,0.5034159421920776,0.4965840280056,0.5034159421920776,11,1,3,post_calibration
155,13,11,16,60,0,1,0,0.5036936402320862,0.5036936402320862,0.4963063597679138,0.5036936402320862,11,1,3,post_calibration
155,14,11,17,60,1,1,1,0.5055568218231201,0.5055568218231201,0.4944431781768799,0.5055568218231201,11,1,3,post_calibration
156,0,11,0,60,1,1,1,0.5009574890136719,0.5009574890136719,0.4990425109863281,0.5009574890136719,11,2,3,zero_shot_paired
156,1,11,1,60,1,1,1,0.5012982487678528,0.5012982487678528,0.4987017512321472,0.5012982487678528,11,2,3,zero_shot_paired
156,2,11,2,60,1,1,1,0.500241756439209,0.500241756439209,0.49975821375846863,0.500241756439209,11,2,3,zero_shot_paired
156,3,11,3,60,1,1,1,0.5003028512001038,0.5003028512001038,0.49969717860221863,0.5003028512001038,11,2,3,zero_shot_paired
156,4,11,4,60,1,0,0,0.5005145072937012,0.5005145072937012,0.5005145072937012,0.4994855225086212,11,2,3,zero_shot_paired
156,5,11,5,60,1,1,1,0.5041130185127258,0.5041130185127258,0.4958869516849518,0.5041130185127258,11,2,3,zero_shot_paired
156,6,11,8,60,0,1,0,0.5031827092170715,0.5031827092170715,0.49681729078292847,0.5031827092170715,11,2,3,zero_shot_paired
156,7,11,9,60,0,1,0,0.5033275485038757,0.5033275485038757,0.49667245149612427,0.5033275485038757,11,2,3,zero_shot_paired
156,8,11,10,60,1,1,1,0.5016413331031799,0.5016413331031799,0.49835869669914246,0.5016413331031799,11,2,3,zero_shot_paired
156,9,11,11,60,1,1,1,0.5031062960624695,0.5031062960624695,0.49689367413520813,0.5031062960624695,11,2,3,zero_shot_paired
156,10,11,13,60,1,1,1,0.5029715299606323,0.5029715299606323,0.4970284700393677,0.5029715299606323,11,2,3,zero_shot_paired
156,11,11,14,60,0,0,1,0.502389132976532,0.502389132976532,0.502389132976532,0.497610867023468,11,2,3,zero_shot_paired
156,12,11,15,60,1,1,1,0.5032547116279602,0.5032547116279602,0.4967453181743622,0.5032547116279602,11,2,3,zero_shot_paired
156,13,11,16,60,0,1,0,0.5034422874450684,0.5034422874450684,0.49655768275260925,0.5034422874450684,11,2,3,zero_shot_paired
156,14,11,17,60,1,1,1,0.5053557753562927,0.5053557753562927,0.4946441650390625,0.5053557753562927,11,2,3,zero_shot_paired
156,0,11,0,60,1,1,1,0.5010222792625427,0.5010222792625427,0.4989776909351349,0.5010222792625427,11,2,3,post_calibration
156,1,11,1,60,1,1,1,0.5019396543502808,0.5019396543502808,0.498060405254364,0.5019396543502808,11,2,3,post_calibration
156,2,11,2,60,1,1,1,0.5005702376365662,0.5005702376365662,0.49942976236343384,0.5005702376365662,11,2,3,post_calibration
156,3,11,3,60,1,1,1,0.5009840726852417,0.5009840726852417,0.4990159273147583,0.5009840726852417,11,2,3,post_calibration
156,4,11,4,60,1,0,0,0.5004103779792786,0.5004103779792786,0.5004103779792786,0.4995896816253662,11,2,3,post_calibration
156,5,11,5,60,1,1,1,0.5044217705726624,0.5044217705726624,0.49557822942733765,0.5044217705726624,11,2,3,post_calibration
156,6,11,8,60,0,1,0,0.5039256811141968,0.5039256811141968,0.49607428908348083,0.5039256811141968,11,2,3,post_calibration
156,7,11,9,60,0,1,0,0.5039283633232117,0.5039283633232117,0.4960716664791107,0.5039283633232117,11,2,3,post_calibration
156,8,11,10,60,1,1,1,0.5019084811210632,0.5019084811210632,0.4980914890766144,0.5019084811210632,11,2,3,post_calibration
156,9,11,11,60,1,1,1,0.5038922429084778,0.5038922429084778,0.49610772728919983,0.5038922429084778,11,2,3,post_calibration
156,10,11,13,60,1,1,1,0.5032618641853333,0.5032618641853333,0.49673816561698914,0.5032618641853333,11,2,3,post_calibration
156,11,11,14,60,0,0,1,0.50202876329422,0.50202876329422,0.50202876329422,0.49797123670578003,11,2,3,post_calibration
156,12,11,15,60,1,1,1,0.5034881830215454,0.5034881830215454,0.4965117871761322,0.5034881830215454,11,2,3,post_calibration
156,13,11,16,60,0,1,0,0.5036470293998718,0.5036470293998718,0.4963529407978058,0.5036470293998718,11,2,3,post_calibration
156,14,11,17,60,1,1,1,0.5058432221412659,0.5058432221412659,0.49415677785873413,0.5058432221412659,11,2,3,post_calibration
157,0,11,0,60,1,1,1,0.5009574890136719,0.5009574890136719,0.4990425109863281,0.5009574890136719,11,3,3,zero_shot_paired
157,1,11,1,60,1,1,1,0.5012982487678528,0.5012982487678528,0.4987017512321472,0.5012982487678528,11,3,3,zero_shot_paired
157,2,11,2,60,1,1,1,0.500241756439209,0.500241756439209,0.49975821375846863,0.500241756439209,11,3,3,zero_shot_paired
157,3,11,4,60,1,0,0,0.5005145072937012,0.5005145072937012,0.5005145072937012,0.4994855225086212,11,3,3,zero_shot_paired
157,4,11,6,60,1,1,1,0.5019872784614563,0.5019872784614563,0.4980126917362213,0.5019872784614563,11,3,3,zero_shot_paired
157,5,11,7,60,0,1,0,0.500232458114624,0.500232458114624,0.499767541885376,0.500232458114624,11,3,3,zero_shot_paired
157,6,11,8,60,0,1,0,0.5031827092170715,0.5031827092170715,0.49681729078292847,0.5031827092170715,11,3,3,zero_shot_paired
157,7,11,9,60,0,1,0,0.5033275485038757,0.5033275485038757,0.49667245149612427,0.5033275485038757,11,3,3,zero_shot_paired
157,8,11,10,60,1,1,1,0.5016413331031799,0.5016413331031799,0.49835869669914246,0.5016413331031799,11,3,3,zero_shot_paired
157,9,11,11,60,1,1,1,0.5031062960624695,0.5031062960624695,0.49689367413520813,0.5031062960624695,11,3,3,zero_shot_paired
157,10,11,12,60,1,1,1,0.5019093155860901,0.5019093155860901,0.4980906844139099,0.5019093155860901,11,3,3,zero_shot_paired
157,11,11,13,60,1,1,1,0.5029715299606323,0.5029715299606323,0.4970284700393677,0.5029715299606323,11,3,3,zero_shot_paired
157,12,11,14,60,0,0,1,0.502389132976532,0.502389132976532,0.502389132976532,0.497610867023468,11,3,3,zero_shot_paired
157,13,11,15,60,1,1,1,0.5032547116279602,0.5032547116279602,0.4967453181743622,0.5032547116279602,11,3,3,zero_shot_paired
157,14,11,17,60,1,1,1,0.5053557753562927,0.5053557753562927,0.4946441650390625,0.5053557753562927,11,3,3,zero_shot_paired
157,0,11,0,60,1,1,1,0.5017027258872986,0.5017027258872986,0.4982973039150238,0.5017027258872986,11,3,3,post_calibration
157,1,11,1,60,1,1,1,0.5022997260093689,0.5022997260093689,0.4977003335952759,0.5022997260093689,11,3,3,post_calibration
157,2,11,2,60,1,1,1,0.5011383891105652,0.5011383891105652,0.4988615810871124,0.5011383891105652,11,3,3,post_calibration
157,3,11,4,60,1,0,0,0.5004177689552307,0.5004177689552307,0.5004177689552307,0.4995822012424469,11,3,3,post_calibration
157,4,11,6,60,1,1,1,0.5022821426391602,0.5022821426391602,0.49771788716316223,0.5022821426391602,11,3,3,post_calibration
157,5,11,7,60,0,1,0,0.5003771185874939,0.5003771185874939,0.4996229112148285,0.5003771185874939,11,3,3,post_calibration
157,6,11,8,60,0,1,0,0.5041496157646179,0.5041496157646179,0.49585041403770447,0.5041496157646179,11,3,3,post_calibration
157,7,11,9,60,0,1,0,0.5043304562568665,0.5043304562568665,0.49566957354545593,0.5043304562568665,11,3,3,post_calibration
157,8,11,10,60,1,1,1,0.5022298097610474,0.5022298097610474,0.49777016043663025,0.5022298097610474,11,3,3,post_calibration
157,9,11,11,60,1,1,1,0.5035581588745117,0.5035581588745117,0.49644187092781067,0.5035581588745117,11,3,3,post_calibration
157,10,11,12,60,1,1,1,0.5027880668640137,0.5027880668640137,0.49721187353134155,0.5027880668640137,11,3,3,post_calibration
157,11,11,13,60,1,1,1,0.5025261640548706,0.5025261640548706,0.4974738657474518,0.5025261640548706,11,3,3,post_calibration
157,12,11,14,60,0,0,1,0.5024576187133789,0.5024576187133789,0.5024576187133789,0.49754244089126587,11,3,3,post_calibration
157,13,11,15,60,1,1,1,0.503145158290863,0.503145158290863,0.49685484170913696,0.503145158290863,11,3,3,post_calibration
157,14,11,17,60,1,1,1,0.5055241584777832,0.5055241584777832,0.4944758713245392,0.5055241584777832,11,3,3,post_calibration
158,0,11,0,60,1,1,1,0.5009574890136719,0.5009574890136719,0.4990425109863281,0.5009574890136719,11,4,3,zero_shot_paired
158,1,11,1,60,1,1,1,0.5012982487678528,0.5012982487678528,0.4987017512321472,0.5012982487678528,11,4,3,zero_shot_paired
158,2,11,3,60,1,1,1,0.5003028512001038,0.5003028512001038,0.49969717860221863,0.5003028512001038,11,4,3,zero_shot_paired
158,3,11,5,60,1,1,1,0.5041130185127258,0.5041130185127258,0.4958869516849518,0.5041130185127258,11,4,3,zero_shot_paired
158,4,11,6,60,1,1,1,0.5019872784614563,0.5019872784614563,0.4980126917362213,0.5019872784614563,11,4,3,zero_shot_paired
158,5,11,7,60,0,1,0,0.500232458114624,0.500232458114624,0.499767541885376,0.500232458114624,11,4,3,zero_shot_paired
158,6,11,8,60,0,1,0,0.5031827092170715,0.5031827092170715,0.49681729078292847,0.5031827092170715,11,4,3,zero_shot_paired
158,7,11,9,60,0,1,0,0.5033275485038757,0.5033275485038757,0.49667245149612427,0.5033275485038757,11,4,3,zero_shot_paired
158,8,11,10,60,1,1,1,0.5016413331031799,0.5016413331031799,0.49835869669914246,0.5016413331031799,11,4,3,zero_shot_paired
158,9,11,12,60,1,1,1,0.5019093155860901,0.5019093155860901,0.4980906844139099,0.5019093155860901,11,4,3,zero_shot_paired
158,10,11,13,60,1,1,1,0.5029715299606323,0.5029715299606323,0.4970284700393677,0.5029715299606323,11,4,3,zero_shot_paired
158,11,11,14,60,0,0,1,0.502389132976532,0.502389132976532,0.502389132976532,0.497610867023468,11,4,3,zero_shot_paired
158,12,11,15,60,1,1,1,0.5032547116279602,0.5032547116279602,0.4967453181743622,0.5032547116279602,11,4,3,zero_shot_paired
158,13,11,16,60,0,1,0,0.5034422874450684,0.5034422874450684,0.49655768275260925,0.5034422874450684,11,4,3,zero_shot_paired
158,14,11,17,60,1,1,1,0.5053557753562927,0.5053557753562927,0.4946441650390625,0.5053557753562927,11,4,3,zero_shot_paired
158,0,11,0,60,1,1,1,0.5031009316444397,0.5031009316444397,0.4968991279602051,0.5031009316444397,11,4,3,post_calibration
158,1,11,1,60,1,1,1,0.5027331709861755,0.5027331709861755,0.4972667694091797,0.5027331709861755,11,4,3,post_calibration
158,2,11,3,60,1,1,1,0.5017555356025696,0.5017555356025696,0.4982444643974304,0.5017555356025696,11,4,3,post_calibration
158,3,11,5,60,1,1,1,0.5058249831199646,0.5058249831199646,0.4941749572753906,0.5058249831199646,11,4,3,post_calibration
158,4,11,6,60,1,1,1,0.5035163164138794,0.5035163164138794,0.4964836537837982,0.5035163164138794,11,4,3,post_calibration
158,5,11,7,60,0,1,0,0.5022412538528442,0.5022412538528442,0.49775874614715576,0.5022412538528442,11,4,3,post_calibration
158,6,11,8,60,0,1,0,0.5048379898071289,0.5048379898071289,0.4951619803905487,0.5048379898071289,11,4,3,post_calibration
158,7,11,9,60,0,1,0,0.50541090965271,0.50541090965271,0.49458906054496765,0.50541090965271,11,4,3,post_calibration
158,8,11,10,60,1,1,1,0.5033971071243286,0.5033971071243286,0.4966029226779938,0.5033971071243286,11,4,3,post_calibration
158,9,11,12,60,1,1,1,0.5034782290458679,0.5034782290458679,0.49652180075645447,0.5034782290458679,11,4,3,post_calibration
158,10,11,13,60,1,1,1,0.505165696144104,0.505165696144104,0.4948342740535736,0.505165696144104,11,4,3,post_calibration
158,11,11,14,60,0,0,1,0.5005425810813904,0.5005425810813904,0.5005425810813904,0.49945738911628723,11,4,3,post_calibration
158,12,11,15,60,1,1,1,0.5042035579681396,0.5042035579681396,0.49579647183418274,0.5042035579681396,11,4,3,post_calibration
158,13,11,16,60,0,1,0,0.505510151386261,0.505510151386261,0.494489848613739,0.505510151386261,11,4,3,post_calibration
158,14,11,17,60,1,1,1,0.5068787932395935,0.5068787932395935,0.4931212365627289,0.5068787932395935,11,4,3,post_calibration
159,0,11,0,60,1,1,1,0.5009574890136719,0.5009574890136719,0.4990425109863281,0.5009574890136719,11,5,3,zero_shot_paired
159,1,11,1,60,1,1,1,0.5012982487678528,0.5012982487678528,0.4987017512321472,0.5012982487678528,11,5,3,zero_shot_paired
159,2,11,2,60,1,1,1,0.500241756439209,0.500241756439209,0.49975821375846863,0.500241756439209,11,5,3,zero_shot_paired
159,3,11,3,60,1,1,1,0.5003028512001038,0.5003028512001038,0.49969717860221863,0.5003028512001038,11,5,3,zero_shot_paired
159,4,11,4,60,1,0,0,0.5005145072937012,0.5005145072937012,0.5005145072937012,0.4994855225086212,11,5,3,zero_shot_paired
159,5,11,5,60,1,1,1,0.5041130185127258,0.5041130185127258,0.4958869516849518,0.5041130185127258,11,5,3,zero_shot_paired
159,6,11,6,60,1,1,1,0.5019872784614563,0.5019872784614563,0.4980126917362213,0.5019872784614563,11,5,3,zero_shot_paired
159,7,11,7,60,0,1,0,0.500232458114624,0.500232458114624,0.499767541885376,0.500232458114624,11,5,3,zero_shot_paired
159,8,11,8,60,0,1,0,0.5031827092170715,0.5031827092170715,0.49681729078292847,0.5031827092170715,11,5,3,zero_shot_paired
159,9,11,11,60,1,1,1,0.5031062960624695,0.5031062960624695,0.49689367413520813,0.5031062960624695,11,5,3,zero_shot_paired
159,10,11,12,60,1,1,1,0.5019093155860901,0.5019093155860901,0.4980906844139099,0.5019093155860901,11,5,3,zero_shot_paired
159,11,11,13,60,1,1,1,0.5029715299606323,0.5029715299606323,0.4970284700393677,0.5029715299606323,11,5,3,zero_shot_paired
159,12,11,14,60,0,0,1,0.502389132976532,0.502389132976532,0.502389132976532,0.497610867023468,11,5,3,zero_shot_paired
159,13,11,15,60,1,1,1,0.5032547116279602,0.5032547116279602,0.4967453181743622,0.5032547116279602,11,5,3,zero_shot_paired
159,14,11,16,60,0,1,0,0.5034422874450684,0.5034422874450684,0.49655768275260925,0.5034422874450684,11,5,3,zero_shot_paired
159,0,11,0,60,1,1,1,0.5019547343254089,0.5019547343254089,0.49804526567459106,0.5019547343254089,11,5,3,post_calibration
159,1,11,1,60,1,1,1,0.5016797184944153,0.5016797184944153,0.4983202815055847,0.5016797184944153,11,5,3,post_calibration
159,2,11,2,60,1,1,1,0.5005935430526733,0.5005935430526733,0.4994064271450043,0.5005935430526733,11,5,3,post_calibration
159,3,11,3,60,1,1,1,0.5008327960968018,0.5008327960968018,0.49916720390319824,0.5008327960968018,11,5,3,post_calibration
159,4,11,4,60,1,1,1,0.5000557899475098,0.5000557899475098,0.4999442398548126,0.5000557899475098,11,5,3,post_calibration
159,5,11,5,60,1,1,1,0.5046911835670471,0.5046911835670471,0.4953088164329529,0.5046911835670471,11,5,3,post_calibration
159,6,11,6,60,1,1,1,0.5022302865982056,0.5022302865982056,0.4977697432041168,0.5022302865982056,11,5,3,post_calibration
159,7,11,7,60,0,1,0,0.5011740326881409,0.5011740326881409,0.4988259971141815,0.5011740326881409,11,5,3,post_calibration
159,8,11,8,60,0,1,0,0.5033798217773438,0.5033798217773438,0.49662017822265625,0.5033798217773438,11,5,3,post_calibration
159,9,11,11,60,1,1,1,0.5039724707603455,0.5039724707603455,0.49602752923965454,0.5039724707603455,11,5,3,post_calibration
159,10,11,12,60,1,1,1,0.502295970916748,0.502295970916748,0.49770405888557434,0.502295970916748,11,5,3,post_calibration
159,11,11,13,60,1,1,1,0.5041399598121643,0.5041399598121643,0.4958599805831909,0.5041399598121643,11,5,3,post_calibration
159,12,11,14,60,0,0,1,0.5017220377922058,0.5017220377922058,0.5017220377922058,0.4982779324054718,11,5,3,post_calibration
159,13,11,15,60,1,1,1,0.5036104321479797,0.5036104321479797,0.4963895082473755,0.5036104321479797,11,5,3,post_calibration
159,14,11,16,60,0,1,0,0.5040876269340515,0.5040876269340515,0.4959123730659485,0.5040876269340515,11,5,3,post_calibration
160,0,11,1,60,1,1,1,0.5012982487678528,0.5012982487678528,0.4987017512321472,0.5012982487678528,11,6,3,zero_shot_paired
160,1,11,2,60,1,1,1,0.500241756439209,0.500241756439209,0.49975821375846863,0.500241756439209,11,6,3,zero_shot_paired
160,2,11,3,60,1,1,1,0.5003028512001038,0.5003028512001038,0.49969717860221863,0.5003028512001038,11,6,3,zero_shot_paired
160,3,11,4,60,1,0,0,0.5005145072937012,0.5005145072937012,0.5005145072937012,0.4994855225086212,11,6,3,zero_shot_paired
160,4,11,5,60,1,1,1,0.5041130185127258,0.5041130185127258,0.4958869516849518,0.5041130185127258,11,6,3,zero_shot_paired
160,5,11,6,60,1,1,1,0.5019872784614563,0.5019872784614563,0.4980126917362213,0.5019872784614563,11,6,3,zero_shot_paired
160,6,11,7,60,0,1,0,0.500232458114624,0.500232458114624,0.499767541885376,0.500232458114624,11,6,3,zero_shot_paired
160,7,11,9,60,0,1,0,0.5033275485038757,0.5033275485038757,0.49667245149612427,0.5033275485038757,11,6,3,zero_shot_paired
160,8,11,10,60,1,1,1,0.5016413331031799,0.5016413331031799,0.49835869669914246,0.5016413331031799,11,6,3,zero_shot_paired
160,9,11,11,60,1,1,1,0.5031062960624695,0.5031062960624695,0.49689367413520813,0.5031062960624695,11,6,3,zero_shot_paired
160,10,11,12,60,1,1,1,0.5019093155860901,0.5019093155860901,0.4980906844139099,0.5019093155860901,11,6,3,zero_shot_paired
160,11,11,13,60,1,1,1,0.5029715299606323,0.5029715299606323,0.4970284700393677,0.5029715299606323,11,6,3,zero_shot_paired
160,12,11,14,60,0,0,1,0.502389132976532,0.502389132976532,0.502389132976532,0.497610867023468,11,6,3,zero_shot_paired
160,13,11,16,60,0,1,0,0.5034422874450684,0.5034422874450684,0.49655768275260925,0.5034422874450684,11,6,3,zero_shot_paired
160,14,11,17,60,1,1,1,0.5053557753562927,0.5053557753562927,0.4946441650390625,0.5053557753562927,11,6,3,zero_shot_paired
160,0,11,1,60,1,1,1,0.5014391541481018,0.5014391541481018,0.4985608458518982,0.5014391541481018,11,6,3,post_calibration
160,1,11,2,60,1,1,1,0.5003988742828369,0.5003988742828369,0.4996010959148407,0.5003988742828369,11,6,3,post_calibration
160,2,11,3,60,1,1,1,0.5005850791931152,0.5005850791931152,0.4994148910045624,0.5005850791931152,11,6,3,post_calibration
160,3,11,4,60,1,0,0,0.5004382729530334,0.5004382729530334,0.5004382729530334,0.4995616674423218,11,6,3,post_calibration
160,4,11,5,60,1,1,1,0.5043944716453552,0.5043944716453552,0.4956055283546448,0.5043944716453552,11,6,3,post_calibration
160,5,11,6,60,1,1,1,0.5026437640190125,0.5026437640190125,0.49735620617866516,0.5026437640190125,11,6,3,post_calibration
160,6,11,7,60,0,1,0,0.5007702708244324,0.5007702708244324,0.49922969937324524,0.5007702708244324,11,6,3,post_calibration
160,7,11,9,60,0,1,0,0.5032579302787781,0.5032579302787781,0.4967420697212219,0.5032579302787781,11,6,3,post_calibration
160,8,11,10,60,1,1,1,0.5016137957572937,0.5016137957572937,0.4983862340450287,0.5016137957572937,11,6,3,post_calibration
160,9,11,11,60,1,1,1,0.5032083988189697,0.5032083988189697,0.49679163098335266,0.5032083988189697,11,6,3,post_calibration
160,10,11,12,60,1,1,1,0.5021392107009888,0.5021392107009888,0.49786078929901123,0.5021392107009888,11,6,3,post_calibration
160,11,11,13,60,1,1,1,0.5030889511108398,0.5030889511108398,0.49691107869148254,0.5030889511108398,11,6,3,post_calibration
160,12,11,14,60,0,0,1,0.5024905204772949,0.5024905204772949,0.5024905204772949,0.49750950932502747,11,6,3,post_calibration
160,13,11,16,60,0,1,0,0.5034427642822266,0.5034427642822266,0.4965572655200958,0.5034427642822266,11,6,3,post_calibration
160,14,11,17,60,1,1,1,0.5057468414306641,0.5057468414306641,0.49425315856933594,0.5057468414306641,11,6,3,post_calibration
161,0,11,2,60,1,1,1,0.500241756439209,0.500241756439209,0.49975821375846863,0.500241756439209,11,1,6,zero_shot_paired
161,1,11,4,60,1,0,0,0.5005145072937012,0.5005145072937012,0.5005145072937012,0.4994855225086212,11,1,6,zero_shot_paired
161,2,11,5,60,1,1,1,0.5041130185127258,0.5041130185127258,0.4958869516849518,0.5041130185127258,11,1,6,zero_shot_paired
161,3,11,6,60,1,1,1,0.5019872784614563,0.5019872784614563,0.4980126917362213,0.5019872784614563,11,1,6,zero_shot_paired
161,4,11,7,60,0,1,0,0.500232458114624,0.500232458114624,0.499767541885376,0.500232458114624,11,1,6,zero_shot_paired
161,5,11,8,60,0,1,0,0.5031827092170715,0.5031827092170715,0.49681729078292847,0.5031827092170715,11,1,6,zero_shot_paired
161,6,11,9,60,0,1,0,0.5033275485038757,0.5033275485038757,0.49667245149612427,0.5033275485038757,11,1,6,zero_shot_paired
161,7,11,10,60,1,1,1,0.5016413331031799,0.5016413331031799,0.49835869669914246,0.5016413331031799,11,1,6,zero_shot_paired
161,8,11,11,60,1,1,1,0.5031062960624695,0.5031062960624695,0.49689367413520813,0.5031062960624695,11,1,6,zero_shot_paired
161,9,11,13,60,1,1,1,0.5029715299606323,0.5029715299606323,0.4970284700393677,0.5029715299606323,11,1,6,zero_shot_paired
161,10,11,15,60,1,1,1,0.5032547116279602,0.5032547116279602,0.4967453181743622,0.5032547116279602,11,1,6,zero_shot_paired
161,11,11,17,60,1,1,1,0.5053557753562927,0.5053557753562927,0.4946441650390625,0.5053557753562927,11,1,6,zero_shot_paired
161,0,11,2,60,1,1,1,0.5014661550521851,0.5014661550521851,0.49853387475013733,0.5014661550521851,11,1,6,post_calibration
161,1,11,4,60,1,1,1,0.5004438161849976,0.5004438161849976,0.49955618381500244,0.5004438161849976,11,1,6,post_calibration
161,2,11,5,60,1,1,1,0.5054507851600647,0.5054507851600647,0.4945491850376129,0.5054507851600647,11,1,6,post_calibration
161,3,11,6,60,1,1,1,0.5029817819595337,0.5029817819595337,0.4970182180404663,0.5029817819595337,11,1,6,post_calibration
161,4,11,7,60,0,1,0,0.500926673412323,0.500926673412323,0.4990733563899994,0.500926673412323,11,1,6,post_calibration
161,5,11,8,60,0,1,0,0.5039677619934082,0.5039677619934082,0.4960322082042694,0.5039677619934082,11,1,6,post_calibration
161,6,11,9,60,0,1,0,0.5049930810928345,0.5049930810928345,0.4950069189071655,0.5049930810928345,11,1,6,post_calibration
161,7,11,10,60,1,1,1,0.50235915184021,0.50235915184021,0.49764081835746765,0.50235915184021,11,1,6,post_calibration
161,8,11,11,60,1,1,1,0.504054605960846,0.504054605960846,0.49594536423683167,0.504054605960846,11,1,6,post_calibration
161,9,11,13,60,1,1,1,0.5031999945640564,0.5031999945640564,0.4968000054359436,0.5031999945640564,11,1,6,post_calibration
161,10,11,15,60,1,1,1,0.5041757822036743,0.5041757822036743,0.4958241581916809,0.5041757822036743,11,1,6,post_calibration
161,11,11,17,60,1,1,1,0.5061095952987671,0.5061095952987671,0.4938903748989105,0.5061095952987671,11,1,6,post_calibration
162,0,11,0,60,1,1,1,0.5009574890136719,0.5009574890136719,0.4990425109863281,0.5009574890136719,11,2,6,zero_shot_paired
162,1,11,1,60,1,1,1,0.5012982487678528,0.5012982487678528,0.4987017512321472,0.5012982487678528,11,2,6,zero_shot_paired
162,2,11,3,60,1,1,1,0.5003028512001038,0.5003028512001038,0.49969717860221863,0.5003028512001038,11,2,6,zero_shot_paired
162,3,11,8,60,0,1,0,0.5031827092170715,0.5031827092170715,0.49681729078292847,0.5031827092170715,11,2,6,zero_shot_paired
162,4,11,9,60,0,1,0,0.5033275485038757,0.5033275485038757,0.49667245149612427,0.5033275485038757,11,2,6,zero_shot_paired
162,5,11,11,60,1,1,1,0.5031062960624695,0.5031062960624695,0.49689367413520813,0.5031062960624695,11,2,6,zero_shot_paired
162,6,11,12,60,1,1,1,0.5019093155860901,0.5019093155860901,0.4980906844139099,0.5019093155860901,11,2,6,zero_shot_paired
162,7,11,13,60,1,1,1,0.5029715299606323,0.5029715299606323,0.4970284700393677,0.5029715299606323,11,2,6,zero_shot_paired
162,8,11,14,60,0,0,1,0.502389132976532,0.502389132976532,0.502389132976532,0.497610867023468,11,2,6,zero_shot_paired
162,9,11,15,60,1,1,1,0.5032547116279602,0.5032547116279602,0.4967453181743622,0.5032547116279602,11,2,6,zero_shot_paired
162,10,11,16,60,0,1,0,0.5034422874450684,0.5034422874450684,0.49655768275260925,0.5034422874450684,11,2,6,zero_shot_paired
162,11,11,17,60,1,1,1,0.5053557753562927,0.5053557753562927,0.4946441650390625,0.5053557753562927,11,2,6,zero_shot_paired
162,0,11,0,60,1,1,1,0.5040369629859924,0.5040369629859924,0.49596303701400757,0.5040369629859924,11,2,6,post_calibration
162,1,11,1,60,1,1,1,0.5047920942306519,0.5047920942306519,0.49520790576934814,0.5047920942306519,11,2,6,post_calibration
162,2,11,3,60,1,1,1,0.5038386583328247,0.5038386583328247,0.4961613416671753,0.5038386583328247,11,2,6,post_calibration
162,3,11,8,60,0,1,0,0.5070719718933105,0.5070719718933105,0.49292805790901184,0.5070719718933105,11,2,6,post_calibration
162,4,11,9,60,0,1,0,0.5084542036056519,0.5084542036056519,0.49154579639434814,0.5084542036056519,11,2,6,post_calibration
162,5,11,11,60,1,1,1,0.5062000155448914,0.5062000155448914,0.49380001425743103,0.5062000155448914,11,2,6,post_calibration
162,6,11,12,60,1,1,1,0.5053644776344299,0.5053644776344299,0.4946354925632477,0.5053644776344299,11,2,6,post_calibration
162,7,11,13,60,1,1,1,0.5068762898445129,0.5068762898445129,0.4931236803531647,0.5068762898445129,11,2,6,post_calibration
162,8,11,14,60,0,1,0,0.5005230903625488,0.5005230903625488,0.4994768798351288,0.5005230903625488,11,2,6,post_calibration
162,9,11,15,60,1,1,1,0.5051981210708618,0.5051981210708618,0.4948018193244934,0.5051981210708618,11,2,6,post_calibration
162,10,11,16,60,0,1,0,0.5063737034797668,0.5063737034797668,0.49362632632255554,0.5063737034797668,11,2,6,post_calibration
162,11,11,17,60,1,1,1,0.508323609828949,0.508323609828949,0.4916764497756958,0.508323609828949,11,2,6,post_calibration
163,0,11,0,60,1,1,1,0.5009574890136719,0.5009574890136719,0.4990425109863281,0.5009574890136719,11,3,6,zero_shot_paired
163,1,11,1,60,1,1,1,0.5012982487678528,0.5012982487678528,0.4987017512321472,0.5012982487678528,11,3,6,zero_shot_paired
163,2,11,2,60,1,1,1,0.500241756439209,0.500241756439209,0.49975821375846863,0.500241756439209,11,3,6,zero_shot_paired
163,3,11,3,60,1,1,1,0.5003028512001038,0.5003028512001038,0.49969717860221863,0.5003028512001038,11,3,6,zero_shot_paired
163,4,11,4,60,1,0,0,0.5005145072937012,0.5005145072937012,0.5005145072937012,0.4994855225086212,11,3,6,zero_shot_paired
163,5,11,5,60,1,1,1,0.5041130185127258,0.5041130185127258,0.4958869516849518,0.5041130185127258,11,3,6,zero_shot_paired
163,6,11,6,60,1,1,1,0.5019872784614563,0.5019872784614563,0.4980126917362213,0.5019872784614563,11,3,6,zero_shot_paired
163,7,11,7,60,0,1,0,0.500232458114624,0.500232458114624,0.499767541885376,0.500232458114624,11,3,6,zero_shot_paired
163,8,11,10,60,1,1,1,0.5016413331031799,0.5016413331031799,0.49835869669914246,0.5016413331031799,11,3,6,zero_shot_paired
163,9,11,12,60,1,1,1,0.5019093155860901,0.5019093155860901,0.4980906844139099,0.5019093155860901,11,3,6,zero_shot_paired
163,10,11,14,60,0,0,1,0.502389132976532,0.502389132976532,0.502389132976532,0.497610867023468,11,3,6,zero_shot_paired
163,11,11,16,60,0,1,0,0.5034422874450684,0.5034422874450684,0.49655768275260925,0.5034422874450684,11,3,6,zero_shot_paired
163,0,11,0,60,1,1,1,0.5021604895591736,0.5021604895591736,0.4978395402431488,0.5021604895591736,11,3,6,post_calibration
163,1,11,1,60,1,1,1,0.5016418099403381,0.5016418099403381,0.49835821986198425,0.5016418099403381,11,3,6,post_calibration
163,2,11,2,60,1,1,1,0.500973641872406,0.500973641872406,0.499026358127594,0.500973641872406,11,3,6,post_calibration
163,3,11,3,60,1,1,1,0.5003894567489624,0.5003894567489624,0.4996105134487152,0.5003894567489624,11,3,6,post_calibration
163,4,11,4,60,1,1,1,0.5004107356071472,0.5004107356071472,0.4995892643928528,0.5004107356071472,11,3,6,post_calibration
163,5,11,5,60,1,1,1,0.5044155120849609,0.5044155120849609,0.49558448791503906,0.5044155120849609,11,3,6,post_calibration
163,6,11,6,60,1,1,1,0.5025664567947388,0.5025664567947388,0.4974335730075836,0.5025664567947388,11,3,6,post_calibration
163,7,11,7,60,0,1,0,0.501633882522583,0.501633882522583,0.4983660578727722,0.501633882522583,11,3,6,post_calibration
163,8,11,10,60,1,1,1,0.5025160908699036,0.5025160908699036,0.49748384952545166,0.5025160908699036,11,3,6,post_calibration
163,9,11,12,60,1,1,1,0.5020429491996765,0.5020429491996765,0.4979570508003235,0.5020429491996765,11,3,6,post_calibration
163,10,11,14,60,0,0,1,0.5008774995803833,0.5008774995803833,0.5008774995803833,0.4991224706172943,11,3,6,post_calibration
163,11,11,16,60,0,1,0,0.5052534937858582,0.5052534937858582,0.49474650621414185,0.5052534937858582,11,3,6,post_calibration
164,0,11,1,60,1,1,1,0.5012982487678528,0.5012982487678528,0.4987017512321472,0.5012982487678528,11,1,9,zero_shot_paired
164,1,11,4,60,1,0,0,0.5005145072937012,0.5005145072937012,0.5005145072937012,0.4994855225086212,11,1,9,zero_shot_paired
164,2,11,8,60,0,1,0,0.5031827688217163,0.5031827688217163,0.4968172311782837,0.5031827688217163,11,1,9,zero_shot_paired
164,3,11,9,60,0,1,0,0.5033276081085205,0.5033276081085205,0.4966724216938019,0.5033276081085205,11,1,9,zero_shot_paired
164,4,11,10,60,1,1,1,0.5016413927078247,0.5016413927078247,0.4983586370944977,0.5016413927078247,11,1,9,zero_shot_paired
164,5,11,12,60,1,1,1,0.5019092559814453,0.5019092559814453,0.4980907440185547,0.5019092559814453,11,1,9,zero_shot_paired
164,6,11,13,60,1,1,1,0.5029716491699219,0.5029716491699219,0.4970284104347229,0.5029716491699219,11,1,9,zero_shot_paired
164,7,11,14,60,0,0,1,0.5023890733718872,0.5023890733718872,0.5023890733718872,0.4976109266281128,11,1,9,zero_shot_paired
164,8,11,15,60,1,1,1,0.503254771232605,0.503254771232605,0.4967452585697174,0.503254771232605,11,1,9,zero_shot_paired
164,0,11,1,60,1,1,1,0.5028623342514038,0.5028623342514038,0.4971376359462738,0.5028623342514038,11,1,9,post_calibration
164,1,11,4,60,1,1,1,0.5012241005897522,0.5012241005897522,0.4987758994102478,0.5012241005897522,11,1,9,post_calibration
164,2,11,8,60,0,1,0,0.5049057602882385,0.5049057602882385,0.4950942397117615,0.5049057602882385,11,1,9,post_calibration
164,3,11,9,60,0,1,0,0.5059892535209656,0.5059892535209656,0.4940107464790344,0.5059892535209656,11,1,9,post_calibration
164,4,11,10,60,1,1,1,0.5037334561347961,0.5037334561347961,0.49626651406288147,0.5037334561347961,11,1,9,post_calibration
164,5,11,12,60,1,1,1,0.5043224692344666,0.5043224692344666,0.49567753076553345,0.5043224692344666,11,1,9,post_calibration
164,6,11,13,60,1,1,1,0.5052104592323303,0.5052104592323303,0.4947895407676697,0.5052104592323303,11,1,9,post_calibration
164,7,11,14,60,0,0,1,0.5009943842887878,0.5009943842887878,0.5009943842887878,0.49900558590888977,11,1,9,post_calibration
164,8,11,15,60,1,1,1,0.504859209060669,0.504859209060669,0.49514079093933105,0.504859209060669,11,1,9,post_calibration
165,0,11,0,60,1,1,1,0.5009575486183167,0.5009575486183167,0.49904248118400574,0.5009575486183167,11,2,9,zero_shot_paired
165,1,11,2,60,1,1,1,0.500241756439209,0.500241756439209,0.49975821375846863,0.500241756439209,11,2,9,zero_shot_paired
165,2,11,3,60,1,1,1,0.5003028512001038,0.5003028512001038,0.49969711899757385,0.5003028512001038,11,2,9,zero_shot_paired
165,3,11,5,60,1,1,1,0.5041130781173706,0.5041130781173706,0.4958869516849518,0.5041130781173706,11,2,9,zero_shot_paired
165,4,11,6,60,1,1,1,0.5019872784614563,0.5019872784614563,0.4980127513408661,0.5019872784614563,11,2,9,zero_shot_paired
165,5,11,7,60,0,1,0,0.500232458114624,0.500232458114624,0.499767541885376,0.500232458114624,11,2,9,zero_shot_paired
165,6,11,11,60,1,1,1,0.5031063556671143,0.5031063556671143,0.49689364433288574,0.5031063556671143,11,2,9,zero_shot_paired
165,7,11,16,60,0,1,0,0.5034422874450684,0.5034422874450684,0.49655768275260925,0.5034422874450684,11,2,9,zero_shot_paired
165,8,11,17,60,1,1,1,0.5053558349609375,0.5053558349609375,0.4946441650390625,0.5053558349609375,11,2,9,zero_shot_paired
165,0,11,0,60,1,1,1,0.5021407604217529,0.5021407604217529,0.49785923957824707,0.5021407604217529,11,2,9,post_calibration
165,1,11,2,60,1,1,1,0.5015304088592529,0.5015304088592529,0.49846959114074707,0.5015304088592529,11,2,9,post_calibration
165,2,11,3,60,1,1,1,0.5011177659034729,0.5011177659034729,0.4988822638988495,0.5011177659034729,11,2,9,post_calibration
165,3,11,5,60,1,1,1,0.5051742196083069,0.5051742196083069,0.4948257803916931,0.5051742196083069,11,2,9,post_calibration
165,4,11,6,60,1,1,1,0.5029901266098022,0.5029901266098022,0.49700984358787537,0.5029901266098022,11,2,9,post_calibration
165,5,11,7,60,0,1,0,0.5012052059173584,0.5012052059173584,0.4987947940826416,0.5012052059173584,11,2,9,post_calibration
165,6,11,11,60,1,1,1,0.5041139125823975,0.5041139125823975,0.49588608741760254,0.5041139125823975,11,2,9,post_calibration
165,7,11,16,60,0,1,0,0.5044108629226685,0.5044108629226685,0.49558916687965393,0.5044108629226685,11,2,9,post_calibration
165,8,11,17,60,1,1,1,0.5061240792274475,0.5061240792274475,0.4938759207725525,0.5061240792274475,11,2,9,post_calibration
166,0,11,0,60,1,1,1,0.5009583234786987,0.5009583234786987,0.4990416467189789,0.5009583234786987,11,1,12,zero_shot_paired
166,1,11,4,60,1,0,0,0.5005151629447937,0.5005151629447937,0.5005151629447937,0.4994848072528839,11,1,12,zero_shot_paired
166,2,11,5,60,1,1,1,0.5041120648384094,0.5041120648384094,0.49588796496391296,0.5041120648384094,11,1,12,zero_shot_paired
166,3,11,8,60,0,1,0,0.5031834244728088,0.5031834244728088,0.4968165457248688,0.5031834244728088,11,1,12,zero_shot_paired
166,4,11,9,60,0,1,0,0.5033273696899414,0.5033273696899414,0.496672660112381,0.5033273696899414,11,1,12,zero_shot_paired
166,5,11,17,60,1,1,1,0.5053561329841614,0.5053561329841614,0.4946438670158386,0.5053561329841614,11,1,12,zero_shot_paired
166,0,11,0,60,1,1,1,0.5032378435134888,0.5032378435134888,0.4967621862888336,0.5032378435134888,11,1,12,post_calibration
166,1,11,4,60,1,1,1,0.5018394589424133,0.5018394589424133,0.49816057085990906,0.5018394589424133,11,1,12,post_calibration
166,2,11,5,60,1,1,1,0.5074098706245422,0.5074098706245422,0.49259012937545776,0.5074098706245422,11,1,12,post_calibration
166,3,11,8,60,0,1,0,0.5059716701507568,0.5059716701507568,0.49402832984924316,0.5059716701507568,11,1,12,post_calibration
166,4,11,9,60,0,1,0,0.5073722004890442,0.5073722004890442,0.4926277995109558,0.5073722004890442,11,1,12,post_calibration
166,5,11,17,60,1,1,1,0.5071923732757568,0.5071923732757568,0.49280762672424316,0.5071923732757568,11,1,12,post_calibration
167,0,11,0,60,1,1,1,0.5009583234786987,0.5009583234786987,0.4990416467189789,0.5009583234786987,11,2,12,zero_shot_paired
167,1,11,3,60,1,1,1,0.5003027319908142,0.5003027319908142,0.4996972680091858,0.5003027319908142,11,2,12,zero_shot_paired
167,2,11,6,60,1,1,1,0.5019874572753906,0.5019874572753906,0.4980125427246094,0.5019874572753906,11,2,12,zero_shot_paired
167,3,11,10,60,1,1,1,0.5016407370567322,0.5016407370567322,0.4983592927455902,0.5016407370567322,11,2,12,zero_shot_paired
167,4,11,14,60,0,0,1,0.5023879408836365,0.5023879408836365,0.5023879408836365,0.4976120591163635,11,2,12,zero_shot_paired
167,5,11,16,60,0,1,0,0.5034419894218445,0.5034419894218445,0.49655798077583313,0.5034419894218445,11,2,12,zero_shot_paired
167,0,11,0,60,1,1,1,0.5041284561157227,0.5041284561157227,0.49587157368659973,0.5041284561157227,11,2,12,post_calibration
167,1,11,3,60,1,1,1,0.5023285150527954,0.5023285150527954,0.497671514749527,0.5023285150527954,11,2,12,post_calibration
167,2,11,6,60,1,1,1,0.5035951137542725,0.5035951137542725,0.4964049458503723,0.5035951137542725,11,2,12,post_calibration
167,3,11,10,60,1,1,1,0.5038057565689087,0.5038057565689087,0.4961942434310913,0.5038057565689087,11,2,12,post_calibration
167,4,11,14,60,0,1,0,0.5002499222755432,0.5002499222755432,0.4997501075267792,0.5002499222755432,11,2,12,post_calibration
167,5,11,16,60,0,1,0,0.5068243741989136,0.5068243741989136,0.4931756258010864,0.5068243741989136,11,2,12,post_calibration
168,0,11,0,60,1,1,1,0.5009583234786987,0.5009583234786987,0.4990416467189789,0.5009583234786987,11,3,12,zero_shot_paired
168,1,11,5,60,1,1,1,0.5041120648384094,0.5041120648384094,0.49588796496391296,0.5041120648384094,11,3,12,zero_shot_paired
168,2,11,9,60,0,1,0,0.5033273696899414,0.5033273696899414,0.496672660112381,0.5033273696899414,11,3,12,zero_shot_paired
168,3,11,13,60,1,1,1,0.5029727220535278,0.5029727220535278,0.4970272481441498,0.5029727220535278,11,3,12,zero_shot_paired
168,4,11,14,60,0,0,1,0.5023879408836365,0.5023879408836365,0.5023879408836365,0.4976120591163635,11,3,12,zero_shot_paired
168,5,11,15,60,1,1,1,0.5032552480697632,0.5032552480697632,0.4967447519302368,0.5032552480697632,11,3,12,zero_shot_paired
168,0,11,0,60,1,1,1,0.5034866333007812,0.5034866333007812,0.49651339650154114,0.5034866333007812,11,3,12,post_calibration
168,1,11,5,60,1,1,1,0.5066055655479431,0.5066055655479431,0.4933944344520569,0.5066055655479431,11,3,12,post_calibration
168,2,11,9,60,0,1,0,0.5062475204467773,0.5062475204467773,0.49375247955322266,0.5062475204467773,11,3,12,post_calibration
168,3,11,13,60,1,1,1,0.5044174790382385,0.5044174790382385,0.49558255076408386,0.5044174790382385,11,3,12,post_calibration
168,4,11,14,60,0,0,1,0.5009790658950806,0.5009790658950806,0.5009790658950806,0.49902093410491943,11,3,12,post_calibration
168,5,11,15,60,1,1,1,0.5047932863235474,0.5047932863235474,0.49520671367645264,0.5047932863235474,11,3,12,post_calibration
13,0,12,0,60,1,0,0,0.5002210140228271,0.5002210140228271,0.5002210140228271,0.49977901577949524,12,,,zero_shot_all_trials
13,1,12,1,60,1,1,1,0.5004096627235413,0.5004096627235413,0.4995903968811035,0.5004096627235413,12,,,zero_shot_all_trials
13,2,12,2,60,1,1,1,0.5012744069099426,0.5012744069099426,0.4987255930900574,0.5012744069099426,12,,,zero_shot_all_trials
13,3,12,3,60,1,1,1,0.5043971538543701,0.5043971538543701,0.4956028163433075,0.5043971538543701,12,,,zero_shot_all_trials
13,4,12,4,60,1,1,1,0.5008163452148438,0.5008163452148438,0.49918365478515625,0.5008163452148438,12,,,zero_shot_all_trials
13,5,12,5,60,0,1,0,0.505824863910675,0.505824863910675,0.49417513608932495,0.505824863910675,12,,,zero_shot_all_trials
13,6,12,6,60,1,1,1,0.5037243962287903,0.5037243962287903,0.49627557396888733,0.5037243962287903,12,,,zero_shot_all_trials
13,7,12,7,60,0,1,0,0.5048363208770752,0.5048363208770752,0.4951636791229248,0.5048363208770752,12,,,zero_shot_all_trials
13,8,12,8,60,0,0,1,0.5001399517059326,0.5001399517059326,0.5001399517059326,0.4998600482940674,12,,,zero_shot_all_trials
13,9,12,9,60,0,1,0,0.5019387006759644,0.5019387006759644,0.49806132912635803,0.5019387006759644,12,,,zero_shot_all_trials
13,10,12,10,60,1,1,1,0.502156674861908,0.502156674861908,0.49784329533576965,0.502156674861908,12,,,zero_shot_all_trials
13,11,12,11,60,1,1,1,0.5057507157325745,0.5057507157325745,0.49424928426742554,0.5057507157325745,12,,,zero_shot_all_trials
13,12,12,12,60,1,1,1,0.5041500926017761,0.5041500926017761,0.4958498775959015,0.5041500926017761,12,,,zero_shot_all_trials
13,13,12,13,60,1,1,1,0.5049092173576355,0.5049092173576355,0.4950907528400421,0.5049092173576355,12,,,zero_shot_all_trials
13,14,12,14,60,1,1,1,0.5045441389083862,0.5045441389083862,0.49545592069625854,0.5045441389083862,12,,,zero_shot_all_trials
13,15,12,15,60,1,1,1,0.5065279603004456,0.5065279603004456,0.49347198009490967,0.5065279603004456,12,,,zero_shot_all_trials
13,16,12,16,60,0,1,0,0.50516277551651,0.50516277551651,0.4948372542858124,0.50516277551651,12,,,zero_shot_all_trials
13,17,12,17,60,1,1,1,0.504469096660614,0.504469096660614,0.495530903339386,0.504469096660614,12,,,zero_shot_all_trials
169,0,12,1,60,1,1,1,0.5004096627235413,0.5004096627235413,0.4995903968811035,0.5004096627235413,12,1,3,zero_shot_paired
169,1,12,2,60,1,1,1,0.5012744069099426,0.5012744069099426,0.4987255334854126,0.5012744069099426,12,1,3,zero_shot_paired
169,2,12,3,60,1,1,1,0.5043972134590149,0.5043972134590149,0.4956028163433075,0.5043972134590149,12,1,3,zero_shot_paired
169,3,12,4,60,1,1,1,0.500816285610199,0.500816285610199,0.49918368458747864,0.500816285610199,12,1,3,zero_shot_paired
169,4,12,6,60,1,1,1,0.5037243366241455,0.5037243366241455,0.4962756633758545,0.5037243366241455,12,1,3,zero_shot_paired
169,5,12,7,60,0,1,0,0.5048362016677856,0.5048362016677856,0.49516379833221436,0.5048362016677856,12,1,3,zero_shot_paired
169,6,12,8,60,0,0,1,0.5001400113105774,0.5001400113105774,0.5001400113105774,0.499860018491745,12,1,3,zero_shot_paired
169,7,12,9,60,0,1,0,0.5019387602806091,0.5019387602806091,0.49806123971939087,0.5019387602806091,12,1,3,zero_shot_paired
169,8,12,10,60,1,1,1,0.502156674861908,0.502156674861908,0.49784329533576965,0.502156674861908,12,1,3,zero_shot_paired
169,9,12,11,60,1,1,1,0.5057505965232849,0.5057505965232849,0.4942493736743927,0.5057505965232849,12,1,3,zero_shot_paired
169,10,12,12,60,1,1,1,0.5041500926017761,0.5041500926017761,0.4958498775959015,0.5041500926017761,12,1,3,zero_shot_paired
169,11,12,13,60,1,1,1,0.5049092173576355,0.5049092173576355,0.4950907528400421,0.5049092173576355,12,1,3,zero_shot_paired
169,12,12,14,60,1,1,1,0.5045441389083862,0.5045441389083862,0.49545586109161377,0.5045441389083862,12,1,3,zero_shot_paired
169,13,12,16,60,0,1,0,0.5051627159118652,0.5051627159118652,0.49483731389045715,0.5051627159118652,12,1,3,zero_shot_paired
169,14,12,17,60,1,1,1,0.5044690370559692,0.5044690370559692,0.49553096294403076,0.5044690370559692,12,1,3,zero_shot_paired
169,0,12,1,60,1,1,1,0.5007590055465698,0.5007590055465698,0.4992409944534302,0.5007590055465698,12,1,3,post_calibration
169,1,12,2,60,1,1,1,0.5021834969520569,0.5021834969520569,0.49781644344329834,0.5021834969520569,12,1,3,post_calibration
169,2,12,3,60,1,1,1,0.5054810047149658,0.5054810047149658,0.4945189952850342,0.5054810047149658,12,1,3,post_calibration
169,3,12,4,60,1,1,1,0.5011833906173706,0.5011833906173706,0.4988166093826294,0.5011833906173706,12,1,3,post_calibration
169,4,12,6,60,1,1,1,0.5040191411972046,0.5040191411972046,0.4959808588027954,0.5040191411972046,12,1,3,post_calibration
169,5,12,7,60,0,1,0,0.5051777362823486,0.5051777362823486,0.4948222041130066,0.5051777362823486,12,1,3,post_calibration
169,6,12,8,60,0,0,1,0.5001495480537415,0.5001495480537415,0.5001495480537415,0.4998505115509033,12,1,3,post_calibration
169,7,12,9,60,0,1,0,0.5025932192802429,0.5025932192802429,0.4974067807197571,0.5025932192802429,12,1,3,post_calibration
169,8,12,10,60,1,1,1,0.5025625228881836,0.5025625228881836,0.4974374771118164,0.5025625228881836,12,1,3,post_calibration
169,9,12,11,60,1,1,1,0.5063006281852722,0.5063006281852722,0.493699312210083,0.5063006281852722,12,1,3,post_calibration
169,10,12,12,60,1,1,1,0.5046201944351196,0.5046201944351196,0.49537980556488037,0.5046201944351196,12,1,3,post_calibration
169,11,12,13,60,1,1,1,0.5061455368995667,0.5061455368995667,0.49385446310043335,0.5061455368995667,12,1,3,post_calibration
169,12,12,14,60,1,1,1,0.5054798722267151,0.5054798722267151,0.4945201575756073,0.5054798722267151,12,1,3,post_calibration
169,13,12,16,60,0,1,0,0.5061589479446411,0.5061589479446411,0.4938410520553589,0.5061589479446411,12,1,3,post_calibration
169,14,12,17,60,1,1,1,0.5051575899124146,0.5051575899124146,0.49484241008758545,0.5051575899124146,12,1,3,post_calibration
170,0,12,0,60,1,0,0,0.5002209544181824,0.5002209544181824,0.5002209544181824,0.4997791051864624,12,2,3,zero_shot_paired
170,1,12,1,60,1,1,1,0.5004096627235413,0.5004096627235413,0.4995903968811035,0.5004096627235413,12,2,3,zero_shot_paired
170,2,12,2,60,1,1,1,0.5012744069099426,0.5012744069099426,0.4987255334854126,0.5012744069099426,12,2,3,zero_shot_paired
170,3,12,3,60,1,1,1,0.5043972134590149,0.5043972134590149,0.4956028163433075,0.5043972134590149,12,2,3,zero_shot_paired
170,4,12,5,60,0,1,0,0.5058249235153198,0.5058249235153198,0.4941750764846802,0.5058249235153198,12,2,3,zero_shot_paired
170,5,12,6,60,1,1,1,0.5037243366241455,0.5037243366241455,0.4962756633758545,0.5037243366241455,12,2,3,zero_shot_paired
170,6,12,7,60,0,1,0,0.5048362016677856,0.5048362016677856,0.49516379833221436,0.5048362016677856,12,2,3,zero_shot_paired
170,7,12,9,60,0,1,0,0.5019387602806091,0.5019387602806091,0.49806123971939087,0.5019387602806091,12,2,3,zero_shot_paired
170,8,12,10,60,1,1,1,0.502156674861908,0.502156674861908,0.49784329533576965,0.502156674861908,12,2,3,zero_shot_paired
170,9,12,11,60,1,1,1,0.5057505965232849,0.5057505965232849,0.4942493736743927,0.5057505965232849,12,2,3,zero_shot_paired
170,10,12,12,60,1,1,1,0.5041500926017761,0.5041500926017761,0.4958498775959015,0.5041500926017761,12,2,3,zero_shot_paired
170,11,12,13,60,1,1,1,0.5049092173576355,0.5049092173576355,0.4950907528400421,0.5049092173576355,12,2,3,zero_shot_paired
170,12,12,15,60,1,1,1,0.5065279603004456,0.5065279603004456,0.49347198009490967,0.5065279603004456,12,2,3,zero_shot_paired
170,13,12,16,60,0,1,0,0.5051627159118652,0.5051627159118652,0.49483731389045715,0.5051627159118652,12,2,3,zero_shot_paired
170,14,12,17,60,1,1,1,0.5044690370559692,0.5044690370559692,0.49553096294403076,0.5044690370559692,12,2,3,zero_shot_paired
170,0,12,0,60,1,1,1,0.5005466938018799,0.5005466938018799,0.4994533360004425,0.5005466938018799,12,2,3,post_calibration
170,1,12,1,60,1,1,1,0.5005653500556946,0.5005653500556946,0.4994346797466278,0.5005653500556946,12,2,3,post_calibration
170,2,12,2,60,1,1,1,0.5013956427574158,0.5013956427574158,0.4986043870449066,0.5013956427574158,12,2,3,post_calibration
170,3,12,3,60,1,1,1,0.5048655271530151,0.5048655271530151,0.49513450264930725,0.5048655271530151,12,2,3,post_calibration
170,4,12,5,60,0,1,0,0.5062612891197205,0.5062612891197205,0.49373874068260193,0.5062612891197205,12,2,3,post_calibration
170,5,12,6,60,1,1,1,0.5038803219795227,0.5038803219795227,0.4961196184158325,0.5038803219795227,12,2,3,post_calibration
170,6,12,7,60,0,1,0,0.5051180720329285,0.5051180720329285,0.49488192796707153,0.5051180720329285,12,2,3,post_calibration
170,7,12,9,60,0,1,0,0.5023908019065857,0.5023908019065857,0.4976091682910919,0.5023908019065857,12,2,3,post_calibration
170,8,12,10,60,1,1,1,0.503176212310791,0.503176212310791,0.4968237578868866,0.503176212310791,12,2,3,post_calibration
170,9,12,11,60,1,1,1,0.5066205859184265,0.5066205859184265,0.4933794438838959,0.5066205859184265,12,2,3,post_calibration
170,10,12,12,60,1,1,1,0.504989743232727,0.504989743232727,0.49501028656959534,0.504989743232727,12,2,3,post_calibration
170,11,12,13,60,1,1,1,0.5054080486297607,0.5054080486297607,0.49459195137023926,0.5054080486297607,12,2,3,post_calibration
170,12,12,15,60,1,1,1,0.5070443749427795,0.5070443749427795,0.49295559525489807,0.5070443749427795,12,2,3,post_calibration
170,13,12,16,60,0,1,0,0.5060276985168457,0.5060276985168457,0.4939723312854767,0.5060276985168457,12,2,3,post_calibration
170,14,12,17,60,1,1,1,0.505370557308197,0.505370557308197,0.494629442691803,0.505370557308197,12,2,3,post_calibration
171,0,12,0,60,1,0,0,0.5002209544181824,0.5002209544181824,0.5002209544181824,0.4997791051864624,12,3,3,zero_shot_paired
171,1,12,1,60,1,1,1,0.5004096627235413,0.5004096627235413,0.4995903968811035,0.5004096627235413,12,3,3,zero_shot_paired
171,2,12,2,60,1,1,1,0.5012744069099426,0.5012744069099426,0.4987255334854126,0.5012744069099426,12,3,3,zero_shot_paired
171,3,12,3,60,1,1,1,0.5043972134590149,0.5043972134590149,0.4956028163433075,0.5043972134590149,12,3,3,zero_shot_paired
171,4,12,4,60,1,1,1,0.500816285610199,0.500816285610199,0.49918368458747864,0.500816285610199,12,3,3,zero_shot_paired
171,5,12,5,60,0,1,0,0.5058249235153198,0.5058249235153198,0.4941750764846802,0.5058249235153198,12,3,3,zero_shot_paired
171,6,12,7,60,0,1,0,0.5048362016677856,0.5048362016677856,0.49516379833221436,0.5048362016677856,12,3,3,zero_shot_paired
171,7,12,8,60,0,0,1,0.5001400113105774,0.5001400113105774,0.5001400113105774,0.499860018491745,12,3,3,zero_shot_paired
171,8,12,9,60,0,1,0,0.5019387602806091,0.5019387602806091,0.49806123971939087,0.5019387602806091,12,3,3,zero_shot_paired
171,9,12,11,60,1,1,1,0.5057505965232849,0.5057505965232849,0.4942493736743927,0.5057505965232849,12,3,3,zero_shot_paired
171,10,12,12,60,1,1,1,0.5041500926017761,0.5041500926017761,0.4958498775959015,0.5041500926017761,12,3,3,zero_shot_paired
171,11,12,13,60,1,1,1,0.5049092173576355,0.5049092173576355,0.4950907528400421,0.5049092173576355,12,3,3,zero_shot_paired
171,12,12,14,60,1,1,1,0.5045441389083862,0.5045441389083862,0.49545586109161377,0.5045441389083862,12,3,3,zero_shot_paired
171,13,12,15,60,1,1,1,0.5065279603004456,0.5065279603004456,0.49347198009490967,0.5065279603004456,12,3,3,zero_shot_paired
171,14,12,17,60,1,1,1,0.5044690370559692,0.5044690370559692,0.49553096294403076,0.5044690370559692,12,3,3,zero_shot_paired
171,0,12,0,60,1,1,1,0.5004700422286987,0.5004700422286987,0.49952995777130127,0.5004700422286987,12,3,3,post_calibration
171,1,12,1,60,1,1,1,0.5007295608520508,0.5007295608520508,0.49927040934562683,0.5007295608520508,12,3,3,post_calibration
171,2,12,2,60,1,1,1,0.5015904903411865,0.5015904903411865,0.4984095096588135,0.5015904903411865,12,3,3,post_calibration
171,3,12,3,60,1,1,1,0.5048084259033203,0.5048084259033203,0.4951915740966797,0.5048084259033203,12,3,3,post_calibration
171,4,12,4,60,1,1,1,0.5014813542366028,0.5014813542366028,0.49851858615875244,0.5014813542366028,12,3,3,post_calibration
171,5,12,5,60,0,1,0,0.5058929920196533,0.5058929920196533,0.4941070079803467,0.5058929920196533,12,3,3,post_calibration
171,6,12,7,60,0,1,0,0.5054259896278381,0.5054259896278381,0.49457401037216187,0.5054259896278381,12,3,3,post_calibration
171,7,12,8,60,0,1,0,0.5000520944595337,0.5000520944595337,0.4999479353427887,0.5000520944595337,12,3,3,post_calibration
171,8,12,9,60,0,1,0,0.5042644143104553,0.5042644143104553,0.4957355558872223,0.5042644143104553,12,3,3,post_calibration
171,9,12,11,60,1,1,1,0.5072518587112427,0.5072518587112427,0.49274811148643494,0.5072518587112427,12,3,3,post_calibration
171,10,12,12,60,1,1,1,0.5061528086662292,0.5061528086662292,0.49384719133377075,0.5061528086662292,12,3,3,post_calibration
171,11,12,13,60,1,1,1,0.506856381893158,0.506856381893158,0.49314361810684204,0.506856381893158,12,3,3,post_calibration
171,12,12,14,60,1,1,1,0.5068846940994263,0.5068846940994263,0.4931153357028961,0.5068846940994263,12,3,3,post_calibration
171,13,12,15,60,1,1,1,0.5077129006385803,0.5077129006385803,0.4922870695590973,0.5077129006385803,12,3,3,post_calibration
171,14,12,17,60,1,1,1,0.5061228275299072,0.5061228275299072,0.49387723207473755,0.5061228275299072,12,3,3,post_calibration
172,0,12,0,60,1,0,0,0.5002209544181824,0.5002209544181824,0.5002209544181824,0.4997791051864624,12,4,3,zero_shot_paired
172,1,12,1,60,1,1,1,0.5004096627235413,0.5004096627235413,0.4995903968811035,0.5004096627235413,12,4,3,zero_shot_paired
172,2,12,2,60,1,1,1,0.5012744069099426,0.5012744069099426,0.4987255334854126,0.5012744069099426,12,4,3,zero_shot_paired
172,3,12,4,60,1,1,1,0.500816285610199,0.500816285610199,0.49918368458747864,0.500816285610199,12,4,3,zero_shot_paired
172,4,12,5,60,0,1,0,0.5058249235153198,0.5058249235153198,0.4941750764846802,0.5058249235153198,12,4,3,zero_shot_paired
172,5,12,6,60,1,1,1,0.5037243366241455,0.5037243366241455,0.4962756633758545,0.5037243366241455,12,4,3,zero_shot_paired
172,6,12,7,60,0,1,0,0.5048362016677856,0.5048362016677856,0.49516379833221436,0.5048362016677856,12,4,3,zero_shot_paired
172,7,12,8,60,0,0,1,0.5001400113105774,0.5001400113105774,0.5001400113105774,0.499860018491745,12,4,3,zero_shot_paired
172,8,12,9,60,0,1,0,0.5019387602806091,0.5019387602806091,0.49806123971939087,0.5019387602806091,12,4,3,zero_shot_paired
172,9,12,10,60,1,1,1,0.502156674861908,0.502156674861908,0.49784329533576965,0.502156674861908,12,4,3,zero_shot_paired
172,10,12,11,60,1,1,1,0.5057505965232849,0.5057505965232849,0.4942493736743927,0.5057505965232849,12,4,3,zero_shot_paired
172,11,12,12,60,1,1,1,0.5041500926017761,0.5041500926017761,0.4958498775959015,0.5041500926017761,12,4,3,zero_shot_paired
172,12,12,14,60,1,1,1,0.5045441389083862,0.5045441389083862,0.49545586109161377,0.5045441389083862,12,4,3,zero_shot_paired
172,13,12,15,60,1,1,1,0.5065279603004456,0.5065279603004456,0.49347198009490967,0.5065279603004456,12,4,3,zero_shot_paired
172,14,12,16,60,0,1,0,0.5051627159118652,0.5051627159118652,0.49483731389045715,0.5051627159118652,12,4,3,zero_shot_paired
172,0,12,0,60,1,1,1,0.5005207657814026,0.5005207657814026,0.4994792342185974,0.5005207657814026,12,4,3,post_calibration
172,1,12,1,60,1,1,1,0.5009970664978027,0.5009970664978027,0.4990028738975525,0.5009970664978027,12,4,3,post_calibration
172,2,12,2,60,1,1,1,0.5017863512039185,0.5017863512039185,0.49821364879608154,0.5017863512039185,12,4,3,post_calibration
172,3,12,4,60,1,1,1,0.5007824897766113,0.5007824897766113,0.49921754002571106,0.5007824897766113,12,4,3,post_calibration
172,4,12,5,60,0,1,0,0.5059220194816589,0.5059220194816589,0.49407798051834106,0.5059220194816589,12,4,3,post_calibration
172,5,12,6,60,1,1,1,0.5043953657150269,0.5043953657150269,0.49560463428497314,0.5043953657150269,12,4,3,post_calibration
172,6,12,7,60,0,1,0,0.5055662989616394,0.5055662989616394,0.4944337010383606,0.5055662989616394,12,4,3,post_calibration
172,7,12,8,60,0,1,0,0.500001072883606,0.500001072883606,0.49999892711639404,0.500001072883606,12,4,3,post_calibration
172,8,12,9,60,0,1,0,0.5041368007659912,0.5041368007659912,0.4958632290363312,0.5041368007659912,12,4,3,post_calibration
172,9,12,10,60,1,1,1,0.5031504034996033,0.5031504034996033,0.49684956669807434,0.5031504034996033,12,4,3,post_calibration
172,10,12,11,60,1,1,1,0.5074620842933655,0.5074620842933655,0.49253788590431213,0.5074620842933655,12,4,3,post_calibration
172,11,12,12,60,1,1,1,0.5055861473083496,0.5055861473083496,0.4944138526916504,0.5055861473083496,12,4,3,post_calibration
172,12,12,14,60,1,1,1,0.5054718255996704,0.5054718255996704,0.4945281744003296,0.5054718255996704,12,4,3,post_calibration
172,13,12,15,60,1,1,1,0.5079683661460876,0.5079683661460876,0.49203166365623474,0.5079683661460876,12,4,3,post_calibration
172,14,12,16,60,0,1,0,0.5063161849975586,0.5063161849975586,0.493683785200119,0.5063161849975586,12,4,3,post_calibration
173,0,12,0,60,1,0,0,0.5002209544181824,0.5002209544181824,0.5002209544181824,0.4997791051864624,12,5,3,zero_shot_paired
173,1,12,2,60,1,1,1,0.5012744069099426,0.5012744069099426,0.4987255334854126,0.5012744069099426,12,5,3,zero_shot_paired
173,2,12,3,60,1,1,1,0.5043972134590149,0.5043972134590149,0.4956028163433075,0.5043972134590149,12,5,3,zero_shot_paired
173,3,12,4,60,1,1,1,0.500816285610199,0.500816285610199,0.49918368458747864,0.500816285610199,12,5,3,zero_shot_paired
173,4,12,5,60,0,1,0,0.5058249235153198,0.5058249235153198,0.4941750764846802,0.5058249235153198,12,5,3,zero_shot_paired
173,5,12,6,60,1,1,1,0.5037243366241455,0.5037243366241455,0.4962756633758545,0.5037243366241455,12,5,3,zero_shot_paired
173,6,12,8,60,0,0,1,0.5001400113105774,0.5001400113105774,0.5001400113105774,0.499860018491745,12,5,3,zero_shot_paired
173,7,12,9,60,0,1,0,0.5019387602806091,0.5019387602806091,0.49806123971939087,0.5019387602806091,12,5,3,zero_shot_paired
173,8,12,10,60,1,1,1,0.502156674861908,0.502156674861908,0.49784329533576965,0.502156674861908,12,5,3,zero_shot_paired
173,9,12,11,60,1,1,1,0.5057505965232849,0.5057505965232849,0.4942493736743927,0.5057505965232849,12,5,3,zero_shot_paired
173,10,12,13,60,1,1,1,0.5049092173576355,0.5049092173576355,0.4950907528400421,0.5049092173576355,12,5,3,zero_shot_paired
173,11,12,14,60,1,1,1,0.5045441389083862,0.5045441389083862,0.49545586109161377,0.5045441389083862,12,5,3,zero_shot_paired
173,12,12,15,60,1,1,1,0.5065279603004456,0.5065279603004456,0.49347198009490967,0.5065279603004456,12,5,3,zero_shot_paired
173,13,12,16,60,0,1,0,0.5051627159118652,0.5051627159118652,0.49483731389045715,0.5051627159118652,12,5,3,zero_shot_paired
173,14,12,17,60,1,1,1,0.5044690370559692,0.5044690370559692,0.49553096294403076,0.5044690370559692,12,5,3,zero_shot_paired
173,0,12,0,60,1,1,1,0.5002234578132629,0.5002234578132629,0.49977657198905945,0.5002234578132629,12,5,3,post_calibration
173,1,12,2,60,1,1,1,0.5017188787460327,0.5017188787460327,0.4982811212539673,0.5017188787460327,12,5,3,post_calibration
173,2,12,3,60,1,1,1,0.5051008462905884,0.5051008462905884,0.4948991537094116,0.5051008462905884,12,5,3,post_calibration
173,3,12,4,60,1,1,1,0.5016944408416748,0.5016944408416748,0.4983055889606476,0.5016944408416748,12,5,3,post_calibration
173,4,12,5,60,0,1,0,0.5063506364822388,0.5063506364822388,0.49364936351776123,0.5063506364822388,12,5,3,post_calibration
173,5,12,6,60,1,1,1,0.5040906071662903,0.5040906071662903,0.49590936303138733,0.5040906071662903,12,5,3,post_calibration
173,6,12,8,60,0,1,0,0.5004065036773682,0.5004065036773682,0.49959349632263184,0.5004065036773682,12,5,3,post_calibration
173,7,12,9,60,0,1,0,0.50328129529953,0.50328129529953,0.49671873450279236,0.50328129529953,12,5,3,post_calibration
173,8,12,10,60,1,1,1,0.5047502517700195,0.5047502517700195,0.49524977803230286,0.5047502517700195,12,5,3,post_calibration
173,9,12,11,60,1,1,1,0.5086586475372314,0.5086586475372314,0.49134132266044617,0.5086586475372314,12,5,3,post_calibration
173,10,12,13,60,1,1,1,0.5070998072624207,0.5070998072624207,0.49290022253990173,0.5070998072624207,12,5,3,post_calibration
173,11,12,14,60,1,1,1,0.5071257948875427,0.5071257948875427,0.49287423491477966,0.5071257948875427,12,5,3,post_calibration
173,12,12,15,60,1,1,1,0.5095549821853638,0.5095549821853638,0.49044501781463623,0.5095549821853638,12,5,3,post_calibration
173,13,12,16,60,0,1,0,0.5076543688774109,0.5076543688774109,0.4923456311225891,0.5076543688774109,12,5,3,post_calibration
173,14,12,17,60,1,1,1,0.5072265863418579,0.5072265863418579,0.4927734136581421,0.5072265863418579,12,5,3,post_calibration
174,0,12,0,60,1,0,0,0.5002209544181824,0.5002209544181824,0.5002209544181824,0.4997791051864624,12,6,3,zero_shot_paired
174,1,12,1,60,1,1,1,0.5004096627235413,0.5004096627235413,0.4995903968811035,0.5004096627235413,12,6,3,zero_shot_paired
174,2,12,3,60,1,1,1,0.5043972134590149,0.5043972134590149,0.4956028163433075,0.5043972134590149,12,6,3,zero_shot_paired
174,3,12,4,60,1,1,1,0.500816285610199,0.500816285610199,0.49918368458747864,0.500816285610199,12,6,3,zero_shot_paired
174,4,12,5,60,0,1,0,0.5058249235153198,0.5058249235153198,0.4941750764846802,0.5058249235153198,12,6,3,zero_shot_paired
174,5,12,6,60,1,1,1,0.5037243366241455,0.5037243366241455,0.4962756633758545,0.5037243366241455,12,6,3,zero_shot_paired
174,6,12,7,60,0,1,0,0.5048362016677856,0.5048362016677856,0.49516379833221436,0.5048362016677856,12,6,3,zero_shot_paired
174,7,12,8,60,0,0,1,0.5001400113105774,0.5001400113105774,0.5001400113105774,0.499860018491745,12,6,3,zero_shot_paired
174,8,12,10,60,1,1,1,0.502156674861908,0.502156674861908,0.49784329533576965,0.502156674861908,12,6,3,zero_shot_paired
174,9,12,12,60,1,1,1,0.5041500926017761,0.5041500926017761,0.4958498775959015,0.5041500926017761,12,6,3,zero_shot_paired
174,10,12,13,60,1,1,1,0.5049092173576355,0.5049092173576355,0.4950907528400421,0.5049092173576355,12,6,3,zero_shot_paired
174,11,12,14,60,1,1,1,0.5045441389083862,0.5045441389083862,0.49545586109161377,0.5045441389083862,12,6,3,zero_shot_paired
174,12,12,15,60,1,1,1,0.5065279603004456,0.5065279603004456,0.49347198009490967,0.5065279603004456,12,6,3,zero_shot_paired
174,13,12,16,60,0,1,0,0.5051627159118652,0.5051627159118652,0.49483731389045715,0.5051627159118652,12,6,3,zero_shot_paired
174,14,12,17,60,1,1,1,0.5044690370559692,0.5044690370559692,0.49553096294403076,0.5044690370559692,12,6,3,zero_shot_paired
174,0,12,0,60,1,0,0,0.500144362449646,0.500144362449646,0.500144362449646,0.4998556673526764,12,6,3,post_calibration
174,1,12,1,60,1,1,1,0.5004967451095581,0.5004967451095581,0.4995031952857971,0.5004967451095581,12,6,3,post_calibration
174,2,12,3,60,1,1,1,0.5046047568321228,0.5046047568321228,0.4953952729701996,0.5046047568321228,12,6,3,post_calibration
174,3,12,4,60,1,1,1,0.5010846257209778,0.5010846257209778,0.4989153742790222,0.5010846257209778,12,6,3,post_calibration
174,4,12,5,60,0,1,0,0.5059276819229126,0.5059276819229126,0.494072288274765,0.5059276819229126,12,6,3,post_calibration
174,5,12,6,60,1,1,1,0.503730058670044,0.503730058670044,0.4962698817253113,0.503730058670044,12,6,3,post_calibration
174,6,12,7,60,0,1,0,0.5048248767852783,0.5048248767852783,0.4951751232147217,0.5048248767852783,12,6,3,post_calibration
174,7,12,8,60,0,0,1,0.5001822710037231,0.5001822710037231,0.5001822710037231,0.49981775879859924,12,6,3,post_calibration
174,8,12,10,60,1,1,1,0.502427339553833,0.502427339553833,0.4975726902484894,0.502427339553833,12,6,3,post_calibration
174,9,12,12,60,1,1,1,0.5041442513465881,0.5041442513465881,0.49585574865341187,0.5041442513465881,12,6,3,post_calibration
174,10,12,13,60,1,1,1,0.5051413774490356,0.5051413774490356,0.49485859274864197,0.5051413774490356,12,6,3,post_calibration
174,11,12,14,60,1,1,1,0.5049442052841187,0.5049442052841187,0.49505579471588135,0.5049442052841187,12,6,3,post_calibration
174,12,12,15,60,1,1,1,0.5063138008117676,0.5063138008117676,0.49368616938591003,0.5063138008117676,12,6,3,post_calibration
174,13,12,16,60,0,1,0,0.505522608757019,0.505522608757019,0.49447742104530334,0.505522608757019,12,6,3,post_calibration
174,14,12,17,60,1,1,1,0.5047569870948792,0.5047569870948792,0.49524301290512085,0.5047569870948792,12,6,3,post_calibration
175,0,12,2,60,1,1,1,0.5012744069099426,0.5012744069099426,0.4987255334854126,0.5012744069099426,12,1,6,zero_shot_paired
175,1,12,3,60,1,1,1,0.5043972134590149,0.5043972134590149,0.4956028163433075,0.5043972134590149,12,1,6,zero_shot_paired
175,2,12,5,60,0,1,0,0.5058249235153198,0.5058249235153198,0.4941750764846802,0.5058249235153198,12,1,6,zero_shot_paired
175,3,12,6,60,1,1,1,0.5037243366241455,0.5037243366241455,0.4962756633758545,0.5037243366241455,12,1,6,zero_shot_paired
175,4,12,9,60,0,1,0,0.5019387602806091,0.5019387602806091,0.49806123971939087,0.5019387602806091,12,1,6,zero_shot_paired
175,5,12,10,60,1,1,1,0.502156674861908,0.502156674861908,0.49784329533576965,0.502156674861908,12,1,6,zero_shot_paired
175,6,12,11,60,1,1,1,0.5057505965232849,0.5057505965232849,0.4942493736743927,0.5057505965232849,12,1,6,zero_shot_paired
175,7,12,12,60,1,1,1,0.5041500926017761,0.5041500926017761,0.4958498775959015,0.5041500926017761,12,1,6,zero_shot_paired
175,8,12,13,60,1,1,1,0.5049092173576355,0.5049092173576355,0.4950907528400421,0.5049092173576355,12,1,6,zero_shot_paired
175,9,12,15,60,1,1,1,0.5065279603004456,0.5065279603004456,0.49347198009490967,0.5065279603004456,12,1,6,zero_shot_paired
175,10,12,16,60,0,1,0,0.5051627159118652,0.5051627159118652,0.49483731389045715,0.5051627159118652,12,1,6,zero_shot_paired
175,11,12,17,60,1,1,1,0.5044690370559692,0.5044690370559692,0.49553096294403076,0.5044690370559692,12,1,6,zero_shot_paired
175,0,12,2,60,1,1,1,0.5012426376342773,0.5012426376342773,0.49875739216804504,0.5012426376342773,12,1,6,post_calibration
175,1,12,3,60,1,1,1,0.505463182926178,0.505463182926178,0.4945368766784668,0.505463182926178,12,1,6,post_calibration
175,2,12,5,60,0,1,0,0.5067198872566223,0.5067198872566223,0.4932801425457001,0.5067198872566223,12,1,6,post_calibration
175,3,12,6,60,1,1,1,0.5039353370666504,0.5039353370666504,0.4960647225379944,0.5039353370666504,12,1,6,post_calibration
175,4,12,9,60,0,1,0,0.5022757649421692,0.5022757649421692,0.4977242350578308,0.5022757649421692,12,1,6,post_calibration
175,5,12,10,60,1,1,1,0.5030550360679626,0.5030550360679626,0.49694496393203735,0.5030550360679626,12,1,6,post_calibration
175,6,12,11,60,1,1,1,0.506659209728241,0.506659209728241,0.49334076046943665,0.506659209728241,12,1,6,post_calibration
175,7,12,12,60,1,1,1,0.5048250555992126,0.5048250555992126,0.49517494440078735,0.5048250555992126,12,1,6,post_calibration
175,8,12,13,60,1,1,1,0.5057430863380432,0.5057430863380432,0.4942568838596344,0.5057430863380432,12,1,6,post_calibration
175,9,12,15,60,1,1,1,0.5073024034500122,0.5073024034500122,0.4926975965499878,0.5073024034500122,12,1,6,post_calibration
175,10,12,16,60,0,1,0,0.5062264800071716,0.5062264800071716,0.493773490190506,0.5062264800071716,12,1,6,post_calibration
175,11,12,17,60,1,1,1,0.5052595734596252,0.5052595734596252,0.49474042654037476,0.5052595734596252,12,1,6,post_calibration
176,0,12,0,60,1,0,0,0.5002209544181824,0.5002209544181824,0.5002209544181824,0.4997791051864624,12,2,6,zero_shot_paired
176,1,12,1,60,1,1,1,0.5004096627235413,0.5004096627235413,0.4995903968811035,0.5004096627235413,12,2,6,zero_shot_paired
176,2,12,2,60,1,1,1,0.5012744069099426,0.5012744069099426,0.4987255334854126,0.5012744069099426,12,2,6,zero_shot_paired
176,3,12,3,60,1,1,1,0.5043972134590149,0.5043972134590149,0.4956028163433075,0.5043972134590149,12,2,6,zero_shot_paired
176,4,12,4,60,1,1,1,0.500816285610199,0.500816285610199,0.49918368458747864,0.500816285610199,12,2,6,zero_shot_paired
176,5,12,5,60,0,1,0,0.5058249235153198,0.5058249235153198,0.4941750764846802,0.5058249235153198,12,2,6,zero_shot_paired
176,6,12,7,60,0,1,0,0.5048362016677856,0.5048362016677856,0.49516379833221436,0.5048362016677856,12,2,6,zero_shot_paired
176,7,12,8,60,0,0,1,0.5001400113105774,0.5001400113105774,0.5001400113105774,0.499860018491745,12,2,6,zero_shot_paired
176,8,12,9,60,0,1,0,0.5019387602806091,0.5019387602806091,0.49806123971939087,0.5019387602806091,12,2,6,zero_shot_paired
176,9,12,11,60,1,1,1,0.5057505965232849,0.5057505965232849,0.4942493736743927,0.5057505965232849,12,2,6,zero_shot_paired
176,10,12,12,60,1,1,1,0.5041500926017761,0.5041500926017761,0.4958498775959015,0.5041500926017761,12,2,6,zero_shot_paired
176,11,12,14,60,1,1,1,0.5045441389083862,0.5045441389083862,0.49545586109161377,0.5045441389083862,12,2,6,zero_shot_paired
176,0,12,0,60,1,1,1,0.5005674958229065,0.5005674958229065,0.4994324743747711,0.5005674958229065,12,2,6,post_calibration
176,1,12,1,60,1,1,1,0.5014525651931763,0.5014525651931763,0.4985474944114685,0.5014525651931763,12,2,6,post_calibration
176,2,12,2,60,1,1,1,0.5026453137397766,0.5026453137397766,0.4973546862602234,0.5026453137397766,12,2,6,post_calibration
176,3,12,3,60,1,1,1,0.5056581497192383,0.5056581497192383,0.4943418502807617,0.5056581497192383,12,2,6,post_calibration
176,4,12,4,60,1,1,1,0.5021553635597229,0.5021553635597229,0.4978446364402771,0.5021553635597229,12,2,6,post_calibration
176,5,12,5,60,0,1,0,0.5063057541847229,0.5063057541847229,0.4936942756175995,0.5063057541847229,12,2,6,post_calibration
176,6,12,7,60,0,1,0,0.5060024261474609,0.5060024261474609,0.49399757385253906,0.5060024261474609,12,2,6,post_calibration
176,7,12,8,60,0,1,0,0.5009831190109253,0.5009831190109253,0.4990168809890747,0.5009831190109253,12,2,6,post_calibration
176,8,12,9,60,0,1,0,0.5047121644020081,0.5047121644020081,0.49528783559799194,0.5047121644020081,12,2,6,post_calibration
176,9,12,11,60,1,1,1,0.5101993083953857,0.5101993083953857,0.48980066180229187,0.5101993083953857,12,2,6,post_calibration
176,10,12,12,60,1,1,1,0.5083228349685669,0.5083228349685669,0.49167710542678833,0.5083228349685669,12,2,6,post_calibration
176,11,12,14,60,1,1,1,0.5088394284248352,0.5088394284248352,0.4911606013774872,0.5088394284248352,12,2,6,post_calibration
177,0,12,0,60,1,0,0,0.5002209544181824,0.5002209544181824,0.5002209544181824,0.4997791051864624,12,3,6,zero_shot_paired
177,1,12,1,60,1,1,1,0.5004096627235413,0.5004096627235413,0.4995903968811035,0.5004096627235413,12,3,6,zero_shot_paired
177,2,12,4,60,1,1,1,0.500816285610199,0.500816285610199,0.49918368458747864,0.500816285610199,12,3,6,zero_shot_paired
177,3,12,6,60,1,1,1,0.5037243366241455,0.5037243366241455,0.4962756633758545,0.5037243366241455,12,3,6,zero_shot_paired
177,4,12,7,60,0,1,0,0.5048362016677856,0.5048362016677856,0.49516379833221436,0.5048362016677856,12,3,6,zero_shot_paired
177,5,12,8,60,0,0,1,0.5001400113105774,0.5001400113105774,0.5001400113105774,0.499860018491745,12,3,6,zero_shot_paired
177,6,12,10,60,1,1,1,0.502156674861908,0.502156674861908,0.49784329533576965,0.502156674861908,12,3,6,zero_shot_paired
177,7,12,13,60,1,1,1,0.5049092173576355,0.5049092173576355,0.4950907528400421,0.5049092173576355,12,3,6,zero_shot_paired
177,8,12,14,60,1,1,1,0.5045441389083862,0.5045441389083862,0.49545586109161377,0.5045441389083862,12,3,6,zero_shot_paired
177,9,12,15,60,1,1,1,0.5065279603004456,0.5065279603004456,0.49347198009490967,0.5065279603004456,12,3,6,zero_shot_paired
177,10,12,16,60,0,1,0,0.5051627159118652,0.5051627159118652,0.49483731389045715,0.5051627159118652,12,3,6,zero_shot_paired
177,11,12,17,60,1,1,1,0.5044690370559692,0.5044690370559692,0.49553096294403076,0.5044690370559692,12,3,6,zero_shot_paired
177,0,12,0,60,1,0,0,0.5003927946090698,0.5003927946090698,0.5003927946090698,0.49960723519325256,12,3,6,post_calibration
177,1,12,1,60,1,1,1,0.5011751055717468,0.5011751055717468,0.4988248646259308,0.5011751055717468,12,3,6,post_calibration
177,2,12,4,60,1,1,1,0.5015100836753845,0.5015100836753845,0.4984899163246155,0.5015100836753845,12,3,6,post_calibration
177,3,12,6,60,1,1,1,0.5040544867515564,0.5040544867515564,0.4959454834461212,0.5040544867515564,12,3,6,post_calibration
177,4,12,7,60,0,1,0,0.5054908990859985,0.5054908990859985,0.49450916051864624,0.5054908990859985,12,3,6,post_calibration
177,5,12,8,60,0,1,0,0.5002079606056213,0.5002079606056213,0.49979203939437866,0.5002079606056213,12,3,6,post_calibration
177,6,12,10,60,1,1,1,0.5029152035713196,0.5029152035713196,0.4970848262310028,0.5029152035713196,12,3,6,post_calibration
177,7,12,13,60,1,1,1,0.5057289600372314,0.5057289600372314,0.49427103996276855,0.5057289600372314,12,3,6,post_calibration
177,8,12,14,60,1,1,1,0.5054048895835876,0.5054048895835876,0.49459514021873474,0.5054048895835876,12,3,6,post_calibration
177,9,12,15,60,1,1,1,0.5079724788665771,0.5079724788665771,0.49202752113342285,0.5079724788665771,12,3,6,post_calibration
177,10,12,16,60,0,1,0,0.5060631632804871,0.5060631632804871,0.4939368665218353,0.5060631632804871,12,3,6,post_calibration
177,11,12,17,60,1,1,1,0.5055099725723267,0.5055099725723267,0.4944900572299957,0.5055099725723267,12,3,6,post_calibration
178,0,12,0,60,1,0,0,0.5002210140228271,0.5002210140228271,0.5002210140228271,0.49977898597717285,12,1,9,zero_shot_paired
178,1,12,1,60,1,1,1,0.5004096031188965,0.5004096031188965,0.4995904564857483,0.5004096031188965,12,1,9,zero_shot_paired
178,2,12,7,60,0,1,0,0.5048362612724304,0.5048362612724304,0.4951637387275696,0.5048362612724304,12,1,9,zero_shot_paired
178,3,12,11,60,1,1,1,0.5057507157325745,0.5057507157325745,0.49424928426742554,0.5057507157325745,12,1,9,zero_shot_paired
178,4,12,13,60,1,1,1,0.5049091577529907,0.5049091577529907,0.4950908124446869,0.5049091577529907,12,1,9,zero_shot_paired
178,5,12,14,60,1,1,1,0.5045441389083862,0.5045441389083862,0.49545592069625854,0.5045441389083862,12,1,9,zero_shot_paired
178,6,12,15,60,1,1,1,0.5065280795097351,0.5065280795097351,0.49347198009490967,0.5065280795097351,12,1,9,zero_shot_paired
178,7,12,16,60,0,1,0,0.5051627159118652,0.5051627159118652,0.49483731389045715,0.5051627159118652,12,1,9,zero_shot_paired
178,8,12,17,60,1,1,1,0.5044690370559692,0.5044690370559692,0.49553096294403076,0.5044690370559692,12,1,9,zero_shot_paired
178,0,12,0,60,1,1,1,0.5001487731933594,0.5001487731933594,0.4998512268066406,0.5001487731933594,12,1,9,post_calibration
178,1,12,1,60,1,1,1,0.5011560320854187,0.5011560320854187,0.4988439977169037,0.5011560320854187,12,1,9,post_calibration
178,2,12,7,60,0,1,0,0.5055856704711914,0.5055856704711914,0.4944142997264862,0.5055856704711914,12,1,9,post_calibration
178,3,12,11,60,1,1,1,0.5078935623168945,0.5078935623168945,0.49210646748542786,0.5078935623168945,12,1,9,post_calibration
178,4,12,13,60,1,1,1,0.5061177611351013,0.5061177611351013,0.49388226866722107,0.5061177611351013,12,1,9,post_calibration
178,5,12,14,60,1,1,1,0.5062638521194458,0.5062638521194458,0.4937361776828766,0.5062638521194458,12,1,9,post_calibration
178,6,12,15,60,1,1,1,0.5087103843688965,0.5087103843688965,0.4912896454334259,0.5087103843688965,12,1,9,post_calibration
178,7,12,16,60,0,1,0,0.5072410702705383,0.5072410702705383,0.49275895953178406,0.5072410702705383,12,1,9,post_calibration
178,8,12,17,60,1,1,1,0.50658118724823,0.50658118724823,0.49341875314712524,0.50658118724823,12,1,9,post_calibration
179,0,12,2,60,1,1,1,0.5012744665145874,0.5012744665145874,0.4987255334854126,0.5012744665145874,12,2,9,zero_shot_paired
179,1,12,3,60,1,1,1,0.5043971538543701,0.5043971538543701,0.4956028163433075,0.5043971538543701,12,2,9,zero_shot_paired
179,2,12,4,60,1,1,1,0.500816285610199,0.500816285610199,0.49918368458747864,0.500816285610199,12,2,9,zero_shot_paired
179,3,12,5,60,0,1,0,0.505824863910675,0.505824863910675,0.49417510628700256,0.505824863910675,12,2,9,zero_shot_paired
179,4,12,6,60,1,1,1,0.5037242770195007,0.5037242770195007,0.4962756931781769,0.5037242770195007,12,2,9,zero_shot_paired
179,5,12,8,60,0,0,1,0.5001400113105774,0.5001400113105774,0.5001400113105774,0.4998599886894226,12,2,9,zero_shot_paired
179,6,12,9,60,0,1,0,0.5019387602806091,0.5019387602806091,0.49806123971939087,0.5019387602806091,12,2,9,zero_shot_paired
179,7,12,10,60,1,1,1,0.502156674861908,0.502156674861908,0.49784326553344727,0.502156674861908,12,2,9,zero_shot_paired
179,8,12,12,60,1,1,1,0.5041500926017761,0.5041500926017761,0.49584993720054626,0.5041500926017761,12,2,9,zero_shot_paired
179,0,12,2,60,1,1,1,0.5025590658187866,0.5025590658187866,0.4974409341812134,0.5025590658187866,12,2,9,post_calibration
179,1,12,3,60,1,1,1,0.5060058832168579,0.5060058832168579,0.4939940869808197,0.5060058832168579,12,2,9,post_calibration
179,2,12,4,60,1,1,1,0.5023109912872314,0.5023109912872314,0.4976889491081238,0.5023109912872314,12,2,9,post_calibration
179,3,12,5,60,0,1,0,0.5067210793495178,0.5067210793495178,0.4932789206504822,0.5067210793495178,12,2,9,post_calibration
179,4,12,6,60,1,1,1,0.5044005513191223,0.5044005513191223,0.4955994784832001,0.5044005513191223,12,2,9,post_calibration
179,5,12,8,60,0,1,0,0.5005619525909424,0.5005619525909424,0.4994380474090576,0.5005619525909424,12,2,9,post_calibration
179,6,12,9,60,0,1,0,0.5026949644088745,0.5026949644088745,0.4973050355911255,0.5026949644088745,12,2,9,post_calibration
179,7,12,10,60,1,1,1,0.5049158334732056,0.5049158334732056,0.49508413672447205,0.5049158334732056,12,2,9,post_calibration
179,8,12,12,60,1,1,1,0.5070918202400208,0.5070918202400208,0.49290820956230164,0.5070918202400208,12,2,9,post_calibration
180,0,12,1,60,1,1,1,0.500413715839386,0.500413715839386,0.4995863139629364,0.500413715839386,12,1,12,zero_shot_paired
180,1,12,4,60,1,1,1,0.5008164644241333,0.5008164644241333,0.4991835355758667,0.5008164644241333,12,1,12,zero_shot_paired
180,2,12,5,60,0,1,0,0.5058254599571228,0.5058254599571228,0.494174599647522,0.5058254599571228,12,1,12,zero_shot_paired
180,3,12,7,60,0,1,0,0.5048354864120483,0.5048354864120483,0.4951644837856293,0.5048354864120483,12,1,12,zero_shot_paired
180,4,12,12,60,1,1,1,0.5041503310203552,0.5041503310203552,0.4958496689796448,0.5041503310203552,12,1,12,zero_shot_paired
180,5,12,17,60,1,1,1,0.5044685006141663,0.5044685006141663,0.49553149938583374,0.5044685006141663,12,1,12,zero_shot_paired
180,0,12,1,60,1,1,1,0.5015583038330078,0.5015583038330078,0.4984416961669922,0.5015583038330078,12,1,12,post_calibration
180,1,12,4,60,1,1,1,0.5022591948509216,0.5022591948509216,0.497740775346756,0.5022591948509216,12,1,12,post_calibration
180,2,12,5,60,0,1,0,0.5071229338645935,0.5071229338645935,0.4928770661354065,0.5071229338645935,12,1,12,post_calibration
180,3,12,7,60,0,1,0,0.5064722895622253,0.5064722895622253,0.49352777004241943,0.5064722895622253,12,1,12,post_calibration
180,4,12,12,60,1,1,1,0.5090137720108032,0.5090137720108032,0.4909861981868744,0.5090137720108032,12,1,12,post_calibration
180,5,12,17,60,1,1,1,0.5090851187705994,0.5090851187705994,0.49091485142707825,0.5090851187705994,12,1,12,post_calibration
181,0,12,0,60,1,0,0,0.5002205967903137,0.5002205967903137,0.5002205967903137,0.4997794032096863,12,2,12,zero_shot_paired
181,1,12,2,60,1,1,1,0.5012704133987427,0.5012704133987427,0.4987295866012573,0.5012704133987427,12,2,12,zero_shot_paired
181,2,12,5,60,0,1,0,0.5058254599571228,0.5058254599571228,0.494174599647522,0.5058254599571228,12,2,12,zero_shot_paired
181,3,12,9,60,0,1,0,0.5019348859786987,0.5019348859786987,0.49806511402130127,0.5019348859786987,12,2,12,zero_shot_paired
181,4,12,12,60,1,1,1,0.5041503310203552,0.5041503310203552,0.4958496689796448,0.5041503310203552,12,2,12,zero_shot_paired
181,5,12,17,60,1,1,1,0.5044685006141663,0.5044685006141663,0.49553149938583374,0.5044685006141663,12,2,12,zero_shot_paired
181,0,12,0,60,1,1,1,0.5011970400810242,0.5011970400810242,0.49880295991897583,0.5011970400810242,12,2,12,post_calibration
181,1,12,2,60,1,1,1,0.5019993185997009,0.5019993185997009,0.4980006814002991,0.5019993185997009,12,2,12,post_calibration
181,2,12,5,60,0,1,0,0.5065256953239441,0.5065256953239441,0.4934743046760559,0.5065256953239441,12,2,12,post_calibration
181,3,12,9,60,0,1,0,0.5040640234947205,0.5040640234947205,0.49593597650527954,0.5040640234947205,12,2,12,post_calibration
181,4,12,12,60,1,1,1,0.508102536201477,0.508102536201477,0.49189743399620056,0.508102536201477,12,2,12,post_calibration
181,5,12,17,60,1,1,1,0.5080950856208801,0.5080950856208801,0.4919048845767975,0.5080950856208801,12,2,12,post_calibration
182,0,12,9,60,0,1,0,0.5019348859786987,0.5019348859786987,0.49806511402130127,0.5019348859786987,12,3,12,zero_shot_paired
182,1,12,12,60,1,1,1,0.5041503310203552,0.5041503310203552,0.4958496689796448,0.5041503310203552,12,3,12,zero_shot_paired
182,2,12,13,60,1,1,1,0.5049062967300415,0.5049062967300415,0.4950936734676361,0.5049062967300415,12,3,12,zero_shot_paired
182,3,12,14,60,1,1,1,0.5045455098152161,0.5045455098152161,0.49545446038246155,0.5045455098152161,12,3,12,zero_shot_paired
182,4,12,15,60,1,1,1,0.5065258741378784,0.5065258741378784,0.49347418546676636,0.5065258741378784,12,3,12,zero_shot_paired
182,5,12,16,60,0,1,0,0.5051631927490234,0.5051631927490234,0.4948367476463318,0.5051631927490234,12,3,12,zero_shot_paired
182,0,12,9,60,0,1,0,0.5049160718917847,0.5049160718917847,0.4950839579105377,0.5049160718917847,12,3,12,post_calibration
182,1,12,12,60,1,1,1,0.5087500214576721,0.5087500214576721,0.4912499487400055,0.5087500214576721,12,3,12,post_calibration
182,2,12,13,60,1,1,1,0.5085434913635254,0.5085434913635254,0.491456538438797,0.5085434913635254,12,3,12,post_calibration
182,3,12,14,60,1,1,1,0.5085911154747009,0.5085911154747009,0.4914088845252991,0.5085911154747009,12,3,12,post_calibration
182,4,12,15,60,1,1,1,0.5106840133666992,0.5106840133666992,0.48931601643562317,0.5106840133666992,12,3,12,post_calibration
182,5,12,16,60,0,1,0,0.5092211365699768,0.5092211365699768,0.4907788336277008,0.5092211365699768,12,3,12,post_calibration
14,0,13,0,60,1,0,0,0.5004990696907043,0.5004990696907043,0.5004990696907043,0.49950090050697327,13,,,zero_shot_all_trials
14,1,13,1,60,1,1,1,0.5014088749885559,0.5014088749885559,0.4985910654067993,0.5014088749885559,13,,,zero_shot_all_trials
14,2,13,2,60,1,0,0,0.5051366686820984,0.5051366686820984,0.5051366686820984,0.49486327171325684,13,,,zero_shot_all_trials
14,3,13,3,60,0,1,0,0.5010061860084534,0.5010061860084534,0.49899378418922424,0.5010061860084534,13,,,zero_shot_all_trials
14,4,13,4,60,1,0,0,0.5006812214851379,0.5006812214851379,0.5006812214851379,0.49931877851486206,13,,,zero_shot_all_trials
14,5,13,5,60,1,0,0,0.5017113089561462,0.5017113089561462,0.5017113089561462,0.49828866124153137,13,,,zero_shot_all_trials
14,6,13,6,60,1,1,1,0.5008749961853027,0.5008749961853027,0.49912500381469727,0.5008749961853027,13,,,zero_shot_all_trials
14,7,13,7,60,0,1,0,0.504906415939331,0.504906415939331,0.49509355425834656,0.504906415939331,13,,,zero_shot_all_trials
14,8,13,8,60,0,0,1,0.5020251274108887,0.5020251274108887,0.5020251274108887,0.49797484278678894,13,,,zero_shot_all_trials
14,9,13,9,60,1,0,0,0.5021209120750427,0.5021209120750427,0.5021209120750427,0.4978790879249573,13,,,zero_shot_all_trials
14,10,13,10,60,1,0,0,0.5036311745643616,0.5036311745643616,0.5036311745643616,0.4963688552379608,13,,,zero_shot_all_trials
14,11,13,11,60,1,0,0,0.5016833543777466,0.5016833543777466,0.5016833543777466,0.4983166754245758,13,,,zero_shot_all_trials
14,12,13,12,60,1,0,0,0.5015566945075989,0.5015566945075989,0.5015566945075989,0.4984433352947235,13,,,zero_shot_all_trials
14,13,13,13,60,0,0,1,0.502750813961029,0.502750813961029,0.502750813961029,0.4972492456436157,13,,,zero_shot_all_trials
14,14,13,14,60,1,0,0,0.5067223310470581,0.5067223310470581,0.5067223310470581,0.4932776391506195,13,,,zero_shot_all_trials
14,15,13,15,60,1,0,0,0.5072672367095947,0.5072672367095947,0.5072672367095947,0.4927327632904053,13,,,zero_shot_all_trials
14,16,13,16,60,0,0,1,0.5073035955429077,0.5073035955429077,0.5073035955429077,0.4926964044570923,13,,,zero_shot_all_trials
14,17,13,17,60,1,0,0,0.5048819184303284,0.5048819184303284,0.5048819184303284,0.49511805176734924,13,,,zero_shot_all_trials
183,0,13,0,60,1,0,0,0.5004989504814148,0.5004989504814148,0.5004989504814148,0.4995010197162628,13,1,3,zero_shot_paired
183,1,13,1,60,1,1,1,0.5014088153839111,0.5014088153839111,0.4985911250114441,0.5014088153839111,13,1,3,zero_shot_paired
183,2,13,2,60,1,0,0,0.5051367282867432,0.5051367282867432,0.5051367282867432,0.49486327171325684,13,1,3,zero_shot_paired
183,3,13,4,60,1,0,0,0.5006814002990723,0.5006814002990723,0.5006814002990723,0.49931859970092773,13,1,3,zero_shot_paired
183,4,13,5,60,1,0,0,0.5017113089561462,0.5017113089561462,0.5017113089561462,0.49828866124153137,13,1,3,zero_shot_paired
183,5,13,7,60,0,1,0,0.504906415939331,0.504906415939331,0.49509358406066895,0.504906415939331,13,1,3,zero_shot_paired
183,6,13,8,60,0,0,1,0.5020251274108887,0.5020251274108887,0.5020251274108887,0.49797484278678894,13,1,3,zero_shot_paired
183,7,13,9,60,1,0,0,0.502120852470398,0.502120852470398,0.502120852470398,0.49787914752960205,13,1,3,zero_shot_paired
183,8,13,11,60,1,0,0,0.5016834735870361,0.5016834735870361,0.5016834735870361,0.4983164966106415,13,1,3,zero_shot_paired
183,9,13,12,60,1,0,0,0.5015566349029541,0.5015566349029541,0.5015566349029541,0.4984433650970459,13,1,3,zero_shot_paired
183,10,13,13,60,0,0,1,0.502750813961029,0.502750813961029,0.502750813961029,0.49724921584129333,13,1,3,zero_shot_paired
183,11,13,14,60,1,0,0,0.5067223310470581,0.5067223310470581,0.5067223310470581,0.4932776987552643,13,1,3,zero_shot_paired
183,12,13,15,60,1,0,0,0.5072672367095947,0.5072672367095947,0.5072672367095947,0.49273282289505005,13,1,3,zero_shot_paired
183,13,13,16,60,0,0,1,0.5073036551475525,0.5073036551475525,0.5073036551475525,0.4926963448524475,13,1,3,zero_shot_paired
183,14,13,17,60,1,0,0,0.5048820376396179,0.5048820376396179,0.5048820376396179,0.4951179623603821,13,1,3,zero_shot_paired
183,0,13,0,60,1,0,0,0.5010271072387695,0.5010271072387695,0.5010271072387695,0.49897289276123047,13,1,3,post_calibration
183,1,13,1,60,1,1,1,0.5021194219589233,0.5021194219589233,0.4978805482387543,0.5021194219589233,13,1,3,post_calibration
183,2,13,2,60,1,0,0,0.5033575892448425,0.5033575892448425,0.5033575892448425,0.49664241075515747,13,1,3,post_calibration
183,3,13,4,60,1,0,0,0.5005888342857361,0.5005888342857361,0.5005888342857361,0.4994111657142639,13,1,3,post_calibration
183,4,13,5,60,1,0,0,0.5003379583358765,0.5003379583358765,0.5003379583358765,0.49966201186180115,13,1,3,post_calibration
183,5,13,7,60,0,1,0,0.5048832297325134,0.5048832297325134,0.4951167404651642,0.5048832297325134,13,1,3,post_calibration
183,6,13,8,60,0,0,1,0.5019692778587341,0.5019692778587341,0.5019692778587341,0.49803072214126587,13,1,3,post_calibration
183,7,13,9,60,1,0,0,0.5017946362495422,0.5017946362495422,0.5017946362495422,0.49820536375045776,13,1,3,post_calibration
183,8,13,11,60,1,0,0,0.5012093782424927,0.5012093782424927,0.5012093782424927,0.49879059195518494,13,1,3,post_calibration
183,9,13,12,60,1,0,0,0.5018734931945801,0.5018734931945801,0.5018734931945801,0.4981265068054199,13,1,3,post_calibration
183,10,13,13,60,0,0,1,0.5024928450584412,0.5024928450584412,0.5024928450584412,0.49750709533691406,13,1,3,post_calibration
183,11,13,14,60,1,0,0,0.5068230628967285,0.5068230628967285,0.5068230628967285,0.4931769371032715,13,1,3,post_calibration
183,12,13,15,60,1,0,0,0.5058102011680603,0.5058102011680603,0.5058102011680603,0.4941897988319397,13,1,3,post_calibration
183,13,13,16,60,0,0,1,0.5070787072181702,0.5070787072181702,0.5070787072181702,0.49292129278182983,13,1,3,post_calibration
183,14,13,17,60,1,0,0,0.5054953098297119,0.5054953098297119,0.5054953098297119,0.4945046901702881,13,1,3,post_calibration
184,0,13,0,60,1,0,0,0.5004989504814148,0.5004989504814148,0.5004989504814148,0.4995010197162628,13,2,3,zero_shot_paired
184,1,13,1,60,1,1,1,0.5014088153839111,0.5014088153839111,0.4985911250114441,0.5014088153839111,13,2,3,zero_shot_paired
184,2,13,3,60,0,1,0,0.5010061860084534,0.5010061860084534,0.49899378418922424,0.5010061860084534,13,2,3,zero_shot_paired
184,3,13,5,60,1,0,0,0.5017113089561462,0.5017113089561462,0.5017113089561462,0.49828866124153137,13,2,3,zero_shot_paired
184,4,13,6,60,1,1,1,0.500874936580658,0.500874936580658,0.49912506341934204,0.500874936580658,13,2,3,zero_shot_paired
184,5,13,7,60,0,1,0,0.504906415939331,0.504906415939331,0.49509358406066895,0.504906415939331,13,2,3,zero_shot_paired
184,6,13,8,60,0,0,1,0.5020251274108887,0.5020251274108887,0.5020251274108887,0.49797484278678894,13,2,3,zero_shot_paired
184,7,13,9,60,1,0,0,0.502120852470398,0.502120852470398,0.502120852470398,0.49787914752960205,13,2,3,zero_shot_paired
184,8,13,10,60,1,0,0,0.5036312341690063,0.5036312341690063,0.5036312341690063,0.49636876583099365,13,2,3,zero_shot_paired
184,9,13,12,60,1,0,0,0.5015566349029541,0.5015566349029541,0.5015566349029541,0.4984433650970459,13,2,3,zero_shot_paired
184,10,13,13,60,0,0,1,0.502750813961029,0.502750813961029,0.502750813961029,0.49724921584129333,13,2,3,zero_shot_paired
184,11,13,14,60,1,0,0,0.5067223310470581,0.5067223310470581,0.5067223310470581,0.4932776987552643,13,2,3,zero_shot_paired
184,12,13,15,60,1,0,0,0.5072672367095947,0.5072672367095947,0.5072672367095947,0.49273282289505005,13,2,3,zero_shot_paired
184,13,13,16,60,0,0,1,0.5073036551475525,0.5073036551475525,0.5073036551475525,0.4926963448524475,13,2,3,zero_shot_paired
184,14,13,17,60,1,0,0,0.5048820376396179,0.5048820376396179,0.5048820376396179,0.4951179623603821,13,2,3,zero_shot_paired
184,0,13,0,60,1,1,1,0.5002267956733704,0.5002267956733704,0.4997732639312744,0.5002267956733704,13,2,3,post_calibration
184,1,13,1,60,1,1,1,0.5016950964927673,0.5016950964927673,0.49830493330955505,0.5016950964927673,13,2,3,post_calibration
184,2,13,3,60,0,1,0,0.5009089708328247,0.5009089708328247,0.4990910291671753,0.5009089708328247,13,2,3,post_calibration
184,3,13,5,60,1,0,0,0.5008465647697449,0.5008465647697449,0.5008465647697449,0.4991534352302551,13,2,3,post_calibration
184,4,13,6,60,1,1,1,0.5013868808746338,0.5013868808746338,0.4986131191253662,0.5013868808746338,13,2,3,post_calibration
184,5,13,7,60,0,1,0,0.5047346949577332,0.5047346949577332,0.49526533484458923,0.5047346949577332,13,2,3,post_calibration
184,6,13,8,60,0,0,1,0.5013349056243896,0.5013349056243896,0.5013349056243896,0.49866509437561035,13,2,3,post_calibration
184,7,13,9,60,1,0,0,0.5017257928848267,0.5017257928848267,0.5017257928848267,0.49827420711517334,13,2,3,post_calibration
184,8,13,10,60,1,0,0,0.5026919841766357,0.5026919841766357,0.5026919841766357,0.49730801582336426,13,2,3,post_calibration
184,9,13,12,60,1,0,0,0.5009437203407288,0.5009437203407288,0.5009437203407288,0.49905627965927124,13,2,3,post_calibration
184,10,13,13,60,0,0,1,0.5026109218597412,0.5026109218597412,0.5026109218597412,0.4973891079425812,13,2,3,post_calibration
184,11,13,14,60,1,0,0,0.5059359669685364,0.5059359669685364,0.5059359669685364,0.4940640330314636,13,2,3,post_calibration
184,12,13,15,60,1,0,0,0.5065255165100098,0.5065255165100098,0.5065255165100098,0.49347445368766785,13,2,3,post_calibration
184,13,13,16,60,0,0,1,0.5066684484481812,0.5066684484481812,0.5066684484481812,0.49333155155181885,13,2,3,post_calibration
184,14,13,17,60,1,0,0,0.5048234462738037,0.5048234462738037,0.5048234462738037,0.4951765835285187,13,2,3,post_calibration
185,0,13,0,60,1,0,0,0.5004989504814148,0.5004989504814148,0.5004989504814148,0.4995010197162628,13,3,3,zero_shot_paired
185,1,13,1,60,1,1,1,0.5014088153839111,0.5014088153839111,0.4985911250114441,0.5014088153839111,13,3,3,zero_shot_paired
185,2,13,2,60,1,0,0,0.5051367282867432,0.5051367282867432,0.5051367282867432,0.49486327171325684,13,3,3,zero_shot_paired
185,3,13,3,60,0,1,0,0.5010061860084534,0.5010061860084534,0.49899378418922424,0.5010061860084534,13,3,3,zero_shot_paired
185,4,13,4,60,1,0,0,0.5006814002990723,0.5006814002990723,0.5006814002990723,0.49931859970092773,13,3,3,zero_shot_paired
185,5,13,5,60,1,0,0,0.5017113089561462,0.5017113089561462,0.5017113089561462,0.49828866124153137,13,3,3,zero_shot_paired
185,6,13,6,60,1,1,1,0.500874936580658,0.500874936580658,0.49912506341934204,0.500874936580658,13,3,3,zero_shot_paired
185,7,13,7,60,0,1,0,0.504906415939331,0.504906415939331,0.49509358406066895,0.504906415939331,13,3,3,zero_shot_paired
185,8,13,8,60,0,0,1,0.5020251274108887,0.5020251274108887,0.5020251274108887,0.49797484278678894,13,3,3,zero_shot_paired
185,9,13,9,60,1,0,0,0.502120852470398,0.502120852470398,0.502120852470398,0.49787914752960205,13,3,3,zero_shot_paired
185,10,13,10,60,1,0,0,0.5036312341690063,0.5036312341690063,0.5036312341690063,0.49636876583099365,13,3,3,zero_shot_paired
185,11,13,11,60,1,0,0,0.5016834735870361,0.5016834735870361,0.5016834735870361,0.4983164966106415,13,3,3,zero_shot_paired
185,12,13,12,60,1,0,0,0.5015566349029541,0.5015566349029541,0.5015566349029541,0.4984433650970459,13,3,3,zero_shot_paired
185,13,13,13,60,0,0,1,0.502750813961029,0.502750813961029,0.502750813961029,0.49724921584129333,13,3,3,zero_shot_paired
185,14,13,15,60,1,0,0,0.5072672367095947,0.5072672367095947,0.5072672367095947,0.49273282289505005,13,3,3,zero_shot_paired
185,0,13,0,60,1,0,0,0.5005925893783569,0.5005925893783569,0.5005925893783569,0.4994073808193207,13,3,3,post_calibration
185,1,13,1,60,1,1,1,0.5015826225280762,0.5015826225280762,0.49841737747192383,0.5015826225280762,13,3,3,post_calibration
185,2,13,2,60,1,0,0,0.5053499937057495,0.5053499937057495,0.5053499937057495,0.4946500360965729,13,3,3,post_calibration
185,3,13,3,60,0,1,0,0.5014339685440063,0.5014339685440063,0.49856606125831604,0.5014339685440063,13,3,3,post_calibration
185,4,13,4,60,1,0,0,0.5003746151924133,0.5003746151924133,0.5003746151924133,0.49962544441223145,13,3,3,post_calibration
185,5,13,5,60,1,0,0,0.5017950534820557,0.5017950534820557,0.5017950534820557,0.4982049763202667,13,3,3,post_calibration
185,6,13,6,60,1,1,1,0.5015587210655212,0.5015587210655212,0.49844127893447876,0.5015587210655212,13,3,3,post_calibration
185,7,13,7,60,0,1,0,0.5050509572029114,0.5050509572029114,0.4949490427970886,0.5050509572029114,13,3,3,post_calibration
185,8,13,8,60,0,0,1,0.501444399356842,0.501444399356842,0.501444399356842,0.49855557084083557,13,3,3,post_calibration
185,9,13,9,60,1,0,0,0.5017282962799072,0.5017282962799072,0.5017282962799072,0.4982717037200928,13,3,3,post_calibration
185,10,13,10,60,1,0,0,0.5037581324577332,0.5037581324577332,0.5037581324577332,0.49624180793762207,13,3,3,post_calibration
185,11,13,11,60,1,0,0,0.5020233392715454,0.5020233392715454,0.5020233392715454,0.4979766607284546,13,3,3,post_calibration
185,12,13,12,60,1,0,0,0.5012887120246887,0.5012887120246887,0.5012887120246887,0.4987112879753113,13,3,3,post_calibration
185,13,13,13,60,0,0,1,0.5021131634712219,0.5021131634712219,0.5021131634712219,0.4978868067264557,13,3,3,post_calibration
185,14,13,15,60,1,0,0,0.5066494941711426,0.5066494941711426,0.5066494941711426,0.49335047602653503,13,3,3,post_calibration
186,0,13,0,60,1,0,0,0.5004989504814148,0.5004989504814148,0.5004989504814148,0.4995010197162628,13,4,3,zero_shot_paired
186,1,13,2,60,1,0,0,0.5051367282867432,0.5051367282867432,0.5051367282867432,0.49486327171325684,13,4,3,zero_shot_paired
186,2,13,3,60,0,1,0,0.5010061860084534,0.5010061860084534,0.49899378418922424,0.5010061860084534,13,4,3,zero_shot_paired
186,3,13,4,60,1,0,0,0.5006814002990723,0.5006814002990723,0.5006814002990723,0.49931859970092773,13,4,3,zero_shot_paired
186,4,13,5,60,1,0,0,0.5017113089561462,0.5017113089561462,0.5017113089561462,0.49828866124153137,13,4,3,zero_shot_paired
186,5,13,6,60,1,1,1,0.500874936580658,0.500874936580658,0.49912506341934204,0.500874936580658,13,4,3,zero_shot_paired
186,6,13,8,60,0,0,1,0.5020251274108887,0.5020251274108887,0.5020251274108887,0.49797484278678894,13,4,3,zero_shot_paired
186,7,13,9,60,1,0,0,0.502120852470398,0.502120852470398,0.502120852470398,0.49787914752960205,13,4,3,zero_shot_paired
186,8,13,10,60,1,0,0,0.5036312341690063,0.5036312341690063,0.5036312341690063,0.49636876583099365,13,4,3,zero_shot_paired
186,9,13,11,60,1,0,0,0.5016834735870361,0.5016834735870361,0.5016834735870361,0.4983164966106415,13,4,3,zero_shot_paired
186,10,13,12,60,1,0,0,0.5015566349029541,0.5015566349029541,0.5015566349029541,0.4984433650970459,13,4,3,zero_shot_paired
186,11,13,13,60,0,0,1,0.502750813961029,0.502750813961029,0.502750813961029,0.49724921584129333,13,4,3,zero_shot_paired
186,12,13,14,60,1,0,0,0.5067223310470581,0.5067223310470581,0.5067223310470581,0.4932776987552643,13,4,3,zero_shot_paired
186,13,13,16,60,0,0,1,0.5073036551475525,0.5073036551475525,0.5073036551475525,0.4926963448524475,13,4,3,zero_shot_paired
186,14,13,17,60,1,0,0,0.5048820376396179,0.5048820376396179,0.5048820376396179,0.4951179623603821,13,4,3,zero_shot_paired
186,0,13,0,60,1,0,0,0.5005248785018921,0.5005248785018921,0.5005248785018921,0.4994751214981079,13,4,3,post_calibration
186,1,13,2,60,1,0,0,0.5039790868759155,0.5039790868759155,0.5039790868759155,0.49602094292640686,13,4,3,post_calibration
186,2,13,3,60,0,1,0,0.5006349682807922,0.5006349682807922,0.49936503171920776,0.5006349682807922,13,4,3,post_calibration
186,3,13,4,60,1,0,0,0.5001513361930847,0.5001513361930847,0.5001513361930847,0.4998486340045929,13,4,3,post_calibration
186,4,13,5,60,1,0,0,0.5005359053611755,0.5005359053611755,0.5005359053611755,0.49946409463882446,13,4,3,post_calibration
186,5,13,6,60,1,1,1,0.5018662810325623,0.5018662810325623,0.49813371896743774,0.5018662810325623,13,4,3,post_calibration
186,6,13,8,60,0,0,1,0.5014876127243042,0.5014876127243042,0.5014876127243042,0.4985123872756958,13,4,3,post_calibration
186,7,13,9,60,1,0,0,0.5020290017127991,0.5020290017127991,0.5020290017127991,0.4979710280895233,13,4,3,post_calibration
186,8,13,10,60,1,0,0,0.5022833347320557,0.5022833347320557,0.5022833347320557,0.4977166950702667,13,4,3,post_calibration
186,9,13,11,60,1,0,0,0.500798225402832,0.500798225402832,0.500798225402832,0.4992017149925232,13,4,3,post_calibration
186,10,13,12,60,1,0,0,0.500950038433075,0.500950038433075,0.500950038433075,0.49904996156692505,13,4,3,post_calibration
186,11,13,13,60,0,0,1,0.5022878646850586,0.5022878646850586,0.5022878646850586,0.497712105512619,13,4,3,post_calibration
186,12,13,14,60,1,0,0,0.5065823197364807,0.5065823197364807,0.5065823197364807,0.4934177100658417,13,4,3,post_calibration
186,13,13,16,60,0,0,1,0.5069684982299805,0.5069684982299805,0.5069684982299805,0.4930315315723419,13,4,3,post_calibration
186,14,13,17,60,1,0,0,0.5048260688781738,0.5048260688781738,0.5048260688781738,0.49517396092414856,13,4,3,post_calibration
187,0,13,0,60,1,0,0,0.5004989504814148,0.5004989504814148,0.5004989504814148,0.4995010197162628,13,5,3,zero_shot_paired
187,1,13,1,60,1,1,1,0.5014088153839111,0.5014088153839111,0.4985911250114441,0.5014088153839111,13,5,3,zero_shot_paired
187,2,13,2,60,1,0,0,0.5051367282867432,0.5051367282867432,0.5051367282867432,0.49486327171325684,13,5,3,zero_shot_paired
187,3,13,3,60,0,1,0,0.5010061860084534,0.5010061860084534,0.49899378418922424,0.5010061860084534,13,5,3,zero_shot_paired
187,4,13,4,60,1,0,0,0.5006814002990723,0.5006814002990723,0.5006814002990723,0.49931859970092773,13,5,3,zero_shot_paired
187,5,13,5,60,1,0,0,0.5017113089561462,0.5017113089561462,0.5017113089561462,0.49828866124153137,13,5,3,zero_shot_paired
187,6,13,6,60,1,1,1,0.500874936580658,0.500874936580658,0.49912506341934204,0.500874936580658,13,5,3,zero_shot_paired
187,7,13,7,60,0,1,0,0.504906415939331,0.504906415939331,0.49509358406066895,0.504906415939331,13,5,3,zero_shot_paired
187,8,13,10,60,1,0,0,0.5036312341690063,0.5036312341690063,0.5036312341690063,0.49636876583099365,13,5,3,zero_shot_paired
187,9,13,11,60,1,0,0,0.5016834735870361,0.5016834735870361,0.5016834735870361,0.4983164966106415,13,5,3,zero_shot_paired
187,10,13,13,60,0,0,1,0.502750813961029,0.502750813961029,0.502750813961029,0.49724921584129333,13,5,3,zero_shot_paired
187,11,13,14,60,1,0,0,0.5067223310470581,0.5067223310470581,0.5067223310470581,0.4932776987552643,13,5,3,zero_shot_paired
187,12,13,15,60,1,0,0,0.5072672367095947,0.5072672367095947,0.5072672367095947,0.49273282289505005,13,5,3,zero_shot_paired
187,13,13,16,60,0,0,1,0.5073036551475525,0.5073036551475525,0.5073036551475525,0.4926963448524475,13,5,3,zero_shot_paired
187,14,13,17,60,1,0,0,0.5048820376396179,0.5048820376396179,0.5048820376396179,0.4951179623603821,13,5,3,zero_shot_paired
187,0,13,0,60,1,0,0,0.5003401041030884,0.5003401041030884,0.5003401041030884,0.499659925699234,13,5,3,post_calibration
187,1,13,1,60,1,1,1,0.5017173886299133,0.5017173886299133,0.49828261137008667,0.5017173886299133,13,5,3,post_calibration
187,2,13,2,60,1,0,0,0.5050953030586243,0.5050953030586243,0.5050953030586243,0.49490466713905334,13,5,3,post_calibration
187,3,13,3,60,0,1,0,0.5011078715324402,0.5011078715324402,0.4988921284675598,0.5011078715324402,13,5,3,post_calibration
187,4,13,4,60,1,0,0,0.5009108185768127,0.5009108185768127,0.5009108185768127,0.49908915162086487,13,5,3,post_calibration
187,5,13,5,60,1,0,0,0.5014941692352295,0.5014941692352295,0.5014941692352295,0.4985058605670929,13,5,3,post_calibration
187,6,13,6,60,1,1,1,0.5008059740066528,0.5008059740066528,0.49919405579566956,0.5008059740066528,13,5,3,post_calibration
187,7,13,7,60,0,1,0,0.5054587721824646,0.5054587721824646,0.4945412278175354,0.5054587721824646,13,5,3,post_calibration
187,8,13,10,60,1,0,0,0.503481388092041,0.503481388092041,0.503481388092041,0.4965185821056366,13,5,3,post_calibration
187,9,13,11,60,1,0,0,0.501137912273407,0.501137912273407,0.501137912273407,0.49886202812194824,13,5,3,post_calibration
187,10,13,13,60,0,0,1,0.5027320384979248,0.5027320384979248,0.5027320384979248,0.4972679913043976,13,5,3,post_calibration
187,11,13,14,60,1,0,0,0.5069036483764648,0.5069036483764648,0.5069036483764648,0.49309635162353516,13,5,3,post_calibration
187,12,13,15,60,1,0,0,0.5067962408065796,0.5067962408065796,0.5067962408065796,0.493203729391098,13,5,3,post_calibration
187,13,13,16,60,0,0,1,0.5072748064994812,0.5072748064994812,0.5072748064994812,0.4927251935005188,13,5,3,post_calibration
187,14,13,17,60,1,0,0,0.5050728917121887,0.5050728917121887,0.5050728917121887,0.4949270784854889,13,5,3,post_calibration
188,0,13,1,60,1,1,1,0.5014088153839111,0.5014088153839111,0.4985911250114441,0.5014088153839111,13,6,3,zero_shot_paired
188,1,13,2,60,1,0,0,0.5051367282867432,0.5051367282867432,0.5051367282867432,0.49486327171325684,13,6,3,zero_shot_paired
188,2,13,3,60,0,1,0,0.5010061860084534,0.5010061860084534,0.49899378418922424,0.5010061860084534,13,6,3,zero_shot_paired
188,3,13,4,60,1,0,0,0.5006814002990723,0.5006814002990723,0.5006814002990723,0.49931859970092773,13,6,3,zero_shot_paired
188,4,13,6,60,1,1,1,0.500874936580658,0.500874936580658,0.49912506341934204,0.500874936580658,13,6,3,zero_shot_paired
188,5,13,7,60,0,1,0,0.504906415939331,0.504906415939331,0.49509358406066895,0.504906415939331,13,6,3,zero_shot_paired
188,6,13,8,60,0,0,1,0.5020251274108887,0.5020251274108887,0.5020251274108887,0.49797484278678894,13,6,3,zero_shot_paired
188,7,13,9,60,1,0,0,0.502120852470398,0.502120852470398,0.502120852470398,0.49787914752960205,13,6,3,zero_shot_paired
188,8,13,10,60,1,0,0,0.5036312341690063,0.5036312341690063,0.5036312341690063,0.49636876583099365,13,6,3,zero_shot_paired
188,9,13,11,60,1,0,0,0.5016834735870361,0.5016834735870361,0.5016834735870361,0.4983164966106415,13,6,3,zero_shot_paired
188,10,13,12,60,1,0,0,0.5015566349029541,0.5015566349029541,0.5015566349029541,0.4984433650970459,13,6,3,zero_shot_paired
188,11,13,14,60,1,0,0,0.5067223310470581,0.5067223310470581,0.5067223310470581,0.4932776987552643,13,6,3,zero_shot_paired
188,12,13,15,60,1,0,0,0.5072672367095947,0.5072672367095947,0.5072672367095947,0.49273282289505005,13,6,3,zero_shot_paired
188,13,13,16,60,0,0,1,0.5073036551475525,0.5073036551475525,0.5073036551475525,0.4926963448524475,13,6,3,zero_shot_paired
188,14,13,17,60,1,0,0,0.5048820376396179,0.5048820376396179,0.5048820376396179,0.4951179623603821,13,6,3,zero_shot_paired
188,0,13,1,60,1,1,1,0.5018550753593445,0.5018550753593445,0.4981449246406555,0.5018550753593445,13,6,3,post_calibration
188,1,13,2,60,1,0,0,0.5038724541664124,0.5038724541664124,0.5038724541664124,0.49612748622894287,13,6,3,post_calibration
188,2,13,3,60,0,1,0,0.5017279386520386,0.5017279386520386,0.49827203154563904,0.5017279386520386,13,6,3,post_calibration
188,3,13,4,60,1,0,0,0.5002192854881287,0.5002192854881287,0.5002192854881287,0.4997807443141937,13,6,3,post_calibration
188,4,13,6,60,1,1,1,0.501655638217926,0.501655638217926,0.498344361782074,0.501655638217926,13,6,3,post_calibration
188,5,13,7,60,0,1,0,0.5045057535171509,0.5045057535171509,0.4954942464828491,0.5045057535171509,13,6,3,post_calibration
188,6,13,8,60,0,0,1,0.5014668703079224,0.5014668703079224,0.5014668703079224,0.49853309988975525,13,6,3,post_calibration
188,7,13,9,60,1,0,0,0.5021905303001404,0.5021905303001404,0.5021905303001404,0.49780943989753723,13,6,3,post_calibration
188,8,13,10,60,1,0,0,0.5033371448516846,0.5033371448516846,0.5033371448516846,0.4966628849506378,13,6,3,post_calibration
188,9,13,11,60,1,1,1,0.5006746053695679,0.5006746053695679,0.4993254244327545,0.5006746053695679,13,6,3,post_calibration
188,10,13,12,60,1,0,0,0.5004762411117554,0.5004762411117554,0.5004762411117554,0.49952375888824463,13,6,3,post_calibration
188,11,13,14,60,1,0,0,0.5059959888458252,0.5059959888458252,0.5059959888458252,0.4940040409564972,13,6,3,post_calibration
188,12,13,15,60,1,0,0,0.5063945055007935,0.5063945055007935,0.5063945055007935,0.49360549449920654,13,6,3,post_calibration
188,13,13,16,60,0,0,1,0.5056535005569458,0.5056535005569458,0.5056535005569458,0.4943464994430542,13,6,3,post_calibration
188,14,13,17,60,1,0,0,0.5046515464782715,0.5046515464782715,0.5046515464782715,0.4953484535217285,13,6,3,post_calibration
189,0,13,0,60,1,0,0,0.5004989504814148,0.5004989504814148,0.5004989504814148,0.4995010197162628,13,1,6,zero_shot_paired
189,1,13,2,60,1,0,0,0.5051367282867432,0.5051367282867432,0.5051367282867432,0.49486327171325684,13,1,6,zero_shot_paired
189,2,13,3,60,0,1,0,0.5010061860084534,0.5010061860084534,0.49899378418922424,0.5010061860084534,13,1,6,zero_shot_paired
189,3,13,4,60,1,0,0,0.5006814002990723,0.5006814002990723,0.5006814002990723,0.49931859970092773,13,1,6,zero_shot_paired
189,4,13,5,60,1,0,0,0.5017113089561462,0.5017113089561462,0.5017113089561462,0.49828866124153137,13,1,6,zero_shot_paired
189,5,13,6,60,1,1,1,0.500874936580658,0.500874936580658,0.49912506341934204,0.500874936580658,13,1,6,zero_shot_paired
189,6,13,8,60,0,0,1,0.5020251274108887,0.5020251274108887,0.5020251274108887,0.49797484278678894,13,1,6,zero_shot_paired
189,7,13,10,60,1,0,0,0.5036312341690063,0.5036312341690063,0.5036312341690063,0.49636876583099365,13,1,6,zero_shot_paired
189,8,13,11,60,1,0,0,0.5016834735870361,0.5016834735870361,0.5016834735870361,0.4983164966106415,13,1,6,zero_shot_paired
189,9,13,13,60,0,0,1,0.502750813961029,0.502750813961029,0.502750813961029,0.49724921584129333,13,1,6,zero_shot_paired
189,10,13,16,60,0,0,1,0.5073036551475525,0.5073036551475525,0.5073036551475525,0.4926963448524475,13,1,6,zero_shot_paired
189,11,13,17,60,1,0,0,0.5048820376396179,0.5048820376396179,0.5048820376396179,0.4951179623603821,13,1,6,zero_shot_paired
189,0,13,0,60,1,1,1,0.5009166598320007,0.5009166598320007,0.49908336997032166,0.5009166598320007,13,1,6,post_calibration
189,1,13,2,60,1,0,0,0.502953052520752,0.502953052520752,0.502953052520752,0.49704697728157043,13,1,6,post_calibration
189,2,13,3,60,0,1,0,0.5023248195648193,0.5023248195648193,0.49767518043518066,0.5023248195648193,13,1,6,post_calibration
189,3,13,4,60,1,1,1,0.5011047124862671,0.5011047124862671,0.4988953173160553,0.5011047124862671,13,1,6,post_calibration
189,4,13,5,60,1,1,1,0.5003644824028015,0.5003644824028015,0.4996354579925537,0.5003644824028015,13,1,6,post_calibration
189,5,13,6,60,1,1,1,0.5033995509147644,0.5033995509147644,0.4966004490852356,0.5033995509147644,13,1,6,post_calibration
189,6,13,8,60,0,1,0,0.5002451539039612,0.5002451539039612,0.4997548758983612,0.5002451539039612,13,1,6,post_calibration
189,7,13,10,60,1,0,0,0.5012508034706116,0.5012508034706116,0.5012508034706116,0.4987491965293884,13,1,6,post_calibration
189,8,13,11,60,1,1,1,0.5014316439628601,0.5014316439628601,0.4985683560371399,0.5014316439628601,13,1,6,post_calibration
189,9,13,13,60,0,0,1,0.5013961791992188,0.5013961791992188,0.5013961791992188,0.49860385060310364,13,1,6,post_calibration
189,10,13,16,60,0,0,1,0.5043607950210571,0.5043607950210571,0.5043607950210571,0.49563926458358765,13,1,6,post_calibration
189,11,13,17,60,1,0,0,0.5022088885307312,0.5022088885307312,0.5022088885307312,0.4977911412715912,13,1,6,post_calibration
190,0,13,0,60,1,0,0,0.5004989504814148,0.5004989504814148,0.5004989504814148,0.4995010197162628,13,2,6,zero_shot_paired
190,1,13,1,60,1,1,1,0.5014088153839111,0.5014088153839111,0.4985911250114441,0.5014088153839111,13,2,6,zero_shot_paired
190,2,13,3,60,0,1,0,0.5010061860084534,0.5010061860084534,0.49899378418922424,0.5010061860084534,13,2,6,zero_shot_paired
190,3,13,4,60,1,0,0,0.5006814002990723,0.5006814002990723,0.5006814002990723,0.49931859970092773,13,2,6,zero_shot_paired
190,4,13,6,60,1,1,1,0.500874936580658,0.500874936580658,0.49912506341934204,0.500874936580658,13,2,6,zero_shot_paired
190,5,13,7,60,0,1,0,0.504906415939331,0.504906415939331,0.49509358406066895,0.504906415939331,13,2,6,zero_shot_paired
190,6,13,8,60,0,0,1,0.5020251274108887,0.5020251274108887,0.5020251274108887,0.49797484278678894,13,2,6,zero_shot_paired
190,7,13,9,60,1,0,0,0.502120852470398,0.502120852470398,0.502120852470398,0.49787914752960205,13,2,6,zero_shot_paired
190,8,13,11,60,1,0,0,0.5016834735870361,0.5016834735870361,0.5016834735870361,0.4983164966106415,13,2,6,zero_shot_paired
190,9,13,12,60,1,0,0,0.5015566349029541,0.5015566349029541,0.5015566349029541,0.4984433650970459,13,2,6,zero_shot_paired
190,10,13,14,60,1,0,0,0.5067223310470581,0.5067223310470581,0.5067223310470581,0.4932776987552643,13,2,6,zero_shot_paired
190,11,13,15,60,1,0,0,0.5072672367095947,0.5072672367095947,0.5072672367095947,0.49273282289505005,13,2,6,zero_shot_paired
190,0,13,0,60,1,1,1,0.5000012516975403,0.5000012516975403,0.4999987781047821,0.5000012516975403,13,2,6,post_calibration
190,1,13,1,60,1,1,1,0.5018681287765503,0.5018681287765503,0.4981318712234497,0.5018681287765503,13,2,6,post_calibration
190,2,13,3,60,0,1,0,0.5005959868431091,0.5005959868431091,0.4994039833545685,0.5005959868431091,13,2,6,post_calibration
190,3,13,4,60,1,0,0,0.5008308291435242,0.5008308291435242,0.5008308291435242,0.49916917085647583,13,2,6,post_calibration
190,4,13,6,60,1,1,1,0.5013131499290466,0.5013131499290466,0.49868687987327576,0.5013131499290466,13,2,6,post_calibration
190,5,13,7,60,0,1,0,0.5046825408935547,0.5046825408935547,0.4953174293041229,0.5046825408935547,13,2,6,post_calibration
190,6,13,8,60,0,0,1,0.5017027258872986,0.5017027258872986,0.5017027258872986,0.4982973039150238,13,2,6,post_calibration
190,7,13,9,60,1,0,0,0.5019363760948181,0.5019363760948181,0.5019363760948181,0.4980636239051819,13,2,6,post_calibration
190,8,13,11,60,1,0,0,0.501071035861969,0.501071035861969,0.501071035861969,0.49892890453338623,13,2,6,post_calibration
190,9,13,12,60,1,0,0,0.5019412040710449,0.5019412040710449,0.5019412040710449,0.4980587661266327,13,2,6,post_calibration
190,10,13,14,60,1,0,0,0.5066537261009216,0.5066537261009216,0.5066537261009216,0.49334630370140076,13,2,6,post_calibration
190,11,13,15,60,1,0,0,0.5074295401573181,0.5074295401573181,0.5074295401573181,0.4925704896450043,13,2,6,post_calibration
191,0,13,1,60,1,1,1,0.5014088153839111,0.5014088153839111,0.4985911250114441,0.5014088153839111,13,3,6,zero_shot_paired
191,1,13,2,60,1,0,0,0.5051367282867432,0.5051367282867432,0.5051367282867432,0.49486327171325684,13,3,6,zero_shot_paired
191,2,13,5,60,1,0,0,0.5017113089561462,0.5017113089561462,0.5017113089561462,0.49828866124153137,13,3,6,zero_shot_paired
191,3,13,7,60,0,1,0,0.504906415939331,0.504906415939331,0.49509358406066895,0.504906415939331,13,3,6,zero_shot_paired
191,4,13,9,60,1,0,0,0.502120852470398,0.502120852470398,0.502120852470398,0.49787914752960205,13,3,6,zero_shot_paired
191,5,13,10,60,1,0,0,0.5036312341690063,0.5036312341690063,0.5036312341690063,0.49636876583099365,13,3,6,zero_shot_paired
191,6,13,12,60,1,0,0,0.5015566349029541,0.5015566349029541,0.5015566349029541,0.4984433650970459,13,3,6,zero_shot_paired
191,7,13,13,60,0,0,1,0.502750813961029,0.502750813961029,0.502750813961029,0.49724921584129333,13,3,6,zero_shot_paired
191,8,13,14,60,1,0,0,0.5067223310470581,0.5067223310470581,0.5067223310470581,0.4932776987552643,13,3,6,zero_shot_paired
191,9,13,15,60,1,0,0,0.5072672367095947,0.5072672367095947,0.5072672367095947,0.49273282289505005,13,3,6,zero_shot_paired
191,10,13,16,60,0,0,1,0.5073036551475525,0.5073036551475525,0.5073036551475525,0.4926963448524475,13,3,6,zero_shot_paired
191,11,13,17,60,1,0,0,0.5048820376396179,0.5048820376396179,0.5048820376396179,0.4951179623603821,13,3,6,zero_shot_paired
191,0,13,1,60,1,1,1,0.5010871291160583,0.5010871291160583,0.49891287088394165,0.5010871291160583,13,3,6,post_calibration
191,1,13,2,60,1,0,0,0.5048360824584961,0.5048360824584961,0.5048360824584961,0.4951639175415039,13,3,6,post_calibration
191,2,13,5,60,1,0,0,0.5005741715431213,0.5005741715431213,0.5005741715431213,0.49942585825920105,13,3,6,post_calibration
191,3,13,7,60,0,1,0,0.5052303075790405,0.5052303075790405,0.4947696924209595,0.5052303075790405,13,3,6,post_calibration
191,4,13,9,60,1,0,0,0.501646876335144,0.501646876335144,0.501646876335144,0.49835312366485596,13,3,6,post_calibration
191,5,13,10,60,1,0,0,0.5034378170967102,0.5034378170967102,0.5034378170967102,0.4965621531009674,13,3,6,post_calibration
191,6,13,12,60,1,0,0,0.5005244016647339,0.5005244016647339,0.5005244016647339,0.4994755983352661,13,3,6,post_calibration
191,7,13,13,60,0,0,1,0.5031189918518066,0.5031189918518066,0.5031189918518066,0.49688097834587097,13,3,6,post_calibration
191,8,13,14,60,1,0,0,0.5063961148262024,0.5063961148262024,0.5063961148262024,0.4936038851737976,13,3,6,post_calibration
191,9,13,15,60,1,0,0,0.5075904726982117,0.5075904726982117,0.5075904726982117,0.49240952730178833,13,3,6,post_calibration
191,10,13,16,60,0,0,1,0.5068461894989014,0.5068461894989014,0.5068461894989014,0.49315375089645386,13,3,6,post_calibration
191,11,13,17,60,1,0,0,0.5054583549499512,0.5054583549499512,0.5054583549499512,0.49454161524772644,13,3,6,post_calibration
192,0,13,0,60,1,0,0,0.5004991292953491,0.5004991292953491,0.5004991292953491,0.4995008409023285,13,1,9,zero_shot_paired
192,1,13,8,60,0,0,1,0.5020251870155334,0.5020251870155334,0.5020251870155334,0.49797484278678894,13,1,9,zero_shot_paired
192,2,13,10,60,1,0,0,0.5036309957504272,0.5036309957504272,0.5036309957504272,0.49636903405189514,13,1,9,zero_shot_paired
192,3,13,11,60,1,0,0,0.5016834735870361,0.5016834735870361,0.5016834735870361,0.49831655621528625,13,1,9,zero_shot_paired
192,4,13,12,60,1,0,0,0.5015566349029541,0.5015566349029541,0.5015566349029541,0.4984433352947235,13,1,9,zero_shot_paired
192,5,13,13,60,0,0,1,0.5027506947517395,0.5027506947517395,0.5027506947517395,0.4972493052482605,13,1,9,zero_shot_paired
192,6,13,15,60,1,0,0,0.5072670578956604,0.5072670578956604,0.5072670578956604,0.492732971906662,13,1,9,zero_shot_paired
192,7,13,16,60,0,0,1,0.5073035955429077,0.5073035955429077,0.5073035955429077,0.4926964044570923,13,1,9,zero_shot_paired
192,8,13,17,60,1,0,0,0.5048819184303284,0.5048819184303284,0.5048819184303284,0.49511805176734924,13,1,9,zero_shot_paired
192,0,13,0,60,1,0,0,0.5002335906028748,0.5002335906028748,0.5002335906028748,0.49976637959480286,13,1,9,post_calibration
192,1,13,8,60,0,1,0,0.5003540515899658,0.5003540515899658,0.49964597821235657,0.5003540515899658,13,1,9,post_calibration
192,2,13,10,60,1,0,0,0.5010514259338379,0.5010514259338379,0.5010514259338379,0.4989485740661621,13,1,9,post_calibration
192,3,13,11,60,1,0,0,0.500029444694519,0.500029444694519,0.500029444694519,0.49997058510780334,13,1,9,post_calibration
192,4,13,12,60,1,0,0,0.5004469156265259,0.5004469156265259,0.5004469156265259,0.4995530843734741,13,1,9,post_calibration
192,5,13,13,60,0,0,1,0.5021746754646301,0.5021746754646301,0.5021746754646301,0.4978252947330475,13,1,9,post_calibration
192,6,13,15,60,1,0,0,0.5049786567687988,0.5049786567687988,0.5049786567687988,0.49502134323120117,13,1,9,post_calibration
192,7,13,16,60,0,0,1,0.5056641101837158,0.5056641101837158,0.5056641101837158,0.4943358898162842,13,1,9,post_calibration
192,8,13,17,60,1,0,0,0.5041810274124146,0.5041810274124146,0.5041810274124146,0.49581900238990784,13,1,9,post_calibration
193,0,13,1,60,1,1,1,0.5014088749885559,0.5014088749885559,0.4985910952091217,0.5014088749885559,13,2,9,zero_shot_paired
193,1,13,2,60,1,0,0,0.5051367282867432,0.5051367282867432,0.5051367282867432,0.49486324191093445,13,2,9,zero_shot_paired
193,2,13,3,60,0,1,0,0.5010061860084534,0.5010061860084534,0.49899378418922424,0.5010061860084534,13,2,9,zero_shot_paired
193,3,13,4,60,1,0,0,0.5006812214851379,0.5006812214851379,0.5006812214851379,0.49931877851486206,13,2,9,zero_shot_paired
193,4,13,5,60,1,0,0,0.5017113089561462,0.5017113089561462,0.5017113089561462,0.49828866124153137,13,2,9,zero_shot_paired
193,5,13,6,60,1,1,1,0.500874936580658,0.500874936580658,0.49912506341934204,0.500874936580658,13,2,9,zero_shot_paired
193,6,13,7,60,0,1,0,0.504906415939331,0.504906415939331,0.49509358406066895,0.504906415939331,13,2,9,zero_shot_paired
193,7,13,9,60,1,0,0,0.502120852470398,0.502120852470398,0.502120852470398,0.49787914752960205,13,2,9,zero_shot_paired
193,8,13,14,60,1,0,0,0.5067223310470581,0.5067223310470581,0.5067223310470581,0.4932776689529419,13,2,9,zero_shot_paired
193,0,13,1,60,1,1,1,0.5026710033416748,0.5026710033416748,0.4973290264606476,0.5026710033416748,13,2,9,post_calibration
193,1,13,2,60,1,0,0,0.5041046738624573,0.5041046738624573,0.5041046738624573,0.4958953559398651,13,2,9,post_calibration
193,2,13,3,60,0,1,0,0.5013275146484375,0.5013275146484375,0.4986724555492401,0.5013275146484375,13,2,9,post_calibration
193,3,13,4,60,1,0,0,0.500710666179657,0.500710666179657,0.500710666179657,0.49928930401802063,13,2,9,post_calibration
193,4,13,5,60,1,0,0,0.5003737211227417,0.5003737211227417,0.5003737211227417,0.4996262788772583,13,2,9,post_calibration
193,5,13,6,60,1,1,1,0.5015591382980347,0.5015591382980347,0.49844086170196533,0.5015591382980347,13,2,9,post_calibration
193,6,13,7,60,0,1,0,0.5046494007110596,0.5046494007110596,0.4953506290912628,0.5046494007110596,13,2,9,post_calibration
193,7,13,9,60,1,0,0,0.5012804269790649,0.5012804269790649,0.5012804269790649,0.49871954321861267,13,2,9,post_calibration
193,8,13,14,60,1,0,0,0.5064126253128052,0.5064126253128052,0.5064126253128052,0.4935873746871948,13,2,9,post_calibration
194,0,13,3,60,0,1,0,0.501007080078125,0.501007080078125,0.4989928901195526,0.501007080078125,13,1,12,zero_shot_paired
194,1,13,4,60,1,0,0,0.5006839632987976,0.5006839632987976,0.5006839632987976,0.4993160367012024,13,1,12,zero_shot_paired
194,2,13,7,60,0,1,0,0.5049037337303162,0.5049037337303162,0.4950962960720062,0.5049037337303162,13,1,12,zero_shot_paired
194,3,13,9,60,1,0,0,0.5021207332611084,0.5021207332611084,0.5021207332611084,0.4978792369365692,13,1,12,zero_shot_paired
194,4,13,10,60,1,0,0,0.5036322474479675,0.5036322474479675,0.5036322474479675,0.49636775255203247,13,1,12,zero_shot_paired
194,5,13,11,60,1,0,0,0.5016833543777466,0.5016833543777466,0.5016833543777466,0.4983166456222534,13,1,12,zero_shot_paired
194,0,13,3,60,0,1,0,0.5026364326477051,0.5026364326477051,0.4973635673522949,0.5026364326477051,13,1,12,post_calibration
194,1,13,4,60,1,1,1,0.5013009905815125,0.5013009905815125,0.49869903922080994,0.5013009905815125,13,1,12,post_calibration
194,2,13,7,60,0,1,0,0.5055985450744629,0.5055985450744629,0.4944014847278595,0.5055985450744629,13,1,12,post_calibration
194,3,13,9,60,1,0,0,0.5009207725524902,0.5009207725524902,0.5009207725524902,0.4990791976451874,13,1,12,post_calibration
194,4,13,10,60,1,0,0,0.501507580280304,0.501507580280304,0.501507580280304,0.49849244952201843,13,1,12,post_calibration
194,5,13,11,60,1,1,1,0.5013743042945862,0.5013743042945862,0.4986257255077362,0.5013743042945862,13,1,12,post_calibration
195,0,13,2,60,1,0,0,0.5051359534263611,0.5051359534263611,0.5051359534263611,0.4948640465736389,13,2,12,zero_shot_paired
195,1,13,3,60,0,1,0,0.501007080078125,0.501007080078125,0.4989928901195526,0.501007080078125,13,2,12,zero_shot_paired
195,2,13,5,60,1,0,0,0.5017099976539612,0.5017099976539612,0.5017099976539612,0.4982900321483612,13,2,12,zero_shot_paired
195,3,13,6,60,1,1,1,0.5008739233016968,0.5008739233016968,0.4991260766983032,0.5008739233016968,13,2,12,zero_shot_paired
195,4,13,13,60,0,0,1,0.5027520060539246,0.5027520060539246,0.5027520060539246,0.49724799394607544,13,2,12,zero_shot_paired
195,5,13,17,60,1,0,0,0.5048819780349731,0.5048819780349731,0.5048819780349731,0.49511799216270447,13,2,12,zero_shot_paired
195,0,13,2,60,1,0,0,0.5033661723136902,0.5033661723136902,0.5033661723136902,0.4966338872909546,13,2,12,post_calibration
195,1,13,3,60,0,1,0,0.5027433633804321,0.5027433633804321,0.49725666642189026,0.5027433633804321,13,2,12,post_calibration
195,2,13,5,60,1,1,1,0.50042325258255,0.50042325258255,0.49957674741744995,0.50042325258255,13,2,12,post_calibration
195,3,13,6,60,1,1,1,0.5020962357521057,0.5020962357521057,0.4979037344455719,0.5020962357521057,13,2,12,post_calibration
195,4,13,13,60,0,0,1,0.5016116499900818,0.5016116499900818,0.5016116499900818,0.4983883202075958,13,2,12,post_calibration
195,5,13,17,60,1,0,0,0.502953052520752,0.502953052520752,0.502953052520752,0.49704694747924805,13,2,12,post_calibration
196,0,13,2,60,1,0,0,0.5051359534263611,0.5051359534263611,0.5051359534263611,0.4948640465736389,13,3,12,zero_shot_paired
196,1,13,3,60,0,1,0,0.501007080078125,0.501007080078125,0.4989928901195526,0.501007080078125,13,3,12,zero_shot_paired
196,2,13,6,60,1,1,1,0.5008739233016968,0.5008739233016968,0.4991260766983032,0.5008739233016968,13,3,12,zero_shot_paired
196,3,13,13,60,0,0,1,0.5027520060539246,0.5027520060539246,0.5027520060539246,0.49724799394607544,13,3,12,zero_shot_paired
196,4,13,14,60,1,0,0,0.5067240595817566,0.5067240595817566,0.5067240595817566,0.493275910615921,13,3,12,zero_shot_paired
196,5,13,17,60,1,0,0,0.5048819780349731,0.5048819780349731,0.5048819780349731,0.49511799216270447,13,3,12,zero_shot_paired
196,0,13,2,60,1,0,0,0.5026810765266418,0.5026810765266418,0.5026810765266418,0.49731889367103577,13,3,12,post_calibration
196,1,13,3,60,0,1,0,0.501586377620697,0.501586377620697,0.49841365218162537,0.501586377620697,13,3,12,post_calibration
196,2,13,6,60,1,1,1,0.5017232298851013,0.5017232298851013,0.4982767105102539,0.5017232298851013,13,3,12,post_calibration
196,3,13,13,60,0,0,1,0.5017774701118469,0.5017774701118469,0.5017774701118469,0.4982225298881531,13,3,12,post_calibration
196,4,13,14,60,1,0,0,0.5052524209022522,0.5052524209022522,0.5052524209022522,0.4947475790977478,13,3,12,post_calibration
196,5,13,17,60,1,0,0,0.5046104788780212,0.5046104788780212,0.5046104788780212,0.49538952112197876,13,3,12,post_calibration
15,0,14,0,60,1,1,1,0.5038672089576721,0.5038672089576721,0.49613282084465027,0.5038672089576721,14,,,zero_shot_all_trials
15,1,14,1,60,0,1,0,0.5062471628189087,0.5062471628189087,0.4937528073787689,0.5062471628189087,14,,,zero_shot_all_trials
15,2,14,2,60,1,1,1,0.5031830072402954,0.5031830072402954,0.4968169927597046,0.5031830072402954,14,,,zero_shot_all_trials
15,3,14,3,60,0,0,1,0.5002774000167847,0.5002774000167847,0.5002774000167847,0.49972259998321533,14,,,zero_shot_all_trials
15,4,14,4,60,0,1,0,0.5044623613357544,0.5044623613357544,0.495537668466568,0.5044623613357544,14,,,zero_shot_all_trials
15,5,14,5,60,1,1,1,0.5047876834869385,0.5047876834869385,0.49521228671073914,0.5047876834869385,14,,,zero_shot_all_trials
15,6,14,6,60,1,1,1,0.5005454421043396,0.5005454421043396,0.4994545876979828,0.5005454421043396,14,,,zero_shot_all_trials
15,7,14,7,60,1,1,1,0.5095611810684204,0.5095611810684204,0.4904388189315796,0.5095611810684204,14,,,zero_shot_all_trials
15,8,14,8,60,0,1,0,0.5051299929618835,0.5051299929618835,0.49486997723579407,0.5051299929618835,14,,,zero_shot_all_trials
15,9,14,9,60,0,1,0,0.506381094455719,0.506381094455719,0.4936188757419586,0.506381094455719,14,,,zero_shot_all_trials
15,10,14,10,60,1,1,1,0.5031565427780151,0.5031565427780151,0.4968434274196625,0.5031565427780151,14,,,zero_shot_all_trials
15,11,14,11,60,1,1,1,0.5003901124000549,0.5003901124000549,0.4996098577976227,0.5003901124000549,14,,,zero_shot_all_trials
15,12,14,12,60,1,1,1,0.5043750405311584,0.5043750405311584,0.49562501907348633,0.5043750405311584,14,,,zero_shot_all_trials
15,13,14,13,60,0,0,1,0.5009348392486572,0.5009348392486572,0.5009348392486572,0.499065101146698,14,,,zero_shot_all_trials
15,14,14,14,60,0,1,0,0.5013587474822998,0.5013587474822998,0.4986412227153778,0.5013587474822998,14,,,zero_shot_all_trials
15,15,14,15,60,1,1,1,0.5083855986595154,0.5083855986595154,0.4916144013404846,0.5083855986595154,14,,,zero_shot_all_trials
15,16,14,16,60,0,0,1,0.5003921985626221,0.5003921985626221,0.5003921985626221,0.4996078312397003,14,,,zero_shot_all_trials
15,17,14,17,60,0,1,0,0.5008601546287537,0.5008601546287537,0.49913984537124634,0.5008601546287537,14,,,zero_shot_all_trials
197,0,14,0,60,1,1,1,0.5038670897483826,0.5038670897483826,0.49613288044929504,0.5038670897483826,14,1,3,zero_shot_paired
197,1,14,1,60,0,1,0,0.5062471628189087,0.5062471628189087,0.4937528073787689,0.5062471628189087,14,1,3,zero_shot_paired
197,2,14,4,60,0,1,0,0.5044624209403992,0.5044624209403992,0.49553757905960083,0.5044624209403992,14,1,3,zero_shot_paired
197,3,14,5,60,1,1,1,0.5047877430915833,0.5047877430915833,0.49521225690841675,0.5047877430915833,14,1,3,zero_shot_paired
197,4,14,6,60,1,1,1,0.5005454421043396,0.5005454421043396,0.4994545876979828,0.5005454421043396,14,1,3,zero_shot_paired
197,5,14,7,60,1,1,1,0.5095611810684204,0.5095611810684204,0.4904388189315796,0.5095611810684204,14,1,3,zero_shot_paired
197,6,14,8,60,0,1,0,0.5051299929618835,0.5051299929618835,0.49486997723579407,0.5051299929618835,14,1,3,zero_shot_paired
197,7,14,9,60,0,1,0,0.5063810348510742,0.5063810348510742,0.4936189651489258,0.5063810348510742,14,1,3,zero_shot_paired
197,8,14,11,60,1,1,1,0.5003901124000549,0.5003901124000549,0.49960991740226746,0.5003901124000549,14,1,3,zero_shot_paired
197,9,14,12,60,1,1,1,0.5043750405311584,0.5043750405311584,0.49562495946884155,0.5043750405311584,14,1,3,zero_shot_paired
197,10,14,13,60,0,0,1,0.5009348392486572,0.5009348392486572,0.5009348392486572,0.499065101146698,14,1,3,zero_shot_paired
197,11,14,14,60,0,1,0,0.501358687877655,0.501358687877655,0.4986412823200226,0.501358687877655,14,1,3,zero_shot_paired
197,12,14,15,60,1,1,1,0.5083855986595154,0.5083855986595154,0.4916144609451294,0.5083855986595154,14,1,3,zero_shot_paired
197,13,14,16,60,0,0,1,0.5003922581672668,0.5003922581672668,0.5003922581672668,0.49960771203041077,14,1,3,zero_shot_paired
197,14,14,17,60,0,1,0,0.5008602142333984,0.5008602142333984,0.4991397559642792,0.5008602142333984,14,1,3,zero_shot_paired
197,0,14,0,60,1,1,1,0.5044286847114563,0.5044286847114563,0.4955712556838989,0.5044286847114563,14,1,3,post_calibration
197,1,14,1,60,0,1,0,0.5068666934967041,0.5068666934967041,0.4931333363056183,0.5068666934967041,14,1,3,post_calibration
197,2,14,4,60,0,1,0,0.5046327710151672,0.5046327710151672,0.49536728858947754,0.5046327710151672,14,1,3,post_calibration
197,3,14,5,60,1,1,1,0.5048559308052063,0.5048559308052063,0.4951440691947937,0.5048559308052063,14,1,3,post_calibration
197,4,14,6,60,1,1,1,0.5006823539733887,0.5006823539733887,0.4993177056312561,0.5006823539733887,14,1,3,post_calibration
197,5,14,7,60,1,1,1,0.5099367499351501,0.5099367499351501,0.49006325006484985,0.5099367499351501,14,1,3,post_calibration
197,6,14,8,60,0,1,0,0.5062761306762695,0.5062761306762695,0.49372386932373047,0.5062761306762695,14,1,3,post_calibration
197,7,14,9,60,0,1,0,0.5072498917579651,0.5072498917579651,0.49275004863739014,0.5072498917579651,14,1,3,post_calibration
197,8,14,11,60,1,1,1,0.5005521774291992,0.5005521774291992,0.4994477927684784,0.5005521774291992,14,1,3,post_calibration
197,9,14,12,60,1,1,1,0.5043089985847473,0.5043089985847473,0.4956910014152527,0.5043089985847473,14,1,3,post_calibration
197,10,14,13,60,0,0,1,0.500665009021759,0.500665009021759,0.500665009021759,0.4993349611759186,14,1,3,post_calibration
197,11,14,14,60,0,1,0,0.5020931959152222,0.5020931959152222,0.49790680408477783,0.5020931959152222,14,1,3,post_calibration
197,12,14,15,60,1,1,1,0.5083398818969727,0.5083398818969727,0.49166014790534973,0.5083398818969727,14,1,3,post_calibration
197,13,14,16,60,0,1,0,0.5007103681564331,0.5007103681564331,0.4992896020412445,0.5007103681564331,14,1,3,post_calibration
197,14,14,17,60,0,1,0,0.5011903047561646,0.5011903047561646,0.49880969524383545,0.5011903047561646,14,1,3,post_calibration
198,0,14,0,60,1,1,1,0.5038670897483826,0.5038670897483826,0.49613288044929504,0.5038670897483826,14,2,3,zero_shot_paired
198,1,14,1,60,0,1,0,0.5062471628189087,0.5062471628189087,0.4937528073787689,0.5062471628189087,14,2,3,zero_shot_paired
198,2,14,2,60,1,1,1,0.5031830072402954,0.5031830072402954,0.4968169927597046,0.5031830072402954,14,2,3,zero_shot_paired
198,3,14,3,60,0,0,1,0.5002772808074951,0.5002772808074951,0.5002772808074951,0.49972277879714966,14,2,3,zero_shot_paired
198,4,14,4,60,0,1,0,0.5044624209403992,0.5044624209403992,0.49553757905960083,0.5044624209403992,14,2,3,zero_shot_paired
198,5,14,5,60,1,1,1,0.5047877430915833,0.5047877430915833,0.49521225690841675,0.5047877430915833,14,2,3,zero_shot_paired
198,6,14,6,60,1,1,1,0.5005454421043396,0.5005454421043396,0.4994545876979828,0.5005454421043396,14,2,3,zero_shot_paired
198,7,14,7,60,1,1,1,0.5095611810684204,0.5095611810684204,0.4904388189315796,0.5095611810684204,14,2,3,zero_shot_paired
198,8,14,8,60,0,1,0,0.5051299929618835,0.5051299929618835,0.49486997723579407,0.5051299929618835,14,2,3,zero_shot_paired
198,9,14,10,60,1,1,1,0.5031566619873047,0.5031566619873047,0.4968433380126953,0.5031566619873047,14,2,3,zero_shot_paired
198,10,14,11,60,1,1,1,0.5003901124000549,0.5003901124000549,0.49960991740226746,0.5003901124000549,14,2,3,zero_shot_paired
198,11,14,12,60,1,1,1,0.5043750405311584,0.5043750405311584,0.49562495946884155,0.5043750405311584,14,2,3,zero_shot_paired
198,12,14,13,60,0,0,1,0.5009348392486572,0.5009348392486572,0.5009348392486572,0.499065101146698,14,2,3,zero_shot_paired
198,13,14,14,60,0,1,0,0.501358687877655,0.501358687877655,0.4986412823200226,0.501358687877655,14,2,3,zero_shot_paired
198,14,14,17,60,0,1,0,0.5008602142333984,0.5008602142333984,0.4991397559642792,0.5008602142333984,14,2,3,zero_shot_paired
198,0,14,0,60,1,1,1,0.5029816031455994,0.5029816031455994,0.49701839685440063,0.5029816031455994,14,2,3,post_calibration
198,1,14,1,60,0,1,0,0.5057167410850525,0.5057167410850525,0.4942832589149475,0.5057167410850525,14,2,3,post_calibration
198,2,14,2,60,1,1,1,0.502221941947937,0.502221941947937,0.4977780878543854,0.502221941947937,14,2,3,post_calibration
198,3,14,3,60,0,0,1,0.5008588433265686,0.5008588433265686,0.5008588433265686,0.4991411864757538,14,2,3,post_calibration
198,4,14,4,60,0,1,0,0.5042537450790405,0.5042537450790405,0.49574628472328186,0.5042537450790405,14,2,3,post_calibration
198,5,14,5,60,1,1,1,0.5039597749710083,0.5039597749710083,0.4960402250289917,0.5039597749710083,14,2,3,post_calibration
198,6,14,6,60,1,0,0,0.5003448724746704,0.5003448724746704,0.5003448724746704,0.4996550977230072,14,2,3,post_calibration
198,7,14,7,60,1,1,1,0.5090096592903137,0.5090096592903137,0.4909903407096863,0.5090096592903137,14,2,3,post_calibration
198,8,14,8,60,0,1,0,0.5047491192817688,0.5047491192817688,0.4952508807182312,0.5047491192817688,14,2,3,post_calibration
198,9,14,10,60,1,1,1,0.5021272897720337,0.5021272897720337,0.4978726804256439,0.5021272897720337,14,2,3,post_calibration
198,10,14,11,60,1,0,0,0.5006656050682068,0.5006656050682068,0.5006656050682068,0.4993344247341156,14,2,3,post_calibration
198,11,14,12,60,1,1,1,0.5031309127807617,0.5031309127807617,0.4968690872192383,0.5031309127807617,14,2,3,post_calibration
198,12,14,13,60,0,0,1,0.5010375380516052,0.5010375380516052,0.5010375380516052,0.49896249175071716,14,2,3,post_calibration
198,13,14,14,60,0,0,1,0.5001084804534912,0.5001084804534912,0.5001084804534912,0.499891459941864,14,2,3,post_calibration
198,14,14,17,60,0,0,1,0.5000332593917847,0.5000332593917847,0.5000332593917847,0.49996674060821533,14,2,3,post_calibration
199,0,14,0,60,1,1,1,0.5038670897483826,0.5038670897483826,0.49613288044929504,0.5038670897483826,14,3,3,zero_shot_paired
199,1,14,1,60,0,1,0,0.5062471628189087,0.5062471628189087,0.4937528073787689,0.5062471628189087,14,3,3,zero_shot_paired
199,2,14,2,60,1,1,1,0.5031830072402954,0.5031830072402954,0.4968169927597046,0.5031830072402954,14,3,3,zero_shot_paired
199,3,14,3,60,0,0,1,0.5002772808074951,0.5002772808074951,0.5002772808074951,0.49972277879714966,14,3,3,zero_shot_paired
199,4,14,4,60,0,1,0,0.5044624209403992,0.5044624209403992,0.49553757905960083,0.5044624209403992,14,3,3,zero_shot_paired
199,5,14,6,60,1,1,1,0.5005454421043396,0.5005454421043396,0.4994545876979828,0.5005454421043396,14,3,3,zero_shot_paired
199,6,14,7,60,1,1,1,0.5095611810684204,0.5095611810684204,0.4904388189315796,0.5095611810684204,14,3,3,zero_shot_paired
199,7,14,8,60,0,1,0,0.5051299929618835,0.5051299929618835,0.49486997723579407,0.5051299929618835,14,3,3,zero_shot_paired
199,8,14,9,60,0,1,0,0.5063810348510742,0.5063810348510742,0.4936189651489258,0.5063810348510742,14,3,3,zero_shot_paired
199,9,14,10,60,1,1,1,0.5031566619873047,0.5031566619873047,0.4968433380126953,0.5031566619873047,14,3,3,zero_shot_paired
199,10,14,12,60,1,1,1,0.5043750405311584,0.5043750405311584,0.49562495946884155,0.5043750405311584,14,3,3,zero_shot_paired
199,11,14,14,60,0,1,0,0.501358687877655,0.501358687877655,0.4986412823200226,0.501358687877655,14,3,3,zero_shot_paired
199,12,14,15,60,1,1,1,0.5083855986595154,0.5083855986595154,0.4916144609451294,0.5083855986595154,14,3,3,zero_shot_paired
199,13,14,16,60,0,0,1,0.5003922581672668,0.5003922581672668,0.5003922581672668,0.49960771203041077,14,3,3,zero_shot_paired
199,14,14,17,60,0,1,0,0.5008602142333984,0.5008602142333984,0.4991397559642792,0.5008602142333984,14,3,3,zero_shot_paired
199,0,14,0,60,1,1,1,0.5043078660964966,0.5043078660964966,0.4956921339035034,0.5043078660964966,14,3,3,post_calibration
199,1,14,1,60,0,1,0,0.5066224336624146,0.5066224336624146,0.49337756633758545,0.5066224336624146,14,3,3,post_calibration
199,2,14,2,60,1,1,1,0.5033432245254517,0.5033432245254517,0.4966568052768707,0.5033432245254517,14,3,3,post_calibration
199,3,14,3,60,0,1,0,0.5002154111862183,0.5002154111862183,0.4997846186161041,0.5002154111862183,14,3,3,post_calibration
199,4,14,4,60,0,1,0,0.5045115351676941,0.5045115351676941,0.4954884648323059,0.5045115351676941,14,3,3,post_calibration
199,5,14,6,60,1,1,1,0.5006936192512512,0.5006936192512512,0.4993063807487488,0.5006936192512512,14,3,3,post_calibration
199,6,14,7,60,1,1,1,0.5098509788513184,0.5098509788513184,0.49014902114868164,0.5098509788513184,14,3,3,post_calibration
199,7,14,8,60,0,1,0,0.5050773620605469,0.5050773620605469,0.4949226379394531,0.5050773620605469,14,3,3,post_calibration
199,8,14,9,60,0,1,0,0.5063915252685547,0.5063915252685547,0.4936084747314453,0.5063915252685547,14,3,3,post_calibration
199,9,14,10,60,1,1,1,0.5028986930847168,0.5028986930847168,0.4971012771129608,0.5028986930847168,14,3,3,post_calibration
199,10,14,12,60,1,1,1,0.5046433806419373,0.5046433806419373,0.49535664916038513,0.5046433806419373,14,3,3,post_calibration
199,11,14,14,60,0,1,0,0.5019276738166809,0.5019276738166809,0.4980723261833191,0.5019276738166809,14,3,3,post_calibration
199,12,14,15,60,1,1,1,0.508029043674469,0.508029043674469,0.4919709861278534,0.508029043674469,14,3,3,post_calibration
199,13,14,16,60,0,0,1,0.5004914402961731,0.5004914402961731,0.5004914402961731,0.4995085597038269,14,3,3,post_calibration
199,14,14,17,60,0,1,0,0.5012353658676147,0.5012353658676147,0.49876460433006287,0.5012353658676147,14,3,3,post_calibration
200,0,14,0,60,1,1,1,0.5038670897483826,0.5038670897483826,0.49613288044929504,0.5038670897483826,14,4,3,zero_shot_paired
200,1,14,1,60,0,1,0,0.5062471628189087,0.5062471628189087,0.4937528073787689,0.5062471628189087,14,4,3,zero_shot_paired
200,2,14,2,60,1,1,1,0.5031830072402954,0.5031830072402954,0.4968169927597046,0.5031830072402954,14,4,3,zero_shot_paired
200,3,14,3,60,0,0,1,0.5002772808074951,0.5002772808074951,0.5002772808074951,0.49972277879714966,14,4,3,zero_shot_paired
200,4,14,4,60,0,1,0,0.5044624209403992,0.5044624209403992,0.49553757905960083,0.5044624209403992,14,4,3,zero_shot_paired
200,5,14,5,60,1,1,1,0.5047877430915833,0.5047877430915833,0.49521225690841675,0.5047877430915833,14,4,3,zero_shot_paired
200,6,14,7,60,1,1,1,0.5095611810684204,0.5095611810684204,0.4904388189315796,0.5095611810684204,14,4,3,zero_shot_paired
200,7,14,8,60,0,1,0,0.5051299929618835,0.5051299929618835,0.49486997723579407,0.5051299929618835,14,4,3,zero_shot_paired
200,8,14,9,60,0,1,0,0.5063810348510742,0.5063810348510742,0.4936189651489258,0.5063810348510742,14,4,3,zero_shot_paired
200,9,14,10,60,1,1,1,0.5031566619873047,0.5031566619873047,0.4968433380126953,0.5031566619873047,14,4,3,zero_shot_paired
200,10,14,11,60,1,1,1,0.5003901124000549,0.5003901124000549,0.49960991740226746,0.5003901124000549,14,4,3,zero_shot_paired
200,11,14,13,60,0,0,1,0.5009348392486572,0.5009348392486572,0.5009348392486572,0.499065101146698,14,4,3,zero_shot_paired
200,12,14,14,60,0,1,0,0.501358687877655,0.501358687877655,0.4986412823200226,0.501358687877655,14,4,3,zero_shot_paired
200,13,14,15,60,1,1,1,0.5083855986595154,0.5083855986595154,0.4916144609451294,0.5083855986595154,14,4,3,zero_shot_paired
200,14,14,16,60,0,0,1,0.5003922581672668,0.5003922581672668,0.5003922581672668,0.49960771203041077,14,4,3,zero_shot_paired
200,0,14,0,60,1,1,1,0.5047050714492798,0.5047050714492798,0.4952949583530426,0.5047050714492798,14,4,3,post_calibration
200,1,14,1,60,0,1,0,0.5060484409332275,0.5060484409332275,0.49395158886909485,0.5060484409332275,14,4,3,post_calibration
200,2,14,2,60,1,1,1,0.503731369972229,0.503731369972229,0.496268630027771,0.503731369972229,14,4,3,post_calibration
200,3,14,3,60,0,1,0,0.5003250241279602,0.5003250241279602,0.49967503547668457,0.5003250241279602,14,4,3,post_calibration
200,4,14,4,60,0,1,0,0.5045403242111206,0.5045403242111206,0.4954596757888794,0.5045403242111206,14,4,3,post_calibration
200,5,14,5,60,1,1,1,0.5044990181922913,0.5044990181922913,0.49550098180770874,0.5044990181922913,14,4,3,post_calibration
200,6,14,7,60,1,1,1,0.5092148780822754,0.5092148780822754,0.4907851219177246,0.5092148780822754,14,4,3,post_calibration
200,7,14,8,60,0,1,0,0.5055386424064636,0.5055386424064636,0.49446138739585876,0.5055386424064636,14,4,3,post_calibration
200,8,14,9,60,0,1,0,0.506286084651947,0.506286084651947,0.4937138557434082,0.506286084651947,14,4,3,post_calibration
200,9,14,10,60,1,1,1,0.5031194090843201,0.5031194090843201,0.49688059091567993,0.5031194090843201,14,4,3,post_calibration
200,10,14,11,60,1,1,1,0.5002076029777527,0.5002076029777527,0.4997923970222473,0.5002076029777527,14,4,3,post_calibration
200,11,14,13,60,0,0,1,0.5002054572105408,0.5002054572105408,0.5002054572105408,0.49979448318481445,14,4,3,post_calibration
200,12,14,14,60,0,1,0,0.5025766491889954,0.5025766491889954,0.497423380613327,0.5025766491889954,14,4,3,post_calibration
200,13,14,15,60,1,1,1,0.5088599324226379,0.5088599324226379,0.49114006757736206,0.5088599324226379,14,4,3,post_calibration
200,14,14,16,60,0,1,0,0.500011682510376,0.500011682510376,0.4999883472919464,0.500011682510376,14,4,3,post_calibration
201,0,14,0,60,1,1,1,0.5038670897483826,0.5038670897483826,0.49613288044929504,0.5038670897483826,14,5,3,zero_shot_paired
201,1,14,1,60,0,1,0,0.5062471628189087,0.5062471628189087,0.4937528073787689,0.5062471628189087,14,5,3,zero_shot_paired
201,2,14,2,60,1,1,1,0.5031830072402954,0.5031830072402954,0.4968169927597046,0.5031830072402954,14,5,3,zero_shot_paired
201,3,14,3,60,0,0,1,0.5002772808074951,0.5002772808074951,0.5002772808074951,0.49972277879714966,14,5,3,zero_shot_paired
201,4,14,5,60,1,1,1,0.5047877430915833,0.5047877430915833,0.49521225690841675,0.5047877430915833,14,5,3,zero_shot_paired
201,5,14,6,60,1,1,1,0.5005454421043396,0.5005454421043396,0.4994545876979828,0.5005454421043396,14,5,3,zero_shot_paired
201,6,14,9,60,0,1,0,0.5063810348510742,0.5063810348510742,0.4936189651489258,0.5063810348510742,14,5,3,zero_shot_paired
201,7,14,10,60,1,1,1,0.5031566619873047,0.5031566619873047,0.4968433380126953,0.5031566619873047,14,5,3,zero_shot_paired
201,8,14,11,60,1,1,1,0.5003901124000549,0.5003901124000549,0.49960991740226746,0.5003901124000549,14,5,3,zero_shot_paired
201,9,14,12,60,1,1,1,0.5043750405311584,0.5043750405311584,0.49562495946884155,0.5043750405311584,14,5,3,zero_shot_paired
201,10,14,13,60,0,0,1,0.5009348392486572,0.5009348392486572,0.5009348392486572,0.499065101146698,14,5,3,zero_shot_paired
201,11,14,14,60,0,1,0,0.501358687877655,0.501358687877655,0.4986412823200226,0.501358687877655,14,5,3,zero_shot_paired
201,12,14,15,60,1,1,1,0.5083855986595154,0.5083855986595154,0.4916144609451294,0.5083855986595154,14,5,3,zero_shot_paired
201,13,14,16,60,0,0,1,0.5003922581672668,0.5003922581672668,0.5003922581672668,0.49960771203041077,14,5,3,zero_shot_paired
201,14,14,17,60,0,1,0,0.5008602142333984,0.5008602142333984,0.4991397559642792,0.5008602142333984,14,5,3,zero_shot_paired
201,0,14,0,60,1,1,1,0.5031144618988037,0.5031144618988037,0.4968854784965515,0.5031144618988037,14,5,3,post_calibration
201,1,14,1,60,0,1,0,0.5050140023231506,0.5050140023231506,0.49498599767684937,0.5050140023231506,14,5,3,post_calibration
201,2,14,2,60,1,1,1,0.5017390251159668,0.5017390251159668,0.4982609450817108,0.5017390251159668,14,5,3,post_calibration
201,3,14,3,60,0,0,1,0.5011345744132996,0.5011345744132996,0.5011345744132996,0.49886539578437805,14,5,3,post_calibration
201,4,14,5,60,1,1,1,0.5040642619132996,0.5040642619132996,0.49593570828437805,0.5040642619132996,14,5,3,post_calibration
201,5,14,6,60,1,0,0,0.5006271004676819,0.5006271004676819,0.5006271004676819,0.4993728995323181,14,5,3,post_calibration
201,6,14,9,60,0,1,0,0.5055016875267029,0.5055016875267029,0.4944983124732971,0.5055016875267029,14,5,3,post_calibration
201,7,14,10,60,1,1,1,0.5026693344116211,0.5026693344116211,0.4973306655883789,0.5026693344116211,14,5,3,post_calibration
201,8,14,11,60,1,0,0,0.500376284122467,0.500376284122467,0.500376284122467,0.49962374567985535,14,5,3,post_calibration
201,9,14,12,60,1,1,1,0.5035732984542847,0.5035732984542847,0.49642667174339294,0.5035732984542847,14,5,3,post_calibration
201,10,14,13,60,0,0,1,0.501899778842926,0.501899778842926,0.501899778842926,0.498100221157074,14,5,3,post_calibration
201,11,14,14,60,0,1,0,0.5005531311035156,0.5005531311035156,0.4994468092918396,0.5005531311035156,14,5,3,post_calibration
201,12,14,15,60,1,1,1,0.5074883699417114,0.5074883699417114,0.4925116002559662,0.5074883699417114,14,5,3,post_calibration
201,13,14,16,60,0,0,1,0.5012432336807251,0.5012432336807251,0.5012432336807251,0.4987567961215973,14,5,3,post_calibration
201,14,14,17,60,0,0,1,0.5000699758529663,0.5000699758529663,0.5000699758529663,0.4999299943447113,14,5,3,post_calibration
202,0,14,2,60,1,1,1,0.5031830072402954,0.5031830072402954,0.4968169927597046,0.5031830072402954,14,6,3,zero_shot_paired
202,1,14,3,60,0,0,1,0.5002772808074951,0.5002772808074951,0.5002772808074951,0.49972277879714966,14,6,3,zero_shot_paired
202,2,14,4,60,0,1,0,0.5044624209403992,0.5044624209403992,0.49553757905960083,0.5044624209403992,14,6,3,zero_shot_paired
202,3,14,5,60,1,1,1,0.5047877430915833,0.5047877430915833,0.49521225690841675,0.5047877430915833,14,6,3,zero_shot_paired
202,4,14,6,60,1,1,1,0.5005454421043396,0.5005454421043396,0.4994545876979828,0.5005454421043396,14,6,3,zero_shot_paired
202,5,14,7,60,1,1,1,0.5095611810684204,0.5095611810684204,0.4904388189315796,0.5095611810684204,14,6,3,zero_shot_paired
202,6,14,8,60,0,1,0,0.5051299929618835,0.5051299929618835,0.49486997723579407,0.5051299929618835,14,6,3,zero_shot_paired
202,7,14,9,60,0,1,0,0.5063810348510742,0.5063810348510742,0.4936189651489258,0.5063810348510742,14,6,3,zero_shot_paired
202,8,14,10,60,1,1,1,0.5031566619873047,0.5031566619873047,0.4968433380126953,0.5031566619873047,14,6,3,zero_shot_paired
202,9,14,11,60,1,1,1,0.5003901124000549,0.5003901124000549,0.49960991740226746,0.5003901124000549,14,6,3,zero_shot_paired
202,10,14,12,60,1,1,1,0.5043750405311584,0.5043750405311584,0.49562495946884155,0.5043750405311584,14,6,3,zero_shot_paired
202,11,14,13,60,0,0,1,0.5009348392486572,0.5009348392486572,0.5009348392486572,0.499065101146698,14,6,3,zero_shot_paired
202,12,14,15,60,1,1,1,0.5083855986595154,0.5083855986595154,0.4916144609451294,0.5083855986595154,14,6,3,zero_shot_paired
202,13,14,16,60,0,0,1,0.5003922581672668,0.5003922581672668,0.5003922581672668,0.49960771203041077,14,6,3,zero_shot_paired
202,14,14,17,60,0,1,0,0.5008602142333984,0.5008602142333984,0.4991397559642792,0.5008602142333984,14,6,3,zero_shot_paired
202,0,14,2,60,1,1,1,0.5031265020370483,0.5031265020370483,0.4968734681606293,0.5031265020370483,14,6,3,post_calibration
202,1,14,3,60,0,0,1,0.5003488063812256,0.5003488063812256,0.5003488063812256,0.499651163816452,14,6,3,post_calibration
202,2,14,4,60,0,1,0,0.5047184228897095,0.5047184228897095,0.49528154730796814,0.5047184228897095,14,6,3,post_calibration
202,3,14,5,60,1,1,1,0.5051319599151611,0.5051319599151611,0.49486804008483887,0.5051319599151611,14,6,3,post_calibration
202,4,14,6,60,1,1,1,0.5002180337905884,0.5002180337905884,0.499781996011734,0.5002180337905884,14,6,3,post_calibration
202,5,14,7,60,1,1,1,0.5099857449531555,0.5099857449531555,0.4900142252445221,0.5099857449531555,14,6,3,post_calibration
202,6,14,8,60,0,1,0,0.5055959224700928,0.5055959224700928,0.4944041073322296,0.5055959224700928,14,6,3,post_calibration
202,7,14,9,60,0,1,0,0.5060626864433289,0.5060626864433289,0.4939373731613159,0.5060626864433289,14,6,3,post_calibration
202,8,14,10,60,1,1,1,0.5030543208122253,0.5030543208122253,0.49694570899009705,0.5030543208122253,14,6,3,post_calibration
202,9,14,11,60,1,1,1,0.5003775954246521,0.5003775954246521,0.4996223747730255,0.5003775954246521,14,6,3,post_calibration
202,10,14,12,60,1,1,1,0.5046346783638,0.5046346783638,0.49536529183387756,0.5046346783638,14,6,3,post_calibration
202,11,14,13,60,0,0,1,0.5015432238578796,0.5015432238578796,0.5015432238578796,0.49845683574676514,14,6,3,post_calibration
202,12,14,15,60,1,1,1,0.5083065629005432,0.5083065629005432,0.4916934370994568,0.5083065629005432,14,6,3,post_calibration
202,13,14,16,60,0,0,1,0.5009422302246094,0.5009422302246094,0.5009422302246094,0.4990577697753906,14,6,3,post_calibration
202,14,14,17,60,0,1,0,0.5013670921325684,0.5013670921325684,0.49863293766975403,0.5013670921325684,14,6,3,post_calibration
203,0,14,1,60,0,1,0,0.5062471628189087,0.5062471628189087,0.4937528073787689,0.5062471628189087,14,1,6,zero_shot_paired
203,1,14,2,60,1,1,1,0.5031830072402954,0.5031830072402954,0.4968169927597046,0.5031830072402954,14,1,6,zero_shot_paired
203,2,14,3,60,0,0,1,0.5002772808074951,0.5002772808074951,0.5002772808074951,0.49972277879714966,14,1,6,zero_shot_paired
203,3,14,4,60,0,1,0,0.5044624209403992,0.5044624209403992,0.49553757905960083,0.5044624209403992,14,1,6,zero_shot_paired
203,4,14,6,60,1,1,1,0.5005454421043396,0.5005454421043396,0.4994545876979828,0.5005454421043396,14,1,6,zero_shot_paired
203,5,14,7,60,1,1,1,0.5095611810684204,0.5095611810684204,0.4904388189315796,0.5095611810684204,14,1,6,zero_shot_paired
203,6,14,8,60,0,1,0,0.5051299929618835,0.5051299929618835,0.49486997723579407,0.5051299929618835,14,1,6,zero_shot_paired
203,7,14,10,60,1,1,1,0.5031566619873047,0.5031566619873047,0.4968433380126953,0.5031566619873047,14,1,6,zero_shot_paired
203,8,14,12,60,1,1,1,0.5043750405311584,0.5043750405311584,0.49562495946884155,0.5043750405311584,14,1,6,zero_shot_paired
203,9,14,15,60,1,1,1,0.5083855986595154,0.5083855986595154,0.4916144609451294,0.5083855986595154,14,1,6,zero_shot_paired
203,10,14,16,60,0,0,1,0.5003922581672668,0.5003922581672668,0.5003922581672668,0.49960771203041077,14,1,6,zero_shot_paired
203,11,14,17,60,0,1,0,0.5008602142333984,0.5008602142333984,0.4991397559642792,0.5008602142333984,14,1,6,zero_shot_paired
203,0,14,1,60,0,1,0,0.5062455534934998,0.5062455534934998,0.49375444650650024,0.5062455534934998,14,1,6,post_calibration
203,1,14,2,60,1,1,1,0.5028678774833679,0.5028678774833679,0.4971320927143097,0.5028678774833679,14,1,6,post_calibration
203,2,14,3,60,0,1,0,0.5000476837158203,0.5000476837158203,0.4999523162841797,0.5000476837158203,14,1,6,post_calibration
203,3,14,4,60,0,1,0,0.5041419863700867,0.5041419863700867,0.4958580434322357,0.5041419863700867,14,1,6,post_calibration
203,4,14,6,60,1,1,1,0.5004097819328308,0.5004097819328308,0.49959027767181396,0.5004097819328308,14,1,6,post_calibration
203,5,14,7,60,1,1,1,0.5096461772918701,0.5096461772918701,0.49035385251045227,0.5096461772918701,14,1,6,post_calibration
203,6,14,8,60,0,1,0,0.5050474405288696,0.5050474405288696,0.49495255947113037,0.5050474405288696,14,1,6,post_calibration
203,7,14,10,60,1,1,1,0.5023199319839478,0.5023199319839478,0.49768003821372986,0.5023199319839478,14,1,6,post_calibration
203,8,14,12,60,1,1,1,0.5038724541664124,0.5038724541664124,0.49612748622894287,0.5038724541664124,14,1,6,post_calibration
203,9,14,15,60,1,1,1,0.507411777973175,0.507411777973175,0.49258819222450256,0.507411777973175,14,1,6,post_calibration
203,10,14,16,60,0,0,1,0.5010779500007629,0.5010779500007629,0.5010779500007629,0.49892204999923706,14,1,6,post_calibration
203,11,14,17,60,0,1,0,0.5006714463233948,0.5006714463233948,0.4993285834789276,0.5006714463233948,14,1,6,post_calibration
204,0,14,0,60,1,1,1,0.5038670897483826,0.5038670897483826,0.49613288044929504,0.5038670897483826,14,2,6,zero_shot_paired
204,1,14,1,60,0,1,0,0.5062471628189087,0.5062471628189087,0.4937528073787689,0.5062471628189087,14,2,6,zero_shot_paired
204,2,14,2,60,1,1,1,0.5031830072402954,0.5031830072402954,0.4968169927597046,0.5031830072402954,14,2,6,zero_shot_paired
204,3,14,4,60,0,1,0,0.5044624209403992,0.5044624209403992,0.49553757905960083,0.5044624209403992,14,2,6,zero_shot_paired
204,4,14,5,60,1,1,1,0.5047877430915833,0.5047877430915833,0.49521225690841675,0.5047877430915833,14,2,6,zero_shot_paired
204,5,14,7,60,1,1,1,0.5095611810684204,0.5095611810684204,0.4904388189315796,0.5095611810684204,14,2,6,zero_shot_paired
204,6,14,9,60,0,1,0,0.5063810348510742,0.5063810348510742,0.4936189651489258,0.5063810348510742,14,2,6,zero_shot_paired
204,7,14,11,60,1,1,1,0.5003901124000549,0.5003901124000549,0.49960991740226746,0.5003901124000549,14,2,6,zero_shot_paired
204,8,14,13,60,0,0,1,0.5009348392486572,0.5009348392486572,0.5009348392486572,0.499065101146698,14,2,6,zero_shot_paired
204,9,14,14,60,0,1,0,0.501358687877655,0.501358687877655,0.4986412823200226,0.501358687877655,14,2,6,zero_shot_paired
204,10,14,15,60,1,1,1,0.5083855986595154,0.5083855986595154,0.4916144609451294,0.5083855986595154,14,2,6,zero_shot_paired
204,11,14,17,60,0,1,0,0.5008602142333984,0.5008602142333984,0.4991397559642792,0.5008602142333984,14,2,6,zero_shot_paired
204,0,14,0,60,1,1,1,0.5029600262641907,0.5029600262641907,0.4970399737358093,0.5029600262641907,14,2,6,post_calibration
204,1,14,1,60,0,1,0,0.5060163736343384,0.5060163736343384,0.493983656167984,0.5060163736343384,14,2,6,post_calibration
204,2,14,2,60,1,1,1,0.5023301243782043,0.5023301243782043,0.49766987562179565,0.5023301243782043,14,2,6,post_calibration
204,3,14,4,60,0,1,0,0.5039829611778259,0.5039829611778259,0.4960170090198517,0.5039829611778259,14,2,6,post_calibration
204,4,14,5,60,1,1,1,0.5045714974403381,0.5045714974403381,0.49542853236198425,0.5045714974403381,14,2,6,post_calibration
204,5,14,7,60,1,1,1,0.5096062421798706,0.5096062421798706,0.490393728017807,0.5096062421798706,14,2,6,post_calibration
204,6,14,9,60,0,1,0,0.5066767930984497,0.5066767930984497,0.4933232367038727,0.5066767930984497,14,2,6,post_calibration
204,7,14,11,60,1,1,1,0.5009105801582336,0.5009105801582336,0.49908944964408875,0.5009105801582336,14,2,6,post_calibration
204,8,14,13,60,0,0,1,0.5007577538490295,0.5007577538490295,0.5007577538490295,0.49924227595329285,14,2,6,post_calibration
204,9,14,14,60,0,1,0,0.5006466507911682,0.5006466507911682,0.4993533194065094,0.5006466507911682,14,2,6,post_calibration
204,10,14,15,60,1,1,1,0.5084626078605652,0.5084626078605652,0.4915373623371124,0.5084626078605652,14,2,6,post_calibration
204,11,14,17,60,0,1,0,0.5009137988090515,0.5009137988090515,0.4990862011909485,0.5009137988090515,14,2,6,post_calibration
205,0,14,0,60,1,1,1,0.5038670897483826,0.5038670897483826,0.49613288044929504,0.5038670897483826,14,3,6,zero_shot_paired
205,1,14,3,60,0,0,1,0.5002772808074951,0.5002772808074951,0.5002772808074951,0.49972277879714966,14,3,6,zero_shot_paired
205,2,14,5,60,1,1,1,0.5047877430915833,0.5047877430915833,0.49521225690841675,0.5047877430915833,14,3,6,zero_shot_paired
205,3,14,6,60,1,1,1,0.5005454421043396,0.5005454421043396,0.4994545876979828,0.5005454421043396,14,3,6,zero_shot_paired
205,4,14,8,60,0,1,0,0.5051299929618835,0.5051299929618835,0.49486997723579407,0.5051299929618835,14,3,6,zero_shot_paired
205,5,14,9,60,0,1,0,0.5063810348510742,0.5063810348510742,0.4936189651489258,0.5063810348510742,14,3,6,zero_shot_paired
205,6,14,10,60,1,1,1,0.5031566619873047,0.5031566619873047,0.4968433380126953,0.5031566619873047,14,3,6,zero_shot_paired
205,7,14,11,60,1,1,1,0.5003901124000549,0.5003901124000549,0.49960991740226746,0.5003901124000549,14,3,6,zero_shot_paired
205,8,14,12,60,1,1,1,0.5043750405311584,0.5043750405311584,0.49562495946884155,0.5043750405311584,14,3,6,zero_shot_paired
205,9,14,13,60,0,0,1,0.5009348392486572,0.5009348392486572,0.5009348392486572,0.499065101146698,14,3,6,zero_shot_paired
205,10,14,14,60,0,1,0,0.501358687877655,0.501358687877655,0.4986412823200226,0.501358687877655,14,3,6,zero_shot_paired
205,11,14,16,60,0,0,1,0.5003922581672668,0.5003922581672668,0.5003922581672668,0.49960771203041077,14,3,6,zero_shot_paired
205,0,14,0,60,1,1,1,0.5038853883743286,0.5038853883743286,0.4961146116256714,0.5038853883743286,14,3,6,post_calibration
205,1,14,3,60,0,0,1,0.5003608465194702,0.5003608465194702,0.5003608465194702,0.4996391236782074,14,3,6,post_calibration
205,2,14,5,60,1,1,1,0.5045518279075623,0.5045518279075623,0.49544814229011536,0.5045518279075623,14,3,6,post_calibration
205,3,14,6,60,1,1,1,0.5009008646011353,0.5009008646011353,0.49909916520118713,0.5009008646011353,14,3,6,post_calibration
205,4,14,8,60,0,1,0,0.5048189759254456,0.5048189759254456,0.49518099427223206,0.5048189759254456,14,3,6,post_calibration
205,5,14,9,60,0,1,0,0.5058911442756653,0.5058911442756653,0.4941088557243347,0.5058911442756653,14,3,6,post_calibration
205,6,14,10,60,1,1,1,0.5029129385948181,0.5029129385948181,0.4970870316028595,0.5029129385948181,14,3,6,post_calibration
205,7,14,11,60,1,1,1,0.500247597694397,0.500247597694397,0.499752402305603,0.500247597694397,14,3,6,post_calibration
205,8,14,12,60,1,1,1,0.5042638778686523,0.5042638778686523,0.49573612213134766,0.5042638778686523,14,3,6,post_calibration
205,9,14,13,60,0,0,1,0.5006018280982971,0.5006018280982971,0.5006018280982971,0.49939820170402527,14,3,6,post_calibration
205,10,14,14,60,0,1,0,0.5012813806533813,0.5012813806533813,0.49871861934661865,0.5012813806533813,14,3,6,post_calibration
205,11,14,16,60,0,0,1,0.500961422920227,0.500961422920227,0.500961422920227,0.49903860688209534,14,3,6,post_calibration
206,0,14,2,60,1,1,1,0.5031829476356506,0.5031829476356506,0.49681708216667175,0.5031829476356506,14,1,9,zero_shot_paired
206,1,14,3,60,0,0,1,0.5002774000167847,0.5002774000167847,0.5002774000167847,0.49972259998321533,14,1,9,zero_shot_paired
206,2,14,4,60,0,1,0,0.5044623017311096,0.5044623017311096,0.49553772807121277,0.5044623017311096,14,1,9,zero_shot_paired
206,3,14,6,60,1,1,1,0.5005454421043396,0.5005454421043396,0.4994545578956604,0.5005454421043396,14,1,9,zero_shot_paired
206,4,14,9,60,0,1,0,0.506381094455719,0.506381094455719,0.4936189353466034,0.506381094455719,14,1,9,zero_shot_paired
206,5,14,11,60,1,1,1,0.5003901720046997,0.5003901720046997,0.4996098279953003,0.5003901720046997,14,1,9,zero_shot_paired
206,6,14,13,60,0,0,1,0.5009347200393677,0.5009347200393677,0.5009347200393677,0.49906525015830994,14,1,9,zero_shot_paired
206,7,14,14,60,0,1,0,0.5013588070869446,0.5013588070869446,0.49864116311073303,0.5013588070869446,14,1,9,zero_shot_paired
206,8,14,15,60,1,1,1,0.5083855986595154,0.5083855986595154,0.4916144013404846,0.5083855986595154,14,1,9,zero_shot_paired
206,0,14,2,60,1,1,1,0.5030089020729065,0.5030089020729065,0.4969910681247711,0.5030089020729065,14,1,9,post_calibration
206,1,14,3,60,0,1,0,0.5000666975975037,0.5000666975975037,0.49993330240249634,0.5000666975975037,14,1,9,post_calibration
206,2,14,4,60,0,1,0,0.503860592842102,0.503860592842102,0.49613940715789795,0.503860592842102,14,1,9,post_calibration
206,3,14,6,60,1,1,1,0.5005254745483398,0.5005254745483398,0.49947452545166016,0.5005254745483398,14,1,9,post_calibration
206,4,14,9,60,0,1,0,0.5066511631011963,0.5066511631011963,0.4933488070964813,0.5066511631011963,14,1,9,post_calibration
206,5,14,11,60,1,1,1,0.5004959106445312,0.5004959106445312,0.49950411915779114,0.5004959106445312,14,1,9,post_calibration
206,6,14,13,60,0,0,1,0.5008847117424011,0.5008847117424011,0.5008847117424011,0.4991152882575989,14,1,9,post_calibration
206,7,14,14,60,0,1,0,0.5006417632102966,0.5006417632102966,0.499358206987381,0.5006417632102966,14,1,9,post_calibration
206,8,14,15,60,1,1,1,0.5082259774208069,0.5082259774208069,0.4917740225791931,0.5082259774208069,14,1,9,post_calibration
207,0,14,0,60,1,1,1,0.5038672089576721,0.5038672089576721,0.49613282084465027,0.5038672089576721,14,2,9,zero_shot_paired
207,1,14,1,60,0,1,0,0.5062471628189087,0.5062471628189087,0.4937528073787689,0.5062471628189087,14,2,9,zero_shot_paired
207,2,14,5,60,1,1,1,0.5047876834869385,0.5047876834869385,0.49521228671073914,0.5047876834869385,14,2,9,zero_shot_paired
207,3,14,7,60,1,1,1,0.5095612406730652,0.5095612406730652,0.4904387593269348,0.5095612406730652,14,2,9,zero_shot_paired
207,4,14,8,60,0,1,0,0.5051301121711731,0.5051301121711731,0.4948699176311493,0.5051301121711731,14,2,9,zero_shot_paired
207,5,14,10,60,1,1,1,0.5031567215919495,0.5031567215919495,0.49684327840805054,0.5031567215919495,14,2,9,zero_shot_paired
207,6,14,12,60,1,1,1,0.5043750405311584,0.5043750405311584,0.49562501907348633,0.5043750405311584,14,2,9,zero_shot_paired
207,7,14,16,60,0,0,1,0.5003921985626221,0.5003921985626221,0.5003921985626221,0.4996078312397003,14,2,9,zero_shot_paired
207,8,14,17,60,0,1,0,0.5008601546287537,0.5008601546287537,0.49913984537124634,0.5008601546287537,14,2,9,zero_shot_paired
207,0,14,0,60,1,1,1,0.5036361813545227,0.5036361813545227,0.4963637888431549,0.5036361813545227,14,2,9,post_calibration
207,1,14,1,60,0,1,0,0.5055755972862244,0.5055755972862244,0.494424432516098,0.5055755972862244,14,2,9,post_calibration
207,2,14,5,60,1,1,1,0.5031483173370361,0.5031483173370361,0.49685174226760864,0.5031483173370361,14,2,9,post_calibration
207,3,14,7,60,1,1,1,0.5087604522705078,0.5087604522705078,0.4912395477294922,0.5087604522705078,14,2,9,post_calibration
207,4,14,8,60,0,1,0,0.5043265223503113,0.5043265223503113,0.4956734776496887,0.5043265223503113,14,2,9,post_calibration
207,5,14,10,60,1,1,1,0.502676248550415,0.502676248550415,0.49732378125190735,0.502676248550415,14,2,9,post_calibration
207,6,14,12,60,1,1,1,0.5026835799217224,0.5026835799217224,0.4973164200782776,0.5026835799217224,14,2,9,post_calibration
207,7,14,16,60,0,0,1,0.5013247132301331,0.5013247132301331,0.5013247132301331,0.49867528676986694,14,2,9,post_calibration
207,8,14,17,60,0,0,1,0.5003857612609863,0.5003857612609863,0.5003857612609863,0.49961423873901367,14,2,9,post_calibration
208,0,14,3,60,0,0,1,0.5002769231796265,0.5002769231796265,0.5002769231796265,0.49972307682037354,14,1,12,zero_shot_paired
208,1,14,4,60,0,1,0,0.5044615864753723,0.5044615864753723,0.4955384135246277,0.5044615864753723,14,1,12,zero_shot_paired
208,2,14,5,60,1,1,1,0.5047860741615295,0.5047860741615295,0.49521392583847046,0.5047860741615295,14,1,12,zero_shot_paired
208,3,14,7,60,1,1,1,0.5095622539520264,0.5095622539520264,0.49043774604797363,0.5095622539520264,14,1,12,zero_shot_paired
208,4,14,10,60,1,1,1,0.503157377243042,0.503157377243042,0.496842622756958,0.503157377243042,14,1,12,zero_shot_paired
208,5,14,14,60,0,1,0,0.5013602375984192,0.5013602375984192,0.4986397624015808,0.5013602375984192,14,1,12,zero_shot_paired
208,0,14,3,60,0,1,0,0.5005949139595032,0.5005949139595032,0.4994051158428192,0.5005949139595032,14,1,12,post_calibration
208,1,14,4,60,0,1,0,0.5042468905448914,0.5042468905448914,0.49575307965278625,0.5042468905448914,14,1,12,post_calibration
208,2,14,5,60,1,1,1,0.5037851929664612,0.5037851929664612,0.4962148368358612,0.5037851929664612,14,1,12,post_calibration
208,3,14,7,60,1,1,1,0.5083910226821899,0.5083910226821899,0.49160897731781006,0.5083910226821899,14,1,12,post_calibration
208,4,14,10,60,1,1,1,0.5014533996582031,0.5014533996582031,0.4985466003417969,0.5014533996582031,14,1,12,post_calibration
208,5,14,14,60,0,1,0,0.5019562244415283,0.5019562244415283,0.4980437457561493,0.5019562244415283,14,1,12,post_calibration
209,0,14,1,60,0,1,0,0.5062463879585266,0.5062463879585266,0.4937536418437958,0.5062463879585266,14,2,12,zero_shot_paired
209,1,14,2,60,1,1,1,0.503182590007782,0.503182590007782,0.4968174397945404,0.503182590007782,14,2,12,zero_shot_paired
209,2,14,5,60,1,1,1,0.5047860741615295,0.5047860741615295,0.49521392583847046,0.5047860741615295,14,2,12,zero_shot_paired
209,3,14,7,60,1,1,1,0.5095622539520264,0.5095622539520264,0.49043774604797363,0.5095622539520264,14,2,12,zero_shot_paired
209,4,14,8,60,0,1,0,0.5051295757293701,0.5051295757293701,0.4948703944683075,0.5051295757293701,14,2,12,zero_shot_paired
209,5,14,14,60,0,1,0,0.5013602375984192,0.5013602375984192,0.4986397624015808,0.5013602375984192,14,2,12,zero_shot_paired
209,0,14,1,60,0,1,0,0.5063056945800781,0.5063056945800781,0.49369436502456665,0.5063056945800781,14,2,12,post_calibration
209,1,14,2,60,1,1,1,0.5038182139396667,0.5038182139396667,0.49618178606033325,0.5038182139396667,14,2,12,post_calibration
209,2,14,5,60,1,1,1,0.5033937692642212,0.5033937692642212,0.4966062009334564,0.5033937692642212,14,2,12,post_calibration
209,3,14,7,60,1,1,1,0.5087699294090271,0.5087699294090271,0.4912300407886505,0.5087699294090271,14,2,12,post_calibration
209,4,14,8,60,0,1,0,0.5050140023231506,0.5050140023231506,0.49498602747917175,0.5050140023231506,14,2,12,post_calibration
209,5,14,14,60,0,1,0,0.5014434456825256,0.5014434456825256,0.49855658411979675,0.5014434456825256,14,2,12,post_calibration
210,0,14,2,60,1,1,1,0.503182590007782,0.503182590007782,0.4968174397945404,0.503182590007782,14,3,12,zero_shot_paired
210,1,14,4,60,0,1,0,0.5044615864753723,0.5044615864753723,0.4955384135246277,0.5044615864753723,14,3,12,zero_shot_paired
210,2,14,10,60,1,1,1,0.503157377243042,0.503157377243042,0.496842622756958,0.503157377243042,14,3,12,zero_shot_paired
210,3,14,11,60,1,1,1,0.5003910660743713,0.5003910660743713,0.49960896372795105,0.5003910660743713,14,3,12,zero_shot_paired
210,4,14,13,60,0,0,1,0.5009337663650513,0.5009337663650513,0.5009337663650513,0.49906620383262634,14,3,12,zero_shot_paired
210,5,14,17,60,0,1,0,0.5008596181869507,0.5008596181869507,0.49914035201072693,0.5008596181869507,14,3,12,zero_shot_paired
210,0,14,2,60,1,1,1,0.5018998980522156,0.5018998980522156,0.4981001019477844,0.5018998980522156,14,3,12,post_calibration
210,1,14,4,60,0,1,0,0.5042585730552673,0.5042585730552673,0.49574142694473267,0.5042585730552673,14,3,12,post_calibration
210,2,14,10,60,1,1,1,0.5032160878181458,0.5032160878181458,0.49678388237953186,0.5032160878181458,14,3,12,post_calibration
210,3,14,11,60,1,1,1,0.5002703070640564,0.5002703070640564,0.4997296631336212,0.5002703070640564,14,3,12,post_calibration
210,4,14,13,60,0,0,1,0.5000709295272827,0.5000709295272827,0.5000709295272827,0.4999290704727173,14,3,12,post_calibration
210,5,14,17,60,0,1,0,0.5016257762908936,0.5016257762908936,0.49837422370910645,0.5016257762908936,14,3,12,post_calibration
16,0,15,0,60,0,1,0,0.5066606402397156,0.5066606402397156,0.4933393597602844,0.5066606402397156,15,,,zero_shot_all_trials
16,1,15,1,60,0,1,0,0.5027205944061279,0.5027205944061279,0.49727943539619446,0.5027205944061279,15,,,zero_shot_all_trials
16,2,15,2,60,1,0,0,0.5008310675621033,0.5008310675621033,0.5008310675621033,0.4991689622402191,15,,,zero_shot_all_trials
16,3,15,3,60,0,1,0,0.5052044987678528,0.5052044987678528,0.4947955012321472,0.5052044987678528,15,,,zero_shot_all_trials
16,4,15,4,60,0,1,0,0.5006105303764343,0.5006105303764343,0.4993894398212433,0.5006105303764343,15,,,zero_shot_all_trials
16,5,15,5,60,0,0,1,0.5000128149986267,0.5000128149986267,0.5000128149986267,0.4999871850013733,15,,,zero_shot_all_trials
16,6,15,6,60,1,1,1,0.5005293488502502,0.5005293488502502,0.499470591545105,0.5005293488502502,15,,,zero_shot_all_trials
16,7,15,7,60,0,0,1,0.5031695365905762,0.5031695365905762,0.5031695365905762,0.49683046340942383,15,,,zero_shot_all_trials
16,8,15,8,60,0,1,0,0.5025649666786194,0.5025649666786194,0.497435063123703,0.5025649666786194,15,,,zero_shot_all_trials
16,9,15,9,60,0,1,0,0.5016491413116455,0.5016491413116455,0.4983508586883545,0.5016491413116455,15,,,zero_shot_all_trials
16,10,15,10,60,1,0,0,0.5018766522407532,0.5018766522407532,0.5018766522407532,0.4981233477592468,15,,,zero_shot_all_trials
16,11,15,11,60,1,1,1,0.5037303566932678,0.5037303566932678,0.4962696135044098,0.5037303566932678,15,,,zero_shot_all_trials
16,12,15,12,60,1,1,1,0.5053329467773438,0.5053329467773438,0.49466702342033386,0.5053329467773438,15,,,zero_shot_all_trials
16,13,15,13,60,1,1,1,0.5025458335876465,0.5025458335876465,0.4974541664123535,0.5025458335876465,15,,,zero_shot_all_trials
16,14,15,14,60,0,0,1,0.5011419057846069,0.5011419057846069,0.5011419057846069,0.49885812401771545,15,,,zero_shot_all_trials
16,15,15,15,60,1,1,1,0.5014171600341797,0.5014171600341797,0.4985828697681427,0.5014171600341797,15,,,zero_shot_all_trials
16,16,15,16,60,0,0,1,0.5014138221740723,0.5014138221740723,0.5014138221740723,0.4985862076282501,15,,,zero_shot_all_trials
16,17,15,17,60,0,1,0,0.5005248188972473,0.5005248188972473,0.4994752109050751,0.5005248188972473,15,,,zero_shot_all_trials
211,0,15,0,60,0,1,0,0.5066606402397156,0.5066606402397156,0.4933393597602844,0.5066606402397156,15,1,3,zero_shot_paired
211,1,15,1,60,0,1,0,0.5027207732200623,0.5027207732200623,0.49727925658226013,0.5027207732200623,15,1,3,zero_shot_paired
211,2,15,2,60,1,0,0,0.5008310675621033,0.5008310675621033,0.5008310675621033,0.4991689622402191,15,1,3,zero_shot_paired
211,3,15,3,60,0,1,0,0.5052043795585632,0.5052043795585632,0.49479562044143677,0.5052043795585632,15,1,3,zero_shot_paired
211,4,15,5,60,0,0,1,0.5000126957893372,0.5000126957893372,0.5000126957893372,0.49998730421066284,15,1,3,zero_shot_paired
211,5,15,7,60,0,0,1,0.5031694769859314,0.5031694769859314,0.5031694769859314,0.496830552816391,15,1,3,zero_shot_paired
211,6,15,8,60,0,1,0,0.5025648474693298,0.5025648474693298,0.49743515253067017,0.5025648474693298,15,1,3,zero_shot_paired
211,7,15,9,60,0,1,0,0.5016491413116455,0.5016491413116455,0.4983508288860321,0.5016491413116455,15,1,3,zero_shot_paired
211,8,15,10,60,1,0,0,0.5018764138221741,0.5018764138221741,0.5018764138221741,0.4981236457824707,15,1,3,zero_shot_paired
211,9,15,11,60,1,1,1,0.5037305951118469,0.5037305951118469,0.4962694048881531,0.5037305951118469,15,1,3,zero_shot_paired
211,10,15,12,60,1,1,1,0.5053329467773438,0.5053329467773438,0.49466702342033386,0.5053329467773438,15,1,3,zero_shot_paired
211,11,15,13,60,1,1,1,0.5025458335876465,0.5025458335876465,0.4974541664123535,0.5025458335876465,15,1,3,zero_shot_paired
211,12,15,15,60,1,1,1,0.5014171004295349,0.5014171004295349,0.4985828995704651,0.5014171004295349,15,1,3,zero_shot_paired
211,13,15,16,60,0,0,1,0.5014138221740723,0.5014138221740723,0.5014138221740723,0.4985862076282501,15,1,3,zero_shot_paired
211,14,15,17,60,0,1,0,0.5005248188972473,0.5005248188972473,0.4994752109050751,0.5005248188972473,15,1,3,zero_shot_paired
211,0,15,0,60,0,1,0,0.5066487193107605,0.5066487193107605,0.4933512508869171,0.5066487193107605,15,1,3,post_calibration
211,1,15,1,60,0,1,0,0.5029293298721313,0.5029293298721313,0.49707064032554626,0.5029293298721313,15,1,3,post_calibration
211,2,15,2,60,1,0,0,0.5006462931632996,0.5006462931632996,0.5006462931632996,0.4993537366390228,15,1,3,post_calibration
211,3,15,3,60,0,1,0,0.5055219531059265,0.5055219531059265,0.4944780170917511,0.5055219531059265,15,1,3,post_calibration
211,4,15,5,60,0,0,1,0.5002341866493225,0.5002341866493225,0.5002341866493225,0.4997657835483551,15,1,3,post_calibration
211,5,15,7,60,0,0,1,0.5031496286392212,0.5031496286392212,0.5031496286392212,0.4968503415584564,15,1,3,post_calibration
211,6,15,8,60,0,1,0,0.5020692944526672,0.5020692944526672,0.4979306757450104,0.5020692944526672,15,1,3,post_calibration
211,7,15,9,60,0,1,0,0.5015773773193359,0.5015773773193359,0.49842262268066406,0.5015773773193359,15,1,3,post_calibration
211,8,15,10,60,1,0,0,0.5020542144775391,0.5020542144775391,0.5020542144775391,0.49794578552246094,15,1,3,post_calibration
211,9,15,11,60,1,1,1,0.5040040016174316,0.5040040016174316,0.49599599838256836,0.5040040016174316,15,1,3,post_calibration
211,10,15,12,60,1,1,1,0.5056171417236328,0.5056171417236328,0.4943828880786896,0.5056171417236328,15,1,3,post_calibration
211,11,15,13,60,1,1,1,0.5019508004188538,0.5019508004188538,0.49804922938346863,0.5019508004188538,15,1,3,post_calibration
211,12,15,15,60,1,1,1,0.5008258819580078,0.5008258819580078,0.4991740882396698,0.5008258819580078,15,1,3,post_calibration
211,13,15,16,60,0,0,1,0.5015007257461548,0.5015007257461548,0.5015007257461548,0.4984992742538452,15,1,3,post_calibration
211,14,15,17,60,0,1,0,0.5006172060966492,0.5006172060966492,0.49938279390335083,0.5006172060966492,15,1,3,post_calibration
212,0,15,1,60,0,1,0,0.5027207732200623,0.5027207732200623,0.49727925658226013,0.5027207732200623,15,2,3,zero_shot_paired
212,1,15,2,60,1,0,0,0.5008310675621033,0.5008310675621033,0.5008310675621033,0.4991689622402191,15,2,3,zero_shot_paired
212,2,15,3,60,0,1,0,0.5052043795585632,0.5052043795585632,0.49479562044143677,0.5052043795585632,15,2,3,zero_shot_paired
212,3,15,4,60,0,1,0,0.5006105303764343,0.5006105303764343,0.4993894696235657,0.5006105303764343,15,2,3,zero_shot_paired
212,4,15,5,60,0,0,1,0.5000126957893372,0.5000126957893372,0.5000126957893372,0.49998730421066284,15,2,3,zero_shot_paired
212,5,15,6,60,1,1,1,0.500529408454895,0.500529408454895,0.4994705319404602,0.500529408454895,15,2,3,zero_shot_paired
212,6,15,7,60,0,0,1,0.5031694769859314,0.5031694769859314,0.5031694769859314,0.496830552816391,15,2,3,zero_shot_paired
212,7,15,8,60,0,1,0,0.5025648474693298,0.5025648474693298,0.49743515253067017,0.5025648474693298,15,2,3,zero_shot_paired
212,8,15,9,60,0,1,0,0.5016491413116455,0.5016491413116455,0.4983508288860321,0.5016491413116455,15,2,3,zero_shot_paired
212,9,15,10,60,1,0,0,0.5018764138221741,0.5018764138221741,0.5018764138221741,0.4981236457824707,15,2,3,zero_shot_paired
212,10,15,12,60,1,1,1,0.5053329467773438,0.5053329467773438,0.49466702342033386,0.5053329467773438,15,2,3,zero_shot_paired
212,11,15,13,60,1,1,1,0.5025458335876465,0.5025458335876465,0.4974541664123535,0.5025458335876465,15,2,3,zero_shot_paired
212,12,15,14,60,0,0,1,0.5011418461799622,0.5011418461799622,0.5011418461799622,0.49885815382003784,15,2,3,zero_shot_paired
212,13,15,15,60,1,1,1,0.5014171004295349,0.5014171004295349,0.4985828995704651,0.5014171004295349,15,2,3,zero_shot_paired
212,14,15,17,60,0,1,0,0.5005248188972473,0.5005248188972473,0.4994752109050751,0.5005248188972473,15,2,3,zero_shot_paired
212,0,15,1,60,0,1,0,0.5020958185195923,0.5020958185195923,0.4979041516780853,0.5020958185195923,15,2,3,post_calibration
212,1,15,2,60,1,0,0,0.5018178820610046,0.5018178820610046,0.5018178820610046,0.498182088136673,15,2,3,post_calibration
212,2,15,3,60,0,1,0,0.5048944354057312,0.5048944354057312,0.4951055347919464,0.5048944354057312,15,2,3,post_calibration
212,3,15,4,60,0,1,0,0.5005579590797424,0.5005579590797424,0.49944204092025757,0.5005579590797424,15,2,3,post_calibration
212,4,15,5,60,0,0,1,0.5008310079574585,0.5008310079574585,0.5008310079574585,0.4991689622402191,15,2,3,post_calibration
212,5,15,6,60,1,1,1,0.5001960396766663,0.5001960396766663,0.49980396032333374,0.5001960396766663,15,2,3,post_calibration
212,6,15,7,60,0,0,1,0.5039153099060059,0.5039153099060059,0.5039153099060059,0.49608463048934937,15,2,3,post_calibration
212,7,15,8,60,0,1,0,0.5029773712158203,0.5029773712158203,0.4970226287841797,0.5029773712158203,15,2,3,post_calibration
212,8,15,9,60,0,1,0,0.5012726187705994,0.5012726187705994,0.498727411031723,0.5012726187705994,15,2,3,post_calibration
212,9,15,10,60,1,0,0,0.5021607279777527,0.5021607279777527,0.5021607279777527,0.4978392720222473,15,2,3,post_calibration
212,10,15,12,60,1,1,1,0.5049281716346741,0.5049281716346741,0.49507179856300354,0.5049281716346741,15,2,3,post_calibration
212,11,15,13,60,1,1,1,0.5024570822715759,0.5024570822715759,0.4975429177284241,0.5024570822715759,15,2,3,post_calibration
212,12,15,14,60,0,0,1,0.50138920545578,0.50138920545578,0.50138920545578,0.49861079454421997,15,2,3,post_calibration
212,13,15,15,60,1,1,1,0.5002638101577759,0.5002638101577759,0.49973613023757935,0.5002638101577759,15,2,3,post_calibration
212,14,15,17,60,0,0,1,0.5003268718719482,0.5003268718719482,0.5003268718719482,0.49967315793037415,15,2,3,post_calibration
213,0,15,0,60,0,1,0,0.5066606402397156,0.5066606402397156,0.4933393597602844,0.5066606402397156,15,3,3,zero_shot_paired
213,1,15,2,60,1,0,0,0.5008310675621033,0.5008310675621033,0.5008310675621033,0.4991689622402191,15,3,3,zero_shot_paired
213,2,15,3,60,0,1,0,0.5052043795585632,0.5052043795585632,0.49479562044143677,0.5052043795585632,15,3,3,zero_shot_paired
213,3,15,4,60,0,1,0,0.5006105303764343,0.5006105303764343,0.4993894696235657,0.5006105303764343,15,3,3,zero_shot_paired
213,4,15,6,60,1,1,1,0.500529408454895,0.500529408454895,0.4994705319404602,0.500529408454895,15,3,3,zero_shot_paired
213,5,15,7,60,0,0,1,0.5031694769859314,0.5031694769859314,0.5031694769859314,0.496830552816391,15,3,3,zero_shot_paired
213,6,15,8,60,0,1,0,0.5025648474693298,0.5025648474693298,0.49743515253067017,0.5025648474693298,15,3,3,zero_shot_paired
213,7,15,9,60,0,1,0,0.5016491413116455,0.5016491413116455,0.4983508288860321,0.5016491413116455,15,3,3,zero_shot_paired
213,8,15,10,60,1,0,0,0.5018764138221741,0.5018764138221741,0.5018764138221741,0.4981236457824707,15,3,3,zero_shot_paired
213,9,15,11,60,1,1,1,0.5037305951118469,0.5037305951118469,0.4962694048881531,0.5037305951118469,15,3,3,zero_shot_paired
213,10,15,13,60,1,1,1,0.5025458335876465,0.5025458335876465,0.4974541664123535,0.5025458335876465,15,3,3,zero_shot_paired
213,11,15,14,60,0,0,1,0.5011418461799622,0.5011418461799622,0.5011418461799622,0.49885815382003784,15,3,3,zero_shot_paired
213,12,15,15,60,1,1,1,0.5014171004295349,0.5014171004295349,0.4985828995704651,0.5014171004295349,15,3,3,zero_shot_paired
213,13,15,16,60,0,0,1,0.5014138221740723,0.5014138221740723,0.5014138221740723,0.4985862076282501,15,3,3,zero_shot_paired
213,14,15,17,60,0,1,0,0.5005248188972473,0.5005248188972473,0.4994752109050751,0.5005248188972473,15,3,3,zero_shot_paired
213,0,15,0,60,0,1,0,0.5060948729515076,0.5060948729515076,0.49390512704849243,0.5060948729515076,15,3,3,post_calibration
213,1,15,2,60,1,0,0,0.5020560622215271,0.5020560622215271,0.5020560622215271,0.4979439377784729,15,3,3,post_calibration
213,2,15,3,60,0,1,0,0.5043267011642456,0.5043267011642456,0.4956733286380768,0.5043267011642456,15,3,3,post_calibration
213,3,15,4,60,0,1,0,0.5006057024002075,0.5006057024002075,0.4993942677974701,0.5006057024002075,15,3,3,post_calibration
213,4,15,6,60,1,1,1,0.5002056956291199,0.5002056956291199,0.4997943043708801,0.5002056956291199,15,3,3,post_calibration
213,5,15,7,60,0,0,1,0.5043485164642334,0.5043485164642334,0.5043485164642334,0.4956514537334442,15,3,3,post_calibration
213,6,15,8,60,0,1,0,0.5023328065872192,0.5023328065872192,0.4976671636104584,0.5023328065872192,15,3,3,post_calibration
213,7,15,9,60,0,1,0,0.5016462802886963,0.5016462802886963,0.4983537793159485,0.5016462802886963,15,3,3,post_calibration
213,8,15,10,60,1,0,0,0.5017760396003723,0.5017760396003723,0.5017760396003723,0.4982239603996277,15,3,3,post_calibration
213,9,15,11,60,1,1,1,0.5035578608512878,0.5035578608512878,0.49644213914871216,0.5035578608512878,15,3,3,post_calibration
213,10,15,13,60,1,1,1,0.5021260380744934,0.5021260380744934,0.4978739321231842,0.5021260380744934,15,3,3,post_calibration
213,11,15,14,60,0,0,1,0.501440167427063,0.501440167427063,0.501440167427063,0.498559832572937,15,3,3,post_calibration
213,12,15,15,60,1,1,1,0.5007243156433105,0.5007243156433105,0.49927574396133423,0.5007243156433105,15,3,3,post_calibration
213,13,15,16,60,0,0,1,0.5019963979721069,0.5019963979721069,0.5019963979721069,0.49800363183021545,15,3,3,post_calibration
213,14,15,17,60,0,0,1,0.5002632737159729,0.5002632737159729,0.5002632737159729,0.4997367262840271,15,3,3,post_calibration
214,0,15,0,60,0,1,0,0.5066606402397156,0.5066606402397156,0.4933393597602844,0.5066606402397156,15,4,3,zero_shot_paired
214,1,15,1,60,0,1,0,0.5027207732200623,0.5027207732200623,0.49727925658226013,0.5027207732200623,15,4,3,zero_shot_paired
214,2,15,2,60,1,0,0,0.5008310675621033,0.5008310675621033,0.5008310675621033,0.4991689622402191,15,4,3,zero_shot_paired
214,3,15,3,60,0,1,0,0.5052043795585632,0.5052043795585632,0.49479562044143677,0.5052043795585632,15,4,3,zero_shot_paired
214,4,15,4,60,0,1,0,0.5006105303764343,0.5006105303764343,0.4993894696235657,0.5006105303764343,15,4,3,zero_shot_paired
214,5,15,5,60,0,0,1,0.5000126957893372,0.5000126957893372,0.5000126957893372,0.49998730421066284,15,4,3,zero_shot_paired
214,6,15,6,60,1,1,1,0.500529408454895,0.500529408454895,0.4994705319404602,0.500529408454895,15,4,3,zero_shot_paired
214,7,15,8,60,0,1,0,0.5025648474693298,0.5025648474693298,0.49743515253067017,0.5025648474693298,15,4,3,zero_shot_paired
214,8,15,9,60,0,1,0,0.5016491413116455,0.5016491413116455,0.4983508288860321,0.5016491413116455,15,4,3,zero_shot_paired
214,9,15,10,60,1,0,0,0.5018764138221741,0.5018764138221741,0.5018764138221741,0.4981236457824707,15,4,3,zero_shot_paired
214,10,15,11,60,1,1,1,0.5037305951118469,0.5037305951118469,0.4962694048881531,0.5037305951118469,15,4,3,zero_shot_paired
214,11,15,12,60,1,1,1,0.5053329467773438,0.5053329467773438,0.49466702342033386,0.5053329467773438,15,4,3,zero_shot_paired
214,12,15,13,60,1,1,1,0.5025458335876465,0.5025458335876465,0.4974541664123535,0.5025458335876465,15,4,3,zero_shot_paired
214,13,15,14,60,0,0,1,0.5011418461799622,0.5011418461799622,0.5011418461799622,0.49885815382003784,15,4,3,zero_shot_paired
214,14,15,16,60,0,0,1,0.5014138221740723,0.5014138221740723,0.5014138221740723,0.4985862076282501,15,4,3,zero_shot_paired
214,0,15,0,60,0,1,0,0.5066514015197754,0.5066514015197754,0.493348628282547,0.5066514015197754,15,4,3,post_calibration
214,1,15,1,60,0,1,0,0.5027902126312256,0.5027902126312256,0.497209757566452,0.5027902126312256,15,4,3,post_calibration
214,2,15,2,60,1,0,0,0.5011087656021118,0.5011087656021118,0.5011087656021118,0.49889126420021057,15,4,3,post_calibration
214,3,15,3,60,0,1,0,0.5050707459449768,0.5050707459449768,0.4949292540550232,0.5050707459449768,15,4,3,post_calibration
214,4,15,4,60,0,1,0,0.5004793405532837,0.5004793405532837,0.4995206892490387,0.5004793405532837,15,4,3,post_calibration
214,5,15,5,60,0,0,1,0.5001972913742065,0.5001972913742065,0.5001972913742065,0.49980267882347107,15,4,3,post_calibration
214,6,15,6,60,1,1,1,0.5000548958778381,0.5000548958778381,0.49994513392448425,0.5000548958778381,15,4,3,post_calibration
214,7,15,8,60,0,1,0,0.5024005770683289,0.5024005770683289,0.49759936332702637,0.5024005770683289,15,4,3,post_calibration
214,8,15,9,60,0,1,0,0.5015854835510254,0.5015854835510254,0.4984144866466522,0.5015854835510254,15,4,3,post_calibration
214,9,15,10,60,1,0,0,0.5016056299209595,0.5016056299209595,0.5016056299209595,0.4983943998813629,15,4,3,post_calibration
214,10,15,11,60,1,1,1,0.503882646560669,0.503882646560669,0.49611732363700867,0.503882646560669,15,4,3,post_calibration
214,11,15,12,60,1,1,1,0.5051301717758179,0.5051301717758179,0.4948698580265045,0.5051301717758179,15,4,3,post_calibration
214,12,15,13,60,1,1,1,0.5019059777259827,0.5019059777259827,0.49809402227401733,0.5019059777259827,15,4,3,post_calibration
214,13,15,14,60,0,0,1,0.5014613270759583,0.5014613270759583,0.5014613270759583,0.49853867292404175,15,4,3,post_calibration
214,14,15,16,60,0,0,1,0.5018029808998108,0.5018029808998108,0.5018029808998108,0.498197078704834,15,4,3,post_calibration
215,0,15,0,60,0,1,0,0.5066606402397156,0.5066606402397156,0.4933393597602844,0.5066606402397156,15,5,3,zero_shot_paired
215,1,15,1,60,0,1,0,0.5027207732200623,0.5027207732200623,0.49727925658226013,0.5027207732200623,15,5,3,zero_shot_paired
215,2,15,2,60,1,0,0,0.5008310675621033,0.5008310675621033,0.5008310675621033,0.4991689622402191,15,5,3,zero_shot_paired
215,3,15,4,60,0,1,0,0.5006105303764343,0.5006105303764343,0.4993894696235657,0.5006105303764343,15,5,3,zero_shot_paired
215,4,15,5,60,0,0,1,0.5000126957893372,0.5000126957893372,0.5000126957893372,0.49998730421066284,15,5,3,zero_shot_paired
215,5,15,6,60,1,1,1,0.500529408454895,0.500529408454895,0.4994705319404602,0.500529408454895,15,5,3,zero_shot_paired
215,6,15,7,60,0,0,1,0.5031694769859314,0.5031694769859314,0.5031694769859314,0.496830552816391,15,5,3,zero_shot_paired
215,7,15,9,60,0,1,0,0.5016491413116455,0.5016491413116455,0.4983508288860321,0.5016491413116455,15,5,3,zero_shot_paired
215,8,15,11,60,1,1,1,0.5037305951118469,0.5037305951118469,0.4962694048881531,0.5037305951118469,15,5,3,zero_shot_paired
215,9,15,12,60,1,1,1,0.5053329467773438,0.5053329467773438,0.49466702342033386,0.5053329467773438,15,5,3,zero_shot_paired
215,10,15,13,60,1,1,1,0.5025458335876465,0.5025458335876465,0.4974541664123535,0.5025458335876465,15,5,3,zero_shot_paired
215,11,15,14,60,0,0,1,0.5011418461799622,0.5011418461799622,0.5011418461799622,0.49885815382003784,15,5,3,zero_shot_paired
215,12,15,15,60,1,1,1,0.5014171004295349,0.5014171004295349,0.4985828995704651,0.5014171004295349,15,5,3,zero_shot_paired
215,13,15,16,60,0,0,1,0.5014138221740723,0.5014138221740723,0.5014138221740723,0.4985862076282501,15,5,3,zero_shot_paired
215,14,15,17,60,0,1,0,0.5005248188972473,0.5005248188972473,0.4994752109050751,0.5005248188972473,15,5,3,zero_shot_paired
215,0,15,0,60,0,1,0,0.5063035488128662,0.5063035488128662,0.4936964511871338,0.5063035488128662,15,5,3,post_calibration
215,1,15,1,60,0,1,0,0.5021869540214539,0.5021869540214539,0.49781304597854614,0.5021869540214539,15,5,3,post_calibration
215,2,15,2,60,1,0,0,0.5015880465507507,0.5015880465507507,0.5015880465507507,0.4984119236469269,15,5,3,post_calibration
215,3,15,4,60,0,1,0,0.5007320046424866,0.5007320046424866,0.4992680251598358,0.5007320046424866,15,5,3,post_calibration
215,4,15,5,60,0,0,1,0.500708818435669,0.500708818435669,0.500708818435669,0.49929115176200867,15,5,3,post_calibration
215,5,15,6,60,1,0,0,0.5002275109291077,0.5002275109291077,0.5002275109291077,0.49977248907089233,15,5,3,post_calibration
215,6,15,7,60,0,0,1,0.5031859874725342,0.5031859874725342,0.5031859874725342,0.49681398272514343,15,5,3,post_calibration
215,7,15,9,60,0,1,0,0.5018700361251831,0.5018700361251831,0.4981299340724945,0.5018700361251831,15,5,3,post_calibration
215,8,15,11,60,1,1,1,0.5038200616836548,0.5038200616836548,0.4961799681186676,0.5038200616836548,15,5,3,post_calibration
215,9,15,12,60,1,1,1,0.5053127408027649,0.5053127408027649,0.4946872591972351,0.5053127408027649,15,5,3,post_calibration
215,10,15,13,60,1,1,1,0.5024688839912415,0.5024688839912415,0.49753111600875854,0.5024688839912415,15,5,3,post_calibration
215,11,15,14,60,0,0,1,0.5012039542198181,0.5012039542198181,0.5012039542198181,0.49879610538482666,15,5,3,post_calibration
215,12,15,15,60,1,1,1,0.5010064840316772,0.5010064840316772,0.49899354577064514,0.5010064840316772,15,5,3,post_calibration
215,13,15,16,60,0,0,1,0.5018461346626282,0.5018461346626282,0.5018461346626282,0.49815383553504944,15,5,3,post_calibration
215,14,15,17,60,0,0,1,0.5008472800254822,0.5008472800254822,0.5008472800254822,0.4991527199745178,15,5,3,post_calibration
216,0,15,0,60,0,1,0,0.5066606402397156,0.5066606402397156,0.4933393597602844,0.5066606402397156,15,6,3,zero_shot_paired
216,1,15,1,60,0,1,0,0.5027207732200623,0.5027207732200623,0.49727925658226013,0.5027207732200623,15,6,3,zero_shot_paired
216,2,15,3,60,0,1,0,0.5052043795585632,0.5052043795585632,0.49479562044143677,0.5052043795585632,15,6,3,zero_shot_paired
216,3,15,4,60,0,1,0,0.5006105303764343,0.5006105303764343,0.4993894696235657,0.5006105303764343,15,6,3,zero_shot_paired
216,4,15,5,60,0,0,1,0.5000126957893372,0.5000126957893372,0.5000126957893372,0.49998730421066284,15,6,3,zero_shot_paired
216,5,15,6,60,1,1,1,0.500529408454895,0.500529408454895,0.4994705319404602,0.500529408454895,15,6,3,zero_shot_paired
216,6,15,7,60,0,0,1,0.5031694769859314,0.5031694769859314,0.5031694769859314,0.496830552816391,15,6,3,zero_shot_paired
216,7,15,8,60,0,1,0,0.5025648474693298,0.5025648474693298,0.49743515253067017,0.5025648474693298,15,6,3,zero_shot_paired
216,8,15,10,60,1,0,0,0.5018764138221741,0.5018764138221741,0.5018764138221741,0.4981236457824707,15,6,3,zero_shot_paired
216,9,15,11,60,1,1,1,0.5037305951118469,0.5037305951118469,0.4962694048881531,0.5037305951118469,15,6,3,zero_shot_paired
216,10,15,12,60,1,1,1,0.5053329467773438,0.5053329467773438,0.49466702342033386,0.5053329467773438,15,6,3,zero_shot_paired
216,11,15,14,60,0,0,1,0.5011418461799622,0.5011418461799622,0.5011418461799622,0.49885815382003784,15,6,3,zero_shot_paired
216,12,15,15,60,1,1,1,0.5014171004295349,0.5014171004295349,0.4985828995704651,0.5014171004295349,15,6,3,zero_shot_paired
216,13,15,16,60,0,0,1,0.5014138221740723,0.5014138221740723,0.5014138221740723,0.4985862076282501,15,6,3,zero_shot_paired
216,14,15,17,60,0,1,0,0.5005248188972473,0.5005248188972473,0.4994752109050751,0.5005248188972473,15,6,3,zero_shot_paired
216,0,15,0,60,0,1,0,0.5072316527366638,0.5072316527366638,0.49276837706565857,0.5072316527366638,15,6,3,post_calibration
216,1,15,1,60,0,1,0,0.5033028721809387,0.5033028721809387,0.49669715762138367,0.5033028721809387,15,6,3,post_calibration
216,2,15,3,60,0,1,0,0.505861759185791,0.505861759185791,0.49413830041885376,0.505861759185791,15,6,3,post_calibration
216,3,15,4,60,0,1,0,0.5011345744132996,0.5011345744132996,0.4988654553890228,0.5011345744132996,15,6,3,post_calibration
216,4,15,5,60,0,1,0,0.5016805529594421,0.5016805529594421,0.49831944704055786,0.5016805529594421,15,6,3,post_calibration
216,5,15,6,60,1,1,1,0.5011138319969177,0.5011138319969177,0.4988861680030823,0.5011138319969177,15,6,3,post_calibration
216,6,15,7,60,0,0,1,0.5026560425758362,0.5026560425758362,0.5026560425758362,0.4973439574241638,15,6,3,post_calibration
216,7,15,8,60,0,1,0,0.5026389956474304,0.5026389956474304,0.4973610043525696,0.5026389956474304,15,6,3,post_calibration
216,8,15,10,60,1,0,0,0.5022644400596619,0.5022644400596619,0.5022644400596619,0.49773555994033813,15,6,3,post_calibration
216,9,15,11,60,1,1,1,0.5040683746337891,0.5040683746337891,0.49593159556388855,0.5040683746337891,15,6,3,post_calibration
216,10,15,12,60,1,1,1,0.505835235118866,0.505835235118866,0.49416470527648926,0.505835235118866,15,6,3,post_calibration
216,11,15,14,60,0,0,1,0.5005738139152527,0.5005738139152527,0.5005738139152527,0.4994261562824249,15,6,3,post_calibration
216,12,15,15,60,1,1,1,0.5018161535263062,0.5018161535263062,0.4981837868690491,0.5018161535263062,15,6,3,post_calibration
216,13,15,16,60,0,0,1,0.500886857509613,0.500886857509613,0.500886857509613,0.49911314249038696,15,6,3,post_calibration
216,14,15,17,60,0,1,0,0.5008949041366577,0.5008949041366577,0.4991051256656647,0.5008949041366577,15,6,3,post_calibration
217,0,15,0,60,0,1,0,0.5066606402397156,0.5066606402397156,0.4933393597602844,0.5066606402397156,15,1,6,zero_shot_paired
217,1,15,1,60,0,1,0,0.5027207732200623,0.5027207732200623,0.49727925658226013,0.5027207732200623,15,1,6,zero_shot_paired
217,2,15,2,60,1,0,0,0.5008310675621033,0.5008310675621033,0.5008310675621033,0.4991689622402191,15,1,6,zero_shot_paired
217,3,15,3,60,0,1,0,0.5052043795585632,0.5052043795585632,0.49479562044143677,0.5052043795585632,15,1,6,zero_shot_paired
217,4,15,5,60,0,0,1,0.5000126957893372,0.5000126957893372,0.5000126957893372,0.49998730421066284,15,1,6,zero_shot_paired
217,5,15,6,60,1,1,1,0.500529408454895,0.500529408454895,0.4994705319404602,0.500529408454895,15,1,6,zero_shot_paired
217,6,15,9,60,0,1,0,0.5016491413116455,0.5016491413116455,0.4983508288860321,0.5016491413116455,15,1,6,zero_shot_paired
217,7,15,12,60,1,1,1,0.5053329467773438,0.5053329467773438,0.49466702342033386,0.5053329467773438,15,1,6,zero_shot_paired
217,8,15,13,60,1,1,1,0.5025458335876465,0.5025458335876465,0.4974541664123535,0.5025458335876465,15,1,6,zero_shot_paired
217,9,15,14,60,0,0,1,0.5011418461799622,0.5011418461799622,0.5011418461799622,0.49885815382003784,15,1,6,zero_shot_paired
217,10,15,15,60,1,1,1,0.5014171004295349,0.5014171004295349,0.4985828995704651,0.5014171004295349,15,1,6,zero_shot_paired
217,11,15,17,60,0,1,0,0.5005248188972473,0.5005248188972473,0.4994752109050751,0.5005248188972473,15,1,6,zero_shot_paired
217,0,15,0,60,0,1,0,0.5065372586250305,0.5065372586250305,0.4934627115726471,0.5065372586250305,15,1,6,post_calibration
217,1,15,1,60,0,1,0,0.5021803379058838,0.5021803379058838,0.4978196620941162,0.5021803379058838,15,1,6,post_calibration
217,2,15,2,60,1,0,0,0.5015534162521362,0.5015534162521362,0.5015534162521362,0.49844664335250854,15,1,6,post_calibration
217,3,15,3,60,0,1,0,0.5047983527183533,0.5047983527183533,0.4952016770839691,0.5047983527183533,15,1,6,post_calibration
217,4,15,5,60,0,0,1,0.5006128549575806,0.5006128549575806,0.5006128549575806,0.4993872046470642,15,1,6,post_calibration
217,5,15,6,60,1,1,1,0.5002390742301941,0.5002390742301941,0.4997608959674835,0.5002390742301941,15,1,6,post_calibration
217,6,15,9,60,0,1,0,0.5011338591575623,0.5011338591575623,0.49886614084243774,0.5011338591575623,15,1,6,post_calibration
217,7,15,12,60,1,1,1,0.50462806224823,0.50462806224823,0.49537190794944763,0.50462806224823,15,1,6,post_calibration
217,8,15,13,60,1,1,1,0.5021054744720459,0.5021054744720459,0.4978945553302765,0.5021054744720459,15,1,6,post_calibration
217,9,15,14,60,0,0,1,0.501499354839325,0.501499354839325,0.501499354839325,0.49850064516067505,15,1,6,post_calibration
217,10,15,15,60,1,1,1,0.5003946423530579,0.5003946423530579,0.49960535764694214,0.5003946423530579,15,1,6,post_calibration
217,11,15,17,60,0,1,0,0.5003479719161987,0.5003479719161987,0.49965205788612366,0.5003479719161987,15,1,6,post_calibration
218,0,15,1,60,0,1,0,0.5027207732200623,0.5027207732200623,0.49727925658226013,0.5027207732200623,15,2,6,zero_shot_paired
218,1,15,3,60,0,1,0,0.5052043795585632,0.5052043795585632,0.49479562044143677,0.5052043795585632,15,2,6,zero_shot_paired
218,2,15,4,60,0,1,0,0.5006105303764343,0.5006105303764343,0.4993894696235657,0.5006105303764343,15,2,6,zero_shot_paired
218,3,15,5,60,0,0,1,0.5000126957893372,0.5000126957893372,0.5000126957893372,0.49998730421066284,15,2,6,zero_shot_paired
218,4,15,6,60,1,1,1,0.500529408454895,0.500529408454895,0.4994705319404602,0.500529408454895,15,2,6,zero_shot_paired
218,5,15,7,60,0,0,1,0.5031694769859314,0.5031694769859314,0.5031694769859314,0.496830552816391,15,2,6,zero_shot_paired
218,6,15,8,60,0,1,0,0.5025648474693298,0.5025648474693298,0.49743515253067017,0.5025648474693298,15,2,6,zero_shot_paired
218,7,15,10,60,1,0,0,0.5018764138221741,0.5018764138221741,0.5018764138221741,0.4981236457824707,15,2,6,zero_shot_paired
218,8,15,11,60,1,1,1,0.5037305951118469,0.5037305951118469,0.4962694048881531,0.5037305951118469,15,2,6,zero_shot_paired
218,9,15,12,60,1,1,1,0.5053329467773438,0.5053329467773438,0.49466702342033386,0.5053329467773438,15,2,6,zero_shot_paired
218,10,15,16,60,0,0,1,0.5014138221740723,0.5014138221740723,0.5014138221740723,0.4985862076282501,15,2,6,zero_shot_paired
218,11,15,17,60,0,1,0,0.5005248188972473,0.5005248188972473,0.4994752109050751,0.5005248188972473,15,2,6,zero_shot_paired
218,0,15,1,60,0,1,0,0.502426028251648,0.502426028251648,0.49757397174835205,0.502426028251648,15,2,6,post_calibration
218,1,15,3,60,0,1,0,0.5047956109046936,0.5047956109046936,0.4952043294906616,0.5047956109046936,15,2,6,post_calibration
218,2,15,4,60,0,1,0,0.501254141330719,0.501254141330719,0.4987458884716034,0.501254141330719,15,2,6,post_calibration
218,3,15,5,60,0,1,0,0.5000534653663635,0.5000534653663635,0.49994656443595886,0.5000534653663635,15,2,6,post_calibration
218,4,15,6,60,1,0,0,0.5001596808433533,0.5001596808433533,0.5001596808433533,0.49984031915664673,15,2,6,post_calibration
218,5,15,7,60,0,0,1,0.5041707158088684,0.5041707158088684,0.5041707158088684,0.4958292543888092,15,2,6,post_calibration
218,6,15,8,60,0,1,0,0.5024985074996948,0.5024985074996948,0.4975014925003052,0.5024985074996948,15,2,6,post_calibration
218,7,15,10,60,1,0,0,0.5032141804695129,0.5032141804695129,0.5032141804695129,0.4967857599258423,15,2,6,post_calibration
218,8,15,11,60,1,1,1,0.5027818083763123,0.5027818083763123,0.49721819162368774,0.5027818083763123,15,2,6,post_calibration
218,9,15,12,60,1,1,1,0.5045393705368042,0.5045393705368042,0.4954606592655182,0.5045393705368042,15,2,6,post_calibration
218,10,15,16,60,0,0,1,0.5020512342453003,0.5020512342453003,0.5020512342453003,0.4979487657546997,15,2,6,post_calibration
218,11,15,17,60,0,1,0,0.5000613927841187,0.5000613927841187,0.49993857741355896,0.5000613927841187,15,2,6,post_calibration
219,0,15,0,60,0,1,0,0.5066606402397156,0.5066606402397156,0.4933393597602844,0.5066606402397156,15,3,6,zero_shot_paired
219,1,15,2,60,1,0,0,0.5008310675621033,0.5008310675621033,0.5008310675621033,0.4991689622402191,15,3,6,zero_shot_paired
219,2,15,4,60,0,1,0,0.5006105303764343,0.5006105303764343,0.4993894696235657,0.5006105303764343,15,3,6,zero_shot_paired
219,3,15,7,60,0,0,1,0.5031694769859314,0.5031694769859314,0.5031694769859314,0.496830552816391,15,3,6,zero_shot_paired
219,4,15,8,60,0,1,0,0.5025648474693298,0.5025648474693298,0.49743515253067017,0.5025648474693298,15,3,6,zero_shot_paired
219,5,15,9,60,0,1,0,0.5016491413116455,0.5016491413116455,0.4983508288860321,0.5016491413116455,15,3,6,zero_shot_paired
219,6,15,10,60,1,0,0,0.5018764138221741,0.5018764138221741,0.5018764138221741,0.4981236457824707,15,3,6,zero_shot_paired
219,7,15,11,60,1,1,1,0.5037305951118469,0.5037305951118469,0.4962694048881531,0.5037305951118469,15,3,6,zero_shot_paired
219,8,15,13,60,1,1,1,0.5025458335876465,0.5025458335876465,0.4974541664123535,0.5025458335876465,15,3,6,zero_shot_paired
219,9,15,14,60,0,0,1,0.5011418461799622,0.5011418461799622,0.5011418461799622,0.49885815382003784,15,3,6,zero_shot_paired
219,10,15,15,60,1,1,1,0.5014171004295349,0.5014171004295349,0.4985828995704651,0.5014171004295349,15,3,6,zero_shot_paired
219,11,15,16,60,0,0,1,0.5014138221740723,0.5014138221740723,0.5014138221740723,0.4985862076282501,15,3,6,zero_shot_paired
219,0,15,0,60,0,1,0,0.5063046813011169,0.5063046813011169,0.49369534850120544,0.5063046813011169,15,3,6,post_calibration
219,1,15,2,60,1,0,0,0.5015779733657837,0.5015779733657837,0.5015779733657837,0.49842196702957153,15,3,6,post_calibration
219,2,15,4,60,0,1,0,0.5001934170722961,0.5001934170722961,0.49980658292770386,0.5001934170722961,15,3,6,post_calibration
219,3,15,7,60,0,0,1,0.5040759444236755,0.5040759444236755,0.5040759444236755,0.49592408537864685,15,3,6,post_calibration
219,4,15,8,60,0,1,0,0.5017985105514526,0.5017985105514526,0.49820151925086975,0.5017985105514526,15,3,6,post_calibration
219,5,15,9,60,0,1,0,0.5011450052261353,0.5011450052261353,0.49885502457618713,0.5011450052261353,15,3,6,post_calibration
219,6,15,10,60,1,0,0,0.5023828744888306,0.5023828744888306,0.5023828744888306,0.4976171553134918,15,3,6,post_calibration
219,7,15,11,60,1,1,1,0.5034714341163635,0.5034714341163635,0.4965285658836365,0.5034714341163635,15,3,6,post_calibration
219,8,15,13,60,1,1,1,0.5015946626663208,0.5015946626663208,0.4984053373336792,0.5015946626663208,15,3,6,post_calibration
219,9,15,14,60,0,0,1,0.5020014643669128,0.5020014643669128,0.5020014643669128,0.49799850583076477,15,3,6,post_calibration
219,10,15,15,60,1,1,1,0.5010073184967041,0.5010073184967041,0.4989927113056183,0.5010073184967041,15,3,6,post_calibration
219,11,15,16,60,0,0,1,0.5022217631340027,0.5022217631340027,0.5022217631340027,0.4977782070636749,15,3,6,post_calibration
220,0,15,0,60,0,1,0,0.5066606998443604,0.5066606998443604,0.49333932995796204,0.5066606998443604,15,1,9,zero_shot_paired
220,1,15,1,60,0,1,0,0.5027207136154175,0.5027207136154175,0.4972792863845825,0.5027207136154175,15,1,9,zero_shot_paired
220,2,15,4,60,0,1,0,0.5006105899810791,0.5006105899810791,0.4993894100189209,0.5006105899810791,15,1,9,zero_shot_paired
220,3,15,6,60,1,1,1,0.5005293488502502,0.5005293488502502,0.499470591545105,0.5005293488502502,15,1,9,zero_shot_paired
220,4,15,7,60,0,0,1,0.5031694769859314,0.5031694769859314,0.5031694769859314,0.496830552816391,15,1,9,zero_shot_paired
220,5,15,9,60,0,1,0,0.5016491413116455,0.5016491413116455,0.4983508586883545,0.5016491413116455,15,1,9,zero_shot_paired
220,6,15,10,60,1,0,0,0.5018763542175293,0.5018763542175293,0.5018763542175293,0.4981236457824707,15,1,9,zero_shot_paired
220,7,15,11,60,1,1,1,0.5037303566932678,0.5037303566932678,0.4962695837020874,0.5037303566932678,15,1,9,zero_shot_paired
220,8,15,15,60,1,1,1,0.5014169216156006,0.5014169216156006,0.498583048582077,0.5014169216156006,15,1,9,zero_shot_paired
220,0,15,0,60,0,1,0,0.505964994430542,0.505964994430542,0.4940350353717804,0.505964994430542,15,1,9,post_calibration
220,1,15,1,60,0,1,0,0.5016735792160034,0.5016735792160034,0.49832648038864136,0.5016735792160034,15,1,9,post_calibration
220,2,15,4,60,0,1,0,0.5001125931739807,0.5001125931739807,0.4998874068260193,0.5001125931739807,15,1,9,post_calibration
220,3,15,6,60,1,1,1,0.5000866651535034,0.5000866651535034,0.4999133348464966,0.5000866651535034,15,1,9,post_calibration
220,4,15,7,60,0,0,1,0.5045238733291626,0.5045238733291626,0.5045238733291626,0.4954761266708374,15,1,9,post_calibration
220,5,15,9,60,0,1,0,0.500522792339325,0.500522792339325,0.49947723746299744,0.500522792339325,15,1,9,post_calibration
220,6,15,10,60,1,0,0,0.5025396347045898,0.5025396347045898,0.5025396347045898,0.49746033549308777,15,1,9,post_calibration
220,7,15,11,60,1,1,1,0.5035995841026306,0.5035995841026306,0.49640047550201416,0.5035995841026306,15,1,9,post_calibration
220,8,15,15,60,1,1,1,0.5003240704536438,0.5003240704536438,0.4996759295463562,0.5003240704536438,15,1,9,post_calibration
221,0,15,2,60,1,0,0,0.5008310675621033,0.5008310675621033,0.5008310675621033,0.4991689622402191,15,2,9,zero_shot_paired
221,1,15,3,60,0,1,0,0.5052043795585632,0.5052043795585632,0.494795560836792,0.5052043795585632,15,2,9,zero_shot_paired
221,2,15,5,60,0,0,1,0.5000127553939819,0.5000127553939819,0.5000127553939819,0.49998727440834045,15,2,9,zero_shot_paired
221,3,15,8,60,0,1,0,0.5025649070739746,0.5025649070739746,0.4974350929260254,0.5025649070739746,15,2,9,zero_shot_paired
221,4,15,12,60,1,1,1,0.5053329467773438,0.5053329467773438,0.49466705322265625,0.5053329467773438,15,2,9,zero_shot_paired
221,5,15,13,60,1,1,1,0.5025457143783569,0.5025457143783569,0.4974542558193207,0.5025457143783569,15,2,9,zero_shot_paired
221,6,15,14,60,0,0,1,0.5011419057846069,0.5011419057846069,0.5011419057846069,0.49885815382003784,15,2,9,zero_shot_paired
221,7,15,16,60,0,0,1,0.501413881778717,0.501413881778717,0.501413881778717,0.49858614802360535,15,2,9,zero_shot_paired
221,8,15,17,60,0,1,0,0.5005248188972473,0.5005248188972473,0.4994752109050751,0.5005248188972473,15,2,9,zero_shot_paired
221,0,15,2,60,1,0,0,0.5019546151161194,0.5019546151161194,0.5019546151161194,0.4980453848838806,15,2,9,post_calibration
221,1,15,3,60,0,1,0,0.5044143199920654,0.5044143199920654,0.49558570981025696,0.5044143199920654,15,2,9,post_calibration
221,2,15,5,60,0,0,1,0.5013014078140259,0.5013014078140259,0.5013014078140259,0.4986985921859741,15,2,9,post_calibration
221,3,15,8,60,0,1,0,0.5024828910827637,0.5024828910827637,0.49751707911491394,0.5024828910827637,15,2,9,post_calibration
221,4,15,12,60,1,1,1,0.5042597651481628,0.5042597651481628,0.49574023485183716,0.5042597651481628,15,2,9,post_calibration
221,5,15,13,60,1,1,1,0.501896321773529,0.501896321773529,0.49810370802879333,0.501896321773529,15,2,9,post_calibration
221,6,15,14,60,0,0,1,0.5013641119003296,0.5013641119003296,0.5013641119003296,0.4986358880996704,15,2,9,post_calibration
221,7,15,16,60,0,0,1,0.5022982954978943,0.5022982954978943,0.5022982954978943,0.4977017045021057,15,2,9,post_calibration
221,8,15,17,60,0,0,1,0.5002606511116028,0.5002606511116028,0.5002606511116028,0.49973928928375244,15,2,9,post_calibration
222,0,15,0,60,0,1,0,0.5066609382629395,0.5066609382629395,0.49333909153938293,0.5066609382629395,15,1,12,zero_shot_paired
222,1,15,2,60,1,0,0,0.5008267164230347,0.5008267164230347,0.5008267164230347,0.49917328357696533,15,1,12,zero_shot_paired
222,2,15,7,60,0,0,1,0.503168523311615,0.503168523311615,0.503168523311615,0.4968315064907074,15,1,12,zero_shot_paired
222,3,15,9,60,0,1,0,0.5016514658927917,0.5016514658927917,0.49834856390953064,0.5016514658927917,15,1,12,zero_shot_paired
222,4,15,10,60,1,0,0,0.5018736124038696,0.5018736124038696,0.5018736124038696,0.4981263279914856,15,1,12,zero_shot_paired
222,5,15,14,60,0,0,1,0.5011399388313293,0.5011399388313293,0.5011399388313293,0.49886006116867065,15,1,12,zero_shot_paired
222,0,15,0,60,0,1,0,0.506803035736084,0.506803035736084,0.4931969940662384,0.506803035736084,15,1,12,post_calibration
222,1,15,2,60,1,0,0,0.501774251461029,0.501774251461029,0.501774251461029,0.49822574853897095,15,1,12,post_calibration
222,2,15,7,60,0,0,1,0.5040455460548401,0.5040455460548401,0.5040455460548401,0.4959544539451599,15,1,12,post_calibration
222,3,15,9,60,0,1,0,0.5016023516654968,0.5016023516654968,0.4983976185321808,0.5016023516654968,15,1,12,post_calibration
222,4,15,10,60,1,0,0,0.5020810961723328,0.5020810961723328,0.5020810961723328,0.497918963432312,15,1,12,post_calibration
222,5,15,14,60,0,0,1,0.5019804835319519,0.5019804835319519,0.5019804835319519,0.4980195462703705,15,1,12,post_calibration
223,0,15,3,60,0,1,0,0.5052024126052856,0.5052024126052856,0.49479758739471436,0.5052024126052856,15,2,12,zero_shot_paired
223,1,15,4,60,0,1,0,0.5006099343299866,0.5006099343299866,0.49939000606536865,0.5006099343299866,15,2,12,zero_shot_paired
223,2,15,8,60,0,1,0,0.5025639533996582,0.5025639533996582,0.4974360466003418,0.5025639533996582,15,2,12,zero_shot_paired
223,3,15,10,60,1,0,0,0.5018736124038696,0.5018736124038696,0.5018736124038696,0.4981263279914856,15,2,12,zero_shot_paired
223,4,15,13,60,1,1,1,0.5025458931922913,0.5025458931922913,0.49745404720306396,0.5025458931922913,15,2,12,zero_shot_paired
223,5,15,14,60,0,0,1,0.5011399388313293,0.5011399388313293,0.5011399388313293,0.49886006116867065,15,2,12,zero_shot_paired
223,0,15,3,60,0,1,0,0.5040428042411804,0.5040428042411804,0.4959571659564972,0.5040428042411804,15,2,12,post_calibration
223,1,15,4,60,0,1,0,0.5004140734672546,0.5004140734672546,0.49958592653274536,0.5004140734672546,15,2,12,post_calibration
223,2,15,8,60,0,1,0,0.5023157596588135,0.5023157596588135,0.49768421053886414,0.5023157596588135,15,2,12,post_calibration
223,3,15,10,60,1,0,0,0.5040345788002014,0.5040345788002014,0.5040345788002014,0.4959653913974762,15,2,12,post_calibration
223,4,15,13,60,1,1,1,0.501802384853363,0.501802384853363,0.49819767475128174,0.501802384853363,15,2,12,post_calibration
223,5,15,14,60,0,0,1,0.5017533302307129,0.5017533302307129,0.5017533302307129,0.4982466399669647,15,2,12,post_calibration
224,0,15,0,60,0,1,0,0.5066609382629395,0.5066609382629395,0.49333909153938293,0.5066609382629395,15,3,12,zero_shot_paired
224,1,15,3,60,0,1,0,0.5052024126052856,0.5052024126052856,0.49479758739471436,0.5052024126052856,15,3,12,zero_shot_paired
224,2,15,4,60,0,1,0,0.5006099343299866,0.5006099343299866,0.49939000606536865,0.5006099343299866,15,3,12,zero_shot_paired
224,3,15,8,60,0,1,0,0.5025639533996582,0.5025639533996582,0.4974360466003418,0.5025639533996582,15,3,12,zero_shot_paired
224,4,15,10,60,1,0,0,0.5018736124038696,0.5018736124038696,0.5018736124038696,0.4981263279914856,15,3,12,zero_shot_paired
224,5,15,15,60,1,1,1,0.5014166831970215,0.5014166831970215,0.49858328700065613,0.5014166831970215,15,3,12,zero_shot_paired
224,0,15,0,60,0,1,0,0.5059142112731934,0.5059142112731934,0.49408581852912903,0.5059142112731934,15,3,12,post_calibration
224,1,15,3,60,0,1,0,0.5049175024032593,0.5049175024032593,0.4950824975967407,0.5049175024032593,15,3,12,post_calibration
224,2,15,4,60,0,1,0,0.5003539323806763,0.5003539323806763,0.4996460974216461,0.5003539323806763,15,3,12,post_calibration
224,3,15,8,60,0,1,0,0.5013467073440552,0.5013467073440552,0.4986532926559448,0.5013467073440552,15,3,12,post_calibration
224,4,15,10,60,1,0,0,0.505153477191925,0.505153477191925,0.505153477191925,0.49484649300575256,15,3,12,post_calibration
224,5,15,15,60,1,0,0,0.5002527832984924,0.5002527832984924,0.5002527832984924,0.49974724650382996,15,3,12,post_calibration
17,0,16,0,60,0,0,1,0.5050445199012756,0.5050445199012756,0.5050445199012756,0.4949554204940796,16,,,zero_shot_all_trials
17,1,16,1,60,1,0,0,0.5041677355766296,0.5041677355766296,0.5041677355766296,0.49583226442337036,16,,,zero_shot_all_trials
17,2,16,2,60,1,0,0,0.5025632977485657,0.5025632977485657,0.5025632977485657,0.4974367022514343,16,,,zero_shot_all_trials
17,3,16,3,60,0,0,1,0.5024715662002563,0.5024715662002563,0.5024715662002563,0.49752840399742126,16,,,zero_shot_all_trials
17,4,16,4,60,0,0,1,0.5051593780517578,0.5051593780517578,0.5051593780517578,0.4948406219482422,16,,,zero_shot_all_trials
17,5,16,5,60,0,0,1,0.5039282441139221,0.5039282441139221,0.5039282441139221,0.49607181549072266,16,,,zero_shot_all_trials
17,6,16,6,60,1,0,0,0.5037869215011597,0.5037869215011597,0.5037869215011597,0.4962131381034851,16,,,zero_shot_all_trials
17,7,16,7,60,0,0,1,0.5046742558479309,0.5046742558479309,0.5046742558479309,0.4953257441520691,16,,,zero_shot_all_trials
17,8,16,8,60,0,0,1,0.5014868378639221,0.5014868378639221,0.5014868378639221,0.4985131621360779,16,,,zero_shot_all_trials
17,9,16,9,60,0,0,1,0.50229412317276,0.50229412317276,0.50229412317276,0.4977059066295624,16,,,zero_shot_all_trials
17,10,16,10,60,1,0,0,0.5002975463867188,0.5002975463867188,0.5002975463867188,0.49970242381095886,16,,,zero_shot_all_trials
17,11,16,11,60,1,0,0,0.5026692748069763,0.5026692748069763,0.5026692748069763,0.4973306953907013,16,,,zero_shot_all_trials
17,12,16,12,60,1,0,0,0.5015597939491272,0.5015597939491272,0.5015597939491272,0.498440146446228,16,,,zero_shot_all_trials
17,13,16,13,60,0,0,1,0.5022469162940979,0.5022469162940979,0.5022469162940979,0.4977530837059021,16,,,zero_shot_all_trials
17,14,16,14,60,1,0,0,0.5012885928153992,0.5012885928153992,0.5012885928153992,0.4987114369869232,16,,,zero_shot_all_trials
17,15,16,15,60,1,0,0,0.5032116174697876,0.5032116174697876,0.5032116174697876,0.49678835272789,16,,,zero_shot_all_trials
17,16,16,16,60,0,0,1,0.5077667236328125,0.5077667236328125,0.5077667236328125,0.4922332465648651,16,,,zero_shot_all_trials
17,17,16,17,60,0,0,1,0.5030186772346497,0.5030186772346497,0.5030186772346497,0.49698129296302795,16,,,zero_shot_all_trials
225,0,16,0,60,0,0,1,0.5050445199012756,0.5050445199012756,0.5050445199012756,0.4949554204940796,16,1,3,zero_shot_paired
225,1,16,1,60,1,0,0,0.5041677355766296,0.5041677355766296,0.5041677355766296,0.49583226442337036,16,1,3,zero_shot_paired
225,2,16,4,60,0,0,1,0.5051593780517578,0.5051593780517578,0.5051593780517578,0.4948406219482422,16,1,3,zero_shot_paired
225,3,16,5,60,0,0,1,0.5039282441139221,0.5039282441139221,0.5039282441139221,0.4960717558860779,16,1,3,zero_shot_paired
225,4,16,6,60,1,0,0,0.5037869215011597,0.5037869215011597,0.5037869215011597,0.4962131381034851,16,1,3,zero_shot_paired
225,5,16,7,60,0,0,1,0.5046743750572205,0.5046743750572205,0.5046743750572205,0.49532562494277954,16,1,3,zero_shot_paired
225,6,16,8,60,0,0,1,0.5014867186546326,0.5014867186546326,0.5014867186546326,0.49851325154304504,16,1,3,zero_shot_paired
225,7,16,9,60,0,0,1,0.50229412317276,0.50229412317276,0.50229412317276,0.4977059066295624,16,1,3,zero_shot_paired
225,8,16,10,60,1,0,0,0.5002976059913635,0.5002976059913635,0.5002976059913635,0.4997023642063141,16,1,3,zero_shot_paired
225,9,16,11,60,1,0,0,0.5026693344116211,0.5026693344116211,0.5026693344116211,0.4973306953907013,16,1,3,zero_shot_paired
225,10,16,12,60,1,0,0,0.5015599131584167,0.5015599131584167,0.5015599131584167,0.49844008684158325,16,1,3,zero_shot_paired
225,11,16,13,60,0,0,1,0.5022472739219666,0.5022472739219666,0.5022472739219666,0.49775275588035583,16,1,3,zero_shot_paired
225,12,16,14,60,1,0,0,0.501288652420044,0.501288652420044,0.501288652420044,0.49871140718460083,16,1,3,zero_shot_paired
225,13,16,15,60,1,0,0,0.5032116174697876,0.5032116174697876,0.5032116174697876,0.49678835272789,16,1,3,zero_shot_paired
225,14,16,17,60,0,0,1,0.5030186772346497,0.5030186772346497,0.5030186772346497,0.49698129296302795,16,1,3,zero_shot_paired
225,0,16,0,60,0,0,1,0.5054726004600525,0.5054726004600525,0.5054726004600525,0.4945274293422699,16,1,3,post_calibration
225,1,16,1,60,1,0,0,0.5043959021568298,0.5043959021568298,0.5043959021568298,0.49560412764549255,16,1,3,post_calibration
225,2,16,4,60,0,0,1,0.5056849718093872,0.5056849718093872,0.5056849718093872,0.494314968585968,16,1,3,post_calibration
225,3,16,5,60,0,0,1,0.5042994022369385,0.5042994022369385,0.5042994022369385,0.49570056796073914,16,1,3,post_calibration
225,4,16,6,60,1,0,0,0.5042403936386108,0.5042403936386108,0.5042403936386108,0.4957595765590668,16,1,3,post_calibration
225,5,16,7,60,0,0,1,0.5055870413780212,0.5055870413780212,0.5055870413780212,0.49441298842430115,16,1,3,post_calibration
225,6,16,8,60,0,0,1,0.5020089745521545,0.5020089745521545,0.5020089745521545,0.49799105525016785,16,1,3,post_calibration
225,7,16,9,60,0,0,1,0.5032908916473389,0.5032908916473389,0.5032908916473389,0.4967091381549835,16,1,3,post_calibration
225,8,16,10,60,1,0,0,0.5009926557540894,0.5009926557540894,0.5009926557540894,0.49900737404823303,16,1,3,post_calibration
225,9,16,11,60,1,0,0,0.5031999945640564,0.5031999945640564,0.5031999945640564,0.4967999756336212,16,1,3,post_calibration
225,10,16,12,60,1,0,0,0.5022101402282715,0.5022101402282715,0.5022101402282715,0.49778982996940613,16,1,3,post_calibration
225,11,16,13,60,0,0,1,0.5027015209197998,0.5027015209197998,0.5027015209197998,0.49729853868484497,16,1,3,post_calibration
225,12,16,14,60,1,0,0,0.5022343397140503,0.5022343397140503,0.5022343397140503,0.4977656900882721,16,1,3,post_calibration
225,13,16,15,60,1,0,0,0.5036305785179138,0.5036305785179138,0.5036305785179138,0.49636945128440857,16,1,3,post_calibration
225,14,16,17,60,0,0,1,0.5035902857780457,0.5035902857780457,0.5035902857780457,0.49640968441963196,16,1,3,post_calibration
226,0,16,0,60,0,0,1,0.5050445199012756,0.5050445199012756,0.5050445199012756,0.4949554204940796,16,2,3,zero_shot_paired
226,1,16,2,60,1,0,0,0.5025632977485657,0.5025632977485657,0.5025632977485657,0.49743667244911194,16,2,3,zero_shot_paired
226,2,16,3,60,0,0,1,0.5024715065956116,0.5024715065956116,0.5024715065956116,0.49752846360206604,16,2,3,zero_shot_paired
226,3,16,4,60,0,0,1,0.5051593780517578,0.5051593780517578,0.5051593780517578,0.4948406219482422,16,2,3,zero_shot_paired
226,4,16,6,60,1,0,0,0.5037869215011597,0.5037869215011597,0.5037869215011597,0.4962131381034851,16,2,3,zero_shot_paired
226,5,16,7,60,0,0,1,0.5046743750572205,0.5046743750572205,0.5046743750572205,0.49532562494277954,16,2,3,zero_shot_paired
226,6,16,8,60,0,0,1,0.5014867186546326,0.5014867186546326,0.5014867186546326,0.49851325154304504,16,2,3,zero_shot_paired
226,7,16,9,60,0,0,1,0.50229412317276,0.50229412317276,0.50229412317276,0.4977059066295624,16,2,3,zero_shot_paired
226,8,16,10,60,1,0,0,0.5002976059913635,0.5002976059913635,0.5002976059913635,0.4997023642063141,16,2,3,zero_shot_paired
226,9,16,11,60,1,0,0,0.5026693344116211,0.5026693344116211,0.5026693344116211,0.4973306953907013,16,2,3,zero_shot_paired
226,10,16,12,60,1,0,0,0.5015599131584167,0.5015599131584167,0.5015599131584167,0.49844008684158325,16,2,3,zero_shot_paired
226,11,16,13,60,0,0,1,0.5022472739219666,0.5022472739219666,0.5022472739219666,0.49775275588035583,16,2,3,zero_shot_paired
226,12,16,14,60,1,0,0,0.501288652420044,0.501288652420044,0.501288652420044,0.49871140718460083,16,2,3,zero_shot_paired
226,13,16,15,60,1,0,0,0.5032116174697876,0.5032116174697876,0.5032116174697876,0.49678835272789,16,2,3,zero_shot_paired
226,14,16,16,60,0,0,1,0.5077667832374573,0.5077667832374573,0.5077667832374573,0.4922332167625427,16,2,3,zero_shot_paired
226,0,16,0,60,0,0,1,0.5057246088981628,0.5057246088981628,0.5057246088981628,0.49427539110183716,16,2,3,post_calibration
226,1,16,2,60,1,0,0,0.5034369230270386,0.5034369230270386,0.5034369230270386,0.4965631067752838,16,2,3,post_calibration
226,2,16,3,60,0,0,1,0.5036482214927673,0.5036482214927673,0.5036482214927673,0.49635177850723267,16,2,3,post_calibration
226,3,16,4,60,0,0,1,0.5061749815940857,0.5061749815940857,0.5061749815940857,0.4938249886035919,16,2,3,post_calibration
226,4,16,6,60,1,0,0,0.5046994090080261,0.5046994090080261,0.5046994090080261,0.4953005611896515,16,2,3,post_calibration
226,5,16,7,60,0,0,1,0.5054138898849487,0.5054138898849487,0.5054138898849487,0.4945860803127289,16,2,3,post_calibration
226,6,16,8,60,0,0,1,0.5022810101509094,0.5022810101509094,0.5022810101509094,0.49771901965141296,16,2,3,post_calibration
226,7,16,9,60,0,0,1,0.503788948059082,0.503788948059082,0.503788948059082,0.49621105194091797,16,2,3,post_calibration
226,8,16,10,60,1,0,0,0.5016553997993469,0.5016553997993469,0.5016553997993469,0.49834465980529785,16,2,3,post_calibration
226,9,16,11,60,1,0,0,0.5034820437431335,0.5034820437431335,0.5034820437431335,0.49651798605918884,16,2,3,post_calibration
226,10,16,12,60,1,0,0,0.5030725002288818,0.5030725002288818,0.5030725002288818,0.4969274699687958,16,2,3,post_calibration
226,11,16,13,60,0,0,1,0.5029615759849548,0.5029615759849548,0.5029615759849548,0.49703845381736755,16,2,3,post_calibration
226,12,16,14,60,1,0,0,0.5020275115966797,0.5020275115966797,0.5020275115966797,0.49797242879867554,16,2,3,post_calibration
226,13,16,15,60,1,0,0,0.5039072036743164,0.5039072036743164,0.5039072036743164,0.4960927665233612,16,2,3,post_calibration
226,14,16,16,60,0,0,1,0.5083267688751221,0.5083267688751221,0.5083267688751221,0.49167323112487793,16,2,3,post_calibration
227,0,16,1,60,1,0,0,0.5041677355766296,0.5041677355766296,0.5041677355766296,0.49583226442337036,16,3,3,zero_shot_paired
227,1,16,2,60,1,0,0,0.5025632977485657,0.5025632977485657,0.5025632977485657,0.49743667244911194,16,3,3,zero_shot_paired
227,2,16,3,60,0,0,1,0.5024715065956116,0.5024715065956116,0.5024715065956116,0.49752846360206604,16,3,3,zero_shot_paired
227,3,16,4,60,0,0,1,0.5051593780517578,0.5051593780517578,0.5051593780517578,0.4948406219482422,16,3,3,zero_shot_paired
227,4,16,5,60,0,0,1,0.5039282441139221,0.5039282441139221,0.5039282441139221,0.4960717558860779,16,3,3,zero_shot_paired
227,5,16,6,60,1,0,0,0.5037869215011597,0.5037869215011597,0.5037869215011597,0.4962131381034851,16,3,3,zero_shot_paired
227,6,16,8,60,0,0,1,0.5014867186546326,0.5014867186546326,0.5014867186546326,0.49851325154304504,16,3,3,zero_shot_paired
227,7,16,9,60,0,0,1,0.50229412317276,0.50229412317276,0.50229412317276,0.4977059066295624,16,3,3,zero_shot_paired
227,8,16,10,60,1,0,0,0.5002976059913635,0.5002976059913635,0.5002976059913635,0.4997023642063141,16,3,3,zero_shot_paired
227,9,16,11,60,1,0,0,0.5026693344116211,0.5026693344116211,0.5026693344116211,0.4973306953907013,16,3,3,zero_shot_paired
227,10,16,13,60,0,0,1,0.5022472739219666,0.5022472739219666,0.5022472739219666,0.49775275588035583,16,3,3,zero_shot_paired
227,11,16,14,60,1,0,0,0.501288652420044,0.501288652420044,0.501288652420044,0.49871140718460083,16,3,3,zero_shot_paired
227,12,16,15,60,1,0,0,0.5032116174697876,0.5032116174697876,0.5032116174697876,0.49678835272789,16,3,3,zero_shot_paired
227,13,16,16,60,0,0,1,0.5077667832374573,0.5077667832374573,0.5077667832374573,0.4922332167625427,16,3,3,zero_shot_paired
227,14,16,17,60,0,0,1,0.5030186772346497,0.5030186772346497,0.5030186772346497,0.49698129296302795,16,3,3,zero_shot_paired
227,0,16,1,60,1,0,0,0.5047414302825928,0.5047414302825928,0.5047414302825928,0.49525851011276245,16,3,3,post_calibration
227,1,16,2,60,1,0,0,0.5032979846000671,0.5032979846000671,0.5032979846000671,0.49670201539993286,16,3,3,post_calibration
227,2,16,3,60,0,0,1,0.5025434494018555,0.5025434494018555,0.5025434494018555,0.4974565804004669,16,3,3,post_calibration
227,3,16,4,60,0,0,1,0.505513072013855,0.505513072013855,0.505513072013855,0.4944869875907898,16,3,3,post_calibration
227,4,16,5,60,0,0,1,0.5042976140975952,0.5042976140975952,0.5042976140975952,0.4957023859024048,16,3,3,post_calibration
227,5,16,6,60,1,0,0,0.5039936900138855,0.5039936900138855,0.5039936900138855,0.4960062801837921,16,3,3,post_calibration
227,6,16,8,60,0,0,1,0.5019711256027222,0.5019711256027222,0.5019711256027222,0.49802887439727783,16,3,3,post_calibration
227,7,16,9,60,0,0,1,0.5026667714118958,0.5026667714118958,0.5026667714118958,0.49733322858810425,16,3,3,post_calibration
227,8,16,10,60,1,0,0,0.5001986622810364,0.5001986622810364,0.5001986622810364,0.4998013377189636,16,3,3,post_calibration
227,9,16,11,60,1,0,0,0.5031787157058716,0.5031787157058716,0.5031787157058716,0.49682125449180603,16,3,3,post_calibration
227,10,16,13,60,0,0,1,0.5029810070991516,0.5029810070991516,0.5029810070991516,0.4970189929008484,16,3,3,post_calibration
227,11,16,14,60,1,0,0,0.5018842816352844,0.5018842816352844,0.5018842816352844,0.49811577796936035,16,3,3,post_calibration
227,12,16,15,60,1,0,0,0.5036589503288269,0.5036589503288269,0.5036589503288269,0.4963410794734955,16,3,3,post_calibration
227,13,16,16,60,0,0,1,0.5084331035614014,0.5084331035614014,0.5084331035614014,0.49156689643859863,16,3,3,post_calibration
227,14,16,17,60,0,0,1,0.5031705498695374,0.5031705498695374,0.5031705498695374,0.49682945013046265,16,3,3,post_calibration
228,0,16,0,60,0,0,1,0.5050445199012756,0.5050445199012756,0.5050445199012756,0.4949554204940796,16,4,3,zero_shot_paired
228,1,16,1,60,1,0,0,0.5041677355766296,0.5041677355766296,0.5041677355766296,0.49583226442337036,16,4,3,zero_shot_paired
228,2,16,2,60,1,0,0,0.5025632977485657,0.5025632977485657,0.5025632977485657,0.49743667244911194,16,4,3,zero_shot_paired
228,3,16,3,60,0,0,1,0.5024715065956116,0.5024715065956116,0.5024715065956116,0.49752846360206604,16,4,3,zero_shot_paired
228,4,16,4,60,0,0,1,0.5051593780517578,0.5051593780517578,0.5051593780517578,0.4948406219482422,16,4,3,zero_shot_paired
228,5,16,5,60,0,0,1,0.5039282441139221,0.5039282441139221,0.5039282441139221,0.4960717558860779,16,4,3,zero_shot_paired
228,6,16,7,60,0,0,1,0.5046743750572205,0.5046743750572205,0.5046743750572205,0.49532562494277954,16,4,3,zero_shot_paired
228,7,16,8,60,0,0,1,0.5014867186546326,0.5014867186546326,0.5014867186546326,0.49851325154304504,16,4,3,zero_shot_paired
228,8,16,9,60,0,0,1,0.50229412317276,0.50229412317276,0.50229412317276,0.4977059066295624,16,4,3,zero_shot_paired
228,9,16,10,60,1,0,0,0.5002976059913635,0.5002976059913635,0.5002976059913635,0.4997023642063141,16,4,3,zero_shot_paired
228,10,16,12,60,1,0,0,0.5015599131584167,0.5015599131584167,0.5015599131584167,0.49844008684158325,16,4,3,zero_shot_paired
228,11,16,14,60,1,0,0,0.501288652420044,0.501288652420044,0.501288652420044,0.49871140718460083,16,4,3,zero_shot_paired
228,12,16,15,60,1,0,0,0.5032116174697876,0.5032116174697876,0.5032116174697876,0.49678835272789,16,4,3,zero_shot_paired
228,13,16,16,60,0,0,1,0.5077667832374573,0.5077667832374573,0.5077667832374573,0.4922332167625427,16,4,3,zero_shot_paired
228,14,16,17,60,0,0,1,0.5030186772346497,0.5030186772346497,0.5030186772346497,0.49698129296302795,16,4,3,zero_shot_paired
228,0,16,0,60,0,0,1,0.5043115615844727,0.5043115615844727,0.5043115615844727,0.49568840861320496,16,4,3,post_calibration
228,1,16,1,60,1,0,0,0.5033242106437683,0.5033242106437683,0.5033242106437683,0.4966757893562317,16,4,3,post_calibration
228,2,16,2,60,1,0,0,0.5017843246459961,0.5017843246459961,0.5017843246459961,0.4982156753540039,16,4,3,post_calibration
228,3,16,3,60,0,0,1,0.5016433596611023,0.5016433596611023,0.5016433596611023,0.4983566403388977,16,4,3,post_calibration
228,4,16,4,60,0,0,1,0.5044547915458679,0.5044547915458679,0.5044547915458679,0.4955451786518097,16,4,3,post_calibration
228,5,16,5,60,0,0,1,0.5030287504196167,0.5030287504196167,0.5030287504196167,0.4969712495803833,16,4,3,post_calibration
228,6,16,7,60,0,0,1,0.5040055513381958,0.5040055513381958,0.5040055513381958,0.4959944784641266,16,4,3,post_calibration
228,7,16,8,60,0,0,1,0.5008666515350342,0.5008666515350342,0.5008666515350342,0.49913331866264343,16,4,3,post_calibration
228,8,16,9,60,0,0,1,0.5008983612060547,0.5008983612060547,0.5008983612060547,0.4991016685962677,16,4,3,post_calibration
228,9,16,10,60,1,1,1,0.5005105137825012,0.5005105137825012,0.49948951601982117,0.5005105137825012,16,4,3,post_calibration
228,10,16,12,60,1,0,0,0.5007790327072144,0.5007790327072144,0.5007790327072144,0.49922096729278564,16,4,3,post_calibration
228,11,16,14,60,1,0,0,0.500404417514801,0.500404417514801,0.500404417514801,0.4995955228805542,16,4,3,post_calibration
228,12,16,15,60,1,0,0,0.5029236674308777,0.5029236674308777,0.5029236674308777,0.4970763325691223,16,4,3,post_calibration
228,13,16,16,60,0,0,1,0.5072062611579895,0.5072062611579895,0.5072062611579895,0.4927937388420105,16,4,3,post_calibration
228,14,16,17,60,0,0,1,0.5023929476737976,0.5023929476737976,0.5023929476737976,0.4976070821285248,16,4,3,post_calibration
229,0,16,0,60,0,0,1,0.5050445199012756,0.5050445199012756,0.5050445199012756,0.4949554204940796,16,5,3,zero_shot_paired
229,1,16,1,60,1,0,0,0.5041677355766296,0.5041677355766296,0.5041677355766296,0.49583226442337036,16,5,3,zero_shot_paired
229,2,16,2,60,1,0,0,0.5025632977485657,0.5025632977485657,0.5025632977485657,0.49743667244911194,16,5,3,zero_shot_paired
229,3,16,3,60,0,0,1,0.5024715065956116,0.5024715065956116,0.5024715065956116,0.49752846360206604,16,5,3,zero_shot_paired
229,4,16,4,60,0,0,1,0.5051593780517578,0.5051593780517578,0.5051593780517578,0.4948406219482422,16,5,3,zero_shot_paired
229,5,16,5,60,0,0,1,0.5039282441139221,0.5039282441139221,0.5039282441139221,0.4960717558860779,16,5,3,zero_shot_paired
229,6,16,6,60,1,0,0,0.5037869215011597,0.5037869215011597,0.5037869215011597,0.4962131381034851,16,5,3,zero_shot_paired
229,7,16,7,60,0,0,1,0.5046743750572205,0.5046743750572205,0.5046743750572205,0.49532562494277954,16,5,3,zero_shot_paired
229,8,16,10,60,1,0,0,0.5002976059913635,0.5002976059913635,0.5002976059913635,0.4997023642063141,16,5,3,zero_shot_paired
229,9,16,11,60,1,0,0,0.5026693344116211,0.5026693344116211,0.5026693344116211,0.4973306953907013,16,5,3,zero_shot_paired
229,10,16,12,60,1,0,0,0.5015599131584167,0.5015599131584167,0.5015599131584167,0.49844008684158325,16,5,3,zero_shot_paired
229,11,16,13,60,0,0,1,0.5022472739219666,0.5022472739219666,0.5022472739219666,0.49775275588035583,16,5,3,zero_shot_paired
229,12,16,15,60,1,0,0,0.5032116174697876,0.5032116174697876,0.5032116174697876,0.49678835272789,16,5,3,zero_shot_paired
229,13,16,16,60,0,0,1,0.5077667832374573,0.5077667832374573,0.5077667832374573,0.4922332167625427,16,5,3,zero_shot_paired
229,14,16,17,60,0,0,1,0.5030186772346497,0.5030186772346497,0.5030186772346497,0.49698129296302795,16,5,3,zero_shot_paired
229,0,16,0,60,0,0,1,0.5058509707450867,0.5058509707450867,0.5058509707450867,0.49414902925491333,16,5,3,post_calibration
229,1,16,1,60,1,0,0,0.5049687623977661,0.5049687623977661,0.5049687623977661,0.4950312376022339,16,5,3,post_calibration
229,2,16,2,60,1,0,0,0.5033087730407715,0.5033087730407715,0.5033087730407715,0.49669119715690613,16,5,3,post_calibration
229,3,16,3,60,0,0,1,0.5032002925872803,0.5032002925872803,0.5032002925872803,0.49679967761039734,16,5,3,post_calibration
229,4,16,4,60,0,0,1,0.505499541759491,0.505499541759491,0.505499541759491,0.49450042843818665,16,5,3,post_calibration
229,5,16,5,60,0,0,1,0.5049224495887756,0.5049224495887756,0.5049224495887756,0.49507758021354675,16,5,3,post_calibration
229,6,16,6,60,1,0,0,0.5046472549438477,0.5046472549438477,0.5046472549438477,0.49535271525382996,16,5,3,post_calibration
229,7,16,7,60,0,0,1,0.5055098533630371,0.5055098533630371,0.5055098533630371,0.4944901466369629,16,5,3,post_calibration
229,8,16,10,60,1,0,0,0.5012026429176331,0.5012026429176331,0.5012026429176331,0.49879729747772217,16,5,3,post_calibration
229,9,16,11,60,1,0,0,0.5038558840751648,0.5038558840751648,0.5038558840751648,0.4961441159248352,16,5,3,post_calibration
229,10,16,12,60,1,0,0,0.5026214718818665,0.5026214718818665,0.5026214718818665,0.49737846851348877,16,5,3,post_calibration
229,11,16,13,60,0,0,1,0.5027951002120972,0.5027951002120972,0.5027951002120972,0.49720489978790283,16,5,3,post_calibration
229,12,16,15,60,1,0,0,0.5047565698623657,0.5047565698623657,0.5047565698623657,0.4952434003353119,16,5,3,post_calibration
229,13,16,16,60,0,0,1,0.5089802742004395,0.5089802742004395,0.5089802742004395,0.49101966619491577,16,5,3,post_calibration
229,14,16,17,60,0,0,1,0.5036996006965637,0.5036996006965637,0.5036996006965637,0.4963003695011139,16,5,3,post_calibration
230,0,16,0,60,0,0,1,0.5050445199012756,0.5050445199012756,0.5050445199012756,0.4949554204940796,16,6,3,zero_shot_paired
230,1,16,1,60,1,0,0,0.5041677355766296,0.5041677355766296,0.5041677355766296,0.49583226442337036,16,6,3,zero_shot_paired
230,2,16,2,60,1,0,0,0.5025632977485657,0.5025632977485657,0.5025632977485657,0.49743667244911194,16,6,3,zero_shot_paired
230,3,16,3,60,0,0,1,0.5024715065956116,0.5024715065956116,0.5024715065956116,0.49752846360206604,16,6,3,zero_shot_paired
230,4,16,5,60,0,0,1,0.5039282441139221,0.5039282441139221,0.5039282441139221,0.4960717558860779,16,6,3,zero_shot_paired
230,5,16,6,60,1,0,0,0.5037869215011597,0.5037869215011597,0.5037869215011597,0.4962131381034851,16,6,3,zero_shot_paired
230,6,16,7,60,0,0,1,0.5046743750572205,0.5046743750572205,0.5046743750572205,0.49532562494277954,16,6,3,zero_shot_paired
230,7,16,8,60,0,0,1,0.5014867186546326,0.5014867186546326,0.5014867186546326,0.49851325154304504,16,6,3,zero_shot_paired
230,8,16,9,60,0,0,1,0.50229412317276,0.50229412317276,0.50229412317276,0.4977059066295624,16,6,3,zero_shot_paired
230,9,16,11,60,1,0,0,0.5026693344116211,0.5026693344116211,0.5026693344116211,0.4973306953907013,16,6,3,zero_shot_paired
230,10,16,12,60,1,0,0,0.5015599131584167,0.5015599131584167,0.5015599131584167,0.49844008684158325,16,6,3,zero_shot_paired
230,11,16,13,60,0,0,1,0.5022472739219666,0.5022472739219666,0.5022472739219666,0.49775275588035583,16,6,3,zero_shot_paired
230,12,16,14,60,1,0,0,0.501288652420044,0.501288652420044,0.501288652420044,0.49871140718460083,16,6,3,zero_shot_paired
230,13,16,16,60,0,0,1,0.5077667832374573,0.5077667832374573,0.5077667832374573,0.4922332167625427,16,6,3,zero_shot_paired
230,14,16,17,60,0,0,1,0.5030186772346497,0.5030186772346497,0.5030186772346497,0.49698129296302795,16,6,3,zero_shot_paired
230,0,16,0,60,0,0,1,0.5049017667770386,0.5049017667770386,0.5049017667770386,0.49509817361831665,16,6,3,post_calibration
230,1,16,1,60,1,0,0,0.503800630569458,0.503800630569458,0.503800630569458,0.496199369430542,16,6,3,post_calibration
230,2,16,2,60,1,0,0,0.5024331212043762,0.5024331212043762,0.5024331212043762,0.49756690859794617,16,6,3,post_calibration
230,3,16,3,60,0,0,1,0.5019041299819946,0.5019041299819946,0.5019041299819946,0.49809587001800537,16,6,3,post_calibration
230,4,16,5,60,0,0,1,0.5038266777992249,0.5038266777992249,0.5038266777992249,0.4961733818054199,16,6,3,post_calibration
230,5,16,6,60,1,0,0,0.5035534501075745,0.5035534501075745,0.5035534501075745,0.49644654989242554,16,6,3,post_calibration
230,6,16,7,60,0,0,1,0.5042694211006165,0.5042694211006165,0.5042694211006165,0.49573051929473877,16,6,3,post_calibration
230,7,16,8,60,0,0,1,0.5010996460914612,0.5010996460914612,0.5010996460914612,0.4989003539085388,16,6,3,post_calibration
230,8,16,9,60,0,0,1,0.5015078186988831,0.5015078186988831,0.5015078186988831,0.49849215149879456,16,6,3,post_calibration
230,9,16,11,60,1,0,0,0.5023091435432434,0.5023091435432434,0.5023091435432434,0.4976908266544342,16,6,3,post_calibration
230,10,16,12,60,1,0,0,0.5013914108276367,0.5013914108276367,0.5013914108276367,0.4986085593700409,16,6,3,post_calibration
230,11,16,13,60,0,0,1,0.5020679235458374,0.5020679235458374,0.5020679235458374,0.4979320466518402,16,6,3,post_calibration
230,12,16,14,60,1,0,0,0.5005523562431335,0.5005523562431335,0.5005523562431335,0.49944764375686646,16,6,3,post_calibration
230,13,16,16,60,0,0,1,0.5076088309288025,0.5076088309288025,0.5076088309288025,0.4923911690711975,16,6,3,post_calibration
230,14,16,17,60,0,0,1,0.5029580593109131,0.5029580593109131,0.5029580593109131,0.4970419406890869,16,6,3,post_calibration
231,0,16,0,60,0,0,1,0.5050445199012756,0.5050445199012756,0.5050445199012756,0.4949554204940796,16,1,6,zero_shot_paired
231,1,16,1,60,1,0,0,0.5041677355766296,0.5041677355766296,0.5041677355766296,0.49583226442337036,16,1,6,zero_shot_paired
231,2,16,2,60,1,0,0,0.5025632977485657,0.5025632977485657,0.5025632977485657,0.49743667244911194,16,1,6,zero_shot_paired
231,3,16,3,60,0,0,1,0.5024715065956116,0.5024715065956116,0.5024715065956116,0.49752846360206604,16,1,6,zero_shot_paired
231,4,16,5,60,0,0,1,0.5039282441139221,0.5039282441139221,0.5039282441139221,0.4960717558860779,16,1,6,zero_shot_paired
231,5,16,6,60,1,0,0,0.5037869215011597,0.5037869215011597,0.5037869215011597,0.4962131381034851,16,1,6,zero_shot_paired
231,6,16,7,60,0,0,1,0.5046743750572205,0.5046743750572205,0.5046743750572205,0.49532562494277954,16,1,6,zero_shot_paired
231,7,16,10,60,1,0,0,0.5002976059913635,0.5002976059913635,0.5002976059913635,0.4997023642063141,16,1,6,zero_shot_paired
231,8,16,13,60,0,0,1,0.5022472739219666,0.5022472739219666,0.5022472739219666,0.49775275588035583,16,1,6,zero_shot_paired
231,9,16,15,60,1,0,0,0.5032116174697876,0.5032116174697876,0.5032116174697876,0.49678835272789,16,1,6,zero_shot_paired
231,10,16,16,60,0,0,1,0.5077667832374573,0.5077667832374573,0.5077667832374573,0.4922332167625427,16,1,6,zero_shot_paired
231,11,16,17,60,0,0,1,0.5030186772346497,0.5030186772346497,0.5030186772346497,0.49698129296302795,16,1,6,zero_shot_paired
231,0,16,0,60,0,0,1,0.5046932101249695,0.5046932101249695,0.5046932101249695,0.4953067898750305,16,1,6,post_calibration
231,1,16,1,60,1,0,0,0.5042539238929749,0.5042539238929749,0.5042539238929749,0.49574610590934753,16,1,6,post_calibration
231,2,16,2,60,1,0,0,0.5024393796920776,0.5024393796920776,0.5024393796920776,0.49756062030792236,16,1,6,post_calibration
231,3,16,3,60,0,0,1,0.5028185844421387,0.5028185844421387,0.5028185844421387,0.4971814453601837,16,1,6,post_calibration
231,4,16,5,60,0,0,1,0.5042797923088074,0.5042797923088074,0.5042797923088074,0.49572017788887024,16,1,6,post_calibration
231,5,16,6,60,1,0,0,0.5040854811668396,0.5040854811668396,0.5040854811668396,0.4959145188331604,16,1,6,post_calibration
231,6,16,7,60,0,0,1,0.5050336122512817,0.5050336122512817,0.5050336122512817,0.49496641755104065,16,1,6,post_calibration
231,7,16,10,60,1,0,0,0.5002850890159607,0.5002850890159607,0.5002850890159607,0.4997149705886841,16,1,6,post_calibration
231,8,16,13,60,0,0,1,0.5021637678146362,0.5021637678146362,0.5021637678146362,0.49783623218536377,16,1,6,post_calibration
231,9,16,15,60,1,0,0,0.5030103325843811,0.5030103325843811,0.5030103325843811,0.4969896078109741,16,1,6,post_calibration
231,10,16,16,60,0,0,1,0.5077468156814575,0.5077468156814575,0.5077468156814575,0.49225321412086487,16,1,6,post_calibration
231,11,16,17,60,0,0,1,0.5032057166099548,0.5032057166099548,0.5032057166099548,0.49679434299468994,16,1,6,post_calibration
232,0,16,1,60,1,0,0,0.5041677355766296,0.5041677355766296,0.5041677355766296,0.49583226442337036,16,2,6,zero_shot_paired
232,1,16,4,60,0,0,1,0.5051593780517578,0.5051593780517578,0.5051593780517578,0.4948406219482422,16,2,6,zero_shot_paired
232,2,16,5,60,0,0,1,0.5039282441139221,0.5039282441139221,0.5039282441139221,0.4960717558860779,16,2,6,zero_shot_paired
232,3,16,6,60,1,0,0,0.5037869215011597,0.5037869215011597,0.5037869215011597,0.4962131381034851,16,2,6,zero_shot_paired
232,4,16,7,60,0,0,1,0.5046743750572205,0.5046743750572205,0.5046743750572205,0.49532562494277954,16,2,6,zero_shot_paired
232,5,16,8,60,0,0,1,0.5014867186546326,0.5014867186546326,0.5014867186546326,0.49851325154304504,16,2,6,zero_shot_paired
232,6,16,9,60,0,0,1,0.50229412317276,0.50229412317276,0.50229412317276,0.4977059066295624,16,2,6,zero_shot_paired
232,7,16,10,60,1,0,0,0.5002976059913635,0.5002976059913635,0.5002976059913635,0.4997023642063141,16,2,6,zero_shot_paired
232,8,16,11,60,1,0,0,0.5026693344116211,0.5026693344116211,0.5026693344116211,0.4973306953907013,16,2,6,zero_shot_paired
232,9,16,12,60,1,0,0,0.5015599131584167,0.5015599131584167,0.5015599131584167,0.49844008684158325,16,2,6,zero_shot_paired
232,10,16,13,60,0,0,1,0.5022472739219666,0.5022472739219666,0.5022472739219666,0.49775275588035583,16,2,6,zero_shot_paired
232,11,16,14,60,1,0,0,0.501288652420044,0.501288652420044,0.501288652420044,0.49871140718460083,16,2,6,zero_shot_paired
232,0,16,1,60,1,0,0,0.5050323009490967,0.5050323009490967,0.5050323009490967,0.4949676990509033,16,2,6,post_calibration
232,1,16,4,60,0,0,1,0.5059862732887268,0.5059862732887268,0.5059862732887268,0.4940137267112732,16,2,6,post_calibration
232,2,16,5,60,0,0,1,0.5043425559997559,0.5043425559997559,0.5043425559997559,0.49565741419792175,16,2,6,post_calibration
232,3,16,6,60,1,0,0,0.5049393773078918,0.5049393773078918,0.5049393773078918,0.49506062269210815,16,2,6,post_calibration
232,4,16,7,60,0,0,1,0.5056873559951782,0.5056873559951782,0.5056873559951782,0.4943126142024994,16,2,6,post_calibration
232,5,16,8,60,0,0,1,0.5023198127746582,0.5023198127746582,0.5023198127746582,0.4976801872253418,16,2,6,post_calibration
232,6,16,9,60,0,0,1,0.5033125281333923,0.5033125281333923,0.5033125281333923,0.49668747186660767,16,2,6,post_calibration
232,7,16,10,60,1,0,0,0.5012772679328918,0.5012772679328918,0.5012772679328918,0.49872276186943054,16,2,6,post_calibration
232,8,16,11,60,1,0,0,0.5034497976303101,0.5034497976303101,0.5034497976303101,0.4965502619743347,16,2,6,post_calibration
232,9,16,12,60,1,0,0,0.502785861492157,0.502785861492157,0.502785861492157,0.49721410870552063,16,2,6,post_calibration
232,10,16,13,60,0,0,1,0.5031322240829468,0.5031322240829468,0.5031322240829468,0.49686774611473083,16,2,6,post_calibration
232,11,16,14,60,1,0,0,0.5020036697387695,0.5020036697387695,0.5020036697387695,0.49799636006355286,16,2,6,post_calibration
233,0,16,0,60,0,0,1,0.5050445199012756,0.5050445199012756,0.5050445199012756,0.4949554204940796,16,3,6,zero_shot_paired
233,1,16,2,60,1,0,0,0.5025632977485657,0.5025632977485657,0.5025632977485657,0.49743667244911194,16,3,6,zero_shot_paired
233,2,16,3,60,0,0,1,0.5024715065956116,0.5024715065956116,0.5024715065956116,0.49752846360206604,16,3,6,zero_shot_paired
233,3,16,4,60,0,0,1,0.5051593780517578,0.5051593780517578,0.5051593780517578,0.4948406219482422,16,3,6,zero_shot_paired
233,4,16,8,60,0,0,1,0.5014867186546326,0.5014867186546326,0.5014867186546326,0.49851325154304504,16,3,6,zero_shot_paired
233,5,16,9,60,0,0,1,0.50229412317276,0.50229412317276,0.50229412317276,0.4977059066295624,16,3,6,zero_shot_paired
233,6,16,11,60,1,0,0,0.5026693344116211,0.5026693344116211,0.5026693344116211,0.4973306953907013,16,3,6,zero_shot_paired
233,7,16,12,60,1,0,0,0.5015599131584167,0.5015599131584167,0.5015599131584167,0.49844008684158325,16,3,6,zero_shot_paired
233,8,16,14,60,1,0,0,0.501288652420044,0.501288652420044,0.501288652420044,0.49871140718460083,16,3,6,zero_shot_paired
233,9,16,15,60,1,0,0,0.5032116174697876,0.5032116174697876,0.5032116174697876,0.49678835272789,16,3,6,zero_shot_paired
233,10,16,16,60,0,0,1,0.5077667832374573,0.5077667832374573,0.5077667832374573,0.4922332167625427,16,3,6,zero_shot_paired
233,11,16,17,60,0,0,1,0.5030186772346497,0.5030186772346497,0.5030186772346497,0.49698129296302795,16,3,6,zero_shot_paired
233,0,16,0,60,0,0,1,0.5051214098930359,0.5051214098930359,0.5051214098930359,0.4948785901069641,16,3,6,post_calibration
233,1,16,2,60,1,0,0,0.5022632479667664,0.5022632479667664,0.5022632479667664,0.49773678183555603,16,3,6,post_calibration
233,2,16,3,60,0,0,1,0.5023726224899292,0.5023726224899292,0.5023726224899292,0.4976273477077484,16,3,6,post_calibration
233,3,16,4,60,0,0,1,0.5052610635757446,0.5052610635757446,0.5052610635757446,0.49473893642425537,16,3,6,post_calibration
233,4,16,8,60,0,0,1,0.5011464357376099,0.5011464357376099,0.5011464357376099,0.4988535940647125,16,3,6,post_calibration
233,5,16,9,60,0,0,1,0.5015850067138672,0.5015850067138672,0.5015850067138672,0.4984149932861328,16,3,6,post_calibration
233,6,16,11,60,1,0,0,0.5026994347572327,0.5026994347572327,0.5026994347572327,0.49730053544044495,16,3,6,post_calibration
233,7,16,12,60,1,0,0,0.5008290410041809,0.5008290410041809,0.5008290410041809,0.4991709589958191,16,3,6,post_calibration
233,8,16,14,60,1,0,0,0.5011071562767029,0.5011071562767029,0.5011071562767029,0.4988928735256195,16,3,6,post_calibration
233,9,16,15,60,1,0,0,0.5027645230293274,0.5027645230293274,0.5027645230293274,0.497235506772995,16,3,6,post_calibration
233,10,16,16,60,0,0,1,0.5074677467346191,0.5074677467346191,0.5074677467346191,0.49253228306770325,16,3,6,post_calibration
233,11,16,17,60,0,0,1,0.502732515335083,0.502732515335083,0.502732515335083,0.4972675144672394,16,3,6,post_calibration
234,0,16,1,60,1,0,0,0.5041677355766296,0.5041677355766296,0.5041677355766296,0.49583226442337036,16,1,9,zero_shot_paired
234,1,16,6,60,1,0,0,0.5037869215011597,0.5037869215011597,0.5037869215011597,0.4962131083011627,16,1,9,zero_shot_paired
234,2,16,7,60,0,0,1,0.5046743750572205,0.5046743750572205,0.5046743750572205,0.49532562494277954,16,1,9,zero_shot_paired
234,3,16,8,60,0,0,1,0.5014867186546326,0.5014867186546326,0.5014867186546326,0.4985133111476898,16,1,9,zero_shot_paired
234,4,16,9,60,0,0,1,0.5022940635681152,0.5022940635681152,0.5022940635681152,0.49770593643188477,16,1,9,zero_shot_paired
234,5,16,12,60,1,0,0,0.501559853553772,0.501559853553772,0.501559853553772,0.49844011664390564,16,1,9,zero_shot_paired
234,6,16,13,60,0,0,1,0.5022469162940979,0.5022469162940979,0.5022469162940979,0.4977531433105469,16,1,9,zero_shot_paired
234,7,16,15,60,1,0,0,0.5032116174697876,0.5032116174697876,0.5032116174697876,0.4967883825302124,16,1,9,zero_shot_paired
234,8,16,17,60,0,0,1,0.5030186772346497,0.5030186772346497,0.5030186772346497,0.49698135256767273,16,1,9,zero_shot_paired
234,0,16,1,60,1,0,0,0.5058145523071289,0.5058145523071289,0.5058145523071289,0.4941853880882263,16,1,9,post_calibration
234,1,16,6,60,1,0,0,0.5047001242637634,0.5047001242637634,0.5047001242637634,0.4952998161315918,16,1,9,post_calibration
234,2,16,7,60,0,0,1,0.5060816407203674,0.5060816407203674,0.5060816407203674,0.49391835927963257,16,1,9,post_calibration
234,3,16,8,60,0,0,1,0.5022262334823608,0.5022262334823608,0.5022262334823608,0.49777382612228394,16,1,9,post_calibration
234,4,16,9,60,0,0,1,0.5029346346855164,0.5029346346855164,0.5029346346855164,0.49706536531448364,16,1,9,post_calibration
234,5,16,12,60,1,0,0,0.5030088424682617,0.5030088424682617,0.5030088424682617,0.4969911277294159,16,1,9,post_calibration
234,6,16,13,60,0,0,1,0.5031924247741699,0.5031924247741699,0.5031924247741699,0.4968075454235077,16,1,9,post_calibration
234,7,16,15,60,1,0,0,0.5040944814682007,0.5040944814682007,0.5040944814682007,0.4959055483341217,16,1,9,post_calibration
234,8,16,17,60,0,0,1,0.504041850566864,0.504041850566864,0.504041850566864,0.4959581196308136,16,1,9,post_calibration
235,0,16,0,60,0,0,1,0.5050445199012756,0.5050445199012756,0.5050445199012756,0.4949554204940796,16,2,9,zero_shot_paired
235,1,16,2,60,1,0,0,0.5025632977485657,0.5025632977485657,0.5025632977485657,0.4974367022514343,16,2,9,zero_shot_paired
235,2,16,3,60,0,0,1,0.5024716258049011,0.5024716258049011,0.5024716258049011,0.49752840399742126,16,2,9,zero_shot_paired
235,3,16,4,60,0,0,1,0.5051593780517578,0.5051593780517578,0.5051593780517578,0.4948406219482422,16,2,9,zero_shot_paired
235,4,16,5,60,0,0,1,0.5039282441139221,0.5039282441139221,0.5039282441139221,0.4960717558860779,16,2,9,zero_shot_paired
235,5,16,10,60,1,0,0,0.5002976059913635,0.5002976059913635,0.5002976059913635,0.4997023940086365,16,2,9,zero_shot_paired
235,6,16,11,60,1,0,0,0.5026693344116211,0.5026693344116211,0.5026693344116211,0.4973306655883789,16,2,9,zero_shot_paired
235,7,16,14,60,1,0,0,0.5012885332107544,0.5012885332107544,0.5012885332107544,0.4987114667892456,16,2,9,zero_shot_paired
235,8,16,16,60,0,0,1,0.5077667832374573,0.5077667832374573,0.5077667832374573,0.4922332167625427,16,2,9,zero_shot_paired
235,0,16,0,60,0,0,1,0.5059042572975159,0.5059042572975159,0.5059042572975159,0.4940957725048065,16,2,9,post_calibration
235,1,16,2,60,1,0,0,0.5032350420951843,0.5032350420951843,0.5032350420951843,0.4967649281024933,16,2,9,post_calibration
235,2,16,3,60,0,0,1,0.5027033686637878,0.5027033686637878,0.5027033686637878,0.49729663133621216,16,2,9,post_calibration
235,3,16,4,60,0,0,1,0.5056106448173523,0.5056106448173523,0.5056106448173523,0.4943893551826477,16,2,9,post_calibration
235,4,16,5,60,0,0,1,0.5046554207801819,0.5046554207801819,0.5046554207801819,0.4953446090221405,16,2,9,post_calibration
235,5,16,10,60,1,0,0,0.5003836750984192,0.5003836750984192,0.5003836750984192,0.4996163249015808,16,2,9,post_calibration
235,6,16,11,60,1,0,0,0.5032515525817871,0.5032515525817871,0.5032515525817871,0.4967484176158905,16,2,9,post_calibration
235,7,16,14,60,1,0,0,0.501449704170227,0.501449704170227,0.501449704170227,0.49855026602745056,16,2,9,post_calibration
235,8,16,16,60,0,0,1,0.508573591709137,0.508573591709137,0.508573591709137,0.49142640829086304,16,2,9,post_calibration
236,0,16,4,60,0,0,1,0.5051596760749817,0.5051596760749817,0.5051596760749817,0.4948403537273407,16,1,12,zero_shot_paired
236,1,16,7,60,0,0,1,0.5046759843826294,0.5046759843826294,0.5046759843826294,0.4953240156173706,16,1,12,zero_shot_paired
236,2,16,10,60,1,0,0,0.5002974271774292,0.5002974271774292,0.5002974271774292,0.4997025430202484,16,1,12,zero_shot_paired
236,3,16,11,60,1,0,0,0.5026693940162659,0.5026693940162659,0.5026693940162659,0.49733057618141174,16,1,12,zero_shot_paired
236,4,16,14,60,1,0,0,0.5012883543968201,0.5012883543968201,0.5012883543968201,0.4987116754055023,16,1,12,zero_shot_paired
236,5,16,16,60,0,0,1,0.5077664852142334,0.5077664852142334,0.5077664852142334,0.492233544588089,16,1,12,zero_shot_paired
236,0,16,4,60,0,0,1,0.5063450336456299,0.5063450336456299,0.5063450336456299,0.4936549663543701,16,1,12,post_calibration
236,1,16,7,60,0,0,1,0.5061176419258118,0.5061176419258118,0.5061176419258118,0.49388235807418823,16,1,12,post_calibration
236,2,16,10,60,1,0,0,0.5009889602661133,0.5009889602661133,0.5009889602661133,0.4990110695362091,16,1,12,post_calibration
236,3,16,11,60,1,0,0,0.503594160079956,0.503594160079956,0.503594160079956,0.49640581011772156,16,1,12,post_calibration
236,4,16,14,60,1,0,0,0.5017441511154175,0.5017441511154175,0.5017441511154175,0.4982558488845825,16,1,12,post_calibration
236,5,16,16,60,0,0,1,0.5086111426353455,0.5086111426353455,0.5086111426353455,0.49138888716697693,16,1,12,post_calibration
237,0,16,5,60,0,0,1,0.5039277076721191,0.5039277076721191,0.5039277076721191,0.49607232213020325,16,2,12,zero_shot_paired
237,1,16,7,60,0,0,1,0.5046759843826294,0.5046759843826294,0.5046759843826294,0.4953240156173706,16,2,12,zero_shot_paired
237,2,16,8,60,0,0,1,0.5014856457710266,0.5014856457710266,0.5014856457710266,0.4985143840312958,16,2,12,zero_shot_paired
237,3,16,12,60,1,0,0,0.5015591979026794,0.5015591979026794,0.5015591979026794,0.4984407424926758,16,2,12,zero_shot_paired
237,4,16,14,60,1,0,0,0.5012883543968201,0.5012883543968201,0.5012883543968201,0.4987116754055023,16,2,12,zero_shot_paired
237,5,16,15,60,1,0,0,0.5032115578651428,0.5032115578651428,0.5032115578651428,0.4967884123325348,16,2,12,zero_shot_paired
237,0,16,5,60,0,0,1,0.5042692422866821,0.5042692422866821,0.5042692422866821,0.49573075771331787,16,2,12,post_calibration
237,1,16,7,60,0,0,1,0.5059345364570618,0.5059345364570618,0.5059345364570618,0.49406543374061584,16,2,12,post_calibration
237,2,16,8,60,0,0,1,0.5017367005348206,0.5017367005348206,0.5017367005348206,0.49826329946517944,16,2,12,post_calibration
237,3,16,12,60,1,0,0,0.502829909324646,0.502829909324646,0.502829909324646,0.4971700608730316,16,2,12,post_calibration
237,4,16,14,60,1,0,0,0.501640796661377,0.501640796661377,0.501640796661377,0.49835923314094543,16,2,12,post_calibration
237,5,16,15,60,1,0,0,0.5044389963150024,0.5044389963150024,0.5044389963150024,0.49556097388267517,16,2,12,post_calibration
238,0,16,1,60,1,0,0,0.5041682124137878,0.5041682124137878,0.5041682124137878,0.49583178758621216,16,3,12,zero_shot_paired
238,1,16,2,60,1,0,0,0.5025624632835388,0.5025624632835388,0.5025624632835388,0.49743756651878357,16,3,12,zero_shot_paired
238,2,16,3,60,0,0,1,0.5024720430374146,0.5024720430374146,0.5024720430374146,0.49752795696258545,16,3,12,zero_shot_paired
238,3,16,4,60,0,0,1,0.5051596760749817,0.5051596760749817,0.5051596760749817,0.4948403537273407,16,3,12,zero_shot_paired
238,4,16,10,60,1,0,0,0.5002974271774292,0.5002974271774292,0.5002974271774292,0.4997025430202484,16,3,12,zero_shot_paired
238,5,16,13,60,0,0,1,0.5022468566894531,0.5022468566894531,0.5022468566894531,0.4977531433105469,16,3,12,zero_shot_paired
238,0,16,1,60,1,0,0,0.5040916800498962,0.5040916800498962,0.5040916800498962,0.49590834975242615,16,3,12,post_calibration
238,1,16,2,60,1,0,0,0.5029387474060059,0.5029387474060059,0.5029387474060059,0.49706122279167175,16,3,12,post_calibration
238,2,16,3,60,0,0,1,0.5026946663856506,0.5026946663856506,0.5026946663856506,0.4973052740097046,16,3,12,post_calibration
238,3,16,4,60,0,0,1,0.5057459473609924,0.5057459473609924,0.5057459473609924,0.49425408244132996,16,3,12,post_calibration
238,4,16,10,60,1,1,1,0.5003378391265869,0.5003378391265869,0.4996621608734131,0.5003378391265869,16,3,12,post_calibration
238,5,16,13,60,0,0,1,0.5027278661727905,0.5027278661727905,0.5027278661727905,0.4972720742225647,16,3,12,post_calibration
18,0,17,0,60,1,0,0,0.5115538239479065,0.5115538239479065,0.5115538239479065,0.4884461760520935,17,,,zero_shot_all_trials
18,1,17,1,60,1,0,0,0.504981279373169,0.504981279373169,0.504981279373169,0.49501872062683105,17,,,zero_shot_all_trials
18,2,17,2,60,1,0,0,0.5056502223014832,0.5056502223014832,0.5056502223014832,0.49434971809387207,17,,,zero_shot_all_trials
18,3,17,3,60,0,0,1,0.507230818271637,0.507230818271637,0.507230818271637,0.49276912212371826,17,,,zero_shot_all_trials
18,4,17,4,60,0,0,1,0.5066354870796204,0.5066354870796204,0.5066354870796204,0.493364542722702,17,,,zero_shot_all_trials
18,5,17,5,60,0,0,1,0.507486879825592,0.507486879825592,0.507486879825592,0.49251312017440796,17,,,zero_shot_all_trials
18,6,17,6,60,1,0,0,0.5029252171516418,0.5029252171516418,0.5029252171516418,0.49707478284835815,17,,,zero_shot_all_trials
18,7,17,7,60,0,1,0,0.5002667307853699,0.5002667307853699,0.49973320960998535,0.5002667307853699,17,,,zero_shot_all_trials
18,8,17,8,60,0,0,1,0.5019088387489319,0.5019088387489319,0.5019088387489319,0.4980911910533905,17,,,zero_shot_all_trials
18,9,17,9,60,0,0,1,0.5058905482292175,0.5058905482292175,0.5058905482292175,0.49410948157310486,17,,,zero_shot_all_trials
18,10,17,10,60,1,0,0,0.5026021003723145,0.5026021003723145,0.5026021003723145,0.49739786982536316,17,,,zero_shot_all_trials
18,11,17,11,60,1,0,0,0.505711555480957,0.505711555480957,0.505711555480957,0.49428847432136536,17,,,zero_shot_all_trials
18,12,17,12,60,1,0,0,0.5088082551956177,0.5088082551956177,0.5088082551956177,0.49119168519973755,17,,,zero_shot_all_trials
18,13,17,13,60,0,0,1,0.504430890083313,0.504430890083313,0.504430890083313,0.495569109916687,17,,,zero_shot_all_trials
18,14,17,14,60,0,0,1,0.5021715760231018,0.5021715760231018,0.5021715760231018,0.49782848358154297,17,,,zero_shot_all_trials
18,15,17,15,60,1,0,0,0.5098569989204407,0.5098569989204407,0.5098569989204407,0.49014297127723694,17,,,zero_shot_all_trials
18,16,17,16,60,0,0,1,0.5074121952056885,0.5074121952056885,0.5074121952056885,0.4925878643989563,17,,,zero_shot_all_trials
18,17,17,17,60,0,0,1,0.5036624073982239,0.5036624073982239,0.5036624073982239,0.49633756279945374,17,,,zero_shot_all_trials
239,0,17,0,60,1,0,0,0.5115538239479065,0.5115538239479065,0.5115538239479065,0.4884461760520935,17,1,3,zero_shot_paired
239,1,17,1,60,1,0,0,0.504981279373169,0.504981279373169,0.504981279373169,0.49501869082450867,17,1,3,zero_shot_paired
239,2,17,2,60,1,0,0,0.5056503415107727,0.5056503415107727,0.5056503415107727,0.4943495988845825,17,1,3,zero_shot_paired
239,3,17,4,60,0,0,1,0.5066357254981995,0.5066357254981995,0.5066357254981995,0.4933643043041229,17,1,3,zero_shot_paired
239,4,17,5,60,0,0,1,0.5074869394302368,0.5074869394302368,0.5074869394302368,0.4925130307674408,17,1,3,zero_shot_paired
239,5,17,6,60,1,0,0,0.5029250979423523,0.5029250979423523,0.5029250979423523,0.4970749020576477,17,1,3,zero_shot_paired
239,6,17,7,60,0,1,0,0.5002666115760803,0.5002666115760803,0.4997333288192749,0.5002666115760803,17,1,3,zero_shot_paired
239,7,17,8,60,0,0,1,0.5019088387489319,0.5019088387489319,0.5019088387489319,0.4980911910533905,17,1,3,zero_shot_paired
239,8,17,9,60,0,0,1,0.5058906674385071,0.5058906674385071,0.5058906674385071,0.49410930275917053,17,1,3,zero_shot_paired
239,9,17,10,60,1,0,0,0.5026020407676697,0.5026020407676697,0.5026020407676697,0.4973979890346527,17,1,3,zero_shot_paired
239,10,17,12,60,1,0,0,0.5088084936141968,0.5088084936141968,0.5088084936141968,0.49119144678115845,17,1,3,zero_shot_paired
239,11,17,13,60,0,0,1,0.5044307708740234,0.5044307708740234,0.5044307708740234,0.4955691993236542,17,1,3,zero_shot_paired
239,12,17,14,60,0,0,1,0.5021715760231018,0.5021715760231018,0.5021715760231018,0.49782848358154297,17,1,3,zero_shot_paired
239,13,17,15,60,1,0,0,0.5098571181297302,0.5098571181297302,0.5098571181297302,0.49014291167259216,17,1,3,zero_shot_paired
239,14,17,17,60,0,0,1,0.5036625266075134,0.5036625266075134,0.5036625266075134,0.49633750319480896,17,1,3,zero_shot_paired
239,0,17,0,60,1,0,0,0.5122698545455933,0.5122698545455933,0.5122698545455933,0.48773014545440674,17,1,3,post_calibration
239,1,17,1,60,1,0,0,0.5055532455444336,0.5055532455444336,0.5055532455444336,0.4944467544555664,17,1,3,post_calibration
239,2,17,2,60,1,0,0,0.5059764385223389,0.5059764385223389,0.5059764385223389,0.49402350187301636,17,1,3,post_calibration
239,3,17,4,60,0,0,1,0.5068051218986511,0.5068051218986511,0.5068051218986511,0.49319490790367126,17,1,3,post_calibration
239,4,17,5,60,0,0,1,0.5081540942192078,0.5081540942192078,0.5081540942192078,0.4918459355831146,17,1,3,post_calibration
239,5,17,6,60,1,0,0,0.5029472708702087,0.5029472708702087,0.5029472708702087,0.49705269932746887,17,1,3,post_calibration
239,6,17,7,60,0,1,0,0.5004194378852844,0.5004194378852844,0.49958059191703796,0.5004194378852844,17,1,3,post_calibration
239,7,17,8,60,0,0,1,0.502160906791687,0.502160906791687,0.502160906791687,0.4978391230106354,17,1,3,post_calibration
239,8,17,9,60,0,0,1,0.5064979195594788,0.5064979195594788,0.5064979195594788,0.49350208044052124,17,1,3,post_calibration
239,9,17,10,60,1,0,0,0.502898097038269,0.502898097038269,0.502898097038269,0.49710193276405334,17,1,3,post_calibration
239,10,17,12,60,1,0,0,0.5094729065895081,0.5094729065895081,0.5094729065895081,0.49052709341049194,17,1,3,post_calibration
239,11,17,13,60,0,0,1,0.5048657059669495,0.5048657059669495,0.5048657059669495,0.49513426423072815,17,1,3,post_calibration
239,12,17,14,60,0,0,1,0.5022604465484619,0.5022604465484619,0.5022604465484619,0.49773961305618286,17,1,3,post_calibration
239,13,17,15,60,1,0,0,0.5104783177375793,0.5104783177375793,0.5104783177375793,0.48952168226242065,17,1,3,post_calibration
239,14,17,17,60,0,0,1,0.5041189193725586,0.5041189193725586,0.5041189193725586,0.4958811104297638,17,1,3,post_calibration
240,0,17,0,60,1,0,0,0.5115538239479065,0.5115538239479065,0.5115538239479065,0.4884461760520935,17,2,3,zero_shot_paired
240,1,17,1,60,1,0,0,0.504981279373169,0.504981279373169,0.504981279373169,0.49501869082450867,17,2,3,zero_shot_paired
240,2,17,2,60,1,0,0,0.5056503415107727,0.5056503415107727,0.5056503415107727,0.4943495988845825,17,2,3,zero_shot_paired
240,3,17,3,60,0,0,1,0.507230818271637,0.507230818271637,0.507230818271637,0.49276918172836304,17,2,3,zero_shot_paired
240,4,17,5,60,0,0,1,0.5074869394302368,0.5074869394302368,0.5074869394302368,0.4925130307674408,17,2,3,zero_shot_paired
240,5,17,6,60,1,0,0,0.5029250979423523,0.5029250979423523,0.5029250979423523,0.4970749020576477,17,2,3,zero_shot_paired
240,6,17,7,60,0,1,0,0.5002666115760803,0.5002666115760803,0.4997333288192749,0.5002666115760803,17,2,3,zero_shot_paired
240,7,17,8,60,0,0,1,0.5019088387489319,0.5019088387489319,0.5019088387489319,0.4980911910533905,17,2,3,zero_shot_paired
240,8,17,9,60,0,0,1,0.5058906674385071,0.5058906674385071,0.5058906674385071,0.49410930275917053,17,2,3,zero_shot_paired
240,9,17,10,60,1,0,0,0.5026020407676697,0.5026020407676697,0.5026020407676697,0.4973979890346527,17,2,3,zero_shot_paired
240,10,17,11,60,1,0,0,0.5057111978530884,0.5057111978530884,0.5057111978530884,0.49428877234458923,17,2,3,zero_shot_paired
240,11,17,12,60,1,0,0,0.5088084936141968,0.5088084936141968,0.5088084936141968,0.49119144678115845,17,2,3,zero_shot_paired
240,12,17,13,60,0,0,1,0.5044307708740234,0.5044307708740234,0.5044307708740234,0.4955691993236542,17,2,3,zero_shot_paired
240,13,17,14,60,0,0,1,0.5021715760231018,0.5021715760231018,0.5021715760231018,0.49782848358154297,17,2,3,zero_shot_paired
240,14,17,16,60,0,0,1,0.5074121356010437,0.5074121356010437,0.5074121356010437,0.4925878942012787,17,2,3,zero_shot_paired
240,0,17,0,60,1,0,0,0.5117100477218628,0.5117100477218628,0.5117100477218628,0.4882899820804596,17,2,3,post_calibration
240,1,17,1,60,1,0,0,0.5047694444656372,0.5047694444656372,0.5047694444656372,0.4952305853366852,17,2,3,post_calibration
240,2,17,2,60,1,0,0,0.5053830742835999,0.5053830742835999,0.5053830742835999,0.49461689591407776,17,2,3,post_calibration
240,3,17,3,60,0,0,1,0.5068809390068054,0.5068809390068054,0.5068809390068054,0.4931190609931946,17,2,3,post_calibration
240,4,17,5,60,0,0,1,0.5073747038841248,0.5073747038841248,0.5073747038841248,0.49262526631355286,17,2,3,post_calibration
240,5,17,6,60,1,0,0,0.5025137066841125,0.5025137066841125,0.5025137066841125,0.49748626351356506,17,2,3,post_calibration
240,6,17,7,60,0,1,0,0.5005518794059753,0.5005518794059753,0.49944815039634705,0.5005518794059753,17,2,3,post_calibration
240,7,17,8,60,0,0,1,0.5017116069793701,0.5017116069793701,0.5017116069793701,0.49828842282295227,17,2,3,post_calibration
240,8,17,9,60,0,0,1,0.5057893991470337,0.5057893991470337,0.5057893991470337,0.4942106306552887,17,2,3,post_calibration
240,9,17,10,60,1,0,0,0.5025829076766968,0.5025829076766968,0.5025829076766968,0.4974171221256256,17,2,3,post_calibration
240,10,17,11,60,1,0,0,0.5051751732826233,0.5051751732826233,0.5051751732826233,0.4948248267173767,17,2,3,post_calibration
240,11,17,12,60,1,0,0,0.5084591507911682,0.5084591507911682,0.5084591507911682,0.4915408194065094,17,2,3,post_calibration
240,12,17,13,60,0,0,1,0.5041812062263489,0.5041812062263489,0.5041812062263489,0.4958188533782959,17,2,3,post_calibration
240,13,17,14,60,0,0,1,0.5022777318954468,0.5022777318954468,0.5022777318954468,0.4977222681045532,17,2,3,post_calibration
240,14,17,16,60,0,0,1,0.5073410272598267,0.5073410272598267,0.5073410272598267,0.4926590025424957,17,2,3,post_calibration
241,0,17,1,60,1,0,0,0.504981279373169,0.504981279373169,0.504981279373169,0.49501869082450867,17,3,3,zero_shot_paired
241,1,17,3,60,0,0,1,0.507230818271637,0.507230818271637,0.507230818271637,0.49276918172836304,17,3,3,zero_shot_paired
241,2,17,4,60,0,0,1,0.5066357254981995,0.5066357254981995,0.5066357254981995,0.4933643043041229,17,3,3,zero_shot_paired
241,3,17,5,60,0,0,1,0.5074869394302368,0.5074869394302368,0.5074869394302368,0.4925130307674408,17,3,3,zero_shot_paired
241,4,17,6,60,1,0,0,0.5029250979423523,0.5029250979423523,0.5029250979423523,0.4970749020576477,17,3,3,zero_shot_paired
241,5,17,8,60,0,0,1,0.5019088387489319,0.5019088387489319,0.5019088387489319,0.4980911910533905,17,3,3,zero_shot_paired
241,6,17,9,60,0,0,1,0.5058906674385071,0.5058906674385071,0.5058906674385071,0.49410930275917053,17,3,3,zero_shot_paired
241,7,17,10,60,1,0,0,0.5026020407676697,0.5026020407676697,0.5026020407676697,0.4973979890346527,17,3,3,zero_shot_paired
241,8,17,11,60,1,0,0,0.5057111978530884,0.5057111978530884,0.5057111978530884,0.49428877234458923,17,3,3,zero_shot_paired
241,9,17,12,60,1,0,0,0.5088084936141968,0.5088084936141968,0.5088084936141968,0.49119144678115845,17,3,3,zero_shot_paired
241,10,17,13,60,0,0,1,0.5044307708740234,0.5044307708740234,0.5044307708740234,0.4955691993236542,17,3,3,zero_shot_paired
241,11,17,14,60,0,0,1,0.5021715760231018,0.5021715760231018,0.5021715760231018,0.49782848358154297,17,3,3,zero_shot_paired
241,12,17,15,60,1,0,0,0.5098571181297302,0.5098571181297302,0.5098571181297302,0.49014291167259216,17,3,3,zero_shot_paired
241,13,17,16,60,0,0,1,0.5074121356010437,0.5074121356010437,0.5074121356010437,0.4925878942012787,17,3,3,zero_shot_paired
241,14,17,17,60,0,0,1,0.5036625266075134,0.5036625266075134,0.5036625266075134,0.49633750319480896,17,3,3,zero_shot_paired
241,0,17,1,60,1,0,0,0.5046546459197998,0.5046546459197998,0.5046546459197998,0.4953452944755554,17,3,3,post_calibration
241,1,17,3,60,0,0,1,0.5069392323493958,0.5069392323493958,0.5069392323493958,0.49306076765060425,17,3,3,post_calibration
241,2,17,4,60,0,0,1,0.5065997242927551,0.5065997242927551,0.5065997242927551,0.4934002757072449,17,3,3,post_calibration
241,3,17,5,60,0,0,1,0.5069013833999634,0.5069013833999634,0.5069013833999634,0.49309855699539185,17,3,3,post_calibration
241,4,17,6,60,1,0,0,0.5025116801261902,0.5025116801261902,0.5025116801261902,0.4974883794784546,17,3,3,post_calibration
241,5,17,8,60,0,0,1,0.5018935799598694,0.5018935799598694,0.5018935799598694,0.4981063902378082,17,3,3,post_calibration
241,6,17,9,60,0,0,1,0.5055461525917053,0.5055461525917053,0.5055461525917053,0.49445387721061707,17,3,3,post_calibration
241,7,17,10,60,1,0,0,0.502112090587616,0.502112090587616,0.502112090587616,0.4978879392147064,17,3,3,post_calibration
241,8,17,11,60,1,0,0,0.5057137608528137,0.5057137608528137,0.5057137608528137,0.4942862093448639,17,3,3,post_calibration
241,9,17,12,60,1,0,0,0.5088698267936707,0.5088698267936707,0.5088698267936707,0.49113014340400696,17,3,3,post_calibration
241,10,17,13,60,0,0,1,0.5040760636329651,0.5040760636329651,0.5040760636329651,0.4959239661693573,17,3,3,post_calibration
241,11,17,14,60,0,0,1,0.5021512508392334,0.5021512508392334,0.5021512508392334,0.4978487491607666,17,3,3,post_calibration
241,12,17,15,60,1,0,0,0.5096225142478943,0.5096225142478943,0.5096225142478943,0.4903775155544281,17,3,3,post_calibration
241,13,17,16,60,0,0,1,0.507402777671814,0.507402777671814,0.507402777671814,0.4925972521305084,17,3,3,post_calibration
241,14,17,17,60,0,0,1,0.5030147433280945,0.5030147433280945,0.5030147433280945,0.49698522686958313,17,3,3,post_calibration
242,0,17,0,60,1,0,0,0.5115538239479065,0.5115538239479065,0.5115538239479065,0.4884461760520935,17,4,3,zero_shot_paired
242,1,17,1,60,1,0,0,0.504981279373169,0.504981279373169,0.504981279373169,0.49501869082450867,17,4,3,zero_shot_paired
242,2,17,2,60,1,0,0,0.5056503415107727,0.5056503415107727,0.5056503415107727,0.4943495988845825,17,4,3,zero_shot_paired
242,3,17,3,60,0,0,1,0.507230818271637,0.507230818271637,0.507230818271637,0.49276918172836304,17,4,3,zero_shot_paired
242,4,17,4,60,0,0,1,0.5066357254981995,0.5066357254981995,0.5066357254981995,0.4933643043041229,17,4,3,zero_shot_paired
242,5,17,5,60,0,0,1,0.5074869394302368,0.5074869394302368,0.5074869394302368,0.4925130307674408,17,4,3,zero_shot_paired
242,6,17,6,60,1,0,0,0.5029250979423523,0.5029250979423523,0.5029250979423523,0.4970749020576477,17,4,3,zero_shot_paired
242,7,17,7,60,0,1,0,0.5002666115760803,0.5002666115760803,0.4997333288192749,0.5002666115760803,17,4,3,zero_shot_paired
242,8,17,11,60,1,0,0,0.5057111978530884,0.5057111978530884,0.5057111978530884,0.49428877234458923,17,4,3,zero_shot_paired
242,9,17,12,60,1,0,0,0.5088084936141968,0.5088084936141968,0.5088084936141968,0.49119144678115845,17,4,3,zero_shot_paired
242,10,17,13,60,0,0,1,0.5044307708740234,0.5044307708740234,0.5044307708740234,0.4955691993236542,17,4,3,zero_shot_paired
242,11,17,14,60,0,0,1,0.5021715760231018,0.5021715760231018,0.5021715760231018,0.49782848358154297,17,4,3,zero_shot_paired
242,12,17,15,60,1,0,0,0.5098571181297302,0.5098571181297302,0.5098571181297302,0.49014291167259216,17,4,3,zero_shot_paired
242,13,17,16,60,0,0,1,0.5074121356010437,0.5074121356010437,0.5074121356010437,0.4925878942012787,17,4,3,zero_shot_paired
242,14,17,17,60,0,0,1,0.5036625266075134,0.5036625266075134,0.5036625266075134,0.49633750319480896,17,4,3,zero_shot_paired
242,0,17,0,60,1,0,0,0.5120654702186584,0.5120654702186584,0.5120654702186584,0.48793455958366394,17,4,3,post_calibration
242,1,17,1,60,1,0,0,0.5055856704711914,0.5055856704711914,0.5055856704711914,0.4944142997264862,17,4,3,post_calibration
242,2,17,2,60,1,0,0,0.505645751953125,0.505645751953125,0.505645751953125,0.4943542778491974,17,4,3,post_calibration
242,3,17,3,60,0,0,1,0.5074378848075867,0.5074378848075867,0.5074378848075867,0.49256208539009094,17,4,3,post_calibration
242,4,17,4,60,0,0,1,0.5071451663970947,0.5071451663970947,0.5071451663970947,0.49285486340522766,17,4,3,post_calibration
242,5,17,5,60,0,0,1,0.5081633925437927,0.5081633925437927,0.5081633925437927,0.49183663725852966,17,4,3,post_calibration
242,6,17,6,60,1,0,0,0.5033643245697021,0.5033643245697021,0.5033643245697021,0.49663567543029785,17,4,3,post_calibration
242,7,17,7,60,0,1,0,0.5000205636024475,0.5000205636024475,0.4999794363975525,0.5000205636024475,17,4,3,post_calibration
242,8,17,11,60,1,0,0,0.5062059760093689,0.5062059760093689,0.5062059760093689,0.49379396438598633,17,4,3,post_calibration
242,9,17,12,60,1,0,0,0.5086058378219604,0.5086058378219604,0.5086058378219604,0.49139416217803955,17,4,3,post_calibration
242,10,17,13,60,0,0,1,0.5045788884162903,0.5045788884162903,0.5045788884162903,0.49542108178138733,17,4,3,post_calibration
242,11,17,14,60,0,0,1,0.5029125213623047,0.5029125213623047,0.5029125213623047,0.4970874488353729,17,4,3,post_calibration
242,12,17,15,60,1,0,0,0.5101094841957092,0.5101094841957092,0.5101094841957092,0.489890456199646,17,4,3,post_calibration
242,13,17,16,60,0,0,1,0.5078378319740295,0.5078378319740295,0.5078378319740295,0.49216216802597046,17,4,3,post_calibration
242,14,17,17,60,0,0,1,0.5037155151367188,0.5037155151367188,0.5037155151367188,0.49628451466560364,17,4,3,post_calibration
243,0,17,0,60,1,0,0,0.5115538239479065,0.5115538239479065,0.5115538239479065,0.4884461760520935,17,5,3,zero_shot_paired
243,1,17,1,60,1,0,0,0.504981279373169,0.504981279373169,0.504981279373169,0.49501869082450867,17,5,3,zero_shot_paired
243,2,17,2,60,1,0,0,0.5056503415107727,0.5056503415107727,0.5056503415107727,0.4943495988845825,17,5,3,zero_shot_paired
243,3,17,3,60,0,0,1,0.507230818271637,0.507230818271637,0.507230818271637,0.49276918172836304,17,5,3,zero_shot_paired
243,4,17,4,60,0,0,1,0.5066357254981995,0.5066357254981995,0.5066357254981995,0.4933643043041229,17,5,3,zero_shot_paired
243,5,17,7,60,0,1,0,0.5002666115760803,0.5002666115760803,0.4997333288192749,0.5002666115760803,17,5,3,zero_shot_paired
243,6,17,8,60,0,0,1,0.5019088387489319,0.5019088387489319,0.5019088387489319,0.4980911910533905,17,5,3,zero_shot_paired
243,7,17,9,60,0,0,1,0.5058906674385071,0.5058906674385071,0.5058906674385071,0.49410930275917053,17,5,3,zero_shot_paired
243,8,17,10,60,1,0,0,0.5026020407676697,0.5026020407676697,0.5026020407676697,0.4973979890346527,17,5,3,zero_shot_paired
243,9,17,11,60,1,0,0,0.5057111978530884,0.5057111978530884,0.5057111978530884,0.49428877234458923,17,5,3,zero_shot_paired
243,10,17,12,60,1,0,0,0.5088084936141968,0.5088084936141968,0.5088084936141968,0.49119144678115845,17,5,3,zero_shot_paired
243,11,17,13,60,0,0,1,0.5044307708740234,0.5044307708740234,0.5044307708740234,0.4955691993236542,17,5,3,zero_shot_paired
243,12,17,15,60,1,0,0,0.5098571181297302,0.5098571181297302,0.5098571181297302,0.49014291167259216,17,5,3,zero_shot_paired
243,13,17,16,60,0,0,1,0.5074121356010437,0.5074121356010437,0.5074121356010437,0.4925878942012787,17,5,3,zero_shot_paired
243,14,17,17,60,0,0,1,0.5036625266075134,0.5036625266075134,0.5036625266075134,0.49633750319480896,17,5,3,zero_shot_paired
243,0,17,0,60,1,0,0,0.5114025473594666,0.5114025473594666,0.5114025473594666,0.48859742283821106,17,5,3,post_calibration
243,1,17,1,60,1,0,0,0.5049377083778381,0.5049377083778381,0.5049377083778381,0.4950622618198395,17,5,3,post_calibration
243,2,17,2,60,1,0,0,0.5058538317680359,0.5058538317680359,0.5058538317680359,0.4941461980342865,17,5,3,post_calibration
243,3,17,3,60,0,0,1,0.5072190761566162,0.5072190761566162,0.5072190761566162,0.4927809238433838,17,5,3,post_calibration
243,4,17,4,60,0,0,1,0.506690502166748,0.506690502166748,0.506690502166748,0.49330952763557434,17,5,3,post_calibration
243,5,17,7,60,0,1,0,0.5008333921432495,0.5008333921432495,0.4991665482521057,0.5008333921432495,17,5,3,post_calibration
243,6,17,8,60,0,0,1,0.50250643491745,0.50250643491745,0.50250643491745,0.49749356508255005,17,5,3,post_calibration
243,7,17,9,60,0,0,1,0.5059411525726318,0.5059411525726318,0.5059411525726318,0.49405884742736816,17,5,3,post_calibration
243,8,17,10,60,1,0,0,0.5036646723747253,0.5036646723747253,0.5036646723747253,0.49633532762527466,17,5,3,post_calibration
243,9,17,11,60,1,0,0,0.5057015419006348,0.5057015419006348,0.5057015419006348,0.49429845809936523,17,5,3,post_calibration
243,10,17,12,60,1,0,0,0.5089210867881775,0.5089210867881775,0.5089210867881775,0.4910789430141449,17,5,3,post_calibration
243,11,17,13,60,0,0,1,0.5049246549606323,0.5049246549606323,0.5049246549606323,0.4950753152370453,17,5,3,post_calibration
243,12,17,15,60,1,0,0,0.5096122622489929,0.5096122622489929,0.5096122622489929,0.49038776755332947,17,5,3,post_calibration
243,13,17,16,60,0,0,1,0.5073685050010681,0.5073685050010681,0.5073685050010681,0.4926314949989319,17,5,3,post_calibration
243,14,17,17,60,0,0,1,0.5039328932762146,0.5039328932762146,0.5039328932762146,0.496067076921463,17,5,3,post_calibration
244,0,17,0,60,1,0,0,0.5115538239479065,0.5115538239479065,0.5115538239479065,0.4884461760520935,17,6,3,zero_shot_paired
244,1,17,2,60,1,0,0,0.5056503415107727,0.5056503415107727,0.5056503415107727,0.4943495988845825,17,6,3,zero_shot_paired
244,2,17,3,60,0,0,1,0.507230818271637,0.507230818271637,0.507230818271637,0.49276918172836304,17,6,3,zero_shot_paired
244,3,17,4,60,0,0,1,0.5066357254981995,0.5066357254981995,0.5066357254981995,0.4933643043041229,17,6,3,zero_shot_paired
244,4,17,5,60,0,0,1,0.5074869394302368,0.5074869394302368,0.5074869394302368,0.4925130307674408,17,6,3,zero_shot_paired
244,5,17,6,60,1,0,0,0.5029250979423523,0.5029250979423523,0.5029250979423523,0.4970749020576477,17,6,3,zero_shot_paired
244,6,17,7,60,0,1,0,0.5002666115760803,0.5002666115760803,0.4997333288192749,0.5002666115760803,17,6,3,zero_shot_paired
244,7,17,8,60,0,0,1,0.5019088387489319,0.5019088387489319,0.5019088387489319,0.4980911910533905,17,6,3,zero_shot_paired
244,8,17,9,60,0,0,1,0.5058906674385071,0.5058906674385071,0.5058906674385071,0.49410930275917053,17,6,3,zero_shot_paired
244,9,17,10,60,1,0,0,0.5026020407676697,0.5026020407676697,0.5026020407676697,0.4973979890346527,17,6,3,zero_shot_paired
244,10,17,11,60,1,0,0,0.5057111978530884,0.5057111978530884,0.5057111978530884,0.49428877234458923,17,6,3,zero_shot_paired
244,11,17,14,60,0,0,1,0.5021715760231018,0.5021715760231018,0.5021715760231018,0.49782848358154297,17,6,3,zero_shot_paired
244,12,17,15,60,1,0,0,0.5098571181297302,0.5098571181297302,0.5098571181297302,0.49014291167259216,17,6,3,zero_shot_paired
244,13,17,16,60,0,0,1,0.5074121356010437,0.5074121356010437,0.5074121356010437,0.4925878942012787,17,6,3,zero_shot_paired
244,14,17,17,60,0,0,1,0.5036625266075134,0.5036625266075134,0.5036625266075134,0.49633750319480896,17,6,3,zero_shot_paired
244,0,17,0,60,1,0,0,0.5108521580696106,0.5108521580696106,0.5108521580696106,0.4891478717327118,17,6,3,post_calibration
244,1,17,2,60,1,0,0,0.5057241320610046,0.5057241320610046,0.5057241320610046,0.49427586793899536,17,6,3,post_calibration
244,2,17,3,60,0,0,1,0.5071123242378235,0.5071123242378235,0.5071123242378235,0.4928877055644989,17,6,3,post_calibration
244,3,17,4,60,0,0,1,0.5063220262527466,0.5063220262527466,0.5063220262527466,0.4936779737472534,17,6,3,post_calibration
244,4,17,5,60,0,0,1,0.5076075196266174,0.5076075196266174,0.5076075196266174,0.4923924505710602,17,6,3,post_calibration
244,5,17,6,60,1,0,0,0.503173828125,0.503173828125,0.503173828125,0.4968262016773224,17,6,3,post_calibration
244,6,17,7,60,0,1,0,0.500706136226654,0.500706136226654,0.4992939233779907,0.500706136226654,17,6,3,post_calibration
244,7,17,8,60,0,0,1,0.5027333498001099,0.5027333498001099,0.5027333498001099,0.49726662039756775,17,6,3,post_calibration
244,8,17,9,60,0,0,1,0.506051778793335,0.506051778793335,0.506051778793335,0.4939482510089874,17,6,3,post_calibration
244,9,17,10,60,1,0,0,0.5030533075332642,0.5030533075332642,0.5030533075332642,0.49694666266441345,17,6,3,post_calibration
244,10,17,11,60,1,0,0,0.5053860545158386,0.5053860545158386,0.5053860545158386,0.494613915681839,17,6,3,post_calibration
244,11,17,14,60,0,0,1,0.5022133588790894,0.5022133588790894,0.5022133588790894,0.4977867007255554,17,6,3,post_calibration
244,12,17,15,60,1,0,0,0.509395182132721,0.509395182132721,0.509395182132721,0.49060484766960144,17,6,3,post_calibration
244,13,17,16,60,0,0,1,0.5071889758110046,0.5071889758110046,0.5071889758110046,0.49281108379364014,17,6,3,post_calibration
244,14,17,17,60,0,0,1,0.5035880208015442,0.5035880208015442,0.5035880208015442,0.4964119493961334,17,6,3,post_calibration
245,0,17,1,60,1,0,0,0.504981279373169,0.504981279373169,0.504981279373169,0.49501869082450867,17,1,6,zero_shot_paired
245,1,17,2,60,1,0,0,0.5056503415107727,0.5056503415107727,0.5056503415107727,0.4943495988845825,17,1,6,zero_shot_paired
245,2,17,3,60,0,0,1,0.507230818271637,0.507230818271637,0.507230818271637,0.49276918172836304,17,1,6,zero_shot_paired
245,3,17,5,60,0,0,1,0.5074869394302368,0.5074869394302368,0.5074869394302368,0.4925130307674408,17,1,6,zero_shot_paired
245,4,17,6,60,1,0,0,0.5029250979423523,0.5029250979423523,0.5029250979423523,0.4970749020576477,17,1,6,zero_shot_paired
245,5,17,7,60,0,1,0,0.5002666115760803,0.5002666115760803,0.4997333288192749,0.5002666115760803,17,1,6,zero_shot_paired
245,6,17,9,60,0,0,1,0.5058906674385071,0.5058906674385071,0.5058906674385071,0.49410930275917053,17,1,6,zero_shot_paired
245,7,17,10,60,1,0,0,0.5026020407676697,0.5026020407676697,0.5026020407676697,0.4973979890346527,17,1,6,zero_shot_paired
245,8,17,13,60,0,0,1,0.5044307708740234,0.5044307708740234,0.5044307708740234,0.4955691993236542,17,1,6,zero_shot_paired
245,9,17,15,60,1,0,0,0.5098571181297302,0.5098571181297302,0.5098571181297302,0.49014291167259216,17,1,6,zero_shot_paired
245,10,17,16,60,0,0,1,0.5074121356010437,0.5074121356010437,0.5074121356010437,0.4925878942012787,17,1,6,zero_shot_paired
245,11,17,17,60,0,0,1,0.5036625266075134,0.5036625266075134,0.5036625266075134,0.49633750319480896,17,1,6,zero_shot_paired
245,0,17,1,60,1,0,0,0.5040063858032227,0.5040063858032227,0.5040063858032227,0.49599361419677734,17,1,6,post_calibration
245,1,17,2,60,1,0,0,0.5053492784500122,0.5053492784500122,0.5053492784500122,0.4946506917476654,17,1,6,post_calibration
245,2,17,3,60,0,0,1,0.5056019425392151,0.5056019425392151,0.5056019425392151,0.4943980276584625,17,1,6,post_calibration
245,3,17,5,60,0,0,1,0.5070407390594482,0.5070407390594482,0.5070407390594482,0.49295926094055176,17,1,6,post_calibration
245,4,17,6,60,1,0,0,0.5024877786636353,0.5024877786636353,0.5024877786636353,0.4975122809410095,17,1,6,post_calibration
245,5,17,7,60,0,1,0,0.5008426904678345,0.5008426904678345,0.4991573095321655,0.5008426904678345,17,1,6,post_calibration
245,6,17,9,60,0,0,1,0.5056402683258057,0.5056402683258057,0.5056402683258057,0.49435973167419434,17,1,6,post_calibration
245,7,17,10,60,1,0,0,0.5019764304161072,0.5019764304161072,0.5019764304161072,0.4980235695838928,17,1,6,post_calibration
245,8,17,13,60,0,0,1,0.504479706287384,0.504479706287384,0.504479706287384,0.49552029371261597,17,1,6,post_calibration
245,9,17,15,60,1,0,0,0.508696436882019,0.508696436882019,0.508696436882019,0.49130353331565857,17,1,6,post_calibration
245,10,17,16,60,0,0,1,0.5066635608673096,0.5066635608673096,0.5066635608673096,0.49333643913269043,17,1,6,post_calibration
245,11,17,17,60,0,0,1,0.5034825801849365,0.5034825801849365,0.5034825801849365,0.4965174198150635,17,1,6,post_calibration
246,0,17,0,60,1,0,0,0.5115538239479065,0.5115538239479065,0.5115538239479065,0.4884461760520935,17,2,6,zero_shot_paired
246,1,17,1,60,1,0,0,0.504981279373169,0.504981279373169,0.504981279373169,0.49501869082450867,17,2,6,zero_shot_paired
246,2,17,4,60,0,0,1,0.5066357254981995,0.5066357254981995,0.5066357254981995,0.4933643043041229,17,2,6,zero_shot_paired
246,3,17,5,60,0,0,1,0.5074869394302368,0.5074869394302368,0.5074869394302368,0.4925130307674408,17,2,6,zero_shot_paired
246,4,17,6,60,1,0,0,0.5029250979423523,0.5029250979423523,0.5029250979423523,0.4970749020576477,17,2,6,zero_shot_paired
246,5,17,7,60,0,1,0,0.5002666115760803,0.5002666115760803,0.4997333288192749,0.5002666115760803,17,2,6,zero_shot_paired
246,6,17,8,60,0,0,1,0.5019088387489319,0.5019088387489319,0.5019088387489319,0.4980911910533905,17,2,6,zero_shot_paired
246,7,17,11,60,1,0,0,0.5057111978530884,0.5057111978530884,0.5057111978530884,0.49428877234458923,17,2,6,zero_shot_paired
246,8,17,12,60,1,0,0,0.5088084936141968,0.5088084936141968,0.5088084936141968,0.49119144678115845,17,2,6,zero_shot_paired
246,9,17,14,60,0,0,1,0.5021715760231018,0.5021715760231018,0.5021715760231018,0.49782848358154297,17,2,6,zero_shot_paired
246,10,17,15,60,1,0,0,0.5098571181297302,0.5098571181297302,0.5098571181297302,0.49014291167259216,17,2,6,zero_shot_paired
246,11,17,16,60,0,0,1,0.5074121356010437,0.5074121356010437,0.5074121356010437,0.4925878942012787,17,2,6,zero_shot_paired
246,0,17,0,60,1,0,0,0.5121008157730103,0.5121008157730103,0.5121008157730103,0.48789918422698975,17,2,6,post_calibration
246,1,17,1,60,1,0,0,0.5056752562522888,0.5056752562522888,0.5056752562522888,0.4943247437477112,17,2,6,post_calibration
246,2,17,4,60,0,0,1,0.5070589184761047,0.5070589184761047,0.5070589184761047,0.49294108152389526,17,2,6,post_calibration
246,3,17,5,60,0,0,1,0.5081185698509216,0.5081185698509216,0.5081185698509216,0.4918813705444336,17,2,6,post_calibration
246,4,17,6,60,1,0,0,0.5032117366790771,0.5032117366790771,0.5032117366790771,0.49678826332092285,17,2,6,post_calibration
246,5,17,7,60,0,0,1,0.5000603199005127,0.5000603199005127,0.5000603199005127,0.4999396502971649,17,2,6,post_calibration
246,6,17,8,60,0,0,1,0.5013397336006165,0.5013397336006165,0.5013397336006165,0.49866029620170593,17,2,6,post_calibration
246,7,17,11,60,1,0,0,0.5062053203582764,0.5062053203582764,0.5062053203582764,0.493794709444046,17,2,6,post_calibration
246,8,17,12,60,1,0,0,0.5091366171836853,0.5091366171836853,0.5091366171836853,0.4908634126186371,17,2,6,post_calibration
246,9,17,14,60,0,0,1,0.5016655325889587,0.5016655325889587,0.5016655325889587,0.49833443760871887,17,2,6,post_calibration
246,10,17,15,60,1,0,0,0.5099467635154724,0.5099467635154724,0.5099467635154724,0.4900532364845276,17,2,6,post_calibration
246,11,17,16,60,0,0,1,0.5077425837516785,0.5077425837516785,0.5077425837516785,0.49225738644599915,17,2,6,post_calibration
247,0,17,0,60,1,0,0,0.5115538239479065,0.5115538239479065,0.5115538239479065,0.4884461760520935,17,3,6,zero_shot_paired
247,1,17,2,60,1,0,0,0.5056503415107727,0.5056503415107727,0.5056503415107727,0.4943495988845825,17,3,6,zero_shot_paired
247,2,17,3,60,0,0,1,0.507230818271637,0.507230818271637,0.507230818271637,0.49276918172836304,17,3,6,zero_shot_paired
247,3,17,4,60,0,0,1,0.5066357254981995,0.5066357254981995,0.5066357254981995,0.4933643043041229,17,3,6,zero_shot_paired
247,4,17,8,60,0,0,1,0.5019088387489319,0.5019088387489319,0.5019088387489319,0.4980911910533905,17,3,6,zero_shot_paired
247,5,17,9,60,0,0,1,0.5058906674385071,0.5058906674385071,0.5058906674385071,0.49410930275917053,17,3,6,zero_shot_paired
247,6,17,10,60,1,0,0,0.5026020407676697,0.5026020407676697,0.5026020407676697,0.4973979890346527,17,3,6,zero_shot_paired
247,7,17,11,60,1,0,0,0.5057111978530884,0.5057111978530884,0.5057111978530884,0.49428877234458923,17,3,6,zero_shot_paired
247,8,17,12,60,1,0,0,0.5088084936141968,0.5088084936141968,0.5088084936141968,0.49119144678115845,17,3,6,zero_shot_paired
247,9,17,13,60,0,0,1,0.5044307708740234,0.5044307708740234,0.5044307708740234,0.4955691993236542,17,3,6,zero_shot_paired
247,10,17,14,60,0,0,1,0.5021715760231018,0.5021715760231018,0.5021715760231018,0.49782848358154297,17,3,6,zero_shot_paired
247,11,17,17,60,0,0,1,0.5036625266075134,0.5036625266075134,0.5036625266075134,0.49633750319480896,17,3,6,zero_shot_paired
247,0,17,0,60,1,0,0,0.5115312337875366,0.5115312337875366,0.5115312337875366,0.48846879601478577,17,3,6,post_calibration
247,1,17,2,60,1,0,0,0.5049943923950195,0.5049943923950195,0.5049943923950195,0.49500560760498047,17,3,6,post_calibration
247,2,17,3,60,0,0,1,0.5074071288108826,0.5074071288108826,0.5074071288108826,0.49259284138679504,17,3,6,post_calibration
247,3,17,4,60,0,0,1,0.5062701106071472,0.5062701106071472,0.5062701106071472,0.4937298595905304,17,3,6,post_calibration
247,4,17,8,60,0,0,1,0.5013511180877686,0.5013511180877686,0.5013511180877686,0.49864885210990906,17,3,6,post_calibration
247,5,17,9,60,0,0,1,0.5056074261665344,0.5056074261665344,0.5056074261665344,0.4943925142288208,17,3,6,post_calibration
247,6,17,10,60,1,0,0,0.5018768310546875,0.5018768310546875,0.5018768310546875,0.4981231689453125,17,3,6,post_calibration
247,7,17,11,60,1,0,0,0.5054764151573181,0.5054764151573181,0.5054764151573181,0.4945235252380371,17,3,6,post_calibration
247,8,17,12,60,1,0,0,0.5080116987228394,0.5080116987228394,0.5080116987228394,0.49198827147483826,17,3,6,post_calibration
247,9,17,13,60,0,0,1,0.5039982795715332,0.5039982795715332,0.5039982795715332,0.4960017502307892,17,3,6,post_calibration
247,10,17,14,60,0,0,1,0.5019556879997253,0.5019556879997253,0.5019556879997253,0.49804428219795227,17,3,6,post_calibration
247,11,17,17,60,0,0,1,0.5031319260597229,0.5031319260597229,0.5031319260597229,0.4968680441379547,17,3,6,post_calibration
248,0,17,0,60,1,0,0,0.5115538835525513,0.5115538835525513,0.5115538835525513,0.4884461462497711,17,1,9,zero_shot_paired
248,1,17,2,60,1,0,0,0.5056502819061279,0.5056502819061279,0.5056502819061279,0.4943496882915497,17,1,9,zero_shot_paired
248,2,17,3,60,0,0,1,0.5072308778762817,0.5072308778762817,0.5072308778762817,0.49276912212371826,17,1,9,zero_shot_paired
248,3,17,5,60,0,0,1,0.507486879825592,0.507486879825592,0.507486879825592,0.49251314997673035,17,1,9,zero_shot_paired
248,4,17,6,60,1,0,0,0.5029252171516418,0.5029252171516418,0.5029252171516418,0.49707478284835815,17,1,9,zero_shot_paired
248,5,17,7,60,0,1,0,0.5002666115760803,0.5002666115760803,0.4997333288192749,0.5002666115760803,17,1,9,zero_shot_paired
248,6,17,9,60,0,0,1,0.5058905482292175,0.5058905482292175,0.5058905482292175,0.49410951137542725,17,1,9,zero_shot_paired
248,7,17,12,60,1,0,0,0.5088083148002625,0.5088083148002625,0.5088083148002625,0.49119168519973755,17,1,9,zero_shot_paired
248,8,17,14,60,0,0,1,0.5021715760231018,0.5021715760231018,0.5021715760231018,0.49782848358154297,17,1,9,zero_shot_paired
248,0,17,0,60,1,0,0,0.5113537907600403,0.5113537907600403,0.5113537907600403,0.48864614963531494,17,1,9,post_calibration
248,1,17,2,60,1,0,0,0.5051813721656799,0.5051813721656799,0.5051813721656799,0.49481865763664246,17,1,9,post_calibration
248,2,17,3,60,0,0,1,0.5064656734466553,0.5064656734466553,0.5064656734466553,0.49353429675102234,17,1,9,post_calibration
248,3,17,5,60,0,0,1,0.5082491636276245,0.5082491636276245,0.5082491636276245,0.4917508363723755,17,1,9,post_calibration
248,4,17,6,60,1,0,0,0.5024610757827759,0.5024610757827759,0.5024610757827759,0.4975389242172241,17,1,9,post_calibration
248,5,17,7,60,0,1,0,0.5006615519523621,0.5006615519523621,0.4993385076522827,0.5006615519523621,17,1,9,post_calibration
248,6,17,9,60,0,0,1,0.5055186748504639,0.5055186748504639,0.5055186748504639,0.49448129534721375,17,1,9,post_calibration
248,7,17,12,60,1,0,0,0.5080386400222778,0.5080386400222778,0.5080386400222778,0.49196138978004456,17,1,9,post_calibration
248,8,17,14,60,0,0,1,0.5025568008422852,0.5025568008422852,0.5025568008422852,0.49744322896003723,17,1,9,post_calibration
249,0,17,1,60,1,0,0,0.5049812197685242,0.5049812197685242,0.5049812197685242,0.49501872062683105,17,2,9,zero_shot_paired
249,1,17,4,60,0,0,1,0.5066357851028442,0.5066357851028442,0.5066357851028442,0.49336421489715576,17,2,9,zero_shot_paired
249,2,17,8,60,0,0,1,0.5019088387489319,0.5019088387489319,0.5019088387489319,0.4980911612510681,17,2,9,zero_shot_paired
249,3,17,10,60,1,0,0,0.5026020407676697,0.5026020407676697,0.5026020407676697,0.4973979592323303,17,2,9,zero_shot_paired
249,4,17,11,60,1,0,0,0.5057113170623779,0.5057113170623779,0.5057113170623779,0.49428871273994446,17,2,9,zero_shot_paired
249,5,17,13,60,0,0,1,0.5044308304786682,0.5044308304786682,0.5044308304786682,0.4955691993236542,17,2,9,zero_shot_paired
249,6,17,15,60,1,0,0,0.5098570585250854,0.5098570585250854,0.5098570585250854,0.49014294147491455,17,2,9,zero_shot_paired
249,7,17,16,60,0,0,1,0.5074121952056885,0.5074121952056885,0.5074121952056885,0.4925878643989563,17,2,9,zero_shot_paired
249,8,17,17,60,0,0,1,0.5036625266075134,0.5036625266075134,0.5036625266075134,0.49633750319480896,17,2,9,zero_shot_paired
249,0,17,1,60,1,0,0,0.5048162937164307,0.5048162937164307,0.5048162937164307,0.49518370628356934,17,2,9,post_calibration
249,1,17,4,60,0,0,1,0.5066372156143188,0.5066372156143188,0.5066372156143188,0.49336278438568115,17,2,9,post_calibration
249,2,17,8,60,0,0,1,0.502265453338623,0.502265453338623,0.502265453338623,0.49773454666137695,17,2,9,post_calibration
249,3,17,10,60,1,0,0,0.5030718445777893,0.5030718445777893,0.5030718445777893,0.4969281554222107,17,2,9,post_calibration
249,4,17,11,60,1,0,0,0.5054525136947632,0.5054525136947632,0.5054525136947632,0.4945474863052368,17,2,9,post_calibration
249,5,17,13,60,0,0,1,0.5051239132881165,0.5051239132881165,0.5051239132881165,0.49487605690956116,17,2,9,post_calibration
249,6,17,15,60,1,0,0,0.5085360407829285,0.5085360407829285,0.5085360407829285,0.49146395921707153,17,2,9,post_calibration
249,7,17,16,60,0,0,1,0.5070537328720093,0.5070537328720093,0.5070537328720093,0.4929462671279907,17,2,9,post_calibration
249,8,17,17,60,0,0,1,0.5029253959655762,0.5029253959655762,0.5029253959655762,0.49707460403442383,17,2,9,post_calibration
250,0,17,1,60,1,0,0,0.5049809217453003,0.5049809217453003,0.5049809217453003,0.49501901865005493,17,1,12,zero_shot_paired
250,1,17,4,60,0,0,1,0.5066346526145935,0.5066346526145935,0.5066346526145935,0.4933653473854065,17,1,12,zero_shot_paired
250,2,17,7,60,0,1,0,0.5002671480178833,0.5002671480178833,0.4997328519821167,0.5002671480178833,17,1,12,zero_shot_paired
250,3,17,10,60,1,0,0,0.5026020407676697,0.5026020407676697,0.5026020407676697,0.4973979890346527,17,1,12,zero_shot_paired
250,4,17,13,60,0,0,1,0.5044311285018921,0.5044311285018921,0.5044311285018921,0.4955689013004303,17,1,12,zero_shot_paired
250,5,17,15,60,1,0,0,0.5098571181297302,0.5098571181297302,0.5098571181297302,0.49014291167259216,17,1,12,zero_shot_paired
250,0,17,1,60,1,0,0,0.5051048994064331,0.5051048994064331,0.5051048994064331,0.49489516019821167,17,1,12,post_calibration
250,1,17,4,60,0,0,1,0.5060447454452515,0.5060447454452515,0.5060447454452515,0.49395522475242615,17,1,12,post_calibration
250,2,17,7,60,0,1,0,0.5011388659477234,0.5011388659477234,0.49886107444763184,0.5011388659477234,17,1,12,post_calibration
250,3,17,10,60,1,0,0,0.5022711753845215,0.5022711753845215,0.5022711753845215,0.4977288246154785,17,1,12,post_calibration
250,4,17,13,60,0,0,1,0.504887044429779,0.504887044429779,0.504887044429779,0.49511295557022095,17,1,12,post_calibration
250,5,17,15,60,1,0,0,0.5090455412864685,0.5090455412864685,0.5090455412864685,0.4909544587135315,17,1,12,post_calibration
251,0,17,0,60,1,0,0,0.5115543007850647,0.5115543007850647,0.5115543007850647,0.4884456992149353,17,2,12,zero_shot_paired
251,1,17,1,60,1,0,0,0.5049809217453003,0.5049809217453003,0.5049809217453003,0.49501901865005493,17,2,12,zero_shot_paired
251,2,17,2,60,1,0,0,0.5056504607200623,0.5056504607200623,0.5056504607200623,0.49434950947761536,17,2,12,zero_shot_paired
251,3,17,8,60,0,0,1,0.5019102096557617,0.5019102096557617,0.5019102096557617,0.4980897605419159,17,2,12,zero_shot_paired
251,4,17,9,60,0,0,1,0.5058913826942444,0.5058913826942444,0.5058913826942444,0.494108647108078,17,2,12,zero_shot_paired
251,5,17,17,60,0,0,1,0.5036633610725403,0.5036633610725403,0.5036633610725403,0.4963366687297821,17,2,12,zero_shot_paired
251,0,17,0,60,1,0,0,0.5113170742988586,0.5113170742988586,0.5113170742988586,0.48868289589881897,17,2,12,post_calibration
251,1,17,1,60,1,0,0,0.5051655173301697,0.5051655173301697,0.5051655173301697,0.49483445286750793,17,2,12,post_calibration
251,2,17,2,60,1,0,0,0.5046206712722778,0.5046206712722778,0.5046206712722778,0.4953792989253998,17,2,12,post_calibration
251,3,17,8,60,0,0,1,0.5013183951377869,0.5013183951377869,0.5013183951377869,0.49868160486221313,17,2,12,post_calibration
251,4,17,9,60,0,0,1,0.506074070930481,0.506074070930481,0.506074070930481,0.49392595887184143,17,2,12,post_calibration
251,5,17,17,60,0,0,1,0.503049373626709,0.503049373626709,0.503049373626709,0.4969506561756134,17,2,12,post_calibration
252,0,17,0,60,1,0,0,0.5115543007850647,0.5115543007850647,0.5115543007850647,0.4884456992149353,17,3,12,zero_shot_paired
252,1,17,2,60,1,0,0,0.5056504607200623,0.5056504607200623,0.5056504607200623,0.49434950947761536,17,3,12,zero_shot_paired
252,2,17,5,60,0,0,1,0.5074868202209473,0.5074868202209473,0.5074868202209473,0.4925132095813751,17,3,12,zero_shot_paired
252,3,17,7,60,0,1,0,0.5002671480178833,0.5002671480178833,0.4997328519821167,0.5002671480178833,17,3,12,zero_shot_paired
252,4,17,10,60,1,0,0,0.5026020407676697,0.5026020407676697,0.5026020407676697,0.4973979890346527,17,3,12,zero_shot_paired
252,5,17,16,60,0,0,1,0.5074130296707153,0.5074130296707153,0.5074130296707153,0.4925869405269623,17,3,12,zero_shot_paired
252,0,17,0,60,1,0,0,0.5108337998390198,0.5108337998390198,0.5108337998390198,0.4891662001609802,17,3,12,post_calibration
252,1,17,2,60,1,0,0,0.5052934885025024,0.5052934885025024,0.5052934885025024,0.4947064518928528,17,3,12,post_calibration
252,2,17,5,60,0,0,1,0.5086742043495178,0.5086742043495178,0.5086742043495178,0.49132582545280457,17,3,12,post_calibration
252,3,17,7,60,0,1,0,0.5010501742362976,0.5010501742362976,0.49894979596138,0.5010501742362976,17,3,12,post_calibration
252,4,17,10,60,1,0,0,0.5033243894577026,0.5033243894577026,0.5033243894577026,0.49667561054229736,17,3,12,post_calibration
252,5,17,16,60,0,0,1,0.506026029586792,0.506026029586792,0.506026029586792,0.4939739406108856,17,3,12,post_calibration
19,0,18,0,60,1,0,0,0.5002559423446655,0.5002559423446655,0.5002559423446655,0.49974408745765686,18,,,zero_shot_all_trials
19,1,18,1,60,1,1,1,0.5007152557373047,0.5007152557373047,0.4992847442626953,0.5007152557373047,18,,,zero_shot_all_trials
19,2,18,2,60,1,0,0,0.5003901124000549,0.5003901124000549,0.5003901124000549,0.4996098577976227,18,,,zero_shot_all_trials
19,3,18,3,60,1,0,0,0.5018081068992615,0.5018081068992615,0.5018081068992615,0.49819183349609375,18,,,zero_shot_all_trials
19,4,18,4,60,1,1,1,0.5054196119308472,0.5054196119308472,0.49458038806915283,0.5054196119308472,18,,,zero_shot_all_trials
19,5,18,5,60,1,1,1,0.5010279417037964,0.5010279417037964,0.4989720284938812,0.5010279417037964,18,,,zero_shot_all_trials
19,6,18,6,60,1,0,0,0.5001506209373474,0.5001506209373474,0.5001506209373474,0.4998493492603302,18,,,zero_shot_all_trials
19,7,18,7,60,0,0,1,0.5035290718078613,0.5035290718078613,0.5035290718078613,0.49647095799446106,18,,,zero_shot_all_trials
19,8,18,8,60,1,0,0,0.5033402442932129,0.5033402442932129,0.5033402442932129,0.4966597259044647,18,,,zero_shot_all_trials
19,9,18,9,60,0,0,1,0.5025643110275269,0.5025643110275269,0.5025643110275269,0.49743568897247314,18,,,zero_shot_all_trials
19,10,18,10,60,1,0,0,0.5072476267814636,0.5072476267814636,0.5072476267814636,0.4927523732185364,18,,,zero_shot_all_trials
19,11,18,11,60,1,1,1,0.5003678202629089,0.5003678202629089,0.49963217973709106,0.5003678202629089,18,,,zero_shot_all_trials
19,12,18,12,60,1,1,1,0.5031949281692505,0.5031949281692505,0.4968050420284271,0.5031949281692505,18,,,zero_shot_all_trials
19,13,18,13,60,0,0,1,0.5009822249412537,0.5009822249412537,0.5009822249412537,0.49901777505874634,18,,,zero_shot_all_trials
19,14,18,14,60,1,0,0,0.5017833113670349,0.5017833113670349,0.5017833113670349,0.4982166588306427,18,,,zero_shot_all_trials
19,15,18,15,60,1,1,1,0.502868115901947,0.502868115901947,0.4971318542957306,0.502868115901947,18,,,zero_shot_all_trials
19,16,18,16,60,0,0,1,0.5045479536056519,0.5045479536056519,0.5045479536056519,0.49545204639434814,18,,,zero_shot_all_trials
19,17,18,17,60,0,1,0,0.5028068423271179,0.5028068423271179,0.4971931278705597,0.5028068423271179,18,,,zero_shot_all_trials
253,0,18,0,60,1,0,0,0.5002559423446655,0.5002559423446655,0.5002559423446655,0.49974408745765686,18,1,3,zero_shot_paired
253,1,18,1,60,1,1,1,0.5007151961326599,0.5007151961326599,0.4992848038673401,0.5007151961326599,18,1,3,zero_shot_paired
253,2,18,2,60,1,0,0,0.5003901124000549,0.5003901124000549,0.5003901124000549,0.4996098577976227,18,1,3,zero_shot_paired
253,3,18,3,60,1,0,0,0.5018080472946167,0.5018080472946167,0.5018080472946167,0.4981919229030609,18,1,3,zero_shot_paired
253,4,18,4,60,1,1,1,0.5054195523262024,0.5054195523262024,0.4945804178714752,0.5054195523262024,18,1,3,zero_shot_paired
253,5,18,6,60,1,0,0,0.500150740146637,0.500150740146637,0.500150740146637,0.49984923005104065,18,1,3,zero_shot_paired
253,6,18,7,60,0,0,1,0.5035290122032166,0.5035290122032166,0.5035290122032166,0.49647095799446106,18,1,3,zero_shot_paired
253,7,18,9,60,0,0,1,0.5025644302368164,0.5025644302368164,0.5025644302368164,0.497435599565506,18,1,3,zero_shot_paired
253,8,18,10,60,1,0,0,0.5072476267814636,0.5072476267814636,0.5072476267814636,0.4927523732185364,18,1,3,zero_shot_paired
253,9,18,11,60,1,1,1,0.5003679394721985,0.5003679394721985,0.4996321201324463,0.5003679394721985,18,1,3,zero_shot_paired
253,10,18,12,60,1,1,1,0.5031948685646057,0.5031948685646057,0.4968050718307495,0.5031948685646057,18,1,3,zero_shot_paired
253,11,18,13,60,0,0,1,0.5009822249412537,0.5009822249412537,0.5009822249412537,0.49901777505874634,18,1,3,zero_shot_paired
253,12,18,14,60,1,0,0,0.5017831325531006,0.5017831325531006,0.5017831325531006,0.4982168674468994,18,1,3,zero_shot_paired
253,13,18,15,60,1,1,1,0.5028681755065918,0.5028681755065918,0.4971317946910858,0.5028681755065918,18,1,3,zero_shot_paired
253,14,18,17,60,0,1,0,0.5028066635131836,0.5028066635131836,0.4971933364868164,0.5028066635131836,18,1,3,zero_shot_paired
253,0,18,0,60,1,0,0,0.5001410245895386,0.5001410245895386,0.5001410245895386,0.4998589754104614,18,1,3,post_calibration
253,1,18,1,60,1,1,1,0.5005972981452942,0.5005972981452942,0.4994027018547058,0.5005972981452942,18,1,3,post_calibration
253,2,18,2,60,1,0,0,0.5001038908958435,0.5001038908958435,0.5001038908958435,0.4998960793018341,18,1,3,post_calibration
253,3,18,3,60,1,0,0,0.5018014311790466,0.5018014311790466,0.5018014311790466,0.49819856882095337,18,1,3,post_calibration
253,4,18,4,60,1,1,1,0.5050419569015503,0.5050419569015503,0.4949580430984497,0.5050419569015503,18,1,3,post_calibration
253,5,18,6,60,1,1,1,0.500166118144989,0.500166118144989,0.4998338520526886,0.500166118144989,18,1,3,post_calibration
253,6,18,7,60,0,0,1,0.5033354759216309,0.5033354759216309,0.5033354759216309,0.49666449427604675,18,1,3,post_calibration
253,7,18,9,60,0,0,1,0.5023927092552185,0.5023927092552185,0.5023927092552185,0.4976072609424591,18,1,3,post_calibration
253,8,18,10,60,1,0,0,0.5072725415229797,0.5072725415229797,0.5072725415229797,0.4927274286746979,18,1,3,post_calibration
253,9,18,11,60,1,1,1,0.5006076097488403,0.5006076097488403,0.4993923604488373,0.5006076097488403,18,1,3,post_calibration
253,10,18,12,60,1,1,1,0.5035067200660706,0.5035067200660706,0.4964933395385742,0.5035067200660706,18,1,3,post_calibration
253,11,18,13,60,0,0,1,0.500673770904541,0.500673770904541,0.500673770904541,0.49932625889778137,18,1,3,post_calibration
253,12,18,14,60,1,0,0,0.5019713044166565,0.5019713044166565,0.5019713044166565,0.4980286955833435,18,1,3,post_calibration
253,13,18,15,60,1,1,1,0.5030847191810608,0.5030847191810608,0.4969152808189392,0.5030847191810608,18,1,3,post_calibration
253,14,18,17,60,0,1,0,0.5032064914703369,0.5032064914703369,0.4967934787273407,0.5032064914703369,18,1,3,post_calibration
254,0,18,0,60,1,0,0,0.5002559423446655,0.5002559423446655,0.5002559423446655,0.49974408745765686,18,2,3,zero_shot_paired
254,1,18,1,60,1,1,1,0.5007151961326599,0.5007151961326599,0.4992848038673401,0.5007151961326599,18,2,3,zero_shot_paired
254,2,18,2,60,1,0,0,0.5003901124000549,0.5003901124000549,0.5003901124000549,0.4996098577976227,18,2,3,zero_shot_paired
254,3,18,3,60,1,0,0,0.5018080472946167,0.5018080472946167,0.5018080472946167,0.4981919229030609,18,2,3,zero_shot_paired
254,4,18,4,60,1,1,1,0.5054195523262024,0.5054195523262024,0.4945804178714752,0.5054195523262024,18,2,3,zero_shot_paired
254,5,18,5,60,1,1,1,0.5010279417037964,0.5010279417037964,0.49897199869155884,0.5010279417037964,18,2,3,zero_shot_paired
254,6,18,6,60,1,0,0,0.500150740146637,0.500150740146637,0.500150740146637,0.49984923005104065,18,2,3,zero_shot_paired
254,7,18,7,60,0,0,1,0.5035290122032166,0.5035290122032166,0.5035290122032166,0.49647095799446106,18,2,3,zero_shot_paired
254,8,18,8,60,1,0,0,0.5033401846885681,0.5033401846885681,0.5033401846885681,0.4966598153114319,18,2,3,zero_shot_paired
254,9,18,10,60,1,0,0,0.5072476267814636,0.5072476267814636,0.5072476267814636,0.4927523732185364,18,2,3,zero_shot_paired
254,10,18,11,60,1,1,1,0.5003679394721985,0.5003679394721985,0.4996321201324463,0.5003679394721985,18,2,3,zero_shot_paired
254,11,18,13,60,0,0,1,0.5009822249412537,0.5009822249412537,0.5009822249412537,0.49901777505874634,18,2,3,zero_shot_paired
254,12,18,15,60,1,1,1,0.5028681755065918,0.5028681755065918,0.4971317946910858,0.5028681755065918,18,2,3,zero_shot_paired
254,13,18,16,60,0,0,1,0.5045480132102966,0.5045480132102966,0.5045480132102966,0.495451956987381,18,2,3,zero_shot_paired
254,14,18,17,60,0,1,0,0.5028066635131836,0.5028066635131836,0.4971933364868164,0.5028066635131836,18,2,3,zero_shot_paired
254,0,18,0,60,1,1,1,0.5007795095443726,0.5007795095443726,0.49922046065330505,0.5007795095443726,18,2,3,post_calibration
254,1,18,1,60,1,1,1,0.5015732645988464,0.5015732645988464,0.49842673540115356,0.5015732645988464,18,2,3,post_calibration
254,2,18,2,60,1,1,1,0.5011212229728699,0.5011212229728699,0.4988787770271301,0.5011212229728699,18,2,3,post_calibration
254,3,18,3,60,1,0,0,0.5010975003242493,0.5010975003242493,0.5010975003242493,0.49890249967575073,18,2,3,post_calibration
254,4,18,4,60,1,1,1,0.5058902502059937,0.5058902502059937,0.4941098093986511,0.5058902502059937,18,2,3,post_calibration
254,5,18,5,60,1,1,1,0.5023778676986694,0.5023778676986694,0.4976221024990082,0.5023778676986694,18,2,3,post_calibration
254,6,18,6,60,1,1,1,0.501247227191925,0.501247227191925,0.49875280261039734,0.501247227191925,18,2,3,post_calibration
254,7,18,7,60,0,0,1,0.5029404163360596,0.5029404163360596,0.5029404163360596,0.49705952405929565,18,2,3,post_calibration
254,8,18,8,60,1,0,0,0.5028710961341858,0.5028710961341858,0.5028710961341858,0.4971289336681366,18,2,3,post_calibration
254,9,18,10,60,1,0,0,0.5066380500793457,0.5066380500793457,0.5066380500793457,0.4933619797229767,18,2,3,post_calibration
254,10,18,11,60,1,1,1,0.5017784237861633,0.5017784237861633,0.49822157621383667,0.5017784237861633,18,2,3,post_calibration
254,11,18,13,60,0,1,0,0.5008042454719543,0.5008042454719543,0.49919581413269043,0.5008042454719543,18,2,3,post_calibration
254,12,18,15,60,1,1,1,0.5040870308876038,0.5040870308876038,0.49591299891471863,0.5040870308876038,18,2,3,post_calibration
254,13,18,16,60,0,0,1,0.5039655566215515,0.5039655566215515,0.5039655566215515,0.49603450298309326,18,2,3,post_calibration
254,14,18,17,60,0,1,0,0.5042175054550171,0.5042175054550171,0.4957825243473053,0.5042175054550171,18,2,3,post_calibration
255,0,18,0,60,1,0,0,0.5002559423446655,0.5002559423446655,0.5002559423446655,0.49974408745765686,18,3,3,zero_shot_paired
255,1,18,1,60,1,1,1,0.5007151961326599,0.5007151961326599,0.4992848038673401,0.5007151961326599,18,3,3,zero_shot_paired
255,2,18,2,60,1,0,0,0.5003901124000549,0.5003901124000549,0.5003901124000549,0.4996098577976227,18,3,3,zero_shot_paired
255,3,18,3,60,1,0,0,0.5018080472946167,0.5018080472946167,0.5018080472946167,0.4981919229030609,18,3,3,zero_shot_paired
255,4,18,4,60,1,1,1,0.5054195523262024,0.5054195523262024,0.4945804178714752,0.5054195523262024,18,3,3,zero_shot_paired
255,5,18,5,60,1,1,1,0.5010279417037964,0.5010279417037964,0.49897199869155884,0.5010279417037964,18,3,3,zero_shot_paired
255,6,18,7,60,0,0,1,0.5035290122032166,0.5035290122032166,0.5035290122032166,0.49647095799446106,18,3,3,zero_shot_paired
255,7,18,8,60,1,0,0,0.5033401846885681,0.5033401846885681,0.5033401846885681,0.4966598153114319,18,3,3,zero_shot_paired
255,8,18,9,60,0,0,1,0.5025644302368164,0.5025644302368164,0.5025644302368164,0.497435599565506,18,3,3,zero_shot_paired
255,9,18,10,60,1,0,0,0.5072476267814636,0.5072476267814636,0.5072476267814636,0.4927523732185364,18,3,3,zero_shot_paired
255,10,18,11,60,1,1,1,0.5003679394721985,0.5003679394721985,0.4996321201324463,0.5003679394721985,18,3,3,zero_shot_paired
255,11,18,12,60,1,1,1,0.5031948685646057,0.5031948685646057,0.4968050718307495,0.5031948685646057,18,3,3,zero_shot_paired
255,12,18,14,60,1,0,0,0.5017831325531006,0.5017831325531006,0.5017831325531006,0.4982168674468994,18,3,3,zero_shot_paired
255,13,18,16,60,0,0,1,0.5045480132102966,0.5045480132102966,0.5045480132102966,0.495451956987381,18,3,3,zero_shot_paired
255,14,18,17,60,0,1,0,0.5028066635131836,0.5028066635131836,0.4971933364868164,0.5028066635131836,18,3,3,zero_shot_paired
255,0,18,0,60,1,1,1,0.5004684329032898,0.5004684329032898,0.4995315670967102,0.5004684329032898,18,3,3,post_calibration
255,1,18,1,60,1,1,1,0.5014230608940125,0.5014230608940125,0.49857690930366516,0.5014230608940125,18,3,3,post_calibration
255,2,18,2,60,1,1,1,0.5003646612167358,0.5003646612167358,0.4996353089809418,0.5003646612167358,18,3,3,post_calibration
255,3,18,3,60,1,0,0,0.501422643661499,0.501422643661499,0.501422643661499,0.498577356338501,18,3,3,post_calibration
255,4,18,4,60,1,1,1,0.5063742399215698,0.5063742399215698,0.4936257600784302,0.5063742399215698,18,3,3,post_calibration
255,5,18,5,60,1,1,1,0.5012765526771545,0.5012765526771545,0.49872344732284546,0.5012765526771545,18,3,3,post_calibration
255,6,18,7,60,0,0,1,0.503456175327301,0.503456175327301,0.503456175327301,0.496543824672699,18,3,3,post_calibration
255,7,18,8,60,1,0,0,0.5023561716079712,0.5023561716079712,0.5023561716079712,0.4976438283920288,18,3,3,post_calibration
255,8,18,9,60,0,0,1,0.5015214681625366,0.5015214681625366,0.5015214681625366,0.4984784722328186,18,3,3,post_calibration
255,9,18,10,60,1,0,0,0.5067102313041687,0.5067102313041687,0.5067102313041687,0.4932897388935089,18,3,3,post_calibration
255,10,18,11,60,1,1,1,0.5019915699958801,0.5019915699958801,0.49800845980644226,0.5019915699958801,18,3,3,post_calibration
255,11,18,12,60,1,1,1,0.5036876201629639,0.5036876201629639,0.49631235003471375,0.5036876201629639,18,3,3,post_calibration
255,12,18,14,60,1,0,0,0.501587986946106,0.501587986946106,0.501587986946106,0.49841195344924927,18,3,3,post_calibration
255,13,18,16,60,0,0,1,0.5042212605476379,0.5042212605476379,0.5042212605476379,0.4957787096500397,18,3,3,post_calibration
255,14,18,17,60,0,1,0,0.5031712651252747,0.5031712651252747,0.49682870507240295,0.5031712651252747,18,3,3,post_calibration
256,0,18,0,60,1,0,0,0.5002559423446655,0.5002559423446655,0.5002559423446655,0.49974408745765686,18,4,3,zero_shot_paired
256,1,18,1,60,1,1,1,0.5007151961326599,0.5007151961326599,0.4992848038673401,0.5007151961326599,18,4,3,zero_shot_paired
256,2,18,2,60,1,0,0,0.5003901124000549,0.5003901124000549,0.5003901124000549,0.4996098577976227,18,4,3,zero_shot_paired
256,3,18,5,60,1,1,1,0.5010279417037964,0.5010279417037964,0.49897199869155884,0.5010279417037964,18,4,3,zero_shot_paired
256,4,18,6,60,1,0,0,0.500150740146637,0.500150740146637,0.500150740146637,0.49984923005104065,18,4,3,zero_shot_paired
256,5,18,7,60,0,0,1,0.5035290122032166,0.5035290122032166,0.5035290122032166,0.49647095799446106,18,4,3,zero_shot_paired
256,6,18,8,60,1,0,0,0.5033401846885681,0.5033401846885681,0.5033401846885681,0.4966598153114319,18,4,3,zero_shot_paired
256,7,18,9,60,0,0,1,0.5025644302368164,0.5025644302368164,0.5025644302368164,0.497435599565506,18,4,3,zero_shot_paired
256,8,18,10,60,1,0,0,0.5072476267814636,0.5072476267814636,0.5072476267814636,0.4927523732185364,18,4,3,zero_shot_paired
256,9,18,12,60,1,1,1,0.5031948685646057,0.5031948685646057,0.4968050718307495,0.5031948685646057,18,4,3,zero_shot_paired
256,10,18,13,60,0,0,1,0.5009822249412537,0.5009822249412537,0.5009822249412537,0.49901777505874634,18,4,3,zero_shot_paired
256,11,18,14,60,1,0,0,0.5017831325531006,0.5017831325531006,0.5017831325531006,0.4982168674468994,18,4,3,zero_shot_paired
256,12,18,15,60,1,1,1,0.5028681755065918,0.5028681755065918,0.4971317946910858,0.5028681755065918,18,4,3,zero_shot_paired
256,13,18,16,60,0,0,1,0.5045480132102966,0.5045480132102966,0.5045480132102966,0.495451956987381,18,4,3,zero_shot_paired
256,14,18,17,60,0,1,0,0.5028066635131836,0.5028066635131836,0.4971933364868164,0.5028066635131836,18,4,3,zero_shot_paired
256,0,18,0,60,1,1,1,0.5020021200180054,0.5020021200180054,0.49799785017967224,0.5020021200180054,18,4,3,post_calibration
256,1,18,1,60,1,1,1,0.5023884773254395,0.5023884773254395,0.49761152267456055,0.5023884773254395,18,4,3,post_calibration
256,2,18,2,60,1,1,1,0.5018706917762756,0.5018706917762756,0.498129278421402,0.5018706917762756,18,4,3,post_calibration
256,3,18,5,60,1,1,1,0.5031675100326538,0.5031675100326538,0.4968324899673462,0.5031675100326538,18,4,3,post_calibration
256,4,18,6,60,1,1,1,0.5019757747650146,0.5019757747650146,0.49802422523498535,0.5019757747650146,18,4,3,post_calibration
256,5,18,7,60,0,0,1,0.5019795894622803,0.5019795894622803,0.5019795894622803,0.4980204105377197,18,4,3,post_calibration
256,6,18,8,60,1,0,0,0.5008300542831421,0.5008300542831421,0.5008300542831421,0.4991699159145355,18,4,3,post_calibration
256,7,18,9,60,0,0,1,0.5011018514633179,0.5011018514633179,0.5011018514633179,0.4988982081413269,18,4,3,post_calibration
256,8,18,10,60,1,0,0,0.5050429105758667,0.5050429105758667,0.5050429105758667,0.4949570894241333,18,4,3,post_calibration
256,9,18,12,60,1,1,1,0.5054158568382263,0.5054158568382263,0.49458417296409607,0.5054158568382263,18,4,3,post_calibration
256,10,18,13,60,0,1,0,0.5007147192955017,0.5007147192955017,0.4992852807044983,0.5007147192955017,18,4,3,post_calibration
256,11,18,14,60,1,0,0,0.5009859204292297,0.5009859204292297,0.5009859204292297,0.49901407957077026,18,4,3,post_calibration
256,12,18,15,60,1,1,1,0.504883348941803,0.504883348941803,0.49511659145355225,0.504883348941803,18,4,3,post_calibration
256,13,18,16,60,0,0,1,0.5026463866233826,0.5026463866233826,0.5026463866233826,0.49735361337661743,18,4,3,post_calibration
256,14,18,17,60,0,1,0,0.5048739314079285,0.5048739314079285,0.49512606859207153,0.5048739314079285,18,4,3,post_calibration
257,0,18,2,60,1,0,0,0.5003901124000549,0.5003901124000549,0.5003901124000549,0.4996098577976227,18,5,3,zero_shot_paired
257,1,18,3,60,1,0,0,0.5018080472946167,0.5018080472946167,0.5018080472946167,0.4981919229030609,18,5,3,zero_shot_paired
257,2,18,4,60,1,1,1,0.5054195523262024,0.5054195523262024,0.4945804178714752,0.5054195523262024,18,5,3,zero_shot_paired
257,3,18,5,60,1,1,1,0.5010279417037964,0.5010279417037964,0.49897199869155884,0.5010279417037964,18,5,3,zero_shot_paired
257,4,18,6,60,1,0,0,0.500150740146637,0.500150740146637,0.500150740146637,0.49984923005104065,18,5,3,zero_shot_paired
257,5,18,8,60,1,0,0,0.5033401846885681,0.5033401846885681,0.5033401846885681,0.4966598153114319,18,5,3,zero_shot_paired
257,6,18,9,60,0,0,1,0.5025644302368164,0.5025644302368164,0.5025644302368164,0.497435599565506,18,5,3,zero_shot_paired
257,7,18,10,60,1,0,0,0.5072476267814636,0.5072476267814636,0.5072476267814636,0.4927523732185364,18,5,3,zero_shot_paired
257,8,18,11,60,1,1,1,0.5003679394721985,0.5003679394721985,0.4996321201324463,0.5003679394721985,18,5,3,zero_shot_paired
257,9,18,12,60,1,1,1,0.5031948685646057,0.5031948685646057,0.4968050718307495,0.5031948685646057,18,5,3,zero_shot_paired
257,10,18,13,60,0,0,1,0.5009822249412537,0.5009822249412537,0.5009822249412537,0.49901777505874634,18,5,3,zero_shot_paired
257,11,18,14,60,1,0,0,0.5017831325531006,0.5017831325531006,0.5017831325531006,0.4982168674468994,18,5,3,zero_shot_paired
257,12,18,15,60,1,1,1,0.5028681755065918,0.5028681755065918,0.4971317946910858,0.5028681755065918,18,5,3,zero_shot_paired
257,13,18,16,60,0,0,1,0.5045480132102966,0.5045480132102966,0.5045480132102966,0.495451956987381,18,5,3,zero_shot_paired
257,14,18,17,60,0,1,0,0.5028066635131836,0.5028066635131836,0.4971933364868164,0.5028066635131836,18,5,3,zero_shot_paired
257,0,18,2,60,1,1,1,0.5003505349159241,0.5003505349159241,0.4996494650840759,0.5003505349159241,18,5,3,post_calibration
257,1,18,3,60,1,0,0,0.5017085671424866,0.5017085671424866,0.5017085671424866,0.4982914328575134,18,5,3,post_calibration
257,2,18,4,60,1,1,1,0.5058505535125732,0.5058505535125732,0.49414947628974915,0.5058505535125732,18,5,3,post_calibration
257,3,18,5,60,1,1,1,0.5016731023788452,0.5016731023788452,0.4983268976211548,0.5016731023788452,18,5,3,post_calibration
257,4,18,6,60,1,1,1,0.5010610818862915,0.5010610818862915,0.4989389181137085,0.5010610818862915,18,5,3,post_calibration
257,5,18,8,60,1,0,0,0.5026453137397766,0.5026453137397766,0.5026453137397766,0.4973547160625458,18,5,3,post_calibration
257,6,18,9,60,0,0,1,0.5021733045578003,0.5021733045578003,0.5021733045578003,0.4978267252445221,18,5,3,post_calibration
257,7,18,10,60,1,0,0,0.5060727000236511,0.5060727000236511,0.5060727000236511,0.49392732977867126,18,5,3,post_calibration
257,8,18,11,60,1,1,1,0.5014598965644836,0.5014598965644836,0.49854007363319397,0.5014598965644836,18,5,3,post_calibration
257,9,18,12,60,1,1,1,0.5038068294525146,0.5038068294525146,0.49619317054748535,0.5038068294525146,18,5,3,post_calibration
257,10,18,13,60,0,0,1,0.5004545450210571,0.5004545450210571,0.5004545450210571,0.49954545497894287,18,5,3,post_calibration
257,11,18,14,60,1,0,0,0.5015384554862976,0.5015384554862976,0.5015384554862976,0.4984615743160248,18,5,3,post_calibration
257,12,18,15,60,1,1,1,0.5035297274589539,0.5035297274589539,0.49647030234336853,0.5035297274589539,18,5,3,post_calibration
257,13,18,16,60,0,0,1,0.5044000148773193,0.5044000148773193,0.5044000148773193,0.4955999553203583,18,5,3,post_calibration
257,14,18,17,60,0,1,0,0.5034247040748596,0.5034247040748596,0.4965752959251404,0.5034247040748596,18,5,3,post_calibration
258,0,18,0,60,1,0,0,0.5002559423446655,0.5002559423446655,0.5002559423446655,0.49974408745765686,18,6,3,zero_shot_paired
258,1,18,1,60,1,1,1,0.5007151961326599,0.5007151961326599,0.4992848038673401,0.5007151961326599,18,6,3,zero_shot_paired
258,2,18,3,60,1,0,0,0.5018080472946167,0.5018080472946167,0.5018080472946167,0.4981919229030609,18,6,3,zero_shot_paired
258,3,18,4,60,1,1,1,0.5054195523262024,0.5054195523262024,0.4945804178714752,0.5054195523262024,18,6,3,zero_shot_paired
258,4,18,5,60,1,1,1,0.5010279417037964,0.5010279417037964,0.49897199869155884,0.5010279417037964,18,6,3,zero_shot_paired
258,5,18,6,60,1,0,0,0.500150740146637,0.500150740146637,0.500150740146637,0.49984923005104065,18,6,3,zero_shot_paired
258,6,18,7,60,0,0,1,0.5035290122032166,0.5035290122032166,0.5035290122032166,0.49647095799446106,18,6,3,zero_shot_paired
258,7,18,8,60,1,0,0,0.5033401846885681,0.5033401846885681,0.5033401846885681,0.4966598153114319,18,6,3,zero_shot_paired
258,8,18,9,60,0,0,1,0.5025644302368164,0.5025644302368164,0.5025644302368164,0.497435599565506,18,6,3,zero_shot_paired
258,9,18,11,60,1,1,1,0.5003679394721985,0.5003679394721985,0.4996321201324463,0.5003679394721985,18,6,3,zero_shot_paired
258,10,18,12,60,1,1,1,0.5031948685646057,0.5031948685646057,0.4968050718307495,0.5031948685646057,18,6,3,zero_shot_paired
258,11,18,13,60,0,0,1,0.5009822249412537,0.5009822249412537,0.5009822249412537,0.49901777505874634,18,6,3,zero_shot_paired
258,12,18,14,60,1,0,0,0.5017831325531006,0.5017831325531006,0.5017831325531006,0.4982168674468994,18,6,3,zero_shot_paired
258,13,18,15,60,1,1,1,0.5028681755065918,0.5028681755065918,0.4971317946910858,0.5028681755065918,18,6,3,zero_shot_paired
258,14,18,16,60,0,0,1,0.5045480132102966,0.5045480132102966,0.5045480132102966,0.495451956987381,18,6,3,zero_shot_paired
258,0,18,0,60,1,1,1,0.5001277923583984,0.5001277923583984,0.49987220764160156,0.5001277923583984,18,6,3,post_calibration
258,1,18,1,60,1,1,1,0.5008073449134827,0.5008073449134827,0.49919262528419495,0.5008073449134827,18,6,3,post_calibration
258,2,18,3,60,1,0,0,0.5013266801834106,0.5013266801834106,0.5013266801834106,0.49867329001426697,18,6,3,post_calibration
258,3,18,4,60,1,1,1,0.5059586763381958,0.5059586763381958,0.4940412640571594,0.5059586763381958,18,6,3,post_calibration
258,4,18,5,60,1,1,1,0.5008041262626648,0.5008041262626648,0.4991959035396576,0.5008041262626648,18,6,3,post_calibration
258,5,18,6,60,1,1,1,0.5001668930053711,0.5001668930053711,0.4998330771923065,0.5001668930053711,18,6,3,post_calibration
258,6,18,7,60,0,0,1,0.5032659769058228,0.5032659769058228,0.5032659769058228,0.496734082698822,18,6,3,post_calibration
258,7,18,8,60,1,0,0,0.5028852820396423,0.5028852820396423,0.5028852820396423,0.49711477756500244,18,6,3,post_calibration
258,8,18,9,60,0,0,1,0.5022110342979431,0.5022110342979431,0.5022110342979431,0.4977889060974121,18,6,3,post_calibration
258,9,18,11,60,1,1,1,0.5008312463760376,0.5008312463760376,0.4991687834262848,0.5008312463760376,18,6,3,post_calibration
258,10,18,12,60,1,1,1,0.5034070611000061,0.5034070611000061,0.4965929090976715,0.5034070611000061,18,6,3,post_calibration
258,11,18,13,60,0,0,1,0.5005526542663574,0.5005526542663574,0.5005526542663574,0.49944737553596497,18,6,3,post_calibration
258,12,18,14,60,1,0,0,0.5012885928153992,0.5012885928153992,0.5012885928153992,0.49871140718460083,18,6,3,post_calibration
258,13,18,15,60,1,1,1,0.5025383234024048,0.5025383234024048,0.4974617063999176,0.5025383234024048,18,6,3,post_calibration
258,14,18,16,60,0,0,1,0.50450599193573,0.50450599193573,0.50450599193573,0.49549397826194763,18,6,3,post_calibration
259,0,18,0,60,1,0,0,0.5002559423446655,0.5002559423446655,0.5002559423446655,0.49974408745765686,18,1,6,zero_shot_paired
259,1,18,2,60,1,0,0,0.5003901124000549,0.5003901124000549,0.5003901124000549,0.4996098577976227,18,1,6,zero_shot_paired
259,2,18,3,60,1,0,0,0.5018080472946167,0.5018080472946167,0.5018080472946167,0.4981919229030609,18,1,6,zero_shot_paired
259,3,18,4,60,1,1,1,0.5054195523262024,0.5054195523262024,0.4945804178714752,0.5054195523262024,18,1,6,zero_shot_paired
259,4,18,5,60,1,1,1,0.5010279417037964,0.5010279417037964,0.49897199869155884,0.5010279417037964,18,1,6,zero_shot_paired
259,5,18,7,60,0,0,1,0.5035290122032166,0.5035290122032166,0.5035290122032166,0.49647095799446106,18,1,6,zero_shot_paired
259,6,18,9,60,0,0,1,0.5025644302368164,0.5025644302368164,0.5025644302368164,0.497435599565506,18,1,6,zero_shot_paired
259,7,18,10,60,1,0,0,0.5072476267814636,0.5072476267814636,0.5072476267814636,0.4927523732185364,18,1,6,zero_shot_paired
259,8,18,13,60,0,0,1,0.5009822249412537,0.5009822249412537,0.5009822249412537,0.49901777505874634,18,1,6,zero_shot_paired
259,9,18,14,60,1,0,0,0.5017831325531006,0.5017831325531006,0.5017831325531006,0.4982168674468994,18,1,6,zero_shot_paired
259,10,18,15,60,1,1,1,0.5028681755065918,0.5028681755065918,0.4971317946910858,0.5028681755065918,18,1,6,zero_shot_paired
259,11,18,17,60,0,1,0,0.5028066635131836,0.5028066635131836,0.4971933364868164,0.5028066635131836,18,1,6,zero_shot_paired
259,0,18,0,60,1,1,1,0.5025522112846375,0.5025522112846375,0.49744778871536255,0.5025522112846375,18,1,6,post_calibration
259,1,18,2,60,1,1,1,0.5020102858543396,0.5020102858543396,0.4979897439479828,0.5020102858543396,18,1,6,post_calibration
259,2,18,3,60,1,0,0,0.5000628232955933,0.5000628232955933,0.5000628232955933,0.4999372065067291,18,1,6,post_calibration
259,3,18,4,60,1,1,1,0.5077030062675476,0.5077030062675476,0.4922969937324524,0.5077030062675476,18,1,6,post_calibration
259,4,18,5,60,1,1,1,0.5034579038619995,0.5034579038619995,0.4965420961380005,0.5034579038619995,18,1,6,post_calibration
259,5,18,7,60,0,0,1,0.5029990077018738,0.5029990077018738,0.5029990077018738,0.49700096249580383,18,1,6,post_calibration
259,6,18,9,60,0,0,1,0.5012388229370117,0.5012388229370117,0.5012388229370117,0.4987611770629883,18,1,6,post_calibration
259,7,18,10,60,1,0,0,0.5047814249992371,0.5047814249992371,0.5047814249992371,0.49521854519844055,18,1,6,post_calibration
259,8,18,13,60,0,1,0,0.5019010901451111,0.5019010901451111,0.4980989396572113,0.5019010901451111,18,1,6,post_calibration
259,9,18,14,60,1,0,0,0.5005179047584534,0.5005179047584534,0.5005179047584534,0.499482125043869,18,1,6,post_calibration
259,10,18,15,60,1,1,1,0.5061419606208801,0.5061419606208801,0.4938580095767975,0.5061419606208801,18,1,6,post_calibration
259,11,18,17,60,0,1,0,0.505577802658081,0.505577802658081,0.49442216753959656,0.505577802658081,18,1,6,post_calibration
260,0,18,1,60,1,1,1,0.5007151961326599,0.5007151961326599,0.4992848038673401,0.5007151961326599,18,2,6,zero_shot_paired
260,1,18,3,60,1,0,0,0.5018080472946167,0.5018080472946167,0.5018080472946167,0.4981919229030609,18,2,6,zero_shot_paired
260,2,18,4,60,1,1,1,0.5054195523262024,0.5054195523262024,0.4945804178714752,0.5054195523262024,18,2,6,zero_shot_paired
260,3,18,6,60,1,0,0,0.500150740146637,0.500150740146637,0.500150740146637,0.49984923005104065,18,2,6,zero_shot_paired
260,4,18,8,60,1,0,0,0.5033401846885681,0.5033401846885681,0.5033401846885681,0.4966598153114319,18,2,6,zero_shot_paired
260,5,18,9,60,0,0,1,0.5025644302368164,0.5025644302368164,0.5025644302368164,0.497435599565506,18,2,6,zero_shot_paired
260,6,18,10,60,1,0,0,0.5072476267814636,0.5072476267814636,0.5072476267814636,0.4927523732185364,18,2,6,zero_shot_paired
260,7,18,11,60,1,1,1,0.5003679394721985,0.5003679394721985,0.4996321201324463,0.5003679394721985,18,2,6,zero_shot_paired
260,8,18,12,60,1,1,1,0.5031948685646057,0.5031948685646057,0.4968050718307495,0.5031948685646057,18,2,6,zero_shot_paired
260,9,18,13,60,0,0,1,0.5009822249412537,0.5009822249412537,0.5009822249412537,0.49901777505874634,18,2,6,zero_shot_paired
260,10,18,15,60,1,1,1,0.5028681755065918,0.5028681755065918,0.4971317946910858,0.5028681755065918,18,2,6,zero_shot_paired
260,11,18,16,60,0,0,1,0.5045480132102966,0.5045480132102966,0.5045480132102966,0.495451956987381,18,2,6,zero_shot_paired
260,0,18,1,60,1,1,1,0.5013095140457153,0.5013095140457153,0.49869048595428467,0.5013095140457153,18,2,6,post_calibration
260,1,18,3,60,1,0,0,0.5010619759559631,0.5010619759559631,0.5010619759559631,0.49893805384635925,18,2,6,post_calibration
260,2,18,4,60,1,1,1,0.5063509345054626,0.5063509345054626,0.49364906549453735,0.5063509345054626,18,2,6,post_calibration
260,3,18,6,60,1,1,1,0.5010548830032349,0.5010548830032349,0.49894508719444275,0.5010548830032349,18,2,6,post_calibration
260,4,18,8,60,1,0,0,0.50246262550354,0.50246262550354,0.50246262550354,0.49753737449645996,18,2,6,post_calibration
260,5,18,9,60,0,0,1,0.50254225730896,0.50254225730896,0.50254225730896,0.4974577724933624,18,2,6,post_calibration
260,6,18,10,60,1,0,0,0.5059965252876282,0.5059965252876282,0.5059965252876282,0.49400344491004944,18,2,6,post_calibration
260,7,18,11,60,1,1,1,0.5006353259086609,0.5006353259086609,0.4993646740913391,0.5006353259086609,18,2,6,post_calibration
260,8,18,12,60,1,1,1,0.5039700269699097,0.5039700269699097,0.49602997303009033,0.5039700269699097,18,2,6,post_calibration
260,9,18,13,60,0,0,1,0.5001341104507446,0.5001341104507446,0.5001341104507446,0.49986591935157776,18,2,6,post_calibration
260,10,18,15,60,1,1,1,0.5033193826675415,0.5033193826675415,0.4966805577278137,0.5033193826675415,18,2,6,post_calibration
260,11,18,16,60,0,0,1,0.5037221312522888,0.5037221312522888,0.5037221312522888,0.4962778687477112,18,2,6,post_calibration
261,0,18,0,60,1,0,0,0.5002559423446655,0.5002559423446655,0.5002559423446655,0.49974408745765686,18,3,6,zero_shot_paired
261,1,18,1,60,1,1,1,0.5007151961326599,0.5007151961326599,0.4992848038673401,0.5007151961326599,18,3,6,zero_shot_paired
261,2,18,2,60,1,0,0,0.5003901124000549,0.5003901124000549,0.5003901124000549,0.4996098577976227,18,3,6,zero_shot_paired
261,3,18,5,60,1,1,1,0.5010279417037964,0.5010279417037964,0.49897199869155884,0.5010279417037964,18,3,6,zero_shot_paired
261,4,18,6,60,1,0,0,0.500150740146637,0.500150740146637,0.500150740146637,0.49984923005104065,18,3,6,zero_shot_paired
261,5,18,7,60,0,0,1,0.5035290122032166,0.5035290122032166,0.5035290122032166,0.49647095799446106,18,3,6,zero_shot_paired
261,6,18,8,60,1,0,0,0.5033401846885681,0.5033401846885681,0.5033401846885681,0.4966598153114319,18,3,6,zero_shot_paired
261,7,18,11,60,1,1,1,0.5003679394721985,0.5003679394721985,0.4996321201324463,0.5003679394721985,18,3,6,zero_shot_paired
261,8,18,12,60,1,1,1,0.5031948685646057,0.5031948685646057,0.4968050718307495,0.5031948685646057,18,3,6,zero_shot_paired
261,9,18,14,60,1,0,0,0.5017831325531006,0.5017831325531006,0.5017831325531006,0.4982168674468994,18,3,6,zero_shot_paired
261,10,18,16,60,0,0,1,0.5045480132102966,0.5045480132102966,0.5045480132102966,0.495451956987381,18,3,6,zero_shot_paired
261,11,18,17,60,0,1,0,0.5028066635131836,0.5028066635131836,0.4971933364868164,0.5028066635131836,18,3,6,zero_shot_paired
261,0,18,0,60,1,1,1,0.5012359023094177,0.5012359023094177,0.49876412749290466,0.5012359023094177,18,3,6,post_calibration
261,1,18,1,60,1,1,1,0.5014712810516357,0.5014712810516357,0.49852871894836426,0.5014712810516357,18,3,6,post_calibration
261,2,18,2,60,1,1,1,0.5004977583885193,0.5004977583885193,0.4995022416114807,0.5004977583885193,18,3,6,post_calibration
261,3,18,5,60,1,1,1,0.5025210976600647,0.5025210976600647,0.4974788725376129,0.5025210976600647,18,3,6,post_calibration
261,4,18,6,60,1,1,1,0.5010145902633667,0.5010145902633667,0.4989854097366333,0.5010145902633667,18,3,6,post_calibration
261,5,18,7,60,0,0,1,0.5032594799995422,0.5032594799995422,0.5032594799995422,0.49674054980278015,18,3,6,post_calibration
261,6,18,8,60,1,0,0,0.5022814869880676,0.5022814869880676,0.5022814869880676,0.4977185130119324,18,3,6,post_calibration
261,7,18,11,60,1,1,1,0.5022118091583252,0.5022118091583252,0.4977881908416748,0.5022118091583252,18,3,6,post_calibration
261,8,18,12,60,1,1,1,0.5037162899971008,0.5037162899971008,0.49628371000289917,0.5037162899971008,18,3,6,post_calibration
261,9,18,14,60,1,0,0,0.5017633438110352,0.5017633438110352,0.5017633438110352,0.49823668599128723,18,3,6,post_calibration
261,10,18,16,60,0,0,1,0.5040245056152344,0.5040245056152344,0.5040245056152344,0.495975524187088,18,3,6,post_calibration
261,11,18,17,60,0,1,0,0.5031144618988037,0.5031144618988037,0.4968855381011963,0.5031144618988037,18,3,6,post_calibration
262,0,18,0,60,1,0,0,0.5002559423446655,0.5002559423446655,0.5002559423446655,0.49974408745765686,18,1,9,zero_shot_paired
262,1,18,1,60,1,1,1,0.5007153153419495,0.5007153153419495,0.49928468465805054,0.5007153153419495,18,1,9,zero_shot_paired
262,2,18,2,60,1,0,0,0.5003901124000549,0.5003901124000549,0.5003901124000549,0.4996098577976227,18,1,9,zero_shot_paired
262,3,18,4,60,1,1,1,0.5054196119308472,0.5054196119308472,0.49458038806915283,0.5054196119308472,18,1,9,zero_shot_paired
262,4,18,6,60,1,0,0,0.500150740146637,0.500150740146637,0.500150740146637,0.49984923005104065,18,1,9,zero_shot_paired
262,5,18,7,60,0,0,1,0.5035290718078613,0.5035290718078613,0.5035290718078613,0.49647095799446106,18,1,9,zero_shot_paired
262,6,18,10,60,1,0,0,0.5072476267814636,0.5072476267814636,0.5072476267814636,0.4927523136138916,18,1,9,zero_shot_paired
262,7,18,16,60,0,0,1,0.5045478940010071,0.5045478940010071,0.5045478940010071,0.49545207619667053,18,1,9,zero_shot_paired
262,8,18,17,60,0,1,0,0.5028069615364075,0.5028069615364075,0.49719300866127014,0.5028069615364075,18,1,9,zero_shot_paired
262,0,18,0,60,1,1,1,0.5018207430839539,0.5018207430839539,0.49817922711372375,0.5018207430839539,18,1,9,post_calibration
262,1,18,1,60,1,1,1,0.5024318099021912,0.5024318099021912,0.49756819009780884,0.5024318099021912,18,1,9,post_calibration
262,2,18,2,60,1,1,1,0.5017547011375427,0.5017547011375427,0.49824532866477966,0.5017547011375427,18,1,9,post_calibration
262,3,18,4,60,1,1,1,0.5071062445640564,0.5071062445640564,0.4928937554359436,0.5071062445640564,18,1,9,post_calibration
262,4,18,6,60,1,1,1,0.5020967721939087,0.5020967721939087,0.4979031980037689,0.5020967721939087,18,1,9,post_calibration
262,5,18,7,60,0,0,1,0.5017347931861877,0.5017347931861877,0.5017347931861877,0.49826523661613464,18,1,9,post_calibration
262,6,18,10,60,1,0,0,0.5059582591056824,0.5059582591056824,0.5059582591056824,0.49404177069664,18,1,9,post_calibration
262,7,18,16,60,0,0,1,0.5028125643730164,0.5028125643730164,0.5028125643730164,0.49718740582466125,18,1,9,post_calibration
262,8,18,17,60,0,1,0,0.505028247833252,0.505028247833252,0.49497172236442566,0.505028247833252,18,1,9,post_calibration
263,0,18,3,60,1,0,0,0.5018081665039062,0.5018081665039062,0.5018081665039062,0.49819180369377136,18,2,9,zero_shot_paired
263,1,18,5,60,1,1,1,0.5010279417037964,0.5010279417037964,0.49897199869155884,0.5010279417037964,18,2,9,zero_shot_paired
263,2,18,8,60,1,0,0,0.5033402442932129,0.5033402442932129,0.5033402442932129,0.4966597259044647,18,2,9,zero_shot_paired
263,3,18,9,60,0,0,1,0.5025643110275269,0.5025643110275269,0.5025643110275269,0.49743568897247314,18,2,9,zero_shot_paired
263,4,18,11,60,1,1,1,0.5003678202629089,0.5003678202629089,0.49963220953941345,0.5003678202629089,18,2,9,zero_shot_paired
263,5,18,12,60,1,1,1,0.5031949877738953,0.5031949877738953,0.49680495262145996,0.5031949877738953,18,2,9,zero_shot_paired
263,6,18,13,60,0,0,1,0.5009822249412537,0.5009822249412537,0.5009822249412537,0.49901777505874634,18,2,9,zero_shot_paired
263,7,18,14,60,1,0,0,0.5017830729484558,0.5017830729484558,0.5017830729484558,0.4982169270515442,18,2,9,zero_shot_paired
263,8,18,15,60,1,1,1,0.5028687715530396,0.5028687715530396,0.49713125824928284,0.5028687715530396,18,2,9,zero_shot_paired
263,0,18,3,60,1,0,0,0.5006563663482666,0.5006563663482666,0.5006563663482666,0.4993436336517334,18,2,9,post_calibration
263,1,18,5,60,1,1,1,0.5025644302368164,0.5025644302368164,0.497435599565506,0.5025644302368164,18,2,9,post_calibration
263,2,18,8,60,1,0,0,0.5023161172866821,0.5023161172866821,0.5023161172866821,0.49768391251564026,18,2,9,post_calibration
263,3,18,9,60,0,0,1,0.5019558668136597,0.5019558668136597,0.5019558668136597,0.49804410338401794,18,2,9,post_calibration
263,4,18,11,60,1,1,1,0.5018001198768616,0.5018001198768616,0.49819985032081604,0.5018001198768616,18,2,9,post_calibration
263,5,18,12,60,1,1,1,0.5039012432098389,0.5039012432098389,0.49609875679016113,0.5039012432098389,18,2,9,post_calibration
263,6,18,13,60,0,1,0,0.5001224875450134,0.5001224875450134,0.49987754225730896,0.5001224875450134,18,2,9,post_calibration
263,7,18,14,60,1,0,0,0.5007101893424988,0.5007101893424988,0.5007101893424988,0.4992898106575012,18,2,9,post_calibration
263,8,18,15,60,1,1,1,0.5040874481201172,0.5040874481201172,0.4959125220775604,0.5040874481201172,18,2,9,post_calibration
264,0,18,0,60,1,0,0,0.5002567768096924,0.5002567768096924,0.5002567768096924,0.4997432231903076,18,1,12,zero_shot_paired
264,1,18,2,60,1,0,0,0.500391960144043,0.500391960144043,0.500391960144043,0.4996080696582794,18,1,12,zero_shot_paired
264,2,18,6,60,1,0,0,0.5001494288444519,0.5001494288444519,0.5001494288444519,0.4998505711555481,18,1,12,zero_shot_paired
264,3,18,12,60,1,1,1,0.5031943321228027,0.5031943321228027,0.4968056380748749,0.5031943321228027,18,1,12,zero_shot_paired
264,4,18,16,60,0,0,1,0.5045487880706787,0.5045487880706787,0.5045487880706787,0.4954512417316437,18,1,12,zero_shot_paired
264,5,18,17,60,0,1,0,0.5028074979782104,0.5028074979782104,0.49719247221946716,0.5028074979782104,18,1,12,zero_shot_paired
264,0,18,0,60,1,1,1,0.5034122467041016,0.5034122467041016,0.49658772349357605,0.5034122467041016,18,1,12,post_calibration
264,1,18,2,60,1,1,1,0.5024601817131042,0.5024601817131042,0.49753984808921814,0.5024601817131042,18,1,12,post_calibration
264,2,18,6,60,1,1,1,0.5044487118721008,0.5044487118721008,0.49555131793022156,0.5044487118721008,18,1,12,post_calibration
264,3,18,12,60,1,1,1,0.5056416988372803,0.5056416988372803,0.4943583011627197,0.5056416988372803,18,1,12,post_calibration
264,4,18,16,60,0,0,1,0.5024325251579285,0.5024325251579285,0.5024325251579285,0.49756747484207153,18,1,12,post_calibration
264,5,18,17,60,0,1,0,0.5051441788673401,0.5051441788673401,0.4948557913303375,0.5051441788673401,18,1,12,post_calibration
265,0,18,1,60,1,1,1,0.5007146596908569,0.5007146596908569,0.4992853105068207,0.5007146596908569,18,2,12,zero_shot_paired
265,1,18,2,60,1,0,0,0.500391960144043,0.500391960144043,0.500391960144043,0.4996080696582794,18,2,12,zero_shot_paired
265,2,18,7,60,0,0,1,0.5035294890403748,0.5035294890403748,0.5035294890403748,0.49647054076194763,18,2,12,zero_shot_paired
265,3,18,9,60,0,0,1,0.5025641322135925,0.5025641322135925,0.5025641322135925,0.4974358379840851,18,2,12,zero_shot_paired
265,4,18,10,60,1,0,0,0.5072468519210815,0.5072468519210815,0.5072468519210815,0.49275314807891846,18,2,12,zero_shot_paired
265,5,18,11,60,1,1,1,0.5003671050071716,0.5003671050071716,0.49963289499282837,0.5003671050071716,18,2,12,zero_shot_paired
265,0,18,1,60,1,1,1,0.5025514364242554,0.5025514364242554,0.49744856357574463,0.5025514364242554,18,2,12,post_calibration
265,1,18,2,60,1,1,1,0.5017613172531128,0.5017613172531128,0.4982387125492096,0.5017613172531128,18,2,12,post_calibration
265,2,18,7,60,0,0,1,0.502090334892273,0.502090334892273,0.502090334892273,0.49790963530540466,18,2,12,post_calibration
265,3,18,9,60,0,0,1,0.5012089014053345,0.5012089014053345,0.5012089014053345,0.4987911283969879,18,2,12,post_calibration
265,4,18,10,60,1,0,0,0.5055298209190369,0.5055298209190369,0.5055298209190369,0.49447014927864075,18,2,12,post_calibration
265,5,18,11,60,1,1,1,0.5026520490646362,0.5026520490646362,0.4973479211330414,0.5026520490646362,18,2,12,post_calibration
266,0,18,0,60,1,0,0,0.5002567768096924,0.5002567768096924,0.5002567768096924,0.4997432231903076,18,3,12,zero_shot_paired
266,1,18,10,60,1,0,0,0.5072468519210815,0.5072468519210815,0.5072468519210815,0.49275314807891846,18,3,12,zero_shot_paired
266,2,18,12,60,1,1,1,0.5031943321228027,0.5031943321228027,0.4968056380748749,0.5031943321228027,18,3,12,zero_shot_paired
266,3,18,13,60,0,0,1,0.500982403755188,0.500982403755188,0.500982403755188,0.49901753664016724,18,3,12,zero_shot_paired
266,4,18,14,60,1,0,0,0.5017828345298767,0.5017828345298767,0.5017828345298767,0.4982171058654785,18,3,12,zero_shot_paired
266,5,18,17,60,0,1,0,0.5028074979782104,0.5028074979782104,0.49719247221946716,0.5028074979782104,18,3,12,zero_shot_paired
266,0,18,0,60,1,1,1,0.5041432976722717,0.5041432976722717,0.4958566725254059,0.5041432976722717,18,3,12,post_calibration
266,1,18,10,60,1,0,0,0.503450334072113,0.503450334072113,0.503450334072113,0.49654969573020935,18,3,12,post_calibration
266,2,18,12,60,1,1,1,0.5057919025421143,0.5057919025421143,0.4942081570625305,0.5057919025421143,18,3,12,post_calibration
266,3,18,13,60,0,1,0,0.5025848150253296,0.5025848150253296,0.4974152147769928,0.5025848150253296,18,3,12,post_calibration
266,4,18,14,60,1,0,0,0.5008022785186768,0.5008022785186768,0.5008022785186768,0.49919775128364563,18,3,12,post_calibration
266,5,18,17,60,0,1,0,0.5060851573944092,0.5060851573944092,0.4939148724079132,0.5060851573944092,18,3,12,post_calibration
20,0,19,0,60,1,1,1,0.5056397318840027,0.5056397318840027,0.4943602383136749,0.5056397318840027,19,,,zero_shot_all_trials
20,1,19,1,60,1,1,1,0.5056874752044678,0.5056874752044678,0.4943125545978546,0.5056874752044678,19,,,zero_shot_all_trials
20,2,19,2,60,0,0,1,0.5061923265457153,0.5061923265457153,0.5061923265457153,0.49380770325660706,19,,,zero_shot_all_trials
20,3,19,3,60,0,1,0,0.5043826699256897,0.5043826699256897,0.4956173598766327,0.5043826699256897,19,,,zero_shot_all_trials
20,4,19,4,60,0,1,0,0.5005976557731628,0.5005976557731628,0.49940231442451477,0.5005976557731628,19,,,zero_shot_all_trials
20,5,19,5,60,0,0,1,0.500381588935852,0.500381588935852,0.500381588935852,0.49961838126182556,19,,,zero_shot_all_trials
20,6,19,6,60,1,1,1,0.5008915066719055,0.5008915066719055,0.4991084933280945,0.5008915066719055,19,,,zero_shot_all_trials
20,7,19,7,60,0,0,1,0.5017743110656738,0.5017743110656738,0.5017743110656738,0.49822568893432617,19,,,zero_shot_all_trials
20,8,19,8,60,1,1,1,0.5019735097885132,0.5019735097885132,0.4980265200138092,0.5019735097885132,19,,,zero_shot_all_trials
20,9,19,9,60,0,1,0,0.5036536455154419,0.5036536455154419,0.4963463544845581,0.5036536455154419,19,,,zero_shot_all_trials
20,10,19,10,60,1,0,0,0.5006067156791687,0.5006067156791687,0.5006067156791687,0.4993932545185089,19,,,zero_shot_all_trials
20,11,19,11,60,1,1,1,0.5039059519767761,0.5039059519767761,0.4960940182209015,0.5039059519767761,19,,,zero_shot_all_trials
20,12,19,12,60,1,0,0,0.5002758502960205,0.5002758502960205,0.5002758502960205,0.4997241497039795,19,,,zero_shot_all_trials
20,13,19,13,60,1,0,0,0.5008521676063538,0.5008521676063538,0.5008521676063538,0.49914780259132385,19,,,zero_shot_all_trials
20,14,19,14,60,0,0,1,0.5018606185913086,0.5018606185913086,0.5018606185913086,0.4981393814086914,19,,,zero_shot_all_trials
20,15,19,15,60,1,0,0,0.5033028721809387,0.5033028721809387,0.5033028721809387,0.4966971278190613,19,,,zero_shot_all_trials
20,16,19,16,60,1,0,0,0.5040733814239502,0.5040733814239502,0.5040733814239502,0.4959265887737274,19,,,zero_shot_all_trials
20,17,19,17,60,0,0,1,0.5042734742164612,0.5042734742164612,0.5042734742164612,0.4957265853881836,19,,,zero_shot_all_trials
267,0,19,0,60,1,1,1,0.5056397318840027,0.5056397318840027,0.4943602681159973,0.5056397318840027,19,1,3,zero_shot_paired
267,1,19,1,60,1,1,1,0.5056872963905334,0.5056872963905334,0.49431270360946655,0.5056872963905334,19,1,3,zero_shot_paired
267,2,19,3,60,0,1,0,0.5043825507164001,0.5043825507164001,0.49561741948127747,0.5043825507164001,19,1,3,zero_shot_paired
267,3,19,4,60,0,1,0,0.5005977153778076,0.5005977153778076,0.49940231442451477,0.5005977153778076,19,1,3,zero_shot_paired
267,4,19,5,60,0,0,1,0.5003817081451416,0.5003817081451416,0.5003817081451416,0.4996183216571808,19,1,3,zero_shot_paired
267,5,19,6,60,1,1,1,0.5008916258811951,0.5008916258811951,0.49910837411880493,0.5008916258811951,19,1,3,zero_shot_paired
267,6,19,8,60,1,1,1,0.5019735097885132,0.5019735097885132,0.4980265200138092,0.5019735097885132,19,1,3,zero_shot_paired
267,7,19,9,60,0,1,0,0.5036536455154419,0.5036536455154419,0.4963463842868805,0.5036536455154419,19,1,3,zero_shot_paired
267,8,19,10,60,1,0,0,0.5006067156791687,0.5006067156791687,0.5006067156791687,0.4993932545185089,19,1,3,zero_shot_paired
267,9,19,11,60,1,1,1,0.5039058327674866,0.5039058327674866,0.49609413743019104,0.5039058327674866,19,1,3,zero_shot_paired
267,10,19,13,60,1,0,0,0.5008523464202881,0.5008523464202881,0.5008523464202881,0.4991476535797119,19,1,3,zero_shot_paired
267,11,19,14,60,0,0,1,0.5018605589866638,0.5018605589866638,0.5018605589866638,0.49813947081565857,19,1,3,zero_shot_paired
267,12,19,15,60,1,0,0,0.5033026337623596,0.5033026337623596,0.5033026337623596,0.49669739603996277,19,1,3,zero_shot_paired
267,13,19,16,60,1,0,0,0.5040733814239502,0.5040733814239502,0.5040733814239502,0.4959266185760498,19,1,3,zero_shot_paired
267,14,19,17,60,0,0,1,0.5042734146118164,0.5042734146118164,0.5042734146118164,0.4957265853881836,19,1,3,zero_shot_paired
267,0,19,0,60,1,1,1,0.5061463117599487,0.5061463117599487,0.49385371804237366,0.5061463117599487,19,1,3,post_calibration
267,1,19,1,60,1,1,1,0.5063961148262024,0.5063961148262024,0.49360382556915283,0.5063961148262024,19,1,3,post_calibration
267,2,19,3,60,0,1,0,0.5040597915649414,0.5040597915649414,0.4959402084350586,0.5040597915649414,19,1,3,post_calibration
267,3,19,4,60,0,1,0,0.5003559589385986,0.5003559589385986,0.499644011259079,0.5003559589385986,19,1,3,post_calibration
267,4,19,5,60,0,0,1,0.5007288455963135,0.5007288455963135,0.5007288455963135,0.4992711842060089,19,1,3,post_calibration
267,5,19,6,60,1,1,1,0.5008097887039185,0.5008097887039185,0.49919021129608154,0.5008097887039185,19,1,3,post_calibration
267,6,19,8,60,1,1,1,0.5012736916542053,0.5012736916542053,0.4987263083457947,0.5012736916542053,19,1,3,post_calibration
267,7,19,9,60,0,1,0,0.5036433339118958,0.5036433339118958,0.49635669589042664,0.5036433339118958,19,1,3,post_calibration
267,8,19,10,60,1,0,0,0.5002902746200562,0.5002902746200562,0.5002902746200562,0.49970975518226624,19,1,3,post_calibration
267,9,19,11,60,1,1,1,0.5045990347862244,0.5045990347862244,0.49540090560913086,0.5045990347862244,19,1,3,post_calibration
267,10,19,13,60,1,0,0,0.5003165602684021,0.5003165602684021,0.5003165602684021,0.4996834397315979,19,1,3,post_calibration
267,11,19,14,60,0,0,1,0.5009353160858154,0.5009353160858154,0.5009353160858154,0.4990646541118622,19,1,3,post_calibration
267,12,19,15,60,1,0,0,0.5029850602149963,0.5029850602149963,0.5029850602149963,0.49701496958732605,19,1,3,post_calibration
267,13,19,16,60,1,0,0,0.5046559572219849,0.5046559572219849,0.5046559572219849,0.49534404277801514,19,1,3,post_calibration
267,14,19,17,60,0,0,1,0.503757119178772,0.503757119178772,0.503757119178772,0.4962429106235504,19,1,3,post_calibration
268,0,19,0,60,1,1,1,0.5056397318840027,0.5056397318840027,0.4943602681159973,0.5056397318840027,19,2,3,zero_shot_paired
268,1,19,1,60,1,1,1,0.5056872963905334,0.5056872963905334,0.49431270360946655,0.5056872963905334,19,2,3,zero_shot_paired
268,2,19,2,60,0,0,1,0.5061923265457153,0.5061923265457153,0.5061923265457153,0.49380770325660706,19,2,3,zero_shot_paired
268,3,19,3,60,0,1,0,0.5043825507164001,0.5043825507164001,0.49561741948127747,0.5043825507164001,19,2,3,zero_shot_paired
268,4,19,4,60,0,1,0,0.5005977153778076,0.5005977153778076,0.49940231442451477,0.5005977153778076,19,2,3,zero_shot_paired
268,5,19,5,60,0,0,1,0.5003817081451416,0.5003817081451416,0.5003817081451416,0.4996183216571808,19,2,3,zero_shot_paired
268,6,19,6,60,1,1,1,0.5008916258811951,0.5008916258811951,0.49910837411880493,0.5008916258811951,19,2,3,zero_shot_paired
268,7,19,7,60,0,0,1,0.5017743706703186,0.5017743706703186,0.5017743706703186,0.4982256293296814,19,2,3,zero_shot_paired
268,8,19,8,60,1,1,1,0.5019735097885132,0.5019735097885132,0.4980265200138092,0.5019735097885132,19,2,3,zero_shot_paired
268,9,19,9,60,0,1,0,0.5036536455154419,0.5036536455154419,0.4963463842868805,0.5036536455154419,19,2,3,zero_shot_paired
268,10,19,11,60,1,1,1,0.5039058327674866,0.5039058327674866,0.49609413743019104,0.5039058327674866,19,2,3,zero_shot_paired
268,11,19,12,60,1,0,0,0.5002757906913757,0.5002757906913757,0.5002757906913757,0.49972420930862427,19,2,3,zero_shot_paired
268,12,19,13,60,1,0,0,0.5008523464202881,0.5008523464202881,0.5008523464202881,0.4991476535797119,19,2,3,zero_shot_paired
268,13,19,14,60,0,0,1,0.5018605589866638,0.5018605589866638,0.5018605589866638,0.49813947081565857,19,2,3,zero_shot_paired
268,14,19,15,60,1,0,0,0.5033026337623596,0.5033026337623596,0.5033026337623596,0.49669739603996277,19,2,3,zero_shot_paired
268,0,19,0,60,1,1,1,0.5053026676177979,0.5053026676177979,0.49469736218452454,0.5053026676177979,19,2,3,post_calibration
268,1,19,1,60,1,1,1,0.5054998993873596,0.5054998993873596,0.49450013041496277,0.5054998993873596,19,2,3,post_calibration
268,2,19,2,60,0,0,1,0.5055850148200989,0.5055850148200989,0.5055850148200989,0.4944150149822235,19,2,3,post_calibration
268,3,19,3,60,0,1,0,0.5043204426765442,0.5043204426765442,0.4956795275211334,0.5043204426765442,19,2,3,post_calibration
268,4,19,4,60,0,1,0,0.5005289316177368,0.5005289316177368,0.4994710683822632,0.5005289316177368,19,2,3,post_calibration
268,5,19,5,60,0,0,1,0.5006707906723022,0.5006707906723022,0.5006707906723022,0.49932920932769775,19,2,3,post_calibration
268,6,19,6,60,1,1,1,0.5008469820022583,0.5008469820022583,0.4991530478000641,0.5008469820022583,19,2,3,post_calibration
268,7,19,7,60,0,0,1,0.5018987059593201,0.5018987059593201,0.5018987059593201,0.4981013238430023,19,2,3,post_calibration
268,8,19,8,60,1,1,1,0.5018075108528137,0.5018075108528137,0.49819251894950867,0.5018075108528137,19,2,3,post_calibration
268,9,19,9,60,0,1,0,0.5042846202850342,0.5042846202850342,0.49571534991264343,0.5042846202850342,19,2,3,post_calibration
268,10,19,11,60,1,1,1,0.5039139986038208,0.5039139986038208,0.4960859715938568,0.5039139986038208,19,2,3,post_calibration
268,11,19,12,60,1,0,0,0.5008980631828308,0.5008980631828308,0.5008980631828308,0.4991019666194916,19,2,3,post_calibration
268,12,19,13,60,1,0,0,0.5001036524772644,0.5001036524772644,0.5001036524772644,0.4998963177204132,19,2,3,post_calibration
268,13,19,14,60,0,0,1,0.5025526881217957,0.5025526881217957,0.5025526881217957,0.49744731187820435,19,2,3,post_calibration
268,14,19,15,60,1,0,0,0.5035064220428467,0.5035064220428467,0.5035064220428467,0.4964936077594757,19,2,3,post_calibration
269,0,19,2,60,0,0,1,0.5061923265457153,0.5061923265457153,0.5061923265457153,0.49380770325660706,19,3,3,zero_shot_paired
269,1,19,4,60,0,1,0,0.5005977153778076,0.5005977153778076,0.49940231442451477,0.5005977153778076,19,3,3,zero_shot_paired
269,2,19,5,60,0,0,1,0.5003817081451416,0.5003817081451416,0.5003817081451416,0.4996183216571808,19,3,3,zero_shot_paired
269,3,19,6,60,1,1,1,0.5008916258811951,0.5008916258811951,0.49910837411880493,0.5008916258811951,19,3,3,zero_shot_paired
269,4,19,7,60,0,0,1,0.5017743706703186,0.5017743706703186,0.5017743706703186,0.4982256293296814,19,3,3,zero_shot_paired
269,5,19,8,60,1,1,1,0.5019735097885132,0.5019735097885132,0.4980265200138092,0.5019735097885132,19,3,3,zero_shot_paired
269,6,19,9,60,0,1,0,0.5036536455154419,0.5036536455154419,0.4963463842868805,0.5036536455154419,19,3,3,zero_shot_paired
269,7,19,10,60,1,0,0,0.5006067156791687,0.5006067156791687,0.5006067156791687,0.4993932545185089,19,3,3,zero_shot_paired
269,8,19,11,60,1,1,1,0.5039058327674866,0.5039058327674866,0.49609413743019104,0.5039058327674866,19,3,3,zero_shot_paired
269,9,19,12,60,1,0,0,0.5002757906913757,0.5002757906913757,0.5002757906913757,0.49972420930862427,19,3,3,zero_shot_paired
269,10,19,13,60,1,0,0,0.5008523464202881,0.5008523464202881,0.5008523464202881,0.4991476535797119,19,3,3,zero_shot_paired
269,11,19,14,60,0,0,1,0.5018605589866638,0.5018605589866638,0.5018605589866638,0.49813947081565857,19,3,3,zero_shot_paired
269,12,19,15,60,1,0,0,0.5033026337623596,0.5033026337623596,0.5033026337623596,0.49669739603996277,19,3,3,zero_shot_paired
269,13,19,16,60,1,0,0,0.5040733814239502,0.5040733814239502,0.5040733814239502,0.4959266185760498,19,3,3,zero_shot_paired
269,14,19,17,60,0,0,1,0.5042734146118164,0.5042734146118164,0.5042734146118164,0.4957265853881836,19,3,3,zero_shot_paired
269,0,19,2,60,0,0,1,0.5061850547790527,0.5061850547790527,0.5061850547790527,0.4938149154186249,19,3,3,post_calibration
269,1,19,4,60,0,1,0,0.5010858178138733,0.5010858178138733,0.4989141821861267,0.5010858178138733,19,3,3,post_calibration
269,2,19,5,60,0,0,1,0.5003340840339661,0.5003340840339661,0.5003340840339661,0.4996659755706787,19,3,3,post_calibration
269,3,19,6,60,1,1,1,0.5008454322814941,0.5008454322814941,0.49915453791618347,0.5008454322814941,19,3,3,post_calibration
269,4,19,7,60,0,0,1,0.5017901659011841,0.5017901659011841,0.5017901659011841,0.49820980429649353,19,3,3,post_calibration
269,5,19,8,60,1,1,1,0.5016930103302002,0.5016930103302002,0.4983070194721222,0.5016930103302002,19,3,3,post_calibration
269,6,19,9,60,0,1,0,0.5039746761322021,0.5039746761322021,0.49602529406547546,0.5039746761322021,19,3,3,post_calibration
269,7,19,10,60,1,0,0,0.5003072619438171,0.5003072619438171,0.5003072619438171,0.49969273805618286,19,3,3,post_calibration
269,8,19,11,60,1,1,1,0.5043897032737732,0.5043897032737732,0.4956102967262268,0.5043897032737732,19,3,3,post_calibration
269,9,19,12,60,1,1,1,0.5004298090934753,0.5004298090934753,0.49957016110420227,0.5004298090934753,19,3,3,post_calibration
269,10,19,13,60,1,0,0,0.5000958442687988,0.5000958442687988,0.5000958442687988,0.4999041259288788,19,3,3,post_calibration
269,11,19,14,60,0,0,1,0.5013687014579773,0.5013687014579773,0.5013687014579773,0.4986312985420227,19,3,3,post_calibration
269,12,19,15,60,1,0,0,0.5032817125320435,0.5032817125320435,0.5032817125320435,0.49671831727027893,19,3,3,post_calibration
269,13,19,16,60,1,0,0,0.5038295388221741,0.5038295388221741,0.5038295388221741,0.4961704611778259,19,3,3,post_calibration
269,14,19,17,60,0,0,1,0.5040825605392456,0.5040825605392456,0.5040825605392456,0.49591749906539917,19,3,3,post_calibration
270,0,19,0,60,1,1,1,0.5056397318840027,0.5056397318840027,0.4943602681159973,0.5056397318840027,19,4,3,zero_shot_paired
270,1,19,1,60,1,1,1,0.5056872963905334,0.5056872963905334,0.49431270360946655,0.5056872963905334,19,4,3,zero_shot_paired
270,2,19,2,60,0,0,1,0.5061923265457153,0.5061923265457153,0.5061923265457153,0.49380770325660706,19,4,3,zero_shot_paired
270,3,19,3,60,0,1,0,0.5043825507164001,0.5043825507164001,0.49561741948127747,0.5043825507164001,19,4,3,zero_shot_paired
270,4,19,5,60,0,0,1,0.5003817081451416,0.5003817081451416,0.5003817081451416,0.4996183216571808,19,4,3,zero_shot_paired
270,5,19,6,60,1,1,1,0.5008916258811951,0.5008916258811951,0.49910837411880493,0.5008916258811951,19,4,3,zero_shot_paired
270,6,19,7,60,0,0,1,0.5017743706703186,0.5017743706703186,0.5017743706703186,0.4982256293296814,19,4,3,zero_shot_paired
270,7,19,9,60,0,1,0,0.5036536455154419,0.5036536455154419,0.4963463842868805,0.5036536455154419,19,4,3,zero_shot_paired
270,8,19,10,60,1,0,0,0.5006067156791687,0.5006067156791687,0.5006067156791687,0.4993932545185089,19,4,3,zero_shot_paired
270,9,19,12,60,1,0,0,0.5002757906913757,0.5002757906913757,0.5002757906913757,0.49972420930862427,19,4,3,zero_shot_paired
270,10,19,13,60,1,0,0,0.5008523464202881,0.5008523464202881,0.5008523464202881,0.4991476535797119,19,4,3,zero_shot_paired
270,11,19,14,60,0,0,1,0.5018605589866638,0.5018605589866638,0.5018605589866638,0.49813947081565857,19,4,3,zero_shot_paired
270,12,19,15,60,1,0,0,0.5033026337623596,0.5033026337623596,0.5033026337623596,0.49669739603996277,19,4,3,zero_shot_paired
270,13,19,16,60,1,0,0,0.5040733814239502,0.5040733814239502,0.5040733814239502,0.4959266185760498,19,4,3,zero_shot_paired
270,14,19,17,60,0,0,1,0.5042734146118164,0.5042734146118164,0.5042734146118164,0.4957265853881836,19,4,3,zero_shot_paired
270,0,19,0,60,1,1,1,0.5065670013427734,0.5065670013427734,0.49343299865722656,0.5065670013427734,19,4,3,post_calibration
270,1,19,1,60,1,1,1,0.5061585307121277,0.5061585307121277,0.4938414394855499,0.5061585307121277,19,4,3,post_calibration
270,2,19,2,60,0,0,1,0.5057889819145203,0.5057889819145203,0.5057889819145203,0.49421101808547974,19,4,3,post_calibration
270,3,19,3,60,0,1,0,0.5050194263458252,0.5050194263458252,0.4949805438518524,0.5050194263458252,19,4,3,post_calibration
270,4,19,5,60,0,0,1,0.5001939535140991,0.5001939535140991,0.5001939535140991,0.4998059868812561,19,4,3,post_calibration
270,5,19,6,60,1,1,1,0.5013903975486755,0.5013903975486755,0.49860960245132446,0.5013903975486755,19,4,3,post_calibration
270,6,19,7,60,0,0,1,0.5012460350990295,0.5012460350990295,0.5012460350990295,0.49875396490097046,19,4,3,post_calibration
270,7,19,9,60,0,1,0,0.5050023198127747,0.5050023198127747,0.49499768018722534,0.5050023198127747,19,4,3,post_calibration
270,8,19,10,60,1,1,1,0.5006805658340454,0.5006805658340454,0.49931949377059937,0.5006805658340454,19,4,3,post_calibration
270,9,19,12,60,1,1,1,0.5010411143302917,0.5010411143302917,0.49895888566970825,0.5010411143302917,19,4,3,post_calibration
270,10,19,13,60,1,1,1,0.5007105469703674,0.5007105469703674,0.4992894232273102,0.5007105469703674,19,4,3,post_calibration
270,11,19,14,60,0,0,1,0.5005578398704529,0.5005578398704529,0.5005578398704529,0.49944213032722473,19,4,3,post_calibration
270,12,19,15,60,1,0,0,0.5026318430900574,0.5026318430900574,0.5026318430900574,0.497368186712265,19,4,3,post_calibration
270,13,19,16,60,1,0,0,0.5035002827644348,0.5035002827644348,0.5035002827644348,0.4964997172355652,19,4,3,post_calibration
270,14,19,17,60,0,0,1,0.5036997199058533,0.5036997199058533,0.5036997199058533,0.49630025029182434,19,4,3,post_calibration
271,0,19,0,60,1,1,1,0.5056397318840027,0.5056397318840027,0.4943602681159973,0.5056397318840027,19,5,3,zero_shot_paired
271,1,19,1,60,1,1,1,0.5056872963905334,0.5056872963905334,0.49431270360946655,0.5056872963905334,19,5,3,zero_shot_paired
271,2,19,2,60,0,0,1,0.5061923265457153,0.5061923265457153,0.5061923265457153,0.49380770325660706,19,5,3,zero_shot_paired
271,3,19,3,60,0,1,0,0.5043825507164001,0.5043825507164001,0.49561741948127747,0.5043825507164001,19,5,3,zero_shot_paired
271,4,19,4,60,0,1,0,0.5005977153778076,0.5005977153778076,0.49940231442451477,0.5005977153778076,19,5,3,zero_shot_paired
271,5,19,5,60,0,0,1,0.5003817081451416,0.5003817081451416,0.5003817081451416,0.4996183216571808,19,5,3,zero_shot_paired
271,6,19,6,60,1,1,1,0.5008916258811951,0.5008916258811951,0.49910837411880493,0.5008916258811951,19,5,3,zero_shot_paired
271,7,19,7,60,0,0,1,0.5017743706703186,0.5017743706703186,0.5017743706703186,0.4982256293296814,19,5,3,zero_shot_paired
271,8,19,8,60,1,1,1,0.5019735097885132,0.5019735097885132,0.4980265200138092,0.5019735097885132,19,5,3,zero_shot_paired
271,9,19,10,60,1,0,0,0.5006067156791687,0.5006067156791687,0.5006067156791687,0.4993932545185089,19,5,3,zero_shot_paired
271,10,19,11,60,1,1,1,0.5039058327674866,0.5039058327674866,0.49609413743019104,0.5039058327674866,19,5,3,zero_shot_paired
271,11,19,12,60,1,0,0,0.5002757906913757,0.5002757906913757,0.5002757906913757,0.49972420930862427,19,5,3,zero_shot_paired
271,12,19,13,60,1,0,0,0.5008523464202881,0.5008523464202881,0.5008523464202881,0.4991476535797119,19,5,3,zero_shot_paired
271,13,19,16,60,1,0,0,0.5040733814239502,0.5040733814239502,0.5040733814239502,0.4959266185760498,19,5,3,zero_shot_paired
271,14,19,17,60,0,0,1,0.5042734146118164,0.5042734146118164,0.5042734146118164,0.4957265853881836,19,5,3,zero_shot_paired
271,0,19,0,60,1,1,1,0.5046102404594421,0.5046102404594421,0.49538975954055786,0.5046102404594421,19,5,3,post_calibration
271,1,19,1,60,1,1,1,0.5055045485496521,0.5055045485496521,0.4944954812526703,0.5055045485496521,19,5,3,post_calibration
271,2,19,2,60,0,0,1,0.5062983632087708,0.5062983632087708,0.5062983632087708,0.49370166659355164,19,5,3,post_calibration
271,3,19,3,60,0,1,0,0.503258466720581,0.503258466720581,0.49674153327941895,0.503258466720581,19,5,3,post_calibration
271,4,19,4,60,0,0,1,0.5002790093421936,0.5002790093421936,0.5002790093421936,0.49972105026245117,19,5,3,post_calibration
271,5,19,5,60,0,0,1,0.5009309649467468,0.5009309649467468,0.5009309649467468,0.49906906485557556,19,5,3,post_calibration
271,6,19,6,60,1,1,1,0.5002004504203796,0.5002004504203796,0.49979954957962036,0.5002004504203796,19,5,3,post_calibration
271,7,19,7,60,0,0,1,0.5023998022079468,0.5023998022079468,0.5023998022079468,0.4976001977920532,19,5,3,post_calibration
271,8,19,8,60,1,1,1,0.5010328888893127,0.5010328888893127,0.49896717071533203,0.5010328888893127,19,5,3,post_calibration
271,9,19,10,60,1,0,0,0.5019583702087402,0.5019583702087402,0.5019583702087402,0.49804162979125977,19,5,3,post_calibration
271,10,19,11,60,1,1,1,0.5018225312232971,0.5018225312232971,0.49817749857902527,0.5018225312232971,19,5,3,post_calibration
271,11,19,12,60,1,0,0,0.5014504790306091,0.5014504790306091,0.5014504790306091,0.4985494911670685,19,5,3,post_calibration
271,12,19,13,60,1,0,0,0.5025336146354675,0.5025336146354675,0.5025336146354675,0.4974663257598877,19,5,3,post_calibration
271,13,19,16,60,1,0,0,0.5046065449714661,0.5046065449714661,0.5046065449714661,0.4953934848308563,19,5,3,post_calibration
271,14,19,17,60,0,0,1,0.5044240355491638,0.5044240355491638,0.5044240355491638,0.4955759346485138,19,5,3,post_calibration
272,0,19,0,60,1,1,1,0.5056397318840027,0.5056397318840027,0.4943602681159973,0.5056397318840027,19,6,3,zero_shot_paired
272,1,19,1,60,1,1,1,0.5056872963905334,0.5056872963905334,0.49431270360946655,0.5056872963905334,19,6,3,zero_shot_paired
272,2,19,2,60,0,0,1,0.5061923265457153,0.5061923265457153,0.5061923265457153,0.49380770325660706,19,6,3,zero_shot_paired
272,3,19,3,60,0,1,0,0.5043825507164001,0.5043825507164001,0.49561741948127747,0.5043825507164001,19,6,3,zero_shot_paired
272,4,19,4,60,0,1,0,0.5005977153778076,0.5005977153778076,0.49940231442451477,0.5005977153778076,19,6,3,zero_shot_paired
272,5,19,7,60,0,0,1,0.5017743706703186,0.5017743706703186,0.5017743706703186,0.4982256293296814,19,6,3,zero_shot_paired
272,6,19,8,60,1,1,1,0.5019735097885132,0.5019735097885132,0.4980265200138092,0.5019735097885132,19,6,3,zero_shot_paired
272,7,19,9,60,0,1,0,0.5036536455154419,0.5036536455154419,0.4963463842868805,0.5036536455154419,19,6,3,zero_shot_paired
272,8,19,10,60,1,0,0,0.5006067156791687,0.5006067156791687,0.5006067156791687,0.4993932545185089,19,6,3,zero_shot_paired
272,9,19,11,60,1,1,1,0.5039058327674866,0.5039058327674866,0.49609413743019104,0.5039058327674866,19,6,3,zero_shot_paired
272,10,19,12,60,1,0,0,0.5002757906913757,0.5002757906913757,0.5002757906913757,0.49972420930862427,19,6,3,zero_shot_paired
272,11,19,14,60,0,0,1,0.5018605589866638,0.5018605589866638,0.5018605589866638,0.49813947081565857,19,6,3,zero_shot_paired
272,12,19,15,60,1,0,0,0.5033026337623596,0.5033026337623596,0.5033026337623596,0.49669739603996277,19,6,3,zero_shot_paired
272,13,19,16,60,1,0,0,0.5040733814239502,0.5040733814239502,0.5040733814239502,0.4959266185760498,19,6,3,zero_shot_paired
272,14,19,17,60,0,0,1,0.5042734146118164,0.5042734146118164,0.5042734146118164,0.4957265853881836,19,6,3,zero_shot_paired
272,0,19,0,60,1,1,1,0.506320059299469,0.506320059299469,0.4936800003051758,0.506320059299469,19,6,3,post_calibration
272,1,19,1,60,1,1,1,0.5064848065376282,0.5064848065376282,0.49351516366004944,0.5064848065376282,19,6,3,post_calibration
272,2,19,2,60,0,0,1,0.5057737827301025,0.5057737827301025,0.5057737827301025,0.49422621726989746,19,6,3,post_calibration
272,3,19,3,60,0,1,0,0.5047001242637634,0.5047001242637634,0.4952998757362366,0.5047001242637634,19,6,3,post_calibration
272,4,19,4,60,0,1,0,0.5011020302772522,0.5011020302772522,0.4988979995250702,0.5011020302772522,19,6,3,post_calibration
272,5,19,7,60,0,0,1,0.5015539526939392,0.5015539526939392,0.5015539526939392,0.4984460175037384,19,6,3,post_calibration
272,6,19,8,60,1,1,1,0.5018877387046814,0.5018877387046814,0.498112291097641,0.5018877387046814,19,6,3,post_calibration
272,7,19,9,60,0,1,0,0.5047950744628906,0.5047950744628906,0.49520495533943176,0.5047950744628906,19,6,3,post_calibration
272,8,19,10,60,1,1,1,0.5019322633743286,0.5019322633743286,0.498067706823349,0.5019322633743286,19,6,3,post_calibration
272,9,19,11,60,1,1,1,0.505504310131073,0.505504310131073,0.494495689868927,0.505504310131073,19,6,3,post_calibration
272,10,19,12,60,1,1,1,0.5013027191162109,0.5013027191162109,0.49869728088378906,0.5013027191162109,19,6,3,post_calibration
272,11,19,14,60,0,0,1,0.5004451870918274,0.5004451870918274,0.5004451870918274,0.4995548725128174,19,6,3,post_calibration
272,12,19,15,60,1,0,0,0.502075731754303,0.502075731754303,0.502075731754303,0.49792423844337463,19,6,3,post_calibration
272,13,19,16,60,1,0,0,0.5012081265449524,0.5012081265449524,0.5012081265449524,0.4987918436527252,19,6,3,post_calibration
272,14,19,17,60,0,0,1,0.5031262636184692,0.5031262636184692,0.5031262636184692,0.49687373638153076,19,6,3,post_calibration
273,0,19,0,60,1,1,1,0.5056397318840027,0.5056397318840027,0.4943602681159973,0.5056397318840027,19,1,6,zero_shot_paired
273,1,19,2,60,0,0,1,0.5061923265457153,0.5061923265457153,0.5061923265457153,0.49380770325660706,19,1,6,zero_shot_paired
273,2,19,3,60,0,1,0,0.5043825507164001,0.5043825507164001,0.49561741948127747,0.5043825507164001,19,1,6,zero_shot_paired
273,3,19,4,60,0,1,0,0.5005977153778076,0.5005977153778076,0.49940231442451477,0.5005977153778076,19,1,6,zero_shot_paired
273,4,19,5,60,0,0,1,0.5003817081451416,0.5003817081451416,0.5003817081451416,0.4996183216571808,19,1,6,zero_shot_paired
273,5,19,6,60,1,1,1,0.5008916258811951,0.5008916258811951,0.49910837411880493,0.5008916258811951,19,1,6,zero_shot_paired
273,6,19,8,60,1,1,1,0.5019735097885132,0.5019735097885132,0.4980265200138092,0.5019735097885132,19,1,6,zero_shot_paired
273,7,19,9,60,0,1,0,0.5036536455154419,0.5036536455154419,0.4963463842868805,0.5036536455154419,19,1,6,zero_shot_paired
273,8,19,12,60,1,0,0,0.5002757906913757,0.5002757906913757,0.5002757906913757,0.49972420930862427,19,1,6,zero_shot_paired
273,9,19,14,60,0,0,1,0.5018605589866638,0.5018605589866638,0.5018605589866638,0.49813947081565857,19,1,6,zero_shot_paired
273,10,19,15,60,1,0,0,0.5033026337623596,0.5033026337623596,0.5033026337623596,0.49669739603996277,19,1,6,zero_shot_paired
273,11,19,16,60,1,0,0,0.5040733814239502,0.5040733814239502,0.5040733814239502,0.4959266185760498,19,1,6,zero_shot_paired
273,0,19,0,60,1,1,1,0.5065932273864746,0.5065932273864746,0.4934067726135254,0.5065932273864746,19,1,6,post_calibration
273,1,19,2,60,0,0,1,0.5066158175468445,0.5066158175468445,0.5066158175468445,0.4933841824531555,19,1,6,post_calibration
273,2,19,3,60,0,1,0,0.5042575001716614,0.5042575001716614,0.495742529630661,0.5042575001716614,19,1,6,post_calibration
273,3,19,4,60,0,1,0,0.5006182193756104,0.5006182193756104,0.49938178062438965,0.5006182193756104,19,1,6,post_calibration
273,4,19,5,60,0,0,1,0.5006651878356934,0.5006651878356934,0.5006651878356934,0.49933478236198425,19,1,6,post_calibration
273,5,19,6,60,1,1,1,0.5008109211921692,0.5008109211921692,0.4991891086101532,0.5008109211921692,19,1,6,post_calibration
273,6,19,8,60,1,1,1,0.5014260411262512,0.5014260411262512,0.49857398867607117,0.5014260411262512,19,1,6,post_calibration
273,7,19,9,60,0,1,0,0.5040550231933594,0.5040550231933594,0.49594494700431824,0.5040550231933594,19,1,6,post_calibration
273,8,19,12,60,1,1,1,0.5002298355102539,0.5002298355102539,0.4997701942920685,0.5002298355102539,19,1,6,post_calibration
273,9,19,14,60,0,0,1,0.501265823841095,0.501265823841095,0.501265823841095,0.4987342059612274,19,1,6,post_calibration
273,10,19,15,60,1,0,0,0.5034360885620117,0.5034360885620117,0.5034360885620117,0.4965639114379883,19,1,6,post_calibration
273,11,19,16,60,1,0,0,0.5029918551445007,0.5029918551445007,0.5029918551445007,0.49700814485549927,19,1,6,post_calibration
274,0,19,1,60,1,1,1,0.5056872963905334,0.5056872963905334,0.49431270360946655,0.5056872963905334,19,2,6,zero_shot_paired
274,1,19,5,60,0,0,1,0.5003817081451416,0.5003817081451416,0.5003817081451416,0.4996183216571808,19,2,6,zero_shot_paired
274,2,19,6,60,1,1,1,0.5008916258811951,0.5008916258811951,0.49910837411880493,0.5008916258811951,19,2,6,zero_shot_paired
274,3,19,7,60,0,0,1,0.5017743706703186,0.5017743706703186,0.5017743706703186,0.4982256293296814,19,2,6,zero_shot_paired
274,4,19,9,60,0,1,0,0.5036536455154419,0.5036536455154419,0.4963463842868805,0.5036536455154419,19,2,6,zero_shot_paired
274,5,19,10,60,1,0,0,0.5006067156791687,0.5006067156791687,0.5006067156791687,0.4993932545185089,19,2,6,zero_shot_paired
274,6,19,11,60,1,1,1,0.5039058327674866,0.5039058327674866,0.49609413743019104,0.5039058327674866,19,2,6,zero_shot_paired
274,7,19,12,60,1,0,0,0.5002757906913757,0.5002757906913757,0.5002757906913757,0.49972420930862427,19,2,6,zero_shot_paired
274,8,19,13,60,1,0,0,0.5008523464202881,0.5008523464202881,0.5008523464202881,0.4991476535797119,19,2,6,zero_shot_paired
274,9,19,14,60,0,0,1,0.5018605589866638,0.5018605589866638,0.5018605589866638,0.49813947081565857,19,2,6,zero_shot_paired
274,10,19,16,60,1,0,0,0.5040733814239502,0.5040733814239502,0.5040733814239502,0.4959266185760498,19,2,6,zero_shot_paired
274,11,19,17,60,0,0,1,0.5042734146118164,0.5042734146118164,0.5042734146118164,0.4957265853881836,19,2,6,zero_shot_paired
274,0,19,1,60,1,1,1,0.5052785873413086,0.5052785873413086,0.4947214424610138,0.5052785873413086,19,2,6,post_calibration
274,1,19,5,60,0,0,1,0.5002303719520569,0.5002303719520569,0.5002303719520569,0.4997696578502655,19,2,6,post_calibration
274,2,19,6,60,1,1,1,0.5012267827987671,0.5012267827987671,0.4987732172012329,0.5012267827987671,19,2,6,post_calibration
274,3,19,7,60,0,0,1,0.5024700164794922,0.5024700164794922,0.5024700164794922,0.4975300133228302,19,2,6,post_calibration
274,4,19,9,60,0,1,0,0.5039039254188538,0.5039039254188538,0.49609604477882385,0.5039039254188538,19,2,6,post_calibration
274,5,19,10,60,1,0,0,0.5007367730140686,0.5007367730140686,0.5007367730140686,0.4992632269859314,19,2,6,post_calibration
274,6,19,11,60,1,1,1,0.5037643909454346,0.5037643909454346,0.49623560905456543,0.5037643909454346,19,2,6,post_calibration
274,7,19,12,60,1,0,0,0.5002983212471008,0.5002983212471008,0.5002983212471008,0.49970170855522156,19,2,6,post_calibration
274,8,19,13,60,1,0,0,0.5010902881622314,0.5010902881622314,0.5010902881622314,0.49890968203544617,19,2,6,post_calibration
274,9,19,14,60,0,0,1,0.5016831159591675,0.5016831159591675,0.5016831159591675,0.4983168840408325,19,2,6,post_calibration
274,10,19,16,60,1,0,0,0.5048282146453857,0.5048282146453857,0.5048282146453857,0.49517178535461426,19,2,6,post_calibration
274,11,19,17,60,0,0,1,0.5039939880371094,0.5039939880371094,0.5039939880371094,0.49600598216056824,19,2,6,post_calibration
275,0,19,0,60,1,1,1,0.5056397318840027,0.5056397318840027,0.4943602681159973,0.5056397318840027,19,3,6,zero_shot_paired
275,1,19,1,60,1,1,1,0.5056872963905334,0.5056872963905334,0.49431270360946655,0.5056872963905334,19,3,6,zero_shot_paired
275,2,19,2,60,0,0,1,0.5061923265457153,0.5061923265457153,0.5061923265457153,0.49380770325660706,19,3,6,zero_shot_paired
275,3,19,3,60,0,1,0,0.5043825507164001,0.5043825507164001,0.49561741948127747,0.5043825507164001,19,3,6,zero_shot_paired
275,4,19,4,60,0,1,0,0.5005977153778076,0.5005977153778076,0.49940231442451477,0.5005977153778076,19,3,6,zero_shot_paired
275,5,19,7,60,0,0,1,0.5017743706703186,0.5017743706703186,0.5017743706703186,0.4982256293296814,19,3,6,zero_shot_paired
275,6,19,8,60,1,1,1,0.5019735097885132,0.5019735097885132,0.4980265200138092,0.5019735097885132,19,3,6,zero_shot_paired
275,7,19,10,60,1,0,0,0.5006067156791687,0.5006067156791687,0.5006067156791687,0.4993932545185089,19,3,6,zero_shot_paired
275,8,19,11,60,1,1,1,0.5039058327674866,0.5039058327674866,0.49609413743019104,0.5039058327674866,19,3,6,zero_shot_paired
275,9,19,13,60,1,0,0,0.5008523464202881,0.5008523464202881,0.5008523464202881,0.4991476535797119,19,3,6,zero_shot_paired
275,10,19,15,60,1,0,0,0.5033026337623596,0.5033026337623596,0.5033026337623596,0.49669739603996277,19,3,6,zero_shot_paired
275,11,19,17,60,0,0,1,0.5042734146118164,0.5042734146118164,0.5042734146118164,0.4957265853881836,19,3,6,zero_shot_paired
275,0,19,0,60,1,1,1,0.5057893991470337,0.5057893991470337,0.4942106306552887,0.5057893991470337,19,3,6,post_calibration
275,1,19,1,60,1,1,1,0.5054469108581543,0.5054469108581543,0.4945530593395233,0.5054469108581543,19,3,6,post_calibration
275,2,19,2,60,0,0,1,0.5064855217933655,0.5064855217933655,0.5064855217933655,0.4935144782066345,19,3,6,post_calibration
275,3,19,3,60,0,1,0,0.5040200352668762,0.5040200352668762,0.49597999453544617,0.5040200352668762,19,3,6,post_calibration
275,4,19,4,60,0,1,0,0.500533938407898,0.500533938407898,0.49946606159210205,0.500533938407898,19,3,6,post_calibration
275,5,19,7,60,0,0,1,0.5020185708999634,0.5020185708999634,0.5020185708999634,0.4979814291000366,19,3,6,post_calibration
275,6,19,8,60,1,1,1,0.5020182728767395,0.5020182728767395,0.4979817569255829,0.5020182728767395,19,3,6,post_calibration
275,7,19,10,60,1,0,0,0.5012415647506714,0.5012415647506714,0.5012415647506714,0.4987584352493286,19,3,6,post_calibration
275,8,19,11,60,1,1,1,0.5031998753547668,0.5031998753547668,0.49680009484291077,0.5031998753547668,19,3,6,post_calibration
275,9,19,13,60,1,0,0,0.5011099576950073,0.5011099576950073,0.5011099576950073,0.4988900423049927,19,3,6,post_calibration
275,10,19,15,60,1,0,0,0.503713071346283,0.503713071346283,0.503713071346283,0.49628695845603943,19,3,6,post_calibration
275,11,19,17,60,0,0,1,0.5046083927154541,0.5046083927154541,0.5046083927154541,0.4953916370868683,19,3,6,post_calibration
276,0,19,1,60,1,1,1,0.5056873559951782,0.5056873559951782,0.4943126142024994,0.5056873559951782,19,1,9,zero_shot_paired
276,1,19,2,60,0,0,1,0.5061923265457153,0.5061923265457153,0.5061923265457153,0.49380770325660706,19,1,9,zero_shot_paired
276,2,19,4,60,0,1,0,0.5005975961685181,0.5005975961685181,0.49940237402915955,0.5005975961685181,19,1,9,zero_shot_paired
276,3,19,6,60,1,1,1,0.5008916258811951,0.5008916258811951,0.49910837411880493,0.5008916258811951,19,1,9,zero_shot_paired
276,4,19,8,60,1,1,1,0.5019735097885132,0.5019735097885132,0.4980265200138092,0.5019735097885132,19,1,9,zero_shot_paired
276,5,19,9,60,0,1,0,0.5036536455154419,0.5036536455154419,0.4963463544845581,0.5036536455154419,19,1,9,zero_shot_paired
276,6,19,12,60,1,0,0,0.5002758502960205,0.5002758502960205,0.5002758502960205,0.49972420930862427,19,1,9,zero_shot_paired
276,7,19,16,60,1,0,0,0.5040733814239502,0.5040733814239502,0.5040733814239502,0.4959265887737274,19,1,9,zero_shot_paired
276,8,19,17,60,0,0,1,0.5042734742164612,0.5042734742164612,0.5042734742164612,0.4957265853881836,19,1,9,zero_shot_paired
276,0,19,1,60,1,1,1,0.505875289440155,0.505875289440155,0.49412471055984497,0.505875289440155,19,1,9,post_calibration
276,1,19,2,60,0,0,1,0.5057327151298523,0.5057327151298523,0.5057327151298523,0.4942673146724701,19,1,9,post_calibration
276,2,19,4,60,0,1,0,0.5006881952285767,0.5006881952285767,0.4993118345737457,0.5006881952285767,19,1,9,post_calibration
276,3,19,6,60,1,1,1,0.5005958080291748,0.5005958080291748,0.4994041621685028,0.5005958080291748,19,1,9,post_calibration
276,4,19,8,60,1,1,1,0.5012899041175842,0.5012899041175842,0.49871015548706055,0.5012899041175842,19,1,9,post_calibration
276,5,19,9,60,0,1,0,0.5046796202659607,0.5046796202659607,0.4953203499317169,0.5046796202659607,19,1,9,post_calibration
276,6,19,12,60,1,1,1,0.5011378526687622,0.5011378526687622,0.4988621175289154,0.5011378526687622,19,1,9,post_calibration
276,7,19,16,60,1,0,0,0.501383900642395,0.501383900642395,0.501383900642395,0.49861612915992737,19,1,9,post_calibration
276,8,19,17,60,0,0,1,0.5025510191917419,0.5025510191917419,0.5025510191917419,0.49744898080825806,19,1,9,post_calibration
277,0,19,0,60,1,1,1,0.5056397318840027,0.5056397318840027,0.4943602681159973,0.5056397318840027,19,2,9,zero_shot_paired
277,1,19,3,60,0,1,0,0.5043826103210449,0.5043826103210449,0.4956173896789551,0.5043826103210449,19,2,9,zero_shot_paired
277,2,19,5,60,0,0,1,0.5003816485404968,0.5003816485404968,0.5003816485404968,0.4996183514595032,19,2,9,zero_shot_paired
277,3,19,7,60,0,0,1,0.5017743110656738,0.5017743110656738,0.5017743110656738,0.49822568893432617,19,2,9,zero_shot_paired
277,4,19,10,60,1,0,0,0.5006067156791687,0.5006067156791687,0.5006067156791687,0.4993932545185089,19,2,9,zero_shot_paired
277,5,19,11,60,1,1,1,0.5039058923721313,0.5039058923721313,0.49609407782554626,0.5039058923721313,19,2,9,zero_shot_paired
277,6,19,13,60,1,0,0,0.5008521676063538,0.5008521676063538,0.5008521676063538,0.49914780259132385,19,2,9,zero_shot_paired
277,7,19,14,60,0,0,1,0.5018606185913086,0.5018606185913086,0.5018606185913086,0.4981393814086914,19,2,9,zero_shot_paired
277,8,19,15,60,1,0,0,0.5033026337623596,0.5033026337623596,0.5033026337623596,0.4966973662376404,19,2,9,zero_shot_paired
277,0,19,0,60,1,1,1,0.5060446858406067,0.5060446858406067,0.4939553141593933,0.5060446858406067,19,2,9,post_calibration
277,1,19,3,60,0,1,0,0.504646897315979,0.504646897315979,0.4953531324863434,0.504646897315979,19,2,9,post_calibration
277,2,19,5,60,0,1,0,0.5004956722259521,0.5004956722259521,0.49950429797172546,0.5004956722259521,19,2,9,post_calibration
277,3,19,7,60,0,0,1,0.5014987587928772,0.5014987587928772,0.5014987587928772,0.4985012412071228,19,2,9,post_calibration
277,4,19,10,60,1,0,0,0.5011370778083801,0.5011370778083801,0.5011370778083801,0.4988629221916199,19,2,9,post_calibration
277,5,19,11,60,1,1,1,0.5034502744674683,0.5034502744674683,0.4965497851371765,0.5034502744674683,19,2,9,post_calibration
277,6,19,13,60,1,0,0,0.5010243654251099,0.5010243654251099,0.5010243654251099,0.49897560477256775,19,2,9,post_calibration
277,7,19,14,60,0,0,1,0.5016783475875854,0.5016783475875854,0.5016783475875854,0.49832168221473694,19,2,9,post_calibration
277,8,19,15,60,1,0,0,0.5030897259712219,0.5030897259712219,0.5030897259712219,0.4969102740287781,19,2,9,post_calibration
278,0,19,3,60,0,1,0,0.5043820142745972,0.5043820142745972,0.4956180155277252,0.5043820142745972,19,1,12,zero_shot_paired
278,1,19,4,60,0,1,0,0.5005969405174255,0.5005969405174255,0.49940308928489685,0.5005969405174255,19,1,12,zero_shot_paired
278,2,19,6,60,1,1,1,0.5008910298347473,0.5008910298347473,0.4991089701652527,0.5008910298347473,19,1,12,zero_shot_paired
278,3,19,11,60,1,1,1,0.5039035081863403,0.5039035081863403,0.4960964620113373,0.5039035081863403,19,1,12,zero_shot_paired
278,4,19,15,60,1,0,0,0.5033029913902283,0.5033029913902283,0.5033029913902283,0.4966970682144165,19,1,12,zero_shot_paired
278,5,19,17,60,0,0,1,0.5042735934257507,0.5042735934257507,0.5042735934257507,0.49572643637657166,19,1,12,zero_shot_paired
278,0,19,3,60,0,1,0,0.5040229558944702,0.5040229558944702,0.4959770441055298,0.5040229558944702,19,1,12,post_calibration
278,1,19,4,60,0,1,0,0.5006594061851501,0.5006594061851501,0.49934059381484985,0.5006594061851501,19,1,12,post_calibration
278,2,19,6,60,1,1,1,0.5006341934204102,0.5006341934204102,0.49936580657958984,0.5006341934204102,19,1,12,post_calibration
278,3,19,11,60,1,1,1,0.5046339631080627,0.5046339631080627,0.49536600708961487,0.5046339631080627,19,1,12,post_calibration
278,4,19,15,60,1,0,0,0.502587616443634,0.502587616443634,0.502587616443634,0.49741238355636597,19,1,12,post_calibration
278,5,19,17,60,0,0,1,0.5030169486999512,0.5030169486999512,0.5030169486999512,0.4969830811023712,19,1,12,post_calibration
279,0,19,4,60,0,1,0,0.5005969405174255,0.5005969405174255,0.49940308928489685,0.5005969405174255,19,2,12,zero_shot_paired
279,1,19,6,60,1,1,1,0.5008910298347473,0.5008910298347473,0.4991089701652527,0.5008910298347473,19,2,12,zero_shot_paired
279,2,19,9,60,0,1,0,0.5036528706550598,0.5036528706550598,0.4963471293449402,0.5036528706550598,19,2,12,zero_shot_paired
279,3,19,10,60,1,0,0,0.5006070137023926,0.5006070137023926,0.5006070137023926,0.49939292669296265,19,2,12,zero_shot_paired
279,4,19,13,60,1,0,0,0.5008567571640015,0.5008567571640015,0.5008567571640015,0.49914324283599854,19,2,12,zero_shot_paired
279,5,19,17,60,0,0,1,0.5042735934257507,0.5042735934257507,0.5042735934257507,0.49572643637657166,19,2,12,zero_shot_paired
279,0,19,4,60,0,1,0,0.5020221471786499,0.5020221471786499,0.4979778826236725,0.5020221471786499,19,2,12,post_calibration
279,1,19,6,60,1,1,1,0.5012229681015015,0.5012229681015015,0.49877703189849854,0.5012229681015015,19,2,12,post_calibration
279,2,19,9,60,0,1,0,0.5066826343536377,0.5066826343536377,0.4933174252510071,0.5066826343536377,19,2,12,post_calibration
279,3,19,10,60,1,1,1,0.5031776428222656,0.5031776428222656,0.49682238698005676,0.5031776428222656,19,2,12,post_calibration
279,4,19,13,60,1,1,1,0.5042077302932739,0.5042077302932739,0.4957922697067261,0.5042077302932739,19,2,12,post_calibration
279,5,19,17,60,0,0,1,0.5014983415603638,0.5014983415603638,0.5014983415603638,0.4985016882419586,19,2,12,post_calibration
280,0,19,0,60,1,1,1,0.5056412816047668,0.5056412816047668,0.49435868859291077,0.5056412816047668,19,3,12,zero_shot_paired
280,1,19,5,60,0,0,1,0.5003851652145386,0.5003851652145386,0.5003851652145386,0.49961480498313904,19,3,12,zero_shot_paired
280,2,19,6,60,1,1,1,0.5008910298347473,0.5008910298347473,0.4991089701652527,0.5008910298347473,19,3,12,zero_shot_paired
280,3,19,7,60,0,0,1,0.5017719268798828,0.5017719268798828,0.5017719268798828,0.4982280731201172,19,3,12,zero_shot_paired
280,4,19,8,60,1,1,1,0.5019774436950684,0.5019774436950684,0.49802258610725403,0.5019774436950684,19,3,12,zero_shot_paired
280,5,19,17,60,0,0,1,0.5042735934257507,0.5042735934257507,0.5042735934257507,0.49572643637657166,19,3,12,zero_shot_paired
280,0,19,0,60,1,1,1,0.5054258704185486,0.5054258704185486,0.4945741593837738,0.5054258704185486,19,3,12,post_calibration
280,1,19,5,60,0,0,1,0.5013974905014038,0.5013974905014038,0.5013974905014038,0.4986024796962738,19,3,12,post_calibration
280,2,19,6,60,1,1,1,0.5002016425132751,0.5002016425132751,0.4997982978820801,0.5002016425132751,19,3,12,post_calibration
280,3,19,7,60,0,0,1,0.5023885369300842,0.5023885369300842,0.5023885369300842,0.49761149287223816,19,3,12,post_calibration
280,4,19,8,60,1,0,0,0.5000192523002625,0.5000192523002625,0.5000192523002625,0.49998077750205994,19,3,12,post_calibration
280,5,19,17,60,0,0,1,0.5014266967773438,0.5014266967773438,0.5014266967773438,0.49857333302497864,19,3,12,post_calibration
21,0,20,0,60,1,0,0,0.5017682909965515,0.5017682909965515,0.5017682909965515,0.49823176860809326,20,,,zero_shot_all_trials
21,1,20,1,60,0,0,1,0.5078750252723694,0.5078750252723694,0.5078750252723694,0.4921249747276306,20,,,zero_shot_all_trials
21,2,20,2,60,1,0,0,0.5058402419090271,0.5058402419090271,0.5058402419090271,0.4941597580909729,20,,,zero_shot_all_trials
21,3,20,3,60,0,0,1,0.5101645588874817,0.5101645588874817,0.5101645588874817,0.4898354411125183,20,,,zero_shot_all_trials
21,4,20,4,60,1,0,0,0.5091280937194824,0.5091280937194824,0.5091280937194824,0.49087196588516235,20,,,zero_shot_all_trials
21,5,20,5,60,1,0,0,0.5049277544021606,0.5049277544021606,0.5049277544021606,0.49507221579551697,20,,,zero_shot_all_trials
21,6,20,6,60,1,0,0,0.5057143568992615,0.5057143568992615,0.5057143568992615,0.49428561329841614,20,,,zero_shot_all_trials
21,7,20,7,60,0,0,1,0.5093358755111694,0.5093358755111694,0.5093358755111694,0.49066415429115295,20,,,zero_shot_all_trials
21,8,20,8,60,0,0,1,0.5068673491477966,0.5068673491477966,0.5068673491477966,0.49313265085220337,20,,,zero_shot_all_trials
21,9,20,9,60,0,0,1,0.5067693591117859,0.5067693591117859,0.5067693591117859,0.4932306706905365,20,,,zero_shot_all_trials
21,10,20,10,60,1,0,0,0.5043051838874817,0.5043051838874817,0.5043051838874817,0.4956948757171631,20,,,zero_shot_all_trials
21,11,20,11,60,1,0,0,0.505255401134491,0.505255401134491,0.505255401134491,0.49474456906318665,20,,,zero_shot_all_trials
21,12,20,12,60,1,0,0,0.5062506198883057,0.5062506198883057,0.5062506198883057,0.49374938011169434,20,,,zero_shot_all_trials
21,13,20,13,60,0,0,1,0.5054462552070618,0.5054462552070618,0.5054462552070618,0.49455374479293823,20,,,zero_shot_all_trials
21,14,20,14,60,0,0,1,0.5033798813819885,0.5033798813819885,0.5033798813819885,0.4966201186180115,20,,,zero_shot_all_trials
21,15,20,15,60,1,0,0,0.5061817169189453,0.5061817169189453,0.5061817169189453,0.49381834268569946,20,,,zero_shot_all_trials
21,16,20,16,60,0,0,1,0.506996214389801,0.506996214389801,0.506996214389801,0.49300381541252136,20,,,zero_shot_all_trials
21,17,20,17,60,1,0,0,0.5047334432601929,0.5047334432601929,0.5047334432601929,0.4952665865421295,20,,,zero_shot_all_trials
281,0,20,0,60,1,0,0,0.5017682909965515,0.5017682909965515,0.5017682909965515,0.49823176860809326,20,1,3,zero_shot_paired
281,1,20,2,60,1,0,0,0.5058402419090271,0.5058402419090271,0.5058402419090271,0.4941597580909729,20,1,3,zero_shot_paired
281,2,20,3,60,0,0,1,0.5101640820503235,0.5101640820503235,0.5101640820503235,0.4898359179496765,20,1,3,zero_shot_paired
281,3,20,5,60,1,0,0,0.5049276947975159,0.5049276947975159,0.5049276947975159,0.49507227540016174,20,1,3,zero_shot_paired
281,4,20,6,60,1,0,0,0.5057143568992615,0.5057143568992615,0.5057143568992615,0.49428558349609375,20,1,3,zero_shot_paired
281,5,20,7,60,0,0,1,0.5093359351158142,0.5093359351158142,0.5093359351158142,0.4906640648841858,20,1,3,zero_shot_paired
281,6,20,8,60,0,0,1,0.5068673491477966,0.5068673491477966,0.5068673491477966,0.49313265085220337,20,1,3,zero_shot_paired
281,7,20,9,60,0,0,1,0.5067693591117859,0.5067693591117859,0.5067693591117859,0.4932306408882141,20,1,3,zero_shot_paired
281,8,20,10,60,1,0,0,0.5043050646781921,0.5043050646781921,0.5043050646781921,0.49569493532180786,20,1,3,zero_shot_paired
281,9,20,11,60,1,0,0,0.505255401134491,0.505255401134491,0.505255401134491,0.49474459886550903,20,1,3,zero_shot_paired
281,10,20,12,60,1,0,0,0.5062506198883057,0.5062506198883057,0.5062506198883057,0.49374935030937195,20,1,3,zero_shot_paired
281,11,20,13,60,0,0,1,0.5054463148117065,0.5054463148117065,0.5054463148117065,0.49455374479293823,20,1,3,zero_shot_paired
281,12,20,15,60,1,0,0,0.5061815977096558,0.5061815977096558,0.5061815977096558,0.49381840229034424,20,1,3,zero_shot_paired
281,13,20,16,60,0,0,1,0.506996214389801,0.506996214389801,0.506996214389801,0.49300381541252136,20,1,3,zero_shot_paired
281,14,20,17,60,1,0,0,0.5047334432601929,0.5047334432601929,0.5047334432601929,0.4952665865421295,20,1,3,zero_shot_paired
281,0,20,0,60,1,0,0,0.502411425113678,0.502411425113678,0.502411425113678,0.4975886046886444,20,1,3,post_calibration
281,1,20,2,60,1,0,0,0.5066925883293152,0.5066925883293152,0.5066925883293152,0.4933074414730072,20,1,3,post_calibration
281,2,20,3,60,0,0,1,0.5104802846908569,0.5104802846908569,0.5104802846908569,0.4895196855068207,20,1,3,post_calibration
281,3,20,5,60,1,0,0,0.5060302019119263,0.5060302019119263,0.5060302019119263,0.4939698576927185,20,1,3,post_calibration
281,4,20,6,60,1,0,0,0.5064075589179993,0.5064075589179993,0.5064075589179993,0.49359241127967834,20,1,3,post_calibration
281,5,20,7,60,0,0,1,0.5097074508666992,0.5097074508666992,0.5097074508666992,0.4902925193309784,20,1,3,post_calibration
281,6,20,8,60,0,0,1,0.5076829195022583,0.5076829195022583,0.5076829195022583,0.4923171103000641,20,1,3,post_calibration
281,7,20,9,60,0,0,1,0.5076335072517395,0.5076335072517395,0.5076335072517395,0.4923664927482605,20,1,3,post_calibration
281,8,20,10,60,1,0,0,0.5053843259811401,0.5053843259811401,0.5053843259811401,0.49461567401885986,20,1,3,post_calibration
281,9,20,11,60,1,0,0,0.5061082243919373,0.5061082243919373,0.5061082243919373,0.49389177560806274,20,1,3,post_calibration
281,10,20,12,60,1,0,0,0.5071368217468262,0.5071368217468262,0.5071368217468262,0.4928632080554962,20,1,3,post_calibration
281,11,20,13,60,0,0,1,0.5059256553649902,0.5059256553649902,0.5059256553649902,0.4940743148326874,20,1,3,post_calibration
281,12,20,15,60,1,0,0,0.5068464279174805,0.5068464279174805,0.5068464279174805,0.49315357208251953,20,1,3,post_calibration
281,13,20,16,60,0,0,1,0.5076737999916077,0.5076737999916077,0.5076737999916077,0.49232620000839233,20,1,3,post_calibration
281,14,20,17,60,1,0,0,0.5060235857963562,0.5060235857963562,0.5060235857963562,0.4939764440059662,20,1,3,post_calibration
282,0,20,1,60,0,0,1,0.5078750252723694,0.5078750252723694,0.5078750252723694,0.4921249747276306,20,2,3,zero_shot_paired
282,1,20,2,60,1,0,0,0.5058402419090271,0.5058402419090271,0.5058402419090271,0.4941597580909729,20,2,3,zero_shot_paired
282,2,20,3,60,0,0,1,0.5101640820503235,0.5101640820503235,0.5101640820503235,0.4898359179496765,20,2,3,zero_shot_paired
282,3,20,4,60,1,0,0,0.5091280937194824,0.5091280937194824,0.5091280937194824,0.49087196588516235,20,2,3,zero_shot_paired
282,4,20,5,60,1,0,0,0.5049276947975159,0.5049276947975159,0.5049276947975159,0.49507227540016174,20,2,3,zero_shot_paired
282,5,20,6,60,1,0,0,0.5057143568992615,0.5057143568992615,0.5057143568992615,0.49428558349609375,20,2,3,zero_shot_paired
282,6,20,7,60,0,0,1,0.5093359351158142,0.5093359351158142,0.5093359351158142,0.4906640648841858,20,2,3,zero_shot_paired
282,7,20,8,60,0,0,1,0.5068673491477966,0.5068673491477966,0.5068673491477966,0.49313265085220337,20,2,3,zero_shot_paired
282,8,20,9,60,0,0,1,0.5067693591117859,0.5067693591117859,0.5067693591117859,0.4932306408882141,20,2,3,zero_shot_paired
282,9,20,10,60,1,0,0,0.5043050646781921,0.5043050646781921,0.5043050646781921,0.49569493532180786,20,2,3,zero_shot_paired
282,10,20,11,60,1,0,0,0.505255401134491,0.505255401134491,0.505255401134491,0.49474459886550903,20,2,3,zero_shot_paired
282,11,20,12,60,1,0,0,0.5062506198883057,0.5062506198883057,0.5062506198883057,0.49374935030937195,20,2,3,zero_shot_paired
282,12,20,13,60,0,0,1,0.5054463148117065,0.5054463148117065,0.5054463148117065,0.49455374479293823,20,2,3,zero_shot_paired
282,13,20,14,60,0,0,1,0.5033798813819885,0.5033798813819885,0.5033798813819885,0.49662017822265625,20,2,3,zero_shot_paired
282,14,20,17,60,1,0,0,0.5047334432601929,0.5047334432601929,0.5047334432601929,0.4952665865421295,20,2,3,zero_shot_paired
282,0,20,1,60,0,0,1,0.5072973966598511,0.5072973966598511,0.5072973966598511,0.4927026033401489,20,2,3,post_calibration
282,1,20,2,60,1,0,0,0.5051478743553162,0.5051478743553162,0.5051478743553162,0.4948521554470062,20,2,3,post_calibration
282,2,20,3,60,0,0,1,0.5099429488182068,0.5099429488182068,0.5099429488182068,0.4900570809841156,20,2,3,post_calibration
282,3,20,4,60,1,0,0,0.5089796781539917,0.5089796781539917,0.5089796781539917,0.4910203516483307,20,2,3,post_calibration
282,4,20,5,60,1,0,0,0.5046160221099854,0.5046160221099854,0.5046160221099854,0.4953839182853699,20,2,3,post_calibration
282,5,20,6,60,1,0,0,0.5051863789558411,0.5051863789558411,0.5051863789558411,0.49481356143951416,20,2,3,post_calibration
282,6,20,7,60,0,0,1,0.5086696743965149,0.5086696743965149,0.5086696743965149,0.4913303554058075,20,2,3,post_calibration
282,7,20,8,60,0,0,1,0.5060351490974426,0.5060351490974426,0.5060351490974426,0.4939648509025574,20,2,3,post_calibration
282,8,20,9,60,0,0,1,0.5058501958847046,0.5058501958847046,0.5058501958847046,0.4941498041152954,20,2,3,post_calibration
282,9,20,10,60,1,0,0,0.5037875175476074,0.5037875175476074,0.5037875175476074,0.4962124824523926,20,2,3,post_calibration
282,10,20,11,60,1,0,0,0.5048235654830933,0.5048235654830933,0.5048235654830933,0.4951764643192291,20,2,3,post_calibration
282,11,20,12,60,1,0,0,0.5053208470344543,0.5053208470344543,0.5053208470344543,0.49467912316322327,20,2,3,post_calibration
282,12,20,13,60,0,0,1,0.504581868648529,0.504581868648529,0.504581868648529,0.49541813135147095,20,2,3,post_calibration
282,13,20,14,60,0,0,1,0.5028309226036072,0.5028309226036072,0.5028309226036072,0.4971690773963928,20,2,3,post_calibration
282,14,20,17,60,1,0,0,0.5043594837188721,0.5043594837188721,0.5043594837188721,0.4956405460834503,20,2,3,post_calibration
283,0,20,0,60,1,0,0,0.5017682909965515,0.5017682909965515,0.5017682909965515,0.49823176860809326,20,3,3,zero_shot_paired
283,1,20,1,60,0,0,1,0.5078750252723694,0.5078750252723694,0.5078750252723694,0.4921249747276306,20,3,3,zero_shot_paired
283,2,20,2,60,1,0,0,0.5058402419090271,0.5058402419090271,0.5058402419090271,0.4941597580909729,20,3,3,zero_shot_paired
283,3,20,3,60,0,0,1,0.5101640820503235,0.5101640820503235,0.5101640820503235,0.4898359179496765,20,3,3,zero_shot_paired
283,4,20,4,60,1,0,0,0.5091280937194824,0.5091280937194824,0.5091280937194824,0.49087196588516235,20,3,3,zero_shot_paired
283,5,20,6,60,1,0,0,0.5057143568992615,0.5057143568992615,0.5057143568992615,0.49428558349609375,20,3,3,zero_shot_paired
283,6,20,8,60,0,0,1,0.5068673491477966,0.5068673491477966,0.5068673491477966,0.49313265085220337,20,3,3,zero_shot_paired
283,7,20,9,60,0,0,1,0.5067693591117859,0.5067693591117859,0.5067693591117859,0.4932306408882141,20,3,3,zero_shot_paired
283,8,20,11,60,1,0,0,0.505255401134491,0.505255401134491,0.505255401134491,0.49474459886550903,20,3,3,zero_shot_paired
283,9,20,12,60,1,0,0,0.5062506198883057,0.5062506198883057,0.5062506198883057,0.49374935030937195,20,3,3,zero_shot_paired
283,10,20,13,60,0,0,1,0.5054463148117065,0.5054463148117065,0.5054463148117065,0.49455374479293823,20,3,3,zero_shot_paired
283,11,20,14,60,0,0,1,0.5033798813819885,0.5033798813819885,0.5033798813819885,0.49662017822265625,20,3,3,zero_shot_paired
283,12,20,15,60,1,0,0,0.5061815977096558,0.5061815977096558,0.5061815977096558,0.49381840229034424,20,3,3,zero_shot_paired
283,13,20,16,60,0,0,1,0.506996214389801,0.506996214389801,0.506996214389801,0.49300381541252136,20,3,3,zero_shot_paired
283,14,20,17,60,1,0,0,0.5047334432601929,0.5047334432601929,0.5047334432601929,0.4952665865421295,20,3,3,zero_shot_paired
283,0,20,0,60,1,0,0,0.5011013746261597,0.5011013746261597,0.5011013746261597,0.49889862537384033,20,3,3,post_calibration
283,1,20,1,60,0,0,1,0.5070338249206543,0.5070338249206543,0.5070338249206543,0.4929662048816681,20,3,3,post_calibration
283,2,20,2,60,1,0,0,0.5052196979522705,0.5052196979522705,0.5052196979522705,0.4947802722454071,20,3,3,post_calibration
283,3,20,3,60,0,0,1,0.5103467106819153,0.5103467106819153,0.5103467106819153,0.48965322971343994,20,3,3,post_calibration
283,4,20,4,60,1,0,0,0.5082753896713257,0.5082753896713257,0.5082753896713257,0.49172455072402954,20,3,3,post_calibration
283,5,20,6,60,1,0,0,0.5049209594726562,0.5049209594726562,0.5049209594726562,0.49507904052734375,20,3,3,post_calibration
283,6,20,8,60,0,0,1,0.5059276819229126,0.5059276819229126,0.5059276819229126,0.4940723478794098,20,3,3,post_calibration
283,7,20,9,60,0,0,1,0.50608891248703,0.50608891248703,0.50608891248703,0.4939110577106476,20,3,3,post_calibration
283,8,20,11,60,1,0,0,0.5046508312225342,0.5046508312225342,0.5046508312225342,0.4953491985797882,20,3,3,post_calibration
283,9,20,12,60,1,0,0,0.5054636597633362,0.5054636597633362,0.5054636597633362,0.4945363402366638,20,3,3,post_calibration
283,10,20,13,60,0,0,1,0.5047427415847778,0.5047427415847778,0.5047427415847778,0.49525725841522217,20,3,3,post_calibration
283,11,20,14,60,0,0,1,0.5025080442428589,0.5025080442428589,0.5025080442428589,0.4974919855594635,20,3,3,post_calibration
283,12,20,15,60,1,0,0,0.5052239894866943,0.5052239894866943,0.5052239894866943,0.49477601051330566,20,3,3,post_calibration
283,13,20,16,60,0,0,1,0.5065382122993469,0.5065382122993469,0.5065382122993469,0.49346181750297546,20,3,3,post_calibration
283,14,20,17,60,1,0,0,0.5039547681808472,0.5039547681808472,0.5039547681808472,0.49604523181915283,20,3,3,post_calibration
284,0,20,0,60,1,0,0,0.5017682909965515,0.5017682909965515,0.5017682909965515,0.49823176860809326,20,4,3,zero_shot_paired
284,1,20,1,60,0,0,1,0.5078750252723694,0.5078750252723694,0.5078750252723694,0.4921249747276306,20,4,3,zero_shot_paired
284,2,20,2,60,1,0,0,0.5058402419090271,0.5058402419090271,0.5058402419090271,0.4941597580909729,20,4,3,zero_shot_paired
284,3,20,3,60,0,0,1,0.5101640820503235,0.5101640820503235,0.5101640820503235,0.4898359179496765,20,4,3,zero_shot_paired
284,4,20,4,60,1,0,0,0.5091280937194824,0.5091280937194824,0.5091280937194824,0.49087196588516235,20,4,3,zero_shot_paired
284,5,20,5,60,1,0,0,0.5049276947975159,0.5049276947975159,0.5049276947975159,0.49507227540016174,20,4,3,zero_shot_paired
284,6,20,6,60,1,0,0,0.5057143568992615,0.5057143568992615,0.5057143568992615,0.49428558349609375,20,4,3,zero_shot_paired
284,7,20,7,60,0,0,1,0.5093359351158142,0.5093359351158142,0.5093359351158142,0.4906640648841858,20,4,3,zero_shot_paired
284,8,20,9,60,0,0,1,0.5067693591117859,0.5067693591117859,0.5067693591117859,0.4932306408882141,20,4,3,zero_shot_paired
284,9,20,10,60,1,0,0,0.5043050646781921,0.5043050646781921,0.5043050646781921,0.49569493532180786,20,4,3,zero_shot_paired
284,10,20,11,60,1,0,0,0.505255401134491,0.505255401134491,0.505255401134491,0.49474459886550903,20,4,3,zero_shot_paired
284,11,20,12,60,1,0,0,0.5062506198883057,0.5062506198883057,0.5062506198883057,0.49374935030937195,20,4,3,zero_shot_paired
284,12,20,14,60,0,0,1,0.5033798813819885,0.5033798813819885,0.5033798813819885,0.49662017822265625,20,4,3,zero_shot_paired
284,13,20,15,60,1,0,0,0.5061815977096558,0.5061815977096558,0.5061815977096558,0.49381840229034424,20,4,3,zero_shot_paired
284,14,20,16,60,0,0,1,0.506996214389801,0.506996214389801,0.506996214389801,0.49300381541252136,20,4,3,zero_shot_paired
284,0,20,0,60,1,0,0,0.5026523470878601,0.5026523470878601,0.5026523470878601,0.4973476231098175,20,4,3,post_calibration
284,1,20,1,60,0,0,1,0.5091564655303955,0.5091564655303955,0.5091564655303955,0.4908435344696045,20,4,3,post_calibration
284,2,20,2,60,1,0,0,0.5074139833450317,0.5074139833450317,0.5074139833450317,0.49258601665496826,20,4,3,post_calibration
284,3,20,3,60,0,0,1,0.5112147331237793,0.5112147331237793,0.5112147331237793,0.4887852966785431,20,4,3,post_calibration
284,4,20,4,60,1,0,0,0.5106492638587952,0.5106492638587952,0.5106492638587952,0.48935070633888245,20,4,3,post_calibration
284,5,20,5,60,1,0,0,0.5065644383430481,0.5065644383430481,0.5065644383430481,0.4934355914592743,20,4,3,post_calibration
284,6,20,6,60,1,0,0,0.5070705413818359,0.5070705413818359,0.5070705413818359,0.4929294288158417,20,4,3,post_calibration
284,7,20,7,60,0,0,1,0.5104828476905823,0.5104828476905823,0.5104828476905823,0.4895171821117401,20,4,3,post_calibration
284,8,20,9,60,0,0,1,0.5086182355880737,0.5086182355880737,0.5086182355880737,0.49138179421424866,20,4,3,post_calibration
284,9,20,10,60,1,0,0,0.5057481527328491,0.5057481527328491,0.5057481527328491,0.49425187706947327,20,4,3,post_calibration
284,10,20,11,60,1,0,0,0.5074890851974487,0.5074890851974487,0.5074890851974487,0.49251094460487366,20,4,3,post_calibration
284,11,20,12,60,1,0,0,0.5077200531959534,0.5077200531959534,0.5077200531959534,0.49227991700172424,20,4,3,post_calibration
284,12,20,14,60,0,0,1,0.504993736743927,0.504993736743927,0.504993736743927,0.4950062334537506,20,4,3,post_calibration
284,13,20,15,60,1,0,0,0.5077720880508423,0.5077720880508423,0.5077720880508423,0.4922278821468353,20,4,3,post_calibration
284,14,20,16,60,0,0,1,0.5084789991378784,0.5084789991378784,0.5084789991378784,0.49152103066444397,20,4,3,post_calibration
285,0,20,0,60,1,0,0,0.5017682909965515,0.5017682909965515,0.5017682909965515,0.49823176860809326,20,5,3,zero_shot_paired
285,1,20,1,60,0,0,1,0.5078750252723694,0.5078750252723694,0.5078750252723694,0.4921249747276306,20,5,3,zero_shot_paired
285,2,20,2,60,1,0,0,0.5058402419090271,0.5058402419090271,0.5058402419090271,0.4941597580909729,20,5,3,zero_shot_paired
285,3,20,3,60,0,0,1,0.5101640820503235,0.5101640820503235,0.5101640820503235,0.4898359179496765,20,5,3,zero_shot_paired
285,4,20,4,60,1,0,0,0.5091280937194824,0.5091280937194824,0.5091280937194824,0.49087196588516235,20,5,3,zero_shot_paired
285,5,20,5,60,1,0,0,0.5049276947975159,0.5049276947975159,0.5049276947975159,0.49507227540016174,20,5,3,zero_shot_paired
285,6,20,6,60,1,0,0,0.5057143568992615,0.5057143568992615,0.5057143568992615,0.49428558349609375,20,5,3,zero_shot_paired
285,7,20,7,60,0,0,1,0.5093359351158142,0.5093359351158142,0.5093359351158142,0.4906640648841858,20,5,3,zero_shot_paired
285,8,20,8,60,0,0,1,0.5068673491477966,0.5068673491477966,0.5068673491477966,0.49313265085220337,20,5,3,zero_shot_paired
285,9,20,10,60,1,0,0,0.5043050646781921,0.5043050646781921,0.5043050646781921,0.49569493532180786,20,5,3,zero_shot_paired
285,10,20,13,60,0,0,1,0.5054463148117065,0.5054463148117065,0.5054463148117065,0.49455374479293823,20,5,3,zero_shot_paired
285,11,20,14,60,0,0,1,0.5033798813819885,0.5033798813819885,0.5033798813819885,0.49662017822265625,20,5,3,zero_shot_paired
285,12,20,15,60,1,0,0,0.5061815977096558,0.5061815977096558,0.5061815977096558,0.49381840229034424,20,5,3,zero_shot_paired
285,13,20,16,60,0,0,1,0.506996214389801,0.506996214389801,0.506996214389801,0.49300381541252136,20,5,3,zero_shot_paired
285,14,20,17,60,1,0,0,0.5047334432601929,0.5047334432601929,0.5047334432601929,0.4952665865421295,20,5,3,zero_shot_paired
285,0,20,0,60,1,0,0,0.5010713338851929,0.5010713338851929,0.5010713338851929,0.49892860651016235,20,5,3,post_calibration
285,1,20,1,60,0,0,1,0.5074684023857117,0.5074684023857117,0.5074684023857117,0.4925316274166107,20,5,3,post_calibration
285,2,20,2,60,1,0,0,0.5052516460418701,0.5052516460418701,0.5052516460418701,0.4947483539581299,20,5,3,post_calibration
285,3,20,3,60,0,0,1,0.5091433525085449,0.5091433525085449,0.5091433525085449,0.4908566176891327,20,5,3,post_calibration
285,4,20,4,60,1,0,0,0.5084123015403748,0.5084123015403748,0.5084123015403748,0.49158772826194763,20,5,3,post_calibration
285,5,20,5,60,1,0,0,0.5042740702629089,0.5042740702629089,0.5042740702629089,0.4957258999347687,20,5,3,post_calibration
285,6,20,6,60,1,0,0,0.5052686333656311,0.5052686333656311,0.5052686333656311,0.4947313666343689,20,5,3,post_calibration
285,7,20,7,60,0,0,1,0.5084449052810669,0.5084449052810669,0.5084449052810669,0.4915550947189331,20,5,3,post_calibration
285,8,20,8,60,0,0,1,0.5062630772590637,0.5062630772590637,0.5062630772590637,0.4937369227409363,20,5,3,post_calibration
285,9,20,10,60,1,0,0,0.5035529732704163,0.5035529732704163,0.5035529732704163,0.49644702672958374,20,5,3,post_calibration
285,10,20,13,60,0,0,1,0.5039262771606445,0.5039262771606445,0.5039262771606445,0.49607372283935547,20,5,3,post_calibration
285,11,20,14,60,0,0,1,0.5025901794433594,0.5025901794433594,0.5025901794433594,0.49740979075431824,20,5,3,post_calibration
285,12,20,15,60,1,0,0,0.5055899620056152,0.5055899620056152,0.5055899620056152,0.49441006779670715,20,5,3,post_calibration
285,13,20,16,60,0,0,1,0.5063205361366272,0.5063205361366272,0.5063205361366272,0.4936794638633728,20,5,3,post_calibration
285,14,20,17,60,1,0,0,0.5042928457260132,0.5042928457260132,0.5042928457260132,0.49570712447166443,20,5,3,post_calibration
286,0,20,0,60,1,0,0,0.5017682909965515,0.5017682909965515,0.5017682909965515,0.49823176860809326,20,6,3,zero_shot_paired
286,1,20,1,60,0,0,1,0.5078750252723694,0.5078750252723694,0.5078750252723694,0.4921249747276306,20,6,3,zero_shot_paired
286,2,20,4,60,1,0,0,0.5091280937194824,0.5091280937194824,0.5091280937194824,0.49087196588516235,20,6,3,zero_shot_paired
286,3,20,5,60,1,0,0,0.5049276947975159,0.5049276947975159,0.5049276947975159,0.49507227540016174,20,6,3,zero_shot_paired
286,4,20,7,60,0,0,1,0.5093359351158142,0.5093359351158142,0.5093359351158142,0.4906640648841858,20,6,3,zero_shot_paired
286,5,20,8,60,0,0,1,0.5068673491477966,0.5068673491477966,0.5068673491477966,0.49313265085220337,20,6,3,zero_shot_paired
286,6,20,9,60,0,0,1,0.5067693591117859,0.5067693591117859,0.5067693591117859,0.4932306408882141,20,6,3,zero_shot_paired
286,7,20,10,60,1,0,0,0.5043050646781921,0.5043050646781921,0.5043050646781921,0.49569493532180786,20,6,3,zero_shot_paired
286,8,20,11,60,1,0,0,0.505255401134491,0.505255401134491,0.505255401134491,0.49474459886550903,20,6,3,zero_shot_paired
286,9,20,12,60,1,0,0,0.5062506198883057,0.5062506198883057,0.5062506198883057,0.49374935030937195,20,6,3,zero_shot_paired
286,10,20,13,60,0,0,1,0.5054463148117065,0.5054463148117065,0.5054463148117065,0.49455374479293823,20,6,3,zero_shot_paired
286,11,20,14,60,0,0,1,0.5033798813819885,0.5033798813819885,0.5033798813819885,0.49662017822265625,20,6,3,zero_shot_paired
286,12,20,15,60,1,0,0,0.5061815977096558,0.5061815977096558,0.5061815977096558,0.49381840229034424,20,6,3,zero_shot_paired
286,13,20,16,60,0,0,1,0.506996214389801,0.506996214389801,0.506996214389801,0.49300381541252136,20,6,3,zero_shot_paired
286,14,20,17,60,1,0,0,0.5047334432601929,0.5047334432601929,0.5047334432601929,0.4952665865421295,20,6,3,zero_shot_paired
286,0,20,0,60,1,0,0,0.5007568597793579,0.5007568597793579,0.5007568597793579,0.4992431700229645,20,6,3,post_calibration
286,1,20,1,60,0,0,1,0.5068500638008118,0.5068500638008118,0.5068500638008118,0.4931499660015106,20,6,3,post_calibration
286,2,20,4,60,1,0,0,0.5086178183555603,0.5086178183555603,0.5086178183555603,0.4913822412490845,20,6,3,post_calibration
286,3,20,5,60,1,0,0,0.5042580366134644,0.5042580366134644,0.5042580366134644,0.49574199318885803,20,6,3,post_calibration
286,4,20,7,60,0,0,1,0.508594810962677,0.508594810962677,0.508594810962677,0.491405189037323,20,6,3,post_calibration
286,5,20,8,60,0,0,1,0.5059963464736938,0.5059963464736938,0.5059963464736938,0.49400368332862854,20,6,3,post_calibration
286,6,20,9,60,0,0,1,0.5058375000953674,0.5058375000953674,0.5058375000953674,0.49416252970695496,20,6,3,post_calibration
286,7,20,10,60,1,0,0,0.5029687881469727,0.5029687881469727,0.5029687881469727,0.49703121185302734,20,6,3,post_calibration
286,8,20,11,60,1,0,0,0.5047413110733032,0.5047413110733032,0.5047413110733032,0.49525871872901917,20,6,3,post_calibration
286,9,20,12,60,1,0,0,0.5058168768882751,0.5058168768882751,0.5058168768882751,0.49418312311172485,20,6,3,post_calibration
286,10,20,13,60,0,0,1,0.5047223567962646,0.5047223567962646,0.5047223567962646,0.49527764320373535,20,6,3,post_calibration
286,11,20,14,60,0,0,1,0.5025653839111328,0.5025653839111328,0.5025653839111328,0.4974346160888672,20,6,3,post_calibration
286,12,20,15,60,1,0,0,0.5052814483642578,0.5052814483642578,0.5052814483642578,0.4947185814380646,20,6,3,post_calibration
286,13,20,16,60,0,0,1,0.5058706402778625,0.5058706402778625,0.5058706402778625,0.49412932991981506,20,6,3,post_calibration
286,14,20,17,60,1,0,0,0.5037868618965149,0.5037868618965149,0.5037868618965149,0.4962131381034851,20,6,3,post_calibration
287,0,20,0,60,1,0,0,0.5017682909965515,0.5017682909965515,0.5017682909965515,0.49823176860809326,20,1,6,zero_shot_paired
287,1,20,3,60,0,0,1,0.5101640820503235,0.5101640820503235,0.5101640820503235,0.4898359179496765,20,1,6,zero_shot_paired
287,2,20,4,60,1,0,0,0.5091280937194824,0.5091280937194824,0.5091280937194824,0.49087196588516235,20,1,6,zero_shot_paired
287,3,20,6,60,1,0,0,0.5057143568992615,0.5057143568992615,0.5057143568992615,0.49428558349609375,20,1,6,zero_shot_paired
287,4,20,8,60,0,0,1,0.5068673491477966,0.5068673491477966,0.5068673491477966,0.49313265085220337,20,1,6,zero_shot_paired
287,5,20,9,60,0,0,1,0.5067693591117859,0.5067693591117859,0.5067693591117859,0.4932306408882141,20,1,6,zero_shot_paired
287,6,20,10,60,1,0,0,0.5043050646781921,0.5043050646781921,0.5043050646781921,0.49569493532180786,20,1,6,zero_shot_paired
287,7,20,11,60,1,0,0,0.505255401134491,0.505255401134491,0.505255401134491,0.49474459886550903,20,1,6,zero_shot_paired
287,8,20,13,60,0,0,1,0.5054463148117065,0.5054463148117065,0.5054463148117065,0.49455374479293823,20,1,6,zero_shot_paired
287,9,20,14,60,0,0,1,0.5033798813819885,0.5033798813819885,0.5033798813819885,0.49662017822265625,20,1,6,zero_shot_paired
287,10,20,16,60,0,0,1,0.506996214389801,0.506996214389801,0.506996214389801,0.49300381541252136,20,1,6,zero_shot_paired
287,11,20,17,60,1,0,0,0.5047334432601929,0.5047334432601929,0.5047334432601929,0.4952665865421295,20,1,6,zero_shot_paired
287,0,20,0,60,1,0,0,0.5012752413749695,0.5012752413749695,0.5012752413749695,0.49872472882270813,20,1,6,post_calibration
287,1,20,3,60,0,0,1,0.5095884799957275,0.5095884799957275,0.5095884799957275,0.49041152000427246,20,1,6,post_calibration
287,2,20,4,60,1,0,0,0.5088704824447632,0.5088704824447632,0.5088704824447632,0.4911295473575592,20,1,6,post_calibration
287,3,20,6,60,1,0,0,0.5049288272857666,0.5049288272857666,0.5049288272857666,0.4950712025165558,20,1,6,post_calibration
287,4,20,8,60,0,0,1,0.5061870217323303,0.5061870217323303,0.5061870217323303,0.49381300806999207,20,1,6,post_calibration
287,5,20,9,60,0,0,1,0.5059899687767029,0.5059899687767029,0.5059899687767029,0.4940100312232971,20,1,6,post_calibration
287,6,20,10,60,1,0,0,0.5035331845283508,0.5035331845283508,0.5035331845283508,0.49646684527397156,20,1,6,post_calibration
287,7,20,11,60,1,0,0,0.504462718963623,0.504462718963623,0.504462718963623,0.49553725123405457,20,1,6,post_calibration
287,8,20,13,60,0,0,1,0.5048909187316895,0.5048909187316895,0.5048909187316895,0.49510905146598816,20,1,6,post_calibration
287,9,20,14,60,0,0,1,0.5030988454818726,0.5030988454818726,0.5030988454818726,0.49690118432044983,20,1,6,post_calibration
287,10,20,16,60,0,0,1,0.5061568021774292,0.5061568021774292,0.5061568021774292,0.4938431978225708,20,1,6,post_calibration
287,11,20,17,60,1,0,0,0.5041358470916748,0.5041358470916748,0.5041358470916748,0.4958641827106476,20,1,6,post_calibration
288,0,20,0,60,1,0,0,0.5017682909965515,0.5017682909965515,0.5017682909965515,0.49823176860809326,20,2,6,zero_shot_paired
288,1,20,1,60,0,0,1,0.5078750252723694,0.5078750252723694,0.5078750252723694,0.4921249747276306,20,2,6,zero_shot_paired
288,2,20,2,60,1,0,0,0.5058402419090271,0.5058402419090271,0.5058402419090271,0.4941597580909729,20,2,6,zero_shot_paired
288,3,20,3,60,0,0,1,0.5101640820503235,0.5101640820503235,0.5101640820503235,0.4898359179496765,20,2,6,zero_shot_paired
288,4,20,5,60,1,0,0,0.5049276947975159,0.5049276947975159,0.5049276947975159,0.49507227540016174,20,2,6,zero_shot_paired
288,5,20,6,60,1,0,0,0.5057143568992615,0.5057143568992615,0.5057143568992615,0.49428558349609375,20,2,6,zero_shot_paired
288,6,20,7,60,0,0,1,0.5093359351158142,0.5093359351158142,0.5093359351158142,0.4906640648841858,20,2,6,zero_shot_paired
288,7,20,9,60,0,0,1,0.5067693591117859,0.5067693591117859,0.5067693591117859,0.4932306408882141,20,2,6,zero_shot_paired
288,8,20,11,60,1,0,0,0.505255401134491,0.505255401134491,0.505255401134491,0.49474459886550903,20,2,6,zero_shot_paired
288,9,20,12,60,1,0,0,0.5062506198883057,0.5062506198883057,0.5062506198883057,0.49374935030937195,20,2,6,zero_shot_paired
288,10,20,15,60,1,0,0,0.5061815977096558,0.5061815977096558,0.5061815977096558,0.49381840229034424,20,2,6,zero_shot_paired
288,11,20,16,60,0,0,1,0.506996214389801,0.506996214389801,0.506996214389801,0.49300381541252136,20,2,6,zero_shot_paired
288,0,20,0,60,1,0,0,0.5019943118095398,0.5019943118095398,0.5019943118095398,0.4980056583881378,20,2,6,post_calibration
288,1,20,1,60,0,0,1,0.50835782289505,0.50835782289505,0.50835782289505,0.49164217710494995,20,2,6,post_calibration
288,2,20,2,60,1,0,0,0.5056664943695068,0.5056664943695068,0.5056664943695068,0.4943334758281708,20,2,6,post_calibration
288,3,20,3,60,0,0,1,0.51033616065979,0.51033616065979,0.51033616065979,0.48966386914253235,20,2,6,post_calibration
288,4,20,5,60,1,0,0,0.5053412914276123,0.5053412914276123,0.5053412914276123,0.4946587383747101,20,2,6,post_calibration
288,5,20,6,60,1,0,0,0.505420982837677,0.505420982837677,0.505420982837677,0.494579017162323,20,2,6,post_calibration
288,6,20,7,60,0,0,1,0.5096173286437988,0.5096173286437988,0.5096173286437988,0.49038270115852356,20,2,6,post_calibration
288,7,20,9,60,0,0,1,0.5075138807296753,0.5075138807296753,0.5075138807296753,0.49248605966567993,20,2,6,post_calibration
288,8,20,11,60,1,0,0,0.5057820081710815,0.5057820081710815,0.5057820081710815,0.49421796202659607,20,2,6,post_calibration
288,9,20,12,60,1,0,0,0.5065527558326721,0.5065527558326721,0.5065527558326721,0.4934472441673279,20,2,6,post_calibration
288,10,20,15,60,1,0,0,0.506184995174408,0.506184995174408,0.506184995174408,0.49381497502326965,20,2,6,post_calibration
288,11,20,16,60,0,0,1,0.5072662234306335,0.5072662234306335,0.5072662234306335,0.49273380637168884,20,2,6,post_calibration
289,0,20,1,60,0,0,1,0.5078750252723694,0.5078750252723694,0.5078750252723694,0.4921249747276306,20,3,6,zero_shot_paired
289,1,20,2,60,1,0,0,0.5058402419090271,0.5058402419090271,0.5058402419090271,0.4941597580909729,20,3,6,zero_shot_paired
289,2,20,4,60,1,0,0,0.5091280937194824,0.5091280937194824,0.5091280937194824,0.49087196588516235,20,3,6,zero_shot_paired
289,3,20,5,60,1,0,0,0.5049276947975159,0.5049276947975159,0.5049276947975159,0.49507227540016174,20,3,6,zero_shot_paired
289,4,20,7,60,0,0,1,0.5093359351158142,0.5093359351158142,0.5093359351158142,0.4906640648841858,20,3,6,zero_shot_paired
289,5,20,8,60,0,0,1,0.5068673491477966,0.5068673491477966,0.5068673491477966,0.49313265085220337,20,3,6,zero_shot_paired
289,6,20,10,60,1,0,0,0.5043050646781921,0.5043050646781921,0.5043050646781921,0.49569493532180786,20,3,6,zero_shot_paired
289,7,20,12,60,1,0,0,0.5062506198883057,0.5062506198883057,0.5062506198883057,0.49374935030937195,20,3,6,zero_shot_paired
289,8,20,13,60,0,0,1,0.5054463148117065,0.5054463148117065,0.5054463148117065,0.49455374479293823,20,3,6,zero_shot_paired
289,9,20,14,60,0,0,1,0.5033798813819885,0.5033798813819885,0.5033798813819885,0.49662017822265625,20,3,6,zero_shot_paired
289,10,20,15,60,1,0,0,0.5061815977096558,0.5061815977096558,0.5061815977096558,0.49381840229034424,20,3,6,zero_shot_paired
289,11,20,17,60,1,0,0,0.5047334432601929,0.5047334432601929,0.5047334432601929,0.4952665865421295,20,3,6,zero_shot_paired
289,0,20,1,60,0,0,1,0.5087414979934692,0.5087414979934692,0.5087414979934692,0.4912584722042084,20,3,6,post_calibration
289,1,20,2,60,1,0,0,0.5065729022026062,0.5065729022026062,0.5065729022026062,0.4934270679950714,20,3,6,post_calibration
289,2,20,4,60,1,0,0,0.510263979434967,0.510263979434967,0.510263979434967,0.48973605036735535,20,3,6,post_calibration
289,3,20,5,60,1,0,0,0.5061102509498596,0.5061102509498596,0.5061102509498596,0.4938897490501404,20,3,6,post_calibration
289,4,20,7,60,0,0,1,0.5104682445526123,0.5104682445526123,0.5104682445526123,0.4895317554473877,20,3,6,post_calibration
289,5,20,8,60,0,0,1,0.5076660513877869,0.5076660513877869,0.5076660513877869,0.49233391880989075,20,3,6,post_calibration
289,6,20,10,60,1,0,0,0.5048794150352478,0.5048794150352478,0.5048794150352478,0.4951205849647522,20,3,6,post_calibration
289,7,20,12,60,1,0,0,0.5068910121917725,0.5068910121917725,0.5068910121917725,0.4931090474128723,20,3,6,post_calibration
289,8,20,13,60,0,0,1,0.5061920285224915,0.5061920285224915,0.5061920285224915,0.49380800127983093,20,3,6,post_calibration
289,9,20,14,60,0,0,1,0.5040486454963684,0.5040486454963684,0.5040486454963684,0.4959513545036316,20,3,6,post_calibration
289,10,20,15,60,1,0,0,0.5074623227119446,0.5074623227119446,0.5074623227119446,0.4925377070903778,20,3,6,post_calibration
289,11,20,17,60,1,0,0,0.5054279565811157,0.5054279565811157,0.5054279565811157,0.4945720136165619,20,3,6,post_calibration
290,0,20,1,60,0,0,1,0.5078750252723694,0.5078750252723694,0.5078750252723694,0.4921249747276306,20,1,9,zero_shot_paired
290,1,20,2,60,1,0,0,0.5058402419090271,0.5058402419090271,0.5058402419090271,0.4941597580909729,20,1,9,zero_shot_paired
290,2,20,3,60,0,0,1,0.5101645588874817,0.5101645588874817,0.5101645588874817,0.4898354411125183,20,1,9,zero_shot_paired
290,3,20,4,60,1,0,0,0.5091280937194824,0.5091280937194824,0.5091280937194824,0.49087196588516235,20,1,9,zero_shot_paired
290,4,20,6,60,1,0,0,0.5057143568992615,0.5057143568992615,0.5057143568992615,0.49428558349609375,20,1,9,zero_shot_paired
290,5,20,7,60,0,0,1,0.5093358755111694,0.5093358755111694,0.5093358755111694,0.4906640946865082,20,1,9,zero_shot_paired
290,6,20,12,60,1,0,0,0.5062506198883057,0.5062506198883057,0.5062506198883057,0.49374935030937195,20,1,9,zero_shot_paired
290,7,20,13,60,0,0,1,0.5054463148117065,0.5054463148117065,0.5054463148117065,0.49455374479293823,20,1,9,zero_shot_paired
290,8,20,15,60,1,0,0,0.5061817169189453,0.5061817169189453,0.5061817169189453,0.49381834268569946,20,1,9,zero_shot_paired
290,0,20,1,60,0,0,1,0.5069741010665894,0.5069741010665894,0.5069741010665894,0.49302589893341064,20,1,9,post_calibration
290,1,20,2,60,1,0,0,0.5053219795227051,0.5053219795227051,0.5053219795227051,0.49467796087265015,20,1,9,post_calibration
290,2,20,3,60,0,0,1,0.5094185471534729,0.5094185471534729,0.5094185471534729,0.4905815124511719,20,1,9,post_calibration
290,3,20,4,60,1,0,0,0.5088102221488953,0.5088102221488953,0.5088102221488953,0.49118977785110474,20,1,9,post_calibration
290,4,20,6,60,1,0,0,0.5053258538246155,0.5053258538246155,0.5053258538246155,0.4946741461753845,20,1,9,post_calibration
290,5,20,7,60,0,0,1,0.5085198879241943,0.5085198879241943,0.5085198879241943,0.4914800822734833,20,1,9,post_calibration
290,6,20,12,60,1,0,0,0.5054458379745483,0.5054458379745483,0.5054458379745483,0.49455416202545166,20,1,9,post_calibration
290,7,20,13,60,0,0,1,0.504924476146698,0.504924476146698,0.504924476146698,0.4950754940509796,20,1,9,post_calibration
290,8,20,15,60,1,0,0,0.5055971741676331,0.5055971741676331,0.5055971741676331,0.49440282583236694,20,1,9,post_calibration
291,0,20,0,60,1,0,0,0.5017682313919067,0.5017682313919067,0.5017682313919067,0.49823176860809326,20,2,9,zero_shot_paired
291,1,20,5,60,1,0,0,0.5049278140068054,0.5049278140068054,0.5049278140068054,0.49507221579551697,20,2,9,zero_shot_paired
291,2,20,8,60,0,0,1,0.5068673491477966,0.5068673491477966,0.5068673491477966,0.49313265085220337,20,2,9,zero_shot_paired
291,3,20,9,60,0,0,1,0.5067693591117859,0.5067693591117859,0.5067693591117859,0.4932306706905365,20,2,9,zero_shot_paired
291,4,20,10,60,1,0,0,0.5043051838874817,0.5043051838874817,0.5043051838874817,0.4956948757171631,20,2,9,zero_shot_paired
291,5,20,11,60,1,0,0,0.5052554607391357,0.5052554607391357,0.5052554607391357,0.49474453926086426,20,2,9,zero_shot_paired
291,6,20,14,60,0,0,1,0.5033798813819885,0.5033798813819885,0.5033798813819885,0.4966201186180115,20,2,9,zero_shot_paired
291,7,20,16,60,0,0,1,0.5069963932037354,0.5069963932037354,0.5069963932037354,0.49300360679626465,20,2,9,zero_shot_paired
291,8,20,17,60,1,0,0,0.5047335028648376,0.5047335028648376,0.5047335028648376,0.49526646733283997,20,2,9,zero_shot_paired
291,0,20,0,60,1,0,0,0.5010208487510681,0.5010208487510681,0.5010208487510681,0.4989791214466095,20,2,9,post_calibration
291,1,20,5,60,1,0,0,0.5046472549438477,0.5046472549438477,0.5046472549438477,0.49535271525382996,20,2,9,post_calibration
291,2,20,8,60,0,0,1,0.5055034160614014,0.5055034160614014,0.5055034160614014,0.49449658393859863,20,2,9,post_calibration
291,3,20,9,60,0,0,1,0.505656898021698,0.505656898021698,0.505656898021698,0.4943431317806244,20,2,9,post_calibration
291,4,20,10,60,1,0,0,0.5029968023300171,0.5029968023300171,0.5029968023300171,0.4970031976699829,20,2,9,post_calibration
291,5,20,11,60,1,0,0,0.5048813819885254,0.5048813819885254,0.5048813819885254,0.4951185882091522,20,2,9,post_calibration
291,6,20,14,60,0,0,1,0.5025195479393005,0.5025195479393005,0.5025195479393005,0.49748045206069946,20,2,9,post_calibration
291,7,20,16,60,0,0,1,0.505794882774353,0.505794882774353,0.505794882774353,0.4942050874233246,20,2,9,post_calibration
291,8,20,17,60,1,0,0,0.5043303370475769,0.5043303370475769,0.5043303370475769,0.4956696629524231,20,2,9,post_calibration
292,0,20,0,60,1,0,0,0.5017685890197754,0.5017685890197754,0.5017685890197754,0.4982314705848694,20,1,12,zero_shot_paired
292,1,20,1,60,0,0,1,0.507874608039856,0.507874608039856,0.507874608039856,0.49212539196014404,20,1,12,zero_shot_paired
292,2,20,3,60,0,0,1,0.5101659297943115,0.5101659297943115,0.5101659297943115,0.4898340702056885,20,1,12,zero_shot_paired
292,3,20,10,60,1,0,0,0.5043053030967712,0.5043053030967712,0.5043053030967712,0.49569472670555115,20,1,12,zero_shot_paired
292,4,20,14,60,0,0,1,0.5033796429634094,0.5033796429634094,0.5033796429634094,0.49662038683891296,20,1,12,zero_shot_paired
292,5,20,17,60,1,0,0,0.5047326683998108,0.5047326683998108,0.5047326683998108,0.495267391204834,20,1,12,zero_shot_paired
292,0,20,0,60,1,0,0,0.5010785460472107,0.5010785460472107,0.5010785460472107,0.4989214241504669,20,1,12,post_calibration
292,1,20,1,60,0,0,1,0.5068345069885254,0.5068345069885254,0.5068345069885254,0.4931654930114746,20,1,12,post_calibration
292,2,20,3,60,0,0,1,0.5096756219863892,0.5096756219863892,0.5096756219863892,0.4903244376182556,20,1,12,post_calibration
292,3,20,10,60,1,0,0,0.502817690372467,0.502817690372467,0.502817690372467,0.49718230962753296,20,1,12,post_calibration
292,4,20,14,60,0,0,1,0.5024627447128296,0.5024627447128296,0.5024627447128296,0.4975372552871704,20,1,12,post_calibration
292,5,20,17,60,1,0,0,0.5034961104393005,0.5034961104393005,0.5034961104393005,0.4965038299560547,20,1,12,post_calibration
293,0,20,2,60,1,0,0,0.5058391690254211,0.5058391690254211,0.5058391690254211,0.49416080117225647,20,2,12,zero_shot_paired
293,1,20,6,60,1,0,0,0.5057157278060913,0.5057157278060913,0.5057157278060913,0.4942842423915863,20,2,12,zero_shot_paired
293,2,20,7,60,0,0,1,0.509334921836853,0.509334921836853,0.509334921836853,0.490665078163147,20,2,12,zero_shot_paired
293,3,20,11,60,1,0,0,0.5052550435066223,0.5052550435066223,0.5052550435066223,0.4947449266910553,20,2,12,zero_shot_paired
293,4,20,14,60,0,0,1,0.5033796429634094,0.5033796429634094,0.5033796429634094,0.49662038683891296,20,2,12,zero_shot_paired
293,5,20,16,60,0,0,1,0.5069972276687622,0.5069972276687622,0.5069972276687622,0.4930027425289154,20,2,12,zero_shot_paired
293,0,20,2,60,1,0,0,0.5040638446807861,0.5040638446807861,0.5040638446807861,0.49593618512153625,20,2,12,post_calibration
293,1,20,6,60,1,0,0,0.5041613578796387,0.5041613578796387,0.5041613578796387,0.49583861231803894,20,2,12,post_calibration
293,2,20,7,60,0,0,1,0.5090323686599731,0.5090323686599731,0.5090323686599731,0.49096763134002686,20,2,12,post_calibration
293,3,20,11,60,1,0,0,0.5039526224136353,0.5039526224136353,0.5039526224136353,0.49604740738868713,20,2,12,post_calibration
293,4,20,14,60,0,0,1,0.501628041267395,0.501628041267395,0.501628041267395,0.498371958732605,20,2,12,post_calibration
293,5,20,16,60,0,0,1,0.5059633255004883,0.5059633255004883,0.5059633255004883,0.4940367043018341,20,2,12,post_calibration
294,0,20,1,60,0,0,1,0.507874608039856,0.507874608039856,0.507874608039856,0.49212539196014404,20,3,12,zero_shot_paired
294,1,20,3,60,0,0,1,0.5101659297943115,0.5101659297943115,0.5101659297943115,0.4898340702056885,20,3,12,zero_shot_paired
294,2,20,5,60,1,0,0,0.5049261450767517,0.5049261450767517,0.5049261450767517,0.4950738251209259,20,3,12,zero_shot_paired
294,3,20,6,60,1,0,0,0.5057157278060913,0.5057157278060913,0.5057157278060913,0.4942842423915863,20,3,12,zero_shot_paired
294,4,20,13,60,0,0,1,0.5054463148117065,0.5054463148117065,0.5054463148117065,0.49455368518829346,20,3,12,zero_shot_paired
294,5,20,15,60,1,0,0,0.506182074546814,0.506182074546814,0.506182074546814,0.4938179850578308,20,3,12,zero_shot_paired
294,0,20,1,60,0,0,1,0.506101131439209,0.506101131439209,0.506101131439209,0.493898868560791,20,3,12,post_calibration
294,1,20,3,60,0,0,1,0.5097553730010986,0.5097553730010986,0.5097553730010986,0.49024465680122375,20,3,12,post_calibration
294,2,20,5,60,1,0,0,0.5039485096931458,0.5039485096931458,0.5039485096931458,0.49605149030685425,20,3,12,post_calibration
294,3,20,6,60,1,0,0,0.5043949484825134,0.5043949484825134,0.5043949484825134,0.4956049919128418,20,3,12,post_calibration
294,4,20,13,60,0,0,1,0.5043683648109436,0.5043683648109436,0.5043683648109436,0.495631605386734,20,3,12,post_calibration
294,5,20,15,60,1,0,0,0.5054606795310974,0.5054606795310974,0.5054606795310974,0.49453938007354736,20,3,12,post_calibration
22,0,21,0,60,1,0,0,0.5020008683204651,0.5020008683204651,0.5020008683204651,0.4979991018772125,21,,,zero_shot_all_trials
22,1,21,1,60,1,1,1,0.5007702708244324,0.5007702708244324,0.49922969937324524,0.5007702708244324,21,,,zero_shot_all_trials
22,2,21,2,60,1,1,1,0.5017711520195007,0.5017711520195007,0.49822887778282166,0.5017711520195007,21,,,zero_shot_all_trials
22,3,21,3,60,0,0,1,0.5027307271957397,0.5027307271957397,0.5027307271957397,0.49726927280426025,21,,,zero_shot_all_trials
22,4,21,4,60,1,1,1,0.5016037821769714,0.5016037821769714,0.49839624762535095,0.5016037821769714,21,,,zero_shot_all_trials
22,5,21,5,60,1,1,1,0.5007903575897217,0.5007903575897217,0.4992096722126007,0.5007903575897217,21,,,zero_shot_all_trials
22,6,21,6,60,1,0,0,0.50089031457901,0.50089031457901,0.50089031457901,0.49910974502563477,21,,,zero_shot_all_trials
22,7,21,7,60,0,0,1,0.501379132270813,0.501379132270813,0.501379132270813,0.498620867729187,21,,,zero_shot_all_trials
22,8,21,8,60,0,0,1,0.5041490197181702,0.5041490197181702,0.5041490197181702,0.49585095047950745,21,,,zero_shot_all_trials
22,9,21,9,60,1,0,0,0.5015047788619995,0.5015047788619995,0.5015047788619995,0.4984951913356781,21,,,zero_shot_all_trials
22,10,21,10,60,1,0,0,0.503014326095581,0.503014326095581,0.503014326095581,0.49698570370674133,21,,,zero_shot_all_trials
22,11,21,11,60,1,0,0,0.5014487504959106,0.5014487504959106,0.5014487504959106,0.49855124950408936,21,,,zero_shot_all_trials
22,12,21,12,60,1,0,0,0.5002523064613342,0.5002523064613342,0.5002523064613342,0.4997476637363434,21,,,zero_shot_all_trials
22,13,21,13,60,1,0,0,0.501187801361084,0.501187801361084,0.501187801361084,0.498812198638916,21,,,zero_shot_all_trials
22,14,21,14,60,1,1,1,0.5025108456611633,0.5025108456611633,0.4974890947341919,0.5025108456611633,21,,,zero_shot_all_trials
22,15,21,15,60,1,0,0,0.5017134547233582,0.5017134547233582,0.5017134547233582,0.49828657507896423,21,,,zero_shot_all_trials
22,16,21,16,60,0,0,1,0.5049341917037964,0.5049341917037964,0.5049341917037964,0.495065838098526,21,,,zero_shot_all_trials
22,17,21,17,60,1,1,1,0.5043320059776306,0.5043320059776306,0.4956679940223694,0.5043320059776306,21,,,zero_shot_all_trials
295,0,21,1,60,1,1,1,0.5007703900337219,0.5007703900337219,0.4992295801639557,0.5007703900337219,21,1,3,zero_shot_paired
295,1,21,2,60,1,1,1,0.5017711520195007,0.5017711520195007,0.4982288181781769,0.5017711520195007,21,1,3,zero_shot_paired
295,2,21,3,60,0,0,1,0.5027308464050293,0.5027308464050293,0.5027308464050293,0.4972691833972931,21,1,3,zero_shot_paired
295,3,21,4,60,1,1,1,0.5016037821769714,0.5016037821769714,0.49839624762535095,0.5016037821769714,21,1,3,zero_shot_paired
295,4,21,6,60,1,0,0,0.5008902549743652,0.5008902549743652,0.5008902549743652,0.49910977482795715,21,1,3,zero_shot_paired
295,5,21,7,60,0,0,1,0.501379132270813,0.501379132270813,0.501379132270813,0.498620867729187,21,1,3,zero_shot_paired
295,6,21,8,60,0,0,1,0.5041490197181702,0.5041490197181702,0.5041490197181702,0.49585095047950745,21,1,3,zero_shot_paired
295,7,21,10,60,1,0,0,0.5030142664909363,0.5030142664909363,0.5030142664909363,0.4969857335090637,21,1,3,zero_shot_paired
295,8,21,11,60,1,0,0,0.5014485716819763,0.5014485716819763,0.5014485716819763,0.49855145812034607,21,1,3,zero_shot_paired
295,9,21,12,60,1,0,0,0.5002524256706238,0.5002524256706238,0.5002524256706238,0.4997476041316986,21,1,3,zero_shot_paired
295,10,21,13,60,1,0,0,0.501187801361084,0.501187801361084,0.501187801361084,0.498812198638916,21,1,3,zero_shot_paired
295,11,21,14,60,1,1,1,0.5025107264518738,0.5025107264518738,0.49748921394348145,0.5025107264518738,21,1,3,zero_shot_paired
295,12,21,15,60,1,0,0,0.5017133355140686,0.5017133355140686,0.5017133355140686,0.4982866644859314,21,1,3,zero_shot_paired
295,13,21,16,60,0,0,1,0.5049341917037964,0.5049341917037964,0.5049341917037964,0.495065838098526,21,1,3,zero_shot_paired
295,14,21,17,60,1,1,1,0.5043320059776306,0.5043320059776306,0.4956679940223694,0.5043320059776306,21,1,3,zero_shot_paired
295,0,21,1,60,1,1,1,0.5021466612815857,0.5021466612815857,0.4978533089160919,0.5021466612815857,21,1,3,post_calibration
295,1,21,2,60,1,1,1,0.5038942694664001,0.5038942694664001,0.49610573053359985,0.5038942694664001,21,1,3,post_calibration
295,2,21,3,60,0,0,1,0.5010178685188293,0.5010178685188293,0.5010178685188293,0.49898213148117065,21,1,3,post_calibration
295,3,21,4,60,1,1,1,0.5038348436355591,0.5038348436355591,0.4961651563644409,0.5038348436355591,21,1,3,post_calibration
295,4,21,6,60,1,1,1,0.5012751817703247,0.5012751817703247,0.4987247586250305,0.5012751817703247,21,1,3,post_calibration
295,5,21,7,60,0,1,0,0.5010221600532532,0.5010221600532532,0.4989778399467468,0.5010221600532532,21,1,3,post_calibration
295,6,21,8,60,0,0,1,0.5020387768745422,0.5020387768745422,0.5020387768745422,0.4979611933231354,21,1,3,post_calibration
295,7,21,10,60,1,0,0,0.5015875697135925,0.5015875697135925,0.5015875697135925,0.4984124004840851,21,1,3,post_calibration
295,8,21,11,60,1,1,1,0.500134289264679,0.500134289264679,0.49986571073532104,0.500134289264679,21,1,3,post_calibration
295,9,21,12,60,1,1,1,0.5014294385910034,0.5014294385910034,0.4985705614089966,0.5014294385910034,21,1,3,post_calibration
295,10,21,13,60,1,1,1,0.5007310509681702,0.5007310509681702,0.49926894903182983,0.5007310509681702,21,1,3,post_calibration
295,11,21,14,60,1,1,1,0.5040326118469238,0.5040326118469238,0.49596738815307617,0.5040326118469238,21,1,3,post_calibration
295,12,21,15,60,1,1,1,0.500236988067627,0.500236988067627,0.49976298213005066,0.500236988067627,21,1,3,post_calibration
295,13,21,16,60,0,0,1,0.5029957294464111,0.5029957294464111,0.5029957294464111,0.49700427055358887,21,1,3,post_calibration
295,14,21,17,60,1,1,1,0.5065405964851379,0.5065405964851379,0.4934593737125397,0.5065405964851379,21,1,3,post_calibration
296,0,21,0,60,1,0,0,0.5020008683204651,0.5020008683204651,0.5020008683204651,0.4979991018772125,21,2,3,zero_shot_paired
296,1,21,1,60,1,1,1,0.5007703900337219,0.5007703900337219,0.4992295801639557,0.5007703900337219,21,2,3,zero_shot_paired
296,2,21,2,60,1,1,1,0.5017711520195007,0.5017711520195007,0.4982288181781769,0.5017711520195007,21,2,3,zero_shot_paired
296,3,21,3,60,0,0,1,0.5027308464050293,0.5027308464050293,0.5027308464050293,0.4972691833972931,21,2,3,zero_shot_paired
296,4,21,4,60,1,1,1,0.5016037821769714,0.5016037821769714,0.49839624762535095,0.5016037821769714,21,2,3,zero_shot_paired
296,5,21,5,60,1,1,1,0.5007903575897217,0.5007903575897217,0.4992096722126007,0.5007903575897217,21,2,3,zero_shot_paired
296,6,21,7,60,0,0,1,0.501379132270813,0.501379132270813,0.501379132270813,0.498620867729187,21,2,3,zero_shot_paired
296,7,21,8,60,0,0,1,0.5041490197181702,0.5041490197181702,0.5041490197181702,0.49585095047950745,21,2,3,zero_shot_paired
296,8,21,9,60,1,0,0,0.5015048980712891,0.5015048980712891,0.5015048980712891,0.4984951317310333,21,2,3,zero_shot_paired
296,9,21,10,60,1,0,0,0.5030142664909363,0.5030142664909363,0.5030142664909363,0.4969857335090637,21,2,3,zero_shot_paired
296,10,21,12,60,1,0,0,0.5002524256706238,0.5002524256706238,0.5002524256706238,0.4997476041316986,21,2,3,zero_shot_paired
296,11,21,13,60,1,0,0,0.501187801361084,0.501187801361084,0.501187801361084,0.498812198638916,21,2,3,zero_shot_paired
296,12,21,15,60,1,0,0,0.5017133355140686,0.5017133355140686,0.5017133355140686,0.4982866644859314,21,2,3,zero_shot_paired
296,13,21,16,60,0,0,1,0.5049341917037964,0.5049341917037964,0.5049341917037964,0.495065838098526,21,2,3,zero_shot_paired
296,14,21,17,60,1,1,1,0.5043320059776306,0.5043320059776306,0.4956679940223694,0.5043320059776306,21,2,3,zero_shot_paired
296,0,21,0,60,1,0,0,0.5011543035507202,0.5011543035507202,0.5011543035507202,0.49884575605392456,21,2,3,post_calibration
296,1,21,1,60,1,1,1,0.5019664764404297,0.5019664764404297,0.4980335533618927,0.5019664764404297,21,2,3,post_calibration
296,2,21,2,60,1,1,1,0.5034639835357666,0.5034639835357666,0.496535986661911,0.5034639835357666,21,2,3,post_calibration
296,3,21,3,60,0,0,1,0.5013418793678284,0.5013418793678284,0.5013418793678284,0.49865812063217163,21,2,3,post_calibration
296,4,21,4,60,1,1,1,0.5026123523712158,0.5026123523712158,0.4973876178264618,0.5026123523712158,21,2,3,post_calibration
296,5,21,5,60,1,1,1,0.5025727152824402,0.5025727152824402,0.4974272549152374,0.5025727152824402,21,2,3,post_calibration
296,6,21,7,60,0,0,1,0.5004426836967468,0.5004426836967468,0.5004426836967468,0.4995573163032532,21,2,3,post_calibration
296,7,21,8,60,0,0,1,0.5023400187492371,0.5023400187492371,0.5023400187492371,0.4976600110530853,21,2,3,post_calibration
296,8,21,9,60,1,0,0,0.5006046891212463,0.5006046891212463,0.5006046891212463,0.49939531087875366,21,2,3,post_calibration
296,9,21,10,60,1,0,0,0.501476526260376,0.501476526260376,0.501476526260376,0.49852344393730164,21,2,3,post_calibration
296,10,21,12,60,1,1,1,0.5017726421356201,0.5017726421356201,0.4982273280620575,0.5017726421356201,21,2,3,post_calibration
296,11,21,13,60,1,1,1,0.5002816915512085,0.5002816915512085,0.4997183680534363,0.5002816915512085,21,2,3,post_calibration
296,12,21,15,60,1,0,0,0.5005829930305481,0.5005829930305481,0.5005829930305481,0.49941694736480713,21,2,3,post_calibration
296,13,21,16,60,0,0,1,0.5036098957061768,0.5036098957061768,0.5036098957061768,0.49639007449150085,21,2,3,post_calibration
296,14,21,17,60,1,1,1,0.5061130523681641,0.5061130523681641,0.4938869774341583,0.5061130523681641,21,2,3,post_calibration
297,0,21,0,60,1,0,0,0.5020008683204651,0.5020008683204651,0.5020008683204651,0.4979991018772125,21,3,3,zero_shot_paired
297,1,21,1,60,1,1,1,0.5007703900337219,0.5007703900337219,0.4992295801639557,0.5007703900337219,21,3,3,zero_shot_paired
297,2,21,2,60,1,1,1,0.5017711520195007,0.5017711520195007,0.4982288181781769,0.5017711520195007,21,3,3,zero_shot_paired
297,3,21,3,60,0,0,1,0.5027308464050293,0.5027308464050293,0.5027308464050293,0.4972691833972931,21,3,3,zero_shot_paired
297,4,21,4,60,1,1,1,0.5016037821769714,0.5016037821769714,0.49839624762535095,0.5016037821769714,21,3,3,zero_shot_paired
297,5,21,5,60,1,1,1,0.5007903575897217,0.5007903575897217,0.4992096722126007,0.5007903575897217,21,3,3,zero_shot_paired
297,6,21,6,60,1,0,0,0.5008902549743652,0.5008902549743652,0.5008902549743652,0.49910977482795715,21,3,3,zero_shot_paired
297,7,21,7,60,0,0,1,0.501379132270813,0.501379132270813,0.501379132270813,0.498620867729187,21,3,3,zero_shot_paired
297,8,21,8,60,0,0,1,0.5041490197181702,0.5041490197181702,0.5041490197181702,0.49585095047950745,21,3,3,zero_shot_paired
297,9,21,9,60,1,0,0,0.5015048980712891,0.5015048980712891,0.5015048980712891,0.4984951317310333,21,3,3,zero_shot_paired
297,10,21,10,60,1,0,0,0.5030142664909363,0.5030142664909363,0.5030142664909363,0.4969857335090637,21,3,3,zero_shot_paired
297,11,21,11,60,1,0,0,0.5014485716819763,0.5014485716819763,0.5014485716819763,0.49855145812034607,21,3,3,zero_shot_paired
297,12,21,14,60,1,1,1,0.5025107264518738,0.5025107264518738,0.49748921394348145,0.5025107264518738,21,3,3,zero_shot_paired
297,13,21,15,60,1,0,0,0.5017133355140686,0.5017133355140686,0.5017133355140686,0.4982866644859314,21,3,3,zero_shot_paired
297,14,21,17,60,1,1,1,0.5043320059776306,0.5043320059776306,0.4956679940223694,0.5043320059776306,21,3,3,zero_shot_paired
297,0,21,0,60,1,0,0,0.5020360350608826,0.5020360350608826,0.5020360350608826,0.49796396493911743,21,3,3,post_calibration
297,1,21,1,60,1,1,1,0.5008683800697327,0.5008683800697327,0.49913159012794495,0.5008683800697327,21,3,3,post_calibration
297,2,21,2,60,1,1,1,0.5017082691192627,0.5017082691192627,0.4982917904853821,0.5017082691192627,21,3,3,post_calibration
297,3,21,3,60,0,0,1,0.5030428171157837,0.5030428171157837,0.5030428171157837,0.4969571828842163,21,3,3,post_calibration
297,4,21,4,60,1,1,1,0.5014645457267761,0.5014645457267761,0.49853548407554626,0.5014645457267761,21,3,3,post_calibration
297,5,21,5,60,1,1,1,0.500693142414093,0.500693142414093,0.4993068277835846,0.500693142414093,21,3,3,post_calibration
297,6,21,6,60,1,0,0,0.5011258721351624,0.5011258721351624,0.5011258721351624,0.49887409806251526,21,3,3,post_calibration
297,7,21,7,60,0,0,1,0.501706063747406,0.501706063747406,0.501706063747406,0.498293936252594,21,3,3,post_calibration
297,8,21,8,60,0,0,1,0.5043268203735352,0.5043268203735352,0.5043268203735352,0.49567314982414246,21,3,3,post_calibration
297,9,21,9,60,1,0,0,0.5018559694290161,0.5018559694290161,0.5018559694290161,0.4981440305709839,21,3,3,post_calibration
297,10,21,10,60,1,0,0,0.5030627250671387,0.5030627250671387,0.5030627250671387,0.4969373047351837,21,3,3,post_calibration
297,11,21,11,60,1,0,0,0.5017531514167786,0.5017531514167786,0.5017531514167786,0.49824681878089905,21,3,3,post_calibration
297,12,21,14,60,1,1,1,0.5027236938476562,0.5027236938476562,0.4972763657569885,0.5027236938476562,21,3,3,post_calibration
297,13,21,15,60,1,0,0,0.5020353198051453,0.5020353198051453,0.5020353198051453,0.49796465039253235,21,3,3,post_calibration
297,14,21,17,60,1,1,1,0.5041787028312683,0.5041787028312683,0.4958213269710541,0.5041787028312683,21,3,3,post_calibration
298,0,21,0,60,1,0,0,0.5020008683204651,0.5020008683204651,0.5020008683204651,0.4979991018772125,21,4,3,zero_shot_paired
298,1,21,1,60,1,1,1,0.5007703900337219,0.5007703900337219,0.4992295801639557,0.5007703900337219,21,4,3,zero_shot_paired
298,2,21,2,60,1,1,1,0.5017711520195007,0.5017711520195007,0.4982288181781769,0.5017711520195007,21,4,3,zero_shot_paired
298,3,21,3,60,0,0,1,0.5027308464050293,0.5027308464050293,0.5027308464050293,0.4972691833972931,21,4,3,zero_shot_paired
298,4,21,4,60,1,1,1,0.5016037821769714,0.5016037821769714,0.49839624762535095,0.5016037821769714,21,4,3,zero_shot_paired
298,5,21,5,60,1,1,1,0.5007903575897217,0.5007903575897217,0.4992096722126007,0.5007903575897217,21,4,3,zero_shot_paired
298,6,21,6,60,1,0,0,0.5008902549743652,0.5008902549743652,0.5008902549743652,0.49910977482795715,21,4,3,zero_shot_paired
298,7,21,7,60,0,0,1,0.501379132270813,0.501379132270813,0.501379132270813,0.498620867729187,21,4,3,zero_shot_paired
298,8,21,9,60,1,0,0,0.5015048980712891,0.5015048980712891,0.5015048980712891,0.4984951317310333,21,4,3,zero_shot_paired
298,9,21,10,60,1,0,0,0.5030142664909363,0.5030142664909363,0.5030142664909363,0.4969857335090637,21,4,3,zero_shot_paired
298,10,21,11,60,1,0,0,0.5014485716819763,0.5014485716819763,0.5014485716819763,0.49855145812034607,21,4,3,zero_shot_paired
298,11,21,12,60,1,0,0,0.5002524256706238,0.5002524256706238,0.5002524256706238,0.4997476041316986,21,4,3,zero_shot_paired
298,12,21,13,60,1,0,0,0.501187801361084,0.501187801361084,0.501187801361084,0.498812198638916,21,4,3,zero_shot_paired
298,13,21,14,60,1,1,1,0.5025107264518738,0.5025107264518738,0.49748921394348145,0.5025107264518738,21,4,3,zero_shot_paired
298,14,21,16,60,0,0,1,0.5049341917037964,0.5049341917037964,0.5049341917037964,0.495065838098526,21,4,3,zero_shot_paired
298,0,21,0,60,1,0,0,0.5013425350189209,0.5013425350189209,0.5013425350189209,0.4986574649810791,21,4,3,post_calibration
298,1,21,1,60,1,1,1,0.5014467239379883,0.5014467239379883,0.4985533058643341,0.5014467239379883,21,4,3,post_calibration
298,2,21,2,60,1,1,1,0.5033330917358398,0.5033330917358398,0.49666690826416016,0.5033330917358398,21,4,3,post_calibration
298,3,21,3,60,0,0,1,0.5019043684005737,0.5019043684005737,0.5019043684005737,0.49809563159942627,21,4,3,post_calibration
298,4,21,4,60,1,1,1,0.5020033717155457,0.5020033717155457,0.49799662828445435,0.5020033717155457,21,4,3,post_calibration
298,5,21,5,60,1,1,1,0.501843273639679,0.501843273639679,0.49815675616264343,0.501843273639679,21,4,3,post_calibration
298,6,21,6,60,1,1,1,0.5006633400917053,0.5006633400917053,0.49933668971061707,0.5006633400917053,21,4,3,post_calibration
298,7,21,7,60,0,0,1,0.5005851984024048,0.5005851984024048,0.5005851984024048,0.49941474199295044,21,4,3,post_calibration
298,8,21,9,60,1,0,0,0.501541018486023,0.501541018486023,0.501541018486023,0.49845895171165466,21,4,3,post_calibration
298,9,21,10,60,1,0,0,0.5011910200119019,0.5011910200119019,0.5011910200119019,0.49880895018577576,21,4,3,post_calibration
298,10,21,11,60,1,0,0,0.5000261664390564,0.5000261664390564,0.5000261664390564,0.4999738335609436,21,4,3,post_calibration
298,11,21,12,60,1,1,1,0.5014703273773193,0.5014703273773193,0.4985296428203583,0.5014703273773193,21,4,3,post_calibration
298,12,21,13,60,1,1,1,0.5003816485404968,0.5003816485404968,0.4996183514595032,0.5003816485404968,21,4,3,post_calibration
298,13,21,14,60,1,1,1,0.5033003687858582,0.5033003687858582,0.49669963121414185,0.5033003687858582,21,4,3,post_calibration
298,14,21,16,60,0,0,1,0.5048829317092896,0.5048829317092896,0.5048829317092896,0.49511706829071045,21,4,3,post_calibration
299,0,21,0,60,1,0,0,0.5020008683204651,0.5020008683204651,0.5020008683204651,0.4979991018772125,21,5,3,zero_shot_paired
299,1,21,2,60,1,1,1,0.5017711520195007,0.5017711520195007,0.4982288181781769,0.5017711520195007,21,5,3,zero_shot_paired
299,2,21,3,60,0,0,1,0.5027308464050293,0.5027308464050293,0.5027308464050293,0.4972691833972931,21,5,3,zero_shot_paired
299,3,21,5,60,1,1,1,0.5007903575897217,0.5007903575897217,0.4992096722126007,0.5007903575897217,21,5,3,zero_shot_paired
299,4,21,6,60,1,0,0,0.5008902549743652,0.5008902549743652,0.5008902549743652,0.49910977482795715,21,5,3,zero_shot_paired
299,5,21,8,60,0,0,1,0.5041490197181702,0.5041490197181702,0.5041490197181702,0.49585095047950745,21,5,3,zero_shot_paired
299,6,21,9,60,1,0,0,0.5015048980712891,0.5015048980712891,0.5015048980712891,0.4984951317310333,21,5,3,zero_shot_paired
299,7,21,10,60,1,0,0,0.5030142664909363,0.5030142664909363,0.5030142664909363,0.4969857335090637,21,5,3,zero_shot_paired
299,8,21,11,60,1,0,0,0.5014485716819763,0.5014485716819763,0.5014485716819763,0.49855145812034607,21,5,3,zero_shot_paired
299,9,21,12,60,1,0,0,0.5002524256706238,0.5002524256706238,0.5002524256706238,0.4997476041316986,21,5,3,zero_shot_paired
299,10,21,13,60,1,0,0,0.501187801361084,0.501187801361084,0.501187801361084,0.498812198638916,21,5,3,zero_shot_paired
299,11,21,14,60,1,1,1,0.5025107264518738,0.5025107264518738,0.49748921394348145,0.5025107264518738,21,5,3,zero_shot_paired
299,12,21,15,60,1,0,0,0.5017133355140686,0.5017133355140686,0.5017133355140686,0.4982866644859314,21,5,3,zero_shot_paired
299,13,21,16,60,0,0,1,0.5049341917037964,0.5049341917037964,0.5049341917037964,0.495065838098526,21,5,3,zero_shot_paired
299,14,21,17,60,1,1,1,0.5043320059776306,0.5043320059776306,0.4956679940223694,0.5043320059776306,21,5,3,zero_shot_paired
299,0,21,0,60,1,0,0,0.5018949508666992,0.5018949508666992,0.5018949508666992,0.49810507893562317,21,5,3,post_calibration
299,1,21,2,60,1,1,1,0.5022669434547424,0.5022669434547424,0.49773305654525757,0.5022669434547424,21,5,3,post_calibration
299,2,21,3,60,0,0,1,0.5027881860733032,0.5027881860733032,0.5027881860733032,0.4972118139266968,21,5,3,post_calibration
299,3,21,5,60,1,1,1,0.5016551613807678,0.5016551613807678,0.4983448386192322,0.5016551613807678,21,5,3,post_calibration
299,4,21,6,60,1,1,1,0.5000708699226379,0.5000708699226379,0.4999291002750397,0.5000708699226379,21,5,3,post_calibration
299,5,21,8,60,0,0,1,0.5027891993522644,0.5027891993522644,0.5027891993522644,0.4972108006477356,21,5,3,post_calibration
299,6,21,9,60,1,0,0,0.5007106065750122,0.5007106065750122,0.5007106065750122,0.4992893934249878,21,5,3,post_calibration
299,7,21,10,60,1,0,0,0.502548336982727,0.502548336982727,0.502548336982727,0.49745169281959534,21,5,3,post_calibration
299,8,21,11,60,1,0,0,0.5005566477775574,0.5005566477775574,0.5005566477775574,0.49944332242012024,21,5,3,post_calibration
299,9,21,12,60,1,1,1,0.500596821308136,0.500596821308136,0.4994031488895416,0.500596821308136,21,5,3,post_calibration
299,10,21,13,60,1,0,0,0.5007372498512268,0.5007372498512268,0.5007372498512268,0.4992627501487732,21,5,3,post_calibration
299,11,21,14,60,1,1,1,0.5032218098640442,0.5032218098640442,0.4967782199382782,0.5032218098640442,21,5,3,post_calibration
299,12,21,15,60,1,0,0,0.500556230545044,0.500556230545044,0.500556230545044,0.49944376945495605,21,5,3,post_calibration
299,13,21,16,60,0,0,1,0.5041120648384094,0.5041120648384094,0.5041120648384094,0.49588796496391296,21,5,3,post_calibration
299,14,21,17,60,1,1,1,0.5049659609794617,0.5049659609794617,0.49503397941589355,0.5049659609794617,21,5,3,post_calibration
300,0,21,0,60,1,0,0,0.5020008683204651,0.5020008683204651,0.5020008683204651,0.4979991018772125,21,6,3,zero_shot_paired
300,1,21,1,60,1,1,1,0.5007703900337219,0.5007703900337219,0.4992295801639557,0.5007703900337219,21,6,3,zero_shot_paired
300,2,21,4,60,1,1,1,0.5016037821769714,0.5016037821769714,0.49839624762535095,0.5016037821769714,21,6,3,zero_shot_paired
300,3,21,5,60,1,1,1,0.5007903575897217,0.5007903575897217,0.4992096722126007,0.5007903575897217,21,6,3,zero_shot_paired
300,4,21,6,60,1,0,0,0.5008902549743652,0.5008902549743652,0.5008902549743652,0.49910977482795715,21,6,3,zero_shot_paired
300,5,21,7,60,0,0,1,0.501379132270813,0.501379132270813,0.501379132270813,0.498620867729187,21,6,3,zero_shot_paired
300,6,21,8,60,0,0,1,0.5041490197181702,0.5041490197181702,0.5041490197181702,0.49585095047950745,21,6,3,zero_shot_paired
300,7,21,9,60,1,0,0,0.5015048980712891,0.5015048980712891,0.5015048980712891,0.4984951317310333,21,6,3,zero_shot_paired
300,8,21,11,60,1,0,0,0.5014485716819763,0.5014485716819763,0.5014485716819763,0.49855145812034607,21,6,3,zero_shot_paired
300,9,21,12,60,1,0,0,0.5002524256706238,0.5002524256706238,0.5002524256706238,0.4997476041316986,21,6,3,zero_shot_paired
300,10,21,13,60,1,0,0,0.501187801361084,0.501187801361084,0.501187801361084,0.498812198638916,21,6,3,zero_shot_paired
300,11,21,14,60,1,1,1,0.5025107264518738,0.5025107264518738,0.49748921394348145,0.5025107264518738,21,6,3,zero_shot_paired
300,12,21,15,60,1,0,0,0.5017133355140686,0.5017133355140686,0.5017133355140686,0.4982866644859314,21,6,3,zero_shot_paired
300,13,21,16,60,0,0,1,0.5049341917037964,0.5049341917037964,0.5049341917037964,0.495065838098526,21,6,3,zero_shot_paired
300,14,21,17,60,1,1,1,0.5043320059776306,0.5043320059776306,0.4956679940223694,0.5043320059776306,21,6,3,zero_shot_paired
300,0,21,0,60,1,0,0,0.500984787940979,0.500984787940979,0.500984787940979,0.4990151524543762,21,6,3,post_calibration
300,1,21,1,60,1,1,1,0.5017498731613159,0.5017498731613159,0.4982501268386841,0.5017498731613159,21,6,3,post_calibration
300,2,21,4,60,1,1,1,0.5024020671844482,0.5024020671844482,0.49759793281555176,0.5024020671844482,21,6,3,post_calibration
300,3,21,5,60,1,1,1,0.5018939971923828,0.5018939971923828,0.4981060326099396,0.5018939971923828,21,6,3,post_calibration
300,4,21,6,60,1,1,1,0.5000115633010864,0.5000115633010864,0.49998846650123596,0.5000115633010864,21,6,3,post_calibration
300,5,21,7,60,0,0,1,0.5002714991569519,0.5002714991569519,0.5002714991569519,0.4997284412384033,21,6,3,post_calibration
300,6,21,8,60,0,0,1,0.5033169388771057,0.5033169388771057,0.5033169388771057,0.4966830611228943,21,6,3,post_calibration
300,7,21,9,60,1,0,0,0.5008412599563599,0.5008412599563599,0.5008412599563599,0.49915874004364014,21,6,3,post_calibration
300,8,21,11,60,1,0,0,0.5010063648223877,0.5010063648223877,0.5010063648223877,0.4989936351776123,21,6,3,post_calibration
300,9,21,12,60,1,1,1,0.500423789024353,0.500423789024353,0.4995761811733246,0.500423789024353,21,6,3,post_calibration
300,10,21,13,60,1,0,0,0.5006025433540344,0.5006025433540344,0.5006025433540344,0.4993974268436432,21,6,3,post_calibration
300,11,21,14,60,1,1,1,0.503362238407135,0.503362238407135,0.496637761592865,0.503362238407135,21,6,3,post_calibration
300,12,21,15,60,1,0,0,0.5013125538825989,0.5013125538825989,0.5013125538825989,0.4986874759197235,21,6,3,post_calibration
300,13,21,16,60,0,0,1,0.5041528940200806,0.5041528940200806,0.5041528940200806,0.49584707617759705,21,6,3,post_calibration
300,14,21,17,60,1,1,1,0.5051281452178955,0.5051281452178955,0.4948718547821045,0.5051281452178955,21,6,3,post_calibration
301,0,21,0,60,1,0,0,0.5020008683204651,0.5020008683204651,0.5020008683204651,0.4979991018772125,21,1,6,zero_shot_paired
301,1,21,1,60,1,1,1,0.5007703900337219,0.5007703900337219,0.4992295801639557,0.5007703900337219,21,1,6,zero_shot_paired
301,2,21,2,60,1,1,1,0.5017711520195007,0.5017711520195007,0.4982288181781769,0.5017711520195007,21,1,6,zero_shot_paired
301,3,21,3,60,0,0,1,0.5027308464050293,0.5027308464050293,0.5027308464050293,0.4972691833972931,21,1,6,zero_shot_paired
301,4,21,5,60,1,1,1,0.5007903575897217,0.5007903575897217,0.4992096722126007,0.5007903575897217,21,1,6,zero_shot_paired
301,5,21,7,60,0,0,1,0.501379132270813,0.501379132270813,0.501379132270813,0.498620867729187,21,1,6,zero_shot_paired
301,6,21,9,60,1,0,0,0.5015048980712891,0.5015048980712891,0.5015048980712891,0.4984951317310333,21,1,6,zero_shot_paired
301,7,21,13,60,1,0,0,0.501187801361084,0.501187801361084,0.501187801361084,0.498812198638916,21,1,6,zero_shot_paired
301,8,21,14,60,1,1,1,0.5025107264518738,0.5025107264518738,0.49748921394348145,0.5025107264518738,21,1,6,zero_shot_paired
301,9,21,15,60,1,0,0,0.5017133355140686,0.5017133355140686,0.5017133355140686,0.4982866644859314,21,1,6,zero_shot_paired
301,10,21,16,60,0,0,1,0.5049341917037964,0.5049341917037964,0.5049341917037964,0.495065838098526,21,1,6,zero_shot_paired
301,11,21,17,60,1,1,1,0.5043320059776306,0.5043320059776306,0.4956679940223694,0.5043320059776306,21,1,6,zero_shot_paired
301,0,21,0,60,1,0,0,0.5005601048469543,0.5005601048469543,0.5005601048469543,0.49943989515304565,21,1,6,post_calibration
301,1,21,1,60,1,1,1,0.503148078918457,0.503148078918457,0.4968518912792206,0.503148078918457,21,1,6,post_calibration
301,2,21,2,60,1,1,1,0.5054604411125183,0.5054604411125183,0.4945395588874817,0.5054604411125183,21,1,6,post_calibration
301,3,21,3,60,0,0,1,0.5001979470252991,0.5001979470252991,0.5001979470252991,0.49980199337005615,21,1,6,post_calibration
301,4,21,5,60,1,1,1,0.5042654871940613,0.5042654871940613,0.4957345128059387,0.5042654871940613,21,1,6,post_calibration
301,5,21,7,60,0,1,0,0.5007419586181641,0.5007419586181641,0.49925801157951355,0.5007419586181641,21,1,6,post_calibration
301,6,21,9,60,1,0,0,0.5012848377227783,0.5012848377227783,0.5012848377227783,0.4987151026725769,21,1,6,post_calibration
301,7,21,13,60,1,1,1,0.5024819374084473,0.5024819374084473,0.4975181221961975,0.5024819374084473,21,1,6,post_calibration
301,8,21,14,60,1,1,1,0.5050880908966064,0.5050880908966064,0.49491193890571594,0.5050880908966064,21,1,6,post_calibration
301,9,21,15,60,1,0,0,0.5014905333518982,0.5014905333518982,0.5014905333518982,0.4985094368457794,21,1,6,post_calibration
301,10,21,16,60,0,0,1,0.5039730072021484,0.5039730072021484,0.5039730072021484,0.49602699279785156,21,1,6,post_calibration
301,11,21,17,60,1,1,1,0.5091763734817505,0.5091763734817505,0.4908236265182495,0.5091763734817505,21,1,6,post_calibration
302,0,21,1,60,1,1,1,0.5007703900337219,0.5007703900337219,0.4992295801639557,0.5007703900337219,21,2,6,zero_shot_paired
302,1,21,4,60,1,1,1,0.5016037821769714,0.5016037821769714,0.49839624762535095,0.5016037821769714,21,2,6,zero_shot_paired
302,2,21,5,60,1,1,1,0.5007903575897217,0.5007903575897217,0.4992096722126007,0.5007903575897217,21,2,6,zero_shot_paired
302,3,21,6,60,1,0,0,0.5008902549743652,0.5008902549743652,0.5008902549743652,0.49910977482795715,21,2,6,zero_shot_paired
302,4,21,7,60,0,0,1,0.501379132270813,0.501379132270813,0.501379132270813,0.498620867729187,21,2,6,zero_shot_paired
302,5,21,8,60,0,0,1,0.5041490197181702,0.5041490197181702,0.5041490197181702,0.49585095047950745,21,2,6,zero_shot_paired
302,6,21,10,60,1,0,0,0.5030142664909363,0.5030142664909363,0.5030142664909363,0.4969857335090637,21,2,6,zero_shot_paired
302,7,21,11,60,1,0,0,0.5014485716819763,0.5014485716819763,0.5014485716819763,0.49855145812034607,21,2,6,zero_shot_paired
302,8,21,12,60,1,0,0,0.5002524256706238,0.5002524256706238,0.5002524256706238,0.4997476041316986,21,2,6,zero_shot_paired
302,9,21,13,60,1,0,0,0.501187801361084,0.501187801361084,0.501187801361084,0.498812198638916,21,2,6,zero_shot_paired
302,10,21,14,60,1,1,1,0.5025107264518738,0.5025107264518738,0.49748921394348145,0.5025107264518738,21,2,6,zero_shot_paired
302,11,21,17,60,1,1,1,0.5043320059776306,0.5043320059776306,0.4956679940223694,0.5043320059776306,21,2,6,zero_shot_paired
302,0,21,1,60,1,1,1,0.5015988945960999,0.5015988945960999,0.49840113520622253,0.5015988945960999,21,2,6,post_calibration
302,1,21,4,60,1,1,1,0.5026532411575317,0.5026532411575317,0.4973467290401459,0.5026532411575317,21,2,6,post_calibration
302,2,21,5,60,1,1,1,0.5018347501754761,0.5018347501754761,0.4981652498245239,0.5018347501754761,21,2,6,post_calibration
302,3,21,6,60,1,1,1,0.5004034638404846,0.5004034638404846,0.4995965361595154,0.5004034638404846,21,2,6,post_calibration
302,4,21,7,60,0,0,1,0.5003257989883423,0.5003257989883423,0.5003257989883423,0.4996742308139801,21,2,6,post_calibration
302,5,21,8,60,0,0,1,0.5024529099464417,0.5024529099464417,0.5024529099464417,0.49754709005355835,21,2,6,post_calibration
302,6,21,10,60,1,0,0,0.5024465918540955,0.5024465918540955,0.5024465918540955,0.49755337834358215,21,2,6,post_calibration
302,7,21,11,60,1,0,0,0.5004845261573792,0.5004845261573792,0.5004845261573792,0.49951550364494324,21,2,6,post_calibration
302,8,21,12,60,1,0,0,0.5000523328781128,0.5000523328781128,0.5000523328781128,0.4999476373195648,21,2,6,post_calibration
302,9,21,13,60,1,0,0,0.5003522038459778,0.5003522038459778,0.5003522038459778,0.4996478259563446,21,2,6,post_calibration
302,10,21,14,60,1,1,1,0.5037204027175903,0.5037204027175903,0.4962795674800873,0.5037204027175903,21,2,6,post_calibration
302,11,21,17,60,1,1,1,0.5051688551902771,0.5051688551902771,0.4948311448097229,0.5051688551902771,21,2,6,post_calibration
303,0,21,0,60,1,0,0,0.5020008683204651,0.5020008683204651,0.5020008683204651,0.4979991018772125,21,3,6,zero_shot_paired
303,1,21,2,60,1,1,1,0.5017711520195007,0.5017711520195007,0.4982288181781769,0.5017711520195007,21,3,6,zero_shot_paired
303,2,21,3,60,0,0,1,0.5027308464050293,0.5027308464050293,0.5027308464050293,0.4972691833972931,21,3,6,zero_shot_paired
303,3,21,4,60,1,1,1,0.5016037821769714,0.5016037821769714,0.49839624762535095,0.5016037821769714,21,3,6,zero_shot_paired
303,4,21,6,60,1,0,0,0.5008902549743652,0.5008902549743652,0.5008902549743652,0.49910977482795715,21,3,6,zero_shot_paired
303,5,21,8,60,0,0,1,0.5041490197181702,0.5041490197181702,0.5041490197181702,0.49585095047950745,21,3,6,zero_shot_paired
303,6,21,9,60,1,0,0,0.5015048980712891,0.5015048980712891,0.5015048980712891,0.4984951317310333,21,3,6,zero_shot_paired
303,7,21,10,60,1,0,0,0.5030142664909363,0.5030142664909363,0.5030142664909363,0.4969857335090637,21,3,6,zero_shot_paired
303,8,21,11,60,1,0,0,0.5014485716819763,0.5014485716819763,0.5014485716819763,0.49855145812034607,21,3,6,zero_shot_paired
303,9,21,12,60,1,0,0,0.5002524256706238,0.5002524256706238,0.5002524256706238,0.4997476041316986,21,3,6,zero_shot_paired
303,10,21,15,60,1,0,0,0.5017133355140686,0.5017133355140686,0.5017133355140686,0.4982866644859314,21,3,6,zero_shot_paired
303,11,21,16,60,0,0,1,0.5049341917037964,0.5049341917037964,0.5049341917037964,0.495065838098526,21,3,6,zero_shot_paired
303,0,21,0,60,1,1,1,0.5002368092536926,0.5002368092536926,0.49976322054862976,0.5002368092536926,21,3,6,post_calibration
303,1,21,2,60,1,1,1,0.5062513947486877,0.5062513947486877,0.49374860525131226,0.5062513947486877,21,3,6,post_calibration
303,2,21,3,60,0,1,0,0.5003436803817749,0.5003436803817749,0.4996563494205475,0.5003436803817749,21,3,6,post_calibration
303,3,21,4,60,1,1,1,0.5038019418716431,0.5038019418716431,0.49619805812835693,0.5038019418716431,21,3,6,post_calibration
303,4,21,6,60,1,1,1,0.503923773765564,0.503923773765564,0.49607622623443604,0.503923773765564,21,3,6,post_calibration
303,5,21,8,60,0,0,1,0.5024914741516113,0.5024914741516113,0.5024914741516113,0.4975084662437439,21,3,6,post_calibration
303,6,21,9,60,1,0,0,0.5008798241615295,0.5008798241615295,0.5008798241615295,0.49912014603614807,21,3,6,post_calibration
303,7,21,10,60,1,0,0,0.5003294348716736,0.5003294348716736,0.5003294348716736,0.4996706247329712,21,3,6,post_calibration
303,8,21,11,60,1,1,1,0.5019181966781616,0.5019181966781616,0.498081773519516,0.5019181966781616,21,3,6,post_calibration
303,9,21,12,60,1,1,1,0.5043178796768188,0.5043178796768188,0.49568215012550354,0.5043178796768188,21,3,6,post_calibration
303,10,21,15,60,1,0,0,0.5011810660362244,0.5011810660362244,0.5011810660362244,0.498818963766098,21,3,6,post_calibration
303,11,21,16,60,0,0,1,0.5043838024139404,0.5043838024139404,0.5043838024139404,0.49561622738838196,21,3,6,post_calibration
304,0,21,2,60,1,1,1,0.5017711520195007,0.5017711520195007,0.4982288181781769,0.5017711520195007,21,1,9,zero_shot_paired
304,1,21,3,60,0,0,1,0.5027307868003845,0.5027307868003845,0.5027307868003845,0.4972691833972931,21,1,9,zero_shot_paired
304,2,21,6,60,1,0,0,0.5008903741836548,0.5008903741836548,0.5008903741836548,0.4991096556186676,21,1,9,zero_shot_paired
304,3,21,8,60,0,0,1,0.5041490197181702,0.5041490197181702,0.5041490197181702,0.49585095047950745,21,1,9,zero_shot_paired
304,4,21,9,60,1,0,0,0.5015048980712891,0.5015048980712891,0.5015048980712891,0.4984951317310333,21,1,9,zero_shot_paired
304,5,21,11,60,1,0,0,0.5014486908912659,0.5014486908912659,0.5014486908912659,0.49855127930641174,21,1,9,zero_shot_paired
304,6,21,12,60,1,0,0,0.5002523064613342,0.5002523064613342,0.5002523064613342,0.4997476637363434,21,1,9,zero_shot_paired
304,7,21,15,60,1,0,0,0.5017133951187134,0.5017133951187134,0.5017133951187134,0.49828657507896423,21,1,9,zero_shot_paired
304,8,21,17,60,1,1,1,0.5043321251869202,0.5043321251869202,0.49566781520843506,0.5043321251869202,21,1,9,zero_shot_paired
304,0,21,2,60,1,1,1,0.5036633610725403,0.5036633610725403,0.49633660912513733,0.5036633610725403,21,1,9,post_calibration
304,1,21,3,60,0,0,1,0.5009655356407166,0.5009655356407166,0.5009655356407166,0.49903449416160583,21,1,9,post_calibration
304,2,21,6,60,1,1,1,0.5016235113143921,0.5016235113143921,0.4983764886856079,0.5016235113143921,21,1,9,post_calibration
304,3,21,8,60,0,0,1,0.5034037828445435,0.5034037828445435,0.5034037828445435,0.49659621715545654,21,1,9,post_calibration
304,4,21,9,60,1,0,0,0.501250684261322,0.501250684261322,0.501250684261322,0.498749315738678,21,1,9,post_calibration
304,5,21,11,60,1,1,1,0.5003546476364136,0.5003546476364136,0.49964532256126404,0.5003546476364136,21,1,9,post_calibration
304,6,21,12,60,1,1,1,0.5015146136283875,0.5015146136283875,0.49848538637161255,0.5015146136283875,21,1,9,post_calibration
304,7,21,15,60,1,0,0,0.5011261701583862,0.5011261701583862,0.5011261701583862,0.498873770236969,21,1,9,post_calibration
304,8,21,17,60,1,1,1,0.5064487457275391,0.5064487457275391,0.4935513138771057,0.5064487457275391,21,1,9,post_calibration
305,0,21,0,60,1,0,0,0.5020008683204651,0.5020008683204651,0.5020008683204651,0.4979991018772125,21,2,9,zero_shot_paired
305,1,21,1,60,1,1,1,0.5007702112197876,0.5007702112197876,0.4992297887802124,0.5007702112197876,21,2,9,zero_shot_paired
305,2,21,4,60,1,1,1,0.5016037821769714,0.5016037821769714,0.49839624762535095,0.5016037821769714,21,2,9,zero_shot_paired
305,3,21,5,60,1,1,1,0.5007904171943665,0.5007904171943665,0.49920955300331116,0.5007904171943665,21,2,9,zero_shot_paired
305,4,21,7,60,0,0,1,0.501379132270813,0.501379132270813,0.501379132270813,0.498620867729187,21,2,9,zero_shot_paired
305,5,21,10,60,1,0,0,0.5030143857002258,0.5030143857002258,0.5030143857002258,0.49698564410209656,21,2,9,zero_shot_paired
305,6,21,13,60,1,0,0,0.5011877417564392,0.5011877417564392,0.5011877417564392,0.4988122284412384,21,2,9,zero_shot_paired
305,7,21,14,60,1,1,1,0.5025107860565186,0.5025107860565186,0.49748921394348145,0.5025107860565186,21,2,9,zero_shot_paired
305,8,21,16,60,0,0,1,0.5049342513084412,0.5049342513084412,0.5049342513084412,0.49506571888923645,21,2,9,zero_shot_paired
305,0,21,0,60,1,0,0,0.5008072257041931,0.5008072257041931,0.5008072257041931,0.4991927742958069,21,2,9,post_calibration
305,1,21,1,60,1,1,1,0.5023887753486633,0.5023887753486633,0.49761128425598145,0.5023887753486633,21,2,9,post_calibration
305,2,21,4,60,1,1,1,0.5033329129219055,0.5033329129219055,0.4966670870780945,0.5033329129219055,21,2,9,post_calibration
305,3,21,5,60,1,1,1,0.5028318166732788,0.5028318166732788,0.4971681833267212,0.5028318166732788,21,2,9,post_calibration
305,4,21,7,60,0,1,0,0.5004811882972717,0.5004811882972717,0.49951881170272827,0.5004811882972717,21,2,9,post_calibration
305,5,21,10,60,1,0,0,0.5003430247306824,0.5003430247306824,0.5003430247306824,0.49965694546699524,21,2,9,post_calibration
305,6,21,13,60,1,1,1,0.5013455152511597,0.5013455152511597,0.4986545443534851,0.5013455152511597,21,2,9,post_calibration
305,7,21,14,60,1,1,1,0.5048660039901733,0.5048660039901733,0.4951339662075043,0.5048660039901733,21,2,9,post_calibration
305,8,21,16,60,0,0,1,0.5037676692008972,0.5037676692008972,0.5037676692008972,0.49623239040374756,21,2,9,post_calibration
306,0,21,4,60,1,1,1,0.5016033053398132,0.5016033053398132,0.4983966648578644,0.5016033053398132,21,1,12,zero_shot_paired
306,1,21,6,60,1,0,0,0.5008907914161682,0.5008907914161682,0.5008907914161682,0.4991092085838318,21,1,12,zero_shot_paired
306,2,21,7,60,0,0,1,0.5013771057128906,0.5013771057128906,0.5013771057128906,0.4986228346824646,21,1,12,zero_shot_paired
306,3,21,11,60,1,0,0,0.501449704170227,0.501449704170227,0.501449704170227,0.49855029582977295,21,1,12,zero_shot_paired
306,4,21,14,60,1,1,1,0.5025100111961365,0.5025100111961365,0.4974899888038635,0.5025100111961365,21,1,12,zero_shot_paired
306,5,21,15,60,1,0,0,0.5017139911651611,0.5017139911651611,0.5017139911651611,0.49828603863716125,21,1,12,zero_shot_paired
306,0,21,4,60,1,1,1,0.5033925175666809,0.5033925175666809,0.4966074824333191,0.5033925175666809,21,1,12,post_calibration
306,1,21,6,60,1,1,1,0.5019837617874146,0.5019837617874146,0.49801626801490784,0.5019837617874146,21,1,12,post_calibration
306,2,21,7,60,0,1,0,0.5009288191795349,0.5009288191795349,0.4990711808204651,0.5009288191795349,21,1,12,post_calibration
306,3,21,11,60,1,1,1,0.5009373426437378,0.5009373426437378,0.49906259775161743,0.5009373426437378,21,1,12,post_calibration
306,4,21,14,60,1,1,1,0.5041491985321045,0.5041491985321045,0.4958508014678955,0.5041491985321045,21,1,12,post_calibration
306,5,21,15,60,1,0,0,0.5011045336723328,0.5011045336723328,0.5011045336723328,0.49889543652534485,21,1,12,post_calibration
307,0,21,0,60,1,0,0,0.5019978880882263,0.5019978880882263,0.5019978880882263,0.4980021119117737,21,2,12,zero_shot_paired
307,1,21,8,60,0,0,1,0.5041489601135254,0.5041489601135254,0.5041489601135254,0.4958510398864746,21,2,12,zero_shot_paired
307,2,21,9,60,1,0,0,0.5015048980712891,0.5015048980712891,0.5015048980712891,0.4984951317310333,21,2,12,zero_shot_paired
307,3,21,14,60,1,1,1,0.5025100111961365,0.5025100111961365,0.4974899888038635,0.5025100111961365,21,2,12,zero_shot_paired
307,4,21,15,60,1,0,0,0.5017139911651611,0.5017139911651611,0.5017139911651611,0.49828603863716125,21,2,12,zero_shot_paired
307,5,21,17,60,1,1,1,0.5043314695358276,0.5043314695358276,0.49566850066185,0.5043314695358276,21,2,12,zero_shot_paired
307,0,21,0,60,1,0,0,0.5001159310340881,0.5001159310340881,0.5001159310340881,0.49988406896591187,21,2,12,post_calibration
307,1,21,8,60,0,0,1,0.5027083158493042,0.5027083158493042,0.5027083158493042,0.4972916543483734,21,2,12,post_calibration
307,2,21,9,60,1,0,0,0.5009633302688599,0.5009633302688599,0.5009633302688599,0.49903666973114014,21,2,12,post_calibration
307,3,21,14,60,1,1,1,0.5052245259284973,0.5052245259284973,0.4947754740715027,0.5052245259284973,21,2,12,post_calibration
307,4,21,15,60,1,0,0,0.5009385943412781,0.5009385943412781,0.5009385943412781,0.4990614056587219,21,2,12,post_calibration
307,5,21,17,60,1,1,1,0.5095751285552979,0.5095751285552979,0.49042490124702454,0.5095751285552979,21,2,12,post_calibration
308,0,21,1,60,1,1,1,0.5007714033126831,0.5007714033126831,0.4992285668849945,0.5007714033126831,21,3,12,zero_shot_paired
308,1,21,5,60,1,1,1,0.500788688659668,0.500788688659668,0.4992113411426544,0.500788688659668,21,3,12,zero_shot_paired
308,2,21,6,60,1,0,0,0.5008907914161682,0.5008907914161682,0.5008907914161682,0.4991092085838318,21,3,12,zero_shot_paired
308,3,21,7,60,0,0,1,0.5013771057128906,0.5013771057128906,0.5013771057128906,0.4986228346824646,21,3,12,zero_shot_paired
308,4,21,10,60,1,0,0,0.5030133724212646,0.5030133724212646,0.5030133724212646,0.49698659777641296,21,3,12,zero_shot_paired
308,5,21,13,60,1,0,0,0.5011892914772034,0.5011892914772034,0.5011892914772034,0.49881067872047424,21,3,12,zero_shot_paired
308,0,21,1,60,1,1,1,0.5016579031944275,0.5016579031944275,0.4983420670032501,0.5016579031944275,21,3,12,post_calibration
308,1,21,5,60,1,1,1,0.5024082660675049,0.5024082660675049,0.4975917637348175,0.5024082660675049,21,3,12,post_calibration
308,2,21,6,60,1,1,1,0.5015801787376404,0.5015801787376404,0.4984198808670044,0.5015801787376404,21,3,12,post_calibration
308,3,21,7,60,0,1,0,0.5006744265556335,0.5006744265556335,0.49932557344436646,0.5006744265556335,21,3,12,post_calibration
308,4,21,10,60,1,0,0,0.5008919835090637,0.5008919835090637,0.5008919835090637,0.4991080164909363,21,3,12,post_calibration
308,5,21,13,60,1,1,1,0.501366913318634,0.501366913318634,0.49863311648368835,0.501366913318634,21,3,12,post_calibration
23,0,22,0,60,1,1,1,0.5054759383201599,0.5054759383201599,0.4945240318775177,0.5054759383201599,22,,,zero_shot_all_trials
23,1,22,1,60,1,1,1,0.5060769319534302,0.5060769319534302,0.49392303824424744,0.5060769319534302,22,,,zero_shot_all_trials
23,2,22,2,60,1,1,1,0.5009901523590088,0.5009901523590088,0.4990098774433136,0.5009901523590088,22,,,zero_shot_all_trials
23,3,22,3,60,0,0,1,0.5051616430282593,0.5051616430282593,0.5051616430282593,0.49483832716941833,22,,,zero_shot_all_trials
23,4,22,4,60,1,1,1,0.5011542439460754,0.5011542439460754,0.49884575605392456,0.5011542439460754,22,,,zero_shot_all_trials
23,5,22,5,60,1,1,1,0.5011401772499084,0.5011401772499084,0.49885988235473633,0.5011401772499084,22,,,zero_shot_all_trials
23,6,22,6,60,1,1,1,0.5025997757911682,0.5025997757911682,0.4974002242088318,0.5025997757911682,22,,,zero_shot_all_trials
23,7,22,7,60,0,0,1,0.5013567209243774,0.5013567209243774,0.5013567209243774,0.49864333868026733,22,,,zero_shot_all_trials
23,8,22,8,60,0,1,0,0.5023623108863831,0.5023623108863831,0.49763762950897217,0.5023623108863831,22,,,zero_shot_all_trials
23,9,22,9,60,0,1,0,0.5060542821884155,0.5060542821884155,0.49394574761390686,0.5060542821884155,22,,,zero_shot_all_trials
23,10,22,10,60,1,0,0,0.5000911951065063,0.5000911951065063,0.5000911951065063,0.49990880489349365,22,,,zero_shot_all_trials
23,11,22,11,60,1,1,1,0.507754385471344,0.507754385471344,0.4922455847263336,0.507754385471344,22,,,zero_shot_all_trials
23,12,22,12,60,1,1,1,0.5022081136703491,0.5022081136703491,0.4977918565273285,0.5022081136703491,22,,,zero_shot_all_trials
23,13,22,13,60,0,1,0,0.5021131634712219,0.5021131634712219,0.4978868067264557,0.5021131634712219,22,,,zero_shot_all_trials
23,14,22,14,60,0,0,1,0.5001065731048584,0.5001065731048584,0.5001065731048584,0.4998934268951416,22,,,zero_shot_all_trials
23,15,22,15,60,1,1,1,0.5052438378334045,0.5052438378334045,0.49475619196891785,0.5052438378334045,22,,,zero_shot_all_trials
23,16,22,16,60,0,1,0,0.500095784664154,0.500095784664154,0.49990415573120117,0.500095784664154,22,,,zero_shot_all_trials
23,17,22,17,60,0,0,1,0.5018309950828552,0.5018309950828552,0.5018309950828552,0.49816903471946716,22,,,zero_shot_all_trials
309,0,22,0,60,1,1,1,0.5054759383201599,0.5054759383201599,0.4945240318775177,0.5054759383201599,22,1,3,zero_shot_paired
309,1,22,1,60,1,1,1,0.5060768723487854,0.5060768723487854,0.4939231276512146,0.5060768723487854,22,1,3,zero_shot_paired
309,2,22,3,60,0,0,1,0.5051616430282593,0.5051616430282593,0.5051616430282593,0.49483832716941833,22,1,3,zero_shot_paired
309,3,22,4,60,1,1,1,0.501154363155365,0.501154363155365,0.4988456666469574,0.501154363155365,22,1,3,zero_shot_paired
309,4,22,5,60,1,1,1,0.5011401176452637,0.5011401176452637,0.49885988235473633,0.5011401176452637,22,1,3,zero_shot_paired
309,5,22,6,60,1,1,1,0.5025998950004578,0.5025998950004578,0.4974001348018646,0.5025998950004578,22,1,3,zero_shot_paired
309,6,22,7,60,0,0,1,0.5013567805290222,0.5013567805290222,0.5013567805290222,0.4986432194709778,22,1,3,zero_shot_paired
309,7,22,9,60,0,1,0,0.5060542225837708,0.5060542225837708,0.49394580721855164,0.5060542225837708,22,1,3,zero_shot_paired
309,8,22,10,60,1,0,0,0.5000908970832825,0.5000908970832825,0.5000908970832825,0.49990904331207275,22,1,3,zero_shot_paired
309,9,22,11,60,1,1,1,0.507754385471344,0.507754385471344,0.4922455847263336,0.507754385471344,22,1,3,zero_shot_paired
309,10,22,12,60,1,1,1,0.5022081732749939,0.5022081732749939,0.4977918565273285,0.5022081732749939,22,1,3,zero_shot_paired
309,11,22,13,60,0,1,0,0.5021131634712219,0.5021131634712219,0.4978868067264557,0.5021131634712219,22,1,3,zero_shot_paired
309,12,22,14,60,0,0,1,0.5001065731048584,0.5001065731048584,0.5001065731048584,0.4998933970928192,22,1,3,zero_shot_paired
309,13,22,16,60,0,1,0,0.5000958442687988,0.5000958442687988,0.49990415573120117,0.5000958442687988,22,1,3,zero_shot_paired
309,14,22,17,60,0,0,1,0.5018309950828552,0.5018309950828552,0.5018309950828552,0.49816903471946716,22,1,3,zero_shot_paired
309,0,22,0,60,1,1,1,0.5054852366447449,0.5054852366447449,0.4945147633552551,0.5054852366447449,22,1,3,post_calibration
309,1,22,1,60,1,1,1,0.5060883164405823,0.5060883164405823,0.4939116835594177,0.5060883164405823,22,1,3,post_calibration
309,2,22,3,60,0,0,1,0.5052884817123413,0.5052884817123413,0.5052884817123413,0.49471157789230347,22,1,3,post_calibration
309,3,22,4,60,1,1,1,0.5012109279632568,0.5012109279632568,0.49878910183906555,0.5012109279632568,22,1,3,post_calibration
309,4,22,5,60,1,1,1,0.5013413429260254,0.5013413429260254,0.4986586272716522,0.5013413429260254,22,1,3,post_calibration
309,5,22,6,60,1,1,1,0.5022624135017395,0.5022624135017395,0.4977376163005829,0.5022624135017395,22,1,3,post_calibration
309,6,22,7,60,0,0,1,0.501390814781189,0.501390814781189,0.501390814781189,0.49860918521881104,22,1,3,post_calibration
309,7,22,9,60,0,1,0,0.5060585737228394,0.5060585737228394,0.49394139647483826,0.5060585737228394,22,1,3,post_calibration
309,8,22,10,60,1,1,1,0.5004388689994812,0.5004388689994812,0.4995611310005188,0.5004388689994812,22,1,3,post_calibration
309,9,22,11,60,1,1,1,0.508389949798584,0.508389949798584,0.4916100800037384,0.508389949798584,22,1,3,post_calibration
309,10,22,12,60,1,1,1,0.5029948353767395,0.5029948353767395,0.4970051646232605,0.5029948353767395,22,1,3,post_calibration
309,11,22,13,60,0,1,0,0.5028940439224243,0.5028940439224243,0.4971059560775757,0.5028940439224243,22,1,3,post_calibration
309,12,22,14,60,0,1,0,0.5000227689743042,0.5000227689743042,0.4999772012233734,0.5000227689743042,22,1,3,post_calibration
309,13,22,16,60,0,1,0,0.5003873109817505,0.5003873109817505,0.4996127188205719,0.5003873109817505,22,1,3,post_calibration
309,14,22,17,60,0,0,1,0.5017973780632019,0.5017973780632019,0.5017973780632019,0.4982026517391205,22,1,3,post_calibration
310,0,22,0,60,1,1,1,0.5054759383201599,0.5054759383201599,0.4945240318775177,0.5054759383201599,22,2,3,zero_shot_paired
310,1,22,2,60,1,1,1,0.5009901523590088,0.5009901523590088,0.4990098178386688,0.5009901523590088,22,2,3,zero_shot_paired
310,2,22,3,60,0,0,1,0.5051616430282593,0.5051616430282593,0.5051616430282593,0.49483832716941833,22,2,3,zero_shot_paired
310,3,22,4,60,1,1,1,0.501154363155365,0.501154363155365,0.4988456666469574,0.501154363155365,22,2,3,zero_shot_paired
310,4,22,5,60,1,1,1,0.5011401176452637,0.5011401176452637,0.49885988235473633,0.5011401176452637,22,2,3,zero_shot_paired
310,5,22,6,60,1,1,1,0.5025998950004578,0.5025998950004578,0.4974001348018646,0.5025998950004578,22,2,3,zero_shot_paired
310,6,22,8,60,0,1,0,0.5023623108863831,0.5023623108863831,0.49763762950897217,0.5023623108863831,22,2,3,zero_shot_paired
310,7,22,9,60,0,1,0,0.5060542225837708,0.5060542225837708,0.49394580721855164,0.5060542225837708,22,2,3,zero_shot_paired
310,8,22,10,60,1,0,0,0.5000908970832825,0.5000908970832825,0.5000908970832825,0.49990904331207275,22,2,3,zero_shot_paired
310,9,22,11,60,1,1,1,0.507754385471344,0.507754385471344,0.4922455847263336,0.507754385471344,22,2,3,zero_shot_paired
310,10,22,13,60,0,1,0,0.5021131634712219,0.5021131634712219,0.4978868067264557,0.5021131634712219,22,2,3,zero_shot_paired
310,11,22,14,60,0,0,1,0.5001065731048584,0.5001065731048584,0.5001065731048584,0.4998933970928192,22,2,3,zero_shot_paired
310,12,22,15,60,1,1,1,0.5052437782287598,0.5052437782287598,0.49475619196891785,0.5052437782287598,22,2,3,zero_shot_paired
310,13,22,16,60,0,1,0,0.5000958442687988,0.5000958442687988,0.49990415573120117,0.5000958442687988,22,2,3,zero_shot_paired
310,14,22,17,60,0,0,1,0.5018309950828552,0.5018309950828552,0.5018309950828552,0.49816903471946716,22,2,3,zero_shot_paired
310,0,22,0,60,1,1,1,0.5054108500480652,0.5054108500480652,0.4945891499519348,0.5054108500480652,22,2,3,post_calibration
310,1,22,2,60,1,1,1,0.5011206269264221,0.5011206269264221,0.49887940287590027,0.5011206269264221,22,2,3,post_calibration
310,2,22,3,60,0,0,1,0.5051996111869812,0.5051996111869812,0.5051996111869812,0.4948003590106964,22,2,3,post_calibration
310,3,22,4,60,1,1,1,0.5012514591217041,0.5012514591217041,0.4987485408782959,0.5012514591217041,22,2,3,post_calibration
310,4,22,5,60,1,1,1,0.5013102293014526,0.5013102293014526,0.4986897110939026,0.5013102293014526,22,2,3,post_calibration
310,5,22,6,60,1,1,1,0.5028721690177917,0.5028721690177917,0.49712786078453064,0.5028721690177917,22,2,3,post_calibration
310,6,22,8,60,0,1,0,0.5026735663414001,0.5026735663414001,0.49732643365859985,0.5026735663414001,22,2,3,post_calibration
310,7,22,9,60,0,1,0,0.5062354803085327,0.5062354803085327,0.49376457929611206,0.5062354803085327,22,2,3,post_calibration
310,8,22,10,60,1,0,0,0.5001254081726074,0.5001254081726074,0.5001254081726074,0.4998745918273926,22,2,3,post_calibration
310,9,22,11,60,1,1,1,0.5081911087036133,0.5081911087036133,0.49180886149406433,0.5081911087036133,22,2,3,post_calibration
310,10,22,13,60,0,1,0,0.502792477607727,0.502792477607727,0.49720752239227295,0.502792477607727,22,2,3,post_calibration
310,11,22,14,60,0,0,1,0.5000655055046082,0.5000655055046082,0.5000655055046082,0.49993452429771423,22,2,3,post_calibration
310,12,22,15,60,1,1,1,0.5050274133682251,0.5050274133682251,0.4949725866317749,0.5050274133682251,22,2,3,post_calibration
310,13,22,16,60,0,1,0,0.5009338855743408,0.5009338855743408,0.49906614422798157,0.5009338855743408,22,2,3,post_calibration
310,14,22,17,60,0,0,1,0.5015813112258911,0.5015813112258911,0.5015813112258911,0.4984186887741089,22,2,3,post_calibration
311,0,22,0,60,1,1,1,0.5054759383201599,0.5054759383201599,0.4945240318775177,0.5054759383201599,22,3,3,zero_shot_paired
311,1,22,1,60,1,1,1,0.5060768723487854,0.5060768723487854,0.4939231276512146,0.5060768723487854,22,3,3,zero_shot_paired
311,2,22,2,60,1,1,1,0.5009901523590088,0.5009901523590088,0.4990098178386688,0.5009901523590088,22,3,3,zero_shot_paired
311,3,22,3,60,0,0,1,0.5051616430282593,0.5051616430282593,0.5051616430282593,0.49483832716941833,22,3,3,zero_shot_paired
311,4,22,5,60,1,1,1,0.5011401176452637,0.5011401176452637,0.49885988235473633,0.5011401176452637,22,3,3,zero_shot_paired
311,5,22,6,60,1,1,1,0.5025998950004578,0.5025998950004578,0.4974001348018646,0.5025998950004578,22,3,3,zero_shot_paired
311,6,22,7,60,0,0,1,0.5013567805290222,0.5013567805290222,0.5013567805290222,0.4986432194709778,22,3,3,zero_shot_paired
311,7,22,8,60,0,1,0,0.5023623108863831,0.5023623108863831,0.49763762950897217,0.5023623108863831,22,3,3,zero_shot_paired
311,8,22,10,60,1,0,0,0.5000908970832825,0.5000908970832825,0.5000908970832825,0.49990904331207275,22,3,3,zero_shot_paired
311,9,22,11,60,1,1,1,0.507754385471344,0.507754385471344,0.4922455847263336,0.507754385471344,22,3,3,zero_shot_paired
311,10,22,12,60,1,1,1,0.5022081732749939,0.5022081732749939,0.4977918565273285,0.5022081732749939,22,3,3,zero_shot_paired
311,11,22,14,60,0,0,1,0.5001065731048584,0.5001065731048584,0.5001065731048584,0.4998933970928192,22,3,3,zero_shot_paired
311,12,22,15,60,1,1,1,0.5052437782287598,0.5052437782287598,0.49475619196891785,0.5052437782287598,22,3,3,zero_shot_paired
311,13,22,16,60,0,1,0,0.5000958442687988,0.5000958442687988,0.49990415573120117,0.5000958442687988,22,3,3,zero_shot_paired
311,14,22,17,60,0,0,1,0.5018309950828552,0.5018309950828552,0.5018309950828552,0.49816903471946716,22,3,3,zero_shot_paired
311,0,22,0,60,1,1,1,0.5052106976509094,0.5052106976509094,0.49478933215141296,0.5052106976509094,22,3,3,post_calibration
311,1,22,1,60,1,1,1,0.5054856538772583,0.5054856538772583,0.4945143163204193,0.5054856538772583,22,3,3,post_calibration
311,2,22,2,60,1,1,1,0.5003429055213928,0.5003429055213928,0.4996570646762848,0.5003429055213928,22,3,3,post_calibration
311,3,22,3,60,0,0,1,0.5051215887069702,0.5051215887069702,0.5051215887069702,0.4948784410953522,22,3,3,post_calibration
311,4,22,5,60,1,1,1,0.5009093284606934,0.5009093284606934,0.49909070134162903,0.5009093284606934,22,3,3,post_calibration
311,5,22,6,60,1,1,1,0.5024986267089844,0.5024986267089844,0.4975013732910156,0.5024986267089844,22,3,3,post_calibration
311,6,22,7,60,0,0,1,0.5016664862632751,0.5016664862632751,0.5016664862632751,0.49833348393440247,22,3,3,post_calibration
311,7,22,8,60,0,1,0,0.5020747780799866,0.5020747780799866,0.49792519211769104,0.5020747780799866,22,3,3,post_calibration
311,8,22,10,60,1,0,0,0.5006306171417236,0.5006306171417236,0.5006306171417236,0.49936938285827637,22,3,3,post_calibration
311,9,22,11,60,1,1,1,0.5073063969612122,0.5073063969612122,0.49269360303878784,0.5073063969612122,22,3,3,post_calibration
311,10,22,12,60,1,1,1,0.5003842711448669,0.5003842711448669,0.49961575865745544,0.5003842711448669,22,3,3,post_calibration
311,11,22,14,60,0,0,1,0.5014457702636719,0.5014457702636719,0.5014457702636719,0.49855419993400574,22,3,3,post_calibration
311,12,22,15,60,1,1,1,0.5043332576751709,0.5043332576751709,0.4956668019294739,0.5043332576751709,22,3,3,post_calibration
311,13,22,16,60,0,0,1,0.5013717412948608,0.5013717412948608,0.5013717412948608,0.49862825870513916,22,3,3,post_calibration
311,14,22,17,60,0,0,1,0.5023135542869568,0.5023135542869568,0.5023135542869568,0.4976864457130432,22,3,3,post_calibration
312,0,22,1,60,1,1,1,0.5060768723487854,0.5060768723487854,0.4939231276512146,0.5060768723487854,22,4,3,zero_shot_paired
312,1,22,2,60,1,1,1,0.5009901523590088,0.5009901523590088,0.4990098178386688,0.5009901523590088,22,4,3,zero_shot_paired
312,2,22,3,60,0,0,1,0.5051616430282593,0.5051616430282593,0.5051616430282593,0.49483832716941833,22,4,3,zero_shot_paired
312,3,22,4,60,1,1,1,0.501154363155365,0.501154363155365,0.4988456666469574,0.501154363155365,22,4,3,zero_shot_paired
312,4,22,5,60,1,1,1,0.5011401176452637,0.5011401176452637,0.49885988235473633,0.5011401176452637,22,4,3,zero_shot_paired
312,5,22,6,60,1,1,1,0.5025998950004578,0.5025998950004578,0.4974001348018646,0.5025998950004578,22,4,3,zero_shot_paired
312,6,22,7,60,0,0,1,0.5013567805290222,0.5013567805290222,0.5013567805290222,0.4986432194709778,22,4,3,zero_shot_paired
312,7,22,8,60,0,1,0,0.5023623108863831,0.5023623108863831,0.49763762950897217,0.5023623108863831,22,4,3,zero_shot_paired
312,8,22,9,60,0,1,0,0.5060542225837708,0.5060542225837708,0.49394580721855164,0.5060542225837708,22,4,3,zero_shot_paired
312,9,22,11,60,1,1,1,0.507754385471344,0.507754385471344,0.4922455847263336,0.507754385471344,22,4,3,zero_shot_paired
312,10,22,12,60,1,1,1,0.5022081732749939,0.5022081732749939,0.4977918565273285,0.5022081732749939,22,4,3,zero_shot_paired
312,11,22,13,60,0,1,0,0.5021131634712219,0.5021131634712219,0.4978868067264557,0.5021131634712219,22,4,3,zero_shot_paired
312,12,22,14,60,0,0,1,0.5001065731048584,0.5001065731048584,0.5001065731048584,0.4998933970928192,22,4,3,zero_shot_paired
312,13,22,15,60,1,1,1,0.5052437782287598,0.5052437782287598,0.49475619196891785,0.5052437782287598,22,4,3,zero_shot_paired
312,14,22,17,60,0,0,1,0.5018309950828552,0.5018309950828552,0.5018309950828552,0.49816903471946716,22,4,3,zero_shot_paired
312,0,22,1,60,1,1,1,0.5059340000152588,0.5059340000152588,0.4940659999847412,0.5059340000152588,22,4,3,post_calibration
312,1,22,2,60,1,1,1,0.5011115670204163,0.5011115670204163,0.49888843297958374,0.5011115670204163,22,4,3,post_calibration
312,2,22,3,60,0,0,1,0.5048907399177551,0.5048907399177551,0.5048907399177551,0.4951092302799225,22,4,3,post_calibration
312,3,22,4,60,1,1,1,0.501018762588501,0.501018762588501,0.498981237411499,0.501018762588501,22,4,3,post_calibration
312,4,22,5,60,1,1,1,0.5013095736503601,0.5013095736503601,0.4986904263496399,0.5013095736503601,22,4,3,post_calibration
312,5,22,6,60,1,1,1,0.5023118853569031,0.5023118853569031,0.4976881146430969,0.5023118853569031,22,4,3,post_calibration
312,6,22,7,60,0,0,1,0.5014004111289978,0.5014004111289978,0.5014004111289978,0.4985996186733246,22,4,3,post_calibration
312,7,22,8,60,0,1,0,0.5021795630455017,0.5021795630455017,0.4978204369544983,0.5021795630455017,22,4,3,post_calibration
312,8,22,9,60,0,1,0,0.5059840083122253,0.5059840083122253,0.49401599168777466,0.5059840083122253,22,4,3,post_calibration
312,9,22,11,60,1,1,1,0.5076172351837158,0.5076172351837158,0.49238282442092896,0.5076172351837158,22,4,3,post_calibration
312,10,22,12,60,1,1,1,0.5022095441818237,0.5022095441818237,0.4977904260158539,0.5022095441818237,22,4,3,post_calibration
312,11,22,13,60,0,1,0,0.5017837285995483,0.5017837285995483,0.4982162415981293,0.5017837285995483,22,4,3,post_calibration
312,12,22,14,60,0,0,1,0.5003458857536316,0.5003458857536316,0.5003458857536316,0.4996541440486908,22,4,3,post_calibration
312,13,22,15,60,1,1,1,0.5053876042366028,0.5053876042366028,0.494612455368042,0.5053876042366028,22,4,3,post_calibration
312,14,22,17,60,0,0,1,0.5017785429954529,0.5017785429954529,0.5017785429954529,0.49822142720222473,22,4,3,post_calibration
313,0,22,0,60,1,1,1,0.5054759383201599,0.5054759383201599,0.4945240318775177,0.5054759383201599,22,5,3,zero_shot_paired
313,1,22,1,60,1,1,1,0.5060768723487854,0.5060768723487854,0.4939231276512146,0.5060768723487854,22,5,3,zero_shot_paired
313,2,22,2,60,1,1,1,0.5009901523590088,0.5009901523590088,0.4990098178386688,0.5009901523590088,22,5,3,zero_shot_paired
313,3,22,4,60,1,1,1,0.501154363155365,0.501154363155365,0.4988456666469574,0.501154363155365,22,5,3,zero_shot_paired
313,4,22,6,60,1,1,1,0.5025998950004578,0.5025998950004578,0.4974001348018646,0.5025998950004578,22,5,3,zero_shot_paired
313,5,22,7,60,0,0,1,0.5013567805290222,0.5013567805290222,0.5013567805290222,0.4986432194709778,22,5,3,zero_shot_paired
313,6,22,8,60,0,1,0,0.5023623108863831,0.5023623108863831,0.49763762950897217,0.5023623108863831,22,5,3,zero_shot_paired
313,7,22,9,60,0,1,0,0.5060542225837708,0.5060542225837708,0.49394580721855164,0.5060542225837708,22,5,3,zero_shot_paired
313,8,22,10,60,1,0,0,0.5000908970832825,0.5000908970832825,0.5000908970832825,0.49990904331207275,22,5,3,zero_shot_paired
313,9,22,12,60,1,1,1,0.5022081732749939,0.5022081732749939,0.4977918565273285,0.5022081732749939,22,5,3,zero_shot_paired
313,10,22,13,60,0,1,0,0.5021131634712219,0.5021131634712219,0.4978868067264557,0.5021131634712219,22,5,3,zero_shot_paired
313,11,22,14,60,0,0,1,0.5001065731048584,0.5001065731048584,0.5001065731048584,0.4998933970928192,22,5,3,zero_shot_paired
313,12,22,15,60,1,1,1,0.5052437782287598,0.5052437782287598,0.49475619196891785,0.5052437782287598,22,5,3,zero_shot_paired
313,13,22,16,60,0,1,0,0.5000958442687988,0.5000958442687988,0.49990415573120117,0.5000958442687988,22,5,3,zero_shot_paired
313,14,22,17,60,0,0,1,0.5018309950828552,0.5018309950828552,0.5018309950828552,0.49816903471946716,22,5,3,zero_shot_paired
313,0,22,0,60,1,1,1,0.5053467154502869,0.5053467154502869,0.49465325474739075,0.5053467154502869,22,5,3,post_calibration
313,1,22,1,60,1,1,1,0.506052553653717,0.506052553653717,0.49394744634628296,0.506052553653717,22,5,3,post_calibration
313,2,22,2,60,1,1,1,0.5007352232933044,0.5007352232933044,0.49926480650901794,0.5007352232933044,22,5,3,post_calibration
313,3,22,4,60,1,1,1,0.5010687708854675,0.5010687708854675,0.4989311993122101,0.5010687708854675,22,5,3,post_calibration
313,4,22,6,60,1,1,1,0.5024803876876831,0.5024803876876831,0.4975195825099945,0.5024803876876831,22,5,3,post_calibration
313,5,22,7,60,0,0,1,0.5014557242393494,0.5014557242393494,0.5014557242393494,0.49854424595832825,22,5,3,post_calibration
313,6,22,8,60,0,1,0,0.5023710131645203,0.5023710131645203,0.49762898683547974,0.5023710131645203,22,5,3,post_calibration
313,7,22,9,60,0,1,0,0.5061008334159851,0.5061008334159851,0.4938991367816925,0.5061008334159851,22,5,3,post_calibration
313,8,22,10,60,1,0,0,0.500113844871521,0.500113844871521,0.500113844871521,0.4998861253261566,22,5,3,post_calibration
313,9,22,12,60,1,1,1,0.5028236508369446,0.5028236508369446,0.4971763789653778,0.5028236508369446,22,5,3,post_calibration
313,10,22,13,60,0,1,0,0.5023239254951477,0.5023239254951477,0.4976760745048523,0.5023239254951477,22,5,3,post_calibration
313,11,22,14,60,0,0,1,0.5001819133758545,0.5001819133758545,0.5001819133758545,0.4998180866241455,22,5,3,post_calibration
313,12,22,15,60,1,1,1,0.5056610703468323,0.5056610703468323,0.49433889985084534,0.5056610703468323,22,5,3,post_calibration
313,13,22,16,60,0,1,0,0.5002882480621338,0.5002882480621338,0.4997117221355438,0.5002882480621338,22,5,3,post_calibration
313,14,22,17,60,0,0,1,0.5015122294425964,0.5015122294425964,0.5015122294425964,0.49848777055740356,22,5,3,post_calibration
314,0,22,0,60,1,1,1,0.5054759383201599,0.5054759383201599,0.4945240318775177,0.5054759383201599,22,6,3,zero_shot_paired
314,1,22,1,60,1,1,1,0.5060768723487854,0.5060768723487854,0.4939231276512146,0.5060768723487854,22,6,3,zero_shot_paired
314,2,22,2,60,1,1,1,0.5009901523590088,0.5009901523590088,0.4990098178386688,0.5009901523590088,22,6,3,zero_shot_paired
314,3,22,3,60,0,0,1,0.5051616430282593,0.5051616430282593,0.5051616430282593,0.49483832716941833,22,6,3,zero_shot_paired
314,4,22,4,60,1,1,1,0.501154363155365,0.501154363155365,0.4988456666469574,0.501154363155365,22,6,3,zero_shot_paired
314,5,22,5,60,1,1,1,0.5011401176452637,0.5011401176452637,0.49885988235473633,0.5011401176452637,22,6,3,zero_shot_paired
314,6,22,7,60,0,0,1,0.5013567805290222,0.5013567805290222,0.5013567805290222,0.4986432194709778,22,6,3,zero_shot_paired
314,7,22,8,60,0,1,0,0.5023623108863831,0.5023623108863831,0.49763762950897217,0.5023623108863831,22,6,3,zero_shot_paired
314,8,22,9,60,0,1,0,0.5060542225837708,0.5060542225837708,0.49394580721855164,0.5060542225837708,22,6,3,zero_shot_paired
314,9,22,10,60,1,0,0,0.5000908970832825,0.5000908970832825,0.5000908970832825,0.49990904331207275,22,6,3,zero_shot_paired
314,10,22,11,60,1,1,1,0.507754385471344,0.507754385471344,0.4922455847263336,0.507754385471344,22,6,3,zero_shot_paired
314,11,22,12,60,1,1,1,0.5022081732749939,0.5022081732749939,0.4977918565273285,0.5022081732749939,22,6,3,zero_shot_paired
314,12,22,13,60,0,1,0,0.5021131634712219,0.5021131634712219,0.4978868067264557,0.5021131634712219,22,6,3,zero_shot_paired
314,13,22,15,60,1,1,1,0.5052437782287598,0.5052437782287598,0.49475619196891785,0.5052437782287598,22,6,3,zero_shot_paired
314,14,22,16,60,0,1,0,0.5000958442687988,0.5000958442687988,0.49990415573120117,0.5000958442687988,22,6,3,zero_shot_paired
314,0,22,0,60,1,1,1,0.5055981278419495,0.5055981278419495,0.49440184235572815,0.5055981278419495,22,6,3,post_calibration
314,1,22,1,60,1,1,1,0.505806565284729,0.505806565284729,0.4941933751106262,0.505806565284729,22,6,3,post_calibration
314,2,22,2,60,1,1,1,0.5010958313941956,0.5010958313941956,0.49890419840812683,0.5010958313941956,22,6,3,post_calibration
314,3,22,3,60,0,0,1,0.5049832463264465,0.5049832463264465,0.5049832463264465,0.49501678347587585,22,6,3,post_calibration
314,4,22,4,60,1,1,1,0.501002848148346,0.501002848148346,0.49899715185165405,0.501002848148346,22,6,3,post_calibration
314,5,22,5,60,1,1,1,0.5008529424667358,0.5008529424667358,0.4991470277309418,0.5008529424667358,22,6,3,post_calibration
314,6,22,7,60,0,0,1,0.501583456993103,0.501583456993103,0.501583456993103,0.49841657280921936,22,6,3,post_calibration
314,7,22,8,60,0,1,0,0.5025231838226318,0.5025231838226318,0.49747681617736816,0.5025231838226318,22,6,3,post_calibration
314,8,22,9,60,0,1,0,0.5055498480796814,0.5055498480796814,0.494450181722641,0.5055498480796814,22,6,3,post_calibration
314,9,22,10,60,1,1,1,0.5002418160438538,0.5002418160438538,0.49975818395614624,0.5002418160438538,22,6,3,post_calibration
314,10,22,11,60,1,1,1,0.5077003240585327,0.5077003240585327,0.4922996759414673,0.5077003240585327,22,6,3,post_calibration
314,11,22,12,60,1,1,1,0.5026381611824036,0.5026381611824036,0.49736183881759644,0.5026381611824036,22,6,3,post_calibration
314,12,22,13,60,0,1,0,0.5026608109474182,0.5026608109474182,0.497339129447937,0.5026608109474182,22,6,3,post_calibration
314,13,22,15,60,1,1,1,0.5054087042808533,0.5054087042808533,0.4945913255214691,0.5054087042808533,22,6,3,post_calibration
314,14,22,16,60,0,1,0,0.5003100037574768,0.5003100037574768,0.4996899664402008,0.5003100037574768,22,6,3,post_calibration
315,0,22,0,60,1,1,1,0.5054759383201599,0.5054759383201599,0.4945240318775177,0.5054759383201599,22,1,6,zero_shot_paired
315,1,22,1,60,1,1,1,0.5060768723487854,0.5060768723487854,0.4939231276512146,0.5060768723487854,22,1,6,zero_shot_paired
315,2,22,2,60,1,1,1,0.5009901523590088,0.5009901523590088,0.4990098178386688,0.5009901523590088,22,1,6,zero_shot_paired
315,3,22,3,60,0,0,1,0.5051616430282593,0.5051616430282593,0.5051616430282593,0.49483832716941833,22,1,6,zero_shot_paired
315,4,22,7,60,0,0,1,0.5013567805290222,0.5013567805290222,0.5013567805290222,0.4986432194709778,22,1,6,zero_shot_paired
315,5,22,8,60,0,1,0,0.5023623108863831,0.5023623108863831,0.49763762950897217,0.5023623108863831,22,1,6,zero_shot_paired
315,6,22,10,60,1,0,0,0.5000908970832825,0.5000908970832825,0.5000908970832825,0.49990904331207275,22,1,6,zero_shot_paired
315,7,22,11,60,1,1,1,0.507754385471344,0.507754385471344,0.4922455847263336,0.507754385471344,22,1,6,zero_shot_paired
315,8,22,12,60,1,1,1,0.5022081732749939,0.5022081732749939,0.4977918565273285,0.5022081732749939,22,1,6,zero_shot_paired
315,9,22,13,60,0,1,0,0.5021131634712219,0.5021131634712219,0.4978868067264557,0.5021131634712219,22,1,6,zero_shot_paired
315,10,22,14,60,0,0,1,0.5001065731048584,0.5001065731048584,0.5001065731048584,0.4998933970928192,22,1,6,zero_shot_paired
315,11,22,15,60,1,1,1,0.5052437782287598,0.5052437782287598,0.49475619196891785,0.5052437782287598,22,1,6,zero_shot_paired
315,0,22,0,60,1,1,1,0.5054987668991089,0.5054987668991089,0.4945012927055359,0.5054987668991089,22,1,6,post_calibration
315,1,22,1,60,1,1,1,0.5063174366950989,0.5063174366950989,0.4936825633049011,0.5063174366950989,22,1,6,post_calibration
315,2,22,2,60,1,1,1,0.5018922090530396,0.5018922090530396,0.4981078505516052,0.5018922090530396,22,1,6,post_calibration
315,3,22,3,60,0,0,1,0.5045157670974731,0.5045157670974731,0.5045157670974731,0.49548426270484924,22,1,6,post_calibration
315,4,22,7,60,0,0,1,0.5012279748916626,0.5012279748916626,0.5012279748916626,0.4987720251083374,22,1,6,post_calibration
315,5,22,8,60,0,1,0,0.5035108923912048,0.5035108923912048,0.49648910760879517,0.5035108923912048,22,1,6,post_calibration
315,6,22,10,60,1,1,1,0.5000432729721069,0.5000432729721069,0.49995675683021545,0.5000432729721069,22,1,6,post_calibration
315,7,22,11,60,1,1,1,0.5076579451560974,0.5076579451560974,0.4923420548439026,0.5076579451560974,22,1,6,post_calibration
315,8,22,12,60,1,1,1,0.5018870830535889,0.5018870830535889,0.49811288714408875,0.5018870830535889,22,1,6,post_calibration
315,9,22,13,60,0,1,0,0.5017682313919067,0.5017682313919067,0.49823176860809326,0.5017682313919067,22,1,6,post_calibration
315,10,22,14,60,0,0,1,0.5000256299972534,0.5000256299972534,0.5000256299972534,0.4999743700027466,22,1,6,post_calibration
315,11,22,15,60,1,1,1,0.5051916241645813,0.5051916241645813,0.4948084056377411,0.5051916241645813,22,1,6,post_calibration
316,0,22,0,60,1,1,1,0.5054759383201599,0.5054759383201599,0.4945240318775177,0.5054759383201599,22,2,6,zero_shot_paired
316,1,22,2,60,1,1,1,0.5009901523590088,0.5009901523590088,0.4990098178386688,0.5009901523590088,22,2,6,zero_shot_paired
316,2,22,4,60,1,1,1,0.501154363155365,0.501154363155365,0.4988456666469574,0.501154363155365,22,2,6,zero_shot_paired
316,3,22,5,60,1,1,1,0.5011401176452637,0.5011401176452637,0.49885988235473633,0.5011401176452637,22,2,6,zero_shot_paired
316,4,22,6,60,1,1,1,0.5025998950004578,0.5025998950004578,0.4974001348018646,0.5025998950004578,22,2,6,zero_shot_paired
316,5,22,7,60,0,0,1,0.5013567805290222,0.5013567805290222,0.5013567805290222,0.4986432194709778,22,2,6,zero_shot_paired
316,6,22,9,60,0,1,0,0.5060542225837708,0.5060542225837708,0.49394580721855164,0.5060542225837708,22,2,6,zero_shot_paired
316,7,22,13,60,0,1,0,0.5021131634712219,0.5021131634712219,0.4978868067264557,0.5021131634712219,22,2,6,zero_shot_paired
316,8,22,14,60,0,0,1,0.5001065731048584,0.5001065731048584,0.5001065731048584,0.4998933970928192,22,2,6,zero_shot_paired
316,9,22,15,60,1,1,1,0.5052437782287598,0.5052437782287598,0.49475619196891785,0.5052437782287598,22,2,6,zero_shot_paired
316,10,22,16,60,0,1,0,0.5000958442687988,0.5000958442687988,0.49990415573120117,0.5000958442687988,22,2,6,zero_shot_paired
316,11,22,17,60,0,0,1,0.5018309950828552,0.5018309950828552,0.5018309950828552,0.49816903471946716,22,2,6,zero_shot_paired
316,0,22,0,60,1,1,1,0.5057432651519775,0.5057432651519775,0.49425673484802246,0.5057432651519775,22,2,6,post_calibration
316,1,22,2,60,1,1,1,0.5010514259338379,0.5010514259338379,0.4989486038684845,0.5010514259338379,22,2,6,post_calibration
316,2,22,4,60,1,1,1,0.5010455846786499,0.5010455846786499,0.4989544153213501,0.5010455846786499,22,2,6,post_calibration
316,3,22,5,60,1,1,1,0.5014309883117676,0.5014309883117676,0.4985690414905548,0.5014309883117676,22,2,6,post_calibration
316,4,22,6,60,1,1,1,0.5030467510223389,0.5030467510223389,0.49695324897766113,0.5030467510223389,22,2,6,post_calibration
316,5,22,7,60,0,0,1,0.5010280609130859,0.5010280609130859,0.5010280609130859,0.49897193908691406,22,2,6,post_calibration
316,6,22,9,60,0,1,0,0.5068786144256592,0.5068786144256592,0.49312135577201843,0.5068786144256592,22,2,6,post_calibration
316,7,22,13,60,0,1,0,0.5033890604972839,0.5033890604972839,0.4966109097003937,0.5033890604972839,22,2,6,post_calibration
316,8,22,14,60,0,0,1,0.5001046657562256,0.5001046657562256,0.5001046657562256,0.4998953342437744,22,2,6,post_calibration
316,9,22,15,60,1,1,1,0.5065144896507263,0.5065144896507263,0.49348556995391846,0.5065144896507263,22,2,6,post_calibration
316,10,22,16,60,0,1,0,0.5012798309326172,0.5012798309326172,0.4987201988697052,0.5012798309326172,22,2,6,post_calibration
316,11,22,17,60,0,0,1,0.5011033415794373,0.5011033415794373,0.5011033415794373,0.49889668822288513,22,2,6,post_calibration
317,0,22,1,60,1,1,1,0.5060768723487854,0.5060768723487854,0.4939231276512146,0.5060768723487854,22,3,6,zero_shot_paired
317,1,22,3,60,0,0,1,0.5051616430282593,0.5051616430282593,0.5051616430282593,0.49483832716941833,22,3,6,zero_shot_paired
317,2,22,4,60,1,1,1,0.501154363155365,0.501154363155365,0.4988456666469574,0.501154363155365,22,3,6,zero_shot_paired
317,3,22,5,60,1,1,1,0.5011401176452637,0.5011401176452637,0.49885988235473633,0.5011401176452637,22,3,6,zero_shot_paired
317,4,22,6,60,1,1,1,0.5025998950004578,0.5025998950004578,0.4974001348018646,0.5025998950004578,22,3,6,zero_shot_paired
317,5,22,8,60,0,1,0,0.5023623108863831,0.5023623108863831,0.49763762950897217,0.5023623108863831,22,3,6,zero_shot_paired
317,6,22,9,60,0,1,0,0.5060542225837708,0.5060542225837708,0.49394580721855164,0.5060542225837708,22,3,6,zero_shot_paired
317,7,22,10,60,1,0,0,0.5000908970832825,0.5000908970832825,0.5000908970832825,0.49990904331207275,22,3,6,zero_shot_paired
317,8,22,11,60,1,1,1,0.507754385471344,0.507754385471344,0.4922455847263336,0.507754385471344,22,3,6,zero_shot_paired
317,9,22,12,60,1,1,1,0.5022081732749939,0.5022081732749939,0.4977918565273285,0.5022081732749939,22,3,6,zero_shot_paired
317,10,22,16,60,0,1,0,0.5000958442687988,0.5000958442687988,0.49990415573120117,0.5000958442687988,22,3,6,zero_shot_paired
317,11,22,17,60,0,0,1,0.5018309950828552,0.5018309950828552,0.5018309950828552,0.49816903471946716,22,3,6,zero_shot_paired
317,0,22,1,60,1,1,1,0.5063108205795288,0.5063108205795288,0.4936891794204712,0.5063108205795288,22,3,6,post_calibration
317,1,22,3,60,0,0,1,0.5049656629562378,0.5049656629562378,0.5049656629562378,0.4950343370437622,22,3,6,post_calibration
317,2,22,4,60,1,1,1,0.5012845396995544,0.5012845396995544,0.49871546030044556,0.5012845396995544,22,3,6,post_calibration
317,3,22,5,60,1,1,1,0.5011078119277954,0.5011078119277954,0.498892217874527,0.5011078119277954,22,3,6,post_calibration
317,4,22,6,60,1,1,1,0.5029042363166809,0.5029042363166809,0.4970957040786743,0.5029042363166809,22,3,6,post_calibration
317,5,22,8,60,0,1,0,0.5031396746635437,0.5031396746635437,0.4968603551387787,0.5031396746635437,22,3,6,post_calibration
317,6,22,9,60,0,1,0,0.506199836730957,0.506199836730957,0.4938001334667206,0.506199836730957,22,3,6,post_calibration
317,7,22,10,60,1,1,1,0.5002319812774658,0.5002319812774658,0.4997679889202118,0.5002319812774658,22,3,6,post_calibration
317,8,22,11,60,1,1,1,0.5082986950874329,0.5082986950874329,0.49170130491256714,0.5082986950874329,22,3,6,post_calibration
317,9,22,12,60,1,1,1,0.501384437084198,0.501384437084198,0.4986155927181244,0.501384437084198,22,3,6,post_calibration
317,10,22,16,60,0,0,1,0.5009605884552002,0.5009605884552002,0.5009605884552002,0.4990393817424774,22,3,6,post_calibration
317,11,22,17,60,0,0,1,0.5023261308670044,0.5023261308670044,0.5023261308670044,0.4976738691329956,22,3,6,post_calibration
318,0,22,1,60,1,1,1,0.506076991558075,0.506076991558075,0.49392300844192505,0.506076991558075,22,1,9,zero_shot_paired
318,1,22,2,60,1,1,1,0.5009901523590088,0.5009901523590088,0.4990098178386688,0.5009901523590088,22,1,9,zero_shot_paired
318,2,22,4,60,1,1,1,0.5011543035507202,0.5011543035507202,0.4988457262516022,0.5011543035507202,22,1,9,zero_shot_paired
318,3,22,8,60,0,1,0,0.5023623704910278,0.5023623704910278,0.49763762950897217,0.5023623704910278,22,1,9,zero_shot_paired
318,4,22,10,60,1,0,0,0.5000911355018616,0.5000911355018616,0.5000911355018616,0.49990880489349365,22,1,9,zero_shot_paired
318,5,22,14,60,0,0,1,0.5001065731048584,0.5001065731048584,0.5001065731048584,0.4998933970928192,22,1,9,zero_shot_paired
318,6,22,15,60,1,1,1,0.5052437782287598,0.5052437782287598,0.4947562515735626,0.5052437782287598,22,1,9,zero_shot_paired
318,7,22,16,60,0,1,0,0.5000954866409302,0.5000954866409302,0.49990445375442505,0.5000954866409302,22,1,9,zero_shot_paired
318,8,22,17,60,0,0,1,0.5018309950828552,0.5018309950828552,0.5018309950828552,0.49816903471946716,22,1,9,zero_shot_paired
318,0,22,1,60,1,1,1,0.5062417387962341,0.5062417387962341,0.49375826120376587,0.5062417387962341,22,1,9,post_calibration
318,1,22,2,60,1,1,1,0.5011354088783264,0.5011354088783264,0.49886462092399597,0.5011354088783264,22,1,9,post_calibration
318,2,22,4,60,1,1,1,0.5008156895637512,0.5008156895637512,0.4991843104362488,0.5008156895637512,22,1,9,post_calibration
318,3,22,8,60,0,1,0,0.5027183294296265,0.5027183294296265,0.49728167057037354,0.5027183294296265,22,1,9,post_calibration
318,4,22,10,60,1,1,1,0.500508189201355,0.500508189201355,0.499491810798645,0.500508189201355,22,1,9,post_calibration
318,5,22,14,60,0,0,1,0.5012082457542419,0.5012082457542419,0.5012082457542419,0.49879175424575806,22,1,9,post_calibration
318,6,22,15,60,1,1,1,0.506115198135376,0.506115198135376,0.493884801864624,0.506115198135376,22,1,9,post_calibration
318,7,22,16,60,0,1,0,0.5011941194534302,0.5011941194534302,0.4988058805465698,0.5011941194534302,22,1,9,post_calibration
318,8,22,17,60,0,0,1,0.5018708109855652,0.5018708109855652,0.5018708109855652,0.4981292188167572,22,1,9,post_calibration
319,0,22,0,60,1,1,1,0.5054759979248047,0.5054759979248047,0.4945240020751953,0.5054759979248047,22,2,9,zero_shot_paired
319,1,22,3,60,0,0,1,0.505161702632904,0.505161702632904,0.505161702632904,0.49483826756477356,22,2,9,zero_shot_paired
319,2,22,5,60,1,1,1,0.5011401176452637,0.5011401176452637,0.49885988235473633,0.5011401176452637,22,2,9,zero_shot_paired
319,3,22,6,60,1,1,1,0.5025997757911682,0.5025997757911682,0.4974002242088318,0.5025997757911682,22,2,9,zero_shot_paired
319,4,22,7,60,0,0,1,0.5013567805290222,0.5013567805290222,0.5013567805290222,0.4986432194709778,22,2,9,zero_shot_paired
319,5,22,9,60,0,1,0,0.5060542225837708,0.5060542225837708,0.49394580721855164,0.5060542225837708,22,2,9,zero_shot_paired
319,6,22,11,60,1,1,1,0.5077543258666992,0.5077543258666992,0.49224570393562317,0.5077543258666992,22,2,9,zero_shot_paired
319,7,22,12,60,1,1,1,0.5022081136703491,0.5022081136703491,0.4977918565273285,0.5022081136703491,22,2,9,zero_shot_paired
319,8,22,13,60,0,1,0,0.5021132230758667,0.5021132230758667,0.4978867471218109,0.5021132230758667,22,2,9,zero_shot_paired
319,0,22,0,60,1,1,1,0.5056821703910828,0.5056821703910828,0.49431779980659485,0.5056821703910828,22,2,9,post_calibration
319,1,22,3,60,0,0,1,0.5054277181625366,0.5054277181625366,0.5054277181625366,0.49457231163978577,22,2,9,post_calibration
319,2,22,5,60,1,1,1,0.5011422038078308,0.5011422038078308,0.4988577961921692,0.5011422038078308,22,2,9,post_calibration
319,3,22,6,60,1,1,1,0.502217173576355,0.502217173576355,0.4977828562259674,0.502217173576355,22,2,9,post_calibration
319,4,22,7,60,0,0,1,0.5021325349807739,0.5021325349807739,0.5021325349807739,0.4978674352169037,22,2,9,post_calibration
319,5,22,9,60,0,1,0,0.5058302879333496,0.5058302879333496,0.4941697120666504,0.5058302879333496,22,2,9,post_calibration
319,6,22,11,60,1,1,1,0.5079280138015747,0.5079280138015747,0.4920720160007477,0.5079280138015747,22,2,9,post_calibration
319,7,22,12,60,1,1,1,0.5015956163406372,0.5015956163406372,0.4984044134616852,0.5015956163406372,22,2,9,post_calibration
319,8,22,13,60,0,1,0,0.5014979243278503,0.5014979243278503,0.49850210547447205,0.5014979243278503,22,2,9,post_calibration
320,0,22,1,60,1,1,1,0.5060768723487854,0.5060768723487854,0.4939230978488922,0.5060768723487854,22,1,12,zero_shot_paired
320,1,22,2,60,1,1,1,0.5009899735450745,0.5009899735450745,0.49901002645492554,0.5009899735450745,22,1,12,zero_shot_paired
320,2,22,4,60,1,1,1,0.5011539459228516,0.5011539459228516,0.4988460838794708,0.5011539459228516,22,1,12,zero_shot_paired
320,3,22,7,60,0,0,1,0.5013555288314819,0.5013555288314819,0.5013555288314819,0.49864447116851807,22,1,12,zero_shot_paired
320,4,22,16,60,0,1,0,0.5000985264778137,0.5000985264778137,0.4999014139175415,0.5000985264778137,22,1,12,zero_shot_paired
320,5,22,17,60,0,0,1,0.5018309950828552,0.5018309950828552,0.5018309950828552,0.4981690049171448,22,1,12,zero_shot_paired
320,0,22,1,60,1,1,1,0.5058985352516174,0.5058985352516174,0.49410149455070496,0.5058985352516174,22,1,12,post_calibration
320,1,22,2,60,1,1,1,0.5011981129646301,0.5011981129646301,0.4988018870353699,0.5011981129646301,22,1,12,post_calibration
320,2,22,4,60,1,1,1,0.5006526708602905,0.5006526708602905,0.4993473291397095,0.5006526708602905,22,1,12,post_calibration
320,3,22,7,60,0,0,1,0.5023504495620728,0.5023504495620728,0.5023504495620728,0.49764958024024963,22,1,12,post_calibration
320,4,22,16,60,0,1,0,0.5010401606559753,0.5010401606559753,0.49895980954170227,0.5010401606559753,22,1,12,post_calibration
320,5,22,17,60,0,0,1,0.5017527341842651,0.5017527341842651,0.5017527341842651,0.49824726581573486,22,1,12,post_calibration
321,0,22,2,60,1,1,1,0.5009899735450745,0.5009899735450745,0.49901002645492554,0.5009899735450745,22,2,12,zero_shot_paired
321,1,22,3,60,0,0,1,0.5051620006561279,0.5051620006561279,0.5051620006561279,0.4948379695415497,22,2,12,zero_shot_paired
321,2,22,6,60,1,1,1,0.5026007294654846,0.5026007294654846,0.49739930033683777,0.5026007294654846,22,2,12,zero_shot_paired
321,3,22,9,60,0,1,0,0.5060542821884155,0.5060542821884155,0.4939456880092621,0.5060542821884155,22,2,12,zero_shot_paired
321,4,22,10,60,1,0,0,0.5000889301300049,0.5000889301300049,0.5000889301300049,0.4999110698699951,22,2,12,zero_shot_paired
321,5,22,17,60,0,0,1,0.5018309950828552,0.5018309950828552,0.5018309950828552,0.4981690049171448,22,2,12,zero_shot_paired
321,0,22,2,60,1,1,1,0.5016135573387146,0.5016135573387146,0.498386412858963,0.5016135573387146,22,2,12,post_calibration
321,1,22,3,60,0,0,1,0.505478024482727,0.505478024482727,0.505478024482727,0.49452200531959534,22,2,12,post_calibration
321,2,22,6,60,1,1,1,0.502235472202301,0.502235472202301,0.4977644979953766,0.502235472202301,22,2,12,post_calibration
321,3,22,9,60,0,1,0,0.5061030983924866,0.5061030983924866,0.4938969016075134,0.5061030983924866,22,2,12,post_calibration
321,4,22,10,60,1,0,0,0.5000050067901611,0.5000050067901611,0.5000050067901611,0.49999499320983887,22,2,12,post_calibration
321,5,22,17,60,0,0,1,0.5021743774414062,0.5021743774414062,0.5021743774414062,0.49782565236091614,22,2,12,post_calibration
322,0,22,0,60,1,1,1,0.5054763555526733,0.5054763555526733,0.49452364444732666,0.5054763555526733,22,3,12,zero_shot_paired
322,1,22,2,60,1,1,1,0.5009899735450745,0.5009899735450745,0.49901002645492554,0.5009899735450745,22,3,12,zero_shot_paired
322,2,22,6,60,1,1,1,0.5026007294654846,0.5026007294654846,0.49739930033683777,0.5026007294654846,22,3,12,zero_shot_paired
322,3,22,7,60,0,0,1,0.5013555288314819,0.5013555288314819,0.5013555288314819,0.49864447116851807,22,3,12,zero_shot_paired
322,4,22,9,60,0,1,0,0.5060542821884155,0.5060542821884155,0.4939456880092621,0.5060542821884155,22,3,12,zero_shot_paired
322,5,22,13,60,0,1,0,0.502112090587616,0.502112090587616,0.49788787961006165,0.502112090587616,22,3,12,zero_shot_paired
322,0,22,0,60,1,1,1,0.505886971950531,0.505886971950531,0.494113028049469,0.505886971950531,22,3,12,post_calibration
322,1,22,2,60,1,1,1,0.5016103982925415,0.5016103982925415,0.4983896315097809,0.5016103982925415,22,3,12,post_calibration
322,2,22,6,60,1,1,1,0.5023366808891296,0.5023366808891296,0.497663289308548,0.5023366808891296,22,3,12,post_calibration
322,3,22,7,60,0,0,1,0.5018751621246338,0.5018751621246338,0.5018751621246338,0.4981248378753662,22,3,12,post_calibration
322,4,22,9,60,0,1,0,0.5061799883842468,0.5061799883842468,0.4938200116157532,0.5061799883842468,22,3,12,post_calibration
322,5,22,13,60,0,1,0,0.5025917291641235,0.5025917291641235,0.4974082410335541,0.5025917291641235,22,3,12,post_calibration
