target_subject,calibration_shots,calibration_fold,calibration_trial_ids,evaluation_trial_ids,n_calibration_samples,n_evaluation_samples,calibration_epochs_ran,zero_shot_loss,zero_shot_accuracy,zero_shot_f1,zero_shot_precision,zero_shot_recall,zero_shot_macro_f1,zero_shot_macro_precision,zero_shot_macro_recall,zero_shot_balanced_accuracy,zero_shot_roc_auc,zero_shot_brier_score,zero_shot_ece,zero_shot_joint_loss,zero_shot_reconstruction_loss,zero_shot_decoder_r2,zero_shot_gcn_gru_reconstruction_loss,zero_shot_gcn_gru_decoder_r2,zero_shot_bilstm_reconstruction_loss,zero_shot_bilstm_decoder_r2,calibrated_loss,calibrated_accuracy,calibrated_f1,calibrated_precision,calibrated_recall,calibrated_macro_f1,calibrated_macro_precision,calibrated_macro_recall,calibrated_balanced_accuracy,calibrated_roc_auc,calibrated_brier_score,calibrated_ece,calibrated_joint_loss,calibrated_reconstruction_loss,calibrated_decoder_r2,calibrated_gcn_gru_reconstruction_loss,calibrated_gcn_gru_decoder_r2,calibrated_bilstm_reconstruction_loss,calibrated_bilstm_decoder_r2,delta_ece,delta_bilstm_reconstruction_loss,delta_brier_score,delta_precision,delta_macro_precision,delta_recall,delta_macro_recall,delta_reconstruction_loss,delta_bilstm_decoder_r2,delta_balanced_accuracy,delta_roc_auc,delta_macro_f1,delta_accuracy,delta_decoder_r2,delta_loss,delta_gcn_gru_reconstruction_loss,delta_joint_loss,delta_f1,delta_gcn_gru_decoder_r2
0,3,1,"[4, 9, 13]","[0, 1, 2, 3, 5, 6, 7, 8, 10, 11, 12, 14, 15, 16, 17]",3,15,2,0.6224253910470467,0.6666666666666666,0.7058823529411765,0.75,0.6666666666666666,0.660633484162896,0.6607142857142857,0.6666666666666666,0.6666666666666666,0.6851851851851852,0.21637882050945365,0.1069720983505249,0.9993253946304321,0.6088124513626099,0.29533952474594116,0.8103843331336975,0.1896156668663025,0.5989366173744202,0.40106338262557983,0.6381050693584389,0.7333333333333333,0.75,0.8571428571428571,0.6666666666666666,0.7321428571428572,0.7410714285714286,0.75,0.75,0.6851851851851852,0.22327414181752012,0.14982582330703734,0.39396363496780396,0.6088124513626099,0.2953394651412964,0.8103844523429871,0.18961554765701294,0.5989365577697754,0.4010634422302246,0.042853724956512435,-5.960464477539063e-08,0.006895321308066471,0.1071428571428571,0.0803571428571429,0.0,0.08333333333333337,0.0,5.960464477539063e-08,0.08333333333333337,0.0,0.07150937297996118,0.06666666666666665,-5.960464477539063e-08,0.015679678311392165,1.1920928955078125e-07,-0.6053617596626282,0.044117647058823484,-1.1920928955078125e-07
0,3,2,"[1, 11, 15]","[0, 2, 3, 4, 5, 6, 7, 8, 9, 10, 12, 13, 14, 16, 17]",3,15,2,0.6392694224135362,0.7333333333333333,0.7777777777777778,0.7777777777777778,0.7777777777777778,0.7222222222222222,0.7222222222222222,0.7222222222222222,0.7222222222222222,0.6111111111111112,0.22041498243033597,0.20887765884399417,0.39463186264038086,0.6108698844909668,0.295032799243927,0.8058522939682007,0.19414764642715454,0.6040819883346558,0.39591795206069946,0.6420348230817455,0.6666666666666666,0.7368421052631579,0.7,0.7777777777777778,0.6411483253588517,0.6499999999999999,0.6388888888888888,0.6388888888888888,0.5925925925925926,0.22074142553850115,0.20463492870330813,0.3966275155544281,0.6108698844909668,0.295032799243927,0.8058522939682007,0.19414764642715454,0.6040819883346558,0.39591795206069946,-0.004242730140686046,0.0,0.00032644310816518085,-0.07777777777777783,-0.0722222222222223,0.0,-0.08333333333333337,0.0,0.0,-0.08333333333333337,-0.0185185185185186,-0.08107389686337052,-0.06666666666666665,0.0,0.0027654006682092946,0.0,0.001995652914047241,-0.040935672514619936,0.0
0,3,3,"[2, 10, 17]","[0, 1, 3, 4, 5, 6, 7, 8, 9, 11, 12, 13, 14, 15, 16]",3,15,2,0.6090851239248833,0.7333333333333333,0.7777777777777778,0.7777777777777778,0.7777777777777778,0.7222222222222222,0.7222222222222222,0.7222222222222222,0.7222222222222222,0.7037037037037037,0.2064565586290318,0.20773730278015137,0.3763669729232788,0.6134541630744934,0.2927003502845764,0.806110680103302,0.193889319896698,0.6084885597229004,0.3915114402770996,0.6192746505101733,0.6666666666666666,0.7619047619047619,0.6666666666666666,0.8888888888888888,0.6031746031746031,0.6666666666666666,0.611111111111111,0.611111111111111,0.7407407407407408,0.210900776310101,0.27671420176823935,0.385936439037323,0.6134541630744934,0.2927003502845764,0.806110680103302,0.193889319896698,0.6084885597229004,0.3915114402770996,0.06897689898808798,0.0,0.004444217681069201,-0.11111111111111116,-0.05555555555555558,0.11111111111111105,-0.11111111111111116,0.0,0.0,-0.11111111111111116,0.03703703703703709,-0.11904761904761907,-0.06666666666666665,0.0,0.010189526585289932,0.0,0.00956946611404419,-0.015873015873015928,0.0
0,3,4,"[0, 8, 12]","[1, 2, 3, 4, 5, 6, 7, 9, 10, 11, 13, 14, 15, 16, 17]",3,15,2,0.7112599444300077,0.6,0.6666666666666666,0.6666666666666666,0.6666666666666666,0.5833333333333333,0.5833333333333333,0.5833333333333333,0.5833333333333333,0.4999999999999999,0.2549757599256118,0.14072838226954143,0.45408058166503906,0.6239637136459351,0.2810105085372925,0.8225994110107422,0.17740052938461304,0.6153794527053833,0.3846204876899719,0.7272924907346148,0.6,0.6666666666666666,0.6666666666666666,0.6666666666666666,0.5833333333333333,0.5833333333333333,0.5833333333333333,0.5833333333333333,0.5185185185185184,0.2627618282246686,0.20859980583190918,0.4706944227218628,0.6239637136459351,0.2810105085372925,0.8225994110107422,0.17740052938461304,0.6153794527053833,0.3846204876899719,0.06787142356236775,0.0,0.007786068299056814,0.0,0.0,0.0,0.0,0.0,0.0,0.0,0.01851851851851849,0.0,0.0,0.0,0.016032546304607043,0.0,0.01661384105682373,0.0,0.0
0,3,5,"[6, 7, 16]","[0, 1, 2, 3, 4, 5, 8, 9, 10, 11, 12, 13, 14, 15, 17]",3,15,2,0.6467226873559321,0.6666666666666666,0.7619047619047619,0.7272727272727273,0.8,0.6031746031746031,0.6136363636363636,0.6000000000000001,0.6000000000000001,0.5800000000000001,0.22433287235589075,0.18937870264053347,0.40860286355018616,0.6192024946212769,0.2882840037345886,0.8091738224029541,0.19082623720169067,0.614258348941803,0.3857417106628418,0.6425217864758921,0.6666666666666666,0.7619047619047619,0.7272727272727273,0.8,0.6031746031746031,0.6136363636363636,0.6000000000000001,0.6000000000000001,0.64,0.22243902370439,0.1185200850168864,0.405033677816391,0.6192024946212769,0.2882840037345886,0.8091738224029541,0.19082623720169067,0.614258348941803,0.3857417106628418,-0.07085861762364706,0.0,-0.0018938486515007458,0.0,0.0,0.0,0.0,0.0,0.0,0.0,0.05999999999999994,0.0,0.0,0.0,-0.004200900880039993,0.0,-0.003569185733795166,0.0,0.0
0,3,6,"[3, 5, 14]","[0, 1, 2, 4, 6, 7, 8, 9, 10, 11, 12, 13, 15, 16, 17]",3,15,2,0.69712701255764,0.6,0.6666666666666666,0.6666666666666666,0.6666666666666666,0.5833333333333333,0.5833333333333333,0.5833333333333333,0.5833333333333333,0.537037037037037,0.24861959205677778,0.23347852230072022,0.44858652353286743,0.6208676099777222,0.2852367162704468,0.8173542618751526,0.18264585733413696,0.6121724247932434,0.38782763481140137,0.6939362507670246,0.6,0.7,0.6363636363636364,0.7777777777777778,0.55,0.5681818181818181,0.5555555555555556,0.5555555555555556,0.5740740740740741,0.24595881414152174,0.29111407995224,0.4455130100250244,0.6208676099777222,0.2852367162704468,0.8173542618751526,0.18264585733413696,0.6121724247932434,0.38782763481140137,0.05763555765151976,0.0,-0.0026607779152560407,-0.030303030303030276,-0.015151515151515138,0.11111111111111116,-0.02777777777777768,0.0,0.0,-0.02777777777777768,0.03703703703703709,-0.033333333333333215,0.0,0.0,-0.003190761790615393,0.0,-0.0030735135078430176,0.033333333333333326,0.0
0,6,1,"[2, 3, 5, 10, 14, 17]","[0, 1, 4, 6, 7, 8, 9, 11, 12, 13, 15, 16]",6,12,2,0.651290796600069,0.6666666666666666,0.7142857142857143,0.7142857142857143,0.7142857142857143,0.6571428571428571,0.6571428571428571,0.6571428571428571,0.6571428571428571,0.6285714285714286,0.2260496804094466,0.25660182535648346,0.43608561158180237,0.6186152696609497,0.28801417350769043,0.8114623427391052,0.18853759765625,0.6125091910362244,0.38749080896377563,0.6747507588955455,0.6666666666666666,0.75,0.6666666666666666,0.8571428571428571,0.625,0.6666666666666666,0.6285714285714286,0.6285714285714286,0.6571428571428571,0.23584745566014878,0.40369834005832667,0.45870035886764526,0.6186152696609497,0.28801417350769043,0.8114623427391052,0.18853759765625,0.6125091910362244,0.38749080896377563,0.1470965147018432,0.0,0.00979777525070219,-0.04761904761904767,0.00952380952380949,0.1428571428571428,-0.02857142857142858,0.0,0.0,-0.02857142857142858,0.02857142857142858,-0.03214285714285714,0.0,0.0,0.023459962295476422,0.0,0.022614747285842896,0.0357142857142857,0.0
0,6,2,"[0, 6, 7, 11, 12, 16]","[1, 2, 3, 4, 5, 8, 9, 10, 13, 14, 15, 17]",6,12,2,0.7187456920628311,0.5833333333333334,0.6666666666666666,0.625,0.7142857142857143,0.5555555555555556,0.5625,0.5571428571428572,0.5571428571428572,0.5142857142857142,0.25738027431880534,0.21127257247765857,0.4705815315246582,0.6129034161567688,0.29559046030044556,0.7986103296279907,0.2013896107673645,0.6102086901664734,0.38979125022888184,0.7232695066581898,0.5833333333333334,0.6666666666666666,0.625,0.7142857142857143,0.5555555555555556,0.5625,0.5571428571428572,0.5571428571428572,0.6,0.2594811019680643,0.17755777637163794,0.4774082899093628,0.6129034161567688,0.29559046030044556,0.7986103296279907,0.2013896107673645,0.6102086901664734,0.38979125022888184,-0.03371479610602063,0.0,0.0021008276492589517,0.0,0.0,0.0,0.0,0.0,0.0,0.0,0.08571428571428574,0.0,0.0,0.0,0.004523814595358666,0.0,0.00682675838470459,0.0,0.0
0,6,3,"[1, 4, 8, 9, 13, 15]","[0, 2, 3, 5, 6, 7, 10, 11, 12, 14, 16, 17]",6,12,2,0.5929122593432702,0.75,0.8,0.8571428571428571,0.75,0.7333333333333334,0.7285714285714285,0.75,0.75,0.6875,0.2021610611673789,0.13689758380254108,0.3745196759700775,0.617082953453064,0.28517842292785645,0.8256646990776062,0.1743353009223938,0.6039783358573914,0.39602160453796387,0.6199292961331372,0.75,0.8,0.8571428571428571,0.75,0.7333333333333334,0.7285714285714285,0.75,0.75,0.65625,0.21385084445329125,0.18976716697216034,0.39530181884765625,0.617082953453064,0.28517842292785645,0.8256646990776062,0.1743353009223938,0.6039783358573914,0.39602160453796387,0.05286958316961926,0.0,0.011689783285912358,0.0,0.0,0.0,0.0,0.0,0.0,0.0,-0.03125,0.0,0.0,0.0,0.027017036789867,0.0,0.020782142877578735,0.0,0.0
0,9,1,"[0, 4, 7, 8, 9, 10, 11, 14, 16]","[1, 2, 3, 5, 6, 12, 13, 15, 17]",9,9,2,0.8017021628289811,0.4444444444444444,0.5454545454545454,0.6,0.5,0.41558441558441556,0.425,0.41666666666666663,0.41666666666666663,0.44444444444444453,0.2954803620264151,0.21409495009316337,0.5771356821060181,0.6057552099227905,0.2961050271987915,0.8098816275596619,0.19011831283569336,0.597908079624176,0.4020918607711792,0.8576190742403608,0.5555555555555556,0.6,0.75,0.5,0.55,0.575,0.5833333333333333,0.5833333333333333,0.44444444444444453,0.3203924737941352,0.38112552298439867,0.632046639919281,0.6057552099227905,0.2961050271987915,0.8098816275596619,0.19011831283569336,0.597908079624176,0.4020918607711792,0.1670305728912353,0.0,0.024912111767720124,0.15000000000000002,0.14999999999999997,0.0,0.16666666666666663,0.0,0.0,0.16666666666666663,0.0,0.1344155844155845,0.11111111111111116,0.0,0.055916911411379666,0.0,0.05491095781326294,0.054545454545454564,0.0
0,9,2,"[1, 2, 3, 5, 6, 12, 13, 15, 17]","[0, 4, 7, 8, 9, 10, 11, 14, 16]",9,9,2,0.5069273135765662,0.8888888888888888,0.9090909090909091,0.8333333333333334,1.0,0.8831168831168831,0.9166666666666667,0.875,0.875,0.85,0.16157948375803027,0.22673306862513223,0.33597850799560547,0.6266459226608276,0.2830836772918701,0.8139433860778809,0.18605667352676392,0.6198894381523132,0.38011062145233154,0.5331889468718836,0.7777777777777778,0.8333333333333334,0.7142857142857143,1.0,0.75,0.8571428571428572,0.75,0.75,0.85,0.17393349114282478,0.1295592453744676,0.35739731788635254,0.6266459226608276,0.2830836772918701,0.8139433860778809,0.18605667352676392,0.6198894381523132,0.38011062145233154,-0.09717382325066462,0.0,0.012354007384794502,-0.11904761904761907,-0.059523809523809534,0.0,-0.125,0.0,0.0,-0.125,0.0,-0.13311688311688308,-0.11111111111111105,0.0,0.026261633295317388,0.0,0.02141880989074707,-0.07575757575757569,0.0
0,12,1,"[1, 2, 3, 5, 6, 7, 8, 9, 13, 14, 15, 17]","[0, 4, 10, 11, 12, 16]",12,6,2,0.5484353910343874,0.8333333333333334,0.8888888888888888,0.8,1.0,0.7777777777777777,0.9,0.75,0.75,0.75,0.1809784306818211,0.3007755080858866,0.4466179311275482,0.6442225575447083,0.2640197277069092,0.83897465467453,0.16102540493011475,0.6329860091209412,0.3670140504837036,0.5666414729089434,0.8333333333333334,0.8888888888888888,0.8,1.0,0.7777777777777777,0.9,0.75,0.75,0.75,0.1891305818098797,0.31240853667259216,0.46025392413139343,0.6442225575447083,0.2640197277069092,0.83897465467453,0.16102540493011475,0.6329860091209412,0.3670140504837036,0.011633028586705563,0.0,0.008152151128058616,0.0,0.0,0.0,0.0,0.0,0.0,0.0,0.0,0.0,0.0,0.0,0.01820608187455597,0.0,0.013635993003845215,0.0,0.0
0,12,2,"[1, 3, 4, 6, 7, 8, 9, 10, 11, 12, 13, 15]","[0, 2, 5, 14, 16, 17]",12,6,2,0.5365230226684217,0.8333333333333334,0.8571428571428571,1.0,0.75,0.8285714285714285,0.8333333333333333,0.875,0.875,0.875,0.17499083548265926,0.2765842080116272,0.40713730454444885,0.6057177782058716,0.2944929003715515,0.827756941318512,0.17224305868148804,0.583257257938385,0.416742742061615,0.5214779415247218,0.8333333333333334,0.8571428571428571,1.0,0.75,0.8285714285714285,0.8333333333333333,0.875,0.875,0.875,0.167746623248317,0.3960710068543752,0.3933055102825165,0.6057177782058716,0.2944929003715515,0.827756941318512,0.17224305868148804,0.583257257938385,0.416742742061615,0.11948679884274799,0.0,-0.007244212234342268,0.0,0.0,0.0,0.0,0.0,0.0,0.0,0.0,0.0,0.0,0.0,-0.015045081143699846,0.0,-0.013831794261932373,0.0,0.0
0,12,3,"[0, 3, 4, 5, 6, 8, 9, 10, 11, 13, 14, 16]","[1, 2, 7, 12, 15, 17]",12,6,2,0.7463381104901002,0.5,0.5714285714285714,0.6666666666666666,0.5,0.4857142857142857,0.5,0.5,0.5,0.5,0.2744607781825752,0.13887739181518555,0.6068283319473267,0.6113711595535278,0.28859519958496094,0.8256731033325195,0.1743268370628357,0.5971362590789795,0.40286368131637573,0.7900524932490728,0.5,0.5714285714285714,0.6666666666666666,0.5,0.4857142857142857,0.5,0.5,0.5,0.5,0.293713909537274,0.24116925398508704,0.6430696845054626,0.6113711595535278,0.28859519958496094,0.8256731033325195,0.1743268370628357,0.5971362590789795,0.40286368131637573,0.10229186216990149,0.0,0.019253131354698805,0.0,0.0,0.0,0.0,0.0,0.0,0.0,0.0,0.0,0.0,0.0,0.04371438275897255,0.0,0.036241352558135986,0.0,0.0
1,3,1,"[8, 13, 15]","[0, 1, 2, 3, 4, 5, 6, 7, 9, 10, 11, 12, 14, 16, 17]",3,15,2,0.6648138477988573,0.6666666666666666,0.7619047619047619,0.8,0.7272727272727273,0.6031746031746031,0.6000000000000001,0.6136363636363636,0.6136363636363636,0.5681818181818181,0.23712382559050163,0.14872501293818152,1.2301099300384521,0.8054908514022827,0.14223968982696533,0.9200318455696106,0.0799681544303894,0.7954887747764587,0.20451122522354126,0.6549110446917974,0.5333333333333333,0.6666666666666666,0.7,0.6363636363636364,0.4444444444444444,0.44999999999999996,0.4431818181818182,0.4431818181818182,0.5227272727272727,0.23280235228807952,0.2615965088208516,0.4127730429172516,0.8054907917976379,0.14223968982696533,0.9200318455696106,0.0799681544303894,0.7954888343811035,0.20451116561889648,0.11287149588267009,5.960464477539063e-08,-0.0043214733024221075,-0.10000000000000009,-0.15000000000000013,-0.09090909090909094,-0.17045454545454547,-5.960464477539063e-08,-5.960464477539063e-08,-0.17045454545454547,-0.045454545454545414,-0.15873015873015872,-0.1333333333333333,0.0,-0.009902803107059932,0.0,-0.8173368871212006,-0.09523809523809523,0.0
1,3,2,"[10, 11, 12]","[0, 1, 2, 3, 4, 5, 6, 7, 8, 9, 13, 14, 15, 16, 17]",3,15,2,0.6861309532327566,0.6666666666666666,0.782608695652174,0.8181818181818182,0.75,0.5341614906832298,0.5340909090909092,0.5416666666666666,0.5416666666666666,0.4444444444444445,0.24557468265999455,0.16874920924504597,0.43524155020713806,0.8113536834716797,0.13763529062271118,0.9223018884658813,0.0776979923248291,0.8024274110794067,0.1975725293159485,0.6680249186495019,0.6666666666666666,0.782608695652174,0.8181818181818182,0.75,0.5341614906832298,0.5340909090909092,0.5416666666666666,0.5416666666666666,0.4444444444444445,0.23715074601690692,0.28862113555272423,0.4180431067943573,0.8113536834716797,0.13763529062271118,0.9223018884658813,0.0776979923248291,0.8024274110794067,0.1975725293159485,0.11987192630767826,0.0,-0.008423936643087632,0.0,0.0,0.0,0.0,0.0,0.0,0.0,0.0,0.0,0.0,0.0,-0.01810603458325477,0.0,-0.01719844341278076,0.0,0.0
1,3,3,"[6, 16, 17]","[0, 1, 2, 3, 4, 5, 7, 8, 9, 10, 11, 12, 13, 14, 15]",3,15,2,0.6413184814816978,0.6666666666666666,0.7619047619047619,0.8888888888888888,0.6666666666666666,0.6031746031746031,0.611111111111111,0.6666666666666666,0.6666666666666666,0.6111111111111112,0.22649075301220734,0.10436409314473469,0.3977828323841095,0.8083046078681946,0.13986772298812866,0.9214528799057007,0.07854712009429932,0.7988116145133972,0.20118838548660278,0.6341158994454822,0.6666666666666666,0.7619047619047619,0.8888888888888888,0.6666666666666666,0.6031746031746031,0.611111111111111,0.6666666666666666,0.6666666666666666,0.6111111111111112,0.2236776951446003,0.12858293056488035,0.3898424506187439,0.8083046078681946,0.13986772298812866,0.9214528799057007,0.07854712009429932,0.7988116145133972,0.20118838548660278,0.02421883742014566,0.0,-0.0028130578676070217,0.0,0.0,0.0,0.0,0.0,0.0,0.0,0.0,0.0,0.0,0.0,-0.007202582036215599,0.0,-0.0079403817653656,0.0,0.0
1,3,4,"[2, 3, 7]","[0, 1, 4, 5, 6, 8, 9, 10, 11, 12, 13, 14, 15, 16, 17]",3,15,2,0.6648434534350633,0.6666666666666666,0.7619047619047619,0.8,0.7272727272727273,0.6031746031746031,0.6000000000000001,0.6136363636363636,0.6136363636363636,0.5681818181818181,0.237190122653377,0.16349783738454185,0.4135119915008545,0.7941334247589111,0.15167170763015747,0.9174488186836243,0.08255118131637573,0.7792078256607056,0.22079217433929443,0.653238991071639,0.6666666666666666,0.7619047619047619,0.8,0.7272727272727273,0.6031746031746031,0.6000000000000001,0.6136363636363636,0.6136363636363636,0.5681818181818181,0.23155855977167253,0.15539501508076986,0.40191957354545593,0.7941334247589111,0.15167170763015747,0.9174488186836243,0.08255118131637573,0.7792078256607056,0.22079217433929443,-0.00810282230377199,0.0,-0.005631562881704466,0.0,0.0,0.0,0.0,0.0,0.0,0.0,0.0,0.0,0.0,0.0,-0.011604462363424384,0.0,-0.01159241795539856,0.0,0.0
1,3,5,"[1, 4, 14]","[0, 2, 3, 5, 6, 7, 8, 9, 10, 11, 12, 13, 15, 16, 17]",3,15,2,0.7233545684314399,0.6,0.7272727272727273,0.8,0.6666666666666666,0.48863636363636365,0.5,0.5,0.5,0.33333333333333337,0.26380102387289145,0.20683700243632,0.4701268672943115,0.7924060225486755,0.153143048286438,0.9162306785583496,0.08376944065093994,0.777483344078064,0.2225167155265808,0.7506086586388496,0.6,0.7272727272727273,0.8,0.6666666666666666,0.48863636363636365,0.5,0.5,0.5,0.2777777777777778,0.2750685621091816,0.26299965381622314,0.49890974164009094,0.7924060225486755,0.153143048286438,0.9162306785583496,0.08376944065093994,0.777483344078064,0.2225167155265808,0.056162651379903145,0.0,0.011267538236290175,0.0,0.0,0.0,0.0,0.0,0.0,0.0,-0.05555555555555558,0.0,0.0,0.0,0.027254090207409765,0.0,0.02878287434577942,0.0,0.0
1,3,6,"[0, 5, 9]","[1, 2, 3, 4, 6, 7, 8, 10, 11, 12, 13, 14, 15, 16, 17]",3,15,2,0.6041206096393279,0.7333333333333333,0.8181818181818182,0.9,0.75,0.6590909090909092,0.65,0.7083333333333333,0.7083333333333333,0.6666666666666667,0.20933794586480062,0.14296398957570394,0.3655623197555542,0.7979310750961304,0.14890927076339722,0.9188088774681091,0.08119112253189087,0.7833725214004517,0.21662747859954834,0.5913550863972795,0.6666666666666666,0.7619047619047619,0.8888888888888888,0.6666666666666666,0.6031746031746031,0.611111111111111,0.6666666666666666,0.6666666666666666,0.6666666666666667,0.20345121883272313,0.12143141428629557,0.34933722019195557,0.7979310750961304,0.14890927076339722,0.9188088774681091,0.08119112253189087,0.7833725214004517,0.21662747859954834,-0.02153257528940837,0.0,-0.005886727032077488,-0.011111111111111183,-0.03888888888888897,-0.08333333333333337,-0.04166666666666663,0.0,0.0,-0.04166666666666663,0.0,-0.05591630591630603,-0.06666666666666665,0.0,-0.012765523242048382,0.0,-0.016225099563598633,-0.05627705627705637,0.0
1,6,1,"[2, 7, 8, 9, 10, 14]","[0, 1, 3, 4, 5, 6, 11, 12, 13, 15, 16, 17]",6,12,2,0.7101358896414062,0.5833333333333334,0.7058823529411765,0.75,0.6666666666666666,0.4957983193277311,0.5,0.5,0.5,0.4814814814814815,0.25874905159459005,0.3181951691706975,0.4669545590877533,0.8097265958786011,0.13898545503616333,0.9219041466712952,0.07809591293334961,0.8001250624656677,0.19987499713897705,0.6861968964010057,0.5833333333333334,0.7058823529411765,0.75,0.6666666666666666,0.4957983193277311,0.5,0.5,0.5,0.4444444444444445,0.24668787313796817,0.17403554419676465,0.44074612855911255,0.8097265958786011,0.13898545503616333,0.9219041466712952,0.07809591293334961,0.8001250624656677,0.19987499713897705,-0.14415962497393287,0.0,-0.012061178456621885,0.0,0.0,0.0,0.0,0.0,0.0,0.0,-0.037037037037037035,0.0,0.0,0.0,-0.023938993240400497,0.0,-0.026208430528640747,0.0,0.0
1,6,2,"[0, 3, 5, 11, 12, 16]","[1, 2, 4, 6, 7, 8, 9, 10, 13, 14, 15, 17]",6,12,2,0.6155232125072302,0.75,0.8235294117647058,0.875,0.7777777777777778,0.6974789915966386,0.6875,0.7222222222222222,0.7222222222222222,0.6666666666666667,0.21289056459052805,0.22561894853909809,0.3846891224384308,0.8035122156143188,0.14402860403060913,0.9207442402839661,0.07925575971603394,0.7911984324455261,0.20880156755447388,0.582701526715384,0.75,0.8235294117647058,0.875,0.7777777777777778,0.6974789915966386,0.6875,0.7222222222222222,0.7222222222222222,0.7037037037037037,0.1980100156399187,0.18465163310368854,0.35306140780448914,0.8035122156143188,0.14402860403060913,0.9207442402839661,0.07925575971603394,0.7911984324455261,0.20880156755447388,-0.040967315435409546,0.0,-0.014880548950609335,0.0,0.0,0.0,0.0,0.0,0.0,0.0,0.03703703703703698,0.0,0.0,0.0,-0.03282168579184619,0.0,-0.03162771463394165,0.0,0.0
1,6,3,"[1, 4, 6, 13, 15, 17]","[0, 2, 3, 5, 7, 8, 9, 10, 11, 12, 14, 16]",6,12,2,0.6666347420674943,0.6666666666666666,0.7777777777777778,0.875,0.7,0.5555555555555556,0.5625,0.6,0.6,0.44999999999999996,0.23812067810285234,0.1592795799175898,0.45756444334983826,0.7915748357772827,0.15371346473693848,0.9154889583587646,0.08451104164123535,0.7770841121673584,0.2229158878326416,0.6606702616384913,0.5833333333333334,0.7058823529411765,0.8571428571428571,0.6,0.4957983193277311,0.5285714285714286,0.55,0.55,0.4,0.2362178769555483,0.17174635330835974,0.45043838024139404,0.7915748357772827,0.15371346473693848,0.9154889583587646,0.08451104164123535,0.7770841121673584,0.2229158878326416,0.012466773390769958,0.0,-0.0019028011473040396,-0.017857142857142905,-0.03392857142857142,-0.09999999999999998,-0.04999999999999993,0.0,0.0,-0.04999999999999993,-0.04999999999999993,-0.05975723622782447,-0.08333333333333326,0.0,-0.005964480429002994,0.0,-0.007126063108444214,-0.07189542483660127,0.0
1,9,1,"[3, 4, 6, 7, 8, 9, 12, 14, 15]","[0, 1, 2, 5, 10, 11, 13, 16, 17]",9,9,2,0.8266583815861072,0.4444444444444444,0.5454545454545454,0.75,0.42857142857142855,0.41558441558441556,0.475,0.4642857142857143,0.4642857142857143,0.2857142857142857,0.3127699023241692,0.2859689328405592,0.5954661965370178,0.7918940186500549,0.15418976545333862,0.9154180884361267,0.08458191156387329,0.776202380657196,0.22379761934280396,0.809699438524729,0.4444444444444444,0.5454545454545454,0.75,0.42857142857142855,0.41558441558441556,0.475,0.4642857142857143,0.4642857142857143,0.2857142857142857,0.30497752198942696,0.2649434738688998,0.5763631463050842,0.7918940186500549,0.15418976545333862,0.9154180884361267,0.08458191156387329,0.776202380657196,0.22379761934280396,-0.02102545897165936,0.0,-0.007792380334742222,0.0,0.0,0.0,0.0,0.0,0.0,0.0,0.0,0.0,0.0,0.0,-0.01695894306137813,0.0,-0.019103050231933594,0.0,0.0
1,9,2,"[0, 1, 2, 5, 10, 11, 13, 16, 17]","[3, 4, 6, 7, 8, 9, 12, 14, 15]",9,9,2,0.5015377510236246,0.8888888888888888,0.9333333333333333,0.875,1.0,0.8,0.9375,0.75,0.75,0.6428571428571428,0.1604037314949106,0.26431726084815127,0.33008885383605957,0.8113151788711548,0.13696187734603882,0.9233402013778687,0.07665979862213135,0.8027361035346985,0.1972638964653015,0.49030438395008996,0.8888888888888888,0.9333333333333333,0.875,1.0,0.8,0.9375,0.75,0.75,0.6428571428571428,0.15529899303627215,0.2520198954476251,0.3231552839279175,0.8113151788711548,0.13696187734603882,0.9233402013778687,0.07665979862213135,0.8027361035346985,0.1972638964653015,-0.012297365400526172,0.0,-0.005104738458638458,0.0,0.0,0.0,0.0,0.0,0.0,0.0,0.0,0.0,0.0,0.0,-0.011233367073534672,0.0,-0.00693356990814209,0.0,0.0
1,12,1,"[1, 2, 3, 4, 5, 6, 7, 9, 10, 11, 15, 17]","[0, 8, 12, 13, 14, 16]",12,6,2,0.6388444285848299,0.6666666666666666,0.8,0.8,0.8,0.4,0.4,0.4,0.4,0.4,0.2262514866335373,0.2204906145731608,0.419036328792572,0.7870262861251831,0.15761202573776245,0.9175319671630859,0.08246803283691406,0.7672441005706787,0.2327558994293213,0.6175973653220651,0.6666666666666666,0.8,0.8,0.8,0.4,0.4,0.4,0.4,0.4,0.21758508757560455,0.1872940460840861,0.40332621335983276,0.7870262861251831,0.15761202573776245,0.9175319671630859,0.08246803283691406,0.7672441005706787,0.2327558994293213,-0.03319656848907471,0.0,-0.008666399057932761,0.0,0.0,0.0,0.0,0.0,0.0,0.0,0.0,0.0,0.0,0.0,-0.02124706326276482,0.0,-0.015710115432739258,0.0,0.0
1,12,2,"[0, 2, 4, 5, 6, 7, 8, 9, 11, 13, 14, 17]","[1, 3, 10, 12, 15, 16]",12,6,2,0.5116265082731642,1.0,1.0,1.0,1.0,1.0,1.0,1.0,1.0,1.0,0.16642553392297973,0.38980323076248163,0.31266477704048157,0.7825986742973328,0.161532461643219,0.9133203625679016,0.08667963743209839,0.7636146545410156,0.23638534545898438,0.5277226933731012,0.8333333333333334,0.8888888888888888,1.0,0.8,0.7777777777777777,0.75,0.9,0.9,1.0,0.1738565771158503,0.23198030392328892,0.32360607385635376,0.7825986742973328,0.161532461643219,0.9133203625679016,0.08667963743209839,0.7636146545410156,0.23638534545898438,-0.15782292683919272,0.0,0.007431043192870579,0.0,-0.25,-0.19999999999999996,-0.09999999999999998,0.0,0.0,-0.09999999999999998,0.0,-0.22222222222222232,-0.16666666666666663,0.0,0.016096185099936933,0.0,0.010941296815872192,-0.11111111111111116,0.0
1,12,3,"[0, 2, 3, 4, 5, 6, 8, 9, 11, 13, 15, 16]","[1, 7, 10, 12, 14, 17]",12,6,2,0.4016474053883539,1.0,1.0,1.0,1.0,1.0,1.0,1.0,1.0,1.0,0.11642873133584149,0.320756455262502,0.23889365792274475,0.7842370867729187,0.16005027294158936,0.9145824313163757,0.08541750907897949,0.765316903591156,0.23468303680419922,0.413390218338964,1.0,1.0,1.0,1.0,1.0,1.0,1.0,1.0,1.0,0.1232014682976863,0.32573854923248285,0.24982233345508575,0.7842370867729187,0.16005027294158936,0.9145824313163757,0.08541750907897949,0.765316903591156,0.23468303680419922,0.004982093969980839,0.0,0.0067727369618448136,0.0,0.0,0.0,0.0,0.0,0.0,0.0,0.0,0.0,0.0,0.0,0.011742812950610082,0.0,0.010928675532341003,0.0,0.0
2,3,1,"[1, 14, 15]","[0, 2, 3, 4, 5, 6, 7, 8, 9, 10, 11, 12, 13, 16, 17]",3,15,2,0.6792015451592796,0.6,0.6666666666666666,0.75,0.6,0.5833333333333333,0.5892857142857143,0.6,0.6,0.58,0.24318271275555373,0.07243652741114298,1.141113519668579,0.7272253036499023,0.22142469882965088,0.851502537727356,0.14849752187728882,0.7056482434272766,0.29435181617736816,0.6849843689749623,0.6,0.6666666666666666,0.75,0.6,0.5833333333333333,0.5892857142857143,0.6,0.6,0.62,0.24560205374065933,0.10105464458465577,0.40891075134277344,0.7272253036499023,0.22142469882965088,0.851502537727356,0.14849752187728882,0.7056482434272766,0.29435181617736816,0.028618117173512786,0.0,0.0024193409851056003,0.0,0.0,0.0,0.0,0.0,0.0,0.0,0.040000000000000036,0.0,0.0,0.0,0.005782823815682736,0.0,-0.7322027683258057,0.0,0.0
2,3,2,"[2, 8, 11]","[0, 1, 3, 4, 5, 6, 7, 9, 10, 12, 13, 14, 15, 16, 17]",3,15,2,0.6910815279635674,0.6,0.7,0.6363636363636364,0.7777777777777778,0.55,0.5681818181818181,0.5555555555555556,0.5555555555555556,0.5,0.2489756121960482,0.13105082511901853,0.4034673869609833,0.7243555784225464,0.2237834930419922,0.8539385795593262,0.14606142044067383,0.6984944939613342,0.30150550603866577,0.6744869345847221,0.6,0.7,0.6363636363636364,0.7777777777777778,0.55,0.5681818181818181,0.5555555555555556,0.5555555555555556,0.5740740740740741,0.24106831263069955,0.17134435176849366,0.3897019326686859,0.7243555784225464,0.2237834930419922,0.8539385795593262,0.14606142044067383,0.6984944939613342,0.30150550603866577,0.040293526649475137,0.0,-0.007907299565348636,0.0,0.0,0.0,0.0,0.0,0.0,0.0,0.07407407407407407,0.0,0.0,0.0,-0.01659459337884528,0.0,-0.013765454292297363,0.0,0.0
2,3,3,"[3, 10, 12]","[0, 1, 2, 4, 5, 6, 7, 8, 9, 11, 13, 14, 15, 16, 17]",3,15,2,0.7439262972835899,0.4666666666666667,0.5555555555555556,0.5555555555555556,0.5555555555555556,0.4444444444444444,0.4444444444444444,0.4444444444444444,0.4444444444444444,0.40740740740740744,0.2745655545403184,0.19488335450490313,0.45132145285606384,0.7229230403900146,0.22582799196243286,0.8482747673988342,0.15172523260116577,0.7000692486763,0.29993075132369995,0.7492084508290155,0.4666666666666667,0.5555555555555556,0.5555555555555556,0.5555555555555556,0.4444444444444444,0.4444444444444444,0.4444444444444444,0.4444444444444444,0.42592592592592593,0.2769104461568865,0.156306513150533,0.4568166136741638,0.7229230403900146,0.22582799196243286,0.8482747673988342,0.15172523260116577,0.7000692486763,0.29993075132369995,-0.03857684135437012,0.0,0.00234489161656809,0.0,0.0,0.0,0.0,0.0,0.0,0.0,0.01851851851851849,0.0,0.0,0.0,0.005282153545425605,0.0,0.005495160818099976,0.0,0.0
2,3,4,"[5, 7, 13]","[0, 1, 2, 3, 4, 6, 8, 9, 10, 11, 12, 14, 15, 16, 17]",3,15,2,0.7056170285162634,0.5333333333333333,0.5882352941176471,0.625,0.5555555555555556,0.5248868778280543,0.5267857142857143,0.5277777777777778,0.5277777777777778,0.5,0.2563913672739839,0.18884634176890056,0.41495588421821594,0.7251116037368774,0.22339719533920288,0.8532629609107971,0.14673703908920288,0.6999427080154419,0.3000572919845581,0.6985266037751485,0.5333333333333333,0.5882352941176471,0.625,0.5555555555555556,0.5248868778280543,0.5267857142857143,0.5277777777777778,0.5277777777777778,0.5185185185185185,0.25287628211631485,0.07314887444178263,0.40913712978363037,0.7251116037368774,0.22339719533920288,0.8532629609107971,0.14673703908920288,0.6999427080154419,0.3000572919845581,-0.11569746732711793,0.0,-0.003515085157669018,0.0,0.0,0.0,0.0,0.0,0.0,0.0,0.01851851851851849,0.0,0.0,0.0,-0.007090424741114876,0.0,-0.005818754434585571,0.0,0.0
2,3,5,"[0, 4, 9]","[1, 2, 3, 5, 6, 7, 8, 10, 11, 12, 13, 14, 15, 16, 17]",3,15,2,0.6601724567191848,0.6666666666666666,0.7368421052631579,0.7,0.7777777777777778,0.6411483253588517,0.6499999999999999,0.6388888888888888,0.6388888888888888,0.5925925925925926,0.23406414026018954,0.17445500294367472,0.37677136063575745,0.7244039177894592,0.22414463758468628,0.85372394323349,0.14627605676651,0.6979867815971375,0.30201321840286255,0.653973217580288,0.6666666666666666,0.7368421052631579,0.7,0.7777777777777778,0.6411483253588517,0.6499999999999999,0.6388888888888888,0.6388888888888888,0.5925925925925926,0.2312146314501596,0.09542087316513062,0.3715266287326813,0.7244039177894592,0.22414463758468628,0.85372394323349,0.14627605676651,0.6979867815971375,0.30201321840286255,-0.0790341297785441,0.0,-0.0028495088100299326,0.0,0.0,0.0,0.0,0.0,0.0,0.0,0.0,0.0,0.0,0.0,-0.0061992391388967505,0.0,-0.005244731903076172,0.0,0.0
2,3,6,"[6, 16, 17]","[0, 1, 2, 3, 4, 5, 7, 8, 9, 10, 11, 12, 13, 14, 15]",3,15,2,0.7480076464218428,0.4666666666666667,0.5555555555555556,0.5555555555555556,0.5555555555555556,0.4444444444444444,0.4444444444444444,0.4444444444444444,0.4444444444444444,0.3703703703703704,0.2768724474078226,0.25667485396067297,0.46292075514793396,0.7231801748275757,0.22510141134262085,0.8521700501441956,0.147830069065094,0.6976273059844971,0.3023727536201477,0.7611490306449383,0.4666666666666667,0.5555555555555556,0.5555555555555556,0.5555555555555556,0.4444444444444444,0.4444444444444444,0.4444444444444444,0.4444444444444444,0.3148148148148148,0.28314371235636027,0.3165600379308065,0.47406062483787537,0.7231801748275757,0.22510141134262085,0.8521700501441956,0.147830069065094,0.6976273059844971,0.3023727536201477,0.05988518397013354,0.0,0.0062712649485376915,0.0,0.0,0.0,0.0,0.0,0.0,0.0,-0.05555555555555558,0.0,0.0,0.0,0.01314138422309552,0.0,0.011139869689941406,0.0,0.0
2,6,1,"[0, 2, 4, 10, 14, 17]","[1, 3, 5, 6, 7, 8, 9, 11, 12, 13, 15, 16]",6,12,2,0.6649808992071403,0.6666666666666666,0.75,0.6666666666666666,0.8571428571428571,0.625,0.6666666666666666,0.6285714285714286,0.6285714285714286,0.5714285714285714,0.2363887855569895,0.263577476143837,0.3978198170661926,0.7241235971450806,0.22446942329406738,0.8512976169586182,0.14870232343673706,0.6997633576393127,0.3002365827560425,0.6790844383483724,0.6666666666666666,0.75,0.6666666666666666,0.8571428571428571,0.625,0.6666666666666666,0.6285714285714286,0.6285714285714286,0.5142857142857142,0.24282173773364715,0.1290246993303299,0.41279709339141846,0.7241235971450806,0.22446942329406738,0.8512976169586182,0.14870232343673706,0.6997633576393127,0.3002365827560425,-0.13455277681350708,0.0,0.0064329521766576525,0.0,0.0,0.0,0.0,0.0,0.0,0.0,-0.05714285714285716,0.0,0.0,0.0,0.01410353914123208,0.0,0.01497727632522583,0.0,0.0
2,6,2,"[1, 3, 6, 8, 9, 13]","[0, 2, 4, 5, 7, 10, 11, 12, 14, 15, 16, 17]",6,12,2,0.7247071794165442,0.5,0.5714285714285714,0.6666666666666666,0.5,0.4857142857142857,0.5,0.5,0.5,0.5,0.26536612532903264,0.18191260596116385,0.44144871830940247,0.7285911440849304,0.2204710841178894,0.8525018095970154,0.14749813079833984,0.706555962562561,0.2934439778327942,0.726387412159854,0.5,0.5714285714285714,0.6666666666666666,0.5,0.4857142857142857,0.5,0.5,0.5,0.5,0.26603966791879957,0.1805342584848404,0.44330495595932007,0.7285911440849304,0.2204710841178894,0.8525018095970154,0.14749813079833984,0.706555962562561,0.2934439778327942,-0.0013783474763234549,0.0,0.0006735425897669289,0.0,0.0,0.0,0.0,0.0,0.0,0.0,0.0,0.0,0.0,0.0,0.0016802327433098618,0.0,0.0018562376499176025,0.0,0.0
2,6,3,"[5, 7, 11, 12, 15, 16]","[0, 1, 2, 3, 4, 6, 8, 9, 10, 13, 14, 17]",6,12,2,0.7243124333463046,0.5,0.5714285714285714,0.5714285714285714,0.5714285714285714,0.4857142857142857,0.4857142857142857,0.4857142857142857,0.4857142857142857,0.4571428571428572,0.265269638902002,0.17969736456871033,0.44783535599708557,0.7208778262138367,0.2269057035446167,0.8526369333267212,0.1473630666732788,0.6935516595840454,0.3064483404159546,0.7167119001111004,0.5,0.5714285714285714,0.5714285714285714,0.5714285714285714,0.4857142857142857,0.4857142857142857,0.4857142857142857,0.4857142857142857,0.4571428571428572,0.2614495246876905,0.2519008467594782,0.44096463918685913,0.7208778262138367,0.2269057035446167,0.8526369333267212,0.1473630666732788,0.6935516595840454,0.3064483404159546,0.07220348219076789,0.0,-0.0038201142143114986,0.0,0.0,0.0,0.0,0.0,0.0,0.0,0.0,0.0,0.0,0.0,-0.007600533235204154,0.0,-0.00687071681022644,0.0,0.0
2,9,1,"[1, 6, 7, 9, 10, 11, 12, 13, 15]","[0, 2, 3, 4, 5, 8, 14, 16, 17]",9,9,2,0.6759570027042336,0.5555555555555556,0.6,0.75,0.5,0.55,0.575,0.5833333333333333,0.5833333333333333,0.6111111111111112,0.24208684952750342,0.2190282411045498,0.4278999865055084,0.7190611958503723,0.22914022207260132,0.8481618165969849,0.15183818340301514,0.6935576796531677,0.3064423203468323,0.6745840413888253,0.5555555555555556,0.6,0.75,0.5,0.55,0.575,0.5833333333333333,0.5833333333333333,0.6111111111111112,0.24136591081683978,0.14796452389823062,0.42760083079338074,0.7190611958503723,0.22914022207260132,0.8481618165969849,0.15183818340301514,0.6935576796531677,0.3064423203468323,-0.07106371720631918,0.0,-0.0007209387106636433,0.0,0.0,0.0,0.0,0.0,0.0,0.0,0.0,0.0,0.0,0.0,-0.0013729613154083165,0.0,-0.00029915571212768555,0.0,0.0
2,9,2,"[0, 2, 3, 4, 5, 8, 14, 16, 17]","[1, 6, 7, 9, 10, 11, 12, 13, 15]",9,9,2,0.7333692691812601,0.5555555555555556,0.6666666666666666,0.5714285714285714,0.8,0.5,0.5357142857142857,0.525,0.525,0.35000000000000003,0.2692592441866424,0.3094878262943691,0.4801042973995209,0.7300004959106445,0.21875733137130737,0.8561291098594666,0.14387089014053345,0.7063562870025635,0.2936437129974365,0.7358478682374239,0.5555555555555556,0.6666666666666666,0.5714285714285714,0.8,0.5,0.5357142857142857,0.525,0.525,0.30000000000000004,0.27034869068572154,0.17319299115075001,0.4846302270889282,0.7300004959106445,0.21875733137130737,0.8561291098594666,0.14387089014053345,0.7063562870025635,0.2936437129974365,-0.1362948351436191,0.0,0.0010894464990791608,0.0,0.0,0.0,0.0,0.0,0.0,0.0,-0.04999999999999999,0.0,0.0,0.0,0.002478599056163766,0.0,0.004525929689407349,0.0,0.0
2,12,1,"[0, 2, 3, 5, 7, 8, 9, 10, 11, 13, 16, 17]","[1, 4, 6, 12, 14, 15]",12,6,2,0.8050853207502798,0.5,0.6666666666666666,0.6,0.75,0.3333333333333333,0.3,0.375,0.375,0.0,0.30394836272692016,0.39714425802230835,0.6042400598526001,0.7242428660392761,0.22449380159378052,0.853041410446167,0.146958589553833,0.6979709267616272,0.3020290732383728,0.802788063482434,0.5,0.6666666666666666,0.6,0.75,0.3333333333333333,0.3,0.375,0.375,0.0,0.3026405193380904,0.3455499112606048,0.6066313982009888,0.7242428660392761,0.22449380159378052,0.853041410446167,0.146958589553833,0.6979709267616272,0.3020290732383728,-0.05159434676170355,0.0,-0.001307843388829777,0.0,0.0,0.0,0.0,0.0,0.0,0.0,0.0,0.0,0.0,0.0,-0.002297257267845798,0.0,0.002391338348388672,0.0,0.0
2,12,2,"[0, 1, 2, 3, 4, 7, 9, 10, 13, 15, 16, 17]","[5, 6, 8, 11, 12, 14]",12,6,2,0.6990203732045664,0.6666666666666666,0.75,0.75,0.75,0.625,0.625,0.625,0.625,0.375,0.25260853361531604,0.2998934288819631,0.5261971950531006,0.7298910021781921,0.21985560655593872,0.853972315788269,0.14602750539779663,0.7063161134719849,0.2936837077140808,0.702810778973194,0.6666666666666666,0.75,0.75,0.75,0.625,0.625,0.625,0.625,0.375,0.25444728741948763,0.29990431666374207,0.5286928415298462,0.7298910021781921,0.21985560655593872,0.853972315788269,0.14602750539779663,0.7063161134719849,0.2936837077140808,1.0887781778989858e-05,0.0,0.001838753804171589,0.0,0.0,0.0,0.0,0.0,0.0,0.0,0.0,0.0,0.0,0.0,0.003790405768627547,0.0,0.0024956464767456055,0.0,0.0
2,12,3,"[0, 2, 3, 4, 5, 8, 9, 10, 12, 15, 16, 17]","[1, 6, 7, 11, 13, 14]",12,6,2,0.7602829009171775,0.5,0.6666666666666666,0.6,0.75,0.3333333333333333,0.3,0.375,0.375,0.125,0.2824396414960204,0.2537029286225637,0.593828558921814,0.7183152437210083,0.2297217845916748,0.8522642254829407,0.1477358341217041,0.6882922053337097,0.3117077946662903,0.769491647463668,0.5,0.6666666666666666,0.6,0.75,0.3333333333333333,0.3,0.375,0.375,0.125,0.2866491960657214,0.4044086039066314,0.6066164970397949,0.7183152437210083,0.2297217845916748,0.8522642254829407,0.1477358341217041,0.6882922053337097,0.3117077946662903,0.1507056752840677,0.0,0.004209554569701013,0.0,0.0,0.0,0.0,0.0,0.0,0.0,0.0,0.0,0.0,0.0,0.00920874654649051,0.0,0.012787938117980957,0.0,0.0
3,3,1,"[0, 5, 14]","[1, 2, 3, 4, 6, 7, 8, 9, 10, 11, 12, 13, 15, 16, 17]",3,15,2,0.6312997720871418,0.7333333333333333,0.8,0.8,0.8,0.7,0.7,0.7,0.7,0.66,0.22011749749242118,0.265997858842214,1.0299748182296753,0.6468976736068726,0.2917041778564453,0.7226304411888123,0.27736955881118774,0.6939612030982971,0.3060387969017029,0.6047746609878747,0.7333333333333333,0.8181818181818182,0.75,0.9,0.6590909090909092,0.7083333333333333,0.65,0.65,0.7000000000000001,0.2076502041224611,0.2553140004475911,0.3948896825313568,0.6468976736068726,0.2917041778564453,0.7226303815841675,0.2773696184158325,0.6939612030982971,0.3060387969017029,-0.01068385839462288,0.0,-0.01246729336996008,-0.050000000000000044,0.008333333333333304,0.09999999999999998,-0.04999999999999993,0.0,0.0,-0.04999999999999993,0.040000000000000036,-0.040909090909090784,0.0,0.0,-0.02652511109926714,-5.960464477539063e-08,-0.6350851356983185,0.018181818181818188,5.960464477539063e-08
3,3,2,"[1, 2, 15]","[0, 3, 4, 5, 6, 7, 8, 9, 10, 11, 12, 13, 14, 16, 17]",3,15,2,0.6570780527242177,0.7333333333333333,0.7777777777777778,0.875,0.7,0.7222222222222222,0.7232142857142857,0.75,0.75,0.7200000000000001,0.2316222897327955,0.35348209142684933,0.42548683285713196,0.6415308117866516,0.29070866107940674,0.7327924370765686,0.26720744371414185,0.6857901811599731,0.3142097592353821,0.6212740161601071,0.8,0.8421052631578947,0.8888888888888888,0.8,0.784688995215311,0.7777777777777777,0.8,0.8,0.7200000000000001,0.2153562334578451,0.4050134658813476,0.3939755856990814,0.6415308117866516,0.29070866107940674,0.7327924370765686,0.26720744371414185,0.6857901811599731,0.3142097592353821,0.05153137445449829,0.0,-0.016266056274950397,0.01388888888888884,0.05456349206349198,0.10000000000000009,0.050000000000000044,0.0,0.0,0.050000000000000044,0.0,0.06246677299308878,0.06666666666666676,0.0,-0.035804036564110575,0.0,-0.03151124715805054,0.0643274853801169,0.0
3,3,3,"[7, 10, 17]","[0, 1, 2, 3, 4, 5, 6, 8, 9, 11, 12, 13, 14, 15, 16]",3,15,2,0.7096860866767543,0.6666666666666666,0.7368421052631579,0.7777777777777778,0.7,0.6411483253588517,0.6388888888888888,0.6499999999999999,0.6499999999999999,0.56,0.2568431050426266,0.3370097200075785,0.47902485728263855,0.6347710490226746,0.3023473620414734,0.7100387811660767,0.2899613380432129,0.6852667331695557,0.3147333264350891,0.6905600845118279,0.6666666666666666,0.7619047619047619,0.7272727272727273,0.8,0.6031746031746031,0.6136363636363636,0.6000000000000001,0.6000000000000001,0.6000000000000001,0.24835269059112222,0.3112019101778666,0.4640563726425171,0.6347710490226746,0.3023473620414734,0.7100387811660767,0.2899613380432129,0.6852667331695557,0.3147333264350891,-0.025807809829711925,0.0,-0.008490414451504363,-0.0505050505050505,-0.025252525252525193,0.10000000000000009,-0.04999999999999982,0.0,0.0,-0.04999999999999982,0.040000000000000036,-0.03797372218424855,0.0,0.0,-0.019126002164926326,0.0,-0.01496848464012146,0.02506265664160401,0.0
3,3,4,"[6, 8, 12]","[0, 1, 2, 3, 4, 5, 7, 9, 10, 11, 13, 14, 15, 16, 17]",3,15,2,0.7202621467906529,0.6666666666666666,0.7368421052631579,0.7777777777777778,0.7,0.6411483253588517,0.6388888888888888,0.6499999999999999,0.6499999999999999,0.54,0.2610320219244399,0.30822454690933226,0.4808003902435303,0.6406436562538147,0.2964590787887573,0.7209255695343018,0.27907443046569824,0.6861563920974731,0.31384360790252686,0.7141766906233772,0.6666666666666666,0.7619047619047619,0.7272727272727273,0.8,0.6031746031746031,0.6136363636363636,0.6000000000000001,0.6000000000000001,0.54,0.25803691231649695,0.30149837334950763,0.4774326980113983,0.6406436562538147,0.2964590787887573,0.7209255695343018,0.27907443046569824,0.6861563920974731,0.31384360790252686,-0.006726173559824633,0.0,-0.0029951096079429695,-0.0505050505050505,-0.025252525252525193,0.10000000000000009,-0.04999999999999982,0.0,0.0,-0.04999999999999982,0.0,-0.03797372218424855,0.0,0.0,-0.006085456167275738,0.0,-0.003367692232131958,0.02506265664160401,0.0
3,3,5,"[9, 13, 16]","[0, 1, 2, 3, 4, 5, 6, 7, 8, 10, 11, 12, 14, 15, 17]",3,15,2,0.6385462844102513,0.7333333333333333,0.8,0.8,0.8,0.7,0.7,0.7,0.7,0.66,0.22290283348105136,0.2634233474731445,0.44001320004463196,0.6281424164772034,0.3085121512413025,0.700466513633728,0.2995334267616272,0.6825090646743774,0.317490816116333,0.6239982094819723,0.8,0.8571428571428571,0.8181818181818182,0.9,0.7619047619047619,0.7840909090909092,0.75,0.75,0.68,0.21597017000116286,0.32139949401219686,0.42949652671813965,0.6281424164772034,0.3085121512413025,0.700466513633728,0.2995334267616272,0.6825090646743774,0.317490816116333,0.057976146539052364,0.0,-0.006932663479888496,0.018181818181818188,0.08409090909090922,0.09999999999999998,0.050000000000000044,0.0,0.0,0.050000000000000044,0.020000000000000018,0.06190476190476191,0.06666666666666676,0.0,-0.014548074928279031,0.0,-0.01051667332649231,0.05714285714285705,0.0
3,3,6,"[3, 4, 11]","[0, 1, 2, 5, 6, 7, 8, 9, 10, 12, 13, 14, 15, 16, 17]",3,15,2,0.6188643640902172,0.8,0.8421052631578947,0.8888888888888888,0.8,0.784688995215311,0.7777777777777777,0.8,0.8,0.74,0.21389080976143954,0.3232933004697164,0.3877655565738678,0.6462057828903198,0.28491657972335815,0.7372482419013977,0.2627517580986023,0.6929186582565308,0.30708134174346924,0.5770693391602683,0.8,0.8421052631578947,0.8888888888888888,0.8,0.784688995215311,0.7777777777777777,0.8,0.8,0.8200000000000001,0.19538790272054793,0.17841775019963582,0.35745906829833984,0.6462057828903198,0.28491657972335815,0.7372482419013977,0.2627517580986023,0.6929186582565308,0.30708134174346924,-0.14487555027008056,0.0,-0.01850290704089161,0.0,0.0,0.0,0.0,0.0,0.0,0.0,0.08000000000000007,0.0,0.0,0.0,-0.04179502492994891,0.0,-0.030306488275527954,0.0,0.0
3,6,1,"[0, 1, 2, 6, 13, 15]","[3, 4, 5, 7, 8, 9, 10, 11, 12, 14, 16, 17]",6,12,2,0.6375535005351823,0.75,0.8,0.8571428571428571,0.75,0.7333333333333334,0.7285714285714285,0.75,0.75,0.71875,0.222606229812336,0.32146251698335016,0.4142727553844452,0.6458154916763306,0.28922438621520996,0.7356539368629456,0.26434606313705444,0.6858974099159241,0.3141026496887207,0.5903727431767063,0.75,0.8235294117647058,0.7777777777777778,0.875,0.6974789915966386,0.7222222222222222,0.6875,0.6875,0.71875,0.20036982505603476,0.21691908439000443,0.37903451919555664,0.6458154916763306,0.28922438621520996,0.7356539368629456,0.26434606313705444,0.6858974099159241,0.3141026496887207,-0.10454343259334573,0.0,-0.02223640475630123,-0.0793650793650793,-0.006349206349206327,0.125,-0.0625,0.0,0.0,-0.0625,0.0,-0.03585434173669477,0.0,0.0,-0.047180757358476044,0.0,-0.03523823618888855,0.0235294117647058,0.0
3,6,2,"[4, 5, 8, 10, 12, 16]","[0, 1, 2, 3, 6, 7, 9, 11, 13, 14, 15, 17]",6,12,2,0.7508751702244302,0.5833333333333334,0.6666666666666666,0.7142857142857143,0.625,0.5555555555555556,0.5571428571428572,0.5625,0.5625,0.46875,0.2757075259338435,0.32175304989020026,0.5312991142272949,0.6402000188827515,0.29551374912261963,0.7213311791419983,0.2786688208580017,0.6876412630081177,0.3123587369918823,0.7200907338768828,0.5833333333333334,0.7058823529411765,0.6666666666666666,0.75,0.4957983193277311,0.5,0.5,0.5,0.53125,0.2613778774411582,0.24982812007268268,0.5102021098136902,0.6402000188827515,0.29551374912261963,0.7213311791419983,0.2786688208580017,0.6876412630081177,0.3123587369918823,-0.07192492981751758,0.0,-0.01432964849268531,-0.04761904761904767,-0.05714285714285716,0.125,-0.0625,0.0,0.0,-0.0625,0.0625,-0.05975723622782447,0.0,0.0,-0.03078443634754735,0.0,-0.021097004413604736,0.03921568627450989,0.0
3,6,3,"[3, 7, 9, 11, 14, 17]","[0, 1, 2, 4, 5, 6, 8, 10, 12, 13, 15, 16]",6,12,2,0.5994380707117007,0.8333333333333334,0.875,0.875,0.875,0.8125,0.8125,0.8125,0.8125,0.75,0.20488983969786,0.2839517792065938,0.4088417589664459,0.6330621838569641,0.30259764194488525,0.705065906047821,0.29493415355682373,0.689738929271698,0.3102611303329468,0.5744874956326502,0.8333333333333334,0.875,0.875,0.875,0.8125,0.8125,0.8125,0.8125,0.8125,0.19354767793355498,0.2747923930486043,0.38904327154159546,0.6330621838569641,0.30259764194488525,0.705065906047821,0.29493415355682373,0.689738929271698,0.3102611303329468,-0.009159386157989502,0.0,-0.011342161764305025,0.0,0.0,0.0,0.0,0.0,0.0,0.0,0.0625,0.0,0.0,0.0,-0.02495057507905052,0.0,-0.019798487424850464,0.0,0.0
3,9,1,"[1, 2, 3, 5, 8, 10, 12, 13, 16]","[0, 4, 6, 7, 9, 11, 14, 15, 17]",9,9,2,0.8033574675830493,0.5555555555555556,0.6666666666666666,0.6666666666666666,0.6666666666666666,0.5,0.5,0.5,0.5,0.3888888888888889,0.3007244839510824,0.38923825158013237,0.6087870597839355,0.6437517404556274,0.2868342995643616,0.7399954199790955,0.26000458002090454,0.6863360404968262,0.31366395950317383,0.7471292187975788,0.4444444444444444,0.6153846153846154,0.5714285714285714,0.6666666666666666,0.3076923076923077,0.2857142857142857,0.3333333333333333,0.3333333333333333,0.5,0.27592572851808556,0.2650380730628968,0.566564679145813,0.6437517404556274,0.2868342995643616,0.7399954199790955,0.26000458002090454,0.6863360404968262,0.31366395950317383,-0.12420017851723558,0.0,-0.024798755432996866,-0.09523809523809523,-0.2142857142857143,0.0,-0.16666666666666669,0.0,0.0,-0.16666666666666669,0.1111111111111111,-0.1923076923076923,-0.11111111111111116,0.0,-0.0562282487854705,0.0,-0.04222238063812256,-0.05128205128205121,0.0
3,9,2,"[0, 4, 6, 7, 9, 11, 14, 15, 17]","[1, 2, 3, 5, 8, 10, 12, 13, 16]",9,9,2,0.5218818939247165,0.8888888888888888,0.9090909090909091,1.0,0.8333333333333334,0.8831168831168831,0.875,0.9166666666666667,0.9166666666666667,1.0,0.16807603955440392,0.4007413917117648,0.37165096402168274,0.6356333494186401,0.3047229051589966,0.7013719081878662,0.2986280918121338,0.6891822218894958,0.31081777811050415,0.4986839432140731,1.0,1.0,1.0,1.0,1.0,1.0,1.0,1.0,1.0,0.15666187433038914,0.387775076760186,0.35480430722236633,0.6356333494186401,0.3047229051589966,0.7013719081878662,0.2986280918121338,0.6891822218894958,0.31081777811050415,-0.012966314951578795,0.0,-0.011414165224014783,0.0,0.125,0.16666666666666663,0.08333333333333326,0.0,0.0,0.08333333333333326,0.0,0.11688311688311692,0.11111111111111116,0.0,-0.0231979507106434,0.0,-0.016846656799316406,0.09090909090909094,0.0
3,12,1,"[0, 1, 3, 5, 6, 7, 8, 9, 10, 11, 13, 15]","[2, 4, 12, 14, 16, 17]",12,6,2,0.6039782488708222,1.0,1.0,1.0,1.0,1.0,1.0,1.0,1.0,1.0,0.2057757455498813,0.45230101545651746,0.44999781250953674,0.6345492005348206,0.30856388807296753,0.7099407315254211,0.29005926847457886,0.6729313731193542,0.32706862688064575,0.5343321263516582,1.0,1.0,1.0,1.0,1.0,1.0,1.0,1.0,1.0,0.17204331530835346,0.41195932030677795,0.39922580122947693,0.6345492005348206,0.30856388807296753,0.7099407315254211,0.29005926847457886,0.6729313731193542,0.32706862688064575,-0.04034169514973951,0.0,-0.03373243024152783,0.0,0.0,0.0,0.0,0.0,0.0,0.0,0.0,0.0,0.0,0.0,-0.06964612251916402,0.0,-0.050772011280059814,0.0,0.0
3,12,2,"[1, 2, 3, 6, 8, 9, 10, 12, 14, 15, 16, 17]","[0, 4, 5, 7, 11, 13]",12,6,2,0.7991731351671859,0.6666666666666666,0.75,0.75,0.75,0.625,0.625,0.625,0.625,0.375,0.29620627908282904,0.524635374546051,0.6769537329673767,0.6213197708129883,0.31026512384414673,0.7011104226112366,0.2988895773887634,0.6783592700958252,0.3216407299041748,0.7108615444257474,0.6666666666666666,0.75,0.75,0.75,0.625,0.625,0.625,0.625,0.375,0.25690233046394634,0.3826507131258646,0.602329671382904,0.6213197708129883,0.31026512384414673,0.7011104226112366,0.2988895773887634,0.6783592700958252,0.3216407299041748,-0.1419846614201864,0.0,-0.0393039486188827,0.0,0.0,0.0,0.0,0.0,0.0,0.0,0.0,0.0,0.0,0.0,-0.08831159074143846,0.0,-0.07462406158447266,0.0,0.0
3,12,3,"[0, 1, 3, 4, 5, 6, 8, 10, 11, 12, 15, 17]","[2, 7, 9, 13, 14, 16]",12,6,2,0.684657346237548,0.8333333333333334,0.8571428571428571,1.0,0.75,0.8285714285714285,0.8333333333333333,0.875,0.875,0.75,0.24463818915405744,0.48619801799456275,0.5438973903656006,0.6518576145172119,0.2838238477706909,0.7467938661575317,0.25320619344711304,0.685558557510376,0.3144415020942688,0.6350384180165057,0.5,0.6666666666666666,0.6,0.75,0.3333333333333333,0.3,0.375,0.375,0.75,0.2221672894589856,0.4553517401218414,0.5077632069587708,0.6518576145172119,0.2838238477706909,0.7467938661575317,0.25320619344711304,0.685558557510376,0.3144415020942688,-0.030846277872721373,0.0,-0.02247089969507185,-0.4,-0.5333333333333332,0.0,-0.5,0.0,0.0,-0.5,0.0,-0.4952380952380952,-0.33333333333333337,0.0,-0.0496189282210423,0.0,-0.036134183406829834,-0.19047619047619047,0.0
4,3,1,"[6, 12, 13]","[0, 1, 2, 3, 4, 5, 7, 8, 9, 10, 11, 14, 15, 16, 17]",3,15,2,0.7639039710993653,0.4666666666666667,0.6,0.6666666666666666,0.5454545454545454,0.4,0.41666666666666663,0.3977272727272727,0.3977272727272727,0.36363636363636365,0.2823684095102494,0.2375856359799703,1.258841872215271,0.6295114159584045,0.32232654094696045,0.7037457823753357,0.29625433683395386,0.6516013145446777,0.34839874505996704,0.7782836614065202,0.4666666666666667,0.6,0.6666666666666666,0.5454545454545454,0.4,0.41666666666666663,0.3977272727272727,0.3977272727272727,0.29545454545454547,0.2881996070077989,0.2752516071001688,0.5399885177612305,0.6295114159584045,0.32232654094696045,0.7037457823753357,0.29625433683395386,0.6516013145446777,0.34839874505996704,0.03766597112019854,0.0,0.005831197497549512,0.0,0.0,0.0,0.0,0.0,0.0,0.0,-0.06818181818181818,0.0,0.0,0.0,0.014379690307154913,0.0,-0.7188533544540405,0.0,0.0
4,3,2,"[4, 11, 17]","[0, 1, 2, 3, 5, 6, 7, 8, 9, 10, 12, 13, 14, 15, 16]",3,15,2,0.6979490705239725,0.5333333333333333,0.6666666666666666,0.7,0.6363636363636364,0.4444444444444444,0.44999999999999996,0.4431818181818182,0.4431818181818182,0.5,0.2504088196953422,0.21978172461191814,0.45750293135643005,0.6319437623023987,0.32384634017944336,0.7010510563850403,0.2989489436149597,0.6512562036514282,0.3487437963485718,0.6968447585602068,0.5333333333333333,0.6666666666666666,0.7,0.6363636363636364,0.4444444444444444,0.44999999999999996,0.4431818181818182,0.4431818181818182,0.5,0.24999146064243113,0.2202100396156311,0.4563782811164856,0.6319437623023987,0.32384634017944336,0.7010510563850403,0.2989489436149597,0.6512562036514282,0.3487437963485718,0.00042831500371295905,0.0,-0.0004173590529110427,0.0,0.0,0.0,0.0,0.0,0.0,0.0,0.0,0.0,0.0,0.0,-0.0011043119637657028,0.0,-0.001124650239944458,0.0,0.0
4,3,3,"[0, 1, 5]","[2, 3, 4, 6, 7, 8, 9, 10, 11, 12, 13, 14, 15, 16, 17]",3,15,2,0.7211924943495216,0.5333333333333333,0.6666666666666666,0.7,0.6363636363636364,0.4444444444444444,0.44999999999999996,0.4431818181818182,0.4431818181818182,0.40909090909090906,0.26175320323205037,0.16749436855316163,0.4681837856769562,0.6316901445388794,0.31966638565063477,0.7068552374839783,0.2931446433067322,0.6538118124008179,0.34618812799453735,0.7101814469743857,0.5333333333333333,0.6666666666666666,0.7,0.6363636363636364,0.4444444444444444,0.44999999999999996,0.4431818181818182,0.4431818181818182,0.40909090909090906,0.2567144580459773,0.15077873468399047,0.45846226811408997,0.6316901445388794,0.31966638565063477,0.7068552374839783,0.2931446433067322,0.6538118124008179,0.34618812799453735,-0.01671563386917116,0.0,-0.005038745186073057,0.0,0.0,0.0,0.0,0.0,0.0,0.0,0.0,0.0,0.0,0.0,-0.011011047375135918,0.0,-0.009721517562866211,0.0,0.0
4,3,4,"[2, 8, 14]","[0, 1, 3, 4, 5, 6, 7, 9, 10, 11, 12, 13, 15, 16, 17]",3,15,2,0.7456104357713506,0.4666666666666667,0.6363636363636364,0.6363636363636364,0.6363636363636364,0.3181818181818182,0.3181818181818182,0.3181818181818182,0.3181818181818182,0.36363636363636365,0.273453641756774,0.22648781935373946,0.48811399936676025,0.6321035027503967,0.31909888982772827,0.7124849557876587,0.2875150442123413,0.64931720495224,0.35068279504776,0.7210551594660515,0.4666666666666667,0.6363636363636364,0.6363636363636364,0.6363636363636364,0.3181818181818182,0.3181818181818182,0.3181818181818182,0.3181818181818182,0.36363636363636365,0.26185526208875115,0.326957623163859,0.4685128927230835,0.6321035027503967,0.31909888982772827,0.7124849557876587,0.2875150442123413,0.64931720495224,0.35068279504776,0.10046980381011955,0.0,-0.011598379668022851,0.0,0.0,0.0,0.0,0.0,0.0,0.0,0.0,0.0,0.0,0.0,-0.02455527630529908,0.0,-0.019601106643676758,0.0,0.0
4,3,5,"[7, 9, 16]","[0, 1, 2, 3, 4, 5, 6, 8, 10, 11, 12, 13, 14, 15, 17]",3,15,2,0.7659796274731889,0.4666666666666667,0.6,0.6,0.6,0.4,0.4,0.4,0.4,0.39999999999999997,0.2830164339824081,0.23665868838628135,0.5084691047668457,0.6289255023002625,0.32519298791885376,0.7016523480415344,0.2983476519584656,0.6479616761207581,0.35203832387924194,0.7451034103331693,0.4666666666666667,0.6,0.6,0.6,0.4,0.4,0.4,0.4,0.39999999999999997,0.27376821571571663,0.2991723616917928,0.49111223220825195,0.6289255023002625,0.32519298791885376,0.7016523480415344,0.2983476519584656,0.6479616761207581,0.35203832387924194,0.06251367330551144,0.0,-0.009248218266691477,0.0,0.0,0.0,0.0,0.0,0.0,0.0,0.0,0.0,0.0,0.0,-0.020876217140019637,0.0,-0.01735687255859375,0.0,0.0
4,3,6,"[3, 10, 15]","[0, 1, 2, 4, 5, 6, 7, 8, 9, 11, 12, 13, 14, 16, 17]",3,15,2,0.6840687212610495,0.5333333333333333,0.6666666666666666,0.7,0.6363636363636364,0.4444444444444444,0.44999999999999996,0.4431818181818182,0.4431818181818182,0.5454545454545454,0.2460740297772628,0.1559243440628052,0.4357012212276459,0.6299404501914978,0.32237619161605835,0.7042365670204163,0.29576343297958374,0.6510109901428223,0.34898900985717773,0.6761204596562929,0.5333333333333333,0.6666666666666666,0.7,0.6363636363636364,0.4444444444444444,0.44999999999999996,0.4431818181818182,0.4431818181818182,0.5227272727272727,0.24253775052208978,0.126585590839386,0.43004509806632996,0.6299404501914978,0.32237619161605835,0.7042365670204163,0.29576343297958374,0.6510109901428223,0.34898900985717773,-0.029338753223419195,0.0,-0.003536279255173025,0.0,0.0,0.0,0.0,0.0,0.0,0.0,-0.022727272727272707,0.0,0.0,0.0,-0.00794826160475659,0.0,-0.005656123161315918,0.0,0.0
4,6,1,"[4, 6, 9, 11, 13, 16]","[0, 1, 2, 3, 5, 7, 8, 10, 12, 14, 15, 17]",6,12,2,0.7561776375096464,0.5,0.625,0.7142857142857143,0.5555555555555556,0.4375,0.4571428571428572,0.4444444444444444,0.4444444444444444,0.3703703703703704,0.2775440105288305,0.14765823880831397,0.5418378710746765,0.6273651719093323,0.32814788818359375,0.6930843591690063,0.30691564083099365,0.6506199836730957,0.3493800163269043,0.7490173685687291,0.5,0.625,0.7142857142857143,0.5555555555555556,0.4375,0.4571428571428572,0.4444444444444444,0.4444444444444444,0.3703703703703704,0.27393069214491456,0.267266700665156,0.541551947593689,0.6273651719093323,0.32814788818359375,0.6930843591690063,0.30691564083099365,0.6506199836730957,0.3493800163269043,0.11960846185684204,0.0,-0.003613318383915931,0.0,0.0,0.0,0.0,0.0,0.0,0.0,0.0,0.0,0.0,0.0,-0.007160268940917258,0.0,-0.00028592348098754883,0.0,0.0
4,6,2,"[0, 2, 5, 7, 10, 14]","[1, 3, 4, 6, 8, 9, 11, 12, 13, 15, 16, 17]",6,12,2,0.6444482372332209,0.5833333333333334,0.7058823529411765,0.75,0.6666666666666666,0.4957983193277311,0.5,0.5,0.5,0.5925925925925926,0.227170419962619,0.21874207258224487,0.40147513151168823,0.637945830821991,0.31345492601394653,0.7138904333114624,0.2861096262931824,0.6591998934745789,0.3408001661300659,0.6368096824421717,0.5833333333333334,0.7058823529411765,0.75,0.6666666666666666,0.4957983193277311,0.5,0.5,0.5,0.5555555555555556,0.2234530541483847,0.12655570606390634,0.39334335923194885,0.637945830821991,0.31345492601394653,0.7138904333114624,0.2861096262931824,0.6591998934745789,0.3408001661300659,-0.09218636651833853,0.0,-0.0037173658142342914,0.0,0.0,0.0,0.0,0.0,0.0,0.0,-0.03703703703703698,0.0,0.0,0.0,-0.007638554791049135,0.0,-0.00813177227973938,0.0,0.0
4,6,3,"[1, 3, 8, 12, 15, 17]","[0, 2, 4, 5, 6, 7, 9, 10, 11, 13, 14, 16]",6,12,2,0.7887275352918257,0.4166666666666667,0.5882352941176471,0.5555555555555556,0.625,0.29411764705882354,0.2777777777777778,0.3125,0.3125,0.34375,0.2938231409756879,0.3012204070885976,0.5397111773490906,0.6267579197883606,0.32464516162872314,0.7080380916595459,0.2919619083404541,0.642671525478363,0.35732847452163696,0.7673314244296009,0.4166666666666667,0.5882352941176471,0.5555555555555556,0.625,0.29411764705882354,0.2777777777777778,0.3125,0.3125,0.34375,0.28308631988847566,0.3200625628232956,0.5315612554550171,0.6267579197883606,0.32464516162872314,0.7080380916595459,0.2919619083404541,0.642671525478363,0.35732847452163696,0.018842155734697996,0.0,-0.010736821087212245,0.0,0.0,0.0,0.0,0.0,0.0,0.0,0.0,0.0,0.0,0.0,-0.021396110862224815,0.0,-0.008149921894073486,0.0,0.0
4,9,1,"[0, 1, 2, 3, 7, 8, 12, 14, 16]","[4, 5, 6, 9, 10, 11, 13, 15, 17]",9,9,2,0.8543490738198742,0.3333333333333333,0.5,0.5,0.5,0.25,0.25,0.25,0.25,0.22222222222222224,0.32407851154663625,0.40222165319654674,0.6043875217437744,0.6345204710960388,0.31521642208099365,0.7217627167701721,0.2782372236251831,0.6478042602539062,0.352195680141449,0.8132494679840772,0.3333333333333333,0.5,0.5,0.5,0.25,0.25,0.25,0.25,0.16666666666666669,0.3030288780583704,0.35949765311347115,0.5770778656005859,0.6345204710960388,0.31521642208099365,0.7217627167701721,0.2782372236251831,0.6478042602539062,0.352195680141449,-0.042724000083075586,0.0,-0.02104963348826583,0.0,0.0,0.0,0.0,0.0,0.0,0.0,-0.05555555555555555,0.0,0.0,0.0,-0.04109960583579708,0.0,-0.027309656143188477,0.0,0.0
4,9,2,"[4, 5, 6, 9, 10, 11, 13, 15, 17]","[0, 1, 2, 3, 7, 8, 12, 14, 16]",9,9,2,0.6052196650951605,0.6666666666666666,0.7692307692307693,0.8333333333333334,0.7142857142857143,0.5846153846153846,0.5833333333333334,0.6071428571428572,0.6071428571428572,0.7142857142857143,0.2082803484898388,0.052865730391608315,0.44691258668899536,0.6268588304519653,0.3289486765861511,0.6882458925247192,0.31175410747528076,0.653856635093689,0.34614336490631104,0.5658201724631367,0.6666666666666666,0.7692307692307693,0.8333333333333334,0.7142857142857143,0.5846153846153846,0.5833333333333334,0.6071428571428572,0.6071428571428572,0.7142857142857143,0.1908687317257982,0.2722739908430311,0.4164407253265381,0.6268588304519653,0.3289486765861511,0.6882458925247192,0.31175410747528076,0.653856635093689,0.34614336490631104,0.2194082604514228,0.0,-0.0174116167640406,0.0,0.0,0.0,0.0,0.0,0.0,0.0,0.0,0.0,0.0,0.0,-0.0393994926320238,0.0,-0.030471861362457275,0.0,0.0
4,12,1,"[0, 1, 2, 4, 5, 6, 7, 9, 10, 11, 15, 16]","[3, 8, 12, 13, 14, 17]",12,6,2,0.7980057323461169,0.3333333333333333,0.3333333333333333,0.5,0.25,0.3333333333333333,0.375,0.375,0.375,0.25,0.30058492975914036,0.28004161516825354,0.6436583995819092,0.6328322291374207,0.3200046420097351,0.7103767395019531,0.28962332010269165,0.6496140360832214,0.35038602352142334,0.7998580131220724,0.3333333333333333,0.3333333333333333,0.5,0.25,0.3333333333333333,0.375,0.375,0.375,0.25,0.3022188673996656,0.42431937654813123,0.63937908411026,0.6328322291374207,0.3200046420097351,0.7103767395019531,0.28962332010269165,0.6496140360832214,0.35038602352142334,0.1442777613798777,0.0,0.0016339376405252182,0.0,0.0,0.0,0.0,0.0,0.0,0.0,0.0,0.0,0.0,0.0,0.0018522807759554505,0.0,-0.00427931547164917,0.0,0.0
4,12,2,"[1, 3, 4, 5, 7, 10, 11, 12, 13, 15, 16, 17]","[0, 2, 6, 8, 9, 14]",12,6,2,0.6585950960028922,0.5,0.5714285714285714,0.6666666666666666,0.5,0.4857142857142857,0.5,0.5,0.5,0.625,0.23392817757845638,0.3727582891782124,0.5468802452087402,0.6244704127311707,0.33335524797439575,0.6954885721206665,0.30451148748397827,0.6378009915351868,0.362199068069458,0.6421212728545966,0.3333333333333333,0.5,0.5,0.5,0.25,0.25,0.25,0.25,0.5,0.2280954491584565,0.45463387171427405,0.536833643913269,0.6244704127311707,0.33335524797439575,0.6954885721206665,0.30451148748397827,0.6378009915351868,0.362199068069458,0.08187558253606164,0.0,-0.0058327284199998775,-0.16666666666666663,-0.25,0.0,-0.25,0.0,0.0,-0.25,-0.125,-0.2357142857142857,-0.16666666666666669,0.0,-0.016473823148295597,0.0,-0.010046601295471191,-0.0714285714285714,0.0
4,12,3,"[0, 1, 2, 3, 4, 5, 7, 9, 10, 11, 14, 16]","[6, 8, 12, 13, 15, 17]",12,6,2,0.5852799308411865,0.6666666666666666,0.75,0.75,0.75,0.625,0.625,0.625,0.625,0.75,0.1979242961313966,0.23173845807711285,0.43811434507369995,0.6268723607063293,0.32678908109664917,0.6997500658035278,0.30024999380111694,0.6466719508171082,0.3533281087875366,0.5982348830494274,0.5,0.6666666666666666,0.6,0.75,0.3333333333333333,0.3,0.375,0.375,0.75,0.2059107640194049,0.43454983830451965,0.4528532326221466,0.6268723607063293,0.32678908109664917,0.6997500658035278,0.30024999380111694,0.6466719508171082,0.3533281087875366,0.2028113802274068,0.0,0.007986467888008303,-0.15000000000000002,-0.325,0.0,-0.25,0.0,0.0,-0.25,0.0,-0.2916666666666667,-0.16666666666666663,0.0,0.012954952208240944,0.0,0.014738887548446655,-0.08333333333333337,0.0
5,3,1,"[7, 9, 15]","[0, 1, 2, 3, 4, 5, 6, 8, 10, 11, 12, 13, 14, 16, 17]",3,15,2,0.5763001364239471,0.6666666666666666,0.782608695652174,1.0,0.6428571428571429,0.5341614906832298,0.5833333333333334,0.8214285714285714,0.8214285714285714,0.7857142857142857,0.1995125749547396,0.19353607892990113,1.0359035730361938,0.6920880079269409,0.23957401514053345,0.8747166395187378,0.12528324127197266,0.6461352109909058,0.35386472940444946,0.5256423800846093,0.6666666666666666,0.782608695652174,1.0,0.6428571428571429,0.5341614906832298,0.5833333333333334,0.8214285714285714,0.8214285714285714,0.7857142857142857,0.1782740879789344,0.1869756778081258,0.31072962284088135,0.6920880079269409,0.23957401514053345,0.8747166395187378,0.12528324127197266,0.6461352109909058,0.35386472940444946,-0.006560401121775333,0.0,-0.021238486975805188,0.0,0.0,0.0,0.0,0.0,0.0,0.0,0.0,0.0,0.0,0.0,-0.05065775633933778,0.0,-0.7251739501953125,0.0,0.0
5,3,2,"[1, 2, 17]","[0, 3, 4, 5, 6, 7, 8, 9, 10, 11, 12, 13, 14, 15, 16]",3,15,2,0.46030547588493775,0.8666666666666667,0.9230769230769231,1.0,0.8571428571428571,0.7115384615384616,0.6666666666666666,0.9285714285714286,0.9285714285714286,0.8571428571428571,0.14600763324103247,0.2557953317960104,0.26124459505081177,0.6939931511878967,0.23773789405822754,0.8758288621902466,0.12417113780975342,0.6486953496932983,0.35130465030670166,0.43487451157225937,0.8666666666666667,0.9230769230769231,1.0,0.8571428571428571,0.7115384615384616,0.6666666666666666,0.9285714285714286,0.9285714285714286,0.8571428571428571,0.1349311554856793,0.2349797209103902,0.2416130006313324,0.6939931511878967,0.23773789405822754,0.8758288621902466,0.12417113780975342,0.6486953496932983,0.35130465030670166,-0.020815610885620173,0.0,-0.01107647775535317,0.0,0.0,0.0,0.0,0.0,0.0,0.0,0.0,0.0,0.0,0.0,-0.025430964312678384,0.0,-0.01963159441947937,0.0,0.0
5,3,3,"[6, 14, 16]","[0, 1, 2, 3, 4, 5, 7, 8, 9, 10, 11, 12, 13, 15, 17]",3,15,2,0.5960375085315407,0.6666666666666666,0.782608695652174,1.0,0.6428571428571429,0.5341614906832298,0.5833333333333334,0.8214285714285714,0.8214285714285714,0.7857142857142857,0.2062955971023666,0.20580387910207115,0.3696826100349426,0.6968730688095093,0.2354649305343628,0.8760216236114502,0.1239783763885498,0.653048574924469,0.346951425075531,0.5645075445595221,0.6666666666666666,0.782608695652174,1.0,0.6428571428571429,0.5341614906832298,0.5833333333333334,0.8214285714285714,0.8214285714285714,0.7857142857142857,0.19332290191995607,0.17354045708974206,0.3440570831298828,0.6968730688095093,0.2354649305343628,0.8760216236114502,0.1239783763885498,0.653048574924469,0.346951425075531,-0.032263422012329096,0.0,-0.012972695182410537,0.0,0.0,0.0,0.0,0.0,0.0,0.0,0.0,0.0,0.0,0.0,-0.03152996397201857,0.0,-0.025625526905059814,0.0,0.0
5,3,4,"[8, 10, 12]","[0, 1, 2, 3, 4, 5, 6, 7, 9, 11, 13, 14, 15, 16, 17]",3,15,2,0.6018378033707426,0.6666666666666666,0.8,1.0,0.6666666666666666,0.4,0.5,0.3333333333333333,0.3333333333333333,nan,0.21059024074506555,0.24428621530532837,0.3878679573535919,0.6963742971420288,0.23590129613876343,0.8759827613830566,0.12401723861694336,0.6522147059440613,0.3477852940559387,0.5755834788356534,0.6666666666666666,0.8,1.0,0.6666666666666666,0.4,0.5,0.3333333333333333,0.3333333333333333,nan,0.1990582836473734,0.14102565844853718,0.36686503887176514,0.6963742971420288,0.23590129613876343,0.8759827613830566,0.12401723861694336,0.6522147059440613,0.3477852940559387,-0.1032605568567912,0.0,-0.011531957097692142,0.0,0.0,0.0,0.0,0.0,0.0,0.0,nan,0.0,0.0,0.0,-0.026254324535089135,0.0,-0.021002918481826782,0.0,0.0
5,3,5,"[0, 11, 13]","[1, 2, 3, 4, 5, 6, 7, 8, 9, 10, 12, 14, 15, 16, 17]",3,15,2,0.5678966226031205,0.7333333333333333,0.8333333333333334,1.0,0.7142857142857143,0.5833333333333334,0.6,0.8571428571428572,0.8571428571428572,0.8571428571428571,0.19299264118534196,0.16754454771677654,0.3394790291786194,0.6910171508789062,0.24055486917495728,0.87276691198349,0.12723308801651,0.6461232900619507,0.3538767099380493,0.5191070304498866,0.7333333333333333,0.8333333333333334,1.0,0.7142857142857143,0.5833333333333334,0.6,0.8571428571428572,0.8571428571428572,0.8571428571428571,0.1719587591948734,0.22748614152272542,0.2999688982963562,0.6910171508789062,0.24055486917495728,0.87276691198349,0.12723308801651,0.6461232900619507,0.3538767099380493,0.05994159380594888,0.0,-0.021033881990468545,0.0,0.0,0.0,0.0,0.0,0.0,0.0,0.0,0.0,0.0,0.0,-0.04878959215323386,0.0,-0.039510130882263184,0.0,0.0
5,3,6,"[3, 4, 5]","[0, 1, 2, 6, 7, 8, 9, 10, 11, 12, 13, 14, 15, 16, 17]",3,15,2,0.539574462117733,0.7333333333333333,0.8333333333333334,1.0,0.7142857142857143,0.5833333333333334,0.6,0.8571428571428572,0.8571428571428572,0.8571428571428571,0.1824699286931232,0.23306496938069662,0.3299901485443115,0.6973118782043457,0.23569917678833008,0.8748928308486938,0.1251070499420166,0.6537086367607117,0.3462912440299988,0.506785141950759,0.8,0.88,1.0,0.7857142857142857,0.64,0.625,0.8928571428571428,0.8928571428571428,0.7857142857142857,0.16976632754990023,0.16221572558085123,0.3051462769508362,0.6973118782043457,0.23569917678833008,0.8748928308486938,0.1251070499420166,0.6537086367607117,0.3462912440299988,-0.07084924379984539,0.0,-0.01270360114322297,0.0,0.025000000000000022,0.0714285714285714,0.03571428571428559,0.0,0.0,0.03571428571428559,-0.0714285714285714,0.05666666666666664,0.06666666666666676,0.0,-0.032789320166974,0.0,-0.024843871593475342,0.046666666666666634,0.0
5,6,1,"[0, 1, 2, 4, 8, 14]","[3, 5, 6, 7, 9, 10, 11, 12, 13, 15, 16, 17]",6,12,2,0.4517064869473743,0.8333333333333334,0.9,1.0,0.8181818181818182,0.7,0.6666666666666666,0.9090909090909092,0.9090909090909092,0.9090909090909091,0.14249349549750093,0.2864568134148915,0.2560989260673523,0.697160005569458,0.23544663190841675,0.875176727771759,0.12482327222824097,0.6539300084114075,0.34606999158859253,0.41385343117753964,0.8333333333333334,0.9,1.0,0.8181818181818182,0.7,0.6666666666666666,0.9090909090909092,0.9090909090909092,0.9090909090909091,0.12596006761876813,0.21386481324831644,0.22791026532649994,0.697160005569458,0.23544663190841675,0.875176727771759,0.12482327222824097,0.6539300084114075,0.34606999158859253,-0.07259200016657505,0.0,-0.016533427878732798,0.0,0.0,0.0,0.0,0.0,0.0,0.0,0.0,0.0,0.0,0.0,-0.037853055769834665,0.0,-0.028188660740852356,0.0,0.0
5,6,2,"[3, 7, 9, 10, 12, 17]","[0, 1, 2, 4, 5, 6, 8, 11, 13, 14, 15, 16]",6,12,2,0.5407592044667867,0.75,0.8571428571428571,1.0,0.75,0.42857142857142855,0.5,0.375,0.375,nan,0.183554541908347,0.20175416767597198,0.3505999743938446,0.690557062625885,0.24065124988555908,0.8740660548210144,0.1259339451789856,0.644631564617157,0.355368435382843,0.508365745039493,0.75,0.8571428571428571,1.0,0.75,0.42857142857142855,0.5,0.375,0.375,nan,0.17051923432715962,0.24702794353167215,0.3281366527080536,0.690557062625885,0.24065124988555908,0.8740660548210144,0.1259339451789856,0.644631564617157,0.355368435382843,0.045273775855700166,0.0,-0.013035307581187372,0.0,0.0,0.0,0.0,0.0,0.0,0.0,nan,0.0,0.0,0.0,-0.03239345942729366,0.0,-0.022463321685791016,0.0,0.0
5,6,3,"[5, 6, 11, 13, 15, 16]","[0, 1, 2, 3, 4, 7, 8, 9, 10, 12, 14, 17]",6,12,2,0.6785105652210679,0.5833333333333334,0.7058823529411765,1.0,0.5454545454545454,0.4957983193277311,0.5833333333333334,0.7727272727272727,0.7727272727272727,0.7272727272727273,0.24288633212168867,0.2189815491437912,0.4341849684715271,0.6961145401000977,0.2363683581352234,0.8758621215820312,0.12413793802261353,0.6514012813568115,0.34859877824783325,0.6281940301434245,0.5833333333333334,0.7058823529411765,1.0,0.5454545454545454,0.4957983193277311,0.5833333333333334,0.7727272727272727,0.7727272727272727,0.7272727272727273,0.22113364052401163,0.1590114086866379,0.38885483145713806,0.6961145401000977,0.2363683581352234,0.8758621215820312,0.12413793802261353,0.6514012813568115,0.34859877824783325,-0.05997014045715329,0.0,-0.021752691597677037,0.0,0.0,0.0,0.0,0.0,0.0,0.0,0.0,0.0,0.0,0.0,-0.05031653507764344,0.0,-0.04533013701438904,0.0,0.0
5,9,1,"[3, 5, 7, 8, 10, 11, 12, 14, 16]","[0, 1, 2, 4, 6, 9, 13, 15, 17]",9,9,2,0.66847255684311,0.5555555555555556,0.7142857142857143,1.0,0.5555555555555556,0.35714285714285715,0.5,0.2777777777777778,0.2777777777777778,nan,0.24308149482091945,0.36997938818401754,0.4649415612220764,0.6980253458023071,0.2348533272743225,0.875178337097168,0.1248214840888977,0.6551148295402527,0.34488505125045776,0.6273173291676452,0.5555555555555556,0.7142857142857143,1.0,0.5555555555555556,0.35714285714285715,0.5,0.2777777777777778,0.2777777777777778,nan,0.22568111084125814,0.2418517867724101,0.4315531253814697,0.6980253458023071,0.2348533272743225,0.875178337097168,0.1248214840888977,0.6551148295402527,0.34488505125045776,-0.12812760141160745,0.0,-0.017400383979661316,0.0,0.0,0.0,0.0,0.0,0.0,0.0,nan,0.0,0.0,0.0,-0.04115522767546487,0.0,-0.03338843584060669,0.0,0.0
5,9,2,"[0, 1, 2, 4, 6, 9, 13, 15, 17]","[3, 5, 7, 8, 10, 11, 12, 14, 16]",9,9,2,0.4455063385512066,0.8888888888888888,0.9333333333333333,1.0,0.875,0.8,0.75,0.9375,0.9375,0.875,0.13620549068400115,0.26627071698506666,0.2531470060348511,0.6911957263946533,0.24012398719787598,0.8748915791511536,0.12510842084884644,0.6448604464530945,0.3551395535469055,0.42400560762422185,0.8888888888888888,0.9333333333333333,1.0,0.875,0.8,0.75,0.9375,0.9375,0.875,0.12786958574371057,0.18397814035415647,0.23714476823806763,0.6911957263946533,0.24012398719787598,0.8748915791511536,0.12510842084884644,0.6448604464530945,0.3551395535469055,-0.08229257663091019,0.0,-0.008335904940290573,0.0,0.0,0.0,0.0,0.0,0.0,0.0,0.0,0.0,0.0,0.0,-0.021500730926984735,0.0,-0.016002237796783447,0.0,0.0
5,12,1,"[0, 3, 6, 7, 9, 10, 11, 12, 13, 14, 15, 16]","[1, 2, 4, 5, 8, 17]",12,6,2,0.682824468569842,0.5,0.6666666666666666,1.0,0.5,0.3333333333333333,0.5,0.25,0.25,nan,0.24402523227219822,0.45211521784464515,0.4785301387310028,0.6859279870986938,0.24443954229354858,0.8704386949539185,0.12956130504608154,0.6406821608543396,0.3593178391456604,0.6385199022202785,0.5,0.6666666666666666,1.0,0.5,0.3333333333333333,0.5,0.25,0.25,nan,0.2267791990113507,0.43435473243395484,0.43723300099372864,0.6859279870986938,0.24443954229354858,0.8704386949539185,0.12956130504608154,0.6406821608543396,0.3593178391456604,-0.017760485410690308,0.0,-0.017246033260847504,0.0,0.0,0.0,0.0,0.0,0.0,0.0,nan,0.0,0.0,0.0,-0.04430456634956348,0.0,-0.04129713773727417,0.0,0.0
5,12,2,"[0, 2, 3, 4, 6, 10, 11, 12, 13, 15, 16, 17]","[1, 5, 7, 8, 9, 14]",12,6,2,0.47568049730018175,0.8333333333333334,0.9090909090909091,1.0,0.8333333333333334,0.45454545454545453,0.5,0.4166666666666667,0.4166666666666667,nan,0.15056198092399317,0.23275039593378696,0.29214784502983093,0.698945164680481,0.2330775260925293,0.8783446550369263,0.12165534496307373,0.6555003523826599,0.3444996476173401,0.4192053225637132,0.8333333333333334,0.9090909090909091,1.0,0.8333333333333334,0.45454545454545453,0.5,0.4166666666666667,0.4166666666666667,nan,0.12582776569412438,0.32760252555211383,0.2526872754096985,0.698945164680481,0.2330775260925293,0.8783446550369263,0.12165534496307373,0.6555003523826599,0.3444996476173401,0.09485212961832687,0.0,-0.024734215229868795,0.0,0.0,0.0,0.0,0.0,0.0,0.0,nan,0.0,0.0,0.0,-0.05647517473646857,0.0,-0.039460569620132446,0.0,0.0
5,12,3,"[2, 3, 4, 5, 7, 8, 11, 12, 13, 14, 15, 17]","[0, 1, 6, 9, 10, 16]",12,6,2,0.626100908151277,0.6666666666666666,0.75,1.0,0.6,0.625,0.6666666666666666,0.8,0.8,0.8,0.22544480592815605,0.30341121554374695,0.4256724417209625,0.6990716457366943,0.23431605100631714,0.8763638138771057,0.12363612651824951,0.6550039052963257,0.34499603509902954,0.6107405768343892,0.6666666666666666,0.75,1.0,0.6,0.625,0.6666666666666666,0.8,0.8,0.6,0.2194783896756709,0.23354904850323993,0.41025686264038086,0.6990716457366943,0.23431605100631714,0.8763638138771057,0.12363612651824951,0.6550039052963257,0.34499603509902954,-0.06986216704050702,0.0,-0.005966416252485146,0.0,0.0,0.0,0.0,0.0,0.0,0.0,-0.20000000000000007,0.0,0.0,0.0,-0.015360331316887743,0.0,-0.015415579080581665,0.0,0.0
6,3,1,"[2, 11, 12]","[0, 1, 3, 4, 5, 6, 7, 8, 9, 10, 13, 14, 15, 16, 17]",3,15,2,0.6055780423297278,0.5333333333333333,0.6956521739130435,0.8888888888888888,0.5714285714285714,0.34782608695652173,0.4444444444444444,0.2857142857142857,0.2857142857142857,0.42857142857142855,0.21132172668356322,0.28214962482452394,1.0483736991882324,0.7101189494132996,0.21988600492477417,0.8912818431854248,0.10871827602386475,0.6689462661743164,0.33105379343032837,0.6261712287817215,0.5333333333333333,0.6956521739130435,0.8888888888888888,0.5714285714285714,0.34782608695652173,0.4444444444444444,0.2857142857142857,0.2857142857142857,0.42857142857142855,0.221691970510465,0.2223845561345418,0.379374623298645,0.7101188898086548,0.21988612413406372,0.8912817239761353,0.1087183952331543,0.6689462661743164,0.33105379343032837,-0.05976506868998213,0.0,0.01037024382690177,0.0,0.0,0.0,0.0,-5.960464477539063e-08,0.0,0.0,0.0,0.0,0.0,1.1920928955078125e-07,0.020593186451993706,-1.1920928955078125e-07,-0.6689990758895874,0.0,1.1920928955078125e-07
6,3,2,"[4, 8, 16]","[0, 1, 2, 3, 5, 6, 7, 9, 10, 11, 12, 13, 14, 15, 17]",3,15,2,0.5878046688488496,0.6,0.75,0.8181818181818182,0.6923076923076923,0.375,0.4090909090909091,0.34615384615384615,0.34615384615384615,0.5384615384615384,0.20532914664688715,0.26466006437937417,0.4042516052722931,0.7163752317428589,0.2146073579788208,0.8909943103790283,0.10900568962097168,0.6797909140586853,0.3202090859413147,0.5556644487826223,0.6666666666666666,0.8,0.8333333333333334,0.7692307692307693,0.4,0.4166666666666667,0.38461538461538464,0.38461538461538464,0.5769230769230769,0.19146661647741117,0.19326468308766687,0.3823772072792053,0.7163752317428589,0.2146073579788208,0.8909943103790283,0.10900568962097168,0.6797909140586853,0.3202090859413147,-0.0713953812917073,0.0,-0.013862530169475973,0.015151515151515138,0.007575757575757569,0.07692307692307698,0.03846153846153849,0.0,0.0,0.03846153846153849,0.038461538461538436,0.025000000000000022,0.06666666666666665,0.0,-0.0321402200662273,0.0,-0.02187439799308777,0.050000000000000044,0.0
6,3,3,"[9, 10, 13]","[0, 1, 2, 3, 4, 5, 6, 7, 8, 11, 12, 14, 15, 16, 17]",3,15,2,0.6053378197176239,0.5333333333333333,0.6956521739130435,0.8888888888888888,0.5714285714285714,0.34782608695652173,0.4444444444444444,0.2857142857142857,0.2857142857142857,0.42857142857142855,0.21267355284211617,0.27834564050038657,0.3697320222854614,0.7126761674880981,0.21796268224716187,0.887546181678772,0.11245381832122803,0.6765285730361938,0.32347142696380615,0.6108660290502321,0.5333333333333333,0.6956521739130435,0.8888888888888888,0.5714285714285714,0.34782608695652173,0.4444444444444444,0.2857142857142857,0.2857142857142857,0.42857142857142855,0.21543417974779017,0.21629884640375774,0.3733513057231903,0.7126761674880981,0.21796268224716187,0.887546181678772,0.11245381832122803,0.6765285730361938,0.32347142696380615,-0.06204679409662883,0.0,0.0027606269056739963,0.0,0.0,0.0,0.0,0.0,0.0,0.0,0.0,0.0,0.0,0.0,0.005528209332608225,0.0,0.003619283437728882,0.0,0.0
6,3,4,"[3, 15, 17]","[0, 1, 2, 4, 5, 6, 7, 8, 9, 10, 11, 12, 13, 14, 16]",3,15,2,0.5258049244972521,0.6,0.75,0.8181818181818182,0.6923076923076923,0.375,0.4090909090909091,0.34615384615384615,0.34615384615384615,0.6153846153846154,0.1768297518382136,0.33045638799667354,0.3484167754650116,0.7150751352310181,0.21604138612747192,0.8900458812713623,0.10995423793792725,0.6778715252876282,0.3221285343170166,0.49448882996081667,0.7333333333333333,0.8461538461538461,0.8461538461538461,0.8461538461538461,0.4230769230769231,0.4230769230769231,0.4230769230769231,0.4230769230769231,0.6538461538461539,0.16310125392863764,0.15771175622940065,0.32716840505599976,0.7150751352310181,0.21604138612747192,0.8900458812713623,0.10995423793792725,0.6778715252876282,0.3221285343170166,-0.1727446317672729,0.0,-0.013728497909575949,0.027972027972027913,0.013986013986013957,0.15384615384615385,0.07692307692307693,0.0,0.0,0.07692307692307693,0.038461538461538436,0.04807692307692307,0.1333333333333333,0.0,-0.03131609453643547,0.0,-0.02124837040901184,0.09615384615384615,0.0
6,3,5,"[1, 6, 7]","[0, 2, 3, 4, 5, 8, 9, 10, 11, 12, 13, 14, 15, 16, 17]",3,15,2,0.5823723410265704,0.6,0.75,0.8181818181818182,0.6923076923076923,0.375,0.4090909090909091,0.34615384615384615,0.34615384615384615,0.5384615384615384,0.2007645980960391,0.26611299117406206,0.3906843662261963,0.7067905068397522,0.22249966859817505,0.8916375041007996,0.10836249589920044,0.6633631587028503,0.33663684129714966,0.5705678642735232,0.6,0.75,0.8181818181818182,0.6923076923076923,0.375,0.4090909090909091,0.34615384615384615,0.34615384615384615,0.5384615384615384,0.19577607481886752,0.19607474406560263,0.38718560338020325,0.7067905068397522,0.22249966859817505,0.8916375041007996,0.10836249589920044,0.6633631587028503,0.33663684129714966,-0.07003824710845943,0.0,-0.004988523277171586,0.0,0.0,0.0,0.0,0.0,0.0,0.0,0.0,0.0,0.0,0.0,-0.011804476753047188,0.0,-0.003498762845993042,0.0,0.0
6,3,6,"[0, 5, 14]","[1, 2, 3, 4, 6, 7, 8, 9, 10, 11, 12, 13, 15, 16, 17]",3,15,2,0.6298188714492675,0.4666666666666667,0.6363636363636364,0.7777777777777778,0.5384615384615384,0.3181818181818182,0.3888888888888889,0.2692307692307692,0.2692307692307692,0.46153846153846156,0.22545751404903475,0.37448916435241697,0.4359717071056366,0.7105520963668823,0.21942013502120972,0.8912984728813171,0.10870152711868286,0.6698613166809082,0.3301386833190918,0.5853459909060454,0.6666666666666666,0.8,0.8333333333333334,0.7692307692307693,0.4,0.4166666666666667,0.38461538461538464,0.38461538461538464,0.46153846153846156,0.2046810144616778,0.19928585290908812,0.39807960391044617,0.7105520963668823,0.21942013502120972,0.8912984728813171,0.10870152711868286,0.6698613166809082,0.3301386833190918,-0.17520331144332885,0.0,-0.020776499587356945,0.05555555555555558,0.02777777777777779,0.23076923076923084,0.11538461538461542,0.0,0.0,0.11538461538461542,0.0,0.08181818181818185,0.19999999999999996,0.0,-0.04447288054322207,0.0,-0.03789210319519043,0.1636363636363637,0.0
6,6,1,"[5, 6, 8, 12, 15, 17]","[0, 1, 2, 3, 4, 7, 9, 10, 11, 13, 14, 16]",6,12,2,0.6183761352404188,0.5,0.6666666666666666,0.75,0.6,0.3333333333333333,0.375,0.3,0.3,0.6,0.2182578162532051,0.38548843562602997,0.4399557411670685,0.7108932733535767,0.21973329782485962,0.8926317095756531,0.10736817121505737,0.6679015159606934,0.33209842443466187,0.6122624618451417,0.6666666666666666,0.8,0.8,0.8,0.4,0.4,0.4,0.4,0.5,0.2147396092055748,0.1505175332228343,0.44576990604400635,0.7108932733535767,0.21973329782485962,0.8926317095756531,0.10736817121505737,0.6679015159606934,0.33209842443466187,-0.23497090240319568,0.0,-0.003518207047630284,0.050000000000000044,0.025000000000000022,0.20000000000000007,0.10000000000000003,0.0,0.0,0.10000000000000003,-0.09999999999999998,0.06666666666666671,0.16666666666666663,0.0,-0.0061136733952771305,0.0,0.005814164876937866,0.13333333333333341,0.0
6,6,2,"[1, 2, 4, 7, 9, 11]","[0, 3, 5, 6, 8, 10, 12, 13, 14, 15, 16, 17]",6,12,2,0.6025256328177886,0.5833333333333334,0.7368421052631579,0.875,0.6363636363636364,0.3684210526315789,0.4375,0.3181818181818182,0.3181818181818182,0.45454545454545453,0.209902377784598,0.2420790692170461,0.36357083916664124,0.7092298269271851,0.22028857469558716,0.8904607892036438,0.1095392107963562,0.6689618825912476,0.33103811740875244,0.5825465491568665,0.5833333333333334,0.7368421052631579,0.875,0.6363636363636364,0.3684210526315789,0.4375,0.3181818181818182,0.3181818181818182,0.5454545454545454,0.20145220062652913,0.15722111364205676,0.34828394651412964,0.7092298269271851,0.22028857469558716,0.8904607892036438,0.1095392107963562,0.6689618825912476,0.33103811740875244,-0.08485795557498935,0.0,-0.008450177158068867,0.0,0.0,0.0,0.0,0.0,0.0,0.0,0.09090909090909088,0.0,0.0,0.0,-0.019979083660922048,0.0,-0.015286892652511597,0.0,0.0
6,6,3,"[0, 3, 10, 13, 14, 16]","[1, 2, 4, 5, 6, 7, 8, 9, 11, 12, 15, 17]",6,12,2,0.5474586150953435,0.5833333333333334,0.7368421052631579,0.875,0.6363636363636364,0.3684210526315789,0.4375,0.3181818181818182,0.3181818181818182,0.45454545454545453,0.18802894717655225,0.25395095845063526,0.3401252329349518,0.7156765460968018,0.2151830792427063,0.8883095383644104,0.1116904616355896,0.681324303150177,0.318675696849823,0.5462202311155298,0.6666666666666666,0.8,0.8888888888888888,0.7272727272727273,0.4,0.4444444444444444,0.36363636363636365,0.36363636363636365,0.5454545454545454,0.18791250926447792,0.3351498345534007,0.3417767584323883,0.7156765460968018,0.2151830792427063,0.8883095383644104,0.1116904616355896,0.681324303150177,0.318675696849823,0.08119887610276544,0.0,-0.00011643791207432974,0.01388888888888884,0.00694444444444442,0.09090909090909094,0.04545454545454547,0.0,0.0,0.04545454545454547,0.09090909090909088,0.031578947368421095,0.08333333333333326,0.0,-0.0012383839798137952,0.0,0.0016515254974365234,0.06315789473684219,0.0
6,9,1,"[3, 4, 5, 7, 10, 12, 13, 14, 16]","[0, 1, 2, 6, 8, 9, 11, 15, 17]",9,9,2,0.6055557178941621,0.5555555555555556,0.7142857142857143,0.8333333333333334,0.625,0.35714285714285715,0.4166666666666667,0.3125,0.3125,0.5,0.21119312026708847,0.3318471378750271,0.37190765142440796,0.7235577702522278,0.2080245018005371,0.8942991495132446,0.10570091009140015,0.6896520256996155,0.3103480339050293,0.5913535348126948,0.6666666666666666,0.8,0.8571428571428571,0.75,0.4,0.42857142857142855,0.375,0.375,0.5,0.20463229367676739,0.19786890347798666,0.3653605878353119,0.7235577702522278,0.2080245018005371,0.8942991495132446,0.10570091009140015,0.6896520256996155,0.3103480339050293,-0.13397823439704046,0.0,-0.006560826590321089,0.023809523809523725,0.011904761904761862,0.125,0.0625,0.0,0.0,0.0625,0.0,0.04285714285714287,0.11111111111111105,0.0,-0.014202183081467257,0.0,-0.006547063589096069,0.08571428571428574,0.0
6,9,2,"[0, 1, 2, 6, 8, 9, 11, 15, 17]","[3, 4, 5, 7, 10, 12, 13, 14, 16]",9,9,2,0.5733464896892189,0.5555555555555556,0.7142857142857143,0.8333333333333334,0.625,0.35714285714285715,0.4166666666666667,0.3125,0.3125,0.5,0.1995973497560818,0.2558291289541456,0.36221179366111755,0.7003086805343628,0.22877895832061768,0.8866354823112488,0.11336451768875122,0.6558065414428711,0.3441934585571289,0.5651072118871069,0.6666666666666666,0.8,0.8571428571428571,0.75,0.4,0.42857142857142855,0.375,0.375,0.5,0.19673031864096735,0.14998265769746566,0.36571019887924194,0.7003086805343628,0.22877895832061768,0.8866354823112488,0.11336451768875122,0.6558065414428711,0.3441934585571289,-0.10584647125667995,0.0,-0.002867031115114438,0.023809523809523725,0.011904761904761862,0.125,0.0625,0.0,0.0,0.0625,0.0,0.04285714285714287,0.11111111111111105,0.0,-0.008239277802111977,0.0,0.0034984052181243896,0.08571428571428574,0.0
6,12,1,"[0, 2, 3, 5, 6, 7, 8, 11, 13, 14, 15, 17]","[1, 4, 9, 10, 12, 16]",12,6,2,0.6003786311765986,0.3333333333333333,0.5,0.6666666666666666,0.4,0.25,0.3333333333333333,0.2,0.2,0.4,0.2161601878465945,0.4213258524735768,0.39221835136413574,0.7034212350845337,0.2256883978843689,0.8929343819618225,0.10706567764282227,0.6556888222694397,0.3443112373352051,0.5654862643670068,0.6666666666666666,0.8,0.8,0.8,0.4,0.4,0.4,0.4,0.4,0.19985433898809127,0.24658539891242978,0.3655785024166107,0.7034212350845337,0.2256883978843689,0.8929343819618225,0.10706567764282227,0.6556888222694397,0.3443112373352051,-0.174740453561147,0.0,-0.016305848858503225,0.13333333333333341,0.06666666666666671,0.4,0.2,0.0,0.0,0.2,0.0,0.15000000000000002,0.3333333333333333,0.0,-0.034892366809591846,0.0,-0.026639848947525024,0.30000000000000004,0.0
6,12,2,"[1, 2, 4, 5, 6, 7, 9, 10, 13, 14, 16, 17]","[0, 3, 8, 11, 12, 15]",12,6,2,0.6677685713767271,0.5,0.6666666666666666,0.75,0.6,0.3333333333333333,0.375,0.3,0.3,0.6,0.2431145144585556,0.440158744653066,0.46487346291542053,0.7027446031570435,0.2264423966407776,0.8872969746589661,0.11270302534103394,0.6598183512687683,0.3401816487312317,0.672884688790253,0.5,0.6666666666666666,0.75,0.6,0.3333333333333333,0.375,0.3,0.3,0.4,0.24646948240435673,0.335817148288091,0.4783176779747009,0.7027446031570435,0.2264423966407776,0.8872969746589661,0.11270302534103394,0.6598183512687683,0.3401816487312317,-0.10434159636497498,0.0,0.003354967945801146,0.0,0.0,0.0,0.0,0.0,0.0,0.0,-0.19999999999999996,0.0,0.0,0.0,0.005116117413525911,0.0,0.013444215059280396,0.0,0.0
6,12,3,"[0, 1, 2, 3, 6, 7, 8, 10, 12, 13, 14, 17]","[4, 5, 9, 11, 15, 16]",12,6,2,0.6719167192069312,0.3333333333333333,0.5,0.6666666666666666,0.4,0.25,0.3333333333333333,0.2,0.2,0.2,0.24298194528959774,0.3396868705749511,0.43065857887268066,0.7047809362411499,0.22363650798797607,0.8927375078201294,0.10726243257522583,0.6599892973899841,0.3400106430053711,0.6211229235900007,0.6666666666666666,0.8,0.8,0.8,0.4,0.4,0.4,0.4,0.2,0.21801852382724599,0.1707689861456553,0.3969845771789551,0.7047809362411499,0.22363650798797607,0.8927375078201294,0.10726243257522583,0.6599892973899841,0.3400106430053711,-0.1689178844292958,0.0,-0.024963421462351754,0.13333333333333341,0.06666666666666671,0.4,0.2,0.0,0.0,0.2,0.0,0.15000000000000002,0.3333333333333333,0.0,-0.05079379561693054,0.0,-0.033674001693725586,0.30000000000000004,0.0
7,3,1,"[4, 15, 17]","[0, 1, 2, 3, 5, 6, 7, 8, 9, 10, 11, 12, 13, 14, 16]",3,15,2,0.6935740469190074,0.6,0.7272727272727273,0.6666666666666666,0.8,0.48863636363636365,0.5,0.5,0.5,0.56,0.24911471016128614,0.15398873488108317,1.2312934398651123,0.7595403790473938,0.19082248210906982,0.9247073531150818,0.07529264688491821,0.6936476826667786,0.30635231733322144,0.6884206154970198,0.6,0.7272727272727273,0.6666666666666666,0.8,0.48863636363636365,0.5,0.5,0.5,0.56,0.24694928138692288,0.08448720375696821,0.4300709664821625,0.7595403790473938,0.19082260131835938,0.9247072339057922,0.07529276609420776,0.6936476230621338,0.3063523769378662,-0.06950153112411496,-5.960464477539063e-08,-0.002165428774363265,0.0,0.0,0.0,0.0,0.0,5.960464477539063e-08,0.0,0.0,0.0,0.0,1.1920928955078125e-07,-0.005153431421987542,-1.1920928955078125e-07,-0.8012224733829498,0.0,1.1920928955078125e-07
7,3,2,"[3, 13, 16]","[0, 1, 2, 4, 5, 6, 7, 8, 9, 10, 11, 12, 14, 15, 17]",3,15,2,0.7898943352029867,0.5333333333333333,0.6666666666666666,0.6363636363636364,0.7,0.4444444444444444,0.4431818181818182,0.44999999999999996,0.44999999999999996,0.44000000000000006,0.29118125707528714,0.20597718954086303,0.5259148478507996,0.7583173513412476,0.19173002243041992,0.9242733120918274,0.07572668790817261,0.6922666430473328,0.30773335695266724,0.7917201661765682,0.6,0.7,0.7,0.7,0.55,0.55,0.55,0.55,0.44000000000000006,0.2919659391382289,0.35769695838292437,0.5296134352684021,0.7583173513412476,0.19173002243041992,0.9242733120918274,0.07572668790817261,0.6922666430473328,0.30773335695266724,0.15171976884206134,0.0,0.0007846820629417439,0.0636363636363636,0.10681818181818187,0.0,0.10000000000000009,0.0,0.0,0.10000000000000009,0.0,0.10555555555555562,0.06666666666666665,0.0,0.001825830973581466,0.0,0.003698587417602539,0.033333333333333326,0.0
7,3,3,"[2, 6, 9]","[0, 1, 3, 4, 5, 7, 8, 10, 11, 12, 13, 14, 15, 16, 17]",3,15,2,0.8029538430696923,0.4666666666666667,0.6363636363636364,0.5833333333333334,0.7,0.3181818181818182,0.2916666666666667,0.35,0.35,0.42,0.29870836343289336,0.27271232604980467,0.5423146486282349,0.7564168572425842,0.19341033697128296,0.9250404834747314,0.07495951652526855,0.6881388425827026,0.31186115741729736,0.8252696830632529,0.4,0.5714285714285714,0.5454545454545454,0.6,0.2857142857142857,0.2727272727272727,0.3,0.3,0.38,0.3086269558384019,0.2613283395767212,0.5656662583351135,0.7564168572425842,0.19341033697128296,0.9250404834747314,0.07495951652526855,0.6881388425827026,0.31186115741729736,-0.011383986473083474,0.0,0.00991859240550852,-0.037878787878787956,-0.018939393939393978,-0.09999999999999998,-0.04999999999999999,0.0,0.0,-0.04999999999999999,-0.03999999999999998,-0.03246753246753248,-0.06666666666666665,0.0,0.02231583999356057,0.0,0.023351609706878662,-0.06493506493506496,0.0
7,3,4,"[0, 7, 14]","[1, 2, 3, 4, 5, 6, 8, 9, 10, 11, 12, 13, 15, 16, 17]",3,15,2,0.6894476397155734,0.6,0.7272727272727273,0.6666666666666666,0.8,0.48863636363636365,0.5,0.5,0.5,0.6200000000000001,0.2451387519603407,0.1783553957939148,0.4397156536579132,0.7580972909927368,0.19215130805969238,0.9236827492713928,0.07631725072860718,0.6920146942138672,0.3079853057861328,0.6933172827210744,0.6,0.7272727272727273,0.6666666666666666,0.8,0.48863636363636365,0.5,0.5,0.5,0.66,0.2466359146485564,0.17702010869979856,0.44134077429771423,0.7580972909927368,0.19215130805969238,0.9236827492713928,0.07631725072860718,0.6920146942138672,0.3079853057861328,-0.0013352870941162331,0.0,0.0014971626882156752,0.0,0.0,0.0,0.0,0.0,0.0,0.0,0.039999999999999925,0.0,0.0,0.0,0.0038696430055009667,0.0,0.0016251206398010254,0.0,0.0
7,3,5,"[5, 10, 12]","[0, 1, 2, 3, 4, 6, 7, 8, 9, 11, 13, 14, 15, 16, 17]",3,15,2,0.7186173397840608,0.6,0.7272727272727273,0.6666666666666666,0.8,0.48863636363636365,0.5,0.5,0.5,0.54,0.25897763382504835,0.22283763090769448,0.45858702063560486,0.7506545782089233,0.19860273599624634,0.9229663610458374,0.0770336389541626,0.6798281669616699,0.3201718330383301,0.7226493042682623,0.5333333333333333,0.6666666666666666,0.6363636363636364,0.7,0.4444444444444444,0.4431818181818182,0.44999999999999996,0.44999999999999996,0.5,0.26145503075669346,0.22543911536534625,0.46108824014663696,0.7506545782089233,0.19860273599624634,0.9229663610458374,0.0770336389541626,0.6798281669616699,0.3201718330383301,0.002601484457651765,0.0,0.002477396931645115,-0.030303030303030276,-0.05681818181818182,-0.10000000000000009,-0.050000000000000044,0.0,0.0,-0.050000000000000044,-0.040000000000000036,-0.04419191919191923,-0.06666666666666665,0.0,0.004031964484201511,0.0,0.0025012195110321045,-0.06060606060606066,0.0
7,3,6,"[1, 8, 11]","[0, 2, 3, 4, 5, 6, 7, 9, 10, 12, 13, 14, 15, 16, 17]",3,15,2,0.7797006267708285,0.5333333333333333,0.6666666666666666,0.6363636363636364,0.7,0.4444444444444444,0.4431818181818182,0.44999999999999996,0.44999999999999996,0.44,0.28719770562574987,0.2414845069249471,0.5233585834503174,0.7594773173332214,0.1905912160873413,0.9261797070503235,0.07382029294967651,0.6926378607749939,0.3073621392250061,0.7815293673481549,0.5333333333333333,0.6666666666666666,0.6363636363636364,0.7,0.4444444444444444,0.4431818181818182,0.44999999999999996,0.44999999999999996,0.48000000000000004,0.28746217085129694,0.20843970775604248,0.5253371000289917,0.7594773173332214,0.1905912160873413,0.9261797070503235,0.07382029294967651,0.6926378607749939,0.3073621392250061,-0.033044799168904626,0.0,0.0002644652255470725,0.0,0.0,0.0,0.0,0.0,0.0,0.0,0.040000000000000036,0.0,0.0,0.0,0.0018287405773264043,0.0,0.0019785165786743164,0.0,0.0
7,6,1,"[6, 8, 11, 12, 14, 16]","[0, 1, 2, 3, 4, 5, 7, 9, 10, 13, 15, 17]",6,12,2,0.7655766739788962,0.5833333333333334,0.7368421052631579,0.6363636363636364,0.875,0.3684210526315789,0.3181818181818182,0.4375,0.4375,0.3125,0.28050008004505766,0.23089825610319775,0.5091277360916138,0.7544727325439453,0.1950165033340454,0.924616277217865,0.07538366317749023,0.6853505373001099,0.31464940309524536,0.7490146034609119,0.5833333333333334,0.7368421052631579,0.6363636363636364,0.875,0.3684210526315789,0.3181818181818182,0.4375,0.4375,0.375,0.2729783529043024,0.24750629067420965,0.4966672360897064,0.7544727325439453,0.1950165033340454,0.924616277217865,0.07538366317749023,0.6853505373001099,0.31464940309524536,0.016608034571011898,0.0,-0.007521727140755274,0.0,0.0,0.0,0.0,0.0,0.0,0.0,0.0625,0.0,0.0,0.0,-0.016562070517984306,0.0,-0.012460500001907349,0.0,0.0
7,6,2,"[1, 4, 5, 9, 13, 17]","[0, 2, 3, 6, 7, 8, 10, 11, 12, 14, 15, 16]",6,12,2,0.8074996093903245,0.5,0.625,0.625,0.625,0.4375,0.4375,0.4375,0.4375,0.46875,0.29846820398277435,0.23106931646664938,0.5689682960510254,0.75676429271698,0.1932051181793213,0.9235349893569946,0.07646501064300537,0.6900548338890076,0.30994516611099243,0.8063635420537364,0.5833333333333334,0.6666666666666666,0.7142857142857143,0.625,0.5555555555555556,0.5571428571428572,0.5625,0.5625,0.46875,0.29789797235155774,0.2736196319262187,0.5667566657066345,0.75676429271698,0.1932051181793213,0.9235349893569946,0.07646501064300537,0.6900548338890076,0.30994516611099243,0.042550315459569304,0.0,-0.0005702316312166111,0.0892857142857143,0.11964285714285716,0.0,0.125,0.0,0.0,0.125,0.0,0.11805555555555558,0.08333333333333337,0.0,-0.001136067336588109,0.0,-0.002211630344390869,0.04166666666666663,0.0
7,6,3,"[0, 2, 3, 7, 10, 15]","[1, 4, 5, 6, 8, 9, 11, 12, 13, 14, 16, 17]",6,12,2,0.6640202181307704,0.5833333333333334,0.7058823529411765,0.6666666666666666,0.75,0.4957983193277311,0.5,0.5,0.5,0.625,0.23619205972815682,0.09992627799510956,0.4271964728832245,0.7600158452987671,0.19043225049972534,0.9252739548683167,0.07472604513168335,0.6938614845275879,0.3061385154724121,0.6578096545051696,0.5833333333333334,0.7058823529411765,0.6666666666666666,0.75,0.4957983193277311,0.5,0.5,0.5,0.625,0.23326229203139048,0.19505639374256134,0.41926735639572144,0.7600158452987671,0.19043225049972534,0.9252739548683167,0.07472604513168335,0.6938614845275879,0.3061385154724121,0.09513011574745178,0.0,-0.002929767696766339,0.0,0.0,0.0,0.0,0.0,0.0,0.0,0.0,0.0,0.0,0.0,-0.006210563625600796,0.0,-0.007929116487503052,0.0,0.0
7,9,1,"[0, 2, 3, 5, 8, 9, 11, 13, 16]","[1, 4, 6, 7, 10, 12, 14, 15, 17]",9,9,2,0.9107016484489551,0.4444444444444444,0.5454545454545454,0.6,0.5,0.41558441558441556,0.425,0.41666666666666663,0.41666666666666663,0.22222222222222224,0.3459919471632188,0.40978750255372787,0.6715661883354187,0.7595133781433105,0.19049108028411865,0.9260191917419434,0.07398080825805664,0.6929986476898193,0.30700135231018066,0.9229604051643369,0.4444444444444444,0.5454545454545454,0.6,0.5,0.41558441558441556,0.425,0.41666666666666663,0.41666666666666663,0.22222222222222224,0.3514926145371889,0.41432472732332015,0.6852235198020935,0.7595133781433105,0.19049108028411865,0.9260191917419434,0.07398080825805664,0.6929986476898193,0.30700135231018066,0.004537224769592285,0.0,0.005500667373970092,0.0,0.0,0.0,0.0,0.0,0.0,0.0,0.0,0.0,0.0,0.0,0.012258756715381791,0.0,0.013657331466674805,0.0,0.0
7,9,2,"[1, 4, 6, 7, 10, 12, 14, 15, 17]","[0, 2, 3, 5, 8, 9, 11, 13, 16]",9,9,2,0.5806976181302331,0.6666666666666666,0.8,0.6666666666666666,1.0,0.4,0.3333333333333333,0.5,0.5,0.7222222222222223,0.19744874979914132,0.2704211539692349,0.3834038972854614,0.7546551823616028,0.19527822732925415,0.9229309558868408,0.07706904411315918,0.6865126490592957,0.31348735094070435,0.5765484144625002,0.6666666666666666,0.8,0.6666666666666666,1.0,0.4,0.3333333333333333,0.5,0.5,0.7222222222222223,0.19541270574587344,0.24992365307278103,0.379445880651474,0.7546551823616028,0.19527822732925415,0.9229309558868408,0.07706904411315918,0.6865126490592957,0.31348735094070435,-0.020497500896453857,0.0,-0.002036044053267877,0.0,0.0,0.0,0.0,0.0,0.0,0.0,0.0,0.0,0.0,0.0,-0.00414920366773297,0.0,-0.003958016633987427,0.0,0.0
7,12,1,"[0, 2, 3, 4, 5, 6, 7, 8, 12, 13, 16, 17]","[1, 9, 10, 11, 14, 15]",12,6,2,0.9285015943999504,0.3333333333333333,0.5,0.5,0.5,0.25,0.25,0.25,0.25,0.25,0.35514774952145495,0.42170475920041395,0.7448362708091736,0.7565119862556458,0.19347476959228516,0.92018061876297,0.07981938123703003,0.6928697824478149,0.30713021755218506,0.9141339636605323,0.5,0.5714285714285714,0.6666666666666666,0.5,0.4857142857142857,0.5,0.5,0.5,0.25,0.34878535057461785,0.5769200225671132,0.7314488887786865,0.7565119862556458,0.19347476959228516,0.92018061876297,0.07981938123703003,0.6928697824478149,0.30713021755218506,0.15521526336669922,0.0,-0.0063623989468371,0.16666666666666663,0.25,0.0,0.25,0.0,0.0,0.25,0.0,0.2357142857142857,0.16666666666666669,0.0,-0.014367630739418047,0.0,-0.01338738203048706,0.0714285714285714,0.0
7,12,2,"[0, 1, 2, 4, 6, 7, 8, 10, 12, 14, 16, 17]","[3, 5, 9, 11, 13, 15]",12,6,2,0.7437650014867,0.5,0.6666666666666666,0.6,0.75,0.3333333333333333,0.3,0.375,0.375,0.625,0.26847766028328574,0.2730221152305603,0.6510708928108215,0.7567312717437744,0.1935330629348755,0.9226797223091125,0.07732009887695312,0.6902538537979126,0.3097459673881531,0.7469689507571755,0.5,0.6666666666666666,0.6,0.75,0.3333333333333333,0.3,0.375,0.375,0.625,0.2726654454139652,0.1436185340086619,0.6478022933006287,0.7567312717437744,0.1935330629348755,0.9226797223091125,0.07732009887695312,0.6902538537979126,0.3097459673881531,-0.1294035812218984,0.0,0.004187785130679467,0.0,0.0,0.0,0.0,0.0,0.0,0.0,0.0,0.0,0.0,0.0,0.0032039492704755146,0.0,-0.003268599510192871,0.0,0.0
7,12,3,"[1, 3, 4, 6, 8, 9, 10, 12, 13, 15, 16, 17]","[0, 2, 5, 7, 11, 14]",12,6,2,0.7478201979165165,0.5,0.6666666666666666,0.6,0.75,0.3333333333333333,0.3,0.375,0.375,0.5,0.2755103853565946,0.26691605647404987,0.6109184622764587,0.7564743757247925,0.1933038830757141,0.9243126511573792,0.07568734884262085,0.6890795230865479,0.31092047691345215,0.7436409411694006,0.6666666666666666,0.75,0.75,0.75,0.625,0.625,0.625,0.625,0.5,0.27320720863495174,0.4945479830106099,0.6014878153800964,0.7564743757247925,0.1933038830757141,0.9243126511573792,0.07568734884262085,0.6890795230865479,0.31092047691345215,0.22763192653656006,0.0,-0.0023031767216428745,0.15000000000000002,0.325,0.0,0.25,0.0,0.0,0.25,0.0,0.2916666666666667,0.16666666666666663,0.0,-0.004179256747115945,0.0,-0.009430646896362305,0.08333333333333337,0.0
8,3,1,"[3, 5, 11]","[0, 1, 2, 4, 6, 7, 8, 9, 10, 12, 13, 14, 15, 16, 17]",3,15,2,0.5316196540194897,0.6666666666666666,0.8,0.9090909090909091,0.7142857142857143,0.4,0.45454545454545453,0.35714285714285715,0.35714285714285715,0.5714285714285714,0.17661977174574664,0.2228972315788269,0.9233304262161255,0.7372296452522278,0.19450610876083374,0.8999906778335571,0.10000938177108765,0.7109972834587097,0.28900277614593506,0.49390856571028446,0.8666666666666667,0.9285714285714286,0.9285714285714286,0.9285714285714286,0.4642857142857143,0.4642857142857143,0.4642857142857143,0.4642857142857143,0.5714285714285714,0.15927536099130535,0.22111883560816442,0.2723125219345093,0.7372297048568726,0.19450604915618896,0.8999906778335571,0.10000938177108765,0.7109973430633545,0.2890027165412903,-0.001778395970662483,5.960464477539063e-08,-0.017344410754441292,0.019480519480519543,0.009740259740259771,0.2142857142857143,0.10714285714285715,5.960464477539063e-08,-5.960464477539063e-08,0.10714285714285715,0.0,0.06428571428571428,0.20000000000000007,-5.960464477539063e-08,-0.037711088309205276,0.0,-0.6510179042816162,0.12857142857142856,0.0
8,3,2,"[1, 7, 15]","[0, 2, 3, 4, 5, 6, 8, 9, 10, 11, 12, 13, 14, 16, 17]",3,15,2,0.48823093257269673,0.8,0.8888888888888888,0.9230769230769231,0.8571428571428571,0.4444444444444444,0.46153846153846156,0.42857142857142855,0.42857142857142855,0.7142857142857143,0.15571201771679957,0.26119900544484453,0.2680478096008301,0.7380858063697815,0.19334501028060913,0.9001064300537109,0.09989356994628906,0.7132035493850708,0.2867964506149292,0.4450515366480522,0.8,0.8888888888888888,0.9230769230769231,0.8571428571428571,0.4444444444444444,0.46153846153846156,0.42857142857142855,0.42857142857142855,0.7142857142857143,0.13721339165482843,0.22105535268783566,0.24342955648899078,0.7380858063697815,0.19334501028060913,0.9001064300537109,0.09989356994628906,0.7132035493850708,0.2867964506149292,-0.040143652757008874,0.0,-0.01849862606197114,0.0,0.0,0.0,0.0,0.0,0.0,0.0,0.0,0.0,0.0,0.0,-0.04317939592464454,0.0,-0.024618253111839294,0.0,0.0
8,3,3,"[6, 8, 10]","[0, 1, 2, 3, 4, 5, 7, 9, 11, 12, 13, 14, 15, 16, 17]",3,15,2,0.5726190356457718,0.6,0.75,0.9,0.6428571428571429,0.375,0.45,0.32142857142857145,0.32142857142857145,0.5,0.19290706458475496,0.30431163708368936,0.32742613554000854,0.7394463419914246,0.19255554676055908,0.901032567024231,0.09896743297576904,0.7138563394546509,0.2861436605453491,0.5367880116432547,0.8,0.8888888888888888,0.9230769230769231,0.8571428571428571,0.4444444444444444,0.46153846153846156,0.42857142857142855,0.42857142857142855,0.5,0.17601621476236046,0.21888191699981688,0.3014374375343323,0.7394463419914246,0.19255554676055908,0.901032567024231,0.09896743297576904,0.7138563394546509,0.2861436605453491,-0.08542972008387248,0.0,-0.0168908498223945,0.023076923076923106,0.011538461538461553,0.2142857142857142,0.1071428571428571,0.0,0.0,0.1071428571428571,0.0,0.06944444444444442,0.20000000000000007,0.0,-0.03583102400251703,0.0,-0.02598869800567627,0.13888888888888884,0.0
8,3,4,"[12, 16, 17]","[0, 1, 2, 3, 4, 5, 6, 7, 8, 9, 10, 11, 13, 14, 15]",3,15,2,0.5337376607154812,0.6,0.75,0.9,0.6428571428571429,0.375,0.45,0.32142857142857145,0.32142857142857145,0.6428571428571429,0.17763024564451863,0.34502328236897783,0.3133842349052429,0.7364233136177063,0.19527870416641235,0.8958783745765686,0.1041216254234314,0.7135641574859619,0.2864358425140381,0.5222355807185062,0.6,0.75,0.9,0.6428571428571429,0.375,0.45,0.32142857142857145,0.32142857142857145,0.6428571428571429,0.17259599160880074,0.3348777969678243,0.3060147762298584,0.7364233136177063,0.19527870416641235,0.8958783745765686,0.1041216254234314,0.7135641574859619,0.2864358425140381,-0.010145485401153509,0.0,-0.005034254035717889,0.0,0.0,0.0,0.0,0.0,0.0,0.0,0.0,0.0,0.0,0.0,-0.011502079996975056,0.0,-0.0073694586753845215,0.0,0.0
8,3,5,"[0, 2, 13]","[1, 3, 4, 5, 6, 7, 8, 9, 10, 11, 12, 14, 15, 16, 17]",3,15,2,0.49880165175136526,0.7333333333333333,0.8461538461538461,1.0,0.7333333333333333,0.4230769230769231,0.5,0.36666666666666664,0.36666666666666664,nan,0.16065433293800063,0.24510966142018636,0.2878997325897217,0.7376781702041626,0.19407641887664795,0.8995744585990906,0.10042554140090942,0.7122727632522583,0.2877272367477417,0.482184709976842,0.7333333333333333,0.8461538461538461,1.0,0.7333333333333333,0.4230769230769231,0.5,0.36666666666666664,0.36666666666666664,nan,0.1528437630979126,0.25093965530395507,0.27585500478744507,0.7376781702041626,0.19407641887664795,0.8995744585990906,0.10042554140090942,0.7122727632522583,0.2877272367477417,0.005829993883768703,0.0,-0.007810569840088044,0.0,0.0,0.0,0.0,0.0,0.0,0.0,nan,0.0,0.0,0.0,-0.016616941774523275,0.0,-0.012044727802276611,0.0,0.0
8,3,6,"[4, 9, 14]","[0, 1, 2, 3, 5, 6, 7, 8, 10, 11, 12, 13, 15, 16, 17]",3,15,2,0.554640896396431,0.6,0.75,0.9,0.6428571428571429,0.375,0.45,0.32142857142857145,0.32142857142857145,0.5,0.18768897047099664,0.23581423362096143,0.3177756667137146,0.7360723614692688,0.19575196504592896,0.897374153137207,0.10262584686279297,0.7111219763755798,0.28887802362442017,0.5167090565206014,0.8,0.8888888888888888,0.9230769230769231,0.8571428571428571,0.4444444444444444,0.46153846153846156,0.42857142857142855,0.42857142857142855,0.5,0.1702995446503698,0.20289114713668818,0.2924022674560547,0.7360723614692688,0.19575196504592896,0.897374153137207,0.10262584686279297,0.7111219763755798,0.28887802362442017,-0.03292308648427325,0.0,-0.01738942582062683,0.023076923076923106,0.011538461538461553,0.2142857142857142,0.1071428571428571,0.0,0.0,0.1071428571428571,0.0,0.06944444444444442,0.20000000000000007,0.0,-0.0379318398758296,0.0,-0.025373399257659912,0.13888888888888884,0.0
8,6,1,"[4, 5, 7, 10, 14, 15]","[0, 1, 2, 3, 6, 8, 9, 11, 12, 13, 16, 17]",6,12,2,0.5513583749264138,0.6666666666666666,0.8,0.8888888888888888,0.7272727272727273,0.4,0.4444444444444444,0.36363636363636365,0.36363636363636365,0.5454545454545454,0.18661064642571654,0.1898127049207687,0.3158402144908905,0.7378519773483276,0.19389009475708008,0.8989036083221436,0.10109633207321167,0.7133161425590515,0.2866837978363037,0.5065040694302291,0.75,0.8571428571428571,0.9,0.8181818181818182,0.42857142857142855,0.45,0.4090909090909091,0.4090909090909091,0.5454545454545454,0.16554545567598486,0.18935023744901022,0.2840510904788971,0.7378519773483276,0.19389009475708008,0.8989036083221436,0.10109633207321167,0.7133161425590515,0.2866837978363037,-0.00046246747175848757,0.0,-0.021065190749731677,0.011111111111111183,0.005555555555555591,0.09090909090909094,0.04545454545454547,0.0,0.0,0.04545454545454547,0.0,0.028571428571428525,0.08333333333333337,0.0,-0.04485430549618474,0.0,-0.03178912401199341,0.05714285714285705,0.0
8,6,2,"[0, 1, 3, 6, 8, 12]","[2, 4, 5, 7, 9, 10, 11, 13, 14, 15, 16, 17]",6,12,2,0.5253221447436721,0.6666666666666666,0.8,1.0,0.6666666666666666,0.4,0.5,0.3333333333333333,0.3333333333333333,nan,0.17039821762312055,0.32570359607537586,0.31133216619491577,0.7425976991653442,0.18937689065933228,0.9056335687637329,0.09436643123626709,0.7156125903129578,0.28438740968704224,0.4990233613993849,0.8333333333333334,0.9090909090909091,1.0,0.8333333333333334,0.45454545454545453,0.5,0.4166666666666667,0.4166666666666667,nan,0.15885618989248332,0.20029536883036292,0.29361647367477417,0.7425976991653442,0.18937689065933228,0.9056335687637329,0.09436643123626709,0.7156125903129578,0.28438740968704224,-0.12540822724501294,0.0,-0.011542027730637228,0.0,0.0,0.16666666666666674,0.08333333333333337,0.0,0.0,0.08333333333333337,nan,0.05454545454545451,0.16666666666666674,0.0,-0.026298783344287202,0.0,-0.0177156925201416,0.10909090909090902,0.0
8,6,3,"[2, 9, 11, 13, 16, 17]","[0, 1, 3, 4, 5, 6, 7, 8, 10, 12, 14, 15]",6,12,2,0.5131428999768304,0.6666666666666666,0.8,0.8888888888888888,0.7272727272727273,0.4,0.4444444444444444,0.36363636363636365,0.36363636363636365,0.6363636363636364,0.1685966639661308,0.24008687337239581,0.3070806860923767,0.7320184111595154,0.19949841499328613,0.8924410939216614,0.10755890607833862,0.7085620164871216,0.2914379835128784,0.504904151171463,0.75,0.8571428571428571,0.9,0.8181818181818182,0.42857142857142855,0.45,0.4090909090909091,0.4090909090909091,0.5454545454545454,0.16530599585434488,0.15469710528850555,0.3067173957824707,0.7320184111595154,0.19949841499328613,0.8924410939216614,0.10755890607833862,0.7085620164871216,0.2914379835128784,-0.08538976808389026,0.0,-0.0032906681117859105,0.011111111111111183,0.005555555555555591,0.09090909090909094,0.04545454545454547,0.0,0.0,0.04545454545454547,-0.09090909090909094,0.028571428571428525,0.08333333333333337,0.0,-0.008238748805367346,0.0,-0.00036329030990600586,0.05714285714285705,0.0
8,9,1,"[0, 1, 4, 7, 8, 9, 11, 12, 15]","[2, 3, 5, 6, 10, 13, 14, 16, 17]",9,9,2,0.46274096653548824,0.8888888888888888,0.9411764705882353,1.0,0.8888888888888888,0.47058823529411764,0.5,0.4444444444444444,0.4444444444444444,nan,0.13968007128570814,0.2392483221160041,0.26996541023254395,0.7358672022819519,0.19530433416366577,0.8999230861663818,0.10007691383361816,0.7094682455062866,0.2905317544937134,0.3908682081645108,0.8888888888888888,0.9411764705882353,1.0,0.8888888888888888,0.47058823529411764,0.5,0.4444444444444444,0.4444444444444444,nan,0.10870160579375782,0.22411624590555826,0.22704188525676727,0.7358672022819519,0.19530433416366577,0.8999230861663818,0.10007691383361816,0.7094682455062866,0.2905317544937134,-0.01513207621044585,0.0,-0.030978465491950324,0.0,0.0,0.0,0.0,0.0,0.0,0.0,nan,0.0,0.0,0.0,-0.07187275837097745,0.0,-0.04292352497577667,0.0,0.0
8,9,2,"[2, 3, 5, 6, 10, 13, 14, 16, 17]","[0, 1, 4, 7, 8, 9, 11, 12, 15]",9,9,2,0.5971419000590046,0.4444444444444444,0.6153846153846154,0.8,0.5,0.3076923076923077,0.4,0.25,0.25,0.375,0.21072351809077006,0.32636405362023246,0.3561132550239563,0.7391115427017212,0.19320595264434814,0.8980623483657837,0.10193753242492676,0.7155256271362305,0.28447431325912476,0.5370700823098671,0.8888888888888888,0.9411764705882353,0.8888888888888888,1.0,0.47058823529411764,0.4444444444444444,0.5,0.5,0.375,0.18170601474333578,0.3963176078266568,0.3129470646381378,0.7391115427017212,0.19320595264434814,0.8980623483657837,0.10193753242492676,0.7155256271362305,0.28447431325912476,0.06995355420642435,0.0,-0.029017503347434276,0.0888888888888888,0.0444444444444444,0.5,0.25,0.0,0.0,0.25,0.0,0.16289592760180993,0.4444444444444444,0.0,-0.0600718177491375,0.0,-0.04316619038581848,0.32579185520361986,0.0
8,12,1,"[0, 1, 3, 6, 7, 8, 9, 10, 11, 14, 16, 17]","[2, 4, 5, 12, 13, 15]",12,6,2,0.5427406933749331,0.6666666666666666,0.8,1.0,0.6666666666666666,0.4,0.5,0.3333333333333333,0.3333333333333333,nan,0.17897524243451177,0.2496454616387685,0.343260258436203,0.7390629649162292,0.1924229860305786,0.8983963131904602,0.1016036868095398,0.7167576551437378,0.2832423448562622,0.4653626824571546,0.8333333333333334,0.9090909090909091,1.0,0.8333333333333334,0.45454545454545453,0.5,0.4166666666666667,0.4166666666666667,nan,0.14462033738513766,0.18083050847053522,0.2920067608356476,0.7390629649162292,0.1924229860305786,0.8983963131904602,0.1016036868095398,0.7167576551437378,0.2832423448562622,-0.06881495316823327,0.0,-0.03435490504937411,0.0,0.0,0.16666666666666674,0.08333333333333337,0.0,0.0,0.08333333333333337,nan,0.05454545454545451,0.16666666666666674,0.0,-0.07737801091777852,0.0,-0.05125349760055542,0.10909090909090902,0.0
8,12,2,"[0, 1, 2, 3, 4, 6, 7, 8, 9, 13, 15, 16]","[5, 10, 11, 12, 14, 17]",12,6,2,0.4772409990505749,0.8333333333333334,0.9090909090909091,1.0,0.8333333333333334,0.45454545454545453,0.5,0.4166666666666667,0.4166666666666667,nan,0.14752007596496716,0.37069387237230933,0.2971208691596985,0.7436093091964722,0.18747645616531372,0.9104544520378113,0.08954548835754395,0.7145926356315613,0.28540730476379395,0.4069752690885095,1.0,1.0,1.0,1.0,0.5,0.5,0.5,0.5,nan,0.11657475252926612,0.32611604531606037,0.2520357370376587,0.7436093091964722,0.18747645616531372,0.9104544520378113,0.08954548835754395,0.7145926356315613,0.28540730476379395,-0.044577827056248964,0.0,-0.03094532343570104,0.0,0.0,0.16666666666666663,0.08333333333333331,0.0,0.0,0.08333333333333331,nan,0.04545454545454547,0.16666666666666663,0.0,-0.07026572996206537,0.0,-0.045085132122039795,0.09090909090909094,0.0
8,12,3,"[0, 1, 3, 5, 6, 7, 9, 10, 12, 13, 15, 16]","[2, 4, 8, 11, 14, 17]",12,6,2,0.3784942029304994,0.8333333333333334,0.9090909090909091,1.0,0.8333333333333334,0.45454545454545453,0.5,0.4166666666666667,0.4166666666666667,nan,0.10952325084101489,0.3005389869213104,0.25319135189056396,0.7304929494857788,0.1997373104095459,0.8944020867347717,0.10559797286987305,0.7061234712600708,0.293876588344574,0.3274638303885211,1.0,1.0,1.0,1.0,0.5,0.5,0.5,0.5,nan,0.0872287931955474,0.2683193087577819,0.22111666202545166,0.7304929494857788,0.1997373104095459,0.8944020867347717,0.10559797286987305,0.7061234712600708,0.293876588344574,-0.0322196781635285,0.0,-0.02229445764546749,0.0,0.0,0.16666666666666663,0.08333333333333331,0.0,0.0,0.08333333333333331,nan,0.04545454545454547,0.16666666666666663,0.0,-0.051030372541978286,0.0,-0.032074689865112305,0.09090909090909094,0.0
9,3,1,"[3, 4, 8]","[0, 1, 2, 5, 6, 7, 9, 10, 11, 12, 13, 14, 15, 16, 17]",3,15,2,0.6286746053346707,0.6,0.625,0.5555555555555556,0.7142857142857143,0.5982142857142857,0.6111111111111112,0.6071428571428572,0.6071428571428572,0.7142857142857143,0.21976963778550906,0.16055908203125005,1.0879734754562378,0.7672699689865112,0.17752093076705933,0.9055307507514954,0.09446924924850464,0.739427387714386,0.260572612285614,0.6194439138385417,0.6666666666666666,0.6666666666666666,0.625,0.7142857142857143,0.6666666666666666,0.6696428571428572,0.6696428571428572,0.6696428571428572,0.7142857142857143,0.21548391857829757,0.16298118432362874,0.3527108132839203,0.7672699689865112,0.17752093076705933,0.9055307507514954,0.09446924924850464,0.739427387714386,0.260572612285614,0.002422102292378686,0.0,-0.004285719207211491,0.06944444444444442,0.058531746031746046,0.0,0.0625,0.0,0.0,0.0625,0.0,0.06845238095238093,0.06666666666666665,0.0,-0.009230691496128984,0.0,-0.7352626621723175,0.04166666666666663,0.0
9,3,2,"[7, 11, 17]","[0, 1, 2, 3, 4, 5, 6, 8, 9, 10, 12, 13, 14, 15, 16]",3,15,2,0.6818291579147787,0.6666666666666666,0.7368421052631579,0.5833333333333334,1.0,0.6411483253588517,0.7916666666666667,0.6875,0.6875,0.7142857142857143,0.23759890814759602,0.30508769353230797,0.41900569200515747,0.7609155774116516,0.1833709478378296,0.9021425247192383,0.09785747528076172,0.7311155200004578,0.26888447999954224,0.6933228019821783,0.6666666666666666,0.7368421052631579,0.5833333333333334,1.0,0.6411483253588517,0.7916666666666667,0.6875,0.6875,0.7142857142857143,0.2427302765678275,0.18701319297154742,0.4322611689567566,0.7609155774116516,0.1833709478378296,0.9021425247192383,0.09785747528076172,0.7311155200004578,0.26888447999954224,-0.11807450056076055,0.0,0.005131368420231486,0.0,0.0,0.0,0.0,0.0,0.0,0.0,0.0,0.0,0.0,0.0,0.011493644067399611,0.0,0.013255476951599121,0.0,0.0
9,3,3,"[0, 10, 12]","[1, 2, 3, 4, 5, 6, 7, 8, 9, 11, 13, 14, 15, 16, 17]",3,15,2,0.683898446069952,0.6666666666666666,0.7058823529411765,0.6666666666666666,0.75,0.660633484162896,0.6666666666666666,0.6607142857142857,0.6607142857142857,0.6428571428571429,0.23787736576437724,0.272833510239919,0.41641053557395935,0.7769578099250793,0.16943460702896118,0.9083206057548523,0.0916793942451477,0.7528101205825806,0.24718987941741943,0.6831238173023918,0.6666666666666666,0.7058823529411765,0.6666666666666666,0.75,0.660633484162896,0.6666666666666666,0.6607142857142857,0.6607142857142857,0.6428571428571429,0.23822638153985617,0.2212625463803609,0.41556379199028015,0.7769578099250793,0.16943460702896118,0.9083206057548523,0.0916793942451477,0.7528101205825806,0.24718987941741943,-0.05157096385955806,0.0,0.00034901577547893914,0.0,0.0,0.0,0.0,0.0,0.0,0.0,0.0,0.0,0.0,0.0,-0.0007746287675601815,0.0,-0.0008467435836791992,0.0,0.0
9,3,4,"[5, 9, 14]","[0, 1, 2, 3, 4, 6, 7, 8, 10, 11, 12, 13, 15, 16, 17]",3,15,2,0.6783603472086521,0.6,0.6666666666666666,0.6,0.75,0.5833333333333333,0.6,0.5892857142857143,0.5892857142857143,0.6964285714285714,0.2367284681553194,0.21266959508260094,0.41155314445495605,0.7754560708999634,0.17086255550384521,0.9084086418151855,0.09159141778945923,0.7498663067817688,0.250133752822876,0.6616002493000882,0.6666666666666666,0.7058823529411765,0.6666666666666666,0.75,0.660633484162896,0.6666666666666666,0.6607142857142857,0.6607142857142857,0.6785714285714286,0.2302594005003274,0.23135441541671753,0.39763912558555603,0.7754560708999634,0.17086255550384521,0.9084086418151855,0.09159141778945923,0.7498663067817688,0.250133752822876,0.018684820334116586,0.0,-0.006469067654992,0.06666666666666665,0.06666666666666665,0.0,0.0714285714285714,0.0,0.0,0.0714285714285714,-0.017857142857142794,0.07730015082956276,0.06666666666666665,0.0,-0.01676009790856392,0.0,-0.013914018869400024,0.03921568627450989,0.0
9,3,5,"[2, 13, 15]","[0, 1, 3, 4, 5, 6, 7, 8, 9, 10, 11, 12, 14, 16, 17]",3,15,2,0.7140246411130985,0.6,0.625,0.5555555555555556,0.7142857142857143,0.5982142857142857,0.6111111111111112,0.6071428571428572,0.6071428571428572,0.6071428571428572,0.2537221367117461,0.1326526085535685,0.44538336992263794,0.776070237159729,0.17002063989639282,0.9102100729942322,0.08978992700576782,0.749748706817627,0.25025129318237305,0.7238325779555448,0.6,0.625,0.5555555555555556,0.7142857142857143,0.5982142857142857,0.6111111111111112,0.6071428571428572,0.6071428571428572,0.5178571428571428,0.25889617006758153,0.24294570684432987,0.45703256130218506,0.776070237159729,0.17002063989639282,0.9102100729942322,0.08978992700576782,0.749748706817627,0.25025129318237305,0.11029309829076137,0.0,0.005174033355835439,0.0,0.0,0.0,0.0,0.0,0.0,0.0,-0.08928571428571441,0.0,0.0,0.0,0.009807936842446296,0.0,0.01164919137954712,0.0,0.0
9,3,6,"[1, 6, 16]","[0, 2, 3, 4, 5, 7, 8, 9, 10, 11, 12, 13, 14, 15, 17]",3,15,2,0.7148456623890039,0.5333333333333333,0.631578947368421,0.5454545454545454,0.75,0.49760765550239233,0.5227272727272727,0.5178571428571428,0.5178571428571428,0.5714285714285714,0.2543414631250462,0.2468168536822001,0.44639575481414795,0.7727764248847961,0.17264175415039062,0.9093084335327148,0.09069156646728516,0.7454081177711487,0.2545918822288513,0.7057322519442961,0.5333333333333333,0.631578947368421,0.5454545454545454,0.75,0.49760765550239233,0.5227272727272727,0.5178571428571428,0.5178571428571428,0.625,0.2512709414710945,0.280095648765564,0.4345645010471344,0.7727764248847961,0.17264175415039062,0.9093084335327148,0.09069156646728516,0.7454081177711487,0.2545918822288513,0.03327879508336387,0.0,-0.0030705216539516633,0.0,0.0,0.0,0.0,0.0,0.0,0.0,0.0535714285714286,0.0,0.0,0.0,-0.009113410444707815,0.0,-0.01183125376701355,0.0,0.0
9,6,1,"[2, 7, 9, 13, 16, 17]","[0, 1, 3, 4, 5, 6, 8, 10, 11, 12, 14, 15]",6,12,2,0.6979726799796598,0.6666666666666666,0.75,0.6,1.0,0.625,0.8,0.6666666666666666,0.6666666666666666,0.6111111111111112,0.24416457616119303,0.21679958701133725,0.4542103409767151,0.7777895927429199,0.16922134160995483,0.9088754057884216,0.09112459421157837,0.7526818513870239,0.24731814861297607,0.7051759320752722,0.6666666666666666,0.75,0.6,1.0,0.625,0.8,0.6666666666666666,0.6666666666666666,0.5833333333333334,0.2476048294450853,0.21656874815622965,0.4618918299674988,0.7777895927429199,0.16922134160995483,0.9088754057884216,0.09112459421157837,0.7526818513870239,0.24731814861297607,-0.00023083885510760682,0.0,0.003440253283892275,0.0,0.0,0.0,0.0,0.0,0.0,0.0,-0.02777777777777779,0.0,0.0,0.0,0.007203252095612345,0.0,0.007681488990783691,0.0,0.0
9,6,2,"[5, 8, 10, 11, 12, 15]","[0, 1, 2, 3, 4, 6, 7, 9, 13, 14, 16, 17]",6,12,2,0.6569301403743611,0.5833333333333334,0.6153846153846154,0.5714285714285714,0.6666666666666666,0.5804195804195804,0.5857142857142856,0.5833333333333333,0.5833333333333333,0.6666666666666667,0.23209173297146127,0.25855931142965954,0.38084328174591064,0.7669684290885925,0.17797952890396118,0.9049203395843506,0.09507966041564941,0.739120602607727,0.26087939739227295,0.6555918424948043,0.5833333333333334,0.6153846153846154,0.5714285714285714,0.6666666666666666,0.5804195804195804,0.5857142857142856,0.5833333333333333,0.5833333333333333,0.6666666666666667,0.2317006454964136,0.07322416206200917,0.3802761733531952,0.7669684290885925,0.17797952890396118,0.9049203395843506,0.09507966041564941,0.739120602607727,0.26087939739227295,-0.1853351493676504,0.0,-0.00039108747504768004,0.0,0.0,0.0,0.0,0.0,0.0,0.0,0.0,0.0,0.0,0.0,-0.00133829787955686,0.0,-0.0005671083927154541,0.0,0.0
9,6,3,"[0, 1, 3, 4, 6, 14]","[2, 5, 7, 8, 9, 10, 11, 12, 13, 15, 16, 17]",6,12,2,0.6959157094684193,0.5833333333333334,0.6153846153846154,0.5714285714285714,0.6666666666666666,0.5804195804195804,0.5857142857142856,0.5833333333333333,0.5833333333333333,0.6388888888888888,0.24376373226923978,0.2196593830982844,0.44750869274139404,0.7699597477912903,0.1747264862060547,0.9081647396087646,0.09183526039123535,0.742382287979126,0.257617712020874,0.6917236509453127,0.5833333333333334,0.6153846153846154,0.5714285714285714,0.6666666666666666,0.5804195804195804,0.5857142857142856,0.5833333333333333,0.5833333333333333,0.6666666666666667,0.24249353995611278,0.22110215822855628,0.44454658031463623,0.7699597477912903,0.1747264862060547,0.9081647396087646,0.09183526039123535,0.742382287979126,0.257617712020874,0.0014427751302718839,0.0,-0.0012701923131269999,0.0,0.0,0.0,0.0,0.0,0.0,0.0,0.0277777777777779,0.0,0.0,0.0,-0.004192058523106557,0.0,-0.0029621124267578125,0.0,0.0
9,9,1,"[1, 2, 3, 5, 8, 13, 14, 15, 16]","[0, 4, 6, 7, 9, 10, 11, 12, 17]",9,9,2,0.6200536434019189,0.5555555555555556,0.6,0.6,0.6,0.55,0.55,0.55,0.55,0.75,0.2169235034351488,0.22058791584438742,0.3877837061882019,0.7800828218460083,0.1659843921661377,0.9144326448440552,0.08556735515594482,0.7535986304283142,0.2464013695716858,0.6276099685599504,0.5555555555555556,0.6,0.6,0.6,0.55,0.55,0.55,0.55,0.6,0.22132609964765207,0.24570206138822767,0.39799627661705017,0.7800828218460083,0.1659843921661377,0.9144326448440552,0.08556735515594482,0.7535986304283142,0.2464013695716858,0.025114145543840255,0.0,0.004402596212503274,0.0,0.0,0.0,0.0,0.0,0.0,0.0,-0.15000000000000002,0.0,0.0,0.0,0.007556325158031507,0.0,0.010212570428848267,0.0,0.0
9,9,2,"[0, 4, 6, 7, 9, 10, 11, 12, 17]","[1, 2, 3, 5, 8, 13, 14, 15, 16]",9,9,2,0.7471560011585275,0.6666666666666666,0.7272727272727273,0.5714285714285714,1.0,0.6493506493506493,0.7857142857142857,0.7,0.7,0.6,0.26308811175069813,0.48794919252395624,0.5286829471588135,0.7630622982978821,0.18196719884872437,0.9002076983451843,0.09979230165481567,0.7358578443527222,0.26414215564727783,0.7512193822055032,0.6666666666666666,0.7272727272727273,0.5714285714285714,1.0,0.6493506493506493,0.7857142857142857,0.7,0.7,0.6,0.26444608205968084,0.36849685509999586,0.5342480540275574,0.7630622982978821,0.18196719884872437,0.9002076983451843,0.09979230165481567,0.7358578443527222,0.26414215564727783,-0.11945233742396039,0.0,0.0013579703089827144,0.0,0.0,0.0,0.0,0.0,0.0,0.0,0.0,0.0,0.0,0.0,0.004063381046975678,0.0,0.0055651068687438965,0.0,0.0
9,12,1,"[0, 1, 3, 4, 5, 6, 7, 9, 12, 13, 14, 16]","[2, 8, 10, 11, 15, 17]",12,6,2,0.8221971892812538,0.5,0.5714285714285714,0.5,0.6666666666666666,0.4857142857142857,0.5,0.5,0.5,0.5555555555555556,0.2953462414178527,0.30761737624804175,0.6343258023262024,0.7911156415939331,0.15761536359786987,0.9136069416999817,0.08639305830001831,0.7711623311042786,0.22883766889572144,0.8055493190413786,0.5,0.5714285714285714,0.5,0.6666666666666666,0.4857142857142857,0.5,0.5,0.5,0.5555555555555556,0.2913762608951897,0.2909859319527943,0.6201000809669495,0.7911156415939331,0.15761536359786987,0.9136069416999817,0.08639305830001831,0.7711623311042786,0.22883766889572144,-0.016631444295247433,0.0,-0.003969980522663008,0.0,0.0,0.0,0.0,0.0,0.0,0.0,0.0,0.0,0.0,0.0,-0.01664787023987524,0.0,-0.01422572135925293,0.0,0.0
9,12,2,"[0, 3, 4, 6, 8, 9, 10, 11, 12, 13, 15, 17]","[1, 2, 5, 7, 14, 16]",12,6,2,0.6729522824518207,0.6666666666666666,0.6666666666666666,0.6666666666666666,0.6666666666666666,0.6666666666666666,0.6666666666666666,0.6666666666666666,0.6666666666666666,0.5555555555555556,0.23934676469332525,0.28895094990730286,0.5141369700431824,0.7711412310600281,0.17525196075439453,0.9050050377845764,0.09499502182006836,0.7444911599159241,0.2555088996887207,0.6600303972553939,0.6666666666666666,0.6666666666666666,0.6666666666666666,0.6666666666666666,0.6666666666666666,0.6666666666666666,0.6666666666666666,0.6666666666666666,0.6666666666666667,0.23315801159827773,0.059768795967101995,0.504493772983551,0.7711412310600281,0.17525196075439453,0.9050050377845764,0.09499502182006836,0.7444911599159241,0.2555088996887207,-0.22918215394020086,0.0,-0.006188753095047517,0.0,0.0,0.0,0.0,0.0,0.0,0.0,0.11111111111111116,0.0,0.0,0.0,-0.012921885196426786,0.0,-0.009643197059631348,0.0,0.0
9,12,3,"[0, 1, 3, 4, 5, 7, 9, 11, 13, 14, 15, 17]","[2, 6, 8, 10, 12, 16]",12,6,2,0.7556171498042202,0.6666666666666666,0.75,0.6,1.0,0.625,0.8,0.6666666666666666,0.6666666666666666,0.6666666666666667,0.26432865244792225,0.27133051554361975,0.5933069586753845,0.7581524848937988,0.18646037578582764,0.9004774689674377,0.09952247142791748,0.7266016602516174,0.27339833974838257,0.7354047433572397,0.6666666666666666,0.75,0.6,1.0,0.625,0.8,0.6666666666666666,0.6666666666666666,0.6666666666666667,0.2584470387917719,0.2032094001770019,0.5729731917381287,0.7581524848937988,0.18646037578582764,0.9004774689674377,0.09952247142791748,0.7266016602516174,0.27339833974838257,-0.06812111536661786,0.0,-0.005881613656150364,0.0,0.0,0.0,0.0,0.0,0.0,0.0,0.0,0.0,0.0,0.0,-0.020212406446980524,0.0,-0.02033376693725586,0.0,0.0
10,3,1,"[7, 14, 15]","[0, 1, 2, 3, 4, 5, 6, 8, 9, 10, 11, 12, 13, 16, 17]",3,15,2,0.7547353472621715,0.6666666666666666,0.7058823529411765,0.8571428571428571,0.6,0.660633484162896,0.6785714285714286,0.7,0.7,0.6000000000000001,0.2716803460843911,0.3220299561818441,1.3101879358291626,0.7022059559822083,0.22846323251724243,0.8819040656089783,0.11809587478637695,0.6611692309379578,0.33883070945739746,0.7496185035570746,0.7333333333333333,0.7777777777777778,0.875,0.7,0.7222222222222222,0.7232142857142857,0.75,0.75,0.6000000000000001,0.26911746247377344,0.3474907596906026,0.4948071539402008,0.7022059559822083,0.22846335172653198,0.8819039463996887,0.1180959939956665,0.6611692309379578,0.33883070945739746,0.02546080350875851,0.0,-0.0025628836106176833,0.017857142857142905,0.044642857142857095,0.09999999999999998,0.050000000000000044,0.0,0.0,0.050000000000000044,0.0,0.06158873805932619,0.06666666666666665,1.1920928955078125e-07,-0.005116843705096907,-1.1920928955078125e-07,-0.8153807818889618,0.07189542483660127,1.1920928955078125e-07
10,3,2,"[0, 4, 13]","[1, 2, 3, 5, 6, 7, 8, 9, 10, 11, 12, 14, 15, 16, 17]",3,15,2,0.7359424336999771,0.7333333333333333,0.7777777777777778,0.875,0.7,0.7222222222222222,0.7232142857142857,0.75,0.75,0.6000000000000001,0.26134013906314024,0.4041763424873352,0.4844170808792114,0.6952787637710571,0.234230637550354,0.8804940581321716,0.11950594186782837,0.6510446071624756,0.3489553928375244,0.7377184371610345,0.6666666666666666,0.7058823529411765,0.8571428571428571,0.6,0.660633484162896,0.6785714285714286,0.7,0.7,0.5800000000000001,0.26214763864381485,0.24278355042139688,0.48506852984428406,0.6952787637710571,0.234230637550354,0.8804940581321716,0.11950594186782837,0.6510446071624756,0.3489553928375244,-0.16139279206593832,0.0,0.0008074995806746088,-0.017857142857142905,-0.044642857142857095,-0.09999999999999998,-0.050000000000000044,0.0,0.0,-0.050000000000000044,-0.020000000000000018,-0.06158873805932619,-0.06666666666666665,0.0,0.0017760034610573294,0.0,0.0006514489650726318,-0.07189542483660127,0.0
10,3,3,"[6, 12, 17]","[0, 1, 2, 3, 4, 5, 7, 8, 9, 10, 11, 13, 14, 15, 16]",3,15,2,0.7186964364062373,0.6666666666666666,0.7058823529411765,0.8571428571428571,0.6,0.660633484162896,0.6785714285714286,0.7,0.7,0.6200000000000001,0.25465112135955087,0.30017790794372556,0.47371941804885864,0.7007125616073608,0.22995030879974365,0.8816007375717163,0.11839926242828369,0.6584987044334412,0.34150129556655884,0.7231278897340455,0.6,0.6666666666666666,0.75,0.6,0.5833333333333333,0.5892857142857143,0.6,0.6,0.62,0.256118271678694,0.325778341293335,0.48032844066619873,0.7007125616073608,0.22995030879974365,0.8816007375717163,0.11839926242828369,0.6584987044334412,0.34150129556655884,0.02560043334960943,0.0,0.001467150319143129,-0.1071428571428571,-0.0892857142857143,0.0,-0.09999999999999998,0.0,0.0,-0.09999999999999998,-1.1102230246251565e-16,-0.07730015082956276,-0.06666666666666665,0.0,0.004431453327808255,0.0,0.006609022617340088,-0.03921568627450989,0.0
10,3,4,"[9, 11, 16]","[0, 1, 2, 3, 4, 5, 6, 7, 8, 10, 12, 13, 14, 15, 17]",3,15,2,0.6339959250106223,0.8,0.8421052631578947,0.8888888888888888,0.8,0.784688995215311,0.7777777777777777,0.8,0.8,0.7400000000000001,0.21829641645554265,0.3735615571339925,0.39285579323768616,0.6982927322387695,0.23215967416763306,0.8800044655799866,0.11999553442001343,0.6556762456893921,0.3443237543106079,0.6367651205426086,0.7333333333333333,0.8,0.8,0.8,0.7,0.7,0.7,0.7,0.7200000000000001,0.2199511063242283,0.28103125890096026,0.39436474442481995,0.6982927322387695,0.23215967416763306,0.8800044655799866,0.11999553442001343,0.6556762456893921,0.3443237543106079,-0.09253029823303222,0.0,0.0016546898686856382,-0.0888888888888888,-0.07777777777777772,0.0,-0.10000000000000009,0.0,0.0,-0.10000000000000009,-0.020000000000000018,-0.08468899521531104,-0.06666666666666676,0.0,0.0027691955319862904,0.0,0.001508951187133789,-0.042105263157894646,0.0
10,3,5,"[2, 5, 10]","[0, 1, 3, 4, 6, 7, 8, 9, 11, 12, 13, 14, 15, 16, 17]",3,15,2,0.7521358548044784,0.6666666666666666,0.7058823529411765,0.8571428571428571,0.6,0.660633484162896,0.6785714285714286,0.7,0.7,0.6200000000000001,0.2705168210572794,0.3203254858652751,0.49902787804603577,0.6914146542549133,0.2373664379119873,0.8792505860328674,0.12074953317642212,0.6460167169570923,0.3539833426475525,0.7608237485641062,0.6666666666666666,0.7058823529411765,0.8571428571428571,0.6,0.660633484162896,0.6785714285714286,0.7,0.7,0.6000000000000001,0.2746725831876636,0.3222755392392476,0.506634533405304,0.6914146542549133,0.2373664379119873,0.8792505860328674,0.12074953317642212,0.6460167169570923,0.3539833426475525,0.0019500533739725268,0.0,0.004155762130384155,0.0,0.0,0.0,0.0,0.0,0.0,0.0,-0.020000000000000018,0.0,0.0,0.0,0.008687893759627752,0.0,0.0076066553592681885,0.0,0.0
10,3,6,"[1, 3, 8]","[0, 2, 4, 5, 6, 7, 9, 10, 11, 12, 13, 14, 15, 16, 17]",3,15,2,0.5989262620112251,0.8,0.8235294117647058,1.0,0.7,0.7963800904977376,0.8125,0.85,0.85,0.8400000000000001,0.2009785605385071,0.25535999536514287,0.3561621904373169,0.6927980184555054,0.2361840009689331,0.8794883489608765,0.12051153182983398,0.648143470287323,0.35185641050338745,0.6008919470228756,0.6666666666666666,0.7368421052631579,0.7777777777777778,0.7,0.6411483253588517,0.6388888888888888,0.6499999999999999,0.6499999999999999,0.8,0.20308503930737393,0.3285849650700887,0.3569951057434082,0.6927980184555054,0.2361840009689331,0.8794883489608765,0.12051153182983398,0.648143470287323,0.35185641050338745,0.07322496970494585,0.0,0.0021064787688668263,-0.2222222222222222,-0.17361111111111116,0.0,-0.20000000000000007,0.0,0.0,-0.20000000000000007,-0.040000000000000036,-0.15523176513888592,-0.13333333333333341,0.0,0.0019656850116505087,0.0,0.0008329153060913086,-0.08668730650154799,0.0
10,6,1,"[2, 6, 9, 12, 13, 14]","[0, 1, 3, 4, 5, 7, 8, 10, 11, 15, 16, 17]",6,12,2,0.7463723651863892,0.6666666666666666,0.7142857142857143,0.8333333333333334,0.625,0.6571428571428571,0.6666666666666667,0.6875,0.6875,0.59375,0.2658409995488092,0.36376352111498517,0.5240049362182617,0.6971848011016846,0.23312008380889893,0.8793973326683044,0.12060266733169556,0.6543626189231873,0.34563738107681274,0.7452944282185521,0.6666666666666666,0.7142857142857143,0.8333333333333334,0.625,0.6571428571428571,0.6666666666666667,0.6875,0.6875,0.59375,0.264749932761122,0.26297324399153393,0.5229947566986084,0.6971848011016846,0.23312008380889893,0.8793973326683044,0.12060266733169556,0.6543626189231873,0.34563738107681274,-0.10079027712345123,0.0,-0.0010910667876871671,0.0,0.0,0.0,0.0,0.0,0.0,0.0,0.0,0.0,0.0,0.0,-0.0010779369678370898,0.0,-0.0010101795196533203,0.0,0.0
10,6,2,"[0, 1, 8, 11, 16, 17]","[2, 3, 4, 5, 6, 7, 9, 10, 12, 13, 14, 15]",6,12,2,0.5909654096434737,0.8333333333333334,0.8571428571428571,1.0,0.75,0.8285714285714285,0.8333333333333333,0.875,0.875,0.78125,0.1983832580713368,0.3205381780862808,0.36836427450180054,0.6948655843734741,0.23494738340377808,0.8787524104118347,0.12124752998352051,0.6513527035713196,0.34864723682403564,0.5882828375364066,0.75,0.8,0.8571428571428571,0.75,0.7333333333333334,0.7285714285714285,0.75,0.75,0.78125,0.19740932112053108,0.24913575251897174,0.36555150151252747,0.6948655843734741,0.23494738340377808,0.8787524104118347,0.12124752998352051,0.6513527035713196,0.34864723682403564,-0.07140242556730908,0.0,-0.0009739369508057205,-0.1428571428571429,-0.10476190476190472,0.0,-0.125,0.0,0.0,-0.125,0.0,-0.09523809523809512,-0.08333333333333337,0.0,-0.002682572107067016,0.0,-0.0028127729892730713,-0.05714285714285705,0.0
10,6,3,"[3, 4, 5, 7, 10, 15]","[0, 1, 2, 6, 8, 9, 11, 12, 13, 14, 16, 17]",6,12,2,0.7598806682584601,0.6666666666666666,0.7142857142857143,0.8333333333333334,0.625,0.6571428571428571,0.6666666666666667,0.6875,0.6875,0.59375,0.274508343418516,0.3231128007173538,0.5083206295967102,0.6983023881912231,0.23110640048980713,0.8832213282585144,0.1167786717414856,0.6545658111572266,0.34543418884277344,0.7797345318699461,0.5833333333333334,0.6666666666666666,0.7142857142857143,0.625,0.5555555555555556,0.5571428571428572,0.5625,0.5625,0.5625,0.28303879803537585,0.24915795524915058,0.5276278257369995,0.6983023881912231,0.23110640048980713,0.8832213282585144,0.1167786717414856,0.6545658111572266,0.34543418884277344,-0.07395484546820325,0.0,0.008530454616859862,-0.11904761904761907,-0.10952380952380958,0.0,-0.125,0.0,0.0,-0.125,-0.03125,-0.10158730158730156,-0.08333333333333326,0.0,0.019853863611486,0.0,0.019307196140289307,-0.04761904761904767,0.0
10,9,1,"[0, 1, 4, 6, 7, 10, 11, 12, 14]","[2, 3, 5, 8, 9, 13, 15, 16, 17]",9,9,2,0.8785142470060774,0.5555555555555556,0.6,0.75,0.5,0.55,0.575,0.5833333333333333,0.5833333333333333,0.3888888888888889,0.32446981905477723,0.4352693491511874,0.6652447581291199,0.68795245885849,0.24030059576034546,0.8788241744041443,0.12117576599121094,0.6405745148658752,0.35942542552948,0.8876071395066121,0.4444444444444444,0.5454545454545454,0.6,0.5,0.41558441558441556,0.425,0.41666666666666663,0.41666666666666663,0.3888888888888889,0.3285206654509113,0.43735798199971515,0.6767672300338745,0.68795245885849,0.24030059576034546,0.8788241744041443,0.12117576599121094,0.6405745148658752,0.35942542552948,0.0020886328485277272,0.0,0.004050846396134067,-0.15000000000000002,-0.14999999999999997,0.0,-0.16666666666666663,0.0,0.0,-0.16666666666666663,0.0,-0.1344155844155845,-0.11111111111111116,0.0,0.009092892500534688,0.0,0.011522471904754639,-0.054545454545454564,0.0
10,9,2,"[2, 3, 5, 8, 9, 13, 15, 16, 17]","[0, 1, 4, 6, 7, 10, 11, 12, 14]",9,9,2,0.5196230207357669,0.8888888888888888,0.9090909090909091,1.0,0.8333333333333334,0.8831168831168831,0.875,0.9166666666666667,0.9166666666666667,1.0,0.16801540349977284,0.2857990397347344,0.31005287170410156,0.7056160569190979,0.22581523656845093,0.8820899128913879,0.11791008710861206,0.6662795543670654,0.33372044563293457,0.5226972196591217,0.8888888888888888,0.9230769230769231,0.8571428571428571,1.0,0.8615384615384616,0.9285714285714286,0.8333333333333333,0.8333333333333333,0.9444444444444445,0.16974444488611468,0.2828077011638217,0.3132897913455963,0.7056160569190979,0.22581523656845093,0.8820899128913879,0.11791008710861206,0.6662795543670654,0.33372044563293457,-0.002991338570912716,0.0,0.0017290413863418341,-0.1428571428571429,0.0535714285714286,0.16666666666666663,-0.08333333333333348,0.0,0.0,-0.08333333333333348,-0.05555555555555547,-0.02157842157842149,0.0,0.0,0.0030741989233548095,0.0,0.003236919641494751,0.013986013986014068,0.0
10,12,1,"[0, 1, 3, 4, 6, 7, 8, 11, 12, 13, 16, 17]","[2, 5, 9, 10, 14, 15]",12,6,2,0.5151400654315312,0.8333333333333334,0.8571428571428571,1.0,0.75,0.8285714285714285,0.8333333333333333,0.875,0.875,0.875,0.16433040426583778,0.19866576790809626,0.41984128952026367,0.7019782662391663,0.22826701402664185,0.8844285607337952,0.11557149887084961,0.6590374708175659,0.34096258878707886,0.5157375815012463,0.8333333333333334,0.8571428571428571,1.0,0.75,0.8285714285714285,0.8333333333333333,0.875,0.875,0.875,0.1648672525519855,0.24176444609959918,0.4193550646305084,0.7019782662391663,0.22826701402664185,0.8844285607337952,0.11557149887084961,0.6590374708175659,0.34096258878707886,0.043098678191502926,0.0,0.0005368482861477231,0.0,0.0,0.0,0.0,0.0,0.0,0.0,0.0,0.0,0.0,0.0,0.0005975160697150317,0.0,-0.000486224889755249,0.0,0.0
10,12,2,"[0, 2, 4, 6, 7, 8, 9, 11, 12, 13, 16, 17]","[1, 3, 5, 10, 14, 15]",12,6,2,0.6869584051110253,0.8333333333333334,0.8571428571428571,1.0,0.75,0.8285714285714285,0.8333333333333333,0.875,0.875,0.75,0.23820137262381783,0.4605216383934021,0.5938662886619568,0.6974438428878784,0.2329310178756714,0.8813226222991943,0.11867731809616089,0.6528152823448181,0.3471846580505371,0.682536008519886,0.8333333333333334,0.8571428571428571,1.0,0.75,0.8285714285714285,0.8333333333333333,0.875,0.875,0.75,0.23568642778108004,0.4568176964918772,0.5926008224487305,0.6974438428878784,0.2329310178756714,0.8813226222991943,0.11867731809616089,0.6528152823448181,0.3471846580505371,-0.0037039419015248987,0.0,-0.0025149448427377874,0.0,0.0,0.0,0.0,0.0,0.0,0.0,0.0,0.0,0.0,0.0,-0.004422396591139299,0.0,-0.0012654662132263184,0.0,0.0
10,12,3,"[0, 1, 3, 4, 5, 7, 8, 9, 11, 13, 15, 16]","[2, 6, 10, 12, 14, 17]",12,6,2,0.5387791143644624,1.0,1.0,1.0,1.0,1.0,1.0,1.0,1.0,1.0,0.1745051400882026,0.41396588087081904,0.42067795991897583,0.6908943057060242,0.23753505945205688,0.8798786401748657,0.1201213002204895,0.6450511813163757,0.3549487590789795,0.5554176944059919,0.8333333333333334,0.8888888888888888,0.8,1.0,0.7777777777777777,0.9,0.75,0.75,1.0,0.182832167674804,0.42274984717369074,0.43362265825271606,0.6908943057060242,0.23753505945205688,0.8798786401748657,0.1201213002204895,0.6450511813163757,0.3549487590789795,0.008783966302871704,0.0,0.008327027586601421,-0.19999999999999996,-0.09999999999999998,0.0,-0.25,0.0,0.0,-0.25,0.0,-0.22222222222222232,-0.16666666666666663,0.0,0.016638580041529516,0.0,0.012944698333740234,-0.11111111111111116,0.0
11,3,1,"[1, 3, 14]","[0, 2, 4, 5, 6, 7, 8, 9, 10, 11, 12, 13, 15, 16, 17]",3,15,2,0.5840899324540969,0.6,0.7272727272727273,0.8,0.6666666666666666,0.48863636363636365,0.5,0.5,0.5,0.6944444444444444,0.2027755077460595,0.1681875944137573,1.0858994722366333,0.7647055387496948,0.186204195022583,0.9080027341842651,0.09199732542037964,0.7195890545845032,0.2804110050201416,0.5709548872974284,0.6,0.7272727272727273,0.8,0.6666666666666666,0.48863636363636365,0.5,0.5,0.5,0.6944444444444444,0.19742598064730715,0.19306964874267576,0.3642967641353607,0.7647055983543396,0.186204195022583,0.9080026745796204,0.09199744462966919,0.7195890545845032,0.2804110050201416,0.024882054328918463,0.0,-0.00534952709875236,0.0,0.0,0.0,0.0,5.960464477539063e-08,0.0,0.0,0.0,0.0,0.0,0.0,-0.013135045156668523,-5.960464477539063e-08,-0.7216027081012726,0.0,1.1920928955078125e-07
11,3,2,"[10, 11, 15]","[0, 1, 2, 3, 4, 5, 6, 7, 8, 9, 12, 13, 14, 16, 17]",3,15,2,0.5550532636308126,0.6,0.7272727272727273,0.7272727272727273,0.7272727272727273,0.48863636363636365,0.48863636363636365,0.48863636363636365,0.48863636363636365,0.7272727272727273,0.18940533555095485,0.2062180558840434,0.33003556728363037,0.761641800403595,0.18897974491119385,0.9053710103034973,0.09462898969650269,0.716669499874115,0.283330500125885,0.5365274859288155,0.6666666666666666,0.782608695652174,0.75,0.8181818181818182,0.5341614906832298,0.5416666666666666,0.5340909090909092,0.5340909090909092,0.7272727272727273,0.18106108188193454,0.20396006107330322,0.3172057867050171,0.761641800403595,0.18897974491119385,0.9053710103034973,0.09462898969650269,0.716669499874115,0.283330500125885,-0.0022579948107401826,0.0,-0.008344253669020307,0.022727272727272707,0.05303030303030298,0.09090909090909094,0.045454545454545525,0.0,0.0,0.045454545454545525,0.0,0.045525127046866176,0.06666666666666665,0.0,-0.018525777701997148,0.0,-0.012829780578613281,0.055335968379446654,0.0
11,3,3,"[2, 5, 9]","[0, 1, 3, 4, 6, 7, 8, 10, 11, 12, 13, 14, 15, 16, 17]",3,15,2,0.6482045889283274,0.5333333333333333,0.6956521739130435,0.7272727272727273,0.6666666666666666,0.34782608695652173,0.36363636363636365,0.3333333333333333,0.3333333333333333,0.5555555555555556,0.23081003633969346,0.21723448038101198,0.4149150848388672,0.7603947520256042,0.18998181819915771,0.9063867926597595,0.09361320734024048,0.713649570941925,0.28635042905807495,0.6488022208066244,0.5333333333333333,0.6956521739130435,0.7272727272727273,0.6666666666666666,0.34782608695652173,0.36363636363636365,0.3333333333333333,0.3333333333333333,0.5555555555555556,0.2312824461504145,0.21925798654556272,0.41720181703567505,0.7603947520256042,0.18998181819915771,0.9063867926597595,0.09361320734024048,0.713649570941925,0.28635042905807495,0.0020235061645507424,0.0,0.00047240981072102506,0.0,0.0,0.0,0.0,0.0,0.0,0.0,0.0,0.0,0.0,0.0,0.0005976318782969781,0.0,0.0022867321968078613,0.0,0.0
11,3,4,"[6, 8, 17]","[0, 1, 2, 3, 4, 5, 7, 9, 10, 11, 12, 13, 14, 15, 16]",3,15,2,0.6317686943377043,0.5333333333333333,0.6666666666666666,0.7,0.6363636363636364,0.4444444444444444,0.44999999999999996,0.4431818181818182,0.4431818181818182,0.6363636363636364,0.2240695198162957,0.2083549459775289,0.3977254033088684,0.7605411410331726,0.1896265149116516,0.9057179093360901,0.09428209066390991,0.7150290012359619,0.2849709987640381,0.6146043817385799,0.6,0.7272727272727273,0.7272727272727273,0.7272727272727273,0.48863636363636365,0.48863636363636365,0.48863636363636365,0.48863636363636365,0.6590909090909091,0.21750007879988922,0.24313733975092572,0.385871022939682,0.7605411410331726,0.1896265149116516,0.9057179093360901,0.09428209066390991,0.7150290012359619,0.2849709987640381,0.034782393773396814,0.0,-0.006569441016406469,0.027272727272727337,0.03863636363636369,0.09090909090909094,0.04545454545454547,0.0,0.0,0.04545454545454547,0.022727272727272707,0.04419191919191923,0.06666666666666665,0.0,-0.01716431259912443,0.0,-0.011854380369186401,0.06060606060606066,0.0
11,3,5,"[0, 7, 12]","[1, 2, 3, 4, 5, 6, 8, 9, 10, 11, 13, 14, 15, 16, 17]",3,15,2,0.5566582940154987,0.6666666666666666,0.782608695652174,0.8181818181818182,0.75,0.5341614906832298,0.5340909090909092,0.5416666666666666,0.5416666666666666,0.6944444444444444,0.18763013126731476,0.13685199817021687,0.3462809920310974,0.7703825831413269,0.18143832683563232,0.910039484500885,0.08996051549911499,0.7270838618278503,0.27291613817214966,0.5517810825825652,0.6666666666666666,0.782608695652174,0.8181818181818182,0.75,0.5341614906832298,0.5340909090909092,0.5416666666666666,0.5416666666666666,0.7222222222222222,0.18518384645547545,0.15489456653594968,0.3441722095012665,0.7703825831413269,0.18143832683563232,0.910039484500885,0.08996051549911499,0.7270838618278503,0.27291613817214966,0.018042568365732814,0.0,-0.002446284811839311,0.0,0.0,0.0,0.0,0.0,0.0,0.0,0.02777777777777779,0.0,0.0,0.0,-0.004877211432933515,0.0,-0.0021087825298309326,0.0,0.0
11,3,6,"[4, 13, 16]","[0, 1, 2, 3, 5, 6, 7, 8, 9, 10, 11, 12, 14, 15, 17]",3,15,2,0.5213204868475351,0.7333333333333333,0.8333333333333334,0.8333333333333334,0.8333333333333334,0.5833333333333334,0.5833333333333334,0.5833333333333334,0.5833333333333334,0.8611111111111112,0.1720555012171128,0.24345523913701375,0.32151949405670166,0.756503164768219,0.19322603940963745,0.9047632217407227,0.09523677825927734,0.7087846398353577,0.29121536016464233,0.5240909263736147,0.7333333333333333,0.8333333333333334,0.8333333333333334,0.8333333333333334,0.5833333333333334,0.5833333333333334,0.5833333333333334,0.5833333333333334,0.8333333333333334,0.1733284938996459,0.1906068483988444,0.3254980444908142,0.756503164768219,0.19322603940963745,0.9047632217407227,0.09523677825927734,0.7087846398353577,0.29121536016464233,-0.052848390738169354,0.0,0.001272992682533114,0.0,0.0,0.0,0.0,0.0,0.0,0.0,-0.02777777777777779,0.0,0.0,0.0,0.002770439526079582,0.0,0.003978550434112549,0.0,0.0
11,6,1,"[2, 5, 10, 12, 14, 15]","[0, 1, 3, 4, 6, 7, 8, 9, 11, 13, 16, 17]",6,12,2,0.6319765075627259,0.5,0.6666666666666666,0.6666666666666666,0.6666666666666666,0.3333333333333333,0.3333333333333333,0.3333333333333333,0.3333333333333333,0.5555555555555556,0.22463361280802072,0.24628949165344238,0.40441256761550903,0.7612882852554321,0.1891888976097107,0.9051060676574707,0.09489399194717407,0.7165162563323975,0.2834838032722473,0.6121972747371588,0.5833333333333334,0.7368421052631579,0.7,0.7777777777777778,0.3684210526315789,0.35,0.3888888888888889,0.3888888888888889,0.5555555555555556,0.21587806574135082,0.24344337483247117,0.3928261995315552,0.7612882852554321,0.1891888976097107,0.9051060676574707,0.09489399194717407,0.7165162563323975,0.2834838032722473,-0.0028461168209712173,0.0,-0.008755547066669894,0.033333333333333326,0.016666666666666663,0.11111111111111116,0.05555555555555558,0.0,0.0,0.05555555555555558,0.0,0.03508771929824561,0.08333333333333337,0.0,-0.01977923282556715,0.0,-0.011586368083953857,0.07017543859649122,0.0
11,6,2,"[0, 3, 4, 6, 11, 17]","[1, 2, 5, 7, 8, 9, 10, 12, 13, 14, 15, 16]",6,12,2,0.5730402921409475,0.5833333333333334,0.7058823529411765,0.75,0.6666666666666666,0.4957983193277311,0.5,0.5,0.5,0.7037037037037037,0.19801222206440872,0.20986149708429971,0.38115400075912476,0.765460193157196,0.18550646305084229,0.9099231958389282,0.09007680416107178,0.7190638184547424,0.28093618154525757,0.552452144548946,0.6666666666666666,0.7777777777777778,0.7777777777777778,0.7777777777777778,0.5555555555555556,0.5555555555555556,0.5555555555555556,0.5555555555555556,0.7407407407407407,0.19033501250866172,0.2795618524154027,0.36588406562805176,0.765460193157196,0.18550646305084229,0.9099231958389282,0.09007680416107178,0.7190638184547424,0.28093618154525757,0.069700355331103,0.0,-0.007677209555746994,0.02777777777777779,0.05555555555555558,0.11111111111111116,0.05555555555555558,0.0,0.0,0.05555555555555558,0.03703703703703698,0.05975723622782447,0.08333333333333326,0.0,-0.02058814759200156,0.0,-0.015269935131072998,0.07189542483660127,0.0
11,6,3,"[1, 7, 8, 9, 13, 16]","[0, 2, 3, 4, 5, 6, 10, 11, 12, 14, 15, 17]",6,12,2,0.5435293245269648,0.75,0.8421052631578947,0.8888888888888888,0.8,0.6210526315789473,0.611111111111111,0.65,0.65,0.8500000000000001,0.18072655012416158,0.20187458395957952,0.35537105798721313,0.7603452801704407,0.19002526998519897,0.9051113724708557,0.09488862752914429,0.7148380875587463,0.28516191244125366,0.5395958939040967,0.75,0.8421052631578947,0.8888888888888888,0.8,0.6210526315789473,0.611111111111111,0.65,0.65,0.8500000000000001,0.1788072850917207,0.3052424341440201,0.35267823934555054,0.7603452801704407,0.19002526998519897,0.9051113724708557,0.09488862752914429,0.7148380875587463,0.28516191244125366,0.10336785018444056,0.0,-0.0019192650324408866,0.0,0.0,0.0,0.0,0.0,0.0,0.0,0.0,0.0,0.0,0.0,-0.003933430622868106,0.0,-0.0026928186416625977,0.0,0.0
11,9,1,"[1, 2, 3, 4, 6, 7, 9, 12, 14]","[0, 5, 8, 10, 11, 13, 15, 16, 17]",9,9,2,0.616251437838084,0.5555555555555556,0.7142857142857143,0.7142857142857143,0.7142857142857143,0.35714285714285715,0.35714285714285715,0.35714285714285715,0.35714285714285715,0.6428571428571428,0.2152630795050195,0.23253618346320254,0.43653225898742676,0.7589508891105652,0.19104093313217163,0.9076673984527588,0.09233254194259644,0.7102504968643188,0.2897494435310364,0.5859652747934364,0.6666666666666666,0.8,0.75,0.8571428571428571,0.4,0.375,0.42857142857142855,0.42857142857142855,0.7142857142857143,0.20323140092844325,0.21946849425633747,0.41763392090797424,0.7589508891105652,0.19104093313217163,0.9076673984527588,0.09233254194259644,0.7102504968643188,0.2897494435310364,-0.013067689206865074,0.0,-0.012031678576576249,0.0357142857142857,0.01785714285714285,0.1428571428571428,0.0714285714285714,0.0,0.0,0.0714285714285714,0.07142857142857151,0.04285714285714287,0.11111111111111105,0.0,-0.030286163044647596,0.0,-0.018898338079452515,0.08571428571428574,0.0
11,9,2,"[0, 5, 8, 10, 11, 13, 15, 16, 17]","[1, 2, 3, 4, 6, 7, 9, 12, 14]",9,9,2,0.5494429989587563,0.6666666666666666,0.7692307692307693,0.8333333333333334,0.7142857142857143,0.5846153846153846,0.5833333333333334,0.6071428571428572,0.6071428571428572,0.8571428571428572,0.18698352565395984,0.2563213308652242,0.3930518627166748,0.7657781839370728,0.18543916940689087,0.9057597517967224,0.09424018859863281,0.7233617305755615,0.2766382098197937,0.5232034048592932,0.6666666666666666,0.7692307692307693,0.8333333333333334,0.7142857142857143,0.5846153846153846,0.5833333333333334,0.6071428571428572,0.6071428571428572,0.8571428571428572,0.17563790020555053,0.13846910662121242,0.37417328357696533,0.7657781839370728,0.18543916940689087,0.9057597517967224,0.09424018859863281,0.7233617305755615,0.2766382098197937,-0.11785222424401176,0.0,-0.011345625448409308,0.0,0.0,0.0,0.0,0.0,0.0,0.0,0.0,0.0,0.0,0.0,-0.02623959409946308,0.0,-0.018878579139709473,0.0,0.0
11,12,1,"[0, 1, 4, 5, 6, 9, 10, 11, 12, 13, 14, 15]","[2, 3, 7, 8, 16, 17]",12,6,2,0.5166437665065903,0.6666666666666666,0.75,1.0,0.6,0.625,0.6666666666666666,0.8,0.8,1.0,0.1700787354780681,0.3761917253335317,0.3275523781776428,0.7714895009994507,0.18100595474243164,0.9103290438652039,0.08967089653015137,0.7276590466499329,0.27234089374542236,0.48832064798345787,0.8333333333333334,0.8888888888888888,1.0,0.8,0.7777777777777777,0.75,0.9,0.9,1.0,0.15853149961174648,0.2325658102830251,0.30674979090690613,0.7714895009994507,0.18100595474243164,0.9103290438652039,0.08967089653015137,0.7276590466499329,0.27234089374542236,-0.1436259150505066,0.0,-0.011547235866321615,0.0,0.08333333333333337,0.20000000000000007,0.09999999999999998,0.0,0.0,0.09999999999999998,0.0,0.15277777777777768,0.16666666666666674,0.0,-0.028323118523132407,0.0,-0.020802587270736694,0.13888888888888884,0.0
11,12,2,"[0, 1, 2, 4, 5, 7, 8, 11, 12, 14, 15, 16]","[3, 6, 9, 10, 13, 17]",12,6,2,0.6519958040747954,0.6666666666666666,0.8,0.8,0.8,0.4,0.4,0.4,0.4,0.4,0.23050337026571746,0.13995817303657526,0.4673454463481903,0.7765161395072937,0.1759311556816101,0.9128223657608032,0.08717769384384155,0.7353155016899109,0.2646844983100891,0.6655472449152114,0.6666666666666666,0.8,0.8,0.8,0.4,0.4,0.4,0.4,0.4,0.23801429488525017,0.363654484351476,0.4829813838005066,0.7765161395072937,0.1759311556816101,0.9128223657608032,0.08717769384384155,0.7353155016899109,0.2646844983100891,0.22369631131490075,0.0,0.007510924619532705,0.0,0.0,0.0,0.0,0.0,0.0,0.0,0.0,0.0,0.0,0.0,0.01355144084041604,0.0,0.015635937452316284,0.0,0.0
11,12,3,"[0, 1, 2, 4, 6, 7, 9, 11, 14, 15, 16, 17]","[3, 5, 8, 10, 12, 13]",12,6,2,0.6120850610866115,0.6666666666666666,0.8,0.8,0.8,0.4,0.4,0.4,0.4,0.6,0.21365065945754358,0.20641462008158365,0.4330057203769684,0.7597044706344604,0.19080132246017456,0.9087957143783569,0.09120416641235352,0.7096014022827148,0.2903985381126404,0.6327612202827635,0.6666666666666666,0.8,0.8,0.8,0.4,0.4,0.4,0.4,0.6,0.2240690657184318,0.2552132805188497,0.4531366527080536,0.7597044706344604,0.19080132246017456,0.9087957143783569,0.09120416641235352,0.7096014022827148,0.2903985381126404,0.04879866043726602,0.0,0.010418406260888219,0.0,0.0,0.0,0.0,0.0,0.0,0.0,0.0,0.0,0.0,0.0,0.020676159196151955,0.0,0.020130932331085205,0.0,0.0
12,3,1,"[3, 9, 14]","[0, 1, 2, 4, 5, 6, 7, 8, 10, 11, 12, 13, 15, 16, 17]",3,15,2,0.5394624985510081,0.8,0.88,0.9166666666666666,0.8461538461538461,0.64,0.625,0.6730769230769231,0.6730769230769231,0.5384615384615384,0.1790555701388844,0.21147553126017252,0.9536652565002441,0.758607029914856,0.20348721742630005,0.8090077042579651,0.1909922957420349,0.7840178608894348,0.21598213911056519,0.5153859177984743,0.8,0.8888888888888888,0.8571428571428571,0.9230769230769231,0.4444444444444444,0.42857142857142855,0.46153846153846156,0.46153846153846156,0.46153846153846156,0.16812648616181464,0.18594884872436523,0.3755086362361908,0.7586070895195007,0.20348721742630005,0.8090077638626099,0.19099223613739014,0.7840178608894348,0.21598213911056519,-0.025526682535807282,0.0,-0.010929083977069765,-0.059523809523809534,-0.19642857142857145,0.07692307692307698,-0.21153846153846156,5.960464477539063e-08,0.0,-0.21153846153846156,-0.07692307692307687,-0.1955555555555556,0.0,0.0,-0.024076580752533827,5.960464477539063e-08,-0.5781566202640533,0.008888888888888835,-5.960464477539063e-08
12,3,2,"[0, 1, 8]","[2, 3, 4, 5, 6, 7, 9, 10, 11, 12, 13, 14, 15, 16, 17]",3,15,2,0.6559397608512523,0.6666666666666666,0.782608695652174,0.9,0.6923076923076923,0.5341614906832298,0.55,0.5961538461538461,0.5961538461538461,0.3846153846153846,0.231004029522597,0.17214645544687907,0.4843013882637024,0.7411221265792847,0.22216427326202393,0.7824404239654541,0.2175595760345459,0.7732309699058533,0.22676903009414673,0.6314454172035366,0.6666666666666666,0.8,0.8333333333333334,0.7692307692307693,0.4,0.4166666666666667,0.38461538461538464,0.38461538461538464,0.4230769230769231,0.2195647443360863,0.20872857570648193,0.469224750995636,0.7411221265792847,0.22216427326202393,0.7824404239654541,0.2175595760345459,0.7732309699058533,0.22676903009414673,0.03658212025960286,0.0,-0.01143928518651069,-0.06666666666666665,-0.13333333333333336,0.07692307692307698,-0.2115384615384615,0.0,0.0,-0.2115384615384615,0.03846153846153849,-0.1341614906832298,0.0,0.0,-0.024494343647715633,0.0,-0.015076637268066406,0.017391304347826098,0.0
12,3,3,"[2, 13, 17]","[0, 1, 3, 4, 5, 6, 7, 8, 9, 10, 11, 12, 14, 15, 16]",3,15,2,0.5918918753544614,0.7333333333333333,0.8333333333333334,1.0,0.7142857142857143,0.5833333333333334,0.6,0.8571428571428572,0.8571428571428572,0.7142857142857143,0.20234454438561028,0.20978888273239135,0.3600449562072754,0.7564941644668579,0.20295482873916626,0.8143426775932312,0.1856573224067688,0.779747724533081,0.22025227546691895,0.5788751384027374,0.7333333333333333,0.8461538461538461,0.9166666666666666,0.7857142857142857,0.4230769230769231,0.4583333333333333,0.39285714285714285,0.39285714285714285,0.7142857142857143,0.19636649139323908,0.20884133577346803,0.3485121428966522,0.7564941644668579,0.20295482873916626,0.8143426775932312,0.1856573224067688,0.779747724533081,0.22025227546691895,-0.0009475469589233232,0.0,-0.005978052992371197,-0.08333333333333337,-0.14166666666666666,0.0714285714285714,-0.46428571428571436,0.0,0.0,-0.46428571428571436,0.0,-0.1602564102564103,0.0,0.0,-0.013016736951724006,0.0,-0.011532813310623169,0.012820512820512775,0.0
12,3,4,"[7, 15, 16]","[0, 1, 2, 3, 4, 5, 6, 8, 9, 10, 11, 12, 13, 14, 17]",3,15,2,0.6058433497680918,0.7333333333333333,0.8333333333333334,0.9090909090909091,0.7692307692307693,0.5833333333333334,0.5795454545454546,0.6346153846153846,0.6346153846153846,0.5,0.20965546799095477,0.21807226737340288,0.4381244480609894,0.7602065801620483,0.2001057267189026,0.8141831755638123,0.18581682443618774,0.7856053709983826,0.21439462900161743,0.588583098168175,0.7333333333333333,0.8461538461538461,0.8461538461538461,0.8461538461538461,0.4230769230769231,0.4230769230769231,0.4230769230769231,0.4230769230769231,0.5,0.20172650864253955,0.30523487329483034,0.42713460326194763,0.7602065801620483,0.2001057267189026,0.8141831755638123,0.18581682443618774,0.7856053709983826,0.21439462900161743,0.08716260592142747,0.0,-0.007928959348415227,-0.06293706293706292,-0.1564685314685315,0.07692307692307687,-0.2115384615384615,0.0,0.0,-0.2115384615384615,0.0,-0.1602564102564103,0.0,0.0,-0.017260251599916843,0.0,-0.010989844799041748,0.012820512820512775,0.0
12,3,5,"[4, 10, 11]","[0, 1, 2, 3, 5, 6, 7, 8, 9, 12, 13, 14, 15, 16, 17]",3,15,2,0.6085537729085362,0.6666666666666666,0.8,0.9090909090909091,0.7142857142857143,0.4,0.45454545454545453,0.35714285714285715,0.35714285714285715,0.21428571428571427,0.2111280312228888,0.25061479012171434,0.3837008476257324,0.7628558874130249,0.19728535413742065,0.8161747455596924,0.18382525444030762,0.7892546057701111,0.21074539422988892,0.6239496507116016,0.6666666666666666,0.8,0.9090909090909091,0.7142857142857143,0.4,0.45454545454545453,0.35714285714285715,0.35714285714285715,0.21428571428571427,0.21792903339999287,0.20973232587178545,0.398983359336853,0.7628558874130249,0.19728535413742065,0.8161747455596924,0.18382525444030762,0.7892546057701111,0.21074539422988892,-0.04088246424992889,0.0,0.006801002177104054,0.0,0.0,0.0,0.0,0.0,0.0,0.0,0.0,0.0,0.0,0.0,0.015395877803065394,0.0,0.015282511711120605,0.0,0.0
12,3,6,"[5, 6, 12]","[0, 1, 2, 3, 4, 7, 8, 9, 10, 11, 13, 14, 15, 16, 17]",3,15,2,0.6034724353918245,0.7333333333333333,0.8333333333333334,0.9090909090909091,0.7692307692307693,0.5833333333333334,0.5795454545454546,0.6346153846153846,0.6346153846153846,0.5,0.20882321109727073,0.20307312011718745,0.440529465675354,0.7491992712020874,0.2124030590057373,0.7988492846488953,0.20115071535110474,0.7763445973396301,0.22365540266036987,0.561948354435425,0.6666666666666666,0.8,0.8333333333333334,0.7692307692307693,0.4,0.4166666666666667,0.38461538461538464,0.38461538461538464,0.5,0.1910470182452098,0.1459820826848348,0.4182259440422058,0.7491992712020874,0.2124030590057373,0.7988492846488953,0.20115071535110474,0.7763445973396301,0.22365540266036987,-0.05709103743235264,0.0,-0.017776192852060918,-0.07575757575757569,-0.1628787878787879,0.0,-0.24999999999999994,0.0,0.0,-0.24999999999999994,0.0,-0.18333333333333335,-0.06666666666666665,0.0,-0.04152408095639948,0.0,-0.022303521633148193,-0.033333333333333326,0.0
12,6,1,"[0, 1, 4, 9, 11, 13]","[2, 3, 5, 6, 7, 8, 10, 12, 14, 15, 16, 17]",6,12,2,0.5452203326966647,0.75,0.8421052631578947,1.0,0.7272727272727273,0.6210526315789473,0.625,0.8636363636363636,0.8636363636363636,0.7272727272727273,0.18095374433217573,0.1379370292027791,0.33352842926979065,0.760082483291626,0.2035001516342163,0.8030686378479004,0.1969313621520996,0.7899311780929565,0.21006882190704346,0.5156151348860393,0.75,0.8571428571428571,0.9,0.8181818181818182,0.42857142857142855,0.45,0.4090909090909091,0.4090909090909091,0.7272727272727273,0.16755335132541727,0.24025685588518778,0.3136657774448395,0.760082483291626,0.2035001516342163,0.8030686378479004,0.1969313621520996,0.7899311780929565,0.21006882190704346,0.10231982668240869,0.0,-0.013400393006758465,-0.09999999999999998,-0.175,0.09090909090909094,-0.45454545454545453,0.0,0.0,-0.45454545454545453,0.0,-0.19248120300751875,0.0,0.0,-0.029605197810625428,0.0,-0.019862651824951172,0.015037593984962405,0.0
12,6,2,"[5, 6, 12, 14, 16, 17]","[0, 1, 2, 3, 4, 7, 8, 9, 10, 11, 13, 15]",6,12,2,0.6518117845593074,0.6666666666666666,0.7777777777777778,0.875,0.7,0.5555555555555556,0.5625,0.6,0.6,0.44999999999999996,0.2317001138076881,0.20670058329900104,0.4879714250564575,0.7689492702484131,0.18993830680847168,0.8289801478385925,0.17101985216140747,0.7911432981491089,0.2088567018508911,0.6374460457412242,0.5833333333333334,0.7368421052631579,0.7777777777777778,0.7,0.3684210526315789,0.3888888888888889,0.35,0.35,0.35,0.22492133464023722,0.2223268151283264,0.4946399927139282,0.7689492702484131,0.18993830680847168,0.8289801478385925,0.17101985216140747,0.7911432981491089,0.2088567018508911,0.01562623182932535,0.0,-0.006778779167450871,-0.09722222222222221,-0.1736111111111111,0.0,-0.25,0.0,0.0,-0.25,-0.09999999999999998,-0.18713450292397665,-0.08333333333333326,0.0,-0.014365738818083229,0.0,0.006668567657470703,-0.040935672514619936,0.0
12,6,3,"[2, 3, 7, 8, 10, 15]","[0, 1, 4, 5, 6, 9, 11, 12, 13, 14, 16, 17]",6,12,2,0.605550345716327,0.75,0.8571428571428571,0.9,0.8181818181818182,0.42857142857142855,0.45,0.4090909090909091,0.4090909090909091,0.18181818181818182,0.20835198797364352,0.33686209718386334,0.39820924401283264,0.7352136373519897,0.22576993703842163,0.785450279712677,0.214549720287323,0.7630098462104797,0.23699015378952026,0.5867775037651884,0.8333333333333334,0.9090909090909091,0.9090909090909091,0.9090909090909091,0.45454545454545453,0.45454545454545453,0.45454545454545453,0.45454545454545453,0.18181818181818182,0.19982439882410308,0.3620100567738215,0.3850097060203552,0.7352136373519897,0.22576993703842163,0.785450279712677,0.214549720287323,0.7630098462104797,0.23699015378952026,0.025147959589958135,0.0,-0.008527589149540438,0.009090909090909038,0.004545454545454519,0.09090909090909083,0.045454545454545414,0.0,0.0,0.045454545454545414,0.0,0.025974025974025983,0.08333333333333337,0.0,-0.018772841951138597,0.0,-0.013199537992477417,0.051948051948051965,0.0
12,9,1,"[0, 1, 7, 9, 10, 12, 14, 15, 16]","[2, 3, 4, 5, 6, 8, 11, 13, 17]",9,9,2,0.5730109832377095,0.6666666666666666,0.8,0.8571428571428571,0.75,0.4,0.42857142857142855,0.375,0.375,0.25,0.19499666667316637,0.22135837872823078,0.35456541180610657,0.7879142761230469,0.1726178526878357,0.8425589203834534,0.15744107961654663,0.8122054934501648,0.1877945065498352,0.5386835179774914,0.7777777777777778,0.875,0.875,0.875,0.4375,0.4375,0.4375,0.4375,0.25,0.1782902358671963,0.28135337432225543,0.3399069905281067,0.7879142761230469,0.1726178526878357,0.8425589203834534,0.15744107961654663,0.8122054934501648,0.1877945065498352,0.05999499559402466,0.0,-0.016706430805970063,0.017857142857142905,0.008928571428571452,0.125,0.0625,0.0,0.0,0.0625,0.0,0.03749999999999998,0.11111111111111116,0.0,-0.034327465260218126,0.0,-0.014658421277999878,0.07499999999999996,0.0
12,9,2,"[2, 3, 4, 5, 6, 8, 11, 13, 17]","[0, 1, 7, 9, 10, 12, 14, 15, 16]",9,9,2,0.6287242981239216,0.7777777777777778,0.8571428571428571,1.0,0.75,0.6785714285714286,0.6666666666666666,0.875,0.875,0.75,0.2190134424598087,0.31191950374179417,0.4127441942691803,0.7215825915336609,0.24018770456314087,0.7691071033477783,0.23089289665222168,0.7505173683166504,0.2494826316833496,0.5923281274121657,0.6666666666666666,0.8,0.8571428571428571,0.75,0.4,0.42857142857142855,0.375,0.375,0.75,0.20322461280769577,0.15127005179723105,0.386736661195755,0.7215825915336609,0.24018770456314087,0.7691071033477783,0.23089289665222168,0.7505173683166504,0.2494826316833496,-0.16064945194456312,0.0,-0.015788829652112923,-0.1428571428571429,-0.23809523809523808,0.0,-0.5,0.0,0.0,-0.5,0.0,-0.2785714285714286,-0.11111111111111116,0.0,-0.03639617071175594,0.0,-0.026007533073425293,-0.05714285714285705,0.0
12,12,1,"[0, 1, 2, 3, 5, 6, 7, 8, 9, 10, 11, 17]","[4, 12, 13, 14, 15, 16]",12,6,2,0.5826969158170424,0.8333333333333334,0.9090909090909091,0.8333333333333334,1.0,0.45454545454545453,0.4166666666666667,0.5,0.5,0.0,0.1953481812718453,0.31485219796498615,0.4651792645454407,0.6929628252983093,0.2748323082923889,0.717779815196991,0.28222018480300903,0.7325554490089417,0.26744455099105835,0.5416306638839136,0.8333333333333334,0.9090909090909091,0.8333333333333334,1.0,0.45454545454545453,0.4166666666666667,0.5,0.5,0.0,0.17538231403000756,0.38747062285741163,0.4532449245452881,0.6929628252983093,0.2748323082923889,0.717779815196991,0.28222018480300903,0.7325554490089417,0.26744455099105835,0.07261842489242548,0.0,-0.019965867241837743,0.0,0.0,0.0,0.0,0.0,0.0,0.0,0.0,0.0,0.0,0.0,-0.04106625193312885,0.0,-0.011934340000152588,0.0,0.0
12,12,2,"[0, 1, 2, 3, 5, 7, 8, 9, 11, 12, 13, 16]","[4, 6, 10, 14, 15, 17]",12,6,2,0.5042292794719913,0.8333333333333334,0.8888888888888888,1.0,0.8,0.7777777777777777,0.75,0.9,0.9,0.8,0.16082331198478617,0.22173959016799927,0.3526810109615326,0.7245223522186279,0.24206280708312988,0.75786954164505,0.24213039875030518,0.7580047845840454,0.24199515581130981,0.4748700742036008,0.8333333333333334,0.9090909090909091,0.8333333333333334,1.0,0.45454545454545453,0.4166666666666667,0.5,0.5,0.8,0.14949344485525687,0.36393377184867853,0.34104472398757935,0.7245223522186279,0.24206280708312988,0.75786954164505,0.24213039875030518,0.7580047845840454,0.24199515581130981,0.14219418168067927,0.0,-0.011329867129529297,-0.16666666666666663,-0.3333333333333333,0.19999999999999996,-0.4,0.0,0.0,-0.4,0.0,-0.32323232323232315,0.0,0.0,-0.029359205268390476,0.0,-0.011636286973953247,0.02020202020202022,0.0
12,12,3,"[0, 1, 2, 3, 4, 5, 6, 8, 13, 14, 16, 17]","[7, 9, 10, 11, 12, 15]",12,6,2,0.7495090421367417,0.6666666666666666,0.75,1.0,0.6,0.625,0.6666666666666666,0.8,0.8,0.6,0.2734844896212893,0.31181636452674866,0.5835132598876953,0.6994388699531555,0.2651958465576172,0.7336211204528809,0.2663789391517639,0.7359872460365295,0.26401281356811523,0.6869950196113002,0.5,0.6666666666666666,0.75,0.6,0.3333333333333333,0.375,0.3,0.3,0.6,0.2472372313288019,0.16343067089716595,0.5445266366004944,0.6994388699531555,0.2651958465576172,0.7336211204528809,0.2663789391517639,0.7359872460365295,0.26401281356811523,-0.1483856936295827,0.0,-0.02624725829248739,-0.25,-0.29166666666666663,0.0,-0.5,0.0,0.0,-0.5,0.0,-0.2916666666666667,-0.16666666666666663,0.0,-0.06251402252544158,0.0,-0.03898662328720093,-0.08333333333333337,0.0
13,3,1,"[3, 7, 10]","[0, 1, 2, 4, 5, 6, 8, 9, 11, 12, 13, 14, 15, 16, 17]",3,15,2,0.5943205645044686,0.7333333333333333,0.7777777777777778,0.7,0.875,0.7222222222222222,0.75,0.7232142857142857,0.7232142857142857,0.8214285714285714,0.20428098058662236,0.2913131316502889,1.088186502456665,0.839590847492218,0.11461162567138672,0.9209945201873779,0.07900547981262207,0.8497822284698486,0.15021777153015137,0.5994086334840908,0.8,0.8421052631578947,0.7272727272727273,1.0,0.784688995215311,0.8636363636363636,0.7857142857142857,0.7857142857142857,0.8035714285714285,0.20678308794950037,0.35273722012837727,0.3427729606628418,0.839590847492218,0.11461162567138672,0.9209945201873779,0.07900547981262207,0.8497822284698486,0.15021777153015137,0.06142408847808839,0.0,0.002502107362878009,0.027272727272727337,0.11363636363636365,0.125,0.0625,0.0,0.0,0.0625,-0.017857142857142905,0.06246677299308878,0.06666666666666676,0.0,0.005088068979622218,0.0,-0.7454135417938232,0.0643274853801169,0.0
13,3,2,"[0, 2, 8]","[1, 3, 4, 5, 6, 7, 9, 10, 11, 12, 13, 14, 15, 16, 17]",3,15,2,0.5201440907786734,0.8,0.8235294117647058,0.7777777777777778,0.875,0.7963800904977376,0.8055555555555556,0.7946428571428572,0.7946428571428572,0.9285714285714286,0.16949892316252402,0.2534881075223287,0.27541959285736084,0.8405644297599792,0.1134335994720459,0.9212425351142883,0.07875746488571167,0.8518902063369751,0.1481097936630249,0.523241627026497,0.8,0.8235294117647058,0.7777777777777778,0.875,0.7963800904977376,0.8055555555555556,0.7946428571428572,0.7946428571428572,0.9107142857142857,0.17053999848211962,0.21145863135655724,0.2750283181667328,0.8405644297599792,0.1134335994720459,0.9212425351142883,0.07875746488571167,0.8518902063369751,0.1481097936630249,-0.04202947616577146,0.0,0.0010410753195956024,0.0,0.0,0.0,0.0,0.0,0.0,0.0,-0.017857142857142905,0.0,0.0,0.0,0.003097536247823607,0.0,-0.00039127469062805176,0.0,0.0
13,3,3,"[6, 14, 16]","[0, 1, 2, 3, 4, 5, 7, 8, 9, 10, 11, 12, 13, 15, 17]",3,15,2,0.5486613728695745,0.8,0.8421052631578947,0.8,0.8888888888888888,0.784688995215311,0.8,0.7777777777777777,0.7777777777777777,0.8333333333333334,0.1824932633073463,0.2956575791041056,0.3017611503601074,0.8412461280822754,0.11344152688980103,0.9210776090621948,0.07892227172851562,0.852039098739624,0.14796078205108643,0.5590786353203469,0.8,0.8421052631578947,0.8,0.8888888888888888,0.784688995215311,0.8,0.7777777777777777,0.7777777777777777,0.8148148148148149,0.18797516829304114,0.28720662196477253,0.30527377128601074,0.8412461280822754,0.11344152688980103,0.9210776090621948,0.07892227172851562,0.852039098739624,0.14796078205108643,-0.008450957139333082,0.0,0.005481904985694841,0.0,0.0,0.0,0.0,0.0,0.0,0.0,-0.01851851851851849,0.0,0.0,0.0,0.010417262450772347,0.0,0.0035126209259033203,0.0,0.0
13,3,4,"[1, 9, 15]","[0, 2, 3, 4, 5, 6, 7, 8, 10, 11, 12, 13, 14, 16, 17]",3,15,2,0.5612660320754388,0.7333333333333333,0.8,0.7272727272727273,0.8888888888888888,0.7,0.7386363636363636,0.6944444444444444,0.6944444444444444,0.7962962962962963,0.18946005200368474,0.22586531241734825,0.3188958168029785,0.8416522741317749,0.11247563362121582,0.9220144152641296,0.07798558473587036,0.8530343174934387,0.14696568250656128,0.5615810879631428,0.8,0.8421052631578947,0.8,0.8888888888888888,0.784688995215311,0.8,0.7777777777777777,0.7777777777777777,0.7962962962962963,0.190204349051896,0.2908497055371602,0.3193383514881134,0.8416522741317749,0.11247563362121582,0.9220144152641296,0.07798558473587036,0.8530343174934387,0.14696568250656128,0.06498439311981197,0.0,0.0007442970482112732,0.07272727272727275,0.0613636363636364,0.0,0.08333333333333326,0.0,0.0,0.08333333333333326,0.0,0.08468899521531104,0.06666666666666676,0.0,0.0003150558877039744,0.0,0.0004425346851348877,0.042105263157894646,0.0
13,3,5,"[5, 12, 13]","[0, 1, 2, 3, 4, 6, 7, 8, 9, 10, 11, 14, 15, 16, 17]",3,15,2,0.5580367023400303,0.7333333333333333,0.7777777777777778,0.7,0.875,0.7222222222222222,0.75,0.7232142857142857,0.7232142857142857,0.8392857142857142,0.18763032559316895,0.2876692612965902,0.3194131553173065,0.841288685798645,0.11307281255722046,0.9217156767845154,0.07828432321548462,0.8521387577056885,0.14786124229431152,0.5834940960656253,0.7333333333333333,0.7777777777777778,0.7,0.875,0.7222222222222222,0.75,0.7232142857142857,0.7232142857142857,0.8035714285714285,0.19897283741376098,0.2477391958236694,0.34383830428123474,0.841288685798645,0.11307281255722046,0.9217156767845154,0.07828432321548462,0.8521387577056885,0.14786124229431152,-0.0399300654729208,0.0,0.011342511820592038,0.0,0.0,0.0,0.0,0.0,0.0,0.0,-0.0357142857142857,0.0,0.0,0.0,0.025457393725594968,0.0,0.024425148963928223,0.0,0.0
13,3,6,"[4, 11, 17]","[0, 1, 2, 3, 5, 6, 7, 8, 9, 10, 12, 13, 14, 15, 16]",3,15,2,0.5057871003911641,0.8666666666666667,0.8888888888888888,0.8,1.0,0.8611111111111112,0.9,0.8571428571428572,0.8571428571428572,0.9285714285714286,0.1628666820206286,0.2599251985549927,0.2696620225906372,0.844068706035614,0.11069196462631226,0.9228653907775879,0.07713460922241211,0.8557507395744324,0.14424926042556763,0.5146004190404941,0.8666666666666667,0.8888888888888888,0.8,1.0,0.8611111111111112,0.9,0.8571428571428572,0.8571428571428572,0.9107142857142857,0.16771414855208,0.22544246514638266,0.2782957851886749,0.844068706035614,0.11069196462631226,0.9228653907775879,0.07713460922241211,0.8557507395744324,0.14424926042556763,-0.03448273340861002,0.0,0.004847466531451405,0.0,0.0,0.0,0.0,0.0,0.0,0.0,-0.017857142857142905,0.0,0.0,0.0,0.008813318649329993,0.0,0.00863376259803772,0.0,0.0
13,6,1,"[1, 6, 7, 8, 15, 17]","[0, 2, 3, 4, 5, 9, 10, 11, 12, 13, 14, 16]",6,12,2,0.6015927212103571,0.75,0.8,0.6666666666666666,1.0,0.7333333333333334,0.8333333333333333,0.75,0.75,0.7777777777777778,0.20716950576878057,0.2832656502723694,0.35203906893730164,0.853771984577179,0.10238254070281982,0.9271355271339417,0.07286453247070312,0.8680994510650635,0.1319006085395813,0.6030695684287031,0.75,0.8,0.6666666666666666,1.0,0.7333333333333334,0.8333333333333333,0.75,0.75,0.7777777777777778,0.20814645369375015,0.24127878745396936,0.3550012707710266,0.853771984577179,0.10238254070281982,0.9271355271339417,0.07286453247070312,0.8680994510650635,0.1319006085395813,-0.04198686281840003,0.0,0.000976947924969579,0.0,0.0,0.0,0.0,0.0,0.0,0.0,0.0,0.0,0.0,0.0,0.0014768472183459558,0.0,0.0029622018337249756,0.0,0.0
13,6,2,"[2, 5, 11, 12, 14, 16]","[0, 1, 3, 4, 6, 7, 8, 9, 10, 13, 15, 17]",6,12,2,0.49935782739065254,0.8333333333333334,0.8571428571428571,0.8571428571428571,0.8571428571428571,0.8285714285714285,0.8285714285714285,0.8285714285714285,0.8285714285714285,0.9142857142857144,0.15994072696398232,0.23927990595499676,0.286804735660553,0.8354572057723999,0.11811381578445435,0.9189638495445251,0.08103615045547485,0.8448084592819214,0.1551915407180786,0.5026316802533725,0.8333333333333334,0.8571428571428571,0.8571428571428571,0.8571428571428571,0.8285714285714285,0.8285714285714285,0.8285714285714285,0.8285714285714285,0.8857142857142857,0.16154341174722905,0.29745467007160187,0.2854909300804138,0.8354572057723999,0.11811381578445435,0.9189638495445251,0.08103615045547485,0.8448084592819214,0.1551915407180786,0.058174764116605104,0.0,0.0016026847832467384,0.0,0.0,0.0,0.0,0.0,0.0,0.0,-0.028571428571428692,0.0,0.0,0.0,0.003273852862719917,0.0,-0.0013138055801391602,0.0,0.0
13,6,3,"[0, 3, 4, 9, 10, 13]","[1, 2, 5, 6, 7, 8, 11, 12, 14, 15, 16, 17]",6,12,2,0.5431584028890968,0.75,0.8,0.75,0.8571428571428571,0.7333333333333334,0.75,0.7285714285714285,0.7285714285714285,0.8571428571428572,0.1810054091596948,0.3098203738530477,0.30504223704338074,0.834974467754364,0.11837172508239746,0.9188557863235474,0.08114421367645264,0.8444007635116577,0.15559923648834229,0.5374581261153136,0.75,0.8,0.75,0.8571428571428571,0.7333333333333334,0.75,0.7285714285714285,0.7285714285714285,0.8571428571428572,0.17813215549931707,0.13032457232475278,0.2981007993221283,0.834974467754364,0.11837172508239746,0.9188557863235474,0.08114421367645264,0.8444007635116577,0.15559923648834229,-0.17949580152829495,0.0,-0.002873253660377717,0.0,0.0,0.0,0.0,0.0,0.0,0.0,0.0,0.0,0.0,0.0,-0.005700276773783153,0.0,-0.006941437721252441,0.0,0.0
13,9,1,"[1, 3, 4, 5, 7, 12, 14, 15, 16]","[0, 2, 6, 8, 9, 10, 11, 13, 17]",9,9,2,0.5828202061010104,0.6666666666666666,0.7272727272727273,0.6666666666666666,0.8,0.6493506493506493,0.6666666666666666,0.65,0.65,0.8,0.20109064202317337,0.30639980236689246,0.3715830147266388,0.8466869592666626,0.10851496458053589,0.9246910214424133,0.07530897855758667,0.8582791090011597,0.14172089099884033,0.5900093024879345,0.6666666666666666,0.7272727272727273,0.6666666666666666,0.8,0.6493506493506493,0.6666666666666666,0.65,0.65,0.75,0.20503617733079438,0.41488638851377696,0.3786703646183014,0.8466869592666626,0.10851496458053589,0.9246910214424133,0.07530897855758667,0.8582791090011597,0.14172089099884033,0.1084865861468845,0.0,0.003945535307621012,0.0,0.0,0.0,0.0,0.0,0.0,0.0,-0.050000000000000044,0.0,0.0,0.0,0.00718909638692411,0.0,0.007087349891662598,0.0,0.0
13,9,2,"[0, 2, 6, 8, 9, 10, 11, 13, 17]","[1, 3, 4, 5, 7, 12, 14, 15, 16]",9,9,2,0.5132499224365917,0.8888888888888888,0.9090909090909091,0.8333333333333334,1.0,0.8831168831168831,0.9166666666666667,0.875,0.875,1.0,0.16431829535352419,0.2691462172402276,0.2967512905597687,0.8361155390739441,0.11739712953567505,0.9186123609542847,0.08138763904571533,0.8465933203697205,0.15340667963027954,0.5136921316016889,0.8888888888888888,0.9090909090909091,0.8333333333333334,1.0,0.8831168831168831,0.9166666666666667,0.875,0.875,0.95,0.1647717054254883,0.2852558692296346,0.29685527086257935,0.8361155390739441,0.11739712953567505,0.9186123609542847,0.08138763904571533,0.8465933203697205,0.15340667963027954,0.016109651989407003,0.0,0.00045341007196411653,0.0,0.0,0.0,0.0,0.0,0.0,0.0,-0.050000000000000044,0.0,0.0,0.0,0.0004422091650971849,0.0,0.00010398030281066895,0.0,0.0
13,12,1,"[3, 4, 5, 6, 7, 10, 11, 12, 13, 14, 15, 17]","[0, 1, 2, 8, 9, 16]",12,6,2,0.6227402474056003,0.6666666666666666,0.75,0.6,1.0,0.625,0.8,0.6666666666666666,0.6666666666666666,0.7777777777777778,0.2177737199253964,0.25006856520970655,0.4647080600261688,0.8458555340766907,0.10991960763931274,0.9241976737976074,0.07580232620239258,0.8559631705284119,0.14403682947158813,0.6633293053861943,0.6666666666666666,0.75,0.6,1.0,0.625,0.8,0.6666666666666666,0.6666666666666666,0.7777777777777778,0.23647411513198335,0.3623509705066681,0.5003020167350769,0.8458555340766907,0.10991960763931274,0.9241976737976074,0.07580232620239258,0.8559631705284119,0.14403682947158813,0.11228240529696154,0.0,0.01870039520658695,0.0,0.0,0.0,0.0,0.0,0.0,0.0,0.0,0.0,0.0,0.0,0.04058905798059398,0.0,0.03559395670890808,0.0,0.0
13,12,2,"[1, 2, 3, 5, 7, 8, 9, 10, 11, 12, 13, 14]","[0, 4, 6, 15, 16, 17]",12,6,2,0.6865620676466961,0.5,0.5714285714285714,0.5,0.6666666666666666,0.4857142857142857,0.5,0.5,0.5,0.6666666666666667,0.2481771011105677,0.2877010107040405,0.5445259809494019,0.8304499387741089,0.12195402383804321,0.9176300764083862,0.08236998319625854,0.8384619951248169,0.16153806447982788,0.6818924893918735,0.5,0.5714285714285714,0.5,0.6666666666666666,0.4857142857142857,0.5,0.5,0.5,0.6666666666666667,0.24631474255793298,0.2865337431430816,0.5389876961708069,0.8304499387741089,0.12195402383804321,0.9176300764083862,0.08236998319625854,0.8384619951248169,0.16153806447982788,-0.0011672675609589178,0.0,-0.0018623585526347242,0.0,0.0,0.0,0.0,0.0,0.0,0.0,0.0,0.0,0.0,0.0,-0.004669578254822615,0.0,-0.005538284778594971,0.0,0.0
13,12,3,"[0, 1, 2, 3, 5, 6, 7, 8, 12, 13, 15, 16]","[4, 9, 10, 11, 14, 17]",12,6,2,0.5707962803096724,0.6666666666666666,0.6666666666666666,0.6666666666666666,0.6666666666666666,0.6666666666666666,0.6666666666666666,0.6666666666666666,0.6666666666666666,0.7777777777777779,0.1936376987862237,0.41706313689549757,0.39568182826042175,0.8529059290885925,0.10283857583999634,0.9270371794700623,0.07296276092529297,0.8672855496406555,0.1327143907546997,0.5865948504903052,0.6666666666666666,0.6666666666666666,0.6666666666666666,0.6666666666666666,0.6666666666666666,0.6666666666666666,0.6666666666666666,0.6666666666666666,0.6666666666666667,0.20185341751209704,0.2663193841775258,0.411796510219574,0.8529059290885925,0.10283857583999634,0.9270371794700623,0.07296276092529297,0.8672855496406555,0.1327143907546997,-0.15074375271797175,0.0,0.008215718725873344,0.0,0.0,0.0,0.0,0.0,0.0,0.0,-0.11111111111111116,0.0,0.0,0.0,0.0157985701806328,0.0,0.01611468195915222,0.0,0.0
14,3,1,"[3, 10, 17]","[0, 1, 2, 4, 5, 6, 7, 8, 9, 11, 12, 13, 14, 15, 16]",3,15,2,0.7161217923285407,0.5333333333333333,0.5882352941176471,0.8333333333333334,0.45454545454545453,0.5248868778280543,0.5833333333333334,0.6022727272727273,0.6022727272727273,0.6590909090909091,0.25722883765157883,0.27826574246088664,1.2659121751785278,0.7426664233207703,0.19664114713668823,0.8716784715652466,0.12832152843475342,0.7350392937660217,0.26496070623397827,0.704369769490387,0.5333333333333333,0.5882352941176471,0.8333333333333334,0.45454545454545453,0.5248868778280543,0.5833333333333334,0.6022727272727273,0.6022727272727273,0.6590909090909091,0.2518286721034409,0.1822043538093567,0.4607521593570709,0.7426664233207703,0.19664114713668823,0.8716784715652466,0.12832152843475342,0.7350392937660217,0.26496070623397827,-0.09606138865152994,0.0,-0.005400165548137936,0.0,0.0,0.0,0.0,0.0,0.0,0.0,0.0,0.0,0.0,0.0,-0.011752022838153686,0.0,-0.8051600158214569,0.0,0.0
14,3,2,"[0, 4, 14]","[1, 2, 3, 5, 6, 7, 8, 9, 10, 11, 12, 13, 15, 16, 17]",3,15,2,0.7686549841365095,0.5333333333333333,0.631578947368421,0.75,0.5454545454545454,0.49760765550239233,0.5178571428571428,0.5227272727272727,0.5227272727272727,0.4545454545454546,0.28001667825745213,0.22534015576044716,0.529472291469574,0.7469321489334106,0.19259041547775269,0.8809195160865784,0.1190805435180664,0.7338998913764954,0.2661001682281494,0.7659213091050532,0.5333333333333333,0.631578947368421,0.75,0.5454545454545454,0.49760765550239233,0.5178571428571428,0.5227272727272727,0.5227272727272727,0.4545454545454546,0.27864545250138745,0.2609480341275533,0.5281585454940796,0.7469321489334106,0.19259041547775269,0.8809195160865784,0.1190805435180664,0.7338998913764954,0.2661001682281494,0.03560787836710613,0.0,-0.0013712257560646868,0.0,0.0,0.0,0.0,0.0,0.0,0.0,0.0,0.0,0.0,0.0,-0.002733675031456273,0.0,-0.0013137459754943848,0.0,0.0
14,3,3,"[6, 7, 11]","[0, 1, 2, 3, 4, 5, 8, 9, 10, 12, 13, 14, 15, 16, 17]",3,15,2,0.6251132981496037,0.6666666666666666,0.7368421052631579,0.7777777777777778,0.7,0.6411483253588517,0.6388888888888888,0.6499999999999999,0.6499999999999999,0.64,0.21695608105500927,0.1323952595392863,0.39443227648735046,0.7332531213760376,0.20438647270202637,0.8700153827667236,0.12998461723327637,0.7212116122245789,0.27878838777542114,0.6151484424383487,0.6666666666666666,0.7368421052631579,0.7777777777777778,0.7,0.6411483253588517,0.6388888888888888,0.6499999999999999,0.6499999999999999,0.64,0.21236020789348878,0.1938497145970662,0.38432300090789795,0.7332531213760376,0.20438647270202637,0.8700153827667236,0.12998461723327637,0.7212116122245789,0.27878838777542114,0.06145445505777991,0.0,-0.004595873161520492,0.0,0.0,0.0,0.0,0.0,0.0,0.0,0.0,0.0,0.0,0.0,-0.00996485571125505,0.0,-0.010109275579452515,0.0,0.0
14,3,4,"[5, 8, 13]","[0, 1, 2, 3, 4, 6, 7, 9, 10, 11, 12, 14, 15, 16, 17]",3,15,2,0.7815296208761969,0.4666666666666667,0.5555555555555556,0.7142857142857143,0.45454545454545453,0.4444444444444444,0.48214285714285715,0.4772727272727273,0.4772727272727273,0.47727272727272724,0.28753433086497476,0.26570492188135786,0.534687876701355,0.7399569749832153,0.1975603699684143,0.8776615262031555,0.12233859300613403,0.7272178530693054,0.27278220653533936,0.7752343428079252,0.4666666666666667,0.5555555555555556,0.7142857142857143,0.45454545454545453,0.4444444444444444,0.48214285714285715,0.4772727272727273,0.4772727272727273,0.47727272727272724,0.28421943221551255,0.29523468812306725,0.5312058925628662,0.7399569749832153,0.1975603699684143,0.8776615262031555,0.12233859300613403,0.7272178530693054,0.27278220653533936,0.029529766241709388,0.0,-0.003314898649462217,0.0,0.0,0.0,0.0,0.0,0.0,0.0,0.0,0.0,0.0,0.0,-0.006295278068271681,0.0,-0.0034819841384887695,0.0,0.0
14,3,5,"[9, 15, 16]","[0, 1, 2, 3, 4, 5, 6, 7, 8, 10, 11, 12, 13, 14, 17]",3,15,2,0.7555014009073759,0.4666666666666667,0.5555555555555556,0.7142857142857143,0.45454545454545453,0.4444444444444444,0.48214285714285715,0.4772727272727273,0.4772727272727273,0.5227272727272727,0.27538938939635155,0.2196101546287537,0.5290176868438721,0.7469260096549988,0.19274049997329712,0.8744758367538452,0.12552416324615479,0.7400432229042053,0.2599567770957947,0.757418469976139,0.4666666666666667,0.5555555555555556,0.7142857142857143,0.45454545454545453,0.4444444444444444,0.48214285714285715,0.4772727272727273,0.4772727272727273,0.5,0.2757212389063903,0.3017027854919434,0.5340365171432495,0.7469260096549988,0.19274049997329712,0.8744758367538452,0.12552416324615479,0.7400432229042053,0.2599567770957947,0.08209263086318971,0.0,0.00033184951003872865,0.0,0.0,0.0,0.0,0.0,0.0,0.0,-0.022727272727272707,0.0,0.0,0.0,0.0019170690687630998,0.0,0.005018830299377441,0.0,0.0
14,3,6,"[1, 2, 12]","[0, 3, 4, 5, 6, 7, 8, 9, 10, 11, 13, 14, 15, 16, 17]",3,15,2,0.6475918412643417,0.6666666666666666,0.7368421052631579,0.875,0.6363636363636364,0.6411483253588517,0.6517857142857143,0.6931818181818181,0.6931818181818181,0.6818181818181819,0.22377514359574918,0.20773903528849286,0.41884979605674744,0.7534288167953491,0.1849491000175476,0.894508957862854,0.105491042137146,0.7355928421020508,0.2644071578979492,0.6453064862901505,0.6666666666666666,0.7368421052631579,0.875,0.6363636363636364,0.6411483253588517,0.6517857142857143,0.6931818181818181,0.6931818181818181,0.6818181818181819,0.22300122223320662,0.1767198920249939,0.41308194398880005,0.7534288167953491,0.1849491000175476,0.894508957862854,0.105491042137146,0.7355928421020508,0.2644071578979492,-0.031019143263498944,0.0,-0.0007739213625425623,0.0,0.0,0.0,0.0,0.0,0.0,0.0,0.0,0.0,0.0,0.0,-0.002285354974191134,0.0,-0.005767852067947388,0.0,0.0
14,6,1,"[1, 6, 8, 9, 15, 17]","[0, 2, 3, 4, 5, 7, 10, 11, 12, 13, 14, 16]",6,12,2,0.7423155675905599,0.5,0.5714285714285714,0.8,0.4444444444444444,0.4857142857142857,0.5428571428571429,0.5555555555555556,0.5555555555555556,0.5555555555555556,0.2670676250961183,0.27358321845531464,0.5115487575531006,0.7425759434700012,0.1946658492088318,0.8865686058998108,0.11343139410018921,0.7240996956825256,0.27590030431747437,0.7532859386828199,0.5,0.5714285714285714,0.8,0.4444444444444444,0.4857142857142857,0.5428571428571429,0.5555555555555556,0.5555555555555556,0.5185185185185186,0.2726456739870357,0.22171691060066223,0.5222650766372681,0.7425759434700012,0.1946658492088318,0.8865686058998108,0.11343139410018921,0.7240996956825256,0.27590030431747437,-0.051866307854652405,0.0,0.0055780488909173975,0.0,0.0,0.0,0.0,0.0,0.0,0.0,-0.03703703703703698,0.0,0.0,0.0,0.010970371092259956,0.0,0.01071631908416748,0.0,0.0
14,6,2,"[0, 4, 5, 11, 14, 16]","[1, 2, 3, 6, 7, 8, 9, 10, 12, 13, 15, 17]",6,12,2,0.7406858483961626,0.5,0.625,0.7142857142857143,0.5555555555555556,0.4375,0.4571428571428572,0.4444444444444444,0.4444444444444444,0.40740740740740744,0.27113686951156285,0.26764485736687976,0.5227144360542297,0.744808554649353,0.19506758451461792,0.8737627863883972,0.12623721361160278,0.7361020445823669,0.26389795541763306,0.7210016414804538,0.5,0.625,0.7142857142857143,0.5555555555555556,0.4375,0.4571428571428572,0.4444444444444444,0.4444444444444444,0.40740740740740744,0.2619695054987137,0.28882557650407154,0.5049997568130493,0.744808554649353,0.19506758451461792,0.8737627863883972,0.12623721361160278,0.7361020445823669,0.26389795541763306,0.021180719137191772,0.0,-0.009167364012849177,0.0,0.0,0.0,0.0,0.0,0.0,0.0,0.0,0.0,0.0,0.0,-0.019684206915708824,0.0,-0.01771467924118042,0.0,0.0
14,6,3,"[2, 3, 7, 10, 12, 13]","[0, 1, 4, 5, 6, 8, 9, 11, 14, 15, 16, 17]",6,12,2,0.6642550168474136,0.6666666666666666,0.7142857142857143,0.8333333333333334,0.625,0.6571428571428571,0.6666666666666667,0.6875,0.6875,0.6875,0.23224587035217437,0.17443781097730002,0.4482083320617676,0.7442039251327515,0.19469815492630005,0.874298632144928,0.12570136785507202,0.7363049983978271,0.26369500160217285,0.6532272168528533,0.6666666666666666,0.7142857142857143,0.8333333333333334,0.625,0.6571428571428571,0.6666666666666667,0.6875,0.6875,0.65625,0.22776331219577117,0.3715328226486842,0.43629661202430725,0.7442039251327515,0.19469815492630005,0.874298632144928,0.12570136785507202,0.7363049983978271,0.26369500160217285,0.19709501167138418,0.0,-0.0044825581564031935,0.0,0.0,0.0,0.0,0.0,0.0,0.0,-0.03125,0.0,0.0,0.0,-0.011027799994560272,0.0,-0.011911720037460327,0.0,0.0
14,9,1,"[0, 3, 4, 5, 6, 10, 12, 14, 15]","[1, 2, 7, 8, 9, 11, 13, 16, 17]",9,9,2,0.7287072792627771,0.5555555555555556,0.6,0.75,0.5,0.55,0.575,0.5833333333333333,0.5833333333333333,0.6111111111111113,0.2602940487767268,0.20096489455964833,0.5420563817024231,0.737617015838623,0.20267170667648315,0.8590032458305359,0.1409967541694641,0.7356534600257874,0.26434653997421265,0.7166914553685184,0.5555555555555556,0.6,0.75,0.5,0.55,0.575,0.5833333333333333,0.5833333333333333,0.6111111111111113,0.25589255337709294,0.3381578392452664,0.5298557281494141,0.737617015838623,0.20267170667648315,0.8590032458305359,0.1409967541694641,0.7356534600257874,0.26434653997421265,0.13719294468561805,0.0,-0.004401495399633859,0.0,0.0,0.0,0.0,0.0,0.0,0.0,0.0,0.0,0.0,0.0,-0.012015823894258704,0.0,-0.012200653553009033,0.0,0.0
14,9,2,"[1, 2, 7, 8, 9, 11, 13, 16, 17]","[0, 3, 4, 5, 6, 10, 12, 14, 15]",9,9,2,0.7027957071140771,0.5555555555555556,0.6666666666666666,0.8,0.5714285714285714,0.5,0.525,0.5357142857142857,0.5357142857142857,0.5,0.2533388733371861,0.2846732073360019,0.5030514001846313,0.7501085996627808,0.18694961071014404,0.8974165916442871,0.10258346796035767,0.7286844253540039,0.27131563425064087,0.6883677785531687,0.5555555555555556,0.6666666666666666,0.8,0.5714285714285714,0.5,0.525,0.5357142857142857,0.5357142857142857,0.5,0.24652185923325368,0.16853752401140001,0.48514893651008606,0.7501085996627808,0.18694961071014404,0.8974165916442871,0.10258346796035767,0.7286844253540039,0.27131563425064087,-0.11613568332460186,0.0,-0.006817014103932401,0.0,0.0,0.0,0.0,0.0,0.0,0.0,0.0,0.0,0.0,0.0,-0.014427928560908465,0.0,-0.017902463674545288,0.0,0.0
14,12,1,"[0, 3, 4, 5, 7, 9, 10, 13, 14, 15, 16, 17]","[1, 2, 6, 8, 11, 12]",12,6,2,1.0557565227222192,0.16666666666666666,0.0,0.0,0.0,0.14285714285714285,0.1,0.25,0.25,0.375,0.4112586187711605,0.5091822544733683,0.9412914514541626,0.7380245327949524,0.20524382591247559,0.838979959487915,0.16102010011672974,0.7505324482917786,0.2494676113128662,1.0585345770028252,0.16666666666666666,0.0,0.0,0.0,0.14285714285714285,0.1,0.25,0.25,0.125,0.41234200791889464,0.4977550208568573,0.9420279264450073,0.7380245327949524,0.20524382591247559,0.838979959487915,0.16102010011672974,0.7505324482917786,0.2494676113128662,-0.01142723361651099,0.0,0.0010833891477341484,0.0,0.0,0.0,0.0,0.0,0.0,0.0,-0.25,0.0,0.0,0.0,0.002778054280605957,0.0,0.0007364749908447266,0.0,0.0
14,12,2,"[1, 5, 6, 7, 8, 9, 11, 12, 14, 15, 16, 17]","[0, 2, 3, 4, 10, 13]",12,6,2,0.616210087461203,0.6666666666666666,0.75,0.75,0.75,0.625,0.625,0.625,0.625,0.5,0.21121011731406222,0.2558528085549673,0.4841390550136566,0.734880805015564,0.2029033899307251,0.8618472814559937,0.13815265893936157,0.732345700263977,0.2676542401313782,0.593451341240556,0.6666666666666666,0.75,0.75,0.75,0.625,0.625,0.625,0.625,0.625,0.2013441467647333,0.23682437340418497,0.46582403779029846,0.734880805015564,0.2029033899307251,0.8618472814559937,0.13815265893936157,0.732345700263977,0.2676542401313782,-0.019028435150782314,0.0,-0.009865970549328917,0.0,0.0,0.0,0.0,0.0,0.0,0.0,0.125,0.0,0.0,0.0,-0.022758746220646997,0.0,-0.018315017223358154,0.0,0.0
14,12,3,"[0, 2, 4, 5, 6, 8, 9, 12, 13, 14, 16, 17]","[1, 3, 7, 10, 11, 15]",12,6,2,1.0612355473576154,0.3333333333333333,0.5,0.5,0.5,0.25,0.25,0.25,0.25,0.0,0.40706704064667515,0.614661435286204,0.9250760674476624,0.7498326301574707,0.1885051131248474,0.8838496804237366,0.11615031957626343,0.7391401529312134,0.2608598470687866,1.0443882880729467,0.3333333333333333,0.5,0.5,0.5,0.25,0.25,0.25,0.25,0.0,0.4002685023224159,0.4484900335470835,0.9118654727935791,0.7498326301574707,0.1885051131248474,0.8838496804237366,0.11615031957626343,0.7391401529312134,0.2608598470687866,-0.16617140173912048,0.0,-0.006798538324259251,0.0,0.0,0.0,0.0,0.0,0.0,0.0,0.0,0.0,0.0,0.0,-0.01684725928466868,0.0,-0.013210594654083252,0.0,0.0
15,3,1,"[5, 12, 13]","[0, 1, 2, 3, 4, 6, 7, 8, 9, 10, 11, 14, 15, 16, 17]",3,15,2,0.8073112501890093,0.4,0.4,0.5,0.3333333333333333,0.4,0.41666666666666663,0.41666666666666663,0.41666666666666663,0.4074074074074074,0.30448951854446066,0.3392041285832723,1.4725158214569092,0.8063768148422241,0.14784765243530273,0.92950439453125,0.07049560546875,0.7748003005981445,0.22519969940185547,0.7949395879290122,0.4666666666666667,0.5,0.5714285714285714,0.4444444444444444,0.4642857142857143,0.4732142857142857,0.4722222222222222,0.4722222222222222,0.4444444444444444,0.29812288019807004,0.30853875875473025,0.5440495610237122,0.8063768148422241,0.14784765243530273,0.92950439453125,0.07049560546875,0.7748003005981445,0.22519969940185547,-0.030665369828542066,0.0,-0.006366638346390618,0.0714285714285714,0.05654761904761907,0.1111111111111111,0.05555555555555558,0.0,0.0,0.05555555555555558,0.037037037037037035,0.06428571428571428,0.06666666666666665,0.0,-0.012371662259997085,0.0,-0.928466260433197,0.09999999999999998,0.0
15,3,2,"[4, 7, 8]","[0, 1, 2, 3, 5, 6, 9, 10, 11, 12, 13, 14, 15, 16, 17]",3,15,2,0.8102873915075859,0.4666666666666667,0.5,0.5714285714285714,0.4444444444444444,0.4642857142857143,0.4732142857142857,0.4722222222222222,0.4722222222222222,0.37037037037037035,0.3035653417732416,0.23270195722579956,0.5435072183609009,0.8021101951599121,0.15138912200927734,0.9271647930145264,0.07283514738082886,0.7700568437576294,0.22994309663772583,0.7961121094116257,0.5333333333333333,0.5882352941176471,0.625,0.5555555555555556,0.5248868778280543,0.5267857142857143,0.5277777777777778,0.5277777777777778,0.38888888888888884,0.2952207948502213,0.2310145894686381,0.5357156991958618,0.8021101951599121,0.15138912200927734,0.9271647930145264,0.07283514738082886,0.7700568437576294,0.22994309663772583,-0.0016873677571614676,0.0,-0.008344546923020335,0.0535714285714286,0.0535714285714286,0.11111111111111116,0.05555555555555558,0.0,0.0,0.05555555555555558,0.01851851851851849,0.06060116354234002,0.06666666666666665,0.0,-0.014175282095960196,0.0,-0.0077915191650390625,0.08823529411764708,0.0
15,3,3,"[0, 3, 6]","[1, 2, 4, 5, 7, 8, 9, 10, 11, 12, 13, 14, 15, 16, 17]",3,15,2,0.777538928946173,0.5333333333333333,0.5333333333333333,0.6666666666666666,0.4444444444444444,0.5333333333333333,0.5555555555555556,0.5555555555555556,0.5555555555555556,0.4444444444444444,0.2877975511913148,0.2966736753781637,0.5117495656013489,0.8022190928459167,0.15119749307632446,0.9281973242759705,0.07180255651473999,0.7694075703620911,0.23059237003326416,0.7803867866231576,0.5333333333333333,0.5333333333333333,0.6666666666666666,0.4444444444444444,0.5333333333333333,0.5555555555555556,0.5555555555555556,0.5555555555555556,0.4444444444444444,0.28931652185795975,0.23589216073354086,0.5138890147209167,0.8022190928459167,0.15119749307632446,0.9281973242759705,0.07180255651473999,0.7694075703620911,0.23059237003326416,-0.060781514644622836,0.0,0.0015189706666449698,0.0,0.0,0.0,0.0,0.0,0.0,0.0,0.0,0.0,0.0,0.0,0.0028478576769845887,0.0,0.002139449119567871,0.0,0.0
15,3,4,"[2, 11, 17]","[0, 1, 3, 4, 5, 6, 7, 8, 9, 10, 12, 13, 14, 15, 16]",3,15,2,0.7233437495451476,0.5333333333333333,0.5333333333333333,0.6666666666666666,0.4444444444444444,0.5333333333333333,0.5555555555555556,0.5555555555555556,0.5555555555555556,0.5185185185185185,0.2656665993315068,0.23944654862085976,0.46579229831695557,0.8091371655464172,0.1454073190689087,0.930020272731781,0.069979727268219,0.7791650891304016,0.2208349108695984,0.7091833725403927,0.6,0.625,0.7142857142857143,0.5555555555555556,0.5982142857142857,0.6071428571428572,0.6111111111111112,0.6111111111111112,0.5925925925925926,0.25759406122610534,0.20365529855092365,0.45563244819641113,0.8091371655464172,0.1454073190689087,0.930020272731781,0.069979727268219,0.7791650891304016,0.2208349108695984,-0.03579125006993611,0.0,-0.008072538105401483,0.04761904761904767,0.051587301587301626,0.11111111111111116,0.05555555555555558,0.0,0.0,0.05555555555555558,0.07407407407407407,0.06488095238095237,0.06666666666666665,0.0,-0.01416037700475492,0.0,-0.010159850120544434,0.09166666666666667,0.0
15,3,5,"[10, 14, 16]","[0, 1, 2, 3, 4, 5, 6, 7, 8, 9, 11, 12, 13, 15, 17]",3,15,2,0.7741140907447958,0.5333333333333333,0.5882352941176471,0.625,0.5555555555555556,0.5248868778280543,0.5267857142857143,0.5277777777777778,0.5277777777777778,0.42592592592592593,0.2881839130601111,0.3252448121706645,0.5130931735038757,0.8091676831245422,0.14541679620742798,0.930385172367096,0.06961482763290405,0.7787813544273376,0.22121864557266235,0.7679800683093191,0.4666666666666667,0.5555555555555556,0.5555555555555556,0.5555555555555556,0.4444444444444444,0.4444444444444444,0.4444444444444444,0.4444444444444444,0.42592592592592593,0.2848965210830156,0.27964600721995037,0.5128822922706604,0.8091676831245422,0.14541679620742798,0.930385172367096,0.06961482763290405,0.7787813544273376,0.22121864557266235,-0.04559880495071411,0.0,-0.0032873919770954885,-0.06944444444444442,-0.08234126984126988,0.0,-0.08333333333333337,0.0,0.0,-0.08333333333333337,0.0,-0.0804424333836099,-0.06666666666666665,0.0,-0.0061340224354766715,0.0,-0.00021088123321533203,-0.0326797385620915,0.0
15,3,6,"[1, 9, 15]","[0, 2, 3, 4, 5, 6, 7, 8, 10, 11, 12, 13, 14, 16, 17]",3,15,2,0.7170663235226701,0.5333333333333333,0.5882352941176471,0.7142857142857143,0.5,0.5248868778280543,0.5446428571428572,0.55,0.55,0.49999999999999994,0.26351318507967175,0.18984198967615762,0.4671249985694885,0.8080784678459167,0.14650017023086548,0.9302454590797424,0.06975448131561279,0.7767540812492371,0.2232457995414734,0.7086642683550782,0.5333333333333333,0.5882352941176471,0.7142857142857143,0.5,0.5248868778280543,0.5446428571428572,0.55,0.55,0.52,0.25941515371138063,0.18976285854975386,0.45879989862442017,0.8080784678459167,0.14650017023086548,0.9302454590797424,0.06975448131561279,0.7767540812492371,0.2232457995414734,-7.913112640375863e-05,0.0,-0.004098031368291122,0.0,0.0,0.0,0.0,0.0,0.0,0.0,0.020000000000000073,0.0,0.0,0.0,-0.008402055167591849,0.0,-0.00832509994506836,0.0,0.0
15,6,1,"[0, 3, 5, 7, 9, 12]","[1, 2, 4, 6, 8, 10, 11, 13, 14, 15, 16, 17]",6,12,2,0.7659524356351463,0.5,0.5,0.6,0.42857142857142855,0.5,0.5142857142857142,0.5142857142857142,0.5142857142857142,0.48571428571428565,0.28424231343160966,0.3682842751344045,0.53437340259552,0.8015965223312378,0.15188199281692505,0.9278059601783752,0.0721939206123352,0.7684298753738403,0.23157000541687012,0.7543595188492387,0.5,0.5,0.6,0.42857142857142855,0.5,0.5142857142857142,0.5142857142857142,0.5142857142857142,0.48571428571428565,0.2774928490238367,0.17648325860500336,0.5262174010276794,0.8015965223312378,0.15188199281692505,0.9278059601783752,0.0721939206123352,0.7684298753738403,0.23157000541687012,-0.19180101652940112,0.0,-0.006749464407772965,0.0,0.0,0.0,0.0,0.0,0.0,0.0,0.0,0.0,0.0,0.0,-0.01159291678590757,0.0,-0.008156001567840576,0.0,0.0
15,6,2,"[1, 2, 4, 8, 10, 11]","[0, 3, 5, 6, 7, 9, 12, 13, 14, 15, 16, 17]",6,12,2,0.7277781385514296,0.5,0.5,0.75,0.375,0.5,0.5625,0.5625,0.5625,0.46875,0.26878415950479945,0.19047461946805316,0.4767332077026367,0.8044564127922058,0.14951986074447632,0.9285054206848145,0.071494460105896,0.7724546790122986,0.22754520177841187,0.7359682317459012,0.5,0.5,0.75,0.375,0.5,0.5625,0.5625,0.5625,0.4375,0.2717197694687526,0.29566288491090137,0.48497360944747925,0.8044564127922058,0.14951986074447632,0.9285054206848145,0.071494460105896,0.7724546790122986,0.22754520177841187,0.1051882654428482,0.0,0.0029356099639531452,0.0,0.0,0.0,0.0,0.0,0.0,0.0,-0.03125,0.0,0.0,0.0,0.008190093194471615,0.0,0.00824040174484253,0.0,0.0
15,6,3,"[6, 13, 14, 15, 16, 17]","[0, 1, 2, 3, 4, 5, 7, 8, 9, 10, 11, 12]",6,12,2,0.8110993848280242,0.5,0.5714285714285714,0.5714285714285714,0.5714285714285714,0.4857142857142857,0.4857142857142857,0.4857142857142857,0.4857142857142857,0.34285714285714286,0.30358122705839485,0.30098381638526917,0.551918089389801,0.8124977350234985,0.14247095584869385,0.9314472675323486,0.06855267286300659,0.7836105823516846,0.21638935804367065,0.8153886353618783,0.5,0.5714285714285714,0.5714285714285714,0.5714285714285714,0.4857142857142857,0.4857142857142857,0.4857142857142857,0.4857142857142857,0.34285714285714286,0.30438830398758737,0.2585434863964717,0.559141993522644,0.8124977350234985,0.14247095584869385,0.9314472675323486,0.06855267286300659,0.7836105823516846,0.21638935804367065,-0.04244032998879749,0.0,0.0008070769291925184,0.0,0.0,0.0,0.0,0.0,0.0,0.0,0.0,0.0,0.0,0.0,0.004289250533854094,0.0,0.007223904132843018,0.0,0.0
15,9,1,"[2, 3, 6, 9, 11, 12, 13, 15, 17]","[0, 1, 4, 5, 7, 8, 10, 14, 16]",9,9,2,0.8016197904967682,0.4444444444444444,0.4444444444444444,0.5,0.4,0.4444444444444444,0.45,0.45,0.45,0.4,0.3009206325249085,0.32516567574606997,0.5794717669487,0.8191571235656738,0.13683128356933594,0.9346578121185303,0.06534218788146973,0.7916795611381531,0.20832043886184692,0.8046882273135701,0.5555555555555556,0.6,0.6,0.6,0.55,0.55,0.55,0.55,0.45,0.299038694615837,0.27137556340959335,0.58936607837677,0.8191571235656738,0.13683128356933594,0.9346578121185303,0.06534218788146973,0.7916795611381531,0.20832043886184692,-0.053790112336476625,0.0,-0.0018819379090715405,0.09999999999999998,0.10000000000000003,0.19999999999999996,0.10000000000000003,0.0,0.0,0.10000000000000003,0.04999999999999999,0.10555555555555562,0.11111111111111116,0.0,0.0030684368168019116,0.0,0.009894311428070068,0.15555555555555556,0.0
15,9,2,"[0, 1, 4, 5, 7, 8, 10, 14, 16]","[2, 3, 6, 9, 11, 12, 13, 15, 17]",9,9,2,0.7349309060047086,0.5555555555555556,0.6,0.75,0.5,0.55,0.575,0.5833333333333333,0.5833333333333333,0.4444444444444444,0.2701499771967042,0.21485636631647742,0.5096064209938049,0.793209969997406,0.15908390283584595,0.9238479137420654,0.07615184783935547,0.7579838037490845,0.2420160174369812,0.728535859649099,0.5555555555555556,0.6,0.75,0.5,0.55,0.575,0.5833333333333333,0.5833333333333333,0.38888888888888895,0.267731962692593,0.33662672175301445,0.5049607157707214,0.793209969997406,0.15908390283584595,0.9238479137420654,0.07615184783935547,0.7579838037490845,0.2420160174369812,0.12177035543653703,0.0,-0.002418014504111221,0.0,0.0,0.0,0.0,0.0,0.0,0.0,-0.05555555555555547,0.0,0.0,0.0,-0.006395046355609613,0.0,-0.004645705223083496,0.0,0.0
15,12,1,"[1, 3, 5, 6, 8, 9, 10, 11, 12, 14, 16, 17]","[0, 2, 4, 7, 13, 15]",12,6,2,0.7786594726350561,0.5,0.5714285714285714,0.6666666666666666,0.5,0.4857142857142857,0.5,0.5,0.5,0.25,0.2907316191668244,0.4085321327050527,0.6173419952392578,0.8122852444648743,0.14287400245666504,0.9313762784004211,0.06862366199493408,0.7828755974769592,0.217124342918396,0.7518086364482834,0.5,0.5714285714285714,0.6666666666666666,0.5,0.4857142857142857,0.5,0.5,0.5,0.25,0.2779410284683494,0.27410689989725745,0.5951261520385742,0.8122852444648743,0.14287400245666504,0.9313762784004211,0.06862366199493408,0.7828755974769592,0.217124342918396,-0.13442523280779523,0.0,-0.01279059069847499,0.0,0.0,0.0,0.0,0.0,0.0,0.0,0.0,0.0,0.0,0.0,-0.026850836186772642,0.0,-0.022215843200683594,0.0,0.0
15,12,2,"[1, 3, 4, 5, 6, 8, 9, 10, 11, 14, 16, 17]","[0, 2, 7, 12, 13, 15]",12,6,2,0.7646556796298215,0.5,0.5714285714285714,0.6666666666666666,0.5,0.4857142857142857,0.5,0.5,0.5,0.25,0.2840095638442833,0.2749485870202382,0.583167314529419,0.8063067197799683,0.1478458046913147,0.9284296035766602,0.07157033681869507,0.7758786082267761,0.22412139177322388,0.7295144033472765,0.5,0.5714285714285714,0.6666666666666666,0.5,0.4857142857142857,0.5,0.5,0.5,0.375,0.2675477211904063,0.40044086178143823,0.5594467520713806,0.8063067197799683,0.1478458046913147,0.9284296035766602,0.07157033681869507,0.7758786082267761,0.22412139177322388,0.1254922747612,0.0,-0.016461842653876957,0.0,0.0,0.0,0.0,0.0,0.0,0.0,0.125,0.0,0.0,0.0,-0.03514127628254504,0.0,-0.02372056245803833,0.0,0.0
15,12,3,"[0, 1, 2, 3, 4, 9, 10, 11, 12, 14, 15, 17]","[5, 6, 7, 8, 13, 16]",12,6,2,0.5423366189186192,0.6666666666666666,0.6666666666666666,1.0,0.5,0.6666666666666666,0.75,0.75,0.75,0.875,0.187673819823978,0.23094375928243,0.4684731960296631,0.8174950480461121,0.1390783190727234,0.9323375821113586,0.06766241788864136,0.7895057797431946,0.21049422025680542,0.5287221395121586,0.6666666666666666,0.6666666666666666,1.0,0.5,0.6666666666666666,0.75,0.75,0.75,0.875,0.18014350874152496,0.38634598255157465,0.4543324112892151,0.8174950480461121,0.1390783190727234,0.9323375821113586,0.06766241788864136,0.7895057797431946,0.21049422025680542,0.15540222326914466,0.0,-0.007530311082453028,0.0,0.0,0.0,0.0,0.0,0.0,0.0,0.0,0.0,0.0,0.0,-0.013614479406460545,0.0,-0.014140784740447998,0.0,0.0
16,3,1,"[2, 4, 14]","[0, 1, 3, 5, 6, 7, 8, 9, 10, 11, 12, 13, 15, 16, 17]",3,15,2,0.6470064611469433,0.6,0.6666666666666666,0.6,0.75,0.5833333333333333,0.6,0.5892857142857143,0.5892857142857143,0.6607142857142857,0.227681976431264,0.09665109713872276,1.1710540056228638,0.7806435227394104,0.1649407148361206,0.8977689743041992,0.10223090648651123,0.7723493576049805,0.22765052318572998,0.6370010850881506,0.6,0.625,0.625,0.625,0.5982142857142857,0.5982142857142857,0.5982142857142857,0.5982142857142857,0.6785714285714286,0.22350637883050553,0.14791133006413779,0.3964956998825073,0.7806435227394104,0.1649407148361206,0.8977689743041992,0.10223090648651123,0.7723493576049805,0.22765052318572998,0.051260232925415025,0.0,-0.004175597600758474,0.025000000000000022,-0.0017857142857142794,-0.125,0.008928571428571397,0.0,0.0,0.008928571428571397,0.017857142857142905,0.014880952380952439,0.0,0.0,-0.010005376058792703,0.0,-0.7745583057403564,-0.04166666666666663,0.0
16,3,2,"[1, 3, 9]","[0, 2, 4, 5, 6, 7, 8, 10, 11, 12, 13, 14, 15, 16, 17]",3,15,2,0.6118227384257771,0.6666666666666666,0.7058823529411765,0.6666666666666666,0.75,0.660633484162896,0.6666666666666666,0.6607142857142857,0.6607142857142857,0.7142857142857143,0.21153961864751877,0.14148119290669758,0.37161701917648315,0.7805522084236145,0.16487640142440796,0.8984388709068298,0.10156106948852539,0.7718081474304199,0.2281917929649353,0.6014111938645865,0.6,0.625,0.625,0.625,0.5982142857142857,0.5982142857142857,0.5982142857142857,0.5982142857142857,0.75,0.20779297286784365,0.27419153451919553,0.36585816740989685,0.7805522084236145,0.16487640142440796,0.8984388709068298,0.10156106948852539,0.7718081474304199,0.2281917929649353,0.13271034161249795,0.0,-0.003746645779675123,-0.04166666666666663,-0.06845238095238093,-0.125,-0.0625,0.0,0.0,-0.0625,0.0357142857142857,-0.062419198448610325,-0.06666666666666665,0.0,-0.010411544561190533,0.0,-0.005758851766586304,-0.08088235294117652,0.0
16,3,3,"[6, 13, 15]","[0, 1, 2, 3, 4, 5, 7, 8, 9, 10, 11, 12, 14, 16, 17]",3,15,2,0.6681651605062634,0.5333333333333333,0.5882352941176471,0.5555555555555556,0.625,0.5248868778280543,0.5277777777777778,0.5267857142857143,0.5267857142857143,0.5892857142857143,0.23793787794526836,0.16327646970748902,0.4161459803581238,0.7706822156906128,0.17460095882415771,0.8927003741264343,0.10729962587356567,0.7580977082252502,0.24190229177474976,0.6511089748736052,0.5333333333333333,0.5333333333333333,0.5714285714285714,0.5,0.5333333333333333,0.5357142857142857,0.5357142857142857,0.5357142857142857,0.6428571428571429,0.23072326900764709,0.14824814796447755,0.4005611836910248,0.7706822156906128,0.17460095882415771,0.8927003741264343,0.10729962587356567,0.7580977082252502,0.24190229177474976,-0.015028321743011469,0.0,-0.00721460893762127,0.015873015873015817,0.007936507936507908,-0.125,0.008928571428571397,0.0,0.0,0.008928571428571397,0.0535714285714286,0.008446455505279005,0.0,0.0,-0.017056185632658205,0.0,-0.015584796667098999,-0.05490196078431375,0.0
16,3,4,"[8, 12, 17]","[0, 1, 2, 3, 4, 5, 6, 7, 9, 10, 11, 13, 14, 15, 16]",3,15,2,0.6546754648526575,0.6,0.6666666666666666,0.6666666666666666,0.6666666666666666,0.5833333333333333,0.5833333333333333,0.5833333333333333,0.5833333333333333,0.6481481481481481,0.23136373895858592,0.13892232577006025,0.413061261177063,0.7768597602844238,0.16887420415878296,0.8948668837547302,0.10513311624526978,0.7673846483230591,0.23261535167694092,0.6506348798415371,0.5333333333333333,0.5882352941176471,0.625,0.5555555555555556,0.5248868778280543,0.5267857142857143,0.5277777777777778,0.5277777777777778,0.6296296296296297,0.2299406355252491,0.1670691688855489,0.41049957275390625,0.7768597602844238,0.16887420415878296,0.8948668837547302,0.10513311624526978,0.7673846483230591,0.23261535167694092,0.02814684311548865,0.0,-0.0014231034333368198,-0.04166666666666663,-0.05654761904761896,-0.11111111111111105,-0.05555555555555547,0.0,0.0,-0.05555555555555547,-0.01851851851851849,-0.05844645550527894,-0.06666666666666665,0.0,-0.004040585011120368,0.0,-0.0025616884231567383,-0.07843137254901955,0.0
16,3,5,"[5, 7, 10]","[0, 1, 2, 3, 4, 6, 8, 9, 11, 12, 13, 14, 15, 16, 17]",3,15,2,0.5799448891329717,0.6666666666666666,0.7058823529411765,0.6666666666666666,0.75,0.660633484162896,0.6666666666666666,0.6607142857142857,0.6607142857142857,0.7678571428571428,0.19642895970538293,0.18686293760935466,0.3428588807582855,0.7850732207298279,0.16100823879241943,0.9006257057189941,0.09937435388565063,0.7773579955101013,0.22264206409454346,0.5851369459257559,0.6,0.625,0.625,0.625,0.5982142857142857,0.5982142857142857,0.5982142857142857,0.5982142857142857,0.7857142857142856,0.19898163688601964,0.2680123051007589,0.3487846553325653,0.7850732207298279,0.16100823879241943,0.9006257057189941,0.09937435388565063,0.7773579955101013,0.22264206409454346,0.08114936749140425,0.0,0.0025526771806367032,-0.04166666666666663,-0.06845238095238093,-0.125,-0.0625,0.0,0.0,-0.0625,0.017857142857142794,-0.062419198448610325,-0.06666666666666665,0.0,0.005192056792784228,0.0,0.005925774574279785,-0.08088235294117652,0.0
16,3,6,"[0, 11, 16]","[1, 2, 3, 4, 5, 6, 7, 8, 9, 10, 12, 13, 14, 15, 17]",3,15,2,0.586633329627728,0.6,0.6666666666666666,0.6666666666666666,0.6666666666666666,0.5833333333333333,0.5833333333333333,0.5833333333333333,0.5833333333333333,0.7592592592592592,0.20099971794309965,0.24410178263982135,0.3449782729148865,0.7775371670722961,0.1680580973625183,0.8967256546020508,0.10327434539794922,0.7671581506729126,0.2328418493270874,0.5768938515368327,0.6666666666666666,0.7058823529411765,0.75,0.6666666666666666,0.660633484162896,0.6607142857142857,0.6666666666666666,0.6666666666666666,0.7592592592592592,0.19579143210582928,0.23524691263834635,0.33652594685554504,0.7775371670722961,0.1680580973625183,0.8967256546020508,0.10327434539794922,0.7671581506729126,0.2328418493270874,-0.008854870001475001,0.0,-0.005208285837270371,0.08333333333333337,0.07738095238095244,0.0,0.08333333333333337,0.0,0.0,0.08333333333333337,0.0,0.07730015082956276,0.06666666666666665,0.0,-0.00973947809089526,0.0,-0.00845232605934143,0.03921568627450989,0.0
16,6,1,"[0, 2, 3, 6, 13, 16]","[1, 4, 5, 7, 8, 9, 10, 11, 12, 14, 15, 17]",6,12,2,0.5937172995776157,0.5,0.5714285714285714,0.5714285714285714,0.5714285714285714,0.4857142857142857,0.4857142857142857,0.4857142857142857,0.4857142857142857,0.7142857142857142,0.20667580684202388,0.36884256700674695,0.37251877784729004,0.7819955945014954,0.16354000568389893,0.9009042382240295,0.09909570217132568,0.7720156908035278,0.2279842495918274,0.5766082879532566,0.5833333333333334,0.6153846153846154,0.6666666666666666,0.5714285714285714,0.5804195804195804,0.5833333333333333,0.5857142857142856,0.5857142857142856,0.7428571428571429,0.19882896492796287,0.27872834106286365,0.35910534858703613,0.7819955945014954,0.16354000568389893,0.9009042382240295,0.09909570217132568,0.7720156908035278,0.2279842495918274,-0.0901142259438833,0.0,-0.007846841914061015,0.09523809523809523,0.09761904761904755,0.0,0.09999999999999992,0.0,0.0,0.09999999999999992,0.028571428571428692,0.09470529470529471,0.08333333333333337,0.0,-0.017109011624359072,0.0,-0.013413429260253906,0.04395604395604402,0.0
16,6,2,"[4, 7, 8, 12, 14, 17]","[0, 1, 2, 3, 5, 6, 9, 10, 11, 13, 15, 16]",6,12,2,0.7007123868247943,0.5833333333333334,0.6153846153846154,0.5714285714285714,0.6666666666666666,0.5804195804195804,0.5857142857142856,0.5833333333333333,0.5833333333333333,0.6111111111111112,0.2518617673869858,0.14473897715409598,0.46536785364151,0.7794553637504578,0.16622930765151978,0.8963857889175415,0.10361415147781372,0.7711554765701294,0.22884446382522583,0.6900900290598146,0.5833333333333334,0.6153846153846154,0.5714285714285714,0.6666666666666666,0.5804195804195804,0.5857142857142856,0.5833333333333333,0.5833333333333333,0.6111111111111112,0.24644842289046429,0.27695462107658386,0.4601789116859436,0.7794553637504578,0.16622930765151978,0.8963857889175415,0.10361415147781372,0.7711554765701294,0.22884446382522583,0.13221564392248789,0.0,-0.005413344496521505,0.0,0.0,0.0,0.0,0.0,0.0,0.0,0.0,0.0,0.0,0.0,-0.010622357764979662,0.0,-0.005188941955566406,0.0,0.0
16,6,3,"[1, 5, 9, 10, 11, 15]","[0, 2, 3, 4, 6, 7, 8, 12, 13, 14, 16, 17]",6,12,2,0.5796981762178327,0.75,0.8,0.75,0.8571428571428571,0.7333333333333334,0.75,0.7285714285714285,0.7285714285714285,0.7428571428571429,0.19443977265574705,0.2192870577176412,0.34991562366485596,0.7742210626602173,0.1714097261428833,0.8932732939720154,0.10672670602798462,0.7639073729515076,0.23609262704849243,0.5644996501542305,0.6666666666666666,0.7142857142857143,0.7142857142857143,0.7142857142857143,0.6571428571428571,0.6571428571428571,0.6571428571428571,0.6571428571428571,0.7714285714285715,0.18847552716546714,0.3280719965696335,0.3366975784301758,0.7742210626602173,0.1714097261428833,0.8932732939720154,0.10672670602798462,0.7639073729515076,0.23609262704849243,0.10878493885199228,0.0,-0.005964245490279907,-0.0357142857142857,-0.09285714285714286,-0.1428571428571428,-0.0714285714285714,0.0,0.0,-0.0714285714285714,0.02857142857142858,-0.07619047619047625,-0.08333333333333337,0.0,-0.015198526063602169,0.0,-0.013218045234680176,-0.08571428571428574,0.0
16,9,1,"[0, 1, 3, 8, 9, 13, 14, 15, 16]","[2, 4, 5, 6, 7, 10, 11, 12, 17]",9,9,2,0.5064473827215977,0.7777777777777778,0.8,0.8,0.8,0.775,0.775,0.775,0.775,0.8500000000000001,0.16339150109592224,0.16586040125952822,0.32095977663993835,0.760847270488739,0.18371480703353882,0.8879061937332153,0.11209380626678467,0.7446640133857727,0.2553359866142273,0.515875458134997,0.7777777777777778,0.8,0.8,0.8,0.775,0.775,0.775,0.775,0.85,0.16799898433522992,0.17466015285915798,0.33352601528167725,0.760847270488739,0.18371480703353882,0.8879061937332153,0.11209380626678467,0.7446640133857727,0.2553359866142273,0.008799751599629757,0.0,0.00460748323930768,0.0,0.0,0.0,0.0,0.0,0.0,0.0,-1.1102230246251565e-16,0.0,0.0,0.0,0.009428075413399295,0.0,0.012566238641738892,0.0,0.0
16,9,2,"[2, 4, 5, 6, 7, 10, 11, 12, 17]","[0, 1, 3, 8, 9, 13, 14, 15, 16]",9,9,2,0.7429573590255664,0.4444444444444444,0.5454545454545454,0.5,0.6,0.41558441558441556,0.41666666666666663,0.425,0.425,0.5,0.2719215542221705,0.2506435049904717,0.5365442633628845,0.7962674498558044,0.15040457248687744,0.9058026075363159,0.09419739246368408,0.7933881282806396,0.20661187171936035,0.7416213852836769,0.3333333333333333,0.4,0.4,0.4,0.325,0.325,0.325,0.325,0.5,0.2717487289854288,0.3624624146355523,0.5342832803726196,0.7962674498558044,0.15040457248687744,0.9058026075363159,0.09419739246368408,0.7933881282806396,0.20661187171936035,0.11181890964508057,0.0,-0.0001728252367417249,-0.09999999999999998,-0.09166666666666662,-0.19999999999999996,-0.09999999999999998,0.0,0.0,-0.09999999999999998,0.0,-0.09058441558441555,-0.1111111111111111,0.0,-0.001335973741889429,0.0,-0.0022609829902648926,-0.1454545454545454,0.0
16,12,1,"[0, 1, 3, 4, 5, 7, 8, 9, 10, 11, 12, 15]","[2, 6, 13, 14, 16, 17]",12,6,2,0.5506199381598054,0.8333333333333334,0.8,1.0,0.6666666666666666,0.8285714285714285,0.875,0.8333333333333333,0.8333333333333333,1.0,0.18147755416263425,0.2758084336916605,0.38217389583587646,0.7882599830627441,0.15696239471435547,0.9024417400360107,0.09755825996398926,0.7836334109306335,0.21636658906936646,0.5387510616180461,0.6666666666666666,0.5,1.0,0.3333333333333333,0.625,0.8,0.6666666666666666,0.6666666666666666,1.0,0.17644951041187676,0.40578669309616083,0.37792468070983887,0.7882599830627441,0.15696239471435547,0.9024417400360107,0.09755825996398926,0.7836334109306335,0.21636658906936646,0.1299782594045003,0.0,-0.005028043750757494,0.0,-0.07499999999999996,-0.3333333333333333,-0.16666666666666663,0.0,0.0,-0.16666666666666663,0.0,-0.20357142857142851,-0.16666666666666674,0.0,-0.011868876541759277,0.0,-0.004249215126037598,-0.30000000000000004,0.0
16,12,2,"[0, 1, 2, 3, 4, 5, 6, 7, 12, 13, 15, 17]","[8, 9, 10, 11, 14, 16]",12,6,2,0.7357404912043523,0.3333333333333333,0.3333333333333333,0.3333333333333333,0.3333333333333333,0.3333333333333333,0.3333333333333333,0.3333333333333333,0.3333333333333333,0.33333333333333337,0.2741661053542649,0.5061070919036865,0.5616394877433777,0.7714648246765137,0.17197006940841675,0.89859539270401,0.10140448808670044,0.7574641108512878,0.2425357699394226,0.7360308031379733,0.16666666666666666,0.0,0.0,0.0,0.14285714285714285,0.125,0.16666666666666666,0.16666666666666666,0.33333333333333337,0.2745215564165561,0.5025261640548706,0.5657463073730469,0.7714648246765137,0.17197006940841675,0.89859539270401,0.10140448808670044,0.7574641108512878,0.2425357699394226,-0.003580927848815918,0.0,0.00035545106229123435,-0.3333333333333333,-0.20833333333333331,-0.3333333333333333,-0.16666666666666666,0.0,0.0,-0.16666666666666666,0.0,-0.19047619047619047,-0.16666666666666666,0.0,0.0002903119336210569,0.0,0.0041068196296691895,-0.3333333333333333,0.0
16,12,3,"[0, 1, 3, 4, 6, 7, 8, 9, 12, 13, 14, 17]","[2, 5, 10, 11, 15, 16]",12,6,2,0.6397526119604465,0.6666666666666666,0.6666666666666666,0.6666666666666666,0.6666666666666666,0.6666666666666666,0.6666666666666666,0.6666666666666666,0.6666666666666666,0.6666666666666667,0.2273259867762729,0.31795616944630933,0.4939885139465332,0.7962284684181213,0.14926594495773315,0.9080755114555359,0.09192442893981934,0.7933924198150635,0.20660752058029175,0.6464196475498027,0.5,0.4,0.5,0.3333333333333333,0.4857142857142857,0.5,0.5,0.5,0.7777777777777779,0.2324045465068935,0.33171966671943665,0.5083292126655579,0.7962284684181213,0.14926594495773315,0.9080755114555359,0.09192442893981934,0.7933924198150635,0.20660752058029175,0.013763497273127312,0.0,0.005078559730620602,-0.16666666666666663,-0.16666666666666663,-0.3333333333333333,-0.16666666666666663,0.0,0.0,-0.16666666666666663,0.11111111111111116,-0.18095238095238092,-0.16666666666666663,0.0,0.006667035589356218,0.0,0.014340698719024658,-0.2666666666666666,0.0
17,3,1,"[1, 8, 11]","[0, 2, 3, 4, 5, 6, 7, 9, 10, 12, 13, 14, 15, 16, 17]",3,15,2,0.5503955659593164,0.6,0.7272727272727273,0.8,0.6666666666666666,0.48863636363636365,0.5,0.5,0.5,0.6944444444444444,0.18667940209544429,0.14622913996378575,0.995921790599823,0.7898862957954407,0.1531294584274292,0.8779090046882629,0.12209099531173706,0.8158320784568787,0.18416792154312134,0.5280146978612007,0.7333333333333333,0.8333333333333334,0.8333333333333334,0.8333333333333334,0.5833333333333334,0.5833333333333334,0.5833333333333334,0.5833333333333334,0.6666666666666666,0.1768844120963085,0.1960385044415792,0.31453293561935425,0.7898862957954407,0.1531294584274292,0.8779090046882629,0.12209099531173706,0.8158320784568787,0.18416792154312134,0.04980936447779344,0.0,-0.009794989999135778,0.033333333333333326,0.08333333333333337,0.16666666666666674,0.08333333333333337,0.0,0.0,0.08333333333333337,-0.02777777777777779,0.09469696969696972,0.1333333333333333,0.0,-0.02238086809811568,0.0,-0.6813888549804688,0.10606060606060608,0.0
17,3,2,"[6, 12, 14]","[0, 1, 2, 3, 4, 5, 7, 8, 9, 10, 11, 13, 15, 16, 17]",3,15,2,0.5942413921113698,0.6,0.7272727272727273,0.8,0.6666666666666666,0.48863636363636365,0.5,0.5,0.5,0.6666666666666667,0.2071628698139655,0.10158745447794595,0.37556397914886475,0.7878466248512268,0.15474367141723633,0.879141628742218,0.12085837125778198,0.8113710284233093,0.18862897157669067,0.5519232271663655,0.6666666666666666,0.782608695652174,0.8181818181818182,0.75,0.5341614906832298,0.5340909090909092,0.5416666666666666,0.5416666666666666,0.6666666666666667,0.18918374058419415,0.162824543317159,0.3432843089103699,0.7878466248512268,0.15474367141723633,0.879141628742218,0.12085837125778198,0.8113710284233093,0.18862897157669067,0.061237088839213055,0.0,-0.01797912922977135,0.018181818181818188,0.03409090909090917,0.08333333333333337,0.04166666666666663,0.0,0.0,0.04166666666666663,0.0,0.045525127046866176,0.06666666666666665,0.0,-0.04231816494500429,0.0,-0.03227967023849487,0.055335968379446654,0.0
17,3,3,"[0, 4, 5]","[1, 2, 3, 6, 7, 8, 9, 10, 11, 12, 13, 14, 15, 16, 17]",3,15,2,0.5468048252733505,0.6,0.7272727272727273,0.8888888888888888,0.6153846153846154,0.48863636363636365,0.5277777777777778,0.5576923076923077,0.5576923076923077,0.7692307692307693,0.18405687569430948,0.1944897015889486,0.348189115524292,0.7918320894241333,0.14961504936218262,0.8906799554824829,0.10932004451751709,0.8100898861885071,0.18991011381149292,0.5309151582192394,0.8,0.88,0.9166666666666666,0.8461538461538461,0.64,0.625,0.6730769230769231,0.6730769230769231,0.7692307692307693,0.17649953384837372,0.23451573053995767,0.33388906717300415,0.7918320894241333,0.14961504936218262,0.8906799554824829,0.10932004451751709,0.8100898861885071,0.18991011381149292,0.04002602895100907,0.0,-0.007557341845935761,0.02777777777777779,0.09722222222222221,0.23076923076923073,0.11538461538461542,0.0,0.0,0.11538461538461542,0.0,0.15136363636363637,0.20000000000000007,0.0,-0.0158896670541111,0.0,-0.014300048351287842,0.1527272727272727,0.0
17,3,4,"[2, 15, 17]","[0, 1, 3, 4, 5, 6, 7, 8, 9, 10, 11, 12, 13, 14, 16]",3,15,2,0.6485620533585813,0.4666666666666667,0.6,0.75,0.5,0.4,0.4464285714285714,0.41666666666666663,0.41666666666666663,0.5555555555555556,0.23203518525196057,0.21608817577362063,0.4161970019340515,0.7866575717926025,0.15581804513931274,0.8781726360321045,0.12182736396789551,0.81019127368927,0.18980872631072998,0.6396357132560216,0.4666666666666667,0.6,0.75,0.5,0.4,0.4464285714285714,0.41666666666666663,0.41666666666666663,0.5555555555555556,0.2283176256654326,0.24867454369862874,0.4105847179889679,0.7866575717926025,0.15581804513931274,0.8781726360321045,0.12182736396789551,0.81019127368927,0.18980872631072998,0.0325863679250081,0.0,-0.0037175595865279742,0.0,0.0,0.0,0.0,0.0,0.0,0.0,0.0,0.0,0.0,0.0,-0.00892634010255966,0.0,-0.005612283945083618,0.0,0.0
17,3,5,"[3, 7, 9]","[0, 1, 2, 4, 5, 6, 8, 10, 11, 12, 13, 14, 15, 16, 17]",3,15,2,0.6236762793070256,0.5333333333333333,0.6956521739130435,0.8,0.6153846153846154,0.34782608695652173,0.4,0.3076923076923077,0.3076923076923077,0.5384615384615384,0.22008564656258187,0.14040408929189047,0.41760894656181335,0.7872999310493469,0.15464770793914795,0.8797339797019958,0.12026602029800415,0.8109706044197083,0.18902939558029175,0.6184556498229103,0.4666666666666667,0.6363636363636364,0.7777777777777778,0.5384615384615384,0.3181818181818182,0.3888888888888889,0.2692307692307692,0.2692307692307692,0.5384615384615384,0.21672821528725889,0.2587241212526958,0.41585591435432434,0.7872999310493469,0.15464770793914795,0.8797339797019958,0.12026602029800415,0.8109706044197083,0.18902939558029175,0.11832003196080532,0.0,-0.0033574312753229807,-0.022222222222222254,-0.011111111111111127,-0.07692307692307698,-0.03846153846153849,0.0,0.0,-0.03846153846153849,0.0,-0.029644268774703553,-0.06666666666666665,0.0,-0.00522062948411528,0.0,-0.0017530322074890137,-0.059288537549407105,0.0
17,3,6,"[10, 13, 16]","[0, 1, 2, 3, 4, 5, 6, 7, 8, 9, 11, 12, 14, 15, 17]",3,15,2,0.6254885303241224,0.5333333333333333,0.6666666666666666,0.875,0.5384615384615384,0.4444444444444444,0.5089285714285714,0.5192307692307692,0.5192307692307692,0.6538461538461539,0.21973919099886868,0.12822121381759644,0.4203629791736603,0.786931574344635,0.15624427795410156,0.875648558139801,0.12435144186019897,0.8118628859519958,0.18813711404800415,0.6178492168766475,0.6666666666666666,0.782608695652174,0.9,0.6923076923076923,0.5341614906832298,0.55,0.5961538461538461,0.5961538461538461,0.6153846153846154,0.21588128890111685,0.11995964050292969,0.4150781035423279,0.786931574344635,0.15624427795410156,0.875648558139801,0.12435144186019897,0.8118628859519958,0.18813711404800415,-0.008261573314666745,0.0,-0.003857902097751831,0.025000000000000022,0.04107142857142865,0.15384615384615385,0.07692307692307698,0.0,0.0,0.07692307692307698,-0.038461538461538436,0.0897170462387854,0.1333333333333333,0.0,-0.007639313447474927,0.0,-0.0052848756313323975,0.11594202898550732,0.0
17,6,1,"[1, 6, 10, 12, 15, 17]","[0, 2, 3, 4, 5, 7, 8, 9, 11, 13, 14, 16]",6,12,2,0.6543542193218485,0.5,0.625,0.8333333333333334,0.5,0.4375,0.5,0.5,0.5,0.6000000000000001,0.2352700756916528,0.19479074080785114,0.4679025411605835,0.786413311958313,0.1568310260772705,0.875697910785675,0.12430208921432495,0.8106400370597839,0.18935996294021606,0.6650405678922174,0.5,0.625,0.8333333333333334,0.5,0.4375,0.5,0.5,0.5,0.55,0.24035283041761493,0.1941173374652862,0.4811282753944397,0.786413311958313,0.1568310260772705,0.875697910785675,0.12430208921432495,0.8106400370597839,0.18935996294021606,-0.0006734033425649377,0.0,0.005082754725962119,0.0,0.0,0.0,0.0,0.0,0.0,0.0,-0.050000000000000044,0.0,0.0,0.0,0.010686348570368986,0.0,0.013225734233856201,0.0,0.0
17,6,2,"[4, 8, 9, 11, 14, 16]","[0, 1, 2, 3, 5, 6, 7, 10, 12, 13, 15, 17]",6,12,2,0.5110832952016595,0.6666666666666666,0.8,0.8,0.8,0.4,0.4,0.4,0.4,0.7,0.16690896776535533,0.2343875765800476,0.3298136293888092,0.7835434675216675,0.15831100940704346,0.8729850053787231,0.12701499462127686,0.8103929758071899,0.18960702419281006,0.4949604314670779,0.75,0.8571428571428571,0.8181818181818182,0.9,0.42857142857142855,0.4090909090909091,0.45,0.45,0.6499999999999999,0.1603277546467715,0.22822474936644238,0.3254724144935608,0.7835434675216675,0.15831100940704346,0.8729850053787231,0.12701499462127686,0.8103929758071899,0.18960702419281006,-0.0061628272136052265,0.0,-0.00658121311858384,0.018181818181818188,0.009090909090909094,0.09999999999999998,0.04999999999999999,0.0,0.0,0.04999999999999999,-0.050000000000000044,0.028571428571428525,0.08333333333333337,0.0,-0.016122863734581605,0.0,-0.004341214895248413,0.05714285714285705,0.0
17,6,3,"[0, 2, 3, 5, 7, 13]","[1, 4, 6, 8, 9, 10, 11, 12, 14, 15, 16, 17]",6,12,2,0.6291452190621845,0.5,0.625,0.8333333333333334,0.5,0.4375,0.5,0.5,0.5,0.65,0.22269966145517053,0.17225860555966693,0.42739009857177734,0.7952645421028137,0.1469598412513733,0.891960084438324,0.10803991556167603,0.8141202330589294,0.18587976694107056,0.6156821309783141,0.6666666666666666,0.7777777777777778,0.875,0.7,0.5555555555555556,0.5625,0.6,0.6,0.65,0.21624268728969173,0.1629055043061574,0.41374480724334717,0.7952645421028137,0.1469598412513733,0.891960084438324,0.10803991556167603,0.8141202330589294,0.18587976694107056,-0.009353101253509521,0.0,-0.0064569741654788015,0.04166666666666663,0.0625,0.19999999999999996,0.09999999999999998,0.0,0.0,0.09999999999999998,0.0,0.11805555555555558,0.16666666666666663,0.0,-0.013463088083870312,0.0,-0.013645291328430176,0.1527777777777778,0.0
17,9,1,"[1, 4, 5, 8, 9, 11, 13, 16, 17]","[0, 2, 3, 6, 7, 10, 12, 14, 15]",9,9,2,0.5804322815745917,0.4444444444444444,0.6153846153846154,0.6666666666666666,0.5714285714285714,0.3076923076923077,0.3333333333333333,0.2857142857142857,0.2857142857142857,0.5714285714285714,0.19927586461173055,0.3359427253405253,0.39743730425834656,0.7867951393127441,0.1551339030265808,0.8789310455322266,0.12106895446777344,0.8108011484146118,0.18919885158538818,0.5637587068422429,0.7777777777777778,0.875,0.7777777777777778,1.0,0.4375,0.3888888888888889,0.5,0.5,0.5714285714285714,0.19271329505599707,0.3280816806687249,0.3967394530773163,0.7867951393127441,0.1551339030265808,0.8789310455322266,0.12106895446777344,0.8108011484146118,0.18919885158538818,-0.007861044671800432,0.0,-0.006562569555733477,0.11111111111111116,0.05555555555555558,0.4285714285714286,0.2142857142857143,0.0,0.0,0.2142857142857143,0.0,0.1298076923076923,0.33333333333333337,0.0,-0.01667357473234876,0.0,-0.0006978511810302734,0.2596153846153846,0.0
17,9,2,"[0, 2, 3, 6, 7, 10, 12, 14, 15]","[1, 4, 5, 8, 9, 11, 13, 16, 17]",9,9,2,0.6159598714784997,0.6666666666666666,0.7692307692307693,1.0,0.625,0.5846153846153846,0.625,0.8125,0.8125,0.75,0.21731206097484893,0.1506819658809238,0.40271008014678955,0.7900189757347107,0.15293413400650024,0.8814976811408997,0.11850237846374512,0.8126341700553894,0.18736588954925537,0.5776512486322987,0.6666666666666666,0.7692307692307693,1.0,0.625,0.5846153846153846,0.625,0.8125,0.8125,0.75,0.20011365713898854,0.2482984529601203,0.37193259596824646,0.7900189757347107,0.15293413400650024,0.8814976811408997,0.11850237846374512,0.8126341700553894,0.18736588954925537,0.09761648707919648,0.0,-0.017198403835860382,0.0,0.0,0.0,0.0,0.0,0.0,0.0,0.0,0.0,0.0,0.0,-0.03830862284620107,0.0,-0.03077748417854309,0.0,0.0
17,12,1,"[0, 1, 2, 5, 6, 7, 10, 11, 12, 13, 14, 17]","[3, 4, 8, 9, 15, 16]",12,6,2,0.625219330608784,0.6666666666666666,0.75,1.0,0.6,0.625,0.6666666666666666,0.8,0.8,0.6,0.22284117269736756,0.41430881619453425,0.4457988142967224,0.7932370901107788,0.1497066617012024,0.8890407085418701,0.11095929145812988,0.8115459084510803,0.18845409154891968,0.600177339786785,0.6666666666666666,0.75,1.0,0.6,0.625,0.6666666666666666,0.8,0.8,0.6,0.21142779715884286,0.26016273101170856,0.4244697391986847,0.7932370901107788,0.1497066617012024,0.8890407085418701,0.11095929145812988,0.8115459084510803,0.18845409154891968,-0.1541460851828257,0.0,-0.0114133755385247,0.0,0.0,0.0,0.0,0.0,0.0,0.0,0.0,0.0,0.0,0.0,-0.025041990821998983,0.0,-0.02132907509803772,0.0,0.0
17,12,2,"[1, 2, 4, 6, 8, 9, 10, 11, 12, 14, 15, 16]","[0, 3, 5, 7, 13, 17]",12,6,2,0.5286945991708947,0.6666666666666666,0.8,0.8,0.8,0.4,0.4,0.4,0.4,0.6,0.17678080307532085,0.22567560275395712,0.31841522455215454,0.7821506261825562,0.16070067882537842,0.8677445650100708,0.13225537538528442,0.8108540177345276,0.1891459822654724,0.5139954706548883,0.8333333333333334,0.9090909090909091,0.8333333333333334,1.0,0.45454545454545453,0.4166666666666667,0.5,0.5,0.6,0.1702420353390289,0.2636825144290924,0.3124174177646637,0.7821506261825562,0.16070067882537842,0.8677445650100708,0.13225537538528442,0.8108540177345276,0.1891459822654724,0.038006911675135285,0.0,-0.006538767736291945,0.033333333333333326,0.016666666666666663,0.19999999999999996,0.09999999999999998,0.0,0.0,0.09999999999999998,0.0,0.05454545454545451,0.16666666666666674,0.0,-0.01469912851600641,0.0,-0.005997806787490845,0.10909090909090902,0.0
17,12,3,"[1, 4, 5, 7, 9, 10, 11, 12, 13, 14, 15, 16]","[0, 2, 3, 6, 8, 17]",12,6,2,0.6186212261846661,0.5,0.6666666666666666,0.75,0.6,0.3333333333333333,0.375,0.3,0.3,0.6,0.21789643901658187,0.26057202617327374,0.44450098276138306,0.7790731191635132,0.16274797916412354,0.8708028197288513,0.12919718027114868,0.8037012219429016,0.1962987780570984,0.6050696818495024,0.6666666666666666,0.8,0.8,0.8,0.4,0.4,0.4,0.4,0.6,0.21435362397078483,0.2540891269842784,0.4370739758014679,0.7790731191635132,0.16274797916412354,0.8708028197288513,0.12919718027114868,0.8037012219429016,0.1962987780570984,-0.006482899188995361,0.0,-0.0035428150457970375,0.050000000000000044,0.025000000000000022,0.20000000000000007,0.10000000000000003,0.0,0.0,0.10000000000000003,0.0,0.06666666666666671,0.16666666666666663,0.0,-0.013551544335163701,0.0,-0.007427006959915161,0.13333333333333341,0.0
18,3,1,"[4, 6, 16]","[0, 1, 2, 3, 5, 7, 8, 9, 10, 11, 12, 13, 14, 15, 17]",3,15,2,0.7430512063319347,0.6,0.75,0.9,0.6428571428571429,0.375,0.45,0.32142857142857145,0.32142857142857145,0.21428571428571427,0.26816518755369045,0.20838595231374107,1.3511396646499634,0.7441076040267944,0.19016164541244507,0.8956171274185181,0.10438287258148193,0.7240595817565918,0.2759404182434082,0.6938352453938923,0.6,0.75,0.9,0.6428571428571429,0.375,0.45,0.32142857142857145,0.32142857142857145,0.2857142857142857,0.24850563042906207,0.21908533573150638,0.4610164761543274,0.7441076040267944,0.19016164541244507,0.8956171274185181,0.10438287258148193,0.7240595817565918,0.2759404182434082,0.010699383417765301,0.0,-0.019659557124628385,0.0,0.0,0.0,0.0,0.0,0.0,0.0,0.07142857142857142,0.0,0.0,0.0,-0.04921596093804237,0.0,-0.890123188495636,0.0,0.0
18,3,2,"[0, 9, 14]","[1, 2, 3, 4, 5, 6, 7, 8, 10, 11, 12, 13, 15, 16, 17]",3,15,2,0.7431401296580482,0.6,0.75,1.0,0.6,0.375,0.5,0.3,0.3,nan,0.26867469513308234,0.36903768777847284,0.5151152610778809,0.7366427183151245,0.19689816236495972,0.8922297954559326,0.10777020454406738,0.7139739394187927,0.2860260605812073,0.7628054285227376,0.6,0.75,1.0,0.6,0.375,0.5,0.3,0.3,nan,0.27712300610301605,0.27590038379033405,0.5339275002479553,0.7366427183151245,0.19689816236495972,0.8922297954559326,0.10777020454406738,0.7139739394187927,0.2860260605812073,-0.0931373039881388,0.0,0.008448310969933703,0.0,0.0,0.0,0.0,0.0,0.0,0.0,nan,0.0,0.0,0.0,0.019665298864689373,0.0,0.018812239170074463,0.0,0.0
18,3,3,"[1, 10, 12]","[0, 2, 3, 4, 5, 6, 7, 8, 9, 11, 13, 14, 15, 16, 17]",3,15,2,0.87624920805127,0.4,0.5714285714285714,0.8571428571428571,0.42857142857142855,0.2857142857142857,0.42857142857142855,0.21428571428571427,0.21428571428571427,0.14285714285714285,0.33039823101876736,0.3387527426083883,0.6120811104774475,0.7373643517494202,0.1962428092956543,0.8924893736839294,0.10751062631607056,0.715025007724762,0.28497499227523804,0.8392850637349523,0.3333333333333333,0.5,0.8333333333333334,0.35714285714285715,0.25,0.4166666666666667,0.17857142857142858,0.17857142857142858,0.14285714285714285,0.3145085464533256,0.346886932849884,0.5832228660583496,0.7373643517494202,0.1962428092956543,0.8924893736839294,0.10751062631607056,0.715025007724762,0.28497499227523804,0.008134190241495698,0.0,-0.015889684565441764,-0.023809523809523725,-0.011904761904761862,-0.0714285714285714,-0.0357142857142857,0.0,0.0,-0.0357142857142857,0.0,-0.0357142857142857,-0.06666666666666671,0.0,-0.03696414431631778,0.0,-0.0288582444190979,-0.0714285714285714,0.0
18,3,4,"[2, 5, 8]","[0, 1, 3, 4, 6, 7, 9, 10, 11, 12, 13, 14, 15, 16, 17]",3,15,2,0.695440147262157,0.5333333333333333,0.6956521739130435,0.8888888888888888,0.5714285714285714,0.34782608695652173,0.4444444444444444,0.2857142857142857,0.2857142857142857,0.21428571428571427,0.2552793766374676,0.30952405134836836,0.4416050910949707,0.7442057728767395,0.19048833847045898,0.8957924842834473,0.10420751571655273,0.7232308387756348,0.27676916122436523,0.6572990313612838,0.5333333333333333,0.6956521739130435,0.8888888888888888,0.5714285714285714,0.34782608695652173,0.4444444444444444,0.2857142857142857,0.2857142857142857,0.21428571428571427,0.23725561394762754,0.30941647688547763,0.4095737934112549,0.7442057728767395,0.19048833847045898,0.8957924842834473,0.10420751571655273,0.7232308387756348,0.27676916122436523,-0.00010757446289072492,0.0,-0.018023762689840045,0.0,0.0,0.0,0.0,0.0,0.0,0.0,0.0,0.0,0.0,0.0,-0.03814111590087321,0.0,-0.03203129768371582,0.0,0.0
18,3,5,"[7, 11, 13]","[0, 1, 2, 3, 4, 5, 6, 8, 9, 10, 12, 14, 15, 16, 17]",3,15,2,0.8501273612726493,0.4,0.5714285714285714,0.8571428571428571,0.42857142857142855,0.2857142857142857,0.42857142857142855,0.21428571428571427,0.21428571428571427,0.14285714285714285,0.3187069405126039,0.3066458821296692,0.5938593149185181,0.736182689666748,0.19761276245117188,0.891596794128418,0.10840320587158203,0.7131776809692383,0.2868223190307617,0.8056979959481381,0.4,0.5714285714285714,0.8571428571428571,0.42857142857142855,0.2857142857142857,0.42857142857142855,0.21428571428571427,0.21428571428571427,0.2857142857142857,0.2999880786834089,0.40820555686950694,0.558513879776001,0.736182689666748,0.19761276245117188,0.891596794128418,0.10840320587158203,0.7131776809692383,0.2868223190307617,0.10155967473983774,0.0,-0.01871886182919502,0.0,0.0,0.0,0.0,0.0,0.0,0.0,0.14285714285714285,0.0,0.0,0.0,-0.04442936532451125,0.0,-0.03534543514251709,0.0,0.0
18,3,6,"[3, 15, 17]","[0, 1, 2, 4, 5, 6, 7, 8, 9, 10, 11, 12, 13, 14, 16]",3,15,2,0.8358046595534234,0.4666666666666667,0.6363636363636364,0.875,0.5,0.3181818181818182,0.4375,0.25,0.25,0.14285714285714285,0.3122996456959927,0.32909925778706867,0.5797522068023682,0.7458653450012207,0.18912088871002197,0.8947992324829102,0.10520076751708984,0.7269589900970459,0.2730410099029541,0.7975671995814541,0.4666666666666667,0.6363636363636364,0.875,0.5,0.3181818181818182,0.4375,0.25,0.25,0.21428571428571427,0.2972962379845598,0.2972848852475484,0.5484582185745239,0.7458653450012207,0.18912088871002197,0.8947992324829102,0.10520076751708984,0.7269589900970459,0.2730410099029541,-0.03181437253952024,0.0,-0.015003407711432937,0.0,0.0,0.0,0.0,0.0,0.0,0.0,0.07142857142857142,0.0,0.0,0.0,-0.03823745997196937,0.0,-0.03129398822784424,0.0,0.0
18,6,1,"[1, 7, 9, 13, 14, 15]","[0, 2, 3, 4, 5, 6, 8, 10, 11, 12, 16, 17]",6,12,2,0.9174689348397754,0.4166666666666667,0.5882352941176471,0.8333333333333334,0.45454545454545453,0.29411764705882354,0.4166666666666667,0.22727272727272727,0.22727272727272727,0.09090909090909091,0.34593451423406524,0.4068983793258667,0.6547583937644958,0.7323707342147827,0.2010282278060913,0.8893142342567444,0.11068576574325562,0.7086292505264282,0.2913707494735718,0.8713889213408673,0.4166666666666667,0.5882352941176471,0.8333333333333334,0.45454545454545453,0.29411764705882354,0.4166666666666667,0.22727272727272727,0.22727272727272727,0.09090909090909091,0.32763552709334975,0.26134603222211206,0.6129124164581299,0.7323707342147827,0.2010282278060913,0.8893142342567444,0.11068576574325562,0.7086292505264282,0.2913707494735718,-0.14555234710375464,0.0,-0.018298987140715484,0.0,0.0,0.0,0.0,0.0,0.0,0.0,0.0,0.0,0.0,0.0,-0.04608001349890811,0.0,-0.04184597730636597,0.0,0.0
18,6,2,"[2, 3, 6, 8, 12, 17]","[0, 1, 4, 5, 7, 9, 10, 11, 13, 14, 15, 16]",6,12,2,0.7577004992020825,0.5,0.6666666666666666,0.8571428571428571,0.5454545454545454,0.3333333333333333,0.42857142857142855,0.2727272727272727,0.2727272727272727,0.18181818181818182,0.28349578422713373,0.3472136904795964,0.5055201649665833,0.7456364631652832,0.18883073329925537,0.8965701460838318,0.10342985391616821,0.7257683277130127,0.2742316722869873,0.7041281619585282,0.5,0.6666666666666666,0.8571428571428571,0.5454545454545454,0.3333333333333333,0.42857142857142855,0.2727272727272727,0.2727272727272727,0.2727272727272727,0.25892400389107073,0.3002082953850428,0.46278637647628784,0.7456364631652832,0.18883073329925537,0.8965701460838318,0.10342985391616821,0.7257683277130127,0.2742316722869873,-0.04700539509455359,0.0,-0.024571780336063,0.0,0.0,0.0,0.0,0.0,0.0,0.0,0.09090909090909088,0.0,0.0,0.0,-0.05357233724355426,0.0,-0.04273378849029541,0.0,0.0
18,6,3,"[0, 4, 5, 10, 11, 16]","[1, 2, 3, 6, 7, 8, 9, 12, 13, 14, 15, 17]",6,12,2,0.6967390645745422,0.5833333333333334,0.7368421052631579,1.0,0.5833333333333334,0.3684210526315789,0.5,0.2916666666666667,0.2916666666666667,nan,0.24733267689881613,0.35825235148270923,0.47839561104774475,0.7441679239273071,0.1904078722000122,0.8953779935836792,0.10462206602096558,0.7238064408302307,0.27619361877441406,0.6466603149018333,0.5833333333333334,0.7368421052631579,1.0,0.5833333333333334,0.3684210526315789,0.5,0.2916666666666667,0.2916666666666667,nan,0.22806480877872728,0.2659465670585632,0.4323548972606659,0.7441679239273071,0.1904078722000122,0.8953779935836792,0.10462206602096558,0.7238064408302307,0.27619361877441406,-0.09230578442414605,0.0,-0.01926786812008885,0.0,0.0,0.0,0.0,0.0,0.0,0.0,nan,0.0,0.0,0.0,-0.05007874967270887,0.0,-0.04604071378707886,0.0,0.0
18,9,1,"[4, 6, 7, 8, 10, 11, 13, 15, 17]","[0, 1, 2, 3, 5, 9, 12, 14, 16]",9,9,2,0.8327222447630107,0.3333333333333333,0.5,0.75,0.375,0.25,0.375,0.1875,0.1875,0.125,0.31826975224520004,0.38016794125239056,0.5766634941101074,0.7429476976394653,0.19162613153457642,0.891947329044342,0.10805267095565796,0.7248004674911499,0.2751995325088501,0.7939615839398896,0.3333333333333333,0.5,0.75,0.375,0.25,0.375,0.1875,0.1875,0.125,0.2995388794518963,0.3780383004082574,0.546133816242218,0.7429476976394653,0.19162613153457642,0.891947329044342,0.10805267095565796,0.7248004674911499,0.2751995325088501,-0.0021296408441331405,0.0,-0.018730872793303766,0.0,0.0,0.0,0.0,0.0,0.0,0.0,0.0,0.0,0.0,0.0,-0.03876066082312113,0.0,-0.030529677867889404,0.0,0.0
18,9,2,"[0, 1, 2, 3, 5, 9, 12, 14, 16]","[4, 6, 7, 8, 10, 11, 13, 15, 17]",9,9,2,0.7485390333875235,0.6666666666666666,0.8,1.0,0.6666666666666666,0.4,0.5,0.3333333333333333,0.3333333333333333,nan,0.2662336602446385,0.43290572033988095,0.540618896484375,0.7385022044181824,0.19521838426589966,0.8955609202384949,0.10443896055221558,0.7140021920204163,0.28599774837493896,0.6881059153622993,0.6666666666666666,0.8,1.0,0.6666666666666666,0.4,0.5,0.3333333333333333,0.3333333333333333,nan,0.24252772924958313,0.4119640654987759,0.4843229055404663,0.7385022044181824,0.19521838426589966,0.8955609202384949,0.10443896055221558,0.7140021920204163,0.28599774837493896,-0.02094165484110505,0.0,-0.023705930995055385,0.0,0.0,0.0,0.0,0.0,0.0,0.0,nan,0.0,0.0,0.0,-0.06043311802522422,0.0,-0.05629599094390869,0.0,0.0
18,12,1,"[0, 1, 2, 3, 4, 5, 6, 8, 11, 12, 16, 17]","[7, 9, 10, 13, 14, 15]",12,6,2,0.6091516056646539,0.6666666666666666,0.8,1.0,0.6666666666666666,0.4,0.5,0.3333333333333333,0.3333333333333333,nan,0.21388108960258853,0.28984201947848004,0.3904125392436981,0.762464702129364,0.17393416166305542,0.9063093662261963,0.09369063377380371,0.7458222508430481,0.2541777491569519,0.5639212890644114,0.6666666666666666,0.8,1.0,0.6666666666666666,0.4,0.5,0.3333333333333333,0.3333333333333333,nan,0.19297116610127274,0.12990060448646543,0.3580204248428345,0.762464702129364,0.17393416166305542,0.9063093662261963,0.09369063377380371,0.7458222508430481,0.2541777491569519,-0.1599414149920146,0.0,-0.02090992350131579,0.0,0.0,0.0,0.0,0.0,0.0,0.0,nan,0.0,0.0,0.0,-0.04523031660024246,0.0,-0.03239211440086365,0.0,0.0
18,12,2,"[0, 1, 2, 3, 4, 5, 6, 8, 9, 11, 16, 17]","[7, 10, 12, 13, 14, 15]",12,6,2,0.5135913195399028,0.8333333333333334,0.9090909090909091,1.0,0.8333333333333334,0.45454545454545453,0.5,0.4166666666666667,0.4166666666666667,nan,0.16767051334019692,0.2395796378453572,0.31394556164741516,0.765339195728302,0.17093050479888916,0.9077697396278381,0.09223014116287231,0.7503690123558044,0.24963092803955078,0.4724347192374792,0.8333333333333334,0.9090909090909091,1.0,0.8333333333333334,0.45454545454545453,0.5,0.4166666666666667,0.4166666666666667,nan,0.1491341058398953,0.1621656815210978,0.287090003490448,0.765339195728302,0.17093050479888916,0.9077697396278381,0.09223014116287231,0.7503690123558044,0.24963092803955078,-0.0774139563242594,0.0,-0.01853640750030161,0.0,0.0,0.0,0.0,0.0,0.0,0.0,nan,0.0,0.0,0.0,-0.041156600302423574,0.0,-0.026855558156967163,0.0,0.0
18,12,3,"[1, 2, 3, 4, 7, 8, 9, 10, 12, 14, 16, 17]","[0, 5, 6, 11, 13, 15]",12,6,2,0.7991214790300035,0.5,0.6666666666666666,0.75,0.6,0.3333333333333333,0.375,0.3,0.3,0.2,0.299803512240387,0.40546276172002155,0.6070060729980469,0.7361518740653992,0.1964004635810852,0.8950715661048889,0.10492843389511108,0.7121274471282959,0.2878725528717041,0.749745951365043,0.5,0.6666666666666666,0.75,0.6,0.3333333333333333,0.375,0.3,0.3,0.4,0.27686567557913727,0.3932233850161235,0.5729447603225708,0.7361518740653992,0.1964004635810852,0.8950715661048889,0.10492843389511108,0.7121274471282959,0.2878725528717041,-0.012239376703898075,0.0,-0.02293783666124971,0.0,0.0,0.0,0.0,0.0,0.0,0.0,0.2,0.0,0.0,0.0,-0.04937552766496056,0.0,-0.034061312675476074,0.0,0.0
19,3,1,"[11, 13, 14]","[0, 1, 2, 3, 4, 5, 6, 7, 8, 9, 10, 12, 15, 16, 17]",3,15,2,0.558172284844277,0.6666666666666666,0.782608695652174,0.8181818181818182,0.75,0.5341614906832298,0.5340909090909092,0.5416666666666666,0.5416666666666666,0.6388888888888888,0.19455422481503007,0.199176836013794,1.055682897567749,0.7410277128219604,0.20500558614730835,0.8273755311965942,0.17262446880340576,0.7626132965087891,0.23738670349121094,0.5573533251221547,0.6666666666666666,0.782608695652174,0.8181818181818182,0.75,0.5341614906832298,0.5340909090909092,0.5416666666666666,0.5416666666666666,0.6388888888888888,0.19422951816912484,0.19732343355814616,0.3920568823814392,0.7410277128219604,0.20500558614730835,0.8273755311965942,0.17262446880340576,0.7626132965087891,0.23738670349121094,-0.001853402455647829,0.0,-0.00032470664590522613,0.0,0.0,0.0,0.0,0.0,0.0,0.0,0.0,0.0,0.0,0.0,-0.0008189597221222034,0.0,-0.6636260151863098,0.0,0.0
19,3,2,"[0, 6, 12]","[1, 2, 3, 4, 5, 7, 8, 9, 10, 11, 13, 14, 15, 16, 17]",3,15,2,0.5614854523212653,0.6666666666666666,0.782608695652174,0.75,0.8181818181818182,0.5341614906832298,0.5416666666666666,0.5340909090909092,0.5340909090909092,0.7045454545454546,0.1962248383734119,0.2022441307703654,0.42202261090278625,0.7138120532035828,0.22983050346374512,0.7916197776794434,0.20838022232055664,0.7487192749977112,0.2512807250022888,0.5746222773670716,0.6,0.75,0.6923076923076923,0.8181818181818182,0.375,0.34615384615384615,0.4090909090909091,0.4090909090909091,0.7045454545454546,0.20318055864051263,0.22657111485799156,0.4477229118347168,0.7138120532035828,0.22983050346374512,0.7916197776794434,0.20838022232055664,0.7487192749977112,0.2512807250022888,0.024326984087626152,0.0,0.006955720267100729,-0.05769230769230771,-0.19551282051282048,0.0,-0.12500000000000006,0.0,0.0,-0.12500000000000006,0.0,-0.15916149068322982,-0.06666666666666665,0.0,0.013136825045806266,0.0,0.025700300931930542,-0.03260869565217395,0.0
19,3,3,"[1, 3, 7]","[0, 2, 4, 5, 6, 8, 9, 10, 11, 12, 13, 14, 15, 16, 17]",3,15,2,0.44889831095970617,0.8,0.88,0.8461538461538461,0.9166666666666666,0.64,0.6730769230769231,0.625,0.625,0.7777777777777778,0.14523876151164603,0.2475199580192566,0.35080263018608093,0.6956461668014526,0.2463017702102661,0.7717318534851074,0.22826814651489258,0.7356646060943604,0.26433539390563965,0.45297046785443534,0.8,0.88,0.8461538461538461,0.9166666666666666,0.64,0.6730769230769231,0.625,0.625,0.7777777777777778,0.14807435570677832,0.24351323843002318,0.3622003495693207,0.6956461668014526,0.2463017702102661,0.7717318534851074,0.22826814651489258,0.7356646060943604,0.26433539390563965,-0.004006719589233432,0.0,0.002835594195132296,0.0,0.0,0.0,0.0,0.0,0.0,0.0,0.0,0.0,0.0,0.0,0.004072156894729173,0.0,0.011397719383239746,0.0,0.0
19,3,4,"[9, 10, 15]","[0, 1, 2, 3, 4, 5, 6, 7, 8, 11, 12, 13, 14, 16, 17]",3,15,2,0.5986512913574821,0.6666666666666666,0.782608695652174,0.8181818181818182,0.75,0.5341614906832298,0.5340909090909092,0.5416666666666666,0.5416666666666666,0.5555555555555556,0.21082088820390593,0.21108726263046265,0.4266061782836914,0.7397753000259399,0.20658069849014282,0.8220454454421997,0.1779545545578003,0.7647931575775146,0.23520684242248535,0.6197543909593513,0.6666666666666666,0.782608695652174,0.8181818181818182,0.75,0.5341614906832298,0.5340909090909092,0.5416666666666666,0.5416666666666666,0.5555555555555556,0.21901041712955766,0.1592478354771932,0.44153133034706116,0.7397753000259399,0.20658069849014282,0.8220454454421997,0.1779545545578003,0.7647931575775146,0.23520684242248535,-0.051839427153269446,0.0,0.008189528925651723,0.0,0.0,0.0,0.0,0.0,0.0,0.0,0.0,0.0,0.0,0.0,0.02110309960186918,0.0,0.014925152063369751,0.0,0.0
19,3,5,"[4, 8, 17]","[0, 1, 2, 3, 5, 6, 7, 9, 10, 11, 12, 13, 14, 15, 16]",3,15,2,0.6244316143406322,0.6,0.75,0.75,0.75,0.375,0.375,0.375,0.375,0.5277777777777778,0.22330926446596575,0.23884749809900918,0.4607008397579193,0.7162401676177979,0.2276971936225891,0.7915477752685547,0.2084522247314453,0.7530578970909119,0.24694210290908813,0.620550818303759,0.6,0.75,0.75,0.75,0.375,0.375,0.375,0.375,0.5277777777777778,0.22156461835661018,0.194459875424703,0.4607970118522644,0.7162401676177979,0.2276971936225891,0.7915477752685547,0.2084522247314453,0.7530578970909119,0.24694210290908813,-0.04438762267430618,0.0,-0.0017446461093555687,0.0,0.0,0.0,0.0,0.0,0.0,0.0,0.0,0.0,0.0,0.0,-0.003880796036873191,0.0,9.617209434509277e-05,0.0,0.0
19,3,6,"[2, 5, 16]","[0, 1, 3, 4, 6, 7, 8, 9, 10, 11, 12, 13, 14, 15, 17]",3,15,2,0.6220897237110342,0.6,0.7272727272727273,0.7272727272727273,0.7272727272727273,0.48863636363636365,0.48863636363636365,0.48863636363636365,0.48863636363636365,0.6590909090909092,0.2253929487967742,0.32258030970891316,0.4671785533428192,0.7124363780021667,0.23090213537216187,0.7918658256530762,0.20813417434692383,0.7463299036026001,0.2536700963973999,0.6180591035944658,0.5333333333333333,0.6956521739130435,0.6666666666666666,0.7272727272727273,0.34782608695652173,0.3333333333333333,0.36363636363636365,0.36363636363636365,0.6363636363636364,0.2240286341527966,0.2681613087654114,0.47291481494903564,0.7124363780021667,0.23090213537216187,0.7918658256530762,0.20813417434692383,0.7463299036026001,0.2536700963973999,-0.05441900094350177,0.0,-0.0013643146439775988,-0.06060606060606066,-0.15530303030303033,0.0,-0.125,0.0,0.0,-0.125,-0.022727272727272818,-0.14081027667984192,-0.06666666666666665,0.0,-0.004030620116568406,0.0,0.005736261606216431,-0.031620553359683834,0.0
19,6,1,"[5, 11, 13, 15, 16, 17]","[0, 1, 2, 3, 4, 6, 7, 8, 9, 10, 12, 14]",6,12,2,0.6419703329921057,0.5833333333333334,0.7058823529411765,0.75,0.6666666666666666,0.4957983193277311,0.5,0.5,0.5,0.5925925925925926,0.2314740202360738,0.29067135353883106,0.461877703666687,0.7552770376205444,0.19152754545211792,0.8470461964607239,0.15295380353927612,0.7698987126350403,0.23010128736495972,0.6216252518761759,0.5833333333333334,0.7058823529411765,0.75,0.6666666666666666,0.4957983193277311,0.5,0.5,0.5,0.5925925925925926,0.22455271879163727,0.30203255514303845,0.44929200410842896,0.7552770376205444,0.19152754545211792,0.8470461964607239,0.15295380353927612,0.7698987126350403,0.23010128736495972,0.011361201604207394,0.0,-0.006921301444436534,0.0,0.0,0.0,0.0,0.0,0.0,0.0,0.0,0.0,0.0,0.0,-0.02034508111592981,0.0,-0.012585699558258057,0.0,0.0
19,6,2,"[0, 3, 7, 8, 9, 12]","[1, 2, 4, 5, 6, 10, 11, 13, 14, 15, 16, 17]",6,12,2,0.4782921511402595,0.75,0.8571428571428571,0.8181818181818182,0.9,0.42857142857142855,0.4090909090909091,0.45,0.45,0.6499999999999999,0.15939885036677506,0.2293180674314499,0.4111908972263336,0.7021490931510925,0.24151372909545898,0.771277904510498,0.22872209548950195,0.745694637298584,0.254305362701416,0.4976790721775605,0.75,0.8571428571428571,0.8181818181818182,0.9,0.42857142857142855,0.4090909090909091,0.45,0.45,0.6,0.16682095282189144,0.24558652937412262,0.42399442195892334,0.7021490931510925,0.24151372909545898,0.771277904510498,0.22872209548950195,0.745694637298584,0.254305362701416,0.01626846194267273,0.0,0.007422102455116375,0.0,0.0,0.0,0.0,0.0,0.0,0.0,-0.04999999999999993,0.0,0.0,0.0,0.019386921037300997,0.0,0.012803524732589722,0.0,0.0
19,6,3,"[1, 2, 4, 6, 10, 14]","[0, 3, 5, 7, 8, 9, 11, 12, 13, 15, 16, 17]",6,12,2,0.586603041911222,0.6666666666666666,0.7777777777777778,0.7777777777777778,0.7777777777777778,0.5555555555555556,0.5555555555555556,0.5555555555555556,0.5555555555555556,0.6296296296296297,0.20689792934913695,0.20210855205853775,0.4601875841617584,0.7020434141159058,0.2401106357574463,0.7797688841819763,0.22023111581802368,0.7400099039077759,0.2599900960922241,0.5944847578212931,0.5833333333333334,0.7368421052631579,0.7,0.7777777777777778,0.3684210526315789,0.35,0.3888888888888889,0.3888888888888889,0.6296296296296297,0.21159922986275106,0.2793563057978948,0.4734579026699066,0.7020434141159058,0.2401106357574463,0.7797688841819763,0.22023111581802368,0.7400099039077759,0.2599900960922241,0.07724775373935702,0.0,0.004701300513614115,-0.07777777777777783,-0.2055555555555556,0.0,-0.16666666666666669,0.0,0.0,-0.16666666666666669,0.0,-0.18713450292397665,-0.08333333333333326,0.0,0.00788171591007103,0.0,0.013270318508148193,-0.040935672514619936,0.0
19,9,1,"[1, 2, 5, 6, 7, 9, 11, 12, 17]","[0, 3, 4, 8, 10, 13, 14, 15, 16]",9,9,2,0.512521761439044,0.7777777777777778,0.8571428571428571,0.8571428571428571,0.8571428571428571,0.6785714285714286,0.6785714285714286,0.6785714285714286,0.6785714285714286,0.7142857142857142,0.17035198235025836,0.2240577207671271,0.42128756642341614,0.7056354284286499,0.2379744052886963,0.7794169187545776,0.22058308124542236,0.7446342706680298,0.2553657293319702,0.516447710601361,0.6666666666666666,0.8,0.75,0.8571428571428571,0.4,0.375,0.42857142857142855,0.42857142857142855,0.7142857142857142,0.17227621720979996,0.27305397722456193,0.4377428889274597,0.7056354284286499,0.2379744052886963,0.7794169187545776,0.22058308124542236,0.7446342706680298,0.2553657293319702,0.04899625645743483,0.0,0.0019242348595416015,-0.1071428571428571,-0.3035714285714286,0.0,-0.25000000000000006,0.0,0.0,-0.25000000000000006,0.0,-0.2785714285714286,-0.11111111111111116,0.0,0.003925949162316922,0.0,0.01645532250404358,-0.05714285714285705,0.0
19,9,2,"[0, 3, 4, 8, 10, 13, 14, 15, 16]","[1, 2, 5, 6, 7, 9, 11, 12, 17]",9,9,2,0.6253899142258379,0.5555555555555556,0.7142857142857143,0.7142857142857143,0.7142857142857143,0.35714285714285715,0.35714285714285715,0.35714285714285715,0.35714285714285715,0.6428571428571428,0.22816263771996662,0.28826092349158394,0.496547669172287,0.7340108156204224,0.21079349517822266,0.8193116784095764,0.18068832159042358,0.7591012120246887,0.24089878797531128,0.6349897737507413,0.5555555555555556,0.7142857142857143,0.7142857142857143,0.7142857142857143,0.35714285714285715,0.35714285714285715,0.35714285714285715,0.35714285714285715,0.5714285714285714,0.232700468585187,0.2878095904986063,0.5120419263839722,0.7340108156204224,0.21079349517822266,0.8193116784095764,0.18068832159042358,0.7591012120246887,0.24089878797531128,-0.00045133299297761553,0.0,0.004537830865220388,0.0,0.0,0.0,0.0,0.0,0.0,0.0,-0.0714285714285714,0.0,0.0,0.0,0.009599859524903387,0.0,0.01549425721168518,0.0,0.0
19,12,1,"[0, 1, 2, 3, 4, 5, 7, 9, 11, 12, 13, 15]","[6, 8, 10, 14, 16, 17]",12,6,2,0.3899387100855746,0.8333333333333334,0.8888888888888888,1.0,0.8,0.7777777777777777,0.75,0.9,0.9,0.8,0.12192192617045287,0.2911971608797709,0.3250163793563843,0.6694589257240295,0.2715277671813965,0.7445947527885437,0.2554052472114563,0.7123496532440186,0.28765034675598145,0.39310107353667245,0.6666666666666666,0.8,0.8,0.8,0.4,0.4,0.4,0.4,0.8,0.12457723886771843,0.2953850229581197,0.32550787925720215,0.6694589257240295,0.2715277671813965,0.7445947527885437,0.2554052472114563,0.7123496532440186,0.28765034675598145,0.004187862078348814,0.0,0.0026553126972655577,-0.19999999999999996,-0.35,0.0,-0.5,0.0,0.0,-0.5,0.0,-0.37777777777777766,-0.16666666666666674,0.0,0.003162363451097827,0.0,0.0004914999008178711,-0.0888888888888888,0.0
19,12,2,"[0, 1, 2, 4, 9, 11, 12, 13, 14, 15, 16, 17]","[3, 5, 6, 7, 8, 10]",12,6,2,0.6933768038983334,0.5,0.5714285714285714,1.0,0.4,0.4857142857142857,0.625,0.7,0.7,0.4,0.25522585844883167,0.3127161165078481,0.4799683392047882,0.7813335657119751,0.1679365038871765,0.885469377040863,0.11453062295913696,0.7786576151847839,0.22134238481521606,0.6638250326538057,0.5,0.5714285714285714,1.0,0.4,0.4857142857142857,0.625,0.7,0.7,0.4,0.24339105712315767,0.4472204546133677,0.454863041639328,0.7813335657119751,0.1679365038871765,0.885469377040863,0.11453062295913696,0.7786576151847839,0.22134238481521606,0.1345043381055196,0.0,-0.011834801325673994,0.0,0.0,0.0,0.0,0.0,0.0,0.0,0.0,0.0,0.0,0.0,-0.02955177124452779,0.0,-0.025105297565460205,0.0,0.0
19,12,3,"[1, 2, 3, 6, 7, 8, 10, 12, 13, 14, 16, 17]","[0, 4, 5, 9, 11, 15]",12,6,2,0.38886115782840824,0.8333333333333334,0.9090909090909091,0.8333333333333334,1.0,0.45454545454545453,0.4166666666666667,0.5,0.5,0.8,0.12068614725307943,0.2921205759048462,0.303840309381485,0.7249956727027893,0.21822816133499146,0.8113879561424255,0.18861210346221924,0.7521558403968811,0.2478441596031189,0.3970617045223352,0.8333333333333334,0.9090909090909091,0.8333333333333334,1.0,0.45454545454545453,0.4166666666666667,0.5,0.5,0.8,0.12590341040494243,0.2927894592285156,0.3166571259498596,0.7249956727027893,0.21822816133499146,0.8113879561424255,0.18861210346221924,0.7521558403968811,0.2478441596031189,0.0006688833236694336,0.0,0.005217263151863008,0.0,0.0,0.0,0.0,0.0,0.0,0.0,0.0,0.0,0.0,0.0,0.008200546693926947,0.0,0.012816816568374634,0.0,0.0
20,3,1,"[0, 1, 9]","[2, 3, 4, 5, 6, 7, 8, 10, 11, 12, 13, 14, 15, 16, 17]",3,15,2,0.6920635713029303,0.6,0.6666666666666666,1.0,0.5,0.5833333333333333,0.6666666666666666,0.75,0.75,1.0,0.25163492908955987,0.25867321888605754,1.2650514841079712,0.7881167531013489,0.17161929607391357,0.9033939838409424,0.09660607576370239,0.7533674836158752,0.24663257598876953,0.6719805211254823,0.6,0.6666666666666666,1.0,0.5,0.5833333333333333,0.6666666666666666,0.75,0.75,1.0,0.24260229112119744,0.25543231964111324,0.4385899603366852,0.7881167531013489,0.17161929607391357,0.9033939838409424,0.09660607576370239,0.75336754322052,0.24663251638412476,-0.0032408992449443064,5.960464477539063e-08,-0.009032637968362428,0.0,0.0,0.0,0.0,0.0,-5.960464477539063e-08,0.0,0.0,0.0,0.0,0.0,-0.020083050177447936,0.0,-0.826461523771286,0.0,0.0
20,3,2,"[4, 5, 10]","[0, 1, 2, 3, 6, 7, 8, 9, 11, 12, 13, 14, 15, 16, 17]",3,15,2,0.7939384410397364,0.4666666666666667,0.5555555555555556,0.8333333333333334,0.4166666666666667,0.4444444444444444,0.5277777777777778,0.5416666666666666,0.5416666666666666,0.8055555555555556,0.295486995500364,0.300654931863149,0.542784571647644,0.7599320411682129,0.19737207889556885,0.891072154045105,0.10892784595489502,0.7141836881637573,0.2858163118362427,0.7879787115805762,0.4666666666666667,0.5555555555555556,0.8333333333333334,0.4166666666666667,0.4444444444444444,0.5277777777777778,0.5416666666666666,0.5416666666666666,0.7777777777777779,0.29249437955350455,0.23890549739201863,0.5366783142089844,0.7599320411682129,0.19737207889556885,0.891072154045105,0.10892784595489502,0.7141836881637573,0.2858163118362427,-0.06174943447113038,0.0,-0.002992615946859456,0.0,0.0,0.0,0.0,0.0,0.0,0.0,-0.02777777777777768,0.0,0.0,0.0,-0.0059597294591602346,0.0,-0.006106257438659668,0.0,0.0
20,3,3,"[8, 11, 16]","[0, 1, 2, 3, 4, 5, 6, 7, 9, 10, 12, 13, 14, 15, 17]",3,15,2,0.7375830981237914,0.5333333333333333,0.5882352941176471,0.8333333333333334,0.45454545454545453,0.5248868778280543,0.5833333333333334,0.6022727272727273,0.6022727272727273,0.8636363636363636,0.2705931867376052,0.23877294460932413,0.4965864419937134,0.7877525091171265,0.17166411876678467,0.9033745527267456,0.0966254472732544,0.7532971501350403,0.24670284986495972,0.7071017794994272,0.5333333333333333,0.5882352941176471,0.8333333333333334,0.45454545454545453,0.5248868778280543,0.5833333333333334,0.6022727272727273,0.6022727272727273,0.8636363636363636,0.2575608909255411,0.27795044581095374,0.4631742238998413,0.7877525091171265,0.17166411876678467,0.9033745527267456,0.0966254472732544,0.7532971501350403,0.24670284986495972,0.039177501201629605,0.0,-0.01303229581206411,0.0,0.0,0.0,0.0,0.0,0.0,0.0,0.0,0.0,0.0,0.0,-0.030481318624364206,0.0,-0.03341221809387207,0.0,0.0
20,3,4,"[2, 13, 17]","[0, 1, 3, 4, 5, 6, 7, 8, 9, 10, 11, 12, 14, 15, 16]",3,15,2,0.7078682056137467,0.6,0.7,0.875,0.5833333333333334,0.55,0.5803571428571428,0.625,0.625,0.8611111111111112,0.25535077620859015,0.20739969809850056,0.4687592089176178,0.7741456031799316,0.1841636300086975,0.8974410891532898,0.1025589108467102,0.7342316508293152,0.2657683491706848,0.6894570076582137,0.6,0.7,0.875,0.5833333333333334,0.55,0.5803571428571428,0.625,0.625,0.8333333333333334,0.2471452077013276,0.307699457804362,0.45120033621788025,0.7741456031799316,0.1841636300086975,0.8974410891532898,0.1025589108467102,0.7342316508293152,0.2657683491706848,0.10029975970586141,0.0,-0.008205568507262534,0.0,0.0,0.0,0.0,0.0,0.0,0.0,-0.02777777777777779,0.0,0.0,0.0,-0.018411197955533032,0.0,-0.01755887269973755,0.0,0.0
20,3,5,"[6, 7, 12]","[0, 1, 2, 3, 4, 5, 8, 9, 10, 11, 13, 14, 15, 16, 17]",3,15,2,0.7872867762498676,0.4666666666666667,0.5555555555555556,0.8333333333333334,0.4166666666666667,0.4444444444444444,0.5277777777777778,0.5416666666666666,0.5416666666666666,0.8055555555555556,0.293154269270116,0.23359357913335166,0.5410105586051941,0.7653714418411255,0.19230693578720093,0.8937438130378723,0.10625618696212769,0.721642255783081,0.27835774421691895,0.7784726855666946,0.4666666666666667,0.5555555555555556,0.8333333333333334,0.4166666666666667,0.4444444444444444,0.5277777777777778,0.5416666666666666,0.5416666666666666,0.7777777777777779,0.2884561353910475,0.23647078275680541,0.5338461995124817,0.7653714418411255,0.19230693578720093,0.8937438130378723,0.10625618696212769,0.721642255783081,0.27835774421691895,0.0028772036234537557,0.0,-0.004698133879068533,0.0,0.0,0.0,0.0,0.0,0.0,0.0,-0.02777777777777768,0.0,0.0,0.0,-0.00881409068317307,0.0,-0.007164359092712402,0.0,0.0
20,3,6,"[3, 14, 15]","[0, 1, 2, 4, 5, 6, 7, 8, 9, 10, 11, 12, 13, 16, 17]",3,15,2,0.6403106492503667,0.6666666666666666,0.7368421052631579,0.875,0.6363636363636364,0.6411483253588517,0.6517857142857143,0.6931818181818181,0.6931818181818181,0.9090909090909091,0.22635352531383385,0.20606748263041175,0.40097323060035706,0.7710596919059753,0.18724626302719116,0.8957402110099792,0.10425978899002075,0.7297672629356384,0.2702327370643616,0.5981685310931194,0.6666666666666666,0.7368421052631579,0.875,0.6363636363636364,0.6411483253588517,0.6517857142857143,0.6931818181818181,0.6931818181818181,0.9090909090909091,0.2069313028968827,0.17829946676890054,0.3592298924922943,0.7710596919059753,0.18724626302719116,0.8957402110099792,0.10425978899002075,0.7297672629356384,0.2702327370643616,-0.027768015861511203,0.0,-0.019422222416951157,0.0,0.0,0.0,0.0,0.0,0.0,0.0,0.0,0.0,0.0,0.0,-0.04214211815724733,0.0,-0.041743338108062744,0.0,0.0
20,6,1,"[1, 2, 7, 8, 10, 15]","[0, 3, 4, 5, 6, 9, 11, 12, 13, 14, 16, 17]",6,12,2,0.7383894964819029,0.5,0.5714285714285714,0.8,0.4444444444444444,0.4857142857142857,0.5428571428571429,0.5555555555555556,0.5555555555555556,0.8148148148148149,0.2711613186682658,0.20856641232967374,0.49519991874694824,0.7775065898895264,0.18116915225982666,0.8996661901473999,0.10033392906188965,0.7379956245422363,0.26200443506240845,0.7002695324348133,0.5,0.5714285714285714,0.8,0.4444444444444444,0.4857142857142857,0.5428571428571429,0.5555555555555556,0.5555555555555556,0.8148148148148149,0.2540798560173135,0.20706439514954883,0.4573117196559906,0.7775065898895264,0.18116915225982666,0.8996661901473999,0.10033392906188965,0.7379956245422363,0.26200443506240845,-0.0015020171801249094,0.0,-0.01708146265095234,0.0,0.0,0.0,0.0,0.0,0.0,0.0,0.0,0.0,0.0,0.0,-0.038119964047089616,0.0,-0.03788819909095764,0.0,0.0
20,6,2,"[0, 3, 4, 6, 11, 12]","[1, 2, 5, 7, 8, 9, 10, 13, 14, 15, 16, 17]",6,12,2,0.7565156259470261,0.5833333333333334,0.6666666666666666,1.0,0.5,0.5555555555555556,0.6428571428571428,0.75,0.75,1.0,0.277612216067427,0.3063432574272156,0.5497864484786987,0.760415256023407,0.19694751501083374,0.8905463218688965,0.10945367813110352,0.7155585885047913,0.28444141149520874,0.7541632531921362,0.5833333333333334,0.6666666666666666,1.0,0.5,0.5555555555555556,0.6428571428571428,0.75,0.75,1.0,0.27576979989620537,0.3212098330259323,0.5486648082733154,0.760415256023407,0.19694751501083374,0.8905463218688965,0.10945367813110352,0.7155585885047913,0.28444141149520874,0.014866575598716736,0.0,-0.0018424161712216058,0.0,0.0,0.0,0.0,0.0,0.0,0.0,0.0,0.0,0.0,0.0,-0.0023523727548899753,0.0,-0.0011216402053833008,0.0,0.0
20,6,3,"[5, 9, 13, 14, 16, 17]","[0, 1, 2, 3, 4, 6, 7, 8, 10, 11, 12, 15]",6,12,2,0.6846191065059667,0.5833333333333334,0.6666666666666666,0.8333333333333334,0.5555555555555556,0.5555555555555556,0.5833333333333334,0.6111111111111112,0.6111111111111112,0.8518518518518519,0.24751272301400773,0.19273365040620166,0.4568898677825928,0.7852635979652405,0.17407101392745972,0.9021702408790588,0.09782975912094116,0.749687671661377,0.25031232833862305,0.6551877989748801,0.5833333333333334,0.6666666666666666,0.8333333333333334,0.5555555555555556,0.5555555555555556,0.5833333333333334,0.6111111111111112,0.6111111111111112,0.8518518518518519,0.2343372593700861,0.1738849530617396,0.42683640122413635,0.7852635979652405,0.17407101392745972,0.9021702408790588,0.09782975912094116,0.749687671661377,0.25031232833862305,-0.018848697344462068,0.0,-0.013175463643921637,0.0,0.0,0.0,0.0,0.0,0.0,0.0,0.0,0.0,0.0,0.0,-0.02943130753108658,0.0,-0.03005346655845642,0.0,0.0
20,9,1,"[1, 5, 6, 7, 8, 12, 13, 14, 16]","[0, 2, 3, 4, 9, 10, 11, 15, 17]",9,9,2,0.9596995373004675,0.2222222222222222,0.2222222222222222,0.5,0.14285714285714285,0.2222222222222222,0.3214285714285714,0.3214285714285714,0.3214285714285714,0.5714285714285714,0.37252194636509867,0.48494097259309554,0.7599467039108276,0.7748706340789795,0.1836429238319397,0.8974525928497314,0.10254740715026855,0.7352615594863892,0.26473844051361084,0.9103039678011204,0.2222222222222222,0.2222222222222222,0.5,0.14285714285714285,0.2222222222222222,0.3214285714285714,0.3214285714285714,0.3214285714285714,0.5714285714285714,0.3520617159604418,0.47712188959121704,0.706795871257782,0.7748706340789795,0.1836429238319397,0.8974525928497314,0.10254740715026855,0.7352615594863892,0.26473844051361084,-0.007819083001878502,0.0,-0.020460230404656887,0.0,0.0,0.0,0.0,0.0,0.0,0.0,0.0,0.0,0.0,0.0,-0.04939556949934709,0.0,-0.053150832653045654,0.0,0.0
20,9,2,"[0, 2, 3, 4, 9, 10, 11, 15, 17]","[1, 5, 6, 7, 8, 12, 13, 14, 16]",9,9,2,0.4933174198175662,0.8888888888888888,0.9230769230769231,1.0,0.8571428571428571,0.8615384615384616,0.8333333333333333,0.9285714285714286,0.9285714285714286,1.0,0.15833591880212255,0.28525510761472916,0.3231186270713806,0.7739197015762329,0.1844821572303772,0.8974692821502686,0.10253071784973145,0.7335663437843323,0.2664336562156677,0.4716055657653315,0.8888888888888888,0.9230769230769231,1.0,0.8571428571428571,0.8615384615384616,0.8333333333333333,0.9285714285714286,0.9285714285714286,1.0,0.14620598270922802,0.26463670200771755,0.29981058835983276,0.7739197015762329,0.1844821572303772,0.8974692821502686,0.10253071784973145,0.7335663437843323,0.2664336562156677,-0.020618405607011614,0.0,-0.012129936092894533,0.0,0.0,0.0,0.0,0.0,0.0,0.0,0.0,0.0,0.0,0.0,-0.02171185405223469,0.0,-0.02330803871154785,0.0,0.0
20,12,1,"[1, 2, 3, 4, 5, 6, 8, 10, 11, 13, 14, 15]","[0, 7, 9, 12, 16, 17]",12,6,2,0.8411049500240607,0.5,0.6666666666666666,0.75,0.6,0.3333333333333333,0.375,0.3,0.3,0.6,0.3121131480866093,0.37055376172065735,0.5892415046691895,0.728156566619873,0.22647219896316528,0.8778198957443237,0.12218010425567627,0.6692357063293457,0.3307642936706543,0.7969949617811461,0.5,0.6666666666666666,0.75,0.6,0.3333333333333333,0.375,0.3,0.3,0.6,0.29430556447889344,0.3610880374908447,0.5459814071655273,0.728156566619873,0.22647219896316528,0.8778198957443237,0.12218010425567627,0.6692357063293457,0.3307642936706543,-0.009465724229812622,0.0,-0.017807583607715838,0.0,0.0,0.0,0.0,0.0,0.0,0.0,0.0,0.0,0.0,0.0,-0.044109988242914566,0.0,-0.04326009750366211,0.0,0.0
20,12,2,"[0, 1, 3, 4, 6, 8, 9, 12, 13, 14, 15, 16]","[2, 5, 7, 10, 11, 17]",12,6,2,0.6997405031264409,0.5,0.5714285714285714,1.0,0.4,0.4857142857142857,0.625,0.7,0.7,1.0,0.2582224856096329,0.21815202633539835,0.4808458983898163,0.8014222383499146,0.1595151424407959,0.909047544002533,0.09095245599746704,0.7719221711158752,0.22807782888412476,0.6544948773969087,0.5,0.5714285714285714,1.0,0.4,0.4857142857142857,0.625,0.7,0.7,1.0,0.2366800223786034,0.4494693080584208,0.4341370463371277,0.8014222383499146,0.1595151424407959,0.909047544002533,0.09095245599746704,0.7719221711158752,0.22807782888412476,0.23131728172302243,0.0,-0.021542463231029513,0.0,0.0,0.0,0.0,0.0,0.0,0.0,0.0,0.0,0.0,0.0,-0.04524562572953217,0.0,-0.0467088520526886,0.0,0.0
20,12,3,"[0, 1, 2, 4, 5, 7, 10, 13, 14, 15, 16, 17]","[3, 6, 8, 9, 11, 12]",12,6,2,0.8339845845723263,0.5,0.5714285714285714,1.0,0.4,0.4857142857142857,0.625,0.7,0.7,1.0,0.3149263875750953,0.5285883049170176,0.6119100451469421,0.7731572985649109,0.18538719415664673,0.8945081830024719,0.10549181699752808,0.7347173690795898,0.26528263092041016,0.8013662430195231,0.5,0.5714285714285714,1.0,0.4,0.4857142857142857,0.625,0.7,0.7,1.0,0.3002175270701584,0.2983759542306264,0.576633632183075,0.7731572985649109,0.18538719415664673,0.8945081830024719,0.10549181699752808,0.7347173690795898,0.26528263092041016,-0.23021235068639118,0.0,-0.01470886050493686,0.0,0.0,0.0,0.0,0.0,0.0,0.0,0.0,0.0,0.0,0.0,-0.03261834155280319,0.0,-0.03527641296386719,0.0,0.0
21,3,1,"[2, 3, 10]","[0, 1, 4, 5, 6, 7, 8, 9, 11, 12, 13, 14, 15, 16, 17]",3,15,2,0.8843148303003855,0.5333333333333333,0.6666666666666666,0.7,0.6363636363636364,0.4444444444444444,0.44999999999999996,0.4431818181818182,0.4431818181818182,0.4545454545454546,0.3146409845856549,0.3491297086079916,1.6816757917404175,0.7420044541358948,0.19343215227127075,0.8979886174201965,0.10201138257980347,0.715147078037262,0.28485292196273804,0.8773705611158393,0.5333333333333333,0.6666666666666666,0.7,0.6363636363636364,0.4444444444444444,0.44999999999999996,0.4431818181818182,0.4431818181818182,0.4772727272727273,0.31252397713780344,0.33742845455805465,0.659972071647644,0.7420044541358948,0.19343215227127075,0.8979886174201965,0.10201138257980347,0.715147078037262,0.28485292196273804,-0.011701254049936938,0.0,-0.002117007447851482,0.0,0.0,0.0,0.0,0.0,0.0,0.0,0.022727272727272707,0.0,0.0,0.0,-0.006944269184546159,0.0,-1.0217037200927734,0.0,0.0
21,3,2,"[5, 11, 15]","[0, 1, 2, 3, 4, 6, 7, 8, 9, 10, 12, 13, 14, 16, 17]",3,15,2,0.6879883943548836,0.6,0.7,0.7,0.7,0.55,0.55,0.55,0.55,0.6,0.24657318705350134,0.2186103304227193,0.4487028121948242,0.7518918514251709,0.18500638008117676,0.9015960097312927,0.09840399026870728,0.7283912301063538,0.27160876989364624,0.678473105358304,0.6,0.7,0.7,0.7,0.55,0.55,0.55,0.55,0.5800000000000001,0.24184154979496744,0.17974641323089602,0.4424700438976288,0.7518918514251709,0.18500638008117676,0.9015960097312927,0.09840399026870728,0.7283912301063538,0.27160876989364624,-0.03886391719182328,0.0,-0.0047316372585338995,0.0,0.0,0.0,0.0,0.0,0.0,0.0,-0.019999999999999907,0.0,0.0,0.0,-0.009515288996579607,0.0,-0.006232768297195435,0.0,0.0
21,3,3,"[13, 14, 17]","[0, 1, 2, 3, 4, 5, 6, 7, 8, 9, 10, 11, 12, 15, 16]",3,15,2,0.8474469052067772,0.6,0.7,0.7777777777777778,0.6363636363636364,0.55,0.5555555555555556,0.5681818181818181,0.5681818181818181,0.5,0.29701802317790005,0.2438539703687032,0.6410313844680786,0.7514887452125549,0.1858941912651062,0.8997805118560791,0.10021942853927612,0.7284309267997742,0.27156901359558105,0.8539449073813595,0.6,0.7,0.7777777777777778,0.6363636363636364,0.55,0.5555555555555556,0.5681818181818181,0.5681818181818181,0.5,0.29899691716854754,0.3684352477391561,0.6482970118522644,0.7514887452125549,0.1858941912651062,0.8997805118560791,0.10021942853927612,0.7284309267997742,0.27156901359558105,0.12458127737045288,0.0,0.00197889399064749,0.0,0.0,0.0,0.0,0.0,0.0,0.0,0.0,0.0,0.0,0.0,0.006498002174582296,0.0,0.007265627384185791,0.0,0.0
21,3,4,"[7, 9, 16]","[0, 1, 2, 3, 4, 5, 6, 8, 10, 11, 12, 13, 14, 15, 17]",3,15,2,0.8847873776459718,0.5333333333333333,0.631578947368421,0.75,0.5454545454545454,0.49760765550239233,0.5178571428571428,0.5227272727272727,0.5227272727272727,0.5227272727272727,0.31321501930080003,0.2889831026395162,0.6756440997123718,0.7502514123916626,0.18659937381744385,0.9031214118003845,0.09687858819961548,0.723679780960083,0.276320219039917,0.8996273313831938,0.4666666666666667,0.5555555555555556,0.7142857142857143,0.45454545454545453,0.4444444444444444,0.48214285714285715,0.4772727272727273,0.4772727272727273,0.5227272727272727,0.31778165570457306,0.3549371918042501,0.6902636885643005,0.7502514123916626,0.18659937381744385,0.9031214118003845,0.09687858819961548,0.723679780960083,0.276320219039917,0.06595408916473389,0.0,0.004566636403773028,-0.0357142857142857,-0.03571428571428564,-0.09090909090909088,-0.045454545454545414,0.0,0.0,-0.045454545454545414,0.0,-0.05316321105794791,-0.06666666666666665,0.0,0.014839953737222022,0.0,0.014619588851928711,-0.07602339181286544,0.0
21,3,5,"[0, 6, 8]","[1, 2, 3, 4, 5, 7, 9, 10, 11, 12, 13, 14, 15, 16, 17]",3,15,2,0.7672300245311979,0.6,0.7,0.7777777777777778,0.6363636363636364,0.55,0.5555555555555556,0.5681818181818181,0.5681818181818181,0.6590909090909092,0.26409811462251,0.2285522262255351,0.5612351298332214,0.7420439720153809,0.19393247365951538,0.8991787433624268,0.10082125663757324,0.7129562497138977,0.2870437502861023,0.7606017823061019,0.6,0.7,0.7777777777777778,0.6363636363636364,0.55,0.5555555555555556,0.5681818181818181,0.5681818181818181,0.6818181818181819,0.26309134581431926,0.2542958339055379,0.5515468716621399,0.7420439720153809,0.19393247365951538,0.8991787433624268,0.10082125663757324,0.7129562497138977,0.2870437502861023,0.025743607680002806,0.0,-0.0010067688081907278,0.0,0.0,0.0,0.0,0.0,0.0,0.0,0.022727272727272707,0.0,0.0,0.0,-0.006628242225096059,0.0,-0.009688258171081543,0.0,0.0
21,3,6,"[1, 4, 12]","[0, 2, 3, 5, 6, 7, 8, 9, 10, 11, 13, 14, 15, 16, 17]",3,15,2,0.9492174385144907,0.4666666666666667,0.6,0.6666666666666666,0.5454545454545454,0.4,0.41666666666666663,0.3977272727272727,0.3977272727272727,0.40909090909090906,0.34405958405991266,0.32925394773483274,0.7216997146606445,0.7406209707260132,0.19477057456970215,0.8987049460411072,0.10129505395889282,0.7117539644241333,0.2882460355758667,0.9508895907055092,0.4666666666666667,0.6,0.6666666666666666,0.5454545454545454,0.4,0.41666666666666663,0.3977272727272727,0.3977272727272727,0.40909090909090906,0.3447556731251146,0.36498301426569624,0.7241032123565674,0.7406209707260132,0.19477057456970215,0.8987049460411072,0.10129505395889282,0.7117539644241333,0.2882460355758667,0.035729066530863496,0.0,0.0006960890652019658,0.0,0.0,0.0,0.0,0.0,0.0,0.0,0.0,0.0,0.0,0.0,0.0016721521910184611,0.0,0.0024034976959228516,0.0,0.0
21,6,1,"[4, 5, 8, 9, 10, 17]","[0, 1, 2, 3, 6, 7, 11, 12, 13, 14, 15, 16]",6,12,2,1.0025678295527383,0.4166666666666667,0.5333333333333333,0.6666666666666666,0.4444444444444444,0.37777777777777777,0.41666666666666663,0.38888888888888884,0.38888888888888884,0.4444444444444445,0.3630815783699218,0.3766162743171056,0.8000986576080322,0.7495735287666321,0.18711388111114502,0.9027895331382751,0.09721046686172485,0.7229827642440796,0.2770172357559204,0.9903353763679155,0.4166666666666667,0.5333333333333333,0.6666666666666666,0.4444444444444444,0.37777777777777777,0.41666666666666663,0.38888888888888884,0.38888888888888884,0.4444444444444445,0.35816327356226246,0.36833932002385456,0.7893353700637817,0.7495735287666321,0.18711388111114502,0.9027895331382751,0.09721046686172485,0.7229827642440796,0.2770172357559204,-0.008276954293251038,0.0,-0.004918304807659313,0.0,0.0,0.0,0.0,0.0,0.0,0.0,0.0,0.0,0.0,0.0,-0.0122324531848228,0.0,-0.010763287544250488,0.0,0.0
21,6,2,"[0, 7, 13, 14, 15, 16]","[1, 2, 3, 4, 5, 6, 8, 9, 10, 11, 12, 17]",6,12,2,0.7087453175611786,0.6666666666666666,0.75,0.8571428571428571,0.6666666666666666,0.625,0.6285714285714286,0.6666666666666666,0.6666666666666666,0.7037037037037037,0.2420381993699432,0.23489586512247718,0.5131480097770691,0.7493091821670532,0.18785274028778076,0.9002914428710938,0.09970849752426147,0.7240030765533447,0.2759968638420105,0.7072106189145906,0.6666666666666666,0.75,0.8571428571428571,0.6666666666666666,0.625,0.6285714285714286,0.6666666666666666,0.6666666666666666,0.6666666666666667,0.24348776202382413,0.19762398799260458,0.5120885968208313,0.7493091821670532,0.18785274028778076,0.9002914428710938,0.09970849752426147,0.7240030765533447,0.2759968638420105,-0.037271877129872594,0.0,0.001449562653880937,0.0,0.0,0.0,0.0,0.0,0.0,0.0,-0.03703703703703698,0.0,0.0,0.0,-0.0015346986465880619,0.0,-0.001059412956237793,0.0,0.0
21,6,3,"[1, 2, 3, 6, 11, 12]","[0, 4, 5, 7, 8, 9, 10, 13, 14, 15, 16, 17]",6,12,2,0.7991748628306956,0.5833333333333334,0.7058823529411765,0.6666666666666666,0.75,0.4957983193277311,0.5,0.5,0.5,0.5,0.2846814730382746,0.2801377127567927,0.5832827091217041,0.7402664422988892,0.1948564648628235,0.8971041440963745,0.10289585590362549,0.7131829261779785,0.2868170738220215,0.7909229751592103,0.5833333333333334,0.7058823529411765,0.6666666666666666,0.75,0.4957983193277311,0.5,0.5,0.5,0.53125,0.2819295694889678,0.2560039709011714,0.5776140093803406,0.7402664422988892,0.1948564648628235,0.8971041440963745,0.10289585590362549,0.7131829261779785,0.2868170738220215,-0.024133741855621338,0.0,-0.0027519035493068222,0.0,0.0,0.0,0.0,0.0,0.0,0.0,0.03125,0.0,0.0,0.0,-0.008251887671485325,0.0,-0.005668699741363525,0.0,0.0
21,9,1,"[0, 1, 3, 6, 7, 11, 12, 14, 17]","[2, 4, 5, 8, 9, 10, 13, 15, 16]",9,9,2,0.7350796298121239,0.6666666666666666,0.7692307692307693,0.7142857142857143,0.8333333333333334,0.5846153846153846,0.6071428571428572,0.5833333333333334,0.5833333333333334,0.5555555555555556,0.25296289739979616,0.3276723424593607,0.5524577498435974,0.7450427412986755,0.1913122534751892,0.899069607257843,0.10093033313751221,0.7183058261871338,0.28169411420822144,0.7359902302208493,0.6666666666666666,0.7692307692307693,0.7142857142857143,0.8333333333333334,0.5846153846153846,0.6071428571428572,0.5833333333333334,0.5833333333333334,0.6111111111111112,0.254747563136431,0.21476095252566868,0.5538700222969055,0.7450427412986755,0.1913122534751892,0.899069607257843,0.10093033313751221,0.7183058261871338,0.28169411420822144,-0.11291138993369204,0.0,0.0017846657366348273,0.0,0.0,0.0,0.0,0.0,0.0,0.0,0.05555555555555558,0.0,0.0,0.0,0.0009106004087253705,0.0,0.0014122724533081055,0.0,0.0
21,9,2,"[2, 4, 5, 8, 9, 10, 13, 15, 16]","[0, 1, 3, 6, 7, 11, 12, 14, 17]",9,9,2,0.9385809204279492,0.4444444444444444,0.5454545454545454,0.75,0.42857142857142855,0.41558441558441556,0.475,0.4642857142857143,0.4642857142857143,0.5,0.34023836141786973,0.3755918741226196,0.7856423854827881,0.7477231621742249,0.18856972455978394,0.901053786277771,0.098946213722229,0.7218066453933716,0.2781933546066284,0.950826913809111,0.4444444444444444,0.5454545454545454,0.75,0.42857142857142855,0.41558441558441556,0.475,0.4642857142857143,0.4642857142857143,0.5,0.3454124972162841,0.3771132893032497,0.8002091646194458,0.7477231621742249,0.18856972455978394,0.901053786277771,0.098946213722229,0.7218066453933716,0.2781933546066284,0.001521415180630148,0.0,0.005174135798414359,0.0,0.0,0.0,0.0,0.0,0.0,0.0,0.0,0.0,0.0,0.0,0.012245993381161835,0.0,0.014566779136657715,0.0,0.0
21,12,1,"[1, 2, 3, 4, 6, 7, 8, 10, 12, 13, 14, 17]","[0, 5, 9, 11, 15, 16]",12,6,2,1.3610826826674902,0.3333333333333333,0.5,0.5,0.5,0.25,0.25,0.25,0.25,0.125,0.4920271950195281,0.584894706805547,1.2791205644607544,0.7389112710952759,0.19622033834457397,0.899794340133667,0.10020565986633301,0.7077649235725403,0.2922350764274597,1.3544442617126211,0.3333333333333333,0.5,0.5,0.5,0.25,0.25,0.25,0.25,0.125,0.4939175255868838,0.5893674095471699,1.2683663368225098,0.7389112710952759,0.19622033834457397,0.899794340133667,0.10020565986633301,0.7077649235725403,0.2922350764274597,0.004472702741622925,0.0,0.0018903305673557136,0.0,0.0,0.0,0.0,0.0,0.0,0.0,0.0,0.0,0.0,0.0,-0.0066384209548691064,0.0,-0.010754227638244629,0.0,0.0
21,12,2,"[1, 2, 4, 6, 7, 8, 9, 11, 12, 13, 15, 16]","[0, 3, 5, 10, 14, 17]",12,6,2,0.8078741153539098,0.5,0.5714285714285714,0.6666666666666666,0.5,0.4857142857142857,0.5,0.5,0.5,0.5,0.2963226682800089,0.24023192127545678,0.6764541268348694,0.7443839311599731,0.19156652688980103,0.9019486308097839,0.09805136919021606,0.7149182558059692,0.28508174419403076,0.7996816073204788,0.5,0.5714285714285714,0.6666666666666666,0.5,0.4857142857142857,0.5,0.5,0.5,0.5,0.2925340802449428,0.23800828059514362,0.6728060245513916,0.7443839311599731,0.19156652688980103,0.9019486308097839,0.09805136919021606,0.7149182558059692,0.28508174419403076,-0.002223640680313166,0.0,-0.0037885880350660983,0.0,0.0,0.0,0.0,0.0,0.0,0.0,0.0,0.0,0.0,0.0,-0.008192508033431078,0.0,-0.003648102283477783,0.0,0.0
21,12,3,"[1, 3, 5, 8, 9, 11, 12, 13, 14, 15, 16, 17]","[0, 2, 4, 6, 7, 10]",12,6,2,0.6898548400061993,0.6666666666666666,0.75,0.75,0.75,0.625,0.625,0.625,0.625,0.625,0.24181790610386633,0.2323622604211171,0.5931695699691772,0.7703855633735657,0.17000973224639893,0.9013525247573853,0.09864741563796997,0.7586278915405273,0.24137204885482788,0.6764927926869194,0.6666666666666666,0.75,0.75,0.75,0.625,0.625,0.625,0.625,0.625,0.23655900222761042,0.31072775522867835,0.5761573314666748,0.7703855633735657,0.17000973224639893,0.9013525247573853,0.09864741563796997,0.7586278915405273,0.24137204885482788,0.07836549480756125,0.0,-0.00525890387625591,0.0,0.0,0.0,0.0,0.0,0.0,0.0,0.0,0.0,0.0,0.0,-0.013362047319279924,0.0,-0.01701223850250244,0.0,0.0
22,3,1,"[0, 7, 15]","[1, 2, 3, 4, 5, 6, 8, 9, 10, 11, 12, 13, 14, 16, 17]",3,15,2,0.7090064900261249,0.4,0.18181818181818182,0.25,0.14285714285714285,0.354066985645933,0.3522727272727273,0.3839285714285714,0.3839285714285714,0.5535714285714285,0.2591435938966998,0.26058109998703005,1.2812646627426147,0.8444582223892212,0.11525124311447144,0.9347322583198547,0.06526774168014526,0.8347653150558472,0.16523468494415283,0.7101281024594047,0.4666666666666667,0.3333333333333333,0.4,0.2857142857142857,0.4444444444444444,0.45,0.45535714285714285,0.45535714285714285,0.5357142857142857,0.2595296450176514,0.18899199167887368,0.4488707184791565,0.8444582223892212,0.11525124311447144,0.9347322583198547,0.06526774168014526,0.8347653150558472,0.16523468494415283,-0.07158910830815637,0.0,0.00038605112095163596,0.15000000000000002,0.09772727272727272,0.14285714285714285,0.07142857142857145,0.0,0.0,0.07142857142857145,-0.017857142857142794,0.09037745879851145,0.06666666666666665,0.0,0.001121612433279795,0.0,-0.8323939442634583,0.1515151515151515,0.0
22,3,2,"[2, 10, 12]","[0, 1, 3, 4, 5, 6, 7, 8, 9, 11, 13, 14, 15, 16, 17]",3,15,2,0.6629514729710675,0.4666666666666667,0.2,0.3333333333333333,0.14285714285714285,0.4,0.41666666666666663,0.4464285714285714,0.4464285714285714,0.6785714285714286,0.2370268114655954,0.2193346818288167,0.4068075716495514,0.8354399800300598,0.1229022741317749,0.9304751753807068,0.06952482461929321,0.8237202763557434,0.1762797236442566,0.6647697617617438,0.5333333333333333,0.36363636363636365,0.5,0.2857142857142857,0.49760765550239233,0.5227272727272727,0.5178571428571428,0.5178571428571428,0.6785714285714286,0.23784704815218013,0.15185528198877968,0.40707117319107056,0.8354399800300598,0.1229022741317749,0.9304751753807068,0.06952482461929321,0.8237202763557434,0.1762797236442566,-0.06747939984003704,0.0,0.0008202366865847355,0.16666666666666669,0.10606060606060608,0.14285714285714285,0.0714285714285714,0.0,0.0,0.0714285714285714,0.0,0.09760765550239231,0.06666666666666665,0.0,0.001818288790676359,0.0,0.00026360154151916504,0.16363636363636364,0.0
22,3,3,"[4, 6, 13]","[0, 1, 2, 3, 5, 7, 8, 9, 10, 11, 12, 14, 15, 16, 17]",3,15,2,0.7468863600635153,0.3333333333333333,0.16666666666666666,0.25,0.125,0.3055555555555555,0.3068181818181818,0.3482142857142857,0.3482142857142857,0.5714285714285714,0.2773705909062357,0.31692593495051075,0.4696560800075531,0.8305838704109192,0.12757772207260132,0.9292503595352173,0.07074964046478271,0.8155941963195801,0.18440580368041992,0.7434765517472196,0.4,0.18181818181818182,0.3333333333333333,0.125,0.354066985645933,0.375,0.41964285714285715,0.41964285714285715,0.5714285714285714,0.27596229149406587,0.36604232788085944,0.46746933460235596,0.8305838704109192,0.12757772207260132,0.9292503595352173,0.07074964046478271,0.8155941963195801,0.18440580368041992,0.049116392930348696,0.0,-0.0014082994121698555,0.08333333333333331,0.06818181818181818,0.0,0.07142857142857145,0.0,0.0,0.07142857142857145,0.0,0.04851143009037745,0.06666666666666671,0.0,-0.0034098083162956705,0.0,-0.0021867454051971436,0.015151515151515166,0.0
22,3,4,"[9, 11, 14]","[0, 1, 2, 3, 4, 5, 6, 7, 8, 10, 12, 13, 15, 16, 17]",3,15,2,0.6980859370966104,0.4,0.18181818181818182,0.3333333333333333,0.125,0.354066985645933,0.375,0.41964285714285715,0.41964285714285715,0.6785714285714285,0.2543934744849941,0.28889983892440796,0.43899425864219666,0.829189658164978,0.12781095504760742,0.9291139841079712,0.07088595628738403,0.8152638077735901,0.18473607301712036,0.6984023846643754,0.4,0.18181818181818182,0.3333333333333333,0.125,0.354066985645933,0.375,0.41964285714285715,0.41964285714285715,0.7321428571428571,0.25467312963297206,0.2905564347902934,0.43964529037475586,0.829189658164978,0.12781095504760742,0.9291139841079712,0.07088595628738403,0.8152638077735901,0.18473607301712036,0.0016565958658854574,0.0,0.000279655147977953,0.0,0.0,0.0,0.0,0.0,0.0,0.0,0.0535714285714286,0.0,0.0,0.0,0.00031644756776505467,0.0,0.0006510317325592041,0.0,0.0
22,3,5,"[1, 3, 17]","[0, 2, 4, 5, 6, 7, 8, 9, 10, 11, 12, 13, 14, 15, 16]",3,15,2,0.7359359010225845,0.3333333333333333,0.0,0.0,0.0,0.25,0.20833333333333334,0.3125,0.3125,0.49999999999999994,0.2721578018865497,0.3194353858629862,0.4670780897140503,0.8551837801933289,0.1059119701385498,0.9393506050109863,0.06064939498901367,0.8488255143165588,0.15117448568344116,0.7339848768445114,0.4666666666666667,0.2,0.3333333333333333,0.14285714285714285,0.4,0.41666666666666663,0.4464285714285714,0.4464285714285714,0.5178571428571428,0.2712064687473824,0.3149099270502726,0.46483558416366577,0.8551837801933289,0.1059119701385498,0.9393506050109863,0.06064939498901367,0.8488255143165588,0.15117448568344116,-0.004525458812713601,0.0,-0.0009513331391672875,0.3333333333333333,0.2083333333333333,0.14285714285714285,0.1339285714285714,0.0,0.0,0.1339285714285714,0.01785714285714285,0.15000000000000002,0.13333333333333336,0.0,-0.0019510241780731352,0.0,-0.0022425055503845215,0.2,0.0
22,3,6,"[5, 8, 16]","[0, 1, 2, 3, 4, 6, 7, 9, 10, 11, 12, 13, 14, 15, 17]",3,15,2,0.6798726489847559,0.4,0.18181818181818182,0.3333333333333333,0.125,0.354066985645933,0.375,0.41964285714285715,0.41964285714285715,0.6428571428571428,0.2454224317912492,0.32310878038406365,0.41525134444236755,0.8343572616577148,0.12453299760818481,0.9324943423271179,0.06750565767288208,0.8184396624565125,0.18156033754348755,0.6723474451299783,0.4666666666666667,0.2,0.5,0.125,0.4,0.4807692307692308,0.49107142857142855,0.49107142857142855,0.7142857142857143,0.24186904140510562,0.3022686044375102,0.40944740176200867,0.8343572616577148,0.12453299760818481,0.9324943423271179,0.06750565767288208,0.8184396624565125,0.18156033754348755,-0.020840175946553463,0.0,-0.003553390386143579,0.16666666666666669,0.10576923076923078,0.0,0.0714285714285714,0.0,0.0,0.0714285714285714,0.07142857142857151,0.04593301435406705,0.06666666666666665,0.0,-0.007525203854777507,0.0,-0.005803942680358887,0.018181818181818188,0.0
22,6,1,"[1, 3, 11, 14, 15, 17]","[0, 2, 4, 5, 6, 7, 8, 9, 10, 12, 13, 16]",6,12,2,0.7511495156242995,0.3333333333333333,0.0,0.0,0.0,0.25,0.2,0.3333333333333333,0.3333333333333333,0.5555555555555556,0.27985987367852255,0.3430917809406916,0.5044359564781189,0.8335245251655579,0.12370598316192627,0.9294344186782837,0.07056552171707153,0.8231533765792847,0.17684656381607056,0.7444647424235736,0.4166666666666667,0.2222222222222222,0.3333333333333333,0.16666666666666666,0.37777777777777777,0.38888888888888884,0.41666666666666663,0.41666666666666663,0.5833333333333334,0.27666016820998146,0.34059690932432807,0.49814772605895996,0.8335245251655579,0.12370598316192627,0.9294344186782837,0.07056552171707153,0.8231533765792847,0.17684656381607056,-0.0024948716163635254,0.0,-0.003199705468541092,0.3333333333333333,0.18888888888888883,0.16666666666666666,0.08333333333333331,0.0,0.0,0.08333333333333331,0.02777777777777779,0.12777777777777777,0.08333333333333337,0.0,-0.006684773200725913,0.0,-0.0062882304191589355,0.2222222222222222,0.0
22,6,2,"[2, 5, 6, 7, 8, 16]","[0, 1, 3, 4, 9, 10, 11, 12, 13, 14, 15, 17]",6,12,2,0.6728165935169583,0.4166666666666667,0.2222222222222222,0.3333333333333333,0.16666666666666666,0.37777777777777777,0.38888888888888884,0.41666666666666663,0.41666666666666663,0.6388888888888888,0.2412731469031338,0.28341322143872577,0.4153099060058594,0.8525241613388062,0.10985618829727173,0.9391864538192749,0.0608135461807251,0.8411012887954712,0.1588987112045288,0.6723538803605847,0.5833333333333334,0.4444444444444444,0.6666666666666666,0.3333333333333333,0.5555555555555556,0.6111111111111112,0.5833333333333334,0.5833333333333334,0.6666666666666667,0.24119212176779628,0.33972878754138947,0.4156365990638733,0.8525241613388062,0.10985618829727173,0.9391864538192749,0.0608135461807251,0.8411012887954712,0.1588987112045288,0.056315566102663694,0.0,-8.10251353375313e-05,0.3333333333333333,0.22222222222222232,0.16666666666666666,0.16666666666666674,0.0,0.0,0.16666666666666674,0.0277777777777779,0.1777777777777778,0.16666666666666669,0.0,-0.00046271315637358423,0.0,0.000326693058013916,0.2222222222222222,0.0
22,6,3,"[0, 4, 9, 10, 12, 13]","[1, 2, 3, 5, 6, 7, 8, 11, 14, 15, 16, 17]",6,12,2,0.692400888077497,0.4166666666666667,0.2222222222222222,0.3333333333333333,0.16666666666666666,0.37777777777777777,0.38888888888888884,0.41666666666666663,0.41666666666666663,0.6666666666666667,0.2516232230810407,0.2617002775271734,0.4426802396774292,0.8285587430000305,0.12843215465545654,0.9290874600410461,0.07091259956359863,0.8140482902526855,0.18595176935195923,0.6918563506046936,0.4166666666666667,0.2222222222222222,0.3333333333333333,0.16666666666666666,0.37777777777777777,0.38888888888888884,0.41666666666666663,0.41666666666666663,0.6388888888888888,0.25141119025096986,0.3009108453989029,0.4421747326850891,0.8285587430000305,0.12843215465545654,0.9290874600410461,0.07091259956359863,0.8140482902526855,0.18595176935195923,0.039210567871729496,0.0,-0.00021203283007081852,0.0,0.0,0.0,0.0,0.0,0.0,0.0,-0.0277777777777779,0.0,0.0,0.0,-0.0005445374728033636,0.0,-0.0005055069923400879,0.0,0.0
22,9,1,"[0, 2, 6, 7, 8, 9, 10, 14, 17]","[1, 3, 4, 5, 11, 12, 13, 15, 16]",9,9,2,0.7204681063381785,0.3333333333333333,0.25,0.3333333333333333,0.2,0.325,0.3333333333333333,0.35,0.35,0.55,0.26369014150230285,0.26915043592453003,0.4922718107700348,0.8853684663772583,0.0802963376045227,0.9513764977455139,0.048623502254486084,0.8880308270454407,0.11196917295455933,0.7216637771776686,0.4444444444444444,0.4444444444444444,0.5,0.4,0.4444444444444444,0.45,0.45,0.45,0.55,0.26416664413829377,0.22204245461357963,0.49139007925987244,0.8853684663772583,0.0802963376045227,0.9513764977455139,0.048623502254486084,0.8880308270454407,0.11196917295455933,-0.0471079813109504,0.0,0.00047650263599091636,0.16666666666666669,0.1166666666666667,0.2,0.10000000000000003,0.0,0.0,0.10000000000000003,0.0,0.11944444444444441,0.1111111111111111,0.0,0.001195670839490126,0.0,-0.0008817315101623535,0.19444444444444442,0.0
22,9,2,"[1, 3, 4, 5, 11, 12, 13, 15, 16]","[0, 2, 6, 7, 8, 9, 10, 14, 17]",9,9,2,0.6904449349109192,0.4444444444444444,0.0,0.0,0.0,0.3076923076923077,0.25,0.4,0.4,0.7,0.2514816874565753,0.38779038853115505,0.4755835235118866,0.7910366058349609,0.1610332727432251,0.9137624502182007,0.08623760938644409,0.7641711831092834,0.23582887649536133,0.6789021896019183,0.4444444444444444,0.0,0.0,0.0,0.3076923076923077,0.25,0.4,0.4,0.75,0.2459525603089127,0.38468050294452244,0.466150164604187,0.7910366058349609,0.1610332727432251,0.9137624502182007,0.08623760938644409,0.7641711831092834,0.23582887649536133,-0.0031098855866326103,0.0,-0.005529127147662599,0.0,0.0,0.0,0.0,0.0,0.0,0.0,0.050000000000000044,0.0,0.0,0.0,-0.011542745309000901,0.0,-0.009433358907699585,0.0,0.0
22,12,1,"[0, 2, 5, 6, 7, 8, 9, 10, 11, 12, 15, 16]","[1, 3, 4, 13, 14, 17]",12,6,2,0.5632820952895212,0.6666666666666666,0.5,1.0,0.3333333333333333,0.625,0.8,0.6666666666666666,0.6666666666666666,0.888888888888889,0.18785167232101255,0.2846924265225728,0.42836493253707886,0.8484592437744141,0.11248034238815308,0.936322033405304,0.06367796659469604,0.8387171626091003,0.16128283739089966,0.5553215326803744,0.8333333333333334,0.8,1.0,0.6666666666666666,0.8285714285714285,0.875,0.8333333333333333,0.8333333333333333,1.0,0.1837908052014924,0.22371152043342585,0.41974860429763794,0.8484592437744141,0.11248034238815308,0.936322033405304,0.06367796659469604,0.8387171626091003,0.16128283739089966,-0.06098090608914697,0.0,-0.00406086711952014,0.0,0.07499999999999996,0.3333333333333333,0.16666666666666663,0.0,0.0,0.16666666666666663,0.11111111111111105,0.20357142857142851,0.16666666666666674,0.0,-0.007960562609146793,0.0,-0.008616328239440918,0.30000000000000004,0.0
22,12,2,"[1, 2, 3, 4, 5, 6, 10, 11, 14, 15, 16, 17]","[0, 7, 8, 9, 12, 13]",12,6,2,0.6548435905461266,0.5,0.0,0.0,0.0,0.3333333333333333,0.25,0.5,0.5,0.7777777777777779,0.23330685715934138,0.3257301251093547,0.5139023661613464,0.8117513656616211,0.14460915327072144,0.9159610867500305,0.08403903245925903,0.7948208451271057,0.20517921447753906,0.6650525956617799,0.5,0.0,0.0,0.0,0.3333333333333333,0.25,0.5,0.5,0.888888888888889,0.2382111509023419,0.3369905948638916,0.5247465372085571,0.8117513656616211,0.14460915327072144,0.9159610867500305,0.08403903245925903,0.7948208451271057,0.20517921447753906,0.011260469754536928,0.0,0.004904293743000526,0.0,0.0,0.0,0.0,0.0,0.0,0.0,0.11111111111111105,0.0,0.0,0.0,0.010209005115653258,0.0,0.010844171047210693,0.0,0.0
22,12,3,"[0, 3, 5, 6, 7, 9, 10, 13, 14, 15, 16, 17]","[1, 2, 4, 8, 11, 12]",12,6,2,0.6363716432089995,0.3333333333333333,0.0,0.0,0.0,0.25,0.2,0.3333333333333333,0.3333333333333333,0.6666666666666667,0.22500684576093835,0.45529322822888685,0.47867465019226074,0.8457520604133606,0.11471045017242432,0.9262999892234802,0.073699951171875,0.8442789912223816,0.15572094917297363,0.6477703085029928,0.6666666666666666,0.5,1.0,0.3333333333333333,0.625,0.8,0.6666666666666666,0.6666666666666666,0.7777777777777779,0.2304693341856776,0.4592501620451609,0.4897969663143158,0.8457520604133606,0.11471045017242432,0.9262999892234802,0.073699951171875,0.8442789912223816,0.15572094917297363,0.003956933816274044,0.0,0.005462488424739259,1.0,0.6000000000000001,0.3333333333333333,0.3333333333333333,0.0,0.0,0.3333333333333333,0.11111111111111116,0.375,0.3333333333333333,0.0,0.011398665293993249,0.0,0.011122316122055054,0.5,0.0
