fold,trial_index,subject_id,trial_id,n_windows,y_true,y_pred,correct,p_pred,confidence,p_class_0,p_class_1,target_subject,calibration_fold,calibration_shots,stage
1,0,0,0,60,1,1,1,0.7031530737876892,0.7031530737876892,0.2968468964099884,0.7031530737876892,0,,,zero_shot_all_trials
1,1,0,1,60,1,0,0,0.6939139366149902,0.6939139366149902,0.6939139366149902,0.30608612298965454,0,,,zero_shot_all_trials
1,2,0,2,60,1,0,0,0.636854350566864,0.636854350566864,0.636854350566864,0.363145649433136,0,,,zero_shot_all_trials
1,3,0,3,60,1,1,1,0.5700340867042542,0.5700340867042542,0.42996594309806824,0.5700340867042542,0,,,zero_shot_all_trials
1,4,0,4,60,1,1,1,0.6549568176269531,0.6549568176269531,0.34504321217536926,0.6549568176269531,0,,,zero_shot_all_trials
1,5,0,5,60,0,0,1,0.6906813383102417,0.6906813383102417,0.6906813383102417,0.3093186318874359,0,,,zero_shot_all_trials
1,6,0,6,60,1,0,0,0.5535241365432739,0.5535241365432739,0.5535241365432739,0.4464758634567261,0,,,zero_shot_all_trials
1,7,0,7,60,0,0,1,0.5265330076217651,0.5265330076217651,0.5265330076217651,0.47346702218055725,0,,,zero_shot_all_trials
1,8,0,8,60,0,0,1,0.7333563566207886,0.7333563566207886,0.7333563566207886,0.26664361357688904,0,,,zero_shot_all_trials
1,9,0,9,60,1,1,1,0.6851797699928284,0.6851797699928284,0.31482023000717163,0.6851797699928284,0,,,zero_shot_all_trials
1,10,0,10,60,0,1,0,0.687270998954773,0.687270998954773,0.31272900104522705,0.687270998954773,0,,,zero_shot_all_trials
1,11,0,11,60,1,1,1,0.7578839063644409,0.7578839063644409,0.2421160191297531,0.7578839063644409,0,,,zero_shot_all_trials
1,12,0,12,60,1,1,1,0.6398714184761047,0.6398714184761047,0.3601285517215729,0.6398714184761047,0,,,zero_shot_all_trials
1,13,0,13,60,0,1,0,0.8060106039047241,0.8060106039047241,0.19398938119411469,0.8060106039047241,0,,,zero_shot_all_trials
1,14,0,14,60,1,1,1,0.6779789328575134,0.6779789328575134,0.3220210671424866,0.6779789328575134,0,,,zero_shot_all_trials
1,15,0,15,60,0,1,0,0.516883134841919,0.516883134841919,0.48311683535575867,0.516883134841919,0,,,zero_shot_all_trials
1,16,0,16,60,0,0,1,0.5330822467803955,0.5330822467803955,0.5330822467803955,0.4669177830219269,0,,,zero_shot_all_trials
1,17,0,17,60,1,1,1,0.6274716258049011,0.6274716258049011,0.37252840399742126,0.6274716258049011,0,,,zero_shot_all_trials
1,0,0,0,60,1,1,1,0.7031499147415161,0.7031499147415161,0.2968500852584839,0.7031499147415161,0,1,3,zero_shot_paired
1,1,0,1,60,1,0,0,0.6939139366149902,0.6939139366149902,0.6939139366149902,0.30608612298965454,0,1,3,zero_shot_paired
1,2,0,2,60,1,0,0,0.6368473172187805,0.6368473172187805,0.6368473172187805,0.36315271258354187,0,1,3,zero_shot_paired
1,3,0,3,60,1,1,1,0.570039689540863,0.570039689540863,0.42996034026145935,0.570039689540863,0,1,3,zero_shot_paired
1,4,0,5,60,0,0,1,0.6906862258911133,0.6906862258911133,0.6906862258911133,0.30931374430656433,0,1,3,zero_shot_paired
1,5,0,6,60,1,0,0,0.5535203814506531,0.5535203814506531,0.5535203814506531,0.4464796483516693,0,1,3,zero_shot_paired
1,6,0,7,60,0,0,1,0.526534914970398,0.526534914970398,0.526534914970398,0.47346511483192444,0,1,3,zero_shot_paired
1,7,0,8,60,0,0,1,0.7333683371543884,0.7333683371543884,0.7333683371543884,0.26663169264793396,0,1,3,zero_shot_paired
1,8,0,10,60,0,1,0,0.6872644424438477,0.6872644424438477,0.31273558735847473,0.6872644424438477,0,1,3,zero_shot_paired
1,9,0,11,60,1,1,1,0.7578798532485962,0.7578798532485962,0.24212022125720978,0.7578798532485962,0,1,3,zero_shot_paired
1,10,0,12,60,1,1,1,0.6398749947547913,0.6398749947547913,0.36012503504753113,0.6398749947547913,0,1,3,zero_shot_paired
1,11,0,14,60,1,1,1,0.6779772639274597,0.6779772639274597,0.32202276587486267,0.6779772639274597,0,1,3,zero_shot_paired
1,12,0,15,60,0,1,0,0.5168869495391846,0.5168869495391846,0.48311302065849304,0.5168869495391846,0,1,3,zero_shot_paired
1,13,0,16,60,0,0,1,0.5330974459648132,0.5330974459648132,0.5330974459648132,0.46690255403518677,0,1,3,zero_shot_paired
1,14,0,17,60,1,1,1,0.6274805665016174,0.6274805665016174,0.37251949310302734,0.6274805665016174,0,1,3,zero_shot_paired
1,0,0,0,60,1,1,1,0.7104870676994324,0.7104870676994324,0.28951290249824524,0.7104870676994324,0,1,3,post_calibration
1,1,0,1,60,1,0,0,0.7272042632102966,0.7272042632102966,0.7272042632102966,0.27279573678970337,0,1,3,post_calibration
1,2,0,2,60,1,0,0,0.6516632437705994,0.6516632437705994,0.6516632437705994,0.3483368158340454,0,1,3,post_calibration
1,3,0,3,60,1,1,1,0.5194261074066162,0.5194261074066162,0.4805738925933838,0.5194261074066162,0,1,3,post_calibration
1,4,0,5,60,0,0,1,0.6850990653038025,0.6850990653038025,0.6850990653038025,0.31490087509155273,0,1,3,post_calibration
1,5,0,6,60,1,0,0,0.5811898112297058,0.5811898112297058,0.5811898112297058,0.4188101887702942,0,1,3,post_calibration
1,6,0,7,60,0,0,1,0.5545270442962646,0.5545270442962646,0.5545270442962646,0.44547298550605774,0,1,3,post_calibration
1,7,0,8,60,0,0,1,0.742637574672699,0.742637574672699,0.742637574672699,0.25736239552497864,0,1,3,post_calibration
1,8,0,10,60,0,1,0,0.7046542167663574,0.7046542167663574,0.29534581303596497,0.7046542167663574,0,1,3,post_calibration
1,9,0,11,60,1,1,1,0.7535814642906189,0.7535814642906189,0.24641859531402588,0.7535814642906189,0,1,3,post_calibration
1,10,0,12,60,1,1,1,0.6847105622291565,0.6847105622291565,0.3152894675731659,0.6847105622291565,0,1,3,post_calibration
1,11,0,14,60,1,1,1,0.67189621925354,0.67189621925354,0.3281037509441376,0.67189621925354,0,1,3,post_calibration
1,12,0,15,60,0,0,1,0.5082733035087585,0.5082733035087585,0.5082733035087585,0.49172669649124146,0,1,3,post_calibration
1,13,0,16,60,0,0,1,0.5338987112045288,0.5338987112045288,0.5338987112045288,0.4661012589931488,0,1,3,post_calibration
1,14,0,17,60,1,1,1,0.6052067279815674,0.6052067279815674,0.39479324221611023,0.6052067279815674,0,1,3,post_calibration
2,0,0,0,60,1,1,1,0.7031594514846802,0.7031594514846802,0.2968405485153198,0.7031594514846802,0,2,3,zero_shot_paired
2,1,0,2,60,1,0,0,0.6368491053581238,0.6368491053581238,0.6368491053581238,0.3631509244441986,0,2,3,zero_shot_paired
2,2,0,3,60,1,1,1,0.5700284242630005,0.5700284242630005,0.42997151613235474,0.5700284242630005,0,2,3,zero_shot_paired
2,3,0,4,60,1,1,1,0.6549636721611023,0.6549636721611023,0.3450362980365753,0.6549636721611023,0,2,3,zero_shot_paired
2,4,0,5,60,0,0,1,0.6906813383102417,0.6906813383102417,0.6906813383102417,0.3093186318874359,0,2,3,zero_shot_paired
2,5,0,6,60,1,0,0,0.5535165667533875,0.5535165667533875,0.5535165667533875,0.4464833736419678,0,2,3,zero_shot_paired
2,6,0,7,60,0,0,1,0.5265500545501709,0.5265500545501709,0.5265500545501709,0.4734499156475067,0,2,3,zero_shot_paired
2,7,0,8,60,0,0,1,0.7333489060401917,0.7333489060401917,0.7333489060401917,0.26665106415748596,0,2,3,zero_shot_paired
2,8,0,9,60,1,1,1,0.6851813793182373,0.6851813793182373,0.3148185908794403,0.6851813793182373,0,2,3,zero_shot_paired
2,9,0,10,60,0,1,0,0.6872677206993103,0.6872677206993103,0.3127322793006897,0.6872677206993103,0,2,3,zero_shot_paired
2,10,0,12,60,1,1,1,0.6398714184761047,0.6398714184761047,0.3601285517215729,0.6398714184761047,0,2,3,zero_shot_paired
2,11,0,13,60,0,1,0,0.8060094714164734,0.8060094714164734,0.1939905732870102,0.8060094714164734,0,2,3,zero_shot_paired
2,12,0,14,60,1,1,1,0.6779772639274597,0.6779772639274597,0.32202276587486267,0.6779772639274597,0,2,3,zero_shot_paired
2,13,0,16,60,0,0,1,0.5330765843391418,0.5330765843391418,0.5330765843391418,0.46692347526550293,0,2,3,zero_shot_paired
2,14,0,17,60,1,1,1,0.6274626851081848,0.6274626851081848,0.3725373148918152,0.6274626851081848,0,2,3,zero_shot_paired
2,0,0,0,60,1,1,1,0.6986812949180603,0.6986812949180603,0.3013186752796173,0.6986812949180603,0,2,3,post_calibration
2,1,0,2,60,1,0,0,0.6028801798820496,0.6028801798820496,0.6028801798820496,0.39711982011795044,0,2,3,post_calibration
2,2,0,3,60,1,1,1,0.6189478039741516,0.6189478039741516,0.3810522258281708,0.6189478039741516,0,2,3,post_calibration
2,3,0,4,60,1,1,1,0.6393350958824158,0.6393350958824158,0.360664963722229,0.6393350958824158,0,2,3,post_calibration
2,4,0,5,60,0,0,1,0.6725451350212097,0.6725451350212097,0.6725451350212097,0.3274548649787903,0,2,3,post_calibration
2,5,0,6,60,1,0,0,0.5232109427452087,0.5232109427452087,0.5232109427452087,0.4767889976501465,0,2,3,post_calibration
2,6,0,7,60,0,1,0,0.5038051009178162,0.5038051009178162,0.4961949288845062,0.5038051009178162,0,2,3,post_calibration
2,7,0,8,60,0,0,1,0.7192696332931519,0.7192696332931519,0.7192696332931519,0.28073036670684814,0,2,3,post_calibration
2,8,0,9,60,1,1,1,0.6848307847976685,0.6848307847976685,0.31516924500465393,0.6848307847976685,0,2,3,post_calibration
2,9,0,10,60,0,1,0,0.702340304851532,0.702340304851532,0.2976597249507904,0.702340304851532,0,2,3,post_calibration
2,10,0,12,60,1,1,1,0.6263277530670166,0.6263277530670166,0.3736722469329834,0.6263277530670166,0,2,3,post_calibration
2,11,0,13,60,0,1,0,0.816608726978302,0.816608726978302,0.18339130282402039,0.816608726978302,0,2,3,post_calibration
2,12,0,14,60,1,1,1,0.667841911315918,0.667841911315918,0.33215805888175964,0.667841911315918,0,2,3,post_calibration
2,13,0,16,60,0,0,1,0.5119568109512329,0.5119568109512329,0.5119568109512329,0.4880432188510895,0,2,3,post_calibration
2,14,0,17,60,1,1,1,0.6530577540397644,0.6530577540397644,0.3469421863555908,0.6530577540397644,0,2,3,post_calibration
3,0,0,0,60,1,1,1,0.7031594514846802,0.7031594514846802,0.2968405485153198,0.7031594514846802,0,3,3,zero_shot_paired
3,1,0,1,60,1,0,0,0.6939252614974976,0.6939252614974976,0.6939252614974976,0.30607473850250244,0,3,3,zero_shot_paired
3,2,0,3,60,1,1,1,0.5700284242630005,0.5700284242630005,0.42997151613235474,0.5700284242630005,0,3,3,zero_shot_paired
3,3,0,4,60,1,1,1,0.6549636721611023,0.6549636721611023,0.3450362980365753,0.6549636721611023,0,3,3,zero_shot_paired
3,4,0,5,60,0,0,1,0.6906813383102417,0.6906813383102417,0.6906813383102417,0.3093186318874359,0,3,3,zero_shot_paired
3,5,0,6,60,1,0,0,0.5535165667533875,0.5535165667533875,0.5535165667533875,0.4464833736419678,0,3,3,zero_shot_paired
3,6,0,7,60,0,0,1,0.5265500545501709,0.5265500545501709,0.5265500545501709,0.4734499156475067,0,3,3,zero_shot_paired
3,7,0,8,60,0,0,1,0.7333489060401917,0.7333489060401917,0.7333489060401917,0.26665106415748596,0,3,3,zero_shot_paired
3,8,0,9,60,1,1,1,0.6851813793182373,0.6851813793182373,0.3148185908794403,0.6851813793182373,0,3,3,zero_shot_paired
3,9,0,11,60,1,1,1,0.7578783631324768,0.7578783631324768,0.2421216368675232,0.7578783631324768,0,3,3,zero_shot_paired
3,10,0,12,60,1,1,1,0.6398714184761047,0.6398714184761047,0.3601285517215729,0.6398714184761047,0,3,3,zero_shot_paired
3,11,0,13,60,0,1,0,0.8060094714164734,0.8060094714164734,0.1939905732870102,0.8060094714164734,0,3,3,zero_shot_paired
3,12,0,14,60,1,1,1,0.6779772639274597,0.6779772639274597,0.32202276587486267,0.6779772639274597,0,3,3,zero_shot_paired
3,13,0,15,60,0,1,0,0.5168812274932861,0.5168812274932861,0.4831187427043915,0.5168812274932861,0,3,3,zero_shot_paired
3,14,0,16,60,0,0,1,0.5330765843391418,0.5330765843391418,0.5330765843391418,0.46692347526550293,0,3,3,zero_shot_paired
3,0,0,0,60,1,1,1,0.7292712926864624,0.7292712926864624,0.2707287073135376,0.7292712926864624,0,3,3,post_calibration
3,1,0,1,60,1,0,0,0.6657926440238953,0.6657926440238953,0.6657926440238953,0.3342073857784271,0,3,3,post_calibration
3,2,0,3,60,1,1,1,0.6527344584465027,0.6527344584465027,0.3472655713558197,0.6527344584465027,0,3,3,post_calibration
3,3,0,4,60,1,1,1,0.6345716118812561,0.6345716118812561,0.3654283583164215,0.6345716118812561,0,3,3,post_calibration
3,4,0,5,60,0,0,1,0.6993731260299683,0.6993731260299683,0.6993731260299683,0.30062687397003174,0,3,3,post_calibration
3,5,0,6,60,1,1,1,0.5124104619026184,0.5124104619026184,0.4875895082950592,0.5124104619026184,0,3,3,post_calibration
3,6,0,7,60,0,1,0,0.539150059223175,0.539150059223175,0.46084997057914734,0.539150059223175,0,3,3,post_calibration
3,7,0,8,60,0,0,1,0.7126448154449463,0.7126448154449463,0.7126448154449463,0.2873551845550537,0,3,3,post_calibration
3,8,0,9,60,1,1,1,0.6514224410057068,0.6514224410057068,0.3485775887966156,0.6514224410057068,0,3,3,post_calibration
3,9,0,11,60,1,1,1,0.7658588290214539,0.7658588290214539,0.23414112627506256,0.7658588290214539,0,3,3,post_calibration
3,10,0,12,60,1,1,1,0.6079723834991455,0.6079723834991455,0.39202767610549927,0.6079723834991455,0,3,3,post_calibration
3,11,0,13,60,0,1,0,0.8213599920272827,0.8213599920272827,0.1786399632692337,0.8213599920272827,0,3,3,post_calibration
3,12,0,14,60,1,1,1,0.6844156384468079,0.6844156384468079,0.31558433175086975,0.6844156384468079,0,3,3,post_calibration
3,13,0,15,60,0,1,0,0.5724800229072571,0.5724800229072571,0.42751994729042053,0.5724800229072571,0,3,3,post_calibration
3,14,0,16,60,0,1,0,0.5093697309494019,0.5093697309494019,0.49063029885292053,0.5093697309494019,0,3,3,post_calibration
4,0,0,1,60,1,0,0,0.6939252614974976,0.6939252614974976,0.6939252614974976,0.30607473850250244,0,4,3,zero_shot_paired
4,1,0,2,60,1,0,0,0.6368491053581238,0.6368491053581238,0.6368491053581238,0.3631509244441986,0,4,3,zero_shot_paired
4,2,0,3,60,1,1,1,0.5700284242630005,0.5700284242630005,0.42997151613235474,0.5700284242630005,0,4,3,zero_shot_paired
4,3,0,4,60,1,1,1,0.6549636721611023,0.6549636721611023,0.3450362980365753,0.6549636721611023,0,4,3,zero_shot_paired
4,4,0,5,60,0,0,1,0.6906813383102417,0.6906813383102417,0.6906813383102417,0.3093186318874359,0,4,3,zero_shot_paired
4,5,0,6,60,1,0,0,0.5535165667533875,0.5535165667533875,0.5535165667533875,0.4464833736419678,0,4,3,zero_shot_paired
4,6,0,7,60,0,0,1,0.5265500545501709,0.5265500545501709,0.5265500545501709,0.4734499156475067,0,4,3,zero_shot_paired
4,7,0,9,60,1,1,1,0.6851813793182373,0.6851813793182373,0.3148185908794403,0.6851813793182373,0,4,3,zero_shot_paired
4,8,0,10,60,0,1,0,0.6872677206993103,0.6872677206993103,0.3127322793006897,0.6872677206993103,0,4,3,zero_shot_paired
4,9,0,11,60,1,1,1,0.7578783631324768,0.7578783631324768,0.2421216368675232,0.7578783631324768,0,4,3,zero_shot_paired
4,10,0,13,60,0,1,0,0.8060094714164734,0.8060094714164734,0.1939905732870102,0.8060094714164734,0,4,3,zero_shot_paired
4,11,0,14,60,1,1,1,0.6779772639274597,0.6779772639274597,0.32202276587486267,0.6779772639274597,0,4,3,zero_shot_paired
4,12,0,15,60,0,1,0,0.5168812274932861,0.5168812274932861,0.4831187427043915,0.5168812274932861,0,4,3,zero_shot_paired
4,13,0,16,60,0,0,1,0.5330765843391418,0.5330765843391418,0.5330765843391418,0.46692347526550293,0,4,3,zero_shot_paired
4,14,0,17,60,1,1,1,0.6274626851081848,0.6274626851081848,0.3725373148918152,0.6274626851081848,0,4,3,zero_shot_paired
4,0,0,1,60,1,0,0,0.7206432819366455,0.7206432819366455,0.7206432819366455,0.2793567180633545,0,4,3,post_calibration
4,1,0,2,60,1,0,0,0.6495994925498962,0.6495994925498962,0.6495994925498962,0.35040053725242615,0,4,3,post_calibration
4,2,0,3,60,1,1,1,0.5312777757644653,0.5312777757644653,0.46872222423553467,0.5312777757644653,0,4,3,post_calibration
4,3,0,4,60,1,1,1,0.6619467735290527,0.6619467735290527,0.33805322647094727,0.6619467735290527,0,4,3,post_calibration
4,4,0,5,60,0,0,1,0.685916543006897,0.685916543006897,0.685916543006897,0.31408342719078064,0,4,3,post_calibration
4,5,0,6,60,1,0,0,0.5798595547676086,0.5798595547676086,0.5798595547676086,0.4201403856277466,0,4,3,post_calibration
4,6,0,7,60,0,0,1,0.5265405774116516,0.5265405774116516,0.5265405774116516,0.4734594225883484,0,4,3,post_calibration
4,7,0,9,60,1,1,1,0.7209303975105286,0.7209303975105286,0.27906960248947144,0.7209303975105286,0,4,3,post_calibration
4,8,0,10,60,0,1,0,0.6955836415290833,0.6955836415290833,0.304416298866272,0.6955836415290833,0,4,3,post_calibration
4,9,0,11,60,1,1,1,0.7620341181755066,0.7620341181755066,0.2379658818244934,0.7620341181755066,0,4,3,post_calibration
4,10,0,13,60,0,1,0,0.8021829128265381,0.8021829128265381,0.19781707227230072,0.8021829128265381,0,4,3,post_calibration
4,11,0,14,60,1,1,1,0.690017580986023,0.690017580986023,0.30998241901397705,0.690017580986023,0,4,3,post_calibration
4,12,0,15,60,0,1,0,0.5111332535743713,0.5111332535743713,0.48886674642562866,0.5111332535743713,0,4,3,post_calibration
4,13,0,16,60,0,0,1,0.5178185105323792,0.5178185105323792,0.5178185105323792,0.48218145966529846,0,4,3,post_calibration
4,14,0,17,60,1,1,1,0.6057863235473633,0.6057863235473633,0.3942137062549591,0.6057863235473633,0,4,3,post_calibration
5,0,0,0,60,1,1,1,0.7031594514846802,0.7031594514846802,0.2968405485153198,0.7031594514846802,0,5,3,zero_shot_paired
5,1,0,1,60,1,0,0,0.6939252614974976,0.6939252614974976,0.6939252614974976,0.30607473850250244,0,5,3,zero_shot_paired
5,2,0,2,60,1,0,0,0.6368491053581238,0.6368491053581238,0.6368491053581238,0.3631509244441986,0,5,3,zero_shot_paired
5,3,0,3,60,1,1,1,0.5700284242630005,0.5700284242630005,0.42997151613235474,0.5700284242630005,0,5,3,zero_shot_paired
5,4,0,4,60,1,1,1,0.6549636721611023,0.6549636721611023,0.3450362980365753,0.6549636721611023,0,5,3,zero_shot_paired
5,5,0,5,60,0,0,1,0.6906813383102417,0.6906813383102417,0.6906813383102417,0.3093186318874359,0,5,3,zero_shot_paired
5,6,0,8,60,0,0,1,0.7333489060401917,0.7333489060401917,0.7333489060401917,0.26665106415748596,0,5,3,zero_shot_paired
5,7,0,9,60,1,1,1,0.6851813793182373,0.6851813793182373,0.3148185908794403,0.6851813793182373,0,5,3,zero_shot_paired
5,8,0,10,60,0,1,0,0.6872677206993103,0.6872677206993103,0.3127322793006897,0.6872677206993103,0,5,3,zero_shot_paired
5,9,0,11,60,1,1,1,0.7578783631324768,0.7578783631324768,0.2421216368675232,0.7578783631324768,0,5,3,zero_shot_paired
5,10,0,12,60,1,1,1,0.6398714184761047,0.6398714184761047,0.3601285517215729,0.6398714184761047,0,5,3,zero_shot_paired
5,11,0,13,60,0,1,0,0.8060094714164734,0.8060094714164734,0.1939905732870102,0.8060094714164734,0,5,3,zero_shot_paired
5,12,0,14,60,1,1,1,0.6779772639274597,0.6779772639274597,0.32202276587486267,0.6779772639274597,0,5,3,zero_shot_paired
5,13,0,15,60,0,1,0,0.5168812274932861,0.5168812274932861,0.4831187427043915,0.5168812274932861,0,5,3,zero_shot_paired
5,14,0,17,60,1,1,1,0.6274626851081848,0.6274626851081848,0.3725373148918152,0.6274626851081848,0,5,3,zero_shot_paired
5,0,0,0,60,1,1,1,0.7080044746398926,0.7080044746398926,0.2919955849647522,0.7080044746398926,0,5,3,post_calibration
5,1,0,1,60,1,0,0,0.6764495968818665,0.6764495968818665,0.6764495968818665,0.32355040311813354,0,5,3,post_calibration
5,2,0,2,60,1,0,0,0.6383774876594543,0.6383774876594543,0.6383774876594543,0.36162251234054565,0,5,3,post_calibration
5,3,0,3,60,1,1,1,0.596010684967041,0.596010684967041,0.403989315032959,0.596010684967041,0,5,3,post_calibration
5,4,0,4,60,1,1,1,0.6521756649017334,0.6521756649017334,0.3478243350982666,0.6521756649017334,0,5,3,post_calibration
5,5,0,5,60,0,0,1,0.722456693649292,0.722456693649292,0.722456693649292,0.2775433361530304,0,5,3,post_calibration
5,6,0,8,60,0,0,1,0.7038342356681824,0.7038342356681824,0.7038342356681824,0.29616579413414,0,5,3,post_calibration
5,7,0,9,60,1,1,1,0.6816059350967407,0.6816059350967407,0.31839409470558167,0.6816059350967407,0,5,3,post_calibration
5,8,0,10,60,0,1,0,0.6774907112121582,0.6774907112121582,0.3225093185901642,0.6774907112121582,0,5,3,post_calibration
5,9,0,11,60,1,1,1,0.7570809125900269,0.7570809125900269,0.24291910231113434,0.7570809125900269,0,5,3,post_calibration
5,10,0,12,60,1,1,1,0.614484429359436,0.614484429359436,0.38551563024520874,0.614484429359436,0,5,3,post_calibration
5,11,0,13,60,0,1,0,0.8103464841842651,0.8103464841842651,0.18965356051921844,0.8103464841842651,0,5,3,post_calibration
5,12,0,14,60,1,1,1,0.7008244395256042,0.7008244395256042,0.29917559027671814,0.7008244395256042,0,5,3,post_calibration
5,13,0,15,60,0,1,0,0.5366657972335815,0.5366657972335815,0.46333420276641846,0.5366657972335815,0,5,3,post_calibration
5,14,0,17,60,1,1,1,0.6324371099472046,0.6324371099472046,0.36756283044815063,0.6324371099472046,0,5,3,post_calibration
6,0,0,0,60,1,1,1,0.7031594514846802,0.7031594514846802,0.2968405485153198,0.7031594514846802,0,6,3,zero_shot_paired
6,1,0,1,60,1,0,0,0.6939252614974976,0.6939252614974976,0.6939252614974976,0.30607473850250244,0,6,3,zero_shot_paired
6,2,0,2,60,1,0,0,0.6368491053581238,0.6368491053581238,0.6368491053581238,0.3631509244441986,0,6,3,zero_shot_paired
6,3,0,4,60,1,1,1,0.6549636721611023,0.6549636721611023,0.3450362980365753,0.6549636721611023,0,6,3,zero_shot_paired
6,4,0,6,60,1,0,0,0.5535165667533875,0.5535165667533875,0.5535165667533875,0.4464833736419678,0,6,3,zero_shot_paired
6,5,0,7,60,0,0,1,0.5265500545501709,0.5265500545501709,0.5265500545501709,0.4734499156475067,0,6,3,zero_shot_paired
6,6,0,8,60,0,0,1,0.7333489060401917,0.7333489060401917,0.7333489060401917,0.26665106415748596,0,6,3,zero_shot_paired
6,7,0,9,60,1,1,1,0.6851813793182373,0.6851813793182373,0.3148185908794403,0.6851813793182373,0,6,3,zero_shot_paired
6,8,0,10,60,0,1,0,0.6872677206993103,0.6872677206993103,0.3127322793006897,0.6872677206993103,0,6,3,zero_shot_paired
6,9,0,11,60,1,1,1,0.7578783631324768,0.7578783631324768,0.2421216368675232,0.7578783631324768,0,6,3,zero_shot_paired
6,10,0,12,60,1,1,1,0.6398714184761047,0.6398714184761047,0.3601285517215729,0.6398714184761047,0,6,3,zero_shot_paired
6,11,0,13,60,0,1,0,0.8060094714164734,0.8060094714164734,0.1939905732870102,0.8060094714164734,0,6,3,zero_shot_paired
6,12,0,15,60,0,1,0,0.5168812274932861,0.5168812274932861,0.4831187427043915,0.5168812274932861,0,6,3,zero_shot_paired
6,13,0,16,60,0,0,1,0.5330765843391418,0.5330765843391418,0.5330765843391418,0.46692347526550293,0,6,3,zero_shot_paired
6,14,0,17,60,1,1,1,0.6274626851081848,0.6274626851081848,0.3725373148918152,0.6274626851081848,0,6,3,zero_shot_paired
6,0,0,0,60,1,1,1,0.7104038596153259,0.7104038596153259,0.2895960807800293,0.7104038596153259,0,6,3,post_calibration
6,1,0,1,60,1,0,0,0.6678757667541504,0.6678757667541504,0.6678757667541504,0.3321242332458496,0,6,3,post_calibration
6,2,0,2,60,1,0,0,0.5977510213851929,0.5977510213851929,0.5977510213851929,0.4022490382194519,0,6,3,post_calibration
6,3,0,4,60,1,1,1,0.6439907550811768,0.6439907550811768,0.35600924491882324,0.6439907550811768,0,6,3,post_calibration
6,4,0,6,60,1,1,1,0.5116631984710693,0.5116631984710693,0.4883367419242859,0.5116631984710693,0,6,3,post_calibration
6,5,0,7,60,0,1,0,0.5361136794090271,0.5361136794090271,0.4638863205909729,0.5361136794090271,0,6,3,post_calibration
6,6,0,8,60,0,0,1,0.7125478982925415,0.7125478982925415,0.7125478982925415,0.2874520421028137,0,6,3,post_calibration
6,7,0,9,60,1,1,1,0.6789226531982422,0.6789226531982422,0.3210773766040802,0.6789226531982422,0,6,3,post_calibration
6,8,0,10,60,0,1,0,0.6521099209785461,0.6521099209785461,0.34789010882377625,0.6521099209785461,0,6,3,post_calibration
6,9,0,11,60,1,1,1,0.7786190509796143,0.7786190509796143,0.22138090431690216,0.7786190509796143,0,6,3,post_calibration
6,10,0,12,60,1,1,1,0.625933051109314,0.625933051109314,0.37406691908836365,0.625933051109314,0,6,3,post_calibration
6,11,0,13,60,0,1,0,0.8332377076148987,0.8332377076148987,0.1667623221874237,0.8332377076148987,0,6,3,post_calibration
6,12,0,15,60,0,1,0,0.5500711798667908,0.5500711798667908,0.44992882013320923,0.5500711798667908,0,6,3,post_calibration
6,13,0,16,60,0,0,1,0.5251614451408386,0.5251614451408386,0.5251614451408386,0.4748385548591614,0,6,3,post_calibration
6,14,0,17,60,1,1,1,0.6432347893714905,0.6432347893714905,0.3567652404308319,0.6432347893714905,0,6,3,post_calibration
7,0,0,0,60,1,1,1,0.7031594514846802,0.7031594514846802,0.2968405485153198,0.7031594514846802,0,1,6,zero_shot_paired
7,1,0,1,60,1,0,0,0.6939252614974976,0.6939252614974976,0.6939252614974976,0.30607473850250244,0,1,6,zero_shot_paired
7,2,0,4,60,1,1,1,0.6549636721611023,0.6549636721611023,0.3450362980365753,0.6549636721611023,0,1,6,zero_shot_paired
7,3,0,6,60,1,0,0,0.5535165667533875,0.5535165667533875,0.5535165667533875,0.4464833736419678,0,1,6,zero_shot_paired
7,4,0,7,60,0,0,1,0.5265500545501709,0.5265500545501709,0.5265500545501709,0.4734499156475067,0,1,6,zero_shot_paired
7,5,0,8,60,0,0,1,0.7333489060401917,0.7333489060401917,0.7333489060401917,0.26665106415748596,0,1,6,zero_shot_paired
7,6,0,9,60,1,1,1,0.6851813793182373,0.6851813793182373,0.3148185908794403,0.6851813793182373,0,1,6,zero_shot_paired
7,7,0,11,60,1,1,1,0.7578783631324768,0.7578783631324768,0.2421216368675232,0.7578783631324768,0,1,6,zero_shot_paired
7,8,0,12,60,1,1,1,0.6398714184761047,0.6398714184761047,0.3601285517215729,0.6398714184761047,0,1,6,zero_shot_paired
7,9,0,13,60,0,1,0,0.8060094714164734,0.8060094714164734,0.1939905732870102,0.8060094714164734,0,1,6,zero_shot_paired
7,10,0,15,60,0,1,0,0.5168812274932861,0.5168812274932861,0.4831187427043915,0.5168812274932861,0,1,6,zero_shot_paired
7,11,0,16,60,0,0,1,0.5330765843391418,0.5330765843391418,0.5330765843391418,0.46692347526550293,0,1,6,zero_shot_paired
7,0,0,0,60,1,1,1,0.7349555492401123,0.7349555492401123,0.2650443911552429,0.7349555492401123,0,1,6,post_calibration
7,1,0,1,60,1,0,0,0.6675575375556946,0.6675575375556946,0.6675575375556946,0.3324424624443054,0,1,6,post_calibration
7,2,0,4,60,1,1,1,0.6460782289505005,0.6460782289505005,0.3539217710494995,0.6460782289505005,0,1,6,post_calibration
7,3,0,6,60,1,1,1,0.5263256430625916,0.5263256430625916,0.47367432713508606,0.5263256430625916,0,1,6,post_calibration
7,4,0,7,60,0,1,0,0.5515133142471313,0.5515133142471313,0.44848665595054626,0.5515133142471313,0,1,6,post_calibration
7,5,0,8,60,0,0,1,0.6986491680145264,0.6986491680145264,0.6986491680145264,0.30135077238082886,0,1,6,post_calibration
7,6,0,9,60,1,1,1,0.6649535298347473,0.6649535298347473,0.33504652976989746,0.6649535298347473,0,1,6,post_calibration
7,7,0,11,60,1,1,1,0.779892086982727,0.779892086982727,0.22010792791843414,0.779892086982727,0,1,6,post_calibration
7,8,0,12,60,1,1,1,0.6226440072059631,0.6226440072059631,0.37735599279403687,0.6226440072059631,0,1,6,post_calibration
7,9,0,13,60,0,1,0,0.831333577632904,0.831333577632904,0.16866643726825714,0.831333577632904,0,1,6,post_calibration
7,10,0,15,60,0,1,0,0.5726779699325562,0.5726779699325562,0.42732203006744385,0.5726779699325562,0,1,6,post_calibration
7,11,0,16,60,0,0,1,0.50250244140625,0.50250244140625,0.50250244140625,0.4974975883960724,0,1,6,post_calibration
8,0,0,1,60,1,0,0,0.6939252614974976,0.6939252614974976,0.6939252614974976,0.30607473850250244,0,2,6,zero_shot_paired
8,1,0,2,60,1,0,0,0.6368491053581238,0.6368491053581238,0.6368491053581238,0.3631509244441986,0,2,6,zero_shot_paired
8,2,0,3,60,1,1,1,0.5700284242630005,0.5700284242630005,0.42997151613235474,0.5700284242630005,0,2,6,zero_shot_paired
8,3,0,4,60,1,1,1,0.6549636721611023,0.6549636721611023,0.3450362980365753,0.6549636721611023,0,2,6,zero_shot_paired
8,4,0,5,60,0,0,1,0.6906813383102417,0.6906813383102417,0.6906813383102417,0.3093186318874359,0,2,6,zero_shot_paired
8,5,0,8,60,0,0,1,0.7333489060401917,0.7333489060401917,0.7333489060401917,0.26665106415748596,0,2,6,zero_shot_paired
8,6,0,9,60,1,1,1,0.6851813793182373,0.6851813793182373,0.3148185908794403,0.6851813793182373,0,2,6,zero_shot_paired
8,7,0,10,60,0,1,0,0.6872677206993103,0.6872677206993103,0.3127322793006897,0.6872677206993103,0,2,6,zero_shot_paired
8,8,0,13,60,0,1,0,0.8060094714164734,0.8060094714164734,0.1939905732870102,0.8060094714164734,0,2,6,zero_shot_paired
8,9,0,14,60,1,1,1,0.6779772639274597,0.6779772639274597,0.32202276587486267,0.6779772639274597,0,2,6,zero_shot_paired
8,10,0,15,60,0,1,0,0.5168812274932861,0.5168812274932861,0.4831187427043915,0.5168812274932861,0,2,6,zero_shot_paired
8,11,0,17,60,1,1,1,0.6274626851081848,0.6274626851081848,0.3725373148918152,0.6274626851081848,0,2,6,zero_shot_paired
8,0,0,1,60,1,0,0,0.7078040838241577,0.7078040838241577,0.7078040838241577,0.2921959161758423,0,2,6,post_calibration
8,1,0,2,60,1,0,0,0.6486994028091431,0.6486994028091431,0.6486994028091431,0.3513006567955017,0,2,6,post_calibration
8,2,0,3,60,1,1,1,0.5455524325370789,0.5455524325370789,0.45444756746292114,0.5455524325370789,0,2,6,post_calibration
8,3,0,4,60,1,1,1,0.6766966581344604,0.6766966581344604,0.32330334186553955,0.6766966581344604,0,2,6,post_calibration
8,4,0,5,60,0,0,1,0.7142186760902405,0.7142186760902405,0.7142186760902405,0.2857813239097595,0,2,6,post_calibration
8,5,0,8,60,0,0,1,0.7107569575309753,0.7107569575309753,0.7107569575309753,0.28924304246902466,0,2,6,post_calibration
8,6,0,9,60,1,1,1,0.7009843587875366,0.7009843587875366,0.299015611410141,0.7009843587875366,0,2,6,post_calibration
8,7,0,10,60,0,1,0,0.6884683966636658,0.6884683966636658,0.31153157353401184,0.6884683966636658,0,2,6,post_calibration
8,8,0,13,60,0,1,0,0.8070926666259766,0.8070926666259766,0.19290731847286224,0.8070926666259766,0,2,6,post_calibration
8,9,0,14,60,1,1,1,0.7009715437889099,0.7009715437889099,0.2990284264087677,0.7009715437889099,0,2,6,post_calibration
8,10,0,15,60,0,1,0,0.509697675704956,0.509697675704956,0.49030235409736633,0.509697675704956,0,2,6,post_calibration
8,11,0,17,60,1,1,1,0.6106566786766052,0.6106566786766052,0.38934335112571716,0.6106566786766052,0,2,6,post_calibration
9,0,0,0,60,1,1,1,0.7031594514846802,0.7031594514846802,0.2968405485153198,0.7031594514846802,0,3,6,zero_shot_paired
9,1,0,2,60,1,0,0,0.6368491053581238,0.6368491053581238,0.6368491053581238,0.3631509244441986,0,3,6,zero_shot_paired
9,2,0,3,60,1,1,1,0.5700284242630005,0.5700284242630005,0.42997151613235474,0.5700284242630005,0,3,6,zero_shot_paired
9,3,0,5,60,0,0,1,0.6906813383102417,0.6906813383102417,0.6906813383102417,0.3093186318874359,0,3,6,zero_shot_paired
9,4,0,6,60,1,0,0,0.5535165667533875,0.5535165667533875,0.5535165667533875,0.4464833736419678,0,3,6,zero_shot_paired
9,5,0,7,60,0,0,1,0.5265500545501709,0.5265500545501709,0.5265500545501709,0.4734499156475067,0,3,6,zero_shot_paired
9,6,0,10,60,0,1,0,0.6872677206993103,0.6872677206993103,0.3127322793006897,0.6872677206993103,0,3,6,zero_shot_paired
9,7,0,11,60,1,1,1,0.7578783631324768,0.7578783631324768,0.2421216368675232,0.7578783631324768,0,3,6,zero_shot_paired
9,8,0,12,60,1,1,1,0.6398714184761047,0.6398714184761047,0.3601285517215729,0.6398714184761047,0,3,6,zero_shot_paired
9,9,0,14,60,1,1,1,0.6779772639274597,0.6779772639274597,0.32202276587486267,0.6779772639274597,0,3,6,zero_shot_paired
9,10,0,16,60,0,0,1,0.5330765843391418,0.5330765843391418,0.5330765843391418,0.46692347526550293,0,3,6,zero_shot_paired
9,11,0,17,60,1,1,1,0.6274626851081848,0.6274626851081848,0.3725373148918152,0.6274626851081848,0,3,6,zero_shot_paired
9,0,0,0,60,1,1,1,0.6779056191444397,0.6779056191444397,0.3220943808555603,0.6779056191444397,0,3,6,post_calibration
9,1,0,2,60,1,0,0,0.6354840397834778,0.6354840397834778,0.6354840397834778,0.3645159602165222,0,3,6,post_calibration
9,2,0,3,60,1,1,1,0.5652875304222107,0.5652875304222107,0.4347124993801117,0.5652875304222107,0,3,6,post_calibration
9,3,0,5,60,0,0,1,0.6481375694274902,0.6481375694274902,0.6481375694274902,0.35186243057250977,0,3,6,post_calibration
9,4,0,6,60,1,0,0,0.5671764016151428,0.5671764016151428,0.5671764016151428,0.43282365798950195,0,3,6,post_calibration
9,5,0,7,60,0,0,1,0.530403733253479,0.530403733253479,0.530403733253479,0.469596266746521,0,3,6,post_calibration
9,6,0,10,60,0,1,0,0.7178239226341248,0.7178239226341248,0.28217610716819763,0.7178239226341248,0,3,6,post_calibration
9,7,0,11,60,1,1,1,0.7366434335708618,0.7366434335708618,0.26335659623146057,0.7366434335708618,0,3,6,post_calibration
9,8,0,12,60,1,1,1,0.6373535394668579,0.6373535394668579,0.3626464307308197,0.6373535394668579,0,3,6,post_calibration
9,9,0,14,60,1,1,1,0.6370378732681274,0.6370378732681274,0.36296215653419495,0.6370378732681274,0,3,6,post_calibration
9,10,0,16,60,0,0,1,0.5369636416435242,0.5369636416435242,0.5369636416435242,0.4630363881587982,0,3,6,post_calibration
9,11,0,17,60,1,1,1,0.6240357756614685,0.6240357756614685,0.3759641945362091,0.6240357756614685,0,3,6,post_calibration
10,0,0,1,60,1,0,0,0.6939268708229065,0.6939268708229065,0.6939268708229065,0.3060731291770935,0,1,9,zero_shot_paired
10,1,0,2,60,1,0,0,0.6368473172187805,0.6368473172187805,0.6368473172187805,0.36315271258354187,0,1,9,zero_shot_paired
10,2,0,3,60,1,1,1,0.5700284242630005,0.5700284242630005,0.42997151613235474,0.5700284242630005,0,1,9,zero_shot_paired
10,3,0,5,60,0,0,1,0.6906830072402954,0.6906830072402954,0.6906830072402954,0.309317022562027,0,1,9,zero_shot_paired
10,4,0,6,60,1,0,0,0.5535147190093994,0.5535147190093994,0.5535147190093994,0.4464852809906006,0,1,9,zero_shot_paired
10,5,0,12,60,1,1,1,0.6398731470108032,0.6398731470108032,0.360126793384552,0.6398731470108032,0,1,9,zero_shot_paired
10,6,0,13,60,0,1,0,0.8060034513473511,0.8060034513473511,0.19399653375148773,0.8060034513473511,0,1,9,zero_shot_paired
10,7,0,15,60,0,1,0,0.5168812274932861,0.5168812274932861,0.4831187427043915,0.5168812274932861,0,1,9,zero_shot_paired
10,8,0,17,60,1,1,1,0.6274626851081848,0.6274626851081848,0.3725373148918152,0.6274626851081848,0,1,9,zero_shot_paired
10,0,0,1,60,1,0,0,0.760148823261261,0.760148823261261,0.760148823261261,0.23985114693641663,0,1,9,post_calibration
10,1,0,2,60,1,0,0,0.6769119501113892,0.6769119501113892,0.6769119501113892,0.32308802008628845,0,1,9,post_calibration
10,2,0,3,60,1,1,1,0.5269666314125061,0.5269666314125061,0.4730333983898163,0.5269666314125061,0,1,9,post_calibration
10,3,0,5,60,0,0,1,0.7215654253959656,0.7215654253959656,0.7215654253959656,0.27843454480171204,0,1,9,post_calibration
10,4,0,6,60,1,0,0,0.5892289280891418,0.5892289280891418,0.5892289280891418,0.41077104210853577,0,1,9,post_calibration
10,5,0,12,60,1,1,1,0.6503059267997742,0.6503059267997742,0.34969404339790344,0.6503059267997742,0,1,9,post_calibration
10,6,0,13,60,0,1,0,0.8029891848564148,0.8029891848564148,0.197010800242424,0.8029891848564148,0,1,9,post_calibration
10,7,0,15,60,0,0,1,0.5078557133674622,0.5078557133674622,0.5078557133674622,0.49214428663253784,0,1,9,post_calibration
10,8,0,17,60,1,1,1,0.5644136667251587,0.5644136667251587,0.4355863928794861,0.5644136667251587,0,1,9,post_calibration
11,0,0,0,60,1,1,1,0.7031546831130981,0.7031546831130981,0.29684531688690186,0.7031546831130981,0,2,9,zero_shot_paired
11,1,0,4,60,1,1,1,0.6549688577651978,0.6549688577651978,0.34503114223480225,0.6549688577651978,0,2,9,zero_shot_paired
11,2,0,7,60,0,0,1,0.5265330076217651,0.5265330076217651,0.5265330076217651,0.47346702218055725,0,2,9,zero_shot_paired
11,3,0,8,60,0,0,1,0.7333504557609558,0.7333504557609558,0.7333504557609558,0.26664960384368896,0,2,9,zero_shot_paired
11,4,0,9,60,1,1,1,0.6851781010627747,0.6851781010627747,0.31482186913490295,0.6851781010627747,0,2,9,zero_shot_paired
11,5,0,10,60,0,1,0,0.687269389629364,0.687269389629364,0.31273066997528076,0.687269389629364,0,2,9,zero_shot_paired
11,6,0,11,60,1,1,1,0.757881224155426,0.757881224155426,0.24211883544921875,0.757881224155426,0,2,9,zero_shot_paired
11,7,0,14,60,1,1,1,0.6779806017875671,0.6779806017875671,0.32201939821243286,0.6779806017875671,0,2,9,zero_shot_paired
11,8,0,16,60,0,0,1,0.5330860614776611,0.5330860614776611,0.5330860614776611,0.46691396832466125,0,2,9,zero_shot_paired
11,0,0,0,60,1,1,1,0.7144397497177124,0.7144397497177124,0.2855602502822876,0.7144397497177124,0,2,9,post_calibration
11,1,0,4,60,1,1,1,0.6464183926582336,0.6464183926582336,0.35358163714408875,0.6464183926582336,0,2,9,post_calibration
11,2,0,7,60,0,1,0,0.5232509970664978,0.5232509970664978,0.476749062538147,0.5232509970664978,0,2,9,post_calibration
11,3,0,8,60,0,0,1,0.7092269062995911,0.7092269062995911,0.7092269062995911,0.2907731533050537,0,2,9,post_calibration
11,4,0,9,60,1,1,1,0.6846199631690979,0.6846199631690979,0.3153800666332245,0.6846199631690979,0,2,9,post_calibration
11,5,0,10,60,0,1,0,0.7001714110374451,0.7001714110374451,0.2998286485671997,0.7001714110374451,0,2,9,post_calibration
11,6,0,11,60,1,1,1,0.7616493105888367,0.7616493105888367,0.23835070431232452,0.7616493105888367,0,2,9,post_calibration
11,7,0,14,60,1,1,1,0.655566930770874,0.655566930770874,0.34443309903144836,0.655566930770874,0,2,9,post_calibration
11,8,0,16,60,0,0,1,0.5148748755455017,0.5148748755455017,0.5148748755455017,0.4851251542568207,0,2,9,post_calibration
12,0,0,0,60,1,1,1,0.7031658291816711,0.7031658291816711,0.29683417081832886,0.7031658291816711,0,1,12,zero_shot_paired
12,1,0,4,60,1,1,1,0.6548826694488525,0.6548826694488525,0.34511736035346985,0.6548826694488525,0,1,12,zero_shot_paired
12,2,0,10,60,0,1,0,0.6872660517692566,0.6872660517692566,0.312733918428421,0.6872660517692566,0,1,12,zero_shot_paired
12,3,0,11,60,1,1,1,0.7579498291015625,0.7579498291015625,0.24205023050308228,0.7579498291015625,0,1,12,zero_shot_paired
12,4,0,12,60,1,1,1,0.6399628520011902,0.6399628520011902,0.3600371479988098,0.6399628520011902,0,1,12,zero_shot_paired
12,5,0,16,60,0,0,1,0.5329834818840027,0.5329834818840027,0.5329834818840027,0.4670165181159973,0,1,12,zero_shot_paired
12,0,0,0,60,1,1,1,0.7048065662384033,0.7048065662384033,0.2951934039592743,0.7048065662384033,0,1,12,post_calibration
12,1,0,4,60,1,1,1,0.6290128827095032,0.6290128827095032,0.37098705768585205,0.6290128827095032,0,1,12,post_calibration
12,2,0,10,60,0,1,0,0.6909078359603882,0.6909078359603882,0.30909213423728943,0.6909078359603882,0,1,12,post_calibration
12,3,0,11,60,1,1,1,0.7431272864341736,0.7431272864341736,0.2568727731704712,0.7431272864341736,0,1,12,post_calibration
12,4,0,12,60,1,1,1,0.6229343414306641,0.6229343414306641,0.37706562876701355,0.6229343414306641,0,1,12,post_calibration
12,5,0,16,60,0,0,1,0.5261886715888977,0.5261886715888977,0.5261886715888977,0.4738112986087799,0,1,12,post_calibration
13,0,0,0,60,1,1,1,0.7031658291816711,0.7031658291816711,0.29683417081832886,0.7031658291816711,0,2,12,zero_shot_paired
13,1,0,2,60,1,0,0,0.6368491053581238,0.6368491053581238,0.6368491053581238,0.3631509244441986,0,2,12,zero_shot_paired
13,2,0,5,60,0,0,1,0.6906487345695496,0.6906487345695496,0.6906487345695496,0.30935123562812805,0,2,12,zero_shot_paired
13,3,0,14,60,1,1,1,0.6780138611793518,0.6780138611793518,0.3219861090183258,0.6780138611793518,0,2,12,zero_shot_paired
13,4,0,16,60,0,0,1,0.5329834818840027,0.5329834818840027,0.5329834818840027,0.4670165181159973,0,2,12,zero_shot_paired
13,5,0,17,60,1,1,1,0.6274680495262146,0.6274680495262146,0.3725319504737854,0.6274680495262146,0,2,12,zero_shot_paired
13,0,0,0,60,1,1,1,0.6947510242462158,0.6947510242462158,0.3052489757537842,0.6947510242462158,0,2,12,post_calibration
13,1,0,2,60,1,0,0,0.5920844674110413,0.5920844674110413,0.5920844674110413,0.40791556239128113,0,2,12,post_calibration
13,2,0,5,60,0,0,1,0.6867082118988037,0.6867082118988037,0.6867082118988037,0.3132917284965515,0,2,12,post_calibration
13,3,0,14,60,1,1,1,0.6733846664428711,0.6733846664428711,0.3266153335571289,0.6733846664428711,0,2,12,post_calibration
13,4,0,16,60,0,0,1,0.5265862345695496,0.5265862345695496,0.5265862345695496,0.47341376543045044,0,2,12,post_calibration
13,5,0,17,60,1,1,1,0.6342282891273499,0.6342282891273499,0.36577165126800537,0.6342282891273499,0,2,12,post_calibration
14,0,0,1,60,1,0,0,0.6939284801483154,0.6939284801483154,0.6939284801483154,0.30607151985168457,0,3,12,zero_shot_paired
14,1,0,2,60,1,0,0,0.6368491053581238,0.6368491053581238,0.6368491053581238,0.3631509244441986,0,3,12,zero_shot_paired
14,2,0,7,60,0,0,1,0.5266851186752319,0.5266851186752319,0.5266851186752319,0.47331488132476807,0,3,12,zero_shot_paired
14,3,0,12,60,1,1,1,0.6399628520011902,0.6399628520011902,0.3600371479988098,0.6399628520011902,0,3,12,zero_shot_paired
14,4,0,15,60,0,1,0,0.5169307589530945,0.5169307589530945,0.48306921124458313,0.5169307589530945,0,3,12,zero_shot_paired
14,5,0,17,60,1,1,1,0.6274680495262146,0.6274680495262146,0.3725319504737854,0.6274680495262146,0,3,12,zero_shot_paired
14,0,0,1,60,1,0,0,0.7283499836921692,0.7283499836921692,0.7283499836921692,0.2716500163078308,0,3,12,post_calibration
14,1,0,2,60,1,0,0,0.6543289422988892,0.6543289422988892,0.6543289422988892,0.34567102789878845,0,3,12,post_calibration
14,2,0,7,60,0,0,1,0.5286113619804382,0.5286113619804382,0.5286113619804382,0.47138866782188416,0,3,12,post_calibration
14,3,0,12,60,1,1,1,0.6126899123191833,0.6126899123191833,0.38731005787849426,0.6126899123191833,0,3,12,post_calibration
14,4,0,15,60,0,1,0,0.5136227011680603,0.5136227011680603,0.4863772690296173,0.5136227011680603,0,3,12,post_calibration
14,5,0,17,60,1,1,1,0.5905873775482178,0.5905873775482178,0.4094126224517822,0.5905873775482178,0,3,12,post_calibration
2,0,1,0,60,0,1,0,0.7509425282478333,0.7509425282478333,0.24905750155448914,0.7509425282478333,1,,,zero_shot_all_trials
2,1,1,1,60,1,1,1,0.5528244972229004,0.5528244972229004,0.4471755027770996,0.5528244972229004,1,,,zero_shot_all_trials
2,2,1,2,60,1,0,0,0.6751959919929504,0.6751959919929504,0.6751959919929504,0.32480403780937195,1,,,zero_shot_all_trials
2,3,1,3,60,1,1,1,0.7005764245986938,0.7005764245986938,0.29942357540130615,0.7005764245986938,1,,,zero_shot_all_trials
2,4,1,4,60,0,0,1,0.7739900350570679,0.7739900350570679,0.7739900350570679,0.22600996494293213,1,,,zero_shot_all_trials
2,5,1,5,60,1,0,0,0.6639634966850281,0.6639634966850281,0.6639634966850281,0.3360365331172943,1,,,zero_shot_all_trials
2,6,1,6,60,0,1,0,0.7481798529624939,0.7481798529624939,0.2518201470375061,0.7481798529624939,1,,,zero_shot_all_trials
2,7,1,7,60,1,1,1,0.6060851216316223,0.6060851216316223,0.39391493797302246,0.6060851216316223,1,,,zero_shot_all_trials
2,8,1,8,60,1,1,1,0.589413583278656,0.589413583278656,0.410586416721344,0.589413583278656,1,,,zero_shot_all_trials
2,9,1,9,60,1,1,1,0.6627947688102722,0.6627947688102722,0.3372052311897278,0.6627947688102722,1,,,zero_shot_all_trials
2,10,1,10,60,0,0,1,0.5420547127723694,0.5420547127723694,0.5420547127723694,0.457945317029953,1,,,zero_shot_all_trials
2,11,1,11,60,1,0,0,0.5822944045066833,0.5822944045066833,0.5822944045066833,0.41770562529563904,1,,,zero_shot_all_trials
2,12,1,12,60,1,1,1,0.8382612466812134,0.8382612466812134,0.16173872351646423,0.8382612466812134,1,,,zero_shot_all_trials
2,13,1,13,60,1,0,0,0.5514435172080994,0.5514435172080994,0.5514435172080994,0.44855648279190063,1,,,zero_shot_all_trials
2,14,1,14,60,1,1,1,0.7752726078033447,0.7752726078033447,0.2247273176908493,0.7752726078033447,1,,,zero_shot_all_trials
2,15,1,15,60,1,1,1,0.5214558839797974,0.5214558839797974,0.47854405641555786,0.5214558839797974,1,,,zero_shot_all_trials
2,16,1,16,60,1,1,1,0.5058114528656006,0.5058114528656006,0.4941885769367218,0.5058114528656006,1,,,zero_shot_all_trials
2,17,1,17,60,1,1,1,0.7608186602592468,0.7608186602592468,0.23918132483959198,0.7608186602592468,1,,,zero_shot_all_trials
15,0,1,0,60,0,1,0,0.750939667224884,0.750939667224884,0.24906034767627716,0.750939667224884,1,1,3,zero_shot_paired
15,1,1,1,60,1,1,1,0.5528302192687988,0.5528302192687988,0.44716981053352356,0.5528302192687988,1,1,3,zero_shot_paired
15,2,1,2,60,1,0,0,0.6751976609230042,0.6751976609230042,0.6751976609230042,0.32480233907699585,1,1,3,zero_shot_paired
15,3,1,3,60,1,1,1,0.7005764245986938,0.7005764245986938,0.29942357540130615,0.7005764245986938,1,1,3,zero_shot_paired
15,4,1,4,60,0,0,1,0.7739980816841125,0.7739980816841125,0.7739980816841125,0.22600196301937103,1,1,3,zero_shot_paired
15,5,1,5,60,1,0,0,0.6639703512191772,0.6639703512191772,0.6639703512191772,0.33602967858314514,1,1,3,zero_shot_paired
15,6,1,6,60,0,1,0,0.7481727004051208,0.7481727004051208,0.2518273591995239,0.7481727004051208,1,1,3,zero_shot_paired
15,7,1,7,60,1,1,1,0.6060814261436462,0.6060814261436462,0.39391857385635376,0.6060814261436462,1,1,3,zero_shot_paired
15,8,1,9,60,1,1,1,0.6627981662750244,0.6627981662750244,0.3372018039226532,0.6627981662750244,1,1,3,zero_shot_paired
15,9,1,10,60,0,0,1,0.5420660972595215,0.5420660972595215,0.5420660972595215,0.4579339027404785,1,1,3,zero_shot_paired
15,10,1,11,60,1,0,0,0.5822961926460266,0.5822961926460266,0.5822961926460266,0.417703777551651,1,1,3,zero_shot_paired
15,11,1,12,60,1,1,1,0.8382560610771179,0.8382560610771179,0.1617439091205597,0.8382560610771179,1,1,3,zero_shot_paired
15,12,1,14,60,1,1,1,0.7752739787101746,0.7752739787101746,0.22472600638866425,0.7752739787101746,1,1,3,zero_shot_paired
15,13,1,16,60,1,1,1,0.505807638168335,0.505807638168335,0.4941924214363098,0.505807638168335,1,1,3,zero_shot_paired
15,14,1,17,60,1,1,1,0.7608228325843811,0.7608228325843811,0.2391771525144577,0.7608228325843811,1,1,3,zero_shot_paired
15,0,1,0,60,0,1,0,0.7362183928489685,0.7362183928489685,0.2637815773487091,0.7362183928489685,1,1,3,post_calibration
15,1,1,1,60,1,1,1,0.5123932957649231,0.5123932957649231,0.4876066744327545,0.5123932957649231,1,1,3,post_calibration
15,2,1,2,60,1,0,0,0.6337857246398926,0.6337857246398926,0.6337857246398926,0.36621421575546265,1,1,3,post_calibration
15,3,1,3,60,1,1,1,0.6691877245903015,0.6691877245903015,0.3308122754096985,0.6691877245903015,1,1,3,post_calibration
15,4,1,4,60,0,0,1,0.763497531414032,0.763497531414032,0.763497531414032,0.23650246858596802,1,1,3,post_calibration
15,5,1,5,60,1,0,0,0.604853093624115,0.604853093624115,0.604853093624115,0.3951469361782074,1,1,3,post_calibration
15,6,1,6,60,0,1,0,0.7775506973266602,0.7775506973266602,0.22244930267333984,0.7775506973266602,1,1,3,post_calibration
15,7,1,7,60,1,1,1,0.5852770805358887,0.5852770805358887,0.41472285985946655,0.5852770805358887,1,1,3,post_calibration
15,8,1,9,60,1,1,1,0.7108400464057922,0.7108400464057922,0.28915995359420776,0.7108400464057922,1,1,3,post_calibration
15,9,1,10,60,0,1,0,0.5109959840774536,0.5109959840774536,0.489003986120224,0.5109959840774536,1,1,3,post_calibration
15,10,1,11,60,1,0,0,0.5344492793083191,0.5344492793083191,0.5344492793083191,0.4655507504940033,1,1,3,post_calibration
15,11,1,12,60,1,1,1,0.8299684524536133,0.8299684524536133,0.1700315773487091,0.8299684524536133,1,1,3,post_calibration
15,12,1,14,60,1,1,1,0.8099368810653687,0.8099368810653687,0.19006310403347015,0.8099368810653687,1,1,3,post_calibration
15,13,1,16,60,1,0,0,0.5076707601547241,0.5076707601547241,0.5076707601547241,0.49232926964759827,1,1,3,post_calibration
15,14,1,17,60,1,1,1,0.7771888971328735,0.7771888971328735,0.22281110286712646,0.7771888971328735,1,1,3,post_calibration
16,0,1,0,60,0,1,0,0.7509511113166809,0.7509511113166809,0.24904893338680267,0.7509511113166809,1,2,3,zero_shot_paired
16,1,1,1,60,1,1,1,0.5528244972229004,0.5528244972229004,0.4471755027770996,0.5528244972229004,1,2,3,zero_shot_paired
16,2,1,2,60,1,0,0,0.6751993298530579,0.6751993298530579,0.6751993298530579,0.32480067014694214,1,2,3,zero_shot_paired
16,3,1,3,60,1,1,1,0.7005940079689026,0.7005940079689026,0.299405962228775,0.7005940079689026,1,2,3,zero_shot_paired
16,4,1,4,60,0,0,1,0.7739887237548828,0.7739887237548828,0.7739887237548828,0.22601129114627838,1,2,3,zero_shot_paired
16,5,1,5,60,1,0,0,0.663972020149231,0.663972020149231,0.663972020149231,0.33602800965309143,1,2,3,zero_shot_paired
16,6,1,6,60,0,1,0,0.7481784224510193,0.7481784224510193,0.2518216073513031,0.7481784224510193,1,2,3,zero_shot_paired
16,7,1,7,60,1,1,1,0.6060814261436462,0.6060814261436462,0.39391857385635376,0.6060814261436462,1,2,3,zero_shot_paired
16,8,1,8,60,1,1,1,0.5894098877906799,0.5894098877906799,0.4105900824069977,0.5894098877906799,1,2,3,zero_shot_paired
16,9,1,9,60,1,1,1,0.6627964973449707,0.6627964973449707,0.3372035324573517,0.6627964973449707,1,2,3,zero_shot_paired
16,10,1,13,60,1,0,0,0.5514265894889832,0.5514265894889832,0.5514265894889832,0.44857344031333923,1,2,3,zero_shot_paired
16,11,1,14,60,1,1,1,0.7752793431282043,0.7752793431282043,0.22472068667411804,0.7752793431282043,1,2,3,zero_shot_paired
16,12,1,15,60,1,1,1,0.5214444994926453,0.5214444994926453,0.47855547070503235,0.5214444994926453,1,2,3,zero_shot_paired
16,13,1,16,60,1,1,1,0.5058133006095886,0.5058133006095886,0.494186669588089,0.5058133006095886,1,2,3,zero_shot_paired
16,14,1,17,60,1,1,1,0.7608159184455872,0.7608159184455872,0.23918409645557404,0.7608159184455872,1,2,3,zero_shot_paired
16,0,1,0,60,0,1,0,0.7556722164154053,0.7556722164154053,0.24432778358459473,0.7556722164154053,1,2,3,post_calibration
16,1,1,1,60,1,1,1,0.5502731800079346,0.5502731800079346,0.44972679018974304,0.5502731800079346,1,2,3,post_calibration
16,2,1,2,60,1,0,0,0.6514380574226379,0.6514380574226379,0.6514380574226379,0.34856197237968445,1,2,3,post_calibration
16,3,1,3,60,1,1,1,0.7163674831390381,0.7163674831390381,0.2836325466632843,0.7163674831390381,1,2,3,post_calibration
16,4,1,4,60,0,0,1,0.7704080939292908,0.7704080939292908,0.7704080939292908,0.22959190607070923,1,2,3,post_calibration
16,5,1,5,60,1,0,0,0.6139474511146545,0.6139474511146545,0.6139474511146545,0.38605251908302307,1,2,3,post_calibration
16,6,1,6,60,0,1,0,0.7459713220596313,0.7459713220596313,0.25402867794036865,0.7459713220596313,1,2,3,post_calibration
16,7,1,7,60,1,1,1,0.596664547920227,0.596664547920227,0.40333548188209534,0.596664547920227,1,2,3,post_calibration
16,8,1,8,60,1,1,1,0.5959206819534302,0.5959206819534302,0.4040793180465698,0.5959206819534302,1,2,3,post_calibration
16,9,1,9,60,1,1,1,0.6872595548629761,0.6872595548629761,0.3127404749393463,0.6872595548629761,1,2,3,post_calibration
16,10,1,13,60,1,0,0,0.5459780097007751,0.5459780097007751,0.5459780097007751,0.45402199029922485,1,2,3,post_calibration
16,11,1,14,60,1,1,1,0.7679346799850464,0.7679346799850464,0.2320653200149536,0.7679346799850464,1,2,3,post_calibration
16,12,1,15,60,1,1,1,0.5315038561820984,0.5315038561820984,0.468496173620224,0.5315038561820984,1,2,3,post_calibration
16,13,1,16,60,1,1,1,0.5105994939804077,0.5105994939804077,0.48940056562423706,0.5105994939804077,1,2,3,post_calibration
16,14,1,17,60,1,1,1,0.758512020111084,0.758512020111084,0.2414879947900772,0.758512020111084,1,2,3,post_calibration
17,0,1,0,60,0,1,0,0.7509511113166809,0.7509511113166809,0.24904893338680267,0.7509511113166809,1,3,3,zero_shot_paired
17,1,1,1,60,1,1,1,0.5528244972229004,0.5528244972229004,0.4471755027770996,0.5528244972229004,1,3,3,zero_shot_paired
17,2,1,2,60,1,0,0,0.6751993298530579,0.6751993298530579,0.6751993298530579,0.32480067014694214,1,3,3,zero_shot_paired
17,3,1,3,60,1,1,1,0.7005940079689026,0.7005940079689026,0.299405962228775,0.7005940079689026,1,3,3,zero_shot_paired
17,4,1,4,60,0,0,1,0.7739887237548828,0.7739887237548828,0.7739887237548828,0.22601129114627838,1,3,3,zero_shot_paired
17,5,1,5,60,1,0,0,0.663972020149231,0.663972020149231,0.663972020149231,0.33602800965309143,1,3,3,zero_shot_paired
17,6,1,7,60,1,1,1,0.6060814261436462,0.6060814261436462,0.39391857385635376,0.6060814261436462,1,3,3,zero_shot_paired
17,7,1,8,60,1,1,1,0.5894098877906799,0.5894098877906799,0.4105900824069977,0.5894098877906799,1,3,3,zero_shot_paired
17,8,1,9,60,1,1,1,0.6627964973449707,0.6627964973449707,0.3372035324573517,0.6627964973449707,1,3,3,zero_shot_paired
17,9,1,10,60,0,0,1,0.5420509576797485,0.5420509576797485,0.5420509576797485,0.45794907212257385,1,3,3,zero_shot_paired
17,10,1,11,60,1,0,0,0.5822906494140625,0.5822906494140625,0.5822906494140625,0.4177093207836151,1,3,3,zero_shot_paired
17,11,1,12,60,1,1,1,0.8382540941238403,0.8382540941238403,0.16174596548080444,0.8382540941238403,1,3,3,zero_shot_paired
17,12,1,13,60,1,0,0,0.5514265894889832,0.5514265894889832,0.5514265894889832,0.44857344031333923,1,3,3,zero_shot_paired
17,13,1,14,60,1,1,1,0.7752793431282043,0.7752793431282043,0.22472068667411804,0.7752793431282043,1,3,3,zero_shot_paired
17,14,1,15,60,1,1,1,0.5214444994926453,0.5214444994926453,0.47855547070503235,0.5214444994926453,1,3,3,zero_shot_paired
17,0,1,0,60,0,1,0,0.7370768189430237,0.7370768189430237,0.26292312145233154,0.7370768189430237,1,3,3,post_calibration
17,1,1,1,60,1,1,1,0.5582216382026672,0.5582216382026672,0.44177836179733276,0.5582216382026672,1,3,3,post_calibration
17,2,1,2,60,1,0,0,0.6567511558532715,0.6567511558532715,0.6567511558532715,0.3432488441467285,1,3,3,post_calibration
17,3,1,3,60,1,1,1,0.7295318245887756,0.7295318245887756,0.27046820521354675,0.7295318245887756,1,3,3,post_calibration
17,4,1,4,60,0,0,1,0.7510095834732056,0.7510095834732056,0.7510095834732056,0.24899044632911682,1,3,3,post_calibration
17,5,1,5,60,1,0,0,0.6548015475273132,0.6548015475273132,0.6548015475273132,0.345198392868042,1,3,3,post_calibration
17,6,1,7,60,1,1,1,0.6214081048965454,0.6214081048965454,0.3785918951034546,0.6214081048965454,1,3,3,post_calibration
17,7,1,8,60,1,1,1,0.5685768127441406,0.5685768127441406,0.43142321705818176,0.5685768127441406,1,3,3,post_calibration
17,8,1,9,60,1,1,1,0.6462753415107727,0.6462753415107727,0.3537246584892273,0.6462753415107727,1,3,3,post_calibration
17,9,1,10,60,0,0,1,0.5433422327041626,0.5433422327041626,0.5433422327041626,0.4566577672958374,1,3,3,post_calibration
17,10,1,11,60,1,0,0,0.5845083594322205,0.5845083594322205,0.5845083594322205,0.41549161076545715,1,3,3,post_calibration
17,11,1,12,60,1,1,1,0.8468728065490723,0.8468728065490723,0.15312720835208893,0.8468728065490723,1,3,3,post_calibration
17,12,1,13,60,1,0,0,0.5610551238059998,0.5610551238059998,0.5610551238059998,0.43894490599632263,1,3,3,post_calibration
17,13,1,14,60,1,1,1,0.7758066058158875,0.7758066058158875,0.22419342398643494,0.7758066058158875,1,3,3,post_calibration
17,14,1,15,60,1,1,1,0.5222764015197754,0.5222764015197754,0.4777235686779022,0.5222764015197754,1,3,3,post_calibration
18,0,1,0,60,0,1,0,0.7509511113166809,0.7509511113166809,0.24904893338680267,0.7509511113166809,1,4,3,zero_shot_paired
18,1,1,1,60,1,1,1,0.5528244972229004,0.5528244972229004,0.4471755027770996,0.5528244972229004,1,4,3,zero_shot_paired
18,2,1,4,60,0,0,1,0.7739887237548828,0.7739887237548828,0.7739887237548828,0.22601129114627838,1,4,3,zero_shot_paired
18,3,1,5,60,1,0,0,0.663972020149231,0.663972020149231,0.663972020149231,0.33602800965309143,1,4,3,zero_shot_paired
18,4,1,6,60,0,1,0,0.7481784224510193,0.7481784224510193,0.2518216073513031,0.7481784224510193,1,4,3,zero_shot_paired
18,5,1,8,60,1,1,1,0.5894098877906799,0.5894098877906799,0.4105900824069977,0.5894098877906799,1,4,3,zero_shot_paired
18,6,1,9,60,1,1,1,0.6627964973449707,0.6627964973449707,0.3372035324573517,0.6627964973449707,1,4,3,zero_shot_paired
18,7,1,10,60,0,0,1,0.5420509576797485,0.5420509576797485,0.5420509576797485,0.45794907212257385,1,4,3,zero_shot_paired
18,8,1,11,60,1,0,0,0.5822906494140625,0.5822906494140625,0.5822906494140625,0.4177093207836151,1,4,3,zero_shot_paired
18,9,1,12,60,1,1,1,0.8382540941238403,0.8382540941238403,0.16174596548080444,0.8382540941238403,1,4,3,zero_shot_paired
18,10,1,13,60,1,0,0,0.5514265894889832,0.5514265894889832,0.5514265894889832,0.44857344031333923,1,4,3,zero_shot_paired
18,11,1,14,60,1,1,1,0.7752793431282043,0.7752793431282043,0.22472068667411804,0.7752793431282043,1,4,3,zero_shot_paired
18,12,1,15,60,1,1,1,0.5214444994926453,0.5214444994926453,0.47855547070503235,0.5214444994926453,1,4,3,zero_shot_paired
18,13,1,16,60,1,1,1,0.5058133006095886,0.5058133006095886,0.494186669588089,0.5058133006095886,1,4,3,zero_shot_paired
18,14,1,17,60,1,1,1,0.7608159184455872,0.7608159184455872,0.23918409645557404,0.7608159184455872,1,4,3,zero_shot_paired
18,0,1,0,60,0,1,0,0.7523609399795532,0.7523609399795532,0.247639000415802,0.7523609399795532,1,4,3,post_calibration
18,1,1,1,60,1,1,1,0.5845639705657959,0.5845639705657959,0.4154360294342041,0.5845639705657959,1,4,3,post_calibration
18,2,1,4,60,0,0,1,0.7343502640724182,0.7343502640724182,0.7343502640724182,0.2656497061252594,1,4,3,post_calibration
18,3,1,5,60,1,0,0,0.6406323909759521,0.6406323909759521,0.6406323909759521,0.3593676686286926,1,4,3,post_calibration
18,4,1,6,60,0,1,0,0.7410420775413513,0.7410420775413513,0.25895798206329346,0.7410420775413513,1,4,3,post_calibration
18,5,1,8,60,1,1,1,0.5842063426971436,0.5842063426971436,0.41579365730285645,0.5842063426971436,1,4,3,post_calibration
18,6,1,9,60,1,1,1,0.6664780974388123,0.6664780974388123,0.33352184295654297,0.6664780974388123,1,4,3,post_calibration
18,7,1,10,60,0,0,1,0.5440464019775391,0.5440464019775391,0.5440464019775391,0.4559536278247833,1,4,3,post_calibration
18,8,1,11,60,1,0,0,0.5741019248962402,0.5741019248962402,0.5741019248962402,0.42589807510375977,1,4,3,post_calibration
18,9,1,12,60,1,1,1,0.849090576171875,0.849090576171875,0.15090946853160858,0.849090576171875,1,4,3,post_calibration
18,10,1,13,60,1,0,0,0.5495613217353821,0.5495613217353821,0.5495613217353821,0.4504386782646179,1,4,3,post_calibration
18,11,1,14,60,1,1,1,0.7752128839492798,0.7752128839492798,0.2247871458530426,0.7752128839492798,1,4,3,post_calibration
18,12,1,15,60,1,1,1,0.5245144963264465,0.5245144963264465,0.4754854440689087,0.5245144963264465,1,4,3,post_calibration
18,13,1,16,60,1,1,1,0.5275028944015503,0.5275028944015503,0.4724971354007721,0.5275028944015503,1,4,3,post_calibration
18,14,1,17,60,1,1,1,0.7584365010261536,0.7584365010261536,0.24156345427036285,0.7584365010261536,1,4,3,post_calibration
19,0,1,0,60,0,1,0,0.7509511113166809,0.7509511113166809,0.24904893338680267,0.7509511113166809,1,5,3,zero_shot_paired
19,1,1,2,60,1,0,0,0.6751993298530579,0.6751993298530579,0.6751993298530579,0.32480067014694214,1,5,3,zero_shot_paired
19,2,1,3,60,1,1,1,0.7005940079689026,0.7005940079689026,0.299405962228775,0.7005940079689026,1,5,3,zero_shot_paired
19,3,1,5,60,1,0,0,0.663972020149231,0.663972020149231,0.663972020149231,0.33602800965309143,1,5,3,zero_shot_paired
19,4,1,6,60,0,1,0,0.7481784224510193,0.7481784224510193,0.2518216073513031,0.7481784224510193,1,5,3,zero_shot_paired
19,5,1,7,60,1,1,1,0.6060814261436462,0.6060814261436462,0.39391857385635376,0.6060814261436462,1,5,3,zero_shot_paired
19,6,1,8,60,1,1,1,0.5894098877906799,0.5894098877906799,0.4105900824069977,0.5894098877906799,1,5,3,zero_shot_paired
19,7,1,9,60,1,1,1,0.6627964973449707,0.6627964973449707,0.3372035324573517,0.6627964973449707,1,5,3,zero_shot_paired
19,8,1,10,60,0,0,1,0.5420509576797485,0.5420509576797485,0.5420509576797485,0.45794907212257385,1,5,3,zero_shot_paired
19,9,1,11,60,1,0,0,0.5822906494140625,0.5822906494140625,0.5822906494140625,0.4177093207836151,1,5,3,zero_shot_paired
19,10,1,12,60,1,1,1,0.8382540941238403,0.8382540941238403,0.16174596548080444,0.8382540941238403,1,5,3,zero_shot_paired
19,11,1,13,60,1,0,0,0.5514265894889832,0.5514265894889832,0.5514265894889832,0.44857344031333923,1,5,3,zero_shot_paired
19,12,1,15,60,1,1,1,0.5214444994926453,0.5214444994926453,0.47855547070503235,0.5214444994926453,1,5,3,zero_shot_paired
19,13,1,16,60,1,1,1,0.5058133006095886,0.5058133006095886,0.494186669588089,0.5058133006095886,1,5,3,zero_shot_paired
19,14,1,17,60,1,1,1,0.7608159184455872,0.7608159184455872,0.23918409645557404,0.7608159184455872,1,5,3,zero_shot_paired
19,0,1,0,60,0,1,0,0.7656959891319275,0.7656959891319275,0.23430395126342773,0.7656959891319275,1,5,3,post_calibration
19,1,1,2,60,1,0,0,0.7289307713508606,0.7289307713508606,0.7289307713508606,0.2710692584514618,1,5,3,post_calibration
19,2,1,3,60,1,1,1,0.6942978501319885,0.6942978501319885,0.30570217967033386,0.6942978501319885,1,5,3,post_calibration
19,3,1,5,60,1,0,0,0.6896110773086548,0.6896110773086548,0.6896110773086548,0.3103889226913452,1,5,3,post_calibration
19,4,1,6,60,0,1,0,0.759438693523407,0.759438693523407,0.24056127667427063,0.759438693523407,1,5,3,post_calibration
19,5,1,7,60,1,1,1,0.6164326667785645,0.6164326667785645,0.38356736302375793,0.6164326667785645,1,5,3,post_calibration
19,6,1,8,60,1,1,1,0.5783663392066956,0.5783663392066956,0.42163366079330444,0.5783663392066956,1,5,3,post_calibration
19,7,1,9,60,1,1,1,0.6602289080619812,0.6602289080619812,0.3397711217403412,0.6602289080619812,1,5,3,post_calibration
19,8,1,10,60,0,0,1,0.5594123005867004,0.5594123005867004,0.5594123005867004,0.44058772921562195,1,5,3,post_calibration
19,9,1,11,60,1,0,0,0.6016539335250854,0.6016539335250854,0.6016539335250854,0.39834609627723694,1,5,3,post_calibration
19,10,1,12,60,1,1,1,0.841593861579895,0.841593861579895,0.1584061086177826,0.841593861579895,1,5,3,post_calibration
19,11,1,13,60,1,0,0,0.559598445892334,0.559598445892334,0.559598445892334,0.4404015839099884,1,5,3,post_calibration
19,12,1,15,60,1,1,1,0.5130146741867065,0.5130146741867065,0.4869852662086487,0.5130146741867065,1,5,3,post_calibration
19,13,1,16,60,1,1,1,0.5189670920372009,0.5189670920372009,0.4810329079627991,0.5189670920372009,1,5,3,post_calibration
19,14,1,17,60,1,1,1,0.7562886476516724,0.7562886476516724,0.24371132254600525,0.7562886476516724,1,5,3,post_calibration
20,0,1,1,60,1,1,1,0.5528244972229004,0.5528244972229004,0.4471755027770996,0.5528244972229004,1,6,3,zero_shot_paired
20,1,1,2,60,1,0,0,0.6751993298530579,0.6751993298530579,0.6751993298530579,0.32480067014694214,1,6,3,zero_shot_paired
20,2,1,3,60,1,1,1,0.7005940079689026,0.7005940079689026,0.299405962228775,0.7005940079689026,1,6,3,zero_shot_paired
20,3,1,4,60,0,0,1,0.7739887237548828,0.7739887237548828,0.7739887237548828,0.22601129114627838,1,6,3,zero_shot_paired
20,4,1,6,60,0,1,0,0.7481784224510193,0.7481784224510193,0.2518216073513031,0.7481784224510193,1,6,3,zero_shot_paired
20,5,1,7,60,1,1,1,0.6060814261436462,0.6060814261436462,0.39391857385635376,0.6060814261436462,1,6,3,zero_shot_paired
20,6,1,8,60,1,1,1,0.5894098877906799,0.5894098877906799,0.4105900824069977,0.5894098877906799,1,6,3,zero_shot_paired
20,7,1,10,60,0,0,1,0.5420509576797485,0.5420509576797485,0.5420509576797485,0.45794907212257385,1,6,3,zero_shot_paired
20,8,1,11,60,1,0,0,0.5822906494140625,0.5822906494140625,0.5822906494140625,0.4177093207836151,1,6,3,zero_shot_paired
20,9,1,12,60,1,1,1,0.8382540941238403,0.8382540941238403,0.16174596548080444,0.8382540941238403,1,6,3,zero_shot_paired
20,10,1,13,60,1,0,0,0.5514265894889832,0.5514265894889832,0.5514265894889832,0.44857344031333923,1,6,3,zero_shot_paired
20,11,1,14,60,1,1,1,0.7752793431282043,0.7752793431282043,0.22472068667411804,0.7752793431282043,1,6,3,zero_shot_paired
20,12,1,15,60,1,1,1,0.5214444994926453,0.5214444994926453,0.47855547070503235,0.5214444994926453,1,6,3,zero_shot_paired
20,13,1,16,60,1,1,1,0.5058133006095886,0.5058133006095886,0.494186669588089,0.5058133006095886,1,6,3,zero_shot_paired
20,14,1,17,60,1,1,1,0.7608159184455872,0.7608159184455872,0.23918409645557404,0.7608159184455872,1,6,3,zero_shot_paired
20,0,1,1,60,1,1,1,0.5353261828422546,0.5353261828422546,0.46467384696006775,0.5353261828422546,1,6,3,post_calibration
20,1,1,2,60,1,0,0,0.6280866861343384,0.6280866861343384,0.6280866861343384,0.371913343667984,1,6,3,post_calibration
20,2,1,3,60,1,1,1,0.6852356791496277,0.6852356791496277,0.3147642910480499,0.6852356791496277,1,6,3,post_calibration
20,3,1,4,60,0,0,1,0.7346969246864319,0.7346969246864319,0.7346969246864319,0.2653030753135681,1,6,3,post_calibration
20,4,1,6,60,0,1,0,0.7269302606582642,0.7269302606582642,0.2730697691440582,0.7269302606582642,1,6,3,post_calibration
20,5,1,7,60,1,1,1,0.5901316404342651,0.5901316404342651,0.40986838936805725,0.5901316404342651,1,6,3,post_calibration
20,6,1,8,60,1,1,1,0.6165336966514587,0.6165336966514587,0.38346633315086365,0.6165336966514587,1,6,3,post_calibration
20,7,1,10,60,0,0,1,0.5354799032211304,0.5354799032211304,0.5354799032211304,0.46452009677886963,1,6,3,post_calibration
20,8,1,11,60,1,0,0,0.5563318133354187,0.5563318133354187,0.5563318133354187,0.4436682164669037,1,6,3,post_calibration
20,9,1,12,60,1,1,1,0.830562949180603,0.830562949180603,0.1694370061159134,0.830562949180603,1,6,3,post_calibration
20,10,1,13,60,1,0,0,0.5434596538543701,0.5434596538543701,0.5434596538543701,0.45654037594795227,1,6,3,post_calibration
20,11,1,14,60,1,1,1,0.7909368276596069,0.7909368276596069,0.20906317234039307,0.7909368276596069,1,6,3,post_calibration
20,12,1,15,60,1,1,1,0.529979944229126,0.529979944229126,0.470020055770874,0.529979944229126,1,6,3,post_calibration
20,13,1,16,60,1,0,0,0.5022735595703125,0.5022735595703125,0.5022735595703125,0.4977264404296875,1,6,3,post_calibration
20,14,1,17,60,1,1,1,0.750642716884613,0.750642716884613,0.24935728311538696,0.750642716884613,1,6,3,post_calibration
21,0,1,0,60,0,1,0,0.7509511113166809,0.7509511113166809,0.24904893338680267,0.7509511113166809,1,1,6,zero_shot_paired
21,1,1,1,60,1,1,1,0.5528244972229004,0.5528244972229004,0.4471755027770996,0.5528244972229004,1,1,6,zero_shot_paired
21,2,1,3,60,1,1,1,0.7005940079689026,0.7005940079689026,0.299405962228775,0.7005940079689026,1,1,6,zero_shot_paired
21,3,1,4,60,0,0,1,0.7739887237548828,0.7739887237548828,0.7739887237548828,0.22601129114627838,1,1,6,zero_shot_paired
21,4,1,5,60,1,0,0,0.663972020149231,0.663972020149231,0.663972020149231,0.33602800965309143,1,1,6,zero_shot_paired
21,5,1,6,60,0,1,0,0.7481784224510193,0.7481784224510193,0.2518216073513031,0.7481784224510193,1,1,6,zero_shot_paired
21,6,1,11,60,1,0,0,0.5822906494140625,0.5822906494140625,0.5822906494140625,0.4177093207836151,1,1,6,zero_shot_paired
21,7,1,12,60,1,1,1,0.8382540941238403,0.8382540941238403,0.16174596548080444,0.8382540941238403,1,1,6,zero_shot_paired
21,8,1,13,60,1,0,0,0.5514265894889832,0.5514265894889832,0.5514265894889832,0.44857344031333923,1,1,6,zero_shot_paired
21,9,1,15,60,1,1,1,0.5214444994926453,0.5214444994926453,0.47855547070503235,0.5214444994926453,1,1,6,zero_shot_paired
21,10,1,16,60,1,1,1,0.5058133006095886,0.5058133006095886,0.494186669588089,0.5058133006095886,1,1,6,zero_shot_paired
21,11,1,17,60,1,1,1,0.7608159184455872,0.7608159184455872,0.23918409645557404,0.7608159184455872,1,1,6,zero_shot_paired
21,0,1,0,60,0,1,0,0.7333160638809204,0.7333160638809204,0.2666839063167572,0.7333160638809204,1,1,6,post_calibration
21,1,1,1,60,1,1,1,0.5724725723266602,0.5724725723266602,0.42752739787101746,0.5724725723266602,1,1,6,post_calibration
21,2,1,3,60,1,1,1,0.6959211826324463,0.6959211826324463,0.3040788173675537,0.6959211826324463,1,1,6,post_calibration
21,3,1,4,60,0,0,1,0.7128291130065918,0.7128291130065918,0.7128291130065918,0.2871708571910858,1,1,6,post_calibration
21,4,1,5,60,1,0,0,0.6145874261856079,0.6145874261856079,0.6145874261856079,0.38541263341903687,1,1,6,post_calibration
21,5,1,6,60,0,1,0,0.7577635645866394,0.7577635645866394,0.2422364503145218,0.7577635645866394,1,1,6,post_calibration
21,6,1,11,60,1,0,0,0.5457245111465454,0.5457245111465454,0.5457245111465454,0.4542754292488098,1,1,6,post_calibration
21,7,1,12,60,1,1,1,0.8431882262229919,0.8431882262229919,0.15681174397468567,0.8431882262229919,1,1,6,post_calibration
21,8,1,13,60,1,0,0,0.5397433638572693,0.5397433638572693,0.5397433638572693,0.4602566957473755,1,1,6,post_calibration
21,9,1,15,60,1,1,1,0.537196934223175,0.537196934223175,0.46280306577682495,0.537196934223175,1,1,6,post_calibration
21,10,1,16,60,1,1,1,0.528208315372467,0.528208315372467,0.47179168462753296,0.528208315372467,1,1,6,post_calibration
21,11,1,17,60,1,1,1,0.7502683401107788,0.7502683401107788,0.24973160028457642,0.7502683401107788,1,1,6,post_calibration
22,0,1,1,60,1,1,1,0.5528244972229004,0.5528244972229004,0.4471755027770996,0.5528244972229004,1,2,6,zero_shot_paired
22,1,1,2,60,1,0,0,0.6751993298530579,0.6751993298530579,0.6751993298530579,0.32480067014694214,1,2,6,zero_shot_paired
22,2,1,4,60,0,0,1,0.7739887237548828,0.7739887237548828,0.7739887237548828,0.22601129114627838,1,2,6,zero_shot_paired
22,3,1,6,60,0,1,0,0.7481784224510193,0.7481784224510193,0.2518216073513031,0.7481784224510193,1,2,6,zero_shot_paired
22,4,1,7,60,1,1,1,0.6060814261436462,0.6060814261436462,0.39391857385635376,0.6060814261436462,1,2,6,zero_shot_paired
22,5,1,8,60,1,1,1,0.5894098877906799,0.5894098877906799,0.4105900824069977,0.5894098877906799,1,2,6,zero_shot_paired
22,6,1,9,60,1,1,1,0.6627964973449707,0.6627964973449707,0.3372035324573517,0.6627964973449707,1,2,6,zero_shot_paired
22,7,1,10,60,0,0,1,0.5420509576797485,0.5420509576797485,0.5420509576797485,0.45794907212257385,1,2,6,zero_shot_paired
22,8,1,13,60,1,0,0,0.5514265894889832,0.5514265894889832,0.5514265894889832,0.44857344031333923,1,2,6,zero_shot_paired
22,9,1,14,60,1,1,1,0.7752793431282043,0.7752793431282043,0.22472068667411804,0.7752793431282043,1,2,6,zero_shot_paired
22,10,1,15,60,1,1,1,0.5214444994926453,0.5214444994926453,0.47855547070503235,0.5214444994926453,1,2,6,zero_shot_paired
22,11,1,17,60,1,1,1,0.7608159184455872,0.7608159184455872,0.23918409645557404,0.7608159184455872,1,2,6,zero_shot_paired
22,0,1,1,60,1,1,1,0.5401110053062439,0.5401110053062439,0.4598889946937561,0.5401110053062439,1,2,6,post_calibration
22,1,1,2,60,1,0,0,0.615734338760376,0.615734338760376,0.615734338760376,0.3842657208442688,1,2,6,post_calibration
22,2,1,4,60,0,0,1,0.7270104885101318,0.7270104885101318,0.7270104885101318,0.27298951148986816,1,2,6,post_calibration
22,3,1,6,60,0,1,0,0.7248398661613464,0.7248398661613464,0.27516013383865356,0.7248398661613464,1,2,6,post_calibration
22,4,1,7,60,1,1,1,0.5881408452987671,0.5881408452987671,0.4118591248989105,0.5881408452987671,1,2,6,post_calibration
22,5,1,8,60,1,1,1,0.6259759068489075,0.6259759068489075,0.37402406334877014,0.6259759068489075,1,2,6,post_calibration
22,6,1,9,60,1,1,1,0.7077756524085999,0.7077756524085999,0.29222431778907776,0.7077756524085999,1,2,6,post_calibration
22,7,1,10,60,0,0,1,0.5304835438728333,0.5304835438728333,0.5304835438728333,0.46951645612716675,1,2,6,post_calibration
22,8,1,13,60,1,0,0,0.5291398167610168,0.5291398167610168,0.5291398167610168,0.47086018323898315,1,2,6,post_calibration
22,9,1,14,60,1,1,1,0.7931121587753296,0.7931121587753296,0.20688776671886444,0.7931121587753296,1,2,6,post_calibration
22,10,1,15,60,1,1,1,0.5649762749671936,0.5649762749671936,0.4350237250328064,0.5649762749671936,1,2,6,post_calibration
22,11,1,17,60,1,1,1,0.7587997317314148,0.7587997317314148,0.24120020866394043,0.7587997317314148,1,2,6,post_calibration
23,0,1,0,60,0,1,0,0.7509511113166809,0.7509511113166809,0.24904893338680267,0.7509511113166809,1,3,6,zero_shot_paired
23,1,1,2,60,1,0,0,0.6751993298530579,0.6751993298530579,0.6751993298530579,0.32480067014694214,1,3,6,zero_shot_paired
23,2,1,3,60,1,1,1,0.7005940079689026,0.7005940079689026,0.299405962228775,0.7005940079689026,1,3,6,zero_shot_paired
23,3,1,5,60,1,0,0,0.663972020149231,0.663972020149231,0.663972020149231,0.33602800965309143,1,3,6,zero_shot_paired
23,4,1,7,60,1,1,1,0.6060814261436462,0.6060814261436462,0.39391857385635376,0.6060814261436462,1,3,6,zero_shot_paired
23,5,1,8,60,1,1,1,0.5894098877906799,0.5894098877906799,0.4105900824069977,0.5894098877906799,1,3,6,zero_shot_paired
23,6,1,9,60,1,1,1,0.6627964973449707,0.6627964973449707,0.3372035324573517,0.6627964973449707,1,3,6,zero_shot_paired
23,7,1,10,60,0,0,1,0.5420509576797485,0.5420509576797485,0.5420509576797485,0.45794907212257385,1,3,6,zero_shot_paired
23,8,1,11,60,1,0,0,0.5822906494140625,0.5822906494140625,0.5822906494140625,0.4177093207836151,1,3,6,zero_shot_paired
23,9,1,12,60,1,1,1,0.8382540941238403,0.8382540941238403,0.16174596548080444,0.8382540941238403,1,3,6,zero_shot_paired
23,10,1,14,60,1,1,1,0.7752793431282043,0.7752793431282043,0.22472068667411804,0.7752793431282043,1,3,6,zero_shot_paired
23,11,1,16,60,1,1,1,0.5058133006095886,0.5058133006095886,0.494186669588089,0.5058133006095886,1,3,6,zero_shot_paired
23,0,1,0,60,0,1,0,0.7478490471839905,0.7478490471839905,0.25215089321136475,0.7478490471839905,1,3,6,post_calibration
23,1,1,2,60,1,0,0,0.6713662147521973,0.6713662147521973,0.6713662147521973,0.32863378524780273,1,3,6,post_calibration
23,2,1,3,60,1,1,1,0.699684202671051,0.699684202671051,0.3003157675266266,0.699684202671051,1,3,6,post_calibration
23,3,1,5,60,1,0,0,0.6369072794914246,0.6369072794914246,0.6369072794914246,0.36309269070625305,1,3,6,post_calibration
23,4,1,7,60,1,1,1,0.5931398868560791,0.5931398868560791,0.4068601429462433,0.5931398868560791,1,3,6,post_calibration
23,5,1,8,60,1,1,1,0.5848436951637268,0.5848436951637268,0.4151563048362732,0.5848436951637268,1,3,6,post_calibration
23,6,1,9,60,1,1,1,0.6686537861824036,0.6686537861824036,0.33134621381759644,0.6686537861824036,1,3,6,post_calibration
23,7,1,10,60,0,0,1,0.503921389579773,0.503921389579773,0.503921389579773,0.49607858061790466,1,3,6,post_calibration
23,8,1,11,60,1,0,0,0.556288480758667,0.556288480758667,0.556288480758667,0.4437115490436554,1,3,6,post_calibration
23,9,1,12,60,1,1,1,0.8435893058776855,0.8435893058776855,0.15641067922115326,0.8435893058776855,1,3,6,post_calibration
23,10,1,14,60,1,1,1,0.8008404970169067,0.8008404970169067,0.19915948808193207,0.8008404970169067,1,3,6,post_calibration
23,11,1,16,60,1,0,0,0.5112761855125427,0.5112761855125427,0.5112761855125427,0.4887237548828125,1,3,6,post_calibration
24,0,1,0,60,0,1,0,0.7509467601776123,0.7509467601776123,0.2490532398223877,0.7509467601776123,1,1,9,zero_shot_paired
24,1,1,1,60,1,1,1,0.552828311920166,0.552828311920166,0.447171688079834,0.552828311920166,1,1,9,zero_shot_paired
24,2,1,2,60,1,0,0,0.6752009987831116,0.6752009987831116,0.6752009987831116,0.3247990012168884,1,1,9,zero_shot_paired
24,3,1,5,60,1,0,0,0.6639736890792847,0.6639736890792847,0.6639736890792847,0.33602628111839294,1,1,9,zero_shot_paired
24,4,1,10,60,0,0,1,0.5420471429824829,0.5420471429824829,0.5420471429824829,0.4579528868198395,1,1,9,zero_shot_paired
24,5,1,11,60,1,0,0,0.5822944045066833,0.5822944045066833,0.5822944045066833,0.41770562529563904,1,1,9,zero_shot_paired
24,6,1,13,60,1,0,0,0.5514246225357056,0.5514246225357056,0.5514246225357056,0.44857534766197205,1,1,9,zero_shot_paired
24,7,1,16,60,1,1,1,0.5058114528656006,0.5058114528656006,0.4941885769367218,0.5058114528656006,1,1,9,zero_shot_paired
24,8,1,17,60,1,1,1,0.7608159184455872,0.7608159184455872,0.23918409645557404,0.7608159184455872,1,1,9,zero_shot_paired
24,0,1,0,60,0,1,0,0.7435391545295715,0.7435391545295715,0.25646084547042847,0.7435391545295715,1,1,9,post_calibration
24,1,1,1,60,1,1,1,0.5650175213813782,0.5650175213813782,0.4349825084209442,0.5650175213813782,1,1,9,post_calibration
24,2,1,2,60,1,0,0,0.6745949983596802,0.6745949983596802,0.6745949983596802,0.32540497183799744,1,1,9,post_calibration
24,3,1,5,60,1,0,0,0.6457292437553406,0.6457292437553406,0.6457292437553406,0.35427069664001465,1,1,9,post_calibration
24,4,1,10,60,0,0,1,0.5135159492492676,0.5135159492492676,0.5135159492492676,0.48648399114608765,1,1,9,post_calibration
24,5,1,11,60,1,0,0,0.5735142230987549,0.5735142230987549,0.5735142230987549,0.4264858067035675,1,1,9,post_calibration
24,6,1,13,60,1,0,0,0.5333006381988525,0.5333006381988525,0.5333006381988525,0.46669939160346985,1,1,9,post_calibration
24,7,1,16,60,1,1,1,0.5288242697715759,0.5288242697715759,0.4711757004261017,0.5288242697715759,1,1,9,post_calibration
24,8,1,17,60,1,1,1,0.7577369809150696,0.7577369809150696,0.2422630488872528,0.7577369809150696,1,1,9,post_calibration
25,0,1,3,60,1,1,1,0.7005924582481384,0.7005924582481384,0.29940757155418396,0.7005924582481384,1,2,9,zero_shot_paired
25,1,1,4,60,0,0,1,0.773987352848053,0.773987352848053,0.773987352848053,0.22601263225078583,1,2,9,zero_shot_paired
25,2,1,6,60,0,1,0,0.7481798529624939,0.7481798529624939,0.2518201470375061,0.7481798529624939,1,2,9,zero_shot_paired
25,3,1,7,60,1,1,1,0.6060886979103088,0.6060886979103088,0.3939112722873688,0.6060886979103088,1,2,9,zero_shot_paired
25,4,1,8,60,1,1,1,0.5894061923027039,0.5894061923027039,0.41059377789497375,0.5894061923027039,1,2,9,zero_shot_paired
25,5,1,9,60,1,1,1,0.6627964973449707,0.6627964973449707,0.3372035324573517,0.6627964973449707,1,2,9,zero_shot_paired
25,6,1,12,60,1,1,1,0.8382550477981567,0.8382550477981567,0.16174493730068207,0.8382550477981567,1,2,9,zero_shot_paired
25,7,1,14,60,1,1,1,0.7752753496170044,0.7752753496170044,0.2247246652841568,0.7752753496170044,1,2,9,zero_shot_paired
25,8,1,15,60,1,1,1,0.5214483141899109,0.5214483141899109,0.4785517156124115,0.5214483141899109,1,2,9,zero_shot_paired
25,0,1,3,60,1,1,1,0.718631386756897,0.718631386756897,0.28136858344078064,0.718631386756897,1,2,9,post_calibration
25,1,1,4,60,0,0,1,0.7468536496162415,0.7468536496162415,0.7468536496162415,0.25314632058143616,1,2,9,post_calibration
25,2,1,6,60,0,1,0,0.7481194734573364,0.7481194734573364,0.2518804967403412,0.7481194734573364,1,2,9,post_calibration
25,3,1,7,60,1,1,1,0.623609721660614,0.623609721660614,0.376390278339386,0.623609721660614,1,2,9,post_calibration
25,4,1,8,60,1,1,1,0.6070045232772827,0.6070045232772827,0.3929954469203949,0.6070045232772827,1,2,9,post_calibration
25,5,1,9,60,1,1,1,0.6872332692146301,0.6872332692146301,0.3127667307853699,0.6872332692146301,1,2,9,post_calibration
25,6,1,12,60,1,1,1,0.848392128944397,0.848392128944397,0.15160779654979706,0.848392128944397,1,2,9,post_calibration
25,7,1,14,60,1,1,1,0.7793729901313782,0.7793729901313782,0.22062698006629944,0.7793729901313782,1,2,9,post_calibration
25,8,1,15,60,1,1,1,0.5212960243225098,0.5212960243225098,0.4787040054798126,0.5212960243225098,1,2,9,post_calibration
26,0,1,0,60,0,1,0,0.7509225010871887,0.7509225010871887,0.24907748401165009,0.7509225010871887,1,1,12,zero_shot_paired
26,1,1,8,60,1,1,1,0.5893858671188354,0.5893858671188354,0.4106140732765198,0.5893858671188354,1,1,12,zero_shot_paired
26,2,1,12,60,1,1,1,0.8382396101951599,0.8382396101951599,0.16176044940948486,0.8382396101951599,1,1,12,zero_shot_paired
26,3,1,13,60,1,0,0,0.5514265894889832,0.5514265894889832,0.5514265894889832,0.44857344031333923,1,1,12,zero_shot_paired
26,4,1,14,60,1,1,1,0.7752234935760498,0.7752234935760498,0.224776491522789,0.7752234935760498,1,1,12,zero_shot_paired
26,5,1,16,60,1,1,1,0.5057751536369324,0.5057751536369324,0.49422478675842285,0.5057751536369324,1,1,12,zero_shot_paired
26,0,1,0,60,0,1,0,0.7455229163169861,0.7455229163169861,0.2544771134853363,0.7455229163169861,1,1,12,post_calibration
26,1,1,8,60,1,1,1,0.5972647666931152,0.5972647666931152,0.40273523330688477,0.5972647666931152,1,1,12,post_calibration
26,2,1,12,60,1,1,1,0.8521662950515747,0.8521662950515747,0.1478336900472641,0.8521662950515747,1,1,12,post_calibration
26,3,1,13,60,1,0,0,0.5268791317939758,0.5268791317939758,0.5268791317939758,0.47312086820602417,1,1,12,post_calibration
26,4,1,14,60,1,1,1,0.7980601191520691,0.7980601191520691,0.20193983614444733,0.7980601191520691,1,1,12,post_calibration
26,5,1,16,60,1,1,1,0.5027331709861755,0.5027331709861755,0.4972667694091797,0.5027331709861755,1,1,12,post_calibration
27,0,1,1,60,1,1,1,0.5527434349060059,0.5527434349060059,0.44725656509399414,0.5527434349060059,1,2,12,zero_shot_paired
27,1,1,3,60,1,1,1,0.7006596326828003,0.7006596326828003,0.2993403375148773,0.7006596326828003,1,2,12,zero_shot_paired
27,2,1,10,60,0,0,1,0.5422592759132385,0.5422592759132385,0.5422592759132385,0.45774075388908386,1,2,12,zero_shot_paired
27,3,1,12,60,1,1,1,0.8382396101951599,0.8382396101951599,0.16176044940948486,0.8382396101951599,1,2,12,zero_shot_paired
27,4,1,15,60,1,1,1,0.5215035080909729,0.5215035080909729,0.4784964621067047,0.5215035080909729,1,2,12,zero_shot_paired
27,5,1,16,60,1,1,1,0.5057751536369324,0.5057751536369324,0.49422478675842285,0.5057751536369324,1,2,12,zero_shot_paired
27,0,1,1,60,1,1,1,0.5235117077827454,0.5235117077827454,0.47648829221725464,0.5235117077827454,1,2,12,post_calibration
27,1,1,3,60,1,1,1,0.6770204305648804,0.6770204305648804,0.32297956943511963,0.6770204305648804,1,2,12,post_calibration
27,2,1,10,60,0,0,1,0.5103897452354431,0.5103897452354431,0.5103897452354431,0.4896102547645569,1,2,12,post_calibration
27,3,1,12,60,1,1,1,0.8335469961166382,0.8335469961166382,0.16645298898220062,0.8335469961166382,1,2,12,post_calibration
27,4,1,15,60,1,1,1,0.5615416765213013,0.5615416765213013,0.43845829367637634,0.5615416765213013,1,2,12,post_calibration
27,5,1,16,60,1,0,0,0.5021076202392578,0.5021076202392578,0.5021076202392578,0.4978923797607422,1,2,12,post_calibration
28,0,1,1,60,1,1,1,0.5527434349060059,0.5527434349060059,0.44725656509399414,0.5527434349060059,1,3,12,zero_shot_paired
28,1,1,7,60,1,1,1,0.6061379313468933,0.6061379313468933,0.39386212825775146,0.6061379313468933,1,3,12,zero_shot_paired
28,2,1,10,60,0,0,1,0.5422592759132385,0.5422592759132385,0.5422592759132385,0.45774075388908386,1,3,12,zero_shot_paired
28,3,1,12,60,1,1,1,0.8382396101951599,0.8382396101951599,0.16176044940948486,0.8382396101951599,1,3,12,zero_shot_paired
28,4,1,14,60,1,1,1,0.7752234935760498,0.7752234935760498,0.224776491522789,0.7752234935760498,1,3,12,zero_shot_paired
28,5,1,17,60,1,1,1,0.7608575224876404,0.7608575224876404,0.23914244771003723,0.7608575224876404,1,3,12,zero_shot_paired
28,0,1,1,60,1,1,1,0.5375894904136658,0.5375894904136658,0.46241044998168945,0.5375894904136658,1,3,12,post_calibration
28,1,1,7,60,1,1,1,0.6003769040107727,0.6003769040107727,0.3996231257915497,0.6003769040107727,1,3,12,post_calibration
28,2,1,10,60,0,0,1,0.509772002696991,0.509772002696991,0.509772002696991,0.49022796750068665,1,3,12,post_calibration
28,3,1,12,60,1,1,1,0.8436024188995361,0.8436024188995361,0.15639759600162506,0.8436024188995361,1,3,12,post_calibration
28,4,1,14,60,1,1,1,0.8049227595329285,0.8049227595329285,0.19507724046707153,0.8049227595329285,1,3,12,post_calibration
28,5,1,17,60,1,1,1,0.7493051290512085,0.7493051290512085,0.2506948709487915,0.7493051290512085,1,3,12,post_calibration
3,0,2,0,60,1,0,0,0.5913195610046387,0.5913195610046387,0.5913195610046387,0.4086804687976837,2,,,zero_shot_all_trials
3,1,2,1,60,1,1,1,0.5295010209083557,0.5295010209083557,0.4704990088939667,0.5295010209083557,2,,,zero_shot_all_trials
3,2,2,2,60,1,0,0,0.5636613965034485,0.5636613965034485,0.5636613965034485,0.4363386631011963,2,,,zero_shot_all_trials
3,3,2,3,60,1,1,1,0.7160325050354004,0.7160325050354004,0.283967524766922,0.7160325050354004,2,,,zero_shot_all_trials
3,4,2,4,60,1,0,0,0.667958676815033,0.667958676815033,0.667958676815033,0.33204129338264465,2,,,zero_shot_all_trials
3,5,2,5,60,1,1,1,0.5624300241470337,0.5624300241470337,0.4375700056552887,0.5624300241470337,2,,,zero_shot_all_trials
3,6,2,6,60,1,1,1,0.5573126673698425,0.5573126673698425,0.4426873028278351,0.5573126673698425,2,,,zero_shot_all_trials
3,7,2,7,60,1,1,1,0.6407430171966553,0.6407430171966553,0.3592570126056671,0.6407430171966553,2,,,zero_shot_all_trials
3,8,2,8,60,0,0,1,0.5656193494796753,0.5656193494796753,0.5656193494796753,0.4343806803226471,2,,,zero_shot_all_trials
3,9,2,9,60,0,1,0,0.5434672236442566,0.5434672236442566,0.4565328061580658,0.5434672236442566,2,,,zero_shot_all_trials
3,10,2,10,60,0,0,1,0.5803576707839966,0.5803576707839966,0.5803576707839966,0.4196423888206482,2,,,zero_shot_all_trials
3,11,2,11,60,1,0,0,0.6009387373924255,0.6009387373924255,0.6009387373924255,0.39906126260757446,2,,,zero_shot_all_trials
3,12,2,12,60,1,1,1,0.5236315727233887,0.5236315727233887,0.47636839747428894,0.5236315727233887,2,,,zero_shot_all_trials
3,13,2,13,60,0,1,0,0.6601141691207886,0.6601141691207886,0.33988580107688904,0.6601141691207886,2,,,zero_shot_all_trials
3,14,2,14,60,0,1,0,0.5927678942680359,0.5927678942680359,0.4072320759296417,0.5927678942680359,2,,,zero_shot_all_trials
3,15,2,15,60,0,1,0,0.6178297400474548,0.6178297400474548,0.38217025995254517,0.6178297400474548,2,,,zero_shot_all_trials
3,16,2,16,60,0,0,1,0.6413293480873108,0.6413293480873108,0.6413293480873108,0.3586706221103668,2,,,zero_shot_all_trials
3,17,2,17,60,1,1,1,0.6472374796867371,0.6472374796867371,0.35276249051094055,0.6472374796867371,2,,,zero_shot_all_trials
29,0,2,0,60,1,0,0,0.5913287401199341,0.5913287401199341,0.5913287401199341,0.4086712598800659,2,1,3,zero_shot_paired
29,1,2,2,60,1,0,0,0.5636650919914246,0.5636650919914246,0.5636650919914246,0.43633490800857544,2,1,3,zero_shot_paired
29,2,2,3,60,1,1,1,0.7160325050354004,0.7160325050354004,0.283967524766922,0.7160325050354004,2,1,3,zero_shot_paired
29,3,2,4,60,1,0,0,0.6679654717445374,0.6679654717445374,0.6679654717445374,0.33203452825546265,2,1,3,zero_shot_paired
29,4,2,5,60,1,1,1,0.5624337792396545,0.5624337792396545,0.43756622076034546,0.5624337792396545,2,1,3,zero_shot_paired
29,5,2,6,60,1,1,1,0.5573145747184753,0.5573145747184753,0.44268542528152466,0.5573145747184753,2,1,3,zero_shot_paired
29,6,2,7,60,1,1,1,0.6407377123832703,0.6407377123832703,0.35926228761672974,0.6407377123832703,2,1,3,zero_shot_paired
29,7,2,8,60,0,0,1,0.5656193494796753,0.5656193494796753,0.5656193494796753,0.4343806803226471,2,1,3,zero_shot_paired
29,8,2,9,60,0,1,0,0.5434653162956238,0.5434653162956238,0.4565347135066986,0.5434653162956238,2,1,3,zero_shot_paired
29,9,2,10,60,0,0,1,0.5803576707839966,0.5803576707839966,0.5803576707839966,0.4196423888206482,2,1,3,zero_shot_paired
29,10,2,11,60,1,0,0,0.6009442210197449,0.6009442210197449,0.6009442210197449,0.3990557789802551,2,1,3,zero_shot_paired
29,11,2,12,60,1,1,1,0.5236354470252991,0.5236354470252991,0.4763646125793457,0.5236354470252991,2,1,3,zero_shot_paired
29,12,2,13,60,0,1,0,0.6601158976554871,0.6601158976554871,0.3398841321468353,0.6601158976554871,2,1,3,zero_shot_paired
29,13,2,16,60,0,0,1,0.6413310766220093,0.6413310766220093,0.6413310766220093,0.35866889357566833,2,1,3,zero_shot_paired
29,14,2,17,60,1,1,1,0.6472409963607788,0.6472409963607788,0.3527590036392212,0.6472409963607788,2,1,3,zero_shot_paired
29,0,2,0,60,1,0,0,0.609809160232544,0.609809160232544,0.609809160232544,0.39019080996513367,2,1,3,post_calibration
29,1,2,2,60,1,0,0,0.5623586177825928,0.5623586177825928,0.5623586177825928,0.43764135241508484,2,1,3,post_calibration
29,2,2,3,60,1,1,1,0.7057739496231079,0.7057739496231079,0.2942260503768921,0.7057739496231079,2,1,3,post_calibration
29,3,2,4,60,1,0,0,0.6954107880592346,0.6954107880592346,0.6954107880592346,0.30458924174308777,2,1,3,post_calibration
29,4,2,5,60,1,1,1,0.5278679728507996,0.5278679728507996,0.47213202714920044,0.5278679728507996,2,1,3,post_calibration
29,5,2,6,60,1,1,1,0.5542084574699402,0.5542084574699402,0.4457915127277374,0.5542084574699402,2,1,3,post_calibration
29,6,2,7,60,1,1,1,0.649757444858551,0.649757444858551,0.3502424955368042,0.649757444858551,2,1,3,post_calibration
29,7,2,8,60,0,0,1,0.6063982844352722,0.6063982844352722,0.6063982844352722,0.3936016857624054,2,1,3,post_calibration
29,8,2,9,60,0,1,0,0.5195860862731934,0.5195860862731934,0.4804139733314514,0.5195860862731934,2,1,3,post_calibration
29,9,2,10,60,0,0,1,0.5833776593208313,0.5833776593208313,0.5833776593208313,0.4166223406791687,2,1,3,post_calibration
29,10,2,11,60,1,0,0,0.6021420359611511,0.6021420359611511,0.6021420359611511,0.39785799384117126,2,1,3,post_calibration
29,11,2,12,60,1,1,1,0.5286436676979065,0.5286436676979065,0.4713563323020935,0.5286436676979065,2,1,3,post_calibration
29,12,2,13,60,0,1,0,0.655465304851532,0.655465304851532,0.3445347547531128,0.655465304851532,2,1,3,post_calibration
29,13,2,16,60,0,0,1,0.6302014589309692,0.6302014589309692,0.6302014589309692,0.36979857087135315,2,1,3,post_calibration
29,14,2,17,60,1,1,1,0.636903703212738,0.636903703212738,0.3630962371826172,0.636903703212738,2,1,3,post_calibration
30,0,2,0,60,1,0,0,0.591325044631958,0.591325044631958,0.591325044631958,0.4086749255657196,2,2,3,zero_shot_paired
30,1,2,1,60,1,1,1,0.5295010209083557,0.5295010209083557,0.4704990088939667,0.5295010209083557,2,2,3,zero_shot_paired
30,2,2,3,60,1,1,1,0.7160263061523438,0.7160263061523438,0.28397369384765625,0.7160263061523438,2,2,3,zero_shot_paired
30,3,2,4,60,1,0,0,0.6679637432098389,0.6679637432098389,0.6679637432098389,0.33203622698783875,2,2,3,zero_shot_paired
30,4,2,5,60,1,1,1,0.5624431371688843,0.5624431371688843,0.4375568628311157,0.5624431371688843,2,2,3,zero_shot_paired
30,5,2,6,60,1,1,1,0.5573126673698425,0.5573126673698425,0.4426873028278351,0.5573126673698425,2,2,3,zero_shot_paired
30,6,2,7,60,1,1,1,0.6407430171966553,0.6407430171966553,0.3592570126056671,0.6407430171966553,2,2,3,zero_shot_paired
30,7,2,9,60,0,1,0,0.5434558391571045,0.5434558391571045,0.4565441906452179,0.5434558391571045,2,2,3,zero_shot_paired
30,8,2,10,60,0,0,1,0.5803576707839966,0.5803576707839966,0.5803576707839966,0.4196423888206482,2,2,3,zero_shot_paired
30,9,2,12,60,1,1,1,0.5236354470252991,0.5236354470252991,0.4763646125793457,0.5236354470252991,2,2,3,zero_shot_paired
30,10,2,13,60,0,1,0,0.6601175665855408,0.6601175665855408,0.33988240361213684,0.6601175665855408,2,2,3,zero_shot_paired
30,11,2,14,60,0,1,0,0.592771589756012,0.592771589756012,0.40722841024398804,0.592771589756012,2,2,3,zero_shot_paired
30,12,2,15,60,0,1,0,0.6178188920021057,0.6178188920021057,0.3821810483932495,0.6178188920021057,2,2,3,zero_shot_paired
30,13,2,16,60,0,0,1,0.6413276195526123,0.6413276195526123,0.6413276195526123,0.3586724102497101,2,2,3,zero_shot_paired
30,14,2,17,60,1,1,1,0.6472357511520386,0.6472357511520386,0.35276421904563904,0.6472357511520386,2,2,3,zero_shot_paired
30,0,2,0,60,1,0,0,0.5800807476043701,0.5800807476043701,0.5800807476043701,0.4199192523956299,2,2,3,post_calibration
30,1,2,1,60,1,1,1,0.5514718294143677,0.5514718294143677,0.4485282003879547,0.5514718294143677,2,2,3,post_calibration
30,2,2,3,60,1,1,1,0.7266635894775391,0.7266635894775391,0.27333641052246094,0.7266635894775391,2,2,3,post_calibration
30,3,2,4,60,1,0,0,0.6567803621292114,0.6567803621292114,0.6567803621292114,0.3432196080684662,2,2,3,post_calibration
30,4,2,5,60,1,1,1,0.567234456539154,0.567234456539154,0.43276557326316833,0.567234456539154,2,2,3,post_calibration
30,5,2,6,60,1,1,1,0.6073011159896851,0.6073011159896851,0.39269882440567017,0.6073011159896851,2,2,3,post_calibration
30,6,2,7,60,1,1,1,0.675385057926178,0.675385057926178,0.3246149718761444,0.675385057926178,2,2,3,post_calibration
30,7,2,9,60,0,1,0,0.5330044031143188,0.5330044031143188,0.46699562668800354,0.5330044031143188,2,2,3,post_calibration
30,8,2,10,60,0,0,1,0.5520246624946594,0.5520246624946594,0.5520246624946594,0.4479752779006958,2,2,3,post_calibration
30,9,2,12,60,1,1,1,0.538179337978363,0.538179337978363,0.46182069182395935,0.538179337978363,2,2,3,post_calibration
30,10,2,13,60,0,1,0,0.6585392951965332,0.6585392951965332,0.3414607048034668,0.6585392951965332,2,2,3,post_calibration
30,11,2,14,60,0,1,0,0.5728030800819397,0.5728030800819397,0.4271969497203827,0.5728030800819397,2,2,3,post_calibration
30,12,2,15,60,0,1,0,0.6231099963188171,0.6231099963188171,0.37689006328582764,0.6231099963188171,2,2,3,post_calibration
30,13,2,16,60,0,0,1,0.6271933317184448,0.6271933317184448,0.6271933317184448,0.3728066384792328,2,2,3,post_calibration
30,14,2,17,60,1,1,1,0.6280795335769653,0.6280795335769653,0.3719204366207123,0.6280795335769653,2,2,3,post_calibration
31,0,2,0,60,1,0,0,0.591325044631958,0.591325044631958,0.591325044631958,0.4086749255657196,2,3,3,zero_shot_paired
31,1,2,1,60,1,1,1,0.5295010209083557,0.5295010209083557,0.4704990088939667,0.5295010209083557,2,3,3,zero_shot_paired
31,2,2,2,60,1,0,0,0.5636669993400574,0.5636669993400574,0.5636669993400574,0.4363330602645874,2,3,3,zero_shot_paired
31,3,2,4,60,1,0,0,0.6679637432098389,0.6679637432098389,0.6679637432098389,0.33203622698783875,2,3,3,zero_shot_paired
31,4,2,5,60,1,1,1,0.5624431371688843,0.5624431371688843,0.4375568628311157,0.5624431371688843,2,3,3,zero_shot_paired
31,5,2,6,60,1,1,1,0.5573126673698425,0.5573126673698425,0.4426873028278351,0.5573126673698425,2,3,3,zero_shot_paired
31,6,2,7,60,1,1,1,0.6407430171966553,0.6407430171966553,0.3592570126056671,0.6407430171966553,2,3,3,zero_shot_paired
31,7,2,8,60,0,0,1,0.5656362175941467,0.5656362175941467,0.5656362175941467,0.43436381220817566,2,3,3,zero_shot_paired
31,8,2,9,60,0,1,0,0.5434558391571045,0.5434558391571045,0.4565441906452179,0.5434558391571045,2,3,3,zero_shot_paired
31,9,2,11,60,1,0,0,0.6009332537651062,0.6009332537651062,0.6009332537651062,0.3990667462348938,2,3,3,zero_shot_paired
31,10,2,13,60,0,1,0,0.6601175665855408,0.6601175665855408,0.33988240361213684,0.6601175665855408,2,3,3,zero_shot_paired
31,11,2,14,60,0,1,0,0.592771589756012,0.592771589756012,0.40722841024398804,0.592771589756012,2,3,3,zero_shot_paired
31,12,2,15,60,0,1,0,0.6178188920021057,0.6178188920021057,0.3821810483932495,0.6178188920021057,2,3,3,zero_shot_paired
31,13,2,16,60,0,0,1,0.6413276195526123,0.6413276195526123,0.6413276195526123,0.3586724102497101,2,3,3,zero_shot_paired
31,14,2,17,60,1,1,1,0.6472357511520386,0.6472357511520386,0.35276421904563904,0.6472357511520386,2,3,3,zero_shot_paired
31,0,2,0,60,1,0,0,0.6140053272247314,0.6140053272247314,0.6140053272247314,0.38599470257759094,2,3,3,post_calibration
31,1,2,1,60,1,1,1,0.5433592796325684,0.5433592796325684,0.45664069056510925,0.5433592796325684,2,3,3,post_calibration
31,2,2,2,60,1,0,0,0.5494441986083984,0.5494441986083984,0.5494441986083984,0.45055580139160156,2,3,3,post_calibration
31,3,2,4,60,1,0,0,0.6796606183052063,0.6796606183052063,0.6796606183052063,0.3203394114971161,2,3,3,post_calibration
31,4,2,5,60,1,1,1,0.5741597414016724,0.5741597414016724,0.42584022879600525,0.5741597414016724,2,3,3,post_calibration
31,5,2,6,60,1,1,1,0.5321858525276184,0.5321858525276184,0.46781420707702637,0.5321858525276184,2,3,3,post_calibration
31,6,2,7,60,1,1,1,0.6476137042045593,0.6476137042045593,0.35238632559776306,0.6476137042045593,2,3,3,post_calibration
31,7,2,8,60,0,0,1,0.5682061910629272,0.5682061910629272,0.5682061910629272,0.43179380893707275,2,3,3,post_calibration
31,8,2,9,60,0,1,0,0.5286474823951721,0.5286474823951721,0.4713525176048279,0.5286474823951721,2,3,3,post_calibration
31,9,2,11,60,1,0,0,0.6118150949478149,0.6118150949478149,0.6118150949478149,0.38818487524986267,2,3,3,post_calibration
31,10,2,13,60,0,1,0,0.6639805436134338,0.6639805436134338,0.33601945638656616,0.6639805436134338,2,3,3,post_calibration
31,11,2,14,60,0,1,0,0.59906005859375,0.59906005859375,0.4009399116039276,0.59906005859375,2,3,3,post_calibration
31,12,2,15,60,0,1,0,0.61842942237854,0.61842942237854,0.38157057762145996,0.61842942237854,2,3,3,post_calibration
31,13,2,16,60,0,0,1,0.6342071294784546,0.6342071294784546,0.6342071294784546,0.3657929301261902,2,3,3,post_calibration
31,14,2,17,60,1,1,1,0.648281991481781,0.648281991481781,0.35171806812286377,0.648281991481781,2,3,3,post_calibration
32,0,2,0,60,1,0,0,0.591325044631958,0.591325044631958,0.591325044631958,0.4086749255657196,2,4,3,zero_shot_paired
32,1,2,1,60,1,1,1,0.5295010209083557,0.5295010209083557,0.4704990088939667,0.5295010209083557,2,4,3,zero_shot_paired
32,2,2,2,60,1,0,0,0.5636669993400574,0.5636669993400574,0.5636669993400574,0.4363330602645874,2,4,3,zero_shot_paired
32,3,2,3,60,1,1,1,0.7160263061523438,0.7160263061523438,0.28397369384765625,0.7160263061523438,2,4,3,zero_shot_paired
32,4,2,4,60,1,0,0,0.6679637432098389,0.6679637432098389,0.6679637432098389,0.33203622698783875,2,4,3,zero_shot_paired
32,5,2,6,60,1,1,1,0.5573126673698425,0.5573126673698425,0.4426873028278351,0.5573126673698425,2,4,3,zero_shot_paired
32,6,2,8,60,0,0,1,0.5656362175941467,0.5656362175941467,0.5656362175941467,0.43436381220817566,2,4,3,zero_shot_paired
32,7,2,9,60,0,1,0,0.5434558391571045,0.5434558391571045,0.4565441906452179,0.5434558391571045,2,4,3,zero_shot_paired
32,8,2,10,60,0,0,1,0.5803576707839966,0.5803576707839966,0.5803576707839966,0.4196423888206482,2,4,3,zero_shot_paired
32,9,2,11,60,1,0,0,0.6009332537651062,0.6009332537651062,0.6009332537651062,0.3990667462348938,2,4,3,zero_shot_paired
32,10,2,12,60,1,1,1,0.5236354470252991,0.5236354470252991,0.4763646125793457,0.5236354470252991,2,4,3,zero_shot_paired
32,11,2,14,60,0,1,0,0.592771589756012,0.592771589756012,0.40722841024398804,0.592771589756012,2,4,3,zero_shot_paired
32,12,2,15,60,0,1,0,0.6178188920021057,0.6178188920021057,0.3821810483932495,0.6178188920021057,2,4,3,zero_shot_paired
32,13,2,16,60,0,0,1,0.6413276195526123,0.6413276195526123,0.6413276195526123,0.3586724102497101,2,4,3,zero_shot_paired
32,14,2,17,60,1,1,1,0.6472357511520386,0.6472357511520386,0.35276421904563904,0.6472357511520386,2,4,3,zero_shot_paired
32,0,2,0,60,1,0,0,0.597323477268219,0.597323477268219,0.597323477268219,0.4026765525341034,2,4,3,post_calibration
32,1,2,1,60,1,1,1,0.5530998706817627,0.5530998706817627,0.4469001293182373,0.5530998706817627,2,4,3,post_calibration
32,2,2,2,60,1,0,0,0.5493025779724121,0.5493025779724121,0.5493025779724121,0.4506974518299103,2,4,3,post_calibration
32,3,2,3,60,1,1,1,0.7266120910644531,0.7266120910644531,0.27338793873786926,0.7266120910644531,2,4,3,post_calibration
32,4,2,4,60,1,0,0,0.6676117181777954,0.6676117181777954,0.6676117181777954,0.3323882818222046,2,4,3,post_calibration
32,5,2,6,60,1,1,1,0.5424467325210571,0.5424467325210571,0.45755329728126526,0.5424467325210571,2,4,3,post_calibration
32,6,2,8,60,0,0,1,0.5756382942199707,0.5756382942199707,0.5756382942199707,0.4243616759777069,2,4,3,post_calibration
32,7,2,9,60,0,1,0,0.5287140011787415,0.5287140011787415,0.47128596901893616,0.5287140011787415,2,4,3,post_calibration
32,8,2,10,60,0,0,1,0.5845435261726379,0.5845435261726379,0.5845435261726379,0.4154564142227173,2,4,3,post_calibration
32,9,2,11,60,1,0,0,0.5783886909484863,0.5783886909484863,0.5783886909484863,0.42161136865615845,2,4,3,post_calibration
32,10,2,12,60,1,1,1,0.5231044292449951,0.5231044292449951,0.47689560055732727,0.5231044292449951,2,4,3,post_calibration
32,11,2,14,60,0,1,0,0.5828695297241211,0.5828695297241211,0.4171304702758789,0.5828695297241211,2,4,3,post_calibration
32,12,2,15,60,0,1,0,0.6383263468742371,0.6383263468742371,0.36167359352111816,0.6383263468742371,2,4,3,post_calibration
32,13,2,16,60,0,0,1,0.6480088233947754,0.6480088233947754,0.6480088233947754,0.351991206407547,2,4,3,post_calibration
32,14,2,17,60,1,1,1,0.6260866522789001,0.6260866522789001,0.37391331791877747,0.6260866522789001,2,4,3,post_calibration
33,0,2,1,60,1,1,1,0.5295010209083557,0.5295010209083557,0.4704990088939667,0.5295010209083557,2,5,3,zero_shot_paired
33,1,2,2,60,1,0,0,0.5636669993400574,0.5636669993400574,0.5636669993400574,0.4363330602645874,2,5,3,zero_shot_paired
33,2,2,3,60,1,1,1,0.7160263061523438,0.7160263061523438,0.28397369384765625,0.7160263061523438,2,5,3,zero_shot_paired
33,3,2,5,60,1,1,1,0.5624431371688843,0.5624431371688843,0.4375568628311157,0.5624431371688843,2,5,3,zero_shot_paired
33,4,2,6,60,1,1,1,0.5573126673698425,0.5573126673698425,0.4426873028278351,0.5573126673698425,2,5,3,zero_shot_paired
33,5,2,7,60,1,1,1,0.6407430171966553,0.6407430171966553,0.3592570126056671,0.6407430171966553,2,5,3,zero_shot_paired
33,6,2,8,60,0,0,1,0.5656362175941467,0.5656362175941467,0.5656362175941467,0.43436381220817566,2,5,3,zero_shot_paired
33,7,2,10,60,0,0,1,0.5803576707839966,0.5803576707839966,0.5803576707839966,0.4196423888206482,2,5,3,zero_shot_paired
33,8,2,11,60,1,0,0,0.6009332537651062,0.6009332537651062,0.6009332537651062,0.3990667462348938,2,5,3,zero_shot_paired
33,9,2,12,60,1,1,1,0.5236354470252991,0.5236354470252991,0.4763646125793457,0.5236354470252991,2,5,3,zero_shot_paired
33,10,2,13,60,0,1,0,0.6601175665855408,0.6601175665855408,0.33988240361213684,0.6601175665855408,2,5,3,zero_shot_paired
33,11,2,14,60,0,1,0,0.592771589756012,0.592771589756012,0.40722841024398804,0.592771589756012,2,5,3,zero_shot_paired
33,12,2,15,60,0,1,0,0.6178188920021057,0.6178188920021057,0.3821810483932495,0.6178188920021057,2,5,3,zero_shot_paired
33,13,2,16,60,0,0,1,0.6413276195526123,0.6413276195526123,0.6413276195526123,0.3586724102497101,2,5,3,zero_shot_paired
33,14,2,17,60,1,1,1,0.6472357511520386,0.6472357511520386,0.35276421904563904,0.6472357511520386,2,5,3,zero_shot_paired
33,0,2,1,60,1,1,1,0.5356829762458801,0.5356829762458801,0.46431705355644226,0.5356829762458801,2,5,3,post_calibration
33,1,2,2,60,1,0,0,0.5618947744369507,0.5618947744369507,0.5618947744369507,0.43810519576072693,2,5,3,post_calibration
33,2,2,3,60,1,1,1,0.7237535715103149,0.7237535715103149,0.27624642848968506,0.7237535715103149,2,5,3,post_calibration
33,3,2,5,60,1,1,1,0.5684813261032104,0.5684813261032104,0.43151864409446716,0.5684813261032104,2,5,3,post_calibration
33,4,2,6,60,1,1,1,0.5675004124641418,0.5675004124641418,0.43249964714050293,0.5675004124641418,2,5,3,post_calibration
33,5,2,7,60,1,1,1,0.6438385248184204,0.6438385248184204,0.3561614453792572,0.6438385248184204,2,5,3,post_calibration
33,6,2,8,60,0,0,1,0.5560191869735718,0.5560191869735718,0.5560191869735718,0.4439808428287506,2,5,3,post_calibration
33,7,2,10,60,0,0,1,0.5794208645820618,0.5794208645820618,0.5794208645820618,0.42057913541793823,2,5,3,post_calibration
33,8,2,11,60,1,0,0,0.5774097442626953,0.5774097442626953,0.5774097442626953,0.4225902557373047,2,5,3,post_calibration
33,9,2,12,60,1,1,1,0.5107919573783875,0.5107919573783875,0.4892079830169678,0.5107919573783875,2,5,3,post_calibration
33,10,2,13,60,0,1,0,0.6513098478317261,0.6513098478317261,0.3486901819705963,0.6513098478317261,2,5,3,post_calibration
33,11,2,14,60,0,1,0,0.5952720046043396,0.5952720046043396,0.4047279953956604,0.5952720046043396,2,5,3,post_calibration
33,12,2,15,60,0,1,0,0.6199082136154175,0.6199082136154175,0.3800918161869049,0.6199082136154175,2,5,3,post_calibration
33,13,2,16,60,0,0,1,0.6637677550315857,0.6637677550315857,0.6637677550315857,0.3362322747707367,2,5,3,post_calibration
33,14,2,17,60,1,1,1,0.6287155747413635,0.6287155747413635,0.3712844252586365,0.6287155747413635,2,5,3,post_calibration
34,0,2,0,60,1,0,0,0.591325044631958,0.591325044631958,0.591325044631958,0.4086749255657196,2,6,3,zero_shot_paired
34,1,2,1,60,1,1,1,0.5295010209083557,0.5295010209083557,0.4704990088939667,0.5295010209083557,2,6,3,zero_shot_paired
34,2,2,2,60,1,0,0,0.5636669993400574,0.5636669993400574,0.5636669993400574,0.4363330602645874,2,6,3,zero_shot_paired
34,3,2,3,60,1,1,1,0.7160263061523438,0.7160263061523438,0.28397369384765625,0.7160263061523438,2,6,3,zero_shot_paired
34,4,2,4,60,1,0,0,0.6679637432098389,0.6679637432098389,0.6679637432098389,0.33203622698783875,2,6,3,zero_shot_paired
34,5,2,5,60,1,1,1,0.5624431371688843,0.5624431371688843,0.4375568628311157,0.5624431371688843,2,6,3,zero_shot_paired
34,6,2,7,60,1,1,1,0.6407430171966553,0.6407430171966553,0.3592570126056671,0.6407430171966553,2,6,3,zero_shot_paired
34,7,2,8,60,0,0,1,0.5656362175941467,0.5656362175941467,0.5656362175941467,0.43436381220817566,2,6,3,zero_shot_paired
34,8,2,9,60,0,1,0,0.5434558391571045,0.5434558391571045,0.4565441906452179,0.5434558391571045,2,6,3,zero_shot_paired
34,9,2,10,60,0,0,1,0.5803576707839966,0.5803576707839966,0.5803576707839966,0.4196423888206482,2,6,3,zero_shot_paired
34,10,2,11,60,1,0,0,0.6009332537651062,0.6009332537651062,0.6009332537651062,0.3990667462348938,2,6,3,zero_shot_paired
34,11,2,12,60,1,1,1,0.5236354470252991,0.5236354470252991,0.4763646125793457,0.5236354470252991,2,6,3,zero_shot_paired
34,12,2,13,60,0,1,0,0.6601175665855408,0.6601175665855408,0.33988240361213684,0.6601175665855408,2,6,3,zero_shot_paired
34,13,2,14,60,0,1,0,0.592771589756012,0.592771589756012,0.40722841024398804,0.592771589756012,2,6,3,zero_shot_paired
34,14,2,15,60,0,1,0,0.6178188920021057,0.6178188920021057,0.3821810483932495,0.6178188920021057,2,6,3,zero_shot_paired
34,0,2,0,60,1,0,0,0.5680208206176758,0.5680208206176758,0.5680208206176758,0.43197911977767944,2,6,3,post_calibration
34,1,2,1,60,1,1,1,0.5318078398704529,0.5318078398704529,0.4681921899318695,0.5318078398704529,2,6,3,post_calibration
34,2,2,2,60,1,0,0,0.5650118589401245,0.5650118589401245,0.5650118589401245,0.4349881112575531,2,6,3,post_calibration
34,3,2,3,60,1,1,1,0.7169979810714722,0.7169979810714722,0.2830020487308502,0.7169979810714722,2,6,3,post_calibration
34,4,2,4,60,1,0,0,0.6589612364768982,0.6589612364768982,0.6589612364768982,0.3410387337207794,2,6,3,post_calibration
34,5,2,5,60,1,1,1,0.5659979581832886,0.5659979581832886,0.4340021014213562,0.5659979581832886,2,6,3,post_calibration
34,6,2,7,60,1,1,1,0.6267972588539124,0.6267972588539124,0.37320271134376526,0.6267972588539124,2,6,3,post_calibration
34,7,2,8,60,0,0,1,0.5310403108596802,0.5310403108596802,0.5310403108596802,0.4689597189426422,2,6,3,post_calibration
34,8,2,9,60,0,1,0,0.5733462572097778,0.5733462572097778,0.42665374279022217,0.5733462572097778,2,6,3,post_calibration
34,9,2,10,60,0,0,1,0.5568307638168335,0.5568307638168335,0.5568307638168335,0.4431692361831665,2,6,3,post_calibration
34,10,2,11,60,1,0,0,0.6010320782661438,0.6010320782661438,0.6010320782661438,0.398967981338501,2,6,3,post_calibration
34,11,2,12,60,1,1,1,0.5289801359176636,0.5289801359176636,0.47101983428001404,0.5289801359176636,2,6,3,post_calibration
34,12,2,13,60,0,1,0,0.6835366487503052,0.6835366487503052,0.31646332144737244,0.6835366487503052,2,6,3,post_calibration
34,13,2,14,60,0,1,0,0.6085413694381714,0.6085413694381714,0.391458660364151,0.6085413694381714,2,6,3,post_calibration
34,14,2,15,60,0,1,0,0.6151546239852905,0.6151546239852905,0.3848453164100647,0.6151546239852905,2,6,3,post_calibration
35,0,2,1,60,1,1,1,0.5295010209083557,0.5295010209083557,0.4704990088939667,0.5295010209083557,2,1,6,zero_shot_paired
35,1,2,3,60,1,1,1,0.7160263061523438,0.7160263061523438,0.28397369384765625,0.7160263061523438,2,1,6,zero_shot_paired
35,2,2,5,60,1,1,1,0.5624431371688843,0.5624431371688843,0.4375568628311157,0.5624431371688843,2,1,6,zero_shot_paired
35,3,2,6,60,1,1,1,0.5573126673698425,0.5573126673698425,0.4426873028278351,0.5573126673698425,2,1,6,zero_shot_paired
35,4,2,7,60,1,1,1,0.6407430171966553,0.6407430171966553,0.3592570126056671,0.6407430171966553,2,1,6,zero_shot_paired
35,5,2,8,60,0,0,1,0.5656362175941467,0.5656362175941467,0.5656362175941467,0.43436381220817566,2,1,6,zero_shot_paired
35,6,2,9,60,0,1,0,0.5434558391571045,0.5434558391571045,0.4565441906452179,0.5434558391571045,2,1,6,zero_shot_paired
35,7,2,11,60,1,0,0,0.6009332537651062,0.6009332537651062,0.6009332537651062,0.3990667462348938,2,1,6,zero_shot_paired
35,8,2,12,60,1,1,1,0.5236354470252991,0.5236354470252991,0.4763646125793457,0.5236354470252991,2,1,6,zero_shot_paired
35,9,2,13,60,0,1,0,0.6601175665855408,0.6601175665855408,0.33988240361213684,0.6601175665855408,2,1,6,zero_shot_paired
35,10,2,15,60,0,1,0,0.6178188920021057,0.6178188920021057,0.3821810483932495,0.6178188920021057,2,1,6,zero_shot_paired
35,11,2,16,60,0,0,1,0.6413276195526123,0.6413276195526123,0.6413276195526123,0.3586724102497101,2,1,6,zero_shot_paired
35,0,2,1,60,1,1,1,0.5478515028953552,0.5478515028953552,0.4521484673023224,0.5478515028953552,2,1,6,post_calibration
35,1,2,3,60,1,1,1,0.7155125141143799,0.7155125141143799,0.28448745608329773,0.7155125141143799,2,1,6,post_calibration
35,2,2,5,60,1,1,1,0.5906187295913696,0.5906187295913696,0.40938127040863037,0.5906187295913696,2,1,6,post_calibration
35,3,2,6,60,1,1,1,0.5823277831077576,0.5823277831077576,0.41767221689224243,0.5823277831077576,2,1,6,post_calibration
35,4,2,7,60,1,1,1,0.6471068859100342,0.6471068859100342,0.3528931438922882,0.6471068859100342,2,1,6,post_calibration
35,5,2,8,60,0,0,1,0.5118424296379089,0.5118424296379089,0.5118424296379089,0.48815757036209106,2,1,6,post_calibration
35,6,2,9,60,0,1,0,0.5922521352767944,0.5922521352767944,0.40774789452552795,0.5922521352767944,2,1,6,post_calibration
35,7,2,11,60,1,0,0,0.5823388695716858,0.5823388695716858,0.5823388695716858,0.4176611006259918,2,1,6,post_calibration
35,8,2,12,60,1,1,1,0.5387235283851624,0.5387235283851624,0.46127650141716003,0.5387235283851624,2,1,6,post_calibration
35,9,2,13,60,0,1,0,0.690803587436676,0.690803587436676,0.30919644236564636,0.690803587436676,2,1,6,post_calibration
35,10,2,15,60,0,1,0,0.6367838382720947,0.6367838382720947,0.36321622133255005,0.6367838382720947,2,1,6,post_calibration
35,11,2,16,60,0,0,1,0.6281740069389343,0.6281740069389343,0.6281740069389343,0.3718259930610657,2,1,6,post_calibration
36,0,2,0,60,1,0,0,0.591325044631958,0.591325044631958,0.591325044631958,0.4086749255657196,2,2,6,zero_shot_paired
36,1,2,2,60,1,0,0,0.5636669993400574,0.5636669993400574,0.5636669993400574,0.4363330602645874,2,2,6,zero_shot_paired
36,2,2,4,60,1,0,0,0.6679637432098389,0.6679637432098389,0.6679637432098389,0.33203622698783875,2,2,6,zero_shot_paired
36,3,2,5,60,1,1,1,0.5624431371688843,0.5624431371688843,0.4375568628311157,0.5624431371688843,2,2,6,zero_shot_paired
36,4,2,7,60,1,1,1,0.6407430171966553,0.6407430171966553,0.3592570126056671,0.6407430171966553,2,2,6,zero_shot_paired
36,5,2,10,60,0,0,1,0.5803576707839966,0.5803576707839966,0.5803576707839966,0.4196423888206482,2,2,6,zero_shot_paired
36,6,2,11,60,1,0,0,0.6009332537651062,0.6009332537651062,0.6009332537651062,0.3990667462348938,2,2,6,zero_shot_paired
36,7,2,12,60,1,1,1,0.5236354470252991,0.5236354470252991,0.4763646125793457,0.5236354470252991,2,2,6,zero_shot_paired
36,8,2,14,60,0,1,0,0.592771589756012,0.592771589756012,0.40722841024398804,0.592771589756012,2,2,6,zero_shot_paired
36,9,2,15,60,0,1,0,0.6178188920021057,0.6178188920021057,0.3821810483932495,0.6178188920021057,2,2,6,zero_shot_paired
36,10,2,16,60,0,0,1,0.6413276195526123,0.6413276195526123,0.6413276195526123,0.3586724102497101,2,2,6,zero_shot_paired
36,11,2,17,60,1,1,1,0.6472357511520386,0.6472357511520386,0.35276421904563904,0.6472357511520386,2,2,6,zero_shot_paired
36,0,2,0,60,1,0,0,0.6081905364990234,0.6081905364990234,0.6081905364990234,0.39180949330329895,2,2,6,post_calibration
36,1,2,2,60,1,0,0,0.5545458197593689,0.5545458197593689,0.5545458197593689,0.4454541504383087,2,2,6,post_calibration
36,2,2,4,60,1,0,0,0.6775173544883728,0.6775173544883728,0.6775173544883728,0.3224826455116272,2,2,6,post_calibration
36,3,2,5,60,1,1,1,0.5469725728034973,0.5469725728034973,0.4530274271965027,0.5469725728034973,2,2,6,post_calibration
36,4,2,7,60,1,1,1,0.661164402961731,0.661164402961731,0.33883559703826904,0.661164402961731,2,2,6,post_calibration
36,5,2,10,60,0,0,1,0.5802851319313049,0.5802851319313049,0.5802851319313049,0.4197148382663727,2,2,6,post_calibration
36,6,2,11,60,1,0,0,0.5766835808753967,0.5766835808753967,0.5766835808753967,0.42331644892692566,2,2,6,post_calibration
36,7,2,12,60,1,1,1,0.5202049612998962,0.5202049612998962,0.47979503870010376,0.5202049612998962,2,2,6,post_calibration
36,8,2,14,60,0,1,0,0.5694336891174316,0.5694336891174316,0.4305662512779236,0.5694336891174316,2,2,6,post_calibration
36,9,2,15,60,0,1,0,0.6386399269104004,0.6386399269104004,0.3613601326942444,0.6386399269104004,2,2,6,post_calibration
36,10,2,16,60,0,0,1,0.6567305326461792,0.6567305326461792,0.6567305326461792,0.3432694971561432,2,2,6,post_calibration
36,11,2,17,60,1,1,1,0.6164525151252747,0.6164525151252747,0.38354748487472534,0.6164525151252747,2,2,6,post_calibration
37,0,2,0,60,1,0,0,0.591325044631958,0.591325044631958,0.591325044631958,0.4086749255657196,2,3,6,zero_shot_paired
37,1,2,1,60,1,1,1,0.5295010209083557,0.5295010209083557,0.4704990088939667,0.5295010209083557,2,3,6,zero_shot_paired
37,2,2,2,60,1,0,0,0.5636669993400574,0.5636669993400574,0.5636669993400574,0.4363330602645874,2,3,6,zero_shot_paired
37,3,2,3,60,1,1,1,0.7160263061523438,0.7160263061523438,0.28397369384765625,0.7160263061523438,2,3,6,zero_shot_paired
37,4,2,4,60,1,0,0,0.6679637432098389,0.6679637432098389,0.6679637432098389,0.33203622698783875,2,3,6,zero_shot_paired
37,5,2,6,60,1,1,1,0.5573126673698425,0.5573126673698425,0.4426873028278351,0.5573126673698425,2,3,6,zero_shot_paired
37,6,2,8,60,0,0,1,0.5656362175941467,0.5656362175941467,0.5656362175941467,0.43436381220817566,2,3,6,zero_shot_paired
37,7,2,9,60,0,1,0,0.5434558391571045,0.5434558391571045,0.4565441906452179,0.5434558391571045,2,3,6,zero_shot_paired
37,8,2,10,60,0,0,1,0.5803576707839966,0.5803576707839966,0.5803576707839966,0.4196423888206482,2,3,6,zero_shot_paired
37,9,2,13,60,0,1,0,0.6601175665855408,0.6601175665855408,0.33988240361213684,0.6601175665855408,2,3,6,zero_shot_paired
37,10,2,14,60,0,1,0,0.592771589756012,0.592771589756012,0.40722841024398804,0.592771589756012,2,3,6,zero_shot_paired
37,11,2,17,60,1,1,1,0.6472357511520386,0.6472357511520386,0.35276421904563904,0.6472357511520386,2,3,6,zero_shot_paired
37,0,2,0,60,1,0,0,0.5840098857879639,0.5840098857879639,0.5840098857879639,0.41599008440971375,2,3,6,post_calibration
37,1,2,1,60,1,1,1,0.5352673530578613,0.5352673530578613,0.46473267674446106,0.5352673530578613,2,3,6,post_calibration
37,2,2,2,60,1,0,0,0.5162277221679688,0.5162277221679688,0.5162277221679688,0.48377224802970886,2,3,6,post_calibration
37,3,2,3,60,1,1,1,0.7123932242393494,0.7123932242393494,0.28760674595832825,0.7123932242393494,2,3,6,post_calibration
37,4,2,4,60,1,0,0,0.6664764285087585,0.6664764285087585,0.6664764285087585,0.33352360129356384,2,3,6,post_calibration
37,5,2,6,60,1,1,1,0.5567139983177185,0.5567139983177185,0.4432859718799591,0.5567139983177185,2,3,6,post_calibration
37,6,2,8,60,0,0,1,0.5715742111206055,0.5715742111206055,0.5715742111206055,0.4284258186817169,2,3,6,post_calibration
37,7,2,9,60,0,1,0,0.5432116389274597,0.5432116389274597,0.4567883610725403,0.5432116389274597,2,3,6,post_calibration
37,8,2,10,60,0,0,1,0.5677999258041382,0.5677999258041382,0.5677999258041382,0.43220004439353943,2,3,6,post_calibration
37,9,2,13,60,0,1,0,0.6600697040557861,0.6600697040557861,0.33993032574653625,0.6600697040557861,2,3,6,post_calibration
37,10,2,14,60,0,1,0,0.6039537191390991,0.6039537191390991,0.3960462510585785,0.6039537191390991,2,3,6,post_calibration
37,11,2,17,60,1,1,1,0.6470528244972229,0.6470528244972229,0.3529471457004547,0.6470528244972229,2,3,6,post_calibration
38,0,2,0,60,1,0,0,0.5913158059120178,0.5913158059120178,0.5913158059120178,0.4086841642856598,2,1,9,zero_shot_paired
38,1,2,2,60,1,0,0,0.5636632442474365,0.5636632442474365,0.5636632442474365,0.43633678555488586,2,1,9,zero_shot_paired
38,2,2,3,60,1,1,1,0.7160277962684631,0.7160277962684631,0.2839721441268921,0.7160277962684631,2,1,9,zero_shot_paired
38,3,2,4,60,1,0,0,0.6679671406745911,0.6679671406745911,0.6679671406745911,0.33203282952308655,2,1,9,zero_shot_paired
38,4,2,5,60,1,1,1,0.5624374747276306,0.5624374747276306,0.437562495470047,0.5624374747276306,2,1,9,zero_shot_paired
38,5,2,8,60,0,0,1,0.5656399130821228,0.5656399130821228,0.5656399130821228,0.4343600869178772,2,1,9,zero_shot_paired
38,6,2,14,60,0,1,0,0.5927678942680359,0.5927678942680359,0.4072320759296417,0.5927678942680359,2,1,9,zero_shot_paired
38,7,2,16,60,0,0,1,0.6413293480873108,0.6413293480873108,0.6413293480873108,0.3586706221103668,2,1,9,zero_shot_paired
38,8,2,17,60,1,1,1,0.6472357511520386,0.6472357511520386,0.35276421904563904,0.6472357511520386,2,1,9,zero_shot_paired
38,0,2,0,60,1,0,0,0.6149325370788574,0.6149325370788574,0.6149325370788574,0.38506752252578735,2,1,9,post_calibration
38,1,2,2,60,1,0,0,0.5521775484085083,0.5521775484085083,0.5521775484085083,0.4478224515914917,2,1,9,post_calibration
38,2,2,3,60,1,1,1,0.7346314787864685,0.7346314787864685,0.2653685212135315,0.7346314787864685,2,1,9,post_calibration
38,3,2,4,60,1,0,0,0.6751374006271362,0.6751374006271362,0.6751374006271362,0.3248625695705414,2,1,9,post_calibration
38,4,2,5,60,1,1,1,0.5542612671852112,0.5542612671852112,0.4457387626171112,0.5542612671852112,2,1,9,post_calibration
38,5,2,8,60,0,0,1,0.5908676981925964,0.5908676981925964,0.5908676981925964,0.4091322422027588,2,1,9,post_calibration
38,6,2,14,60,0,1,0,0.5677999258041382,0.5677999258041382,0.43220004439353943,0.5677999258041382,2,1,9,post_calibration
38,7,2,16,60,0,0,1,0.6317486763000488,0.6317486763000488,0.6317486763000488,0.3682512640953064,2,1,9,post_calibration
38,8,2,17,60,1,1,1,0.6272504329681396,0.6272504329681396,0.37274953722953796,0.6272504329681396,2,1,9,post_calibration
39,0,2,1,60,1,1,1,0.5294857621192932,0.5294857621192932,0.4705142080783844,0.5294857621192932,2,2,9,zero_shot_paired
39,1,2,6,60,1,1,1,0.5573126673698425,0.5573126673698425,0.4426873028278351,0.5573126673698425,2,2,9,zero_shot_paired
39,2,2,7,60,1,1,1,0.6407430171966553,0.6407430171966553,0.3592570126056671,0.6407430171966553,2,2,9,zero_shot_paired
39,3,2,9,60,0,1,0,0.5434293746948242,0.5434293746948242,0.45657065510749817,0.5434293746948242,2,2,9,zero_shot_paired
39,4,2,10,60,0,0,1,0.580353856086731,0.580353856086731,0.580353856086731,0.41964608430862427,2,2,9,zero_shot_paired
39,5,2,11,60,1,0,0,0.6009332537651062,0.6009332537651062,0.6009332537651062,0.3990667462348938,2,2,9,zero_shot_paired
39,6,2,12,60,1,1,1,0.5236392021179199,0.5236392021179199,0.4763607978820801,0.5236392021179199,2,2,9,zero_shot_paired
39,7,2,13,60,0,1,0,0.6601125001907349,0.6601125001907349,0.3398875296115875,0.6601125001907349,2,2,9,zero_shot_paired
39,8,2,15,60,0,1,0,0.617822527885437,0.617822527885437,0.382177472114563,0.617822527885437,2,2,9,zero_shot_paired
39,0,2,1,60,1,1,1,0.5587784647941589,0.5587784647941589,0.4412215054035187,0.5587784647941589,2,2,9,post_calibration
39,1,2,6,60,1,1,1,0.5680451989173889,0.5680451989173889,0.4319548010826111,0.5680451989173889,2,2,9,post_calibration
39,2,2,7,60,1,1,1,0.6508973240852356,0.6508973240852356,0.3491026759147644,0.6508973240852356,2,2,9,post_calibration
39,3,2,9,60,0,1,0,0.5731129050254822,0.5731129050254822,0.42688703536987305,0.5731129050254822,2,2,9,post_calibration
39,4,2,10,60,0,0,1,0.5526151657104492,0.5526151657104492,0.5526151657104492,0.4473848342895508,2,2,9,post_calibration
39,5,2,11,60,1,0,0,0.5929336547851562,0.5929336547851562,0.5929336547851562,0.40706637501716614,2,2,9,post_calibration
39,6,2,12,60,1,1,1,0.5434880256652832,0.5434880256652832,0.4565119743347168,0.5434880256652832,2,2,9,post_calibration
39,7,2,13,60,0,1,0,0.6650962233543396,0.6650962233543396,0.3349037766456604,0.6650962233543396,2,2,9,post_calibration
39,8,2,15,60,0,1,0,0.631716787815094,0.631716787815094,0.368283212184906,0.631716787815094,2,2,9,post_calibration
40,0,2,1,60,1,1,1,0.5295712947845459,0.5295712947845459,0.4704287052154541,0.5295712947845459,2,1,12,zero_shot_paired
40,1,2,4,60,1,0,0,0.6679671406745911,0.6679671406745911,0.6679671406745911,0.33203282952308655,2,1,12,zero_shot_paired
40,2,2,6,60,1,1,1,0.5572938919067383,0.5572938919067383,0.4427061676979065,0.5572938919067383,2,1,12,zero_shot_paired
40,3,2,12,60,1,1,1,0.5234279632568359,0.5234279632568359,0.47657203674316406,0.5234279632568359,2,1,12,zero_shot_paired
40,4,2,14,60,0,1,0,0.5927218198776245,0.5927218198776245,0.4072781503200531,0.5927218198776245,2,1,12,zero_shot_paired
40,5,2,15,60,0,1,0,0.6178819537162781,0.6178819537162781,0.3821180462837219,0.6178819537162781,2,1,12,zero_shot_paired
40,0,2,1,60,1,1,1,0.5530923008918762,0.5530923008918762,0.4469076693058014,0.5530923008918762,2,1,12,post_calibration
40,1,2,4,60,1,0,0,0.6709738969802856,0.6709738969802856,0.6709738969802856,0.32902610301971436,2,1,12,post_calibration
40,2,2,6,60,1,1,1,0.546535849571228,0.546535849571228,0.45346418023109436,0.546535849571228,2,1,12,post_calibration
40,3,2,12,60,1,1,1,0.5312530398368835,0.5312530398368835,0.4687469005584717,0.5312530398368835,2,1,12,post_calibration
40,4,2,14,60,0,1,0,0.5916752815246582,0.5916752815246582,0.408324658870697,0.5916752815246582,2,1,12,post_calibration
40,5,2,15,60,0,1,0,0.6248820424079895,0.6248820424079895,0.3751178979873657,0.6248820424079895,2,1,12,post_calibration
41,0,2,5,60,1,1,1,0.5622873306274414,0.5622873306274414,0.437712699174881,0.5622873306274414,2,2,12,zero_shot_paired
41,1,2,6,60,1,1,1,0.5572938919067383,0.5572938919067383,0.4427061676979065,0.5572938919067383,2,2,12,zero_shot_paired
41,2,2,8,60,0,0,1,0.5658892393112183,0.5658892393112183,0.5658892393112183,0.43411076068878174,2,2,12,zero_shot_paired
41,3,2,11,60,1,0,0,0.600980818271637,0.600980818271637,0.600980818271637,0.3990192115306854,2,2,12,zero_shot_paired
41,4,2,12,60,1,1,1,0.5234279632568359,0.5234279632568359,0.47657203674316406,0.5234279632568359,2,2,12,zero_shot_paired
41,5,2,14,60,0,1,0,0.5927218198776245,0.5927218198776245,0.4072781503200531,0.5927218198776245,2,2,12,zero_shot_paired
41,0,2,5,60,1,1,1,0.578844428062439,0.578844428062439,0.4211556017398834,0.578844428062439,2,2,12,post_calibration
41,1,2,6,60,1,1,1,0.5455164909362793,0.5455164909362793,0.4544835388660431,0.5455164909362793,2,2,12,post_calibration
41,2,2,8,60,0,0,1,0.5617294907569885,0.5617294907569885,0.5617294907569885,0.4382704794406891,2,2,12,post_calibration
41,3,2,11,60,1,0,0,0.5969949960708618,0.5969949960708618,0.5969949960708618,0.40300506353378296,2,2,12,post_calibration
41,4,2,12,60,1,1,1,0.5233861207962036,0.5233861207962036,0.4766138792037964,0.5233861207962036,2,2,12,post_calibration
41,5,2,14,60,0,1,0,0.6058974266052246,0.6058974266052246,0.3941025733947754,0.6058974266052246,2,2,12,post_calibration
42,0,2,1,60,1,1,1,0.5295712947845459,0.5295712947845459,0.4704287052154541,0.5295712947845459,2,3,12,zero_shot_paired
42,1,2,6,60,1,1,1,0.5572938919067383,0.5572938919067383,0.4427061676979065,0.5572938919067383,2,3,12,zero_shot_paired
42,2,2,7,60,1,1,1,0.6406850218772888,0.6406850218772888,0.3593149483203888,0.6406850218772888,2,3,12,zero_shot_paired
42,3,2,11,60,1,0,0,0.600980818271637,0.600980818271637,0.600980818271637,0.3990192115306854,2,3,12,zero_shot_paired
42,4,2,13,60,0,1,0,0.6601073145866394,0.6601073145866394,0.3398926556110382,0.6601073145866394,2,3,12,zero_shot_paired
42,5,2,14,60,0,1,0,0.5927218198776245,0.5927218198776245,0.4072781503200531,0.5927218198776245,2,3,12,zero_shot_paired
42,0,2,1,60,1,1,1,0.5473411679267883,0.5473411679267883,0.4526587724685669,0.5473411679267883,2,3,12,post_calibration
42,1,2,6,60,1,1,1,0.5573296546936035,0.5573296546936035,0.44267040491104126,0.5573296546936035,2,3,12,post_calibration
42,2,2,7,60,1,1,1,0.642423689365387,0.642423689365387,0.35757628083229065,0.642423689365387,2,3,12,post_calibration
42,3,2,11,60,1,0,0,0.6026628017425537,0.6026628017425537,0.6026628017425537,0.3973371684551239,2,3,12,post_calibration
42,4,2,13,60,0,1,0,0.6657179594039917,0.6657179594039917,0.3342821002006531,0.6657179594039917,2,3,12,post_calibration
42,5,2,14,60,0,1,0,0.6203179955482483,0.6203179955482483,0.3796820044517517,0.6203179955482483,2,3,12,post_calibration
4,0,3,0,60,1,0,0,0.7247120141983032,0.7247120141983032,0.7247120141983032,0.2752879559993744,3,,,zero_shot_all_trials
4,1,3,1,60,1,1,1,0.6064474582672119,0.6064474582672119,0.3935525119304657,0.6064474582672119,3,,,zero_shot_all_trials
4,2,3,2,60,1,1,1,0.5379840135574341,0.5379840135574341,0.46201595664024353,0.5379840135574341,3,,,zero_shot_all_trials
4,3,3,3,60,1,0,0,0.5086432099342346,0.5086432099342346,0.5086432099342346,0.491356760263443,3,,,zero_shot_all_trials
4,4,3,4,60,1,1,1,0.5166869163513184,0.5166869163513184,0.48331308364868164,0.5166869163513184,3,,,zero_shot_all_trials
4,5,3,5,60,1,1,1,0.6096875667572021,0.6096875667572021,0.39031240344047546,0.6096875667572021,3,,,zero_shot_all_trials
4,6,3,6,60,1,1,1,0.7366315722465515,0.7366315722465515,0.2633684277534485,0.7366315722465515,3,,,zero_shot_all_trials
4,7,3,7,60,1,1,1,0.6273699998855591,0.6273699998855591,0.3726300597190857,0.6273699998855591,3,,,zero_shot_all_trials
4,8,3,8,60,1,1,1,0.7668765783309937,0.7668765783309937,0.23312342166900635,0.7668765783309937,3,,,zero_shot_all_trials
4,9,3,9,60,1,0,0,0.6722947359085083,0.6722947359085083,0.6722947359085083,0.3277052938938141,3,,,zero_shot_all_trials
4,10,3,10,60,0,0,1,0.7258157134056091,0.7258157134056091,0.7258157134056091,0.27418431639671326,3,,,zero_shot_all_trials
4,11,3,11,60,0,1,0,0.7200945615768433,0.7200945615768433,0.27990537881851196,0.7200945615768433,3,,,zero_shot_all_trials
4,12,3,12,60,0,0,1,0.5757017135620117,0.5757017135620117,0.5757017135620117,0.4242982864379883,3,,,zero_shot_all_trials
4,13,3,13,60,0,0,1,0.5434027910232544,0.5434027910232544,0.5434027910232544,0.45659714937210083,3,,,zero_shot_all_trials
4,14,3,14,60,0,0,1,0.5101799964904785,0.5101799964904785,0.5101799964904785,0.4898199737071991,3,,,zero_shot_all_trials
4,15,3,15,60,0,1,0,0.6136345863342285,0.6136345863342285,0.38636547327041626,0.6136345863342285,3,,,zero_shot_all_trials
4,16,3,16,60,1,1,1,0.5360699892044067,0.5360699892044067,0.4639299511909485,0.5360699892044067,3,,,zero_shot_all_trials
4,17,3,17,60,1,1,1,0.6094261407852173,0.6094261407852173,0.3905739188194275,0.6094261407852173,3,,,zero_shot_all_trials
43,0,3,1,60,1,1,1,0.6064529418945312,0.6064529418945312,0.39354705810546875,0.6064529418945312,3,1,3,zero_shot_paired
43,1,3,2,60,1,1,1,0.5379801988601685,0.5379801988601685,0.46201980113983154,0.5379801988601685,3,1,3,zero_shot_paired
43,2,3,3,60,1,0,0,0.5086451172828674,0.5086451172828674,0.5086451172828674,0.4913548529148102,3,1,3,zero_shot_paired
43,3,3,4,60,1,1,1,0.5166831016540527,0.5166831016540527,0.48331689834594727,0.5166831016540527,3,1,3,zero_shot_paired
43,4,3,6,60,1,1,1,0.7366300821304321,0.7366300821304321,0.2633698880672455,0.7366300821304321,3,1,3,zero_shot_paired
43,5,3,7,60,1,1,1,0.6273699998855591,0.6273699998855591,0.3726300597190857,0.6273699998855591,3,1,3,zero_shot_paired
43,6,3,8,60,1,1,1,0.7668765783309937,0.7668765783309937,0.23312342166900635,0.7668765783309937,3,1,3,zero_shot_paired
43,7,3,9,60,1,0,0,0.6722947359085083,0.6722947359085083,0.6722947359085083,0.3277052938938141,3,1,3,zero_shot_paired
43,8,3,10,60,0,0,1,0.7258126735687256,0.7258126735687256,0.7258126735687256,0.2741873860359192,3,1,3,zero_shot_paired
43,9,3,11,60,0,1,0,0.7200992107391357,0.7200992107391357,0.27990075945854187,0.7200992107391357,3,1,3,zero_shot_paired
43,10,3,12,60,0,0,1,0.5757054686546326,0.5757054686546326,0.5757054686546326,0.4242945611476898,3,1,3,zero_shot_paired
43,11,3,13,60,0,0,1,0.5434085130691528,0.5434085130691528,0.5434085130691528,0.4565914571285248,3,1,3,zero_shot_paired
43,12,3,15,60,0,1,0,0.6136454343795776,0.6136454343795776,0.38635459542274475,0.6136454343795776,3,1,3,zero_shot_paired
43,13,3,16,60,1,1,1,0.5360662341117859,0.5360662341117859,0.4639337658882141,0.5360662341117859,3,1,3,zero_shot_paired
43,14,3,17,60,1,1,1,0.6094315052032471,0.6094315052032471,0.39056843519210815,0.6094315052032471,3,1,3,zero_shot_paired
43,0,3,1,60,1,1,1,0.6540458798408508,0.6540458798408508,0.34595412015914917,0.6540458798408508,3,1,3,post_calibration
43,1,3,2,60,1,1,1,0.5798428654670715,0.5798428654670715,0.42015713453292847,0.5798428654670715,3,1,3,post_calibration
43,2,3,3,60,1,1,1,0.5389737486839294,0.5389737486839294,0.46102628111839294,0.5389737486839294,3,1,3,post_calibration
43,3,3,4,60,1,1,1,0.5529924035072327,0.5529924035072327,0.4470076262950897,0.5529924035072327,3,1,3,post_calibration
43,4,3,6,60,1,1,1,0.7582505941390991,0.7582505941390991,0.24174942076206207,0.7582505941390991,3,1,3,post_calibration
43,5,3,7,60,1,1,1,0.6755037307739258,0.6755037307739258,0.32449623942375183,0.6755037307739258,3,1,3,post_calibration
43,6,3,8,60,1,1,1,0.7854796051979065,0.7854796051979065,0.2145203948020935,0.7854796051979065,3,1,3,post_calibration
43,7,3,9,60,1,0,0,0.6505157947540283,0.6505157947540283,0.6505157947540283,0.3494841754436493,3,1,3,post_calibration
43,8,3,10,60,0,0,1,0.7121180295944214,0.7121180295944214,0.7121180295944214,0.287882000207901,3,1,3,post_calibration
43,9,3,11,60,0,1,0,0.7317450642585754,0.7317450642585754,0.26825496554374695,0.7317450642585754,3,1,3,post_calibration
43,10,3,12,60,0,0,1,0.5474905371665955,0.5474905371665955,0.5474905371665955,0.45250946283340454,3,1,3,post_calibration
43,11,3,13,60,0,1,0,0.5014190673828125,0.5014190673828125,0.4985809326171875,0.5014190673828125,3,1,3,post_calibration
43,12,3,15,60,0,1,0,0.6111771464347839,0.6111771464347839,0.38882288336753845,0.6111771464347839,3,1,3,post_calibration
43,13,3,16,60,1,1,1,0.5696394443511963,0.5696394443511963,0.4303605556488037,0.5696394443511963,3,1,3,post_calibration
43,14,3,17,60,1,1,1,0.6258544921875,0.6258544921875,0.3741455674171448,0.6258544921875,3,1,3,post_calibration
44,0,3,0,60,1,0,0,0.7247181534767151,0.7247181534767151,0.7247181534767151,0.2752819061279297,3,2,3,zero_shot_paired
44,1,3,3,60,1,0,0,0.5086508393287659,0.5086508393287659,0.5086508393287659,0.49134913086891174,3,2,3,zero_shot_paired
44,2,3,4,60,1,1,1,0.5166831016540527,0.5166831016540527,0.48331689834594727,0.5166831016540527,3,2,3,zero_shot_paired
44,3,3,5,60,1,1,1,0.6096785068511963,0.6096785068511963,0.3903215229511261,0.6096785068511963,3,2,3,zero_shot_paired
44,4,3,6,60,1,1,1,0.7366360425949097,0.7366360425949097,0.2633639872074127,0.7366360425949097,3,2,3,zero_shot_paired
44,5,3,7,60,1,1,1,0.6273627877235413,0.6273627877235413,0.37263718247413635,0.6273627877235413,3,2,3,zero_shot_paired
44,6,3,8,60,1,1,1,0.7668724656105042,0.7668724656105042,0.23312753438949585,0.7668724656105042,3,2,3,zero_shot_paired
44,7,3,9,60,1,0,0,0.672286331653595,0.672286331653595,0.672286331653595,0.32771366834640503,3,2,3,zero_shot_paired
44,8,3,10,60,0,0,1,0.7258157134056091,0.7258157134056091,0.7258157134056091,0.27418431639671326,3,2,3,zero_shot_paired
44,9,3,11,60,0,1,0,0.7200961709022522,0.7200961709022522,0.2799038589000702,0.7200961709022522,3,2,3,zero_shot_paired
44,10,3,12,60,0,0,1,0.5756979584693909,0.5756979584693909,0.5756979584693909,0.42430204153060913,3,2,3,zero_shot_paired
44,11,3,13,60,0,0,1,0.5434009432792664,0.5434009432792664,0.5434009432792664,0.45659905672073364,3,2,3,zero_shot_paired
44,12,3,14,60,0,0,1,0.5101915001869202,0.5101915001869202,0.5101915001869202,0.4898085594177246,3,2,3,zero_shot_paired
44,13,3,16,60,1,1,1,0.5360738635063171,0.5360738635063171,0.46392616629600525,0.5360738635063171,3,2,3,zero_shot_paired
44,14,3,17,60,1,1,1,0.6094369888305664,0.6094369888305664,0.3905629813671112,0.6094369888305664,3,2,3,zero_shot_paired
44,0,3,0,60,1,0,0,0.6844419836997986,0.6844419836997986,0.6844419836997986,0.31555798649787903,3,2,3,post_calibration
44,1,3,3,60,1,1,1,0.5541839599609375,0.5541839599609375,0.4458160400390625,0.5541839599609375,3,2,3,post_calibration
44,2,3,4,60,1,1,1,0.569798469543457,0.569798469543457,0.43020159006118774,0.569798469543457,3,2,3,post_calibration
44,3,3,5,60,1,1,1,0.63238924741745,0.63238924741745,0.36761072278022766,0.63238924741745,3,2,3,post_calibration
44,4,3,6,60,1,1,1,0.7451115846633911,0.7451115846633911,0.2548883855342865,0.7451115846633911,3,2,3,post_calibration
44,5,3,7,60,1,1,1,0.6541287302970886,0.6541287302970886,0.3458712697029114,0.6541287302970886,3,2,3,post_calibration
44,6,3,8,60,1,1,1,0.774448812007904,0.774448812007904,0.22555117309093475,0.774448812007904,3,2,3,post_calibration
44,7,3,9,60,1,0,0,0.6723451018333435,0.6723451018333435,0.6723451018333435,0.3276548683643341,3,2,3,post_calibration
44,8,3,10,60,0,0,1,0.729519784450531,0.729519784450531,0.729519784450531,0.2704802453517914,3,2,3,post_calibration
44,9,3,11,60,0,1,0,0.7001681327819824,0.7001681327819824,0.2998318374156952,0.7001681327819824,3,2,3,post_calibration
44,10,3,12,60,0,0,1,0.5758377909660339,0.5758377909660339,0.5758377909660339,0.42416223883628845,3,2,3,post_calibration
44,11,3,13,60,0,0,1,0.5197822451591492,0.5197822451591492,0.5197822451591492,0.48021775484085083,3,2,3,post_calibration
44,12,3,14,60,0,0,1,0.506625771522522,0.506625771522522,0.506625771522522,0.4933742582798004,3,2,3,post_calibration
44,13,3,16,60,1,1,1,0.5669066905975342,0.5669066905975342,0.4330933392047882,0.5669066905975342,3,2,3,post_calibration
44,14,3,17,60,1,1,1,0.6120597124099731,0.6120597124099731,0.38794031739234924,0.6120597124099731,3,2,3,post_calibration
45,0,3,0,60,1,0,0,0.7247181534767151,0.7247181534767151,0.7247181534767151,0.2752819061279297,3,3,3,zero_shot_paired
45,1,3,1,60,1,1,1,0.6064529418945312,0.6064529418945312,0.39354705810546875,0.6064529418945312,3,3,3,zero_shot_paired
45,2,3,2,60,1,1,1,0.5379821062088013,0.5379821062088013,0.46201789379119873,0.5379821062088013,3,3,3,zero_shot_paired
45,3,3,3,60,1,0,0,0.5086508393287659,0.5086508393287659,0.5086508393287659,0.49134913086891174,3,3,3,zero_shot_paired
45,4,3,4,60,1,1,1,0.5166831016540527,0.5166831016540527,0.48331689834594727,0.5166831016540527,3,3,3,zero_shot_paired
45,5,3,5,60,1,1,1,0.6096785068511963,0.6096785068511963,0.3903215229511261,0.6096785068511963,3,3,3,zero_shot_paired
45,6,3,6,60,1,1,1,0.7366360425949097,0.7366360425949097,0.2633639872074127,0.7366360425949097,3,3,3,zero_shot_paired
45,7,3,8,60,1,1,1,0.7668724656105042,0.7668724656105042,0.23312753438949585,0.7668724656105042,3,3,3,zero_shot_paired
45,8,3,9,60,1,0,0,0.672286331653595,0.672286331653595,0.672286331653595,0.32771366834640503,3,3,3,zero_shot_paired
45,9,3,11,60,0,1,0,0.7200961709022522,0.7200961709022522,0.2799038589000702,0.7200961709022522,3,3,3,zero_shot_paired
45,10,3,12,60,0,0,1,0.5756979584693909,0.5756979584693909,0.5756979584693909,0.42430204153060913,3,3,3,zero_shot_paired
45,11,3,13,60,0,0,1,0.5434009432792664,0.5434009432792664,0.5434009432792664,0.45659905672073364,3,3,3,zero_shot_paired
45,12,3,14,60,0,0,1,0.5101915001869202,0.5101915001869202,0.5101915001869202,0.4898085594177246,3,3,3,zero_shot_paired
45,13,3,15,60,0,1,0,0.6136345863342285,0.6136345863342285,0.38636547327041626,0.6136345863342285,3,3,3,zero_shot_paired
45,14,3,16,60,1,1,1,0.5360738635063171,0.5360738635063171,0.46392616629600525,0.5360738635063171,3,3,3,zero_shot_paired
45,0,3,0,60,1,0,0,0.7096813321113586,0.7096813321113586,0.7096813321113586,0.29031863808631897,3,3,3,post_calibration
45,1,3,1,60,1,1,1,0.6200178861618042,0.6200178861618042,0.3799821436405182,0.6200178861618042,3,3,3,post_calibration
45,2,3,2,60,1,1,1,0.5663408637046814,0.5663408637046814,0.4336591362953186,0.5663408637046814,3,3,3,post_calibration
45,3,3,3,60,1,1,1,0.5161305665969849,0.5161305665969849,0.48386940360069275,0.5161305665969849,3,3,3,post_calibration
45,4,3,4,60,1,1,1,0.5336557030677795,0.5336557030677795,0.46634429693222046,0.5336557030677795,3,3,3,post_calibration
45,5,3,5,60,1,1,1,0.6416346430778503,0.6416346430778503,0.35836532711982727,0.6416346430778503,3,3,3,post_calibration
45,6,3,6,60,1,1,1,0.7583470940589905,0.7583470940589905,0.2416529506444931,0.7583470940589905,3,3,3,post_calibration
45,7,3,8,60,1,1,1,0.7818151116371155,0.7818151116371155,0.21818485856056213,0.7818151116371155,3,3,3,post_calibration
45,8,3,9,60,1,0,0,0.6597083806991577,0.6597083806991577,0.6597083806991577,0.3402916193008423,3,3,3,post_calibration
45,9,3,11,60,0,1,0,0.7184122800827026,0.7184122800827026,0.281587690114975,0.7184122800827026,3,3,3,post_calibration
45,10,3,12,60,0,0,1,0.5638751983642578,0.5638751983642578,0.5638751983642578,0.4361247420310974,3,3,3,post_calibration
45,11,3,13,60,0,0,1,0.5279497504234314,0.5279497504234314,0.5279497504234314,0.4720502495765686,3,3,3,post_calibration
45,12,3,14,60,0,1,0,0.5027198791503906,0.5027198791503906,0.49728015065193176,0.5027198791503906,3,3,3,post_calibration
45,13,3,15,60,0,1,0,0.6191169023513794,0.6191169023513794,0.3808830678462982,0.6191169023513794,3,3,3,post_calibration
45,14,3,16,60,1,1,1,0.5497086048126221,0.5497086048126221,0.45029136538505554,0.5497086048126221,3,3,3,post_calibration
46,0,3,0,60,1,0,0,0.7247181534767151,0.7247181534767151,0.7247181534767151,0.2752819061279297,3,4,3,zero_shot_paired
46,1,3,1,60,1,1,1,0.6064529418945312,0.6064529418945312,0.39354705810546875,0.6064529418945312,3,4,3,zero_shot_paired
46,2,3,2,60,1,1,1,0.5379821062088013,0.5379821062088013,0.46201789379119873,0.5379821062088013,3,4,3,zero_shot_paired
46,3,3,3,60,1,0,0,0.5086508393287659,0.5086508393287659,0.5086508393287659,0.49134913086891174,3,4,3,zero_shot_paired
46,4,3,4,60,1,1,1,0.5166831016540527,0.5166831016540527,0.48331689834594727,0.5166831016540527,3,4,3,zero_shot_paired
46,5,3,5,60,1,1,1,0.6096785068511963,0.6096785068511963,0.3903215229511261,0.6096785068511963,3,4,3,zero_shot_paired
46,6,3,7,60,1,1,1,0.6273627877235413,0.6273627877235413,0.37263718247413635,0.6273627877235413,3,4,3,zero_shot_paired
46,7,3,9,60,1,0,0,0.672286331653595,0.672286331653595,0.672286331653595,0.32771366834640503,3,4,3,zero_shot_paired
46,8,3,10,60,0,0,1,0.7258157134056091,0.7258157134056091,0.7258157134056091,0.27418431639671326,3,4,3,zero_shot_paired
46,9,3,11,60,0,1,0,0.7200961709022522,0.7200961709022522,0.2799038589000702,0.7200961709022522,3,4,3,zero_shot_paired
46,10,3,13,60,0,0,1,0.5434009432792664,0.5434009432792664,0.5434009432792664,0.45659905672073364,3,4,3,zero_shot_paired
46,11,3,14,60,0,0,1,0.5101915001869202,0.5101915001869202,0.5101915001869202,0.4898085594177246,3,4,3,zero_shot_paired
46,12,3,15,60,0,1,0,0.6136345863342285,0.6136345863342285,0.38636547327041626,0.6136345863342285,3,4,3,zero_shot_paired
46,13,3,16,60,1,1,1,0.5360738635063171,0.5360738635063171,0.46392616629600525,0.5360738635063171,3,4,3,zero_shot_paired
46,14,3,17,60,1,1,1,0.6094369888305664,0.6094369888305664,0.3905629813671112,0.6094369888305664,3,4,3,zero_shot_paired
46,0,3,0,60,1,0,0,0.7189198136329651,0.7189198136329651,0.7189198136329651,0.2810802161693573,3,4,3,post_calibration
46,1,3,1,60,1,1,1,0.6356855034828186,0.6356855034828186,0.3643145263195038,0.6356855034828186,3,4,3,post_calibration
46,2,3,2,60,1,1,1,0.5625276565551758,0.5625276565551758,0.4374723434448242,0.5625276565551758,3,4,3,post_calibration
46,3,3,3,60,1,1,1,0.5197251439094543,0.5197251439094543,0.48027488589286804,0.5197251439094543,3,4,3,post_calibration
46,4,3,4,60,1,1,1,0.5311771035194397,0.5311771035194397,0.4688229262828827,0.5311771035194397,3,4,3,post_calibration
46,5,3,5,60,1,1,1,0.6176424026489258,0.6176424026489258,0.3823576271533966,0.6176424026489258,3,4,3,post_calibration
46,6,3,7,60,1,1,1,0.6229970455169678,0.6229970455169678,0.3770029544830322,0.6229970455169678,3,4,3,post_calibration
46,7,3,9,60,1,0,0,0.6823389530181885,0.6823389530181885,0.6823389530181885,0.31766101717948914,3,4,3,post_calibration
46,8,3,10,60,0,0,1,0.7271739840507507,0.7271739840507507,0.7271739840507507,0.27282601594924927,3,4,3,post_calibration
46,9,3,11,60,0,1,0,0.7219821214675903,0.7219821214675903,0.2780178189277649,0.7219821214675903,3,4,3,post_calibration
46,10,3,13,60,0,0,1,0.5494517683982849,0.5494517683982849,0.5494517683982849,0.4505482316017151,3,4,3,post_calibration
46,11,3,14,60,0,1,0,0.5134702920913696,0.5134702920913696,0.48652976751327515,0.5134702920913696,3,4,3,post_calibration
46,12,3,15,60,0,1,0,0.6282987594604492,0.6282987594604492,0.37170127034187317,0.6282987594604492,3,4,3,post_calibration
46,13,3,16,60,1,1,1,0.5271434783935547,0.5271434783935547,0.4728565216064453,0.5271434783935547,3,4,3,post_calibration
46,14,3,17,60,1,1,1,0.6198201179504395,0.6198201179504395,0.38017985224723816,0.6198201179504395,3,4,3,post_calibration
47,0,3,0,60,1,0,0,0.7247181534767151,0.7247181534767151,0.7247181534767151,0.2752819061279297,3,5,3,zero_shot_paired
47,1,3,1,60,1,1,1,0.6064529418945312,0.6064529418945312,0.39354705810546875,0.6064529418945312,3,5,3,zero_shot_paired
47,2,3,2,60,1,1,1,0.5379821062088013,0.5379821062088013,0.46201789379119873,0.5379821062088013,3,5,3,zero_shot_paired
47,3,3,3,60,1,0,0,0.5086508393287659,0.5086508393287659,0.5086508393287659,0.49134913086891174,3,5,3,zero_shot_paired
47,4,3,4,60,1,1,1,0.5166831016540527,0.5166831016540527,0.48331689834594727,0.5166831016540527,3,5,3,zero_shot_paired
47,5,3,5,60,1,1,1,0.6096785068511963,0.6096785068511963,0.3903215229511261,0.6096785068511963,3,5,3,zero_shot_paired
47,6,3,6,60,1,1,1,0.7366360425949097,0.7366360425949097,0.2633639872074127,0.7366360425949097,3,5,3,zero_shot_paired
47,7,3,7,60,1,1,1,0.6273627877235413,0.6273627877235413,0.37263718247413635,0.6273627877235413,3,5,3,zero_shot_paired
47,8,3,8,60,1,1,1,0.7668724656105042,0.7668724656105042,0.23312753438949585,0.7668724656105042,3,5,3,zero_shot_paired
47,9,3,10,60,0,0,1,0.7258157134056091,0.7258157134056091,0.7258157134056091,0.27418431639671326,3,5,3,zero_shot_paired
47,10,3,11,60,0,1,0,0.7200961709022522,0.7200961709022522,0.2799038589000702,0.7200961709022522,3,5,3,zero_shot_paired
47,11,3,12,60,0,0,1,0.5756979584693909,0.5756979584693909,0.5756979584693909,0.42430204153060913,3,5,3,zero_shot_paired
47,12,3,14,60,0,0,1,0.5101915001869202,0.5101915001869202,0.5101915001869202,0.4898085594177246,3,5,3,zero_shot_paired
47,13,3,15,60,0,1,0,0.6136345863342285,0.6136345863342285,0.38636547327041626,0.6136345863342285,3,5,3,zero_shot_paired
47,14,3,17,60,1,1,1,0.6094369888305664,0.6094369888305664,0.3905629813671112,0.6094369888305664,3,5,3,zero_shot_paired
47,0,3,0,60,1,0,0,0.7328189611434937,0.7328189611434937,0.7328189611434937,0.26718103885650635,3,5,3,post_calibration
47,1,3,1,60,1,1,1,0.6063236594200134,0.6063236594200134,0.39367637038230896,0.6063236594200134,3,5,3,post_calibration
47,2,3,2,60,1,1,1,0.5607638955116272,0.5607638955116272,0.4392361640930176,0.5607638955116272,3,5,3,post_calibration
47,3,3,3,60,1,1,1,0.5155131816864014,0.5155131816864014,0.48448681831359863,0.5155131816864014,3,5,3,post_calibration
47,4,3,4,60,1,1,1,0.5370603799819946,0.5370603799819946,0.46293964982032776,0.5370603799819946,3,5,3,post_calibration
47,5,3,5,60,1,1,1,0.6224216222763062,0.6224216222763062,0.3775783181190491,0.6224216222763062,3,5,3,post_calibration
47,6,3,6,60,1,1,1,0.7609283328056335,0.7609283328056335,0.23907165229320526,0.7609283328056335,3,5,3,post_calibration
47,7,3,7,60,1,1,1,0.6458636522293091,0.6458636522293091,0.3541363775730133,0.6458636522293091,3,5,3,post_calibration
47,8,3,8,60,1,1,1,0.7813931703567505,0.7813931703567505,0.21860681474208832,0.7813931703567505,3,5,3,post_calibration
47,9,3,10,60,0,0,1,0.7161984443664551,0.7161984443664551,0.7161984443664551,0.2838015556335449,3,5,3,post_calibration
47,10,3,11,60,0,1,0,0.7194775938987732,0.7194775938987732,0.2805224359035492,0.7194775938987732,3,5,3,post_calibration
47,11,3,12,60,0,0,1,0.5378512740135193,0.5378512740135193,0.5378512740135193,0.4621487259864807,3,5,3,post_calibration
47,12,3,14,60,0,0,1,0.5435864925384521,0.5435864925384521,0.5435864925384521,0.4564135670661926,3,5,3,post_calibration
47,13,3,15,60,0,1,0,0.6102248430252075,0.6102248430252075,0.3897751569747925,0.6102248430252075,3,5,3,post_calibration
47,14,3,17,60,1,1,1,0.6255720853805542,0.6255720853805542,0.374427855014801,0.6255720853805542,3,5,3,post_calibration
48,0,3,0,60,1,0,0,0.7247181534767151,0.7247181534767151,0.7247181534767151,0.2752819061279297,3,6,3,zero_shot_paired
48,1,3,1,60,1,1,1,0.6064529418945312,0.6064529418945312,0.39354705810546875,0.6064529418945312,3,6,3,zero_shot_paired
48,2,3,2,60,1,1,1,0.5379821062088013,0.5379821062088013,0.46201789379119873,0.5379821062088013,3,6,3,zero_shot_paired
48,3,3,5,60,1,1,1,0.6096785068511963,0.6096785068511963,0.3903215229511261,0.6096785068511963,3,6,3,zero_shot_paired
48,4,3,6,60,1,1,1,0.7366360425949097,0.7366360425949097,0.2633639872074127,0.7366360425949097,3,6,3,zero_shot_paired
48,5,3,7,60,1,1,1,0.6273627877235413,0.6273627877235413,0.37263718247413635,0.6273627877235413,3,6,3,zero_shot_paired
48,6,3,8,60,1,1,1,0.7668724656105042,0.7668724656105042,0.23312753438949585,0.7668724656105042,3,6,3,zero_shot_paired
48,7,3,9,60,1,0,0,0.672286331653595,0.672286331653595,0.672286331653595,0.32771366834640503,3,6,3,zero_shot_paired
48,8,3,10,60,0,0,1,0.7258157134056091,0.7258157134056091,0.7258157134056091,0.27418431639671326,3,6,3,zero_shot_paired
48,9,3,12,60,0,0,1,0.5756979584693909,0.5756979584693909,0.5756979584693909,0.42430204153060913,3,6,3,zero_shot_paired
48,10,3,13,60,0,0,1,0.5434009432792664,0.5434009432792664,0.5434009432792664,0.45659905672073364,3,6,3,zero_shot_paired
48,11,3,14,60,0,0,1,0.5101915001869202,0.5101915001869202,0.5101915001869202,0.4898085594177246,3,6,3,zero_shot_paired
48,12,3,15,60,0,1,0,0.6136345863342285,0.6136345863342285,0.38636547327041626,0.6136345863342285,3,6,3,zero_shot_paired
48,13,3,16,60,1,1,1,0.5360738635063171,0.5360738635063171,0.46392616629600525,0.5360738635063171,3,6,3,zero_shot_paired
48,14,3,17,60,1,1,1,0.6094369888305664,0.6094369888305664,0.3905629813671112,0.6094369888305664,3,6,3,zero_shot_paired
48,0,3,0,60,1,0,0,0.7010579109191895,0.7010579109191895,0.7010579109191895,0.29894205927848816,3,6,3,post_calibration
48,1,3,1,60,1,1,1,0.6667053699493408,0.6667053699493408,0.33329465985298157,0.6667053699493408,3,6,3,post_calibration
48,2,3,2,60,1,1,1,0.6319617033004761,0.6319617033004761,0.3680383265018463,0.6319617033004761,3,6,3,post_calibration
48,3,3,5,60,1,1,1,0.6418784260749817,0.6418784260749817,0.35812151432037354,0.6418784260749817,3,6,3,post_calibration
48,4,3,6,60,1,1,1,0.7807865738868713,0.7807865738868713,0.21921342611312866,0.7807865738868713,3,6,3,post_calibration
48,5,3,7,60,1,1,1,0.668319046497345,0.668319046497345,0.3316810131072998,0.668319046497345,3,6,3,post_calibration
48,6,3,8,60,1,1,1,0.7940857410430908,0.7940857410430908,0.20591427385807037,0.7940857410430908,3,6,3,post_calibration
48,7,3,9,60,1,0,0,0.653106153011322,0.653106153011322,0.653106153011322,0.3468938171863556,3,6,3,post_calibration
48,8,3,10,60,0,0,1,0.7303349375724792,0.7303349375724792,0.7303349375724792,0.26966503262519836,3,6,3,post_calibration
48,9,3,12,60,0,0,1,0.5664252042770386,0.5664252042770386,0.5664252042770386,0.4335748255252838,3,6,3,post_calibration
48,10,3,13,60,0,0,1,0.5240635871887207,0.5240635871887207,0.5240635871887207,0.4759364128112793,3,6,3,post_calibration
48,11,3,14,60,0,0,1,0.5019264221191406,0.5019264221191406,0.5019264221191406,0.49807360768318176,3,6,3,post_calibration
48,12,3,15,60,0,1,0,0.615950882434845,0.615950882434845,0.38404908776283264,0.615950882434845,3,6,3,post_calibration
48,13,3,16,60,1,1,1,0.5660954117774963,0.5660954117774963,0.43390461802482605,0.5660954117774963,3,6,3,post_calibration
48,14,3,17,60,1,1,1,0.6331692934036255,0.6331692934036255,0.3668307065963745,0.6331692934036255,3,6,3,post_calibration
49,0,3,3,60,1,0,0,0.5086508393287659,0.5086508393287659,0.5086508393287659,0.49134913086891174,3,1,6,zero_shot_paired
49,1,3,4,60,1,1,1,0.5166831016540527,0.5166831016540527,0.48331689834594727,0.5166831016540527,3,1,6,zero_shot_paired
49,2,3,5,60,1,1,1,0.6096785068511963,0.6096785068511963,0.3903215229511261,0.6096785068511963,3,1,6,zero_shot_paired
49,3,3,7,60,1,1,1,0.6273627877235413,0.6273627877235413,0.37263718247413635,0.6273627877235413,3,1,6,zero_shot_paired
49,4,3,8,60,1,1,1,0.7668724656105042,0.7668724656105042,0.23312753438949585,0.7668724656105042,3,1,6,zero_shot_paired
49,5,3,9,60,1,0,0,0.672286331653595,0.672286331653595,0.672286331653595,0.32771366834640503,3,1,6,zero_shot_paired
49,6,3,10,60,0,0,1,0.7258157134056091,0.7258157134056091,0.7258157134056091,0.27418431639671326,3,1,6,zero_shot_paired
49,7,3,11,60,0,1,0,0.7200961709022522,0.7200961709022522,0.2799038589000702,0.7200961709022522,3,1,6,zero_shot_paired
49,8,3,12,60,0,0,1,0.5756979584693909,0.5756979584693909,0.5756979584693909,0.42430204153060913,3,1,6,zero_shot_paired
49,9,3,14,60,0,0,1,0.5101915001869202,0.5101915001869202,0.5101915001869202,0.4898085594177246,3,1,6,zero_shot_paired
49,10,3,16,60,1,1,1,0.5360738635063171,0.5360738635063171,0.46392616629600525,0.5360738635063171,3,1,6,zero_shot_paired
49,11,3,17,60,1,1,1,0.6094369888305664,0.6094369888305664,0.3905629813671112,0.6094369888305664,3,1,6,zero_shot_paired
49,0,3,3,60,1,1,1,0.580173671245575,0.580173671245575,0.41982629895210266,0.580173671245575,3,1,6,post_calibration
49,1,3,4,60,1,1,1,0.5848047733306885,0.5848047733306885,0.41519519686698914,0.5848047733306885,3,1,6,post_calibration
49,2,3,5,60,1,1,1,0.6415873169898987,0.6415873169898987,0.3584127128124237,0.6415873169898987,3,1,6,post_calibration
49,3,3,7,60,1,1,1,0.6877381801605225,0.6877381801605225,0.3122618794441223,0.6877381801605225,3,1,6,post_calibration
49,4,3,8,60,1,1,1,0.7989856600761414,0.7989856600761414,0.20101433992385864,0.7989856600761414,3,1,6,post_calibration
49,5,3,9,60,1,0,0,0.6507516503334045,0.6507516503334045,0.6507516503334045,0.3492482900619507,3,1,6,post_calibration
49,6,3,10,60,0,0,1,0.7135251760482788,0.7135251760482788,0.7135251760482788,0.2864747941493988,3,1,6,post_calibration
49,7,3,11,60,0,1,0,0.7222409248352051,0.7222409248352051,0.2777591049671173,0.7222409248352051,3,1,6,post_calibration
49,8,3,12,60,0,0,1,0.5606229305267334,0.5606229305267334,0.5606229305267334,0.4393770694732666,3,1,6,post_calibration
49,9,3,14,60,0,1,0,0.5016384124755859,0.5016384124755859,0.49836158752441406,0.5016384124755859,3,1,6,post_calibration
49,10,3,16,60,1,1,1,0.5735365748405457,0.5735365748405457,0.42646342515945435,0.5735365748405457,3,1,6,post_calibration
49,11,3,17,60,1,1,1,0.6316511034965515,0.6316511034965515,0.3683488667011261,0.6316511034965515,3,1,6,post_calibration
50,0,3,0,60,1,0,0,0.7247181534767151,0.7247181534767151,0.7247181534767151,0.2752819061279297,3,2,6,zero_shot_paired
50,1,3,1,60,1,1,1,0.6064529418945312,0.6064529418945312,0.39354705810546875,0.6064529418945312,3,2,6,zero_shot_paired
50,2,3,2,60,1,1,1,0.5379821062088013,0.5379821062088013,0.46201789379119873,0.5379821062088013,3,2,6,zero_shot_paired
50,3,3,3,60,1,0,0,0.5086508393287659,0.5086508393287659,0.5086508393287659,0.49134913086891174,3,2,6,zero_shot_paired
50,4,3,6,60,1,1,1,0.7366360425949097,0.7366360425949097,0.2633639872074127,0.7366360425949097,3,2,6,zero_shot_paired
50,5,3,7,60,1,1,1,0.6273627877235413,0.6273627877235413,0.37263718247413635,0.6273627877235413,3,2,6,zero_shot_paired
50,6,3,9,60,1,0,0,0.672286331653595,0.672286331653595,0.672286331653595,0.32771366834640503,3,2,6,zero_shot_paired
50,7,3,11,60,0,1,0,0.7200961709022522,0.7200961709022522,0.2799038589000702,0.7200961709022522,3,2,6,zero_shot_paired
50,8,3,13,60,0,0,1,0.5434009432792664,0.5434009432792664,0.5434009432792664,0.45659905672073364,3,2,6,zero_shot_paired
50,9,3,14,60,0,0,1,0.5101915001869202,0.5101915001869202,0.5101915001869202,0.4898085594177246,3,2,6,zero_shot_paired
50,10,3,15,60,0,1,0,0.6136345863342285,0.6136345863342285,0.38636547327041626,0.6136345863342285,3,2,6,zero_shot_paired
50,11,3,17,60,1,1,1,0.6094369888305664,0.6094369888305664,0.3905629813671112,0.6094369888305664,3,2,6,zero_shot_paired
50,0,3,0,60,1,0,0,0.7079223990440369,0.7079223990440369,0.7079223990440369,0.29207760095596313,3,2,6,post_calibration
50,1,3,1,60,1,1,1,0.6703773140907288,0.6703773140907288,0.32962262630462646,0.6703773140907288,3,2,6,post_calibration
50,2,3,2,60,1,1,1,0.6149541735649109,0.6149541735649109,0.3850458264350891,0.6149541735649109,3,2,6,post_calibration
50,3,3,3,60,1,1,1,0.5600101947784424,0.5600101947784424,0.43998983502388,0.5600101947784424,3,2,6,post_calibration
50,4,3,6,60,1,1,1,0.7558454871177673,0.7558454871177673,0.24415455758571625,0.7558454871177673,3,2,6,post_calibration
50,5,3,7,60,1,1,1,0.6576449275016785,0.6576449275016785,0.34235504269599915,0.6576449275016785,3,2,6,post_calibration
50,6,3,9,60,1,0,0,0.6891144514083862,0.6891144514083862,0.6891144514083862,0.31088557839393616,3,2,6,post_calibration
50,7,3,11,60,0,1,0,0.7212603092193604,0.7212603092193604,0.27873969078063965,0.7212603092193604,3,2,6,post_calibration
50,8,3,13,60,0,0,1,0.5332987308502197,0.5332987308502197,0.5332987308502197,0.46670129895210266,3,2,6,post_calibration
50,9,3,14,60,0,1,0,0.5197688937187195,0.5197688937187195,0.4802311062812805,0.5197688937187195,3,2,6,post_calibration
50,10,3,15,60,0,1,0,0.623856782913208,0.623856782913208,0.376143217086792,0.623856782913208,3,2,6,post_calibration
50,11,3,17,60,1,1,1,0.631493091583252,0.631493091583252,0.36850693821907043,0.631493091583252,3,2,6,post_calibration
51,0,3,0,60,1,0,0,0.7247181534767151,0.7247181534767151,0.7247181534767151,0.2752819061279297,3,3,6,zero_shot_paired
51,1,3,1,60,1,1,1,0.6064529418945312,0.6064529418945312,0.39354705810546875,0.6064529418945312,3,3,6,zero_shot_paired
51,2,3,2,60,1,1,1,0.5379821062088013,0.5379821062088013,0.46201789379119873,0.5379821062088013,3,3,6,zero_shot_paired
51,3,3,4,60,1,1,1,0.5166831016540527,0.5166831016540527,0.48331689834594727,0.5166831016540527,3,3,6,zero_shot_paired
51,4,3,5,60,1,1,1,0.6096785068511963,0.6096785068511963,0.3903215229511261,0.6096785068511963,3,3,6,zero_shot_paired
51,5,3,6,60,1,1,1,0.7366360425949097,0.7366360425949097,0.2633639872074127,0.7366360425949097,3,3,6,zero_shot_paired
51,6,3,8,60,1,1,1,0.7668724656105042,0.7668724656105042,0.23312753438949585,0.7668724656105042,3,3,6,zero_shot_paired
51,7,3,10,60,0,0,1,0.7258157134056091,0.7258157134056091,0.7258157134056091,0.27418431639671326,3,3,6,zero_shot_paired
51,8,3,12,60,0,0,1,0.5756979584693909,0.5756979584693909,0.5756979584693909,0.42430204153060913,3,3,6,zero_shot_paired
51,9,3,13,60,0,0,1,0.5434009432792664,0.5434009432792664,0.5434009432792664,0.45659905672073364,3,3,6,zero_shot_paired
51,10,3,15,60,0,1,0,0.6136345863342285,0.6136345863342285,0.38636547327041626,0.6136345863342285,3,3,6,zero_shot_paired
51,11,3,16,60,1,1,1,0.5360738635063171,0.5360738635063171,0.46392616629600525,0.5360738635063171,3,3,6,zero_shot_paired
51,0,3,0,60,1,0,0,0.7174466848373413,0.7174466848373413,0.7174466848373413,0.2825533151626587,3,3,6,post_calibration
51,1,3,1,60,1,1,1,0.6157541871070862,0.6157541871070862,0.3842458426952362,0.6157541871070862,3,3,6,post_calibration
51,2,3,2,60,1,1,1,0.5836817622184753,0.5836817622184753,0.41631820797920227,0.5836817622184753,3,3,6,post_calibration
51,3,3,4,60,1,1,1,0.533074676990509,0.533074676990509,0.46692535281181335,0.533074676990509,3,3,6,post_calibration
51,4,3,5,60,1,1,1,0.6331870555877686,0.6331870555877686,0.36681297421455383,0.6331870555877686,3,3,6,post_calibration
51,5,3,6,60,1,1,1,0.7801892161369324,0.7801892161369324,0.21981078386306763,0.7801892161369324,3,3,6,post_calibration
51,6,3,8,60,1,1,1,0.7641375660896301,0.7641375660896301,0.23586247861385345,0.7641375660896301,3,3,6,post_calibration
51,7,3,10,60,0,0,1,0.7307178974151611,0.7307178974151611,0.7307178974151611,0.2692820429801941,3,3,6,post_calibration
51,8,3,12,60,0,0,1,0.5523340702056885,0.5523340702056885,0.5523340702056885,0.44766589999198914,3,3,6,post_calibration
51,9,3,13,60,0,0,1,0.5372045040130615,0.5372045040130615,0.5372045040130615,0.4627954959869385,3,3,6,post_calibration
51,10,3,15,60,0,1,0,0.5912236571311951,0.5912236571311951,0.40877634286880493,0.5912236571311951,3,3,6,post_calibration
51,11,3,16,60,1,1,1,0.5598691701889038,0.5598691701889038,0.4401308000087738,0.5598691701889038,3,3,6,post_calibration
52,0,3,0,60,1,0,0,0.7247104644775391,0.7247104644775391,0.7247104644775391,0.27528950572013855,3,1,9,zero_shot_paired
52,1,3,4,60,1,1,1,0.5166831016540527,0.5166831016540527,0.48331689834594727,0.5166831016540527,3,1,9,zero_shot_paired
52,2,3,6,60,1,1,1,0.7366374731063843,0.7366374731063843,0.26336249709129333,0.7366374731063843,3,1,9,zero_shot_paired
52,3,3,7,60,1,1,1,0.6273664236068726,0.6273664236068726,0.37263360619544983,0.6273664236068726,3,1,9,zero_shot_paired
52,4,3,9,60,1,0,0,0.6722947359085083,0.6722947359085083,0.6722947359085083,0.3277052938938141,3,1,9,zero_shot_paired
52,5,3,11,60,0,1,0,0.720086932182312,0.720086932182312,0.2799130380153656,0.720086932182312,3,1,9,zero_shot_paired
52,6,3,14,60,0,0,1,0.5101838111877441,0.5101838111877441,0.5101838111877441,0.48981615900993347,3,1,9,zero_shot_paired
52,7,3,15,60,0,1,0,0.6136327981948853,0.6136327981948853,0.3863672614097595,0.6136327981948853,3,1,9,zero_shot_paired
52,8,3,17,60,1,1,1,0.609444260597229,0.609444260597229,0.3905557692050934,0.609444260597229,3,1,9,zero_shot_paired
52,0,3,0,60,1,0,0,0.6858705878257751,0.6858705878257751,0.6858705878257751,0.31412944197654724,3,1,9,post_calibration
52,1,3,4,60,1,1,1,0.6439732313156128,0.6439732313156128,0.35602670907974243,0.6439732313156128,3,1,9,post_calibration
52,2,3,6,60,1,1,1,0.7913705110549927,0.7913705110549927,0.2086295187473297,0.7913705110549927,3,1,9,post_calibration
52,3,3,7,60,1,1,1,0.6758565902709961,0.6758565902709961,0.3241434693336487,0.6758565902709961,3,1,9,post_calibration
52,4,3,9,60,1,0,0,0.6471033692359924,0.6471033692359924,0.6471033692359924,0.35289663076400757,3,1,9,post_calibration
52,5,3,11,60,0,1,0,0.7252610921859741,0.7252610921859741,0.2747388482093811,0.7252610921859741,3,1,9,post_calibration
52,6,3,14,60,0,1,0,0.5118252635002136,0.5118252635002136,0.4881747364997864,0.5118252635002136,3,1,9,post_calibration
52,7,3,15,60,0,1,0,0.6382436156272888,0.6382436156272888,0.3617563843727112,0.6382436156272888,3,1,9,post_calibration
52,8,3,17,60,1,1,1,0.6485794186592102,0.6485794186592102,0.35142064094543457,0.6485794186592102,3,1,9,post_calibration
53,0,3,1,60,1,1,1,0.6064602732658386,0.6064602732658386,0.39353978633880615,0.6064602732658386,3,2,9,zero_shot_paired
53,1,3,2,60,1,1,1,0.5379821062088013,0.5379821062088013,0.46201789379119873,0.5379821062088013,3,2,9,zero_shot_paired
53,2,3,3,60,1,0,0,0.5086508393287659,0.5086508393287659,0.5086508393287659,0.49134913086891174,3,2,9,zero_shot_paired
53,3,3,5,60,1,1,1,0.6096821427345276,0.6096821427345276,0.3903178572654724,0.6096821427345276,3,2,9,zero_shot_paired
53,4,3,8,60,1,1,1,0.7668752074241638,0.7668752074241638,0.23312480747699738,0.7668752074241638,3,2,9,zero_shot_paired
53,5,3,10,60,0,0,1,0.7258172631263733,0.7258172631263733,0.7258172631263733,0.2741827964782715,3,2,9,zero_shot_paired
53,6,3,12,60,0,0,1,0.5757035613059998,0.5757035613059998,0.5757035613059998,0.42429643869400024,3,2,9,zero_shot_paired
53,7,3,13,60,0,0,1,0.5433838963508606,0.5433838963508606,0.5433838963508606,0.4566161036491394,3,2,9,zero_shot_paired
53,8,3,16,60,1,1,1,0.5360738635063171,0.5360738635063171,0.46392616629600525,0.5360738635063171,3,2,9,zero_shot_paired
53,0,3,1,60,1,1,1,0.6283040642738342,0.6283040642738342,0.3716959059238434,0.6283040642738342,3,2,9,post_calibration
53,1,3,2,60,1,1,1,0.5820401310920715,0.5820401310920715,0.41795986890792847,0.5820401310920715,3,2,9,post_calibration
53,2,3,3,60,1,1,1,0.5274496078491211,0.5274496078491211,0.4725503623485565,0.5274496078491211,3,2,9,post_calibration
53,3,3,5,60,1,1,1,0.6400419473648071,0.6400419473648071,0.35995805263519287,0.6400419473648071,3,2,9,post_calibration
53,4,3,8,60,1,1,1,0.7586027979850769,0.7586027979850769,0.2413971722126007,0.7586027979850769,3,2,9,post_calibration
53,5,3,10,60,0,0,1,0.7267439365386963,0.7267439365386963,0.7267439365386963,0.2732561230659485,3,2,9,post_calibration
53,6,3,12,60,0,0,1,0.5471200942993164,0.5471200942993164,0.5471200942993164,0.45287996530532837,3,2,9,post_calibration
53,7,3,13,60,0,0,1,0.528151273727417,0.528151273727417,0.528151273727417,0.471848726272583,3,2,9,post_calibration
53,8,3,16,60,1,1,1,0.5715704560279846,0.5715704560279846,0.4284295439720154,0.5715704560279846,3,2,9,post_calibration
54,0,3,2,60,1,1,1,0.5380029678344727,0.5380029678344727,0.46199703216552734,0.5380029678344727,3,1,12,zero_shot_paired
54,1,3,4,60,1,1,1,0.5167478919029236,0.5167478919029236,0.4832521378993988,0.5167478919029236,3,1,12,zero_shot_paired
54,2,3,12,60,0,0,1,0.5756345987319946,0.5756345987319946,0.5756345987319946,0.424365371465683,3,1,12,zero_shot_paired
54,3,3,14,60,0,0,1,0.5101609230041504,0.5101609230041504,0.5101609230041504,0.48983901739120483,3,1,12,zero_shot_paired
54,4,3,16,60,1,1,1,0.536126971244812,0.536126971244812,0.4638729989528656,0.536126971244812,3,1,12,zero_shot_paired
54,5,3,17,60,1,1,1,0.6095205545425415,0.6095205545425415,0.3904794454574585,0.6095205545425415,3,1,12,zero_shot_paired
54,0,3,2,60,1,1,1,0.6394652128219604,0.6394652128219604,0.36053475737571716,0.6394652128219604,3,1,12,post_calibration
54,1,3,4,60,1,1,1,0.5922613143920898,0.5922613143920898,0.40773865580558777,0.5922613143920898,3,1,12,post_calibration
54,2,3,12,60,0,0,1,0.5411909818649292,0.5411909818649292,0.5411909818649292,0.4588090181350708,3,1,12,post_calibration
54,3,3,14,60,0,0,1,0.5222612023353577,0.5222612023353577,0.5222612023353577,0.47773879766464233,3,1,12,post_calibration
54,4,3,16,60,1,1,1,0.5765997171401978,0.5765997171401978,0.42340031266212463,0.5765997171401978,3,1,12,post_calibration
54,5,3,17,60,1,1,1,0.6564656496047974,0.6564656496047974,0.3435344099998474,0.6564656496047974,3,1,12,post_calibration
55,0,3,0,60,1,0,0,0.7247956991195679,0.7247956991195679,0.7247956991195679,0.27520427107810974,3,2,12,zero_shot_paired
55,1,3,4,60,1,1,1,0.5167478919029236,0.5167478919029236,0.4832521378993988,0.5167478919029236,3,2,12,zero_shot_paired
55,2,3,5,60,1,1,1,0.6096348762512207,0.6096348762512207,0.3903650939464569,0.6096348762512207,3,2,12,zero_shot_paired
55,3,3,7,60,1,1,1,0.6274752020835876,0.6274752020835876,0.37252482771873474,0.6274752020835876,3,2,12,zero_shot_paired
55,4,3,11,60,0,1,0,0.720156192779541,0.720156192779541,0.27984386682510376,0.720156192779541,3,2,12,zero_shot_paired
55,5,3,13,60,0,0,1,0.5432816743850708,0.5432816743850708,0.5432816743850708,0.4567183256149292,3,2,12,zero_shot_paired
55,0,3,0,60,1,0,0,0.6738224625587463,0.6738224625587463,0.6738224625587463,0.3261775076389313,3,2,12,post_calibration
55,1,3,4,60,1,1,1,0.5960198640823364,0.5960198640823364,0.4039801061153412,0.5960198640823364,3,2,12,post_calibration
55,2,3,5,60,1,1,1,0.662004828453064,0.662004828453064,0.33799517154693604,0.662004828453064,3,2,12,post_calibration
55,3,3,7,60,1,1,1,0.7011713981628418,0.7011713981628418,0.2988285720348358,0.7011713981628418,3,2,12,post_calibration
55,4,3,11,60,0,1,0,0.7028121948242188,0.7028121948242188,0.29718783497810364,0.7028121948242188,3,2,12,post_calibration
55,5,3,13,60,0,0,1,0.5238770842552185,0.5238770842552185,0.5238770842552185,0.4761229157447815,3,2,12,post_calibration
56,0,3,2,60,1,1,1,0.5380029678344727,0.5380029678344727,0.46199703216552734,0.5380029678344727,3,3,12,zero_shot_paired
56,1,3,7,60,1,1,1,0.6274752020835876,0.6274752020835876,0.37252482771873474,0.6274752020835876,3,3,12,zero_shot_paired
56,2,3,9,60,1,0,0,0.6722358465194702,0.6722358465194702,0.6722358465194702,0.3277641236782074,3,3,12,zero_shot_paired
56,3,3,13,60,0,0,1,0.5432816743850708,0.5432816743850708,0.5432816743850708,0.4567183256149292,3,3,12,zero_shot_paired
56,4,3,14,60,0,0,1,0.5101609230041504,0.5101609230041504,0.5101609230041504,0.48983901739120483,3,3,12,zero_shot_paired
56,5,3,16,60,1,1,1,0.536126971244812,0.536126971244812,0.4638729989528656,0.536126971244812,3,3,12,zero_shot_paired
56,0,3,2,60,1,1,1,0.6724157333374023,0.6724157333374023,0.32758423686027527,0.6724157333374023,3,3,12,post_calibration
56,1,3,7,60,1,1,1,0.6959325075149536,0.6959325075149536,0.3040674924850464,0.6959325075149536,3,3,12,post_calibration
56,2,3,9,60,1,0,0,0.6561472415924072,0.6561472415924072,0.6561472415924072,0.34385278820991516,3,3,12,post_calibration
56,3,3,13,60,0,1,0,0.5064560174942017,0.5064560174942017,0.49354398250579834,0.5064560174942017,3,3,12,post_calibration
56,4,3,14,60,0,1,0,0.5255933403968811,0.5255933403968811,0.4744066894054413,0.5255933403968811,3,3,12,post_calibration
56,5,3,16,60,1,1,1,0.5877379179000854,0.5877379179000854,0.41226205229759216,0.5877379179000854,3,3,12,post_calibration
5,0,4,0,60,0,1,0,0.549610435962677,0.549610435962677,0.4503896236419678,0.549610435962677,4,,,zero_shot_all_trials
5,1,4,1,60,1,1,1,0.6682429313659668,0.6682429313659668,0.3317570686340332,0.6682429313659668,4,,,zero_shot_all_trials
5,2,4,2,60,1,1,1,0.7284103631973267,0.7284103631973267,0.27158963680267334,0.7284103631973267,4,,,zero_shot_all_trials
5,3,4,3,60,1,0,0,0.6210651993751526,0.6210651993751526,0.6210651993751526,0.378934770822525,4,,,zero_shot_all_trials
5,4,4,4,60,1,1,1,0.5104259848594666,0.5104259848594666,0.48957404494285583,0.5104259848594666,4,,,zero_shot_all_trials
5,5,4,5,60,1,0,0,0.6728928685188293,0.6728928685188293,0.6728928685188293,0.32710719108581543,4,,,zero_shot_all_trials
5,6,4,6,60,1,1,1,0.6599447131156921,0.6599447131156921,0.34005528688430786,0.6599447131156921,4,,,zero_shot_all_trials
5,7,4,7,60,1,1,1,0.5798763036727905,0.5798763036727905,0.4201236665248871,0.5798763036727905,4,,,zero_shot_all_trials
5,8,4,8,60,0,0,1,0.6015350222587585,0.6015350222587585,0.6015350222587585,0.39846497774124146,4,,,zero_shot_all_trials
5,9,4,9,60,1,0,0,0.5442166924476624,0.5442166924476624,0.5442166924476624,0.45578330755233765,4,,,zero_shot_all_trials
5,10,4,10,60,0,1,0,0.7766388058662415,0.7766388058662415,0.22336119413375854,0.7766388058662415,4,,,zero_shot_all_trials
5,11,4,11,60,0,1,0,0.6582184433937073,0.6582184433937073,0.3417815864086151,0.6582184433937073,4,,,zero_shot_all_trials
5,12,4,12,60,1,1,1,0.629299521446228,0.629299521446228,0.370700478553772,0.629299521446228,4,,,zero_shot_all_trials
5,13,4,13,60,0,1,0,0.5501278638839722,0.5501278638839722,0.4498721957206726,0.5501278638839722,4,,,zero_shot_all_trials
5,14,4,14,60,1,0,0,0.6759150624275208,0.6759150624275208,0.6759150624275208,0.32408496737480164,4,,,zero_shot_all_trials
5,15,4,15,60,1,1,1,0.6665629148483276,0.6665629148483276,0.33343711495399475,0.6665629148483276,4,,,zero_shot_all_trials
5,16,4,16,60,1,1,1,0.7292080521583557,0.7292080521583557,0.2707919478416443,0.7292080521583557,4,,,zero_shot_all_trials
5,17,4,17,60,1,0,0,0.6018202900886536,0.6018202900886536,0.6018202900886536,0.39817970991134644,4,,,zero_shot_all_trials
57,0,4,0,60,0,1,0,0.549610435962677,0.549610435962677,0.4503896236419678,0.549610435962677,4,1,3,zero_shot_paired
57,1,4,1,60,1,1,1,0.6682429313659668,0.6682429313659668,0.3317570686340332,0.6682429313659668,4,1,3,zero_shot_paired
57,2,4,2,60,1,1,1,0.7284088134765625,0.7284088134765625,0.2715911269187927,0.7284088134765625,4,1,3,zero_shot_paired
57,3,4,3,60,1,0,0,0.6210669875144958,0.6210669875144958,0.6210669875144958,0.37893298268318176,4,1,3,zero_shot_paired
57,4,4,4,60,1,1,1,0.5104259848594666,0.5104259848594666,0.48957404494285583,0.5104259848594666,4,1,3,zero_shot_paired
57,5,4,5,60,1,0,0,0.6729046106338501,0.6729046106338501,0.6729046106338501,0.3270954191684723,4,1,3,zero_shot_paired
57,6,4,7,60,1,1,1,0.5798781514167786,0.5798781514167786,0.42012184858322144,0.5798781514167786,4,1,3,zero_shot_paired
57,7,4,8,60,0,0,1,0.6015240550041199,0.6015240550041199,0.6015240550041199,0.3984759449958801,4,1,3,zero_shot_paired
57,8,4,9,60,1,0,0,0.5442129373550415,0.5442129373550415,0.5442129373550415,0.4557870924472809,4,1,3,zero_shot_paired
57,9,4,10,60,0,1,0,0.7766441702842712,0.7766441702842712,0.22335590422153473,0.7766441702842712,4,1,3,zero_shot_paired
57,10,4,11,60,0,1,0,0.6582132577896118,0.6582132577896118,0.3417867124080658,0.6582132577896118,4,1,3,zero_shot_paired
57,11,4,14,60,1,0,0,0.6759150624275208,0.6759150624275208,0.6759150624275208,0.32408496737480164,4,1,3,zero_shot_paired
57,12,4,15,60,1,1,1,0.6665663123130798,0.6665663123130798,0.33343371748924255,0.6665663123130798,4,1,3,zero_shot_paired
57,13,4,16,60,1,1,1,0.7292080521583557,0.7292080521583557,0.2707919478416443,0.7292080521583557,4,1,3,zero_shot_paired
57,14,4,17,60,1,0,0,0.6018147468566895,0.6018147468566895,0.6018147468566895,0.39818522334098816,4,1,3,zero_shot_paired
57,0,4,0,60,0,1,0,0.5952279567718506,0.5952279567718506,0.4047721028327942,0.5952279567718506,4,1,3,post_calibration
57,1,4,1,60,1,1,1,0.6656041741371155,0.6656041741371155,0.3343958258628845,0.6656041741371155,4,1,3,post_calibration
57,2,4,2,60,1,1,1,0.7645924091339111,0.7645924091339111,0.23540762066841125,0.7645924091339111,4,1,3,post_calibration
57,3,4,3,60,1,0,0,0.5567479133605957,0.5567479133605957,0.5567479133605957,0.4432520568370819,4,1,3,post_calibration
57,4,4,4,60,1,1,1,0.5253060460090637,0.5253060460090637,0.47469398379325867,0.5253060460090637,4,1,3,post_calibration
57,5,4,5,60,1,0,0,0.6454691886901855,0.6454691886901855,0.6454691886901855,0.35453084111213684,4,1,3,post_calibration
57,6,4,7,60,1,1,1,0.602840006351471,0.602840006351471,0.39716002345085144,0.602840006351471,4,1,3,post_calibration
57,7,4,8,60,0,0,1,0.5470293164253235,0.5470293164253235,0.5470293164253235,0.4529706835746765,4,1,3,post_calibration
57,8,4,9,60,1,0,0,0.5808407068252563,0.5808407068252563,0.5808407068252563,0.4191593527793884,4,1,3,post_calibration
57,9,4,10,60,0,1,0,0.8070011734962463,0.8070011734962463,0.19299879670143127,0.8070011734962463,4,1,3,post_calibration
57,10,4,11,60,0,1,0,0.6914289593696594,0.6914289593696594,0.3085710108280182,0.6914289593696594,4,1,3,post_calibration
57,11,4,14,60,1,0,0,0.676681637763977,0.676681637763977,0.676681637763977,0.32331833243370056,4,1,3,post_calibration
57,12,4,15,60,1,1,1,0.6890065670013428,0.6890065670013428,0.3109934628009796,0.6890065670013428,4,1,3,post_calibration
57,13,4,16,60,1,1,1,0.7330683469772339,0.7330683469772339,0.2669316530227661,0.7330683469772339,4,1,3,post_calibration
57,14,4,17,60,1,0,0,0.6277266144752502,0.6277266144752502,0.6277266144752502,0.37227341532707214,4,1,3,post_calibration
58,0,4,0,60,0,1,0,0.5496066212654114,0.5496066212654114,0.4503933787345886,0.5496066212654114,4,2,3,zero_shot_paired
58,1,4,1,60,1,1,1,0.6682412028312683,0.6682412028312683,0.3317587673664093,0.6682412028312683,4,2,3,zero_shot_paired
58,2,4,2,60,1,1,1,0.7284088134765625,0.7284088134765625,0.2715911269187927,0.7284088134765625,4,2,3,zero_shot_paired
58,3,4,3,60,1,0,0,0.62108314037323,0.62108314037323,0.62108314037323,0.37891685962677,4,2,3,zero_shot_paired
58,4,4,5,60,1,0,0,0.6729012131690979,0.6729012131690979,0.6729012131690979,0.3270987868309021,4,2,3,zero_shot_paired
58,5,4,6,60,1,1,1,0.6599464416503906,0.6599464416503906,0.34005358815193176,0.6599464416503906,4,2,3,zero_shot_paired
58,6,4,7,60,1,1,1,0.5798874497413635,0.5798874497413635,0.4201125204563141,0.5798874497413635,4,2,3,zero_shot_paired
58,7,4,8,60,0,0,1,0.6015167236328125,0.6015167236328125,0.6015167236328125,0.3984832167625427,4,2,3,zero_shot_paired
58,8,4,9,60,1,0,0,0.5441977381706238,0.5441977381706238,0.5441977381706238,0.45580223202705383,4,2,3,zero_shot_paired
58,9,4,10,60,0,1,0,0.7766533493995667,0.7766533493995667,0.22334660589694977,0.7766533493995667,4,2,3,zero_shot_paired
58,10,4,12,60,1,1,1,0.6293155550956726,0.6293155550956726,0.3706844449043274,0.6293155550956726,4,2,3,zero_shot_paired
58,11,4,13,60,0,1,0,0.550133466720581,0.550133466720581,0.44986653327941895,0.550133466720581,4,2,3,zero_shot_paired
58,12,4,14,60,1,0,0,0.6759217381477356,0.6759217381477356,0.6759217381477356,0.3240782916545868,4,2,3,zero_shot_paired
58,13,4,15,60,1,1,1,0.6665629148483276,0.6665629148483276,0.33343711495399475,0.6665629148483276,4,2,3,zero_shot_paired
58,14,4,16,60,1,1,1,0.7291990518569946,0.7291990518569946,0.27080100774765015,0.7291990518569946,4,2,3,zero_shot_paired
58,0,4,0,60,0,1,0,0.5437965393066406,0.5437965393066406,0.4562034606933594,0.5437965393066406,4,2,3,post_calibration
58,1,4,1,60,1,1,1,0.6758230924606323,0.6758230924606323,0.3241768777370453,0.6758230924606323,4,2,3,post_calibration
58,2,4,2,60,1,1,1,0.7348589897155762,0.7348589897155762,0.26514101028442383,0.7348589897155762,4,2,3,post_calibration
58,3,4,3,60,1,0,0,0.6318427920341492,0.6318427920341492,0.6318427920341492,0.36815717816352844,4,2,3,post_calibration
58,4,4,5,60,1,0,0,0.6725366711616516,0.6725366711616516,0.6725366711616516,0.327463299036026,4,2,3,post_calibration
58,5,4,6,60,1,1,1,0.6593657732009888,0.6593657732009888,0.3406342566013336,0.6593657732009888,4,2,3,post_calibration
58,6,4,7,60,1,1,1,0.6025806069374084,0.6025806069374084,0.39741942286491394,0.6025806069374084,4,2,3,post_calibration
58,7,4,8,60,0,0,1,0.5934528112411499,0.5934528112411499,0.5934528112411499,0.4065471887588501,4,2,3,post_calibration
58,8,4,9,60,1,0,0,0.5172051191329956,0.5172051191329956,0.5172051191329956,0.4827949106693268,4,2,3,post_calibration
58,9,4,10,60,0,1,0,0.7735306024551392,0.7735306024551392,0.22646938264369965,0.7735306024551392,4,2,3,post_calibration
58,10,4,12,60,1,1,1,0.6249178647994995,0.6249178647994995,0.3750821352005005,0.6249178647994995,4,2,3,post_calibration
58,11,4,13,60,0,1,0,0.5841507315635681,0.5841507315635681,0.4158492982387543,0.5841507315635681,4,2,3,post_calibration
58,12,4,14,60,1,0,0,0.6698933243751526,0.6698933243751526,0.6698933243751526,0.3301066756248474,4,2,3,post_calibration
58,13,4,15,60,1,1,1,0.6635940074920654,0.6635940074920654,0.33640599250793457,0.6635940074920654,4,2,3,post_calibration
58,14,4,16,60,1,1,1,0.7202037572860718,0.7202037572860718,0.27979621291160583,0.7202037572860718,4,2,3,post_calibration
59,0,4,2,60,1,1,1,0.7284088134765625,0.7284088134765625,0.2715911269187927,0.7284088134765625,4,3,3,zero_shot_paired
59,1,4,3,60,1,0,0,0.62108314037323,0.62108314037323,0.62108314037323,0.37891685962677,4,3,3,zero_shot_paired
59,2,4,4,60,1,1,1,0.5104259848594666,0.5104259848594666,0.48957404494285583,0.5104259848594666,4,3,3,zero_shot_paired
59,3,4,6,60,1,1,1,0.6599464416503906,0.6599464416503906,0.34005358815193176,0.6599464416503906,4,3,3,zero_shot_paired
59,4,4,7,60,1,1,1,0.5798874497413635,0.5798874497413635,0.4201125204563141,0.5798874497413635,4,3,3,zero_shot_paired
59,5,4,8,60,0,0,1,0.6015167236328125,0.6015167236328125,0.6015167236328125,0.3984832167625427,4,3,3,zero_shot_paired
59,6,4,9,60,1,0,0,0.5441977381706238,0.5441977381706238,0.5441977381706238,0.45580223202705383,4,3,3,zero_shot_paired
59,7,4,10,60,0,1,0,0.7766533493995667,0.7766533493995667,0.22334660589694977,0.7766533493995667,4,3,3,zero_shot_paired
59,8,4,11,60,0,1,0,0.6582149863243103,0.6582149863243103,0.3417849838733673,0.6582149863243103,4,3,3,zero_shot_paired
59,9,4,12,60,1,1,1,0.6293155550956726,0.6293155550956726,0.3706844449043274,0.6293155550956726,4,3,3,zero_shot_paired
59,10,4,13,60,0,1,0,0.550133466720581,0.550133466720581,0.44986653327941895,0.550133466720581,4,3,3,zero_shot_paired
59,11,4,14,60,1,0,0,0.6759217381477356,0.6759217381477356,0.6759217381477356,0.3240782916545868,4,3,3,zero_shot_paired
59,12,4,15,60,1,1,1,0.6665629148483276,0.6665629148483276,0.33343711495399475,0.6665629148483276,4,3,3,zero_shot_paired
59,13,4,16,60,1,1,1,0.7291990518569946,0.7291990518569946,0.27080100774765015,0.7291990518569946,4,3,3,zero_shot_paired
59,14,4,17,60,1,0,0,0.6018001437187195,0.6018001437187195,0.6018001437187195,0.39819982647895813,4,3,3,zero_shot_paired
59,0,4,2,60,1,1,1,0.7393724918365479,0.7393724918365479,0.2606275677680969,0.7393724918365479,4,3,3,post_calibration
59,1,4,3,60,1,0,0,0.5923792719841003,0.5923792719841003,0.5923792719841003,0.40762075781822205,4,3,3,post_calibration
59,2,4,4,60,1,1,1,0.5322808027267456,0.5322808027267456,0.4677192270755768,0.5322808027267456,4,3,3,post_calibration
59,3,4,6,60,1,1,1,0.672640860080719,0.672640860080719,0.3273591101169586,0.672640860080719,4,3,3,post_calibration
59,4,4,7,60,1,1,1,0.6047053337097168,0.6047053337097168,0.3952946662902832,0.6047053337097168,4,3,3,post_calibration
59,5,4,8,60,0,0,1,0.5618910193443298,0.5618910193443298,0.5618910193443298,0.4381089508533478,4,3,3,post_calibration
59,6,4,9,60,1,0,0,0.5266318917274475,0.5266318917274475,0.5266318917274475,0.4733681380748749,4,3,3,post_calibration
59,7,4,10,60,0,1,0,0.7733848690986633,0.7733848690986633,0.22661513090133667,0.7733848690986633,4,3,3,post_calibration
59,8,4,11,60,0,1,0,0.6610806584358215,0.6610806584358215,0.33891934156417847,0.6610806584358215,4,3,3,post_calibration
59,9,4,12,60,1,1,1,0.6220468878746033,0.6220468878746033,0.3779531419277191,0.6220468878746033,4,3,3,post_calibration
59,10,4,13,60,0,1,0,0.566479504108429,0.566479504108429,0.43352049589157104,0.566479504108429,4,3,3,post_calibration
59,11,4,14,60,1,0,0,0.6679096221923828,0.6679096221923828,0.6679096221923828,0.3320903480052948,4,3,3,post_calibration
59,12,4,15,60,1,1,1,0.6690154671669006,0.6690154671669006,0.33098459243774414,0.6690154671669006,4,3,3,post_calibration
59,13,4,16,60,1,1,1,0.7252733111381531,0.7252733111381531,0.27472665905952454,0.7252733111381531,4,3,3,post_calibration
59,14,4,17,60,1,0,0,0.5919333100318909,0.5919333100318909,0.5919333100318909,0.40806663036346436,4,3,3,post_calibration
60,0,4,0,60,0,1,0,0.5496066212654114,0.5496066212654114,0.4503933787345886,0.5496066212654114,4,4,3,zero_shot_paired
60,1,4,1,60,1,1,1,0.6682412028312683,0.6682412028312683,0.3317587673664093,0.6682412028312683,4,4,3,zero_shot_paired
60,2,4,3,60,1,0,0,0.62108314037323,0.62108314037323,0.62108314037323,0.37891685962677,4,4,3,zero_shot_paired
60,3,4,4,60,1,1,1,0.5104259848594666,0.5104259848594666,0.48957404494285583,0.5104259848594666,4,4,3,zero_shot_paired
60,4,4,5,60,1,0,0,0.6729012131690979,0.6729012131690979,0.6729012131690979,0.3270987868309021,4,4,3,zero_shot_paired
60,5,4,6,60,1,1,1,0.6599464416503906,0.6599464416503906,0.34005358815193176,0.6599464416503906,4,4,3,zero_shot_paired
60,6,4,7,60,1,1,1,0.5798874497413635,0.5798874497413635,0.4201125204563141,0.5798874497413635,4,4,3,zero_shot_paired
60,7,4,9,60,1,0,0,0.5441977381706238,0.5441977381706238,0.5441977381706238,0.45580223202705383,4,4,3,zero_shot_paired
60,8,4,10,60,0,1,0,0.7766533493995667,0.7766533493995667,0.22334660589694977,0.7766533493995667,4,4,3,zero_shot_paired
60,9,4,11,60,0,1,0,0.6582149863243103,0.6582149863243103,0.3417849838733673,0.6582149863243103,4,4,3,zero_shot_paired
60,10,4,12,60,1,1,1,0.6293155550956726,0.6293155550956726,0.3706844449043274,0.6293155550956726,4,4,3,zero_shot_paired
60,11,4,13,60,0,1,0,0.550133466720581,0.550133466720581,0.44986653327941895,0.550133466720581,4,4,3,zero_shot_paired
60,12,4,15,60,1,1,1,0.6665629148483276,0.6665629148483276,0.33343711495399475,0.6665629148483276,4,4,3,zero_shot_paired
60,13,4,16,60,1,1,1,0.7291990518569946,0.7291990518569946,0.27080100774765015,0.7291990518569946,4,4,3,zero_shot_paired
60,14,4,17,60,1,0,0,0.6018001437187195,0.6018001437187195,0.6018001437187195,0.39819982647895813,4,4,3,zero_shot_paired
60,0,4,0,60,0,1,0,0.5684776306152344,0.5684776306152344,0.4315224289894104,0.5684776306152344,4,4,3,post_calibration
60,1,4,1,60,1,1,1,0.709242582321167,0.709242582321167,0.2907573878765106,0.709242582321167,4,4,3,post_calibration
60,2,4,3,60,1,0,0,0.6039683222770691,0.6039683222770691,0.6039683222770691,0.3960316777229309,4,4,3,post_calibration
60,3,4,4,60,1,1,1,0.5304664373397827,0.5304664373397827,0.4695335626602173,0.5304664373397827,4,4,3,post_calibration
60,4,4,5,60,1,0,0,0.6514761447906494,0.6514761447906494,0.6514761447906494,0.3485238552093506,4,4,3,post_calibration
60,5,4,6,60,1,1,1,0.677903950214386,0.677903950214386,0.3220960199832916,0.677903950214386,4,4,3,post_calibration
60,6,4,7,60,1,1,1,0.6141300797462463,0.6141300797462463,0.38586992025375366,0.6141300797462463,4,4,3,post_calibration
60,7,4,9,60,1,0,0,0.514568030834198,0.514568030834198,0.514568030834198,0.485431969165802,4,4,3,post_calibration
60,8,4,10,60,0,1,0,0.780009925365448,0.780009925365448,0.2199900597333908,0.780009925365448,4,4,3,post_calibration
60,9,4,11,60,0,1,0,0.6666392087936401,0.6666392087936401,0.33336079120635986,0.6666392087936401,4,4,3,post_calibration
60,10,4,12,60,1,1,1,0.6417451500892639,0.6417451500892639,0.3582548201084137,0.6417451500892639,4,4,3,post_calibration
60,11,4,13,60,0,1,0,0.5645974278450012,0.5645974278450012,0.43540260195732117,0.5645974278450012,4,4,3,post_calibration
60,12,4,15,60,1,1,1,0.6799147129058838,0.6799147129058838,0.3200852870941162,0.6799147129058838,4,4,3,post_calibration
60,13,4,16,60,1,1,1,0.7267954349517822,0.7267954349517822,0.27320459485054016,0.7267954349517822,4,4,3,post_calibration
60,14,4,17,60,1,0,0,0.5621426701545715,0.5621426701545715,0.5621426701545715,0.4378573000431061,4,4,3,post_calibration
61,0,4,0,60,0,1,0,0.5496066212654114,0.5496066212654114,0.4503933787345886,0.5496066212654114,4,5,3,zero_shot_paired
61,1,4,1,60,1,1,1,0.6682412028312683,0.6682412028312683,0.3317587673664093,0.6682412028312683,4,5,3,zero_shot_paired
61,2,4,2,60,1,1,1,0.7284088134765625,0.7284088134765625,0.2715911269187927,0.7284088134765625,4,5,3,zero_shot_paired
61,3,4,3,60,1,0,0,0.62108314037323,0.62108314037323,0.62108314037323,0.37891685962677,4,5,3,zero_shot_paired
61,4,4,4,60,1,1,1,0.5104259848594666,0.5104259848594666,0.48957404494285583,0.5104259848594666,4,5,3,zero_shot_paired
61,5,4,5,60,1,0,0,0.6729012131690979,0.6729012131690979,0.6729012131690979,0.3270987868309021,4,5,3,zero_shot_paired
61,6,4,6,60,1,1,1,0.6599464416503906,0.6599464416503906,0.34005358815193176,0.6599464416503906,4,5,3,zero_shot_paired
61,7,4,8,60,0,0,1,0.6015167236328125,0.6015167236328125,0.6015167236328125,0.3984832167625427,4,5,3,zero_shot_paired
61,8,4,10,60,0,1,0,0.7766533493995667,0.7766533493995667,0.22334660589694977,0.7766533493995667,4,5,3,zero_shot_paired
61,9,4,11,60,0,1,0,0.6582149863243103,0.6582149863243103,0.3417849838733673,0.6582149863243103,4,5,3,zero_shot_paired
61,10,4,12,60,1,1,1,0.6293155550956726,0.6293155550956726,0.3706844449043274,0.6293155550956726,4,5,3,zero_shot_paired
61,11,4,13,60,0,1,0,0.550133466720581,0.550133466720581,0.44986653327941895,0.550133466720581,4,5,3,zero_shot_paired
61,12,4,14,60,1,0,0,0.6759217381477356,0.6759217381477356,0.6759217381477356,0.3240782916545868,4,5,3,zero_shot_paired
61,13,4,15,60,1,1,1,0.6665629148483276,0.6665629148483276,0.33343711495399475,0.6665629148483276,4,5,3,zero_shot_paired
61,14,4,17,60,1,0,0,0.6018001437187195,0.6018001437187195,0.6018001437187195,0.39819982647895813,4,5,3,zero_shot_paired
61,0,4,0,60,0,1,0,0.5569192171096802,0.5569192171096802,0.44308075308799744,0.5569192171096802,4,5,3,post_calibration
61,1,4,1,60,1,1,1,0.695228099822998,0.695228099822998,0.30477187037467957,0.695228099822998,4,5,3,post_calibration
61,2,4,2,60,1,1,1,0.7525386214256287,0.7525386214256287,0.24746134877204895,0.7525386214256287,4,5,3,post_calibration
61,3,4,3,60,1,0,0,0.5827953219413757,0.5827953219413757,0.5827953219413757,0.41720470786094666,4,5,3,post_calibration
61,4,4,4,60,1,1,1,0.5446632504463196,0.5446632504463196,0.45533671975135803,0.5446632504463196,4,5,3,post_calibration
61,5,4,5,60,1,0,0,0.6448788046836853,0.6448788046836853,0.6448788046836853,0.3551211655139923,4,5,3,post_calibration
61,6,4,6,60,1,1,1,0.6870331764221191,0.6870331764221191,0.31296685338020325,0.6870331764221191,4,5,3,post_calibration
61,7,4,8,60,0,0,1,0.5508980751037598,0.5508980751037598,0.5508980751037598,0.44910192489624023,4,5,3,post_calibration
61,8,4,10,60,0,1,0,0.7799065113067627,0.7799065113067627,0.2200935184955597,0.7799065113067627,4,5,3,post_calibration
61,9,4,11,60,0,1,0,0.6615266799926758,0.6615266799926758,0.3384733200073242,0.6615266799926758,4,5,3,post_calibration
61,10,4,12,60,1,1,1,0.6531355381011963,0.6531355381011963,0.3468644320964813,0.6531355381011963,4,5,3,post_calibration
61,11,4,13,60,0,1,0,0.6028436422348022,0.6028436422348022,0.397156298160553,0.6028436422348022,4,5,3,post_calibration
61,12,4,14,60,1,0,0,0.6489565968513489,0.6489565968513489,0.6489565968513489,0.35104337334632874,4,5,3,post_calibration
61,13,4,15,60,1,1,1,0.6815910339355469,0.6815910339355469,0.3184089660644531,0.6815910339355469,4,5,3,post_calibration
61,14,4,17,60,1,0,0,0.572375476360321,0.572375476360321,0.572375476360321,0.42762452363967896,4,5,3,post_calibration
62,0,4,0,60,0,1,0,0.5496066212654114,0.5496066212654114,0.4503933787345886,0.5496066212654114,4,6,3,zero_shot_paired
62,1,4,1,60,1,1,1,0.6682412028312683,0.6682412028312683,0.3317587673664093,0.6682412028312683,4,6,3,zero_shot_paired
62,2,4,2,60,1,1,1,0.7284088134765625,0.7284088134765625,0.2715911269187927,0.7284088134765625,4,6,3,zero_shot_paired
62,3,4,4,60,1,1,1,0.5104259848594666,0.5104259848594666,0.48957404494285583,0.5104259848594666,4,6,3,zero_shot_paired
62,4,4,5,60,1,0,0,0.6729012131690979,0.6729012131690979,0.6729012131690979,0.3270987868309021,4,6,3,zero_shot_paired
62,5,4,6,60,1,1,1,0.6599464416503906,0.6599464416503906,0.34005358815193176,0.6599464416503906,4,6,3,zero_shot_paired
62,6,4,7,60,1,1,1,0.5798874497413635,0.5798874497413635,0.4201125204563141,0.5798874497413635,4,6,3,zero_shot_paired
62,7,4,8,60,0,0,1,0.6015167236328125,0.6015167236328125,0.6015167236328125,0.3984832167625427,4,6,3,zero_shot_paired
62,8,4,9,60,1,0,0,0.5441977381706238,0.5441977381706238,0.5441977381706238,0.45580223202705383,4,6,3,zero_shot_paired
62,9,4,11,60,0,1,0,0.6582149863243103,0.6582149863243103,0.3417849838733673,0.6582149863243103,4,6,3,zero_shot_paired
62,10,4,12,60,1,1,1,0.6293155550956726,0.6293155550956726,0.3706844449043274,0.6293155550956726,4,6,3,zero_shot_paired
62,11,4,13,60,0,1,0,0.550133466720581,0.550133466720581,0.44986653327941895,0.550133466720581,4,6,3,zero_shot_paired
62,12,4,14,60,1,0,0,0.6759217381477356,0.6759217381477356,0.6759217381477356,0.3240782916545868,4,6,3,zero_shot_paired
62,13,4,16,60,1,1,1,0.7291990518569946,0.7291990518569946,0.27080100774765015,0.7291990518569946,4,6,3,zero_shot_paired
62,14,4,17,60,1,0,0,0.6018001437187195,0.6018001437187195,0.6018001437187195,0.39819982647895813,4,6,3,zero_shot_paired
62,0,4,0,60,0,1,0,0.547159731388092,0.547159731388092,0.45284023880958557,0.547159731388092,4,6,3,post_calibration
62,1,4,1,60,1,1,1,0.6789376139640808,0.6789376139640808,0.3210624158382416,0.6789376139640808,4,6,3,post_calibration
62,2,4,2,60,1,1,1,0.7412264347076416,0.7412264347076416,0.258773535490036,0.7412264347076416,4,6,3,post_calibration
62,3,4,4,60,1,1,1,0.5139257907867432,0.5139257907867432,0.48607420921325684,0.5139257907867432,4,6,3,post_calibration
62,4,4,5,60,1,0,0,0.6453661322593689,0.6453661322593689,0.6453661322593689,0.3546338677406311,4,6,3,post_calibration
62,5,4,6,60,1,1,1,0.6695220470428467,0.6695220470428467,0.3304779529571533,0.6695220470428467,4,6,3,post_calibration
62,6,4,7,60,1,1,1,0.5959261655807495,0.5959261655807495,0.4040738046169281,0.5959261655807495,4,6,3,post_calibration
62,7,4,8,60,0,0,1,0.5807292461395264,0.5807292461395264,0.5807292461395264,0.419270783662796,4,6,3,post_calibration
62,8,4,9,60,1,0,0,0.5333006381988525,0.5333006381988525,0.5333006381988525,0.46669939160346985,4,6,3,post_calibration
62,9,4,11,60,0,1,0,0.6727702617645264,0.6727702617645264,0.3272297978401184,0.6727702617645264,4,6,3,post_calibration
62,10,4,12,60,1,1,1,0.6393667459487915,0.6393667459487915,0.3606332838535309,0.6393667459487915,4,6,3,post_calibration
62,11,4,13,60,0,1,0,0.5641509890556335,0.5641509890556335,0.43584898114204407,0.5641509890556335,4,6,3,post_calibration
62,12,4,14,60,1,0,0,0.6723501682281494,0.6723501682281494,0.6723501682281494,0.3276498019695282,4,6,3,post_calibration
62,13,4,16,60,1,1,1,0.7291537523269653,0.7291537523269653,0.2708461880683899,0.7291537523269653,4,6,3,post_calibration
62,14,4,17,60,1,0,0,0.5973510146141052,0.5973510146141052,0.5973510146141052,0.4026489853858948,4,6,3,post_calibration
63,0,4,0,60,0,1,0,0.5496066212654114,0.5496066212654114,0.4503933787345886,0.5496066212654114,4,1,6,zero_shot_paired
63,1,4,1,60,1,1,1,0.6682412028312683,0.6682412028312683,0.3317587673664093,0.6682412028312683,4,1,6,zero_shot_paired
63,2,4,2,60,1,1,1,0.7284088134765625,0.7284088134765625,0.2715911269187927,0.7284088134765625,4,1,6,zero_shot_paired
63,3,4,3,60,1,0,0,0.62108314037323,0.62108314037323,0.62108314037323,0.37891685962677,4,1,6,zero_shot_paired
63,4,4,5,60,1,0,0,0.6729012131690979,0.6729012131690979,0.6729012131690979,0.3270987868309021,4,1,6,zero_shot_paired
63,5,4,7,60,1,1,1,0.5798874497413635,0.5798874497413635,0.4201125204563141,0.5798874497413635,4,1,6,zero_shot_paired
63,6,4,8,60,0,0,1,0.6015167236328125,0.6015167236328125,0.6015167236328125,0.3984832167625427,4,1,6,zero_shot_paired
63,7,4,10,60,0,1,0,0.7766533493995667,0.7766533493995667,0.22334660589694977,0.7766533493995667,4,1,6,zero_shot_paired
63,8,4,12,60,1,1,1,0.6293155550956726,0.6293155550956726,0.3706844449043274,0.6293155550956726,4,1,6,zero_shot_paired
63,9,4,14,60,1,0,0,0.6759217381477356,0.6759217381477356,0.6759217381477356,0.3240782916545868,4,1,6,zero_shot_paired
63,10,4,15,60,1,1,1,0.6665629148483276,0.6665629148483276,0.33343711495399475,0.6665629148483276,4,1,6,zero_shot_paired
63,11,4,17,60,1,0,0,0.6018001437187195,0.6018001437187195,0.6018001437187195,0.39819982647895813,4,1,6,zero_shot_paired
63,0,4,0,60,0,1,0,0.5646592974662781,0.5646592974662781,0.43534067273139954,0.5646592974662781,4,1,6,post_calibration
63,1,4,1,60,1,1,1,0.683303952217102,0.683303952217102,0.3166961073875427,0.683303952217102,4,1,6,post_calibration
63,2,4,2,60,1,1,1,0.7877424359321594,0.7877424359321594,0.21225756406784058,0.7877424359321594,4,1,6,post_calibration
63,3,4,3,60,1,0,0,0.5667605400085449,0.5667605400085449,0.5667605400085449,0.4332394599914551,4,1,6,post_calibration
63,4,4,5,60,1,0,0,0.6379863619804382,0.6379863619804382,0.6379863619804382,0.3620136082172394,4,1,6,post_calibration
63,5,4,7,60,1,1,1,0.6176207661628723,0.6176207661628723,0.3823792636394501,0.6176207661628723,4,1,6,post_calibration
63,6,4,8,60,0,0,1,0.5186947584152222,0.5186947584152222,0.5186947584152222,0.48130524158477783,4,1,6,post_calibration
63,7,4,10,60,0,1,0,0.802232563495636,0.802232563495636,0.197767436504364,0.802232563495636,4,1,6,post_calibration
63,8,4,12,60,1,1,1,0.6414399147033691,0.6414399147033691,0.35856008529663086,0.6414399147033691,4,1,6,post_calibration
63,9,4,14,60,1,0,0,0.6818078756332397,0.6818078756332397,0.6818078756332397,0.31819209456443787,4,1,6,post_calibration
63,10,4,15,60,1,1,1,0.6955804228782654,0.6955804228782654,0.3044195771217346,0.6955804228782654,4,1,6,post_calibration
63,11,4,17,60,1,0,0,0.6222459077835083,0.6222459077835083,0.6222459077835083,0.3777540326118469,4,1,6,post_calibration
64,0,4,1,60,1,1,1,0.6682412028312683,0.6682412028312683,0.3317587673664093,0.6682412028312683,4,2,6,zero_shot_paired
64,1,4,3,60,1,0,0,0.62108314037323,0.62108314037323,0.62108314037323,0.37891685962677,4,2,6,zero_shot_paired
64,2,4,4,60,1,1,1,0.5104259848594666,0.5104259848594666,0.48957404494285583,0.5104259848594666,4,2,6,zero_shot_paired
64,3,4,6,60,1,1,1,0.6599464416503906,0.6599464416503906,0.34005358815193176,0.6599464416503906,4,2,6,zero_shot_paired
64,4,4,8,60,0,0,1,0.6015167236328125,0.6015167236328125,0.6015167236328125,0.3984832167625427,4,2,6,zero_shot_paired
64,5,4,9,60,1,0,0,0.5441977381706238,0.5441977381706238,0.5441977381706238,0.45580223202705383,4,2,6,zero_shot_paired
64,6,4,11,60,0,1,0,0.6582149863243103,0.6582149863243103,0.3417849838733673,0.6582149863243103,4,2,6,zero_shot_paired
64,7,4,12,60,1,1,1,0.6293155550956726,0.6293155550956726,0.3706844449043274,0.6293155550956726,4,2,6,zero_shot_paired
64,8,4,13,60,0,1,0,0.550133466720581,0.550133466720581,0.44986653327941895,0.550133466720581,4,2,6,zero_shot_paired
64,9,4,15,60,1,1,1,0.6665629148483276,0.6665629148483276,0.33343711495399475,0.6665629148483276,4,2,6,zero_shot_paired
64,10,4,16,60,1,1,1,0.7291990518569946,0.7291990518569946,0.27080100774765015,0.7291990518569946,4,2,6,zero_shot_paired
64,11,4,17,60,1,0,0,0.6018001437187195,0.6018001437187195,0.6018001437187195,0.39819982647895813,4,2,6,zero_shot_paired
64,0,4,1,60,1,1,1,0.6983005404472351,0.6983005404472351,0.3016994893550873,0.6983005404472351,4,2,6,post_calibration
64,1,4,3,60,1,0,0,0.6019464135169983,0.6019464135169983,0.6019464135169983,0.3980535864830017,4,2,6,post_calibration
64,2,4,4,60,1,1,1,0.5192165970802307,0.5192165970802307,0.4807833731174469,0.5192165970802307,4,2,6,post_calibration
64,3,4,6,60,1,1,1,0.6593229174613953,0.6593229174613953,0.34067708253860474,0.6593229174613953,4,2,6,post_calibration
64,4,4,8,60,0,0,1,0.5702565312385559,0.5702565312385559,0.5702565312385559,0.4297434389591217,4,2,6,post_calibration
64,5,4,9,60,1,0,0,0.5026340484619141,0.5026340484619141,0.5026340484619141,0.49736595153808594,4,2,6,post_calibration
64,6,4,11,60,0,1,0,0.6533896327018738,0.6533896327018738,0.346610426902771,0.6533896327018738,4,2,6,post_calibration
64,7,4,12,60,1,1,1,0.6246764063835144,0.6246764063835144,0.3753235936164856,0.6246764063835144,4,2,6,post_calibration
64,8,4,13,60,0,1,0,0.5833035111427307,0.5833035111427307,0.4166964888572693,0.5833035111427307,4,2,6,post_calibration
64,9,4,15,60,1,1,1,0.6456786394119263,0.6456786394119263,0.35432136058807373,0.6456786394119263,4,2,6,post_calibration
64,10,4,16,60,1,1,1,0.718585193157196,0.718585193157196,0.28141486644744873,0.718585193157196,4,2,6,post_calibration
64,11,4,17,60,1,0,0,0.575129508972168,0.575129508972168,0.575129508972168,0.4248705208301544,4,2,6,post_calibration
65,0,4,0,60,0,1,0,0.5496066212654114,0.5496066212654114,0.4503933787345886,0.5496066212654114,4,3,6,zero_shot_paired
65,1,4,2,60,1,1,1,0.7284088134765625,0.7284088134765625,0.2715911269187927,0.7284088134765625,4,3,6,zero_shot_paired
65,2,4,4,60,1,1,1,0.5104259848594666,0.5104259848594666,0.48957404494285583,0.5104259848594666,4,3,6,zero_shot_paired
65,3,4,5,60,1,0,0,0.6729012131690979,0.6729012131690979,0.6729012131690979,0.3270987868309021,4,3,6,zero_shot_paired
65,4,4,6,60,1,1,1,0.6599464416503906,0.6599464416503906,0.34005358815193176,0.6599464416503906,4,3,6,zero_shot_paired
65,5,4,7,60,1,1,1,0.5798874497413635,0.5798874497413635,0.4201125204563141,0.5798874497413635,4,3,6,zero_shot_paired
65,6,4,9,60,1,0,0,0.5441977381706238,0.5441977381706238,0.5441977381706238,0.45580223202705383,4,3,6,zero_shot_paired
65,7,4,10,60,0,1,0,0.7766533493995667,0.7766533493995667,0.22334660589694977,0.7766533493995667,4,3,6,zero_shot_paired
65,8,4,11,60,0,1,0,0.6582149863243103,0.6582149863243103,0.3417849838733673,0.6582149863243103,4,3,6,zero_shot_paired
65,9,4,13,60,0,1,0,0.550133466720581,0.550133466720581,0.44986653327941895,0.550133466720581,4,3,6,zero_shot_paired
65,10,4,14,60,1,0,0,0.6759217381477356,0.6759217381477356,0.6759217381477356,0.3240782916545868,4,3,6,zero_shot_paired
65,11,4,16,60,1,1,1,0.7291990518569946,0.7291990518569946,0.27080100774765015,0.7291990518569946,4,3,6,zero_shot_paired
65,0,4,0,60,0,1,0,0.5829696655273438,0.5829696655273438,0.41703030467033386,0.5829696655273438,4,3,6,post_calibration
65,1,4,2,60,1,1,1,0.7829400897026062,0.7829400897026062,0.2170599400997162,0.7829400897026062,4,3,6,post_calibration
65,2,4,4,60,1,1,1,0.5513718128204346,0.5513718128204346,0.44862815737724304,0.5513718128204346,4,3,6,post_calibration
65,3,4,5,60,1,0,0,0.6146650910377502,0.6146650910377502,0.6146650910377502,0.38533490896224976,4,3,6,post_calibration
65,4,4,6,60,1,1,1,0.7270452976226807,0.7270452976226807,0.27295470237731934,0.7270452976226807,4,3,6,post_calibration
65,5,4,7,60,1,1,1,0.6414048075675964,0.6414048075675964,0.3585951626300812,0.6414048075675964,4,3,6,post_calibration
65,6,4,9,60,1,0,0,0.5161591172218323,0.5161591172218323,0.5161591172218323,0.48384082317352295,4,3,6,post_calibration
65,7,4,10,60,0,1,0,0.8081512451171875,0.8081512451171875,0.1918487846851349,0.8081512451171875,4,3,6,post_calibration
65,8,4,11,60,0,1,0,0.6915868520736694,0.6915868520736694,0.3084131181240082,0.6915868520736694,4,3,6,post_calibration
65,9,4,13,60,0,1,0,0.5900375247001648,0.5900375247001648,0.4099624752998352,0.5900375247001648,4,3,6,post_calibration
65,10,4,14,60,1,0,0,0.6459264755249023,0.6459264755249023,0.6459264755249023,0.35407352447509766,4,3,6,post_calibration
65,11,4,16,60,1,1,1,0.7456270456314087,0.7456270456314087,0.2543729245662689,0.7456270456314087,4,3,6,post_calibration
66,0,4,4,60,1,1,1,0.5104278922080994,0.5104278922080994,0.489572137594223,0.5104278922080994,4,1,9,zero_shot_paired
66,1,4,5,60,1,0,0,0.6729012131690979,0.6729012131690979,0.6729012131690979,0.3270987868309021,4,1,9,zero_shot_paired
66,2,4,6,60,1,1,1,0.6599447131156921,0.6599447131156921,0.34005528688430786,0.6599447131156921,4,1,9,zero_shot_paired
66,3,4,9,60,1,0,0,0.5442091226577759,0.5442091226577759,0.5442091226577759,0.45579084753990173,4,1,9,zero_shot_paired
66,4,4,10,60,0,1,0,0.7766467332839966,0.7766467332839966,0.22335322201251984,0.7766467332839966,4,1,9,zero_shot_paired
66,5,4,11,60,0,1,0,0.6582115888595581,0.6582115888595581,0.3417884409427643,0.6582115888595581,4,1,9,zero_shot_paired
66,6,4,13,60,0,1,0,0.5501353740692139,0.5501353740692139,0.4498646557331085,0.5501353740692139,4,1,9,zero_shot_paired
66,7,4,15,60,1,1,1,0.6665629148483276,0.6665629148483276,0.33343711495399475,0.6665629148483276,4,1,9,zero_shot_paired
66,8,4,17,60,1,0,0,0.6018111109733582,0.6018111109733582,0.6018111109733582,0.39818885922431946,4,1,9,zero_shot_paired
66,0,4,4,60,1,1,1,0.5547342896461487,0.5547342896461487,0.4452657103538513,0.5547342896461487,4,1,9,post_calibration
66,1,4,5,60,1,0,0,0.5783625841140747,0.5783625841140747,0.5783625841140747,0.4216373860836029,4,1,9,post_calibration
66,2,4,6,60,1,1,1,0.7393460273742676,0.7393460273742676,0.2606540322303772,0.7393460273742676,4,1,9,post_calibration
66,3,4,9,60,1,0,0,0.5127249956130981,0.5127249956130981,0.5127249956130981,0.48727500438690186,4,1,9,post_calibration
66,4,4,10,60,0,1,0,0.8001753091812134,0.8001753091812134,0.1998247355222702,0.8001753091812134,4,1,9,post_calibration
66,5,4,11,60,0,1,0,0.6970968842506409,0.6970968842506409,0.30290311574935913,0.6970968842506409,4,1,9,post_calibration
66,6,4,13,60,0,1,0,0.5805879831314087,0.5805879831314087,0.4194119870662689,0.5805879831314087,4,1,9,post_calibration
66,7,4,15,60,1,1,1,0.6961390972137451,0.6961390972137451,0.3038609027862549,0.6961390972137451,4,1,9,post_calibration
66,8,4,17,60,1,0,0,0.5550037622451782,0.5550037622451782,0.5550037622451782,0.4449962377548218,4,1,9,post_calibration
67,0,4,0,60,0,1,0,0.5496141910552979,0.5496141910552979,0.45038580894470215,0.5496141910552979,4,2,9,zero_shot_paired
67,1,4,1,60,1,1,1,0.6682378053665161,0.6682378053665161,0.3317621648311615,0.6682378053665161,4,2,9,zero_shot_paired
67,2,4,2,60,1,1,1,0.7284058332443237,0.7284058332443237,0.27159416675567627,0.7284058332443237,4,2,9,zero_shot_paired
67,3,4,3,60,1,0,0,0.6210813522338867,0.6210813522338867,0.6210813522338867,0.3789186477661133,4,2,9,zero_shot_paired
67,4,4,7,60,1,1,1,0.5798837542533875,0.5798837542533875,0.42011627554893494,0.5798837542533875,4,2,9,zero_shot_paired
67,5,4,8,60,0,0,1,0.601529598236084,0.601529598236084,0.601529598236084,0.3984704613685608,4,2,9,zero_shot_paired
67,6,4,12,60,1,1,1,0.6293280124664307,0.6293280124664307,0.3706720173358917,0.6293280124664307,4,2,9,zero_shot_paired
67,7,4,14,60,1,0,0,0.6759217381477356,0.6759217381477356,0.6759217381477356,0.3240782916545868,4,2,9,zero_shot_paired
67,8,4,16,60,1,1,1,0.7292020320892334,0.7292020320892334,0.270797997713089,0.7292020320892334,4,2,9,zero_shot_paired
67,0,4,0,60,0,1,0,0.5499427318572998,0.5499427318572998,0.4500572383403778,0.5499427318572998,4,2,9,post_calibration
67,1,4,1,60,1,1,1,0.708121120929718,0.708121120929718,0.291878879070282,0.708121120929718,4,2,9,post_calibration
67,2,4,2,60,1,1,1,0.7650438547134399,0.7650438547134399,0.23495611548423767,0.7650438547134399,4,2,9,post_calibration
67,3,4,3,60,1,0,0,0.5560718774795532,0.5560718774795532,0.5560718774795532,0.4439280927181244,4,2,9,post_calibration
67,4,4,7,60,1,1,1,0.649757444858551,0.649757444858551,0.3502424955368042,0.649757444858551,4,2,9,post_calibration
67,5,4,8,60,0,0,1,0.5142993330955505,0.5142993330955505,0.5142993330955505,0.48570069670677185,4,2,9,post_calibration
67,6,4,12,60,1,1,1,0.6525839567184448,0.6525839567184448,0.3474160432815552,0.6525839567184448,4,2,9,post_calibration
67,7,4,14,60,1,0,0,0.6409168243408203,0.6409168243408203,0.6409168243408203,0.3590831756591797,4,2,9,post_calibration
67,8,4,16,60,1,1,1,0.7248261570930481,0.7248261570930481,0.2751738429069519,0.7248261570930481,4,2,9,post_calibration
68,0,4,3,60,1,0,0,0.6211764812469482,0.6211764812469482,0.6211764812469482,0.37882348895072937,4,1,12,zero_shot_paired
68,1,4,8,60,0,0,1,0.6017471551895142,0.6017471551895142,0.6017471551895142,0.39825284481048584,4,1,12,zero_shot_paired
68,2,4,12,60,1,1,1,0.6294472217559814,0.6294472217559814,0.3705527186393738,0.6294472217559814,4,1,12,zero_shot_paired
68,3,4,13,60,0,1,0,0.5499805212020874,0.5499805212020874,0.4500194489955902,0.5499805212020874,4,1,12,zero_shot_paired
68,4,4,14,60,1,0,0,0.6759902834892273,0.6759902834892273,0.6759902834892273,0.3240097761154175,4,1,12,zero_shot_paired
68,5,4,17,60,1,0,0,0.6019080281257629,0.6019080281257629,0.6019080281257629,0.39809197187423706,4,1,12,zero_shot_paired
68,0,4,3,60,1,0,0,0.5419543385505676,0.5419543385505676,0.5419543385505676,0.4580456614494324,4,1,12,post_calibration
68,1,4,8,60,0,0,1,0.5056970119476318,0.5056970119476318,0.5056970119476318,0.4943029582500458,4,1,12,post_calibration
68,2,4,12,60,1,1,1,0.6515662670135498,0.6515662670135498,0.34843379259109497,0.6515662670135498,4,1,12,post_calibration
68,3,4,13,60,0,1,0,0.6211585998535156,0.6211585998535156,0.37884142994880676,0.6211585998535156,4,1,12,post_calibration
68,4,4,14,60,1,0,0,0.6573013067245483,0.6573013067245483,0.6573013067245483,0.34269869327545166,4,1,12,post_calibration
68,5,4,17,60,1,0,0,0.5796327590942383,0.5796327590942383,0.5796327590942383,0.42036718130111694,4,1,12,post_calibration
69,0,4,0,60,0,1,0,0.5496368408203125,0.5496368408203125,0.4503631293773651,0.5496368408203125,4,2,12,zero_shot_paired
69,1,4,2,60,1,1,1,0.7281779050827026,0.7281779050827026,0.27182212471961975,0.7281779050827026,4,2,12,zero_shot_paired
69,2,4,6,60,1,1,1,0.6598573327064514,0.6598573327064514,0.3401426076889038,0.6598573327064514,4,2,12,zero_shot_paired
69,3,4,8,60,0,0,1,0.6017471551895142,0.6017471551895142,0.6017471551895142,0.39825284481048584,4,2,12,zero_shot_paired
69,4,4,9,60,1,0,0,0.544349193572998,0.544349193572998,0.544349193572998,0.45565083622932434,4,2,12,zero_shot_paired
69,5,4,14,60,1,0,0,0.6759902834892273,0.6759902834892273,0.6759902834892273,0.3240097761154175,4,2,12,zero_shot_paired
69,0,4,0,60,0,1,0,0.5508528351783752,0.5508528351783752,0.44914722442626953,0.5508528351783752,4,2,12,post_calibration
69,1,4,2,60,1,1,1,0.7636517882347107,0.7636517882347107,0.23634818196296692,0.7636517882347107,4,2,12,post_calibration
69,2,4,6,60,1,1,1,0.7149018049240112,0.7149018049240112,0.28509822487831116,0.7149018049240112,4,2,12,post_calibration
69,3,4,8,60,0,1,0,0.5050447583198547,0.5050447583198547,0.49495524168014526,0.5050447583198547,4,2,12,post_calibration
69,4,4,9,60,1,0,0,0.5005836486816406,0.5005836486816406,0.5005836486816406,0.4994163513183594,4,2,12,post_calibration
69,5,4,14,60,1,0,0,0.6498755812644958,0.6498755812644958,0.6498755812644958,0.3501244783401489,4,2,12,post_calibration
70,0,4,6,60,1,1,1,0.6598573327064514,0.6598573327064514,0.3401426076889038,0.6598573327064514,4,3,12,zero_shot_paired
70,1,4,8,60,0,0,1,0.6017471551895142,0.6017471551895142,0.6017471551895142,0.39825284481048584,4,3,12,zero_shot_paired
70,2,4,12,60,1,1,1,0.6294472217559814,0.6294472217559814,0.3705527186393738,0.6294472217559814,4,3,12,zero_shot_paired
70,3,4,13,60,0,1,0,0.5499805212020874,0.5499805212020874,0.4500194489955902,0.5499805212020874,4,3,12,zero_shot_paired
70,4,4,15,60,1,1,1,0.6665900349617004,0.6665900349617004,0.3334099352359772,0.6665900349617004,4,3,12,zero_shot_paired
70,5,4,17,60,1,0,0,0.6019080281257629,0.6019080281257629,0.6019080281257629,0.39809197187423706,4,3,12,zero_shot_paired
70,0,4,6,60,1,1,1,0.7303904891014099,0.7303904891014099,0.2696094512939453,0.7303904891014099,4,3,12,post_calibration
70,1,4,8,60,0,1,0,0.5195136666297913,0.5195136666297913,0.48048630356788635,0.5195136666297913,4,3,12,post_calibration
70,2,4,12,60,1,1,1,0.670510470867157,0.670510470867157,0.32948946952819824,0.670510470867157,4,3,12,post_calibration
70,3,4,13,60,0,1,0,0.6171972751617432,0.6171972751617432,0.3828027546405792,0.6171972751617432,4,3,12,post_calibration
70,4,4,15,60,1,1,1,0.672971785068512,0.672971785068512,0.3270282447338104,0.672971785068512,4,3,12,post_calibration
70,5,4,17,60,1,0,0,0.5444608330726624,0.5444608330726624,0.5444608330726624,0.45553919672966003,4,3,12,post_calibration
6,0,5,0,60,1,0,0,0.6789858341217041,0.6789858341217041,0.6789858341217041,0.3210141658782959,5,,,zero_shot_all_trials
6,1,5,1,60,1,0,0,0.6036891341209412,0.6036891341209412,0.6036891341209412,0.3963109254837036,5,,,zero_shot_all_trials
6,2,5,2,60,1,0,0,0.7704647779464722,0.7704647779464722,0.7704647779464722,0.22953520715236664,5,,,zero_shot_all_trials
6,3,5,3,60,1,0,0,0.6829521656036377,0.6829521656036377,0.6829521656036377,0.3170478343963623,5,,,zero_shot_all_trials
6,4,5,4,60,1,1,1,0.6752327680587769,0.6752327680587769,0.32476720213890076,0.6752327680587769,5,,,zero_shot_all_trials
6,5,5,5,60,1,1,1,0.6764613389968872,0.6764613389968872,0.32353872060775757,0.6764613389968872,5,,,zero_shot_all_trials
6,6,5,6,60,1,1,1,0.9259016513824463,0.9259016513824463,0.07409830391407013,0.9259016513824463,5,,,zero_shot_all_trials
6,7,5,7,60,1,1,1,0.7704310417175293,0.7704310417175293,0.2295689433813095,0.7704310417175293,5,,,zero_shot_all_trials
6,8,5,8,60,1,1,1,0.8248766660690308,0.8248766660690308,0.17512328922748566,0.8248766660690308,5,,,zero_shot_all_trials
6,9,5,9,60,1,1,1,0.5502184629440308,0.5502184629440308,0.44978153705596924,0.5502184629440308,5,,,zero_shot_all_trials
6,10,5,10,60,0,0,1,0.6074649095535278,0.6074649095535278,0.6074649095535278,0.39253512024879456,5,,,zero_shot_all_trials
6,11,5,11,60,1,1,1,0.8165504336357117,0.8165504336357117,0.18344958126544952,0.8165504336357117,5,,,zero_shot_all_trials
6,12,5,12,60,1,1,1,0.7354220151901245,0.7354220151901245,0.2645779848098755,0.7354220151901245,5,,,zero_shot_all_trials
6,13,5,13,60,1,1,1,0.8449715375900269,0.8449715375900269,0.15502849221229553,0.8449715375900269,5,,,zero_shot_all_trials
6,14,5,14,60,1,1,1,0.6146904230117798,0.6146904230117798,0.3853096067905426,0.6146904230117798,5,,,zero_shot_all_trials
6,15,5,15,60,1,1,1,0.592677652835846,0.592677652835846,0.40732237696647644,0.592677652835846,5,,,zero_shot_all_trials
6,16,5,16,60,1,1,1,0.5935412049293518,0.5935412049293518,0.4064588248729706,0.5935412049293518,5,,,zero_shot_all_trials
6,17,5,17,60,1,0,0,0.5152102708816528,0.5152102708816528,0.5152102708816528,0.48478978872299194,5,,,zero_shot_all_trials
71,0,5,0,60,1,0,0,0.6789824962615967,0.6789824962615967,0.6789824962615967,0.3210175037384033,5,1,3,zero_shot_paired
71,1,5,1,60,1,0,0,0.6036872863769531,0.6036872863769531,0.6036872863769531,0.39631274342536926,5,1,3,zero_shot_paired
71,2,5,2,60,1,0,0,0.7704594135284424,0.7704594135284424,0.7704594135284424,0.22954061627388,5,1,3,zero_shot_paired
71,3,5,3,60,1,0,0,0.6829537749290466,0.6829537749290466,0.6829537749290466,0.3170461654663086,5,1,3,zero_shot_paired
71,4,5,4,60,1,1,1,0.6752327680587769,0.6752327680587769,0.32476720213890076,0.6752327680587769,5,1,3,zero_shot_paired
71,5,5,5,60,1,1,1,0.6764613389968872,0.6764613389968872,0.32353872060775757,0.6764613389968872,5,1,3,zero_shot_paired
71,6,5,6,60,1,1,1,0.9259016513824463,0.9259016513824463,0.07409830391407013,0.9259016513824463,5,1,3,zero_shot_paired
71,7,5,8,60,1,1,1,0.8248734474182129,0.8248734474182129,0.1751265972852707,0.8248734474182129,5,1,3,zero_shot_paired
71,8,5,10,60,0,0,1,0.6074612736701965,0.6074612736701965,0.6074612736701965,0.39253875613212585,5,1,3,zero_shot_paired
71,9,5,11,60,1,1,1,0.8165538311004639,0.8165538311004639,0.18344613909721375,0.8165538311004639,5,1,3,zero_shot_paired
71,10,5,12,60,1,1,1,0.7354220151901245,0.7354220151901245,0.2645779848098755,0.7354220151901245,5,1,3,zero_shot_paired
71,11,5,13,60,1,1,1,0.8449735045433044,0.8449735045433044,0.15502648055553436,0.8449735045433044,5,1,3,zero_shot_paired
71,12,5,14,60,1,1,1,0.6146867275238037,0.6146867275238037,0.3853132128715515,0.6146867275238037,5,1,3,zero_shot_paired
71,13,5,16,60,1,1,1,0.5935412049293518,0.5935412049293518,0.4064588248729706,0.5935412049293518,5,1,3,zero_shot_paired
71,14,5,17,60,1,0,0,0.5152083039283752,0.5152083039283752,0.5152083039283752,0.48479166626930237,5,1,3,zero_shot_paired
71,0,5,0,60,1,0,0,0.6109305024147034,0.6109305024147034,0.6109305024147034,0.38906949758529663,5,1,3,post_calibration
71,1,5,1,60,1,0,0,0.5657786726951599,0.5657786726951599,0.5657786726951599,0.4342213571071625,5,1,3,post_calibration
71,2,5,2,60,1,0,0,0.7346121668815613,0.7346121668815613,0.7346121668815613,0.2653878331184387,5,1,3,post_calibration
71,3,5,3,60,1,0,0,0.6355794668197632,0.6355794668197632,0.6355794668197632,0.3644205629825592,5,1,3,post_calibration
71,4,5,4,60,1,1,1,0.6815065741539001,0.6815065741539001,0.31849342584609985,0.6815065741539001,5,1,3,post_calibration
71,5,5,5,60,1,1,1,0.6702188849449158,0.6702188849449158,0.32978111505508423,0.6702188849449158,5,1,3,post_calibration
71,6,5,6,60,1,1,1,0.9357627630233765,0.9357627630233765,0.06423719227313995,0.9357627630233765,5,1,3,post_calibration
71,7,5,8,60,1,1,1,0.859021008014679,0.859021008014679,0.14097902178764343,0.859021008014679,5,1,3,post_calibration
71,8,5,10,60,0,0,1,0.602776050567627,0.602776050567627,0.602776050567627,0.39722391963005066,5,1,3,post_calibration
71,9,5,11,60,1,1,1,0.8300867676734924,0.8300867676734924,0.1699131727218628,0.8300867676734924,5,1,3,post_calibration
71,10,5,12,60,1,1,1,0.745437502861023,0.745437502861023,0.25456252694129944,0.745437502861023,5,1,3,post_calibration
71,11,5,13,60,1,1,1,0.8646625876426697,0.8646625876426697,0.13533739745616913,0.8646625876426697,5,1,3,post_calibration
71,12,5,14,60,1,1,1,0.6373976469039917,0.6373976469039917,0.3626023530960083,0.6373976469039917,5,1,3,post_calibration
71,13,5,16,60,1,1,1,0.6121267080307007,0.6121267080307007,0.38787323236465454,0.6121267080307007,5,1,3,post_calibration
71,14,5,17,60,1,0,0,0.5012550354003906,0.5012550354003906,0.5012550354003906,0.49874499440193176,5,1,3,post_calibration
72,0,5,0,60,1,0,0,0.6789891123771667,0.6789891123771667,0.6789891123771667,0.3210108280181885,5,2,3,zero_shot_paired
72,1,5,3,60,1,0,0,0.682950496673584,0.682950496673584,0.682950496673584,0.317049503326416,5,2,3,zero_shot_paired
72,2,5,4,60,1,1,1,0.6752310991287231,0.6752310991287231,0.32476887106895447,0.6752310991287231,5,2,3,zero_shot_paired
72,3,5,5,60,1,1,1,0.6764863729476929,0.6764863729476929,0.3235136866569519,0.6764863729476929,5,2,3,zero_shot_paired
72,4,5,6,60,1,1,1,0.925898015499115,0.925898015499115,0.07410196959972382,0.925898015499115,5,2,3,zero_shot_paired
72,5,5,7,60,1,1,1,0.7704296708106995,0.7704296708106995,0.22957028448581696,0.7704296708106995,5,2,3,zero_shot_paired
72,6,5,8,60,1,1,1,0.8248712420463562,0.8248712420463562,0.17512880265712738,0.8248712420463562,5,2,3,zero_shot_paired
72,7,5,9,60,1,1,1,0.5502203702926636,0.5502203702926636,0.4497796595096588,0.5502203702926636,5,2,3,zero_shot_paired
72,8,5,10,60,0,0,1,0.6074594259262085,0.6074594259262085,0.6074594259262085,0.3925405442714691,5,2,3,zero_shot_paired
72,9,5,11,60,1,1,1,0.816541314125061,0.816541314125061,0.18345871567726135,0.816541314125061,5,2,3,zero_shot_paired
72,10,5,12,60,1,1,1,0.7354353666305542,0.7354353666305542,0.2645646333694458,0.7354353666305542,5,2,3,zero_shot_paired
72,11,5,13,60,1,1,1,0.8449735045433044,0.8449735045433044,0.15502648055553436,0.8449735045433044,5,2,3,zero_shot_paired
72,12,5,14,60,1,1,1,0.6146885752677917,0.6146885752677917,0.38531139492988586,0.6146885752677917,5,2,3,zero_shot_paired
72,13,5,15,60,1,1,1,0.592677652835846,0.592677652835846,0.40732237696647644,0.592677652835846,5,2,3,zero_shot_paired
72,14,5,16,60,1,1,1,0.5935319662094116,0.5935319662094116,0.406468003988266,0.5935319662094116,5,2,3,zero_shot_paired
72,0,5,0,60,1,0,0,0.6458112597465515,0.6458112597465515,0.6458112597465515,0.3541886806488037,5,2,3,post_calibration
72,1,5,3,60,1,0,0,0.665678858757019,0.665678858757019,0.665678858757019,0.33432111144065857,5,2,3,post_calibration
72,2,5,4,60,1,1,1,0.7187871932983398,0.7187871932983398,0.28121280670166016,0.7187871932983398,5,2,3,post_calibration
72,3,5,5,60,1,1,1,0.6747289896011353,0.6747289896011353,0.32527104020118713,0.6747289896011353,5,2,3,post_calibration
72,4,5,6,60,1,1,1,0.9257423877716064,0.9257423877716064,0.07425758242607117,0.9257423877716064,5,2,3,post_calibration
72,5,5,7,60,1,1,1,0.7701597213745117,0.7701597213745117,0.22984029352664948,0.7701597213745117,5,2,3,post_calibration
72,6,5,8,60,1,1,1,0.8440659046173096,0.8440659046173096,0.15593411028385162,0.8440659046173096,5,2,3,post_calibration
72,7,5,9,60,1,1,1,0.589372992515564,0.589372992515564,0.4106270372867584,0.589372992515564,5,2,3,post_calibration
72,8,5,10,60,0,0,1,0.5598278045654297,0.5598278045654297,0.5598278045654297,0.4401721954345703,5,2,3,post_calibration
72,9,5,11,60,1,1,1,0.8205087780952454,0.8205087780952454,0.17949123680591583,0.8205087780952454,5,2,3,post_calibration
72,10,5,12,60,1,1,1,0.7410141825675964,0.7410141825675964,0.2589857876300812,0.7410141825675964,5,2,3,post_calibration
72,11,5,13,60,1,1,1,0.8463575839996338,0.8463575839996338,0.15364238619804382,0.8463575839996338,5,2,3,post_calibration
72,12,5,14,60,1,1,1,0.6421537399291992,0.6421537399291992,0.3578462302684784,0.6421537399291992,5,2,3,post_calibration
72,13,5,15,60,1,1,1,0.6559664607048035,0.6559664607048035,0.34403353929519653,0.6559664607048035,5,2,3,post_calibration
72,14,5,16,60,1,1,1,0.5943489670753479,0.5943489670753479,0.4056510627269745,0.5943489670753479,5,2,3,post_calibration
73,0,5,0,60,1,0,0,0.6789891123771667,0.6789891123771667,0.6789891123771667,0.3210108280181885,5,3,3,zero_shot_paired
73,1,5,1,60,1,0,0,0.6036891341209412,0.6036891341209412,0.6036891341209412,0.3963109254837036,5,3,3,zero_shot_paired
73,2,5,2,60,1,0,0,0.7704594135284424,0.7704594135284424,0.7704594135284424,0.22954061627388,5,3,3,zero_shot_paired
73,3,5,3,60,1,0,0,0.682950496673584,0.682950496673584,0.682950496673584,0.317049503326416,5,3,3,zero_shot_paired
73,4,5,4,60,1,1,1,0.6752310991287231,0.6752310991287231,0.32476887106895447,0.6752310991287231,5,3,3,zero_shot_paired
73,5,5,5,60,1,1,1,0.6764863729476929,0.6764863729476929,0.3235136866569519,0.6764863729476929,5,3,3,zero_shot_paired
73,6,5,7,60,1,1,1,0.7704296708106995,0.7704296708106995,0.22957028448581696,0.7704296708106995,5,3,3,zero_shot_paired
73,7,5,8,60,1,1,1,0.8248712420463562,0.8248712420463562,0.17512880265712738,0.8248712420463562,5,3,3,zero_shot_paired
73,8,5,9,60,1,1,1,0.5502203702926636,0.5502203702926636,0.4497796595096588,0.5502203702926636,5,3,3,zero_shot_paired
73,9,5,10,60,0,0,1,0.6074594259262085,0.6074594259262085,0.6074594259262085,0.3925405442714691,5,3,3,zero_shot_paired
73,10,5,11,60,1,1,1,0.816541314125061,0.816541314125061,0.18345871567726135,0.816541314125061,5,3,3,zero_shot_paired
73,11,5,12,60,1,1,1,0.7354353666305542,0.7354353666305542,0.2645646333694458,0.7354353666305542,5,3,3,zero_shot_paired
73,12,5,13,60,1,1,1,0.8449735045433044,0.8449735045433044,0.15502648055553436,0.8449735045433044,5,3,3,zero_shot_paired
73,13,5,15,60,1,1,1,0.592677652835846,0.592677652835846,0.40732237696647644,0.592677652835846,5,3,3,zero_shot_paired
73,14,5,17,60,1,0,0,0.5152121782302856,0.5152121782302856,0.5152121782302856,0.48478785157203674,5,3,3,zero_shot_paired
73,0,5,0,60,1,0,0,0.6554290652275085,0.6554290652275085,0.6554290652275085,0.34457093477249146,5,3,3,post_calibration
73,1,5,1,60,1,0,0,0.5982645153999329,0.5982645153999329,0.5982645153999329,0.4017355144023895,5,3,3,post_calibration
73,2,5,2,60,1,0,0,0.7534765601158142,0.7534765601158142,0.7534765601158142,0.2465234249830246,5,3,3,post_calibration
73,3,5,3,60,1,0,0,0.6535589098930359,0.6535589098930359,0.6535589098930359,0.3464410901069641,5,3,3,post_calibration
73,4,5,4,60,1,1,1,0.6889901757240295,0.6889901757240295,0.31100982427597046,0.6889901757240295,5,3,3,post_calibration
73,5,5,5,60,1,1,1,0.689702570438385,0.689702570438385,0.3102974593639374,0.689702570438385,5,3,3,post_calibration
73,6,5,7,60,1,1,1,0.7829115986824036,0.7829115986824036,0.2170884609222412,0.7829115986824036,5,3,3,post_calibration
73,7,5,8,60,1,1,1,0.8455233573913574,0.8455233573913574,0.1544766128063202,0.8455233573913574,5,3,3,post_calibration
73,8,5,9,60,1,1,1,0.5889851450920105,0.5889851450920105,0.4110148549079895,0.5889851450920105,5,3,3,post_calibration
73,9,5,10,60,0,0,1,0.6126682162284851,0.6126682162284851,0.6126682162284851,0.3873318135738373,5,3,3,post_calibration
73,10,5,11,60,1,1,1,0.8416162729263306,0.8416162729263306,0.15838374197483063,0.8416162729263306,5,3,3,post_calibration
73,11,5,12,60,1,1,1,0.7514943480491638,0.7514943480491638,0.24850569665431976,0.7514943480491638,5,3,3,post_calibration
73,12,5,13,60,1,1,1,0.8511126637458801,0.8511126637458801,0.14888730645179749,0.8511126637458801,5,3,3,post_calibration
73,13,5,15,60,1,1,1,0.6045193076133728,0.6045193076133728,0.3954806923866272,0.6045193076133728,5,3,3,post_calibration
73,14,5,17,60,1,0,0,0.5187442302703857,0.5187442302703857,0.5187442302703857,0.4812557101249695,5,3,3,post_calibration
74,0,5,0,60,1,0,0,0.6789891123771667,0.6789891123771667,0.6789891123771667,0.3210108280181885,5,4,3,zero_shot_paired
74,1,5,1,60,1,0,0,0.6036891341209412,0.6036891341209412,0.6036891341209412,0.3963109254837036,5,4,3,zero_shot_paired
74,2,5,2,60,1,0,0,0.7704594135284424,0.7704594135284424,0.7704594135284424,0.22954061627388,5,4,3,zero_shot_paired
74,3,5,3,60,1,0,0,0.682950496673584,0.682950496673584,0.682950496673584,0.317049503326416,5,4,3,zero_shot_paired
74,4,5,4,60,1,1,1,0.6752310991287231,0.6752310991287231,0.32476887106895447,0.6752310991287231,5,4,3,zero_shot_paired
74,5,5,5,60,1,1,1,0.6764863729476929,0.6764863729476929,0.3235136866569519,0.6764863729476929,5,4,3,zero_shot_paired
74,6,5,6,60,1,1,1,0.925898015499115,0.925898015499115,0.07410196959972382,0.925898015499115,5,4,3,zero_shot_paired
74,7,5,7,60,1,1,1,0.7704296708106995,0.7704296708106995,0.22957028448581696,0.7704296708106995,5,4,3,zero_shot_paired
74,8,5,9,60,1,1,1,0.5502203702926636,0.5502203702926636,0.4497796595096588,0.5502203702926636,5,4,3,zero_shot_paired
74,9,5,11,60,1,1,1,0.816541314125061,0.816541314125061,0.18345871567726135,0.816541314125061,5,4,3,zero_shot_paired
74,10,5,13,60,1,1,1,0.8449735045433044,0.8449735045433044,0.15502648055553436,0.8449735045433044,5,4,3,zero_shot_paired
74,11,5,14,60,1,1,1,0.6146885752677917,0.6146885752677917,0.38531139492988586,0.6146885752677917,5,4,3,zero_shot_paired
74,12,5,15,60,1,1,1,0.592677652835846,0.592677652835846,0.40732237696647644,0.592677652835846,5,4,3,zero_shot_paired
74,13,5,16,60,1,1,1,0.5935319662094116,0.5935319662094116,0.406468003988266,0.5935319662094116,5,4,3,zero_shot_paired
74,14,5,17,60,1,0,0,0.5152121782302856,0.5152121782302856,0.5152121782302856,0.48478785157203674,5,4,3,zero_shot_paired
74,0,5,0,60,1,0,0,0.6586782932281494,0.6586782932281494,0.6586782932281494,0.341321736574173,5,4,3,post_calibration
74,1,5,1,60,1,0,0,0.5866190791130066,0.5866190791130066,0.5866190791130066,0.4133809506893158,5,4,3,post_calibration
74,2,5,2,60,1,0,0,0.7729888558387756,0.7729888558387756,0.7729888558387756,0.22701114416122437,5,4,3,post_calibration
74,3,5,3,60,1,0,0,0.6523452401161194,0.6523452401161194,0.6523452401161194,0.3476547598838806,5,4,3,post_calibration
74,4,5,4,60,1,1,1,0.6795576214790344,0.6795576214790344,0.3204423785209656,0.6795576214790344,5,4,3,post_calibration
74,5,5,5,60,1,1,1,0.6647359132766724,0.6647359132766724,0.3352641463279724,0.6647359132766724,5,4,3,post_calibration
74,6,5,6,60,1,1,1,0.9330081343650818,0.9330081343650818,0.0669918805360794,0.9330081343650818,5,4,3,post_calibration
74,7,5,7,60,1,1,1,0.7909759283065796,0.7909759283065796,0.20902404189109802,0.7909759283065796,5,4,3,post_calibration
74,8,5,9,60,1,1,1,0.5834407210350037,0.5834407210350037,0.41655924916267395,0.5834407210350037,5,4,3,post_calibration
74,9,5,11,60,1,1,1,0.8265007138252258,0.8265007138252258,0.1734992414712906,0.8265007138252258,5,4,3,post_calibration
74,10,5,13,60,1,1,1,0.8614826202392578,0.8614826202392578,0.1385173201560974,0.8614826202392578,5,4,3,post_calibration
74,11,5,14,60,1,1,1,0.6257847547531128,0.6257847547531128,0.3742152154445648,0.6257847547531128,5,4,3,post_calibration
74,12,5,15,60,1,1,1,0.6114472150802612,0.6114472150802612,0.38855281472206116,0.6114472150802612,5,4,3,post_calibration
74,13,5,16,60,1,1,1,0.6130483746528625,0.6130483746528625,0.3869516849517822,0.6130483746528625,5,4,3,post_calibration
74,14,5,17,60,1,0,0,0.50794917345047,0.50794917345047,0.50794917345047,0.4920508563518524,5,4,3,post_calibration
75,0,5,1,60,1,0,0,0.6036891341209412,0.6036891341209412,0.6036891341209412,0.3963109254837036,5,5,3,zero_shot_paired
75,1,5,2,60,1,0,0,0.7704594135284424,0.7704594135284424,0.7704594135284424,0.22954061627388,5,5,3,zero_shot_paired
75,2,5,3,60,1,0,0,0.682950496673584,0.682950496673584,0.682950496673584,0.317049503326416,5,5,3,zero_shot_paired
75,3,5,4,60,1,1,1,0.6752310991287231,0.6752310991287231,0.32476887106895447,0.6752310991287231,5,5,3,zero_shot_paired
75,4,5,5,60,1,1,1,0.6764863729476929,0.6764863729476929,0.3235136866569519,0.6764863729476929,5,5,3,zero_shot_paired
75,5,5,6,60,1,1,1,0.925898015499115,0.925898015499115,0.07410196959972382,0.925898015499115,5,5,3,zero_shot_paired
75,6,5,7,60,1,1,1,0.7704296708106995,0.7704296708106995,0.22957028448581696,0.7704296708106995,5,5,3,zero_shot_paired
75,7,5,8,60,1,1,1,0.8248712420463562,0.8248712420463562,0.17512880265712738,0.8248712420463562,5,5,3,zero_shot_paired
75,8,5,9,60,1,1,1,0.5502203702926636,0.5502203702926636,0.4497796595096588,0.5502203702926636,5,5,3,zero_shot_paired
75,9,5,10,60,0,0,1,0.6074594259262085,0.6074594259262085,0.6074594259262085,0.3925405442714691,5,5,3,zero_shot_paired
75,10,5,12,60,1,1,1,0.7354353666305542,0.7354353666305542,0.2645646333694458,0.7354353666305542,5,5,3,zero_shot_paired
75,11,5,14,60,1,1,1,0.6146885752677917,0.6146885752677917,0.38531139492988586,0.6146885752677917,5,5,3,zero_shot_paired
75,12,5,15,60,1,1,1,0.592677652835846,0.592677652835846,0.40732237696647644,0.592677652835846,5,5,3,zero_shot_paired
75,13,5,16,60,1,1,1,0.5935319662094116,0.5935319662094116,0.406468003988266,0.5935319662094116,5,5,3,zero_shot_paired
75,14,5,17,60,1,0,0,0.5152121782302856,0.5152121782302856,0.5152121782302856,0.48478785157203674,5,5,3,zero_shot_paired
75,0,5,1,60,1,0,0,0.5659098625183105,0.5659098625183105,0.5659098625183105,0.43409013748168945,5,5,3,post_calibration
75,1,5,2,60,1,0,0,0.740787148475647,0.740787148475647,0.740787148475647,0.25921279191970825,5,5,3,post_calibration
75,2,5,3,60,1,0,0,0.635821521282196,0.635821521282196,0.635821521282196,0.36417844891548157,5,5,3,post_calibration
75,3,5,4,60,1,1,1,0.6815546154975891,0.6815546154975891,0.3184454143047333,0.6815546154975891,5,5,3,post_calibration
75,4,5,5,60,1,1,1,0.6834821701049805,0.6834821701049805,0.31651777029037476,0.6834821701049805,5,5,3,post_calibration
75,5,5,6,60,1,1,1,0.9375314712524414,0.9375314712524414,0.0624685101211071,0.9375314712524414,5,5,3,post_calibration
75,6,5,7,60,1,1,1,0.7889708876609802,0.7889708876609802,0.21102914214134216,0.7889708876609802,5,5,3,post_calibration
75,7,5,8,60,1,1,1,0.8565218448638916,0.8565218448638916,0.14347811043262482,0.8565218448638916,5,5,3,post_calibration
75,8,5,9,60,1,1,1,0.6146994829177856,0.6146994829177856,0.38530057668685913,0.6146994829177856,5,5,3,post_calibration
75,9,5,10,60,0,0,1,0.6196367144584656,0.6196367144584656,0.6196367144584656,0.3803632855415344,5,5,3,post_calibration
75,10,5,12,60,1,1,1,0.7345824241638184,0.7345824241638184,0.26541760563850403,0.7345824241638184,5,5,3,post_calibration
75,11,5,14,60,1,1,1,0.6318960189819336,0.6318960189819336,0.368103951215744,0.6318960189819336,5,5,3,post_calibration
75,12,5,15,60,1,1,1,0.6562126874923706,0.6562126874923706,0.34378737211227417,0.6562126874923706,5,5,3,post_calibration
75,13,5,16,60,1,1,1,0.6332224607467651,0.6332224607467651,0.3667775094509125,0.6332224607467651,5,5,3,post_calibration
75,14,5,17,60,1,0,0,0.5326207876205444,0.5326207876205444,0.5326207876205444,0.46737924218177795,5,5,3,post_calibration
76,0,5,0,60,1,0,0,0.6789891123771667,0.6789891123771667,0.6789891123771667,0.3210108280181885,5,6,3,zero_shot_paired
76,1,5,1,60,1,0,0,0.6036891341209412,0.6036891341209412,0.6036891341209412,0.3963109254837036,5,6,3,zero_shot_paired
76,2,5,2,60,1,0,0,0.7704594135284424,0.7704594135284424,0.7704594135284424,0.22954061627388,5,6,3,zero_shot_paired
76,3,5,6,60,1,1,1,0.925898015499115,0.925898015499115,0.07410196959972382,0.925898015499115,5,6,3,zero_shot_paired
76,4,5,7,60,1,1,1,0.7704296708106995,0.7704296708106995,0.22957028448581696,0.7704296708106995,5,6,3,zero_shot_paired
76,5,5,8,60,1,1,1,0.8248712420463562,0.8248712420463562,0.17512880265712738,0.8248712420463562,5,6,3,zero_shot_paired
76,6,5,9,60,1,1,1,0.5502203702926636,0.5502203702926636,0.4497796595096588,0.5502203702926636,5,6,3,zero_shot_paired
76,7,5,10,60,0,0,1,0.6074594259262085,0.6074594259262085,0.6074594259262085,0.3925405442714691,5,6,3,zero_shot_paired
76,8,5,11,60,1,1,1,0.816541314125061,0.816541314125061,0.18345871567726135,0.816541314125061,5,6,3,zero_shot_paired
76,9,5,12,60,1,1,1,0.7354353666305542,0.7354353666305542,0.2645646333694458,0.7354353666305542,5,6,3,zero_shot_paired
76,10,5,13,60,1,1,1,0.8449735045433044,0.8449735045433044,0.15502648055553436,0.8449735045433044,5,6,3,zero_shot_paired
76,11,5,14,60,1,1,1,0.6146885752677917,0.6146885752677917,0.38531139492988586,0.6146885752677917,5,6,3,zero_shot_paired
76,12,5,15,60,1,1,1,0.592677652835846,0.592677652835846,0.40732237696647644,0.592677652835846,5,6,3,zero_shot_paired
76,13,5,16,60,1,1,1,0.5935319662094116,0.5935319662094116,0.406468003988266,0.5935319662094116,5,6,3,zero_shot_paired
76,14,5,17,60,1,0,0,0.5152121782302856,0.5152121782302856,0.5152121782302856,0.48478785157203674,5,6,3,zero_shot_paired
76,0,5,0,60,1,0,0,0.652289867401123,0.652289867401123,0.652289867401123,0.34771010279655457,5,6,3,post_calibration
76,1,5,1,60,1,0,0,0.5944997668266296,0.5944997668266296,0.5944997668266296,0.405500203371048,5,6,3,post_calibration
76,2,5,2,60,1,0,0,0.7440887689590454,0.7440887689590454,0.7440887689590454,0.25591129064559937,5,6,3,post_calibration
76,3,5,6,60,1,1,1,0.9369179010391235,0.9369179010391235,0.06308212131261826,0.9369179010391235,5,6,3,post_calibration
76,4,5,7,60,1,1,1,0.8066884279251099,0.8066884279251099,0.19331149756908417,0.8066884279251099,5,6,3,post_calibration
76,5,5,8,60,1,1,1,0.8488078117370605,0.8488078117370605,0.15119220316410065,0.8488078117370605,5,6,3,post_calibration
76,6,5,9,60,1,1,1,0.5733724236488342,0.5733724236488342,0.42662763595581055,0.5733724236488342,5,6,3,post_calibration
76,7,5,10,60,0,0,1,0.5793836712837219,0.5793836712837219,0.5793836712837219,0.4206163287162781,5,6,3,post_calibration
76,8,5,11,60,1,1,1,0.8435993790626526,0.8435993790626526,0.15640060603618622,0.8435993790626526,5,6,3,post_calibration
76,9,5,12,60,1,1,1,0.7482560276985168,0.7482560276985168,0.25174397230148315,0.7482560276985168,5,6,3,post_calibration
76,10,5,13,60,1,1,1,0.8689519166946411,0.8689519166946411,0.1310480833053589,0.8689519166946411,5,6,3,post_calibration
76,11,5,14,60,1,1,1,0.6317558288574219,0.6317558288574219,0.36824414134025574,0.6317558288574219,5,6,3,post_calibration
76,12,5,15,60,1,1,1,0.6041672229766846,0.6041672229766846,0.39583277702331543,0.6041672229766846,5,6,3,post_calibration
76,13,5,16,60,1,1,1,0.6099017858505249,0.6099017858505249,0.3900982141494751,0.6099017858505249,5,6,3,post_calibration
76,14,5,17,60,1,1,1,0.5087729096412659,0.5087729096412659,0.4912271201610565,0.5087729096412659,5,6,3,post_calibration
77,0,5,3,60,1,0,0,0.682950496673584,0.682950496673584,0.682950496673584,0.317049503326416,5,1,6,zero_shot_paired
77,1,5,5,60,1,1,1,0.6764863729476929,0.6764863729476929,0.3235136866569519,0.6764863729476929,5,1,6,zero_shot_paired
77,2,5,6,60,1,1,1,0.925898015499115,0.925898015499115,0.07410196959972382,0.925898015499115,5,1,6,zero_shot_paired
77,3,5,7,60,1,1,1,0.7704296708106995,0.7704296708106995,0.22957028448581696,0.7704296708106995,5,1,6,zero_shot_paired
77,4,5,9,60,1,1,1,0.5502203702926636,0.5502203702926636,0.4497796595096588,0.5502203702926636,5,1,6,zero_shot_paired
77,5,5,10,60,0,0,1,0.6074594259262085,0.6074594259262085,0.6074594259262085,0.3925405442714691,5,1,6,zero_shot_paired
77,6,5,11,60,1,1,1,0.816541314125061,0.816541314125061,0.18345871567726135,0.816541314125061,5,1,6,zero_shot_paired
77,7,5,12,60,1,1,1,0.7354353666305542,0.7354353666305542,0.2645646333694458,0.7354353666305542,5,1,6,zero_shot_paired
77,8,5,13,60,1,1,1,0.8449735045433044,0.8449735045433044,0.15502648055553436,0.8449735045433044,5,1,6,zero_shot_paired
77,9,5,15,60,1,1,1,0.592677652835846,0.592677652835846,0.40732237696647644,0.592677652835846,5,1,6,zero_shot_paired
77,10,5,16,60,1,1,1,0.5935319662094116,0.5935319662094116,0.406468003988266,0.5935319662094116,5,1,6,zero_shot_paired
77,11,5,17,60,1,0,0,0.5152121782302856,0.5152121782302856,0.5152121782302856,0.48478785157203674,5,1,6,zero_shot_paired
77,0,5,3,60,1,0,0,0.6327102184295654,0.6327102184295654,0.6327102184295654,0.36728978157043457,5,1,6,post_calibration
77,1,5,5,60,1,1,1,0.6658910512924194,0.6658910512924194,0.3341088891029358,0.6658910512924194,5,1,6,post_calibration
77,2,5,6,60,1,1,1,0.9337948560714722,0.9337948560714722,0.06620507687330246,0.9337948560714722,5,1,6,post_calibration
77,3,5,7,60,1,1,1,0.7861499190330505,0.7861499190330505,0.21385008096694946,0.7861499190330505,5,1,6,post_calibration
77,4,5,9,60,1,1,1,0.6201832294464111,0.6201832294464111,0.3798167407512665,0.6201832294464111,5,1,6,post_calibration
77,5,5,10,60,0,0,1,0.5893582105636597,0.5893582105636597,0.5893582105636597,0.41064178943634033,5,1,6,post_calibration
77,6,5,11,60,1,1,1,0.8268527388572693,0.8268527388572693,0.17314724624156952,0.8268527388572693,5,1,6,post_calibration
77,7,5,12,60,1,1,1,0.7325963377952576,0.7325963377952576,0.26740366220474243,0.7325963377952576,5,1,6,post_calibration
77,8,5,13,60,1,1,1,0.8665600419044495,0.8665600419044495,0.13343992829322815,0.8665600419044495,5,1,6,post_calibration
77,9,5,15,60,1,1,1,0.68045574426651,0.68045574426651,0.3195442259311676,0.68045574426651,5,1,6,post_calibration
77,10,5,16,60,1,1,1,0.6178369522094727,0.6178369522094727,0.38216304779052734,0.6178369522094727,5,1,6,post_calibration
77,11,5,17,60,1,0,0,0.5187670588493347,0.5187670588493347,0.5187670588493347,0.4812328815460205,5,1,6,post_calibration
78,0,5,0,60,1,0,0,0.6789891123771667,0.6789891123771667,0.6789891123771667,0.3210108280181885,5,2,6,zero_shot_paired
78,1,5,1,60,1,0,0,0.6036891341209412,0.6036891341209412,0.6036891341209412,0.3963109254837036,5,2,6,zero_shot_paired
78,2,5,2,60,1,0,0,0.7704594135284424,0.7704594135284424,0.7704594135284424,0.22954061627388,5,2,6,zero_shot_paired
78,3,5,4,60,1,1,1,0.6752310991287231,0.6752310991287231,0.32476887106895447,0.6752310991287231,5,2,6,zero_shot_paired
78,4,5,5,60,1,1,1,0.6764863729476929,0.6764863729476929,0.3235136866569519,0.6764863729476929,5,2,6,zero_shot_paired
78,5,5,6,60,1,1,1,0.925898015499115,0.925898015499115,0.07410196959972382,0.925898015499115,5,2,6,zero_shot_paired
78,6,5,8,60,1,1,1,0.8248712420463562,0.8248712420463562,0.17512880265712738,0.8248712420463562,5,2,6,zero_shot_paired
78,7,5,11,60,1,1,1,0.816541314125061,0.816541314125061,0.18345871567726135,0.816541314125061,5,2,6,zero_shot_paired
78,8,5,13,60,1,1,1,0.8449735045433044,0.8449735045433044,0.15502648055553436,0.8449735045433044,5,2,6,zero_shot_paired
78,9,5,14,60,1,1,1,0.6146885752677917,0.6146885752677917,0.38531139492988586,0.6146885752677917,5,2,6,zero_shot_paired
78,10,5,15,60,1,1,1,0.592677652835846,0.592677652835846,0.40732237696647644,0.592677652835846,5,2,6,zero_shot_paired
78,11,5,16,60,1,1,1,0.5935319662094116,0.5935319662094116,0.406468003988266,0.5935319662094116,5,2,6,zero_shot_paired
78,0,5,0,60,1,0,0,0.6483185291290283,0.6483185291290283,0.6483185291290283,0.35168150067329407,5,2,6,post_calibration
78,1,5,1,60,1,0,0,0.5856640934944153,0.5856640934944153,0.5856640934944153,0.4143359065055847,5,2,6,post_calibration
78,2,5,2,60,1,0,0,0.7685486674308777,0.7685486674308777,0.7685486674308777,0.23145131766796112,5,2,6,post_calibration
78,3,5,4,60,1,1,1,0.6987729072570801,0.6987729072570801,0.3012271225452423,0.6987729072570801,5,2,6,post_calibration
78,4,5,5,60,1,1,1,0.6658027768135071,0.6658027768135071,0.33419719338417053,0.6658027768135071,5,2,6,post_calibration
78,5,5,6,60,1,1,1,0.9416961073875427,0.9416961073875427,0.05830393731594086,0.9416961073875427,5,2,6,post_calibration
78,6,5,8,60,1,1,1,0.8467867374420166,0.8467867374420166,0.15321332216262817,0.8467867374420166,5,2,6,post_calibration
78,7,5,11,60,1,1,1,0.8379496932029724,0.8379496932029724,0.16205032169818878,0.8379496932029724,5,2,6,post_calibration
78,8,5,13,60,1,1,1,0.8728672862052917,0.8728672862052917,0.12713274359703064,0.8728672862052917,5,2,6,post_calibration
78,9,5,14,60,1,1,1,0.6452247500419617,0.6452247500419617,0.3547753095626831,0.6452247500419617,5,2,6,post_calibration
78,10,5,15,60,1,1,1,0.6231887340545654,0.6231887340545654,0.3768112063407898,0.6231887340545654,5,2,6,post_calibration
78,11,5,16,60,1,1,1,0.609269917011261,0.609269917011261,0.390730082988739,0.609269917011261,5,2,6,post_calibration
79,0,5,0,60,1,0,0,0.6789891123771667,0.6789891123771667,0.6789891123771667,0.3210108280181885,5,3,6,zero_shot_paired
79,1,5,1,60,1,0,0,0.6036891341209412,0.6036891341209412,0.6036891341209412,0.3963109254837036,5,3,6,zero_shot_paired
79,2,5,2,60,1,0,0,0.7704594135284424,0.7704594135284424,0.7704594135284424,0.22954061627388,5,3,6,zero_shot_paired
79,3,5,3,60,1,0,0,0.682950496673584,0.682950496673584,0.682950496673584,0.317049503326416,5,3,6,zero_shot_paired
79,4,5,4,60,1,1,1,0.6752310991287231,0.6752310991287231,0.32476887106895447,0.6752310991287231,5,3,6,zero_shot_paired
79,5,5,7,60,1,1,1,0.7704296708106995,0.7704296708106995,0.22957028448581696,0.7704296708106995,5,3,6,zero_shot_paired
79,6,5,8,60,1,1,1,0.8248712420463562,0.8248712420463562,0.17512880265712738,0.8248712420463562,5,3,6,zero_shot_paired
79,7,5,9,60,1,1,1,0.5502203702926636,0.5502203702926636,0.4497796595096588,0.5502203702926636,5,3,6,zero_shot_paired
79,8,5,10,60,0,0,1,0.6074594259262085,0.6074594259262085,0.6074594259262085,0.3925405442714691,5,3,6,zero_shot_paired
79,9,5,12,60,1,1,1,0.7354353666305542,0.7354353666305542,0.2645646333694458,0.7354353666305542,5,3,6,zero_shot_paired
79,10,5,14,60,1,1,1,0.6146885752677917,0.6146885752677917,0.38531139492988586,0.6146885752677917,5,3,6,zero_shot_paired
79,11,5,17,60,1,0,0,0.5152121782302856,0.5152121782302856,0.5152121782302856,0.48478785157203674,5,3,6,zero_shot_paired
79,0,5,0,60,1,0,0,0.6235882043838501,0.6235882043838501,0.6235882043838501,0.3764117658138275,5,3,6,post_calibration
79,1,5,1,60,1,0,0,0.5851178169250488,0.5851178169250488,0.5851178169250488,0.4148821532726288,5,3,6,post_calibration
79,2,5,2,60,1,0,0,0.7482689023017883,0.7482689023017883,0.7482689023017883,0.2517310380935669,5,3,6,post_calibration
79,3,5,3,60,1,0,0,0.6494587659835815,0.6494587659835815,0.6494587659835815,0.35054123401641846,5,3,6,post_calibration
79,4,5,4,60,1,1,1,0.6989944577217102,0.6989944577217102,0.3010055720806122,0.6989944577217102,5,3,6,post_calibration
79,5,5,7,60,1,1,1,0.7826676964759827,0.7826676964759827,0.21733233332633972,0.7826676964759827,5,3,6,post_calibration
79,6,5,8,60,1,1,1,0.8500460386276245,0.8500460386276245,0.1499539166688919,0.8500460386276245,5,3,6,post_calibration
79,7,5,9,60,1,1,1,0.6032928824424744,0.6032928824424744,0.39670705795288086,0.6032928824424744,5,3,6,post_calibration
79,8,5,10,60,0,0,1,0.5881482362747192,0.5881482362747192,0.5881482362747192,0.4118517339229584,5,3,6,post_calibration
79,9,5,12,60,1,1,1,0.7464048266410828,0.7464048266410828,0.2535952031612396,0.7464048266410828,5,3,6,post_calibration
79,10,5,14,60,1,1,1,0.6289025545120239,0.6289025545120239,0.37109747529029846,0.6289025545120239,5,3,6,post_calibration
79,11,5,17,60,1,0,0,0.5013275146484375,0.5013275146484375,0.5013275146484375,0.4986724555492401,5,3,6,post_calibration
80,0,5,0,60,1,0,0,0.6789907813072205,0.6789907813072205,0.6789907813072205,0.32100915908813477,5,1,9,zero_shot_paired
80,1,5,1,60,1,0,0,0.6036836504936218,0.6036836504936218,0.6036836504936218,0.39631637930870056,5,1,9,zero_shot_paired
80,2,5,2,60,1,0,0,0.770466148853302,0.770466148853302,0.770466148853302,0.2295338660478592,5,1,9,zero_shot_paired
80,3,5,4,60,1,1,1,0.6752327680587769,0.6752327680587769,0.32476720213890076,0.6752327680587769,5,1,9,zero_shot_paired
80,4,5,6,60,1,1,1,0.9258986115455627,0.9258986115455627,0.07410145550966263,0.9258986115455627,5,1,9,zero_shot_paired
80,5,5,9,60,1,1,1,0.5502222180366516,0.5502222180366516,0.4497777819633484,0.5502222180366516,5,1,9,zero_shot_paired
80,6,5,13,60,1,1,1,0.8449724912643433,0.8449724912643433,0.15502749383449554,0.8449724912643433,5,1,9,zero_shot_paired
80,7,5,15,60,1,1,1,0.5926758050918579,0.5926758050918579,0.4073241949081421,0.5926758050918579,5,1,9,zero_shot_paired
80,8,5,17,60,1,0,0,0.5152102708816528,0.5152102708816528,0.5152102708816528,0.48478978872299194,5,1,9,zero_shot_paired
80,0,5,0,60,1,0,0,0.6431962251663208,0.6431962251663208,0.6431962251663208,0.3568037748336792,5,1,9,post_calibration
80,1,5,1,60,1,0,0,0.5838041305541992,0.5838041305541992,0.5838041305541992,0.4161958694458008,5,1,9,post_calibration
80,2,5,2,60,1,0,0,0.7640096545219421,0.7640096545219421,0.7640096545219421,0.23599034547805786,5,1,9,post_calibration
80,3,5,4,60,1,1,1,0.6953606605529785,0.6953606605529785,0.3046393096446991,0.6953606605529785,5,1,9,post_calibration
80,4,5,6,60,1,1,1,0.9426974058151245,0.9426974058151245,0.057302575558423996,0.9426974058151245,5,1,9,post_calibration
80,5,5,9,60,1,1,1,0.5756924152374268,0.5756924152374268,0.42430758476257324,0.5756924152374268,5,1,9,post_calibration
80,6,5,13,60,1,1,1,0.8723117113113403,0.8723117113113403,0.12768831849098206,0.8723117113113403,5,1,9,post_calibration
80,7,5,15,60,1,1,1,0.6167591214179993,0.6167591214179993,0.38324087858200073,0.6167591214179993,5,1,9,post_calibration
80,8,5,17,60,1,0,0,0.5035743117332458,0.5035743117332458,0.5035743117332458,0.49642568826675415,5,1,9,post_calibration
81,0,5,3,60,1,0,0,0.6829455494880676,0.6829455494880676,0.6829455494880676,0.3170544505119324,5,2,9,zero_shot_paired
81,1,5,5,60,1,1,1,0.6764829754829407,0.6764829754829407,0.32351699471473694,0.6764829754829407,5,2,9,zero_shot_paired
81,2,5,7,60,1,1,1,0.7704378366470337,0.7704378366470337,0.2295621931552887,0.7704378366470337,5,2,9,zero_shot_paired
81,3,5,8,60,1,1,1,0.8248734474182129,0.8248734474182129,0.1751265972852707,0.8248734474182129,5,2,9,zero_shot_paired
81,4,5,10,60,0,0,1,0.6074721813201904,0.6074721813201904,0.6074721813201904,0.39252784848213196,5,2,9,zero_shot_paired
81,5,5,11,60,1,1,1,0.8165492415428162,0.8165492415428162,0.18345069885253906,0.8165492415428162,5,2,9,zero_shot_paired
81,6,5,12,60,1,1,1,0.7354279160499573,0.7354279160499573,0.26457205414772034,0.7354279160499573,5,2,9,zero_shot_paired
81,7,5,14,60,1,1,1,0.6146994829177856,0.6146994829177856,0.38530057668685913,0.6146994829177856,5,2,9,zero_shot_paired
81,8,5,16,60,1,1,1,0.5935319662094116,0.5935319662094116,0.406468003988266,0.5935319662094116,5,2,9,zero_shot_paired
81,0,5,3,60,1,0,0,0.6427426338195801,0.6427426338195801,0.6427426338195801,0.3572573959827423,5,2,9,post_calibration
81,1,5,5,60,1,1,1,0.6807973384857178,0.6807973384857178,0.31920263171195984,0.6807973384857178,5,2,9,post_calibration
81,2,5,7,60,1,1,1,0.7794175744056702,0.7794175744056702,0.22058239579200745,0.7794175744056702,5,2,9,post_calibration
81,3,5,8,60,1,1,1,0.8581418991088867,0.8581418991088867,0.14185813069343567,0.8581418991088867,5,2,9,post_calibration
81,4,5,10,60,0,0,1,0.5694823265075684,0.5694823265075684,0.5694823265075684,0.43051764369010925,5,2,9,post_calibration
81,5,5,11,60,1,1,1,0.8257302641868591,0.8257302641868591,0.17426970601081848,0.8257302641868591,5,2,9,post_calibration
81,6,5,12,60,1,1,1,0.7417704463005066,0.7417704463005066,0.258229523897171,0.7417704463005066,5,2,9,post_calibration
81,7,5,14,60,1,1,1,0.6383510231971741,0.6383510231971741,0.36164891719818115,0.6383510231971741,5,2,9,post_calibration
81,8,5,16,60,1,1,1,0.6077632308006287,0.6077632308006287,0.3922367990016937,0.6077632308006287,5,2,9,post_calibration
82,0,5,1,60,1,0,0,0.6037018895149231,0.6037018895149231,0.6037018895149231,0.3962981402873993,5,1,12,zero_shot_paired
82,1,5,2,60,1,0,0,0.770371675491333,0.770371675491333,0.770371675491333,0.229628324508667,5,1,12,zero_shot_paired
82,2,5,4,60,1,1,1,0.6751290559768677,0.6751290559768677,0.3248709440231323,0.6751290559768677,5,1,12,zero_shot_paired
82,3,5,5,60,1,1,1,0.6764712929725647,0.6764712929725647,0.3235286772251129,0.6764712929725647,5,1,12,zero_shot_paired
82,4,5,8,60,1,1,1,0.8249064087867737,0.8249064087867737,0.17509353160858154,0.8249064087867737,5,1,12,zero_shot_paired
82,5,5,17,60,1,0,0,0.515124499797821,0.515124499797821,0.515124499797821,0.48487553000450134,5,1,12,zero_shot_paired
82,0,5,1,60,1,0,0,0.5608634352684021,0.5608634352684021,0.5608634352684021,0.4391365647315979,5,1,12,post_calibration
82,1,5,2,60,1,0,0,0.7384451627731323,0.7384451627731323,0.7384451627731323,0.2615548372268677,5,1,12,post_calibration
82,2,5,4,60,1,1,1,0.6852242350578308,0.6852242350578308,0.3147757947444916,0.6852242350578308,5,1,12,post_calibration
82,3,5,5,60,1,1,1,0.6600697040557861,0.6600697040557861,0.33993032574653625,0.6600697040557861,5,1,12,post_calibration
82,4,5,8,60,1,1,1,0.8657028675079346,0.8657028675079346,0.13429708778858185,0.8657028675079346,5,1,12,post_calibration
82,5,5,17,60,1,0,0,0.5178166031837463,0.5178166031837463,0.5178166031837463,0.48218339681625366,5,1,12,post_calibration
83,0,5,1,60,1,0,0,0.6037018895149231,0.6037018895149231,0.6037018895149231,0.3962981402873993,5,2,12,zero_shot_paired
83,1,5,5,60,1,1,1,0.6764712929725647,0.6764712929725647,0.3235286772251129,0.6764712929725647,5,2,12,zero_shot_paired
83,2,5,7,60,1,1,1,0.770371675491333,0.770371675491333,0.229628324508667,0.770371675491333,5,2,12,zero_shot_paired
83,3,5,8,60,1,1,1,0.8249064087867737,0.8249064087867737,0.17509353160858154,0.8249064087867737,5,2,12,zero_shot_paired
83,4,5,9,60,1,1,1,0.5501278638839722,0.5501278638839722,0.4498721957206726,0.5501278638839722,5,2,12,zero_shot_paired
83,5,5,14,60,1,1,1,0.6146777272224426,0.6146777272224426,0.385322242975235,0.6146777272224426,5,2,12,zero_shot_paired
83,0,5,1,60,1,0,0,0.560312807559967,0.560312807559967,0.560312807559967,0.43968722224235535,5,2,12,post_calibration
83,1,5,5,60,1,1,1,0.6823951601982117,0.6823951601982117,0.31760480999946594,0.6823951601982117,5,2,12,post_calibration
83,2,5,7,60,1,1,1,0.8016411662101746,0.8016411662101746,0.19835880398750305,0.8016411662101746,5,2,12,post_calibration
83,3,5,8,60,1,1,1,0.8602389693260193,0.8602389693260193,0.1397610604763031,0.8602389693260193,5,2,12,post_calibration
83,4,5,9,60,1,1,1,0.6123531460762024,0.6123531460762024,0.3876468539237976,0.6123531460762024,5,2,12,post_calibration
83,5,5,14,60,1,1,1,0.638069212436676,0.638069212436676,0.36193081736564636,0.638069212436676,5,2,12,post_calibration
84,0,5,0,60,1,0,0,0.6789525747299194,0.6789525747299194,0.6789525747299194,0.32104742527008057,5,3,12,zero_shot_paired
84,1,5,1,60,1,0,0,0.6037018895149231,0.6037018895149231,0.6037018895149231,0.3962981402873993,5,3,12,zero_shot_paired
84,2,5,6,60,1,1,1,0.9258937835693359,0.9258937835693359,0.07410615682601929,0.9258937835693359,5,3,12,zero_shot_paired
84,3,5,9,60,1,1,1,0.5501278638839722,0.5501278638839722,0.4498721957206726,0.5501278638839722,5,3,12,zero_shot_paired
84,4,5,10,60,0,0,1,0.6073775291442871,0.6073775291442871,0.6073775291442871,0.3926224410533905,5,3,12,zero_shot_paired
84,5,5,16,60,1,1,1,0.5935430526733398,0.5935430526733398,0.40645697712898254,0.5935430526733398,5,3,12,zero_shot_paired
84,0,5,0,60,1,0,0,0.6554496884346008,0.6554496884346008,0.6554496884346008,0.3445502519607544,5,3,12,post_calibration
84,1,5,1,60,1,0,0,0.5856140851974487,0.5856140851974487,0.5856140851974487,0.4143858850002289,5,3,12,post_calibration
84,2,5,6,60,1,1,1,0.9415929317474365,0.9415929317474365,0.05840706452727318,0.9415929317474365,5,3,12,post_calibration
84,3,5,9,60,1,1,1,0.5602394938468933,0.5602394938468933,0.4397604763507843,0.5602394938468933,5,3,12,post_calibration
84,4,5,10,60,0,0,1,0.5706192255020142,0.5706192255020142,0.5706192255020142,0.42938074469566345,5,3,12,post_calibration
84,5,5,16,60,1,1,1,0.5960896611213684,0.5960896611213684,0.4039102792739868,0.5960896611213684,5,3,12,post_calibration
7,0,6,0,60,1,1,1,0.6859971284866333,0.6859971284866333,0.3140029013156891,0.6859971284866333,6,,,zero_shot_all_trials
7,1,6,1,60,1,0,0,0.5810282826423645,0.5810282826423645,0.5810282826423645,0.4189717173576355,6,,,zero_shot_all_trials
7,2,6,2,60,1,1,1,0.704878032207489,0.704878032207489,0.295121967792511,0.704878032207489,6,,,zero_shot_all_trials
7,3,6,3,60,1,0,0,0.7347519397735596,0.7347519397735596,0.7347519397735596,0.26524803042411804,6,,,zero_shot_all_trials
7,4,6,4,60,1,0,0,0.5168679356575012,0.5168679356575012,0.5168679356575012,0.4831320643424988,6,,,zero_shot_all_trials
7,5,6,5,60,1,1,1,0.6066150069236755,0.6066150069236755,0.39338502287864685,0.6066150069236755,6,,,zero_shot_all_trials
7,6,6,6,60,1,0,0,0.5720281004905701,0.5720281004905701,0.5720281004905701,0.42797186970710754,6,,,zero_shot_all_trials
7,7,6,7,60,1,1,1,0.8556599617004395,0.8556599617004395,0.14434003829956055,0.8556599617004395,6,,,zero_shot_all_trials
7,8,6,8,60,1,1,1,0.7175101041793823,0.7175101041793823,0.28248992562294006,0.7175101041793823,6,,,zero_shot_all_trials
7,9,6,9,60,1,1,1,0.8080021739006042,0.8080021739006042,0.19199788570404053,0.8080021739006042,6,,,zero_shot_all_trials
7,10,6,10,60,0,1,0,0.6112768054008484,0.6112768054008484,0.38872313499450684,0.6112768054008484,6,,,zero_shot_all_trials
7,11,6,11,60,0,1,0,0.6547861099243164,0.6547861099243164,0.345213919878006,0.6547861099243164,6,,,zero_shot_all_trials
7,12,6,12,60,1,1,1,0.8930531144142151,0.8930531144142151,0.10694681853055954,0.8930531144142151,6,,,zero_shot_all_trials
7,13,6,13,60,1,1,1,0.6893530488014221,0.6893530488014221,0.31064701080322266,0.6893530488014221,6,,,zero_shot_all_trials
7,14,6,14,60,1,1,1,0.7511707544326782,0.7511707544326782,0.24882924556732178,0.7511707544326782,6,,,zero_shot_all_trials
7,15,6,15,60,1,0,0,0.5477400422096252,0.5477400422096252,0.5477400422096252,0.45225998759269714,6,,,zero_shot_all_trials
7,16,6,16,60,1,0,0,0.519839346408844,0.519839346408844,0.519839346408844,0.4801606237888336,6,,,zero_shot_all_trials
7,17,6,17,60,1,1,1,0.5474413633346558,0.5474413633346558,0.45255860686302185,0.5474413633346558,6,,,zero_shot_all_trials
85,0,6,0,60,1,1,1,0.6860020756721497,0.6860020756721497,0.31399792432785034,0.6860020756721497,6,1,3,zero_shot_paired
85,1,6,1,60,1,0,0,0.5810356736183167,0.5810356736183167,0.5810356736183167,0.41896432638168335,6,1,3,zero_shot_paired
85,2,6,3,60,1,0,0,0.734753429889679,0.734753429889679,0.734753429889679,0.26524657011032104,6,1,3,zero_shot_paired
85,3,6,4,60,1,0,0,0.5168736577033997,0.5168736577033997,0.5168736577033997,0.4831264019012451,6,1,3,zero_shot_paired
85,4,6,5,60,1,1,1,0.6066113114356995,0.6066113114356995,0.39338865876197815,0.6066113114356995,6,1,3,zero_shot_paired
85,5,6,6,60,1,0,0,0.5720281004905701,0.5720281004905701,0.5720281004905701,0.42797186970710754,6,1,3,zero_shot_paired
85,6,6,7,60,1,1,1,0.8556609153747559,0.8556609153747559,0.14433909952640533,0.8556609153747559,6,1,3,zero_shot_paired
85,7,6,8,60,1,1,1,0.717507004737854,0.717507004737854,0.282492995262146,0.717507004737854,6,1,3,zero_shot_paired
85,8,6,9,60,1,1,1,0.8079997301101685,0.8079997301101685,0.19200024008750916,0.8079997301101685,6,1,3,zero_shot_paired
85,9,6,10,60,0,1,0,0.6112768054008484,0.6112768054008484,0.38872313499450684,0.6112768054008484,6,1,3,zero_shot_paired
85,10,6,13,60,1,1,1,0.6893530488014221,0.6893530488014221,0.31064701080322266,0.6893530488014221,6,1,3,zero_shot_paired
85,11,6,14,60,1,1,1,0.7511693239212036,0.7511693239212036,0.2488306760787964,0.7511693239212036,6,1,3,zero_shot_paired
85,12,6,15,60,1,0,0,0.5477362275123596,0.5477362275123596,0.5477362275123596,0.4522637724876404,6,1,3,zero_shot_paired
85,13,6,16,60,1,0,0,0.5198412537574768,0.5198412537574768,0.5198412537574768,0.4801587164402008,6,1,3,zero_shot_paired
85,14,6,17,60,1,1,1,0.5474413633346558,0.5474413633346558,0.45255860686302185,0.5474413633346558,6,1,3,zero_shot_paired
85,0,6,0,60,1,1,1,0.6841470003128052,0.6841470003128052,0.3158529996871948,0.6841470003128052,6,1,3,post_calibration
85,1,6,1,60,1,0,0,0.5935816764831543,0.5935816764831543,0.5935816764831543,0.4064183235168457,6,1,3,post_calibration
85,2,6,3,60,1,0,0,0.7153975963592529,0.7153975963592529,0.7153975963592529,0.28460243344306946,6,1,3,post_calibration
85,3,6,4,60,1,0,0,0.5560436248779297,0.5560436248779297,0.5560436248779297,0.4439563751220703,6,1,3,post_calibration
85,4,6,5,60,1,1,1,0.5858973264694214,0.5858973264694214,0.4141026735305786,0.5858973264694214,6,1,3,post_calibration
85,5,6,6,60,1,0,0,0.5926352739334106,0.5926352739334106,0.5926352739334106,0.40736472606658936,6,1,3,post_calibration
85,6,6,7,60,1,1,1,0.8526433706283569,0.8526433706283569,0.14735664427280426,0.8526433706283569,6,1,3,post_calibration
85,7,6,8,60,1,1,1,0.6946312785148621,0.6946312785148621,0.30536869168281555,0.6946312785148621,6,1,3,post_calibration
85,8,6,9,60,1,1,1,0.8064528703689575,0.8064528703689575,0.19354720413684845,0.8064528703689575,6,1,3,post_calibration
85,9,6,10,60,0,1,0,0.6074667572975159,0.6074667572975159,0.3925332725048065,0.6074667572975159,6,1,3,post_calibration
85,10,6,13,60,1,1,1,0.687125027179718,0.687125027179718,0.312874972820282,0.687125027179718,6,1,3,post_calibration
85,11,6,14,60,1,1,1,0.755422830581665,0.755422830581665,0.24457721412181854,0.755422830581665,6,1,3,post_calibration
85,12,6,15,60,1,0,0,0.5724277496337891,0.5724277496337891,0.5724277496337891,0.42757222056388855,6,1,3,post_calibration
85,13,6,16,60,1,0,0,0.5228950381278992,0.5228950381278992,0.5228950381278992,0.47710496187210083,6,1,3,post_calibration
85,14,6,17,60,1,1,1,0.500640869140625,0.500640869140625,0.4993591010570526,0.500640869140625,6,1,3,post_calibration
86,0,6,0,60,1,1,1,0.686000406742096,0.686000406742096,0.31399959325790405,0.686000406742096,6,2,3,zero_shot_paired
86,1,6,1,60,1,0,0,0.5810468196868896,0.5810468196868896,0.5810468196868896,0.41895321011543274,6,2,3,zero_shot_paired
86,2,6,2,60,1,1,1,0.7048748731613159,0.7048748731613159,0.29512515664100647,0.7048748731613159,6,2,3,zero_shot_paired
86,3,6,3,60,1,0,0,0.734753429889679,0.734753429889679,0.734753429889679,0.26524657011032104,6,2,3,zero_shot_paired
86,4,6,5,60,1,1,1,0.6066058278083801,0.6066058278083801,0.3933941125869751,0.6066058278083801,6,2,3,zero_shot_paired
86,5,6,6,60,1,0,0,0.5720281004905701,0.5720281004905701,0.5720281004905701,0.42797186970710754,6,2,3,zero_shot_paired
86,6,6,7,60,1,1,1,0.855659008026123,0.855659008026123,0.14434096217155457,0.855659008026123,6,2,3,zero_shot_paired
86,7,6,9,60,1,1,1,0.808003306388855,0.808003306388855,0.19199669361114502,0.808003306388855,6,2,3,zero_shot_paired
86,8,6,10,60,0,1,0,0.6112841367721558,0.6112841367721558,0.388715922832489,0.6112841367721558,6,2,3,zero_shot_paired
86,9,6,11,60,0,1,0,0.6547843813896179,0.6547843813896179,0.34521564841270447,0.6547843813896179,6,2,3,zero_shot_paired
86,10,6,12,60,1,1,1,0.8930531144142151,0.8930531144142151,0.10694681853055954,0.8930531144142151,6,2,3,zero_shot_paired
86,11,6,13,60,1,1,1,0.689354658126831,0.689354658126831,0.31064537167549133,0.689354658126831,6,2,3,zero_shot_paired
86,12,6,14,60,1,1,1,0.751167893409729,0.751167893409729,0.2488321214914322,0.751167893409729,6,2,3,zero_shot_paired
86,13,6,15,60,1,0,0,0.5477362275123596,0.5477362275123596,0.5477362275123596,0.4522637724876404,6,2,3,zero_shot_paired
86,14,6,17,60,1,1,1,0.5474395155906677,0.5474395155906677,0.4525604844093323,0.5474395155906677,6,2,3,zero_shot_paired
86,0,6,0,60,1,1,1,0.7285295724868774,0.7285295724868774,0.27147042751312256,0.7285295724868774,6,2,3,post_calibration
86,1,6,1,60,1,0,0,0.6014435887336731,0.6014435887336731,0.6014435887336731,0.3985564112663269,6,2,3,post_calibration
86,2,6,2,60,1,1,1,0.7249615788459778,0.7249615788459778,0.2750384509563446,0.7249615788459778,6,2,3,post_calibration
86,3,6,3,60,1,0,0,0.7167672514915466,0.7167672514915466,0.7167672514915466,0.28323277831077576,6,2,3,post_calibration
86,4,6,5,60,1,1,1,0.668922483921051,0.668922483921051,0.3310774862766266,0.668922483921051,6,2,3,post_calibration
86,5,6,6,60,1,1,1,0.5045564770698547,0.5045564770698547,0.4954434633255005,0.5045564770698547,6,2,3,post_calibration
86,6,6,7,60,1,1,1,0.8853228092193604,0.8853228092193604,0.11467723548412323,0.8853228092193604,6,2,3,post_calibration
86,7,6,9,60,1,1,1,0.8049203753471375,0.8049203753471375,0.19507963955402374,0.8049203753471375,6,2,3,post_calibration
86,8,6,10,60,0,1,0,0.5854900479316711,0.5854900479316711,0.41450995206832886,0.5854900479316711,6,2,3,post_calibration
86,9,6,11,60,0,1,0,0.6909974217414856,0.6909974217414856,0.30900251865386963,0.6909974217414856,6,2,3,post_calibration
86,10,6,12,60,1,1,1,0.9125884771347046,0.9125884771347046,0.08741156756877899,0.9125884771347046,6,2,3,post_calibration
86,11,6,13,60,1,1,1,0.6619586944580078,0.6619586944580078,0.3380412757396698,0.6619586944580078,6,2,3,post_calibration
86,12,6,14,60,1,1,1,0.7837312817573547,0.7837312817573547,0.21626877784729004,0.7837312817573547,6,2,3,post_calibration
86,13,6,15,60,1,0,0,0.5469064116477966,0.5469064116477966,0.5469064116477966,0.45309358835220337,6,2,3,post_calibration
86,14,6,17,60,1,1,1,0.609082818031311,0.609082818031311,0.39091721177101135,0.609082818031311,6,2,3,post_calibration
87,0,6,0,60,1,1,1,0.686000406742096,0.686000406742096,0.31399959325790405,0.686000406742096,6,3,3,zero_shot_paired
87,1,6,1,60,1,0,0,0.5810468196868896,0.5810468196868896,0.5810468196868896,0.41895321011543274,6,3,3,zero_shot_paired
87,2,6,2,60,1,1,1,0.7048748731613159,0.7048748731613159,0.29512515664100647,0.7048748731613159,6,3,3,zero_shot_paired
87,3,6,3,60,1,0,0,0.734753429889679,0.734753429889679,0.734753429889679,0.26524657011032104,6,3,3,zero_shot_paired
87,4,6,4,60,1,0,0,0.5168679356575012,0.5168679356575012,0.5168679356575012,0.4831320643424988,6,3,3,zero_shot_paired
87,5,6,5,60,1,1,1,0.6066058278083801,0.6066058278083801,0.3933941125869751,0.6066058278083801,6,3,3,zero_shot_paired
87,6,6,6,60,1,0,0,0.5720281004905701,0.5720281004905701,0.5720281004905701,0.42797186970710754,6,3,3,zero_shot_paired
87,7,6,7,60,1,1,1,0.855659008026123,0.855659008026123,0.14434096217155457,0.855659008026123,6,3,3,zero_shot_paired
87,8,6,8,60,1,1,1,0.717507004737854,0.717507004737854,0.282492995262146,0.717507004737854,6,3,3,zero_shot_paired
87,9,6,11,60,0,1,0,0.6547843813896179,0.6547843813896179,0.34521564841270447,0.6547843813896179,6,3,3,zero_shot_paired
87,10,6,12,60,1,1,1,0.8930531144142151,0.8930531144142151,0.10694681853055954,0.8930531144142151,6,3,3,zero_shot_paired
87,11,6,14,60,1,1,1,0.751167893409729,0.751167893409729,0.2488321214914322,0.751167893409729,6,3,3,zero_shot_paired
87,12,6,15,60,1,0,0,0.5477362275123596,0.5477362275123596,0.5477362275123596,0.4522637724876404,6,3,3,zero_shot_paired
87,13,6,16,60,1,0,0,0.5198488831520081,0.5198488831520081,0.5198488831520081,0.48015108704566956,6,3,3,zero_shot_paired
87,14,6,17,60,1,1,1,0.5474395155906677,0.5474395155906677,0.4525604844093323,0.5474395155906677,6,3,3,zero_shot_paired
87,0,6,0,60,1,1,1,0.6890735626220703,0.6890735626220703,0.3109264373779297,0.6890735626220703,6,3,3,post_calibration
87,1,6,1,60,1,0,0,0.592957615852356,0.592957615852356,0.592957615852356,0.4070424437522888,6,3,3,post_calibration
87,2,6,2,60,1,1,1,0.7024869918823242,0.7024869918823242,0.2975130081176758,0.7024869918823242,6,3,3,post_calibration
87,3,6,3,60,1,0,0,0.7300930023193359,0.7300930023193359,0.7300930023193359,0.26990702748298645,6,3,3,post_calibration
87,4,6,4,60,1,0,0,0.5094173550605774,0.5094173550605774,0.5094173550605774,0.4905826151371002,6,3,3,post_calibration
87,5,6,5,60,1,1,1,0.6185482740402222,0.6185482740402222,0.3814517855644226,0.6185482740402222,6,3,3,post_calibration
87,6,6,6,60,1,0,0,0.5897089838981628,0.5897089838981628,0.5897089838981628,0.41029104590415955,6,3,3,post_calibration
87,7,6,7,60,1,1,1,0.852918267250061,0.852918267250061,0.14708176255226135,0.852918267250061,6,3,3,post_calibration
87,8,6,8,60,1,1,1,0.6777373552322388,0.6777373552322388,0.32226261496543884,0.6777373552322388,6,3,3,post_calibration
87,9,6,11,60,0,1,0,0.6357932686805725,0.6357932686805725,0.3642067313194275,0.6357932686805725,6,3,3,post_calibration
87,10,6,12,60,1,1,1,0.8955848217010498,0.8955848217010498,0.10441523790359497,0.8955848217010498,6,3,3,post_calibration
87,11,6,14,60,1,1,1,0.7573599815368652,0.7573599815368652,0.24263997375965118,0.7573599815368652,6,3,3,post_calibration
87,12,6,15,60,1,0,0,0.5680676698684692,0.5680676698684692,0.5680676698684692,0.43193233013153076,6,3,3,post_calibration
87,13,6,16,60,1,0,0,0.5106242895126343,0.5106242895126343,0.5106242895126343,0.4893757700920105,6,3,3,post_calibration
87,14,6,17,60,1,1,1,0.5246192216873169,0.5246192216873169,0.4753808081150055,0.5246192216873169,6,3,3,post_calibration
88,0,6,0,60,1,1,1,0.686000406742096,0.686000406742096,0.31399959325790405,0.686000406742096,6,4,3,zero_shot_paired
88,1,6,1,60,1,0,0,0.5810468196868896,0.5810468196868896,0.5810468196868896,0.41895321011543274,6,4,3,zero_shot_paired
88,2,6,2,60,1,1,1,0.7048748731613159,0.7048748731613159,0.29512515664100647,0.7048748731613159,6,4,3,zero_shot_paired
88,3,6,4,60,1,0,0,0.5168679356575012,0.5168679356575012,0.5168679356575012,0.4831320643424988,6,4,3,zero_shot_paired
88,4,6,5,60,1,1,1,0.6066058278083801,0.6066058278083801,0.3933941125869751,0.6066058278083801,6,4,3,zero_shot_paired
88,5,6,6,60,1,0,0,0.5720281004905701,0.5720281004905701,0.5720281004905701,0.42797186970710754,6,4,3,zero_shot_paired
88,6,6,7,60,1,1,1,0.855659008026123,0.855659008026123,0.14434096217155457,0.855659008026123,6,4,3,zero_shot_paired
88,7,6,8,60,1,1,1,0.717507004737854,0.717507004737854,0.282492995262146,0.717507004737854,6,4,3,zero_shot_paired
88,8,6,9,60,1,1,1,0.808003306388855,0.808003306388855,0.19199669361114502,0.808003306388855,6,4,3,zero_shot_paired
88,9,6,10,60,0,1,0,0.6112841367721558,0.6112841367721558,0.388715922832489,0.6112841367721558,6,4,3,zero_shot_paired
88,10,6,11,60,0,1,0,0.6547843813896179,0.6547843813896179,0.34521564841270447,0.6547843813896179,6,4,3,zero_shot_paired
88,11,6,12,60,1,1,1,0.8930531144142151,0.8930531144142151,0.10694681853055954,0.8930531144142151,6,4,3,zero_shot_paired
88,12,6,13,60,1,1,1,0.689354658126831,0.689354658126831,0.31064537167549133,0.689354658126831,6,4,3,zero_shot_paired
88,13,6,14,60,1,1,1,0.751167893409729,0.751167893409729,0.2488321214914322,0.751167893409729,6,4,3,zero_shot_paired
88,14,6,16,60,1,0,0,0.5198488831520081,0.5198488831520081,0.5198488831520081,0.48015108704566956,6,4,3,zero_shot_paired
88,0,6,0,60,1,1,1,0.7088885307312012,0.7088885307312012,0.2911115288734436,0.7088885307312012,6,4,3,post_calibration
88,1,6,1,60,1,0,0,0.5630720257759094,0.5630720257759094,0.5630720257759094,0.4369279742240906,6,4,3,post_calibration
88,2,6,2,60,1,1,1,0.7202653288841248,0.7202653288841248,0.27973470091819763,0.7202653288841248,6,4,3,post_calibration
88,3,6,4,60,1,1,1,0.5281132459640503,0.5281132459640503,0.4718867540359497,0.5281132459640503,6,4,3,post_calibration
88,4,6,5,60,1,1,1,0.6577153205871582,0.6577153205871582,0.3422846496105194,0.6577153205871582,6,4,3,post_calibration
88,5,6,6,60,1,0,0,0.5207076668739319,0.5207076668739319,0.5207076668739319,0.4792923331260681,6,4,3,post_calibration
88,6,6,7,60,1,1,1,0.880368709564209,0.880368709564209,0.1196313425898552,0.880368709564209,6,4,3,post_calibration
88,7,6,8,60,1,1,1,0.744255781173706,0.744255781173706,0.2557442784309387,0.744255781173706,6,4,3,post_calibration
88,8,6,9,60,1,1,1,0.8169238567352295,0.8169238567352295,0.1830761581659317,0.8169238567352295,6,4,3,post_calibration
88,9,6,10,60,0,1,0,0.6313439607620239,0.6313439607620239,0.36865606904029846,0.6313439607620239,6,4,3,post_calibration
88,10,6,11,60,0,1,0,0.6728760004043579,0.6728760004043579,0.3271239399909973,0.6728760004043579,6,4,3,post_calibration
88,11,6,12,60,1,1,1,0.9018436670303345,0.9018436670303345,0.09815628826618195,0.9018436670303345,6,4,3,post_calibration
88,12,6,13,60,1,1,1,0.7051842212677002,0.7051842212677002,0.2948157787322998,0.7051842212677002,6,4,3,post_calibration
88,13,6,14,60,1,1,1,0.7852751016616821,0.7852751016616821,0.2147248536348343,0.7852751016616821,6,4,3,post_calibration
88,14,6,16,60,1,1,1,0.5017528533935547,0.5017528533935547,0.4982471764087677,0.5017528533935547,6,4,3,post_calibration
89,0,6,0,60,1,1,1,0.686000406742096,0.686000406742096,0.31399959325790405,0.686000406742096,6,5,3,zero_shot_paired
89,1,6,2,60,1,1,1,0.7048748731613159,0.7048748731613159,0.29512515664100647,0.7048748731613159,6,5,3,zero_shot_paired
89,2,6,3,60,1,0,0,0.734753429889679,0.734753429889679,0.734753429889679,0.26524657011032104,6,5,3,zero_shot_paired
89,3,6,4,60,1,0,0,0.5168679356575012,0.5168679356575012,0.5168679356575012,0.4831320643424988,6,5,3,zero_shot_paired
89,4,6,5,60,1,1,1,0.6066058278083801,0.6066058278083801,0.3933941125869751,0.6066058278083801,6,5,3,zero_shot_paired
89,5,6,8,60,1,1,1,0.717507004737854,0.717507004737854,0.282492995262146,0.717507004737854,6,5,3,zero_shot_paired
89,6,6,9,60,1,1,1,0.808003306388855,0.808003306388855,0.19199669361114502,0.808003306388855,6,5,3,zero_shot_paired
89,7,6,10,60,0,1,0,0.6112841367721558,0.6112841367721558,0.388715922832489,0.6112841367721558,6,5,3,zero_shot_paired
89,8,6,11,60,0,1,0,0.6547843813896179,0.6547843813896179,0.34521564841270447,0.6547843813896179,6,5,3,zero_shot_paired
89,9,6,12,60,1,1,1,0.8930531144142151,0.8930531144142151,0.10694681853055954,0.8930531144142151,6,5,3,zero_shot_paired
89,10,6,13,60,1,1,1,0.689354658126831,0.689354658126831,0.31064537167549133,0.689354658126831,6,5,3,zero_shot_paired
89,11,6,14,60,1,1,1,0.751167893409729,0.751167893409729,0.2488321214914322,0.751167893409729,6,5,3,zero_shot_paired
89,12,6,15,60,1,0,0,0.5477362275123596,0.5477362275123596,0.5477362275123596,0.4522637724876404,6,5,3,zero_shot_paired
89,13,6,16,60,1,0,0,0.5198488831520081,0.5198488831520081,0.5198488831520081,0.48015108704566956,6,5,3,zero_shot_paired
89,14,6,17,60,1,1,1,0.5474395155906677,0.5474395155906677,0.4525604844093323,0.5474395155906677,6,5,3,zero_shot_paired
89,0,6,0,60,1,1,1,0.6795675754547119,0.6795675754547119,0.3204324245452881,0.6795675754547119,6,5,3,post_calibration
89,1,6,2,60,1,1,1,0.7285476922988892,0.7285476922988892,0.27145230770111084,0.7285476922988892,6,5,3,post_calibration
89,2,6,3,60,1,0,0,0.7388928532600403,0.7388928532600403,0.7388928532600403,0.26110711693763733,6,5,3,post_calibration
89,3,6,4,60,1,0,0,0.5026397705078125,0.5026397705078125,0.5026397705078125,0.4973602592945099,6,5,3,post_calibration
89,4,6,5,60,1,1,1,0.6317221522331238,0.6317221522331238,0.368277907371521,0.6317221522331238,6,5,3,post_calibration
89,5,6,8,60,1,1,1,0.7387956976890564,0.7387956976890564,0.26120424270629883,0.7387956976890564,6,5,3,post_calibration
89,6,6,9,60,1,1,1,0.8378036022186279,0.8378036022186279,0.16219644248485565,0.8378036022186279,6,5,3,post_calibration
89,7,6,10,60,0,1,0,0.6414767503738403,0.6414767503738403,0.3585232198238373,0.6414767503738403,6,5,3,post_calibration
89,8,6,11,60,0,1,0,0.6714099645614624,0.6714099645614624,0.3285900056362152,0.6714099645614624,6,5,3,post_calibration
89,9,6,12,60,1,1,1,0.8972467184066772,0.8972467184066772,0.10275330394506454,0.8972467184066772,6,5,3,post_calibration
89,10,6,13,60,1,1,1,0.7194344401359558,0.7194344401359558,0.2805655598640442,0.7194344401359558,6,5,3,post_calibration
89,11,6,14,60,1,1,1,0.7567833065986633,0.7567833065986633,0.24321669340133667,0.7567833065986633,6,5,3,post_calibration
89,12,6,15,60,1,0,0,0.5207856893539429,0.5207856893539429,0.5207856893539429,0.47921425104141235,6,5,3,post_calibration
89,13,6,16,60,1,0,0,0.516584038734436,0.516584038734436,0.516584038734436,0.48341599106788635,6,5,3,post_calibration
89,14,6,17,60,1,1,1,0.5725491046905518,0.5725491046905518,0.42745086550712585,0.5725491046905518,6,5,3,post_calibration
90,0,6,1,60,1,0,0,0.5810468196868896,0.5810468196868896,0.5810468196868896,0.41895321011543274,6,6,3,zero_shot_paired
90,1,6,2,60,1,1,1,0.7048748731613159,0.7048748731613159,0.29512515664100647,0.7048748731613159,6,6,3,zero_shot_paired
90,2,6,3,60,1,0,0,0.734753429889679,0.734753429889679,0.734753429889679,0.26524657011032104,6,6,3,zero_shot_paired
90,3,6,4,60,1,0,0,0.5168679356575012,0.5168679356575012,0.5168679356575012,0.4831320643424988,6,6,3,zero_shot_paired
90,4,6,6,60,1,0,0,0.5720281004905701,0.5720281004905701,0.5720281004905701,0.42797186970710754,6,6,3,zero_shot_paired
90,5,6,7,60,1,1,1,0.855659008026123,0.855659008026123,0.14434096217155457,0.855659008026123,6,6,3,zero_shot_paired
90,6,6,8,60,1,1,1,0.717507004737854,0.717507004737854,0.282492995262146,0.717507004737854,6,6,3,zero_shot_paired
90,7,6,9,60,1,1,1,0.808003306388855,0.808003306388855,0.19199669361114502,0.808003306388855,6,6,3,zero_shot_paired
90,8,6,10,60,0,1,0,0.6112841367721558,0.6112841367721558,0.388715922832489,0.6112841367721558,6,6,3,zero_shot_paired
90,9,6,11,60,0,1,0,0.6547843813896179,0.6547843813896179,0.34521564841270447,0.6547843813896179,6,6,3,zero_shot_paired
90,10,6,12,60,1,1,1,0.8930531144142151,0.8930531144142151,0.10694681853055954,0.8930531144142151,6,6,3,zero_shot_paired
90,11,6,13,60,1,1,1,0.689354658126831,0.689354658126831,0.31064537167549133,0.689354658126831,6,6,3,zero_shot_paired
90,12,6,15,60,1,0,0,0.5477362275123596,0.5477362275123596,0.5477362275123596,0.4522637724876404,6,6,3,zero_shot_paired
90,13,6,16,60,1,0,0,0.5198488831520081,0.5198488831520081,0.5198488831520081,0.48015108704566956,6,6,3,zero_shot_paired
90,14,6,17,60,1,1,1,0.5474395155906677,0.5474395155906677,0.4525604844093323,0.5474395155906677,6,6,3,zero_shot_paired
90,0,6,1,60,1,0,0,0.5662021636962891,0.5662021636962891,0.5662021636962891,0.43379777669906616,6,6,3,post_calibration
90,1,6,2,60,1,1,1,0.7348441481590271,0.7348441481590271,0.2651558816432953,0.7348441481590271,6,6,3,post_calibration
90,2,6,3,60,1,0,0,0.700083315372467,0.700083315372467,0.700083315372467,0.29991674423217773,6,6,3,post_calibration
90,3,6,4,60,1,1,1,0.5489417910575867,0.5489417910575867,0.4510582387447357,0.5489417910575867,6,6,3,post_calibration
90,4,6,6,60,1,1,1,0.5014114379882812,0.5014114379882812,0.49858859181404114,0.5014114379882812,6,6,3,post_calibration
90,5,6,7,60,1,1,1,0.8649525046348572,0.8649525046348572,0.13504751026630402,0.8649525046348572,6,6,3,post_calibration
90,6,6,8,60,1,1,1,0.7125011086463928,0.7125011086463928,0.28749892115592957,0.7125011086463928,6,6,3,post_calibration
90,7,6,9,60,1,1,1,0.8193146586418152,0.8193146586418152,0.18068532645702362,0.8193146586418152,6,6,3,post_calibration
90,8,6,10,60,0,1,0,0.5779718160629272,0.5779718160629272,0.42202818393707275,0.5779718160629272,6,6,3,post_calibration
90,9,6,11,60,0,1,0,0.6933383345603943,0.6933383345603943,0.3066616654396057,0.6933383345603943,6,6,3,post_calibration
90,10,6,12,60,1,1,1,0.9133087992668152,0.9133087992668152,0.08669125288724899,0.9133087992668152,6,6,3,post_calibration
90,11,6,13,60,1,1,1,0.6624673008918762,0.6624673008918762,0.3375326991081238,0.6624673008918762,6,6,3,post_calibration
90,12,6,15,60,1,0,0,0.5451589822769165,0.5451589822769165,0.5451589822769165,0.4548410177230835,6,6,3,post_calibration
90,13,6,16,60,1,1,1,0.5423785448074341,0.5423785448074341,0.4576214551925659,0.5423785448074341,6,6,3,post_calibration
90,14,6,17,60,1,1,1,0.5990105867385864,0.5990105867385864,0.40098944306373596,0.5990105867385864,6,6,3,post_calibration
91,0,6,0,60,1,1,1,0.686000406742096,0.686000406742096,0.31399959325790405,0.686000406742096,6,1,6,zero_shot_paired
91,1,6,1,60,1,0,0,0.5810468196868896,0.5810468196868896,0.5810468196868896,0.41895321011543274,6,1,6,zero_shot_paired
91,2,6,2,60,1,1,1,0.7048748731613159,0.7048748731613159,0.29512515664100647,0.7048748731613159,6,1,6,zero_shot_paired
91,3,6,3,60,1,0,0,0.734753429889679,0.734753429889679,0.734753429889679,0.26524657011032104,6,1,6,zero_shot_paired
91,4,6,4,60,1,0,0,0.5168679356575012,0.5168679356575012,0.5168679356575012,0.4831320643424988,6,1,6,zero_shot_paired
91,5,6,7,60,1,1,1,0.855659008026123,0.855659008026123,0.14434096217155457,0.855659008026123,6,1,6,zero_shot_paired
91,6,6,9,60,1,1,1,0.808003306388855,0.808003306388855,0.19199669361114502,0.808003306388855,6,1,6,zero_shot_paired
91,7,6,10,60,0,1,0,0.6112841367721558,0.6112841367721558,0.388715922832489,0.6112841367721558,6,1,6,zero_shot_paired
91,8,6,11,60,0,1,0,0.6547843813896179,0.6547843813896179,0.34521564841270447,0.6547843813896179,6,1,6,zero_shot_paired
91,9,6,13,60,1,1,1,0.689354658126831,0.689354658126831,0.31064537167549133,0.689354658126831,6,1,6,zero_shot_paired
91,10,6,14,60,1,1,1,0.751167893409729,0.751167893409729,0.2488321214914322,0.751167893409729,6,1,6,zero_shot_paired
91,11,6,16,60,1,0,0,0.5198488831520081,0.5198488831520081,0.5198488831520081,0.48015108704566956,6,1,6,zero_shot_paired
91,0,6,0,60,1,1,1,0.6869331002235413,0.6869331002235413,0.31306689977645874,0.6869331002235413,6,1,6,post_calibration
91,1,6,1,60,1,0,0,0.526285707950592,0.526285707950592,0.526285707950592,0.47371432185173035,6,1,6,post_calibration
91,2,6,2,60,1,1,1,0.746712327003479,0.746712327003479,0.25328773260116577,0.746712327003479,6,1,6,post_calibration
91,3,6,3,60,1,0,0,0.754720151424408,0.754720151424408,0.754720151424408,0.24527987837791443,6,1,6,post_calibration
91,4,6,4,60,1,1,1,0.5545081496238708,0.5545081496238708,0.44549182057380676,0.5545081496238708,6,1,6,post_calibration
91,5,6,7,60,1,1,1,0.880406379699707,0.880406379699707,0.11959357559680939,0.880406379699707,6,1,6,post_calibration
91,6,6,9,60,1,1,1,0.8249858021736145,0.8249858021736145,0.1750142127275467,0.8249858021736145,6,1,6,post_calibration
91,7,6,10,60,0,1,0,0.6409168243408203,0.6409168243408203,0.3590831756591797,0.6409168243408203,6,1,6,post_calibration
91,8,6,11,60,0,1,0,0.7281537055969238,0.7281537055969238,0.27184629440307617,0.7281537055969238,6,1,6,post_calibration
91,9,6,13,60,1,1,1,0.7051477432250977,0.7051477432250977,0.29485222697257996,0.7051477432250977,6,1,6,post_calibration
91,10,6,14,60,1,1,1,0.7720838785171509,0.7720838785171509,0.22791607677936554,0.7720838785171509,6,1,6,post_calibration
91,11,6,16,60,1,1,1,0.5051572918891907,0.5051572918891907,0.4948427081108093,0.5051572918891907,6,1,6,post_calibration
92,0,6,0,60,1,1,1,0.686000406742096,0.686000406742096,0.31399959325790405,0.686000406742096,6,2,6,zero_shot_paired
92,1,6,3,60,1,0,0,0.734753429889679,0.734753429889679,0.734753429889679,0.26524657011032104,6,2,6,zero_shot_paired
92,2,6,5,60,1,1,1,0.6066058278083801,0.6066058278083801,0.3933941125869751,0.6066058278083801,6,2,6,zero_shot_paired
92,3,6,6,60,1,0,0,0.5720281004905701,0.5720281004905701,0.5720281004905701,0.42797186970710754,6,2,6,zero_shot_paired
92,4,6,8,60,1,1,1,0.717507004737854,0.717507004737854,0.282492995262146,0.717507004737854,6,2,6,zero_shot_paired
92,5,6,10,60,0,1,0,0.6112841367721558,0.6112841367721558,0.388715922832489,0.6112841367721558,6,2,6,zero_shot_paired
92,6,6,12,60,1,1,1,0.8930531144142151,0.8930531144142151,0.10694681853055954,0.8930531144142151,6,2,6,zero_shot_paired
92,7,6,13,60,1,1,1,0.689354658126831,0.689354658126831,0.31064537167549133,0.689354658126831,6,2,6,zero_shot_paired
92,8,6,14,60,1,1,1,0.751167893409729,0.751167893409729,0.2488321214914322,0.751167893409729,6,2,6,zero_shot_paired
92,9,6,15,60,1,0,0,0.5477362275123596,0.5477362275123596,0.5477362275123596,0.4522637724876404,6,2,6,zero_shot_paired
92,10,6,16,60,1,0,0,0.5198488831520081,0.5198488831520081,0.5198488831520081,0.48015108704566956,6,2,6,zero_shot_paired
92,11,6,17,60,1,1,1,0.5474395155906677,0.5474395155906677,0.4525604844093323,0.5474395155906677,6,2,6,zero_shot_paired
92,0,6,0,60,1,1,1,0.6929033994674683,0.6929033994674683,0.30709657073020935,0.6929033994674683,6,2,6,post_calibration
92,1,6,3,60,1,0,0,0.713489294052124,0.713489294052124,0.713489294052124,0.2865106761455536,6,2,6,post_calibration
92,2,6,5,60,1,1,1,0.6338193416595459,0.6338193416595459,0.3661805987358093,0.6338193416595459,6,2,6,post_calibration
92,3,6,6,60,1,0,0,0.5477513670921326,0.5477513670921326,0.5477513670921326,0.45224863290786743,6,2,6,post_calibration
92,4,6,8,60,1,1,1,0.7318289279937744,0.7318289279937744,0.268171101808548,0.7318289279937744,6,2,6,post_calibration
92,5,6,10,60,0,1,0,0.6292816996574402,0.6292816996574402,0.3707182705402374,0.6292816996574402,6,2,6,post_calibration
92,6,6,12,60,1,1,1,0.8991552591323853,0.8991552591323853,0.10084471106529236,0.8991552591323853,6,2,6,post_calibration
92,7,6,13,60,1,1,1,0.7128915786743164,0.7128915786743164,0.2871083915233612,0.7128915786743164,6,2,6,post_calibration
92,8,6,14,60,1,1,1,0.7668765783309937,0.7668765783309937,0.23312342166900635,0.7668765783309937,6,2,6,post_calibration
92,9,6,15,60,1,0,0,0.5287728905677795,0.5287728905677795,0.5287728905677795,0.4712270498275757,6,2,6,post_calibration
92,10,6,16,60,1,0,0,0.5237229466438293,0.5237229466438293,0.5237229466438293,0.47627705335617065,6,2,6,post_calibration
92,11,6,17,60,1,1,1,0.5404501557350159,0.5404501557350159,0.45954981446266174,0.5404501557350159,6,2,6,post_calibration
93,0,6,1,60,1,0,0,0.5810468196868896,0.5810468196868896,0.5810468196868896,0.41895321011543274,6,3,6,zero_shot_paired
93,1,6,2,60,1,1,1,0.7048748731613159,0.7048748731613159,0.29512515664100647,0.7048748731613159,6,3,6,zero_shot_paired
93,2,6,4,60,1,0,0,0.5168679356575012,0.5168679356575012,0.5168679356575012,0.4831320643424988,6,3,6,zero_shot_paired
93,3,6,5,60,1,1,1,0.6066058278083801,0.6066058278083801,0.3933941125869751,0.6066058278083801,6,3,6,zero_shot_paired
93,4,6,6,60,1,0,0,0.5720281004905701,0.5720281004905701,0.5720281004905701,0.42797186970710754,6,3,6,zero_shot_paired
93,5,6,7,60,1,1,1,0.855659008026123,0.855659008026123,0.14434096217155457,0.855659008026123,6,3,6,zero_shot_paired
93,6,6,8,60,1,1,1,0.717507004737854,0.717507004737854,0.282492995262146,0.717507004737854,6,3,6,zero_shot_paired
93,7,6,9,60,1,1,1,0.808003306388855,0.808003306388855,0.19199669361114502,0.808003306388855,6,3,6,zero_shot_paired
93,8,6,11,60,0,1,0,0.6547843813896179,0.6547843813896179,0.34521564841270447,0.6547843813896179,6,3,6,zero_shot_paired
93,9,6,12,60,1,1,1,0.8930531144142151,0.8930531144142151,0.10694681853055954,0.8930531144142151,6,3,6,zero_shot_paired
93,10,6,15,60,1,0,0,0.5477362275123596,0.5477362275123596,0.5477362275123596,0.4522637724876404,6,3,6,zero_shot_paired
93,11,6,17,60,1,1,1,0.5474395155906677,0.5474395155906677,0.4525604844093323,0.5474395155906677,6,3,6,zero_shot_paired
93,0,6,1,60,1,0,0,0.6238979697227478,0.6238979697227478,0.6238979697227478,0.3761020302772522,6,3,6,post_calibration
93,1,6,2,60,1,1,1,0.7081888914108276,0.7081888914108276,0.2918110489845276,0.7081888914108276,6,3,6,post_calibration
93,2,6,4,60,1,1,1,0.5319388508796692,0.5319388508796692,0.4680611491203308,0.5319388508796692,6,3,6,post_calibration
93,3,6,5,60,1,1,1,0.6540320515632629,0.6540320515632629,0.34596794843673706,0.6540320515632629,6,3,6,post_calibration
93,4,6,6,60,1,0,0,0.5504431128501892,0.5504431128501892,0.5504431128501892,0.4495568871498108,6,3,6,post_calibration
93,5,6,7,60,1,1,1,0.8750014305114746,0.8750014305114746,0.12499861419200897,0.8750014305114746,6,3,6,post_calibration
93,6,6,8,60,1,1,1,0.6798217296600342,0.6798217296600342,0.3201782703399658,0.6798217296600342,6,3,6,post_calibration
93,7,6,9,60,1,1,1,0.7992110848426819,0.7992110848426819,0.2007889598608017,0.7992110848426819,6,3,6,post_calibration
93,8,6,11,60,0,1,0,0.6468350291252136,0.6468350291252136,0.3531649708747864,0.6468350291252136,6,3,6,post_calibration
93,9,6,12,60,1,1,1,0.9064702391624451,0.9064702391624451,0.09352978318929672,0.9064702391624451,6,3,6,post_calibration
93,10,6,15,60,1,0,0,0.5728534460067749,0.5728534460067749,0.5728534460067749,0.4271465241909027,6,3,6,post_calibration
93,11,6,17,60,1,1,1,0.5256313681602478,0.5256313681602478,0.4743686616420746,0.5256313681602478,6,3,6,post_calibration
94,0,6,0,60,1,1,1,0.6859954595565796,0.6859954595565796,0.3140045404434204,0.6859954595565796,6,1,9,zero_shot_paired
94,1,6,1,60,1,0,0,0.5810412764549255,0.5810412764549255,0.5810412764549255,0.41895875334739685,6,1,9,zero_shot_paired
94,2,6,2,60,1,1,1,0.7048843502998352,0.7048843502998352,0.2951156198978424,0.7048843502998352,6,1,9,zero_shot_paired
94,3,6,6,60,1,0,0,0.5720281004905701,0.5720281004905701,0.5720281004905701,0.42797186970710754,6,1,9,zero_shot_paired
94,4,6,8,60,1,1,1,0.717507004737854,0.717507004737854,0.282492995262146,0.717507004737854,6,1,9,zero_shot_paired
94,5,6,9,60,1,1,1,0.808003306388855,0.808003306388855,0.19199669361114502,0.808003306388855,6,1,9,zero_shot_paired
94,6,6,11,60,0,1,0,0.6547843813896179,0.6547843813896179,0.34521564841270447,0.6547843813896179,6,1,9,zero_shot_paired
94,7,6,15,60,1,0,0,0.5477229952812195,0.5477229952812195,0.5477229952812195,0.45227694511413574,6,1,9,zero_shot_paired
94,8,6,17,60,1,1,1,0.5474376082420349,0.5474376082420349,0.4525623917579651,0.5474376082420349,6,1,9,zero_shot_paired
94,0,6,0,60,1,1,1,0.7515285015106201,0.7515285015106201,0.24847149848937988,0.7515285015106201,6,1,9,post_calibration
94,1,6,1,60,1,0,0,0.6088629961013794,0.6088629961013794,0.6088629961013794,0.3911370038986206,6,1,9,post_calibration
94,2,6,2,60,1,1,1,0.7225300669670105,0.7225300669670105,0.2774699032306671,0.7225300669670105,6,1,9,post_calibration
94,3,6,6,60,1,1,1,0.5006828904151917,0.5006828904151917,0.4993171691894531,0.5006828904151917,6,1,9,post_calibration
94,4,6,8,60,1,1,1,0.6932767033576965,0.6932767033576965,0.30672332644462585,0.6932767033576965,6,1,9,post_calibration
94,5,6,9,60,1,1,1,0.8073135018348694,0.8073135018348694,0.19268646836280823,0.8073135018348694,6,1,9,post_calibration
94,6,6,11,60,0,1,0,0.6706420183181763,0.6706420183181763,0.3293580114841461,0.6706420183181763,6,1,9,post_calibration
94,7,6,15,60,1,0,0,0.5682211518287659,0.5682211518287659,0.5682211518287659,0.43177884817123413,6,1,9,post_calibration
94,8,6,17,60,1,1,1,0.5768120884895325,0.5768120884895325,0.4231879711151123,0.5768120884895325,6,1,9,post_calibration
95,0,6,3,60,1,0,0,0.734753429889679,0.734753429889679,0.734753429889679,0.26524657011032104,6,2,9,zero_shot_paired
95,1,6,4,60,1,0,0,0.516862154006958,0.516862154006958,0.516862154006958,0.4831377863883972,6,2,9,zero_shot_paired
95,2,6,5,60,1,1,1,0.6066040396690369,0.6066040396690369,0.39339593052864075,0.6066040396690369,6,2,9,zero_shot_paired
95,3,6,7,60,1,1,1,0.8556580543518066,0.8556580543518066,0.14434191584587097,0.8556580543518066,6,2,9,zero_shot_paired
95,4,6,10,60,0,1,0,0.6112877130508423,0.6112877130508423,0.3887122869491577,0.6112877130508423,6,2,9,zero_shot_paired
95,5,6,12,60,1,1,1,0.8930553197860718,0.8930553197860718,0.10694463551044464,0.8930553197860718,6,2,9,zero_shot_paired
95,6,6,13,60,1,1,1,0.6893481016159058,0.6893481016159058,0.31065189838409424,0.6893481016159058,6,2,9,zero_shot_paired
95,7,6,14,60,1,1,1,0.7511693239212036,0.7511693239212036,0.2488306760787964,0.7511693239212036,6,2,9,zero_shot_paired
95,8,6,16,60,1,0,0,0.5198469758033752,0.5198469758033752,0.5198469758033752,0.48015302419662476,6,2,9,zero_shot_paired
95,0,6,3,60,1,0,0,0.7436016798019409,0.7436016798019409,0.7436016798019409,0.2563982605934143,6,2,9,post_calibration
95,1,6,4,60,1,1,1,0.5112743377685547,0.5112743377685547,0.4887256622314453,0.5112743377685547,6,2,9,post_calibration
95,2,6,5,60,1,1,1,0.6572067737579346,0.6572067737579346,0.34279319643974304,0.6572067737579346,6,2,9,post_calibration
95,3,6,7,60,1,1,1,0.8744018077850342,0.8744018077850342,0.12559813261032104,0.8744018077850342,6,2,9,post_calibration
95,4,6,10,60,0,1,0,0.6600251197814941,0.6600251197814941,0.3399748206138611,0.6600251197814941,6,2,9,post_calibration
95,5,6,12,60,1,1,1,0.9037657380104065,0.9037657380104065,0.09623430669307709,0.9037657380104065,6,2,9,post_calibration
95,6,6,13,60,1,1,1,0.7322778701782227,0.7322778701782227,0.26772215962409973,0.7322778701782227,6,2,9,post_calibration
95,7,6,14,60,1,1,1,0.7650123238563538,0.7650123238563538,0.23498767614364624,0.7650123238563538,6,2,9,post_calibration
95,8,6,16,60,1,0,0,0.5231691002845764,0.5231691002845764,0.5231691002845764,0.4768308997154236,6,2,9,post_calibration
96,0,6,1,60,1,0,0,0.5809502601623535,0.5809502601623535,0.5809502601623535,0.4190497398376465,6,1,12,zero_shot_paired
96,1,6,4,60,1,0,0,0.5169879198074341,0.5169879198074341,0.5169879198074341,0.48301205039024353,6,1,12,zero_shot_paired
96,2,6,9,60,1,1,1,0.8080222010612488,0.8080222010612488,0.19197775423526764,0.8080222010612488,6,1,12,zero_shot_paired
96,3,6,10,60,0,1,0,0.6113511323928833,0.6113511323928833,0.3886488378047943,0.6113511323928833,6,1,12,zero_shot_paired
96,4,6,12,60,1,1,1,0.8930618762969971,0.8930618762969971,0.10693807154893875,0.8930618762969971,6,1,12,zero_shot_paired
96,5,6,16,60,1,0,0,0.5197498798370361,0.5197498798370361,0.5197498798370361,0.48025012016296387,6,1,12,zero_shot_paired
96,0,6,1,60,1,0,0,0.566142201423645,0.566142201423645,0.566142201423645,0.4338577687740326,6,1,12,post_calibration
96,1,6,4,60,1,1,1,0.5342651605606079,0.5342651605606079,0.4657348692417145,0.5342651605606079,6,1,12,post_calibration
96,2,6,9,60,1,1,1,0.8224332928657532,0.8224332928657532,0.17756672203540802,0.8224332928657532,6,1,12,post_calibration
96,3,6,10,60,0,1,0,0.6236902475357056,0.6236902475357056,0.37630972266197205,0.6236902475357056,6,1,12,post_calibration
96,4,6,12,60,1,1,1,0.9037238359451294,0.9037238359451294,0.09627611935138702,0.9037238359451294,6,1,12,post_calibration
96,5,6,16,60,1,1,1,0.5184280872344971,0.5184280872344971,0.48157188296318054,0.5184280872344971,6,1,12,post_calibration
97,0,6,0,60,1,1,1,0.6858574151992798,0.6858574151992798,0.3141425848007202,0.6858574151992798,6,2,12,zero_shot_paired
97,1,6,3,60,1,0,0,0.7347326278686523,0.7347326278686523,0.7347326278686523,0.26526737213134766,6,2,12,zero_shot_paired
97,2,6,8,60,1,1,1,0.7175441384315491,0.7175441384315491,0.2824558913707733,0.7175441384315491,6,2,12,zero_shot_paired
97,3,6,11,60,0,1,0,0.6548619866371155,0.6548619866371155,0.3451380431652069,0.6548619866371155,6,2,12,zero_shot_paired
97,4,6,12,60,1,1,1,0.8930618762969971,0.8930618762969971,0.10693807154893875,0.8930618762969971,6,2,12,zero_shot_paired
97,5,6,15,60,1,0,0,0.5478212833404541,0.5478212833404541,0.5478212833404541,0.4521786868572235,6,2,12,zero_shot_paired
97,0,6,0,60,1,1,1,0.6985431909561157,0.6985431909561157,0.30145683884620667,0.6985431909561157,6,2,12,post_calibration
97,1,6,3,60,1,0,0,0.7237246036529541,0.7237246036529541,0.7237246036529541,0.2762754261493683,6,2,12,post_calibration
97,2,6,8,60,1,1,1,0.7350447773933411,0.7350447773933411,0.26495522260665894,0.7350447773933411,6,2,12,post_calibration
97,3,6,11,60,0,1,0,0.707985520362854,0.707985520362854,0.2920145094394684,0.707985520362854,6,2,12,post_calibration
97,4,6,12,60,1,1,1,0.9145498871803284,0.9145498871803284,0.08545015752315521,0.9145498871803284,6,2,12,post_calibration
97,5,6,15,60,1,0,0,0.5342442393302917,0.5342442393302917,0.5342442393302917,0.46575573086738586,6,2,12,post_calibration
98,0,6,4,60,1,0,0,0.5169879198074341,0.5169879198074341,0.5169879198074341,0.48301205039024353,6,3,12,zero_shot_paired
98,1,6,5,60,1,1,1,0.606722354888916,0.606722354888916,0.393277645111084,0.606722354888916,6,3,12,zero_shot_paired
98,2,6,9,60,1,1,1,0.8080222010612488,0.8080222010612488,0.19197775423526764,0.8080222010612488,6,3,12,zero_shot_paired
98,3,6,11,60,0,1,0,0.6548619866371155,0.6548619866371155,0.3451380431652069,0.6548619866371155,6,3,12,zero_shot_paired
98,4,6,15,60,1,0,0,0.5478212833404541,0.5478212833404541,0.5478212833404541,0.4521786868572235,6,3,12,zero_shot_paired
98,5,6,16,60,1,0,0,0.5197498798370361,0.5197498798370361,0.5197498798370361,0.48025012016296387,6,3,12,zero_shot_paired
98,0,6,4,60,1,1,1,0.5528038144111633,0.5528038144111633,0.44719621539115906,0.5528038144111633,6,3,12,post_calibration
98,1,6,5,60,1,1,1,0.6708475351333618,0.6708475351333618,0.3291524648666382,0.6708475351333618,6,3,12,post_calibration
98,2,6,9,60,1,1,1,0.8274199962615967,0.8274199962615967,0.17258000373840332,0.8274199962615967,6,3,12,post_calibration
98,3,6,11,60,0,1,0,0.6901611685752869,0.6901611685752869,0.3098388612270355,0.6901611685752869,6,3,12,post_calibration
98,4,6,15,60,1,0,0,0.5182604193687439,0.5182604193687439,0.5182604193687439,0.48173952102661133,6,3,12,post_calibration
98,5,6,16,60,1,1,1,0.5255686044692993,0.5255686044692993,0.47443142533302307,0.5255686044692993,6,3,12,post_calibration
8,0,7,0,60,0,1,0,0.7374507784843445,0.7374507784843445,0.2625492513179779,0.7374507784843445,7,,,zero_shot_all_trials
8,1,7,1,60,1,1,1,0.5161533951759338,0.5161533951759338,0.4838465750217438,0.5161533951759338,7,,,zero_shot_all_trials
8,2,7,2,60,1,1,1,0.6366214752197266,0.6366214752197266,0.3633785545825958,0.6366214752197266,7,,,zero_shot_all_trials
8,3,7,3,60,1,1,1,0.6038497090339661,0.6038497090339661,0.39615029096603394,0.6038497090339661,7,,,zero_shot_all_trials
8,4,7,4,60,0,1,0,0.5975638628005981,0.5975638628005981,0.40243613719940186,0.5975638628005981,7,,,zero_shot_all_trials
8,5,7,5,60,1,1,1,0.7909923195838928,0.7909923195838928,0.20900766551494598,0.7909923195838928,7,,,zero_shot_all_trials
8,6,7,6,60,0,0,1,0.6951133012771606,0.6951133012771606,0.6951133012771606,0.3048866391181946,7,,,zero_shot_all_trials
8,7,7,7,60,1,1,1,0.5276835560798645,0.5276835560798645,0.4723164439201355,0.5276835560798645,7,,,zero_shot_all_trials
8,8,7,8,60,1,1,1,0.7079902291297913,0.7079902291297913,0.29200977087020874,0.7079902291297913,7,,,zero_shot_all_trials
8,9,7,9,60,1,1,1,0.5695010423660278,0.5695010423660278,0.43049898743629456,0.5695010423660278,7,,,zero_shot_all_trials
8,10,7,10,60,0,1,0,0.6051538586616516,0.6051538586616516,0.3948460817337036,0.6051538586616516,7,,,zero_shot_all_trials
8,11,7,11,60,0,1,0,0.5134340524673462,0.5134340524673462,0.4865659773349762,0.5134340524673462,7,,,zero_shot_all_trials
8,12,7,12,60,1,0,0,0.772263765335083,0.772263765335083,0.772263765335083,0.227736234664917,7,,,zero_shot_all_trials
8,13,7,13,60,0,1,0,0.5714415311813354,0.5714415311813354,0.42855846881866455,0.5714415311813354,7,,,zero_shot_all_trials
8,14,7,14,60,1,0,0,0.6685489416122437,0.6685489416122437,0.6685489416122437,0.33145102858543396,7,,,zero_shot_all_trials
8,15,7,15,60,1,0,0,0.7965695858001709,0.7965695858001709,0.7965695858001709,0.20343045890331268,7,,,zero_shot_all_trials
8,16,7,16,60,1,1,1,0.8005848526954651,0.8005848526954651,0.1994151771068573,0.8005848526954651,7,,,zero_shot_all_trials
8,17,7,17,60,1,1,1,0.5967268943786621,0.5967268943786621,0.4032730758190155,0.5967268943786621,7,,,zero_shot_all_trials
99,0,7,0,60,0,1,0,0.7374492883682251,0.7374492883682251,0.2625507116317749,0.7374492883682251,7,1,3,zero_shot_paired
99,1,7,1,60,1,1,1,0.5161533951759338,0.5161533951759338,0.4838465750217438,0.5161533951759338,7,1,3,zero_shot_paired
99,2,7,2,60,1,1,1,0.6366108059883118,0.6366108059883118,0.36338913440704346,0.6366108059883118,7,1,3,zero_shot_paired
99,3,7,3,60,1,1,1,0.6038497090339661,0.6038497090339661,0.39615029096603394,0.6038497090339661,7,1,3,zero_shot_paired
99,4,7,5,60,1,1,1,0.7909935712814331,0.7909935712814331,0.2090063840150833,0.7909935712814331,7,1,3,zero_shot_paired
99,5,7,6,60,0,0,1,0.6951133012771606,0.6951133012771606,0.6951133012771606,0.3048866391181946,7,1,3,zero_shot_paired
99,6,7,7,60,1,1,1,0.5276873111724854,0.5276873111724854,0.47231265902519226,0.5276873111724854,7,1,3,zero_shot_paired
99,7,7,8,60,1,1,1,0.7079917788505554,0.7079917788505554,0.2920081913471222,0.7079917788505554,7,1,3,zero_shot_paired
99,8,7,9,60,1,1,1,0.5694953799247742,0.5694953799247742,0.43050456047058105,0.5694953799247742,7,1,3,zero_shot_paired
99,9,7,10,60,0,1,0,0.6051520705223083,0.6051520705223083,0.39484792947769165,0.6051520705223083,7,1,3,zero_shot_paired
99,10,7,11,60,0,1,0,0.5134264230728149,0.5134264230728149,0.48657357692718506,0.5134264230728149,7,1,3,zero_shot_paired
99,11,7,12,60,1,0,0,0.772262454032898,0.772262454032898,0.772262454032898,0.22773759067058563,7,1,3,zero_shot_paired
99,12,7,13,60,0,1,0,0.5714378356933594,0.5714378356933594,0.428562194108963,0.5714378356933594,7,1,3,zero_shot_paired
99,13,7,14,60,1,0,0,0.6685507297515869,0.6685507297515869,0.6685507297515869,0.33144932985305786,7,1,3,zero_shot_paired
99,14,7,16,60,1,1,1,0.8005836009979248,0.8005836009979248,0.1994163691997528,0.8005836009979248,7,1,3,zero_shot_paired
99,0,7,0,60,0,1,0,0.7242018580436707,0.7242018580436707,0.2757982015609741,0.7242018580436707,7,1,3,post_calibration
99,1,7,1,60,1,1,1,0.5440293550491333,0.5440293550491333,0.4559706449508667,0.5440293550491333,7,1,3,post_calibration
99,2,7,2,60,1,1,1,0.6356536149978638,0.6356536149978638,0.36434632539749146,0.6356536149978638,7,1,3,post_calibration
99,3,7,3,60,1,1,1,0.6034736633300781,0.6034736633300781,0.3965263366699219,0.6034736633300781,7,1,3,post_calibration
99,4,7,5,60,1,1,1,0.7709407210350037,0.7709407210350037,0.22905927896499634,0.7709407210350037,7,1,3,post_calibration
99,5,7,6,60,0,0,1,0.6559010148048401,0.6559010148048401,0.6559010148048401,0.3440989851951599,7,1,3,post_calibration
99,6,7,7,60,1,1,1,0.530650794506073,0.530650794506073,0.4693492352962494,0.530650794506073,7,1,3,post_calibration
99,7,7,8,60,1,1,1,0.6960809826850891,0.6960809826850891,0.3039189875125885,0.6960809826850891,7,1,3,post_calibration
99,8,7,9,60,1,1,1,0.564799964427948,0.564799964427948,0.435200035572052,0.564799964427948,7,1,3,post_calibration
99,9,7,10,60,0,1,0,0.6040760278701782,0.6040760278701782,0.39592400193214417,0.6040760278701782,7,1,3,post_calibration
99,10,7,11,60,0,1,0,0.5281265377998352,0.5281265377998352,0.4718734323978424,0.5281265377998352,7,1,3,post_calibration
99,11,7,12,60,1,0,0,0.7578755617141724,0.7578755617141724,0.7578755617141724,0.24212443828582764,7,1,3,post_calibration
99,12,7,13,60,0,1,0,0.5724146962165833,0.5724146962165833,0.42758527398109436,0.5724146962165833,7,1,3,post_calibration
99,13,7,14,60,1,0,0,0.6483376622200012,0.6483376622200012,0.6483376622200012,0.35166236758232117,7,1,3,post_calibration
99,14,7,16,60,1,1,1,0.7932336330413818,0.7932336330413818,0.20676639676094055,0.7932336330413818,7,1,3,post_calibration
100,0,7,0,60,0,1,0,0.7374536991119385,0.7374536991119385,0.2625463008880615,0.7374536991119385,7,2,3,zero_shot_paired
100,1,7,1,60,1,1,1,0.5161533951759338,0.5161533951759338,0.4838465750217438,0.5161533951759338,7,2,3,zero_shot_paired
100,2,7,2,60,1,1,1,0.6366196870803833,0.6366196870803833,0.3633803427219391,0.6366196870803833,7,2,3,zero_shot_paired
100,3,7,4,60,0,1,0,0.5975455045700073,0.5975455045700073,0.4024544954299927,0.5975455045700073,7,2,3,zero_shot_paired
100,4,7,5,60,1,1,1,0.7909923195838928,0.7909923195838928,0.20900766551494598,0.7909923195838928,7,2,3,zero_shot_paired
100,5,7,6,60,0,0,1,0.6951084733009338,0.6951084733009338,0.6951084733009338,0.3048914968967438,7,2,3,zero_shot_paired
100,6,7,7,60,1,1,1,0.5276740193367004,0.5276740193367004,0.47232598066329956,0.5276740193367004,7,2,3,zero_shot_paired
100,7,7,8,60,1,1,1,0.707985520362854,0.707985520362854,0.2920145094394684,0.707985520362854,7,2,3,zero_shot_paired
100,8,7,9,60,1,1,1,0.5694973468780518,0.5694973468780518,0.430502712726593,0.5694973468780518,7,2,3,zero_shot_paired
100,9,7,10,60,0,1,0,0.6051594018936157,0.6051594018936157,0.39484065771102905,0.6051594018936157,7,2,3,zero_shot_paired
100,10,7,11,60,0,1,0,0.513435959815979,0.513435959815979,0.4865640699863434,0.513435959815979,7,2,3,zero_shot_paired
100,11,7,12,60,1,0,0,0.7722663879394531,0.7722663879394531,0.7722663879394531,0.2277335673570633,7,2,3,zero_shot_paired
100,12,7,14,60,1,0,0,0.6685438752174377,0.6685438752174377,0.6685438752174377,0.3314560651779175,7,2,3,zero_shot_paired
100,13,7,15,60,1,0,0,0.7965707778930664,0.7965707778930664,0.7965707778930664,0.2034292221069336,7,2,3,zero_shot_paired
100,14,7,17,60,1,1,1,0.5967360734939575,0.5967360734939575,0.4032638669013977,0.5967360734939575,7,2,3,zero_shot_paired
100,0,7,0,60,0,1,0,0.7505798935890198,0.7505798935890198,0.24942010641098022,0.7505798935890198,7,2,3,post_calibration
100,1,7,1,60,1,1,1,0.5237743258476257,0.5237743258476257,0.47622567415237427,0.5237743258476257,7,2,3,post_calibration
100,2,7,2,60,1,1,1,0.6600559949874878,0.6600559949874878,0.3399440050125122,0.6600559949874878,7,2,3,post_calibration
100,3,7,4,60,0,1,0,0.6161043643951416,0.6161043643951416,0.3838956952095032,0.6161043643951416,7,2,3,post_calibration
100,4,7,5,60,1,1,1,0.796005129814148,0.796005129814148,0.20399479568004608,0.796005129814148,7,2,3,post_calibration
100,5,7,6,60,0,0,1,0.6959857940673828,0.6959857940673828,0.6959857940673828,0.3040142357349396,7,2,3,post_calibration
100,6,7,7,60,1,1,1,0.5242405533790588,0.5242405533790588,0.47575947642326355,0.5242405533790588,7,2,3,post_calibration
100,7,7,8,60,1,1,1,0.7099720239639282,0.7099720239639282,0.2900279462337494,0.7099720239639282,7,2,3,post_calibration
100,8,7,9,60,1,1,1,0.5522491931915283,0.5522491931915283,0.4477508068084717,0.5522491931915283,7,2,3,post_calibration
100,9,7,10,60,0,1,0,0.6071555614471436,0.6071555614471436,0.39284443855285645,0.6071555614471436,7,2,3,post_calibration
100,10,7,11,60,0,0,1,0.5199288725852966,0.5199288725852966,0.5199288725852966,0.48007112741470337,7,2,3,post_calibration
100,11,7,12,60,1,0,0,0.7606825828552246,0.7606825828552246,0.7606825828552246,0.239317387342453,7,2,3,post_calibration
100,12,7,14,60,1,0,0,0.6864176392555237,0.6864176392555237,0.6864176392555237,0.31358233094215393,7,2,3,post_calibration
100,13,7,15,60,1,0,0,0.7976294755935669,0.7976294755935669,0.7976294755935669,0.2023705244064331,7,2,3,post_calibration
100,14,7,17,60,1,1,1,0.5949411392211914,0.5949411392211914,0.40505892038345337,0.5949411392211914,7,2,3,post_calibration
101,0,7,0,60,0,1,0,0.7374536991119385,0.7374536991119385,0.2625463008880615,0.7374536991119385,7,3,3,zero_shot_paired
101,1,7,1,60,1,1,1,0.5161533951759338,0.5161533951759338,0.4838465750217438,0.5161533951759338,7,3,3,zero_shot_paired
101,2,7,3,60,1,1,1,0.6038442254066467,0.6038442254066467,0.39615577459335327,0.6038442254066467,7,3,3,zero_shot_paired
101,3,7,4,60,0,1,0,0.5975455045700073,0.5975455045700073,0.4024544954299927,0.5975455045700073,7,3,3,zero_shot_paired
101,4,7,5,60,1,1,1,0.7909923195838928,0.7909923195838928,0.20900766551494598,0.7909923195838928,7,3,3,zero_shot_paired
101,5,7,7,60,1,1,1,0.5276740193367004,0.5276740193367004,0.47232598066329956,0.5276740193367004,7,3,3,zero_shot_paired
101,6,7,8,60,1,1,1,0.707985520362854,0.707985520362854,0.2920145094394684,0.707985520362854,7,3,3,zero_shot_paired
101,7,7,10,60,0,1,0,0.6051594018936157,0.6051594018936157,0.39484065771102905,0.6051594018936157,7,3,3,zero_shot_paired
101,8,7,11,60,0,1,0,0.513435959815979,0.513435959815979,0.4865640699863434,0.513435959815979,7,3,3,zero_shot_paired
101,9,7,12,60,1,0,0,0.7722663879394531,0.7722663879394531,0.7722663879394531,0.2277335673570633,7,3,3,zero_shot_paired
101,10,7,13,60,0,1,0,0.5714340806007385,0.5714340806007385,0.42856594920158386,0.5714340806007385,7,3,3,zero_shot_paired
101,11,7,14,60,1,0,0,0.6685438752174377,0.6685438752174377,0.6685438752174377,0.3314560651779175,7,3,3,zero_shot_paired
101,12,7,15,60,1,0,0,0.7965707778930664,0.7965707778930664,0.7965707778930664,0.2034292221069336,7,3,3,zero_shot_paired
101,13,7,16,60,1,1,1,0.8005836009979248,0.8005836009979248,0.1994163691997528,0.8005836009979248,7,3,3,zero_shot_paired
101,14,7,17,60,1,1,1,0.5967360734939575,0.5967360734939575,0.4032638669013977,0.5967360734939575,7,3,3,zero_shot_paired
101,0,7,0,60,0,1,0,0.7442122101783752,0.7442122101783752,0.25578781962394714,0.7442122101783752,7,3,3,post_calibration
101,1,7,1,60,1,0,0,0.5076192617416382,0.5076192617416382,0.5076192617416382,0.4923807382583618,7,3,3,post_calibration
101,2,7,3,60,1,1,1,0.6099761724472046,0.6099761724472046,0.390023797750473,0.6099761724472046,7,3,3,post_calibration
101,3,7,4,60,0,1,0,0.6401351094245911,0.6401351094245911,0.35986486077308655,0.6401351094245911,7,3,3,post_calibration
101,4,7,5,60,1,1,1,0.7926862835884094,0.7926862835884094,0.20731376111507416,0.7926862835884094,7,3,3,post_calibration
101,5,7,7,60,1,1,1,0.5202963948249817,0.5202963948249817,0.4797036051750183,0.5202963948249817,7,3,3,post_calibration
101,6,7,8,60,1,1,1,0.702721357345581,0.702721357345581,0.29727861285209656,0.702721357345581,7,3,3,post_calibration
101,7,7,10,60,0,1,0,0.6101068258285522,0.6101068258285522,0.389893114566803,0.6101068258285522,7,3,3,post_calibration
101,8,7,11,60,0,1,0,0.5198431611061096,0.5198431611061096,0.480156809091568,0.5198431611061096,7,3,3,post_calibration
101,9,7,12,60,1,0,0,0.7711763978004456,0.7711763978004456,0.7711763978004456,0.22882360219955444,7,3,3,post_calibration
101,10,7,13,60,0,1,0,0.5780407190322876,0.5780407190322876,0.4219593107700348,0.5780407190322876,7,3,3,post_calibration
101,11,7,14,60,1,0,0,0.6932345032691956,0.6932345032691956,0.6932345032691956,0.30676549673080444,7,3,3,post_calibration
101,12,7,15,60,1,0,0,0.8084928393363953,0.8084928393363953,0.8084928393363953,0.19150717556476593,7,3,3,post_calibration
101,13,7,16,60,1,1,1,0.8145431280136108,0.8145431280136108,0.18545688688755035,0.8145431280136108,7,3,3,post_calibration
101,14,7,17,60,1,1,1,0.6068407297134399,0.6068407297134399,0.39315930008888245,0.6068407297134399,7,3,3,post_calibration
102,0,7,1,60,1,1,1,0.5161533951759338,0.5161533951759338,0.4838465750217438,0.5161533951759338,7,4,3,zero_shot_paired
102,1,7,2,60,1,1,1,0.6366196870803833,0.6366196870803833,0.3633803427219391,0.6366196870803833,7,4,3,zero_shot_paired
102,2,7,3,60,1,1,1,0.6038442254066467,0.6038442254066467,0.39615577459335327,0.6038442254066467,7,4,3,zero_shot_paired
102,3,7,4,60,0,1,0,0.5975455045700073,0.5975455045700073,0.4024544954299927,0.5975455045700073,7,4,3,zero_shot_paired
102,4,7,5,60,1,1,1,0.7909923195838928,0.7909923195838928,0.20900766551494598,0.7909923195838928,7,4,3,zero_shot_paired
102,5,7,6,60,0,0,1,0.6951084733009338,0.6951084733009338,0.6951084733009338,0.3048914968967438,7,4,3,zero_shot_paired
102,6,7,8,60,1,1,1,0.707985520362854,0.707985520362854,0.2920145094394684,0.707985520362854,7,4,3,zero_shot_paired
102,7,7,9,60,1,1,1,0.5694973468780518,0.5694973468780518,0.430502712726593,0.5694973468780518,7,4,3,zero_shot_paired
102,8,7,10,60,0,1,0,0.6051594018936157,0.6051594018936157,0.39484065771102905,0.6051594018936157,7,4,3,zero_shot_paired
102,9,7,11,60,0,1,0,0.513435959815979,0.513435959815979,0.4865640699863434,0.513435959815979,7,4,3,zero_shot_paired
102,10,7,12,60,1,0,0,0.7722663879394531,0.7722663879394531,0.7722663879394531,0.2277335673570633,7,4,3,zero_shot_paired
102,11,7,13,60,0,1,0,0.5714340806007385,0.5714340806007385,0.42856594920158386,0.5714340806007385,7,4,3,zero_shot_paired
102,12,7,15,60,1,0,0,0.7965707778930664,0.7965707778930664,0.7965707778930664,0.2034292221069336,7,4,3,zero_shot_paired
102,13,7,16,60,1,1,1,0.8005836009979248,0.8005836009979248,0.1994163691997528,0.8005836009979248,7,4,3,zero_shot_paired
102,14,7,17,60,1,1,1,0.5967360734939575,0.5967360734939575,0.4032638669013977,0.5967360734939575,7,4,3,zero_shot_paired
102,0,7,1,60,1,1,1,0.5122541785240173,0.5122541785240173,0.48774585127830505,0.5122541785240173,7,4,3,post_calibration
102,1,7,2,60,1,1,1,0.6106221675872803,0.6106221675872803,0.3893778324127197,0.6106221675872803,7,4,3,post_calibration
102,2,7,3,60,1,1,1,0.5897421836853027,0.5897421836853027,0.41025781631469727,0.5897421836853027,7,4,3,post_calibration
102,3,7,4,60,0,1,0,0.5725210905075073,0.5725210905075073,0.4274788498878479,0.5725210905075073,7,4,3,post_calibration
102,4,7,5,60,1,1,1,0.7742435336112976,0.7742435336112976,0.2257564812898636,0.7742435336112976,7,4,3,post_calibration
102,5,7,6,60,0,0,1,0.6895620822906494,0.6895620822906494,0.6895620822906494,0.3104378879070282,7,4,3,post_calibration
102,6,7,8,60,1,1,1,0.7197269797325134,0.7197269797325134,0.28027305006980896,0.7197269797325134,7,4,3,post_calibration
102,7,7,9,60,1,1,1,0.5671838521957397,0.5671838521957397,0.43281611800193787,0.5671838521957397,7,4,3,post_calibration
102,8,7,10,60,0,1,0,0.5796049237251282,0.5796049237251282,0.4203950762748718,0.5796049237251282,7,4,3,post_calibration
102,9,7,11,60,0,1,0,0.5279021859169006,0.5279021859169006,0.47209781408309937,0.5279021859169006,7,4,3,post_calibration
102,10,7,12,60,1,0,0,0.7904583215713501,0.7904583215713501,0.7904583215713501,0.2095416933298111,7,4,3,post_calibration
102,11,7,13,60,0,1,0,0.5842656493186951,0.5842656493186951,0.4157343804836273,0.5842656493186951,7,4,3,post_calibration
102,12,7,15,60,1,0,0,0.784186065196991,0.784186065196991,0.784186065196991,0.21581393480300903,7,4,3,post_calibration
102,13,7,16,60,1,1,1,0.7980109453201294,0.7980109453201294,0.20198900997638702,0.7980109453201294,7,4,3,post_calibration
102,14,7,17,60,1,1,1,0.5948399305343628,0.5948399305343628,0.40516000986099243,0.5948399305343628,7,4,3,post_calibration
103,0,7,0,60,0,1,0,0.7374536991119385,0.7374536991119385,0.2625463008880615,0.7374536991119385,7,5,3,zero_shot_paired
103,1,7,1,60,1,1,1,0.5161533951759338,0.5161533951759338,0.4838465750217438,0.5161533951759338,7,5,3,zero_shot_paired
103,2,7,2,60,1,1,1,0.6366196870803833,0.6366196870803833,0.3633803427219391,0.6366196870803833,7,5,3,zero_shot_paired
103,3,7,3,60,1,1,1,0.6038442254066467,0.6038442254066467,0.39615577459335327,0.6038442254066467,7,5,3,zero_shot_paired
103,4,7,4,60,0,1,0,0.5975455045700073,0.5975455045700073,0.4024544954299927,0.5975455045700073,7,5,3,zero_shot_paired
103,5,7,6,60,0,0,1,0.6951084733009338,0.6951084733009338,0.6951084733009338,0.3048914968967438,7,5,3,zero_shot_paired
103,6,7,7,60,1,1,1,0.5276740193367004,0.5276740193367004,0.47232598066329956,0.5276740193367004,7,5,3,zero_shot_paired
103,7,7,8,60,1,1,1,0.707985520362854,0.707985520362854,0.2920145094394684,0.707985520362854,7,5,3,zero_shot_paired
103,8,7,9,60,1,1,1,0.5694973468780518,0.5694973468780518,0.430502712726593,0.5694973468780518,7,5,3,zero_shot_paired
103,9,7,11,60,0,1,0,0.513435959815979,0.513435959815979,0.4865640699863434,0.513435959815979,7,5,3,zero_shot_paired
103,10,7,13,60,0,1,0,0.5714340806007385,0.5714340806007385,0.42856594920158386,0.5714340806007385,7,5,3,zero_shot_paired
103,11,7,14,60,1,0,0,0.6685438752174377,0.6685438752174377,0.6685438752174377,0.3314560651779175,7,5,3,zero_shot_paired
103,12,7,15,60,1,0,0,0.7965707778930664,0.7965707778930664,0.7965707778930664,0.2034292221069336,7,5,3,zero_shot_paired
103,13,7,16,60,1,1,1,0.8005836009979248,0.8005836009979248,0.1994163691997528,0.8005836009979248,7,5,3,zero_shot_paired
103,14,7,17,60,1,1,1,0.5967360734939575,0.5967360734939575,0.4032638669013977,0.5967360734939575,7,5,3,zero_shot_paired
103,0,7,0,60,0,1,0,0.7236071228981018,0.7236071228981018,0.2763928472995758,0.7236071228981018,7,5,3,post_calibration
103,1,7,1,60,1,1,1,0.5138304829597473,0.5138304829597473,0.4861695170402527,0.5138304829597473,7,5,3,post_calibration
103,2,7,2,60,1,1,1,0.6402071714401245,0.6402071714401245,0.3597928583621979,0.6402071714401245,7,5,3,post_calibration
103,3,7,3,60,1,1,1,0.604099690914154,0.604099690914154,0.39590027928352356,0.604099690914154,7,5,3,post_calibration
103,4,7,4,60,0,1,0,0.5960529446601868,0.5960529446601868,0.40394705533981323,0.5960529446601868,7,5,3,post_calibration
103,5,7,6,60,0,0,1,0.67650306224823,0.67650306224823,0.67650306224823,0.3234969675540924,7,5,3,post_calibration
103,6,7,7,60,1,0,0,0.5019130110740662,0.5019130110740662,0.5019130110740662,0.49808692932128906,7,5,3,post_calibration
103,7,7,8,60,1,1,1,0.6883587837219238,0.6883587837219238,0.31164121627807617,0.6883587837219238,7,5,3,post_calibration
103,8,7,9,60,1,1,1,0.5795547366142273,0.5795547366142273,0.4204452633857727,0.5795547366142273,7,5,3,post_calibration
103,9,7,11,60,0,1,0,0.516288697719574,0.516288697719574,0.48371127247810364,0.516288697719574,7,5,3,post_calibration
103,10,7,13,60,0,1,0,0.5646743178367615,0.5646743178367615,0.4353256821632385,0.5646743178367615,7,5,3,post_calibration
103,11,7,14,60,1,0,0,0.6976379156112671,0.6976379156112671,0.6976379156112671,0.3023621141910553,7,5,3,post_calibration
103,12,7,15,60,1,0,0,0.7866663336753845,0.7866663336753845,0.7866663336753845,0.21333365142345428,7,5,3,post_calibration
103,13,7,16,60,1,1,1,0.8138332962989807,0.8138332962989807,0.18616671860218048,0.8138332962989807,7,5,3,post_calibration
103,14,7,17,60,1,1,1,0.5946394801139832,0.5946394801139832,0.40536046028137207,0.5946394801139832,7,5,3,post_calibration
104,0,7,0,60,0,1,0,0.7374536991119385,0.7374536991119385,0.2625463008880615,0.7374536991119385,7,6,3,zero_shot_paired
104,1,7,2,60,1,1,1,0.6366196870803833,0.6366196870803833,0.3633803427219391,0.6366196870803833,7,6,3,zero_shot_paired
104,2,7,3,60,1,1,1,0.6038442254066467,0.6038442254066467,0.39615577459335327,0.6038442254066467,7,6,3,zero_shot_paired
104,3,7,4,60,0,1,0,0.5975455045700073,0.5975455045700073,0.4024544954299927,0.5975455045700073,7,6,3,zero_shot_paired
104,4,7,5,60,1,1,1,0.7909923195838928,0.7909923195838928,0.20900766551494598,0.7909923195838928,7,6,3,zero_shot_paired
104,5,7,6,60,0,0,1,0.6951084733009338,0.6951084733009338,0.6951084733009338,0.3048914968967438,7,6,3,zero_shot_paired
104,6,7,7,60,1,1,1,0.5276740193367004,0.5276740193367004,0.47232598066329956,0.5276740193367004,7,6,3,zero_shot_paired
104,7,7,9,60,1,1,1,0.5694973468780518,0.5694973468780518,0.430502712726593,0.5694973468780518,7,6,3,zero_shot_paired
104,8,7,10,60,0,1,0,0.6051594018936157,0.6051594018936157,0.39484065771102905,0.6051594018936157,7,6,3,zero_shot_paired
104,9,7,12,60,1,0,0,0.7722663879394531,0.7722663879394531,0.7722663879394531,0.2277335673570633,7,6,3,zero_shot_paired
104,10,7,13,60,0,1,0,0.5714340806007385,0.5714340806007385,0.42856594920158386,0.5714340806007385,7,6,3,zero_shot_paired
104,11,7,14,60,1,0,0,0.6685438752174377,0.6685438752174377,0.6685438752174377,0.3314560651779175,7,6,3,zero_shot_paired
104,12,7,15,60,1,0,0,0.7965707778930664,0.7965707778930664,0.7965707778930664,0.2034292221069336,7,6,3,zero_shot_paired
104,13,7,16,60,1,1,1,0.8005836009979248,0.8005836009979248,0.1994163691997528,0.8005836009979248,7,6,3,zero_shot_paired
104,14,7,17,60,1,1,1,0.5967360734939575,0.5967360734939575,0.4032638669013977,0.5967360734939575,7,6,3,zero_shot_paired
104,0,7,0,60,0,1,0,0.744228184223175,0.744228184223175,0.25577184557914734,0.744228184223175,7,6,3,post_calibration
104,1,7,2,60,1,1,1,0.6476955413818359,0.6476955413818359,0.35230448842048645,0.6476955413818359,7,6,3,post_calibration
104,2,7,3,60,1,1,1,0.6258294582366943,0.6258294582366943,0.37417057156562805,0.6258294582366943,7,6,3,post_calibration
104,3,7,4,60,0,1,0,0.5933129191398621,0.5933129191398621,0.40668708086013794,0.5933129191398621,7,6,3,post_calibration
104,4,7,5,60,1,1,1,0.7940495610237122,0.7940495610237122,0.20595045387744904,0.7940495610237122,7,6,3,post_calibration
104,5,7,6,60,0,0,1,0.698623538017273,0.698623538017273,0.698623538017273,0.30137649178504944,7,6,3,post_calibration
104,6,7,7,60,1,1,1,0.5216177701950073,0.5216177701950073,0.47838225960731506,0.5216177701950073,7,6,3,post_calibration
104,7,7,9,60,1,1,1,0.5495783090591431,0.5495783090591431,0.45042169094085693,0.5495783090591431,7,6,3,post_calibration
104,8,7,10,60,0,1,0,0.6105006337165833,0.6105006337165833,0.38949936628341675,0.6105006337165833,7,6,3,post_calibration
104,9,7,12,60,1,0,0,0.7755051851272583,0.7755051851272583,0.7755051851272583,0.2244947999715805,7,6,3,post_calibration
104,10,7,13,60,0,1,0,0.5403308272361755,0.5403308272361755,0.45966920256614685,0.5403308272361755,7,6,3,post_calibration
104,11,7,14,60,1,0,0,0.6697127819061279,0.6697127819061279,0.6697127819061279,0.33028721809387207,7,6,3,post_calibration
104,12,7,15,60,1,0,0,0.8004496097564697,0.8004496097564697,0.8004496097564697,0.19955040514469147,7,6,3,post_calibration
104,13,7,16,60,1,1,1,0.7855387330055237,0.7855387330055237,0.21446125209331512,0.7855387330055237,7,6,3,post_calibration
104,14,7,17,60,1,1,1,0.5809093713760376,0.5809093713760376,0.4190906286239624,0.5809093713760376,7,6,3,post_calibration
105,0,7,0,60,0,1,0,0.7374536991119385,0.7374536991119385,0.2625463008880615,0.7374536991119385,7,1,6,zero_shot_paired
105,1,7,1,60,1,1,1,0.5161533951759338,0.5161533951759338,0.4838465750217438,0.5161533951759338,7,1,6,zero_shot_paired
105,2,7,2,60,1,1,1,0.6366196870803833,0.6366196870803833,0.3633803427219391,0.6366196870803833,7,1,6,zero_shot_paired
105,3,7,3,60,1,1,1,0.6038442254066467,0.6038442254066467,0.39615577459335327,0.6038442254066467,7,1,6,zero_shot_paired
105,4,7,4,60,0,1,0,0.5975455045700073,0.5975455045700073,0.4024544954299927,0.5975455045700073,7,1,6,zero_shot_paired
105,5,7,5,60,1,1,1,0.7909923195838928,0.7909923195838928,0.20900766551494598,0.7909923195838928,7,1,6,zero_shot_paired
105,6,7,7,60,1,1,1,0.5276740193367004,0.5276740193367004,0.47232598066329956,0.5276740193367004,7,1,6,zero_shot_paired
105,7,7,9,60,1,1,1,0.5694973468780518,0.5694973468780518,0.430502712726593,0.5694973468780518,7,1,6,zero_shot_paired
105,8,7,10,60,0,1,0,0.6051594018936157,0.6051594018936157,0.39484065771102905,0.6051594018936157,7,1,6,zero_shot_paired
105,9,7,13,60,0,1,0,0.5714340806007385,0.5714340806007385,0.42856594920158386,0.5714340806007385,7,1,6,zero_shot_paired
105,10,7,15,60,1,0,0,0.7965707778930664,0.7965707778930664,0.7965707778930664,0.2034292221069336,7,1,6,zero_shot_paired
105,11,7,17,60,1,1,1,0.5967360734939575,0.5967360734939575,0.4032638669013977,0.5967360734939575,7,1,6,zero_shot_paired
105,0,7,0,60,0,1,0,0.7498135566711426,0.7498135566711426,0.2501864433288574,0.7498135566711426,7,1,6,post_calibration
105,1,7,1,60,1,1,1,0.5411587357521057,0.5411587357521057,0.4588412046432495,0.5411587357521057,7,1,6,post_calibration
105,2,7,2,60,1,1,1,0.6553653478622437,0.6553653478622437,0.34463468194007874,0.6553653478622437,7,1,6,post_calibration
105,3,7,3,60,1,1,1,0.6394617557525635,0.6394617557525635,0.3605382740497589,0.6394617557525635,7,1,6,post_calibration
105,4,7,4,60,0,1,0,0.6013210415840149,0.6013210415840149,0.3986789286136627,0.6013210415840149,7,1,6,post_calibration
105,5,7,5,60,1,1,1,0.7936562299728394,0.7936562299728394,0.20634374022483826,0.7936562299728394,7,1,6,post_calibration
105,6,7,7,60,1,1,1,0.5812028050422668,0.5812028050422668,0.41879716515541077,0.5812028050422668,7,1,6,post_calibration
105,7,7,9,60,1,1,1,0.563389241695404,0.563389241695404,0.43661078810691833,0.563389241695404,7,1,6,post_calibration
105,8,7,10,60,0,1,0,0.6078869104385376,0.6078869104385376,0.3921131193637848,0.6078869104385376,7,1,6,post_calibration
105,9,7,13,60,0,1,0,0.5806734561920166,0.5806734561920166,0.4193265438079834,0.5806734561920166,7,1,6,post_calibration
105,10,7,15,60,1,0,0,0.7822157144546509,0.7822157144546509,0.7822157144546509,0.21778427064418793,7,1,6,post_calibration
105,11,7,17,60,1,1,1,0.5932208299636841,0.5932208299636841,0.40677914023399353,0.5932208299636841,7,1,6,post_calibration
106,0,7,0,60,0,1,0,0.7374536991119385,0.7374536991119385,0.2625463008880615,0.7374536991119385,7,2,6,zero_shot_paired
106,1,7,2,60,1,1,1,0.6366196870803833,0.6366196870803833,0.3633803427219391,0.6366196870803833,7,2,6,zero_shot_paired
106,2,7,3,60,1,1,1,0.6038442254066467,0.6038442254066467,0.39615577459335327,0.6038442254066467,7,2,6,zero_shot_paired
106,3,7,6,60,0,0,1,0.6951084733009338,0.6951084733009338,0.6951084733009338,0.3048914968967438,7,2,6,zero_shot_paired
106,4,7,7,60,1,1,1,0.5276740193367004,0.5276740193367004,0.47232598066329956,0.5276740193367004,7,2,6,zero_shot_paired
106,5,7,8,60,1,1,1,0.707985520362854,0.707985520362854,0.2920145094394684,0.707985520362854,7,2,6,zero_shot_paired
106,6,7,10,60,0,1,0,0.6051594018936157,0.6051594018936157,0.39484065771102905,0.6051594018936157,7,2,6,zero_shot_paired
106,7,7,11,60,0,1,0,0.513435959815979,0.513435959815979,0.4865640699863434,0.513435959815979,7,2,6,zero_shot_paired
106,8,7,12,60,1,0,0,0.7722663879394531,0.7722663879394531,0.7722663879394531,0.2277335673570633,7,2,6,zero_shot_paired
106,9,7,14,60,1,0,0,0.6685438752174377,0.6685438752174377,0.6685438752174377,0.3314560651779175,7,2,6,zero_shot_paired
106,10,7,15,60,1,0,0,0.7965707778930664,0.7965707778930664,0.7965707778930664,0.2034292221069336,7,2,6,zero_shot_paired
106,11,7,16,60,1,1,1,0.8005836009979248,0.8005836009979248,0.1994163691997528,0.8005836009979248,7,2,6,zero_shot_paired
106,0,7,0,60,0,1,0,0.7288281917572021,0.7288281917572021,0.2711717486381531,0.7288281917572021,7,2,6,post_calibration
106,1,7,2,60,1,1,1,0.6368614435195923,0.6368614435195923,0.3631385862827301,0.6368614435195923,7,2,6,post_calibration
106,2,7,3,60,1,1,1,0.6060031056404114,0.6060031056404114,0.393996924161911,0.6060031056404114,7,2,6,post_calibration
106,3,7,6,60,0,0,1,0.6902247667312622,0.6902247667312622,0.6902247667312622,0.3097752332687378,7,2,6,post_calibration
106,4,7,7,60,1,1,1,0.5121245384216309,0.5121245384216309,0.48787546157836914,0.5121245384216309,7,2,6,post_calibration
106,5,7,8,60,1,1,1,0.7185511589050293,0.7185511589050293,0.2814488410949707,0.7185511589050293,7,2,6,post_calibration
106,6,7,10,60,0,1,0,0.6081214547157288,0.6081214547157288,0.39187854528427124,0.6081214547157288,7,2,6,post_calibration
106,7,7,11,60,0,0,1,0.5138285756111145,0.5138285756111145,0.5138285756111145,0.4861714243888855,7,2,6,post_calibration
106,8,7,12,60,1,0,0,0.7658588290214539,0.7658588290214539,0.7658588290214539,0.23414112627506256,7,2,6,post_calibration
106,9,7,14,60,1,0,0,0.6818558573722839,0.6818558573722839,0.6818558573722839,0.3181441128253937,7,2,6,post_calibration
106,10,7,15,60,1,0,0,0.7975764870643616,0.7975764870643616,0.7975764870643616,0.20242346823215485,7,2,6,post_calibration
106,11,7,16,60,1,1,1,0.7774794101715088,0.7774794101715088,0.22252057492733002,0.7774794101715088,7,2,6,post_calibration
107,0,7,1,60,1,1,1,0.5161533951759338,0.5161533951759338,0.4838465750217438,0.5161533951759338,7,3,6,zero_shot_paired
107,1,7,4,60,0,1,0,0.5975455045700073,0.5975455045700073,0.4024544954299927,0.5975455045700073,7,3,6,zero_shot_paired
107,2,7,5,60,1,1,1,0.7909923195838928,0.7909923195838928,0.20900766551494598,0.7909923195838928,7,3,6,zero_shot_paired
107,3,7,6,60,0,0,1,0.6951084733009338,0.6951084733009338,0.6951084733009338,0.3048914968967438,7,3,6,zero_shot_paired
107,4,7,8,60,1,1,1,0.707985520362854,0.707985520362854,0.2920145094394684,0.707985520362854,7,3,6,zero_shot_paired
107,5,7,9,60,1,1,1,0.5694973468780518,0.5694973468780518,0.430502712726593,0.5694973468780518,7,3,6,zero_shot_paired
107,6,7,11,60,0,1,0,0.513435959815979,0.513435959815979,0.4865640699863434,0.513435959815979,7,3,6,zero_shot_paired
107,7,7,12,60,1,0,0,0.7722663879394531,0.7722663879394531,0.7722663879394531,0.2277335673570633,7,3,6,zero_shot_paired
107,8,7,13,60,0,1,0,0.5714340806007385,0.5714340806007385,0.42856594920158386,0.5714340806007385,7,3,6,zero_shot_paired
107,9,7,14,60,1,0,0,0.6685438752174377,0.6685438752174377,0.6685438752174377,0.3314560651779175,7,3,6,zero_shot_paired
107,10,7,16,60,1,1,1,0.8005836009979248,0.8005836009979248,0.1994163691997528,0.8005836009979248,7,3,6,zero_shot_paired
107,11,7,17,60,1,1,1,0.5967360734939575,0.5967360734939575,0.4032638669013977,0.5967360734939575,7,3,6,zero_shot_paired
107,0,7,1,60,1,1,1,0.5333044528961182,0.5333044528961182,0.4666955769062042,0.5333044528961182,7,3,6,post_calibration
107,1,7,4,60,0,1,0,0.5946285724639893,0.5946285724639893,0.4053714871406555,0.5946285724639893,7,3,6,post_calibration
107,2,7,5,60,1,1,1,0.7735826969146729,0.7735826969146729,0.22641728818416595,0.7735826969146729,7,3,6,post_calibration
107,3,7,6,60,0,0,1,0.6741594672203064,0.6741594672203064,0.6741594672203064,0.325840562582016,7,3,6,post_calibration
107,4,7,8,60,1,1,1,0.716403067111969,0.716403067111969,0.2835969030857086,0.716403067111969,7,3,6,post_calibration
107,5,7,9,60,1,1,1,0.5586599707603455,0.5586599707603455,0.44134002923965454,0.5586599707603455,7,3,6,post_calibration
107,6,7,11,60,0,1,0,0.5217129588127136,0.5217129588127136,0.47828707098960876,0.5217129588127136,7,3,6,post_calibration
107,7,7,12,60,1,0,0,0.7750759124755859,0.7750759124755859,0.7750759124755859,0.22492411732673645,7,3,6,post_calibration
107,8,7,13,60,0,1,0,0.5825040340423584,0.5825040340423584,0.4174959361553192,0.5825040340423584,7,3,6,post_calibration
107,9,7,14,60,1,0,0,0.6158588528633118,0.6158588528633118,0.6158588528633118,0.38414114713668823,7,3,6,post_calibration
107,10,7,16,60,1,1,1,0.8133078813552856,0.8133078813552856,0.18669207394123077,0.8133078813552856,7,3,6,post_calibration
107,11,7,17,60,1,1,1,0.5892196893692017,0.5892196893692017,0.41078028082847595,0.5892196893692017,7,3,6,post_calibration
108,0,7,1,60,1,1,1,0.5161533951759338,0.5161533951759338,0.4838465750217438,0.5161533951759338,7,1,9,zero_shot_paired
108,1,7,4,60,0,1,0,0.597541868686676,0.597541868686676,0.40245819091796875,0.597541868686676,7,1,9,zero_shot_paired
108,2,7,6,60,0,0,1,0.6951100826263428,0.6951100826263428,0.6951100826263428,0.30488988757133484,7,1,9,zero_shot_paired
108,3,7,7,60,1,1,1,0.5276740193367004,0.5276740193367004,0.47232598066329956,0.5276740193367004,7,1,9,zero_shot_paired
108,4,7,10,60,0,1,0,0.6051502227783203,0.6051502227783203,0.3948497474193573,0.6051502227783203,7,1,9,zero_shot_paired
108,5,7,12,60,1,0,0,0.772267758846283,0.772267758846283,0.772267758846283,0.22773221135139465,7,1,9,zero_shot_paired
108,6,7,14,60,1,0,0,0.6685473322868347,0.6685473322868347,0.6685473322868347,0.33145269751548767,7,1,9,zero_shot_paired
108,7,7,15,60,1,0,0,0.7965707778930664,0.7965707778930664,0.7965707778930664,0.2034292221069336,7,1,9,zero_shot_paired
108,8,7,17,60,1,1,1,0.5967268943786621,0.5967268943786621,0.4032730758190155,0.5967268943786621,7,1,9,zero_shot_paired
108,0,7,1,60,1,1,1,0.5142516493797302,0.5142516493797302,0.4857483506202698,0.5142516493797302,7,1,9,post_calibration
108,1,7,4,60,0,1,0,0.6037895083427429,0.6037895083427429,0.39621055126190186,0.6037895083427429,7,1,9,post_calibration
108,2,7,6,60,0,0,1,0.7052302360534668,0.7052302360534668,0.7052302360534668,0.2947697937488556,7,1,9,post_calibration
108,3,7,7,60,1,1,1,0.5058991312980652,0.5058991312980652,0.4941008388996124,0.5058991312980652,7,1,9,post_calibration
108,4,7,10,60,0,1,0,0.5820234417915344,0.5820234417915344,0.41797661781311035,0.5820234417915344,7,1,9,post_calibration
108,5,7,12,60,1,0,0,0.7625939846038818,0.7625939846038818,0.7625939846038818,0.23740601539611816,7,1,9,post_calibration
108,6,7,14,60,1,0,0,0.7061033248901367,0.7061033248901367,0.7061033248901367,0.2938966453075409,7,1,9,post_calibration
108,7,7,15,60,1,0,0,0.8018000721931458,0.8018000721931458,0.8018000721931458,0.19819992780685425,7,1,9,post_calibration
108,8,7,17,60,1,1,1,0.5875327587127686,0.5875327587127686,0.4124673008918762,0.5875327587127686,7,1,9,post_calibration
109,0,7,0,60,0,1,0,0.7374551892280579,0.7374551892280579,0.26254481077194214,0.7374551892280579,7,2,9,zero_shot_paired
109,1,7,2,60,1,1,1,0.6366108059883118,0.6366108059883118,0.36338913440704346,0.6366108059883118,7,2,9,zero_shot_paired
109,2,7,3,60,1,1,1,0.6038551926612854,0.6038551926612854,0.396144837141037,0.6038551926612854,7,2,9,zero_shot_paired
109,3,7,5,60,1,1,1,0.7909935712814331,0.7909935712814331,0.2090063840150833,0.7909935712814331,7,2,9,zero_shot_paired
109,4,7,8,60,1,1,1,0.7079902291297913,0.7079902291297913,0.29200977087020874,0.7079902291297913,7,2,9,zero_shot_paired
109,5,7,9,60,1,1,1,0.5694973468780518,0.5694973468780518,0.430502712726593,0.5694973468780518,7,2,9,zero_shot_paired
109,6,7,11,60,0,1,0,0.5134340524673462,0.5134340524673462,0.4865659773349762,0.5134340524673462,7,2,9,zero_shot_paired
109,7,7,13,60,0,1,0,0.5714415311813354,0.5714415311813354,0.42855846881866455,0.5714415311813354,7,2,9,zero_shot_paired
109,8,7,16,60,1,1,1,0.8005750775337219,0.8005750775337219,0.1994248926639557,0.8005750775337219,7,2,9,zero_shot_paired
109,0,7,0,60,0,1,0,0.7298553586006165,0.7298553586006165,0.27014464139938354,0.7298553586006165,7,2,9,post_calibration
109,1,7,2,60,1,1,1,0.6518484950065613,0.6518484950065613,0.34815147519111633,0.6518484950065613,7,2,9,post_calibration
109,2,7,3,60,1,1,1,0.6408097147941589,0.6408097147941589,0.3591902554035187,0.6408097147941589,7,2,9,post_calibration
109,3,7,5,60,1,1,1,0.7699300646781921,0.7699300646781921,0.23006993532180786,0.7699300646781921,7,2,9,post_calibration
109,4,7,8,60,1,1,1,0.7117033004760742,0.7117033004760742,0.288296639919281,0.7117033004760742,7,2,9,post_calibration
109,5,7,9,60,1,1,1,0.5636650919914246,0.5636650919914246,0.43633490800857544,0.5636650919914246,7,2,9,post_calibration
109,6,7,11,60,0,1,0,0.5239665508270264,0.5239665508270264,0.476033478975296,0.5239665508270264,7,2,9,post_calibration
109,7,7,13,60,0,1,0,0.5764283537864685,0.5764283537864685,0.4235716462135315,0.5764283537864685,7,2,9,post_calibration
109,8,7,16,60,1,1,1,0.7937175035476685,0.7937175035476685,0.20628254115581512,0.7937175035476685,7,2,9,post_calibration
110,0,7,1,60,1,1,1,0.5159953236579895,0.5159953236579895,0.4840047061443329,0.5159953236579895,7,1,12,zero_shot_paired
110,1,7,9,60,1,1,1,0.569418728351593,0.569418728351593,0.430581271648407,0.569418728351593,7,1,12,zero_shot_paired
110,2,7,10,60,0,1,0,0.6051228642463684,0.6051228642463684,0.3948771059513092,0.6051228642463684,7,1,12,zero_shot_paired
110,3,7,11,60,0,1,0,0.5135102868080139,0.5135102868080139,0.4864897131919861,0.5135102868080139,7,1,12,zero_shot_paired
110,4,7,14,60,1,0,0,0.6684035658836365,0.6684035658836365,0.6684035658836365,0.3315964341163635,7,1,12,zero_shot_paired
110,5,7,15,60,1,0,0,0.7966152429580688,0.7966152429580688,0.7966152429580688,0.20338471233844757,7,1,12,zero_shot_paired
110,0,7,1,60,1,1,1,0.5541802048683167,0.5541802048683167,0.44581982493400574,0.5541802048683167,7,1,12,post_calibration
110,1,7,9,60,1,1,1,0.552528440952301,0.552528440952301,0.44747161865234375,0.552528440952301,7,1,12,post_calibration
110,2,7,10,60,0,1,0,0.611100971698761,0.611100971698761,0.388899028301239,0.611100971698761,7,1,12,post_calibration
110,3,7,11,60,0,0,1,0.5035075545310974,0.5035075545310974,0.5035075545310974,0.4964924156665802,7,1,12,post_calibration
110,4,7,14,60,1,0,0,0.6709502339363098,0.6709502339363098,0.6709502339363098,0.3290497064590454,7,1,12,post_calibration
110,5,7,15,60,1,0,0,0.7896851301193237,0.7896851301193237,0.7896851301193237,0.21031486988067627,7,1,12,post_calibration
111,0,7,3,60,1,1,1,0.6038259863853455,0.6038259863853455,0.39617404341697693,0.6038259863853455,7,2,12,zero_shot_paired
111,1,7,5,60,1,1,1,0.7909822463989258,0.7909822463989258,0.20901775360107422,0.7909822463989258,7,2,12,zero_shot_paired
111,2,7,9,60,1,1,1,0.569418728351593,0.569418728351593,0.430581271648407,0.569418728351593,7,2,12,zero_shot_paired
111,3,7,11,60,0,1,0,0.5135102868080139,0.5135102868080139,0.4864897131919861,0.5135102868080139,7,2,12,zero_shot_paired
111,4,7,13,60,0,1,0,0.5714321732521057,0.5714321732521057,0.4285677969455719,0.5714321732521057,7,2,12,zero_shot_paired
111,5,7,15,60,1,0,0,0.7966152429580688,0.7966152429580688,0.7966152429580688,0.20338471233844757,7,2,12,zero_shot_paired
111,0,7,3,60,1,1,1,0.6086304187774658,0.6086304187774658,0.39136961102485657,0.6086304187774658,7,2,12,post_calibration
111,1,7,5,60,1,1,1,0.7683124542236328,0.7683124542236328,0.2316875457763672,0.7683124542236328,7,2,12,post_calibration
111,2,7,9,60,1,1,1,0.5725939869880676,0.5725939869880676,0.42740604281425476,0.5725939869880676,7,2,12,post_calibration
111,3,7,11,60,0,1,0,0.5391822457313538,0.5391822457313538,0.46081772446632385,0.5391822457313538,7,2,12,post_calibration
111,4,7,13,60,0,1,0,0.6052668690681458,0.6052668690681458,0.3947330713272095,0.6052668690681458,7,2,12,post_calibration
111,5,7,15,60,1,0,0,0.7677252292633057,0.7677252292633057,0.7677252292633057,0.23227477073669434,7,2,12,post_calibration
112,0,7,0,60,0,1,0,0.7374404072761536,0.7374404072761536,0.26255956292152405,0.7374404072761536,7,3,12,zero_shot_paired
112,1,7,2,60,1,1,1,0.636582612991333,0.636582612991333,0.363417387008667,0.636582612991333,7,3,12,zero_shot_paired
112,2,7,5,60,1,1,1,0.7909822463989258,0.7909822463989258,0.20901775360107422,0.7909822463989258,7,3,12,zero_shot_paired
112,3,7,7,60,1,1,1,0.5277424454689026,0.5277424454689026,0.472257524728775,0.5277424454689026,7,3,12,zero_shot_paired
112,4,7,11,60,0,1,0,0.5135102868080139,0.5135102868080139,0.4864897131919861,0.5135102868080139,7,3,12,zero_shot_paired
112,5,7,14,60,1,0,0,0.6684035658836365,0.6684035658836365,0.6684035658836365,0.3315964341163635,7,3,12,zero_shot_paired
112,0,7,0,60,0,1,0,0.7257063388824463,0.7257063388824463,0.2742936611175537,0.7257063388824463,7,3,12,post_calibration
112,1,7,2,60,1,1,1,0.6431348919868469,0.6431348919868469,0.3568650484085083,0.6431348919868469,7,3,12,post_calibration
112,2,7,5,60,1,1,1,0.7642378807067871,0.7642378807067871,0.2357620894908905,0.7642378807067871,7,3,12,post_calibration
112,3,7,7,60,1,1,1,0.5139962434768677,0.5139962434768677,0.48600372672080994,0.5139962434768677,7,3,12,post_calibration
112,4,7,11,60,0,0,1,0.5113429427146912,0.5113429427146912,0.5113429427146912,0.48865705728530884,7,3,12,post_calibration
112,5,7,14,60,1,0,0,0.6742935180664062,0.6742935180664062,0.6742935180664062,0.32570651173591614,7,3,12,post_calibration
9,0,8,0,60,0,1,0,0.5701425075531006,0.5701425075531006,0.429857462644577,0.5701425075531006,8,,,zero_shot_all_trials
9,1,8,1,60,1,0,0,0.5213931202888489,0.5213931202888489,0.5213931202888489,0.4786069095134735,8,,,zero_shot_all_trials
9,2,8,2,60,1,1,1,0.6777706742286682,0.6777706742286682,0.3222293257713318,0.6777706742286682,8,,,zero_shot_all_trials
9,3,8,3,60,1,1,1,0.6553187966346741,0.6553187966346741,0.3446812033653259,0.6553187966346741,8,,,zero_shot_all_trials
9,4,8,4,60,1,1,1,0.7269604802131653,0.7269604802131653,0.27303948998451233,0.7269604802131653,8,,,zero_shot_all_trials
9,5,8,5,60,1,1,1,0.6958533525466919,0.6958533525466919,0.3041466176509857,0.6958533525466919,8,,,zero_shot_all_trials
9,6,8,6,60,1,1,1,0.5967103838920593,0.5967103838920593,0.4032895863056183,0.5967103838920593,8,,,zero_shot_all_trials
9,7,8,7,60,1,0,0,0.5325998663902283,0.5325998663902283,0.5325998663902283,0.46740013360977173,8,,,zero_shot_all_trials
9,8,8,8,60,1,1,1,0.9324100613594055,0.9324100613594055,0.06758994609117508,0.9324100613594055,8,,,zero_shot_all_trials
9,9,8,9,60,1,1,1,0.6057789921760559,0.6057789921760559,0.3942209780216217,0.6057789921760559,8,,,zero_shot_all_trials
9,10,8,10,60,1,1,1,0.6953558325767517,0.6953558325767517,0.3046441972255707,0.6953558325767517,8,,,zero_shot_all_trials
9,11,8,11,60,1,0,0,0.5413236021995544,0.5413236021995544,0.5413236021995544,0.45867636799812317,8,,,zero_shot_all_trials
9,12,8,12,60,1,1,1,0.5246725082397461,0.5246725082397461,0.4753275215625763,0.5246725082397461,8,,,zero_shot_all_trials
9,13,8,13,60,1,0,0,0.5611885190010071,0.5611885190010071,0.5611885190010071,0.4388115108013153,8,,,zero_shot_all_trials
9,14,8,14,60,1,1,1,0.6708458662033081,0.6708458662033081,0.3291541337966919,0.6708458662033081,8,,,zero_shot_all_trials
9,15,8,15,60,1,0,0,0.5122846364974976,0.5122846364974976,0.5122846364974976,0.48771530389785767,8,,,zero_shot_all_trials
9,16,8,16,60,1,1,1,0.5636613965034485,0.5636613965034485,0.4363386631011963,0.5636613965034485,8,,,zero_shot_all_trials
9,17,8,17,60,1,1,1,0.7300569415092468,0.7300569415092468,0.26994311809539795,0.7300569415092468,8,,,zero_shot_all_trials
113,0,8,0,60,0,1,0,0.5701462030410767,0.5701462030410767,0.42985373735427856,0.5701462030410767,8,1,3,zero_shot_paired
113,1,8,1,60,1,0,0,0.5213949680328369,0.5213949680328369,0.5213949680328369,0.4786050021648407,8,1,3,zero_shot_paired
113,2,8,2,60,1,1,1,0.6777706742286682,0.6777706742286682,0.3222293257713318,0.6777706742286682,8,1,3,zero_shot_paired
113,3,8,4,60,1,1,1,0.7269680500030518,0.7269680500030518,0.27303192019462585,0.7269680500030518,8,1,3,zero_shot_paired
113,4,8,6,60,1,1,1,0.5967103838920593,0.5967103838920593,0.4032895863056183,0.5967103838920593,8,1,3,zero_shot_paired
113,5,8,7,60,1,0,0,0.5325979590415955,0.5325979590415955,0.5325979590415955,0.46740204095840454,8,1,3,zero_shot_paired
113,6,8,8,60,1,1,1,0.9324095249176025,0.9324095249176025,0.06759043037891388,0.9324095249176025,8,1,3,zero_shot_paired
113,7,8,9,60,1,1,1,0.6057826280593872,0.6057826280593872,0.3942173719406128,0.6057826280593872,8,1,3,zero_shot_paired
113,8,8,10,60,1,1,1,0.6953525543212891,0.6953525543212891,0.30464741587638855,0.6953525543212891,8,1,3,zero_shot_paired
113,9,8,12,60,1,1,1,0.5246686339378357,0.5246686339378357,0.4753313362598419,0.5246686339378357,8,1,3,zero_shot_paired
113,10,8,13,60,1,0,0,0.5611904263496399,0.5611904263496399,0.5611904263496399,0.4388096332550049,8,1,3,zero_shot_paired
113,11,8,14,60,1,1,1,0.6708508729934692,0.6708508729934692,0.3291490972042084,0.6708508729934692,8,1,3,zero_shot_paired
113,12,8,15,60,1,0,0,0.5122846364974976,0.5122846364974976,0.5122846364974976,0.48771530389785767,8,1,3,zero_shot_paired
113,13,8,16,60,1,1,1,0.5636594891548157,0.5636594891548157,0.4363405704498291,0.5636594891548157,8,1,3,zero_shot_paired
113,14,8,17,60,1,1,1,0.7300599217414856,0.7300599217414856,0.2699401080608368,0.7300599217414856,8,1,3,zero_shot_paired
113,0,8,0,60,0,1,0,0.6056423187255859,0.6056423187255859,0.3943576514720917,0.6056423187255859,8,1,3,post_calibration
113,1,8,1,60,1,1,1,0.5336081981658936,0.5336081981658936,0.46639177203178406,0.5336081981658936,8,1,3,post_calibration
113,2,8,2,60,1,1,1,0.721760094165802,0.721760094165802,0.2782399356365204,0.721760094165802,8,1,3,post_calibration
113,3,8,4,60,1,1,1,0.7218964099884033,0.7218964099884033,0.2781035900115967,0.7218964099884033,8,1,3,post_calibration
113,4,8,6,60,1,1,1,0.6566599607467651,0.6566599607467651,0.3433400094509125,0.6566599607467651,8,1,3,post_calibration
113,5,8,7,60,1,1,1,0.5015754699707031,0.5015754699707031,0.49842455983161926,0.5015754699707031,8,1,3,post_calibration
113,6,8,8,60,1,1,1,0.9406315088272095,0.9406315088272095,0.059368547052145004,0.9406315088272095,8,1,3,post_calibration
113,7,8,9,60,1,1,1,0.6385008096694946,0.6385008096694946,0.36149924993515015,0.6385008096694946,8,1,3,post_calibration
113,8,8,10,60,1,1,1,0.7062094807624817,0.7062094807624817,0.2937905788421631,0.7062094807624817,8,1,3,post_calibration
113,9,8,12,60,1,1,1,0.5092229247093201,0.5092229247093201,0.4907771050930023,0.5092229247093201,8,1,3,post_calibration
113,10,8,13,60,1,0,0,0.5468742847442627,0.5468742847442627,0.5468742847442627,0.4531257152557373,8,1,3,post_calibration
113,11,8,14,60,1,1,1,0.7355184555053711,0.7355184555053711,0.2644815146923065,0.7355184555053711,8,1,3,post_calibration
113,12,8,15,60,1,1,1,0.5268601179122925,0.5268601179122925,0.4731399118900299,0.5268601179122925,8,1,3,post_calibration
113,13,8,16,60,1,1,1,0.5965965986251831,0.5965965986251831,0.4034034013748169,0.5965965986251831,8,1,3,post_calibration
113,14,8,17,60,1,1,1,0.7416608333587646,0.7416608333587646,0.25833913683891296,0.7416608333587646,8,1,3,post_calibration
114,0,8,0,60,0,1,0,0.5701349973678589,0.5701349973678589,0.4298649728298187,0.5701349973678589,8,2,3,zero_shot_paired
114,1,8,2,60,1,1,1,0.6777706742286682,0.6777706742286682,0.3222293257713318,0.6777706742286682,8,2,3,zero_shot_paired
114,2,8,3,60,1,1,1,0.6553204655647278,0.6553204655647278,0.34467947483062744,0.6553204655647278,8,2,3,zero_shot_paired
114,3,8,4,60,1,1,1,0.7269665598869324,0.7269665598869324,0.27303341031074524,0.7269665598869324,8,2,3,zero_shot_paired
114,4,8,5,60,1,1,1,0.6958533525466919,0.6958533525466919,0.3041466176509857,0.6958533525466919,8,2,3,zero_shot_paired
114,5,8,6,60,1,1,1,0.59670490026474,0.59670490026474,0.40329509973526,0.59670490026474,8,2,3,zero_shot_paired
114,6,8,8,60,1,1,1,0.9324110150337219,0.9324110150337219,0.06758898496627808,0.9324110150337219,8,2,3,zero_shot_paired
114,7,8,9,60,1,1,1,0.6057735681533813,0.6057735681533813,0.3942264914512634,0.6057735681533813,8,2,3,zero_shot_paired
114,8,8,10,60,1,1,1,0.695349395275116,0.695349395275116,0.3046506345272064,0.695349395275116,8,2,3,zero_shot_paired
114,9,8,11,60,1,0,0,0.5413387417793274,0.5413387417793274,0.5413387417793274,0.4586612582206726,8,2,3,zero_shot_paired
114,10,8,12,60,1,1,1,0.5246762633323669,0.5246762633323669,0.47532370686531067,0.5246762633323669,8,2,3,zero_shot_paired
114,11,8,13,60,1,0,0,0.5611885190010071,0.5611885190010071,0.5611885190010071,0.4388115108013153,8,2,3,zero_shot_paired
114,12,8,14,60,1,1,1,0.6708543300628662,0.6708543300628662,0.32914572954177856,0.6708543300628662,8,2,3,zero_shot_paired
114,13,8,16,60,1,1,1,0.5636669993400574,0.5636669993400574,0.4363330602645874,0.5636669993400574,8,2,3,zero_shot_paired
114,14,8,17,60,1,1,1,0.7300734519958496,0.7300734519958496,0.2699265778064728,0.7300734519958496,8,2,3,zero_shot_paired
114,0,8,0,60,0,1,0,0.6122081875801086,0.6122081875801086,0.3877917528152466,0.6122081875801086,8,2,3,post_calibration
114,1,8,2,60,1,1,1,0.711670458316803,0.711670458316803,0.28832948207855225,0.711670458316803,8,2,3,post_calibration
114,2,8,3,60,1,1,1,0.681888997554779,0.681888997554779,0.31811103224754333,0.681888997554779,8,2,3,post_calibration
114,3,8,4,60,1,1,1,0.759316086769104,0.759316086769104,0.24068398773670197,0.759316086769104,8,2,3,post_calibration
114,4,8,5,60,1,1,1,0.765873908996582,0.765873908996582,0.23412609100341797,0.765873908996582,8,2,3,post_calibration
114,5,8,6,60,1,1,1,0.673944890499115,0.673944890499115,0.326055109500885,0.673944890499115,8,2,3,post_calibration
114,6,8,8,60,1,1,1,0.9450216889381409,0.9450216889381409,0.05497833341360092,0.9450216889381409,8,2,3,post_calibration
114,7,8,9,60,1,1,1,0.6151800155639648,0.6151800155639648,0.38482004404067993,0.6151800155639648,8,2,3,post_calibration
114,8,8,10,60,1,1,1,0.7505556344985962,0.7505556344985962,0.2494443655014038,0.7505556344985962,8,2,3,post_calibration
114,9,8,11,60,1,0,0,0.5071978569030762,0.5071978569030762,0.5071978569030762,0.4928022027015686,8,2,3,post_calibration
114,10,8,12,60,1,1,1,0.5474489331245422,0.5474489331245422,0.4525510370731354,0.5474489331245422,8,2,3,post_calibration
114,11,8,13,60,1,0,0,0.534948468208313,0.534948468208313,0.534948468208313,0.4650515019893646,8,2,3,post_calibration
114,12,8,14,60,1,1,1,0.7484859228134155,0.7484859228134155,0.25151413679122925,0.7484859228134155,8,2,3,post_calibration
114,13,8,16,60,1,1,1,0.579353928565979,0.579353928565979,0.420646071434021,0.579353928565979,8,2,3,post_calibration
114,14,8,17,60,1,1,1,0.7202468514442444,0.7202468514442444,0.2797531485557556,0.7202468514442444,8,2,3,post_calibration
115,0,8,0,60,0,1,0,0.5701349973678589,0.5701349973678589,0.4298649728298187,0.5701349973678589,8,3,3,zero_shot_paired
115,1,8,1,60,1,0,0,0.5213912129402161,0.5213912129402161,0.5213912129402161,0.47860878705978394,8,3,3,zero_shot_paired
115,2,8,2,60,1,1,1,0.6777706742286682,0.6777706742286682,0.3222293257713318,0.6777706742286682,8,3,3,zero_shot_paired
115,3,8,3,60,1,1,1,0.6553204655647278,0.6553204655647278,0.34467947483062744,0.6553204655647278,8,3,3,zero_shot_paired
115,4,8,4,60,1,1,1,0.7269665598869324,0.7269665598869324,0.27303341031074524,0.7269665598869324,8,3,3,zero_shot_paired
115,5,8,5,60,1,1,1,0.6958533525466919,0.6958533525466919,0.3041466176509857,0.6958533525466919,8,3,3,zero_shot_paired
115,6,8,7,60,1,0,0,0.5326017737388611,0.5326017737388611,0.5326017737388611,0.4673982560634613,8,3,3,zero_shot_paired
115,7,8,9,60,1,1,1,0.6057735681533813,0.6057735681533813,0.3942264914512634,0.6057735681533813,8,3,3,zero_shot_paired
115,8,8,11,60,1,0,0,0.5413387417793274,0.5413387417793274,0.5413387417793274,0.4586612582206726,8,3,3,zero_shot_paired
115,9,8,12,60,1,1,1,0.5246762633323669,0.5246762633323669,0.47532370686531067,0.5246762633323669,8,3,3,zero_shot_paired
115,10,8,13,60,1,0,0,0.5611885190010071,0.5611885190010071,0.5611885190010071,0.4388115108013153,8,3,3,zero_shot_paired
115,11,8,14,60,1,1,1,0.6708543300628662,0.6708543300628662,0.32914572954177856,0.6708543300628662,8,3,3,zero_shot_paired
115,12,8,15,60,1,0,0,0.5122884511947632,0.5122884511947632,0.5122884511947632,0.48771151900291443,8,3,3,zero_shot_paired
115,13,8,16,60,1,1,1,0.5636669993400574,0.5636669993400574,0.4363330602645874,0.5636669993400574,8,3,3,zero_shot_paired
115,14,8,17,60,1,1,1,0.7300734519958496,0.7300734519958496,0.2699265778064728,0.7300734519958496,8,3,3,zero_shot_paired
115,0,8,0,60,0,1,0,0.5835575461387634,0.5835575461387634,0.4164424538612366,0.5835575461387634,8,3,3,post_calibration
115,1,8,1,60,1,1,1,0.5293185114860535,0.5293185114860535,0.47068145871162415,0.5293185114860535,8,3,3,post_calibration
115,2,8,2,60,1,1,1,0.6949936747550964,0.6949936747550964,0.30500632524490356,0.6949936747550964,8,3,3,post_calibration
115,3,8,3,60,1,1,1,0.659170389175415,0.659170389175415,0.34082964062690735,0.659170389175415,8,3,3,post_calibration
115,4,8,4,60,1,1,1,0.7460768222808838,0.7460768222808838,0.2539231479167938,0.7460768222808838,8,3,3,post_calibration
115,5,8,5,60,1,1,1,0.7388796210289001,0.7388796210289001,0.26112037897109985,0.7388796210289001,8,3,3,post_calibration
115,6,8,7,60,1,1,1,0.5027408599853516,0.5027408599853516,0.4972591996192932,0.5027408599853516,8,3,3,post_calibration
115,7,8,9,60,1,1,1,0.6181322932243347,0.6181322932243347,0.3818676471710205,0.6181322932243347,8,3,3,post_calibration
115,8,8,11,60,1,0,0,0.5115393400192261,0.5115393400192261,0.5115393400192261,0.4884606897830963,8,3,3,post_calibration
115,9,8,12,60,1,1,1,0.5415660738945007,0.5415660738945007,0.45843395590782166,0.5415660738945007,8,3,3,post_calibration
115,10,8,13,60,1,0,0,0.5579996109008789,0.5579996109008789,0.5579996109008789,0.4420004189014435,8,3,3,post_calibration
115,11,8,14,60,1,1,1,0.7089655995368958,0.7089655995368958,0.29103437066078186,0.7089655995368958,8,3,3,post_calibration
115,12,8,15,60,1,1,1,0.5311067700386047,0.5311067700386047,0.46889322996139526,0.5311067700386047,8,3,3,post_calibration
115,13,8,16,60,1,1,1,0.5720729827880859,0.5720729827880859,0.42792707681655884,0.5720729827880859,8,3,3,post_calibration
115,14,8,17,60,1,1,1,0.7310435771942139,0.7310435771942139,0.26895642280578613,0.7310435771942139,8,3,3,post_calibration
116,0,8,0,60,0,1,0,0.5701349973678589,0.5701349973678589,0.4298649728298187,0.5701349973678589,8,4,3,zero_shot_paired
116,1,8,1,60,1,0,0,0.5213912129402161,0.5213912129402161,0.5213912129402161,0.47860878705978394,8,4,3,zero_shot_paired
116,2,8,2,60,1,1,1,0.6777706742286682,0.6777706742286682,0.3222293257713318,0.6777706742286682,8,4,3,zero_shot_paired
116,3,8,3,60,1,1,1,0.6553204655647278,0.6553204655647278,0.34467947483062744,0.6553204655647278,8,4,3,zero_shot_paired
116,4,8,4,60,1,1,1,0.7269665598869324,0.7269665598869324,0.27303341031074524,0.7269665598869324,8,4,3,zero_shot_paired
116,5,8,5,60,1,1,1,0.6958533525466919,0.6958533525466919,0.3041466176509857,0.6958533525466919,8,4,3,zero_shot_paired
116,6,8,6,60,1,1,1,0.59670490026474,0.59670490026474,0.40329509973526,0.59670490026474,8,4,3,zero_shot_paired
116,7,8,7,60,1,0,0,0.5326017737388611,0.5326017737388611,0.5326017737388611,0.4673982560634613,8,4,3,zero_shot_paired
116,8,8,8,60,1,1,1,0.9324110150337219,0.9324110150337219,0.06758898496627808,0.9324110150337219,8,4,3,zero_shot_paired
116,9,8,9,60,1,1,1,0.6057735681533813,0.6057735681533813,0.3942264914512634,0.6057735681533813,8,4,3,zero_shot_paired
116,10,8,10,60,1,1,1,0.695349395275116,0.695349395275116,0.3046506345272064,0.695349395275116,8,4,3,zero_shot_paired
116,11,8,11,60,1,0,0,0.5413387417793274,0.5413387417793274,0.5413387417793274,0.4586612582206726,8,4,3,zero_shot_paired
116,12,8,13,60,1,0,0,0.5611885190010071,0.5611885190010071,0.5611885190010071,0.4388115108013153,8,4,3,zero_shot_paired
116,13,8,14,60,1,1,1,0.6708543300628662,0.6708543300628662,0.32914572954177856,0.6708543300628662,8,4,3,zero_shot_paired
116,14,8,15,60,1,0,0,0.5122884511947632,0.5122884511947632,0.5122884511947632,0.48771151900291443,8,4,3,zero_shot_paired
116,0,8,0,60,0,1,0,0.5674216747283936,0.5674216747283936,0.43257829546928406,0.5674216747283936,8,4,3,post_calibration
116,1,8,1,60,1,0,0,0.5186300277709961,0.5186300277709961,0.5186300277709961,0.4813700318336487,8,4,3,post_calibration
116,2,8,2,60,1,1,1,0.688183605670929,0.688183605670929,0.31181636452674866,0.688183605670929,8,4,3,post_calibration
116,3,8,3,60,1,1,1,0.7001602053642273,0.7001602053642273,0.2998398542404175,0.7001602053642273,8,4,3,post_calibration
116,4,8,4,60,1,1,1,0.7548966407775879,0.7548966407775879,0.2451033741235733,0.7548966407775879,8,4,3,post_calibration
116,5,8,5,60,1,1,1,0.6884798407554626,0.6884798407554626,0.31152012944221497,0.6884798407554626,8,4,3,post_calibration
116,6,8,6,60,1,1,1,0.5744638442993164,0.5744638442993164,0.42553621530532837,0.5744638442993164,8,4,3,post_calibration
116,7,8,7,60,1,0,0,0.5266813635826111,0.5266813635826111,0.5266813635826111,0.4733186662197113,8,4,3,post_calibration
116,8,8,8,60,1,1,1,0.9331510663032532,0.9331510663032532,0.06684895604848862,0.9331510663032532,8,4,3,post_calibration
116,9,8,9,60,1,1,1,0.6124147176742554,0.6124147176742554,0.38758528232574463,0.6124147176742554,8,4,3,post_calibration
116,10,8,10,60,1,1,1,0.7086490988731384,0.7086490988731384,0.2913508713245392,0.7086490988731384,8,4,3,post_calibration
116,11,8,11,60,1,0,0,0.5238180756568909,0.5238180756568909,0.5238180756568909,0.47618189454078674,8,4,3,post_calibration
116,12,8,13,60,1,0,0,0.5564862489700317,0.5564862489700317,0.5564862489700317,0.44351381063461304,8,4,3,post_calibration
116,13,8,14,60,1,1,1,0.6726946234703064,0.6726946234703064,0.3273053467273712,0.6726946234703064,8,4,3,post_calibration
116,14,8,15,60,1,0,0,0.5142955183982849,0.5142955183982849,0.5142955183982849,0.48570454120635986,8,4,3,post_calibration
117,0,8,1,60,1,0,0,0.5213912129402161,0.5213912129402161,0.5213912129402161,0.47860878705978394,8,5,3,zero_shot_paired
117,1,8,3,60,1,1,1,0.6553204655647278,0.6553204655647278,0.34467947483062744,0.6553204655647278,8,5,3,zero_shot_paired
117,2,8,4,60,1,1,1,0.7269665598869324,0.7269665598869324,0.27303341031074524,0.7269665598869324,8,5,3,zero_shot_paired
117,3,8,5,60,1,1,1,0.6958533525466919,0.6958533525466919,0.3041466176509857,0.6958533525466919,8,5,3,zero_shot_paired
117,4,8,6,60,1,1,1,0.59670490026474,0.59670490026474,0.40329509973526,0.59670490026474,8,5,3,zero_shot_paired
117,5,8,7,60,1,0,0,0.5326017737388611,0.5326017737388611,0.5326017737388611,0.4673982560634613,8,5,3,zero_shot_paired
117,6,8,8,60,1,1,1,0.9324110150337219,0.9324110150337219,0.06758898496627808,0.9324110150337219,8,5,3,zero_shot_paired
117,7,8,9,60,1,1,1,0.6057735681533813,0.6057735681533813,0.3942264914512634,0.6057735681533813,8,5,3,zero_shot_paired
117,8,8,10,60,1,1,1,0.695349395275116,0.695349395275116,0.3046506345272064,0.695349395275116,8,5,3,zero_shot_paired
117,9,8,11,60,1,0,0,0.5413387417793274,0.5413387417793274,0.5413387417793274,0.4586612582206726,8,5,3,zero_shot_paired
117,10,8,12,60,1,1,1,0.5246762633323669,0.5246762633323669,0.47532370686531067,0.5246762633323669,8,5,3,zero_shot_paired
117,11,8,14,60,1,1,1,0.6708543300628662,0.6708543300628662,0.32914572954177856,0.6708543300628662,8,5,3,zero_shot_paired
117,12,8,15,60,1,0,0,0.5122884511947632,0.5122884511947632,0.5122884511947632,0.48771151900291443,8,5,3,zero_shot_paired
117,13,8,16,60,1,1,1,0.5636669993400574,0.5636669993400574,0.4363330602645874,0.5636669993400574,8,5,3,zero_shot_paired
117,14,8,17,60,1,1,1,0.7300734519958496,0.7300734519958496,0.2699265778064728,0.7300734519958496,8,5,3,zero_shot_paired
117,0,8,1,60,1,0,0,0.5004558563232422,0.5004558563232422,0.5004558563232422,0.4995441436767578,8,5,3,post_calibration
117,1,8,3,60,1,1,1,0.6639515161514282,0.6639515161514282,0.336048424243927,0.6639515161514282,8,5,3,post_calibration
117,2,8,4,60,1,1,1,0.729036271572113,0.729036271572113,0.27096375823020935,0.729036271572113,8,5,3,post_calibration
117,3,8,5,60,1,1,1,0.7065290212631226,0.7065290212631226,0.29347091913223267,0.7065290212631226,8,5,3,post_calibration
117,4,8,6,60,1,1,1,0.6150535345077515,0.6150535345077515,0.38494643568992615,0.6150535345077515,8,5,3,post_calibration
117,5,8,7,60,1,0,0,0.536918044090271,0.536918044090271,0.536918044090271,0.46308189630508423,8,5,3,post_calibration
117,6,8,8,60,1,1,1,0.9323552250862122,0.9323552250862122,0.06764478981494904,0.9323552250862122,8,5,3,post_calibration
117,7,8,9,60,1,1,1,0.6334102749824524,0.6334102749824524,0.3665896952152252,0.6334102749824524,8,5,3,post_calibration
117,8,8,10,60,1,1,1,0.6999150514602661,0.6999150514602661,0.3000849783420563,0.6999150514602661,8,5,3,post_calibration
117,9,8,11,60,1,0,0,0.5267668962478638,0.5267668962478638,0.5267668962478638,0.47323307394981384,8,5,3,post_calibration
117,10,8,12,60,1,1,1,0.5277615189552307,0.5277615189552307,0.4722385108470917,0.5277615189552307,8,5,3,post_calibration
117,11,8,14,60,1,1,1,0.6757311820983887,0.6757311820983887,0.3242688477039337,0.6757311820983887,8,5,3,post_calibration
117,12,8,15,60,1,0,0,0.5002517700195312,0.5002517700195312,0.5002517700195312,0.49974825978279114,8,5,3,post_calibration
117,13,8,16,60,1,1,1,0.5722410082817078,0.5722410082817078,0.42775899171829224,0.5722410082817078,8,5,3,post_calibration
117,14,8,17,60,1,1,1,0.7443181872367859,0.7443181872367859,0.2556818127632141,0.7443181872367859,8,5,3,post_calibration
118,0,8,0,60,0,1,0,0.5701349973678589,0.5701349973678589,0.4298649728298187,0.5701349973678589,8,6,3,zero_shot_paired
118,1,8,1,60,1,0,0,0.5213912129402161,0.5213912129402161,0.5213912129402161,0.47860878705978394,8,6,3,zero_shot_paired
118,2,8,2,60,1,1,1,0.6777706742286682,0.6777706742286682,0.3222293257713318,0.6777706742286682,8,6,3,zero_shot_paired
118,3,8,3,60,1,1,1,0.6553204655647278,0.6553204655647278,0.34467947483062744,0.6553204655647278,8,6,3,zero_shot_paired
118,4,8,5,60,1,1,1,0.6958533525466919,0.6958533525466919,0.3041466176509857,0.6958533525466919,8,6,3,zero_shot_paired
118,5,8,6,60,1,1,1,0.59670490026474,0.59670490026474,0.40329509973526,0.59670490026474,8,6,3,zero_shot_paired
118,6,8,7,60,1,0,0,0.5326017737388611,0.5326017737388611,0.5326017737388611,0.4673982560634613,8,6,3,zero_shot_paired
118,7,8,8,60,1,1,1,0.9324110150337219,0.9324110150337219,0.06758898496627808,0.9324110150337219,8,6,3,zero_shot_paired
118,8,8,10,60,1,1,1,0.695349395275116,0.695349395275116,0.3046506345272064,0.695349395275116,8,6,3,zero_shot_paired
118,9,8,11,60,1,0,0,0.5413387417793274,0.5413387417793274,0.5413387417793274,0.4586612582206726,8,6,3,zero_shot_paired
118,10,8,12,60,1,1,1,0.5246762633323669,0.5246762633323669,0.47532370686531067,0.5246762633323669,8,6,3,zero_shot_paired
118,11,8,13,60,1,0,0,0.5611885190010071,0.5611885190010071,0.5611885190010071,0.4388115108013153,8,6,3,zero_shot_paired
118,12,8,15,60,1,0,0,0.5122884511947632,0.5122884511947632,0.5122884511947632,0.48771151900291443,8,6,3,zero_shot_paired
118,13,8,16,60,1,1,1,0.5636669993400574,0.5636669993400574,0.4363330602645874,0.5636669993400574,8,6,3,zero_shot_paired
118,14,8,17,60,1,1,1,0.7300734519958496,0.7300734519958496,0.2699265778064728,0.7300734519958496,8,6,3,zero_shot_paired
118,0,8,0,60,0,1,0,0.6193813681602478,0.6193813681602478,0.3806186616420746,0.6193813681602478,8,6,3,post_calibration
118,1,8,1,60,1,1,1,0.5064007043838501,0.5064007043838501,0.4935992658138275,0.5064007043838501,8,6,3,post_calibration
118,2,8,2,60,1,1,1,0.7072009444236755,0.7072009444236755,0.29279905557632446,0.7072009444236755,8,6,3,post_calibration
118,3,8,3,60,1,1,1,0.682391881942749,0.682391881942749,0.317608118057251,0.682391881942749,8,6,3,post_calibration
118,4,8,5,60,1,1,1,0.7490355372428894,0.7490355372428894,0.2509644031524658,0.7490355372428894,8,6,3,post_calibration
118,5,8,6,60,1,1,1,0.6449015140533447,0.6449015140533447,0.3550984561443329,0.6449015140533447,8,6,3,post_calibration
118,6,8,7,60,1,0,0,0.5030974745750427,0.5030974745750427,0.5030974745750427,0.4969024956226349,8,6,3,post_calibration
118,7,8,8,60,1,1,1,0.9422266483306885,0.9422266483306885,0.057773392647504807,0.9422266483306885,8,6,3,post_calibration
118,8,8,10,60,1,1,1,0.7175564765930176,0.7175564765930176,0.2824435234069824,0.7175564765930176,8,6,3,post_calibration
118,9,8,11,60,1,1,1,0.5003166198730469,0.5003166198730469,0.4996833801269531,0.5003166198730469,8,6,3,post_calibration
118,10,8,12,60,1,1,1,0.5118042826652527,0.5118042826652527,0.4881957173347473,0.5118042826652527,8,6,3,post_calibration
118,11,8,13,60,1,0,0,0.5277767181396484,0.5277767181396484,0.5277767181396484,0.47222331166267395,8,6,3,post_calibration
118,12,8,15,60,1,1,1,0.5312511920928955,0.5312511920928955,0.4687488377094269,0.5312511920928955,8,6,3,post_calibration
118,13,8,16,60,1,1,1,0.5920364856719971,0.5920364856719971,0.40796345472335815,0.5920364856719971,8,6,3,post_calibration
118,14,8,17,60,1,1,1,0.7498207092285156,0.7498207092285156,0.25017932057380676,0.7498207092285156,8,6,3,post_calibration
119,0,8,0,60,0,1,0,0.5701349973678589,0.5701349973678589,0.4298649728298187,0.5701349973678589,8,1,6,zero_shot_paired
119,1,8,1,60,1,0,0,0.5213912129402161,0.5213912129402161,0.5213912129402161,0.47860878705978394,8,1,6,zero_shot_paired
119,2,8,2,60,1,1,1,0.6777706742286682,0.6777706742286682,0.3222293257713318,0.6777706742286682,8,1,6,zero_shot_paired
119,3,8,3,60,1,1,1,0.6553204655647278,0.6553204655647278,0.34467947483062744,0.6553204655647278,8,1,6,zero_shot_paired
119,4,8,6,60,1,1,1,0.59670490026474,0.59670490026474,0.40329509973526,0.59670490026474,8,1,6,zero_shot_paired
119,5,8,8,60,1,1,1,0.9324110150337219,0.9324110150337219,0.06758898496627808,0.9324110150337219,8,1,6,zero_shot_paired
119,6,8,9,60,1,1,1,0.6057735681533813,0.6057735681533813,0.3942264914512634,0.6057735681533813,8,1,6,zero_shot_paired
119,7,8,11,60,1,0,0,0.5413387417793274,0.5413387417793274,0.5413387417793274,0.4586612582206726,8,1,6,zero_shot_paired
119,8,8,12,60,1,1,1,0.5246762633323669,0.5246762633323669,0.47532370686531067,0.5246762633323669,8,1,6,zero_shot_paired
119,9,8,13,60,1,0,0,0.5611885190010071,0.5611885190010071,0.5611885190010071,0.4388115108013153,8,1,6,zero_shot_paired
119,10,8,16,60,1,1,1,0.5636669993400574,0.5636669993400574,0.4363330602645874,0.5636669993400574,8,1,6,zero_shot_paired
119,11,8,17,60,1,1,1,0.7300734519958496,0.7300734519958496,0.2699265778064728,0.7300734519958496,8,1,6,zero_shot_paired
119,0,8,0,60,0,1,0,0.5912033319473267,0.5912033319473267,0.40879660844802856,0.5912033319473267,8,1,6,post_calibration
119,1,8,1,60,1,1,1,0.5745570659637451,0.5745570659637451,0.42544296383857727,0.5745570659637451,8,1,6,post_calibration
119,2,8,2,60,1,1,1,0.707017719745636,0.707017719745636,0.2929823398590088,0.707017719745636,8,1,6,post_calibration
119,3,8,3,60,1,1,1,0.6943836212158203,0.6943836212158203,0.3056163787841797,0.6943836212158203,8,1,6,post_calibration
119,4,8,6,60,1,1,1,0.696360170841217,0.696360170841217,0.30363985896110535,0.696360170841217,8,1,6,post_calibration
119,5,8,8,60,1,1,1,0.9448772668838501,0.9448772668838501,0.055122796446084976,0.9448772668838501,8,1,6,post_calibration
119,6,8,9,60,1,1,1,0.6032363176345825,0.6032363176345825,0.3967636823654175,0.6032363176345825,8,1,6,post_calibration
119,7,8,11,60,1,0,0,0.5063167810440063,0.5063167810440063,0.5063167810440063,0.49368321895599365,8,1,6,post_calibration
119,8,8,12,60,1,1,1,0.5663651823997498,0.5663651823997498,0.43363478779792786,0.5663651823997498,8,1,6,post_calibration
119,9,8,13,60,1,0,0,0.5654074549674988,0.5654074549674988,0.5654074549674988,0.43459251523017883,8,1,6,post_calibration
119,10,8,16,60,1,1,1,0.5801810622215271,0.5801810622215271,0.4198189079761505,0.5801810622215271,8,1,6,post_calibration
119,11,8,17,60,1,1,1,0.7105247378349304,0.7105247378349304,0.2894752621650696,0.7105247378349304,8,1,6,post_calibration
120,0,8,2,60,1,1,1,0.6777706742286682,0.6777706742286682,0.3222293257713318,0.6777706742286682,8,2,6,zero_shot_paired
120,1,8,4,60,1,1,1,0.7269665598869324,0.7269665598869324,0.27303341031074524,0.7269665598869324,8,2,6,zero_shot_paired
120,2,8,5,60,1,1,1,0.6958533525466919,0.6958533525466919,0.3041466176509857,0.6958533525466919,8,2,6,zero_shot_paired
120,3,8,7,60,1,0,0,0.5326017737388611,0.5326017737388611,0.5326017737388611,0.4673982560634613,8,2,6,zero_shot_paired
120,4,8,9,60,1,1,1,0.6057735681533813,0.6057735681533813,0.3942264914512634,0.6057735681533813,8,2,6,zero_shot_paired
120,5,8,10,60,1,1,1,0.695349395275116,0.695349395275116,0.3046506345272064,0.695349395275116,8,2,6,zero_shot_paired
120,6,8,11,60,1,0,0,0.5413387417793274,0.5413387417793274,0.5413387417793274,0.4586612582206726,8,2,6,zero_shot_paired
120,7,8,13,60,1,0,0,0.5611885190010071,0.5611885190010071,0.5611885190010071,0.4388115108013153,8,2,6,zero_shot_paired
120,8,8,14,60,1,1,1,0.6708543300628662,0.6708543300628662,0.32914572954177856,0.6708543300628662,8,2,6,zero_shot_paired
120,9,8,15,60,1,0,0,0.5122884511947632,0.5122884511947632,0.5122884511947632,0.48771151900291443,8,2,6,zero_shot_paired
120,10,8,16,60,1,1,1,0.5636669993400574,0.5636669993400574,0.4363330602645874,0.5636669993400574,8,2,6,zero_shot_paired
120,11,8,17,60,1,1,1,0.7300734519958496,0.7300734519958496,0.2699265778064728,0.7300734519958496,8,2,6,zero_shot_paired
120,0,8,2,60,1,1,1,0.6935297250747681,0.6935297250747681,0.3064703047275543,0.6935297250747681,8,2,6,post_calibration
120,1,8,4,60,1,1,1,0.7610809803009033,0.7610809803009033,0.23891901969909668,0.7610809803009033,8,2,6,post_calibration
120,2,8,5,60,1,1,1,0.7290995121002197,0.7290995121002197,0.2709004282951355,0.7290995121002197,8,2,6,post_calibration
120,3,8,7,60,1,1,1,0.5134721398353577,0.5134721398353577,0.48652783036231995,0.5134721398353577,8,2,6,post_calibration
120,4,8,9,60,1,1,1,0.5663802027702332,0.5663802027702332,0.43361979722976685,0.5663802027702332,8,2,6,post_calibration
120,5,8,10,60,1,1,1,0.7691195011138916,0.7691195011138916,0.230880469083786,0.7691195011138916,8,2,6,post_calibration
120,6,8,11,60,1,0,0,0.5074400305747986,0.5074400305747986,0.5074400305747986,0.4925599992275238,8,2,6,post_calibration
120,7,8,13,60,1,0,0,0.5817598104476929,0.5817598104476929,0.5817598104476929,0.41824015974998474,8,2,6,post_calibration
120,8,8,14,60,1,1,1,0.6975510120391846,0.6975510120391846,0.3024490177631378,0.6975510120391846,8,2,6,post_calibration
120,9,8,15,60,1,1,1,0.512873649597168,0.512873649597168,0.48712635040283203,0.512873649597168,8,2,6,post_calibration
120,10,8,16,60,1,1,1,0.5672906041145325,0.5672906041145325,0.43270939588546753,0.5672906041145325,8,2,6,post_calibration
120,11,8,17,60,1,1,1,0.6968584060668945,0.6968584060668945,0.30314162373542786,0.6968584060668945,8,2,6,post_calibration
121,0,8,0,60,0,1,0,0.5701349973678589,0.5701349973678589,0.4298649728298187,0.5701349973678589,8,3,6,zero_shot_paired
121,1,8,1,60,1,0,0,0.5213912129402161,0.5213912129402161,0.5213912129402161,0.47860878705978394,8,3,6,zero_shot_paired
121,2,8,3,60,1,1,1,0.6553204655647278,0.6553204655647278,0.34467947483062744,0.6553204655647278,8,3,6,zero_shot_paired
121,3,8,4,60,1,1,1,0.7269665598869324,0.7269665598869324,0.27303341031074524,0.7269665598869324,8,3,6,zero_shot_paired
121,4,8,5,60,1,1,1,0.6958533525466919,0.6958533525466919,0.3041466176509857,0.6958533525466919,8,3,6,zero_shot_paired
121,5,8,6,60,1,1,1,0.59670490026474,0.59670490026474,0.40329509973526,0.59670490026474,8,3,6,zero_shot_paired
121,6,8,7,60,1,0,0,0.5326017737388611,0.5326017737388611,0.5326017737388611,0.4673982560634613,8,3,6,zero_shot_paired
121,7,8,8,60,1,1,1,0.9324110150337219,0.9324110150337219,0.06758898496627808,0.9324110150337219,8,3,6,zero_shot_paired
121,8,8,10,60,1,1,1,0.695349395275116,0.695349395275116,0.3046506345272064,0.695349395275116,8,3,6,zero_shot_paired
121,9,8,12,60,1,1,1,0.5246762633323669,0.5246762633323669,0.47532370686531067,0.5246762633323669,8,3,6,zero_shot_paired
121,10,8,14,60,1,1,1,0.6708543300628662,0.6708543300628662,0.32914572954177856,0.6708543300628662,8,3,6,zero_shot_paired
121,11,8,15,60,1,0,0,0.5122884511947632,0.5122884511947632,0.5122884511947632,0.48771151900291443,8,3,6,zero_shot_paired
121,0,8,0,60,0,1,0,0.6480992436408997,0.6480992436408997,0.35190069675445557,0.6480992436408997,8,3,6,post_calibration
121,1,8,1,60,1,0,0,0.5004100799560547,0.5004100799560547,0.5004100799560547,0.4995899200439453,8,3,6,post_calibration
121,2,8,3,60,1,1,1,0.6972257494926453,0.6972257494926453,0.3027742803096771,0.6972257494926453,8,3,6,post_calibration
121,3,8,4,60,1,1,1,0.7115671038627625,0.7115671038627625,0.2884328365325928,0.7115671038627625,8,3,6,post_calibration
121,4,8,5,60,1,1,1,0.7397133708000183,0.7397133708000183,0.2602865993976593,0.7397133708000183,8,3,6,post_calibration
121,5,8,6,60,1,1,1,0.6377379298210144,0.6377379298210144,0.36226212978363037,0.6377379298210144,8,3,6,post_calibration
121,6,8,7,60,1,0,0,0.5289991497993469,0.5289991497993469,0.5289991497993469,0.4710008203983307,8,3,6,post_calibration
121,7,8,8,60,1,1,1,0.9377216100692749,0.9377216100692749,0.06227843463420868,0.9377216100692749,8,3,6,post_calibration
121,8,8,10,60,1,1,1,0.6875004768371582,0.6875004768371582,0.3124994933605194,0.6875004768371582,8,3,6,post_calibration
121,9,8,12,60,1,1,1,0.5113353133201599,0.5113353133201599,0.4886646568775177,0.5113353133201599,8,3,6,post_calibration
121,10,8,14,60,1,1,1,0.7110046744346619,0.7110046744346619,0.28899529576301575,0.7110046744346619,8,3,6,post_calibration
121,11,8,15,60,1,1,1,0.5145165324211121,0.5145165324211121,0.48548343777656555,0.5145165324211121,8,3,6,post_calibration
122,0,8,2,60,1,1,1,0.6777690649032593,0.6777690649032593,0.3222309947013855,0.6777690649032593,8,1,9,zero_shot_paired
122,1,8,3,60,1,1,1,0.6553153395652771,0.6553153395652771,0.3446846902370453,0.6553153395652771,8,1,9,zero_shot_paired
122,2,8,5,60,1,1,1,0.6958550214767456,0.6958550214767456,0.3041450083255768,0.6958550214767456,8,1,9,zero_shot_paired
122,3,8,6,60,1,1,1,0.59670490026474,0.59670490026474,0.40329509973526,0.59670490026474,8,1,9,zero_shot_paired
122,4,8,10,60,1,1,1,0.695349395275116,0.695349395275116,0.3046506345272064,0.695349395275116,8,1,9,zero_shot_paired
122,5,8,13,60,1,0,0,0.5611847639083862,0.5611847639083862,0.5611847639083862,0.43881526589393616,8,1,9,zero_shot_paired
122,6,8,14,60,1,1,1,0.6708526015281677,0.6708526015281677,0.3291473984718323,0.6708526015281677,8,1,9,zero_shot_paired
122,7,8,16,60,1,1,1,0.5636650919914246,0.5636650919914246,0.43633490800857544,0.5636650919914246,8,1,9,zero_shot_paired
122,8,8,17,60,1,1,1,0.7300689220428467,0.7300689220428467,0.2699311077594757,0.7300689220428467,8,1,9,zero_shot_paired
122,0,8,2,60,1,1,1,0.722777783870697,0.722777783870697,0.2772221863269806,0.722777783870697,8,1,9,post_calibration
122,1,8,3,60,1,1,1,0.6918943524360657,0.6918943524360657,0.3081056773662567,0.6918943524360657,8,1,9,post_calibration
122,2,8,5,60,1,1,1,0.7697083353996277,0.7697083353996277,0.2302916944026947,0.7697083353996277,8,1,9,post_calibration
122,3,8,6,60,1,1,1,0.6927978992462158,0.6927978992462158,0.3072021007537842,0.6927978992462158,8,1,9,post_calibration
122,4,8,10,60,1,1,1,0.7677688002586365,0.7677688002586365,0.2322312593460083,0.7677688002586365,8,1,9,post_calibration
122,5,8,13,60,1,0,0,0.5393282175064087,0.5393282175064087,0.5393282175064087,0.4606717824935913,8,1,9,post_calibration
122,6,8,14,60,1,1,1,0.7387353181838989,0.7387353181838989,0.2612646222114563,0.7387353181838989,8,1,9,post_calibration
122,7,8,16,60,1,1,1,0.5868576765060425,0.5868576765060425,0.41314229369163513,0.5868576765060425,8,1,9,post_calibration
122,8,8,17,60,1,1,1,0.7254571914672852,0.7254571914672852,0.27454277873039246,0.7254571914672852,8,1,9,post_calibration
123,0,8,0,60,0,1,0,0.5701349973678589,0.5701349973678589,0.4298649728298187,0.5701349973678589,8,2,9,zero_shot_paired
123,1,8,1,60,1,0,0,0.5213949680328369,0.5213949680328369,0.5213949680328369,0.4786050021648407,8,2,9,zero_shot_paired
123,2,8,4,60,1,1,1,0.7269529104232788,0.7269529104232788,0.2730470597743988,0.7269529104232788,8,2,9,zero_shot_paired
123,3,8,7,60,1,0,0,0.5325941443443298,0.5325941443443298,0.5325941443443298,0.4674058258533478,8,2,9,zero_shot_paired
123,4,8,8,60,1,1,1,0.9324095249176025,0.9324095249176025,0.06759043037891388,0.9324095249176025,8,2,9,zero_shot_paired
123,5,8,9,60,1,1,1,0.6057735681533813,0.6057735681533813,0.3942264914512634,0.6057735681533813,8,2,9,zero_shot_paired
123,6,8,11,60,1,0,0,0.5413216948509216,0.5413216948509216,0.5413216948509216,0.458678275346756,8,2,9,zero_shot_paired
123,7,8,12,60,1,1,1,0.5246725082397461,0.5246725082397461,0.4753275215625763,0.5246725082397461,8,2,9,zero_shot_paired
123,8,8,15,60,1,0,0,0.5122941732406616,0.5122941732406616,0.5122941732406616,0.487705796957016,8,2,9,zero_shot_paired
123,0,8,0,60,0,1,0,0.6386944651603699,0.6386944651603699,0.3613055348396301,0.6386944651603699,8,2,9,post_calibration
123,1,8,1,60,1,1,1,0.5521473288536072,0.5521473288536072,0.4478526711463928,0.5521473288536072,8,2,9,post_calibration
123,2,8,4,60,1,1,1,0.7489093542098999,0.7489093542098999,0.2510906457901001,0.7489093542098999,8,2,9,post_calibration
123,3,8,7,60,1,1,1,0.5196641683578491,0.5196641683578491,0.4803358316421509,0.5196641683578491,8,2,9,post_calibration
123,4,8,8,60,1,1,1,0.9439302682876587,0.9439302682876587,0.0560697503387928,0.9439302682876587,8,2,9,post_calibration
123,5,8,9,60,1,1,1,0.6750403642654419,0.6750403642654419,0.3249596655368805,0.6750403642654419,8,2,9,post_calibration
123,6,8,11,60,1,1,1,0.5382324457168579,0.5382324457168579,0.4617675840854645,0.5382324457168579,8,2,9,post_calibration
123,7,8,12,60,1,1,1,0.5294496417045593,0.5294496417045593,0.4705503284931183,0.5294496417045593,8,2,9,post_calibration
123,8,8,15,60,1,1,1,0.564462423324585,0.564462423324585,0.4355376064777374,0.564462423324585,8,2,9,post_calibration
124,0,8,2,60,1,1,1,0.6777656674385071,0.6777656674385071,0.3222343325614929,0.6777656674385071,8,1,12,zero_shot_paired
124,1,8,4,60,1,1,1,0.7269998788833618,0.7269998788833618,0.27300015091896057,0.7269998788833618,8,1,12,zero_shot_paired
124,2,8,5,60,1,1,1,0.6958565711975098,0.6958565711975098,0.30414339900016785,0.6958565711975098,8,1,12,zero_shot_paired
124,3,8,12,60,1,1,1,0.5250187516212463,0.5250187516212463,0.47498124837875366,0.5250187516212463,8,1,12,zero_shot_paired
124,4,8,13,60,1,0,0,0.5612486600875854,0.5612486600875854,0.5612486600875854,0.43875136971473694,8,1,12,zero_shot_paired
124,5,8,15,60,1,0,0,0.512227475643158,0.512227475643158,0.512227475643158,0.48777252435684204,8,1,12,zero_shot_paired
124,0,8,2,60,1,1,1,0.7382447123527527,0.7382447123527527,0.2617552578449249,0.7382447123527527,8,1,12,post_calibration
124,1,8,4,60,1,1,1,0.748165488243103,0.748165488243103,0.25183454155921936,0.748165488243103,8,1,12,post_calibration
124,2,8,5,60,1,1,1,0.7886645793914795,0.7886645793914795,0.2113354355096817,0.7886645793914795,8,1,12,post_calibration
124,3,8,12,60,1,1,1,0.5476360321044922,0.5476360321044922,0.45236390829086304,0.5476360321044922,8,1,12,post_calibration
124,4,8,13,60,1,0,0,0.5371874570846558,0.5371874570846558,0.5371874570846558,0.46281254291534424,8,1,12,post_calibration
124,5,8,15,60,1,1,1,0.5551186800003052,0.5551186800003052,0.44488129019737244,0.5551186800003052,8,1,12,post_calibration
125,0,8,5,60,1,1,1,0.6958565711975098,0.6958565711975098,0.30414339900016785,0.6958565711975098,8,2,12,zero_shot_paired
125,1,8,10,60,1,1,1,0.6953622698783875,0.6953622698783875,0.30463770031929016,0.6953622698783875,8,2,12,zero_shot_paired
125,2,8,11,60,1,0,0,0.5412687063217163,0.5412687063217163,0.5412687063217163,0.45873135328292847,8,2,12,zero_shot_paired
125,3,8,12,60,1,1,1,0.5250187516212463,0.5250187516212463,0.47498124837875366,0.5250187516212463,8,2,12,zero_shot_paired
125,4,8,14,60,1,1,1,0.6708155274391174,0.6708155274391174,0.32918447256088257,0.6708155274391174,8,2,12,zero_shot_paired
125,5,8,17,60,1,1,1,0.7300523519515991,0.7300523519515991,0.2699476182460785,0.7300523519515991,8,2,12,zero_shot_paired
125,0,8,5,60,1,1,1,0.7617157697677612,0.7617157697677612,0.23828420042991638,0.7617157697677612,8,2,12,post_calibration
125,1,8,10,60,1,1,1,0.7384157180786133,0.7384157180786133,0.2615843117237091,0.7384157180786133,8,2,12,post_calibration
125,2,8,11,60,1,1,1,0.5190375447273254,0.5190375447273254,0.4809624254703522,0.5190375447273254,8,2,12,post_calibration
125,3,8,12,60,1,1,1,0.544439971446991,0.544439971446991,0.45555999875068665,0.544439971446991,8,2,12,post_calibration
125,4,8,14,60,1,1,1,0.7363694906234741,0.7363694906234741,0.2636305093765259,0.7363694906234741,8,2,12,post_calibration
125,5,8,17,60,1,1,1,0.7433252334594727,0.7433252334594727,0.25667473673820496,0.7433252334594727,8,2,12,post_calibration
126,0,8,2,60,1,1,1,0.6777656674385071,0.6777656674385071,0.3222343325614929,0.6777656674385071,8,3,12,zero_shot_paired
126,1,8,4,60,1,1,1,0.7269998788833618,0.7269998788833618,0.27300015091896057,0.7269998788833618,8,3,12,zero_shot_paired
126,2,8,8,60,1,1,1,0.9324013590812683,0.9324013590812683,0.0675986036658287,0.9324013590812683,8,3,12,zero_shot_paired
126,3,8,11,60,1,0,0,0.5412687063217163,0.5412687063217163,0.5412687063217163,0.45873135328292847,8,3,12,zero_shot_paired
126,4,8,14,60,1,1,1,0.6708155274391174,0.6708155274391174,0.32918447256088257,0.6708155274391174,8,3,12,zero_shot_paired
126,5,8,17,60,1,1,1,0.7300523519515991,0.7300523519515991,0.2699476182460785,0.7300523519515991,8,3,12,zero_shot_paired
126,0,8,2,60,1,1,1,0.7174064517021179,0.7174064517021179,0.2825935184955597,0.7174064517021179,8,3,12,post_calibration
126,1,8,4,60,1,1,1,0.7647832036018372,0.7647832036018372,0.23521681129932404,0.7647832036018372,8,3,12,post_calibration
126,2,8,8,60,1,1,1,0.9389627575874329,0.9389627575874329,0.06103724613785744,0.9389627575874329,8,3,12,post_calibration
126,3,8,11,60,1,1,1,0.5146690011024475,0.5146690011024475,0.4853309988975525,0.5146690011024475,8,3,12,post_calibration
126,4,8,14,60,1,1,1,0.7266848087310791,0.7266848087310791,0.2733151614665985,0.7266848087310791,8,3,12,post_calibration
126,5,8,17,60,1,1,1,0.7275779247283936,0.7275779247283936,0.27242204546928406,0.7275779247283936,8,3,12,post_calibration
10,0,9,0,60,0,1,0,0.5855066776275635,0.5855066776275635,0.41449329257011414,0.5855066776275635,9,,,zero_shot_all_trials
10,1,9,1,60,0,0,1,0.5914466977119446,0.5914466977119446,0.5914466977119446,0.40855327248573303,9,,,zero_shot_all_trials
10,2,9,2,60,1,1,1,0.6560421586036682,0.6560421586036682,0.343957781791687,0.6560421586036682,9,,,zero_shot_all_trials
10,3,9,3,60,1,1,1,0.6341292262077332,0.6341292262077332,0.36587080359458923,0.6341292262077332,9,,,zero_shot_all_trials
10,4,9,4,60,1,1,1,0.5887247323989868,0.5887247323989868,0.4112752676010132,0.5887247323989868,9,,,zero_shot_all_trials
10,5,9,5,60,1,1,1,0.572127103805542,0.572127103805542,0.427872896194458,0.572127103805542,9,,,zero_shot_all_trials
10,6,9,6,60,1,1,1,0.6317912936210632,0.6317912936210632,0.3682086765766144,0.6317912936210632,9,,,zero_shot_all_trials
10,7,9,7,60,1,0,0,0.5648037195205688,0.5648037195205688,0.5648037195205688,0.43519625067710876,9,,,zero_shot_all_trials
10,8,9,8,60,0,1,0,0.8488401174545288,0.8488401174545288,0.15115989744663239,0.8488401174545288,9,,,zero_shot_all_trials
10,9,9,9,60,0,0,1,0.6265134811401367,0.6265134811401367,0.6265134811401367,0.37348657846450806,9,,,zero_shot_all_trials
10,10,9,10,60,0,1,0,0.6011637449264526,0.6011637449264526,0.398836225271225,0.6011637449264526,9,,,zero_shot_all_trials
10,11,9,11,60,0,0,1,0.703940749168396,0.703940749168396,0.703940749168396,0.2960592210292816,9,,,zero_shot_all_trials
10,12,9,12,60,1,1,1,0.78152996301651,0.78152996301651,0.2184700071811676,0.78152996301651,9,,,zero_shot_all_trials
10,13,9,13,60,0,1,0,0.5112171173095703,0.5112171173095703,0.4887828826904297,0.5112171173095703,9,,,zero_shot_all_trials
10,14,9,14,60,0,1,0,0.668302059173584,0.668302059173584,0.33169788122177124,0.668302059173584,9,,,zero_shot_all_trials
10,15,9,15,60,1,1,1,0.6330593824386597,0.6330593824386597,0.36694055795669556,0.6330593824386597,9,,,zero_shot_all_trials
10,16,9,16,60,0,0,1,0.5499975681304932,0.5499975681304932,0.5499975681304932,0.4500024616718292,9,,,zero_shot_all_trials
10,17,9,17,60,1,0,0,0.5911775231361389,0.5911775231361389,0.5911775231361389,0.4088224470615387,9,,,zero_shot_all_trials
127,0,9,0,60,0,1,0,0.5855104327201843,0.5855104327201843,0.4144895672798157,0.5855104327201843,9,1,3,zero_shot_paired
127,1,9,1,60,0,0,1,0.5914412140846252,0.5914412140846252,0.5914412140846252,0.40855881571769714,9,1,3,zero_shot_paired
127,2,9,2,60,1,1,1,0.6560559868812561,0.6560559868812561,0.3439440131187439,0.6560559868812561,9,1,3,zero_shot_paired
127,3,9,5,60,1,1,1,0.572125256061554,0.572125256061554,0.42787477374076843,0.572125256061554,9,1,3,zero_shot_paired
127,4,9,6,60,1,1,1,0.6317895650863647,0.6317895650863647,0.36821043491363525,0.6317895650863647,9,1,3,zero_shot_paired
127,5,9,7,60,1,0,0,0.5647943615913391,0.5647943615913391,0.5647943615913391,0.4352056086063385,9,1,3,zero_shot_paired
127,6,9,9,60,0,0,1,0.6265152096748352,0.6265152096748352,0.6265152096748352,0.3734847605228424,9,1,3,zero_shot_paired
127,7,9,10,60,0,1,0,0.60115647315979,0.60115647315979,0.39884355664253235,0.60115647315979,9,1,3,zero_shot_paired
127,8,9,11,60,0,0,1,0.7039439678192139,0.7039439678192139,0.7039439678192139,0.29605603218078613,9,1,3,zero_shot_paired
127,9,9,12,60,1,1,1,0.78152996301651,0.78152996301651,0.2184700071811676,0.78152996301651,9,1,3,zero_shot_paired
127,10,9,13,60,0,1,0,0.5112056732177734,0.5112056732177734,0.4887942969799042,0.5112056732177734,9,1,3,zero_shot_paired
127,11,9,14,60,0,1,0,0.6682970523834229,0.6682970523834229,0.33170294761657715,0.6682970523834229,9,1,3,zero_shot_paired
127,12,9,15,60,1,1,1,0.6330576539039612,0.6330576539039612,0.3669423758983612,0.6330576539039612,9,1,3,zero_shot_paired
127,13,9,16,60,0,0,1,0.5499937534332275,0.5499937534332275,0.5499937534332275,0.45000624656677246,9,1,3,zero_shot_paired
127,14,9,17,60,1,0,0,0.591179370880127,0.591179370880127,0.591179370880127,0.40882059931755066,9,1,3,zero_shot_paired
127,0,9,0,60,0,1,0,0.5885159969329834,0.5885159969329834,0.4114840626716614,0.5885159969329834,9,1,3,post_calibration
127,1,9,1,60,0,0,1,0.6182349920272827,0.6182349920272827,0.6182349920272827,0.3817650377750397,9,1,3,post_calibration
127,2,9,2,60,1,1,1,0.6554359793663025,0.6554359793663025,0.3445640504360199,0.6554359793663025,9,1,3,post_calibration
127,3,9,5,60,1,1,1,0.5837559103965759,0.5837559103965759,0.4162440896034241,0.5837559103965759,9,1,3,post_calibration
127,4,9,6,60,1,1,1,0.6231404542922974,0.6231404542922974,0.3768596053123474,0.6231404542922974,9,1,3,post_calibration
127,5,9,7,60,1,0,0,0.5613049864768982,0.5613049864768982,0.5613049864768982,0.4386950135231018,9,1,3,post_calibration
127,6,9,9,60,0,0,1,0.6437143087387085,0.6437143087387085,0.6437143087387085,0.3562856614589691,9,1,3,post_calibration
127,7,9,10,60,0,1,0,0.5971876978874207,0.5971876978874207,0.40281230211257935,0.5971876978874207,9,1,3,post_calibration
127,8,9,11,60,0,0,1,0.7101150155067444,0.7101150155067444,0.7101150155067444,0.2898849844932556,9,1,3,post_calibration
127,9,9,12,60,1,1,1,0.7897611856460571,0.7897611856460571,0.21023885905742645,0.7897611856460571,9,1,3,post_calibration
127,10,9,13,60,0,0,1,0.5005073547363281,0.5005073547363281,0.5005073547363281,0.4994926452636719,9,1,3,post_calibration
127,11,9,14,60,0,1,0,0.6635276079177856,0.6635276079177856,0.33647242188453674,0.6635276079177856,9,1,3,post_calibration
127,12,9,15,60,1,1,1,0.6372988224029541,0.6372988224029541,0.3627011179924011,0.6372988224029541,9,1,3,post_calibration
127,13,9,16,60,0,0,1,0.5574689507484436,0.5574689507484436,0.5574689507484436,0.4425310790538788,9,1,3,post_calibration
127,14,9,17,60,1,0,0,0.6017800569534302,0.6017800569534302,0.6017800569534302,0.39821991324424744,9,1,3,post_calibration
128,0,9,0,60,0,1,0,0.5855159759521484,0.5855159759521484,0.41448405385017395,0.5855159759521484,9,2,3,zero_shot_paired
128,1,9,1,60,0,0,1,0.5914449095726013,0.5914449095726013,0.5914449095726013,0.4085550904273987,9,2,3,zero_shot_paired
128,2,9,2,60,1,1,1,0.65606290102005,0.65606290102005,0.34393712878227234,0.65606290102005,9,2,3,zero_shot_paired
128,3,9,3,60,1,1,1,0.6341150403022766,0.6341150403022766,0.365884929895401,0.6341150403022766,9,2,3,zero_shot_paired
128,4,9,4,60,1,1,1,0.5887302756309509,0.5887302756309509,0.4112697243690491,0.5887302756309509,9,2,3,zero_shot_paired
128,5,9,5,60,1,1,1,0.5721401572227478,0.5721401572227478,0.4278598129749298,0.5721401572227478,9,2,3,zero_shot_paired
128,6,9,6,60,1,1,1,0.631796658039093,0.631796658039093,0.368203341960907,0.631796658039093,9,2,3,zero_shot_paired
128,7,9,8,60,0,1,0,0.8488401174545288,0.8488401174545288,0.15115989744663239,0.8488401174545288,9,2,3,zero_shot_paired
128,8,9,9,60,0,0,1,0.6264920234680176,0.6264920234680176,0.6264920234680176,0.3735080063343048,9,2,3,zero_shot_paired
128,9,9,10,60,0,1,0,0.6011673808097839,0.6011673808097839,0.3988325595855713,0.6011673808097839,9,2,3,zero_shot_paired
128,10,9,12,60,1,1,1,0.7815312743186951,0.7815312743186951,0.21846871078014374,0.7815312743186951,9,2,3,zero_shot_paired
128,11,9,13,60,0,1,0,0.5112190246582031,0.5112190246582031,0.4887809753417969,0.5112190246582031,9,2,3,zero_shot_paired
128,12,9,14,60,0,1,0,0.6682970523834229,0.6682970523834229,0.33170294761657715,0.6682970523834229,9,2,3,zero_shot_paired
128,13,9,15,60,1,1,1,0.6330523490905762,0.6330523490905762,0.36694765090942383,0.6330523490905762,9,2,3,zero_shot_paired
128,14,9,16,60,0,0,1,0.5499918460845947,0.5499918460845947,0.5499918460845947,0.4500081539154053,9,2,3,zero_shot_paired
128,0,9,0,60,0,1,0,0.5897440910339355,0.5897440910339355,0.41025596857070923,0.5897440910339355,9,2,3,post_calibration
128,1,9,1,60,0,0,1,0.5755675435066223,0.5755675435066223,0.5755675435066223,0.4244324564933777,9,2,3,post_calibration
128,2,9,2,60,1,1,1,0.6686791777610779,0.6686791777610779,0.3313208222389221,0.6686791777610779,9,2,3,post_calibration
128,3,9,3,60,1,1,1,0.6372159719467163,0.6372159719467163,0.3627839982509613,0.6372159719467163,9,2,3,post_calibration
128,4,9,4,60,1,1,1,0.5951856374740601,0.5951856374740601,0.40481439232826233,0.5951856374740601,9,2,3,post_calibration
128,5,9,5,60,1,1,1,0.5823796987533569,0.5823796987533569,0.4176202714443207,0.5823796987533569,9,2,3,post_calibration
128,6,9,6,60,1,1,1,0.6371489763259888,0.6371489763259888,0.36285102367401123,0.6371489763259888,9,2,3,post_calibration
128,7,9,8,60,0,1,0,0.8541999459266663,0.8541999459266663,0.14580006897449493,0.8541999459266663,9,2,3,post_calibration
128,8,9,9,60,0,0,1,0.6282684206962585,0.6282684206962585,0.6282684206962585,0.37173157930374146,9,2,3,post_calibration
128,9,9,10,60,0,1,0,0.6349855065345764,0.6349855065345764,0.3650144636631012,0.6349855065345764,9,2,3,post_calibration
128,10,9,12,60,1,1,1,0.7922671437263489,0.7922671437263489,0.20773282647132874,0.7922671437263489,9,2,3,post_calibration
128,11,9,13,60,0,1,0,0.5369200110435486,0.5369200110435486,0.4630800187587738,0.5369200110435486,9,2,3,post_calibration
128,12,9,14,60,0,1,0,0.6814336776733398,0.6814336776733398,0.31856629252433777,0.6814336776733398,9,2,3,post_calibration
128,13,9,15,60,1,1,1,0.6510117650032043,0.6510117650032043,0.34898823499679565,0.6510117650032043,9,2,3,post_calibration
128,14,9,16,60,0,0,1,0.5384201407432556,0.5384201407432556,0.5384201407432556,0.4615798592567444,9,2,3,post_calibration
129,0,9,1,60,0,0,1,0.5914449095726013,0.5914449095726013,0.5914449095726013,0.4085550904273987,9,3,3,zero_shot_paired
129,1,9,2,60,1,1,1,0.65606290102005,0.65606290102005,0.34393712878227234,0.65606290102005,9,3,3,zero_shot_paired
129,2,9,3,60,1,1,1,0.6341150403022766,0.6341150403022766,0.365884929895401,0.6341150403022766,9,3,3,zero_shot_paired
129,3,9,4,60,1,1,1,0.5887302756309509,0.5887302756309509,0.4112697243690491,0.5887302756309509,9,3,3,zero_shot_paired
129,4,9,5,60,1,1,1,0.5721401572227478,0.5721401572227478,0.4278598129749298,0.5721401572227478,9,3,3,zero_shot_paired
129,5,9,6,60,1,1,1,0.631796658039093,0.631796658039093,0.368203341960907,0.631796658039093,9,3,3,zero_shot_paired
129,6,9,7,60,1,0,0,0.5647980570793152,0.5647980570793152,0.5647980570793152,0.43520188331604004,9,3,3,zero_shot_paired
129,7,9,8,60,0,1,0,0.8488401174545288,0.8488401174545288,0.15115989744663239,0.8488401174545288,9,3,3,zero_shot_paired
129,8,9,9,60,0,0,1,0.6264920234680176,0.6264920234680176,0.6264920234680176,0.3735080063343048,9,3,3,zero_shot_paired
129,9,9,11,60,0,0,1,0.703951895236969,0.703951895236969,0.703951895236969,0.296048104763031,9,3,3,zero_shot_paired
129,10,9,13,60,0,1,0,0.5112190246582031,0.5112190246582031,0.4887809753417969,0.5112190246582031,9,3,3,zero_shot_paired
129,11,9,14,60,0,1,0,0.6682970523834229,0.6682970523834229,0.33170294761657715,0.6682970523834229,9,3,3,zero_shot_paired
129,12,9,15,60,1,1,1,0.6330523490905762,0.6330523490905762,0.36694765090942383,0.6330523490905762,9,3,3,zero_shot_paired
129,13,9,16,60,0,0,1,0.5499918460845947,0.5499918460845947,0.5499918460845947,0.4500081539154053,9,3,3,zero_shot_paired
129,14,9,17,60,1,0,0,0.591181218624115,0.591181218624115,0.591181218624115,0.408818781375885,9,3,3,zero_shot_paired
129,0,9,1,60,0,0,1,0.6156620979309082,0.6156620979309082,0.6156620979309082,0.3843379020690918,9,3,3,post_calibration
129,1,9,2,60,1,1,1,0.6297710537910461,0.6297710537910461,0.37022894620895386,0.6297710537910461,9,3,3,post_calibration
129,2,9,3,60,1,1,1,0.6375933885574341,0.6375933885574341,0.3624066412448883,0.6375933885574341,9,3,3,post_calibration
129,3,9,4,60,1,1,1,0.5734992623329163,0.5734992623329163,0.42650070786476135,0.5734992623329163,9,3,3,post_calibration
129,4,9,5,60,1,1,1,0.5532149076461792,0.5532149076461792,0.4467851221561432,0.5532149076461792,9,3,3,post_calibration
129,5,9,6,60,1,1,1,0.6403021216392517,0.6403021216392517,0.35969793796539307,0.6403021216392517,9,3,3,post_calibration
129,6,9,7,60,1,0,0,0.5760855674743652,0.5760855674743652,0.5760855674743652,0.4239144027233124,9,3,3,post_calibration
129,7,9,8,60,0,1,0,0.8434997200965881,0.8434997200965881,0.15650029480457306,0.8434997200965881,9,3,3,post_calibration
129,8,9,9,60,0,0,1,0.6509112119674683,0.6509112119674683,0.6509112119674683,0.3490888178348541,9,3,3,post_calibration
129,9,9,11,60,0,0,1,0.7141719460487366,0.7141719460487366,0.7141719460487366,0.2858280539512634,9,3,3,post_calibration
129,10,9,13,60,0,1,0,0.5188300013542175,0.5188300013542175,0.48117005825042725,0.5188300013542175,9,3,3,post_calibration
129,11,9,14,60,0,1,0,0.649597704410553,0.649597704410553,0.350402295589447,0.649597704410553,9,3,3,post_calibration
129,12,9,15,60,1,1,1,0.6164019703865051,0.6164019703865051,0.3835979998111725,0.6164019703865051,9,3,3,post_calibration
129,13,9,16,60,0,0,1,0.571648895740509,0.571648895740509,0.571648895740509,0.4283510744571686,9,3,3,post_calibration
129,14,9,17,60,1,0,0,0.614531397819519,0.614531397819519,0.614531397819519,0.38546863198280334,9,3,3,post_calibration
130,0,9,0,60,0,1,0,0.5855159759521484,0.5855159759521484,0.41448405385017395,0.5855159759521484,9,4,3,zero_shot_paired
130,1,9,1,60,0,0,1,0.5914449095726013,0.5914449095726013,0.5914449095726013,0.4085550904273987,9,4,3,zero_shot_paired
130,2,9,2,60,1,1,1,0.65606290102005,0.65606290102005,0.34393712878227234,0.65606290102005,9,4,3,zero_shot_paired
130,3,9,3,60,1,1,1,0.6341150403022766,0.6341150403022766,0.365884929895401,0.6341150403022766,9,4,3,zero_shot_paired
130,4,9,4,60,1,1,1,0.5887302756309509,0.5887302756309509,0.4112697243690491,0.5887302756309509,9,4,3,zero_shot_paired
130,5,9,6,60,1,1,1,0.631796658039093,0.631796658039093,0.368203341960907,0.631796658039093,9,4,3,zero_shot_paired
130,6,9,7,60,1,0,0,0.5647980570793152,0.5647980570793152,0.5647980570793152,0.43520188331604004,9,4,3,zero_shot_paired
130,7,9,8,60,0,1,0,0.8488401174545288,0.8488401174545288,0.15115989744663239,0.8488401174545288,9,4,3,zero_shot_paired
130,8,9,10,60,0,1,0,0.6011673808097839,0.6011673808097839,0.3988325595855713,0.6011673808097839,9,4,3,zero_shot_paired
130,9,9,11,60,0,0,1,0.703951895236969,0.703951895236969,0.703951895236969,0.296048104763031,9,4,3,zero_shot_paired
130,10,9,12,60,1,1,1,0.7815312743186951,0.7815312743186951,0.21846871078014374,0.7815312743186951,9,4,3,zero_shot_paired
130,11,9,13,60,0,1,0,0.5112190246582031,0.5112190246582031,0.4887809753417969,0.5112190246582031,9,4,3,zero_shot_paired
130,12,9,15,60,1,1,1,0.6330523490905762,0.6330523490905762,0.36694765090942383,0.6330523490905762,9,4,3,zero_shot_paired
130,13,9,16,60,0,0,1,0.5499918460845947,0.5499918460845947,0.5499918460845947,0.4500081539154053,9,4,3,zero_shot_paired
130,14,9,17,60,1,0,0,0.591181218624115,0.591181218624115,0.591181218624115,0.408818781375885,9,4,3,zero_shot_paired
130,0,9,0,60,0,1,0,0.584015429019928,0.584015429019928,0.415984570980072,0.584015429019928,9,4,3,post_calibration
130,1,9,1,60,0,0,1,0.6213147640228271,0.6213147640228271,0.6213147640228271,0.37868523597717285,9,4,3,post_calibration
130,2,9,2,60,1,1,1,0.6745397448539734,0.6745397448539734,0.3254602253437042,0.6745397448539734,9,4,3,post_calibration
130,3,9,3,60,1,1,1,0.6465997099876404,0.6465997099876404,0.353400319814682,0.6465997099876404,9,4,3,post_calibration
130,4,9,4,60,1,1,1,0.5776349902153015,0.5776349902153015,0.4223649799823761,0.5776349902153015,9,4,3,post_calibration
130,5,9,6,60,1,1,1,0.6196960806846619,0.6196960806846619,0.3803039491176605,0.6196960806846619,9,4,3,post_calibration
130,6,9,7,60,1,0,0,0.5568777918815613,0.5568777918815613,0.5568777918815613,0.44312217831611633,9,4,3,post_calibration
130,7,9,8,60,0,1,0,0.8356386423110962,0.8356386423110962,0.16436131298542023,0.8356386423110962,9,4,3,post_calibration
130,8,9,10,60,0,1,0,0.5900651812553406,0.5900651812553406,0.4099348187446594,0.5900651812553406,9,4,3,post_calibration
130,9,9,11,60,0,0,1,0.7159518599510193,0.7159518599510193,0.7159518599510193,0.2840481698513031,9,4,3,post_calibration
130,10,9,12,60,1,1,1,0.802116334438324,0.802116334438324,0.19788366556167603,0.802116334438324,9,4,3,post_calibration
130,11,9,13,60,0,0,1,0.5045145750045776,0.5045145750045776,0.5045145750045776,0.49548542499542236,9,4,3,post_calibration
130,12,9,15,60,1,1,1,0.6418820023536682,0.6418820023536682,0.3581180274486542,0.6418820023536682,9,4,3,post_calibration
130,13,9,16,60,0,0,1,0.5534053444862366,0.5534053444862366,0.5534053444862366,0.44659462571144104,9,4,3,post_calibration
130,14,9,17,60,1,0,0,0.6049387454986572,0.6049387454986572,0.6049387454986572,0.3950612246990204,9,4,3,post_calibration
131,0,9,0,60,0,1,0,0.5855159759521484,0.5855159759521484,0.41448405385017395,0.5855159759521484,9,5,3,zero_shot_paired
131,1,9,1,60,0,0,1,0.5914449095726013,0.5914449095726013,0.5914449095726013,0.4085550904273987,9,5,3,zero_shot_paired
131,2,9,3,60,1,1,1,0.6341150403022766,0.6341150403022766,0.365884929895401,0.6341150403022766,9,5,3,zero_shot_paired
131,3,9,4,60,1,1,1,0.5887302756309509,0.5887302756309509,0.4112697243690491,0.5887302756309509,9,5,3,zero_shot_paired
131,4,9,5,60,1,1,1,0.5721401572227478,0.5721401572227478,0.4278598129749298,0.5721401572227478,9,5,3,zero_shot_paired
131,5,9,6,60,1,1,1,0.631796658039093,0.631796658039093,0.368203341960907,0.631796658039093,9,5,3,zero_shot_paired
131,6,9,7,60,1,0,0,0.5647980570793152,0.5647980570793152,0.5647980570793152,0.43520188331604004,9,5,3,zero_shot_paired
131,7,9,8,60,0,1,0,0.8488401174545288,0.8488401174545288,0.15115989744663239,0.8488401174545288,9,5,3,zero_shot_paired
131,8,9,9,60,0,0,1,0.6264920234680176,0.6264920234680176,0.6264920234680176,0.3735080063343048,9,5,3,zero_shot_paired
131,9,9,10,60,0,1,0,0.6011673808097839,0.6011673808097839,0.3988325595855713,0.6011673808097839,9,5,3,zero_shot_paired
131,10,9,11,60,0,0,1,0.703951895236969,0.703951895236969,0.703951895236969,0.296048104763031,9,5,3,zero_shot_paired
131,11,9,12,60,1,1,1,0.7815312743186951,0.7815312743186951,0.21846871078014374,0.7815312743186951,9,5,3,zero_shot_paired
131,12,9,14,60,0,1,0,0.6682970523834229,0.6682970523834229,0.33170294761657715,0.6682970523834229,9,5,3,zero_shot_paired
131,13,9,16,60,0,0,1,0.5499918460845947,0.5499918460845947,0.5499918460845947,0.4500081539154053,9,5,3,zero_shot_paired
131,14,9,17,60,1,0,0,0.591181218624115,0.591181218624115,0.591181218624115,0.408818781375885,9,5,3,zero_shot_paired
131,0,9,0,60,0,1,0,0.608534038066864,0.608534038066864,0.3914659023284912,0.608534038066864,9,5,3,post_calibration
131,1,9,1,60,0,0,1,0.5859344005584717,0.5859344005584717,0.5859344005584717,0.4140656590461731,9,5,3,post_calibration
131,2,9,3,60,1,1,1,0.6528952717781067,0.6528952717781067,0.3471047282218933,0.6528952717781067,9,5,3,post_calibration
131,3,9,4,60,1,1,1,0.5930680632591248,0.5930680632591248,0.40693193674087524,0.5930680632591248,9,5,3,post_calibration
131,4,9,5,60,1,1,1,0.5815908908843994,0.5815908908843994,0.4184091091156006,0.5815908908843994,9,5,3,post_calibration
131,5,9,6,60,1,1,1,0.6049332618713379,0.6049332618713379,0.3950667083263397,0.6049332618713379,9,5,3,post_calibration
131,6,9,7,60,1,0,0,0.5256655812263489,0.5256655812263489,0.5256655812263489,0.47433438897132874,9,5,3,post_calibration
131,7,9,8,60,0,1,0,0.8490592837333679,0.8490592837333679,0.15094076097011566,0.8490592837333679,9,5,3,post_calibration
131,8,9,9,60,0,0,1,0.6341027021408081,0.6341027021408081,0.6341027021408081,0.3658973276615143,9,5,3,post_calibration
131,9,9,10,60,0,1,0,0.619568407535553,0.619568407535553,0.380431592464447,0.619568407535553,9,5,3,post_calibration
131,10,9,11,60,0,0,1,0.7164139747619629,0.7164139747619629,0.7164139747619629,0.2835860550403595,9,5,3,post_calibration
131,11,9,12,60,1,1,1,0.8134469389915466,0.8134469389915466,0.18655310571193695,0.8134469389915466,9,5,3,post_calibration
131,12,9,14,60,0,1,0,0.6610584259033203,0.6610584259033203,0.3389415442943573,0.6610584259033203,9,5,3,post_calibration
131,13,9,16,60,0,0,1,0.5077546238899231,0.5077546238899231,0.5077546238899231,0.4922453463077545,9,5,3,post_calibration
131,14,9,17,60,1,0,0,0.6441743969917297,0.6441743969917297,0.6441743969917297,0.35582563281059265,9,5,3,post_calibration
132,0,9,0,60,0,1,0,0.5855159759521484,0.5855159759521484,0.41448405385017395,0.5855159759521484,9,6,3,zero_shot_paired
132,1,9,2,60,1,1,1,0.65606290102005,0.65606290102005,0.34393712878227234,0.65606290102005,9,6,3,zero_shot_paired
132,2,9,3,60,1,1,1,0.6341150403022766,0.6341150403022766,0.365884929895401,0.6341150403022766,9,6,3,zero_shot_paired
132,3,9,4,60,1,1,1,0.5887302756309509,0.5887302756309509,0.4112697243690491,0.5887302756309509,9,6,3,zero_shot_paired
132,4,9,5,60,1,1,1,0.5721401572227478,0.5721401572227478,0.4278598129749298,0.5721401572227478,9,6,3,zero_shot_paired
132,5,9,7,60,1,0,0,0.5647980570793152,0.5647980570793152,0.5647980570793152,0.43520188331604004,9,6,3,zero_shot_paired
132,6,9,8,60,0,1,0,0.8488401174545288,0.8488401174545288,0.15115989744663239,0.8488401174545288,9,6,3,zero_shot_paired
132,7,9,9,60,0,0,1,0.6264920234680176,0.6264920234680176,0.6264920234680176,0.3735080063343048,9,6,3,zero_shot_paired
132,8,9,10,60,0,1,0,0.6011673808097839,0.6011673808097839,0.3988325595855713,0.6011673808097839,9,6,3,zero_shot_paired
132,9,9,11,60,0,0,1,0.703951895236969,0.703951895236969,0.703951895236969,0.296048104763031,9,6,3,zero_shot_paired
132,10,9,12,60,1,1,1,0.7815312743186951,0.7815312743186951,0.21846871078014374,0.7815312743186951,9,6,3,zero_shot_paired
132,11,9,13,60,0,1,0,0.5112190246582031,0.5112190246582031,0.4887809753417969,0.5112190246582031,9,6,3,zero_shot_paired
132,12,9,14,60,0,1,0,0.6682970523834229,0.6682970523834229,0.33170294761657715,0.6682970523834229,9,6,3,zero_shot_paired
132,13,9,15,60,1,1,1,0.6330523490905762,0.6330523490905762,0.36694765090942383,0.6330523490905762,9,6,3,zero_shot_paired
132,14,9,17,60,1,0,0,0.591181218624115,0.591181218624115,0.591181218624115,0.408818781375885,9,6,3,zero_shot_paired
132,0,9,0,60,0,1,0,0.5509339570999146,0.5509339570999146,0.44906604290008545,0.5509339570999146,9,6,3,post_calibration
132,1,9,2,60,1,1,1,0.6378753185272217,0.6378753185272217,0.36212462186813354,0.6378753185272217,9,6,3,post_calibration
132,2,9,3,60,1,1,1,0.6353939175605774,0.6353939175605774,0.364606112241745,0.6353939175605774,9,6,3,post_calibration
132,3,9,4,60,1,1,1,0.5901390314102173,0.5901390314102173,0.4098609983921051,0.5901390314102173,9,6,3,post_calibration
132,4,9,5,60,1,1,1,0.5810709595680237,0.5810709595680237,0.4189290404319763,0.5810709595680237,9,6,3,post_calibration
132,5,9,7,60,1,0,0,0.5898861885070801,0.5898861885070801,0.5898861885070801,0.4101138114929199,9,6,3,post_calibration
132,6,9,8,60,0,1,0,0.832887589931488,0.832887589931488,0.16711243987083435,0.832887589931488,9,6,3,post_calibration
132,7,9,9,60,0,0,1,0.6324992179870605,0.6324992179870605,0.6324992179870605,0.36750078201293945,9,6,3,post_calibration
132,8,9,10,60,0,1,0,0.5808907747268677,0.5808907747268677,0.41910916566848755,0.5808907747268677,9,6,3,post_calibration
132,9,9,11,60,0,0,1,0.7141578793525696,0.7141578793525696,0.7141578793525696,0.28584206104278564,9,6,3,post_calibration
132,10,9,12,60,1,1,1,0.7582449316978455,0.7582449316978455,0.24175499379634857,0.7582449316978455,9,6,3,post_calibration
132,11,9,13,60,0,1,0,0.5410394668579102,0.5410394668579102,0.45896056294441223,0.5410394668579102,9,6,3,post_calibration
132,12,9,14,60,0,1,0,0.652393639087677,0.652393639087677,0.3476063013076782,0.652393639087677,9,6,3,post_calibration
132,13,9,15,60,1,1,1,0.6163352131843567,0.6163352131843567,0.3836647570133209,0.6163352131843567,9,6,3,post_calibration
132,14,9,17,60,1,0,0,0.5814868807792664,0.5814868807792664,0.5814868807792664,0.41851305961608887,9,6,3,post_calibration
133,0,9,0,60,0,1,0,0.5855159759521484,0.5855159759521484,0.41448405385017395,0.5855159759521484,9,1,6,zero_shot_paired
133,1,9,1,60,0,0,1,0.5914449095726013,0.5914449095726013,0.5914449095726013,0.4085550904273987,9,1,6,zero_shot_paired
133,2,9,3,60,1,1,1,0.6341150403022766,0.6341150403022766,0.365884929895401,0.6341150403022766,9,1,6,zero_shot_paired
133,3,9,4,60,1,1,1,0.5887302756309509,0.5887302756309509,0.4112697243690491,0.5887302756309509,9,1,6,zero_shot_paired
133,4,9,5,60,1,1,1,0.5721401572227478,0.5721401572227478,0.4278598129749298,0.5721401572227478,9,1,6,zero_shot_paired
133,5,9,6,60,1,1,1,0.631796658039093,0.631796658039093,0.368203341960907,0.631796658039093,9,1,6,zero_shot_paired
133,6,9,8,60,0,1,0,0.8488401174545288,0.8488401174545288,0.15115989744663239,0.8488401174545288,9,1,6,zero_shot_paired
133,7,9,10,60,0,1,0,0.6011673808097839,0.6011673808097839,0.3988325595855713,0.6011673808097839,9,1,6,zero_shot_paired
133,8,9,11,60,0,0,1,0.703951895236969,0.703951895236969,0.703951895236969,0.296048104763031,9,1,6,zero_shot_paired
133,9,9,12,60,1,1,1,0.7815312743186951,0.7815312743186951,0.21846871078014374,0.7815312743186951,9,1,6,zero_shot_paired
133,10,9,14,60,0,1,0,0.6682970523834229,0.6682970523834229,0.33170294761657715,0.6682970523834229,9,1,6,zero_shot_paired
133,11,9,15,60,1,1,1,0.6330523490905762,0.6330523490905762,0.36694765090942383,0.6330523490905762,9,1,6,zero_shot_paired
133,0,9,0,60,0,1,0,0.5777317881584167,0.5777317881584167,0.42226824164390564,0.5777317881584167,9,1,6,post_calibration
133,1,9,1,60,0,0,1,0.5769628882408142,0.5769628882408142,0.5769628882408142,0.4230371117591858,9,1,6,post_calibration
133,2,9,3,60,1,1,1,0.6336919069290161,0.6336919069290161,0.3663080930709839,0.6336919069290161,9,1,6,post_calibration
133,3,9,4,60,1,1,1,0.5895853042602539,0.5895853042602539,0.4104147255420685,0.5895853042602539,9,1,6,post_calibration
133,4,9,5,60,1,1,1,0.5707743763923645,0.5707743763923645,0.4292255938053131,0.5707743763923645,9,1,6,post_calibration
133,5,9,6,60,1,1,1,0.6232084631919861,0.6232084631919861,0.37679150700569153,0.6232084631919861,9,1,6,post_calibration
133,6,9,8,60,0,1,0,0.849775493144989,0.849775493144989,0.1502244621515274,0.849775493144989,9,1,6,post_calibration
133,7,9,10,60,0,1,0,0.6310456395149231,0.6310456395149231,0.3689544200897217,0.6310456395149231,9,1,6,post_calibration
133,8,9,11,60,0,0,1,0.7092740535736084,0.7092740535736084,0.7092740535736084,0.2907259464263916,9,1,6,post_calibration
133,9,9,12,60,1,1,1,0.7898371815681458,0.7898371815681458,0.21016286313533783,0.7898371815681458,9,1,6,post_calibration
133,10,9,14,60,0,1,0,0.6704548597335815,0.6704548597335815,0.3295450806617737,0.6704548597335815,9,1,6,post_calibration
133,11,9,15,60,1,1,1,0.6378418803215027,0.6378418803215027,0.3621580898761749,0.6378418803215027,9,1,6,post_calibration
134,0,9,0,60,0,1,0,0.5855159759521484,0.5855159759521484,0.41448405385017395,0.5855159759521484,9,2,6,zero_shot_paired
134,1,9,1,60,0,0,1,0.5914449095726013,0.5914449095726013,0.5914449095726013,0.4085550904273987,9,2,6,zero_shot_paired
134,2,9,2,60,1,1,1,0.65606290102005,0.65606290102005,0.34393712878227234,0.65606290102005,9,2,6,zero_shot_paired
134,3,9,3,60,1,1,1,0.6341150403022766,0.6341150403022766,0.365884929895401,0.6341150403022766,9,2,6,zero_shot_paired
134,4,9,4,60,1,1,1,0.5887302756309509,0.5887302756309509,0.4112697243690491,0.5887302756309509,9,2,6,zero_shot_paired
134,5,9,6,60,1,1,1,0.631796658039093,0.631796658039093,0.368203341960907,0.631796658039093,9,2,6,zero_shot_paired
134,6,9,7,60,1,0,0,0.5647980570793152,0.5647980570793152,0.5647980570793152,0.43520188331604004,9,2,6,zero_shot_paired
134,7,9,9,60,0,0,1,0.6264920234680176,0.6264920234680176,0.6264920234680176,0.3735080063343048,9,2,6,zero_shot_paired
134,8,9,13,60,0,1,0,0.5112190246582031,0.5112190246582031,0.4887809753417969,0.5112190246582031,9,2,6,zero_shot_paired
134,9,9,14,60,0,1,0,0.6682970523834229,0.6682970523834229,0.33170294761657715,0.6682970523834229,9,2,6,zero_shot_paired
134,10,9,16,60,0,0,1,0.5499918460845947,0.5499918460845947,0.5499918460845947,0.4500081539154053,9,2,6,zero_shot_paired
134,11,9,17,60,1,0,0,0.591181218624115,0.591181218624115,0.591181218624115,0.408818781375885,9,2,6,zero_shot_paired
134,0,9,0,60,0,1,0,0.6089756488800049,0.6089756488800049,0.3910243809223175,0.6089756488800049,9,2,6,post_calibration
134,1,9,1,60,0,0,1,0.6366972923278809,0.6366972923278809,0.6366972923278809,0.36330264806747437,9,2,6,post_calibration
134,2,9,2,60,1,1,1,0.6493093967437744,0.6493093967437744,0.3506906032562256,0.6493093967437744,9,2,6,post_calibration
134,3,9,3,60,1,1,1,0.6438788175582886,0.6438788175582886,0.3561212122440338,0.6438788175582886,9,2,6,post_calibration
134,4,9,4,60,1,1,1,0.5631639957427979,0.5631639957427979,0.43683597445487976,0.5631639957427979,9,2,6,post_calibration
134,5,9,6,60,1,1,1,0.6242112517356873,0.6242112517356873,0.37578877806663513,0.6242112517356873,9,2,6,post_calibration
134,6,9,7,60,1,0,0,0.5686853528022766,0.5686853528022766,0.5686853528022766,0.43131470680236816,9,2,6,post_calibration
134,7,9,9,60,0,0,1,0.6390640735626221,0.6390640735626221,0.6390640735626221,0.36093589663505554,9,2,6,post_calibration
134,8,9,13,60,0,1,0,0.5001888275146484,0.5001888275146484,0.49981117248535156,0.5001888275146484,9,2,6,post_calibration
134,9,9,14,60,0,1,0,0.6439557671546936,0.6439557671546936,0.356044203042984,0.6439557671546936,9,2,6,post_calibration
134,10,9,16,60,0,0,1,0.5415262579917908,0.5415262579917908,0.5415262579917908,0.45847371220588684,9,2,6,post_calibration
134,11,9,17,60,1,0,0,0.6057844758033752,0.6057844758033752,0.6057844758033752,0.39421555399894714,9,2,6,post_calibration
135,0,9,2,60,1,1,1,0.65606290102005,0.65606290102005,0.34393712878227234,0.65606290102005,9,3,6,zero_shot_paired
135,1,9,5,60,1,1,1,0.5721401572227478,0.5721401572227478,0.4278598129749298,0.5721401572227478,9,3,6,zero_shot_paired
135,2,9,7,60,1,0,0,0.5647980570793152,0.5647980570793152,0.5647980570793152,0.43520188331604004,9,3,6,zero_shot_paired
135,3,9,8,60,0,1,0,0.8488401174545288,0.8488401174545288,0.15115989744663239,0.8488401174545288,9,3,6,zero_shot_paired
135,4,9,9,60,0,0,1,0.6264920234680176,0.6264920234680176,0.6264920234680176,0.3735080063343048,9,3,6,zero_shot_paired
135,5,9,10,60,0,1,0,0.6011673808097839,0.6011673808097839,0.3988325595855713,0.6011673808097839,9,3,6,zero_shot_paired
135,6,9,11,60,0,0,1,0.703951895236969,0.703951895236969,0.703951895236969,0.296048104763031,9,3,6,zero_shot_paired
135,7,9,12,60,1,1,1,0.7815312743186951,0.7815312743186951,0.21846871078014374,0.7815312743186951,9,3,6,zero_shot_paired
135,8,9,13,60,0,1,0,0.5112190246582031,0.5112190246582031,0.4887809753417969,0.5112190246582031,9,3,6,zero_shot_paired
135,9,9,15,60,1,1,1,0.6330523490905762,0.6330523490905762,0.36694765090942383,0.6330523490905762,9,3,6,zero_shot_paired
135,10,9,16,60,0,0,1,0.5499918460845947,0.5499918460845947,0.5499918460845947,0.4500081539154053,9,3,6,zero_shot_paired
135,11,9,17,60,1,0,0,0.591181218624115,0.591181218624115,0.591181218624115,0.408818781375885,9,3,6,zero_shot_paired
135,0,9,2,60,1,1,1,0.6517809629440308,0.6517809629440308,0.34821903705596924,0.6517809629440308,9,3,6,post_calibration
135,1,9,5,60,1,1,1,0.5642860531806946,0.5642860531806946,0.43571391701698303,0.5642860531806946,9,3,6,post_calibration
135,2,9,7,60,1,0,0,0.5759533047676086,0.5759533047676086,0.5759533047676086,0.42404672503471375,9,3,6,post_calibration
135,3,9,8,60,0,1,0,0.8435359001159668,0.8435359001159668,0.15646404027938843,0.8435359001159668,9,3,6,post_calibration
135,4,9,9,60,0,0,1,0.6467496156692505,0.6467496156692505,0.6467496156692505,0.3532504141330719,9,3,6,post_calibration
135,5,9,10,60,0,1,0,0.5880650877952576,0.5880650877952576,0.41193491220474243,0.5880650877952576,9,3,6,post_calibration
135,6,9,11,60,0,0,1,0.7295258045196533,0.7295258045196533,0.7295258045196533,0.2704741954803467,9,3,6,post_calibration
135,7,9,12,60,1,1,1,0.7687101364135742,0.7687101364135742,0.23128986358642578,0.7687101364135742,9,3,6,post_calibration
135,8,9,13,60,0,1,0,0.5310098528862,0.5310098528862,0.46899011731147766,0.5310098528862,9,3,6,post_calibration
135,9,9,15,60,1,1,1,0.6302921175956726,0.6302921175956726,0.369707852602005,0.6302921175956726,9,3,6,post_calibration
135,10,9,16,60,0,0,1,0.5803985595703125,0.5803985595703125,0.5803985595703125,0.4196015000343323,9,3,6,post_calibration
135,11,9,17,60,1,0,0,0.6029642224311829,0.6029642224311829,0.6029642224311829,0.39703577756881714,9,3,6,post_calibration
136,0,9,0,60,0,1,0,0.5855159759521484,0.5855159759521484,0.41448405385017395,0.5855159759521484,9,1,9,zero_shot_paired
136,1,9,4,60,1,1,1,0.5887265801429749,0.5887265801429749,0.41127341985702515,0.5887265801429749,9,1,9,zero_shot_paired
136,2,9,6,60,1,1,1,0.6317931413650513,0.6317931413650513,0.3682069182395935,0.6317931413650513,9,1,9,zero_shot_paired
136,3,9,7,60,1,0,0,0.5647962689399719,0.5647962689399719,0.5647962689399719,0.43520376086235046,9,1,9,zero_shot_paired
136,4,9,9,60,0,0,1,0.6264973878860474,0.6264973878860474,0.6264973878860474,0.373502641916275,9,1,9,zero_shot_paired
136,5,9,10,60,0,1,0,0.6011582612991333,0.6011582612991333,0.3988417387008667,0.6011582612991333,9,1,9,zero_shot_paired
136,6,9,11,60,0,0,1,0.7039487361907959,0.7039487361907959,0.7039487361907959,0.2960512936115265,9,1,9,zero_shot_paired
136,7,9,12,60,1,1,1,0.7815312743186951,0.7815312743186951,0.21846871078014374,0.7815312743186951,9,1,9,zero_shot_paired
136,8,9,17,60,1,0,0,0.591181218624115,0.591181218624115,0.591181218624115,0.408818781375885,9,1,9,zero_shot_paired
136,0,9,0,60,0,1,0,0.602761447429657,0.602761447429657,0.39723852276802063,0.602761447429657,9,1,9,post_calibration
136,1,9,4,60,1,1,1,0.5856270790100098,0.5856270790100098,0.4143729507923126,0.5856270790100098,9,1,9,post_calibration
136,2,9,6,60,1,1,1,0.5997562408447266,0.5997562408447266,0.4002437889575958,0.5997562408447266,9,1,9,post_calibration
136,3,9,7,60,1,0,0,0.5407723188400269,0.5407723188400269,0.5407723188400269,0.45922771096229553,9,1,9,post_calibration
136,4,9,9,60,0,0,1,0.6364519596099854,0.6364519596099854,0.6364519596099854,0.36354804039001465,9,1,9,post_calibration
136,5,9,10,60,0,1,0,0.6052851676940918,0.6052851676940918,0.394714891910553,0.6052851676940918,9,1,9,post_calibration
136,6,9,11,60,0,0,1,0.7166510224342346,0.7166510224342346,0.7166510224342346,0.283348947763443,9,1,9,post_calibration
136,7,9,12,60,1,1,1,0.8162153363227844,0.8162153363227844,0.18378467857837677,0.8162153363227844,9,1,9,post_calibration
136,8,9,17,60,1,0,0,0.6258419752120972,0.6258419752120972,0.6258419752120972,0.3741580545902252,9,1,9,post_calibration
137,0,9,1,60,0,0,1,0.5914430022239685,0.5914430022239685,0.5914430022239685,0.4085569381713867,9,2,9,zero_shot_paired
137,1,9,2,60,1,1,1,0.6560559868812561,0.6560559868812561,0.3439440131187439,0.6560559868812561,9,2,9,zero_shot_paired
137,2,9,3,60,1,1,1,0.6341221332550049,0.6341221332550049,0.3658778667449951,0.6341221332550049,9,2,9,zero_shot_paired
137,3,9,5,60,1,1,1,0.5721364617347717,0.5721364617347717,0.42786353826522827,0.5721364617347717,9,2,9,zero_shot_paired
137,4,9,8,60,0,1,0,0.8488420844078064,0.8488420844078064,0.151157945394516,0.8488420844078064,9,2,9,zero_shot_paired
137,5,9,13,60,0,1,0,0.5112038254737854,0.5112038254737854,0.488796204328537,0.5112038254737854,9,2,9,zero_shot_paired
137,6,9,14,60,0,1,0,0.6682987213134766,0.6682987213134766,0.33170127868652344,0.6682987213134766,9,2,9,zero_shot_paired
137,7,9,15,60,1,1,1,0.6330505609512329,0.6330505609512329,0.3669494390487671,0.6330505609512329,9,2,9,zero_shot_paired
137,8,9,16,60,0,0,1,0.5499937534332275,0.5499937534332275,0.5499937534332275,0.45000624656677246,9,2,9,zero_shot_paired
137,0,9,1,60,0,0,1,0.6070063710212708,0.6070063710212708,0.6070063710212708,0.392993688583374,9,2,9,post_calibration
137,1,9,2,60,1,1,1,0.6479740142822266,0.6479740142822266,0.35202598571777344,0.6479740142822266,9,2,9,post_calibration
137,2,9,3,60,1,1,1,0.656917929649353,0.656917929649353,0.3430820405483246,0.656917929649353,9,2,9,post_calibration
137,3,9,5,60,1,1,1,0.5640740990638733,0.5640740990638733,0.4359259009361267,0.5640740990638733,9,2,9,post_calibration
137,4,9,8,60,0,1,0,0.853564977645874,0.853564977645874,0.1464349627494812,0.853564977645874,9,2,9,post_calibration
137,5,9,13,60,0,1,0,0.5371438264846802,0.5371438264846802,0.4628561735153198,0.5371438264846802,9,2,9,post_calibration
137,6,9,14,60,0,1,0,0.6680720448493958,0.6680720448493958,0.33192795515060425,0.6680720448493958,9,2,9,post_calibration
137,7,9,15,60,1,1,1,0.6413152813911438,0.6413152813911438,0.3586846590042114,0.6413152813911438,9,2,9,post_calibration
137,8,9,16,60,0,0,1,0.5507338047027588,0.5507338047027588,0.5507338047027588,0.44926613569259644,9,2,9,post_calibration
138,0,9,2,60,1,1,1,0.6561076641082764,0.6561076641082764,0.3438923954963684,0.6561076641082764,9,1,12,zero_shot_paired
138,1,9,8,60,0,1,0,0.8488959670066833,0.8488959670066833,0.15110410749912262,0.8488959670066833,9,1,12,zero_shot_paired
138,2,9,10,60,0,1,0,0.6012332439422607,0.6012332439422607,0.39876672625541687,0.6012332439422607,9,1,12,zero_shot_paired
138,3,9,11,60,0,0,1,0.7038008570671082,0.7038008570671082,0.7038008570671082,0.2961992025375366,9,1,12,zero_shot_paired
138,4,9,15,60,1,1,1,0.6331444978713989,0.6331444978713989,0.3668555021286011,0.6331444978713989,9,1,12,zero_shot_paired
138,5,9,17,60,1,0,0,0.5910945534706116,0.5910945534706116,0.5910945534706116,0.40890541672706604,9,1,12,zero_shot_paired
138,0,9,2,60,1,1,1,0.6665002107620239,0.6665002107620239,0.33349981904029846,0.6665002107620239,9,1,12,post_calibration
138,1,9,8,60,0,1,0,0.8336390256881714,0.8336390256881714,0.16636091470718384,0.8336390256881714,9,1,12,post_calibration
138,2,9,10,60,0,1,0,0.5772365927696228,0.5772365927696228,0.4227633774280548,0.5772365927696228,9,1,12,post_calibration
138,3,9,11,60,0,0,1,0.7415731549263,0.7415731549263,0.7415731549263,0.25842687487602234,9,1,12,post_calibration
138,4,9,15,60,1,1,1,0.6239141225814819,0.6239141225814819,0.37608590722084045,0.6239141225814819,9,1,12,post_calibration
138,5,9,17,60,1,0,0,0.6329725384712219,0.6329725384712219,0.6329725384712219,0.3670274019241333,9,1,12,post_calibration
139,0,9,1,60,0,0,1,0.591428279876709,0.591428279876709,0.591428279876709,0.40857169032096863,9,2,12,zero_shot_paired
139,1,9,2,60,1,1,1,0.6561076641082764,0.6561076641082764,0.3438923954963684,0.6561076641082764,9,2,12,zero_shot_paired
139,2,9,5,60,1,1,1,0.5721551179885864,0.5721551179885864,0.4278448820114136,0.5721551179885864,9,2,12,zero_shot_paired
139,3,9,7,60,1,0,0,0.5647081136703491,0.5647081136703491,0.5647081136703491,0.43529191613197327,9,2,12,zero_shot_paired
139,4,9,14,60,0,1,0,0.6682817935943604,0.6682817935943604,0.33171817660331726,0.6682817935943604,9,2,12,zero_shot_paired
139,5,9,16,60,0,0,1,0.5501769185066223,0.5501769185066223,0.5501769185066223,0.4498230814933777,9,2,12,zero_shot_paired
139,0,9,1,60,0,0,1,0.6192014217376709,0.6192014217376709,0.6192014217376709,0.3807985186576843,9,2,12,post_calibration
139,1,9,2,60,1,1,1,0.6425341367721558,0.6425341367721558,0.3574658930301666,0.6425341367721558,9,2,12,post_calibration
139,2,9,5,60,1,1,1,0.5714957118034363,0.5714957118034363,0.4285042881965637,0.5714957118034363,9,2,12,post_calibration
139,3,9,7,60,1,0,0,0.5721906423568726,0.5721906423568726,0.5721906423568726,0.42780938744544983,9,2,12,post_calibration
139,4,9,14,60,0,1,0,0.6598778963088989,0.6598778963088989,0.3401220738887787,0.6598778963088989,9,2,12,post_calibration
139,5,9,16,60,0,0,1,0.5760874152183533,0.5760874152183533,0.5760874152183533,0.42391255497932434,9,2,12,post_calibration
140,0,9,2,60,1,1,1,0.6561076641082764,0.6561076641082764,0.3438923954963684,0.6561076641082764,9,3,12,zero_shot_paired
140,1,9,6,60,1,1,1,0.6318286061286926,0.6318286061286926,0.36817142367362976,0.6318286061286926,9,3,12,zero_shot_paired
140,2,9,8,60,0,1,0,0.8488959670066833,0.8488959670066833,0.15110410749912262,0.8488959670066833,9,3,12,zero_shot_paired
140,3,9,10,60,0,1,0,0.6012332439422607,0.6012332439422607,0.39876672625541687,0.6012332439422607,9,3,12,zero_shot_paired
140,4,9,12,60,1,1,1,0.7815664410591125,0.7815664410591125,0.21843354403972626,0.7815664410591125,9,3,12,zero_shot_paired
140,5,9,16,60,0,0,1,0.5501769185066223,0.5501769185066223,0.5501769185066223,0.4498230814933777,9,3,12,zero_shot_paired
140,0,9,2,60,1,1,1,0.6842508316040039,0.6842508316040039,0.3157491385936737,0.6842508316040039,9,3,12,post_calibration
140,1,9,6,60,1,1,1,0.5918596386909485,0.5918596386909485,0.4081403911113739,0.5918596386909485,9,3,12,post_calibration
140,2,9,8,60,0,1,0,0.8362852334976196,0.8362852334976196,0.16371475160121918,0.8362852334976196,9,3,12,post_calibration
140,3,9,10,60,0,1,0,0.591181218624115,0.591181218624115,0.408818781375885,0.591181218624115,9,3,12,post_calibration
140,4,9,12,60,1,1,1,0.8055831789970398,0.8055831789970398,0.19441679120063782,0.8055831789970398,9,3,12,post_calibration
140,5,9,16,60,0,0,1,0.5553203225135803,0.5553203225135803,0.5553203225135803,0.4446796774864197,9,3,12,post_calibration
11,0,10,0,60,1,0,0,0.5038203597068787,0.5038203597068787,0.5038203597068787,0.4961796700954437,10,,,zero_shot_all_trials
11,1,10,1,60,1,1,1,0.5061565637588501,0.5061565637588501,0.4938433766365051,0.5061565637588501,10,,,zero_shot_all_trials
11,2,10,2,60,1,1,1,0.6948028206825256,0.6948028206825256,0.30519720911979675,0.6948028206825256,10,,,zero_shot_all_trials
11,3,10,3,60,1,0,0,0.7970364689826965,0.7970364689826965,0.7970364689826965,0.20296353101730347,10,,,zero_shot_all_trials
11,4,10,4,60,1,1,1,0.8206469416618347,0.8206469416618347,0.17935307323932648,0.8206469416618347,10,,,zero_shot_all_trials
11,5,10,5,60,1,1,1,0.6717885732650757,0.6717885732650757,0.32821139693260193,0.6717885732650757,10,,,zero_shot_all_trials
11,6,10,6,60,0,0,1,0.5096499919891357,0.5096499919891357,0.5096499919891357,0.49035000801086426,10,,,zero_shot_all_trials
11,7,10,7,60,1,1,1,0.7028791308403015,0.7028791308403015,0.2971208989620209,0.7028791308403015,10,,,zero_shot_all_trials
11,8,10,8,60,0,1,0,0.7338618040084839,0.7338618040084839,0.2661381959915161,0.7338618040084839,10,,,zero_shot_all_trials
11,9,10,9,60,1,0,0,0.5854752063751221,0.5854752063751221,0.5854752063751221,0.41452476382255554,10,,,zero_shot_all_trials
11,10,10,10,60,0,0,1,0.5831347703933716,0.5831347703933716,0.5831347703933716,0.4168652892112732,10,,,zero_shot_all_trials
11,11,10,11,60,0,0,1,0.6257168650627136,0.6257168650627136,0.6257168650627136,0.374283105134964,10,,,zero_shot_all_trials
11,12,10,12,60,1,1,1,0.5854567289352417,0.5854567289352417,0.4145432710647583,0.5854567289352417,10,,,zero_shot_all_trials
11,13,10,13,60,0,0,1,0.5243147611618042,0.5243147611618042,0.5243147611618042,0.4756852388381958,10,,,zero_shot_all_trials
11,14,10,14,60,1,1,1,0.5903530716896057,0.5903530716896057,0.4096469581127167,0.5903530716896057,10,,,zero_shot_all_trials
11,15,10,15,60,0,0,1,0.6820825934410095,0.6820825934410095,0.6820825934410095,0.31791743636131287,10,,,zero_shot_all_trials
11,16,10,16,60,1,0,0,0.8216173648834229,0.8216173648834229,0.8216173648834229,0.17838266491889954,10,,,zero_shot_all_trials
11,17,10,17,60,1,1,1,0.5524076819419861,0.5524076819419861,0.4475923478603363,0.5524076819419861,10,,,zero_shot_all_trials
141,0,10,0,60,1,0,0,0.5038241744041443,0.5038241744041443,0.5038241744041443,0.4961758553981781,10,1,3,zero_shot_paired
141,1,10,1,60,1,1,1,0.5061623454093933,0.5061623454093933,0.4938376843929291,0.5061623454093933,10,1,3,zero_shot_paired
141,2,10,2,60,1,1,1,0.6947963833808899,0.6947963833808899,0.3052036464214325,0.6947963833808899,10,1,3,zero_shot_paired
141,3,10,3,60,1,0,0,0.7970389723777771,0.7970389723777771,0.7970389723777771,0.2029610574245453,10,1,3,zero_shot_paired
141,4,10,4,60,1,1,1,0.8206446766853333,0.8206446766853333,0.17935529351234436,0.8206446766853333,10,1,3,zero_shot_paired
141,5,10,5,60,1,1,1,0.6717936396598816,0.6717936396598816,0.3282063603401184,0.6717936396598816,10,1,3,zero_shot_paired
141,6,10,6,60,0,0,1,0.5096461772918701,0.5096461772918701,0.5096461772918701,0.49035385251045227,10,1,3,zero_shot_paired
141,7,10,8,60,0,1,0,0.7338603734970093,0.7338603734970093,0.2661396563053131,0.7338603734970093,10,1,3,zero_shot_paired
141,8,10,9,60,1,0,0,0.5854789614677429,0.5854789614677429,0.5854789614677429,0.41452106833457947,10,1,3,zero_shot_paired
141,9,10,10,60,0,0,1,0.5831366181373596,0.5831366181373596,0.5831366181373596,0.4168633818626404,10,1,3,zero_shot_paired
141,10,10,11,60,0,0,1,0.6257025599479675,0.6257025599479675,0.6257025599479675,0.3742973804473877,10,1,3,zero_shot_paired
141,11,10,12,60,1,1,1,0.5854567289352417,0.5854567289352417,0.4145432710647583,0.5854567289352417,10,1,3,zero_shot_paired
141,12,10,13,60,0,0,1,0.5243090391159058,0.5243090391159058,0.5243090391159058,0.47569093108177185,10,1,3,zero_shot_paired
141,13,10,16,60,1,0,0,0.8216196298599243,0.8216196298599243,0.8216196298599243,0.17838042974472046,10,1,3,zero_shot_paired
141,14,10,17,60,1,1,1,0.5524076819419861,0.5524076819419861,0.4475923478603363,0.5524076819419861,10,1,3,zero_shot_paired
141,0,10,0,60,1,1,1,0.5088797211647034,0.5088797211647034,0.4911203384399414,0.5088797211647034,10,1,3,post_calibration
141,1,10,1,60,1,1,1,0.5163630247116089,0.5163630247116089,0.4836369752883911,0.5163630247116089,10,1,3,post_calibration
141,2,10,2,60,1,1,1,0.7054886817932129,0.7054886817932129,0.2945113182067871,0.7054886817932129,10,1,3,post_calibration
141,3,10,3,60,1,0,0,0.8020981550216675,0.8020981550216675,0.8020981550216675,0.19790183007717133,10,1,3,post_calibration
141,4,10,4,60,1,1,1,0.8214786648750305,0.8214786648750305,0.17852135002613068,0.8214786648750305,10,1,3,post_calibration
141,5,10,5,60,1,1,1,0.6650299429893494,0.6650299429893494,0.33496999740600586,0.6650299429893494,10,1,3,post_calibration
141,6,10,6,60,0,0,1,0.509741485118866,0.509741485118866,0.509741485118866,0.49025851488113403,10,1,3,post_calibration
141,7,10,8,60,0,1,0,0.7308980226516724,0.7308980226516724,0.26910194754600525,0.7308980226516724,10,1,3,post_calibration
141,8,10,9,60,1,0,0,0.5845750570297241,0.5845750570297241,0.5845750570297241,0.4154249131679535,10,1,3,post_calibration
141,9,10,10,60,0,0,1,0.5750903487205505,0.5750903487205505,0.5750903487205505,0.42490968108177185,10,1,3,post_calibration
141,10,10,11,60,0,0,1,0.6085323095321655,0.6085323095321655,0.6085323095321655,0.39146775007247925,10,1,3,post_calibration
141,11,10,12,60,1,1,1,0.5933681130409241,0.5933681130409241,0.40663185715675354,0.5933681130409241,10,1,3,post_calibration
141,12,10,13,60,0,0,1,0.5342423319816589,0.5342423319816589,0.5342423319816589,0.4657576382160187,10,1,3,post_calibration
141,13,10,16,60,1,0,0,0.8191609382629395,0.8191609382629395,0.8191609382629395,0.18083898723125458,10,1,3,post_calibration
141,14,10,17,60,1,1,1,0.5709407329559326,0.5709407329559326,0.4290592670440674,0.5709407329559326,10,1,3,post_calibration
142,0,10,1,60,1,1,1,0.5061489939689636,0.5061489939689636,0.4938510060310364,0.5061489939689636,10,2,3,zero_shot_paired
142,1,10,2,60,1,1,1,0.6948044300079346,0.6948044300079346,0.30519556999206543,0.6948044300079346,10,2,3,zero_shot_paired
142,2,10,3,60,1,0,0,0.7970401644706726,0.7970401644706726,0.7970401644706726,0.2029598206281662,10,2,3,zero_shot_paired
142,3,10,5,60,1,1,1,0.6717868447303772,0.6717868447303772,0.328213095664978,0.6717868447303772,10,2,3,zero_shot_paired
142,4,10,6,60,0,0,1,0.5096499919891357,0.5096499919891357,0.5096499919891357,0.49035000801086426,10,2,3,zero_shot_paired
142,5,10,7,60,1,1,1,0.7028774619102478,0.7028774619102478,0.2971224784851074,0.7028774619102478,10,2,3,zero_shot_paired
142,6,10,8,60,0,1,0,0.7338632941246033,0.7338632941246033,0.26613667607307434,0.7338632941246033,10,2,3,zero_shot_paired
142,7,10,9,60,1,0,0,0.5854771137237549,0.5854771137237549,0.5854771137237549,0.4145229458808899,10,2,3,zero_shot_paired
142,8,10,10,60,0,0,1,0.5831366181373596,0.5831366181373596,0.5831366181373596,0.4168633818626404,10,2,3,zero_shot_paired
142,9,10,11,60,0,0,1,0.625700831413269,0.625700831413269,0.625700831413269,0.37429919838905334,10,2,3,zero_shot_paired
142,10,10,12,60,1,1,1,0.5854641199111938,0.5854641199111938,0.41453585028648376,0.5854641199111938,10,2,3,zero_shot_paired
142,11,10,14,60,1,1,1,0.5903549194335938,0.5903549194335938,0.40964511036872864,0.5903549194335938,10,2,3,zero_shot_paired
142,12,10,15,60,0,0,1,0.6820809245109558,0.6820809245109558,0.6820809245109558,0.3179191052913666,10,2,3,zero_shot_paired
142,13,10,16,60,1,0,0,0.8216240406036377,0.8216240406036377,0.8216240406036377,0.1783759444952011,10,2,3,zero_shot_paired
142,14,10,17,60,1,1,1,0.5524001121520996,0.5524001121520996,0.4475998878479004,0.5524001121520996,10,2,3,zero_shot_paired
142,0,10,1,60,1,0,0,0.5026035308837891,0.5026035308837891,0.5026035308837891,0.49739646911621094,10,2,3,post_calibration
142,1,10,2,60,1,1,1,0.6845243573188782,0.6845243573188782,0.31547558307647705,0.6845243573188782,10,2,3,post_calibration
142,2,10,3,60,1,0,0,0.7984472513198853,0.7984472513198853,0.7984472513198853,0.20155279338359833,10,2,3,post_calibration
142,3,10,5,60,1,1,1,0.6761924028396606,0.6761924028396606,0.32380759716033936,0.6761924028396606,10,2,3,post_calibration
142,4,10,6,60,0,0,1,0.5017662048339844,0.5017662048339844,0.5017662048339844,0.4982337951660156,10,2,3,post_calibration
142,5,10,7,60,1,1,1,0.7138634324073792,0.7138634324073792,0.2861365079879761,0.7138634324073792,10,2,3,post_calibration
142,6,10,8,60,0,1,0,0.7281370759010315,0.7281370759010315,0.2718628942966461,0.7281370759010315,10,2,3,post_calibration
142,7,10,9,60,1,0,0,0.5781132578849792,0.5781132578849792,0.5781132578849792,0.42188674211502075,10,2,3,post_calibration
142,8,10,10,60,0,0,1,0.5657524466514587,0.5657524466514587,0.5657524466514587,0.43424761295318604,10,2,3,post_calibration
142,9,10,11,60,0,0,1,0.6259419918060303,0.6259419918060303,0.6259419918060303,0.3740580081939697,10,2,3,post_calibration
142,10,10,12,60,1,1,1,0.5745869278907776,0.5745869278907776,0.4254131317138672,0.5745869278907776,10,2,3,post_calibration
142,11,10,14,60,1,1,1,0.6094261407852173,0.6094261407852173,0.3905739188194275,0.6094261407852173,10,2,3,post_calibration
142,12,10,15,60,0,0,1,0.6654496192932129,0.6654496192932129,0.6654496192932129,0.3345503807067871,10,2,3,post_calibration
142,13,10,16,60,1,0,0,0.8232018351554871,0.8232018351554871,0.8232018351554871,0.17679813504219055,10,2,3,post_calibration
142,14,10,17,60,1,1,1,0.5622779130935669,0.5622779130935669,0.4377220869064331,0.5622779130935669,10,2,3,post_calibration
143,0,10,0,60,1,0,0,0.5038260817527771,0.5038260817527771,0.5038260817527771,0.4961739182472229,10,3,3,zero_shot_paired
143,1,10,1,60,1,1,1,0.5061489939689636,0.5061489939689636,0.4938510060310364,0.5061489939689636,10,3,3,zero_shot_paired
143,2,10,2,60,1,1,1,0.6948044300079346,0.6948044300079346,0.30519556999206543,0.6948044300079346,10,3,3,zero_shot_paired
143,3,10,3,60,1,0,0,0.7970401644706726,0.7970401644706726,0.7970401644706726,0.2029598206281662,10,3,3,zero_shot_paired
143,4,10,4,60,1,1,1,0.8206424713134766,0.8206424713134766,0.17935755848884583,0.8206424713134766,10,3,3,zero_shot_paired
143,5,10,5,60,1,1,1,0.6717868447303772,0.6717868447303772,0.328213095664978,0.6717868447303772,10,3,3,zero_shot_paired
143,6,10,7,60,1,1,1,0.7028774619102478,0.7028774619102478,0.2971224784851074,0.7028774619102478,10,3,3,zero_shot_paired
143,7,10,8,60,0,1,0,0.7338632941246033,0.7338632941246033,0.26613667607307434,0.7338632941246033,10,3,3,zero_shot_paired
143,8,10,9,60,1,0,0,0.5854771137237549,0.5854771137237549,0.5854771137237549,0.4145229458808899,10,3,3,zero_shot_paired
143,9,10,10,60,0,0,1,0.5831366181373596,0.5831366181373596,0.5831366181373596,0.4168633818626404,10,3,3,zero_shot_paired
143,10,10,11,60,0,0,1,0.625700831413269,0.625700831413269,0.625700831413269,0.37429919838905334,10,3,3,zero_shot_paired
143,11,10,13,60,0,0,1,0.524307131767273,0.524307131767273,0.524307131767273,0.47569283843040466,10,3,3,zero_shot_paired
143,12,10,14,60,1,1,1,0.5903549194335938,0.5903549194335938,0.40964511036872864,0.5903549194335938,10,3,3,zero_shot_paired
143,13,10,15,60,0,0,1,0.6820809245109558,0.6820809245109558,0.6820809245109558,0.3179191052913666,10,3,3,zero_shot_paired
143,14,10,16,60,1,0,0,0.8216240406036377,0.8216240406036377,0.8216240406036377,0.1783759444952011,10,3,3,zero_shot_paired
143,0,10,0,60,1,1,1,0.5111790299415588,0.5111790299415588,0.48882099986076355,0.5111790299415588,10,3,3,post_calibration
143,1,10,1,60,1,0,0,0.5067859292030334,0.5067859292030334,0.5067859292030334,0.49321407079696655,10,3,3,post_calibration
143,2,10,2,60,1,1,1,0.7138214111328125,0.7138214111328125,0.2861786186695099,0.7138214111328125,10,3,3,post_calibration
143,3,10,3,60,1,0,0,0.8010339140892029,0.8010339140892029,0.8010339140892029,0.19896608591079712,10,3,3,post_calibration
143,4,10,4,60,1,1,1,0.8177177906036377,0.8177177906036377,0.1822821944952011,0.8177177906036377,10,3,3,post_calibration
143,5,10,5,60,1,1,1,0.6631374359130859,0.6631374359130859,0.33686259388923645,0.6631374359130859,10,3,3,post_calibration
143,6,10,7,60,1,1,1,0.7187656164169312,0.7187656164169312,0.28123438358306885,0.7187656164169312,10,3,3,post_calibration
143,7,10,8,60,0,1,0,0.7464394569396973,0.7464394569396973,0.25356054306030273,0.7464394569396973,10,3,3,post_calibration
143,8,10,9,60,1,0,0,0.5889279246330261,0.5889279246330261,0.5889279246330261,0.41107210516929626,10,3,3,post_calibration
143,9,10,10,60,0,0,1,0.5988456010818481,0.5988456010818481,0.5988456010818481,0.4011543393135071,10,3,3,post_calibration
143,10,10,11,60,0,0,1,0.6103917956352234,0.6103917956352234,0.6103917956352234,0.3896082043647766,10,3,3,post_calibration
143,11,10,13,60,0,1,0,0.5024013519287109,0.5024013519287109,0.49759867787361145,0.5024013519287109,10,3,3,post_calibration
143,12,10,14,60,1,1,1,0.6112260818481445,0.6112260818481445,0.38877391815185547,0.6112260818481445,10,3,3,post_calibration
143,13,10,15,60,0,0,1,0.6965166330337524,0.6965166330337524,0.6965166330337524,0.30348339676856995,10,3,3,post_calibration
143,14,10,16,60,1,0,0,0.827203094959259,0.827203094959259,0.827203094959259,0.17279691994190216,10,3,3,post_calibration
144,0,10,0,60,1,0,0,0.5038260817527771,0.5038260817527771,0.5038260817527771,0.4961739182472229,10,4,3,zero_shot_paired
144,1,10,1,60,1,1,1,0.5061489939689636,0.5061489939689636,0.4938510060310364,0.5061489939689636,10,4,3,zero_shot_paired
144,2,10,2,60,1,1,1,0.6948044300079346,0.6948044300079346,0.30519556999206543,0.6948044300079346,10,4,3,zero_shot_paired
144,3,10,3,60,1,0,0,0.7970401644706726,0.7970401644706726,0.7970401644706726,0.2029598206281662,10,4,3,zero_shot_paired
144,4,10,4,60,1,1,1,0.8206424713134766,0.8206424713134766,0.17935755848884583,0.8206424713134766,10,4,3,zero_shot_paired
144,5,10,5,60,1,1,1,0.6717868447303772,0.6717868447303772,0.328213095664978,0.6717868447303772,10,4,3,zero_shot_paired
144,6,10,6,60,0,0,1,0.5096499919891357,0.5096499919891357,0.5096499919891357,0.49035000801086426,10,4,3,zero_shot_paired
144,7,10,7,60,1,1,1,0.7028774619102478,0.7028774619102478,0.2971224784851074,0.7028774619102478,10,4,3,zero_shot_paired
144,8,10,8,60,0,1,0,0.7338632941246033,0.7338632941246033,0.26613667607307434,0.7338632941246033,10,4,3,zero_shot_paired
144,9,10,10,60,0,0,1,0.5831366181373596,0.5831366181373596,0.5831366181373596,0.4168633818626404,10,4,3,zero_shot_paired
144,10,10,12,60,1,1,1,0.5854641199111938,0.5854641199111938,0.41453585028648376,0.5854641199111938,10,4,3,zero_shot_paired
144,11,10,13,60,0,0,1,0.524307131767273,0.524307131767273,0.524307131767273,0.47569283843040466,10,4,3,zero_shot_paired
144,12,10,14,60,1,1,1,0.5903549194335938,0.5903549194335938,0.40964511036872864,0.5903549194335938,10,4,3,zero_shot_paired
144,13,10,15,60,0,0,1,0.6820809245109558,0.6820809245109558,0.6820809245109558,0.3179191052913666,10,4,3,zero_shot_paired
144,14,10,17,60,1,1,1,0.5524001121520996,0.5524001121520996,0.4475998878479004,0.5524001121520996,10,4,3,zero_shot_paired
144,0,10,0,60,1,0,0,0.5087881684303284,0.5087881684303284,0.5087881684303284,0.49121183156967163,10,4,3,post_calibration
144,1,10,1,60,1,1,1,0.514590859413147,0.514590859413147,0.48540911078453064,0.514590859413147,10,4,3,post_calibration
144,2,10,2,60,1,1,1,0.7114042639732361,0.7114042639732361,0.28859570622444153,0.7114042639732361,10,4,3,post_calibration
144,3,10,3,60,1,0,0,0.7928993105888367,0.7928993105888367,0.7928993105888367,0.20710067451000214,10,4,3,post_calibration
144,4,10,4,60,1,1,1,0.816945493221283,0.816945493221283,0.18305449187755585,0.816945493221283,10,4,3,post_calibration
144,5,10,5,60,1,1,1,0.6710564494132996,0.6710564494132996,0.3289436101913452,0.6710564494132996,10,4,3,post_calibration
144,6,10,6,60,0,1,0,0.5129842162132263,0.5129842162132263,0.48701581358909607,0.5129842162132263,10,4,3,post_calibration
144,7,10,7,60,1,1,1,0.7097741365432739,0.7097741365432739,0.29022592306137085,0.7097741365432739,10,4,3,post_calibration
144,8,10,8,60,0,1,0,0.7298282384872437,0.7298282384872437,0.2701717019081116,0.7298282384872437,10,4,3,post_calibration
144,9,10,10,60,0,0,1,0.5532149076461792,0.5532149076461792,0.5532149076461792,0.4467851221561432,10,4,3,post_calibration
144,10,10,12,60,1,1,1,0.5697909593582153,0.5697909593582153,0.43020904064178467,0.5697909593582153,10,4,3,post_calibration
144,11,10,13,60,0,0,1,0.5413141846656799,0.5413141846656799,0.5413141846656799,0.45868587493896484,10,4,3,post_calibration
144,12,10,14,60,1,1,1,0.5835111737251282,0.5835111737251282,0.41648879647254944,0.5835111737251282,10,4,3,post_calibration
144,13,10,15,60,0,0,1,0.6565103530883789,0.6565103530883789,0.6565103530883789,0.34348970651626587,10,4,3,post_calibration
144,14,10,17,60,1,1,1,0.5704435110092163,0.5704435110092163,0.4295564889907837,0.5704435110092163,10,4,3,post_calibration
145,0,10,0,60,1,0,0,0.5038260817527771,0.5038260817527771,0.5038260817527771,0.4961739182472229,10,5,3,zero_shot_paired
145,1,10,1,60,1,1,1,0.5061489939689636,0.5061489939689636,0.4938510060310364,0.5061489939689636,10,5,3,zero_shot_paired
145,2,10,3,60,1,0,0,0.7970401644706726,0.7970401644706726,0.7970401644706726,0.2029598206281662,10,5,3,zero_shot_paired
145,3,10,4,60,1,1,1,0.8206424713134766,0.8206424713134766,0.17935755848884583,0.8206424713134766,10,5,3,zero_shot_paired
145,4,10,6,60,0,0,1,0.5096499919891357,0.5096499919891357,0.5096499919891357,0.49035000801086426,10,5,3,zero_shot_paired
145,5,10,7,60,1,1,1,0.7028774619102478,0.7028774619102478,0.2971224784851074,0.7028774619102478,10,5,3,zero_shot_paired
145,6,10,8,60,0,1,0,0.7338632941246033,0.7338632941246033,0.26613667607307434,0.7338632941246033,10,5,3,zero_shot_paired
145,7,10,9,60,1,0,0,0.5854771137237549,0.5854771137237549,0.5854771137237549,0.4145229458808899,10,5,3,zero_shot_paired
145,8,10,11,60,0,0,1,0.625700831413269,0.625700831413269,0.625700831413269,0.37429919838905334,10,5,3,zero_shot_paired
145,9,10,12,60,1,1,1,0.5854641199111938,0.5854641199111938,0.41453585028648376,0.5854641199111938,10,5,3,zero_shot_paired
145,10,10,13,60,0,0,1,0.524307131767273,0.524307131767273,0.524307131767273,0.47569283843040466,10,5,3,zero_shot_paired
145,11,10,14,60,1,1,1,0.5903549194335938,0.5903549194335938,0.40964511036872864,0.5903549194335938,10,5,3,zero_shot_paired
145,12,10,15,60,0,0,1,0.6820809245109558,0.6820809245109558,0.6820809245109558,0.3179191052913666,10,5,3,zero_shot_paired
145,13,10,16,60,1,0,0,0.8216240406036377,0.8216240406036377,0.8216240406036377,0.1783759444952011,10,5,3,zero_shot_paired
145,14,10,17,60,1,1,1,0.5524001121520996,0.5524001121520996,0.4475998878479004,0.5524001121520996,10,5,3,zero_shot_paired
145,0,10,0,60,1,1,1,0.5031776428222656,0.5031776428222656,0.49682241678237915,0.5031776428222656,10,5,3,post_calibration
145,1,10,1,60,1,0,0,0.5085345506668091,0.5085345506668091,0.5085345506668091,0.49146541953086853,10,5,3,post_calibration
145,2,10,3,60,1,0,0,0.7774860262870789,0.7774860262870789,0.7774860262870789,0.22251398861408234,10,5,3,post_calibration
145,3,10,4,60,1,1,1,0.8124619722366333,0.8124619722366333,0.1875380575656891,0.8124619722366333,10,5,3,post_calibration
145,4,10,6,60,0,0,1,0.5214673280715942,0.5214673280715942,0.5214673280715942,0.4785326421260834,10,5,3,post_calibration
145,5,10,7,60,1,1,1,0.6948691010475159,0.6948691010475159,0.30513086915016174,0.6948691010475159,10,5,3,post_calibration
145,6,10,8,60,0,1,0,0.758502185344696,0.758502185344696,0.24149778485298157,0.758502185344696,10,5,3,post_calibration
145,7,10,9,60,1,0,0,0.5879911184310913,0.5879911184310913,0.5879911184310913,0.4120088517665863,10,5,3,post_calibration
145,8,10,11,60,0,0,1,0.6138769388198853,0.6138769388198853,0.6138769388198853,0.38612306118011475,10,5,3,post_calibration
145,9,10,12,60,1,1,1,0.6018019914627075,0.6018019914627075,0.3981979787349701,0.6018019914627075,10,5,3,post_calibration
145,10,10,13,60,0,0,1,0.5009326934814453,0.5009326934814453,0.5009326934814453,0.4990673363208771,10,5,3,post_calibration
145,11,10,14,60,1,1,1,0.5608371496200562,0.5608371496200562,0.43916288018226624,0.5608371496200562,10,5,3,post_calibration
145,12,10,15,60,0,0,1,0.7127478718757629,0.7127478718757629,0.7127478718757629,0.2872520685195923,10,5,3,post_calibration
145,13,10,16,60,1,0,0,0.8265280723571777,0.8265280723571777,0.8265280723571777,0.17347188293933868,10,5,3,post_calibration
145,14,10,17,60,1,1,1,0.534608781337738,0.534608781337738,0.46539127826690674,0.534608781337738,10,5,3,post_calibration
146,0,10,0,60,1,0,0,0.5038260817527771,0.5038260817527771,0.5038260817527771,0.4961739182472229,10,6,3,zero_shot_paired
146,1,10,2,60,1,1,1,0.6948044300079346,0.6948044300079346,0.30519556999206543,0.6948044300079346,10,6,3,zero_shot_paired
146,2,10,4,60,1,1,1,0.8206424713134766,0.8206424713134766,0.17935755848884583,0.8206424713134766,10,6,3,zero_shot_paired
146,3,10,5,60,1,1,1,0.6717868447303772,0.6717868447303772,0.328213095664978,0.6717868447303772,10,6,3,zero_shot_paired
146,4,10,6,60,0,0,1,0.5096499919891357,0.5096499919891357,0.5096499919891357,0.49035000801086426,10,6,3,zero_shot_paired
146,5,10,7,60,1,1,1,0.7028774619102478,0.7028774619102478,0.2971224784851074,0.7028774619102478,10,6,3,zero_shot_paired
146,6,10,9,60,1,0,0,0.5854771137237549,0.5854771137237549,0.5854771137237549,0.4145229458808899,10,6,3,zero_shot_paired
146,7,10,10,60,0,0,1,0.5831366181373596,0.5831366181373596,0.5831366181373596,0.4168633818626404,10,6,3,zero_shot_paired
146,8,10,11,60,0,0,1,0.625700831413269,0.625700831413269,0.625700831413269,0.37429919838905334,10,6,3,zero_shot_paired
146,9,10,12,60,1,1,1,0.5854641199111938,0.5854641199111938,0.41453585028648376,0.5854641199111938,10,6,3,zero_shot_paired
146,10,10,13,60,0,0,1,0.524307131767273,0.524307131767273,0.524307131767273,0.47569283843040466,10,6,3,zero_shot_paired
146,11,10,14,60,1,1,1,0.5903549194335938,0.5903549194335938,0.40964511036872864,0.5903549194335938,10,6,3,zero_shot_paired
146,12,10,15,60,0,0,1,0.6820809245109558,0.6820809245109558,0.6820809245109558,0.3179191052913666,10,6,3,zero_shot_paired
146,13,10,16,60,1,0,0,0.8216240406036377,0.8216240406036377,0.8216240406036377,0.1783759444952011,10,6,3,zero_shot_paired
146,14,10,17,60,1,1,1,0.5524001121520996,0.5524001121520996,0.4475998878479004,0.5524001121520996,10,6,3,zero_shot_paired
146,0,10,0,60,1,0,0,0.5006427764892578,0.5006427764892578,0.5006427764892578,0.4993571937084198,10,6,3,post_calibration
146,1,10,2,60,1,1,1,0.7006532549858093,0.7006532549858093,0.29934677481651306,0.7006532549858093,10,6,3,post_calibration
146,2,10,4,60,1,1,1,0.831682026386261,0.831682026386261,0.1683179885149002,0.831682026386261,10,6,3,post_calibration
146,3,10,5,60,1,1,1,0.697422206401825,0.697422206401825,0.30257782340049744,0.697422206401825,10,6,3,post_calibration
146,4,10,6,60,0,1,0,0.5204487442970276,0.5204487442970276,0.4795512855052948,0.5204487442970276,10,6,3,post_calibration
146,5,10,7,60,1,1,1,0.7153369784355164,0.7153369784355164,0.28466296195983887,0.7153369784355164,10,6,3,post_calibration
146,6,10,9,60,1,0,0,0.5676463842391968,0.5676463842391968,0.5676463842391968,0.43235358595848083,10,6,3,post_calibration
146,7,10,10,60,0,0,1,0.5568891167640686,0.5568891167640686,0.5568891167640686,0.4431108832359314,10,6,3,post_calibration
146,8,10,11,60,0,0,1,0.5992432832717896,0.5992432832717896,0.5992432832717896,0.40075668692588806,10,6,3,post_calibration
146,9,10,12,60,1,1,1,0.5732510685920715,0.5732510685920715,0.42674893140792847,0.5732510685920715,10,6,3,post_calibration
146,10,10,13,60,0,1,0,0.5056073665618896,0.5056073665618896,0.49439263343811035,0.5056073665618896,10,6,3,post_calibration
146,11,10,14,60,1,1,1,0.5892917513847351,0.5892917513847351,0.41070830821990967,0.5892917513847351,10,6,3,post_calibration
146,12,10,15,60,0,0,1,0.6603127717971802,0.6603127717971802,0.6603127717971802,0.3396872878074646,10,6,3,post_calibration
146,13,10,16,60,1,0,0,0.810476541519165,0.810476541519165,0.810476541519165,0.18952342867851257,10,6,3,post_calibration
146,14,10,17,60,1,1,1,0.5800361633300781,0.5800361633300781,0.41996386647224426,0.5800361633300781,10,6,3,post_calibration
147,0,10,0,60,1,0,0,0.5038260817527771,0.5038260817527771,0.5038260817527771,0.4961739182472229,10,1,6,zero_shot_paired
147,1,10,1,60,1,1,1,0.5061489939689636,0.5061489939689636,0.4938510060310364,0.5061489939689636,10,1,6,zero_shot_paired
147,2,10,3,60,1,0,0,0.7970401644706726,0.7970401644706726,0.7970401644706726,0.2029598206281662,10,1,6,zero_shot_paired
147,3,10,4,60,1,1,1,0.8206424713134766,0.8206424713134766,0.17935755848884583,0.8206424713134766,10,1,6,zero_shot_paired
147,4,10,5,60,1,1,1,0.6717868447303772,0.6717868447303772,0.328213095664978,0.6717868447303772,10,1,6,zero_shot_paired
147,5,10,7,60,1,1,1,0.7028774619102478,0.7028774619102478,0.2971224784851074,0.7028774619102478,10,1,6,zero_shot_paired
147,6,10,8,60,0,1,0,0.7338632941246033,0.7338632941246033,0.26613667607307434,0.7338632941246033,10,1,6,zero_shot_paired
147,7,10,10,60,0,0,1,0.5831366181373596,0.5831366181373596,0.5831366181373596,0.4168633818626404,10,1,6,zero_shot_paired
147,8,10,11,60,0,0,1,0.625700831413269,0.625700831413269,0.625700831413269,0.37429919838905334,10,1,6,zero_shot_paired
147,9,10,15,60,0,0,1,0.6820809245109558,0.6820809245109558,0.6820809245109558,0.3179191052913666,10,1,6,zero_shot_paired
147,10,10,16,60,1,0,0,0.8216240406036377,0.8216240406036377,0.8216240406036377,0.1783759444952011,10,1,6,zero_shot_paired
147,11,10,17,60,1,1,1,0.5524001121520996,0.5524001121520996,0.4475998878479004,0.5524001121520996,10,1,6,zero_shot_paired
147,0,10,0,60,1,1,1,0.5177327990531921,0.5177327990531921,0.4822671711444855,0.5177327990531921,10,1,6,post_calibration
147,1,10,1,60,1,0,0,0.5063549280166626,0.5063549280166626,0.5063549280166626,0.493645042181015,10,1,6,post_calibration
147,2,10,3,60,1,0,0,0.8041693568229675,0.8041693568229675,0.8041693568229675,0.19583067297935486,10,1,6,post_calibration
147,3,10,4,60,1,1,1,0.8047154545783997,0.8047154545783997,0.19528457522392273,0.8047154545783997,10,1,6,post_calibration
147,4,10,5,60,1,1,1,0.660143256187439,0.660143256187439,0.33985671401023865,0.660143256187439,10,1,6,post_calibration
147,5,10,7,60,1,1,1,0.7175657749176025,0.7175657749176025,0.28243425488471985,0.7175657749176025,10,1,6,post_calibration
147,6,10,8,60,0,1,0,0.7238481640815735,0.7238481640815735,0.2761518359184265,0.7238481640815735,10,1,6,post_calibration
147,7,10,10,60,0,0,1,0.586515486240387,0.586515486240387,0.586515486240387,0.4134845733642578,10,1,6,post_calibration
147,8,10,11,60,0,0,1,0.6119963526725769,0.6119963526725769,0.6119963526725769,0.38800370693206787,10,1,6,post_calibration
147,9,10,15,60,0,0,1,0.685199499130249,0.685199499130249,0.685199499130249,0.3148004710674286,10,1,6,post_calibration
147,10,10,16,60,1,0,0,0.8225123882293701,0.8225123882293701,0.8225123882293701,0.17748762667179108,10,1,6,post_calibration
147,11,10,17,60,1,1,1,0.5677643418312073,0.5677643418312073,0.43223562836647034,0.5677643418312073,10,1,6,post_calibration
148,0,10,2,60,1,1,1,0.6948044300079346,0.6948044300079346,0.30519556999206543,0.6948044300079346,10,2,6,zero_shot_paired
148,1,10,3,60,1,0,0,0.7970401644706726,0.7970401644706726,0.7970401644706726,0.2029598206281662,10,2,6,zero_shot_paired
148,2,10,4,60,1,1,1,0.8206424713134766,0.8206424713134766,0.17935755848884583,0.8206424713134766,10,2,6,zero_shot_paired
148,3,10,5,60,1,1,1,0.6717868447303772,0.6717868447303772,0.328213095664978,0.6717868447303772,10,2,6,zero_shot_paired
148,4,10,6,60,0,0,1,0.5096499919891357,0.5096499919891357,0.5096499919891357,0.49035000801086426,10,2,6,zero_shot_paired
148,5,10,7,60,1,1,1,0.7028774619102478,0.7028774619102478,0.2971224784851074,0.7028774619102478,10,2,6,zero_shot_paired
148,6,10,9,60,1,0,0,0.5854771137237549,0.5854771137237549,0.5854771137237549,0.4145229458808899,10,2,6,zero_shot_paired
148,7,10,10,60,0,0,1,0.5831366181373596,0.5831366181373596,0.5831366181373596,0.4168633818626404,10,2,6,zero_shot_paired
148,8,10,12,60,1,1,1,0.5854641199111938,0.5854641199111938,0.41453585028648376,0.5854641199111938,10,2,6,zero_shot_paired
148,9,10,13,60,0,0,1,0.524307131767273,0.524307131767273,0.524307131767273,0.47569283843040466,10,2,6,zero_shot_paired
148,10,10,14,60,1,1,1,0.5903549194335938,0.5903549194335938,0.40964511036872864,0.5903549194335938,10,2,6,zero_shot_paired
148,11,10,15,60,0,0,1,0.6820809245109558,0.6820809245109558,0.6820809245109558,0.3179191052913666,10,2,6,zero_shot_paired
148,0,10,2,60,1,1,1,0.7057818174362183,0.7057818174362183,0.29421812295913696,0.7057818174362183,10,2,6,post_calibration
148,1,10,3,60,1,0,0,0.7942864894866943,0.7942864894866943,0.7942864894866943,0.20571349561214447,10,2,6,post_calibration
148,2,10,4,60,1,1,1,0.8146548867225647,0.8146548867225647,0.1853451132774353,0.8146548867225647,10,2,6,post_calibration
148,3,10,5,60,1,1,1,0.6737335920333862,0.6737335920333862,0.32626640796661377,0.6737335920333862,10,2,6,post_calibration
148,4,10,6,60,0,1,0,0.5121588706970215,0.5121588706970215,0.48784109950065613,0.5121588706970215,10,2,6,post_calibration
148,5,10,7,60,1,1,1,0.7292246222496033,0.7292246222496033,0.27077537775039673,0.7292246222496033,10,2,6,post_calibration
148,6,10,9,60,1,0,0,0.5406510233879089,0.5406510233879089,0.5406510233879089,0.4593489468097687,10,2,6,post_calibration
148,7,10,10,60,0,0,1,0.5397717356681824,0.5397717356681824,0.5397717356681824,0.46022823452949524,10,2,6,post_calibration
148,8,10,12,60,1,1,1,0.5680320858955383,0.5680320858955383,0.43196791410446167,0.5680320858955383,10,2,6,post_calibration
148,9,10,13,60,0,0,1,0.5299685597419739,0.5299685597419739,0.5299685597419739,0.4700314700603485,10,2,6,post_calibration
148,10,10,14,60,1,1,1,0.6212052702903748,0.6212052702903748,0.37879478931427,0.6212052702903748,10,2,6,post_calibration
148,11,10,15,60,0,0,1,0.6537298560142517,0.6537298560142517,0.6537298560142517,0.3462700843811035,10,2,6,post_calibration
149,0,10,0,60,1,0,0,0.5038260817527771,0.5038260817527771,0.5038260817527771,0.4961739182472229,10,3,6,zero_shot_paired
149,1,10,1,60,1,1,1,0.5061489939689636,0.5061489939689636,0.4938510060310364,0.5061489939689636,10,3,6,zero_shot_paired
149,2,10,2,60,1,1,1,0.6948044300079346,0.6948044300079346,0.30519556999206543,0.6948044300079346,10,3,6,zero_shot_paired
149,3,10,6,60,0,0,1,0.5096499919891357,0.5096499919891357,0.5096499919891357,0.49035000801086426,10,3,6,zero_shot_paired
149,4,10,8,60,0,1,0,0.7338632941246033,0.7338632941246033,0.26613667607307434,0.7338632941246033,10,3,6,zero_shot_paired
149,5,10,9,60,1,0,0,0.5854771137237549,0.5854771137237549,0.5854771137237549,0.4145229458808899,10,3,6,zero_shot_paired
149,6,10,11,60,0,0,1,0.625700831413269,0.625700831413269,0.625700831413269,0.37429919838905334,10,3,6,zero_shot_paired
149,7,10,12,60,1,1,1,0.5854641199111938,0.5854641199111938,0.41453585028648376,0.5854641199111938,10,3,6,zero_shot_paired
149,8,10,13,60,0,0,1,0.524307131767273,0.524307131767273,0.524307131767273,0.47569283843040466,10,3,6,zero_shot_paired
149,9,10,14,60,1,1,1,0.5903549194335938,0.5903549194335938,0.40964511036872864,0.5903549194335938,10,3,6,zero_shot_paired
149,10,10,16,60,1,0,0,0.8216240406036377,0.8216240406036377,0.8216240406036377,0.1783759444952011,10,3,6,zero_shot_paired
149,11,10,17,60,1,1,1,0.5524001121520996,0.5524001121520996,0.4475998878479004,0.5524001121520996,10,3,6,zero_shot_paired
149,0,10,0,60,1,0,0,0.5020847320556641,0.5020847320556641,0.5020847320556641,0.4979152977466583,10,3,6,post_calibration
149,1,10,1,60,1,1,1,0.509503185749054,0.509503185749054,0.49049681425094604,0.509503185749054,10,3,6,post_calibration
149,2,10,2,60,1,1,1,0.7066255807876587,0.7066255807876587,0.2933744490146637,0.7066255807876587,10,3,6,post_calibration
149,3,10,6,60,0,0,1,0.5033816695213318,0.5033816695213318,0.5033816695213318,0.4966183304786682,10,3,6,post_calibration
149,4,10,8,60,0,1,0,0.7585818767547607,0.7585818767547607,0.24141812324523926,0.7585818767547607,10,3,6,post_calibration
149,5,10,9,60,1,0,0,0.59044349193573,0.59044349193573,0.59044349193573,0.4095565378665924,10,3,6,post_calibration
149,6,10,11,60,0,0,1,0.6096857786178589,0.6096857786178589,0.6096857786178589,0.3903142511844635,10,3,6,post_calibration
149,7,10,12,60,1,1,1,0.5963854193687439,0.5963854193687439,0.4036146104335785,0.5963854193687439,10,3,6,post_calibration
149,8,10,13,60,0,1,0,0.5038260817527771,0.5038260817527771,0.4961739182472229,0.5038260817527771,10,3,6,post_calibration
149,9,10,14,60,1,1,1,0.5586618185043335,0.5586618185043335,0.44133812189102173,0.5586618185043335,10,3,6,post_calibration
149,10,10,16,60,1,0,0,0.8258466124534607,0.8258466124534607,0.8258466124534607,0.17415334284305573,10,3,6,post_calibration
149,11,10,17,60,1,1,1,0.5515266060829163,0.5515266060829163,0.4484734535217285,0.5515266060829163,10,3,6,post_calibration
150,0,10,2,60,1,1,1,0.6948044300079346,0.6948044300079346,0.30519556999206543,0.6948044300079346,10,1,9,zero_shot_paired
150,1,10,3,60,1,0,0,0.7970401644706726,0.7970401644706726,0.7970401644706726,0.2029598206281662,10,1,9,zero_shot_paired
150,2,10,5,60,1,1,1,0.6717868447303772,0.6717868447303772,0.328213095664978,0.6717868447303772,10,1,9,zero_shot_paired
150,3,10,8,60,0,1,0,0.7338647842407227,0.7338647842407227,0.26613518595695496,0.7338647842407227,10,1,9,zero_shot_paired
150,4,10,9,60,1,0,0,0.5854771137237549,0.5854771137237549,0.5854771137237549,0.4145229458808899,10,1,9,zero_shot_paired
150,5,10,13,60,0,0,1,0.5243052244186401,0.5243052244186401,0.5243052244186401,0.47569477558135986,10,1,9,zero_shot_paired
150,6,10,15,60,0,0,1,0.6820842027664185,0.6820842027664185,0.6820842027664185,0.31791576743125916,10,1,9,zero_shot_paired
150,7,10,16,60,1,0,0,0.8216150999069214,0.8216150999069214,0.8216150999069214,0.1783849000930786,10,1,9,zero_shot_paired
150,8,10,17,60,1,1,1,0.5524076819419861,0.5524076819419861,0.4475923478603363,0.5524076819419861,10,1,9,zero_shot_paired
150,0,10,2,60,1,1,1,0.7184154391288757,0.7184154391288757,0.28158462047576904,0.7184154391288757,10,1,9,post_calibration
150,1,10,3,60,1,0,0,0.7952980995178223,0.7952980995178223,0.7952980995178223,0.20470187067985535,10,1,9,post_calibration
150,2,10,5,60,1,1,1,0.6707464456558228,0.6707464456558228,0.32925352454185486,0.6707464456558228,10,1,9,post_calibration
150,3,10,8,60,0,1,0,0.75080406665802,0.75080406665802,0.24919593334197998,0.75080406665802,10,1,9,post_calibration
150,4,10,9,60,1,0,0,0.5924584269523621,0.5924584269523621,0.5924584269523621,0.40754154324531555,10,1,9,post_calibration
150,5,10,13,60,0,1,0,0.5048407316207886,0.5048407316207886,0.4951593279838562,0.5048407316207886,10,1,9,post_calibration
150,6,10,15,60,0,0,1,0.6976588368415833,0.6976588368415833,0.6976588368415833,0.30234119296073914,10,1,9,post_calibration
150,7,10,16,60,1,0,0,0.8236333727836609,0.8236333727836609,0.8236333727836609,0.17636661231517792,10,1,9,post_calibration
150,8,10,17,60,1,1,1,0.5560078620910645,0.5560078620910645,0.44399213790893555,0.5560078620910645,10,1,9,post_calibration
151,0,10,0,60,1,0,0,0.5038260817527771,0.5038260817527771,0.5038260817527771,0.4961739182472229,10,2,9,zero_shot_paired
151,1,10,1,60,1,1,1,0.5061509013175964,0.5061509013175964,0.49384912848472595,0.5061509013175964,10,2,9,zero_shot_paired
151,2,10,4,60,1,1,1,0.8206379413604736,0.8206379413604736,0.17936205863952637,0.8206379413604736,10,2,9,zero_shot_paired
151,3,10,6,60,0,0,1,0.5096518993377686,0.5096518993377686,0.5096518993377686,0.49034813046455383,10,2,9,zero_shot_paired
151,4,10,7,60,1,1,1,0.7028727531433105,0.7028727531433105,0.29712727665901184,0.7028727531433105,10,2,9,zero_shot_paired
151,5,10,10,60,0,0,1,0.5831366181373596,0.5831366181373596,0.5831366181373596,0.4168633818626404,10,2,9,zero_shot_paired
151,6,10,11,60,0,0,1,0.6257097125053406,0.6257097125053406,0.6257097125053406,0.3742902874946594,10,2,9,zero_shot_paired
151,7,10,12,60,1,1,1,0.5854659676551819,0.5854659676551819,0.4145340323448181,0.5854659676551819,10,2,9,zero_shot_paired
151,8,10,14,60,1,1,1,0.5903567671775818,0.5903567671775818,0.4096432626247406,0.5903567671775818,10,2,9,zero_shot_paired
151,0,10,0,60,1,1,1,0.5184166431427002,0.5184166431427002,0.4815833568572998,0.5184166431427002,10,2,9,post_calibration
151,1,10,1,60,1,1,1,0.5283870100975037,0.5283870100975037,0.47161296010017395,0.5283870100975037,10,2,9,post_calibration
151,2,10,4,60,1,1,1,0.817202091217041,0.817202091217041,0.18279790878295898,0.817202091217041,10,2,9,post_calibration
151,3,10,6,60,0,1,0,0.5229140520095825,0.5229140520095825,0.4770859181880951,0.5229140520095825,10,2,9,post_calibration
151,4,10,7,60,1,1,1,0.7275809049606323,0.7275809049606323,0.2724190354347229,0.7275809049606323,10,2,9,post_calibration
151,5,10,10,60,0,0,1,0.5528019070625305,0.5528019070625305,0.5528019070625305,0.4471980929374695,10,2,9,post_calibration
151,6,10,11,60,0,0,1,0.6202389001846313,0.6202389001846313,0.6202389001846313,0.37976107001304626,10,2,9,post_calibration
151,7,10,12,60,1,1,1,0.5580918192863464,0.5580918192863464,0.44190821051597595,0.5580918192863464,10,2,9,post_calibration
151,8,10,14,60,1,1,1,0.6090973615646362,0.6090973615646362,0.39090266823768616,0.6090973615646362,10,2,9,post_calibration
152,0,10,2,60,1,1,1,0.6948772072792053,0.6948772072792053,0.3051227927207947,0.6948772072792053,10,1,12,zero_shot_paired
152,1,10,5,60,1,1,1,0.6717718243598938,0.6717718243598938,0.328228235244751,0.6717718243598938,10,1,12,zero_shot_paired
152,2,10,9,60,1,0,0,0.5854492783546448,0.5854492783546448,0.5854492783546448,0.41455066204071045,10,1,12,zero_shot_paired
152,3,10,10,60,0,0,1,0.5833443403244019,0.5833443403244019,0.5833443403244019,0.41665568947792053,10,1,12,zero_shot_paired
152,4,10,14,60,1,1,1,0.5903825759887695,0.5903825759887695,0.40961742401123047,0.5903825759887695,10,1,12,zero_shot_paired
152,5,10,15,60,0,0,1,0.6821801662445068,0.6821801662445068,0.6821801662445068,0.31781983375549316,10,1,12,zero_shot_paired
152,0,10,2,60,1,1,1,0.7155373692512512,0.7155373692512512,0.2844626009464264,0.7155373692512512,10,1,12,post_calibration
152,1,10,5,60,1,1,1,0.6889312863349915,0.6889312863349915,0.31106868386268616,0.6889312863349915,10,1,12,post_calibration
152,2,10,9,60,1,0,0,0.5622196793556213,0.5622196793556213,0.5622196793556213,0.4377802908420563,10,1,12,post_calibration
152,3,10,10,60,0,0,1,0.5402000546455383,0.5402000546455383,0.5402000546455383,0.45979997515678406,10,1,12,post_calibration
152,4,10,14,60,1,1,1,0.6038880944252014,0.6038880944252014,0.39611196517944336,0.6038880944252014,10,1,12,post_calibration
152,5,10,15,60,0,0,1,0.6434763073921204,0.6434763073921204,0.6434763073921204,0.35652366280555725,10,1,12,post_calibration
153,0,10,1,60,1,1,1,0.5062252879142761,0.5062252879142761,0.4937747120857239,0.5062252879142761,10,2,12,zero_shot_paired
153,1,10,3,60,1,0,0,0.7970340251922607,0.7970340251922607,0.7970340251922607,0.20296600461006165,10,2,12,zero_shot_paired
153,2,10,5,60,1,1,1,0.6717718243598938,0.6717718243598938,0.328228235244751,0.6717718243598938,10,2,12,zero_shot_paired
153,3,10,10,60,0,0,1,0.5833443403244019,0.5833443403244019,0.5833443403244019,0.41665568947792053,10,2,12,zero_shot_paired
153,4,10,14,60,1,1,1,0.5903825759887695,0.5903825759887695,0.40961742401123047,0.5903825759887695,10,2,12,zero_shot_paired
153,5,10,15,60,0,0,1,0.6821801662445068,0.6821801662445068,0.6821801662445068,0.31781983375549316,10,2,12,zero_shot_paired
153,0,10,1,60,1,1,1,0.503930926322937,0.503930926322937,0.4960690438747406,0.503930926322937,10,2,12,post_calibration
153,1,10,3,60,1,0,0,0.7999519109725952,0.7999519109725952,0.7999519109725952,0.2000480592250824,10,2,12,post_calibration
153,2,10,5,60,1,1,1,0.6562522053718567,0.6562522053718567,0.3437477648258209,0.6562522053718567,10,2,12,post_calibration
153,3,10,10,60,0,0,1,0.5726070404052734,0.5726070404052734,0.5726070404052734,0.42739295959472656,10,2,12,post_calibration
153,4,10,14,60,1,1,1,0.6505210399627686,0.6505210399627686,0.34947896003723145,0.6505210399627686,10,2,12,post_calibration
153,5,10,15,60,0,0,1,0.6757345199584961,0.6757345199584961,0.6757345199584961,0.3242654800415039,10,2,12,post_calibration
154,0,10,2,60,1,1,1,0.6948772072792053,0.6948772072792053,0.3051227927207947,0.6948772072792053,10,3,12,zero_shot_paired
154,1,10,6,60,0,0,1,0.5097300410270691,0.5097300410270691,0.5097300410270691,0.4902699291706085,10,3,12,zero_shot_paired
154,2,10,10,60,0,0,1,0.5833443403244019,0.5833443403244019,0.5833443403244019,0.41665568947792053,10,3,12,zero_shot_paired
154,3,10,12,60,1,1,1,0.5854326486587524,0.5854326486587524,0.41456732153892517,0.5854326486587524,10,3,12,zero_shot_paired
154,4,10,14,60,1,1,1,0.5903825759887695,0.5903825759887695,0.40961742401123047,0.5903825759887695,10,3,12,zero_shot_paired
154,5,10,17,60,1,1,1,0.5524379014968872,0.5524379014968872,0.44756215810775757,0.5524379014968872,10,3,12,zero_shot_paired
154,0,10,2,60,1,1,1,0.702515721321106,0.702515721321106,0.29748427867889404,0.702515721321106,10,3,12,post_calibration
154,1,10,6,60,0,1,0,0.5140591859817505,0.5140591859817505,0.4859408438205719,0.5140591859817505,10,3,12,post_calibration
154,2,10,10,60,0,0,1,0.5651899576187134,0.5651899576187134,0.5651899576187134,0.43481001257896423,10,3,12,post_calibration
154,3,10,12,60,1,1,1,0.5570698380470276,0.5570698380470276,0.44293013215065,0.5570698380470276,10,3,12,post_calibration
154,4,10,14,60,1,1,1,0.5836520791053772,0.5836520791053772,0.4163479208946228,0.5836520791053772,10,3,12,post_calibration
154,5,10,17,60,1,1,1,0.5691325068473816,0.5691325068473816,0.430867463350296,0.5691325068473816,10,3,12,post_calibration
12,0,11,0,60,0,1,0,0.5721737742424011,0.5721737742424011,0.4278261959552765,0.5721737742424011,11,,,zero_shot_all_trials
12,1,11,1,60,0,1,0,0.5292710065841675,0.5292710065841675,0.4707290232181549,0.5292710065841675,11,,,zero_shot_all_trials
12,2,11,2,60,0,0,1,0.7634259462356567,0.7634259462356567,0.7634259462356567,0.23657409846782684,11,,,zero_shot_all_trials
12,3,11,3,60,1,1,1,0.6067278385162354,0.6067278385162354,0.39327213168144226,0.6067278385162354,11,,,zero_shot_all_trials
12,4,11,4,60,1,0,0,0.6220343112945557,0.6220343112945557,0.6220343112945557,0.37796568870544434,11,,,zero_shot_all_trials
12,5,11,5,60,1,1,1,0.7235292792320251,0.7235292792320251,0.27647069096565247,0.7235292792320251,11,,,zero_shot_all_trials
12,6,11,6,60,1,1,1,0.6034353375434875,0.6034353375434875,0.39656463265419006,0.6034353375434875,11,,,zero_shot_all_trials
12,7,11,7,60,1,0,0,0.6726475954055786,0.6726475954055786,0.6726475954055786,0.327352374792099,11,,,zero_shot_all_trials
12,8,11,8,60,1,1,1,0.7980749607086182,0.7980749607086182,0.20192508399486542,0.7980749607086182,11,,,zero_shot_all_trials
12,9,11,9,60,1,1,1,0.8397329449653625,0.8397329449653625,0.16026704013347626,0.8397329449653625,11,,,zero_shot_all_trials
12,10,11,10,60,1,0,0,0.7664138674736023,0.7664138674736023,0.7664138674736023,0.2335861474275589,11,,,zero_shot_all_trials
12,11,11,11,60,1,1,1,0.6041417121887207,0.6041417121887207,0.3958583176136017,0.6041417121887207,11,,,zero_shot_all_trials
12,12,11,12,60,1,1,1,0.8389015793800354,0.8389015793800354,0.1610984355211258,0.8389015793800354,11,,,zero_shot_all_trials
12,13,11,13,60,0,1,0,0.6298226714134216,0.6298226714134216,0.37017738819122314,0.6298226714134216,11,,,zero_shot_all_trials
12,14,11,14,60,1,1,1,0.6207419633865356,0.6207419633865356,0.37925803661346436,0.6207419633865356,11,,,zero_shot_all_trials
12,15,11,15,60,1,1,1,0.8127349615097046,0.8127349615097046,0.18726502358913422,0.8127349615097046,11,,,zero_shot_all_trials
12,16,11,16,60,1,0,0,0.5057733058929443,0.5057733058929443,0.5057733058929443,0.49422672390937805,11,,,zero_shot_all_trials
12,17,11,17,60,1,1,1,0.7527119517326355,0.7527119517326355,0.2472880780696869,0.7527119517326355,11,,,zero_shot_all_trials
155,0,11,0,60,0,1,0,0.5721719264984131,0.5721719264984131,0.4278280735015869,0.5721719264984131,11,1,3,zero_shot_paired
155,1,11,2,60,0,0,1,0.7634328007698059,0.7634328007698059,0.7634328007698059,0.23656722903251648,11,1,3,zero_shot_paired
155,2,11,4,60,1,0,0,0.6220360994338989,0.6220360994338989,0.6220360994338989,0.3779639005661011,11,1,3,zero_shot_paired
155,3,11,5,60,1,1,1,0.7235292792320251,0.7235292792320251,0.27647069096565247,0.7235292792320251,11,1,3,zero_shot_paired
155,4,11,6,60,1,1,1,0.6034317016601562,0.6034317016601562,0.39656832814216614,0.6034317016601562,11,1,3,zero_shot_paired
155,5,11,7,60,1,0,0,0.6726475954055786,0.6726475954055786,0.6726475954055786,0.327352374792099,11,1,3,zero_shot_paired
155,6,11,8,60,1,1,1,0.7980773448944092,0.7980773448944092,0.20192261040210724,0.7980773448944092,11,1,3,zero_shot_paired
155,7,11,9,60,1,1,1,0.8397339582443237,0.8397339582443237,0.16026602685451508,0.8397339582443237,11,1,3,zero_shot_paired
155,8,11,10,60,1,0,0,0.7664111256599426,0.7664111256599426,0.7664111256599426,0.23358888924121857,11,1,3,zero_shot_paired
155,9,11,11,60,1,1,1,0.604143500328064,0.604143500328064,0.39585649967193604,0.604143500328064,11,1,3,zero_shot_paired
155,10,11,12,60,1,1,1,0.8389036655426025,0.8389036655426025,0.16109636425971985,0.8389036655426025,11,1,3,zero_shot_paired
155,11,11,13,60,0,1,0,0.6298243999481201,0.6298243999481201,0.3701756000518799,0.6298243999481201,11,1,3,zero_shot_paired
155,12,11,15,60,1,1,1,0.8127361536026001,0.8127361536026001,0.1872638463973999,0.8127361536026001,11,1,3,zero_shot_paired
155,13,11,16,60,1,0,0,0.5057713985443115,0.5057713985443115,0.5057713985443115,0.49422863125801086,11,1,3,zero_shot_paired
155,14,11,17,60,1,1,1,0.7527105212211609,0.7527105212211609,0.2472894936800003,0.7527105212211609,11,1,3,zero_shot_paired
155,0,11,0,60,0,1,0,0.5759961009025574,0.5759961009025574,0.42400386929512024,0.5759961009025574,11,1,3,post_calibration
155,1,11,2,60,0,0,1,0.7558637261390686,0.7558637261390686,0.7558637261390686,0.2441362589597702,11,1,3,post_calibration
155,2,11,4,60,1,0,0,0.6096457839012146,0.6096457839012146,0.6096457839012146,0.390354186296463,11,1,3,post_calibration
155,3,11,5,60,1,1,1,0.7356920838356018,0.7356920838356018,0.2643079161643982,0.7356920838356018,11,1,3,post_calibration
155,4,11,6,60,1,1,1,0.608439564704895,0.608439564704895,0.391560435295105,0.608439564704895,11,1,3,post_calibration
155,5,11,7,60,1,0,0,0.6583214402198792,0.6583214402198792,0.6583214402198792,0.3416786193847656,11,1,3,post_calibration
155,6,11,8,60,1,1,1,0.8020642399787903,0.8020642399787903,0.19793576002120972,0.8020642399787903,11,1,3,post_calibration
155,7,11,9,60,1,1,1,0.8449764847755432,0.8449764847755432,0.1550234854221344,0.8449764847755432,11,1,3,post_calibration
155,8,11,10,60,1,0,0,0.7573922276496887,0.7573922276496887,0.7573922276496887,0.2426077425479889,11,1,3,post_calibration
155,9,11,11,60,1,1,1,0.6226117014884949,0.6226117014884949,0.3773882985115051,0.6226117014884949,11,1,3,post_calibration
155,10,11,12,60,1,1,1,0.8480562567710876,0.8480562567710876,0.15194374322891235,0.8480562567710876,11,1,3,post_calibration
155,11,11,13,60,0,1,0,0.6296216249465942,0.6296216249465942,0.37037840485572815,0.6296216249465942,11,1,3,post_calibration
155,12,11,15,60,1,1,1,0.823778510093689,0.823778510093689,0.17622148990631104,0.823778510093689,11,1,3,post_calibration
155,13,11,16,60,1,0,0,0.5033568739891052,0.5033568739891052,0.5033568739891052,0.4966431260108948,11,1,3,post_calibration
155,14,11,17,60,1,1,1,0.7579790949821472,0.7579790949821472,0.24202083051204681,0.7579790949821472,11,1,3,post_calibration
156,0,11,0,60,0,1,0,0.572168231010437,0.572168231010437,0.427831768989563,0.572168231010437,11,2,3,zero_shot_paired
156,1,11,1,60,0,1,0,0.5292710065841675,0.5292710065841675,0.4707290232181549,0.5292710065841675,11,2,3,zero_shot_paired
156,2,11,2,60,0,0,1,0.7634396553039551,0.7634396553039551,0.7634396553039551,0.23656031489372253,11,2,3,zero_shot_paired
156,3,11,3,60,1,1,1,0.6067278385162354,0.6067278385162354,0.39327213168144226,0.6067278385162354,11,2,3,zero_shot_paired
156,4,11,4,60,1,0,0,0.6220307350158691,0.6220307350158691,0.6220307350158691,0.37796929478645325,11,2,3,zero_shot_paired
156,5,11,5,60,1,1,1,0.7235231995582581,0.7235231995582581,0.27647680044174194,0.7235231995582581,11,2,3,zero_shot_paired
156,6,11,6,60,1,1,1,0.6034298539161682,0.6034298539161682,0.3965701460838318,0.6034298539161682,11,2,3,zero_shot_paired
156,7,11,7,60,1,0,0,0.6726459264755249,0.6726459264755249,0.6726459264755249,0.3273541033267975,11,2,3,zero_shot_paired
156,8,11,8,60,1,1,1,0.7980785965919495,0.7980785965919495,0.20192138850688934,0.7980785965919495,11,2,3,zero_shot_paired
156,9,11,9,60,1,1,1,0.8397390842437744,0.8397390842437744,0.1602608859539032,0.8397390842437744,11,2,3,zero_shot_paired
156,10,11,12,60,1,1,1,0.838899552822113,0.838899552822113,0.16110049188137054,0.838899552822113,11,2,3,zero_shot_paired
156,11,11,13,60,0,1,0,0.6298243999481201,0.6298243999481201,0.3701756000518799,0.6298243999481201,11,2,3,zero_shot_paired
156,12,11,14,60,1,1,1,0.6207509636878967,0.6207509636878967,0.37924903631210327,0.6207509636878967,11,2,3,zero_shot_paired
156,13,11,16,60,1,0,0,0.5057675242424011,0.5057675242424011,0.5057675242424011,0.4942324459552765,11,2,3,zero_shot_paired
156,14,11,17,60,1,1,1,0.7527119517326355,0.7527119517326355,0.2472880780696869,0.7527119517326355,11,2,3,zero_shot_paired
156,0,11,0,60,0,1,0,0.5845195055007935,0.5845195055007935,0.41548052430152893,0.5845195055007935,11,2,3,post_calibration
156,1,11,1,60,0,1,0,0.5316178202629089,0.5316178202629089,0.46838217973709106,0.5316178202629089,11,2,3,post_calibration
156,2,11,2,60,0,0,1,0.7345482110977173,0.7345482110977173,0.7345482110977173,0.2654517889022827,11,2,3,post_calibration
156,3,11,3,60,1,1,1,0.6210005879402161,0.6210005879402161,0.3789994418621063,0.6210005879402161,11,2,3,post_calibration
156,4,11,4,60,1,0,0,0.5741597414016724,0.5741597414016724,0.5741597414016724,0.42584022879600525,11,2,3,post_calibration
156,5,11,5,60,1,1,1,0.729339063167572,0.729339063167572,0.2706609070301056,0.729339063167572,11,2,3,post_calibration
156,6,11,6,60,1,1,1,0.6281899809837341,0.6281899809837341,0.3718099594116211,0.6281899809837341,11,2,3,post_calibration
156,7,11,7,60,1,0,0,0.6366655230522156,0.6366655230522156,0.6366655230522156,0.36333444714546204,11,2,3,post_calibration
156,8,11,8,60,1,1,1,0.8117284774780273,0.8117284774780273,0.18827150762081146,0.8117284774780273,11,2,3,post_calibration
156,9,11,9,60,1,1,1,0.8510295152664185,0.8510295152664185,0.14897046983242035,0.8510295152664185,11,2,3,post_calibration
156,10,11,12,60,1,1,1,0.8466431498527527,0.8466431498527527,0.1533568948507309,0.8466431498527527,11,2,3,post_calibration
156,11,11,13,60,0,1,0,0.6759668588638306,0.6759668588638306,0.32403314113616943,0.6759668588638306,11,2,3,post_calibration
156,12,11,14,60,1,1,1,0.6537730693817139,0.6537730693817139,0.34622693061828613,0.6537730693817139,11,2,3,post_calibration
156,13,11,16,60,1,1,1,0.526443600654602,0.526443600654602,0.47355642914772034,0.526443600654602,11,2,3,post_calibration
156,14,11,17,60,1,1,1,0.7790671586990356,0.7790671586990356,0.22093281149864197,0.7790671586990356,11,2,3,post_calibration
157,0,11,0,60,0,1,0,0.572168231010437,0.572168231010437,0.427831768989563,0.572168231010437,11,3,3,zero_shot_paired
157,1,11,1,60,0,1,0,0.5292710065841675,0.5292710065841675,0.4707290232181549,0.5292710065841675,11,3,3,zero_shot_paired
157,2,11,3,60,1,1,1,0.6067278385162354,0.6067278385162354,0.39327213168144226,0.6067278385162354,11,3,3,zero_shot_paired
157,3,11,4,60,1,0,0,0.6220307350158691,0.6220307350158691,0.6220307350158691,0.37796929478645325,11,3,3,zero_shot_paired
157,4,11,6,60,1,1,1,0.6034298539161682,0.6034298539161682,0.3965701460838318,0.6034298539161682,11,3,3,zero_shot_paired
157,5,11,7,60,1,0,0,0.6726459264755249,0.6726459264755249,0.6726459264755249,0.3273541033267975,11,3,3,zero_shot_paired
157,6,11,8,60,1,1,1,0.7980785965919495,0.7980785965919495,0.20192138850688934,0.7980785965919495,11,3,3,zero_shot_paired
157,7,11,10,60,1,0,0,0.7664056420326233,0.7664056420326233,0.7664056420326233,0.23359434306621552,11,3,3,zero_shot_paired
157,8,11,11,60,1,1,1,0.6041380167007446,0.6041380167007446,0.39586198329925537,0.6041380167007446,11,3,3,zero_shot_paired
157,9,11,12,60,1,1,1,0.838899552822113,0.838899552822113,0.16110049188137054,0.838899552822113,11,3,3,zero_shot_paired
157,10,11,13,60,0,1,0,0.6298243999481201,0.6298243999481201,0.3701756000518799,0.6298243999481201,11,3,3,zero_shot_paired
157,11,11,14,60,1,1,1,0.6207509636878967,0.6207509636878967,0.37924903631210327,0.6207509636878967,11,3,3,zero_shot_paired
157,12,11,15,60,1,1,1,0.8127303123474121,0.8127303123474121,0.1872696578502655,0.8127303123474121,11,3,3,zero_shot_paired
157,13,11,16,60,1,0,0,0.5057675242424011,0.5057675242424011,0.5057675242424011,0.4942324459552765,11,3,3,zero_shot_paired
157,14,11,17,60,1,1,1,0.7527119517326355,0.7527119517326355,0.2472880780696869,0.7527119517326355,11,3,3,zero_shot_paired
157,0,11,0,60,0,1,0,0.5856807231903076,0.5856807231903076,0.41431924700737,0.5856807231903076,11,3,3,post_calibration
157,1,11,1,60,0,1,0,0.5325770974159241,0.5325770974159241,0.4674229323863983,0.5325770974159241,11,3,3,post_calibration
157,2,11,3,60,1,1,1,0.614531397819519,0.614531397819519,0.38546863198280334,0.614531397819519,11,3,3,post_calibration
157,3,11,4,60,1,0,0,0.62151038646698,0.62151038646698,0.62151038646698,0.37848958373069763,11,3,3,post_calibration
157,4,11,6,60,1,1,1,0.6107817888259888,0.6107817888259888,0.38921818137168884,0.6107817888259888,11,3,3,post_calibration
157,5,11,7,60,1,0,0,0.6784651279449463,0.6784651279449463,0.6784651279449463,0.3215349018573761,11,3,3,post_calibration
157,6,11,8,60,1,1,1,0.7990224361419678,0.7990224361419678,0.20097757875919342,0.7990224361419678,11,3,3,post_calibration
157,7,11,10,60,1,0,0,0.7707507014274597,0.7707507014274597,0.7707507014274597,0.22924931347370148,11,3,3,post_calibration
157,8,11,11,60,1,1,1,0.6112079620361328,0.6112079620361328,0.3887920677661896,0.6112079620361328,11,3,3,post_calibration
157,9,11,12,60,1,1,1,0.8406937718391418,0.8406937718391418,0.15930627286434174,0.8406937718391418,11,3,3,post_calibration
157,10,11,13,60,0,1,0,0.6241235136985779,0.6241235136985779,0.37587645649909973,0.6241235136985779,11,3,3,post_calibration
157,11,11,14,60,1,1,1,0.6147645115852356,0.6147645115852356,0.3852355182170868,0.6147645115852356,11,3,3,post_calibration
157,12,11,15,60,1,1,1,0.8209689855575562,0.8209689855575562,0.17903101444244385,0.8209689855575562,11,3,3,post_calibration
157,13,11,16,60,1,0,0,0.5116022229194641,0.5116022229194641,0.5116022229194641,0.4883977770805359,11,3,3,post_calibration
157,14,11,17,60,1,1,1,0.7693538069725037,0.7693538069725037,0.23064619302749634,0.7693538069725037,11,3,3,post_calibration
158,0,11,0,60,0,1,0,0.572168231010437,0.572168231010437,0.427831768989563,0.572168231010437,11,4,3,zero_shot_paired
158,1,11,1,60,0,1,0,0.5292710065841675,0.5292710065841675,0.4707290232181549,0.5292710065841675,11,4,3,zero_shot_paired
158,2,11,2,60,0,0,1,0.7634396553039551,0.7634396553039551,0.7634396553039551,0.23656031489372253,11,4,3,zero_shot_paired
158,3,11,3,60,1,1,1,0.6067278385162354,0.6067278385162354,0.39327213168144226,0.6067278385162354,11,4,3,zero_shot_paired
158,4,11,4,60,1,0,0,0.6220307350158691,0.6220307350158691,0.6220307350158691,0.37796929478645325,11,4,3,zero_shot_paired
158,5,11,5,60,1,1,1,0.7235231995582581,0.7235231995582581,0.27647680044174194,0.7235231995582581,11,4,3,zero_shot_paired
158,6,11,7,60,1,0,0,0.6726459264755249,0.6726459264755249,0.6726459264755249,0.3273541033267975,11,4,3,zero_shot_paired
158,7,11,9,60,1,1,1,0.8397390842437744,0.8397390842437744,0.1602608859539032,0.8397390842437744,11,4,3,zero_shot_paired
158,8,11,10,60,1,0,0,0.7664056420326233,0.7664056420326233,0.7664056420326233,0.23359434306621552,11,4,3,zero_shot_paired
158,9,11,11,60,1,1,1,0.6041380167007446,0.6041380167007446,0.39586198329925537,0.6041380167007446,11,4,3,zero_shot_paired
158,10,11,12,60,1,1,1,0.838899552822113,0.838899552822113,0.16110049188137054,0.838899552822113,11,4,3,zero_shot_paired
158,11,11,13,60,0,1,0,0.6298243999481201,0.6298243999481201,0.3701756000518799,0.6298243999481201,11,4,3,zero_shot_paired
158,12,11,14,60,1,1,1,0.6207509636878967,0.6207509636878967,0.37924903631210327,0.6207509636878967,11,4,3,zero_shot_paired
158,13,11,15,60,1,1,1,0.8127303123474121,0.8127303123474121,0.1872696578502655,0.8127303123474121,11,4,3,zero_shot_paired
158,14,11,16,60,1,0,0,0.5057675242424011,0.5057675242424011,0.5057675242424011,0.4942324459552765,11,4,3,zero_shot_paired
158,0,11,0,60,0,1,0,0.571363091468811,0.571363091468811,0.42863693833351135,0.571363091468811,11,4,3,post_calibration
158,1,11,1,60,0,1,0,0.5464526414871216,0.5464526414871216,0.45354732871055603,0.5464526414871216,11,4,3,post_calibration
158,2,11,2,60,0,0,1,0.7691019177436829,0.7691019177436829,0.7691019177436829,0.23089808225631714,11,4,3,post_calibration
158,3,11,3,60,1,1,1,0.6112533211708069,0.6112533211708069,0.3887467384338379,0.6112533211708069,11,4,3,post_calibration
158,4,11,4,60,1,0,0,0.6132655143737793,0.6132655143737793,0.6132655143737793,0.3867344856262207,11,4,3,post_calibration
158,5,11,5,60,1,1,1,0.7319008111953735,0.7319008111953735,0.26809921860694885,0.7319008111953735,11,4,3,post_calibration
158,6,11,7,60,1,0,0,0.66175377368927,0.66175377368927,0.66175377368927,0.3382461667060852,11,4,3,post_calibration
158,7,11,9,60,1,1,1,0.8706849217414856,0.8706849217414856,0.1293150782585144,0.8706849217414856,11,4,3,post_calibration
158,8,11,10,60,1,0,0,0.7481927871704102,0.7481927871704102,0.7481927871704102,0.25180721282958984,11,4,3,post_calibration
158,9,11,11,60,1,1,1,0.6384637355804443,0.6384637355804443,0.3615362048149109,0.6384637355804443,11,4,3,post_calibration
158,10,11,12,60,1,1,1,0.847229540348053,0.847229540348053,0.15277038514614105,0.847229540348053,11,4,3,post_calibration
158,11,11,13,60,0,1,0,0.6497870087623596,0.6497870087623596,0.3502129912376404,0.6497870087623596,11,4,3,post_calibration
158,12,11,14,60,1,1,1,0.6344530582427979,0.6344530582427979,0.36554691195487976,0.6344530582427979,11,4,3,post_calibration
158,13,11,15,60,1,1,1,0.8279281854629517,0.8279281854629517,0.17207182943820953,0.8279281854629517,11,4,3,post_calibration
158,14,11,16,60,1,1,1,0.5192832946777344,0.5192832946777344,0.480716735124588,0.5192832946777344,11,4,3,post_calibration
159,0,11,1,60,0,1,0,0.5292710065841675,0.5292710065841675,0.4707290232181549,0.5292710065841675,11,5,3,zero_shot_paired
159,1,11,2,60,0,0,1,0.7634396553039551,0.7634396553039551,0.7634396553039551,0.23656031489372253,11,5,3,zero_shot_paired
159,2,11,3,60,1,1,1,0.6067278385162354,0.6067278385162354,0.39327213168144226,0.6067278385162354,11,5,3,zero_shot_paired
159,3,11,4,60,1,0,0,0.6220307350158691,0.6220307350158691,0.6220307350158691,0.37796929478645325,11,5,3,zero_shot_paired
159,4,11,5,60,1,1,1,0.7235231995582581,0.7235231995582581,0.27647680044174194,0.7235231995582581,11,5,3,zero_shot_paired
159,5,11,6,60,1,1,1,0.6034298539161682,0.6034298539161682,0.3965701460838318,0.6034298539161682,11,5,3,zero_shot_paired
159,6,11,8,60,1,1,1,0.7980785965919495,0.7980785965919495,0.20192138850688934,0.7980785965919495,11,5,3,zero_shot_paired
159,7,11,9,60,1,1,1,0.8397390842437744,0.8397390842437744,0.1602608859539032,0.8397390842437744,11,5,3,zero_shot_paired
159,8,11,10,60,1,0,0,0.7664056420326233,0.7664056420326233,0.7664056420326233,0.23359434306621552,11,5,3,zero_shot_paired
159,9,11,11,60,1,1,1,0.6041380167007446,0.6041380167007446,0.39586198329925537,0.6041380167007446,11,5,3,zero_shot_paired
159,10,11,13,60,0,1,0,0.6298243999481201,0.6298243999481201,0.3701756000518799,0.6298243999481201,11,5,3,zero_shot_paired
159,11,11,14,60,1,1,1,0.6207509636878967,0.6207509636878967,0.37924903631210327,0.6207509636878967,11,5,3,zero_shot_paired
159,12,11,15,60,1,1,1,0.8127303123474121,0.8127303123474121,0.1872696578502655,0.8127303123474121,11,5,3,zero_shot_paired
159,13,11,16,60,1,0,0,0.5057675242424011,0.5057675242424011,0.5057675242424011,0.4942324459552765,11,5,3,zero_shot_paired
159,14,11,17,60,1,1,1,0.7527119517326355,0.7527119517326355,0.2472880780696869,0.7527119517326355,11,5,3,zero_shot_paired
159,0,11,1,60,0,1,0,0.5096709728240967,0.5096709728240967,0.4903290569782257,0.5096709728240967,11,5,3,post_calibration
159,1,11,2,60,0,0,1,0.7487673163414001,0.7487673163414001,0.7487673163414001,0.25123271346092224,11,5,3,post_calibration
159,2,11,3,60,1,1,1,0.6143325567245483,0.6143325567245483,0.38566747307777405,0.6143325567245483,11,5,3,post_calibration
159,3,11,4,60,1,0,0,0.6250358819961548,0.6250358819961548,0.6250358819961548,0.3749641478061676,11,5,3,post_calibration
159,4,11,5,60,1,1,1,0.7042062282562256,0.7042062282562256,0.2957937717437744,0.7042062282562256,11,5,3,post_calibration
159,5,11,6,60,1,1,1,0.6200681924819946,0.6200681924819946,0.37993180751800537,0.6200681924819946,11,5,3,post_calibration
159,6,11,8,60,1,1,1,0.8100437521934509,0.8100437521934509,0.18995624780654907,0.8100437521934509,11,5,3,post_calibration
159,7,11,9,60,1,1,1,0.8438719511032104,0.8438719511032104,0.15612800419330597,0.8438719511032104,11,5,3,post_calibration
159,8,11,10,60,1,0,0,0.7699247002601624,0.7699247002601624,0.7699247002601624,0.23007537424564362,11,5,3,post_calibration
159,9,11,11,60,1,1,1,0.6289025545120239,0.6289025545120239,0.37109747529029846,0.6289025545120239,11,5,3,post_calibration
159,10,11,13,60,0,1,0,0.6455355286598206,0.6455355286598206,0.35446450114250183,0.6455355286598206,11,5,3,post_calibration
159,11,11,14,60,1,1,1,0.656524121761322,0.656524121761322,0.34347590804100037,0.656524121761322,11,5,3,post_calibration
159,12,11,15,60,1,1,1,0.8181642889976501,0.8181642889976501,0.18183569610118866,0.8181642889976501,11,5,3,post_calibration
159,13,11,16,60,1,0,0,0.512090265750885,0.512090265750885,0.512090265750885,0.4879097640514374,11,5,3,post_calibration
159,14,11,17,60,1,1,1,0.7496502995491028,0.7496502995491028,0.25034964084625244,0.7496502995491028,11,5,3,post_calibration
160,0,11,0,60,0,1,0,0.572168231010437,0.572168231010437,0.427831768989563,0.572168231010437,11,6,3,zero_shot_paired
160,1,11,1,60,0,1,0,0.5292710065841675,0.5292710065841675,0.4707290232181549,0.5292710065841675,11,6,3,zero_shot_paired
160,2,11,2,60,0,0,1,0.7634396553039551,0.7634396553039551,0.7634396553039551,0.23656031489372253,11,6,3,zero_shot_paired
160,3,11,3,60,1,1,1,0.6067278385162354,0.6067278385162354,0.39327213168144226,0.6067278385162354,11,6,3,zero_shot_paired
160,4,11,5,60,1,1,1,0.7235231995582581,0.7235231995582581,0.27647680044174194,0.7235231995582581,11,6,3,zero_shot_paired
160,5,11,6,60,1,1,1,0.6034298539161682,0.6034298539161682,0.3965701460838318,0.6034298539161682,11,6,3,zero_shot_paired
160,6,11,7,60,1,0,0,0.6726459264755249,0.6726459264755249,0.6726459264755249,0.3273541033267975,11,6,3,zero_shot_paired
160,7,11,8,60,1,1,1,0.7980785965919495,0.7980785965919495,0.20192138850688934,0.7980785965919495,11,6,3,zero_shot_paired
160,8,11,9,60,1,1,1,0.8397390842437744,0.8397390842437744,0.1602608859539032,0.8397390842437744,11,6,3,zero_shot_paired
160,9,11,10,60,1,0,0,0.7664056420326233,0.7664056420326233,0.7664056420326233,0.23359434306621552,11,6,3,zero_shot_paired
160,10,11,11,60,1,1,1,0.6041380167007446,0.6041380167007446,0.39586198329925537,0.6041380167007446,11,6,3,zero_shot_paired
160,11,11,12,60,1,1,1,0.838899552822113,0.838899552822113,0.16110049188137054,0.838899552822113,11,6,3,zero_shot_paired
160,12,11,14,60,1,1,1,0.6207509636878967,0.6207509636878967,0.37924903631210327,0.6207509636878967,11,6,3,zero_shot_paired
160,13,11,15,60,1,1,1,0.8127303123474121,0.8127303123474121,0.1872696578502655,0.8127303123474121,11,6,3,zero_shot_paired
160,14,11,17,60,1,1,1,0.7527119517326355,0.7527119517326355,0.2472880780696869,0.7527119517326355,11,6,3,zero_shot_paired
160,0,11,0,60,0,1,0,0.5964570045471191,0.5964570045471191,0.40354296565055847,0.5964570045471191,11,6,3,post_calibration
160,1,11,1,60,0,1,0,0.5146518349647522,0.5146518349647522,0.485348105430603,0.5146518349647522,11,6,3,post_calibration
160,2,11,2,60,0,0,1,0.7671628594398499,0.7671628594398499,0.7671628594398499,0.23283712565898895,11,6,3,post_calibration
160,3,11,3,60,1,1,1,0.6078104972839355,0.6078104972839355,0.39218953251838684,0.6078104972839355,11,6,3,post_calibration
160,4,11,5,60,1,1,1,0.7266954183578491,0.7266954183578491,0.2733045816421509,0.7266954183578491,11,6,3,post_calibration
160,5,11,6,60,1,1,1,0.59056156873703,0.59056156873703,0.40943849086761475,0.59056156873703,11,6,3,post_calibration
160,6,11,7,60,1,0,0,0.6761606335639954,0.6761606335639954,0.6761606335639954,0.32383933663368225,11,6,3,post_calibration
160,7,11,8,60,1,1,1,0.7901181578636169,0.7901181578636169,0.20988182723522186,0.7901181578636169,11,6,3,post_calibration
160,8,11,9,60,1,1,1,0.8404780626296997,0.8404780626296997,0.15952199697494507,0.8404780626296997,11,6,3,post_calibration
160,9,11,10,60,1,0,0,0.770615816116333,0.770615816116333,0.770615816116333,0.22938412427902222,11,6,3,post_calibration
160,10,11,11,60,1,1,1,0.625986635684967,0.625986635684967,0.37401339411735535,0.625986635684967,11,6,3,post_calibration
160,11,11,12,60,1,1,1,0.8413384556770325,0.8413384556770325,0.15866157412528992,0.8413384556770325,11,6,3,post_calibration
160,12,11,14,60,1,1,1,0.6091899871826172,0.6091899871826172,0.3908099830150604,0.6091899871826172,11,6,3,post_calibration
160,13,11,15,60,1,1,1,0.812798798084259,0.812798798084259,0.18720115721225739,0.812798798084259,11,6,3,post_calibration
160,14,11,17,60,1,1,1,0.7642818689346313,0.7642818689346313,0.23571810126304626,0.7642818689346313,11,6,3,post_calibration
161,0,11,0,60,0,1,0,0.572168231010437,0.572168231010437,0.427831768989563,0.572168231010437,11,1,6,zero_shot_paired
161,1,11,1,60,0,1,0,0.5292710065841675,0.5292710065841675,0.4707290232181549,0.5292710065841675,11,1,6,zero_shot_paired
161,2,11,3,60,1,1,1,0.6067278385162354,0.6067278385162354,0.39327213168144226,0.6067278385162354,11,1,6,zero_shot_paired
161,3,11,4,60,1,0,0,0.6220307350158691,0.6220307350158691,0.6220307350158691,0.37796929478645325,11,1,6,zero_shot_paired
161,4,11,6,60,1,1,1,0.6034298539161682,0.6034298539161682,0.3965701460838318,0.6034298539161682,11,1,6,zero_shot_paired
161,5,11,7,60,1,0,0,0.6726459264755249,0.6726459264755249,0.6726459264755249,0.3273541033267975,11,1,6,zero_shot_paired
161,6,11,8,60,1,1,1,0.7980785965919495,0.7980785965919495,0.20192138850688934,0.7980785965919495,11,1,6,zero_shot_paired
161,7,11,9,60,1,1,1,0.8397390842437744,0.8397390842437744,0.1602608859539032,0.8397390842437744,11,1,6,zero_shot_paired
161,8,11,11,60,1,1,1,0.6041380167007446,0.6041380167007446,0.39586198329925537,0.6041380167007446,11,1,6,zero_shot_paired
161,9,11,13,60,0,1,0,0.6298243999481201,0.6298243999481201,0.3701756000518799,0.6298243999481201,11,1,6,zero_shot_paired
161,10,11,16,60,1,0,0,0.5057675242424011,0.5057675242424011,0.5057675242424011,0.4942324459552765,11,1,6,zero_shot_paired
161,11,11,17,60,1,1,1,0.7527119517326355,0.7527119517326355,0.2472880780696869,0.7527119517326355,11,1,6,zero_shot_paired
161,0,11,0,60,0,1,0,0.5845065116882324,0.5845065116882324,0.4154934883117676,0.5845065116882324,11,1,6,post_calibration
161,1,11,1,60,0,1,0,0.5241035223007202,0.5241035223007202,0.4758964478969574,0.5241035223007202,11,1,6,post_calibration
161,2,11,3,60,1,1,1,0.621759831905365,0.621759831905365,0.378240168094635,0.621759831905365,11,1,6,post_calibration
161,3,11,4,60,1,0,0,0.585484504699707,0.585484504699707,0.585484504699707,0.41451549530029297,11,1,6,post_calibration
161,4,11,6,60,1,1,1,0.6346653699874878,0.6346653699874878,0.3653346002101898,0.6346653699874878,11,1,6,post_calibration
161,5,11,7,60,1,0,0,0.6416803002357483,0.6416803002357483,0.6416803002357483,0.3583197295665741,11,1,6,post_calibration
161,6,11,8,60,1,1,1,0.813382089138031,0.813382089138031,0.18661794066429138,0.813382089138031,11,1,6,post_calibration
161,7,11,9,60,1,1,1,0.8561088442802429,0.8561088442802429,0.14389115571975708,0.8561088442802429,11,1,6,post_calibration
161,8,11,11,60,1,1,1,0.6345610022544861,0.6345610022544861,0.3654389977455139,0.6345610022544861,11,1,6,post_calibration
161,9,11,13,60,0,1,0,0.6875759363174438,0.6875759363174438,0.31242409348487854,0.6875759363174438,11,1,6,post_calibration
161,10,11,16,60,1,1,1,0.5187994837760925,0.5187994837760925,0.4812004864215851,0.5187994837760925,11,1,6,post_calibration
161,11,11,17,60,1,1,1,0.7769920229911804,0.7769920229911804,0.22300800681114197,0.7769920229911804,11,1,6,post_calibration
162,0,11,1,60,0,1,0,0.5292710065841675,0.5292710065841675,0.4707290232181549,0.5292710065841675,11,2,6,zero_shot_paired
162,1,11,2,60,0,0,1,0.7634396553039551,0.7634396553039551,0.7634396553039551,0.23656031489372253,11,2,6,zero_shot_paired
162,2,11,5,60,1,1,1,0.7235231995582581,0.7235231995582581,0.27647680044174194,0.7235231995582581,11,2,6,zero_shot_paired
162,3,11,7,60,1,0,0,0.6726459264755249,0.6726459264755249,0.6726459264755249,0.3273541033267975,11,2,6,zero_shot_paired
162,4,11,8,60,1,1,1,0.7980785965919495,0.7980785965919495,0.20192138850688934,0.7980785965919495,11,2,6,zero_shot_paired
162,5,11,9,60,1,1,1,0.8397390842437744,0.8397390842437744,0.1602608859539032,0.8397390842437744,11,2,6,zero_shot_paired
162,6,11,10,60,1,0,0,0.7664056420326233,0.7664056420326233,0.7664056420326233,0.23359434306621552,11,2,6,zero_shot_paired
162,7,11,12,60,1,1,1,0.838899552822113,0.838899552822113,0.16110049188137054,0.838899552822113,11,2,6,zero_shot_paired
162,8,11,13,60,0,1,0,0.6298243999481201,0.6298243999481201,0.3701756000518799,0.6298243999481201,11,2,6,zero_shot_paired
162,9,11,14,60,1,1,1,0.6207509636878967,0.6207509636878967,0.37924903631210327,0.6207509636878967,11,2,6,zero_shot_paired
162,10,11,15,60,1,1,1,0.8127303123474121,0.8127303123474121,0.1872696578502655,0.8127303123474121,11,2,6,zero_shot_paired
162,11,11,16,60,1,0,0,0.5057675242424011,0.5057675242424011,0.5057675242424011,0.4942324459552765,11,2,6,zero_shot_paired
162,0,11,1,60,0,1,0,0.5339158177375793,0.5339158177375793,0.46608418226242065,0.5339158177375793,11,2,6,post_calibration
162,1,11,2,60,0,0,1,0.759908139705658,0.759908139705658,0.759908139705658,0.24009187519550323,11,2,6,post_calibration
162,2,11,5,60,1,1,1,0.7325350046157837,0.7325350046157837,0.2674649655818939,0.7325350046157837,11,2,6,post_calibration
162,3,11,7,60,1,0,0,0.6506528258323669,0.6506528258323669,0.6506528258323669,0.3493471145629883,11,2,6,post_calibration
162,4,11,8,60,1,1,1,0.8173946142196655,0.8173946142196655,0.18260540068149567,0.8173946142196655,11,2,6,post_calibration
162,5,11,9,60,1,1,1,0.8622502088546753,0.8622502088546753,0.1377498060464859,0.8622502088546753,11,2,6,post_calibration
162,6,11,10,60,1,0,0,0.7476850152015686,0.7476850152015686,0.7476850152015686,0.252314954996109,11,2,6,post_calibration
162,7,11,12,60,1,1,1,0.8539784550666809,0.8539784550666809,0.14602160453796387,0.8539784550666809,11,2,6,post_calibration
162,8,11,13,60,0,1,0,0.6429755687713623,0.6429755687713623,0.3570243716239929,0.6429755687713623,11,2,6,post_calibration
162,9,11,14,60,1,1,1,0.6286442875862122,0.6286442875862122,0.37135568261146545,0.6286442875862122,11,2,6,post_calibration
162,10,11,15,60,1,1,1,0.8239578604698181,0.8239578604698181,0.17604213953018188,0.8239578604698181,11,2,6,post_calibration
162,11,11,16,60,1,1,1,0.518923282623291,0.518923282623291,0.4810766875743866,0.518923282623291,11,2,6,post_calibration
163,0,11,0,60,0,1,0,0.572168231010437,0.572168231010437,0.427831768989563,0.572168231010437,11,3,6,zero_shot_paired
163,1,11,2,60,0,0,1,0.7634396553039551,0.7634396553039551,0.7634396553039551,0.23656031489372253,11,3,6,zero_shot_paired
163,2,11,3,60,1,1,1,0.6067278385162354,0.6067278385162354,0.39327213168144226,0.6067278385162354,11,3,6,zero_shot_paired
163,3,11,4,60,1,0,0,0.6220307350158691,0.6220307350158691,0.6220307350158691,0.37796929478645325,11,3,6,zero_shot_paired
163,4,11,5,60,1,1,1,0.7235231995582581,0.7235231995582581,0.27647680044174194,0.7235231995582581,11,3,6,zero_shot_paired
163,5,11,6,60,1,1,1,0.6034298539161682,0.6034298539161682,0.3965701460838318,0.6034298539161682,11,3,6,zero_shot_paired
163,6,11,10,60,1,0,0,0.7664056420326233,0.7664056420326233,0.7664056420326233,0.23359434306621552,11,3,6,zero_shot_paired
163,7,11,11,60,1,1,1,0.6041380167007446,0.6041380167007446,0.39586198329925537,0.6041380167007446,11,3,6,zero_shot_paired
163,8,11,12,60,1,1,1,0.838899552822113,0.838899552822113,0.16110049188137054,0.838899552822113,11,3,6,zero_shot_paired
163,9,11,14,60,1,1,1,0.6207509636878967,0.6207509636878967,0.37924903631210327,0.6207509636878967,11,3,6,zero_shot_paired
163,10,11,15,60,1,1,1,0.8127303123474121,0.8127303123474121,0.1872696578502655,0.8127303123474121,11,3,6,zero_shot_paired
163,11,11,17,60,1,1,1,0.7527119517326355,0.7527119517326355,0.2472880780696869,0.7527119517326355,11,3,6,zero_shot_paired
163,0,11,0,60,0,1,0,0.5778266787528992,0.5778266787528992,0.42217329144477844,0.5778266787528992,11,3,6,post_calibration
163,1,11,2,60,0,0,1,0.7684780359268188,0.7684780359268188,0.7684780359268188,0.23152190446853638,11,3,6,post_calibration
163,2,11,3,60,1,1,1,0.6075121760368347,0.6075121760368347,0.3924877941608429,0.6075121760368347,11,3,6,post_calibration
163,3,11,4,60,1,0,0,0.599633514881134,0.599633514881134,0.599633514881134,0.40036651492118835,11,3,6,post_calibration
163,4,11,5,60,1,1,1,0.7217340469360352,0.7217340469360352,0.27826598286628723,0.7217340469360352,11,3,6,post_calibration
163,5,11,6,60,1,1,1,0.6159039735794067,0.6159039735794067,0.38409602642059326,0.6159039735794067,11,3,6,post_calibration
163,6,11,10,60,1,0,0,0.7785875201225281,0.7785875201225281,0.7785875201225281,0.2214125096797943,11,3,6,post_calibration
163,7,11,11,60,1,1,1,0.6146398186683655,0.6146398186683655,0.3853602111339569,0.6146398186683655,11,3,6,post_calibration
163,8,11,12,60,1,1,1,0.8450144529342651,0.8450144529342651,0.15498553216457367,0.8450144529342651,11,3,6,post_calibration
163,9,11,14,60,1,1,1,0.6063982844352722,0.6063982844352722,0.3936016857624054,0.6063982844352722,11,3,6,post_calibration
163,10,11,15,60,1,1,1,0.8193937540054321,0.8193937540054321,0.18060629069805145,0.8193937540054321,11,3,6,post_calibration
163,11,11,17,60,1,1,1,0.7689799666404724,0.7689799666404724,0.23102004826068878,0.7689799666404724,11,3,6,post_calibration
164,0,11,0,60,0,1,0,0.5721663236618042,0.5721663236618042,0.4278336763381958,0.5721663236618042,11,1,9,zero_shot_paired
164,1,11,5,60,1,1,1,0.7235247492790222,0.7235247492790222,0.27647528052330017,0.7235247492790222,11,1,9,zero_shot_paired
164,2,11,8,60,1,1,1,0.7980761528015137,0.7980761528015137,0.20192384719848633,0.7980761528015137,11,1,9,zero_shot_paired
164,3,11,10,60,1,0,0,0.7664070725440979,0.7664070725440979,0.7664070725440979,0.23359297215938568,11,1,9,zero_shot_paired
164,4,11,11,60,1,1,1,0.6041398644447327,0.6041398644447327,0.39586013555526733,0.6041398644447327,11,1,9,zero_shot_paired
164,5,11,13,60,0,1,0,0.6298261880874634,0.6298261880874634,0.37017378211021423,0.6298261880874634,11,1,9,zero_shot_paired
164,6,11,15,60,1,1,1,0.8127361536026001,0.8127361536026001,0.1872638463973999,0.8127361536026001,11,1,9,zero_shot_paired
164,7,11,16,60,1,0,0,0.5057618618011475,0.5057618618011475,0.5057618618011475,0.49423813819885254,11,1,9,zero_shot_paired
164,8,11,17,60,1,1,1,0.7527090907096863,0.7527090907096863,0.24729092419147491,0.7527090907096863,11,1,9,zero_shot_paired
164,0,11,0,60,0,1,0,0.5710659623146057,0.5710659623146057,0.4289340674877167,0.5710659623146057,11,1,9,post_calibration
164,1,11,5,60,1,1,1,0.7343993782997131,0.7343993782997131,0.2656005918979645,0.7343993782997131,11,1,9,post_calibration
164,2,11,8,60,1,1,1,0.8111447691917419,0.8111447691917419,0.18885517120361328,0.8111447691917419,11,1,9,post_calibration
164,3,11,10,60,1,0,0,0.751706600189209,0.751706600189209,0.751706600189209,0.2482934594154358,11,1,9,post_calibration
164,4,11,11,60,1,1,1,0.6573579907417297,0.6573579907417297,0.3426419794559479,0.6573579907417297,11,1,9,post_calibration
164,5,11,13,60,0,1,0,0.6459770798683167,0.6459770798683167,0.35402294993400574,0.6459770798683167,11,1,9,post_calibration
164,6,11,15,60,1,1,1,0.8398715257644653,0.8398715257644653,0.16012848913669586,0.8398715257644653,11,1,9,post_calibration
164,7,11,16,60,1,1,1,0.5235840678215027,0.5235840678215027,0.4764159917831421,0.5235840678215027,11,1,9,post_calibration
164,8,11,17,60,1,1,1,0.7893097996711731,0.7893097996711731,0.21069017052650452,0.7893097996711731,11,1,9,post_calibration
165,0,11,1,60,0,1,0,0.5292614698410034,0.5292614698410034,0.4707385003566742,0.5292614698410034,11,2,9,zero_shot_paired
165,1,11,2,60,0,0,1,0.7634341716766357,0.7634341716766357,0.7634341716766357,0.23656582832336426,11,2,9,zero_shot_paired
165,2,11,3,60,1,1,1,0.6067296862602234,0.6067296862602234,0.393270343542099,0.6067296862602234,11,2,9,zero_shot_paired
165,3,11,4,60,1,0,0,0.6220325231552124,0.6220325231552124,0.6220325231552124,0.3779674768447876,11,2,9,zero_shot_paired
165,4,11,6,60,1,1,1,0.6034298539161682,0.6034298539161682,0.3965701460838318,0.6034298539161682,11,2,9,zero_shot_paired
165,5,11,7,60,1,0,0,0.6726425290107727,0.6726425290107727,0.6726425290107727,0.3273574411869049,11,2,9,zero_shot_paired
165,6,11,9,60,1,1,1,0.8397319316864014,0.8397319316864014,0.16026809811592102,0.8397319316864014,11,2,9,zero_shot_paired
165,7,11,12,60,1,1,1,0.8389046788215637,0.8389046788215637,0.16109533607959747,0.8389046788215637,11,2,9,zero_shot_paired
165,8,11,14,60,1,1,1,0.6207491755485535,0.6207491755485535,0.3792508840560913,0.6207491755485535,11,2,9,zero_shot_paired
165,0,11,1,60,0,1,0,0.5239531993865967,0.5239531993865967,0.47604677081108093,0.5239531993865967,11,2,9,post_calibration
165,1,11,2,60,0,0,1,0.7549728751182556,0.7549728751182556,0.7549728751182556,0.24502715468406677,11,2,9,post_calibration
165,2,11,3,60,1,1,1,0.6251646280288696,0.6251646280288696,0.37483540177345276,0.6251646280288696,11,2,9,post_calibration
165,3,11,4,60,1,0,0,0.6129741072654724,0.6129741072654724,0.6129741072654724,0.3870258629322052,11,2,9,post_calibration
165,4,11,6,60,1,1,1,0.6618272662162781,0.6618272662162781,0.3381727337837219,0.6618272662162781,11,2,9,post_calibration
165,5,11,7,60,1,0,0,0.6620184779167175,0.6620184779167175,0.6620184779167175,0.3379814922809601,11,2,9,post_calibration
165,6,11,9,60,1,1,1,0.8612959384918213,0.8612959384918213,0.13870404660701752,0.8612959384918213,11,2,9,post_calibration
165,7,11,12,60,1,1,1,0.8537461161613464,0.8537461161613464,0.14625388383865356,0.8537461161613464,11,2,9,post_calibration
165,8,11,14,60,1,1,1,0.6302992105484009,0.6302992105484009,0.3697007894515991,0.6302992105484009,11,2,9,post_calibration
166,0,11,2,60,0,0,1,0.7635498642921448,0.7635498642921448,0.7635498642921448,0.23645013570785522,11,1,12,zero_shot_paired
166,1,11,3,60,1,1,1,0.6066678166389465,0.6066678166389465,0.39333224296569824,0.6066678166389465,11,1,12,zero_shot_paired
166,2,11,7,60,1,0,0,0.6723602414131165,0.6723602414131165,0.6723602414131165,0.32763972878456116,11,1,12,zero_shot_paired
166,3,11,8,60,1,1,1,0.7981019616127014,0.7981019616127014,0.20189805328845978,0.7981019616127014,11,1,12,zero_shot_paired
166,4,11,16,60,1,0,0,0.5058515071868896,0.5058515071868896,0.5058515071868896,0.49414849281311035,11,1,12,zero_shot_paired
166,5,11,17,60,1,1,1,0.7527417540550232,0.7527417540550232,0.2472582310438156,0.7527417540550232,11,1,12,zero_shot_paired
166,0,11,2,60,0,0,1,0.7446722388267517,0.7446722388267517,0.7446722388267517,0.2553277015686035,11,1,12,post_calibration
166,1,11,3,60,1,1,1,0.6159743666648865,0.6159743666648865,0.3840256333351135,0.6159743666648865,11,1,12,post_calibration
166,2,11,7,60,1,0,0,0.6466188430786133,0.6466188430786133,0.6466188430786133,0.35338112711906433,11,1,12,post_calibration
166,3,11,8,60,1,1,1,0.8200218081474304,0.8200218081474304,0.17997826635837555,0.8200218081474304,11,1,12,post_calibration
166,4,11,16,60,1,1,1,0.50164794921875,0.50164794921875,0.4983520209789276,0.50164794921875,11,1,12,post_calibration
166,5,11,17,60,1,1,1,0.800856351852417,0.800856351852417,0.1991436928510666,0.800856351852417,11,1,12,post_calibration
167,0,11,3,60,1,1,1,0.6066678166389465,0.6066678166389465,0.39333224296569824,0.6066678166389465,11,2,12,zero_shot_paired
167,1,11,6,60,1,1,1,0.6033056974411011,0.6033056974411011,0.3966943025588989,0.6033056974411011,11,2,12,zero_shot_paired
167,2,11,9,60,1,1,1,0.8396682143211365,0.8396682143211365,0.16033175587654114,0.8396682143211365,11,2,12,zero_shot_paired
167,3,11,10,60,1,0,0,0.7664520740509033,0.7664520740509033,0.7664520740509033,0.2335478961467743,11,2,12,zero_shot_paired
167,4,11,13,60,0,1,0,0.6298030614852905,0.6298030614852905,0.37019696831703186,0.6298030614852905,11,2,12,zero_shot_paired
167,5,11,17,60,1,1,1,0.7527417540550232,0.7527417540550232,0.2472582310438156,0.7527417540550232,11,2,12,zero_shot_paired
167,0,11,3,60,1,1,1,0.5912845134735107,0.5912845134735107,0.40871551632881165,0.5912845134735107,11,2,12,post_calibration
167,1,11,6,60,1,1,1,0.6098600625991821,0.6098600625991821,0.39013996720314026,0.6098600625991821,11,2,12,post_calibration
167,2,11,9,60,1,1,1,0.8343625664710999,0.8343625664710999,0.16563737392425537,0.8343625664710999,11,2,12,post_calibration
167,3,11,10,60,1,0,0,0.749256432056427,0.749256432056427,0.749256432056427,0.2507436275482178,11,2,12,post_calibration
167,4,11,13,60,0,1,0,0.6870856285095215,0.6870856285095215,0.31291431188583374,0.6870856285095215,11,2,12,post_calibration
167,5,11,17,60,1,1,1,0.7810919880867004,0.7810919880867004,0.21890801191329956,0.7810919880867004,11,2,12,post_calibration
168,0,11,3,60,1,1,1,0.6066678166389465,0.6066678166389465,0.39333224296569824,0.6066678166389465,11,3,12,zero_shot_paired
168,1,11,5,60,1,1,1,0.7236346006393433,0.7236346006393433,0.2763654291629791,0.7236346006393433,11,3,12,zero_shot_paired
168,2,11,8,60,1,1,1,0.7981019616127014,0.7981019616127014,0.20189805328845978,0.7981019616127014,11,3,12,zero_shot_paired
168,3,11,10,60,1,0,0,0.7664520740509033,0.7664520740509033,0.7664520740509033,0.2335478961467743,11,3,12,zero_shot_paired
168,4,11,12,60,1,1,1,0.8389025926589966,0.8389025926589966,0.16109739243984222,0.8389025926589966,11,3,12,zero_shot_paired
168,5,11,13,60,0,1,0,0.6298030614852905,0.6298030614852905,0.37019696831703186,0.6298030614852905,11,3,12,zero_shot_paired
168,0,11,3,60,1,1,1,0.5874975919723511,0.5874975919723511,0.4125024378299713,0.5874975919723511,11,3,12,post_calibration
168,1,11,5,60,1,1,1,0.7283816933631897,0.7283816933631897,0.2716183364391327,0.7283816933631897,11,3,12,post_calibration
168,2,11,8,60,1,1,1,0.7977020740509033,0.7977020740509033,0.2022978663444519,0.7977020740509033,11,3,12,post_calibration
168,3,11,10,60,1,0,0,0.7549771070480347,0.7549771070480347,0.7549771070480347,0.24502292275428772,11,3,12,post_calibration
168,4,11,12,60,1,1,1,0.8444671034812927,0.8444671034812927,0.1555328518152237,0.8444671034812927,11,3,12,post_calibration
168,5,11,13,60,0,1,0,0.6821835041046143,0.6821835041046143,0.31781652569770813,0.6821835041046143,11,3,12,post_calibration
13,0,12,0,60,1,1,1,0.8396528363227844,0.8396528363227844,0.16034716367721558,0.8396528363227844,12,,,zero_shot_all_trials
13,1,12,1,60,1,1,1,0.5535505414009094,0.5535505414009094,0.4464494585990906,0.5535505414009094,12,,,zero_shot_all_trials
13,2,12,2,60,1,1,1,0.571015477180481,0.571015477180481,0.42898452281951904,0.571015477180481,12,,,zero_shot_all_trials
13,3,12,3,60,1,0,0,0.5453708171844482,0.5453708171844482,0.5453708171844482,0.45462915301322937,12,,,zero_shot_all_trials
13,4,12,4,60,1,1,1,0.6681329607963562,0.6681329607963562,0.3318670094013214,0.6681329607963562,12,,,zero_shot_all_trials
13,5,12,5,60,1,1,1,0.5963945388793945,0.5963945388793945,0.4036054015159607,0.5963945388793945,12,,,zero_shot_all_trials
13,6,12,6,60,1,0,0,0.5061871409416199,0.5061871409416199,0.5061871409416199,0.4938128888607025,12,,,zero_shot_all_trials
13,7,12,7,60,1,0,0,0.5845509767532349,0.5845509767532349,0.5845509767532349,0.41544899344444275,12,,,zero_shot_all_trials
13,8,12,8,60,1,1,1,0.8103828430175781,0.8103828430175781,0.18961720168590546,0.8103828430175781,12,,,zero_shot_all_trials
13,9,12,9,60,1,0,0,0.745988667011261,0.745988667011261,0.745988667011261,0.254011332988739,12,,,zero_shot_all_trials
13,10,12,10,60,0,0,1,0.5024528503417969,0.5024528503417969,0.5024528503417969,0.4975471794605255,12,,,zero_shot_all_trials
13,11,12,11,60,1,1,1,0.551194429397583,0.551194429397583,0.448805570602417,0.551194429397583,12,,,zero_shot_all_trials
13,12,12,12,60,1,1,1,0.5821533203125,0.5821533203125,0.4178466498851776,0.5821533203125,12,,,zero_shot_all_trials
13,13,12,13,60,0,1,0,0.679356575012207,0.679356575012207,0.32064345479011536,0.679356575012207,12,,,zero_shot_all_trials
13,14,12,14,60,1,1,1,0.5684232711791992,0.5684232711791992,0.431576669216156,0.5684232711791992,12,,,zero_shot_all_trials
13,15,12,15,60,1,1,1,0.6548791527748108,0.6548791527748108,0.34512078762054443,0.6548791527748108,12,,,zero_shot_all_trials
13,16,12,16,60,1,1,1,0.653049111366272,0.653049111366272,0.34695082902908325,0.653049111366272,12,,,zero_shot_all_trials
13,17,12,17,60,1,1,1,0.787140965461731,0.787140965461731,0.21285900473594666,0.787140965461731,12,,,zero_shot_all_trials
169,0,12,0,60,1,1,1,0.8396528363227844,0.8396528363227844,0.16034716367721558,0.8396528363227844,12,1,3,zero_shot_paired
169,1,12,1,60,1,1,1,0.5535580515861511,0.5535580515861511,0.4464419186115265,0.5535580515861511,12,1,3,zero_shot_paired
169,2,12,2,60,1,1,1,0.571015477180481,0.571015477180481,0.42898452281951904,0.571015477180481,12,1,3,zero_shot_paired
169,3,12,4,60,1,1,1,0.6681296229362488,0.6681296229362488,0.3318704068660736,0.6681296229362488,12,1,3,zero_shot_paired
169,4,12,5,60,1,1,1,0.5964037179946899,0.5964037179946899,0.40359625220298767,0.5964037179946899,12,1,3,zero_shot_paired
169,5,12,6,60,1,0,0,0.5061871409416199,0.5061871409416199,0.5061871409416199,0.4938128888607025,12,1,3,zero_shot_paired
169,6,12,7,60,1,0,0,0.5845472812652588,0.5845472812652588,0.5845472812652588,0.4154527485370636,12,1,3,zero_shot_paired
169,7,12,8,60,1,1,1,0.8103874921798706,0.8103874921798706,0.1896125078201294,0.8103874921798706,12,1,3,zero_shot_paired
169,8,12,10,60,0,0,1,0.5024528503417969,0.5024528503417969,0.5024528503417969,0.4975471794605255,12,1,3,zero_shot_paired
169,9,12,11,60,1,1,1,0.5512189269065857,0.5512189269065857,0.4487810730934143,0.5512189269065857,12,1,3,zero_shot_paired
169,10,12,12,60,1,1,1,0.5821477770805359,0.5821477770805359,0.4178522229194641,0.5821477770805359,12,1,3,zero_shot_paired
169,11,12,13,60,0,1,0,0.6793598532676697,0.6793598532676697,0.3206401467323303,0.6793598532676697,12,1,3,zero_shot_paired
169,12,12,15,60,1,1,1,0.6548791527748108,0.6548791527748108,0.34512078762054443,0.6548791527748108,12,1,3,zero_shot_paired
169,13,12,16,60,1,1,1,0.6530473828315735,0.6530473828315735,0.3469526171684265,0.6530473828315735,12,1,3,zero_shot_paired
169,14,12,17,60,1,1,1,0.7871384024620056,0.7871384024620056,0.2128615528345108,0.7871384024620056,12,1,3,zero_shot_paired
169,0,12,0,60,1,1,1,0.8533006906509399,0.8533006906509399,0.14669932425022125,0.8533006906509399,12,1,3,post_calibration
169,1,12,1,60,1,1,1,0.5652555823326111,0.5652555823326111,0.43474435806274414,0.5652555823326111,12,1,3,post_calibration
169,2,12,2,60,1,1,1,0.6177018284797668,0.6177018284797668,0.38229814171791077,0.6177018284797668,12,1,3,post_calibration
169,3,12,4,60,1,1,1,0.6585993766784668,0.6585993766784668,0.3414006531238556,0.6585993766784668,12,1,3,post_calibration
169,4,12,5,60,1,1,1,0.6027340888977051,0.6027340888977051,0.3972659707069397,0.6027340888977051,12,1,3,post_calibration
169,5,12,6,60,1,1,1,0.5415527820587158,0.5415527820587158,0.4584471881389618,0.5415527820587158,12,1,3,post_calibration
169,6,12,7,60,1,0,0,0.5523114800453186,0.5523114800453186,0.5523114800453186,0.4476885199546814,12,1,3,post_calibration
169,7,12,8,60,1,1,1,0.8139488101005554,0.8139488101005554,0.1860511600971222,0.8139488101005554,12,1,3,post_calibration
169,8,12,10,60,0,1,0,0.6093226075172424,0.6093226075172424,0.39067742228507996,0.6093226075172424,12,1,3,post_calibration
169,9,12,11,60,1,1,1,0.6479026675224304,0.6479026675224304,0.35209736227989197,0.6479026675224304,12,1,3,post_calibration
169,10,12,12,60,1,1,1,0.6840447783470154,0.6840447783470154,0.315955251455307,0.6840447783470154,12,1,3,post_calibration
169,11,12,13,60,0,1,0,0.7549008727073669,0.7549008727073669,0.24509914219379425,0.7549008727073669,12,1,3,post_calibration
169,12,12,15,60,1,1,1,0.7123197317123413,0.7123197317123413,0.2876802682876587,0.7123197317123413,12,1,3,post_calibration
169,13,12,16,60,1,1,1,0.7373650670051575,0.7373650670051575,0.26263493299484253,0.7373650670051575,12,1,3,post_calibration
169,14,12,17,60,1,1,1,0.8440387845039368,0.8440387845039368,0.15596123039722443,0.8440387845039368,12,1,3,post_calibration
170,0,12,2,60,1,1,1,0.5709967613220215,0.5709967613220215,0.42900320887565613,0.5709967613220215,12,2,3,zero_shot_paired
170,1,12,3,60,1,0,0,0.545372724533081,0.545372724533081,0.545372724533081,0.45462727546691895,12,2,3,zero_shot_paired
170,2,12,4,60,1,1,1,0.6681296229362488,0.6681296229362488,0.3318704068660736,0.6681296229362488,12,2,3,zero_shot_paired
170,3,12,5,60,1,1,1,0.5964074730873108,0.5964074730873108,0.403592586517334,0.5964074730873108,12,2,3,zero_shot_paired
170,4,12,6,60,1,0,0,0.5061737895011902,0.5061737895011902,0.5061737895011902,0.4938262104988098,12,2,3,zero_shot_paired
170,5,12,7,60,1,0,0,0.5845639705657959,0.5845639705657959,0.5845639705657959,0.4154360294342041,12,2,3,zero_shot_paired
170,6,12,9,60,1,0,0,0.7459843158721924,0.7459843158721924,0.7459843158721924,0.25401565432548523,12,2,3,zero_shot_paired
170,7,12,10,60,0,0,1,0.5024490356445312,0.5024490356445312,0.5024490356445312,0.49755096435546875,12,2,3,zero_shot_paired
170,8,12,11,60,1,1,1,0.5512019395828247,0.5512019395828247,0.4487980604171753,0.5512019395828247,12,2,3,zero_shot_paired
170,9,12,12,60,1,1,1,0.582162618637085,0.582162618637085,0.4178374409675598,0.582162618637085,12,2,3,zero_shot_paired
170,10,12,13,60,0,1,0,0.6793515682220459,0.6793515682220459,0.3206484019756317,0.6793515682220459,12,2,3,zero_shot_paired
170,11,12,14,60,1,1,1,0.5684158205986023,0.5684158205986023,0.4315841794013977,0.5684158205986023,12,2,3,zero_shot_paired
170,12,12,15,60,1,1,1,0.6548758149147034,0.6548758149147034,0.3451242446899414,0.6548758149147034,12,2,3,zero_shot_paired
170,13,12,16,60,1,1,1,0.653045654296875,0.653045654296875,0.346954345703125,0.653045654296875,12,2,3,zero_shot_paired
170,14,12,17,60,1,1,1,0.7871512770652771,0.7871512770652771,0.21284878253936768,0.7871512770652771,12,2,3,zero_shot_paired
170,0,12,2,60,1,1,1,0.5803724527359009,0.5803724527359009,0.41962751746177673,0.5803724527359009,12,2,3,post_calibration
170,1,12,3,60,1,0,0,0.5024509429931641,0.5024509429931641,0.5024509429931641,0.4975490868091583,12,2,3,post_calibration
170,2,12,4,60,1,1,1,0.7069306969642639,0.7069306969642639,0.2930692434310913,0.7069306969642639,12,2,3,post_calibration
170,3,12,5,60,1,1,1,0.6374170184135437,0.6374170184135437,0.3625829517841339,0.6374170184135437,12,2,3,post_calibration
170,4,12,6,60,1,1,1,0.5057751536369324,0.5057751536369324,0.49422478675842285,0.5057751536369324,12,2,3,post_calibration
170,5,12,7,60,1,0,0,0.5889870524406433,0.5889870524406433,0.5889870524406433,0.4110129773616791,12,2,3,post_calibration
170,6,12,9,60,1,0,0,0.7439768314361572,0.7439768314361572,0.7439768314361572,0.2560231685638428,12,2,3,post_calibration
170,7,12,10,60,0,1,0,0.5297709107398987,0.5297709107398987,0.4702290892601013,0.5297709107398987,12,2,3,post_calibration
170,8,12,11,60,1,1,1,0.5733238458633423,0.5733238458633423,0.4266761541366577,0.5733238458633423,12,2,3,post_calibration
170,9,12,12,60,1,1,1,0.6294365525245667,0.6294365525245667,0.37056344747543335,0.6294365525245667,12,2,3,post_calibration
170,10,12,13,60,0,1,0,0.6951262950897217,0.6951262950897217,0.3048737347126007,0.6951262950897217,12,2,3,post_calibration
170,11,12,14,60,1,1,1,0.5933644771575928,0.5933644771575928,0.4066355228424072,0.5933644771575928,12,2,3,post_calibration
170,12,12,15,60,1,1,1,0.6758849620819092,0.6758849620819092,0.3241150379180908,0.6758849620819092,12,2,3,post_calibration
170,13,12,16,60,1,1,1,0.6682733297348022,0.6682733297348022,0.331726610660553,0.6682733297348022,12,2,3,post_calibration
170,14,12,17,60,1,1,1,0.8019285202026367,0.8019285202026367,0.1980714350938797,0.8019285202026367,12,2,3,post_calibration
171,0,12,0,60,1,1,1,0.8396538496017456,0.8396538496017456,0.1603461354970932,0.8396538496017456,12,3,3,zero_shot_paired
171,1,12,1,60,1,1,1,0.5535580515861511,0.5535580515861511,0.4464419186115265,0.5535580515861511,12,3,3,zero_shot_paired
171,2,12,3,60,1,0,0,0.545372724533081,0.545372724533081,0.545372724533081,0.45462727546691895,12,3,3,zero_shot_paired
171,3,12,4,60,1,1,1,0.6681296229362488,0.6681296229362488,0.3318704068660736,0.6681296229362488,12,3,3,zero_shot_paired
171,4,12,5,60,1,1,1,0.5964074730873108,0.5964074730873108,0.403592586517334,0.5964074730873108,12,3,3,zero_shot_paired
171,5,12,6,60,1,0,0,0.5061737895011902,0.5061737895011902,0.5061737895011902,0.4938262104988098,12,3,3,zero_shot_paired
171,6,12,7,60,1,0,0,0.5845639705657959,0.5845639705657959,0.5845639705657959,0.4154360294342041,12,3,3,zero_shot_paired
171,7,12,8,60,1,1,1,0.8103863596916199,0.8103863596916199,0.1896136850118637,0.8103863596916199,12,3,3,zero_shot_paired
171,8,12,9,60,1,0,0,0.7459843158721924,0.7459843158721924,0.7459843158721924,0.25401565432548523,12,3,3,zero_shot_paired
171,9,12,10,60,0,0,1,0.5024490356445312,0.5024490356445312,0.5024490356445312,0.49755096435546875,12,3,3,zero_shot_paired
171,10,12,11,60,1,1,1,0.5512019395828247,0.5512019395828247,0.4487980604171753,0.5512019395828247,12,3,3,zero_shot_paired
171,11,12,12,60,1,1,1,0.582162618637085,0.582162618637085,0.4178374409675598,0.582162618637085,12,3,3,zero_shot_paired
171,12,12,14,60,1,1,1,0.5684158205986023,0.5684158205986023,0.4315841794013977,0.5684158205986023,12,3,3,zero_shot_paired
171,13,12,15,60,1,1,1,0.6548758149147034,0.6548758149147034,0.3451242446899414,0.6548758149147034,12,3,3,zero_shot_paired
171,14,12,16,60,1,1,1,0.653045654296875,0.653045654296875,0.346954345703125,0.653045654296875,12,3,3,zero_shot_paired
171,0,12,0,60,1,1,1,0.8444200158119202,0.8444200158119202,0.15557996928691864,0.8444200158119202,12,3,3,post_calibration
171,1,12,1,60,1,1,1,0.5553579926490784,0.5553579926490784,0.44464200735092163,0.5553579926490784,12,3,3,post_calibration
171,2,12,3,60,1,0,0,0.537377119064331,0.537377119064331,0.537377119064331,0.46262288093566895,12,3,3,post_calibration
171,3,12,4,60,1,1,1,0.6753281354904175,0.6753281354904175,0.32467183470726013,0.6753281354904175,12,3,3,post_calibration
171,4,12,5,60,1,1,1,0.6040285229682922,0.6040285229682922,0.3959714472293854,0.6040285229682922,12,3,3,post_calibration
171,5,12,6,60,1,1,1,0.5091008543968201,0.5091008543968201,0.49089914560317993,0.5091008543968201,12,3,3,post_calibration
171,6,12,7,60,1,0,0,0.558735191822052,0.558735191822052,0.558735191822052,0.4412647485733032,12,3,3,post_calibration
171,7,12,8,60,1,1,1,0.8078967928886414,0.8078967928886414,0.19210323691368103,0.8078967928886414,12,3,3,post_calibration
171,8,12,9,60,1,0,0,0.7369837164878845,0.7369837164878845,0.7369837164878845,0.2630162835121155,12,3,3,post_calibration
171,9,12,10,60,0,1,0,0.5135407447814941,0.5135407447814941,0.48645922541618347,0.5135407447814941,12,3,3,post_calibration
171,10,12,11,60,1,1,1,0.5507565140724182,0.5507565140724182,0.4492435157299042,0.5507565140724182,12,3,3,post_calibration
171,11,12,12,60,1,1,1,0.6153063774108887,0.6153063774108887,0.38469362258911133,0.6153063774108887,12,3,3,post_calibration
171,12,12,14,60,1,1,1,0.5628955960273743,0.5628955960273743,0.43710440397262573,0.5628955960273743,12,3,3,post_calibration
171,13,12,15,60,1,1,1,0.6651472449302673,0.6651472449302673,0.33485281467437744,0.6651472449302673,12,3,3,post_calibration
171,14,12,16,60,1,1,1,0.6497557759284973,0.6497557759284973,0.3502442538738251,0.6497557759284973,12,3,3,post_calibration
172,0,12,0,60,1,1,1,0.8396538496017456,0.8396538496017456,0.1603461354970932,0.8396538496017456,12,4,3,zero_shot_paired
172,1,12,1,60,1,1,1,0.5535580515861511,0.5535580515861511,0.4464419186115265,0.5535580515861511,12,4,3,zero_shot_paired
172,2,12,2,60,1,1,1,0.5709967613220215,0.5709967613220215,0.42900320887565613,0.5709967613220215,12,4,3,zero_shot_paired
172,3,12,3,60,1,0,0,0.545372724533081,0.545372724533081,0.545372724533081,0.45462727546691895,12,4,3,zero_shot_paired
172,4,12,4,60,1,1,1,0.6681296229362488,0.6681296229362488,0.3318704068660736,0.6681296229362488,12,4,3,zero_shot_paired
172,5,12,5,60,1,1,1,0.5964074730873108,0.5964074730873108,0.403592586517334,0.5964074730873108,12,4,3,zero_shot_paired
172,6,12,6,60,1,0,0,0.5061737895011902,0.5061737895011902,0.5061737895011902,0.4938262104988098,12,4,3,zero_shot_paired
172,7,12,8,60,1,1,1,0.8103863596916199,0.8103863596916199,0.1896136850118637,0.8103863596916199,12,4,3,zero_shot_paired
172,8,12,9,60,1,0,0,0.7459843158721924,0.7459843158721924,0.7459843158721924,0.25401565432548523,12,4,3,zero_shot_paired
172,9,12,10,60,0,0,1,0.5024490356445312,0.5024490356445312,0.5024490356445312,0.49755096435546875,12,4,3,zero_shot_paired
172,10,12,11,60,1,1,1,0.5512019395828247,0.5512019395828247,0.4487980604171753,0.5512019395828247,12,4,3,zero_shot_paired
172,11,12,12,60,1,1,1,0.582162618637085,0.582162618637085,0.4178374409675598,0.582162618637085,12,4,3,zero_shot_paired
172,12,12,13,60,0,1,0,0.6793515682220459,0.6793515682220459,0.3206484019756317,0.6793515682220459,12,4,3,zero_shot_paired
172,13,12,14,60,1,1,1,0.5684158205986023,0.5684158205986023,0.4315841794013977,0.5684158205986023,12,4,3,zero_shot_paired
172,14,12,17,60,1,1,1,0.7871512770652771,0.7871512770652771,0.21284878253936768,0.7871512770652771,12,4,3,zero_shot_paired
172,0,12,0,60,1,1,1,0.8381681442260742,0.8381681442260742,0.1618318259716034,0.8381681442260742,12,4,3,post_calibration
172,1,12,1,60,1,1,1,0.5592204928398132,0.5592204928398132,0.44077953696250916,0.5592204928398132,12,4,3,post_calibration
172,2,12,2,60,1,1,1,0.6011435985565186,0.6011435985565186,0.39885634183883667,0.6011435985565186,12,4,3,post_calibration
172,3,12,3,60,1,0,0,0.5353603363037109,0.5353603363037109,0.5353603363037109,0.4646396338939667,12,4,3,post_calibration
172,4,12,4,60,1,1,1,0.6628919839859009,0.6628919839859009,0.3371080458164215,0.6628919839859009,12,4,3,post_calibration
172,5,12,5,60,1,1,1,0.5961907505989075,0.5961907505989075,0.4038092792034149,0.5961907505989075,12,4,3,post_calibration
172,6,12,6,60,1,1,1,0.5153436064720154,0.5153436064720154,0.4846563935279846,0.5153436064720154,12,4,3,post_calibration
172,7,12,8,60,1,1,1,0.8105855584144592,0.8105855584144592,0.18941447138786316,0.8105855584144592,12,4,3,post_calibration
172,8,12,9,60,1,0,0,0.7257838249206543,0.7257838249206543,0.7257838249206543,0.2742162048816681,12,4,3,post_calibration
172,9,12,10,60,0,1,0,0.5442886352539062,0.5442886352539062,0.45571139454841614,0.5442886352539062,12,4,3,post_calibration
172,10,12,11,60,1,1,1,0.6065548658370972,0.6065548658370972,0.39344510436058044,0.6065548658370972,12,4,3,post_calibration
172,11,12,12,60,1,1,1,0.6270791888237,0.6270791888237,0.37292081117630005,0.6270791888237,12,4,3,post_calibration
172,12,12,13,60,0,1,0,0.7190724015235901,0.7190724015235901,0.2809275686740875,0.7190724015235901,12,4,3,post_calibration
172,13,12,14,60,1,1,1,0.6166256666183472,0.6166256666183472,0.38337433338165283,0.6166256666183472,12,4,3,post_calibration
172,14,12,17,60,1,1,1,0.8230007290840149,0.8230007290840149,0.17699922621250153,0.8230007290840149,12,4,3,post_calibration
173,0,12,0,60,1,1,1,0.8396538496017456,0.8396538496017456,0.1603461354970932,0.8396538496017456,12,5,3,zero_shot_paired
173,1,12,1,60,1,1,1,0.5535580515861511,0.5535580515861511,0.4464419186115265,0.5535580515861511,12,5,3,zero_shot_paired
173,2,12,2,60,1,1,1,0.5709967613220215,0.5709967613220215,0.42900320887565613,0.5709967613220215,12,5,3,zero_shot_paired
173,3,12,3,60,1,0,0,0.545372724533081,0.545372724533081,0.545372724533081,0.45462727546691895,12,5,3,zero_shot_paired
173,4,12,5,60,1,1,1,0.5964074730873108,0.5964074730873108,0.403592586517334,0.5964074730873108,12,5,3,zero_shot_paired
173,5,12,6,60,1,0,0,0.5061737895011902,0.5061737895011902,0.5061737895011902,0.4938262104988098,12,5,3,zero_shot_paired
173,6,12,7,60,1,0,0,0.5845639705657959,0.5845639705657959,0.5845639705657959,0.4154360294342041,12,5,3,zero_shot_paired
173,7,12,8,60,1,1,1,0.8103863596916199,0.8103863596916199,0.1896136850118637,0.8103863596916199,12,5,3,zero_shot_paired
173,8,12,9,60,1,0,0,0.7459843158721924,0.7459843158721924,0.7459843158721924,0.25401565432548523,12,5,3,zero_shot_paired
173,9,12,12,60,1,1,1,0.582162618637085,0.582162618637085,0.4178374409675598,0.582162618637085,12,5,3,zero_shot_paired
173,10,12,13,60,0,1,0,0.6793515682220459,0.6793515682220459,0.3206484019756317,0.6793515682220459,12,5,3,zero_shot_paired
173,11,12,14,60,1,1,1,0.5684158205986023,0.5684158205986023,0.4315841794013977,0.5684158205986023,12,5,3,zero_shot_paired
173,12,12,15,60,1,1,1,0.6548758149147034,0.6548758149147034,0.3451242446899414,0.6548758149147034,12,5,3,zero_shot_paired
173,13,12,16,60,1,1,1,0.653045654296875,0.653045654296875,0.346954345703125,0.653045654296875,12,5,3,zero_shot_paired
173,14,12,17,60,1,1,1,0.7871512770652771,0.7871512770652771,0.21284878253936768,0.7871512770652771,12,5,3,zero_shot_paired
173,0,12,0,60,1,1,1,0.8443548679351807,0.8443548679351807,0.15564511716365814,0.8443548679351807,12,5,3,post_calibration
173,1,12,1,60,1,1,1,0.5655968189239502,0.5655968189239502,0.4344031810760498,0.5655968189239502,12,5,3,post_calibration
173,2,12,2,60,1,1,1,0.5660129189491272,0.5660129189491272,0.4339871108531952,0.5660129189491272,12,5,3,post_calibration
173,3,12,3,60,1,0,0,0.5462522506713867,0.5462522506713867,0.5462522506713867,0.45374777913093567,12,5,3,post_calibration
173,4,12,5,60,1,1,1,0.6101323366165161,0.6101323366165161,0.38986772298812866,0.6101323366165161,12,5,3,post_calibration
173,5,12,6,60,1,0,0,0.5161668062210083,0.5161668062210083,0.5161668062210083,0.4838331937789917,12,5,3,post_calibration
173,6,12,7,60,1,0,0,0.594977855682373,0.594977855682373,0.594977855682373,0.40502211451530457,12,5,3,post_calibration
173,7,12,8,60,1,1,1,0.8168154358863831,0.8168154358863831,0.18318459391593933,0.8168154358863831,12,5,3,post_calibration
173,8,12,9,60,1,0,0,0.7731320261955261,0.7731320261955261,0.7731320261955261,0.2268679291009903,12,5,3,post_calibration
173,9,12,12,60,1,1,1,0.5435712933540344,0.5435712933540344,0.4564287066459656,0.5435712933540344,12,5,3,post_calibration
173,10,12,13,60,0,1,0,0.6683781743049622,0.6683781743049622,0.33162179589271545,0.6683781743049622,12,5,3,post_calibration
173,11,12,14,60,1,1,1,0.5360624194145203,0.5360624194145203,0.46393755078315735,0.5360624194145203,12,5,3,post_calibration
173,12,12,15,60,1,1,1,0.6673441529273987,0.6673441529273987,0.33265581727027893,0.6673441529273987,12,5,3,post_calibration
173,13,12,16,60,1,1,1,0.6325665712356567,0.6325665712356567,0.3674333989620209,0.6325665712356567,12,5,3,post_calibration
173,14,12,17,60,1,1,1,0.7773064970970154,0.7773064970970154,0.222693532705307,0.7773064970970154,12,5,3,post_calibration
174,0,12,0,60,1,1,1,0.8396538496017456,0.8396538496017456,0.1603461354970932,0.8396538496017456,12,6,3,zero_shot_paired
174,1,12,1,60,1,1,1,0.5535580515861511,0.5535580515861511,0.4464419186115265,0.5535580515861511,12,6,3,zero_shot_paired
174,2,12,2,60,1,1,1,0.5709967613220215,0.5709967613220215,0.42900320887565613,0.5709967613220215,12,6,3,zero_shot_paired
174,3,12,3,60,1,0,0,0.545372724533081,0.545372724533081,0.545372724533081,0.45462727546691895,12,6,3,zero_shot_paired
174,4,12,4,60,1,1,1,0.6681296229362488,0.6681296229362488,0.3318704068660736,0.6681296229362488,12,6,3,zero_shot_paired
174,5,12,7,60,1,0,0,0.5845639705657959,0.5845639705657959,0.5845639705657959,0.4154360294342041,12,6,3,zero_shot_paired
174,6,12,8,60,1,1,1,0.8103863596916199,0.8103863596916199,0.1896136850118637,0.8103863596916199,12,6,3,zero_shot_paired
174,7,12,9,60,1,0,0,0.7459843158721924,0.7459843158721924,0.7459843158721924,0.25401565432548523,12,6,3,zero_shot_paired
174,8,12,10,60,0,0,1,0.5024490356445312,0.5024490356445312,0.5024490356445312,0.49755096435546875,12,6,3,zero_shot_paired
174,9,12,11,60,1,1,1,0.5512019395828247,0.5512019395828247,0.4487980604171753,0.5512019395828247,12,6,3,zero_shot_paired
174,10,12,13,60,0,1,0,0.6793515682220459,0.6793515682220459,0.3206484019756317,0.6793515682220459,12,6,3,zero_shot_paired
174,11,12,14,60,1,1,1,0.5684158205986023,0.5684158205986023,0.4315841794013977,0.5684158205986023,12,6,3,zero_shot_paired
174,12,12,15,60,1,1,1,0.6548758149147034,0.6548758149147034,0.3451242446899414,0.6548758149147034,12,6,3,zero_shot_paired
174,13,12,16,60,1,1,1,0.653045654296875,0.653045654296875,0.346954345703125,0.653045654296875,12,6,3,zero_shot_paired
174,14,12,17,60,1,1,1,0.7871512770652771,0.7871512770652771,0.21284878253936768,0.7871512770652771,12,6,3,zero_shot_paired
174,0,12,0,60,1,1,1,0.8490104079246521,0.8490104079246521,0.15098965167999268,0.8490104079246521,12,6,3,post_calibration
174,1,12,1,60,1,1,1,0.572085976600647,0.572085976600647,0.42791399359703064,0.572085976600647,12,6,3,post_calibration
174,2,12,2,60,1,1,1,0.6269275546073914,0.6269275546073914,0.37307247519493103,0.6269275546073914,12,6,3,post_calibration
174,3,12,3,60,1,0,0,0.5140668153762817,0.5140668153762817,0.5140668153762817,0.48593321442604065,12,6,3,post_calibration
174,4,12,4,60,1,1,1,0.686179518699646,0.686179518699646,0.3138205111026764,0.686179518699646,12,6,3,post_calibration
174,5,12,7,60,1,0,0,0.5570378303527832,0.5570378303527832,0.5570378303527832,0.4429621398448944,12,6,3,post_calibration
174,6,12,8,60,1,1,1,0.8202603459358215,0.8202603459358215,0.17973969876766205,0.8202603459358215,12,6,3,post_calibration
174,7,12,9,60,1,0,0,0.7055235505104065,0.7055235505104065,0.7055235505104065,0.2944764494895935,12,6,3,post_calibration
174,8,12,10,60,0,1,0,0.601942777633667,0.601942777633667,0.398057222366333,0.601942777633667,12,6,3,post_calibration
174,9,12,11,60,1,1,1,0.646085262298584,0.646085262298584,0.3539147675037384,0.646085262298584,12,6,3,post_calibration
174,10,12,13,60,0,1,0,0.7304626107215881,0.7304626107215881,0.2695373594760895,0.7304626107215881,12,6,3,post_calibration
174,11,12,14,60,1,1,1,0.6454936265945435,0.6454936265945435,0.35450640320777893,0.6454936265945435,12,6,3,post_calibration
174,12,12,15,60,1,1,1,0.7309505939483643,0.7309505939483643,0.26904943585395813,0.7309505939483643,12,6,3,post_calibration
174,13,12,16,60,1,1,1,0.727739691734314,0.727739691734314,0.27226030826568604,0.727739691734314,12,6,3,post_calibration
174,14,12,17,60,1,1,1,0.8445953726768494,0.8445953726768494,0.15540464222431183,0.8445953726768494,12,6,3,post_calibration
175,0,12,2,60,1,1,1,0.5709967613220215,0.5709967613220215,0.42900320887565613,0.5709967613220215,12,1,6,zero_shot_paired
175,1,12,3,60,1,0,0,0.545372724533081,0.545372724533081,0.545372724533081,0.45462727546691895,12,1,6,zero_shot_paired
175,2,12,5,60,1,1,1,0.5964074730873108,0.5964074730873108,0.403592586517334,0.5964074730873108,12,1,6,zero_shot_paired
175,3,12,6,60,1,0,0,0.5061737895011902,0.5061737895011902,0.5061737895011902,0.4938262104988098,12,1,6,zero_shot_paired
175,4,12,7,60,1,0,0,0.5845639705657959,0.5845639705657959,0.5845639705657959,0.4154360294342041,12,1,6,zero_shot_paired
175,5,12,8,60,1,1,1,0.8103863596916199,0.8103863596916199,0.1896136850118637,0.8103863596916199,12,1,6,zero_shot_paired
175,6,12,10,60,0,0,1,0.5024490356445312,0.5024490356445312,0.5024490356445312,0.49755096435546875,12,1,6,zero_shot_paired
175,7,12,12,60,1,1,1,0.582162618637085,0.582162618637085,0.4178374409675598,0.582162618637085,12,1,6,zero_shot_paired
175,8,12,14,60,1,1,1,0.5684158205986023,0.5684158205986023,0.4315841794013977,0.5684158205986023,12,1,6,zero_shot_paired
175,9,12,15,60,1,1,1,0.6548758149147034,0.6548758149147034,0.3451242446899414,0.6548758149147034,12,1,6,zero_shot_paired
175,10,12,16,60,1,1,1,0.653045654296875,0.653045654296875,0.346954345703125,0.653045654296875,12,1,6,zero_shot_paired
175,11,12,17,60,1,1,1,0.7871512770652771,0.7871512770652771,0.21284878253936768,0.7871512770652771,12,1,6,zero_shot_paired
175,0,12,2,60,1,1,1,0.6220038533210754,0.6220038533210754,0.37799617648124695,0.6220038533210754,12,1,6,post_calibration
175,1,12,3,60,1,0,0,0.5177880525588989,0.5177880525588989,0.5177880525588989,0.4822119474411011,12,1,6,post_calibration
175,2,12,5,60,1,1,1,0.6198938488960266,0.6198938488960266,0.3801061511039734,0.6198938488960266,12,1,6,post_calibration
175,3,12,6,60,1,1,1,0.5100370645523071,0.5100370645523071,0.48996296525001526,0.5100370645523071,12,1,6,post_calibration
175,4,12,7,60,1,0,0,0.5810635089874268,0.5810635089874268,0.5810635089874268,0.41893646121025085,12,1,6,post_calibration
175,5,12,8,60,1,1,1,0.8289691209793091,0.8289691209793091,0.1710309088230133,0.8289691209793091,12,1,6,post_calibration
175,6,12,10,60,0,1,0,0.5442848205566406,0.5442848205566406,0.455715149641037,0.5442848205566406,12,1,6,post_calibration
175,7,12,12,60,1,1,1,0.6442635655403137,0.6442635655403137,0.3557364046573639,0.6442635655403137,12,1,6,post_calibration
175,8,12,14,60,1,1,1,0.5890960097312927,0.5890960097312927,0.4109039902687073,0.5890960097312927,12,1,6,post_calibration
175,9,12,15,60,1,1,1,0.6737151741981506,0.6737151741981506,0.32628485560417175,0.6737151741981506,12,1,6,post_calibration
175,10,12,16,60,1,1,1,0.6649687886238098,0.6649687886238098,0.3350312411785126,0.6649687886238098,12,1,6,post_calibration
175,11,12,17,60,1,1,1,0.8053728342056274,0.8053728342056274,0.19462719559669495,0.8053728342056274,12,1,6,post_calibration
176,0,12,0,60,1,1,1,0.8396538496017456,0.8396538496017456,0.1603461354970932,0.8396538496017456,12,2,6,zero_shot_paired
176,1,12,1,60,1,1,1,0.5535580515861511,0.5535580515861511,0.4464419186115265,0.5535580515861511,12,2,6,zero_shot_paired
176,2,12,2,60,1,1,1,0.5709967613220215,0.5709967613220215,0.42900320887565613,0.5709967613220215,12,2,6,zero_shot_paired
176,3,12,3,60,1,0,0,0.545372724533081,0.545372724533081,0.545372724533081,0.45462727546691895,12,2,6,zero_shot_paired
176,4,12,4,60,1,1,1,0.6681296229362488,0.6681296229362488,0.3318704068660736,0.6681296229362488,12,2,6,zero_shot_paired
176,5,12,7,60,1,0,0,0.5845639705657959,0.5845639705657959,0.5845639705657959,0.4154360294342041,12,2,6,zero_shot_paired
176,6,12,8,60,1,1,1,0.8103863596916199,0.8103863596916199,0.1896136850118637,0.8103863596916199,12,2,6,zero_shot_paired
176,7,12,9,60,1,0,0,0.7459843158721924,0.7459843158721924,0.7459843158721924,0.25401565432548523,12,2,6,zero_shot_paired
176,8,12,10,60,0,0,1,0.5024490356445312,0.5024490356445312,0.5024490356445312,0.49755096435546875,12,2,6,zero_shot_paired
176,9,12,11,60,1,1,1,0.5512019395828247,0.5512019395828247,0.4487980604171753,0.5512019395828247,12,2,6,zero_shot_paired
176,10,12,13,60,0,1,0,0.6793515682220459,0.6793515682220459,0.3206484019756317,0.6793515682220459,12,2,6,zero_shot_paired
176,11,12,15,60,1,1,1,0.6548758149147034,0.6548758149147034,0.3451242446899414,0.6548758149147034,12,2,6,zero_shot_paired
176,0,12,0,60,1,1,1,0.8472750186920166,0.8472750186920166,0.152724951505661,0.8472750186920166,12,2,6,post_calibration
176,1,12,1,60,1,1,1,0.5784016847610474,0.5784016847610474,0.421598345041275,0.5784016847610474,12,2,6,post_calibration
176,2,12,2,60,1,1,1,0.623196005821228,0.623196005821228,0.37680405378341675,0.623196005821228,12,2,6,post_calibration
176,3,12,3,60,1,0,0,0.5068659782409668,0.5068659782409668,0.5068659782409668,0.4931339621543884,12,2,6,post_calibration
176,4,12,4,60,1,1,1,0.6824976801872253,0.6824976801872253,0.31750229001045227,0.6824976801872253,12,2,6,post_calibration
176,5,12,7,60,1,0,0,0.5564409494400024,0.5564409494400024,0.5564409494400024,0.4435589909553528,12,2,6,post_calibration
176,6,12,8,60,1,1,1,0.8250078558921814,0.8250078558921814,0.17499218881130219,0.8250078558921814,12,2,6,post_calibration
176,7,12,9,60,1,0,0,0.68589848279953,0.68589848279953,0.68589848279953,0.3141014873981476,12,2,6,post_calibration
176,8,12,10,60,0,1,0,0.6703773140907288,0.6703773140907288,0.32962262630462646,0.6703773140907288,12,2,6,post_calibration
176,9,12,11,60,1,1,1,0.7260843515396118,0.7260843515396118,0.2739156484603882,0.7260843515396118,12,2,6,post_calibration
176,10,12,13,60,0,1,0,0.7824560403823853,0.7824560403823853,0.21754395961761475,0.7824560403823853,12,2,6,post_calibration
176,11,12,15,60,1,1,1,0.7743781805038452,0.7743781805038452,0.22562181949615479,0.7743781805038452,12,2,6,post_calibration
177,0,12,0,60,1,1,1,0.8396538496017456,0.8396538496017456,0.1603461354970932,0.8396538496017456,12,3,6,zero_shot_paired
177,1,12,1,60,1,1,1,0.5535580515861511,0.5535580515861511,0.4464419186115265,0.5535580515861511,12,3,6,zero_shot_paired
177,2,12,4,60,1,1,1,0.6681296229362488,0.6681296229362488,0.3318704068660736,0.6681296229362488,12,3,6,zero_shot_paired
177,3,12,5,60,1,1,1,0.5964074730873108,0.5964074730873108,0.403592586517334,0.5964074730873108,12,3,6,zero_shot_paired
177,4,12,6,60,1,0,0,0.5061737895011902,0.5061737895011902,0.5061737895011902,0.4938262104988098,12,3,6,zero_shot_paired
177,5,12,9,60,1,0,0,0.7459843158721924,0.7459843158721924,0.7459843158721924,0.25401565432548523,12,3,6,zero_shot_paired
177,6,12,11,60,1,1,1,0.5512019395828247,0.5512019395828247,0.4487980604171753,0.5512019395828247,12,3,6,zero_shot_paired
177,7,12,12,60,1,1,1,0.582162618637085,0.582162618637085,0.4178374409675598,0.582162618637085,12,3,6,zero_shot_paired
177,8,12,13,60,0,1,0,0.6793515682220459,0.6793515682220459,0.3206484019756317,0.6793515682220459,12,3,6,zero_shot_paired
177,9,12,14,60,1,1,1,0.5684158205986023,0.5684158205986023,0.4315841794013977,0.5684158205986023,12,3,6,zero_shot_paired
177,10,12,16,60,1,1,1,0.653045654296875,0.653045654296875,0.346954345703125,0.653045654296875,12,3,6,zero_shot_paired
177,11,12,17,60,1,1,1,0.7871512770652771,0.7871512770652771,0.21284878253936768,0.7871512770652771,12,3,6,zero_shot_paired
177,0,12,0,60,1,1,1,0.84757000207901,0.84757000207901,0.15243001282215118,0.84757000207901,12,3,6,post_calibration
177,1,12,1,60,1,1,1,0.5680863857269287,0.5680863857269287,0.4319136440753937,0.5680863857269287,12,3,6,post_calibration
177,2,12,4,60,1,1,1,0.6732571125030518,0.6732571125030518,0.32674288749694824,0.6732571125030518,12,3,6,post_calibration
177,3,12,5,60,1,1,1,0.6138895750045776,0.6138895750045776,0.3861103951931,0.6138895750045776,12,3,6,post_calibration
177,4,12,6,60,1,1,1,0.5187061429023743,0.5187061429023743,0.48129382729530334,0.5187061429023743,12,3,6,post_calibration
177,5,12,9,60,1,0,0,0.7300463914871216,0.7300463914871216,0.7300463914871216,0.2699536085128784,12,3,6,post_calibration
177,6,12,11,60,1,1,1,0.5829529762268066,0.5829529762268066,0.41704699397087097,0.5829529762268066,12,3,6,post_calibration
177,7,12,12,60,1,1,1,0.5988291501998901,0.5988291501998901,0.4011708199977875,0.5988291501998901,12,3,6,post_calibration
177,8,12,13,60,0,1,0,0.7003971934318542,0.7003971934318542,0.2996028661727905,0.7003971934318542,12,3,6,post_calibration
177,9,12,14,60,1,1,1,0.5640271902084351,0.5640271902084351,0.43597283959388733,0.5640271902084351,12,3,6,post_calibration
177,10,12,16,60,1,1,1,0.6644773483276367,0.6644773483276367,0.3355225920677185,0.6644773483276367,12,3,6,post_calibration
177,11,12,17,60,1,1,1,0.8010412454605103,0.8010412454605103,0.19895881414413452,0.8010412454605103,12,3,6,post_calibration
178,0,12,2,60,1,1,1,0.5709912180900574,0.5709912180900574,0.429008811712265,0.5709912180900574,12,1,9,zero_shot_paired
178,1,12,3,60,1,0,0,0.5453708171844482,0.5453708171844482,0.5453708171844482,0.45462915301322937,12,1,9,zero_shot_paired
178,2,12,4,60,1,1,1,0.6681329607963562,0.6681329607963562,0.3318670094013214,0.6681329607963562,12,1,9,zero_shot_paired
178,3,12,5,60,1,1,1,0.5963854193687439,0.5963854193687439,0.4036146104335785,0.5963854193687439,12,1,9,zero_shot_paired
178,4,12,6,60,1,0,0,0.5061833262443542,0.5061833262443542,0.5061833262443542,0.49381670355796814,12,1,9,zero_shot_paired
178,5,12,8,60,1,1,1,0.8103828430175781,0.8103828430175781,0.18961720168590546,0.8103828430175781,12,1,9,zero_shot_paired
178,6,12,11,60,1,1,1,0.5511698722839355,0.5511698722839355,0.44883012771606445,0.5511698722839355,12,1,9,zero_shot_paired
178,7,12,13,60,0,1,0,0.6793515682220459,0.6793515682220459,0.3206484019756317,0.6793515682220459,12,1,9,zero_shot_paired
178,8,12,17,60,1,1,1,0.787142276763916,0.787142276763916,0.2128577083349228,0.787142276763916,12,1,9,zero_shot_paired
178,0,12,2,60,1,1,1,0.625268280506134,0.625268280506134,0.3747316896915436,0.625268280506134,12,1,9,post_calibration
178,1,12,3,60,1,0,0,0.5075144171714783,0.5075144171714783,0.5075144171714783,0.4924856424331665,12,1,9,post_calibration
178,2,12,4,60,1,1,1,0.6771572232246399,0.6771572232246399,0.3228428065776825,0.6771572232246399,12,1,9,post_calibration
178,3,12,5,60,1,1,1,0.6125504970550537,0.6125504970550537,0.3874494731426239,0.6125504970550537,12,1,9,post_calibration
178,4,12,6,60,1,1,1,0.5214558839797974,0.5214558839797974,0.47854405641555786,0.5214558839797974,12,1,9,post_calibration
178,5,12,8,60,1,1,1,0.8245258927345276,0.8245258927345276,0.17547403275966644,0.8245258927345276,12,1,9,post_calibration
178,6,12,11,60,1,1,1,0.659214973449707,0.659214973449707,0.34078508615493774,0.659214973449707,12,1,9,post_calibration
178,7,12,13,60,0,1,0,0.7421736121177673,0.7421736121177673,0.25782638788223267,0.7421736121177673,12,1,9,post_calibration
178,8,12,17,60,1,1,1,0.8402466773986816,0.8402466773986816,0.15975330770015717,0.8402466773986816,12,1,9,post_calibration
179,0,12,0,60,1,1,1,0.8396518230438232,0.8396518230438232,0.16034819185733795,0.8396518230438232,12,2,9,zero_shot_paired
179,1,12,1,60,1,1,1,0.5535486340522766,0.5535486340522766,0.4464513063430786,0.5535486340522766,12,2,9,zero_shot_paired
179,2,12,7,60,1,0,0,0.5845528244972229,0.5845528244972229,0.5845528244972229,0.4154471457004547,12,2,9,zero_shot_paired
179,3,12,9,60,1,0,0,0.745988667011261,0.745988667011261,0.745988667011261,0.254011332988739,12,2,9,zero_shot_paired
179,4,12,10,60,0,0,1,0.5024452209472656,0.5024452209472656,0.5024452209472656,0.4975547790527344,12,2,9,zero_shot_paired
179,5,12,12,60,1,1,1,0.5821681618690491,0.5821681618690491,0.41783180832862854,0.5821681618690491,12,2,9,zero_shot_paired
179,6,12,14,60,1,1,1,0.5684232711791992,0.5684232711791992,0.431576669216156,0.5684232711791992,12,2,9,zero_shot_paired
179,7,12,15,60,1,1,1,0.6548740863800049,0.6548740863800049,0.3451259434223175,0.6548740863800049,12,2,9,zero_shot_paired
179,8,12,16,60,1,1,1,0.653049111366272,0.653049111366272,0.34695082902908325,0.653049111366272,12,2,9,zero_shot_paired
179,0,12,0,60,1,1,1,0.8659342527389526,0.8659342527389526,0.13406576216220856,0.8659342527389526,12,2,9,post_calibration
179,1,12,1,60,1,1,1,0.5962678790092468,0.5962678790092468,0.40373215079307556,0.5962678790092468,12,2,9,post_calibration
179,2,12,7,60,1,0,0,0.5664963722229004,0.5664963722229004,0.5664963722229004,0.4335035979747772,12,2,9,post_calibration
179,3,12,9,60,1,0,0,0.732811450958252,0.732811450958252,0.732811450958252,0.26718848943710327,12,2,9,post_calibration
179,4,12,10,60,0,1,0,0.5302383899688721,0.5302383899688721,0.46976161003112793,0.5302383899688721,12,2,9,post_calibration
179,5,12,12,60,1,1,1,0.6453976035118103,0.6453976035118103,0.3546024262905121,0.6453976035118103,12,2,9,post_calibration
179,6,12,14,60,1,1,1,0.5820271372795105,0.5820271372795105,0.4179728925228119,0.5820271372795105,12,2,9,post_calibration
179,7,12,15,60,1,1,1,0.6869429349899292,0.6869429349899292,0.3130570352077484,0.6869429349899292,12,2,9,post_calibration
179,8,12,16,60,1,1,1,0.6675609350204468,0.6675609350204468,0.33243903517723083,0.6675609350204468,12,2,9,post_calibration
180,0,12,4,60,1,1,1,0.6680653095245361,0.6680653095245361,0.33193469047546387,0.6680653095245361,12,1,12,zero_shot_paired
180,1,12,12,60,1,1,1,0.5820345878601074,0.5820345878601074,0.41796547174453735,0.5820345878601074,12,1,12,zero_shot_paired
180,2,12,13,60,0,1,0,0.6791986227035522,0.6791986227035522,0.32080137729644775,0.6791986227035522,12,1,12,zero_shot_paired
180,3,12,14,60,1,1,1,0.568432629108429,0.568432629108429,0.43156734108924866,0.568432629108429,12,1,12,zero_shot_paired
180,4,12,15,60,1,1,1,0.6545998454093933,0.6545998454093933,0.3454001843929291,0.6545998454093933,12,1,12,zero_shot_paired
180,5,12,16,60,1,1,1,0.6530836820602417,0.6530836820602417,0.3469162881374359,0.6530836820602417,12,1,12,zero_shot_paired
180,0,12,4,60,1,1,1,0.6872037053108215,0.6872037053108215,0.3127962350845337,0.6872037053108215,12,1,12,post_calibration
180,1,12,12,60,1,1,1,0.6585684418678284,0.6585684418678284,0.34143149852752686,0.6585684418678284,12,1,12,post_calibration
180,2,12,13,60,0,1,0,0.735887885093689,0.735887885093689,0.2641121447086334,0.735887885093689,12,1,12,post_calibration
180,3,12,14,60,1,1,1,0.6300165057182312,0.6300165057182312,0.3699835240840912,0.6300165057182312,12,1,12,post_calibration
180,4,12,15,60,1,1,1,0.7184138298034668,0.7184138298034668,0.2815861403942108,0.7184138298034668,12,1,12,post_calibration
180,5,12,16,60,1,1,1,0.7168616652488708,0.7168616652488708,0.28313830494880676,0.7168616652488708,12,1,12,post_calibration
181,0,12,4,60,1,1,1,0.6680653095245361,0.6680653095245361,0.33193469047546387,0.6680653095245361,12,2,12,zero_shot_paired
181,1,12,6,60,1,0,0,0.5063282251358032,0.5063282251358032,0.5063282251358032,0.4936717450618744,12,2,12,zero_shot_paired
181,2,12,10,60,0,0,1,0.5024375319480896,0.5024375319480896,0.5024375319480896,0.497562438249588,12,2,12,zero_shot_paired
181,3,12,14,60,1,1,1,0.568432629108429,0.568432629108429,0.43156734108924866,0.568432629108429,12,2,12,zero_shot_paired
181,4,12,15,60,1,1,1,0.6545998454093933,0.6545998454093933,0.3454001843929291,0.6545998454093933,12,2,12,zero_shot_paired
181,5,12,17,60,1,1,1,0.7872304320335388,0.7872304320335388,0.2127695232629776,0.7872304320335388,12,2,12,zero_shot_paired
181,0,12,4,60,1,1,1,0.6917886137962341,0.6917886137962341,0.3082113564014435,0.6917886137962341,12,2,12,post_calibration
181,1,12,6,60,1,1,1,0.5297880172729492,0.5297880172729492,0.47021201252937317,0.5297880172729492,12,2,12,post_calibration
181,2,12,10,60,0,1,0,0.5708267092704773,0.5708267092704773,0.4291732609272003,0.5708267092704773,12,2,12,post_calibration
181,3,12,14,60,1,1,1,0.6217490434646606,0.6217490434646606,0.37825092673301697,0.6217490434646606,12,2,12,post_calibration
181,4,12,15,60,1,1,1,0.7089577317237854,0.7089577317237854,0.2910422682762146,0.7089577317237854,12,2,12,post_calibration
181,5,12,17,60,1,1,1,0.8349406719207764,0.8349406719207764,0.16505935788154602,0.8349406719207764,12,2,12,post_calibration
182,0,12,7,60,1,0,0,0.5845491886138916,0.5845491886138916,0.5845491886138916,0.4154508709907532,12,3,12,zero_shot_paired
182,1,12,9,60,1,0,0,0.7459307909011841,0.7459307909011841,0.7459307909011841,0.25406914949417114,12,3,12,zero_shot_paired
182,2,12,10,60,0,0,1,0.5024375319480896,0.5024375319480896,0.5024375319480896,0.497562438249588,12,3,12,zero_shot_paired
182,3,12,11,60,1,1,1,0.5514114499092102,0.5514114499092102,0.4485885202884674,0.5514114499092102,12,3,12,zero_shot_paired
182,4,12,12,60,1,1,1,0.5820345878601074,0.5820345878601074,0.41796547174453735,0.5820345878601074,12,3,12,zero_shot_paired
182,5,12,15,60,1,1,1,0.6545998454093933,0.6545998454093933,0.3454001843929291,0.6545998454093933,12,3,12,zero_shot_paired
182,0,12,7,60,1,0,0,0.5647512078285217,0.5647512078285217,0.5647512078285217,0.43524882197380066,12,3,12,post_calibration
182,1,12,9,60,1,0,0,0.7196222543716431,0.7196222543716431,0.7196222543716431,0.28037771582603455,12,3,12,post_calibration
182,2,12,10,60,0,1,0,0.6057116389274597,0.6057116389274597,0.39428842067718506,0.6057116389274597,12,3,12,post_calibration
182,3,12,11,60,1,1,1,0.6464270949363708,0.6464270949363708,0.35357290506362915,0.6464270949363708,12,3,12,post_calibration
182,4,12,12,60,1,1,1,0.7121665477752686,0.7121665477752686,0.28783348202705383,0.7121665477752686,12,3,12,post_calibration
182,5,12,15,60,1,1,1,0.7319052815437317,0.7319052815437317,0.2680947482585907,0.7319052815437317,12,3,12,post_calibration
14,0,13,0,60,0,1,0,0.700230598449707,0.700230598449707,0.2997693717479706,0.700230598449707,13,,,zero_shot_all_trials
14,1,13,1,60,0,0,1,0.5807050466537476,0.5807050466537476,0.5807050466537476,0.41929495334625244,13,,,zero_shot_all_trials
14,2,13,2,60,1,1,1,0.5462124943733215,0.5462124943733215,0.45378750562667847,0.5462124943733215,13,,,zero_shot_all_trials
14,3,13,3,60,1,1,1,0.6701767444610596,0.6701767444610596,0.3298232853412628,0.6701767444610596,13,,,zero_shot_all_trials
14,4,13,4,60,1,1,1,0.5864969491958618,0.5864969491958618,0.4135030508041382,0.5864969491958618,13,,,zero_shot_all_trials
14,5,13,5,60,1,1,1,0.5629837512969971,0.5629837512969971,0.43701618909835815,0.5629837512969971,13,,,zero_shot_all_trials
14,6,13,6,60,1,1,1,0.7942491173744202,0.7942491173744202,0.20575089752674103,0.7942491173744202,13,,,zero_shot_all_trials
14,7,13,7,60,1,1,1,0.7472818493843079,0.7472818493843079,0.2527181804180145,0.7472818493843079,13,,,zero_shot_all_trials
14,8,13,8,60,1,1,1,0.7764415740966797,0.7764415740966797,0.2235584557056427,0.7764415740966797,13,,,zero_shot_all_trials
14,9,13,9,60,1,1,1,0.7351903319358826,0.7351903319358826,0.26480966806411743,0.7351903319358826,13,,,zero_shot_all_trials
14,10,13,10,60,0,0,1,0.7723683714866638,0.7723683714866638,0.7723683714866638,0.2276315987110138,13,,,zero_shot_all_trials
14,11,13,11,60,0,1,0,0.6363107562065125,0.6363107562065125,0.36368924379348755,0.6363107562065125,13,,,zero_shot_all_trials
14,12,13,12,60,1,1,1,0.757881224155426,0.757881224155426,0.24211883544921875,0.757881224155426,13,,,zero_shot_all_trials
14,13,13,13,60,0,0,1,0.5260574817657471,0.5260574817657471,0.5260574817657471,0.4739425778388977,13,,,zero_shot_all_trials
14,14,13,14,60,0,0,1,0.5593182444572449,0.5593182444572449,0.5593182444572449,0.44068172574043274,13,,,zero_shot_all_trials
14,15,13,15,60,0,0,1,0.5518303513526917,0.5518303513526917,0.5518303513526917,0.44816961884498596,13,,,zero_shot_all_trials
14,16,13,16,60,0,1,0,0.5610306859016418,0.5610306859016418,0.43896928429603577,0.5610306859016418,13,,,zero_shot_all_trials
14,17,13,17,60,1,0,0,0.5194146633148193,0.5194146633148193,0.5194146633148193,0.48058533668518066,13,,,zero_shot_all_trials
183,0,13,0,60,0,1,0,0.7002226114273071,0.7002226114273071,0.29977738857269287,0.7002226114273071,13,1,3,zero_shot_paired
183,1,13,1,60,0,0,1,0.5807012915611267,0.5807012915611267,0.5807012915611267,0.4192986488342285,13,1,3,zero_shot_paired
183,2,13,2,60,1,1,1,0.5462067723274231,0.5462067723274231,0.45379316806793213,0.5462067723274231,13,1,3,zero_shot_paired
183,3,13,4,60,1,1,1,0.5865099430084229,0.5865099430084229,0.41349008679389954,0.5865099430084229,13,1,3,zero_shot_paired
183,4,13,5,60,1,1,1,0.5629687905311584,0.5629687905311584,0.43703117966651917,0.5629687905311584,13,1,3,zero_shot_paired
183,5,13,6,60,1,1,1,0.794244110584259,0.794244110584259,0.20575590431690216,0.794244110584259,13,1,3,zero_shot_paired
183,6,13,8,60,1,1,1,0.7764335870742798,0.7764335870742798,0.22356638312339783,0.7764335870742798,13,1,3,zero_shot_paired
183,7,13,9,60,1,1,1,0.7351933121681213,0.7351933121681213,0.26480668783187866,0.7351933121681213,13,1,3,zero_shot_paired
183,8,13,11,60,0,1,0,0.6363195180892944,0.6363195180892944,0.3636804223060608,0.6363195180892944,13,1,3,zero_shot_paired
183,9,13,12,60,1,1,1,0.7578783631324768,0.7578783631324768,0.2421216368675232,0.7578783631324768,13,1,3,zero_shot_paired
183,10,13,13,60,0,0,1,0.5260574817657471,0.5260574817657471,0.5260574817657471,0.4739425778388977,13,1,3,zero_shot_paired
183,11,13,14,60,0,0,1,0.5593163967132568,0.5593163967132568,0.5593163967132568,0.44068363308906555,13,1,3,zero_shot_paired
183,12,13,15,60,0,0,1,0.5518360137939453,0.5518360137939453,0.5518360137939453,0.4481639564037323,13,1,3,zero_shot_paired
183,13,13,16,60,0,1,0,0.5610325336456299,0.5610325336456299,0.43896740674972534,0.5610325336456299,13,1,3,zero_shot_paired
183,14,13,17,60,1,0,0,0.519418478012085,0.519418478012085,0.519418478012085,0.48058152198791504,13,1,3,zero_shot_paired
183,0,13,0,60,0,1,0,0.7173027992248535,0.7173027992248535,0.2826971709728241,0.7173027992248535,13,1,3,post_calibration
183,1,13,1,60,0,0,1,0.587029755115509,0.587029755115509,0.587029755115509,0.41297030448913574,13,1,3,post_calibration
183,2,13,2,60,1,1,1,0.5228208303451538,0.5228208303451538,0.4771791994571686,0.5228208303451538,13,1,3,post_calibration
183,3,13,4,60,1,1,1,0.5970959067344666,0.5970959067344666,0.40290409326553345,0.5970959067344666,13,1,3,post_calibration
183,4,13,5,60,1,1,1,0.5661047697067261,0.5661047697067261,0.4338952898979187,0.5661047697067261,13,1,3,post_calibration
183,5,13,6,60,1,1,1,0.7933337688446045,0.7933337688446045,0.20666629076004028,0.7933337688446045,13,1,3,post_calibration
183,6,13,8,60,1,1,1,0.7865139842033386,0.7865139842033386,0.21348603069782257,0.7865139842033386,13,1,3,post_calibration
183,7,13,9,60,1,1,1,0.7427892088890076,0.7427892088890076,0.25721079111099243,0.7427892088890076,13,1,3,post_calibration
183,8,13,11,60,0,1,0,0.6502156853675842,0.6502156853675842,0.3497842848300934,0.6502156853675842,13,1,3,post_calibration
183,9,13,12,60,1,1,1,0.7745314240455627,0.7745314240455627,0.22546857595443726,0.7745314240455627,13,1,3,post_calibration
183,10,13,13,60,0,0,1,0.5214369297027588,0.5214369297027588,0.5214369297027588,0.4785631000995636,13,1,3,post_calibration
183,11,13,14,60,0,0,1,0.5401090979576111,0.5401090979576111,0.5401090979576111,0.4598909020423889,13,1,3,post_calibration
183,12,13,15,60,0,0,1,0.5632165670394897,0.5632165670394897,0.5632165670394897,0.43678343296051025,13,1,3,post_calibration
183,13,13,16,60,0,1,0,0.5772551894187927,0.5772551894187927,0.4227447807788849,0.5772551894187927,13,1,3,post_calibration
183,14,13,17,60,1,1,1,0.5042227506637573,0.5042227506637573,0.4957772493362427,0.5042227506637573,13,1,3,post_calibration
184,0,13,1,60,0,0,1,0.5807012915611267,0.5807012915611267,0.5807012915611267,0.4192986488342285,13,2,3,zero_shot_paired
184,1,13,3,60,1,1,1,0.6701834201812744,0.6701834201812744,0.3298165500164032,0.6701834201812744,13,2,3,zero_shot_paired
184,2,13,4,60,1,1,1,0.5864932537078857,0.5864932537078857,0.41350674629211426,0.5864932537078857,13,2,3,zero_shot_paired
184,3,13,5,60,1,1,1,0.5629594326019287,0.5629594326019287,0.4370405972003937,0.5629594326019287,13,2,3,zero_shot_paired
184,4,13,6,60,1,1,1,0.7942466139793396,0.7942466139793396,0.2057534009218216,0.7942466139793396,13,2,3,zero_shot_paired
184,5,13,7,60,1,1,1,0.7472760677337646,0.7472760677337646,0.25272393226623535,0.7472760677337646,13,2,3,zero_shot_paired
184,6,13,9,60,1,1,1,0.7351874113082886,0.7351874113082886,0.2648126184940338,0.7351874113082886,13,2,3,zero_shot_paired
184,7,13,10,60,0,0,1,0.7723710536956787,0.7723710536956787,0.7723710536956787,0.2276289165019989,13,2,3,zero_shot_paired
184,8,13,11,60,0,1,0,0.636317789554596,0.636317789554596,0.36368221044540405,0.636317789554596,13,2,3,zero_shot_paired
184,9,13,12,60,1,1,1,0.7578839063644409,0.7578839063644409,0.2421160191297531,0.7578839063644409,13,2,3,zero_shot_paired
184,10,13,13,60,0,0,1,0.5260650515556335,0.5260650515556335,0.5260650515556335,0.47393491864204407,13,2,3,zero_shot_paired
184,11,13,14,60,0,0,1,0.5593201518058777,0.5593201518058777,0.5593201518058777,0.4406798481941223,13,2,3,zero_shot_paired
184,12,13,15,60,0,0,1,0.5518303513526917,0.5518303513526917,0.5518303513526917,0.44816961884498596,13,2,3,zero_shot_paired
184,13,13,16,60,0,1,0,0.5610362887382507,0.5610362887382507,0.4389636814594269,0.5610362887382507,13,2,3,zero_shot_paired
184,14,13,17,60,1,0,0,0.519428014755249,0.519428014755249,0.519428014755249,0.480571985244751,13,2,3,zero_shot_paired
184,0,13,1,60,0,0,1,0.5722018480300903,0.5722018480300903,0.5722018480300903,0.42779818177223206,13,2,3,post_calibration
184,1,13,3,60,1,1,1,0.6382858753204346,0.6382858753204346,0.36171409487724304,0.6382858753204346,13,2,3,post_calibration
184,2,13,4,60,1,1,1,0.5702397227287292,0.5702397227287292,0.42976027727127075,0.5702397227287292,13,2,3,post_calibration
184,3,13,5,60,1,1,1,0.5604631900787354,0.5604631900787354,0.43953680992126465,0.5604631900787354,13,2,3,post_calibration
184,4,13,6,60,1,1,1,0.789981484413147,0.789981484413147,0.21001851558685303,0.789981484413147,13,2,3,post_calibration
184,5,13,7,60,1,1,1,0.748207151889801,0.748207151889801,0.2517928183078766,0.748207151889801,13,2,3,post_calibration
184,6,13,9,60,1,1,1,0.7471290230751038,0.7471290230751038,0.25287094712257385,0.7471290230751038,13,2,3,post_calibration
184,7,13,10,60,0,0,1,0.7410361766815186,0.7410361766815186,0.7410361766815186,0.25896382331848145,13,2,3,post_calibration
184,8,13,11,60,0,1,0,0.6160339117050171,0.6160339117050171,0.3839660882949829,0.6160339117050171,13,2,3,post_calibration
184,9,13,12,60,1,1,1,0.7421984076499939,0.7421984076499939,0.2578015625476837,0.7421984076499939,13,2,3,post_calibration
184,10,13,13,60,0,0,1,0.5192089676856995,0.5192089676856995,0.5192089676856995,0.48079100251197815,13,2,3,post_calibration
184,11,13,14,60,0,0,1,0.579387366771698,0.579387366771698,0.579387366771698,0.4206125736236572,13,2,3,post_calibration
184,12,13,15,60,0,0,1,0.5398873686790466,0.5398873686790466,0.5398873686790466,0.46011266112327576,13,2,3,post_calibration
184,13,13,16,60,0,1,0,0.5246610641479492,0.5246610641479492,0.4753389358520508,0.5246610641479492,13,2,3,post_calibration
184,14,13,17,60,1,0,0,0.5355786085128784,0.5355786085128784,0.5355786085128784,0.46442142128944397,13,2,3,post_calibration
185,0,13,0,60,0,1,0,0.7002193927764893,0.7002193927764893,0.29978057742118835,0.7002193927764893,13,3,3,zero_shot_paired
185,1,13,1,60,0,0,1,0.5807012915611267,0.5807012915611267,0.5807012915611267,0.4192986488342285,13,3,3,zero_shot_paired
185,2,13,2,60,1,1,1,0.5462162494659424,0.5462162494659424,0.4537837505340576,0.5462162494659424,13,3,3,zero_shot_paired
185,3,13,3,60,1,1,1,0.6701834201812744,0.6701834201812744,0.3298165500164032,0.6701834201812744,13,3,3,zero_shot_paired
185,4,13,4,60,1,1,1,0.5864932537078857,0.5864932537078857,0.41350674629211426,0.5864932537078857,13,3,3,zero_shot_paired
185,5,13,5,60,1,1,1,0.5629594326019287,0.5629594326019287,0.4370405972003937,0.5629594326019287,13,3,3,zero_shot_paired
185,6,13,7,60,1,1,1,0.7472760677337646,0.7472760677337646,0.25272393226623535,0.7472760677337646,13,3,3,zero_shot_paired
185,7,13,8,60,1,1,1,0.7764309644699097,0.7764309644699097,0.22356903553009033,0.7764309644699097,13,3,3,zero_shot_paired
185,8,13,9,60,1,1,1,0.7351874113082886,0.7351874113082886,0.2648126184940338,0.7351874113082886,13,3,3,zero_shot_paired
185,9,13,10,60,0,0,1,0.7723710536956787,0.7723710536956787,0.7723710536956787,0.2276289165019989,13,3,3,zero_shot_paired
185,10,13,11,60,0,1,0,0.636317789554596,0.636317789554596,0.36368221044540405,0.636317789554596,13,3,3,zero_shot_paired
185,11,13,12,60,1,1,1,0.7578839063644409,0.7578839063644409,0.2421160191297531,0.7578839063644409,13,3,3,zero_shot_paired
185,12,13,13,60,0,0,1,0.5260650515556335,0.5260650515556335,0.5260650515556335,0.47393491864204407,13,3,3,zero_shot_paired
185,13,13,15,60,0,0,1,0.5518303513526917,0.5518303513526917,0.5518303513526917,0.44816961884498596,13,3,3,zero_shot_paired
185,14,13,17,60,1,0,0,0.519428014755249,0.519428014755249,0.519428014755249,0.480571985244751,13,3,3,zero_shot_paired
185,0,13,0,60,0,1,0,0.6464933156967163,0.6464933156967163,0.3535066545009613,0.6464933156967163,13,3,3,post_calibration
185,1,13,1,60,0,0,1,0.5675752758979797,0.5675752758979797,0.5675752758979797,0.4324246942996979,13,3,3,post_calibration
185,2,13,2,60,1,1,1,0.5302554965019226,0.5302554965019226,0.4697445034980774,0.5302554965019226,13,3,3,post_calibration
185,3,13,3,60,1,1,1,0.6202137470245361,0.6202137470245361,0.3797862231731415,0.6202137470245361,13,3,3,post_calibration
185,4,13,4,60,1,1,1,0.5394628047943115,0.5394628047943115,0.46053722500801086,0.5394628047943115,13,3,3,post_calibration
185,5,13,5,60,1,1,1,0.5117127895355225,0.5117127895355225,0.48828718066215515,0.5117127895355225,13,3,3,post_calibration
185,6,13,7,60,1,1,1,0.7592421174049377,0.7592421174049377,0.24075786769390106,0.7592421174049377,13,3,3,post_calibration
185,7,13,8,60,1,1,1,0.7570724487304688,0.7570724487304688,0.24292750656604767,0.7570724487304688,13,3,3,post_calibration
185,8,13,9,60,1,1,1,0.7508412003517151,0.7508412003517151,0.2491588145494461,0.7508412003517151,13,3,3,post_calibration
185,9,13,10,60,0,0,1,0.7707223892211914,0.7707223892211914,0.7707223892211914,0.2292776107788086,13,3,3,post_calibration
185,10,13,11,60,0,1,0,0.6152106523513794,0.6152106523513794,0.3847893178462982,0.6152106523513794,13,3,3,post_calibration
185,11,13,12,60,1,1,1,0.7354695200920105,0.7354695200920105,0.2645305097103119,0.7354695200920105,13,3,3,post_calibration
185,12,13,13,60,0,0,1,0.5339329242706299,0.5339329242706299,0.5339329242706299,0.4660671055316925,13,3,3,post_calibration
185,13,13,15,60,0,0,1,0.5612448453903198,0.5612448453903198,0.5612448453903198,0.4387551248073578,13,3,3,post_calibration
185,14,13,17,60,1,0,0,0.5562865734100342,0.5562865734100342,0.5562865734100342,0.44371339678764343,13,3,3,post_calibration
186,0,13,0,60,0,1,0,0.7002193927764893,0.7002193927764893,0.29978057742118835,0.7002193927764893,13,4,3,zero_shot_paired
186,1,13,2,60,1,1,1,0.5462162494659424,0.5462162494659424,0.4537837505340576,0.5462162494659424,13,4,3,zero_shot_paired
186,2,13,3,60,1,1,1,0.6701834201812744,0.6701834201812744,0.3298165500164032,0.6701834201812744,13,4,3,zero_shot_paired
186,3,13,4,60,1,1,1,0.5864932537078857,0.5864932537078857,0.41350674629211426,0.5864932537078857,13,4,3,zero_shot_paired
186,4,13,5,60,1,1,1,0.5629594326019287,0.5629594326019287,0.4370405972003937,0.5629594326019287,13,4,3,zero_shot_paired
186,5,13,6,60,1,1,1,0.7942466139793396,0.7942466139793396,0.2057534009218216,0.7942466139793396,13,4,3,zero_shot_paired
186,6,13,7,60,1,1,1,0.7472760677337646,0.7472760677337646,0.25272393226623535,0.7472760677337646,13,4,3,zero_shot_paired
186,7,13,8,60,1,1,1,0.7764309644699097,0.7764309644699097,0.22356903553009033,0.7764309644699097,13,4,3,zero_shot_paired
186,8,13,10,60,0,0,1,0.7723710536956787,0.7723710536956787,0.7723710536956787,0.2276289165019989,13,4,3,zero_shot_paired
186,9,13,11,60,0,1,0,0.636317789554596,0.636317789554596,0.36368221044540405,0.636317789554596,13,4,3,zero_shot_paired
186,10,13,12,60,1,1,1,0.7578839063644409,0.7578839063644409,0.2421160191297531,0.7578839063644409,13,4,3,zero_shot_paired
186,11,13,13,60,0,0,1,0.5260650515556335,0.5260650515556335,0.5260650515556335,0.47393491864204407,13,4,3,zero_shot_paired
186,12,13,14,60,0,0,1,0.5593201518058777,0.5593201518058777,0.5593201518058777,0.4406798481941223,13,4,3,zero_shot_paired
186,13,13,16,60,0,1,0,0.5610362887382507,0.5610362887382507,0.4389636814594269,0.5610362887382507,13,4,3,zero_shot_paired
186,14,13,17,60,1,0,0,0.519428014755249,0.519428014755249,0.519428014755249,0.480571985244751,13,4,3,zero_shot_paired
186,0,13,0,60,0,1,0,0.6840315461158752,0.6840315461158752,0.31596845388412476,0.6840315461158752,13,4,3,post_calibration
186,1,13,2,60,1,1,1,0.5160714983940125,0.5160714983940125,0.48392850160598755,0.5160714983940125,13,4,3,post_calibration
186,2,13,3,60,1,1,1,0.6754034161567688,0.6754034161567688,0.3245965838432312,0.6754034161567688,13,4,3,post_calibration
186,3,13,4,60,1,1,1,0.562525749206543,0.562525749206543,0.43747425079345703,0.562525749206543,13,4,3,post_calibration
186,4,13,5,60,1,1,1,0.5341474413871765,0.5341474413871765,0.4658525586128235,0.5341474413871765,13,4,3,post_calibration
186,5,13,6,60,1,1,1,0.781176745891571,0.781176745891571,0.21882322430610657,0.781176745891571,13,4,3,post_calibration
186,6,13,7,60,1,1,1,0.779151201248169,0.779151201248169,0.22084878385066986,0.779151201248169,13,4,3,post_calibration
186,7,13,8,60,1,1,1,0.7696731686592102,0.7696731686592102,0.2303268313407898,0.7696731686592102,13,4,3,post_calibration
186,8,13,10,60,0,0,1,0.7997063994407654,0.7997063994407654,0.7997063994407654,0.20029357075691223,13,4,3,post_calibration
186,9,13,11,60,0,1,0,0.6515626907348633,0.6515626907348633,0.34843724966049194,0.6515626907348633,13,4,3,post_calibration
186,10,13,12,60,1,1,1,0.7549940347671509,0.7549940347671509,0.24500598013401031,0.7549940347671509,13,4,3,post_calibration
186,11,13,13,60,0,0,1,0.5321668386459351,0.5321668386459351,0.5321668386459351,0.46783316135406494,13,4,3,post_calibration
186,12,13,14,60,0,0,1,0.558498203754425,0.558498203754425,0.558498203754425,0.44150182604789734,13,4,3,post_calibration
186,13,13,16,60,0,0,1,0.5069900155067444,0.5069900155067444,0.5069900155067444,0.493010014295578,13,4,3,post_calibration
186,14,13,17,60,1,0,0,0.5531507730484009,0.5531507730484009,0.5531507730484009,0.4468492269515991,13,4,3,post_calibration
187,0,13,0,60,0,1,0,0.7002193927764893,0.7002193927764893,0.29978057742118835,0.7002193927764893,13,5,3,zero_shot_paired
187,1,13,1,60,0,0,1,0.5807012915611267,0.5807012915611267,0.5807012915611267,0.4192986488342285,13,5,3,zero_shot_paired
187,2,13,2,60,1,1,1,0.5462162494659424,0.5462162494659424,0.4537837505340576,0.5462162494659424,13,5,3,zero_shot_paired
187,3,13,3,60,1,1,1,0.6701834201812744,0.6701834201812744,0.3298165500164032,0.6701834201812744,13,5,3,zero_shot_paired
187,4,13,4,60,1,1,1,0.5864932537078857,0.5864932537078857,0.41350674629211426,0.5864932537078857,13,5,3,zero_shot_paired
187,5,13,6,60,1,1,1,0.7942466139793396,0.7942466139793396,0.2057534009218216,0.7942466139793396,13,5,3,zero_shot_paired
187,6,13,7,60,1,1,1,0.7472760677337646,0.7472760677337646,0.25272393226623535,0.7472760677337646,13,5,3,zero_shot_paired
187,7,13,8,60,1,1,1,0.7764309644699097,0.7764309644699097,0.22356903553009033,0.7764309644699097,13,5,3,zero_shot_paired
187,8,13,9,60,1,1,1,0.7351874113082886,0.7351874113082886,0.2648126184940338,0.7351874113082886,13,5,3,zero_shot_paired
187,9,13,10,60,0,0,1,0.7723710536956787,0.7723710536956787,0.7723710536956787,0.2276289165019989,13,5,3,zero_shot_paired
187,10,13,11,60,0,1,0,0.636317789554596,0.636317789554596,0.36368221044540405,0.636317789554596,13,5,3,zero_shot_paired
187,11,13,14,60,0,0,1,0.5593201518058777,0.5593201518058777,0.5593201518058777,0.4406798481941223,13,5,3,zero_shot_paired
187,12,13,15,60,0,0,1,0.5518303513526917,0.5518303513526917,0.5518303513526917,0.44816961884498596,13,5,3,zero_shot_paired
187,13,13,16,60,0,1,0,0.5610362887382507,0.5610362887382507,0.4389636814594269,0.5610362887382507,13,5,3,zero_shot_paired
187,14,13,17,60,1,0,0,0.519428014755249,0.519428014755249,0.519428014755249,0.480571985244751,13,5,3,zero_shot_paired
187,0,13,0,60,0,1,0,0.7255741953849792,0.7255741953849792,0.27442580461502075,0.7255741953849792,13,5,3,post_calibration
187,1,13,1,60,0,0,1,0.5747136473655701,0.5747136473655701,0.5747136473655701,0.42528629302978516,13,5,3,post_calibration
187,2,13,2,60,1,1,1,0.5558251738548279,0.5558251738548279,0.44417479634284973,0.5558251738548279,13,5,3,post_calibration
187,3,13,3,60,1,1,1,0.6824596524238586,0.6824596524238586,0.31754031777381897,0.6824596524238586,13,5,3,post_calibration
187,4,13,4,60,1,1,1,0.6024655103683472,0.6024655103683472,0.3975345194339752,0.6024655103683472,13,5,3,post_calibration
187,5,13,6,60,1,1,1,0.7958007454872131,0.7958007454872131,0.20419928431510925,0.7958007454872131,13,5,3,post_calibration
187,6,13,7,60,1,1,1,0.7325963377952576,0.7325963377952576,0.26740366220474243,0.7325963377952576,13,5,3,post_calibration
187,7,13,8,60,1,1,1,0.779508113861084,0.779508113861084,0.2204919010400772,0.779508113861084,13,5,3,post_calibration
187,8,13,9,60,1,1,1,0.7153975963592529,0.7153975963592529,0.28460243344306946,0.7153975963592529,13,5,3,post_calibration
187,9,13,10,60,0,0,1,0.7579315900802612,0.7579315900802612,0.7579315900802612,0.24206845462322235,13,5,3,post_calibration
187,10,13,11,60,0,1,0,0.6690829992294312,0.6690829992294312,0.33091697096824646,0.6690829992294312,13,5,3,post_calibration
187,11,13,14,60,0,0,1,0.5417801141738892,0.5417801141738892,0.5417801141738892,0.4582199156284332,13,5,3,post_calibration
187,12,13,15,60,0,0,1,0.545168399810791,0.545168399810791,0.545168399810791,0.4548315405845642,13,5,3,post_calibration
187,13,13,16,60,0,1,0,0.6255328059196472,0.6255328059196472,0.3744671940803528,0.6255328059196472,13,5,3,post_calibration
187,14,13,17,60,1,0,0,0.513706624507904,0.513706624507904,0.513706624507904,0.4862934350967407,13,5,3,post_calibration
188,0,13,0,60,0,1,0,0.7002193927764893,0.7002193927764893,0.29978057742118835,0.7002193927764893,13,6,3,zero_shot_paired
188,1,13,1,60,0,0,1,0.5807012915611267,0.5807012915611267,0.5807012915611267,0.4192986488342285,13,6,3,zero_shot_paired
188,2,13,2,60,1,1,1,0.5462162494659424,0.5462162494659424,0.4537837505340576,0.5462162494659424,13,6,3,zero_shot_paired
188,3,13,3,60,1,1,1,0.6701834201812744,0.6701834201812744,0.3298165500164032,0.6701834201812744,13,6,3,zero_shot_paired
188,4,13,5,60,1,1,1,0.5629594326019287,0.5629594326019287,0.4370405972003937,0.5629594326019287,13,6,3,zero_shot_paired
188,5,13,6,60,1,1,1,0.7942466139793396,0.7942466139793396,0.2057534009218216,0.7942466139793396,13,6,3,zero_shot_paired
188,6,13,7,60,1,1,1,0.7472760677337646,0.7472760677337646,0.25272393226623535,0.7472760677337646,13,6,3,zero_shot_paired
188,7,13,8,60,1,1,1,0.7764309644699097,0.7764309644699097,0.22356903553009033,0.7764309644699097,13,6,3,zero_shot_paired
188,8,13,9,60,1,1,1,0.7351874113082886,0.7351874113082886,0.2648126184940338,0.7351874113082886,13,6,3,zero_shot_paired
188,9,13,10,60,0,0,1,0.7723710536956787,0.7723710536956787,0.7723710536956787,0.2276289165019989,13,6,3,zero_shot_paired
188,10,13,12,60,1,1,1,0.7578839063644409,0.7578839063644409,0.2421160191297531,0.7578839063644409,13,6,3,zero_shot_paired
188,11,13,13,60,0,0,1,0.5260650515556335,0.5260650515556335,0.5260650515556335,0.47393491864204407,13,6,3,zero_shot_paired
188,12,13,14,60,0,0,1,0.5593201518058777,0.5593201518058777,0.5593201518058777,0.4406798481941223,13,6,3,zero_shot_paired
188,13,13,15,60,0,0,1,0.5518303513526917,0.5518303513526917,0.5518303513526917,0.44816961884498596,13,6,3,zero_shot_paired
188,14,13,16,60,0,1,0,0.5610362887382507,0.5610362887382507,0.4389636814594269,0.5610362887382507,13,6,3,zero_shot_paired
188,0,13,0,60,0,1,0,0.6975284218788147,0.6975284218788147,0.3024715185165405,0.6975284218788147,13,6,3,post_calibration
188,1,13,1,60,0,0,1,0.5748050808906555,0.5748050808906555,0.5748050808906555,0.4251949191093445,13,6,3,post_calibration
188,2,13,2,60,1,1,1,0.5361611247062683,0.5361611247062683,0.4638388752937317,0.5361611247062683,13,6,3,post_calibration
188,3,13,3,60,1,1,1,0.6951181888580322,0.6951181888580322,0.3048818111419678,0.6951181888580322,13,6,3,post_calibration
188,4,13,5,60,1,1,1,0.5595363974571228,0.5595363974571228,0.4404636323451996,0.5595363974571228,13,6,3,post_calibration
188,5,13,6,60,1,1,1,0.8099368810653687,0.8099368810653687,0.19006310403347015,0.8099368810653687,13,6,3,post_calibration
188,6,13,7,60,1,1,1,0.7456545829772949,0.7456545829772949,0.2543454170227051,0.7456545829772949,13,6,3,post_calibration
188,7,13,8,60,1,1,1,0.790457010269165,0.790457010269165,0.20954297482967377,0.790457010269165,13,6,3,post_calibration
188,8,13,9,60,1,1,1,0.7126807570457458,0.7126807570457458,0.28731924295425415,0.7126807570457458,13,6,3,post_calibration
188,9,13,10,60,0,0,1,0.7832407355308533,0.7832407355308533,0.7832407355308533,0.21675926446914673,13,6,3,post_calibration
188,10,13,12,60,1,1,1,0.7547922134399414,0.7547922134399414,0.24520784616470337,0.7547922134399414,13,6,3,post_calibration
188,11,13,13,60,0,0,1,0.5215834379196167,0.5215834379196167,0.5215834379196167,0.4784165024757385,13,6,3,post_calibration
188,12,13,14,60,0,0,1,0.5267688035964966,0.5267688035964966,0.5267688035964966,0.47323113679885864,13,6,3,post_calibration
188,13,13,15,60,0,0,1,0.535134494304657,0.535134494304657,0.535134494304657,0.4648655354976654,13,6,3,post_calibration
188,14,13,16,60,0,1,0,0.5856196284294128,0.5856196284294128,0.41438034176826477,0.5856196284294128,13,6,3,post_calibration
189,0,13,0,60,0,1,0,0.7002193927764893,0.7002193927764893,0.29978057742118835,0.7002193927764893,13,1,6,zero_shot_paired
189,1,13,2,60,1,1,1,0.5462162494659424,0.5462162494659424,0.4537837505340576,0.5462162494659424,13,1,6,zero_shot_paired
189,2,13,3,60,1,1,1,0.6701834201812744,0.6701834201812744,0.3298165500164032,0.6701834201812744,13,1,6,zero_shot_paired
189,3,13,4,60,1,1,1,0.5864932537078857,0.5864932537078857,0.41350674629211426,0.5864932537078857,13,1,6,zero_shot_paired
189,4,13,5,60,1,1,1,0.5629594326019287,0.5629594326019287,0.4370405972003937,0.5629594326019287,13,1,6,zero_shot_paired
189,5,13,9,60,1,1,1,0.7351874113082886,0.7351874113082886,0.2648126184940338,0.7351874113082886,13,1,6,zero_shot_paired
189,6,13,10,60,0,0,1,0.7723710536956787,0.7723710536956787,0.7723710536956787,0.2276289165019989,13,1,6,zero_shot_paired
189,7,13,11,60,0,1,0,0.636317789554596,0.636317789554596,0.36368221044540405,0.636317789554596,13,1,6,zero_shot_paired
189,8,13,12,60,1,1,1,0.7578839063644409,0.7578839063644409,0.2421160191297531,0.7578839063644409,13,1,6,zero_shot_paired
189,9,13,13,60,0,0,1,0.5260650515556335,0.5260650515556335,0.5260650515556335,0.47393491864204407,13,1,6,zero_shot_paired
189,10,13,14,60,0,0,1,0.5593201518058777,0.5593201518058777,0.5593201518058777,0.4406798481941223,13,1,6,zero_shot_paired
189,11,13,16,60,0,1,0,0.5610362887382507,0.5610362887382507,0.4389636814594269,0.5610362887382507,13,1,6,zero_shot_paired
189,0,13,0,60,0,1,0,0.709108829498291,0.709108829498291,0.290891170501709,0.709108829498291,13,1,6,post_calibration
189,1,13,2,60,1,1,1,0.5355918407440186,0.5355918407440186,0.46440815925598145,0.5355918407440186,13,1,6,post_calibration
189,2,13,3,60,1,1,1,0.6890097856521606,0.6890097856521606,0.31099021434783936,0.6890097856521606,13,1,6,post_calibration
189,3,13,4,60,1,1,1,0.596361517906189,0.596361517906189,0.40363845229148865,0.596361517906189,13,1,6,post_calibration
189,4,13,5,60,1,1,1,0.5599687695503235,0.5599687695503235,0.44003117084503174,0.5599687695503235,13,1,6,post_calibration
189,5,13,9,60,1,1,1,0.7289804816246033,0.7289804816246033,0.27101948857307434,0.7289804816246033,13,1,6,post_calibration
189,6,13,10,60,0,0,1,0.8012562990188599,0.8012562990188599,0.8012562990188599,0.19874367117881775,13,1,6,post_calibration
189,7,13,11,60,0,1,0,0.6367731690406799,0.6367731690406799,0.3632267713546753,0.6367731690406799,13,1,6,post_calibration
189,8,13,12,60,1,1,1,0.7487687468528748,0.7487687468528748,0.25123125314712524,0.7487687468528748,13,1,6,post_calibration
189,9,13,13,60,0,0,1,0.5268030166625977,0.5268030166625977,0.5268030166625977,0.47319695353507996,13,1,6,post_calibration
189,10,13,14,60,0,0,1,0.5421778559684753,0.5421778559684753,0.5421778559684753,0.45782220363616943,13,1,6,post_calibration
189,11,13,16,60,0,1,0,0.5575987696647644,0.5575987696647644,0.4424012303352356,0.5575987696647644,13,1,6,post_calibration
190,0,13,0,60,0,1,0,0.7002193927764893,0.7002193927764893,0.29978057742118835,0.7002193927764893,13,2,6,zero_shot_paired
190,1,13,1,60,0,0,1,0.5807012915611267,0.5807012915611267,0.5807012915611267,0.4192986488342285,13,2,6,zero_shot_paired
190,2,13,3,60,1,1,1,0.6701834201812744,0.6701834201812744,0.3298165500164032,0.6701834201812744,13,2,6,zero_shot_paired
190,3,13,4,60,1,1,1,0.5864932537078857,0.5864932537078857,0.41350674629211426,0.5864932537078857,13,2,6,zero_shot_paired
190,4,13,6,60,1,1,1,0.7942466139793396,0.7942466139793396,0.2057534009218216,0.7942466139793396,13,2,6,zero_shot_paired
190,5,13,7,60,1,1,1,0.7472760677337646,0.7472760677337646,0.25272393226623535,0.7472760677337646,13,2,6,zero_shot_paired
190,6,13,8,60,1,1,1,0.7764309644699097,0.7764309644699097,0.22356903553009033,0.7764309644699097,13,2,6,zero_shot_paired
190,7,13,9,60,1,1,1,0.7351874113082886,0.7351874113082886,0.2648126184940338,0.7351874113082886,13,2,6,zero_shot_paired
190,8,13,10,60,0,0,1,0.7723710536956787,0.7723710536956787,0.7723710536956787,0.2276289165019989,13,2,6,zero_shot_paired
190,9,13,13,60,0,0,1,0.5260650515556335,0.5260650515556335,0.5260650515556335,0.47393491864204407,13,2,6,zero_shot_paired
190,10,13,15,60,0,0,1,0.5518303513526917,0.5518303513526917,0.5518303513526917,0.44816961884498596,13,2,6,zero_shot_paired
190,11,13,17,60,1,0,0,0.519428014755249,0.519428014755249,0.519428014755249,0.480571985244751,13,2,6,zero_shot_paired
190,0,13,0,60,0,1,0,0.6688024997711182,0.6688024997711182,0.33119747042655945,0.6688024997711182,13,2,6,post_calibration
190,1,13,1,60,0,0,1,0.5723978877067566,0.5723978877067566,0.5723978877067566,0.4276021420955658,13,2,6,post_calibration
190,2,13,3,60,1,1,1,0.6593999862670898,0.6593999862670898,0.34059998393058777,0.6593999862670898,13,2,6,post_calibration
190,3,13,4,60,1,1,1,0.5688874125480652,0.5688874125480652,0.4311126172542572,0.5688874125480652,13,2,6,post_calibration
190,4,13,6,60,1,1,1,0.7906200289726257,0.7906200289726257,0.20938001573085785,0.7906200289726257,13,2,6,post_calibration
190,5,13,7,60,1,1,1,0.7500954270362854,0.7500954270362854,0.24990461766719818,0.7500954270362854,13,2,6,post_calibration
190,6,13,8,60,1,1,1,0.7603282332420349,0.7603282332420349,0.2396717518568039,0.7603282332420349,13,2,6,post_calibration
190,7,13,9,60,1,1,1,0.738129734992981,0.738129734992981,0.26187029480934143,0.738129734992981,13,2,6,post_calibration
190,8,13,10,60,0,0,1,0.7570359706878662,0.7570359706878662,0.7570359706878662,0.2429639995098114,13,2,6,post_calibration
190,9,13,13,60,0,0,1,0.5172737240791321,0.5172737240791321,0.5172737240791321,0.4827263355255127,13,2,6,post_calibration
190,10,13,15,60,0,0,1,0.5388277769088745,0.5388277769088745,0.5388277769088745,0.4611722230911255,13,2,6,post_calibration
190,11,13,17,60,1,0,0,0.5191022753715515,0.5191022753715515,0.5191022753715515,0.4808976650238037,13,2,6,post_calibration
191,0,13,1,60,0,0,1,0.5807012915611267,0.5807012915611267,0.5807012915611267,0.4192986488342285,13,3,6,zero_shot_paired
191,1,13,2,60,1,1,1,0.5462162494659424,0.5462162494659424,0.4537837505340576,0.5462162494659424,13,3,6,zero_shot_paired
191,2,13,5,60,1,1,1,0.5629594326019287,0.5629594326019287,0.4370405972003937,0.5629594326019287,13,3,6,zero_shot_paired
191,3,13,6,60,1,1,1,0.7942466139793396,0.7942466139793396,0.2057534009218216,0.7942466139793396,13,3,6,zero_shot_paired
191,4,13,7,60,1,1,1,0.7472760677337646,0.7472760677337646,0.25272393226623535,0.7472760677337646,13,3,6,zero_shot_paired
191,5,13,8,60,1,1,1,0.7764309644699097,0.7764309644699097,0.22356903553009033,0.7764309644699097,13,3,6,zero_shot_paired
191,6,13,11,60,0,1,0,0.636317789554596,0.636317789554596,0.36368221044540405,0.636317789554596,13,3,6,zero_shot_paired
191,7,13,12,60,1,1,1,0.7578839063644409,0.7578839063644409,0.2421160191297531,0.7578839063644409,13,3,6,zero_shot_paired
191,8,13,14,60,0,0,1,0.5593201518058777,0.5593201518058777,0.5593201518058777,0.4406798481941223,13,3,6,zero_shot_paired
191,9,13,15,60,0,0,1,0.5518303513526917,0.5518303513526917,0.5518303513526917,0.44816961884498596,13,3,6,zero_shot_paired
191,10,13,16,60,0,1,0,0.5610362887382507,0.5610362887382507,0.4389636814594269,0.5610362887382507,13,3,6,zero_shot_paired
191,11,13,17,60,1,0,0,0.519428014755249,0.519428014755249,0.519428014755249,0.480571985244751,13,3,6,zero_shot_paired
191,0,13,1,60,0,0,1,0.5854067206382751,0.5854067206382751,0.5854067206382751,0.41459330916404724,13,3,6,post_calibration
191,1,13,2,60,1,1,1,0.5049570202827454,0.5049570202827454,0.49504297971725464,0.5049570202827454,13,3,6,post_calibration
191,2,13,5,60,1,1,1,0.5458418130874634,0.5458418130874634,0.4541581869125366,0.5458418130874634,13,3,6,post_calibration
191,3,13,6,60,1,1,1,0.7860934734344482,0.7860934734344482,0.21390654146671295,0.7860934734344482,13,3,6,post_calibration
191,4,13,7,60,1,1,1,0.7553367614746094,0.7553367614746094,0.24466319382190704,0.7553367614746094,13,3,6,post_calibration
191,5,13,8,60,1,1,1,0.762161374092102,0.762161374092102,0.23783859610557556,0.762161374092102,13,3,6,post_calibration
191,6,13,11,60,0,1,0,0.5978518724441528,0.5978518724441528,0.40214815735816956,0.5978518724441528,13,3,6,post_calibration
191,7,13,12,60,1,1,1,0.7549149990081787,0.7549149990081787,0.2450850009918213,0.7549149990081787,13,3,6,post_calibration
191,8,13,14,60,0,0,1,0.5774841904640198,0.5774841904640198,0.5774841904640198,0.42251577973365784,13,3,6,post_calibration
191,9,13,15,60,0,0,1,0.5656661987304688,0.5656661987304688,0.5656661987304688,0.43433383107185364,13,3,6,post_calibration
191,10,13,16,60,0,1,0,0.5378228425979614,0.5378228425979614,0.46217718720436096,0.5378228425979614,13,3,6,post_calibration
191,11,13,17,60,1,0,0,0.527518093585968,0.527518093585968,0.527518093585968,0.472481906414032,13,3,6,post_calibration
192,0,13,0,60,0,1,0,0.7002226114273071,0.7002226114273071,0.29977738857269287,0.7002226114273071,13,1,9,zero_shot_paired
192,1,13,2,60,1,1,1,0.5462087392807007,0.5462087392807007,0.4537913203239441,0.5462087392807007,13,1,9,zero_shot_paired
192,2,13,6,60,1,1,1,0.794251561164856,0.794251561164856,0.20574842393398285,0.794251561164856,13,1,9,zero_shot_paired
192,3,13,8,60,1,1,1,0.7764296531677246,0.7764296531677246,0.22357036173343658,0.7764296531677246,13,1,9,zero_shot_paired
192,4,13,9,60,1,1,1,0.7351874113082886,0.7351874113082886,0.2648126184940338,0.7351874113082886,13,1,9,zero_shot_paired
192,5,13,10,60,0,0,1,0.772361695766449,0.772361695766449,0.772361695766449,0.22763830423355103,13,1,9,zero_shot_paired
192,6,13,11,60,0,1,0,0.636317789554596,0.636317789554596,0.36368221044540405,0.636317789554596,13,1,9,zero_shot_paired
192,7,13,13,60,0,0,1,0.5260688662528992,0.5260688662528992,0.5260688662528992,0.4739311635494232,13,1,9,zero_shot_paired
192,8,13,17,60,1,0,0,0.519428014755249,0.519428014755249,0.519428014755249,0.480571985244751,13,1,9,zero_shot_paired
192,0,13,0,60,0,1,0,0.6929358839988708,0.6929358839988708,0.30706411600112915,0.6929358839988708,13,1,9,post_calibration
192,1,13,2,60,1,1,1,0.5240864157676697,0.5240864157676697,0.4759136140346527,0.5240864157676697,13,1,9,post_calibration
192,2,13,6,60,1,1,1,0.7887001633644104,0.7887001633644104,0.2112998217344284,0.7887001633644104,13,1,9,post_calibration
192,3,13,8,60,1,1,1,0.7629736065864563,0.7629736065864563,0.2370263636112213,0.7629736065864563,13,1,9,post_calibration
192,4,13,9,60,1,1,1,0.751320481300354,0.751320481300354,0.24867954850196838,0.751320481300354,13,1,9,post_calibration
192,5,13,10,60,0,0,1,0.7908143997192383,0.7908143997192383,0.7908143997192383,0.20918555557727814,13,1,9,post_calibration
192,6,13,11,60,0,1,0,0.6462544202804565,0.6462544202804565,0.35374557971954346,0.6462544202804565,13,1,9,post_calibration
192,7,13,13,60,0,0,1,0.523949384689331,0.523949384689331,0.523949384689331,0.47605061531066895,13,1,9,post_calibration
192,8,13,17,60,1,0,0,0.5366316437721252,0.5366316437721252,0.5366316437721252,0.46336835622787476,13,1,9,post_calibration
193,0,13,1,60,0,0,1,0.5806994438171387,0.5806994438171387,0.5806994438171387,0.41930049657821655,13,2,9,zero_shot_paired
193,1,13,3,60,1,1,1,0.6701834201812744,0.6701834201812744,0.3298165500164032,0.6701834201812744,13,2,9,zero_shot_paired
193,2,13,4,60,1,1,1,0.586506187915802,0.586506187915802,0.413493812084198,0.586506187915802,13,2,9,zero_shot_paired
193,3,13,5,60,1,1,1,0.5629650354385376,0.5629650354385376,0.43703493475914,0.5629650354385376,13,2,9,zero_shot_paired
193,4,13,7,60,1,1,1,0.7472760677337646,0.7472760677337646,0.25272393226623535,0.7472760677337646,13,2,9,zero_shot_paired
193,5,13,12,60,1,1,1,0.7578783631324768,0.7578783631324768,0.2421216368675232,0.7578783631324768,13,2,9,zero_shot_paired
193,6,13,14,60,0,0,1,0.5593163967132568,0.5593163967132568,0.5593163967132568,0.44068363308906555,13,2,9,zero_shot_paired
193,7,13,15,60,0,0,1,0.5518341064453125,0.5518341064453125,0.5518341064453125,0.4481658935546875,13,2,9,zero_shot_paired
193,8,13,16,60,0,1,0,0.5610250234603882,0.5610250234603882,0.43897494673728943,0.5610250234603882,13,2,9,zero_shot_paired
193,0,13,1,60,0,0,1,0.5799357891082764,0.5799357891082764,0.5799357891082764,0.42006421089172363,13,2,9,post_calibration
193,1,13,3,60,1,1,1,0.6666188836097717,0.6666188836097717,0.33338111639022827,0.6666188836097717,13,2,9,post_calibration
193,2,13,4,60,1,1,1,0.5655986666679382,0.5655986666679382,0.434401273727417,0.5655986666679382,13,2,9,post_calibration
193,3,13,5,60,1,1,1,0.5084277987480164,0.5084277987480164,0.49157220125198364,0.5084277987480164,13,2,9,post_calibration
193,4,13,7,60,1,1,1,0.7708113193511963,0.7708113193511963,0.22918863594532013,0.7708113193511963,13,2,9,post_calibration
193,5,13,12,60,1,1,1,0.7479900121688843,0.7479900121688843,0.25200995802879333,0.7479900121688843,13,2,9,post_calibration
193,6,13,14,60,0,0,1,0.5801718235015869,0.5801718235015869,0.5801718235015869,0.4198282063007355,13,2,9,post_calibration
193,7,13,15,60,0,0,1,0.5485922694206238,0.5485922694206238,0.5485922694206238,0.4514077603816986,13,2,9,post_calibration
193,8,13,16,60,0,1,0,0.5185937881469727,0.5185937881469727,0.48140621185302734,0.5185937881469727,13,2,9,post_calibration
194,0,13,0,60,0,1,0,0.700267493724823,0.700267493724823,0.2997325360774994,0.700267493724823,13,1,12,zero_shot_paired
194,1,13,1,60,0,0,1,0.5808499455451965,0.5808499455451965,0.5808499455451965,0.4191500246524811,13,1,12,zero_shot_paired
194,2,13,2,60,1,1,1,0.5463486313819885,0.5463486313819885,0.4536513686180115,0.5463486313819885,13,1,12,zero_shot_paired
194,3,13,8,60,1,1,1,0.7764601111412048,0.7764601111412048,0.22353990375995636,0.7764601111412048,13,1,12,zero_shot_paired
194,4,13,9,60,1,1,1,0.7352156043052673,0.7352156043052673,0.26478439569473267,0.7352156043052673,13,1,12,zero_shot_paired
194,5,13,16,60,0,1,0,0.560981810092926,0.560981810092926,0.439018189907074,0.560981810092926,13,1,12,zero_shot_paired
194,0,13,0,60,0,1,0,0.7155265212059021,0.7155265212059021,0.2844734787940979,0.7155265212059021,13,1,12,post_calibration
194,1,13,1,60,0,0,1,0.5837818384170532,0.5837818384170532,0.5837818384170532,0.416218101978302,13,1,12,post_calibration
194,2,13,2,60,1,1,1,0.5173575282096863,0.5173575282096863,0.4826425015926361,0.5173575282096863,13,1,12,post_calibration
194,3,13,8,60,1,1,1,0.7697136998176575,0.7697136998176575,0.23028625547885895,0.7697136998176575,13,1,12,post_calibration
194,4,13,9,60,1,1,1,0.7212127447128296,0.7212127447128296,0.278787225484848,0.7212127447128296,13,1,12,post_calibration
194,5,13,16,60,0,1,0,0.6082196235656738,0.6082196235656738,0.39178040623664856,0.6082196235656738,13,1,12,post_calibration
195,0,13,0,60,0,1,0,0.700267493724823,0.700267493724823,0.2997325360774994,0.700267493724823,13,2,12,zero_shot_paired
195,1,13,4,60,1,1,1,0.5863341093063354,0.5863341093063354,0.41366592049598694,0.5863341093063354,13,2,12,zero_shot_paired
195,2,13,6,60,1,1,1,0.794173002243042,0.794173002243042,0.20582696795463562,0.794173002243042,13,2,12,zero_shot_paired
195,3,13,15,60,0,0,1,0.5519605278968811,0.5519605278968811,0.5519605278968811,0.4480394124984741,13,2,12,zero_shot_paired
195,4,13,16,60,0,1,0,0.560981810092926,0.560981810092926,0.439018189907074,0.560981810092926,13,2,12,zero_shot_paired
195,5,13,17,60,1,0,0,0.5193880200386047,0.5193880200386047,0.5193880200386047,0.48061197996139526,13,2,12,zero_shot_paired
195,0,13,0,60,0,1,0,0.6889182925224304,0.6889182925224304,0.31108176708221436,0.6889182925224304,13,2,12,post_calibration
195,1,13,4,60,1,1,1,0.5885676741600037,0.5885676741600037,0.41143226623535156,0.5885676741600037,13,2,12,post_calibration
195,2,13,6,60,1,1,1,0.7944285869598389,0.7944285869598389,0.20557142794132233,0.7944285869598389,13,2,12,post_calibration
195,3,13,15,60,0,0,1,0.539883553981781,0.539883553981781,0.539883553981781,0.4601164162158966,13,2,12,post_calibration
195,4,13,16,60,0,1,0,0.5614421367645264,0.5614421367645264,0.438557893037796,0.5614421367645264,13,2,12,post_calibration
195,5,13,17,60,1,0,0,0.5146061182022095,0.5146061182022095,0.5146061182022095,0.48539385199546814,13,2,12,post_calibration
196,0,13,4,60,1,1,1,0.5863341093063354,0.5863341093063354,0.41366592049598694,0.5863341093063354,13,3,12,zero_shot_paired
196,1,13,9,60,1,1,1,0.7352156043052673,0.7352156043052673,0.26478439569473267,0.7352156043052673,13,3,12,zero_shot_paired
196,2,13,10,60,0,0,1,0.7723777890205383,0.7723777890205383,0.7723777890205383,0.22762221097946167,13,3,12,zero_shot_paired
196,3,13,11,60,0,1,0,0.6362948417663574,0.6362948417663574,0.3637051582336426,0.6362948417663574,13,3,12,zero_shot_paired
196,4,13,14,60,0,0,1,0.5593765377998352,0.5593765377998352,0.5593765377998352,0.4406234622001648,13,3,12,zero_shot_paired
196,5,13,17,60,1,0,0,0.5193880200386047,0.5193880200386047,0.5193880200386047,0.48061197996139526,13,3,12,zero_shot_paired
196,0,13,4,60,1,1,1,0.5892899036407471,0.5892899036407471,0.4107101261615753,0.5892899036407471,13,3,12,post_calibration
196,1,13,9,60,1,1,1,0.7540670037269592,0.7540670037269592,0.245932936668396,0.7540670037269592,13,3,12,post_calibration
196,2,13,10,60,0,0,1,0.7797545194625854,0.7797545194625854,0.7797545194625854,0.22024548053741455,13,3,12,post_calibration
196,3,13,11,60,0,1,0,0.6561300158500671,0.6561300158500671,0.34387001395225525,0.6561300158500671,13,3,12,post_calibration
196,4,13,14,60,0,0,1,0.5320319533348083,0.5320319533348083,0.5320319533348083,0.46796804666519165,13,3,12,post_calibration
196,5,13,17,60,1,0,0,0.5328657627105713,0.5328657627105713,0.5328657627105713,0.4671342372894287,13,3,12,post_calibration
15,0,14,0,60,0,0,1,0.7795540690422058,0.7795540690422058,0.7795540690422058,0.22044600546360016,14,,,zero_shot_all_trials
15,1,14,1,60,0,1,0,0.7286397218704224,0.7286397218704224,0.2713603079319,0.7286397218704224,14,,,zero_shot_all_trials
15,2,14,2,60,1,0,0,0.5837392807006836,0.5837392807006836,0.5837392807006836,0.4162607491016388,14,,,zero_shot_all_trials
15,3,14,3,60,1,1,1,0.6407307386398315,0.6407307386398315,0.35926932096481323,0.6407307386398315,14,,,zero_shot_all_trials
15,4,14,4,60,1,1,1,0.7482013702392578,0.7482013702392578,0.2517985999584198,0.7482013702392578,14,,,zero_shot_all_trials
15,5,14,5,60,1,1,1,0.6719315648078918,0.6719315648078918,0.32806846499443054,0.6719315648078918,14,,,zero_shot_all_trials
15,6,14,6,60,1,0,0,0.6373147368431091,0.6373147368431091,0.6373147368431091,0.3626852333545685,14,,,zero_shot_all_trials
15,7,14,7,60,1,0,0,0.5350263118743896,0.5350263118743896,0.5350263118743896,0.46497368812561035,14,,,zero_shot_all_trials
15,8,14,8,60,0,0,1,0.6548585295677185,0.6548585295677185,0.6548585295677185,0.34514153003692627,14,,,zero_shot_all_trials
15,9,14,9,60,1,1,1,0.6671019196510315,0.6671019196510315,0.3328980803489685,0.6671019196510315,14,,,zero_shot_all_trials
15,10,14,10,60,0,1,0,0.7760904431343079,0.7760904431343079,0.22390960156917572,0.7760904431343079,14,,,zero_shot_all_trials
15,11,14,11,60,1,0,0,0.8221589922904968,0.8221589922904968,0.8221589922904968,0.1778409779071808,14,,,zero_shot_all_trials
15,12,14,12,60,1,0,0,0.6280207633972168,0.6280207633972168,0.6280207633972168,0.3719792664051056,14,,,zero_shot_all_trials
15,13,14,13,60,1,1,1,0.7119897603988647,0.7119897603988647,0.28801023960113525,0.7119897603988647,14,,,zero_shot_all_trials
15,14,14,14,60,1,0,0,0.5571846961975098,0.5571846961975098,0.5571846961975098,0.4428153336048126,14,,,zero_shot_all_trials
15,15,14,15,60,1,1,1,0.5331031084060669,0.5331031084060669,0.4668968617916107,0.5331031084060669,14,,,zero_shot_all_trials
15,16,14,16,60,0,0,1,0.5962090492248535,0.5962090492248535,0.5962090492248535,0.4037909209728241,14,,,zero_shot_all_trials
15,17,14,17,60,1,1,1,0.8186926245689392,0.8186926245689392,0.1813073754310608,0.8186926245689392,14,,,zero_shot_all_trials
197,0,14,0,60,0,0,1,0.7795540690422058,0.7795540690422058,0.7795540690422058,0.22044600546360016,14,1,3,zero_shot_paired
197,1,14,1,60,0,1,0,0.7286397218704224,0.7286397218704224,0.2713603079319,0.7286397218704224,14,1,3,zero_shot_paired
197,2,14,2,60,1,0,0,0.5837355852127075,0.5837355852127075,0.5837355852127075,0.41626447439193726,14,1,3,zero_shot_paired
197,3,14,4,60,1,1,1,0.7482057213783264,0.7482057213783264,0.2517942786216736,0.7482057213783264,14,1,3,zero_shot_paired
197,4,14,5,60,1,1,1,0.6719332337379456,0.6719332337379456,0.32806673645973206,0.6719332337379456,14,1,3,zero_shot_paired
197,5,14,6,60,1,0,0,0.6373112201690674,0.6373112201690674,0.6373112201690674,0.36268875002861023,14,1,3,zero_shot_paired
197,6,14,7,60,1,0,0,0.5350263118743896,0.5350263118743896,0.5350263118743896,0.46497368812561035,14,1,3,zero_shot_paired
197,7,14,8,60,0,0,1,0.6548740863800049,0.6548740863800049,0.6548740863800049,0.3451259434223175,14,1,3,zero_shot_paired
197,8,14,9,60,1,1,1,0.6671053171157837,0.6671053171157837,0.3328946828842163,0.6671053171157837,14,1,3,zero_shot_paired
197,9,14,11,60,1,0,0,0.8221601247787476,0.8221601247787476,0.8221601247787476,0.17783986032009125,14,1,3,zero_shot_paired
197,10,14,12,60,1,0,0,0.6280224919319153,0.6280224919319153,0.6280224919319153,0.37197747826576233,14,1,3,zero_shot_paired
197,11,14,13,60,1,1,1,0.7119944095611572,0.7119944095611572,0.2880055606365204,0.7119944095611572,14,1,3,zero_shot_paired
197,12,14,14,60,1,0,0,0.5571790337562561,0.5571790337562561,0.5571790337562561,0.4428209662437439,14,1,3,zero_shot_paired
197,13,14,15,60,1,1,1,0.5331012010574341,0.5331012010574341,0.46689873933792114,0.5331012010574341,14,1,3,zero_shot_paired
197,14,14,16,60,0,0,1,0.5962109565734863,0.5962109565734863,0.5962109565734863,0.40378907322883606,14,1,3,zero_shot_paired
197,0,14,0,60,0,0,1,0.7613056898117065,0.7613056898117065,0.7613056898117065,0.23869433999061584,14,1,3,post_calibration
197,1,14,1,60,0,1,0,0.709791362285614,0.709791362285614,0.2902086079120636,0.709791362285614,14,1,3,post_calibration
197,2,14,2,60,1,0,0,0.575131356716156,0.575131356716156,0.575131356716156,0.4248686730861664,14,1,3,post_calibration
197,3,14,4,60,1,1,1,0.7468045949935913,0.7468045949935913,0.2531953752040863,0.7468045949935913,14,1,3,post_calibration
197,4,14,5,60,1,1,1,0.686327338218689,0.686327338218689,0.31367266178131104,0.686327338218689,14,1,3,post_calibration
197,5,14,6,60,1,0,0,0.6147120594978333,0.6147120594978333,0.6147120594978333,0.385287880897522,14,1,3,post_calibration
197,6,14,7,60,1,0,0,0.5368839502334595,0.5368839502334595,0.5368839502334595,0.4631160795688629,14,1,3,post_calibration
197,7,14,8,60,0,0,1,0.6536418199539185,0.6536418199539185,0.6536418199539185,0.34635820984840393,14,1,3,post_calibration
197,8,14,9,60,1,1,1,0.6433923244476318,0.6433923244476318,0.35660770535469055,0.6433923244476318,14,1,3,post_calibration
197,9,14,11,60,1,0,0,0.8198031783103943,0.8198031783103943,0.8198031783103943,0.18019680678844452,14,1,3,post_calibration
197,10,14,12,60,1,0,0,0.6296572089195251,0.6296572089195251,0.6296572089195251,0.37034279108047485,14,1,3,post_calibration
197,11,14,13,60,1,1,1,0.7066034078598022,0.7066034078598022,0.29339659214019775,0.7066034078598022,14,1,3,post_calibration
197,12,14,14,60,1,0,0,0.5284174680709839,0.5284174680709839,0.5284174680709839,0.4715825617313385,14,1,3,post_calibration
197,13,14,15,60,1,1,1,0.525212824344635,0.525212824344635,0.474787175655365,0.525212824344635,14,1,3,post_calibration
197,14,14,16,60,0,0,1,0.6116012930870056,0.6116012930870056,0.6116012930870056,0.3883987069129944,14,1,3,post_calibration
198,0,14,1,60,0,1,0,0.7286367416381836,0.7286367416381836,0.2713633179664612,0.7286367416381836,14,2,3,zero_shot_paired
198,1,14,2,60,1,0,0,0.5837448239326477,0.5837448239326477,0.5837448239326477,0.4162552058696747,14,2,3,zero_shot_paired
198,2,14,3,60,1,1,1,0.6407307386398315,0.6407307386398315,0.35926932096481323,0.6407307386398315,14,2,3,zero_shot_paired
198,3,14,5,60,1,1,1,0.6719332337379456,0.6719332337379456,0.32806673645973206,0.6719332337379456,14,2,3,zero_shot_paired
198,4,14,6,60,1,0,0,0.6373147368431091,0.6373147368431091,0.6373147368431091,0.3626852333545685,14,2,3,zero_shot_paired
198,5,14,7,60,1,0,0,0.535022497177124,0.535022497177124,0.535022497177124,0.4649774730205536,14,2,3,zero_shot_paired
198,6,14,8,60,0,0,1,0.6548722982406616,0.6548722982406616,0.6548722982406616,0.3451277017593384,14,2,3,zero_shot_paired
198,7,14,9,60,1,1,1,0.6670985221862793,0.6670985221862793,0.3329014480113983,0.6670985221862793,14,2,3,zero_shot_paired
198,8,14,10,60,0,1,0,0.7760917544364929,0.7760917544364929,0.22390826046466827,0.7760917544364929,14,2,3,zero_shot_paired
198,9,14,11,60,1,0,0,0.8221567869186401,0.8221567869186401,0.8221567869186401,0.17784322798252106,14,2,3,zero_shot_paired
198,10,14,12,60,1,0,0,0.6280171871185303,0.6280171871185303,0.6280171871185303,0.3719828426837921,14,2,3,zero_shot_paired
198,11,14,13,60,1,1,1,0.7119960188865662,0.7119960188865662,0.28800398111343384,0.7119960188865662,14,2,3,zero_shot_paired
198,12,14,15,60,1,1,1,0.5330955386161804,0.5330955386161804,0.4669044315814972,0.5330955386161804,14,2,3,zero_shot_paired
198,13,14,16,60,0,0,1,0.596220076084137,0.596220076084137,0.596220076084137,0.40377986431121826,14,2,3,zero_shot_paired
198,14,14,17,60,1,1,1,0.8186914920806885,0.8186914920806885,0.18130850791931152,0.8186914920806885,14,2,3,zero_shot_paired
198,0,14,1,60,0,1,0,0.7340807914733887,0.7340807914733887,0.26591917872428894,0.7340807914733887,14,2,3,post_calibration
198,1,14,2,60,1,0,0,0.5824131369590759,0.5824131369590759,0.5824131369590759,0.4175868332386017,14,2,3,post_calibration
198,2,14,3,60,1,1,1,0.6520216464996338,0.6520216464996338,0.3479783833026886,0.6520216464996338,14,2,3,post_calibration
198,3,14,5,60,1,1,1,0.6761338710784912,0.6761338710784912,0.323866069316864,0.6761338710784912,14,2,3,post_calibration
198,4,14,6,60,1,0,0,0.6390147805213928,0.6390147805213928,0.6390147805213928,0.3609851896762848,14,2,3,post_calibration
198,5,14,7,60,1,0,0,0.5388675928115845,0.5388675928115845,0.5388675928115845,0.4611324369907379,14,2,3,post_calibration
198,6,14,8,60,0,0,1,0.6575899720191956,0.6575899720191956,0.6575899720191956,0.34241005778312683,14,2,3,post_calibration
198,7,14,9,60,1,1,1,0.6739733815193176,0.6739733815193176,0.3260266184806824,0.6739733815193176,14,2,3,post_calibration
198,8,14,10,60,0,1,0,0.7752407193183899,0.7752407193183899,0.22475923597812653,0.7752407193183899,14,2,3,post_calibration
198,9,14,11,60,1,0,0,0.8233528137207031,0.8233528137207031,0.8233528137207031,0.17664717137813568,14,2,3,post_calibration
198,10,14,12,60,1,0,0,0.6240644454956055,0.6240644454956055,0.6240644454956055,0.37593552470207214,14,2,3,post_calibration
198,11,14,13,60,1,1,1,0.718623697757721,0.718623697757721,0.28137630224227905,0.718623697757721,14,2,3,post_calibration
198,12,14,15,60,1,1,1,0.5461198091506958,0.5461198091506958,0.4538801908493042,0.5461198091506958,14,2,3,post_calibration
198,13,14,16,60,0,0,1,0.5913324356079102,0.5913324356079102,0.5913324356079102,0.40866759419441223,14,2,3,post_calibration
198,14,14,17,60,1,1,1,0.8188533186912537,0.8188533186912537,0.18114662170410156,0.8188533186912537,14,2,3,post_calibration
199,0,14,0,60,0,0,1,0.7795579433441162,0.7795579433441162,0.7795579433441162,0.22044208645820618,14,3,3,zero_shot_paired
199,1,14,1,60,0,1,0,0.7286367416381836,0.7286367416381836,0.2713633179664612,0.7286367416381836,14,3,3,zero_shot_paired
199,2,14,2,60,1,0,0,0.5837448239326477,0.5837448239326477,0.5837448239326477,0.4162552058696747,14,3,3,zero_shot_paired
199,3,14,3,60,1,1,1,0.6407307386398315,0.6407307386398315,0.35926932096481323,0.6407307386398315,14,3,3,zero_shot_paired
199,4,14,4,60,1,1,1,0.7482013702392578,0.7482013702392578,0.2517985999584198,0.7482013702392578,14,3,3,zero_shot_paired
199,5,14,5,60,1,1,1,0.6719332337379456,0.6719332337379456,0.32806673645973206,0.6719332337379456,14,3,3,zero_shot_paired
199,6,14,8,60,0,0,1,0.6548722982406616,0.6548722982406616,0.6548722982406616,0.3451277017593384,14,3,3,zero_shot_paired
199,7,14,9,60,1,1,1,0.6670985221862793,0.6670985221862793,0.3329014480113983,0.6670985221862793,14,3,3,zero_shot_paired
199,8,14,10,60,0,1,0,0.7760917544364929,0.7760917544364929,0.22390826046466827,0.7760917544364929,14,3,3,zero_shot_paired
199,9,14,12,60,1,0,0,0.6280171871185303,0.6280171871185303,0.6280171871185303,0.3719828426837921,14,3,3,zero_shot_paired
199,10,14,13,60,1,1,1,0.7119960188865662,0.7119960188865662,0.28800398111343384,0.7119960188865662,14,3,3,zero_shot_paired
199,11,14,14,60,1,0,0,0.5571846961975098,0.5571846961975098,0.5571846961975098,0.4428153336048126,14,3,3,zero_shot_paired
199,12,14,15,60,1,1,1,0.5330955386161804,0.5330955386161804,0.4669044315814972,0.5330955386161804,14,3,3,zero_shot_paired
199,13,14,16,60,0,0,1,0.596220076084137,0.596220076084137,0.596220076084137,0.40377986431121826,14,3,3,zero_shot_paired
199,14,14,17,60,1,1,1,0.8186914920806885,0.8186914920806885,0.18130850791931152,0.8186914920806885,14,3,3,zero_shot_paired
199,0,14,0,60,0,0,1,0.7507041096687317,0.7507041096687317,0.7507041096687317,0.24929586052894592,14,3,3,post_calibration
199,1,14,1,60,0,1,0,0.7394973635673523,0.7394973635673523,0.2605026066303253,0.7394973635673523,14,3,3,post_calibration
199,2,14,2,60,1,0,0,0.5666237473487854,0.5666237473487854,0.5666237473487854,0.4333762526512146,14,3,3,post_calibration
199,3,14,3,60,1,1,1,0.6669188737869263,0.6669188737869263,0.33308106660842896,0.6669188737869263,14,3,3,post_calibration
199,4,14,4,60,1,1,1,0.7589295506477356,0.7589295506477356,0.24107037484645844,0.7589295506477356,14,3,3,post_calibration
199,5,14,5,60,1,1,1,0.6773139834403992,0.6773139834403992,0.3226860463619232,0.6773139834403992,14,3,3,post_calibration
199,6,14,8,60,0,0,1,0.6241647005081177,0.6241647005081177,0.6241647005081177,0.3758352994918823,14,3,3,post_calibration
199,7,14,9,60,1,1,1,0.6671053171157837,0.6671053171157837,0.3328946828842163,0.6671053171157837,14,3,3,post_calibration
199,8,14,10,60,0,1,0,0.7636917233467102,0.7636917233467102,0.2363082766532898,0.7636917233467102,14,3,3,post_calibration
199,9,14,12,60,1,0,0,0.6016666889190674,0.6016666889190674,0.6016666889190674,0.3983333110809326,14,3,3,post_calibration
199,10,14,13,60,1,1,1,0.71258544921875,0.71258544921875,0.28741455078125,0.71258544921875,14,3,3,post_calibration
199,11,14,14,60,1,0,0,0.5352540612220764,0.5352540612220764,0.5352540612220764,0.4647459387779236,14,3,3,post_calibration
199,12,14,15,60,1,1,1,0.5340449213981628,0.5340449213981628,0.46595510840415955,0.5340449213981628,14,3,3,post_calibration
199,13,14,16,60,0,0,1,0.5877434611320496,0.5877434611320496,0.5877434611320496,0.41225653886795044,14,3,3,post_calibration
199,14,14,17,60,1,1,1,0.8306509852409363,0.8306509852409363,0.16934899985790253,0.8306509852409363,14,3,3,post_calibration
200,0,14,0,60,0,0,1,0.7795579433441162,0.7795579433441162,0.7795579433441162,0.22044208645820618,14,4,3,zero_shot_paired
200,1,14,1,60,0,1,0,0.7286367416381836,0.7286367416381836,0.2713633179664612,0.7286367416381836,14,4,3,zero_shot_paired
200,2,14,2,60,1,0,0,0.5837448239326477,0.5837448239326477,0.5837448239326477,0.4162552058696747,14,4,3,zero_shot_paired
200,3,14,3,60,1,1,1,0.6407307386398315,0.6407307386398315,0.35926932096481323,0.6407307386398315,14,4,3,zero_shot_paired
200,4,14,4,60,1,1,1,0.7482013702392578,0.7482013702392578,0.2517985999584198,0.7482013702392578,14,4,3,zero_shot_paired
200,5,14,6,60,1,0,0,0.6373147368431091,0.6373147368431091,0.6373147368431091,0.3626852333545685,14,4,3,zero_shot_paired
200,6,14,7,60,1,0,0,0.535022497177124,0.535022497177124,0.535022497177124,0.4649774730205536,14,4,3,zero_shot_paired
200,7,14,9,60,1,1,1,0.6670985221862793,0.6670985221862793,0.3329014480113983,0.6670985221862793,14,4,3,zero_shot_paired
200,8,14,10,60,0,1,0,0.7760917544364929,0.7760917544364929,0.22390826046466827,0.7760917544364929,14,4,3,zero_shot_paired
200,9,14,11,60,1,0,0,0.8221567869186401,0.8221567869186401,0.8221567869186401,0.17784322798252106,14,4,3,zero_shot_paired
200,10,14,12,60,1,0,0,0.6280171871185303,0.6280171871185303,0.6280171871185303,0.3719828426837921,14,4,3,zero_shot_paired
200,11,14,14,60,1,0,0,0.5571846961975098,0.5571846961975098,0.5571846961975098,0.4428153336048126,14,4,3,zero_shot_paired
200,12,14,15,60,1,1,1,0.5330955386161804,0.5330955386161804,0.4669044315814972,0.5330955386161804,14,4,3,zero_shot_paired
200,13,14,16,60,0,0,1,0.596220076084137,0.596220076084137,0.596220076084137,0.40377986431121826,14,4,3,zero_shot_paired
200,14,14,17,60,1,1,1,0.8186914920806885,0.8186914920806885,0.18130850791931152,0.8186914920806885,14,4,3,zero_shot_paired
200,0,14,0,60,0,0,1,0.7758742570877075,0.7758742570877075,0.7758742570877075,0.22412575781345367,14,4,3,post_calibration
200,1,14,1,60,0,1,0,0.7434722781181335,0.7434722781181335,0.25652775168418884,0.7434722781181335,14,4,3,post_calibration
200,2,14,2,60,1,0,0,0.5789225101470947,0.5789225101470947,0.5789225101470947,0.4210774600505829,14,4,3,post_calibration
200,3,14,3,60,1,1,1,0.6678842306137085,0.6678842306137085,0.3321157693862915,0.6678842306137085,14,4,3,post_calibration
200,4,14,4,60,1,1,1,0.7553566098213196,0.7553566098213196,0.2446434646844864,0.7553566098213196,14,4,3,post_calibration
200,5,14,6,60,1,0,0,0.6348050832748413,0.6348050832748413,0.6348050832748413,0.3651948571205139,14,4,3,post_calibration
200,6,14,7,60,1,0,0,0.5312321782112122,0.5312321782112122,0.5312321782112122,0.46876782178878784,14,4,3,post_calibration
200,7,14,9,60,1,1,1,0.6761288642883301,0.6761288642883301,0.32387107610702515,0.6761288642883301,14,4,3,post_calibration
200,8,14,10,60,0,1,0,0.780009925365448,0.780009925365448,0.2199900597333908,0.780009925365448,14,4,3,post_calibration
200,9,14,11,60,1,0,0,0.8220619559288025,0.8220619559288025,0.8220619559288025,0.1779380738735199,14,4,3,post_calibration
200,10,14,12,60,1,0,0,0.6197625994682312,0.6197625994682312,0.6197625994682312,0.3802374303340912,14,4,3,post_calibration
200,11,14,14,60,1,0,0,0.5531168580055237,0.5531168580055237,0.5531168580055237,0.4468831717967987,14,4,3,post_calibration
200,12,14,15,60,1,1,1,0.5548416972160339,0.5548416972160339,0.44515830278396606,0.5548416972160339,14,4,3,post_calibration
200,13,14,16,60,0,0,1,0.5973087549209595,0.5973087549209595,0.5973087549209595,0.40269118547439575,14,4,3,post_calibration
200,14,14,17,60,1,1,1,0.8257687091827393,0.8257687091827393,0.17423127591609955,0.8257687091827393,14,4,3,post_calibration
201,0,14,0,60,0,0,1,0.7795579433441162,0.7795579433441162,0.7795579433441162,0.22044208645820618,14,5,3,zero_shot_paired
201,1,14,1,60,0,1,0,0.7286367416381836,0.7286367416381836,0.2713633179664612,0.7286367416381836,14,5,3,zero_shot_paired
201,2,14,2,60,1,0,0,0.5837448239326477,0.5837448239326477,0.5837448239326477,0.4162552058696747,14,5,3,zero_shot_paired
201,3,14,3,60,1,1,1,0.6407307386398315,0.6407307386398315,0.35926932096481323,0.6407307386398315,14,5,3,zero_shot_paired
201,4,14,4,60,1,1,1,0.7482013702392578,0.7482013702392578,0.2517985999584198,0.7482013702392578,14,5,3,zero_shot_paired
201,5,14,5,60,1,1,1,0.6719332337379456,0.6719332337379456,0.32806673645973206,0.6719332337379456,14,5,3,zero_shot_paired
201,6,14,6,60,1,0,0,0.6373147368431091,0.6373147368431091,0.6373147368431091,0.3626852333545685,14,5,3,zero_shot_paired
201,7,14,7,60,1,0,0,0.535022497177124,0.535022497177124,0.535022497177124,0.4649774730205536,14,5,3,zero_shot_paired
201,8,14,8,60,0,0,1,0.6548722982406616,0.6548722982406616,0.6548722982406616,0.3451277017593384,14,5,3,zero_shot_paired
201,9,14,10,60,0,1,0,0.7760917544364929,0.7760917544364929,0.22390826046466827,0.7760917544364929,14,5,3,zero_shot_paired
201,10,14,11,60,1,0,0,0.8221567869186401,0.8221567869186401,0.8221567869186401,0.17784322798252106,14,5,3,zero_shot_paired
201,11,14,12,60,1,0,0,0.6280171871185303,0.6280171871185303,0.6280171871185303,0.3719828426837921,14,5,3,zero_shot_paired
201,12,14,13,60,1,1,1,0.7119960188865662,0.7119960188865662,0.28800398111343384,0.7119960188865662,14,5,3,zero_shot_paired
201,13,14,14,60,1,0,0,0.5571846961975098,0.5571846961975098,0.5571846961975098,0.4428153336048126,14,5,3,zero_shot_paired
201,14,14,17,60,1,1,1,0.8186914920806885,0.8186914920806885,0.18130850791931152,0.8186914920806885,14,5,3,zero_shot_paired
201,0,14,0,60,0,0,1,0.7873518466949463,0.7873518466949463,0.7873518466949463,0.2126481533050537,14,5,3,post_calibration
201,1,14,1,60,0,1,0,0.7474057078361511,0.7474057078361511,0.2525942921638489,0.7474057078361511,14,5,3,post_calibration
201,2,14,2,60,1,0,0,0.5863118767738342,0.5863118767738342,0.5863118767738342,0.4136880934238434,14,5,3,post_calibration
201,3,14,3,60,1,1,1,0.6437528133392334,0.6437528133392334,0.3562471568584442,0.6437528133392334,14,5,3,post_calibration
201,4,14,4,60,1,1,1,0.7555130124092102,0.7555130124092102,0.2444869875907898,0.7555130124092102,14,5,3,post_calibration
201,5,14,5,60,1,1,1,0.7009220123291016,0.7009220123291016,0.2990780174732208,0.7009220123291016,14,5,3,post_calibration
201,6,14,6,60,1,0,0,0.648097574710846,0.648097574710846,0.648097574710846,0.35190242528915405,14,5,3,post_calibration
201,7,14,7,60,1,0,0,0.5207724571228027,0.5207724571228027,0.5207724571228027,0.47922757267951965,14,5,3,post_calibration
201,8,14,8,60,0,0,1,0.6474360823631287,0.6474360823631287,0.6474360823631287,0.3525639474391937,14,5,3,post_calibration
201,9,14,10,60,0,1,0,0.7842079997062683,0.7842079997062683,0.2157919704914093,0.7842079997062683,14,5,3,post_calibration
201,10,14,11,60,1,0,0,0.8246186375617981,0.8246186375617981,0.8246186375617981,0.1753813475370407,14,5,3,post_calibration
201,11,14,12,60,1,0,0,0.6159111857414246,0.6159111857414246,0.6159111857414246,0.38408881425857544,14,5,3,post_calibration
201,12,14,13,60,1,1,1,0.7183891534805298,0.7183891534805298,0.2816108465194702,0.7183891534805298,14,5,3,post_calibration
201,13,14,14,60,1,0,0,0.5587502717971802,0.5587502717971802,0.5587502717971802,0.4412497282028198,14,5,3,post_calibration
201,14,14,17,60,1,1,1,0.824723482131958,0.824723482131958,0.17527654767036438,0.824723482131958,14,5,3,post_calibration
202,0,14,0,60,0,0,1,0.7795579433441162,0.7795579433441162,0.7795579433441162,0.22044208645820618,14,6,3,zero_shot_paired
202,1,14,3,60,1,1,1,0.6407307386398315,0.6407307386398315,0.35926932096481323,0.6407307386398315,14,6,3,zero_shot_paired
202,2,14,4,60,1,1,1,0.7482013702392578,0.7482013702392578,0.2517985999584198,0.7482013702392578,14,6,3,zero_shot_paired
202,3,14,5,60,1,1,1,0.6719332337379456,0.6719332337379456,0.32806673645973206,0.6719332337379456,14,6,3,zero_shot_paired
202,4,14,6,60,1,0,0,0.6373147368431091,0.6373147368431091,0.6373147368431091,0.3626852333545685,14,6,3,zero_shot_paired
202,5,14,7,60,1,0,0,0.535022497177124,0.535022497177124,0.535022497177124,0.4649774730205536,14,6,3,zero_shot_paired
202,6,14,8,60,0,0,1,0.6548722982406616,0.6548722982406616,0.6548722982406616,0.3451277017593384,14,6,3,zero_shot_paired
202,7,14,9,60,1,1,1,0.6670985221862793,0.6670985221862793,0.3329014480113983,0.6670985221862793,14,6,3,zero_shot_paired
202,8,14,10,60,0,1,0,0.7760917544364929,0.7760917544364929,0.22390826046466827,0.7760917544364929,14,6,3,zero_shot_paired
202,9,14,11,60,1,0,0,0.8221567869186401,0.8221567869186401,0.8221567869186401,0.17784322798252106,14,6,3,zero_shot_paired
202,10,14,13,60,1,1,1,0.7119960188865662,0.7119960188865662,0.28800398111343384,0.7119960188865662,14,6,3,zero_shot_paired
202,11,14,14,60,1,0,0,0.5571846961975098,0.5571846961975098,0.5571846961975098,0.4428153336048126,14,6,3,zero_shot_paired
202,12,14,15,60,1,1,1,0.5330955386161804,0.5330955386161804,0.4669044315814972,0.5330955386161804,14,6,3,zero_shot_paired
202,13,14,16,60,0,0,1,0.596220076084137,0.596220076084137,0.596220076084137,0.40377986431121826,14,6,3,zero_shot_paired
202,14,14,17,60,1,1,1,0.8186914920806885,0.8186914920806885,0.18130850791931152,0.8186914920806885,14,6,3,zero_shot_paired
202,0,14,0,60,0,0,1,0.7610310912132263,0.7610310912132263,0.7610310912132263,0.23896898329257965,14,6,3,post_calibration
202,1,14,3,60,1,1,1,0.6485028862953186,0.6485028862953186,0.3514971435070038,0.6485028862953186,14,6,3,post_calibration
202,2,14,4,60,1,1,1,0.7293074727058411,0.7293074727058411,0.27069252729415894,0.7293074727058411,14,6,3,post_calibration
202,3,14,5,60,1,1,1,0.6624792814254761,0.6624792814254761,0.3375207781791687,0.6624792814254761,14,6,3,post_calibration
202,4,14,6,60,1,0,0,0.6114580631256104,0.6114580631256104,0.6114580631256104,0.3885418772697449,14,6,3,post_calibration
202,5,14,7,60,1,0,0,0.5481538772583008,0.5481538772583008,0.5481538772583008,0.45184609293937683,14,6,3,post_calibration
202,6,14,8,60,0,0,1,0.6438403129577637,0.6438403129577637,0.6438403129577637,0.35615968704223633,14,6,3,post_calibration
202,7,14,9,60,1,1,1,0.6756559610366821,0.6756559610366821,0.32434406876564026,0.6756559610366821,14,6,3,post_calibration
202,8,14,10,60,0,1,0,0.7625083923339844,0.7625083923339844,0.2374916523694992,0.7625083923339844,14,6,3,post_calibration
202,9,14,11,60,1,0,0,0.8209195733070374,0.8209195733070374,0.8209195733070374,0.17908035218715668,14,6,3,post_calibration
202,10,14,13,60,1,1,1,0.7122228145599365,0.7122228145599365,0.2877771854400635,0.7122228145599365,14,6,3,post_calibration
202,11,14,14,60,1,0,0,0.5318078398704529,0.5318078398704529,0.5318078398704529,0.4681921899318695,14,6,3,post_calibration
202,12,14,15,60,1,1,1,0.5050676465034485,0.5050676465034485,0.4949323832988739,0.5050676465034485,14,6,3,post_calibration
202,13,14,16,60,0,0,1,0.5847066044807434,0.5847066044807434,0.5847066044807434,0.4152933657169342,14,6,3,post_calibration
202,14,14,17,60,1,1,1,0.8200701475143433,0.8200701475143433,0.17992983758449554,0.8200701475143433,14,6,3,post_calibration
203,0,14,0,60,0,0,1,0.7795579433441162,0.7795579433441162,0.7795579433441162,0.22044208645820618,14,1,6,zero_shot_paired
203,1,14,2,60,1,0,0,0.5837448239326477,0.5837448239326477,0.5837448239326477,0.4162552058696747,14,1,6,zero_shot_paired
203,2,14,3,60,1,1,1,0.6407307386398315,0.6407307386398315,0.35926932096481323,0.6407307386398315,14,1,6,zero_shot_paired
203,3,14,4,60,1,1,1,0.7482013702392578,0.7482013702392578,0.2517985999584198,0.7482013702392578,14,1,6,zero_shot_paired
203,4,14,5,60,1,1,1,0.6719332337379456,0.6719332337379456,0.32806673645973206,0.6719332337379456,14,1,6,zero_shot_paired
203,5,14,7,60,1,0,0,0.535022497177124,0.535022497177124,0.535022497177124,0.4649774730205536,14,1,6,zero_shot_paired
203,6,14,10,60,0,1,0,0.7760917544364929,0.7760917544364929,0.22390826046466827,0.7760917544364929,14,1,6,zero_shot_paired
203,7,14,11,60,1,0,0,0.8221567869186401,0.8221567869186401,0.8221567869186401,0.17784322798252106,14,1,6,zero_shot_paired
203,8,14,12,60,1,0,0,0.6280171871185303,0.6280171871185303,0.6280171871185303,0.3719828426837921,14,1,6,zero_shot_paired
203,9,14,13,60,1,1,1,0.7119960188865662,0.7119960188865662,0.28800398111343384,0.7119960188865662,14,1,6,zero_shot_paired
203,10,14,14,60,1,0,0,0.5571846961975098,0.5571846961975098,0.5571846961975098,0.4428153336048126,14,1,6,zero_shot_paired
203,11,14,16,60,0,0,1,0.596220076084137,0.596220076084137,0.596220076084137,0.40377986431121826,14,1,6,zero_shot_paired
203,0,14,0,60,0,0,1,0.7776891589164734,0.7776891589164734,0.7776891589164734,0.22231078147888184,14,1,6,post_calibration
203,1,14,2,60,1,0,0,0.6022973656654358,0.6022973656654358,0.6022973656654358,0.3977026343345642,14,1,6,post_calibration
203,2,14,3,60,1,1,1,0.651349663734436,0.651349663734436,0.34865033626556396,0.651349663734436,14,1,6,post_calibration
203,3,14,4,60,1,1,1,0.739301860332489,0.739301860332489,0.2606981098651886,0.739301860332489,14,1,6,post_calibration
203,4,14,5,60,1,1,1,0.658577024936676,0.658577024936676,0.3414229154586792,0.658577024936676,14,1,6,post_calibration
203,5,14,7,60,1,0,0,0.5687470436096191,0.5687470436096191,0.5687470436096191,0.43125292658805847,14,1,6,post_calibration
203,6,14,10,60,0,1,0,0.7627610564231873,0.7627610564231873,0.23723891377449036,0.7627610564231873,14,1,6,post_calibration
203,7,14,11,60,1,0,0,0.8240828514099121,0.8240828514099121,0.8240828514099121,0.1759171038866043,14,1,6,post_calibration
203,8,14,12,60,1,0,0,0.6545963883399963,0.6545963883399963,0.6545963883399963,0.34540367126464844,14,1,6,post_calibration
203,9,14,13,60,1,1,1,0.7216635346412659,0.7216635346412659,0.27833643555641174,0.7216635346412659,14,1,6,post_calibration
203,10,14,14,60,1,0,0,0.5473052859306335,0.5473052859306335,0.5473052859306335,0.45269471406936646,14,1,6,post_calibration
203,11,14,16,60,0,0,1,0.595558762550354,0.595558762550354,0.595558762550354,0.40444129705429077,14,1,6,post_calibration
204,0,14,1,60,0,1,0,0.7286367416381836,0.7286367416381836,0.2713633179664612,0.7286367416381836,14,2,6,zero_shot_paired
204,1,14,2,60,1,0,0,0.5837448239326477,0.5837448239326477,0.5837448239326477,0.4162552058696747,14,2,6,zero_shot_paired
204,2,14,3,60,1,1,1,0.6407307386398315,0.6407307386398315,0.35926932096481323,0.6407307386398315,14,2,6,zero_shot_paired
204,3,14,6,60,1,0,0,0.6373147368431091,0.6373147368431091,0.6373147368431091,0.3626852333545685,14,2,6,zero_shot_paired
204,4,14,7,60,1,0,0,0.535022497177124,0.535022497177124,0.535022497177124,0.4649774730205536,14,2,6,zero_shot_paired
204,5,14,8,60,0,0,1,0.6548722982406616,0.6548722982406616,0.6548722982406616,0.3451277017593384,14,2,6,zero_shot_paired
204,6,14,9,60,1,1,1,0.6670985221862793,0.6670985221862793,0.3329014480113983,0.6670985221862793,14,2,6,zero_shot_paired
204,7,14,10,60,0,1,0,0.7760917544364929,0.7760917544364929,0.22390826046466827,0.7760917544364929,14,2,6,zero_shot_paired
204,8,14,12,60,1,0,0,0.6280171871185303,0.6280171871185303,0.6280171871185303,0.3719828426837921,14,2,6,zero_shot_paired
204,9,14,13,60,1,1,1,0.7119960188865662,0.7119960188865662,0.28800398111343384,0.7119960188865662,14,2,6,zero_shot_paired
204,10,14,15,60,1,1,1,0.5330955386161804,0.5330955386161804,0.4669044315814972,0.5330955386161804,14,2,6,zero_shot_paired
204,11,14,17,60,1,1,1,0.8186914920806885,0.8186914920806885,0.18130850791931152,0.8186914920806885,14,2,6,zero_shot_paired
204,0,14,1,60,0,1,0,0.7547158598899841,0.7547158598899841,0.2452840805053711,0.7547158598899841,14,2,6,post_calibration
204,1,14,2,60,1,0,0,0.5702285170555115,0.5702285170555115,0.5702285170555115,0.4297715127468109,14,2,6,post_calibration
204,2,14,3,60,1,1,1,0.6745648384094238,0.6745648384094238,0.3254351019859314,0.6745648384094238,14,2,6,post_calibration
204,3,14,6,60,1,0,0,0.6167464852333069,0.6167464852333069,0.6167464852333069,0.3832534849643707,14,2,6,post_calibration
204,4,14,7,60,1,0,0,0.5198774337768555,0.5198774337768555,0.5198774337768555,0.48012253642082214,14,2,6,post_calibration
204,5,14,8,60,0,0,1,0.6258151531219482,0.6258151531219482,0.6258151531219482,0.37418487668037415,14,2,6,post_calibration
204,6,14,9,60,1,1,1,0.6644875407218933,0.6644875407218933,0.3355123996734619,0.6644875407218933,14,2,6,post_calibration
204,7,14,10,60,0,1,0,0.7523468136787415,0.7523468136787415,0.24765323102474213,0.7523468136787415,14,2,6,post_calibration
204,8,14,12,60,1,0,0,0.6101558804512024,0.6101558804512024,0.6101558804512024,0.3898441195487976,14,2,6,post_calibration
204,9,14,13,60,1,1,1,0.7165689468383789,0.7165689468383789,0.2834310829639435,0.7165689468383789,14,2,6,post_calibration
204,10,14,15,60,1,1,1,0.5647568702697754,0.5647568702697754,0.4352431893348694,0.5647568702697754,14,2,6,post_calibration
204,11,14,17,60,1,1,1,0.8220898509025574,0.8220898509025574,0.17791016399860382,0.8220898509025574,14,2,6,post_calibration
205,0,14,0,60,0,0,1,0.7795579433441162,0.7795579433441162,0.7795579433441162,0.22044208645820618,14,3,6,zero_shot_paired
205,1,14,1,60,0,1,0,0.7286367416381836,0.7286367416381836,0.2713633179664612,0.7286367416381836,14,3,6,zero_shot_paired
205,2,14,4,60,1,1,1,0.7482013702392578,0.7482013702392578,0.2517985999584198,0.7482013702392578,14,3,6,zero_shot_paired
205,3,14,5,60,1,1,1,0.6719332337379456,0.6719332337379456,0.32806673645973206,0.6719332337379456,14,3,6,zero_shot_paired
205,4,14,6,60,1,0,0,0.6373147368431091,0.6373147368431091,0.6373147368431091,0.3626852333545685,14,3,6,zero_shot_paired
205,5,14,8,60,0,0,1,0.6548722982406616,0.6548722982406616,0.6548722982406616,0.3451277017593384,14,3,6,zero_shot_paired
205,6,14,9,60,1,1,1,0.6670985221862793,0.6670985221862793,0.3329014480113983,0.6670985221862793,14,3,6,zero_shot_paired
205,7,14,11,60,1,0,0,0.8221567869186401,0.8221567869186401,0.8221567869186401,0.17784322798252106,14,3,6,zero_shot_paired
205,8,14,14,60,1,0,0,0.5571846961975098,0.5571846961975098,0.5571846961975098,0.4428153336048126,14,3,6,zero_shot_paired
205,9,14,15,60,1,1,1,0.5330955386161804,0.5330955386161804,0.4669044315814972,0.5330955386161804,14,3,6,zero_shot_paired
205,10,14,16,60,0,0,1,0.596220076084137,0.596220076084137,0.596220076084137,0.40377986431121826,14,3,6,zero_shot_paired
205,11,14,17,60,1,1,1,0.8186914920806885,0.8186914920806885,0.18130850791931152,0.8186914920806885,14,3,6,zero_shot_paired
205,0,14,0,60,0,0,1,0.717307448387146,0.717307448387146,0.717307448387146,0.28269249200820923,14,3,6,post_calibration
205,1,14,1,60,0,1,0,0.7493237257003784,0.7493237257003784,0.2506762444972992,0.7493237257003784,14,3,6,post_calibration
205,2,14,4,60,1,1,1,0.7679768204689026,0.7679768204689026,0.2320231795310974,0.7679768204689026,14,3,6,post_calibration
205,3,14,5,60,1,1,1,0.7143198251724243,0.7143198251724243,0.2856801152229309,0.7143198251724243,14,3,6,post_calibration
205,4,14,6,60,1,0,0,0.6014509201049805,0.6014509201049805,0.6014509201049805,0.3985491096973419,14,3,6,post_calibration
205,5,14,8,60,0,0,1,0.581410825252533,0.581410825252533,0.581410825252533,0.41858917474746704,14,3,6,post_calibration
205,6,14,9,60,1,1,1,0.6705358028411865,0.6705358028411865,0.3294641971588135,0.6705358028411865,14,3,6,post_calibration
205,7,14,11,60,1,0,0,0.8054589033126831,0.8054589033126831,0.8054589033126831,0.1945410966873169,14,3,6,post_calibration
205,8,14,14,60,1,0,0,0.5109940767288208,0.5109940767288208,0.5109940767288208,0.4890058934688568,14,3,6,post_calibration
205,9,14,15,60,1,1,1,0.537947952747345,0.537947952747345,0.46205201745033264,0.537947952747345,14,3,6,post_calibration
205,10,14,16,60,0,0,1,0.5970280170440674,0.5970280170440674,0.5970280170440674,0.402972012758255,14,3,6,post_calibration
205,11,14,17,60,1,1,1,0.841739296913147,0.841739296913147,0.15826071798801422,0.841739296913147,14,3,6,post_calibration
206,0,14,1,60,0,1,0,0.7286351919174194,0.7286351919174194,0.27136480808258057,0.7286351919174194,14,1,9,zero_shot_paired
206,1,14,2,60,1,0,0,0.5837355852127075,0.5837355852127075,0.5837355852127075,0.41626447439193726,14,1,9,zero_shot_paired
206,2,14,7,60,1,0,0,0.5350168347358704,0.5350168347358704,0.5350168347358704,0.464983195066452,14,1,9,zero_shot_paired
206,3,14,8,60,0,0,1,0.6548619866371155,0.6548619866371155,0.6548619866371155,0.3451380431652069,14,1,9,zero_shot_paired
206,4,14,9,60,1,1,1,0.6671002507209778,0.6671002507209778,0.3328997790813446,0.6671002507209778,14,1,9,zero_shot_paired
206,5,14,11,60,1,0,0,0.8221567869186401,0.8221567869186401,0.8221567869186401,0.17784322798252106,14,1,9,zero_shot_paired
206,6,14,13,60,1,1,1,0.7119960188865662,0.7119960188865662,0.28800398111343384,0.7119960188865662,14,1,9,zero_shot_paired
206,7,14,16,60,0,0,1,0.5962127447128296,0.5962127447128296,0.5962127447128296,0.403787225484848,14,1,9,zero_shot_paired
206,8,14,17,60,1,1,1,0.8186926245689392,0.8186926245689392,0.1813073754310608,0.8186926245689392,14,1,9,zero_shot_paired
206,0,14,1,60,0,1,0,0.7450376749038696,0.7450376749038696,0.25496232509613037,0.7450376749038696,14,1,9,post_calibration
206,1,14,2,60,1,0,0,0.5569888949394226,0.5569888949394226,0.5569888949394226,0.443011075258255,14,1,9,post_calibration
206,2,14,7,60,1,0,0,0.5159686207771301,0.5159686207771301,0.5159686207771301,0.4840313792228699,14,1,9,post_calibration
206,3,14,8,60,0,0,1,0.6248195171356201,0.6248195171356201,0.6248195171356201,0.3751804828643799,14,1,9,post_calibration
206,4,14,9,60,1,1,1,0.6666544675827026,0.6666544675827026,0.33334553241729736,0.6666544675827026,14,1,9,post_calibration
206,5,14,11,60,1,0,0,0.8053907752037048,0.8053907752037048,0.8053907752037048,0.19460923969745636,14,1,9,post_calibration
206,6,14,13,60,1,1,1,0.7180787920951843,0.7180787920951843,0.2819211781024933,0.7180787920951843,14,1,9,post_calibration
206,7,14,16,60,0,0,1,0.5948086977005005,0.5948086977005005,0.5948086977005005,0.4051913022994995,14,1,9,post_calibration
206,8,14,17,60,1,1,1,0.8347786664962769,0.8347786664962769,0.16522133350372314,0.8347786664962769,14,1,9,post_calibration
207,0,14,0,60,0,0,1,0.7795540690422058,0.7795540690422058,0.7795540690422058,0.22044600546360016,14,2,9,zero_shot_paired
207,1,14,3,60,1,1,1,0.6407254338264465,0.6407254338264465,0.35927456617355347,0.6407254338264465,14,2,9,zero_shot_paired
207,2,14,4,60,1,1,1,0.7482028603553772,0.7482028603553772,0.2517971694469452,0.7482028603553772,14,2,9,zero_shot_paired
207,3,14,5,60,1,1,1,0.671936571598053,0.671936571598053,0.32806339859962463,0.671936571598053,14,2,9,zero_shot_paired
207,4,14,6,60,1,0,0,0.6373130083084106,0.6373130083084106,0.6373130083084106,0.36268702149391174,14,2,9,zero_shot_paired
207,5,14,10,60,0,1,0,0.7760917544364929,0.7760917544364929,0.22390826046466827,0.7760917544364929,14,2,9,zero_shot_paired
207,6,14,12,60,1,0,0,0.6280171871185303,0.6280171871185303,0.6280171871185303,0.3719828426837921,14,2,9,zero_shot_paired
207,7,14,14,60,1,0,0,0.5571828484535217,0.5571828484535217,0.5571828484535217,0.44281721115112305,14,2,9,zero_shot_paired
207,8,14,15,60,1,1,1,0.5330917239189148,0.5330917239189148,0.4669082462787628,0.5330917239189148,14,2,9,zero_shot_paired
207,0,14,0,60,0,0,1,0.7508283257484436,0.7508283257484436,0.7508283257484436,0.2491716742515564,14,2,9,post_calibration
207,1,14,3,60,1,1,1,0.6548740863800049,0.6548740863800049,0.3451259434223175,0.6548740863800049,14,2,9,post_calibration
207,2,14,4,60,1,1,1,0.737585186958313,0.737585186958313,0.2624148428440094,0.737585186958313,14,2,9,post_calibration
207,3,14,5,60,1,1,1,0.6691015958786011,0.6691015958786011,0.3308984339237213,0.6691015958786011,14,2,9,post_calibration
207,4,14,6,60,1,0,0,0.6146271824836731,0.6146271824836731,0.6146271824836731,0.3853728175163269,14,2,9,post_calibration
207,5,14,10,60,0,1,0,0.765433132648468,0.765433132648468,0.23456689715385437,0.765433132648468,14,2,9,post_calibration
207,6,14,12,60,1,0,0,0.6169412136077881,0.6169412136077881,0.6169412136077881,0.3830587565898895,14,2,9,post_calibration
207,7,14,14,60,1,0,0,0.5296930074691772,0.5296930074691772,0.5296930074691772,0.47030705213546753,14,2,9,post_calibration
207,8,14,15,60,1,1,1,0.5159571766853333,0.5159571766853333,0.48404279351234436,0.5159571766853333,14,2,9,post_calibration
208,0,14,1,60,0,1,0,0.7287226915359497,0.7287226915359497,0.2712773382663727,0.7287226915359497,14,1,12,zero_shot_paired
208,1,14,2,60,1,0,0,0.583874523639679,0.583874523639679,0.583874523639679,0.41612544655799866,14,1,12,zero_shot_paired
208,2,14,6,60,1,0,0,0.6373870968818665,0.6373870968818665,0.6373870968818665,0.3626129627227783,14,1,12,zero_shot_paired
208,3,14,8,60,0,0,1,0.6549654603004456,0.6549654603004456,0.6549654603004456,0.34503456950187683,14,1,12,zero_shot_paired
208,4,14,11,60,1,0,0,0.8221176862716675,0.8221176862716675,0.8221176862716675,0.17788225412368774,14,1,12,zero_shot_paired
208,5,14,12,60,1,0,0,0.6280260682106018,0.6280260682106018,0.6280260682106018,0.3719739019870758,14,1,12,zero_shot_paired
208,0,14,1,60,0,1,0,0.7525911927223206,0.7525911927223206,0.24740877747535706,0.7525911927223206,14,1,12,post_calibration
208,1,14,2,60,1,0,0,0.5783812403678894,0.5783812403678894,0.5783812403678894,0.421618789434433,14,1,12,post_calibration
208,2,14,6,60,1,0,0,0.6205515265464783,0.6205515265464783,0.6205515265464783,0.37944844365119934,14,1,12,post_calibration
208,3,14,8,60,0,0,1,0.6101177930831909,0.6101177930831909,0.6101177930831909,0.38988223671913147,14,1,12,post_calibration
208,4,14,11,60,1,0,0,0.8146399259567261,0.8146399259567261,0.8146399259567261,0.1853601038455963,14,1,12,post_calibration
208,5,14,12,60,1,0,0,0.6102484464645386,0.6102484464645386,0.6102484464645386,0.3897515535354614,14,1,12,post_calibration
209,0,14,0,60,0,0,1,0.7796090245246887,0.7796090245246887,0.7796090245246887,0.2203909456729889,14,2,12,zero_shot_paired
209,1,14,2,60,1,0,0,0.583874523639679,0.583874523639679,0.583874523639679,0.41612544655799866,14,2,12,zero_shot_paired
209,2,14,3,60,1,1,1,0.6407763361930847,0.6407763361930847,0.3592236340045929,0.6407763361930847,14,2,12,zero_shot_paired
209,3,14,4,60,1,1,1,0.7481927871704102,0.7481927871704102,0.25180721282958984,0.7481927871704102,14,2,12,zero_shot_paired
209,4,14,10,60,0,1,0,0.7760877013206482,0.7760877013206482,0.22391223907470703,0.7760877013206482,14,2,12,zero_shot_paired
209,5,14,13,60,1,1,1,0.7118708491325378,0.7118708491325378,0.28812915086746216,0.7118708491325378,14,2,12,zero_shot_paired
209,0,14,0,60,0,0,1,0.7345497012138367,0.7345497012138367,0.7345497012138367,0.2654503285884857,14,2,12,post_calibration
209,1,14,2,60,1,0,0,0.5711331963539124,0.5711331963539124,0.5711331963539124,0.42886680364608765,14,2,12,post_calibration
209,2,14,3,60,1,1,1,0.687641441822052,0.687641441822052,0.312358558177948,0.687641441822052,14,2,12,post_calibration
209,3,14,4,60,1,1,1,0.7634273171424866,0.7634273171424866,0.236572727560997,0.7634273171424866,14,2,12,post_calibration
209,4,14,10,60,0,1,0,0.7622430324554443,0.7622430324554443,0.23775701224803925,0.7622430324554443,14,2,12,post_calibration
209,5,14,13,60,1,1,1,0.7227655649185181,0.7227655649185181,0.27723443508148193,0.7227655649185181,14,2,12,post_calibration
210,0,14,1,60,0,1,0,0.7287226915359497,0.7287226915359497,0.2712773382663727,0.7287226915359497,14,3,12,zero_shot_paired
210,1,14,3,60,1,1,1,0.6407763361930847,0.6407763361930847,0.3592236340045929,0.6407763361930847,14,3,12,zero_shot_paired
210,2,14,7,60,1,0,0,0.5349352359771729,0.5349352359771729,0.5349352359771729,0.46506479382514954,14,3,12,zero_shot_paired
210,3,14,10,60,0,1,0,0.7760877013206482,0.7760877013206482,0.22391223907470703,0.7760877013206482,14,3,12,zero_shot_paired
210,4,14,11,60,1,0,0,0.8221176862716675,0.8221176862716675,0.8221176862716675,0.17788225412368774,14,3,12,zero_shot_paired
210,5,14,15,60,1,1,1,0.5331183671951294,0.5331183671951294,0.466881662607193,0.5331183671951294,14,3,12,zero_shot_paired
210,0,14,1,60,0,1,0,0.7456820607185364,0.7456820607185364,0.2543179392814636,0.7456820607185364,14,3,12,post_calibration
210,1,14,3,60,1,1,1,0.6795592904090881,0.6795592904090881,0.32044070959091187,0.6795592904090881,14,3,12,post_calibration
210,2,14,7,60,1,0,0,0.5160143375396729,0.5160143375396729,0.5160143375396729,0.48398566246032715,14,3,12,post_calibration
210,3,14,10,60,0,1,0,0.7675102353096008,0.7675102353096008,0.23248979449272156,0.7675102353096008,14,3,12,post_calibration
210,4,14,11,60,1,0,0,0.8145811557769775,0.8145811557769775,0.8145811557769775,0.18541884422302246,14,3,12,post_calibration
210,5,14,15,60,1,1,1,0.5267117023468018,0.5267117023468018,0.47328823804855347,0.5267117023468018,14,3,12,post_calibration
16,0,15,0,60,0,1,0,0.6744057536125183,0.6744057536125183,0.3255942463874817,0.6744057536125183,15,,,zero_shot_all_trials
16,1,15,1,60,0,1,0,0.7862717509269714,0.7862717509269714,0.21372824907302856,0.7862717509269714,15,,,zero_shot_all_trials
16,2,15,2,60,1,1,1,0.6503840088844299,0.6503840088844299,0.34961599111557007,0.6503840088844299,15,,,zero_shot_all_trials
16,3,15,3,60,1,0,0,0.589716374874115,0.589716374874115,0.589716374874115,0.4102836549282074,15,,,zero_shot_all_trials
16,4,15,4,60,1,1,1,0.5741466879844666,0.5741466879844666,0.42585328221321106,0.5741466879844666,15,,,zero_shot_all_trials
16,5,15,5,60,1,1,1,0.5181233286857605,0.5181233286857605,0.4818767011165619,0.5181233286857605,15,,,zero_shot_all_trials
16,6,15,6,60,1,1,1,0.8582096695899963,0.8582096695899963,0.14179031550884247,0.8582096695899963,15,,,zero_shot_all_trials
16,7,15,7,60,1,0,0,0.6207958459854126,0.6207958459854126,0.6207958459854126,0.379204124212265,15,,,zero_shot_all_trials
16,8,15,8,60,0,0,1,0.8605944514274597,0.8605944514274597,0.8605944514274597,0.1394055187702179,15,,,zero_shot_all_trials
16,9,15,9,60,0,0,1,0.590779185295105,0.590779185295105,0.590779185295105,0.40922078490257263,15,,,zero_shot_all_trials
16,10,15,10,60,1,0,0,0.6297870874404907,0.6297870874404907,0.6297870874404907,0.37021294236183167,15,,,zero_shot_all_trials
16,11,15,11,60,0,1,0,0.759186327457428,0.759186327457428,0.24081362783908844,0.759186327457428,15,,,zero_shot_all_trials
16,12,15,12,60,1,1,1,0.6243776082992554,0.6243776082992554,0.37562236189842224,0.6243776082992554,15,,,zero_shot_all_trials
16,13,15,13,60,0,0,1,0.5538917779922485,0.5538917779922485,0.5538917779922485,0.44610822200775146,15,,,zero_shot_all_trials
16,14,15,14,60,0,0,1,0.6123114824295044,0.6123114824295044,0.6123114824295044,0.3876885175704956,15,,,zero_shot_all_trials
16,15,15,15,60,1,0,0,0.6334580779075623,0.6334580779075623,0.6334580779075623,0.36654186248779297,15,,,zero_shot_all_trials
16,16,15,16,60,1,0,0,0.5195574760437012,0.5195574760437012,0.5195574760437012,0.48044246435165405,15,,,zero_shot_all_trials
16,17,15,17,60,1,0,0,0.6753231287002563,0.6753231287002563,0.6753231287002563,0.32467687129974365,15,,,zero_shot_all_trials
211,0,15,0,60,0,1,0,0.6744107604026794,0.6744107604026794,0.32558923959732056,0.6744107604026794,15,1,3,zero_shot_paired
211,1,15,1,60,0,1,0,0.7862653136253357,0.7862653136253357,0.2137346714735031,0.7862653136253357,15,1,3,zero_shot_paired
211,2,15,2,60,1,1,1,0.6503822207450867,0.6503822207450867,0.34961771965026855,0.6503822207450867,15,1,3,zero_shot_paired
211,3,15,3,60,1,0,0,0.5897052884101868,0.5897052884101868,0.5897052884101868,0.41029471158981323,15,1,3,zero_shot_paired
211,4,15,4,60,1,1,1,0.574122428894043,0.574122428894043,0.42587757110595703,0.574122428894043,15,1,3,zero_shot_paired
211,5,15,6,60,1,1,1,0.8582041263580322,0.8582041263580322,0.14179591834545135,0.8582041263580322,15,1,3,zero_shot_paired
211,6,15,7,60,1,0,0,0.6207958459854126,0.6207958459854126,0.6207958459854126,0.379204124212265,15,1,3,zero_shot_paired
211,7,15,8,60,0,0,1,0.8605962991714478,0.8605962991714478,0.8605962991714478,0.13940370082855225,15,1,3,zero_shot_paired
211,8,15,9,60,0,0,1,0.590781033039093,0.590781033039093,0.590781033039093,0.409218966960907,15,1,3,zero_shot_paired
211,9,15,10,60,1,0,0,0.6297906041145325,0.6297906041145325,0.6297906041145325,0.37020939588546753,15,1,3,zero_shot_paired
211,10,15,11,60,0,1,0,0.7591849565505981,0.7591849565505981,0.24081505835056305,0.7591849565505981,15,1,3,zero_shot_paired
211,11,15,14,60,0,0,1,0.6123132705688477,0.6123132705688477,0.6123132705688477,0.38768672943115234,15,1,3,zero_shot_paired
211,12,15,15,60,1,0,0,0.6334491968154907,0.6334491968154907,0.6334491968154907,0.3665507733821869,15,1,3,zero_shot_paired
211,13,15,16,60,1,0,0,0.5195574760437012,0.5195574760437012,0.5195574760437012,0.48044246435165405,15,1,3,zero_shot_paired
211,14,15,17,60,1,0,0,0.6753214597702026,0.6753214597702026,0.6753214597702026,0.32467857003211975,15,1,3,zero_shot_paired
211,0,15,0,60,0,1,0,0.6916015148162842,0.6916015148162842,0.3083984851837158,0.6916015148162842,15,1,3,post_calibration
211,1,15,1,60,0,1,0,0.7960349321365356,0.7960349321365356,0.20396505296230316,0.7960349321365356,15,1,3,post_calibration
211,2,15,2,60,1,1,1,0.674290120601654,0.674290120601654,0.32570984959602356,0.674290120601654,15,1,3,post_calibration
211,3,15,3,60,1,0,0,0.5783644914627075,0.5783644914627075,0.5783644914627075,0.42163553833961487,15,1,3,post_calibration
211,4,15,4,60,1,1,1,0.6109740734100342,0.6109740734100342,0.3890259563922882,0.6109740734100342,15,1,3,post_calibration
211,5,15,6,60,1,1,1,0.8630105257034302,0.8630105257034302,0.13698947429656982,0.8630105257034302,15,1,3,post_calibration
211,6,15,7,60,1,0,0,0.6028144359588623,0.6028144359588623,0.6028144359588623,0.3971855938434601,15,1,3,post_calibration
211,7,15,8,60,0,0,1,0.8673977255821228,0.8673977255821228,0.8673977255821228,0.1326022893190384,15,1,3,post_calibration
211,8,15,9,60,0,0,1,0.5906131863594055,0.5906131863594055,0.5906131863594055,0.40938684344291687,15,1,3,post_calibration
211,9,15,10,60,1,0,0,0.6329300403594971,0.6329300403594971,0.6329300403594971,0.36706995964050293,15,1,3,post_calibration
211,10,15,11,60,0,1,0,0.7609699964523315,0.7609699964523315,0.23903000354766846,0.7609699964523315,15,1,3,post_calibration
211,11,15,14,60,0,0,1,0.6303259134292603,0.6303259134292603,0.6303259134292603,0.36967411637306213,15,1,3,post_calibration
211,12,15,15,60,1,0,0,0.6168348789215088,0.6168348789215088,0.6168348789215088,0.3831651508808136,15,1,3,post_calibration
211,13,15,16,60,1,1,1,0.5034045577049255,0.5034045577049255,0.4965954124927521,0.5034045577049255,15,1,3,post_calibration
211,14,15,17,60,1,0,0,0.6761406064033508,0.6761406064033508,0.6761406064033508,0.32385939359664917,15,1,3,post_calibration
212,0,15,0,60,0,1,0,0.6743956804275513,0.6743956804275513,0.32560428977012634,0.6743956804275513,15,2,3,zero_shot_paired
212,1,15,1,60,0,1,0,0.7862653136253357,0.7862653136253357,0.2137346714735031,0.7862653136253357,15,2,3,zero_shot_paired
212,2,15,2,60,1,1,1,0.6503788232803345,0.6503788232803345,0.3496212363243103,0.6503788232803345,15,2,3,zero_shot_paired
212,3,15,3,60,1,0,0,0.5897181630134583,0.5897181630134583,0.5897181630134583,0.410281777381897,15,2,3,zero_shot_paired
212,4,15,5,60,1,1,1,0.5181213617324829,0.5181213617324829,0.4818785786628723,0.5181213617324829,15,2,3,zero_shot_paired
212,5,15,6,60,1,1,1,0.8582050204277039,0.8582050204277039,0.14179497957229614,0.8582050204277039,15,2,3,zero_shot_paired
212,6,15,9,60,0,0,1,0.590779185295105,0.590779185295105,0.590779185295105,0.40922078490257263,15,2,3,zero_shot_paired
212,7,15,10,60,1,0,0,0.6298012733459473,0.6298012733459473,0.6298012733459473,0.37019872665405273,15,2,3,zero_shot_paired
212,8,15,11,60,0,1,0,0.7591807842254639,0.7591807842254639,0.24081921577453613,0.7591807842254639,15,2,3,zero_shot_paired
212,9,15,12,60,1,1,1,0.624354362487793,0.624354362487793,0.37564560770988464,0.624354362487793,15,2,3,zero_shot_paired
212,10,15,13,60,0,0,1,0.5539087653160095,0.5539087653160095,0.5539087653160095,0.4460912346839905,15,2,3,zero_shot_paired
212,11,15,14,60,0,0,1,0.6123096346855164,0.6123096346855164,0.6123096346855164,0.38769030570983887,15,2,3,zero_shot_paired
212,12,15,15,60,1,0,0,0.6334616541862488,0.6334616541862488,0.6334616541862488,0.3665383756160736,15,2,3,zero_shot_paired
212,13,15,16,60,1,0,0,0.5195518136024475,0.5195518136024475,0.5195518136024475,0.4804481863975525,15,2,3,zero_shot_paired
212,14,15,17,60,1,0,0,0.6753197908401489,0.6753197908401489,0.6753197908401489,0.32468023896217346,15,2,3,zero_shot_paired
212,0,15,0,60,0,1,0,0.6834986805915833,0.6834986805915833,0.31650128960609436,0.6834986805915833,15,2,3,post_calibration
212,1,15,1,60,0,1,0,0.8183674216270447,0.8183674216270447,0.1816326230764389,0.8183674216270447,15,2,3,post_calibration
212,2,15,2,60,1,1,1,0.6812282800674438,0.6812282800674438,0.31877171993255615,0.6812282800674438,15,2,3,post_calibration
212,3,15,3,60,1,0,0,0.5807774662971497,0.5807774662971497,0.5807774662971497,0.41922250390052795,15,2,3,post_calibration
212,4,15,5,60,1,1,1,0.5736411213874817,0.5736411213874817,0.4263589084148407,0.5736411213874817,15,2,3,post_calibration
212,5,15,6,60,1,1,1,0.8720735311508179,0.8720735311508179,0.12792643904685974,0.8720735311508179,15,2,3,post_calibration
212,6,15,9,60,0,0,1,0.5668261051177979,0.5668261051177979,0.5668261051177979,0.43317389488220215,15,2,3,post_calibration
212,7,15,10,60,1,0,0,0.6133667826652527,0.6133667826652527,0.6133667826652527,0.38663315773010254,15,2,3,post_calibration
212,8,15,11,60,0,1,0,0.758968710899353,0.758968710899353,0.24103130400180817,0.758968710899353,15,2,3,post_calibration
212,9,15,12,60,1,1,1,0.655752956867218,0.655752956867218,0.34424707293510437,0.655752956867218,15,2,3,post_calibration
212,10,15,13,60,0,0,1,0.5442185997962952,0.5442185997962952,0.5442185997962952,0.4557814300060272,15,2,3,post_calibration
212,11,15,14,60,0,0,1,0.6307559609413147,0.6307559609413147,0.6307559609413147,0.3692439794540405,15,2,3,post_calibration
212,12,15,15,60,1,0,0,0.5993751883506775,0.5993751883506775,0.5993751883506775,0.4006247818470001,15,2,3,post_calibration
212,13,15,16,60,1,1,1,0.5197536945343018,0.5197536945343018,0.48024633526802063,0.5197536945343018,15,2,3,post_calibration
212,14,15,17,60,1,0,0,0.6796971559524536,0.6796971559524536,0.6796971559524536,0.3203028440475464,15,2,3,post_calibration
213,0,15,1,60,0,1,0,0.7862653136253357,0.7862653136253357,0.2137346714735031,0.7862653136253357,15,3,3,zero_shot_paired
213,1,15,2,60,1,1,1,0.6503788232803345,0.6503788232803345,0.3496212363243103,0.6503788232803345,15,3,3,zero_shot_paired
213,2,15,4,60,1,1,1,0.5741485953330994,0.5741485953330994,0.425851434469223,0.5741485953330994,15,3,3,zero_shot_paired
213,3,15,5,60,1,1,1,0.5181213617324829,0.5181213617324829,0.4818785786628723,0.5181213617324829,15,3,3,zero_shot_paired
213,4,15,7,60,1,0,0,0.6207922697067261,0.6207922697067261,0.6207922697067261,0.3792077600955963,15,3,3,zero_shot_paired
213,5,15,8,60,0,0,1,0.8605954051017761,0.8605954051017761,0.8605954051017761,0.13940462470054626,15,3,3,zero_shot_paired
213,6,15,9,60,0,0,1,0.590779185295105,0.590779185295105,0.590779185295105,0.40922078490257263,15,3,3,zero_shot_paired
213,7,15,10,60,1,0,0,0.6298012733459473,0.6298012733459473,0.6298012733459473,0.37019872665405273,15,3,3,zero_shot_paired
213,8,15,11,60,0,1,0,0.7591807842254639,0.7591807842254639,0.24081921577453613,0.7591807842254639,15,3,3,zero_shot_paired
213,9,15,12,60,1,1,1,0.624354362487793,0.624354362487793,0.37564560770988464,0.624354362487793,15,3,3,zero_shot_paired
213,10,15,13,60,0,0,1,0.5539087653160095,0.5539087653160095,0.5539087653160095,0.4460912346839905,15,3,3,zero_shot_paired
213,11,15,14,60,0,0,1,0.6123096346855164,0.6123096346855164,0.6123096346855164,0.38769030570983887,15,3,3,zero_shot_paired
213,12,15,15,60,1,0,0,0.6334616541862488,0.6334616541862488,0.6334616541862488,0.3665383756160736,15,3,3,zero_shot_paired
213,13,15,16,60,1,0,0,0.5195518136024475,0.5195518136024475,0.5195518136024475,0.4804481863975525,15,3,3,zero_shot_paired
213,14,15,17,60,1,0,0,0.6753197908401489,0.6753197908401489,0.6753197908401489,0.32468023896217346,15,3,3,zero_shot_paired
213,0,15,1,60,0,1,0,0.7862460613250732,0.7862460613250732,0.21375389397144318,0.7862460613250732,15,3,3,post_calibration
213,1,15,2,60,1,1,1,0.6403406858444214,0.6403406858444214,0.35965925455093384,0.6403406858444214,15,3,3,post_calibration
213,2,15,4,60,1,1,1,0.5844861268997192,0.5844861268997192,0.4155138432979584,0.5844861268997192,15,3,3,post_calibration
213,3,15,5,60,1,1,1,0.5190242528915405,0.5190242528915405,0.4809757471084595,0.5190242528915405,15,3,3,post_calibration
213,4,15,7,60,1,0,0,0.6181071400642395,0.6181071400642395,0.6181071400642395,0.3818928897380829,15,3,3,post_calibration
213,5,15,8,60,0,0,1,0.8576582670211792,0.8576582670211792,0.8576582670211792,0.14234177768230438,15,3,3,post_calibration
213,6,15,9,60,0,0,1,0.6040905714035034,0.6040905714035034,0.6040905714035034,0.3959093987941742,15,3,3,post_calibration
213,7,15,10,60,1,0,0,0.639482855796814,0.639482855796814,0.639482855796814,0.3605172038078308,15,3,3,post_calibration
213,8,15,11,60,0,1,0,0.749906599521637,0.749906599521637,0.2500934600830078,0.749906599521637,15,3,3,post_calibration
213,9,15,12,60,1,1,1,0.6214260458946228,0.6214260458946228,0.3785739541053772,0.6214260458946228,15,3,3,post_calibration
213,10,15,13,60,0,0,1,0.5491154789924622,0.5491154789924622,0.5491154789924622,0.45088446140289307,15,3,3,post_calibration
213,11,15,14,60,0,0,1,0.608810305595398,0.608810305595398,0.608810305595398,0.39118969440460205,15,3,3,post_calibration
213,12,15,15,60,1,0,0,0.636894941329956,0.636894941329956,0.636894941329956,0.36310502886772156,15,3,3,post_calibration
213,13,15,16,60,1,0,0,0.5375421047210693,0.5375421047210693,0.5375421047210693,0.46245789527893066,15,3,3,post_calibration
213,14,15,17,60,1,0,0,0.680903434753418,0.680903434753418,0.680903434753418,0.31909650564193726,15,3,3,post_calibration
214,0,15,0,60,0,1,0,0.6743956804275513,0.6743956804275513,0.32560428977012634,0.6743956804275513,15,4,3,zero_shot_paired
214,1,15,1,60,0,1,0,0.7862653136253357,0.7862653136253357,0.2137346714735031,0.7862653136253357,15,4,3,zero_shot_paired
214,2,15,3,60,1,0,0,0.5897181630134583,0.5897181630134583,0.5897181630134583,0.410281777381897,15,4,3,zero_shot_paired
214,3,15,4,60,1,1,1,0.5741485953330994,0.5741485953330994,0.425851434469223,0.5741485953330994,15,4,3,zero_shot_paired
214,4,15,5,60,1,1,1,0.5181213617324829,0.5181213617324829,0.4818785786628723,0.5181213617324829,15,4,3,zero_shot_paired
214,5,15,6,60,1,1,1,0.8582050204277039,0.8582050204277039,0.14179497957229614,0.8582050204277039,15,4,3,zero_shot_paired
214,6,15,7,60,1,0,0,0.6207922697067261,0.6207922697067261,0.6207922697067261,0.3792077600955963,15,4,3,zero_shot_paired
214,7,15,8,60,0,0,1,0.8605954051017761,0.8605954051017761,0.8605954051017761,0.13940462470054626,15,4,3,zero_shot_paired
214,8,15,9,60,0,0,1,0.590779185295105,0.590779185295105,0.590779185295105,0.40922078490257263,15,4,3,zero_shot_paired
214,9,15,10,60,1,0,0,0.6298012733459473,0.6298012733459473,0.6298012733459473,0.37019872665405273,15,4,3,zero_shot_paired
214,10,15,12,60,1,1,1,0.624354362487793,0.624354362487793,0.37564560770988464,0.624354362487793,15,4,3,zero_shot_paired
214,11,15,13,60,0,0,1,0.5539087653160095,0.5539087653160095,0.5539087653160095,0.4460912346839905,15,4,3,zero_shot_paired
214,12,15,14,60,0,0,1,0.6123096346855164,0.6123096346855164,0.6123096346855164,0.38769030570983887,15,4,3,zero_shot_paired
214,13,15,15,60,1,0,0,0.6334616541862488,0.6334616541862488,0.6334616541862488,0.3665383756160736,15,4,3,zero_shot_paired
214,14,15,16,60,1,0,0,0.5195518136024475,0.5195518136024475,0.5195518136024475,0.4804481863975525,15,4,3,zero_shot_paired
214,0,15,0,60,0,1,0,0.6988242268562317,0.6988242268562317,0.3011757433414459,0.6988242268562317,15,4,3,post_calibration
214,1,15,1,60,0,1,0,0.8034101128578186,0.8034101128578186,0.19658991694450378,0.8034101128578186,15,4,3,post_calibration
214,2,15,3,60,1,0,0,0.5370622277259827,0.5370622277259827,0.5370622277259827,0.46293774247169495,15,4,3,post_calibration
214,3,15,4,60,1,1,1,0.5700920224189758,0.5700920224189758,0.42990797758102417,0.5700920224189758,15,4,3,post_calibration
214,4,15,5,60,1,1,1,0.5615285634994507,0.5615285634994507,0.4384714663028717,0.5615285634994507,15,4,3,post_calibration
214,5,15,6,60,1,1,1,0.8678052425384521,0.8678052425384521,0.13219477236270905,0.8678052425384521,15,4,3,post_calibration
214,6,15,7,60,1,0,0,0.5930367708206177,0.5930367708206177,0.5930367708206177,0.4069632589817047,15,4,3,post_calibration
214,7,15,8,60,0,0,1,0.8543272018432617,0.8543272018432617,0.8543272018432617,0.1456727832555771,15,4,3,post_calibration
214,8,15,9,60,0,0,1,0.5975015163421631,0.5975015163421631,0.5975015163421631,0.4024985432624817,15,4,3,post_calibration
214,9,15,10,60,1,0,0,0.6400454640388489,0.6400454640388489,0.6400454640388489,0.3599545359611511,15,4,3,post_calibration
214,10,15,12,60,1,1,1,0.6287120580673218,0.6287120580673218,0.371288001537323,0.6287120580673218,15,4,3,post_calibration
214,11,15,13,60,0,0,1,0.5394912362098694,0.5394912362098694,0.5394912362098694,0.4605087637901306,15,4,3,post_calibration
214,12,15,14,60,0,0,1,0.6085268259048462,0.6085268259048462,0.6085268259048462,0.3914731740951538,15,4,3,post_calibration
214,13,15,15,60,1,0,0,0.6070681810379028,0.6070681810379028,0.6070681810379028,0.3929317593574524,15,4,3,post_calibration
214,14,15,16,60,1,1,1,0.5195670127868652,0.5195670127868652,0.4804329574108124,0.5195670127868652,15,4,3,post_calibration
215,0,15,0,60,0,1,0,0.6743956804275513,0.6743956804275513,0.32560428977012634,0.6743956804275513,15,5,3,zero_shot_paired
215,1,15,1,60,0,1,0,0.7862653136253357,0.7862653136253357,0.2137346714735031,0.7862653136253357,15,5,3,zero_shot_paired
215,2,15,2,60,1,1,1,0.6503788232803345,0.6503788232803345,0.3496212363243103,0.6503788232803345,15,5,3,zero_shot_paired
215,3,15,3,60,1,0,0,0.5897181630134583,0.5897181630134583,0.5897181630134583,0.410281777381897,15,5,3,zero_shot_paired
215,4,15,4,60,1,1,1,0.5741485953330994,0.5741485953330994,0.425851434469223,0.5741485953330994,15,5,3,zero_shot_paired
215,5,15,5,60,1,1,1,0.5181213617324829,0.5181213617324829,0.4818785786628723,0.5181213617324829,15,5,3,zero_shot_paired
215,6,15,6,60,1,1,1,0.8582050204277039,0.8582050204277039,0.14179497957229614,0.8582050204277039,15,5,3,zero_shot_paired
215,7,15,7,60,1,0,0,0.6207922697067261,0.6207922697067261,0.6207922697067261,0.3792077600955963,15,5,3,zero_shot_paired
215,8,15,8,60,0,0,1,0.8605954051017761,0.8605954051017761,0.8605954051017761,0.13940462470054626,15,5,3,zero_shot_paired
215,9,15,9,60,0,0,1,0.590779185295105,0.590779185295105,0.590779185295105,0.40922078490257263,15,5,3,zero_shot_paired
215,10,15,11,60,0,1,0,0.7591807842254639,0.7591807842254639,0.24081921577453613,0.7591807842254639,15,5,3,zero_shot_paired
215,11,15,12,60,1,1,1,0.624354362487793,0.624354362487793,0.37564560770988464,0.624354362487793,15,5,3,zero_shot_paired
215,12,15,13,60,0,0,1,0.5539087653160095,0.5539087653160095,0.5539087653160095,0.4460912346839905,15,5,3,zero_shot_paired
215,13,15,15,60,1,0,0,0.6334616541862488,0.6334616541862488,0.6334616541862488,0.3665383756160736,15,5,3,zero_shot_paired
215,14,15,17,60,1,0,0,0.6753197908401489,0.6753197908401489,0.6753197908401489,0.32468023896217346,15,5,3,zero_shot_paired
215,0,15,0,60,0,1,0,0.7058024406433105,0.7058024406433105,0.29419755935668945,0.7058024406433105,15,5,3,post_calibration
215,1,15,1,60,0,1,0,0.8057169914245605,0.8057169914245605,0.19428299367427826,0.8057169914245605,15,5,3,post_calibration
215,2,15,2,60,1,1,1,0.7079082131385803,0.7079082131385803,0.2920917868614197,0.7079082131385803,15,5,3,post_calibration
215,3,15,3,60,1,0,0,0.5903788805007935,0.5903788805007935,0.5903788805007935,0.40962111949920654,15,5,3,post_calibration
215,4,15,4,60,1,1,1,0.584862232208252,0.584862232208252,0.41513776779174805,0.584862232208252,15,5,3,post_calibration
215,5,15,5,60,1,1,1,0.5501410365104675,0.5501410365104675,0.44985899329185486,0.5501410365104675,15,5,3,post_calibration
215,6,15,6,60,1,1,1,0.8850342631340027,0.8850342631340027,0.11496568471193314,0.8850342631340027,15,5,3,post_calibration
215,7,15,7,60,1,0,0,0.5572053790092468,0.5572053790092468,0.5572053790092468,0.44279465079307556,15,5,3,post_calibration
215,8,15,8,60,0,0,1,0.8769410252571106,0.8769410252571106,0.8769410252571106,0.12305902689695358,15,5,3,post_calibration
215,9,15,9,60,0,1,0,0.518612802028656,0.518612802028656,0.4813871383666992,0.518612802028656,15,5,3,post_calibration
215,10,15,11,60,0,1,0,0.7669297456741333,0.7669297456741333,0.2330702394247055,0.7669297456741333,15,5,3,post_calibration
215,11,15,12,60,1,1,1,0.6463608145713806,0.6463608145713806,0.353639155626297,0.6463608145713806,15,5,3,post_calibration
215,12,15,13,60,0,0,1,0.5550754070281982,0.5550754070281982,0.5550754070281982,0.44492462277412415,15,5,3,post_calibration
215,13,15,15,60,1,0,0,0.5841488838195801,0.5841488838195801,0.5841488838195801,0.4158511459827423,15,5,3,post_calibration
215,14,15,17,60,1,0,0,0.6762441992759705,0.6762441992759705,0.6762441992759705,0.32375583052635193,15,5,3,post_calibration
216,0,15,0,60,0,1,0,0.6743956804275513,0.6743956804275513,0.32560428977012634,0.6743956804275513,15,6,3,zero_shot_paired
216,1,15,2,60,1,1,1,0.6503788232803345,0.6503788232803345,0.3496212363243103,0.6503788232803345,15,6,3,zero_shot_paired
216,2,15,3,60,1,0,0,0.5897181630134583,0.5897181630134583,0.5897181630134583,0.410281777381897,15,6,3,zero_shot_paired
216,3,15,4,60,1,1,1,0.5741485953330994,0.5741485953330994,0.425851434469223,0.5741485953330994,15,6,3,zero_shot_paired
216,4,15,5,60,1,1,1,0.5181213617324829,0.5181213617324829,0.4818785786628723,0.5181213617324829,15,6,3,zero_shot_paired
216,5,15,6,60,1,1,1,0.8582050204277039,0.8582050204277039,0.14179497957229614,0.8582050204277039,15,6,3,zero_shot_paired
216,6,15,7,60,1,0,0,0.6207922697067261,0.6207922697067261,0.6207922697067261,0.3792077600955963,15,6,3,zero_shot_paired
216,7,15,8,60,0,0,1,0.8605954051017761,0.8605954051017761,0.8605954051017761,0.13940462470054626,15,6,3,zero_shot_paired
216,8,15,10,60,1,0,0,0.6298012733459473,0.6298012733459473,0.6298012733459473,0.37019872665405273,15,6,3,zero_shot_paired
216,9,15,11,60,0,1,0,0.7591807842254639,0.7591807842254639,0.24081921577453613,0.7591807842254639,15,6,3,zero_shot_paired
216,10,15,12,60,1,1,1,0.624354362487793,0.624354362487793,0.37564560770988464,0.624354362487793,15,6,3,zero_shot_paired
216,11,15,13,60,0,0,1,0.5539087653160095,0.5539087653160095,0.5539087653160095,0.4460912346839905,15,6,3,zero_shot_paired
216,12,15,14,60,0,0,1,0.6123096346855164,0.6123096346855164,0.6123096346855164,0.38769030570983887,15,6,3,zero_shot_paired
216,13,15,16,60,1,0,0,0.5195518136024475,0.5195518136024475,0.5195518136024475,0.4804481863975525,15,6,3,zero_shot_paired
216,14,15,17,60,1,0,0,0.6753197908401489,0.6753197908401489,0.6753197908401489,0.32468023896217346,15,6,3,zero_shot_paired
216,0,15,0,60,0,1,0,0.6762174367904663,0.6762174367904663,0.3237825334072113,0.6762174367904663,15,6,3,post_calibration
216,1,15,2,60,1,1,1,0.6508591771125793,0.6508591771125793,0.34914082288742065,0.6508591771125793,15,6,3,post_calibration
216,2,15,3,60,1,0,0,0.591221809387207,0.591221809387207,0.591221809387207,0.40877819061279297,15,6,3,post_calibration
216,3,15,4,60,1,1,1,0.5773855447769165,0.5773855447769165,0.4226144254207611,0.5773855447769165,15,6,3,post_calibration
216,4,15,5,60,1,1,1,0.5301053524017334,0.5301053524017334,0.4698946177959442,0.5301053524017334,15,6,3,post_calibration
216,5,15,6,60,1,1,1,0.845506489276886,0.845506489276886,0.1544935554265976,0.845506489276886,15,6,3,post_calibration
216,6,15,7,60,1,0,0,0.6130556464195251,0.6130556464195251,0.6130556464195251,0.38694441318511963,15,6,3,post_calibration
216,7,15,8,60,0,0,1,0.8592776656150818,0.8592776656150818,0.8592776656150818,0.1407223492860794,15,6,3,post_calibration
216,8,15,10,60,1,0,0,0.6367256045341492,0.6367256045341492,0.6367256045341492,0.3632744252681732,15,6,3,post_calibration
216,9,15,11,60,0,1,0,0.7520154118537903,0.7520154118537903,0.2479846030473709,0.7520154118537903,15,6,3,post_calibration
216,10,15,12,60,1,1,1,0.6272860765457153,0.6272860765457153,0.3727138638496399,0.6272860765457153,15,6,3,post_calibration
216,11,15,13,60,0,0,1,0.5690034031867981,0.5690034031867981,0.5690034031867981,0.43099653720855713,15,6,3,post_calibration
216,12,15,14,60,0,0,1,0.6241843104362488,0.6241843104362488,0.6241843104362488,0.37581562995910645,15,6,3,post_calibration
216,13,15,16,60,1,0,0,0.5103116035461426,0.5103116035461426,0.5103116035461426,0.4896884560585022,15,6,3,post_calibration
216,14,15,17,60,1,0,0,0.6680771708488464,0.6680771708488464,0.6680771708488464,0.33192288875579834,15,6,3,post_calibration
217,0,15,1,60,0,1,0,0.7862653136253357,0.7862653136253357,0.2137346714735031,0.7862653136253357,15,1,6,zero_shot_paired
217,1,15,2,60,1,1,1,0.6503788232803345,0.6503788232803345,0.3496212363243103,0.6503788232803345,15,1,6,zero_shot_paired
217,2,15,4,60,1,1,1,0.5741485953330994,0.5741485953330994,0.425851434469223,0.5741485953330994,15,1,6,zero_shot_paired
217,3,15,6,60,1,1,1,0.8582050204277039,0.8582050204277039,0.14179497957229614,0.8582050204277039,15,1,6,zero_shot_paired
217,4,15,8,60,0,0,1,0.8605954051017761,0.8605954051017761,0.8605954051017761,0.13940462470054626,15,1,6,zero_shot_paired
217,5,15,10,60,1,0,0,0.6298012733459473,0.6298012733459473,0.6298012733459473,0.37019872665405273,15,1,6,zero_shot_paired
217,6,15,11,60,0,1,0,0.7591807842254639,0.7591807842254639,0.24081921577453613,0.7591807842254639,15,1,6,zero_shot_paired
217,7,15,13,60,0,0,1,0.5539087653160095,0.5539087653160095,0.5539087653160095,0.4460912346839905,15,1,6,zero_shot_paired
217,8,15,14,60,0,0,1,0.6123096346855164,0.6123096346855164,0.6123096346855164,0.38769030570983887,15,1,6,zero_shot_paired
217,9,15,15,60,1,0,0,0.6334616541862488,0.6334616541862488,0.6334616541862488,0.3665383756160736,15,1,6,zero_shot_paired
217,10,15,16,60,1,0,0,0.5195518136024475,0.5195518136024475,0.5195518136024475,0.4804481863975525,15,1,6,zero_shot_paired
217,11,15,17,60,1,0,0,0.6753197908401489,0.6753197908401489,0.6753197908401489,0.32468023896217346,15,1,6,zero_shot_paired
217,0,15,1,60,0,1,0,0.8147838711738586,0.8147838711738586,0.18521611392498016,0.8147838711738586,15,1,6,post_calibration
217,1,15,2,60,1,1,1,0.6657926440238953,0.6657926440238953,0.3342073857784271,0.6657926440238953,15,1,6,post_calibration
217,2,15,4,60,1,1,1,0.6455983519554138,0.6455983519554138,0.3544016480445862,0.6455983519554138,15,1,6,post_calibration
217,3,15,6,60,1,1,1,0.8629662990570068,0.8629662990570068,0.13703368604183197,0.8629662990570068,15,1,6,post_calibration
217,4,15,8,60,0,0,1,0.8538108468055725,0.8538108468055725,0.8538108468055725,0.1461891233921051,15,1,6,post_calibration
217,5,15,10,60,1,0,0,0.6325826048851013,0.6325826048851013,0.6325826048851013,0.36741745471954346,15,1,6,post_calibration
217,6,15,11,60,0,1,0,0.7476648688316345,0.7476648688316345,0.2523351013660431,0.7476648688316345,15,1,6,post_calibration
217,7,15,13,60,0,0,1,0.527470588684082,0.527470588684082,0.527470588684082,0.47252944111824036,15,1,6,post_calibration
217,8,15,14,60,0,0,1,0.6028820276260376,0.6028820276260376,0.6028820276260376,0.3971180021762848,15,1,6,post_calibration
217,9,15,15,60,1,0,0,0.6031249761581421,0.6031249761581421,0.6031249761581421,0.3968750834465027,15,1,6,post_calibration
217,10,15,16,60,1,0,0,0.5078119039535522,0.5078119039535522,0.5078119039535522,0.49218812584877014,15,1,6,post_calibration
217,11,15,17,60,1,0,0,0.6533101201057434,0.6533101201057434,0.6533101201057434,0.346689909696579,15,1,6,post_calibration
218,0,15,0,60,0,1,0,0.6743956804275513,0.6743956804275513,0.32560428977012634,0.6743956804275513,15,2,6,zero_shot_paired
218,1,15,3,60,1,0,0,0.5897181630134583,0.5897181630134583,0.5897181630134583,0.410281777381897,15,2,6,zero_shot_paired
218,2,15,5,60,1,1,1,0.5181213617324829,0.5181213617324829,0.4818785786628723,0.5181213617324829,15,2,6,zero_shot_paired
218,3,15,6,60,1,1,1,0.8582050204277039,0.8582050204277039,0.14179497957229614,0.8582050204277039,15,2,6,zero_shot_paired
218,4,15,7,60,1,0,0,0.6207922697067261,0.6207922697067261,0.6207922697067261,0.3792077600955963,15,2,6,zero_shot_paired
218,5,15,9,60,0,0,1,0.590779185295105,0.590779185295105,0.590779185295105,0.40922078490257263,15,2,6,zero_shot_paired
218,6,15,12,60,1,1,1,0.624354362487793,0.624354362487793,0.37564560770988464,0.624354362487793,15,2,6,zero_shot_paired
218,7,15,13,60,0,0,1,0.5539087653160095,0.5539087653160095,0.5539087653160095,0.4460912346839905,15,2,6,zero_shot_paired
218,8,15,14,60,0,0,1,0.6123096346855164,0.6123096346855164,0.6123096346855164,0.38769030570983887,15,2,6,zero_shot_paired
218,9,15,15,60,1,0,0,0.6334616541862488,0.6334616541862488,0.6334616541862488,0.3665383756160736,15,2,6,zero_shot_paired
218,10,15,16,60,1,0,0,0.5195518136024475,0.5195518136024475,0.5195518136024475,0.4804481863975525,15,2,6,zero_shot_paired
218,11,15,17,60,1,0,0,0.6753197908401489,0.6753197908401489,0.6753197908401489,0.32468023896217346,15,2,6,zero_shot_paired
218,0,15,0,60,0,1,0,0.6411433219909668,0.6411433219909668,0.3588567078113556,0.6411433219909668,15,2,6,post_calibration
218,1,15,3,60,1,0,0,0.6186346411705017,0.6186346411705017,0.6186346411705017,0.3813653290271759,15,2,6,post_calibration
218,2,15,5,60,1,1,1,0.5181670784950256,0.5181670784950256,0.481832891702652,0.5181670784950256,15,2,6,post_calibration
218,3,15,6,60,1,1,1,0.8289680480957031,0.8289680480957031,0.17103198170661926,0.8289680480957031,15,2,6,post_calibration
218,4,15,7,60,1,0,0,0.6315925121307373,0.6315925121307373,0.6315925121307373,0.3684074878692627,15,2,6,post_calibration
218,5,15,9,60,0,0,1,0.5914227366447449,0.5914227366447449,0.5914227366447449,0.40857720375061035,15,2,6,post_calibration
218,6,15,12,60,1,1,1,0.6317984461784363,0.6317984461784363,0.3682015836238861,0.6317984461784363,15,2,6,post_calibration
218,7,15,13,60,0,0,1,0.5624037384986877,0.5624037384986877,0.5624037384986877,0.43759629130363464,15,2,6,post_calibration
218,8,15,14,60,0,0,1,0.6292212009429932,0.6292212009429932,0.6292212009429932,0.37077876925468445,15,2,6,post_calibration
218,9,15,15,60,1,0,0,0.6458532214164734,0.6458532214164734,0.6458532214164734,0.354146808385849,15,2,6,post_calibration
218,10,15,16,60,1,0,0,0.5056092739105225,0.5056092739105225,0.5056092739105225,0.49439069628715515,15,2,6,post_calibration
218,11,15,17,60,1,0,0,0.7087294459342957,0.7087294459342957,0.7087294459342957,0.29127058386802673,15,2,6,post_calibration
219,0,15,0,60,0,1,0,0.6743956804275513,0.6743956804275513,0.32560428977012634,0.6743956804275513,15,3,6,zero_shot_paired
219,1,15,1,60,0,1,0,0.7862653136253357,0.7862653136253357,0.2137346714735031,0.7862653136253357,15,3,6,zero_shot_paired
219,2,15,2,60,1,1,1,0.6503788232803345,0.6503788232803345,0.3496212363243103,0.6503788232803345,15,3,6,zero_shot_paired
219,3,15,3,60,1,0,0,0.5897181630134583,0.5897181630134583,0.5897181630134583,0.410281777381897,15,3,6,zero_shot_paired
219,4,15,4,60,1,1,1,0.5741485953330994,0.5741485953330994,0.425851434469223,0.5741485953330994,15,3,6,zero_shot_paired
219,5,15,5,60,1,1,1,0.5181213617324829,0.5181213617324829,0.4818785786628723,0.5181213617324829,15,3,6,zero_shot_paired
219,6,15,7,60,1,0,0,0.6207922697067261,0.6207922697067261,0.6207922697067261,0.3792077600955963,15,3,6,zero_shot_paired
219,7,15,8,60,0,0,1,0.8605954051017761,0.8605954051017761,0.8605954051017761,0.13940462470054626,15,3,6,zero_shot_paired
219,8,15,9,60,0,0,1,0.590779185295105,0.590779185295105,0.590779185295105,0.40922078490257263,15,3,6,zero_shot_paired
219,9,15,10,60,1,0,0,0.6298012733459473,0.6298012733459473,0.6298012733459473,0.37019872665405273,15,3,6,zero_shot_paired
219,10,15,11,60,0,1,0,0.7591807842254639,0.7591807842254639,0.24081921577453613,0.7591807842254639,15,3,6,zero_shot_paired
219,11,15,12,60,1,1,1,0.624354362487793,0.624354362487793,0.37564560770988464,0.624354362487793,15,3,6,zero_shot_paired
219,0,15,0,60,0,1,0,0.7020291686058044,0.7020291686058044,0.29797080159187317,0.7020291686058044,15,3,6,post_calibration
219,1,15,1,60,0,1,0,0.8040143251419067,0.8040143251419067,0.19598570466041565,0.8040143251419067,15,3,6,post_calibration
219,2,15,2,60,1,1,1,0.6758147478103638,0.6758147478103638,0.32418525218963623,0.6758147478103638,15,3,6,post_calibration
219,3,15,3,60,1,0,0,0.5595946907997131,0.5595946907997131,0.5595946907997131,0.44040530920028687,15,3,6,post_calibration
219,4,15,4,60,1,1,1,0.5602733492851257,0.5602733492851257,0.43972665071487427,0.5602733492851257,15,3,6,post_calibration
219,5,15,5,60,1,1,1,0.5173575282096863,0.5173575282096863,0.4826425015926361,0.5173575282096863,15,3,6,post_calibration
219,6,15,7,60,1,0,0,0.5936534404754639,0.5936534404754639,0.5936534404754639,0.40634655952453613,15,3,6,post_calibration
219,7,15,8,60,0,0,1,0.8736331462860107,0.8736331462860107,0.8736331462860107,0.12636680901050568,15,3,6,post_calibration
219,8,15,9,60,0,0,1,0.5880059599876404,0.5880059599876404,0.5880059599876404,0.411994069814682,15,3,6,post_calibration
219,9,15,10,60,1,0,0,0.6326020359992981,0.6326020359992981,0.6326020359992981,0.3673979640007019,15,3,6,post_calibration
219,10,15,11,60,0,1,0,0.7628922462463379,0.7628922462463379,0.2371077835559845,0.7628922462463379,15,3,6,post_calibration
219,11,15,12,60,1,1,1,0.6146325469017029,0.6146325469017029,0.38536742329597473,0.6146325469017029,15,3,6,post_calibration
220,0,15,0,60,0,1,0,0.6743956804275513,0.6743956804275513,0.32560428977012634,0.6743956804275513,15,1,9,zero_shot_paired
220,1,15,1,60,0,1,0,0.7862640619277954,0.7862640619277954,0.21373596787452698,0.7862640619277954,15,1,9,zero_shot_paired
220,2,15,4,60,1,1,1,0.5741504430770874,0.5741504430770874,0.425849586725235,0.5741504430770874,15,1,9,zero_shot_paired
220,3,15,5,60,1,1,1,0.5181195139884949,0.5181195139884949,0.4818805158138275,0.5181195139884949,15,1,9,zero_shot_paired
220,4,15,7,60,1,0,0,0.6207940578460693,0.6207940578460693,0.6207940578460693,0.37920597195625305,15,1,9,zero_shot_paired
220,5,15,8,60,0,0,1,0.8605962991714478,0.8605962991714478,0.8605962991714478,0.13940370082855225,15,1,9,zero_shot_paired
220,6,15,10,60,1,0,0,0.6298030614852905,0.6298030614852905,0.6298030614852905,0.37019696831703186,15,1,9,zero_shot_paired
220,7,15,14,60,0,0,1,0.6123096346855164,0.6123096346855164,0.6123096346855164,0.38769030570983887,15,1,9,zero_shot_paired
220,8,15,16,60,1,0,0,0.5195518136024475,0.5195518136024475,0.5195518136024475,0.4804481863975525,15,1,9,zero_shot_paired
220,0,15,0,60,0,1,0,0.7102327942848206,0.7102327942848206,0.28976720571517944,0.7102327942848206,15,1,9,post_calibration
220,1,15,1,60,0,1,0,0.8124654293060303,0.8124654293060303,0.18753457069396973,0.8124654293060303,15,1,9,post_calibration
220,2,15,4,60,1,1,1,0.5756905674934387,0.5756905674934387,0.42430949211120605,0.5756905674934387,15,1,9,post_calibration
220,3,15,5,60,1,1,1,0.5600271224975586,0.5600271224975586,0.4399729371070862,0.5600271224975586,15,1,9,post_calibration
220,4,15,7,60,1,0,0,0.5814831852912903,0.5814831852912903,0.5814831852912903,0.41851675510406494,15,1,9,post_calibration
220,5,15,8,60,0,0,1,0.8631565570831299,0.8631565570831299,0.8631565570831299,0.13684342801570892,15,1,9,post_calibration
220,6,15,10,60,1,0,0,0.6545204520225525,0.6545204520225525,0.6545204520225525,0.3454795777797699,15,1,9,post_calibration
220,7,15,14,60,0,0,1,0.6348370313644409,0.6348370313644409,0.6348370313644409,0.36516302824020386,15,1,9,post_calibration
220,8,15,16,60,1,1,1,0.5156313180923462,0.5156313180923462,0.4843686521053314,0.5156313180923462,15,1,9,post_calibration
221,0,15,2,60,1,1,1,0.6503788232803345,0.6503788232803345,0.3496212363243103,0.6503788232803345,15,2,9,zero_shot_paired
221,1,15,3,60,1,0,0,0.589716374874115,0.589716374874115,0.589716374874115,0.4102836549282074,15,2,9,zero_shot_paired
221,2,15,6,60,1,1,1,0.8582087755203247,0.8582087755203247,0.14179126918315887,0.8582087755203247,15,2,9,zero_shot_paired
221,3,15,9,60,0,0,1,0.590779185295105,0.590779185295105,0.590779185295105,0.40922078490257263,15,2,9,zero_shot_paired
221,4,15,11,60,0,1,0,0.7591849565505981,0.7591849565505981,0.24081505835056305,0.7591849565505981,15,2,9,zero_shot_paired
221,5,15,12,60,1,1,1,0.6243579983711243,0.6243579983711243,0.3756420314311981,0.6243579983711243,15,2,9,zero_shot_paired
221,6,15,13,60,0,0,1,0.5539087653160095,0.5539087653160095,0.5539087653160095,0.4460912346839905,15,2,9,zero_shot_paired
221,7,15,15,60,1,0,0,0.6334491968154907,0.6334491968154907,0.6334491968154907,0.3665507733821869,15,2,9,zero_shot_paired
221,8,15,17,60,1,0,0,0.6753214597702026,0.6753214597702026,0.6753214597702026,0.32467857003211975,15,2,9,zero_shot_paired
221,0,15,2,60,1,1,1,0.690563976764679,0.690563976764679,0.30943602323532104,0.690563976764679,15,2,9,post_calibration
221,1,15,3,60,1,0,0,0.6039993166923523,0.6039993166923523,0.6039993166923523,0.3960006535053253,15,2,9,post_calibration
221,2,15,6,60,1,1,1,0.8561690449714661,0.8561690449714661,0.1438310146331787,0.8561690449714661,15,2,9,post_calibration
221,3,15,9,60,0,0,1,0.5639652609825134,0.5639652609825134,0.5639652609825134,0.4360346794128418,15,2,9,post_calibration
221,4,15,11,60,0,1,0,0.7492964863777161,0.7492964863777161,0.25070348381996155,0.7492964863777161,15,2,9,post_calibration
221,5,15,12,60,1,1,1,0.6500439047813416,0.6500439047813416,0.34995609521865845,0.6500439047813416,15,2,9,post_calibration
221,6,15,13,60,0,0,1,0.5369085669517517,0.5369085669517517,0.5369085669517517,0.4630914032459259,15,2,9,post_calibration
221,7,15,15,60,1,0,0,0.600561797618866,0.600561797618866,0.600561797618866,0.39943820238113403,15,2,9,post_calibration
221,8,15,17,60,1,0,0,0.6922178864479065,0.6922178864479065,0.6922178864479065,0.3077821135520935,15,2,9,post_calibration
222,0,15,0,60,0,1,0,0.6744006872177124,0.6744006872177124,0.3255992829799652,0.6744006872177124,15,1,12,zero_shot_paired
222,1,15,2,60,1,1,1,0.6503562331199646,0.6503562331199646,0.349643737077713,0.6503562331199646,15,1,12,zero_shot_paired
222,2,15,4,60,1,1,1,0.5740888714790344,0.5740888714790344,0.4259111285209656,0.5740888714790344,15,1,12,zero_shot_paired
222,3,15,7,60,1,0,0,0.6210005879402161,0.6210005879402161,0.6210005879402161,0.3789994418621063,15,1,12,zero_shot_paired
222,4,15,13,60,0,0,1,0.5540313124656677,0.5540313124656677,0.5540313124656677,0.4459686875343323,15,1,12,zero_shot_paired
222,5,15,15,60,1,0,0,0.6335554718971252,0.6335554718971252,0.6335554718971252,0.36644446849823,15,1,12,zero_shot_paired
222,0,15,0,60,0,1,0,0.6920439600944519,0.6920439600944519,0.3079560399055481,0.6920439600944519,15,1,12,post_calibration
222,1,15,2,60,1,1,1,0.6832890510559082,0.6832890510559082,0.3167109191417694,0.6832890510559082,15,1,12,post_calibration
222,2,15,4,60,1,1,1,0.6056405305862427,0.6056405305862427,0.39435943961143494,0.6056405305862427,15,1,12,post_calibration
222,3,15,7,60,1,0,0,0.589841902256012,0.589841902256012,0.589841902256012,0.4101581275463104,15,1,12,post_calibration
222,4,15,13,60,0,0,1,0.5280162692070007,0.5280162692070007,0.5280162692070007,0.4719837009906769,15,1,12,post_calibration
222,5,15,15,60,1,0,0,0.6018422245979309,0.6018422245979309,0.6018422245979309,0.3981577754020691,15,1,12,post_calibration
223,0,15,0,60,0,1,0,0.6744006872177124,0.6744006872177124,0.3255992829799652,0.6744006872177124,15,2,12,zero_shot_paired
223,1,15,2,60,1,1,1,0.6503562331199646,0.6503562331199646,0.349643737077713,0.6503562331199646,15,2,12,zero_shot_paired
223,2,15,7,60,1,0,0,0.6210005879402161,0.6210005879402161,0.6210005879402161,0.3789994418621063,15,2,12,zero_shot_paired
223,3,15,12,60,1,1,1,0.6244098544120789,0.6244098544120789,0.37559017539024353,0.6244098544120789,15,2,12,zero_shot_paired
223,4,15,13,60,0,0,1,0.5540313124656677,0.5540313124656677,0.5540313124656677,0.4459686875343323,15,2,12,zero_shot_paired
223,5,15,15,60,1,0,0,0.6335554718971252,0.6335554718971252,0.6335554718971252,0.36644446849823,15,2,12,zero_shot_paired
223,0,15,0,60,0,1,0,0.7016475796699524,0.7016475796699524,0.2983523905277252,0.7016475796699524,15,2,12,post_calibration
223,1,15,2,60,1,1,1,0.7101793885231018,0.7101793885231018,0.2898206114768982,0.7101793885231018,15,2,12,post_calibration
223,2,15,7,60,1,0,0,0.5635843873023987,0.5635843873023987,0.5635843873023987,0.4364156126976013,15,2,12,post_calibration
223,3,15,12,60,1,1,1,0.6583575010299683,0.6583575010299683,0.3416425585746765,0.6583575010299683,15,2,12,post_calibration
223,4,15,13,60,0,0,1,0.5090684294700623,0.5090684294700623,0.5090684294700623,0.49093157052993774,15,2,12,post_calibration
223,5,15,15,60,1,0,0,0.5946597456932068,0.5946597456932068,0.5946597456932068,0.4053402245044708,15,2,12,post_calibration
224,0,15,5,60,1,1,1,0.5181271433830261,0.5181271433830261,0.4818728566169739,0.5181271433830261,15,3,12,zero_shot_paired
224,1,15,6,60,1,1,1,0.8582273125648499,0.8582273125648499,0.14177270233631134,0.8582273125648499,15,3,12,zero_shot_paired
224,2,15,7,60,1,0,0,0.6210005879402161,0.6210005879402161,0.6210005879402161,0.3789994418621063,15,3,12,zero_shot_paired
224,3,15,8,60,0,0,1,0.8606136441230774,0.8606136441230774,0.8606136441230774,0.13938631117343903,15,3,12,zero_shot_paired
224,4,15,13,60,0,0,1,0.5540313124656677,0.5540313124656677,0.5540313124656677,0.4459686875343323,15,3,12,zero_shot_paired
224,5,15,16,60,1,0,0,0.5194070935249329,0.5194070935249329,0.5194070935249329,0.4805929660797119,15,3,12,zero_shot_paired
224,0,15,5,60,1,1,1,0.5554314851760864,0.5554314851760864,0.44456854462623596,0.5554314851760864,15,3,12,post_calibration
224,1,15,6,60,1,1,1,0.850290060043335,0.850290060043335,0.14970998466014862,0.850290060043335,15,3,12,post_calibration
224,2,15,7,60,1,0,0,0.6102012395858765,0.6102012395858765,0.6102012395858765,0.38979876041412354,15,3,12,post_calibration
224,3,15,8,60,0,0,1,0.8509405255317688,0.8509405255317688,0.8509405255317688,0.1490594893693924,15,3,12,post_calibration
224,4,15,13,60,0,0,1,0.5409371852874756,0.5409371852874756,0.5409371852874756,0.4590628743171692,15,3,12,post_calibration
224,5,15,16,60,1,0,0,0.5054739117622375,0.5054739117622375,0.5054739117622375,0.4945261478424072,15,3,12,post_calibration
17,0,16,0,60,0,1,0,0.7790986895561218,0.7790986895561218,0.22090129554271698,0.7790986895561218,16,,,zero_shot_all_trials
17,1,16,1,60,0,1,0,0.5062653422355652,0.5062653422355652,0.4937346875667572,0.5062653422355652,16,,,zero_shot_all_trials
17,2,16,2,60,0,0,1,0.6477651596069336,0.6477651596069336,0.6477651596069336,0.3522348701953888,16,,,zero_shot_all_trials
17,3,16,3,60,1,1,1,0.6114562749862671,0.6114562749862671,0.3885436952114105,0.6114562749862671,16,,,zero_shot_all_trials
17,4,16,4,60,1,1,1,0.7740567922592163,0.7740567922592163,0.22594323754310608,0.7740567922592163,16,,,zero_shot_all_trials
17,5,16,5,60,1,0,0,0.7215700149536133,0.7215700149536133,0.7215700149536133,0.27842995524406433,16,,,zero_shot_all_trials
17,6,16,6,60,1,1,1,0.6362313032150269,0.6362313032150269,0.36376872658729553,0.6362313032150269,16,,,zero_shot_all_trials
17,7,16,7,60,1,1,1,0.7361961603164673,0.7361961603164673,0.2638038098812103,0.7361961603164673,16,,,zero_shot_all_trials
17,8,16,8,60,0,1,0,0.5502014756202698,0.5502014756202698,0.449798583984375,0.5502014756202698,16,,,zero_shot_all_trials
17,9,16,9,60,1,0,0,0.5809372067451477,0.5809372067451477,0.5809372067451477,0.4190627634525299,16,,,zero_shot_all_trials
17,10,16,10,60,0,1,0,0.6173864603042603,0.6173864603042603,0.38261348009109497,0.6173864603042603,16,,,zero_shot_all_trials
17,11,16,11,60,0,0,1,0.7833417654037476,0.7833417654037476,0.7833417654037476,0.21665826439857483,16,,,zero_shot_all_trials
17,12,16,12,60,1,1,1,0.7484744191169739,0.7484744191169739,0.2515256106853485,0.7484744191169739,16,,,zero_shot_all_trials
17,13,16,13,60,0,0,1,0.5823092460632324,0.5823092460632324,0.5823092460632324,0.41769081354141235,16,,,zero_shot_all_trials
17,14,16,14,60,1,0,0,0.5722559690475464,0.5722559690475464,0.5722559690475464,0.4277440309524536,16,,,zero_shot_all_trials
17,15,16,15,60,1,1,1,0.7950645089149475,0.7950645089149475,0.2049354612827301,0.7950645089149475,16,,,zero_shot_all_trials
17,16,16,16,60,1,1,1,0.5010986328125,0.5010986328125,0.4989013671875,0.5010986328125,16,,,zero_shot_all_trials
17,17,16,17,60,0,0,1,0.714631199836731,0.714631199836731,0.714631199836731,0.28536882996559143,16,,,zero_shot_all_trials
225,0,16,0,60,0,1,0,0.7791013121604919,0.7791013121604919,0.22089865803718567,0.7791013121604919,16,1,3,zero_shot_paired
225,1,16,1,60,0,1,0,0.5062634348869324,0.5062634348869324,0.49373659491539,0.5062634348869324,16,1,3,zero_shot_paired
225,2,16,3,60,1,1,1,0.6114526391029358,0.6114526391029358,0.3885473310947418,0.6114526391029358,16,1,3,zero_shot_paired
225,3,16,5,60,1,0,0,0.7215700149536133,0.7215700149536133,0.7215700149536133,0.27842995524406433,16,1,3,zero_shot_paired
225,4,16,6,60,1,1,1,0.6362277269363403,0.6362277269363403,0.3637722134590149,0.6362277269363403,16,1,3,zero_shot_paired
225,5,16,7,60,1,1,1,0.7361931800842285,0.7361931800842285,0.2638067603111267,0.7361931800842285,16,1,3,zero_shot_paired
225,6,16,8,60,0,1,0,0.5501958131790161,0.5501958131790161,0.4498042166233063,0.5501958131790161,16,1,3,zero_shot_paired
225,7,16,9,60,1,0,0,0.5809391140937805,0.5809391140937805,0.5809391140937805,0.4190608859062195,16,1,3,zero_shot_paired
225,8,16,10,60,0,1,0,0.6173900961875916,0.6173900961875916,0.38260990381240845,0.6173900961875916,16,1,3,zero_shot_paired
225,9,16,11,60,0,0,1,0.783333957195282,0.783333957195282,0.783333957195282,0.21666604280471802,16,1,3,zero_shot_paired
225,10,16,12,60,1,1,1,0.7484859228134155,0.7484859228134155,0.25151413679122925,0.7484859228134155,16,1,3,zero_shot_paired
225,11,16,13,60,0,0,1,0.5823147892951965,0.5823147892951965,0.5823147892951965,0.41768521070480347,16,1,3,zero_shot_paired
225,12,16,15,60,1,1,1,0.7950670123100281,0.7950670123100281,0.20493297278881073,0.7950670123100281,16,1,3,zero_shot_paired
225,13,16,16,60,1,1,1,0.5011024475097656,0.5011024475097656,0.4988975524902344,0.5011024475097656,16,1,3,zero_shot_paired
225,14,16,17,60,0,0,1,0.7146326899528503,0.7146326899528503,0.7146326899528503,0.28536728024482727,16,1,3,zero_shot_paired
225,0,16,0,60,0,1,0,0.7733808755874634,0.7733808755874634,0.22661910951137543,0.7733808755874634,16,1,3,post_calibration
225,1,16,1,60,0,0,1,0.5106642842292786,0.5106642842292786,0.5106642842292786,0.48933571577072144,16,1,3,post_calibration
225,2,16,3,60,1,1,1,0.6182979345321655,0.6182979345321655,0.3817020058631897,0.6182979345321655,16,1,3,post_calibration
225,3,16,5,60,1,0,0,0.7165534496307373,0.7165534496307373,0.7165534496307373,0.2834465503692627,16,1,3,post_calibration
225,4,16,6,60,1,1,1,0.6371666193008423,0.6371666193008423,0.3628333508968353,0.6371666193008423,16,1,3,post_calibration
225,5,16,7,60,1,1,1,0.7439463138580322,0.7439463138580322,0.25605371594429016,0.7439463138580322,16,1,3,post_calibration
225,6,16,8,60,0,1,0,0.5452327132225037,0.5452327132225037,0.45476725697517395,0.5452327132225037,16,1,3,post_calibration
225,7,16,9,60,1,0,0,0.5806103348731995,0.5806103348731995,0.5806103348731995,0.4193897247314453,16,1,3,post_calibration
225,8,16,10,60,0,1,0,0.6236168742179871,0.6236168742179871,0.37638312578201294,0.6236168742179871,16,1,3,post_calibration
225,9,16,11,60,0,0,1,0.7971327304840088,0.7971327304840088,0.7971327304840088,0.2028672695159912,16,1,3,post_calibration
225,10,16,12,60,1,1,1,0.7569279074668884,0.7569279074668884,0.24307206273078918,0.7569279074668884,16,1,3,post_calibration
225,11,16,13,60,0,0,1,0.6014143824577332,0.6014143824577332,0.6014143824577332,0.3985856771469116,16,1,3,post_calibration
225,12,16,15,60,1,1,1,0.7992416024208069,0.7992416024208069,0.20075835287570953,0.7992416024208069,16,1,3,post_calibration
225,13,16,16,60,1,0,0,0.5036429762840271,0.5036429762840271,0.5036429762840271,0.4963570237159729,16,1,3,post_calibration
225,14,16,17,60,0,0,1,0.7130914330482483,0.7130914330482483,0.7130914330482483,0.28690850734710693,16,1,3,post_calibration
226,0,16,0,60,0,1,0,0.7791171073913574,0.7791171073913574,0.22088290750980377,0.7791171073913574,16,2,3,zero_shot_paired
226,1,16,2,60,0,0,1,0.6477721333503723,0.6477721333503723,0.6477721333503723,0.3522278964519501,16,2,3,zero_shot_paired
226,2,16,4,60,1,1,1,0.7740647792816162,0.7740647792816162,0.22593523561954498,0.7740647792816162,16,2,3,zero_shot_paired
226,3,16,5,60,1,0,0,0.721574604511261,0.721574604511261,0.721574604511261,0.2784253656864166,16,2,3,zero_shot_paired
226,4,16,6,60,1,1,1,0.6362242102622986,0.6362242102622986,0.3637757897377014,0.6362242102622986,16,2,3,zero_shot_paired
226,5,16,7,60,1,1,1,0.7362065315246582,0.7362065315246582,0.2637934386730194,0.7362065315246582,16,2,3,zero_shot_paired
226,6,16,8,60,0,1,0,0.5501863360404968,0.5501863360404968,0.4498136639595032,0.5501863360404968,16,2,3,zero_shot_paired
226,7,16,10,60,0,1,0,0.6173918843269348,0.6173918843269348,0.3826081156730652,0.6173918843269348,16,2,3,zero_shot_paired
226,8,16,11,60,0,0,1,0.783333957195282,0.783333957195282,0.783333957195282,0.21666604280471802,16,2,3,zero_shot_paired
226,9,16,12,60,1,1,1,0.7484729886054993,0.7484729886054993,0.25152701139450073,0.7484729886054993,16,2,3,zero_shot_paired
226,10,16,13,60,0,0,1,0.5823129415512085,0.5823129415512085,0.5823129415512085,0.4176870882511139,16,2,3,zero_shot_paired
226,11,16,14,60,1,0,0,0.5722597241401672,0.5722597241401672,0.5722597241401672,0.42774030566215515,16,2,3,zero_shot_paired
226,12,16,15,60,1,1,1,0.7950595617294312,0.7950595617294312,0.20494043827056885,0.7950595617294312,16,2,3,zero_shot_paired
226,13,16,16,60,1,1,1,0.5011005401611328,0.5011005401611328,0.4988994598388672,0.5011005401611328,16,2,3,zero_shot_paired
226,14,16,17,60,0,0,1,0.7146279811859131,0.7146279811859131,0.7146279811859131,0.28537195920944214,16,2,3,zero_shot_paired
226,0,16,0,60,0,1,0,0.758486807346344,0.758486807346344,0.24151314795017242,0.758486807346344,16,2,3,post_calibration
226,1,16,2,60,0,0,1,0.6664798259735107,0.6664798259735107,0.6664798259735107,0.33352020382881165,16,2,3,post_calibration
226,2,16,4,60,1,1,1,0.7813748717308044,0.7813748717308044,0.2186250537633896,0.7813748717308044,16,2,3,post_calibration
226,3,16,5,60,1,0,0,0.673530638217926,0.673530638217926,0.673530638217926,0.326469361782074,16,2,3,post_calibration
226,4,16,6,60,1,1,1,0.6432645320892334,0.6432645320892334,0.356735497713089,0.6432645320892334,16,2,3,post_calibration
226,5,16,7,60,1,1,1,0.7371537089347839,0.7371537089347839,0.2628462612628937,0.7371537089347839,16,2,3,post_calibration
226,6,16,8,60,0,1,0,0.5793836712837219,0.5793836712837219,0.4206163287162781,0.5793836712837219,16,2,3,post_calibration
226,7,16,10,60,0,1,0,0.7148147225379944,0.7148147225379944,0.2851852774620056,0.7148147225379944,16,2,3,post_calibration
226,8,16,11,60,0,0,1,0.7749175429344177,0.7749175429344177,0.7749175429344177,0.2250824272632599,16,2,3,post_calibration
226,9,16,12,60,1,1,1,0.779485821723938,0.779485821723938,0.2205141931772232,0.779485821723938,16,2,3,post_calibration
226,10,16,13,60,0,0,1,0.6231404542922974,0.6231404542922974,0.6231404542922974,0.3768596053123474,16,2,3,post_calibration
226,11,16,14,60,1,0,0,0.5205895900726318,0.5205895900726318,0.5205895900726318,0.4794103801250458,16,2,3,post_calibration
226,12,16,15,60,1,1,1,0.820305347442627,0.820305347442627,0.17969469726085663,0.820305347442627,16,2,3,post_calibration
226,13,16,16,60,1,0,0,0.504226565361023,0.504226565361023,0.504226565361023,0.49577340483665466,16,2,3,post_calibration
226,14,16,17,60,0,0,1,0.7049367427825928,0.7049367427825928,0.7049367427825928,0.2950632572174072,16,2,3,post_calibration
227,0,16,0,60,0,1,0,0.7791171073913574,0.7791171073913574,0.22088290750980377,0.7791171073913574,16,3,3,zero_shot_paired
227,1,16,1,60,0,1,0,0.5062634348869324,0.5062634348869324,0.49373659491539,0.5062634348869324,16,3,3,zero_shot_paired
227,2,16,2,60,0,0,1,0.6477721333503723,0.6477721333503723,0.6477721333503723,0.3522278964519501,16,3,3,zero_shot_paired
227,3,16,3,60,1,1,1,0.6114508509635925,0.6114508509635925,0.38854914903640747,0.6114508509635925,16,3,3,zero_shot_paired
227,4,16,4,60,1,1,1,0.7740647792816162,0.7740647792816162,0.22593523561954498,0.7740647792816162,16,3,3,zero_shot_paired
227,5,16,5,60,1,0,0,0.721574604511261,0.721574604511261,0.721574604511261,0.2784253656864166,16,3,3,zero_shot_paired
227,6,16,7,60,1,1,1,0.7362065315246582,0.7362065315246582,0.2637934386730194,0.7362065315246582,16,3,3,zero_shot_paired
227,7,16,8,60,0,1,0,0.5501863360404968,0.5501863360404968,0.4498136639595032,0.5501863360404968,16,3,3,zero_shot_paired
227,8,16,9,60,1,0,0,0.5809446573257446,0.5809446573257446,0.5809446573257446,0.41905534267425537,16,3,3,zero_shot_paired
227,9,16,10,60,0,1,0,0.6173918843269348,0.6173918843269348,0.3826081156730652,0.6173918843269348,16,3,3,zero_shot_paired
227,10,16,11,60,0,0,1,0.783333957195282,0.783333957195282,0.783333957195282,0.21666604280471802,16,3,3,zero_shot_paired
227,11,16,12,60,1,1,1,0.7484729886054993,0.7484729886054993,0.25152701139450073,0.7484729886054993,16,3,3,zero_shot_paired
227,12,16,14,60,1,0,0,0.5722597241401672,0.5722597241401672,0.5722597241401672,0.42774030566215515,16,3,3,zero_shot_paired
227,13,16,16,60,1,1,1,0.5011005401611328,0.5011005401611328,0.4988994598388672,0.5011005401611328,16,3,3,zero_shot_paired
227,14,16,17,60,0,0,1,0.7146279811859131,0.7146279811859131,0.7146279811859131,0.28537195920944214,16,3,3,zero_shot_paired
227,0,16,0,60,0,1,0,0.7566652894020081,0.7566652894020081,0.24333466589450836,0.7566652894020081,16,3,3,post_calibration
227,1,16,1,60,0,0,1,0.5210808515548706,0.5210808515548706,0.5210808515548706,0.478919118642807,16,3,3,post_calibration
227,2,16,2,60,0,0,1,0.6690357327461243,0.6690357327461243,0.6690357327461243,0.3309642970561981,16,3,3,post_calibration
227,3,16,3,60,1,1,1,0.637956440448761,0.637956440448761,0.362043559551239,0.637956440448761,16,3,3,post_calibration
227,4,16,4,60,1,1,1,0.7683531641960144,0.7683531641960144,0.2316468060016632,0.7683531641960144,16,3,3,post_calibration
227,5,16,5,60,1,0,0,0.7099987864494324,0.7099987864494324,0.7099987864494324,0.29000124335289,16,3,3,post_calibration
227,6,16,7,60,1,1,1,0.7319546341896057,0.7319546341896057,0.2680453360080719,0.7319546341896057,16,3,3,post_calibration
227,7,16,8,60,0,1,0,0.5557498335838318,0.5557498335838318,0.4442501664161682,0.5557498335838318,16,3,3,post_calibration
227,8,16,9,60,1,0,0,0.56205815076828,0.56205815076828,0.56205815076828,0.4379417896270752,16,3,3,post_calibration
227,9,16,10,60,0,1,0,0.6397395730018616,0.6397395730018616,0.3602604269981384,0.6397395730018616,16,3,3,post_calibration
227,10,16,11,60,0,0,1,0.7866010665893555,0.7866010665893555,0.7866010665893555,0.21339894831180573,16,3,3,post_calibration
227,11,16,12,60,1,1,1,0.755893349647522,0.755893349647522,0.2441067099571228,0.755893349647522,16,3,3,post_calibration
227,12,16,14,60,1,0,0,0.5495442748069763,0.5495442748069763,0.5495442748069763,0.4504556953907013,16,3,3,post_calibration
227,13,16,16,60,1,0,0,0.5160924792289734,0.5160924792289734,0.5160924792289734,0.4839075207710266,16,3,3,post_calibration
227,14,16,17,60,0,0,1,0.7150231003761292,0.7150231003761292,0.7150231003761292,0.28497692942619324,16,3,3,post_calibration
228,0,16,0,60,0,1,0,0.7791171073913574,0.7791171073913574,0.22088290750980377,0.7791171073913574,16,4,3,zero_shot_paired
228,1,16,1,60,0,1,0,0.5062634348869324,0.5062634348869324,0.49373659491539,0.5062634348869324,16,4,3,zero_shot_paired
228,2,16,2,60,0,0,1,0.6477721333503723,0.6477721333503723,0.6477721333503723,0.3522278964519501,16,4,3,zero_shot_paired
228,3,16,3,60,1,1,1,0.6114508509635925,0.6114508509635925,0.38854914903640747,0.6114508509635925,16,4,3,zero_shot_paired
228,4,16,4,60,1,1,1,0.7740647792816162,0.7740647792816162,0.22593523561954498,0.7740647792816162,16,4,3,zero_shot_paired
228,5,16,5,60,1,0,0,0.721574604511261,0.721574604511261,0.721574604511261,0.2784253656864166,16,4,3,zero_shot_paired
228,6,16,6,60,1,1,1,0.6362242102622986,0.6362242102622986,0.3637757897377014,0.6362242102622986,16,4,3,zero_shot_paired
228,7,16,7,60,1,1,1,0.7362065315246582,0.7362065315246582,0.2637934386730194,0.7362065315246582,16,4,3,zero_shot_paired
228,8,16,9,60,1,0,0,0.5809446573257446,0.5809446573257446,0.5809446573257446,0.41905534267425537,16,4,3,zero_shot_paired
228,9,16,10,60,0,1,0,0.6173918843269348,0.6173918843269348,0.3826081156730652,0.6173918843269348,16,4,3,zero_shot_paired
228,10,16,11,60,0,0,1,0.783333957195282,0.783333957195282,0.783333957195282,0.21666604280471802,16,4,3,zero_shot_paired
228,11,16,13,60,0,0,1,0.5823129415512085,0.5823129415512085,0.5823129415512085,0.4176870882511139,16,4,3,zero_shot_paired
228,12,16,14,60,1,0,0,0.5722597241401672,0.5722597241401672,0.5722597241401672,0.42774030566215515,16,4,3,zero_shot_paired
228,13,16,15,60,1,1,1,0.7950595617294312,0.7950595617294312,0.20494043827056885,0.7950595617294312,16,4,3,zero_shot_paired
228,14,16,16,60,1,1,1,0.5011005401611328,0.5011005401611328,0.4988994598388672,0.5011005401611328,16,4,3,zero_shot_paired
228,0,16,0,60,0,1,0,0.7746073603630066,0.7746073603630066,0.22539262473583221,0.7746073603630066,16,4,3,post_calibration
228,1,16,1,60,0,1,0,0.5021762847900391,0.5021762847900391,0.4978237450122833,0.5021762847900391,16,4,3,post_calibration
228,2,16,2,60,0,0,1,0.6707683801651001,0.6707683801651001,0.6707683801651001,0.3292316496372223,16,4,3,post_calibration
228,3,16,3,60,1,1,1,0.6123875379562378,0.6123875379562378,0.3876124322414398,0.6123875379562378,16,4,3,post_calibration
228,4,16,4,60,1,1,1,0.7640935778617859,0.7640935778617859,0.2359064668416977,0.7640935778617859,16,4,3,post_calibration
228,5,16,5,60,1,0,0,0.7119835019111633,0.7119835019111633,0.7119835019111633,0.28801649808883667,16,4,3,post_calibration
228,6,16,6,60,1,1,1,0.6238997578620911,0.6238997578620911,0.37610024213790894,0.6238997578620911,16,4,3,post_calibration
228,7,16,7,60,1,1,1,0.7550504803657532,0.7550504803657532,0.24494951963424683,0.7550504803657532,16,4,3,post_calibration
228,8,16,9,60,1,0,0,0.5721887350082397,0.5721887350082397,0.5721887350082397,0.42781126499176025,16,4,3,post_calibration
228,9,16,10,60,0,1,0,0.6416855454444885,0.6416855454444885,0.3583144545555115,0.6416855454444885,16,4,3,post_calibration
228,10,16,11,60,0,0,1,0.7785888314247131,0.7785888314247131,0.7785888314247131,0.22141118347644806,16,4,3,post_calibration
228,11,16,13,60,0,0,1,0.5884106159210205,0.5884106159210205,0.5884106159210205,0.4115893244743347,16,4,3,post_calibration
228,12,16,14,60,1,0,0,0.5718376040458679,0.5718376040458679,0.5718376040458679,0.4281623959541321,16,4,3,post_calibration
228,13,16,15,60,1,1,1,0.8087868094444275,0.8087868094444275,0.1912131905555725,0.8087868094444275,16,4,3,post_calibration
228,14,16,16,60,1,0,0,0.5030918121337891,0.5030918121337891,0.5030918121337891,0.4969082176685333,16,4,3,post_calibration
229,0,16,0,60,0,1,0,0.7791171073913574,0.7791171073913574,0.22088290750980377,0.7791171073913574,16,5,3,zero_shot_paired
229,1,16,1,60,0,1,0,0.5062634348869324,0.5062634348869324,0.49373659491539,0.5062634348869324,16,5,3,zero_shot_paired
229,2,16,2,60,0,0,1,0.6477721333503723,0.6477721333503723,0.6477721333503723,0.3522278964519501,16,5,3,zero_shot_paired
229,3,16,3,60,1,1,1,0.6114508509635925,0.6114508509635925,0.38854914903640747,0.6114508509635925,16,5,3,zero_shot_paired
229,4,16,4,60,1,1,1,0.7740647792816162,0.7740647792816162,0.22593523561954498,0.7740647792816162,16,5,3,zero_shot_paired
229,5,16,6,60,1,1,1,0.6362242102622986,0.6362242102622986,0.3637757897377014,0.6362242102622986,16,5,3,zero_shot_paired
229,6,16,8,60,0,1,0,0.5501863360404968,0.5501863360404968,0.4498136639595032,0.5501863360404968,16,5,3,zero_shot_paired
229,7,16,9,60,1,0,0,0.5809446573257446,0.5809446573257446,0.5809446573257446,0.41905534267425537,16,5,3,zero_shot_paired
229,8,16,11,60,0,0,1,0.783333957195282,0.783333957195282,0.783333957195282,0.21666604280471802,16,5,3,zero_shot_paired
229,9,16,12,60,1,1,1,0.7484729886054993,0.7484729886054993,0.25152701139450073,0.7484729886054993,16,5,3,zero_shot_paired
229,10,16,13,60,0,0,1,0.5823129415512085,0.5823129415512085,0.5823129415512085,0.4176870882511139,16,5,3,zero_shot_paired
229,11,16,14,60,1,0,0,0.5722597241401672,0.5722597241401672,0.5722597241401672,0.42774030566215515,16,5,3,zero_shot_paired
229,12,16,15,60,1,1,1,0.7950595617294312,0.7950595617294312,0.20494043827056885,0.7950595617294312,16,5,3,zero_shot_paired
229,13,16,16,60,1,1,1,0.5011005401611328,0.5011005401611328,0.4988994598388672,0.5011005401611328,16,5,3,zero_shot_paired
229,14,16,17,60,0,0,1,0.7146279811859131,0.7146279811859131,0.7146279811859131,0.28537195920944214,16,5,3,zero_shot_paired
229,0,16,0,60,0,1,0,0.7856582403182983,0.7856582403182983,0.21434174478054047,0.7856582403182983,16,5,3,post_calibration
229,1,16,1,60,0,1,0,0.5199631452560425,0.5199631452560425,0.4800368547439575,0.5199631452560425,16,5,3,post_calibration
229,2,16,2,60,0,0,1,0.636764407157898,0.636764407157898,0.636764407157898,0.3632356524467468,16,5,3,post_calibration
229,3,16,3,60,1,1,1,0.6116448044776917,0.6116448044776917,0.3883552551269531,0.6116448044776917,16,5,3,post_calibration
229,4,16,4,60,1,1,1,0.8014385104179382,0.8014385104179382,0.19856148958206177,0.8014385104179382,16,5,3,post_calibration
229,5,16,6,60,1,1,1,0.650245189666748,0.650245189666748,0.34975484013557434,0.650245189666748,16,5,3,post_calibration
229,6,16,8,60,0,1,0,0.549921989440918,0.549921989440918,0.4500780403614044,0.549921989440918,16,5,3,post_calibration
229,7,16,9,60,1,0,0,0.5804746747016907,0.5804746747016907,0.5804746747016907,0.4195253252983093,16,5,3,post_calibration
229,8,16,11,60,0,0,1,0.7880165576934814,0.7880165576934814,0.7880165576934814,0.21198339760303497,16,5,3,post_calibration
229,9,16,12,60,1,1,1,0.7442325353622437,0.7442325353622437,0.25576749444007874,0.7442325353622437,16,5,3,post_calibration
229,10,16,13,60,0,0,1,0.5815964937210083,0.5815964937210083,0.5815964937210083,0.4184035658836365,16,5,3,post_calibration
229,11,16,14,60,1,0,0,0.5702527761459351,0.5702527761459351,0.5702527761459351,0.42974716424942017,16,5,3,post_calibration
229,12,16,15,60,1,1,1,0.7875535488128662,0.7875535488128662,0.21244637668132782,0.7875535488128662,16,5,3,post_calibration
229,13,16,16,60,1,0,0,0.5231824517250061,0.5231824517250061,0.5231824517250061,0.4768175780773163,16,5,3,post_calibration
229,14,16,17,60,0,0,1,0.7105749249458313,0.7105749249458313,0.7105749249458313,0.2894250154495239,16,5,3,post_calibration
230,0,16,1,60,0,1,0,0.5062634348869324,0.5062634348869324,0.49373659491539,0.5062634348869324,16,6,3,zero_shot_paired
230,1,16,2,60,0,0,1,0.6477721333503723,0.6477721333503723,0.6477721333503723,0.3522278964519501,16,6,3,zero_shot_paired
230,2,16,3,60,1,1,1,0.6114508509635925,0.6114508509635925,0.38854914903640747,0.6114508509635925,16,6,3,zero_shot_paired
230,3,16,4,60,1,1,1,0.7740647792816162,0.7740647792816162,0.22593523561954498,0.7740647792816162,16,6,3,zero_shot_paired
230,4,16,5,60,1,0,0,0.721574604511261,0.721574604511261,0.721574604511261,0.2784253656864166,16,6,3,zero_shot_paired
230,5,16,6,60,1,1,1,0.6362242102622986,0.6362242102622986,0.3637757897377014,0.6362242102622986,16,6,3,zero_shot_paired
230,6,16,7,60,1,1,1,0.7362065315246582,0.7362065315246582,0.2637934386730194,0.7362065315246582,16,6,3,zero_shot_paired
230,7,16,8,60,0,1,0,0.5501863360404968,0.5501863360404968,0.4498136639595032,0.5501863360404968,16,6,3,zero_shot_paired
230,8,16,9,60,1,0,0,0.5809446573257446,0.5809446573257446,0.5809446573257446,0.41905534267425537,16,6,3,zero_shot_paired
230,9,16,10,60,0,1,0,0.6173918843269348,0.6173918843269348,0.3826081156730652,0.6173918843269348,16,6,3,zero_shot_paired
230,10,16,12,60,1,1,1,0.7484729886054993,0.7484729886054993,0.25152701139450073,0.7484729886054993,16,6,3,zero_shot_paired
230,11,16,13,60,0,0,1,0.5823129415512085,0.5823129415512085,0.5823129415512085,0.4176870882511139,16,6,3,zero_shot_paired
230,12,16,14,60,1,0,0,0.5722597241401672,0.5722597241401672,0.5722597241401672,0.42774030566215515,16,6,3,zero_shot_paired
230,13,16,15,60,1,1,1,0.7950595617294312,0.7950595617294312,0.20494043827056885,0.7950595617294312,16,6,3,zero_shot_paired
230,14,16,17,60,0,0,1,0.7146279811859131,0.7146279811859131,0.7146279811859131,0.28537195920944214,16,6,3,zero_shot_paired
230,0,16,1,60,0,0,1,0.5313575267791748,0.5313575267791748,0.5313575267791748,0.4686424434185028,16,6,3,post_calibration
230,1,16,2,60,0,0,1,0.6718726754188538,0.6718726754188538,0.6718726754188538,0.32812732458114624,16,6,3,post_calibration
230,2,16,3,60,1,1,1,0.6242076754570007,0.6242076754570007,0.37579238414764404,0.6242076754570007,16,6,3,post_calibration
230,3,16,4,60,1,1,1,0.7493351697921753,0.7493351697921753,0.2506648004055023,0.7493351697921753,16,6,3,post_calibration
230,4,16,5,60,1,0,0,0.7239716649055481,0.7239716649055481,0.7239716649055481,0.2760283350944519,16,6,3,post_calibration
230,5,16,6,60,1,1,1,0.6387225985527039,0.6387225985527039,0.36127737164497375,0.6387225985527039,16,6,3,post_calibration
230,6,16,7,60,1,1,1,0.7213661074638367,0.7213661074638367,0.27863386273384094,0.7213661074638367,16,6,3,post_calibration
230,7,16,8,60,0,1,0,0.5369882583618164,0.5369882583618164,0.4630117118358612,0.5369882583618164,16,6,3,post_calibration
230,8,16,9,60,1,0,0,0.572536051273346,0.572536051273346,0.572536051273346,0.42746391892433167,16,6,3,post_calibration
230,9,16,10,60,0,1,0,0.6260491609573364,0.6260491609573364,0.37395086884498596,0.6260491609573364,16,6,3,post_calibration
230,10,16,12,60,1,1,1,0.7425719499588013,0.7425719499588013,0.25742802023887634,0.7425719499588013,16,6,3,post_calibration
230,11,16,13,60,0,0,1,0.6122897267341614,0.6122897267341614,0.6122897267341614,0.38771024346351624,16,6,3,post_calibration
230,12,16,14,60,1,0,0,0.5692241787910461,0.5692241787910461,0.5692241787910461,0.43077585101127625,16,6,3,post_calibration
230,13,16,15,60,1,1,1,0.796882152557373,0.796882152557373,0.20311786234378815,0.796882152557373,16,6,3,post_calibration
230,14,16,17,60,0,0,1,0.7114183902740479,0.7114183902740479,0.7114183902740479,0.28858163952827454,16,6,3,post_calibration
231,0,16,1,60,0,1,0,0.5062634348869324,0.5062634348869324,0.49373659491539,0.5062634348869324,16,1,6,zero_shot_paired
231,1,16,4,60,1,1,1,0.7740647792816162,0.7740647792816162,0.22593523561954498,0.7740647792816162,16,1,6,zero_shot_paired
231,2,16,5,60,1,0,0,0.721574604511261,0.721574604511261,0.721574604511261,0.2784253656864166,16,1,6,zero_shot_paired
231,3,16,7,60,1,1,1,0.7362065315246582,0.7362065315246582,0.2637934386730194,0.7362065315246582,16,1,6,zero_shot_paired
231,4,16,8,60,0,1,0,0.5501863360404968,0.5501863360404968,0.4498136639595032,0.5501863360404968,16,1,6,zero_shot_paired
231,5,16,9,60,1,0,0,0.5809446573257446,0.5809446573257446,0.5809446573257446,0.41905534267425537,16,1,6,zero_shot_paired
231,6,16,10,60,0,1,0,0.6173918843269348,0.6173918843269348,0.3826081156730652,0.6173918843269348,16,1,6,zero_shot_paired
231,7,16,11,60,0,0,1,0.783333957195282,0.783333957195282,0.783333957195282,0.21666604280471802,16,1,6,zero_shot_paired
231,8,16,12,60,1,1,1,0.7484729886054993,0.7484729886054993,0.25152701139450073,0.7484729886054993,16,1,6,zero_shot_paired
231,9,16,14,60,1,0,0,0.5722597241401672,0.5722597241401672,0.5722597241401672,0.42774030566215515,16,1,6,zero_shot_paired
231,10,16,15,60,1,1,1,0.7950595617294312,0.7950595617294312,0.20494043827056885,0.7950595617294312,16,1,6,zero_shot_paired
231,11,16,17,60,0,0,1,0.7146279811859131,0.7146279811859131,0.7146279811859131,0.28537195920944214,16,1,6,zero_shot_paired
231,0,16,1,60,0,0,1,0.5306013822555542,0.5306013822555542,0.5306013822555542,0.4693986773490906,16,1,6,post_calibration
231,1,16,4,60,1,1,1,0.7646775245666504,0.7646775245666504,0.2353224754333496,0.7646775245666504,16,1,6,post_calibration
231,2,16,5,60,1,0,0,0.6989671587944031,0.6989671587944031,0.6989671587944031,0.3010328710079193,16,1,6,post_calibration
231,3,16,7,60,1,1,1,0.738563060760498,0.738563060760498,0.26143699884414673,0.738563060760498,16,1,6,post_calibration
231,4,16,8,60,0,1,0,0.5590493679046631,0.5590493679046631,0.4409506916999817,0.5590493679046631,16,1,6,post_calibration
231,5,16,9,60,1,0,0,0.5351933240890503,0.5351933240890503,0.5351933240890503,0.4648066759109497,16,1,6,post_calibration
231,6,16,10,60,0,1,0,0.671901285648346,0.671901285648346,0.32809871435165405,0.671901285648346,16,1,6,post_calibration
231,7,16,11,60,0,0,1,0.7971721887588501,0.7971721887588501,0.7971721887588501,0.2028277963399887,16,1,6,post_calibration
231,8,16,12,60,1,1,1,0.781086802482605,0.781086802482605,0.2189132273197174,0.781086802482605,16,1,6,post_calibration
231,9,16,14,60,1,0,0,0.5325960516929626,0.5325960516929626,0.5325960516929626,0.46740394830703735,16,1,6,post_calibration
231,10,16,15,60,1,1,1,0.8010520935058594,0.8010520935058594,0.19894784688949585,0.8010520935058594,16,1,6,post_calibration
231,11,16,17,60,0,0,1,0.6989831924438477,0.6989831924438477,0.6989831924438477,0.30101680755615234,16,1,6,post_calibration
232,0,16,0,60,0,1,0,0.7791171073913574,0.7791171073913574,0.22088290750980377,0.7791171073913574,16,2,6,zero_shot_paired
232,1,16,1,60,0,1,0,0.5062634348869324,0.5062634348869324,0.49373659491539,0.5062634348869324,16,2,6,zero_shot_paired
232,2,16,2,60,0,0,1,0.6477721333503723,0.6477721333503723,0.6477721333503723,0.3522278964519501,16,2,6,zero_shot_paired
232,3,16,3,60,1,1,1,0.6114508509635925,0.6114508509635925,0.38854914903640747,0.6114508509635925,16,2,6,zero_shot_paired
232,4,16,5,60,1,0,0,0.721574604511261,0.721574604511261,0.721574604511261,0.2784253656864166,16,2,6,zero_shot_paired
232,5,16,6,60,1,1,1,0.6362242102622986,0.6362242102622986,0.3637757897377014,0.6362242102622986,16,2,6,zero_shot_paired
232,6,16,9,60,1,0,0,0.5809446573257446,0.5809446573257446,0.5809446573257446,0.41905534267425537,16,2,6,zero_shot_paired
232,7,16,10,60,0,1,0,0.6173918843269348,0.6173918843269348,0.3826081156730652,0.6173918843269348,16,2,6,zero_shot_paired
232,8,16,11,60,0,0,1,0.783333957195282,0.783333957195282,0.783333957195282,0.21666604280471802,16,2,6,zero_shot_paired
232,9,16,13,60,0,0,1,0.5823129415512085,0.5823129415512085,0.5823129415512085,0.4176870882511139,16,2,6,zero_shot_paired
232,10,16,15,60,1,1,1,0.7950595617294312,0.7950595617294312,0.20494043827056885,0.7950595617294312,16,2,6,zero_shot_paired
232,11,16,16,60,1,1,1,0.5011005401611328,0.5011005401611328,0.4988994598388672,0.5011005401611328,16,2,6,zero_shot_paired
232,0,16,0,60,0,1,0,0.7924667596817017,0.7924667596817017,0.20753327012062073,0.7924667596817017,16,2,6,post_calibration
232,1,16,1,60,0,1,0,0.5137237310409546,0.5137237310409546,0.4862762689590454,0.5137237310409546,16,2,6,post_calibration
232,2,16,2,60,0,0,1,0.6461235880851746,0.6461235880851746,0.6461235880851746,0.35387638211250305,16,2,6,post_calibration
232,3,16,3,60,1,1,1,0.6592234969139099,0.6592234969139099,0.3407764732837677,0.6592234969139099,16,2,6,post_calibration
232,4,16,5,60,1,0,0,0.6872414350509644,0.6872414350509644,0.6872414350509644,0.31275850534439087,16,2,6,post_calibration
232,5,16,6,60,1,1,1,0.6586336493492126,0.6586336493492126,0.34136632084846497,0.6586336493492126,16,2,6,post_calibration
232,6,16,9,60,1,0,0,0.5374017953872681,0.5374017953872681,0.5374017953872681,0.4625982344150543,16,2,6,post_calibration
232,7,16,10,60,0,1,0,0.6799396276473999,0.6799396276473999,0.3200604021549225,0.6799396276473999,16,2,6,post_calibration
232,8,16,11,60,0,0,1,0.7756432890892029,0.7756432890892029,0.7756432890892029,0.22435669600963593,16,2,6,post_calibration
232,9,16,13,60,0,0,1,0.5966222882270813,0.5966222882270813,0.5966222882270813,0.4033777117729187,16,2,6,post_calibration
232,10,16,15,60,1,1,1,0.8105937838554382,0.8105937838554382,0.18940627574920654,0.8105937838554382,16,2,6,post_calibration
232,11,16,16,60,1,1,1,0.514991044998169,0.514991044998169,0.48500895500183105,0.514991044998169,16,2,6,post_calibration
233,0,16,0,60,0,1,0,0.7791171073913574,0.7791171073913574,0.22088290750980377,0.7791171073913574,16,3,6,zero_shot_paired
233,1,16,2,60,0,0,1,0.6477721333503723,0.6477721333503723,0.6477721333503723,0.3522278964519501,16,3,6,zero_shot_paired
233,2,16,3,60,1,1,1,0.6114508509635925,0.6114508509635925,0.38854914903640747,0.6114508509635925,16,3,6,zero_shot_paired
233,3,16,4,60,1,1,1,0.7740647792816162,0.7740647792816162,0.22593523561954498,0.7740647792816162,16,3,6,zero_shot_paired
233,4,16,6,60,1,1,1,0.6362242102622986,0.6362242102622986,0.3637757897377014,0.6362242102622986,16,3,6,zero_shot_paired
233,5,16,7,60,1,1,1,0.7362065315246582,0.7362065315246582,0.2637934386730194,0.7362065315246582,16,3,6,zero_shot_paired
233,6,16,8,60,0,1,0,0.5501863360404968,0.5501863360404968,0.4498136639595032,0.5501863360404968,16,3,6,zero_shot_paired
233,7,16,12,60,1,1,1,0.7484729886054993,0.7484729886054993,0.25152701139450073,0.7484729886054993,16,3,6,zero_shot_paired
233,8,16,13,60,0,0,1,0.5823129415512085,0.5823129415512085,0.5823129415512085,0.4176870882511139,16,3,6,zero_shot_paired
233,9,16,14,60,1,0,0,0.5722597241401672,0.5722597241401672,0.5722597241401672,0.42774030566215515,16,3,6,zero_shot_paired
233,10,16,16,60,1,1,1,0.5011005401611328,0.5011005401611328,0.4988994598388672,0.5011005401611328,16,3,6,zero_shot_paired
233,11,16,17,60,0,0,1,0.7146279811859131,0.7146279811859131,0.7146279811859131,0.28537195920944214,16,3,6,zero_shot_paired
233,0,16,0,60,0,1,0,0.7543555498123169,0.7543555498123169,0.2456444501876831,0.7543555498123169,16,3,6,post_calibration
233,1,16,2,60,0,0,1,0.6719685196876526,0.6719685196876526,0.6719685196876526,0.328031450510025,16,3,6,post_calibration
233,2,16,3,60,1,1,1,0.6342849731445312,0.6342849731445312,0.36571499705314636,0.6342849731445312,16,3,6,post_calibration
233,3,16,4,60,1,1,1,0.7799981832504272,0.7799981832504272,0.22000186145305634,0.7799981832504272,16,3,6,post_calibration
233,4,16,6,60,1,1,1,0.6139926910400391,0.6139926910400391,0.3860073387622833,0.6139926910400391,16,3,6,post_calibration
233,5,16,7,60,1,1,1,0.7319875359535217,0.7319875359535217,0.2680124044418335,0.7319875359535217,16,3,6,post_calibration
233,6,16,8,60,0,1,0,0.5549905896186829,0.5549905896186829,0.44500941038131714,0.5549905896186829,16,3,6,post_calibration
233,7,16,12,60,1,1,1,0.7526806592941284,0.7526806592941284,0.2473193109035492,0.7526806592941284,16,3,6,post_calibration
233,8,16,13,60,0,0,1,0.6194460391998291,0.6194460391998291,0.6194460391998291,0.3805539011955261,16,3,6,post_calibration
233,9,16,14,60,1,0,0,0.5707314014434814,0.5707314014434814,0.5707314014434814,0.42926862835884094,16,3,6,post_calibration
233,10,16,16,60,1,0,0,0.5112361907958984,0.5112361907958984,0.5112361907958984,0.48876380920410156,16,3,6,post_calibration
233,11,16,17,60,0,0,1,0.7154488563537598,0.7154488563537598,0.7154488563537598,0.2845511734485626,16,3,6,post_calibration
234,0,16,2,60,0,0,1,0.6477564573287964,0.6477564573287964,0.6477564573287964,0.352243572473526,16,1,9,zero_shot_paired
234,1,16,4,60,1,1,1,0.7740607857704163,0.7740607857704163,0.22593922913074493,0.7740607857704163,16,1,9,zero_shot_paired
234,2,16,5,60,1,0,0,0.7215669751167297,0.7215669751167297,0.7215669751167297,0.27843302488327026,16,1,9,zero_shot_paired
234,3,16,6,60,1,1,1,0.6362259984016418,0.6362259984016418,0.36377400159835815,0.6362259984016418,16,1,9,zero_shot_paired
234,4,16,7,60,1,1,1,0.7362021207809448,0.7362021207809448,0.26379790902137756,0.7362021207809448,16,1,9,zero_shot_paired
234,5,16,10,60,0,1,0,0.6173936724662781,0.6173936724662781,0.38260629773139954,0.6173936724662781,16,1,9,zero_shot_paired
234,6,16,11,60,0,0,1,0.7833378911018372,0.7833378911018372,0.7833378911018372,0.21666213870048523,16,1,9,zero_shot_paired
234,7,16,12,60,1,1,1,0.7484744191169739,0.7484744191169739,0.2515256106853485,0.7484744191169739,16,1,9,zero_shot_paired
234,8,16,17,60,0,0,1,0.7146279811859131,0.7146279811859131,0.7146279811859131,0.28537195920944214,16,1,9,zero_shot_paired
234,0,16,2,60,0,0,1,0.6802417039871216,0.6802417039871216,0.6802417039871216,0.3197583258152008,16,1,9,post_calibration
234,1,16,4,60,1,1,1,0.7583218812942505,0.7583218812942505,0.24167808890342712,0.7583218812942505,16,1,9,post_calibration
234,2,16,5,60,1,0,0,0.6858393549919128,0.6858393549919128,0.6858393549919128,0.31416070461273193,16,1,9,post_calibration
234,3,16,6,60,1,1,1,0.6405269503593445,0.6405269503593445,0.3594730496406555,0.6405269503593445,16,1,9,post_calibration
234,4,16,7,60,1,1,1,0.7315622568130493,0.7315622568130493,0.2684376835823059,0.7315622568130493,16,1,9,post_calibration
234,5,16,10,60,0,1,0,0.7088600993156433,0.7088600993156433,0.2911398708820343,0.7088600993156433,16,1,9,post_calibration
234,6,16,11,60,0,0,1,0.783587634563446,0.783587634563446,0.783587634563446,0.21641232073307037,16,1,9,post_calibration
234,7,16,12,60,1,1,1,0.7720879316329956,0.7720879316329956,0.2279120683670044,0.7720879316329956,16,1,9,post_calibration
234,8,16,17,60,0,0,1,0.7199623584747314,0.7199623584747314,0.7199623584747314,0.28003764152526855,16,1,9,post_calibration
235,0,16,0,60,0,1,0,0.7790986895561218,0.7790986895561218,0.22090129554271698,0.7790986895561218,16,2,9,zero_shot_paired
235,1,16,1,60,0,1,0,0.5062634348869324,0.5062634348869324,0.49373659491539,0.5062634348869324,16,2,9,zero_shot_paired
235,2,16,3,60,1,1,1,0.6114580631256104,0.6114580631256104,0.3885418772697449,0.6114580631256104,16,2,9,zero_shot_paired
235,3,16,8,60,0,1,0,0.5501863360404968,0.5501863360404968,0.4498136639595032,0.5501863360404968,16,2,9,zero_shot_paired
235,4,16,9,60,1,0,0,0.5809428691864014,0.5809428691864014,0.5809428691864014,0.4190571904182434,16,2,9,zero_shot_paired
235,5,16,13,60,0,0,1,0.5823240280151367,0.5823240280151367,0.5823240280151367,0.4176759421825409,16,2,9,zero_shot_paired
235,6,16,14,60,1,0,0,0.5722634792327881,0.5722634792327881,0.5722634792327881,0.4277365505695343,16,2,9,zero_shot_paired
235,7,16,15,60,1,1,1,0.7950645089149475,0.7950645089149475,0.2049354612827301,0.7950645089149475,16,2,9,zero_shot_paired
235,8,16,16,60,1,1,1,0.5011062622070312,0.5011062622070312,0.49889373779296875,0.5011062622070312,16,2,9,zero_shot_paired
235,0,16,0,60,0,1,0,0.7715840935707092,0.7715840935707092,0.22841590642929077,0.7715840935707092,16,2,9,post_calibration
235,1,16,1,60,0,1,0,0.5062710642814636,0.5062710642814636,0.49372896552085876,0.5062710642814636,16,2,9,post_calibration
235,2,16,3,60,1,1,1,0.6106657385826111,0.6106657385826111,0.3893342912197113,0.6106657385826111,16,2,9,post_calibration
235,3,16,8,60,0,1,0,0.5456980466842651,0.5456980466842651,0.4543019235134125,0.5456980466842651,16,2,9,post_calibration
235,4,16,9,60,1,0,0,0.5837781429290771,0.5837781429290771,0.5837781429290771,0.41622182726860046,16,2,9,post_calibration
235,5,16,13,60,0,0,1,0.588039219379425,0.588039219379425,0.588039219379425,0.41196078062057495,16,2,9,post_calibration
235,6,16,14,60,1,0,0,0.5718749165534973,0.5718749165534973,0.5718749165534973,0.4281250238418579,16,2,9,post_calibration
235,7,16,15,60,1,1,1,0.7919040322303772,0.7919040322303772,0.20809592306613922,0.7919040322303772,16,2,9,post_calibration
235,8,16,16,60,1,0,0,0.5136779546737671,0.5136779546737671,0.5136779546737671,0.4863220155239105,16,2,9,post_calibration
236,0,16,2,60,0,0,1,0.6478922367095947,0.6478922367095947,0.6478922367095947,0.35210779309272766,16,1,12,zero_shot_paired
236,1,16,6,60,1,1,1,0.6361977458000183,0.6361977458000183,0.3638022840023041,0.6361977458000183,16,1,12,zero_shot_paired
236,2,16,13,60,0,0,1,0.5822312831878662,0.5822312831878662,0.5822312831878662,0.4177687466144562,16,1,12,zero_shot_paired
236,3,16,14,60,1,0,0,0.5723400115966797,0.5723400115966797,0.5723400115966797,0.4276600182056427,16,1,12,zero_shot_paired
236,4,16,16,60,1,1,1,0.5010166168212891,0.5010166168212891,0.49898338317871094,0.5010166168212891,16,1,12,zero_shot_paired
236,5,16,17,60,0,0,1,0.7146140933036804,0.7146140933036804,0.7146140933036804,0.28538596630096436,16,1,12,zero_shot_paired
236,0,16,2,60,0,0,1,0.685678243637085,0.685678243637085,0.685678243637085,0.3143218159675598,16,1,12,post_calibration
236,1,16,6,60,1,1,1,0.6312373876571655,0.6312373876571655,0.3687625825405121,0.6312373876571655,16,1,12,post_calibration
236,2,16,13,60,0,0,1,0.6443510055541992,0.6443510055541992,0.6443510055541992,0.3556489944458008,16,1,12,post_calibration
236,3,16,14,60,1,0,0,0.5564824342727661,0.5564824342727661,0.5564824342727661,0.4435175657272339,16,1,12,post_calibration
236,4,16,16,60,1,0,0,0.5527377724647522,0.5527377724647522,0.5527377724647522,0.4472622275352478,16,1,12,post_calibration
236,5,16,17,60,0,0,1,0.7132334113121033,0.7132334113121033,0.7132334113121033,0.28676652908325195,16,1,12,post_calibration
237,0,16,8,60,0,1,0,0.5500994920730591,0.5500994920730591,0.4499005079269409,0.5500994920730591,16,2,12,zero_shot_paired
237,1,16,9,60,1,0,0,0.5809613466262817,0.5809613466262817,0.5809613466262817,0.4190385937690735,16,2,12,zero_shot_paired
237,2,16,10,60,0,1,0,0.6175288558006287,0.6175288558006287,0.3824711740016937,0.6175288558006287,16,2,12,zero_shot_paired
237,3,16,11,60,0,0,1,0.783270537853241,0.783270537853241,0.783270537853241,0.21672947704792023,16,2,12,zero_shot_paired
237,4,16,14,60,1,0,0,0.5723400115966797,0.5723400115966797,0.5723400115966797,0.4276600182056427,16,2,12,zero_shot_paired
237,5,16,16,60,1,1,1,0.5010166168212891,0.5010166168212891,0.49898338317871094,0.5010166168212891,16,2,12,zero_shot_paired
237,0,16,8,60,0,1,0,0.5362920165061951,0.5362920165061951,0.46370795369148254,0.5362920165061951,16,2,12,post_calibration
237,1,16,9,60,1,0,0,0.5409636497497559,0.5409636497497559,0.5409636497497559,0.45903632044792175,16,2,12,post_calibration
237,2,16,10,60,0,1,0,0.6692282557487488,0.6692282557487488,0.3307717442512512,0.6692282557487488,16,2,12,post_calibration
237,3,16,11,60,0,0,1,0.8112114071846008,0.8112114071846008,0.8112114071846008,0.18878857791423798,16,2,12,post_calibration
237,4,16,14,60,1,0,0,0.5521020293235779,0.5521020293235779,0.5521020293235779,0.4478979706764221,16,2,12,post_calibration
237,5,16,16,60,1,0,0,0.5277824401855469,0.5277824401855469,0.5277824401855469,0.4722175896167755,16,2,12,post_calibration
238,0,16,2,60,0,0,1,0.6478922367095947,0.6478922367095947,0.6478922367095947,0.35210779309272766,16,3,12,zero_shot_paired
238,1,16,5,60,1,0,0,0.7215470671653748,0.7215470671653748,0.7215470671653748,0.27845299243927,16,3,12,zero_shot_paired
238,2,16,10,60,0,1,0,0.6175288558006287,0.6175288558006287,0.3824711740016937,0.6175288558006287,16,3,12,zero_shot_paired
238,3,16,11,60,0,0,1,0.783270537853241,0.783270537853241,0.783270537853241,0.21672947704792023,16,3,12,zero_shot_paired
238,4,16,15,60,1,1,1,0.7949439883232117,0.7949439883232117,0.2050560861825943,0.7949439883232117,16,3,12,zero_shot_paired
238,5,16,16,60,1,1,1,0.5010166168212891,0.5010166168212891,0.49898338317871094,0.5010166168212891,16,3,12,zero_shot_paired
238,0,16,2,60,0,0,1,0.6988034248352051,0.6988034248352051,0.6988034248352051,0.3011966347694397,16,3,12,post_calibration
238,1,16,5,60,1,0,0,0.6864292025566101,0.6864292025566101,0.6864292025566101,0.3135708272457123,16,3,12,post_calibration
238,2,16,10,60,0,1,0,0.6965859532356262,0.6965859532356262,0.3034140169620514,0.6965859532356262,16,3,12,post_calibration
238,3,16,11,60,0,0,1,0.8012879490852356,0.8012879490852356,0.8012879490852356,0.1987120807170868,16,3,12,post_calibration
238,4,16,15,60,1,1,1,0.8122968077659607,0.8122968077659607,0.18770316243171692,0.8122968077659607,16,3,12,post_calibration
238,5,16,16,60,1,0,0,0.5220841765403748,0.5220841765403748,0.5220841765403748,0.47791582345962524,16,3,12,post_calibration
18,0,17,0,60,0,1,0,0.587543785572052,0.587543785572052,0.4124561846256256,0.587543785572052,17,,,zero_shot_all_trials
18,1,17,1,60,1,1,1,0.7766745686531067,0.7766745686531067,0.2233254611492157,0.7766745686531067,17,,,zero_shot_all_trials
18,2,17,2,60,1,1,1,0.7523950934410095,0.7523950934410095,0.2476048767566681,0.7523950934410095,17,,,zero_shot_all_trials
18,3,17,3,60,1,1,1,0.8232651352882385,0.8232651352882385,0.17673486471176147,0.8232651352882385,17,,,zero_shot_all_trials
18,4,17,4,60,1,0,0,0.628767192363739,0.628767192363739,0.628767192363739,0.3712327778339386,17,,,zero_shot_all_trials
18,5,17,5,60,1,1,1,0.5021228790283203,0.5021228790283203,0.4978771507740021,0.5021228790283203,17,,,zero_shot_all_trials
18,6,17,6,60,1,0,0,0.5048673748970032,0.5048673748970032,0.5048673748970032,0.49513256549835205,17,,,zero_shot_all_trials
18,7,17,7,60,1,0,0,0.5017051696777344,0.5017051696777344,0.5017051696777344,0.498294860124588,17,,,zero_shot_all_trials
18,8,17,8,60,1,0,0,0.7545873522758484,0.7545873522758484,0.7545873522758484,0.2454126477241516,17,,,zero_shot_all_trials
18,9,17,9,60,0,0,1,0.5937325954437256,0.5937325954437256,0.5937325954437256,0.4062674045562744,17,,,zero_shot_all_trials
18,10,17,10,60,0,1,0,0.5477665066719055,0.5477665066719055,0.4522334933280945,0.5477665066719055,17,,,zero_shot_all_trials
18,11,17,11,60,1,0,0,0.574301540851593,0.574301540851593,0.574301540851593,0.42569848895072937,17,,,zero_shot_all_trials
18,12,17,12,60,1,1,1,0.662687361240387,0.662687361240387,0.3373126983642578,0.662687361240387,17,,,zero_shot_all_trials
18,13,17,13,60,1,1,1,0.6264259815216064,0.6264259815216064,0.37357407808303833,0.6264259815216064,17,,,zero_shot_all_trials
18,14,17,14,60,1,0,0,0.5226476192474365,0.5226476192474365,0.5226476192474365,0.4773523807525635,17,,,zero_shot_all_trials
18,15,17,15,60,1,1,1,0.5973033308982849,0.5973033308982849,0.4026966989040375,0.5973033308982849,17,,,zero_shot_all_trials
18,16,17,16,60,1,1,1,0.8834922909736633,0.8834922909736633,0.11650776118040085,0.8834922909736633,17,,,zero_shot_all_trials
18,17,17,17,60,1,1,1,0.7872214913368225,0.7872214913368225,0.2127784639596939,0.7872214913368225,17,,,zero_shot_all_trials
239,0,17,0,60,0,1,0,0.587543785572052,0.587543785572052,0.4124561846256256,0.587543785572052,17,1,3,zero_shot_paired
239,1,17,2,60,1,1,1,0.7523936629295349,0.7523936629295349,0.2476063072681427,0.7523936629295349,17,1,3,zero_shot_paired
239,2,17,3,60,1,1,1,0.8232584595680237,0.8232584595680237,0.17674154043197632,0.8232584595680237,17,1,3,zero_shot_paired
239,3,17,4,60,1,0,0,0.6287707686424255,0.6287707686424255,0.6287707686424255,0.37122923135757446,17,1,3,zero_shot_paired
239,4,17,5,60,1,1,1,0.5021171569824219,0.5021171569824219,0.49788281321525574,0.5021171569824219,17,1,3,zero_shot_paired
239,5,17,6,60,1,0,0,0.5048654675483704,0.5048654675483704,0.5048654675483704,0.49513453245162964,17,1,3,zero_shot_paired
239,6,17,7,60,1,0,0,0.5017127990722656,0.5017127990722656,0.5017127990722656,0.49828723073005676,17,1,3,zero_shot_paired
239,7,17,9,60,0,0,1,0.5937344431877136,0.5937344431877136,0.5937344431877136,0.40626558661460876,17,1,3,zero_shot_paired
239,8,17,10,60,0,1,0,0.5477645993232727,0.5477645993232727,0.4522354304790497,0.5477645993232727,17,1,3,zero_shot_paired
239,9,17,12,60,1,1,1,0.6626906991004944,0.6626906991004944,0.33730924129486084,0.6626906991004944,17,1,3,zero_shot_paired
239,10,17,13,60,1,1,1,0.6264312863349915,0.6264312863349915,0.37356865406036377,0.6264312863349915,17,1,3,zero_shot_paired
239,11,17,14,60,1,0,0,0.5226438045501709,0.5226438045501709,0.5226438045501709,0.4773561954498291,17,1,3,zero_shot_paired
239,12,17,15,60,1,1,1,0.5973124504089355,0.5973124504089355,0.40268751978874207,0.5973124504089355,17,1,3,zero_shot_paired
239,13,17,16,60,1,1,1,0.8834922909736633,0.8834922909736633,0.11650776118040085,0.8834922909736633,17,1,3,zero_shot_paired
239,14,17,17,60,1,1,1,0.7872202396392822,0.7872202396392822,0.21277974545955658,0.7872202396392822,17,1,3,zero_shot_paired
239,0,17,0,60,0,1,0,0.6017324924468994,0.6017324924468994,0.3982674777507782,0.6017324924468994,17,1,3,post_calibration
239,1,17,2,60,1,1,1,0.7733273506164551,0.7733273506164551,0.22667261958122253,0.7733273506164551,17,1,3,post_calibration
239,2,17,3,60,1,1,1,0.8510788679122925,0.8510788679122925,0.1489211618900299,0.8510788679122925,17,1,3,post_calibration
239,3,17,4,60,1,0,0,0.5925818681716919,0.5925818681716919,0.5925818681716919,0.4074181616306305,17,1,3,post_calibration
239,4,17,5,60,1,1,1,0.5523359775543213,0.5523359775543213,0.4476639926433563,0.5523359775543213,17,1,3,post_calibration
239,5,17,6,60,1,1,1,0.5481255054473877,0.5481255054473877,0.4518744647502899,0.5481255054473877,17,1,3,post_calibration
239,6,17,7,60,1,0,0,0.5171346068382263,0.5171346068382263,0.5171346068382263,0.4828653633594513,17,1,3,post_calibration
239,7,17,9,60,0,0,1,0.564828097820282,0.564828097820282,0.564828097820282,0.4351719319820404,17,1,3,post_calibration
239,8,17,10,60,0,1,0,0.6205138564109802,0.6205138564109802,0.37948617339134216,0.6205138564109802,17,1,3,post_calibration
239,9,17,12,60,1,1,1,0.7070823907852173,0.7070823907852173,0.29291754961013794,0.7070823907852173,17,1,3,post_calibration
239,10,17,13,60,1,1,1,0.6714587807655334,0.6714587807655334,0.32854121923446655,0.6714587807655334,17,1,3,post_calibration
239,11,17,14,60,1,1,1,0.5296587347984314,0.5296587347984314,0.4703412353992462,0.5296587347984314,17,1,3,post_calibration
239,12,17,15,60,1,1,1,0.6132401823997498,0.6132401823997498,0.38675981760025024,0.6132401823997498,17,1,3,post_calibration
239,13,17,16,60,1,1,1,0.8882812261581421,0.8882812261581421,0.1117188110947609,0.8882812261581421,17,1,3,post_calibration
239,14,17,17,60,1,1,1,0.7926022410392761,0.7926022410392761,0.20739778876304626,0.7926022410392761,17,1,3,post_calibration
240,0,17,0,60,0,1,0,0.5875345468521118,0.5875345468521118,0.4124654531478882,0.5875345468521118,17,2,3,zero_shot_paired
240,1,17,1,60,1,1,1,0.7766731977462769,0.7766731977462769,0.22332677245140076,0.7766731977462769,17,2,3,zero_shot_paired
240,2,17,2,60,1,1,1,0.7523936629295349,0.7523936629295349,0.2476063072681427,0.7523936629295349,17,2,3,zero_shot_paired
240,3,17,3,60,1,1,1,0.823257327079773,0.823257327079773,0.17674264311790466,0.823257327079773,17,2,3,zero_shot_paired
240,4,17,4,60,1,0,0,0.628767192363739,0.628767192363739,0.628767192363739,0.3712327778339386,17,2,3,zero_shot_paired
240,5,17,5,60,1,1,1,0.5021305084228516,0.5021305084228516,0.49786949157714844,0.5021305084228516,17,2,3,zero_shot_paired
240,6,17,7,60,1,0,0,0.5016994476318359,0.5016994476318359,0.5016994476318359,0.49830055236816406,17,2,3,zero_shot_paired
240,7,17,8,60,1,0,0,0.754607081413269,0.754607081413269,0.754607081413269,0.24539287388324738,17,2,3,zero_shot_paired
240,8,17,9,60,0,0,1,0.593739926815033,0.593739926815033,0.593739926815033,0.40626004338264465,17,2,3,zero_shot_paired
240,9,17,10,60,0,1,0,0.5477702617645264,0.5477702617645264,0.45222973823547363,0.5477702617645264,17,2,3,zero_shot_paired
240,10,17,11,60,1,0,0,0.5742828249931335,0.5742828249931335,0.5742828249931335,0.4257171154022217,17,2,3,zero_shot_paired
240,11,17,13,60,1,1,1,0.6264277696609497,0.6264277696609497,0.37357228994369507,0.6264277696609497,17,2,3,zero_shot_paired
240,12,17,15,60,1,1,1,0.5973106622695923,0.5973106622695923,0.4026893973350525,0.5973106622695923,17,2,3,zero_shot_paired
240,13,17,16,60,1,1,1,0.8834843635559082,0.8834843635559082,0.11651561409235,0.8834843635559082,17,2,3,zero_shot_paired
240,14,17,17,60,1,1,1,0.7872164249420166,0.7872164249420166,0.2127835899591446,0.7872164249420166,17,2,3,zero_shot_paired
240,0,17,0,60,0,1,0,0.6174441576004028,0.6174441576004028,0.38255584239959717,0.6174441576004028,17,2,3,post_calibration
240,1,17,1,60,1,1,1,0.7903609275817871,0.7903609275817871,0.20963901281356812,0.7903609275817871,17,2,3,post_calibration
240,2,17,2,60,1,1,1,0.783904492855072,0.783904492855072,0.21609552204608917,0.783904492855072,17,2,3,post_calibration
240,3,17,3,60,1,1,1,0.8504026532173157,0.8504026532173157,0.14959736168384552,0.8504026532173157,17,2,3,post_calibration
240,4,17,4,60,1,0,0,0.5768753886222839,0.5768753886222839,0.5768753886222839,0.42312461137771606,17,2,3,post_calibration
240,5,17,5,60,1,1,1,0.5855048894882202,0.5855048894882202,0.41449517011642456,0.5855048894882202,17,2,3,post_calibration
240,6,17,7,60,1,1,1,0.5125553607940674,0.5125553607940674,0.48744460940361023,0.5125553607940674,17,2,3,post_calibration
240,7,17,8,60,1,0,0,0.7053951621055603,0.7053951621055603,0.7053951621055603,0.2946048676967621,17,2,3,post_calibration
240,8,17,9,60,0,0,1,0.5728310942649841,0.5728310942649841,0.5728310942649841,0.42716893553733826,17,2,3,post_calibration
240,9,17,10,60,0,1,0,0.6198075413703918,0.6198075413703918,0.38019248843193054,0.6198075413703918,17,2,3,post_calibration
240,10,17,11,60,1,0,0,0.5065723657608032,0.5065723657608032,0.5065723657608032,0.4934276342391968,17,2,3,post_calibration
240,11,17,13,60,1,1,1,0.6993860006332397,0.6993860006332397,0.30061402916908264,0.6993860006332397,17,2,3,post_calibration
240,12,17,15,60,1,1,1,0.6301765441894531,0.6301765441894531,0.3698234558105469,0.6301765441894531,17,2,3,post_calibration
240,13,17,16,60,1,1,1,0.8945277333259583,0.8945277333259583,0.10547226667404175,0.8945277333259583,17,2,3,post_calibration
240,14,17,17,60,1,1,1,0.7945618033409119,0.7945618033409119,0.20543813705444336,0.7945618033409119,17,2,3,post_calibration
241,0,17,1,60,1,1,1,0.7766731977462769,0.7766731977462769,0.22332677245140076,0.7766731977462769,17,3,3,zero_shot_paired
241,1,17,2,60,1,1,1,0.7523936629295349,0.7523936629295349,0.2476063072681427,0.7523936629295349,17,3,3,zero_shot_paired
241,2,17,3,60,1,1,1,0.823257327079773,0.823257327079773,0.17674264311790466,0.823257327079773,17,3,3,zero_shot_paired
241,3,17,6,60,1,0,0,0.5048731565475464,0.5048731565475464,0.5048731565475464,0.495126873254776,17,3,3,zero_shot_paired
241,4,17,7,60,1,0,0,0.5016994476318359,0.5016994476318359,0.5016994476318359,0.49830055236816406,17,3,3,zero_shot_paired
241,5,17,8,60,1,0,0,0.754607081413269,0.754607081413269,0.754607081413269,0.24539287388324738,17,3,3,zero_shot_paired
241,6,17,9,60,0,0,1,0.593739926815033,0.593739926815033,0.593739926815033,0.40626004338264465,17,3,3,zero_shot_paired
241,7,17,10,60,0,1,0,0.5477702617645264,0.5477702617645264,0.45222973823547363,0.5477702617645264,17,3,3,zero_shot_paired
241,8,17,11,60,1,0,0,0.5742828249931335,0.5742828249931335,0.5742828249931335,0.4257171154022217,17,3,3,zero_shot_paired
241,9,17,12,60,1,1,1,0.662699282169342,0.662699282169342,0.33730071783065796,0.662699282169342,17,3,3,zero_shot_paired
241,10,17,13,60,1,1,1,0.6264277696609497,0.6264277696609497,0.37357228994369507,0.6264277696609497,17,3,3,zero_shot_paired
241,11,17,14,60,1,0,0,0.5226476192474365,0.5226476192474365,0.5226476192474365,0.4773523807525635,17,3,3,zero_shot_paired
241,12,17,15,60,1,1,1,0.5973106622695923,0.5973106622695923,0.4026893973350525,0.5973106622695923,17,3,3,zero_shot_paired
241,13,17,16,60,1,1,1,0.8834843635559082,0.8834843635559082,0.11651561409235,0.8834843635559082,17,3,3,zero_shot_paired
241,14,17,17,60,1,1,1,0.7872164249420166,0.7872164249420166,0.2127835899591446,0.7872164249420166,17,3,3,zero_shot_paired
241,0,17,1,60,1,1,1,0.7698962688446045,0.7698962688446045,0.2301037609577179,0.7698962688446045,17,3,3,post_calibration
241,1,17,2,60,1,1,1,0.7549996376037598,0.7549996376037598,0.24500031769275665,0.7549996376037598,17,3,3,post_calibration
241,2,17,3,60,1,1,1,0.8323505520820618,0.8323505520820618,0.16764940321445465,0.8323505520820618,17,3,3,post_calibration
241,3,17,6,60,1,1,1,0.5044840574264526,0.5044840574264526,0.49551594257354736,0.5044840574264526,17,3,3,post_calibration
241,4,17,7,60,1,1,1,0.5263351798057556,0.5263351798057556,0.4736648499965668,0.5263351798057556,17,3,3,post_calibration
241,5,17,8,60,1,0,0,0.7471752166748047,0.7471752166748047,0.7471752166748047,0.2528248131275177,17,3,3,post_calibration
241,6,17,9,60,0,0,1,0.5719459652900696,0.5719459652900696,0.5719459652900696,0.4280540645122528,17,3,3,post_calibration
241,7,17,10,60,0,1,0,0.5805898904800415,0.5805898904800415,0.4194101393222809,0.5805898904800415,17,3,3,post_calibration
241,8,17,11,60,1,0,0,0.5437719225883484,0.5437719225883484,0.5437719225883484,0.4562280774116516,17,3,3,post_calibration
241,9,17,12,60,1,1,1,0.6684340238571167,0.6684340238571167,0.3315660059452057,0.6684340238571167,17,3,3,post_calibration
241,10,17,13,60,1,1,1,0.686844527721405,0.686844527721405,0.31315553188323975,0.686844527721405,17,3,3,post_calibration
241,11,17,14,60,1,1,1,0.5219242572784424,0.5219242572784424,0.47807577252388,0.5219242572784424,17,3,3,post_calibration
241,12,17,15,60,1,1,1,0.600843608379364,0.600843608379364,0.399156391620636,0.600843608379364,17,3,3,post_calibration
241,13,17,16,60,1,1,1,0.8809691667556763,0.8809691667556763,0.11903079599142075,0.8809691667556763,17,3,3,post_calibration
241,14,17,17,60,1,1,1,0.7715424299240112,0.7715424299240112,0.22845761477947235,0.7715424299240112,17,3,3,post_calibration
242,0,17,0,60,0,1,0,0.5875345468521118,0.5875345468521118,0.4124654531478882,0.5875345468521118,17,4,3,zero_shot_paired
242,1,17,1,60,1,1,1,0.7766731977462769,0.7766731977462769,0.22332677245140076,0.7766731977462769,17,4,3,zero_shot_paired
242,2,17,3,60,1,1,1,0.823257327079773,0.823257327079773,0.17674264311790466,0.823257327079773,17,4,3,zero_shot_paired
242,3,17,4,60,1,0,0,0.628767192363739,0.628767192363739,0.628767192363739,0.3712327778339386,17,4,3,zero_shot_paired
242,4,17,5,60,1,1,1,0.5021305084228516,0.5021305084228516,0.49786949157714844,0.5021305084228516,17,4,3,zero_shot_paired
242,5,17,6,60,1,0,0,0.5048731565475464,0.5048731565475464,0.5048731565475464,0.495126873254776,17,4,3,zero_shot_paired
242,6,17,7,60,1,0,0,0.5016994476318359,0.5016994476318359,0.5016994476318359,0.49830055236816406,17,4,3,zero_shot_paired
242,7,17,8,60,1,0,0,0.754607081413269,0.754607081413269,0.754607081413269,0.24539287388324738,17,4,3,zero_shot_paired
242,8,17,9,60,0,0,1,0.593739926815033,0.593739926815033,0.593739926815033,0.40626004338264465,17,4,3,zero_shot_paired
242,9,17,10,60,0,1,0,0.5477702617645264,0.5477702617645264,0.45222973823547363,0.5477702617645264,17,4,3,zero_shot_paired
242,10,17,11,60,1,0,0,0.5742828249931335,0.5742828249931335,0.5742828249931335,0.4257171154022217,17,4,3,zero_shot_paired
242,11,17,12,60,1,1,1,0.662699282169342,0.662699282169342,0.33730071783065796,0.662699282169342,17,4,3,zero_shot_paired
242,12,17,13,60,1,1,1,0.6264277696609497,0.6264277696609497,0.37357228994369507,0.6264277696609497,17,4,3,zero_shot_paired
242,13,17,14,60,1,0,0,0.5226476192474365,0.5226476192474365,0.5226476192474365,0.4773523807525635,17,4,3,zero_shot_paired
242,14,17,16,60,1,1,1,0.8834843635559082,0.8834843635559082,0.11651561409235,0.8834843635559082,17,4,3,zero_shot_paired
242,0,17,0,60,0,1,0,0.6218369603157043,0.6218369603157043,0.37816303968429565,0.6218369603157043,17,4,3,post_calibration
242,1,17,1,60,1,1,1,0.7777011394500732,0.7777011394500732,0.22229890525341034,0.7777011394500732,17,4,3,post_calibration
242,2,17,3,60,1,1,1,0.8400520086288452,0.8400520086288452,0.1599479764699936,0.8400520086288452,17,4,3,post_calibration
242,3,17,4,60,1,0,0,0.6109269261360168,0.6109269261360168,0.6109269261360168,0.38907310366630554,17,4,3,post_calibration
242,4,17,5,60,1,1,1,0.5372822880744934,0.5372822880744934,0.462717741727829,0.5372822880744934,17,4,3,post_calibration
242,5,17,6,60,1,0,0,0.506267249584198,0.506267249584198,0.506267249584198,0.4937328100204468,17,4,3,post_calibration
242,6,17,7,60,1,0,0,0.5036162734031677,0.5036162734031677,0.5036162734031677,0.4963837265968323,17,4,3,post_calibration
242,7,17,8,60,1,0,0,0.7526281476020813,0.7526281476020813,0.7526281476020813,0.2473718523979187,17,4,3,post_calibration
242,8,17,9,60,0,0,1,0.580220103263855,0.580220103263855,0.580220103263855,0.41977986693382263,17,4,3,post_calibration
242,9,17,10,60,0,1,0,0.5579751133918762,0.5579751133918762,0.4420248568058014,0.5579751133918762,17,4,3,post_calibration
242,10,17,11,60,1,0,0,0.5603823661804199,0.5603823661804199,0.5603823661804199,0.43961766362190247,17,4,3,post_calibration
242,11,17,12,60,1,1,1,0.697327196598053,0.697327196598053,0.302672803401947,0.697327196598053,17,4,3,post_calibration
242,12,17,13,60,1,1,1,0.6368614435195923,0.6368614435195923,0.3631385862827301,0.6368614435195923,17,4,3,post_calibration
242,13,17,14,60,1,0,0,0.512122631072998,0.512122631072998,0.512122631072998,0.48787736892700195,17,4,3,post_calibration
242,14,17,16,60,1,1,1,0.890323281288147,0.890323281288147,0.10967671126127243,0.890323281288147,17,4,3,post_calibration
243,0,17,0,60,0,1,0,0.5875345468521118,0.5875345468521118,0.4124654531478882,0.5875345468521118,17,5,3,zero_shot_paired
243,1,17,1,60,1,1,1,0.7766731977462769,0.7766731977462769,0.22332677245140076,0.7766731977462769,17,5,3,zero_shot_paired
243,2,17,2,60,1,1,1,0.7523936629295349,0.7523936629295349,0.2476063072681427,0.7523936629295349,17,5,3,zero_shot_paired
243,3,17,4,60,1,0,0,0.628767192363739,0.628767192363739,0.628767192363739,0.3712327778339386,17,5,3,zero_shot_paired
243,4,17,5,60,1,1,1,0.5021305084228516,0.5021305084228516,0.49786949157714844,0.5021305084228516,17,5,3,zero_shot_paired
243,5,17,6,60,1,0,0,0.5048731565475464,0.5048731565475464,0.5048731565475464,0.495126873254776,17,5,3,zero_shot_paired
243,6,17,8,60,1,0,0,0.754607081413269,0.754607081413269,0.754607081413269,0.24539287388324738,17,5,3,zero_shot_paired
243,7,17,10,60,0,1,0,0.5477702617645264,0.5477702617645264,0.45222973823547363,0.5477702617645264,17,5,3,zero_shot_paired
243,8,17,11,60,1,0,0,0.5742828249931335,0.5742828249931335,0.5742828249931335,0.4257171154022217,17,5,3,zero_shot_paired
243,9,17,12,60,1,1,1,0.662699282169342,0.662699282169342,0.33730071783065796,0.662699282169342,17,5,3,zero_shot_paired
243,10,17,13,60,1,1,1,0.6264277696609497,0.6264277696609497,0.37357228994369507,0.6264277696609497,17,5,3,zero_shot_paired
243,11,17,14,60,1,0,0,0.5226476192474365,0.5226476192474365,0.5226476192474365,0.4773523807525635,17,5,3,zero_shot_paired
243,12,17,15,60,1,1,1,0.5973106622695923,0.5973106622695923,0.4026893973350525,0.5973106622695923,17,5,3,zero_shot_paired
243,13,17,16,60,1,1,1,0.8834843635559082,0.8834843635559082,0.11651561409235,0.8834843635559082,17,5,3,zero_shot_paired
243,14,17,17,60,1,1,1,0.7872164249420166,0.7872164249420166,0.2127835899591446,0.7872164249420166,17,5,3,zero_shot_paired
243,0,17,0,60,0,1,0,0.5760855674743652,0.5760855674743652,0.4239144027233124,0.5760855674743652,17,5,3,post_calibration
243,1,17,1,60,1,1,1,0.7993860840797424,0.7993860840797424,0.20061394572257996,0.7993860840797424,17,5,3,post_calibration
243,2,17,2,60,1,1,1,0.7578951716423035,0.7578951716423035,0.24210481345653534,0.7578951716423035,17,5,3,post_calibration
243,3,17,4,60,1,0,0,0.6159274578094482,0.6159274578094482,0.6159274578094482,0.38407257199287415,17,5,3,post_calibration
243,4,17,5,60,1,0,0,0.5030974745750427,0.5030974745750427,0.5030974745750427,0.4969024956226349,17,5,3,post_calibration
243,5,17,6,60,1,0,0,0.507712721824646,0.507712721824646,0.507712721824646,0.4922873079776764,17,5,3,post_calibration
243,6,17,8,60,1,0,0,0.7838360071182251,0.7838360071182251,0.7838360071182251,0.21616403758525848,17,5,3,post_calibration
243,7,17,10,60,0,1,0,0.5444910526275635,0.5444910526275635,0.45550891757011414,0.5444910526275635,17,5,3,post_calibration
243,8,17,11,60,1,0,0,0.557485818862915,0.557485818862915,0.557485818862915,0.44251418113708496,17,5,3,post_calibration
243,9,17,12,60,1,1,1,0.6787846088409424,0.6787846088409424,0.32121542096138,0.6787846088409424,17,5,3,post_calibration
243,10,17,13,60,1,1,1,0.6340354084968567,0.6340354084968567,0.3659645915031433,0.6340354084968567,17,5,3,post_calibration
243,11,17,14,60,1,0,0,0.5053403377532959,0.5053403377532959,0.5053403377532959,0.4946596324443817,17,5,3,post_calibration
243,12,17,15,60,1,1,1,0.6121901273727417,0.6121901273727417,0.3878098726272583,0.6121901273727417,17,5,3,post_calibration
243,13,17,16,60,1,1,1,0.8850637674331665,0.8850637674331665,0.11493618786334991,0.8850637674331665,17,5,3,post_calibration
243,14,17,17,60,1,1,1,0.7715329527854919,0.7715329527854919,0.22846703231334686,0.7715329527854919,17,5,3,post_calibration
244,0,17,0,60,0,1,0,0.5875345468521118,0.5875345468521118,0.4124654531478882,0.5875345468521118,17,6,3,zero_shot_paired
244,1,17,1,60,1,1,1,0.7766731977462769,0.7766731977462769,0.22332677245140076,0.7766731977462769,17,6,3,zero_shot_paired
244,2,17,2,60,1,1,1,0.7523936629295349,0.7523936629295349,0.2476063072681427,0.7523936629295349,17,6,3,zero_shot_paired
244,3,17,3,60,1,1,1,0.823257327079773,0.823257327079773,0.17674264311790466,0.823257327079773,17,6,3,zero_shot_paired
244,4,17,4,60,1,0,0,0.628767192363739,0.628767192363739,0.628767192363739,0.3712327778339386,17,6,3,zero_shot_paired
244,5,17,5,60,1,1,1,0.5021305084228516,0.5021305084228516,0.49786949157714844,0.5021305084228516,17,6,3,zero_shot_paired
244,6,17,6,60,1,0,0,0.5048731565475464,0.5048731565475464,0.5048731565475464,0.495126873254776,17,6,3,zero_shot_paired
244,7,17,7,60,1,0,0,0.5016994476318359,0.5016994476318359,0.5016994476318359,0.49830055236816406,17,6,3,zero_shot_paired
244,8,17,8,60,1,0,0,0.754607081413269,0.754607081413269,0.754607081413269,0.24539287388324738,17,6,3,zero_shot_paired
244,9,17,9,60,0,0,1,0.593739926815033,0.593739926815033,0.593739926815033,0.40626004338264465,17,6,3,zero_shot_paired
244,10,17,11,60,1,0,0,0.5742828249931335,0.5742828249931335,0.5742828249931335,0.4257171154022217,17,6,3,zero_shot_paired
244,11,17,12,60,1,1,1,0.662699282169342,0.662699282169342,0.33730071783065796,0.662699282169342,17,6,3,zero_shot_paired
244,12,17,14,60,1,0,0,0.5226476192474365,0.5226476192474365,0.5226476192474365,0.4773523807525635,17,6,3,zero_shot_paired
244,13,17,15,60,1,1,1,0.5973106622695923,0.5973106622695923,0.4026893973350525,0.5973106622695923,17,6,3,zero_shot_paired
244,14,17,17,60,1,1,1,0.7872164249420166,0.7872164249420166,0.2127835899591446,0.7872164249420166,17,6,3,zero_shot_paired
244,0,17,0,60,0,1,0,0.5773538947105408,0.5773538947105408,0.4226461350917816,0.5773538947105408,17,6,3,post_calibration
244,1,17,1,60,1,1,1,0.7853535413742065,0.7853535413742065,0.2146463841199875,0.7853535413742065,17,6,3,post_calibration
244,2,17,2,60,1,1,1,0.7524803876876831,0.7524803876876831,0.2475196272134781,0.7524803876876831,17,6,3,post_calibration
244,3,17,3,60,1,1,1,0.8199620842933655,0.8199620842933655,0.1800379604101181,0.8199620842933655,17,6,3,post_calibration
244,4,17,4,60,1,0,0,0.6162450313568115,0.6162450313568115,0.6162450313568115,0.3837549388408661,17,6,3,post_calibration
244,5,17,5,60,1,1,1,0.5265006422996521,0.5265006422996521,0.4734993577003479,0.5265006422996521,17,6,3,post_calibration
244,6,17,6,60,1,1,1,0.5037917494773865,0.5037917494773865,0.4962082505226135,0.5037917494773865,17,6,3,post_calibration
244,7,17,7,60,1,1,1,0.5168431401252747,0.5168431401252747,0.48315683007240295,0.5168431401252747,17,6,3,post_calibration
244,8,17,8,60,1,0,0,0.7574861645698547,0.7574861645698547,0.7574861645698547,0.24251382052898407,17,6,3,post_calibration
244,9,17,9,60,0,0,1,0.5758060812950134,0.5758060812950134,0.5758060812950134,0.42419394850730896,17,6,3,post_calibration
244,10,17,11,60,1,0,0,0.5784965753555298,0.5784965753555298,0.5784965753555298,0.4215034246444702,17,6,3,post_calibration
244,11,17,12,60,1,1,1,0.6593999862670898,0.6593999862670898,0.34059998393058777,0.6593999862670898,17,6,3,post_calibration
244,12,17,14,60,1,0,0,0.5188452005386353,0.5188452005386353,0.5188452005386353,0.48115479946136475,17,6,3,post_calibration
244,13,17,15,60,1,1,1,0.5981013178825378,0.5981013178825378,0.40189871191978455,0.5981013178825378,17,6,3,post_calibration
244,14,17,17,60,1,1,1,0.7846144437789917,0.7846144437789917,0.2153855413198471,0.7846144437789917,17,6,3,post_calibration
245,0,17,0,60,0,1,0,0.5875345468521118,0.5875345468521118,0.4124654531478882,0.5875345468521118,17,1,6,zero_shot_paired
245,1,17,2,60,1,1,1,0.7523936629295349,0.7523936629295349,0.2476063072681427,0.7523936629295349,17,1,6,zero_shot_paired
245,2,17,3,60,1,1,1,0.823257327079773,0.823257327079773,0.17674264311790466,0.823257327079773,17,1,6,zero_shot_paired
245,3,17,4,60,1,0,0,0.628767192363739,0.628767192363739,0.628767192363739,0.3712327778339386,17,1,6,zero_shot_paired
245,4,17,5,60,1,1,1,0.5021305084228516,0.5021305084228516,0.49786949157714844,0.5021305084228516,17,1,6,zero_shot_paired
245,5,17,7,60,1,0,0,0.5016994476318359,0.5016994476318359,0.5016994476318359,0.49830055236816406,17,1,6,zero_shot_paired
245,6,17,8,60,1,0,0,0.754607081413269,0.754607081413269,0.754607081413269,0.24539287388324738,17,1,6,zero_shot_paired
245,7,17,9,60,0,0,1,0.593739926815033,0.593739926815033,0.593739926815033,0.40626004338264465,17,1,6,zero_shot_paired
245,8,17,11,60,1,0,0,0.5742828249931335,0.5742828249931335,0.5742828249931335,0.4257171154022217,17,1,6,zero_shot_paired
245,9,17,13,60,1,1,1,0.6264277696609497,0.6264277696609497,0.37357228994369507,0.6264277696609497,17,1,6,zero_shot_paired
245,10,17,14,60,1,0,0,0.5226476192474365,0.5226476192474365,0.5226476192474365,0.4773523807525635,17,1,6,zero_shot_paired
245,11,17,16,60,1,1,1,0.8834843635559082,0.8834843635559082,0.11651561409235,0.8834843635559082,17,1,6,zero_shot_paired
245,0,17,0,60,0,1,0,0.6197013854980469,0.6197013854980469,0.38029855489730835,0.6197013854980469,17,1,6,post_calibration
245,1,17,2,60,1,1,1,0.7597814798355103,0.7597814798355103,0.24021856486797333,0.7597814798355103,17,1,6,post_calibration
245,2,17,3,60,1,1,1,0.8304663896560669,0.8304663896560669,0.16953366994857788,0.8304663896560669,17,1,6,post_calibration
245,3,17,4,60,1,0,0,0.5975657105445862,0.5975657105445862,0.5975657105445862,0.4024343192577362,17,1,6,post_calibration
245,4,17,5,60,1,0,0,0.5066676735877991,0.5066676735877991,0.5066676735877991,0.49333229660987854,17,1,6,post_calibration
245,5,17,7,60,1,1,1,0.5381830930709839,0.5381830930709839,0.4618168771266937,0.5381830930709839,17,1,6,post_calibration
245,6,17,8,60,1,0,0,0.7726379036903381,0.7726379036903381,0.7726379036903381,0.22736209630966187,17,1,6,post_calibration
245,7,17,9,60,0,0,1,0.5601981282234192,0.5601981282234192,0.5601981282234192,0.4398018717765808,17,1,6,post_calibration
245,8,17,11,60,1,0,0,0.5542442798614502,0.5542442798614502,0.5542442798614502,0.4457556903362274,17,1,6,post_calibration
245,9,17,13,60,1,1,1,0.5921618342399597,0.5921618342399597,0.4078381657600403,0.5921618342399597,17,1,6,post_calibration
245,10,17,14,60,1,0,0,0.5593746900558472,0.5593746900558472,0.5593746900558472,0.4406253397464752,17,1,6,post_calibration
245,11,17,16,60,1,1,1,0.9006417393684387,0.9006417393684387,0.09935818612575531,0.9006417393684387,17,1,6,post_calibration
246,0,17,0,60,0,1,0,0.5875345468521118,0.5875345468521118,0.4124654531478882,0.5875345468521118,17,2,6,zero_shot_paired
246,1,17,1,60,1,1,1,0.7766731977462769,0.7766731977462769,0.22332677245140076,0.7766731977462769,17,2,6,zero_shot_paired
246,2,17,2,60,1,1,1,0.7523936629295349,0.7523936629295349,0.2476063072681427,0.7523936629295349,17,2,6,zero_shot_paired
246,3,17,3,60,1,1,1,0.823257327079773,0.823257327079773,0.17674264311790466,0.823257327079773,17,2,6,zero_shot_paired
246,4,17,5,60,1,1,1,0.5021305084228516,0.5021305084228516,0.49786949157714844,0.5021305084228516,17,2,6,zero_shot_paired
246,5,17,6,60,1,0,0,0.5048731565475464,0.5048731565475464,0.5048731565475464,0.495126873254776,17,2,6,zero_shot_paired
246,6,17,7,60,1,0,0,0.5016994476318359,0.5016994476318359,0.5016994476318359,0.49830055236816406,17,2,6,zero_shot_paired
246,7,17,10,60,0,1,0,0.5477702617645264,0.5477702617645264,0.45222973823547363,0.5477702617645264,17,2,6,zero_shot_paired
246,8,17,12,60,1,1,1,0.662699282169342,0.662699282169342,0.33730071783065796,0.662699282169342,17,2,6,zero_shot_paired
246,9,17,13,60,1,1,1,0.6264277696609497,0.6264277696609497,0.37357228994369507,0.6264277696609497,17,2,6,zero_shot_paired
246,10,17,15,60,1,1,1,0.5973106622695923,0.5973106622695923,0.4026893973350525,0.5973106622695923,17,2,6,zero_shot_paired
246,11,17,17,60,1,1,1,0.7872164249420166,0.7872164249420166,0.2127835899591446,0.7872164249420166,17,2,6,zero_shot_paired
246,0,17,0,60,0,1,0,0.6080232262611389,0.6080232262611389,0.3919767439365387,0.6080232262611389,17,2,6,post_calibration
246,1,17,1,60,1,1,1,0.7751343846321106,0.7751343846321106,0.22486558556556702,0.7751343846321106,17,2,6,post_calibration
246,2,17,2,60,1,1,1,0.7746566534042358,0.7746566534042358,0.22534336149692535,0.7746566534042358,17,2,6,post_calibration
246,3,17,3,60,1,1,1,0.8532968759536743,0.8532968759536743,0.14670315384864807,0.8532968759536743,17,2,6,post_calibration
246,4,17,5,60,1,1,1,0.572220504283905,0.572220504283905,0.42777949571609497,0.572220504283905,17,2,6,post_calibration
246,5,17,6,60,1,1,1,0.530004620552063,0.530004620552063,0.4699953496456146,0.530004620552063,17,2,6,post_calibration
246,6,17,7,60,1,0,0,0.5022029876708984,0.5022029876708984,0.5022029876708984,0.49779704213142395,17,2,6,post_calibration
246,7,17,10,60,0,1,0,0.6326782703399658,0.6326782703399658,0.3673216998577118,0.6326782703399658,17,2,6,post_calibration
246,8,17,12,60,1,1,1,0.7053238153457642,0.7053238153457642,0.2946762144565582,0.7053238153457642,17,2,6,post_calibration
246,9,17,13,60,1,1,1,0.6834195256233215,0.6834195256233215,0.31658053398132324,0.6834195256233215,17,2,6,post_calibration
246,10,17,15,60,1,1,1,0.6204204559326172,0.6204204559326172,0.3795796036720276,0.6204204559326172,17,2,6,post_calibration
246,11,17,17,60,1,1,1,0.7905808091163635,0.7905808091163635,0.2094191610813141,0.7905808091163635,17,2,6,post_calibration
247,0,17,1,60,1,1,1,0.7766731977462769,0.7766731977462769,0.22332677245140076,0.7766731977462769,17,3,6,zero_shot_paired
247,1,17,4,60,1,0,0,0.628767192363739,0.628767192363739,0.628767192363739,0.3712327778339386,17,3,6,zero_shot_paired
247,2,17,6,60,1,0,0,0.5048731565475464,0.5048731565475464,0.5048731565475464,0.495126873254776,17,3,6,zero_shot_paired
247,3,17,8,60,1,0,0,0.754607081413269,0.754607081413269,0.754607081413269,0.24539287388324738,17,3,6,zero_shot_paired
247,4,17,9,60,0,0,1,0.593739926815033,0.593739926815033,0.593739926815033,0.40626004338264465,17,3,6,zero_shot_paired
247,5,17,10,60,0,1,0,0.5477702617645264,0.5477702617645264,0.45222973823547363,0.5477702617645264,17,3,6,zero_shot_paired
247,6,17,11,60,1,0,0,0.5742828249931335,0.5742828249931335,0.5742828249931335,0.4257171154022217,17,3,6,zero_shot_paired
247,7,17,12,60,1,1,1,0.662699282169342,0.662699282169342,0.33730071783065796,0.662699282169342,17,3,6,zero_shot_paired
247,8,17,14,60,1,0,0,0.5226476192474365,0.5226476192474365,0.5226476192474365,0.4773523807525635,17,3,6,zero_shot_paired
247,9,17,15,60,1,1,1,0.5973106622695923,0.5973106622695923,0.4026893973350525,0.5973106622695923,17,3,6,zero_shot_paired
247,10,17,16,60,1,1,1,0.8834843635559082,0.8834843635559082,0.11651561409235,0.8834843635559082,17,3,6,zero_shot_paired
247,11,17,17,60,1,1,1,0.7872164249420166,0.7872164249420166,0.2127835899591446,0.7872164249420166,17,3,6,zero_shot_paired
247,0,17,1,60,1,1,1,0.7842570543289185,0.7842570543289185,0.21574290096759796,0.7842570543289185,17,3,6,post_calibration
247,1,17,4,60,1,0,0,0.6100215911865234,0.6100215911865234,0.6100215911865234,0.3899783790111542,17,3,6,post_calibration
247,2,17,6,60,1,1,1,0.5243794322013855,0.5243794322013855,0.4756205379962921,0.5243794322013855,17,3,6,post_calibration
247,3,17,8,60,1,0,0,0.7462068796157837,0.7462068796157837,0.7462068796157837,0.2537930905818939,17,3,6,post_calibration
247,4,17,9,60,0,0,1,0.5863859057426453,0.5863859057426453,0.5863859057426453,0.41361406445503235,17,3,6,post_calibration
247,5,17,10,60,0,1,0,0.5868391990661621,0.5868391990661621,0.4131608009338379,0.5868391990661621,17,3,6,post_calibration
247,6,17,11,60,1,0,0,0.5567347407341003,0.5567347407341003,0.5567347407341003,0.44326525926589966,17,3,6,post_calibration
247,7,17,12,60,1,1,1,0.6523348689079285,0.6523348689079285,0.3476651608943939,0.6523348689079285,17,3,6,post_calibration
247,8,17,14,60,1,1,1,0.5296112298965454,0.5296112298965454,0.4703887701034546,0.5296112298965454,17,3,6,post_calibration
247,9,17,15,60,1,1,1,0.5995162725448608,0.5995162725448608,0.40048372745513916,0.5995162725448608,17,3,6,post_calibration
247,10,17,16,60,1,1,1,0.8852080702781677,0.8852080702781677,0.11479191482067108,0.8852080702781677,17,3,6,post_calibration
247,11,17,17,60,1,1,1,0.7717682719230652,0.7717682719230652,0.228231742978096,0.7717682719230652,17,3,6,post_calibration
248,0,17,0,60,0,1,0,0.5875363349914551,0.5875363349914551,0.41246360540390015,0.5875363349914551,17,1,9,zero_shot_paired
248,1,17,2,60,1,1,1,0.7523936629295349,0.7523936629295349,0.2476063072681427,0.7523936629295349,17,1,9,zero_shot_paired
248,2,17,3,60,1,1,1,0.8232540488243103,0.8232540488243103,0.17674598097801208,0.8232540488243103,17,1,9,zero_shot_paired
248,3,17,6,60,1,0,0,0.504869282245636,0.504869282245636,0.504869282245636,0.4951306879520416,17,1,9,zero_shot_paired
248,4,17,7,60,1,0,0,0.5016994476318359,0.5016994476318359,0.5016994476318359,0.49830055236816406,17,1,9,zero_shot_paired
248,5,17,10,60,0,1,0,0.5477702617645264,0.5477702617645264,0.45222973823547363,0.5477702617645264,17,1,9,zero_shot_paired
248,6,17,12,60,1,1,1,0.6626975536346436,0.6626975536346436,0.33730244636535645,0.6626975536346436,17,1,9,zero_shot_paired
248,7,17,14,60,1,0,0,0.5226438045501709,0.5226438045501709,0.5226438045501709,0.4773561954498291,17,1,9,zero_shot_paired
248,8,17,15,60,1,1,1,0.5973106622695923,0.5973106622695923,0.4026893973350525,0.5973106622695923,17,1,9,zero_shot_paired
248,0,17,0,60,0,1,0,0.6444244384765625,0.6444244384765625,0.3555755317211151,0.6444244384765625,17,1,9,post_calibration
248,1,17,2,60,1,1,1,0.7773170471191406,0.7773170471191406,0.22268298268318176,0.7773170471191406,17,1,9,post_calibration
248,2,17,3,60,1,1,1,0.8637161254882812,0.8637161254882812,0.13628387451171875,0.8637161254882812,17,1,9,post_calibration
248,3,17,6,60,1,1,1,0.5346238613128662,0.5346238613128662,0.465376079082489,0.5346238613128662,17,1,9,post_calibration
248,4,17,7,60,1,1,1,0.5140687227249146,0.5140687227249146,0.48593127727508545,0.5140687227249146,17,1,9,post_calibration
248,5,17,10,60,0,1,0,0.6417311429977417,0.6417311429977417,0.3582688271999359,0.6417311429977417,17,1,9,post_calibration
248,6,17,12,60,1,1,1,0.718754768371582,0.718754768371582,0.2812452018260956,0.718754768371582,17,1,9,post_calibration
248,7,17,14,60,1,1,1,0.5722540616989136,0.5722540616989136,0.42774590849876404,0.5722540616989136,17,1,9,post_calibration
248,8,17,15,60,1,1,1,0.6473141312599182,0.6473141312599182,0.3526858687400818,0.6473141312599182,17,1,9,post_calibration
249,0,17,1,60,1,1,1,0.7766718864440918,0.7766718864440918,0.223328098654747,0.7766718864440918,17,2,9,zero_shot_paired
249,1,17,4,60,1,0,0,0.628767192363739,0.628767192363739,0.628767192363739,0.3712327778339386,17,2,9,zero_shot_paired
249,2,17,5,60,1,1,1,0.5021132826805115,0.5021132826805115,0.49788668751716614,0.5021132826805115,17,2,9,zero_shot_paired
249,3,17,8,60,1,0,0,0.754605770111084,0.754605770111084,0.754605770111084,0.2453942745923996,17,2,9,zero_shot_paired
249,4,17,9,60,0,0,1,0.5937362313270569,0.5937362313270569,0.5937362313270569,0.4062637388706207,17,2,9,zero_shot_paired
249,5,17,11,60,1,0,0,0.5742940902709961,0.5742940902709961,0.5742940902709961,0.4257059395313263,17,2,9,zero_shot_paired
249,6,17,13,60,1,1,1,0.6264312863349915,0.6264312863349915,0.37356865406036377,0.6264312863349915,17,2,9,zero_shot_paired
249,7,17,16,60,1,1,1,0.8834859132766724,0.8834859132766724,0.11651403456926346,0.8834859132766724,17,2,9,zero_shot_paired
249,8,17,17,60,1,1,1,0.7872304320335388,0.7872304320335388,0.2127695232629776,0.7872304320335388,17,2,9,zero_shot_paired
249,0,17,1,60,1,1,1,0.8064635396003723,0.8064635396003723,0.19353647530078888,0.8064635396003723,17,2,9,post_calibration
249,1,17,4,60,1,0,0,0.6041598916053772,0.6041598916053772,0.6041598916053772,0.395840048789978,17,2,9,post_calibration
249,2,17,5,60,1,1,1,0.5243261456489563,0.5243261456489563,0.4756738245487213,0.5243261456489563,17,2,9,post_calibration
249,3,17,8,60,1,0,0,0.7487357258796692,0.7487357258796692,0.7487357258796692,0.2512642741203308,17,2,9,post_calibration
249,4,17,9,60,0,0,1,0.590817928314209,0.590817928314209,0.590817928314209,0.409182071685791,17,2,9,post_calibration
249,5,17,11,60,1,0,0,0.5287482738494873,0.5287482738494873,0.5287482738494873,0.47125178575515747,17,2,9,post_calibration
249,6,17,13,60,1,1,1,0.6712331771850586,0.6712331771850586,0.32876676321029663,0.6712331771850586,17,2,9,post_calibration
249,7,17,16,60,1,1,1,0.8912074565887451,0.8912074565887451,0.10879258066415787,0.8912074565887451,17,2,9,post_calibration
249,8,17,17,60,1,1,1,0.7884381413459778,0.7884381413459778,0.21156184375286102,0.7884381413459778,17,2,9,post_calibration
250,0,17,3,60,1,1,1,0.8232240676879883,0.8232240676879883,0.1767759472131729,0.8232240676879883,17,1,12,zero_shot_paired
250,1,17,4,60,1,0,0,0.6288260221481323,0.6288260221481323,0.6288260221481323,0.37117403745651245,17,1,12,zero_shot_paired
250,2,17,8,60,1,0,0,0.7545958161354065,0.7545958161354065,0.7545958161354065,0.2454041689634323,17,1,12,zero_shot_paired
250,3,17,9,60,0,0,1,0.5936497449874878,0.5936497449874878,0.5936497449874878,0.4063502252101898,17,1,12,zero_shot_paired
250,4,17,15,60,1,1,1,0.5971674919128418,0.5971674919128418,0.4028325378894806,0.5971674919128418,17,1,12,zero_shot_paired
250,5,17,16,60,1,1,1,0.8835276365280151,0.8835276365280151,0.11647241562604904,0.8835276365280151,17,1,12,zero_shot_paired
250,0,17,3,60,1,1,1,0.8339848518371582,0.8339848518371582,0.16601520776748657,0.8339848518371582,17,1,12,post_calibration
250,1,17,4,60,1,0,0,0.5751462578773499,0.5751462578773499,0.5751462578773499,0.42485377192497253,17,1,12,post_calibration
250,2,17,8,60,1,0,0,0.7584044337272644,0.7584044337272644,0.7584044337272644,0.24159564077854156,17,1,12,post_calibration
250,3,17,9,60,0,0,1,0.5748535394668579,0.5748535394668579,0.5748535394668579,0.4251464307308197,17,1,12,post_calibration
250,4,17,15,60,1,1,1,0.6227120757102966,0.6227120757102966,0.377287894487381,0.6227120757102966,17,1,12,post_calibration
250,5,17,16,60,1,1,1,0.8907309174537659,0.8907309174537659,0.10926912724971771,0.8907309174537659,17,1,12,post_calibration
251,0,17,0,60,0,1,0,0.5874069929122925,0.5874069929122925,0.4125930368900299,0.5874069929122925,17,2,12,zero_shot_paired
251,1,17,3,60,1,1,1,0.8232240676879883,0.8232240676879883,0.1767759472131729,0.8232240676879883,17,2,12,zero_shot_paired
251,2,17,5,60,1,1,1,0.5020160675048828,0.5020160675048828,0.4979839324951172,0.5020160675048828,17,2,12,zero_shot_paired
251,3,17,7,60,1,0,0,0.5017242431640625,0.5017242431640625,0.5017242431640625,0.4982757568359375,17,2,12,zero_shot_paired
251,4,17,13,60,1,1,1,0.6266276240348816,0.6266276240348816,0.37337231636047363,0.6266276240348816,17,2,12,zero_shot_paired
251,5,17,17,60,1,1,1,0.7872419953346252,0.7872419953346252,0.21275801956653595,0.7872419953346252,17,2,12,zero_shot_paired
251,0,17,0,60,0,1,0,0.6184419989585876,0.6184419989585876,0.3815579414367676,0.6184419989585876,17,2,12,post_calibration
251,1,17,3,60,1,1,1,0.8378345966339111,0.8378345966339111,0.1621653288602829,0.8378345966339111,17,2,12,post_calibration
251,2,17,5,60,1,1,1,0.5393339395523071,0.5393339395523071,0.46066609025001526,0.5393339395523071,17,2,12,post_calibration
251,3,17,7,60,1,1,1,0.5154770016670227,0.5154770016670227,0.4845230281352997,0.5154770016670227,17,2,12,post_calibration
251,4,17,13,60,1,1,1,0.6494171023368835,0.6494171023368835,0.35058292746543884,0.6494171023368835,17,2,12,post_calibration
251,5,17,17,60,1,1,1,0.7931184768676758,0.7931184768676758,0.2068815380334854,0.7931184768676758,17,2,12,post_calibration
252,0,17,0,60,0,1,0,0.5874069929122925,0.5874069929122925,0.4125930368900299,0.5874069929122925,17,3,12,zero_shot_paired
252,1,17,2,60,1,1,1,0.7523609399795532,0.7523609399795532,0.247639000415802,0.7523609399795532,17,3,12,zero_shot_paired
252,2,17,3,60,1,1,1,0.8232240676879883,0.8232240676879883,0.1767759472131729,0.8232240676879883,17,3,12,zero_shot_paired
252,3,17,6,60,1,0,0,0.5050504803657532,0.5050504803657532,0.5050504803657532,0.4949495196342468,17,3,12,zero_shot_paired
252,4,17,8,60,1,0,0,0.7545958161354065,0.7545958161354065,0.7545958161354065,0.2454041689634323,17,3,12,zero_shot_paired
252,5,17,17,60,1,1,1,0.7872419953346252,0.7872419953346252,0.21275801956653595,0.7872419953346252,17,3,12,zero_shot_paired
252,0,17,0,60,0,1,0,0.62682044506073,0.62682044506073,0.3731795847415924,0.62682044506073,17,3,12,post_calibration
252,1,17,2,60,1,1,1,0.7668615579605103,0.7668615579605103,0.23313845694065094,0.7668615579605103,17,3,12,post_calibration
252,2,17,3,60,1,1,1,0.8650647401809692,0.8650647401809692,0.13493524491786957,0.8650647401809692,17,3,12,post_calibration
252,3,17,6,60,1,1,1,0.5193937420845032,0.5193937420845032,0.4806062877178192,0.5193937420845032,17,3,12,post_calibration
252,4,17,8,60,1,0,0,0.73562091588974,0.73562091588974,0.73562091588974,0.2643791139125824,17,3,12,post_calibration
252,5,17,17,60,1,1,1,0.7796903252601624,0.7796903252601624,0.22030968964099884,0.7796903252601624,17,3,12,post_calibration
19,0,18,0,60,0,1,0,0.7109795808792114,0.7109795808792114,0.2890203893184662,0.7109795808792114,18,,,zero_shot_all_trials
19,1,18,1,60,1,1,1,0.8670507073402405,0.8670507073402405,0.13294929265975952,0.8670507073402405,18,,,zero_shot_all_trials
19,2,18,2,60,1,1,1,0.643527090549469,0.643527090549469,0.356472909450531,0.643527090549469,18,,,zero_shot_all_trials
19,3,18,3,60,1,0,0,0.6552757620811462,0.6552757620811462,0.6552757620811462,0.34472429752349854,18,,,zero_shot_all_trials
19,4,18,4,60,1,0,0,0.655806303024292,0.655806303024292,0.655806303024292,0.344193696975708,18,,,zero_shot_all_trials
19,5,18,5,60,1,0,0,0.7511393427848816,0.7511393427848816,0.7511393427848816,0.24886061251163483,18,,,zero_shot_all_trials
19,6,18,6,60,1,0,0,0.6385887861251831,0.6385887861251831,0.6385887861251831,0.3614111840724945,18,,,zero_shot_all_trials
19,7,18,7,60,1,1,1,0.5035495162010193,0.5035495162010193,0.4964504539966583,0.5035495162010193,18,,,zero_shot_all_trials
19,8,18,8,60,1,0,0,0.8602848052978516,0.8602848052978516,0.8602848052978516,0.13971519470214844,18,,,zero_shot_all_trials
19,9,18,9,60,1,0,0,0.610518753528595,0.610518753528595,0.610518753528595,0.38948121666908264,18,,,zero_shot_all_trials
19,10,18,10,60,1,1,1,0.5624262690544128,0.5624262690544128,0.43757376074790955,0.5624262690544128,18,,,zero_shot_all_trials
19,11,18,11,60,1,1,1,0.5515491962432861,0.5515491962432861,0.44845080375671387,0.5515491962432861,18,,,zero_shot_all_trials
19,12,18,12,60,1,1,1,0.691038191318512,0.691038191318512,0.30896180868148804,0.691038191318512,18,,,zero_shot_all_trials
19,13,18,13,60,1,1,1,0.8200194835662842,0.8200194835662842,0.17998051643371582,0.8200194835662842,18,,,zero_shot_all_trials
19,14,18,14,60,1,0,0,0.593485951423645,0.593485951423645,0.593485951423645,0.4065140187740326,18,,,zero_shot_all_trials
19,15,18,15,60,1,1,1,0.7035733461380005,0.7035733461380005,0.2964266538619995,0.7035733461380005,18,,,zero_shot_all_trials
19,16,18,16,60,1,0,0,0.6326091289520264,0.6326091289520264,0.6326091289520264,0.36739084124565125,18,,,zero_shot_all_trials
19,17,18,17,60,1,1,1,0.7574763298034668,0.7574763298034668,0.24252364039421082,0.7574763298034668,18,,,zero_shot_all_trials
253,0,18,0,60,0,1,0,0.7109780311584473,0.7109780311584473,0.28902193903923035,0.7109780311584473,18,1,3,zero_shot_paired
253,1,18,1,60,1,1,1,0.8670533895492554,0.8670533895492554,0.1329466700553894,0.8670533895492554,18,1,3,zero_shot_paired
253,2,18,2,60,1,1,1,0.643527090549469,0.643527090549469,0.356472909450531,0.643527090549469,18,1,3,zero_shot_paired
253,3,18,3,60,1,0,0,0.6552790999412537,0.6552790999412537,0.6552790999412537,0.34472084045410156,18,1,3,zero_shot_paired
253,4,18,5,60,1,0,0,0.7511379718780518,0.7511379718780518,0.7511379718780518,0.24886207282543182,18,1,3,zero_shot_paired
253,5,18,7,60,1,1,1,0.5035533308982849,0.5035533308982849,0.4964466691017151,0.5035533308982849,18,1,3,zero_shot_paired
253,6,18,8,60,1,0,0,0.8602893948554993,0.8602893948554993,0.8602893948554993,0.13971060514450073,18,1,3,zero_shot_paired
253,7,18,9,60,1,0,0,0.6105151176452637,0.6105151176452637,0.6105151176452637,0.38948485255241394,18,1,3,zero_shot_paired
253,8,18,10,60,1,1,1,0.5624186992645264,0.5624186992645264,0.43758127093315125,0.5624186992645264,18,1,3,zero_shot_paired
253,9,18,11,60,1,1,1,0.5515397787094116,0.5515397787094116,0.44846025109291077,0.5515397787094116,18,1,3,zero_shot_paired
253,10,18,12,60,1,1,1,0.691038191318512,0.691038191318512,0.30896180868148804,0.691038191318512,18,1,3,zero_shot_paired
253,11,18,13,60,1,1,1,0.8200262784957886,0.8200262784957886,0.1799737811088562,0.8200262784957886,18,1,3,zero_shot_paired
253,12,18,14,60,1,0,0,0.5934877991676331,0.5934877991676331,0.5934877991676331,0.40651220083236694,18,1,3,zero_shot_paired
253,13,18,15,60,1,1,1,0.7035733461380005,0.7035733461380005,0.2964266538619995,0.7035733461380005,18,1,3,zero_shot_paired
253,14,18,17,60,1,1,1,0.7574777603149414,0.7574777603149414,0.2425222545862198,0.7574777603149414,18,1,3,zero_shot_paired
253,0,18,0,60,0,1,0,0.7532795071601868,0.7532795071601868,0.24672046303749084,0.7532795071601868,18,1,3,post_calibration
253,1,18,1,60,1,1,1,0.8688928484916687,0.8688928484916687,0.1311071664094925,0.8688928484916687,18,1,3,post_calibration
253,2,18,2,60,1,1,1,0.6667036414146423,0.6667036414146423,0.33329635858535767,0.6667036414146423,18,1,3,post_calibration
253,3,18,3,60,1,0,0,0.6678723692893982,0.6678723692893982,0.6678723692893982,0.3321276009082794,18,1,3,post_calibration
253,4,18,5,60,1,0,0,0.7222118377685547,0.7222118377685547,0.7222118377685547,0.2777881920337677,18,1,3,post_calibration
253,5,18,7,60,1,1,1,0.5588386654853821,0.5588386654853821,0.4411613345146179,0.5588386654853821,18,1,3,post_calibration
253,6,18,8,60,1,0,0,0.8158407807350159,0.8158407807350159,0.8158407807350159,0.18415918946266174,18,1,3,post_calibration
253,7,18,9,60,1,0,0,0.5726032853126526,0.5726032853126526,0.5726032853126526,0.4273967146873474,18,1,3,post_calibration
253,8,18,10,60,1,1,1,0.6112913489341736,0.6112913489341736,0.3887087106704712,0.6112913489341736,18,1,3,post_calibration
253,9,18,11,60,1,1,1,0.6158534288406372,0.6158534288406372,0.3841465711593628,0.6158534288406372,18,1,3,post_calibration
253,10,18,12,60,1,1,1,0.6970002055168152,0.6970002055168152,0.3029997944831848,0.6970002055168152,18,1,3,post_calibration
253,11,18,13,60,1,1,1,0.8157662749290466,0.8157662749290466,0.18423372507095337,0.8157662749290466,18,1,3,post_calibration
253,12,18,14,60,1,0,0,0.5835186243057251,0.5835186243057251,0.5835186243057251,0.4164814054965973,18,1,3,post_calibration
253,13,18,15,60,1,1,1,0.7553029656410217,0.7553029656410217,0.24469703435897827,0.7553029656410217,18,1,3,post_calibration
253,14,18,17,60,1,1,1,0.7733795046806335,0.7733795046806335,0.22662045061588287,0.7733795046806335,18,1,3,post_calibration
254,0,18,1,60,1,1,1,0.8670516014099121,0.8670516014099121,0.13294841349124908,0.8670516014099121,18,2,3,zero_shot_paired
254,1,18,2,60,1,1,1,0.6435253620147705,0.6435253620147705,0.3564746677875519,0.6435253620147705,18,2,3,zero_shot_paired
254,2,18,3,60,1,0,0,0.6552808284759521,0.6552808284759521,0.6552808284759521,0.34471914172172546,18,2,3,zero_shot_paired
254,3,18,4,60,1,0,0,0.655806303024292,0.655806303024292,0.655806303024292,0.344193696975708,18,2,3,zero_shot_paired
254,4,18,5,60,1,0,0,0.7511435747146606,0.7511435747146606,0.7511435747146606,0.2488563507795334,18,2,3,zero_shot_paired
254,5,18,6,60,1,0,0,0.6385852694511414,0.6385852694511414,0.6385852694511414,0.36141470074653625,18,2,3,zero_shot_paired
254,6,18,7,60,1,1,1,0.5035476088523865,0.5035476088523865,0.4964523911476135,0.5035476088523865,18,2,3,zero_shot_paired
254,7,18,8,60,1,0,0,0.8602884411811829,0.8602884411811829,0.8602884411811829,0.13971152901649475,18,2,3,zero_shot_paired
254,8,18,10,60,1,1,1,0.5624206066131592,0.5624206066131592,0.4375793933868408,0.5624206066131592,18,2,3,zero_shot_paired
254,9,18,11,60,1,1,1,0.5515379309654236,0.5515379309654236,0.4484621286392212,0.5515379309654236,18,2,3,zero_shot_paired
254,10,18,12,60,1,1,1,0.6910446882247925,0.6910446882247925,0.30895528197288513,0.6910446882247925,18,2,3,zero_shot_paired
254,11,18,13,60,1,1,1,0.8200262784957886,0.8200262784957886,0.1799737811088562,0.8200262784957886,18,2,3,zero_shot_paired
254,12,18,15,60,1,1,1,0.7035717368125916,0.7035717368125916,0.29642823338508606,0.7035717368125916,18,2,3,zero_shot_paired
254,13,18,16,60,1,0,0,0.6326127052307129,0.6326127052307129,0.6326127052307129,0.3673872947692871,18,2,3,zero_shot_paired
254,14,18,17,60,1,1,1,0.7574707269668579,0.7574707269668579,0.2425292283296585,0.7574707269668579,18,2,3,zero_shot_paired
254,0,18,1,60,1,1,1,0.8660219311714172,0.8660219311714172,0.13397811353206635,0.8660219311714172,18,2,3,post_calibration
254,1,18,2,60,1,1,1,0.6503562331199646,0.6503562331199646,0.349643737077713,0.6503562331199646,18,2,3,post_calibration
254,2,18,3,60,1,0,0,0.670866072177887,0.670866072177887,0.670866072177887,0.32913389801979065,18,2,3,post_calibration
254,3,18,4,60,1,0,0,0.6588737368583679,0.6588737368583679,0.6588737368583679,0.3411262035369873,18,2,3,post_calibration
254,4,18,5,60,1,0,0,0.7690585851669312,0.7690585851669312,0.7690585851669312,0.23094144463539124,18,2,3,post_calibration
254,5,18,6,60,1,0,0,0.6602323055267334,0.6602323055267334,0.6602323055267334,0.339767724275589,18,2,3,post_calibration
254,6,18,7,60,1,1,1,0.5117775797843933,0.5117775797843933,0.4882223606109619,0.5117775797843933,18,2,3,post_calibration
254,7,18,8,60,1,0,0,0.8610377907752991,0.8610377907752991,0.8610377907752991,0.13896219432353973,18,2,3,post_calibration
254,8,18,10,60,1,1,1,0.5368706583976746,0.5368706583976746,0.46312934160232544,0.5368706583976746,18,2,3,post_calibration
254,9,18,11,60,1,1,1,0.5367701053619385,0.5367701053619385,0.4632298946380615,0.5367701053619385,18,2,3,post_calibration
254,10,18,12,60,1,1,1,0.6843134760856628,0.6843134760856628,0.31568652391433716,0.6843134760856628,18,2,3,post_calibration
254,11,18,13,60,1,1,1,0.8138957023620605,0.8138957023620605,0.18610429763793945,0.8138957023620605,18,2,3,post_calibration
254,12,18,15,60,1,1,1,0.6851007342338562,0.6851007342338562,0.3148992359638214,0.6851007342338562,18,2,3,post_calibration
254,13,18,16,60,1,0,0,0.6386399269104004,0.6386399269104004,0.6386399269104004,0.3613601326942444,18,2,3,post_calibration
254,14,18,17,60,1,1,1,0.765527606010437,0.765527606010437,0.2344723790884018,0.765527606010437,18,2,3,post_calibration
255,0,18,0,60,0,1,0,0.7109811902046204,0.7109811902046204,0.289018839597702,0.7109811902046204,18,3,3,zero_shot_paired
255,1,18,2,60,1,1,1,0.6435253620147705,0.6435253620147705,0.3564746677875519,0.6435253620147705,18,3,3,zero_shot_paired
255,2,18,3,60,1,0,0,0.6552808284759521,0.6552808284759521,0.6552808284759521,0.34471914172172546,18,3,3,zero_shot_paired
255,3,18,4,60,1,0,0,0.655806303024292,0.655806303024292,0.655806303024292,0.344193696975708,18,3,3,zero_shot_paired
255,4,18,5,60,1,0,0,0.7511435747146606,0.7511435747146606,0.7511435747146606,0.2488563507795334,18,3,3,zero_shot_paired
255,5,18,6,60,1,0,0,0.6385852694511414,0.6385852694511414,0.6385852694511414,0.36141470074653625,18,3,3,zero_shot_paired
255,6,18,7,60,1,1,1,0.5035476088523865,0.5035476088523865,0.4964523911476135,0.5035476088523865,18,3,3,zero_shot_paired
255,7,18,8,60,1,0,0,0.8602884411811829,0.8602884411811829,0.8602884411811829,0.13971152901649475,18,3,3,zero_shot_paired
255,8,18,9,60,1,0,0,0.610520601272583,0.610520601272583,0.610520601272583,0.389479398727417,18,3,3,zero_shot_paired
255,9,18,11,60,1,1,1,0.5515379309654236,0.5515379309654236,0.4484621286392212,0.5515379309654236,18,3,3,zero_shot_paired
255,10,18,13,60,1,1,1,0.8200262784957886,0.8200262784957886,0.1799737811088562,0.8200262784957886,18,3,3,zero_shot_paired
255,11,18,14,60,1,0,0,0.5934877991676331,0.5934877991676331,0.5934877991676331,0.40651220083236694,18,3,3,zero_shot_paired
255,12,18,15,60,1,1,1,0.7035717368125916,0.7035717368125916,0.29642823338508606,0.7035717368125916,18,3,3,zero_shot_paired
255,13,18,16,60,1,0,0,0.6326127052307129,0.6326127052307129,0.6326127052307129,0.3673872947692871,18,3,3,zero_shot_paired
255,14,18,17,60,1,1,1,0.7574707269668579,0.7574707269668579,0.2425292283296585,0.7574707269668579,18,3,3,zero_shot_paired
255,0,18,0,60,0,1,0,0.7514601349830627,0.7514601349830627,0.24853989481925964,0.7514601349830627,18,3,3,post_calibration
255,1,18,2,60,1,1,1,0.690394401550293,0.690394401550293,0.30960559844970703,0.690394401550293,18,3,3,post_calibration
255,2,18,3,60,1,0,0,0.6233446598052979,0.6233446598052979,0.6233446598052979,0.37665536999702454,18,3,3,post_calibration
255,3,18,4,60,1,0,0,0.6230992078781128,0.6230992078781128,0.6230992078781128,0.3769007921218872,18,3,3,post_calibration
255,4,18,5,60,1,0,0,0.7317525148391724,0.7317525148391724,0.7317525148391724,0.26824748516082764,18,3,3,post_calibration
255,5,18,6,60,1,0,0,0.5914725661277771,0.5914725661277771,0.5914725661277771,0.4085274934768677,18,3,3,post_calibration
255,6,18,7,60,1,0,0,0.5138590335845947,0.5138590335845947,0.5138590335845947,0.4861409664154053,18,3,3,post_calibration
255,7,18,8,60,1,0,0,0.8533207178115845,0.8533207178115845,0.8533207178115845,0.14667928218841553,18,3,3,post_calibration
255,8,18,9,60,1,0,0,0.6110374927520752,0.6110374927520752,0.6110374927520752,0.3889625072479248,18,3,3,post_calibration
255,9,18,11,60,1,1,1,0.6187048554420471,0.6187048554420471,0.38129517436027527,0.6187048554420471,18,3,3,post_calibration
255,10,18,13,60,1,1,1,0.8469123840332031,0.8469123840332031,0.15308766067028046,0.8469123840332031,18,3,3,post_calibration
255,11,18,14,60,1,0,0,0.5931527614593506,0.5931527614593506,0.5931527614593506,0.4068472385406494,18,3,3,post_calibration
255,12,18,15,60,1,1,1,0.7395547032356262,0.7395547032356262,0.26044532656669617,0.7395547032356262,18,3,3,post_calibration
255,13,18,16,60,1,0,0,0.6287476420402527,0.6287476420402527,0.6287476420402527,0.3712523877620697,18,3,3,post_calibration
255,14,18,17,60,1,1,1,0.7864909172058105,0.7864909172058105,0.21350911259651184,0.7864909172058105,18,3,3,post_calibration
256,0,18,0,60,0,1,0,0.7109811902046204,0.7109811902046204,0.289018839597702,0.7109811902046204,18,4,3,zero_shot_paired
256,1,18,1,60,1,1,1,0.8670516014099121,0.8670516014099121,0.13294841349124908,0.8670516014099121,18,4,3,zero_shot_paired
256,2,18,3,60,1,0,0,0.6552808284759521,0.6552808284759521,0.6552808284759521,0.34471914172172546,18,4,3,zero_shot_paired
256,3,18,4,60,1,0,0,0.655806303024292,0.655806303024292,0.655806303024292,0.344193696975708,18,4,3,zero_shot_paired
256,4,18,6,60,1,0,0,0.6385852694511414,0.6385852694511414,0.6385852694511414,0.36141470074653625,18,4,3,zero_shot_paired
256,5,18,7,60,1,1,1,0.5035476088523865,0.5035476088523865,0.4964523911476135,0.5035476088523865,18,4,3,zero_shot_paired
256,6,18,9,60,1,0,0,0.610520601272583,0.610520601272583,0.610520601272583,0.389479398727417,18,4,3,zero_shot_paired
256,7,18,10,60,1,1,1,0.5624206066131592,0.5624206066131592,0.4375793933868408,0.5624206066131592,18,4,3,zero_shot_paired
256,8,18,11,60,1,1,1,0.5515379309654236,0.5515379309654236,0.4484621286392212,0.5515379309654236,18,4,3,zero_shot_paired
256,9,18,12,60,1,1,1,0.6910446882247925,0.6910446882247925,0.30895528197288513,0.6910446882247925,18,4,3,zero_shot_paired
256,10,18,13,60,1,1,1,0.8200262784957886,0.8200262784957886,0.1799737811088562,0.8200262784957886,18,4,3,zero_shot_paired
256,11,18,14,60,1,0,0,0.5934877991676331,0.5934877991676331,0.5934877991676331,0.40651220083236694,18,4,3,zero_shot_paired
256,12,18,15,60,1,1,1,0.7035717368125916,0.7035717368125916,0.29642823338508606,0.7035717368125916,18,4,3,zero_shot_paired
256,13,18,16,60,1,0,0,0.6326127052307129,0.6326127052307129,0.6326127052307129,0.3673872947692871,18,4,3,zero_shot_paired
256,14,18,17,60,1,1,1,0.7574707269668579,0.7574707269668579,0.2425292283296585,0.7574707269668579,18,4,3,zero_shot_paired
256,0,18,0,60,0,1,0,0.7370250821113586,0.7370250821113586,0.26297488808631897,0.7370250821113586,18,4,3,post_calibration
256,1,18,1,60,1,1,1,0.8743213415145874,0.8743213415145874,0.12567859888076782,0.8743213415145874,18,4,3,post_calibration
256,2,18,3,60,1,0,0,0.6235362887382507,0.6235362887382507,0.6235362887382507,0.37646374106407166,18,4,3,post_calibration
256,3,18,4,60,1,0,0,0.6124129295349121,0.6124129295349121,0.6124129295349121,0.38758713006973267,18,4,3,post_calibration
256,4,18,6,60,1,0,0,0.6169214248657227,0.6169214248657227,0.6169214248657227,0.38307857513427734,18,4,3,post_calibration
256,5,18,7,60,1,1,1,0.5311315059661865,0.5311315059661865,0.4688684940338135,0.5311315059661865,18,4,3,post_calibration
256,6,18,9,60,1,0,0,0.5881223678588867,0.5881223678588867,0.5881223678588867,0.4118776321411133,18,4,3,post_calibration
256,7,18,10,60,1,1,1,0.5806734561920166,0.5806734561920166,0.4193265438079834,0.5806734561920166,18,4,3,post_calibration
256,8,18,11,60,1,1,1,0.5910078883171082,0.5910078883171082,0.40899211168289185,0.5910078883171082,18,4,3,post_calibration
256,9,18,12,60,1,1,1,0.7076162695884705,0.7076162695884705,0.29238373041152954,0.7076162695884705,18,4,3,post_calibration
256,10,18,13,60,1,1,1,0.8212883472442627,0.8212883472442627,0.1787116378545761,0.8212883472442627,18,4,3,post_calibration
256,11,18,14,60,1,0,0,0.5855326652526855,0.5855326652526855,0.5855326652526855,0.41446736454963684,18,4,3,post_calibration
256,12,18,15,60,1,1,1,0.7324244379997253,0.7324244379997253,0.26757559180259705,0.7324244379997253,18,4,3,post_calibration
256,13,18,16,60,1,0,0,0.6018495559692383,0.6018495559692383,0.6018495559692383,0.3981504738330841,18,4,3,post_calibration
256,14,18,17,60,1,1,1,0.7709473967552185,0.7709473967552185,0.22905252873897552,0.7709473967552185,18,4,3,post_calibration
257,0,18,0,60,0,1,0,0.7109811902046204,0.7109811902046204,0.289018839597702,0.7109811902046204,18,5,3,zero_shot_paired
257,1,18,1,60,1,1,1,0.8670516014099121,0.8670516014099121,0.13294841349124908,0.8670516014099121,18,5,3,zero_shot_paired
257,2,18,2,60,1,1,1,0.6435253620147705,0.6435253620147705,0.3564746677875519,0.6435253620147705,18,5,3,zero_shot_paired
257,3,18,3,60,1,0,0,0.6552808284759521,0.6552808284759521,0.6552808284759521,0.34471914172172546,18,5,3,zero_shot_paired
257,4,18,4,60,1,0,0,0.655806303024292,0.655806303024292,0.655806303024292,0.344193696975708,18,5,3,zero_shot_paired
257,5,18,5,60,1,0,0,0.7511435747146606,0.7511435747146606,0.7511435747146606,0.2488563507795334,18,5,3,zero_shot_paired
257,6,18,6,60,1,0,0,0.6385852694511414,0.6385852694511414,0.6385852694511414,0.36141470074653625,18,5,3,zero_shot_paired
257,7,18,8,60,1,0,0,0.8602884411811829,0.8602884411811829,0.8602884411811829,0.13971152901649475,18,5,3,zero_shot_paired
257,8,18,9,60,1,0,0,0.610520601272583,0.610520601272583,0.610520601272583,0.389479398727417,18,5,3,zero_shot_paired
257,9,18,10,60,1,1,1,0.5624206066131592,0.5624206066131592,0.4375793933868408,0.5624206066131592,18,5,3,zero_shot_paired
257,10,18,12,60,1,1,1,0.6910446882247925,0.6910446882247925,0.30895528197288513,0.6910446882247925,18,5,3,zero_shot_paired
257,11,18,14,60,1,0,0,0.5934877991676331,0.5934877991676331,0.5934877991676331,0.40651220083236694,18,5,3,zero_shot_paired
257,12,18,15,60,1,1,1,0.7035717368125916,0.7035717368125916,0.29642823338508606,0.7035717368125916,18,5,3,zero_shot_paired
257,13,18,16,60,1,0,0,0.6326127052307129,0.6326127052307129,0.6326127052307129,0.3673872947692871,18,5,3,zero_shot_paired
257,14,18,17,60,1,1,1,0.7574707269668579,0.7574707269668579,0.2425292283296585,0.7574707269668579,18,5,3,zero_shot_paired
257,0,18,0,60,0,1,0,0.7311575412750244,0.7311575412750244,0.2688424289226532,0.7311575412750244,18,5,3,post_calibration
257,1,18,1,60,1,1,1,0.8819274306297302,0.8819274306297302,0.1180725172162056,0.8819274306297302,18,5,3,post_calibration
257,2,18,2,60,1,1,1,0.6740421056747437,0.6740421056747437,0.32595792412757874,0.6740421056747437,18,5,3,post_calibration
257,3,18,3,60,1,0,0,0.620759904384613,0.620759904384613,0.620759904384613,0.3792400658130646,18,5,3,post_calibration
257,4,18,4,60,1,0,0,0.6326002478599548,0.6326002478599548,0.6326002478599548,0.3673997223377228,18,5,3,post_calibration
257,5,18,5,60,1,0,0,0.7327293753623962,0.7327293753623962,0.7327293753623962,0.26727068424224854,18,5,3,post_calibration
257,6,18,6,60,1,0,0,0.6074939966201782,0.6074939966201782,0.6074939966201782,0.3925060033798218,18,5,3,post_calibration
257,7,18,8,60,1,0,0,0.8526059985160828,0.8526059985160828,0.8526059985160828,0.14739403128623962,18,5,3,post_calibration
257,8,18,9,60,1,0,0,0.6057479977607727,0.6057479977607727,0.6057479977607727,0.3942519426345825,18,5,3,post_calibration
257,9,18,10,60,1,1,1,0.613062858581543,0.613062858581543,0.3869371712207794,0.613062858581543,18,5,3,post_calibration
257,10,18,12,60,1,1,1,0.7421050071716309,0.7421050071716309,0.25789502263069153,0.7421050071716309,18,5,3,post_calibration
257,11,18,14,60,1,0,0,0.595913290977478,0.595913290977478,0.595913290977478,0.4040866792201996,18,5,3,post_calibration
257,12,18,15,60,1,1,1,0.7481036186218262,0.7481036186218262,0.25189635157585144,0.7481036186218262,18,5,3,post_calibration
257,13,18,16,60,1,0,0,0.616050124168396,0.616050124168396,0.616050124168396,0.3839498460292816,18,5,3,post_calibration
257,14,18,17,60,1,1,1,0.7869440317153931,0.7869440317153931,0.21305592358112335,0.7869440317153931,18,5,3,post_calibration
258,0,18,0,60,0,1,0,0.7109811902046204,0.7109811902046204,0.289018839597702,0.7109811902046204,18,6,3,zero_shot_paired
258,1,18,1,60,1,1,1,0.8670516014099121,0.8670516014099121,0.13294841349124908,0.8670516014099121,18,6,3,zero_shot_paired
258,2,18,2,60,1,1,1,0.6435253620147705,0.6435253620147705,0.3564746677875519,0.6435253620147705,18,6,3,zero_shot_paired
258,3,18,4,60,1,0,0,0.655806303024292,0.655806303024292,0.655806303024292,0.344193696975708,18,6,3,zero_shot_paired
258,4,18,5,60,1,0,0,0.7511435747146606,0.7511435747146606,0.7511435747146606,0.2488563507795334,18,6,3,zero_shot_paired
258,5,18,6,60,1,0,0,0.6385852694511414,0.6385852694511414,0.6385852694511414,0.36141470074653625,18,6,3,zero_shot_paired
258,6,18,7,60,1,1,1,0.5035476088523865,0.5035476088523865,0.4964523911476135,0.5035476088523865,18,6,3,zero_shot_paired
258,7,18,8,60,1,0,0,0.8602884411811829,0.8602884411811829,0.8602884411811829,0.13971152901649475,18,6,3,zero_shot_paired
258,8,18,9,60,1,0,0,0.610520601272583,0.610520601272583,0.610520601272583,0.389479398727417,18,6,3,zero_shot_paired
258,9,18,10,60,1,1,1,0.5624206066131592,0.5624206066131592,0.4375793933868408,0.5624206066131592,18,6,3,zero_shot_paired
258,10,18,11,60,1,1,1,0.5515379309654236,0.5515379309654236,0.4484621286392212,0.5515379309654236,18,6,3,zero_shot_paired
258,11,18,12,60,1,1,1,0.6910446882247925,0.6910446882247925,0.30895528197288513,0.6910446882247925,18,6,3,zero_shot_paired
258,12,18,13,60,1,1,1,0.8200262784957886,0.8200262784957886,0.1799737811088562,0.8200262784957886,18,6,3,zero_shot_paired
258,13,18,14,60,1,0,0,0.5934877991676331,0.5934877991676331,0.5934877991676331,0.40651220083236694,18,6,3,zero_shot_paired
258,14,18,16,60,1,0,0,0.6326127052307129,0.6326127052307129,0.6326127052307129,0.3673872947692871,18,6,3,zero_shot_paired
258,0,18,0,60,0,1,0,0.7274947166442871,0.7274947166442871,0.2725052535533905,0.7274947166442871,18,6,3,post_calibration
258,1,18,1,60,1,1,1,0.8901197910308838,0.8901197910308838,0.10988027602434158,0.8901197910308838,18,6,3,post_calibration
258,2,18,2,60,1,1,1,0.676686704158783,0.676686704158783,0.3233133554458618,0.676686704158783,18,6,3,post_calibration
258,3,18,4,60,1,0,0,0.625613272190094,0.625613272190094,0.625613272190094,0.374386727809906,18,6,3,post_calibration
258,4,18,5,60,1,0,0,0.7187424898147583,0.7187424898147583,0.7187424898147583,0.2812575101852417,18,6,3,post_calibration
258,5,18,6,60,1,0,0,0.6254523992538452,0.6254523992538452,0.6254523992538452,0.3745476007461548,18,6,3,post_calibration
258,6,18,7,60,1,1,1,0.5014266967773438,0.5014266967773438,0.49857330322265625,0.5014266967773438,18,6,3,post_calibration
258,7,18,8,60,1,0,0,0.8442595601081848,0.8442595601081848,0.8442595601081848,0.1557403951883316,18,6,3,post_calibration
258,8,18,9,60,1,0,0,0.5978206992149353,0.5978206992149353,0.5978206992149353,0.4021793007850647,18,6,3,post_calibration
258,9,18,10,60,1,1,1,0.5992323160171509,0.5992323160171509,0.4007676839828491,0.5992323160171509,18,6,3,post_calibration
258,10,18,11,60,1,1,1,0.6102103590965271,0.6102103590965271,0.3897897005081177,0.6102103590965271,18,6,3,post_calibration
258,11,18,12,60,1,1,1,0.7282805442810059,0.7282805442810059,0.27171948552131653,0.7282805442810059,18,6,3,post_calibration
258,12,18,13,60,1,1,1,0.8443237543106079,0.8443237543106079,0.1556762009859085,0.8443237543106079,18,6,3,post_calibration
258,13,18,14,60,1,0,0,0.6117299199104309,0.6117299199104309,0.6117299199104309,0.3882700502872467,18,6,3,post_calibration
258,14,18,16,60,1,0,0,0.6409730315208435,0.6409730315208435,0.6409730315208435,0.3590269684791565,18,6,3,post_calibration
259,0,18,0,60,0,1,0,0.7109811902046204,0.7109811902046204,0.289018839597702,0.7109811902046204,18,1,6,zero_shot_paired
259,1,18,2,60,1,1,1,0.6435253620147705,0.6435253620147705,0.3564746677875519,0.6435253620147705,18,1,6,zero_shot_paired
259,2,18,3,60,1,0,0,0.6552808284759521,0.6552808284759521,0.6552808284759521,0.34471914172172546,18,1,6,zero_shot_paired
259,3,18,4,60,1,0,0,0.655806303024292,0.655806303024292,0.655806303024292,0.344193696975708,18,1,6,zero_shot_paired
259,4,18,5,60,1,0,0,0.7511435747146606,0.7511435747146606,0.7511435747146606,0.2488563507795334,18,1,6,zero_shot_paired
259,5,18,6,60,1,0,0,0.6385852694511414,0.6385852694511414,0.6385852694511414,0.36141470074653625,18,1,6,zero_shot_paired
259,6,18,8,60,1,0,0,0.8602884411811829,0.8602884411811829,0.8602884411811829,0.13971152901649475,18,1,6,zero_shot_paired
259,7,18,10,60,1,1,1,0.5624206066131592,0.5624206066131592,0.4375793933868408,0.5624206066131592,18,1,6,zero_shot_paired
259,8,18,11,60,1,1,1,0.5515379309654236,0.5515379309654236,0.4484621286392212,0.5515379309654236,18,1,6,zero_shot_paired
259,9,18,12,60,1,1,1,0.6910446882247925,0.6910446882247925,0.30895528197288513,0.6910446882247925,18,1,6,zero_shot_paired
259,10,18,16,60,1,0,0,0.6326127052307129,0.6326127052307129,0.6326127052307129,0.3673872947692871,18,1,6,zero_shot_paired
259,11,18,17,60,1,1,1,0.7574707269668579,0.7574707269668579,0.2425292283296585,0.7574707269668579,18,1,6,zero_shot_paired
259,0,18,0,60,0,1,0,0.7286170721054077,0.7286170721054077,0.2713829278945923,0.7286170721054077,18,1,6,post_calibration
259,1,18,2,60,1,1,1,0.687116801738739,0.687116801738739,0.3128831684589386,0.687116801738739,18,1,6,post_calibration
259,2,18,3,60,1,0,0,0.6651523113250732,0.6651523113250732,0.6651523113250732,0.33484765887260437,18,1,6,post_calibration
259,3,18,4,60,1,0,0,0.6302725672721863,0.6302725672721863,0.6302725672721863,0.3697274625301361,18,1,6,post_calibration
259,4,18,5,60,1,0,0,0.748210072517395,0.748210072517395,0.748210072517395,0.25178998708724976,18,1,6,post_calibration
259,5,18,6,60,1,0,0,0.6234467625617981,0.6234467625617981,0.6234467625617981,0.3765532672405243,18,1,6,post_calibration
259,6,18,8,60,1,0,0,0.8319967985153198,0.8319967985153198,0.8319967985153198,0.1680031567811966,18,1,6,post_calibration
259,7,18,10,60,1,1,1,0.5573239922523499,0.5573239922523499,0.44267603754997253,0.5573239922523499,18,1,6,post_calibration
259,8,18,11,60,1,1,1,0.6006441116333008,0.6006441116333008,0.39935585856437683,0.6006441116333008,18,1,6,post_calibration
259,9,18,12,60,1,1,1,0.7014079689979553,0.7014079689979553,0.2985920310020447,0.7014079689979553,18,1,6,post_calibration
259,10,18,16,60,1,0,0,0.5761656761169434,0.5761656761169434,0.5761656761169434,0.42383429408073425,18,1,6,post_calibration
259,11,18,17,60,1,1,1,0.7857982516288757,0.7857982516288757,0.21420174837112427,0.7857982516288757,18,1,6,post_calibration
260,0,18,0,60,0,1,0,0.7109811902046204,0.7109811902046204,0.289018839597702,0.7109811902046204,18,2,6,zero_shot_paired
260,1,18,1,60,1,1,1,0.8670516014099121,0.8670516014099121,0.13294841349124908,0.8670516014099121,18,2,6,zero_shot_paired
260,2,18,4,60,1,0,0,0.655806303024292,0.655806303024292,0.655806303024292,0.344193696975708,18,2,6,zero_shot_paired
260,3,18,5,60,1,0,0,0.7511435747146606,0.7511435747146606,0.7511435747146606,0.2488563507795334,18,2,6,zero_shot_paired
260,4,18,7,60,1,1,1,0.5035476088523865,0.5035476088523865,0.4964523911476135,0.5035476088523865,18,2,6,zero_shot_paired
260,5,18,9,60,1,0,0,0.610520601272583,0.610520601272583,0.610520601272583,0.389479398727417,18,2,6,zero_shot_paired
260,6,18,10,60,1,1,1,0.5624206066131592,0.5624206066131592,0.4375793933868408,0.5624206066131592,18,2,6,zero_shot_paired
260,7,18,11,60,1,1,1,0.5515379309654236,0.5515379309654236,0.4484621286392212,0.5515379309654236,18,2,6,zero_shot_paired
260,8,18,13,60,1,1,1,0.8200262784957886,0.8200262784957886,0.1799737811088562,0.8200262784957886,18,2,6,zero_shot_paired
260,9,18,14,60,1,0,0,0.5934877991676331,0.5934877991676331,0.5934877991676331,0.40651220083236694,18,2,6,zero_shot_paired
260,10,18,15,60,1,1,1,0.7035717368125916,0.7035717368125916,0.29642823338508606,0.7035717368125916,18,2,6,zero_shot_paired
260,11,18,16,60,1,0,0,0.6326127052307129,0.6326127052307129,0.6326127052307129,0.3673872947692871,18,2,6,zero_shot_paired
260,0,18,0,60,0,1,0,0.7482531666755676,0.7482531666755676,0.25174686312675476,0.7482531666755676,18,2,6,post_calibration
260,1,18,1,60,1,1,1,0.8781934976577759,0.8781934976577759,0.12180647999048233,0.8781934976577759,18,2,6,post_calibration
260,2,18,4,60,1,0,0,0.6039592027664185,0.6039592027664185,0.6039592027664185,0.39604079723358154,18,2,6,post_calibration
260,3,18,5,60,1,0,0,0.7152096033096313,0.7152096033096313,0.7152096033096313,0.28479039669036865,18,2,6,post_calibration
260,4,18,7,60,1,1,1,0.5281683802604675,0.5281683802604675,0.47183161973953247,0.5281683802604675,18,2,6,post_calibration
260,5,18,9,60,1,0,0,0.5846899747848511,0.5846899747848511,0.5846899747848511,0.4153100550174713,18,2,6,post_calibration
260,6,18,10,60,1,1,1,0.6202406883239746,0.6202406883239746,0.379759281873703,0.6202406883239746,18,2,6,post_calibration
260,7,18,11,60,1,1,1,0.6269221305847168,0.6269221305847168,0.3730778396129608,0.6269221305847168,18,2,6,post_calibration
260,8,18,13,60,1,1,1,0.8378159403800964,0.8378159403800964,0.1621840000152588,0.8378159403800964,18,2,6,post_calibration
260,9,18,14,60,1,0,0,0.593069851398468,0.593069851398468,0.593069851398468,0.4069300889968872,18,2,6,post_calibration
260,10,18,15,60,1,1,1,0.748579204082489,0.748579204082489,0.2514207661151886,0.748579204082489,18,2,6,post_calibration
260,11,18,16,60,1,0,0,0.6057535409927368,0.6057535409927368,0.6057535409927368,0.39424651861190796,18,2,6,post_calibration
261,0,18,1,60,1,1,1,0.8670516014099121,0.8670516014099121,0.13294841349124908,0.8670516014099121,18,3,6,zero_shot_paired
261,1,18,2,60,1,1,1,0.6435253620147705,0.6435253620147705,0.3564746677875519,0.6435253620147705,18,3,6,zero_shot_paired
261,2,18,3,60,1,0,0,0.6552808284759521,0.6552808284759521,0.6552808284759521,0.34471914172172546,18,3,6,zero_shot_paired
261,3,18,6,60,1,0,0,0.6385852694511414,0.6385852694511414,0.6385852694511414,0.36141470074653625,18,3,6,zero_shot_paired
261,4,18,7,60,1,1,1,0.5035476088523865,0.5035476088523865,0.4964523911476135,0.5035476088523865,18,3,6,zero_shot_paired
261,5,18,8,60,1,0,0,0.8602884411811829,0.8602884411811829,0.8602884411811829,0.13971152901649475,18,3,6,zero_shot_paired
261,6,18,9,60,1,0,0,0.610520601272583,0.610520601272583,0.610520601272583,0.389479398727417,18,3,6,zero_shot_paired
261,7,18,12,60,1,1,1,0.6910446882247925,0.6910446882247925,0.30895528197288513,0.6910446882247925,18,3,6,zero_shot_paired
261,8,18,13,60,1,1,1,0.8200262784957886,0.8200262784957886,0.1799737811088562,0.8200262784957886,18,3,6,zero_shot_paired
261,9,18,14,60,1,0,0,0.5934877991676331,0.5934877991676331,0.5934877991676331,0.40651220083236694,18,3,6,zero_shot_paired
261,10,18,15,60,1,1,1,0.7035717368125916,0.7035717368125916,0.29642823338508606,0.7035717368125916,18,3,6,zero_shot_paired
261,11,18,17,60,1,1,1,0.7574707269668579,0.7574707269668579,0.2425292283296585,0.7574707269668579,18,3,6,zero_shot_paired
261,0,18,1,60,1,1,1,0.8793638348579407,0.8793638348579407,0.12063616514205933,0.8793638348579407,18,3,6,post_calibration
261,1,18,2,60,1,1,1,0.6605591177940369,0.6605591177940369,0.3394409120082855,0.6605591177940369,18,3,6,post_calibration
261,2,18,3,60,1,0,0,0.6166581511497498,0.6166581511497498,0.6166581511497498,0.38334187865257263,18,3,6,post_calibration
261,3,18,6,60,1,0,0,0.6131840348243713,0.6131840348243713,0.6131840348243713,0.3868159055709839,18,3,6,post_calibration
261,4,18,7,60,1,1,1,0.5380105376243591,0.5380105376243591,0.4619894325733185,0.5380105376243591,18,3,6,post_calibration
261,5,18,8,60,1,0,0,0.8291129469871521,0.8291129469871521,0.8291129469871521,0.1708870828151703,18,3,6,post_calibration
261,6,18,9,60,1,0,0,0.5900522470474243,0.5900522470474243,0.5900522470474243,0.4099476933479309,18,3,6,post_calibration
261,7,18,12,60,1,1,1,0.7095540165901184,0.7095540165901184,0.2904459834098816,0.7095540165901184,18,3,6,post_calibration
261,8,18,13,60,1,1,1,0.8286216259002686,0.8286216259002686,0.17137840390205383,0.8286216259002686,18,3,6,post_calibration
261,9,18,14,60,1,0,0,0.6012094616889954,0.6012094616889954,0.6012094616889954,0.39879050850868225,18,3,6,post_calibration
261,10,18,15,60,1,1,1,0.7415775656700134,0.7415775656700134,0.25842246413230896,0.7415775656700134,18,3,6,post_calibration
261,11,18,17,60,1,1,1,0.7555539011955261,0.7555539011955261,0.24444611370563507,0.7555539011955261,18,3,6,post_calibration
262,0,18,0,60,0,1,0,0.71097332239151,0.71097332239151,0.2890266478061676,0.71097332239151,18,1,9,zero_shot_paired
262,1,18,1,60,1,1,1,0.8670516014099121,0.8670516014099121,0.13294841349124908,0.8670516014099121,18,1,9,zero_shot_paired
262,2,18,2,60,1,1,1,0.6435235738754272,0.6435235738754272,0.35647639632225037,0.6435235738754272,18,1,9,zero_shot_paired
262,3,18,3,60,1,0,0,0.6552757620811462,0.6552757620811462,0.6552757620811462,0.34472429752349854,18,1,9,zero_shot_paired
262,4,18,5,60,1,0,0,0.7511407732963562,0.7511407732963562,0.7511407732963562,0.2488591969013214,18,1,9,zero_shot_paired
262,5,18,9,60,1,0,0,0.6105151176452637,0.6105151176452637,0.6105151176452637,0.38948485255241394,18,1,9,zero_shot_paired
262,6,18,12,60,1,1,1,0.6910446882247925,0.6910446882247925,0.30895528197288513,0.6910446882247925,18,1,9,zero_shot_paired
262,7,18,14,60,1,0,0,0.5934877991676331,0.5934877991676331,0.5934877991676331,0.40651220083236694,18,1,9,zero_shot_paired
262,8,18,16,60,1,0,0,0.6326020359992981,0.6326020359992981,0.6326020359992981,0.3673979640007019,18,1,9,zero_shot_paired
262,0,18,0,60,0,1,0,0.7593090534210205,0.7593090534210205,0.2406909167766571,0.7593090534210205,18,1,9,post_calibration
262,1,18,1,60,1,1,1,0.8701875805854797,0.8701875805854797,0.12981240451335907,0.8701875805854797,18,1,9,post_calibration
262,2,18,2,60,1,1,1,0.6975960731506348,0.6975960731506348,0.3024039566516876,0.6975960731506348,18,1,9,post_calibration
262,3,18,3,60,1,0,0,0.640293300151825,0.640293300151825,0.640293300151825,0.35970672965049744,18,1,9,post_calibration
262,4,18,5,60,1,0,0,0.7291960120201111,0.7291960120201111,0.7291960120201111,0.2708039879798889,18,1,9,post_calibration
262,5,18,9,60,1,0,0,0.5625407695770264,0.5625407695770264,0.5625407695770264,0.43745920062065125,18,1,9,post_calibration
262,6,18,12,60,1,1,1,0.7215807437896729,0.7215807437896729,0.27841922640800476,0.7215807437896729,18,1,9,post_calibration
262,7,18,14,60,1,0,0,0.5906906723976135,0.5906906723976135,0.5906906723976135,0.4093093276023865,18,1,9,post_calibration
262,8,18,16,60,1,0,0,0.5713256597518921,0.5713256597518921,0.5713256597518921,0.42867428064346313,18,1,9,post_calibration
263,0,18,4,60,1,0,0,0.6558011174201965,0.6558011174201965,0.6558011174201965,0.34419888257980347,18,2,9,zero_shot_paired
263,1,18,6,60,1,0,0,0.6385869979858398,0.6385869979858398,0.6385869979858398,0.3614129424095154,18,2,9,zero_shot_paired
263,2,18,7,60,1,1,1,0.5035552382469177,0.5035552382469177,0.4964447617530823,0.5035552382469177,18,2,9,zero_shot_paired
263,3,18,8,60,1,0,0,0.8602911829948425,0.8602911829948425,0.8602911829948425,0.1397087723016739,18,2,9,zero_shot_paired
263,4,18,10,60,1,1,1,0.562422513961792,0.562422513961792,0.4375775456428528,0.562422513961792,18,2,9,zero_shot_paired
263,5,18,11,60,1,1,1,0.5515303015708923,0.5515303015708923,0.4484696686267853,0.5515303015708923,18,2,9,zero_shot_paired
263,6,18,13,60,1,1,1,0.82002854347229,0.82002854347229,0.17997151613235474,0.82002854347229,18,2,9,zero_shot_paired
263,7,18,15,60,1,1,1,0.7035733461380005,0.7035733461380005,0.2964266538619995,0.7035733461380005,18,2,9,zero_shot_paired
263,8,18,17,60,1,1,1,0.757474958896637,0.757474958896637,0.24252504110336304,0.757474958896637,18,2,9,zero_shot_paired
263,0,18,4,60,1,0,0,0.6285926699638367,0.6285926699638367,0.6285926699638367,0.37140733003616333,18,2,9,post_calibration
263,1,18,6,60,1,0,0,0.6291500329971313,0.6291500329971313,0.6291500329971313,0.37084999680519104,18,2,9,post_calibration
263,2,18,7,60,1,1,1,0.5633441805839539,0.5633441805839539,0.43665581941604614,0.5633441805839539,18,2,9,post_calibration
263,3,18,8,60,1,0,0,0.828872799873352,0.828872799873352,0.828872799873352,0.17112718522548676,18,2,9,post_calibration
263,4,18,10,60,1,1,1,0.57968670129776,0.57968670129776,0.4203132688999176,0.57968670129776,18,2,9,post_calibration
263,5,18,11,60,1,1,1,0.5846065878868103,0.5846065878868103,0.4153934121131897,0.5846065878868103,18,2,9,post_calibration
263,6,18,13,60,1,1,1,0.829359233379364,0.829359233379364,0.170640766620636,0.829359233379364,18,2,9,post_calibration
263,7,18,15,60,1,1,1,0.7190847396850586,0.7190847396850586,0.2809152603149414,0.7190847396850586,18,2,9,post_calibration
263,8,18,17,60,1,1,1,0.7615759372711182,0.7615759372711182,0.2384241223335266,0.7615759372711182,18,2,9,post_calibration
264,0,18,7,60,1,1,1,0.5035895705223083,0.5035895705223083,0.49641042947769165,0.5035895705223083,18,1,12,zero_shot_paired
264,1,18,9,60,1,0,0,0.6104807257652283,0.6104807257652283,0.6104807257652283,0.3895193338394165,18,1,12,zero_shot_paired
264,2,18,10,60,1,1,1,0.5622478723526001,0.5622478723526001,0.4377521276473999,0.5622478723526001,18,1,12,zero_shot_paired
264,3,18,13,60,1,1,1,0.820029616355896,0.820029616355896,0.179970383644104,0.820029616355896,18,1,12,zero_shot_paired
264,4,18,14,60,1,0,0,0.5935669541358948,0.5935669541358948,0.5935669541358948,0.4064330458641052,18,1,12,zero_shot_paired
264,5,18,15,60,1,1,1,0.7036242485046387,0.7036242485046387,0.29637575149536133,0.7036242485046387,18,1,12,zero_shot_paired
264,0,18,7,60,1,1,1,0.5574877262115479,0.5574877262115479,0.44251224398612976,0.5574877262115479,18,1,12,post_calibration
264,1,18,9,60,1,0,0,0.5891975164413452,0.5891975164413452,0.5891975164413452,0.4108024537563324,18,1,12,post_calibration
264,2,18,10,60,1,1,1,0.6044828295707703,0.6044828295707703,0.39551717042922974,0.6044828295707703,18,1,12,post_calibration
264,3,18,13,60,1,1,1,0.8296462297439575,0.8296462297439575,0.1703537553548813,0.8296462297439575,18,1,12,post_calibration
264,4,18,14,60,1,0,0,0.6041854619979858,0.6041854619979858,0.6041854619979858,0.39581453800201416,18,1,12,post_calibration
264,5,18,15,60,1,1,1,0.7463036775588989,0.7463036775588989,0.2536962926387787,0.7463036775588989,18,1,12,post_calibration
265,0,18,7,60,1,1,1,0.5035895705223083,0.5035895705223083,0.49641042947769165,0.5035895705223083,18,2,12,zero_shot_paired
265,1,18,10,60,1,1,1,0.5622478723526001,0.5622478723526001,0.4377521276473999,0.5622478723526001,18,2,12,zero_shot_paired
265,2,18,12,60,1,1,1,0.6910935640335083,0.6910935640335083,0.3089064359664917,0.6910935640335083,18,2,12,zero_shot_paired
265,3,18,13,60,1,1,1,0.820029616355896,0.820029616355896,0.179970383644104,0.820029616355896,18,2,12,zero_shot_paired
265,4,18,14,60,1,0,0,0.5935669541358948,0.5935669541358948,0.5935669541358948,0.4064330458641052,18,2,12,zero_shot_paired
265,5,18,15,60,1,1,1,0.7036242485046387,0.7036242485046387,0.29637575149536133,0.7036242485046387,18,2,12,zero_shot_paired
265,0,18,7,60,1,1,1,0.541825532913208,0.541825532913208,0.4581744372844696,0.541825532913208,18,2,12,post_calibration
265,1,18,10,60,1,1,1,0.5995181202888489,0.5995181202888489,0.4004818797111511,0.5995181202888489,18,2,12,post_calibration
265,2,18,12,60,1,1,1,0.7126151323318481,0.7126151323318481,0.28738486766815186,0.7126151323318481,18,2,12,post_calibration
265,3,18,13,60,1,1,1,0.8254798650741577,0.8254798650741577,0.17452016472816467,0.8254798650741577,18,2,12,post_calibration
265,4,18,14,60,1,0,0,0.5927383899688721,0.5927383899688721,0.5927383899688721,0.40726158022880554,18,2,12,post_calibration
265,5,18,15,60,1,1,1,0.7548288702964783,0.7548288702964783,0.24517114460468292,0.7548288702964783,18,2,12,post_calibration
266,0,18,0,60,0,1,0,0.7110109329223633,0.7110109329223633,0.28898900747299194,0.7110109329223633,18,3,12,zero_shot_paired
266,1,18,5,60,1,0,0,0.7510694861412048,0.7510694861412048,0.7510694861412048,0.24893052875995636,18,3,12,zero_shot_paired
266,2,18,6,60,1,0,0,0.6385676860809326,0.6385676860809326,0.6385676860809326,0.36143234372138977,18,3,12,zero_shot_paired
266,3,18,11,60,1,1,1,0.551466166973114,0.551466166973114,0.4485338628292084,0.551466166973114,18,3,12,zero_shot_paired
266,4,18,13,60,1,1,1,0.820029616355896,0.820029616355896,0.179970383644104,0.820029616355896,18,3,12,zero_shot_paired
266,5,18,15,60,1,1,1,0.7036242485046387,0.7036242485046387,0.29637575149536133,0.7036242485046387,18,3,12,zero_shot_paired
266,0,18,0,60,0,1,0,0.7499251365661621,0.7499251365661621,0.2500748336315155,0.7499251365661621,18,3,12,post_calibration
266,1,18,5,60,1,0,0,0.7249996066093445,0.7249996066093445,0.7249996066093445,0.2750004231929779,18,3,12,post_calibration
266,2,18,6,60,1,0,0,0.5956284999847412,0.5956284999847412,0.5956284999847412,0.404371440410614,18,3,12,post_calibration
266,3,18,11,60,1,1,1,0.6427987217903137,0.6427987217903137,0.35720133781433105,0.6427987217903137,18,3,12,post_calibration
266,4,18,13,60,1,1,1,0.8238793015480042,0.8238793015480042,0.17612072825431824,0.8238793015480042,18,3,12,post_calibration
266,5,18,15,60,1,1,1,0.7554650902748108,0.7554650902748108,0.2445349395275116,0.7554650902748108,18,3,12,post_calibration
20,0,19,0,60,1,1,1,0.5469120740890503,0.5469120740890503,0.4530879259109497,0.5469120740890503,19,,,zero_shot_all_trials
20,1,19,1,60,0,1,0,0.749646008014679,0.749646008014679,0.25035396218299866,0.749646008014679,19,,,zero_shot_all_trials
20,2,19,2,60,1,1,1,0.7572604417800903,0.7572604417800903,0.24273954331874847,0.7572604417800903,19,,,zero_shot_all_trials
20,3,19,3,60,1,0,0,0.5719571709632874,0.5719571709632874,0.5719571709632874,0.42804282903671265,19,,,zero_shot_all_trials
20,4,19,4,60,1,1,1,0.8188681602478027,0.8188681602478027,0.18113189935684204,0.8188681602478027,19,,,zero_shot_all_trials
20,5,19,5,60,1,1,1,0.7366271018981934,0.7366271018981934,0.26337286829948425,0.7366271018981934,19,,,zero_shot_all_trials
20,6,19,6,60,1,0,0,0.63406902551651,0.63406902551651,0.63406902551651,0.3659309446811676,19,,,zero_shot_all_trials
20,7,19,7,60,1,0,0,0.7203744053840637,0.7203744053840637,0.7203744053840637,0.2796255648136139,19,,,zero_shot_all_trials
20,8,19,8,60,0,0,1,0.5560624599456787,0.5560624599456787,0.5560624599456787,0.4439375102519989,19,,,zero_shot_all_trials
20,9,19,9,60,0,1,0,0.6240769624710083,0.6240769624710083,0.3759229779243469,0.6240769624710083,19,,,zero_shot_all_trials
20,10,19,10,60,1,1,1,0.868974506855011,0.868974506855011,0.13102547824382782,0.868974506855011,19,,,zero_shot_all_trials
20,11,19,11,60,1,1,1,0.9014987349510193,0.9014987349510193,0.09850126504898071,0.9014987349510193,19,,,zero_shot_all_trials
20,12,19,12,60,1,1,1,0.810468316078186,0.810468316078186,0.18953163921833038,0.810468316078186,19,,,zero_shot_all_trials
20,13,19,13,60,0,1,0,0.7922521233558655,0.7922521233558655,0.20774789154529572,0.7922521233558655,19,,,zero_shot_all_trials
20,14,19,14,60,1,1,1,0.8241237998008728,0.8241237998008728,0.1758762001991272,0.8241237998008728,19,,,zero_shot_all_trials
20,15,19,15,60,1,1,1,0.8671131730079651,0.8671131730079651,0.1328868567943573,0.8671131730079651,19,,,zero_shot_all_trials
20,16,19,16,60,1,1,1,0.7217156887054443,0.7217156887054443,0.27828437089920044,0.7217156887054443,19,,,zero_shot_all_trials
20,17,19,17,60,1,1,1,0.9157441854476929,0.9157441854476929,0.08425581455230713,0.9157441854476929,19,,,zero_shot_all_trials
267,0,19,0,60,1,1,1,0.546917736530304,0.546917736530304,0.45308226346969604,0.546917736530304,19,1,3,zero_shot_paired
267,1,19,1,60,0,1,0,0.7496474981307983,0.7496474981307983,0.25035253167152405,0.7496474981307983,19,1,3,zero_shot_paired
267,2,19,2,60,1,1,1,0.7572646141052246,0.7572646141052246,0.24273532629013062,0.7572646141052246,19,1,3,zero_shot_paired
267,3,19,3,60,1,0,0,0.5719590187072754,0.5719590187072754,0.5719590187072754,0.4280409812927246,19,1,3,zero_shot_paired
267,4,19,4,60,1,1,1,0.8188669085502625,0.8188669085502625,0.18113303184509277,0.8188669085502625,19,1,3,zero_shot_paired
267,5,19,5,60,1,1,1,0.7366285920143127,0.7366285920143127,0.26337137818336487,0.7366285920143127,19,1,3,zero_shot_paired
267,6,19,6,60,1,0,0,0.6340619325637817,0.6340619325637817,0.6340619325637817,0.3659380376338959,19,1,3,zero_shot_paired
267,7,19,7,60,1,0,0,0.7203728556632996,0.7203728556632996,0.7203728556632996,0.27962711453437805,19,1,3,zero_shot_paired
267,8,19,8,60,0,0,1,0.5560606122016907,0.5560606122016907,0.5560606122016907,0.4439394176006317,19,1,3,zero_shot_paired
267,9,19,9,60,0,1,0,0.6240931153297424,0.6240931153297424,0.37590691447257996,0.6240931153297424,19,1,3,zero_shot_paired
267,10,19,10,60,1,1,1,0.868984043598175,0.868984043598175,0.13101591169834137,0.868984043598175,19,1,3,zero_shot_paired
267,11,19,12,60,1,1,1,0.8104788661003113,0.8104788661003113,0.18952107429504395,0.8104788661003113,19,1,3,zero_shot_paired
267,12,19,15,60,1,1,1,0.8671148419380188,0.8671148419380188,0.13288509845733643,0.8671148419380188,19,1,3,zero_shot_paired
267,13,19,16,60,1,1,1,0.7217171788215637,0.7217171788215637,0.2782828211784363,0.7217171788215637,19,1,3,zero_shot_paired
267,14,19,17,60,1,1,1,0.9157512187957764,0.9157512187957764,0.08424874395132065,0.9157512187957764,19,1,3,zero_shot_paired
267,0,19,0,60,1,1,1,0.5503072142601013,0.5503072142601013,0.44969281554222107,0.5503072142601013,19,1,3,post_calibration
267,1,19,1,60,0,1,0,0.7440276741981506,0.7440276741981506,0.25597232580184937,0.7440276741981506,19,1,3,post_calibration
267,2,19,2,60,1,1,1,0.7503356337547302,0.7503356337547302,0.24966444075107574,0.7503356337547302,19,1,3,post_calibration
267,3,19,3,60,1,0,0,0.5589571595191956,0.5589571595191956,0.5589571595191956,0.44104281067848206,19,1,3,post_calibration
267,4,19,4,60,1,1,1,0.8220909833908081,0.8220909833908081,0.17790904641151428,0.8220909833908081,19,1,3,post_calibration
267,5,19,5,60,1,1,1,0.7416403293609619,0.7416403293609619,0.2583596110343933,0.7416403293609619,19,1,3,post_calibration
267,6,19,6,60,1,0,0,0.6273574829101562,0.6273574829101562,0.6273574829101562,0.37264251708984375,19,1,3,post_calibration
267,7,19,7,60,1,0,0,0.7264620065689087,0.7264620065689087,0.7264620065689087,0.2735379934310913,19,1,3,post_calibration
267,8,19,8,60,0,0,1,0.5502561926841736,0.5502561926841736,0.5502561926841736,0.4497438073158264,19,1,3,post_calibration
267,9,19,9,60,0,1,0,0.62846440076828,0.62846440076828,0.3715355694293976,0.62846440076828,19,1,3,post_calibration
267,10,19,10,60,1,1,1,0.8581139445304871,0.8581139445304871,0.14188599586486816,0.8581139445304871,19,1,3,post_calibration
267,11,19,12,60,1,1,1,0.8222750425338745,0.8222750425338745,0.17772500216960907,0.8222750425338745,19,1,3,post_calibration
267,12,19,15,60,1,1,1,0.8755203485488892,0.8755203485488892,0.12447967380285263,0.8755203485488892,19,1,3,post_calibration
267,13,19,16,60,1,1,1,0.6968003511428833,0.6968003511428833,0.3031996190547943,0.6968003511428833,19,1,3,post_calibration
267,14,19,17,60,1,1,1,0.9177154898643494,0.9177154898643494,0.08228446543216705,0.9177154898643494,19,1,3,post_calibration
268,0,19,1,60,0,1,0,0.7496517896652222,0.7496517896652222,0.25034821033477783,0.7496517896652222,19,2,3,zero_shot_paired
268,1,19,2,60,1,1,1,0.7572604417800903,0.7572604417800903,0.24273954331874847,0.7572604417800903,19,2,3,zero_shot_paired
268,2,19,3,60,1,0,0,0.5719533562660217,0.5719533562660217,0.5719533562660217,0.4280465841293335,19,2,3,zero_shot_paired
268,3,19,4,60,1,1,1,0.8188703656196594,0.8188703656196594,0.18112963438034058,0.8188703656196594,19,2,3,zero_shot_paired
268,4,19,5,60,1,1,1,0.7366227507591248,0.7366227507591248,0.26337730884552,0.7366227507591248,19,2,3,zero_shot_paired
268,5,19,7,60,1,0,0,0.7203713655471802,0.7203713655471802,0.7203713655471802,0.2796286642551422,19,2,3,zero_shot_paired
268,6,19,8,60,0,0,1,0.5560643672943115,0.5560643672943115,0.5560643672943115,0.4439356327056885,19,2,3,zero_shot_paired
268,7,19,9,60,0,1,0,0.6240877509117126,0.6240877509117126,0.37591230869293213,0.6240877509117126,19,2,3,zero_shot_paired
268,8,19,10,60,1,1,1,0.8689832091331482,0.8689832091331482,0.131016805768013,0.8689832091331482,19,2,3,zero_shot_paired
268,9,19,11,60,1,1,1,0.9014933109283447,0.9014933109283447,0.09850667417049408,0.9014933109283447,19,2,3,zero_shot_paired
268,10,19,13,60,0,1,0,0.792253315448761,0.792253315448761,0.20774662494659424,0.792253315448761,19,2,3,zero_shot_paired
268,11,19,14,60,1,1,1,0.8241237998008728,0.8241237998008728,0.1758762001991272,0.8241237998008728,19,2,3,zero_shot_paired
268,12,19,15,60,1,1,1,0.8671069741249084,0.8671069741249084,0.13289301097393036,0.8671069741249084,19,2,3,zero_shot_paired
268,13,19,16,60,1,1,1,0.7217186689376831,0.7217186689376831,0.2782813012599945,0.7217186689376831,19,2,3,zero_shot_paired
268,14,19,17,60,1,1,1,0.9157441854476929,0.9157441854476929,0.08425581455230713,0.9157441854476929,19,2,3,zero_shot_paired
268,0,19,1,60,0,1,0,0.7725681662559509,0.7725681662559509,0.2274317890405655,0.7725681662559509,19,2,3,post_calibration
268,1,19,2,60,1,1,1,0.7438125610351562,0.7438125610351562,0.256187379360199,0.7438125610351562,19,2,3,post_calibration
268,2,19,3,60,1,0,0,0.5209323763847351,0.5209323763847351,0.5209323763847351,0.4790676534175873,19,2,3,post_calibration
268,3,19,4,60,1,1,1,0.8627749085426331,0.8627749085426331,0.13722506165504456,0.8627749085426331,19,2,3,post_calibration
268,4,19,5,60,1,1,1,0.798026978969574,0.798026978969574,0.20197303593158722,0.798026978969574,19,2,3,post_calibration
268,5,19,7,60,1,0,0,0.6976990699768066,0.6976990699768066,0.6976990699768066,0.30230095982551575,19,2,3,post_calibration
268,6,19,8,60,0,1,0,0.5280657410621643,0.5280657410621643,0.47193431854248047,0.5280657410621643,19,2,3,post_calibration
268,7,19,9,60,0,1,0,0.68935626745224,0.68935626745224,0.3106437623500824,0.68935626745224,19,2,3,post_calibration
268,8,19,10,60,1,1,1,0.8857975006103516,0.8857975006103516,0.11420248448848724,0.8857975006103516,19,2,3,post_calibration
268,9,19,11,60,1,1,1,0.919933557510376,0.919933557510376,0.08006646484136581,0.919933557510376,19,2,3,post_calibration
268,10,19,13,60,0,1,0,0.8255116939544678,0.8255116939544678,0.17448827624320984,0.8255116939544678,19,2,3,post_calibration
268,11,19,14,60,1,1,1,0.8551400303840637,0.8551400303840637,0.14486001431941986,0.8551400303840637,19,2,3,post_calibration
268,12,19,15,60,1,1,1,0.8910756707191467,0.8910756707191467,0.10892430692911148,0.8910756707191467,19,2,3,post_calibration
268,13,19,16,60,1,1,1,0.7276883125305176,0.7276883125305176,0.2723117172718048,0.7276883125305176,19,2,3,post_calibration
268,14,19,17,60,1,1,1,0.926202654838562,0.926202654838562,0.07379737496376038,0.926202654838562,19,2,3,post_calibration
269,0,19,0,60,1,1,1,0.5469101667404175,0.5469101667404175,0.45308977365493774,0.5469101667404175,19,3,3,zero_shot_paired
269,1,19,2,60,1,1,1,0.7572604417800903,0.7572604417800903,0.24273954331874847,0.7572604417800903,19,3,3,zero_shot_paired
269,2,19,4,60,1,1,1,0.8188703656196594,0.8188703656196594,0.18112963438034058,0.8188703656196594,19,3,3,zero_shot_paired
269,3,19,5,60,1,1,1,0.7366227507591248,0.7366227507591248,0.26337730884552,0.7366227507591248,19,3,3,zero_shot_paired
269,4,19,6,60,1,0,0,0.63406902551651,0.63406902551651,0.63406902551651,0.3659309446811676,19,3,3,zero_shot_paired
269,5,19,8,60,0,0,1,0.5560643672943115,0.5560643672943115,0.5560643672943115,0.4439356327056885,19,3,3,zero_shot_paired
269,6,19,9,60,0,1,0,0.6240877509117126,0.6240877509117126,0.37591230869293213,0.6240877509117126,19,3,3,zero_shot_paired
269,7,19,10,60,1,1,1,0.8689832091331482,0.8689832091331482,0.131016805768013,0.8689832091331482,19,3,3,zero_shot_paired
269,8,19,11,60,1,1,1,0.9014933109283447,0.9014933109283447,0.09850667417049408,0.9014933109283447,19,3,3,zero_shot_paired
269,9,19,12,60,1,1,1,0.8104788661003113,0.8104788661003113,0.18952107429504395,0.8104788661003113,19,3,3,zero_shot_paired
269,10,19,13,60,0,1,0,0.792253315448761,0.792253315448761,0.20774662494659424,0.792253315448761,19,3,3,zero_shot_paired
269,11,19,14,60,1,1,1,0.8241237998008728,0.8241237998008728,0.1758762001991272,0.8241237998008728,19,3,3,zero_shot_paired
269,12,19,15,60,1,1,1,0.8671069741249084,0.8671069741249084,0.13289301097393036,0.8671069741249084,19,3,3,zero_shot_paired
269,13,19,16,60,1,1,1,0.7217186689376831,0.7217186689376831,0.2782813012599945,0.7217186689376831,19,3,3,zero_shot_paired
269,14,19,17,60,1,1,1,0.9157441854476929,0.9157441854476929,0.08425581455230713,0.9157441854476929,19,3,3,zero_shot_paired
269,0,19,0,60,1,1,1,0.5636069178581238,0.5636069178581238,0.4363930821418762,0.5636069178581238,19,3,3,post_calibration
269,1,19,2,60,1,1,1,0.775384247303009,0.775384247303009,0.224615678191185,0.775384247303009,19,3,3,post_calibration
269,2,19,4,60,1,1,1,0.8308591246604919,0.8308591246604919,0.16914089024066925,0.8308591246604919,19,3,3,post_calibration
269,3,19,5,60,1,1,1,0.7539510130882263,0.7539510130882263,0.24604898691177368,0.7539510130882263,19,3,3,post_calibration
269,4,19,6,60,1,0,0,0.6095060110092163,0.6095060110092163,0.6095060110092163,0.3904939889907837,19,3,3,post_calibration
269,5,19,8,60,0,0,1,0.5086908936500549,0.5086908936500549,0.5086908936500549,0.4913090765476227,19,3,3,post_calibration
269,6,19,9,60,0,1,0,0.6735038161277771,0.6735038161277771,0.3264961838722229,0.6735038161277771,19,3,3,post_calibration
269,7,19,10,60,1,1,1,0.8802738189697266,0.8802738189697266,0.11972618848085403,0.8802738189697266,19,3,3,post_calibration
269,8,19,11,60,1,1,1,0.9131606817245483,0.9131606817245483,0.08683935552835464,0.9131606817245483,19,3,3,post_calibration
269,9,19,12,60,1,1,1,0.8203604221343994,0.8203604221343994,0.17963959276676178,0.8203604221343994,19,3,3,post_calibration
269,10,19,13,60,0,1,0,0.8082316517829895,0.8082316517829895,0.1917683631181717,0.8082316517829895,19,3,3,post_calibration
269,11,19,14,60,1,1,1,0.8392539024353027,0.8392539024353027,0.16074611246585846,0.8392539024353027,19,3,3,post_calibration
269,12,19,15,60,1,1,1,0.8790988922119141,0.8790988922119141,0.12090107053518295,0.8790988922119141,19,3,3,post_calibration
269,13,19,16,60,1,1,1,0.7347400784492493,0.7347400784492493,0.2652599513530731,0.7347400784492493,19,3,3,post_calibration
269,14,19,17,60,1,1,1,0.9201098084449768,0.9201098084449768,0.079890176653862,0.9201098084449768,19,3,3,post_calibration
270,0,19,0,60,1,1,1,0.5469101667404175,0.5469101667404175,0.45308977365493774,0.5469101667404175,19,4,3,zero_shot_paired
270,1,19,1,60,0,1,0,0.7496517896652222,0.7496517896652222,0.25034821033477783,0.7496517896652222,19,4,3,zero_shot_paired
270,2,19,2,60,1,1,1,0.7572604417800903,0.7572604417800903,0.24273954331874847,0.7572604417800903,19,4,3,zero_shot_paired
270,3,19,3,60,1,0,0,0.5719533562660217,0.5719533562660217,0.5719533562660217,0.4280465841293335,19,4,3,zero_shot_paired
270,4,19,4,60,1,1,1,0.8188703656196594,0.8188703656196594,0.18112963438034058,0.8188703656196594,19,4,3,zero_shot_paired
270,5,19,5,60,1,1,1,0.7366227507591248,0.7366227507591248,0.26337730884552,0.7366227507591248,19,4,3,zero_shot_paired
270,6,19,6,60,1,0,0,0.63406902551651,0.63406902551651,0.63406902551651,0.3659309446811676,19,4,3,zero_shot_paired
270,7,19,7,60,1,0,0,0.7203713655471802,0.7203713655471802,0.7203713655471802,0.2796286642551422,19,4,3,zero_shot_paired
270,8,19,8,60,0,0,1,0.5560643672943115,0.5560643672943115,0.5560643672943115,0.4439356327056885,19,4,3,zero_shot_paired
270,9,19,11,60,1,1,1,0.9014933109283447,0.9014933109283447,0.09850667417049408,0.9014933109283447,19,4,3,zero_shot_paired
270,10,19,12,60,1,1,1,0.8104788661003113,0.8104788661003113,0.18952107429504395,0.8104788661003113,19,4,3,zero_shot_paired
270,11,19,13,60,0,1,0,0.792253315448761,0.792253315448761,0.20774662494659424,0.792253315448761,19,4,3,zero_shot_paired
270,12,19,14,60,1,1,1,0.8241237998008728,0.8241237998008728,0.1758762001991272,0.8241237998008728,19,4,3,zero_shot_paired
270,13,19,16,60,1,1,1,0.7217186689376831,0.7217186689376831,0.2782813012599945,0.7217186689376831,19,4,3,zero_shot_paired
270,14,19,17,60,1,1,1,0.9157441854476929,0.9157441854476929,0.08425581455230713,0.9157441854476929,19,4,3,zero_shot_paired
270,0,19,0,60,1,1,1,0.5308255553245544,0.5308255553245544,0.46917441487312317,0.5308255553245544,19,4,3,post_calibration
270,1,19,1,60,0,1,0,0.761966347694397,0.761966347694397,0.23803366720676422,0.761966347694397,19,4,3,post_calibration
270,2,19,2,60,1,1,1,0.7484484910964966,0.7484484910964966,0.25155144929885864,0.7484484910964966,19,4,3,post_calibration
270,3,19,3,60,1,0,0,0.6083759665489197,0.6083759665489197,0.6083759665489197,0.3916240632534027,19,4,3,post_calibration
270,4,19,4,60,1,1,1,0.7881414294242859,0.7881414294242859,0.21185852587223053,0.7881414294242859,19,4,3,post_calibration
270,5,19,5,60,1,1,1,0.7126526236534119,0.7126526236534119,0.28734737634658813,0.7126526236534119,19,4,3,post_calibration
270,6,19,6,60,1,0,0,0.6736195683479309,0.6736195683479309,0.6736195683479309,0.3263804316520691,19,4,3,post_calibration
270,7,19,7,60,1,0,0,0.7350967526435852,0.7350967526435852,0.7350967526435852,0.2649032175540924,19,4,3,post_calibration
270,8,19,8,60,0,0,1,0.6232694387435913,0.6232694387435913,0.6232694387435913,0.37673062086105347,19,4,3,post_calibration
270,9,19,11,60,1,1,1,0.8812673091888428,0.8812673091888428,0.11873272061347961,0.8812673091888428,19,4,3,post_calibration
270,10,19,12,60,1,1,1,0.7875421047210693,0.7875421047210693,0.21245788037776947,0.7875421047210693,19,4,3,post_calibration
270,11,19,13,60,0,1,0,0.7701948285102844,0.7701948285102844,0.22980517148971558,0.7701948285102844,19,4,3,post_calibration
270,12,19,14,60,1,1,1,0.7957338094711304,0.7957338094711304,0.2042662501335144,0.7957338094711304,19,4,3,post_calibration
270,13,19,16,60,1,1,1,0.7074710130691528,0.7074710130691528,0.2925289571285248,0.7074710130691528,19,4,3,post_calibration
270,14,19,17,60,1,1,1,0.9117019772529602,0.9117019772529602,0.08829807490110397,0.9117019772529602,19,4,3,post_calibration
271,0,19,0,60,1,1,1,0.5469101667404175,0.5469101667404175,0.45308977365493774,0.5469101667404175,19,5,3,zero_shot_paired
271,1,19,1,60,0,1,0,0.7496517896652222,0.7496517896652222,0.25034821033477783,0.7496517896652222,19,5,3,zero_shot_paired
271,2,19,2,60,1,1,1,0.7572604417800903,0.7572604417800903,0.24273954331874847,0.7572604417800903,19,5,3,zero_shot_paired
271,3,19,3,60,1,0,0,0.5719533562660217,0.5719533562660217,0.5719533562660217,0.4280465841293335,19,5,3,zero_shot_paired
271,4,19,5,60,1,1,1,0.7366227507591248,0.7366227507591248,0.26337730884552,0.7366227507591248,19,5,3,zero_shot_paired
271,5,19,6,60,1,0,0,0.63406902551651,0.63406902551651,0.63406902551651,0.3659309446811676,19,5,3,zero_shot_paired
271,6,19,7,60,1,0,0,0.7203713655471802,0.7203713655471802,0.7203713655471802,0.2796286642551422,19,5,3,zero_shot_paired
271,7,19,9,60,0,1,0,0.6240877509117126,0.6240877509117126,0.37591230869293213,0.6240877509117126,19,5,3,zero_shot_paired
271,8,19,10,60,1,1,1,0.8689832091331482,0.8689832091331482,0.131016805768013,0.8689832091331482,19,5,3,zero_shot_paired
271,9,19,11,60,1,1,1,0.9014933109283447,0.9014933109283447,0.09850667417049408,0.9014933109283447,19,5,3,zero_shot_paired
271,10,19,12,60,1,1,1,0.8104788661003113,0.8104788661003113,0.18952107429504395,0.8104788661003113,19,5,3,zero_shot_paired
271,11,19,13,60,0,1,0,0.792253315448761,0.792253315448761,0.20774662494659424,0.792253315448761,19,5,3,zero_shot_paired
271,12,19,14,60,1,1,1,0.8241237998008728,0.8241237998008728,0.1758762001991272,0.8241237998008728,19,5,3,zero_shot_paired
271,13,19,15,60,1,1,1,0.8671069741249084,0.8671069741249084,0.13289301097393036,0.8671069741249084,19,5,3,zero_shot_paired
271,14,19,16,60,1,1,1,0.7217186689376831,0.7217186689376831,0.2782813012599945,0.7217186689376831,19,5,3,zero_shot_paired
271,0,19,0,60,1,1,1,0.5671913623809814,0.5671913623809814,0.43280860781669617,0.5671913623809814,19,5,3,post_calibration
271,1,19,1,60,0,1,0,0.7615606188774109,0.7615606188774109,0.23843933641910553,0.7615606188774109,19,5,3,post_calibration
271,2,19,2,60,1,1,1,0.7704512476921082,0.7704512476921082,0.22954870760440826,0.7704512476921082,19,5,3,post_calibration
271,3,19,3,60,1,0,0,0.5707463026046753,0.5707463026046753,0.5707463026046753,0.42925363779067993,19,5,3,post_calibration
271,4,19,5,60,1,1,1,0.74461430311203,0.74461430311203,0.25538572669029236,0.74461430311203,19,5,3,post_calibration
271,5,19,6,60,1,0,0,0.6170800924301147,0.6170800924301147,0.6170800924301147,0.38291993737220764,19,5,3,post_calibration
271,6,19,7,60,1,0,0,0.7212495803833008,0.7212495803833008,0.7212495803833008,0.2787504494190216,19,5,3,post_calibration
271,7,19,9,60,0,1,0,0.6276944875717163,0.6276944875717163,0.3723054826259613,0.6276944875717163,19,5,3,post_calibration
271,8,19,10,60,1,1,1,0.8752198815345764,0.8752198815345764,0.12478015571832657,0.8752198815345764,19,5,3,post_calibration
271,9,19,11,60,1,1,1,0.9077073335647583,0.9077073335647583,0.0922926589846611,0.9077073335647583,19,5,3,post_calibration
271,10,19,12,60,1,1,1,0.8243504166603088,0.8243504166603088,0.17564961314201355,0.8243504166603088,19,5,3,post_calibration
271,11,19,13,60,0,1,0,0.8055843710899353,0.8055843710899353,0.1944156140089035,0.8055843710899353,19,5,3,post_calibration
271,12,19,14,60,1,1,1,0.8384153246879578,0.8384153246879578,0.16158464550971985,0.8384153246879578,19,5,3,post_calibration
271,13,19,15,60,1,1,1,0.8791305422782898,0.8791305422782898,0.12086944282054901,0.8791305422782898,19,5,3,post_calibration
271,14,19,16,60,1,1,1,0.7300177812576294,0.7300177812576294,0.2699822187423706,0.7300177812576294,19,5,3,post_calibration
272,0,19,0,60,1,1,1,0.5469101667404175,0.5469101667404175,0.45308977365493774,0.5469101667404175,19,6,3,zero_shot_paired
272,1,19,1,60,0,1,0,0.7496517896652222,0.7496517896652222,0.25034821033477783,0.7496517896652222,19,6,3,zero_shot_paired
272,2,19,3,60,1,0,0,0.5719533562660217,0.5719533562660217,0.5719533562660217,0.4280465841293335,19,6,3,zero_shot_paired
272,3,19,4,60,1,1,1,0.8188703656196594,0.8188703656196594,0.18112963438034058,0.8188703656196594,19,6,3,zero_shot_paired
272,4,19,6,60,1,0,0,0.63406902551651,0.63406902551651,0.63406902551651,0.3659309446811676,19,6,3,zero_shot_paired
272,5,19,7,60,1,0,0,0.7203713655471802,0.7203713655471802,0.7203713655471802,0.2796286642551422,19,6,3,zero_shot_paired
272,6,19,8,60,0,0,1,0.5560643672943115,0.5560643672943115,0.5560643672943115,0.4439356327056885,19,6,3,zero_shot_paired
272,7,19,9,60,0,1,0,0.6240877509117126,0.6240877509117126,0.37591230869293213,0.6240877509117126,19,6,3,zero_shot_paired
272,8,19,10,60,1,1,1,0.8689832091331482,0.8689832091331482,0.131016805768013,0.8689832091331482,19,6,3,zero_shot_paired
272,9,19,11,60,1,1,1,0.9014933109283447,0.9014933109283447,0.09850667417049408,0.9014933109283447,19,6,3,zero_shot_paired
272,10,19,12,60,1,1,1,0.8104788661003113,0.8104788661003113,0.18952107429504395,0.8104788661003113,19,6,3,zero_shot_paired
272,11,19,13,60,0,1,0,0.792253315448761,0.792253315448761,0.20774662494659424,0.792253315448761,19,6,3,zero_shot_paired
272,12,19,14,60,1,1,1,0.8241237998008728,0.8241237998008728,0.1758762001991272,0.8241237998008728,19,6,3,zero_shot_paired
272,13,19,15,60,1,1,1,0.8671069741249084,0.8671069741249084,0.13289301097393036,0.8671069741249084,19,6,3,zero_shot_paired
272,14,19,17,60,1,1,1,0.9157441854476929,0.9157441854476929,0.08425581455230713,0.9157441854476929,19,6,3,zero_shot_paired
272,0,19,0,60,1,1,1,0.5664064288139343,0.5664064288139343,0.4335935711860657,0.5664064288139343,19,6,3,post_calibration
272,1,19,1,60,0,1,0,0.7534425854682922,0.7534425854682922,0.24655742943286896,0.7534425854682922,19,6,3,post_calibration
272,2,19,3,60,1,0,0,0.5398513674736023,0.5398513674736023,0.5398513674736023,0.4601486623287201,19,6,3,post_calibration
272,3,19,4,60,1,1,1,0.847778856754303,0.847778856754303,0.1522211730480194,0.847778856754303,19,6,3,post_calibration
272,4,19,6,60,1,0,0,0.5925487279891968,0.5925487279891968,0.5925487279891968,0.4074513018131256,19,6,3,post_calibration
272,5,19,7,60,1,0,0,0.6726224422454834,0.6726224422454834,0.6726224422454834,0.3273776173591614,19,6,3,post_calibration
272,6,19,8,60,0,1,0,0.5015335083007812,0.5015335083007812,0.49846649169921875,0.5015335083007812,19,6,3,post_calibration
272,7,19,9,60,0,1,0,0.6738644242286682,0.6738644242286682,0.3261356055736542,0.6738644242286682,19,6,3,post_calibration
272,8,19,10,60,1,1,1,0.8962641954421997,0.8962641954421997,0.10373586416244507,0.8962641954421997,19,6,3,post_calibration
272,9,19,11,60,1,1,1,0.917500913143158,0.917500913143158,0.08249904215335846,0.917500913143158,19,6,3,post_calibration
272,10,19,12,60,1,1,1,0.8281410932540894,0.8281410932540894,0.17185889184474945,0.8281410932540894,19,6,3,post_calibration
272,11,19,13,60,0,1,0,0.8317621350288391,0.8317621350288391,0.16823789477348328,0.8317621350288391,19,6,3,post_calibration
272,12,19,14,60,1,1,1,0.8440467715263367,0.8440467715263367,0.15595318377017975,0.8440467715263367,19,6,3,post_calibration
272,13,19,15,60,1,1,1,0.8884000182151794,0.8884000182151794,0.11159999668598175,0.8884000182151794,19,6,3,post_calibration
272,14,19,17,60,1,1,1,0.9274135828018188,0.9274135828018188,0.07258635759353638,0.9274135828018188,19,6,3,post_calibration
273,0,19,0,60,1,1,1,0.5469101667404175,0.5469101667404175,0.45308977365493774,0.5469101667404175,19,1,6,zero_shot_paired
273,1,19,1,60,0,1,0,0.7496517896652222,0.7496517896652222,0.25034821033477783,0.7496517896652222,19,1,6,zero_shot_paired
273,2,19,2,60,1,1,1,0.7572604417800903,0.7572604417800903,0.24273954331874847,0.7572604417800903,19,1,6,zero_shot_paired
273,3,19,3,60,1,0,0,0.5719533562660217,0.5719533562660217,0.5719533562660217,0.4280465841293335,19,1,6,zero_shot_paired
273,4,19,4,60,1,1,1,0.8188703656196594,0.8188703656196594,0.18112963438034058,0.8188703656196594,19,1,6,zero_shot_paired
273,5,19,6,60,1,0,0,0.63406902551651,0.63406902551651,0.63406902551651,0.3659309446811676,19,1,6,zero_shot_paired
273,6,19,7,60,1,0,0,0.7203713655471802,0.7203713655471802,0.7203713655471802,0.2796286642551422,19,1,6,zero_shot_paired
273,7,19,8,60,0,0,1,0.5560643672943115,0.5560643672943115,0.5560643672943115,0.4439356327056885,19,1,6,zero_shot_paired
273,8,19,9,60,0,1,0,0.6240877509117126,0.6240877509117126,0.37591230869293213,0.6240877509117126,19,1,6,zero_shot_paired
273,9,19,10,60,1,1,1,0.8689832091331482,0.8689832091331482,0.131016805768013,0.8689832091331482,19,1,6,zero_shot_paired
273,10,19,12,60,1,1,1,0.8104788661003113,0.8104788661003113,0.18952107429504395,0.8104788661003113,19,1,6,zero_shot_paired
273,11,19,14,60,1,1,1,0.8241237998008728,0.8241237998008728,0.1758762001991272,0.8241237998008728,19,1,6,zero_shot_paired
273,0,19,0,60,1,1,1,0.5521982908248901,0.5521982908248901,0.44780173897743225,0.5521982908248901,19,1,6,post_calibration
273,1,19,1,60,0,1,0,0.7500896453857422,0.7500896453857422,0.24991033971309662,0.7500896453857422,19,1,6,post_calibration
273,2,19,2,60,1,1,1,0.7789358496665955,0.7789358496665955,0.22106416523456573,0.7789358496665955,19,1,6,post_calibration
273,3,19,3,60,1,0,0,0.5489757657051086,0.5489757657051086,0.5489757657051086,0.45102426409721375,19,1,6,post_calibration
273,4,19,4,60,1,1,1,0.8326708078384399,0.8326708078384399,0.16732919216156006,0.8326708078384399,19,1,6,post_calibration
273,5,19,6,60,1,0,0,0.6003457903862,0.6003457903862,0.6003457903862,0.39965423941612244,19,1,6,post_calibration
273,6,19,7,60,1,0,0,0.7061318755149841,0.7061318755149841,0.7061318755149841,0.29386815428733826,19,1,6,post_calibration
273,7,19,8,60,0,0,1,0.5275713205337524,0.5275713205337524,0.5275713205337524,0.47242864966392517,19,1,6,post_calibration
273,8,19,9,60,0,1,0,0.6446499228477478,0.6446499228477478,0.3553500771522522,0.6446499228477478,19,1,6,post_calibration
273,9,19,10,60,1,1,1,0.8929241299629211,0.8929241299629211,0.10707586258649826,0.8929241299629211,19,1,6,post_calibration
273,10,19,12,60,1,1,1,0.8452461361885071,0.8452461361885071,0.15475386381149292,0.8452461361885071,19,1,6,post_calibration
273,11,19,14,60,1,1,1,0.8585240840911865,0.8585240840911865,0.14147590100765228,0.8585240840911865,19,1,6,post_calibration
274,0,19,1,60,0,1,0,0.7496517896652222,0.7496517896652222,0.25034821033477783,0.7496517896652222,19,2,6,zero_shot_paired
274,1,19,2,60,1,1,1,0.7572604417800903,0.7572604417800903,0.24273954331874847,0.7572604417800903,19,2,6,zero_shot_paired
274,2,19,4,60,1,1,1,0.8188703656196594,0.8188703656196594,0.18112963438034058,0.8188703656196594,19,2,6,zero_shot_paired
274,3,19,5,60,1,1,1,0.7366227507591248,0.7366227507591248,0.26337730884552,0.7366227507591248,19,2,6,zero_shot_paired
274,4,19,6,60,1,0,0,0.63406902551651,0.63406902551651,0.63406902551651,0.3659309446811676,19,2,6,zero_shot_paired
274,5,19,10,60,1,1,1,0.8689832091331482,0.8689832091331482,0.131016805768013,0.8689832091331482,19,2,6,zero_shot_paired
274,6,19,11,60,1,1,1,0.9014933109283447,0.9014933109283447,0.09850667417049408,0.9014933109283447,19,2,6,zero_shot_paired
274,7,19,13,60,0,1,0,0.792253315448761,0.792253315448761,0.20774662494659424,0.792253315448761,19,2,6,zero_shot_paired
274,8,19,14,60,1,1,1,0.8241237998008728,0.8241237998008728,0.1758762001991272,0.8241237998008728,19,2,6,zero_shot_paired
274,9,19,15,60,1,1,1,0.8671069741249084,0.8671069741249084,0.13289301097393036,0.8671069741249084,19,2,6,zero_shot_paired
274,10,19,16,60,1,1,1,0.7217186689376831,0.7217186689376831,0.2782813012599945,0.7217186689376831,19,2,6,zero_shot_paired
274,11,19,17,60,1,1,1,0.9157441854476929,0.9157441854476929,0.08425581455230713,0.9157441854476929,19,2,6,zero_shot_paired
274,0,19,1,60,0,1,0,0.7738632559776306,0.7738632559776306,0.22613678872585297,0.7738632559776306,19,2,6,post_calibration
274,1,19,2,60,1,1,1,0.74480140209198,0.74480140209198,0.2551986277103424,0.74480140209198,19,2,6,post_calibration
274,2,19,4,60,1,1,1,0.7912042140960693,0.7912042140960693,0.20879584550857544,0.7912042140960693,19,2,6,post_calibration
274,3,19,5,60,1,1,1,0.7213415503501892,0.7213415503501892,0.278658390045166,0.7213415503501892,19,2,6,post_calibration
274,4,19,6,60,1,0,0,0.6499050855636597,0.6499050855636597,0.6499050855636597,0.3500949740409851,19,2,6,post_calibration
274,5,19,10,60,1,1,1,0.8670128583908081,0.8670128583908081,0.1329871118068695,0.8670128583908081,19,2,6,post_calibration
274,6,19,11,60,1,1,1,0.8939585089683533,0.8939585089683533,0.1060415506362915,0.8939585089683533,19,2,6,post_calibration
274,7,19,13,60,0,1,0,0.7902471423149109,0.7902471423149109,0.20975281298160553,0.7902471423149109,19,2,6,post_calibration
274,8,19,14,60,1,1,1,0.8309641480445862,0.8309641480445862,0.16903583705425262,0.8309641480445862,19,2,6,post_calibration
274,9,19,15,60,1,1,1,0.86533522605896,0.86533522605896,0.13466474413871765,0.86533522605896,19,2,6,post_calibration
274,10,19,16,60,1,1,1,0.7036481499671936,0.7036481499671936,0.2963518798351288,0.7036481499671936,19,2,6,post_calibration
274,11,19,17,60,1,1,1,0.9207223057746887,0.9207223057746887,0.07927768677473068,0.9207223057746887,19,2,6,post_calibration
275,0,19,0,60,1,1,1,0.5469101667404175,0.5469101667404175,0.45308977365493774,0.5469101667404175,19,3,6,zero_shot_paired
275,1,19,3,60,1,0,0,0.5719533562660217,0.5719533562660217,0.5719533562660217,0.4280465841293335,19,3,6,zero_shot_paired
275,2,19,5,60,1,1,1,0.7366227507591248,0.7366227507591248,0.26337730884552,0.7366227507591248,19,3,6,zero_shot_paired
275,3,19,7,60,1,0,0,0.7203713655471802,0.7203713655471802,0.7203713655471802,0.2796286642551422,19,3,6,zero_shot_paired
275,4,19,8,60,0,0,1,0.5560643672943115,0.5560643672943115,0.5560643672943115,0.4439356327056885,19,3,6,zero_shot_paired
275,5,19,9,60,0,1,0,0.6240877509117126,0.6240877509117126,0.37591230869293213,0.6240877509117126,19,3,6,zero_shot_paired
275,6,19,11,60,1,1,1,0.9014933109283447,0.9014933109283447,0.09850667417049408,0.9014933109283447,19,3,6,zero_shot_paired
275,7,19,12,60,1,1,1,0.8104788661003113,0.8104788661003113,0.18952107429504395,0.8104788661003113,19,3,6,zero_shot_paired
275,8,19,13,60,0,1,0,0.792253315448761,0.792253315448761,0.20774662494659424,0.792253315448761,19,3,6,zero_shot_paired
275,9,19,15,60,1,1,1,0.8671069741249084,0.8671069741249084,0.13289301097393036,0.8671069741249084,19,3,6,zero_shot_paired
275,10,19,16,60,1,1,1,0.7217186689376831,0.7217186689376831,0.2782813012599945,0.7217186689376831,19,3,6,zero_shot_paired
275,11,19,17,60,1,1,1,0.9157441854476929,0.9157441854476929,0.08425581455230713,0.9157441854476929,19,3,6,zero_shot_paired
275,0,19,0,60,1,1,1,0.541083037853241,0.541083037853241,0.4589169919490814,0.541083037853241,19,3,6,post_calibration
275,1,19,3,60,1,0,0,0.535223662853241,0.535223662853241,0.535223662853241,0.46477633714675903,19,3,6,post_calibration
275,2,19,5,60,1,1,1,0.7667891979217529,0.7667891979217529,0.2332107424736023,0.7667891979217529,19,3,6,post_calibration
275,3,19,7,60,1,0,0,0.6917576789855957,0.6917576789855957,0.6917576789855957,0.3082422912120819,19,3,6,post_calibration
275,4,19,8,60,0,1,0,0.511323869228363,0.511323869228363,0.4886761009693146,0.511323869228363,19,3,6,post_calibration
275,5,19,9,60,0,1,0,0.6827192306518555,0.6827192306518555,0.3172808289527893,0.6827192306518555,19,3,6,post_calibration
275,6,19,11,60,1,1,1,0.916848361492157,0.916848361492157,0.08315163850784302,0.916848361492157,19,3,6,post_calibration
275,7,19,12,60,1,1,1,0.8173935413360596,0.8173935413360596,0.1826065182685852,0.8173935413360596,19,3,6,post_calibration
275,8,19,13,60,0,1,0,0.8102865815162659,0.8102865815162659,0.18971335887908936,0.8102865815162659,19,3,6,post_calibration
275,9,19,15,60,1,1,1,0.8879604935646057,0.8879604935646057,0.1120394766330719,0.8879604935646057,19,3,6,post_calibration
275,10,19,16,60,1,1,1,0.7422246932983398,0.7422246932983398,0.25777530670166016,0.7422246932983398,19,3,6,post_calibration
275,11,19,17,60,1,1,1,0.9236891865730286,0.9236891865730286,0.07631083577871323,0.9236891865730286,19,3,6,post_calibration
276,0,19,0,60,1,1,1,0.5469120740890503,0.5469120740890503,0.4530879259109497,0.5469120740890503,19,1,9,zero_shot_paired
276,1,19,3,60,1,0,0,0.5719515681266785,0.5719515681266785,0.5719515681266785,0.4280484616756439,19,1,9,zero_shot_paired
276,2,19,4,60,1,1,1,0.8188748359680176,0.8188748359680176,0.18112511932849884,0.8188748359680176,19,1,9,zero_shot_paired
276,3,19,8,60,0,0,1,0.5560606122016907,0.5560606122016907,0.5560606122016907,0.4439394176006317,19,1,9,zero_shot_paired
276,4,19,10,60,1,1,1,0.8689823150634766,0.8689823150634766,0.13101767003536224,0.8689823150634766,19,1,9,zero_shot_paired
276,5,19,13,60,0,1,0,0.7922521233558655,0.7922521233558655,0.20774789154529572,0.7922521233558655,19,1,9,zero_shot_paired
276,6,19,14,60,1,1,1,0.8241237998008728,0.8241237998008728,0.1758762001991272,0.8241237998008728,19,1,9,zero_shot_paired
276,7,19,15,60,1,1,1,0.8671087622642517,0.8671087622642517,0.13289126753807068,0.8671087622642517,19,1,9,zero_shot_paired
276,8,19,16,60,1,1,1,0.7217186689376831,0.7217186689376831,0.2782813012599945,0.7217186689376831,19,1,9,zero_shot_paired
276,0,19,0,60,1,1,1,0.5636351108551025,0.5636351108551025,0.43636494874954224,0.5636351108551025,19,1,9,post_calibration
276,1,19,3,60,1,0,0,0.5315703749656677,0.5315703749656677,0.5315703749656677,0.46842965483665466,19,1,9,post_calibration
276,2,19,4,60,1,1,1,0.8408612012863159,0.8408612012863159,0.1591387838125229,0.8408612012863159,19,1,9,post_calibration
276,3,19,8,60,0,1,0,0.513866662979126,0.513866662979126,0.48613330721855164,0.513866662979126,19,1,9,post_calibration
276,4,19,10,60,1,1,1,0.8874319195747375,0.8874319195747375,0.11256808787584305,0.8874319195747375,19,1,9,post_calibration
276,5,19,13,60,0,1,0,0.8226704597473145,0.8226704597473145,0.17732954025268555,0.8226704597473145,19,1,9,post_calibration
276,6,19,14,60,1,1,1,0.8423440456390381,0.8423440456390381,0.15765590965747833,0.8423440456390381,19,1,9,post_calibration
276,7,19,15,60,1,1,1,0.8920786380767822,0.8920786380767822,0.107921302318573,0.8920786380767822,19,1,9,post_calibration
276,8,19,16,60,1,1,1,0.7506812810897827,0.7506812810897827,0.2493187040090561,0.7506812810897827,19,1,9,post_calibration
277,0,19,1,60,0,1,0,0.749656081199646,0.749656081199646,0.2503439486026764,0.749656081199646,19,2,9,zero_shot_paired
277,1,19,2,60,1,1,1,0.7572562098503113,0.7572562098503113,0.24274376034736633,0.7572562098503113,19,2,9,zero_shot_paired
277,2,19,5,60,1,1,1,0.7366227507591248,0.7366227507591248,0.26337730884552,0.7366227507591248,19,2,9,zero_shot_paired
277,3,19,6,60,1,0,0,0.6340707540512085,0.6340707540512085,0.6340707540512085,0.36592918634414673,19,2,9,zero_shot_paired
277,4,19,7,60,1,0,0,0.7203682661056519,0.7203682661056519,0.7203682661056519,0.27963173389434814,19,2,9,zero_shot_paired
277,5,19,9,60,0,1,0,0.6240912675857544,0.6240912675857544,0.3759087026119232,0.6240912675857544,19,2,9,zero_shot_paired
277,6,19,11,60,1,1,1,0.9014939665794373,0.9014939665794373,0.09850600361824036,0.9014939665794373,19,2,9,zero_shot_paired
277,7,19,12,60,1,1,1,0.810476541519165,0.810476541519165,0.18952342867851257,0.810476541519165,19,2,9,zero_shot_paired
277,8,19,17,60,1,1,1,0.9157465100288391,0.9157465100288391,0.0842534527182579,0.9157465100288391,19,2,9,zero_shot_paired
277,0,19,1,60,0,1,0,0.7619137763977051,0.7619137763977051,0.2380862683057785,0.7619137763977051,19,2,9,post_calibration
277,1,19,2,60,1,1,1,0.7558848857879639,0.7558848857879639,0.24411514401435852,0.7558848857879639,19,2,9,post_calibration
277,2,19,5,60,1,1,1,0.7366004586219788,0.7366004586219788,0.26339951157569885,0.7366004586219788,19,2,9,post_calibration
277,3,19,6,60,1,0,0,0.6210077404975891,0.6210077404975891,0.6210077404975891,0.3789922595024109,19,2,9,post_calibration
277,4,19,7,60,1,0,0,0.7369629740715027,0.7369629740715027,0.7369629740715027,0.2630369961261749,19,2,9,post_calibration
277,5,19,9,60,0,1,0,0.6429808139801025,0.6429808139801025,0.3570191562175751,0.6429808139801025,19,2,9,post_calibration
277,6,19,11,60,1,1,1,0.9110796451568604,0.9110796451568604,0.08892036229372025,0.9110796451568604,19,2,9,post_calibration
277,7,19,12,60,1,1,1,0.82975834608078,0.82975834608078,0.17024163901805878,0.82975834608078,19,2,9,post_calibration
277,8,19,17,60,1,1,1,0.9242263436317444,0.9242263436317444,0.07577371597290039,0.9242263436317444,19,2,9,post_calibration
278,0,19,6,60,1,0,0,0.6338725090026855,0.6338725090026855,0.6338725090026855,0.36612749099731445,19,1,12,zero_shot_paired
278,1,19,8,60,0,0,1,0.5559456944465637,0.5559456944465637,0.5559456944465637,0.44405433535575867,19,1,12,zero_shot_paired
278,2,19,10,60,1,1,1,0.8689754009246826,0.8689754009246826,0.13102461397647858,0.8689754009246826,19,1,12,zero_shot_paired
278,3,19,14,60,1,1,1,0.8242177367210388,0.8242177367210388,0.1757822185754776,0.8242177367210388,19,1,12,zero_shot_paired
278,4,19,16,60,1,1,1,0.7218182682991028,0.7218182682991028,0.27818170189857483,0.7218182682991028,19,1,12,zero_shot_paired
278,5,19,17,60,1,1,1,0.9157324433326721,0.9157324433326721,0.08426757901906967,0.9157324433326721,19,1,12,zero_shot_paired
278,0,19,6,60,1,0,0,0.5801885724067688,0.5801885724067688,0.5801885724067688,0.4198114573955536,19,1,12,post_calibration
278,1,19,8,60,0,1,0,0.5196393728256226,0.5196393728256226,0.48036059737205505,0.5196393728256226,19,1,12,post_calibration
278,2,19,10,60,1,1,1,0.8679758310317993,0.8679758310317993,0.13202419877052307,0.8679758310317993,19,1,12,post_calibration
278,3,19,14,60,1,1,1,0.8362549543380737,0.8362549543380737,0.16374504566192627,0.8362549543380737,19,1,12,post_calibration
278,4,19,16,60,1,1,1,0.6984612345695496,0.6984612345695496,0.30153876543045044,0.6984612345695496,19,1,12,post_calibration
278,5,19,17,60,1,1,1,0.9248257875442505,0.9248257875442505,0.07517427951097488,0.9248257875442505,19,1,12,post_calibration
279,0,19,3,60,1,0,0,0.5718955397605896,0.5718955397605896,0.5718955397605896,0.4281045198440552,19,2,12,zero_shot_paired
279,1,19,5,60,1,1,1,0.7367500066757202,0.7367500066757202,0.26325005292892456,0.7367500066757202,19,2,12,zero_shot_paired
279,2,19,6,60,1,0,0,0.6338725090026855,0.6338725090026855,0.6338725090026855,0.36612749099731445,19,2,12,zero_shot_paired
279,3,19,7,60,1,0,0,0.7203083634376526,0.7203083634376526,0.7203083634376526,0.2796916663646698,19,2,12,zero_shot_paired
279,4,19,8,60,0,0,1,0.5559456944465637,0.5559456944465637,0.5559456944465637,0.44405433535575867,19,2,12,zero_shot_paired
279,5,19,10,60,1,1,1,0.8689754009246826,0.8689754009246826,0.13102461397647858,0.8689754009246826,19,2,12,zero_shot_paired
279,0,19,3,60,1,0,0,0.5507451891899109,0.5507451891899109,0.5507451891899109,0.4492548108100891,19,2,12,post_calibration
279,1,19,5,60,1,1,1,0.7618680596351624,0.7618680596351624,0.23813191056251526,0.7618680596351624,19,2,12,post_calibration
279,2,19,6,60,1,0,0,0.600364089012146,0.600364089012146,0.600364089012146,0.399635910987854,19,2,12,post_calibration
279,3,19,7,60,1,0,0,0.7077962160110474,0.7077962160110474,0.7077962160110474,0.292203813791275,19,2,12,post_calibration
279,4,19,8,60,0,0,1,0.5237705111503601,0.5237705111503601,0.5237705111503601,0.4762294590473175,19,2,12,post_calibration
279,5,19,10,60,1,1,1,0.8899441957473755,0.8899441957473755,0.11005573719739914,0.8899441957473755,19,2,12,post_calibration
280,0,19,0,60,1,1,1,0.5470293164253235,0.5470293164253235,0.4529706835746765,0.5470293164253235,19,3,12,zero_shot_paired
280,1,19,4,60,1,1,1,0.8189586400985718,0.8189586400985718,0.1810414046049118,0.8189586400985718,19,3,12,zero_shot_paired
280,2,19,5,60,1,1,1,0.7367500066757202,0.7367500066757202,0.26325005292892456,0.7367500066757202,19,3,12,zero_shot_paired
280,3,19,9,60,0,1,0,0.6241002678871155,0.6241002678871155,0.3758997619152069,0.6241002678871155,19,3,12,zero_shot_paired
280,4,19,11,60,1,1,1,0.9015353322029114,0.9015353322029114,0.09846469014883041,0.9015353322029114,19,3,12,zero_shot_paired
280,5,19,15,60,1,1,1,0.8671035170555115,0.8671035170555115,0.1328965425491333,0.8671035170555115,19,3,12,zero_shot_paired
280,0,19,0,60,1,1,1,0.5282177925109863,0.5282177925109863,0.4717821776866913,0.5282177925109863,19,3,12,post_calibration
280,1,19,4,60,1,1,1,0.818709671497345,0.818709671497345,0.1812903881072998,0.818709671497345,19,3,12,post_calibration
280,2,19,5,60,1,1,1,0.7542282938957214,0.7542282938957214,0.24577169120311737,0.7542282938957214,19,3,12,post_calibration
280,3,19,9,60,0,1,0,0.6457292437553406,0.6457292437553406,0.35427069664001465,0.6457292437553406,19,3,12,post_calibration
280,4,19,11,60,1,1,1,0.9009615778923035,0.9009615778923035,0.09903845191001892,0.9009615778923035,19,3,12,post_calibration
280,5,19,15,60,1,1,1,0.8868751525878906,0.8868751525878906,0.11312489956617355,0.8868751525878906,19,3,12,post_calibration
21,0,20,0,60,0,1,0,0.5045737028121948,0.5045737028121948,0.4954262971878052,0.5045737028121948,20,,,zero_shot_all_trials
21,1,20,1,60,1,1,1,0.6437476277351379,0.6437476277351379,0.35625243186950684,0.6437476277351379,20,,,zero_shot_all_trials
21,2,20,2,60,1,0,0,0.6368032097816467,0.6368032097816467,0.6368032097816467,0.36319679021835327,20,,,zero_shot_all_trials
21,3,20,3,60,1,0,0,0.6439942121505737,0.6439942121505737,0.6439942121505737,0.3560057580471039,20,,,zero_shot_all_trials
21,4,20,4,60,1,1,1,0.5892326235771179,0.5892326235771179,0.4107673764228821,0.5892326235771179,20,,,zero_shot_all_trials
21,5,20,5,60,1,1,1,0.5952407717704773,0.5952407717704773,0.4047592580318451,0.5952407717704773,20,,,zero_shot_all_trials
21,6,20,6,60,0,0,1,0.8269128203392029,0.8269128203392029,0.8269128203392029,0.1730871945619583,20,,,zero_shot_all_trials
21,7,20,7,60,1,1,1,0.6635361313819885,0.6635361313819885,0.33646392822265625,0.6635361313819885,20,,,zero_shot_all_trials
21,8,20,8,60,1,1,1,0.5053709149360657,0.5053709149360657,0.4946291446685791,0.5053709149360657,20,,,zero_shot_all_trials
21,9,20,9,60,1,0,0,0.7884814143180847,0.7884814143180847,0.7884814143180847,0.21151858568191528,20,,,zero_shot_all_trials
21,10,20,10,60,0,0,1,0.8866000175476074,0.8866000175476074,0.8866000175476074,0.11339998245239258,20,,,zero_shot_all_trials
21,11,20,11,60,1,0,0,0.5840636491775513,0.5840636491775513,0.5840636491775513,0.4159363806247711,20,,,zero_shot_all_trials
21,12,20,12,60,1,1,1,0.5129308700561523,0.5129308700561523,0.48706915974617004,0.5129308700561523,20,,,zero_shot_all_trials
21,13,20,13,60,0,0,1,0.8292793035507202,0.8292793035507202,0.8292793035507202,0.1707206815481186,20,,,zero_shot_all_trials
21,14,20,14,60,1,0,0,0.5891126394271851,0.5891126394271851,0.5891126394271851,0.4108874201774597,20,,,zero_shot_all_trials
21,15,20,15,60,1,0,0,0.7878011465072632,0.7878011465072632,0.7878011465072632,0.21219885349273682,20,,,zero_shot_all_trials
21,16,20,16,60,1,1,1,0.6352612972259521,0.6352612972259521,0.36473867297172546,0.6352612972259521,20,,,zero_shot_all_trials
21,17,20,17,60,1,0,0,0.7161038517951965,0.7161038517951965,0.7161038517951965,0.28389614820480347,20,,,zero_shot_all_trials
281,0,20,2,60,1,0,0,0.6368225812911987,0.6368225812911987,0.6368225812911987,0.36317741870880127,20,1,3,zero_shot_paired
281,1,20,3,60,1,0,0,0.643996000289917,0.643996000289917,0.643996000289917,0.356003999710083,20,1,3,zero_shot_paired
281,2,20,4,60,1,1,1,0.589238166809082,0.589238166809082,0.41076183319091797,0.589238166809082,20,1,3,zero_shot_paired
281,3,20,5,60,1,1,1,0.5952462553977966,0.5952462553977966,0.40475374460220337,0.5952462553977966,20,1,3,zero_shot_paired
281,4,20,6,60,0,0,1,0.8269095420837402,0.8269095420837402,0.8269095420837402,0.17309047281742096,20,1,3,zero_shot_paired
281,5,20,7,60,1,1,1,0.6635411977767944,0.6635411977767944,0.33645880222320557,0.6635411977767944,20,1,3,zero_shot_paired
281,6,20,8,60,1,1,1,0.5053709149360657,0.5053709149360657,0.4946291446685791,0.5053709149360657,20,1,3,zero_shot_paired
281,7,20,10,60,0,0,1,0.8866000175476074,0.8866000175476074,0.8866000175476074,0.11339998245239258,20,1,3,zero_shot_paired
281,8,20,11,60,1,0,0,0.5840654373168945,0.5840654373168945,0.5840654373168945,0.4159345328807831,20,1,3,zero_shot_paired
281,9,20,12,60,1,1,1,0.5129308700561523,0.5129308700561523,0.48706915974617004,0.5129308700561523,20,1,3,zero_shot_paired
281,10,20,13,60,0,0,1,0.8292771577835083,0.8292771577835083,0.8292771577835083,0.1707228422164917,20,1,3,zero_shot_paired
281,11,20,14,60,1,0,0,0.589110791683197,0.589110791683197,0.589110791683197,0.41088923811912537,20,1,3,zero_shot_paired
281,12,20,15,60,1,0,0,0.7877985835075378,0.7877985835075378,0.7877985835075378,0.21220141649246216,20,1,3,zero_shot_paired
281,13,20,16,60,1,1,1,0.6352701783180237,0.6352701783180237,0.3647298514842987,0.6352701783180237,20,1,3,zero_shot_paired
281,14,20,17,60,1,0,0,0.7160975933074951,0.7160975933074951,0.7160975933074951,0.2839023470878601,20,1,3,zero_shot_paired
281,0,20,2,60,1,0,0,0.6210813522338867,0.6210813522338867,0.6210813522338867,0.3789186477661133,20,1,3,post_calibration
281,1,20,3,60,1,0,0,0.6478677988052368,0.6478677988052368,0.6478677988052368,0.3521321415901184,20,1,3,post_calibration
281,2,20,4,60,1,1,1,0.6058027148246765,0.6058027148246765,0.3941973149776459,0.6058027148246765,20,1,3,post_calibration
281,3,20,5,60,1,1,1,0.5989171266555786,0.5989171266555786,0.4010828733444214,0.5989171266555786,20,1,3,post_calibration
281,4,20,6,60,0,0,1,0.8134388327598572,0.8134388327598572,0.8134388327598572,0.1865612268447876,20,1,3,post_calibration
281,5,20,7,60,1,1,1,0.6580398678779602,0.6580398678779602,0.3419601023197174,0.6580398678779602,20,1,3,post_calibration
281,6,20,8,60,1,1,1,0.5253193378448486,0.5253193378448486,0.474680632352829,0.5253193378448486,20,1,3,post_calibration
281,7,20,10,60,0,0,1,0.8772239089012146,0.8772239089012146,0.8772239089012146,0.1227760836482048,20,1,3,post_calibration
281,8,20,11,60,1,0,0,0.5881574749946594,0.5881574749946594,0.5881574749946594,0.4118424952030182,20,1,3,post_calibration
281,9,20,12,60,1,1,1,0.5322902798652649,0.5322902798652649,0.4677097201347351,0.5322902798652649,20,1,3,post_calibration
281,10,20,13,60,0,0,1,0.8107365965843201,0.8107365965843201,0.8107365965843201,0.18926340341567993,20,1,3,post_calibration
281,11,20,14,60,1,0,0,0.5712042450904846,0.5712042450904846,0.5712042450904846,0.4287957549095154,20,1,3,post_calibration
281,12,20,15,60,1,0,0,0.7553749084472656,0.7553749084472656,0.7553749084472656,0.24462513625621796,20,1,3,post_calibration
281,13,20,16,60,1,1,1,0.6388212442398071,0.6388212442398071,0.36117881536483765,0.6388212442398071,20,1,3,post_calibration
281,14,20,17,60,1,0,0,0.7052270174026489,0.7052270174026489,0.7052270174026489,0.2947729229927063,20,1,3,post_calibration
282,0,20,0,60,0,1,0,0.5045737028121948,0.5045737028121948,0.4954262971878052,0.5045737028121948,20,2,3,zero_shot_paired
282,1,20,1,60,1,1,1,0.6437563300132751,0.6437563300132751,0.35624366998672485,0.6437563300132751,20,2,3,zero_shot_paired
282,2,20,2,60,1,0,0,0.6367979049682617,0.6367979049682617,0.6367979049682617,0.36320212483406067,20,2,3,zero_shot_paired
282,3,20,3,60,1,0,0,0.6439977884292603,0.6439977884292603,0.6439977884292603,0.3560022711753845,20,2,3,zero_shot_paired
282,4,20,6,60,0,0,1,0.8269106149673462,0.8269106149673462,0.8269106149673462,0.17308937013149261,20,2,3,zero_shot_paired
282,5,20,7,60,1,1,1,0.66353440284729,0.66353440284729,0.33646562695503235,0.66353440284729,20,2,3,zero_shot_paired
282,6,20,8,60,1,1,1,0.5053728222846985,0.5053728222846985,0.4946271777153015,0.5053728222846985,20,2,3,zero_shot_paired
282,7,20,9,60,1,0,0,0.7884839177131653,0.7884839177131653,0.7884839177131653,0.21151605248451233,20,2,3,zero_shot_paired
282,8,20,11,60,1,0,0,0.5840617418289185,0.5840617418289185,0.5840617418289185,0.41593825817108154,20,2,3,zero_shot_paired
282,9,20,12,60,1,1,1,0.5129327774047852,0.5129327774047852,0.48706725239753723,0.5129327774047852,20,2,3,zero_shot_paired
282,10,20,13,60,0,0,1,0.8292901515960693,0.8292901515960693,0.8292901515960693,0.17070987820625305,20,2,3,zero_shot_paired
282,11,20,14,60,1,0,0,0.5891051888465881,0.5891051888465881,0.5891051888465881,0.4108947813510895,20,2,3,zero_shot_paired
282,12,20,15,60,1,0,0,0.7878049612045288,0.7878049612045288,0.7878049612045288,0.21219505369663239,20,2,3,zero_shot_paired
282,13,20,16,60,1,1,1,0.6352595686912537,0.6352595686912537,0.36474043130874634,0.6352595686912537,20,2,3,zero_shot_paired
282,14,20,17,60,1,0,0,0.7161022424697876,0.7161022424697876,0.7161022424697876,0.2838976979255676,20,2,3,zero_shot_paired
282,0,20,0,60,0,1,0,0.5050562024116516,0.5050562024116516,0.4949437975883484,0.5050562024116516,20,2,3,post_calibration
282,1,20,1,60,1,1,1,0.6431804895401001,0.6431804895401001,0.3568195402622223,0.6431804895401001,20,2,3,post_calibration
282,2,20,2,60,1,0,0,0.6382347941398621,0.6382347941398621,0.6382347941398621,0.36176517605781555,20,2,3,post_calibration
282,3,20,3,60,1,0,0,0.6354345679283142,0.6354345679283142,0.6354345679283142,0.3645654320716858,20,2,3,post_calibration
282,4,20,6,60,0,0,1,0.8257105350494385,0.8257105350494385,0.8257105350494385,0.17428945004940033,20,2,3,post_calibration
282,5,20,7,60,1,1,1,0.6695743799209595,0.6695743799209595,0.3304256200790405,0.6695743799209595,20,2,3,post_calibration
282,6,20,8,60,1,1,1,0.5043066740036011,0.5043066740036011,0.49569329619407654,0.5043066740036011,20,2,3,post_calibration
282,7,20,9,60,1,0,0,0.7887319922447205,0.7887319922447205,0.7887319922447205,0.21126803755760193,20,2,3,post_calibration
282,8,20,11,60,1,0,0,0.5699461698532104,0.5699461698532104,0.5699461698532104,0.43005383014678955,20,2,3,post_calibration
282,9,20,12,60,1,1,1,0.5426076650619507,0.5426076650619507,0.45739230513572693,0.5426076650619507,20,2,3,post_calibration
282,10,20,13,60,0,0,1,0.8160642385482788,0.8160642385482788,0.8160642385482788,0.18393579125404358,20,2,3,post_calibration
282,11,20,14,60,1,0,0,0.5998020172119141,0.5998020172119141,0.5998020172119141,0.4001980125904083,20,2,3,post_calibration
282,12,20,15,60,1,0,0,0.7870271801948547,0.7870271801948547,0.7870271801948547,0.2129727602005005,20,2,3,post_calibration
282,13,20,16,60,1,1,1,0.6316652894020081,0.6316652894020081,0.36833471059799194,0.6316652894020081,20,2,3,post_calibration
282,14,20,17,60,1,0,0,0.7097898125648499,0.7097898125648499,0.7097898125648499,0.29021018743515015,20,2,3,post_calibration
283,0,20,0,60,0,1,0,0.5045737028121948,0.5045737028121948,0.4954262971878052,0.5045737028121948,20,3,3,zero_shot_paired
283,1,20,1,60,1,1,1,0.6437563300132751,0.6437563300132751,0.35624366998672485,0.6437563300132751,20,3,3,zero_shot_paired
283,2,20,2,60,1,0,0,0.6367979049682617,0.6367979049682617,0.6367979049682617,0.36320212483406067,20,3,3,zero_shot_paired
283,3,20,3,60,1,0,0,0.6439977884292603,0.6439977884292603,0.6439977884292603,0.3560022711753845,20,3,3,zero_shot_paired
283,4,20,4,60,1,1,1,0.5892437100410461,0.5892437100410461,0.41075628995895386,0.5892437100410461,20,3,3,zero_shot_paired
283,5,20,5,60,1,1,1,0.5952370762825012,0.5952370762825012,0.4047628939151764,0.5952370762825012,20,3,3,zero_shot_paired
283,6,20,6,60,0,0,1,0.8269106149673462,0.8269106149673462,0.8269106149673462,0.17308937013149261,20,3,3,zero_shot_paired
283,7,20,7,60,1,1,1,0.66353440284729,0.66353440284729,0.33646562695503235,0.66353440284729,20,3,3,zero_shot_paired
283,8,20,9,60,1,0,0,0.7884839177131653,0.7884839177131653,0.7884839177131653,0.21151605248451233,20,3,3,zero_shot_paired
283,9,20,10,60,0,0,1,0.8866031169891357,0.8866031169891357,0.8866031169891357,0.11339691281318665,20,3,3,zero_shot_paired
283,10,20,12,60,1,1,1,0.5129327774047852,0.5129327774047852,0.48706725239753723,0.5129327774047852,20,3,3,zero_shot_paired
283,11,20,13,60,0,0,1,0.8292901515960693,0.8292901515960693,0.8292901515960693,0.17070987820625305,20,3,3,zero_shot_paired
283,12,20,14,60,1,0,0,0.5891051888465881,0.5891051888465881,0.5891051888465881,0.4108947813510895,20,3,3,zero_shot_paired
283,13,20,15,60,1,0,0,0.7878049612045288,0.7878049612045288,0.7878049612045288,0.21219505369663239,20,3,3,zero_shot_paired
283,14,20,17,60,1,0,0,0.7161022424697876,0.7161022424697876,0.7161022424697876,0.2838976979255676,20,3,3,zero_shot_paired
283,0,20,0,60,0,1,0,0.5130071043968201,0.5130071043968201,0.48699289560317993,0.5130071043968201,20,3,3,post_calibration
283,1,20,1,60,1,1,1,0.6320433020591736,0.6320433020591736,0.36795666813850403,0.6320433020591736,20,3,3,post_calibration
283,2,20,2,60,1,0,0,0.5989684462547302,0.5989684462547302,0.5989684462547302,0.4010315537452698,20,3,3,post_calibration
283,3,20,3,60,1,0,0,0.6268115043640137,0.6268115043640137,0.6268115043640137,0.37318846583366394,20,3,3,post_calibration
283,4,20,4,60,1,1,1,0.6153514981269836,0.6153514981269836,0.38464847207069397,0.6153514981269836,20,3,3,post_calibration
283,5,20,5,60,1,1,1,0.6020597219467163,0.6020597219467163,0.3979402184486389,0.6020597219467163,20,3,3,post_calibration
283,6,20,6,60,0,0,1,0.8059688806533813,0.8059688806533813,0.8059688806533813,0.19403113424777985,20,3,3,post_calibration
283,7,20,7,60,1,1,1,0.6883882284164429,0.6883882284164429,0.31161177158355713,0.6883882284164429,20,3,3,post_calibration
283,8,20,9,60,1,0,0,0.7687304615974426,0.7687304615974426,0.7687304615974426,0.23126953840255737,20,3,3,post_calibration
283,9,20,10,60,0,0,1,0.877151608467102,0.877151608467102,0.877151608467102,0.12284839898347855,20,3,3,post_calibration
283,10,20,12,60,1,1,1,0.5251138806343079,0.5251138806343079,0.47488608956336975,0.5251138806343079,20,3,3,post_calibration
283,11,20,13,60,0,0,1,0.8045415282249451,0.8045415282249451,0.8045415282249451,0.19545847177505493,20,3,3,post_calibration
283,12,20,14,60,1,0,0,0.5748404860496521,0.5748404860496521,0.5748404860496521,0.4251595139503479,20,3,3,post_calibration
283,13,20,15,60,1,0,0,0.7384024262428284,0.7384024262428284,0.7384024262428284,0.261597603559494,20,3,3,post_calibration
283,14,20,17,60,1,0,0,0.7257336974143982,0.7257336974143982,0.7257336974143982,0.2742663323879242,20,3,3,post_calibration
284,0,20,0,60,0,1,0,0.5045737028121948,0.5045737028121948,0.4954262971878052,0.5045737028121948,20,4,3,zero_shot_paired
284,1,20,1,60,1,1,1,0.6437563300132751,0.6437563300132751,0.35624366998672485,0.6437563300132751,20,4,3,zero_shot_paired
284,2,20,3,60,1,0,0,0.6439977884292603,0.6439977884292603,0.6439977884292603,0.3560022711753845,20,4,3,zero_shot_paired
284,3,20,4,60,1,1,1,0.5892437100410461,0.5892437100410461,0.41075628995895386,0.5892437100410461,20,4,3,zero_shot_paired
284,4,20,5,60,1,1,1,0.5952370762825012,0.5952370762825012,0.4047628939151764,0.5952370762825012,20,4,3,zero_shot_paired
284,5,20,6,60,0,0,1,0.8269106149673462,0.8269106149673462,0.8269106149673462,0.17308937013149261,20,4,3,zero_shot_paired
284,6,20,7,60,1,1,1,0.66353440284729,0.66353440284729,0.33646562695503235,0.66353440284729,20,4,3,zero_shot_paired
284,7,20,8,60,1,1,1,0.5053728222846985,0.5053728222846985,0.4946271777153015,0.5053728222846985,20,4,3,zero_shot_paired
284,8,20,9,60,1,0,0,0.7884839177131653,0.7884839177131653,0.7884839177131653,0.21151605248451233,20,4,3,zero_shot_paired
284,9,20,10,60,0,0,1,0.8866031169891357,0.8866031169891357,0.8866031169891357,0.11339691281318665,20,4,3,zero_shot_paired
284,10,20,11,60,1,0,0,0.5840617418289185,0.5840617418289185,0.5840617418289185,0.41593825817108154,20,4,3,zero_shot_paired
284,11,20,12,60,1,1,1,0.5129327774047852,0.5129327774047852,0.48706725239753723,0.5129327774047852,20,4,3,zero_shot_paired
284,12,20,14,60,1,0,0,0.5891051888465881,0.5891051888465881,0.5891051888465881,0.4108947813510895,20,4,3,zero_shot_paired
284,13,20,15,60,1,0,0,0.7878049612045288,0.7878049612045288,0.7878049612045288,0.21219505369663239,20,4,3,zero_shot_paired
284,14,20,16,60,1,1,1,0.6352595686912537,0.6352595686912537,0.36474043130874634,0.6352595686912537,20,4,3,zero_shot_paired
284,0,20,0,60,0,1,0,0.5167078971862793,0.5167078971862793,0.4832921028137207,0.5167078971862793,20,4,3,post_calibration
284,1,20,1,60,1,1,1,0.6735440492630005,0.6735440492630005,0.3264559209346771,0.6735440492630005,20,4,3,post_calibration
284,2,20,3,60,1,0,0,0.6409554481506348,0.6409554481506348,0.6409554481506348,0.35904452204704285,20,4,3,post_calibration
284,3,20,4,60,1,1,1,0.6003037095069885,0.6003037095069885,0.39969632029533386,0.6003037095069885,20,4,3,post_calibration
284,4,20,5,60,1,1,1,0.6194748878479004,0.6194748878479004,0.3805251121520996,0.6194748878479004,20,4,3,post_calibration
284,5,20,6,60,0,0,1,0.8139638304710388,0.8139638304710388,0.8139638304710388,0.1860361248254776,20,4,3,post_calibration
284,6,20,7,60,1,1,1,0.6619245409965515,0.6619245409965515,0.3380754292011261,0.6619245409965515,20,4,3,post_calibration
284,7,20,8,60,1,1,1,0.5100331902503967,0.5100331902503967,0.48996680974960327,0.5100331902503967,20,4,3,post_calibration
284,8,20,9,60,1,0,0,0.7795723080635071,0.7795723080635071,0.7795723080635071,0.22042764723300934,20,4,3,post_calibration
284,9,20,10,60,0,0,1,0.8749788999557495,0.8749788999557495,0.8749788999557495,0.12502114474773407,20,4,3,post_calibration
284,10,20,11,60,1,0,0,0.5861823558807373,0.5861823558807373,0.5861823558807373,0.4138176441192627,20,4,3,post_calibration
284,11,20,12,60,1,1,1,0.5221355557441711,0.5221355557441711,0.47786444425582886,0.5221355557441711,20,4,3,post_calibration
284,12,20,14,60,1,0,0,0.5579488277435303,0.5579488277435303,0.5579488277435303,0.4420512020587921,20,4,3,post_calibration
284,13,20,15,60,1,0,0,0.7737443447113037,0.7737443447113037,0.7737443447113037,0.2262556254863739,20,4,3,post_calibration
284,14,20,16,60,1,1,1,0.6479339599609375,0.6479339599609375,0.3520660400390625,0.6479339599609375,20,4,3,post_calibration
285,0,20,0,60,0,1,0,0.5045737028121948,0.5045737028121948,0.4954262971878052,0.5045737028121948,20,5,3,zero_shot_paired
285,1,20,1,60,1,1,1,0.6437563300132751,0.6437563300132751,0.35624366998672485,0.6437563300132751,20,5,3,zero_shot_paired
285,2,20,2,60,1,0,0,0.6367979049682617,0.6367979049682617,0.6367979049682617,0.36320212483406067,20,5,3,zero_shot_paired
285,3,20,3,60,1,0,0,0.6439977884292603,0.6439977884292603,0.6439977884292603,0.3560022711753845,20,5,3,zero_shot_paired
285,4,20,4,60,1,1,1,0.5892437100410461,0.5892437100410461,0.41075628995895386,0.5892437100410461,20,5,3,zero_shot_paired
285,5,20,5,60,1,1,1,0.5952370762825012,0.5952370762825012,0.4047628939151764,0.5952370762825012,20,5,3,zero_shot_paired
285,6,20,8,60,1,1,1,0.5053728222846985,0.5053728222846985,0.4946271777153015,0.5053728222846985,20,5,3,zero_shot_paired
285,7,20,9,60,1,0,0,0.7884839177131653,0.7884839177131653,0.7884839177131653,0.21151605248451233,20,5,3,zero_shot_paired
285,8,20,10,60,0,0,1,0.8866031169891357,0.8866031169891357,0.8866031169891357,0.11339691281318665,20,5,3,zero_shot_paired
285,9,20,11,60,1,0,0,0.5840617418289185,0.5840617418289185,0.5840617418289185,0.41593825817108154,20,5,3,zero_shot_paired
285,10,20,13,60,0,0,1,0.8292901515960693,0.8292901515960693,0.8292901515960693,0.17070987820625305,20,5,3,zero_shot_paired
285,11,20,14,60,1,0,0,0.5891051888465881,0.5891051888465881,0.5891051888465881,0.4108947813510895,20,5,3,zero_shot_paired
285,12,20,15,60,1,0,0,0.7878049612045288,0.7878049612045288,0.7878049612045288,0.21219505369663239,20,5,3,zero_shot_paired
285,13,20,16,60,1,1,1,0.6352595686912537,0.6352595686912537,0.36474043130874634,0.6352595686912537,20,5,3,zero_shot_paired
285,14,20,17,60,1,0,0,0.7161022424697876,0.7161022424697876,0.7161022424697876,0.2838976979255676,20,5,3,zero_shot_paired
285,0,20,0,60,0,1,0,0.5188738107681274,0.5188738107681274,0.48112621903419495,0.5188738107681274,20,5,3,post_calibration
285,1,20,1,60,1,1,1,0.6674932241439819,0.6674932241439819,0.33250680565834045,0.6674932241439819,20,5,3,post_calibration
285,2,20,2,60,1,0,0,0.642979085445404,0.642979085445404,0.642979085445404,0.35702091455459595,20,5,3,post_calibration
285,3,20,3,60,1,0,0,0.6237995028495789,0.6237995028495789,0.6237995028495789,0.37620049715042114,20,5,3,post_calibration
285,4,20,4,60,1,1,1,0.6338087916374207,0.6338087916374207,0.36619120836257935,0.6338087916374207,20,5,3,post_calibration
285,5,20,5,60,1,1,1,0.5798168182373047,0.5798168182373047,0.4201831519603729,0.5798168182373047,20,5,3,post_calibration
285,6,20,8,60,1,1,1,0.5066562294960022,0.5066562294960022,0.4933437705039978,0.5066562294960022,20,5,3,post_calibration
285,7,20,9,60,1,0,0,0.7889365553855896,0.7889365553855896,0.7889365553855896,0.211063414812088,20,5,3,post_calibration
285,8,20,10,60,0,0,1,0.8981135487556458,0.8981135487556458,0.8981135487556458,0.10188647359609604,20,5,3,post_calibration
285,9,20,11,60,1,0,0,0.550445020198822,0.550445020198822,0.550445020198822,0.449554979801178,20,5,3,post_calibration
285,10,20,13,60,0,0,1,0.8070749044418335,0.8070749044418335,0.8070749044418335,0.19292514026165009,20,5,3,post_calibration
285,11,20,14,60,1,0,0,0.5808350443840027,0.5808350443840027,0.5808350443840027,0.4191649258136749,20,5,3,post_calibration
285,12,20,15,60,1,0,0,0.7966758608818054,0.7966758608818054,0.7966758608818054,0.20332413911819458,20,5,3,post_calibration
285,13,20,16,60,1,1,1,0.6424973011016846,0.6424973011016846,0.35750266909599304,0.6424973011016846,20,5,3,post_calibration
285,14,20,17,60,1,0,0,0.7194329500198364,0.7194329500198364,0.7194329500198364,0.28056707978248596,20,5,3,post_calibration
286,0,20,0,60,0,1,0,0.5045737028121948,0.5045737028121948,0.4954262971878052,0.5045737028121948,20,6,3,zero_shot_paired
286,1,20,1,60,1,1,1,0.6437563300132751,0.6437563300132751,0.35624366998672485,0.6437563300132751,20,6,3,zero_shot_paired
286,2,20,2,60,1,0,0,0.6367979049682617,0.6367979049682617,0.6367979049682617,0.36320212483406067,20,6,3,zero_shot_paired
286,3,20,4,60,1,1,1,0.5892437100410461,0.5892437100410461,0.41075628995895386,0.5892437100410461,20,6,3,zero_shot_paired
286,4,20,5,60,1,1,1,0.5952370762825012,0.5952370762825012,0.4047628939151764,0.5952370762825012,20,6,3,zero_shot_paired
286,5,20,6,60,0,0,1,0.8269106149673462,0.8269106149673462,0.8269106149673462,0.17308937013149261,20,6,3,zero_shot_paired
286,6,20,7,60,1,1,1,0.66353440284729,0.66353440284729,0.33646562695503235,0.66353440284729,20,6,3,zero_shot_paired
286,7,20,8,60,1,1,1,0.5053728222846985,0.5053728222846985,0.4946271777153015,0.5053728222846985,20,6,3,zero_shot_paired
286,8,20,9,60,1,0,0,0.7884839177131653,0.7884839177131653,0.7884839177131653,0.21151605248451233,20,6,3,zero_shot_paired
286,9,20,10,60,0,0,1,0.8866031169891357,0.8866031169891357,0.8866031169891357,0.11339691281318665,20,6,3,zero_shot_paired
286,10,20,11,60,1,0,0,0.5840617418289185,0.5840617418289185,0.5840617418289185,0.41593825817108154,20,6,3,zero_shot_paired
286,11,20,12,60,1,1,1,0.5129327774047852,0.5129327774047852,0.48706725239753723,0.5129327774047852,20,6,3,zero_shot_paired
286,12,20,13,60,0,0,1,0.8292901515960693,0.8292901515960693,0.8292901515960693,0.17070987820625305,20,6,3,zero_shot_paired
286,13,20,16,60,1,1,1,0.6352595686912537,0.6352595686912537,0.36474043130874634,0.6352595686912537,20,6,3,zero_shot_paired
286,14,20,17,60,1,0,0,0.7161022424697876,0.7161022424697876,0.7161022424697876,0.2838976979255676,20,6,3,zero_shot_paired
286,0,20,0,60,0,1,0,0.5106490254402161,0.5106490254402161,0.48935097455978394,0.5106490254402161,20,6,3,post_calibration
286,1,20,1,60,1,1,1,0.668043315410614,0.668043315410614,0.331956684589386,0.668043315410614,20,6,3,post_calibration
286,2,20,2,60,1,0,0,0.5984442234039307,0.5984442234039307,0.5984442234039307,0.4015558063983917,20,6,3,post_calibration
286,3,20,4,60,1,1,1,0.6014124751091003,0.6014124751091003,0.39858749508857727,0.6014124751091003,20,6,3,post_calibration
286,4,20,5,60,1,1,1,0.6287030577659607,0.6287030577659607,0.37129688262939453,0.6287030577659607,20,6,3,post_calibration
286,5,20,6,60,0,0,1,0.8094925880432129,0.8094925880432129,0.8094925880432129,0.1905074566602707,20,6,3,post_calibration
286,6,20,7,60,1,1,1,0.6673983931541443,0.6673983931541443,0.3326016366481781,0.6673983931541443,20,6,3,post_calibration
286,7,20,8,60,1,1,1,0.5419202446937561,0.5419202446937561,0.4580797553062439,0.5419202446937561,20,6,3,post_calibration
286,8,20,9,60,1,0,0,0.751320481300354,0.751320481300354,0.751320481300354,0.24867954850196838,20,6,3,post_calibration
286,9,20,10,60,0,0,1,0.8686997890472412,0.8686997890472412,0.8686997890472412,0.13130022585391998,20,6,3,post_calibration
286,10,20,11,60,1,0,0,0.554157555103302,0.554157555103302,0.554157555103302,0.4458423852920532,20,6,3,post_calibration
286,11,20,12,60,1,1,1,0.5307325124740601,0.5307325124740601,0.4692675471305847,0.5307325124740601,20,6,3,post_calibration
286,12,20,13,60,0,0,1,0.7943301200866699,0.7943301200866699,0.7943301200866699,0.20566987991333008,20,6,3,post_calibration
286,13,20,16,60,1,1,1,0.6796273589134216,0.6796273589134216,0.320372611284256,0.6796273589134216,20,6,3,post_calibration
286,14,20,17,60,1,0,0,0.6836851835250854,0.6836851835250854,0.6836851835250854,0.31631478667259216,20,6,3,post_calibration
287,0,20,0,60,0,1,0,0.5045737028121948,0.5045737028121948,0.4954262971878052,0.5045737028121948,20,1,6,zero_shot_paired
287,1,20,3,60,1,0,0,0.6439977884292603,0.6439977884292603,0.6439977884292603,0.3560022711753845,20,1,6,zero_shot_paired
287,2,20,4,60,1,1,1,0.5892437100410461,0.5892437100410461,0.41075628995895386,0.5892437100410461,20,1,6,zero_shot_paired
287,3,20,5,60,1,1,1,0.5952370762825012,0.5952370762825012,0.4047628939151764,0.5952370762825012,20,1,6,zero_shot_paired
287,4,20,6,60,0,0,1,0.8269106149673462,0.8269106149673462,0.8269106149673462,0.17308937013149261,20,1,6,zero_shot_paired
287,5,20,9,60,1,0,0,0.7884839177131653,0.7884839177131653,0.7884839177131653,0.21151605248451233,20,1,6,zero_shot_paired
287,6,20,11,60,1,0,0,0.5840617418289185,0.5840617418289185,0.5840617418289185,0.41593825817108154,20,1,6,zero_shot_paired
287,7,20,12,60,1,1,1,0.5129327774047852,0.5129327774047852,0.48706725239753723,0.5129327774047852,20,1,6,zero_shot_paired
287,8,20,13,60,0,0,1,0.8292901515960693,0.8292901515960693,0.8292901515960693,0.17070987820625305,20,1,6,zero_shot_paired
287,9,20,14,60,1,0,0,0.5891051888465881,0.5891051888465881,0.5891051888465881,0.4108947813510895,20,1,6,zero_shot_paired
287,10,20,16,60,1,1,1,0.6352595686912537,0.6352595686912537,0.36474043130874634,0.6352595686912537,20,1,6,zero_shot_paired
287,11,20,17,60,1,0,0,0.7161022424697876,0.7161022424697876,0.7161022424697876,0.2838976979255676,20,1,6,zero_shot_paired
287,0,20,0,60,0,1,0,0.5130146741867065,0.5130146741867065,0.4869852662086487,0.5130146741867065,20,1,6,post_calibration
287,1,20,3,60,1,0,0,0.6250966787338257,0.6250966787338257,0.6250966787338257,0.3749033212661743,20,1,6,post_calibration
287,2,20,4,60,1,1,1,0.6208335757255554,0.6208335757255554,0.37916645407676697,0.6208335757255554,20,1,6,post_calibration
287,3,20,5,60,1,1,1,0.6019464135169983,0.6019464135169983,0.3980535864830017,0.6019464135169983,20,1,6,post_calibration
287,4,20,6,60,0,0,1,0.7986276149749756,0.7986276149749756,0.7986276149749756,0.20137238502502441,20,1,6,post_calibration
287,5,20,9,60,1,0,0,0.7461968064308167,0.7461968064308167,0.7461968064308167,0.25380322337150574,20,1,6,post_calibration
287,6,20,11,60,1,0,0,0.5510717630386353,0.5510717630386353,0.5510717630386353,0.4489282965660095,20,1,6,post_calibration
287,7,20,12,60,1,1,1,0.5370034575462341,0.5370034575462341,0.46299657225608826,0.5370034575462341,20,1,6,post_calibration
287,8,20,13,60,0,0,1,0.8043134212493896,0.8043134212493896,0.8043134212493896,0.19568653404712677,20,1,6,post_calibration
287,9,20,14,60,1,0,0,0.5822628140449524,0.5822628140449524,0.5822628140449524,0.4177371859550476,20,1,6,post_calibration
287,10,20,16,60,1,1,1,0.6961939930915833,0.6961939930915833,0.30380600690841675,0.6961939930915833,20,1,6,post_calibration
287,11,20,17,60,1,0,0,0.7125917077064514,0.7125917077064514,0.7125917077064514,0.2874082922935486,20,1,6,post_calibration
288,0,20,1,60,1,1,1,0.6437563300132751,0.6437563300132751,0.35624366998672485,0.6437563300132751,20,2,6,zero_shot_paired
288,1,20,2,60,1,0,0,0.6367979049682617,0.6367979049682617,0.6367979049682617,0.36320212483406067,20,2,6,zero_shot_paired
288,2,20,5,60,1,1,1,0.5952370762825012,0.5952370762825012,0.4047628939151764,0.5952370762825012,20,2,6,zero_shot_paired
288,3,20,7,60,1,1,1,0.66353440284729,0.66353440284729,0.33646562695503235,0.66353440284729,20,2,6,zero_shot_paired
288,4,20,8,60,1,1,1,0.5053728222846985,0.5053728222846985,0.4946271777153015,0.5053728222846985,20,2,6,zero_shot_paired
288,5,20,9,60,1,0,0,0.7884839177131653,0.7884839177131653,0.7884839177131653,0.21151605248451233,20,2,6,zero_shot_paired
288,6,20,10,60,0,0,1,0.8866031169891357,0.8866031169891357,0.8866031169891357,0.11339691281318665,20,2,6,zero_shot_paired
288,7,20,13,60,0,0,1,0.8292901515960693,0.8292901515960693,0.8292901515960693,0.17070987820625305,20,2,6,zero_shot_paired
288,8,20,14,60,1,0,0,0.5891051888465881,0.5891051888465881,0.5891051888465881,0.4108947813510895,20,2,6,zero_shot_paired
288,9,20,15,60,1,0,0,0.7878049612045288,0.7878049612045288,0.7878049612045288,0.21219505369663239,20,2,6,zero_shot_paired
288,10,20,16,60,1,1,1,0.6352595686912537,0.6352595686912537,0.36474043130874634,0.6352595686912537,20,2,6,zero_shot_paired
288,11,20,17,60,1,0,0,0.7161022424697876,0.7161022424697876,0.7161022424697876,0.2838976979255676,20,2,6,zero_shot_paired
288,0,20,1,60,1,1,1,0.6442583203315735,0.6442583203315735,0.3557416796684265,0.6442583203315735,20,2,6,post_calibration
288,1,20,2,60,1,0,0,0.6299915909767151,0.6299915909767151,0.6299915909767151,0.3700084090232849,20,2,6,post_calibration
288,2,20,5,60,1,1,1,0.6154129505157471,0.6154129505157471,0.3845870792865753,0.6154129505157471,20,2,6,post_calibration
288,3,20,7,60,1,1,1,0.6946943998336792,0.6946943998336792,0.3053056001663208,0.6946943998336792,20,2,6,post_calibration
288,4,20,8,60,1,1,1,0.5146137475967407,0.5146137475967407,0.4853862226009369,0.5146137475967407,20,2,6,post_calibration
288,5,20,9,60,1,0,0,0.7933012247085571,0.7933012247085571,0.7933012247085571,0.20669883489608765,20,2,6,post_calibration
288,6,20,10,60,0,0,1,0.8913331627845764,0.8913331627845764,0.8913331627845764,0.10866688191890717,20,2,6,post_calibration
288,7,20,13,60,0,0,1,0.8036617636680603,0.8036617636680603,0.8036617636680603,0.19633817672729492,20,2,6,post_calibration
288,8,20,14,60,1,0,0,0.5969582796096802,0.5969582796096802,0.5969582796096802,0.4030417799949646,20,2,6,post_calibration
288,9,20,15,60,1,0,0,0.7901788949966431,0.7901788949966431,0.7901788949966431,0.20982111990451813,20,2,6,post_calibration
288,10,20,16,60,1,1,1,0.6435673236846924,0.6435673236846924,0.35643261671066284,0.6435673236846924,20,2,6,post_calibration
288,11,20,17,60,1,0,0,0.7222240567207336,0.7222240567207336,0.7222240567207336,0.27777594327926636,20,2,6,post_calibration
289,0,20,0,60,0,1,0,0.5045737028121948,0.5045737028121948,0.4954262971878052,0.5045737028121948,20,3,6,zero_shot_paired
289,1,20,1,60,1,1,1,0.6437563300132751,0.6437563300132751,0.35624366998672485,0.6437563300132751,20,3,6,zero_shot_paired
289,2,20,2,60,1,0,0,0.6367979049682617,0.6367979049682617,0.6367979049682617,0.36320212483406067,20,3,6,zero_shot_paired
289,3,20,3,60,1,0,0,0.6439977884292603,0.6439977884292603,0.6439977884292603,0.3560022711753845,20,3,6,zero_shot_paired
289,4,20,4,60,1,1,1,0.5892437100410461,0.5892437100410461,0.41075628995895386,0.5892437100410461,20,3,6,zero_shot_paired
289,5,20,6,60,0,0,1,0.8269106149673462,0.8269106149673462,0.8269106149673462,0.17308937013149261,20,3,6,zero_shot_paired
289,6,20,7,60,1,1,1,0.66353440284729,0.66353440284729,0.33646562695503235,0.66353440284729,20,3,6,zero_shot_paired
289,7,20,8,60,1,1,1,0.5053728222846985,0.5053728222846985,0.4946271777153015,0.5053728222846985,20,3,6,zero_shot_paired
289,8,20,10,60,0,0,1,0.8866031169891357,0.8866031169891357,0.8866031169891357,0.11339691281318665,20,3,6,zero_shot_paired
289,9,20,11,60,1,0,0,0.5840617418289185,0.5840617418289185,0.5840617418289185,0.41593825817108154,20,3,6,zero_shot_paired
289,10,20,12,60,1,1,1,0.5129327774047852,0.5129327774047852,0.48706725239753723,0.5129327774047852,20,3,6,zero_shot_paired
289,11,20,15,60,1,0,0,0.7878049612045288,0.7878049612045288,0.7878049612045288,0.21219505369663239,20,3,6,zero_shot_paired
289,0,20,0,60,0,1,0,0.5292291641235352,0.5292291641235352,0.47077080607414246,0.5292291641235352,20,3,6,post_calibration
289,1,20,1,60,1,1,1,0.6968374252319336,0.6968374252319336,0.3031625747680664,0.6968374252319336,20,3,6,post_calibration
289,2,20,2,60,1,0,0,0.6009368896484375,0.6009368896484375,0.6009368896484375,0.3990631103515625,20,3,6,post_calibration
289,3,20,3,60,1,0,0,0.6556426882743835,0.6556426882743835,0.6556426882743835,0.34435731172561646,20,3,6,post_calibration
289,4,20,4,60,1,1,1,0.6085740327835083,0.6085740327835083,0.3914259076118469,0.6085740327835083,20,3,6,post_calibration
289,5,20,6,60,0,0,1,0.8008112907409668,0.8008112907409668,0.8008112907409668,0.1991887092590332,20,3,6,post_calibration
289,6,20,7,60,1,1,1,0.6542875170707703,0.6542875170707703,0.34571248292922974,0.6542875170707703,20,3,6,post_calibration
289,7,20,8,60,1,1,1,0.5322352051734924,0.5322352051734924,0.46776482462882996,0.5322352051734924,20,3,6,post_calibration
289,8,20,10,60,0,0,1,0.862288236618042,0.862288236618042,0.862288236618042,0.13771174848079681,20,3,6,post_calibration
289,9,20,11,60,1,0,0,0.5791345238685608,0.5791345238685608,0.5791345238685608,0.4208654761314392,20,3,6,post_calibration
289,10,20,12,60,1,1,1,0.5422403216362,0.5422403216362,0.45775967836380005,0.5422403216362,20,3,6,post_calibration
289,11,20,15,60,1,0,0,0.7442760467529297,0.7442760467529297,0.7442760467529297,0.2557239234447479,20,3,6,post_calibration
290,0,20,0,60,0,1,0,0.5045775175094604,0.5045775175094604,0.49542251229286194,0.5045775175094604,20,1,9,zero_shot_paired
290,1,20,2,60,1,0,0,0.636799693107605,0.636799693107605,0.636799693107605,0.3632003664970398,20,1,9,zero_shot_paired
290,2,20,3,60,1,0,0,0.6439977884292603,0.6439977884292603,0.6439977884292603,0.3560022711753845,20,1,9,zero_shot_paired
290,3,20,4,60,1,1,1,0.5892437100410461,0.5892437100410461,0.41075628995895386,0.5892437100410461,20,1,9,zero_shot_paired
290,4,20,9,60,1,0,0,0.7884814143180847,0.7884814143180847,0.7884814143180847,0.21151858568191528,20,1,9,zero_shot_paired
290,5,20,10,60,0,0,1,0.8866015672683716,0.8866015672683716,0.8866015672683716,0.11339842528104782,20,1,9,zero_shot_paired
290,6,20,11,60,1,0,0,0.5840617418289185,0.5840617418289185,0.5840617418289185,0.41593825817108154,20,1,9,zero_shot_paired
290,7,20,15,60,1,0,0,0.7878062129020691,0.7878062129020691,0.7878062129020691,0.21219374239444733,20,1,9,zero_shot_paired
290,8,20,17,60,1,0,0,0.7161022424697876,0.7161022424697876,0.7161022424697876,0.2838976979255676,20,1,9,zero_shot_paired
290,0,20,0,60,0,1,0,0.5105346441268921,0.5105346441268921,0.4894653856754303,0.5105346441268921,20,1,9,post_calibration
290,1,20,2,60,1,0,0,0.6121756434440613,0.6121756434440613,0.6121756434440613,0.3878243565559387,20,1,9,post_calibration
290,2,20,3,60,1,0,0,0.6427724361419678,0.6427724361419678,0.6427724361419678,0.3572275936603546,20,1,9,post_calibration
290,3,20,4,60,1,1,1,0.6187372207641602,0.6187372207641602,0.38126277923583984,0.6187372207641602,20,1,9,post_calibration
290,4,20,9,60,1,0,0,0.7645992636680603,0.7645992636680603,0.7645992636680603,0.2354007512331009,20,1,9,post_calibration
290,5,20,10,60,0,0,1,0.8681051731109619,0.8681051731109619,0.8681051731109619,0.13189484179019928,20,1,9,post_calibration
290,6,20,11,60,1,0,0,0.5588913559913635,0.5588913559913635,0.5588913559913635,0.44110867381095886,20,1,9,post_calibration
290,7,20,15,60,1,0,0,0.7625484466552734,0.7625484466552734,0.7625484466552734,0.23745158314704895,20,1,9,post_calibration
290,8,20,17,60,1,0,0,0.6919431686401367,0.6919431686401367,0.6919431686401367,0.30805689096450806,20,1,9,post_calibration
291,0,20,1,60,1,1,1,0.6437615752220154,0.6437615752220154,0.3562384247779846,0.6437615752220154,20,2,9,zero_shot_paired
291,1,20,5,60,1,1,1,0.5952444076538086,0.5952444076538086,0.404755562543869,0.5952444076538086,20,2,9,zero_shot_paired
291,2,20,6,60,0,0,1,0.8269084095954895,0.8269084095954895,0.8269084095954895,0.17309154570102692,20,2,9,zero_shot_paired
291,3,20,7,60,1,1,1,0.6635326743125916,0.6635326743125916,0.33646732568740845,0.6635326743125916,20,2,9,zero_shot_paired
291,4,20,8,60,1,1,1,0.5053728222846985,0.5053728222846985,0.4946271777153015,0.5053728222846985,20,2,9,zero_shot_paired
291,5,20,12,60,1,1,1,0.5129327774047852,0.5129327774047852,0.48706725239753723,0.5129327774047852,20,2,9,zero_shot_paired
291,6,20,13,60,0,0,1,0.8292880058288574,0.8292880058288574,0.8292880058288574,0.17071203887462616,20,2,9,zero_shot_paired
291,7,20,14,60,1,0,0,0.5891144275665283,0.5891144275665283,0.5891144275665283,0.4108855426311493,20,2,9,zero_shot_paired
291,8,20,16,60,1,1,1,0.6352666020393372,0.6352666020393372,0.36473339796066284,0.6352666020393372,20,2,9,zero_shot_paired
291,0,20,1,60,1,1,1,0.6525269150733948,0.6525269150733948,0.3474731147289276,0.6525269150733948,20,2,9,post_calibration
291,1,20,5,60,1,1,1,0.6230114102363586,0.6230114102363586,0.37698858976364136,0.6230114102363586,20,2,9,post_calibration
291,2,20,6,60,0,0,1,0.7977415323257446,0.7977415323257446,0.7977415323257446,0.20225849747657776,20,2,9,post_calibration
291,3,20,7,60,1,1,1,0.6665154099464417,0.6665154099464417,0.33348456025123596,0.6665154099464417,20,2,9,post_calibration
291,4,20,8,60,1,1,1,0.5451646447181702,0.5451646447181702,0.45483535528182983,0.5451646447181702,20,2,9,post_calibration
291,5,20,12,60,1,1,1,0.5312435626983643,0.5312435626983643,0.46875643730163574,0.5312435626983643,20,2,9,post_calibration
291,6,20,13,60,0,0,1,0.7876008152961731,0.7876008152961731,0.7876008152961731,0.2123991698026657,20,2,9,post_calibration
291,7,20,14,60,1,0,0,0.5668879151344299,0.5668879151344299,0.5668879151344299,0.43311208486557007,20,2,9,post_calibration
291,8,20,16,60,1,1,1,0.671682596206665,0.671682596206665,0.32831740379333496,0.671682596206665,20,2,9,post_calibration
292,0,20,0,60,0,1,0,0.5046384930610657,0.5046384930610657,0.49536144733428955,0.5046384930610657,20,1,12,zero_shot_paired
292,1,20,7,60,1,1,1,0.6634543538093567,0.6634543538093567,0.3365456461906433,0.6634543538093567,20,1,12,zero_shot_paired
292,2,20,9,60,1,0,0,0.7885017395019531,0.7885017395019531,0.7885017395019531,0.2114982306957245,20,1,12,zero_shot_paired
292,3,20,12,60,1,1,1,0.5128793716430664,0.5128793716430664,0.4871206283569336,0.5128793716430664,20,1,12,zero_shot_paired
292,4,20,16,60,1,1,1,0.6352860331535339,0.6352860331535339,0.3647139072418213,0.6352860331535339,20,1,12,zero_shot_paired
292,5,20,17,60,1,0,0,0.7160433530807495,0.7160433530807495,0.7160433530807495,0.2839566469192505,20,1,12,zero_shot_paired
292,0,20,0,60,0,1,0,0.5042380094528198,0.5042380094528198,0.4957619905471802,0.5042380094528198,20,1,12,post_calibration
292,1,20,7,60,1,1,1,0.6617350578308105,0.6617350578308105,0.33826497197151184,0.6617350578308105,20,1,12,post_calibration
292,2,20,9,60,1,0,0,0.7630205154418945,0.7630205154418945,0.7630205154418945,0.2369794249534607,20,1,12,post_calibration
292,3,20,12,60,1,1,1,0.530770480632782,0.530770480632782,0.469229519367218,0.530770480632782,20,1,12,post_calibration
292,4,20,16,60,1,1,1,0.6638885736465454,0.6638885736465454,0.3361114263534546,0.6638885736465454,20,1,12,post_calibration
292,5,20,17,60,1,0,0,0.694122850894928,0.694122850894928,0.694122850894928,0.30587708950042725,20,1,12,post_calibration
293,0,20,2,60,1,0,0,0.6367291212081909,0.6367291212081909,0.6367291212081909,0.36327093839645386,20,2,12,zero_shot_paired
293,1,20,5,60,1,1,1,0.5951690673828125,0.5951690673828125,0.4048309326171875,0.5951690673828125,20,2,12,zero_shot_paired
293,2,20,7,60,1,1,1,0.6634543538093567,0.6634543538093567,0.3365456461906433,0.6634543538093567,20,2,12,zero_shot_paired
293,3,20,10,60,0,0,1,0.8865900039672852,0.8865900039672852,0.8865900039672852,0.11340994387865067,20,2,12,zero_shot_paired
293,4,20,11,60,1,0,0,0.5841062664985657,0.5841062664985657,0.5841062664985657,0.4158937931060791,20,2,12,zero_shot_paired
293,5,20,17,60,1,0,0,0.7160433530807495,0.7160433530807495,0.7160433530807495,0.2839566469192505,20,2,12,zero_shot_paired
293,0,20,2,60,1,0,0,0.5947259068489075,0.5947259068489075,0.5947259068489075,0.40527403354644775,20,2,12,post_calibration
293,1,20,5,60,1,1,1,0.6111553907394409,0.6111553907394409,0.38884463906288147,0.6111553907394409,20,2,12,post_calibration
293,2,20,7,60,1,1,1,0.6652304530143738,0.6652304530143738,0.33476948738098145,0.6652304530143738,20,2,12,post_calibration
293,3,20,10,60,0,0,1,0.8688598275184631,0.8688598275184631,0.8688598275184631,0.13114018738269806,20,2,12,post_calibration
293,4,20,11,60,1,0,0,0.5604631900787354,0.5604631900787354,0.5604631900787354,0.43953680992126465,20,2,12,post_calibration
293,5,20,17,60,1,0,0,0.6868724226951599,0.6868724226951599,0.6868724226951599,0.31312763690948486,20,2,12,post_calibration
294,0,20,3,60,1,0,0,0.6438175439834595,0.6438175439834595,0.6438175439834595,0.3561824560165405,20,3,12,zero_shot_paired
294,1,20,6,60,0,0,1,0.8268724083900452,0.8268724083900452,0.8268724083900452,0.17312760651111603,20,3,12,zero_shot_paired
294,2,20,8,60,1,1,1,0.505143940448761,0.505143940448761,0.4948560297489166,0.505143940448761,20,3,12,zero_shot_paired
294,3,20,9,60,1,0,0,0.7885017395019531,0.7885017395019531,0.7885017395019531,0.2114982306957245,20,3,12,zero_shot_paired
294,4,20,11,60,1,0,0,0.5841062664985657,0.5841062664985657,0.5841062664985657,0.4158937931060791,20,3,12,zero_shot_paired
294,5,20,12,60,1,1,1,0.5128793716430664,0.5128793716430664,0.4871206283569336,0.5128793716430664,20,3,12,zero_shot_paired
294,0,20,3,60,1,0,0,0.6386997103691101,0.6386997103691101,0.6386997103691101,0.3613002896308899,20,3,12,post_calibration
294,1,20,6,60,0,0,1,0.7998273968696594,0.7998273968696594,0.7998273968696594,0.20017263293266296,20,3,12,post_calibration
294,2,20,8,60,1,1,1,0.5314696431159973,0.5314696431159973,0.4685303568840027,0.5314696431159973,20,3,12,post_calibration
294,3,20,9,60,1,0,0,0.7665312886238098,0.7665312886238098,0.7665312886238098,0.2334686815738678,20,3,12,post_calibration
294,4,20,11,60,1,0,0,0.5776610374450684,0.5776610374450684,0.5776610374450684,0.42233896255493164,20,3,12,post_calibration
294,5,20,12,60,1,1,1,0.5390059351921082,0.5390059351921082,0.46099400520324707,0.5390059351921082,20,3,12,post_calibration
22,0,21,0,60,0,1,0,0.8282517790794373,0.8282517790794373,0.17174817621707916,0.8282517790794373,21,,,zero_shot_all_trials
22,1,21,1,60,1,1,1,0.7888921499252319,0.7888921499252319,0.21110789477825165,0.7888921499252319,21,,,zero_shot_all_trials
22,2,21,2,60,1,1,1,0.6635820865631104,0.6635820865631104,0.33641791343688965,0.6635820865631104,21,,,zero_shot_all_trials
22,3,21,3,60,1,0,0,0.6577427983283997,0.6577427983283997,0.6577427983283997,0.34225717186927795,21,,,zero_shot_all_trials
22,4,21,4,60,1,1,1,0.6940402984619141,0.6940402984619141,0.3059597313404083,0.6940402984619141,21,,,zero_shot_all_trials
22,5,21,5,60,1,1,1,0.8153645992279053,0.8153645992279053,0.18463538587093353,0.8153645992279053,21,,,zero_shot_all_trials
22,6,21,6,60,1,0,0,0.6856321692466736,0.6856321692466736,0.6856321692466736,0.3143678307533264,21,,,zero_shot_all_trials
22,7,21,7,60,1,1,1,0.8789716362953186,0.8789716362953186,0.12102842330932617,0.8789716362953186,21,,,zero_shot_all_trials
22,8,21,8,60,1,1,1,0.5296131372451782,0.5296131372451782,0.4703868627548218,0.5296131372451782,21,,,zero_shot_all_trials
22,9,21,9,60,0,1,0,0.6943998336791992,0.6943998336791992,0.3056001365184784,0.6943998336791992,21,,,zero_shot_all_trials
22,10,21,10,60,0,0,1,0.7290272116661072,0.7290272116661072,0.7290272116661072,0.2709727883338928,21,,,zero_shot_all_trials
22,11,21,11,60,1,0,0,0.9068846702575684,0.9068846702575684,0.9068846702575684,0.09311532974243164,21,,,zero_shot_all_trials
22,12,21,12,60,0,0,1,0.8006773591041565,0.8006773591041565,0.8006773591041565,0.19932261109352112,21,,,zero_shot_all_trials
22,13,21,13,60,0,1,0,0.5757594704627991,0.5757594704627991,0.42424049973487854,0.5757594704627991,21,,,zero_shot_all_trials
22,14,21,14,60,1,0,0,0.6890342831611633,0.6890342831611633,0.6890342831611633,0.3109656572341919,21,,,zero_shot_all_trials
22,15,21,15,60,1,0,0,0.8852638602256775,0.8852638602256775,0.8852638602256775,0.11473609507083893,21,,,zero_shot_all_trials
22,16,21,16,60,1,1,1,0.6208496689796448,0.6208496689796448,0.37915027141571045,0.6208496689796448,21,,,zero_shot_all_trials
22,17,21,17,60,1,1,1,0.7220265865325928,0.7220265865325928,0.2779734134674072,0.7220265865325928,21,,,zero_shot_all_trials
295,0,21,0,60,0,1,0,0.8282572627067566,0.8282572627067566,0.1717427372932434,0.8282572627067566,21,1,3,zero_shot_paired
295,1,21,1,60,1,1,1,0.7888921499252319,0.7888921499252319,0.21110789477825165,0.7888921499252319,21,1,3,zero_shot_paired
295,2,21,4,60,1,1,1,0.6940467357635498,0.6940467357635498,0.3059532344341278,0.6940467357635498,21,1,3,zero_shot_paired
295,3,21,5,60,1,1,1,0.8153645992279053,0.8153645992279053,0.18463538587093353,0.8153645992279053,21,1,3,zero_shot_paired
295,4,21,6,60,1,0,0,0.6856305003166199,0.6856305003166199,0.6856305003166199,0.31436946988105774,21,1,3,zero_shot_paired
295,5,21,7,60,1,1,1,0.8789708018302917,0.8789708018302917,0.12102925032377243,0.8789708018302917,21,1,3,zero_shot_paired
295,6,21,8,60,1,1,1,0.5296187996864319,0.5296187996864319,0.4703812003135681,0.5296187996864319,21,1,3,zero_shot_paired
295,7,21,9,60,0,1,0,0.6944014430046082,0.6944014430046082,0.30559855699539185,0.6944014430046082,21,1,3,zero_shot_paired
295,8,21,11,60,1,0,0,0.9068859815597534,0.9068859815597534,0.9068859815597534,0.09311404824256897,21,1,3,zero_shot_paired
295,9,21,12,60,0,0,1,0.8006725907325745,0.8006725907325745,0.8006725907325745,0.1993274688720703,21,1,3,zero_shot_paired
295,10,21,13,60,0,1,0,0.5757557153701782,0.5757557153701782,0.4242442548274994,0.5757557153701782,21,1,3,zero_shot_paired
295,11,21,14,60,1,0,0,0.6890327334403992,0.6890327334403992,0.6890327334403992,0.3109673261642456,21,1,3,zero_shot_paired
295,12,21,15,60,1,0,0,0.8852646946907043,0.8852646946907043,0.8852646946907043,0.11473535001277924,21,1,3,zero_shot_paired
295,13,21,16,60,1,1,1,0.6208515167236328,0.6208515167236328,0.3791485130786896,0.6208515167236328,21,1,3,zero_shot_paired
295,14,21,17,60,1,1,1,0.7220250368118286,0.7220250368118286,0.277974933385849,0.7220250368118286,21,1,3,zero_shot_paired
295,0,21,0,60,0,1,0,0.8368819355964661,0.8368819355964661,0.1631181389093399,0.8368819355964661,21,1,3,post_calibration
295,1,21,1,60,1,1,1,0.8127918839454651,0.8127918839454651,0.1872081309556961,0.8127918839454651,21,1,3,post_calibration
295,2,21,4,60,1,1,1,0.6941747069358826,0.6941747069358826,0.30582526326179504,0.6941747069358826,21,1,3,post_calibration
295,3,21,5,60,1,1,1,0.8367713689804077,0.8367713689804077,0.1632285714149475,0.8367713689804077,21,1,3,post_calibration
295,4,21,6,60,1,0,0,0.6624024510383606,0.6624024510383606,0.6624024510383606,0.3375975489616394,21,1,3,post_calibration
295,5,21,7,60,1,1,1,0.882455587387085,0.882455587387085,0.11754443496465683,0.882455587387085,21,1,3,post_calibration
295,6,21,8,60,1,1,1,0.5187690258026123,0.5187690258026123,0.4812309443950653,0.5187690258026123,21,1,3,post_calibration
295,7,21,9,60,0,1,0,0.6763327121734619,0.6763327121734619,0.3236672878265381,0.6763327121734619,21,1,3,post_calibration
295,8,21,11,60,1,0,0,0.8962655067443848,0.8962655067443848,0.8962655067443848,0.10373444110155106,21,1,3,post_calibration
295,9,21,12,60,0,0,1,0.7723978757858276,0.7723978757858276,0.7723978757858276,0.22760207951068878,21,1,3,post_calibration
295,10,21,13,60,0,1,0,0.6010832786560059,0.6010832786560059,0.39891675114631653,0.6010832786560059,21,1,3,post_calibration
295,11,21,14,60,1,0,0,0.6787230372428894,0.6787230372428894,0.6787230372428894,0.3212769627571106,21,1,3,post_calibration
295,12,21,15,60,1,0,0,0.8927906155586243,0.8927906155586243,0.8927906155586243,0.10720942914485931,21,1,3,post_calibration
295,13,21,16,60,1,1,1,0.617263913154602,0.617263913154602,0.38273608684539795,0.617263913154602,21,1,3,post_calibration
295,14,21,17,60,1,1,1,0.7353432774543762,0.7353432774543762,0.264656662940979,0.7353432774543762,21,1,3,post_calibration
296,0,21,0,60,0,1,0,0.8282496929168701,0.8282496929168701,0.17175035178661346,0.8282496929168701,21,2,3,zero_shot_paired
296,1,21,1,60,1,1,1,0.7888908982276917,0.7888908982276917,0.21110917627811432,0.7888908982276917,21,2,3,zero_shot_paired
296,2,21,2,60,1,1,1,0.6635786890983582,0.6635786890983582,0.33642131090164185,0.6635786890983582,21,2,3,zero_shot_paired
296,3,21,3,60,1,0,0,0.657741129398346,0.657741129398346,0.657741129398346,0.34225890040397644,21,2,3,zero_shot_paired
296,4,21,4,60,1,1,1,0.6940370798110962,0.6940370798110962,0.3059629499912262,0.6940370798110962,21,2,3,zero_shot_paired
296,5,21,6,60,1,0,0,0.6856288909912109,0.6856288909912109,0.6856288909912109,0.31437113881111145,21,2,3,zero_shot_paired
296,6,21,7,60,1,1,1,0.8789740204811096,0.8789740204811096,0.12102600187063217,0.8789740204811096,21,2,3,zero_shot_paired
296,7,21,8,60,1,1,1,0.5296264290809631,0.5296264290809631,0.47037357091903687,0.5296264290809631,21,2,3,zero_shot_paired
296,8,21,9,60,0,1,0,0.6943917870521545,0.6943917870521545,0.30560827255249023,0.6943917870521545,21,2,3,zero_shot_paired
296,9,21,10,60,0,0,1,0.7290272116661072,0.7290272116661072,0.7290272116661072,0.2709727883338928,21,2,3,zero_shot_paired
296,10,21,12,60,0,0,1,0.8006676435470581,0.8006676435470581,0.8006676435470581,0.1993323415517807,21,2,3,zero_shot_paired
296,11,21,13,60,0,1,0,0.575753927230835,0.575753927230835,0.4242461025714874,0.575753927230835,21,2,3,zero_shot_paired
296,12,21,14,60,1,0,0,0.689037561416626,0.689037561416626,0.689037561416626,0.31096240878105164,21,2,3,zero_shot_paired
296,13,21,16,60,1,1,1,0.6208496689796448,0.6208496689796448,0.37915027141571045,0.6208496689796448,21,2,3,zero_shot_paired
296,14,21,17,60,1,1,1,0.7220219969749451,0.7220219969749451,0.27797800302505493,0.7220219969749451,21,2,3,zero_shot_paired
296,0,21,0,60,0,1,0,0.8266713619232178,0.8266713619232178,0.17332865297794342,0.8266713619232178,21,2,3,post_calibration
296,1,21,1,60,1,1,1,0.8021356463432312,0.8021356463432312,0.19786429405212402,0.8021356463432312,21,2,3,post_calibration
296,2,21,2,60,1,1,1,0.6579695343971252,0.6579695343971252,0.34203049540519714,0.6579695343971252,21,2,3,post_calibration
296,3,21,3,60,1,0,0,0.6331870555877686,0.6331870555877686,0.6331870555877686,0.36681297421455383,21,2,3,post_calibration
296,4,21,4,60,1,1,1,0.7146980166435242,0.7146980166435242,0.28530192375183105,0.7146980166435242,21,2,3,post_calibration
296,5,21,6,60,1,0,0,0.6674644351005554,0.6674644351005554,0.6674644351005554,0.3325355648994446,21,2,3,post_calibration
296,6,21,7,60,1,1,1,0.8877584338188171,0.8877584338188171,0.11224154382944107,0.8877584338188171,21,2,3,post_calibration
296,7,21,8,60,1,1,1,0.5915849804878235,0.5915849804878235,0.4084150195121765,0.5915849804878235,21,2,3,post_calibration
296,8,21,9,60,0,1,0,0.7419545650482178,0.7419545650482178,0.25804540514945984,0.7419545650482178,21,2,3,post_calibration
296,9,21,10,60,0,0,1,0.6831487417221069,0.6831487417221069,0.6831487417221069,0.31685128808021545,21,2,3,post_calibration
296,10,21,12,60,0,0,1,0.7778474688529968,0.7778474688529968,0.7778474688529968,0.22215254604816437,21,2,3,post_calibration
296,11,21,13,60,0,1,0,0.6055530905723572,0.6055530905723572,0.3944469690322876,0.6055530905723572,21,2,3,post_calibration
296,12,21,14,60,1,0,0,0.659192681312561,0.659192681312561,0.659192681312561,0.34080734848976135,21,2,3,post_calibration
296,13,21,16,60,1,1,1,0.6653680801391602,0.6653680801391602,0.33463189005851746,0.6653680801391602,21,2,3,post_calibration
296,14,21,17,60,1,1,1,0.7403489351272583,0.7403489351272583,0.2596510946750641,0.7403489351272583,21,2,3,post_calibration
297,0,21,0,60,0,1,0,0.8282496929168701,0.8282496929168701,0.17175035178661346,0.8282496929168701,21,3,3,zero_shot_paired
297,1,21,1,60,1,1,1,0.7888908982276917,0.7888908982276917,0.21110917627811432,0.7888908982276917,21,3,3,zero_shot_paired
297,2,21,2,60,1,1,1,0.6635786890983582,0.6635786890983582,0.33642131090164185,0.6635786890983582,21,3,3,zero_shot_paired
297,3,21,3,60,1,0,0,0.657741129398346,0.657741129398346,0.657741129398346,0.34225890040397644,21,3,3,zero_shot_paired
297,4,21,4,60,1,1,1,0.6940370798110962,0.6940370798110962,0.3059629499912262,0.6940370798110962,21,3,3,zero_shot_paired
297,5,21,5,60,1,1,1,0.8153761029243469,0.8153761029243469,0.18462391197681427,0.8153761029243469,21,3,3,zero_shot_paired
297,6,21,6,60,1,0,0,0.6856288909912109,0.6856288909912109,0.6856288909912109,0.31437113881111145,21,3,3,zero_shot_paired
297,7,21,7,60,1,1,1,0.8789740204811096,0.8789740204811096,0.12102600187063217,0.8789740204811096,21,3,3,zero_shot_paired
297,8,21,8,60,1,1,1,0.5296264290809631,0.5296264290809631,0.47037357091903687,0.5296264290809631,21,3,3,zero_shot_paired
297,9,21,9,60,0,1,0,0.6943917870521545,0.6943917870521545,0.30560827255249023,0.6943917870521545,21,3,3,zero_shot_paired
297,10,21,10,60,0,0,1,0.7290272116661072,0.7290272116661072,0.7290272116661072,0.2709727883338928,21,3,3,zero_shot_paired
297,11,21,11,60,1,0,0,0.9068846702575684,0.9068846702575684,0.9068846702575684,0.09311532974243164,21,3,3,zero_shot_paired
297,12,21,12,60,0,0,1,0.8006676435470581,0.8006676435470581,0.8006676435470581,0.1993323415517807,21,3,3,zero_shot_paired
297,13,21,15,60,1,0,0,0.8852592706680298,0.8852592706680298,0.8852592706680298,0.1147407665848732,21,3,3,zero_shot_paired
297,14,21,16,60,1,1,1,0.6208496689796448,0.6208496689796448,0.37915027141571045,0.6208496689796448,21,3,3,zero_shot_paired
297,0,21,0,60,0,1,0,0.828109622001648,0.828109622001648,0.17189037799835205,0.828109622001648,21,3,3,post_calibration
297,1,21,1,60,1,1,1,0.7869913578033447,0.7869913578033447,0.2130085974931717,0.7869913578033447,21,3,3,post_calibration
297,2,21,2,60,1,1,1,0.6598778963088989,0.6598778963088989,0.3401220738887787,0.6598778963088989,21,3,3,post_calibration
297,3,21,3,60,1,0,0,0.6720492243766785,0.6720492243766785,0.6720492243766785,0.32795074582099915,21,3,3,post_calibration
297,4,21,4,60,1,1,1,0.6903699636459351,0.6903699636459351,0.30963006615638733,0.6903699636459351,21,3,3,post_calibration
297,5,21,5,60,1,1,1,0.813066840171814,0.813066840171814,0.18693314492702484,0.813066840171814,21,3,3,post_calibration
297,6,21,6,60,1,0,0,0.6801272034645081,0.6801272034645081,0.6801272034645081,0.31987279653549194,21,3,3,post_calibration
297,7,21,7,60,1,1,1,0.8800300359725952,0.8800300359725952,0.11997003853321075,0.8800300359725952,21,3,3,post_calibration
297,8,21,8,60,1,1,1,0.5306317806243896,0.5306317806243896,0.46936821937561035,0.5306317806243896,21,3,3,post_calibration
297,9,21,9,60,0,1,0,0.7035701870918274,0.7035701870918274,0.296429842710495,0.7035701870918274,21,3,3,post_calibration
297,10,21,10,60,0,0,1,0.7419283390045166,0.7419283390045166,0.7419283390045166,0.2580717206001282,21,3,3,post_calibration
297,11,21,11,60,1,0,0,0.9086773991584778,0.9086773991584778,0.9086773991584778,0.09132257103919983,21,3,3,post_calibration
297,12,21,12,60,0,0,1,0.8040347695350647,0.8040347695350647,0.8040347695350647,0.1959652602672577,21,3,3,post_calibration
297,13,21,15,60,1,0,0,0.8892872333526611,0.8892872333526611,0.8892872333526611,0.11071279644966125,21,3,3,post_calibration
297,14,21,16,60,1,1,1,0.6233643889427185,0.6233643889427185,0.37663567066192627,0.6233643889427185,21,3,3,post_calibration
298,0,21,0,60,0,1,0,0.8282496929168701,0.8282496929168701,0.17175035178661346,0.8282496929168701,21,4,3,zero_shot_paired
298,1,21,1,60,1,1,1,0.7888908982276917,0.7888908982276917,0.21110917627811432,0.7888908982276917,21,4,3,zero_shot_paired
298,2,21,2,60,1,1,1,0.6635786890983582,0.6635786890983582,0.33642131090164185,0.6635786890983582,21,4,3,zero_shot_paired
298,3,21,3,60,1,0,0,0.657741129398346,0.657741129398346,0.657741129398346,0.34225890040397644,21,4,3,zero_shot_paired
298,4,21,4,60,1,1,1,0.6940370798110962,0.6940370798110962,0.3059629499912262,0.6940370798110962,21,4,3,zero_shot_paired
298,5,21,5,60,1,1,1,0.8153761029243469,0.8153761029243469,0.18462391197681427,0.8153761029243469,21,4,3,zero_shot_paired
298,6,21,6,60,1,0,0,0.6856288909912109,0.6856288909912109,0.6856288909912109,0.31437113881111145,21,4,3,zero_shot_paired
298,7,21,8,60,1,1,1,0.5296264290809631,0.5296264290809631,0.47037357091903687,0.5296264290809631,21,4,3,zero_shot_paired
298,8,21,10,60,0,0,1,0.7290272116661072,0.7290272116661072,0.7290272116661072,0.2709727883338928,21,4,3,zero_shot_paired
298,9,21,11,60,1,0,0,0.9068846702575684,0.9068846702575684,0.9068846702575684,0.09311532974243164,21,4,3,zero_shot_paired
298,10,21,12,60,0,0,1,0.8006676435470581,0.8006676435470581,0.8006676435470581,0.1993323415517807,21,4,3,zero_shot_paired
298,11,21,13,60,0,1,0,0.575753927230835,0.575753927230835,0.4242461025714874,0.575753927230835,21,4,3,zero_shot_paired
298,12,21,14,60,1,0,0,0.689037561416626,0.689037561416626,0.689037561416626,0.31096240878105164,21,4,3,zero_shot_paired
298,13,21,15,60,1,0,0,0.8852592706680298,0.8852592706680298,0.8852592706680298,0.1147407665848732,21,4,3,zero_shot_paired
298,14,21,17,60,1,1,1,0.7220219969749451,0.7220219969749451,0.27797800302505493,0.7220219969749451,21,4,3,zero_shot_paired
298,0,21,0,60,0,1,0,0.8239046931266785,0.8239046931266785,0.17609527707099915,0.8239046931266785,21,4,3,post_calibration
298,1,21,1,60,1,1,1,0.7900258302688599,0.7900258302688599,0.20997421443462372,0.7900258302688599,21,4,3,post_calibration
298,2,21,2,60,1,1,1,0.6602134704589844,0.6602134704589844,0.3397865295410156,0.6602134704589844,21,4,3,post_calibration
298,3,21,3,60,1,0,0,0.6474900841712952,0.6474900841712952,0.6474900841712952,0.3525099754333496,21,4,3,post_calibration
298,4,21,4,60,1,1,1,0.6929423809051514,0.6929423809051514,0.30705758929252625,0.6929423809051514,21,4,3,post_calibration
298,5,21,5,60,1,1,1,0.8189178705215454,0.8189178705215454,0.1810820996761322,0.8189178705215454,21,4,3,post_calibration
298,6,21,6,60,1,0,0,0.6994757652282715,0.6994757652282715,0.6994757652282715,0.30052420496940613,21,4,3,post_calibration
298,7,21,8,60,1,0,0,0.5022773742675781,0.5022773742675781,0.5022773742675781,0.49772265553474426,21,4,3,post_calibration
298,8,21,10,60,0,0,1,0.7354086637496948,0.7354086637496948,0.7354086637496948,0.26459136605262756,21,4,3,post_calibration
298,9,21,11,60,1,0,0,0.9098632335662842,0.9098632335662842,0.9098632335662842,0.09013678878545761,21,4,3,post_calibration
298,10,21,12,60,0,0,1,0.7921578884124756,0.7921578884124756,0.7921578884124756,0.20784208178520203,21,4,3,post_calibration
298,11,21,13,60,0,1,0,0.5704640746116638,0.5704640746116638,0.4295358955860138,0.5704640746116638,21,4,3,post_calibration
298,12,21,14,60,1,0,0,0.7007268667221069,0.7007268667221069,0.7007268667221069,0.29927316308021545,21,4,3,post_calibration
298,13,21,15,60,1,0,0,0.8966041803359985,0.8966041803359985,0.8966041803359985,0.10339586436748505,21,4,3,post_calibration
298,14,21,17,60,1,1,1,0.7187702655792236,0.7187702655792236,0.28122976422309875,0.7187702655792236,21,4,3,post_calibration
299,0,21,1,60,1,1,1,0.7888908982276917,0.7888908982276917,0.21110917627811432,0.7888908982276917,21,5,3,zero_shot_paired
299,1,21,2,60,1,1,1,0.6635786890983582,0.6635786890983582,0.33642131090164185,0.6635786890983582,21,5,3,zero_shot_paired
299,2,21,3,60,1,0,0,0.657741129398346,0.657741129398346,0.657741129398346,0.34225890040397644,21,5,3,zero_shot_paired
299,3,21,4,60,1,1,1,0.6940370798110962,0.6940370798110962,0.3059629499912262,0.6940370798110962,21,5,3,zero_shot_paired
299,4,21,5,60,1,1,1,0.8153761029243469,0.8153761029243469,0.18462391197681427,0.8153761029243469,21,5,3,zero_shot_paired
299,5,21,7,60,1,1,1,0.8789740204811096,0.8789740204811096,0.12102600187063217,0.8789740204811096,21,5,3,zero_shot_paired
299,6,21,9,60,0,1,0,0.6943917870521545,0.6943917870521545,0.30560827255249023,0.6943917870521545,21,5,3,zero_shot_paired
299,7,21,10,60,0,0,1,0.7290272116661072,0.7290272116661072,0.7290272116661072,0.2709727883338928,21,5,3,zero_shot_paired
299,8,21,11,60,1,0,0,0.9068846702575684,0.9068846702575684,0.9068846702575684,0.09311532974243164,21,5,3,zero_shot_paired
299,9,21,12,60,0,0,1,0.8006676435470581,0.8006676435470581,0.8006676435470581,0.1993323415517807,21,5,3,zero_shot_paired
299,10,21,13,60,0,1,0,0.575753927230835,0.575753927230835,0.4242461025714874,0.575753927230835,21,5,3,zero_shot_paired
299,11,21,14,60,1,0,0,0.689037561416626,0.689037561416626,0.689037561416626,0.31096240878105164,21,5,3,zero_shot_paired
299,12,21,15,60,1,0,0,0.8852592706680298,0.8852592706680298,0.8852592706680298,0.1147407665848732,21,5,3,zero_shot_paired
299,13,21,16,60,1,1,1,0.6208496689796448,0.6208496689796448,0.37915027141571045,0.6208496689796448,21,5,3,zero_shot_paired
299,14,21,17,60,1,1,1,0.7220219969749451,0.7220219969749451,0.27797800302505493,0.7220219969749451,21,5,3,zero_shot_paired
299,0,21,1,60,1,1,1,0.787142276763916,0.787142276763916,0.2128577083349228,0.787142276763916,21,5,3,post_calibration
299,1,21,2,60,1,1,1,0.6528070569038391,0.6528070569038391,0.3471929430961609,0.6528070569038391,21,5,3,post_calibration
299,2,21,3,60,1,0,0,0.6572462916374207,0.6572462916374207,0.6572462916374207,0.34275370836257935,21,5,3,post_calibration
299,3,21,4,60,1,1,1,0.6989848017692566,0.6989848017692566,0.3010151982307434,0.6989848017692566,21,5,3,post_calibration
299,4,21,5,60,1,1,1,0.8123642206192017,0.8123642206192017,0.18763570487499237,0.8123642206192017,21,5,3,post_calibration
299,5,21,7,60,1,1,1,0.8762915730476379,0.8762915730476379,0.12370844185352325,0.8762915730476379,21,5,3,post_calibration
299,6,21,9,60,0,1,0,0.6983664631843567,0.6983664631843567,0.3016335666179657,0.6983664631843567,21,5,3,post_calibration
299,7,21,10,60,0,0,1,0.7139538526535034,0.7139538526535034,0.7139538526535034,0.2860461175441742,21,5,3,post_calibration
299,8,21,11,60,1,0,0,0.8974413871765137,0.8974413871765137,0.8974413871765137,0.10255862772464752,21,5,3,post_calibration
299,9,21,12,60,0,0,1,0.7898282408714294,0.7898282408714294,0.7898282408714294,0.21017171442508698,21,5,3,post_calibration
299,10,21,13,60,0,1,0,0.5850141048431396,0.5850141048431396,0.41498589515686035,0.5850141048431396,21,5,3,post_calibration
299,11,21,14,60,1,0,0,0.6660590767860413,0.6660590767860413,0.6660590767860413,0.33394086360931396,21,5,3,post_calibration
299,12,21,15,60,1,0,0,0.8831737637519836,0.8831737637519836,0.8831737637519836,0.11682618409395218,21,5,3,post_calibration
299,13,21,16,60,1,1,1,0.6096821427345276,0.6096821427345276,0.3903178572654724,0.6096821427345276,21,5,3,post_calibration
299,14,21,17,60,1,1,1,0.7352482676506042,0.7352482676506042,0.26475173234939575,0.7352482676506042,21,5,3,post_calibration
300,0,21,0,60,0,1,0,0.8282496929168701,0.8282496929168701,0.17175035178661346,0.8282496929168701,21,6,3,zero_shot_paired
300,1,21,2,60,1,1,1,0.6635786890983582,0.6635786890983582,0.33642131090164185,0.6635786890983582,21,6,3,zero_shot_paired
300,2,21,3,60,1,0,0,0.657741129398346,0.657741129398346,0.657741129398346,0.34225890040397644,21,6,3,zero_shot_paired
300,3,21,5,60,1,1,1,0.8153761029243469,0.8153761029243469,0.18462391197681427,0.8153761029243469,21,6,3,zero_shot_paired
300,4,21,6,60,1,0,0,0.6856288909912109,0.6856288909912109,0.6856288909912109,0.31437113881111145,21,6,3,zero_shot_paired
300,5,21,7,60,1,1,1,0.8789740204811096,0.8789740204811096,0.12102600187063217,0.8789740204811096,21,6,3,zero_shot_paired
300,6,21,8,60,1,1,1,0.5296264290809631,0.5296264290809631,0.47037357091903687,0.5296264290809631,21,6,3,zero_shot_paired
300,7,21,9,60,0,1,0,0.6943917870521545,0.6943917870521545,0.30560827255249023,0.6943917870521545,21,6,3,zero_shot_paired
300,8,21,10,60,0,0,1,0.7290272116661072,0.7290272116661072,0.7290272116661072,0.2709727883338928,21,6,3,zero_shot_paired
300,9,21,11,60,1,0,0,0.9068846702575684,0.9068846702575684,0.9068846702575684,0.09311532974243164,21,6,3,zero_shot_paired
300,10,21,13,60,0,1,0,0.575753927230835,0.575753927230835,0.4242461025714874,0.575753927230835,21,6,3,zero_shot_paired
300,11,21,14,60,1,0,0,0.689037561416626,0.689037561416626,0.689037561416626,0.31096240878105164,21,6,3,zero_shot_paired
300,12,21,15,60,1,0,0,0.8852592706680298,0.8852592706680298,0.8852592706680298,0.1147407665848732,21,6,3,zero_shot_paired
300,13,21,16,60,1,1,1,0.6208496689796448,0.6208496689796448,0.37915027141571045,0.6208496689796448,21,6,3,zero_shot_paired
300,14,21,17,60,1,1,1,0.7220219969749451,0.7220219969749451,0.27797800302505493,0.7220219969749451,21,6,3,zero_shot_paired
300,0,21,0,60,0,1,0,0.8269193172454834,0.8269193172454834,0.1730806529521942,0.8269193172454834,21,6,3,post_calibration
300,1,21,2,60,1,1,1,0.6603435277938843,0.6603435277938843,0.3396564722061157,0.6603435277938843,21,6,3,post_calibration
300,2,21,3,60,1,0,0,0.6554841995239258,0.6554841995239258,0.6554841995239258,0.3445158302783966,21,6,3,post_calibration
300,3,21,5,60,1,1,1,0.8178860545158386,0.8178860545158386,0.18211393058300018,0.8178860545158386,21,6,3,post_calibration
300,4,21,6,60,1,0,0,0.6937794089317322,0.6937794089317322,0.6937794089317322,0.3062206208705902,21,6,3,post_calibration
300,5,21,7,60,1,1,1,0.8813111782073975,0.8813111782073975,0.11868880689144135,0.8813111782073975,21,6,3,post_calibration
300,6,21,8,60,1,1,1,0.5272214412689209,0.5272214412689209,0.4727785587310791,0.5272214412689209,21,6,3,post_calibration
300,7,21,9,60,0,1,0,0.7018759250640869,0.7018759250640869,0.2981240451335907,0.7018759250640869,21,6,3,post_calibration
300,8,21,10,60,0,0,1,0.7395341396331787,0.7395341396331787,0.7395341396331787,0.2604658901691437,21,6,3,post_calibration
300,9,21,11,60,1,0,0,0.9096759557723999,0.9096759557723999,0.9096759557723999,0.0903240516781807,21,6,3,post_calibration
300,10,21,13,60,0,1,0,0.5673748850822449,0.5673748850822449,0.4326251149177551,0.5673748850822449,21,6,3,post_calibration
300,11,21,14,60,1,0,0,0.6947882771492004,0.6947882771492004,0.6947882771492004,0.30521175265312195,21,6,3,post_calibration
300,12,21,15,60,1,0,0,0.88155198097229,0.88155198097229,0.88155198097229,0.11844801902770996,21,6,3,post_calibration
300,13,21,16,60,1,1,1,0.6293155550956726,0.6293155550956726,0.3706844449043274,0.6293155550956726,21,6,3,post_calibration
300,14,21,17,60,1,1,1,0.7114810943603516,0.7114810943603516,0.2885189652442932,0.7114810943603516,21,6,3,post_calibration
301,0,21,0,60,0,1,0,0.8282496929168701,0.8282496929168701,0.17175035178661346,0.8282496929168701,21,1,6,zero_shot_paired
301,1,21,1,60,1,1,1,0.7888908982276917,0.7888908982276917,0.21110917627811432,0.7888908982276917,21,1,6,zero_shot_paired
301,2,21,2,60,1,1,1,0.6635786890983582,0.6635786890983582,0.33642131090164185,0.6635786890983582,21,1,6,zero_shot_paired
301,3,21,3,60,1,0,0,0.657741129398346,0.657741129398346,0.657741129398346,0.34225890040397644,21,1,6,zero_shot_paired
301,4,21,6,60,1,0,0,0.6856288909912109,0.6856288909912109,0.6856288909912109,0.31437113881111145,21,1,6,zero_shot_paired
301,5,21,7,60,1,1,1,0.8789740204811096,0.8789740204811096,0.12102600187063217,0.8789740204811096,21,1,6,zero_shot_paired
301,6,21,11,60,1,0,0,0.9068846702575684,0.9068846702575684,0.9068846702575684,0.09311532974243164,21,1,6,zero_shot_paired
301,7,21,12,60,0,0,1,0.8006676435470581,0.8006676435470581,0.8006676435470581,0.1993323415517807,21,1,6,zero_shot_paired
301,8,21,13,60,0,1,0,0.575753927230835,0.575753927230835,0.4242461025714874,0.575753927230835,21,1,6,zero_shot_paired
301,9,21,14,60,1,0,0,0.689037561416626,0.689037561416626,0.689037561416626,0.31096240878105164,21,1,6,zero_shot_paired
301,10,21,15,60,1,0,0,0.8852592706680298,0.8852592706680298,0.8852592706680298,0.1147407665848732,21,1,6,zero_shot_paired
301,11,21,16,60,1,1,1,0.6208496689796448,0.6208496689796448,0.37915027141571045,0.6208496689796448,21,1,6,zero_shot_paired
301,0,21,0,60,0,1,0,0.8358774781227112,0.8358774781227112,0.1641225516796112,0.8358774781227112,21,1,6,post_calibration
301,1,21,1,60,1,1,1,0.8087443113327026,0.8087443113327026,0.19125567376613617,0.8087443113327026,21,1,6,post_calibration
301,2,21,2,60,1,1,1,0.6761472821235657,0.6761472821235657,0.32385268807411194,0.6761472821235657,21,1,6,post_calibration
301,3,21,3,60,1,0,0,0.655802845954895,0.655802845954895,0.655802845954895,0.3441971242427826,21,1,6,post_calibration
301,4,21,6,60,1,0,0,0.6486750245094299,0.6486750245094299,0.6486750245094299,0.35132497549057007,21,1,6,post_calibration
301,5,21,7,60,1,1,1,0.8829752802848816,0.8829752802848816,0.11702470481395721,0.8829752802848816,21,1,6,post_calibration
301,6,21,11,60,1,0,0,0.9039586782455444,0.9039586782455444,0.9039586782455444,0.09604138880968094,21,1,6,post_calibration
301,7,21,12,60,0,0,1,0.7902775406837463,0.7902775406837463,0.7902775406837463,0.20972245931625366,21,1,6,post_calibration
301,8,21,13,60,0,1,0,0.5919554829597473,0.5919554829597473,0.40804457664489746,0.5919554829597473,21,1,6,post_calibration
301,9,21,14,60,1,0,0,0.6839969158172607,0.6839969158172607,0.6839969158172607,0.31600305438041687,21,1,6,post_calibration
301,10,21,15,60,1,0,0,0.8846121430397034,0.8846121430397034,0.8846121430397034,0.11538787186145782,21,1,6,post_calibration
301,11,21,16,60,1,1,1,0.6376039385795593,0.6376039385795593,0.3623960614204407,0.6376039385795593,21,1,6,post_calibration
302,0,21,1,60,1,1,1,0.7888908982276917,0.7888908982276917,0.21110917627811432,0.7888908982276917,21,2,6,zero_shot_paired
302,1,21,2,60,1,1,1,0.6635786890983582,0.6635786890983582,0.33642131090164185,0.6635786890983582,21,2,6,zero_shot_paired
302,2,21,3,60,1,0,0,0.657741129398346,0.657741129398346,0.657741129398346,0.34225890040397644,21,2,6,zero_shot_paired
302,3,21,4,60,1,1,1,0.6940370798110962,0.6940370798110962,0.3059629499912262,0.6940370798110962,21,2,6,zero_shot_paired
302,4,21,5,60,1,1,1,0.8153761029243469,0.8153761029243469,0.18462391197681427,0.8153761029243469,21,2,6,zero_shot_paired
302,5,21,6,60,1,0,0,0.6856288909912109,0.6856288909912109,0.6856288909912109,0.31437113881111145,21,2,6,zero_shot_paired
302,6,21,8,60,1,1,1,0.5296264290809631,0.5296264290809631,0.47037357091903687,0.5296264290809631,21,2,6,zero_shot_paired
302,7,21,9,60,0,1,0,0.6943917870521545,0.6943917870521545,0.30560827255249023,0.6943917870521545,21,2,6,zero_shot_paired
302,8,21,10,60,0,0,1,0.7290272116661072,0.7290272116661072,0.7290272116661072,0.2709727883338928,21,2,6,zero_shot_paired
302,9,21,11,60,1,0,0,0.9068846702575684,0.9068846702575684,0.9068846702575684,0.09311532974243164,21,2,6,zero_shot_paired
302,10,21,12,60,0,0,1,0.8006676435470581,0.8006676435470581,0.8006676435470581,0.1993323415517807,21,2,6,zero_shot_paired
302,11,21,17,60,1,1,1,0.7220219969749451,0.7220219969749451,0.27797800302505493,0.7220219969749451,21,2,6,zero_shot_paired
302,0,21,1,60,1,1,1,0.8019479513168335,0.8019479513168335,0.1980520486831665,0.8019479513168335,21,2,6,post_calibration
302,1,21,2,60,1,1,1,0.6276196241378784,0.6276196241378784,0.3723803460597992,0.6276196241378784,21,2,6,post_calibration
302,2,21,3,60,1,0,0,0.6601381897926331,0.6601381897926331,0.6601381897926331,0.33986184000968933,21,2,6,post_calibration
302,3,21,4,60,1,1,1,0.7190369367599487,0.7190369367599487,0.2809630334377289,0.7190369367599487,21,2,6,post_calibration
302,4,21,5,60,1,1,1,0.8063944578170776,0.8063944578170776,0.19360554218292236,0.8063944578170776,21,2,6,post_calibration
302,5,21,6,60,1,0,0,0.6866097450256348,0.6866097450256348,0.6866097450256348,0.31339019536972046,21,2,6,post_calibration
302,6,21,8,60,1,1,1,0.586772620677948,0.586772620677948,0.413227379322052,0.586772620677948,21,2,6,post_calibration
302,7,21,9,60,0,1,0,0.7435187697410583,0.7435187697410583,0.25648120045661926,0.7435187697410583,21,2,6,post_calibration
302,8,21,10,60,0,0,1,0.7371419072151184,0.7371419072151184,0.7371419072151184,0.2628580927848816,21,2,6,post_calibration
302,9,21,11,60,1,0,0,0.8931522369384766,0.8931522369384766,0.8931522369384766,0.10684774816036224,21,2,6,post_calibration
302,10,21,12,60,0,0,1,0.7977698445320129,0.7977698445320129,0.7977698445320129,0.20223017036914825,21,2,6,post_calibration
302,11,21,17,60,1,1,1,0.7016156315803528,0.7016156315803528,0.29838433861732483,0.7016156315803528,21,2,6,post_calibration
303,0,21,0,60,0,1,0,0.8282496929168701,0.8282496929168701,0.17175035178661346,0.8282496929168701,21,3,6,zero_shot_paired
303,1,21,4,60,1,1,1,0.6940370798110962,0.6940370798110962,0.3059629499912262,0.6940370798110962,21,3,6,zero_shot_paired
303,2,21,5,60,1,1,1,0.8153761029243469,0.8153761029243469,0.18462391197681427,0.8153761029243469,21,3,6,zero_shot_paired
303,3,21,7,60,1,1,1,0.8789740204811096,0.8789740204811096,0.12102600187063217,0.8789740204811096,21,3,6,zero_shot_paired
303,4,21,8,60,1,1,1,0.5296264290809631,0.5296264290809631,0.47037357091903687,0.5296264290809631,21,3,6,zero_shot_paired
303,5,21,9,60,0,1,0,0.6943917870521545,0.6943917870521545,0.30560827255249023,0.6943917870521545,21,3,6,zero_shot_paired
303,6,21,10,60,0,0,1,0.7290272116661072,0.7290272116661072,0.7290272116661072,0.2709727883338928,21,3,6,zero_shot_paired
303,7,21,13,60,0,1,0,0.575753927230835,0.575753927230835,0.4242461025714874,0.575753927230835,21,3,6,zero_shot_paired
303,8,21,14,60,1,0,0,0.689037561416626,0.689037561416626,0.689037561416626,0.31096240878105164,21,3,6,zero_shot_paired
303,9,21,15,60,1,0,0,0.8852592706680298,0.8852592706680298,0.8852592706680298,0.1147407665848732,21,3,6,zero_shot_paired
303,10,21,16,60,1,1,1,0.6208496689796448,0.6208496689796448,0.37915027141571045,0.6208496689796448,21,3,6,zero_shot_paired
303,11,21,17,60,1,1,1,0.7220219969749451,0.7220219969749451,0.27797800302505493,0.7220219969749451,21,3,6,zero_shot_paired
303,0,21,0,60,0,1,0,0.836449146270752,0.836449146270752,0.16355082392692566,0.836449146270752,21,3,6,post_calibration
303,1,21,4,60,1,1,1,0.7009220123291016,0.7009220123291016,0.2990780174732208,0.7009220123291016,21,3,6,post_calibration
303,2,21,5,60,1,1,1,0.847863495349884,0.847863495349884,0.15213651955127716,0.847863495349884,21,3,6,post_calibration
303,3,21,7,60,1,1,1,0.890163004398346,0.890163004398346,0.10983699560165405,0.890163004398346,21,3,6,post_calibration
303,4,21,8,60,1,1,1,0.5650156140327454,0.5650156140327454,0.43498435616493225,0.5650156140327454,21,3,6,post_calibration
303,5,21,9,60,0,1,0,0.6976829767227173,0.6976829767227173,0.3023170530796051,0.6976829767227173,21,3,6,post_calibration
303,6,21,10,60,0,0,1,0.6698781251907349,0.6698781251907349,0.6698781251907349,0.33012184500694275,21,3,6,post_calibration
303,7,21,13,60,0,1,0,0.619600772857666,0.619600772857666,0.380399227142334,0.619600772857666,21,3,6,post_calibration
303,8,21,14,60,1,0,0,0.6389003992080688,0.6389003992080688,0.6389003992080688,0.36109960079193115,21,3,6,post_calibration
303,9,21,15,60,1,0,0,0.8814993500709534,0.8814993500709534,0.8814993500709534,0.11850059777498245,21,3,6,post_calibration
303,10,21,16,60,1,1,1,0.6155121922492981,0.6155121922492981,0.38448774814605713,0.6155121922492981,21,3,6,post_calibration
303,11,21,17,60,1,1,1,0.7614082098007202,0.7614082098007202,0.2385917752981186,0.7614082098007202,21,3,6,post_calibration
304,0,21,2,60,1,1,1,0.6635804176330566,0.6635804176330566,0.33641961216926575,0.6635804176330566,21,1,9,zero_shot_paired
304,1,21,4,60,1,1,1,0.6940451264381409,0.6940451264381409,0.30595487356185913,0.6940451264381409,21,1,9,zero_shot_paired
304,2,21,5,60,1,1,1,0.815368115901947,0.815368115901947,0.18463194370269775,0.815368115901947,21,1,9,zero_shot_paired
304,3,21,8,60,1,1,1,0.5296245217323303,0.5296245217323303,0.4703754782676697,0.5296245217323303,21,1,9,zero_shot_paired
304,4,21,9,60,0,1,0,0.6943901181221008,0.6943901181221008,0.30560988187789917,0.6943901181221008,21,1,9,zero_shot_paired
304,5,21,10,60,0,0,1,0.7290257215499878,0.7290257215499878,0.7290257215499878,0.2709742784500122,21,1,9,zero_shot_paired
304,6,21,13,60,0,1,0,0.575753927230835,0.575753927230835,0.4242461025714874,0.575753927230835,21,1,9,zero_shot_paired
304,7,21,15,60,1,0,0,0.8852607607841492,0.8852607607841492,0.8852607607841492,0.11473920196294785,21,1,9,zero_shot_paired
304,8,21,16,60,1,1,1,0.6208515167236328,0.6208515167236328,0.3791485130786896,0.6208515167236328,21,1,9,zero_shot_paired
304,0,21,2,60,1,1,1,0.6966762542724609,0.6966762542724609,0.30332377552986145,0.6966762542724609,21,1,9,post_calibration
304,1,21,4,60,1,1,1,0.7082756757736206,0.7082756757736206,0.2917243540287018,0.7082756757736206,21,1,9,post_calibration
304,2,21,5,60,1,1,1,0.8308463096618652,0.8308463096618652,0.16915374994277954,0.8308463096618652,21,1,9,post_calibration
304,3,21,8,60,1,1,1,0.5585358142852783,0.5585358142852783,0.4414641857147217,0.5585358142852783,21,1,9,post_calibration
304,4,21,9,60,0,1,0,0.6986491680145264,0.6986491680145264,0.30135077238082886,0.6986491680145264,21,1,9,post_calibration
304,5,21,10,60,0,0,1,0.6755706667900085,0.6755706667900085,0.6755706667900085,0.32442930340766907,21,1,9,post_calibration
304,6,21,13,60,0,1,0,0.6101722121238708,0.6101722121238708,0.38982778787612915,0.6101722121238708,21,1,9,post_calibration
304,7,21,15,60,1,0,0,0.8803541660308838,0.8803541660308838,0.8803541660308838,0.11964580416679382,21,1,9,post_calibration
304,8,21,16,60,1,1,1,0.6108760833740234,0.6108760833740234,0.38912391662597656,0.6108760833740234,21,1,9,post_calibration
305,0,21,0,60,0,1,0,0.8282517790794373,0.8282517790794373,0.17174817621707916,0.8282517790794373,21,2,9,zero_shot_paired
305,1,21,1,60,1,1,1,0.7888895273208618,0.7888895273208618,0.2111104428768158,0.7888895273208618,21,2,9,zero_shot_paired
305,2,21,3,60,1,0,0,0.6577462553977966,0.6577462553977966,0.6577462553977966,0.342253714799881,21,2,9,zero_shot_paired
305,3,21,6,60,1,0,0,0.6856321692466736,0.6856321692466736,0.6856321692466736,0.3143678307533264,21,2,9,zero_shot_paired
305,4,21,7,60,1,1,1,0.8789748549461365,0.8789748549461365,0.1210251897573471,0.8789748549461365,21,2,9,zero_shot_paired
305,5,21,11,60,1,0,0,0.9068840146064758,0.9068840146064758,0.9068840146064758,0.09311597049236298,21,2,9,zero_shot_paired
305,6,21,12,60,0,0,1,0.8006725907325745,0.8006725907325745,0.8006725907325745,0.1993274688720703,21,2,9,zero_shot_paired
305,7,21,14,60,1,0,0,0.6890327334403992,0.6890327334403992,0.6890327334403992,0.3109673261642456,21,2,9,zero_shot_paired
305,8,21,17,60,1,1,1,0.7220219969749451,0.7220219969749451,0.27797800302505493,0.7220219969749451,21,2,9,zero_shot_paired
305,0,21,0,60,0,1,0,0.820206344127655,0.820206344127655,0.17979370057582855,0.820206344127655,21,2,9,post_calibration
305,1,21,1,60,1,1,1,0.8026715517044067,0.8026715517044067,0.19732841849327087,0.8026715517044067,21,2,9,post_calibration
305,2,21,3,60,1,0,0,0.6513305902481079,0.6513305902481079,0.6513305902481079,0.3486693501472473,21,2,9,post_calibration
305,3,21,6,60,1,0,0,0.7095382809638977,0.7095382809638977,0.7095382809638977,0.2904617190361023,21,2,9,post_calibration
305,4,21,7,60,1,1,1,0.8802529573440552,0.8802529573440552,0.1197471022605896,0.8802529573440552,21,2,9,post_calibration
305,5,21,11,60,1,0,0,0.9091461896896362,0.9091461896896362,0.9091461896896362,0.09085389226675034,21,2,9,post_calibration
305,6,21,12,60,0,0,1,0.7942814826965332,0.7942814826965332,0.7942814826965332,0.2057184875011444,21,2,9,post_calibration
305,7,21,14,60,1,0,0,0.7075657248497009,0.7075657248497009,0.7075657248497009,0.2924342453479767,21,2,9,post_calibration
305,8,21,17,60,1,1,1,0.7075894474983215,0.7075894474983215,0.29241058230400085,0.7075894474983215,21,2,9,post_calibration
306,0,21,0,60,0,1,0,0.8282322883605957,0.8282322883605957,0.1717676967382431,0.8282322883605957,21,1,12,zero_shot_paired
306,1,21,5,60,1,1,1,0.8153737783432007,0.8153737783432007,0.18462620675563812,0.8153737783432007,21,1,12,zero_shot_paired
306,2,21,9,60,0,1,0,0.6944888830184937,0.6944888830184937,0.30551114678382874,0.6944888830184937,21,1,12,zero_shot_paired
306,3,21,11,60,1,0,0,0.9068080186843872,0.9068080186843872,0.9068080186843872,0.09319203346967697,21,1,12,zero_shot_paired
306,4,21,15,60,1,0,0,0.8852701187133789,0.8852701187133789,0.8852701187133789,0.11472990363836288,21,1,12,zero_shot_paired
306,5,21,16,60,1,1,1,0.6208048462867737,0.6208048462867737,0.3791951537132263,0.6208048462867737,21,1,12,zero_shot_paired
306,0,21,0,60,0,1,0,0.8383802175521851,0.8383802175521851,0.16161981225013733,0.8383802175521851,21,1,12,post_calibration
306,1,21,5,60,1,1,1,0.8286779522895813,0.8286779522895813,0.1713220626115799,0.8286779522895813,21,1,12,post_calibration
306,2,21,9,60,0,1,0,0.7126369476318359,0.7126369476318359,0.2873629927635193,0.7126369476318359,21,1,12,post_calibration
306,3,21,11,60,1,0,0,0.8919750452041626,0.8919750452041626,0.8919750452041626,0.10802491009235382,21,1,12,post_calibration
306,4,21,15,60,1,0,0,0.8855240345001221,0.8855240345001221,0.8855240345001221,0.11447599530220032,21,1,12,post_calibration
306,5,21,16,60,1,1,1,0.6209897398948669,0.6209897398948669,0.3790102005004883,0.6209897398948669,21,1,12,post_calibration
307,0,21,0,60,0,1,0,0.8282322883605957,0.8282322883605957,0.1717676967382431,0.8282322883605957,21,2,12,zero_shot_paired
307,1,21,3,60,1,0,0,0.6576449275016785,0.6576449275016785,0.6576449275016785,0.34235504269599915,21,2,12,zero_shot_paired
307,2,21,5,60,1,1,1,0.8153737783432007,0.8153737783432007,0.18462620675563812,0.8153737783432007,21,2,12,zero_shot_paired
307,3,21,10,60,0,0,1,0.7289940714836121,0.7289940714836121,0.7289940714836121,0.2710059583187103,21,2,12,zero_shot_paired
307,4,21,14,60,1,0,0,0.6890081167221069,0.6890081167221069,0.6890081167221069,0.3109918534755707,21,2,12,zero_shot_paired
307,5,21,17,60,1,1,1,0.7221383452415466,0.7221383452415466,0.27786165475845337,0.7221383452415466,21,2,12,zero_shot_paired
307,0,21,0,60,0,1,0,0.8309491872787476,0.8309491872787476,0.16905084252357483,0.8309491872787476,21,2,12,post_calibration
307,1,21,3,60,1,0,0,0.6522154808044434,0.6522154808044434,0.6522154808044434,0.34778454899787903,21,2,12,post_calibration
307,2,21,5,60,1,1,1,0.8242067098617554,0.8242067098617554,0.17579327523708344,0.8242067098617554,21,2,12,post_calibration
307,3,21,10,60,0,0,1,0.716627836227417,0.716627836227417,0.716627836227417,0.2833721935749054,21,2,12,post_calibration
307,4,21,14,60,1,0,0,0.6745246648788452,0.6745246648788452,0.6745246648788452,0.3254753053188324,21,2,12,post_calibration
307,5,21,17,60,1,1,1,0.7295258045196533,0.7295258045196533,0.2704741954803467,0.7295258045196533,21,2,12,post_calibration
308,0,21,0,60,0,1,0,0.8282322883605957,0.8282322883605957,0.1717676967382431,0.8282322883605957,21,3,12,zero_shot_paired
308,1,21,2,60,1,1,1,0.6635974049568176,0.6635974049568176,0.33640256524086,0.6635974049568176,21,3,12,zero_shot_paired
308,2,21,4,60,1,1,1,0.6939641237258911,0.6939641237258911,0.3060358762741089,0.6939641237258911,21,3,12,zero_shot_paired
308,3,21,6,60,1,0,0,0.6855877637863159,0.6855877637863159,0.6855877637863159,0.3144122362136841,21,3,12,zero_shot_paired
308,4,21,7,60,1,1,1,0.8790072798728943,0.8790072798728943,0.12099271267652512,0.8790072798728943,21,3,12,zero_shot_paired
308,5,21,10,60,0,0,1,0.7289940714836121,0.7289940714836121,0.7289940714836121,0.2710059583187103,21,3,12,zero_shot_paired
308,0,21,0,60,0,1,0,0.8242674469947815,0.8242674469947815,0.17573249340057373,0.8242674469947815,21,3,12,post_calibration
308,1,21,2,60,1,1,1,0.666522204875946,0.666522204875946,0.33347779512405396,0.666522204875946,21,3,12,post_calibration
308,2,21,4,60,1,1,1,0.7127307653427124,0.7127307653427124,0.28726926445961,0.7127307653427124,21,3,12,post_calibration
308,3,21,6,60,1,0,0,0.6616325974464417,0.6616325974464417,0.6616325974464417,0.33836740255355835,21,3,12,post_calibration
308,4,21,7,60,1,1,1,0.8832501173019409,0.8832501173019409,0.1167498454451561,0.8832501173019409,21,3,12,post_calibration
308,5,21,10,60,0,0,1,0.6920748353004456,0.6920748353004456,0.6920748353004456,0.30792516469955444,21,3,12,post_calibration
23,0,22,0,60,0,0,1,0.7073699235916138,0.7073699235916138,0.7073699235916138,0.29263001680374146,22,,,zero_shot_all_trials
23,1,22,1,60,0,0,1,0.7311486005783081,0.7311486005783081,0.7311486005783081,0.2688514292240143,22,,,zero_shot_all_trials
23,2,22,2,60,1,0,0,0.61421138048172,0.61421138048172,0.61421138048172,0.38578858971595764,22,,,zero_shot_all_trials
23,3,22,3,60,1,1,1,0.6472166180610657,0.6472166180610657,0.3527834117412567,0.6472166180610657,22,,,zero_shot_all_trials
23,4,22,4,60,1,0,0,0.5036582350730896,0.5036582350730896,0.5036582350730896,0.496341735124588,22,,,zero_shot_all_trials
23,5,22,5,60,1,0,0,0.6807873845100403,0.6807873845100403,0.6807873845100403,0.31921255588531494,22,,,zero_shot_all_trials
23,6,22,6,60,0,0,1,0.7619456052780151,0.7619456052780151,0.7619456052780151,0.23805440962314606,22,,,zero_shot_all_trials
23,7,22,7,60,1,0,0,0.5934068560600281,0.5934068560600281,0.5934068560600281,0.4065932035446167,22,,,zero_shot_all_trials
23,8,22,8,60,0,0,1,0.7202837467193604,0.7202837467193604,0.7202837467193604,0.27971625328063965,22,,,zero_shot_all_trials
23,9,22,9,60,1,0,0,0.6389268040657043,0.6389268040657043,0.6389268040657043,0.36107316613197327,22,,,zero_shot_all_trials
23,10,22,10,60,0,1,0,0.6275911331176758,0.6275911331176758,0.3724088966846466,0.6275911331176758,22,,,zero_shot_all_trials
23,11,22,11,60,0,1,0,0.5084583163261414,0.5084583163261414,0.49154171347618103,0.5084583163261414,22,,,zero_shot_all_trials
23,12,22,12,60,1,0,0,0.5567742586135864,0.5567742586135864,0.5567742586135864,0.4432257115840912,22,,,zero_shot_all_trials
23,13,22,13,60,0,0,1,0.5930017828941345,0.5930017828941345,0.5930017828941345,0.40699824690818787,22,,,zero_shot_all_trials
23,14,22,14,60,0,0,1,0.6077086329460144,0.6077086329460144,0.6077086329460144,0.3922913372516632,22,,,zero_shot_all_trials
23,15,22,15,60,1,0,0,0.5582461357116699,0.5582461357116699,0.5582461357116699,0.44175389409065247,22,,,zero_shot_all_trials
23,16,22,16,60,0,1,0,0.6430421471595764,0.6430421471595764,0.3569578230381012,0.6430421471595764,22,,,zero_shot_all_trials
23,17,22,17,60,1,0,0,0.5978536605834961,0.5978536605834961,0.5978536605834961,0.40214627981185913,22,,,zero_shot_all_trials
309,0,22,1,60,0,0,1,0.7311380505561829,0.7311380505561829,0.7311380505561829,0.26886191964149475,22,1,3,zero_shot_paired
309,1,22,2,60,1,0,0,0.6142060160636902,0.6142060160636902,0.6142060160636902,0.3857939839363098,22,1,3,zero_shot_paired
309,2,22,3,60,1,1,1,0.6472131013870239,0.6472131013870239,0.3527868688106537,0.6472131013870239,22,1,3,zero_shot_paired
309,3,22,4,60,1,0,0,0.5036448836326599,0.5036448836326599,0.5036448836326599,0.4963551163673401,22,1,3,zero_shot_paired
309,4,22,5,60,1,0,0,0.6807857751846313,0.6807857751846313,0.6807857751846313,0.31921422481536865,22,1,3,zero_shot_paired
309,5,22,6,60,0,0,1,0.761946976184845,0.761946976184845,0.761946976184845,0.23805302381515503,22,1,3,zero_shot_paired
309,6,22,8,60,0,0,1,0.7202868461608887,0.7202868461608887,0.7202868461608887,0.2797131836414337,22,1,3,zero_shot_paired
309,7,22,9,60,1,0,0,0.6389303207397461,0.6389303207397461,0.6389303207397461,0.3610696494579315,22,1,3,zero_shot_paired
309,8,22,10,60,0,1,0,0.6275911331176758,0.6275911331176758,0.3724088966846466,0.6275911331176758,22,1,3,zero_shot_paired
309,9,22,11,60,0,1,0,0.5084601640701294,0.5084601640701294,0.4915398359298706,0.5084601640701294,22,1,3,zero_shot_paired
309,10,22,12,60,1,0,0,0.5567686557769775,0.5567686557769775,0.5567686557769775,0.44323134422302246,22,1,3,zero_shot_paired
309,11,22,13,60,0,0,1,0.5930073261260986,0.5930073261260986,0.5930073261260986,0.40699270367622375,22,1,3,zero_shot_paired
309,12,22,14,60,0,0,1,0.6077104806900024,0.6077104806900024,0.6077104806900024,0.39228951930999756,22,1,3,zero_shot_paired
309,13,22,16,60,0,1,0,0.6430596709251404,0.6430596709251404,0.356940358877182,0.6430596709251404,22,1,3,zero_shot_paired
309,14,22,17,60,1,0,0,0.5978610515594482,0.5978610515594482,0.5978610515594482,0.40213894844055176,22,1,3,zero_shot_paired
309,0,22,1,60,0,0,1,0.7237429022789001,0.7237429022789001,0.7237429022789001,0.27625712752342224,22,1,3,post_calibration
309,1,22,2,60,1,0,0,0.6079959869384766,0.6079959869384766,0.6079959869384766,0.39200398325920105,22,1,3,post_calibration
309,2,22,3,60,1,1,1,0.6635019779205322,0.6635019779205322,0.336497962474823,0.6635019779205322,22,1,3,post_calibration
309,3,22,4,60,1,1,1,0.5036486983299255,0.5036486983299255,0.49635130167007446,0.5036486983299255,22,1,3,post_calibration
309,4,22,5,60,1,0,0,0.6591206789016724,0.6591206789016724,0.6591206789016724,0.34087935090065,22,1,3,post_calibration
309,5,22,6,60,0,0,1,0.7527729868888855,0.7527729868888855,0.7527729868888855,0.2472270131111145,22,1,3,post_calibration
309,6,22,8,60,0,0,1,0.7172703742980957,0.7172703742980957,0.7172703742980957,0.2827296555042267,22,1,3,post_calibration
309,7,22,9,60,1,0,0,0.6161421537399292,0.6161421537399292,0.6161421537399292,0.383857786655426,22,1,3,post_calibration
309,8,22,10,60,0,1,0,0.6365243196487427,0.6365243196487427,0.3634756803512573,0.6365243196487427,22,1,3,post_calibration
309,9,22,11,60,0,1,0,0.5289269685745239,0.5289269685745239,0.47107309103012085,0.5289269685745239,22,1,3,post_calibration
309,10,22,12,60,1,0,0,0.5397964119911194,0.5397964119911194,0.5397964119911194,0.460203617811203,22,1,3,post_calibration
309,11,22,13,60,0,0,1,0.5732510685920715,0.5732510685920715,0.5732510685920715,0.42674893140792847,22,1,3,post_calibration
309,12,22,14,60,0,0,1,0.5678617358207703,0.5678617358207703,0.5678617358207703,0.4321382939815521,22,1,3,post_calibration
309,13,22,16,60,0,1,0,0.6796672344207764,0.6796672344207764,0.32033273577690125,0.6796672344207764,22,1,3,post_calibration
309,14,22,17,60,1,0,0,0.5702023506164551,0.5702023506164551,0.5702023506164551,0.4297976791858673,22,1,3,post_calibration
310,0,22,0,60,0,0,1,0.7073605060577393,0.7073605060577393,0.7073605060577393,0.29263952374458313,22,2,3,zero_shot_paired
310,1,22,1,60,0,0,1,0.731139600276947,0.731139600276947,0.731139600276947,0.26886042952537537,22,2,3,zero_shot_paired
310,2,22,3,60,1,1,1,0.6472113728523254,0.6472113728523254,0.35278865694999695,0.6472113728523254,22,2,3,zero_shot_paired
310,3,22,4,60,1,0,0,0.503654420375824,0.503654420375824,0.503654420375824,0.496345579624176,22,2,3,zero_shot_paired
310,4,22,5,60,1,0,0,0.6807807683944702,0.6807807683944702,0.6807807683944702,0.3192192018032074,22,2,3,zero_shot_paired
310,5,22,6,60,0,0,1,0.761946976184845,0.761946976184845,0.761946976184845,0.23805302381515503,22,2,3,zero_shot_paired
310,6,22,7,60,1,0,0,0.5934104323387146,0.5934104323387146,0.5934104323387146,0.4065895080566406,22,2,3,zero_shot_paired
310,7,22,8,60,0,0,1,0.7202821969985962,0.7202821969985962,0.7202821969985962,0.2797177731990814,22,2,3,zero_shot_paired
310,8,22,9,60,1,0,0,0.6389285326004028,0.6389285326004028,0.6389285326004028,0.3610714375972748,22,2,3,zero_shot_paired
310,9,22,11,60,0,1,0,0.5084545016288757,0.5084545016288757,0.49154552817344666,0.5084545016288757,22,2,3,zero_shot_paired
310,10,22,13,60,0,0,1,0.5930091738700867,0.5930091738700867,0.5930091738700867,0.4069908857345581,22,2,3,zero_shot_paired
310,11,22,14,60,0,0,1,0.6077250242233276,0.6077250242233276,0.6077250242233276,0.39227497577667236,22,2,3,zero_shot_paired
310,12,22,15,60,1,0,0,0.5582498908042908,0.5582498908042908,0.5582498908042908,0.4417501389980316,22,2,3,zero_shot_paired
310,13,22,16,60,0,1,0,0.6430369019508362,0.6430369019508362,0.3569631278514862,0.6430369019508362,22,2,3,zero_shot_paired
310,14,22,17,60,1,0,0,0.5978500247001648,0.5978500247001648,0.5978500247001648,0.4021499454975128,22,2,3,zero_shot_paired
310,0,22,0,60,0,0,1,0.7034285068511963,0.7034285068511963,0.7034285068511963,0.2965714633464813,22,2,3,post_calibration
310,1,22,1,60,0,0,1,0.72763991355896,0.72763991355896,0.72763991355896,0.27236008644104004,22,2,3,post_calibration
310,2,22,3,60,1,1,1,0.6564828157424927,0.6564828157424927,0.3435171842575073,0.6564828157424927,22,2,3,post_calibration
310,3,22,4,60,1,1,1,0.5245278477668762,0.5245278477668762,0.4754721224308014,0.5245278477668762,22,2,3,post_calibration
310,4,22,5,60,1,0,0,0.6740974187850952,0.6740974187850952,0.6740974187850952,0.3259025812149048,22,2,3,post_calibration
310,5,22,6,60,0,0,1,0.7581442594528198,0.7581442594528198,0.7581442594528198,0.2418557107448578,22,2,3,post_calibration
310,6,22,7,60,1,0,0,0.5904914140701294,0.5904914140701294,0.5904914140701294,0.4095085859298706,22,2,3,post_calibration
310,7,22,8,60,0,0,1,0.7166681289672852,0.7166681289672852,0.7166681289672852,0.2833319306373596,22,2,3,post_calibration
310,8,22,9,60,1,0,0,0.6300467252731323,0.6300467252731323,0.6300467252731323,0.3699532747268677,22,2,3,post_calibration
310,9,22,11,60,0,1,0,0.5115869641304016,0.5115869641304016,0.488413006067276,0.5115869641304016,22,2,3,post_calibration
310,10,22,13,60,0,0,1,0.5429181456565857,0.5429181456565857,0.5429181456565857,0.45708179473876953,22,2,3,post_calibration
310,11,22,14,60,0,0,1,0.5972573757171631,0.5972573757171631,0.5972573757171631,0.40274256467819214,22,2,3,post_calibration
310,12,22,15,60,1,0,0,0.5608972907066345,0.5608972907066345,0.5608972907066345,0.43910273909568787,22,2,3,post_calibration
310,13,22,16,60,0,1,0,0.6530594825744629,0.6530594825744629,0.3469405174255371,0.6530594825744629,22,2,3,post_calibration
310,14,22,17,60,1,0,0,0.5905393958091736,0.5905393958091736,0.5905393958091736,0.4094606041908264,22,2,3,post_calibration
311,0,22,0,60,0,0,1,0.7073605060577393,0.7073605060577393,0.7073605060577393,0.29263952374458313,22,3,3,zero_shot_paired
311,1,22,1,60,0,0,1,0.731139600276947,0.731139600276947,0.731139600276947,0.26886042952537537,22,3,3,zero_shot_paired
311,2,22,2,60,1,0,0,0.6142095923423767,0.6142095923423767,0.6142095923423767,0.3857903778553009,22,3,3,zero_shot_paired
311,3,22,3,60,1,1,1,0.6472113728523254,0.6472113728523254,0.35278865694999695,0.6472113728523254,22,3,3,zero_shot_paired
311,4,22,5,60,1,0,0,0.6807807683944702,0.6807807683944702,0.6807807683944702,0.3192192018032074,22,3,3,zero_shot_paired
311,5,22,7,60,1,0,0,0.5934104323387146,0.5934104323387146,0.5934104323387146,0.4065895080566406,22,3,3,zero_shot_paired
311,6,22,8,60,0,0,1,0.7202821969985962,0.7202821969985962,0.7202821969985962,0.2797177731990814,22,3,3,zero_shot_paired
311,7,22,9,60,1,0,0,0.6389285326004028,0.6389285326004028,0.6389285326004028,0.3610714375972748,22,3,3,zero_shot_paired
311,8,22,10,60,0,1,0,0.6276053190231323,0.6276053190231323,0.3723946213722229,0.6276053190231323,22,3,3,zero_shot_paired
311,9,22,11,60,0,1,0,0.5084545016288757,0.5084545016288757,0.49154552817344666,0.5084545016288757,22,3,3,zero_shot_paired
311,10,22,12,60,1,0,0,0.5567705035209656,0.5567705035209656,0.5567705035209656,0.4432294964790344,22,3,3,zero_shot_paired
311,11,22,14,60,0,0,1,0.6077250242233276,0.6077250242233276,0.6077250242233276,0.39227497577667236,22,3,3,zero_shot_paired
311,12,22,15,60,1,0,0,0.5582498908042908,0.5582498908042908,0.5582498908042908,0.4417501389980316,22,3,3,zero_shot_paired
311,13,22,16,60,0,1,0,0.6430369019508362,0.6430369019508362,0.3569631278514862,0.6430369019508362,22,3,3,zero_shot_paired
311,14,22,17,60,1,0,0,0.5978500247001648,0.5978500247001648,0.5978500247001648,0.4021499454975128,22,3,3,zero_shot_paired
311,0,22,0,60,0,0,1,0.7152608633041382,0.7152608633041382,0.7152608633041382,0.2847391366958618,22,3,3,post_calibration
311,1,22,1,60,0,0,1,0.738470196723938,0.738470196723938,0.738470196723938,0.261529803276062,22,3,3,post_calibration
311,2,22,2,60,1,0,0,0.6207545399665833,0.6207545399665833,0.6207545399665833,0.37924546003341675,22,3,3,post_calibration
311,3,22,3,60,1,1,1,0.6295931339263916,0.6295931339263916,0.370406836271286,0.6295931339263916,22,3,3,post_calibration
311,4,22,5,60,1,0,0,0.6850332617759705,0.6850332617759705,0.6850332617759705,0.31496670842170715,22,3,3,post_calibration
311,5,22,7,60,1,0,0,0.6065330505371094,0.6065330505371094,0.6065330505371094,0.393466979265213,22,3,3,post_calibration
311,6,22,8,60,0,0,1,0.7404384016990662,0.7404384016990662,0.7404384016990662,0.2595616281032562,22,3,3,post_calibration
311,7,22,9,60,1,0,0,0.645395815372467,0.645395815372467,0.645395815372467,0.35460415482521057,22,3,3,post_calibration
311,8,22,10,60,0,1,0,0.6113982796669006,0.6113982796669006,0.38860172033309937,0.6113982796669006,22,3,3,post_calibration
311,9,22,11,60,0,0,1,0.5050542950630188,0.5050542950630188,0.5050542950630188,0.4949457049369812,22,3,3,post_calibration
311,10,22,12,60,1,0,0,0.5654449462890625,0.5654449462890625,0.5654449462890625,0.4345550239086151,22,3,3,post_calibration
311,11,22,14,60,0,0,1,0.6142711043357849,0.6142711043357849,0.6142711043357849,0.3857289254665375,22,3,3,post_calibration
311,12,22,15,60,1,0,0,0.5683839917182922,0.5683839917182922,0.5683839917182922,0.43161600828170776,22,3,3,post_calibration
311,13,22,16,60,0,1,0,0.6274110078811646,0.6274110078811646,0.3725890517234802,0.6274110078811646,22,3,3,post_calibration
311,14,22,17,60,1,0,0,0.5851178169250488,0.5851178169250488,0.5851178169250488,0.4148821532726288,22,3,3,post_calibration
312,0,22,0,60,0,0,1,0.7073605060577393,0.7073605060577393,0.7073605060577393,0.29263952374458313,22,4,3,zero_shot_paired
312,1,22,1,60,0,0,1,0.731139600276947,0.731139600276947,0.731139600276947,0.26886042952537537,22,4,3,zero_shot_paired
312,2,22,2,60,1,0,0,0.6142095923423767,0.6142095923423767,0.6142095923423767,0.3857903778553009,22,4,3,zero_shot_paired
312,3,22,3,60,1,1,1,0.6472113728523254,0.6472113728523254,0.35278865694999695,0.6472113728523254,22,4,3,zero_shot_paired
312,4,22,4,60,1,0,0,0.503654420375824,0.503654420375824,0.503654420375824,0.496345579624176,22,4,3,zero_shot_paired
312,5,22,5,60,1,0,0,0.6807807683944702,0.6807807683944702,0.6807807683944702,0.3192192018032074,22,4,3,zero_shot_paired
312,6,22,6,60,0,0,1,0.761946976184845,0.761946976184845,0.761946976184845,0.23805302381515503,22,4,3,zero_shot_paired
312,7,22,7,60,1,0,0,0.5934104323387146,0.5934104323387146,0.5934104323387146,0.4065895080566406,22,4,3,zero_shot_paired
312,8,22,8,60,0,0,1,0.7202821969985962,0.7202821969985962,0.7202821969985962,0.2797177731990814,22,4,3,zero_shot_paired
312,9,22,10,60,0,1,0,0.6276053190231323,0.6276053190231323,0.3723946213722229,0.6276053190231323,22,4,3,zero_shot_paired
312,10,22,12,60,1,0,0,0.5567705035209656,0.5567705035209656,0.5567705035209656,0.4432294964790344,22,4,3,zero_shot_paired
312,11,22,13,60,0,0,1,0.5930091738700867,0.5930091738700867,0.5930091738700867,0.4069908857345581,22,4,3,zero_shot_paired
312,12,22,15,60,1,0,0,0.5582498908042908,0.5582498908042908,0.5582498908042908,0.4417501389980316,22,4,3,zero_shot_paired
312,13,22,16,60,0,1,0,0.6430369019508362,0.6430369019508362,0.3569631278514862,0.6430369019508362,22,4,3,zero_shot_paired
312,14,22,17,60,1,0,0,0.5978500247001648,0.5978500247001648,0.5978500247001648,0.4021499454975128,22,4,3,zero_shot_paired
312,0,22,0,60,0,0,1,0.7156010270118713,0.7156010270118713,0.7156010270118713,0.2843989431858063,22,4,3,post_calibration
312,1,22,1,60,0,0,1,0.7160418033599854,0.7160418033599854,0.7160418033599854,0.28395819664001465,22,4,3,post_calibration
312,2,22,2,60,1,0,0,0.6143831610679626,0.6143831610679626,0.6143831610679626,0.38561686873435974,22,4,3,post_calibration
312,3,22,3,60,1,1,1,0.6306280493736267,0.6306280493736267,0.3693719506263733,0.6306280493736267,22,4,3,post_calibration
312,4,22,4,60,1,0,0,0.5031470656394958,0.5031470656394958,0.5031470656394958,0.4968528747558594,22,4,3,post_calibration
312,5,22,5,60,1,0,0,0.6864176392555237,0.6864176392555237,0.6864176392555237,0.31358233094215393,22,4,3,post_calibration
312,6,22,6,60,0,0,1,0.7671765089035034,0.7671765089035034,0.7671765089035034,0.23282350599765778,22,4,3,post_calibration
312,7,22,7,60,1,0,0,0.5970609784126282,0.5970609784126282,0.5970609784126282,0.40293896198272705,22,4,3,post_calibration
312,8,22,8,60,0,0,1,0.7228755950927734,0.7228755950927734,0.7228755950927734,0.2771243751049042,22,4,3,post_calibration
312,9,22,10,60,0,1,0,0.600074827671051,0.600074827671051,0.3999251425266266,0.600074827671051,22,4,3,post_calibration
312,10,22,12,60,1,0,0,0.5812195539474487,0.5812195539474487,0.5812195539474487,0.41878044605255127,22,4,3,post_calibration
312,11,22,13,60,0,0,1,0.6269435882568359,0.6269435882568359,0.6269435882568359,0.37305644154548645,22,4,3,post_calibration
312,12,22,15,60,1,0,0,0.6089683771133423,0.6089683771133423,0.6089683771133423,0.3910316228866577,22,4,3,post_calibration
312,13,22,16,60,0,1,0,0.6090500950813293,0.6090500950813293,0.3909498453140259,0.6090500950813293,22,4,3,post_calibration
312,14,22,17,60,1,0,0,0.5949833989143372,0.5949833989143372,0.5949833989143372,0.40501660108566284,22,4,3,post_calibration
313,0,22,0,60,0,0,1,0.7073605060577393,0.7073605060577393,0.7073605060577393,0.29263952374458313,22,5,3,zero_shot_paired
313,1,22,2,60,1,0,0,0.6142095923423767,0.6142095923423767,0.6142095923423767,0.3857903778553009,22,5,3,zero_shot_paired
313,2,22,4,60,1,0,0,0.503654420375824,0.503654420375824,0.503654420375824,0.496345579624176,22,5,3,zero_shot_paired
313,3,22,5,60,1,0,0,0.6807807683944702,0.6807807683944702,0.6807807683944702,0.3192192018032074,22,5,3,zero_shot_paired
313,4,22,6,60,0,0,1,0.761946976184845,0.761946976184845,0.761946976184845,0.23805302381515503,22,5,3,zero_shot_paired
313,5,22,7,60,1,0,0,0.5934104323387146,0.5934104323387146,0.5934104323387146,0.4065895080566406,22,5,3,zero_shot_paired
313,6,22,8,60,0,0,1,0.7202821969985962,0.7202821969985962,0.7202821969985962,0.2797177731990814,22,5,3,zero_shot_paired
313,7,22,9,60,1,0,0,0.6389285326004028,0.6389285326004028,0.6389285326004028,0.3610714375972748,22,5,3,zero_shot_paired
313,8,22,10,60,0,1,0,0.6276053190231323,0.6276053190231323,0.3723946213722229,0.6276053190231323,22,5,3,zero_shot_paired
313,9,22,11,60,0,1,0,0.5084545016288757,0.5084545016288757,0.49154552817344666,0.5084545016288757,22,5,3,zero_shot_paired
313,10,22,12,60,1,0,0,0.5567705035209656,0.5567705035209656,0.5567705035209656,0.4432294964790344,22,5,3,zero_shot_paired
313,11,22,13,60,0,0,1,0.5930091738700867,0.5930091738700867,0.5930091738700867,0.4069908857345581,22,5,3,zero_shot_paired
313,12,22,14,60,0,0,1,0.6077250242233276,0.6077250242233276,0.6077250242233276,0.39227497577667236,22,5,3,zero_shot_paired
313,13,22,15,60,1,0,0,0.5582498908042908,0.5582498908042908,0.5582498908042908,0.4417501389980316,22,5,3,zero_shot_paired
313,14,22,16,60,0,1,0,0.6430369019508362,0.6430369019508362,0.3569631278514862,0.6430369019508362,22,5,3,zero_shot_paired
313,0,22,0,60,0,0,1,0.703978955745697,0.703978955745697,0.703978955745697,0.296021044254303,22,5,3,post_calibration
313,1,22,2,60,1,0,0,0.607639491558075,0.607639491558075,0.607639491558075,0.3923604488372803,22,5,3,post_calibration
313,2,22,4,60,1,1,1,0.5031337141990662,0.5031337141990662,0.49686625599861145,0.5031337141990662,22,5,3,post_calibration
313,3,22,5,60,1,0,0,0.6719920635223389,0.6719920635223389,0.6719920635223389,0.32800790667533875,22,5,3,post_calibration
313,4,22,6,60,0,0,1,0.7690829634666443,0.7690829634666443,0.7690829634666443,0.2309170514345169,22,5,3,post_calibration
313,5,22,7,60,1,0,0,0.5853345394134521,0.5853345394134521,0.5853345394134521,0.41466549038887024,22,5,3,post_calibration
313,6,22,8,60,0,0,1,0.7194390892982483,0.7194390892982483,0.7194390892982483,0.2805609405040741,22,5,3,post_calibration
313,7,22,9,60,1,0,0,0.6580467820167542,0.6580467820167542,0.6580467820167542,0.34195321798324585,22,5,3,post_calibration
313,8,22,10,60,0,1,0,0.6284251809120178,0.6284251809120178,0.3715747594833374,0.6284251809120178,22,5,3,post_calibration
313,9,22,11,60,0,0,1,0.5001373291015625,0.5001373291015625,0.5001373291015625,0.4998626708984375,22,5,3,post_calibration
313,10,22,12,60,1,0,0,0.5505771636962891,0.5505771636962891,0.5505771636962891,0.44942283630371094,22,5,3,post_calibration
313,11,22,13,60,0,0,1,0.591533362865448,0.591533362865448,0.591533362865448,0.408466637134552,22,5,3,post_calibration
313,12,22,14,60,0,0,1,0.5842600464820862,0.5842600464820862,0.5842600464820862,0.41573992371559143,22,5,3,post_calibration
313,13,22,15,60,1,0,0,0.5539822578430176,0.5539822578430176,0.5539822578430176,0.44601771235466003,22,5,3,post_calibration
313,14,22,16,60,0,1,0,0.6407939791679382,0.6407939791679382,0.35920608043670654,0.6407939791679382,22,5,3,post_calibration
314,0,22,0,60,0,0,1,0.7073605060577393,0.7073605060577393,0.7073605060577393,0.29263952374458313,22,6,3,zero_shot_paired
314,1,22,1,60,0,0,1,0.731139600276947,0.731139600276947,0.731139600276947,0.26886042952537537,22,6,3,zero_shot_paired
314,2,22,2,60,1,0,0,0.6142095923423767,0.6142095923423767,0.6142095923423767,0.3857903778553009,22,6,3,zero_shot_paired
314,3,22,3,60,1,1,1,0.6472113728523254,0.6472113728523254,0.35278865694999695,0.6472113728523254,22,6,3,zero_shot_paired
314,4,22,4,60,1,0,0,0.503654420375824,0.503654420375824,0.503654420375824,0.496345579624176,22,6,3,zero_shot_paired
314,5,22,6,60,0,0,1,0.761946976184845,0.761946976184845,0.761946976184845,0.23805302381515503,22,6,3,zero_shot_paired
314,6,22,7,60,1,0,0,0.5934104323387146,0.5934104323387146,0.5934104323387146,0.4065895080566406,22,6,3,zero_shot_paired
314,7,22,9,60,1,0,0,0.6389285326004028,0.6389285326004028,0.6389285326004028,0.3610714375972748,22,6,3,zero_shot_paired
314,8,22,10,60,0,1,0,0.6276053190231323,0.6276053190231323,0.3723946213722229,0.6276053190231323,22,6,3,zero_shot_paired
314,9,22,11,60,0,1,0,0.5084545016288757,0.5084545016288757,0.49154552817344666,0.5084545016288757,22,6,3,zero_shot_paired
314,10,22,12,60,1,0,0,0.5567705035209656,0.5567705035209656,0.5567705035209656,0.4432294964790344,22,6,3,zero_shot_paired
314,11,22,13,60,0,0,1,0.5930091738700867,0.5930091738700867,0.5930091738700867,0.4069908857345581,22,6,3,zero_shot_paired
314,12,22,14,60,0,0,1,0.6077250242233276,0.6077250242233276,0.6077250242233276,0.39227497577667236,22,6,3,zero_shot_paired
314,13,22,15,60,1,0,0,0.5582498908042908,0.5582498908042908,0.5582498908042908,0.4417501389980316,22,6,3,zero_shot_paired
314,14,22,17,60,1,0,0,0.5978500247001648,0.5978500247001648,0.5978500247001648,0.4021499454975128,22,6,3,zero_shot_paired
314,0,22,0,60,0,0,1,0.7110376358032227,0.7110376358032227,0.7110376358032227,0.28896239399909973,22,6,3,post_calibration
314,1,22,1,60,0,0,1,0.7247637510299683,0.7247637510299683,0.7247637510299683,0.27523624897003174,22,6,3,post_calibration
314,2,22,2,60,1,0,0,0.5866042375564575,0.5866042375564575,0.5866042375564575,0.4133957326412201,22,6,3,post_calibration
314,3,22,3,60,1,1,1,0.6698815226554871,0.6698815226554871,0.33011847734451294,0.6698815226554871,22,6,3,post_calibration
314,4,22,4,60,1,0,0,0.5091714262962341,0.5091714262962341,0.5091714262962341,0.49082860350608826,22,6,3,post_calibration
314,5,22,6,60,0,0,1,0.7644784450531006,0.7644784450531006,0.7644784450531006,0.2355216145515442,22,6,3,post_calibration
314,6,22,7,60,1,0,0,0.5757110118865967,0.5757110118865967,0.5757110118865967,0.42428895831108093,22,6,3,post_calibration
314,7,22,9,60,1,0,0,0.6415346264839172,0.6415346264839172,0.6415346264839172,0.3584653437137604,22,6,3,post_calibration
314,8,22,10,60,0,1,0,0.6300716400146484,0.6300716400146484,0.36992835998535156,0.6300716400146484,22,6,3,post_calibration
314,9,22,11,60,0,0,1,0.5058628916740417,0.5058628916740417,0.5058628916740417,0.49413707852363586,22,6,3,post_calibration
314,10,22,12,60,1,0,0,0.5816057324409485,0.5816057324409485,0.5816057324409485,0.4183942377567291,22,6,3,post_calibration
314,11,22,13,60,0,0,1,0.6067132949829102,0.6067132949829102,0.6067132949829102,0.39328670501708984,22,6,3,post_calibration
314,12,22,14,60,0,0,1,0.609104573726654,0.609104573726654,0.609104573726654,0.39089536666870117,22,6,3,post_calibration
314,13,22,15,60,1,0,0,0.5589195489883423,0.5589195489883423,0.5589195489883423,0.4410804212093353,22,6,3,post_calibration
314,14,22,17,60,1,0,0,0.5988914370536804,0.5988914370536804,0.5988914370536804,0.4011085033416748,22,6,3,post_calibration
315,0,22,0,60,0,0,1,0.7073605060577393,0.7073605060577393,0.7073605060577393,0.29263952374458313,22,1,6,zero_shot_paired
315,1,22,2,60,1,0,0,0.6142095923423767,0.6142095923423767,0.6142095923423767,0.3857903778553009,22,1,6,zero_shot_paired
315,2,22,4,60,1,0,0,0.503654420375824,0.503654420375824,0.503654420375824,0.496345579624176,22,1,6,zero_shot_paired
315,3,22,5,60,1,0,0,0.6807807683944702,0.6807807683944702,0.6807807683944702,0.3192192018032074,22,1,6,zero_shot_paired
315,4,22,6,60,0,0,1,0.761946976184845,0.761946976184845,0.761946976184845,0.23805302381515503,22,1,6,zero_shot_paired
315,5,22,7,60,1,0,0,0.5934104323387146,0.5934104323387146,0.5934104323387146,0.4065895080566406,22,1,6,zero_shot_paired
315,6,22,8,60,0,0,1,0.7202821969985962,0.7202821969985962,0.7202821969985962,0.2797177731990814,22,1,6,zero_shot_paired
315,7,22,9,60,1,0,0,0.6389285326004028,0.6389285326004028,0.6389285326004028,0.3610714375972748,22,1,6,zero_shot_paired
315,8,22,10,60,0,1,0,0.6276053190231323,0.6276053190231323,0.3723946213722229,0.6276053190231323,22,1,6,zero_shot_paired
315,9,22,12,60,1,0,0,0.5567705035209656,0.5567705035209656,0.5567705035209656,0.4432294964790344,22,1,6,zero_shot_paired
315,10,22,13,60,0,0,1,0.5930091738700867,0.5930091738700867,0.5930091738700867,0.4069908857345581,22,1,6,zero_shot_paired
315,11,22,16,60,0,1,0,0.6430369019508362,0.6430369019508362,0.3569631278514862,0.6430369019508362,22,1,6,zero_shot_paired
315,0,22,0,60,0,0,1,0.7097222208976746,0.7097222208976746,0.7097222208976746,0.29027777910232544,22,1,6,post_calibration
315,1,22,2,60,1,0,0,0.6027669310569763,0.6027669310569763,0.6027669310569763,0.3972330689430237,22,1,6,post_calibration
315,2,22,4,60,1,1,1,0.5047949552536011,0.5047949552536011,0.4952050745487213,0.5047949552536011,22,1,6,post_calibration
315,3,22,5,60,1,0,0,0.6677623987197876,0.6677623987197876,0.6677623987197876,0.3322376012802124,22,1,6,post_calibration
315,4,22,6,60,0,0,1,0.7623646855354309,0.7623646855354309,0.7623646855354309,0.23763537406921387,22,1,6,post_calibration
315,5,22,7,60,1,0,0,0.5847862362861633,0.5847862362861633,0.5847862362861633,0.4152137041091919,22,1,6,post_calibration
315,6,22,8,60,0,0,1,0.7127853631973267,0.7127853631973267,0.7127853631973267,0.28721457719802856,22,1,6,post_calibration
315,7,22,9,60,1,0,0,0.6474570035934448,0.6474570035934448,0.6474570035934448,0.35254302620887756,22,1,6,post_calibration
315,8,22,10,60,0,1,0,0.6309710144996643,0.6309710144996643,0.36902904510498047,0.6309710144996643,22,1,6,post_calibration
315,9,22,12,60,1,0,0,0.5551921725273132,0.5551921725273132,0.5551921725273132,0.44480782747268677,22,1,6,post_calibration
315,10,22,13,60,0,0,1,0.599327564239502,0.599327564239502,0.599327564239502,0.40067240595817566,22,1,6,post_calibration
315,11,22,16,60,0,1,0,0.6435516476631165,0.6435516476631165,0.3564484119415283,0.6435516476631165,22,1,6,post_calibration
316,0,22,0,60,0,0,1,0.7073605060577393,0.7073605060577393,0.7073605060577393,0.29263952374458313,22,2,6,zero_shot_paired
316,1,22,1,60,0,0,1,0.731139600276947,0.731139600276947,0.731139600276947,0.26886042952537537,22,2,6,zero_shot_paired
316,2,22,3,60,1,1,1,0.6472113728523254,0.6472113728523254,0.35278865694999695,0.6472113728523254,22,2,6,zero_shot_paired
316,3,22,4,60,1,0,0,0.503654420375824,0.503654420375824,0.503654420375824,0.496345579624176,22,2,6,zero_shot_paired
316,4,22,9,60,1,0,0,0.6389285326004028,0.6389285326004028,0.6389285326004028,0.3610714375972748,22,2,6,zero_shot_paired
316,5,22,10,60,0,1,0,0.6276053190231323,0.6276053190231323,0.3723946213722229,0.6276053190231323,22,2,6,zero_shot_paired
316,6,22,11,60,0,1,0,0.5084545016288757,0.5084545016288757,0.49154552817344666,0.5084545016288757,22,2,6,zero_shot_paired
316,7,22,12,60,1,0,0,0.5567705035209656,0.5567705035209656,0.5567705035209656,0.4432294964790344,22,2,6,zero_shot_paired
316,8,22,13,60,0,0,1,0.5930091738700867,0.5930091738700867,0.5930091738700867,0.4069908857345581,22,2,6,zero_shot_paired
316,9,22,14,60,0,0,1,0.6077250242233276,0.6077250242233276,0.6077250242233276,0.39227497577667236,22,2,6,zero_shot_paired
316,10,22,15,60,1,0,0,0.5582498908042908,0.5582498908042908,0.5582498908042908,0.4417501389980316,22,2,6,zero_shot_paired
316,11,22,17,60,1,0,0,0.5978500247001648,0.5978500247001648,0.5978500247001648,0.4021499454975128,22,2,6,zero_shot_paired
316,0,22,0,60,0,0,1,0.7070319056510925,0.7070319056510925,0.7070319056510925,0.29296809434890747,22,2,6,post_calibration
316,1,22,1,60,0,0,1,0.7265741229057312,0.7265741229057312,0.7265741229057312,0.273425817489624,22,2,6,post_calibration
316,2,22,3,60,1,1,1,0.6843974590301514,0.6843974590301514,0.31560248136520386,0.6843974590301514,22,2,6,post_calibration
316,3,22,4,60,1,1,1,0.5008583068847656,0.5008583068847656,0.4991416931152344,0.5008583068847656,22,2,6,post_calibration
316,4,22,9,60,1,0,0,0.6283343434333801,0.6283343434333801,0.6283343434333801,0.3716656565666199,22,2,6,post_calibration
316,5,22,10,60,0,1,0,0.6359416246414185,0.6359416246414185,0.36405834555625916,0.6359416246414185,22,2,6,post_calibration
316,6,22,11,60,0,0,1,0.5028133392333984,0.5028133392333984,0.5028133392333984,0.49718669056892395,22,2,6,post_calibration
316,7,22,12,60,1,0,0,0.5774115920066833,0.5774115920066833,0.5774115920066833,0.42258837819099426,22,2,6,post_calibration
316,8,22,13,60,0,0,1,0.6081396341323853,0.6081396341323853,0.6081396341323853,0.39186036586761475,22,2,6,post_calibration
316,9,22,14,60,0,0,1,0.5840691328048706,0.5840691328048706,0.5840691328048706,0.4159308075904846,22,2,6,post_calibration
316,10,22,15,60,1,0,0,0.5659810900688171,0.5659810900688171,0.5659810900688171,0.43401893973350525,22,2,6,post_calibration
316,11,22,17,60,1,0,0,0.5985431671142578,0.5985431671142578,0.5985431671142578,0.4014568030834198,22,2,6,post_calibration
317,0,22,1,60,0,0,1,0.731139600276947,0.731139600276947,0.731139600276947,0.26886042952537537,22,3,6,zero_shot_paired
317,1,22,2,60,1,0,0,0.6142095923423767,0.6142095923423767,0.6142095923423767,0.3857903778553009,22,3,6,zero_shot_paired
317,2,22,3,60,1,1,1,0.6472113728523254,0.6472113728523254,0.35278865694999695,0.6472113728523254,22,3,6,zero_shot_paired
317,3,22,5,60,1,0,0,0.6807807683944702,0.6807807683944702,0.6807807683944702,0.3192192018032074,22,3,6,zero_shot_paired
317,4,22,6,60,0,0,1,0.761946976184845,0.761946976184845,0.761946976184845,0.23805302381515503,22,3,6,zero_shot_paired
317,5,22,7,60,1,0,0,0.5934104323387146,0.5934104323387146,0.5934104323387146,0.4065895080566406,22,3,6,zero_shot_paired
317,6,22,8,60,0,0,1,0.7202821969985962,0.7202821969985962,0.7202821969985962,0.2797177731990814,22,3,6,zero_shot_paired
317,7,22,11,60,0,1,0,0.5084545016288757,0.5084545016288757,0.49154552817344666,0.5084545016288757,22,3,6,zero_shot_paired
317,8,22,14,60,0,0,1,0.6077250242233276,0.6077250242233276,0.6077250242233276,0.39227497577667236,22,3,6,zero_shot_paired
317,9,22,15,60,1,0,0,0.5582498908042908,0.5582498908042908,0.5582498908042908,0.4417501389980316,22,3,6,zero_shot_paired
317,10,22,16,60,0,1,0,0.6430369019508362,0.6430369019508362,0.3569631278514862,0.6430369019508362,22,3,6,zero_shot_paired
317,11,22,17,60,1,0,0,0.5978500247001648,0.5978500247001648,0.5978500247001648,0.4021499454975128,22,3,6,zero_shot_paired
317,0,22,1,60,0,0,1,0.7185634970664978,0.7185634970664978,0.7185634970664978,0.2814364731311798,22,3,6,post_calibration
317,1,22,2,60,1,0,0,0.6196151971817017,0.6196151971817017,0.6196151971817017,0.3803848624229431,22,3,6,post_calibration
317,2,22,3,60,1,1,1,0.6208119988441467,0.6208119988441467,0.37918800115585327,0.6208119988441467,22,3,6,post_calibration
317,3,22,5,60,1,0,0,0.6855104565620422,0.6855104565620422,0.6855104565620422,0.31448954343795776,22,3,6,post_calibration
317,4,22,6,60,0,0,1,0.773812472820282,0.773812472820282,0.773812472820282,0.22618752717971802,22,3,6,post_calibration
317,5,22,7,60,1,0,0,0.5722373127937317,0.5722373127937317,0.5722373127937317,0.4277626872062683,22,3,6,post_calibration
317,6,22,8,60,0,0,1,0.7373827695846558,0.7373827695846558,0.7373827695846558,0.26261717081069946,22,3,6,post_calibration
317,7,22,11,60,0,1,0,0.5087748169898987,0.5087748169898987,0.4912252128124237,0.5087748169898987,22,3,6,post_calibration
317,8,22,14,60,0,0,1,0.6029350161552429,0.6029350161552429,0.6029350161552429,0.39706501364707947,22,3,6,post_calibration
317,9,22,15,60,1,0,0,0.5811898112297058,0.5811898112297058,0.5811898112297058,0.4188101887702942,22,3,6,post_calibration
317,10,22,16,60,0,1,0,0.6459665894508362,0.6459665894508362,0.3540334105491638,0.6459665894508362,22,3,6,post_calibration
317,11,22,17,60,1,0,0,0.5665206909179688,0.5665206909179688,0.5665206909179688,0.4334792494773865,22,3,6,post_calibration
318,0,22,1,60,0,0,1,0.7311410307884216,0.7311410307884216,0.7311410307884216,0.2688589096069336,22,1,9,zero_shot_paired
318,1,22,3,60,1,1,1,0.6472200751304626,0.6472200751304626,0.35277989506721497,0.6472200751304626,22,1,9,zero_shot_paired
318,2,22,4,60,1,0,0,0.5036601424217224,0.5036601424217224,0.5036601424217224,0.4963398575782776,22,1,9,zero_shot_paired
318,3,22,5,60,1,0,0,0.6807824373245239,0.6807824373245239,0.6807824373245239,0.3192175328731537,22,1,9,zero_shot_paired
318,4,22,11,60,0,1,0,0.5084640383720398,0.5084640383720398,0.4915359914302826,0.5084640383720398,22,1,9,zero_shot_paired
318,5,22,12,60,1,0,0,0.5567724108695984,0.5567724108695984,0.5567724108695984,0.4432275891304016,22,1,9,zero_shot_paired
318,6,22,13,60,0,0,1,0.5930091738700867,0.5930091738700867,0.5930091738700867,0.4069908857345581,22,1,9,zero_shot_paired
318,7,22,15,60,1,0,0,0.5582554936408997,0.5582554936408997,0.5582554936408997,0.44174447655677795,22,1,9,zero_shot_paired
318,8,22,16,60,0,1,0,0.6430491209030151,0.6430491209030151,0.3569508492946625,0.6430491209030151,22,1,9,zero_shot_paired
318,0,22,1,60,0,0,1,0.707595705986023,0.707595705986023,0.707595705986023,0.2924042344093323,22,1,9,post_calibration
318,1,22,3,60,1,1,1,0.6298350691795349,0.6298350691795349,0.3701649010181427,0.6298350691795349,22,1,9,post_calibration
318,2,22,4,60,1,1,1,0.5138266682624817,0.5138266682624817,0.4861733615398407,0.5138266682624817,22,1,9,post_calibration
318,3,22,5,60,1,0,0,0.6660183668136597,0.6660183668136597,0.6660183668136597,0.33398163318634033,22,1,9,post_calibration
318,4,22,11,60,0,1,0,0.5068965554237366,0.5068965554237366,0.4931034743785858,0.5068965554237366,22,1,9,post_calibration
318,5,22,12,60,1,0,0,0.5705332159996033,0.5705332159996033,0.5705332159996033,0.42946675419807434,22,1,9,post_calibration
318,6,22,13,60,0,0,1,0.6060996055603027,0.6060996055603027,0.6060996055603027,0.3939003646373749,22,1,9,post_calibration
318,7,22,15,60,1,0,0,0.5746092796325684,0.5746092796325684,0.5746092796325684,0.4253907799720764,22,1,9,post_calibration
318,8,22,16,60,0,1,0,0.6381590366363525,0.6381590366363525,0.3618409335613251,0.6381590366363525,22,1,9,post_calibration
319,0,22,0,60,0,0,1,0.7073699235916138,0.7073699235916138,0.7073699235916138,0.29263001680374146,22,2,9,zero_shot_paired
319,1,22,2,60,1,0,0,0.6142041683197021,0.6142041683197021,0.6142041683197021,0.38579580187797546,22,2,9,zero_shot_paired
319,2,22,6,60,0,0,1,0.7619442343711853,0.7619442343711853,0.7619442343711853,0.23805579543113708,22,2,9,zero_shot_paired
319,3,22,7,60,1,0,0,0.5934086441993713,0.5934086441993713,0.5934086441993713,0.40659135580062866,22,2,9,zero_shot_paired
319,4,22,8,60,0,0,1,0.7202852964401245,0.7202852964401245,0.7202852964401245,0.2797147333621979,22,2,9,zero_shot_paired
319,5,22,9,60,1,0,0,0.6389303207397461,0.6389303207397461,0.6389303207397461,0.3610696494579315,22,2,9,zero_shot_paired
319,6,22,10,60,0,1,0,0.6275911331176758,0.6275911331176758,0.3724088966846466,0.6275911331176758,22,2,9,zero_shot_paired
319,7,22,14,60,0,0,1,0.6077250242233276,0.6077250242233276,0.6077250242233276,0.39227497577667236,22,2,9,zero_shot_paired
319,8,22,17,60,1,0,0,0.5978536605834961,0.5978536605834961,0.5978536605834961,0.40214627981185913,22,2,9,zero_shot_paired
319,0,22,0,60,0,0,1,0.7067251801490784,0.7067251801490784,0.7067251801490784,0.29327481985092163,22,2,9,post_calibration
319,1,22,2,60,1,0,0,0.5841118097305298,0.5841118097305298,0.5841118097305298,0.4158881902694702,22,2,9,post_calibration
319,2,22,6,60,0,0,1,0.771625816822052,0.771625816822052,0.771625816822052,0.22837421298027039,22,2,9,post_calibration
319,3,22,7,60,1,0,0,0.5886619091033936,0.5886619091033936,0.5886619091033936,0.41133806109428406,22,2,9,post_calibration
319,4,22,8,60,0,0,1,0.7214949131011963,0.7214949131011963,0.7214949131011963,0.2785050868988037,22,2,9,post_calibration
319,5,22,9,60,1,0,0,0.6644808053970337,0.6644808053970337,0.6644808053970337,0.3355192244052887,22,2,9,post_calibration
319,6,22,10,60,0,1,0,0.6120324730873108,0.6120324730873108,0.38796746730804443,0.6120324730873108,22,2,9,post_calibration
319,7,22,14,60,0,0,1,0.6208533048629761,0.6208533048629761,0.6208533048629761,0.3791466951370239,22,2,9,post_calibration
319,8,22,17,60,1,0,0,0.5918301343917847,0.5918301343917847,0.5918301343917847,0.40816986560821533,22,2,9,post_calibration
320,0,22,1,60,0,0,1,0.7311380505561829,0.7311380505561829,0.7311380505561829,0.26886191964149475,22,1,12,zero_shot_paired
320,1,22,3,60,1,1,1,0.6473437547683716,0.6473437547683716,0.3526562452316284,0.6473437547683716,22,1,12,zero_shot_paired
320,2,22,4,60,1,0,0,0.5036868453025818,0.5036868453025818,0.5036868453025818,0.4963131546974182,22,1,12,zero_shot_paired
320,3,22,13,60,0,0,1,0.5930073261260986,0.5930073261260986,0.5930073261260986,0.40699270367622375,22,1,12,zero_shot_paired
320,4,22,14,60,0,0,1,0.6077922582626343,0.6077922582626343,0.6077922582626343,0.39220768213272095,22,1,12,zero_shot_paired
320,5,22,17,60,1,0,0,0.5977344512939453,0.5977344512939453,0.5977344512939453,0.4022655189037323,22,1,12,zero_shot_paired
320,0,22,1,60,0,0,1,0.7231261730194092,0.7231261730194092,0.7231261730194092,0.27687379717826843,22,1,12,post_calibration
320,1,22,3,60,1,1,1,0.6571861505508423,0.6571861505508423,0.3428138494491577,0.6571861505508423,22,1,12,post_calibration
320,2,22,4,60,1,1,1,0.516837477684021,0.516837477684021,0.4831625521183014,0.516837477684021,22,1,12,post_calibration
320,3,22,13,60,0,0,1,0.5876011252403259,0.5876011252403259,0.5876011252403259,0.41239890456199646,22,1,12,post_calibration
320,4,22,14,60,0,0,1,0.5914725661277771,0.5914725661277771,0.5914725661277771,0.4085274934768677,22,1,12,post_calibration
320,5,22,17,60,1,0,0,0.5815073847770691,0.5815073847770691,0.5815073847770691,0.4184926450252533,22,1,12,post_calibration
321,0,22,0,60,0,0,1,0.7075214982032776,0.7075214982032776,0.7075214982032776,0.29247844219207764,22,2,12,zero_shot_paired
321,1,22,7,60,1,0,0,0.5934804081916809,0.5934804081916809,0.5934804081916809,0.4065195620059967,22,2,12,zero_shot_paired
321,2,22,8,60,0,0,1,0.7202436923980713,0.7202436923980713,0.7202436923980713,0.27975624799728394,22,2,12,zero_shot_paired
321,3,22,9,60,1,0,0,0.6388933658599854,0.6388933658599854,0.6388933658599854,0.36110663414001465,22,2,12,zero_shot_paired
321,4,22,12,60,1,0,0,0.5567648410797119,0.5567648410797119,0.5567648410797119,0.4432351291179657,22,2,12,zero_shot_paired
321,5,22,13,60,0,0,1,0.5930073261260986,0.5930073261260986,0.5930073261260986,0.40699270367622375,22,2,12,zero_shot_paired
321,0,22,0,60,0,0,1,0.7115734219551086,0.7115734219551086,0.7115734219551086,0.28842657804489136,22,2,12,post_calibration
321,1,22,7,60,1,0,0,0.5929686427116394,0.5929686427116394,0.5929686427116394,0.4070313572883606,22,2,12,post_calibration
321,2,22,8,60,0,0,1,0.7201007604598999,0.7201007604598999,0.7201007604598999,0.2798992395401001,22,2,12,post_calibration
321,3,22,9,60,1,0,0,0.6556151509284973,0.6556151509284973,0.6556151509284973,0.3443848788738251,22,2,12,post_calibration
321,4,22,12,60,1,0,0,0.5848399996757507,0.5848399996757507,0.5848399996757507,0.41516000032424927,22,2,12,post_calibration
321,5,22,13,60,0,0,1,0.6201939582824707,0.6201939582824707,0.6201939582824707,0.3798060119152069,22,2,12,post_calibration
322,0,22,1,60,0,0,1,0.7311380505561829,0.7311380505561829,0.7311380505561829,0.26886191964149475,22,3,12,zero_shot_paired
322,1,22,2,60,1,0,0,0.6142005920410156,0.6142005920410156,0.6142005920410156,0.38579943776130676,22,3,12,zero_shot_paired
322,2,22,4,60,1,0,0,0.5036868453025818,0.5036868453025818,0.5036868453025818,0.4963131546974182,22,3,12,zero_shot_paired
322,3,22,8,60,0,0,1,0.7202436923980713,0.7202436923980713,0.7202436923980713,0.27975624799728394,22,3,12,zero_shot_paired
322,4,22,11,60,0,1,0,0.5084888339042664,0.5084888339042664,0.4915112257003784,0.5084888339042664,22,3,12,zero_shot_paired
322,5,22,12,60,1,0,0,0.5567648410797119,0.5567648410797119,0.5567648410797119,0.4432351291179657,22,3,12,zero_shot_paired
322,0,22,1,60,0,0,1,0.7229642868041992,0.7229642868041992,0.7229642868041992,0.27703577280044556,22,3,12,post_calibration
322,1,22,2,60,1,0,0,0.6086522340774536,0.6086522340774536,0.6086522340774536,0.3913477957248688,22,3,12,post_calibration
322,2,22,4,60,1,1,1,0.5004234313964844,0.5004234313964844,0.4995765686035156,0.5004234313964844,22,3,12,post_calibration
322,3,22,8,60,0,0,1,0.7302432656288147,0.7302432656288147,0.7302432656288147,0.2697567045688629,22,3,12,post_calibration
322,4,22,11,60,0,0,1,0.5119549036026001,0.5119549036026001,0.5119549036026001,0.4880451261997223,22,3,12,post_calibration
322,5,22,12,60,1,0,0,0.6124346256256104,0.6124346256256104,0.6124346256256104,0.38756534457206726,22,3,12,post_calibration
