fold,trial_index,subject_id,trial_id,n_windows,y_true,y_pred,correct,p_pred,confidence,p_class_0,p_class_1,target_subject,calibration_fold,calibration_shots,stage
1,0,0,0,60,1,1,1,0.5023746490478516,0.5023746490478516,0.49762529134750366,0.5023746490478516,0,,,zero_shot_all_trials
1,1,0,1,60,1,1,1,0.5002135634422302,0.5002135634422302,0.49978649616241455,0.5002135634422302,0,,,zero_shot_all_trials
1,2,0,2,60,1,1,1,0.5033278465270996,0.5033278465270996,0.496672123670578,0.5033278465270996,0,,,zero_shot_all_trials
1,3,0,3,60,1,1,1,0.510296106338501,0.510296106338501,0.489703893661499,0.510296106338501,0,,,zero_shot_all_trials
1,4,0,4,60,1,1,1,0.5012856125831604,0.5012856125831604,0.4987143278121948,0.5012856125831604,0,,,zero_shot_all_trials
1,5,0,5,60,0,0,1,0.5023663640022278,0.5023663640022278,0.5023663640022278,0.4976336658000946,0,,,zero_shot_all_trials
1,6,0,6,60,1,1,1,0.507129967212677,0.507129967212677,0.4928700625896454,0.507129967212677,0,,,zero_shot_all_trials
1,7,0,7,60,0,1,0,0.5057982802391052,0.5057982802391052,0.49420174956321716,0.5057982802391052,0,,,zero_shot_all_trials
1,8,0,8,60,0,1,0,0.5068336725234985,0.5068336725234985,0.49316632747650146,0.5068336725234985,0,,,zero_shot_all_trials
1,9,0,9,60,1,1,1,0.5023862719535828,0.5023862719535828,0.49761372804641724,0.5023862719535828,0,,,zero_shot_all_trials
1,10,0,10,60,1,0,0,0.5001324415206909,0.5001324415206909,0.5001324415206909,0.49986761808395386,0,,,zero_shot_all_trials
1,11,0,11,60,1,1,1,0.5051574110984802,0.5051574110984802,0.4948425889015198,0.5051574110984802,0,,,zero_shot_all_trials
1,12,0,12,60,1,0,0,0.5012564063072205,0.5012564063072205,0.5012564063072205,0.49874356389045715,0,,,zero_shot_all_trials
1,13,0,13,60,1,1,1,0.5088084936141968,0.5088084936141968,0.4911915063858032,0.5088084936141968,0,,,zero_shot_all_trials
1,14,0,14,60,0,1,0,0.5059787034988403,0.5059787034988403,0.49402129650115967,0.5059787034988403,0,,,zero_shot_all_trials
1,15,0,15,60,1,1,1,0.5051986575126648,0.5051986575126648,0.4948013424873352,0.5051986575126648,0,,,zero_shot_all_trials
1,16,0,16,60,0,1,0,0.5048231482505798,0.5048231482505798,0.49517688155174255,0.5048231482505798,0,,,zero_shot_all_trials
1,17,0,17,60,1,1,1,0.5065793395042419,0.5065793395042419,0.49342066049575806,0.5065793395042419,0,,,zero_shot_all_trials
1,0,0,0,60,1,1,1,0.5023747086524963,0.5023747086524963,0.49762529134750366,0.5023747086524963,0,1,3,zero_shot_paired
1,1,0,1,60,1,1,1,0.5002135634422302,0.5002135634422302,0.4997864365577698,0.5002135634422302,0,1,3,zero_shot_paired
1,2,0,2,60,1,1,1,0.5033279657363892,0.5033279657363892,0.49667203426361084,0.5033279657363892,0,1,3,zero_shot_paired
1,3,0,3,60,1,1,1,0.5102959871292114,0.5102959871292114,0.4897039830684662,0.5102959871292114,0,1,3,zero_shot_paired
1,4,0,4,60,1,1,1,0.5012855529785156,0.5012855529785156,0.498714417219162,0.5012855529785156,0,1,3,zero_shot_paired
1,5,0,5,60,0,0,1,0.5023664832115173,0.5023664832115173,0.5023664832115173,0.49763351678848267,0,1,3,zero_shot_paired
1,6,0,6,60,1,1,1,0.5071298480033875,0.5071298480033875,0.49287012219429016,0.5071298480033875,0,1,3,zero_shot_paired
1,7,0,7,60,0,1,0,0.5057982206344604,0.5057982206344604,0.49420174956321716,0.5057982206344604,0,1,3,zero_shot_paired
1,8,0,8,60,0,1,0,0.5068336725234985,0.5068336725234985,0.49316632747650146,0.5068336725234985,0,1,3,zero_shot_paired
1,9,0,9,60,1,1,1,0.5023863315582275,0.5023863315582275,0.49761369824409485,0.5023863315582275,0,1,3,zero_shot_paired
1,10,0,10,60,1,0,0,0.5001325011253357,0.5001325011253357,0.5001325011253357,0.4998674988746643,0,1,3,zero_shot_paired
1,11,0,11,60,1,1,1,0.5051572918891907,0.5051572918891907,0.4948427081108093,0.5051572918891907,0,1,3,zero_shot_paired
1,12,0,13,60,1,1,1,0.5088084936141968,0.5088084936141968,0.4911915063858032,0.5088084936141968,0,1,3,zero_shot_paired
1,13,0,15,60,1,1,1,0.5051987767219543,0.5051987767219543,0.49480122327804565,0.5051987767219543,0,1,3,zero_shot_paired
1,14,0,16,60,0,1,0,0.5048232078552246,0.5048232078552246,0.4951767921447754,0.5048232078552246,0,1,3,zero_shot_paired
1,0,0,0,60,1,1,1,0.5023083686828613,0.5023083686828613,0.4976916015148163,0.5023083686828613,0,1,3,post_calibration
1,1,0,1,60,1,0,0,0.500490128993988,0.500490128993988,0.500490128993988,0.49950987100601196,0,1,3,post_calibration
1,2,0,2,60,1,1,1,0.5027490854263306,0.5027490854263306,0.49725091457366943,0.5027490854263306,0,1,3,post_calibration
1,3,0,3,60,1,1,1,0.509492814540863,0.509492814540863,0.49050718545913696,0.509492814540863,0,1,3,post_calibration
1,4,0,4,60,1,1,1,0.5005114078521729,0.5005114078521729,0.49948856234550476,0.5005114078521729,0,1,3,post_calibration
1,5,0,5,60,0,0,1,0.5022671818733215,0.5022671818733215,0.5022671818733215,0.49773281812667847,0,1,3,post_calibration
1,6,0,6,60,1,1,1,0.5060823559761047,0.5060823559761047,0.4939175844192505,0.5060823559761047,0,1,3,post_calibration
1,7,0,7,60,0,1,0,0.5053942799568176,0.5053942799568176,0.49460569024086,0.5053942799568176,0,1,3,post_calibration
1,8,0,8,60,0,1,0,0.5066117644309998,0.5066117644309998,0.49338826537132263,0.5066117644309998,0,1,3,post_calibration
1,9,0,9,60,1,1,1,0.5026440024375916,0.5026440024375916,0.49735593795776367,0.5026440024375916,0,1,3,post_calibration
1,10,0,10,60,1,1,1,0.5002148747444153,0.5002148747444153,0.4997851252555847,0.5002148747444153,0,1,3,post_calibration
1,11,0,11,60,1,1,1,0.5053904056549072,0.5053904056549072,0.49460965394973755,0.5053904056549072,0,1,3,post_calibration
1,12,0,13,60,1,1,1,0.5086548924446106,0.5086548924446106,0.4913451671600342,0.5086548924446106,0,1,3,post_calibration
1,13,0,15,60,1,1,1,0.5047640800476074,0.5047640800476074,0.4952358901500702,0.5047640800476074,0,1,3,post_calibration
1,14,0,16,60,0,1,0,0.504583477973938,0.504583477973938,0.495416522026062,0.504583477973938,0,1,3,post_calibration
2,0,0,0,60,1,1,1,0.5023747086524963,0.5023747086524963,0.49762529134750366,0.5023747086524963,0,2,3,zero_shot_paired
2,1,0,1,60,1,1,1,0.5002135634422302,0.5002135634422302,0.4997864365577698,0.5002135634422302,0,2,3,zero_shot_paired
2,2,0,2,60,1,1,1,0.5033279657363892,0.5033279657363892,0.49667203426361084,0.5033279657363892,0,2,3,zero_shot_paired
2,3,0,3,60,1,1,1,0.5102959871292114,0.5102959871292114,0.4897039830684662,0.5102959871292114,0,2,3,zero_shot_paired
2,4,0,5,60,0,0,1,0.5023664832115173,0.5023664832115173,0.5023664832115173,0.49763351678848267,0,2,3,zero_shot_paired
2,5,0,6,60,1,1,1,0.5071298480033875,0.5071298480033875,0.49287012219429016,0.5071298480033875,0,2,3,zero_shot_paired
2,6,0,7,60,0,1,0,0.5057982206344604,0.5057982206344604,0.49420174956321716,0.5057982206344604,0,2,3,zero_shot_paired
2,7,0,8,60,0,1,0,0.5068336725234985,0.5068336725234985,0.49316632747650146,0.5068336725234985,0,2,3,zero_shot_paired
2,8,0,9,60,1,1,1,0.5023863315582275,0.5023863315582275,0.49761369824409485,0.5023863315582275,0,2,3,zero_shot_paired
2,9,0,10,60,1,0,0,0.5001325011253357,0.5001325011253357,0.5001325011253357,0.4998674988746643,0,2,3,zero_shot_paired
2,10,0,11,60,1,1,1,0.5051572918891907,0.5051572918891907,0.4948427081108093,0.5051572918891907,0,2,3,zero_shot_paired
2,11,0,12,60,1,0,0,0.5012563467025757,0.5012563467025757,0.5012563467025757,0.49874362349510193,0,2,3,zero_shot_paired
2,12,0,13,60,1,1,1,0.5088084936141968,0.5088084936141968,0.4911915063858032,0.5088084936141968,0,2,3,zero_shot_paired
2,13,0,14,60,0,1,0,0.5059787034988403,0.5059787034988403,0.49402129650115967,0.5059787034988403,0,2,3,zero_shot_paired
2,14,0,17,60,1,1,1,0.5065792798995972,0.5065792798995972,0.49342072010040283,0.5065792798995972,0,2,3,zero_shot_paired
2,0,0,0,60,1,1,1,0.5021165013313293,0.5021165013313293,0.49788349866867065,0.5021165013313293,0,2,3,post_calibration
2,1,0,1,60,1,0,0,0.5000821352005005,0.5000821352005005,0.5000821352005005,0.4999178647994995,0,2,3,post_calibration
2,2,0,2,60,1,1,1,0.5028002262115479,0.5028002262115479,0.49719980359077454,0.5028002262115479,0,2,3,post_calibration
2,3,0,3,60,1,1,1,0.5103899240493774,0.5103899240493774,0.48961007595062256,0.5103899240493774,0,2,3,post_calibration
2,4,0,5,60,0,0,1,0.5018380880355835,0.5018380880355835,0.5018380880355835,0.4981618821620941,0,2,3,post_calibration
2,5,0,6,60,1,1,1,0.5069775581359863,0.5069775581359863,0.49302244186401367,0.5069775581359863,0,2,3,post_calibration
2,6,0,7,60,0,1,0,0.5058211088180542,0.5058211088180542,0.4941789209842682,0.5058211088180542,0,2,3,post_calibration
2,7,0,8,60,0,1,0,0.5069036483764648,0.5069036483764648,0.49309635162353516,0.5069036483764648,0,2,3,post_calibration
2,8,0,9,60,1,1,1,0.5019590854644775,0.5019590854644775,0.49804091453552246,0.5019590854644775,0,2,3,post_calibration
2,9,0,10,60,1,0,0,0.5007859468460083,0.5007859468460083,0.5007859468460083,0.4992140531539917,0,2,3,post_calibration
2,10,0,11,60,1,1,1,0.5049411654472351,0.5049411654472351,0.4950588345527649,0.5049411654472351,0,2,3,post_calibration
2,11,0,12,60,1,0,0,0.5012089014053345,0.5012089014053345,0.5012089014053345,0.4987911283969879,0,2,3,post_calibration
2,12,0,13,60,1,1,1,0.5089704394340515,0.5089704394340515,0.4910295605659485,0.5089704394340515,0,2,3,post_calibration
2,13,0,14,60,0,1,0,0.5064181685447693,0.5064181685447693,0.4935818612575531,0.5064181685447693,0,2,3,post_calibration
2,14,0,17,60,1,1,1,0.5065738558769226,0.5065738558769226,0.4934260845184326,0.5065738558769226,0,2,3,post_calibration
3,0,0,0,60,1,1,1,0.5023747086524963,0.5023747086524963,0.49762529134750366,0.5023747086524963,0,3,3,zero_shot_paired
3,1,0,1,60,1,1,1,0.5002135634422302,0.5002135634422302,0.4997864365577698,0.5002135634422302,0,3,3,zero_shot_paired
3,2,0,2,60,1,1,1,0.5033279657363892,0.5033279657363892,0.49667203426361084,0.5033279657363892,0,3,3,zero_shot_paired
3,3,0,3,60,1,1,1,0.5102959871292114,0.5102959871292114,0.4897039830684662,0.5102959871292114,0,3,3,zero_shot_paired
3,4,0,4,60,1,1,1,0.5012855529785156,0.5012855529785156,0.498714417219162,0.5012855529785156,0,3,3,zero_shot_paired
3,5,0,5,60,0,0,1,0.5023664832115173,0.5023664832115173,0.5023664832115173,0.49763351678848267,0,3,3,zero_shot_paired
3,6,0,8,60,0,1,0,0.5068336725234985,0.5068336725234985,0.49316632747650146,0.5068336725234985,0,3,3,zero_shot_paired
3,7,0,10,60,1,0,0,0.5001325011253357,0.5001325011253357,0.5001325011253357,0.4998674988746643,0,3,3,zero_shot_paired
3,8,0,11,60,1,1,1,0.5051572918891907,0.5051572918891907,0.4948427081108093,0.5051572918891907,0,3,3,zero_shot_paired
3,9,0,12,60,1,0,0,0.5012563467025757,0.5012563467025757,0.5012563467025757,0.49874362349510193,0,3,3,zero_shot_paired
3,10,0,13,60,1,1,1,0.5088084936141968,0.5088084936141968,0.4911915063858032,0.5088084936141968,0,3,3,zero_shot_paired
3,11,0,14,60,0,1,0,0.5059787034988403,0.5059787034988403,0.49402129650115967,0.5059787034988403,0,3,3,zero_shot_paired
3,12,0,15,60,1,1,1,0.5051987767219543,0.5051987767219543,0.49480122327804565,0.5051987767219543,0,3,3,zero_shot_paired
3,13,0,16,60,0,1,0,0.5048232078552246,0.5048232078552246,0.4951767921447754,0.5048232078552246,0,3,3,zero_shot_paired
3,14,0,17,60,1,1,1,0.5065792798995972,0.5065792798995972,0.49342072010040283,0.5065792798995972,0,3,3,zero_shot_paired
3,0,0,0,60,1,1,1,0.5029934048652649,0.5029934048652649,0.4970066249370575,0.5029934048652649,0,3,3,post_calibration
3,1,0,1,60,1,1,1,0.5003297328948975,0.5003297328948975,0.49967026710510254,0.5003297328948975,0,3,3,post_calibration
3,2,0,2,60,1,1,1,0.504060685634613,0.504060685634613,0.49593934416770935,0.504060685634613,0,3,3,post_calibration
3,3,0,3,60,1,1,1,0.510412871837616,0.510412871837616,0.4895871579647064,0.510412871837616,0,3,3,post_calibration
3,4,0,4,60,1,1,1,0.5016542673110962,0.5016542673110962,0.4983457624912262,0.5016542673110962,0,3,3,post_calibration
3,5,0,5,60,0,0,1,0.5022409558296204,0.5022409558296204,0.5022409558296204,0.49775904417037964,0,3,3,post_calibration
3,6,0,8,60,0,1,0,0.5072020292282104,0.5072020292282104,0.49279797077178955,0.5072020292282104,0,3,3,post_calibration
3,7,0,10,60,1,1,1,0.5003815293312073,0.5003815293312073,0.49961844086647034,0.5003815293312073,0,3,3,post_calibration
3,8,0,11,60,1,1,1,0.5053480267524719,0.5053480267524719,0.49465200304985046,0.5053480267524719,0,3,3,post_calibration
3,9,0,12,60,1,0,0,0.5004051327705383,0.5004051327705383,0.5004051327705383,0.49959486722946167,0,3,3,post_calibration
3,10,0,13,60,1,1,1,0.5091611742973328,0.5091611742973328,0.49083879590034485,0.5091611742973328,0,3,3,post_calibration
3,11,0,14,60,0,1,0,0.5063727498054504,0.5063727498054504,0.49362725019454956,0.5063727498054504,0,3,3,post_calibration
3,12,0,15,60,1,1,1,0.5050306916236877,0.5050306916236877,0.49496933817863464,0.5050306916236877,0,3,3,post_calibration
3,13,0,16,60,0,1,0,0.5054324269294739,0.5054324269294739,0.4945676326751709,0.5054324269294739,0,3,3,post_calibration
3,14,0,17,60,1,1,1,0.5068953633308411,0.5068953633308411,0.4931046962738037,0.5068953633308411,0,3,3,post_calibration
4,0,0,0,60,1,1,1,0.5023747086524963,0.5023747086524963,0.49762529134750366,0.5023747086524963,0,4,3,zero_shot_paired
4,1,0,1,60,1,1,1,0.5002135634422302,0.5002135634422302,0.4997864365577698,0.5002135634422302,0,4,3,zero_shot_paired
4,2,0,3,60,1,1,1,0.5102959871292114,0.5102959871292114,0.4897039830684662,0.5102959871292114,0,4,3,zero_shot_paired
4,3,0,4,60,1,1,1,0.5012855529785156,0.5012855529785156,0.498714417219162,0.5012855529785156,0,4,3,zero_shot_paired
4,4,0,6,60,1,1,1,0.5071298480033875,0.5071298480033875,0.49287012219429016,0.5071298480033875,0,4,3,zero_shot_paired
4,5,0,7,60,0,1,0,0.5057982206344604,0.5057982206344604,0.49420174956321716,0.5057982206344604,0,4,3,zero_shot_paired
4,6,0,8,60,0,1,0,0.5068336725234985,0.5068336725234985,0.49316632747650146,0.5068336725234985,0,4,3,zero_shot_paired
4,7,0,9,60,1,1,1,0.5023863315582275,0.5023863315582275,0.49761369824409485,0.5023863315582275,0,4,3,zero_shot_paired
4,8,0,10,60,1,0,0,0.5001325011253357,0.5001325011253357,0.5001325011253357,0.4998674988746643,0,4,3,zero_shot_paired
4,9,0,11,60,1,1,1,0.5051572918891907,0.5051572918891907,0.4948427081108093,0.5051572918891907,0,4,3,zero_shot_paired
4,10,0,12,60,1,0,0,0.5012563467025757,0.5012563467025757,0.5012563467025757,0.49874362349510193,0,4,3,zero_shot_paired
4,11,0,14,60,0,1,0,0.5059787034988403,0.5059787034988403,0.49402129650115967,0.5059787034988403,0,4,3,zero_shot_paired
4,12,0,15,60,1,1,1,0.5051987767219543,0.5051987767219543,0.49480122327804565,0.5051987767219543,0,4,3,zero_shot_paired
4,13,0,16,60,0,1,0,0.5048232078552246,0.5048232078552246,0.4951767921447754,0.5048232078552246,0,4,3,zero_shot_paired
4,14,0,17,60,1,1,1,0.5065792798995972,0.5065792798995972,0.49342072010040283,0.5065792798995972,0,4,3,zero_shot_paired
4,0,0,0,60,1,1,1,0.503192126750946,0.503192126750946,0.49680793285369873,0.503192126750946,0,4,3,post_calibration
4,1,0,1,60,1,1,1,0.5003830194473267,0.5003830194473267,0.49961698055267334,0.5003830194473267,0,4,3,post_calibration
4,2,0,3,60,1,1,1,0.5119483470916748,0.5119483470916748,0.4880516529083252,0.5119483470916748,0,4,3,post_calibration
4,3,0,4,60,1,1,1,0.5013024806976318,0.5013024806976318,0.49869751930236816,0.5013024806976318,0,4,3,post_calibration
4,4,0,6,60,1,1,1,0.5084068179130554,0.5084068179130554,0.4915931522846222,0.5084068179130554,0,4,3,post_calibration
4,5,0,7,60,0,1,0,0.5062756538391113,0.5062756538391113,0.49372437596321106,0.5062756538391113,0,4,3,post_calibration
4,6,0,8,60,0,1,0,0.5078964233398438,0.5078964233398438,0.49210357666015625,0.5078964233398438,0,4,3,post_calibration
4,7,0,9,60,1,1,1,0.5027886033058167,0.5027886033058167,0.49721136689186096,0.5027886033058167,0,4,3,post_calibration
4,8,0,10,60,1,0,0,0.5006304979324341,0.5006304979324341,0.5006304979324341,0.4993695020675659,0,4,3,post_calibration
4,9,0,11,60,1,1,1,0.5069540143013,0.5069540143013,0.4930459260940552,0.5069540143013,0,4,3,post_calibration
4,10,0,12,60,1,0,0,0.5012362599372864,0.5012362599372864,0.5012362599372864,0.49876371026039124,0,4,3,post_calibration
4,11,0,14,60,0,1,0,0.5066286325454712,0.5066286325454712,0.4933713972568512,0.5066286325454712,0,4,3,post_calibration
4,12,0,15,60,1,1,1,0.5060128569602966,0.5060128569602966,0.49398720264434814,0.5060128569602966,0,4,3,post_calibration
4,13,0,16,60,0,1,0,0.5052949786186218,0.5052949786186218,0.4947050213813782,0.5052949786186218,0,4,3,post_calibration
4,14,0,17,60,1,1,1,0.5068121552467346,0.5068121552467346,0.4931878447532654,0.5068121552467346,0,4,3,post_calibration
5,0,0,1,60,1,1,1,0.5002135634422302,0.5002135634422302,0.4997864365577698,0.5002135634422302,0,5,3,zero_shot_paired
5,1,0,2,60,1,1,1,0.5033279657363892,0.5033279657363892,0.49667203426361084,0.5033279657363892,0,5,3,zero_shot_paired
5,2,0,3,60,1,1,1,0.5102959871292114,0.5102959871292114,0.4897039830684662,0.5102959871292114,0,5,3,zero_shot_paired
5,3,0,4,60,1,1,1,0.5012855529785156,0.5012855529785156,0.498714417219162,0.5012855529785156,0,5,3,zero_shot_paired
5,4,0,5,60,0,0,1,0.5023664832115173,0.5023664832115173,0.5023664832115173,0.49763351678848267,0,5,3,zero_shot_paired
5,5,0,6,60,1,1,1,0.5071298480033875,0.5071298480033875,0.49287012219429016,0.5071298480033875,0,5,3,zero_shot_paired
5,6,0,7,60,0,1,0,0.5057982206344604,0.5057982206344604,0.49420174956321716,0.5057982206344604,0,5,3,zero_shot_paired
5,7,0,9,60,1,1,1,0.5023863315582275,0.5023863315582275,0.49761369824409485,0.5023863315582275,0,5,3,zero_shot_paired
5,8,0,10,60,1,0,0,0.5001325011253357,0.5001325011253357,0.5001325011253357,0.4998674988746643,0,5,3,zero_shot_paired
5,9,0,12,60,1,0,0,0.5012563467025757,0.5012563467025757,0.5012563467025757,0.49874362349510193,0,5,3,zero_shot_paired
5,10,0,13,60,1,1,1,0.5088084936141968,0.5088084936141968,0.4911915063858032,0.5088084936141968,0,5,3,zero_shot_paired
5,11,0,14,60,0,1,0,0.5059787034988403,0.5059787034988403,0.49402129650115967,0.5059787034988403,0,5,3,zero_shot_paired
5,12,0,15,60,1,1,1,0.5051987767219543,0.5051987767219543,0.49480122327804565,0.5051987767219543,0,5,3,zero_shot_paired
5,13,0,16,60,0,1,0,0.5048232078552246,0.5048232078552246,0.4951767921447754,0.5048232078552246,0,5,3,zero_shot_paired
5,14,0,17,60,1,1,1,0.5065792798995972,0.5065792798995972,0.49342072010040283,0.5065792798995972,0,5,3,zero_shot_paired
5,0,0,1,60,1,0,0,0.5000259876251221,0.5000259876251221,0.5000259876251221,0.49997398257255554,0,5,3,post_calibration
5,1,0,2,60,1,1,1,0.5041386485099792,0.5041386485099792,0.49586138129234314,0.5041386485099792,0,5,3,post_calibration
5,2,0,3,60,1,1,1,0.5107862949371338,0.5107862949371338,0.4892136752605438,0.5107862949371338,0,5,3,post_calibration
5,3,0,4,60,1,1,1,0.5016816258430481,0.5016816258430481,0.4983183741569519,0.5016816258430481,0,5,3,post_calibration
5,4,0,5,60,0,0,1,0.5021761059761047,0.5021761059761047,0.5021761059761047,0.4978238642215729,0,5,3,post_calibration
5,5,0,6,60,1,1,1,0.5077992081642151,0.5077992081642151,0.4922008514404297,0.5077992081642151,0,5,3,post_calibration
5,6,0,7,60,0,1,0,0.5056449174880981,0.5056449174880981,0.4943550229072571,0.5056449174880981,0,5,3,post_calibration
5,7,0,9,60,1,1,1,0.5036412477493286,0.5036412477493286,0.4963587820529938,0.5036412477493286,0,5,3,post_calibration
5,8,0,10,60,1,0,0,0.5004324913024902,0.5004324913024902,0.5004324913024902,0.4995674788951874,0,5,3,post_calibration
5,9,0,12,60,1,0,0,0.5005291104316711,0.5005291104316711,0.5005291104316711,0.49947088956832886,0,5,3,post_calibration
5,10,0,13,60,1,1,1,0.5094553232192993,0.5094553232192993,0.4905446469783783,0.5094553232192993,0,5,3,post_calibration
5,11,0,14,60,0,1,0,0.506507933139801,0.506507933139801,0.49349209666252136,0.506507933139801,0,5,3,post_calibration
5,12,0,15,60,1,1,1,0.5059180855751038,0.5059180855751038,0.49408191442489624,0.5059180855751038,0,5,3,post_calibration
5,13,0,16,60,0,1,0,0.5053117871284485,0.5053117871284485,0.4946882426738739,0.5053117871284485,0,5,3,post_calibration
5,14,0,17,60,1,1,1,0.5068196058273315,0.5068196058273315,0.49318042397499084,0.5068196058273315,0,5,3,post_calibration
6,0,0,0,60,1,1,1,0.5023747086524963,0.5023747086524963,0.49762529134750366,0.5023747086524963,0,6,3,zero_shot_paired
6,1,0,2,60,1,1,1,0.5033279657363892,0.5033279657363892,0.49667203426361084,0.5033279657363892,0,6,3,zero_shot_paired
6,2,0,4,60,1,1,1,0.5012855529785156,0.5012855529785156,0.498714417219162,0.5012855529785156,0,6,3,zero_shot_paired
6,3,0,5,60,0,0,1,0.5023664832115173,0.5023664832115173,0.5023664832115173,0.49763351678848267,0,6,3,zero_shot_paired
6,4,0,6,60,1,1,1,0.5071298480033875,0.5071298480033875,0.49287012219429016,0.5071298480033875,0,6,3,zero_shot_paired
6,5,0,7,60,0,1,0,0.5057982206344604,0.5057982206344604,0.49420174956321716,0.5057982206344604,0,6,3,zero_shot_paired
6,6,0,8,60,0,1,0,0.5068336725234985,0.5068336725234985,0.49316632747650146,0.5068336725234985,0,6,3,zero_shot_paired
6,7,0,9,60,1,1,1,0.5023863315582275,0.5023863315582275,0.49761369824409485,0.5023863315582275,0,6,3,zero_shot_paired
6,8,0,11,60,1,1,1,0.5051572918891907,0.5051572918891907,0.4948427081108093,0.5051572918891907,0,6,3,zero_shot_paired
6,9,0,12,60,1,0,0,0.5012563467025757,0.5012563467025757,0.5012563467025757,0.49874362349510193,0,6,3,zero_shot_paired
6,10,0,13,60,1,1,1,0.5088084936141968,0.5088084936141968,0.4911915063858032,0.5088084936141968,0,6,3,zero_shot_paired
6,11,0,14,60,0,1,0,0.5059787034988403,0.5059787034988403,0.49402129650115967,0.5059787034988403,0,6,3,zero_shot_paired
6,12,0,15,60,1,1,1,0.5051987767219543,0.5051987767219543,0.49480122327804565,0.5051987767219543,0,6,3,zero_shot_paired
6,13,0,16,60,0,1,0,0.5048232078552246,0.5048232078552246,0.4951767921447754,0.5048232078552246,0,6,3,zero_shot_paired
6,14,0,17,60,1,1,1,0.5065792798995972,0.5065792798995972,0.49342072010040283,0.5065792798995972,0,6,3,zero_shot_paired
6,0,0,0,60,1,1,1,0.5025597810745239,0.5025597810745239,0.49744027853012085,0.5025597810745239,0,6,3,post_calibration
6,1,0,2,60,1,1,1,0.5045673847198486,0.5045673847198486,0.49543261528015137,0.5045673847198486,0,6,3,post_calibration
6,2,0,4,60,1,1,1,0.5011854767799377,0.5011854767799377,0.49881449341773987,0.5011854767799377,0,6,3,post_calibration
6,3,0,5,60,0,0,1,0.501779317855835,0.501779317855835,0.501779317855835,0.49822068214416504,0,6,3,post_calibration
6,4,0,6,60,1,1,1,0.5085416436195374,0.5085416436195374,0.49145838618278503,0.5085416436195374,0,6,3,post_calibration
6,5,0,7,60,0,1,0,0.5070927143096924,0.5070927143096924,0.4929072856903076,0.5070927143096924,0,6,3,post_calibration
6,6,0,8,60,0,1,0,0.5077652335166931,0.5077652335166931,0.4922347664833069,0.5077652335166931,0,6,3,post_calibration
6,7,0,9,60,1,1,1,0.5015941262245178,0.5015941262245178,0.49840590357780457,0.5015941262245178,0,6,3,post_calibration
6,8,0,11,60,1,1,1,0.5052715539932251,0.5052715539932251,0.4947284460067749,0.5052715539932251,0,6,3,post_calibration
6,9,0,12,60,1,0,0,0.5018320083618164,0.5018320083618164,0.5018320083618164,0.498168021440506,0,6,3,post_calibration
6,10,0,13,60,1,1,1,0.5095922946929932,0.5095922946929932,0.49040767550468445,0.5095922946929932,0,6,3,post_calibration
6,11,0,14,60,0,1,0,0.5059877634048462,0.5059877634048462,0.4940122663974762,0.5059877634048462,0,6,3,post_calibration
6,12,0,15,60,1,1,1,0.5070053339004517,0.5070053339004517,0.49299463629722595,0.5070053339004517,0,6,3,post_calibration
6,13,0,16,60,0,1,0,0.5064741373062134,0.5064741373062134,0.4935258626937866,0.5064741373062134,0,6,3,post_calibration
6,14,0,17,60,1,1,1,0.5079286694526672,0.5079286694526672,0.492071270942688,0.5079286694526672,0,6,3,post_calibration
7,0,0,0,60,1,1,1,0.5023747086524963,0.5023747086524963,0.49762529134750366,0.5023747086524963,0,1,6,zero_shot_paired
7,1,0,1,60,1,1,1,0.5002135634422302,0.5002135634422302,0.4997864365577698,0.5002135634422302,0,1,6,zero_shot_paired
7,2,0,3,60,1,1,1,0.5102959871292114,0.5102959871292114,0.4897039830684662,0.5102959871292114,0,1,6,zero_shot_paired
7,3,0,5,60,0,0,1,0.5023664832115173,0.5023664832115173,0.5023664832115173,0.49763351678848267,0,1,6,zero_shot_paired
7,4,0,6,60,1,1,1,0.5071298480033875,0.5071298480033875,0.49287012219429016,0.5071298480033875,0,1,6,zero_shot_paired
7,5,0,8,60,0,1,0,0.5068336725234985,0.5068336725234985,0.49316632747650146,0.5068336725234985,0,1,6,zero_shot_paired
7,6,0,9,60,1,1,1,0.5023863315582275,0.5023863315582275,0.49761369824409485,0.5023863315582275,0,1,6,zero_shot_paired
7,7,0,10,60,1,0,0,0.5001325011253357,0.5001325011253357,0.5001325011253357,0.4998674988746643,0,1,6,zero_shot_paired
7,8,0,11,60,1,1,1,0.5051572918891907,0.5051572918891907,0.4948427081108093,0.5051572918891907,0,1,6,zero_shot_paired
7,9,0,14,60,0,1,0,0.5059787034988403,0.5059787034988403,0.49402129650115967,0.5059787034988403,0,1,6,zero_shot_paired
7,10,0,15,60,1,1,1,0.5051987767219543,0.5051987767219543,0.49480122327804565,0.5051987767219543,0,1,6,zero_shot_paired
7,11,0,17,60,1,1,1,0.5065792798995972,0.5065792798995972,0.49342072010040283,0.5065792798995972,0,1,6,zero_shot_paired
7,0,0,0,60,1,1,1,0.5035249590873718,0.5035249590873718,0.4964750409126282,0.5035249590873718,0,1,6,post_calibration
7,1,0,1,60,1,0,0,0.5004671216011047,0.5004671216011047,0.5004671216011047,0.49953287839889526,0,1,6,post_calibration
7,2,0,3,60,1,1,1,0.5101962685585022,0.5101962685585022,0.4898037314414978,0.5101962685585022,0,1,6,post_calibration
7,3,0,5,60,0,0,1,0.5031500458717346,0.5031500458717346,0.5031500458717346,0.496849924325943,0,1,6,post_calibration
7,4,0,6,60,1,1,1,0.5073043704032898,0.5073043704032898,0.4926955997943878,0.5073043704032898,0,1,6,post_calibration
7,5,0,8,60,0,1,0,0.5079045295715332,0.5079045295715332,0.4920954406261444,0.5079045295715332,0,1,6,post_calibration
7,6,0,9,60,1,1,1,0.5033846497535706,0.5033846497535706,0.49661535024642944,0.5033846497535706,0,1,6,post_calibration
7,7,0,10,60,1,0,0,0.500277578830719,0.500277578830719,0.500277578830719,0.4997224509716034,0,1,6,post_calibration
7,8,0,11,60,1,1,1,0.5060425996780396,0.5060425996780396,0.49395740032196045,0.5060425996780396,0,1,6,post_calibration
7,9,0,14,60,0,1,0,0.5075231194496155,0.5075231194496155,0.49247685074806213,0.5075231194496155,0,1,6,post_calibration
7,10,0,15,60,1,1,1,0.5066379308700562,0.5066379308700562,0.49336203932762146,0.5066379308700562,0,1,6,post_calibration
7,11,0,17,60,1,1,1,0.5067658424377441,0.5067658424377441,0.49323415756225586,0.5067658424377441,0,1,6,post_calibration
8,0,0,1,60,1,1,1,0.5002135634422302,0.5002135634422302,0.4997864365577698,0.5002135634422302,0,2,6,zero_shot_paired
8,1,0,2,60,1,1,1,0.5033279657363892,0.5033279657363892,0.49667203426361084,0.5033279657363892,0,2,6,zero_shot_paired
8,2,0,4,60,1,1,1,0.5012855529785156,0.5012855529785156,0.498714417219162,0.5012855529785156,0,2,6,zero_shot_paired
8,3,0,5,60,0,0,1,0.5023664832115173,0.5023664832115173,0.5023664832115173,0.49763351678848267,0,2,6,zero_shot_paired
8,4,0,6,60,1,1,1,0.5071298480033875,0.5071298480033875,0.49287012219429016,0.5071298480033875,0,2,6,zero_shot_paired
8,5,0,7,60,0,1,0,0.5057982206344604,0.5057982206344604,0.49420174956321716,0.5057982206344604,0,2,6,zero_shot_paired
8,6,0,12,60,1,0,0,0.5012563467025757,0.5012563467025757,0.5012563467025757,0.49874362349510193,0,2,6,zero_shot_paired
8,7,0,13,60,1,1,1,0.5088084936141968,0.5088084936141968,0.4911915063858032,0.5088084936141968,0,2,6,zero_shot_paired
8,8,0,14,60,0,1,0,0.5059787034988403,0.5059787034988403,0.49402129650115967,0.5059787034988403,0,2,6,zero_shot_paired
8,9,0,15,60,1,1,1,0.5051987767219543,0.5051987767219543,0.49480122327804565,0.5051987767219543,0,2,6,zero_shot_paired
8,10,0,16,60,0,1,0,0.5048232078552246,0.5048232078552246,0.4951767921447754,0.5048232078552246,0,2,6,zero_shot_paired
8,11,0,17,60,1,1,1,0.5065792798995972,0.5065792798995972,0.49342072010040283,0.5065792798995972,0,2,6,zero_shot_paired
8,0,0,1,60,1,1,1,0.5014122724533081,0.5014122724533081,0.4985877573490143,0.5014122724533081,0,2,6,post_calibration
8,1,0,2,60,1,1,1,0.5061413645744324,0.5061413645744324,0.49385860562324524,0.5061413645744324,0,2,6,post_calibration
8,2,0,4,60,1,1,1,0.502042293548584,0.502042293548584,0.49795764684677124,0.502042293548584,0,2,6,post_calibration
8,3,0,5,60,0,0,1,0.5011056065559387,0.5011056065559387,0.5011056065559387,0.4988943934440613,0,2,6,post_calibration
8,4,0,6,60,1,1,1,0.5082336068153381,0.5082336068153381,0.49176639318466187,0.5082336068153381,0,2,6,post_calibration
8,5,0,7,60,0,1,0,0.5082581639289856,0.5082581639289856,0.4917418658733368,0.5082581639289856,0,2,6,post_calibration
8,6,0,12,60,1,1,1,0.5000341534614563,0.5000341534614563,0.4999658763408661,0.5000341534614563,0,2,6,post_calibration
8,7,0,13,60,1,1,1,0.5100338459014893,0.5100338459014893,0.4899662137031555,0.5100338459014893,0,2,6,post_calibration
8,8,0,14,60,0,1,0,0.507192850112915,0.507192850112915,0.49280714988708496,0.507192850112915,0,2,6,post_calibration
8,9,0,15,60,1,1,1,0.5051831007003784,0.5051831007003784,0.4948168992996216,0.5051831007003784,0,2,6,post_calibration
8,10,0,16,60,0,1,0,0.5053119659423828,0.5053119659423828,0.4946880042552948,0.5053119659423828,0,2,6,post_calibration
8,11,0,17,60,1,1,1,0.5069988369941711,0.5069988369941711,0.49300113320350647,0.5069988369941711,0,2,6,post_calibration
9,0,0,0,60,1,1,1,0.5023747086524963,0.5023747086524963,0.49762529134750366,0.5023747086524963,0,3,6,zero_shot_paired
9,1,0,2,60,1,1,1,0.5033279657363892,0.5033279657363892,0.49667203426361084,0.5033279657363892,0,3,6,zero_shot_paired
9,2,0,3,60,1,1,1,0.5102959871292114,0.5102959871292114,0.4897039830684662,0.5102959871292114,0,3,6,zero_shot_paired
9,3,0,4,60,1,1,1,0.5012855529785156,0.5012855529785156,0.498714417219162,0.5012855529785156,0,3,6,zero_shot_paired
9,4,0,7,60,0,1,0,0.5057982206344604,0.5057982206344604,0.49420174956321716,0.5057982206344604,0,3,6,zero_shot_paired
9,5,0,8,60,0,1,0,0.5068336725234985,0.5068336725234985,0.49316632747650146,0.5068336725234985,0,3,6,zero_shot_paired
9,6,0,9,60,1,1,1,0.5023863315582275,0.5023863315582275,0.49761369824409485,0.5023863315582275,0,3,6,zero_shot_paired
9,7,0,10,60,1,0,0,0.5001325011253357,0.5001325011253357,0.5001325011253357,0.4998674988746643,0,3,6,zero_shot_paired
9,8,0,11,60,1,1,1,0.5051572918891907,0.5051572918891907,0.4948427081108093,0.5051572918891907,0,3,6,zero_shot_paired
9,9,0,12,60,1,0,0,0.5012563467025757,0.5012563467025757,0.5012563467025757,0.49874362349510193,0,3,6,zero_shot_paired
9,10,0,13,60,1,1,1,0.5088084936141968,0.5088084936141968,0.4911915063858032,0.5088084936141968,0,3,6,zero_shot_paired
9,11,0,16,60,0,1,0,0.5048232078552246,0.5048232078552246,0.4951767921447754,0.5048232078552246,0,3,6,zero_shot_paired
9,0,0,0,60,1,1,1,0.5028355717658997,0.5028355717658997,0.49716442823410034,0.5028355717658997,0,3,6,post_calibration
9,1,0,2,60,1,1,1,0.503913164138794,0.503913164138794,0.49608680605888367,0.503913164138794,0,3,6,post_calibration
9,2,0,3,60,1,1,1,0.5113605856895447,0.5113605856895447,0.48863935470581055,0.5113605856895447,0,3,6,post_calibration
9,3,0,4,60,1,1,1,0.5014183521270752,0.5014183521270752,0.4985816478729248,0.5014183521270752,0,3,6,post_calibration
9,4,0,7,60,0,1,0,0.5061754584312439,0.5061754584312439,0.4938245117664337,0.5061754584312439,0,3,6,post_calibration
9,5,0,8,60,0,1,0,0.5073649287223816,0.5073649287223816,0.4926350712776184,0.5073649287223816,0,3,6,post_calibration
9,6,0,9,60,1,1,1,0.5015440583229065,0.5015440583229065,0.4984559118747711,0.5015440583229065,0,3,6,post_calibration
9,7,0,10,60,1,0,0,0.501163899898529,0.501163899898529,0.501163899898529,0.49883604049682617,0,3,6,post_calibration
9,8,0,11,60,1,1,1,0.505267322063446,0.505267322063446,0.4947326183319092,0.505267322063446,0,3,6,post_calibration
9,9,0,12,60,1,0,0,0.5017850995063782,0.5017850995063782,0.5017850995063782,0.4982149004936218,0,3,6,post_calibration
9,10,0,13,60,1,1,1,0.509443461894989,0.509443461894989,0.4905565679073334,0.509443461894989,0,3,6,post_calibration
9,11,0,16,60,0,1,0,0.5054776072502136,0.5054776072502136,0.494522362947464,0.5054776072502136,0,3,6,post_calibration
10,0,0,0,60,1,1,1,0.5023746490478516,0.5023746490478516,0.49762529134750366,0.5023746490478516,0,1,9,zero_shot_paired
10,1,0,1,60,1,1,1,0.500213623046875,0.500213623046875,0.499786376953125,0.500213623046875,0,1,9,zero_shot_paired
10,2,0,3,60,1,1,1,0.5102962255477905,0.5102962255477905,0.4897037744522095,0.5102962255477905,0,1,9,zero_shot_paired
10,3,0,4,60,1,1,1,0.5012854933738708,0.5012854933738708,0.4987144470214844,0.5012854933738708,0,1,9,zero_shot_paired
10,4,0,5,60,0,0,1,0.5023664236068726,0.5023664236068726,0.5023664236068726,0.49763354659080505,0,1,9,zero_shot_paired
10,5,0,9,60,1,1,1,0.502386212348938,0.502386212348938,0.4976138174533844,0.502386212348938,0,1,9,zero_shot_paired
10,6,0,10,60,1,0,0,0.5001323819160461,0.5001323819160461,0.5001323819160461,0.49986761808395386,0,1,9,zero_shot_paired
10,7,0,11,60,1,1,1,0.5051572918891907,0.5051572918891907,0.49484267830848694,0.5051572918891907,0,1,9,zero_shot_paired
10,8,0,16,60,0,1,0,0.5048231482505798,0.5048231482505798,0.49517685174942017,0.5048231482505798,0,1,9,zero_shot_paired
10,0,0,0,60,1,1,1,0.5025779604911804,0.5025779604911804,0.49742206931114197,0.5025779604911804,0,1,9,post_calibration
10,1,0,1,60,1,1,1,0.5006948709487915,0.5006948709487915,0.4993050992488861,0.5006948709487915,0,1,9,post_calibration
10,2,0,3,60,1,1,1,0.5103005170822144,0.5103005170822144,0.48969948291778564,0.5103005170822144,0,1,9,post_calibration
10,3,0,4,60,1,1,1,0.5009996891021729,0.5009996891021729,0.49900028109550476,0.5009996891021729,0,1,9,post_calibration
10,4,0,5,60,0,0,1,0.5020668506622314,0.5020668506622314,0.5020668506622314,0.49793311953544617,0,1,9,post_calibration
10,5,0,9,60,1,1,1,0.5027434825897217,0.5027434825897217,0.4972565472126007,0.5027434825897217,0,1,9,post_calibration
10,6,0,10,60,1,1,1,0.5001289248466492,0.5001289248466492,0.4998711049556732,0.5001289248466492,0,1,9,post_calibration
10,7,0,11,60,1,1,1,0.504988431930542,0.504988431930542,0.4950116276741028,0.504988431930542,0,1,9,post_calibration
10,8,0,16,60,0,1,0,0.5055949091911316,0.5055949091911316,0.4944050908088684,0.5055949091911316,0,1,9,post_calibration
11,0,0,2,60,1,1,1,0.5033280849456787,0.5033280849456787,0.4966719448566437,0.5033280849456787,0,2,9,zero_shot_paired
11,1,0,6,60,1,1,1,0.507129967212677,0.507129967212677,0.4928700029850006,0.507129967212677,0,2,9,zero_shot_paired
11,2,0,7,60,0,1,0,0.5057982802391052,0.5057982802391052,0.49420174956321716,0.5057982802391052,0,2,9,zero_shot_paired
11,3,0,8,60,0,1,0,0.5068336725234985,0.5068336725234985,0.4931662976741791,0.5068336725234985,0,2,9,zero_shot_paired
11,4,0,12,60,1,0,0,0.5012563467025757,0.5012563467025757,0.5012563467025757,0.49874362349510193,0,2,9,zero_shot_paired
11,5,0,13,60,1,1,1,0.5088085532188416,0.5088085532188416,0.49119141697883606,0.5088085532188416,0,2,9,zero_shot_paired
11,6,0,14,60,0,1,0,0.5059787631034851,0.5059787631034851,0.4940212666988373,0.5059787631034851,0,2,9,zero_shot_paired
11,7,0,15,60,1,1,1,0.5051986575126648,0.5051986575126648,0.4948013424873352,0.5051986575126648,0,2,9,zero_shot_paired
11,8,0,17,60,1,1,1,0.5065793395042419,0.5065793395042419,0.49342072010040283,0.5065793395042419,0,2,9,zero_shot_paired
11,0,0,2,60,1,1,1,0.5049233436584473,0.5049233436584473,0.49507665634155273,0.5049233436584473,0,2,9,post_calibration
11,1,0,6,60,1,1,1,0.5077942609786987,0.5077942609786987,0.49220576882362366,0.5077942609786987,0,2,9,post_calibration
11,2,0,7,60,0,1,0,0.5068302750587463,0.5068302750587463,0.49316972494125366,0.5068302750587463,0,2,9,post_calibration
11,3,0,8,60,0,1,0,0.5083290934562683,0.5083290934562683,0.49167096614837646,0.5083290934562683,0,2,9,post_calibration
11,4,0,12,60,1,0,0,0.5007836818695068,0.5007836818695068,0.5007836818695068,0.49921631813049316,0,2,9,post_calibration
11,5,0,13,60,1,1,1,0.5094437599182129,0.5094437599182129,0.4905562698841095,0.5094437599182129,0,2,9,post_calibration
11,6,0,14,60,0,1,0,0.50703364610672,0.50703364610672,0.4929663836956024,0.50703364610672,0,2,9,post_calibration
11,7,0,15,60,1,1,1,0.5045005679130554,0.5045005679130554,0.4954994320869446,0.5045005679130554,0,2,9,post_calibration
11,8,0,17,60,1,1,1,0.5064690709114075,0.5064690709114075,0.49353092908859253,0.5064690709114075,0,2,9,post_calibration
12,0,0,3,60,1,1,1,0.5102940797805786,0.5102940797805786,0.4897059500217438,0.5102940797805786,0,1,12,zero_shot_paired
12,1,0,4,60,1,1,1,0.5012849569320679,0.5012849569320679,0.49871498346328735,0.5012849569320679,0,1,12,zero_shot_paired
12,2,0,9,60,1,1,1,0.5023840069770813,0.5023840069770813,0.4976159930229187,0.5023840069770813,0,1,12,zero_shot_paired
12,3,0,10,60,1,0,0,0.5001319646835327,0.5001319646835327,0.5001319646835327,0.4998680651187897,0,1,12,zero_shot_paired
12,4,0,14,60,0,1,0,0.5059794783592224,0.5059794783592224,0.4940205216407776,0.5059794783592224,0,1,12,zero_shot_paired
12,5,0,16,60,0,1,0,0.50482177734375,0.50482177734375,0.49517822265625,0.50482177734375,0,1,12,zero_shot_paired
12,0,0,3,60,1,1,1,0.5121490955352783,0.5121490955352783,0.4878509044647217,0.5121490955352783,0,1,12,post_calibration
12,1,0,4,60,1,1,1,0.5015631914138794,0.5015631914138794,0.4984368085861206,0.5015631914138794,0,1,12,post_calibration
12,2,0,9,60,1,1,1,0.5033152103424072,0.5033152103424072,0.4966847598552704,0.5033152103424072,0,1,12,post_calibration
12,3,0,10,60,1,0,0,0.5004377365112305,0.5004377365112305,0.5004377365112305,0.49956220388412476,0,1,12,post_calibration
12,4,0,14,60,0,1,0,0.5067718625068665,0.5067718625068665,0.49322810769081116,0.5067718625068665,0,1,12,post_calibration
12,5,0,16,60,0,1,0,0.5064471960067749,0.5064471960067749,0.4935528039932251,0.5064471960067749,0,1,12,post_calibration
13,0,0,0,60,1,1,1,0.5023747086524963,0.5023747086524963,0.49762529134750366,0.5023747086524963,0,2,12,zero_shot_paired
13,1,0,4,60,1,1,1,0.5012849569320679,0.5012849569320679,0.49871498346328735,0.5012849569320679,0,2,12,zero_shot_paired
13,2,0,5,60,0,0,1,0.5023661851882935,0.5023661851882935,0.5023661851882935,0.49763378500938416,0,2,12,zero_shot_paired
13,3,0,12,60,1,0,0,0.5012557506561279,0.5012557506561279,0.5012557506561279,0.4987442195415497,0,2,12,zero_shot_paired
13,4,0,14,60,0,1,0,0.5059794783592224,0.5059794783592224,0.4940205216407776,0.5059794783592224,0,2,12,zero_shot_paired
13,5,0,17,60,1,1,1,0.5065802335739136,0.5065802335739136,0.49341973662376404,0.5065802335739136,0,2,12,zero_shot_paired
13,0,0,0,60,1,1,1,0.5036847591400146,0.5036847591400146,0.49631524085998535,0.5036847591400146,0,2,12,post_calibration
13,1,0,4,60,1,1,1,0.5018114447593689,0.5018114447593689,0.4981886148452759,0.5018114447593689,0,2,12,post_calibration
13,2,0,5,60,0,0,1,0.5017402768135071,0.5017402768135071,0.5017402768135071,0.49825966358184814,0,2,12,post_calibration
13,3,0,12,60,1,0,0,0.50056391954422,0.50056391954422,0.50056391954422,0.4994361102581024,0,2,12,post_calibration
13,4,0,14,60,0,1,0,0.507554829120636,0.507554829120636,0.4924452304840088,0.507554829120636,0,2,12,post_calibration
13,5,0,17,60,1,1,1,0.5070184469223022,0.5070184469223022,0.49298158288002014,0.5070184469223022,0,2,12,post_calibration
14,0,0,1,60,1,1,1,0.5002139210700989,0.5002139210700989,0.4997861087322235,0.5002139210700989,0,3,12,zero_shot_paired
14,1,0,2,60,1,1,1,0.5033274292945862,0.5033274292945862,0.4966725707054138,0.5033274292945862,0,3,12,zero_shot_paired
14,2,0,7,60,0,1,0,0.505800724029541,0.505800724029541,0.49419930577278137,0.505800724029541,0,3,12,zero_shot_paired
14,3,0,10,60,1,0,0,0.5001319646835327,0.5001319646835327,0.5001319646835327,0.4998680651187897,0,3,12,zero_shot_paired
14,4,0,11,60,1,1,1,0.5051568150520325,0.5051568150520325,0.4948432147502899,0.5051568150520325,0,3,12,zero_shot_paired
14,5,0,16,60,0,1,0,0.50482177734375,0.50482177734375,0.49517822265625,0.50482177734375,0,3,12,zero_shot_paired
14,0,0,1,60,1,1,1,0.5003235340118408,0.5003235340118408,0.49967652559280396,0.5003235340118408,0,3,12,post_calibration
14,1,0,2,60,1,1,1,0.5042844414710999,0.5042844414710999,0.49571555852890015,0.5042844414710999,0,3,12,post_calibration
14,2,0,7,60,0,1,0,0.5069452524185181,0.5069452524185181,0.49305468797683716,0.5069452524185181,0,3,12,post_calibration
14,3,0,10,60,1,0,0,0.5009058713912964,0.5009058713912964,0.5009058713912964,0.4990941286087036,0,3,12,post_calibration
14,4,0,11,60,1,1,1,0.5064781308174133,0.5064781308174133,0.4935218393802643,0.5064781308174133,0,3,12,post_calibration
14,5,0,16,60,0,1,0,0.5059074759483337,0.5059074759483337,0.49409249424934387,0.5059074759483337,0,3,12,post_calibration
2,0,1,0,60,1,1,1,0.5000159740447998,0.5000159740447998,0.4999840557575226,0.5000159740447998,1,,,zero_shot_all_trials
2,1,1,1,60,0,0,1,0.5035012364387512,0.5035012364387512,0.5035012364387512,0.496498703956604,1,,,zero_shot_all_trials
2,2,1,2,60,1,0,0,0.5030584335327148,0.5030584335327148,0.5030584335327148,0.49694153666496277,1,,,zero_shot_all_trials
2,3,1,3,60,0,0,1,0.5017691850662231,0.5017691850662231,0.5017691850662231,0.49823081493377686,1,,,zero_shot_all_trials
2,4,1,4,60,0,0,1,0.5029894113540649,0.5029894113540649,0.5029894113540649,0.49701058864593506,1,,,zero_shot_all_trials
2,5,1,5,60,0,0,1,0.5011500120162964,0.5011500120162964,0.5011500120162964,0.4988499581813812,1,,,zero_shot_all_trials
2,6,1,6,60,1,0,0,0.501760721206665,0.501760721206665,0.501760721206665,0.49823927879333496,1,,,zero_shot_all_trials
2,7,1,7,60,0,1,0,0.5004047751426697,0.5004047751426697,0.4995952248573303,0.5004047751426697,1,,,zero_shot_all_trials
2,8,1,8,60,0,0,1,0.5011289715766907,0.5011289715766907,0.5011289715766907,0.4988710284233093,1,,,zero_shot_all_trials
2,9,1,9,60,0,0,1,0.5028237700462341,0.5028237700462341,0.5028237700462341,0.49717622995376587,1,,,zero_shot_all_trials
2,10,1,10,60,1,1,1,0.5025085210800171,0.5025085210800171,0.4974915087223053,0.5025085210800171,1,,,zero_shot_all_trials
2,11,1,11,60,1,0,0,0.5010884404182434,0.5010884404182434,0.5010884404182434,0.4989115595817566,1,,,zero_shot_all_trials
2,12,1,12,60,1,0,0,0.5024226903915405,0.5024226903915405,0.5024226903915405,0.49757733941078186,1,,,zero_shot_all_trials
2,13,1,13,60,0,0,1,0.5011181831359863,0.5011181831359863,0.5011181831359863,0.49888184666633606,1,,,zero_shot_all_trials
2,14,1,14,60,0,0,1,0.5008912086486816,0.5008912086486816,0.5008912086486816,0.49910879135131836,1,,,zero_shot_all_trials
2,15,1,15,60,0,0,1,0.502900242805481,0.502900242805481,0.502900242805481,0.49709978699684143,1,,,zero_shot_all_trials
2,16,1,16,60,0,0,1,0.5016979575157166,0.5016979575157166,0.5016979575157166,0.49830204248428345,1,,,zero_shot_all_trials
2,17,1,17,60,1,0,0,0.5033362507820129,0.5033362507820129,0.5033362507820129,0.49666374921798706,1,,,zero_shot_all_trials
15,0,1,0,60,1,1,1,0.5000163316726685,0.5000163316726685,0.49998369812965393,0.5000163316726685,1,1,3,zero_shot_paired
15,1,1,1,60,0,0,1,0.5035012364387512,0.5035012364387512,0.5035012364387512,0.496498703956604,1,1,3,zero_shot_paired
15,2,1,2,60,1,0,0,0.5030585527420044,0.5030585527420044,0.5030585527420044,0.4969414174556732,1,1,3,zero_shot_paired
15,3,1,3,60,0,0,1,0.5017693042755127,0.5017693042755127,0.5017693042755127,0.4982306957244873,1,1,3,zero_shot_paired
15,4,1,4,60,0,0,1,0.5029895305633545,0.5029895305633545,0.5029895305633545,0.4970104694366455,1,1,3,zero_shot_paired
15,5,1,5,60,0,0,1,0.5011498928070068,0.5011498928070068,0.5011498928070068,0.49885010719299316,1,1,3,zero_shot_paired
15,6,1,6,60,1,0,0,0.5017608404159546,0.5017608404159546,0.5017608404159546,0.4982392191886902,1,1,3,zero_shot_paired
15,7,1,9,60,0,0,1,0.5028237700462341,0.5028237700462341,0.5028237700462341,0.49717625975608826,1,1,3,zero_shot_paired
15,8,1,11,60,1,0,0,0.5010885000228882,0.5010885000228882,0.5010885000228882,0.4989115595817566,1,1,3,zero_shot_paired
15,9,1,12,60,1,0,0,0.5024227499961853,0.5024227499961853,0.5024227499961853,0.4975772202014923,1,1,3,zero_shot_paired
15,10,1,13,60,0,0,1,0.5011182427406311,0.5011182427406311,0.5011182427406311,0.4988817870616913,1,1,3,zero_shot_paired
15,11,1,14,60,0,0,1,0.5008912086486816,0.5008912086486816,0.5008912086486816,0.49910879135131836,1,1,3,zero_shot_paired
15,12,1,15,60,0,0,1,0.5029003024101257,0.5029003024101257,0.5029003024101257,0.49709975719451904,1,1,3,zero_shot_paired
15,13,1,16,60,0,0,1,0.5016979575157166,0.5016979575157166,0.5016979575157166,0.49830204248428345,1,1,3,zero_shot_paired
15,14,1,17,60,1,0,0,0.5033363103866577,0.5033363103866577,0.5033363103866577,0.4966637194156647,1,1,3,zero_shot_paired
15,0,1,0,60,1,0,0,0.500125527381897,0.500125527381897,0.500125527381897,0.499874472618103,1,1,3,post_calibration
15,1,1,1,60,0,0,1,0.5038723945617676,0.5038723945617676,0.5038723945617676,0.4961276054382324,1,1,3,post_calibration
15,2,1,2,60,1,0,0,0.5028826594352722,0.5028826594352722,0.5028826594352722,0.49711737036705017,1,1,3,post_calibration
15,3,1,3,60,0,0,1,0.5012998580932617,0.5012998580932617,0.5012998580932617,0.4987001419067383,1,1,3,post_calibration
15,4,1,4,60,0,0,1,0.5025686621665955,0.5025686621665955,0.5025686621665955,0.49743127822875977,1,1,3,post_calibration
15,5,1,5,60,0,0,1,0.5011366605758667,0.5011366605758667,0.5011366605758667,0.4988633096218109,1,1,3,post_calibration
15,6,1,6,60,1,0,0,0.5027916431427002,0.5027916431427002,0.5027916431427002,0.4972083866596222,1,1,3,post_calibration
15,7,1,9,60,0,0,1,0.5024929046630859,0.5024929046630859,0.5024929046630859,0.4975070357322693,1,1,3,post_calibration
15,8,1,11,60,1,0,0,0.5012068152427673,0.5012068152427673,0.5012068152427673,0.4987931549549103,1,1,3,post_calibration
15,9,1,12,60,1,0,0,0.5023623108863831,0.5023623108863831,0.5023623108863831,0.49763765931129456,1,1,3,post_calibration
15,10,1,13,60,0,0,1,0.5002809166908264,0.5002809166908264,0.5002809166908264,0.49971914291381836,1,1,3,post_calibration
15,11,1,14,60,0,0,1,0.5007349848747253,0.5007349848747253,0.5007349848747253,0.49926498532295227,1,1,3,post_calibration
15,12,1,15,60,0,0,1,0.5023910403251648,0.5023910403251648,0.5023910403251648,0.4976089894771576,1,1,3,post_calibration
15,13,1,16,60,0,0,1,0.5018733143806458,0.5018733143806458,0.5018733143806458,0.4981266260147095,1,1,3,post_calibration
15,14,1,17,60,1,0,0,0.5033168792724609,0.5033168792724609,0.5033168792724609,0.49668315052986145,1,1,3,post_calibration
16,0,1,0,60,1,1,1,0.5000163316726685,0.5000163316726685,0.49998369812965393,0.5000163316726685,1,2,3,zero_shot_paired
16,1,1,1,60,0,0,1,0.5035012364387512,0.5035012364387512,0.5035012364387512,0.496498703956604,1,2,3,zero_shot_paired
16,2,1,4,60,0,0,1,0.5029895305633545,0.5029895305633545,0.5029895305633545,0.4970104694366455,1,2,3,zero_shot_paired
16,3,1,6,60,1,0,0,0.5017608404159546,0.5017608404159546,0.5017608404159546,0.4982392191886902,1,2,3,zero_shot_paired
16,4,1,7,60,0,1,0,0.5004048943519592,0.5004048943519592,0.49959510564804077,0.5004048943519592,1,2,3,zero_shot_paired
16,5,1,8,60,0,0,1,0.5011290907859802,0.5011290907859802,0.5011290907859802,0.49887096881866455,1,2,3,zero_shot_paired
16,6,1,9,60,0,0,1,0.5028237700462341,0.5028237700462341,0.5028237700462341,0.49717625975608826,1,2,3,zero_shot_paired
16,7,1,10,60,1,1,1,0.5025086998939514,0.5025086998939514,0.49749132990837097,0.5025086998939514,1,2,3,zero_shot_paired
16,8,1,11,60,1,0,0,0.5010885000228882,0.5010885000228882,0.5010885000228882,0.4989115595817566,1,2,3,zero_shot_paired
16,9,1,12,60,1,0,0,0.5024227499961853,0.5024227499961853,0.5024227499961853,0.4975772202014923,1,2,3,zero_shot_paired
16,10,1,13,60,0,0,1,0.5011182427406311,0.5011182427406311,0.5011182427406311,0.4988817870616913,1,2,3,zero_shot_paired
16,11,1,14,60,0,0,1,0.5008912086486816,0.5008912086486816,0.5008912086486816,0.49910879135131836,1,2,3,zero_shot_paired
16,12,1,15,60,0,0,1,0.5029003024101257,0.5029003024101257,0.5029003024101257,0.49709975719451904,1,2,3,zero_shot_paired
16,13,1,16,60,0,0,1,0.5016979575157166,0.5016979575157166,0.5016979575157166,0.49830204248428345,1,2,3,zero_shot_paired
16,14,1,17,60,1,0,0,0.5033363103866577,0.5033363103866577,0.5033363103866577,0.4966637194156647,1,2,3,zero_shot_paired
16,0,1,0,60,1,0,0,0.5006586909294128,0.5006586909294128,0.5006586909294128,0.49934130907058716,1,2,3,post_calibration
16,1,1,1,60,0,0,1,0.5031722784042358,0.5031722784042358,0.5031722784042358,0.49682772159576416,1,2,3,post_calibration
16,2,1,4,60,0,0,1,0.5027347803115845,0.5027347803115845,0.5027347803115845,0.4972652792930603,1,2,3,post_calibration
16,3,1,6,60,1,0,0,0.5014116168022156,0.5014116168022156,0.5014116168022156,0.4985884130001068,1,2,3,post_calibration
16,4,1,7,60,0,1,0,0.500426173210144,0.500426173210144,0.49957379698753357,0.500426173210144,1,2,3,post_calibration
16,5,1,8,60,0,0,1,0.5006117224693298,0.5006117224693298,0.5006117224693298,0.49938830733299255,1,2,3,post_calibration
16,6,1,9,60,0,0,1,0.5026723742485046,0.5026723742485046,0.5026723742485046,0.49732762575149536,1,2,3,post_calibration
16,7,1,10,60,1,1,1,0.5024212598800659,0.5024212598800659,0.4975787103176117,0.5024212598800659,1,2,3,post_calibration
16,8,1,11,60,1,0,0,0.5013211965560913,0.5013211965560913,0.5013211965560913,0.4986788034439087,1,2,3,post_calibration
16,9,1,12,60,1,0,0,0.5026712417602539,0.5026712417602539,0.5026712417602539,0.4973287284374237,1,2,3,post_calibration
16,10,1,13,60,0,0,1,0.5015797019004822,0.5015797019004822,0.5015797019004822,0.49842023849487305,1,2,3,post_calibration
16,11,1,14,60,0,0,1,0.5010654330253601,0.5010654330253601,0.5010654330253601,0.4989345669746399,1,2,3,post_calibration
16,12,1,15,60,0,0,1,0.5027523040771484,0.5027523040771484,0.5027523040771484,0.4972476661205292,1,2,3,post_calibration
16,13,1,16,60,0,0,1,0.5011841058731079,0.5011841058731079,0.5011841058731079,0.4988159239292145,1,2,3,post_calibration
16,14,1,17,60,1,0,0,0.5036084055900574,0.5036084055900574,0.5036084055900574,0.496391624212265,1,2,3,post_calibration
17,0,1,0,60,1,1,1,0.5000163316726685,0.5000163316726685,0.49998369812965393,0.5000163316726685,1,3,3,zero_shot_paired
17,1,1,2,60,1,0,0,0.5030585527420044,0.5030585527420044,0.5030585527420044,0.4969414174556732,1,3,3,zero_shot_paired
17,2,1,3,60,0,0,1,0.5017693042755127,0.5017693042755127,0.5017693042755127,0.4982306957244873,1,3,3,zero_shot_paired
17,3,1,4,60,0,0,1,0.5029895305633545,0.5029895305633545,0.5029895305633545,0.4970104694366455,1,3,3,zero_shot_paired
17,4,1,5,60,0,0,1,0.5011498928070068,0.5011498928070068,0.5011498928070068,0.49885010719299316,1,3,3,zero_shot_paired
17,5,1,6,60,1,0,0,0.5017608404159546,0.5017608404159546,0.5017608404159546,0.4982392191886902,1,3,3,zero_shot_paired
17,6,1,7,60,0,1,0,0.5004048943519592,0.5004048943519592,0.49959510564804077,0.5004048943519592,1,3,3,zero_shot_paired
17,7,1,8,60,0,0,1,0.5011290907859802,0.5011290907859802,0.5011290907859802,0.49887096881866455,1,3,3,zero_shot_paired
17,8,1,9,60,0,0,1,0.5028237700462341,0.5028237700462341,0.5028237700462341,0.49717625975608826,1,3,3,zero_shot_paired
17,9,1,10,60,1,1,1,0.5025086998939514,0.5025086998939514,0.49749132990837097,0.5025086998939514,1,3,3,zero_shot_paired
17,10,1,13,60,0,0,1,0.5011182427406311,0.5011182427406311,0.5011182427406311,0.4988817870616913,1,3,3,zero_shot_paired
17,11,1,14,60,0,0,1,0.5008912086486816,0.5008912086486816,0.5008912086486816,0.49910879135131836,1,3,3,zero_shot_paired
17,12,1,15,60,0,0,1,0.5029003024101257,0.5029003024101257,0.5029003024101257,0.49709975719451904,1,3,3,zero_shot_paired
17,13,1,16,60,0,0,1,0.5016979575157166,0.5016979575157166,0.5016979575157166,0.49830204248428345,1,3,3,zero_shot_paired
17,14,1,17,60,1,0,0,0.5033363103866577,0.5033363103866577,0.5033363103866577,0.4966637194156647,1,3,3,zero_shot_paired
17,0,1,0,60,1,1,1,0.5008807182312012,0.5008807182312012,0.4991193115711212,0.5008807182312012,1,3,3,post_calibration
17,1,1,2,60,1,0,0,0.5030432939529419,0.5030432939529419,0.5030432939529419,0.4969566762447357,1,3,3,post_calibration
17,2,1,3,60,0,0,1,0.5014350414276123,0.5014350414276123,0.5014350414276123,0.4985649883747101,1,3,3,post_calibration
17,3,1,4,60,0,0,1,0.503022313117981,0.503022313117981,0.503022313117981,0.49697771668434143,1,3,3,post_calibration
17,4,1,5,60,0,0,1,0.5016404986381531,0.5016404986381531,0.5016404986381531,0.4983595311641693,1,3,3,post_calibration
17,5,1,6,60,1,0,0,0.5023788809776306,0.5023788809776306,0.5023788809776306,0.497621089220047,1,3,3,post_calibration
17,6,1,7,60,0,0,1,0.5003748536109924,0.5003748536109924,0.5003748536109924,0.49962520599365234,1,3,3,post_calibration
17,7,1,8,60,0,0,1,0.501250684261322,0.501250684261322,0.501250684261322,0.4987492859363556,1,3,3,post_calibration
17,8,1,9,60,0,0,1,0.5026848912239075,0.5026848912239075,0.5026848912239075,0.49731510877609253,1,3,3,post_calibration
17,9,1,10,60,1,1,1,0.5024302005767822,0.5024302005767822,0.49756982922554016,0.5024302005767822,1,3,3,post_calibration
17,10,1,13,60,0,0,1,0.5009849071502686,0.5009849071502686,0.5009849071502686,0.49901506304740906,1,3,3,post_calibration
17,11,1,14,60,0,0,1,0.5011759996414185,0.5011759996414185,0.5011759996414185,0.49882394075393677,1,3,3,post_calibration
17,12,1,15,60,0,0,1,0.5022021532058716,0.5022021532058716,0.5022021532058716,0.49779781699180603,1,3,3,post_calibration
17,13,1,16,60,0,0,1,0.5025590658187866,0.5025590658187866,0.5025590658187866,0.4974409341812134,1,3,3,post_calibration
17,14,1,17,60,1,0,0,0.503460705280304,0.503460705280304,0.503460705280304,0.49653926491737366,1,3,3,post_calibration
18,0,1,0,60,1,1,1,0.5000163316726685,0.5000163316726685,0.49998369812965393,0.5000163316726685,1,4,3,zero_shot_paired
18,1,1,1,60,0,0,1,0.5035012364387512,0.5035012364387512,0.5035012364387512,0.496498703956604,1,4,3,zero_shot_paired
18,2,1,2,60,1,0,0,0.5030585527420044,0.5030585527420044,0.5030585527420044,0.4969414174556732,1,4,3,zero_shot_paired
18,3,1,3,60,0,0,1,0.5017693042755127,0.5017693042755127,0.5017693042755127,0.4982306957244873,1,4,3,zero_shot_paired
18,4,1,4,60,0,0,1,0.5029895305633545,0.5029895305633545,0.5029895305633545,0.4970104694366455,1,4,3,zero_shot_paired
18,5,1,5,60,0,0,1,0.5011498928070068,0.5011498928070068,0.5011498928070068,0.49885010719299316,1,4,3,zero_shot_paired
18,6,1,6,60,1,0,0,0.5017608404159546,0.5017608404159546,0.5017608404159546,0.4982392191886902,1,4,3,zero_shot_paired
18,7,1,7,60,0,1,0,0.5004048943519592,0.5004048943519592,0.49959510564804077,0.5004048943519592,1,4,3,zero_shot_paired
18,8,1,8,60,0,0,1,0.5011290907859802,0.5011290907859802,0.5011290907859802,0.49887096881866455,1,4,3,zero_shot_paired
18,9,1,10,60,1,1,1,0.5025086998939514,0.5025086998939514,0.49749132990837097,0.5025086998939514,1,4,3,zero_shot_paired
18,10,1,11,60,1,0,0,0.5010885000228882,0.5010885000228882,0.5010885000228882,0.4989115595817566,1,4,3,zero_shot_paired
18,11,1,12,60,1,0,0,0.5024227499961853,0.5024227499961853,0.5024227499961853,0.4975772202014923,1,4,3,zero_shot_paired
18,12,1,13,60,0,0,1,0.5011182427406311,0.5011182427406311,0.5011182427406311,0.4988817870616913,1,4,3,zero_shot_paired
18,13,1,14,60,0,0,1,0.5008912086486816,0.5008912086486816,0.5008912086486816,0.49910879135131836,1,4,3,zero_shot_paired
18,14,1,16,60,0,0,1,0.5016979575157166,0.5016979575157166,0.5016979575157166,0.49830204248428345,1,4,3,zero_shot_paired
18,0,1,0,60,1,0,0,0.5000792145729065,0.5000792145729065,0.5000792145729065,0.4999208152294159,1,4,3,post_calibration
18,1,1,1,60,0,0,1,0.5035319924354553,0.5035319924354553,0.5035319924354553,0.4964680075645447,1,4,3,post_calibration
18,2,1,2,60,1,0,0,0.5034650564193726,0.5034650564193726,0.5034650564193726,0.49653497338294983,1,4,3,post_calibration
18,3,1,3,60,0,0,1,0.5013631582260132,0.5013631582260132,0.5013631582260132,0.4986368417739868,1,4,3,post_calibration
18,4,1,4,60,0,0,1,0.5029691457748413,0.5029691457748413,0.5029691457748413,0.4970308542251587,1,4,3,post_calibration
18,5,1,5,60,0,0,1,0.5006550550460815,0.5006550550460815,0.5006550550460815,0.4993448853492737,1,4,3,post_calibration
18,6,1,6,60,1,0,0,0.5018594264984131,0.5018594264984131,0.5018594264984131,0.4981406331062317,1,4,3,post_calibration
18,7,1,7,60,0,1,0,0.5003641247749329,0.5003641247749329,0.49963587522506714,0.5003641247749329,1,4,3,post_calibration
18,8,1,8,60,0,0,1,0.5013182163238525,0.5013182163238525,0.5013182163238525,0.49868178367614746,1,4,3,post_calibration
18,9,1,10,60,1,1,1,0.5020539164543152,0.5020539164543152,0.4979460537433624,0.5020539164543152,1,4,3,post_calibration
18,10,1,11,60,1,0,0,0.5015716552734375,0.5015716552734375,0.5015716552734375,0.4984283447265625,1,4,3,post_calibration
18,11,1,12,60,1,0,0,0.5021227598190308,0.5021227598190308,0.5021227598190308,0.4978772699832916,1,4,3,post_calibration
18,12,1,13,60,0,0,1,0.5014973878860474,0.5014973878860474,0.5014973878860474,0.49850258231163025,1,4,3,post_calibration
18,13,1,14,60,0,0,1,0.5009602904319763,0.5009602904319763,0.5009602904319763,0.49903973937034607,1,4,3,post_calibration
18,14,1,16,60,0,0,1,0.5023925304412842,0.5023925304412842,0.5023925304412842,0.4976074993610382,1,4,3,post_calibration
19,0,1,0,60,1,1,1,0.5000163316726685,0.5000163316726685,0.49998369812965393,0.5000163316726685,1,5,3,zero_shot_paired
19,1,1,1,60,0,0,1,0.5035012364387512,0.5035012364387512,0.5035012364387512,0.496498703956604,1,5,3,zero_shot_paired
19,2,1,2,60,1,0,0,0.5030585527420044,0.5030585527420044,0.5030585527420044,0.4969414174556732,1,5,3,zero_shot_paired
19,3,1,3,60,0,0,1,0.5017693042755127,0.5017693042755127,0.5017693042755127,0.4982306957244873,1,5,3,zero_shot_paired
19,4,1,4,60,0,0,1,0.5029895305633545,0.5029895305633545,0.5029895305633545,0.4970104694366455,1,5,3,zero_shot_paired
19,5,1,5,60,0,0,1,0.5011498928070068,0.5011498928070068,0.5011498928070068,0.49885010719299316,1,5,3,zero_shot_paired
19,6,1,7,60,0,1,0,0.5004048943519592,0.5004048943519592,0.49959510564804077,0.5004048943519592,1,5,3,zero_shot_paired
19,7,1,8,60,0,0,1,0.5011290907859802,0.5011290907859802,0.5011290907859802,0.49887096881866455,1,5,3,zero_shot_paired
19,8,1,9,60,0,0,1,0.5028237700462341,0.5028237700462341,0.5028237700462341,0.49717625975608826,1,5,3,zero_shot_paired
19,9,1,10,60,1,1,1,0.5025086998939514,0.5025086998939514,0.49749132990837097,0.5025086998939514,1,5,3,zero_shot_paired
19,10,1,11,60,1,0,0,0.5010885000228882,0.5010885000228882,0.5010885000228882,0.4989115595817566,1,5,3,zero_shot_paired
19,11,1,12,60,1,0,0,0.5024227499961853,0.5024227499961853,0.5024227499961853,0.4975772202014923,1,5,3,zero_shot_paired
19,12,1,13,60,0,0,1,0.5011182427406311,0.5011182427406311,0.5011182427406311,0.4988817870616913,1,5,3,zero_shot_paired
19,13,1,15,60,0,0,1,0.5029003024101257,0.5029003024101257,0.5029003024101257,0.49709975719451904,1,5,3,zero_shot_paired
19,14,1,17,60,1,0,0,0.5033363103866577,0.5033363103866577,0.5033363103866577,0.4966637194156647,1,5,3,zero_shot_paired
19,0,1,0,60,1,1,1,0.5004000663757324,0.5004000663757324,0.4995999038219452,0.5004000663757324,1,5,3,post_calibration
19,1,1,1,60,0,0,1,0.5032302141189575,0.5032302141189575,0.5032302141189575,0.49676981568336487,1,5,3,post_calibration
19,2,1,2,60,1,0,0,0.5034574866294861,0.5034574866294861,0.5034574866294861,0.49654248356819153,1,5,3,post_calibration
19,3,1,3,60,0,0,1,0.5011905431747437,0.5011905431747437,0.5011905431747437,0.49880945682525635,1,5,3,post_calibration
19,4,1,4,60,0,0,1,0.5032846331596375,0.5032846331596375,0.5032846331596375,0.49671539664268494,1,5,3,post_calibration
19,5,1,5,60,0,0,1,0.5015490055084229,0.5015490055084229,0.5015490055084229,0.4984509348869324,1,5,3,post_calibration
19,6,1,7,60,0,0,1,0.5002264976501465,0.5002264976501465,0.5002264976501465,0.4997735619544983,1,5,3,post_calibration
19,7,1,8,60,0,0,1,0.5008257031440735,0.5008257031440735,0.5008257031440735,0.4991742670536041,1,5,3,post_calibration
19,8,1,9,60,0,0,1,0.5030360221862793,0.5030360221862793,0.5030360221862793,0.4969639182090759,1,5,3,post_calibration
19,9,1,10,60,1,1,1,0.5015027523040771,0.5015027523040771,0.4984973073005676,0.5015027523040771,1,5,3,post_calibration
19,10,1,11,60,1,0,0,0.5011078715324402,0.5011078715324402,0.5011078715324402,0.4988920986652374,1,5,3,post_calibration
19,11,1,12,60,1,0,0,0.5026142001152039,0.5026142001152039,0.5026142001152039,0.49738582968711853,1,5,3,post_calibration
19,12,1,13,60,0,0,1,0.5008541345596313,0.5008541345596313,0.5008541345596313,0.49914586544036865,1,5,3,post_calibration
19,13,1,15,60,0,0,1,0.5036324858665466,0.5036324858665466,0.5036324858665466,0.49636754393577576,1,5,3,post_calibration
19,14,1,17,60,1,0,0,0.5039311051368713,0.5039311051368713,0.5039311051368713,0.49606889486312866,1,5,3,post_calibration
20,0,1,1,60,0,0,1,0.5035012364387512,0.5035012364387512,0.5035012364387512,0.496498703956604,1,6,3,zero_shot_paired
20,1,1,2,60,1,0,0,0.5030585527420044,0.5030585527420044,0.5030585527420044,0.4969414174556732,1,6,3,zero_shot_paired
20,2,1,3,60,0,0,1,0.5017693042755127,0.5017693042755127,0.5017693042755127,0.4982306957244873,1,6,3,zero_shot_paired
20,3,1,5,60,0,0,1,0.5011498928070068,0.5011498928070068,0.5011498928070068,0.49885010719299316,1,6,3,zero_shot_paired
20,4,1,6,60,1,0,0,0.5017608404159546,0.5017608404159546,0.5017608404159546,0.4982392191886902,1,6,3,zero_shot_paired
20,5,1,7,60,0,1,0,0.5004048943519592,0.5004048943519592,0.49959510564804077,0.5004048943519592,1,6,3,zero_shot_paired
20,6,1,8,60,0,0,1,0.5011290907859802,0.5011290907859802,0.5011290907859802,0.49887096881866455,1,6,3,zero_shot_paired
20,7,1,9,60,0,0,1,0.5028237700462341,0.5028237700462341,0.5028237700462341,0.49717625975608826,1,6,3,zero_shot_paired
20,8,1,10,60,1,1,1,0.5025086998939514,0.5025086998939514,0.49749132990837097,0.5025086998939514,1,6,3,zero_shot_paired
20,9,1,11,60,1,0,0,0.5010885000228882,0.5010885000228882,0.5010885000228882,0.4989115595817566,1,6,3,zero_shot_paired
20,10,1,12,60,1,0,0,0.5024227499961853,0.5024227499961853,0.5024227499961853,0.4975772202014923,1,6,3,zero_shot_paired
20,11,1,14,60,0,0,1,0.5008912086486816,0.5008912086486816,0.5008912086486816,0.49910879135131836,1,6,3,zero_shot_paired
20,12,1,15,60,0,0,1,0.5029003024101257,0.5029003024101257,0.5029003024101257,0.49709975719451904,1,6,3,zero_shot_paired
20,13,1,16,60,0,0,1,0.5016979575157166,0.5016979575157166,0.5016979575157166,0.49830204248428345,1,6,3,zero_shot_paired
20,14,1,17,60,1,0,0,0.5033363103866577,0.5033363103866577,0.5033363103866577,0.4966637194156647,1,6,3,zero_shot_paired
20,0,1,1,60,0,0,1,0.5030659437179565,0.5030659437179565,0.5030659437179565,0.49693405628204346,1,6,3,post_calibration
20,1,1,2,60,1,0,0,0.503732442855835,0.503732442855835,0.503732442855835,0.49626752734184265,1,6,3,post_calibration
20,2,1,3,60,0,0,1,0.5013536810874939,0.5013536810874939,0.5013536810874939,0.4986462891101837,1,6,3,post_calibration
20,3,1,5,60,0,0,1,0.5009515881538391,0.5009515881538391,0.5009515881538391,0.4990483820438385,1,6,3,post_calibration
20,4,1,6,60,1,0,0,0.5013696551322937,0.5013696551322937,0.5013696551322937,0.4986303150653839,1,6,3,post_calibration
20,5,1,7,60,0,1,0,0.5000176429748535,0.5000176429748535,0.49998238682746887,0.5000176429748535,1,6,3,post_calibration
20,6,1,8,60,0,0,1,0.5006184577941895,0.5006184577941895,0.5006184577941895,0.49938157200813293,1,6,3,post_calibration
20,7,1,9,60,0,0,1,0.5029206275939941,0.5029206275939941,0.5029206275939941,0.49707937240600586,1,6,3,post_calibration
20,8,1,10,60,1,1,1,0.5020528435707092,0.5020528435707092,0.4979471266269684,0.5020528435707092,1,6,3,post_calibration
20,9,1,11,60,1,0,0,0.5012868046760559,0.5012868046760559,0.5012868046760559,0.4987131357192993,1,6,3,post_calibration
20,10,1,12,60,1,0,0,0.5019503831863403,0.5019503831863403,0.5019503831863403,0.49804961681365967,1,6,3,post_calibration
20,11,1,14,60,0,0,1,0.5009618997573853,0.5009618997573853,0.5009618997573853,0.49903807044029236,1,6,3,post_calibration
20,12,1,15,60,0,0,1,0.5033289790153503,0.5033289790153503,0.5033289790153503,0.49667102098464966,1,6,3,post_calibration
20,13,1,16,60,0,0,1,0.5016523599624634,0.5016523599624634,0.5016523599624634,0.49834758043289185,1,6,3,post_calibration
20,14,1,17,60,1,0,0,0.5033659934997559,0.5033659934997559,0.5033659934997559,0.4966340661048889,1,6,3,post_calibration
21,0,1,0,60,1,1,1,0.5000163316726685,0.5000163316726685,0.49998369812965393,0.5000163316726685,1,1,6,zero_shot_paired
21,1,1,1,60,0,0,1,0.5035012364387512,0.5035012364387512,0.5035012364387512,0.496498703956604,1,1,6,zero_shot_paired
21,2,1,4,60,0,0,1,0.5029895305633545,0.5029895305633545,0.5029895305633545,0.4970104694366455,1,1,6,zero_shot_paired
21,3,1,6,60,1,0,0,0.5017608404159546,0.5017608404159546,0.5017608404159546,0.4982392191886902,1,1,6,zero_shot_paired
21,4,1,7,60,0,1,0,0.5004048943519592,0.5004048943519592,0.49959510564804077,0.5004048943519592,1,1,6,zero_shot_paired
21,5,1,9,60,0,0,1,0.5028237700462341,0.5028237700462341,0.5028237700462341,0.49717625975608826,1,1,6,zero_shot_paired
21,6,1,10,60,1,1,1,0.5025086998939514,0.5025086998939514,0.49749132990837097,0.5025086998939514,1,1,6,zero_shot_paired
21,7,1,11,60,1,0,0,0.5010885000228882,0.5010885000228882,0.5010885000228882,0.4989115595817566,1,1,6,zero_shot_paired
21,8,1,12,60,1,0,0,0.5024227499961853,0.5024227499961853,0.5024227499961853,0.4975772202014923,1,1,6,zero_shot_paired
21,9,1,14,60,0,0,1,0.5008912086486816,0.5008912086486816,0.5008912086486816,0.49910879135131836,1,1,6,zero_shot_paired
21,10,1,15,60,0,0,1,0.5029003024101257,0.5029003024101257,0.5029003024101257,0.49709975719451904,1,1,6,zero_shot_paired
21,11,1,16,60,0,0,1,0.5016979575157166,0.5016979575157166,0.5016979575157166,0.49830204248428345,1,1,6,zero_shot_paired
21,0,1,0,60,1,0,0,0.5011444091796875,0.5011444091796875,0.5011444091796875,0.4988555908203125,1,1,6,post_calibration
21,1,1,1,60,0,0,1,0.5031805038452148,0.5031805038452148,0.5031805038452148,0.49681949615478516,1,1,6,post_calibration
21,2,1,4,60,0,0,1,0.5038005709648132,0.5038005709648132,0.5038005709648132,0.49619945883750916,1,1,6,post_calibration
21,3,1,6,60,1,0,0,0.502019464969635,0.502019464969635,0.502019464969635,0.4979804754257202,1,1,6,post_calibration
21,4,1,7,60,0,0,1,0.5000652074813843,0.5000652074813843,0.5000652074813843,0.49993476271629333,1,1,6,post_calibration
21,5,1,9,60,0,0,1,0.5035262703895569,0.5035262703895569,0.5035262703895569,0.49647367000579834,1,1,6,post_calibration
21,6,1,10,60,1,1,1,0.5017545223236084,0.5017545223236084,0.4982454478740692,0.5017545223236084,1,1,6,post_calibration
21,7,1,11,60,1,0,0,0.5016506314277649,0.5016506314277649,0.5016506314277649,0.4983493387699127,1,1,6,post_calibration
21,8,1,12,60,1,0,0,0.5031465888023376,0.5031465888023376,0.5031465888023376,0.49685341119766235,1,1,6,post_calibration
21,9,1,14,60,0,0,1,0.5010166764259338,0.5010166764259338,0.5010166764259338,0.49898335337638855,1,1,6,post_calibration
21,10,1,15,60,0,0,1,0.5042380094528198,0.5042380094528198,0.5042380094528198,0.49576205015182495,1,1,6,post_calibration
21,11,1,16,60,0,0,1,0.5018426775932312,0.5018426775932312,0.5018426775932312,0.4981573224067688,1,1,6,post_calibration
22,0,1,0,60,1,1,1,0.5000163316726685,0.5000163316726685,0.49998369812965393,0.5000163316726685,1,2,6,zero_shot_paired
22,1,1,1,60,0,0,1,0.5035012364387512,0.5035012364387512,0.5035012364387512,0.496498703956604,1,2,6,zero_shot_paired
22,2,1,2,60,1,0,0,0.5030585527420044,0.5030585527420044,0.5030585527420044,0.4969414174556732,1,2,6,zero_shot_paired
22,3,1,3,60,0,0,1,0.5017693042755127,0.5017693042755127,0.5017693042755127,0.4982306957244873,1,2,6,zero_shot_paired
22,4,1,5,60,0,0,1,0.5011498928070068,0.5011498928070068,0.5011498928070068,0.49885010719299316,1,2,6,zero_shot_paired
22,5,1,8,60,0,0,1,0.5011290907859802,0.5011290907859802,0.5011290907859802,0.49887096881866455,1,2,6,zero_shot_paired
22,6,1,9,60,0,0,1,0.5028237700462341,0.5028237700462341,0.5028237700462341,0.49717625975608826,1,2,6,zero_shot_paired
22,7,1,10,60,1,1,1,0.5025086998939514,0.5025086998939514,0.49749132990837097,0.5025086998939514,1,2,6,zero_shot_paired
22,8,1,12,60,1,0,0,0.5024227499961853,0.5024227499961853,0.5024227499961853,0.4975772202014923,1,2,6,zero_shot_paired
22,9,1,13,60,0,0,1,0.5011182427406311,0.5011182427406311,0.5011182427406311,0.4988817870616913,1,2,6,zero_shot_paired
22,10,1,15,60,0,0,1,0.5029003024101257,0.5029003024101257,0.5029003024101257,0.49709975719451904,1,2,6,zero_shot_paired
22,11,1,17,60,1,0,0,0.5033363103866577,0.5033363103866577,0.5033363103866577,0.4966637194156647,1,2,6,zero_shot_paired
22,0,1,0,60,1,1,1,0.500707745552063,0.500707745552063,0.4992922246456146,0.500707745552063,1,2,6,post_calibration
22,1,1,1,60,0,0,1,0.5040008425712585,0.5040008425712585,0.5040008425712585,0.49599912762641907,1,2,6,post_calibration
22,2,1,2,60,1,0,0,0.5035472512245178,0.5035472512245178,0.5035472512245178,0.4964527487754822,1,2,6,post_calibration
22,3,1,3,60,0,0,1,0.5019698143005371,0.5019698143005371,0.5019698143005371,0.49803024530410767,1,2,6,post_calibration
22,4,1,5,60,0,0,1,0.501122772693634,0.501122772693634,0.501122772693634,0.49887722730636597,1,2,6,post_calibration
22,5,1,8,60,0,0,1,0.5012110471725464,0.5012110471725464,0.5012110471725464,0.498788982629776,1,2,6,post_calibration
22,6,1,9,60,0,0,1,0.5028232336044312,0.5028232336044312,0.5028232336044312,0.49717676639556885,1,2,6,post_calibration
22,7,1,10,60,1,1,1,0.502143919467926,0.502143919467926,0.49785614013671875,0.502143919467926,1,2,6,post_calibration
22,8,1,12,60,1,0,0,0.5025618076324463,0.5025618076324463,0.5025618076324463,0.4974382221698761,1,2,6,post_calibration
22,9,1,13,60,0,0,1,0.5017452239990234,0.5017452239990234,0.5017452239990234,0.4982547461986542,1,2,6,post_calibration
22,10,1,15,60,0,0,1,0.5030734539031982,0.5030734539031982,0.5030734539031982,0.49692657589912415,1,2,6,post_calibration
22,11,1,17,60,1,0,0,0.5031453371047974,0.5031453371047974,0.5031453371047974,0.49685463309288025,1,2,6,post_calibration
23,0,1,2,60,1,0,0,0.5030585527420044,0.5030585527420044,0.5030585527420044,0.4969414174556732,1,3,6,zero_shot_paired
23,1,1,3,60,0,0,1,0.5017693042755127,0.5017693042755127,0.5017693042755127,0.4982306957244873,1,3,6,zero_shot_paired
23,2,1,4,60,0,0,1,0.5029895305633545,0.5029895305633545,0.5029895305633545,0.4970104694366455,1,3,6,zero_shot_paired
23,3,1,5,60,0,0,1,0.5011498928070068,0.5011498928070068,0.5011498928070068,0.49885010719299316,1,3,6,zero_shot_paired
23,4,1,6,60,1,0,0,0.5017608404159546,0.5017608404159546,0.5017608404159546,0.4982392191886902,1,3,6,zero_shot_paired
23,5,1,7,60,0,1,0,0.5004048943519592,0.5004048943519592,0.49959510564804077,0.5004048943519592,1,3,6,zero_shot_paired
23,6,1,8,60,0,0,1,0.5011290907859802,0.5011290907859802,0.5011290907859802,0.49887096881866455,1,3,6,zero_shot_paired
23,7,1,11,60,1,0,0,0.5010885000228882,0.5010885000228882,0.5010885000228882,0.4989115595817566,1,3,6,zero_shot_paired
23,8,1,13,60,0,0,1,0.5011182427406311,0.5011182427406311,0.5011182427406311,0.4988817870616913,1,3,6,zero_shot_paired
23,9,1,14,60,0,0,1,0.5008912086486816,0.5008912086486816,0.5008912086486816,0.49910879135131836,1,3,6,zero_shot_paired
23,10,1,16,60,0,0,1,0.5016979575157166,0.5016979575157166,0.5016979575157166,0.49830204248428345,1,3,6,zero_shot_paired
23,11,1,17,60,1,0,0,0.5033363103866577,0.5033363103866577,0.5033363103866577,0.4966637194156647,1,3,6,zero_shot_paired
23,0,1,2,60,1,0,0,0.503147542476654,0.503147542476654,0.503147542476654,0.49685242772102356,1,3,6,post_calibration
23,1,1,3,60,0,0,1,0.5009667277336121,0.5009667277336121,0.5009667277336121,0.49903327226638794,1,3,6,post_calibration
23,2,1,4,60,0,0,1,0.5031419992446899,0.5031419992446899,0.5031419992446899,0.49685800075531006,1,3,6,post_calibration
23,3,1,5,60,0,0,1,0.5010619163513184,0.5010619163513184,0.5010619163513184,0.49893805384635925,1,3,6,post_calibration
23,4,1,6,60,1,0,0,0.501366913318634,0.501366913318634,0.501366913318634,0.49863308668136597,1,3,6,post_calibration
23,5,1,7,60,0,1,0,0.5004030466079712,0.5004030466079712,0.4995969533920288,0.5004030466079712,1,3,6,post_calibration
23,6,1,8,60,0,0,1,0.5012819766998291,0.5012819766998291,0.5012819766998291,0.4987180531024933,1,3,6,post_calibration
23,7,1,11,60,1,0,0,0.5013803839683533,0.5013803839683533,0.5013803839683533,0.49861961603164673,1,3,6,post_calibration
23,8,1,13,60,0,0,1,0.5019105076789856,0.5019105076789856,0.5019105076789856,0.4980894923210144,1,3,6,post_calibration
23,9,1,14,60,0,0,1,0.5010152459144592,0.5010152459144592,0.5010152459144592,0.49898478388786316,1,3,6,post_calibration
23,10,1,16,60,0,0,1,0.5014801621437073,0.5014801621437073,0.5014801621437073,0.4985198378562927,1,3,6,post_calibration
23,11,1,17,60,1,0,0,0.5029403567314148,0.5029403567314148,0.5029403567314148,0.4970596432685852,1,3,6,post_calibration
24,0,1,0,60,1,1,1,0.5000158548355103,0.5000158548355103,0.49998414516448975,0.5000158548355103,1,1,9,zero_shot_paired
24,1,1,1,60,0,0,1,0.503501296043396,0.503501296043396,0.503501296043396,0.4964986741542816,1,1,9,zero_shot_paired
24,2,1,2,60,1,0,0,0.5030585527420044,0.5030585527420044,0.5030585527420044,0.4969414174556732,1,1,9,zero_shot_paired
24,3,1,3,60,0,0,1,0.5017692446708679,0.5017692446708679,0.5017692446708679,0.49823078513145447,1,1,9,zero_shot_paired
24,4,1,4,60,0,0,1,0.5029895305633545,0.5029895305633545,0.5029895305633545,0.4970104992389679,1,1,9,zero_shot_paired
24,5,1,10,60,1,1,1,0.5025085210800171,0.5025085210800171,0.4974914789199829,0.5025085210800171,1,1,9,zero_shot_paired
24,6,1,13,60,0,0,1,0.5011183023452759,0.5011183023452759,0.5011183023452759,0.4988817274570465,1,1,9,zero_shot_paired
24,7,1,14,60,0,0,1,0.5008913278579712,0.5008913278579712,0.5008913278579712,0.4991087019443512,1,1,9,zero_shot_paired
24,8,1,15,60,0,0,1,0.5029003024101257,0.5029003024101257,0.5029003024101257,0.49709975719451904,1,1,9,zero_shot_paired
24,0,1,0,60,1,1,1,0.5002736449241638,0.5002736449241638,0.49972638487815857,0.5002736449241638,1,1,9,post_calibration
24,1,1,1,60,0,0,1,0.5032784342765808,0.5032784342765808,0.5032784342765808,0.4967215657234192,1,1,9,post_calibration
24,2,1,2,60,1,0,0,0.5036819577217102,0.5036819577217102,0.5036819577217102,0.49631810188293457,1,1,9,post_calibration
24,3,1,3,60,0,0,1,0.50175541639328,0.50175541639328,0.50175541639328,0.4982445538043976,1,1,9,post_calibration
24,4,1,4,60,0,0,1,0.5034224390983582,0.5034224390983582,0.5034224390983582,0.49657756090164185,1,1,9,post_calibration
24,5,1,10,60,1,1,1,0.5014563202857971,0.5014563202857971,0.4985436499118805,0.5014563202857971,1,1,9,post_calibration
24,6,1,13,60,0,0,1,0.5015600919723511,0.5015600919723511,0.5015600919723511,0.49843984842300415,1,1,9,post_calibration
24,7,1,14,60,0,0,1,0.5010247826576233,0.5010247826576233,0.5010247826576233,0.4989752173423767,1,1,9,post_calibration
24,8,1,15,60,0,0,1,0.5029915571212769,0.5029915571212769,0.5029915571212769,0.49700844287872314,1,1,9,post_calibration
25,0,1,5,60,0,0,1,0.5011500120162964,0.5011500120162964,0.5011500120162964,0.4988499581813812,1,2,9,zero_shot_paired
25,1,1,6,60,1,0,0,0.5017607808113098,0.5017607808113098,0.5017607808113098,0.4982392489910126,1,2,9,zero_shot_paired
25,2,1,7,60,0,1,0,0.5004048347473145,0.5004048347473145,0.49959513545036316,0.5004048347473145,1,2,9,zero_shot_paired
25,3,1,8,60,0,0,1,0.5011289715766907,0.5011289715766907,0.5011289715766907,0.4988710582256317,1,2,9,zero_shot_paired
25,4,1,9,60,0,0,1,0.5028238892555237,0.5028238892555237,0.5028238892555237,0.4971761405467987,1,2,9,zero_shot_paired
25,5,1,11,60,1,0,0,0.5010885000228882,0.5010885000228882,0.5010885000228882,0.4989115595817566,1,2,9,zero_shot_paired
25,6,1,12,60,1,0,0,0.5024226903915405,0.5024226903915405,0.5024226903915405,0.4975772798061371,1,2,9,zero_shot_paired
25,7,1,16,60,0,0,1,0.5016979575157166,0.5016979575157166,0.5016979575157166,0.49830198287963867,1,2,9,zero_shot_paired
25,8,1,17,60,1,0,0,0.5033363103866577,0.5033363103866577,0.5033363103866577,0.4966636598110199,1,2,9,zero_shot_paired
25,0,1,5,60,0,0,1,0.501584529876709,0.501584529876709,0.501584529876709,0.49841544032096863,1,2,9,post_calibration
25,1,1,6,60,1,0,0,0.5019479990005493,0.5019479990005493,0.5019479990005493,0.4980519711971283,1,2,9,post_calibration
25,2,1,7,60,0,0,1,0.5002557635307312,0.5002557635307312,0.5002557635307312,0.4997442364692688,1,2,9,post_calibration
25,3,1,8,60,0,0,1,0.5009921193122864,0.5009921193122864,0.5009921193122864,0.49900785088539124,1,2,9,post_calibration
25,4,1,9,60,0,0,1,0.5028305053710938,0.5028305053710938,0.5028305053710938,0.49716949462890625,1,2,9,post_calibration
25,5,1,11,60,1,0,0,0.501024067401886,0.501024067401886,0.501024067401886,0.4989759624004364,1,2,9,post_calibration
25,6,1,12,60,1,0,0,0.5026041865348816,0.5026041865348816,0.5026041865348816,0.497395783662796,1,2,9,post_calibration
25,7,1,16,60,0,0,1,0.5023564100265503,0.5023564100265503,0.5023564100265503,0.4976435899734497,1,2,9,post_calibration
25,8,1,17,60,1,0,0,0.504039466381073,0.504039466381073,0.504039466381073,0.4959605634212494,1,2,9,post_calibration
26,0,1,1,60,0,0,1,0.5034988522529602,0.5034988522529602,0.5034988522529602,0.4965011179447174,1,1,12,zero_shot_paired
26,1,1,3,60,0,0,1,0.5017695426940918,0.5017695426940918,0.5017695426940918,0.4982304573059082,1,1,12,zero_shot_paired
26,2,1,7,60,0,1,0,0.5004041790962219,0.5004041790962219,0.4995957911014557,0.5004041790962219,1,1,12,zero_shot_paired
26,3,1,10,60,1,1,1,0.5025075078010559,0.5025075078010559,0.4974925220012665,0.5025075078010559,1,1,12,zero_shot_paired
26,4,1,14,60,0,0,1,0.5008919835090637,0.5008919835090637,0.5008919835090637,0.49910807609558105,1,1,12,zero_shot_paired
26,5,1,17,60,1,0,0,0.5033378601074219,0.5033378601074219,0.5033378601074219,0.49666211009025574,1,1,12,zero_shot_paired
26,0,1,1,60,0,0,1,0.5025155544281006,0.5025155544281006,0.5025155544281006,0.4974844455718994,1,1,12,post_calibration
26,1,1,3,60,0,0,1,0.50053471326828,0.50053471326828,0.50053471326828,0.49946534633636475,1,1,12,post_calibration
26,2,1,7,60,0,0,1,0.5005176067352295,0.5005176067352295,0.5005176067352295,0.4994823634624481,1,1,12,post_calibration
26,3,1,10,60,1,0,0,0.500322699546814,0.500322699546814,0.500322699546814,0.49967727065086365,1,1,12,post_calibration
26,4,1,14,60,0,0,1,0.5025064945220947,0.5025064945220947,0.5025064945220947,0.4974934756755829,1,1,12,post_calibration
26,5,1,17,60,1,0,0,0.5036340355873108,0.5036340355873108,0.5036340355873108,0.4963659644126892,1,1,12,post_calibration
27,0,1,1,60,0,0,1,0.5034988522529602,0.5034988522529602,0.5034988522529602,0.4965011179447174,1,2,12,zero_shot_paired
27,1,1,5,60,0,0,1,0.5011495351791382,0.5011495351791382,0.5011495351791382,0.4988504648208618,1,2,12,zero_shot_paired
27,2,1,9,60,0,0,1,0.5028243064880371,0.5028243064880371,0.5028243064880371,0.4971756637096405,1,2,12,zero_shot_paired
27,3,1,11,60,1,0,0,0.5010879039764404,0.5010879039764404,0.5010879039764404,0.49891209602355957,1,2,12,zero_shot_paired
27,4,1,15,60,0,0,1,0.502900242805481,0.502900242805481,0.502900242805481,0.49709978699684143,1,2,12,zero_shot_paired
27,5,1,17,60,1,0,0,0.5033378601074219,0.5033378601074219,0.5033378601074219,0.49666211009025574,1,2,12,zero_shot_paired
27,0,1,1,60,0,0,1,0.5031594038009644,0.5031594038009644,0.5031594038009644,0.49684062600135803,1,2,12,post_calibration
27,1,1,5,60,0,0,1,0.5019973516464233,0.5019973516464233,0.5019973516464233,0.4980026185512543,1,2,12,post_calibration
27,2,1,9,60,0,0,1,0.5034705996513367,0.5034705996513367,0.5034705996513367,0.49652937054634094,1,2,12,post_calibration
27,3,1,11,60,1,0,0,0.5016643404960632,0.5016643404960632,0.5016643404960632,0.49833565950393677,1,2,12,post_calibration
27,4,1,15,60,0,0,1,0.5037011504173279,0.5037011504173279,0.5037011504173279,0.4962988495826721,1,2,12,post_calibration
27,5,1,17,60,1,0,0,0.502999484539032,0.502999484539032,0.502999484539032,0.4970005452632904,1,2,12,post_calibration
28,0,1,2,60,1,0,0,0.5030583739280701,0.5030583739280701,0.5030583739280701,0.49694162607192993,1,3,12,zero_shot_paired
28,1,1,3,60,0,0,1,0.5017695426940918,0.5017695426940918,0.5017695426940918,0.4982304573059082,1,3,12,zero_shot_paired
28,2,1,4,60,0,0,1,0.5029899477958679,0.5029899477958679,0.5029899477958679,0.4970100522041321,1,3,12,zero_shot_paired
28,3,1,11,60,1,0,0,0.5010879039764404,0.5010879039764404,0.5010879039764404,0.49891209602355957,1,3,12,zero_shot_paired
28,4,1,13,60,0,0,1,0.5011188387870789,0.5011188387870789,0.5011188387870789,0.49888116121292114,1,3,12,zero_shot_paired
28,5,1,16,60,0,0,1,0.5016960501670837,0.5016960501670837,0.5016960501670837,0.49830397963523865,1,3,12,zero_shot_paired
28,0,1,2,60,1,0,0,0.5042755007743835,0.5042755007743835,0.5042755007743835,0.49572452902793884,1,3,12,post_calibration
28,1,1,3,60,0,0,1,0.5006946325302124,0.5006946325302124,0.5006946325302124,0.49930539727211,1,3,12,post_calibration
28,2,1,4,60,0,0,1,0.5036405920982361,0.5036405920982361,0.5036405920982361,0.4963594079017639,1,3,12,post_calibration
28,3,1,11,60,1,0,0,0.5022001266479492,0.5022001266479492,0.5022001266479492,0.49779990315437317,1,3,12,post_calibration
28,4,1,13,60,0,0,1,0.5028279423713684,0.5028279423713684,0.5028279423713684,0.4971720576286316,1,3,12,post_calibration
28,5,1,16,60,0,0,1,0.5029536485671997,0.5029536485671997,0.5029536485671997,0.4970463812351227,1,3,12,post_calibration
3,0,2,0,60,1,1,1,0.5032705664634705,0.5032705664634705,0.49672943353652954,0.5032705664634705,2,,,zero_shot_all_trials
3,1,2,1,60,1,0,0,0.505631148815155,0.505631148815155,0.505631148815155,0.4943688213825226,2,,,zero_shot_all_trials
3,2,2,2,60,1,1,1,0.5022685527801514,0.5022685527801514,0.49773141741752625,0.5022685527801514,2,,,zero_shot_all_trials
3,3,2,3,60,0,0,1,0.5025722980499268,0.5025722980499268,0.5025722980499268,0.49742767214775085,2,,,zero_shot_all_trials
3,4,2,4,60,1,1,1,0.5039264559745789,0.5039264559745789,0.49607351422309875,0.5039264559745789,2,,,zero_shot_all_trials
3,5,2,5,60,1,1,1,0.5002326369285583,0.5002326369285583,0.49976733326911926,0.5002326369285583,2,,,zero_shot_all_trials
3,6,2,6,60,1,0,0,0.5026998519897461,0.5026998519897461,0.5026998519897461,0.49730008840560913,2,,,zero_shot_all_trials
3,7,2,7,60,0,1,0,0.5046802163124084,0.5046802163124084,0.49531975388526917,0.5046802163124084,2,,,zero_shot_all_trials
3,8,2,8,60,0,0,1,0.5020403861999512,0.5020403861999512,0.5020403861999512,0.49795961380004883,2,,,zero_shot_all_trials
3,9,2,9,60,1,1,1,0.5038204789161682,0.5038204789161682,0.4961795508861542,0.5038204789161682,2,,,zero_shot_all_trials
3,10,2,10,60,1,0,0,0.5069164633750916,0.5069164633750916,0.5069164633750916,0.49308353662490845,2,,,zero_shot_all_trials
3,11,2,11,60,1,0,0,0.5053620934486389,0.5053620934486389,0.5053620934486389,0.4946379065513611,2,,,zero_shot_all_trials
3,12,2,12,60,1,0,0,0.5010898113250732,0.5010898113250732,0.5010898113250732,0.49891015887260437,2,,,zero_shot_all_trials
3,13,2,13,60,1,1,1,0.5013513565063477,0.5013513565063477,0.49864867329597473,0.5013513565063477,2,,,zero_shot_all_trials
3,14,2,14,60,1,1,1,0.5015921592712402,0.5015921592712402,0.4984078109264374,0.5015921592712402,2,,,zero_shot_all_trials
3,15,2,15,60,1,0,0,0.5030903816223145,0.5030903816223145,0.5030903816223145,0.49690955877304077,2,,,zero_shot_all_trials
3,16,2,16,60,0,0,1,0.501602292060852,0.501602292060852,0.501602292060852,0.49839770793914795,2,,,zero_shot_all_trials
3,17,2,17,60,1,0,0,0.5034347176551819,0.5034347176551819,0.5034347176551819,0.4965652823448181,2,,,zero_shot_all_trials
29,0,2,0,60,1,1,1,0.5032705664634705,0.5032705664634705,0.49672943353652954,0.5032705664634705,2,1,3,zero_shot_paired
29,1,2,1,60,1,0,0,0.505631148815155,0.505631148815155,0.505631148815155,0.49436885118484497,2,1,3,zero_shot_paired
29,2,2,2,60,1,1,1,0.5022685527801514,0.5022685527801514,0.49773141741752625,0.5022685527801514,2,1,3,zero_shot_paired
29,3,2,5,60,1,1,1,0.5002326965332031,0.5002326965332031,0.49976733326911926,0.5002326965332031,2,1,3,zero_shot_paired
29,4,2,6,60,1,0,0,0.5026996731758118,0.5026996731758118,0.5026996731758118,0.49730029702186584,2,1,3,zero_shot_paired
29,5,2,7,60,0,1,0,0.5046802163124084,0.5046802163124084,0.49531978368759155,0.5046802163124084,2,1,3,zero_shot_paired
29,6,2,8,60,0,0,1,0.5020403265953064,0.5020403265953064,0.5020403265953064,0.4979596734046936,2,1,3,zero_shot_paired
29,7,2,9,60,1,1,1,0.5038204193115234,0.5038204193115234,0.4961795508861542,0.5038204193115234,2,1,3,zero_shot_paired
29,8,2,10,60,1,0,0,0.5069165229797363,0.5069165229797363,0.5069165229797363,0.49308347702026367,2,1,3,zero_shot_paired
29,9,2,11,60,1,0,0,0.5053619146347046,0.5053619146347046,0.5053619146347046,0.49463802576065063,2,1,3,zero_shot_paired
29,10,2,13,60,1,1,1,0.5013513565063477,0.5013513565063477,0.49864867329597473,0.5013513565063477,2,1,3,zero_shot_paired
29,11,2,14,60,1,1,1,0.501592218875885,0.501592218875885,0.4984077513217926,0.501592218875885,2,1,3,zero_shot_paired
29,12,2,15,60,1,0,0,0.5030902624130249,0.5030902624130249,0.5030902624130249,0.4969097077846527,2,1,3,zero_shot_paired
29,13,2,16,60,0,0,1,0.501602292060852,0.501602292060852,0.501602292060852,0.49839773774147034,2,1,3,zero_shot_paired
29,14,2,17,60,1,0,0,0.5034347176551819,0.5034347176551819,0.5034347176551819,0.4965653121471405,2,1,3,zero_shot_paired
29,0,2,0,60,1,1,1,0.5036656856536865,0.5036656856536865,0.4963343143463135,0.5036656856536865,2,1,3,post_calibration
29,1,2,1,60,1,0,0,0.5054019689559937,0.5054019689559937,0.5054019689559937,0.49459803104400635,2,1,3,post_calibration
29,2,2,2,60,1,1,1,0.5022324919700623,0.5022324919700623,0.49776750802993774,0.5022324919700623,2,1,3,post_calibration
29,3,2,5,60,1,1,1,0.5010057091712952,0.5010057091712952,0.4989943206310272,0.5010057091712952,2,1,3,post_calibration
29,4,2,6,60,1,0,0,0.5023142099380493,0.5023142099380493,0.5023142099380493,0.4976857602596283,2,1,3,post_calibration
29,5,2,7,60,0,1,0,0.5044775009155273,0.5044775009155273,0.49552249908447266,0.5044775009155273,2,1,3,post_calibration
29,6,2,8,60,0,0,1,0.5011909604072571,0.5011909604072571,0.5011909604072571,0.49880900979042053,2,1,3,post_calibration
29,7,2,9,60,1,1,1,0.5045932531356812,0.5045932531356812,0.49540674686431885,0.5045932531356812,2,1,3,post_calibration
29,8,2,10,60,1,0,0,0.5068756341934204,0.5068756341934204,0.5068756341934204,0.4931243658065796,2,1,3,post_calibration
29,9,2,11,60,1,0,0,0.505480170249939,0.505480170249939,0.505480170249939,0.49451979994773865,2,1,3,post_calibration
29,10,2,13,60,1,1,1,0.5020130276679993,0.5020130276679993,0.49798697233200073,0.5020130276679993,2,1,3,post_calibration
29,11,2,14,60,1,1,1,0.50247722864151,0.50247722864151,0.4975227415561676,0.50247722864151,2,1,3,post_calibration
29,12,2,15,60,1,0,0,0.5029378533363342,0.5029378533363342,0.5029378533363342,0.4970621168613434,2,1,3,post_calibration
29,13,2,16,60,0,0,1,0.5018213391304016,0.5018213391304016,0.5018213391304016,0.4981786906719208,2,1,3,post_calibration
29,14,2,17,60,1,0,0,0.5031666159629822,0.5031666159629822,0.5031666159629822,0.4968333840370178,2,1,3,post_calibration
30,0,2,0,60,1,1,1,0.5032705664634705,0.5032705664634705,0.49672943353652954,0.5032705664634705,2,2,3,zero_shot_paired
30,1,2,1,60,1,0,0,0.505631148815155,0.505631148815155,0.505631148815155,0.49436885118484497,2,2,3,zero_shot_paired
30,2,2,2,60,1,1,1,0.5022685527801514,0.5022685527801514,0.49773141741752625,0.5022685527801514,2,2,3,zero_shot_paired
30,3,2,3,60,0,0,1,0.5025722980499268,0.5025722980499268,0.5025722980499268,0.49742773175239563,2,2,3,zero_shot_paired
30,4,2,4,60,1,1,1,0.5039264559745789,0.5039264559745789,0.49607348442077637,0.5039264559745789,2,2,3,zero_shot_paired
30,5,2,5,60,1,1,1,0.5002326965332031,0.5002326965332031,0.49976733326911926,0.5002326965332031,2,2,3,zero_shot_paired
30,6,2,7,60,0,1,0,0.5046802163124084,0.5046802163124084,0.49531978368759155,0.5046802163124084,2,2,3,zero_shot_paired
30,7,2,9,60,1,1,1,0.5038204193115234,0.5038204193115234,0.4961795508861542,0.5038204193115234,2,2,3,zero_shot_paired
30,8,2,10,60,1,0,0,0.5069165229797363,0.5069165229797363,0.5069165229797363,0.49308347702026367,2,2,3,zero_shot_paired
30,9,2,11,60,1,0,0,0.5053619146347046,0.5053619146347046,0.5053619146347046,0.49463802576065063,2,2,3,zero_shot_paired
30,10,2,12,60,1,0,0,0.5010897517204285,0.5010897517204285,0.5010897517204285,0.49891021847724915,2,2,3,zero_shot_paired
30,11,2,14,60,1,1,1,0.501592218875885,0.501592218875885,0.4984077513217926,0.501592218875885,2,2,3,zero_shot_paired
30,12,2,15,60,1,0,0,0.5030902624130249,0.5030902624130249,0.5030902624130249,0.4969097077846527,2,2,3,zero_shot_paired
30,13,2,16,60,0,0,1,0.501602292060852,0.501602292060852,0.501602292060852,0.49839773774147034,2,2,3,zero_shot_paired
30,14,2,17,60,1,0,0,0.5034347176551819,0.5034347176551819,0.5034347176551819,0.4965653121471405,2,2,3,zero_shot_paired
30,0,2,0,60,1,1,1,0.5033429265022278,0.5033429265022278,0.49665701389312744,0.5033429265022278,2,2,3,post_calibration
30,1,2,1,60,1,0,0,0.5053212642669678,0.5053212642669678,0.5053212642669678,0.4946787655353546,2,2,3,post_calibration
30,2,2,2,60,1,1,1,0.5025468468666077,0.5025468468666077,0.4974532127380371,0.5025468468666077,2,2,3,post_calibration
30,3,2,3,60,0,0,1,0.5027758479118347,0.5027758479118347,0.5027758479118347,0.49722418189048767,2,2,3,post_calibration
30,4,2,4,60,1,1,1,0.5040486454963684,0.5040486454963684,0.495951384305954,0.5040486454963684,2,2,3,post_calibration
30,5,2,5,60,1,1,1,0.5004060864448547,0.5004060864448547,0.49959397315979004,0.5004060864448547,2,2,3,post_calibration
30,6,2,7,60,0,1,0,0.5046422481536865,0.5046422481536865,0.4953577220439911,0.5046422481536865,2,2,3,post_calibration
30,7,2,9,60,1,1,1,0.5041729807853699,0.5041729807853699,0.4958270192146301,0.5041729807853699,2,2,3,post_calibration
30,8,2,10,60,1,0,0,0.5069583654403687,0.5069583654403687,0.5069583654403687,0.49304163455963135,2,2,3,post_calibration
30,9,2,11,60,1,0,0,0.50493323802948,0.50493323802948,0.50493323802948,0.4950667917728424,2,2,3,post_calibration
30,10,2,12,60,1,0,0,0.5012198686599731,0.5012198686599731,0.5012198686599731,0.49878016114234924,2,2,3,post_calibration
30,11,2,14,60,1,1,1,0.5021173357963562,0.5021173357963562,0.4978826344013214,0.5021173357963562,2,2,3,post_calibration
30,12,2,15,60,1,0,0,0.5035519003868103,0.5035519003868103,0.5035519003868103,0.4964480400085449,2,2,3,post_calibration
30,13,2,16,60,0,0,1,0.5022208094596863,0.5022208094596863,0.5022208094596863,0.4977791905403137,2,2,3,post_calibration
30,14,2,17,60,1,0,0,0.5036903023719788,0.5036903023719788,0.5036903023719788,0.496309757232666,2,2,3,post_calibration
31,0,2,0,60,1,1,1,0.5032705664634705,0.5032705664634705,0.49672943353652954,0.5032705664634705,2,3,3,zero_shot_paired
31,1,2,2,60,1,1,1,0.5022685527801514,0.5022685527801514,0.49773141741752625,0.5022685527801514,2,3,3,zero_shot_paired
31,2,2,3,60,0,0,1,0.5025722980499268,0.5025722980499268,0.5025722980499268,0.49742773175239563,2,3,3,zero_shot_paired
31,3,2,4,60,1,1,1,0.5039264559745789,0.5039264559745789,0.49607348442077637,0.5039264559745789,2,3,3,zero_shot_paired
31,4,2,5,60,1,1,1,0.5002326965332031,0.5002326965332031,0.49976733326911926,0.5002326965332031,2,3,3,zero_shot_paired
31,5,2,6,60,1,0,0,0.5026996731758118,0.5026996731758118,0.5026996731758118,0.49730029702186584,2,3,3,zero_shot_paired
31,6,2,8,60,0,0,1,0.5020403265953064,0.5020403265953064,0.5020403265953064,0.4979596734046936,2,3,3,zero_shot_paired
31,7,2,9,60,1,1,1,0.5038204193115234,0.5038204193115234,0.4961795508861542,0.5038204193115234,2,3,3,zero_shot_paired
31,8,2,11,60,1,0,0,0.5053619146347046,0.5053619146347046,0.5053619146347046,0.49463802576065063,2,3,3,zero_shot_paired
31,9,2,12,60,1,0,0,0.5010897517204285,0.5010897517204285,0.5010897517204285,0.49891021847724915,2,3,3,zero_shot_paired
31,10,2,13,60,1,1,1,0.5013513565063477,0.5013513565063477,0.49864867329597473,0.5013513565063477,2,3,3,zero_shot_paired
31,11,2,14,60,1,1,1,0.501592218875885,0.501592218875885,0.4984077513217926,0.501592218875885,2,3,3,zero_shot_paired
31,12,2,15,60,1,0,0,0.5030902624130249,0.5030902624130249,0.5030902624130249,0.4969097077846527,2,3,3,zero_shot_paired
31,13,2,16,60,0,0,1,0.501602292060852,0.501602292060852,0.501602292060852,0.49839773774147034,2,3,3,zero_shot_paired
31,14,2,17,60,1,0,0,0.5034347176551819,0.5034347176551819,0.5034347176551819,0.4965653121471405,2,3,3,zero_shot_paired
31,0,2,0,60,1,1,1,0.5037178993225098,0.5037178993225098,0.49628207087516785,0.5037178993225098,2,3,3,post_calibration
31,1,2,2,60,1,1,1,0.502785325050354,0.502785325050354,0.4972146451473236,0.502785325050354,2,3,3,post_calibration
31,2,2,3,60,0,0,1,0.5019120573997498,0.5019120573997498,0.5019120573997498,0.49808797240257263,2,3,3,post_calibration
31,3,2,4,60,1,1,1,0.5044410824775696,0.5044410824775696,0.4955589175224304,0.5044410824775696,2,3,3,post_calibration
31,4,2,5,60,1,1,1,0.5003719925880432,0.5003719925880432,0.4996280074119568,0.5003719925880432,2,3,3,post_calibration
31,5,2,6,60,1,0,0,0.5025562644004822,0.5025562644004822,0.5025562644004822,0.4974437654018402,2,3,3,post_calibration
31,6,2,8,60,0,0,1,0.5013493299484253,0.5013493299484253,0.5013493299484253,0.4986506402492523,2,3,3,post_calibration
31,7,2,9,60,1,1,1,0.5041094422340393,0.5041094422340393,0.4958905279636383,0.5041094422340393,2,3,3,post_calibration
31,8,2,11,60,1,0,0,0.5052156448364258,0.5052156448364258,0.5052156448364258,0.49478432536125183,2,3,3,post_calibration
31,9,2,12,60,1,0,0,0.5007932782173157,0.5007932782173157,0.5007932782173157,0.4992067515850067,2,3,3,post_calibration
31,10,2,13,60,1,1,1,0.5014739036560059,0.5014739036560059,0.49852609634399414,0.5014739036560059,2,3,3,post_calibration
31,11,2,14,60,1,1,1,0.5019176006317139,0.5019176006317139,0.49808236956596375,0.5019176006317139,2,3,3,post_calibration
31,12,2,15,60,1,0,0,0.5028300285339355,0.5028300285339355,0.5028300285339355,0.49717000126838684,2,3,3,post_calibration
31,13,2,16,60,0,0,1,0.5010361671447754,0.5010361671447754,0.5010361671447754,0.4989638030529022,2,3,3,post_calibration
31,14,2,17,60,1,0,0,0.502598762512207,0.502598762512207,0.502598762512207,0.49740123748779297,2,3,3,post_calibration
32,0,2,0,60,1,1,1,0.5032705664634705,0.5032705664634705,0.49672943353652954,0.5032705664634705,2,4,3,zero_shot_paired
32,1,2,1,60,1,0,0,0.505631148815155,0.505631148815155,0.505631148815155,0.49436885118484497,2,4,3,zero_shot_paired
32,2,2,3,60,0,0,1,0.5025722980499268,0.5025722980499268,0.5025722980499268,0.49742773175239563,2,4,3,zero_shot_paired
32,3,2,4,60,1,1,1,0.5039264559745789,0.5039264559745789,0.49607348442077637,0.5039264559745789,2,4,3,zero_shot_paired
32,4,2,5,60,1,1,1,0.5002326965332031,0.5002326965332031,0.49976733326911926,0.5002326965332031,2,4,3,zero_shot_paired
32,5,2,6,60,1,0,0,0.5026996731758118,0.5026996731758118,0.5026996731758118,0.49730029702186584,2,4,3,zero_shot_paired
32,6,2,7,60,0,1,0,0.5046802163124084,0.5046802163124084,0.49531978368759155,0.5046802163124084,2,4,3,zero_shot_paired
32,7,2,8,60,0,0,1,0.5020403265953064,0.5020403265953064,0.5020403265953064,0.4979596734046936,2,4,3,zero_shot_paired
32,8,2,9,60,1,1,1,0.5038204193115234,0.5038204193115234,0.4961795508861542,0.5038204193115234,2,4,3,zero_shot_paired
32,9,2,10,60,1,0,0,0.5069165229797363,0.5069165229797363,0.5069165229797363,0.49308347702026367,2,4,3,zero_shot_paired
32,10,2,12,60,1,0,0,0.5010897517204285,0.5010897517204285,0.5010897517204285,0.49891021847724915,2,4,3,zero_shot_paired
32,11,2,13,60,1,1,1,0.5013513565063477,0.5013513565063477,0.49864867329597473,0.5013513565063477,2,4,3,zero_shot_paired
32,12,2,14,60,1,1,1,0.501592218875885,0.501592218875885,0.4984077513217926,0.501592218875885,2,4,3,zero_shot_paired
32,13,2,15,60,1,0,0,0.5030902624130249,0.5030902624130249,0.5030902624130249,0.4969097077846527,2,4,3,zero_shot_paired
32,14,2,16,60,0,0,1,0.501602292060852,0.501602292060852,0.501602292060852,0.49839773774147034,2,4,3,zero_shot_paired
32,0,2,0,60,1,1,1,0.5046115517616272,0.5046115517616272,0.4953884184360504,0.5046115517616272,2,4,3,post_calibration
32,1,2,1,60,1,0,0,0.5046772956848145,0.5046772956848145,0.5046772956848145,0.49532264471054077,2,4,3,post_calibration
32,2,2,3,60,0,0,1,0.5015658736228943,0.5015658736228943,0.5015658736228943,0.4984340965747833,2,4,3,post_calibration
32,3,2,4,60,1,1,1,0.5049237012863159,0.5049237012863159,0.4950762987136841,0.5049237012863159,2,4,3,post_calibration
32,4,2,5,60,1,1,1,0.50052809715271,0.50052809715271,0.49947190284729004,0.50052809715271,2,4,3,post_calibration
32,5,2,6,60,1,0,0,0.5012199878692627,0.5012199878692627,0.5012199878692627,0.4987800419330597,2,4,3,post_calibration
32,6,2,7,60,0,1,0,0.5055866837501526,0.5055866837501526,0.4944133162498474,0.5055866837501526,2,4,3,post_calibration
32,7,2,8,60,0,0,1,0.5009909272193909,0.5009909272193909,0.5009909272193909,0.49900904297828674,2,4,3,post_calibration
32,8,2,9,60,1,1,1,0.5055438876152039,0.5055438876152039,0.49445608258247375,0.5055438876152039,2,4,3,post_calibration
32,9,2,10,60,1,0,0,0.505428671836853,0.505428671836853,0.505428671836853,0.4945712685585022,2,4,3,post_calibration
32,10,2,12,60,1,1,1,0.5005090236663818,0.5005090236663818,0.49949103593826294,0.5005090236663818,2,4,3,post_calibration
32,11,2,13,60,1,1,1,0.5021960735321045,0.5021960735321045,0.4978039264678955,0.5021960735321045,2,4,3,post_calibration
32,12,2,14,60,1,1,1,0.5019816756248474,0.5019816756248474,0.498018354177475,0.5019816756248474,2,4,3,post_calibration
32,13,2,15,60,1,0,0,0.502484917640686,0.502484917640686,0.502484917640686,0.49751508235931396,2,4,3,post_calibration
32,14,2,16,60,0,1,0,0.500010073184967,0.500010073184967,0.49998989701271057,0.500010073184967,2,4,3,post_calibration
33,0,2,0,60,1,1,1,0.5032705664634705,0.5032705664634705,0.49672943353652954,0.5032705664634705,2,5,3,zero_shot_paired
33,1,2,1,60,1,0,0,0.505631148815155,0.505631148815155,0.505631148815155,0.49436885118484497,2,5,3,zero_shot_paired
33,2,2,2,60,1,1,1,0.5022685527801514,0.5022685527801514,0.49773141741752625,0.5022685527801514,2,5,3,zero_shot_paired
33,3,2,3,60,0,0,1,0.5025722980499268,0.5025722980499268,0.5025722980499268,0.49742773175239563,2,5,3,zero_shot_paired
33,4,2,4,60,1,1,1,0.5039264559745789,0.5039264559745789,0.49607348442077637,0.5039264559745789,2,5,3,zero_shot_paired
33,5,2,5,60,1,1,1,0.5002326965332031,0.5002326965332031,0.49976733326911926,0.5002326965332031,2,5,3,zero_shot_paired
33,6,2,6,60,1,0,0,0.5026996731758118,0.5026996731758118,0.5026996731758118,0.49730029702186584,2,5,3,zero_shot_paired
33,7,2,7,60,0,1,0,0.5046802163124084,0.5046802163124084,0.49531978368759155,0.5046802163124084,2,5,3,zero_shot_paired
33,8,2,8,60,0,0,1,0.5020403265953064,0.5020403265953064,0.5020403265953064,0.4979596734046936,2,5,3,zero_shot_paired
33,9,2,10,60,1,0,0,0.5069165229797363,0.5069165229797363,0.5069165229797363,0.49308347702026367,2,5,3,zero_shot_paired
33,10,2,11,60,1,0,0,0.5053619146347046,0.5053619146347046,0.5053619146347046,0.49463802576065063,2,5,3,zero_shot_paired
33,11,2,12,60,1,0,0,0.5010897517204285,0.5010897517204285,0.5010897517204285,0.49891021847724915,2,5,3,zero_shot_paired
33,12,2,13,60,1,1,1,0.5013513565063477,0.5013513565063477,0.49864867329597473,0.5013513565063477,2,5,3,zero_shot_paired
33,13,2,14,60,1,1,1,0.501592218875885,0.501592218875885,0.4984077513217926,0.501592218875885,2,5,3,zero_shot_paired
33,14,2,17,60,1,0,0,0.5034347176551819,0.5034347176551819,0.5034347176551819,0.4965653121471405,2,5,3,zero_shot_paired
33,0,2,0,60,1,1,1,0.5029322504997253,0.5029322504997253,0.49706771969795227,0.5029322504997253,2,5,3,post_calibration
33,1,2,1,60,1,0,0,0.505588948726654,0.505588948726654,0.505588948726654,0.49441105127334595,2,5,3,post_calibration
33,2,2,2,60,1,1,1,0.5018965601921082,0.5018965601921082,0.49810343980789185,0.5018965601921082,2,5,3,post_calibration
33,3,2,3,60,0,0,1,0.5022420883178711,0.5022420883178711,0.5022420883178711,0.4977578818798065,2,5,3,post_calibration
33,4,2,4,60,1,1,1,0.50421541929245,0.50421541929245,0.49578458070755005,0.50421541929245,2,5,3,post_calibration
33,5,2,5,60,1,1,1,0.500042736530304,0.500042736530304,0.49995729327201843,0.500042736530304,2,5,3,post_calibration
33,6,2,6,60,1,0,0,0.5032354593276978,0.5032354593276978,0.5032354593276978,0.49676454067230225,2,5,3,post_calibration
33,7,2,7,60,0,1,0,0.5044644474983215,0.5044644474983215,0.4955355226993561,0.5044644474983215,2,5,3,post_calibration
33,8,2,8,60,0,0,1,0.501641035079956,0.501641035079956,0.501641035079956,0.49835896492004395,2,5,3,post_calibration
33,9,2,10,60,1,0,0,0.5073949694633484,0.5073949694633484,0.5073949694633484,0.492605060338974,2,5,3,post_calibration
33,10,2,11,60,1,0,0,0.5059061050415039,0.5059061050415039,0.5059061050415039,0.4940938651561737,2,5,3,post_calibration
33,11,2,12,60,1,0,0,0.5014232397079468,0.5014232397079468,0.5014232397079468,0.4985767602920532,2,5,3,post_calibration
33,12,2,13,60,1,1,1,0.5016120672225952,0.5016120672225952,0.4983879029750824,0.5016120672225952,2,5,3,post_calibration
33,13,2,14,60,1,1,1,0.5015400648117065,0.5015400648117065,0.49845993518829346,0.5015400648117065,2,5,3,post_calibration
33,14,2,17,60,1,0,0,0.5038357973098755,0.5038357973098755,0.5038357973098755,0.4961642324924469,2,5,3,post_calibration
34,0,2,1,60,1,0,0,0.505631148815155,0.505631148815155,0.505631148815155,0.49436885118484497,2,6,3,zero_shot_paired
34,1,2,2,60,1,1,1,0.5022685527801514,0.5022685527801514,0.49773141741752625,0.5022685527801514,2,6,3,zero_shot_paired
34,2,2,3,60,0,0,1,0.5025722980499268,0.5025722980499268,0.5025722980499268,0.49742773175239563,2,6,3,zero_shot_paired
34,3,2,4,60,1,1,1,0.5039264559745789,0.5039264559745789,0.49607348442077637,0.5039264559745789,2,6,3,zero_shot_paired
34,4,2,6,60,1,0,0,0.5026996731758118,0.5026996731758118,0.5026996731758118,0.49730029702186584,2,6,3,zero_shot_paired
34,5,2,7,60,0,1,0,0.5046802163124084,0.5046802163124084,0.49531978368759155,0.5046802163124084,2,6,3,zero_shot_paired
34,6,2,8,60,0,0,1,0.5020403265953064,0.5020403265953064,0.5020403265953064,0.4979596734046936,2,6,3,zero_shot_paired
34,7,2,9,60,1,1,1,0.5038204193115234,0.5038204193115234,0.4961795508861542,0.5038204193115234,2,6,3,zero_shot_paired
34,8,2,10,60,1,0,0,0.5069165229797363,0.5069165229797363,0.5069165229797363,0.49308347702026367,2,6,3,zero_shot_paired
34,9,2,11,60,1,0,0,0.5053619146347046,0.5053619146347046,0.5053619146347046,0.49463802576065063,2,6,3,zero_shot_paired
34,10,2,12,60,1,0,0,0.5010897517204285,0.5010897517204285,0.5010897517204285,0.49891021847724915,2,6,3,zero_shot_paired
34,11,2,13,60,1,1,1,0.5013513565063477,0.5013513565063477,0.49864867329597473,0.5013513565063477,2,6,3,zero_shot_paired
34,12,2,15,60,1,0,0,0.5030902624130249,0.5030902624130249,0.5030902624130249,0.4969097077846527,2,6,3,zero_shot_paired
34,13,2,16,60,0,0,1,0.501602292060852,0.501602292060852,0.501602292060852,0.49839773774147034,2,6,3,zero_shot_paired
34,14,2,17,60,1,0,0,0.5034347176551819,0.5034347176551819,0.5034347176551819,0.4965653121471405,2,6,3,zero_shot_paired
34,0,2,1,60,1,0,0,0.505411684513092,0.505411684513092,0.505411684513092,0.49458828568458557,2,6,3,post_calibration
34,1,2,2,60,1,1,1,0.5035274624824524,0.5035274624824524,0.4964725971221924,0.5035274624824524,2,6,3,post_calibration
34,2,2,3,60,0,0,1,0.5025675892829895,0.5025675892829895,0.5025675892829895,0.4974324405193329,2,6,3,post_calibration
34,3,2,4,60,1,1,1,0.505100429058075,0.505100429058075,0.49489960074424744,0.505100429058075,2,6,3,post_calibration
34,4,2,6,60,1,0,0,0.5018665790557861,0.5018665790557861,0.5018665790557861,0.4981333911418915,2,6,3,post_calibration
34,5,2,7,60,0,1,0,0.5053868889808655,0.5053868889808655,0.49461305141448975,0.5053868889808655,2,6,3,post_calibration
34,6,2,8,60,0,0,1,0.5003129243850708,0.5003129243850708,0.5003129243850708,0.4996870160102844,2,6,3,post_calibration
34,7,2,9,60,1,1,1,0.5056456327438354,0.5056456327438354,0.49435436725616455,0.5056456327438354,2,6,3,post_calibration
34,8,2,10,60,1,0,0,0.5061304569244385,0.5061304569244385,0.5061304569244385,0.49386951327323914,2,6,3,post_calibration
34,9,2,11,60,1,0,0,0.5048685073852539,0.5048685073852539,0.5048685073852539,0.4951315224170685,2,6,3,post_calibration
34,10,2,12,60,1,0,0,0.5000849366188049,0.5000849366188049,0.5000849366188049,0.4999150335788727,2,6,3,post_calibration
34,11,2,13,60,1,1,1,0.5024125576019287,0.5024125576019287,0.4975873827934265,0.5024125576019287,2,6,3,post_calibration
34,12,2,15,60,1,0,0,0.5034161806106567,0.5034161806106567,0.5034161806106567,0.49658384919166565,2,6,3,post_calibration
34,13,2,16,60,0,0,1,0.5008166432380676,0.5008166432380676,0.5008166432380676,0.4991833567619324,2,6,3,post_calibration
34,14,2,17,60,1,0,0,0.5019216537475586,0.5019216537475586,0.5019216537475586,0.498078316450119,2,6,3,post_calibration
35,0,2,1,60,1,0,0,0.505631148815155,0.505631148815155,0.505631148815155,0.49436885118484497,2,1,6,zero_shot_paired
35,1,2,3,60,0,0,1,0.5025722980499268,0.5025722980499268,0.5025722980499268,0.49742773175239563,2,1,6,zero_shot_paired
35,2,2,6,60,1,0,0,0.5026996731758118,0.5026996731758118,0.5026996731758118,0.49730029702186584,2,1,6,zero_shot_paired
35,3,2,7,60,0,1,0,0.5046802163124084,0.5046802163124084,0.49531978368759155,0.5046802163124084,2,1,6,zero_shot_paired
35,4,2,9,60,1,1,1,0.5038204193115234,0.5038204193115234,0.4961795508861542,0.5038204193115234,2,1,6,zero_shot_paired
35,5,2,10,60,1,0,0,0.5069165229797363,0.5069165229797363,0.5069165229797363,0.49308347702026367,2,1,6,zero_shot_paired
35,6,2,11,60,1,0,0,0.5053619146347046,0.5053619146347046,0.5053619146347046,0.49463802576065063,2,1,6,zero_shot_paired
35,7,2,12,60,1,0,0,0.5010897517204285,0.5010897517204285,0.5010897517204285,0.49891021847724915,2,1,6,zero_shot_paired
35,8,2,14,60,1,1,1,0.501592218875885,0.501592218875885,0.4984077513217926,0.501592218875885,2,1,6,zero_shot_paired
35,9,2,15,60,1,0,0,0.5030902624130249,0.5030902624130249,0.5030902624130249,0.4969097077846527,2,1,6,zero_shot_paired
35,10,2,16,60,0,0,1,0.501602292060852,0.501602292060852,0.501602292060852,0.49839773774147034,2,1,6,zero_shot_paired
35,11,2,17,60,1,0,0,0.5034347176551819,0.5034347176551819,0.5034347176551819,0.4965653121471405,2,1,6,zero_shot_paired
35,0,2,1,60,1,0,0,0.5046631693840027,0.5046631693840027,0.5046631693840027,0.4953368008136749,2,1,6,post_calibration
35,1,2,3,60,0,0,1,0.5022072792053223,0.5022072792053223,0.5022072792053223,0.4977927505970001,2,1,6,post_calibration
35,2,2,6,60,1,0,0,0.5017831921577454,0.5017831921577454,0.5017831921577454,0.49821674823760986,2,1,6,post_calibration
35,3,2,7,60,0,1,0,0.5054523944854736,0.5054523944854736,0.494547575712204,0.5054523944854736,2,1,6,post_calibration
35,4,2,9,60,1,1,1,0.5063645243644714,0.5063645243644714,0.49363547563552856,0.5063645243644714,2,1,6,post_calibration
35,5,2,10,60,1,0,0,0.5060269832611084,0.5060269832611084,0.5060269832611084,0.4939730167388916,2,1,6,post_calibration
35,6,2,11,60,1,0,0,0.5048563480377197,0.5048563480377197,0.5048563480377197,0.4951436519622803,2,1,6,post_calibration
35,7,2,12,60,1,1,1,0.5001665949821472,0.5001665949821472,0.49983343482017517,0.5001665949821472,2,1,6,post_calibration
35,8,2,14,60,1,1,1,0.5039137005805969,0.5039137005805969,0.49608632922172546,0.5039137005805969,2,1,6,post_calibration
35,9,2,15,60,1,0,0,0.503014087677002,0.503014087677002,0.503014087677002,0.49698594212532043,2,1,6,post_calibration
35,10,2,16,60,0,0,1,0.5007957220077515,0.5007957220077515,0.5007957220077515,0.4992043077945709,2,1,6,post_calibration
35,11,2,17,60,1,0,0,0.502722442150116,0.502722442150116,0.502722442150116,0.49727752804756165,2,1,6,post_calibration
36,0,2,0,60,1,1,1,0.5032705664634705,0.5032705664634705,0.49672943353652954,0.5032705664634705,2,2,6,zero_shot_paired
36,1,2,2,60,1,1,1,0.5022685527801514,0.5022685527801514,0.49773141741752625,0.5022685527801514,2,2,6,zero_shot_paired
36,2,2,4,60,1,1,1,0.5039264559745789,0.5039264559745789,0.49607348442077637,0.5039264559745789,2,2,6,zero_shot_paired
36,3,2,5,60,1,1,1,0.5002326965332031,0.5002326965332031,0.49976733326911926,0.5002326965332031,2,2,6,zero_shot_paired
36,4,2,6,60,1,0,0,0.5026996731758118,0.5026996731758118,0.5026996731758118,0.49730029702186584,2,2,6,zero_shot_paired
36,5,2,8,60,0,0,1,0.5020403265953064,0.5020403265953064,0.5020403265953064,0.4979596734046936,2,2,6,zero_shot_paired
36,6,2,9,60,1,1,1,0.5038204193115234,0.5038204193115234,0.4961795508861542,0.5038204193115234,2,2,6,zero_shot_paired
36,7,2,10,60,1,0,0,0.5069165229797363,0.5069165229797363,0.5069165229797363,0.49308347702026367,2,2,6,zero_shot_paired
36,8,2,12,60,1,0,0,0.5010897517204285,0.5010897517204285,0.5010897517204285,0.49891021847724915,2,2,6,zero_shot_paired
36,9,2,13,60,1,1,1,0.5013513565063477,0.5013513565063477,0.49864867329597473,0.5013513565063477,2,2,6,zero_shot_paired
36,10,2,14,60,1,1,1,0.501592218875885,0.501592218875885,0.4984077513217926,0.501592218875885,2,2,6,zero_shot_paired
36,11,2,16,60,0,0,1,0.501602292060852,0.501602292060852,0.501602292060852,0.49839773774147034,2,2,6,zero_shot_paired
36,0,2,0,60,1,1,1,0.5037634372711182,0.5037634372711182,0.49623656272888184,0.5037634372711182,2,2,6,post_calibration
36,1,2,2,60,1,1,1,0.5024396181106567,0.5024396181106567,0.49756044149398804,0.5024396181106567,2,2,6,post_calibration
36,2,2,4,60,1,1,1,0.5041741728782654,0.5041741728782654,0.49582579731941223,0.5041741728782654,2,2,6,post_calibration
36,3,2,5,60,1,1,1,0.5000433921813965,0.5000433921813965,0.4999566376209259,0.5000433921813965,2,2,6,post_calibration
36,4,2,6,60,1,0,0,0.5021000504493713,0.5021000504493713,0.5021000504493713,0.4978999197483063,2,2,6,post_calibration
36,5,2,8,60,0,0,1,0.5023937225341797,0.5023937225341797,0.5023937225341797,0.4976062774658203,2,2,6,post_calibration
36,6,2,9,60,1,1,1,0.5043137669563293,0.5043137669563293,0.49568623304367065,0.5043137669563293,2,2,6,post_calibration
36,7,2,10,60,1,0,0,0.5061833262443542,0.5061833262443542,0.5061833262443542,0.49381670355796814,2,2,6,post_calibration
36,8,2,12,60,1,0,0,0.500626802444458,0.500626802444458,0.500626802444458,0.499373197555542,2,2,6,post_calibration
36,9,2,13,60,1,1,1,0.5014343857765198,0.5014343857765198,0.49856558442115784,0.5014343857765198,2,2,6,post_calibration
36,10,2,14,60,1,1,1,0.5016129016876221,0.5016129016876221,0.49838706851005554,0.5016129016876221,2,2,6,post_calibration
36,11,2,16,60,0,0,1,0.501616358757019,0.501616358757019,0.501616358757019,0.4983835816383362,2,2,6,post_calibration
37,0,2,0,60,1,1,1,0.5032705664634705,0.5032705664634705,0.49672943353652954,0.5032705664634705,2,3,6,zero_shot_paired
37,1,2,1,60,1,0,0,0.505631148815155,0.505631148815155,0.505631148815155,0.49436885118484497,2,3,6,zero_shot_paired
37,2,2,2,60,1,1,1,0.5022685527801514,0.5022685527801514,0.49773141741752625,0.5022685527801514,2,3,6,zero_shot_paired
37,3,2,3,60,0,0,1,0.5025722980499268,0.5025722980499268,0.5025722980499268,0.49742773175239563,2,3,6,zero_shot_paired
37,4,2,4,60,1,1,1,0.5039264559745789,0.5039264559745789,0.49607348442077637,0.5039264559745789,2,3,6,zero_shot_paired
37,5,2,5,60,1,1,1,0.5002326965332031,0.5002326965332031,0.49976733326911926,0.5002326965332031,2,3,6,zero_shot_paired
37,6,2,7,60,0,1,0,0.5046802163124084,0.5046802163124084,0.49531978368759155,0.5046802163124084,2,3,6,zero_shot_paired
37,7,2,8,60,0,0,1,0.5020403265953064,0.5020403265953064,0.5020403265953064,0.4979596734046936,2,3,6,zero_shot_paired
37,8,2,11,60,1,0,0,0.5053619146347046,0.5053619146347046,0.5053619146347046,0.49463802576065063,2,3,6,zero_shot_paired
37,9,2,13,60,1,1,1,0.5013513565063477,0.5013513565063477,0.49864867329597473,0.5013513565063477,2,3,6,zero_shot_paired
37,10,2,15,60,1,0,0,0.5030902624130249,0.5030902624130249,0.5030902624130249,0.4969097077846527,2,3,6,zero_shot_paired
37,11,2,17,60,1,0,0,0.5034347176551819,0.5034347176551819,0.5034347176551819,0.4965653121471405,2,3,6,zero_shot_paired
37,0,2,0,60,1,1,1,0.5068615674972534,0.5068615674972534,0.4931384027004242,0.5068615674972534,2,3,6,post_calibration
37,1,2,1,60,1,0,0,0.5050347447395325,0.5050347447395325,0.5050347447395325,0.49496522545814514,2,3,6,post_calibration
37,2,2,2,60,1,1,1,0.5052803754806519,0.5052803754806519,0.49471965432167053,0.5052803754806519,2,3,6,post_calibration
37,3,2,3,60,0,0,1,0.5023637413978577,0.5023637413978577,0.5023637413978577,0.49763625860214233,2,3,6,post_calibration
37,4,2,4,60,1,1,1,0.5050430297851562,0.5050430297851562,0.49495694041252136,0.5050430297851562,2,3,6,post_calibration
37,5,2,5,60,1,1,1,0.5017666220664978,0.5017666220664978,0.4982333779335022,0.5017666220664978,2,3,6,post_calibration
37,6,2,7,60,0,1,0,0.5046149492263794,0.5046149492263794,0.4953850209712982,0.5046149492263794,2,3,6,post_calibration
37,7,2,8,60,0,0,1,0.5007694959640503,0.5007694959640503,0.5007694959640503,0.4992305338382721,2,3,6,post_calibration
37,8,2,11,60,1,0,0,0.5044445395469666,0.5044445395469666,0.5044445395469666,0.49555543065071106,2,3,6,post_calibration
37,9,2,13,60,1,1,1,0.5041269063949585,0.5041269063949585,0.4958731234073639,0.5041269063949585,2,3,6,post_calibration
37,10,2,15,60,1,0,0,0.5033097267150879,0.5033097267150879,0.5033097267150879,0.4966902434825897,2,3,6,post_calibration
37,11,2,17,60,1,0,0,0.5012390613555908,0.5012390613555908,0.5012390613555908,0.4987609088420868,2,3,6,post_calibration
38,0,2,1,60,1,0,0,0.505631148815155,0.505631148815155,0.505631148815155,0.4943688213825226,2,1,9,zero_shot_paired
38,1,2,3,60,0,0,1,0.5025722980499268,0.5025722980499268,0.5025722980499268,0.49742773175239563,2,1,9,zero_shot_paired
38,2,2,6,60,1,0,0,0.5026999711990356,0.5026999711990356,0.5026999711990356,0.49729999899864197,2,1,9,zero_shot_paired
38,3,2,9,60,1,1,1,0.5038204193115234,0.5038204193115234,0.49617961049079895,0.5038204193115234,2,1,9,zero_shot_paired
38,4,2,12,60,1,0,0,0.5010898113250732,0.5010898113250732,0.5010898113250732,0.49891015887260437,2,1,9,zero_shot_paired
38,5,2,13,60,1,1,1,0.5013513565063477,0.5013513565063477,0.49864867329597473,0.5013513565063477,2,1,9,zero_shot_paired
38,6,2,15,60,1,0,0,0.503090500831604,0.503090500831604,0.503090500831604,0.4969095289707184,2,1,9,zero_shot_paired
38,7,2,16,60,0,0,1,0.5016023516654968,0.5016023516654968,0.5016023516654968,0.4983976185321808,2,1,9,zero_shot_paired
38,8,2,17,60,1,0,0,0.5034346580505371,0.5034346580505371,0.5034346580505371,0.4965653121471405,2,1,9,zero_shot_paired
38,0,2,1,60,1,0,0,0.505109965801239,0.505109965801239,0.505109965801239,0.4948900043964386,2,1,9,post_calibration
38,1,2,3,60,0,0,1,0.5030152201652527,0.5030152201652527,0.5030152201652527,0.4969847798347473,2,1,9,post_calibration
38,2,2,6,60,1,0,0,0.5018088221549988,0.5018088221549988,0.5018088221549988,0.49819114804267883,2,1,9,post_calibration
38,3,2,9,60,1,1,1,0.5047867298126221,0.5047867298126221,0.49521327018737793,0.5047867298126221,2,1,9,post_calibration
38,4,2,12,60,1,0,0,0.500694751739502,0.500694751739502,0.500694751739502,0.49930527806282043,2,1,9,post_calibration
38,5,2,13,60,1,1,1,0.502368688583374,0.502368688583374,0.4976312816143036,0.502368688583374,2,1,9,post_calibration
38,6,2,15,60,1,0,0,0.5035190582275391,0.5035190582275391,0.5035190582275391,0.49648094177246094,2,1,9,post_calibration
38,7,2,16,60,0,0,1,0.5015335083007812,0.5015335083007812,0.5015335083007812,0.49846649169921875,2,1,9,post_calibration
38,8,2,17,60,1,0,0,0.5030204653739929,0.5030204653739929,0.5030204653739929,0.4969794750213623,2,1,9,post_calibration
39,0,2,0,60,1,1,1,0.5032703876495361,0.5032703876495361,0.49672961235046387,0.5032703876495361,2,2,9,zero_shot_paired
39,1,2,2,60,1,1,1,0.5022685527801514,0.5022685527801514,0.49773141741752625,0.5022685527801514,2,2,9,zero_shot_paired
39,2,2,4,60,1,1,1,0.5039264559745789,0.5039264559745789,0.49607348442077637,0.5039264559745789,2,2,9,zero_shot_paired
39,3,2,5,60,1,1,1,0.5002326965332031,0.5002326965332031,0.4997673034667969,0.5002326965332031,2,2,9,zero_shot_paired
39,4,2,7,60,0,1,0,0.5046802759170532,0.5046802759170532,0.4953196942806244,0.5046802759170532,2,2,9,zero_shot_paired
39,5,2,8,60,0,0,1,0.5020403861999512,0.5020403861999512,0.5020403861999512,0.4979596436023712,2,2,9,zero_shot_paired
39,6,2,10,60,1,0,0,0.5069165229797363,0.5069165229797363,0.5069165229797363,0.49308347702026367,2,2,9,zero_shot_paired
39,7,2,11,60,1,0,0,0.5053620934486389,0.5053620934486389,0.5053620934486389,0.4946379065513611,2,2,9,zero_shot_paired
39,8,2,14,60,1,1,1,0.5015922784805298,0.5015922784805298,0.4984077215194702,0.5015922784805298,2,2,9,zero_shot_paired
39,0,2,0,60,1,1,1,0.5043861269950867,0.5043861269950867,0.49561384320259094,0.5043861269950867,2,2,9,post_calibration
39,1,2,2,60,1,1,1,0.5033784508705139,0.5033784508705139,0.4966215491294861,0.5033784508705139,2,2,9,post_calibration
39,2,2,4,60,1,1,1,0.5052181482315063,0.5052181482315063,0.49478182196617126,0.5052181482315063,2,2,9,post_calibration
39,3,2,5,60,1,1,1,0.5010733008384705,0.5010733008384705,0.49892669916152954,0.5010733008384705,2,2,9,post_calibration
39,4,2,7,60,0,1,0,0.5049118399620056,0.5049118399620056,0.4950881600379944,0.5049118399620056,2,2,9,post_calibration
39,5,2,8,60,0,0,1,0.501008152961731,0.501008152961731,0.501008152961731,0.49899181723594666,2,2,9,post_calibration
39,6,2,10,60,1,0,0,0.506081223487854,0.506081223487854,0.506081223487854,0.4939187467098236,2,2,9,post_calibration
39,7,2,11,60,1,0,0,0.5052021741867065,0.5052021741867065,0.5052021741867065,0.49479782581329346,2,2,9,post_calibration
39,8,2,14,60,1,1,1,0.5026618242263794,0.5026618242263794,0.4973381757736206,0.5026618242263794,2,2,9,post_calibration
40,0,2,5,60,1,1,1,0.5002336502075195,0.5002336502075195,0.49976634979248047,0.5002336502075195,2,1,12,zero_shot_paired
40,1,2,6,60,1,0,0,0.5027018785476685,0.5027018785476685,0.5027018785476685,0.49729812145233154,2,1,12,zero_shot_paired
40,2,2,7,60,0,1,0,0.5046783089637756,0.5046783089637756,0.49532172083854675,0.5046783089637756,2,1,12,zero_shot_paired
40,3,2,14,60,1,1,1,0.5015909671783447,0.5015909671783447,0.4984090328216553,0.5015909671783447,2,1,12,zero_shot_paired
40,4,2,15,60,1,0,0,0.5030918121337891,0.5030918121337891,0.5030918121337891,0.4969082176685333,2,1,12,zero_shot_paired
40,5,2,17,60,1,0,0,0.5034358501434326,0.5034358501434326,0.5034358501434326,0.496564120054245,2,1,12,zero_shot_paired
40,0,2,5,60,1,1,1,0.5015624761581421,0.5015624761581421,0.4984375834465027,0.5015624761581421,2,1,12,post_calibration
40,1,2,6,60,1,0,0,0.5003597140312195,0.5003597140312195,0.5003597140312195,0.49964022636413574,2,1,12,post_calibration
40,2,2,7,60,0,1,0,0.5060723423957825,0.5060723423957825,0.49392762780189514,0.5060723423957825,2,1,12,post_calibration
40,3,2,14,60,1,1,1,0.5033836960792542,0.5033836960792542,0.4966163635253906,0.5033836960792542,2,1,12,post_calibration
40,4,2,15,60,1,0,0,0.5021370649337769,0.5021370649337769,0.5021370649337769,0.49786293506622314,2,1,12,post_calibration
40,5,2,17,60,1,0,0,0.502321720123291,0.502321720123291,0.502321720123291,0.4976782500743866,2,1,12,post_calibration
41,0,2,1,60,1,0,0,0.5056289434432983,0.5056289434432983,0.5056289434432983,0.49437105655670166,2,2,12,zero_shot_paired
41,1,2,3,60,0,0,1,0.5025711059570312,0.5025711059570312,0.5025711059570312,0.49742892384529114,2,2,12,zero_shot_paired
41,2,2,9,60,1,1,1,0.5038208961486816,0.5038208961486816,0.49617910385131836,0.5038208961486816,2,2,12,zero_shot_paired
41,3,2,11,60,1,0,0,0.5053616762161255,0.5053616762161255,0.5053616762161255,0.4946382939815521,2,2,12,zero_shot_paired
41,4,2,12,60,1,0,0,0.5010911822319031,0.5010911822319031,0.5010911822319031,0.4989088177680969,2,2,12,zero_shot_paired
41,5,2,13,60,1,1,1,0.5013524293899536,0.5013524293899536,0.498647540807724,0.5013524293899536,2,2,12,zero_shot_paired
41,0,2,1,60,1,0,0,0.5044100880622864,0.5044100880622864,0.5044100880622864,0.4955899119377136,2,2,12,post_calibration
41,1,2,3,60,0,0,1,0.5028320550918579,0.5028320550918579,0.5028320550918579,0.4971679747104645,2,2,12,post_calibration
41,2,2,9,60,1,1,1,0.5061911344528198,0.5061911344528198,0.4938088059425354,0.5061911344528198,2,2,12,post_calibration
41,3,2,11,60,1,0,0,0.5045744180679321,0.5045744180679321,0.5045744180679321,0.49542561173439026,2,2,12,post_calibration
41,4,2,12,60,1,1,1,0.5007152557373047,0.5007152557373047,0.4992847740650177,0.5007152557373047,2,2,12,post_calibration
41,5,2,13,60,1,1,1,0.5030125975608826,0.5030125975608826,0.49698740243911743,0.5030125975608826,2,2,12,post_calibration
42,0,2,1,60,1,0,0,0.5056289434432983,0.5056289434432983,0.5056289434432983,0.49437105655670166,2,3,12,zero_shot_paired
42,1,2,3,60,0,0,1,0.5025711059570312,0.5025711059570312,0.5025711059570312,0.49742892384529114,2,3,12,zero_shot_paired
42,2,2,9,60,1,1,1,0.5038208961486816,0.5038208961486816,0.49617910385131836,0.5038208961486816,2,3,12,zero_shot_paired
42,3,2,10,60,1,0,0,0.5069171190261841,0.5069171190261841,0.5069171190261841,0.4930829107761383,2,3,12,zero_shot_paired
42,4,2,12,60,1,0,0,0.5010911822319031,0.5010911822319031,0.5010911822319031,0.4989088177680969,2,3,12,zero_shot_paired
42,5,2,17,60,1,0,0,0.5034358501434326,0.5034358501434326,0.5034358501434326,0.496564120054245,2,3,12,zero_shot_paired
42,0,2,1,60,1,0,0,0.5046694874763489,0.5046694874763489,0.5046694874763489,0.4953305125236511,2,3,12,post_calibration
42,1,2,3,60,0,0,1,0.5026758909225464,0.5026758909225464,0.5026758909225464,0.4973241090774536,2,3,12,post_calibration
42,2,2,9,60,1,1,1,0.5060641169548035,0.5060641169548035,0.49393585324287415,0.5060641169548035,2,3,12,post_calibration
42,3,2,10,60,1,0,0,0.5049685835838318,0.5049685835838318,0.5049685835838318,0.4950314462184906,2,3,12,post_calibration
42,4,2,12,60,1,1,1,0.5000309944152832,0.5000309944152832,0.4999689757823944,0.5000309944152832,2,3,12,post_calibration
42,5,2,17,60,1,0,0,0.5025651454925537,0.5025651454925537,0.5025651454925537,0.4974348545074463,2,3,12,post_calibration
4,0,3,0,60,1,0,0,0.5006858110427856,0.5006858110427856,0.5006858110427856,0.49931421875953674,3,,,zero_shot_all_trials
4,1,3,1,60,1,1,1,0.5009596347808838,0.5009596347808838,0.4990403652191162,0.5009596347808838,3,,,zero_shot_all_trials
4,2,3,2,60,1,0,0,0.5009641051292419,0.5009641051292419,0.5009641051292419,0.49903586506843567,3,,,zero_shot_all_trials
4,3,3,3,60,0,0,1,0.5015539526939392,0.5015539526939392,0.5015539526939392,0.4984460771083832,3,,,zero_shot_all_trials
4,4,3,4,60,1,1,1,0.5007609724998474,0.5007609724998474,0.4992390275001526,0.5007609724998474,3,,,zero_shot_all_trials
4,5,3,5,60,1,0,0,0.5008189082145691,0.5008189082145691,0.5008189082145691,0.49918103218078613,3,,,zero_shot_all_trials
4,6,3,6,60,1,1,1,0.5058690905570984,0.5058690905570984,0.4941309094429016,0.5058690905570984,3,,,zero_shot_all_trials
4,7,3,7,60,0,1,0,0.5012773275375366,0.5012773275375366,0.49872273206710815,0.5012773275375366,3,,,zero_shot_all_trials
4,8,3,8,60,0,1,0,0.501233696937561,0.501233696937561,0.4987662732601166,0.501233696937561,3,,,zero_shot_all_trials
4,9,3,9,60,0,1,0,0.5028460025787354,0.5028460025787354,0.49715402722358704,0.5028460025787354,3,,,zero_shot_all_trials
4,10,3,10,60,1,1,1,0.5063836574554443,0.5063836574554443,0.49361634254455566,0.5063836574554443,3,,,zero_shot_all_trials
4,11,3,11,60,1,1,1,0.5068795680999756,0.5068795680999756,0.4931204617023468,0.5068795680999756,3,,,zero_shot_all_trials
4,12,3,12,60,1,1,1,0.5013226866722107,0.5013226866722107,0.4986773729324341,0.5013226866722107,3,,,zero_shot_all_trials
4,13,3,13,60,0,0,1,0.500882625579834,0.500882625579834,0.500882625579834,0.4991174042224884,3,,,zero_shot_all_trials
4,14,3,14,60,0,1,0,0.504792332649231,0.504792332649231,0.49520760774612427,0.504792332649231,3,,,zero_shot_all_trials
4,15,3,15,60,1,1,1,0.5038971304893494,0.5038971304893494,0.49610286951065063,0.5038971304893494,3,,,zero_shot_all_trials
4,16,3,16,60,0,0,1,0.5007498860359192,0.5007498860359192,0.5007498860359192,0.4992500841617584,3,,,zero_shot_all_trials
4,17,3,17,60,0,1,0,0.5083218216896057,0.5083218216896057,0.4916781783103943,0.5083218216896057,3,,,zero_shot_all_trials
43,0,3,0,60,1,0,0,0.5006858110427856,0.5006858110427856,0.5006858110427856,0.49931418895721436,3,1,3,zero_shot_paired
43,1,3,2,60,1,0,0,0.5009641051292419,0.5009641051292419,0.5009641051292419,0.49903586506843567,3,1,3,zero_shot_paired
43,2,3,3,60,0,0,1,0.5015540719032288,0.5015540719032288,0.5015540719032288,0.49844589829444885,3,1,3,zero_shot_paired
43,3,3,4,60,1,1,1,0.5007609128952026,0.5007609128952026,0.4992390275001526,0.5007609128952026,3,1,3,zero_shot_paired
43,4,3,6,60,1,1,1,0.5058690905570984,0.5058690905570984,0.49413084983825684,0.5058690905570984,3,1,3,zero_shot_paired
43,5,3,7,60,0,1,0,0.5012772679328918,0.5012772679328918,0.49872276186943054,0.5012772679328918,3,1,3,zero_shot_paired
43,6,3,8,60,0,1,0,0.5012336373329163,0.5012336373329163,0.49876636266708374,0.5012336373329163,3,1,3,zero_shot_paired
43,7,3,10,60,1,1,1,0.5063835978507996,0.5063835978507996,0.49361637234687805,0.5063835978507996,3,1,3,zero_shot_paired
43,8,3,11,60,1,1,1,0.506879448890686,0.506879448890686,0.49312055110931396,0.506879448890686,3,1,3,zero_shot_paired
43,9,3,12,60,1,1,1,0.5013225674629211,0.5013225674629211,0.49867743253707886,0.5013225674629211,3,1,3,zero_shot_paired
43,10,3,13,60,0,0,1,0.500882625579834,0.500882625579834,0.500882625579834,0.499117374420166,3,1,3,zero_shot_paired
43,11,3,14,60,0,1,0,0.5047921538352966,0.5047921538352966,0.495207816362381,0.5047921538352966,3,1,3,zero_shot_paired
43,12,3,15,60,1,1,1,0.5038971900939941,0.5038971900939941,0.49610280990600586,0.5038971900939941,3,1,3,zero_shot_paired
43,13,3,16,60,0,0,1,0.5007500052452087,0.5007500052452087,0.5007500052452087,0.49924999475479126,3,1,3,zero_shot_paired
43,14,3,17,60,0,1,0,0.5083218216896057,0.5083218216896057,0.4916781783103943,0.5083218216896057,3,1,3,zero_shot_paired
43,0,3,0,60,1,1,1,0.5000617504119873,0.5000617504119873,0.4999382197856903,0.5000617504119873,3,1,3,post_calibration
43,1,3,2,60,1,1,1,0.5001014471054077,0.5001014471054077,0.4998985528945923,0.5001014471054077,3,1,3,post_calibration
43,2,3,3,60,0,0,1,0.5006729960441589,0.5006729960441589,0.5006729960441589,0.4993269741535187,3,1,3,post_calibration
43,3,3,4,60,1,1,1,0.5019863247871399,0.5019863247871399,0.4980136752128601,0.5019863247871399,3,1,3,post_calibration
43,4,3,6,60,1,1,1,0.5058698654174805,0.5058698654174805,0.4941301941871643,0.5058698654174805,3,1,3,post_calibration
43,5,3,7,60,0,1,0,0.5022450089454651,0.5022450089454651,0.4977549910545349,0.5022450089454651,3,1,3,post_calibration
43,6,3,8,60,0,1,0,0.501611590385437,0.501611590385437,0.4983883798122406,0.501611590385437,3,1,3,post_calibration
43,7,3,10,60,1,1,1,0.5064865946769714,0.5064865946769714,0.49351343512535095,0.5064865946769714,3,1,3,post_calibration
43,8,3,11,60,1,1,1,0.5067330598831177,0.5067330598831177,0.49326691031455994,0.5067330598831177,3,1,3,post_calibration
43,9,3,12,60,1,1,1,0.5021868944168091,0.5021868944168091,0.49781307578086853,0.5021868944168091,3,1,3,post_calibration
43,10,3,13,60,0,1,0,0.5002607107162476,0.5002607107162476,0.49973928928375244,0.5002607107162476,3,1,3,post_calibration
43,11,3,14,60,0,1,0,0.5046625137329102,0.5046625137329102,0.4953375458717346,0.5046625137329102,3,1,3,post_calibration
43,12,3,15,60,1,1,1,0.5041813850402832,0.5041813850402832,0.4958185851573944,0.5041813850402832,3,1,3,post_calibration
43,13,3,16,60,0,0,1,0.5000254511833191,0.5000254511833191,0.5000254511833191,0.4999745190143585,3,1,3,post_calibration
43,14,3,17,60,0,1,0,0.5083865523338318,0.5083865523338318,0.4916134774684906,0.5083865523338318,3,1,3,post_calibration
44,0,3,0,60,1,0,0,0.5006858110427856,0.5006858110427856,0.5006858110427856,0.49931418895721436,3,2,3,zero_shot_paired
44,1,3,1,60,1,1,1,0.500959575176239,0.500959575176239,0.4990404546260834,0.500959575176239,3,2,3,zero_shot_paired
44,2,3,2,60,1,0,0,0.5009641051292419,0.5009641051292419,0.5009641051292419,0.49903586506843567,3,2,3,zero_shot_paired
44,3,3,4,60,1,1,1,0.5007609128952026,0.5007609128952026,0.4992390275001526,0.5007609128952026,3,2,3,zero_shot_paired
44,4,3,5,60,1,0,0,0.5008189082145691,0.5008189082145691,0.5008189082145691,0.49918103218078613,3,2,3,zero_shot_paired
44,5,3,6,60,1,1,1,0.5058690905570984,0.5058690905570984,0.49413084983825684,0.5058690905570984,3,2,3,zero_shot_paired
44,6,3,7,60,0,1,0,0.5012772679328918,0.5012772679328918,0.49872276186943054,0.5012772679328918,3,2,3,zero_shot_paired
44,7,3,9,60,0,1,0,0.5028461217880249,0.5028461217880249,0.4971538782119751,0.5028461217880249,3,2,3,zero_shot_paired
44,8,3,10,60,1,1,1,0.5063835978507996,0.5063835978507996,0.49361637234687805,0.5063835978507996,3,2,3,zero_shot_paired
44,9,3,11,60,1,1,1,0.506879448890686,0.506879448890686,0.49312055110931396,0.506879448890686,3,2,3,zero_shot_paired
44,10,3,12,60,1,1,1,0.5013225674629211,0.5013225674629211,0.49867743253707886,0.5013225674629211,3,2,3,zero_shot_paired
44,11,3,13,60,0,0,1,0.500882625579834,0.500882625579834,0.500882625579834,0.499117374420166,3,2,3,zero_shot_paired
44,12,3,14,60,0,1,0,0.5047921538352966,0.5047921538352966,0.495207816362381,0.5047921538352966,3,2,3,zero_shot_paired
44,13,3,16,60,0,0,1,0.5007500052452087,0.5007500052452087,0.5007500052452087,0.49924999475479126,3,2,3,zero_shot_paired
44,14,3,17,60,0,1,0,0.5083218216896057,0.5083218216896057,0.4916781783103943,0.5083218216896057,3,2,3,zero_shot_paired
44,0,3,0,60,1,0,0,0.5023209452629089,0.5023209452629089,0.5023209452629089,0.4976790249347687,3,2,3,post_calibration
44,1,3,1,60,1,0,0,0.5005722641944885,0.5005722641944885,0.5005722641944885,0.4994277060031891,3,2,3,post_calibration
44,2,3,2,60,1,0,0,0.5031959414482117,0.5031959414482117,0.5031959414482117,0.4968040883541107,3,2,3,post_calibration
44,3,3,4,60,1,0,0,0.5015724897384644,0.5015724897384644,0.5015724897384644,0.49842751026153564,3,2,3,post_calibration
44,4,3,5,60,1,0,0,0.5022860169410706,0.5022860169410706,0.5022860169410706,0.49771398305892944,3,2,3,post_calibration
44,5,3,6,60,1,1,1,0.5043338537216187,0.5043338537216187,0.49566617608070374,0.5043338537216187,3,2,3,post_calibration
44,6,3,7,60,0,0,1,0.5007005333900452,0.5007005333900452,0.5007005333900452,0.49929940700531006,3,2,3,post_calibration
44,7,3,9,60,0,1,0,0.5017921924591064,0.5017921924591064,0.49820777773857117,0.5017921924591064,3,2,3,post_calibration
44,8,3,10,60,1,1,1,0.5056619644165039,0.5056619644165039,0.4943380355834961,0.5056619644165039,3,2,3,post_calibration
44,9,3,11,60,1,1,1,0.506287157535553,0.506287157535553,0.4937128722667694,0.506287157535553,3,2,3,post_calibration
44,10,3,12,60,1,0,0,0.5002844333648682,0.5002844333648682,0.5002844333648682,0.49971556663513184,3,2,3,post_calibration
44,11,3,13,60,0,0,1,0.5017454624176025,0.5017454624176025,0.5017454624176025,0.4982545077800751,3,2,3,post_calibration
44,12,3,14,60,0,1,0,0.504382848739624,0.504382848739624,0.4956171214580536,0.504382848739624,3,2,3,post_calibration
44,13,3,16,60,0,0,1,0.5022379159927368,0.5022379159927368,0.5022379159927368,0.4977620840072632,3,2,3,post_calibration
44,14,3,17,60,0,1,0,0.50693279504776,0.50693279504776,0.49306726455688477,0.50693279504776,3,2,3,post_calibration
45,0,3,1,60,1,1,1,0.500959575176239,0.500959575176239,0.4990404546260834,0.500959575176239,3,3,3,zero_shot_paired
45,1,3,3,60,0,0,1,0.5015540719032288,0.5015540719032288,0.5015540719032288,0.49844589829444885,3,3,3,zero_shot_paired
45,2,3,4,60,1,1,1,0.5007609128952026,0.5007609128952026,0.4992390275001526,0.5007609128952026,3,3,3,zero_shot_paired
45,3,3,5,60,1,0,0,0.5008189082145691,0.5008189082145691,0.5008189082145691,0.49918103218078613,3,3,3,zero_shot_paired
45,4,3,6,60,1,1,1,0.5058690905570984,0.5058690905570984,0.49413084983825684,0.5058690905570984,3,3,3,zero_shot_paired
45,5,3,7,60,0,1,0,0.5012772679328918,0.5012772679328918,0.49872276186943054,0.5012772679328918,3,3,3,zero_shot_paired
45,6,3,8,60,0,1,0,0.5012336373329163,0.5012336373329163,0.49876636266708374,0.5012336373329163,3,3,3,zero_shot_paired
45,7,3,9,60,0,1,0,0.5028461217880249,0.5028461217880249,0.4971538782119751,0.5028461217880249,3,3,3,zero_shot_paired
45,8,3,10,60,1,1,1,0.5063835978507996,0.5063835978507996,0.49361637234687805,0.5063835978507996,3,3,3,zero_shot_paired
45,9,3,11,60,1,1,1,0.506879448890686,0.506879448890686,0.49312055110931396,0.506879448890686,3,3,3,zero_shot_paired
45,10,3,12,60,1,1,1,0.5013225674629211,0.5013225674629211,0.49867743253707886,0.5013225674629211,3,3,3,zero_shot_paired
45,11,3,13,60,0,0,1,0.500882625579834,0.500882625579834,0.500882625579834,0.499117374420166,3,3,3,zero_shot_paired
45,12,3,15,60,1,1,1,0.5038971900939941,0.5038971900939941,0.49610280990600586,0.5038971900939941,3,3,3,zero_shot_paired
45,13,3,16,60,0,0,1,0.5007500052452087,0.5007500052452087,0.5007500052452087,0.49924999475479126,3,3,3,zero_shot_paired
45,14,3,17,60,0,1,0,0.5083218216896057,0.5083218216896057,0.4916781783103943,0.5083218216896057,3,3,3,zero_shot_paired
45,0,3,1,60,1,1,1,0.5029568076133728,0.5029568076133728,0.497043251991272,0.5029568076133728,3,3,3,post_calibration
45,1,3,3,60,0,1,0,0.5007346868515015,0.5007346868515015,0.49926528334617615,0.5007346868515015,3,3,3,post_calibration
45,2,3,4,60,1,1,1,0.5024834275245667,0.5024834275245667,0.49751654267311096,0.5024834275245667,3,3,3,post_calibration
45,3,3,5,60,1,0,0,0.500047504901886,0.500047504901886,0.500047504901886,0.4999525249004364,3,3,3,post_calibration
45,4,3,6,60,1,1,1,0.5068528056144714,0.5068528056144714,0.49314719438552856,0.5068528056144714,3,3,3,post_calibration
45,5,3,7,60,0,1,0,0.5031244158744812,0.5031244158744812,0.4968755841255188,0.5031244158744812,3,3,3,post_calibration
45,6,3,8,60,0,1,0,0.5017087459564209,0.5017087459564209,0.4982912838459015,0.5017087459564209,3,3,3,post_calibration
45,7,3,9,60,0,1,0,0.5037954449653625,0.5037954449653625,0.49620455503463745,0.5037954449653625,3,3,3,post_calibration
45,8,3,10,60,1,1,1,0.507283091545105,0.507283091545105,0.492716908454895,0.507283091545105,3,3,3,post_calibration
45,9,3,11,60,1,1,1,0.5069215297698975,0.5069215297698975,0.49307847023010254,0.5069215297698975,3,3,3,post_calibration
45,10,3,12,60,1,1,1,0.5023496150970459,0.5023496150970459,0.4976503849029541,0.5023496150970459,3,3,3,post_calibration
45,11,3,13,60,0,1,0,0.5005121231079102,0.5005121231079102,0.49948790669441223,0.5005121231079102,3,3,3,post_calibration
45,12,3,15,60,1,1,1,0.5034483075141907,0.5034483075141907,0.4965516924858093,0.5034483075141907,3,3,3,post_calibration
45,13,3,16,60,0,1,0,0.5002811551094055,0.5002811551094055,0.49971890449523926,0.5002811551094055,3,3,3,post_calibration
45,14,3,17,60,0,1,0,0.5089783668518066,0.5089783668518066,0.49102166295051575,0.5089783668518066,3,3,3,post_calibration
46,0,3,0,60,1,0,0,0.5006858110427856,0.5006858110427856,0.5006858110427856,0.49931418895721436,3,4,3,zero_shot_paired
46,1,3,1,60,1,1,1,0.500959575176239,0.500959575176239,0.4990404546260834,0.500959575176239,3,4,3,zero_shot_paired
46,2,3,2,60,1,0,0,0.5009641051292419,0.5009641051292419,0.5009641051292419,0.49903586506843567,3,4,3,zero_shot_paired
46,3,3,3,60,0,0,1,0.5015540719032288,0.5015540719032288,0.5015540719032288,0.49844589829444885,3,4,3,zero_shot_paired
46,4,3,5,60,1,0,0,0.5008189082145691,0.5008189082145691,0.5008189082145691,0.49918103218078613,3,4,3,zero_shot_paired
46,5,3,6,60,1,1,1,0.5058690905570984,0.5058690905570984,0.49413084983825684,0.5058690905570984,3,4,3,zero_shot_paired
46,6,3,8,60,0,1,0,0.5012336373329163,0.5012336373329163,0.49876636266708374,0.5012336373329163,3,4,3,zero_shot_paired
46,7,3,9,60,0,1,0,0.5028461217880249,0.5028461217880249,0.4971538782119751,0.5028461217880249,3,4,3,zero_shot_paired
46,8,3,10,60,1,1,1,0.5063835978507996,0.5063835978507996,0.49361637234687805,0.5063835978507996,3,4,3,zero_shot_paired
46,9,3,12,60,1,1,1,0.5013225674629211,0.5013225674629211,0.49867743253707886,0.5013225674629211,3,4,3,zero_shot_paired
46,10,3,13,60,0,0,1,0.500882625579834,0.500882625579834,0.500882625579834,0.499117374420166,3,4,3,zero_shot_paired
46,11,3,14,60,0,1,0,0.5047921538352966,0.5047921538352966,0.495207816362381,0.5047921538352966,3,4,3,zero_shot_paired
46,12,3,15,60,1,1,1,0.5038971900939941,0.5038971900939941,0.49610280990600586,0.5038971900939941,3,4,3,zero_shot_paired
46,13,3,16,60,0,0,1,0.5007500052452087,0.5007500052452087,0.5007500052452087,0.49924999475479126,3,4,3,zero_shot_paired
46,14,3,17,60,0,1,0,0.5083218216896057,0.5083218216896057,0.4916781783103943,0.5083218216896057,3,4,3,zero_shot_paired
46,0,3,0,60,1,0,0,0.5011770725250244,0.5011770725250244,0.5011770725250244,0.4988229274749756,3,4,3,post_calibration
46,1,3,1,60,1,1,1,0.5009464025497437,0.5009464025497437,0.49905356764793396,0.5009464025497437,3,4,3,post_calibration
46,2,3,2,60,1,0,0,0.5015427470207214,0.5015427470207214,0.5015427470207214,0.49845725297927856,3,4,3,post_calibration
46,3,3,3,60,0,0,1,0.5020276308059692,0.5020276308059692,0.5020276308059692,0.497972309589386,3,4,3,post_calibration
46,4,3,5,60,1,0,0,0.5008704662322998,0.5008704662322998,0.5008704662322998,0.4991295337677002,3,4,3,post_calibration
46,5,3,6,60,1,1,1,0.5052773356437683,0.5052773356437683,0.4947226941585541,0.5052773356437683,3,4,3,post_calibration
46,6,3,8,60,0,1,0,0.5016191005706787,0.5016191005706787,0.4983809292316437,0.5016191005706787,3,4,3,post_calibration
46,7,3,9,60,0,1,0,0.5027157068252563,0.5027157068252563,0.49728429317474365,0.5027157068252563,3,4,3,post_calibration
46,8,3,10,60,1,1,1,0.5063698887825012,0.5063698887825012,0.4936300814151764,0.5063698887825012,3,4,3,post_calibration
46,9,3,12,60,1,1,1,0.5011914372444153,0.5011914372444153,0.4988085925579071,0.5011914372444153,3,4,3,post_calibration
46,10,3,13,60,0,0,1,0.501433789730072,0.501433789730072,0.501433789730072,0.498566210269928,3,4,3,post_calibration
46,11,3,14,60,0,1,0,0.5052982568740845,0.5052982568740845,0.4947017729282379,0.5052982568740845,3,4,3,post_calibration
46,12,3,15,60,1,1,1,0.5047277808189392,0.5047277808189392,0.4952721893787384,0.5047277808189392,3,4,3,post_calibration
46,13,3,16,60,0,0,1,0.5006800889968872,0.5006800889968872,0.5006800889968872,0.499319851398468,3,4,3,post_calibration
46,14,3,17,60,0,1,0,0.5082834959030151,0.5082834959030151,0.4917164742946625,0.5082834959030151,3,4,3,post_calibration
47,0,3,0,60,1,0,0,0.5006858110427856,0.5006858110427856,0.5006858110427856,0.49931418895721436,3,5,3,zero_shot_paired
47,1,3,1,60,1,1,1,0.500959575176239,0.500959575176239,0.4990404546260834,0.500959575176239,3,5,3,zero_shot_paired
47,2,3,2,60,1,0,0,0.5009641051292419,0.5009641051292419,0.5009641051292419,0.49903586506843567,3,5,3,zero_shot_paired
47,3,3,3,60,0,0,1,0.5015540719032288,0.5015540719032288,0.5015540719032288,0.49844589829444885,3,5,3,zero_shot_paired
47,4,3,4,60,1,1,1,0.5007609128952026,0.5007609128952026,0.4992390275001526,0.5007609128952026,3,5,3,zero_shot_paired
47,5,3,5,60,1,0,0,0.5008189082145691,0.5008189082145691,0.5008189082145691,0.49918103218078613,3,5,3,zero_shot_paired
47,6,3,7,60,0,1,0,0.5012772679328918,0.5012772679328918,0.49872276186943054,0.5012772679328918,3,5,3,zero_shot_paired
47,7,3,8,60,0,1,0,0.5012336373329163,0.5012336373329163,0.49876636266708374,0.5012336373329163,3,5,3,zero_shot_paired
47,8,3,9,60,0,1,0,0.5028461217880249,0.5028461217880249,0.4971538782119751,0.5028461217880249,3,5,3,zero_shot_paired
47,9,3,10,60,1,1,1,0.5063835978507996,0.5063835978507996,0.49361637234687805,0.5063835978507996,3,5,3,zero_shot_paired
47,10,3,11,60,1,1,1,0.506879448890686,0.506879448890686,0.49312055110931396,0.506879448890686,3,5,3,zero_shot_paired
47,11,3,12,60,1,1,1,0.5013225674629211,0.5013225674629211,0.49867743253707886,0.5013225674629211,3,5,3,zero_shot_paired
47,12,3,13,60,0,0,1,0.500882625579834,0.500882625579834,0.500882625579834,0.499117374420166,3,5,3,zero_shot_paired
47,13,3,14,60,0,1,0,0.5047921538352966,0.5047921538352966,0.495207816362381,0.5047921538352966,3,5,3,zero_shot_paired
47,14,3,15,60,1,1,1,0.5038971900939941,0.5038971900939941,0.49610280990600586,0.5038971900939941,3,5,3,zero_shot_paired
47,0,3,0,60,1,0,0,0.5014520883560181,0.5014520883560181,0.5014520883560181,0.4985479414463043,3,5,3,post_calibration
47,1,3,1,60,1,1,1,0.500324547290802,0.500324547290802,0.4996755123138428,0.500324547290802,3,5,3,post_calibration
47,2,3,2,60,1,0,0,0.5016114711761475,0.5016114711761475,0.5016114711761475,0.4983885586261749,3,5,3,post_calibration
47,3,3,3,60,0,0,1,0.5022203922271729,0.5022203922271729,0.5022203922271729,0.49777960777282715,3,5,3,post_calibration
47,4,3,4,60,1,0,0,0.5001170039176941,0.5001170039176941,0.5001170039176941,0.4998829662799835,3,5,3,post_calibration
47,5,3,5,60,1,0,0,0.5018715858459473,0.5018715858459473,0.5018715858459473,0.4981284439563751,3,5,3,post_calibration
47,6,3,7,60,0,1,0,0.5007725954055786,0.5007725954055786,0.499227374792099,0.5007725954055786,3,5,3,post_calibration
47,7,3,8,60,0,1,0,0.5010553598403931,0.5010553598403931,0.49894458055496216,0.5010553598403931,3,5,3,post_calibration
47,8,3,9,60,0,1,0,0.5021935105323792,0.5021935105323792,0.49780651926994324,0.5021935105323792,3,5,3,post_calibration
47,9,3,10,60,1,1,1,0.5061342716217041,0.5061342716217041,0.4938657283782959,0.5061342716217041,3,5,3,post_calibration
47,10,3,11,60,1,1,1,0.5065233111381531,0.5065233111381531,0.49347662925720215,0.5065233111381531,3,5,3,post_calibration
47,11,3,12,60,1,1,1,0.5006570219993591,0.5006570219993591,0.49934297800064087,0.5006570219993591,3,5,3,post_calibration
47,12,3,13,60,0,0,1,0.5015438795089722,0.5015438795089722,0.5015438795089722,0.4984561800956726,3,5,3,post_calibration
47,13,3,14,60,0,1,0,0.5046947598457336,0.5046947598457336,0.49530526995658875,0.5046947598457336,3,5,3,post_calibration
47,14,3,15,60,1,1,1,0.503623366355896,0.503623366355896,0.4963766038417816,0.503623366355896,3,5,3,post_calibration
48,0,3,0,60,1,0,0,0.5006858110427856,0.5006858110427856,0.5006858110427856,0.49931418895721436,3,6,3,zero_shot_paired
48,1,3,1,60,1,1,1,0.500959575176239,0.500959575176239,0.4990404546260834,0.500959575176239,3,6,3,zero_shot_paired
48,2,3,2,60,1,0,0,0.5009641051292419,0.5009641051292419,0.5009641051292419,0.49903586506843567,3,6,3,zero_shot_paired
48,3,3,3,60,0,0,1,0.5015540719032288,0.5015540719032288,0.5015540719032288,0.49844589829444885,3,6,3,zero_shot_paired
48,4,3,4,60,1,1,1,0.5007609128952026,0.5007609128952026,0.4992390275001526,0.5007609128952026,3,6,3,zero_shot_paired
48,5,3,5,60,1,0,0,0.5008189082145691,0.5008189082145691,0.5008189082145691,0.49918103218078613,3,6,3,zero_shot_paired
48,6,3,6,60,1,1,1,0.5058690905570984,0.5058690905570984,0.49413084983825684,0.5058690905570984,3,6,3,zero_shot_paired
48,7,3,7,60,0,1,0,0.5012772679328918,0.5012772679328918,0.49872276186943054,0.5012772679328918,3,6,3,zero_shot_paired
48,8,3,8,60,0,1,0,0.5012336373329163,0.5012336373329163,0.49876636266708374,0.5012336373329163,3,6,3,zero_shot_paired
48,9,3,9,60,0,1,0,0.5028461217880249,0.5028461217880249,0.4971538782119751,0.5028461217880249,3,6,3,zero_shot_paired
48,10,3,11,60,1,1,1,0.506879448890686,0.506879448890686,0.49312055110931396,0.506879448890686,3,6,3,zero_shot_paired
48,11,3,14,60,0,1,0,0.5047921538352966,0.5047921538352966,0.495207816362381,0.5047921538352966,3,6,3,zero_shot_paired
48,12,3,15,60,1,1,1,0.5038971900939941,0.5038971900939941,0.49610280990600586,0.5038971900939941,3,6,3,zero_shot_paired
48,13,3,16,60,0,0,1,0.5007500052452087,0.5007500052452087,0.5007500052452087,0.49924999475479126,3,6,3,zero_shot_paired
48,14,3,17,60,0,1,0,0.5083218216896057,0.5083218216896057,0.4916781783103943,0.5083218216896057,3,6,3,zero_shot_paired
48,0,3,0,60,1,1,1,0.5002331137657166,0.5002331137657166,0.49976685643196106,0.5002331137657166,3,6,3,post_calibration
48,1,3,1,60,1,1,1,0.5015572905540466,0.5015572905540466,0.49844273924827576,0.5015572905540466,3,6,3,post_calibration
48,2,3,2,60,1,0,0,0.5002624988555908,0.5002624988555908,0.5002624988555908,0.4997374415397644,3,6,3,post_calibration
48,3,3,3,60,0,0,1,0.5007429122924805,0.5007429122924805,0.5007429122924805,0.49925708770751953,3,6,3,post_calibration
48,4,3,4,60,1,1,1,0.5015720725059509,0.5015720725059509,0.4984279274940491,0.5015720725059509,3,6,3,post_calibration
48,5,3,5,60,1,0,0,0.5003643035888672,0.5003643035888672,0.5003643035888672,0.4996356666088104,3,6,3,post_calibration
48,6,3,6,60,1,1,1,0.5069342851638794,0.5069342851638794,0.4930656850337982,0.5069342851638794,3,6,3,post_calibration
48,7,3,7,60,0,1,0,0.5024055242538452,0.5024055242538452,0.4975945055484772,0.5024055242538452,3,6,3,post_calibration
48,8,3,8,60,0,1,0,0.5017033219337463,0.5017033219337463,0.4982966482639313,0.5017033219337463,3,6,3,post_calibration
48,9,3,9,60,0,1,0,0.5038068294525146,0.5038068294525146,0.49619317054748535,0.5038068294525146,3,6,3,post_calibration
48,10,3,11,60,1,1,1,0.5070515275001526,0.5070515275001526,0.49294841289520264,0.5070515275001526,3,6,3,post_calibration
48,11,3,14,60,0,1,0,0.5050114989280701,0.5050114989280701,0.49498844146728516,0.5050114989280701,3,6,3,post_calibration
48,12,3,15,60,1,1,1,0.5044050216674805,0.5044050216674805,0.49559497833251953,0.5044050216674805,3,6,3,post_calibration
48,13,3,16,60,0,1,0,0.5001886487007141,0.5001886487007141,0.4998113811016083,0.5001886487007141,3,6,3,post_calibration
48,14,3,17,60,0,1,0,0.5090241432189941,0.5090241432189941,0.49097588658332825,0.5090241432189941,3,6,3,post_calibration
49,0,3,0,60,1,0,0,0.5006858110427856,0.5006858110427856,0.5006858110427856,0.49931418895721436,3,1,6,zero_shot_paired
49,1,3,1,60,1,1,1,0.500959575176239,0.500959575176239,0.4990404546260834,0.500959575176239,3,1,6,zero_shot_paired
49,2,3,3,60,0,0,1,0.5015540719032288,0.5015540719032288,0.5015540719032288,0.49844589829444885,3,1,6,zero_shot_paired
49,3,3,4,60,1,1,1,0.5007609128952026,0.5007609128952026,0.4992390275001526,0.5007609128952026,3,1,6,zero_shot_paired
49,4,3,5,60,1,0,0,0.5008189082145691,0.5008189082145691,0.5008189082145691,0.49918103218078613,3,1,6,zero_shot_paired
49,5,3,6,60,1,1,1,0.5058690905570984,0.5058690905570984,0.49413084983825684,0.5058690905570984,3,1,6,zero_shot_paired
49,6,3,7,60,0,1,0,0.5012772679328918,0.5012772679328918,0.49872276186943054,0.5012772679328918,3,1,6,zero_shot_paired
49,7,3,8,60,0,1,0,0.5012336373329163,0.5012336373329163,0.49876636266708374,0.5012336373329163,3,1,6,zero_shot_paired
49,8,3,11,60,1,1,1,0.506879448890686,0.506879448890686,0.49312055110931396,0.506879448890686,3,1,6,zero_shot_paired
49,9,3,13,60,0,0,1,0.500882625579834,0.500882625579834,0.500882625579834,0.499117374420166,3,1,6,zero_shot_paired
49,10,3,15,60,1,1,1,0.5038971900939941,0.5038971900939941,0.49610280990600586,0.5038971900939941,3,1,6,zero_shot_paired
49,11,3,16,60,0,0,1,0.5007500052452087,0.5007500052452087,0.5007500052452087,0.49924999475479126,3,1,6,zero_shot_paired
49,0,3,0,60,1,0,0,0.5015549063682556,0.5015549063682556,0.5015549063682556,0.498445063829422,3,1,6,post_calibration
49,1,3,1,60,1,1,1,0.5004955530166626,0.5004955530166626,0.499504417181015,0.5004955530166626,3,1,6,post_calibration
49,2,3,3,60,0,0,1,0.502837061882019,0.502837061882019,0.502837061882019,0.49716299772262573,3,1,6,post_calibration
49,3,3,4,60,1,0,0,0.5001423954963684,0.5001423954963684,0.5001423954963684,0.4998576045036316,3,1,6,post_calibration
49,4,3,5,60,1,0,0,0.5008569359779358,0.5008569359779358,0.5008569359779358,0.4991430640220642,3,1,6,post_calibration
49,5,3,6,60,1,1,1,0.5046985149383545,0.5046985149383545,0.4953014850616455,0.5046985149383545,3,1,6,post_calibration
49,6,3,7,60,0,1,0,0.5005050897598267,0.5005050897598267,0.4994949698448181,0.5005050897598267,3,1,6,post_calibration
49,7,3,8,60,0,0,1,0.500590443611145,0.500590443611145,0.500590443611145,0.499409556388855,3,1,6,post_calibration
49,8,3,11,60,1,1,1,0.5066401958465576,0.5066401958465576,0.4933598041534424,0.5066401958465576,3,1,6,post_calibration
49,9,3,13,60,0,0,1,0.5016146302223206,0.5016146302223206,0.5016146302223206,0.49838539958000183,3,1,6,post_calibration
49,10,3,15,60,1,1,1,0.503352165222168,0.503352165222168,0.49664783477783203,0.503352165222168,3,1,6,post_calibration
49,11,3,16,60,0,0,1,0.5008779764175415,0.5008779764175415,0.5008779764175415,0.4991219937801361,3,1,6,post_calibration
50,0,3,0,60,1,0,0,0.5006858110427856,0.5006858110427856,0.5006858110427856,0.49931418895721436,3,2,6,zero_shot_paired
50,1,3,2,60,1,0,0,0.5009641051292419,0.5009641051292419,0.5009641051292419,0.49903586506843567,3,2,6,zero_shot_paired
50,2,3,4,60,1,1,1,0.5007609128952026,0.5007609128952026,0.4992390275001526,0.5007609128952026,3,2,6,zero_shot_paired
50,3,3,7,60,0,1,0,0.5012772679328918,0.5012772679328918,0.49872276186943054,0.5012772679328918,3,2,6,zero_shot_paired
50,4,3,8,60,0,1,0,0.5012336373329163,0.5012336373329163,0.49876636266708374,0.5012336373329163,3,2,6,zero_shot_paired
50,5,3,9,60,0,1,0,0.5028461217880249,0.5028461217880249,0.4971538782119751,0.5028461217880249,3,2,6,zero_shot_paired
50,6,3,10,60,1,1,1,0.5063835978507996,0.5063835978507996,0.49361637234687805,0.5063835978507996,3,2,6,zero_shot_paired
50,7,3,11,60,1,1,1,0.506879448890686,0.506879448890686,0.49312055110931396,0.506879448890686,3,2,6,zero_shot_paired
50,8,3,12,60,1,1,1,0.5013225674629211,0.5013225674629211,0.49867743253707886,0.5013225674629211,3,2,6,zero_shot_paired
50,9,3,14,60,0,1,0,0.5047921538352966,0.5047921538352966,0.495207816362381,0.5047921538352966,3,2,6,zero_shot_paired
50,10,3,15,60,1,1,1,0.5038971900939941,0.5038971900939941,0.49610280990600586,0.5038971900939941,3,2,6,zero_shot_paired
50,11,3,17,60,0,1,0,0.5083218216896057,0.5083218216896057,0.4916781783103943,0.5083218216896057,3,2,6,zero_shot_paired
50,0,3,0,60,1,0,0,0.5005693435668945,0.5005693435668945,0.5005693435668945,0.49943068623542786,3,2,6,post_calibration
50,1,3,2,60,1,0,0,0.5006760358810425,0.5006760358810425,0.5006760358810425,0.49932393431663513,3,2,6,post_calibration
50,2,3,4,60,1,1,1,0.5004894733428955,0.5004894733428955,0.4995105266571045,0.5004894733428955,3,2,6,post_calibration
50,3,3,7,60,0,1,0,0.50202476978302,0.50202476978302,0.49797526001930237,0.50202476978302,3,2,6,post_calibration
50,4,3,8,60,0,1,0,0.5020838379859924,0.5020838379859924,0.49791619181632996,0.5020838379859924,3,2,6,post_calibration
50,5,3,9,60,0,1,0,0.5024864673614502,0.5024864673614502,0.4975135326385498,0.5024864673614502,3,2,6,post_calibration
50,6,3,10,60,1,1,1,0.5062306523323059,0.5062306523323059,0.49376940727233887,0.5062306523323059,3,2,6,post_calibration
50,7,3,11,60,1,1,1,0.5069395303726196,0.5069395303726196,0.49306049942970276,0.5069395303726196,3,2,6,post_calibration
50,8,3,12,60,1,1,1,0.501156747341156,0.501156747341156,0.4988432228565216,0.501156747341156,3,2,6,post_calibration
50,9,3,14,60,0,1,0,0.504507839679718,0.504507839679718,0.49549219012260437,0.504507839679718,3,2,6,post_calibration
50,10,3,15,60,1,1,1,0.5038439035415649,0.5038439035415649,0.49615609645843506,0.5038439035415649,3,2,6,post_calibration
50,11,3,17,60,0,1,0,0.5087181925773621,0.5087181925773621,0.4912818670272827,0.5087181925773621,3,2,6,post_calibration
51,0,3,1,60,1,1,1,0.500959575176239,0.500959575176239,0.4990404546260834,0.500959575176239,3,3,6,zero_shot_paired
51,1,3,2,60,1,0,0,0.5009641051292419,0.5009641051292419,0.5009641051292419,0.49903586506843567,3,3,6,zero_shot_paired
51,2,3,3,60,0,0,1,0.5015540719032288,0.5015540719032288,0.5015540719032288,0.49844589829444885,3,3,6,zero_shot_paired
51,3,3,5,60,1,0,0,0.5008189082145691,0.5008189082145691,0.5008189082145691,0.49918103218078613,3,3,6,zero_shot_paired
51,4,3,6,60,1,1,1,0.5058690905570984,0.5058690905570984,0.49413084983825684,0.5058690905570984,3,3,6,zero_shot_paired
51,5,3,9,60,0,1,0,0.5028461217880249,0.5028461217880249,0.4971538782119751,0.5028461217880249,3,3,6,zero_shot_paired
51,6,3,10,60,1,1,1,0.5063835978507996,0.5063835978507996,0.49361637234687805,0.5063835978507996,3,3,6,zero_shot_paired
51,7,3,12,60,1,1,1,0.5013225674629211,0.5013225674629211,0.49867743253707886,0.5013225674629211,3,3,6,zero_shot_paired
51,8,3,13,60,0,0,1,0.500882625579834,0.500882625579834,0.500882625579834,0.499117374420166,3,3,6,zero_shot_paired
51,9,3,14,60,0,1,0,0.5047921538352966,0.5047921538352966,0.495207816362381,0.5047921538352966,3,3,6,zero_shot_paired
51,10,3,16,60,0,0,1,0.5007500052452087,0.5007500052452087,0.5007500052452087,0.49924999475479126,3,3,6,zero_shot_paired
51,11,3,17,60,0,1,0,0.5083218216896057,0.5083218216896057,0.4916781783103943,0.5083218216896057,3,3,6,zero_shot_paired
51,0,3,1,60,1,1,1,0.5022455453872681,0.5022455453872681,0.49775445461273193,0.5022455453872681,3,3,6,post_calibration
51,1,3,2,60,1,1,1,0.5003784894943237,0.5003784894943237,0.49962154030799866,0.5003784894943237,3,3,6,post_calibration
51,2,3,3,60,0,0,1,0.5000883340835571,0.5000883340835571,0.5000883340835571,0.4999116361141205,3,3,6,post_calibration
51,3,3,5,60,1,0,0,0.500130295753479,0.500130295753479,0.500130295753479,0.499869704246521,3,3,6,post_calibration
51,4,3,6,60,1,1,1,0.5061190128326416,0.5061190128326416,0.4938810169696808,0.5061190128326416,3,3,6,post_calibration
51,5,3,9,60,0,1,0,0.503129780292511,0.503129780292511,0.496870219707489,0.503129780292511,3,3,6,post_calibration
51,6,3,10,60,1,1,1,0.5074478387832642,0.5074478387832642,0.49255213141441345,0.5074478387832642,3,3,6,post_calibration
51,7,3,12,60,1,1,1,0.5029047131538391,0.5029047131538391,0.4970952868461609,0.5029047131538391,3,3,6,post_calibration
51,8,3,13,60,0,0,1,0.5003941059112549,0.5003941059112549,0.5003941059112549,0.49960586428642273,3,3,6,post_calibration
51,9,3,14,60,0,1,0,0.5060940384864807,0.5060940384864807,0.4939059913158417,0.5060940384864807,3,3,6,post_calibration
51,10,3,16,60,0,1,0,0.5000386238098145,0.5000386238098145,0.49996140599250793,0.5000386238098145,3,3,6,post_calibration
51,11,3,17,60,0,1,0,0.5086869597434998,0.5086869597434998,0.49131304025650024,0.5086869597434998,3,3,6,post_calibration
52,0,3,0,60,1,0,0,0.5006857514381409,0.5006857514381409,0.5006857514381409,0.49931424856185913,3,1,9,zero_shot_paired
52,1,3,3,60,0,0,1,0.5015540719032288,0.5015540719032288,0.5015540719032288,0.49844589829444885,3,1,9,zero_shot_paired
52,2,3,5,60,1,0,0,0.5008189082145691,0.5008189082145691,0.5008189082145691,0.4991810917854309,3,1,9,zero_shot_paired
52,3,3,9,60,0,1,0,0.5028460025787354,0.5028460025787354,0.49715396761894226,0.5028460025787354,3,1,9,zero_shot_paired
52,4,3,10,60,1,1,1,0.5063836574554443,0.5063836574554443,0.49361634254455566,0.5063836574554443,3,1,9,zero_shot_paired
52,5,3,11,60,1,1,1,0.5068793296813965,0.5068793296813965,0.4931206703186035,0.5068793296813965,3,1,9,zero_shot_paired
52,6,3,13,60,0,0,1,0.500882625579834,0.500882625579834,0.500882625579834,0.499117374420166,3,1,9,zero_shot_paired
52,7,3,15,60,1,1,1,0.5038971900939941,0.5038971900939941,0.49610280990600586,0.5038971900939941,3,1,9,zero_shot_paired
52,8,3,17,60,0,1,0,0.5083218812942505,0.5083218812942505,0.4916781187057495,0.5083218812942505,3,1,9,zero_shot_paired
52,0,3,0,60,1,1,1,0.5010713338851929,0.5010713338851929,0.49892866611480713,0.5010713338851929,3,1,9,post_calibration
52,1,3,3,60,0,1,0,0.5012996196746826,0.5012996196746826,0.4987003803253174,0.5012996196746826,3,1,9,post_calibration
52,2,3,5,60,1,0,0,0.5001841187477112,0.5001841187477112,0.5001841187477112,0.4998159110546112,3,1,9,post_calibration
52,3,3,9,60,0,1,0,0.5040839314460754,0.5040839314460754,0.49591609835624695,0.5040839314460754,3,1,9,post_calibration
52,4,3,10,60,1,1,1,0.5073683857917786,0.5073683857917786,0.49263161420822144,0.5073683857917786,3,1,9,post_calibration
52,5,3,11,60,1,1,1,0.5078354477882385,0.5078354477882385,0.4921645522117615,0.5078354477882385,3,1,9,post_calibration
52,6,3,13,60,0,0,1,0.5002133250236511,0.5002133250236511,0.5002133250236511,0.4997866749763489,3,1,9,post_calibration
52,7,3,15,60,1,1,1,0.5038736462593079,0.5038736462593079,0.4961264133453369,0.5038736462593079,3,1,9,post_calibration
52,8,3,17,60,0,1,0,0.5089446306228638,0.5089446306228638,0.49105533957481384,0.5089446306228638,3,1,9,post_calibration
53,0,3,1,60,1,1,1,0.5009596347808838,0.5009596347808838,0.4990403652191162,0.5009596347808838,3,2,9,zero_shot_paired
53,1,3,2,60,1,0,0,0.5009641051292419,0.5009641051292419,0.5009641051292419,0.49903586506843567,3,2,9,zero_shot_paired
53,2,3,4,60,1,1,1,0.5007609724998474,0.5007609724998474,0.4992390275001526,0.5007609724998474,3,2,9,zero_shot_paired
53,3,3,6,60,1,1,1,0.5058690905570984,0.5058690905570984,0.49413084983825684,0.5058690905570984,3,2,9,zero_shot_paired
53,4,3,7,60,0,1,0,0.5012772083282471,0.5012772083282471,0.49872279167175293,0.5012772083282471,3,2,9,zero_shot_paired
53,5,3,8,60,0,1,0,0.501233696937561,0.501233696937561,0.4987662732601166,0.501233696937561,3,2,9,zero_shot_paired
53,6,3,12,60,1,1,1,0.5013225674629211,0.5013225674629211,0.49867743253707886,0.5013225674629211,3,2,9,zero_shot_paired
53,7,3,14,60,0,1,0,0.504792332649231,0.504792332649231,0.49520760774612427,0.504792332649231,3,2,9,zero_shot_paired
53,8,3,16,60,0,0,1,0.5007500052452087,0.5007500052452087,0.5007500052452087,0.49924996495246887,3,2,9,zero_shot_paired
53,0,3,1,60,1,1,1,0.5005940198898315,0.5005940198898315,0.49940595030784607,0.5005940198898315,3,2,9,post_calibration
53,1,3,2,60,1,0,0,0.5021108984947205,0.5021108984947205,0.5021108984947205,0.49788910150527954,3,2,9,post_calibration
53,2,3,4,60,1,1,1,0.5001525282859802,0.5001525282859802,0.4998474419116974,0.5001525282859802,3,2,9,post_calibration
53,3,3,6,60,1,1,1,0.5052547454833984,0.5052547454833984,0.4947452247142792,0.5052547454833984,3,2,9,post_calibration
53,4,3,7,60,0,1,0,0.5015648007392883,0.5015648007392883,0.49843519926071167,0.5015648007392883,3,2,9,post_calibration
53,5,3,8,60,0,1,0,0.5003230571746826,0.5003230571746826,0.4996769428253174,0.5003230571746826,3,2,9,post_calibration
53,6,3,12,60,1,1,1,0.502061665058136,0.502061665058136,0.4979383647441864,0.502061665058136,3,2,9,post_calibration
53,7,3,14,60,0,1,0,0.5046338438987732,0.5046338438987732,0.4953661859035492,0.5046338438987732,3,2,9,post_calibration
53,8,3,16,60,0,0,1,0.5011889338493347,0.5011889338493347,0.5011889338493347,0.4988110065460205,3,2,9,post_calibration
54,0,3,2,60,1,0,0,0.500963032245636,0.500963032245636,0.500963032245636,0.4990369975566864,3,1,12,zero_shot_paired
54,1,3,5,60,1,0,0,0.500819981098175,0.500819981098175,0.500819981098175,0.49918004870414734,3,1,12,zero_shot_paired
54,2,3,8,60,0,1,0,0.5012331604957581,0.5012331604957581,0.49876680970191956,0.5012331604957581,3,1,12,zero_shot_paired
54,3,3,12,60,1,1,1,0.501320481300354,0.501320481300354,0.4986794888973236,0.501320481300354,3,1,12,zero_shot_paired
54,4,3,13,60,0,0,1,0.5008790493011475,0.5008790493011475,0.5008790493011475,0.49912092089653015,3,1,12,zero_shot_paired
54,5,3,17,60,0,1,0,0.5083208084106445,0.5083208084106445,0.49167922139167786,0.5083208084106445,3,1,12,zero_shot_paired
54,0,3,2,60,1,0,0,0.5022712349891663,0.5022712349891663,0.5022712349891663,0.49772870540618896,3,1,12,post_calibration
54,1,3,5,60,1,0,0,0.501926839351654,0.501926839351654,0.501926839351654,0.49807319045066833,3,1,12,post_calibration
54,2,3,8,60,0,1,0,0.5014393925666809,0.5014393925666809,0.4985605776309967,0.5014393925666809,3,1,12,post_calibration
54,3,3,12,60,1,1,1,0.5017931461334229,0.5017931461334229,0.49820685386657715,0.5017931461334229,3,1,12,post_calibration
54,4,3,13,60,0,0,1,0.5016405582427979,0.5016405582427979,0.5016405582427979,0.49835941195487976,3,1,12,post_calibration
54,5,3,17,60,0,1,0,0.5091475248336792,0.5091475248336792,0.4908524453639984,0.5091475248336792,3,1,12,post_calibration
55,0,3,0,60,1,0,0,0.5006861686706543,0.5006861686706543,0.5006861686706543,0.4993138313293457,3,2,12,zero_shot_paired
55,1,3,5,60,1,0,0,0.500819981098175,0.500819981098175,0.500819981098175,0.49918004870414734,3,2,12,zero_shot_paired
55,2,3,6,60,1,1,1,0.5058700442314148,0.5058700442314148,0.4941299855709076,0.5058700442314148,3,2,12,zero_shot_paired
55,3,3,7,60,0,1,0,0.501276969909668,0.501276969909668,0.49872303009033203,0.501276969909668,3,2,12,zero_shot_paired
55,4,3,9,60,0,1,0,0.5028449296951294,0.5028449296951294,0.497155100107193,0.5028449296951294,3,2,12,zero_shot_paired
55,5,3,14,60,0,1,0,0.5047916173934937,0.5047916173934937,0.49520841240882874,0.5047916173934937,3,2,12,zero_shot_paired
55,0,3,0,60,1,0,0,0.502261757850647,0.502261757850647,0.502261757850647,0.497738242149353,3,2,12,post_calibration
55,1,3,5,60,1,0,0,0.5010867118835449,0.5010867118835449,0.5010867118835449,0.49891331791877747,3,2,12,post_calibration
55,2,3,6,60,1,1,1,0.5040162205696106,0.5040162205696106,0.4959837794303894,0.5040162205696106,3,2,12,post_calibration
55,3,3,7,60,0,0,1,0.5003470778465271,0.5003470778465271,0.5003470778465271,0.4996528923511505,3,2,12,post_calibration
55,4,3,9,60,0,1,0,0.5025182962417603,0.5025182962417603,0.49748170375823975,0.5025182962417603,3,2,12,post_calibration
55,5,3,14,60,0,1,0,0.5044018626213074,0.5044018626213074,0.4955981373786926,0.5044018626213074,3,2,12,post_calibration
56,0,3,4,60,1,1,1,0.500762403011322,0.500762403011322,0.499237596988678,0.500762403011322,3,3,12,zero_shot_paired
56,1,3,8,60,0,1,0,0.5012331604957581,0.5012331604957581,0.49876680970191956,0.5012331604957581,3,3,12,zero_shot_paired
56,2,3,9,60,0,1,0,0.5028449296951294,0.5028449296951294,0.497155100107193,0.5028449296951294,3,3,12,zero_shot_paired
56,3,3,11,60,1,1,1,0.5068772435188293,0.5068772435188293,0.49312275648117065,0.5068772435188293,3,3,12,zero_shot_paired
56,4,3,13,60,0,0,1,0.5008790493011475,0.5008790493011475,0.5008790493011475,0.49912092089653015,3,3,12,zero_shot_paired
56,5,3,15,60,1,1,1,0.5038978457450867,0.5038978457450867,0.49610215425491333,0.5038978457450867,3,3,12,zero_shot_paired
56,0,3,4,60,1,1,1,0.5006247758865356,0.5006247758865356,0.49937522411346436,0.5006247758865356,3,3,12,post_calibration
56,1,3,8,60,0,1,0,0.5000305771827698,0.5000305771827698,0.4999694526195526,0.5000305771827698,3,3,12,post_calibration
56,2,3,9,60,0,1,0,0.5026149153709412,0.5026149153709412,0.49738505482673645,0.5026149153709412,3,3,12,post_calibration
56,3,3,11,60,1,1,1,0.507108747959137,0.507108747959137,0.49289122223854065,0.507108747959137,3,3,12,post_calibration
56,4,3,13,60,0,0,1,0.5002436637878418,0.5002436637878418,0.5002436637878418,0.4997563362121582,3,3,12,post_calibration
56,5,3,15,60,1,1,1,0.5033373832702637,0.5033373832702637,0.49666255712509155,0.5033373832702637,3,3,12,post_calibration
