fold,trial_index,subject_id,trial_id,n_windows,y_true,y_pred,correct,p_pred,confidence,p_class_0,p_class_1,target_subject,calibration_fold,calibration_shots,stage
1,0,0,0,60,1,1,1,0.6692349910736084,0.6692349910736084,0.3307650089263916,0.6692349910736084,0,,,zero_shot_all_trials
1,1,0,1,60,1,0,0,0.7332280874252319,0.7332280874252319,0.7332280874252319,0.26677191257476807,0,,,zero_shot_all_trials
1,2,0,2,60,1,0,0,0.6468925476074219,0.6468925476074219,0.6468925476074219,0.3531074821949005,0,,,zero_shot_all_trials
1,3,0,3,60,1,0,0,0.6247228980064392,0.6247228980064392,0.6247228980064392,0.3752771019935608,0,,,zero_shot_all_trials
1,4,0,4,60,1,1,1,0.5492931008338928,0.5492931008338928,0.4507068991661072,0.5492931008338928,0,,,zero_shot_all_trials
1,5,0,5,60,0,0,1,0.7457659244537354,0.7457659244537354,0.7457659244537354,0.2542340159416199,0,,,zero_shot_all_trials
1,6,0,6,60,1,0,0,0.6067842841148376,0.6067842841148376,0.6067842841148376,0.39321568608283997,0,,,zero_shot_all_trials
1,7,0,7,60,0,0,1,0.6205317974090576,0.6205317974090576,0.6205317974090576,0.37946817278862,0,,,zero_shot_all_trials
1,8,0,8,60,0,0,1,0.7344916462898254,0.7344916462898254,0.7344916462898254,0.2655083239078522,0,,,zero_shot_all_trials
1,9,0,9,60,1,1,1,0.7350952625274658,0.7350952625274658,0.2649047076702118,0.7350952625274658,0,,,zero_shot_all_trials
1,10,0,10,60,0,1,0,0.7536947727203369,0.7536947727203369,0.24630524218082428,0.7536947727203369,0,,,zero_shot_all_trials
1,11,0,11,60,1,1,1,0.7456979751586914,0.7456979751586914,0.2543020248413086,0.7456979751586914,0,,,zero_shot_all_trials
1,12,0,12,60,1,1,1,0.5675584077835083,0.5675584077835083,0.4324415922164917,0.5675584077835083,0,,,zero_shot_all_trials
1,13,0,13,60,0,1,0,0.8176416158676147,0.8176416158676147,0.18235838413238525,0.8176416158676147,0,,,zero_shot_all_trials
1,14,0,14,60,1,1,1,0.6834161281585693,0.6834161281585693,0.3165838122367859,0.6834161281585693,0,,,zero_shot_all_trials
1,15,0,15,60,0,0,1,0.5742791295051575,0.5742791295051575,0.5742791295051575,0.42572087049484253,0,,,zero_shot_all_trials
1,16,0,16,60,0,0,1,0.6640843749046326,0.6640843749046326,0.6640843749046326,0.3359156548976898,0,,,zero_shot_all_trials
1,17,0,17,60,1,1,1,0.6496549844741821,0.6496549844741821,0.3503449857234955,0.6496549844741821,0,,,zero_shot_all_trials
1,0,0,0,60,1,1,1,0.6692349910736084,0.6692349910736084,0.3307650089263916,0.6692349910736084,0,1,3,zero_shot_paired
1,1,0,1,60,1,0,0,0.7332280874252319,0.7332280874252319,0.7332280874252319,0.26677191257476807,0,1,3,zero_shot_paired
1,2,0,2,60,1,0,0,0.6468907594680786,0.6468907594680786,0.6468907594680786,0.353109210729599,0,1,3,zero_shot_paired
1,3,0,3,60,1,0,0,0.6247228980064392,0.6247228980064392,0.6247228980064392,0.3752771019935608,0,1,3,zero_shot_paired
1,4,0,5,60,0,0,1,0.7457630634307861,0.7457630634307861,0.7457630634307861,0.25423693656921387,0,1,3,zero_shot_paired
1,5,0,6,60,1,0,0,0.6067788004875183,0.6067788004875183,0.6067788004875183,0.3932211697101593,0,1,3,zero_shot_paired
1,6,0,7,60,0,0,1,0.6205336451530457,0.6205336451530457,0.6205336451530457,0.3794664144515991,0,1,3,zero_shot_paired
1,7,0,8,60,0,0,1,0.7344916462898254,0.7344916462898254,0.7344916462898254,0.2655083239078522,0,1,3,zero_shot_paired
1,8,0,10,60,0,1,0,0.7536961436271667,0.7536961436271667,0.24630385637283325,0.7536961436271667,0,1,3,zero_shot_paired
1,9,0,11,60,1,1,1,0.7456965446472168,0.7456965446472168,0.2543034553527832,0.7456965446472168,0,1,3,zero_shot_paired
1,10,0,12,60,1,1,1,0.5675546526908875,0.5675546526908875,0.43244534730911255,0.5675546526908875,0,1,3,zero_shot_paired
1,11,0,14,60,1,1,1,0.6834129095077515,0.6834129095077515,0.3165871202945709,0.6834129095077515,0,1,3,zero_shot_paired
1,12,0,15,60,0,0,1,0.5742809772491455,0.5742809772491455,0.5742809772491455,0.4257190227508545,0,1,3,zero_shot_paired
1,13,0,16,60,0,0,1,0.6640741229057312,0.6640741229057312,0.6640741229057312,0.3359258472919464,0,1,3,zero_shot_paired
1,14,0,17,60,1,1,1,0.6496636867523193,0.6496636867523193,0.3503362834453583,0.6496636867523193,0,1,3,zero_shot_paired
1,0,0,0,60,1,1,1,0.6669714450836182,0.6669714450836182,0.33302855491638184,0.6669714450836182,0,1,3,post_calibration
1,1,0,1,60,1,0,0,0.7472126483917236,0.7472126483917236,0.7472126483917236,0.252787321805954,0,1,3,post_calibration
1,2,0,2,60,1,0,0,0.6538870334625244,0.6538870334625244,0.6538870334625244,0.3461129367351532,0,1,3,post_calibration
1,3,0,3,60,1,0,0,0.6543841361999512,0.6543841361999512,0.6543841361999512,0.34561586380004883,0,1,3,post_calibration
1,4,0,5,60,0,0,1,0.7391782999038696,0.7391782999038696,0.7391782999038696,0.260821670293808,0,1,3,post_calibration
1,5,0,6,60,1,0,0,0.6252540349960327,0.6252540349960327,0.6252540349960327,0.37474602460861206,0,1,3,post_calibration
1,6,0,7,60,0,0,1,0.6419661641120911,0.6419661641120911,0.6419661641120911,0.3580338656902313,0,1,3,post_calibration
1,7,0,8,60,0,0,1,0.7422991394996643,0.7422991394996643,0.7422991394996643,0.2577008605003357,0,1,3,post_calibration
1,8,0,10,60,0,1,0,0.7635994553565979,0.7635994553565979,0.2364005297422409,0.7635994553565979,0,1,3,post_calibration
1,9,0,11,60,1,1,1,0.736915647983551,0.736915647983551,0.2630843222141266,0.736915647983551,0,1,3,post_calibration
1,10,0,12,60,1,1,1,0.5772626996040344,0.5772626996040344,0.42273733019828796,0.5772626996040344,0,1,3,post_calibration
1,11,0,14,60,1,1,1,0.671672523021698,0.671672523021698,0.3283275067806244,0.671672523021698,0,1,3,post_calibration
1,12,0,15,60,0,0,1,0.5944151878356934,0.5944151878356934,0.5944151878356934,0.4055848717689514,0,1,3,post_calibration
1,13,0,16,60,0,0,1,0.6750336289405823,0.6750336289405823,0.6750336289405823,0.32496634125709534,0,1,3,post_calibration
1,14,0,17,60,1,1,1,0.6388264894485474,0.6388264894485474,0.361173540353775,0.6388264894485474,0,1,3,post_calibration
2,0,0,0,60,1,1,1,0.6692367196083069,0.6692367196083069,0.3307633101940155,0.6692367196083069,0,2,3,zero_shot_paired
2,1,0,2,60,1,0,0,0.6468960046768188,0.6468960046768188,0.6468960046768188,0.35310396552085876,0,2,3,zero_shot_paired
2,2,0,3,60,1,0,0,0.6247264742851257,0.6247264742851257,0.6247264742851257,0.37527352571487427,0,2,3,zero_shot_paired
2,3,0,4,60,1,1,1,0.54929119348526,0.54929119348526,0.4507087767124176,0.54929119348526,0,2,3,zero_shot_paired
2,4,0,5,60,0,0,1,0.7457602024078369,0.7457602024078369,0.7457602024078369,0.2542397975921631,0,2,3,zero_shot_paired
2,5,0,6,60,1,0,0,0.606775164604187,0.606775164604187,0.606775164604187,0.3932248055934906,0,2,3,zero_shot_paired
2,6,0,7,60,0,0,1,0.6205353736877441,0.6205353736877441,0.6205353736877441,0.37946459650993347,0,2,3,zero_shot_paired
2,7,0,8,60,0,0,1,0.7344856858253479,0.7344856858253479,0.7344856858253479,0.2655142843723297,0,2,3,zero_shot_paired
2,8,0,9,60,1,1,1,0.7350893616676331,0.7350893616676331,0.26491066813468933,0.7350893616676331,0,2,3,zero_shot_paired
2,9,0,10,60,0,1,0,0.7536905407905579,0.7536905407905579,0.24630948901176453,0.7536905407905579,0,2,3,zero_shot_paired
2,10,0,12,60,1,1,1,0.5675452947616577,0.5675452947616577,0.4324546754360199,0.5675452947616577,0,2,3,zero_shot_paired
2,11,0,13,60,0,1,0,0.8176392912864685,0.8176392912864685,0.1823606640100479,0.8176392912864685,0,2,3,zero_shot_paired
2,12,0,14,60,1,1,1,0.6834161281585693,0.6834161281585693,0.3165838122367859,0.6834161281585693,0,2,3,zero_shot_paired
2,13,0,16,60,0,0,1,0.6640741229057312,0.6640741229057312,0.6640741229057312,0.3359258472919464,0,2,3,zero_shot_paired
2,14,0,17,60,1,1,1,0.6496567726135254,0.6496567726135254,0.3503432273864746,0.6496567726135254,0,2,3,zero_shot_paired
2,0,0,0,60,1,1,1,0.6654937863349915,0.6654937863349915,0.33450624346733093,0.6654937863349915,0,2,3,post_calibration
2,1,0,2,60,1,0,0,0.6234951019287109,0.6234951019287109,0.6234951019287109,0.37650492787361145,0,2,3,post_calibration
2,2,0,3,60,1,0,0,0.5834128856658936,0.5834128856658936,0.5834128856658936,0.41658708453178406,0,2,3,post_calibration
2,3,0,4,60,1,1,1,0.5448752045631409,0.5448752045631409,0.4551248252391815,0.5448752045631409,0,2,3,post_calibration
2,4,0,5,60,0,0,1,0.7262876033782959,0.7262876033782959,0.7262876033782959,0.2737123668193817,0,2,3,post_calibration
2,5,0,6,60,1,0,0,0.5816502571105957,0.5816502571105957,0.5816502571105957,0.4183496832847595,0,2,3,post_calibration
2,6,0,7,60,0,0,1,0.5987209677696228,0.5987209677696228,0.5987209677696228,0.4012789726257324,0,2,3,post_calibration
2,7,0,8,60,0,0,1,0.7298328280448914,0.7298328280448914,0.7298328280448914,0.2701672315597534,0,2,3,post_calibration
2,8,0,9,60,1,1,1,0.7285944223403931,0.7285944223403931,0.27140554785728455,0.7285944223403931,0,2,3,post_calibration
2,9,0,10,60,0,1,0,0.7603004574775696,0.7603004574775696,0.2396995723247528,0.7603004574775696,0,2,3,post_calibration
2,10,0,12,60,1,1,1,0.5611133575439453,0.5611133575439453,0.4388866424560547,0.5611133575439453,0,2,3,post_calibration
2,11,0,13,60,0,1,0,0.8190615177154541,0.8190615177154541,0.1809384822845459,0.8190615177154541,0,2,3,post_calibration
2,12,0,14,60,1,1,1,0.6752093434333801,0.6752093434333801,0.3247906565666199,0.6752093434333801,0,2,3,post_calibration
2,13,0,16,60,0,0,1,0.6531234383583069,0.6531234383583069,0.6531234383583069,0.3468765318393707,0,2,3,post_calibration
2,14,0,17,60,1,1,1,0.6636536121368408,0.6636536121368408,0.3363463580608368,0.6636536121368408,0,2,3,post_calibration
3,0,0,0,60,1,1,1,0.6692367196083069,0.6692367196083069,0.3307633101940155,0.6692367196083069,0,3,3,zero_shot_paired
3,1,0,1,60,1,0,0,0.7332236170768738,0.7332236170768738,0.7332236170768738,0.2667763829231262,0,3,3,zero_shot_paired
3,2,0,3,60,1,0,0,0.6247264742851257,0.6247264742851257,0.6247264742851257,0.37527352571487427,0,3,3,zero_shot_paired
3,3,0,4,60,1,1,1,0.54929119348526,0.54929119348526,0.4507087767124176,0.54929119348526,0,3,3,zero_shot_paired
3,4,0,5,60,0,0,1,0.7457602024078369,0.7457602024078369,0.7457602024078369,0.2542397975921631,0,3,3,zero_shot_paired
3,5,0,6,60,1,0,0,0.606775164604187,0.606775164604187,0.606775164604187,0.3932248055934906,0,3,3,zero_shot_paired
3,6,0,7,60,0,0,1,0.6205353736877441,0.6205353736877441,0.6205353736877441,0.37946459650993347,0,3,3,zero_shot_paired
3,7,0,8,60,0,0,1,0.7344856858253479,0.7344856858253479,0.7344856858253479,0.2655142843723297,0,3,3,zero_shot_paired
3,8,0,9,60,1,1,1,0.7350893616676331,0.7350893616676331,0.26491066813468933,0.7350893616676331,0,3,3,zero_shot_paired
3,9,0,11,60,1,1,1,0.7457066774368286,0.7457066774368286,0.2542933225631714,0.7457066774368286,0,3,3,zero_shot_paired
3,10,0,12,60,1,1,1,0.5675452947616577,0.5675452947616577,0.4324546754360199,0.5675452947616577,0,3,3,zero_shot_paired
3,11,0,13,60,0,1,0,0.8176392912864685,0.8176392912864685,0.1823606640100479,0.8176392912864685,0,3,3,zero_shot_paired
3,12,0,14,60,1,1,1,0.6834161281585693,0.6834161281585693,0.3165838122367859,0.6834161281585693,0,3,3,zero_shot_paired
3,13,0,15,60,0,0,1,0.5742828249931335,0.5742828249931335,0.5742828249931335,0.4257171154022217,0,3,3,zero_shot_paired
3,14,0,16,60,0,0,1,0.6640741229057312,0.6640741229057312,0.6640741229057312,0.3359258472919464,0,3,3,zero_shot_paired
3,0,0,0,60,1,1,1,0.682320773601532,0.682320773601532,0.317679226398468,0.682320773601532,0,3,3,post_calibration
3,1,0,1,60,1,0,0,0.7240509390830994,0.7240509390830994,0.7240509390830994,0.27594906091690063,0,3,3,post_calibration
3,2,0,3,60,1,0,0,0.5869427919387817,0.5869427919387817,0.5869427919387817,0.41305720806121826,0,3,3,post_calibration
3,3,0,4,60,1,1,1,0.5365955829620361,0.5365955829620361,0.46340441703796387,0.5365955829620361,0,3,3,post_calibration
3,4,0,5,60,0,0,1,0.7477627396583557,0.7477627396583557,0.7477627396583557,0.2522372305393219,0,3,3,post_calibration
3,5,0,6,60,1,0,0,0.5767673254013062,0.5767673254013062,0.5767673254013062,0.4232326149940491,0,3,3,post_calibration
3,6,0,7,60,0,0,1,0.5934252142906189,0.5934252142906189,0.5934252142906189,0.4065748155117035,0,3,3,post_calibration
3,7,0,8,60,0,0,1,0.7258323431015015,0.7258323431015015,0.7258323431015015,0.27416759729385376,0,3,3,post_calibration
3,8,0,9,60,1,1,1,0.7244287729263306,0.7244287729263306,0.27557119727134705,0.7244287729263306,0,3,3,post_calibration
3,9,0,11,60,1,1,1,0.7521477341651917,0.7521477341651917,0.24785228073596954,0.7521477341651917,0,3,3,post_calibration
3,10,0,12,60,1,1,1,0.5557799339294434,0.5557799339294434,0.44422003626823425,0.5557799339294434,0,3,3,post_calibration
3,11,0,13,60,0,1,0,0.8220641613006592,0.8220641613006592,0.17793582379817963,0.8220641613006592,0,3,3,post_calibration
3,12,0,14,60,1,1,1,0.6912205815315247,0.6912205815315247,0.30877938866615295,0.6912205815315247,0,3,3,post_calibration
3,13,0,15,60,0,0,1,0.553791880607605,0.553791880607605,0.553791880607605,0.446208119392395,0,3,3,post_calibration
3,14,0,16,60,0,0,1,0.6553549766540527,0.6553549766540527,0.6553549766540527,0.34464502334594727,0,3,3,post_calibration
4,0,0,1,60,1,0,0,0.7332236170768738,0.7332236170768738,0.7332236170768738,0.2667763829231262,0,4,3,zero_shot_paired
4,1,0,2,60,1,0,0,0.6468960046768188,0.6468960046768188,0.6468960046768188,0.35310396552085876,0,4,3,zero_shot_paired
4,2,0,3,60,1,0,0,0.6247264742851257,0.6247264742851257,0.6247264742851257,0.37527352571487427,0,4,3,zero_shot_paired
4,3,0,4,60,1,1,1,0.54929119348526,0.54929119348526,0.4507087767124176,0.54929119348526,0,4,3,zero_shot_paired
4,4,0,5,60,0,0,1,0.7457602024078369,0.7457602024078369,0.7457602024078369,0.2542397975921631,0,4,3,zero_shot_paired
4,5,0,6,60,1,0,0,0.606775164604187,0.606775164604187,0.606775164604187,0.3932248055934906,0,4,3,zero_shot_paired
4,6,0,7,60,0,0,1,0.6205353736877441,0.6205353736877441,0.6205353736877441,0.37946459650993347,0,4,3,zero_shot_paired
4,7,0,9,60,1,1,1,0.7350893616676331,0.7350893616676331,0.26491066813468933,0.7350893616676331,0,4,3,zero_shot_paired
4,8,0,10,60,0,1,0,0.7536905407905579,0.7536905407905579,0.24630948901176453,0.7536905407905579,0,4,3,zero_shot_paired
4,9,0,11,60,1,1,1,0.7457066774368286,0.7457066774368286,0.2542933225631714,0.7457066774368286,0,4,3,zero_shot_paired
4,10,0,13,60,0,1,0,0.8176392912864685,0.8176392912864685,0.1823606640100479,0.8176392912864685,0,4,3,zero_shot_paired
4,11,0,14,60,1,1,1,0.6834161281585693,0.6834161281585693,0.3165838122367859,0.6834161281585693,0,4,3,zero_shot_paired
4,12,0,15,60,0,0,1,0.5742828249931335,0.5742828249931335,0.5742828249931335,0.4257171154022217,0,4,3,zero_shot_paired
4,13,0,16,60,0,0,1,0.6640741229057312,0.6640741229057312,0.6640741229057312,0.3359258472919464,0,4,3,zero_shot_paired
4,14,0,17,60,1,1,1,0.6496567726135254,0.6496567726135254,0.3503432273864746,0.6496567726135254,0,4,3,zero_shot_paired
4,0,0,1,60,1,0,0,0.737257182598114,0.737257182598114,0.737257182598114,0.2627427875995636,0,4,3,post_calibration
4,1,0,2,60,1,0,0,0.6374416947364807,0.6374416947364807,0.6374416947364807,0.3625582456588745,0,4,3,post_calibration
4,2,0,3,60,1,0,0,0.6236902475357056,0.6236902475357056,0.6236902475357056,0.37630972266197205,0,4,3,post_calibration
4,3,0,4,60,1,1,1,0.5528678894042969,0.5528678894042969,0.44713208079338074,0.5528678894042969,0,4,3,post_calibration
4,4,0,5,60,0,0,1,0.7471190094947815,0.7471190094947815,0.7471190094947815,0.2528810203075409,0,4,3,post_calibration
4,5,0,6,60,1,0,0,0.5945770144462585,0.5945770144462585,0.5945770144462585,0.40542301535606384,0,4,3,post_calibration
4,6,0,7,60,0,0,1,0.614077627658844,0.614077627658844,0.614077627658844,0.385922372341156,0,4,3,post_calibration
4,7,0,9,60,1,1,1,0.7387897968292236,0.7387897968292236,0.2612101435661316,0.7387897968292236,0,4,3,post_calibration
4,8,0,10,60,0,1,0,0.7524079084396362,0.7524079084396362,0.24759212136268616,0.7524079084396362,0,4,3,post_calibration
4,9,0,11,60,1,1,1,0.749903678894043,0.749903678894043,0.25009629130363464,0.749903678894043,0,4,3,post_calibration
4,10,0,13,60,0,1,0,0.8200082182884216,0.8200082182884216,0.17999178171157837,0.8200082182884216,0,4,3,post_calibration
4,11,0,14,60,1,1,1,0.6919545531272888,0.6919545531272888,0.30804547667503357,0.6919545531272888,0,4,3,post_calibration
4,12,0,15,60,0,0,1,0.5643067359924316,0.5643067359924316,0.5643067359924316,0.43569329380989075,0,4,3,post_calibration
4,13,0,16,60,0,0,1,0.6550412774085999,0.6550412774085999,0.6550412774085999,0.34495872259140015,0,4,3,post_calibration
4,14,0,17,60,1,1,1,0.655620276927948,0.655620276927948,0.3443796932697296,0.655620276927948,0,4,3,post_calibration
5,0,0,0,60,1,1,1,0.6692367196083069,0.6692367196083069,0.3307633101940155,0.6692367196083069,0,5,3,zero_shot_paired
5,1,0,1,60,1,0,0,0.7332236170768738,0.7332236170768738,0.7332236170768738,0.2667763829231262,0,5,3,zero_shot_paired
5,2,0,2,60,1,0,0,0.6468960046768188,0.6468960046768188,0.6468960046768188,0.35310396552085876,0,5,3,zero_shot_paired
5,3,0,3,60,1,0,0,0.6247264742851257,0.6247264742851257,0.6247264742851257,0.37527352571487427,0,5,3,zero_shot_paired
5,4,0,4,60,1,1,1,0.54929119348526,0.54929119348526,0.4507087767124176,0.54929119348526,0,5,3,zero_shot_paired
5,5,0,5,60,0,0,1,0.7457602024078369,0.7457602024078369,0.7457602024078369,0.2542397975921631,0,5,3,zero_shot_paired
5,6,0,8,60,0,0,1,0.7344856858253479,0.7344856858253479,0.7344856858253479,0.2655142843723297,0,5,3,zero_shot_paired
5,7,0,9,60,1,1,1,0.7350893616676331,0.7350893616676331,0.26491066813468933,0.7350893616676331,0,5,3,zero_shot_paired
5,8,0,10,60,0,1,0,0.7536905407905579,0.7536905407905579,0.24630948901176453,0.7536905407905579,0,5,3,zero_shot_paired
5,9,0,11,60,1,1,1,0.7457066774368286,0.7457066774368286,0.2542933225631714,0.7457066774368286,0,5,3,zero_shot_paired
5,10,0,12,60,1,1,1,0.5675452947616577,0.5675452947616577,0.4324546754360199,0.5675452947616577,0,5,3,zero_shot_paired
5,11,0,13,60,0,1,0,0.8176392912864685,0.8176392912864685,0.1823606640100479,0.8176392912864685,0,5,3,zero_shot_paired
5,12,0,14,60,1,1,1,0.6834161281585693,0.6834161281585693,0.3165838122367859,0.6834161281585693,0,5,3,zero_shot_paired
5,13,0,15,60,0,0,1,0.5742828249931335,0.5742828249931335,0.5742828249931335,0.4257171154022217,0,5,3,zero_shot_paired
5,14,0,17,60,1,1,1,0.6496567726135254,0.6496567726135254,0.3503432273864746,0.6496567726135254,0,5,3,zero_shot_paired
5,0,0,0,60,1,1,1,0.677933931350708,0.677933931350708,0.3220660388469696,0.677933931350708,0,5,3,post_calibration
5,1,0,1,60,1,0,0,0.7150945663452148,0.7150945663452148,0.7150945663452148,0.28490540385246277,0,5,3,post_calibration
5,2,0,2,60,1,0,0,0.6349624991416931,0.6349624991416931,0.6349624991416931,0.3650374710559845,0,5,3,post_calibration
5,3,0,3,60,1,0,0,0.5927127003669739,0.5927127003669739,0.5927127003669739,0.4072873592376709,0,5,3,post_calibration
5,4,0,4,60,1,1,1,0.5511170029640198,0.5511170029640198,0.44888296723365784,0.5511170029640198,0,5,3,post_calibration
5,5,0,5,60,0,0,1,0.7543315291404724,0.7543315291404724,0.7543315291404724,0.2456684559583664,0,5,3,post_calibration
5,6,0,8,60,0,0,1,0.7177528142929077,0.7177528142929077,0.7177528142929077,0.2822471559047699,0,5,3,post_calibration
5,7,0,9,60,1,1,1,0.7323884963989258,0.7323884963989258,0.26761144399642944,0.7323884963989258,0,5,3,post_calibration
5,8,0,10,60,0,1,0,0.7449318766593933,0.7449318766593933,0.2550681233406067,0.7449318766593933,0,5,3,post_calibration
5,9,0,11,60,1,1,1,0.7480504512786865,0.7480504512786865,0.2519495487213135,0.7480504512786865,0,5,3,post_calibration
5,10,0,12,60,1,1,1,0.5560606122016907,0.5560606122016907,0.4439394176006317,0.5560606122016907,0,5,3,post_calibration
5,11,0,13,60,0,1,0,0.8248072266578674,0.8248072266578674,0.175192728638649,0.8248072266578674,0,5,3,post_calibration
5,12,0,14,60,1,1,1,0.6949823498725891,0.6949823498725891,0.3050176501274109,0.6949823498725891,0,5,3,post_calibration
5,13,0,15,60,0,0,1,0.5621445775032043,0.5621445775032043,0.5621445775032043,0.43785542249679565,0,5,3,post_calibration
5,14,0,17,60,1,1,1,0.6589080691337585,0.6589080691337585,0.34109193086624146,0.6589080691337585,0,5,3,post_calibration
6,0,0,0,60,1,1,1,0.6692367196083069,0.6692367196083069,0.3307633101940155,0.6692367196083069,0,6,3,zero_shot_paired
6,1,0,1,60,1,0,0,0.7332236170768738,0.7332236170768738,0.7332236170768738,0.2667763829231262,0,6,3,zero_shot_paired
6,2,0,2,60,1,0,0,0.6468960046768188,0.6468960046768188,0.6468960046768188,0.35310396552085876,0,6,3,zero_shot_paired
6,3,0,4,60,1,1,1,0.54929119348526,0.54929119348526,0.4507087767124176,0.54929119348526,0,6,3,zero_shot_paired
6,4,0,6,60,1,0,0,0.606775164604187,0.606775164604187,0.606775164604187,0.3932248055934906,0,6,3,zero_shot_paired
6,5,0,7,60,0,0,1,0.6205353736877441,0.6205353736877441,0.6205353736877441,0.37946459650993347,0,6,3,zero_shot_paired
6,6,0,8,60,0,0,1,0.7344856858253479,0.7344856858253479,0.7344856858253479,0.2655142843723297,0,6,3,zero_shot_paired
6,7,0,9,60,1,1,1,0.7350893616676331,0.7350893616676331,0.26491066813468933,0.7350893616676331,0,6,3,zero_shot_paired
6,8,0,10,60,0,1,0,0.7536905407905579,0.7536905407905579,0.24630948901176453,0.7536905407905579,0,6,3,zero_shot_paired
6,9,0,11,60,1,1,1,0.7457066774368286,0.7457066774368286,0.2542933225631714,0.7457066774368286,0,6,3,zero_shot_paired
6,10,0,12,60,1,1,1,0.5675452947616577,0.5675452947616577,0.4324546754360199,0.5675452947616577,0,6,3,zero_shot_paired
6,11,0,13,60,0,1,0,0.8176392912864685,0.8176392912864685,0.1823606640100479,0.8176392912864685,0,6,3,zero_shot_paired
6,12,0,15,60,0,0,1,0.5742828249931335,0.5742828249931335,0.5742828249931335,0.4257171154022217,0,6,3,zero_shot_paired
6,13,0,16,60,0,0,1,0.6640741229057312,0.6640741229057312,0.6640741229057312,0.3359258472919464,0,6,3,zero_shot_paired
6,14,0,17,60,1,1,1,0.6496567726135254,0.6496567726135254,0.3503432273864746,0.6496567726135254,0,6,3,zero_shot_paired
6,0,0,0,60,1,1,1,0.6790074706077576,0.6790074706077576,0.3209925591945648,0.6790074706077576,0,6,3,post_calibration
6,1,0,1,60,1,0,0,0.7074347138404846,0.7074347138404846,0.7074347138404846,0.29256531596183777,0,6,3,post_calibration
6,2,0,2,60,1,0,0,0.6259598135948181,0.6259598135948181,0.6259598135948181,0.3740401566028595,0,6,3,post_calibration
6,3,0,4,60,1,1,1,0.5480177998542786,0.5480177998542786,0.45198217034339905,0.5480177998542786,0,6,3,post_calibration
6,4,0,6,60,1,0,0,0.5655968189239502,0.5655968189239502,0.5655968189239502,0.4344031810760498,0,6,3,post_calibration
6,5,0,7,60,0,0,1,0.5797127485275269,0.5797127485275269,0.5797127485275269,0.42028722167015076,0,6,3,post_calibration
6,6,0,8,60,0,0,1,0.7192680835723877,0.7192680835723877,0.7192680835723877,0.2807318866252899,0,6,3,post_calibration
6,7,0,9,60,1,1,1,0.7336412668228149,0.7336412668228149,0.26635876297950745,0.7336412668228149,0,6,3,post_calibration
6,8,0,10,60,0,1,0,0.7400804162025452,0.7400804162025452,0.25991955399513245,0.7400804162025452,0,6,3,post_calibration
6,9,0,11,60,1,1,1,0.760913074016571,0.760913074016571,0.23908692598342896,0.760913074016571,0,6,3,post_calibration
6,10,0,12,60,1,1,1,0.5589571595191956,0.5589571595191956,0.44104281067848206,0.5589571595191956,0,6,3,post_calibration
6,11,0,13,60,0,1,0,0.8340977430343628,0.8340977430343628,0.16590221226215363,0.8340977430343628,0,6,3,post_calibration
6,12,0,15,60,0,0,1,0.5533129572868347,0.5533129572868347,0.5533129572868347,0.4466870427131653,0,6,3,post_calibration
6,13,0,16,60,0,0,1,0.6572015881538391,0.6572015881538391,0.6572015881538391,0.3427983522415161,0,6,3,post_calibration
6,14,0,17,60,1,1,1,0.6591498255729675,0.6591498255729675,0.34085020422935486,0.6591498255729675,0,6,3,post_calibration
7,0,0,0,60,1,1,1,0.6692367196083069,0.6692367196083069,0.3307633101940155,0.6692367196083069,0,1,6,zero_shot_paired
7,1,0,1,60,1,0,0,0.7332236170768738,0.7332236170768738,0.7332236170768738,0.2667763829231262,0,1,6,zero_shot_paired
7,2,0,4,60,1,1,1,0.54929119348526,0.54929119348526,0.4507087767124176,0.54929119348526,0,1,6,zero_shot_paired
7,3,0,6,60,1,0,0,0.606775164604187,0.606775164604187,0.606775164604187,0.3932248055934906,0,1,6,zero_shot_paired
7,4,0,7,60,0,0,1,0.6205353736877441,0.6205353736877441,0.6205353736877441,0.37946459650993347,0,1,6,zero_shot_paired
7,5,0,8,60,0,0,1,0.7344856858253479,0.7344856858253479,0.7344856858253479,0.2655142843723297,0,1,6,zero_shot_paired
7,6,0,9,60,1,1,1,0.7350893616676331,0.7350893616676331,0.26491066813468933,0.7350893616676331,0,1,6,zero_shot_paired
7,7,0,11,60,1,1,1,0.7457066774368286,0.7457066774368286,0.2542933225631714,0.7457066774368286,0,1,6,zero_shot_paired
7,8,0,12,60,1,1,1,0.5675452947616577,0.5675452947616577,0.4324546754360199,0.5675452947616577,0,1,6,zero_shot_paired
7,9,0,13,60,0,1,0,0.8176392912864685,0.8176392912864685,0.1823606640100479,0.8176392912864685,0,1,6,zero_shot_paired
7,10,0,15,60,0,0,1,0.5742828249931335,0.5742828249931335,0.5742828249931335,0.4257171154022217,0,1,6,zero_shot_paired
7,11,0,16,60,0,0,1,0.6640741229057312,0.6640741229057312,0.6640741229057312,0.3359258472919464,0,1,6,zero_shot_paired
7,0,0,0,60,1,1,1,0.677718997001648,0.677718997001648,0.32228097319602966,0.677718997001648,0,1,6,post_calibration
7,1,0,1,60,1,0,0,0.7067426443099976,0.7067426443099976,0.7067426443099976,0.2932574152946472,0,1,6,post_calibration
7,2,0,4,60,1,1,1,0.5393035411834717,0.5393035411834717,0.46069639921188354,0.5393035411834717,0,1,6,post_calibration
7,3,0,6,60,1,0,0,0.576664924621582,0.576664924621582,0.576664924621582,0.42333507537841797,0,1,6,post_calibration
7,4,0,7,60,0,0,1,0.5854622721672058,0.5854622721672058,0.5854622721672058,0.4145377278327942,0,1,6,post_calibration
7,5,0,8,60,0,0,1,0.7260434031486511,0.7260434031486511,0.7260434031486511,0.27395662665367126,0,1,6,post_calibration
7,6,0,9,60,1,1,1,0.7272345423698425,0.7272345423698425,0.27276548743247986,0.7272345423698425,0,1,6,post_calibration
7,7,0,11,60,1,1,1,0.7540953755378723,0.7540953755378723,0.24590463936328888,0.7540953755378723,0,1,6,post_calibration
7,8,0,12,60,1,1,1,0.5597469806671143,0.5597469806671143,0.44025304913520813,0.5597469806671143,0,1,6,post_calibration
7,9,0,13,60,0,1,0,0.8234670758247375,0.8234670758247375,0.17653292417526245,0.8234670758247375,0,1,6,post_calibration
7,10,0,15,60,0,0,1,0.56474369764328,0.56474369764328,0.56474369764328,0.4352562725543976,0,1,6,post_calibration
7,11,0,16,60,0,0,1,0.6505088806152344,0.6505088806152344,0.6505088806152344,0.3494911193847656,0,1,6,post_calibration
8,0,0,1,60,1,0,0,0.7332236170768738,0.7332236170768738,0.7332236170768738,0.2667763829231262,0,2,6,zero_shot_paired
8,1,0,2,60,1,0,0,0.6468960046768188,0.6468960046768188,0.6468960046768188,0.35310396552085876,0,2,6,zero_shot_paired
8,2,0,3,60,1,0,0,0.6247264742851257,0.6247264742851257,0.6247264742851257,0.37527352571487427,0,2,6,zero_shot_paired
8,3,0,4,60,1,1,1,0.54929119348526,0.54929119348526,0.4507087767124176,0.54929119348526,0,2,6,zero_shot_paired
8,4,0,5,60,0,0,1,0.7457602024078369,0.7457602024078369,0.7457602024078369,0.2542397975921631,0,2,6,zero_shot_paired
8,5,0,8,60,0,0,1,0.7344856858253479,0.7344856858253479,0.7344856858253479,0.2655142843723297,0,2,6,zero_shot_paired
8,6,0,9,60,1,1,1,0.7350893616676331,0.7350893616676331,0.26491066813468933,0.7350893616676331,0,2,6,zero_shot_paired
8,7,0,10,60,0,1,0,0.7536905407905579,0.7536905407905579,0.24630948901176453,0.7536905407905579,0,2,6,zero_shot_paired
8,8,0,13,60,0,1,0,0.8176392912864685,0.8176392912864685,0.1823606640100479,0.8176392912864685,0,2,6,zero_shot_paired
8,9,0,14,60,1,1,1,0.6834161281585693,0.6834161281585693,0.3165838122367859,0.6834161281585693,0,2,6,zero_shot_paired
8,10,0,15,60,0,0,1,0.5742828249931335,0.5742828249931335,0.5742828249931335,0.4257171154022217,0,2,6,zero_shot_paired
8,11,0,17,60,1,1,1,0.6496567726135254,0.6496567726135254,0.3503432273864746,0.6496567726135254,0,2,6,zero_shot_paired
8,0,0,1,60,1,0,0,0.7369334101676941,0.7369334101676941,0.7369334101676941,0.2630665600299835,0,2,6,post_calibration
8,1,0,2,60,1,0,0,0.6422308683395386,0.6422308683395386,0.6422308683395386,0.35776907205581665,0,2,6,post_calibration
8,2,0,3,60,1,0,0,0.6151800155639648,0.6151800155639648,0.6151800155639648,0.38482004404067993,0,2,6,post_calibration
8,3,0,4,60,1,1,1,0.5700172185897827,0.5700172185897827,0.4299827516078949,0.5700172185897827,0,2,6,post_calibration
8,4,0,5,60,0,0,1,0.7560256123542786,0.7560256123542786,0.7560256123542786,0.24397440254688263,0,2,6,post_calibration
8,5,0,8,60,0,0,1,0.7158509492874146,0.7158509492874146,0.7158509492874146,0.28414902091026306,0,2,6,post_calibration
8,6,0,9,60,1,1,1,0.7587313652038574,0.7587313652038574,0.24126866459846497,0.7587313652038574,0,2,6,post_calibration
8,7,0,10,60,0,1,0,0.7555115818977356,0.7555115818977356,0.2444884032011032,0.7555115818977356,0,2,6,post_calibration
8,8,0,13,60,0,1,0,0.8226003050804138,0.8226003050804138,0.1773996651172638,0.8226003050804138,0,2,6,post_calibration
8,9,0,14,60,1,1,1,0.7035160660743713,0.7035160660743713,0.29648393392562866,0.7035160660743713,0,2,6,post_calibration
8,10,0,15,60,0,0,1,0.5789578557014465,0.5789578557014465,0.5789578557014465,0.42104214429855347,0,2,6,post_calibration
8,11,0,17,60,1,1,1,0.6370219588279724,0.6370219588279724,0.3629780113697052,0.6370219588279724,0,2,6,post_calibration
9,0,0,0,60,1,1,1,0.6692367196083069,0.6692367196083069,0.3307633101940155,0.6692367196083069,0,3,6,zero_shot_paired
9,1,0,2,60,1,0,0,0.6468960046768188,0.6468960046768188,0.6468960046768188,0.35310396552085876,0,3,6,zero_shot_paired
9,2,0,3,60,1,0,0,0.6247264742851257,0.6247264742851257,0.6247264742851257,0.37527352571487427,0,3,6,zero_shot_paired
9,3,0,5,60,0,0,1,0.7457602024078369,0.7457602024078369,0.7457602024078369,0.2542397975921631,0,3,6,zero_shot_paired
9,4,0,6,60,1,0,0,0.606775164604187,0.606775164604187,0.606775164604187,0.3932248055934906,0,3,6,zero_shot_paired
9,5,0,7,60,0,0,1,0.6205353736877441,0.6205353736877441,0.6205353736877441,0.37946459650993347,0,3,6,zero_shot_paired
9,6,0,10,60,0,1,0,0.7536905407905579,0.7536905407905579,0.24630948901176453,0.7536905407905579,0,3,6,zero_shot_paired
9,7,0,11,60,1,1,1,0.7457066774368286,0.7457066774368286,0.2542933225631714,0.7457066774368286,0,3,6,zero_shot_paired
9,8,0,12,60,1,1,1,0.5675452947616577,0.5675452947616577,0.4324546754360199,0.5675452947616577,0,3,6,zero_shot_paired
9,9,0,14,60,1,1,1,0.6834161281585693,0.6834161281585693,0.3165838122367859,0.6834161281585693,0,3,6,zero_shot_paired
9,10,0,16,60,0,0,1,0.6640741229057312,0.6640741229057312,0.6640741229057312,0.3359258472919464,0,3,6,zero_shot_paired
9,11,0,17,60,1,1,1,0.6496567726135254,0.6496567726135254,0.3503432273864746,0.6496567726135254,0,3,6,zero_shot_paired
9,0,0,0,60,1,1,1,0.6537696123123169,0.6537696123123169,0.3462303876876831,0.6537696123123169,0,3,6,post_calibration
9,1,0,2,60,1,0,0,0.6389884352684021,0.6389884352684021,0.6389884352684021,0.3610116243362427,0,3,6,post_calibration
9,2,0,3,60,1,0,0,0.6130592226982117,0.6130592226982117,0.6130592226982117,0.3869408369064331,0,3,6,post_calibration
9,3,0,5,60,0,0,1,0.7313209772109985,0.7313209772109985,0.7313209772109985,0.2686789929866791,0,3,6,post_calibration
9,4,0,6,60,1,0,0,0.6036361455917358,0.6036361455917358,0.6036361455917358,0.39636385440826416,0,3,6,post_calibration
9,5,0,7,60,0,0,1,0.6250752210617065,0.6250752210617065,0.6250752210617065,0.37492480874061584,0,3,6,post_calibration
9,6,0,10,60,0,1,0,0.7631322741508484,0.7631322741508484,0.23686771094799042,0.7631322741508484,0,3,6,post_calibration
9,7,0,11,60,1,1,1,0.7301215529441833,0.7301215529441833,0.26987847685813904,0.7301215529441833,0,3,6,post_calibration
9,8,0,12,60,1,1,1,0.5598729848861694,0.5598729848861694,0.44012707471847534,0.5598729848861694,0,3,6,post_calibration
9,9,0,14,60,1,1,1,0.6602597236633301,0.6602597236633301,0.3397403061389923,0.6602597236633301,0,3,6,post_calibration
9,10,0,16,60,0,0,1,0.6705560684204102,0.6705560684204102,0.6705560684204102,0.3294439911842346,0,3,6,post_calibration
9,11,0,17,60,1,1,1,0.6481793522834778,0.6481793522834778,0.3518206477165222,0.6481793522834778,0,3,6,post_calibration
10,0,0,1,60,1,0,0,0.7332236170768738,0.7332236170768738,0.7332236170768738,0.2667763829231262,0,1,9,zero_shot_paired
10,1,0,2,60,1,0,0,0.6468960046768188,0.6468960046768188,0.6468960046768188,0.35310396552085876,0,1,9,zero_shot_paired
10,2,0,3,60,1,0,0,0.6247264742851257,0.6247264742851257,0.6247264742851257,0.37527352571487427,0,1,9,zero_shot_paired
10,3,0,5,60,0,0,1,0.7457644939422607,0.7457644939422607,0.7457644939422607,0.25423547625541687,0,1,9,zero_shot_paired
10,4,0,6,60,1,0,0,0.6067697405815125,0.6067697405815125,0.6067697405815125,0.39323025941848755,0,1,9,zero_shot_paired
10,5,0,12,60,1,1,1,0.5675528049468994,0.5675528049468994,0.4324471950531006,0.5675528049468994,0,1,9,zero_shot_paired
10,6,0,13,60,0,1,0,0.8176392912864685,0.8176392912864685,0.1823606640100479,0.8176392912864685,0,1,9,zero_shot_paired
10,7,0,15,60,0,0,1,0.5742866396903992,0.5742866396903992,0.5742866396903992,0.4257133901119232,0,1,9,zero_shot_paired
10,8,0,17,60,1,1,1,0.6496533155441284,0.6496533155441284,0.3503466844558716,0.6496533155441284,0,1,9,zero_shot_paired
10,0,0,1,60,1,0,0,0.7587466835975647,0.7587466835975647,0.7587466835975647,0.24125328660011292,0,1,9,post_calibration
10,1,0,2,60,1,0,0,0.6560060381889343,0.6560060381889343,0.6560060381889343,0.3439939618110657,0,1,9,post_calibration
10,2,0,3,60,1,0,0,0.6397659182548523,0.6397659182548523,0.6397659182548523,0.3602340519428253,0,1,9,post_calibration
10,3,0,5,60,0,0,1,0.762618899345398,0.762618899345398,0.762618899345398,0.23738116025924683,0,1,9,post_calibration
10,4,0,6,60,1,0,0,0.6028892993927002,0.6028892993927002,0.6028892993927002,0.3971106708049774,0,1,9,post_calibration
10,5,0,12,60,1,1,1,0.5768474340438843,0.5768474340438843,0.4231525957584381,0.5768474340438843,0,1,9,post_calibration
10,6,0,13,60,0,1,0,0.8175767660140991,0.8175767660140991,0.18242323398590088,0.8175767660140991,0,1,9,post_calibration
10,7,0,15,60,0,0,1,0.5632352828979492,0.5632352828979492,0.5632352828979492,0.436764657497406,0,1,9,post_calibration
10,8,0,17,60,1,1,1,0.6311823725700378,0.6311823725700378,0.36881762742996216,0.6311823725700378,0,1,9,post_calibration
11,0,0,0,60,1,1,1,0.6692367196083069,0.6692367196083069,0.3307633101940155,0.6692367196083069,0,2,9,zero_shot_paired
11,1,0,4,60,1,1,1,0.5492874383926392,0.5492874383926392,0.4507125914096832,0.5492874383926392,0,2,9,zero_shot_paired
11,2,0,7,60,0,0,1,0.6205353736877441,0.6205353736877441,0.6205353736877441,0.37946459650993347,0,2,9,zero_shot_paired
11,3,0,8,60,0,0,1,0.7344856858253479,0.7344856858253479,0.7344856858253479,0.2655142843723297,0,2,9,zero_shot_paired
11,4,0,9,60,1,1,1,0.7350952625274658,0.7350952625274658,0.2649047076702118,0.7350952625274658,0,2,9,zero_shot_paired
11,5,0,10,60,0,1,0,0.7536876797676086,0.7536876797676086,0.24631233513355255,0.7536876797676086,0,2,9,zero_shot_paired
11,6,0,11,60,1,1,1,0.7457051873207092,0.7457051873207092,0.25429481267929077,0.7457051873207092,0,2,9,zero_shot_paired
11,7,0,14,60,1,1,1,0.683417797088623,0.683417797088623,0.31658217310905457,0.683417797088623,0,2,9,zero_shot_paired
11,8,0,16,60,0,0,1,0.6640741229057312,0.6640741229057312,0.6640741229057312,0.3359258472919464,0,2,9,zero_shot_paired
11,0,0,0,60,1,1,1,0.676349401473999,0.676349401473999,0.323650598526001,0.676349401473999,0,2,9,post_calibration
11,1,0,4,60,1,1,1,0.5422725081443787,0.5422725081443787,0.45772749185562134,0.5422725081443787,0,2,9,post_calibration
11,2,0,7,60,0,0,1,0.6022480130195618,0.6022480130195618,0.6022480130195618,0.39775195717811584,0,2,9,post_calibration
11,3,0,8,60,0,0,1,0.7161069512367249,0.7161069512367249,0.7161069512367249,0.28389304876327515,0,2,9,post_calibration
11,4,0,9,60,1,1,1,0.7287648916244507,0.7287648916244507,0.27123507857322693,0.7287648916244507,0,2,9,post_calibration
11,5,0,10,60,0,1,0,0.7494469881057739,0.7494469881057739,0.2505530118942261,0.7494469881057739,0,2,9,post_calibration
11,6,0,11,60,1,1,1,0.7475324273109436,0.7475324273109436,0.252467542886734,0.7475324273109436,0,2,9,post_calibration
11,7,0,14,60,1,1,1,0.6804524064064026,0.6804524064064026,0.319547563791275,0.6804524064064026,0,2,9,post_calibration
11,8,0,16,60,0,0,1,0.6481950283050537,0.6481950283050537,0.6481950283050537,0.35180503129959106,0,2,9,post_calibration
12,0,0,0,60,1,1,1,0.6691995859146118,0.6691995859146118,0.33080047369003296,0.6691995859146118,0,1,12,zero_shot_paired
12,1,0,4,60,1,1,1,0.5491797924041748,0.5491797924041748,0.45082026720046997,0.5491797924041748,0,1,12,zero_shot_paired
12,2,0,10,60,0,1,0,0.7537867426872253,0.7537867426872253,0.2462131828069687,0.7537867426872253,0,1,12,zero_shot_paired
12,3,0,11,60,1,1,1,0.7457428574562073,0.7457428574562073,0.2542571723461151,0.7457428574562073,0,1,12,zero_shot_paired
12,4,0,12,60,1,1,1,0.5676258206367493,0.5676258206367493,0.43237414956092834,0.5676258206367493,0,1,12,zero_shot_paired
12,5,0,16,60,0,0,1,0.6641319990158081,0.6641319990158081,0.6641319990158081,0.3358680009841919,0,1,12,zero_shot_paired
12,0,0,0,60,1,1,1,0.668305516242981,0.668305516242981,0.33169451355934143,0.668305516242981,0,1,12,post_calibration
12,1,0,4,60,1,1,1,0.5277329683303833,0.5277329683303833,0.4722670316696167,0.5277329683303833,0,1,12,post_calibration
12,2,0,10,60,0,1,0,0.7562506794929504,0.7562506794929504,0.24374930560588837,0.7562506794929504,0,1,12,post_calibration
12,3,0,11,60,1,1,1,0.7454982399940491,0.7454982399940491,0.2545017600059509,0.7454982399940491,0,1,12,post_calibration
12,4,0,12,60,1,1,1,0.5558496713638306,0.5558496713638306,0.44415032863616943,0.5558496713638306,0,1,12,post_calibration
12,5,0,16,60,0,0,1,0.6585599184036255,0.6585599184036255,0.6585599184036255,0.3414400815963745,0,1,12,post_calibration
13,0,0,0,60,1,1,1,0.6691995859146118,0.6691995859146118,0.33080047369003296,0.6691995859146118,0,2,12,zero_shot_paired
13,1,0,2,60,1,0,0,0.6468960046768188,0.6468960046768188,0.6468960046768188,0.35310396552085876,0,2,12,zero_shot_paired
13,2,0,5,60,0,0,1,0.7458180785179138,0.7458180785179138,0.7458180785179138,0.25418198108673096,0,2,12,zero_shot_paired
13,3,0,14,60,1,1,1,0.6835482716560364,0.6835482716560364,0.3164517879486084,0.6835482716560364,0,2,12,zero_shot_paired
13,4,0,16,60,0,0,1,0.6641319990158081,0.6641319990158081,0.6641319990158081,0.3358680009841919,0,2,12,zero_shot_paired
13,5,0,17,60,1,1,1,0.6496724486351013,0.6496724486351013,0.35032761096954346,0.6496724486351013,0,2,12,zero_shot_paired
13,0,0,0,60,1,1,1,0.6659232974052429,0.6659232974052429,0.3340766429901123,0.6659232974052429,0,2,12,post_calibration
13,1,0,2,60,1,0,0,0.6383792161941528,0.6383792161941528,0.6383792161941528,0.3616207540035248,0,2,12,post_calibration
13,2,0,5,60,0,0,1,0.7454157471656799,0.7454157471656799,0.7454157471656799,0.25458425283432007,0,2,12,post_calibration
13,3,0,14,60,1,1,1,0.687649667263031,0.687649667263031,0.3123503029346466,0.687649667263031,0,2,12,post_calibration
13,4,0,16,60,0,0,1,0.6601415872573853,0.6601415872573853,0.6601415872573853,0.33985841274261475,0,2,12,post_calibration
13,5,0,17,60,1,1,1,0.6509649753570557,0.6509649753570557,0.3490350842475891,0.6509649753570557,0,2,12,post_calibration
14,0,0,1,60,1,0,0,0.7333071827888489,0.7333071827888489,0.7333071827888489,0.2666928470134735,0,3,12,zero_shot_paired
14,1,0,2,60,1,0,0,0.6468960046768188,0.6468960046768188,0.6468960046768188,0.35310396552085876,0,3,12,zero_shot_paired
14,2,0,7,60,0,0,1,0.620402455329895,0.620402455329895,0.620402455329895,0.37959757447242737,0,3,12,zero_shot_paired
14,3,0,12,60,1,1,1,0.5676258206367493,0.5676258206367493,0.43237414956092834,0.5676258206367493,0,3,12,zero_shot_paired
14,4,0,15,60,0,0,1,0.57423996925354,0.57423996925354,0.57423996925354,0.42576006054878235,0,3,12,zero_shot_paired
14,5,0,17,60,1,1,1,0.6496724486351013,0.6496724486351013,0.35032761096954346,0.6496724486351013,0,3,12,zero_shot_paired
14,0,0,1,60,1,0,0,0.7443036437034607,0.7443036437034607,0.7443036437034607,0.2556963264942169,0,3,12,post_calibration
14,1,0,2,60,1,0,0,0.643906831741333,0.643906831741333,0.643906831741333,0.3560931980609894,0,3,12,post_calibration
14,2,0,7,60,0,0,1,0.612090528011322,0.612090528011322,0.612090528011322,0.38790950179100037,0,3,12,post_calibration
14,3,0,12,60,1,1,1,0.5741336345672607,0.5741336345672607,0.42586633563041687,0.5741336345672607,0,3,12,post_calibration
14,4,0,15,60,0,0,1,0.5628073811531067,0.5628073811531067,0.5628073811531067,0.4371926486492157,0,3,12,post_calibration
14,5,0,17,60,1,1,1,0.6389849185943604,0.6389849185943604,0.36101511120796204,0.6389849185943604,0,3,12,post_calibration
2,0,1,0,60,0,1,0,0.7281492352485657,0.7281492352485657,0.2718508243560791,0.7281492352485657,1,,,zero_shot_all_trials
2,1,1,1,60,1,0,0,0.5773371458053589,0.5773371458053589,0.5773371458053589,0.4226628839969635,1,,,zero_shot_all_trials
2,2,1,2,60,1,0,0,0.7150744199752808,0.7150744199752808,0.7150744199752808,0.284925639629364,1,,,zero_shot_all_trials
2,3,1,3,60,1,1,1,0.61394202709198,0.61394202709198,0.38605797290802,0.61394202709198,1,,,zero_shot_all_trials
2,4,1,4,60,0,0,1,0.7796247601509094,0.7796247601509094,0.7796247601509094,0.220375195145607,1,,,zero_shot_all_trials
2,5,1,5,60,1,0,0,0.5987173914909363,0.5987173914909363,0.5987173914909363,0.4012826383113861,1,,,zero_shot_all_trials
2,6,1,6,60,0,1,0,0.7964681386947632,0.7964681386947632,0.20353186130523682,0.7964681386947632,1,,,zero_shot_all_trials
2,7,1,7,60,1,1,1,0.5673936009407043,0.5673936009407043,0.43260639905929565,0.5673936009407043,1,,,zero_shot_all_trials
2,8,1,8,60,1,1,1,0.7094124555587769,0.7094124555587769,0.29058748483657837,0.7094124555587769,1,,,zero_shot_all_trials
2,9,1,9,60,1,1,1,0.7224398255348206,0.7224398255348206,0.27756017446517944,0.7224398255348206,1,,,zero_shot_all_trials
2,10,1,10,60,0,0,1,0.6510221362113953,0.6510221362113953,0.6510221362113953,0.3489778935909271,1,,,zero_shot_all_trials
2,11,1,11,60,1,0,0,0.5133005976676941,0.5133005976676941,0.5133005976676941,0.4866993725299835,1,,,zero_shot_all_trials
2,12,1,12,60,1,1,1,0.8316178917884827,0.8316178917884827,0.16838207840919495,0.8316178917884827,1,,,zero_shot_all_trials
2,13,1,13,60,1,0,0,0.5532827973365784,0.5532827973365784,0.5532827973365784,0.44671720266342163,1,,,zero_shot_all_trials
2,14,1,14,60,1,1,1,0.7957288026809692,0.7957288026809692,0.20427122712135315,0.7957288026809692,1,,,zero_shot_all_trials
2,15,1,15,60,1,0,0,0.523361325263977,0.523361325263977,0.523361325263977,0.47663864493370056,1,,,zero_shot_all_trials
2,16,1,16,60,1,0,0,0.6257615685462952,0.6257615685462952,0.6257615685462952,0.3742384612560272,1,,,zero_shot_all_trials
2,17,1,17,60,1,1,1,0.7139600515365601,0.7139600515365601,0.28603988885879517,0.7139600515365601,1,,,zero_shot_all_trials
15,0,1,0,60,0,1,0,0.7281551957130432,0.7281551957130432,0.2718448042869568,0.7281551957130432,1,1,3,zero_shot_paired
15,1,1,1,60,1,0,0,0.5773371458053589,0.5773371458053589,0.5773371458053589,0.4226628839969635,1,1,3,zero_shot_paired
15,2,1,2,60,1,0,0,0.7150774598121643,0.7150774598121643,0.7150774598121643,0.2849225103855133,1,1,3,zero_shot_paired
15,3,1,3,60,1,1,1,0.6139438152313232,0.6139438152313232,0.38605618476867676,0.6139438152313232,1,1,3,zero_shot_paired
15,4,1,4,60,0,0,1,0.7796287536621094,0.7796287536621094,0.7796287536621094,0.220371276140213,1,1,3,zero_shot_paired
15,5,1,5,60,1,0,0,0.5987448692321777,0.5987448692321777,0.5987448692321777,0.40125513076782227,1,1,3,zero_shot_paired
15,6,1,6,60,0,1,0,0.7964669466018677,0.7964669466018677,0.2035331130027771,0.7964669466018677,1,1,3,zero_shot_paired
15,7,1,7,60,1,1,1,0.5673786401748657,0.5673786401748657,0.4326213598251343,0.5673786401748657,1,1,3,zero_shot_paired
15,8,1,9,60,1,1,1,0.7224521040916443,0.7224521040916443,0.2775479555130005,0.7224521040916443,1,1,3,zero_shot_paired
15,9,1,10,60,0,0,1,0.6510204672813416,0.6510204672813416,0.6510204672813416,0.3489795923233032,1,1,3,zero_shot_paired
15,10,1,11,60,1,0,0,0.5133005976676941,0.5133005976676941,0.5133005976676941,0.4866993725299835,1,1,3,zero_shot_paired
15,11,1,12,60,1,1,1,0.8316146731376648,0.8316146731376648,0.16838528215885162,0.8316146731376648,1,1,3,zero_shot_paired
15,12,1,14,60,1,1,1,0.7957299947738647,0.7957299947738647,0.20426994562149048,0.7957299947738647,1,1,3,zero_shot_paired
15,13,1,16,60,1,0,0,0.6257633566856384,0.6257633566856384,0.6257633566856384,0.3742366433143616,1,1,3,zero_shot_paired
15,14,1,17,60,1,1,1,0.7139694094657898,0.7139694094657898,0.28603053092956543,0.7139694094657898,1,1,3,zero_shot_paired
15,0,1,0,60,0,1,0,0.7258611917495728,0.7258611917495728,0.27413877844810486,0.7258611917495728,1,1,3,post_calibration
15,1,1,1,60,1,0,0,0.5838523507118225,0.5838523507118225,0.5838523507118225,0.41614770889282227,1,1,3,post_calibration
15,2,1,2,60,1,0,0,0.6988820433616638,0.6988820433616638,0.6988820433616638,0.3011179566383362,1,1,3,post_calibration
15,3,1,3,60,1,1,1,0.6047454476356506,0.6047454476356506,0.395254522562027,0.6047454476356506,1,1,3,post_calibration
15,4,1,4,60,0,0,1,0.7744741439819336,0.7744741439819336,0.7744741439819336,0.2255258560180664,1,1,3,post_calibration
15,5,1,5,60,1,0,0,0.5723605155944824,0.5723605155944824,0.5723605155944824,0.4276394844055176,1,1,3,post_calibration
15,6,1,6,60,0,1,0,0.8111974000930786,0.8111974000930786,0.1888025850057602,0.8111974000930786,1,1,3,post_calibration
15,7,1,7,60,1,1,1,0.5559532046318054,0.5559532046318054,0.4440467357635498,0.5559532046318054,1,1,3,post_calibration
15,8,1,9,60,1,1,1,0.7474143505096436,0.7474143505096436,0.25258564949035645,0.7474143505096436,1,1,3,post_calibration
15,9,1,10,60,0,0,1,0.6235648989677429,0.6235648989677429,0.6235648989677429,0.3764350414276123,1,1,3,post_calibration
15,10,1,11,60,1,1,1,0.5095317959785461,0.5095317959785461,0.49046823382377625,0.5095317959785461,1,1,3,post_calibration
15,11,1,12,60,1,1,1,0.8327834606170654,0.8327834606170654,0.16721655428409576,0.8327834606170654,1,1,3,post_calibration
15,12,1,14,60,1,1,1,0.8117611408233643,0.8117611408233643,0.18823882937431335,0.8117611408233643,1,1,3,post_calibration
15,13,1,16,60,1,0,0,0.6266830563545227,0.6266830563545227,0.6266830563545227,0.3733169734477997,1,1,3,post_calibration
15,14,1,17,60,1,1,1,0.7235384583473206,0.7235384583473206,0.27646154165267944,0.7235384583473206,1,1,3,post_calibration
16,0,1,0,60,0,1,0,0.7281537055969238,0.7281537055969238,0.27184629440307617,0.7281537055969238,1,2,3,zero_shot_paired
16,1,1,1,60,1,0,0,0.5773352980613708,0.5773352980613708,0.5773352980613708,0.42266473174095154,1,2,3,zero_shot_paired
16,2,1,2,60,1,0,0,0.7150805592536926,0.7150805592536926,0.7150805592536926,0.284919410943985,1,2,3,zero_shot_paired
16,3,1,3,60,1,1,1,0.6139474511146545,0.6139474511146545,0.38605251908302307,0.6139474511146545,1,2,3,zero_shot_paired
16,4,1,4,60,0,0,1,0.7796274423599243,0.7796274423599243,0.7796274423599243,0.22037258744239807,1,2,3,zero_shot_paired
16,5,1,5,60,1,0,0,0.5987246632575989,0.5987246632575989,0.5987246632575989,0.4012753367424011,1,2,3,zero_shot_paired
16,6,1,6,60,0,1,0,0.7964718341827393,0.7964718341827393,0.20352815091609955,0.7964718341827393,1,2,3,zero_shot_paired
16,7,1,7,60,1,1,1,0.5673748850822449,0.5673748850822449,0.4326251149177551,0.5673748850822449,1,2,3,zero_shot_paired
16,8,1,8,60,1,1,1,0.7094078063964844,0.7094078063964844,0.2905922532081604,0.7094078063964844,1,2,3,zero_shot_paired
16,9,1,9,60,1,1,1,0.7224321961402893,0.7224321961402893,0.2775678038597107,0.7224321961402893,1,2,3,zero_shot_paired
16,10,1,13,60,1,0,0,0.5532808899879456,0.5532808899879456,0.5532808899879456,0.44671908020973206,1,2,3,zero_shot_paired
16,11,1,14,60,1,1,1,0.7957288026809692,0.7957288026809692,0.20427122712135315,0.7957288026809692,1,2,3,zero_shot_paired
16,12,1,15,60,1,0,0,0.5233651995658875,0.5233651995658875,0.5233651995658875,0.4766348600387573,1,2,3,zero_shot_paired
16,13,1,16,60,1,0,0,0.6257705092430115,0.6257705092430115,0.6257705092430115,0.3742295205593109,1,2,3,zero_shot_paired
16,14,1,17,60,1,1,1,0.7139679193496704,0.7139679193496704,0.286032110452652,0.7139679193496704,1,2,3,zero_shot_paired
16,0,1,0,60,0,1,0,0.7314873933792114,0.7314873933792114,0.26851263642311096,0.7314873933792114,1,2,3,post_calibration
16,1,1,1,60,1,0,0,0.5764079093933105,0.5764079093933105,0.5764079093933105,0.42359215021133423,1,2,3,post_calibration
16,2,1,2,60,1,0,0,0.71427321434021,0.71427321434021,0.71427321434021,0.2857268154621124,1,2,3,post_calibration
16,3,1,3,60,1,1,1,0.6259812712669373,0.6259812712669373,0.37401872873306274,0.6259812712669373,1,2,3,post_calibration
16,4,1,4,60,0,0,1,0.7811703085899353,0.7811703085899353,0.7811703085899353,0.21882976591587067,1,2,3,post_calibration
16,5,1,5,60,1,0,0,0.5835538506507874,0.5835538506507874,0.5835538506507874,0.41644614934921265,1,2,3,post_calibration
16,6,1,6,60,0,1,0,0.7946664690971375,0.7946664690971375,0.20533354580402374,0.7946664690971375,1,2,3,post_calibration
16,7,1,7,60,1,1,1,0.559839129447937,0.559839129447937,0.44016093015670776,0.559839129447937,1,2,3,post_calibration
16,8,1,8,60,1,1,1,0.7067726254463196,0.7067726254463196,0.2932273745536804,0.7067726254463196,1,2,3,post_calibration
16,9,1,9,60,1,1,1,0.7174389362335205,0.7174389362335205,0.2825610637664795,0.7174389362335205,1,2,3,post_calibration
16,10,1,13,60,1,0,0,0.5593558549880981,0.5593558549880981,0.5593558549880981,0.44064411520957947,1,2,3,post_calibration
16,11,1,14,60,1,1,1,0.7864998579025269,0.7864998579025269,0.21350014209747314,0.7864998579025269,1,2,3,post_calibration
16,12,1,15,60,1,0,0,0.5278622508049011,0.5278622508049011,0.5278622508049011,0.4721377491950989,1,2,3,post_calibration
16,13,1,16,60,1,0,0,0.6181431412696838,0.6181431412696838,0.6181431412696838,0.38185688853263855,1,2,3,post_calibration
16,14,1,17,60,1,1,1,0.7088868618011475,0.7088868618011475,0.29111307859420776,0.7088868618011475,1,2,3,post_calibration
17,0,1,0,60,0,1,0,0.7281537055969238,0.7281537055969238,0.27184629440307617,0.7281537055969238,1,3,3,zero_shot_paired
17,1,1,1,60,1,0,0,0.5773352980613708,0.5773352980613708,0.5773352980613708,0.42266473174095154,1,3,3,zero_shot_paired
17,2,1,2,60,1,0,0,0.7150805592536926,0.7150805592536926,0.7150805592536926,0.284919410943985,1,3,3,zero_shot_paired
17,3,1,3,60,1,1,1,0.6139474511146545,0.6139474511146545,0.38605251908302307,0.6139474511146545,1,3,3,zero_shot_paired
17,4,1,4,60,0,0,1,0.7796274423599243,0.7796274423599243,0.7796274423599243,0.22037258744239807,1,3,3,zero_shot_paired
17,5,1,5,60,1,0,0,0.5987246632575989,0.5987246632575989,0.5987246632575989,0.4012753367424011,1,3,3,zero_shot_paired
17,6,1,7,60,1,1,1,0.5673748850822449,0.5673748850822449,0.4326251149177551,0.5673748850822449,1,3,3,zero_shot_paired
17,7,1,8,60,1,1,1,0.7094078063964844,0.7094078063964844,0.2905922532081604,0.7094078063964844,1,3,3,zero_shot_paired
17,8,1,9,60,1,1,1,0.7224321961402893,0.7224321961402893,0.2775678038597107,0.7224321961402893,1,3,3,zero_shot_paired
17,9,1,10,60,0,0,1,0.6510151624679565,0.6510151624679565,0.6510151624679565,0.3489847779273987,1,3,3,zero_shot_paired
17,10,1,11,60,1,0,0,0.5133044123649597,0.5133044123649597,0.5133044123649597,0.4866955876350403,1,3,3,zero_shot_paired
17,11,1,12,60,1,1,1,0.8316125273704529,0.8316125273704529,0.16838741302490234,0.8316125273704529,1,3,3,zero_shot_paired
17,12,1,13,60,1,0,0,0.5532808899879456,0.5532808899879456,0.5532808899879456,0.44671908020973206,1,3,3,zero_shot_paired
17,13,1,14,60,1,1,1,0.7957288026809692,0.7957288026809692,0.20427122712135315,0.7957288026809692,1,3,3,zero_shot_paired
17,14,1,15,60,1,0,0,0.5233651995658875,0.5233651995658875,0.5233651995658875,0.4766348600387573,1,3,3,zero_shot_paired
17,0,1,0,60,0,1,0,0.7238420248031616,0.7238420248031616,0.276157945394516,0.7238420248031616,1,3,3,post_calibration
17,1,1,1,60,1,0,0,0.5737418532371521,0.5737418532371521,0.5737418532371521,0.4262581467628479,1,3,3,post_calibration
17,2,1,2,60,1,0,0,0.7130196690559387,0.7130196690559387,0.7130196690559387,0.28698036074638367,1,3,3,post_calibration
17,3,1,3,60,1,1,1,0.6331976652145386,0.6331976652145386,0.3668023645877838,0.6331976652145386,1,3,3,post_calibration
17,4,1,4,60,0,0,1,0.7736468315124512,0.7736468315124512,0.7736468315124512,0.22635313868522644,1,3,3,post_calibration
17,5,1,5,60,1,0,0,0.5981875061988831,0.5981875061988831,0.5981875061988831,0.40181249380111694,1,3,3,post_calibration
17,6,1,7,60,1,1,1,0.5766015648841858,0.5766015648841858,0.4233984053134918,0.5766015648841858,1,3,3,post_calibration
17,7,1,8,60,1,1,1,0.6952135562896729,0.6952135562896729,0.30478641390800476,0.6952135562896729,1,3,3,post_calibration
17,8,1,9,60,1,1,1,0.7098667621612549,0.7098667621612549,0.29013317823410034,0.7098667621612549,1,3,3,post_calibration
17,9,1,10,60,0,0,1,0.6548033356666565,0.6548033356666565,0.6548033356666565,0.3451966345310211,1,3,3,post_calibration
17,10,1,11,60,1,0,0,0.5156503915786743,0.5156503915786743,0.5156503915786743,0.4843495786190033,1,3,3,post_calibration
17,11,1,12,60,1,1,1,0.835114061832428,0.835114061832428,0.16488590836524963,0.835114061832428,1,3,3,post_calibration
17,12,1,13,60,1,0,0,0.5601417422294617,0.5601417422294617,0.5601417422294617,0.43985822796821594,1,3,3,post_calibration
17,13,1,14,60,1,1,1,0.791730523109436,0.791730523109436,0.20826949179172516,0.791730523109436,1,3,3,post_calibration
17,14,1,15,60,1,0,0,0.5243014097213745,0.5243014097213745,0.5243014097213745,0.4756985306739807,1,3,3,post_calibration
18,0,1,0,60,0,1,0,0.7281537055969238,0.7281537055969238,0.27184629440307617,0.7281537055969238,1,4,3,zero_shot_paired
18,1,1,1,60,1,0,0,0.5773352980613708,0.5773352980613708,0.5773352980613708,0.42266473174095154,1,4,3,zero_shot_paired
18,2,1,4,60,0,0,1,0.7796274423599243,0.7796274423599243,0.7796274423599243,0.22037258744239807,1,4,3,zero_shot_paired
18,3,1,5,60,1,0,0,0.5987246632575989,0.5987246632575989,0.5987246632575989,0.4012753367424011,1,4,3,zero_shot_paired
18,4,1,6,60,0,1,0,0.7964718341827393,0.7964718341827393,0.20352815091609955,0.7964718341827393,1,4,3,zero_shot_paired
18,5,1,8,60,1,1,1,0.7094078063964844,0.7094078063964844,0.2905922532081604,0.7094078063964844,1,4,3,zero_shot_paired
18,6,1,9,60,1,1,1,0.7224321961402893,0.7224321961402893,0.2775678038597107,0.7224321961402893,1,4,3,zero_shot_paired
18,7,1,10,60,0,0,1,0.6510151624679565,0.6510151624679565,0.6510151624679565,0.3489847779273987,1,4,3,zero_shot_paired
18,8,1,11,60,1,0,0,0.5133044123649597,0.5133044123649597,0.5133044123649597,0.4866955876350403,1,4,3,zero_shot_paired
18,9,1,12,60,1,1,1,0.8316125273704529,0.8316125273704529,0.16838741302490234,0.8316125273704529,1,4,3,zero_shot_paired
18,10,1,13,60,1,0,0,0.5532808899879456,0.5532808899879456,0.5532808899879456,0.44671908020973206,1,4,3,zero_shot_paired
18,11,1,14,60,1,1,1,0.7957288026809692,0.7957288026809692,0.20427122712135315,0.7957288026809692,1,4,3,zero_shot_paired
18,12,1,15,60,1,0,0,0.5233651995658875,0.5233651995658875,0.5233651995658875,0.4766348600387573,1,4,3,zero_shot_paired
18,13,1,16,60,1,0,0,0.6257705092430115,0.6257705092430115,0.6257705092430115,0.3742295205593109,1,4,3,zero_shot_paired
18,14,1,17,60,1,1,1,0.7139679193496704,0.7139679193496704,0.286032110452652,0.7139679193496704,1,4,3,zero_shot_paired
18,0,1,0,60,0,1,0,0.7313044667243958,0.7313044667243958,0.2686954736709595,0.7313044667243958,1,4,3,post_calibration
18,1,1,1,60,1,0,0,0.5488019585609436,0.5488019585609436,0.5488019585609436,0.451198011636734,1,4,3,post_calibration
18,2,1,4,60,0,0,1,0.7577621340751648,0.7577621340751648,0.7577621340751648,0.24223783612251282,1,4,3,post_calibration
18,3,1,5,60,1,0,0,0.5944795608520508,0.5944795608520508,0.5944795608520508,0.4055204391479492,1,4,3,post_calibration
18,4,1,6,60,0,1,0,0.7969969511032104,0.7969969511032104,0.20300300419330597,0.7969969511032104,1,4,3,post_calibration
18,5,1,8,60,1,1,1,0.7098463773727417,0.7098463773727417,0.2901536226272583,0.7098463773727417,1,4,3,post_calibration
18,6,1,9,60,1,1,1,0.734625518321991,0.734625518321991,0.26537445187568665,0.734625518321991,1,4,3,post_calibration
18,7,1,10,60,0,0,1,0.6384408473968506,0.6384408473968506,0.6384408473968506,0.361559122800827,1,4,3,post_calibration
18,8,1,11,60,1,0,0,0.5091046690940857,0.5091046690940857,0.5091046690940857,0.4908953011035919,1,4,3,post_calibration
18,9,1,12,60,1,1,1,0.8433486223220825,0.8433486223220825,0.15665142238140106,0.8433486223220825,1,4,3,post_calibration
18,10,1,13,60,1,0,0,0.5412402749061584,0.5412402749061584,0.5412402749061584,0.45875975489616394,1,4,3,post_calibration
18,11,1,14,60,1,1,1,0.801406979560852,0.801406979560852,0.19859306514263153,0.801406979560852,1,4,3,post_calibration
18,12,1,15,60,1,0,0,0.525336503982544,0.525336503982544,0.525336503982544,0.47466352581977844,1,4,3,post_calibration
18,13,1,16,60,1,0,0,0.5949760675430298,0.5949760675430298,0.5949760675430298,0.4050239622592926,1,4,3,post_calibration
18,14,1,17,60,1,1,1,0.7094078063964844,0.7094078063964844,0.2905922532081604,0.7094078063964844,1,4,3,post_calibration
19,0,1,0,60,0,1,0,0.7281537055969238,0.7281537055969238,0.27184629440307617,0.7281537055969238,1,5,3,zero_shot_paired
19,1,1,2,60,1,0,0,0.7150805592536926,0.7150805592536926,0.7150805592536926,0.284919410943985,1,5,3,zero_shot_paired
19,2,1,3,60,1,1,1,0.6139474511146545,0.6139474511146545,0.38605251908302307,0.6139474511146545,1,5,3,zero_shot_paired
19,3,1,5,60,1,0,0,0.5987246632575989,0.5987246632575989,0.5987246632575989,0.4012753367424011,1,5,3,zero_shot_paired
19,4,1,6,60,0,1,0,0.7964718341827393,0.7964718341827393,0.20352815091609955,0.7964718341827393,1,5,3,zero_shot_paired
19,5,1,7,60,1,1,1,0.5673748850822449,0.5673748850822449,0.4326251149177551,0.5673748850822449,1,5,3,zero_shot_paired
19,6,1,8,60,1,1,1,0.7094078063964844,0.7094078063964844,0.2905922532081604,0.7094078063964844,1,5,3,zero_shot_paired
19,7,1,9,60,1,1,1,0.7224321961402893,0.7224321961402893,0.2775678038597107,0.7224321961402893,1,5,3,zero_shot_paired
19,8,1,10,60,0,0,1,0.6510151624679565,0.6510151624679565,0.6510151624679565,0.3489847779273987,1,5,3,zero_shot_paired
19,9,1,11,60,1,0,0,0.5133044123649597,0.5133044123649597,0.5133044123649597,0.4866955876350403,1,5,3,zero_shot_paired
19,10,1,12,60,1,1,1,0.8316125273704529,0.8316125273704529,0.16838741302490234,0.8316125273704529,1,5,3,zero_shot_paired
19,11,1,13,60,1,0,0,0.5532808899879456,0.5532808899879456,0.5532808899879456,0.44671908020973206,1,5,3,zero_shot_paired
19,12,1,15,60,1,0,0,0.5233651995658875,0.5233651995658875,0.5233651995658875,0.4766348600387573,1,5,3,zero_shot_paired
19,13,1,16,60,1,0,0,0.6257705092430115,0.6257705092430115,0.6257705092430115,0.3742295205593109,1,5,3,zero_shot_paired
19,14,1,17,60,1,1,1,0.7139679193496704,0.7139679193496704,0.286032110452652,0.7139679193496704,1,5,3,zero_shot_paired
19,0,1,0,60,0,1,0,0.7309731245040894,0.7309731245040894,0.2690269351005554,0.7309731245040894,1,5,3,post_calibration
19,1,1,2,60,1,0,0,0.7157159447669983,0.7157159447669983,0.7157159447669983,0.2842840552330017,1,5,3,post_calibration
19,2,1,3,60,1,1,1,0.6208820343017578,0.6208820343017578,0.3791179358959198,0.6208820343017578,1,5,3,post_calibration
19,3,1,5,60,1,0,0,0.6002304553985596,0.6002304553985596,0.6002304553985596,0.39976954460144043,1,5,3,post_calibration
19,4,1,6,60,0,1,0,0.8015453219413757,0.8015453219413757,0.19845467805862427,0.8015453219413757,1,5,3,post_calibration
19,5,1,7,60,1,1,1,0.5748759508132935,0.5748759508132935,0.4251241087913513,0.5748759508132935,1,5,3,post_calibration
19,6,1,8,60,1,1,1,0.7116641998291016,0.7116641998291016,0.28833574056625366,0.7116641998291016,1,5,3,post_calibration
19,7,1,9,60,1,1,1,0.7252170443534851,0.7252170443534851,0.2747829258441925,0.7252170443534851,1,5,3,post_calibration
19,8,1,10,60,0,0,1,0.651576578617096,0.651576578617096,0.651576578617096,0.34842342138290405,1,5,3,post_calibration
19,9,1,11,60,1,0,0,0.5192299485206604,0.5192299485206604,0.5192299485206604,0.4807700514793396,1,5,3,post_calibration
19,10,1,12,60,1,1,1,0.8358355760574341,0.8358355760574341,0.16416439414024353,0.8358355760574341,1,5,3,post_calibration
19,11,1,13,60,1,0,0,0.5579205751419067,0.5579205751419067,0.5579205751419067,0.4420793950557709,1,5,3,post_calibration
19,12,1,15,60,1,0,0,0.5263466238975525,0.5263466238975525,0.5263466238975525,0.4736534357070923,1,5,3,post_calibration
19,13,1,16,60,1,0,0,0.6162378191947937,0.6162378191947937,0.6162378191947937,0.3837621808052063,1,5,3,post_calibration
19,14,1,17,60,1,1,1,0.7150604128837585,0.7150604128837585,0.28493961691856384,0.7150604128837585,1,5,3,post_calibration
20,0,1,1,60,1,0,0,0.5773352980613708,0.5773352980613708,0.5773352980613708,0.42266473174095154,1,6,3,zero_shot_paired
20,1,1,2,60,1,0,0,0.7150805592536926,0.7150805592536926,0.7150805592536926,0.284919410943985,1,6,3,zero_shot_paired
20,2,1,3,60,1,1,1,0.6139474511146545,0.6139474511146545,0.38605251908302307,0.6139474511146545,1,6,3,zero_shot_paired
20,3,1,4,60,0,0,1,0.7796274423599243,0.7796274423599243,0.7796274423599243,0.22037258744239807,1,6,3,zero_shot_paired
20,4,1,6,60,0,1,0,0.7964718341827393,0.7964718341827393,0.20352815091609955,0.7964718341827393,1,6,3,zero_shot_paired
20,5,1,7,60,1,1,1,0.5673748850822449,0.5673748850822449,0.4326251149177551,0.5673748850822449,1,6,3,zero_shot_paired
20,6,1,8,60,1,1,1,0.7094078063964844,0.7094078063964844,0.2905922532081604,0.7094078063964844,1,6,3,zero_shot_paired
20,7,1,10,60,0,0,1,0.6510151624679565,0.6510151624679565,0.6510151624679565,0.3489847779273987,1,6,3,zero_shot_paired
20,8,1,11,60,1,0,0,0.5133044123649597,0.5133044123649597,0.5133044123649597,0.4866955876350403,1,6,3,zero_shot_paired
20,9,1,12,60,1,1,1,0.8316125273704529,0.8316125273704529,0.16838741302490234,0.8316125273704529,1,6,3,zero_shot_paired
20,10,1,13,60,1,0,0,0.5532808899879456,0.5532808899879456,0.5532808899879456,0.44671908020973206,1,6,3,zero_shot_paired
20,11,1,14,60,1,1,1,0.7957288026809692,0.7957288026809692,0.20427122712135315,0.7957288026809692,1,6,3,zero_shot_paired
20,12,1,15,60,1,0,0,0.5233651995658875,0.5233651995658875,0.5233651995658875,0.4766348600387573,1,6,3,zero_shot_paired
20,13,1,16,60,1,0,0,0.6257705092430115,0.6257705092430115,0.6257705092430115,0.3742295205593109,1,6,3,zero_shot_paired
20,14,1,17,60,1,1,1,0.7139679193496704,0.7139679193496704,0.286032110452652,0.7139679193496704,1,6,3,zero_shot_paired
20,0,1,1,60,1,0,0,0.5842730402946472,0.5842730402946472,0.5842730402946472,0.41572698950767517,1,6,3,post_calibration
20,1,1,2,60,1,0,0,0.6999470591545105,0.6999470591545105,0.6999470591545105,0.3000529110431671,1,6,3,post_calibration
20,2,1,3,60,1,1,1,0.6027907133102417,0.6027907133102417,0.3972093164920807,0.6027907133102417,1,6,3,post_calibration
20,3,1,4,60,0,0,1,0.7691195011138916,0.7691195011138916,0.7691195011138916,0.230880469083786,1,6,3,post_calibration
20,4,1,6,60,0,1,0,0.7925859093666077,0.7925859093666077,0.20741409063339233,0.7925859093666077,1,6,3,post_calibration
20,5,1,7,60,1,1,1,0.5631921887397766,0.5631921887397766,0.4368078410625458,0.5631921887397766,1,6,3,post_calibration
20,6,1,8,60,1,1,1,0.7185141444206238,0.7185141444206238,0.28148582577705383,0.7185141444206238,1,6,3,post_calibration
20,7,1,10,60,0,0,1,0.6440677046775818,0.6440677046775818,0.6440677046775818,0.3559322655200958,1,6,3,post_calibration
20,8,1,11,60,1,1,1,0.505145788192749,0.505145788192749,0.4948541522026062,0.505145788192749,1,6,3,post_calibration
20,9,1,12,60,1,1,1,0.8278509378433228,0.8278509378433228,0.17214900255203247,0.8278509378433228,1,6,3,post_calibration
20,10,1,13,60,1,0,0,0.542868971824646,0.542868971824646,0.542868971824646,0.4571310579776764,1,6,3,post_calibration
20,11,1,14,60,1,1,1,0.8031846284866333,0.8031846284866333,0.1968153417110443,0.8031846284866333,1,6,3,post_calibration
20,12,1,15,60,1,0,0,0.5176661610603333,0.5176661610603333,0.5176661610603333,0.4823338985443115,1,6,3,post_calibration
20,13,1,16,60,1,0,0,0.6301196813583374,0.6301196813583374,0.6301196813583374,0.3698803782463074,1,6,3,post_calibration
20,14,1,17,60,1,1,1,0.7097331881523132,0.7097331881523132,0.290266752243042,0.7097331881523132,1,6,3,post_calibration
21,0,1,0,60,0,1,0,0.7281537055969238,0.7281537055969238,0.27184629440307617,0.7281537055969238,1,1,6,zero_shot_paired
21,1,1,1,60,1,0,0,0.5773352980613708,0.5773352980613708,0.5773352980613708,0.42266473174095154,1,1,6,zero_shot_paired
21,2,1,3,60,1,1,1,0.6139474511146545,0.6139474511146545,0.38605251908302307,0.6139474511146545,1,1,6,zero_shot_paired
21,3,1,4,60,0,0,1,0.7796274423599243,0.7796274423599243,0.7796274423599243,0.22037258744239807,1,1,6,zero_shot_paired
21,4,1,5,60,1,0,0,0.5987246632575989,0.5987246632575989,0.5987246632575989,0.4012753367424011,1,1,6,zero_shot_paired
21,5,1,6,60,0,1,0,0.7964718341827393,0.7964718341827393,0.20352815091609955,0.7964718341827393,1,1,6,zero_shot_paired
21,6,1,11,60,1,0,0,0.5133044123649597,0.5133044123649597,0.5133044123649597,0.4866955876350403,1,1,6,zero_shot_paired
21,7,1,12,60,1,1,1,0.8316125273704529,0.8316125273704529,0.16838741302490234,0.8316125273704529,1,1,6,zero_shot_paired
21,8,1,13,60,1,0,0,0.5532808899879456,0.5532808899879456,0.5532808899879456,0.44671908020973206,1,1,6,zero_shot_paired
21,9,1,15,60,1,0,0,0.5233651995658875,0.5233651995658875,0.5233651995658875,0.4766348600387573,1,1,6,zero_shot_paired
21,10,1,16,60,1,0,0,0.6257705092430115,0.6257705092430115,0.6257705092430115,0.3742295205593109,1,1,6,zero_shot_paired
21,11,1,17,60,1,1,1,0.7139679193496704,0.7139679193496704,0.286032110452652,0.7139679193496704,1,1,6,zero_shot_paired
21,0,1,0,60,0,1,0,0.7230559587478638,0.7230559587478638,0.2769440710544586,0.7230559587478638,1,1,6,post_calibration
21,1,1,1,60,1,0,0,0.5597996115684509,0.5597996115684509,0.5597996115684509,0.4402003884315491,1,1,6,post_calibration
21,2,1,3,60,1,1,1,0.6158426403999329,0.6158426403999329,0.3841574192047119,0.6158426403999329,1,1,6,post_calibration
21,3,1,4,60,0,0,1,0.7571075558662415,0.7571075558662415,0.7571075558662415,0.24289245903491974,1,1,6,post_calibration
21,4,1,5,60,1,0,0,0.5810914039611816,0.5810914039611816,0.5810914039611816,0.41890859603881836,1,1,6,post_calibration
21,5,1,6,60,0,1,0,0.800297200679779,0.800297200679779,0.19970278441905975,0.800297200679779,1,1,6,post_calibration
21,6,1,11,60,1,0,0,0.5074933767318726,0.5074933767318726,0.5074933767318726,0.49250656366348267,1,1,6,post_calibration
21,7,1,12,60,1,1,1,0.8362037539482117,0.8362037539482117,0.16379624605178833,0.8362037539482117,1,1,6,post_calibration
21,8,1,13,60,1,0,0,0.5452308654785156,0.5452308654785156,0.5452308654785156,0.4547691345214844,1,1,6,post_calibration
21,9,1,15,60,1,0,0,0.5114420652389526,0.5114420652389526,0.5114420652389526,0.48855793476104736,1,1,6,post_calibration
21,10,1,16,60,1,0,0,0.6075831651687622,0.6075831651687622,0.6075831651687622,0.3924168646335602,1,1,6,post_calibration
21,11,1,17,60,1,1,1,0.7102014422416687,0.7102014422416687,0.2897986173629761,0.7102014422416687,1,1,6,post_calibration
22,0,1,1,60,1,0,0,0.5773352980613708,0.5773352980613708,0.5773352980613708,0.42266473174095154,1,2,6,zero_shot_paired
22,1,1,2,60,1,0,0,0.7150805592536926,0.7150805592536926,0.7150805592536926,0.284919410943985,1,2,6,zero_shot_paired
22,2,1,4,60,0,0,1,0.7796274423599243,0.7796274423599243,0.7796274423599243,0.22037258744239807,1,2,6,zero_shot_paired
22,3,1,6,60,0,1,0,0.7964718341827393,0.7964718341827393,0.20352815091609955,0.7964718341827393,1,2,6,zero_shot_paired
22,4,1,7,60,1,1,1,0.5673748850822449,0.5673748850822449,0.4326251149177551,0.5673748850822449,1,2,6,zero_shot_paired
22,5,1,8,60,1,1,1,0.7094078063964844,0.7094078063964844,0.2905922532081604,0.7094078063964844,1,2,6,zero_shot_paired
22,6,1,9,60,1,1,1,0.7224321961402893,0.7224321961402893,0.2775678038597107,0.7224321961402893,1,2,6,zero_shot_paired
22,7,1,10,60,0,0,1,0.6510151624679565,0.6510151624679565,0.6510151624679565,0.3489847779273987,1,2,6,zero_shot_paired
22,8,1,13,60,1,0,0,0.5532808899879456,0.5532808899879456,0.5532808899879456,0.44671908020973206,1,2,6,zero_shot_paired
22,9,1,14,60,1,1,1,0.7957288026809692,0.7957288026809692,0.20427122712135315,0.7957288026809692,1,2,6,zero_shot_paired
22,10,1,15,60,1,0,0,0.5233651995658875,0.5233651995658875,0.5233651995658875,0.4766348600387573,1,2,6,zero_shot_paired
22,11,1,17,60,1,1,1,0.7139679193496704,0.7139679193496704,0.286032110452652,0.7139679193496704,1,2,6,zero_shot_paired
22,0,1,1,60,1,0,0,0.5735198259353638,0.5735198259353638,0.5735198259353638,0.4264802038669586,1,2,6,post_calibration
22,1,1,2,60,1,0,0,0.6873546242713928,0.6873546242713928,0.6873546242713928,0.31264540553092957,1,2,6,post_calibration
22,2,1,4,60,0,0,1,0.7573305368423462,0.7573305368423462,0.7573305368423462,0.24266944825649261,1,2,6,post_calibration
22,3,1,6,60,0,1,0,0.7889009714126587,0.7889009714126587,0.21109901368618011,0.7889009714126587,1,2,6,post_calibration
22,4,1,7,60,1,1,1,0.5704547166824341,0.5704547166824341,0.4295452833175659,0.5704547166824341,1,2,6,post_calibration
22,5,1,8,60,1,1,1,0.722285270690918,0.722285270690918,0.27771472930908203,0.722285270690918,1,2,6,post_calibration
22,6,1,9,60,1,1,1,0.7516154050827026,0.7516154050827026,0.24838459491729736,0.7516154050827026,1,2,6,post_calibration
22,7,1,10,60,0,0,1,0.64417964220047,0.64417964220047,0.64417964220047,0.3558203876018524,1,2,6,post_calibration
22,8,1,13,60,1,0,0,0.544035017490387,0.544035017490387,0.544035017490387,0.45596498250961304,1,2,6,post_calibration
22,9,1,14,60,1,1,1,0.8075768947601318,0.8075768947601318,0.19242314994335175,0.8075768947601318,1,2,6,post_calibration
22,10,1,15,60,1,0,0,0.505113422870636,0.505113422870636,0.505113422870636,0.494886577129364,1,2,6,post_calibration
22,11,1,17,60,1,1,1,0.7110830545425415,0.7110830545425415,0.2889169454574585,0.7110830545425415,1,2,6,post_calibration
23,0,1,0,60,0,1,0,0.7281537055969238,0.7281537055969238,0.27184629440307617,0.7281537055969238,1,3,6,zero_shot_paired
23,1,1,2,60,1,0,0,0.7150805592536926,0.7150805592536926,0.7150805592536926,0.284919410943985,1,3,6,zero_shot_paired
23,2,1,3,60,1,1,1,0.6139474511146545,0.6139474511146545,0.38605251908302307,0.6139474511146545,1,3,6,zero_shot_paired
23,3,1,5,60,1,0,0,0.5987246632575989,0.5987246632575989,0.5987246632575989,0.4012753367424011,1,3,6,zero_shot_paired
23,4,1,7,60,1,1,1,0.5673748850822449,0.5673748850822449,0.4326251149177551,0.5673748850822449,1,3,6,zero_shot_paired
23,5,1,8,60,1,1,1,0.7094078063964844,0.7094078063964844,0.2905922532081604,0.7094078063964844,1,3,6,zero_shot_paired
23,6,1,9,60,1,1,1,0.7224321961402893,0.7224321961402893,0.2775678038597107,0.7224321961402893,1,3,6,zero_shot_paired
23,7,1,10,60,0,0,1,0.6510151624679565,0.6510151624679565,0.6510151624679565,0.3489847779273987,1,3,6,zero_shot_paired
23,8,1,11,60,1,0,0,0.5133044123649597,0.5133044123649597,0.5133044123649597,0.4866955876350403,1,3,6,zero_shot_paired
23,9,1,12,60,1,1,1,0.8316125273704529,0.8316125273704529,0.16838741302490234,0.8316125273704529,1,3,6,zero_shot_paired
23,10,1,14,60,1,1,1,0.7957288026809692,0.7957288026809692,0.20427122712135315,0.7957288026809692,1,3,6,zero_shot_paired
23,11,1,16,60,1,0,0,0.6257705092430115,0.6257705092430115,0.6257705092430115,0.3742295205593109,1,3,6,zero_shot_paired
23,0,1,0,60,0,1,0,0.734573483467102,0.734573483467102,0.26542654633522034,0.734573483467102,1,3,6,post_calibration
23,1,1,2,60,1,0,0,0.7251288294792175,0.7251288294792175,0.7251288294792175,0.2748711109161377,1,3,6,post_calibration
23,2,1,3,60,1,1,1,0.6173503994941711,0.6173503994941711,0.3826495409011841,0.6173503994941711,1,3,6,post_calibration
23,3,1,5,60,1,0,0,0.5964698791503906,0.5964698791503906,0.5964698791503906,0.4035301208496094,1,3,6,post_calibration
23,4,1,7,60,1,1,1,0.5746633410453796,0.5746633410453796,0.42533668875694275,0.5746633410453796,1,3,6,post_calibration
23,5,1,8,60,1,1,1,0.6976732611656189,0.6976732611656189,0.30232667922973633,0.6976732611656189,1,3,6,post_calibration
23,6,1,9,60,1,1,1,0.7229260206222534,0.7229260206222534,0.2770739495754242,0.7229260206222534,1,3,6,post_calibration
23,7,1,10,60,0,0,1,0.6478051543235779,0.6478051543235779,0.6478051543235779,0.35219481587409973,1,3,6,post_calibration
23,8,1,11,60,1,0,0,0.5165421366691589,0.5165421366691589,0.5165421366691589,0.48345789313316345,1,3,6,post_calibration
23,9,1,12,60,1,1,1,0.8365243077278137,0.8365243077278137,0.16347567737102509,0.8365243077278137,1,3,6,post_calibration
23,10,1,14,60,1,1,1,0.7964545488357544,0.7964545488357544,0.2035454660654068,0.7964545488357544,1,3,6,post_calibration
23,11,1,16,60,1,0,0,0.6258884072303772,0.6258884072303772,0.6258884072303772,0.3741116225719452,1,3,6,post_calibration
24,0,1,0,60,0,1,0,0.7281476259231567,0.7281476259231567,0.2718523442745209,0.7281476259231567,1,1,9,zero_shot_paired
24,1,1,1,60,1,0,0,0.5773427486419678,0.5773427486419678,0.5773427486419678,0.4226572811603546,1,1,9,zero_shot_paired
24,2,1,2,60,1,0,0,0.7150774598121643,0.7150774598121643,0.7150774598121643,0.2849225103855133,1,1,9,zero_shot_paired
24,3,1,5,60,1,0,0,0.5987191796302795,0.5987191796302795,0.5987191796302795,0.40128085017204285,1,1,9,zero_shot_paired
24,4,1,10,60,0,0,1,0.651016891002655,0.651016891002655,0.651016891002655,0.3489830493927002,1,1,9,zero_shot_paired
24,5,1,11,60,1,0,0,0.5133025646209717,0.5133025646209717,0.5133025646209717,0.4866974651813507,1,1,9,zero_shot_paired
24,6,1,13,60,1,0,0,0.5532827973365784,0.5532827973365784,0.5532827973365784,0.44671720266342163,1,1,9,zero_shot_paired
24,7,1,16,60,1,0,0,0.6257633566856384,0.6257633566856384,0.6257633566856384,0.3742366433143616,1,1,9,zero_shot_paired
24,8,1,17,60,1,1,1,0.7139648199081421,0.7139648199081421,0.2860352396965027,0.7139648199081421,1,1,9,zero_shot_paired
24,0,1,0,60,0,1,0,0.7255985140800476,0.7255985140800476,0.2744014859199524,0.7255985140800476,1,1,9,post_calibration
24,1,1,1,60,1,0,0,0.5667886734008789,0.5667886734008789,0.5667886734008789,0.43321138620376587,1,1,9,post_calibration
24,2,1,2,60,1,0,0,0.70150226354599,0.70150226354599,0.70150226354599,0.29849773645401,1,1,9,post_calibration
24,3,1,5,60,1,0,0,0.5802350044250488,0.5802350044250488,0.5802350044250488,0.41976502537727356,1,1,9,post_calibration
24,4,1,10,60,0,0,1,0.6346759796142578,0.6346759796142578,0.6346759796142578,0.3653239905834198,1,1,9,post_calibration
24,5,1,11,60,1,1,1,0.5028171539306641,0.5028171539306641,0.49718284606933594,0.5028171539306641,1,1,9,post_calibration
24,6,1,13,60,1,0,0,0.5412136912345886,0.5412136912345886,0.5412136912345886,0.458786278963089,1,1,9,post_calibration
24,7,1,16,60,1,0,0,0.6082141399383545,0.6082141399383545,0.6082141399383545,0.3917858600616455,1,1,9,post_calibration
24,8,1,17,60,1,1,1,0.7163271903991699,0.7163271903991699,0.28367286920547485,0.7163271903991699,1,1,9,post_calibration
25,0,1,3,60,1,1,1,0.6139438152313232,0.6139438152313232,0.38605618476867676,0.6139438152313232,1,2,9,zero_shot_paired
25,1,1,4,60,0,0,1,0.7796260714530945,0.7796260714530945,0.7796260714530945,0.22037389874458313,1,2,9,zero_shot_paired
25,2,1,6,60,0,1,0,0.7964693307876587,0.7964693307876587,0.20353059470653534,0.7964693307876587,1,2,9,zero_shot_paired
25,3,1,7,60,1,1,1,0.567367434501648,0.567367434501648,0.43263259530067444,0.567367434501648,1,2,9,zero_shot_paired
25,4,1,8,60,1,1,1,0.7094061374664307,0.7094061374664307,0.29059380292892456,0.7094061374664307,1,2,9,zero_shot_paired
25,5,1,9,60,1,1,1,0.7224352359771729,0.7224352359771729,0.27756473422050476,0.7224352359771729,1,2,9,zero_shot_paired
25,6,1,12,60,1,1,1,0.8316136002540588,0.8316136002540588,0.1683863401412964,0.8316136002540588,1,2,9,zero_shot_paired
25,7,1,14,60,1,1,1,0.7957350015640259,0.7957350015640259,0.20426501333713531,0.7957350015640259,1,2,9,zero_shot_paired
25,8,1,15,60,1,0,0,0.5233632326126099,0.5233632326126099,0.5233632326126099,0.47663673758506775,1,2,9,zero_shot_paired
25,0,1,3,60,1,1,1,0.6471329927444458,0.6471329927444458,0.3528670072555542,0.6471329927444458,1,2,9,post_calibration
25,1,1,4,60,0,0,1,0.741513192653656,0.741513192653656,0.741513192653656,0.258486807346344,1,2,9,post_calibration
25,2,1,6,60,0,1,0,0.7949737906455994,0.7949737906455994,0.20502622425556183,0.7949737906455994,1,2,9,post_calibration
25,3,1,7,60,1,1,1,0.5859491229057312,0.5859491229057312,0.4140508472919464,0.5859491229057312,1,2,9,post_calibration
25,4,1,8,60,1,1,1,0.7223556637763977,0.7223556637763977,0.2776443064212799,0.7223556637763977,1,2,9,post_calibration
25,5,1,9,60,1,1,1,0.7379969954490662,0.7379969954490662,0.2620030641555786,0.7379969954490662,1,2,9,post_calibration
25,6,1,12,60,1,1,1,0.8430459499359131,0.8430459499359131,0.15695403516292572,0.8430459499359131,1,2,9,post_calibration
25,7,1,14,60,1,1,1,0.8056453466415405,0.8056453466415405,0.19435465335845947,0.8056453466415405,1,2,9,post_calibration
25,8,1,15,60,1,0,0,0.5151702165603638,0.5151702165603638,0.5151702165603638,0.48482978343963623,1,2,9,post_calibration
26,0,1,0,60,0,1,0,0.7281703352928162,0.7281703352928162,0.2718296945095062,0.7281703352928162,1,1,12,zero_shot_paired
26,1,1,8,60,1,1,1,0.7093810439109802,0.7093810439109802,0.2906189560890198,0.7093810439109802,1,1,12,zero_shot_paired
26,2,1,12,60,1,1,1,0.8315388560295105,0.8315388560295105,0.1684611439704895,0.8315388560295105,1,1,12,zero_shot_paired
26,3,1,13,60,1,0,0,0.5533826947212219,0.5533826947212219,0.5533826947212219,0.4466172456741333,1,1,12,zero_shot_paired
26,4,1,14,60,1,1,1,0.7956580519676208,0.7956580519676208,0.20434190332889557,0.7956580519676208,1,1,12,zero_shot_paired
26,5,1,16,60,1,0,0,0.6257811784744263,0.6257811784744263,0.6257811784744263,0.37421879172325134,1,1,12,zero_shot_paired
26,0,1,0,60,0,1,0,0.7350298762321472,0.7350298762321472,0.2649700939655304,0.7350298762321472,1,1,12,post_calibration
26,1,1,8,60,1,1,1,0.712344765663147,0.712344765663147,0.287655234336853,0.712344765663147,1,1,12,post_calibration
26,2,1,12,60,1,1,1,0.8433193564414978,0.8433193564414978,0.1566806584596634,0.8433193564414978,1,1,12,post_calibration
26,3,1,13,60,1,0,0,0.5473166108131409,0.5473166108131409,0.5473166108131409,0.45268335938453674,1,1,12,post_calibration
26,4,1,14,60,1,1,1,0.8037328720092773,0.8037328720092773,0.19626720249652863,0.8037328720092773,1,1,12,post_calibration
26,5,1,16,60,1,0,0,0.6225776672363281,0.6225776672363281,0.6225776672363281,0.37742236256599426,1,1,12,post_calibration
27,0,1,1,60,1,0,0,0.5774301886558533,0.5774301886558533,0.5774301886558533,0.42256975173950195,1,2,12,zero_shot_paired
27,1,1,3,60,1,1,1,0.6138642430305481,0.6138642430305481,0.3861357271671295,0.6138642430305481,1,2,12,zero_shot_paired
27,2,1,10,60,0,0,1,0.6510376930236816,0.6510376930236816,0.6510376930236816,0.3489622473716736,1,2,12,zero_shot_paired
27,3,1,12,60,1,1,1,0.8315388560295105,0.8315388560295105,0.1684611439704895,0.8315388560295105,1,2,12,zero_shot_paired
27,4,1,15,60,1,0,0,0.5232357978820801,0.5232357978820801,0.5232357978820801,0.4767642617225647,1,2,12,zero_shot_paired
27,5,1,16,60,1,0,0,0.6257811784744263,0.6257811784744263,0.6257811784744263,0.37421879172325134,1,2,12,zero_shot_paired
27,0,1,1,60,1,0,0,0.5804524421691895,0.5804524421691895,0.5804524421691895,0.41954758763313293,1,2,12,post_calibration
27,1,1,3,60,1,1,1,0.60507732629776,0.60507732629776,0.3949226438999176,0.60507732629776,1,2,12,post_calibration
27,2,1,10,60,0,0,1,0.6252593398094177,0.6252593398094177,0.6252593398094177,0.3747406303882599,1,2,12,post_calibration
27,3,1,12,60,1,1,1,0.8313078880310059,0.8313078880310059,0.16869211196899414,0.8313078880310059,1,2,12,post_calibration
27,4,1,15,60,1,0,0,0.5017414093017578,0.5017414093017578,0.5017414093017578,0.4982585906982422,1,2,12,post_calibration
27,5,1,16,60,1,0,0,0.6247318387031555,0.6247318387031555,0.6247318387031555,0.3752681612968445,1,2,12,post_calibration
28,0,1,1,60,1,0,0,0.5774301886558533,0.5774301886558533,0.5774301886558533,0.42256975173950195,1,3,12,zero_shot_paired
28,1,1,7,60,1,1,1,0.5673037171363831,0.5673037171363831,0.43269625306129456,0.5673037171363831,1,3,12,zero_shot_paired
28,2,1,10,60,0,0,1,0.6510376930236816,0.6510376930236816,0.6510376930236816,0.3489622473716736,1,3,12,zero_shot_paired
28,3,1,12,60,1,1,1,0.8315388560295105,0.8315388560295105,0.1684611439704895,0.8315388560295105,1,3,12,zero_shot_paired
28,4,1,14,60,1,1,1,0.7956580519676208,0.7956580519676208,0.20434190332889557,0.7956580519676208,1,3,12,zero_shot_paired
28,5,1,17,60,1,1,1,0.7139461040496826,0.7139461040496826,0.28605392575263977,0.7139461040496826,1,3,12,zero_shot_paired
28,0,1,1,60,1,0,0,0.5912033319473267,0.5912033319473267,0.5912033319473267,0.40879660844802856,1,3,12,post_calibration
28,1,1,7,60,1,1,1,0.5645336508750916,0.5645336508750916,0.43546634912490845,0.5645336508750916,1,3,12,post_calibration
28,2,1,10,60,0,0,1,0.6390588283538818,0.6390588283538818,0.6390588283538818,0.36094120144844055,1,3,12,post_calibration
28,3,1,12,60,1,1,1,0.8323825597763062,0.8323825597763062,0.16761745512485504,0.8323825597763062,1,3,12,post_calibration
28,4,1,14,60,1,1,1,0.8054792284965515,0.8054792284965515,0.19452078640460968,0.8054792284965515,1,3,12,post_calibration
28,5,1,17,60,1,1,1,0.710888683795929,0.710888683795929,0.28911134600639343,0.710888683795929,1,3,12,post_calibration
3,0,2,0,60,1,0,0,0.5088911056518555,0.5088911056518555,0.5088911056518555,0.49110886454582214,2,,,zero_shot_all_trials
3,1,2,1,60,1,1,1,0.6533377766609192,0.6533377766609192,0.3466622233390808,0.6533377766609192,2,,,zero_shot_all_trials
3,2,2,2,60,1,1,1,0.5587032437324524,0.5587032437324524,0.4412967562675476,0.5587032437324524,2,,,zero_shot_all_trials
3,3,2,3,60,1,1,1,0.7399864792823792,0.7399864792823792,0.26001349091529846,0.7399864792823792,2,,,zero_shot_all_trials
3,4,2,4,60,1,0,0,0.6870594024658203,0.6870594024658203,0.6870594024658203,0.3129405677318573,2,,,zero_shot_all_trials
3,5,2,5,60,1,1,1,0.5078691244125366,0.5078691244125366,0.49213093519210815,0.5078691244125366,2,,,zero_shot_all_trials
3,6,2,6,60,1,1,1,0.6794512867927551,0.6794512867927551,0.3205487132072449,0.6794512867927551,2,,,zero_shot_all_trials
3,7,2,7,60,1,1,1,0.6851320266723633,0.6851320266723633,0.3148679733276367,0.6851320266723633,2,,,zero_shot_all_trials
3,8,2,8,60,0,1,0,0.5746800899505615,0.5746800899505615,0.4253198802471161,0.5746800899505615,2,,,zero_shot_all_trials
3,9,2,9,60,0,0,1,0.5156618356704712,0.5156618356704712,0.5156618356704712,0.4843381643295288,2,,,zero_shot_all_trials
3,10,2,10,60,0,1,0,0.5116803646087646,0.5116803646087646,0.48831960558891296,0.5116803646087646,2,,,zero_shot_all_trials
3,11,2,11,60,1,1,1,0.5097548365592957,0.5097548365592957,0.49024513363838196,0.5097548365592957,2,,,zero_shot_all_trials
3,12,2,12,60,1,1,1,0.5681706070899963,0.5681706070899963,0.4318293631076813,0.5681706070899963,2,,,zero_shot_all_trials
3,13,2,13,60,0,1,0,0.6440519690513611,0.6440519690513611,0.3559480309486389,0.6440519690513611,2,,,zero_shot_all_trials
3,14,2,14,60,0,0,1,0.5046461820602417,0.5046461820602417,0.5046461820602417,0.4953538179397583,2,,,zero_shot_all_trials
3,15,2,15,60,0,1,0,0.604143500328064,0.604143500328064,0.39585649967193604,0.604143500328064,2,,,zero_shot_all_trials
3,16,2,16,60,0,0,1,0.5783904790878296,0.5783904790878296,0.5783904790878296,0.421609491109848,2,,,zero_shot_all_trials
3,17,2,17,60,1,1,1,0.6991052031517029,0.6991052031517029,0.3008948266506195,0.6991052031517029,2,,,zero_shot_all_trials
29,0,2,0,60,1,0,0,0.5088949203491211,0.5088949203491211,0.5088949203491211,0.4911050498485565,2,1,3,zero_shot_paired
29,1,2,2,60,1,1,1,0.5587032437324524,0.5587032437324524,0.4412967562675476,0.5587032437324524,2,1,3,zero_shot_paired
29,2,2,3,60,1,1,1,0.7399836182594299,0.7399836182594299,0.26001644134521484,0.7399836182594299,2,1,3,zero_shot_paired
29,3,2,4,60,1,0,0,0.6870594024658203,0.6870594024658203,0.6870594024658203,0.3129405677318573,2,1,3,zero_shot_paired
29,4,2,5,60,1,1,1,0.5078748464584351,0.5078748464584351,0.4921252131462097,0.5078748464584351,2,1,3,zero_shot_paired
29,5,2,6,60,1,1,1,0.6794496178627014,0.6794496178627014,0.3205503523349762,0.6794496178627014,2,1,3,zero_shot_paired
29,6,2,7,60,1,1,1,0.6851369738578796,0.6851369738578796,0.31486302614212036,0.6851369738578796,2,1,3,zero_shot_paired
29,7,2,8,60,0,1,0,0.5746894478797913,0.5746894478797913,0.42531055212020874,0.5746894478797913,2,1,3,zero_shot_paired
29,8,2,9,60,0,0,1,0.515663743019104,0.515663743019104,0.515663743019104,0.484336256980896,2,1,3,zero_shot_paired
29,9,2,10,60,0,1,0,0.5116823315620422,0.5116823315620422,0.48831769824028015,0.5116823315620422,2,1,3,zero_shot_paired
29,10,2,11,60,1,1,1,0.5097567439079285,0.5097567439079285,0.49024322628974915,0.5097567439079285,2,1,3,zero_shot_paired
29,11,2,12,60,1,1,1,0.5681687593460083,0.5681687593460083,0.4318312406539917,0.5681687593460083,2,1,3,zero_shot_paired
29,12,2,13,60,0,1,0,0.6440554857254028,0.6440554857254028,0.35594454407691956,0.6440554857254028,2,1,3,zero_shot_paired
29,13,2,16,60,0,0,1,0.5783849358558655,0.5783849358558655,0.5783849358558655,0.42161503434181213,2,1,3,zero_shot_paired
29,14,2,17,60,1,1,1,0.6991003751754761,0.6991003751754761,0.3008996248245239,0.6991003751754761,2,1,3,zero_shot_paired
29,0,2,0,60,1,0,0,0.5139924883842468,0.5139924883842468,0.5139924883842468,0.4860075116157532,2,1,3,post_calibration
29,1,2,2,60,1,1,1,0.558479368686676,0.558479368686676,0.4415206015110016,0.558479368686676,2,1,3,post_calibration
29,2,2,3,60,1,1,1,0.7486065626144409,0.7486065626144409,0.25139349699020386,0.7486065626144409,2,1,3,post_calibration
29,3,2,4,60,1,0,0,0.6932069063186646,0.6932069063186646,0.6932069063186646,0.30679309368133545,2,1,3,post_calibration
29,4,2,5,60,1,0,0,0.5077546238899231,0.5077546238899231,0.5077546238899231,0.4922453463077545,2,1,3,post_calibration
29,5,2,6,60,1,1,1,0.6776173710823059,0.6776173710823059,0.3223826289176941,0.6776173710823059,2,1,3,post_calibration
29,6,2,7,60,1,1,1,0.7016332745552063,0.7016332745552063,0.2983667850494385,0.7016332745552063,2,1,3,post_calibration
29,7,2,8,60,0,1,0,0.5594103932380676,0.5594103932380676,0.4405896067619324,0.5594103932380676,2,1,3,post_calibration
29,8,2,9,60,0,0,1,0.5231977105140686,0.5231977105140686,0.5231977105140686,0.4768023192882538,2,1,3,post_calibration
29,9,2,10,60,0,1,0,0.5180166363716125,0.5180166363716125,0.48198336362838745,0.5180166363716125,2,1,3,post_calibration
29,10,2,11,60,1,1,1,0.523039698600769,0.523039698600769,0.47696027159690857,0.523039698600769,2,1,3,post_calibration
29,11,2,12,60,1,1,1,0.569998562335968,0.569998562335968,0.43000149726867676,0.569998562335968,2,1,3,post_calibration
29,12,2,13,60,0,1,0,0.6387701630592346,0.6387701630592346,0.36122986674308777,0.6387701630592346,2,1,3,post_calibration
29,13,2,16,60,0,0,1,0.5708080530166626,0.5708080530166626,0.5708080530166626,0.4291919767856598,2,1,3,post_calibration
29,14,2,17,60,1,1,1,0.6986507773399353,0.6986507773399353,0.3013491928577423,0.6986507773399353,2,1,3,post_calibration
30,0,2,0,60,1,0,0,0.5088949203491211,0.5088949203491211,0.5088949203491211,0.4911050498485565,2,2,3,zero_shot_paired
30,1,2,1,60,1,1,1,0.6533412337303162,0.6533412337303162,0.34665876626968384,0.6533412337303162,2,2,3,zero_shot_paired
30,2,2,3,60,1,1,1,0.7399805784225464,0.7399805784225464,0.26001936197280884,0.7399805784225464,2,2,3,zero_shot_paired
30,3,2,4,60,1,0,0,0.6870676279067993,0.6870676279067993,0.6870676279067993,0.3129323720932007,2,2,3,zero_shot_paired
30,4,2,5,60,1,1,1,0.5078766942024231,0.5078766942024231,0.4921233057975769,0.5078766942024231,2,2,3,zero_shot_paired
30,5,2,6,60,1,1,1,0.6794562935829163,0.6794562935829163,0.3205437660217285,0.6794562935829163,2,2,3,zero_shot_paired
30,6,2,7,60,1,1,1,0.6851385831832886,0.6851385831832886,0.31486138701438904,0.6851385831832886,2,2,3,zero_shot_paired
30,7,2,9,60,0,0,1,0.5156618356704712,0.5156618356704712,0.5156618356704712,0.4843381643295288,2,2,3,zero_shot_paired
30,8,2,10,60,0,1,0,0.5116899609565735,0.5116899609565735,0.4883100986480713,0.5116899609565735,2,2,3,zero_shot_paired
30,9,2,12,60,1,1,1,0.5681687593460083,0.5681687593460083,0.4318312406539917,0.5681687593460083,2,2,3,zero_shot_paired
30,10,2,13,60,0,1,0,0.6440607309341431,0.6440607309341431,0.35593926906585693,0.6440607309341431,2,2,3,zero_shot_paired
30,11,2,14,60,0,0,1,0.504653811454773,0.504653811454773,0.504653811454773,0.49534621834754944,2,2,3,zero_shot_paired
30,12,2,15,60,0,1,0,0.604143500328064,0.604143500328064,0.39585649967193604,0.604143500328064,2,2,3,zero_shot_paired
30,13,2,16,60,0,0,1,0.5783774852752686,0.5783774852752686,0.5783774852752686,0.42162254452705383,2,2,3,zero_shot_paired
30,14,2,17,60,1,1,1,0.6991019248962402,0.6991019248962402,0.300898015499115,0.6991019248962402,2,2,3,zero_shot_paired
30,0,2,0,60,1,0,0,0.5083363056182861,0.5083363056182861,0.5083363056182861,0.49166375398635864,2,2,3,post_calibration
30,1,2,1,60,1,1,1,0.6621737480163574,0.6621737480163574,0.3378261923789978,0.6621737480163574,2,2,3,post_calibration
30,2,2,3,60,1,1,1,0.7428577542304993,0.7428577542304993,0.2571423053741455,0.7428577542304993,2,2,3,post_calibration
30,3,2,4,60,1,0,0,0.6929455995559692,0.6929455995559692,0.6929455995559692,0.3070543706417084,2,2,3,post_calibration
30,4,2,5,60,1,1,1,0.5147509574890137,0.5147509574890137,0.48524904251098633,0.5147509574890137,2,2,3,post_calibration
30,5,2,6,60,1,1,1,0.6876857280731201,0.6876857280731201,0.3123142719268799,0.6876857280731201,2,2,3,post_calibration
30,6,2,7,60,1,1,1,0.7001569867134094,0.7001569867134094,0.29984304308891296,0.7001569867134094,2,2,3,post_calibration
30,7,2,9,60,0,0,1,0.5189956426620483,0.5189956426620483,0.5189956426620483,0.48100435733795166,2,2,3,post_calibration
30,8,2,10,60,0,1,0,0.5228722095489502,0.5228722095489502,0.4771277606487274,0.5228722095489502,2,2,3,post_calibration
30,9,2,12,60,1,1,1,0.5778955221176147,0.5778955221176147,0.42210444808006287,0.5778955221176147,2,2,3,post_calibration
30,10,2,13,60,0,1,0,0.63809734582901,0.63809734582901,0.3619025945663452,0.63809734582901,2,2,3,post_calibration
30,11,2,14,60,0,0,1,0.522599995136261,0.522599995136261,0.522599995136261,0.4773999750614166,2,2,3,post_calibration
30,12,2,15,60,0,1,0,0.6018111109733582,0.6018111109733582,0.39818885922431946,0.6018111109733582,2,2,3,post_calibration
30,13,2,16,60,0,0,1,0.57697594165802,0.57697594165802,0.57697594165802,0.4230240285396576,2,2,3,post_calibration
30,14,2,17,60,1,1,1,0.6839639544487,0.6839639544487,0.31603604555130005,0.6839639544487,2,2,3,post_calibration
31,0,2,0,60,1,0,0,0.5088949203491211,0.5088949203491211,0.5088949203491211,0.4911050498485565,2,3,3,zero_shot_paired
31,1,2,1,60,1,1,1,0.6533412337303162,0.6533412337303162,0.34665876626968384,0.6533412337303162,2,3,3,zero_shot_paired
31,2,2,2,60,1,1,1,0.5587013363838196,0.5587013363838196,0.44129860401153564,0.5587013363838196,2,3,3,zero_shot_paired
31,3,2,4,60,1,0,0,0.6870676279067993,0.6870676279067993,0.6870676279067993,0.3129323720932007,2,3,3,zero_shot_paired
31,4,2,5,60,1,1,1,0.5078766942024231,0.5078766942024231,0.4921233057975769,0.5078766942024231,2,3,3,zero_shot_paired
31,5,2,6,60,1,1,1,0.6794562935829163,0.6794562935829163,0.3205437660217285,0.6794562935829163,2,3,3,zero_shot_paired
31,6,2,7,60,1,1,1,0.6851385831832886,0.6851385831832886,0.31486138701438904,0.6851385831832886,2,3,3,zero_shot_paired
31,7,2,8,60,0,1,0,0.5746838450431824,0.5746838450431824,0.4253161549568176,0.5746838450431824,2,3,3,zero_shot_paired
31,8,2,9,60,0,0,1,0.5156618356704712,0.5156618356704712,0.5156618356704712,0.4843381643295288,2,3,3,zero_shot_paired
31,9,2,11,60,1,1,1,0.5097605586051941,0.5097605586051941,0.4902394413948059,0.5097605586051941,2,3,3,zero_shot_paired
31,10,2,13,60,0,1,0,0.6440607309341431,0.6440607309341431,0.35593926906585693,0.6440607309341431,2,3,3,zero_shot_paired
31,11,2,14,60,0,0,1,0.504653811454773,0.504653811454773,0.504653811454773,0.49534621834754944,2,3,3,zero_shot_paired
31,12,2,15,60,0,1,0,0.604143500328064,0.604143500328064,0.39585649967193604,0.604143500328064,2,3,3,zero_shot_paired
31,13,2,16,60,0,0,1,0.5783774852752686,0.5783774852752686,0.5783774852752686,0.42162254452705383,2,3,3,zero_shot_paired
31,14,2,17,60,1,1,1,0.6991019248962402,0.6991019248962402,0.300898015499115,0.6991019248962402,2,3,3,zero_shot_paired
31,0,2,0,60,1,0,0,0.527152955532074,0.527152955532074,0.527152955532074,0.47284701466560364,2,3,3,post_calibration
31,1,2,1,60,1,1,1,0.6462334990501404,0.6462334990501404,0.35376647114753723,0.6462334990501404,2,3,3,post_calibration
31,2,2,2,60,1,1,1,0.5506526231765747,0.5506526231765747,0.4493473470211029,0.5506526231765747,2,3,3,post_calibration
31,3,2,4,60,1,0,0,0.690350353717804,0.690350353717804,0.690350353717804,0.30964961647987366,2,3,3,post_calibration
31,4,2,5,60,1,1,1,0.504419207572937,0.504419207572937,0.495580792427063,0.504419207572937,2,3,3,post_calibration
31,5,2,6,60,1,1,1,0.6669256687164307,0.6669256687164307,0.33307430148124695,0.6669256687164307,2,3,3,post_calibration
31,6,2,7,60,1,1,1,0.683009922504425,0.683009922504425,0.3169900178909302,0.683009922504425,2,3,3,post_calibration
31,7,2,8,60,0,1,0,0.5704902410507202,0.5704902410507202,0.4295097291469574,0.5704902410507202,2,3,3,post_calibration
31,8,2,9,60,0,0,1,0.5258139967918396,0.5258139967918396,0.5258139967918396,0.4741860330104828,2,3,3,post_calibration
31,9,2,11,60,1,1,1,0.5007457733154297,0.5007457733154297,0.4992542266845703,0.5007457733154297,2,3,3,post_calibration
31,10,2,13,60,0,1,0,0.6408957839012146,0.6408957839012146,0.3591042459011078,0.6408957839012146,2,3,3,post_calibration
31,11,2,14,60,0,0,1,0.504236102104187,0.504236102104187,0.504236102104187,0.4957638680934906,2,3,3,post_calibration
31,12,2,15,60,0,1,0,0.6033093929290771,0.6033093929290771,0.39669063687324524,0.6033093929290771,2,3,3,post_calibration
31,13,2,16,60,0,0,1,0.5866616368293762,0.5866616368293762,0.5866616368293762,0.41333839297294617,2,3,3,post_calibration
31,14,2,17,60,1,1,1,0.6944678425788879,0.6944678425788879,0.30553218722343445,0.6944678425788879,2,3,3,post_calibration
32,0,2,0,60,1,0,0,0.5088949203491211,0.5088949203491211,0.5088949203491211,0.4911050498485565,2,4,3,zero_shot_paired
32,1,2,1,60,1,1,1,0.6533412337303162,0.6533412337303162,0.34665876626968384,0.6533412337303162,2,4,3,zero_shot_paired
32,2,2,2,60,1,1,1,0.5587013363838196,0.5587013363838196,0.44129860401153564,0.5587013363838196,2,4,3,zero_shot_paired
32,3,2,3,60,1,1,1,0.7399805784225464,0.7399805784225464,0.26001936197280884,0.7399805784225464,2,4,3,zero_shot_paired
32,4,2,4,60,1,0,0,0.6870676279067993,0.6870676279067993,0.6870676279067993,0.3129323720932007,2,4,3,zero_shot_paired
32,5,2,6,60,1,1,1,0.6794562935829163,0.6794562935829163,0.3205437660217285,0.6794562935829163,2,4,3,zero_shot_paired
32,6,2,8,60,0,1,0,0.5746838450431824,0.5746838450431824,0.4253161549568176,0.5746838450431824,2,4,3,zero_shot_paired
32,7,2,9,60,0,0,1,0.5156618356704712,0.5156618356704712,0.5156618356704712,0.4843381643295288,2,4,3,zero_shot_paired
32,8,2,10,60,0,1,0,0.5116899609565735,0.5116899609565735,0.4883100986480713,0.5116899609565735,2,4,3,zero_shot_paired
32,9,2,11,60,1,1,1,0.5097605586051941,0.5097605586051941,0.4902394413948059,0.5097605586051941,2,4,3,zero_shot_paired
32,10,2,12,60,1,1,1,0.5681687593460083,0.5681687593460083,0.4318312406539917,0.5681687593460083,2,4,3,zero_shot_paired
32,11,2,14,60,0,0,1,0.504653811454773,0.504653811454773,0.504653811454773,0.49534621834754944,2,4,3,zero_shot_paired
32,12,2,15,60,0,1,0,0.604143500328064,0.604143500328064,0.39585649967193604,0.604143500328064,2,4,3,zero_shot_paired
32,13,2,16,60,0,0,1,0.5783774852752686,0.5783774852752686,0.5783774852752686,0.42162254452705383,2,4,3,zero_shot_paired
32,14,2,17,60,1,1,1,0.6991019248962402,0.6991019248962402,0.300898015499115,0.6991019248962402,2,4,3,zero_shot_paired
32,0,2,0,60,1,0,0,0.5159762501716614,0.5159762501716614,0.5159762501716614,0.4840237498283386,2,4,3,post_calibration
32,1,2,1,60,1,1,1,0.6589115262031555,0.6589115262031555,0.34108850359916687,0.6589115262031555,2,4,3,post_calibration
32,2,2,2,60,1,1,1,0.5619755387306213,0.5619755387306213,0.4380244016647339,0.5619755387306213,2,4,3,post_calibration
32,3,2,3,60,1,1,1,0.742466926574707,0.742466926574707,0.25753307342529297,0.742466926574707,2,4,3,post_calibration
32,4,2,4,60,1,0,0,0.6925737857818604,0.6925737857818604,0.6925737857818604,0.30742624402046204,2,4,3,post_calibration
32,5,2,6,60,1,1,1,0.6717178821563721,0.6717178821563721,0.32828208804130554,0.6717178821563721,2,4,3,post_calibration
32,6,2,8,60,0,1,0,0.5687227249145508,0.5687227249145508,0.43127724528312683,0.5687227249145508,2,4,3,post_calibration
32,7,2,9,60,0,0,1,0.5263751149177551,0.5263751149177551,0.5263751149177551,0.4736248850822449,2,4,3,post_calibration
32,8,2,10,60,0,1,0,0.5102810859680176,0.5102810859680176,0.4897189140319824,0.5102810859680176,2,4,3,post_calibration
32,9,2,11,60,1,1,1,0.5189747214317322,0.5189747214317322,0.4810253083705902,0.5189747214317322,2,4,3,post_calibration
32,10,2,12,60,1,1,1,0.5653174519538879,0.5653174519538879,0.4346824884414673,0.5653174519538879,2,4,3,post_calibration
32,11,2,14,60,0,0,1,0.5188661813735962,0.5188661813735962,0.5188661813735962,0.4811338186264038,2,4,3,post_calibration
32,12,2,15,60,0,1,0,0.6093752384185791,0.6093752384185791,0.3906247317790985,0.6093752384185791,2,4,3,post_calibration
32,13,2,16,60,0,0,1,0.5819380283355713,0.5819380283355713,0.5819380283355713,0.4180619716644287,2,4,3,post_calibration
32,14,2,17,60,1,1,1,0.6895163655281067,0.6895163655281067,0.3104836344718933,0.6895163655281067,2,4,3,post_calibration
33,0,2,1,60,1,1,1,0.6533412337303162,0.6533412337303162,0.34665876626968384,0.6533412337303162,2,5,3,zero_shot_paired
33,1,2,2,60,1,1,1,0.5587013363838196,0.5587013363838196,0.44129860401153564,0.5587013363838196,2,5,3,zero_shot_paired
33,2,2,3,60,1,1,1,0.7399805784225464,0.7399805784225464,0.26001936197280884,0.7399805784225464,2,5,3,zero_shot_paired
33,3,2,5,60,1,1,1,0.5078766942024231,0.5078766942024231,0.4921233057975769,0.5078766942024231,2,5,3,zero_shot_paired
33,4,2,6,60,1,1,1,0.6794562935829163,0.6794562935829163,0.3205437660217285,0.6794562935829163,2,5,3,zero_shot_paired
33,5,2,7,60,1,1,1,0.6851385831832886,0.6851385831832886,0.31486138701438904,0.6851385831832886,2,5,3,zero_shot_paired
33,6,2,8,60,0,1,0,0.5746838450431824,0.5746838450431824,0.4253161549568176,0.5746838450431824,2,5,3,zero_shot_paired
33,7,2,10,60,0,1,0,0.5116899609565735,0.5116899609565735,0.4883100986480713,0.5116899609565735,2,5,3,zero_shot_paired
33,8,2,11,60,1,1,1,0.5097605586051941,0.5097605586051941,0.4902394413948059,0.5097605586051941,2,5,3,zero_shot_paired
33,9,2,12,60,1,1,1,0.5681687593460083,0.5681687593460083,0.4318312406539917,0.5681687593460083,2,5,3,zero_shot_paired
33,10,2,13,60,0,1,0,0.6440607309341431,0.6440607309341431,0.35593926906585693,0.6440607309341431,2,5,3,zero_shot_paired
33,11,2,14,60,0,0,1,0.504653811454773,0.504653811454773,0.504653811454773,0.49534621834754944,2,5,3,zero_shot_paired
33,12,2,15,60,0,1,0,0.604143500328064,0.604143500328064,0.39585649967193604,0.604143500328064,2,5,3,zero_shot_paired
33,13,2,16,60,0,0,1,0.5783774852752686,0.5783774852752686,0.5783774852752686,0.42162254452705383,2,5,3,zero_shot_paired
33,14,2,17,60,1,1,1,0.6991019248962402,0.6991019248962402,0.300898015499115,0.6991019248962402,2,5,3,zero_shot_paired
33,0,2,1,60,1,1,1,0.6578853726387024,0.6578853726387024,0.3421145975589752,0.6578853726387024,2,5,3,post_calibration
33,1,2,2,60,1,1,1,0.5672606825828552,0.5672606825828552,0.43273934721946716,0.5672606825828552,2,5,3,post_calibration
33,2,2,3,60,1,1,1,0.739066481590271,0.739066481590271,0.2609334886074066,0.739066481590271,2,5,3,post_calibration
33,3,2,5,60,1,1,1,0.5232242941856384,0.5232242941856384,0.4767756760120392,0.5232242941856384,2,5,3,post_calibration
33,4,2,6,60,1,1,1,0.6839491128921509,0.6839491128921509,0.3160508871078491,0.6839491128921509,2,5,3,post_calibration
33,5,2,7,60,1,1,1,0.6923739314079285,0.6923739314079285,0.3076260983943939,0.6923739314079285,2,5,3,post_calibration
33,6,2,8,60,0,1,0,0.5953823328018188,0.5953823328018188,0.4046177268028259,0.5953823328018188,2,5,3,post_calibration
33,7,2,10,60,0,1,0,0.5165573954582214,0.5165573954582214,0.48344263434410095,0.5165573954582214,2,5,3,post_calibration
33,8,2,11,60,1,1,1,0.5189270973205566,0.5189270973205566,0.48107287287712097,0.5189270973205566,2,5,3,post_calibration
33,9,2,12,60,1,1,1,0.5679965615272522,0.5679965615272522,0.4320034980773926,0.5679965615272522,2,5,3,post_calibration
33,10,2,13,60,0,1,0,0.6452282071113586,0.6452282071113586,0.35477182269096375,0.6452282071113586,2,5,3,post_calibration
33,11,2,14,60,0,1,0,0.5044058561325073,0.5044058561325073,0.4955941438674927,0.5044058561325073,2,5,3,post_calibration
33,12,2,15,60,0,1,0,0.6127678155899048,0.6127678155899048,0.3872321844100952,0.6127678155899048,2,5,3,post_calibration
33,13,2,16,60,0,0,1,0.5806270241737366,0.5806270241737366,0.5806270241737366,0.41937294602394104,2,5,3,post_calibration
33,14,2,17,60,1,1,1,0.6986459493637085,0.6986459493637085,0.30135399103164673,0.6986459493637085,2,5,3,post_calibration
34,0,2,0,60,1,0,0,0.5088949203491211,0.5088949203491211,0.5088949203491211,0.4911050498485565,2,6,3,zero_shot_paired
34,1,2,1,60,1,1,1,0.6533412337303162,0.6533412337303162,0.34665876626968384,0.6533412337303162,2,6,3,zero_shot_paired
34,2,2,2,60,1,1,1,0.5587013363838196,0.5587013363838196,0.44129860401153564,0.5587013363838196,2,6,3,zero_shot_paired
34,3,2,3,60,1,1,1,0.7399805784225464,0.7399805784225464,0.26001936197280884,0.7399805784225464,2,6,3,zero_shot_paired
34,4,2,4,60,1,0,0,0.6870676279067993,0.6870676279067993,0.6870676279067993,0.3129323720932007,2,6,3,zero_shot_paired
34,5,2,5,60,1,1,1,0.5078766942024231,0.5078766942024231,0.4921233057975769,0.5078766942024231,2,6,3,zero_shot_paired
34,6,2,7,60,1,1,1,0.6851385831832886,0.6851385831832886,0.31486138701438904,0.6851385831832886,2,6,3,zero_shot_paired
34,7,2,8,60,0,1,0,0.5746838450431824,0.5746838450431824,0.4253161549568176,0.5746838450431824,2,6,3,zero_shot_paired
34,8,2,9,60,0,0,1,0.5156618356704712,0.5156618356704712,0.5156618356704712,0.4843381643295288,2,6,3,zero_shot_paired
34,9,2,10,60,0,1,0,0.5116899609565735,0.5116899609565735,0.4883100986480713,0.5116899609565735,2,6,3,zero_shot_paired
34,10,2,11,60,1,1,1,0.5097605586051941,0.5097605586051941,0.4902394413948059,0.5097605586051941,2,6,3,zero_shot_paired
34,11,2,12,60,1,1,1,0.5681687593460083,0.5681687593460083,0.4318312406539917,0.5681687593460083,2,6,3,zero_shot_paired
34,12,2,13,60,0,1,0,0.6440607309341431,0.6440607309341431,0.35593926906585693,0.6440607309341431,2,6,3,zero_shot_paired
34,13,2,14,60,0,0,1,0.504653811454773,0.504653811454773,0.504653811454773,0.49534621834754944,2,6,3,zero_shot_paired
34,14,2,15,60,0,1,0,0.604143500328064,0.604143500328064,0.39585649967193604,0.604143500328064,2,6,3,zero_shot_paired
34,0,2,0,60,1,0,0,0.5061375498771667,0.5061375498771667,0.5061375498771667,0.49386247992515564,2,6,3,post_calibration
34,1,2,1,60,1,1,1,0.6545169949531555,0.6545169949531555,0.3454829454421997,0.6545169949531555,2,6,3,post_calibration
34,2,2,2,60,1,1,1,0.5561679601669312,0.5561679601669312,0.44383203983306885,0.5561679601669312,2,6,3,post_calibration
34,3,2,3,60,1,1,1,0.7422217726707458,0.7422217726707458,0.25777819752693176,0.7422217726707458,2,6,3,post_calibration
34,4,2,4,60,1,0,0,0.6870774626731873,0.6870774626731873,0.6870774626731873,0.31292253732681274,2,6,3,post_calibration
34,5,2,5,60,1,1,1,0.5060574412345886,0.5060574412345886,0.4939425587654114,0.5060574412345886,2,6,3,post_calibration
34,6,2,7,60,1,1,1,0.6788561344146729,0.6788561344146729,0.32114389538764954,0.6788561344146729,2,6,3,post_calibration
34,7,2,8,60,0,1,0,0.5838467478752136,0.5838467478752136,0.4161532521247864,0.5838467478752136,2,6,3,post_calibration
34,8,2,9,60,0,0,1,0.5111694931983948,0.5111694931983948,0.5111694931983948,0.4888305068016052,2,6,3,post_calibration
34,9,2,10,60,0,1,0,0.5153321623802185,0.5153321623802185,0.4846678078174591,0.5153321623802185,2,6,3,post_calibration
34,10,2,11,60,1,1,1,0.5108339190483093,0.5108339190483093,0.4891660511493683,0.5108339190483093,2,6,3,post_calibration
34,11,2,12,60,1,1,1,0.5703406929969788,0.5703406929969788,0.42965930700302124,0.5703406929969788,2,6,3,post_calibration
34,12,2,13,60,0,1,0,0.6504932641983032,0.6504932641983032,0.3495067358016968,0.6504932641983032,2,6,3,post_calibration
34,13,2,14,60,0,1,0,0.5035209059715271,0.5035209059715271,0.4964790940284729,0.5035209059715271,2,6,3,post_calibration
34,14,2,15,60,0,1,0,0.6029897928237915,0.6029897928237915,0.3970102369785309,0.6029897928237915,2,6,3,post_calibration
35,0,2,1,60,1,1,1,0.6533412337303162,0.6533412337303162,0.34665876626968384,0.6533412337303162,2,1,6,zero_shot_paired
35,1,2,3,60,1,1,1,0.7399805784225464,0.7399805784225464,0.26001936197280884,0.7399805784225464,2,1,6,zero_shot_paired
35,2,2,5,60,1,1,1,0.5078766942024231,0.5078766942024231,0.4921233057975769,0.5078766942024231,2,1,6,zero_shot_paired
35,3,2,6,60,1,1,1,0.6794562935829163,0.6794562935829163,0.3205437660217285,0.6794562935829163,2,1,6,zero_shot_paired
35,4,2,7,60,1,1,1,0.6851385831832886,0.6851385831832886,0.31486138701438904,0.6851385831832886,2,1,6,zero_shot_paired
35,5,2,8,60,0,1,0,0.5746838450431824,0.5746838450431824,0.4253161549568176,0.5746838450431824,2,1,6,zero_shot_paired
35,6,2,9,60,0,0,1,0.5156618356704712,0.5156618356704712,0.5156618356704712,0.4843381643295288,2,1,6,zero_shot_paired
35,7,2,11,60,1,1,1,0.5097605586051941,0.5097605586051941,0.4902394413948059,0.5097605586051941,2,1,6,zero_shot_paired
35,8,2,12,60,1,1,1,0.5681687593460083,0.5681687593460083,0.4318312406539917,0.5681687593460083,2,1,6,zero_shot_paired
35,9,2,13,60,0,1,0,0.6440607309341431,0.6440607309341431,0.35593926906585693,0.6440607309341431,2,1,6,zero_shot_paired
35,10,2,15,60,0,1,0,0.604143500328064,0.604143500328064,0.39585649967193604,0.604143500328064,2,1,6,zero_shot_paired
35,11,2,16,60,0,0,1,0.5783774852752686,0.5783774852752686,0.5783774852752686,0.42162254452705383,2,1,6,zero_shot_paired
35,0,2,1,60,1,1,1,0.6624382734298706,0.6624382734298706,0.337561696767807,0.6624382734298706,2,1,6,post_calibration
35,1,2,3,60,1,1,1,0.7424465417861938,0.7424465417861938,0.25755348801612854,0.7424465417861938,2,1,6,post_calibration
35,2,2,5,60,1,1,1,0.5295294523239136,0.5295294523239136,0.47047048807144165,0.5295294523239136,2,1,6,post_calibration
35,3,2,6,60,1,1,1,0.6898135542869568,0.6898135542869568,0.3101864457130432,0.6898135542869568,2,1,6,post_calibration
35,4,2,7,60,1,1,1,0.6887678503990173,0.6887678503990173,0.31123220920562744,0.6887678503990173,2,1,6,post_calibration
35,5,2,8,60,0,1,0,0.598330557346344,0.598330557346344,0.401669442653656,0.598330557346344,2,1,6,post_calibration
35,6,2,9,60,0,1,0,0.5015716552734375,0.5015716552734375,0.4984283447265625,0.5015716552734375,2,1,6,post_calibration
35,7,2,11,60,1,1,1,0.5146270990371704,0.5146270990371704,0.4853729009628296,0.5146270990371704,2,1,6,post_calibration
35,8,2,12,60,1,1,1,0.5759924054145813,0.5759924054145813,0.4240075647830963,0.5759924054145813,2,1,6,post_calibration
35,9,2,13,60,0,1,0,0.663677453994751,0.663677453994751,0.33632251620292664,0.663677453994751,2,1,6,post_calibration
35,10,2,15,60,0,1,0,0.6110284328460693,0.6110284328460693,0.38897159695625305,0.6110284328460693,2,1,6,post_calibration
35,11,2,16,60,0,0,1,0.5743443965911865,0.5743443965911865,0.5743443965911865,0.4256555736064911,2,1,6,post_calibration
36,0,2,0,60,1,0,0,0.5088949203491211,0.5088949203491211,0.5088949203491211,0.4911050498485565,2,2,6,zero_shot_paired
36,1,2,2,60,1,1,1,0.5587013363838196,0.5587013363838196,0.44129860401153564,0.5587013363838196,2,2,6,zero_shot_paired
36,2,2,4,60,1,0,0,0.6870676279067993,0.6870676279067993,0.6870676279067993,0.3129323720932007,2,2,6,zero_shot_paired
36,3,2,5,60,1,1,1,0.5078766942024231,0.5078766942024231,0.4921233057975769,0.5078766942024231,2,2,6,zero_shot_paired
36,4,2,7,60,1,1,1,0.6851385831832886,0.6851385831832886,0.31486138701438904,0.6851385831832886,2,2,6,zero_shot_paired
36,5,2,10,60,0,1,0,0.5116899609565735,0.5116899609565735,0.4883100986480713,0.5116899609565735,2,2,6,zero_shot_paired
36,6,2,11,60,1,1,1,0.5097605586051941,0.5097605586051941,0.4902394413948059,0.5097605586051941,2,2,6,zero_shot_paired
36,7,2,12,60,1,1,1,0.5681687593460083,0.5681687593460083,0.4318312406539917,0.5681687593460083,2,2,6,zero_shot_paired
36,8,2,14,60,0,0,1,0.504653811454773,0.504653811454773,0.504653811454773,0.49534621834754944,2,2,6,zero_shot_paired
36,9,2,15,60,0,1,0,0.604143500328064,0.604143500328064,0.39585649967193604,0.604143500328064,2,2,6,zero_shot_paired
36,10,2,16,60,0,0,1,0.5783774852752686,0.5783774852752686,0.5783774852752686,0.42162254452705383,2,2,6,zero_shot_paired
36,11,2,17,60,1,1,1,0.6991019248962402,0.6991019248962402,0.300898015499115,0.6991019248962402,2,2,6,zero_shot_paired
36,0,2,0,60,1,0,0,0.5140897035598755,0.5140897035598755,0.5140897035598755,0.4859103262424469,2,2,6,post_calibration
36,1,2,2,60,1,1,1,0.5592806339263916,0.5592806339263916,0.4407193064689636,0.5592806339263916,2,2,6,post_calibration
36,2,2,4,60,1,0,0,0.6870331764221191,0.6870331764221191,0.6870331764221191,0.31296685338020325,2,2,6,post_calibration
36,3,2,5,60,1,1,1,0.5044420957565308,0.5044420957565308,0.49555790424346924,0.5044420957565308,2,2,6,post_calibration
36,4,2,7,60,1,1,1,0.6896894574165344,0.6896894574165344,0.3103105425834656,0.6896894574165344,2,2,6,post_calibration
36,5,2,10,60,0,1,0,0.5086432099342346,0.5086432099342346,0.491356760263443,0.5086432099342346,2,2,6,post_calibration
36,6,2,11,60,1,1,1,0.517989993095398,0.517989993095398,0.48201000690460205,0.517989993095398,2,2,6,post_calibration
36,7,2,12,60,1,1,1,0.5644136667251587,0.5644136667251587,0.4355863928794861,0.5644136667251587,2,2,6,post_calibration
36,8,2,14,60,0,0,1,0.5126716494560242,0.5126716494560242,0.5126716494560242,0.4873283803462982,2,2,6,post_calibration
36,9,2,15,60,0,1,0,0.612130343914032,0.612130343914032,0.387869656085968,0.612130343914032,2,2,6,post_calibration
36,10,2,16,60,0,0,1,0.5807347893714905,0.5807347893714905,0.5807347893714905,0.4192652106285095,2,2,6,post_calibration
36,11,2,17,60,1,1,1,0.6914713382720947,0.6914713382720947,0.30852869153022766,0.6914713382720947,2,2,6,post_calibration
37,0,2,0,60,1,0,0,0.5088949203491211,0.5088949203491211,0.5088949203491211,0.4911050498485565,2,3,6,zero_shot_paired
37,1,2,1,60,1,1,1,0.6533412337303162,0.6533412337303162,0.34665876626968384,0.6533412337303162,2,3,6,zero_shot_paired
37,2,2,2,60,1,1,1,0.5587013363838196,0.5587013363838196,0.44129860401153564,0.5587013363838196,2,3,6,zero_shot_paired
37,3,2,3,60,1,1,1,0.7399805784225464,0.7399805784225464,0.26001936197280884,0.7399805784225464,2,3,6,zero_shot_paired
37,4,2,4,60,1,0,0,0.6870676279067993,0.6870676279067993,0.6870676279067993,0.3129323720932007,2,3,6,zero_shot_paired
37,5,2,6,60,1,1,1,0.6794562935829163,0.6794562935829163,0.3205437660217285,0.6794562935829163,2,3,6,zero_shot_paired
37,6,2,8,60,0,1,0,0.5746838450431824,0.5746838450431824,0.4253161549568176,0.5746838450431824,2,3,6,zero_shot_paired
37,7,2,9,60,0,0,1,0.5156618356704712,0.5156618356704712,0.5156618356704712,0.4843381643295288,2,3,6,zero_shot_paired
37,8,2,10,60,0,1,0,0.5116899609565735,0.5116899609565735,0.4883100986480713,0.5116899609565735,2,3,6,zero_shot_paired
37,9,2,13,60,0,1,0,0.6440607309341431,0.6440607309341431,0.35593926906585693,0.6440607309341431,2,3,6,zero_shot_paired
37,10,2,14,60,0,0,1,0.504653811454773,0.504653811454773,0.504653811454773,0.49534621834754944,2,3,6,zero_shot_paired
37,11,2,17,60,1,1,1,0.6991019248962402,0.6991019248962402,0.300898015499115,0.6991019248962402,2,3,6,zero_shot_paired
37,0,2,0,60,1,0,0,0.5093525648117065,0.5093525648117065,0.5093525648117065,0.49064746499061584,2,3,6,post_calibration
37,1,2,1,60,1,1,1,0.6417960524559021,0.6417960524559021,0.3582039475440979,0.6417960524559021,2,3,6,post_calibration
37,2,2,2,60,1,1,1,0.5736168026924133,0.5736168026924133,0.4263831675052643,0.5736168026924133,2,3,6,post_calibration
37,3,2,3,60,1,1,1,0.7379851937294006,0.7379851937294006,0.26201486587524414,0.7379851937294006,2,3,6,post_calibration
37,4,2,4,60,1,0,0,0.6948934197425842,0.6948934197425842,0.6948934197425842,0.30510661005973816,2,3,6,post_calibration
37,5,2,6,60,1,1,1,0.6936594247817993,0.6936594247817993,0.3063405752182007,0.6936594247817993,2,3,6,post_calibration
37,6,2,8,60,0,1,0,0.5604180693626404,0.5604180693626404,0.439581960439682,0.5604180693626404,2,3,6,post_calibration
37,7,2,9,60,0,0,1,0.53427654504776,0.53427654504776,0.53427654504776,0.46572345495224,2,3,6,post_calibration
37,8,2,10,60,0,1,0,0.5128889083862305,0.5128889083862305,0.48711106181144714,0.5128889083862305,2,3,6,post_calibration
37,9,2,13,60,0,1,0,0.6397958397865295,0.6397958397865295,0.36020416021347046,0.6397958397865295,2,3,6,post_calibration
37,10,2,14,60,0,0,1,0.5075963735580444,0.5075963735580444,0.5075963735580444,0.4924035966396332,2,3,6,post_calibration
37,11,2,17,60,1,1,1,0.6917202472686768,0.6917202472686768,0.30827969312667847,0.6917202472686768,2,3,6,post_calibration
38,0,2,0,60,1,0,0,0.5088930130004883,0.5088930130004883,0.5088930130004883,0.4911069869995117,2,1,9,zero_shot_paired
38,1,2,2,60,1,1,1,0.5587032437324524,0.5587032437324524,0.4412967562675476,0.5587032437324524,2,1,9,zero_shot_paired
38,2,2,3,60,1,1,1,0.7399864792823792,0.7399864792823792,0.26001349091529846,0.7399864792823792,2,1,9,zero_shot_paired
38,3,2,4,60,1,0,0,0.687062680721283,0.687062680721283,0.687062680721283,0.31293728947639465,2,1,9,zero_shot_paired
38,4,2,5,60,1,1,1,0.5078633427619934,0.5078633427619934,0.4921366572380066,0.5078633427619934,2,1,9,zero_shot_paired
38,5,2,8,60,0,1,0,0.5746856927871704,0.5746856927871704,0.4253142774105072,0.5746856927871704,2,1,9,zero_shot_paired
38,6,2,14,60,0,0,1,0.5046518445014954,0.5046518445014954,0.5046518445014954,0.49534812569618225,2,1,9,zero_shot_paired
38,7,2,16,60,0,0,1,0.5783849358558655,0.5783849358558655,0.5783849358558655,0.42161503434181213,2,1,9,zero_shot_paired
38,8,2,17,60,1,1,1,0.6991019248962402,0.6991019248962402,0.300898015499115,0.6991019248962402,2,1,9,zero_shot_paired
38,0,2,0,60,1,0,0,0.5175118446350098,0.5175118446350098,0.5175118446350098,0.4824881851673126,2,1,9,post_calibration
38,1,2,2,60,1,1,1,0.5681912302970886,0.5681912302970886,0.43180879950523376,0.5681912302970886,2,1,9,post_calibration
38,2,2,3,60,1,1,1,0.7494498491287231,0.7494498491287231,0.25055015087127686,0.7494498491287231,2,1,9,post_calibration
38,3,2,4,60,1,0,0,0.6970469355583191,0.6970469355583191,0.6970469355583191,0.3029530644416809,2,1,9,post_calibration
38,4,2,5,60,1,1,1,0.5096175670623779,0.5096175670623779,0.49038243293762207,0.5096175670623779,2,1,9,post_calibration
38,5,2,8,60,0,1,0,0.5666181445121765,0.5666181445121765,0.4333818256855011,0.5666181445121765,2,1,9,post_calibration
38,6,2,14,60,0,0,1,0.517850935459137,0.517850935459137,0.517850935459137,0.4821490943431854,2,1,9,post_calibration
38,7,2,16,60,0,0,1,0.5772458910942078,0.5772458910942078,0.5772458910942078,0.42275410890579224,2,1,9,post_calibration
38,8,2,17,60,1,1,1,0.6911163926124573,0.6911163926124573,0.3088836371898651,0.6911163926124573,2,1,9,post_calibration
39,0,2,1,60,1,1,1,0.6533360481262207,0.6533360481262207,0.3466639518737793,0.6533360481262207,2,2,9,zero_shot_paired
39,1,2,6,60,1,1,1,0.6794579029083252,0.6794579029083252,0.3205420970916748,0.6794579029083252,2,2,9,zero_shot_paired
39,2,2,7,60,1,1,1,0.6851320266723633,0.6851320266723633,0.3148679733276367,0.6851320266723633,2,2,9,zero_shot_paired
39,3,2,9,60,0,0,1,0.5156618356704712,0.5156618356704712,0.5156618356704712,0.4843381643295288,2,2,9,zero_shot_paired
39,4,2,10,60,0,1,0,0.5116841793060303,0.5116841793060303,0.4883158206939697,0.5116841793060303,2,2,9,zero_shot_paired
39,5,2,11,60,1,1,1,0.5097643733024597,0.5097643733024597,0.4902355968952179,0.5097643733024597,2,2,9,zero_shot_paired
39,6,2,12,60,1,1,1,0.5681687593460083,0.5681687593460083,0.4318312406539917,0.5681687593460083,2,2,9,zero_shot_paired
39,7,2,13,60,0,1,0,0.6440624594688416,0.6440624594688416,0.35593751072883606,0.6440624594688416,2,2,9,zero_shot_paired
39,8,2,15,60,0,1,0,0.604143500328064,0.604143500328064,0.39585649967193604,0.604143500328064,2,2,9,zero_shot_paired
39,0,2,1,60,1,1,1,0.6650266051292419,0.6650266051292419,0.33497342467308044,0.6650266051292419,2,2,9,post_calibration
39,1,2,6,60,1,1,1,0.6806166172027588,0.6806166172027588,0.3193833529949188,0.6806166172027588,2,2,9,post_calibration
39,2,2,7,60,1,1,1,0.6898298263549805,0.6898298263549805,0.31017014384269714,0.6898298263549805,2,2,9,post_calibration
39,3,2,9,60,0,0,1,0.5155951380729675,0.5155951380729675,0.5155951380729675,0.4844048321247101,2,2,9,post_calibration
39,4,2,10,60,0,1,0,0.5159895420074463,0.5159895420074463,0.4840104281902313,0.5159895420074463,2,2,9,post_calibration
39,5,2,11,60,1,1,1,0.5091504454612732,0.5091504454612732,0.4908495843410492,0.5091504454612732,2,2,9,post_calibration
39,6,2,12,60,1,1,1,0.5726612210273743,0.5726612210273743,0.4273388385772705,0.5726612210273743,2,2,9,post_calibration
39,7,2,13,60,0,1,0,0.6369567513465881,0.6369567513465881,0.36304330825805664,0.6369567513465881,2,2,9,post_calibration
39,8,2,15,60,0,1,0,0.6130157709121704,0.6130157709121704,0.3869842290878296,0.6130157709121704,2,2,9,post_calibration
40,0,2,1,60,1,1,1,0.6533948183059692,0.6533948183059692,0.34660521149635315,0.6533948183059692,2,1,12,zero_shot_paired
40,1,2,4,60,1,0,0,0.6870167851448059,0.6870167851448059,0.6870167851448059,0.3129832446575165,2,1,12,zero_shot_paired
40,2,2,6,60,1,1,1,0.6794413328170776,0.6794413328170776,0.32055869698524475,0.6794413328170776,2,1,12,zero_shot_paired
40,3,2,12,60,1,1,1,0.5679572224617004,0.5679572224617004,0.43204280734062195,0.5679572224617004,2,1,12,zero_shot_paired
40,4,2,14,60,0,0,1,0.504653811454773,0.504653811454773,0.504653811454773,0.49534621834754944,2,1,12,zero_shot_paired
40,5,2,15,60,0,1,0,0.604216456413269,0.604216456413269,0.39578351378440857,0.604216456413269,2,1,12,zero_shot_paired
40,0,2,1,60,1,1,1,0.6611096858978271,0.6611096858978271,0.3388902544975281,0.6611096858978271,2,1,12,post_calibration
40,1,2,4,60,1,0,0,0.6867296099662781,0.6867296099662781,0.6867296099662781,0.3132703900337219,2,1,12,post_calibration
40,2,2,6,60,1,1,1,0.6781520843505859,0.6781520843505859,0.3218478560447693,0.6781520843505859,2,1,12,post_calibration
40,3,2,12,60,1,1,1,0.565956711769104,0.565956711769104,0.434043288230896,0.565956711769104,2,1,12,post_calibration
40,4,2,14,60,0,0,1,0.5038737654685974,0.5038737654685974,0.5038737654685974,0.496126264333725,2,1,12,post_calibration
40,5,2,15,60,0,1,0,0.6115269660949707,0.6115269660949707,0.3884730041027069,0.6115269660949707,2,1,12,post_calibration
41,0,2,5,60,1,1,1,0.5078461766242981,0.5078461766242981,0.4921537935733795,0.5078461766242981,2,2,12,zero_shot_paired
41,1,2,6,60,1,1,1,0.6794413328170776,0.6794413328170776,0.32055869698524475,0.6794413328170776,2,2,12,zero_shot_paired
41,2,2,8,60,0,1,0,0.5745906233787537,0.5745906233787537,0.42540934681892395,0.5745906233787537,2,2,12,zero_shot_paired
41,3,2,11,60,1,1,1,0.509833037853241,0.509833037853241,0.4901669919490814,0.509833037853241,2,2,12,zero_shot_paired
41,4,2,12,60,1,1,1,0.5679572224617004,0.5679572224617004,0.43204280734062195,0.5679572224617004,2,2,12,zero_shot_paired
41,5,2,14,60,0,0,1,0.504653811454773,0.504653811454773,0.504653811454773,0.49534621834754944,2,2,12,zero_shot_paired
41,0,2,5,60,1,1,1,0.5116956233978271,0.5116956233978271,0.48830434679985046,0.5116956233978271,2,2,12,post_calibration
41,1,2,6,60,1,1,1,0.6679214835166931,0.6679214835166931,0.3320785164833069,0.6679214835166931,2,2,12,post_calibration
41,2,2,8,60,0,1,0,0.5787978768348694,0.5787978768348694,0.4212020933628082,0.5787978768348694,2,2,12,post_calibration
41,3,2,11,60,1,1,1,0.5044230222702026,0.5044230222702026,0.49557700753211975,0.5044230222702026,2,2,12,post_calibration
41,4,2,12,60,1,1,1,0.5683409571647644,0.5683409571647644,0.4316590428352356,0.5683409571647644,2,2,12,post_calibration
41,5,2,14,60,0,1,0,0.5002975463867188,0.5002975463867188,0.49970248341560364,0.5002975463867188,2,2,12,post_calibration
42,0,2,1,60,1,1,1,0.6533948183059692,0.6533948183059692,0.34660521149635315,0.6533948183059692,2,3,12,zero_shot_paired
42,1,2,6,60,1,1,1,0.6794413328170776,0.6794413328170776,0.32055869698524475,0.6794413328170776,2,3,12,zero_shot_paired
42,2,2,7,60,1,1,1,0.6851238012313843,0.6851238012313843,0.3148761987686157,0.6851238012313843,2,3,12,zero_shot_paired
42,3,2,11,60,1,1,1,0.509833037853241,0.509833037853241,0.4901669919490814,0.509833037853241,2,3,12,zero_shot_paired
42,4,2,13,60,0,1,0,0.644085168838501,0.644085168838501,0.35591480135917664,0.644085168838501,2,3,12,zero_shot_paired
42,5,2,14,60,0,0,1,0.504653811454773,0.504653811454773,0.504653811454773,0.49534621834754944,2,3,12,zero_shot_paired
42,0,2,1,60,1,1,1,0.6489601135253906,0.6489601135253906,0.3510398864746094,0.6489601135253906,2,3,12,post_calibration
42,1,2,6,60,1,1,1,0.6859067678451538,0.6859067678451538,0.3140932619571686,0.6859067678451538,2,3,12,post_calibration
42,2,2,7,60,1,1,1,0.6849328279495239,0.6849328279495239,0.3150671422481537,0.6849328279495239,2,3,12,post_calibration
42,3,2,11,60,1,1,1,0.5080006718635559,0.5080006718635559,0.4919993579387665,0.5080006718635559,2,3,12,post_calibration
42,4,2,13,60,0,1,0,0.6455983519554138,0.6455983519554138,0.3544016480445862,0.6455983519554138,2,3,12,post_calibration
42,5,2,14,60,0,1,0,0.5159819722175598,0.5159819722175598,0.4840180575847626,0.5159819722175598,2,3,12,post_calibration
4,0,3,0,60,1,0,0,0.7112617492675781,0.7112617492675781,0.7112617492675781,0.28873828053474426,3,,,zero_shot_all_trials
4,1,3,1,60,1,1,1,0.6595010757446289,0.6595010757446289,0.3404988944530487,0.6595010757446289,3,,,zero_shot_all_trials
4,2,3,2,60,1,1,1,0.6648514866828918,0.6648514866828918,0.33514851331710815,0.6648514866828918,3,,,zero_shot_all_trials
4,3,3,3,60,1,1,1,0.6217508912086487,0.6217508912086487,0.3782491683959961,0.6217508912086487,3,,,zero_shot_all_trials
4,4,3,4,60,1,1,1,0.6354681849479675,0.6354681849479675,0.36453187465667725,0.6354681849479675,3,,,zero_shot_all_trials
4,5,3,5,60,1,1,1,0.6010887026786804,0.6010887026786804,0.3989112377166748,0.6010887026786804,3,,,zero_shot_all_trials
4,6,3,6,60,1,1,1,0.7390944361686707,0.7390944361686707,0.26090553402900696,0.7390944361686707,3,,,zero_shot_all_trials
4,7,3,7,60,1,1,1,0.5241149663925171,0.5241149663925171,0.4758850634098053,0.5241149663925171,3,,,zero_shot_all_trials
4,8,3,8,60,1,1,1,0.7828986048698425,0.7828986048698425,0.21710143983364105,0.7828986048698425,3,,,zero_shot_all_trials
4,9,3,9,60,1,0,0,0.588336706161499,0.588336706161499,0.588336706161499,0.4116632640361786,3,,,zero_shot_all_trials
4,10,3,10,60,0,0,1,0.7331698536872864,0.7331698536872864,0.7331698536872864,0.2668301463127136,3,,,zero_shot_all_trials
4,11,3,11,60,0,1,0,0.6939560174942017,0.6939560174942017,0.30604395270347595,0.6939560174942017,3,,,zero_shot_all_trials
4,12,3,12,60,0,0,1,0.6536349058151245,0.6536349058151245,0.6536349058151245,0.3463651239871979,3,,,zero_shot_all_trials
4,13,3,13,60,0,0,1,0.545726478099823,0.545726478099823,0.545726478099823,0.4542735517024994,3,,,zero_shot_all_trials
4,14,3,14,60,0,1,0,0.5722185969352722,0.5722185969352722,0.4277814030647278,0.5722185969352722,3,,,zero_shot_all_trials
4,15,3,15,60,0,1,0,0.6671104431152344,0.6671104431152344,0.332889586687088,0.6671104431152344,3,,,zero_shot_all_trials
4,16,3,16,60,1,1,1,0.5028285384178162,0.5028285384178162,0.49717143177986145,0.5028285384178162,3,,,zero_shot_all_trials
4,17,3,17,60,1,1,1,0.5256789326667786,0.5256789326667786,0.4743210971355438,0.5256789326667786,3,,,zero_shot_all_trials
43,0,3,1,60,1,1,1,0.6595028042793274,0.6595028042793274,0.34049713611602783,0.6595028042793274,3,1,3,zero_shot_paired
43,1,3,2,60,1,1,1,0.66485995054245,0.66485995054245,0.33514001965522766,0.66485995054245,3,1,3,zero_shot_paired
43,2,3,3,60,1,1,1,0.6217490434646606,0.6217490434646606,0.37825092673301697,0.6217490434646606,3,1,3,zero_shot_paired
43,3,3,4,60,1,1,1,0.635464608669281,0.635464608669281,0.3645353615283966,0.635464608669281,3,1,3,zero_shot_paired
43,4,3,6,60,1,1,1,0.7390944361686707,0.7390944361686707,0.26090553402900696,0.7390944361686707,3,1,3,zero_shot_paired
43,5,3,7,60,1,1,1,0.5241149663925171,0.5241149663925171,0.4758850634098053,0.5241149663925171,3,1,3,zero_shot_paired
43,6,3,8,60,1,1,1,0.782903790473938,0.782903790473938,0.2170962244272232,0.782903790473938,3,1,3,zero_shot_paired
43,7,3,9,60,1,0,0,0.5883035063743591,0.5883035063743591,0.5883035063743591,0.41169652342796326,3,1,3,zero_shot_paired
43,8,3,10,60,0,0,1,0.733168363571167,0.733168363571167,0.733168363571167,0.266831636428833,3,1,3,zero_shot_paired
43,9,3,11,60,0,1,0,0.6939576268196106,0.6939576268196106,0.30604231357574463,0.6939576268196106,3,1,3,zero_shot_paired
43,10,3,12,60,0,0,1,0.6536349058151245,0.6536349058151245,0.6536349058151245,0.3463651239871979,3,1,3,zero_shot_paired
43,11,3,13,60,0,0,1,0.5457245111465454,0.5457245111465454,0.5457245111465454,0.4542754292488098,3,1,3,zero_shot_paired
43,12,3,15,60,0,1,0,0.6671070456504822,0.6671070456504822,0.3328929841518402,0.6671070456504822,3,1,3,zero_shot_paired
43,13,3,16,60,1,1,1,0.502830445766449,0.502830445766449,0.49716949462890625,0.502830445766449,3,1,3,zero_shot_paired
43,14,3,17,60,1,1,1,0.5256845951080322,0.5256845951080322,0.4743153750896454,0.5256845951080322,3,1,3,zero_shot_paired
43,0,3,1,60,1,1,1,0.6785866022109985,0.6785866022109985,0.32141339778900146,0.6785866022109985,3,1,3,post_calibration
43,1,3,2,60,1,1,1,0.681445300579071,0.681445300579071,0.31855469942092896,0.681445300579071,3,1,3,post_calibration
43,2,3,3,60,1,1,1,0.6363919377326965,0.6363919377326965,0.36360806226730347,0.6363919377326965,3,1,3,post_calibration
43,3,3,4,60,1,1,1,0.6499379873275757,0.6499379873275757,0.35006195306777954,0.6499379873275757,3,1,3,post_calibration
43,4,3,6,60,1,1,1,0.746020495891571,0.746020495891571,0.25397953391075134,0.746020495891571,3,1,3,post_calibration
43,5,3,7,60,1,1,1,0.5487112998962402,0.5487112998962402,0.45128872990608215,0.5487112998962402,3,1,3,post_calibration
43,6,3,8,60,1,1,1,0.7849868535995483,0.7849868535995483,0.21501316130161285,0.7849868535995483,3,1,3,post_calibration
43,7,3,9,60,1,0,0,0.5735403299331665,0.5735403299331665,0.5735403299331665,0.4264596998691559,3,1,3,post_calibration
43,8,3,10,60,0,0,1,0.7286155819892883,0.7286155819892883,0.7286155819892883,0.27138441801071167,3,1,3,post_calibration
43,9,3,11,60,0,1,0,0.6953978538513184,0.6953978538513184,0.30460217595100403,0.6953978538513184,3,1,3,post_calibration
43,10,3,12,60,0,0,1,0.6387912631034851,0.6387912631034851,0.6387912631034851,0.3612087368965149,3,1,3,post_calibration
43,11,3,13,60,0,0,1,0.5308579206466675,0.5308579206466675,0.5308579206466675,0.4691421389579773,3,1,3,post_calibration
43,12,3,15,60,0,1,0,0.6607335209846497,0.6607335209846497,0.33926644921302795,0.6607335209846497,3,1,3,post_calibration
43,13,3,16,60,1,1,1,0.5205991864204407,0.5205991864204407,0.4794008731842041,0.5205991864204407,3,1,3,post_calibration
43,14,3,17,60,1,1,1,0.5308673977851868,0.5308673977851868,0.4691326320171356,0.5308673977851868,3,1,3,post_calibration
44,0,3,0,60,1,0,0,0.7112664580345154,0.7112664580345154,0.7112664580345154,0.2887336015701294,3,2,3,zero_shot_paired
44,1,3,3,60,1,1,1,0.6217454671859741,0.6217454671859741,0.3782545328140259,0.6217454671859741,3,2,3,zero_shot_paired
44,2,3,4,60,1,1,1,0.635459303855896,0.635459303855896,0.3645406663417816,0.635459303855896,3,2,3,zero_shot_paired
44,3,3,5,60,1,1,1,0.6010832786560059,0.6010832786560059,0.39891675114631653,0.6010832786560059,3,2,3,zero_shot_paired
44,4,3,6,60,1,1,1,0.7390797734260559,0.7390797734260559,0.2609202265739441,0.7390797734260559,3,2,3,zero_shot_paired
44,5,3,7,60,1,1,1,0.5241149663925171,0.5241149663925171,0.4758850634098053,0.5241149663925171,3,2,3,zero_shot_paired
44,6,3,8,60,1,1,1,0.7829012274742126,0.7829012274742126,0.21709883213043213,0.7829012274742126,3,2,3,zero_shot_paired
44,7,3,9,60,1,0,0,0.5882998108863831,0.5882998108863831,0.5882998108863831,0.4117002487182617,3,2,3,zero_shot_paired
44,8,3,10,60,0,0,1,0.7331593632698059,0.7331593632698059,0.7331593632698059,0.2668406069278717,3,2,3,zero_shot_paired
44,9,3,11,60,0,1,0,0.6939641237258911,0.6939641237258911,0.3060358762741089,0.6939641237258911,3,2,3,zero_shot_paired
44,10,3,12,60,0,0,1,0.65364009141922,0.65364009141922,0.65364009141922,0.3463599383831024,3,2,3,zero_shot_paired
44,11,3,13,60,0,0,1,0.5457245111465454,0.5457245111465454,0.5457245111465454,0.4542754292488098,3,2,3,zero_shot_paired
44,12,3,14,60,0,1,0,0.5722373127937317,0.5722373127937317,0.4277626872062683,0.5722373127937317,3,2,3,zero_shot_paired
44,13,3,16,60,1,1,1,0.5028285384178162,0.5028285384178162,0.49717143177986145,0.5028285384178162,3,2,3,zero_shot_paired
44,14,3,17,60,1,1,1,0.5256826877593994,0.5256826877593994,0.4743173122406006,0.5256826877593994,3,2,3,zero_shot_paired
44,0,3,0,60,1,0,0,0.7035080790519714,0.7035080790519714,0.7035080790519714,0.2964918911457062,3,2,3,post_calibration
44,1,3,3,60,1,1,1,0.6258544921875,0.6258544921875,0.3741455674171448,0.6258544921875,3,2,3,post_calibration
44,2,3,4,60,1,1,1,0.6455425024032593,0.6455425024032593,0.3544575273990631,0.6455425024032593,3,2,3,post_calibration
44,3,3,5,60,1,1,1,0.6067114472389221,0.6067114472389221,0.3932885527610779,0.6067114472389221,3,2,3,post_calibration
44,4,3,6,60,1,1,1,0.7336158752441406,0.7336158752441406,0.266384094953537,0.7336158752441406,3,2,3,post_calibration
44,5,3,7,60,1,1,1,0.5258367657661438,0.5258367657661438,0.4741631746292114,0.5258367657661438,3,2,3,post_calibration
44,6,3,8,60,1,1,1,0.7815690636634827,0.7815690636634827,0.21843095123767853,0.7815690636634827,3,2,3,post_calibration
44,7,3,9,60,1,0,0,0.5943544507026672,0.5943544507026672,0.5943544507026672,0.4056455194950104,3,2,3,post_calibration
44,8,3,10,60,0,0,1,0.7365871667861938,0.7365871667861938,0.7365871667861938,0.26341280341148376,3,2,3,post_calibration
44,9,3,11,60,0,1,0,0.683559775352478,0.683559775352478,0.3164401948451996,0.683559775352478,3,2,3,post_calibration
44,10,3,12,60,0,0,1,0.6585376262664795,0.6585376262664795,0.6585376262664795,0.3414624035358429,3,2,3,post_calibration
44,11,3,13,60,0,0,1,0.5433290004730225,0.5433290004730225,0.5433290004730225,0.45667099952697754,3,2,3,post_calibration
44,12,3,14,60,0,1,0,0.570705235004425,0.570705235004425,0.42929476499557495,0.570705235004425,3,2,3,post_calibration
44,13,3,16,60,1,1,1,0.5116937160491943,0.5116937160491943,0.48830628395080566,0.5116937160491943,3,2,3,post_calibration
44,14,3,17,60,1,1,1,0.5216996669769287,0.5216996669769287,0.47830039262771606,0.5216996669769287,3,2,3,post_calibration
45,0,3,0,60,1,0,0,0.7112664580345154,0.7112664580345154,0.7112664580345154,0.2887336015701294,3,3,3,zero_shot_paired
45,1,3,1,60,1,1,1,0.6594942808151245,0.6594942808151245,0.3405057489871979,0.6594942808151245,3,3,3,zero_shot_paired
45,2,3,2,60,1,1,1,0.6648464202880859,0.6648464202880859,0.33515360951423645,0.6648464202880859,3,3,3,zero_shot_paired
45,3,3,3,60,1,1,1,0.6217454671859741,0.6217454671859741,0.3782545328140259,0.6217454671859741,3,3,3,zero_shot_paired
45,4,3,4,60,1,1,1,0.635459303855896,0.635459303855896,0.3645406663417816,0.635459303855896,3,3,3,zero_shot_paired
45,5,3,5,60,1,1,1,0.6010832786560059,0.6010832786560059,0.39891675114631653,0.6010832786560059,3,3,3,zero_shot_paired
45,6,3,6,60,1,1,1,0.7390797734260559,0.7390797734260559,0.2609202265739441,0.7390797734260559,3,3,3,zero_shot_paired
45,7,3,8,60,1,1,1,0.7829012274742126,0.7829012274742126,0.21709883213043213,0.7829012274742126,3,3,3,zero_shot_paired
45,8,3,9,60,1,0,0,0.5882998108863831,0.5882998108863831,0.5882998108863831,0.4117002487182617,3,3,3,zero_shot_paired
45,9,3,11,60,0,1,0,0.6939641237258911,0.6939641237258911,0.3060358762741089,0.6939641237258911,3,3,3,zero_shot_paired
45,10,3,12,60,0,0,1,0.65364009141922,0.65364009141922,0.65364009141922,0.3463599383831024,3,3,3,zero_shot_paired
45,11,3,13,60,0,0,1,0.5457245111465454,0.5457245111465454,0.5457245111465454,0.4542754292488098,3,3,3,zero_shot_paired
45,12,3,14,60,0,1,0,0.5722373127937317,0.5722373127937317,0.4277626872062683,0.5722373127937317,3,3,3,zero_shot_paired
45,13,3,15,60,0,1,0,0.6671070456504822,0.6671070456504822,0.3328929841518402,0.6671070456504822,3,3,3,zero_shot_paired
45,14,3,16,60,1,1,1,0.5028285384178162,0.5028285384178162,0.49717143177986145,0.5028285384178162,3,3,3,zero_shot_paired
45,0,3,0,60,1,0,0,0.7063851356506348,0.7063851356506348,0.7063851356506348,0.29361486434936523,3,3,3,post_calibration
45,1,3,1,60,1,1,1,0.6629669070243835,0.6629669070243835,0.3370330333709717,0.6629669070243835,3,3,3,post_calibration
45,2,3,2,60,1,1,1,0.6765230894088745,0.6765230894088745,0.3234769403934479,0.6765230894088745,3,3,3,post_calibration
45,3,3,3,60,1,1,1,0.6283058524131775,0.6283058524131775,0.3716941177845001,0.6283058524131775,3,3,3,post_calibration
45,4,3,4,60,1,1,1,0.6409379243850708,0.6409379243850708,0.3590621054172516,0.6409379243850708,3,3,3,post_calibration
45,5,3,5,60,1,1,1,0.6187534332275391,0.6187534332275391,0.38124656677246094,0.6187534332275391,3,3,3,post_calibration
45,6,3,6,60,1,1,1,0.7477080821990967,0.7477080821990967,0.2522919476032257,0.7477080821990967,3,3,3,post_calibration
45,7,3,8,60,1,1,1,0.7832692265510559,0.7832692265510559,0.2167307734489441,0.7832692265510559,3,3,3,post_calibration
45,8,3,9,60,1,0,0,0.5897367000579834,0.5897367000579834,0.5897367000579834,0.4102633595466614,3,3,3,post_calibration
45,9,3,11,60,0,1,0,0.6821586489677429,0.6821586489677429,0.3178413510322571,0.6821586489677429,3,3,3,post_calibration
45,10,3,12,60,0,0,1,0.654608428478241,0.654608428478241,0.654608428478241,0.34539154171943665,3,3,3,post_calibration
45,11,3,13,60,0,0,1,0.5417668223381042,0.5417668223381042,0.5417668223381042,0.45823314785957336,3,3,3,post_calibration
45,12,3,14,60,0,1,0,0.5672981142997742,0.5672981142997742,0.4327019155025482,0.5672981142997742,3,3,3,post_calibration
45,13,3,15,60,0,1,0,0.6618921756744385,0.6618921756744385,0.3381078541278839,0.6618921756744385,3,3,3,post_calibration
45,14,3,16,60,1,1,1,0.5062786340713501,0.5062786340713501,0.4937213361263275,0.5062786340713501,3,3,3,post_calibration
46,0,3,0,60,1,0,0,0.7112664580345154,0.7112664580345154,0.7112664580345154,0.2887336015701294,3,4,3,zero_shot_paired
46,1,3,1,60,1,1,1,0.6594942808151245,0.6594942808151245,0.3405057489871979,0.6594942808151245,3,4,3,zero_shot_paired
46,2,3,2,60,1,1,1,0.6648464202880859,0.6648464202880859,0.33515360951423645,0.6648464202880859,3,4,3,zero_shot_paired
46,3,3,3,60,1,1,1,0.6217454671859741,0.6217454671859741,0.3782545328140259,0.6217454671859741,3,4,3,zero_shot_paired
46,4,3,4,60,1,1,1,0.635459303855896,0.635459303855896,0.3645406663417816,0.635459303855896,3,4,3,zero_shot_paired
46,5,3,5,60,1,1,1,0.6010832786560059,0.6010832786560059,0.39891675114631653,0.6010832786560059,3,4,3,zero_shot_paired
46,6,3,7,60,1,1,1,0.5241149663925171,0.5241149663925171,0.4758850634098053,0.5241149663925171,3,4,3,zero_shot_paired
46,7,3,9,60,1,0,0,0.5882998108863831,0.5882998108863831,0.5882998108863831,0.4117002487182617,3,4,3,zero_shot_paired
46,8,3,10,60,0,0,1,0.7331593632698059,0.7331593632698059,0.7331593632698059,0.2668406069278717,3,4,3,zero_shot_paired
46,9,3,11,60,0,1,0,0.6939641237258911,0.6939641237258911,0.3060358762741089,0.6939641237258911,3,4,3,zero_shot_paired
46,10,3,13,60,0,0,1,0.5457245111465454,0.5457245111465454,0.5457245111465454,0.4542754292488098,3,4,3,zero_shot_paired
46,11,3,14,60,0,1,0,0.5722373127937317,0.5722373127937317,0.4277626872062683,0.5722373127937317,3,4,3,zero_shot_paired
46,12,3,15,60,0,1,0,0.6671070456504822,0.6671070456504822,0.3328929841518402,0.6671070456504822,3,4,3,zero_shot_paired
46,13,3,16,60,1,1,1,0.5028285384178162,0.5028285384178162,0.49717143177986145,0.5028285384178162,3,4,3,zero_shot_paired
46,14,3,17,60,1,1,1,0.5256826877593994,0.5256826877593994,0.4743173122406006,0.5256826877593994,3,4,3,zero_shot_paired
46,0,3,0,60,1,0,0,0.7123291492462158,0.7123291492462158,0.7123291492462158,0.28767088055610657,3,4,3,post_calibration
46,1,3,1,60,1,1,1,0.6618136167526245,0.6618136167526245,0.3381863832473755,0.6618136167526245,3,4,3,post_calibration
46,2,3,2,60,1,1,1,0.6656075716018677,0.6656075716018677,0.33439239859580994,0.6656075716018677,3,4,3,post_calibration
46,3,3,3,60,1,1,1,0.6239122748374939,0.6239122748374939,0.3760877251625061,0.6239122748374939,3,4,3,post_calibration
46,4,3,4,60,1,1,1,0.6312835812568665,0.6312835812568665,0.36871641874313354,0.6312835812568665,3,4,3,post_calibration
46,5,3,5,60,1,1,1,0.5916310548782349,0.5916310548782349,0.40836891531944275,0.5916310548782349,3,4,3,post_calibration
46,6,3,7,60,1,1,1,0.5100751519203186,0.5100751519203186,0.489924818277359,0.5100751519203186,3,4,3,post_calibration
46,7,3,9,60,1,0,0,0.6031979918479919,0.6031979918479919,0.6031979918479919,0.39680203795433044,3,4,3,post_calibration
46,8,3,10,60,0,0,1,0.7405248880386353,0.7405248880386353,0.7405248880386353,0.25947511196136475,3,4,3,post_calibration
46,9,3,11,60,0,1,0,0.6920976042747498,0.6920976042747498,0.30790242552757263,0.6920976042747498,3,4,3,post_calibration
46,10,3,13,60,0,0,1,0.5494461059570312,0.5494461059570312,0.5494461059570312,0.45055389404296875,3,4,3,post_calibration
46,11,3,14,60,0,1,0,0.5816410183906555,0.5816410183906555,0.4183589518070221,0.5816410183906555,3,4,3,post_calibration
46,12,3,15,60,0,1,0,0.6675829291343689,0.6675829291343689,0.3324170410633087,0.6675829291343689,3,4,3,post_calibration
46,13,3,16,60,1,0,0,0.5112038254737854,0.5112038254737854,0.5112038254737854,0.488796204328537,3,4,3,post_calibration
46,14,3,17,60,1,1,1,0.5201859474182129,0.5201859474182129,0.4798140823841095,0.5201859474182129,3,4,3,post_calibration
47,0,3,0,60,1,0,0,0.7112664580345154,0.7112664580345154,0.7112664580345154,0.2887336015701294,3,5,3,zero_shot_paired
47,1,3,1,60,1,1,1,0.6594942808151245,0.6594942808151245,0.3405057489871979,0.6594942808151245,3,5,3,zero_shot_paired
47,2,3,2,60,1,1,1,0.6648464202880859,0.6648464202880859,0.33515360951423645,0.6648464202880859,3,5,3,zero_shot_paired
47,3,3,3,60,1,1,1,0.6217454671859741,0.6217454671859741,0.3782545328140259,0.6217454671859741,3,5,3,zero_shot_paired
47,4,3,4,60,1,1,1,0.635459303855896,0.635459303855896,0.3645406663417816,0.635459303855896,3,5,3,zero_shot_paired
47,5,3,5,60,1,1,1,0.6010832786560059,0.6010832786560059,0.39891675114631653,0.6010832786560059,3,5,3,zero_shot_paired
47,6,3,6,60,1,1,1,0.7390797734260559,0.7390797734260559,0.2609202265739441,0.7390797734260559,3,5,3,zero_shot_paired
47,7,3,7,60,1,1,1,0.5241149663925171,0.5241149663925171,0.4758850634098053,0.5241149663925171,3,5,3,zero_shot_paired
47,8,3,8,60,1,1,1,0.7829012274742126,0.7829012274742126,0.21709883213043213,0.7829012274742126,3,5,3,zero_shot_paired
47,9,3,10,60,0,0,1,0.7331593632698059,0.7331593632698059,0.7331593632698059,0.2668406069278717,3,5,3,zero_shot_paired
47,10,3,11,60,0,1,0,0.6939641237258911,0.6939641237258911,0.3060358762741089,0.6939641237258911,3,5,3,zero_shot_paired
47,11,3,12,60,0,0,1,0.65364009141922,0.65364009141922,0.65364009141922,0.3463599383831024,3,5,3,zero_shot_paired
47,12,3,14,60,0,1,0,0.5722373127937317,0.5722373127937317,0.4277626872062683,0.5722373127937317,3,5,3,zero_shot_paired
47,13,3,15,60,0,1,0,0.6671070456504822,0.6671070456504822,0.3328929841518402,0.6671070456504822,3,5,3,zero_shot_paired
47,14,3,17,60,1,1,1,0.5256826877593994,0.5256826877593994,0.4743173122406006,0.5256826877593994,3,5,3,zero_shot_paired
47,0,3,0,60,1,0,0,0.7188149690628052,0.7188149690628052,0.7188149690628052,0.2811850607395172,3,5,3,post_calibration
47,1,3,1,60,1,1,1,0.6571070551872253,0.6571070551872253,0.34289291501045227,0.6571070551872253,3,5,3,post_calibration
47,2,3,2,60,1,1,1,0.6667985916137695,0.6667985916137695,0.33320140838623047,0.6667985916137695,3,5,3,post_calibration
47,3,3,3,60,1,1,1,0.625030517578125,0.625030517578125,0.3749695122241974,0.625030517578125,3,5,3,post_calibration
47,4,3,4,60,1,1,1,0.6386380791664124,0.6386380791664124,0.36136189103126526,0.6386380791664124,3,5,3,post_calibration
47,5,3,5,60,1,1,1,0.604579508304596,0.604579508304596,0.39542049169540405,0.604579508304596,3,5,3,post_calibration
47,6,3,6,60,1,1,1,0.745875895023346,0.745875895023346,0.25412410497665405,0.745875895023346,3,5,3,post_calibration
47,7,3,7,60,1,1,1,0.5277652740478516,0.5277652740478516,0.47223472595214844,0.5277652740478516,3,5,3,post_calibration
47,8,3,8,60,1,1,1,0.7891918420791626,0.7891918420791626,0.2108081877231598,0.7891918420791626,3,5,3,post_calibration
47,9,3,10,60,0,0,1,0.7307059168815613,0.7307059168815613,0.7307059168815613,0.2692940831184387,3,5,3,post_calibration
47,10,3,11,60,0,1,0,0.6950988173484802,0.6950988173484802,0.30490121245384216,0.6950988173484802,3,5,3,post_calibration
47,11,3,12,60,0,0,1,0.6433467864990234,0.6433467864990234,0.6433467864990234,0.35665324330329895,3,5,3,post_calibration
47,12,3,14,60,0,1,0,0.5619379878044128,0.5619379878044128,0.43806198239326477,0.5619379878044128,3,5,3,post_calibration
47,13,3,15,60,0,1,0,0.6664442420005798,0.6664442420005798,0.33355581760406494,0.6664442420005798,3,5,3,post_calibration
47,14,3,17,60,1,1,1,0.5272119641304016,0.5272119641304016,0.4727880358695984,0.5272119641304016,3,5,3,post_calibration
48,0,3,0,60,1,0,0,0.7112664580345154,0.7112664580345154,0.7112664580345154,0.2887336015701294,3,6,3,zero_shot_paired
48,1,3,1,60,1,1,1,0.6594942808151245,0.6594942808151245,0.3405057489871979,0.6594942808151245,3,6,3,zero_shot_paired
48,2,3,2,60,1,1,1,0.6648464202880859,0.6648464202880859,0.33515360951423645,0.6648464202880859,3,6,3,zero_shot_paired
48,3,3,5,60,1,1,1,0.6010832786560059,0.6010832786560059,0.39891675114631653,0.6010832786560059,3,6,3,zero_shot_paired
48,4,3,6,60,1,1,1,0.7390797734260559,0.7390797734260559,0.2609202265739441,0.7390797734260559,3,6,3,zero_shot_paired
48,5,3,7,60,1,1,1,0.5241149663925171,0.5241149663925171,0.4758850634098053,0.5241149663925171,3,6,3,zero_shot_paired
48,6,3,8,60,1,1,1,0.7829012274742126,0.7829012274742126,0.21709883213043213,0.7829012274742126,3,6,3,zero_shot_paired
48,7,3,9,60,1,0,0,0.5882998108863831,0.5882998108863831,0.5882998108863831,0.4117002487182617,3,6,3,zero_shot_paired
48,8,3,10,60,0,0,1,0.7331593632698059,0.7331593632698059,0.7331593632698059,0.2668406069278717,3,6,3,zero_shot_paired
48,9,3,12,60,0,0,1,0.65364009141922,0.65364009141922,0.65364009141922,0.3463599383831024,3,6,3,zero_shot_paired
48,10,3,13,60,0,0,1,0.5457245111465454,0.5457245111465454,0.5457245111465454,0.4542754292488098,3,6,3,zero_shot_paired
48,11,3,14,60,0,1,0,0.5722373127937317,0.5722373127937317,0.4277626872062683,0.5722373127937317,3,6,3,zero_shot_paired
48,12,3,15,60,0,1,0,0.6671070456504822,0.6671070456504822,0.3328929841518402,0.6671070456504822,3,6,3,zero_shot_paired
48,13,3,16,60,1,1,1,0.5028285384178162,0.5028285384178162,0.49717143177986145,0.5028285384178162,3,6,3,zero_shot_paired
48,14,3,17,60,1,1,1,0.5256826877593994,0.5256826877593994,0.4743173122406006,0.5256826877593994,3,6,3,zero_shot_paired
48,0,3,0,60,1,0,0,0.7035558223724365,0.7035558223724365,0.7035558223724365,0.29644420742988586,3,6,3,post_calibration
48,1,3,1,60,1,1,1,0.6879101991653442,0.6879101991653442,0.31208986043930054,0.6879101991653442,3,6,3,post_calibration
48,2,3,2,60,1,1,1,0.7077835202217102,0.7077835202217102,0.2922164499759674,0.7077835202217102,3,6,3,post_calibration
48,3,3,5,60,1,1,1,0.6185302734375,0.6185302734375,0.3814697563648224,0.6185302734375,3,6,3,post_calibration
48,4,3,6,60,1,1,1,0.7515456080436707,0.7515456080436707,0.24845442175865173,0.7515456080436707,3,6,3,post_calibration
48,5,3,7,60,1,1,1,0.5439158082008362,0.5439158082008362,0.4560842216014862,0.5439158082008362,3,6,3,post_calibration
48,6,3,8,60,1,1,1,0.7958589196205139,0.7958589196205139,0.20414100587368011,0.7958589196205139,3,6,3,post_calibration
48,7,3,9,60,1,0,0,0.5783663392066956,0.5783663392066956,0.5783663392066956,0.42163366079330444,3,6,3,post_calibration
48,8,3,10,60,0,0,1,0.7349734902381897,0.7349734902381897,0.7349734902381897,0.2650265693664551,3,6,3,post_calibration
48,9,3,12,60,0,0,1,0.6457380056381226,0.6457380056381226,0.6457380056381226,0.35426199436187744,3,6,3,post_calibration
48,10,3,13,60,0,0,1,0.5373638272285461,0.5373638272285461,0.5373638272285461,0.46263617277145386,3,6,3,post_calibration
48,11,3,14,60,0,1,0,0.5694654583930969,0.5694654583930969,0.4305344820022583,0.5694654583930969,3,6,3,post_calibration
48,12,3,15,60,0,1,0,0.6637932658195496,0.6637932658195496,0.3362067639827728,0.6637932658195496,3,6,3,post_calibration
48,13,3,16,60,1,1,1,0.5188319087028503,0.5188319087028503,0.48116812109947205,0.5188319087028503,3,6,3,post_calibration
48,14,3,17,60,1,1,1,0.5334373116493225,0.5334373116493225,0.4665626585483551,0.5334373116493225,3,6,3,post_calibration
49,0,3,3,60,1,1,1,0.6217454671859741,0.6217454671859741,0.3782545328140259,0.6217454671859741,3,1,6,zero_shot_paired
49,1,3,4,60,1,1,1,0.635459303855896,0.635459303855896,0.3645406663417816,0.635459303855896,3,1,6,zero_shot_paired
49,2,3,5,60,1,1,1,0.6010832786560059,0.6010832786560059,0.39891675114631653,0.6010832786560059,3,1,6,zero_shot_paired
49,3,3,7,60,1,1,1,0.5241149663925171,0.5241149663925171,0.4758850634098053,0.5241149663925171,3,1,6,zero_shot_paired
49,4,3,8,60,1,1,1,0.7829012274742126,0.7829012274742126,0.21709883213043213,0.7829012274742126,3,1,6,zero_shot_paired
49,5,3,9,60,1,0,0,0.5882998108863831,0.5882998108863831,0.5882998108863831,0.4117002487182617,3,1,6,zero_shot_paired
49,6,3,10,60,0,0,1,0.7331593632698059,0.7331593632698059,0.7331593632698059,0.2668406069278717,3,1,6,zero_shot_paired
49,7,3,11,60,0,1,0,0.6939641237258911,0.6939641237258911,0.3060358762741089,0.6939641237258911,3,1,6,zero_shot_paired
49,8,3,12,60,0,0,1,0.65364009141922,0.65364009141922,0.65364009141922,0.3463599383831024,3,1,6,zero_shot_paired
49,9,3,14,60,0,1,0,0.5722373127937317,0.5722373127937317,0.4277626872062683,0.5722373127937317,3,1,6,zero_shot_paired
49,10,3,16,60,1,1,1,0.5028285384178162,0.5028285384178162,0.49717143177986145,0.5028285384178162,3,1,6,zero_shot_paired
49,11,3,17,60,1,1,1,0.5256826877593994,0.5256826877593994,0.4743173122406006,0.5256826877593994,3,1,6,zero_shot_paired
49,0,3,3,60,1,1,1,0.6679637432098389,0.6679637432098389,0.33203622698783875,0.6679637432098389,3,1,6,post_calibration
49,1,3,4,60,1,1,1,0.6751792430877686,0.6751792430877686,0.32482072710990906,0.6751792430877686,3,1,6,post_calibration
49,2,3,5,60,1,1,1,0.6191852688789368,0.6191852688789368,0.38081470131874084,0.6191852688789368,3,1,6,post_calibration
49,3,3,7,60,1,1,1,0.5557045936584473,0.5557045936584473,0.44429537653923035,0.5557045936584473,3,1,6,post_calibration
49,4,3,8,60,1,1,1,0.7994667291641235,0.7994667291641235,0.20053322613239288,0.7994667291641235,3,1,6,post_calibration
49,5,3,9,60,1,0,0,0.5766425728797913,0.5766425728797913,0.5766425728797913,0.42335742712020874,3,1,6,post_calibration
49,6,3,10,60,0,0,1,0.7252535223960876,0.7252535223960876,0.7252535223960876,0.27474644780158997,3,1,6,post_calibration
49,7,3,11,60,0,1,0,0.6967246532440186,0.6967246532440186,0.30327537655830383,0.6967246532440186,3,1,6,post_calibration
49,8,3,12,60,0,0,1,0.6479130387306213,0.6479130387306213,0.6479130387306213,0.3520869016647339,3,1,6,post_calibration
49,9,3,14,60,0,1,0,0.5801290273666382,0.5801290273666382,0.41987091302871704,0.5801290273666382,3,1,6,post_calibration
49,10,3,16,60,1,1,1,0.5215549468994141,0.5215549468994141,0.4784450829029083,0.5215549468994141,3,1,6,post_calibration
49,11,3,17,60,1,1,1,0.5410981774330139,0.5410981774330139,0.4589017927646637,0.5410981774330139,3,1,6,post_calibration
50,0,3,0,60,1,0,0,0.7112664580345154,0.7112664580345154,0.7112664580345154,0.2887336015701294,3,2,6,zero_shot_paired
50,1,3,1,60,1,1,1,0.6594942808151245,0.6594942808151245,0.3405057489871979,0.6594942808151245,3,2,6,zero_shot_paired
50,2,3,2,60,1,1,1,0.6648464202880859,0.6648464202880859,0.33515360951423645,0.6648464202880859,3,2,6,zero_shot_paired
50,3,3,3,60,1,1,1,0.6217454671859741,0.6217454671859741,0.3782545328140259,0.6217454671859741,3,2,6,zero_shot_paired
50,4,3,6,60,1,1,1,0.7390797734260559,0.7390797734260559,0.2609202265739441,0.7390797734260559,3,2,6,zero_shot_paired
50,5,3,7,60,1,1,1,0.5241149663925171,0.5241149663925171,0.4758850634098053,0.5241149663925171,3,2,6,zero_shot_paired
50,6,3,9,60,1,0,0,0.5882998108863831,0.5882998108863831,0.5882998108863831,0.4117002487182617,3,2,6,zero_shot_paired
50,7,3,11,60,0,1,0,0.6939641237258911,0.6939641237258911,0.3060358762741089,0.6939641237258911,3,2,6,zero_shot_paired
50,8,3,13,60,0,0,1,0.5457245111465454,0.5457245111465454,0.5457245111465454,0.4542754292488098,3,2,6,zero_shot_paired
50,9,3,14,60,0,1,0,0.5722373127937317,0.5722373127937317,0.4277626872062683,0.5722373127937317,3,2,6,zero_shot_paired
50,10,3,15,60,0,1,0,0.6671070456504822,0.6671070456504822,0.3328929841518402,0.6671070456504822,3,2,6,zero_shot_paired
50,11,3,17,60,1,1,1,0.5256826877593994,0.5256826877593994,0.4743173122406006,0.5256826877593994,3,2,6,zero_shot_paired
50,0,3,0,60,1,0,0,0.7005764245986938,0.7005764245986938,0.7005764245986938,0.29942357540130615,3,2,6,post_calibration
50,1,3,1,60,1,1,1,0.6889035105705261,0.6889035105705261,0.3110964894294739,0.6889035105705261,3,2,6,post_calibration
50,2,3,2,60,1,1,1,0.6967133283615112,0.6967133283615112,0.30328667163848877,0.6967133283615112,3,2,6,post_calibration
50,3,3,3,60,1,1,1,0.6541666984558105,0.6541666984558105,0.34583330154418945,0.6541666984558105,3,2,6,post_calibration
50,4,3,6,60,1,1,1,0.752924919128418,0.752924919128418,0.2470751255750656,0.752924919128418,3,2,6,post_calibration
50,5,3,7,60,1,1,1,0.5345214009284973,0.5345214009284973,0.4654785990715027,0.5345214009284973,3,2,6,post_calibration
50,6,3,9,60,1,0,0,0.5952683091163635,0.5952683091163635,0.5952683091163635,0.4047316908836365,3,2,6,post_calibration
50,7,3,11,60,0,1,0,0.693810224533081,0.693810224533081,0.3061898350715637,0.693810224533081,3,2,6,post_calibration
50,8,3,13,60,0,0,1,0.5371191501617432,0.5371191501617432,0.5371191501617432,0.46288084983825684,3,2,6,post_calibration
50,9,3,14,60,0,1,0,0.5877360701560974,0.5877360701560974,0.4122639298439026,0.5877360701560974,3,2,6,post_calibration
50,10,3,15,60,0,1,0,0.6724241375923157,0.6724241375923157,0.3275758624076843,0.6724241375923157,3,2,6,post_calibration
50,11,3,17,60,1,1,1,0.5413255095481873,0.5413255095481873,0.45867449045181274,0.5413255095481873,3,2,6,post_calibration
51,0,3,0,60,1,0,0,0.7112664580345154,0.7112664580345154,0.7112664580345154,0.2887336015701294,3,3,6,zero_shot_paired
51,1,3,1,60,1,1,1,0.6594942808151245,0.6594942808151245,0.3405057489871979,0.6594942808151245,3,3,6,zero_shot_paired
51,2,3,2,60,1,1,1,0.6648464202880859,0.6648464202880859,0.33515360951423645,0.6648464202880859,3,3,6,zero_shot_paired
51,3,3,4,60,1,1,1,0.635459303855896,0.635459303855896,0.3645406663417816,0.635459303855896,3,3,6,zero_shot_paired
51,4,3,5,60,1,1,1,0.6010832786560059,0.6010832786560059,0.39891675114631653,0.6010832786560059,3,3,6,zero_shot_paired
51,5,3,6,60,1,1,1,0.7390797734260559,0.7390797734260559,0.2609202265739441,0.7390797734260559,3,3,6,zero_shot_paired
51,6,3,8,60,1,1,1,0.7829012274742126,0.7829012274742126,0.21709883213043213,0.7829012274742126,3,3,6,zero_shot_paired
51,7,3,10,60,0,0,1,0.7331593632698059,0.7331593632698059,0.7331593632698059,0.2668406069278717,3,3,6,zero_shot_paired
51,8,3,12,60,0,0,1,0.65364009141922,0.65364009141922,0.65364009141922,0.3463599383831024,3,3,6,zero_shot_paired
51,9,3,13,60,0,0,1,0.5457245111465454,0.5457245111465454,0.5457245111465454,0.4542754292488098,3,3,6,zero_shot_paired
51,10,3,15,60,0,1,0,0.6671070456504822,0.6671070456504822,0.3328929841518402,0.6671070456504822,3,3,6,zero_shot_paired
51,11,3,16,60,1,1,1,0.5028285384178162,0.5028285384178162,0.49717143177986145,0.5028285384178162,3,3,6,zero_shot_paired
51,0,3,0,60,1,0,0,0.7010131478309631,0.7010131478309631,0.7010131478309631,0.29898685216903687,3,3,6,post_calibration
51,1,3,1,60,1,1,1,0.6752511858940125,0.6752511858940125,0.32474881410598755,0.6752511858940125,3,3,6,post_calibration
51,2,3,2,60,1,1,1,0.6999518871307373,0.6999518871307373,0.3000481128692627,0.6999518871307373,3,3,6,post_calibration
51,3,3,4,60,1,1,1,0.660728394985199,0.660728394985199,0.33927154541015625,0.660728394985199,3,3,6,post_calibration
51,4,3,5,60,1,1,1,0.6139926910400391,0.6139926910400391,0.3860073387622833,0.6139926910400391,3,3,6,post_calibration
51,5,3,6,60,1,1,1,0.7668479681015015,0.7668479681015015,0.2331520915031433,0.7668479681015015,3,3,6,post_calibration
51,6,3,8,60,1,1,1,0.7926486134529114,0.7926486134529114,0.20735135674476624,0.7926486134529114,3,3,6,post_calibration
51,7,3,10,60,0,0,1,0.7277185320854187,0.7277185320854187,0.7277185320854187,0.2722814679145813,3,3,6,post_calibration
51,8,3,12,60,0,0,1,0.6356130242347717,0.6356130242347717,0.6356130242347717,0.3643869459629059,3,3,6,post_calibration
51,9,3,13,60,0,0,1,0.544407844543457,0.544407844543457,0.544407844543457,0.45559218525886536,3,3,6,post_calibration
51,10,3,15,60,0,1,0,0.6714015603065491,0.6714015603065491,0.3285984396934509,0.6714015603065491,3,3,6,post_calibration
51,11,3,16,60,1,1,1,0.5219432711601257,0.5219432711601257,0.4780566990375519,0.5219432711601257,3,3,6,post_calibration
52,0,3,0,60,1,0,0,0.7112617492675781,0.7112617492675781,0.7112617492675781,0.28873828053474426,3,1,9,zero_shot_paired
52,1,3,4,60,1,1,1,0.6354628801345825,0.6354628801345825,0.36453717947006226,0.6354628801345825,3,1,9,zero_shot_paired
52,2,3,6,60,1,1,1,0.7390797734260559,0.7390797734260559,0.2609202265739441,0.7390797734260559,3,1,9,zero_shot_paired
52,3,3,7,60,1,1,1,0.5241073369979858,0.5241073369979858,0.47589266300201416,0.5241073369979858,3,1,9,zero_shot_paired
52,4,3,9,60,1,0,0,0.5883330702781677,0.5883330702781677,0.5883330702781677,0.41166695952415466,3,1,9,zero_shot_paired
52,5,3,11,60,0,1,0,0.6939527988433838,0.6939527988433838,0.3060472011566162,0.6939527988433838,3,1,9,zero_shot_paired
52,6,3,14,60,0,1,0,0.5722391605377197,0.5722391605377197,0.4277608394622803,0.5722391605377197,3,1,9,zero_shot_paired
52,7,3,15,60,0,1,0,0.6671104431152344,0.6671104431152344,0.332889586687088,0.6671104431152344,3,1,9,zero_shot_paired
52,8,3,17,60,1,1,1,0.5256826877593994,0.5256826877593994,0.4743173122406006,0.5256826877593994,3,1,9,zero_shot_paired
52,0,3,0,60,1,0,0,0.7012657523155212,0.7012657523155212,0.7012657523155212,0.29873421788215637,3,1,9,post_calibration
52,1,3,4,60,1,1,1,0.6839144825935364,0.6839144825935364,0.316085547208786,0.6839144825935364,3,1,9,post_calibration
52,2,3,6,60,1,1,1,0.7598260045051575,0.7598260045051575,0.24017399549484253,0.7598260045051575,3,1,9,post_calibration
52,3,3,7,60,1,1,1,0.5441239476203918,0.5441239476203918,0.45587602257728577,0.5441239476203918,3,1,9,post_calibration
52,4,3,9,60,1,0,0,0.5850344896316528,0.5850344896316528,0.5850344896316528,0.41496551036834717,3,1,9,post_calibration
52,5,3,11,60,0,1,0,0.6892598271369934,0.6892598271369934,0.3107401132583618,0.6892598271369934,3,1,9,post_calibration
52,6,3,14,60,0,1,0,0.5780165195465088,0.5780165195465088,0.4219835102558136,0.5780165195465088,3,1,9,post_calibration
52,7,3,15,60,0,1,0,0.6706588268280029,0.6706588268280029,0.32934117317199707,0.6706588268280029,3,1,9,post_calibration
52,8,3,17,60,1,1,1,0.541208028793335,0.541208028793335,0.45879197120666504,0.541208028793335,3,1,9,post_calibration
53,0,3,1,60,1,1,1,0.6594942808151245,0.6594942808151245,0.3405057489871979,0.6594942808151245,3,2,9,zero_shot_paired
53,1,3,2,60,1,1,1,0.6648378968238831,0.6648378968238831,0.33516210317611694,0.6648378968238831,3,2,9,zero_shot_paired
53,2,3,3,60,1,1,1,0.6217418909072876,0.6217418909072876,0.3782581090927124,0.6217418909072876,3,2,9,zero_shot_paired
53,3,3,5,60,1,1,1,0.6010814309120178,0.6010814309120178,0.3989185690879822,0.6010814309120178,3,2,9,zero_shot_paired
53,4,3,8,60,1,1,1,0.7829063534736633,0.7829063534736633,0.21709363162517548,0.7829063534736633,3,2,9,zero_shot_paired
53,5,3,10,60,0,0,1,0.7331728339195251,0.7331728339195251,0.7331728339195251,0.26682716608047485,3,2,9,zero_shot_paired
53,6,3,12,60,0,0,1,0.6536349058151245,0.6536349058151245,0.6536349058151245,0.3463651239871979,3,2,9,zero_shot_paired
53,7,3,13,60,0,0,1,0.5457245111465454,0.5457245111465454,0.5457245111465454,0.4542754292488098,3,2,9,zero_shot_paired
53,8,3,16,60,1,1,1,0.5028285384178162,0.5028285384178162,0.49717143177986145,0.5028285384178162,3,2,9,zero_shot_paired
53,0,3,1,60,1,1,1,0.6831866502761841,0.6831866502761841,0.31681331992149353,0.6831866502761841,3,2,9,post_calibration
53,1,3,2,60,1,1,1,0.7011698484420776,0.7011698484420776,0.29883015155792236,0.7011698484420776,3,2,9,post_calibration
53,2,3,3,60,1,1,1,0.6560284495353699,0.6560284495353699,0.3439715802669525,0.6560284495353699,3,2,9,post_calibration
53,3,3,5,60,1,1,1,0.6221329569816589,0.6221329569816589,0.37786704301834106,0.6221329569816589,3,2,9,post_calibration
53,4,3,8,60,1,1,1,0.7887840270996094,0.7887840270996094,0.21121592819690704,0.7887840270996094,3,2,9,post_calibration
53,5,3,10,60,0,0,1,0.7248033285140991,0.7248033285140991,0.7248033285140991,0.2751966714859009,3,2,9,post_calibration
53,6,3,12,60,0,0,1,0.6357561349868774,0.6357561349868774,0.6357561349868774,0.36424383521080017,3,2,9,post_calibration
53,7,3,13,60,0,0,1,0.5206885933876038,0.5206885933876038,0.5206885933876038,0.47931134700775146,3,2,9,post_calibration
53,8,3,16,60,1,1,1,0.5271834135055542,0.5271834135055542,0.4728166162967682,0.5271834135055542,3,2,9,post_calibration
54,0,3,2,60,1,1,1,0.664825975894928,0.664825975894928,0.335174024105072,0.664825975894928,3,1,12,zero_shot_paired
54,1,3,4,60,1,1,1,0.6355883479118347,0.6355883479118347,0.36441171169281006,0.6355883479118347,3,1,12,zero_shot_paired
54,2,3,12,60,0,0,1,0.6536884307861328,0.6536884307861328,0.6536884307861328,0.3463115394115448,3,1,12,zero_shot_paired
54,3,3,14,60,0,1,0,0.5720579624176025,0.5720579624176025,0.4279419779777527,0.5720579624176025,3,1,12,zero_shot_paired
54,4,3,16,60,1,1,1,0.502738893032074,0.502738893032074,0.49726104736328125,0.502738893032074,3,1,12,zero_shot_paired
54,5,3,17,60,1,1,1,0.5258234739303589,0.5258234739303589,0.4741765260696411,0.5258234739303589,3,1,12,zero_shot_paired
54,0,3,2,60,1,1,1,0.7123353481292725,0.7123353481292725,0.28766462206840515,0.7123353481292725,3,1,12,post_calibration
54,1,3,4,60,1,1,1,0.6704414486885071,0.6704414486885071,0.3295585811138153,0.6704414486885071,3,1,12,post_calibration
54,2,3,12,60,0,0,1,0.6394563913345337,0.6394563913345337,0.6394563913345337,0.3605435788631439,3,1,12,post_calibration
54,3,3,14,60,0,1,0,0.5678392648696899,0.5678392648696899,0.43216076493263245,0.5678392648696899,3,1,12,post_calibration
54,4,3,16,60,1,1,1,0.5277804732322693,0.5277804732322693,0.4722194969654083,0.5277804732322693,3,1,12,post_calibration
54,5,3,17,60,1,1,1,0.5434426069259644,0.5434426069259644,0.45655742287635803,0.5434426069259644,3,1,12,post_calibration
55,0,3,0,60,1,0,0,0.7113243937492371,0.7113243937492371,0.7113243937492371,0.28867560625076294,3,2,12,zero_shot_paired
55,1,3,4,60,1,1,1,0.6355883479118347,0.6355883479118347,0.36441171169281006,0.6355883479118347,3,2,12,zero_shot_paired
55,2,3,5,60,1,1,1,0.6010832786560059,0.6010832786560059,0.39891675114631653,0.6010832786560059,3,2,12,zero_shot_paired
55,3,3,7,60,1,1,1,0.5240350365638733,0.5240350365638733,0.4759649336338043,0.5240350365638733,3,2,12,zero_shot_paired
55,4,3,11,60,0,1,0,0.6940548419952393,0.6940548419952393,0.30594512820243835,0.6940548419952393,3,2,12,zero_shot_paired
55,5,3,13,60,0,0,1,0.5457510352134705,0.5457510352134705,0.5457510352134705,0.45424896478652954,3,2,12,zero_shot_paired
55,0,3,0,60,1,0,0,0.6797103881835938,0.6797103881835938,0.6797103881835938,0.3202895522117615,3,2,12,post_calibration
55,1,3,4,60,1,1,1,0.6854183673858643,0.6854183673858643,0.31458163261413574,0.6854183673858643,3,2,12,post_calibration
55,2,3,5,60,1,1,1,0.6331622004508972,0.6331622004508972,0.3668377697467804,0.6331622004508972,3,2,12,post_calibration
55,3,3,7,60,1,1,1,0.5719178915023804,0.5719178915023804,0.42808210849761963,0.5719178915023804,3,2,12,post_calibration
55,4,3,11,60,0,1,0,0.6899963617324829,0.6899963617324829,0.3100036680698395,0.6899963617324829,3,2,12,post_calibration
55,5,3,13,60,0,0,1,0.5230929851531982,0.5230929851531982,0.5230929851531982,0.47690701484680176,3,2,12,post_calibration
56,0,3,2,60,1,1,1,0.664825975894928,0.664825975894928,0.335174024105072,0.664825975894928,3,3,12,zero_shot_paired
56,1,3,7,60,1,1,1,0.5240350365638733,0.5240350365638733,0.4759649336338043,0.5240350365638733,3,3,12,zero_shot_paired
56,2,3,9,60,1,0,0,0.5881778001785278,0.5881778001785278,0.5881778001785278,0.4118221700191498,3,3,12,zero_shot_paired
56,3,3,13,60,0,0,1,0.5457510352134705,0.5457510352134705,0.5457510352134705,0.45424896478652954,3,3,12,zero_shot_paired
56,4,3,14,60,0,1,0,0.5720579624176025,0.5720579624176025,0.4279419779777527,0.5720579624176025,3,3,12,zero_shot_paired
56,5,3,16,60,1,1,1,0.502738893032074,0.502738893032074,0.49726104736328125,0.502738893032074,3,3,12,zero_shot_paired
56,0,3,2,60,1,1,1,0.7168694138526917,0.7168694138526917,0.28313055634498596,0.7168694138526917,3,3,12,post_calibration
56,1,3,7,60,1,1,1,0.5804746747016907,0.5804746747016907,0.4195253252983093,0.5804746747016907,3,3,12,post_calibration
56,2,3,9,60,1,0,0,0.5686759352684021,0.5686759352684021,0.5686759352684021,0.4313240349292755,3,3,12,post_calibration
56,3,3,13,60,0,0,1,0.5273507833480835,0.5273507833480835,0.5273507833480835,0.4726492464542389,3,3,12,post_calibration
56,4,3,14,60,0,1,0,0.5828973650932312,0.5828973650932312,0.4171026647090912,0.5828973650932312,3,3,12,post_calibration
56,5,3,16,60,1,1,1,0.5272670388221741,0.5272670388221741,0.47273290157318115,0.5272670388221741,3,3,12,post_calibration
5,0,4,0,60,0,0,1,0.513512134552002,0.513512134552002,0.513512134552002,0.48648783564567566,4,,,zero_shot_all_trials
5,1,4,1,60,1,1,1,0.6698241233825684,0.6698241233825684,0.33017584681510925,0.6698241233825684,4,,,zero_shot_all_trials
5,2,4,2,60,1,1,1,0.7213155031204224,0.7213155031204224,0.27868446707725525,0.7213155031204224,4,,,zero_shot_all_trials
5,3,4,3,60,1,0,0,0.621761679649353,0.621761679649353,0.621761679649353,0.37823837995529175,4,,,zero_shot_all_trials
5,4,4,4,60,1,1,1,0.5496387481689453,0.5496387481689453,0.4503612518310547,0.5496387481689453,4,,,zero_shot_all_trials
5,5,4,5,60,1,0,0,0.5871850848197937,0.5871850848197937,0.5871850848197937,0.4128149449825287,4,,,zero_shot_all_trials
5,6,4,6,60,1,1,1,0.6315250396728516,0.6315250396728516,0.36847490072250366,0.6315250396728516,4,,,zero_shot_all_trials
5,7,4,7,60,1,1,1,0.6814402937889099,0.6814402937889099,0.3185596764087677,0.6814402937889099,4,,,zero_shot_all_trials
5,8,4,8,60,0,0,1,0.5981636643409729,0.5981636643409729,0.5981636643409729,0.4018363654613495,4,,,zero_shot_all_trials
5,9,4,9,60,1,1,1,0.6044901013374329,0.6044901013374329,0.39550986886024475,0.6044901013374329,4,,,zero_shot_all_trials
5,10,4,10,60,0,1,0,0.7146233916282654,0.7146233916282654,0.2853766083717346,0.7146233916282654,4,,,zero_shot_all_trials
5,11,4,11,60,0,1,0,0.6161962747573853,0.6161962747573853,0.38380366563796997,0.6161962747573853,4,,,zero_shot_all_trials
5,12,4,12,60,1,1,1,0.6531372666358948,0.6531372666358948,0.34686270356178284,0.6531372666358948,4,,,zero_shot_all_trials
5,13,4,13,60,0,1,0,0.6662559509277344,0.6662559509277344,0.3337440490722656,0.6662559509277344,4,,,zero_shot_all_trials
5,14,4,14,60,1,0,0,0.6242291331291199,0.6242291331291199,0.6242291331291199,0.3757708966732025,4,,,zero_shot_all_trials
5,15,4,15,60,1,1,1,0.6360299587249756,0.6360299587249756,0.3639700412750244,0.6360299587249756,4,,,zero_shot_all_trials
5,16,4,16,60,1,1,1,0.7446302175521851,0.7446302175521851,0.25536978244781494,0.7446302175521851,4,,,zero_shot_all_trials
5,17,4,17,60,1,0,0,0.5056703090667725,0.5056703090667725,0.5056703090667725,0.49432969093322754,4,,,zero_shot_all_trials
57,0,4,0,60,0,0,1,0.5135141015052795,0.5135141015052795,0.5135141015052795,0.48648589849472046,4,1,3,zero_shot_paired
57,1,4,1,60,1,1,1,0.6698224544525146,0.6698224544525146,0.33017754554748535,0.6698224544525146,4,1,3,zero_shot_paired
57,2,4,2,60,1,1,1,0.7212971448898315,0.7212971448898315,0.27870288491249084,0.7212971448898315,4,1,3,zero_shot_paired
57,3,4,3,60,1,0,0,0.6217688322067261,0.6217688322067261,0.6217688322067261,0.3782311975955963,4,1,3,zero_shot_paired
57,4,4,4,60,1,1,1,0.5496330857276917,0.5496330857276917,0.45036691427230835,0.5496330857276917,4,1,3,zero_shot_paired
57,5,4,5,60,1,0,0,0.5871887803077698,0.5871887803077698,0.5871887803077698,0.41281118988990784,4,1,3,zero_shot_paired
57,6,4,7,60,1,1,1,0.681438684463501,0.681438684463501,0.318561315536499,0.681438684463501,4,1,3,zero_shot_paired
57,7,4,8,60,0,0,1,0.5981727838516235,0.5981727838516235,0.5981727838516235,0.4018271565437317,4,1,3,zero_shot_paired
57,8,4,9,60,1,1,1,0.6044919490814209,0.6044919490814209,0.3955080509185791,0.6044919490814209,4,1,3,zero_shot_paired
57,9,4,10,60,0,1,0,0.7146015763282776,0.7146015763282776,0.2853984236717224,0.7146015763282776,4,1,3,zero_shot_paired
57,10,4,11,60,0,1,0,0.6161962747573853,0.6161962747573853,0.38380366563796997,0.6161962747573853,4,1,3,zero_shot_paired
57,11,4,14,60,1,0,0,0.6242273449897766,0.6242273449897766,0.6242273449897766,0.3757726848125458,4,1,3,zero_shot_paired
57,12,4,15,60,1,1,1,0.6360299587249756,0.6360299587249756,0.3639700412750244,0.6360299587249756,4,1,3,zero_shot_paired
57,13,4,16,60,1,1,1,0.7446244359016418,0.7446244359016418,0.25537559390068054,0.7446244359016418,4,1,3,zero_shot_paired
57,14,4,17,60,1,0,0,0.5056703090667725,0.5056703090667725,0.5056703090667725,0.49432969093322754,4,1,3,zero_shot_paired
57,0,4,0,60,0,1,0,0.5155322551727295,0.5155322551727295,0.4844677150249481,0.5155322551727295,4,1,3,post_calibration
57,1,4,1,60,1,1,1,0.6667443513870239,0.6667443513870239,0.33325567841529846,0.6667443513870239,4,1,3,post_calibration
57,2,4,2,60,1,1,1,0.747639000415802,0.747639000415802,0.252360999584198,0.747639000415802,4,1,3,post_calibration
57,3,4,3,60,1,0,0,0.5792683959007263,0.5792683959007263,0.5792683959007263,0.4207316040992737,4,1,3,post_calibration
57,4,4,4,60,1,1,1,0.562223494052887,0.562223494052887,0.4377765357494354,0.562223494052887,4,1,3,post_calibration
57,5,4,5,60,1,0,0,0.5681201219558716,0.5681201219558716,0.5681201219558716,0.4318799376487732,4,1,3,post_calibration
57,6,4,7,60,1,1,1,0.6933172941207886,0.6933172941207886,0.3066827356815338,0.6933172941207886,4,1,3,post_calibration
57,7,4,8,60,0,0,1,0.5659623146057129,0.5659623146057129,0.5659623146057129,0.4340376853942871,4,1,3,post_calibration
57,8,4,9,60,1,1,1,0.5810245275497437,0.5810245275497437,0.41897547245025635,0.5810245275497437,4,1,3,post_calibration
57,9,4,10,60,0,1,0,0.7359649538993835,0.7359649538993835,0.26403501629829407,0.7359649538993835,4,1,3,post_calibration
57,10,4,11,60,0,1,0,0.6402369737625122,0.6402369737625122,0.359762966632843,0.6402369737625122,4,1,3,post_calibration
57,11,4,14,60,1,0,0,0.6253755688667297,0.6253755688667297,0.6253755688667297,0.37462446093559265,4,1,3,post_calibration
57,12,4,15,60,1,1,1,0.6485515832901001,0.6485515832901001,0.3514484167098999,0.6485515832901001,4,1,3,post_calibration
57,13,4,16,60,1,1,1,0.7451927065849304,0.7451927065849304,0.2548072934150696,0.7451927065849304,4,1,3,post_calibration
57,14,4,17,60,1,0,0,0.5225638747215271,0.5225638747215271,0.5225638747215271,0.4774361252784729,4,1,3,post_calibration
58,0,4,0,60,0,0,1,0.5135102868080139,0.5135102868080139,0.5135102868080139,0.4864897131919861,4,2,3,zero_shot_paired
58,1,4,1,60,1,1,1,0.6698106527328491,0.6698106527328491,0.3301893472671509,0.6698106527328491,4,2,3,zero_shot_paired
58,2,4,2,60,1,1,1,0.7212848663330078,0.7212848663330078,0.2787151634693146,0.7212848663330078,4,2,3,zero_shot_paired
58,3,4,3,60,1,0,0,0.6217652559280396,0.6217652559280396,0.6217652559280396,0.3782348036766052,4,2,3,zero_shot_paired
58,4,4,5,60,1,0,0,0.5871776342391968,0.5871776342391968,0.5871776342391968,0.41282233595848083,4,2,3,zero_shot_paired
58,5,4,6,60,1,1,1,0.6315357089042664,0.6315357089042664,0.36846429109573364,0.6315357089042664,4,2,3,zero_shot_paired
58,6,4,7,60,1,1,1,0.681438684463501,0.681438684463501,0.318561315536499,0.681438684463501,4,2,3,zero_shot_paired
58,7,4,8,60,0,0,1,0.5981764793395996,0.5981764793395996,0.5981764793395996,0.401823490858078,4,2,3,zero_shot_paired
58,8,4,9,60,1,1,1,0.6044955849647522,0.6044955849647522,0.3955043852329254,0.6044955849647522,4,2,3,zero_shot_paired
58,9,4,10,60,0,1,0,0.714595377445221,0.714595377445221,0.28540465235710144,0.714595377445221,4,2,3,zero_shot_paired
58,10,4,12,60,1,1,1,0.6531338095664978,0.6531338095664978,0.3468661606311798,0.6531338095664978,4,2,3,zero_shot_paired
58,11,4,13,60,0,1,0,0.666262686252594,0.666262686252594,0.3337372839450836,0.666262686252594,4,2,3,zero_shot_paired
58,12,4,14,60,1,0,0,0.6242327094078064,0.6242327094078064,0.6242327094078064,0.375767320394516,4,2,3,zero_shot_paired
58,13,4,15,60,1,1,1,0.636021077632904,0.636021077632904,0.36397889256477356,0.636021077632904,4,2,3,zero_shot_paired
58,14,4,16,60,1,1,1,0.7446272969245911,0.7446272969245911,0.25537267327308655,0.7446272969245911,4,2,3,zero_shot_paired
58,0,4,0,60,0,0,1,0.5160162448883057,0.5160162448883057,0.5160162448883057,0.4839837849140167,4,2,3,post_calibration
58,1,4,1,60,1,1,1,0.6819485425949097,0.6819485425949097,0.31805142760276794,0.6819485425949097,4,2,3,post_calibration
58,2,4,2,60,1,1,1,0.7376058101654053,0.7376058101654053,0.26239416003227234,0.7376058101654053,4,2,3,post_calibration
58,3,4,3,60,1,0,0,0.6140541434288025,0.6140541434288025,0.6140541434288025,0.3859458863735199,4,2,3,post_calibration
58,4,4,5,60,1,0,0,0.5730326771736145,0.5730326771736145,0.5730326771736145,0.4269672930240631,4,2,3,post_calibration
58,5,4,6,60,1,1,1,0.6422624588012695,0.6422624588012695,0.35773754119873047,0.6422624588012695,4,2,3,post_calibration
58,6,4,7,60,1,1,1,0.7031976580619812,0.7031976580619812,0.2968023121356964,0.7031976580619812,4,2,3,post_calibration
58,7,4,8,60,0,0,1,0.5709893107414246,0.5709893107414246,0.5709893107414246,0.42901068925857544,4,2,3,post_calibration
58,8,4,9,60,1,1,1,0.6262098550796509,0.6262098550796509,0.37379011511802673,0.6262098550796509,4,2,3,post_calibration
58,9,4,10,60,0,1,0,0.722109317779541,0.722109317779541,0.27789074182510376,0.722109317779541,4,2,3,post_calibration
58,10,4,12,60,1,1,1,0.6592354774475098,0.6592354774475098,0.34076449275016785,0.6592354774475098,4,2,3,post_calibration
58,11,4,13,60,0,1,0,0.6932166814804077,0.6932166814804077,0.30678337812423706,0.6932166814804077,4,2,3,post_calibration
58,12,4,14,60,1,0,0,0.6088775396347046,0.6088775396347046,0.6088775396347046,0.3911224603652954,4,2,3,post_calibration
58,13,4,15,60,1,1,1,0.641664445400238,0.641664445400238,0.3583355247974396,0.641664445400238,4,2,3,post_calibration
58,14,4,16,60,1,1,1,0.7445750832557678,0.7445750832557678,0.2554249167442322,0.7445750832557678,4,2,3,post_calibration
59,0,4,2,60,1,1,1,0.7212848663330078,0.7212848663330078,0.2787151634693146,0.7212848663330078,4,3,3,zero_shot_paired
59,1,4,3,60,1,0,0,0.6217652559280396,0.6217652559280396,0.6217652559280396,0.3782348036766052,4,3,3,zero_shot_paired
59,2,4,4,60,1,1,1,0.5496349930763245,0.5496349930763245,0.4503650367259979,0.5496349930763245,4,3,3,zero_shot_paired
59,3,4,6,60,1,1,1,0.6315357089042664,0.6315357089042664,0.36846429109573364,0.6315357089042664,4,3,3,zero_shot_paired
59,4,4,7,60,1,1,1,0.681438684463501,0.681438684463501,0.318561315536499,0.681438684463501,4,3,3,zero_shot_paired
59,5,4,8,60,0,0,1,0.5981764793395996,0.5981764793395996,0.5981764793395996,0.401823490858078,4,3,3,zero_shot_paired
59,6,4,9,60,1,1,1,0.6044955849647522,0.6044955849647522,0.3955043852329254,0.6044955849647522,4,3,3,zero_shot_paired
59,7,4,10,60,0,1,0,0.714595377445221,0.714595377445221,0.28540465235710144,0.714595377445221,4,3,3,zero_shot_paired
59,8,4,11,60,0,1,0,0.6161981225013733,0.6161981225013733,0.3838018476963043,0.6161981225013733,4,3,3,zero_shot_paired
59,9,4,12,60,1,1,1,0.6531338095664978,0.6531338095664978,0.3468661606311798,0.6531338095664978,4,3,3,zero_shot_paired
59,10,4,13,60,0,1,0,0.666262686252594,0.666262686252594,0.3337372839450836,0.666262686252594,4,3,3,zero_shot_paired
59,11,4,14,60,1,0,0,0.6242327094078064,0.6242327094078064,0.6242327094078064,0.375767320394516,4,3,3,zero_shot_paired
59,12,4,15,60,1,1,1,0.636021077632904,0.636021077632904,0.36397889256477356,0.636021077632904,4,3,3,zero_shot_paired
59,13,4,16,60,1,1,1,0.7446272969245911,0.7446272969245911,0.25537267327308655,0.7446272969245911,4,3,3,zero_shot_paired
59,14,4,17,60,1,0,0,0.5056664943695068,0.5056664943695068,0.5056664943695068,0.49433350563049316,4,3,3,zero_shot_paired
59,0,4,2,60,1,1,1,0.7262178659439087,0.7262178659439087,0.2737821638584137,0.7262178659439087,4,3,3,post_calibration
59,1,4,3,60,1,0,0,0.6020615696907043,0.6020615696907043,0.6020615696907043,0.39793840050697327,4,3,3,post_calibration
59,2,4,4,60,1,1,1,0.5615398287773132,0.5615398287773132,0.43846017122268677,0.5615398287773132,4,3,3,post_calibration
59,3,4,6,60,1,1,1,0.6385236382484436,0.6385236382484436,0.361476331949234,0.6385236382484436,4,3,3,post_calibration
59,4,4,7,60,1,1,1,0.6862665414810181,0.6862665414810181,0.31373339891433716,0.6862665414810181,4,3,3,post_calibration
59,5,4,8,60,0,0,1,0.5752133727073669,0.5752133727073669,0.5752133727073669,0.42478662729263306,4,3,3,post_calibration
59,6,4,9,60,1,1,1,0.6118857860565186,0.6118857860565186,0.38811424374580383,0.6118857860565186,4,3,3,post_calibration
59,7,4,10,60,0,1,0,0.7106926441192627,0.7106926441192627,0.2893073856830597,0.7106926441192627,4,3,3,post_calibration
59,8,4,11,60,0,1,0,0.6147356033325195,0.6147356033325195,0.38526445627212524,0.6147356033325195,4,3,3,post_calibration
59,9,4,12,60,1,1,1,0.6518276929855347,0.6518276929855347,0.34817230701446533,0.6518276929855347,4,3,3,post_calibration
59,10,4,13,60,0,1,0,0.673530638217926,0.673530638217926,0.326469361782074,0.673530638217926,4,3,3,post_calibration
59,11,4,14,60,1,0,0,0.6252629160881042,0.6252629160881042,0.6252629160881042,0.37473708391189575,4,3,3,post_calibration
59,12,4,15,60,1,1,1,0.632823646068573,0.632823646068573,0.3671763241291046,0.632823646068573,4,3,3,post_calibration
59,13,4,16,60,1,1,1,0.7422612309455872,0.7422612309455872,0.25773879885673523,0.7422612309455872,4,3,3,post_calibration
59,14,4,17,60,1,0,0,0.5120139718055725,0.5120139718055725,0.5120139718055725,0.4879860281944275,4,3,3,post_calibration
60,0,4,0,60,0,0,1,0.5135102868080139,0.5135102868080139,0.5135102868080139,0.4864897131919861,4,4,3,zero_shot_paired
60,1,4,1,60,1,1,1,0.6698106527328491,0.6698106527328491,0.3301893472671509,0.6698106527328491,4,4,3,zero_shot_paired
60,2,4,3,60,1,0,0,0.6217652559280396,0.6217652559280396,0.6217652559280396,0.3782348036766052,4,4,3,zero_shot_paired
60,3,4,4,60,1,1,1,0.5496349930763245,0.5496349930763245,0.4503650367259979,0.5496349930763245,4,4,3,zero_shot_paired
60,4,4,5,60,1,0,0,0.5871776342391968,0.5871776342391968,0.5871776342391968,0.41282233595848083,4,4,3,zero_shot_paired
60,5,4,6,60,1,1,1,0.6315357089042664,0.6315357089042664,0.36846429109573364,0.6315357089042664,4,4,3,zero_shot_paired
60,6,4,7,60,1,1,1,0.681438684463501,0.681438684463501,0.318561315536499,0.681438684463501,4,4,3,zero_shot_paired
60,7,4,9,60,1,1,1,0.6044955849647522,0.6044955849647522,0.3955043852329254,0.6044955849647522,4,4,3,zero_shot_paired
60,8,4,10,60,0,1,0,0.714595377445221,0.714595377445221,0.28540465235710144,0.714595377445221,4,4,3,zero_shot_paired
60,9,4,11,60,0,1,0,0.6161981225013733,0.6161981225013733,0.3838018476963043,0.6161981225013733,4,4,3,zero_shot_paired
60,10,4,12,60,1,1,1,0.6531338095664978,0.6531338095664978,0.3468661606311798,0.6531338095664978,4,4,3,zero_shot_paired
60,11,4,13,60,0,1,0,0.666262686252594,0.666262686252594,0.3337372839450836,0.666262686252594,4,4,3,zero_shot_paired
60,12,4,15,60,1,1,1,0.636021077632904,0.636021077632904,0.36397889256477356,0.636021077632904,4,4,3,zero_shot_paired
60,13,4,16,60,1,1,1,0.7446272969245911,0.7446272969245911,0.25537267327308655,0.7446272969245911,4,4,3,zero_shot_paired
60,14,4,17,60,1,0,0,0.5056664943695068,0.5056664943695068,0.5056664943695068,0.49433350563049316,4,4,3,zero_shot_paired
60,0,4,0,60,0,0,1,0.5116708874702454,0.5116708874702454,0.5116708874702454,0.488329142332077,4,4,3,post_calibration
60,1,4,1,60,1,1,1,0.6651115417480469,0.6651115417480469,0.3348884880542755,0.6651115417480469,4,4,3,post_calibration
60,2,4,3,60,1,0,0,0.6296821236610413,0.6296821236610413,0.6296821236610413,0.37031790614128113,4,4,3,post_calibration
60,3,4,4,60,1,1,1,0.5412573218345642,0.5412573218345642,0.4587426781654358,0.5412573218345642,4,4,3,post_calibration
60,4,4,5,60,1,0,0,0.6042967438697815,0.6042967438697815,0.6042967438697815,0.3957032263278961,4,4,3,post_calibration
60,5,4,6,60,1,1,1,0.6283842325210571,0.6283842325210571,0.3716157376766205,0.6283842325210571,4,4,3,post_calibration
60,6,4,7,60,1,1,1,0.6711810231208801,0.6711810231208801,0.3288189768791199,0.6711810231208801,4,4,3,post_calibration
60,7,4,9,60,1,1,1,0.6047180891036987,0.6047180891036987,0.3952818810939789,0.6047180891036987,4,4,3,post_calibration
60,8,4,10,60,0,1,0,0.7109184265136719,0.7109184265136719,0.28908154368400574,0.7109184265136719,4,4,3,post_calibration
60,9,4,11,60,0,1,0,0.6193561553955078,0.6193561553955078,0.3806438148021698,0.6193561553955078,4,4,3,post_calibration
60,10,4,12,60,1,1,1,0.6505383849143982,0.6505383849143982,0.3494616448879242,0.6505383849143982,4,4,3,post_calibration
60,11,4,13,60,0,1,0,0.666103184223175,0.666103184223175,0.3338967561721802,0.666103184223175,4,4,3,post_calibration
60,12,4,15,60,1,1,1,0.6360493898391724,0.6360493898391724,0.36395061016082764,0.6360493898391724,4,4,3,post_calibration
60,13,4,16,60,1,1,1,0.7430077195167542,0.7430077195167542,0.2569922208786011,0.7430077195167542,4,4,3,post_calibration
60,14,4,17,60,1,0,0,0.5021247863769531,0.5021247863769531,0.5021247863769531,0.4978752136230469,4,4,3,post_calibration
61,0,4,0,60,0,0,1,0.5135102868080139,0.5135102868080139,0.5135102868080139,0.4864897131919861,4,5,3,zero_shot_paired
61,1,4,1,60,1,1,1,0.6698106527328491,0.6698106527328491,0.3301893472671509,0.6698106527328491,4,5,3,zero_shot_paired
61,2,4,2,60,1,1,1,0.7212848663330078,0.7212848663330078,0.2787151634693146,0.7212848663330078,4,5,3,zero_shot_paired
61,3,4,3,60,1,0,0,0.6217652559280396,0.6217652559280396,0.6217652559280396,0.3782348036766052,4,5,3,zero_shot_paired
61,4,4,4,60,1,1,1,0.5496349930763245,0.5496349930763245,0.4503650367259979,0.5496349930763245,4,5,3,zero_shot_paired
61,5,4,5,60,1,0,0,0.5871776342391968,0.5871776342391968,0.5871776342391968,0.41282233595848083,4,5,3,zero_shot_paired
61,6,4,6,60,1,1,1,0.6315357089042664,0.6315357089042664,0.36846429109573364,0.6315357089042664,4,5,3,zero_shot_paired
61,7,4,8,60,0,0,1,0.5981764793395996,0.5981764793395996,0.5981764793395996,0.401823490858078,4,5,3,zero_shot_paired
61,8,4,10,60,0,1,0,0.714595377445221,0.714595377445221,0.28540465235710144,0.714595377445221,4,5,3,zero_shot_paired
61,9,4,11,60,0,1,0,0.6161981225013733,0.6161981225013733,0.3838018476963043,0.6161981225013733,4,5,3,zero_shot_paired
61,10,4,12,60,1,1,1,0.6531338095664978,0.6531338095664978,0.3468661606311798,0.6531338095664978,4,5,3,zero_shot_paired
61,11,4,13,60,0,1,0,0.666262686252594,0.666262686252594,0.3337372839450836,0.666262686252594,4,5,3,zero_shot_paired
61,12,4,14,60,1,0,0,0.6242327094078064,0.6242327094078064,0.6242327094078064,0.375767320394516,4,5,3,zero_shot_paired
61,13,4,15,60,1,1,1,0.636021077632904,0.636021077632904,0.36397889256477356,0.636021077632904,4,5,3,zero_shot_paired
61,14,4,17,60,1,0,0,0.5056664943695068,0.5056664943695068,0.5056664943695068,0.49433350563049316,4,5,3,zero_shot_paired
61,0,4,0,60,0,0,1,0.5071749687194824,0.5071749687194824,0.5071749687194824,0.49282506108283997,4,5,3,post_calibration
61,1,4,1,60,1,1,1,0.684039831161499,0.684039831161499,0.31596019864082336,0.684039831161499,4,5,3,post_calibration
61,2,4,2,60,1,1,1,0.7335144877433777,0.7335144877433777,0.2664854824542999,0.7335144877433777,4,5,3,post_calibration
61,3,4,3,60,1,0,0,0.5891033411026001,0.5891033411026001,0.5891033411026001,0.4108966290950775,4,5,3,post_calibration
61,4,4,4,60,1,1,1,0.5636932253837585,0.5636932253837585,0.43630677461624146,0.5636932253837585,4,5,3,post_calibration
61,5,4,5,60,1,0,0,0.5593483448028564,0.5593483448028564,0.5593483448028564,0.44065165519714355,4,5,3,post_calibration
61,6,4,6,60,1,1,1,0.6568096280097961,0.6568096280097961,0.34319037199020386,0.6568096280097961,4,5,3,post_calibration
61,7,4,8,60,0,0,1,0.5666462182998657,0.5666462182998657,0.5666462182998657,0.4333537518978119,4,5,3,post_calibration
61,8,4,10,60,0,1,0,0.7213752865791321,0.7213752865791321,0.27862465381622314,0.7213752865791321,4,5,3,post_calibration
61,9,4,11,60,0,1,0,0.6226601004600525,0.6226601004600525,0.3773398995399475,0.6226601004600525,4,5,3,post_calibration
61,10,4,12,60,1,1,1,0.6739381551742554,0.6739381551742554,0.32606184482574463,0.6739381551742554,4,5,3,post_calibration
61,11,4,13,60,0,1,0,0.6885092854499817,0.6885092854499817,0.3114906847476959,0.6885092854499817,4,5,3,post_calibration
61,12,4,14,60,1,0,0,0.6142602562904358,0.6142602562904358,0.6142602562904358,0.3857397437095642,4,5,3,post_calibration
61,13,4,15,60,1,1,1,0.641678512096405,0.641678512096405,0.3583214581012726,0.641678512096405,4,5,3,post_calibration
61,14,4,17,60,1,1,1,0.5060002207756042,0.5060002207756042,0.49399977922439575,0.5060002207756042,4,5,3,post_calibration
62,0,4,0,60,0,0,1,0.5135102868080139,0.5135102868080139,0.5135102868080139,0.4864897131919861,4,6,3,zero_shot_paired
62,1,4,1,60,1,1,1,0.6698106527328491,0.6698106527328491,0.3301893472671509,0.6698106527328491,4,6,3,zero_shot_paired
62,2,4,2,60,1,1,1,0.7212848663330078,0.7212848663330078,0.2787151634693146,0.7212848663330078,4,6,3,zero_shot_paired
62,3,4,4,60,1,1,1,0.5496349930763245,0.5496349930763245,0.4503650367259979,0.5496349930763245,4,6,3,zero_shot_paired
62,4,4,5,60,1,0,0,0.5871776342391968,0.5871776342391968,0.5871776342391968,0.41282233595848083,4,6,3,zero_shot_paired
62,5,4,6,60,1,1,1,0.6315357089042664,0.6315357089042664,0.36846429109573364,0.6315357089042664,4,6,3,zero_shot_paired
62,6,4,7,60,1,1,1,0.681438684463501,0.681438684463501,0.318561315536499,0.681438684463501,4,6,3,zero_shot_paired
62,7,4,8,60,0,0,1,0.5981764793395996,0.5981764793395996,0.5981764793395996,0.401823490858078,4,6,3,zero_shot_paired
62,8,4,9,60,1,1,1,0.6044955849647522,0.6044955849647522,0.3955043852329254,0.6044955849647522,4,6,3,zero_shot_paired
62,9,4,11,60,0,1,0,0.6161981225013733,0.6161981225013733,0.3838018476963043,0.6161981225013733,4,6,3,zero_shot_paired
62,10,4,12,60,1,1,1,0.6531338095664978,0.6531338095664978,0.3468661606311798,0.6531338095664978,4,6,3,zero_shot_paired
62,11,4,13,60,0,1,0,0.666262686252594,0.666262686252594,0.3337372839450836,0.666262686252594,4,6,3,zero_shot_paired
62,12,4,14,60,1,0,0,0.6242327094078064,0.6242327094078064,0.6242327094078064,0.375767320394516,4,6,3,zero_shot_paired
62,13,4,16,60,1,1,1,0.7446272969245911,0.7446272969245911,0.25537267327308655,0.7446272969245911,4,6,3,zero_shot_paired
62,14,4,17,60,1,0,0,0.5056664943695068,0.5056664943695068,0.5056664943695068,0.49433350563049316,4,6,3,zero_shot_paired
62,0,4,0,60,0,0,1,0.5174604058265686,0.5174604058265686,0.5174604058265686,0.4825395941734314,4,6,3,post_calibration
62,1,4,1,60,1,1,1,0.6749985814094543,0.6749985814094543,0.32500147819519043,0.6749985814094543,4,6,3,post_calibration
62,2,4,2,60,1,1,1,0.7328308820724487,0.7328308820724487,0.2671690881252289,0.7328308820724487,4,6,3,post_calibration
62,3,4,4,60,1,1,1,0.5520737171173096,0.5520737171173096,0.44792622327804565,0.5520737171173096,4,6,3,post_calibration
62,4,4,5,60,1,0,0,0.571647047996521,0.571647047996521,0.571647047996521,0.4283529222011566,4,6,3,post_calibration
62,5,4,6,60,1,1,1,0.6457868218421936,0.6457868218421936,0.354213148355484,0.6457868218421936,4,6,3,post_calibration
62,6,4,7,60,1,1,1,0.6945455074310303,0.6945455074310303,0.3054544925689697,0.6945455074310303,4,6,3,post_calibration
62,7,4,8,60,0,0,1,0.5841841101646423,0.5841841101646423,0.5841841101646423,0.41581591963768005,4,6,3,post_calibration
62,8,4,9,60,1,1,1,0.613431990146637,0.613431990146637,0.3865680396556854,0.613431990146637,4,6,3,post_calibration
62,9,4,11,60,0,1,0,0.6218154430389404,0.6218154430389404,0.37818455696105957,0.6218154430389404,4,6,3,post_calibration
62,10,4,12,60,1,1,1,0.6541425585746765,0.6541425585746765,0.3458574712276459,0.6541425585746765,4,6,3,post_calibration
62,11,4,13,60,0,1,0,0.674328625202179,0.674328625202179,0.32567131519317627,0.674328625202179,4,6,3,post_calibration
62,12,4,14,60,1,0,0,0.6246638894081116,0.6246638894081116,0.6246638894081116,0.3753361403942108,4,6,3,post_calibration
62,13,4,16,60,1,1,1,0.7455503940582275,0.7455503940582275,0.25444963574409485,0.7455503940582275,4,6,3,post_calibration
62,14,4,17,60,1,0,0,0.5077889561653137,0.5077889561653137,0.5077889561653137,0.4922110140323639,4,6,3,post_calibration
63,0,4,0,60,0,0,1,0.5135102868080139,0.5135102868080139,0.5135102868080139,0.4864897131919861,4,1,6,zero_shot_paired
63,1,4,1,60,1,1,1,0.6698106527328491,0.6698106527328491,0.3301893472671509,0.6698106527328491,4,1,6,zero_shot_paired
63,2,4,2,60,1,1,1,0.7212848663330078,0.7212848663330078,0.2787151634693146,0.7212848663330078,4,1,6,zero_shot_paired
63,3,4,3,60,1,0,0,0.6217652559280396,0.6217652559280396,0.6217652559280396,0.3782348036766052,4,1,6,zero_shot_paired
63,4,4,5,60,1,0,0,0.5871776342391968,0.5871776342391968,0.5871776342391968,0.41282233595848083,4,1,6,zero_shot_paired
63,5,4,7,60,1,1,1,0.681438684463501,0.681438684463501,0.318561315536499,0.681438684463501,4,1,6,zero_shot_paired
63,6,4,8,60,0,0,1,0.5981764793395996,0.5981764793395996,0.5981764793395996,0.401823490858078,4,1,6,zero_shot_paired
63,7,4,10,60,0,1,0,0.714595377445221,0.714595377445221,0.28540465235710144,0.714595377445221,4,1,6,zero_shot_paired
63,8,4,12,60,1,1,1,0.6531338095664978,0.6531338095664978,0.3468661606311798,0.6531338095664978,4,1,6,zero_shot_paired
63,9,4,14,60,1,0,0,0.6242327094078064,0.6242327094078064,0.6242327094078064,0.375767320394516,4,1,6,zero_shot_paired
63,10,4,15,60,1,1,1,0.636021077632904,0.636021077632904,0.36397889256477356,0.636021077632904,4,1,6,zero_shot_paired
63,11,4,17,60,1,0,0,0.5056664943695068,0.5056664943695068,0.5056664943695068,0.49433350563049316,4,1,6,zero_shot_paired
63,0,4,0,60,0,0,1,0.5114516615867615,0.5114516615867615,0.5114516615867615,0.4885483682155609,4,1,6,post_calibration
63,1,4,1,60,1,1,1,0.6717330813407898,0.6717330813407898,0.328266978263855,0.6717330813407898,4,1,6,post_calibration
63,2,4,2,60,1,1,1,0.7479397654533386,0.7479397654533386,0.25206029415130615,0.7479397654533386,4,1,6,post_calibration
63,3,4,3,60,1,0,0,0.596062183380127,0.596062183380127,0.596062183380127,0.4039378762245178,4,1,6,post_calibration
63,4,4,5,60,1,0,0,0.5697703957557678,0.5697703957557678,0.5697703957557678,0.4302296042442322,4,1,6,post_calibration
63,5,4,7,60,1,1,1,0.7046843767166138,0.7046843767166138,0.29531562328338623,0.7046843767166138,4,1,6,post_calibration
63,6,4,8,60,0,0,1,0.5610250234603882,0.5610250234603882,0.5610250234603882,0.43897494673728943,4,1,6,post_calibration
63,7,4,10,60,0,1,0,0.7289036512374878,0.7289036512374878,0.2710963785648346,0.7289036512374878,4,1,6,post_calibration
63,8,4,12,60,1,1,1,0.6609712243080139,0.6609712243080139,0.3390287756919861,0.6609712243080139,4,1,6,post_calibration
63,9,4,14,60,1,0,0,0.6271327137947083,0.6271327137947083,0.6271327137947083,0.37286728620529175,4,1,6,post_calibration
63,10,4,15,60,1,1,1,0.6492520570755005,0.6492520570755005,0.3507479429244995,0.6492520570755005,4,1,6,post_calibration
63,11,4,17,60,1,0,0,0.5105441808700562,0.5105441808700562,0.5105441808700562,0.48945581912994385,4,1,6,post_calibration
64,0,4,1,60,1,1,1,0.6698106527328491,0.6698106527328491,0.3301893472671509,0.6698106527328491,4,2,6,zero_shot_paired
64,1,4,3,60,1,0,0,0.6217652559280396,0.6217652559280396,0.6217652559280396,0.3782348036766052,4,2,6,zero_shot_paired
64,2,4,4,60,1,1,1,0.5496349930763245,0.5496349930763245,0.4503650367259979,0.5496349930763245,4,2,6,zero_shot_paired
64,3,4,6,60,1,1,1,0.6315357089042664,0.6315357089042664,0.36846429109573364,0.6315357089042664,4,2,6,zero_shot_paired
64,4,4,8,60,0,0,1,0.5981764793395996,0.5981764793395996,0.5981764793395996,0.401823490858078,4,2,6,zero_shot_paired
64,5,4,9,60,1,1,1,0.6044955849647522,0.6044955849647522,0.3955043852329254,0.6044955849647522,4,2,6,zero_shot_paired
64,6,4,11,60,0,1,0,0.6161981225013733,0.6161981225013733,0.3838018476963043,0.6161981225013733,4,2,6,zero_shot_paired
64,7,4,12,60,1,1,1,0.6531338095664978,0.6531338095664978,0.3468661606311798,0.6531338095664978,4,2,6,zero_shot_paired
64,8,4,13,60,0,1,0,0.666262686252594,0.666262686252594,0.3337372839450836,0.666262686252594,4,2,6,zero_shot_paired
64,9,4,15,60,1,1,1,0.636021077632904,0.636021077632904,0.36397889256477356,0.636021077632904,4,2,6,zero_shot_paired
64,10,4,16,60,1,1,1,0.7446272969245911,0.7446272969245911,0.25537267327308655,0.7446272969245911,4,2,6,zero_shot_paired
64,11,4,17,60,1,0,0,0.5056664943695068,0.5056664943695068,0.5056664943695068,0.49433350563049316,4,2,6,zero_shot_paired
64,0,4,1,60,1,1,1,0.7015709280967712,0.7015709280967712,0.29842904210090637,0.7015709280967712,4,2,6,post_calibration
64,1,4,3,60,1,0,0,0.560656726360321,0.560656726360321,0.560656726360321,0.43934324383735657,4,2,6,post_calibration
64,2,4,4,60,1,1,1,0.5834333300590515,0.5834333300590515,0.4165666699409485,0.5834333300590515,4,2,6,post_calibration
64,3,4,6,60,1,1,1,0.6777240633964539,0.6777240633964539,0.3222759962081909,0.6777240633964539,4,2,6,post_calibration
64,4,4,8,60,0,0,1,0.5339822769165039,0.5339822769165039,0.5339822769165039,0.4660177230834961,4,2,6,post_calibration
64,5,4,9,60,1,1,1,0.6323431134223938,0.6323431134223938,0.3676568567752838,0.6323431134223938,4,2,6,post_calibration
64,6,4,11,60,0,1,0,0.6245333552360535,0.6245333552360535,0.3754667043685913,0.6245333552360535,4,2,6,post_calibration
64,7,4,12,60,1,1,1,0.6736966967582703,0.6736966967582703,0.32630330324172974,0.6736966967582703,4,2,6,post_calibration
64,8,4,13,60,0,1,0,0.6849772930145264,0.6849772930145264,0.31502267718315125,0.6849772930145264,4,2,6,post_calibration
64,9,4,15,60,1,1,1,0.64976966381073,0.64976966381073,0.3502303659915924,0.64976966381073,4,2,6,post_calibration
64,10,4,16,60,1,1,1,0.749418318271637,0.749418318271637,0.25058168172836304,0.749418318271637,4,2,6,post_calibration
64,11,4,17,60,1,1,1,0.5123742818832397,0.5123742818832397,0.48762574791908264,0.5123742818832397,4,2,6,post_calibration
65,0,4,0,60,0,0,1,0.5135102868080139,0.5135102868080139,0.5135102868080139,0.4864897131919861,4,3,6,zero_shot_paired
65,1,4,2,60,1,1,1,0.7212848663330078,0.7212848663330078,0.2787151634693146,0.7212848663330078,4,3,6,zero_shot_paired
65,2,4,4,60,1,1,1,0.5496349930763245,0.5496349930763245,0.4503650367259979,0.5496349930763245,4,3,6,zero_shot_paired
65,3,4,5,60,1,0,0,0.5871776342391968,0.5871776342391968,0.5871776342391968,0.41282233595848083,4,3,6,zero_shot_paired
65,4,4,6,60,1,1,1,0.6315357089042664,0.6315357089042664,0.36846429109573364,0.6315357089042664,4,3,6,zero_shot_paired
65,5,4,7,60,1,1,1,0.681438684463501,0.681438684463501,0.318561315536499,0.681438684463501,4,3,6,zero_shot_paired
65,6,4,9,60,1,1,1,0.6044955849647522,0.6044955849647522,0.3955043852329254,0.6044955849647522,4,3,6,zero_shot_paired
65,7,4,10,60,0,1,0,0.714595377445221,0.714595377445221,0.28540465235710144,0.714595377445221,4,3,6,zero_shot_paired
65,8,4,11,60,0,1,0,0.6161981225013733,0.6161981225013733,0.3838018476963043,0.6161981225013733,4,3,6,zero_shot_paired
65,9,4,13,60,0,1,0,0.666262686252594,0.666262686252594,0.3337372839450836,0.666262686252594,4,3,6,zero_shot_paired
65,10,4,14,60,1,0,0,0.6242327094078064,0.6242327094078064,0.6242327094078064,0.375767320394516,4,3,6,zero_shot_paired
65,11,4,16,60,1,1,1,0.7446272969245911,0.7446272969245911,0.25537267327308655,0.7446272969245911,4,3,6,zero_shot_paired
65,0,4,0,60,0,0,1,0.506147027015686,0.506147027015686,0.506147027015686,0.4938529133796692,4,3,6,post_calibration
65,1,4,2,60,1,1,1,0.7465939521789551,0.7465939521789551,0.2534060776233673,0.7465939521789551,4,3,6,post_calibration
65,2,4,4,60,1,1,1,0.5512151718139648,0.5512151718139648,0.44878482818603516,0.5512151718139648,4,3,6,post_calibration
65,3,4,5,60,1,0,0,0.5706809163093567,0.5706809163093567,0.5706809163093567,0.4293190836906433,4,3,6,post_calibration
65,4,4,6,60,1,1,1,0.6586301922798157,0.6586301922798157,0.34136974811553955,0.6586301922798157,4,3,6,post_calibration
65,5,4,7,60,1,1,1,0.7047033905982971,0.7047033905982971,0.2952965795993805,0.7047033905982971,4,3,6,post_calibration
65,6,4,9,60,1,1,1,0.6115233302116394,0.6115233302116394,0.3884766399860382,0.6115233302116394,4,3,6,post_calibration
65,7,4,10,60,0,1,0,0.7297666072845459,0.7297666072845459,0.2702333927154541,0.7297666072845459,4,3,6,post_calibration
65,8,4,11,60,0,1,0,0.6300449371337891,0.6300449371337891,0.36995506286621094,0.6300449371337891,4,3,6,post_calibration
65,9,4,13,60,0,1,0,0.672432541847229,0.672432541847229,0.327567458152771,0.672432541847229,4,3,6,post_calibration
65,10,4,14,60,1,0,0,0.6142457723617554,0.6142457723617554,0.6142457723617554,0.38575422763824463,4,3,6,post_calibration
65,11,4,16,60,1,1,1,0.7511835694313049,0.7511835694313049,0.24881644546985626,0.7511835694313049,4,3,6,post_calibration
66,0,4,4,60,1,1,1,0.5496330857276917,0.5496330857276917,0.45036691427230835,0.5496330857276917,4,1,9,zero_shot_paired
66,1,4,5,60,1,0,0,0.5871813893318176,0.5871813893318176,0.5871813893318176,0.4128186106681824,4,1,9,zero_shot_paired
66,2,4,6,60,1,1,1,0.6315357089042664,0.6315357089042664,0.36846429109573364,0.6315357089042664,4,1,9,zero_shot_paired
66,3,4,9,60,1,1,1,0.6044992208480835,0.6044992208480835,0.3955007493495941,0.6044992208480835,4,1,9,zero_shot_paired
66,4,4,10,60,0,1,0,0.7145984768867493,0.7145984768867493,0.28540152311325073,0.7145984768867493,4,1,9,zero_shot_paired
66,5,4,11,60,0,1,0,0.6161981225013733,0.6161981225013733,0.3838018476963043,0.6161981225013733,4,1,9,zero_shot_paired
66,6,4,13,60,0,1,0,0.6662559509277344,0.6662559509277344,0.3337440490722656,0.6662559509277344,4,1,9,zero_shot_paired
66,7,4,15,60,1,1,1,0.6360299587249756,0.6360299587249756,0.3639700412750244,0.6360299587249756,4,1,9,zero_shot_paired
66,8,4,17,60,1,0,0,0.50565505027771,0.50565505027771,0.50565505027771,0.4943449795246124,4,1,9,zero_shot_paired
66,0,4,4,60,1,1,1,0.5653550028800964,0.5653550028800964,0.43464499711990356,0.5653550028800964,4,1,9,post_calibration
66,1,4,5,60,1,0,0,0.54369056224823,0.54369056224823,0.54369056224823,0.45630940794944763,4,1,9,post_calibration
66,2,4,6,60,1,1,1,0.6678165793418884,0.6678165793418884,0.33218345046043396,0.6678165793418884,4,1,9,post_calibration
66,3,4,9,60,1,1,1,0.6144770979881287,0.6144770979881287,0.38552284240722656,0.6144770979881287,4,1,9,post_calibration
66,4,4,10,60,0,1,0,0.7301064729690552,0.7301064729690552,0.26989346742630005,0.7301064729690552,4,1,9,post_calibration
66,5,4,11,60,0,1,0,0.6333287954330444,0.6333287954330444,0.36667123436927795,0.6333287954330444,4,1,9,post_calibration
66,6,4,13,60,0,1,0,0.6794811487197876,0.6794811487197876,0.3205187916755676,0.6794811487197876,4,1,9,post_calibration
66,7,4,15,60,1,1,1,0.6459351778030396,0.6459351778030396,0.35406485199928284,0.6459351778030396,4,1,9,post_calibration
66,8,4,17,60,1,1,1,0.5127040147781372,0.5127040147781372,0.4872960150241852,0.5127040147781372,4,1,9,post_calibration
67,0,4,0,60,0,0,1,0.513512134552002,0.513512134552002,0.513512134552002,0.48648783564567566,4,2,9,zero_shot_paired
67,1,4,1,60,1,1,1,0.6698089838027954,0.6698089838027954,0.330191045999527,0.6698089838027954,4,2,9,zero_shot_paired
67,2,4,2,60,1,1,1,0.721306324005127,0.721306324005127,0.27869367599487305,0.721306324005127,4,2,9,zero_shot_paired
67,3,4,3,60,1,0,0,0.6217706203460693,0.6217706203460693,0.6217706203460693,0.37822940945625305,4,2,9,zero_shot_paired
67,4,4,7,60,1,1,1,0.6814353466033936,0.6814353466033936,0.31856465339660645,0.6814353466033936,4,2,9,zero_shot_paired
67,5,4,8,60,0,0,1,0.5981654524803162,0.5981654524803162,0.5981654524803162,0.40183448791503906,4,2,9,zero_shot_paired
67,6,4,12,60,1,1,1,0.6531320810317993,0.6531320810317993,0.3468678891658783,0.6531320810317993,4,2,9,zero_shot_paired
67,7,4,14,60,1,0,0,0.6242219805717468,0.6242219805717468,0.6242219805717468,0.37577804923057556,4,2,9,zero_shot_paired
67,8,4,16,60,1,1,1,0.744633138179779,0.744633138179779,0.25536689162254333,0.744633138179779,4,2,9,zero_shot_paired
67,0,4,0,60,0,0,1,0.515663743019104,0.515663743019104,0.515663743019104,0.484336256980896,4,2,9,post_calibration
67,1,4,1,60,1,1,1,0.6811553239822388,0.6811553239822388,0.31884461641311646,0.6811553239822388,4,2,9,post_calibration
67,2,4,2,60,1,1,1,0.7480504512786865,0.7480504512786865,0.2519495487213135,0.7480504512786865,4,2,9,post_calibration
67,3,4,3,60,1,0,0,0.6014106273651123,0.6014106273651123,0.6014106273651123,0.3985893130302429,4,2,9,post_calibration
67,4,4,7,60,1,1,1,0.7027133703231812,0.7027133703231812,0.29728662967681885,0.7027133703231812,4,2,9,post_calibration
67,5,4,8,60,0,0,1,0.5609837174415588,0.5609837174415588,0.5609837174415588,0.43901628255844116,4,2,9,post_calibration
67,6,4,12,60,1,1,1,0.657215416431427,0.657215416431427,0.3427846431732178,0.657215416431427,4,2,9,post_calibration
67,7,4,14,60,1,0,0,0.6260330677032471,0.6260330677032471,0.6260330677032471,0.37396690249443054,4,2,9,post_calibration
67,8,4,16,60,1,1,1,0.7395032644271851,0.7395032644271851,0.26049673557281494,0.7395032644271851,4,2,9,post_calibration
68,0,4,3,60,1,0,0,0.6218262314796448,0.6218262314796448,0.6218262314796448,0.3781737685203552,4,1,12,zero_shot_paired
68,1,4,8,60,0,0,1,0.5984258651733398,0.5984258651733398,0.5984258651733398,0.40157413482666016,4,1,12,zero_shot_paired
68,2,4,12,60,1,1,1,0.6531978249549866,0.6531978249549866,0.3468022346496582,0.6531978249549866,4,1,12,zero_shot_paired
68,3,4,13,60,0,1,0,0.6663102507591248,0.6663102507591248,0.33368974924087524,0.6663102507591248,4,1,12,zero_shot_paired
68,4,4,14,60,1,0,0,0.6241235136985779,0.6241235136985779,0.6241235136985779,0.37587645649909973,4,1,12,zero_shot_paired
68,5,4,17,60,1,0,0,0.5055673122406006,0.5055673122406006,0.5055673122406006,0.4944326877593994,4,1,12,zero_shot_paired
68,0,4,3,60,1,0,0,0.5651637315750122,0.5651637315750122,0.5651637315750122,0.4348362684249878,4,1,12,post_calibration
68,1,4,8,60,0,0,1,0.5453841090202332,0.5453841090202332,0.5453841090202332,0.45461589097976685,4,1,12,post_calibration
68,2,4,12,60,1,1,1,0.657993495464325,0.657993495464325,0.3420064449310303,0.657993495464325,4,1,12,post_calibration
68,3,4,13,60,0,1,0,0.695156991481781,0.695156991481781,0.3048429787158966,0.695156991481781,4,1,12,post_calibration
68,4,4,14,60,1,0,0,0.6148765087127686,0.6148765087127686,0.6148765087127686,0.38512352108955383,4,1,12,post_calibration
68,5,4,17,60,1,1,1,0.5090227127075195,0.5090227127075195,0.49097731709480286,0.5090227127075195,4,1,12,post_calibration
69,0,4,0,60,0,0,1,0.5134873986244202,0.5134873986244202,0.5134873986244202,0.48651260137557983,4,2,12,zero_shot_paired
69,1,4,2,60,1,1,1,0.7212050557136536,0.7212050557136536,0.27879491448402405,0.7212050557136536,4,2,12,zero_shot_paired
69,2,4,6,60,1,1,1,0.6314576268196106,0.6314576268196106,0.3685424029827118,0.6314576268196106,4,2,12,zero_shot_paired
69,3,4,8,60,0,0,1,0.5984258651733398,0.5984258651733398,0.5984258651733398,0.40157413482666016,4,2,12,zero_shot_paired
69,4,4,9,60,1,1,1,0.604378879070282,0.604378879070282,0.395621120929718,0.604378879070282,4,2,12,zero_shot_paired
69,5,4,14,60,1,0,0,0.6241235136985779,0.6241235136985779,0.6241235136985779,0.37587645649909973,4,2,12,zero_shot_paired
69,0,4,0,60,0,0,1,0.51046222448349,0.51046222448349,0.51046222448349,0.4895378351211548,4,2,12,post_calibration
69,1,4,2,60,1,1,1,0.7420451045036316,0.7420451045036316,0.2579548954963684,0.7420451045036316,4,2,12,post_calibration
69,2,4,6,60,1,1,1,0.6559199690818787,0.6559199690818787,0.3440800607204437,0.6559199690818787,4,2,12,post_calibration
69,3,4,8,60,0,0,1,0.5544968247413635,0.5544968247413635,0.5544968247413635,0.4455031454563141,4,2,12,post_calibration
69,4,4,9,60,1,1,1,0.6118223667144775,0.6118223667144775,0.3881776034832001,0.6118223667144775,4,2,12,post_calibration
69,5,4,14,60,1,0,0,0.6097891926765442,0.6097891926765442,0.6097891926765442,0.39021074771881104,4,2,12,post_calibration
70,0,4,6,60,1,1,1,0.6314576268196106,0.6314576268196106,0.3685424029827118,0.6314576268196106,4,3,12,zero_shot_paired
70,1,4,8,60,0,0,1,0.5984258651733398,0.5984258651733398,0.5984258651733398,0.40157413482666016,4,3,12,zero_shot_paired
70,2,4,12,60,1,1,1,0.6531978249549866,0.6531978249549866,0.3468022346496582,0.6531978249549866,4,3,12,zero_shot_paired
70,3,4,13,60,0,1,0,0.6663102507591248,0.6663102507591248,0.33368974924087524,0.6663102507591248,4,3,12,zero_shot_paired
70,4,4,15,60,1,1,1,0.6360370516777039,0.6360370516777039,0.36396294832229614,0.6360370516777039,4,3,12,zero_shot_paired
70,5,4,17,60,1,0,0,0.5055673122406006,0.5055673122406006,0.5055673122406006,0.4944326877593994,4,3,12,zero_shot_paired
70,0,4,6,60,1,1,1,0.6505452990531921,0.6505452990531921,0.34945470094680786,0.6505452990531921,4,3,12,post_calibration
70,1,4,8,60,0,0,1,0.5530149936676025,0.5530149936676025,0.5530149936676025,0.4469849765300751,4,3,12,post_calibration
70,2,4,12,60,1,1,1,0.6581566333770752,0.6581566333770752,0.3418433964252472,0.6581566333770752,4,3,12,post_calibration
70,3,4,13,60,0,1,0,0.7002946734428406,0.7002946734428406,0.2997053265571594,0.7002946734428406,4,3,12,post_calibration
70,4,4,15,60,1,1,1,0.6318676471710205,0.6318676471710205,0.3681323826313019,0.6318676471710205,4,3,12,post_calibration
70,5,4,17,60,1,1,1,0.5219889879226685,0.5219889879226685,0.47801101207733154,0.5219889879226685,4,3,12,post_calibration
6,0,5,0,60,1,0,0,0.5106261372566223,0.5106261372566223,0.5106261372566223,0.4893738627433777,5,,,zero_shot_all_trials
6,1,5,1,60,1,0,0,0.5460725426673889,0.5460725426673889,0.5460725426673889,0.4539274275302887,5,,,zero_shot_all_trials
6,2,5,2,60,1,0,0,0.5924971699714661,0.5924971699714661,0.5924971699714661,0.4075028598308563,5,,,zero_shot_all_trials
6,3,5,3,60,1,0,0,0.6360900402069092,0.6360900402069092,0.6360900402069092,0.3639099895954132,5,,,zero_shot_all_trials
6,4,5,4,60,1,1,1,0.6400507688522339,0.6400507688522339,0.3599492609500885,0.6400507688522339,5,,,zero_shot_all_trials
6,5,5,5,60,1,1,1,0.6479775309562683,0.6479775309562683,0.35202252864837646,0.6479775309562683,5,,,zero_shot_all_trials
6,6,5,6,60,1,1,1,0.9537124633789062,0.9537124633789062,0.04628751799464226,0.9537124633789062,5,,,zero_shot_all_trials
6,7,5,7,60,1,1,1,0.8296710252761841,0.8296710252761841,0.17032894492149353,0.8296710252761841,5,,,zero_shot_all_trials
6,8,5,8,60,1,1,1,0.8784739971160889,0.8784739971160889,0.12152603268623352,0.8784739971160889,5,,,zero_shot_all_trials
6,9,5,9,60,1,1,1,0.5546174645423889,0.5546174645423889,0.4453825354576111,0.5546174645423889,5,,,zero_shot_all_trials
6,10,5,10,60,0,0,1,0.5457926392555237,0.5457926392555237,0.5457926392555237,0.45420733094215393,5,,,zero_shot_all_trials
6,11,5,11,60,1,1,1,0.7464351058006287,0.7464351058006287,0.25356486439704895,0.7464351058006287,5,,,zero_shot_all_trials
6,12,5,12,60,1,1,1,0.7197331190109253,0.7197331190109253,0.2802668809890747,0.7197331190109253,5,,,zero_shot_all_trials
6,13,5,13,60,1,1,1,0.9215288758277893,0.9215288758277893,0.07847119122743607,0.9215288758277893,5,,,zero_shot_all_trials
6,14,5,14,60,1,1,1,0.7042126059532166,0.7042126059532166,0.29578742384910583,0.7042126059532166,5,,,zero_shot_all_trials
6,15,5,15,60,1,1,1,0.6326127052307129,0.6326127052307129,0.3673872947692871,0.6326127052307129,5,,,zero_shot_all_trials
6,16,5,16,60,1,1,1,0.560609757900238,0.560609757900238,0.43939027190208435,0.560609757900238,5,,,zero_shot_all_trials
6,17,5,17,60,1,1,1,0.5044249296188354,0.5044249296188354,0.49557510018348694,0.5044249296188354,5,,,zero_shot_all_trials
71,0,5,0,60,1,0,0,0.5106261372566223,0.5106261372566223,0.5106261372566223,0.4893738627433777,5,1,3,zero_shot_paired
71,1,5,1,60,1,0,0,0.5460630655288696,0.5460630655288696,0.5460630655288696,0.453936904668808,5,1,3,zero_shot_paired
71,2,5,2,60,1,0,0,0.5925027132034302,0.5925027132034302,0.5925027132034302,0.4074973464012146,5,1,3,zero_shot_paired
71,3,5,3,60,1,0,0,0.6360776424407959,0.6360776424407959,0.6360776424407959,0.3639223575592041,5,1,3,zero_shot_paired
71,4,5,4,60,1,1,1,0.6400507688522339,0.6400507688522339,0.3599492609500885,0.6400507688522339,5,1,3,zero_shot_paired
71,5,5,5,60,1,1,1,0.647979199886322,0.647979199886322,0.3520207405090332,0.647979199886322,5,1,3,zero_shot_paired
71,6,5,6,60,1,1,1,0.9537121653556824,0.9537121653556824,0.046287860721349716,0.9537121653556824,5,1,3,zero_shot_paired
71,7,5,8,60,1,1,1,0.8784739971160889,0.8784739971160889,0.12152603268623352,0.8784739971160889,5,1,3,zero_shot_paired
71,8,5,10,60,0,0,1,0.5457926392555237,0.5457926392555237,0.5457926392555237,0.45420733094215393,5,1,3,zero_shot_paired
71,9,5,11,60,1,1,1,0.7464279532432556,0.7464279532432556,0.25357210636138916,0.7464279532432556,5,1,3,zero_shot_paired
71,10,5,12,60,1,1,1,0.719722330570221,0.719722330570221,0.28027766942977905,0.719722330570221,5,1,3,zero_shot_paired
71,11,5,13,60,1,1,1,0.9215260148048401,0.9215260148048401,0.07847394049167633,0.9215260148048401,5,1,3,zero_shot_paired
71,12,5,14,60,1,1,1,0.7042157649993896,0.7042157649993896,0.29578423500061035,0.7042157649993896,5,1,3,zero_shot_paired
71,13,5,16,60,1,1,1,0.560609757900238,0.560609757900238,0.43939027190208435,0.560609757900238,5,1,3,zero_shot_paired
71,14,5,17,60,1,1,1,0.5044211149215698,0.5044211149215698,0.4955788552761078,0.5044211149215698,5,1,3,zero_shot_paired
71,0,5,0,60,1,1,1,0.5167192816734314,0.5167192816734314,0.4832806885242462,0.5167192816734314,5,1,3,post_calibration
71,1,5,1,60,1,0,0,0.5373031497001648,0.5373031497001648,0.5373031497001648,0.4626968502998352,5,1,3,post_calibration
71,2,5,2,60,1,0,0,0.5751872658729553,0.5751872658729553,0.5751872658729553,0.4248127043247223,5,1,3,post_calibration
71,3,5,3,60,1,0,0,0.6120777726173401,0.6120777726173401,0.6120777726173401,0.3879221975803375,5,1,3,post_calibration
71,4,5,4,60,1,1,1,0.6468298435211182,0.6468298435211182,0.3531702160835266,0.6468298435211182,5,1,3,post_calibration
71,5,5,5,60,1,1,1,0.6485967636108398,0.6485967636108398,0.35140323638916016,0.6485967636108398,5,1,3,post_calibration
71,6,5,6,60,1,1,1,0.9563188552856445,0.9563188552856445,0.043681178241968155,0.9563188552856445,5,1,3,post_calibration
71,7,5,8,60,1,1,1,0.8869968056678772,0.8869968056678772,0.11300323903560638,0.8869968056678772,5,1,3,post_calibration
71,8,5,10,60,0,0,1,0.5459136962890625,0.5459136962890625,0.5459136962890625,0.4540863037109375,5,1,3,post_calibration
71,9,5,11,60,1,1,1,0.7540783882141113,0.7540783882141113,0.24592164158821106,0.7540783882141113,5,1,3,post_calibration
71,10,5,12,60,1,1,1,0.7268317341804504,0.7268317341804504,0.2731682062149048,0.7268317341804504,5,1,3,post_calibration
71,11,5,13,60,1,1,1,0.9251618385314941,0.9251618385314941,0.07483815401792526,0.9251618385314941,5,1,3,post_calibration
71,12,5,14,60,1,1,1,0.706166684627533,0.706166684627533,0.29383331537246704,0.706166684627533,5,1,3,post_calibration
71,13,5,16,60,1,1,1,0.5715498924255371,0.5715498924255371,0.4284501075744629,0.5715498924255371,5,1,3,post_calibration
71,14,5,17,60,1,1,1,0.5065914392471313,0.5065914392471313,0.49340859055519104,0.5065914392471313,5,1,3,post_calibration
72,0,5,0,60,1,0,0,0.5106242895126343,0.5106242895126343,0.5106242895126343,0.4893757700920105,5,2,3,zero_shot_paired
72,1,5,3,60,1,0,0,0.6360635161399841,0.6360635161399841,0.6360635161399841,0.36393648386001587,5,2,3,zero_shot_paired
72,2,5,4,60,1,1,1,0.6400454640388489,0.6400454640388489,0.3599545359611511,0.6400454640388489,5,2,3,zero_shot_paired
72,3,5,5,60,1,1,1,0.6479827165603638,0.6479827165603638,0.3520173132419586,0.6479827165603638,5,2,3,zero_shot_paired
72,4,5,6,60,1,1,1,0.9537137746810913,0.9537137746810913,0.046286169439554214,0.9537137746810913,5,2,3,zero_shot_paired
72,5,5,7,60,1,1,1,0.8296634554862976,0.8296634554862976,0.1703364998102188,0.8296634554862976,5,2,3,zero_shot_paired
72,6,5,8,60,1,1,1,0.8784804344177246,0.8784804344177246,0.12151950597763062,0.8784804344177246,5,2,3,zero_shot_paired
72,7,5,9,60,1,1,1,0.5546098947525024,0.5546098947525024,0.4453900456428528,0.5546098947525024,5,2,3,zero_shot_paired
72,8,5,10,60,0,0,1,0.5458153486251831,0.5458153486251831,0.5458153486251831,0.4541846811771393,5,2,3,zero_shot_paired
72,9,5,11,60,1,1,1,0.7464351058006287,0.7464351058006287,0.25356486439704895,0.7464351058006287,5,2,3,zero_shot_paired
72,10,5,12,60,1,1,1,0.7197253704071045,0.7197253704071045,0.28027456998825073,0.7197253704071045,5,2,3,zero_shot_paired
72,11,5,13,60,1,1,1,0.9215315580368042,0.9215315580368042,0.0784684270620346,0.9215315580368042,5,2,3,zero_shot_paired
72,12,5,14,60,1,1,1,0.7042221426963806,0.7042221426963806,0.2957778871059418,0.7042221426963806,5,2,3,zero_shot_paired
72,13,5,15,60,1,1,1,0.6326127052307129,0.6326127052307129,0.3673872947692871,0.6326127052307129,5,2,3,zero_shot_paired
72,14,5,16,60,1,1,1,0.5606060028076172,0.5606060028076172,0.4393939673900604,0.5606060028076172,5,2,3,zero_shot_paired
72,0,5,0,60,1,1,1,0.5090875625610352,0.5090875625610352,0.4909124970436096,0.5090875625610352,5,2,3,post_calibration
72,1,5,3,60,1,0,0,0.6232084631919861,0.6232084631919861,0.6232084631919861,0.37679150700569153,5,2,3,post_calibration
72,2,5,4,60,1,1,1,0.6678029894828796,0.6678029894828796,0.332196980714798,0.6678029894828796,5,2,3,post_calibration
72,3,5,5,60,1,1,1,0.649253785610199,0.649253785610199,0.35074618458747864,0.649253785610199,5,2,3,post_calibration
72,4,5,6,60,1,1,1,0.9543538093566895,0.9543538093566895,0.04564613848924637,0.9543538093566895,5,2,3,post_calibration
72,5,5,7,60,1,1,1,0.8306928277015686,0.8306928277015686,0.16930712759494781,0.8306928277015686,5,2,3,post_calibration
72,6,5,8,60,1,1,1,0.8871495723724365,0.8871495723724365,0.1128503754734993,0.8871495723724365,5,2,3,post_calibration
72,7,5,9,60,1,1,1,0.5755488872528076,0.5755488872528076,0.42445108294487,0.5755488872528076,5,2,3,post_calibration
72,8,5,10,60,0,0,1,0.5168679356575012,0.5168679356575012,0.5168679356575012,0.4831320643424988,5,2,3,post_calibration
72,9,5,11,60,1,1,1,0.7491689324378967,0.7491689324378967,0.25083106756210327,0.7491689324378967,5,2,3,post_calibration
72,10,5,12,60,1,1,1,0.7243145704269409,0.7243145704269409,0.2756854295730591,0.7243145704269409,5,2,3,post_calibration
72,11,5,13,60,1,1,1,0.9228297472000122,0.9228297472000122,0.07717030495405197,0.9228297472000122,5,2,3,post_calibration
72,12,5,14,60,1,1,1,0.7128650546073914,0.7128650546073914,0.28713491559028625,0.7128650546073914,5,2,3,post_calibration
72,13,5,15,60,1,1,1,0.6610875129699707,0.6610875129699707,0.3389125168323517,0.6610875129699707,5,2,3,post_calibration
72,14,5,16,60,1,1,1,0.5659417510032654,0.5659417510032654,0.4340583086013794,0.5659417510032654,5,2,3,post_calibration
73,0,5,0,60,1,0,0,0.5106242895126343,0.5106242895126343,0.5106242895126343,0.4893757700920105,5,3,3,zero_shot_paired
73,1,5,1,60,1,0,0,0.5460649728775024,0.5460649728775024,0.5460649728775024,0.45393502712249756,5,3,3,zero_shot_paired
73,2,5,2,60,1,0,0,0.5924971699714661,0.5924971699714661,0.5924971699714661,0.4075028598308563,5,3,3,zero_shot_paired
73,3,5,3,60,1,0,0,0.6360635161399841,0.6360635161399841,0.6360635161399841,0.36393648386001587,5,3,3,zero_shot_paired
73,4,5,4,60,1,1,1,0.6400454640388489,0.6400454640388489,0.3599545359611511,0.6400454640388489,5,3,3,zero_shot_paired
73,5,5,5,60,1,1,1,0.6479827165603638,0.6479827165603638,0.3520173132419586,0.6479827165603638,5,3,3,zero_shot_paired
73,6,5,7,60,1,1,1,0.8296634554862976,0.8296634554862976,0.1703364998102188,0.8296634554862976,5,3,3,zero_shot_paired
73,7,5,8,60,1,1,1,0.8784804344177246,0.8784804344177246,0.12151950597763062,0.8784804344177246,5,3,3,zero_shot_paired
73,8,5,9,60,1,1,1,0.5546098947525024,0.5546098947525024,0.4453900456428528,0.5546098947525024,5,3,3,zero_shot_paired
73,9,5,10,60,0,0,1,0.5458153486251831,0.5458153486251831,0.5458153486251831,0.4541846811771393,5,3,3,zero_shot_paired
73,10,5,11,60,1,1,1,0.7464351058006287,0.7464351058006287,0.25356486439704895,0.7464351058006287,5,3,3,zero_shot_paired
73,11,5,12,60,1,1,1,0.7197253704071045,0.7197253704071045,0.28027456998825073,0.7197253704071045,5,3,3,zero_shot_paired
73,12,5,13,60,1,1,1,0.9215315580368042,0.9215315580368042,0.0784684270620346,0.9215315580368042,5,3,3,zero_shot_paired
73,13,5,15,60,1,1,1,0.6326127052307129,0.6326127052307129,0.3673872947692871,0.6326127052307129,5,3,3,zero_shot_paired
73,14,5,17,60,1,1,1,0.5044230222702026,0.5044230222702026,0.49557700753211975,0.5044230222702026,5,3,3,zero_shot_paired
73,0,5,0,60,1,1,1,0.5021858215332031,0.5021858215332031,0.4978141784667969,0.5021858215332031,5,3,3,post_calibration
73,1,5,1,60,1,0,0,0.5373164415359497,0.5373164415359497,0.5373164415359497,0.4626835882663727,5,3,3,post_calibration
73,2,5,2,60,1,0,0,0.5878821015357971,0.5878821015357971,0.5878821015357971,0.4121178984642029,5,3,3,post_calibration
73,3,5,3,60,1,0,0,0.6233356595039368,0.6233356595039368,0.6233356595039368,0.37666431069374084,5,3,3,post_calibration
73,4,5,4,60,1,1,1,0.6394810676574707,0.6394810676574707,0.3605189621448517,0.6394810676574707,5,3,3,post_calibration
73,5,5,5,60,1,1,1,0.6524404287338257,0.6524404287338257,0.3475596010684967,0.6524404287338257,5,3,3,post_calibration
73,6,5,7,60,1,1,1,0.8353534936904907,0.8353534936904907,0.16464652121067047,0.8353534936904907,5,3,3,post_calibration
73,7,5,8,60,1,1,1,0.8847615122795105,0.8847615122795105,0.11523842811584473,0.8847615122795105,5,3,3,post_calibration
73,8,5,9,60,1,1,1,0.5617708563804626,0.5617708563804626,0.43822914361953735,0.5617708563804626,5,3,3,post_calibration
73,9,5,10,60,0,0,1,0.5472750663757324,0.5472750663757324,0.5472750663757324,0.4527249336242676,5,3,3,post_calibration
73,10,5,11,60,1,1,1,0.7584030628204346,0.7584030628204346,0.2415970116853714,0.7584030628204346,5,3,3,post_calibration
73,11,5,12,60,1,1,1,0.7260919213294983,0.7260919213294983,0.2739080786705017,0.7260919213294983,5,3,3,post_calibration
73,12,5,13,60,1,1,1,0.9240326881408691,0.9240326881408691,0.07596736401319504,0.9240326881408691,5,3,3,post_calibration
73,13,5,15,60,1,1,1,0.6438350677490234,0.6438350677490234,0.35616496205329895,0.6438350677490234,5,3,3,post_calibration
73,14,5,17,60,1,1,1,0.5059353709220886,0.5059353709220886,0.494064599275589,0.5059353709220886,5,3,3,post_calibration
74,0,5,0,60,1,0,0,0.5106242895126343,0.5106242895126343,0.5106242895126343,0.4893757700920105,5,4,3,zero_shot_paired
74,1,5,1,60,1,0,0,0.5460649728775024,0.5460649728775024,0.5460649728775024,0.45393502712249756,5,4,3,zero_shot_paired
74,2,5,2,60,1,0,0,0.5924971699714661,0.5924971699714661,0.5924971699714661,0.4075028598308563,5,4,3,zero_shot_paired
74,3,5,3,60,1,0,0,0.6360635161399841,0.6360635161399841,0.6360635161399841,0.36393648386001587,5,4,3,zero_shot_paired
74,4,5,4,60,1,1,1,0.6400454640388489,0.6400454640388489,0.3599545359611511,0.6400454640388489,5,4,3,zero_shot_paired
74,5,5,5,60,1,1,1,0.6479827165603638,0.6479827165603638,0.3520173132419586,0.6479827165603638,5,4,3,zero_shot_paired
74,6,5,6,60,1,1,1,0.9537137746810913,0.9537137746810913,0.046286169439554214,0.9537137746810913,5,4,3,zero_shot_paired
74,7,5,7,60,1,1,1,0.8296634554862976,0.8296634554862976,0.1703364998102188,0.8296634554862976,5,4,3,zero_shot_paired
74,8,5,9,60,1,1,1,0.5546098947525024,0.5546098947525024,0.4453900456428528,0.5546098947525024,5,4,3,zero_shot_paired
74,9,5,11,60,1,1,1,0.7464351058006287,0.7464351058006287,0.25356486439704895,0.7464351058006287,5,4,3,zero_shot_paired
74,10,5,13,60,1,1,1,0.9215315580368042,0.9215315580368042,0.0784684270620346,0.9215315580368042,5,4,3,zero_shot_paired
74,11,5,14,60,1,1,1,0.7042221426963806,0.7042221426963806,0.2957778871059418,0.7042221426963806,5,4,3,zero_shot_paired
74,12,5,15,60,1,1,1,0.6326127052307129,0.6326127052307129,0.3673872947692871,0.6326127052307129,5,4,3,zero_shot_paired
74,13,5,16,60,1,1,1,0.5606060028076172,0.5606060028076172,0.4393939673900604,0.5606060028076172,5,4,3,zero_shot_paired
74,14,5,17,60,1,1,1,0.5044230222702026,0.5044230222702026,0.49557700753211975,0.5044230222702026,5,4,3,zero_shot_paired
74,0,5,0,60,1,0,0,0.5111923813819885,0.5111923813819885,0.5111923813819885,0.4888076186180115,5,4,3,post_calibration
74,1,5,1,60,1,0,0,0.545879602432251,0.545879602432251,0.545879602432251,0.45412036776542664,5,4,3,post_calibration
74,2,5,2,60,1,0,0,0.6094678640365601,0.6094678640365601,0.6094678640365601,0.39053213596343994,5,4,3,post_calibration
74,3,5,3,60,1,0,0,0.6257043480873108,0.6257043480873108,0.6257043480873108,0.3742956221103668,5,4,3,post_calibration
74,4,5,4,60,1,1,1,0.6330860257148743,0.6330860257148743,0.3669140040874481,0.6330860257148743,5,4,3,post_calibration
74,5,5,5,60,1,1,1,0.6272504329681396,0.6272504329681396,0.37274953722953796,0.6272504329681396,5,4,3,post_calibration
74,6,5,6,60,1,1,1,0.9553760886192322,0.9553760886192322,0.04462391883134842,0.9553760886192322,5,4,3,post_calibration
74,7,5,7,60,1,1,1,0.8334919214248657,0.8334919214248657,0.1665080487728119,0.8334919214248657,5,4,3,post_calibration
74,8,5,9,60,1,1,1,0.5496349930763245,0.5496349930763245,0.4503650367259979,0.5496349930763245,5,4,3,post_calibration
74,9,5,11,60,1,1,1,0.7489351630210876,0.7489351630210876,0.25106480717658997,0.7489351630210876,5,4,3,post_calibration
74,10,5,13,60,1,1,1,0.9235352277755737,0.9235352277755737,0.07646476477384567,0.9235352277755737,5,4,3,post_calibration
74,11,5,14,60,1,1,1,0.7058642506599426,0.7058642506599426,0.29413577914237976,0.7058642506599426,5,4,3,post_calibration
74,12,5,15,60,1,1,1,0.6300591826438904,0.6300591826438904,0.3699408173561096,0.6300591826438904,5,4,3,post_calibration
74,13,5,16,60,1,1,1,0.5618290901184082,0.5618290901184082,0.4381709396839142,0.5618290901184082,5,4,3,post_calibration
74,14,5,17,60,1,0,0,0.5035514235496521,0.5035514235496521,0.5035514235496521,0.4964486062526703,5,4,3,post_calibration
75,0,5,1,60,1,0,0,0.5460649728775024,0.5460649728775024,0.5460649728775024,0.45393502712249756,5,5,3,zero_shot_paired
75,1,5,2,60,1,0,0,0.5924971699714661,0.5924971699714661,0.5924971699714661,0.4075028598308563,5,5,3,zero_shot_paired
75,2,5,3,60,1,0,0,0.6360635161399841,0.6360635161399841,0.6360635161399841,0.36393648386001587,5,5,3,zero_shot_paired
75,3,5,4,60,1,1,1,0.6400454640388489,0.6400454640388489,0.3599545359611511,0.6400454640388489,5,5,3,zero_shot_paired
75,4,5,5,60,1,1,1,0.6479827165603638,0.6479827165603638,0.3520173132419586,0.6479827165603638,5,5,3,zero_shot_paired
75,5,5,6,60,1,1,1,0.9537137746810913,0.9537137746810913,0.046286169439554214,0.9537137746810913,5,5,3,zero_shot_paired
75,6,5,7,60,1,1,1,0.8296634554862976,0.8296634554862976,0.1703364998102188,0.8296634554862976,5,5,3,zero_shot_paired
75,7,5,8,60,1,1,1,0.8784804344177246,0.8784804344177246,0.12151950597763062,0.8784804344177246,5,5,3,zero_shot_paired
75,8,5,9,60,1,1,1,0.5546098947525024,0.5546098947525024,0.4453900456428528,0.5546098947525024,5,5,3,zero_shot_paired
75,9,5,10,60,0,0,1,0.5458153486251831,0.5458153486251831,0.5458153486251831,0.4541846811771393,5,5,3,zero_shot_paired
75,10,5,12,60,1,1,1,0.7197253704071045,0.7197253704071045,0.28027456998825073,0.7197253704071045,5,5,3,zero_shot_paired
75,11,5,14,60,1,1,1,0.7042221426963806,0.7042221426963806,0.2957778871059418,0.7042221426963806,5,5,3,zero_shot_paired
75,12,5,15,60,1,1,1,0.6326127052307129,0.6326127052307129,0.3673872947692871,0.6326127052307129,5,5,3,zero_shot_paired
75,13,5,16,60,1,1,1,0.5606060028076172,0.5606060028076172,0.4393939673900604,0.5606060028076172,5,5,3,zero_shot_paired
75,14,5,17,60,1,1,1,0.5044230222702026,0.5044230222702026,0.49557700753211975,0.5044230222702026,5,5,3,zero_shot_paired
75,0,5,1,60,1,0,0,0.5255000591278076,0.5255000591278076,0.5255000591278076,0.47449991106987,5,5,3,post_calibration
75,1,5,2,60,1,0,0,0.571841299533844,0.571841299533844,0.571841299533844,0.4281586706638336,5,5,3,post_calibration
75,2,5,3,60,1,0,0,0.6131497025489807,0.6131497025489807,0.6131497025489807,0.3868503272533417,5,5,3,post_calibration
75,3,5,4,60,1,1,1,0.6482767462730408,0.6482767462730408,0.3517232835292816,0.6482767462730408,5,5,3,post_calibration
75,4,5,5,60,1,1,1,0.6507048606872559,0.6507048606872559,0.34929513931274414,0.6507048606872559,5,5,3,post_calibration
75,5,5,6,60,1,1,1,0.9569904804229736,0.9569904804229736,0.043009549379348755,0.9569904804229736,5,5,3,post_calibration
75,6,5,7,60,1,1,1,0.8371202349662781,0.8371202349662781,0.1628797948360443,0.8371202349662781,5,5,3,post_calibration
75,7,5,8,60,1,1,1,0.8900771737098694,0.8900771737098694,0.10992280393838882,0.8900771737098694,5,5,3,post_calibration
75,8,5,9,60,1,1,1,0.5875105261802673,0.5875105261802673,0.41248947381973267,0.5875105261802673,5,5,3,post_calibration
75,9,5,10,60,0,0,1,0.5485582947731018,0.5485582947731018,0.5485582947731018,0.45144176483154297,5,5,3,post_calibration
75,10,5,12,60,1,1,1,0.7216236591339111,0.7216236591339111,0.2783763110637665,0.7216236591339111,5,5,3,post_calibration
75,11,5,14,60,1,1,1,0.7108432054519653,0.7108432054519653,0.28915679454803467,0.7108432054519653,5,5,3,post_calibration
75,12,5,15,60,1,1,1,0.6689208149909973,0.6689208149909973,0.3310791850090027,0.6689208149909973,5,5,3,post_calibration
75,13,5,16,60,1,1,1,0.5808647871017456,0.5808647871017456,0.419135183095932,0.5808647871017456,5,5,3,post_calibration
75,14,5,17,60,1,0,0,0.5025177001953125,0.5025177001953125,0.5025177001953125,0.4974823296070099,5,5,3,post_calibration
76,0,5,0,60,1,0,0,0.5106242895126343,0.5106242895126343,0.5106242895126343,0.4893757700920105,5,6,3,zero_shot_paired
76,1,5,1,60,1,0,0,0.5460649728775024,0.5460649728775024,0.5460649728775024,0.45393502712249756,5,6,3,zero_shot_paired
76,2,5,2,60,1,0,0,0.5924971699714661,0.5924971699714661,0.5924971699714661,0.4075028598308563,5,6,3,zero_shot_paired
76,3,5,6,60,1,1,1,0.9537137746810913,0.9537137746810913,0.046286169439554214,0.9537137746810913,5,6,3,zero_shot_paired
76,4,5,7,60,1,1,1,0.8296634554862976,0.8296634554862976,0.1703364998102188,0.8296634554862976,5,6,3,zero_shot_paired
76,5,5,8,60,1,1,1,0.8784804344177246,0.8784804344177246,0.12151950597763062,0.8784804344177246,5,6,3,zero_shot_paired
76,6,5,9,60,1,1,1,0.5546098947525024,0.5546098947525024,0.4453900456428528,0.5546098947525024,5,6,3,zero_shot_paired
76,7,5,10,60,0,0,1,0.5458153486251831,0.5458153486251831,0.5458153486251831,0.4541846811771393,5,6,3,zero_shot_paired
76,8,5,11,60,1,1,1,0.7464351058006287,0.7464351058006287,0.25356486439704895,0.7464351058006287,5,6,3,zero_shot_paired
76,9,5,12,60,1,1,1,0.7197253704071045,0.7197253704071045,0.28027456998825073,0.7197253704071045,5,6,3,zero_shot_paired
76,10,5,13,60,1,1,1,0.9215315580368042,0.9215315580368042,0.0784684270620346,0.9215315580368042,5,6,3,zero_shot_paired
76,11,5,14,60,1,1,1,0.7042221426963806,0.7042221426963806,0.2957778871059418,0.7042221426963806,5,6,3,zero_shot_paired
76,12,5,15,60,1,1,1,0.6326127052307129,0.6326127052307129,0.3673872947692871,0.6326127052307129,5,6,3,zero_shot_paired
76,13,5,16,60,1,1,1,0.5606060028076172,0.5606060028076172,0.4393939673900604,0.5606060028076172,5,6,3,zero_shot_paired
76,14,5,17,60,1,1,1,0.5044230222702026,0.5044230222702026,0.49557700753211975,0.5044230222702026,5,6,3,zero_shot_paired
76,0,5,0,60,1,1,1,0.5077870488166809,0.5077870488166809,0.4922129511833191,0.5077870488166809,5,6,3,post_calibration
76,1,5,1,60,1,0,0,0.5337696075439453,0.5337696075439453,0.5337696075439453,0.4662303626537323,5,6,3,post_calibration
76,2,5,2,60,1,0,0,0.5818415284156799,0.5818415284156799,0.5818415284156799,0.41815850138664246,5,6,3,post_calibration
76,3,5,6,60,1,1,1,0.9567644000053406,0.9567644000053406,0.04323558509349823,0.9567644000053406,5,6,3,post_calibration
76,4,5,7,60,1,1,1,0.8438016176223755,0.8438016176223755,0.1561983972787857,0.8438016176223755,5,6,3,post_calibration
76,5,5,8,60,1,1,1,0.8867617845535278,0.8867617845535278,0.11323823034763336,0.8867617845535278,5,6,3,post_calibration
76,6,5,9,60,1,1,1,0.5648581385612488,0.5648581385612488,0.4351418912410736,0.5648581385612488,5,6,3,post_calibration
76,7,5,10,60,0,0,1,0.5451306104660034,0.5451306104660034,0.5451306104660034,0.45486944913864136,5,6,3,post_calibration
76,8,5,11,60,1,1,1,0.7551436424255371,0.7551436424255371,0.24485643208026886,0.7551436424255371,5,6,3,post_calibration
76,9,5,12,60,1,1,1,0.7239777445793152,0.7239777445793152,0.2760222554206848,0.7239777445793152,5,6,3,post_calibration
76,10,5,13,60,1,1,1,0.9271888732910156,0.9271888732910156,0.07281112670898438,0.9271888732910156,5,6,3,post_calibration
76,11,5,14,60,1,1,1,0.7134752869606018,0.7134752869606018,0.2865247130393982,0.7134752869606018,5,6,3,post_calibration
76,12,5,15,60,1,1,1,0.6422589421272278,0.6422589421272278,0.35774102807044983,0.6422589421272278,5,6,3,post_calibration
76,13,5,16,60,1,1,1,0.567468523979187,0.567468523979187,0.432531476020813,0.567468523979187,5,6,3,post_calibration
76,14,5,17,60,1,1,1,0.5075200796127319,0.5075200796127319,0.4924798905849457,0.5075200796127319,5,6,3,post_calibration
77,0,5,3,60,1,0,0,0.6360635161399841,0.6360635161399841,0.6360635161399841,0.36393648386001587,5,1,6,zero_shot_paired
77,1,5,5,60,1,1,1,0.6479827165603638,0.6479827165603638,0.3520173132419586,0.6479827165603638,5,1,6,zero_shot_paired
77,2,5,6,60,1,1,1,0.9537137746810913,0.9537137746810913,0.046286169439554214,0.9537137746810913,5,1,6,zero_shot_paired
77,3,5,7,60,1,1,1,0.8296634554862976,0.8296634554862976,0.1703364998102188,0.8296634554862976,5,1,6,zero_shot_paired
77,4,5,9,60,1,1,1,0.5546098947525024,0.5546098947525024,0.4453900456428528,0.5546098947525024,5,1,6,zero_shot_paired
77,5,5,10,60,0,0,1,0.5458153486251831,0.5458153486251831,0.5458153486251831,0.4541846811771393,5,1,6,zero_shot_paired
77,6,5,11,60,1,1,1,0.7464351058006287,0.7464351058006287,0.25356486439704895,0.7464351058006287,5,1,6,zero_shot_paired
77,7,5,12,60,1,1,1,0.7197253704071045,0.7197253704071045,0.28027456998825073,0.7197253704071045,5,1,6,zero_shot_paired
77,8,5,13,60,1,1,1,0.9215315580368042,0.9215315580368042,0.0784684270620346,0.9215315580368042,5,1,6,zero_shot_paired
77,9,5,15,60,1,1,1,0.6326127052307129,0.6326127052307129,0.3673872947692871,0.6326127052307129,5,1,6,zero_shot_paired
77,10,5,16,60,1,1,1,0.5606060028076172,0.5606060028076172,0.4393939673900604,0.5606060028076172,5,1,6,zero_shot_paired
77,11,5,17,60,1,1,1,0.5044230222702026,0.5044230222702026,0.49557700753211975,0.5044230222702026,5,1,6,zero_shot_paired
77,0,5,3,60,1,0,0,0.6083559393882751,0.6083559393882751,0.6083559393882751,0.3916440010070801,5,1,6,post_calibration
77,1,5,5,60,1,1,1,0.6464357972145081,0.6464357972145081,0.35356420278549194,0.6464357972145081,5,1,6,post_calibration
77,2,5,6,60,1,1,1,0.9566164612770081,0.9566164612770081,0.04338352754712105,0.9566164612770081,5,1,6,post_calibration
77,3,5,7,60,1,1,1,0.8377133011817932,0.8377133011817932,0.1622866690158844,0.8377133011817932,5,1,6,post_calibration
77,4,5,9,60,1,1,1,0.5902275443077087,0.5902275443077087,0.4097723960876465,0.5902275443077087,5,1,6,post_calibration
77,5,5,10,60,0,0,1,0.542335033416748,0.542335033416748,0.542335033416748,0.45766502618789673,5,1,6,post_calibration
77,6,5,11,60,1,1,1,0.7539934515953064,0.7539934515953064,0.24600651860237122,0.7539934515953064,5,1,6,post_calibration
77,7,5,12,60,1,1,1,0.719160258769989,0.719160258769989,0.280839741230011,0.719160258769989,5,1,6,post_calibration
77,8,5,13,60,1,1,1,0.9289005994796753,0.9289005994796753,0.07109936326742172,0.9289005994796753,5,1,6,post_calibration
77,9,5,15,60,1,1,1,0.6828563213348389,0.6828563213348389,0.31714367866516113,0.6828563213348389,5,1,6,post_calibration
77,10,5,16,60,1,1,1,0.5743443965911865,0.5743443965911865,0.4256555736064911,0.5743443965911865,5,1,6,post_calibration
77,11,5,17,60,1,1,1,0.5023307204246521,0.5023307204246521,0.4976692199707031,0.5023307204246521,5,1,6,post_calibration
78,0,5,0,60,1,0,0,0.5106242895126343,0.5106242895126343,0.5106242895126343,0.4893757700920105,5,2,6,zero_shot_paired
78,1,5,1,60,1,0,0,0.5460649728775024,0.5460649728775024,0.5460649728775024,0.45393502712249756,5,2,6,zero_shot_paired
78,2,5,2,60,1,0,0,0.5924971699714661,0.5924971699714661,0.5924971699714661,0.4075028598308563,5,2,6,zero_shot_paired
78,3,5,4,60,1,1,1,0.6400454640388489,0.6400454640388489,0.3599545359611511,0.6400454640388489,5,2,6,zero_shot_paired
78,4,5,5,60,1,1,1,0.6479827165603638,0.6479827165603638,0.3520173132419586,0.6479827165603638,5,2,6,zero_shot_paired
78,5,5,6,60,1,1,1,0.9537137746810913,0.9537137746810913,0.046286169439554214,0.9537137746810913,5,2,6,zero_shot_paired
78,6,5,8,60,1,1,1,0.8784804344177246,0.8784804344177246,0.12151950597763062,0.8784804344177246,5,2,6,zero_shot_paired
78,7,5,11,60,1,1,1,0.7464351058006287,0.7464351058006287,0.25356486439704895,0.7464351058006287,5,2,6,zero_shot_paired
78,8,5,13,60,1,1,1,0.9215315580368042,0.9215315580368042,0.0784684270620346,0.9215315580368042,5,2,6,zero_shot_paired
78,9,5,14,60,1,1,1,0.7042221426963806,0.7042221426963806,0.2957778871059418,0.7042221426963806,5,2,6,zero_shot_paired
78,10,5,15,60,1,1,1,0.6326127052307129,0.6326127052307129,0.3673872947692871,0.6326127052307129,5,2,6,zero_shot_paired
78,11,5,16,60,1,1,1,0.5606060028076172,0.5606060028076172,0.4393939673900604,0.5606060028076172,5,2,6,zero_shot_paired
78,0,5,0,60,1,1,1,0.5011672973632812,0.5011672973632812,0.49883270263671875,0.5011672973632812,5,2,6,post_calibration
78,1,5,1,60,1,0,0,0.5385206341743469,0.5385206341743469,0.5385206341743469,0.4614793658256531,5,2,6,post_calibration
78,2,5,2,60,1,0,0,0.5836279988288879,0.5836279988288879,0.5836279988288879,0.41637203097343445,5,2,6,post_calibration
78,3,5,4,60,1,1,1,0.6530266404151917,0.6530266404151917,0.34697335958480835,0.6530266404151917,5,2,6,post_calibration
78,4,5,5,60,1,1,1,0.6506979465484619,0.6506979465484619,0.3493020832538605,0.6506979465484619,5,2,6,post_calibration
78,5,5,6,60,1,1,1,0.9575713872909546,0.9575713872909546,0.04242862015962601,0.9575713872909546,5,2,6,post_calibration
78,6,5,8,60,1,1,1,0.8827646374702454,0.8827646374702454,0.11723536998033524,0.8827646374702454,5,2,6,post_calibration
78,7,5,11,60,1,1,1,0.757355809211731,0.757355809211731,0.24264422059059143,0.757355809211731,5,2,6,post_calibration
78,8,5,13,60,1,1,1,0.9277063012123108,0.9277063012123108,0.07229363918304443,0.9277063012123108,5,2,6,post_calibration
78,9,5,14,60,1,1,1,0.7162232995033264,0.7162232995033264,0.28377673029899597,0.7162232995033264,5,2,6,post_calibration
78,10,5,15,60,1,1,1,0.6412310600280762,0.6412310600280762,0.35876893997192383,0.6412310600280762,5,2,6,post_calibration
78,11,5,16,60,1,1,1,0.5726593136787415,0.5726593136787415,0.42734068632125854,0.5726593136787415,5,2,6,post_calibration
79,0,5,0,60,1,0,0,0.5106242895126343,0.5106242895126343,0.5106242895126343,0.4893757700920105,5,3,6,zero_shot_paired
79,1,5,1,60,1,0,0,0.5460649728775024,0.5460649728775024,0.5460649728775024,0.45393502712249756,5,3,6,zero_shot_paired
79,2,5,2,60,1,0,0,0.5924971699714661,0.5924971699714661,0.5924971699714661,0.4075028598308563,5,3,6,zero_shot_paired
79,3,5,3,60,1,0,0,0.6360635161399841,0.6360635161399841,0.6360635161399841,0.36393648386001587,5,3,6,zero_shot_paired
79,4,5,4,60,1,1,1,0.6400454640388489,0.6400454640388489,0.3599545359611511,0.6400454640388489,5,3,6,zero_shot_paired
79,5,5,7,60,1,1,1,0.8296634554862976,0.8296634554862976,0.1703364998102188,0.8296634554862976,5,3,6,zero_shot_paired
79,6,5,8,60,1,1,1,0.8784804344177246,0.8784804344177246,0.12151950597763062,0.8784804344177246,5,3,6,zero_shot_paired
79,7,5,9,60,1,1,1,0.5546098947525024,0.5546098947525024,0.4453900456428528,0.5546098947525024,5,3,6,zero_shot_paired
79,8,5,10,60,0,0,1,0.5458153486251831,0.5458153486251831,0.5458153486251831,0.4541846811771393,5,3,6,zero_shot_paired
79,9,5,12,60,1,1,1,0.7197253704071045,0.7197253704071045,0.28027456998825073,0.7197253704071045,5,3,6,zero_shot_paired
79,10,5,14,60,1,1,1,0.7042221426963806,0.7042221426963806,0.2957778871059418,0.7042221426963806,5,3,6,zero_shot_paired
79,11,5,17,60,1,1,1,0.5044230222702026,0.5044230222702026,0.49557700753211975,0.5044230222702026,5,3,6,zero_shot_paired
79,0,5,0,60,1,1,1,0.5018405318260193,0.5018405318260193,0.49815940856933594,0.5018405318260193,5,3,6,post_calibration
79,1,5,1,60,1,0,0,0.5460668802261353,0.5460668802261353,0.5460668802261353,0.45393314957618713,5,3,6,post_calibration
79,2,5,2,60,1,0,0,0.5892732739448547,0.5892732739448547,0.5892732739448547,0.41072675585746765,5,3,6,post_calibration
79,3,5,3,60,1,0,0,0.6231995224952698,0.6231995224952698,0.6231995224952698,0.37680044770240784,5,3,6,post_calibration
79,4,5,4,60,1,1,1,0.6499102115631104,0.6499102115631104,0.35008975863456726,0.6499102115631104,5,3,6,post_calibration
79,5,5,7,60,1,1,1,0.8346702456474304,0.8346702456474304,0.1653297394514084,0.8346702456474304,5,3,6,post_calibration
79,6,5,8,60,1,1,1,0.8838952779769897,0.8838952779769897,0.11610470712184906,0.8838952779769897,5,3,6,post_calibration
79,7,5,9,60,1,1,1,0.5674179196357727,0.5674179196357727,0.4325820207595825,0.5674179196357727,5,3,6,post_calibration
79,8,5,10,60,0,0,1,0.5314810872077942,0.5314810872077942,0.5314810872077942,0.4685189425945282,5,3,6,post_calibration
79,9,5,12,60,1,1,1,0.731285035610199,0.731285035610199,0.2687149941921234,0.731285035610199,5,3,6,post_calibration
79,10,5,14,60,1,1,1,0.7103897929191589,0.7103897929191589,0.28961023688316345,0.7103897929191589,5,3,6,post_calibration
79,11,5,17,60,1,1,1,0.5095108151435852,0.5095108151435852,0.4904891848564148,0.5095108151435852,5,3,6,post_calibration
80,0,5,0,60,1,0,0,0.5106300115585327,0.5106300115585327,0.5106300115585327,0.48937004804611206,5,1,9,zero_shot_paired
80,1,5,1,60,1,0,0,0.5460649728775024,0.5460649728775024,0.5460649728775024,0.45393502712249756,5,1,9,zero_shot_paired
80,2,5,2,60,1,0,0,0.5924971699714661,0.5924971699714661,0.5924971699714661,0.4075028598308563,5,1,9,zero_shot_paired
80,3,5,4,60,1,1,1,0.6400471925735474,0.6400471925735474,0.35995277762413025,0.6400471925735474,5,1,9,zero_shot_paired
80,4,5,6,60,1,1,1,0.9537148475646973,0.9537148475646973,0.04628516733646393,0.9537148475646973,5,1,9,zero_shot_paired
80,5,5,9,60,1,1,1,0.5546081066131592,0.5546081066131592,0.4453919529914856,0.5546081066131592,5,1,9,zero_shot_paired
80,6,5,13,60,1,1,1,0.9215282201766968,0.9215282201766968,0.07847172766923904,0.9215282201766968,5,1,9,zero_shot_paired
80,7,5,15,60,1,1,1,0.6326055526733398,0.6326055526733398,0.3673943877220154,0.6326055526733398,5,1,9,zero_shot_paired
80,8,5,17,60,1,1,1,0.5044324994087219,0.5044324994087219,0.4955674409866333,0.5044324994087219,5,1,9,zero_shot_paired
80,0,5,0,60,1,1,1,0.5199307799339294,0.5199307799339294,0.48006924986839294,0.5199307799339294,5,1,9,post_calibration
80,1,5,1,60,1,0,0,0.5299191474914551,0.5299191474914551,0.5299191474914551,0.4700808823108673,5,1,9,post_calibration
80,2,5,2,60,1,0,0,0.5823388695716858,0.5823388695716858,0.5823388695716858,0.4176611006259918,5,1,9,post_calibration
80,3,5,4,60,1,1,1,0.6439732313156128,0.6439732313156128,0.35602670907974243,0.6439732313156128,5,1,9,post_calibration
80,4,5,6,60,1,1,1,0.95807284116745,0.95807284116745,0.04192715138196945,0.95807284116745,5,1,9,post_calibration
80,5,5,9,60,1,1,1,0.583909809589386,0.583909809589386,0.4160902500152588,0.583909809589386,5,1,9,post_calibration
80,6,5,13,60,1,1,1,0.9311320781707764,0.9311320781707764,0.06886797398328781,0.9311320781707764,5,1,9,post_calibration
80,7,5,15,60,1,1,1,0.6530646681785583,0.6530646681785583,0.34693533182144165,0.6530646681785583,5,1,9,post_calibration
80,8,5,17,60,1,1,1,0.5008449554443359,0.5008449554443359,0.49915504455566406,0.5008449554443359,5,1,9,post_calibration
81,0,5,3,60,1,0,0,0.6360794305801392,0.6360794305801392,0.6360794305801392,0.3639205992221832,5,2,9,zero_shot_paired
81,1,5,5,60,1,1,1,0.6479775309562683,0.6479775309562683,0.35202252864837646,0.6479775309562683,5,2,9,zero_shot_paired
81,2,5,7,60,1,1,1,0.8296624422073364,0.8296624422073364,0.17033757269382477,0.8296624422073364,5,2,9,zero_shot_paired
81,3,5,8,60,1,1,1,0.8784747123718262,0.8784747123718262,0.12152520567178726,0.8784747123718262,5,2,9,zero_shot_paired
81,4,5,10,60,0,0,1,0.5458058714866638,0.5458058714866638,0.5458058714866638,0.4541941285133362,5,2,9,zero_shot_paired
81,5,5,11,60,1,1,1,0.7464394569396973,0.7464394569396973,0.25356054306030273,0.7464394569396973,5,2,9,zero_shot_paired
81,6,5,12,60,1,1,1,0.7197238802909851,0.7197238802909851,0.2802761495113373,0.7197238802909851,5,2,9,zero_shot_paired
81,7,5,14,60,1,1,1,0.7042189240455627,0.7042189240455627,0.29578104615211487,0.7042189240455627,5,2,9,zero_shot_paired
81,8,5,16,60,1,1,1,0.56060791015625,0.56060791015625,0.4393921196460724,0.56060791015625,5,2,9,zero_shot_paired
81,0,5,3,60,1,0,0,0.6148439645767212,0.6148439645767212,0.6148439645767212,0.3851560354232788,5,2,9,post_calibration
81,1,5,5,60,1,1,1,0.649844229221344,0.649844229221344,0.35015571117401123,0.649844229221344,5,2,9,post_calibration
81,2,5,7,60,1,1,1,0.8337470293045044,0.8337470293045044,0.1662530153989792,0.8337470293045044,5,2,9,post_calibration
81,3,5,8,60,1,1,1,0.8908481001853943,0.8908481001853943,0.10915184766054153,0.8908481001853943,5,2,9,post_calibration
81,4,5,10,60,0,0,1,0.5223640203475952,0.5223640203475952,0.5223640203475952,0.47763603925704956,5,2,9,post_calibration
81,5,5,11,60,1,1,1,0.7549629807472229,0.7549629807472229,0.2450370341539383,0.7549629807472229,5,2,9,post_calibration
81,6,5,12,60,1,1,1,0.7281537055969238,0.7281537055969238,0.27184629440307617,0.7281537055969238,5,2,9,post_calibration
81,7,5,14,60,1,1,1,0.7106785178184509,0.7106785178184509,0.2893214821815491,0.7106785178184509,5,2,9,post_calibration
81,8,5,16,60,1,1,1,0.576758086681366,0.576758086681366,0.4232419729232788,0.576758086681366,5,2,9,post_calibration
82,0,5,1,60,1,0,0,0.5459042191505432,0.5459042191505432,0.5459042191505432,0.4540957808494568,5,1,12,zero_shot_paired
82,1,5,2,60,1,0,0,0.5927163362503052,0.5927163362503052,0.5927163362503052,0.4072836637496948,5,1,12,zero_shot_paired
82,2,5,4,60,1,1,1,0.6400419473648071,0.6400419473648071,0.35995805263519287,0.6400419473648071,5,1,12,zero_shot_paired
82,3,5,5,60,1,1,1,0.6482368111610413,0.6482368111610413,0.3517632484436035,0.6482368111610413,5,1,12,zero_shot_paired
82,4,5,8,60,1,1,1,0.8783778548240662,0.8783778548240662,0.12162216007709503,0.8783778548240662,5,1,12,zero_shot_paired
82,5,5,17,60,1,1,1,0.5044535398483276,0.5044535398483276,0.49554646015167236,0.5044535398483276,5,1,12,zero_shot_paired
82,0,5,1,60,1,0,0,0.5151263475418091,0.5151263475418091,0.5151263475418091,0.48487362265586853,5,1,12,post_calibration
82,1,5,2,60,1,0,0,0.5678280591964722,0.5678280591964722,0.5678280591964722,0.4321719706058502,5,1,12,post_calibration
82,2,5,4,60,1,1,1,0.6483150720596313,0.6483150720596313,0.3516849875450134,0.6483150720596313,5,1,12,post_calibration
82,3,5,5,60,1,1,1,0.6475684642791748,0.6475684642791748,0.35243159532546997,0.6475684642791748,5,1,12,post_calibration
82,4,5,8,60,1,1,1,0.8944823741912842,0.8944823741912842,0.10551761835813522,0.8944823741912842,5,1,12,post_calibration
82,5,5,17,60,1,1,1,0.5025653839111328,0.5025653839111328,0.4974346458911896,0.5025653839111328,5,1,12,post_calibration
83,0,5,1,60,1,0,0,0.5459042191505432,0.5459042191505432,0.5459042191505432,0.4540957808494568,5,2,12,zero_shot_paired
83,1,5,5,60,1,1,1,0.6482368111610413,0.6482368111610413,0.3517632484436035,0.6482368111610413,5,2,12,zero_shot_paired
83,2,5,7,60,1,1,1,0.8296495079994202,0.8296495079994202,0.17035052180290222,0.8296495079994202,5,2,12,zero_shot_paired
83,3,5,8,60,1,1,1,0.8783778548240662,0.8783778548240662,0.12162216007709503,0.8783778548240662,5,2,12,zero_shot_paired
83,4,5,9,60,1,1,1,0.5545477271080017,0.5545477271080017,0.4454522430896759,0.5545477271080017,5,2,12,zero_shot_paired
83,5,5,14,60,1,1,1,0.7040901780128479,0.7040901780128479,0.2959097921848297,0.7040901780128479,5,2,12,zero_shot_paired
83,0,5,1,60,1,0,0,0.529113233089447,0.529113233089447,0.529113233089447,0.47088679671287537,5,2,12,post_calibration
83,1,5,5,60,1,1,1,0.6560388207435608,0.6560388207435608,0.343961238861084,0.6560388207435608,5,2,12,post_calibration
83,2,5,7,60,1,1,1,0.8391550183296204,0.8391550183296204,0.16084493696689606,0.8391550183296204,5,2,12,post_calibration
83,3,5,8,60,1,1,1,0.8868421316146851,0.8868421316146851,0.11315780878067017,0.8868421316146851,5,2,12,post_calibration
83,4,5,9,60,1,1,1,0.5808722376823425,0.5808722376823425,0.41912779211997986,0.5808722376823425,5,2,12,post_calibration
83,5,5,14,60,1,1,1,0.7149189114570618,0.7149189114570618,0.28508108854293823,0.7149189114570618,5,2,12,post_calibration
84,0,5,0,60,1,0,0,0.5106986165046692,0.5106986165046692,0.5106986165046692,0.4893014132976532,5,3,12,zero_shot_paired
84,1,5,1,60,1,0,0,0.5459042191505432,0.5459042191505432,0.5459042191505432,0.4540957808494568,5,3,12,zero_shot_paired
84,2,5,6,60,1,1,1,0.953718900680542,0.953718900680542,0.0462811253964901,0.953718900680542,5,3,12,zero_shot_paired
84,3,5,9,60,1,1,1,0.5545477271080017,0.5545477271080017,0.4454522430896759,0.5545477271080017,5,3,12,zero_shot_paired
84,4,5,10,60,0,0,1,0.5457378029823303,0.5457378029823303,0.5457378029823303,0.45426222681999207,5,3,12,zero_shot_paired
84,5,5,16,60,1,1,1,0.5606793165206909,0.5606793165206909,0.43932071328163147,0.5606793165206909,5,3,12,zero_shot_paired
84,0,5,0,60,1,1,1,0.5152140259742737,0.5152140259742737,0.4847859740257263,0.5152140259742737,5,3,12,post_calibration
84,1,5,1,60,1,0,0,0.5254963040351868,0.5254963040351868,0.5254963040351868,0.4745037257671356,5,3,12,post_calibration
84,2,5,6,60,1,1,1,0.958219051361084,0.958219051361084,0.041780903935432434,0.958219051361084,5,3,12,post_calibration
84,3,5,9,60,1,1,1,0.5739731788635254,0.5739731788635254,0.4260267913341522,0.5739731788635254,5,3,12,post_calibration
84,4,5,10,60,0,0,1,0.5345460772514343,0.5345460772514343,0.5345460772514343,0.4654538929462433,5,3,12,post_calibration
84,5,5,16,60,1,1,1,0.5727657079696655,0.5727657079696655,0.4272342920303345,0.5727657079696655,5,3,12,post_calibration
7,0,6,0,60,1,1,1,0.6068534255027771,0.6068534255027771,0.3931465148925781,0.6068534255027771,6,,,zero_shot_all_trials
7,1,6,1,60,1,0,0,0.662020206451416,0.662020206451416,0.662020206451416,0.33797982335090637,6,,,zero_shot_all_trials
7,2,6,2,60,1,1,1,0.6464793682098389,0.6464793682098389,0.35352060198783875,0.6464793682098389,6,,,zero_shot_all_trials
7,3,6,3,60,1,0,0,0.8558455109596252,0.8558455109596252,0.8558455109596252,0.14415448904037476,6,,,zero_shot_all_trials
7,4,6,4,60,1,0,0,0.5735552310943604,0.5735552310943604,0.5735552310943604,0.4264447093009949,6,,,zero_shot_all_trials
7,5,6,5,60,1,1,1,0.6700502038002014,0.6700502038002014,0.3299497961997986,0.6700502038002014,6,,,zero_shot_all_trials
7,6,6,6,60,1,0,0,0.5782546997070312,0.5782546997070312,0.5782546997070312,0.42174530029296875,6,,,zero_shot_all_trials
7,7,6,7,60,1,1,1,0.7819061875343323,0.7819061875343323,0.21809376776218414,0.7819061875343323,6,,,zero_shot_all_trials
7,8,6,8,60,1,1,1,0.74041348695755,0.74041348695755,0.25958654284477234,0.74041348695755,6,,,zero_shot_all_trials
7,9,6,9,60,1,1,1,0.7664192914962769,0.7664192914962769,0.23358066380023956,0.7664192914962769,6,,,zero_shot_all_trials
7,10,6,10,60,0,1,0,0.5991846323013306,0.5991846323013306,0.40081530809402466,0.5991846323013306,6,,,zero_shot_all_trials
7,11,6,11,60,0,1,0,0.7319008111953735,0.7319008111953735,0.26809921860694885,0.7319008111953735,6,,,zero_shot_all_trials
7,12,6,12,60,1,1,1,0.866098940372467,0.866098940372467,0.13390110433101654,0.866098940372467,6,,,zero_shot_all_trials
7,13,6,13,60,1,1,1,0.6310562491416931,0.6310562491416931,0.3689437508583069,0.6310562491416931,6,,,zero_shot_all_trials
7,14,6,14,60,1,1,1,0.7558820247650146,0.7558820247650146,0.24411796033382416,0.7558820247650146,6,,,zero_shot_all_trials
7,15,6,15,60,1,0,0,0.5848085284233093,0.5848085284233093,0.5848085284233093,0.41519153118133545,6,,,zero_shot_all_trials
7,16,6,16,60,1,1,1,0.5235440731048584,0.5235440731048584,0.4764559268951416,0.5235440731048584,6,,,zero_shot_all_trials
7,17,6,17,60,1,1,1,0.6480610370635986,0.6480610370635986,0.35193896293640137,0.6480610370635986,6,,,zero_shot_all_trials
85,0,6,0,60,1,1,1,0.606842577457428,0.606842577457428,0.3931574523448944,0.606842577457428,6,1,3,zero_shot_paired
85,1,6,1,60,1,0,0,0.662004828453064,0.662004828453064,0.662004828453064,0.33799517154693604,6,1,3,zero_shot_paired
85,2,6,3,60,1,0,0,0.8558455109596252,0.8558455109596252,0.8558455109596252,0.14415448904037476,6,1,3,zero_shot_paired
85,3,6,4,60,1,0,0,0.5735626816749573,0.5735626816749573,0.5735626816749573,0.42643728852272034,6,1,3,zero_shot_paired
85,4,6,5,60,1,1,1,0.6700485348701477,0.6700485348701477,0.3299514353275299,0.6700485348701477,6,1,3,zero_shot_paired
85,5,6,6,60,1,0,0,0.5782546997070312,0.5782546997070312,0.5782546997070312,0.42174530029296875,6,1,3,zero_shot_paired
85,6,6,7,60,1,1,1,0.7819074988365173,0.7819074988365173,0.21809248626232147,0.7819074988365173,6,1,3,zero_shot_paired
85,7,6,8,60,1,1,1,0.74041348695755,0.74041348695755,0.25958654284477234,0.74041348695755,6,1,3,zero_shot_paired
85,8,6,9,60,1,1,1,0.7664247751235962,0.7664247751235962,0.2335752248764038,0.7664247751235962,6,1,3,zero_shot_paired
85,9,6,10,60,0,1,0,0.5991865396499634,0.5991865396499634,0.400813490152359,0.5991865396499634,6,1,3,zero_shot_paired
85,10,6,13,60,1,1,1,0.6310562491416931,0.6310562491416931,0.3689437508583069,0.6310562491416931,6,1,3,zero_shot_paired
85,11,6,14,60,1,1,1,0.7558777928352356,0.7558777928352356,0.2441222071647644,0.7558777928352356,6,1,3,zero_shot_paired
85,12,6,15,60,1,0,0,0.5848047733306885,0.5848047733306885,0.5848047733306885,0.41519519686698914,6,1,3,zero_shot_paired
85,13,6,16,60,1,1,1,0.5235536098480225,0.5235536098480225,0.4764464497566223,0.5235536098480225,6,1,3,zero_shot_paired
85,14,6,17,60,1,1,1,0.6480540633201599,0.6480540633201599,0.3519459366798401,0.6480540633201599,6,1,3,zero_shot_paired
85,0,6,0,60,1,1,1,0.6021584272384644,0.6021584272384644,0.39784154295921326,0.6021584272384644,6,1,3,post_calibration
85,1,6,1,60,1,0,0,0.6736229062080383,0.6736229062080383,0.6736229062080383,0.32637709379196167,6,1,3,post_calibration
85,2,6,3,60,1,0,0,0.8477581143379211,0.8477581143379211,0.8477581143379211,0.15224185585975647,6,1,3,post_calibration
85,3,6,4,60,1,0,0,0.5948914885520935,0.5948914885520935,0.5948914885520935,0.4051085412502289,6,1,3,post_calibration
85,4,6,5,60,1,1,1,0.6485324501991272,0.6485324501991272,0.3514675796031952,0.6485324501991272,6,1,3,post_calibration
85,5,6,6,60,1,0,0,0.5959078073501587,0.5959078073501587,0.5959078073501587,0.4040921926498413,6,1,3,post_calibration
85,6,6,7,60,1,1,1,0.7795330286026001,0.7795330286026001,0.2204669862985611,0.7795330286026001,6,1,3,post_calibration
85,7,6,8,60,1,1,1,0.7198423743247986,0.7198423743247986,0.2801576256752014,0.7198423743247986,6,1,3,post_calibration
85,8,6,9,60,1,1,1,0.7604547142982483,0.7604547142982483,0.23954525589942932,0.7604547142982483,6,1,3,post_calibration
85,9,6,10,60,0,1,0,0.588735818862915,0.588735818862915,0.4112641513347626,0.588735818862915,6,1,3,post_calibration
85,10,6,13,60,1,1,1,0.6207060217857361,0.6207060217857361,0.3792939782142639,0.6207060217857361,6,1,3,post_calibration
85,11,6,14,60,1,1,1,0.7551549077033997,0.7551549077033997,0.24484512209892273,0.7551549077033997,6,1,3,post_calibration
85,12,6,15,60,1,0,0,0.6015752553939819,0.6015752553939819,0.6015752553939819,0.39842474460601807,6,1,3,post_calibration
85,13,6,16,60,1,1,1,0.5202087759971619,0.5202087759971619,0.47979119420051575,0.5202087759971619,6,1,3,post_calibration
85,14,6,17,60,1,1,1,0.6163983941078186,0.6163983941078186,0.3836016058921814,0.6163983941078186,6,1,3,post_calibration
86,0,6,0,60,1,1,1,0.6068571209907532,0.6068571209907532,0.3931429088115692,0.6068571209907532,6,2,3,zero_shot_paired
86,1,6,1,60,1,0,0,0.6620184779167175,0.6620184779167175,0.6620184779167175,0.3379814922809601,6,2,3,zero_shot_paired
86,2,6,2,60,1,1,1,0.6464706659317017,0.6464706659317017,0.35352933406829834,0.6464706659317017,6,2,3,zero_shot_paired
86,3,6,3,60,1,0,0,0.8558483719825745,0.8558483719825745,0.8558483719825745,0.14415167272090912,6,2,3,zero_shot_paired
86,4,6,5,60,1,1,1,0.6700519323348999,0.6700519323348999,0.3299480974674225,0.6700519323348999,6,2,3,zero_shot_paired
86,5,6,6,60,1,0,0,0.5782509446144104,0.5782509446144104,0.5782509446144104,0.4217489957809448,6,2,3,zero_shot_paired
86,6,6,7,60,1,1,1,0.7819088101387024,0.7819088101387024,0.2180911749601364,0.7819088101387024,6,2,3,zero_shot_paired
86,7,6,9,60,1,1,1,0.7664220333099365,0.7664220333099365,0.2335779368877411,0.7664220333099365,6,2,3,zero_shot_paired
86,8,6,10,60,0,1,0,0.5991846323013306,0.5991846323013306,0.40081530809402466,0.5991846323013306,6,2,3,zero_shot_paired
86,9,6,11,60,0,1,0,0.7319037318229675,0.7319037318229675,0.2680962383747101,0.7319037318229675,6,2,3,zero_shot_paired
86,10,6,12,60,1,1,1,0.8660980463027954,0.8660980463027954,0.13390198349952698,0.8660980463027954,6,2,3,zero_shot_paired
86,11,6,13,60,1,1,1,0.6310562491416931,0.6310562491416931,0.3689437508583069,0.6310562491416931,6,2,3,zero_shot_paired
86,12,6,14,60,1,1,1,0.755876362323761,0.755876362323761,0.24412359297275543,0.755876362323761,6,2,3,zero_shot_paired
86,13,6,15,60,1,0,0,0.5848047733306885,0.5848047733306885,0.5848047733306885,0.41519519686698914,6,2,3,zero_shot_paired
86,14,6,17,60,1,1,1,0.6480592489242554,0.6480592489242554,0.35194075107574463,0.6480592489242554,6,2,3,zero_shot_paired
86,0,6,0,60,1,1,1,0.6308999061584473,0.6308999061584473,0.36910009384155273,0.6308999061584473,6,2,3,post_calibration
86,1,6,1,60,1,0,0,0.6672916412353516,0.6672916412353516,0.6672916412353516,0.33270832896232605,6,2,3,post_calibration
86,2,6,2,60,1,1,1,0.6578647494316101,0.6578647494316101,0.3421352207660675,0.6578647494316101,6,2,3,post_calibration
86,3,6,3,60,1,0,0,0.8519489765167236,0.8519489765167236,0.8519489765167236,0.14805105328559875,6,2,3,post_calibration
86,4,6,5,60,1,1,1,0.7082977294921875,0.7082977294921875,0.2917023003101349,0.7082977294921875,6,2,3,post_calibration
86,5,6,6,60,1,0,0,0.5308635234832764,0.5308635234832764,0.5308635234832764,0.46913641691207886,6,2,3,post_calibration
86,6,6,7,60,1,1,1,0.8010679483413696,0.8010679483413696,0.19893203675746918,0.8010679483413696,6,2,3,post_calibration
86,7,6,9,60,1,1,1,0.7677633166313171,0.7677633166313171,0.23223666846752167,0.7677633166313171,6,2,3,post_calibration
86,8,6,10,60,0,1,0,0.5886415839195251,0.5886415839195251,0.41135841608047485,0.5886415839195251,6,2,3,post_calibration
86,9,6,11,60,0,1,0,0.7551661729812622,0.7551661729812622,0.244833841919899,0.7551661729812622,6,2,3,post_calibration
86,10,6,12,60,1,1,1,0.8788164258003235,0.8788164258003235,0.12118354439735413,0.8788164258003235,6,2,3,post_calibration
86,11,6,13,60,1,1,1,0.6224091053009033,0.6224091053009033,0.3775908648967743,0.6224091053009033,6,2,3,post_calibration
86,12,6,14,60,1,1,1,0.7739913463592529,0.7739913463592529,0.22600862383842468,0.7739913463592529,6,2,3,post_calibration
86,13,6,15,60,1,0,0,0.5815277695655823,0.5815277695655823,0.5815277695655823,0.4184722304344177,6,2,3,post_calibration
86,14,6,17,60,1,1,1,0.6824266314506531,0.6824266314506531,0.3175733983516693,0.6824266314506531,6,2,3,post_calibration
87,0,6,0,60,1,1,1,0.6068571209907532,0.6068571209907532,0.3931429088115692,0.6068571209907532,6,3,3,zero_shot_paired
87,1,6,1,60,1,0,0,0.6620184779167175,0.6620184779167175,0.6620184779167175,0.3379814922809601,6,3,3,zero_shot_paired
87,2,6,2,60,1,1,1,0.6464706659317017,0.6464706659317017,0.35352933406829834,0.6464706659317017,6,3,3,zero_shot_paired
87,3,6,3,60,1,0,0,0.8558483719825745,0.8558483719825745,0.8558483719825745,0.14415167272090912,6,3,3,zero_shot_paired
87,4,6,4,60,1,0,0,0.5735477805137634,0.5735477805137634,0.5735477805137634,0.42645224928855896,6,3,3,zero_shot_paired
87,5,6,5,60,1,1,1,0.6700519323348999,0.6700519323348999,0.3299480974674225,0.6700519323348999,6,3,3,zero_shot_paired
87,6,6,6,60,1,0,0,0.5782509446144104,0.5782509446144104,0.5782509446144104,0.4217489957809448,6,3,3,zero_shot_paired
87,7,6,7,60,1,1,1,0.7819088101387024,0.7819088101387024,0.2180911749601364,0.7819088101387024,6,3,3,zero_shot_paired
87,8,6,8,60,1,1,1,0.74041348695755,0.74041348695755,0.25958654284477234,0.74041348695755,6,3,3,zero_shot_paired
87,9,6,11,60,0,1,0,0.7319037318229675,0.7319037318229675,0.2680962383747101,0.7319037318229675,6,3,3,zero_shot_paired
87,10,6,12,60,1,1,1,0.8660980463027954,0.8660980463027954,0.13390198349952698,0.8660980463027954,6,3,3,zero_shot_paired
87,11,6,14,60,1,1,1,0.755876362323761,0.755876362323761,0.24412359297275543,0.755876362323761,6,3,3,zero_shot_paired
87,12,6,15,60,1,0,0,0.5848047733306885,0.5848047733306885,0.5848047733306885,0.41519519686698914,6,3,3,zero_shot_paired
87,13,6,16,60,1,1,1,0.5235669016838074,0.5235669016838074,0.476433128118515,0.5235669016838074,6,3,3,zero_shot_paired
87,14,6,17,60,1,1,1,0.6480592489242554,0.6480592489242554,0.35194075107574463,0.6480592489242554,6,3,3,zero_shot_paired
87,0,6,0,60,1,1,1,0.6087794303894043,0.6087794303894043,0.3912205994129181,0.6087794303894043,6,3,3,post_calibration
87,1,6,1,60,1,0,0,0.6662525534629822,0.6662525534629822,0.6662525534629822,0.3337474465370178,6,3,3,post_calibration
87,2,6,2,60,1,1,1,0.6484559178352356,0.6484559178352356,0.3515440821647644,0.6484559178352356,6,3,3,post_calibration
87,3,6,3,60,1,0,0,0.8550454378128052,0.8550454378128052,0.8550454378128052,0.14495453238487244,6,3,3,post_calibration
87,4,6,4,60,1,0,0,0.5697965621948242,0.5697965621948242,0.5697965621948242,0.4302034378051758,6,3,3,post_calibration
87,5,6,5,60,1,1,1,0.6791837215423584,0.6791837215423584,0.3208163380622864,0.6791837215423584,6,3,3,post_calibration
87,6,6,6,60,1,0,0,0.5711519122123718,0.5711519122123718,0.5711519122123718,0.4288480877876282,6,3,3,post_calibration
87,7,6,7,60,1,1,1,0.7799379229545593,0.7799379229545593,0.22006207704544067,0.7799379229545593,6,3,3,post_calibration
87,8,6,8,60,1,1,1,0.7333489060401917,0.7333489060401917,0.26665106415748596,0.7333489060401917,6,3,3,post_calibration
87,9,6,11,60,0,1,0,0.7357321977615356,0.7357321977615356,0.26426786184310913,0.7357321977615356,6,3,3,post_calibration
87,10,6,12,60,1,1,1,0.869535505771637,0.869535505771637,0.13046446442604065,0.869535505771637,6,3,3,post_calibration
87,11,6,14,60,1,1,1,0.7581988573074341,0.7581988573074341,0.2418011724948883,0.7581988573074341,6,3,3,post_calibration
87,12,6,15,60,1,0,0,0.5885916948318481,0.5885916948318481,0.5885916948318481,0.41140827536582947,6,3,3,post_calibration
87,13,6,16,60,1,1,1,0.5281589031219482,0.5281589031219482,0.47184109687805176,0.5281589031219482,6,3,3,post_calibration
87,14,6,17,60,1,1,1,0.6513427495956421,0.6513427495956421,0.3486572504043579,0.6513427495956421,6,3,3,post_calibration
88,0,6,0,60,1,1,1,0.6068571209907532,0.6068571209907532,0.3931429088115692,0.6068571209907532,6,4,3,zero_shot_paired
88,1,6,1,60,1,0,0,0.6620184779167175,0.6620184779167175,0.6620184779167175,0.3379814922809601,6,4,3,zero_shot_paired
88,2,6,2,60,1,1,1,0.6464706659317017,0.6464706659317017,0.35352933406829834,0.6464706659317017,6,4,3,zero_shot_paired
88,3,6,4,60,1,0,0,0.5735477805137634,0.5735477805137634,0.5735477805137634,0.42645224928855896,6,4,3,zero_shot_paired
88,4,6,5,60,1,1,1,0.6700519323348999,0.6700519323348999,0.3299480974674225,0.6700519323348999,6,4,3,zero_shot_paired
88,5,6,6,60,1,0,0,0.5782509446144104,0.5782509446144104,0.5782509446144104,0.4217489957809448,6,4,3,zero_shot_paired
88,6,6,7,60,1,1,1,0.7819088101387024,0.7819088101387024,0.2180911749601364,0.7819088101387024,6,4,3,zero_shot_paired
88,7,6,8,60,1,1,1,0.74041348695755,0.74041348695755,0.25958654284477234,0.74041348695755,6,4,3,zero_shot_paired
88,8,6,9,60,1,1,1,0.7664220333099365,0.7664220333099365,0.2335779368877411,0.7664220333099365,6,4,3,zero_shot_paired
88,9,6,10,60,0,1,0,0.5991846323013306,0.5991846323013306,0.40081530809402466,0.5991846323013306,6,4,3,zero_shot_paired
88,10,6,11,60,0,1,0,0.7319037318229675,0.7319037318229675,0.2680962383747101,0.7319037318229675,6,4,3,zero_shot_paired
88,11,6,12,60,1,1,1,0.8660980463027954,0.8660980463027954,0.13390198349952698,0.8660980463027954,6,4,3,zero_shot_paired
88,12,6,13,60,1,1,1,0.6310562491416931,0.6310562491416931,0.3689437508583069,0.6310562491416931,6,4,3,zero_shot_paired
88,13,6,14,60,1,1,1,0.755876362323761,0.755876362323761,0.24412359297275543,0.755876362323761,6,4,3,zero_shot_paired
88,14,6,16,60,1,1,1,0.5235669016838074,0.5235669016838074,0.476433128118515,0.5235669016838074,6,4,3,zero_shot_paired
88,0,6,0,60,1,1,1,0.612430989742279,0.612430989742279,0.38756898045539856,0.612430989742279,6,4,3,post_calibration
88,1,6,1,60,1,0,0,0.6475213766098022,0.6475213766098022,0.6475213766098022,0.35247859358787537,6,4,3,post_calibration
88,2,6,2,60,1,1,1,0.6583711504936218,0.6583711504936218,0.3416288197040558,0.6583711504936218,6,4,3,post_calibration
88,3,6,4,60,1,0,0,0.5491306781768799,0.5491306781768799,0.5491306781768799,0.4508693516254425,6,4,3,post_calibration
88,4,6,5,60,1,1,1,0.690606415271759,0.690606415271759,0.30939364433288574,0.690606415271759,6,4,3,post_calibration
88,5,6,6,60,1,0,0,0.5458531379699707,0.5458531379699707,0.5458531379699707,0.4541468024253845,6,4,3,post_calibration
88,6,6,7,60,1,1,1,0.8034715056419373,0.8034715056419373,0.19652846455574036,0.8034715056419373,6,4,3,post_calibration
88,7,6,8,60,1,1,1,0.7646377086639404,0.7646377086639404,0.23536232113838196,0.7646377086639404,6,4,3,post_calibration
88,8,6,9,60,1,1,1,0.7729473114013672,0.7729473114013672,0.22705264389514923,0.7729473114013672,6,4,3,post_calibration
88,9,6,10,60,0,1,0,0.6109195947647095,0.6109195947647095,0.38908034563064575,0.6109195947647095,6,4,3,post_calibration
88,10,6,11,60,0,1,0,0.7501010894775391,0.7501010894775391,0.24989891052246094,0.7501010894775391,6,4,3,post_calibration
88,11,6,12,60,1,1,1,0.8741737604141235,0.8741737604141235,0.12582622468471527,0.8741737604141235,6,4,3,post_calibration
88,12,6,13,60,1,1,1,0.6433520317077637,0.6433520317077637,0.35664793848991394,0.6433520317077637,6,4,3,post_calibration
88,13,6,14,60,1,1,1,0.7663974761962891,0.7663974761962891,0.23360253870487213,0.7663974761962891,6,4,3,post_calibration
88,14,6,16,60,1,1,1,0.5343599915504456,0.5343599915504456,0.46563994884490967,0.5343599915504456,6,4,3,post_calibration
89,0,6,0,60,1,1,1,0.6068571209907532,0.6068571209907532,0.3931429088115692,0.6068571209907532,6,5,3,zero_shot_paired
89,1,6,2,60,1,1,1,0.6464706659317017,0.6464706659317017,0.35352933406829834,0.6464706659317017,6,5,3,zero_shot_paired
89,2,6,3,60,1,0,0,0.8558483719825745,0.8558483719825745,0.8558483719825745,0.14415167272090912,6,5,3,zero_shot_paired
89,3,6,4,60,1,0,0,0.5735477805137634,0.5735477805137634,0.5735477805137634,0.42645224928855896,6,5,3,zero_shot_paired
89,4,6,5,60,1,1,1,0.6700519323348999,0.6700519323348999,0.3299480974674225,0.6700519323348999,6,5,3,zero_shot_paired
89,5,6,8,60,1,1,1,0.74041348695755,0.74041348695755,0.25958654284477234,0.74041348695755,6,5,3,zero_shot_paired
89,6,6,9,60,1,1,1,0.7664220333099365,0.7664220333099365,0.2335779368877411,0.7664220333099365,6,5,3,zero_shot_paired
89,7,6,10,60,0,1,0,0.5991846323013306,0.5991846323013306,0.40081530809402466,0.5991846323013306,6,5,3,zero_shot_paired
89,8,6,11,60,0,1,0,0.7319037318229675,0.7319037318229675,0.2680962383747101,0.7319037318229675,6,5,3,zero_shot_paired
89,9,6,12,60,1,1,1,0.8660980463027954,0.8660980463027954,0.13390198349952698,0.8660980463027954,6,5,3,zero_shot_paired
89,10,6,13,60,1,1,1,0.6310562491416931,0.6310562491416931,0.3689437508583069,0.6310562491416931,6,5,3,zero_shot_paired
89,11,6,14,60,1,1,1,0.755876362323761,0.755876362323761,0.24412359297275543,0.755876362323761,6,5,3,zero_shot_paired
89,12,6,15,60,1,0,0,0.5848047733306885,0.5848047733306885,0.5848047733306885,0.41519519686698914,6,5,3,zero_shot_paired
89,13,6,16,60,1,1,1,0.5235669016838074,0.5235669016838074,0.476433128118515,0.5235669016838074,6,5,3,zero_shot_paired
89,14,6,17,60,1,1,1,0.6480592489242554,0.6480592489242554,0.35194075107574463,0.6480592489242554,6,5,3,zero_shot_paired
89,0,6,0,60,1,1,1,0.6034536361694336,0.6034536361694336,0.3965463936328888,0.6034536361694336,6,5,3,post_calibration
89,1,6,2,60,1,1,1,0.6648871898651123,0.6648871898651123,0.3351128399372101,0.6648871898651123,6,5,3,post_calibration
89,2,6,3,60,1,0,0,0.8566184043884277,0.8566184043884277,0.8566184043884277,0.14338156580924988,6,5,3,post_calibration
89,3,6,4,60,1,0,0,0.5605345964431763,0.5605345964431763,0.5605345964431763,0.43946540355682373,6,5,3,post_calibration
89,4,6,5,60,1,1,1,0.6931517720222473,0.6931517720222473,0.3068482577800751,0.6931517720222473,6,5,3,post_calibration
89,5,6,8,60,1,1,1,0.7535304427146912,0.7535304427146912,0.24646958708763123,0.7535304427146912,6,5,3,post_calibration
89,6,6,9,60,1,1,1,0.7860806584358215,0.7860806584358215,0.21391937136650085,0.7860806584358215,6,5,3,post_calibration
89,7,6,10,60,0,1,0,0.613091766834259,0.613091766834259,0.38690823316574097,0.613091766834259,6,5,3,post_calibration
89,8,6,11,60,0,1,0,0.7436453700065613,0.7436453700065613,0.2563546299934387,0.7436453700065613,6,5,3,post_calibration
89,9,6,12,60,1,1,1,0.8726223707199097,0.8726223707199097,0.12737761437892914,0.8726223707199097,6,5,3,post_calibration
89,10,6,13,60,1,1,1,0.6484054923057556,0.6484054923057556,0.3515945076942444,0.6484054923057556,6,5,3,post_calibration
89,11,6,14,60,1,1,1,0.7628660202026367,0.7628660202026367,0.23713400959968567,0.7628660202026367,6,5,3,post_calibration
89,12,6,15,60,1,0,0,0.5661365985870361,0.5661365985870361,0.5661365985870361,0.43386340141296387,6,5,3,post_calibration
89,13,6,16,60,1,1,1,0.5301928520202637,0.5301928520202637,0.4698072075843811,0.5301928520202637,6,5,3,post_calibration
89,14,6,17,60,1,1,1,0.6707430481910706,0.6707430481910706,0.32925689220428467,0.6707430481910706,6,5,3,post_calibration
90,0,6,1,60,1,0,0,0.6620184779167175,0.6620184779167175,0.6620184779167175,0.3379814922809601,6,6,3,zero_shot_paired
90,1,6,2,60,1,1,1,0.6464706659317017,0.6464706659317017,0.35352933406829834,0.6464706659317017,6,6,3,zero_shot_paired
90,2,6,3,60,1,0,0,0.8558483719825745,0.8558483719825745,0.8558483719825745,0.14415167272090912,6,6,3,zero_shot_paired
90,3,6,4,60,1,0,0,0.5735477805137634,0.5735477805137634,0.5735477805137634,0.42645224928855896,6,6,3,zero_shot_paired
90,4,6,6,60,1,0,0,0.5782509446144104,0.5782509446144104,0.5782509446144104,0.4217489957809448,6,6,3,zero_shot_paired
90,5,6,7,60,1,1,1,0.7819088101387024,0.7819088101387024,0.2180911749601364,0.7819088101387024,6,6,3,zero_shot_paired
90,6,6,8,60,1,1,1,0.74041348695755,0.74041348695755,0.25958654284477234,0.74041348695755,6,6,3,zero_shot_paired
90,7,6,9,60,1,1,1,0.7664220333099365,0.7664220333099365,0.2335779368877411,0.7664220333099365,6,6,3,zero_shot_paired
90,8,6,10,60,0,1,0,0.5991846323013306,0.5991846323013306,0.40081530809402466,0.5991846323013306,6,6,3,zero_shot_paired
90,9,6,11,60,0,1,0,0.7319037318229675,0.7319037318229675,0.2680962383747101,0.7319037318229675,6,6,3,zero_shot_paired
90,10,6,12,60,1,1,1,0.8660980463027954,0.8660980463027954,0.13390198349952698,0.8660980463027954,6,6,3,zero_shot_paired
90,11,6,13,60,1,1,1,0.6310562491416931,0.6310562491416931,0.3689437508583069,0.6310562491416931,6,6,3,zero_shot_paired
90,12,6,15,60,1,0,0,0.5848047733306885,0.5848047733306885,0.5848047733306885,0.41519519686698914,6,6,3,zero_shot_paired
90,13,6,16,60,1,1,1,0.5235669016838074,0.5235669016838074,0.476433128118515,0.5235669016838074,6,6,3,zero_shot_paired
90,14,6,17,60,1,1,1,0.6480592489242554,0.6480592489242554,0.35194075107574463,0.6480592489242554,6,6,3,zero_shot_paired
90,0,6,1,60,1,0,0,0.6668731570243835,0.6668731570243835,0.6668731570243835,0.33312684297561646,6,6,3,post_calibration
90,1,6,2,60,1,1,1,0.6567683815956116,0.6567683815956116,0.3432316482067108,0.6567683815956116,6,6,3,post_calibration
90,2,6,3,60,1,0,0,0.8361974954605103,0.8361974954605103,0.8361974954605103,0.16380251944065094,6,6,3,post_calibration
90,3,6,4,60,1,0,0,0.5372481942176819,0.5372481942176819,0.5372481942176819,0.4627518653869629,6,6,3,post_calibration
90,4,6,6,60,1,0,0,0.5565540194511414,0.5565540194511414,0.5565540194511414,0.44344601035118103,6,6,3,post_calibration
90,5,6,7,60,1,1,1,0.7957721948623657,0.7957721948623657,0.20422780513763428,0.7957721948623657,6,6,3,post_calibration
90,6,6,8,60,1,1,1,0.7344589233398438,0.7344589233398438,0.26554107666015625,0.7344589233398438,6,6,3,post_calibration
90,7,6,9,60,1,1,1,0.7679468989372253,0.7679468989372253,0.23205308616161346,0.7679468989372253,6,6,3,post_calibration
90,8,6,10,60,0,1,0,0.5845806002616882,0.5845806002616882,0.4154193699359894,0.5845806002616882,6,6,3,post_calibration
90,9,6,11,60,0,1,0,0.7404427528381348,0.7404427528381348,0.25955721735954285,0.7404427528381348,6,6,3,post_calibration
90,10,6,12,60,1,1,1,0.8787580132484436,0.8787580132484436,0.12124204635620117,0.8787580132484436,6,6,3,post_calibration
90,11,6,13,60,1,1,1,0.6168565154075623,0.6168565154075623,0.38314351439476013,0.6168565154075623,6,6,3,post_calibration
90,12,6,15,60,1,0,0,0.5904693007469177,0.5904693007469177,0.5904693007469177,0.4095306992530823,6,6,3,post_calibration
90,13,6,16,60,1,1,1,0.5475699305534363,0.5475699305534363,0.4524300694465637,0.5475699305534363,6,6,3,post_calibration
90,14,6,17,60,1,1,1,0.6511521339416504,0.6511521339416504,0.3488478660583496,0.6511521339416504,6,6,3,post_calibration
91,0,6,0,60,1,1,1,0.6068571209907532,0.6068571209907532,0.3931429088115692,0.6068571209907532,6,1,6,zero_shot_paired
91,1,6,1,60,1,0,0,0.6620184779167175,0.6620184779167175,0.6620184779167175,0.3379814922809601,6,1,6,zero_shot_paired
91,2,6,2,60,1,1,1,0.6464706659317017,0.6464706659317017,0.35352933406829834,0.6464706659317017,6,1,6,zero_shot_paired
91,3,6,3,60,1,0,0,0.8558483719825745,0.8558483719825745,0.8558483719825745,0.14415167272090912,6,1,6,zero_shot_paired
91,4,6,4,60,1,0,0,0.5735477805137634,0.5735477805137634,0.5735477805137634,0.42645224928855896,6,1,6,zero_shot_paired
91,5,6,7,60,1,1,1,0.7819088101387024,0.7819088101387024,0.2180911749601364,0.7819088101387024,6,1,6,zero_shot_paired
91,6,6,9,60,1,1,1,0.7664220333099365,0.7664220333099365,0.2335779368877411,0.7664220333099365,6,1,6,zero_shot_paired
91,7,6,10,60,0,1,0,0.5991846323013306,0.5991846323013306,0.40081530809402466,0.5991846323013306,6,1,6,zero_shot_paired
91,8,6,11,60,0,1,0,0.7319037318229675,0.7319037318229675,0.2680962383747101,0.7319037318229675,6,1,6,zero_shot_paired
91,9,6,13,60,1,1,1,0.6310562491416931,0.6310562491416931,0.3689437508583069,0.6310562491416931,6,1,6,zero_shot_paired
91,10,6,14,60,1,1,1,0.755876362323761,0.755876362323761,0.24412359297275543,0.755876362323761,6,1,6,zero_shot_paired
91,11,6,16,60,1,1,1,0.5235669016838074,0.5235669016838074,0.476433128118515,0.5235669016838074,6,1,6,zero_shot_paired
91,0,6,0,60,1,1,1,0.6138316988945007,0.6138316988945007,0.3861682713031769,0.6138316988945007,6,1,6,post_calibration
91,1,6,1,60,1,0,0,0.6458357572555542,0.6458357572555542,0.6458357572555542,0.3541643023490906,6,1,6,post_calibration
91,2,6,2,60,1,1,1,0.6670646667480469,0.6670646667480469,0.3329353332519531,0.6670646667480469,6,1,6,post_calibration
91,3,6,3,60,1,0,0,0.8570358753204346,0.8570358753204346,0.8570358753204346,0.14296415448188782,6,1,6,post_calibration
91,4,6,4,60,1,0,0,0.5283737182617188,0.5283737182617188,0.5283737182617188,0.47162628173828125,6,1,6,post_calibration
91,5,6,7,60,1,1,1,0.7904949188232422,0.7904949188232422,0.20950505137443542,0.7904949188232422,6,1,6,post_calibration
91,6,6,9,60,1,1,1,0.7762719988822937,0.7762719988822937,0.2237279862165451,0.7762719988822937,6,1,6,post_calibration
91,7,6,10,60,0,1,0,0.5962788462638855,0.5962788462638855,0.4037211239337921,0.5962788462638855,6,1,6,post_calibration
91,8,6,11,60,0,1,0,0.7596198320388794,0.7596198320388794,0.24038010835647583,0.7596198320388794,6,1,6,post_calibration
91,9,6,13,60,1,1,1,0.6264045238494873,0.6264045238494873,0.3735954463481903,0.6264045238494873,6,1,6,post_calibration
91,10,6,14,60,1,1,1,0.7726459503173828,0.7726459503173828,0.22735407948493958,0.7726459503173828,6,1,6,post_calibration
91,11,6,16,60,1,1,1,0.5574576258659363,0.5574576258659363,0.4425423741340637,0.5574576258659363,6,1,6,post_calibration
92,0,6,0,60,1,1,1,0.6068571209907532,0.6068571209907532,0.3931429088115692,0.6068571209907532,6,2,6,zero_shot_paired
92,1,6,3,60,1,0,0,0.8558483719825745,0.8558483719825745,0.8558483719825745,0.14415167272090912,6,2,6,zero_shot_paired
92,2,6,5,60,1,1,1,0.6700519323348999,0.6700519323348999,0.3299480974674225,0.6700519323348999,6,2,6,zero_shot_paired
92,3,6,6,60,1,0,0,0.5782509446144104,0.5782509446144104,0.5782509446144104,0.4217489957809448,6,2,6,zero_shot_paired
92,4,6,8,60,1,1,1,0.74041348695755,0.74041348695755,0.25958654284477234,0.74041348695755,6,2,6,zero_shot_paired
92,5,6,10,60,0,1,0,0.5991846323013306,0.5991846323013306,0.40081530809402466,0.5991846323013306,6,2,6,zero_shot_paired
92,6,6,12,60,1,1,1,0.8660980463027954,0.8660980463027954,0.13390198349952698,0.8660980463027954,6,2,6,zero_shot_paired
92,7,6,13,60,1,1,1,0.6310562491416931,0.6310562491416931,0.3689437508583069,0.6310562491416931,6,2,6,zero_shot_paired
92,8,6,14,60,1,1,1,0.755876362323761,0.755876362323761,0.24412359297275543,0.755876362323761,6,2,6,zero_shot_paired
92,9,6,15,60,1,0,0,0.5848047733306885,0.5848047733306885,0.5848047733306885,0.41519519686698914,6,2,6,zero_shot_paired
92,10,6,16,60,1,1,1,0.5235669016838074,0.5235669016838074,0.476433128118515,0.5235669016838074,6,2,6,zero_shot_paired
92,11,6,17,60,1,1,1,0.6480592489242554,0.6480592489242554,0.35194075107574463,0.6480592489242554,6,2,6,zero_shot_paired
92,0,6,0,60,1,1,1,0.6001279950141907,0.6001279950141907,0.3998720645904541,0.6001279950141907,6,2,6,post_calibration
92,1,6,3,60,1,0,0,0.8458837270736694,0.8458837270736694,0.8458837270736694,0.15411624312400818,6,2,6,post_calibration
92,2,6,5,60,1,1,1,0.6624775528907776,0.6624775528907776,0.3375224471092224,0.6624775528907776,6,2,6,post_calibration
92,3,6,6,60,1,0,0,0.5767989754676819,0.5767989754676819,0.5767989754676819,0.42320096492767334,6,2,6,post_calibration
92,4,6,8,60,1,1,1,0.739301860332489,0.739301860332489,0.2606981098651886,0.739301860332489,6,2,6,post_calibration
92,5,6,10,60,0,1,0,0.608161449432373,0.608161449432373,0.39183855056762695,0.608161449432373,6,2,6,post_calibration
92,6,6,12,60,1,1,1,0.8583961725234985,0.8583961725234985,0.14160382747650146,0.8583961725234985,6,2,6,post_calibration
92,7,6,13,60,1,1,1,0.6454639434814453,0.6454639434814453,0.3545360267162323,0.6454639434814453,6,2,6,post_calibration
92,8,6,14,60,1,1,1,0.7635636329650879,0.7635636329650879,0.23643635213375092,0.7635636329650879,6,2,6,post_calibration
92,9,6,15,60,1,0,0,0.591041088104248,0.591041088104248,0.591041088104248,0.40895891189575195,6,2,6,post_calibration
92,10,6,16,60,1,1,1,0.516892671585083,0.516892671585083,0.4831073582172394,0.516892671585083,6,2,6,post_calibration
92,11,6,17,60,1,1,1,0.6318569779396057,0.6318569779396057,0.3681429922580719,0.6318569779396057,6,2,6,post_calibration
93,0,6,1,60,1,0,0,0.6620184779167175,0.6620184779167175,0.6620184779167175,0.3379814922809601,6,3,6,zero_shot_paired
93,1,6,2,60,1,1,1,0.6464706659317017,0.6464706659317017,0.35352933406829834,0.6464706659317017,6,3,6,zero_shot_paired
93,2,6,4,60,1,0,0,0.5735477805137634,0.5735477805137634,0.5735477805137634,0.42645224928855896,6,3,6,zero_shot_paired
93,3,6,5,60,1,1,1,0.6700519323348999,0.6700519323348999,0.3299480974674225,0.6700519323348999,6,3,6,zero_shot_paired
93,4,6,6,60,1,0,0,0.5782509446144104,0.5782509446144104,0.5782509446144104,0.4217489957809448,6,3,6,zero_shot_paired
93,5,6,7,60,1,1,1,0.7819088101387024,0.7819088101387024,0.2180911749601364,0.7819088101387024,6,3,6,zero_shot_paired
93,6,6,8,60,1,1,1,0.74041348695755,0.74041348695755,0.25958654284477234,0.74041348695755,6,3,6,zero_shot_paired
93,7,6,9,60,1,1,1,0.7664220333099365,0.7664220333099365,0.2335779368877411,0.7664220333099365,6,3,6,zero_shot_paired
93,8,6,11,60,0,1,0,0.7319037318229675,0.7319037318229675,0.2680962383747101,0.7319037318229675,6,3,6,zero_shot_paired
93,9,6,12,60,1,1,1,0.8660980463027954,0.8660980463027954,0.13390198349952698,0.8660980463027954,6,3,6,zero_shot_paired
93,10,6,15,60,1,0,0,0.5848047733306885,0.5848047733306885,0.5848047733306885,0.41519519686698914,6,3,6,zero_shot_paired
93,11,6,17,60,1,1,1,0.6480592489242554,0.6480592489242554,0.35194075107574463,0.6480592489242554,6,3,6,zero_shot_paired
93,0,6,1,60,1,0,0,0.6683765053749084,0.6683765053749084,0.6683765053749084,0.33162346482276917,6,3,6,post_calibration
93,1,6,2,60,1,1,1,0.6537593007087708,0.6537593007087708,0.34624072909355164,0.6537593007087708,6,3,6,post_calibration
93,2,6,4,60,1,0,0,0.5490777492523193,0.5490777492523193,0.5490777492523193,0.4509221911430359,6,3,6,post_calibration
93,3,6,5,60,1,1,1,0.6980095505714417,0.6980095505714417,0.30199047923088074,0.6980095505714417,6,3,6,post_calibration
93,4,6,6,60,1,0,0,0.5608916282653809,0.5608916282653809,0.5608916282653809,0.43910834193229675,6,3,6,post_calibration
93,5,6,7,60,1,1,1,0.8008112907409668,0.8008112907409668,0.1991887092590332,0.8008112907409668,6,3,6,post_calibration
93,6,6,8,60,1,1,1,0.7297184467315674,0.7297184467315674,0.27028152346611023,0.7297184467315674,6,3,6,post_calibration
93,7,6,9,60,1,1,1,0.7742075324058533,0.7742075324058533,0.22579249739646912,0.7742075324058533,6,3,6,post_calibration
93,8,6,11,60,0,1,0,0.7302072048187256,0.7302072048187256,0.269792765378952,0.7302072048187256,6,3,6,post_calibration
93,9,6,12,60,1,1,1,0.8760209083557129,0.8760209083557129,0.12397914379835129,0.8760209083557129,6,3,6,post_calibration
93,10,6,15,60,1,0,0,0.5965782403945923,0.5965782403945923,0.5965782403945923,0.4034218192100525,6,3,6,post_calibration
93,11,6,17,60,1,1,1,0.6428722143173218,0.6428722143173218,0.35712775588035583,0.6428722143173218,6,3,6,post_calibration
94,0,6,0,60,1,1,1,0.6068589091300964,0.6068589091300964,0.3931410610675812,0.6068589091300964,6,1,9,zero_shot_paired
94,1,6,1,60,1,0,0,0.6620219349861145,0.6620219349861145,0.6620219349861145,0.3379781246185303,6,1,9,zero_shot_paired
94,2,6,2,60,1,1,1,0.6464654207229614,0.6464654207229614,0.3535345494747162,0.6464654207229614,6,1,9,zero_shot_paired
94,3,6,6,60,1,0,0,0.5782490968704224,0.5782490968704224,0.5782490968704224,0.42175090312957764,6,1,9,zero_shot_paired
94,4,6,8,60,1,1,1,0.7404119968414307,0.7404119968414307,0.25958800315856934,0.7404119968414307,6,1,9,zero_shot_paired
94,5,6,9,60,1,1,1,0.7664247751235962,0.7664247751235962,0.2335752248764038,0.7664247751235962,6,1,9,zero_shot_paired
94,6,6,11,60,0,1,0,0.7319097518920898,0.7319097518920898,0.26809024810791016,0.7319097518920898,6,1,9,zero_shot_paired
94,7,6,15,60,1,0,0,0.5848066210746765,0.5848066210746765,0.5848066210746765,0.4151933193206787,6,1,9,zero_shot_paired
94,8,6,17,60,1,1,1,0.6480679512023926,0.6480679512023926,0.35193201899528503,0.6480679512023926,6,1,9,zero_shot_paired
94,0,6,0,60,1,1,1,0.6436285376548767,0.6436285376548767,0.3563714027404785,0.6436285376548767,6,1,9,post_calibration
94,1,6,1,60,1,0,0,0.6737117767333984,0.6737117767333984,0.6737117767333984,0.3262881934642792,6,1,9,post_calibration
94,2,6,2,60,1,1,1,0.6552412509918213,0.6552412509918213,0.3447588086128235,0.6552412509918213,6,1,9,post_calibration
94,3,6,6,60,1,0,0,0.5404274463653564,0.5404274463653564,0.5404274463653564,0.45957255363464355,6,1,9,post_calibration
94,4,6,8,60,1,1,1,0.73221355676651,0.73221355676651,0.2677864730358124,0.73221355676651,6,1,9,post_calibration
94,5,6,9,60,1,1,1,0.7641719579696655,0.7641719579696655,0.23582808673381805,0.7641719579696655,6,1,9,post_calibration
94,6,6,11,60,0,1,0,0.7396458387374878,0.7396458387374878,0.2603541910648346,0.7396458387374878,6,1,9,post_calibration
94,7,6,15,60,1,0,0,0.5939295291900635,0.5939295291900635,0.5939295291900635,0.4060705304145813,6,1,9,post_calibration
94,8,6,17,60,1,1,1,0.6636263728141785,0.6636263728141785,0.33637362718582153,0.6636263728141785,6,1,9,post_calibration
95,0,6,3,60,1,0,0,0.8558455109596252,0.8558455109596252,0.8558455109596252,0.14415448904037476,6,2,9,zero_shot_paired
95,1,6,4,60,1,0,0,0.5735515356063843,0.5735515356063843,0.5735515356063843,0.4264484643936157,6,2,9,zero_shot_paired
95,2,6,5,60,1,1,1,0.6700586080551147,0.6700586080551147,0.32994136214256287,0.6700586080551147,6,2,9,zero_shot_paired
95,3,6,7,60,1,1,1,0.7819101214408875,0.7819101214408875,0.21808987855911255,0.7819101214408875,6,2,9,zero_shot_paired
95,4,6,10,60,0,1,0,0.5991809964179993,0.5991809964179993,0.40081897377967834,0.5991809964179993,6,2,9,zero_shot_paired
95,5,6,12,60,1,1,1,0.8661007285118103,0.8661007285118103,0.13389933109283447,0.8661007285118103,6,2,9,zero_shot_paired
95,6,6,13,60,1,1,1,0.6310580372810364,0.6310580372810364,0.368941992521286,0.6310580372810364,6,2,9,zero_shot_paired
95,7,6,14,60,1,1,1,0.7558848857879639,0.7558848857879639,0.24411514401435852,0.7558848857879639,6,2,9,zero_shot_paired
95,8,6,16,60,1,1,1,0.5235536098480225,0.5235536098480225,0.4764464497566223,0.5235536098480225,6,2,9,zero_shot_paired
95,0,6,3,60,1,0,0,0.8553251028060913,0.8553251028060913,0.8553251028060913,0.1446748524904251,6,2,9,post_calibration
95,1,6,4,60,1,0,0,0.5707986950874329,0.5707986950874329,0.5707986950874329,0.4292013347148895,6,2,9,post_calibration
95,2,6,5,60,1,1,1,0.6874464750289917,0.6874464750289917,0.3125535547733307,0.6874464750289917,6,2,9,post_calibration
95,3,6,7,60,1,1,1,0.7876748442649841,0.7876748442649841,0.21232514083385468,0.7876748442649841,6,2,9,post_calibration
95,4,6,10,60,0,1,0,0.6302458643913269,0.6302458643913269,0.3697541058063507,0.6302458643913269,6,2,9,post_calibration
95,5,6,12,60,1,1,1,0.8682379126548767,0.8682379126548767,0.13176211714744568,0.8682379126548767,6,2,9,post_calibration
95,6,6,13,60,1,1,1,0.6599224209785461,0.6599224209785461,0.3400775194168091,0.6599224209785461,6,2,9,post_calibration
95,7,6,14,60,1,1,1,0.768628716468811,0.768628716468811,0.23137126863002777,0.768628716468811,6,2,9,post_calibration
95,8,6,16,60,1,1,1,0.5265976786613464,0.5265976786613464,0.47340238094329834,0.5265976786613464,6,2,9,post_calibration
96,0,6,1,60,1,0,0,0.6620748043060303,0.6620748043060303,0.6620748043060303,0.33792516589164734,6,1,12,zero_shot_paired
96,1,6,4,60,1,0,0,0.5734936594963074,0.5734936594963074,0.5734936594963074,0.42650631070137024,6,1,12,zero_shot_paired
96,2,6,9,60,1,1,1,0.7664671540260315,0.7664671540260315,0.2335328608751297,0.7664671540260315,6,1,12,zero_shot_paired
96,3,6,10,60,0,1,0,0.5993000864982605,0.5993000864982605,0.4006998836994171,0.5993000864982605,6,1,12,zero_shot_paired
96,4,6,12,60,1,1,1,0.8660873770713806,0.8660873770713806,0.1339126080274582,0.8660873770713806,6,1,12,zero_shot_paired
96,5,6,16,60,1,1,1,0.5235821008682251,0.5235821008682251,0.4764178991317749,0.5235821008682251,6,1,12,zero_shot_paired
96,0,6,1,60,1,0,0,0.6325807571411133,0.6325807571411133,0.6325807571411133,0.3674192428588867,6,1,12,post_calibration
96,1,6,4,60,1,0,0,0.5661572217941284,0.5661572217941284,0.5661572217941284,0.43384280800819397,6,1,12,post_calibration
96,2,6,9,60,1,1,1,0.7863973379135132,0.7863973379135132,0.21360264718532562,0.7863973379135132,6,1,12,post_calibration
96,3,6,10,60,0,1,0,0.6362665891647339,0.6362665891647339,0.3637334108352661,0.6362665891647339,6,1,12,post_calibration
96,4,6,12,60,1,1,1,0.8697024583816528,0.8697024583816528,0.13029751181602478,0.8697024583816528,6,1,12,post_calibration
96,5,6,16,60,1,1,1,0.5254296660423279,0.5254296660423279,0.4745703339576721,0.5254296660423279,6,1,12,post_calibration
97,0,6,0,60,1,1,1,0.6067496538162231,0.6067496538162231,0.3932502865791321,0.6067496538162231,6,2,12,zero_shot_paired
97,1,6,3,60,1,0,0,0.8558521270751953,0.8558521270751953,0.8558521270751953,0.14414791762828827,6,2,12,zero_shot_paired
97,2,6,8,60,1,1,1,0.7406553030014038,0.7406553030014038,0.2593446671962738,0.7406553030014038,6,2,12,zero_shot_paired
97,3,6,11,60,0,1,0,0.731948733329773,0.731948733329773,0.2680513262748718,0.731948733329773,6,2,12,zero_shot_paired
97,4,6,12,60,1,1,1,0.8660873770713806,0.8660873770713806,0.1339126080274582,0.8660873770713806,6,2,12,zero_shot_paired
97,5,6,15,60,1,0,0,0.5848955512046814,0.5848955512046814,0.5848955512046814,0.4151044189929962,6,2,12,zero_shot_paired
97,0,6,0,60,1,1,1,0.618958592414856,0.618958592414856,0.38104140758514404,0.618958592414856,6,2,12,post_calibration
97,1,6,3,60,1,0,0,0.8523027300834656,0.8523027300834656,0.8523027300834656,0.14769726991653442,6,2,12,post_calibration
97,2,6,8,60,1,1,1,0.7495229244232178,0.7495229244232178,0.250477135181427,0.7495229244232178,6,2,12,post_calibration
97,3,6,11,60,0,1,0,0.7556595206260681,0.7556595206260681,0.2443404644727707,0.7556595206260681,6,2,12,post_calibration
97,4,6,12,60,1,1,1,0.883160412311554,0.883160412311554,0.11683957278728485,0.883160412311554,6,2,12,post_calibration
97,5,6,15,60,1,0,0,0.5784705281257629,0.5784705281257629,0.5784705281257629,0.42152950167655945,6,2,12,post_calibration
98,0,6,4,60,1,0,0,0.5734936594963074,0.5734936594963074,0.5734936594963074,0.42650631070137024,6,3,12,zero_shot_paired
98,1,6,5,60,1,1,1,0.6701598763465881,0.6701598763465881,0.32984015345573425,0.6701598763465881,6,3,12,zero_shot_paired
98,2,6,9,60,1,1,1,0.7664671540260315,0.7664671540260315,0.2335328608751297,0.7664671540260315,6,3,12,zero_shot_paired
98,3,6,11,60,0,1,0,0.731948733329773,0.731948733329773,0.2680513262748718,0.731948733329773,6,3,12,zero_shot_paired
98,4,6,15,60,1,0,0,0.5848955512046814,0.5848955512046814,0.5848955512046814,0.4151044189929962,6,3,12,zero_shot_paired
98,5,6,16,60,1,1,1,0.5235821008682251,0.5235821008682251,0.4764178991317749,0.5235821008682251,6,3,12,zero_shot_paired
98,0,6,4,60,1,0,0,0.5484108924865723,0.5484108924865723,0.5484108924865723,0.4515891373157501,6,3,12,post_calibration
98,1,6,5,60,1,1,1,0.6995207071304321,0.6995207071304321,0.30047929286956787,0.6995207071304321,6,3,12,post_calibration
98,2,6,9,60,1,1,1,0.7864486575126648,0.7864486575126648,0.2135513871908188,0.7864486575126648,6,3,12,post_calibration
98,3,6,11,60,0,1,0,0.7351294755935669,0.7351294755935669,0.2648705542087555,0.7351294755935669,6,3,12,post_calibration
98,4,6,15,60,1,0,0,0.5843527317047119,0.5843527317047119,0.5843527317047119,0.4156472682952881,6,3,12,post_calibration
98,5,6,16,60,1,1,1,0.5455183982849121,0.5455183982849121,0.4544816315174103,0.5455183982849121,6,3,12,post_calibration
8,0,7,0,60,0,1,0,0.741447389125824,0.741447389125824,0.2585526406764984,0.741447389125824,7,,,zero_shot_all_trials
8,1,7,1,60,1,0,0,0.6424394845962524,0.6424394845962524,0.6424394845962524,0.35756051540374756,7,,,zero_shot_all_trials
8,2,7,2,60,1,1,1,0.5789876580238342,0.5789876580238342,0.42101240158081055,0.5789876580238342,7,,,zero_shot_all_trials
8,3,7,3,60,1,0,0,0.5099817514419556,0.5099817514419556,0.5099817514419556,0.49001824855804443,7,,,zero_shot_all_trials
8,4,7,4,60,0,1,0,0.5847121477127075,0.5847121477127075,0.4152878522872925,0.5847121477127075,7,,,zero_shot_all_trials
8,5,7,5,60,1,1,1,0.6774640083312988,0.6774640083312988,0.3225359618663788,0.6774640083312988,7,,,zero_shot_all_trials
8,6,7,6,60,0,0,1,0.7850422263145447,0.7850422263145447,0.7850422263145447,0.2149578183889389,7,,,zero_shot_all_trials
8,7,7,7,60,1,0,0,0.5981600284576416,0.5981600284576416,0.5981600284576416,0.4018399715423584,7,,,zero_shot_all_trials
8,8,7,8,60,1,1,1,0.5838782787322998,0.5838782787322998,0.4161217212677002,0.5838782787322998,7,,,zero_shot_all_trials
8,9,7,9,60,1,1,1,0.5994613766670227,0.5994613766670227,0.40053868293762207,0.5994613766670227,7,,,zero_shot_all_trials
8,10,7,10,60,0,1,0,0.5533468723297119,0.5533468723297119,0.4466530978679657,0.5533468723297119,7,,,zero_shot_all_trials
8,11,7,11,60,0,1,0,0.5094249844551086,0.5094249844551086,0.49057501554489136,0.5094249844551086,7,,,zero_shot_all_trials
8,12,7,12,60,1,0,0,0.8141798377037048,0.8141798377037048,0.8141798377037048,0.18582019209861755,7,,,zero_shot_all_trials
8,13,7,13,60,0,1,0,0.5898215770721436,0.5898215770721436,0.41017842292785645,0.5898215770721436,7,,,zero_shot_all_trials
8,14,7,14,60,1,0,0,0.7182610630989075,0.7182610630989075,0.7182610630989075,0.2817389965057373,7,,,zero_shot_all_trials
8,15,7,15,60,1,0,0,0.8273088335990906,0.8273088335990906,0.8273088335990906,0.17269115149974823,7,,,zero_shot_all_trials
8,16,7,16,60,1,1,1,0.8142964243888855,0.8142964243888855,0.18570363521575928,0.8142964243888855,7,,,zero_shot_all_trials
8,17,7,17,60,1,0,0,0.5274286866188049,0.5274286866188049,0.5274286866188049,0.4725712537765503,7,,,zero_shot_all_trials
99,0,7,0,60,0,1,0,0.7414458990097046,0.7414458990097046,0.2585541009902954,0.7414458990097046,7,1,3,zero_shot_paired
99,1,7,1,60,1,0,0,0.6424412131309509,0.6424412131309509,0.6424412131309509,0.3575587570667267,7,1,3,zero_shot_paired
99,2,7,2,60,1,1,1,0.5789783000946045,0.5789783000946045,0.4210216701030731,0.5789783000946045,7,1,3,zero_shot_paired
99,3,7,3,60,1,0,0,0.5099817514419556,0.5099817514419556,0.5099817514419556,0.49001824855804443,7,1,3,zero_shot_paired
99,4,7,5,60,1,1,1,0.6774640083312988,0.6774640083312988,0.3225359618663788,0.6774640083312988,7,1,3,zero_shot_paired
99,5,7,6,60,0,0,1,0.7850370407104492,0.7850370407104492,0.7850370407104492,0.21496295928955078,7,1,3,zero_shot_paired
99,6,7,7,60,1,0,0,0.5981398224830627,0.5981398224830627,0.5981398224830627,0.40186017751693726,7,1,3,zero_shot_paired
99,7,7,8,60,1,1,1,0.5838819742202759,0.5838819742202759,0.4161180555820465,0.5838819742202759,7,1,3,zero_shot_paired
99,8,7,9,60,1,1,1,0.599446713924408,0.599446713924408,0.4005533456802368,0.599446713924408,7,1,3,zero_shot_paired
99,9,7,10,60,0,1,0,0.5533487796783447,0.5533487796783447,0.4466512203216553,0.5533487796783447,7,1,3,zero_shot_paired
99,10,7,11,60,0,1,0,0.5094230771064758,0.5094230771064758,0.4905768632888794,0.5094230771064758,7,1,3,zero_shot_paired
99,11,7,12,60,1,0,0,0.8141751885414124,0.8141751885414124,0.8141751885414124,0.18582481145858765,7,1,3,zero_shot_paired
99,12,7,13,60,0,1,0,0.5898252725601196,0.5898252725601196,0.410174697637558,0.5898252725601196,7,1,3,zero_shot_paired
99,13,7,14,60,1,0,0,0.7182672023773193,0.7182672023773193,0.7182672023773193,0.28173279762268066,7,1,3,zero_shot_paired
99,14,7,16,60,1,1,1,0.8142974972724915,0.8142974972724915,0.18570247292518616,0.8142974972724915,7,1,3,zero_shot_paired
99,0,7,0,60,0,1,0,0.7251562476158142,0.7251562476158142,0.2748437523841858,0.7251562476158142,7,1,3,post_calibration
99,1,7,1,60,1,0,0,0.6312054395675659,0.6312054395675659,0.6312054395675659,0.3687945604324341,7,1,3,post_calibration
99,2,7,2,60,1,1,1,0.5672887563705444,0.5672887563705444,0.43271127343177795,0.5672887563705444,7,1,3,post_calibration
99,3,7,3,60,1,0,0,0.5144498348236084,0.5144498348236084,0.5144498348236084,0.4855501055717468,7,1,3,post_calibration
99,4,7,5,60,1,1,1,0.6563813090324402,0.6563813090324402,0.3436187207698822,0.6563813090324402,7,1,3,post_calibration
99,5,7,6,60,0,0,1,0.7729339599609375,0.7729339599609375,0.7729339599609375,0.2270660400390625,7,1,3,post_calibration
99,6,7,7,60,1,0,0,0.5978555679321289,0.5978555679321289,0.5978555679321289,0.4021444618701935,7,1,3,post_calibration
99,7,7,8,60,1,1,1,0.5797331929206848,0.5797331929206848,0.4202667772769928,0.5797331929206848,7,1,3,post_calibration
99,8,7,9,60,1,1,1,0.591219961643219,0.591219961643219,0.408780038356781,0.591219961643219,7,1,3,post_calibration
99,9,7,10,60,0,1,0,0.5394078493118286,0.5394078493118286,0.4605921506881714,0.5394078493118286,7,1,3,post_calibration
99,10,7,11,60,0,1,0,0.5138323307037354,0.5138323307037354,0.4861676096916199,0.5138323307037354,7,1,3,post_calibration
99,11,7,12,60,1,0,0,0.8109822869300842,0.8109822869300842,0.8109822869300842,0.18901768326759338,7,1,3,post_calibration
99,12,7,13,60,0,1,0,0.5910577178001404,0.5910577178001404,0.408942312002182,0.5910577178001404,7,1,3,post_calibration
99,13,7,14,60,1,0,0,0.7066460847854614,0.7066460847854614,0.7066460847854614,0.2933538556098938,7,1,3,post_calibration
99,14,7,16,60,1,1,1,0.8083629012107849,0.8083629012107849,0.19163715839385986,0.8083629012107849,7,1,3,post_calibration
100,0,7,0,60,0,1,0,0.7414458990097046,0.7414458990097046,0.2585541009902954,0.7414458990097046,7,2,3,zero_shot_paired
100,1,7,1,60,1,0,0,0.6424394845962524,0.6424394845962524,0.6424394845962524,0.35756051540374756,7,2,3,zero_shot_paired
100,2,7,2,60,1,1,1,0.5790061950683594,0.5790061950683594,0.42099377512931824,0.5790061950683594,7,2,3,zero_shot_paired
100,3,7,4,60,0,1,0,0.5847343802452087,0.5847343802452087,0.41526558995246887,0.5847343802452087,7,2,3,zero_shot_paired
100,4,7,5,60,1,1,1,0.6774640083312988,0.6774640083312988,0.3225359618663788,0.6774640083312988,7,2,3,zero_shot_paired
100,5,7,6,60,0,0,1,0.7850344181060791,0.7850344181060791,0.7850344181060791,0.21496553719043732,7,2,3,zero_shot_paired
100,6,7,7,60,1,0,0,0.5981507897377014,0.5981507897377014,0.5981507897377014,0.4018491506576538,7,2,3,zero_shot_paired
100,7,7,8,60,1,1,1,0.5838764309883118,0.5838764309883118,0.41612356901168823,0.5838764309883118,7,2,3,zero_shot_paired
100,8,7,9,60,1,1,1,0.5994558334350586,0.5994558334350586,0.4005441665649414,0.5994558334350586,7,2,3,zero_shot_paired
100,9,7,10,60,0,1,0,0.5533393621444702,0.5533393621444702,0.4466606080532074,0.5533393621444702,7,2,3,zero_shot_paired
100,10,7,11,60,0,1,0,0.5094078183174133,0.5094078183174133,0.4905921518802643,0.5094078183174133,7,2,3,zero_shot_paired
100,11,7,12,60,1,0,0,0.8141751885414124,0.8141751885414124,0.8141751885414124,0.18582481145858765,7,2,3,zero_shot_paired
100,12,7,14,60,1,0,0,0.7182595133781433,0.7182595133781433,0.7182595133781433,0.2817405164241791,7,2,3,zero_shot_paired
100,13,7,15,60,1,0,0,0.8273088335990906,0.8273088335990906,0.8273088335990906,0.17269115149974823,7,2,3,zero_shot_paired
100,14,7,17,60,1,0,0,0.5274268388748169,0.5274268388748169,0.5274268388748169,0.4725731909275055,7,2,3,zero_shot_paired
100,0,7,0,60,0,1,0,0.7578672170639038,0.7578672170639038,0.24213281273841858,0.7578672170639038,7,2,3,post_calibration
100,1,7,1,60,1,0,0,0.6255703568458557,0.6255703568458557,0.6255703568458557,0.3744296729564667,7,2,3,post_calibration
100,2,7,2,60,1,1,1,0.6027084589004517,0.6027084589004517,0.39729154109954834,0.6027084589004517,7,2,3,post_calibration
100,3,7,4,60,0,1,0,0.5966938734054565,0.5966938734054565,0.40330609679222107,0.5966938734054565,7,2,3,post_calibration
100,4,7,5,60,1,1,1,0.6880034804344177,0.6880034804344177,0.3119964897632599,0.6880034804344177,7,2,3,post_calibration
100,5,7,6,60,0,0,1,0.7862332463264465,0.7862332463264465,0.7862332463264465,0.21376672387123108,7,2,3,post_calibration
100,6,7,7,60,1,0,0,0.5803520083427429,0.5803520083427429,0.5803520083427429,0.4196479618549347,7,2,3,post_calibration
100,7,7,8,60,1,1,1,0.5902736783027649,0.5902736783027649,0.4097262918949127,0.5902736783027649,7,2,3,post_calibration
100,8,7,9,60,1,1,1,0.5884420871734619,0.5884420871734619,0.4115579426288605,0.5884420871734619,7,2,3,post_calibration
100,9,7,10,60,0,1,0,0.5599237084388733,0.5599237084388733,0.4400763213634491,0.5599237084388733,7,2,3,post_calibration
100,10,7,11,60,0,0,1,0.5113829970359802,0.5113829970359802,0.5113829970359802,0.4886170029640198,7,2,3,post_calibration
100,11,7,12,60,1,0,0,0.8136088848114014,0.8136088848114014,0.8136088848114014,0.18639105558395386,7,2,3,post_calibration
100,12,7,14,60,1,0,0,0.7130602598190308,0.7130602598190308,0.7130602598190308,0.2869397699832916,7,2,3,post_calibration
100,13,7,15,60,1,0,0,0.8261810541152954,0.8261810541152954,0.8261810541152954,0.1738189309835434,7,2,3,post_calibration
100,14,7,17,60,1,0,0,0.5267916321754456,0.5267916321754456,0.5267916321754456,0.47320836782455444,7,2,3,post_calibration
101,0,7,0,60,0,1,0,0.7414458990097046,0.7414458990097046,0.2585541009902954,0.7414458990097046,7,3,3,zero_shot_paired
101,1,7,1,60,1,0,0,0.6424394845962524,0.6424394845962524,0.6424394845962524,0.35756051540374756,7,3,3,zero_shot_paired
101,2,7,3,60,1,0,0,0.5099817514419556,0.5099817514419556,0.5099817514419556,0.49001824855804443,7,3,3,zero_shot_paired
101,3,7,4,60,0,1,0,0.5847343802452087,0.5847343802452087,0.41526558995246887,0.5847343802452087,7,3,3,zero_shot_paired
101,4,7,5,60,1,1,1,0.6774640083312988,0.6774640083312988,0.3225359618663788,0.6774640083312988,7,3,3,zero_shot_paired
101,5,7,7,60,1,0,0,0.5981507897377014,0.5981507897377014,0.5981507897377014,0.4018491506576538,7,3,3,zero_shot_paired
101,6,7,8,60,1,1,1,0.5838764309883118,0.5838764309883118,0.41612356901168823,0.5838764309883118,7,3,3,zero_shot_paired
101,7,7,10,60,0,1,0,0.5533393621444702,0.5533393621444702,0.4466606080532074,0.5533393621444702,7,3,3,zero_shot_paired
101,8,7,11,60,0,1,0,0.5094078183174133,0.5094078183174133,0.4905921518802643,0.5094078183174133,7,3,3,zero_shot_paired
101,9,7,12,60,1,0,0,0.8141751885414124,0.8141751885414124,0.8141751885414124,0.18582481145858765,7,3,3,zero_shot_paired
101,10,7,13,60,0,1,0,0.5898104906082153,0.5898104906082153,0.41018950939178467,0.5898104906082153,7,3,3,zero_shot_paired
101,11,7,14,60,1,0,0,0.7182595133781433,0.7182595133781433,0.7182595133781433,0.2817405164241791,7,3,3,zero_shot_paired
101,12,7,15,60,1,0,0,0.8273088335990906,0.8273088335990906,0.8273088335990906,0.17269115149974823,7,3,3,zero_shot_paired
101,13,7,16,60,1,1,1,0.8142894506454468,0.8142894506454468,0.18571056425571442,0.8142894506454468,7,3,3,zero_shot_paired
101,14,7,17,60,1,0,0,0.5274268388748169,0.5274268388748169,0.5274268388748169,0.4725731909275055,7,3,3,zero_shot_paired
101,0,7,0,60,0,1,0,0.7289413213729858,0.7289413213729858,0.27105867862701416,0.7289413213729858,7,3,3,post_calibration
101,1,7,1,60,1,0,0,0.6549188494682312,0.6549188494682312,0.6549188494682312,0.3450811207294464,7,3,3,post_calibration
101,2,7,3,60,1,0,0,0.5290998816490173,0.5290998816490173,0.5290998816490173,0.4709000587463379,7,3,3,post_calibration
101,3,7,4,60,0,1,0,0.5701929926872253,0.5701929926872253,0.42980700731277466,0.5701929926872253,7,3,3,post_calibration
101,4,7,5,60,1,1,1,0.6604821681976318,0.6604821681976318,0.33951789140701294,0.6604821681976318,7,3,3,post_calibration
101,5,7,7,60,1,0,0,0.5981324911117554,0.5981324911117554,0.5981324911117554,0.40186750888824463,7,3,3,post_calibration
101,6,7,8,60,1,1,1,0.5797127485275269,0.5797127485275269,0.42028722167015076,0.5797127485275269,7,3,3,post_calibration
101,7,7,10,60,0,1,0,0.542827308177948,0.542827308177948,0.457172691822052,0.542827308177948,7,3,3,post_calibration
101,8,7,11,60,0,1,0,0.5070757865905762,0.5070757865905762,0.49292421340942383,0.5070757865905762,7,3,3,post_calibration
101,9,7,12,60,1,0,0,0.8221835494041443,0.8221835494041443,0.8221835494041443,0.1778164505958557,7,3,3,post_calibration
101,10,7,13,60,0,1,0,0.5865487456321716,0.5865487456321716,0.41345125436782837,0.5865487456321716,7,3,3,post_calibration
101,11,7,14,60,1,0,0,0.7170428037643433,0.7170428037643433,0.7170428037643433,0.28295713663101196,7,3,3,post_calibration
101,12,7,15,60,1,0,0,0.8332090377807617,0.8332090377807617,0.8332090377807617,0.1667909473180771,7,3,3,post_calibration
101,13,7,16,60,1,1,1,0.8055294156074524,0.8055294156074524,0.1944705694913864,0.8055294156074524,7,3,3,post_calibration
101,14,7,17,60,1,0,0,0.5407760739326477,0.5407760739326477,0.5407760739326477,0.4592238962650299,7,3,3,post_calibration
102,0,7,1,60,1,0,0,0.6424394845962524,0.6424394845962524,0.6424394845962524,0.35756051540374756,7,4,3,zero_shot_paired
102,1,7,2,60,1,1,1,0.5790061950683594,0.5790061950683594,0.42099377512931824,0.5790061950683594,7,4,3,zero_shot_paired
102,2,7,3,60,1,0,0,0.5099817514419556,0.5099817514419556,0.5099817514419556,0.49001824855804443,7,4,3,zero_shot_paired
102,3,7,4,60,0,1,0,0.5847343802452087,0.5847343802452087,0.41526558995246887,0.5847343802452087,7,4,3,zero_shot_paired
102,4,7,5,60,1,1,1,0.6774640083312988,0.6774640083312988,0.3225359618663788,0.6774640083312988,7,4,3,zero_shot_paired
102,5,7,6,60,0,0,1,0.7850344181060791,0.7850344181060791,0.7850344181060791,0.21496553719043732,7,4,3,zero_shot_paired
102,6,7,8,60,1,1,1,0.5838764309883118,0.5838764309883118,0.41612356901168823,0.5838764309883118,7,4,3,zero_shot_paired
102,7,7,9,60,1,1,1,0.5994558334350586,0.5994558334350586,0.4005441665649414,0.5994558334350586,7,4,3,zero_shot_paired
102,8,7,10,60,0,1,0,0.5533393621444702,0.5533393621444702,0.4466606080532074,0.5533393621444702,7,4,3,zero_shot_paired
102,9,7,11,60,0,1,0,0.5094078183174133,0.5094078183174133,0.4905921518802643,0.5094078183174133,7,4,3,zero_shot_paired
102,10,7,12,60,1,0,0,0.8141751885414124,0.8141751885414124,0.8141751885414124,0.18582481145858765,7,4,3,zero_shot_paired
102,11,7,13,60,0,1,0,0.5898104906082153,0.5898104906082153,0.41018950939178467,0.5898104906082153,7,4,3,zero_shot_paired
102,12,7,15,60,1,0,0,0.8273088335990906,0.8273088335990906,0.8273088335990906,0.17269115149974823,7,4,3,zero_shot_paired
102,13,7,16,60,1,1,1,0.8142894506454468,0.8142894506454468,0.18571056425571442,0.8142894506454468,7,4,3,zero_shot_paired
102,14,7,17,60,1,0,0,0.5274268388748169,0.5274268388748169,0.5274268388748169,0.4725731909275055,7,4,3,zero_shot_paired
102,0,7,1,60,1,0,0,0.6425498723983765,0.6425498723983765,0.6425498723983765,0.35745009779930115,7,4,3,post_calibration
102,1,7,2,60,1,1,1,0.5629106163978577,0.5629106163978577,0.43708938360214233,0.5629106163978577,7,4,3,post_calibration
102,2,7,3,60,1,0,0,0.5066638588905334,0.5066638588905334,0.5066638588905334,0.49333611130714417,7,4,3,post_calibration
102,3,7,4,60,0,1,0,0.5689266920089722,0.5689266920089722,0.43107327818870544,0.5689266920089722,7,4,3,post_calibration
102,4,7,5,60,1,1,1,0.6599960327148438,0.6599960327148438,0.34000393748283386,0.6599960327148438,7,4,3,post_calibration
102,5,7,6,60,0,0,1,0.7828285694122314,0.7828285694122314,0.7828285694122314,0.21717146039009094,7,4,3,post_calibration
102,6,7,8,60,1,1,1,0.5976042151451111,0.5976042151451111,0.4023957848548889,0.5976042151451111,7,4,3,post_calibration
102,7,7,9,60,1,1,1,0.6002487540245056,0.6002487540245056,0.3997512459754944,0.6002487540245056,7,4,3,post_calibration
102,8,7,10,60,0,1,0,0.5375269651412964,0.5375269651412964,0.462473064661026,0.5375269651412964,7,4,3,post_calibration
102,9,7,11,60,0,1,0,0.5188776254653931,0.5188776254653931,0.4811224341392517,0.5188776254653931,7,4,3,post_calibration
102,10,7,12,60,1,0,0,0.8220406770706177,0.8220406770706177,0.8220406770706177,0.17795926332473755,7,4,3,post_calibration
102,11,7,13,60,0,1,0,0.6057352423667908,0.6057352423667908,0.39426472783088684,0.6057352423667908,7,4,3,post_calibration
102,12,7,15,60,1,0,0,0.819018542766571,0.819018542766571,0.819018542766571,0.18098144233226776,7,4,3,post_calibration
102,13,7,16,60,1,1,1,0.8129357695579529,0.8129357695579529,0.18706421554088593,0.8129357695579529,7,4,3,post_calibration
102,14,7,17,60,1,0,0,0.5278869867324829,0.5278869867324829,0.5278869867324829,0.4721130430698395,7,4,3,post_calibration
103,0,7,0,60,0,1,0,0.7414458990097046,0.7414458990097046,0.2585541009902954,0.7414458990097046,7,5,3,zero_shot_paired
103,1,7,1,60,1,0,0,0.6424394845962524,0.6424394845962524,0.6424394845962524,0.35756051540374756,7,5,3,zero_shot_paired
103,2,7,2,60,1,1,1,0.5790061950683594,0.5790061950683594,0.42099377512931824,0.5790061950683594,7,5,3,zero_shot_paired
103,3,7,3,60,1,0,0,0.5099817514419556,0.5099817514419556,0.5099817514419556,0.49001824855804443,7,5,3,zero_shot_paired
103,4,7,4,60,0,1,0,0.5847343802452087,0.5847343802452087,0.41526558995246887,0.5847343802452087,7,5,3,zero_shot_paired
103,5,7,6,60,0,0,1,0.7850344181060791,0.7850344181060791,0.7850344181060791,0.21496553719043732,7,5,3,zero_shot_paired
103,6,7,7,60,1,0,0,0.5981507897377014,0.5981507897377014,0.5981507897377014,0.4018491506576538,7,5,3,zero_shot_paired
103,7,7,8,60,1,1,1,0.5838764309883118,0.5838764309883118,0.41612356901168823,0.5838764309883118,7,5,3,zero_shot_paired
103,8,7,9,60,1,1,1,0.5994558334350586,0.5994558334350586,0.4005441665649414,0.5994558334350586,7,5,3,zero_shot_paired
103,9,7,11,60,0,1,0,0.5094078183174133,0.5094078183174133,0.4905921518802643,0.5094078183174133,7,5,3,zero_shot_paired
103,10,7,13,60,0,1,0,0.5898104906082153,0.5898104906082153,0.41018950939178467,0.5898104906082153,7,5,3,zero_shot_paired
103,11,7,14,60,1,0,0,0.7182595133781433,0.7182595133781433,0.7182595133781433,0.2817405164241791,7,5,3,zero_shot_paired
103,12,7,15,60,1,0,0,0.8273088335990906,0.8273088335990906,0.8273088335990906,0.17269115149974823,7,5,3,zero_shot_paired
103,13,7,16,60,1,1,1,0.8142894506454468,0.8142894506454468,0.18571056425571442,0.8142894506454468,7,5,3,zero_shot_paired
103,14,7,17,60,1,0,0,0.5274268388748169,0.5274268388748169,0.5274268388748169,0.4725731909275055,7,5,3,zero_shot_paired
103,0,7,0,60,0,1,0,0.7409908175468445,0.7409908175468445,0.2590092122554779,0.7409908175468445,7,5,3,post_calibration
103,1,7,1,60,1,0,0,0.6393491625785828,0.6393491625785828,0.6393491625785828,0.36065083742141724,7,5,3,post_calibration
103,2,7,2,60,1,1,1,0.584134042263031,0.584134042263031,0.415865957736969,0.584134042263031,7,5,3,post_calibration
103,3,7,3,60,1,0,0,0.5085879564285278,0.5085879564285278,0.5085879564285278,0.49141204357147217,7,5,3,post_calibration
103,4,7,4,60,0,1,0,0.594821572303772,0.594821572303772,0.40517839789390564,0.594821572303772,7,5,3,post_calibration
103,5,7,6,60,0,0,1,0.7704201936721802,0.7704201936721802,0.7704201936721802,0.22957974672317505,7,5,3,post_calibration
103,6,7,7,60,1,0,0,0.6138027906417847,0.6138027906417847,0.6138027906417847,0.3861972391605377,7,5,3,post_calibration
103,7,7,8,60,1,1,1,0.5745514631271362,0.5745514631271362,0.42544853687286377,0.5745514631271362,7,5,3,post_calibration
103,8,7,9,60,1,1,1,0.6062198281288147,0.6062198281288147,0.3937801718711853,0.6062198281288147,7,5,3,post_calibration
103,9,7,11,60,0,1,0,0.5135846138000488,0.5135846138000488,0.48641538619995117,0.5135846138000488,7,5,3,post_calibration
103,10,7,13,60,0,1,0,0.5929870009422302,0.5929870009422302,0.4070129692554474,0.5929870009422302,7,5,3,post_calibration
103,11,7,14,60,1,0,0,0.7338066697120667,0.7338066697120667,0.7338066697120667,0.26619330048561096,7,5,3,post_calibration
103,12,7,15,60,1,0,0,0.8247995376586914,0.8247995376586914,0.8247995376586914,0.1752004623413086,7,5,3,post_calibration
103,13,7,16,60,1,1,1,0.8245733976364136,0.8245733976364136,0.17542657256126404,0.8245733976364136,7,5,3,post_calibration
103,14,7,17,60,1,0,0,0.5220860838890076,0.5220860838890076,0.5220860838890076,0.47791391611099243,7,5,3,post_calibration
104,0,7,0,60,0,1,0,0.7414458990097046,0.7414458990097046,0.2585541009902954,0.7414458990097046,7,6,3,zero_shot_paired
104,1,7,2,60,1,1,1,0.5790061950683594,0.5790061950683594,0.42099377512931824,0.5790061950683594,7,6,3,zero_shot_paired
104,2,7,3,60,1,0,0,0.5099817514419556,0.5099817514419556,0.5099817514419556,0.49001824855804443,7,6,3,zero_shot_paired
104,3,7,4,60,0,1,0,0.5847343802452087,0.5847343802452087,0.41526558995246887,0.5847343802452087,7,6,3,zero_shot_paired
104,4,7,5,60,1,1,1,0.6774640083312988,0.6774640083312988,0.3225359618663788,0.6774640083312988,7,6,3,zero_shot_paired
104,5,7,6,60,0,0,1,0.7850344181060791,0.7850344181060791,0.7850344181060791,0.21496553719043732,7,6,3,zero_shot_paired
104,6,7,7,60,1,0,0,0.5981507897377014,0.5981507897377014,0.5981507897377014,0.4018491506576538,7,6,3,zero_shot_paired
104,7,7,9,60,1,1,1,0.5994558334350586,0.5994558334350586,0.4005441665649414,0.5994558334350586,7,6,3,zero_shot_paired
104,8,7,10,60,0,1,0,0.5533393621444702,0.5533393621444702,0.4466606080532074,0.5533393621444702,7,6,3,zero_shot_paired
104,9,7,12,60,1,0,0,0.8141751885414124,0.8141751885414124,0.8141751885414124,0.18582481145858765,7,6,3,zero_shot_paired
104,10,7,13,60,0,1,0,0.5898104906082153,0.5898104906082153,0.41018950939178467,0.5898104906082153,7,6,3,zero_shot_paired
104,11,7,14,60,1,0,0,0.7182595133781433,0.7182595133781433,0.7182595133781433,0.2817405164241791,7,6,3,zero_shot_paired
104,12,7,15,60,1,0,0,0.8273088335990906,0.8273088335990906,0.8273088335990906,0.17269115149974823,7,6,3,zero_shot_paired
104,13,7,16,60,1,1,1,0.8142894506454468,0.8142894506454468,0.18571056425571442,0.8142894506454468,7,6,3,zero_shot_paired
104,14,7,17,60,1,0,0,0.5274268388748169,0.5274268388748169,0.5274268388748169,0.4725731909275055,7,6,3,zero_shot_paired
104,0,7,0,60,0,1,0,0.7503484487533569,0.7503484487533569,0.24965155124664307,0.7503484487533569,7,6,3,post_calibration
104,1,7,2,60,1,1,1,0.5879153609275818,0.5879153609275818,0.4120846390724182,0.5879153609275818,7,6,3,post_calibration
104,2,7,3,60,1,1,1,0.5071768760681152,0.5071768760681152,0.49282312393188477,0.5071768760681152,7,6,3,post_calibration
104,3,7,4,60,0,1,0,0.5792014598846436,0.5792014598846436,0.42079851031303406,0.5792014598846436,7,6,3,post_calibration
104,4,7,5,60,1,1,1,0.6845062971115112,0.6845062971115112,0.31549373269081116,0.6845062971115112,7,6,3,post_calibration
104,5,7,6,60,0,0,1,0.7794451117515564,0.7794451117515564,0.7794451117515564,0.22055484354496002,7,6,3,post_calibration
104,6,7,7,60,1,0,0,0.5951231122016907,0.5951231122016907,0.5951231122016907,0.4048768877983093,7,6,3,post_calibration
104,7,7,9,60,1,1,1,0.5881463885307312,0.5881463885307312,0.4118536114692688,0.5881463885307312,7,6,3,post_calibration
104,8,7,10,60,0,1,0,0.5627285242080688,0.5627285242080688,0.43727147579193115,0.5627285242080688,7,6,3,post_calibration
104,9,7,12,60,1,0,0,0.8143875002861023,0.8143875002861023,0.8143875002861023,0.1856125146150589,7,6,3,post_calibration
104,10,7,13,60,0,1,0,0.5661816000938416,0.5661816000938416,0.43381842970848083,0.5661816000938416,7,6,3,post_calibration
104,11,7,14,60,1,0,0,0.7156010270118713,0.7156010270118713,0.7156010270118713,0.2843989431858063,7,6,3,post_calibration
104,12,7,15,60,1,0,0,0.8277183175086975,0.8277183175086975,0.8277183175086975,0.17228169739246368,7,6,3,post_calibration
104,13,7,16,60,1,1,1,0.8010874390602112,0.8010874390602112,0.1989126056432724,0.8010874390602112,7,6,3,post_calibration
104,14,7,17,60,1,0,0,0.5331658124923706,0.5331658124923706,0.5331658124923706,0.4668342173099518,7,6,3,post_calibration
105,0,7,0,60,0,1,0,0.7414458990097046,0.7414458990097046,0.2585541009902954,0.7414458990097046,7,1,6,zero_shot_paired
105,1,7,1,60,1,0,0,0.6424394845962524,0.6424394845962524,0.6424394845962524,0.35756051540374756,7,1,6,zero_shot_paired
105,2,7,2,60,1,1,1,0.5790061950683594,0.5790061950683594,0.42099377512931824,0.5790061950683594,7,1,6,zero_shot_paired
105,3,7,3,60,1,0,0,0.5099817514419556,0.5099817514419556,0.5099817514419556,0.49001824855804443,7,1,6,zero_shot_paired
105,4,7,4,60,0,1,0,0.5847343802452087,0.5847343802452087,0.41526558995246887,0.5847343802452087,7,1,6,zero_shot_paired
105,5,7,5,60,1,1,1,0.6774640083312988,0.6774640083312988,0.3225359618663788,0.6774640083312988,7,1,6,zero_shot_paired
105,6,7,7,60,1,0,0,0.5981507897377014,0.5981507897377014,0.5981507897377014,0.4018491506576538,7,1,6,zero_shot_paired
105,7,7,9,60,1,1,1,0.5994558334350586,0.5994558334350586,0.4005441665649414,0.5994558334350586,7,1,6,zero_shot_paired
105,8,7,10,60,0,1,0,0.5533393621444702,0.5533393621444702,0.4466606080532074,0.5533393621444702,7,1,6,zero_shot_paired
105,9,7,13,60,0,1,0,0.5898104906082153,0.5898104906082153,0.41018950939178467,0.5898104906082153,7,1,6,zero_shot_paired
105,10,7,15,60,1,0,0,0.8273088335990906,0.8273088335990906,0.8273088335990906,0.17269115149974823,7,1,6,zero_shot_paired
105,11,7,17,60,1,0,0,0.5274268388748169,0.5274268388748169,0.5274268388748169,0.4725731909275055,7,1,6,zero_shot_paired
105,0,7,0,60,0,1,0,0.7506041526794434,0.7506041526794434,0.24939581751823425,0.7506041526794434,7,1,6,post_calibration
105,1,7,1,60,1,0,0,0.6257222890853882,0.6257222890853882,0.6257222890853882,0.3742777705192566,7,1,6,post_calibration
105,2,7,2,60,1,1,1,0.5998660922050476,0.5998660922050476,0.4001339077949524,0.5998660922050476,7,1,6,post_calibration
105,3,7,3,60,1,1,1,0.5152292847633362,0.5152292847633362,0.4847707152366638,0.5152292847633362,7,1,6,post_calibration
105,4,7,4,60,0,1,0,0.5951175689697266,0.5951175689697266,0.40488240122795105,0.5951175689697266,7,1,6,post_calibration
105,5,7,5,60,1,1,1,0.6917219161987305,0.6917219161987305,0.30827808380126953,0.6917219161987305,7,1,6,post_calibration
105,6,7,7,60,1,0,0,0.5745066404342651,0.5745066404342651,0.5745066404342651,0.4254933297634125,7,1,6,post_calibration
105,7,7,9,60,1,1,1,0.5993495583534241,0.5993495583534241,0.4006504416465759,0.5993495583534241,7,1,6,post_calibration
105,8,7,10,60,0,1,0,0.5575517416000366,0.5575517416000366,0.44244828820228577,0.5575517416000366,7,1,6,post_calibration
105,9,7,13,60,0,1,0,0.5923645496368408,0.5923645496368408,0.40763550996780396,0.5923645496368408,7,1,6,post_calibration
105,10,7,15,60,1,0,0,0.8171142935752869,0.8171142935752869,0.8171142935752869,0.18288567662239075,7,1,6,post_calibration
105,11,7,17,60,1,0,0,0.5221755504608154,0.5221755504608154,0.5221755504608154,0.47782444953918457,7,1,6,post_calibration
106,0,7,0,60,0,1,0,0.7414458990097046,0.7414458990097046,0.2585541009902954,0.7414458990097046,7,2,6,zero_shot_paired
106,1,7,2,60,1,1,1,0.5790061950683594,0.5790061950683594,0.42099377512931824,0.5790061950683594,7,2,6,zero_shot_paired
106,2,7,3,60,1,0,0,0.5099817514419556,0.5099817514419556,0.5099817514419556,0.49001824855804443,7,2,6,zero_shot_paired
106,3,7,6,60,0,0,1,0.7850344181060791,0.7850344181060791,0.7850344181060791,0.21496553719043732,7,2,6,zero_shot_paired
106,4,7,7,60,1,0,0,0.5981507897377014,0.5981507897377014,0.5981507897377014,0.4018491506576538,7,2,6,zero_shot_paired
106,5,7,8,60,1,1,1,0.5838764309883118,0.5838764309883118,0.41612356901168823,0.5838764309883118,7,2,6,zero_shot_paired
106,6,7,10,60,0,1,0,0.5533393621444702,0.5533393621444702,0.4466606080532074,0.5533393621444702,7,2,6,zero_shot_paired
106,7,7,11,60,0,1,0,0.5094078183174133,0.5094078183174133,0.4905921518802643,0.5094078183174133,7,2,6,zero_shot_paired
106,8,7,12,60,1,0,0,0.8141751885414124,0.8141751885414124,0.8141751885414124,0.18582481145858765,7,2,6,zero_shot_paired
106,9,7,14,60,1,0,0,0.7182595133781433,0.7182595133781433,0.7182595133781433,0.2817405164241791,7,2,6,zero_shot_paired
106,10,7,15,60,1,0,0,0.8273088335990906,0.8273088335990906,0.8273088335990906,0.17269115149974823,7,2,6,zero_shot_paired
106,11,7,16,60,1,1,1,0.8142894506454468,0.8142894506454468,0.18571056425571442,0.8142894506454468,7,2,6,zero_shot_paired
106,0,7,0,60,0,1,0,0.743992805480957,0.743992805480957,0.25600719451904297,0.743992805480957,7,2,6,post_calibration
106,1,7,2,60,1,1,1,0.5831050872802734,0.5831050872802734,0.41689491271972656,0.5831050872802734,7,2,6,post_calibration
106,2,7,3,60,1,0,0,0.504318118095398,0.504318118095398,0.504318118095398,0.49568188190460205,7,2,6,post_calibration
106,3,7,6,60,0,0,1,0.7753204703330994,0.7753204703330994,0.7753204703330994,0.22467945516109467,7,2,6,post_calibration
106,4,7,7,60,1,0,0,0.606383740901947,0.606383740901947,0.606383740901947,0.393616259098053,7,2,6,post_calibration
106,5,7,8,60,1,1,1,0.5892640352249146,0.5892640352249146,0.41073596477508545,0.5892640352249146,7,2,6,post_calibration
106,6,7,10,60,0,1,0,0.5677643418312073,0.5677643418312073,0.43223562836647034,0.5677643418312073,7,2,6,post_calibration
106,7,7,11,60,0,1,0,0.5028533935546875,0.5028533935546875,0.4971466362476349,0.5028533935546875,7,2,6,post_calibration
106,8,7,12,60,1,0,0,0.8035498261451721,0.8035498261451721,0.8035498261451721,0.19645017385482788,7,2,6,post_calibration
106,9,7,14,60,1,0,0,0.7289051413536072,0.7289051413536072,0.7289051413536072,0.2710948884487152,7,2,6,post_calibration
106,10,7,15,60,1,0,0,0.8270580172538757,0.8270580172538757,0.8270580172538757,0.17294199764728546,7,2,6,post_calibration
106,11,7,16,60,1,1,1,0.8075281977653503,0.8075281977653503,0.19247177243232727,0.8075281977653503,7,2,6,post_calibration
107,0,7,1,60,1,0,0,0.6424394845962524,0.6424394845962524,0.6424394845962524,0.35756051540374756,7,3,6,zero_shot_paired
107,1,7,4,60,0,1,0,0.5847343802452087,0.5847343802452087,0.41526558995246887,0.5847343802452087,7,3,6,zero_shot_paired
107,2,7,5,60,1,1,1,0.6774640083312988,0.6774640083312988,0.3225359618663788,0.6774640083312988,7,3,6,zero_shot_paired
107,3,7,6,60,0,0,1,0.7850344181060791,0.7850344181060791,0.7850344181060791,0.21496553719043732,7,3,6,zero_shot_paired
107,4,7,8,60,1,1,1,0.5838764309883118,0.5838764309883118,0.41612356901168823,0.5838764309883118,7,3,6,zero_shot_paired
107,5,7,9,60,1,1,1,0.5994558334350586,0.5994558334350586,0.4005441665649414,0.5994558334350586,7,3,6,zero_shot_paired
107,6,7,11,60,0,1,0,0.5094078183174133,0.5094078183174133,0.4905921518802643,0.5094078183174133,7,3,6,zero_shot_paired
107,7,7,12,60,1,0,0,0.8141751885414124,0.8141751885414124,0.8141751885414124,0.18582481145858765,7,3,6,zero_shot_paired
107,8,7,13,60,0,1,0,0.5898104906082153,0.5898104906082153,0.41018950939178467,0.5898104906082153,7,3,6,zero_shot_paired
107,9,7,14,60,1,0,0,0.7182595133781433,0.7182595133781433,0.7182595133781433,0.2817405164241791,7,3,6,zero_shot_paired
107,10,7,16,60,1,1,1,0.8142894506454468,0.8142894506454468,0.18571056425571442,0.8142894506454468,7,3,6,zero_shot_paired
107,11,7,17,60,1,0,0,0.5274268388748169,0.5274268388748169,0.5274268388748169,0.4725731909275055,7,3,6,zero_shot_paired
107,0,7,1,60,1,0,0,0.6276962757110596,0.6276962757110596,0.6276962757110596,0.37230372428894043,7,3,6,post_calibration
107,1,7,4,60,0,1,0,0.5997306108474731,0.5997306108474731,0.40026941895484924,0.5997306108474731,7,3,6,post_calibration
107,2,7,5,60,1,1,1,0.6872988939285278,0.6872988939285278,0.31270116567611694,0.6872988939285278,7,3,6,post_calibration
107,3,7,6,60,0,0,1,0.7702312469482422,0.7702312469482422,0.7702312469482422,0.22976870834827423,7,3,6,post_calibration
107,4,7,8,60,1,1,1,0.5972427129745483,0.5972427129745483,0.4027572572231293,0.5972427129745483,7,3,6,post_calibration
107,5,7,9,60,1,1,1,0.5943434238433838,0.5943434238433838,0.4056565463542938,0.5943434238433838,7,3,6,post_calibration
107,6,7,11,60,0,1,0,0.513060450553894,0.513060450553894,0.48693951964378357,0.513060450553894,7,3,6,post_calibration
107,7,7,12,60,1,0,0,0.8152072429656982,0.8152072429656982,0.8152072429656982,0.18479280173778534,7,3,6,post_calibration
107,8,7,13,60,0,1,0,0.5957736968994141,0.5957736968994141,0.40422630310058594,0.5957736968994141,7,3,6,post_calibration
107,9,7,14,60,1,0,0,0.6851304173469543,0.6851304173469543,0.6851304173469543,0.31486961245536804,7,3,6,post_calibration
107,10,7,16,60,1,1,1,0.8257928490638733,0.8257928490638733,0.17420713603496552,0.8257928490638733,7,3,6,post_calibration
107,11,7,17,60,1,0,0,0.5171232223510742,0.5171232223510742,0.5171232223510742,0.4828767776489258,7,3,6,post_calibration
108,0,7,1,60,1,0,0,0.6424359679222107,0.6424359679222107,0.6424359679222107,0.3575640022754669,7,1,9,zero_shot_paired
108,1,7,4,60,0,1,0,0.5847269892692566,0.5847269892692566,0.4152730107307434,0.5847269892692566,7,1,9,zero_shot_paired
108,2,7,6,60,0,0,1,0.7850331664085388,0.7850331664085388,0.7850331664085388,0.2149668037891388,7,1,9,zero_shot_paired
108,3,7,7,60,1,0,0,0.5981600284576416,0.5981600284576416,0.5981600284576416,0.4018399715423584,7,1,9,zero_shot_paired
108,4,7,10,60,0,1,0,0.5533431768417358,0.5533431768417358,0.44665688276290894,0.5533431768417358,7,1,9,zero_shot_paired
108,5,7,12,60,1,0,0,0.8141774535179138,0.8141774535179138,0.8141774535179138,0.1858225017786026,7,1,9,zero_shot_paired
108,6,7,14,60,1,0,0,0.7182625532150269,0.7182625532150269,0.7182625532150269,0.28173741698265076,7,1,9,zero_shot_paired
108,7,7,15,60,1,0,0,0.8273121118545532,0.8273121118545532,0.8273121118545532,0.17268788814544678,7,1,9,zero_shot_paired
108,8,7,17,60,1,0,0,0.5274230241775513,0.5274230241775513,0.5274230241775513,0.4725770056247711,7,1,9,zero_shot_paired
108,0,7,1,60,1,0,0,0.6386610269546509,0.6386610269546509,0.6386610269546509,0.3613390326499939,7,1,9,post_calibration
108,1,7,4,60,0,1,0,0.6112587451934814,0.6112587451934814,0.38874131441116333,0.6112587451934814,7,1,9,post_calibration
108,2,7,6,60,0,0,1,0.7758012413978577,0.7758012413978577,0.7758012413978577,0.22419875860214233,7,1,9,post_calibration
108,3,7,7,60,1,0,0,0.5868114233016968,0.5868114233016968,0.5868114233016968,0.41318851709365845,7,1,9,post_calibration
108,4,7,10,60,0,1,0,0.552117109298706,0.552117109298706,0.44788286089897156,0.552117109298706,7,1,9,post_calibration
108,5,7,12,60,1,0,0,0.8052567839622498,0.8052567839622498,0.8052567839622498,0.19474321603775024,7,1,9,post_calibration
108,6,7,14,60,1,0,0,0.719883918762207,0.719883918762207,0.719883918762207,0.28011608123779297,7,1,9,post_calibration
108,7,7,15,60,1,0,0,0.8227639198303223,0.8227639198303223,0.8227639198303223,0.17723606526851654,7,1,9,post_calibration
108,8,7,17,60,1,0,0,0.5189366340637207,0.5189366340637207,0.5189366340637207,0.4810633659362793,7,1,9,post_calibration
109,0,7,0,60,0,1,0,0.74144446849823,0.74144446849823,0.2585555613040924,0.74144446849823,7,2,9,zero_shot_paired
109,1,7,2,60,1,1,1,0.5789820551872253,0.5789820551872253,0.42101794481277466,0.5789820551872253,7,2,9,zero_shot_paired
109,2,7,3,60,1,0,0,0.5099836587905884,0.5099836587905884,0.5099836587905884,0.490016371011734,7,2,9,zero_shot_paired
109,3,7,5,60,1,1,1,0.6774706840515137,0.6774706840515137,0.3225293457508087,0.6774706840515137,7,2,9,zero_shot_paired
109,4,7,8,60,1,1,1,0.5838782787322998,0.5838782787322998,0.4161217212677002,0.5838782787322998,7,2,9,zero_shot_paired
109,5,7,9,60,1,1,1,0.5994448065757751,0.5994448065757751,0.4005551338195801,0.5994448065757751,7,2,9,zero_shot_paired
109,6,7,11,60,0,1,0,0.5094287991523743,0.5094287991523743,0.49057117104530334,0.5094287991523743,7,2,9,zero_shot_paired
109,7,7,13,60,0,1,0,0.5898123383522034,0.5898123383522034,0.41018763184547424,0.5898123383522034,7,2,9,zero_shot_paired
109,8,7,16,60,1,1,1,0.8142929077148438,0.8142929077148438,0.18570712208747864,0.8142929077148438,7,2,9,zero_shot_paired
109,0,7,0,60,0,1,0,0.7416550517082214,0.7416550517082214,0.25834500789642334,0.7416550517082214,7,2,9,post_calibration
109,1,7,2,60,1,1,1,0.5854789614677429,0.5854789614677429,0.41452106833457947,0.5854789614677429,7,2,9,post_calibration
109,2,7,3,60,1,1,1,0.5098387002944946,0.5098387002944946,0.4901612401008606,0.5098387002944946,7,2,9,post_calibration
109,3,7,5,60,1,1,1,0.6659504771232605,0.6659504771232605,0.3340495228767395,0.6659504771232605,7,2,9,post_calibration
109,4,7,8,60,1,1,1,0.593403160572052,0.593403160572052,0.4065968990325928,0.593403160572052,7,2,9,post_calibration
109,5,7,9,60,1,1,1,0.5964625477790833,0.5964625477790833,0.40353745222091675,0.5964625477790833,7,2,9,post_calibration
109,6,7,11,60,0,1,0,0.5282064080238342,0.5282064080238342,0.47179359197616577,0.5282064080238342,7,2,9,post_calibration
109,7,7,13,60,0,1,0,0.6030263304710388,0.6030263304710388,0.39697369933128357,0.6030263304710388,7,2,9,post_calibration
109,8,7,16,60,1,1,1,0.8143194317817688,0.8143194317817688,0.18568055331707,0.8143194317817688,7,2,9,post_calibration
110,0,7,1,60,1,0,0,0.6423711776733398,0.6423711776733398,0.6423711776733398,0.35762888193130493,7,1,12,zero_shot_paired
110,1,7,9,60,1,1,1,0.5994906425476074,0.5994906425476074,0.40050938725471497,0.5994906425476074,7,1,12,zero_shot_paired
110,2,7,10,60,0,1,0,0.5533205270767212,0.5533205270767212,0.4466795027256012,0.5533205270767212,7,1,12,zero_shot_paired
110,3,7,11,60,0,1,0,0.5095394253730774,0.5095394253730774,0.4904605746269226,0.5095394253730774,7,1,12,zero_shot_paired
110,4,7,14,60,1,0,0,0.7181298136711121,0.7181298136711121,0.7181298136711121,0.2818702161312103,7,1,12,zero_shot_paired
110,5,7,15,60,1,0,0,0.8272500038146973,0.8272500038146973,0.8272500038146973,0.17275004088878632,7,1,12,zero_shot_paired
110,0,7,1,60,1,0,0,0.6351216435432434,0.6351216435432434,0.6351216435432434,0.3648783266544342,7,1,12,post_calibration
110,1,7,9,60,1,1,1,0.5993935465812683,0.5993935465812683,0.4006064534187317,0.5993935465812683,7,1,12,post_calibration
110,2,7,10,60,0,1,0,0.5561133027076721,0.5561133027076721,0.4438866376876831,0.5561133027076721,7,1,12,post_calibration
110,3,7,11,60,0,1,0,0.5030249953269958,0.5030249953269958,0.49697500467300415,0.5030249953269958,7,1,12,post_calibration
110,4,7,14,60,1,0,0,0.7222883701324463,0.7222883701324463,0.7222883701324463,0.2777116596698761,7,1,12,post_calibration
110,5,7,15,60,1,0,0,0.8229329586029053,0.8229329586029053,0.8229329586029053,0.17706701159477234,7,1,12,post_calibration
111,0,7,3,60,1,0,0,0.5100465416908264,0.5100465416908264,0.5100465416908264,0.4899534285068512,7,2,12,zero_shot_paired
111,1,7,5,60,1,1,1,0.6775640249252319,0.6775640249252319,0.32243597507476807,0.6775640249252319,7,2,12,zero_shot_paired
111,2,7,9,60,1,1,1,0.5994906425476074,0.5994906425476074,0.40050938725471497,0.5994906425476074,7,2,12,zero_shot_paired
111,3,7,11,60,0,1,0,0.5095394253730774,0.5095394253730774,0.4904605746269226,0.5095394253730774,7,2,12,zero_shot_paired
111,4,7,13,60,0,1,0,0.5899378657341003,0.5899378657341003,0.41006213426589966,0.5899378657341003,7,2,12,zero_shot_paired
111,5,7,15,60,1,0,0,0.8272500038146973,0.8272500038146973,0.8272500038146973,0.17275004088878632,7,2,12,zero_shot_paired
111,0,7,3,60,1,0,0,0.5071520805358887,0.5071520805358887,0.5071520805358887,0.4928479492664337,7,2,12,post_calibration
111,1,7,5,60,1,1,1,0.6578338742256165,0.6578338742256165,0.3421661853790283,0.6578338742256165,7,2,12,post_calibration
111,2,7,9,60,1,1,1,0.6014381051063538,0.6014381051063538,0.39856189489364624,0.6014381051063538,7,2,12,post_calibration
111,3,7,11,60,0,1,0,0.5188719034194946,0.5188719034194946,0.48112815618515015,0.5188719034194946,7,2,12,post_calibration
111,4,7,13,60,0,1,0,0.5979325771331787,0.5979325771331787,0.4020674526691437,0.5979325771331787,7,2,12,post_calibration
111,5,7,15,60,1,0,0,0.8165287375450134,0.8165287375450134,0.8165287375450134,0.18347130715847015,7,2,12,post_calibration
112,0,7,0,60,0,1,0,0.7414064407348633,0.7414064407348633,0.2585935890674591,0.7414064407348633,7,3,12,zero_shot_paired
112,1,7,2,60,1,1,1,0.5790508389472961,0.5790508389472961,0.42094916105270386,0.5790508389472961,7,3,12,zero_shot_paired
112,2,7,5,60,1,1,1,0.6775640249252319,0.6775640249252319,0.32243597507476807,0.6775640249252319,7,3,12,zero_shot_paired
112,3,7,7,60,1,0,0,0.5981288552284241,0.5981288552284241,0.5981288552284241,0.4018711745738983,7,3,12,zero_shot_paired
112,4,7,11,60,0,1,0,0.5095394253730774,0.5095394253730774,0.4904605746269226,0.5095394253730774,7,3,12,zero_shot_paired
112,5,7,14,60,1,0,0,0.7181298136711121,0.7181298136711121,0.7181298136711121,0.2818702161312103,7,3,12,zero_shot_paired
112,0,7,0,60,0,1,0,0.744543194770813,0.744543194770813,0.2554568350315094,0.744543194770813,7,3,12,post_calibration
112,1,7,2,60,1,1,1,0.5923958420753479,0.5923958420753479,0.4076041877269745,0.5923958420753479,7,3,12,post_calibration
112,2,7,5,60,1,1,1,0.6751106977462769,0.6751106977462769,0.32488933205604553,0.6751106977462769,7,3,12,post_calibration
112,3,7,7,60,1,0,0,0.5926739573478699,0.5926739573478699,0.5926739573478699,0.40732601284980774,7,3,12,post_calibration
112,4,7,11,60,0,1,0,0.5148176550865173,0.5148176550865173,0.48518234491348267,0.5148176550865173,7,3,12,post_calibration
112,5,7,14,60,1,0,0,0.712390124797821,0.712390124797821,0.712390124797821,0.28760990500450134,7,3,12,post_calibration
9,0,8,0,60,0,1,0,0.6134356260299683,0.6134356260299683,0.3865644335746765,0.6134356260299683,8,,,zero_shot_all_trials
9,1,8,1,60,1,1,1,0.520578145980835,0.520578145980835,0.47942179441452026,0.520578145980835,8,,,zero_shot_all_trials
9,2,8,2,60,1,1,1,0.6899588108062744,0.6899588108062744,0.3100411891937256,0.6899588108062744,8,,,zero_shot_all_trials
9,3,8,3,60,1,1,1,0.5749560594558716,0.5749560594558716,0.42504388093948364,0.5749560594558716,8,,,zero_shot_all_trials
9,4,8,4,60,1,1,1,0.7306548953056335,0.7306548953056335,0.26934513449668884,0.7306548953056335,8,,,zero_shot_all_trials
9,5,8,5,60,1,1,1,0.734753429889679,0.734753429889679,0.26524657011032104,0.734753429889679,8,,,zero_shot_all_trials
9,6,8,6,60,1,1,1,0.5999466776847839,0.5999466776847839,0.40005335211753845,0.5999466776847839,8,,,zero_shot_all_trials
9,7,8,7,60,1,1,1,0.5114211440086365,0.5114211440086365,0.4885788857936859,0.5114211440086365,8,,,zero_shot_all_trials
9,8,8,8,60,1,1,1,0.9336372017860413,0.9336372017860413,0.06636278331279755,0.9336372017860413,8,,,zero_shot_all_trials
9,9,8,9,60,1,1,1,0.6238173842430115,0.6238173842430115,0.37618258595466614,0.6238173842430115,8,,,zero_shot_all_trials
9,10,8,10,60,1,1,1,0.6907889246940613,0.6907889246940613,0.3092111051082611,0.6907889246940613,8,,,zero_shot_all_trials
9,11,8,11,60,1,0,0,0.5674928426742554,0.5674928426742554,0.5674928426742554,0.43250712752342224,8,,,zero_shot_all_trials
9,12,8,12,60,1,0,0,0.5437738299369812,0.5437738299369812,0.5437738299369812,0.4562261700630188,8,,,zero_shot_all_trials
9,13,8,13,60,1,0,0,0.6227264404296875,0.6227264404296875,0.6227264404296875,0.3772735297679901,8,,,zero_shot_all_trials
9,14,8,14,60,1,1,1,0.696021318435669,0.696021318435669,0.30397871136665344,0.696021318435669,8,,,zero_shot_all_trials
9,15,8,15,60,1,1,1,0.5498483180999756,0.5498483180999756,0.450151652097702,0.5498483180999756,8,,,zero_shot_all_trials
9,16,8,16,60,1,1,1,0.50861656665802,0.50861656665802,0.49138346314430237,0.50861656665802,8,,,zero_shot_all_trials
9,17,8,17,60,1,1,1,0.758267343044281,0.758267343044281,0.2417326271533966,0.758267343044281,8,,,zero_shot_all_trials
113,0,8,0,60,0,1,0,0.6134428381919861,0.6134428381919861,0.3865571618080139,0.6134428381919861,8,1,3,zero_shot_paired
113,1,8,1,60,1,1,1,0.5205705761909485,0.5205705761909485,0.4794294238090515,0.5205705761909485,8,1,3,zero_shot_paired
113,2,8,2,60,1,1,1,0.6899653673171997,0.6899653673171997,0.3100346326828003,0.6899653673171997,8,1,3,zero_shot_paired
113,3,8,4,60,1,1,1,0.7306564450263977,0.7306564450263977,0.26934361457824707,0.7306564450263977,8,1,3,zero_shot_paired
113,4,8,6,60,1,1,1,0.59995037317276,0.59995037317276,0.4000496566295624,0.59995037317276,8,1,3,zero_shot_paired
113,5,8,7,60,1,1,1,0.5114287734031677,0.5114287734031677,0.4885712265968323,0.5114287734031677,8,1,3,zero_shot_paired
113,6,8,8,60,1,1,1,0.9336362481117249,0.9336362481117249,0.06636374443769455,0.9336362481117249,8,1,3,zero_shot_paired
113,7,8,9,60,1,1,1,0.6238120794296265,0.6238120794296265,0.3761879801750183,0.6238120794296265,8,1,3,zero_shot_paired
113,8,8,10,60,1,1,1,0.6907889246940613,0.6907889246940613,0.3092111051082611,0.6907889246940613,8,1,3,zero_shot_paired
113,9,8,12,60,1,0,0,0.5437681674957275,0.5437681674957275,0.5437681674957275,0.45623183250427246,8,1,3,zero_shot_paired
113,10,8,13,60,1,0,0,0.6227264404296875,0.6227264404296875,0.6227264404296875,0.3772735297679901,8,1,3,zero_shot_paired
113,11,8,14,60,1,1,1,0.6960229277610779,0.6960229277610779,0.3039771020412445,0.6960229277610779,8,1,3,zero_shot_paired
113,12,8,15,60,1,1,1,0.5498219132423401,0.5498219132423401,0.4501780867576599,0.5498219132423401,8,1,3,zero_shot_paired
113,13,8,16,60,1,1,1,0.5086184740066528,0.5086184740066528,0.49138155579566956,0.5086184740066528,8,1,3,zero_shot_paired
113,14,8,17,60,1,1,1,0.7582688331604004,0.7582688331604004,0.24173124134540558,0.7582688331604004,8,1,3,zero_shot_paired
113,0,8,0,60,0,1,0,0.6307986974716187,0.6307986974716187,0.3692013621330261,0.6307986974716187,8,1,3,post_calibration
113,1,8,1,60,1,1,1,0.5363660454750061,0.5363660454750061,0.4636339843273163,0.5363660454750061,8,1,3,post_calibration
113,2,8,2,60,1,1,1,0.7095382809638977,0.7095382809638977,0.2904617190361023,0.7095382809638977,8,1,3,post_calibration
113,3,8,4,60,1,1,1,0.7322958111763,0.7322958111763,0.26770418882369995,0.7322958111763,8,1,3,post_calibration
113,4,8,6,60,1,1,1,0.6165319085121155,0.6165319085121155,0.3834681212902069,0.6165319085121155,8,1,3,post_calibration
113,5,8,7,60,1,1,1,0.5336101055145264,0.5336101055145264,0.46638986468315125,0.5336101055145264,8,1,3,post_calibration
113,6,8,8,60,1,1,1,0.939315915107727,0.939315915107727,0.060684021562337875,0.939315915107727,8,1,3,post_calibration
113,7,8,9,60,1,1,1,0.6409870386123657,0.6409870386123657,0.3590129315853119,0.6409870386123657,8,1,3,post_calibration
113,8,8,10,60,1,1,1,0.6990843415260315,0.6990843415260315,0.3009156882762909,0.6990843415260315,8,1,3,post_calibration
113,9,8,12,60,1,0,0,0.5448051691055298,0.5448051691055298,0.5448051691055298,0.4551948010921478,8,1,3,post_calibration
113,10,8,13,60,1,0,0,0.6217060089111328,0.6217060089111328,0.6217060089111328,0.3782940208911896,8,1,3,post_calibration
113,11,8,14,60,1,1,1,0.7270301580429077,0.7270301580429077,0.2729698717594147,0.7270301580429077,8,1,3,post_calibration
113,12,8,15,60,1,1,1,0.5678654909133911,0.5678654909133911,0.4321345388889313,0.5678654909133911,8,1,3,post_calibration
113,13,8,16,60,1,1,1,0.5354627966880798,0.5354627966880798,0.46453720331192017,0.5354627966880798,8,1,3,post_calibration
113,14,8,17,60,1,1,1,0.7625718712806702,0.7625718712806702,0.23742808401584625,0.7625718712806702,8,1,3,post_calibration
114,0,8,0,60,0,1,0,0.6134518384933472,0.6134518384933472,0.38654816150665283,0.6134518384933472,8,2,3,zero_shot_paired
114,1,8,2,60,1,1,1,0.6899637579917908,0.6899637579917908,0.310036301612854,0.6899637579917908,8,2,3,zero_shot_paired
114,2,8,3,60,1,1,1,0.5749542117118835,0.5749542117118835,0.42504578828811646,0.5749542117118835,8,2,3,zero_shot_paired
114,3,8,4,60,1,1,1,0.7306428551673889,0.7306428551673889,0.2693571150302887,0.7306428551673889,8,2,3,zero_shot_paired
114,4,8,5,60,1,1,1,0.7347490191459656,0.7347490191459656,0.2652510106563568,0.7347490191459656,8,2,3,zero_shot_paired
114,5,8,6,60,1,1,1,0.5999540090560913,0.5999540090560913,0.4000459909439087,0.5999540090560913,8,2,3,zero_shot_paired
114,6,8,8,60,1,1,1,0.9336334466934204,0.9336334466934204,0.06636657565832138,0.9336334466934204,8,2,3,zero_shot_paired
114,7,8,9,60,1,1,1,0.6238084435462952,0.6238084435462952,0.37619152665138245,0.6238084435462952,8,2,3,zero_shot_paired
114,8,8,10,60,1,1,1,0.6907905340194702,0.6907905340194702,0.3092094361782074,0.6907905340194702,8,2,3,zero_shot_paired
114,9,8,11,60,1,0,0,0.5675134658813477,0.5675134658813477,0.5675134658813477,0.43248653411865234,8,2,3,zero_shot_paired
114,10,8,12,60,1,0,0,0.5437794923782349,0.5437794923782349,0.5437794923782349,0.45622050762176514,8,2,3,zero_shot_paired
114,11,8,13,60,1,0,0,0.6227246522903442,0.6227246522903442,0.6227246522903442,0.37727537751197815,8,2,3,zero_shot_paired
114,12,8,14,60,1,1,1,0.6959954500198364,0.6959954500198364,0.3040045499801636,0.6959954500198364,8,2,3,zero_shot_paired
114,13,8,16,60,1,1,1,0.508607029914856,0.508607029914856,0.49139299988746643,0.508607029914856,8,2,3,zero_shot_paired
114,14,8,17,60,1,1,1,0.7582785487174988,0.7582785487174988,0.24172143638134003,0.7582785487174988,8,2,3,zero_shot_paired
114,0,8,0,60,0,1,0,0.6167716979980469,0.6167716979980469,0.38322827219963074,0.6167716979980469,8,2,3,post_calibration
114,1,8,2,60,1,1,1,0.7044874429702759,0.7044874429702759,0.2955125570297241,0.7044874429702759,8,2,3,post_calibration
114,2,8,3,60,1,1,1,0.5896314978599548,0.5896314978599548,0.41036856174468994,0.5896314978599548,8,2,3,post_calibration
114,3,8,4,60,1,1,1,0.7507126927375793,0.7507126927375793,0.24928730726242065,0.7507126927375793,8,2,3,post_calibration
114,4,8,5,60,1,1,1,0.7693118453025818,0.7693118453025818,0.23068813979625702,0.7693118453025818,8,2,3,post_calibration
114,5,8,6,60,1,1,1,0.6440834403038025,0.6440834403038025,0.3559165298938751,0.6440834403038025,8,2,3,post_calibration
114,6,8,8,60,1,1,1,0.937587320804596,0.937587320804596,0.06241268664598465,0.937587320804596,8,2,3,post_calibration
114,7,8,9,60,1,1,1,0.618688702583313,0.618688702583313,0.3813113570213318,0.618688702583313,8,2,3,post_calibration
114,8,8,10,60,1,1,1,0.7282019853591919,0.7282019853591919,0.2717979848384857,0.7282019853591919,8,2,3,post_calibration
114,9,8,11,60,1,0,0,0.5473147630691528,0.5473147630691528,0.5473147630691528,0.45268526673316956,8,2,3,post_calibration
114,10,8,12,60,1,0,0,0.5268505811691284,0.5268505811691284,0.5268505811691284,0.4731494188308716,8,2,3,post_calibration
114,11,8,13,60,1,0,0,0.6253952383995056,0.6253952383995056,0.6253952383995056,0.3746047914028168,8,2,3,post_calibration
114,12,8,14,60,1,1,1,0.7218948602676392,0.7218948602676392,0.27810513973236084,0.7218948602676392,8,2,3,post_calibration
114,13,8,16,60,1,1,1,0.5078156590461731,0.5078156590461731,0.4921843111515045,0.5078156590461731,8,2,3,post_calibration
114,14,8,17,60,1,1,1,0.7438285946846008,0.7438285946846008,0.25617143511772156,0.7438285946846008,8,2,3,post_calibration
115,0,8,0,60,0,1,0,0.6134518384933472,0.6134518384933472,0.38654816150665283,0.6134518384933472,8,3,3,zero_shot_paired
115,1,8,1,60,1,1,1,0.5205801129341125,0.5205801129341125,0.47941988706588745,0.5205801129341125,8,3,3,zero_shot_paired
115,2,8,2,60,1,1,1,0.6899637579917908,0.6899637579917908,0.310036301612854,0.6899637579917908,8,3,3,zero_shot_paired
115,3,8,3,60,1,1,1,0.5749542117118835,0.5749542117118835,0.42504578828811646,0.5749542117118835,8,3,3,zero_shot_paired
115,4,8,4,60,1,1,1,0.7306428551673889,0.7306428551673889,0.2693571150302887,0.7306428551673889,8,3,3,zero_shot_paired
115,5,8,5,60,1,1,1,0.7347490191459656,0.7347490191459656,0.2652510106563568,0.7347490191459656,8,3,3,zero_shot_paired
115,6,8,7,60,1,1,1,0.5114172697067261,0.5114172697067261,0.48858267068862915,0.5114172697067261,8,3,3,zero_shot_paired
115,7,8,9,60,1,1,1,0.6238084435462952,0.6238084435462952,0.37619152665138245,0.6238084435462952,8,3,3,zero_shot_paired
115,8,8,11,60,1,0,0,0.5675134658813477,0.5675134658813477,0.5675134658813477,0.43248653411865234,8,3,3,zero_shot_paired
115,9,8,12,60,1,0,0,0.5437794923782349,0.5437794923782349,0.5437794923782349,0.45622050762176514,8,3,3,zero_shot_paired
115,10,8,13,60,1,0,0,0.6227246522903442,0.6227246522903442,0.6227246522903442,0.37727537751197815,8,3,3,zero_shot_paired
115,11,8,14,60,1,1,1,0.6959954500198364,0.6959954500198364,0.3040045499801636,0.6959954500198364,8,3,3,zero_shot_paired
115,12,8,15,60,1,1,1,0.549837052822113,0.549837052822113,0.45016297698020935,0.549837052822113,8,3,3,zero_shot_paired
115,13,8,16,60,1,1,1,0.508607029914856,0.508607029914856,0.49139299988746643,0.508607029914856,8,3,3,zero_shot_paired
115,14,8,17,60,1,1,1,0.7582785487174988,0.7582785487174988,0.24172143638134003,0.7582785487174988,8,3,3,zero_shot_paired
115,0,8,0,60,0,1,0,0.6191690564155579,0.6191690564155579,0.38083091378211975,0.6191690564155579,8,3,3,post_calibration
115,1,8,1,60,1,1,1,0.5622816681861877,0.5622816681861877,0.43771830201148987,0.5622816681861877,8,3,3,post_calibration
115,2,8,2,60,1,1,1,0.7092284560203552,0.7092284560203552,0.29077157378196716,0.7092284560203552,8,3,3,post_calibration
115,3,8,3,60,1,1,1,0.5766146183013916,0.5766146183013916,0.4233853816986084,0.5766146183013916,8,3,3,post_calibration
115,4,8,4,60,1,1,1,0.745202898979187,0.745202898979187,0.2547971308231354,0.745202898979187,8,3,3,post_calibration
115,5,8,5,60,1,1,1,0.7688552141189575,0.7688552141189575,0.2311447560787201,0.7688552141189575,8,3,3,post_calibration
115,6,8,7,60,1,1,1,0.5412136912345886,0.5412136912345886,0.458786278963089,0.5412136912345886,8,3,3,post_calibration
115,7,8,9,60,1,1,1,0.6273699998855591,0.6273699998855591,0.3726300597190857,0.6273699998855591,8,3,3,post_calibration
115,8,8,11,60,1,0,0,0.5391879677772522,0.5391879677772522,0.5391879677772522,0.4608120322227478,8,3,3,post_calibration
115,9,8,12,60,1,0,0,0.5365197062492371,0.5365197062492371,0.5365197062492371,0.4634803235530853,8,3,3,post_calibration
115,10,8,13,60,1,0,0,0.617900013923645,0.617900013923645,0.617900013923645,0.382099986076355,8,3,3,post_calibration
115,11,8,14,60,1,1,1,0.7208582758903503,0.7208582758903503,0.27914172410964966,0.7208582758903503,8,3,3,post_calibration
115,12,8,15,60,1,1,1,0.5771565437316895,0.5771565437316895,0.42284348607063293,0.5771565437316895,8,3,3,post_calibration
115,13,8,16,60,1,1,1,0.5048197507858276,0.5048197507858276,0.49518027901649475,0.5048197507858276,8,3,3,post_calibration
115,14,8,17,60,1,1,1,0.7453998327255249,0.7453998327255249,0.2546001672744751,0.7453998327255249,8,3,3,post_calibration
116,0,8,0,60,0,1,0,0.6134518384933472,0.6134518384933472,0.38654816150665283,0.6134518384933472,8,4,3,zero_shot_paired
116,1,8,1,60,1,1,1,0.5205801129341125,0.5205801129341125,0.47941988706588745,0.5205801129341125,8,4,3,zero_shot_paired
116,2,8,2,60,1,1,1,0.6899637579917908,0.6899637579917908,0.310036301612854,0.6899637579917908,8,4,3,zero_shot_paired
116,3,8,3,60,1,1,1,0.5749542117118835,0.5749542117118835,0.42504578828811646,0.5749542117118835,8,4,3,zero_shot_paired
116,4,8,4,60,1,1,1,0.7306428551673889,0.7306428551673889,0.2693571150302887,0.7306428551673889,8,4,3,zero_shot_paired
116,5,8,5,60,1,1,1,0.7347490191459656,0.7347490191459656,0.2652510106563568,0.7347490191459656,8,4,3,zero_shot_paired
116,6,8,6,60,1,1,1,0.5999540090560913,0.5999540090560913,0.4000459909439087,0.5999540090560913,8,4,3,zero_shot_paired
116,7,8,7,60,1,1,1,0.5114172697067261,0.5114172697067261,0.48858267068862915,0.5114172697067261,8,4,3,zero_shot_paired
116,8,8,8,60,1,1,1,0.9336334466934204,0.9336334466934204,0.06636657565832138,0.9336334466934204,8,4,3,zero_shot_paired
116,9,8,9,60,1,1,1,0.6238084435462952,0.6238084435462952,0.37619152665138245,0.6238084435462952,8,4,3,zero_shot_paired
116,10,8,10,60,1,1,1,0.6907905340194702,0.6907905340194702,0.3092094361782074,0.6907905340194702,8,4,3,zero_shot_paired
116,11,8,11,60,1,0,0,0.5675134658813477,0.5675134658813477,0.5675134658813477,0.43248653411865234,8,4,3,zero_shot_paired
116,12,8,13,60,1,0,0,0.6227246522903442,0.6227246522903442,0.6227246522903442,0.37727537751197815,8,4,3,zero_shot_paired
116,13,8,14,60,1,1,1,0.6959954500198364,0.6959954500198364,0.3040045499801636,0.6959954500198364,8,4,3,zero_shot_paired
116,14,8,15,60,1,1,1,0.549837052822113,0.549837052822113,0.45016297698020935,0.549837052822113,8,4,3,zero_shot_paired
116,0,8,0,60,0,1,0,0.6263419985771179,0.6263419985771179,0.3736579716205597,0.6263419985771179,8,4,3,post_calibration
116,1,8,1,60,1,1,1,0.5139962434768677,0.5139962434768677,0.48600372672080994,0.5139962434768677,8,4,3,post_calibration
116,2,8,2,60,1,1,1,0.7006931900978088,0.7006931900978088,0.2993067502975464,0.7006931900978088,8,4,3,post_calibration
116,3,8,3,60,1,1,1,0.5899175405502319,0.5899175405502319,0.41008245944976807,0.5899175405502319,8,4,3,post_calibration
116,4,8,4,60,1,1,1,0.7333385348320007,0.7333385348320007,0.26666152477264404,0.7333385348320007,8,4,3,post_calibration
116,5,8,5,60,1,1,1,0.7351948022842407,0.7351948022842407,0.2648051679134369,0.7351948022842407,8,4,3,post_calibration
116,6,8,6,60,1,1,1,0.5919646620750427,0.5919646620750427,0.4080353081226349,0.5919646620750427,8,4,3,post_calibration
116,7,8,7,60,1,1,1,0.5043944120407104,0.5043944120407104,0.49560558795928955,0.5043944120407104,8,4,3,post_calibration
116,8,8,8,60,1,1,1,0.9374675750732422,0.9374675750732422,0.0625324472784996,0.9374675750732422,8,4,3,post_calibration
116,9,8,9,60,1,1,1,0.6388018131256104,0.6388018131256104,0.36119818687438965,0.6388018131256104,8,4,3,post_calibration
116,10,8,10,60,1,1,1,0.6770187020301819,0.6770187020301819,0.32298123836517334,0.6770187020301819,8,4,3,post_calibration
116,11,8,11,60,1,0,0,0.5496368408203125,0.5496368408203125,0.5496368408203125,0.4503631293773651,8,4,3,post_calibration
116,12,8,13,60,1,0,0,0.6128022074699402,0.6128022074699402,0.6128022074699402,0.3871978223323822,8,4,3,post_calibration
116,13,8,14,60,1,1,1,0.7026033997535706,0.7026033997535706,0.29739657044410706,0.7026033997535706,8,4,3,post_calibration
116,14,8,15,60,1,1,1,0.5468705296516418,0.5468705296516418,0.45312950015068054,0.5468705296516418,8,4,3,post_calibration
117,0,8,1,60,1,1,1,0.5205801129341125,0.5205801129341125,0.47941988706588745,0.5205801129341125,8,5,3,zero_shot_paired
117,1,8,3,60,1,1,1,0.5749542117118835,0.5749542117118835,0.42504578828811646,0.5749542117118835,8,5,3,zero_shot_paired
117,2,8,4,60,1,1,1,0.7306428551673889,0.7306428551673889,0.2693571150302887,0.7306428551673889,8,5,3,zero_shot_paired
117,3,8,5,60,1,1,1,0.7347490191459656,0.7347490191459656,0.2652510106563568,0.7347490191459656,8,5,3,zero_shot_paired
117,4,8,6,60,1,1,1,0.5999540090560913,0.5999540090560913,0.4000459909439087,0.5999540090560913,8,5,3,zero_shot_paired
117,5,8,7,60,1,1,1,0.5114172697067261,0.5114172697067261,0.48858267068862915,0.5114172697067261,8,5,3,zero_shot_paired
117,6,8,8,60,1,1,1,0.9336334466934204,0.9336334466934204,0.06636657565832138,0.9336334466934204,8,5,3,zero_shot_paired
117,7,8,9,60,1,1,1,0.6238084435462952,0.6238084435462952,0.37619152665138245,0.6238084435462952,8,5,3,zero_shot_paired
117,8,8,10,60,1,1,1,0.6907905340194702,0.6907905340194702,0.3092094361782074,0.6907905340194702,8,5,3,zero_shot_paired
117,9,8,11,60,1,0,0,0.5675134658813477,0.5675134658813477,0.5675134658813477,0.43248653411865234,8,5,3,zero_shot_paired
117,10,8,12,60,1,0,0,0.5437794923782349,0.5437794923782349,0.5437794923782349,0.45622050762176514,8,5,3,zero_shot_paired
117,11,8,14,60,1,1,1,0.6959954500198364,0.6959954500198364,0.3040045499801636,0.6959954500198364,8,5,3,zero_shot_paired
117,12,8,15,60,1,1,1,0.549837052822113,0.549837052822113,0.45016297698020935,0.549837052822113,8,5,3,zero_shot_paired
117,13,8,16,60,1,1,1,0.508607029914856,0.508607029914856,0.49139299988746643,0.508607029914856,8,5,3,zero_shot_paired
117,14,8,17,60,1,1,1,0.7582785487174988,0.7582785487174988,0.24172143638134003,0.7582785487174988,8,5,3,zero_shot_paired
117,0,8,1,60,1,1,1,0.539017379283905,0.539017379283905,0.46098265051841736,0.539017379283905,8,5,3,post_calibration
117,1,8,3,60,1,1,1,0.5740348100662231,0.5740348100662231,0.42596524953842163,0.5740348100662231,8,5,3,post_calibration
117,2,8,4,60,1,1,1,0.7347251772880554,0.7347251772880554,0.2652748227119446,0.7347251772880554,8,5,3,post_calibration
117,3,8,5,60,1,1,1,0.729120671749115,0.729120671749115,0.2708793580532074,0.729120671749115,8,5,3,post_calibration
117,4,8,6,60,1,1,1,0.6069207787513733,0.6069207787513733,0.3930791914463043,0.6069207787513733,8,5,3,post_calibration
117,5,8,7,60,1,1,1,0.5066848993301392,0.5066848993301392,0.4933151304721832,0.5066848993301392,8,5,3,post_calibration
117,6,8,8,60,1,1,1,0.9301891922950745,0.9301891922950745,0.06981077045202255,0.9301891922950745,8,5,3,post_calibration
117,7,8,9,60,1,1,1,0.6120832562446594,0.6120832562446594,0.3879167437553406,0.6120832562446594,8,5,3,post_calibration
117,8,8,10,60,1,1,1,0.7036926746368408,0.7036926746368408,0.29630735516548157,0.7036926746368408,8,5,3,post_calibration
117,9,8,11,60,1,0,0,0.5718226432800293,0.5718226432800293,0.5718226432800293,0.4281773567199707,8,5,3,post_calibration
117,10,8,12,60,1,0,0,0.5278280973434448,0.5278280973434448,0.5278280973434448,0.47217196226119995,8,5,3,post_calibration
117,11,8,14,60,1,1,1,0.6890327334403992,0.6890327334403992,0.3109673261642456,0.6890327334403992,8,5,3,post_calibration
117,12,8,15,60,1,1,1,0.5444172620773315,0.5444172620773315,0.4555826783180237,0.5444172620773315,8,5,3,post_calibration
117,13,8,16,60,1,1,1,0.5005550384521484,0.5005550384521484,0.49944496154785156,0.5005550384521484,8,5,3,post_calibration
117,14,8,17,60,1,1,1,0.748251736164093,0.748251736164093,0.25174829363822937,0.748251736164093,8,5,3,post_calibration
118,0,8,0,60,0,1,0,0.6134518384933472,0.6134518384933472,0.38654816150665283,0.6134518384933472,8,6,3,zero_shot_paired
118,1,8,1,60,1,1,1,0.5205801129341125,0.5205801129341125,0.47941988706588745,0.5205801129341125,8,6,3,zero_shot_paired
118,2,8,2,60,1,1,1,0.6899637579917908,0.6899637579917908,0.310036301612854,0.6899637579917908,8,6,3,zero_shot_paired
118,3,8,3,60,1,1,1,0.5749542117118835,0.5749542117118835,0.42504578828811646,0.5749542117118835,8,6,3,zero_shot_paired
118,4,8,5,60,1,1,1,0.7347490191459656,0.7347490191459656,0.2652510106563568,0.7347490191459656,8,6,3,zero_shot_paired
118,5,8,6,60,1,1,1,0.5999540090560913,0.5999540090560913,0.4000459909439087,0.5999540090560913,8,6,3,zero_shot_paired
118,6,8,7,60,1,1,1,0.5114172697067261,0.5114172697067261,0.48858267068862915,0.5114172697067261,8,6,3,zero_shot_paired
118,7,8,8,60,1,1,1,0.9336334466934204,0.9336334466934204,0.06636657565832138,0.9336334466934204,8,6,3,zero_shot_paired
118,8,8,10,60,1,1,1,0.6907905340194702,0.6907905340194702,0.3092094361782074,0.6907905340194702,8,6,3,zero_shot_paired
118,9,8,11,60,1,0,0,0.5675134658813477,0.5675134658813477,0.5675134658813477,0.43248653411865234,8,6,3,zero_shot_paired
118,10,8,12,60,1,0,0,0.5437794923782349,0.5437794923782349,0.5437794923782349,0.45622050762176514,8,6,3,zero_shot_paired
118,11,8,13,60,1,0,0,0.6227246522903442,0.6227246522903442,0.6227246522903442,0.37727537751197815,8,6,3,zero_shot_paired
118,12,8,15,60,1,1,1,0.549837052822113,0.549837052822113,0.45016297698020935,0.549837052822113,8,6,3,zero_shot_paired
118,13,8,16,60,1,1,1,0.508607029914856,0.508607029914856,0.49139299988746643,0.508607029914856,8,6,3,zero_shot_paired
118,14,8,17,60,1,1,1,0.7582785487174988,0.7582785487174988,0.24172143638134003,0.7582785487174988,8,6,3,zero_shot_paired
118,0,8,0,60,0,1,0,0.6255775094032288,0.6255775094032288,0.37442252039909363,0.6255775094032288,8,6,3,post_calibration
118,1,8,1,60,1,1,1,0.5354172587394714,0.5354172587394714,0.4645827114582062,0.5354172587394714,8,6,3,post_calibration
118,2,8,2,60,1,1,1,0.7016395926475525,0.7016395926475525,0.2983603775501251,0.7016395926475525,8,6,3,post_calibration
118,3,8,3,60,1,1,1,0.5874125361442566,0.5874125361442566,0.4125874638557434,0.5874125361442566,8,6,3,post_calibration
118,4,8,5,60,1,1,1,0.7572380304336548,0.7572380304336548,0.2427619844675064,0.7572380304336548,8,6,3,post_calibration
118,5,8,6,60,1,1,1,0.6187966465950012,0.6187966465950012,0.38120338320732117,0.6187966465950012,8,6,3,post_calibration
118,6,8,7,60,1,1,1,0.5356943607330322,0.5356943607330322,0.4643056392669678,0.5356943607330322,8,6,3,post_calibration
118,7,8,8,60,1,1,1,0.9376890063285828,0.9376890063285828,0.062310971319675446,0.9376890063285828,8,6,3,post_calibration
118,8,8,10,60,1,1,1,0.7092111110687256,0.7092111110687256,0.2907888889312744,0.7092111110687256,8,6,3,post_calibration
118,9,8,11,60,1,0,0,0.5646199584007263,0.5646199584007263,0.5646199584007263,0.43538007140159607,8,6,3,post_calibration
118,10,8,12,60,1,0,0,0.5372841358184814,0.5372841358184814,0.5372841358184814,0.4627158045768738,8,6,3,post_calibration
118,11,8,13,60,1,0,0,0.6174765825271606,0.6174765825271606,0.6174765825271606,0.38252341747283936,8,6,3,post_calibration
118,12,8,15,60,1,1,1,0.5748236775398254,0.5748236775398254,0.4251762926578522,0.5748236775398254,8,6,3,post_calibration
118,13,8,16,60,1,1,1,0.5179232954978943,0.5179232954978943,0.4820767045021057,0.5179232954978943,8,6,3,post_calibration
118,14,8,17,60,1,1,1,0.7651330232620239,0.7651330232620239,0.23486700654029846,0.7651330232620239,8,6,3,post_calibration
119,0,8,0,60,0,1,0,0.6134518384933472,0.6134518384933472,0.38654816150665283,0.6134518384933472,8,1,6,zero_shot_paired
119,1,8,1,60,1,1,1,0.5205801129341125,0.5205801129341125,0.47941988706588745,0.5205801129341125,8,1,6,zero_shot_paired
119,2,8,2,60,1,1,1,0.6899637579917908,0.6899637579917908,0.310036301612854,0.6899637579917908,8,1,6,zero_shot_paired
119,3,8,3,60,1,1,1,0.5749542117118835,0.5749542117118835,0.42504578828811646,0.5749542117118835,8,1,6,zero_shot_paired
119,4,8,6,60,1,1,1,0.5999540090560913,0.5999540090560913,0.4000459909439087,0.5999540090560913,8,1,6,zero_shot_paired
119,5,8,8,60,1,1,1,0.9336334466934204,0.9336334466934204,0.06636657565832138,0.9336334466934204,8,1,6,zero_shot_paired
119,6,8,9,60,1,1,1,0.6238084435462952,0.6238084435462952,0.37619152665138245,0.6238084435462952,8,1,6,zero_shot_paired
119,7,8,11,60,1,0,0,0.5675134658813477,0.5675134658813477,0.5675134658813477,0.43248653411865234,8,1,6,zero_shot_paired
119,8,8,12,60,1,0,0,0.5437794923782349,0.5437794923782349,0.5437794923782349,0.45622050762176514,8,1,6,zero_shot_paired
119,9,8,13,60,1,0,0,0.6227246522903442,0.6227246522903442,0.6227246522903442,0.37727537751197815,8,1,6,zero_shot_paired
119,10,8,16,60,1,1,1,0.508607029914856,0.508607029914856,0.49139299988746643,0.508607029914856,8,1,6,zero_shot_paired
119,11,8,17,60,1,1,1,0.7582785487174988,0.7582785487174988,0.24172143638134003,0.7582785487174988,8,1,6,zero_shot_paired
119,0,8,0,60,0,1,0,0.623056173324585,0.623056173324585,0.37694379687309265,0.623056173324585,8,1,6,post_calibration
119,1,8,1,60,1,1,1,0.5579789280891418,0.5579789280891418,0.44202107191085815,0.5579789280891418,8,1,6,post_calibration
119,2,8,2,60,1,1,1,0.7004947662353516,0.7004947662353516,0.29950520396232605,0.7004947662353516,8,1,6,post_calibration
119,3,8,3,60,1,1,1,0.5906242728233337,0.5906242728233337,0.40937572717666626,0.5906242728233337,8,1,6,post_calibration
119,4,8,6,60,1,1,1,0.643436074256897,0.643436074256897,0.356563925743103,0.643436074256897,8,1,6,post_calibration
119,5,8,8,60,1,1,1,0.9389116168022156,0.9389116168022156,0.06108842417597771,0.9389116168022156,8,1,6,post_calibration
119,6,8,9,60,1,1,1,0.6241485476493835,0.6241485476493835,0.37585142254829407,0.6241485476493835,8,1,6,post_calibration
119,7,8,11,60,1,0,0,0.5521737337112427,0.5521737337112427,0.5521737337112427,0.4478262662887573,8,1,6,post_calibration
119,8,8,12,60,1,0,0,0.5155208110809326,0.5155208110809326,0.5155208110809326,0.484479159116745,8,1,6,post_calibration
119,9,8,13,60,1,0,0,0.6247014403343201,0.6247014403343201,0.6247014403343201,0.37529852986335754,8,1,6,post_calibration
119,10,8,16,60,1,1,1,0.5117185115814209,0.5117185115814209,0.4882814884185791,0.5117185115814209,8,1,6,post_calibration
119,11,8,17,60,1,1,1,0.7459626197814941,0.7459626197814941,0.25403735041618347,0.7459626197814941,8,1,6,post_calibration
120,0,8,2,60,1,1,1,0.6899637579917908,0.6899637579917908,0.310036301612854,0.6899637579917908,8,2,6,zero_shot_paired
120,1,8,4,60,1,1,1,0.7306428551673889,0.7306428551673889,0.2693571150302887,0.7306428551673889,8,2,6,zero_shot_paired
120,2,8,5,60,1,1,1,0.7347490191459656,0.7347490191459656,0.2652510106563568,0.7347490191459656,8,2,6,zero_shot_paired
120,3,8,7,60,1,1,1,0.5114172697067261,0.5114172697067261,0.48858267068862915,0.5114172697067261,8,2,6,zero_shot_paired
120,4,8,9,60,1,1,1,0.6238084435462952,0.6238084435462952,0.37619152665138245,0.6238084435462952,8,2,6,zero_shot_paired
120,5,8,10,60,1,1,1,0.6907905340194702,0.6907905340194702,0.3092094361782074,0.6907905340194702,8,2,6,zero_shot_paired
120,6,8,11,60,1,0,0,0.5675134658813477,0.5675134658813477,0.5675134658813477,0.43248653411865234,8,2,6,zero_shot_paired
120,7,8,13,60,1,0,0,0.6227246522903442,0.6227246522903442,0.6227246522903442,0.37727537751197815,8,2,6,zero_shot_paired
120,8,8,14,60,1,1,1,0.6959954500198364,0.6959954500198364,0.3040045499801636,0.6959954500198364,8,2,6,zero_shot_paired
120,9,8,15,60,1,1,1,0.549837052822113,0.549837052822113,0.45016297698020935,0.549837052822113,8,2,6,zero_shot_paired
120,10,8,16,60,1,1,1,0.508607029914856,0.508607029914856,0.49139299988746643,0.508607029914856,8,2,6,zero_shot_paired
120,11,8,17,60,1,1,1,0.7582785487174988,0.7582785487174988,0.24172143638134003,0.7582785487174988,8,2,6,zero_shot_paired
120,0,8,2,60,1,1,1,0.6978148818016052,0.6978148818016052,0.3021851181983948,0.6978148818016052,8,2,6,post_calibration
120,1,8,4,60,1,1,1,0.7481094598770142,0.7481094598770142,0.2518905997276306,0.7481094598770142,8,2,6,post_calibration
120,2,8,5,60,1,1,1,0.7426988482475281,0.7426988482475281,0.2573011815547943,0.7426988482475281,8,2,6,post_calibration
120,3,8,7,60,1,1,1,0.5302554965019226,0.5302554965019226,0.4697445034980774,0.5302554965019226,8,2,6,post_calibration
120,4,8,9,60,1,1,1,0.6107001900672913,0.6107001900672913,0.38929980993270874,0.6107001900672913,8,2,6,post_calibration
120,5,8,10,60,1,1,1,0.7228847742080688,0.7228847742080688,0.27711519598960876,0.7228847742080688,8,2,6,post_calibration
120,6,8,11,60,1,0,0,0.5494782328605652,0.5494782328605652,0.5494782328605652,0.4505218267440796,8,2,6,post_calibration
120,7,8,13,60,1,0,0,0.6288918852806091,0.6288918852806091,0.6288918852806091,0.37110814452171326,8,2,6,post_calibration
120,8,8,14,60,1,1,1,0.7114841341972351,0.7114841341972351,0.2885158360004425,0.7114841341972351,8,2,6,post_calibration
120,9,8,15,60,1,1,1,0.5623511075973511,0.5623511075973511,0.4376488924026489,0.5623511075973511,8,2,6,post_calibration
120,10,8,16,60,1,1,1,0.5254772305488586,0.5254772305488586,0.47452273964881897,0.5254772305488586,8,2,6,post_calibration
120,11,8,17,60,1,1,1,0.7569040656089783,0.7569040656089783,0.24309593439102173,0.7569040656089783,8,2,6,post_calibration
121,0,8,0,60,0,1,0,0.6134518384933472,0.6134518384933472,0.38654816150665283,0.6134518384933472,8,3,6,zero_shot_paired
121,1,8,1,60,1,1,1,0.5205801129341125,0.5205801129341125,0.47941988706588745,0.5205801129341125,8,3,6,zero_shot_paired
121,2,8,3,60,1,1,1,0.5749542117118835,0.5749542117118835,0.42504578828811646,0.5749542117118835,8,3,6,zero_shot_paired
121,3,8,4,60,1,1,1,0.7306428551673889,0.7306428551673889,0.2693571150302887,0.7306428551673889,8,3,6,zero_shot_paired
121,4,8,5,60,1,1,1,0.7347490191459656,0.7347490191459656,0.2652510106563568,0.7347490191459656,8,3,6,zero_shot_paired
121,5,8,6,60,1,1,1,0.5999540090560913,0.5999540090560913,0.4000459909439087,0.5999540090560913,8,3,6,zero_shot_paired
121,6,8,7,60,1,1,1,0.5114172697067261,0.5114172697067261,0.48858267068862915,0.5114172697067261,8,3,6,zero_shot_paired
121,7,8,8,60,1,1,1,0.9336334466934204,0.9336334466934204,0.06636657565832138,0.9336334466934204,8,3,6,zero_shot_paired
121,8,8,10,60,1,1,1,0.6907905340194702,0.6907905340194702,0.3092094361782074,0.6907905340194702,8,3,6,zero_shot_paired
121,9,8,12,60,1,0,0,0.5437794923782349,0.5437794923782349,0.5437794923782349,0.45622050762176514,8,3,6,zero_shot_paired
121,10,8,14,60,1,1,1,0.6959954500198364,0.6959954500198364,0.3040045499801636,0.6959954500198364,8,3,6,zero_shot_paired
121,11,8,15,60,1,1,1,0.549837052822113,0.549837052822113,0.45016297698020935,0.549837052822113,8,3,6,zero_shot_paired
121,0,8,0,60,0,1,0,0.6548206210136414,0.6548206210136414,0.34517940878868103,0.6548206210136414,8,3,6,post_calibration
121,1,8,1,60,1,1,1,0.5350927710533142,0.5350927710533142,0.4649072289466858,0.5350927710533142,8,3,6,post_calibration
121,2,8,3,60,1,1,1,0.5973950624465942,0.5973950624465942,0.40260496735572815,0.5973950624465942,8,3,6,post_calibration
121,3,8,4,60,1,1,1,0.7211375832557678,0.7211375832557678,0.2788624167442322,0.7211375832557678,8,3,6,post_calibration
121,4,8,5,60,1,1,1,0.763943612575531,0.763943612575531,0.2360563725233078,0.763943612575531,8,3,6,post_calibration
121,5,8,6,60,1,1,1,0.623813807964325,0.623813807964325,0.37618616223335266,0.623813807964325,8,3,6,post_calibration
121,6,8,7,60,1,1,1,0.5120959281921387,0.5120959281921387,0.48790404200553894,0.5120959281921387,8,3,6,post_calibration
121,7,8,8,60,1,1,1,0.9373264908790588,0.9373264908790588,0.06267347186803818,0.9373264908790588,8,3,6,post_calibration
121,8,8,10,60,1,1,1,0.6883702874183655,0.6883702874183655,0.3116297721862793,0.6883702874183655,8,3,6,post_calibration
121,9,8,12,60,1,0,0,0.5531545877456665,0.5531545877456665,0.5531545877456665,0.4468454420566559,8,3,6,post_calibration
121,10,8,14,60,1,1,1,0.7216604948043823,0.7216604948043823,0.27833956480026245,0.7216604948043823,8,3,6,post_calibration
121,11,8,15,60,1,1,1,0.566848635673523,0.566848635673523,0.4331514239311218,0.566848635673523,8,3,6,post_calibration
122,0,8,2,60,1,1,1,0.6899620890617371,0.6899620890617371,0.31003791093826294,0.6899620890617371,8,1,9,zero_shot_paired
122,1,8,3,60,1,1,1,0.5749616622924805,0.5749616622924805,0.42503833770751953,0.5749616622924805,8,1,9,zero_shot_paired
122,2,8,5,60,1,1,1,0.7347490191459656,0.7347490191459656,0.2652510106563568,0.7347490191459656,8,1,9,zero_shot_paired
122,3,8,6,60,1,1,1,0.5999521613121033,0.5999521613121033,0.40004783868789673,0.5999521613121033,8,1,9,zero_shot_paired
122,4,8,10,60,1,1,1,0.6907824277877808,0.6907824277877808,0.3092176020145416,0.6907824277877808,8,1,9,zero_shot_paired
122,5,8,13,60,1,0,0,0.622730016708374,0.622730016708374,0.622730016708374,0.3772699534893036,8,1,9,zero_shot_paired
122,6,8,14,60,1,1,1,0.6960034966468811,0.6960034966468811,0.3039964735507965,0.6960034966468811,8,1,9,zero_shot_paired
122,7,8,16,60,1,1,1,0.5086146593093872,0.5086146593093872,0.4913853704929352,0.5086146593093872,8,1,9,zero_shot_paired
122,8,8,17,60,1,1,1,0.7582757472991943,0.7582757472991943,0.24172425270080566,0.7582757472991943,8,1,9,zero_shot_paired
122,0,8,2,60,1,1,1,0.7072815299034119,0.7072815299034119,0.29271847009658813,0.7072815299034119,8,1,9,post_calibration
122,1,8,3,60,1,1,1,0.601344883441925,0.601344883441925,0.39865514636039734,0.601344883441925,8,1,9,post_calibration
122,2,8,5,60,1,1,1,0.7572099566459656,0.7572099566459656,0.24279002845287323,0.7572099566459656,8,1,9,post_calibration
122,3,8,6,60,1,1,1,0.6185950636863708,0.6185950636863708,0.38140496611595154,0.6185950636863708,8,1,9,post_calibration
122,4,8,10,60,1,1,1,0.7143042683601379,0.7143042683601379,0.2856956720352173,0.7143042683601379,8,1,9,post_calibration
122,5,8,13,60,1,0,0,0.6097964644432068,0.6097964644432068,0.6097964644432068,0.3902035057544708,8,1,9,post_calibration
122,6,8,14,60,1,1,1,0.7235262393951416,0.7235262393951416,0.2764737606048584,0.7235262393951416,8,1,9,post_calibration
122,7,8,16,60,1,1,1,0.527130126953125,0.527130126953125,0.4728698134422302,0.527130126953125,8,1,9,post_calibration
122,8,8,17,60,1,1,1,0.7659956216812134,0.7659956216812134,0.23400436341762543,0.7659956216812134,8,1,9,post_calibration
123,0,8,0,60,0,1,0,0.613440990447998,0.613440990447998,0.38655900955200195,0.613440990447998,8,2,9,zero_shot_paired
123,1,8,1,60,1,1,1,0.5205743908882141,0.5205743908882141,0.4794256091117859,0.5205743908882141,8,2,9,zero_shot_paired
123,2,8,4,60,1,1,1,0.7306444048881531,0.7306444048881531,0.2693556249141693,0.7306444048881531,8,2,9,zero_shot_paired
123,3,8,7,60,1,1,1,0.511415421962738,0.511415421962738,0.48858457803726196,0.511415421962738,8,2,9,zero_shot_paired
123,4,8,8,60,1,1,1,0.9336381554603577,0.9336381554603577,0.06636184453964233,0.9336381554603577,8,2,9,zero_shot_paired
123,5,8,9,60,1,1,1,0.6238084435462952,0.6238084435462952,0.37619152665138245,0.6238084435462952,8,2,9,zero_shot_paired
123,6,8,11,60,1,0,0,0.5675134658813477,0.5675134658813477,0.5675134658813477,0.43248653411865234,8,2,9,zero_shot_paired
123,7,8,12,60,1,0,0,0.5437946915626526,0.5437946915626526,0.5437946915626526,0.4562053382396698,8,2,9,zero_shot_paired
123,8,8,15,60,1,1,1,0.5498086810112,0.5498086810112,0.45019128918647766,0.5498086810112,8,2,9,zero_shot_paired
123,0,8,0,60,0,1,0,0.6378947496414185,0.6378947496414185,0.36210522055625916,0.6378947496414185,8,2,9,post_calibration
123,1,8,1,60,1,1,1,0.5455675721168518,0.5455675721168518,0.4544324278831482,0.5455675721168518,8,2,9,post_calibration
123,2,8,4,60,1,1,1,0.7435449957847595,0.7435449957847595,0.25645503401756287,0.7435449957847595,8,2,9,post_calibration
123,3,8,7,60,1,1,1,0.531997799873352,0.531997799873352,0.4680022597312927,0.531997799873352,8,2,9,post_calibration
123,4,8,8,60,1,1,1,0.9383895993232727,0.9383895993232727,0.061610352247953415,0.9383895993232727,8,2,9,post_calibration
123,5,8,9,60,1,1,1,0.6533360481262207,0.6533360481262207,0.3466639518737793,0.6533360481262207,8,2,9,post_calibration
123,6,8,11,60,1,0,0,0.53022700548172,0.53022700548172,0.53022700548172,0.46977299451828003,8,2,9,post_calibration
123,7,8,12,60,1,0,0,0.5287349224090576,0.5287349224090576,0.5287349224090576,0.47126504778862,8,2,9,post_calibration
123,8,8,15,60,1,1,1,0.5803056359291077,0.5803056359291077,0.4196943938732147,0.5803056359291077,8,2,9,post_calibration
124,0,8,2,60,1,1,1,0.6899849772453308,0.6899849772453308,0.31001508235931396,0.6899849772453308,8,1,12,zero_shot_paired
124,1,8,4,60,1,1,1,0.7307299375534058,0.7307299375534058,0.26927006244659424,0.7307299375534058,8,1,12,zero_shot_paired
124,2,8,5,60,1,1,1,0.7348441481590271,0.7348441481590271,0.2651558816432953,0.7348441481590271,8,1,12,zero_shot_paired
124,3,8,12,60,1,0,0,0.5436564683914185,0.5436564683914185,0.5436564683914185,0.45634353160858154,8,1,12,zero_shot_paired
124,4,8,13,60,1,0,0,0.6228465437889099,0.6228465437889099,0.6228465437889099,0.3771534562110901,8,1,12,zero_shot_paired
124,5,8,15,60,1,1,1,0.5498086810112,0.5498086810112,0.45019128918647766,0.5498086810112,8,1,12,zero_shot_paired
124,0,8,2,60,1,1,1,0.7097285389900208,0.7097285389900208,0.29027149081230164,0.7097285389900208,8,1,12,post_calibration
124,1,8,4,60,1,1,1,0.7390047311782837,0.7390047311782837,0.2609952688217163,0.7390047311782837,8,1,12,post_calibration
124,2,8,5,60,1,1,1,0.75583416223526,0.75583416223526,0.2441658228635788,0.75583416223526,8,1,12,post_calibration
124,3,8,12,60,1,0,0,0.5203496813774109,0.5203496813774109,0.5203496813774109,0.4796502888202667,8,1,12,post_calibration
124,4,8,13,60,1,0,0,0.6261206269264221,0.6261206269264221,0.6261206269264221,0.37387940287590027,8,1,12,post_calibration
124,5,8,15,60,1,1,1,0.5599124431610107,0.5599124431610107,0.44008761644363403,0.5599124431610107,8,1,12,post_calibration
125,0,8,5,60,1,1,1,0.7348441481590271,0.7348441481590271,0.2651558816432953,0.7348441481590271,8,2,12,zero_shot_paired
125,1,8,10,60,1,1,1,0.6908084750175476,0.6908084750175476,0.3091915249824524,0.6908084750175476,8,2,12,zero_shot_paired
125,2,8,11,60,1,0,0,0.567371129989624,0.567371129989624,0.567371129989624,0.4326288402080536,8,2,12,zero_shot_paired
125,3,8,12,60,1,0,0,0.5436564683914185,0.5436564683914185,0.5436564683914185,0.45634353160858154,8,2,12,zero_shot_paired
125,4,8,14,60,1,1,1,0.6959228515625,0.6959228515625,0.3040772080421448,0.6959228515625,8,2,12,zero_shot_paired
125,5,8,17,60,1,1,1,0.7581737041473389,0.7581737041473389,0.2418263703584671,0.7581737041473389,8,2,12,zero_shot_paired
125,0,8,5,60,1,1,1,0.7650013566017151,0.7650013566017151,0.2349986582994461,0.7650013566017151,8,2,12,post_calibration
125,1,8,10,60,1,1,1,0.7107537984848022,0.7107537984848022,0.28924620151519775,0.7107537984848022,8,2,12,post_calibration
125,2,8,11,60,1,0,0,0.5386950373649597,0.5386950373649597,0.5386950373649597,0.4613049328327179,8,2,12,post_calibration
125,3,8,12,60,1,0,0,0.5311751961708069,0.5311751961708069,0.5311751961708069,0.4688248038291931,8,2,12,post_calibration
125,4,8,14,60,1,1,1,0.7275824546813965,0.7275824546813965,0.27241751551628113,0.7275824546813965,8,2,12,post_calibration
125,5,8,17,60,1,1,1,0.7588416337966919,0.7588416337966919,0.2411583513021469,0.7588416337966919,8,2,12,post_calibration
126,0,8,2,60,1,1,1,0.6899849772453308,0.6899849772453308,0.31001508235931396,0.6899849772453308,8,3,12,zero_shot_paired
126,1,8,4,60,1,1,1,0.7307299375534058,0.7307299375534058,0.26927006244659424,0.7307299375534058,8,3,12,zero_shot_paired
126,2,8,8,60,1,1,1,0.9336334466934204,0.9336334466934204,0.06636657565832138,0.9336334466934204,8,3,12,zero_shot_paired
126,3,8,11,60,1,0,0,0.567371129989624,0.567371129989624,0.567371129989624,0.4326288402080536,8,3,12,zero_shot_paired
126,4,8,14,60,1,1,1,0.6959228515625,0.6959228515625,0.3040772080421448,0.6959228515625,8,3,12,zero_shot_paired
126,5,8,17,60,1,1,1,0.7581737041473389,0.7581737041473389,0.2418263703584671,0.7581737041473389,8,3,12,zero_shot_paired
126,0,8,2,60,1,1,1,0.7123916149139404,0.7123916149139404,0.2876083254814148,0.7123916149139404,8,3,12,post_calibration
126,1,8,4,60,1,1,1,0.743192732334137,0.743192732334137,0.25680723786354065,0.743192732334137,8,3,12,post_calibration
126,2,8,8,60,1,1,1,0.9370372891426086,0.9370372891426086,0.06296273320913315,0.9370372891426086,8,3,12,post_calibration
126,3,8,11,60,1,0,0,0.5408746004104614,0.5408746004104614,0.5408746004104614,0.4591253697872162,8,3,12,post_calibration
126,4,8,14,60,1,1,1,0.7268620729446411,0.7268620729446411,0.2731379568576813,0.7268620729446411,8,3,12,post_calibration
126,5,8,17,60,1,1,1,0.7549926042556763,0.7549926042556763,0.24500735104084015,0.7549926042556763,8,3,12,post_calibration
10,0,9,0,60,0,1,0,0.6361960172653198,0.6361960172653198,0.36380404233932495,0.6361960172653198,9,,,zero_shot_all_trials
10,1,9,1,60,0,1,0,0.5495991110801697,0.5495991110801697,0.4504009187221527,0.5495991110801697,9,,,zero_shot_all_trials
10,2,9,2,60,1,1,1,0.6161801218986511,0.6161801218986511,0.38381990790367126,0.6161801218986511,9,,,zero_shot_all_trials
10,3,9,3,60,1,1,1,0.6268346905708313,0.6268346905708313,0.3731652498245239,0.6268346905708313,9,,,zero_shot_all_trials
10,4,9,4,60,1,1,1,0.6808785796165466,0.6808785796165466,0.3191213607788086,0.6808785796165466,9,,,zero_shot_all_trials
10,5,9,5,60,1,1,1,0.589959979057312,0.589959979057312,0.4100399911403656,0.589959979057312,9,,,zero_shot_all_trials
10,6,9,6,60,1,1,1,0.7107616662979126,0.7107616662979126,0.2892383635044098,0.7107616662979126,9,,,zero_shot_all_trials
10,7,9,7,60,1,0,0,0.5767394304275513,0.5767394304275513,0.5767394304275513,0.42326056957244873,9,,,zero_shot_all_trials
10,8,9,8,60,0,1,0,0.8382488489151001,0.8382488489151001,0.1617511361837387,0.8382488489151001,9,,,zero_shot_all_trials
10,9,9,9,60,0,0,1,0.5458323359489441,0.5458323359489441,0.5458323359489441,0.4541676342487335,9,,,zero_shot_all_trials
10,10,9,10,60,0,1,0,0.7317494750022888,0.7317494750022888,0.2682504653930664,0.7317494750022888,9,,,zero_shot_all_trials
10,11,9,11,60,0,0,1,0.6304236650466919,0.6304236650466919,0.6304236650466919,0.3695763647556305,9,,,zero_shot_all_trials
10,12,9,12,60,1,1,1,0.6438770294189453,0.6438770294189453,0.3561229705810547,0.6438770294189453,9,,,zero_shot_all_trials
10,13,9,13,60,0,1,0,0.6529229283332825,0.6529229283332825,0.34707707166671753,0.6529229283332825,9,,,zero_shot_all_trials
10,14,9,14,60,0,1,0,0.7521918416023254,0.7521918416023254,0.24780818819999695,0.7521918416023254,9,,,zero_shot_all_trials
10,15,9,15,60,1,1,1,0.5727115869522095,0.5727115869522095,0.4272884130477905,0.5727115869522095,9,,,zero_shot_all_trials
10,16,9,16,60,0,0,1,0.7126057147979736,0.7126057147979736,0.7126057147979736,0.287394255399704,9,,,zero_shot_all_trials
10,17,9,17,60,1,1,1,0.564214825630188,0.564214825630188,0.4357852041721344,0.564214825630188,9,,,zero_shot_all_trials
127,0,9,0,60,0,1,0,0.6362118721008301,0.6362118721008301,0.3637881278991699,0.6362118721008301,9,1,3,zero_shot_paired
127,1,9,1,60,0,1,0,0.5495991110801697,0.5495991110801697,0.4504009187221527,0.5495991110801697,9,1,3,zero_shot_paired
127,2,9,2,60,1,1,1,0.6161819100379944,0.6161819100379944,0.3838180899620056,0.6161819100379944,9,1,3,zero_shot_paired
127,3,9,5,60,1,1,1,0.5899637341499329,0.5899637341499329,0.4100363254547119,0.5899637341499329,9,1,3,zero_shot_paired
127,4,9,6,60,1,1,1,0.7107585072517395,0.7107585072517395,0.2892414927482605,0.7107585072517395,9,1,3,zero_shot_paired
127,5,9,7,60,1,0,0,0.5767356753349304,0.5767356753349304,0.5767356753349304,0.4232642948627472,9,1,3,zero_shot_paired
127,6,9,9,60,0,0,1,0.5458285808563232,0.5458285808563232,0.5458285808563232,0.45417141914367676,9,1,3,zero_shot_paired
127,7,9,10,60,0,1,0,0.7317554950714111,0.7317554950714111,0.2682444453239441,0.7317554950714111,9,1,3,zero_shot_paired
127,8,9,11,60,0,0,1,0.6304165124893188,0.6304165124893188,0.6304165124893188,0.36958345770835876,9,1,3,zero_shot_paired
127,9,9,12,60,1,1,1,0.6438718438148499,0.6438718438148499,0.35612818598747253,0.6438718438148499,9,1,3,zero_shot_paired
127,10,9,13,60,0,1,0,0.6529212594032288,0.6529212594032288,0.347078800201416,0.6529212594032288,9,1,3,zero_shot_paired
127,11,9,14,60,0,1,0,0.7521889209747314,0.7521889209747314,0.24781103432178497,0.7521889209747314,9,1,3,zero_shot_paired
127,12,9,15,60,1,1,1,0.5727134346961975,0.5727134346961975,0.4272865355014801,0.5727134346961975,9,1,3,zero_shot_paired
127,13,9,16,60,0,0,1,0.7126057147979736,0.7126057147979736,0.7126057147979736,0.287394255399704,9,1,3,zero_shot_paired
127,14,9,17,60,1,1,1,0.5642185211181641,0.5642185211181641,0.43578144907951355,0.5642185211181641,9,1,3,zero_shot_paired
127,0,9,0,60,0,1,0,0.6359027624130249,0.6359027624130249,0.3640972077846527,0.6359027624130249,9,1,3,post_calibration
127,1,9,1,60,0,1,0,0.5260992646217346,0.5260992646217346,0.4739006757736206,0.5260992646217346,9,1,3,post_calibration
127,2,9,2,60,1,1,1,0.6086921691894531,0.6086921691894531,0.3913078010082245,0.6086921691894531,9,1,3,post_calibration
127,3,9,5,60,1,1,1,0.5977069735527039,0.5977069735527039,0.4022930860519409,0.5977069735527039,9,1,3,post_calibration
127,4,9,6,60,1,1,1,0.7042650580406189,0.7042650580406189,0.2957350015640259,0.7042650580406189,9,1,3,post_calibration
127,5,9,7,60,1,0,0,0.5794227123260498,0.5794227123260498,0.5794227123260498,0.4205772876739502,9,1,3,post_calibration
127,6,9,9,60,0,0,1,0.5497973561286926,0.5497973561286926,0.5497973561286926,0.45020267367362976,9,1,3,post_calibration
127,7,9,10,60,0,1,0,0.7297771573066711,0.7297771573066711,0.27022284269332886,0.7297771573066711,9,1,3,post_calibration
127,8,9,11,60,0,0,1,0.63752281665802,0.63752281665802,0.63752281665802,0.36247718334198,9,1,3,post_calibration
127,9,9,12,60,1,1,1,0.645275354385376,0.645275354385376,0.354724645614624,0.645275354385376,9,1,3,post_calibration
127,10,9,13,60,0,1,0,0.6425604224205017,0.6425604224205017,0.3574396073818207,0.6425604224205017,9,1,3,post_calibration
127,11,9,14,60,0,1,0,0.7495285868644714,0.7495285868644714,0.2504713833332062,0.7495285868644714,9,1,3,post_calibration
127,12,9,15,60,1,1,1,0.5697423219680786,0.5697423219680786,0.4302577078342438,0.5697423219680786,9,1,3,post_calibration
127,13,9,16,60,0,0,1,0.7174311876296997,0.7174311876296997,0.7174311876296997,0.2825687825679779,9,1,3,post_calibration
127,14,9,17,60,1,1,1,0.5599951148033142,0.5599951148033142,0.4400048553943634,0.5599951148033142,9,1,3,post_calibration
128,0,9,0,60,0,1,0,0.6361942291259766,0.6361942291259766,0.3638058006763458,0.6361942291259766,9,2,3,zero_shot_paired
128,1,9,1,60,0,1,0,0.5495972037315369,0.5495972037315369,0.45040279626846313,0.5495972037315369,9,2,3,zero_shot_paired
128,2,9,2,60,1,1,1,0.6161710619926453,0.6161710619926453,0.38382890820503235,0.6161710619926453,9,2,3,zero_shot_paired
128,3,9,3,60,1,1,1,0.6268240213394165,0.6268240213394165,0.3731759786605835,0.6268240213394165,9,2,3,zero_shot_paired
128,4,9,4,60,1,1,1,0.6808769106864929,0.6808769106864929,0.3191230595111847,0.6808769106864929,9,2,3,zero_shot_paired
128,5,9,5,60,1,1,1,0.589958131313324,0.589958131313324,0.41004180908203125,0.589958131313324,9,2,3,zero_shot_paired
128,6,9,6,60,1,1,1,0.7107600569725037,0.7107600569725037,0.28923994302749634,0.7107600569725037,9,2,3,zero_shot_paired
128,7,9,8,60,0,1,0,0.8382498621940613,0.8382498621940613,0.16175009310245514,0.8382498621940613,9,2,3,zero_shot_paired
128,8,9,9,60,0,0,1,0.5458248257637024,0.5458248257637024,0.5458248257637024,0.45417520403862,9,2,3,zero_shot_paired
128,9,9,10,60,0,1,0,0.7317525148391724,0.7317525148391724,0.26824748516082764,0.7317525148391724,9,2,3,zero_shot_paired
128,10,9,12,60,1,1,1,0.6438770294189453,0.6438770294189453,0.3561229705810547,0.6438770294189453,9,2,3,zero_shot_paired
128,11,9,13,60,0,1,0,0.6529212594032288,0.6529212594032288,0.347078800201416,0.6529212594032288,9,2,3,zero_shot_paired
128,12,9,14,60,0,1,0,0.7521904110908508,0.7521904110908508,0.24780963361263275,0.7521904110908508,9,2,3,zero_shot_paired
128,13,9,15,60,1,1,1,0.5727171897888184,0.5727171897888184,0.42728278040885925,0.5727171897888184,9,2,3,zero_shot_paired
128,14,9,16,60,0,0,1,0.7126010656356812,0.7126010656356812,0.7126010656356812,0.28739893436431885,9,2,3,zero_shot_paired
128,0,9,0,60,0,1,0,0.6355847716331482,0.6355847716331482,0.3644152283668518,0.6355847716331482,9,2,3,post_calibration
128,1,9,1,60,0,1,0,0.5513736605644226,0.5513736605644226,0.4486262798309326,0.5513736605644226,9,2,3,post_calibration
128,2,9,2,60,1,1,1,0.6203952431678772,0.6203952431678772,0.3796047568321228,0.6203952431678772,9,2,3,post_calibration
128,3,9,3,60,1,1,1,0.628717303276062,0.628717303276062,0.3712826371192932,0.628717303276062,9,2,3,post_calibration
128,4,9,4,60,1,1,1,0.6801985502243042,0.6801985502243042,0.3198014199733734,0.6801985502243042,9,2,3,post_calibration
128,5,9,5,60,1,1,1,0.5938264727592468,0.5938264727592468,0.40617355704307556,0.5938264727592468,9,2,3,post_calibration
128,6,9,6,60,1,1,1,0.7123838067054749,0.7123838067054749,0.28761616349220276,0.7123838067054749,9,2,3,post_calibration
128,7,9,8,60,0,1,0,0.8386549949645996,0.8386549949645996,0.16134501993656158,0.8386549949645996,9,2,3,post_calibration
128,8,9,9,60,0,0,1,0.5494064688682556,0.5494064688682556,0.5494064688682556,0.45059359073638916,9,2,3,post_calibration
128,9,9,10,60,0,1,0,0.7330070734024048,0.7330070734024048,0.26699286699295044,0.7330070734024048,9,2,3,post_calibration
128,10,9,12,60,1,1,1,0.648034930229187,0.648034930229187,0.351965069770813,0.648034930229187,9,2,3,post_calibration
128,11,9,13,60,0,1,0,0.6570280194282532,0.6570280194282532,0.3429720103740692,0.6570280194282532,9,2,3,post_calibration
128,12,9,14,60,0,1,0,0.7521349191665649,0.7521349191665649,0.24786506593227386,0.7521349191665649,9,2,3,post_calibration
128,13,9,15,60,1,1,1,0.5807459354400635,0.5807459354400635,0.4192540943622589,0.5807459354400635,9,2,3,post_calibration
128,14,9,16,60,0,0,1,0.7094014883041382,0.7094014883041382,0.7094014883041382,0.2905985414981842,9,2,3,post_calibration
129,0,9,1,60,0,1,0,0.5495972037315369,0.5495972037315369,0.45040279626846313,0.5495972037315369,9,3,3,zero_shot_paired
129,1,9,2,60,1,1,1,0.6161710619926453,0.6161710619926453,0.38382890820503235,0.6161710619926453,9,3,3,zero_shot_paired
129,2,9,3,60,1,1,1,0.6268240213394165,0.6268240213394165,0.3731759786605835,0.6268240213394165,9,3,3,zero_shot_paired
129,3,9,4,60,1,1,1,0.6808769106864929,0.6808769106864929,0.3191230595111847,0.6808769106864929,9,3,3,zero_shot_paired
129,4,9,5,60,1,1,1,0.589958131313324,0.589958131313324,0.41004180908203125,0.589958131313324,9,3,3,zero_shot_paired
129,5,9,6,60,1,1,1,0.7107600569725037,0.7107600569725037,0.28923994302749634,0.7107600569725037,9,3,3,zero_shot_paired
129,6,9,7,60,1,0,0,0.5767468810081482,0.5767468810081482,0.5767468810081482,0.4232531189918518,9,3,3,zero_shot_paired
129,7,9,8,60,0,1,0,0.8382498621940613,0.8382498621940613,0.16175009310245514,0.8382498621940613,9,3,3,zero_shot_paired
129,8,9,9,60,0,0,1,0.5458248257637024,0.5458248257637024,0.5458248257637024,0.45417520403862,9,3,3,zero_shot_paired
129,9,9,11,60,0,0,1,0.6304183006286621,0.6304183006286621,0.6304183006286621,0.3695816695690155,9,3,3,zero_shot_paired
129,10,9,13,60,0,1,0,0.6529212594032288,0.6529212594032288,0.347078800201416,0.6529212594032288,9,3,3,zero_shot_paired
129,11,9,14,60,0,1,0,0.7521904110908508,0.7521904110908508,0.24780963361263275,0.7521904110908508,9,3,3,zero_shot_paired
129,12,9,15,60,1,1,1,0.5727171897888184,0.5727171897888184,0.42728278040885925,0.5727171897888184,9,3,3,zero_shot_paired
129,13,9,16,60,0,0,1,0.7126010656356812,0.7126010656356812,0.7126010656356812,0.28739893436431885,9,3,3,zero_shot_paired
129,14,9,17,60,1,1,1,0.5642073154449463,0.5642073154449463,0.4357926845550537,0.5642073154449463,9,3,3,zero_shot_paired
129,0,9,1,60,0,1,0,0.5307457447052002,0.5307457447052002,0.4692542552947998,0.5307457447052002,9,3,3,post_calibration
129,1,9,2,60,1,1,1,0.5903456807136536,0.5903456807136536,0.4096543490886688,0.5903456807136536,9,3,3,post_calibration
129,2,9,3,60,1,1,1,0.6283611059188843,0.6283611059188843,0.37163886427879333,0.6283611059188843,9,3,3,post_calibration
129,3,9,4,60,1,1,1,0.670822262763977,0.670822262763977,0.32917770743370056,0.670822262763977,9,3,3,post_calibration
129,4,9,5,60,1,1,1,0.5758023262023926,0.5758023262023926,0.4241976737976074,0.5758023262023926,9,3,3,post_calibration
129,5,9,6,60,1,1,1,0.7159611582756042,0.7159611582756042,0.28403887152671814,0.7159611582756042,9,3,3,post_calibration
129,6,9,7,60,1,0,0,0.58798748254776,0.58798748254776,0.58798748254776,0.41201251745224,9,3,3,post_calibration
129,7,9,8,60,0,1,0,0.8365389108657837,0.8365389108657837,0.1634610891342163,0.8365389108657837,9,3,3,post_calibration
129,8,9,9,60,0,0,1,0.564109742641449,0.564109742641449,0.564109742641449,0.435890257358551,9,3,3,post_calibration
129,9,9,11,60,0,0,1,0.6363213658332825,0.6363213658332825,0.6363213658332825,0.3636786639690399,9,3,3,post_calibration
129,10,9,13,60,0,1,0,0.6584072113037109,0.6584072113037109,0.3415927588939667,0.6584072113037109,9,3,3,post_calibration
129,11,9,14,60,0,1,0,0.7413025498390198,0.7413025498390198,0.2586974501609802,0.7413025498390198,9,3,3,post_calibration
129,12,9,15,60,1,1,1,0.5612317323684692,0.5612317323684692,0.43876829743385315,0.5612317323684692,9,3,3,post_calibration
129,13,9,16,60,0,0,1,0.7277608513832092,0.7277608513832092,0.7277608513832092,0.27223914861679077,9,3,3,post_calibration
129,14,9,17,60,1,1,1,0.5474413633346558,0.5474413633346558,0.45255860686302185,0.5474413633346558,9,3,3,post_calibration
130,0,9,0,60,0,1,0,0.6361942291259766,0.6361942291259766,0.3638058006763458,0.6361942291259766,9,4,3,zero_shot_paired
130,1,9,1,60,0,1,0,0.5495972037315369,0.5495972037315369,0.45040279626846313,0.5495972037315369,9,4,3,zero_shot_paired
130,2,9,2,60,1,1,1,0.6161710619926453,0.6161710619926453,0.38382890820503235,0.6161710619926453,9,4,3,zero_shot_paired
130,3,9,3,60,1,1,1,0.6268240213394165,0.6268240213394165,0.3731759786605835,0.6268240213394165,9,4,3,zero_shot_paired
130,4,9,4,60,1,1,1,0.6808769106864929,0.6808769106864929,0.3191230595111847,0.6808769106864929,9,4,3,zero_shot_paired
130,5,9,6,60,1,1,1,0.7107600569725037,0.7107600569725037,0.28923994302749634,0.7107600569725037,9,4,3,zero_shot_paired
130,6,9,7,60,1,0,0,0.5767468810081482,0.5767468810081482,0.5767468810081482,0.4232531189918518,9,4,3,zero_shot_paired
130,7,9,8,60,0,1,0,0.8382498621940613,0.8382498621940613,0.16175009310245514,0.8382498621940613,9,4,3,zero_shot_paired
130,8,9,10,60,0,1,0,0.7317525148391724,0.7317525148391724,0.26824748516082764,0.7317525148391724,9,4,3,zero_shot_paired
130,9,9,11,60,0,0,1,0.6304183006286621,0.6304183006286621,0.6304183006286621,0.3695816695690155,9,4,3,zero_shot_paired
130,10,9,12,60,1,1,1,0.6438770294189453,0.6438770294189453,0.3561229705810547,0.6438770294189453,9,4,3,zero_shot_paired
130,11,9,13,60,0,1,0,0.6529212594032288,0.6529212594032288,0.347078800201416,0.6529212594032288,9,4,3,zero_shot_paired
130,12,9,15,60,1,1,1,0.5727171897888184,0.5727171897888184,0.42728278040885925,0.5727171897888184,9,4,3,zero_shot_paired
130,13,9,16,60,0,0,1,0.7126010656356812,0.7126010656356812,0.7126010656356812,0.28739893436431885,9,4,3,zero_shot_paired
130,14,9,17,60,1,1,1,0.5642073154449463,0.5642073154449463,0.4357926845550537,0.5642073154449463,9,4,3,zero_shot_paired
130,0,9,0,60,0,1,0,0.6338778138160706,0.6338778138160706,0.36612215638160706,0.6338778138160706,9,4,3,post_calibration
130,1,9,1,60,0,1,0,0.5337525606155396,0.5337525606155396,0.46624746918678284,0.5337525606155396,9,4,3,post_calibration
130,2,9,2,60,1,1,1,0.6228752136230469,0.6228752136230469,0.3771247863769531,0.6228752136230469,9,4,3,post_calibration
130,3,9,3,60,1,1,1,0.6288420557975769,0.6288420557975769,0.37115800380706787,0.6288420557975769,9,4,3,post_calibration
130,4,9,4,60,1,1,1,0.6757060885429382,0.6757060885429382,0.32429391145706177,0.6757060885429382,9,4,3,post_calibration
130,5,9,6,60,1,1,1,0.6988499164581299,0.6988499164581299,0.30115005373954773,0.6988499164581299,9,4,3,post_calibration
130,6,9,7,60,1,0,0,0.5740813612937927,0.5740813612937927,0.5740813612937927,0.4259185791015625,9,4,3,post_calibration
130,7,9,8,60,0,1,0,0.8323389291763306,0.8323389291763306,0.16766111552715302,0.8323389291763306,9,4,3,post_calibration
130,8,9,10,60,0,1,0,0.7203451991081238,0.7203451991081238,0.2796548008918762,0.7203451991081238,9,4,3,post_calibration
130,9,9,11,60,0,0,1,0.6376814842224121,0.6376814842224121,0.6376814842224121,0.3623184859752655,9,4,3,post_calibration
130,10,9,12,60,1,1,1,0.6554238796234131,0.6554238796234131,0.3445760905742645,0.6554238796234131,9,4,3,post_calibration
130,11,9,13,60,0,1,0,0.642996609210968,0.642996609210968,0.357003390789032,0.642996609210968,9,4,3,post_calibration
130,12,9,15,60,1,1,1,0.5730681419372559,0.5730681419372559,0.42693182826042175,0.5730681419372559,9,4,3,post_calibration
130,13,9,16,60,0,0,1,0.7159672975540161,0.7159672975540161,0.7159672975540161,0.2840326428413391,9,4,3,post_calibration
130,14,9,17,60,1,1,1,0.5483390688896179,0.5483390688896179,0.4516609311103821,0.5483390688896179,9,4,3,post_calibration
131,0,9,0,60,0,1,0,0.6361942291259766,0.6361942291259766,0.3638058006763458,0.6361942291259766,9,5,3,zero_shot_paired
131,1,9,1,60,0,1,0,0.5495972037315369,0.5495972037315369,0.45040279626846313,0.5495972037315369,9,5,3,zero_shot_paired
131,2,9,3,60,1,1,1,0.6268240213394165,0.6268240213394165,0.3731759786605835,0.6268240213394165,9,5,3,zero_shot_paired
131,3,9,4,60,1,1,1,0.6808769106864929,0.6808769106864929,0.3191230595111847,0.6808769106864929,9,5,3,zero_shot_paired
131,4,9,5,60,1,1,1,0.589958131313324,0.589958131313324,0.41004180908203125,0.589958131313324,9,5,3,zero_shot_paired
131,5,9,6,60,1,1,1,0.7107600569725037,0.7107600569725037,0.28923994302749634,0.7107600569725037,9,5,3,zero_shot_paired
131,6,9,7,60,1,0,0,0.5767468810081482,0.5767468810081482,0.5767468810081482,0.4232531189918518,9,5,3,zero_shot_paired
131,7,9,8,60,0,1,0,0.8382498621940613,0.8382498621940613,0.16175009310245514,0.8382498621940613,9,5,3,zero_shot_paired
131,8,9,9,60,0,0,1,0.5458248257637024,0.5458248257637024,0.5458248257637024,0.45417520403862,9,5,3,zero_shot_paired
131,9,9,10,60,0,1,0,0.7317525148391724,0.7317525148391724,0.26824748516082764,0.7317525148391724,9,5,3,zero_shot_paired
131,10,9,11,60,0,0,1,0.6304183006286621,0.6304183006286621,0.6304183006286621,0.3695816695690155,9,5,3,zero_shot_paired
131,11,9,12,60,1,1,1,0.6438770294189453,0.6438770294189453,0.3561229705810547,0.6438770294189453,9,5,3,zero_shot_paired
131,12,9,14,60,0,1,0,0.7521904110908508,0.7521904110908508,0.24780963361263275,0.7521904110908508,9,5,3,zero_shot_paired
131,13,9,16,60,0,0,1,0.7126010656356812,0.7126010656356812,0.7126010656356812,0.28739893436431885,9,5,3,zero_shot_paired
131,14,9,17,60,1,1,1,0.5642073154449463,0.5642073154449463,0.4357926845550537,0.5642073154449463,9,5,3,zero_shot_paired
131,0,9,0,60,0,1,0,0.6487080454826355,0.6487080454826355,0.3512919545173645,0.6487080454826355,9,5,3,post_calibration
131,1,9,1,60,0,1,0,0.5530093908309937,0.5530093908309937,0.4469906687736511,0.5530093908309937,9,5,3,post_calibration
131,2,9,3,60,1,1,1,0.6413328647613525,0.6413328647613525,0.3586671054363251,0.6413328647613525,9,5,3,post_calibration
131,3,9,4,60,1,1,1,0.683911144733429,0.683911144733429,0.31608879566192627,0.683911144733429,9,5,3,post_calibration
131,4,9,5,60,1,1,1,0.5993055701255798,0.5993055701255798,0.4006944000720978,0.5993055701255798,9,5,3,post_calibration
131,5,9,6,60,1,1,1,0.6945244669914246,0.6945244669914246,0.30547553300857544,0.6945244669914246,9,5,3,post_calibration
131,6,9,7,60,1,0,0,0.5536938309669495,0.5536938309669495,0.5536938309669495,0.44630616903305054,9,5,3,post_calibration
131,7,9,8,60,0,1,0,0.8402271866798401,0.8402271866798401,0.15977276861667633,0.8402271866798401,9,5,3,post_calibration
131,8,9,9,60,0,0,1,0.552845299243927,0.552845299243927,0.552845299243927,0.4471547305583954,9,5,3,post_calibration
131,9,9,10,60,0,1,0,0.7479541301727295,0.7479541301727295,0.2520458996295929,0.7479541301727295,9,5,3,post_calibration
131,10,9,11,60,0,0,1,0.6400067806243896,0.6400067806243896,0.6400067806243896,0.35999321937561035,9,5,3,post_calibration
131,11,9,12,60,1,1,1,0.6768001914024353,0.6768001914024353,0.3231998682022095,0.6768001914024353,9,5,3,post_calibration
131,12,9,14,60,0,1,0,0.7476548552513123,0.7476548552513123,0.25234517455101013,0.7476548552513123,9,5,3,post_calibration
131,13,9,16,60,0,0,1,0.6917349100112915,0.6917349100112915,0.6917349100112915,0.3082650899887085,9,5,3,post_calibration
131,14,9,17,60,1,1,1,0.52958083152771,0.52958083152771,0.47041916847229004,0.52958083152771,9,5,3,post_calibration
132,0,9,0,60,0,1,0,0.6361942291259766,0.6361942291259766,0.3638058006763458,0.6361942291259766,9,6,3,zero_shot_paired
132,1,9,2,60,1,1,1,0.6161710619926453,0.6161710619926453,0.38382890820503235,0.6161710619926453,9,6,3,zero_shot_paired
132,2,9,3,60,1,1,1,0.6268240213394165,0.6268240213394165,0.3731759786605835,0.6268240213394165,9,6,3,zero_shot_paired
132,3,9,4,60,1,1,1,0.6808769106864929,0.6808769106864929,0.3191230595111847,0.6808769106864929,9,6,3,zero_shot_paired
132,4,9,5,60,1,1,1,0.589958131313324,0.589958131313324,0.41004180908203125,0.589958131313324,9,6,3,zero_shot_paired
132,5,9,7,60,1,0,0,0.5767468810081482,0.5767468810081482,0.5767468810081482,0.4232531189918518,9,6,3,zero_shot_paired
132,6,9,8,60,0,1,0,0.8382498621940613,0.8382498621940613,0.16175009310245514,0.8382498621940613,9,6,3,zero_shot_paired
132,7,9,9,60,0,0,1,0.5458248257637024,0.5458248257637024,0.5458248257637024,0.45417520403862,9,6,3,zero_shot_paired
132,8,9,10,60,0,1,0,0.7317525148391724,0.7317525148391724,0.26824748516082764,0.7317525148391724,9,6,3,zero_shot_paired
132,9,9,11,60,0,0,1,0.6304183006286621,0.6304183006286621,0.6304183006286621,0.3695816695690155,9,6,3,zero_shot_paired
132,10,9,12,60,1,1,1,0.6438770294189453,0.6438770294189453,0.3561229705810547,0.6438770294189453,9,6,3,zero_shot_paired
132,11,9,13,60,0,1,0,0.6529212594032288,0.6529212594032288,0.347078800201416,0.6529212594032288,9,6,3,zero_shot_paired
132,12,9,14,60,0,1,0,0.7521904110908508,0.7521904110908508,0.24780963361263275,0.7521904110908508,9,6,3,zero_shot_paired
132,13,9,15,60,1,1,1,0.5727171897888184,0.5727171897888184,0.42728278040885925,0.5727171897888184,9,6,3,zero_shot_paired
132,14,9,17,60,1,1,1,0.5642073154449463,0.5642073154449463,0.4357926845550537,0.5642073154449463,9,6,3,zero_shot_paired
132,0,9,0,60,0,1,0,0.6160772442817688,0.6160772442817688,0.3839227557182312,0.6160772442817688,9,6,3,post_calibration
132,1,9,2,60,1,1,1,0.6040686964988708,0.6040686964988708,0.39593133330345154,0.6040686964988708,9,6,3,post_calibration
132,2,9,3,60,1,1,1,0.6276659965515137,0.6276659965515137,0.3723340332508087,0.6276659965515137,9,6,3,post_calibration
132,3,9,4,60,1,1,1,0.6822661757469177,0.6822661757469177,0.3177337944507599,0.6822661757469177,9,6,3,post_calibration
132,4,9,5,60,1,1,1,0.5871554613113403,0.5871554613113403,0.4128445088863373,0.5871554613113403,9,6,3,post_calibration
132,5,9,7,60,1,0,0,0.5914024710655212,0.5914024710655212,0.5914024710655212,0.40859749913215637,9,6,3,post_calibration
132,6,9,8,60,0,1,0,0.8264045119285583,0.8264045119285583,0.17359554767608643,0.8264045119285583,9,6,3,post_calibration
132,7,9,9,60,0,0,1,0.55318284034729,0.55318284034729,0.55318284034729,0.44681715965270996,9,6,3,post_calibration
132,8,9,10,60,0,1,0,0.7201991677284241,0.7201991677284241,0.2798008322715759,0.7201991677284241,9,6,3,post_calibration
132,9,9,11,60,0,0,1,0.6392418146133423,0.6392418146133423,0.6392418146133423,0.3607581853866577,9,6,3,post_calibration
132,10,9,12,60,1,1,1,0.6254059672355652,0.6254059672355652,0.3745940625667572,0.6254059672355652,9,6,3,post_calibration
132,11,9,13,60,0,1,0,0.6591000556945801,0.6591000556945801,0.34089988470077515,0.6591000556945801,9,6,3,post_calibration
132,12,9,14,60,0,1,0,0.7410903573036194,0.7410903573036194,0.258909672498703,0.7410903573036194,9,6,3,post_calibration
132,13,9,15,60,1,1,1,0.5550282597541809,0.5550282597541809,0.4449717402458191,0.5550282597541809,9,6,3,post_calibration
132,14,9,17,60,1,1,1,0.5639296174049377,0.5639296174049377,0.43607038259506226,0.5639296174049377,9,6,3,post_calibration
133,0,9,0,60,0,1,0,0.6361942291259766,0.6361942291259766,0.3638058006763458,0.6361942291259766,9,1,6,zero_shot_paired
133,1,9,1,60,0,1,0,0.5495972037315369,0.5495972037315369,0.45040279626846313,0.5495972037315369,9,1,6,zero_shot_paired
133,2,9,3,60,1,1,1,0.6268240213394165,0.6268240213394165,0.3731759786605835,0.6268240213394165,9,1,6,zero_shot_paired
133,3,9,4,60,1,1,1,0.6808769106864929,0.6808769106864929,0.3191230595111847,0.6808769106864929,9,1,6,zero_shot_paired
133,4,9,5,60,1,1,1,0.589958131313324,0.589958131313324,0.41004180908203125,0.589958131313324,9,1,6,zero_shot_paired
133,5,9,6,60,1,1,1,0.7107600569725037,0.7107600569725037,0.28923994302749634,0.7107600569725037,9,1,6,zero_shot_paired
133,6,9,8,60,0,1,0,0.8382498621940613,0.8382498621940613,0.16175009310245514,0.8382498621940613,9,1,6,zero_shot_paired
133,7,9,10,60,0,1,0,0.7317525148391724,0.7317525148391724,0.26824748516082764,0.7317525148391724,9,1,6,zero_shot_paired
133,8,9,11,60,0,0,1,0.6304183006286621,0.6304183006286621,0.6304183006286621,0.3695816695690155,9,1,6,zero_shot_paired
133,9,9,12,60,1,1,1,0.6438770294189453,0.6438770294189453,0.3561229705810547,0.6438770294189453,9,1,6,zero_shot_paired
133,10,9,14,60,0,1,0,0.7521904110908508,0.7521904110908508,0.24780963361263275,0.7521904110908508,9,1,6,zero_shot_paired
133,11,9,15,60,1,1,1,0.5727171897888184,0.5727171897888184,0.42728278040885925,0.5727171897888184,9,1,6,zero_shot_paired
133,0,9,0,60,0,1,0,0.6342849731445312,0.6342849731445312,0.36571499705314636,0.6342849731445312,9,1,6,post_calibration
133,1,9,1,60,0,1,0,0.5510472059249878,0.5510472059249878,0.4489527940750122,0.5510472059249878,9,1,6,post_calibration
133,2,9,3,60,1,1,1,0.6295450925827026,0.6295450925827026,0.370454877614975,0.6295450925827026,9,1,6,post_calibration
133,3,9,4,60,1,1,1,0.6836175322532654,0.6836175322532654,0.316382497549057,0.6836175322532654,9,1,6,post_calibration
133,4,9,5,60,1,1,1,0.5821180939674377,0.5821180939674377,0.41788193583488464,0.5821180939674377,9,1,6,post_calibration
133,5,9,6,60,1,1,1,0.6866048574447632,0.6866048574447632,0.3133951425552368,0.6866048574447632,9,1,6,post_calibration
133,6,9,8,60,0,1,0,0.8348122835159302,0.8348122835159302,0.16518765687942505,0.8348122835159302,9,1,6,post_calibration
133,7,9,10,60,0,1,0,0.7413259744644165,0.7413259744644165,0.2586740255355835,0.7413259744644165,9,1,6,post_calibration
133,8,9,11,60,0,0,1,0.6473245620727539,0.6473245620727539,0.6473245620727539,0.3526753783226013,9,1,6,post_calibration
133,9,9,12,60,1,1,1,0.6697802543640137,0.6697802543640137,0.33021968603134155,0.6697802543640137,9,1,6,post_calibration
133,10,9,14,60,0,1,0,0.74137282371521,0.74137282371521,0.2586272358894348,0.74137282371521,9,1,6,post_calibration
133,11,9,15,60,1,1,1,0.5752021670341492,0.5752021670341492,0.42479780316352844,0.5752021670341492,9,1,6,post_calibration
134,0,9,0,60,0,1,0,0.6361942291259766,0.6361942291259766,0.3638058006763458,0.6361942291259766,9,2,6,zero_shot_paired
134,1,9,1,60,0,1,0,0.5495972037315369,0.5495972037315369,0.45040279626846313,0.5495972037315369,9,2,6,zero_shot_paired
134,2,9,2,60,1,1,1,0.6161710619926453,0.6161710619926453,0.38382890820503235,0.6161710619926453,9,2,6,zero_shot_paired
134,3,9,3,60,1,1,1,0.6268240213394165,0.6268240213394165,0.3731759786605835,0.6268240213394165,9,2,6,zero_shot_paired
134,4,9,4,60,1,1,1,0.6808769106864929,0.6808769106864929,0.3191230595111847,0.6808769106864929,9,2,6,zero_shot_paired
134,5,9,6,60,1,1,1,0.7107600569725037,0.7107600569725037,0.28923994302749634,0.7107600569725037,9,2,6,zero_shot_paired
134,6,9,7,60,1,0,0,0.5767468810081482,0.5767468810081482,0.5767468810081482,0.4232531189918518,9,2,6,zero_shot_paired
134,7,9,9,60,0,0,1,0.5458248257637024,0.5458248257637024,0.5458248257637024,0.45417520403862,9,2,6,zero_shot_paired
134,8,9,13,60,0,1,0,0.6529212594032288,0.6529212594032288,0.347078800201416,0.6529212594032288,9,2,6,zero_shot_paired
134,9,9,14,60,0,1,0,0.7521904110908508,0.7521904110908508,0.24780963361263275,0.7521904110908508,9,2,6,zero_shot_paired
134,10,9,16,60,0,0,1,0.7126010656356812,0.7126010656356812,0.7126010656356812,0.28739893436431885,9,2,6,zero_shot_paired
134,11,9,17,60,1,1,1,0.5642073154449463,0.5642073154449463,0.4357926845550537,0.5642073154449463,9,2,6,zero_shot_paired
134,0,9,0,60,0,1,0,0.647786021232605,0.647786021232605,0.352213978767395,0.647786021232605,9,2,6,post_calibration
134,1,9,1,60,0,1,0,0.5258786678314209,0.5258786678314209,0.4741213917732239,0.5258786678314209,9,2,6,post_calibration
134,2,9,2,60,1,1,1,0.6218387484550476,0.6218387484550476,0.3781612515449524,0.6218387484550476,9,2,6,post_calibration
134,3,9,3,60,1,1,1,0.6340035200119019,0.6340035200119019,0.36599647998809814,0.6340035200119019,9,2,6,post_calibration
134,4,9,4,60,1,1,1,0.6710900664329529,0.6710900664329529,0.3289099335670471,0.6710900664329529,9,2,6,post_calibration
134,5,9,6,60,1,1,1,0.7015309929847717,0.7015309929847717,0.2984689772129059,0.7015309929847717,9,2,6,post_calibration
134,6,9,7,60,1,0,0,0.5749019980430603,0.5749019980430603,0.5749019980430603,0.4250979721546173,9,2,6,post_calibration
134,7,9,9,60,0,0,1,0.5554409027099609,0.5554409027099609,0.5554409027099609,0.44455909729003906,9,2,6,post_calibration
134,8,9,13,60,0,1,0,0.6412732601165771,0.6412732601165771,0.3587267994880676,0.6412732601165771,9,2,6,post_calibration
134,9,9,14,60,0,1,0,0.7423808574676514,0.7423808574676514,0.25761911273002625,0.7423808574676514,9,2,6,post_calibration
134,10,9,16,60,0,0,1,0.7074378132820129,0.7074378132820129,0.7074378132820129,0.2925621569156647,9,2,6,post_calibration
134,11,9,17,60,1,1,1,0.5499277114868164,0.5499277114868164,0.45007234811782837,0.5499277114868164,9,2,6,post_calibration
135,0,9,2,60,1,1,1,0.6161710619926453,0.6161710619926453,0.38382890820503235,0.6161710619926453,9,3,6,zero_shot_paired
135,1,9,5,60,1,1,1,0.589958131313324,0.589958131313324,0.41004180908203125,0.589958131313324,9,3,6,zero_shot_paired
135,2,9,7,60,1,0,0,0.5767468810081482,0.5767468810081482,0.5767468810081482,0.4232531189918518,9,3,6,zero_shot_paired
135,3,9,8,60,0,1,0,0.8382498621940613,0.8382498621940613,0.16175009310245514,0.8382498621940613,9,3,6,zero_shot_paired
135,4,9,9,60,0,0,1,0.5458248257637024,0.5458248257637024,0.5458248257637024,0.45417520403862,9,3,6,zero_shot_paired
135,5,9,10,60,0,1,0,0.7317525148391724,0.7317525148391724,0.26824748516082764,0.7317525148391724,9,3,6,zero_shot_paired
135,6,9,11,60,0,0,1,0.6304183006286621,0.6304183006286621,0.6304183006286621,0.3695816695690155,9,3,6,zero_shot_paired
135,7,9,12,60,1,1,1,0.6438770294189453,0.6438770294189453,0.3561229705810547,0.6438770294189453,9,3,6,zero_shot_paired
135,8,9,13,60,0,1,0,0.6529212594032288,0.6529212594032288,0.347078800201416,0.6529212594032288,9,3,6,zero_shot_paired
135,9,9,15,60,1,1,1,0.5727171897888184,0.5727171897888184,0.42728278040885925,0.5727171897888184,9,3,6,zero_shot_paired
135,10,9,16,60,0,0,1,0.7126010656356812,0.7126010656356812,0.7126010656356812,0.28739893436431885,9,3,6,zero_shot_paired
135,11,9,17,60,1,1,1,0.5642073154449463,0.5642073154449463,0.4357926845550537,0.5642073154449463,9,3,6,zero_shot_paired
135,0,9,2,60,1,1,1,0.6198290586471558,0.6198290586471558,0.38017088174819946,0.6198290586471558,9,3,6,post_calibration
135,1,9,5,60,1,1,1,0.5904545783996582,0.5904545783996582,0.4095454812049866,0.5904545783996582,9,3,6,post_calibration
135,2,9,7,60,1,0,0,0.5798261165618896,0.5798261165618896,0.5798261165618896,0.42017388343811035,9,3,6,post_calibration
135,3,9,8,60,0,1,0,0.835574746131897,0.835574746131897,0.16442523896694183,0.835574746131897,9,3,6,post_calibration
135,4,9,9,60,0,0,1,0.5586863160133362,0.5586863160133362,0.5586863160133362,0.4413137137889862,9,3,6,post_calibration
135,5,9,10,60,0,1,0,0.724166750907898,0.724166750907898,0.27583321928977966,0.724166750907898,9,3,6,post_calibration
135,6,9,11,60,0,0,1,0.6439837217330933,0.6439837217330933,0.6439837217330933,0.35601624846458435,9,3,6,post_calibration
135,7,9,12,60,1,1,1,0.6461480259895325,0.6461480259895325,0.3538520038127899,0.6461480259895325,9,3,6,post_calibration
135,8,9,13,60,0,1,0,0.6456472277641296,0.6456472277641296,0.35435280203819275,0.6456472277641296,9,3,6,post_calibration
135,9,9,15,60,1,1,1,0.5709743499755859,0.5709743499755859,0.42902565002441406,0.5709743499755859,9,3,6,post_calibration
135,10,9,16,60,0,0,1,0.7217094898223877,0.7217094898223877,0.7217094898223877,0.2782905101776123,9,3,6,post_calibration
135,11,9,17,60,1,1,1,0.5476568341255188,0.5476568341255188,0.4523431360721588,0.5476568341255188,9,3,6,post_calibration
136,0,9,0,60,0,1,0,0.6362013220787048,0.6362013220787048,0.36379873752593994,0.6362013220787048,9,1,9,zero_shot_paired
136,1,9,4,60,1,1,1,0.6808719635009766,0.6808719635009766,0.31912800669670105,0.6808719635009766,9,1,9,zero_shot_paired
136,2,9,6,60,1,1,1,0.7107569575309753,0.7107569575309753,0.28924304246902466,0.7107569575309753,9,1,9,zero_shot_paired
136,3,9,7,60,1,0,0,0.5767487287521362,0.5767487287521362,0.5767487287521362,0.42325127124786377,9,1,9,zero_shot_paired
136,4,9,9,60,0,0,1,0.5458229184150696,0.5458229184150696,0.5458229184150696,0.4541770815849304,9,1,9,zero_shot_paired
136,5,9,10,60,0,1,0,0.7317525148391724,0.7317525148391724,0.26824748516082764,0.7317525148391724,9,1,9,zero_shot_paired
136,6,9,11,60,0,0,1,0.6304200887680054,0.6304200887680054,0.6304200887680054,0.36957991123199463,9,1,9,zero_shot_paired
136,7,9,12,60,1,1,1,0.643889307975769,0.643889307975769,0.35611072182655334,0.643889307975769,9,1,9,zero_shot_paired
136,8,9,17,60,1,1,1,0.5642110109329224,0.5642110109329224,0.43578895926475525,0.5642110109329224,9,1,9,zero_shot_paired
136,0,9,0,60,0,1,0,0.6410871744155884,0.6410871744155884,0.358912855386734,0.6410871744155884,9,1,9,post_calibration
136,1,9,4,60,1,1,1,0.6782204508781433,0.6782204508781433,0.32177960872650146,0.6782204508781433,9,1,9,post_calibration
136,2,9,6,60,1,1,1,0.7006420493125916,0.7006420493125916,0.29935795068740845,0.7006420493125916,9,1,9,post_calibration
136,3,9,7,60,1,0,0,0.5753904581069946,0.5753904581069946,0.5753904581069946,0.42460957169532776,9,1,9,post_calibration
136,4,9,9,60,0,0,1,0.5481463670730591,0.5481463670730591,0.5481463670730591,0.4518536925315857,9,1,9,post_calibration
136,5,9,10,60,0,1,0,0.730369508266449,0.730369508266449,0.269630491733551,0.730369508266449,9,1,9,post_calibration
136,6,9,11,60,0,0,1,0.6353108286857605,0.6353108286857605,0.6353108286857605,0.3646891713142395,9,1,9,post_calibration
136,7,9,12,60,1,1,1,0.6568560600280762,0.6568560600280762,0.3431439697742462,0.6568560600280762,9,1,9,post_calibration
136,8,9,17,60,1,1,1,0.5523208975791931,0.5523208975791931,0.4476791322231293,0.5523208975791931,9,1,9,post_calibration
137,0,9,1,60,0,1,0,0.5495972037315369,0.5495972037315369,0.45040279626846313,0.5495972037315369,9,2,9,zero_shot_paired
137,1,9,2,60,1,1,1,0.6161782741546631,0.6161782741546631,0.3838217258453369,0.6161782741546631,9,2,9,zero_shot_paired
137,2,9,3,60,1,1,1,0.6268311738967896,0.6268311738967896,0.37316885590553284,0.6268311738967896,9,2,9,zero_shot_paired
137,3,9,5,60,1,1,1,0.589959979057312,0.589959979057312,0.4100399911403656,0.589959979057312,9,2,9,zero_shot_paired
137,4,9,8,60,0,1,0,0.8382508754730225,0.8382508754730225,0.16174906492233276,0.8382508754730225,9,2,9,zero_shot_paired
137,5,9,13,60,0,1,0,0.6529212594032288,0.6529212594032288,0.347078800201416,0.6529212594032288,9,2,9,zero_shot_paired
137,6,9,14,60,0,1,0,0.7521874904632568,0.7521874904632568,0.24781246483325958,0.7521874904632568,9,2,9,zero_shot_paired
137,7,9,15,60,1,1,1,0.5727134346961975,0.5727134346961975,0.4272865355014801,0.5727134346961975,9,2,9,zero_shot_paired
137,8,9,16,60,0,0,1,0.7125995755195618,0.7125995755195618,0.7125995755195618,0.287400484085083,9,2,9,zero_shot_paired
137,0,9,1,60,0,1,0,0.5409219861030579,0.5409219861030579,0.45907801389694214,0.5409219861030579,9,2,9,post_calibration
137,1,9,2,60,1,1,1,0.6227927803993225,0.6227927803993225,0.3772072494029999,0.6227927803993225,9,2,9,post_calibration
137,2,9,3,60,1,1,1,0.6398608684539795,0.6398608684539795,0.3601391017436981,0.6398608684539795,9,2,9,post_calibration
137,3,9,5,60,1,1,1,0.5876769423484802,0.5876769423484802,0.41232308745384216,0.5876769423484802,9,2,9,post_calibration
137,4,9,8,60,0,1,0,0.8410969376564026,0.8410969376564026,0.1589030921459198,0.8410969376564026,9,2,9,post_calibration
137,5,9,13,60,0,1,0,0.6520025730133057,0.6520025730133057,0.3479974567890167,0.6520025730133057,9,2,9,post_calibration
137,6,9,14,60,0,1,0,0.7498478889465332,0.7498478889465332,0.2501521110534668,0.7498478889465332,9,2,9,post_calibration
137,7,9,15,60,1,1,1,0.580106794834137,0.580106794834137,0.41989320516586304,0.580106794834137,9,2,9,post_calibration
137,8,9,16,60,0,0,1,0.7128400802612305,0.7128400802612305,0.7128400802612305,0.2871599495410919,9,2,9,post_calibration
138,0,9,2,60,1,1,1,0.616070032119751,0.616070032119751,0.3839299976825714,0.616070032119751,9,1,12,zero_shot_paired
138,1,9,8,60,0,1,0,0.8383491635322571,0.8383491635322571,0.16165080666542053,0.8383491635322571,9,1,12,zero_shot_paired
138,2,9,10,60,0,1,0,0.731751024723053,0.731751024723053,0.268248975276947,0.731751024723053,9,1,12,zero_shot_paired
138,3,9,11,60,0,0,1,0.6301693916320801,0.6301693916320801,0.6301693916320801,0.36983057856559753,9,1,12,zero_shot_paired
138,4,9,15,60,1,1,1,0.5728721618652344,0.5728721618652344,0.427127867937088,0.5728721618652344,9,1,12,zero_shot_paired
138,5,9,17,60,1,1,1,0.564055323600769,0.564055323600769,0.43594464659690857,0.564055323600769,9,1,12,zero_shot_paired
138,0,9,2,60,1,1,1,0.6293511390686035,0.6293511390686035,0.3706488609313965,0.6293511390686035,9,1,12,post_calibration
138,1,9,8,60,0,1,0,0.8304201364517212,0.8304201364517212,0.1695798635482788,0.8304201364517212,9,1,12,post_calibration
138,2,9,10,60,0,1,0,0.7236025333404541,0.7236025333404541,0.2763974666595459,0.7236025333404541,9,1,12,post_calibration
138,3,9,11,60,0,0,1,0.6489722728729248,0.6489722728729248,0.6489722728729248,0.3510277271270752,9,1,12,post_calibration
138,4,9,15,60,1,1,1,0.5776330828666687,0.5776330828666687,0.4223668873310089,0.5776330828666687,9,1,12,post_calibration
138,5,9,17,60,1,1,1,0.5319768786430359,0.5319768786430359,0.4680231511592865,0.5319768786430359,9,1,12,post_calibration
139,0,9,1,60,0,1,0,0.5495518445968628,0.5495518445968628,0.4504481256008148,0.5495518445968628,9,2,12,zero_shot_paired
139,1,9,2,60,1,1,1,0.616070032119751,0.616070032119751,0.3839299976825714,0.616070032119751,9,2,12,zero_shot_paired
139,2,9,5,60,1,1,1,0.5902331471443176,0.5902331471443176,0.40976688265800476,0.5902331471443176,9,2,12,zero_shot_paired
139,3,9,7,60,1,0,0,0.5767207741737366,0.5767207741737366,0.5767207741737366,0.4232792258262634,9,2,12,zero_shot_paired
139,4,9,14,60,0,1,0,0.752166211605072,0.752166211605072,0.24783380329608917,0.752166211605072,9,2,12,zero_shot_paired
139,5,9,16,60,0,0,1,0.712696373462677,0.712696373462677,0.712696373462677,0.287303626537323,9,2,12,zero_shot_paired
139,0,9,1,60,0,1,0,0.5345821976661682,0.5345821976661682,0.46541786193847656,0.5345821976661682,9,2,12,post_calibration
139,1,9,2,60,1,1,1,0.6121684312820435,0.6121684312820435,0.38783159852027893,0.6121684312820435,9,2,12,post_calibration
139,2,9,5,60,1,1,1,0.5879504680633545,0.5879504680633545,0.4120495021343231,0.5879504680633545,9,2,12,post_calibration
139,3,9,7,60,1,0,0,0.5725173354148865,0.5725173354148865,0.5725173354148865,0.42748260498046875,9,2,12,post_calibration
139,4,9,14,60,0,1,0,0.7492879033088684,0.7492879033088684,0.2507120966911316,0.7492879033088684,9,2,12,post_calibration
139,5,9,16,60,0,0,1,0.7121305465698242,0.7121305465698242,0.7121305465698242,0.28786948323249817,9,2,12,post_calibration
140,0,9,2,60,1,1,1,0.616070032119751,0.616070032119751,0.3839299976825714,0.616070032119751,9,3,12,zero_shot_paired
140,1,9,6,60,1,1,1,0.7107977271080017,0.7107977271080017,0.2892022728919983,0.7107977271080017,9,3,12,zero_shot_paired
140,2,9,8,60,0,1,0,0.8383491635322571,0.8383491635322571,0.16165080666542053,0.8383491635322571,9,3,12,zero_shot_paired
140,3,9,10,60,0,1,0,0.731751024723053,0.731751024723053,0.268248975276947,0.731751024723053,9,3,12,zero_shot_paired
140,4,9,12,60,1,1,1,0.6437020301818848,0.6437020301818848,0.35629791021347046,0.6437020301818848,9,3,12,zero_shot_paired
140,5,9,16,60,0,0,1,0.712696373462677,0.712696373462677,0.712696373462677,0.287303626537323,9,3,12,zero_shot_paired
140,0,9,2,60,1,1,1,0.6314096450805664,0.6314096450805664,0.3685903251171112,0.6314096450805664,9,3,12,post_calibration
140,1,9,6,60,1,1,1,0.703313946723938,0.703313946723938,0.2966861128807068,0.703313946723938,9,3,12,post_calibration
140,2,9,8,60,0,1,0,0.8346334099769592,0.8346334099769592,0.16536657512187958,0.8346334099769592,9,3,12,post_calibration
140,3,9,10,60,0,1,0,0.7289549112319946,0.7289549112319946,0.27104514837265015,0.7289549112319946,9,3,12,post_calibration
140,4,9,12,60,1,1,1,0.6614856719970703,0.6614856719970703,0.3385143280029297,0.6614856719970703,9,3,12,post_calibration
140,5,9,16,60,0,0,1,0.7066888809204102,0.7066888809204102,0.7066888809204102,0.2933111786842346,9,3,12,post_calibration
11,0,10,0,60,1,1,1,0.5773427486419678,0.5773427486419678,0.4226572811603546,0.5773427486419678,10,,,zero_shot_all_trials
11,1,10,1,60,1,0,0,0.561028778553009,0.561028778553009,0.561028778553009,0.4389711618423462,10,,,zero_shot_all_trials
11,2,10,2,60,1,1,1,0.6764863729476929,0.6764863729476929,0.3235136866569519,0.6764863729476929,10,,,zero_shot_all_trials
11,3,10,3,60,1,0,0,0.8816037774085999,0.8816037774085999,0.8816037774085999,0.11839623749256134,10,,,zero_shot_all_trials
11,4,10,4,60,1,1,1,0.7719173431396484,0.7719173431396484,0.22808261215686798,0.7719173431396484,10,,,zero_shot_all_trials
11,5,10,5,60,1,1,1,0.5569267868995667,0.5569267868995667,0.44307321310043335,0.5569267868995667,10,,,zero_shot_all_trials
11,6,10,6,60,0,0,1,0.5020122528076172,0.5020122528076172,0.5020122528076172,0.4979877471923828,10,,,zero_shot_all_trials
11,7,10,7,60,1,1,1,0.7108949422836304,0.7108949422836304,0.28910505771636963,0.7108949422836304,10,,,zero_shot_all_trials
11,8,10,8,60,0,1,0,0.691627562046051,0.691627562046051,0.30837246775627136,0.691627562046051,10,,,zero_shot_all_trials
11,9,10,9,60,1,1,1,0.5141049027442932,0.5141049027442932,0.4858950972557068,0.5141049027442932,10,,,zero_shot_all_trials
11,10,10,10,60,0,0,1,0.5870186686515808,0.5870186686515808,0.5870186686515808,0.41298139095306396,10,,,zero_shot_all_trials
11,11,10,11,60,0,0,1,0.6498650908470154,0.6498650908470154,0.6498650908470154,0.35013487935066223,10,,,zero_shot_all_trials
11,12,10,12,60,1,1,1,0.6180170774459839,0.6180170774459839,0.3819829523563385,0.6180170774459839,10,,,zero_shot_all_trials
11,13,10,13,60,0,0,1,0.5777987241744995,0.5777987241744995,0.5777987241744995,0.4222012162208557,10,,,zero_shot_all_trials
11,14,10,14,60,1,1,1,0.6908100843429565,0.6908100843429565,0.30918988585472107,0.6908100843429565,10,,,zero_shot_all_trials
11,15,10,15,60,0,0,1,0.6399840116500854,0.6399840116500854,0.6399840116500854,0.3600160479545593,10,,,zero_shot_all_trials
11,16,10,16,60,1,0,0,0.7756220698356628,0.7756220698356628,0.7756220698356628,0.22437794506549835,10,,,zero_shot_all_trials
11,17,10,17,60,1,0,0,0.5040568709373474,0.5040568709373474,0.5040568709373474,0.4959431290626526,10,,,zero_shot_all_trials
141,0,10,0,60,1,1,1,0.5773576498031616,0.5773576498031616,0.42264240980148315,0.5773576498031616,10,1,3,zero_shot_paired
141,1,10,1,60,1,0,0,0.5610381960868835,0.5610381960868835,0.5610381960868835,0.43896180391311646,10,1,3,zero_shot_paired
141,2,10,2,60,1,1,1,0.6764863729476929,0.6764863729476929,0.3235136866569519,0.6764863729476929,10,1,3,zero_shot_paired
141,3,10,3,60,1,0,0,0.8816037774085999,0.8816037774085999,0.8816037774085999,0.11839623749256134,10,1,3,zero_shot_paired
141,4,10,4,60,1,1,1,0.7719281315803528,0.7719281315803528,0.2280718833208084,0.7719281315803528,10,1,3,zero_shot_paired
141,5,10,5,60,1,1,1,0.5569154620170593,0.5569154620170593,0.4430845081806183,0.5569154620170593,10,1,3,zero_shot_paired
141,6,10,6,60,0,0,1,0.5020217895507812,0.5020217895507812,0.5020217895507812,0.49797821044921875,10,1,3,zero_shot_paired
141,7,10,8,60,0,1,0,0.6916307806968689,0.6916307806968689,0.3083692193031311,0.6916307806968689,10,1,3,zero_shot_paired
141,8,10,9,60,1,1,1,0.5141030550003052,0.5141030550003052,0.4858970046043396,0.5141030550003052,10,1,3,zero_shot_paired
141,9,10,10,60,0,0,1,0.5870223641395569,0.5870223641395569,0.5870223641395569,0.4129776954650879,10,1,3,zero_shot_paired
141,10,10,11,60,0,0,1,0.6498581171035767,0.6498581171035767,0.6498581171035767,0.35014182329177856,10,1,3,zero_shot_paired
141,11,10,12,60,1,1,1,0.6180152893066406,0.6180152893066406,0.38198474049568176,0.6180152893066406,10,1,3,zero_shot_paired
141,12,10,13,60,0,0,1,0.5778024792671204,0.5778024792671204,0.5778024792671204,0.42219749093055725,10,1,3,zero_shot_paired
141,13,10,16,60,1,0,0,0.7756233811378479,0.7756233811378479,0.7756233811378479,0.2243766039609909,10,1,3,zero_shot_paired
141,14,10,17,60,1,0,0,0.5040473341941833,0.5040473341941833,0.5040473341941833,0.49595269560813904,10,1,3,zero_shot_paired
141,0,10,0,60,1,1,1,0.5811898112297058,0.5811898112297058,0.4188101887702942,0.5811898112297058,10,1,3,post_calibration
141,1,10,1,60,1,0,0,0.558434247970581,0.558434247970581,0.558434247970581,0.4415658116340637,10,1,3,post_calibration
141,2,10,2,60,1,1,1,0.6777740120887756,0.6777740120887756,0.32222598791122437,0.6777740120887756,10,1,3,post_calibration
141,3,10,3,60,1,0,0,0.8818861842155457,0.8818861842155457,0.8818861842155457,0.11811383813619614,10,1,3,post_calibration
141,4,10,4,60,1,1,1,0.7697989344596863,0.7697989344596863,0.23020105063915253,0.7697989344596863,10,1,3,post_calibration
141,5,10,5,60,1,1,1,0.5549792647361755,0.5549792647361755,0.4450207054615021,0.5549792647361755,10,1,3,post_calibration
141,6,10,6,60,0,0,1,0.50861656665802,0.50861656665802,0.50861656665802,0.49138346314430237,10,1,3,post_calibration
141,7,10,8,60,0,1,0,0.6857406497001648,0.6857406497001648,0.3142593204975128,0.6857406497001648,10,1,3,post_calibration
141,8,10,9,60,1,1,1,0.5164239406585693,0.5164239406585693,0.4835759997367859,0.5164239406585693,10,1,3,post_calibration
141,9,10,10,60,0,0,1,0.5890239477157593,0.5890239477157593,0.5890239477157593,0.41097602248191833,10,1,3,post_calibration
141,10,10,11,60,0,0,1,0.6419976949691772,0.6419976949691772,0.6419976949691772,0.35800227522850037,10,1,3,post_calibration
141,11,10,12,60,1,1,1,0.6196115612983704,0.6196115612983704,0.38038843870162964,0.6196115612983704,10,1,3,post_calibration
141,12,10,13,60,0,0,1,0.5822257399559021,0.5822257399559021,0.5822257399559021,0.4177743196487427,10,1,3,post_calibration
141,13,10,16,60,1,0,0,0.7742555141448975,0.7742555141448975,0.7742555141448975,0.22574447095394135,10,1,3,post_calibration
141,14,10,17,60,1,1,1,0.5027503371238708,0.5027503371238708,0.49724963307380676,0.5027503371238708,10,1,3,post_calibration
142,0,10,1,60,1,0,0,0.5610325336456299,0.5610325336456299,0.5610325336456299,0.43896740674972534,10,2,3,zero_shot_paired
142,1,10,2,60,1,1,1,0.6764863729476929,0.6764863729476929,0.3235136866569519,0.6764863729476929,10,2,3,zero_shot_paired
142,2,10,3,60,1,0,0,0.8816021084785461,0.8816021084785461,0.8816021084785461,0.11839784681797028,10,2,3,zero_shot_paired
142,3,10,5,60,1,1,1,0.5569249391555786,0.5569249391555786,0.44307512044906616,0.5569249391555786,10,2,3,zero_shot_paired
142,4,10,6,60,0,0,1,0.5020256042480469,0.5020256042480469,0.5020256042480469,0.4979744255542755,10,2,3,zero_shot_paired
142,5,10,7,60,1,1,1,0.710891842842102,0.710891842842102,0.2891082167625427,0.710891842842102,10,2,3,zero_shot_paired
142,6,10,8,60,0,1,0,0.6916307806968689,0.6916307806968689,0.3083692193031311,0.6916307806968689,10,2,3,zero_shot_paired
142,7,10,9,60,1,1,1,0.5141049027442932,0.5141049027442932,0.4858950972557068,0.5141049027442932,10,2,3,zero_shot_paired
142,8,10,10,60,0,0,1,0.5870186686515808,0.5870186686515808,0.5870186686515808,0.41298139095306396,10,2,3,zero_shot_paired
142,9,10,11,60,0,0,1,0.6498668193817139,0.6498668193817139,0.6498668193817139,0.35013315081596375,10,2,3,zero_shot_paired
142,10,10,12,60,1,1,1,0.6179954409599304,0.6179954409599304,0.3820045590400696,0.6179954409599304,10,2,3,zero_shot_paired
142,11,10,14,60,1,1,1,0.6908133625984192,0.6908133625984192,0.3091866374015808,0.6908133625984192,10,2,3,zero_shot_paired
142,12,10,15,60,0,0,1,0.6399786472320557,0.6399786472320557,0.6399786472320557,0.36002132296562195,10,2,3,zero_shot_paired
142,13,10,16,60,1,0,0,0.7756233811378479,0.7756233811378479,0.7756233811378479,0.2243766039609909,10,2,3,zero_shot_paired
142,14,10,17,60,1,0,0,0.5040358304977417,0.5040358304977417,0.5040358304977417,0.4959641396999359,10,2,3,zero_shot_paired
142,0,10,1,60,1,0,0,0.5701387524604797,0.5701387524604797,0.5701387524604797,0.4298612177371979,10,2,3,post_calibration
142,1,10,2,60,1,1,1,0.6702475547790527,0.6702475547790527,0.32975247502326965,0.6702475547790527,10,2,3,post_calibration
142,2,10,3,60,1,0,0,0.8817199468612671,0.8817199468612671,0.8817199468612671,0.11828002333641052,10,2,3,post_calibration
142,3,10,5,60,1,1,1,0.5582761764526367,0.5582761764526367,0.4417237937450409,0.5582761764526367,10,2,3,post_calibration
142,4,10,6,60,0,0,1,0.5106014013290405,0.5106014013290405,0.5106014013290405,0.48939862847328186,10,2,3,post_calibration
142,5,10,7,60,1,1,1,0.7227732539176941,0.7227732539176941,0.2772268056869507,0.7227732539176941,10,2,3,post_calibration
142,6,10,8,60,0,1,0,0.6835795640945435,0.6835795640945435,0.31642040610313416,0.6835795640945435,10,2,3,post_calibration
142,7,10,9,60,1,1,1,0.5261582732200623,0.5261582732200623,0.47384172677993774,0.5261582732200623,10,2,3,post_calibration
142,8,10,10,60,0,0,1,0.5851530432701111,0.5851530432701111,0.5851530432701111,0.4148469865322113,10,2,3,post_calibration
142,9,10,11,60,0,0,1,0.6481358408927917,0.6481358408927917,0.6481358408927917,0.35186412930488586,10,2,3,post_calibration
142,10,10,12,60,1,1,1,0.6056477427482605,0.6056477427482605,0.3943521976470947,0.6056477427482605,10,2,3,post_calibration
142,11,10,14,60,1,1,1,0.7039312720298767,0.7039312720298767,0.2960687577724457,0.7039312720298767,10,2,3,post_calibration
142,12,10,15,60,0,0,1,0.631020724773407,0.631020724773407,0.631020724773407,0.3689793050289154,10,2,3,post_calibration
142,13,10,16,60,1,0,0,0.7771096229553223,0.7771096229553223,0.7771096229553223,0.22289037704467773,10,2,3,post_calibration
142,14,10,17,60,1,1,1,0.5108034610748291,0.5108034610748291,0.4891965389251709,0.5108034610748291,10,2,3,post_calibration
143,0,10,0,60,1,1,1,0.5773613452911377,0.5773613452911377,0.4226386547088623,0.5773613452911377,10,3,3,zero_shot_paired
143,1,10,1,60,1,0,0,0.5610325336456299,0.5610325336456299,0.5610325336456299,0.43896740674972534,10,3,3,zero_shot_paired
143,2,10,2,60,1,1,1,0.6764863729476929,0.6764863729476929,0.3235136866569519,0.6764863729476929,10,3,3,zero_shot_paired
143,3,10,3,60,1,0,0,0.8816021084785461,0.8816021084785461,0.8816021084785461,0.11839784681797028,10,3,3,zero_shot_paired
143,4,10,4,60,1,1,1,0.7719200253486633,0.7719200253486633,0.2280799001455307,0.7719200253486633,10,3,3,zero_shot_paired
143,5,10,5,60,1,1,1,0.5569249391555786,0.5569249391555786,0.44307512044906616,0.5569249391555786,10,3,3,zero_shot_paired
143,6,10,7,60,1,1,1,0.710891842842102,0.710891842842102,0.2891082167625427,0.710891842842102,10,3,3,zero_shot_paired
143,7,10,8,60,0,1,0,0.6916307806968689,0.6916307806968689,0.3083692193031311,0.6916307806968689,10,3,3,zero_shot_paired
143,8,10,9,60,1,1,1,0.5141049027442932,0.5141049027442932,0.4858950972557068,0.5141049027442932,10,3,3,zero_shot_paired
143,9,10,10,60,0,0,1,0.5870186686515808,0.5870186686515808,0.5870186686515808,0.41298139095306396,10,3,3,zero_shot_paired
143,10,10,11,60,0,0,1,0.6498668193817139,0.6498668193817139,0.6498668193817139,0.35013315081596375,10,3,3,zero_shot_paired
143,11,10,13,60,0,0,1,0.5777950882911682,0.5777950882911682,0.5777950882911682,0.42220497131347656,10,3,3,zero_shot_paired
143,12,10,14,60,1,1,1,0.6908133625984192,0.6908133625984192,0.3091866374015808,0.6908133625984192,10,3,3,zero_shot_paired
143,13,10,15,60,0,0,1,0.6399786472320557,0.6399786472320557,0.6399786472320557,0.36002132296562195,10,3,3,zero_shot_paired
143,14,10,16,60,1,0,0,0.7756233811378479,0.7756233811378479,0.7756233811378479,0.2243766039609909,10,3,3,zero_shot_paired
143,0,10,0,60,1,1,1,0.5914651155471802,0.5914651155471802,0.40853482484817505,0.5914651155471802,10,3,3,post_calibration
143,1,10,1,60,1,0,0,0.5687003135681152,0.5687003135681152,0.5687003135681152,0.43129974603652954,10,3,3,post_calibration
143,2,10,2,60,1,1,1,0.67502361536026,0.67502361536026,0.32497638463974,0.67502361536026,10,3,3,post_calibration
143,3,10,3,60,1,0,0,0.882930338382721,0.882930338382721,0.882930338382721,0.11706963926553726,10,3,3,post_calibration
143,4,10,4,60,1,1,1,0.7630398869514465,0.7630398869514465,0.23696012794971466,0.7630398869514465,10,3,3,post_calibration
143,5,10,5,60,1,1,1,0.5525378584861755,0.5525378584861755,0.44746214151382446,0.5525378584861755,10,3,3,post_calibration
143,6,10,7,60,1,1,1,0.7204389572143555,0.7204389572143555,0.27956104278564453,0.7204389572143555,10,3,3,post_calibration
143,7,10,8,60,0,1,0,0.6936432719230652,0.6936432719230652,0.3063567876815796,0.6936432719230652,10,3,3,post_calibration
143,8,10,9,60,1,1,1,0.5163458585739136,0.5163458585739136,0.4836541414260864,0.5163458585739136,10,3,3,post_calibration
143,9,10,10,60,0,0,1,0.5972133278846741,0.5972133278846741,0.5972133278846741,0.40278664231300354,10,3,3,post_calibration
143,10,10,11,60,0,0,1,0.6412696838378906,0.6412696838378906,0.6412696838378906,0.358730286359787,10,3,3,post_calibration
143,11,10,13,60,0,0,1,0.5782807469367981,0.5782807469367981,0.5782807469367981,0.4217192530632019,10,3,3,post_calibration
143,12,10,14,60,1,1,1,0.7008787989616394,0.7008787989616394,0.2991211712360382,0.7008787989616394,10,3,3,post_calibration
143,13,10,15,60,0,0,1,0.6453644037246704,0.6453644037246704,0.6453644037246704,0.3546355962753296,10,3,3,post_calibration
143,14,10,16,60,1,0,0,0.7819270491600037,0.7819270491600037,0.7819270491600037,0.21807295083999634,10,3,3,post_calibration
144,0,10,0,60,1,1,1,0.5773613452911377,0.5773613452911377,0.4226386547088623,0.5773613452911377,10,4,3,zero_shot_paired
144,1,10,1,60,1,0,0,0.5610325336456299,0.5610325336456299,0.5610325336456299,0.43896740674972534,10,4,3,zero_shot_paired
144,2,10,2,60,1,1,1,0.6764863729476929,0.6764863729476929,0.3235136866569519,0.6764863729476929,10,4,3,zero_shot_paired
144,3,10,3,60,1,0,0,0.8816021084785461,0.8816021084785461,0.8816021084785461,0.11839784681797028,10,4,3,zero_shot_paired
144,4,10,4,60,1,1,1,0.7719200253486633,0.7719200253486633,0.2280799001455307,0.7719200253486633,10,4,3,zero_shot_paired
144,5,10,5,60,1,1,1,0.5569249391555786,0.5569249391555786,0.44307512044906616,0.5569249391555786,10,4,3,zero_shot_paired
144,6,10,6,60,0,0,1,0.5020256042480469,0.5020256042480469,0.5020256042480469,0.4979744255542755,10,4,3,zero_shot_paired
144,7,10,7,60,1,1,1,0.710891842842102,0.710891842842102,0.2891082167625427,0.710891842842102,10,4,3,zero_shot_paired
144,8,10,8,60,0,1,0,0.6916307806968689,0.6916307806968689,0.3083692193031311,0.6916307806968689,10,4,3,zero_shot_paired
144,9,10,10,60,0,0,1,0.5870186686515808,0.5870186686515808,0.5870186686515808,0.41298139095306396,10,4,3,zero_shot_paired
144,10,10,12,60,1,1,1,0.6179954409599304,0.6179954409599304,0.3820045590400696,0.6179954409599304,10,4,3,zero_shot_paired
144,11,10,13,60,0,0,1,0.5777950882911682,0.5777950882911682,0.5777950882911682,0.42220497131347656,10,4,3,zero_shot_paired
144,12,10,14,60,1,1,1,0.6908133625984192,0.6908133625984192,0.3091866374015808,0.6908133625984192,10,4,3,zero_shot_paired
144,13,10,15,60,0,0,1,0.6399786472320557,0.6399786472320557,0.6399786472320557,0.36002132296562195,10,4,3,zero_shot_paired
144,14,10,17,60,1,0,0,0.5040358304977417,0.5040358304977417,0.5040358304977417,0.4959641396999359,10,4,3,zero_shot_paired
144,0,10,0,60,1,1,1,0.5760408639907837,0.5760408639907837,0.4239591658115387,0.5760408639907837,10,4,3,post_calibration
144,1,10,1,60,1,0,0,0.5535392165184021,0.5535392165184021,0.5535392165184021,0.4464607834815979,10,4,3,post_calibration
144,2,10,2,60,1,1,1,0.6887154579162598,0.6887154579162598,0.3112845718860626,0.6887154579162598,10,4,3,post_calibration
144,3,10,3,60,1,0,0,0.8799808025360107,0.8799808025360107,0.8799808025360107,0.12001918256282806,10,4,3,post_calibration
144,4,10,4,60,1,1,1,0.7701610326766968,0.7701610326766968,0.22983892261981964,0.7701610326766968,10,4,3,post_calibration
144,5,10,5,60,1,1,1,0.557019054889679,0.557019054889679,0.44298097491264343,0.557019054889679,10,4,3,post_calibration
144,6,10,6,60,0,1,0,0.5121188163757324,0.5121188163757324,0.4878811836242676,0.5121188163757324,10,4,3,post_calibration
144,7,10,7,60,1,1,1,0.7143634557723999,0.7143634557723999,0.2856365442276001,0.7143634557723999,10,4,3,post_calibration
144,8,10,8,60,0,1,0,0.6897825002670288,0.6897825002670288,0.3102174699306488,0.6897825002670288,10,4,3,post_calibration
144,9,10,10,60,0,0,1,0.5731987953186035,0.5731987953186035,0.5731987953186035,0.4268012046813965,10,4,3,post_calibration
144,10,10,12,60,1,1,1,0.612890899181366,0.612890899181366,0.3871091306209564,0.612890899181366,10,4,3,post_calibration
144,11,10,13,60,0,0,1,0.5800157189369202,0.5800157189369202,0.5800157189369202,0.41998428106307983,10,4,3,post_calibration
144,12,10,14,60,1,1,1,0.688142716884613,0.688142716884613,0.31185731291770935,0.688142716884613,10,4,3,post_calibration
144,13,10,15,60,0,0,1,0.6289880275726318,0.6289880275726318,0.6289880275726318,0.37101200222969055,10,4,3,post_calibration
144,14,10,17,60,1,1,1,0.5029621124267578,0.5029621124267578,0.49703794717788696,0.5029621124267578,10,4,3,post_calibration
145,0,10,0,60,1,1,1,0.5773613452911377,0.5773613452911377,0.4226386547088623,0.5773613452911377,10,5,3,zero_shot_paired
145,1,10,1,60,1,0,0,0.5610325336456299,0.5610325336456299,0.5610325336456299,0.43896740674972534,10,5,3,zero_shot_paired
145,2,10,3,60,1,0,0,0.8816021084785461,0.8816021084785461,0.8816021084785461,0.11839784681797028,10,5,3,zero_shot_paired
145,3,10,4,60,1,1,1,0.7719200253486633,0.7719200253486633,0.2280799001455307,0.7719200253486633,10,5,3,zero_shot_paired
145,4,10,6,60,0,0,1,0.5020256042480469,0.5020256042480469,0.5020256042480469,0.4979744255542755,10,5,3,zero_shot_paired
145,5,10,7,60,1,1,1,0.710891842842102,0.710891842842102,0.2891082167625427,0.710891842842102,10,5,3,zero_shot_paired
145,6,10,8,60,0,1,0,0.6916307806968689,0.6916307806968689,0.3083692193031311,0.6916307806968689,10,5,3,zero_shot_paired
145,7,10,9,60,1,1,1,0.5141049027442932,0.5141049027442932,0.4858950972557068,0.5141049027442932,10,5,3,zero_shot_paired
145,8,10,11,60,0,0,1,0.6498668193817139,0.6498668193817139,0.6498668193817139,0.35013315081596375,10,5,3,zero_shot_paired
145,9,10,12,60,1,1,1,0.6179954409599304,0.6179954409599304,0.3820045590400696,0.6179954409599304,10,5,3,zero_shot_paired
145,10,10,13,60,0,0,1,0.5777950882911682,0.5777950882911682,0.5777950882911682,0.42220497131347656,10,5,3,zero_shot_paired
145,11,10,14,60,1,1,1,0.6908133625984192,0.6908133625984192,0.3091866374015808,0.6908133625984192,10,5,3,zero_shot_paired
145,12,10,15,60,0,0,1,0.6399786472320557,0.6399786472320557,0.6399786472320557,0.36002132296562195,10,5,3,zero_shot_paired
145,13,10,16,60,1,0,0,0.7756233811378479,0.7756233811378479,0.7756233811378479,0.2243766039609909,10,5,3,zero_shot_paired
145,14,10,17,60,1,0,0,0.5040358304977417,0.5040358304977417,0.5040358304977417,0.4959641396999359,10,5,3,zero_shot_paired
145,0,10,0,60,1,1,1,0.5836279988288879,0.5836279988288879,0.41637203097343445,0.5836279988288879,10,5,3,post_calibration
145,1,10,1,60,1,0,0,0.5520662069320679,0.5520662069320679,0.5520662069320679,0.44793379306793213,10,5,3,post_calibration
145,2,10,3,60,1,0,0,0.8738359808921814,0.8738359808921814,0.8738359808921814,0.12616395950317383,10,5,3,post_calibration
145,3,10,4,60,1,1,1,0.7789003252983093,0.7789003252983093,0.2210996299982071,0.7789003252983093,10,5,3,post_calibration
145,4,10,6,60,0,1,0,0.5030898451805115,0.5030898451805115,0.49691012501716614,0.5030898451805115,10,5,3,post_calibration
145,5,10,7,60,1,1,1,0.7093637585639954,0.7093637585639954,0.290636271238327,0.7093637585639954,10,5,3,post_calibration
145,6,10,8,60,0,1,0,0.7029492259025574,0.7029492259025574,0.2970507740974426,0.7029492259025574,10,5,3,post_calibration
145,7,10,9,60,1,1,1,0.517582356929779,0.517582356929779,0.48241767287254333,0.517582356929779,10,5,3,post_calibration
145,8,10,11,60,0,0,1,0.6388564705848694,0.6388564705848694,0.6388564705848694,0.3611435890197754,10,5,3,post_calibration
145,9,10,12,60,1,1,1,0.6236150860786438,0.6236150860786438,0.3763849437236786,0.6236150860786438,10,5,3,post_calibration
145,10,10,13,60,0,0,1,0.5663802027702332,0.5663802027702332,0.5663802027702332,0.43361979722976685,10,5,3,post_calibration
145,11,10,14,60,1,1,1,0.6828001141548157,0.6828001141548157,0.31719985604286194,0.6828001141548157,10,5,3,post_calibration
145,12,10,15,60,0,0,1,0.6471834778785706,0.6471834778785706,0.6471834778785706,0.35281649231910706,10,5,3,post_calibration
145,13,10,16,60,1,0,0,0.7775387763977051,0.7775387763977051,0.7775387763977051,0.22246117889881134,10,5,3,post_calibration
145,14,10,17,60,1,0,0,0.5020122528076172,0.5020122528076172,0.5020122528076172,0.4979877471923828,10,5,3,post_calibration
146,0,10,0,60,1,1,1,0.5773613452911377,0.5773613452911377,0.4226386547088623,0.5773613452911377,10,6,3,zero_shot_paired
146,1,10,2,60,1,1,1,0.6764863729476929,0.6764863729476929,0.3235136866569519,0.6764863729476929,10,6,3,zero_shot_paired
146,2,10,4,60,1,1,1,0.7719200253486633,0.7719200253486633,0.2280799001455307,0.7719200253486633,10,6,3,zero_shot_paired
146,3,10,5,60,1,1,1,0.5569249391555786,0.5569249391555786,0.44307512044906616,0.5569249391555786,10,6,3,zero_shot_paired
146,4,10,6,60,0,0,1,0.5020256042480469,0.5020256042480469,0.5020256042480469,0.4979744255542755,10,6,3,zero_shot_paired
146,5,10,7,60,1,1,1,0.710891842842102,0.710891842842102,0.2891082167625427,0.710891842842102,10,6,3,zero_shot_paired
146,6,10,9,60,1,1,1,0.5141049027442932,0.5141049027442932,0.4858950972557068,0.5141049027442932,10,6,3,zero_shot_paired
146,7,10,10,60,0,0,1,0.5870186686515808,0.5870186686515808,0.5870186686515808,0.41298139095306396,10,6,3,zero_shot_paired
146,8,10,11,60,0,0,1,0.6498668193817139,0.6498668193817139,0.6498668193817139,0.35013315081596375,10,6,3,zero_shot_paired
146,9,10,12,60,1,1,1,0.6179954409599304,0.6179954409599304,0.3820045590400696,0.6179954409599304,10,6,3,zero_shot_paired
146,10,10,13,60,0,0,1,0.5777950882911682,0.5777950882911682,0.5777950882911682,0.42220497131347656,10,6,3,zero_shot_paired
146,11,10,14,60,1,1,1,0.6908133625984192,0.6908133625984192,0.3091866374015808,0.6908133625984192,10,6,3,zero_shot_paired
146,12,10,15,60,0,0,1,0.6399786472320557,0.6399786472320557,0.6399786472320557,0.36002132296562195,10,6,3,zero_shot_paired
146,13,10,16,60,1,0,0,0.7756233811378479,0.7756233811378479,0.7756233811378479,0.2243766039609909,10,6,3,zero_shot_paired
146,14,10,17,60,1,0,0,0.5040358304977417,0.5040358304977417,0.5040358304977417,0.4959641396999359,10,6,3,zero_shot_paired
146,0,10,0,60,1,1,1,0.5816280245780945,0.5816280245780945,0.41837194561958313,0.5816280245780945,10,6,3,post_calibration
146,1,10,2,60,1,1,1,0.6766031980514526,0.6766031980514526,0.32339680194854736,0.6766031980514526,10,6,3,post_calibration
146,2,10,4,60,1,1,1,0.7752793431282043,0.7752793431282043,0.22472068667411804,0.7752793431282043,10,6,3,post_calibration
146,3,10,5,60,1,1,1,0.5606661438941956,0.5606661438941956,0.43933385610580444,0.5606661438941956,10,6,3,post_calibration
146,4,10,6,60,0,1,0,0.5097185969352722,0.5097185969352722,0.4902813732624054,0.5097185969352722,10,6,3,post_calibration
146,5,10,7,60,1,1,1,0.7161829471588135,0.7161829471588135,0.2838170528411865,0.7161829471588135,10,6,3,post_calibration
146,6,10,9,60,1,1,1,0.5265386700630188,0.5265386700630188,0.4734613299369812,0.5265386700630188,10,6,3,post_calibration
146,7,10,10,60,0,0,1,0.5754426121711731,0.5754426121711731,0.5754426121711731,0.4245573878288269,10,6,3,post_calibration
146,8,10,11,60,0,0,1,0.6437283158302307,0.6437283158302307,0.6437283158302307,0.3562716543674469,10,6,3,post_calibration
146,9,10,12,60,1,1,1,0.6046031713485718,0.6046031713485718,0.39539676904678345,0.6046031713485718,10,6,3,post_calibration
146,10,10,13,60,0,0,1,0.5777540802955627,0.5777540802955627,0.5777540802955627,0.42224588990211487,10,6,3,post_calibration
146,11,10,14,60,1,1,1,0.6922048926353455,0.6922048926353455,0.30779507756233215,0.6922048926353455,10,6,3,post_calibration
146,12,10,15,60,0,0,1,0.6293689608573914,0.6293689608573914,0.6293689608573914,0.37063106894493103,10,6,3,post_calibration
146,13,10,16,60,1,0,0,0.7698043584823608,0.7698043584823608,0.7698043584823608,0.23019565641880035,10,6,3,post_calibration
146,14,10,17,60,1,1,1,0.5113296508789062,0.5113296508789062,0.4886704087257385,0.5113296508789062,10,6,3,post_calibration
147,0,10,0,60,1,1,1,0.5773613452911377,0.5773613452911377,0.4226386547088623,0.5773613452911377,10,1,6,zero_shot_paired
147,1,10,1,60,1,0,0,0.5610325336456299,0.5610325336456299,0.5610325336456299,0.43896740674972534,10,1,6,zero_shot_paired
147,2,10,3,60,1,0,0,0.8816021084785461,0.8816021084785461,0.8816021084785461,0.11839784681797028,10,1,6,zero_shot_paired
147,3,10,4,60,1,1,1,0.7719200253486633,0.7719200253486633,0.2280799001455307,0.7719200253486633,10,1,6,zero_shot_paired
147,4,10,5,60,1,1,1,0.5569249391555786,0.5569249391555786,0.44307512044906616,0.5569249391555786,10,1,6,zero_shot_paired
147,5,10,7,60,1,1,1,0.710891842842102,0.710891842842102,0.2891082167625427,0.710891842842102,10,1,6,zero_shot_paired
147,6,10,8,60,0,1,0,0.6916307806968689,0.6916307806968689,0.3083692193031311,0.6916307806968689,10,1,6,zero_shot_paired
147,7,10,10,60,0,0,1,0.5870186686515808,0.5870186686515808,0.5870186686515808,0.41298139095306396,10,1,6,zero_shot_paired
147,8,10,11,60,0,0,1,0.6498668193817139,0.6498668193817139,0.6498668193817139,0.35013315081596375,10,1,6,zero_shot_paired
147,9,10,15,60,0,0,1,0.6399786472320557,0.6399786472320557,0.6399786472320557,0.36002132296562195,10,1,6,zero_shot_paired
147,10,10,16,60,1,0,0,0.7756233811378479,0.7756233811378479,0.7756233811378479,0.2243766039609909,10,1,6,zero_shot_paired
147,11,10,17,60,1,0,0,0.5040358304977417,0.5040358304977417,0.5040358304977417,0.4959641396999359,10,1,6,zero_shot_paired
147,0,10,0,60,1,1,1,0.582633912563324,0.582633912563324,0.41736605763435364,0.582633912563324,10,1,6,post_calibration
147,1,10,1,60,1,0,0,0.5594630241394043,0.5594630241394043,0.5594630241394043,0.4405369460582733,10,1,6,post_calibration
147,2,10,3,60,1,0,0,0.8840478658676147,0.8840478658676147,0.8840478658676147,0.11595211923122406,10,1,6,post_calibration
147,3,10,4,60,1,1,1,0.7680202722549438,0.7680202722549438,0.23197968304157257,0.7680202722549438,10,1,6,post_calibration
147,4,10,5,60,1,1,1,0.5546174645423889,0.5546174645423889,0.4453825354576111,0.5546174645423889,10,1,6,post_calibration
147,5,10,7,60,1,1,1,0.7220005393028259,0.7220005393028259,0.2779994606971741,0.7220005393028259,10,1,6,post_calibration
147,6,10,8,60,0,1,0,0.6867115497589111,0.6867115497589111,0.31328845024108887,0.6867115497589111,10,1,6,post_calibration
147,7,10,10,60,0,0,1,0.5746092796325684,0.5746092796325684,0.5746092796325684,0.4253907799720764,10,1,6,post_calibration
147,8,10,11,60,0,0,1,0.6450483202934265,0.6450483202934265,0.6450483202934265,0.35495173931121826,10,1,6,post_calibration
147,9,10,15,60,0,0,1,0.635770320892334,0.635770320892334,0.635770320892334,0.3642297089099884,10,1,6,post_calibration
147,10,10,16,60,1,0,0,0.7723483443260193,0.7723483443260193,0.7723483443260193,0.2276517152786255,10,1,6,post_calibration
147,11,10,17,60,1,1,1,0.5094841122627258,0.5094841122627258,0.4905158579349518,0.5094841122627258,10,1,6,post_calibration
148,0,10,2,60,1,1,1,0.6764863729476929,0.6764863729476929,0.3235136866569519,0.6764863729476929,10,2,6,zero_shot_paired
148,1,10,3,60,1,0,0,0.8816021084785461,0.8816021084785461,0.8816021084785461,0.11839784681797028,10,2,6,zero_shot_paired
148,2,10,4,60,1,1,1,0.7719200253486633,0.7719200253486633,0.2280799001455307,0.7719200253486633,10,2,6,zero_shot_paired
148,3,10,5,60,1,1,1,0.5569249391555786,0.5569249391555786,0.44307512044906616,0.5569249391555786,10,2,6,zero_shot_paired
148,4,10,6,60,0,0,1,0.5020256042480469,0.5020256042480469,0.5020256042480469,0.4979744255542755,10,2,6,zero_shot_paired
148,5,10,7,60,1,1,1,0.710891842842102,0.710891842842102,0.2891082167625427,0.710891842842102,10,2,6,zero_shot_paired
148,6,10,9,60,1,1,1,0.5141049027442932,0.5141049027442932,0.4858950972557068,0.5141049027442932,10,2,6,zero_shot_paired
148,7,10,10,60,0,0,1,0.5870186686515808,0.5870186686515808,0.5870186686515808,0.41298139095306396,10,2,6,zero_shot_paired
148,8,10,12,60,1,1,1,0.6179954409599304,0.6179954409599304,0.3820045590400696,0.6179954409599304,10,2,6,zero_shot_paired
148,9,10,13,60,0,0,1,0.5777950882911682,0.5777950882911682,0.5777950882911682,0.42220497131347656,10,2,6,zero_shot_paired
148,10,10,14,60,1,1,1,0.6908133625984192,0.6908133625984192,0.3091866374015808,0.6908133625984192,10,2,6,zero_shot_paired
148,11,10,15,60,0,0,1,0.6399786472320557,0.6399786472320557,0.6399786472320557,0.36002132296562195,10,2,6,zero_shot_paired
148,0,10,2,60,1,1,1,0.6815363764762878,0.6815363764762878,0.31846362352371216,0.6815363764762878,10,2,6,post_calibration
148,1,10,3,60,1,0,0,0.881162703037262,0.881162703037262,0.881162703037262,0.11883733421564102,10,2,6,post_calibration
148,2,10,4,60,1,1,1,0.7706037163734436,0.7706037163734436,0.229396253824234,0.7706037163734436,10,2,6,post_calibration
148,3,10,5,60,1,1,1,0.5549472570419312,0.5549472570419312,0.44505277276039124,0.5549472570419312,10,2,6,post_calibration
148,4,10,6,60,0,1,0,0.5117871761322021,0.5117871761322021,0.4882128834724426,0.5117871761322021,10,2,6,post_calibration
148,5,10,7,60,1,1,1,0.7162852883338928,0.7162852883338928,0.2837147116661072,0.7162852883338928,10,2,6,post_calibration
148,6,10,9,60,1,1,1,0.5246800780296326,0.5246800780296326,0.47531989216804504,0.5246800780296326,10,2,6,post_calibration
148,7,10,10,60,0,0,1,0.5753867030143738,0.5753867030143738,0.5753867030143738,0.42461326718330383,10,2,6,post_calibration
148,8,10,12,60,1,1,1,0.6084250211715698,0.6084250211715698,0.3915749490261078,0.6084250211715698,10,2,6,post_calibration
148,9,10,13,60,0,0,1,0.5820623636245728,0.5820623636245728,0.5820623636245728,0.41793760657310486,10,2,6,post_calibration
148,10,10,14,60,1,1,1,0.6948577761650085,0.6948577761650085,0.30514219403266907,0.6948577761650085,10,2,6,post_calibration
148,11,10,15,60,0,0,1,0.6302209496498108,0.6302209496498108,0.6302209496498108,0.36977899074554443,10,2,6,post_calibration
149,0,10,0,60,1,1,1,0.5773613452911377,0.5773613452911377,0.4226386547088623,0.5773613452911377,10,3,6,zero_shot_paired
149,1,10,1,60,1,0,0,0.5610325336456299,0.5610325336456299,0.5610325336456299,0.43896740674972534,10,3,6,zero_shot_paired
149,2,10,2,60,1,1,1,0.6764863729476929,0.6764863729476929,0.3235136866569519,0.6764863729476929,10,3,6,zero_shot_paired
149,3,10,6,60,0,0,1,0.5020256042480469,0.5020256042480469,0.5020256042480469,0.4979744255542755,10,3,6,zero_shot_paired
149,4,10,8,60,0,1,0,0.6916307806968689,0.6916307806968689,0.3083692193031311,0.6916307806968689,10,3,6,zero_shot_paired
149,5,10,9,60,1,1,1,0.5141049027442932,0.5141049027442932,0.4858950972557068,0.5141049027442932,10,3,6,zero_shot_paired
149,6,10,11,60,0,0,1,0.6498668193817139,0.6498668193817139,0.6498668193817139,0.35013315081596375,10,3,6,zero_shot_paired
149,7,10,12,60,1,1,1,0.6179954409599304,0.6179954409599304,0.3820045590400696,0.6179954409599304,10,3,6,zero_shot_paired
149,8,10,13,60,0,0,1,0.5777950882911682,0.5777950882911682,0.5777950882911682,0.42220497131347656,10,3,6,zero_shot_paired
149,9,10,14,60,1,1,1,0.6908133625984192,0.6908133625984192,0.3091866374015808,0.6908133625984192,10,3,6,zero_shot_paired
149,10,10,16,60,1,0,0,0.7756233811378479,0.7756233811378479,0.7756233811378479,0.2243766039609909,10,3,6,zero_shot_paired
149,11,10,17,60,1,0,0,0.5040358304977417,0.5040358304977417,0.5040358304977417,0.4959641396999359,10,3,6,zero_shot_paired
149,0,10,0,60,1,1,1,0.5842767357826233,0.5842767357826233,0.4157232642173767,0.5842767357826233,10,3,6,post_calibration
149,1,10,1,60,1,0,0,0.5515379309654236,0.5515379309654236,0.5515379309654236,0.4484621286392212,10,3,6,post_calibration
149,2,10,2,60,1,1,1,0.6865473985671997,0.6865473985671997,0.3134526014328003,0.6865473985671997,10,3,6,post_calibration
149,3,10,6,60,0,1,0,0.5144117474555969,0.5144117474555969,0.48558828234672546,0.5144117474555969,10,3,6,post_calibration
149,4,10,8,60,0,1,0,0.7100757956504822,0.7100757956504822,0.2899242639541626,0.7100757956504822,10,3,6,post_calibration
149,5,10,9,60,1,1,1,0.519806981086731,0.519806981086731,0.48019301891326904,0.519806981086731,10,3,6,post_calibration
149,6,10,11,60,0,0,1,0.6355441212654114,0.6355441212654114,0.6355441212654114,0.3644558787345886,10,3,6,post_calibration
149,7,10,12,60,1,1,1,0.6283539533615112,0.6283539533615112,0.3716460168361664,0.6283539533615112,10,3,6,post_calibration
149,8,10,13,60,0,0,1,0.5562244653701782,0.5562244653701782,0.5562244653701782,0.44377556443214417,10,3,6,post_calibration
149,9,10,14,60,1,1,1,0.6768985986709595,0.6768985986709595,0.32310137152671814,0.6768985986709595,10,3,6,post_calibration
149,10,10,16,60,1,0,0,0.7759724259376526,0.7759724259376526,0.7759724259376526,0.2240276038646698,10,3,6,post_calibration
149,11,10,17,60,1,1,1,0.5079682469367981,0.5079682469367981,0.4920317828655243,0.5079682469367981,10,3,6,post_calibration
150,0,10,2,60,1,1,1,0.6764846444129944,0.6764846444129944,0.3235153555870056,0.6764846444129944,10,1,9,zero_shot_paired
150,1,10,3,60,1,0,0,0.8816044926643372,0.8816044926643372,0.8816044926643372,0.11839544773101807,10,1,9,zero_shot_paired
150,2,10,5,60,1,1,1,0.5569305419921875,0.5569305419921875,0.4430694580078125,0.5569305419921875,10,1,9,zero_shot_paired
150,3,10,8,60,0,1,0,0.69162917137146,0.69162917137146,0.30837082862854004,0.69162917137146,10,1,9,zero_shot_paired
150,4,10,9,60,1,1,1,0.5141049027442932,0.5141049027442932,0.4858950972557068,0.5141049027442932,10,1,9,zero_shot_paired
150,5,10,13,60,0,0,1,0.5778006315231323,0.5778006315231323,0.5778006315231323,0.4221993684768677,10,1,9,zero_shot_paired
150,6,10,15,60,0,0,1,0.6399786472320557,0.6399786472320557,0.6399786472320557,0.36002132296562195,10,1,9,zero_shot_paired
150,7,10,16,60,1,0,0,0.7756287455558777,0.7756287455558777,0.7756287455558777,0.2243712991476059,10,1,9,zero_shot_paired
150,8,10,17,60,1,0,0,0.5040473341941833,0.5040473341941833,0.5040473341941833,0.49595269560813904,10,1,9,zero_shot_paired
150,0,10,2,60,1,1,1,0.6742432117462158,0.6742432117462158,0.3257567882537842,0.6742432117462158,10,1,9,post_calibration
150,1,10,3,60,1,0,0,0.8822211027145386,0.8822211027145386,0.8822211027145386,0.11777888983488083,10,1,9,post_calibration
150,2,10,5,60,1,1,1,0.5588669180870056,0.5588669180870056,0.4411331117153168,0.5588669180870056,10,1,9,post_calibration
150,3,10,8,60,0,1,0,0.6926793456077576,0.6926793456077576,0.30732065439224243,0.6926793456077576,10,1,9,post_calibration
150,4,10,9,60,1,1,1,0.5152083039283752,0.5152083039283752,0.48479166626930237,0.5152083039283752,10,1,9,post_calibration
150,5,10,13,60,0,0,1,0.5710827112197876,0.5710827112197876,0.5710827112197876,0.4289172291755676,10,1,9,post_calibration
150,6,10,15,60,0,0,1,0.6514952182769775,0.6514952182769775,0.6514952182769775,0.34850484132766724,10,1,9,post_calibration
150,7,10,16,60,1,0,0,0.7826054096221924,0.7826054096221924,0.7826054096221924,0.2173946499824524,10,1,9,post_calibration
150,8,10,17,60,1,0,0,0.5047548413276672,0.5047548413276672,0.5047548413276672,0.495245099067688,10,1,9,post_calibration
151,0,10,0,60,1,1,1,0.5773390531539917,0.5773390531539917,0.4226610064506531,0.5773390531539917,10,2,9,zero_shot_paired
151,1,10,1,60,1,0,0,0.561026930809021,0.561026930809021,0.561026930809021,0.438973069190979,10,2,9,zero_shot_paired
151,2,10,4,60,1,1,1,0.7719187140464783,0.7719187140464783,0.22808128595352173,0.7719187140464783,10,2,9,zero_shot_paired
151,3,10,6,60,0,0,1,0.5020275115966797,0.5020275115966797,0.5020275115966797,0.4979724884033203,10,2,9,zero_shot_paired
151,4,10,7,60,1,1,1,0.710891842842102,0.710891842842102,0.2891082167625427,0.710891842842102,10,2,9,zero_shot_paired
151,5,10,10,60,0,0,1,0.5870204567909241,0.5870204567909241,0.5870204567909241,0.41297951340675354,10,2,9,zero_shot_paired
151,6,10,11,60,0,0,1,0.6498668193817139,0.6498668193817139,0.6498668193817139,0.35013315081596375,10,2,9,zero_shot_paired
151,7,10,12,60,1,1,1,0.6180152893066406,0.6180152893066406,0.38198474049568176,0.6180152893066406,10,2,9,zero_shot_paired
151,8,10,14,60,1,1,1,0.6908068060874939,0.6908068060874939,0.3091931641101837,0.6908068060874939,10,2,9,zero_shot_paired
151,0,10,0,60,1,1,1,0.587878406047821,0.587878406047821,0.41212159395217896,0.587878406047821,10,2,9,post_calibration
151,1,10,1,60,1,0,0,0.5448146462440491,0.5448146462440491,0.5448146462440491,0.4551853537559509,10,2,9,post_calibration
151,2,10,4,60,1,1,1,0.7740901112556458,0.7740901112556458,0.22590987384319305,0.7740901112556458,10,2,9,post_calibration
151,3,10,6,60,0,1,0,0.512505829334259,0.512505829334259,0.48749423027038574,0.512505829334259,10,2,9,post_calibration
151,4,10,7,60,1,1,1,0.7224214673042297,0.7224214673042297,0.27757853269577026,0.7224214673042297,10,2,9,post_calibration
151,5,10,10,60,0,0,1,0.5707837343215942,0.5707837343215942,0.5707837343215942,0.42921626567840576,10,2,9,post_calibration
151,6,10,11,60,0,0,1,0.6449714303016663,0.6449714303016663,0.6449714303016663,0.35502856969833374,10,2,9,post_calibration
151,7,10,12,60,1,1,1,0.6065804362297058,0.6065804362297058,0.39341962337493896,0.6065804362297058,10,2,9,post_calibration
151,8,10,14,60,1,1,1,0.7007060050964355,0.7007060050964355,0.29929396510124207,0.7007060050964355,10,2,9,post_calibration
152,0,10,2,60,1,1,1,0.6762992739677429,0.6762992739677429,0.3237006962299347,0.6762992739677429,10,1,12,zero_shot_paired
152,1,10,5,60,1,1,1,0.5569813251495361,0.5569813251495361,0.4430186152458191,0.5569813251495361,10,1,12,zero_shot_paired
152,2,10,9,60,1,1,1,0.5142211318016052,0.5142211318016052,0.4857788383960724,0.5142211318016052,10,1,12,zero_shot_paired
152,3,10,10,60,0,0,1,0.5871462821960449,0.5871462821960449,0.5871462821960449,0.41285374760627747,10,1,12,zero_shot_paired
152,4,10,14,60,1,1,1,0.6907790899276733,0.6907790899276733,0.3092208802700043,0.6907790899276733,10,1,12,zero_shot_paired
152,5,10,15,60,0,0,1,0.6402036547660828,0.6402036547660828,0.6402036547660828,0.35979634523391724,10,1,12,zero_shot_paired
152,0,10,2,60,1,1,1,0.6774790287017822,0.6774790287017822,0.3225209712982178,0.6774790287017822,10,1,12,post_calibration
152,1,10,5,60,1,1,1,0.5756663084030151,0.5756663084030151,0.42433372139930725,0.5756663084030151,10,1,12,post_calibration
152,2,10,9,60,1,1,1,0.5369332432746887,0.5369332432746887,0.4630667269229889,0.5369332432746887,10,1,12,post_calibration
152,3,10,10,60,0,0,1,0.5590192079544067,0.5590192079544067,0.5590192079544067,0.4409807622432709,10,1,12,post_calibration
152,4,10,14,60,1,1,1,0.7154022455215454,0.7154022455215454,0.2845977544784546,0.7154022455215454,10,1,12,post_calibration
152,5,10,15,60,0,0,1,0.6099417209625244,0.6099417209625244,0.6099417209625244,0.390058308839798,10,1,12,post_calibration
153,0,10,1,60,1,0,0,0.5610532760620117,0.5610532760620117,0.5610532760620117,0.43894678354263306,10,2,12,zero_shot_paired
153,1,10,3,60,1,0,0,0.8815885782241821,0.8815885782241821,0.8815885782241821,0.11841136962175369,10,2,12,zero_shot_paired
153,2,10,5,60,1,1,1,0.5569813251495361,0.5569813251495361,0.4430186152458191,0.5569813251495361,10,2,12,zero_shot_paired
153,3,10,10,60,0,0,1,0.5871462821960449,0.5871462821960449,0.5871462821960449,0.41285374760627747,10,2,12,zero_shot_paired
153,4,10,14,60,1,1,1,0.6907790899276733,0.6907790899276733,0.3092208802700043,0.6907790899276733,10,2,12,zero_shot_paired
153,5,10,15,60,0,0,1,0.6402036547660828,0.6402036547660828,0.6402036547660828,0.35979634523391724,10,2,12,zero_shot_paired
153,0,10,1,60,1,0,0,0.5673543214797974,0.5673543214797974,0.5673543214797974,0.4326457381248474,10,2,12,post_calibration
153,1,10,3,60,1,0,0,0.8835777640342712,0.8835777640342712,0.8835777640342712,0.11642218381166458,10,2,12,post_calibration
153,2,10,5,60,1,1,1,0.5535901784896851,0.5535901784896851,0.44640985131263733,0.5535901784896851,10,2,12,post_calibration
153,3,10,10,60,0,0,1,0.5774078369140625,0.5774078369140625,0.5774078369140625,0.4225921034812927,10,2,12,post_calibration
153,4,10,14,60,1,1,1,0.7187409400939941,0.7187409400939941,0.28125905990600586,0.7187409400939941,10,2,12,post_calibration
153,5,10,15,60,0,0,1,0.6275643110275269,0.6275643110275269,0.6275643110275269,0.37243565917015076,10,2,12,post_calibration
154,0,10,2,60,1,1,1,0.6762992739677429,0.6762992739677429,0.3237006962299347,0.6762992739677429,10,3,12,zero_shot_paired
154,1,10,6,60,0,0,1,0.5019874572753906,0.5019874572753906,0.5019874572753906,0.4980125427246094,10,3,12,zero_shot_paired
154,2,10,10,60,0,0,1,0.5871462821960449,0.5871462821960449,0.5871462821960449,0.41285374760627747,10,3,12,zero_shot_paired
154,3,10,12,60,1,1,1,0.6180675029754639,0.6180675029754639,0.38193249702453613,0.6180675029754639,10,3,12,zero_shot_paired
154,4,10,14,60,1,1,1,0.6907790899276733,0.6907790899276733,0.3092208802700043,0.6907790899276733,10,3,12,zero_shot_paired
154,5,10,17,60,1,0,0,0.5039690732955933,0.5039690732955933,0.5039690732955933,0.49603089690208435,10,3,12,zero_shot_paired
154,0,10,2,60,1,1,1,0.6859872341156006,0.6859872341156006,0.314012736082077,0.6859872341156006,10,3,12,post_calibration
154,1,10,6,60,0,1,0,0.5147604942321777,0.5147604942321777,0.48523950576782227,0.5147604942321777,10,3,12,post_calibration
154,2,10,10,60,0,0,1,0.5667399168014526,0.5667399168014526,0.5667399168014526,0.433260053396225,10,3,12,post_calibration
154,3,10,12,60,1,1,1,0.5979490876197815,0.5979490876197815,0.4020509123802185,0.5979490876197815,10,3,12,post_calibration
154,4,10,14,60,1,1,1,0.6990810632705688,0.6990810632705688,0.3009188771247864,0.6990810632705688,10,3,12,post_calibration
154,5,10,17,60,1,1,1,0.5240236520767212,0.5240236520767212,0.4759764075279236,0.5240236520767212,10,3,12,post_calibration
12,0,11,0,60,0,1,0,0.645332932472229,0.645332932472229,0.3546670377254486,0.645332932472229,11,,,zero_shot_all_trials
12,1,11,1,60,0,0,1,0.5574387907981873,0.5574387907981873,0.5574387907981873,0.44256120920181274,11,,,zero_shot_all_trials
12,2,11,2,60,0,0,1,0.7594972848892212,0.7594972848892212,0.7594972848892212,0.2405027598142624,11,,,zero_shot_all_trials
12,3,11,3,60,1,1,1,0.535986602306366,0.535986602306366,0.4640134572982788,0.535986602306366,11,,,zero_shot_all_trials
12,4,11,4,60,1,0,0,0.508401095867157,0.508401095867157,0.508401095867157,0.4915989339351654,11,,,zero_shot_all_trials
12,5,11,5,60,1,1,1,0.8111915588378906,0.8111915588378906,0.18880842626094818,0.8111915588378906,11,,,zero_shot_all_trials
12,6,11,6,60,1,0,0,0.5503770709037781,0.5503770709037781,0.5503770709037781,0.4496229588985443,11,,,zero_shot_all_trials
12,7,11,7,60,1,0,0,0.6046323776245117,0.6046323776245117,0.6046323776245117,0.3953676223754883,11,,,zero_shot_all_trials
12,8,11,8,60,1,1,1,0.6806066632270813,0.6806066632270813,0.3193933069705963,0.6806066632270813,11,,,zero_shot_all_trials
12,9,11,9,60,1,1,1,0.8168291449546814,0.8168291449546814,0.183170884847641,0.8168291449546814,11,,,zero_shot_all_trials
12,10,11,10,60,1,0,0,0.7785493731498718,0.7785493731498718,0.7785493731498718,0.22145064175128937,11,,,zero_shot_all_trials
12,11,11,11,60,1,1,1,0.6483098268508911,0.6483098268508911,0.3516902029514313,0.6483098268508911,11,,,zero_shot_all_trials
12,12,11,12,60,1,1,1,0.8144751191139221,0.8144751191139221,0.18552488088607788,0.8144751191139221,11,,,zero_shot_all_trials
12,13,11,13,60,0,1,0,0.6553946137428284,0.6553946137428284,0.34460538625717163,0.6553946137428284,11,,,zero_shot_all_trials
12,14,11,14,60,1,1,1,0.694513201713562,0.694513201713562,0.30548685789108276,0.694513201713562,11,,,zero_shot_all_trials
12,15,11,15,60,1,1,1,0.8412396311759949,0.8412396311759949,0.15876039862632751,0.8412396311759949,11,,,zero_shot_all_trials
12,16,11,16,60,1,1,1,0.5725173354148865,0.5725173354148865,0.42748260498046875,0.5725173354148865,11,,,zero_shot_all_trials
12,17,11,17,60,1,1,1,0.7535275816917419,0.7535275816917419,0.24647240340709686,0.7535275816917419,11,,,zero_shot_all_trials
155,0,11,0,60,0,1,0,0.645329475402832,0.645329475402832,0.3546704947948456,0.645329475402832,11,1,3,zero_shot_paired
155,1,11,2,60,0,0,1,0.7595027685165405,0.7595027685165405,0.7595027685165405,0.2404971718788147,11,1,3,zero_shot_paired
155,2,11,4,60,1,0,0,0.5083991885185242,0.5083991885185242,0.5083991885185242,0.49160081148147583,11,1,3,zero_shot_paired
155,3,11,5,60,1,1,1,0.8111857175827026,0.8111857175827026,0.18881428241729736,0.8111857175827026,11,1,3,zero_shot_paired
155,4,11,6,60,1,0,0,0.5503846406936646,0.5503846406936646,0.5503846406936646,0.4496154189109802,11,1,3,zero_shot_paired
155,5,11,7,60,1,0,0,0.6046469807624817,0.6046469807624817,0.6046469807624817,0.3953530192375183,11,1,3,zero_shot_paired
155,6,11,8,60,1,1,1,0.6806049942970276,0.6806049942970276,0.31939497590065,0.6806049942970276,11,1,3,zero_shot_paired
155,7,11,9,60,1,1,1,0.8168314099311829,0.8168314099311829,0.18316860496997833,0.8168314099311829,11,1,3,zero_shot_paired
155,8,11,10,60,1,0,0,0.7785519957542419,0.7785519957542419,0.7785519957542419,0.22144801914691925,11,1,3,zero_shot_paired
155,9,11,11,60,1,1,1,0.6483132839202881,0.6483132839202881,0.3516867160797119,0.6483132839202881,11,1,3,zero_shot_paired
155,10,11,12,60,1,1,1,0.8144751191139221,0.8144751191139221,0.18552488088607788,0.8144751191139221,11,1,3,zero_shot_paired
155,11,11,13,60,0,1,0,0.6553911566734314,0.6553911566734314,0.3446088433265686,0.6553911566734314,11,1,3,zero_shot_paired
155,12,11,15,60,1,1,1,0.8412436842918396,0.8412436842918396,0.1587563157081604,0.8412436842918396,11,1,3,zero_shot_paired
155,13,11,16,60,1,1,1,0.5725136995315552,0.5725136995315552,0.4274863302707672,0.5725136995315552,11,1,3,zero_shot_paired
155,14,11,17,60,1,1,1,0.7535233497619629,0.7535233497619629,0.2464766651391983,0.7535233497619629,11,1,3,zero_shot_paired
155,0,11,0,60,0,1,0,0.6455547213554382,0.6455547213554382,0.35444530844688416,0.6455547213554382,11,1,3,post_calibration
155,1,11,2,60,0,0,1,0.7583568096160889,0.7583568096160889,0.7583568096160889,0.24164314568042755,11,1,3,post_calibration
155,2,11,4,60,1,0,0,0.5054585933685303,0.5054585933685303,0.5054585933685303,0.49454137682914734,11,1,3,post_calibration
155,3,11,5,60,1,1,1,0.8120734095573425,0.8120734095573425,0.18792662024497986,0.8120734095573425,11,1,3,post_calibration
155,4,11,6,60,1,0,0,0.5574368834495544,0.5574368834495544,0.5574368834495544,0.44256308674812317,11,1,3,post_calibration
155,5,11,7,60,1,0,0,0.5974428057670593,0.5974428057670593,0.5974428057670593,0.40255725383758545,11,1,3,post_calibration
155,6,11,8,60,1,1,1,0.6766983866691589,0.6766983866691589,0.32330164313316345,0.6766983866691589,11,1,3,post_calibration
155,7,11,9,60,1,1,1,0.8147734999656677,0.8147734999656677,0.1852264702320099,0.8147734999656677,11,1,3,post_calibration
155,8,11,10,60,1,0,0,0.7791380882263184,0.7791380882263184,0.7791380882263184,0.22086192667484283,11,1,3,post_calibration
155,9,11,11,60,1,1,1,0.650260865688324,0.650260865688324,0.3497391641139984,0.650260865688324,11,1,3,post_calibration
155,10,11,12,60,1,1,1,0.8183095455169678,0.8183095455169678,0.18169045448303223,0.8183095455169678,11,1,3,post_calibration
155,11,11,13,60,0,1,0,0.6556048393249512,0.6556048393249512,0.3443952202796936,0.6556048393249512,11,1,3,post_calibration
155,12,11,15,60,1,1,1,0.8434966802597046,0.8434966802597046,0.15650330483913422,0.8434966802597046,11,1,3,post_calibration
155,13,11,16,60,1,1,1,0.5712547302246094,0.5712547302246094,0.4287453293800354,0.5712547302246094,11,1,3,post_calibration
155,14,11,17,60,1,1,1,0.7515854835510254,0.7515854835510254,0.2484145313501358,0.7515854835510254,11,1,3,post_calibration
156,0,11,0,60,0,1,0,0.6453259587287903,0.6453259587287903,0.35467401146888733,0.6453259587287903,11,2,3,zero_shot_paired
156,1,11,1,60,0,0,1,0.5574294328689575,0.5574294328689575,0.5574294328689575,0.44257059693336487,11,2,3,zero_shot_paired
156,2,11,2,60,0,0,1,0.7595027685165405,0.7595027685165405,0.7595027685165405,0.2404971718788147,11,2,3,zero_shot_paired
156,3,11,3,60,1,1,1,0.5359827876091003,0.5359827876091003,0.46401721239089966,0.5359827876091003,11,2,3,zero_shot_paired
156,4,11,4,60,1,0,0,0.5084030032157898,0.5084030032157898,0.5084030032157898,0.4915970265865326,11,2,3,zero_shot_paired
156,5,11,5,60,1,1,1,0.8111926913261414,0.8111926913261414,0.18880724906921387,0.8111926913261414,11,2,3,zero_shot_paired
156,6,11,6,60,1,0,0,0.5503827333450317,0.5503827333450317,0.5503827333450317,0.44961729645729065,11,2,3,zero_shot_paired
156,7,11,7,60,1,0,0,0.6046287417411804,0.6046287417411804,0.6046287417411804,0.3953712284564972,11,2,3,zero_shot_paired
156,8,11,8,60,1,1,1,0.6806033849716187,0.6806033849716187,0.31939664483070374,0.6806033849716187,11,2,3,zero_shot_paired
156,9,11,9,60,1,1,1,0.8168291449546814,0.8168291449546814,0.183170884847641,0.8168291449546814,11,2,3,zero_shot_paired
156,10,11,12,60,1,1,1,0.8144739866256714,0.8144739866256714,0.185526043176651,0.8144739866256714,11,2,3,zero_shot_paired
156,11,11,13,60,0,1,0,0.6553876996040344,0.6553876996040344,0.3446123003959656,0.6553876996040344,11,2,3,zero_shot_paired
156,12,11,14,60,1,1,1,0.694513201713562,0.694513201713562,0.30548685789108276,0.694513201713562,11,2,3,zero_shot_paired
156,13,11,16,60,1,1,1,0.572526752948761,0.572526752948761,0.427473247051239,0.572526752948761,11,2,3,zero_shot_paired
156,14,11,17,60,1,1,1,0.7535247206687927,0.7535247206687927,0.2464752495288849,0.7535247206687927,11,2,3,zero_shot_paired
156,0,11,0,60,0,1,0,0.6518398523330688,0.6518398523330688,0.34816017746925354,0.6518398523330688,11,2,3,post_calibration
156,1,11,1,60,0,0,1,0.5620412826538086,0.5620412826538086,0.5620412826538086,0.4379587471485138,11,2,3,post_calibration
156,2,11,2,60,0,0,1,0.7572590112686157,0.7572590112686157,0.7572590112686157,0.2427409589290619,11,2,3,post_calibration
156,3,11,3,60,1,1,1,0.5469272136688232,0.5469272136688232,0.45307278633117676,0.5469272136688232,11,2,3,post_calibration
156,4,11,4,60,1,1,1,0.506421685218811,0.506421685218811,0.4935782849788666,0.506421685218811,11,2,3,post_calibration
156,5,11,5,60,1,1,1,0.8143263459205627,0.8143263459205627,0.18567363917827606,0.8143263459205627,11,2,3,post_calibration
156,6,11,6,60,1,0,0,0.5384050011634827,0.5384050011634827,0.5384050011634827,0.4615950584411621,11,2,3,post_calibration
156,7,11,7,60,1,0,0,0.5946487188339233,0.5946487188339233,0.5946487188339233,0.40535128116607666,11,2,3,post_calibration
156,8,11,8,60,1,1,1,0.6882900595664978,0.6882900595664978,0.311710000038147,0.6882900595664978,11,2,3,post_calibration
156,9,11,9,60,1,1,1,0.8228362202644348,0.8228362202644348,0.177163764834404,0.8228362202644348,11,2,3,post_calibration
156,10,11,12,60,1,1,1,0.8219212293624878,0.8219212293624878,0.17807871103286743,0.8219212293624878,11,2,3,post_calibration
156,11,11,13,60,0,1,0,0.6662746071815491,0.6662746071815491,0.3337254226207733,0.6662746071815491,11,2,3,post_calibration
156,12,11,14,60,1,1,1,0.7034428715705872,0.7034428715705872,0.29655712842941284,0.7034428715705872,11,2,3,post_calibration
156,13,11,16,60,1,1,1,0.5786751508712769,0.5786751508712769,0.42132484912872314,0.5786751508712769,11,2,3,post_calibration
156,14,11,17,60,1,1,1,0.7662349343299866,0.7662349343299866,0.233765110373497,0.7662349343299866,11,2,3,post_calibration
157,0,11,0,60,0,1,0,0.6453259587287903,0.6453259587287903,0.35467401146888733,0.6453259587287903,11,3,3,zero_shot_paired
157,1,11,1,60,0,0,1,0.5574294328689575,0.5574294328689575,0.5574294328689575,0.44257059693336487,11,3,3,zero_shot_paired
157,2,11,3,60,1,1,1,0.5359827876091003,0.5359827876091003,0.46401721239089966,0.5359827876091003,11,3,3,zero_shot_paired
157,3,11,4,60,1,0,0,0.5084030032157898,0.5084030032157898,0.5084030032157898,0.4915970265865326,11,3,3,zero_shot_paired
157,4,11,6,60,1,0,0,0.5503827333450317,0.5503827333450317,0.5503827333450317,0.44961729645729065,11,3,3,zero_shot_paired
157,5,11,7,60,1,0,0,0.6046287417411804,0.6046287417411804,0.6046287417411804,0.3953712284564972,11,3,3,zero_shot_paired
157,6,11,8,60,1,1,1,0.6806033849716187,0.6806033849716187,0.31939664483070374,0.6806033849716187,11,3,3,zero_shot_paired
157,7,11,10,60,1,0,0,0.7785480618476868,0.7785480618476868,0.7785480618476868,0.22145196795463562,11,3,3,zero_shot_paired
157,8,11,11,60,1,1,1,0.6483115553855896,0.6483115553855896,0.3516884744167328,0.6483115553855896,11,3,3,zero_shot_paired
157,9,11,12,60,1,1,1,0.8144739866256714,0.8144739866256714,0.185526043176651,0.8144739866256714,11,3,3,zero_shot_paired
157,10,11,13,60,0,1,0,0.6553876996040344,0.6553876996040344,0.3446123003959656,0.6553876996040344,11,3,3,zero_shot_paired
157,11,11,14,60,1,1,1,0.694513201713562,0.694513201713562,0.30548685789108276,0.694513201713562,11,3,3,zero_shot_paired
157,12,11,15,60,1,1,1,0.8412396311759949,0.8412396311759949,0.15876039862632751,0.8412396311759949,11,3,3,zero_shot_paired
157,13,11,16,60,1,1,1,0.572526752948761,0.572526752948761,0.427473247051239,0.572526752948761,11,3,3,zero_shot_paired
157,14,11,17,60,1,1,1,0.7535247206687927,0.7535247206687927,0.2464752495288849,0.7535247206687927,11,3,3,zero_shot_paired
157,0,11,0,60,0,1,0,0.6460695266723633,0.6460695266723633,0.3539304733276367,0.6460695266723633,11,3,3,post_calibration
157,1,11,1,60,0,0,1,0.5633723139762878,0.5633723139762878,0.5633723139762878,0.43662765622138977,11,3,3,post_calibration
157,2,11,3,60,1,1,1,0.5358138680458069,0.5358138680458069,0.4641861021518707,0.5358138680458069,11,3,3,post_calibration
157,3,11,4,60,1,0,0,0.5089025497436523,0.5089025497436523,0.5089025497436523,0.49109742045402527,11,3,3,post_calibration
157,4,11,6,60,1,0,0,0.5516170859336853,0.5516170859336853,0.5516170859336853,0.4483828544616699,11,3,3,post_calibration
157,5,11,7,60,1,0,0,0.6148042678833008,0.6148042678833008,0.6148042678833008,0.385195791721344,11,3,3,post_calibration
157,6,11,8,60,1,1,1,0.6819088459014893,0.6819088459014893,0.31809115409851074,0.6819088459014893,11,3,3,post_calibration
157,7,11,10,60,1,0,0,0.7839315533638,0.7839315533638,0.7839315533638,0.21606840193271637,11,3,3,post_calibration
157,8,11,11,60,1,1,1,0.6360582113265991,0.6360582113265991,0.3639417886734009,0.6360582113265991,11,3,3,post_calibration
157,9,11,12,60,1,1,1,0.8149197101593018,0.8149197101593018,0.18508028984069824,0.8149197101593018,11,3,3,post_calibration
157,10,11,13,60,0,1,0,0.6507776975631714,0.6507776975631714,0.349222332239151,0.6507776975631714,11,3,3,post_calibration
157,11,11,14,60,1,1,1,0.6837924122810364,0.6837924122810364,0.31620755791664124,0.6837924122810364,11,3,3,post_calibration
157,12,11,15,60,1,1,1,0.8459941148757935,0.8459941148757935,0.15400585532188416,0.8459941148757935,11,3,3,post_calibration
157,13,11,16,60,1,1,1,0.5645355582237244,0.5645355582237244,0.435464471578598,0.5645355582237244,11,3,3,post_calibration
157,14,11,17,60,1,1,1,0.7564474940299988,0.7564474940299988,0.24355244636535645,0.7564474940299988,11,3,3,post_calibration
158,0,11,0,60,0,1,0,0.6453259587287903,0.6453259587287903,0.35467401146888733,0.6453259587287903,11,4,3,zero_shot_paired
158,1,11,1,60,0,0,1,0.5574294328689575,0.5574294328689575,0.5574294328689575,0.44257059693336487,11,4,3,zero_shot_paired
158,2,11,2,60,0,0,1,0.7595027685165405,0.7595027685165405,0.7595027685165405,0.2404971718788147,11,4,3,zero_shot_paired
158,3,11,3,60,1,1,1,0.5359827876091003,0.5359827876091003,0.46401721239089966,0.5359827876091003,11,4,3,zero_shot_paired
158,4,11,4,60,1,0,0,0.5084030032157898,0.5084030032157898,0.5084030032157898,0.4915970265865326,11,4,3,zero_shot_paired
158,5,11,5,60,1,1,1,0.8111926913261414,0.8111926913261414,0.18880724906921387,0.8111926913261414,11,4,3,zero_shot_paired
158,6,11,7,60,1,0,0,0.6046287417411804,0.6046287417411804,0.6046287417411804,0.3953712284564972,11,4,3,zero_shot_paired
158,7,11,9,60,1,1,1,0.8168291449546814,0.8168291449546814,0.183170884847641,0.8168291449546814,11,4,3,zero_shot_paired
158,8,11,10,60,1,0,0,0.7785480618476868,0.7785480618476868,0.7785480618476868,0.22145196795463562,11,4,3,zero_shot_paired
158,9,11,11,60,1,1,1,0.6483115553855896,0.6483115553855896,0.3516884744167328,0.6483115553855896,11,4,3,zero_shot_paired
158,10,11,12,60,1,1,1,0.8144739866256714,0.8144739866256714,0.185526043176651,0.8144739866256714,11,4,3,zero_shot_paired
158,11,11,13,60,0,1,0,0.6553876996040344,0.6553876996040344,0.3446123003959656,0.6553876996040344,11,4,3,zero_shot_paired
158,12,11,14,60,1,1,1,0.694513201713562,0.694513201713562,0.30548685789108276,0.694513201713562,11,4,3,zero_shot_paired
158,13,11,15,60,1,1,1,0.8412396311759949,0.8412396311759949,0.15876039862632751,0.8412396311759949,11,4,3,zero_shot_paired
158,14,11,16,60,1,1,1,0.572526752948761,0.572526752948761,0.427473247051239,0.572526752948761,11,4,3,zero_shot_paired
158,0,11,0,60,0,1,0,0.6415890455245972,0.6415890455245972,0.35841095447540283,0.6415890455245972,11,4,3,post_calibration
158,1,11,1,60,0,0,1,0.5395803451538086,0.5395803451538086,0.5395803451538086,0.4604196548461914,11,4,3,post_calibration
158,2,11,2,60,0,0,1,0.7502254843711853,0.7502254843711853,0.7502254843711853,0.2497744858264923,11,4,3,post_calibration
158,3,11,3,60,1,1,1,0.548197329044342,0.548197329044342,0.45180267095565796,0.548197329044342,11,4,3,post_calibration
158,4,11,4,60,1,0,0,0.5158657431602478,0.5158657431602478,0.5158657431602478,0.4841342568397522,11,4,3,post_calibration
158,5,11,5,60,1,1,1,0.8168073892593384,0.8168073892593384,0.18319258093833923,0.8168073892593384,11,4,3,post_calibration
158,6,11,7,60,1,0,0,0.6033750772476196,0.6033750772476196,0.6033750772476196,0.39662492275238037,11,4,3,post_calibration
158,7,11,9,60,1,1,1,0.8451492786407471,0.8451492786407471,0.15485067665576935,0.8451492786407471,11,4,3,post_calibration
158,8,11,10,60,1,0,0,0.7668151259422302,0.7668151259422302,0.7668151259422302,0.233184814453125,11,4,3,post_calibration
158,9,11,11,60,1,1,1,0.6601929068565369,0.6601929068565369,0.33980709314346313,0.6601929068565369,11,4,3,post_calibration
158,10,11,12,60,1,1,1,0.8253676891326904,0.8253676891326904,0.17463229596614838,0.8253676891326904,11,4,3,post_calibration
158,11,11,13,60,0,1,0,0.6637812852859497,0.6637812852859497,0.3362186551094055,0.6637812852859497,11,4,3,post_calibration
158,12,11,14,60,1,1,1,0.7081905007362366,0.7081905007362366,0.2918094992637634,0.7081905007362366,11,4,3,post_calibration
158,13,11,15,60,1,1,1,0.8515549302101135,0.8515549302101135,0.14844505488872528,0.8515549302101135,11,4,3,post_calibration
158,14,11,16,60,1,1,1,0.5747398138046265,0.5747398138046265,0.4252602159976959,0.5747398138046265,11,4,3,post_calibration
159,0,11,1,60,0,0,1,0.5574294328689575,0.5574294328689575,0.5574294328689575,0.44257059693336487,11,5,3,zero_shot_paired
159,1,11,2,60,0,0,1,0.7595027685165405,0.7595027685165405,0.7595027685165405,0.2404971718788147,11,5,3,zero_shot_paired
159,2,11,3,60,1,1,1,0.5359827876091003,0.5359827876091003,0.46401721239089966,0.5359827876091003,11,5,3,zero_shot_paired
159,3,11,4,60,1,0,0,0.5084030032157898,0.5084030032157898,0.5084030032157898,0.4915970265865326,11,5,3,zero_shot_paired
159,4,11,5,60,1,1,1,0.8111926913261414,0.8111926913261414,0.18880724906921387,0.8111926913261414,11,5,3,zero_shot_paired
159,5,11,6,60,1,0,0,0.5503827333450317,0.5503827333450317,0.5503827333450317,0.44961729645729065,11,5,3,zero_shot_paired
159,6,11,8,60,1,1,1,0.6806033849716187,0.6806033849716187,0.31939664483070374,0.6806033849716187,11,5,3,zero_shot_paired
159,7,11,9,60,1,1,1,0.8168291449546814,0.8168291449546814,0.183170884847641,0.8168291449546814,11,5,3,zero_shot_paired
159,8,11,10,60,1,0,0,0.7785480618476868,0.7785480618476868,0.7785480618476868,0.22145196795463562,11,5,3,zero_shot_paired
159,9,11,11,60,1,1,1,0.6483115553855896,0.6483115553855896,0.3516884744167328,0.6483115553855896,11,5,3,zero_shot_paired
159,10,11,13,60,0,1,0,0.6553876996040344,0.6553876996040344,0.3446123003959656,0.6553876996040344,11,5,3,zero_shot_paired
159,11,11,14,60,1,1,1,0.694513201713562,0.694513201713562,0.30548685789108276,0.694513201713562,11,5,3,zero_shot_paired
159,12,11,15,60,1,1,1,0.8412396311759949,0.8412396311759949,0.15876039862632751,0.8412396311759949,11,5,3,zero_shot_paired
159,13,11,16,60,1,1,1,0.572526752948761,0.572526752948761,0.427473247051239,0.572526752948761,11,5,3,zero_shot_paired
159,14,11,17,60,1,1,1,0.7535247206687927,0.7535247206687927,0.2464752495288849,0.7535247206687927,11,5,3,zero_shot_paired
159,0,11,1,60,0,0,1,0.5652143955230713,0.5652143955230713,0.5652143955230713,0.4347856342792511,11,5,3,post_calibration
159,1,11,2,60,0,0,1,0.7533731460571289,0.7533731460571289,0.7533731460571289,0.24662689864635468,11,5,3,post_calibration
159,2,11,3,60,1,1,1,0.542575478553772,0.542575478553772,0.457424521446228,0.542575478553772,11,5,3,post_calibration
159,3,11,4,60,1,0,0,0.5073980689048767,0.5073980689048767,0.5073980689048767,0.4926019310951233,11,5,3,post_calibration
159,4,11,5,60,1,1,1,0.8044167160987854,0.8044167160987854,0.1955832839012146,0.8044167160987854,11,5,3,post_calibration
159,5,11,6,60,1,0,0,0.5434709787368774,0.5434709787368774,0.5434709787368774,0.45652899146080017,11,5,3,post_calibration
159,6,11,8,60,1,1,1,0.6913736462593079,0.6913736462593079,0.30862635374069214,0.6913736462593079,11,5,3,post_calibration
159,7,11,9,60,1,1,1,0.8190310001373291,0.8190310001373291,0.1809689998626709,0.8190310001373291,11,5,3,post_calibration
159,8,11,10,60,1,0,0,0.7797282934188843,0.7797282934188843,0.7797282934188843,0.22027166187763214,11,5,3,post_calibration
159,9,11,11,60,1,1,1,0.66391921043396,0.66391921043396,0.33608078956604004,0.66391921043396,11,5,3,post_calibration
159,10,11,13,60,0,1,0,0.6634713411331177,0.6634713411331177,0.33652859926223755,0.6634713411331177,11,5,3,post_calibration
159,11,11,14,60,1,1,1,0.7064974308013916,0.7064974308013916,0.2935025691986084,0.7064974308013916,11,5,3,post_calibration
159,12,11,15,60,1,1,1,0.8437864780426025,0.8437864780426025,0.15621346235275269,0.8437864780426025,11,5,3,post_calibration
159,13,11,16,60,1,1,1,0.5683278441429138,0.5683278441429138,0.4316721558570862,0.5683278441429138,11,5,3,post_calibration
159,14,11,17,60,1,1,1,0.7597522139549255,0.7597522139549255,0.24024781584739685,0.7597522139549255,11,5,3,post_calibration
160,0,11,0,60,0,1,0,0.6453259587287903,0.6453259587287903,0.35467401146888733,0.6453259587287903,11,6,3,zero_shot_paired
160,1,11,1,60,0,0,1,0.5574294328689575,0.5574294328689575,0.5574294328689575,0.44257059693336487,11,6,3,zero_shot_paired
160,2,11,2,60,0,0,1,0.7595027685165405,0.7595027685165405,0.7595027685165405,0.2404971718788147,11,6,3,zero_shot_paired
160,3,11,3,60,1,1,1,0.5359827876091003,0.5359827876091003,0.46401721239089966,0.5359827876091003,11,6,3,zero_shot_paired
160,4,11,5,60,1,1,1,0.8111926913261414,0.8111926913261414,0.18880724906921387,0.8111926913261414,11,6,3,zero_shot_paired
160,5,11,6,60,1,0,0,0.5503827333450317,0.5503827333450317,0.5503827333450317,0.44961729645729065,11,6,3,zero_shot_paired
160,6,11,7,60,1,0,0,0.6046287417411804,0.6046287417411804,0.6046287417411804,0.3953712284564972,11,6,3,zero_shot_paired
160,7,11,8,60,1,1,1,0.6806033849716187,0.6806033849716187,0.31939664483070374,0.6806033849716187,11,6,3,zero_shot_paired
160,8,11,9,60,1,1,1,0.8168291449546814,0.8168291449546814,0.183170884847641,0.8168291449546814,11,6,3,zero_shot_paired
160,9,11,10,60,1,0,0,0.7785480618476868,0.7785480618476868,0.7785480618476868,0.22145196795463562,11,6,3,zero_shot_paired
160,10,11,11,60,1,1,1,0.6483115553855896,0.6483115553855896,0.3516884744167328,0.6483115553855896,11,6,3,zero_shot_paired
160,11,11,12,60,1,1,1,0.8144739866256714,0.8144739866256714,0.185526043176651,0.8144739866256714,11,6,3,zero_shot_paired
160,12,11,14,60,1,1,1,0.694513201713562,0.694513201713562,0.30548685789108276,0.694513201713562,11,6,3,zero_shot_paired
160,13,11,15,60,1,1,1,0.8412396311759949,0.8412396311759949,0.15876039862632751,0.8412396311759949,11,6,3,zero_shot_paired
160,14,11,17,60,1,1,1,0.7535247206687927,0.7535247206687927,0.2464752495288849,0.7535247206687927,11,6,3,zero_shot_paired
160,0,11,0,60,0,1,0,0.6614156365394592,0.6614156365394592,0.33858436346054077,0.6614156365394592,11,6,3,post_calibration
160,1,11,1,60,0,0,1,0.5667080879211426,0.5667080879211426,0.5667080879211426,0.4332919120788574,11,6,3,post_calibration
160,2,11,2,60,0,0,1,0.7613486647605896,0.7613486647605896,0.7613486647605896,0.2386513650417328,11,6,3,post_calibration
160,3,11,3,60,1,1,1,0.5406321287155151,0.5406321287155151,0.45936790108680725,0.5406321287155151,11,6,3,post_calibration
160,4,11,5,60,1,1,1,0.8135105967521667,0.8135105967521667,0.18648944795131683,0.8135105967521667,11,6,3,post_calibration
160,5,11,6,60,1,0,0,0.5591471195220947,0.5591471195220947,0.5591471195220947,0.4408528506755829,11,6,3,post_calibration
160,6,11,7,60,1,0,0,0.5950900316238403,0.5950900316238403,0.5950900316238403,0.40490996837615967,11,6,3,post_calibration
160,7,11,8,60,1,1,1,0.672071099281311,0.672071099281311,0.3279288709163666,0.672071099281311,11,6,3,post_calibration
160,8,11,9,60,1,1,1,0.8172419667243958,0.8172419667243958,0.18275803327560425,0.8172419667243958,11,6,3,post_calibration
160,9,11,10,60,1,0,0,0.7812811136245728,0.7812811136245728,0.7812811136245728,0.21871891617774963,11,6,3,post_calibration
160,10,11,11,60,1,1,1,0.6712281703948975,0.6712281703948975,0.32877182960510254,0.6712281703948975,11,6,3,post_calibration
160,11,11,12,60,1,1,1,0.8154116868972778,0.8154116868972778,0.18458828330039978,0.8154116868972778,11,6,3,post_calibration
160,12,11,14,60,1,1,1,0.6911587119102478,0.6911587119102478,0.3088412582874298,0.6911587119102478,11,6,3,post_calibration
160,13,11,15,60,1,1,1,0.8421889543533325,0.8421889543533325,0.1578109860420227,0.8421889543533325,11,6,3,post_calibration
160,14,11,17,60,1,1,1,0.765301525592804,0.765301525592804,0.23469841480255127,0.765301525592804,11,6,3,post_calibration
161,0,11,0,60,0,1,0,0.6453259587287903,0.6453259587287903,0.35467401146888733,0.6453259587287903,11,1,6,zero_shot_paired
161,1,11,1,60,0,0,1,0.5574294328689575,0.5574294328689575,0.5574294328689575,0.44257059693336487,11,1,6,zero_shot_paired
161,2,11,3,60,1,1,1,0.5359827876091003,0.5359827876091003,0.46401721239089966,0.5359827876091003,11,1,6,zero_shot_paired
161,3,11,4,60,1,0,0,0.5084030032157898,0.5084030032157898,0.5084030032157898,0.4915970265865326,11,1,6,zero_shot_paired
161,4,11,6,60,1,0,0,0.5503827333450317,0.5503827333450317,0.5503827333450317,0.44961729645729065,11,1,6,zero_shot_paired
161,5,11,7,60,1,0,0,0.6046287417411804,0.6046287417411804,0.6046287417411804,0.3953712284564972,11,1,6,zero_shot_paired
161,6,11,8,60,1,1,1,0.6806033849716187,0.6806033849716187,0.31939664483070374,0.6806033849716187,11,1,6,zero_shot_paired
161,7,11,9,60,1,1,1,0.8168291449546814,0.8168291449546814,0.183170884847641,0.8168291449546814,11,1,6,zero_shot_paired
161,8,11,11,60,1,1,1,0.6483115553855896,0.6483115553855896,0.3516884744167328,0.6483115553855896,11,1,6,zero_shot_paired
161,9,11,13,60,0,1,0,0.6553876996040344,0.6553876996040344,0.3446123003959656,0.6553876996040344,11,1,6,zero_shot_paired
161,10,11,16,60,1,1,1,0.572526752948761,0.572526752948761,0.427473247051239,0.572526752948761,11,1,6,zero_shot_paired
161,11,11,17,60,1,1,1,0.7535247206687927,0.7535247206687927,0.2464752495288849,0.7535247206687927,11,1,6,zero_shot_paired
161,0,11,0,60,0,1,0,0.65131676197052,0.65131676197052,0.34868323802948,0.65131676197052,11,1,6,post_calibration
161,1,11,1,60,0,0,1,0.5629894137382507,0.5629894137382507,0.5629894137382507,0.4370105564594269,11,1,6,post_calibration
161,2,11,3,60,1,1,1,0.5330518484115601,0.5330518484115601,0.46694812178611755,0.5330518484115601,11,1,6,post_calibration
161,3,11,4,60,1,1,1,0.5030936598777771,0.5030936598777771,0.4969063401222229,0.5030936598777771,11,1,6,post_calibration
161,4,11,6,60,1,0,0,0.5320509672164917,0.5320509672164917,0.5320509672164917,0.4679490625858307,11,1,6,post_calibration
161,5,11,7,60,1,0,0,0.5845232009887695,0.5845232009887695,0.5845232009887695,0.4154767692089081,11,1,6,post_calibration
161,6,11,8,60,1,1,1,0.6834871768951416,0.6834871768951416,0.3165128529071808,0.6834871768951416,11,1,6,post_calibration
161,7,11,9,60,1,1,1,0.8196070194244385,0.8196070194244385,0.18039299547672272,0.8196070194244385,11,1,6,post_calibration
161,8,11,11,60,1,1,1,0.6632396578788757,0.6632396578788757,0.33676034212112427,0.6632396578788757,11,1,6,post_calibration
161,9,11,13,60,0,1,0,0.6820048093795776,0.6820048093795776,0.31799519062042236,0.6820048093795776,11,1,6,post_calibration
161,10,11,16,60,1,1,1,0.5895114541053772,0.5895114541053772,0.4104885458946228,0.5895114541053772,11,1,6,post_calibration
161,11,11,17,60,1,1,1,0.7639917731285095,0.7639917731285095,0.23600822687149048,0.7639917731285095,11,1,6,post_calibration
162,0,11,1,60,0,0,1,0.5574294328689575,0.5574294328689575,0.5574294328689575,0.44257059693336487,11,2,6,zero_shot_paired
162,1,11,2,60,0,0,1,0.7595027685165405,0.7595027685165405,0.7595027685165405,0.2404971718788147,11,2,6,zero_shot_paired
162,2,11,5,60,1,1,1,0.8111926913261414,0.8111926913261414,0.18880724906921387,0.8111926913261414,11,2,6,zero_shot_paired
162,3,11,7,60,1,0,0,0.6046287417411804,0.6046287417411804,0.6046287417411804,0.3953712284564972,11,2,6,zero_shot_paired
162,4,11,8,60,1,1,1,0.6806033849716187,0.6806033849716187,0.31939664483070374,0.6806033849716187,11,2,6,zero_shot_paired
162,5,11,9,60,1,1,1,0.8168291449546814,0.8168291449546814,0.183170884847641,0.8168291449546814,11,2,6,zero_shot_paired
162,6,11,10,60,1,0,0,0.7785480618476868,0.7785480618476868,0.7785480618476868,0.22145196795463562,11,2,6,zero_shot_paired
162,7,11,12,60,1,1,1,0.8144739866256714,0.8144739866256714,0.185526043176651,0.8144739866256714,11,2,6,zero_shot_paired
162,8,11,13,60,0,1,0,0.6553876996040344,0.6553876996040344,0.3446123003959656,0.6553876996040344,11,2,6,zero_shot_paired
162,9,11,14,60,1,1,1,0.694513201713562,0.694513201713562,0.30548685789108276,0.694513201713562,11,2,6,zero_shot_paired
162,10,11,15,60,1,1,1,0.8412396311759949,0.8412396311759949,0.15876039862632751,0.8412396311759949,11,2,6,zero_shot_paired
162,11,11,16,60,1,1,1,0.572526752948761,0.572526752948761,0.427473247051239,0.572526752948761,11,2,6,zero_shot_paired
162,0,11,1,60,0,0,1,0.5632559657096863,0.5632559657096863,0.5632559657096863,0.43674400448799133,11,2,6,post_calibration
162,1,11,2,60,0,0,1,0.7532171607017517,0.7532171607017517,0.7532171607017517,0.24678285419940948,11,2,6,post_calibration
162,2,11,5,60,1,1,1,0.808319091796875,0.808319091796875,0.1916808784008026,0.808319091796875,11,2,6,post_calibration
162,3,11,7,60,1,0,0,0.5916550159454346,0.5916550159454346,0.5916550159454346,0.40834498405456543,11,2,6,post_calibration
162,4,11,8,60,1,1,1,0.7029508352279663,0.7029508352279663,0.2970491945743561,0.7029508352279663,11,2,6,post_calibration
162,5,11,9,60,1,1,1,0.832162082195282,0.832162082195282,0.1678379327058792,0.832162082195282,11,2,6,post_calibration
162,6,11,10,60,1,0,0,0.7722851634025574,0.7722851634025574,0.7722851634025574,0.22771477699279785,11,2,6,post_calibration
162,7,11,12,60,1,1,1,0.8226849436759949,0.8226849436759949,0.17731507122516632,0.8226849436759949,11,2,6,post_calibration
162,8,11,13,60,0,1,0,0.6618289351463318,0.6618289351463318,0.3381710350513458,0.6618289351463318,11,2,6,post_calibration
162,9,11,14,60,1,1,1,0.7059054374694824,0.7059054374694824,0.29409459233283997,0.7059054374694824,11,2,6,post_calibration
162,10,11,15,60,1,1,1,0.8460229635238647,0.8460229635238647,0.15397703647613525,0.8460229635238647,11,2,6,post_calibration
162,11,11,16,60,1,1,1,0.5812436938285828,0.5812436938285828,0.4187563359737396,0.5812436938285828,11,2,6,post_calibration
163,0,11,0,60,0,1,0,0.6453259587287903,0.6453259587287903,0.35467401146888733,0.6453259587287903,11,3,6,zero_shot_paired
163,1,11,2,60,0,0,1,0.7595027685165405,0.7595027685165405,0.7595027685165405,0.2404971718788147,11,3,6,zero_shot_paired
163,2,11,3,60,1,1,1,0.5359827876091003,0.5359827876091003,0.46401721239089966,0.5359827876091003,11,3,6,zero_shot_paired
163,3,11,4,60,1,0,0,0.5084030032157898,0.5084030032157898,0.5084030032157898,0.4915970265865326,11,3,6,zero_shot_paired
163,4,11,5,60,1,1,1,0.8111926913261414,0.8111926913261414,0.18880724906921387,0.8111926913261414,11,3,6,zero_shot_paired
163,5,11,6,60,1,0,0,0.5503827333450317,0.5503827333450317,0.5503827333450317,0.44961729645729065,11,3,6,zero_shot_paired
163,6,11,10,60,1,0,0,0.7785480618476868,0.7785480618476868,0.7785480618476868,0.22145196795463562,11,3,6,zero_shot_paired
163,7,11,11,60,1,1,1,0.6483115553855896,0.6483115553855896,0.3516884744167328,0.6483115553855896,11,3,6,zero_shot_paired
163,8,11,12,60,1,1,1,0.8144739866256714,0.8144739866256714,0.185526043176651,0.8144739866256714,11,3,6,zero_shot_paired
163,9,11,14,60,1,1,1,0.694513201713562,0.694513201713562,0.30548685789108276,0.694513201713562,11,3,6,zero_shot_paired
163,10,11,15,60,1,1,1,0.8412396311759949,0.8412396311759949,0.15876039862632751,0.8412396311759949,11,3,6,zero_shot_paired
163,11,11,17,60,1,1,1,0.7535247206687927,0.7535247206687927,0.2464752495288849,0.7535247206687927,11,3,6,zero_shot_paired
163,0,11,0,60,0,1,0,0.6464218497276306,0.6464218497276306,0.3535781502723694,0.6464218497276306,11,3,6,post_calibration
163,1,11,2,60,0,0,1,0.7609228491783142,0.7609228491783142,0.7609228491783142,0.23907722532749176,11,3,6,post_calibration
163,2,11,3,60,1,1,1,0.5346941351890564,0.5346941351890564,0.4653058350086212,0.5346941351890564,11,3,6,post_calibration
163,3,11,4,60,1,1,1,0.5133292078971863,0.5133292078971863,0.4866708219051361,0.5133292078971863,11,3,6,post_calibration
163,4,11,5,60,1,1,1,0.8122502565383911,0.8122502565383911,0.1877496987581253,0.8122502565383911,11,3,6,post_calibration
163,5,11,6,60,1,0,0,0.5621689558029175,0.5621689558029175,0.5621689558029175,0.43783098459243774,11,3,6,post_calibration
163,6,11,10,60,1,0,0,0.7846711874008179,0.7846711874008179,0.7846711874008179,0.21532882750034332,11,3,6,post_calibration
163,7,11,11,60,1,1,1,0.6684678196907043,0.6684678196907043,0.33153215050697327,0.6684678196907043,11,3,6,post_calibration
163,8,11,12,60,1,1,1,0.8147355318069458,0.8147355318069458,0.1852644830942154,0.8147355318069458,11,3,6,post_calibration
163,9,11,14,60,1,1,1,0.6972257494926453,0.6972257494926453,0.3027742803096771,0.6972257494926453,11,3,6,post_calibration
163,10,11,15,60,1,1,1,0.8424919247627258,0.8424919247627258,0.15750804543495178,0.8424919247627258,11,3,6,post_calibration
163,11,11,17,60,1,1,1,0.7590566277503967,0.7590566277503967,0.24094340205192566,0.7590566277503967,11,3,6,post_calibration
164,0,11,0,60,0,1,0,0.645332932472229,0.645332932472229,0.3546670377254486,0.645332932472229,11,1,9,zero_shot_paired
164,1,11,5,60,1,1,1,0.8111845850944519,0.8111845850944519,0.18881544470787048,0.8111845850944519,11,1,9,zero_shot_paired
164,2,11,8,60,1,1,1,0.680608332157135,0.680608332157135,0.319391667842865,0.680608332157135,11,1,9,zero_shot_paired
164,3,11,10,60,1,0,0,0.7785519957542419,0.7785519957542419,0.7785519957542419,0.22144801914691925,11,1,9,zero_shot_paired
164,4,11,11,60,1,1,1,0.6483150720596313,0.6483150720596313,0.3516849875450134,0.6483150720596313,11,1,9,zero_shot_paired
164,5,11,13,60,0,1,0,0.6553928852081299,0.6553928852081299,0.3446071147918701,0.6553928852081299,11,1,9,zero_shot_paired
164,6,11,15,60,1,1,1,0.841240644454956,0.841240644454956,0.15875938534736633,0.841240644454956,11,1,9,zero_shot_paired
164,7,11,16,60,1,1,1,0.572528600692749,0.572528600692749,0.42747142910957336,0.572528600692749,11,1,9,zero_shot_paired
164,8,11,17,60,1,1,1,0.7535205483436584,0.7535205483436584,0.24647951126098633,0.7535205483436584,11,1,9,zero_shot_paired
164,0,11,0,60,0,1,0,0.6499674916267395,0.6499674916267395,0.3500324487686157,0.6499674916267395,11,1,9,post_calibration
164,1,11,5,60,1,1,1,0.8144001364707947,0.8144001364707947,0.18559981882572174,0.8144001364707947,11,1,9,post_calibration
164,2,11,8,60,1,1,1,0.6892271637916565,0.6892271637916565,0.3107728362083435,0.6892271637916565,11,1,9,post_calibration
164,3,11,10,60,1,0,0,0.7771413326263428,0.7771413326263428,0.7771413326263428,0.22285865247249603,11,1,9,post_calibration
164,4,11,11,60,1,1,1,0.6600354313850403,0.6600354313850403,0.33996453881263733,0.6600354313850403,11,1,9,post_calibration
164,5,11,13,60,0,1,0,0.6570589542388916,0.6570589542388916,0.3429410457611084,0.6570589542388916,11,1,9,post_calibration
164,6,11,15,60,1,1,1,0.8509550094604492,0.8509550094604492,0.1490449756383896,0.8509550094604492,11,1,9,post_calibration
164,7,11,16,60,1,1,1,0.581902801990509,0.581902801990509,0.41809725761413574,0.581902801990509,11,1,9,post_calibration
164,8,11,17,60,1,1,1,0.7795264720916748,0.7795264720916748,0.2204735279083252,0.7795264720916748,11,1,9,post_calibration
165,0,11,1,60,0,0,1,0.5574350357055664,0.5574350357055664,0.5574350357055664,0.442564994096756,11,2,9,zero_shot_paired
165,1,11,2,60,0,0,1,0.7594972848892212,0.7594972848892212,0.7594972848892212,0.2405027598142624,11,2,9,zero_shot_paired
165,2,11,3,60,1,1,1,0.5359846353530884,0.5359846353530884,0.46401530504226685,0.5359846353530884,11,2,9,zero_shot_paired
165,3,11,4,60,1,0,0,0.508410632610321,0.508410632610321,0.508410632610321,0.49158936738967896,11,2,9,zero_shot_paired
165,4,11,6,60,1,0,0,0.5503770709037781,0.5503770709037781,0.5503770709037781,0.4496229588985443,11,2,9,zero_shot_paired
165,5,11,7,60,1,0,0,0.6046269536018372,0.6046269536018372,0.6046269536018372,0.39537307620048523,11,2,9,zero_shot_paired
165,6,11,9,60,1,1,1,0.8168348670005798,0.8168348670005798,0.18316519260406494,0.8168348670005798,11,2,9,zero_shot_paired
165,7,11,12,60,1,1,1,0.8144739866256714,0.8144739866256714,0.185526043176651,0.8144739866256714,11,2,9,zero_shot_paired
165,8,11,14,60,1,1,1,0.6945115327835083,0.6945115327835083,0.3054884672164917,0.6945115327835083,11,2,9,zero_shot_paired
165,0,11,1,60,0,0,1,0.5620825886726379,0.5620825886726379,0.5620825886726379,0.4379173815250397,11,2,9,post_calibration
165,1,11,2,60,0,0,1,0.7513290047645569,0.7513290047645569,0.7513290047645569,0.2486710250377655,11,2,9,post_calibration
165,2,11,3,60,1,1,1,0.5439725518226624,0.5439725518226624,0.45602744817733765,0.5439725518226624,11,2,9,post_calibration
165,3,11,4,60,1,1,1,0.5049665570259094,0.5049665570259094,0.4950334429740906,0.5049665570259094,11,2,9,post_calibration
165,4,11,6,60,1,0,0,0.5325998663902283,0.5325998663902283,0.5325998663902283,0.46740013360977173,11,2,9,post_calibration
165,5,11,7,60,1,0,0,0.5981544852256775,0.5981544852256775,0.5981544852256775,0.4018454849720001,11,2,9,post_calibration
165,6,11,9,60,1,1,1,0.8259168863296509,0.8259168863296509,0.17408312857151031,0.8259168863296509,11,2,9,post_calibration
165,7,11,12,60,1,1,1,0.8215502500534058,0.8215502500534058,0.17844974994659424,0.8215502500534058,11,2,9,post_calibration
165,8,11,14,60,1,1,1,0.7029539942741394,0.7029539942741394,0.2970460057258606,0.7029539942741394,11,2,9,post_calibration
166,0,11,2,60,0,0,1,0.7595502138137817,0.7595502138137817,0.7595502138137817,0.24044981598854065,11,1,12,zero_shot_paired
166,1,11,3,60,1,1,1,0.5360472798347473,0.5360472798347473,0.4639527201652527,0.5360472798347473,11,1,12,zero_shot_paired
166,2,11,7,60,1,0,0,0.6046196818351746,0.6046196818351746,0.6046196818351746,0.3953803777694702,11,1,12,zero_shot_paired
166,3,11,8,60,1,1,1,0.6804822683334351,0.6804822683334351,0.31951770186424255,0.6804822683334351,11,1,12,zero_shot_paired
166,4,11,16,60,1,1,1,0.5725622177124023,0.5725622177124023,0.42743778228759766,0.5725622177124023,11,1,12,zero_shot_paired
166,5,11,17,60,1,1,1,0.7535516619682312,0.7535516619682312,0.2464483380317688,0.7535516619682312,11,1,12,zero_shot_paired
166,0,11,2,60,0,0,1,0.7463643550872803,0.7463643550872803,0.7463643550872803,0.2536356449127197,11,1,12,post_calibration
166,1,11,3,60,1,1,1,0.5503883957862854,0.5503883957862854,0.4496116638183594,0.5503883957862854,11,1,12,post_calibration
166,2,11,7,60,1,0,0,0.591179370880127,0.591179370880127,0.591179370880127,0.40882059931755066,11,1,12,post_calibration
166,3,11,8,60,1,1,1,0.6974978446960449,0.6974978446960449,0.3025021255016327,0.6974978446960449,11,1,12,post_calibration
166,4,11,16,60,1,1,1,0.5767263770103455,0.5767263770103455,0.42327362298965454,0.5767263770103455,11,1,12,post_calibration
166,5,11,17,60,1,1,1,0.7700597643852234,0.7700597643852234,0.2299402356147766,0.7700597643852234,11,1,12,post_calibration
167,0,11,3,60,1,1,1,0.5360472798347473,0.5360472798347473,0.4639527201652527,0.5360472798347473,11,2,12,zero_shot_paired
167,1,11,6,60,1,0,0,0.5504110455513,0.5504110455513,0.5504110455513,0.44958898425102234,11,2,12,zero_shot_paired
167,2,11,9,60,1,1,1,0.8168884515762329,0.8168884515762329,0.1831115335226059,0.8168884515762329,11,2,12,zero_shot_paired
167,3,11,10,60,1,0,0,0.7786479592323303,0.7786479592323303,0.7786479592323303,0.2213519960641861,11,2,12,zero_shot_paired
167,4,11,13,60,0,1,0,0.6553946137428284,0.6553946137428284,0.34460538625717163,0.6553946137428284,11,2,12,zero_shot_paired
167,5,11,17,60,1,1,1,0.7535516619682312,0.7535516619682312,0.2464483380317688,0.7535516619682312,11,2,12,zero_shot_paired
167,0,11,3,60,1,1,1,0.5339310169219971,0.5339310169219971,0.46606898307800293,0.5339310169219971,11,2,12,post_calibration
167,1,11,6,60,1,0,0,0.5490853190422058,0.5490853190422058,0.5490853190422058,0.4509146511554718,11,2,12,post_calibration
167,2,11,9,60,1,1,1,0.8160229921340942,0.8160229921340942,0.18397702276706696,0.8160229921340942,11,2,12,post_calibration
167,3,11,10,60,1,0,0,0.776053249835968,0.776053249835968,0.776053249835968,0.2239466905593872,11,2,12,post_calibration
167,4,11,13,60,0,1,0,0.6740354299545288,0.6740354299545288,0.32596462965011597,0.6740354299545288,11,2,12,post_calibration
167,5,11,17,60,1,1,1,0.7740887403488159,0.7740887403488159,0.2259112149477005,0.7740887403488159,11,2,12,post_calibration
168,0,11,3,60,1,1,1,0.5360472798347473,0.5360472798347473,0.4639527201652527,0.5360472798347473,11,3,12,zero_shot_paired
168,1,11,5,60,1,1,1,0.8111810088157654,0.8111810088157654,0.18881896138191223,0.8111810088157654,11,3,12,zero_shot_paired
168,2,11,8,60,1,1,1,0.6804822683334351,0.6804822683334351,0.31951770186424255,0.6804822683334351,11,3,12,zero_shot_paired
168,3,11,10,60,1,0,0,0.7786479592323303,0.7786479592323303,0.7786479592323303,0.2213519960641861,11,3,12,zero_shot_paired
168,4,11,12,60,1,1,1,0.8145166039466858,0.8145166039466858,0.18548338115215302,0.8145166039466858,11,3,12,zero_shot_paired
168,5,11,13,60,0,1,0,0.6553946137428284,0.6553946137428284,0.34460538625717163,0.6553946137428284,11,3,12,zero_shot_paired
168,0,11,3,60,1,1,1,0.5271358489990234,0.5271358489990234,0.4728641211986542,0.5271358489990234,11,3,12,post_calibration
168,1,11,5,60,1,1,1,0.8149197101593018,0.8149197101593018,0.18508028984069824,0.8149197101593018,11,3,12,post_calibration
168,2,11,8,60,1,1,1,0.6847846508026123,0.6847846508026123,0.3152153491973877,0.6847846508026123,11,3,12,post_calibration
168,3,11,10,60,1,0,0,0.7686341404914856,0.7686341404914856,0.7686341404914856,0.2313658446073532,11,3,12,post_calibration
168,4,11,12,60,1,1,1,0.8173171281814575,0.8173171281814575,0.1826828122138977,0.8173171281814575,11,3,12,post_calibration
168,5,11,13,60,0,1,0,0.6915591955184937,0.6915591955184937,0.30844083428382874,0.6915591955184937,11,3,12,post_calibration
13,0,12,0,60,1,1,1,0.8618364930152893,0.8618364930152893,0.13816355168819427,0.8618364930152893,12,,,zero_shot_all_trials
13,1,12,1,60,1,1,1,0.5392353534698486,0.5392353534698486,0.46076464653015137,0.5392353534698486,12,,,zero_shot_all_trials
13,2,12,2,60,1,0,0,0.5800138711929321,0.5800138711929321,0.5800138711929321,0.41998615860939026,12,,,zero_shot_all_trials
13,3,12,3,60,1,0,0,0.5714938640594482,0.5714938640594482,0.5714938640594482,0.42850613594055176,12,,,zero_shot_all_trials
13,4,12,4,60,1,1,1,0.6390851736068726,0.6390851736068726,0.36091476678848267,0.6390851736068726,12,,,zero_shot_all_trials
13,5,12,5,60,1,1,1,0.6277426481246948,0.6277426481246948,0.37225738167762756,0.6277426481246948,12,,,zero_shot_all_trials
13,6,12,6,60,1,0,0,0.5355387330055237,0.5355387330055237,0.5355387330055237,0.4644612669944763,12,,,zero_shot_all_trials
13,7,12,7,60,1,0,0,0.6542823910713196,0.6542823910713196,0.6542823910713196,0.3457176685333252,12,,,zero_shot_all_trials
13,8,12,8,60,1,1,1,0.8008429408073425,0.8008429408073425,0.19915707409381866,0.8008429408073425,12,,,zero_shot_all_trials
13,9,12,9,60,1,0,0,0.7479483485221863,0.7479483485221863,0.7479483485221863,0.2520516514778137,12,,,zero_shot_all_trials
13,10,12,10,60,0,0,1,0.5567912459373474,0.5567912459373474,0.5567912459373474,0.443208783864975,12,,,zero_shot_all_trials
13,11,12,11,60,1,0,0,0.5432173013687134,0.5432173013687134,0.5432173013687134,0.45678266882896423,12,,,zero_shot_all_trials
13,12,12,12,60,1,0,0,0.598609209060669,0.598609209060669,0.598609209060669,0.40139082074165344,12,,,zero_shot_all_trials
13,13,12,13,60,0,1,0,0.6076704263687134,0.6076704263687134,0.39232954382896423,0.6076704263687134,12,,,zero_shot_all_trials
13,14,12,14,60,1,1,1,0.543836236000061,0.543836236000061,0.4561637043952942,0.543836236000061,12,,,zero_shot_all_trials
13,15,12,15,60,1,1,1,0.5016651153564453,0.5016651153564453,0.4983349144458771,0.5016651153564453,12,,,zero_shot_all_trials
13,16,12,16,60,1,1,1,0.600470244884491,0.600470244884491,0.39952972531318665,0.600470244884491,12,,,zero_shot_all_trials
13,17,12,17,60,1,1,1,0.6768735647201538,0.6768735647201538,0.3231264054775238,0.6768735647201538,12,,,zero_shot_all_trials
169,0,12,0,60,1,1,1,0.8618373870849609,0.8618373870849609,0.13816264271736145,0.8618373870849609,12,1,3,zero_shot_paired
169,1,12,1,60,1,1,1,0.5392410159111023,0.5392410159111023,0.4607589542865753,0.5392410159111023,12,1,3,zero_shot_paired
169,2,12,2,60,1,0,0,0.5800175666809082,0.5800175666809082,0.5800175666809082,0.4199824333190918,12,1,3,zero_shot_paired
169,3,12,4,60,1,1,1,0.6390851736068726,0.6390851736068726,0.36091476678848267,0.6390851736068726,12,1,3,zero_shot_paired
169,4,12,5,60,1,1,1,0.6277426481246948,0.6277426481246948,0.37225738167762756,0.6277426481246948,12,1,3,zero_shot_paired
169,5,12,6,60,1,0,0,0.5355330109596252,0.5355330109596252,0.5355330109596252,0.46446698904037476,12,1,3,zero_shot_paired
169,6,12,7,60,1,0,0,0.6542840600013733,0.6542840600013733,0.6542840600013733,0.3457159399986267,12,1,3,zero_shot_paired
169,7,12,8,60,1,1,1,0.8008660078048706,0.8008660078048706,0.1991339474916458,0.8008660078048706,12,1,3,zero_shot_paired
169,8,12,10,60,0,0,1,0.5567930936813354,0.5567930936813354,0.5567930936813354,0.44320690631866455,12,1,3,zero_shot_paired
169,9,12,11,60,1,0,0,0.5432267785072327,0.5432267785072327,0.5432267785072327,0.45677322149276733,12,1,3,zero_shot_paired
169,10,12,12,60,1,0,0,0.598609209060669,0.598609209060669,0.598609209060669,0.40139082074165344,12,1,3,zero_shot_paired
169,11,12,13,60,0,1,0,0.6076722741127014,0.6076722741127014,0.39232775568962097,0.6076722741127014,12,1,3,zero_shot_paired
169,12,12,15,60,1,1,1,0.5016708374023438,0.5016708374023438,0.49832916259765625,0.5016708374023438,12,1,3,zero_shot_paired
169,13,12,16,60,1,1,1,0.6004812717437744,0.6004812717437744,0.399518758058548,0.6004812717437744,12,1,3,zero_shot_paired
169,14,12,17,60,1,1,1,0.6768735647201538,0.6768735647201538,0.3231264054775238,0.6768735647201538,12,1,3,zero_shot_paired
169,0,12,0,60,1,1,1,0.8703030347824097,0.8703030347824097,0.12969696521759033,0.8703030347824097,12,1,3,post_calibration
169,1,12,1,60,1,1,1,0.5553994178771973,0.5553994178771973,0.44460058212280273,0.5553994178771973,12,1,3,post_calibration
169,2,12,2,60,1,0,0,0.5504544973373413,0.5504544973373413,0.5504544973373413,0.44954556226730347,12,1,3,post_calibration
169,3,12,4,60,1,1,1,0.6356201171875,0.6356201171875,0.3643798828125,0.6356201171875,12,1,3,post_calibration
169,4,12,5,60,1,1,1,0.6369884610176086,0.6369884610176086,0.36301153898239136,0.6369884610176086,12,1,3,post_calibration
169,5,12,6,60,1,0,0,0.5073561072349548,0.5073561072349548,0.5073561072349548,0.49264389276504517,12,1,3,post_calibration
169,6,12,7,60,1,0,0,0.6367414593696594,0.6367414593696594,0.6367414593696594,0.36325857043266296,12,1,3,post_calibration
169,7,12,8,60,1,1,1,0.8044143319129944,0.8044143319129944,0.1955856829881668,0.8044143319129944,12,1,3,post_calibration
169,8,12,10,60,0,1,0,0.5012931823730469,0.5012931823730469,0.4987068474292755,0.5012931823730469,12,1,3,post_calibration
169,9,12,11,60,1,1,1,0.5003222823143005,0.5003222823143005,0.4996776580810547,0.5003222823143005,12,1,3,post_calibration
169,10,12,12,60,1,0,0,0.5509074926376343,0.5509074926376343,0.5509074926376343,0.44909244775772095,12,1,3,post_calibration
169,11,12,13,60,0,1,0,0.6556151509284973,0.6556151509284973,0.3443848788738251,0.6556151509284973,12,1,3,post_calibration
169,12,12,15,60,1,1,1,0.5421967506408691,0.5421967506408691,0.45780327916145325,0.5421967506408691,12,1,3,post_calibration
169,13,12,16,60,1,1,1,0.6440485119819641,0.6440485119819641,0.35595154762268066,0.6440485119819641,12,1,3,post_calibration
169,14,12,17,60,1,1,1,0.7190877795219421,0.7190877795219421,0.2809121608734131,0.7190877795219421,12,1,3,post_calibration
170,0,12,2,60,1,0,0,0.5800212621688843,0.5800212621688843,0.5800212621688843,0.4199787378311157,12,2,3,zero_shot_paired
170,1,12,3,60,1,0,0,0.5714994072914124,0.5714994072914124,0.5714994072914124,0.42850053310394287,12,2,3,zero_shot_paired
170,2,12,4,60,1,1,1,0.6390886902809143,0.6390886902809143,0.3609112501144409,0.6390886902809143,12,2,3,zero_shot_paired
170,3,12,5,60,1,1,1,0.6277426481246948,0.6277426481246948,0.37225738167762756,0.6277426481246948,12,2,3,zero_shot_paired
170,4,12,6,60,1,0,0,0.5355254411697388,0.5355254411697388,0.5355254411697388,0.46447455883026123,12,2,3,zero_shot_paired
170,5,12,7,60,1,0,0,0.6542823910713196,0.6542823910713196,0.6542823910713196,0.3457176685333252,12,2,3,zero_shot_paired
170,6,12,9,60,1,0,0,0.7479512095451355,0.7479512095451355,0.7479512095451355,0.2520487606525421,12,2,3,zero_shot_paired
170,7,12,10,60,0,0,1,0.5567912459373474,0.5567912459373474,0.5567912459373474,0.443208783864975,12,2,3,zero_shot_paired
170,8,12,11,60,1,0,0,0.5432248711585999,0.5432248711585999,0.5432248711585999,0.45677506923675537,12,2,3,zero_shot_paired
170,9,12,12,60,1,0,0,0.5986166000366211,0.5986166000366211,0.5986166000366211,0.4013834595680237,12,2,3,zero_shot_paired
170,10,12,13,60,0,1,0,0.6076850295066833,0.6076850295066833,0.39231500029563904,0.6076850295066833,12,2,3,zero_shot_paired
170,11,12,14,60,1,1,1,0.5438419580459595,0.5438419580459595,0.4561580717563629,0.5438419580459595,12,2,3,zero_shot_paired
170,12,12,15,60,1,1,1,0.5016708374023438,0.5016708374023438,0.49832916259765625,0.5016708374023438,12,2,3,zero_shot_paired
170,13,12,16,60,1,1,1,0.6004830598831177,0.6004830598831177,0.3995169401168823,0.6004830598831177,12,2,3,zero_shot_paired
170,14,12,17,60,1,1,1,0.6768752932548523,0.6768752932548523,0.3231247365474701,0.6768752932548523,12,2,3,zero_shot_paired
170,0,12,2,60,1,0,0,0.5737268924713135,0.5737268924713135,0.5737268924713135,0.42627304792404175,12,2,3,post_calibration
170,1,12,3,60,1,0,0,0.5551789999008179,0.5551789999008179,0.5551789999008179,0.44482097029685974,12,2,3,post_calibration
170,2,12,4,60,1,1,1,0.6619040369987488,0.6619040369987488,0.33809590339660645,0.6619040369987488,12,2,3,post_calibration
170,3,12,5,60,1,1,1,0.6413539052009583,0.6413539052009583,0.35864609479904175,0.6413539052009583,12,2,3,post_calibration
170,4,12,6,60,1,0,0,0.5322465896606445,0.5322465896606445,0.5322465896606445,0.46775341033935547,12,2,3,post_calibration
170,5,12,7,60,1,0,0,0.6593160629272461,0.6593160629272461,0.6593160629272461,0.3406839370727539,12,2,3,post_calibration
170,6,12,9,60,1,0,0,0.7479599118232727,0.7479599118232727,0.7479599118232727,0.25204014778137207,12,2,3,post_calibration
170,7,12,10,60,0,0,1,0.5383670330047607,0.5383670330047607,0.5383670330047607,0.46163293719291687,12,2,3,post_calibration
170,8,12,11,60,1,0,0,0.5315988063812256,0.5315988063812256,0.5315988063812256,0.4684011936187744,12,2,3,post_calibration
170,9,12,12,60,1,0,0,0.5738556981086731,0.5738556981086731,0.5738556981086731,0.4261443316936493,12,2,3,post_calibration
170,10,12,13,60,0,1,0,0.6167411208152771,0.6167411208152771,0.3832589089870453,0.6167411208152771,12,2,3,post_calibration
170,11,12,14,60,1,1,1,0.5570247173309326,0.5570247173309326,0.44297531247138977,0.5570247173309326,12,2,3,post_calibration
170,12,12,15,60,1,1,1,0.5153283476829529,0.5153283476829529,0.48467159271240234,0.5153283476829529,12,2,3,post_calibration
170,13,12,16,60,1,1,1,0.6078395843505859,0.6078395843505859,0.3921603858470917,0.6078395843505859,12,2,3,post_calibration
170,14,12,17,60,1,1,1,0.6868132948875427,0.6868132948875427,0.3131866753101349,0.6868132948875427,12,2,3,post_calibration
171,0,12,0,60,1,1,1,0.8618346452713013,0.8618346452713013,0.13816535472869873,0.8618346452713013,12,3,3,zero_shot_paired
171,1,12,1,60,1,1,1,0.5392391681671143,0.5392391681671143,0.46076086163520813,0.5392391681671143,12,3,3,zero_shot_paired
171,2,12,3,60,1,0,0,0.5714994072914124,0.5714994072914124,0.5714994072914124,0.42850053310394287,12,3,3,zero_shot_paired
171,3,12,4,60,1,1,1,0.6390886902809143,0.6390886902809143,0.3609112501144409,0.6390886902809143,12,3,3,zero_shot_paired
171,4,12,5,60,1,1,1,0.6277426481246948,0.6277426481246948,0.37225738167762756,0.6277426481246948,12,3,3,zero_shot_paired
171,5,12,6,60,1,0,0,0.5355254411697388,0.5355254411697388,0.5355254411697388,0.46447455883026123,12,3,3,zero_shot_paired
171,6,12,7,60,1,0,0,0.6542823910713196,0.6542823910713196,0.6542823910713196,0.3457176685333252,12,3,3,zero_shot_paired
171,7,12,8,60,1,1,1,0.8008635640144348,0.8008635640144348,0.1991363763809204,0.8008635640144348,12,3,3,zero_shot_paired
171,8,12,9,60,1,0,0,0.7479512095451355,0.7479512095451355,0.7479512095451355,0.2520487606525421,12,3,3,zero_shot_paired
171,9,12,10,60,0,0,1,0.5567912459373474,0.5567912459373474,0.5567912459373474,0.443208783864975,12,3,3,zero_shot_paired
171,10,12,11,60,1,0,0,0.5432248711585999,0.5432248711585999,0.5432248711585999,0.45677506923675537,12,3,3,zero_shot_paired
171,11,12,12,60,1,0,0,0.5986166000366211,0.5986166000366211,0.5986166000366211,0.4013834595680237,12,3,3,zero_shot_paired
171,12,12,14,60,1,1,1,0.5438419580459595,0.5438419580459595,0.4561580717563629,0.5438419580459595,12,3,3,zero_shot_paired
171,13,12,15,60,1,1,1,0.5016708374023438,0.5016708374023438,0.49832916259765625,0.5016708374023438,12,3,3,zero_shot_paired
171,14,12,16,60,1,1,1,0.6004830598831177,0.6004830598831177,0.3995169401168823,0.6004830598831177,12,3,3,zero_shot_paired
171,0,12,0,60,1,1,1,0.8636541366577148,0.8636541366577148,0.13634584844112396,0.8636541366577148,12,3,3,post_calibration
171,1,12,1,60,1,1,1,0.5399195551872253,0.5399195551872253,0.46008041501045227,0.5399195551872253,12,3,3,post_calibration
171,2,12,3,60,1,0,0,0.5730718970298767,0.5730718970298767,0.5730718970298767,0.4269281029701233,12,3,3,post_calibration
171,3,12,4,60,1,1,1,0.6480209827423096,0.6480209827423096,0.35197898745536804,0.6480209827423096,12,3,3,post_calibration
171,4,12,5,60,1,1,1,0.6313261985778809,0.6313261985778809,0.36867380142211914,0.6313261985778809,12,3,3,post_calibration
171,5,12,6,60,1,0,0,0.5416096448898315,0.5416096448898315,0.5416096448898315,0.45839035511016846,12,3,3,post_calibration
171,6,12,7,60,1,0,0,0.6500195860862732,0.6500195860862732,0.6500195860862732,0.3499804139137268,12,3,3,post_calibration
171,7,12,8,60,1,1,1,0.7992391586303711,0.7992391586303711,0.20076081156730652,0.7992391586303711,12,3,3,post_calibration
171,8,12,9,60,1,0,0,0.7538377642631531,0.7538377642631531,0.7538377642631531,0.24616222083568573,12,3,3,post_calibration
171,9,12,10,60,0,0,1,0.5792405605316162,0.5792405605316162,0.5792405605316162,0.4207594692707062,12,3,3,post_calibration
171,10,12,11,60,1,0,0,0.5656999349594116,0.5656999349594116,0.5656999349594116,0.43430012464523315,12,3,3,post_calibration
171,11,12,12,60,1,0,0,0.6060759425163269,0.6060759425163269,0.6060759425163269,0.3939240574836731,12,3,3,post_calibration
171,12,12,14,60,1,1,1,0.5147204995155334,0.5147204995155334,0.48527953028678894,0.5147204995155334,12,3,3,post_calibration
171,13,12,15,60,1,0,0,0.5147662162780762,0.5147662162780762,0.5147662162780762,0.48523378372192383,12,3,3,post_calibration
171,14,12,16,60,1,1,1,0.5760613083839417,0.5760613083839417,0.42393866181373596,0.5760613083839417,12,3,3,post_calibration
172,0,12,0,60,1,1,1,0.8618346452713013,0.8618346452713013,0.13816535472869873,0.8618346452713013,12,4,3,zero_shot_paired
172,1,12,1,60,1,1,1,0.5392391681671143,0.5392391681671143,0.46076086163520813,0.5392391681671143,12,4,3,zero_shot_paired
172,2,12,2,60,1,0,0,0.5800212621688843,0.5800212621688843,0.5800212621688843,0.4199787378311157,12,4,3,zero_shot_paired
172,3,12,3,60,1,0,0,0.5714994072914124,0.5714994072914124,0.5714994072914124,0.42850053310394287,12,4,3,zero_shot_paired
172,4,12,4,60,1,1,1,0.6390886902809143,0.6390886902809143,0.3609112501144409,0.6390886902809143,12,4,3,zero_shot_paired
172,5,12,5,60,1,1,1,0.6277426481246948,0.6277426481246948,0.37225738167762756,0.6277426481246948,12,4,3,zero_shot_paired
172,6,12,6,60,1,0,0,0.5355254411697388,0.5355254411697388,0.5355254411697388,0.46447455883026123,12,4,3,zero_shot_paired
172,7,12,8,60,1,1,1,0.8008635640144348,0.8008635640144348,0.1991363763809204,0.8008635640144348,12,4,3,zero_shot_paired
172,8,12,9,60,1,0,0,0.7479512095451355,0.7479512095451355,0.7479512095451355,0.2520487606525421,12,4,3,zero_shot_paired
172,9,12,10,60,0,0,1,0.5567912459373474,0.5567912459373474,0.5567912459373474,0.443208783864975,12,4,3,zero_shot_paired
172,10,12,11,60,1,0,0,0.5432248711585999,0.5432248711585999,0.5432248711585999,0.45677506923675537,12,4,3,zero_shot_paired
172,11,12,12,60,1,0,0,0.5986166000366211,0.5986166000366211,0.5986166000366211,0.4013834595680237,12,4,3,zero_shot_paired
172,12,12,13,60,0,1,0,0.6076850295066833,0.6076850295066833,0.39231500029563904,0.6076850295066833,12,4,3,zero_shot_paired
172,13,12,14,60,1,1,1,0.5438419580459595,0.5438419580459595,0.4561580717563629,0.5438419580459595,12,4,3,zero_shot_paired
172,14,12,17,60,1,1,1,0.6768752932548523,0.6768752932548523,0.3231247365474701,0.6768752932548523,12,4,3,zero_shot_paired
172,0,12,0,60,1,1,1,0.8616483211517334,0.8616483211517334,0.138351708650589,0.8616483211517334,12,4,3,post_calibration
172,1,12,1,60,1,1,1,0.542700469493866,0.542700469493866,0.4572995603084564,0.542700469493866,12,4,3,post_calibration
172,2,12,2,60,1,0,0,0.5498464703559875,0.5498464703559875,0.5498464703559875,0.45015352964401245,12,4,3,post_calibration
172,3,12,3,60,1,0,0,0.5592524409294128,0.5592524409294128,0.5592524409294128,0.44074755907058716,12,4,3,post_calibration
172,4,12,4,60,1,1,1,0.6397132277488708,0.6397132277488708,0.36028677225112915,0.6397132277488708,12,4,3,post_calibration
172,5,12,5,60,1,1,1,0.6312214136123657,0.6312214136123657,0.3687785565853119,0.6312214136123657,12,4,3,post_calibration
172,6,12,6,60,1,0,0,0.518837571144104,0.518837571144104,0.518837571144104,0.481162428855896,12,4,3,post_calibration
172,7,12,8,60,1,1,1,0.8011967539787292,0.8011967539787292,0.19880320131778717,0.8011967539787292,12,4,3,post_calibration
172,8,12,9,60,1,0,0,0.7338245511054993,0.7338245511054993,0.7338245511054993,0.26617541909217834,12,4,3,post_calibration
172,9,12,10,60,0,0,1,0.5151911973953247,0.5151911973953247,0.5151911973953247,0.4848088324069977,12,4,3,post_calibration
172,10,12,11,60,1,1,1,0.5172927975654602,0.5172927975654602,0.48270726203918457,0.5172927975654602,12,4,3,post_calibration
172,11,12,12,60,1,0,0,0.5488567352294922,0.5488567352294922,0.5488567352294922,0.4511432647705078,12,4,3,post_calibration
172,12,12,13,60,0,1,0,0.6480644941329956,0.6480644941329956,0.3519355356693268,0.6480644941329956,12,4,3,post_calibration
172,13,12,14,60,1,1,1,0.580177366733551,0.580177366733551,0.4198226034641266,0.580177366733551,12,4,3,post_calibration
172,14,12,17,60,1,1,1,0.7199931144714355,0.7199931144714355,0.28000688552856445,0.7199931144714355,12,4,3,post_calibration
173,0,12,0,60,1,1,1,0.8618346452713013,0.8618346452713013,0.13816535472869873,0.8618346452713013,12,5,3,zero_shot_paired
173,1,12,1,60,1,1,1,0.5392391681671143,0.5392391681671143,0.46076086163520813,0.5392391681671143,12,5,3,zero_shot_paired
173,2,12,2,60,1,0,0,0.5800212621688843,0.5800212621688843,0.5800212621688843,0.4199787378311157,12,5,3,zero_shot_paired
173,3,12,3,60,1,0,0,0.5714994072914124,0.5714994072914124,0.5714994072914124,0.42850053310394287,12,5,3,zero_shot_paired
173,4,12,5,60,1,1,1,0.6277426481246948,0.6277426481246948,0.37225738167762756,0.6277426481246948,12,5,3,zero_shot_paired
173,5,12,6,60,1,0,0,0.5355254411697388,0.5355254411697388,0.5355254411697388,0.46447455883026123,12,5,3,zero_shot_paired
173,6,12,7,60,1,0,0,0.6542823910713196,0.6542823910713196,0.6542823910713196,0.3457176685333252,12,5,3,zero_shot_paired
173,7,12,8,60,1,1,1,0.8008635640144348,0.8008635640144348,0.1991363763809204,0.8008635640144348,12,5,3,zero_shot_paired
173,8,12,9,60,1,0,0,0.7479512095451355,0.7479512095451355,0.7479512095451355,0.2520487606525421,12,5,3,zero_shot_paired
173,9,12,12,60,1,0,0,0.5986166000366211,0.5986166000366211,0.5986166000366211,0.4013834595680237,12,5,3,zero_shot_paired
173,10,12,13,60,0,1,0,0.6076850295066833,0.6076850295066833,0.39231500029563904,0.6076850295066833,12,5,3,zero_shot_paired
173,11,12,14,60,1,1,1,0.5438419580459595,0.5438419580459595,0.4561580717563629,0.5438419580459595,12,5,3,zero_shot_paired
173,12,12,15,60,1,1,1,0.5016708374023438,0.5016708374023438,0.49832916259765625,0.5016708374023438,12,5,3,zero_shot_paired
173,13,12,16,60,1,1,1,0.6004830598831177,0.6004830598831177,0.3995169401168823,0.6004830598831177,12,5,3,zero_shot_paired
173,14,12,17,60,1,1,1,0.6768752932548523,0.6768752932548523,0.3231247365474701,0.6768752932548523,12,5,3,zero_shot_paired
173,0,12,0,60,1,1,1,0.8628273010253906,0.8628273010253906,0.13717268407344818,0.8628273010253906,12,5,3,post_calibration
173,1,12,1,60,1,1,1,0.5425622463226318,0.5425622463226318,0.45743778347969055,0.5425622463226318,12,5,3,post_calibration
173,2,12,2,60,1,0,0,0.5795082449913025,0.5795082449913025,0.5795082449913025,0.4204917550086975,12,5,3,post_calibration
173,3,12,3,60,1,0,0,0.5682211518287659,0.5682211518287659,0.5682211518287659,0.43177884817123413,12,5,3,post_calibration
173,4,12,5,60,1,1,1,0.6280296444892883,0.6280296444892883,0.3719703257083893,0.6280296444892883,12,5,3,post_calibration
173,5,12,6,60,1,0,0,0.5355140566825867,0.5355140566825867,0.5355140566825867,0.46448591351509094,12,5,3,post_calibration
173,6,12,7,60,1,0,0,0.6514414548873901,0.6514414548873901,0.6514414548873901,0.3485585153102875,12,5,3,post_calibration
173,7,12,8,60,1,1,1,0.8032413125038147,0.8032413125038147,0.19675865769386292,0.8032413125038147,12,5,3,post_calibration
173,8,12,9,60,1,0,0,0.7559242844581604,0.7559242844581604,0.7559242844581604,0.2440757304430008,12,5,3,post_calibration
173,9,12,12,60,1,0,0,0.5942422151565552,0.5942422151565552,0.5942422151565552,0.40575775504112244,12,5,3,post_calibration
173,10,12,13,60,0,1,0,0.6140685677528381,0.6140685677528381,0.3859314024448395,0.6140685677528381,12,5,3,post_calibration
173,11,12,14,60,1,1,1,0.5490966439247131,0.5490966439247131,0.4509033262729645,0.5490966439247131,12,5,3,post_calibration
173,12,12,15,60,1,1,1,0.526354193687439,0.526354193687439,0.4736458361148834,0.526354193687439,12,5,3,post_calibration
173,13,12,16,60,1,1,1,0.6141970157623291,0.6141970157623291,0.3858030438423157,0.6141970157623291,12,5,3,post_calibration
173,14,12,17,60,1,1,1,0.6833401918411255,0.6833401918411255,0.31665974855422974,0.6833401918411255,12,5,3,post_calibration
174,0,12,0,60,1,1,1,0.8618346452713013,0.8618346452713013,0.13816535472869873,0.8618346452713013,12,6,3,zero_shot_paired
174,1,12,1,60,1,1,1,0.5392391681671143,0.5392391681671143,0.46076086163520813,0.5392391681671143,12,6,3,zero_shot_paired
174,2,12,2,60,1,0,0,0.5800212621688843,0.5800212621688843,0.5800212621688843,0.4199787378311157,12,6,3,zero_shot_paired
174,3,12,3,60,1,0,0,0.5714994072914124,0.5714994072914124,0.5714994072914124,0.42850053310394287,12,6,3,zero_shot_paired
174,4,12,4,60,1,1,1,0.6390886902809143,0.6390886902809143,0.3609112501144409,0.6390886902809143,12,6,3,zero_shot_paired
174,5,12,7,60,1,0,0,0.6542823910713196,0.6542823910713196,0.6542823910713196,0.3457176685333252,12,6,3,zero_shot_paired
174,6,12,8,60,1,1,1,0.8008635640144348,0.8008635640144348,0.1991363763809204,0.8008635640144348,12,6,3,zero_shot_paired
174,7,12,9,60,1,0,0,0.7479512095451355,0.7479512095451355,0.7479512095451355,0.2520487606525421,12,6,3,zero_shot_paired
174,8,12,10,60,0,0,1,0.5567912459373474,0.5567912459373474,0.5567912459373474,0.443208783864975,12,6,3,zero_shot_paired
174,9,12,11,60,1,0,0,0.5432248711585999,0.5432248711585999,0.5432248711585999,0.45677506923675537,12,6,3,zero_shot_paired
174,10,12,13,60,0,1,0,0.6076850295066833,0.6076850295066833,0.39231500029563904,0.6076850295066833,12,6,3,zero_shot_paired
174,11,12,14,60,1,1,1,0.5438419580459595,0.5438419580459595,0.4561580717563629,0.5438419580459595,12,6,3,zero_shot_paired
174,12,12,15,60,1,1,1,0.5016708374023438,0.5016708374023438,0.49832916259765625,0.5016708374023438,12,6,3,zero_shot_paired
174,13,12,16,60,1,1,1,0.6004830598831177,0.6004830598831177,0.3995169401168823,0.6004830598831177,12,6,3,zero_shot_paired
174,14,12,17,60,1,1,1,0.6768752932548523,0.6768752932548523,0.3231247365474701,0.6768752932548523,12,6,3,zero_shot_paired
174,0,12,0,60,1,1,1,0.8699400424957275,0.8699400424957275,0.13005995750427246,0.8699400424957275,12,6,3,post_calibration
174,1,12,1,60,1,1,1,0.5536410808563232,0.5536410808563232,0.44635894894599915,0.5536410808563232,12,6,3,post_calibration
174,2,12,2,60,1,0,0,0.5590944886207581,0.5590944886207581,0.5590944886207581,0.44090554118156433,12,6,3,post_calibration
174,3,12,3,60,1,0,0,0.5606191158294678,0.5606191158294678,0.5606191158294678,0.43938082456588745,12,6,3,post_calibration
174,4,12,4,60,1,1,1,0.6532997488975525,0.6532997488975525,0.3467002511024475,0.6532997488975525,12,6,3,post_calibration
174,5,12,7,60,1,0,0,0.6470267176628113,0.6470267176628113,0.6470267176628113,0.3529733121395111,12,6,3,post_calibration
174,6,12,8,60,1,1,1,0.8089460730552673,0.8089460730552673,0.19105398654937744,0.8089460730552673,12,6,3,post_calibration
174,7,12,9,60,1,0,0,0.7391018867492676,0.7391018867492676,0.7391018867492676,0.2608981728553772,12,6,3,post_calibration
174,8,12,10,60,0,0,1,0.5313290953636169,0.5313290953636169,0.5313290953636169,0.46867093443870544,12,6,3,post_calibration
174,9,12,11,60,1,0,0,0.5198298692703247,0.5198298692703247,0.5198298692703247,0.4801701605319977,12,6,3,post_calibration
174,10,12,13,60,0,1,0,0.6247479319572449,0.6247479319572449,0.3752520680427551,0.6247479319572449,12,6,3,post_calibration
174,11,12,14,60,1,1,1,0.5639615058898926,0.5639615058898926,0.43603846430778503,0.5639615058898926,12,6,3,post_calibration
174,12,12,15,60,1,1,1,0.5255172252655029,0.5255172252655029,0.47448277473449707,0.5255172252655029,12,6,3,post_calibration
174,13,12,16,60,1,1,1,0.6194173693656921,0.6194173693656921,0.38058266043663025,0.6194173693656921,12,6,3,post_calibration
174,14,12,17,60,1,1,1,0.6961148977279663,0.6961148977279663,0.3038851320743561,0.6961148977279663,12,6,3,post_calibration
175,0,12,2,60,1,0,0,0.5800212621688843,0.5800212621688843,0.5800212621688843,0.4199787378311157,12,1,6,zero_shot_paired
175,1,12,3,60,1,0,0,0.5714994072914124,0.5714994072914124,0.5714994072914124,0.42850053310394287,12,1,6,zero_shot_paired
175,2,12,5,60,1,1,1,0.6277426481246948,0.6277426481246948,0.37225738167762756,0.6277426481246948,12,1,6,zero_shot_paired
175,3,12,6,60,1,0,0,0.5355254411697388,0.5355254411697388,0.5355254411697388,0.46447455883026123,12,1,6,zero_shot_paired
175,4,12,7,60,1,0,0,0.6542823910713196,0.6542823910713196,0.6542823910713196,0.3457176685333252,12,1,6,zero_shot_paired
175,5,12,8,60,1,1,1,0.8008635640144348,0.8008635640144348,0.1991363763809204,0.8008635640144348,12,1,6,zero_shot_paired
175,6,12,10,60,0,0,1,0.5567912459373474,0.5567912459373474,0.5567912459373474,0.443208783864975,12,1,6,zero_shot_paired
175,7,12,12,60,1,0,0,0.5986166000366211,0.5986166000366211,0.5986166000366211,0.4013834595680237,12,1,6,zero_shot_paired
175,8,12,14,60,1,1,1,0.5438419580459595,0.5438419580459595,0.4561580717563629,0.5438419580459595,12,1,6,zero_shot_paired
175,9,12,15,60,1,1,1,0.5016708374023438,0.5016708374023438,0.49832916259765625,0.5016708374023438,12,1,6,zero_shot_paired
175,10,12,16,60,1,1,1,0.6004830598831177,0.6004830598831177,0.3995169401168823,0.6004830598831177,12,1,6,zero_shot_paired
175,11,12,17,60,1,1,1,0.6768752932548523,0.6768752932548523,0.3231247365474701,0.6768752932548523,12,1,6,zero_shot_paired
175,0,12,2,60,1,0,0,0.5687601566314697,0.5687601566314697,0.5687601566314697,0.4312398433685303,12,1,6,post_calibration
175,1,12,3,60,1,0,0,0.5620882511138916,0.5620882511138916,0.5620882511138916,0.4379117488861084,12,1,6,post_calibration
175,2,12,5,60,1,1,1,0.6473559737205505,0.6473559737205505,0.35264405608177185,0.6473559737205505,12,1,6,post_calibration
175,3,12,6,60,1,0,0,0.5445194840431213,0.5445194840431213,0.5445194840431213,0.45548054575920105,12,1,6,post_calibration
175,4,12,7,60,1,0,0,0.6620782613754272,0.6620782613754272,0.6620782613754272,0.33792176842689514,12,1,6,post_calibration
175,5,12,8,60,1,1,1,0.8118345737457275,0.8118345737457275,0.18816544115543365,0.8118345737457275,12,1,6,post_calibration
175,6,12,10,60,0,0,1,0.55997633934021,0.55997633934021,0.55997633934021,0.44002366065979004,12,1,6,post_calibration
175,7,12,12,60,1,0,0,0.5768176317214966,0.5768176317214966,0.5768176317214966,0.4231823682785034,12,1,6,post_calibration
175,8,12,14,60,1,1,1,0.5315760374069214,0.5315760374069214,0.4684239327907562,0.5315760374069214,12,1,6,post_calibration
175,9,12,15,60,1,1,1,0.5072627067565918,0.5072627067565918,0.4927373230457306,0.5072627067565918,12,1,6,post_calibration
175,10,12,16,60,1,1,1,0.5897347927093506,0.5897347927093506,0.410265177488327,0.5897347927093506,12,1,6,post_calibration
175,11,12,17,60,1,1,1,0.6815281510353088,0.6815281510353088,0.31847190856933594,0.6815281510353088,12,1,6,post_calibration
176,0,12,0,60,1,1,1,0.8618346452713013,0.8618346452713013,0.13816535472869873,0.8618346452713013,12,2,6,zero_shot_paired
176,1,12,1,60,1,1,1,0.5392391681671143,0.5392391681671143,0.46076086163520813,0.5392391681671143,12,2,6,zero_shot_paired
176,2,12,2,60,1,0,0,0.5800212621688843,0.5800212621688843,0.5800212621688843,0.4199787378311157,12,2,6,zero_shot_paired
176,3,12,3,60,1,0,0,0.5714994072914124,0.5714994072914124,0.5714994072914124,0.42850053310394287,12,2,6,zero_shot_paired
176,4,12,4,60,1,1,1,0.6390886902809143,0.6390886902809143,0.3609112501144409,0.6390886902809143,12,2,6,zero_shot_paired
176,5,12,7,60,1,0,0,0.6542823910713196,0.6542823910713196,0.6542823910713196,0.3457176685333252,12,2,6,zero_shot_paired
176,6,12,8,60,1,1,1,0.8008635640144348,0.8008635640144348,0.1991363763809204,0.8008635640144348,12,2,6,zero_shot_paired
176,7,12,9,60,1,0,0,0.7479512095451355,0.7479512095451355,0.7479512095451355,0.2520487606525421,12,2,6,zero_shot_paired
176,8,12,10,60,0,0,1,0.5567912459373474,0.5567912459373474,0.5567912459373474,0.443208783864975,12,2,6,zero_shot_paired
176,9,12,11,60,1,0,0,0.5432248711585999,0.5432248711585999,0.5432248711585999,0.45677506923675537,12,2,6,zero_shot_paired
176,10,12,13,60,0,1,0,0.6076850295066833,0.6076850295066833,0.39231500029563904,0.6076850295066833,12,2,6,zero_shot_paired
176,11,12,15,60,1,1,1,0.5016708374023438,0.5016708374023438,0.49832916259765625,0.5016708374023438,12,2,6,zero_shot_paired
176,0,12,0,60,1,1,1,0.8637619614601135,0.8637619614601135,0.13623806834220886,0.8637619614601135,12,2,6,post_calibration
176,1,12,1,60,1,1,1,0.5550452470779419,0.5550452470779419,0.4449547529220581,0.5550452470779419,12,2,6,post_calibration
176,2,12,2,60,1,0,0,0.5546005368232727,0.5546005368232727,0.5546005368232727,0.44539952278137207,12,2,6,post_calibration
176,3,12,3,60,1,0,0,0.5508867502212524,0.5508867502212524,0.5508867502212524,0.44911321997642517,12,2,6,post_calibration
176,4,12,4,60,1,1,1,0.6478225588798523,0.6478225588798523,0.3521774113178253,0.6478225588798523,12,2,6,post_calibration
176,5,12,7,60,1,0,0,0.6404953002929688,0.6404953002929688,0.6404953002929688,0.35950466990470886,12,2,6,post_calibration
176,6,12,8,60,1,1,1,0.8093254566192627,0.8093254566192627,0.1906745582818985,0.8093254566192627,12,2,6,post_calibration
176,7,12,9,60,1,0,0,0.7185511589050293,0.7185511589050293,0.7185511589050293,0.2814488410949707,12,2,6,post_calibration
176,8,12,10,60,0,1,0,0.5403156280517578,0.5403156280517578,0.4596843421459198,0.5403156280517578,12,2,6,post_calibration
176,9,12,11,60,1,1,1,0.5515491962432861,0.5515491962432861,0.44845080375671387,0.5515491962432861,12,2,6,post_calibration
176,10,12,13,60,0,1,0,0.6737403273582458,0.6737403273582458,0.32625970244407654,0.6737403273582458,12,2,6,post_calibration
176,11,12,15,60,1,1,1,0.5742586255073547,0.5742586255073547,0.42574137449264526,0.5742586255073547,12,2,6,post_calibration
177,0,12,0,60,1,1,1,0.8618346452713013,0.8618346452713013,0.13816535472869873,0.8618346452713013,12,3,6,zero_shot_paired
177,1,12,1,60,1,1,1,0.5392391681671143,0.5392391681671143,0.46076086163520813,0.5392391681671143,12,3,6,zero_shot_paired
177,2,12,4,60,1,1,1,0.6390886902809143,0.6390886902809143,0.3609112501144409,0.6390886902809143,12,3,6,zero_shot_paired
177,3,12,5,60,1,1,1,0.6277426481246948,0.6277426481246948,0.37225738167762756,0.6277426481246948,12,3,6,zero_shot_paired
177,4,12,6,60,1,0,0,0.5355254411697388,0.5355254411697388,0.5355254411697388,0.46447455883026123,12,3,6,zero_shot_paired
177,5,12,9,60,1,0,0,0.7479512095451355,0.7479512095451355,0.7479512095451355,0.2520487606525421,12,3,6,zero_shot_paired
177,6,12,11,60,1,0,0,0.5432248711585999,0.5432248711585999,0.5432248711585999,0.45677506923675537,12,3,6,zero_shot_paired
177,7,12,12,60,1,0,0,0.5986166000366211,0.5986166000366211,0.5986166000366211,0.4013834595680237,12,3,6,zero_shot_paired
177,8,12,13,60,0,1,0,0.6076850295066833,0.6076850295066833,0.39231500029563904,0.6076850295066833,12,3,6,zero_shot_paired
177,9,12,14,60,1,1,1,0.5438419580459595,0.5438419580459595,0.4561580717563629,0.5438419580459595,12,3,6,zero_shot_paired
177,10,12,16,60,1,1,1,0.6004830598831177,0.6004830598831177,0.3995169401168823,0.6004830598831177,12,3,6,zero_shot_paired
177,11,12,17,60,1,1,1,0.6768752932548523,0.6768752932548523,0.3231247365474701,0.6768752932548523,12,3,6,zero_shot_paired
177,0,12,0,60,1,1,1,0.8623725175857544,0.8623725175857544,0.137627512216568,0.8623725175857544,12,3,6,post_calibration
177,1,12,1,60,1,1,1,0.5454692244529724,0.5454692244529724,0.4545307755470276,0.5454692244529724,12,3,6,post_calibration
177,2,12,4,60,1,1,1,0.6505695581436157,0.6505695581436157,0.3494303822517395,0.6505695581436157,12,3,6,post_calibration
177,3,12,5,60,1,1,1,0.6358745098114014,0.6358745098114014,0.36412549018859863,0.6358745098114014,12,3,6,post_calibration
177,4,12,6,60,1,0,0,0.5229445099830627,0.5229445099830627,0.5229445099830627,0.47705549001693726,12,3,6,post_calibration
177,5,12,9,60,1,0,0,0.7451362013816833,0.7451362013816833,0.7451362013816833,0.25486379861831665,12,3,6,post_calibration
177,6,12,11,60,1,0,0,0.5288946032524109,0.5288946032524109,0.5288946032524109,0.4711053669452667,12,3,6,post_calibration
177,7,12,12,60,1,0,0,0.5990453958511353,0.5990453958511353,0.5990453958511353,0.40095457434654236,12,3,6,post_calibration
177,8,12,13,60,0,1,0,0.6230794787406921,0.6230794787406921,0.37692052125930786,0.6230794787406921,12,3,6,post_calibration
177,9,12,14,60,1,1,1,0.5318875908851624,0.5318875908851624,0.46811240911483765,0.5318875908851624,12,3,6,post_calibration
177,10,12,16,60,1,1,1,0.5993569493293762,0.5993569493293762,0.40064311027526855,0.5993569493293762,12,3,6,post_calibration
177,11,12,17,60,1,1,1,0.6887596249580383,0.6887596249580383,0.31124037504196167,0.6887596249580383,12,3,6,post_calibration
178,0,12,2,60,1,0,0,0.5800157189369202,0.5800157189369202,0.5800157189369202,0.41998428106307983,12,1,9,zero_shot_paired
178,1,12,3,60,1,0,0,0.5714864134788513,0.5714864134788513,0.5714864134788513,0.42851361632347107,12,1,9,zero_shot_paired
178,2,12,4,60,1,1,1,0.639092206954956,0.639092206954956,0.36090776324272156,0.639092206954956,12,1,9,zero_shot_paired
178,3,12,5,60,1,1,1,0.6277444362640381,0.6277444362640381,0.3722555935382843,0.6277444362640381,12,1,9,zero_shot_paired
178,4,12,6,60,1,0,0,0.5355330109596252,0.5355330109596252,0.5355330109596252,0.46446698904037476,12,1,9,zero_shot_paired
178,5,12,8,60,1,1,1,0.8008502125740051,0.8008502125740051,0.19914975762367249,0.8008502125740051,12,1,9,zero_shot_paired
178,6,12,11,60,1,0,0,0.5432248711585999,0.5432248711585999,0.5432248711585999,0.45677506923675537,12,1,9,zero_shot_paired
178,7,12,13,60,0,1,0,0.6076741218566895,0.6076741218566895,0.3923259377479553,0.6076741218566895,12,1,9,zero_shot_paired
178,8,12,17,60,1,1,1,0.6768685579299927,0.6768685579299927,0.32313141226768494,0.6768685579299927,12,1,9,zero_shot_paired
178,0,12,2,60,1,0,0,0.5462484359741211,0.5462484359741211,0.5462484359741211,0.4537515640258789,12,1,9,post_calibration
178,1,12,3,60,1,0,0,0.5419315695762634,0.5419315695762634,0.5419315695762634,0.4580683708190918,12,1,9,post_calibration
178,2,12,4,60,1,1,1,0.6482437252998352,0.6482437252998352,0.3517563045024872,0.6482437252998352,12,1,9,post_calibration
178,3,12,5,60,1,1,1,0.6368155479431152,0.6368155479431152,0.3631844222545624,0.6368155479431152,12,1,9,post_calibration
178,4,12,6,60,1,0,0,0.5124791264533997,0.5124791264533997,0.5124791264533997,0.48752090334892273,12,1,9,post_calibration
178,5,12,8,60,1,1,1,0.8089931607246399,0.8089931607246399,0.19100679457187653,0.8089931607246399,12,1,9,post_calibration
178,6,12,11,60,1,1,1,0.5314582586288452,0.5314582586288452,0.4685417413711548,0.5314582586288452,12,1,9,post_calibration
178,7,12,13,60,0,1,0,0.664140522480011,0.664140522480011,0.335859477519989,0.664140522480011,12,1,9,post_calibration
178,8,12,17,60,1,1,1,0.7362154126167297,0.7362154126167297,0.2637845575809479,0.7362154126167297,12,1,9,post_calibration
179,0,12,0,60,1,1,1,0.8618327975273132,0.8618327975273132,0.13816718757152557,0.8618327975273132,12,2,9,zero_shot_paired
179,1,12,1,60,1,1,1,0.5392372608184814,0.5392372608184814,0.46076276898384094,0.5392372608184814,12,2,9,zero_shot_paired
179,2,12,7,60,1,0,0,0.6542789340019226,0.6542789340019226,0.6542789340019226,0.3457210958003998,12,2,9,zero_shot_paired
179,3,12,9,60,1,0,0,0.7479454874992371,0.7479454874992371,0.7479454874992371,0.25205451250076294,12,2,9,zero_shot_paired
179,4,12,10,60,0,0,1,0.5567855834960938,0.5567855834960938,0.5567855834960938,0.44321441650390625,12,2,9,zero_shot_paired
179,5,12,12,60,1,0,0,0.598609209060669,0.598609209060669,0.598609209060669,0.40139082074165344,12,2,9,zero_shot_paired
179,6,12,14,60,1,1,1,0.5438400506973267,0.5438400506973267,0.45615994930267334,0.5438400506973267,12,2,9,zero_shot_paired
179,7,12,15,60,1,1,1,0.5016727447509766,0.5016727447509766,0.49832725524902344,0.5016727447509766,12,2,9,zero_shot_paired
179,8,12,16,60,1,1,1,0.6004812717437744,0.6004812717437744,0.399518758058548,0.6004812717437744,12,2,9,zero_shot_paired
179,0,12,0,60,1,1,1,0.872641921043396,0.872641921043396,0.1273581087589264,0.872641921043396,12,2,9,post_calibration
179,1,12,1,60,1,1,1,0.5605834722518921,0.5605834722518921,0.4394165575504303,0.5605834722518921,12,2,9,post_calibration
179,2,12,7,60,1,0,0,0.6412135362625122,0.6412135362625122,0.6412135362625122,0.35878652334213257,12,2,9,post_calibration
179,3,12,9,60,1,0,0,0.7340957522392273,0.7340957522392273,0.7340957522392273,0.2659042775630951,12,2,9,post_calibration
179,4,12,10,60,0,0,1,0.5298792123794556,0.5298792123794556,0.5298792123794556,0.47012078762054443,12,2,9,post_calibration
179,5,12,12,60,1,0,0,0.5575686693191528,0.5575686693191528,0.5575686693191528,0.44243133068084717,12,2,9,post_calibration
179,6,12,14,60,1,1,1,0.561428964138031,0.561428964138031,0.4385710060596466,0.561428964138031,12,2,9,post_calibration
179,7,12,15,60,1,1,1,0.5361725091934204,0.5361725091934204,0.4638274908065796,0.5361725091934204,12,2,9,post_calibration
179,8,12,16,60,1,1,1,0.6207563281059265,0.6207563281059265,0.3792436718940735,0.6207563281059265,12,2,9,post_calibration
180,0,12,4,60,1,1,1,0.6390447020530701,0.6390447020530701,0.36095526814460754,0.6390447020530701,12,1,12,zero_shot_paired
180,1,12,12,60,1,0,0,0.5986642241477966,0.5986642241477966,0.5986642241477966,0.40133580565452576,12,1,12,zero_shot_paired
180,2,12,13,60,0,1,0,0.6076667904853821,0.6076667904853821,0.3923332095146179,0.6076667904853821,12,1,12,zero_shot_paired
180,3,12,14,60,1,1,1,0.543919563293457,0.543919563293457,0.4560804069042206,0.543919563293457,12,1,12,zero_shot_paired
180,4,12,15,60,1,1,1,0.501495361328125,0.501495361328125,0.498504638671875,0.501495361328125,12,1,12,zero_shot_paired
180,5,12,16,60,1,1,1,0.6005398035049438,0.6005398035049438,0.39946019649505615,0.6005398035049438,12,1,12,zero_shot_paired
180,0,12,4,60,1,1,1,0.6442145705223083,0.6442145705223083,0.3557853698730469,0.6442145705223083,12,1,12,post_calibration
180,1,12,12,60,1,0,0,0.544888436794281,0.544888436794281,0.544888436794281,0.455111563205719,12,1,12,post_calibration
180,2,12,13,60,0,1,0,0.6511538624763489,0.6511538624763489,0.3488461375236511,0.6511538624763489,12,1,12,post_calibration
180,3,12,14,60,1,1,1,0.5818730592727661,0.5818730592727661,0.4181269407272339,0.5818730592727661,12,1,12,post_calibration
180,4,12,15,60,1,1,1,0.5442639589309692,0.5442639589309692,0.455735981464386,0.5442639589309692,12,1,12,post_calibration
180,5,12,16,60,1,1,1,0.6396270990371704,0.6396270990371704,0.36037296056747437,0.6396270990371704,12,1,12,post_calibration
181,0,12,4,60,1,1,1,0.6390447020530701,0.6390447020530701,0.36095526814460754,0.6390447020530701,12,2,12,zero_shot_paired
181,1,12,6,60,1,0,0,0.5354951024055481,0.5354951024055481,0.5354951024055481,0.4645049273967743,12,2,12,zero_shot_paired
181,2,12,10,60,0,0,1,0.5567705035209656,0.5567705035209656,0.5567705035209656,0.4432294964790344,12,2,12,zero_shot_paired
181,3,12,14,60,1,1,1,0.543919563293457,0.543919563293457,0.4560804069042206,0.543919563293457,12,2,12,zero_shot_paired
181,4,12,15,60,1,1,1,0.501495361328125,0.501495361328125,0.498504638671875,0.501495361328125,12,2,12,zero_shot_paired
181,5,12,17,60,1,1,1,0.6768636107444763,0.6768636107444763,0.32313644886016846,0.6768636107444763,12,2,12,zero_shot_paired
181,0,12,4,60,1,1,1,0.6460537910461426,0.6460537910461426,0.35394617915153503,0.6460537910461426,12,2,12,post_calibration
181,1,12,6,60,1,0,0,0.5138514041900635,0.5138514041900635,0.5138514041900635,0.48614853620529175,12,2,12,post_calibration
181,2,12,10,60,0,0,1,0.5028552412986755,0.5028552412986755,0.5028552412986755,0.4971447288990021,12,2,12,post_calibration
181,3,12,14,60,1,1,1,0.586372971534729,0.586372971534729,0.413627028465271,0.586372971534729,12,2,12,post_calibration
181,4,12,15,60,1,1,1,0.5359315276145935,0.5359315276145935,0.4640684425830841,0.5359315276145935,12,2,12,post_calibration
181,5,12,17,60,1,1,1,0.717540979385376,0.717540979385376,0.28245899081230164,0.717540979385376,12,2,12,post_calibration
182,0,12,7,60,1,0,0,0.6542253494262695,0.6542253494262695,0.6542253494262695,0.3457746207714081,12,3,12,zero_shot_paired
182,1,12,9,60,1,0,0,0.7478346824645996,0.7478346824645996,0.7478346824645996,0.252165287733078,12,3,12,zero_shot_paired
182,2,12,10,60,0,0,1,0.5567705035209656,0.5567705035209656,0.5567705035209656,0.4432294964790344,12,3,12,zero_shot_paired
182,3,12,11,60,1,0,0,0.5433838963508606,0.5433838963508606,0.5433838963508606,0.4566161036491394,12,3,12,zero_shot_paired
182,4,12,12,60,1,0,0,0.5986642241477966,0.5986642241477966,0.5986642241477966,0.40133580565452576,12,3,12,zero_shot_paired
182,5,12,15,60,1,1,1,0.501495361328125,0.501495361328125,0.498504638671875,0.501495361328125,12,3,12,zero_shot_paired
182,0,12,7,60,1,0,0,0.6457763910293579,0.6457763910293579,0.6457763910293579,0.3542236387729645,12,3,12,post_calibration
182,1,12,9,60,1,0,0,0.7381739616394043,0.7381739616394043,0.7381739616394043,0.2618260383605957,12,3,12,post_calibration
182,2,12,10,60,0,0,1,0.5181328654289246,0.5181328654289246,0.5181328654289246,0.4818671643733978,12,3,12,post_calibration
182,3,12,11,60,1,0,0,0.5045355558395386,0.5045355558395386,0.5045355558395386,0.4954644441604614,12,3,12,post_calibration
182,4,12,12,60,1,0,0,0.542812168598175,0.542812168598175,0.542812168598175,0.45718783140182495,12,3,12,post_calibration
182,5,12,15,60,1,1,1,0.5381811857223511,0.5381811857223511,0.4618188142776489,0.5381811857223511,12,3,12,post_calibration
14,0,13,0,60,0,1,0,0.7088380455970764,0.7088380455970764,0.2911619246006012,0.7088380455970764,13,,,zero_shot_all_trials
14,1,13,1,60,0,0,1,0.6355069875717163,0.6355069875717163,0.6355069875717163,0.3644929826259613,13,,,zero_shot_all_trials
14,2,13,2,60,1,1,1,0.5503279566764832,0.5503279566764832,0.44967207312583923,0.5503279566764832,13,,,zero_shot_all_trials
14,3,13,3,60,1,1,1,0.6090555787086487,0.6090555787086487,0.3909444510936737,0.6090555787086487,13,,,zero_shot_all_trials
14,4,13,4,60,1,1,1,0.679624080657959,0.679624080657959,0.3203759491443634,0.679624080657959,13,,,zero_shot_all_trials
14,5,13,5,60,1,0,0,0.5522775053977966,0.5522775053977966,0.5522775053977966,0.44772249460220337,13,,,zero_shot_all_trials
14,6,13,6,60,1,1,1,0.7962726354598999,0.7962726354598999,0.20372731983661652,0.7962726354598999,13,,,zero_shot_all_trials
14,7,13,7,60,1,1,1,0.7365058064460754,0.7365058064460754,0.26349425315856934,0.7365058064460754,13,,,zero_shot_all_trials
14,8,13,8,60,1,1,1,0.7560861110687256,0.7560861110687256,0.24391388893127441,0.7560861110687256,13,,,zero_shot_all_trials
14,9,13,9,60,1,1,1,0.7902737259864807,0.7902737259864807,0.2097262591123581,0.7902737259864807,13,,,zero_shot_all_trials
14,10,13,10,60,0,0,1,0.8021853566169739,0.8021853566169739,0.8021853566169739,0.19781465828418732,13,,,zero_shot_all_trials
14,11,13,11,60,0,1,0,0.7043079137802124,0.7043079137802124,0.2956920564174652,0.7043079137802124,13,,,zero_shot_all_trials
14,12,13,12,60,1,1,1,0.8186972141265869,0.8186972141265869,0.18130284547805786,0.8186972141265869,13,,,zero_shot_all_trials
14,13,13,13,60,0,0,1,0.5045431852340698,0.5045431852340698,0.5045431852340698,0.4954568147659302,13,,,zero_shot_all_trials
14,14,13,14,60,0,0,1,0.5292995572090149,0.5292995572090149,0.5292995572090149,0.4707005023956299,13,,,zero_shot_all_trials
14,15,13,15,60,0,0,1,0.6275518536567688,0.6275518536567688,0.6275518536567688,0.3724481463432312,13,,,zero_shot_all_trials
14,16,13,16,60,0,0,1,0.574784517288208,0.574784517288208,0.574784517288208,0.425215482711792,13,,,zero_shot_all_trials
14,17,13,17,60,1,0,0,0.517210841178894,0.517210841178894,0.517210841178894,0.48278915882110596,13,,,zero_shot_all_trials
183,0,13,0,60,0,1,0,0.7088428139686584,0.7088428139686584,0.29115718603134155,0.7088428139686584,13,1,3,zero_shot_paired
183,1,13,1,60,0,0,1,0.6355122923851013,0.6355122923851013,0.6355122923851013,0.3644877076148987,13,1,3,zero_shot_paired
183,2,13,2,60,1,1,1,0.5503222942352295,0.5503222942352295,0.4496777057647705,0.5503222942352295,13,1,3,zero_shot_paired
183,3,13,4,60,1,1,1,0.6796224117279053,0.6796224117279053,0.3203775882720947,0.6796224117279053,13,1,3,zero_shot_paired
183,4,13,5,60,1,0,0,0.552271842956543,0.552271842956543,0.552271842956543,0.44772815704345703,13,1,3,zero_shot_paired
183,5,13,6,60,1,1,1,0.796273946762085,0.796273946762085,0.20372609794139862,0.796273946762085,13,1,3,zero_shot_paired
183,6,13,8,60,1,1,1,0.7560889720916748,0.7560889720916748,0.24391107261180878,0.7560889720916748,13,1,3,zero_shot_paired
183,7,13,9,60,1,1,1,0.7902712225914001,0.7902712225914001,0.20972879230976105,0.7902712225914001,13,1,3,zero_shot_paired
183,8,13,11,60,0,1,0,0.7043047547340393,0.7043047547340393,0.2956952750682831,0.7043047547340393,13,1,3,zero_shot_paired
183,9,13,12,60,1,1,1,0.8187016844749451,0.8187016844749451,0.18129831552505493,0.8187016844749451,13,1,3,zero_shot_paired
183,10,13,13,60,0,0,1,0.504541277885437,0.504541277885437,0.504541277885437,0.4954586923122406,13,1,3,zero_shot_paired
183,11,13,14,60,0,0,1,0.5292842984199524,0.5292842984199524,0.5292842984199524,0.4707157015800476,13,1,3,zero_shot_paired
183,12,13,15,60,0,0,1,0.6275554299354553,0.6275554299354553,0.6275554299354553,0.3724445700645447,13,1,3,zero_shot_paired
183,13,13,16,60,0,0,1,0.5747882723808289,0.5747882723808289,0.5747882723808289,0.42521169781684875,13,1,3,zero_shot_paired
183,14,13,17,60,1,0,0,0.5172127485275269,0.5172127485275269,0.5172127485275269,0.48278728127479553,13,1,3,zero_shot_paired
183,0,13,0,60,0,1,0,0.7099798917770386,0.7099798917770386,0.29002004861831665,0.7099798917770386,13,1,3,post_calibration
183,1,13,1,60,0,0,1,0.6454115509986877,0.6454115509986877,0.6454115509986877,0.35458847880363464,13,1,3,post_calibration
183,2,13,2,60,1,1,1,0.5257379412651062,0.5257379412651062,0.4742621183395386,0.5257379412651062,13,1,3,post_calibration
183,3,13,4,60,1,1,1,0.6764144897460938,0.6764144897460938,0.32358548045158386,0.6764144897460938,13,1,3,post_calibration
183,4,13,5,60,1,0,0,0.5727059841156006,0.5727059841156006,0.5727059841156006,0.4272940158843994,13,1,3,post_calibration
183,5,13,6,60,1,1,1,0.7936587333679199,0.7936587333679199,0.20634126663208008,0.7936587333679199,13,1,3,post_calibration
183,6,13,8,60,1,1,1,0.7544121146202087,0.7544121146202087,0.24558788537979126,0.7544121146202087,13,1,3,post_calibration
183,7,13,9,60,1,1,1,0.7945058345794678,0.7945058345794678,0.20549418032169342,0.7945058345794678,13,1,3,post_calibration
183,8,13,11,60,0,1,0,0.7026575803756714,0.7026575803756714,0.2973424196243286,0.7026575803756714,13,1,3,post_calibration
183,9,13,12,60,1,1,1,0.8240397572517395,0.8240397572517395,0.1759602576494217,0.8240397572517395,13,1,3,post_calibration
183,10,13,13,60,0,0,1,0.5045069456100464,0.5045069456100464,0.5045069456100464,0.4954930543899536,13,1,3,post_calibration
183,11,13,14,60,0,0,1,0.5300350189208984,0.5300350189208984,0.5300350189208984,0.4699649214744568,13,1,3,post_calibration
183,12,13,15,60,0,0,1,0.6420643329620361,0.6420643329620361,0.6420643329620361,0.3579356372356415,13,1,3,post_calibration
183,13,13,16,60,0,0,1,0.5809706449508667,0.5809706449508667,0.5809706449508667,0.4190293550491333,13,1,3,post_calibration
183,14,13,17,60,1,0,0,0.5170508027076721,0.5170508027076721,0.5170508027076721,0.4829491972923279,13,1,3,post_calibration
184,0,13,1,60,0,0,1,0.6355087757110596,0.6355087757110596,0.6355087757110596,0.3644912540912628,13,2,3,zero_shot_paired
184,1,13,3,60,1,1,1,0.6090500950813293,0.6090500950813293,0.3909498453140259,0.6090500950813293,13,2,3,zero_shot_paired
184,2,13,4,60,1,1,1,0.6796273589134216,0.6796273589134216,0.320372611284256,0.6796273589134216,13,2,3,zero_shot_paired
184,3,13,5,60,1,0,0,0.5522775053977966,0.5522775053977966,0.5522775053977966,0.44772249460220337,13,2,3,zero_shot_paired
184,4,13,6,60,1,1,1,0.7962714433670044,0.7962714433670044,0.2037285715341568,0.7962714433670044,13,2,3,zero_shot_paired
184,5,13,7,60,1,1,1,0.7365028262138367,0.7365028262138367,0.2634972333908081,0.7365028262138367,13,2,3,zero_shot_paired
184,6,13,9,60,1,1,1,0.7902775406837463,0.7902775406837463,0.20972245931625366,0.7902775406837463,13,2,3,zero_shot_paired
184,7,13,10,60,0,0,1,0.802193820476532,0.802193820476532,0.802193820476532,0.19780617952346802,13,2,3,zero_shot_paired
184,8,13,11,60,0,1,0,0.7043190598487854,0.7043190598487854,0.2956809401512146,0.7043190598487854,13,2,3,zero_shot_paired
184,9,13,12,60,1,1,1,0.8187028765678406,0.8187028765678406,0.1812971830368042,0.8187028765678406,13,2,3,zero_shot_paired
184,10,13,13,60,0,0,1,0.5045355558395386,0.5045355558395386,0.5045355558395386,0.4954644441604614,13,2,3,zero_shot_paired
184,11,13,14,60,0,0,1,0.5292918682098389,0.5292918682098389,0.5292918682098389,0.47070810198783875,13,2,3,zero_shot_paired
184,12,13,15,60,0,0,1,0.6275607943534851,0.6275607943534851,0.6275607943534851,0.3724392354488373,13,2,3,zero_shot_paired
184,13,13,16,60,0,0,1,0.574793815612793,0.574793815612793,0.574793815612793,0.42520612478256226,13,2,3,zero_shot_paired
184,14,13,17,60,1,0,0,0.5172127485275269,0.5172127485275269,0.5172127485275269,0.48278728127479553,13,2,3,zero_shot_paired
184,0,13,1,60,0,0,1,0.6301516890525818,0.6301516890525818,0.6301516890525818,0.369848370552063,13,2,3,post_calibration
184,1,13,3,60,1,1,1,0.6055147647857666,0.6055147647857666,0.394485205411911,0.6055147647857666,13,2,3,post_calibration
184,2,13,4,60,1,1,1,0.6818426847457886,0.6818426847457886,0.3181573748588562,0.6818426847457886,13,2,3,post_calibration
184,3,13,5,60,1,0,0,0.5458229184150696,0.5458229184150696,0.5458229184150696,0.4541770815849304,13,2,3,post_calibration
184,4,13,6,60,1,1,1,0.8084621429443359,0.8084621429443359,0.19153788685798645,0.8084621429443359,13,2,3,post_calibration
184,5,13,7,60,1,1,1,0.7332847714424133,0.7332847714424133,0.26671522855758667,0.7332847714424133,13,2,3,post_calibration
184,6,13,9,60,1,1,1,0.7947311997413635,0.7947311997413635,0.20526881515979767,0.7947311997413635,13,2,3,post_calibration
184,7,13,10,60,0,0,1,0.7820753455162048,0.7820753455162048,0.7820753455162048,0.21792466938495636,13,2,3,post_calibration
184,8,13,11,60,0,1,0,0.7091419100761414,0.7091419100761414,0.29085808992385864,0.7091419100761414,13,2,3,post_calibration
184,9,13,12,60,1,1,1,0.8154920339584351,0.8154920339584351,0.18450792133808136,0.8154920339584351,13,2,3,post_calibration
184,10,13,13,60,0,1,0,0.5048540234565735,0.5048540234565735,0.4951459467411041,0.5048540234565735,13,2,3,post_calibration
184,11,13,14,60,0,0,1,0.5241168737411499,0.5241168737411499,0.5241168737411499,0.4758831560611725,13,2,3,post_calibration
184,12,13,15,60,0,0,1,0.6178045272827148,0.6178045272827148,0.6178045272827148,0.38219550251960754,13,2,3,post_calibration
184,13,13,16,60,0,0,1,0.5749430060386658,0.5749430060386658,0.5749430060386658,0.42505696415901184,13,2,3,post_calibration
184,14,13,17,60,1,0,0,0.5144155621528625,0.5144155621528625,0.5144155621528625,0.48558443784713745,13,2,3,post_calibration
185,0,13,0,60,0,1,0,0.7088364958763123,0.7088364958763123,0.29116350412368774,0.7088364958763123,13,3,3,zero_shot_paired
185,1,13,1,60,0,0,1,0.6355087757110596,0.6355087757110596,0.6355087757110596,0.3644912540912628,13,3,3,zero_shot_paired
185,2,13,2,60,1,1,1,0.5503242015838623,0.5503242015838623,0.4496758282184601,0.5503242015838623,13,3,3,zero_shot_paired
185,3,13,3,60,1,1,1,0.6090500950813293,0.6090500950813293,0.3909498453140259,0.6090500950813293,13,3,3,zero_shot_paired
185,4,13,4,60,1,1,1,0.6796273589134216,0.6796273589134216,0.320372611284256,0.6796273589134216,13,3,3,zero_shot_paired
185,5,13,5,60,1,0,0,0.5522775053977966,0.5522775053977966,0.5522775053977966,0.44772249460220337,13,3,3,zero_shot_paired
185,6,13,7,60,1,1,1,0.7365028262138367,0.7365028262138367,0.2634972333908081,0.7365028262138367,13,3,3,zero_shot_paired
185,7,13,8,60,1,1,1,0.7560902833938599,0.7560902833938599,0.24390967190265656,0.7560902833938599,13,3,3,zero_shot_paired
185,8,13,9,60,1,1,1,0.7902775406837463,0.7902775406837463,0.20972245931625366,0.7902775406837463,13,3,3,zero_shot_paired
185,9,13,10,60,0,0,1,0.802193820476532,0.802193820476532,0.802193820476532,0.19780617952346802,13,3,3,zero_shot_paired
185,10,13,11,60,0,1,0,0.7043190598487854,0.7043190598487854,0.2956809401512146,0.7043190598487854,13,3,3,zero_shot_paired
185,11,13,12,60,1,1,1,0.8187028765678406,0.8187028765678406,0.1812971830368042,0.8187028765678406,13,3,3,zero_shot_paired
185,12,13,13,60,0,0,1,0.5045355558395386,0.5045355558395386,0.5045355558395386,0.4954644441604614,13,3,3,zero_shot_paired
185,13,13,15,60,0,0,1,0.6275607943534851,0.6275607943534851,0.6275607943534851,0.3724392354488373,13,3,3,zero_shot_paired
185,14,13,17,60,1,0,0,0.5172127485275269,0.5172127485275269,0.5172127485275269,0.48278728127479553,13,3,3,zero_shot_paired
185,0,13,0,60,0,1,0,0.6928579807281494,0.6928579807281494,0.3071420192718506,0.6928579807281494,13,3,3,post_calibration
185,1,13,1,60,0,0,1,0.6356571912765503,0.6356571912765503,0.6356571912765503,0.3643427789211273,13,3,3,post_calibration
185,2,13,2,60,1,1,1,0.5510377287864685,0.5510377287864685,0.4489622414112091,0.5510377287864685,13,3,3,post_calibration
185,3,13,3,60,1,1,1,0.5866320133209229,0.5866320133209229,0.41336801648139954,0.5866320133209229,13,3,3,post_calibration
185,4,13,4,60,1,1,1,0.6600884795188904,0.6600884795188904,0.33991149067878723,0.6600884795188904,13,3,3,post_calibration
185,5,13,5,60,1,0,0,0.5719254016876221,0.5719254016876221,0.5719254016876221,0.42807459831237793,13,3,3,post_calibration
185,6,13,7,60,1,1,1,0.7432786822319031,0.7432786822319031,0.2567213475704193,0.7432786822319031,13,3,3,post_calibration
185,7,13,8,60,1,1,1,0.7469258308410645,0.7469258308410645,0.25307419896125793,0.7469258308410645,13,3,3,post_calibration
185,8,13,9,60,1,1,1,0.7956196665763855,0.7956196665763855,0.2043803632259369,0.7956196665763855,13,3,3,post_calibration
185,9,13,10,60,0,0,1,0.8013426065444946,0.8013426065444946,0.8013426065444946,0.19865740835666656,13,3,3,post_calibration
185,10,13,11,60,0,1,0,0.7026512026786804,0.7026512026786804,0.2973487973213196,0.7026512026786804,13,3,3,post_calibration
185,11,13,12,60,1,1,1,0.8109589219093323,0.8109589219093323,0.18904109299182892,0.8109589219093323,13,3,3,post_calibration
185,12,13,13,60,0,0,1,0.509956955909729,0.509956955909729,0.509956955909729,0.490043044090271,13,3,3,post_calibration
185,13,13,15,60,0,0,1,0.6334563493728638,0.6334563493728638,0.6334563493728638,0.3665436804294586,13,3,3,post_calibration
185,14,13,17,60,1,0,0,0.5378948450088501,0.5378948450088501,0.5378948450088501,0.4621051549911499,13,3,3,post_calibration
186,0,13,0,60,0,1,0,0.7088364958763123,0.7088364958763123,0.29116350412368774,0.7088364958763123,13,4,3,zero_shot_paired
186,1,13,2,60,1,1,1,0.5503242015838623,0.5503242015838623,0.4496758282184601,0.5503242015838623,13,4,3,zero_shot_paired
186,2,13,3,60,1,1,1,0.6090500950813293,0.6090500950813293,0.3909498453140259,0.6090500950813293,13,4,3,zero_shot_paired
186,3,13,4,60,1,1,1,0.6796273589134216,0.6796273589134216,0.320372611284256,0.6796273589134216,13,4,3,zero_shot_paired
186,4,13,5,60,1,0,0,0.5522775053977966,0.5522775053977966,0.5522775053977966,0.44772249460220337,13,4,3,zero_shot_paired
186,5,13,6,60,1,1,1,0.7962714433670044,0.7962714433670044,0.2037285715341568,0.7962714433670044,13,4,3,zero_shot_paired
186,6,13,7,60,1,1,1,0.7365028262138367,0.7365028262138367,0.2634972333908081,0.7365028262138367,13,4,3,zero_shot_paired
186,7,13,8,60,1,1,1,0.7560902833938599,0.7560902833938599,0.24390967190265656,0.7560902833938599,13,4,3,zero_shot_paired
186,8,13,10,60,0,0,1,0.802193820476532,0.802193820476532,0.802193820476532,0.19780617952346802,13,4,3,zero_shot_paired
186,9,13,11,60,0,1,0,0.7043190598487854,0.7043190598487854,0.2956809401512146,0.7043190598487854,13,4,3,zero_shot_paired
186,10,13,12,60,1,1,1,0.8187028765678406,0.8187028765678406,0.1812971830368042,0.8187028765678406,13,4,3,zero_shot_paired
186,11,13,13,60,0,0,1,0.5045355558395386,0.5045355558395386,0.5045355558395386,0.4954644441604614,13,4,3,zero_shot_paired
186,12,13,14,60,0,0,1,0.5292918682098389,0.5292918682098389,0.5292918682098389,0.47070810198783875,13,4,3,zero_shot_paired
186,13,13,16,60,0,0,1,0.574793815612793,0.574793815612793,0.574793815612793,0.42520612478256226,13,4,3,zero_shot_paired
186,14,13,17,60,1,0,0,0.5172127485275269,0.5172127485275269,0.5172127485275269,0.48278728127479553,13,4,3,zero_shot_paired
186,0,13,0,60,0,1,0,0.7072546482086182,0.7072546482086182,0.29274532198905945,0.7072546482086182,13,4,3,post_calibration
186,1,13,2,60,1,1,1,0.5430355668067932,0.5430355668067932,0.4569644033908844,0.5430355668067932,13,4,3,post_calibration
186,2,13,3,60,1,1,1,0.607750415802002,0.607750415802002,0.39224952459335327,0.607750415802002,13,4,3,post_calibration
186,3,13,4,60,1,1,1,0.6741158366203308,0.6741158366203308,0.3258841633796692,0.6741158366203308,13,4,3,post_calibration
186,4,13,5,60,1,0,0,0.5610419511795044,0.5610419511795044,0.5610419511795044,0.4389580488204956,13,4,3,post_calibration
186,5,13,6,60,1,1,1,0.7906705141067505,0.7906705141067505,0.2093294858932495,0.7906705141067505,13,4,3,post_calibration
186,6,13,7,60,1,1,1,0.7485203742980957,0.7485203742980957,0.2514796555042267,0.7485203742980957,13,4,3,post_calibration
186,7,13,8,60,1,1,1,0.7481324076652527,0.7481324076652527,0.2518675923347473,0.7481324076652527,13,4,3,post_calibration
186,8,13,10,60,0,0,1,0.8109939694404602,0.8109939694404602,0.8109939694404602,0.1890059858560562,13,4,3,post_calibration
186,9,13,11,60,0,1,0,0.7096719145774841,0.7096719145774841,0.2903280556201935,0.7096719145774841,13,4,3,post_calibration
186,10,13,12,60,1,1,1,0.8156136870384216,0.8156136870384216,0.1843862682580948,0.8156136870384216,13,4,3,post_calibration
186,11,13,13,60,0,0,1,0.5074381232261658,0.5074381232261658,0.5074381232261658,0.4925619065761566,13,4,3,post_calibration
186,12,13,14,60,0,0,1,0.5265424847602844,0.5265424847602844,0.5265424847602844,0.4734575152397156,13,4,3,post_calibration
186,13,13,16,60,0,0,1,0.5908086895942688,0.5908086895942688,0.5908086895942688,0.4091912508010864,13,4,3,post_calibration
186,14,13,17,60,1,0,0,0.5292367339134216,0.5292367339134216,0.5292367339134216,0.4707632064819336,13,4,3,post_calibration
187,0,13,0,60,0,1,0,0.7088364958763123,0.7088364958763123,0.29116350412368774,0.7088364958763123,13,5,3,zero_shot_paired
187,1,13,1,60,0,0,1,0.6355087757110596,0.6355087757110596,0.6355087757110596,0.3644912540912628,13,5,3,zero_shot_paired
187,2,13,2,60,1,1,1,0.5503242015838623,0.5503242015838623,0.4496758282184601,0.5503242015838623,13,5,3,zero_shot_paired
187,3,13,3,60,1,1,1,0.6090500950813293,0.6090500950813293,0.3909498453140259,0.6090500950813293,13,5,3,zero_shot_paired
187,4,13,4,60,1,1,1,0.6796273589134216,0.6796273589134216,0.320372611284256,0.6796273589134216,13,5,3,zero_shot_paired
187,5,13,6,60,1,1,1,0.7962714433670044,0.7962714433670044,0.2037285715341568,0.7962714433670044,13,5,3,zero_shot_paired
187,6,13,7,60,1,1,1,0.7365028262138367,0.7365028262138367,0.2634972333908081,0.7365028262138367,13,5,3,zero_shot_paired
187,7,13,8,60,1,1,1,0.7560902833938599,0.7560902833938599,0.24390967190265656,0.7560902833938599,13,5,3,zero_shot_paired
187,8,13,9,60,1,1,1,0.7902775406837463,0.7902775406837463,0.20972245931625366,0.7902775406837463,13,5,3,zero_shot_paired
187,9,13,10,60,0,0,1,0.802193820476532,0.802193820476532,0.802193820476532,0.19780617952346802,13,5,3,zero_shot_paired
187,10,13,11,60,0,1,0,0.7043190598487854,0.7043190598487854,0.2956809401512146,0.7043190598487854,13,5,3,zero_shot_paired
187,11,13,14,60,0,0,1,0.5292918682098389,0.5292918682098389,0.5292918682098389,0.47070810198783875,13,5,3,zero_shot_paired
187,12,13,15,60,0,0,1,0.6275607943534851,0.6275607943534851,0.6275607943534851,0.3724392354488373,13,5,3,zero_shot_paired
187,13,13,16,60,0,0,1,0.574793815612793,0.574793815612793,0.574793815612793,0.42520612478256226,13,5,3,zero_shot_paired
187,14,13,17,60,1,0,0,0.5172127485275269,0.5172127485275269,0.5172127485275269,0.48278728127479553,13,5,3,zero_shot_paired
187,0,13,0,60,0,1,0,0.7179397940635681,0.7179397940635681,0.2820602059364319,0.7179397940635681,13,5,3,post_calibration
187,1,13,1,60,0,0,1,0.6317344903945923,0.6317344903945923,0.6317344903945923,0.36826545000076294,13,5,3,post_calibration
187,2,13,2,60,1,1,1,0.5575065612792969,0.5575065612792969,0.4424934685230255,0.5575065612792969,13,5,3,post_calibration
187,3,13,3,60,1,1,1,0.6107854247093201,0.6107854247093201,0.38921457529067993,0.6107854247093201,13,5,3,post_calibration
187,4,13,4,60,1,1,1,0.6894460916519165,0.6894460916519165,0.3105538785457611,0.6894460916519165,13,5,3,post_calibration
187,5,13,6,60,1,1,1,0.7990456819534302,0.7990456819534302,0.20095431804656982,0.7990456819534302,13,5,3,post_calibration
187,6,13,7,60,1,1,1,0.7317779660224915,0.7317779660224915,0.26822200417518616,0.7317779660224915,13,5,3,post_calibration
187,7,13,8,60,1,1,1,0.7582100033760071,0.7582100033760071,0.24178998172283173,0.7582100033760071,13,5,3,post_calibration
187,8,13,9,60,1,1,1,0.7788557410240173,0.7788557410240173,0.22114431858062744,0.7788557410240173,13,5,3,post_calibration
187,9,13,10,60,0,0,1,0.7903723120689392,0.7903723120689392,0.7903723120689392,0.2096276432275772,13,5,3,post_calibration
187,10,13,11,60,0,1,0,0.7116626501083374,0.7116626501083374,0.2883373200893402,0.7116626501083374,13,5,3,post_calibration
187,11,13,14,60,0,0,1,0.5189557075500488,0.5189557075500488,0.5189557075500488,0.48104429244995117,13,5,3,post_calibration
187,12,13,15,60,0,0,1,0.6212734580039978,0.6212734580039978,0.6212734580039978,0.3787265121936798,13,5,3,post_calibration
187,13,13,16,60,0,0,1,0.5389035940170288,0.5389035940170288,0.5389035940170288,0.4610964059829712,13,5,3,post_calibration
187,14,13,17,60,1,0,0,0.515717089176178,0.515717089176178,0.515717089176178,0.4842829406261444,13,5,3,post_calibration
188,0,13,0,60,0,1,0,0.7088364958763123,0.7088364958763123,0.29116350412368774,0.7088364958763123,13,6,3,zero_shot_paired
188,1,13,1,60,0,0,1,0.6355087757110596,0.6355087757110596,0.6355087757110596,0.3644912540912628,13,6,3,zero_shot_paired
188,2,13,2,60,1,1,1,0.5503242015838623,0.5503242015838623,0.4496758282184601,0.5503242015838623,13,6,3,zero_shot_paired
188,3,13,3,60,1,1,1,0.6090500950813293,0.6090500950813293,0.3909498453140259,0.6090500950813293,13,6,3,zero_shot_paired
188,4,13,5,60,1,0,0,0.5522775053977966,0.5522775053977966,0.5522775053977966,0.44772249460220337,13,6,3,zero_shot_paired
188,5,13,6,60,1,1,1,0.7962714433670044,0.7962714433670044,0.2037285715341568,0.7962714433670044,13,6,3,zero_shot_paired
188,6,13,7,60,1,1,1,0.7365028262138367,0.7365028262138367,0.2634972333908081,0.7365028262138367,13,6,3,zero_shot_paired
188,7,13,8,60,1,1,1,0.7560902833938599,0.7560902833938599,0.24390967190265656,0.7560902833938599,13,6,3,zero_shot_paired
188,8,13,9,60,1,1,1,0.7902775406837463,0.7902775406837463,0.20972245931625366,0.7902775406837463,13,6,3,zero_shot_paired
188,9,13,10,60,0,0,1,0.802193820476532,0.802193820476532,0.802193820476532,0.19780617952346802,13,6,3,zero_shot_paired
188,10,13,12,60,1,1,1,0.8187028765678406,0.8187028765678406,0.1812971830368042,0.8187028765678406,13,6,3,zero_shot_paired
188,11,13,13,60,0,0,1,0.5045355558395386,0.5045355558395386,0.5045355558395386,0.4954644441604614,13,6,3,zero_shot_paired
188,12,13,14,60,0,0,1,0.5292918682098389,0.5292918682098389,0.5292918682098389,0.47070810198783875,13,6,3,zero_shot_paired
188,13,13,15,60,0,0,1,0.6275607943534851,0.6275607943534851,0.6275607943534851,0.3724392354488373,13,6,3,zero_shot_paired
188,14,13,16,60,0,0,1,0.574793815612793,0.574793815612793,0.574793815612793,0.42520612478256226,13,6,3,zero_shot_paired
188,0,13,0,60,0,1,0,0.705231785774231,0.705231785774231,0.29476818442344666,0.705231785774231,13,6,3,post_calibration
188,1,13,1,60,0,0,1,0.6278692483901978,0.6278692483901978,0.6278692483901978,0.372130811214447,13,6,3,post_calibration
188,2,13,2,60,1,1,1,0.5431700348854065,0.5431700348854065,0.4568300247192383,0.5431700348854065,13,6,3,post_calibration
188,3,13,3,60,1,1,1,0.6199135780334473,0.6199135780334473,0.38008642196655273,0.6199135780334473,13,6,3,post_calibration
188,4,13,5,60,1,0,0,0.5545175671577454,0.5545175671577454,0.5545175671577454,0.44548243284225464,13,6,3,post_calibration
188,5,13,6,60,1,1,1,0.8030748963356018,0.8030748963356018,0.1969251185655594,0.8030748963356018,13,6,3,post_calibration
188,6,13,7,60,1,1,1,0.7342936992645264,0.7342936992645264,0.26570627093315125,0.7342936992645264,13,6,3,post_calibration
188,7,13,8,60,1,1,1,0.7628645896911621,0.7628645896911621,0.2371353656053543,0.7628645896911621,13,6,3,post_calibration
188,8,13,9,60,1,1,1,0.7753019332885742,0.7753019332885742,0.22469808161258698,0.7753019332885742,13,6,3,post_calibration
188,9,13,10,60,0,0,1,0.8070083260536194,0.8070083260536194,0.8070083260536194,0.1929916888475418,13,6,3,post_calibration
188,10,13,12,60,1,1,1,0.816516101360321,0.816516101360321,0.18348386883735657,0.816516101360321,13,6,3,post_calibration
188,11,13,13,60,0,0,1,0.5004863739013672,0.5004863739013672,0.5004863739013672,0.4995136260986328,13,6,3,post_calibration
188,12,13,14,60,0,0,1,0.512883186340332,0.512883186340332,0.512883186340332,0.48711681365966797,13,6,3,post_calibration
188,13,13,15,60,0,0,1,0.6117444634437561,0.6117444634437561,0.6117444634437561,0.3882555663585663,13,6,3,post_calibration
188,14,13,16,60,0,0,1,0.5650662779808044,0.5650662779808044,0.5650662779808044,0.43493375182151794,13,6,3,post_calibration
189,0,13,0,60,0,1,0,0.7088364958763123,0.7088364958763123,0.29116350412368774,0.7088364958763123,13,1,6,zero_shot_paired
189,1,13,2,60,1,1,1,0.5503242015838623,0.5503242015838623,0.4496758282184601,0.5503242015838623,13,1,6,zero_shot_paired
189,2,13,3,60,1,1,1,0.6090500950813293,0.6090500950813293,0.3909498453140259,0.6090500950813293,13,1,6,zero_shot_paired
189,3,13,4,60,1,1,1,0.6796273589134216,0.6796273589134216,0.320372611284256,0.6796273589134216,13,1,6,zero_shot_paired
189,4,13,5,60,1,0,0,0.5522775053977966,0.5522775053977966,0.5522775053977966,0.44772249460220337,13,1,6,zero_shot_paired
189,5,13,9,60,1,1,1,0.7902775406837463,0.7902775406837463,0.20972245931625366,0.7902775406837463,13,1,6,zero_shot_paired
189,6,13,10,60,0,0,1,0.802193820476532,0.802193820476532,0.802193820476532,0.19780617952346802,13,1,6,zero_shot_paired
189,7,13,11,60,0,1,0,0.7043190598487854,0.7043190598487854,0.2956809401512146,0.7043190598487854,13,1,6,zero_shot_paired
189,8,13,12,60,1,1,1,0.8187028765678406,0.8187028765678406,0.1812971830368042,0.8187028765678406,13,1,6,zero_shot_paired
189,9,13,13,60,0,0,1,0.5045355558395386,0.5045355558395386,0.5045355558395386,0.4954644441604614,13,1,6,zero_shot_paired
189,10,13,14,60,0,0,1,0.5292918682098389,0.5292918682098389,0.5292918682098389,0.47070810198783875,13,1,6,zero_shot_paired
189,11,13,16,60,0,0,1,0.574793815612793,0.574793815612793,0.574793815612793,0.42520612478256226,13,1,6,zero_shot_paired
189,0,13,0,60,0,1,0,0.7229153513908386,0.7229153513908386,0.2770846486091614,0.7229153513908386,13,1,6,post_calibration
189,1,13,2,60,1,1,1,0.5470765233039856,0.5470765233039856,0.452923446893692,0.5470765233039856,13,1,6,post_calibration
189,2,13,3,60,1,1,1,0.6280831098556519,0.6280831098556519,0.37191689014434814,0.6280831098556519,13,1,6,post_calibration
189,3,13,4,60,1,1,1,0.6983792781829834,0.6983792781829834,0.3016207218170166,0.6983792781829834,13,1,6,post_calibration
189,4,13,5,60,1,0,0,0.5494139790534973,0.5494139790534973,0.5494139790534973,0.4505860209465027,13,1,6,post_calibration
189,5,13,9,60,1,1,1,0.7924253344535828,0.7924253344535828,0.20757463574409485,0.7924253344535828,13,1,6,post_calibration
189,6,13,10,60,0,0,1,0.8129671216011047,0.8129671216011047,0.8129671216011047,0.18703290820121765,13,1,6,post_calibration
189,7,13,11,60,0,1,0,0.7107757329940796,0.7107757329940796,0.2892242670059204,0.7107757329940796,13,1,6,post_calibration
189,8,13,12,60,1,1,1,0.8206402063369751,0.8206402063369751,0.1793598085641861,0.8206402063369751,13,1,6,post_calibration
189,9,13,13,60,0,1,0,0.5079110264778137,0.5079110264778137,0.4920889735221863,0.5079110264778137,13,1,6,post_calibration
189,10,13,14,60,0,0,1,0.5066905617713928,0.5066905617713928,0.5066905617713928,0.49330946803092957,13,1,6,post_calibration
189,11,13,16,60,0,0,1,0.5639390349388123,0.5639390349388123,0.5639390349388123,0.43606099486351013,13,1,6,post_calibration
190,0,13,0,60,0,1,0,0.7088364958763123,0.7088364958763123,0.29116350412368774,0.7088364958763123,13,2,6,zero_shot_paired
190,1,13,1,60,0,0,1,0.6355087757110596,0.6355087757110596,0.6355087757110596,0.3644912540912628,13,2,6,zero_shot_paired
190,2,13,3,60,1,1,1,0.6090500950813293,0.6090500950813293,0.3909498453140259,0.6090500950813293,13,2,6,zero_shot_paired
190,3,13,4,60,1,1,1,0.6796273589134216,0.6796273589134216,0.320372611284256,0.6796273589134216,13,2,6,zero_shot_paired
190,4,13,6,60,1,1,1,0.7962714433670044,0.7962714433670044,0.2037285715341568,0.7962714433670044,13,2,6,zero_shot_paired
190,5,13,7,60,1,1,1,0.7365028262138367,0.7365028262138367,0.2634972333908081,0.7365028262138367,13,2,6,zero_shot_paired
190,6,13,8,60,1,1,1,0.7560902833938599,0.7560902833938599,0.24390967190265656,0.7560902833938599,13,2,6,zero_shot_paired
190,7,13,9,60,1,1,1,0.7902775406837463,0.7902775406837463,0.20972245931625366,0.7902775406837463,13,2,6,zero_shot_paired
190,8,13,10,60,0,0,1,0.802193820476532,0.802193820476532,0.802193820476532,0.19780617952346802,13,2,6,zero_shot_paired
190,9,13,13,60,0,0,1,0.5045355558395386,0.5045355558395386,0.5045355558395386,0.4954644441604614,13,2,6,zero_shot_paired
190,10,13,15,60,0,0,1,0.6275607943534851,0.6275607943534851,0.6275607943534851,0.3724392354488373,13,2,6,zero_shot_paired
190,11,13,17,60,1,0,0,0.5172127485275269,0.5172127485275269,0.5172127485275269,0.48278728127479553,13,2,6,zero_shot_paired
190,0,13,0,60,0,1,0,0.7095351815223694,0.7095351815223694,0.290464848279953,0.7095351815223694,13,2,6,post_calibration
190,1,13,1,60,0,0,1,0.6293226480484009,0.6293226480484009,0.6293226480484009,0.3706773519515991,13,2,6,post_calibration
190,2,13,3,60,1,1,1,0.6010247468948364,0.6010247468948364,0.39897531270980835,0.6010247468948364,13,2,6,post_calibration
190,3,13,4,60,1,1,1,0.6753080487251282,0.6753080487251282,0.32469192147254944,0.6753080487251282,13,2,6,post_calibration
190,4,13,6,60,1,1,1,0.798340380191803,0.798340380191803,0.2016596496105194,0.798340380191803,13,2,6,post_calibration
190,5,13,7,60,1,1,1,0.7373975515365601,0.7373975515365601,0.26260241866111755,0.7373975515365601,13,2,6,post_calibration
190,6,13,8,60,1,1,1,0.7550773024559021,0.7550773024559021,0.2449227273464203,0.7550773024559021,13,2,6,post_calibration
190,7,13,9,60,1,1,1,0.7986791133880615,0.7986791133880615,0.2013208568096161,0.7986791133880615,13,2,6,post_calibration
190,8,13,10,60,0,0,1,0.7841925621032715,0.7841925621032715,0.7841925621032715,0.2158074826002121,13,2,6,post_calibration
190,9,13,13,60,0,1,0,0.5020904541015625,0.5020904541015625,0.4979095458984375,0.5020904541015625,13,2,6,post_calibration
190,10,13,15,60,0,0,1,0.6196133494377136,0.6196133494377136,0.6196133494377136,0.3803866505622864,13,2,6,post_calibration
190,11,13,17,60,1,0,0,0.5211780071258545,0.5211780071258545,0.5211780071258545,0.4788220226764679,13,2,6,post_calibration
191,0,13,1,60,0,0,1,0.6355087757110596,0.6355087757110596,0.6355087757110596,0.3644912540912628,13,3,6,zero_shot_paired
191,1,13,2,60,1,1,1,0.5503242015838623,0.5503242015838623,0.4496758282184601,0.5503242015838623,13,3,6,zero_shot_paired
191,2,13,5,60,1,0,0,0.5522775053977966,0.5522775053977966,0.5522775053977966,0.44772249460220337,13,3,6,zero_shot_paired
191,3,13,6,60,1,1,1,0.7962714433670044,0.7962714433670044,0.2037285715341568,0.7962714433670044,13,3,6,zero_shot_paired
191,4,13,7,60,1,1,1,0.7365028262138367,0.7365028262138367,0.2634972333908081,0.7365028262138367,13,3,6,zero_shot_paired
191,5,13,8,60,1,1,1,0.7560902833938599,0.7560902833938599,0.24390967190265656,0.7560902833938599,13,3,6,zero_shot_paired
191,6,13,11,60,0,1,0,0.7043190598487854,0.7043190598487854,0.2956809401512146,0.7043190598487854,13,3,6,zero_shot_paired
191,7,13,12,60,1,1,1,0.8187028765678406,0.8187028765678406,0.1812971830368042,0.8187028765678406,13,3,6,zero_shot_paired
191,8,13,14,60,0,0,1,0.5292918682098389,0.5292918682098389,0.5292918682098389,0.47070810198783875,13,3,6,zero_shot_paired
191,9,13,15,60,0,0,1,0.6275607943534851,0.6275607943534851,0.6275607943534851,0.3724392354488373,13,3,6,zero_shot_paired
191,10,13,16,60,0,0,1,0.574793815612793,0.574793815612793,0.574793815612793,0.42520612478256226,13,3,6,zero_shot_paired
191,11,13,17,60,1,0,0,0.5172127485275269,0.5172127485275269,0.5172127485275269,0.48278728127479553,13,3,6,zero_shot_paired
191,0,13,1,60,0,0,1,0.635010302066803,0.635010302066803,0.635010302066803,0.3649897277355194,13,3,6,post_calibration
191,1,13,2,60,1,1,1,0.5437833070755005,0.5437833070755005,0.4562167227268219,0.5437833070755005,13,3,6,post_calibration
191,2,13,5,60,1,0,0,0.5633159875869751,0.5633159875869751,0.5633159875869751,0.4366839826107025,13,3,6,post_calibration
191,3,13,6,60,1,1,1,0.7870374321937561,0.7870374321937561,0.2129625678062439,0.7870374321937561,13,3,6,post_calibration
191,4,13,7,60,1,1,1,0.7355674505233765,0.7355674505233765,0.26443254947662354,0.7355674505233765,13,3,6,post_calibration
191,5,13,8,60,1,1,1,0.7465953230857849,0.7465953230857849,0.2534046173095703,0.7465953230857849,13,3,6,post_calibration
191,6,13,11,60,0,1,0,0.6892582774162292,0.6892582774162292,0.3107417821884155,0.6892582774162292,13,3,6,post_calibration
191,7,13,12,60,1,1,1,0.8161226511001587,0.8161226511001587,0.18387740850448608,0.8161226511001587,13,3,6,post_calibration
191,8,13,14,60,0,0,1,0.5441429018974304,0.5441429018974304,0.5441429018974304,0.4558570981025696,13,3,6,post_calibration
191,9,13,15,60,0,0,1,0.631562352180481,0.631562352180481,0.631562352180481,0.36843761801719666,13,3,6,post_calibration
191,10,13,16,60,0,0,1,0.5839782953262329,0.5839782953262329,0.5839782953262329,0.4160216450691223,13,3,6,post_calibration
191,11,13,17,60,1,0,0,0.5236677527427673,0.5236677527427673,0.5236677527427673,0.47633224725723267,13,3,6,post_calibration
192,0,13,0,60,0,1,0,0.7088364958763123,0.7088364958763123,0.29116350412368774,0.7088364958763123,13,1,9,zero_shot_paired
192,1,13,2,60,1,1,1,0.5503204464912415,0.5503204464912415,0.4496796131134033,0.5503204464912415,13,1,9,zero_shot_paired
192,2,13,6,60,1,1,1,0.7962726354598999,0.7962726354598999,0.20372731983661652,0.7962726354598999,13,1,9,zero_shot_paired
192,3,13,8,60,1,1,1,0.7560889720916748,0.7560889720916748,0.24391107261180878,0.7560889720916748,13,1,9,zero_shot_paired
192,4,13,9,60,1,1,1,0.7902775406837463,0.7902775406837463,0.20972245931625366,0.7902775406837463,13,1,9,zero_shot_paired
192,5,13,10,60,0,0,1,0.8021877408027649,0.8021877408027649,0.8021877408027649,0.19781222939491272,13,1,9,zero_shot_paired
192,6,13,11,60,0,1,0,0.7043174505233765,0.7043174505233765,0.29568254947662354,0.7043174505233765,13,1,9,zero_shot_paired
192,7,13,13,60,0,0,1,0.5045355558395386,0.5045355558395386,0.5045355558395386,0.4954644441604614,13,1,9,zero_shot_paired
192,8,13,17,60,1,0,0,0.5172222852706909,0.5172222852706909,0.5172222852706909,0.48277774453163147,13,1,9,zero_shot_paired
192,0,13,0,60,0,1,0,0.7118520140647888,0.7118520140647888,0.2881479263305664,0.7118520140647888,13,1,9,post_calibration
192,1,13,2,60,1,1,1,0.5427553653717041,0.5427553653717041,0.4572446346282959,0.5427553653717041,13,1,9,post_calibration
192,2,13,6,60,1,1,1,0.7988103628158569,0.7988103628158569,0.20118960738182068,0.7988103628158569,13,1,9,post_calibration
192,3,13,8,60,1,1,1,0.7573515772819519,0.7573515772819519,0.2426484078168869,0.7573515772819519,13,1,9,post_calibration
192,4,13,9,60,1,1,1,0.8011664152145386,0.8011664152145386,0.19883358478546143,0.8011664152145386,13,1,9,post_calibration
192,5,13,10,60,0,0,1,0.8054696321487427,0.8054696321487427,0.8054696321487427,0.19453035295009613,13,1,9,post_calibration
192,6,13,11,60,0,1,0,0.7183181643486023,0.7183181643486023,0.2816818356513977,0.7183181643486023,13,1,9,post_calibration
192,7,13,13,60,0,1,0,0.5136684775352478,0.5136684775352478,0.4863315522670746,0.5136684775352478,13,1,9,post_calibration
192,8,13,17,60,1,1,1,0.5003013610839844,0.5003013610839844,0.499698668718338,0.5003013610839844,13,1,9,post_calibration
193,0,13,1,60,0,0,1,0.6355140805244446,0.6355140805244446,0.6355140805244446,0.3644859194755554,13,2,9,zero_shot_paired
193,1,13,3,60,1,1,1,0.60905921459198,0.60905921459198,0.3909408152103424,0.60905921459198,13,2,9,zero_shot_paired
193,2,13,4,60,1,1,1,0.679624080657959,0.679624080657959,0.3203759491443634,0.679624080657959,13,2,9,zero_shot_paired
193,3,13,5,60,1,0,0,0.5522812604904175,0.5522812604904175,0.5522812604904175,0.44771867990493774,13,2,9,zero_shot_paired
193,4,13,7,60,1,1,1,0.7365012764930725,0.7365012764930725,0.2634986937046051,0.7365012764930725,13,2,9,zero_shot_paired
193,5,13,12,60,1,1,1,0.8186972141265869,0.8186972141265869,0.18130284547805786,0.8186972141265869,13,2,9,zero_shot_paired
193,6,13,14,60,0,0,1,0.5293033123016357,0.5293033123016357,0.5293033123016357,0.47069668769836426,13,2,9,zero_shot_paired
193,7,13,15,60,0,0,1,0.6275679469108582,0.6275679469108582,0.6275679469108582,0.37243208289146423,13,2,9,zero_shot_paired
193,8,13,16,60,0,0,1,0.574784517288208,0.574784517288208,0.574784517288208,0.425215482711792,13,2,9,zero_shot_paired
193,0,13,1,60,0,0,1,0.6342760920524597,0.6342760920524597,0.6342760920524597,0.3657238781452179,13,2,9,post_calibration
193,1,13,3,60,1,1,1,0.5945255160331726,0.5945255160331726,0.4054744839668274,0.5945255160331726,13,2,9,post_calibration
193,2,13,4,60,1,1,1,0.6747507452964783,0.6747507452964783,0.32524925470352173,0.6747507452964783,13,2,9,post_calibration
193,3,13,5,60,1,0,0,0.5741560459136963,0.5741560459136963,0.5741560459136963,0.4258439540863037,13,2,9,post_calibration
193,4,13,7,60,1,1,1,0.7401699423789978,0.7401699423789978,0.2598300278186798,0.7401699423789978,13,2,9,post_calibration
193,5,13,12,60,1,1,1,0.8107271790504456,0.8107271790504456,0.18927277624607086,0.8107271790504456,13,2,9,post_calibration
193,6,13,14,60,0,0,1,0.5363679528236389,0.5363679528236389,0.5363679528236389,0.4636320471763611,13,2,9,post_calibration
193,7,13,15,60,0,0,1,0.6213614344596863,0.6213614344596863,0.6213614344596863,0.3786385655403137,13,2,9,post_calibration
193,8,13,16,60,0,0,1,0.5872886776924133,0.5872886776924133,0.5872886776924133,0.41271135210990906,13,2,9,post_calibration
194,0,13,0,60,0,1,0,0.7088364958763123,0.7088364958763123,0.29116350412368774,0.7088364958763123,13,1,12,zero_shot_paired
194,1,13,1,60,0,0,1,0.6355953812599182,0.6355953812599182,0.6355953812599182,0.3644046187400818,13,1,12,zero_shot_paired
194,2,13,2,60,1,1,1,0.5504299402236938,0.5504299402236938,0.4495701193809509,0.5504299402236938,13,1,12,zero_shot_paired
194,3,13,8,60,1,1,1,0.7561086416244507,0.7561086416244507,0.2438914030790329,0.7561086416244507,13,1,12,zero_shot_paired
194,4,13,9,60,1,1,1,0.7902864217758179,0.7902864217758179,0.2097136229276657,0.7902864217758179,13,1,12,zero_shot_paired
194,5,13,16,60,0,0,1,0.5746689438819885,0.5746689438819885,0.5746689438819885,0.4253310561180115,13,1,12,zero_shot_paired
194,0,13,0,60,0,1,0,0.7062300443649292,0.7062300443649292,0.2937699854373932,0.7062300443649292,13,1,12,post_calibration
194,1,13,1,60,0,0,1,0.6486819982528687,0.6486819982528687,0.6486819982528687,0.35131803154945374,13,1,12,post_calibration
194,2,13,2,60,1,1,1,0.5228741765022278,0.5228741765022278,0.477125883102417,0.5228741765022278,13,1,12,post_calibration
194,3,13,8,60,1,1,1,0.7566091418266296,0.7566091418266296,0.24339085817337036,0.7566091418266296,13,1,12,post_calibration
194,4,13,9,60,1,1,1,0.7840867042541504,0.7840867042541504,0.21591335535049438,0.7840867042541504,13,1,12,post_calibration
194,5,13,16,60,0,0,1,0.5700359344482422,0.5700359344482422,0.5700359344482422,0.4299640953540802,13,1,12,post_calibration
195,0,13,0,60,0,1,0,0.7088364958763123,0.7088364958763123,0.29116350412368774,0.7088364958763123,13,2,12,zero_shot_paired
195,1,13,4,60,1,1,1,0.6797751784324646,0.6797751784324646,0.3202248215675354,0.6797751784324646,13,2,12,zero_shot_paired
195,2,13,6,60,1,1,1,0.7963741421699524,0.7963741421699524,0.2036258578300476,0.7963741421699524,13,2,12,zero_shot_paired
195,3,13,15,60,0,0,1,0.6276517510414124,0.6276517510414124,0.6276517510414124,0.37234827876091003,13,2,12,zero_shot_paired
195,4,13,16,60,0,0,1,0.5746689438819885,0.5746689438819885,0.5746689438819885,0.4253310561180115,13,2,12,zero_shot_paired
195,5,13,17,60,1,0,0,0.5171098709106445,0.5171098709106445,0.5171098709106445,0.48289015889167786,13,2,12,zero_shot_paired
195,0,13,0,60,0,1,0,0.7051668167114258,0.7051668167114258,0.2948332130908966,0.7051668167114258,13,2,12,post_calibration
195,1,13,4,60,1,1,1,0.6823720335960388,0.6823720335960388,0.3176279664039612,0.6823720335960388,13,2,12,post_calibration
195,2,13,6,60,1,1,1,0.7952696084976196,0.7952696084976196,0.20473042130470276,0.7952696084976196,13,2,12,post_calibration
195,3,13,15,60,0,0,1,0.6397360563278198,0.6397360563278198,0.6397360563278198,0.3602639436721802,13,2,12,post_calibration
195,4,13,16,60,0,0,1,0.5661722421646118,0.5661722421646118,0.5661722421646118,0.43382778763771057,13,2,12,post_calibration
195,5,13,17,60,1,0,0,0.5121188163757324,0.5121188163757324,0.5121188163757324,0.4878811836242676,13,2,12,post_calibration
196,0,13,4,60,1,1,1,0.6797751784324646,0.6797751784324646,0.3202248215675354,0.6797751784324646,13,3,12,zero_shot_paired
196,1,13,9,60,1,1,1,0.7902864217758179,0.7902864217758179,0.2097136229276657,0.7902864217758179,13,3,12,zero_shot_paired
196,2,13,10,60,0,0,1,0.802138090133667,0.802138090133667,0.802138090133667,0.19786188006401062,13,3,12,zero_shot_paired
196,3,13,11,60,0,1,0,0.7043413519859314,0.7043413519859314,0.2956587076187134,0.7043413519859314,13,3,12,zero_shot_paired
196,4,13,14,60,0,0,1,0.52944016456604,0.52944016456604,0.52944016456604,0.4705598056316376,13,3,12,zero_shot_paired
196,5,13,17,60,1,0,0,0.5171098709106445,0.5171098709106445,0.5171098709106445,0.48289015889167786,13,3,12,zero_shot_paired
196,0,13,4,60,1,1,1,0.6745933294296265,0.6745933294296265,0.32540664076805115,0.6745933294296265,13,3,12,post_calibration
196,1,13,9,60,1,1,1,0.8000044226646423,0.8000044226646423,0.19999556243419647,0.8000044226646423,13,3,12,post_calibration
196,2,13,10,60,0,0,1,0.8001484274864197,0.8001484274864197,0.8001484274864197,0.19985157251358032,13,3,12,post_calibration
196,3,13,11,60,0,1,0,0.7026289105415344,0.7026289105415344,0.2973710894584656,0.7026289105415344,13,3,12,post_calibration
196,4,13,14,60,0,0,1,0.527495265007019,0.527495265007019,0.527495265007019,0.47250473499298096,13,3,12,post_calibration
196,5,13,17,60,1,0,0,0.525471568107605,0.525471568107605,0.525471568107605,0.47452840209007263,13,3,12,post_calibration
15,0,14,0,60,0,0,1,0.874761700630188,0.874761700630188,0.874761700630188,0.125238299369812,14,,,zero_shot_all_trials
15,1,14,1,60,0,1,0,0.727813720703125,0.727813720703125,0.2721862196922302,0.727813720703125,14,,,zero_shot_all_trials
15,2,14,2,60,1,0,0,0.6795842051506042,0.6795842051506042,0.6795842051506042,0.32041582465171814,14,,,zero_shot_all_trials
15,3,14,3,60,1,1,1,0.5664963722229004,0.5664963722229004,0.4335035979747772,0.5664963722229004,14,,,zero_shot_all_trials
15,4,14,4,60,1,1,1,0.7632604837417603,0.7632604837417603,0.23673948645591736,0.7632604837417603,14,,,zero_shot_all_trials
15,5,14,5,60,1,1,1,0.7223541736602783,0.7223541736602783,0.27764585614204407,0.7223541736602783,14,,,zero_shot_all_trials
15,6,14,6,60,1,0,0,0.6703723073005676,0.6703723073005676,0.6703723073005676,0.32962772250175476,14,,,zero_shot_all_trials
15,7,14,7,60,1,0,0,0.5198526978492737,0.5198526978492737,0.5198526978492737,0.4801473319530487,14,,,zero_shot_all_trials
15,8,14,8,60,0,0,1,0.745453417301178,0.745453417301178,0.745453417301178,0.2545466125011444,14,,,zero_shot_all_trials
15,9,14,9,60,1,1,1,0.7057264447212219,0.7057264447212219,0.29427358508110046,0.7057264447212219,14,,,zero_shot_all_trials
15,10,14,10,60,0,1,0,0.7958949208259583,0.7958949208259583,0.20410506427288055,0.7958949208259583,14,,,zero_shot_all_trials
15,11,14,11,60,1,0,0,0.8106955885887146,0.8106955885887146,0.8106955885887146,0.1893043965101242,14,,,zero_shot_all_trials
15,12,14,12,60,1,0,0,0.5807607769966125,0.5807607769966125,0.5807607769966125,0.41923922300338745,14,,,zero_shot_all_trials
15,13,14,13,60,1,1,1,0.6761974096298218,0.6761974096298218,0.3238025903701782,0.6761974096298218,14,,,zero_shot_all_trials
15,14,14,14,60,1,0,0,0.6190305352210999,0.6190305352210999,0.6190305352210999,0.38096940517425537,14,,,zero_shot_all_trials
15,15,14,15,60,1,1,1,0.5979160666465759,0.5979160666465759,0.4020839035511017,0.5979160666465759,14,,,zero_shot_all_trials
15,16,14,16,60,0,0,1,0.6223768591880798,0.6223768591880798,0.6223768591880798,0.37762320041656494,14,,,zero_shot_all_trials
15,17,14,17,60,1,1,1,0.8629862070083618,0.8629862070083618,0.13701382279396057,0.8629862070083618,14,,,zero_shot_all_trials
197,0,14,0,60,0,0,1,0.8747625350952148,0.8747625350952148,0.8747625350952148,0.12523746490478516,14,1,3,zero_shot_paired
197,1,14,1,60,0,1,0,0.7278167605400085,0.7278167605400085,0.27218320965766907,0.7278167605400085,14,1,3,zero_shot_paired
197,2,14,2,60,1,0,0,0.6795842051506042,0.6795842051506042,0.6795842051506042,0.32041582465171814,14,1,3,zero_shot_paired
197,3,14,4,60,1,1,1,0.7632618546485901,0.7632618546485901,0.23673813045024872,0.7632618546485901,14,1,3,zero_shot_paired
197,4,14,5,60,1,1,1,0.7223663926124573,0.7223663926124573,0.27763357758522034,0.7223663926124573,14,1,3,zero_shot_paired
197,5,14,6,60,1,0,0,0.6703739762306213,0.6703739762306213,0.6703739762306213,0.3296259939670563,14,1,3,zero_shot_paired
197,6,14,7,60,1,0,0,0.5198546051979065,0.5198546051979065,0.5198546051979065,0.4801454246044159,14,1,3,zero_shot_paired
197,7,14,8,60,0,0,1,0.745456337928772,0.745456337928772,0.745456337928772,0.2545437216758728,14,1,3,zero_shot_paired
197,8,14,9,60,1,1,1,0.7057264447212219,0.7057264447212219,0.29427358508110046,0.7057264447212219,14,1,3,zero_shot_paired
197,9,14,11,60,1,0,0,0.8106920719146729,0.8106920719146729,0.8106920719146729,0.18930789828300476,14,1,3,zero_shot_paired
197,10,14,12,60,1,0,0,0.5807551741600037,0.5807551741600037,0.5807551741600037,0.41924476623535156,14,1,3,zero_shot_paired
197,11,14,13,60,1,1,1,0.6761974096298218,0.6761974096298218,0.3238025903701782,0.6761974096298218,14,1,3,zero_shot_paired
197,12,14,14,60,1,0,0,0.6190342307090759,0.6190342307090759,0.6190342307090759,0.38096582889556885,14,1,3,zero_shot_paired
197,13,14,15,60,1,1,1,0.5979142785072327,0.5979142785072327,0.4020857810974121,0.5979142785072327,14,1,3,zero_shot_paired
197,14,14,16,60,0,0,1,0.6223732233047485,0.6223732233047485,0.6223732233047485,0.3776267170906067,14,1,3,zero_shot_paired
197,0,14,0,60,0,0,1,0.8627532720565796,0.8627532720565796,0.8627532720565796,0.1372467428445816,14,1,3,post_calibration
197,1,14,1,60,0,1,0,0.7228772044181824,0.7228772044181824,0.2771228551864624,0.7228772044181824,14,1,3,post_calibration
197,2,14,2,60,1,0,0,0.6721686124801636,0.6721686124801636,0.6721686124801636,0.32783135771751404,14,1,3,post_calibration
197,3,14,4,60,1,1,1,0.7671560049057007,0.7671560049057007,0.23284395039081573,0.7671560049057007,14,1,3,post_calibration
197,4,14,5,60,1,1,1,0.7394518256187439,0.7394518256187439,0.2605482041835785,0.7394518256187439,14,1,3,post_calibration
197,5,14,6,60,1,0,0,0.6530663967132568,0.6530663967132568,0.6530663967132568,0.3469335436820984,14,1,3,post_calibration
197,6,14,7,60,1,0,0,0.5168240666389465,0.5168240666389465,0.5168240666389465,0.4831758737564087,14,1,3,post_calibration
197,7,14,8,60,0,0,1,0.7366493940353394,0.7366493940353394,0.7366493940353394,0.2633506655693054,14,1,3,post_calibration
197,8,14,9,60,1,1,1,0.6929391622543335,0.6929391622543335,0.3070608675479889,0.6929391622543335,14,1,3,post_calibration
197,9,14,11,60,1,0,0,0.8067241311073303,0.8067241311073303,0.8067241311073303,0.1932758092880249,14,1,3,post_calibration
197,10,14,12,60,1,0,0,0.5789113640785217,0.5789113640785217,0.5789113640785217,0.42108863592147827,14,1,3,post_calibration
197,11,14,13,60,1,1,1,0.6770271062850952,0.6770271062850952,0.3229728937149048,0.6770271062850952,14,1,3,post_calibration
197,12,14,14,60,1,0,0,0.6009021401405334,0.6009021401405334,0.6009021401405334,0.39909783005714417,14,1,3,post_calibration
197,13,14,15,60,1,1,1,0.6015240550041199,0.6015240550041199,0.3984759449958801,0.6015240550041199,14,1,3,post_calibration
197,14,14,16,60,0,0,1,0.6319422125816345,0.6319422125816345,0.6319422125816345,0.36805784702301025,14,1,3,post_calibration
198,0,14,1,60,0,1,0,0.7278213500976562,0.7278213500976562,0.2721787095069885,0.7278213500976562,14,2,3,zero_shot_paired
198,1,14,2,60,1,0,0,0.6795891523361206,0.6795891523361206,0.6795891523361206,0.320410817861557,14,2,3,zero_shot_paired
198,2,14,3,60,1,1,1,0.566479504108429,0.566479504108429,0.43352049589157104,0.566479504108429,14,2,3,zero_shot_paired
198,3,14,5,60,1,1,1,0.7223617434501648,0.7223617434501648,0.27763819694519043,0.7223617434501648,14,2,3,zero_shot_paired
198,4,14,6,60,1,0,0,0.6703757047653198,0.6703757047653198,0.6703757047653198,0.32962435483932495,14,2,3,zero_shot_paired
198,5,14,7,60,1,0,0,0.5198622345924377,0.5198622345924377,0.5198622345924377,0.48013779520988464,14,2,3,zero_shot_paired
198,6,14,8,60,0,0,1,0.7454548478126526,0.7454548478126526,0.7454548478126526,0.2545451521873474,14,2,3,zero_shot_paired
198,7,14,9,60,1,1,1,0.7057264447212219,0.7057264447212219,0.29427358508110046,0.7057264447212219,14,2,3,zero_shot_paired
198,8,14,10,60,0,1,0,0.7958949208259583,0.7958949208259583,0.20410506427288055,0.7958949208259583,14,2,3,zero_shot_paired
198,9,14,11,60,1,0,0,0.8106920719146729,0.8106920719146729,0.8106920719146729,0.18930789828300476,14,2,3,zero_shot_paired
198,10,14,12,60,1,0,0,0.5807682275772095,0.5807682275772095,0.5807682275772095,0.4192318320274353,14,2,3,zero_shot_paired
198,11,14,13,60,1,1,1,0.6761924028396606,0.6761924028396606,0.32380759716033936,0.6761924028396606,14,2,3,zero_shot_paired
198,12,14,15,60,1,1,1,0.597917914390564,0.597917914390564,0.4020821154117584,0.597917914390564,14,2,3,zero_shot_paired
198,13,14,16,60,0,0,1,0.6223840713500977,0.6223840713500977,0.6223840713500977,0.3776159882545471,14,2,3,zero_shot_paired
198,14,14,17,60,1,1,1,0.8629870414733887,0.8629870414733887,0.13701294362545013,0.8629870414733887,14,2,3,zero_shot_paired
198,0,14,1,60,0,1,0,0.726198136806488,0.726198136806488,0.27380189299583435,0.726198136806488,14,2,3,post_calibration
198,1,14,2,60,1,0,0,0.6782070994377136,0.6782070994377136,0.6782070994377136,0.32179293036460876,14,2,3,post_calibration
198,2,14,3,60,1,1,1,0.5729841589927673,0.5729841589927673,0.42701584100723267,0.5729841589927673,14,2,3,post_calibration
198,3,14,5,60,1,1,1,0.7215179204940796,0.7215179204940796,0.2784820795059204,0.7215179204940796,14,2,3,post_calibration
198,4,14,6,60,1,0,0,0.6650350689888,0.6650350689888,0.6650350689888,0.33496493101119995,14,2,3,post_calibration
198,5,14,7,60,1,0,0,0.5240026712417603,0.5240026712417603,0.5240026712417603,0.47599732875823975,14,2,3,post_calibration
198,6,14,8,60,0,0,1,0.7474057078361511,0.7474057078361511,0.7474057078361511,0.2525942921638489,14,2,3,post_calibration
198,7,14,9,60,1,1,1,0.7043190598487854,0.7043190598487854,0.2956809401512146,0.7043190598487854,14,2,3,post_calibration
198,8,14,10,60,0,1,0,0.7948058247566223,0.7948058247566223,0.2051941454410553,0.7948058247566223,14,2,3,post_calibration
198,9,14,11,60,1,0,0,0.8092076778411865,0.8092076778411865,0.8092076778411865,0.19079233705997467,14,2,3,post_calibration
198,10,14,12,60,1,0,0,0.5826635956764221,0.5826635956764221,0.5826635956764221,0.41733643412590027,14,2,3,post_calibration
198,11,14,13,60,1,1,1,0.6775206923484802,0.6775206923484802,0.3224793076515198,0.6775206923484802,14,2,3,post_calibration
198,12,14,15,60,1,1,1,0.6067806482315063,0.6067806482315063,0.39321938157081604,0.6067806482315063,14,2,3,post_calibration
198,13,14,16,60,0,0,1,0.6183574199676514,0.6183574199676514,0.6183574199676514,0.38164258003234863,14,2,3,post_calibration
198,14,14,17,60,1,1,1,0.8620888590812683,0.8620888590812683,0.13791117072105408,0.8620888590812683,14,2,3,post_calibration
199,0,14,0,60,0,0,1,0.8747583627700806,0.8747583627700806,0.8747583627700806,0.12524163722991943,14,3,3,zero_shot_paired
199,1,14,1,60,0,1,0,0.7278213500976562,0.7278213500976562,0.2721787095069885,0.7278213500976562,14,3,3,zero_shot_paired
199,2,14,2,60,1,0,0,0.6795891523361206,0.6795891523361206,0.6795891523361206,0.320410817861557,14,3,3,zero_shot_paired
199,3,14,3,60,1,1,1,0.566479504108429,0.566479504108429,0.43352049589157104,0.566479504108429,14,3,3,zero_shot_paired
199,4,14,4,60,1,1,1,0.7632618546485901,0.7632618546485901,0.23673813045024872,0.7632618546485901,14,3,3,zero_shot_paired
199,5,14,5,60,1,1,1,0.7223617434501648,0.7223617434501648,0.27763819694519043,0.7223617434501648,14,3,3,zero_shot_paired
199,6,14,8,60,0,0,1,0.7454548478126526,0.7454548478126526,0.7454548478126526,0.2545451521873474,14,3,3,zero_shot_paired
199,7,14,9,60,1,1,1,0.7057264447212219,0.7057264447212219,0.29427358508110046,0.7057264447212219,14,3,3,zero_shot_paired
199,8,14,10,60,0,1,0,0.7958949208259583,0.7958949208259583,0.20410506427288055,0.7958949208259583,14,3,3,zero_shot_paired
199,9,14,12,60,1,0,0,0.5807682275772095,0.5807682275772095,0.5807682275772095,0.4192318320274353,14,3,3,zero_shot_paired
199,10,14,13,60,1,1,1,0.6761924028396606,0.6761924028396606,0.32380759716033936,0.6761924028396606,14,3,3,zero_shot_paired
199,11,14,14,60,1,0,0,0.6190305352210999,0.6190305352210999,0.6190305352210999,0.38096940517425537,14,3,3,zero_shot_paired
199,12,14,15,60,1,1,1,0.597917914390564,0.597917914390564,0.4020821154117584,0.597917914390564,14,3,3,zero_shot_paired
199,13,14,16,60,0,0,1,0.6223840713500977,0.6223840713500977,0.6223840713500977,0.3776159882545471,14,3,3,zero_shot_paired
199,14,14,17,60,1,1,1,0.8629870414733887,0.8629870414733887,0.13701294362545013,0.8629870414733887,14,3,3,zero_shot_paired
199,0,14,0,60,0,0,1,0.8611737489700317,0.8611737489700317,0.8611737489700317,0.13882623612880707,14,3,3,post_calibration
199,1,14,1,60,0,1,0,0.7448796629905701,0.7448796629905701,0.25512030720710754,0.7448796629905701,14,3,3,post_calibration
199,2,14,2,60,1,0,0,0.6691843271255493,0.6691843271255493,0.6691843271255493,0.3308156430721283,14,3,3,post_calibration
199,3,14,3,60,1,1,1,0.5893397927284241,0.5893397927284241,0.4106602668762207,0.5893397927284241,14,3,3,post_calibration
199,4,14,4,60,1,1,1,0.7720288634300232,0.7720288634300232,0.2279711663722992,0.7720288634300232,14,3,3,post_calibration
199,5,14,5,60,1,1,1,0.7301305532455444,0.7301305532455444,0.26986944675445557,0.7301305532455444,14,3,3,post_calibration
199,6,14,8,60,0,0,1,0.7245095372200012,0.7245095372200012,0.7245095372200012,0.27549049258232117,14,3,3,post_calibration
199,7,14,9,60,1,1,1,0.7091513276100159,0.7091513276100159,0.29084867238998413,0.7091513276100159,14,3,3,post_calibration
199,8,14,10,60,0,1,0,0.7932348847389221,0.7932348847389221,0.20676514506340027,0.7932348847389221,14,3,3,post_calibration
199,9,14,12,60,1,0,0,0.5683072805404663,0.5683072805404663,0.5683072805404663,0.4316927194595337,14,3,3,post_calibration
199,10,14,13,60,1,1,1,0.6771821975708008,0.6771821975708008,0.32281777262687683,0.6771821975708008,14,3,3,post_calibration
199,11,14,14,60,1,0,0,0.6100561022758484,0.6100561022758484,0.6100561022758484,0.3899439573287964,14,3,3,post_calibration
199,12,14,15,60,1,1,1,0.6010887026786804,0.6010887026786804,0.3989112377166748,0.6010887026786804,14,3,3,post_calibration
199,13,14,16,60,0,0,1,0.6168925762176514,0.6168925762176514,0.6168925762176514,0.383107453584671,14,3,3,post_calibration
199,14,14,17,60,1,1,1,0.8711745738983154,0.8711745738983154,0.128825381398201,0.8711745738983154,14,3,3,post_calibration
200,0,14,0,60,0,0,1,0.8747583627700806,0.8747583627700806,0.8747583627700806,0.12524163722991943,14,4,3,zero_shot_paired
200,1,14,1,60,0,1,0,0.7278213500976562,0.7278213500976562,0.2721787095069885,0.7278213500976562,14,4,3,zero_shot_paired
200,2,14,2,60,1,0,0,0.6795891523361206,0.6795891523361206,0.6795891523361206,0.320410817861557,14,4,3,zero_shot_paired
200,3,14,3,60,1,1,1,0.566479504108429,0.566479504108429,0.43352049589157104,0.566479504108429,14,4,3,zero_shot_paired
200,4,14,4,60,1,1,1,0.7632618546485901,0.7632618546485901,0.23673813045024872,0.7632618546485901,14,4,3,zero_shot_paired
200,5,14,6,60,1,0,0,0.6703757047653198,0.6703757047653198,0.6703757047653198,0.32962435483932495,14,4,3,zero_shot_paired
200,6,14,7,60,1,0,0,0.5198622345924377,0.5198622345924377,0.5198622345924377,0.48013779520988464,14,4,3,zero_shot_paired
200,7,14,9,60,1,1,1,0.7057264447212219,0.7057264447212219,0.29427358508110046,0.7057264447212219,14,4,3,zero_shot_paired
200,8,14,10,60,0,1,0,0.7958949208259583,0.7958949208259583,0.20410506427288055,0.7958949208259583,14,4,3,zero_shot_paired
200,9,14,11,60,1,0,0,0.8106920719146729,0.8106920719146729,0.8106920719146729,0.18930789828300476,14,4,3,zero_shot_paired
200,10,14,12,60,1,0,0,0.5807682275772095,0.5807682275772095,0.5807682275772095,0.4192318320274353,14,4,3,zero_shot_paired
200,11,14,14,60,1,0,0,0.6190305352210999,0.6190305352210999,0.6190305352210999,0.38096940517425537,14,4,3,zero_shot_paired
200,12,14,15,60,1,1,1,0.597917914390564,0.597917914390564,0.4020821154117584,0.597917914390564,14,4,3,zero_shot_paired
200,13,14,16,60,0,0,1,0.6223840713500977,0.6223840713500977,0.6223840713500977,0.3776159882545471,14,4,3,zero_shot_paired
200,14,14,17,60,1,1,1,0.8629870414733887,0.8629870414733887,0.13701294362545013,0.8629870414733887,14,4,3,zero_shot_paired
200,0,14,0,60,0,0,1,0.8719611167907715,0.8719611167907715,0.8719611167907715,0.12803883850574493,14,4,3,post_calibration
200,1,14,1,60,0,1,0,0.7411898970603943,0.7411898970603943,0.2588101327419281,0.7411898970603943,14,4,3,post_calibration
200,2,14,2,60,1,0,0,0.6764395236968994,0.6764395236968994,0.6764395236968994,0.3235604166984558,14,4,3,post_calibration
200,3,14,3,60,1,1,1,0.5854474902153015,0.5854474902153015,0.4145525395870209,0.5854474902153015,14,4,3,post_calibration
200,4,14,4,60,1,1,1,0.7678449153900146,0.7678449153900146,0.23215508460998535,0.7678449153900146,14,4,3,post_calibration
200,5,14,6,60,1,0,0,0.666171133518219,0.666171133518219,0.666171133518219,0.3338289260864258,14,4,3,post_calibration
200,6,14,7,60,1,0,0,0.5126621127128601,0.5126621127128601,0.5126621127128601,0.4873379170894623,14,4,3,post_calibration
200,7,14,9,60,1,1,1,0.7109247446060181,0.7109247446060181,0.2890752851963043,0.7109247446060181,14,4,3,post_calibration
200,8,14,10,60,0,1,0,0.8009889125823975,0.8009889125823975,0.19901107251644135,0.8009889125823975,14,4,3,post_calibration
200,9,14,11,60,1,0,0,0.810965895652771,0.810965895652771,0.810965895652771,0.18903404474258423,14,4,3,post_calibration
200,10,14,12,60,1,0,0,0.5750791430473328,0.5750791430473328,0.5750791430473328,0.42492085695266724,14,4,3,post_calibration
200,11,14,14,60,1,0,0,0.6166238784790039,0.6166238784790039,0.6166238784790039,0.3833761513233185,14,4,3,post_calibration
200,12,14,15,60,1,1,1,0.6185500621795654,0.6185500621795654,0.38144993782043457,0.6185500621795654,14,4,3,post_calibration
200,13,14,16,60,0,0,1,0.6227927803993225,0.6227927803993225,0.6227927803993225,0.3772072494029999,14,4,3,post_calibration
200,14,14,17,60,1,1,1,0.8661015033721924,0.8661015033721924,0.13389845192432404,0.8661015033721924,14,4,3,post_calibration
201,0,14,0,60,0,0,1,0.8747583627700806,0.8747583627700806,0.8747583627700806,0.12524163722991943,14,5,3,zero_shot_paired
201,1,14,1,60,0,1,0,0.7278213500976562,0.7278213500976562,0.2721787095069885,0.7278213500976562,14,5,3,zero_shot_paired
201,2,14,2,60,1,0,0,0.6795891523361206,0.6795891523361206,0.6795891523361206,0.320410817861557,14,5,3,zero_shot_paired
201,3,14,3,60,1,1,1,0.566479504108429,0.566479504108429,0.43352049589157104,0.566479504108429,14,5,3,zero_shot_paired
201,4,14,4,60,1,1,1,0.7632618546485901,0.7632618546485901,0.23673813045024872,0.7632618546485901,14,5,3,zero_shot_paired
201,5,14,5,60,1,1,1,0.7223617434501648,0.7223617434501648,0.27763819694519043,0.7223617434501648,14,5,3,zero_shot_paired
201,6,14,6,60,1,0,0,0.6703757047653198,0.6703757047653198,0.6703757047653198,0.32962435483932495,14,5,3,zero_shot_paired
201,7,14,7,60,1,0,0,0.5198622345924377,0.5198622345924377,0.5198622345924377,0.48013779520988464,14,5,3,zero_shot_paired
201,8,14,8,60,0,0,1,0.7454548478126526,0.7454548478126526,0.7454548478126526,0.2545451521873474,14,5,3,zero_shot_paired
201,9,14,10,60,0,1,0,0.7958949208259583,0.7958949208259583,0.20410506427288055,0.7958949208259583,14,5,3,zero_shot_paired
201,10,14,11,60,1,0,0,0.8106920719146729,0.8106920719146729,0.8106920719146729,0.18930789828300476,14,5,3,zero_shot_paired
201,11,14,12,60,1,0,0,0.5807682275772095,0.5807682275772095,0.5807682275772095,0.4192318320274353,14,5,3,zero_shot_paired
201,12,14,13,60,1,1,1,0.6761924028396606,0.6761924028396606,0.32380759716033936,0.6761924028396606,14,5,3,zero_shot_paired
201,13,14,14,60,1,0,0,0.6190305352210999,0.6190305352210999,0.6190305352210999,0.38096940517425537,14,5,3,zero_shot_paired
201,14,14,17,60,1,1,1,0.8629870414733887,0.8629870414733887,0.13701294362545013,0.8629870414733887,14,5,3,zero_shot_paired
201,0,14,0,60,0,0,1,0.8737889528274536,0.8737889528274536,0.8737889528274536,0.12621107697486877,14,5,3,post_calibration
201,1,14,1,60,0,1,0,0.7361013293266296,0.7361013293266296,0.263898640871048,0.7361013293266296,14,5,3,post_calibration
201,2,14,2,60,1,0,0,0.678817868232727,0.678817868232727,0.678817868232727,0.32118213176727295,14,5,3,post_calibration
201,3,14,3,60,1,1,1,0.567968487739563,0.567968487739563,0.4320315420627594,0.567968487739563,14,5,3,post_calibration
201,4,14,4,60,1,1,1,0.7692834138870239,0.7692834138870239,0.23071657121181488,0.7692834138870239,14,5,3,post_calibration
201,5,14,5,60,1,1,1,0.7270634770393372,0.7270634770393372,0.27293649315834045,0.7270634770393372,14,5,3,post_calibration
201,6,14,6,60,1,0,0,0.6715075969696045,0.6715075969696045,0.6715075969696045,0.3284924030303955,14,5,3,post_calibration
201,7,14,7,60,1,0,0,0.5163096785545349,0.5163096785545349,0.5163096785545349,0.4836903512477875,14,5,3,post_calibration
201,8,14,8,60,0,0,1,0.7408267259597778,0.7408267259597778,0.7408267259597778,0.2591732442378998,14,5,3,post_calibration
201,9,14,10,60,0,1,0,0.7957375049591064,0.7957375049591064,0.20426252484321594,0.7957375049591064,14,5,3,post_calibration
201,10,14,11,60,1,0,0,0.8112523555755615,0.8112523555755615,0.8112523555755615,0.18874767422676086,14,5,3,post_calibration
201,11,14,12,60,1,0,0,0.5838653445243835,0.5838653445243835,0.5838653445243835,0.41613471508026123,14,5,3,post_calibration
201,12,14,13,60,1,1,1,0.6800591349601746,0.6800591349601746,0.31994086503982544,0.6800591349601746,14,5,3,post_calibration
201,13,14,14,60,1,0,0,0.6184888482093811,0.6184888482093811,0.6184888482093811,0.3815111517906189,14,5,3,post_calibration
201,14,14,17,60,1,1,1,0.8615509271621704,0.8615509271621704,0.1384490430355072,0.8615509271621704,14,5,3,post_calibration
202,0,14,0,60,0,0,1,0.8747583627700806,0.8747583627700806,0.8747583627700806,0.12524163722991943,14,6,3,zero_shot_paired
202,1,14,3,60,1,1,1,0.566479504108429,0.566479504108429,0.43352049589157104,0.566479504108429,14,6,3,zero_shot_paired
202,2,14,4,60,1,1,1,0.7632618546485901,0.7632618546485901,0.23673813045024872,0.7632618546485901,14,6,3,zero_shot_paired
202,3,14,5,60,1,1,1,0.7223617434501648,0.7223617434501648,0.27763819694519043,0.7223617434501648,14,6,3,zero_shot_paired
202,4,14,6,60,1,0,0,0.6703757047653198,0.6703757047653198,0.6703757047653198,0.32962435483932495,14,6,3,zero_shot_paired
202,5,14,7,60,1,0,0,0.5198622345924377,0.5198622345924377,0.5198622345924377,0.48013779520988464,14,6,3,zero_shot_paired
202,6,14,8,60,0,0,1,0.7454548478126526,0.7454548478126526,0.7454548478126526,0.2545451521873474,14,6,3,zero_shot_paired
202,7,14,9,60,1,1,1,0.7057264447212219,0.7057264447212219,0.29427358508110046,0.7057264447212219,14,6,3,zero_shot_paired
202,8,14,10,60,0,1,0,0.7958949208259583,0.7958949208259583,0.20410506427288055,0.7958949208259583,14,6,3,zero_shot_paired
202,9,14,11,60,1,0,0,0.8106920719146729,0.8106920719146729,0.8106920719146729,0.18930789828300476,14,6,3,zero_shot_paired
202,10,14,13,60,1,1,1,0.6761924028396606,0.6761924028396606,0.32380759716033936,0.6761924028396606,14,6,3,zero_shot_paired
202,11,14,14,60,1,0,0,0.6190305352210999,0.6190305352210999,0.6190305352210999,0.38096940517425537,14,6,3,zero_shot_paired
202,12,14,15,60,1,1,1,0.597917914390564,0.597917914390564,0.4020821154117584,0.597917914390564,14,6,3,zero_shot_paired
202,13,14,16,60,0,0,1,0.6223840713500977,0.6223840713500977,0.6223840713500977,0.3776159882545471,14,6,3,zero_shot_paired
202,14,14,17,60,1,1,1,0.8629870414733887,0.8629870414733887,0.13701294362545013,0.8629870414733887,14,6,3,zero_shot_paired
202,0,14,0,60,0,0,1,0.8724187612533569,0.8724187612533569,0.8724187612533569,0.12758128345012665,14,6,3,post_calibration
202,1,14,3,60,1,1,1,0.5684214234352112,0.5684214234352112,0.43157854676246643,0.5684214234352112,14,6,3,post_calibration
202,2,14,4,60,1,1,1,0.7543146014213562,0.7543146014213562,0.245685413479805,0.7543146014213562,14,6,3,post_calibration
202,3,14,5,60,1,1,1,0.7208812832832336,0.7208812832832336,0.27911871671676636,0.7208812832832336,14,6,3,post_calibration
202,4,14,6,60,1,0,0,0.6667256951332092,0.6667256951332092,0.6667256951332092,0.33327430486679077,14,6,3,post_calibration
202,5,14,7,60,1,0,0,0.5222859382629395,0.5222859382629395,0.5222859382629395,0.47771409153938293,14,6,3,post_calibration
202,6,14,8,60,0,0,1,0.7552719712257385,0.7552719712257385,0.7552719712257385,0.24472805857658386,14,6,3,post_calibration
202,7,14,9,60,1,1,1,0.705027163028717,0.705027163028717,0.29497280716896057,0.705027163028717,14,6,3,post_calibration
202,8,14,10,60,0,1,0,0.78940749168396,0.78940749168396,0.21059250831604004,0.78940749168396,14,6,3,post_calibration
202,9,14,11,60,1,0,0,0.8110232353210449,0.8110232353210449,0.8110232353210449,0.18897676467895508,14,6,3,post_calibration
202,10,14,13,60,1,1,1,0.6725854277610779,0.6725854277610779,0.32741454243659973,0.6725854277610779,14,6,3,post_calibration
202,11,14,14,60,1,0,0,0.6105514168739319,0.6105514168739319,0.6105514168739319,0.3894485533237457,14,6,3,post_calibration
202,12,14,15,60,1,1,1,0.5867652297019958,0.5867652297019958,0.41323480010032654,0.5867652297019958,14,6,3,post_calibration
202,13,14,16,60,0,0,1,0.6204743385314941,0.6204743385314941,0.6204743385314941,0.37952572107315063,14,6,3,post_calibration
202,14,14,17,60,1,1,1,0.8633546829223633,0.8633546829223633,0.13664528727531433,0.8633546829223633,14,6,3,post_calibration
203,0,14,0,60,0,0,1,0.8747583627700806,0.8747583627700806,0.8747583627700806,0.12524163722991943,14,1,6,zero_shot_paired
203,1,14,2,60,1,0,0,0.6795891523361206,0.6795891523361206,0.6795891523361206,0.320410817861557,14,1,6,zero_shot_paired
203,2,14,3,60,1,1,1,0.566479504108429,0.566479504108429,0.43352049589157104,0.566479504108429,14,1,6,zero_shot_paired
203,3,14,4,60,1,1,1,0.7632618546485901,0.7632618546485901,0.23673813045024872,0.7632618546485901,14,1,6,zero_shot_paired
203,4,14,5,60,1,1,1,0.7223617434501648,0.7223617434501648,0.27763819694519043,0.7223617434501648,14,1,6,zero_shot_paired
203,5,14,7,60,1,0,0,0.5198622345924377,0.5198622345924377,0.5198622345924377,0.48013779520988464,14,1,6,zero_shot_paired
203,6,14,10,60,0,1,0,0.7958949208259583,0.7958949208259583,0.20410506427288055,0.7958949208259583,14,1,6,zero_shot_paired
203,7,14,11,60,1,0,0,0.8106920719146729,0.8106920719146729,0.8106920719146729,0.18930789828300476,14,1,6,zero_shot_paired
203,8,14,12,60,1,0,0,0.5807682275772095,0.5807682275772095,0.5807682275772095,0.4192318320274353,14,1,6,zero_shot_paired
203,9,14,13,60,1,1,1,0.6761924028396606,0.6761924028396606,0.32380759716033936,0.6761924028396606,14,1,6,zero_shot_paired
203,10,14,14,60,1,0,0,0.6190305352210999,0.6190305352210999,0.6190305352210999,0.38096940517425537,14,1,6,zero_shot_paired
203,11,14,16,60,0,0,1,0.6223840713500977,0.6223840713500977,0.6223840713500977,0.3776159882545471,14,1,6,zero_shot_paired
203,0,14,0,60,0,0,1,0.875777006149292,0.875777006149292,0.875777006149292,0.12422297149896622,14,1,6,post_calibration
203,1,14,2,60,1,0,0,0.6845754981040955,0.6845754981040955,0.6845754981040955,0.31542453169822693,14,1,6,post_calibration
203,2,14,3,60,1,1,1,0.5674404501914978,0.5674404501914978,0.4325595796108246,0.5674404501914978,14,1,6,post_calibration
203,3,14,4,60,1,1,1,0.756126880645752,0.756126880645752,0.24387308955192566,0.756126880645752,14,1,6,post_calibration
203,4,14,5,60,1,1,1,0.7169762849807739,0.7169762849807739,0.28302374482154846,0.7169762849807739,14,1,6,post_calibration
203,5,14,7,60,1,0,0,0.5279896855354309,0.5279896855354309,0.5279896855354309,0.4720103442668915,14,1,6,post_calibration
203,6,14,10,60,0,1,0,0.7945232391357422,0.7945232391357422,0.20547674596309662,0.7945232391357422,14,1,6,post_calibration
203,7,14,11,60,1,0,0,0.8097559809684753,0.8097559809684753,0.8097559809684753,0.19024403393268585,14,1,6,post_calibration
203,8,14,12,60,1,0,0,0.5819881558418274,0.5819881558418274,0.5819881558418274,0.4180118441581726,14,1,6,post_calibration
203,9,14,13,60,1,1,1,0.6798732280731201,0.6798732280731201,0.32012680172920227,0.6798732280731201,14,1,6,post_calibration
203,10,14,14,60,1,0,0,0.6133415102958679,0.6133415102958679,0.6133415102958679,0.38665851950645447,14,1,6,post_calibration
203,11,14,16,60,0,0,1,0.6190989017486572,0.6190989017486572,0.6190989017486572,0.3809010684490204,14,1,6,post_calibration
204,0,14,1,60,0,1,0,0.7278213500976562,0.7278213500976562,0.2721787095069885,0.7278213500976562,14,2,6,zero_shot_paired
204,1,14,2,60,1,0,0,0.6795891523361206,0.6795891523361206,0.6795891523361206,0.320410817861557,14,2,6,zero_shot_paired
204,2,14,3,60,1,1,1,0.566479504108429,0.566479504108429,0.43352049589157104,0.566479504108429,14,2,6,zero_shot_paired
204,3,14,6,60,1,0,0,0.6703757047653198,0.6703757047653198,0.6703757047653198,0.32962435483932495,14,2,6,zero_shot_paired
204,4,14,7,60,1,0,0,0.5198622345924377,0.5198622345924377,0.5198622345924377,0.48013779520988464,14,2,6,zero_shot_paired
204,5,14,8,60,0,0,1,0.7454548478126526,0.7454548478126526,0.7454548478126526,0.2545451521873474,14,2,6,zero_shot_paired
204,6,14,9,60,1,1,1,0.7057264447212219,0.7057264447212219,0.29427358508110046,0.7057264447212219,14,2,6,zero_shot_paired
204,7,14,10,60,0,1,0,0.7958949208259583,0.7958949208259583,0.20410506427288055,0.7958949208259583,14,2,6,zero_shot_paired
204,8,14,12,60,1,0,0,0.5807682275772095,0.5807682275772095,0.5807682275772095,0.4192318320274353,14,2,6,zero_shot_paired
204,9,14,13,60,1,1,1,0.6761924028396606,0.6761924028396606,0.32380759716033936,0.6761924028396606,14,2,6,zero_shot_paired
204,10,14,15,60,1,1,1,0.597917914390564,0.597917914390564,0.4020821154117584,0.597917914390564,14,2,6,zero_shot_paired
204,11,14,17,60,1,1,1,0.8629870414733887,0.8629870414733887,0.13701294362545013,0.8629870414733887,14,2,6,zero_shot_paired
204,0,14,1,60,0,1,0,0.731864869594574,0.731864869594574,0.2681351602077484,0.731864869594574,14,2,6,post_calibration
204,1,14,2,60,1,0,0,0.6738794445991516,0.6738794445991516,0.6738794445991516,0.3261204957962036,14,2,6,post_calibration
204,2,14,3,60,1,1,1,0.5803409218788147,0.5803409218788147,0.4196590781211853,0.5803409218788147,14,2,6,post_calibration
204,3,14,6,60,1,0,0,0.6634287238121033,0.6634287238121033,0.6634287238121033,0.33657121658325195,14,2,6,post_calibration
204,4,14,7,60,1,0,0,0.5162944197654724,0.5162944197654724,0.5162944197654724,0.4837055504322052,14,2,6,post_calibration
204,5,14,8,60,0,0,1,0.7405073046684265,0.7405073046684265,0.7405073046684265,0.2594926953315735,14,2,6,post_calibration
204,6,14,9,60,1,1,1,0.7072073221206665,0.7072073221206665,0.2927927076816559,0.7072073221206665,14,2,6,post_calibration
204,7,14,10,60,0,1,0,0.7877501249313354,0.7877501249313354,0.21224988996982574,0.7877501249313354,14,2,6,post_calibration
204,8,14,12,60,1,0,0,0.5728497505187988,0.5728497505187988,0.5728497505187988,0.42715027928352356,14,2,6,post_calibration
204,9,14,13,60,1,1,1,0.6767768263816833,0.6767768263816833,0.32322317361831665,0.6767768263816833,14,2,6,post_calibration
204,10,14,15,60,1,1,1,0.6014216542243958,0.6014216542243958,0.39857834577560425,0.6014216542243958,14,2,6,post_calibration
204,11,14,17,60,1,1,1,0.8650897145271301,0.8650897145271301,0.13491033017635345,0.8650897145271301,14,2,6,post_calibration
205,0,14,0,60,0,0,1,0.8747583627700806,0.8747583627700806,0.8747583627700806,0.12524163722991943,14,3,6,zero_shot_paired
205,1,14,1,60,0,1,0,0.7278213500976562,0.7278213500976562,0.2721787095069885,0.7278213500976562,14,3,6,zero_shot_paired
205,2,14,4,60,1,1,1,0.7632618546485901,0.7632618546485901,0.23673813045024872,0.7632618546485901,14,3,6,zero_shot_paired
205,3,14,5,60,1,1,1,0.7223617434501648,0.7223617434501648,0.27763819694519043,0.7223617434501648,14,3,6,zero_shot_paired
205,4,14,6,60,1,0,0,0.6703757047653198,0.6703757047653198,0.6703757047653198,0.32962435483932495,14,3,6,zero_shot_paired
205,5,14,8,60,0,0,1,0.7454548478126526,0.7454548478126526,0.7454548478126526,0.2545451521873474,14,3,6,zero_shot_paired
205,6,14,9,60,1,1,1,0.7057264447212219,0.7057264447212219,0.29427358508110046,0.7057264447212219,14,3,6,zero_shot_paired
205,7,14,11,60,1,0,0,0.8106920719146729,0.8106920719146729,0.8106920719146729,0.18930789828300476,14,3,6,zero_shot_paired
205,8,14,14,60,1,0,0,0.6190305352210999,0.6190305352210999,0.6190305352210999,0.38096940517425537,14,3,6,zero_shot_paired
205,9,14,15,60,1,1,1,0.597917914390564,0.597917914390564,0.4020821154117584,0.597917914390564,14,3,6,zero_shot_paired
205,10,14,16,60,0,0,1,0.6223840713500977,0.6223840713500977,0.6223840713500977,0.3776159882545471,14,3,6,zero_shot_paired
205,11,14,17,60,1,1,1,0.8629870414733887,0.8629870414733887,0.13701294362545013,0.8629870414733887,14,3,6,zero_shot_paired
205,0,14,0,60,0,0,1,0.853402853012085,0.853402853012085,0.853402853012085,0.14659716188907623,14,3,6,post_calibration
205,1,14,1,60,0,1,0,0.7520822286605835,0.7520822286605835,0.24791771173477173,0.7520822286605835,14,3,6,post_calibration
205,2,14,4,60,1,1,1,0.7718300819396973,0.7718300819396973,0.22816993296146393,0.7718300819396973,14,3,6,post_calibration
205,3,14,5,60,1,1,1,0.7398543953895569,0.7398543953895569,0.2601456344127655,0.7398543953895569,14,3,6,post_calibration
205,4,14,6,60,1,0,0,0.6537057161331177,0.6537057161331177,0.6537057161331177,0.3462942838668823,14,3,6,post_calibration
205,5,14,8,60,0,0,1,0.6981316804885864,0.6981316804885864,0.6981316804885864,0.3018682897090912,14,3,6,post_calibration
205,6,14,9,60,1,1,1,0.7111630439758301,0.7111630439758301,0.2888370156288147,0.7111630439758301,14,3,6,post_calibration
205,7,14,11,60,1,0,0,0.8041609525680542,0.8041609525680542,0.8041609525680542,0.1958390772342682,14,3,6,post_calibration
205,8,14,14,60,1,0,0,0.5993844270706177,0.5993844270706177,0.5993844270706177,0.4006156027317047,14,3,6,post_calibration
205,9,14,15,60,1,1,1,0.5996444821357727,0.5996444821357727,0.4003554880619049,0.5996444821357727,14,3,6,post_calibration
205,10,14,16,60,0,0,1,0.6157415509223938,0.6157415509223938,0.6157415509223938,0.3842584788799286,14,3,6,post_calibration
205,11,14,17,60,1,1,1,0.8702582120895386,0.8702582120895386,0.12974175810813904,0.8702582120895386,14,3,6,post_calibration
206,0,14,1,60,0,1,0,0.7278198003768921,0.7278198003768921,0.2721801996231079,0.7278198003768921,14,1,9,zero_shot_paired
206,1,14,2,60,1,0,0,0.6795825362205505,0.6795825362205505,0.6795825362205505,0.32041746377944946,14,1,9,zero_shot_paired
206,2,14,7,60,1,0,0,0.5198583602905273,0.5198583602905273,0.5198583602905273,0.48014160990715027,14,1,9,zero_shot_paired
206,3,14,8,60,0,0,1,0.7454548478126526,0.7454548478126526,0.7454548478126526,0.2545451521873474,14,1,9,zero_shot_paired
206,4,14,9,60,1,1,1,0.7057264447212219,0.7057264447212219,0.29427358508110046,0.7057264447212219,14,1,9,zero_shot_paired
206,5,14,11,60,1,0,0,0.8106885552406311,0.8106885552406311,0.8106885552406311,0.18931140005588531,14,1,9,zero_shot_paired
206,6,14,13,60,1,1,1,0.6761924028396606,0.6761924028396606,0.32380759716033936,0.6761924028396606,14,1,9,zero_shot_paired
206,7,14,16,60,0,0,1,0.6223804354667664,0.6223804354667664,0.6223804354667664,0.37761959433555603,14,1,9,zero_shot_paired
206,8,14,17,60,1,1,1,0.8629853129386902,0.8629853129386902,0.1370147466659546,0.8629853129386902,14,1,9,zero_shot_paired
206,0,14,1,60,0,1,0,0.7402051687240601,0.7402051687240601,0.25979483127593994,0.7402051687240601,14,1,9,post_calibration
206,1,14,2,60,1,0,0,0.662627637386322,0.662627637386322,0.662627637386322,0.337372362613678,14,1,9,post_calibration
206,2,14,7,60,1,0,0,0.5048826336860657,0.5048826336860657,0.5048826336860657,0.49511733651161194,14,1,9,post_calibration
206,3,14,8,60,0,0,1,0.729245662689209,0.729245662689209,0.729245662689209,0.27075427770614624,14,1,9,post_calibration
206,4,14,9,60,1,1,1,0.706171452999115,0.706171452999115,0.293828547000885,0.706171452999115,14,1,9,post_calibration
206,5,14,11,60,1,0,0,0.803006112575531,0.803006112575531,0.803006112575531,0.1969939023256302,14,1,9,post_calibration
206,6,14,13,60,1,1,1,0.6857308149337769,0.6857308149337769,0.31426915526390076,0.6857308149337769,14,1,9,post_calibration
206,7,14,16,60,0,0,1,0.6201274991035461,0.6201274991035461,0.6201274991035461,0.37987250089645386,14,1,9,post_calibration
206,8,14,17,60,1,1,1,0.870778501033783,0.870778501033783,0.12922148406505585,0.870778501033783,14,1,9,post_calibration
207,0,14,0,60,0,0,1,0.8747625350952148,0.8747625350952148,0.8747625350952148,0.12523746490478516,14,2,9,zero_shot_paired
207,1,14,3,60,1,1,1,0.566481351852417,0.566481351852417,0.4335186183452606,0.566481351852417,14,2,9,zero_shot_paired
207,2,14,4,60,1,1,1,0.7632604837417603,0.7632604837417603,0.23673948645591736,0.7632604837417603,14,2,9,zero_shot_paired
207,3,14,5,60,1,1,1,0.7223617434501648,0.7223617434501648,0.27763819694519043,0.7223617434501648,14,2,9,zero_shot_paired
207,4,14,6,60,1,0,0,0.6703689098358154,0.6703689098358154,0.6703689098358154,0.3296310603618622,14,2,9,zero_shot_paired
207,5,14,10,60,0,1,0,0.7958949208259583,0.7958949208259583,0.20410506427288055,0.7958949208259583,14,2,9,zero_shot_paired
207,6,14,12,60,1,0,0,0.5807663798332214,0.5807663798332214,0.5807663798332214,0.41923362016677856,14,2,9,zero_shot_paired
207,7,14,14,60,1,0,0,0.6190323829650879,0.6190323829650879,0.6190323829650879,0.3809676468372345,14,2,9,zero_shot_paired
207,8,14,15,60,1,1,1,0.5979142785072327,0.5979142785072327,0.4020857810974121,0.5979142785072327,14,2,9,zero_shot_paired
207,0,14,0,60,0,0,1,0.8673854470252991,0.8673854470252991,0.8673854470252991,0.13261456787586212,14,2,9,post_calibration
207,1,14,3,60,1,1,1,0.5829510688781738,0.5829510688781738,0.4170488715171814,0.5829510688781738,14,2,9,post_calibration
207,2,14,4,60,1,1,1,0.7603477239608765,0.7603477239608765,0.23965229094028473,0.7603477239608765,14,2,9,post_calibration
207,3,14,5,60,1,1,1,0.7286578416824341,0.7286578416824341,0.2713421881198883,0.7286578416824341,14,2,9,post_calibration
207,4,14,6,60,1,0,0,0.6602305173873901,0.6602305173873901,0.6602305173873901,0.3397694230079651,14,2,9,post_calibration
207,5,14,10,60,0,1,0,0.7917506694793701,0.7917506694793701,0.20824936032295227,0.7917506694793701,14,2,9,post_calibration
207,6,14,12,60,1,0,0,0.5733144879341125,0.5733144879341125,0.5733144879341125,0.42668548226356506,14,2,9,post_calibration
207,7,14,14,60,1,0,0,0.6119111776351929,0.6119111776351929,0.6119111776351929,0.3880888521671295,14,2,9,post_calibration
207,8,14,15,60,1,1,1,0.5925358533859253,0.5925358533859253,0.4074642062187195,0.5925358533859253,14,2,9,post_calibration
208,0,14,1,60,0,1,0,0.7277593612670898,0.7277593612670898,0.27224063873291016,0.7277593612670898,14,1,12,zero_shot_paired
208,1,14,2,60,1,0,0,0.6796788573265076,0.6796788573265076,0.6796788573265076,0.32032111287117004,14,1,12,zero_shot_paired
208,2,14,6,60,1,0,0,0.6703537106513977,0.6703537106513977,0.6703537106513977,0.3296462595462799,14,1,12,zero_shot_paired
208,3,14,8,60,0,0,1,0.7454273104667664,0.7454273104667664,0.7454273104667664,0.25457268953323364,14,1,12,zero_shot_paired
208,4,14,11,60,1,0,0,0.8106160163879395,0.8106160163879395,0.8106160163879395,0.18938402831554413,14,1,12,zero_shot_paired
208,5,14,12,60,1,0,0,0.5807366371154785,0.5807366371154785,0.5807366371154785,0.41926339268684387,14,1,12,zero_shot_paired
208,0,14,1,60,0,1,0,0.7363709807395935,0.7363709807395935,0.2636290192604065,0.7363709807395935,14,1,12,post_calibration
208,1,14,2,60,1,0,0,0.6774773597717285,0.6774773597717285,0.6774773597717285,0.32252267003059387,14,1,12,post_calibration
208,2,14,6,60,1,0,0,0.6612533330917358,0.6612533330917358,0.6612533330917358,0.33874672651290894,14,1,12,post_calibration
208,3,14,8,60,0,0,1,0.7347712516784668,0.7347712516784668,0.7347712516784668,0.2652287483215332,14,1,12,post_calibration
208,4,14,11,60,1,0,0,0.8053584694862366,0.8053584694862366,0.8053584694862366,0.19464153051376343,14,1,12,post_calibration
208,5,14,12,60,1,0,0,0.5780909061431885,0.5780909061431885,0.5780909061431885,0.42190903425216675,14,1,12,post_calibration
209,0,14,0,60,0,0,1,0.8748001456260681,0.8748001456260681,0.8748001456260681,0.12519985437393188,14,2,12,zero_shot_paired
209,1,14,2,60,1,0,0,0.6796788573265076,0.6796788573265076,0.6796788573265076,0.32032111287117004,14,2,12,zero_shot_paired
209,2,14,3,60,1,1,1,0.5667436718940735,0.5667436718940735,0.4332563281059265,0.5667436718940735,14,2,12,zero_shot_paired
209,3,14,4,60,1,1,1,0.7633431553840637,0.7633431553840637,0.2366567999124527,0.7633431553840637,14,2,12,zero_shot_paired
209,4,14,10,60,0,1,0,0.7959023714065552,0.7959023714065552,0.2040976583957672,0.7959023714065552,14,2,12,zero_shot_paired
209,5,14,13,60,1,1,1,0.6762542724609375,0.6762542724609375,0.3237457871437073,0.6762542724609375,14,2,12,zero_shot_paired
209,0,14,0,60,0,0,1,0.8544278144836426,0.8544278144836426,0.8544278144836426,0.14557217061519623,14,2,12,post_calibration
209,1,14,2,60,1,0,0,0.6692857146263123,0.6692857146263123,0.6692857146263123,0.33071431517601013,14,2,12,post_calibration
209,2,14,3,60,1,1,1,0.5885307788848877,0.5885307788848877,0.4114692211151123,0.5885307788848877,14,2,12,post_calibration
209,3,14,4,60,1,1,1,0.7654043436050415,0.7654043436050415,0.2345956414937973,0.7654043436050415,14,2,12,post_calibration
209,4,14,10,60,0,1,0,0.78167325258255,0.78167325258255,0.21832674741744995,0.78167325258255,14,2,12,post_calibration
209,5,14,13,60,1,1,1,0.6828579902648926,0.6828579902648926,0.3171420097351074,0.6828579902648926,14,2,12,post_calibration
210,0,14,1,60,0,1,0,0.7277593612670898,0.7277593612670898,0.27224063873291016,0.7277593612670898,14,3,12,zero_shot_paired
210,1,14,3,60,1,1,1,0.5667436718940735,0.5667436718940735,0.4332563281059265,0.5667436718940735,14,3,12,zero_shot_paired
210,2,14,7,60,1,0,0,0.5197860598564148,0.5197860598564148,0.5197860598564148,0.4802139699459076,14,3,12,zero_shot_paired
210,3,14,10,60,0,1,0,0.7959023714065552,0.7959023714065552,0.2040976583957672,0.7959023714065552,14,3,12,zero_shot_paired
210,4,14,11,60,1,0,0,0.8106160163879395,0.8106160163879395,0.8106160163879395,0.18938402831554413,14,3,12,zero_shot_paired
210,5,14,15,60,1,1,1,0.597980260848999,0.597980260848999,0.40201976895332336,0.597980260848999,14,3,12,zero_shot_paired
210,0,14,1,60,0,1,0,0.7463860511779785,0.7463860511779785,0.25361397862434387,0.7463860511779785,14,3,12,post_calibration
210,1,14,3,60,1,1,1,0.5902829766273499,0.5902829766273499,0.4097170829772949,0.5902829766273499,14,3,12,post_calibration
210,2,14,7,60,1,0,0,0.5082886219024658,0.5082886219024658,0.5082886219024658,0.49171140789985657,14,3,12,post_calibration
210,3,14,10,60,0,1,0,0.7926197648048401,0.7926197648048401,0.20738022029399872,0.7926197648048401,14,3,12,post_calibration
210,4,14,11,60,1,0,0,0.8048520684242249,0.8048520684242249,0.8048520684242249,0.19514793157577515,14,3,12,post_calibration
210,5,14,15,60,1,1,1,0.6014910936355591,0.6014910936355591,0.39850884675979614,0.6014910936355591,14,3,12,post_calibration
16,0,15,0,60,0,1,0,0.5753718018531799,0.5753718018531799,0.42462822794914246,0.5753718018531799,15,,,zero_shot_all_trials
16,1,15,1,60,0,1,0,0.8095642924308777,0.8095642924308777,0.19043567776679993,0.8095642924308777,15,,,zero_shot_all_trials
16,2,15,2,60,1,1,1,0.6025750637054443,0.6025750637054443,0.3974248766899109,0.6025750637054443,15,,,zero_shot_all_trials
16,3,15,3,60,1,0,0,0.5871462821960449,0.5871462821960449,0.5871462821960449,0.41285374760627747,15,,,zero_shot_all_trials
16,4,15,4,60,1,1,1,0.5911831259727478,0.5911831259727478,0.4088169038295746,0.5911831259727478,15,,,zero_shot_all_trials
16,5,15,5,60,1,1,1,0.6357296705245972,0.6357296705245972,0.36427032947540283,0.6357296705245972,15,,,zero_shot_all_trials
16,6,15,6,60,1,1,1,0.8895228505134583,0.8895228505134583,0.11047714948654175,0.8895228505134583,15,,,zero_shot_all_trials
16,7,15,7,60,1,0,0,0.614231288433075,0.614231288433075,0.614231288433075,0.38576868176460266,15,,,zero_shot_all_trials
16,8,15,8,60,0,0,1,0.7719160914421082,0.7719160914421082,0.7719160914421082,0.22808398306369781,15,,,zero_shot_all_trials
16,9,15,9,60,0,0,1,0.6068024635314941,0.6068024635314941,0.6068024635314941,0.39319750666618347,15,,,zero_shot_all_trials
16,10,15,10,60,1,0,0,0.6131388545036316,0.6131388545036316,0.6131388545036316,0.3868611752986908,15,,,zero_shot_all_trials
16,11,15,11,60,0,1,0,0.8294564485549927,0.8294564485549927,0.1705436110496521,0.8294564485549927,15,,,zero_shot_all_trials
16,12,15,12,60,1,1,1,0.6182475686073303,0.6182475686073303,0.3817524015903473,0.6182475686073303,15,,,zero_shot_all_trials
16,13,15,13,60,0,1,0,0.5984075665473938,0.5984075665473938,0.4015924632549286,0.5984075665473938,15,,,zero_shot_all_trials
16,14,15,14,60,0,1,0,0.5527528524398804,0.5527528524398804,0.44724711775779724,0.5527528524398804,15,,,zero_shot_all_trials
16,15,15,15,60,1,0,0,0.6443055272102356,0.6443055272102356,0.6443055272102356,0.3556944727897644,15,,,zero_shot_all_trials
16,16,15,16,60,1,0,0,0.5767598748207092,0.5767598748207092,0.5767598748207092,0.4232400953769684,15,,,zero_shot_all_trials
16,17,15,17,60,1,0,0,0.7048002481460571,0.7048002481460571,0.7048002481460571,0.29519975185394287,15,,,zero_shot_all_trials
211,0,15,0,60,0,1,0,0.5753774046897888,0.5753774046897888,0.4246225953102112,0.5753774046897888,15,1,3,zero_shot_paired
211,1,15,1,60,0,1,0,0.809565544128418,0.809565544128418,0.1904345154762268,0.809565544128418,15,1,3,zero_shot_paired
211,2,15,2,60,1,1,1,0.6025677919387817,0.6025677919387817,0.3974321782588959,0.6025677919387817,15,1,3,zero_shot_paired
211,3,15,3,60,1,0,0,0.5871332883834839,0.5871332883834839,0.5871332883834839,0.4128667116165161,15,1,3,zero_shot_paired
211,4,15,4,60,1,1,1,0.5911756753921509,0.5911756753921509,0.40882426500320435,0.5911756753921509,15,1,3,zero_shot_paired
211,5,15,6,60,1,1,1,0.889522135257721,0.889522135257721,0.11047790199518204,0.889522135257721,15,1,3,zero_shot_paired
211,6,15,7,60,1,0,0,0.614233136177063,0.614233136177063,0.614233136177063,0.3857668936252594,15,1,3,zero_shot_paired
211,7,15,8,60,0,0,1,0.7719200253486633,0.7719200253486633,0.7719200253486633,0.2280799001455307,15,1,3,zero_shot_paired
211,8,15,9,60,0,0,1,0.6068134307861328,0.6068134307861328,0.6068134307861328,0.3931865990161896,15,1,3,zero_shot_paired
211,9,15,10,60,1,0,0,0.6131370067596436,0.6131370067596436,0.6131370067596436,0.38686296343803406,15,1,3,zero_shot_paired
211,10,15,11,60,0,1,0,0.8294564485549927,0.8294564485549927,0.1705436110496521,0.8294564485549927,15,1,3,zero_shot_paired
211,11,15,14,60,0,1,0,0.552758514881134,0.552758514881134,0.44724148511886597,0.552758514881134,15,1,3,zero_shot_paired
211,12,15,15,60,1,0,0,0.6443089842796326,0.6443089842796326,0.6443089842796326,0.35569095611572266,15,1,3,zero_shot_paired
211,13,15,16,60,1,0,0,0.5767524242401123,0.5767524242401123,0.5767524242401123,0.4232475459575653,15,1,3,zero_shot_paired
211,14,15,17,60,1,0,0,0.704803466796875,0.704803466796875,0.704803466796875,0.2951965630054474,15,1,3,zero_shot_paired
211,0,15,0,60,0,1,0,0.5791736245155334,0.5791736245155334,0.42082643508911133,0.5791736245155334,15,1,3,post_calibration
211,1,15,1,60,0,1,0,0.8102714419364929,0.8102714419364929,0.18972860276699066,0.8102714419364929,15,1,3,post_calibration
211,2,15,2,60,1,1,1,0.6075922250747681,0.6075922250747681,0.39240777492523193,0.6075922250747681,15,1,3,post_calibration
211,3,15,3,60,1,0,0,0.5861638784408569,0.5861638784408569,0.5861638784408569,0.41383615136146545,15,1,3,post_calibration
211,4,15,4,60,1,1,1,0.5997287631034851,0.5997287631034851,0.4002712666988373,0.5997287631034851,15,1,3,post_calibration
211,5,15,6,60,1,1,1,0.8920177221298218,0.8920177221298218,0.10798229277133942,0.8920177221298218,15,1,3,post_calibration
211,6,15,7,60,1,0,0,0.6113076210021973,0.6113076210021973,0.6113076210021973,0.38869234919548035,15,1,3,post_calibration
211,7,15,8,60,0,0,1,0.7796457409858704,0.7796457409858704,0.7796457409858704,0.22035422921180725,15,1,3,post_calibration
211,8,15,9,60,0,0,1,0.6008490920066833,0.6008490920066833,0.6008490920066833,0.39915093779563904,15,1,3,post_calibration
211,9,15,10,60,1,0,0,0.6144897937774658,0.6144897937774658,0.6144897937774658,0.38551023602485657,15,1,3,post_calibration
211,10,15,11,60,0,1,0,0.8310027718544006,0.8310027718544006,0.16899727284908295,0.8310027718544006,15,1,3,post_calibration
211,11,15,14,60,0,1,0,0.5417289733886719,0.5417289733886719,0.4582710564136505,0.5417289733886719,15,1,3,post_calibration
211,12,15,15,60,1,0,0,0.6388669610023499,0.6388669610023499,0.6388669610023499,0.36113303899765015,15,1,3,post_calibration
211,13,15,16,60,1,0,0,0.5690689086914062,0.5690689086914062,0.5690689086914062,0.43093109130859375,15,1,3,post_calibration
211,14,15,17,60,1,0,0,0.7100788950920105,0.7100788950920105,0.7100788950920105,0.2899211049079895,15,1,3,post_calibration
212,0,15,0,60,0,1,0,0.5753681063652039,0.5753681063652039,0.42463189363479614,0.5753681063652039,15,2,3,zero_shot_paired
212,1,15,1,60,0,1,0,0.8095678687095642,0.8095678687095642,0.19043216109275818,0.8095678687095642,15,2,3,zero_shot_paired
212,2,15,2,60,1,1,1,0.6025660037994385,0.6025660037994385,0.3974340558052063,0.6025660037994385,15,2,3,zero_shot_paired
212,3,15,3,60,1,0,0,0.5871443748474121,0.5871443748474121,0.5871443748474121,0.4128555953502655,15,2,3,zero_shot_paired
212,4,15,5,60,1,1,1,0.6357278823852539,0.6357278823852539,0.3642721176147461,0.6357278823852539,15,2,3,zero_shot_paired
212,5,15,6,60,1,1,1,0.8895168304443359,0.8895168304443359,0.11048314720392227,0.8895168304443359,15,2,3,zero_shot_paired
212,6,15,9,60,0,0,1,0.6068042516708374,0.6068042516708374,0.6068042516708374,0.3931957185268402,15,2,3,zero_shot_paired
212,7,15,10,60,1,0,0,0.6131442785263062,0.6131442785263062,0.6131442785263062,0.38685572147369385,15,2,3,zero_shot_paired
212,8,15,11,60,0,1,0,0.8294564485549927,0.8294564485549927,0.1705436110496521,0.8294564485549927,15,2,3,zero_shot_paired
212,9,15,12,60,1,1,1,0.6182529926300049,0.6182529926300049,0.3817470073699951,0.6182529926300049,15,2,3,zero_shot_paired
212,10,15,13,60,0,1,0,0.5984167456626892,0.5984167456626892,0.40158331394195557,0.5984167456626892,15,2,3,zero_shot_paired
212,11,15,14,60,0,1,0,0.5527547597885132,0.5527547597885132,0.4472452700138092,0.5527547597885132,15,2,3,zero_shot_paired
212,12,15,15,60,1,0,0,0.6443073153495789,0.6443073153495789,0.6443073153495789,0.35569271445274353,15,2,3,zero_shot_paired
212,13,15,16,60,1,0,0,0.576758086681366,0.576758086681366,0.576758086681366,0.4232419729232788,15,2,3,zero_shot_paired
212,14,15,17,60,1,0,0,0.7048144936561584,0.7048144936561584,0.7048144936561584,0.2951854467391968,15,2,3,zero_shot_paired
212,0,15,0,60,0,1,0,0.5768995881080627,0.5768995881080627,0.42310041189193726,0.5768995881080627,15,2,3,post_calibration
212,1,15,1,60,0,1,0,0.8271714448928833,0.8271714448928833,0.1728285551071167,0.8271714448928833,15,2,3,post_calibration
212,2,15,2,60,1,1,1,0.6239660382270813,0.6239660382270813,0.3760340213775635,0.6239660382270813,15,2,3,post_calibration
212,3,15,3,60,1,0,0,0.5817932486534119,0.5817932486534119,0.5817932486534119,0.41820672154426575,15,2,3,post_calibration
212,4,15,5,60,1,1,1,0.6674237847328186,0.6674237847328186,0.3325762450695038,0.6674237847328186,15,2,3,post_calibration
212,5,15,6,60,1,1,1,0.8984383940696716,0.8984383940696716,0.10156159102916718,0.8984383940696716,15,2,3,post_calibration
212,6,15,9,60,0,0,1,0.5951378345489502,0.5951378345489502,0.5951378345489502,0.4048621952533722,15,2,3,post_calibration
212,7,15,10,60,1,0,0,0.6002213358879089,0.6002213358879089,0.6002213358879089,0.39977872371673584,15,2,3,post_calibration
212,8,15,11,60,0,1,0,0.831816554069519,0.831816554069519,0.16818346083164215,0.831816554069519,15,2,3,post_calibration
212,9,15,12,60,1,1,1,0.6329335570335388,0.6329335570335388,0.3670664131641388,0.6329335570335388,15,2,3,post_calibration
212,10,15,13,60,0,1,0,0.6087303757667542,0.6087303757667542,0.39126965403556824,0.6087303757667542,15,2,3,post_calibration
212,11,15,14,60,0,1,0,0.5437189340591431,0.5437189340591431,0.45628106594085693,0.5437189340591431,15,2,3,post_calibration
212,12,15,15,60,1,0,0,0.6191025376319885,0.6191025376319885,0.6191025376319885,0.38089749217033386,15,2,3,post_calibration
212,13,15,16,60,1,0,0,0.5511811971664429,0.5511811971664429,0.5511811971664429,0.44881880283355713,15,2,3,post_calibration
212,14,15,17,60,1,0,0,0.702553927898407,0.702553927898407,0.702553927898407,0.29744601249694824,15,2,3,post_calibration
213,0,15,1,60,0,1,0,0.8095678687095642,0.8095678687095642,0.19043216109275818,0.8095678687095642,15,3,3,zero_shot_paired
213,1,15,2,60,1,1,1,0.6025660037994385,0.6025660037994385,0.3974340558052063,0.6025660037994385,15,3,3,zero_shot_paired
213,2,15,4,60,1,1,1,0.5911849141120911,0.5911849141120911,0.40881505608558655,0.5911849141120911,15,3,3,zero_shot_paired
213,3,15,5,60,1,1,1,0.6357278823852539,0.6357278823852539,0.3642721176147461,0.6357278823852539,15,3,3,zero_shot_paired
213,4,15,7,60,1,0,0,0.6142295002937317,0.6142295002937317,0.6142295002937317,0.3857704997062683,15,3,3,zero_shot_paired
213,5,15,8,60,0,0,1,0.7719200253486633,0.7719200253486633,0.7719200253486633,0.2280799001455307,15,3,3,zero_shot_paired
213,6,15,9,60,0,0,1,0.6068042516708374,0.6068042516708374,0.6068042516708374,0.3931957185268402,15,3,3,zero_shot_paired
213,7,15,10,60,1,0,0,0.6131442785263062,0.6131442785263062,0.6131442785263062,0.38685572147369385,15,3,3,zero_shot_paired
213,8,15,11,60,0,1,0,0.8294564485549927,0.8294564485549927,0.1705436110496521,0.8294564485549927,15,3,3,zero_shot_paired
213,9,15,12,60,1,1,1,0.6182529926300049,0.6182529926300049,0.3817470073699951,0.6182529926300049,15,3,3,zero_shot_paired
213,10,15,13,60,0,1,0,0.5984167456626892,0.5984167456626892,0.40158331394195557,0.5984167456626892,15,3,3,zero_shot_paired
213,11,15,14,60,0,1,0,0.5527547597885132,0.5527547597885132,0.4472452700138092,0.5527547597885132,15,3,3,zero_shot_paired
213,12,15,15,60,1,0,0,0.6443073153495789,0.6443073153495789,0.6443073153495789,0.35569271445274353,15,3,3,zero_shot_paired
213,13,15,16,60,1,0,0,0.576758086681366,0.576758086681366,0.576758086681366,0.4232419729232788,15,3,3,zero_shot_paired
213,14,15,17,60,1,0,0,0.7048144936561584,0.7048144936561584,0.7048144936561584,0.2951854467391968,15,3,3,zero_shot_paired
213,0,15,1,60,0,1,0,0.8200036883354187,0.8200036883354187,0.1799962818622589,0.8200036883354187,15,3,3,post_calibration
213,1,15,2,60,1,1,1,0.6100415587425232,0.6100415587425232,0.3899584710597992,0.6100415587425232,15,3,3,post_calibration
213,2,15,4,60,1,1,1,0.5959941744804382,0.5959941744804382,0.40400582551956177,0.5959941744804382,15,3,3,post_calibration
213,3,15,5,60,1,1,1,0.6432294845581055,0.6432294845581055,0.35677051544189453,0.6432294845581055,15,3,3,post_calibration
213,4,15,7,60,1,0,0,0.6033257842063904,0.6033257842063904,0.6033257842063904,0.3966742157936096,15,3,3,post_calibration
213,5,15,8,60,0,0,1,0.7749455571174622,0.7749455571174622,0.7749455571174622,0.22505448758602142,15,3,3,post_calibration
213,6,15,9,60,0,0,1,0.6076067686080933,0.6076067686080933,0.6076067686080933,0.39239320158958435,15,3,3,post_calibration
213,7,15,10,60,1,0,0,0.6168041825294495,0.6168041825294495,0.6168041825294495,0.38319581747055054,15,3,3,post_calibration
213,8,15,11,60,0,1,0,0.8287439942359924,0.8287439942359924,0.17125602066516876,0.8287439942359924,15,3,3,post_calibration
213,9,15,12,60,1,1,1,0.6191726922988892,0.6191726922988892,0.38082730770111084,0.6191726922988892,15,3,3,post_calibration
213,10,15,13,60,0,1,0,0.6022516489028931,0.6022516489028931,0.39774829149246216,0.6022516489028931,15,3,3,post_calibration
213,11,15,14,60,0,1,0,0.5535430312156677,0.5535430312156677,0.44645699858665466,0.5535430312156677,15,3,3,post_calibration
213,12,15,15,60,1,0,0,0.6390764117240906,0.6390764117240906,0.6390764117240906,0.3609236180782318,15,3,3,post_calibration
213,13,15,16,60,1,0,0,0.5712359547615051,0.5712359547615051,0.5712359547615051,0.4287640154361725,15,3,3,post_calibration
213,14,15,17,60,1,0,0,0.6903373599052429,0.6903373599052429,0.6903373599052429,0.30966269969940186,15,3,3,post_calibration
214,0,15,0,60,0,1,0,0.5753681063652039,0.5753681063652039,0.42463189363479614,0.5753681063652039,15,4,3,zero_shot_paired
214,1,15,1,60,0,1,0,0.8095678687095642,0.8095678687095642,0.19043216109275818,0.8095678687095642,15,4,3,zero_shot_paired
214,2,15,3,60,1,0,0,0.5871443748474121,0.5871443748474121,0.5871443748474121,0.4128555953502655,15,4,3,zero_shot_paired
214,3,15,4,60,1,1,1,0.5911849141120911,0.5911849141120911,0.40881505608558655,0.5911849141120911,15,4,3,zero_shot_paired
214,4,15,5,60,1,1,1,0.6357278823852539,0.6357278823852539,0.3642721176147461,0.6357278823852539,15,4,3,zero_shot_paired
214,5,15,6,60,1,1,1,0.8895168304443359,0.8895168304443359,0.11048314720392227,0.8895168304443359,15,4,3,zero_shot_paired
214,6,15,7,60,1,0,0,0.6142295002937317,0.6142295002937317,0.6142295002937317,0.3857704997062683,15,4,3,zero_shot_paired
214,7,15,8,60,0,0,1,0.7719200253486633,0.7719200253486633,0.7719200253486633,0.2280799001455307,15,4,3,zero_shot_paired
214,8,15,9,60,0,0,1,0.6068042516708374,0.6068042516708374,0.6068042516708374,0.3931957185268402,15,4,3,zero_shot_paired
214,9,15,10,60,1,0,0,0.6131442785263062,0.6131442785263062,0.6131442785263062,0.38685572147369385,15,4,3,zero_shot_paired
214,10,15,12,60,1,1,1,0.6182529926300049,0.6182529926300049,0.3817470073699951,0.6182529926300049,15,4,3,zero_shot_paired
214,11,15,13,60,0,1,0,0.5984167456626892,0.5984167456626892,0.40158331394195557,0.5984167456626892,15,4,3,zero_shot_paired
214,12,15,14,60,0,1,0,0.5527547597885132,0.5527547597885132,0.4472452700138092,0.5527547597885132,15,4,3,zero_shot_paired
214,13,15,15,60,1,0,0,0.6443073153495789,0.6443073153495789,0.6443073153495789,0.35569271445274353,15,4,3,zero_shot_paired
214,14,15,16,60,1,0,0,0.576758086681366,0.576758086681366,0.576758086681366,0.4232419729232788,15,4,3,zero_shot_paired
214,0,15,0,60,0,1,0,0.5929428339004517,0.5929428339004517,0.4070571959018707,0.5929428339004517,15,4,3,post_calibration
214,1,15,1,60,0,1,0,0.8218397498130798,0.8218397498130798,0.17816023528575897,0.8218397498130798,15,4,3,post_calibration
214,2,15,3,60,1,0,0,0.5642635822296143,0.5642635822296143,0.5642635822296143,0.43573641777038574,15,4,3,post_calibration
214,3,15,4,60,1,1,1,0.5877582430839539,0.5877582430839539,0.41224172711372375,0.5877582430839539,15,4,3,post_calibration
214,4,15,5,60,1,1,1,0.6578853726387024,0.6578853726387024,0.3421145975589752,0.6578853726387024,15,4,3,post_calibration
214,5,15,6,60,1,1,1,0.8971812725067139,0.8971812725067139,0.10281873494386673,0.8971812725067139,15,4,3,post_calibration
214,6,15,7,60,1,0,0,0.5903308987617493,0.5903308987617493,0.5903308987617493,0.40966907143592834,15,4,3,post_calibration
214,7,15,8,60,0,0,1,0.7808218598365784,0.7808218598365784,0.7808218598365784,0.2191781848669052,15,4,3,post_calibration
214,8,15,9,60,0,0,1,0.5965286493301392,0.5965286493301392,0.5965286493301392,0.4034713804721832,15,4,3,post_calibration
214,9,15,10,60,1,0,0,0.616050124168396,0.616050124168396,0.616050124168396,0.3839498460292816,15,4,3,post_calibration
214,10,15,12,60,1,1,1,0.6183664202690125,0.6183664202690125,0.38163360953330994,0.6183664202690125,15,4,3,post_calibration
214,11,15,13,60,0,1,0,0.59978187084198,0.59978187084198,0.4002181589603424,0.59978187084198,15,4,3,post_calibration
214,12,15,14,60,0,1,0,0.5492855906486511,0.5492855906486511,0.45071446895599365,0.5492855906486511,15,4,3,post_calibration
214,13,15,15,60,1,0,0,0.6260009407997131,0.6260009407997131,0.6260009407997131,0.37399905920028687,15,4,3,post_calibration
214,14,15,16,60,1,0,0,0.5493346452713013,0.5493346452713013,0.5493346452713013,0.45066532492637634,15,4,3,post_calibration
215,0,15,0,60,0,1,0,0.5753681063652039,0.5753681063652039,0.42463189363479614,0.5753681063652039,15,5,3,zero_shot_paired
215,1,15,1,60,0,1,0,0.8095678687095642,0.8095678687095642,0.19043216109275818,0.8095678687095642,15,5,3,zero_shot_paired
215,2,15,2,60,1,1,1,0.6025660037994385,0.6025660037994385,0.3974340558052063,0.6025660037994385,15,5,3,zero_shot_paired
215,3,15,3,60,1,0,0,0.5871443748474121,0.5871443748474121,0.5871443748474121,0.4128555953502655,15,5,3,zero_shot_paired
215,4,15,4,60,1,1,1,0.5911849141120911,0.5911849141120911,0.40881505608558655,0.5911849141120911,15,5,3,zero_shot_paired
215,5,15,5,60,1,1,1,0.6357278823852539,0.6357278823852539,0.3642721176147461,0.6357278823852539,15,5,3,zero_shot_paired
215,6,15,6,60,1,1,1,0.8895168304443359,0.8895168304443359,0.11048314720392227,0.8895168304443359,15,5,3,zero_shot_paired
215,7,15,7,60,1,0,0,0.6142295002937317,0.6142295002937317,0.6142295002937317,0.3857704997062683,15,5,3,zero_shot_paired
215,8,15,8,60,0,0,1,0.7719200253486633,0.7719200253486633,0.7719200253486633,0.2280799001455307,15,5,3,zero_shot_paired
215,9,15,9,60,0,0,1,0.6068042516708374,0.6068042516708374,0.6068042516708374,0.3931957185268402,15,5,3,zero_shot_paired
215,10,15,11,60,0,1,0,0.8294564485549927,0.8294564485549927,0.1705436110496521,0.8294564485549927,15,5,3,zero_shot_paired
215,11,15,12,60,1,1,1,0.6182529926300049,0.6182529926300049,0.3817470073699951,0.6182529926300049,15,5,3,zero_shot_paired
215,12,15,13,60,0,1,0,0.5984167456626892,0.5984167456626892,0.40158331394195557,0.5984167456626892,15,5,3,zero_shot_paired
215,13,15,15,60,1,0,0,0.6443073153495789,0.6443073153495789,0.6443073153495789,0.35569271445274353,15,5,3,zero_shot_paired
215,14,15,17,60,1,0,0,0.7048144936561584,0.7048144936561584,0.7048144936561584,0.2951854467391968,15,5,3,zero_shot_paired
215,0,15,0,60,0,1,0,0.5812901258468628,0.5812901258468628,0.4187099039554596,0.5812901258468628,15,5,3,post_calibration
215,1,15,1,60,0,1,0,0.815424382686615,0.815424382686615,0.18457567691802979,0.815424382686615,15,5,3,post_calibration
215,2,15,2,60,1,1,1,0.6272557973861694,0.6272557973861694,0.37274420261383057,0.6272557973861694,15,5,3,post_calibration
215,3,15,3,60,1,0,0,0.590817928314209,0.590817928314209,0.590817928314209,0.409182071685791,15,5,3,post_calibration
215,4,15,4,60,1,1,1,0.5997709035873413,0.5997709035873413,0.4002290964126587,0.5997709035873413,15,5,3,post_calibration
215,5,15,5,60,1,1,1,0.6440187096595764,0.6440187096595764,0.3559812307357788,0.6440187096595764,15,5,3,post_calibration
215,6,15,6,60,1,1,1,0.8974744081497192,0.8974744081497192,0.10252563655376434,0.8974744081497192,15,5,3,post_calibration
215,7,15,7,60,1,0,0,0.595102846622467,0.595102846622467,0.595102846622467,0.40489715337753296,15,5,3,post_calibration
215,8,15,8,60,0,0,1,0.7832432985305786,0.7832432985305786,0.7832432985305786,0.2167566865682602,15,5,3,post_calibration
215,9,15,9,60,0,0,1,0.5749915242195129,0.5749915242195129,0.5749915242195129,0.42500850558280945,15,5,3,post_calibration
215,10,15,11,60,0,1,0,0.8327058553695679,0.8327058553695679,0.16729411482810974,0.8327058553695679,15,5,3,post_calibration
215,11,15,12,60,1,1,1,0.6251180768013,0.6251180768013,0.37488189339637756,0.6251180768013,15,5,3,post_calibration
215,12,15,13,60,0,1,0,0.592231810092926,0.592231810092926,0.4077681601047516,0.592231810092926,15,5,3,post_calibration
215,13,15,15,60,1,0,0,0.6261420845985413,0.6261420845985413,0.6261420845985413,0.3738579750061035,15,5,3,post_calibration
215,14,15,17,60,1,0,0,0.7130071520805359,0.7130071520805359,0.7130071520805359,0.2869928479194641,15,5,3,post_calibration
216,0,15,0,60,0,1,0,0.5753681063652039,0.5753681063652039,0.42463189363479614,0.5753681063652039,15,6,3,zero_shot_paired
216,1,15,2,60,1,1,1,0.6025660037994385,0.6025660037994385,0.3974340558052063,0.6025660037994385,15,6,3,zero_shot_paired
216,2,15,3,60,1,0,0,0.5871443748474121,0.5871443748474121,0.5871443748474121,0.4128555953502655,15,6,3,zero_shot_paired
216,3,15,4,60,1,1,1,0.5911849141120911,0.5911849141120911,0.40881505608558655,0.5911849141120911,15,6,3,zero_shot_paired
216,4,15,5,60,1,1,1,0.6357278823852539,0.6357278823852539,0.3642721176147461,0.6357278823852539,15,6,3,zero_shot_paired
216,5,15,6,60,1,1,1,0.8895168304443359,0.8895168304443359,0.11048314720392227,0.8895168304443359,15,6,3,zero_shot_paired
216,6,15,7,60,1,0,0,0.6142295002937317,0.6142295002937317,0.6142295002937317,0.3857704997062683,15,6,3,zero_shot_paired
216,7,15,8,60,0,0,1,0.7719200253486633,0.7719200253486633,0.7719200253486633,0.2280799001455307,15,6,3,zero_shot_paired
216,8,15,10,60,1,0,0,0.6131442785263062,0.6131442785263062,0.6131442785263062,0.38685572147369385,15,6,3,zero_shot_paired
216,9,15,11,60,0,1,0,0.8294564485549927,0.8294564485549927,0.1705436110496521,0.8294564485549927,15,6,3,zero_shot_paired
216,10,15,12,60,1,1,1,0.6182529926300049,0.6182529926300049,0.3817470073699951,0.6182529926300049,15,6,3,zero_shot_paired
216,11,15,13,60,0,1,0,0.5984167456626892,0.5984167456626892,0.40158331394195557,0.5984167456626892,15,6,3,zero_shot_paired
216,12,15,14,60,0,1,0,0.5527547597885132,0.5527547597885132,0.4472452700138092,0.5527547597885132,15,6,3,zero_shot_paired
216,13,15,16,60,1,0,0,0.576758086681366,0.576758086681366,0.576758086681366,0.4232419729232788,15,6,3,zero_shot_paired
216,14,15,17,60,1,0,0,0.7048144936561584,0.7048144936561584,0.7048144936561584,0.2951854467391968,15,6,3,zero_shot_paired
216,0,15,0,60,0,1,0,0.5524774193763733,0.5524774193763733,0.4475225508213043,0.5524774193763733,15,6,3,post_calibration
216,1,15,2,60,1,1,1,0.5779718160629272,0.5779718160629272,0.42202818393707275,0.5779718160629272,15,6,3,post_calibration
216,2,15,3,60,1,0,0,0.6018367409706116,0.6018367409706116,0.6018367409706116,0.3981632590293884,15,6,3,post_calibration
216,3,15,4,60,1,1,1,0.5911425352096558,0.5911425352096558,0.40885746479034424,0.5911425352096558,15,6,3,post_calibration
216,4,15,5,60,1,1,1,0.6289719939231873,0.6289719939231873,0.37102797627449036,0.6289719939231873,15,6,3,post_calibration
216,5,15,6,60,1,1,1,0.8729493618011475,0.8729493618011475,0.12705063819885254,0.8729493618011475,15,6,3,post_calibration
216,6,15,7,60,1,0,0,0.6384003758430481,0.6384003758430481,0.6384003758430481,0.3615996539592743,15,6,3,post_calibration
216,7,15,8,60,0,0,1,0.7559777498245239,0.7559777498245239,0.7559777498245239,0.24402225017547607,15,6,3,post_calibration
216,8,15,10,60,1,0,0,0.6355034708976746,0.6355034708976746,0.6355034708976746,0.36449652910232544,15,6,3,post_calibration
216,9,15,11,60,0,1,0,0.823047399520874,0.823047399520874,0.1769525408744812,0.823047399520874,15,6,3,post_calibration
216,10,15,12,60,1,1,1,0.6129868030548096,0.6129868030548096,0.38701319694519043,0.6129868030548096,15,6,3,post_calibration
216,11,15,13,60,0,1,0,0.5946781635284424,0.5946781635284424,0.4053218364715576,0.5946781635284424,15,6,3,post_calibration
216,12,15,14,60,0,1,0,0.5448222160339355,0.5448222160339355,0.45517778396606445,0.5448222160339355,15,6,3,post_calibration
216,13,15,16,60,1,0,0,0.6072883605957031,0.6072883605957031,0.6072883605957031,0.3927115797996521,15,6,3,post_calibration
216,14,15,17,60,1,0,0,0.7178006768226624,0.7178006768226624,0.7178006768226624,0.28219929337501526,15,6,3,post_calibration
217,0,15,1,60,0,1,0,0.8095678687095642,0.8095678687095642,0.19043216109275818,0.8095678687095642,15,1,6,zero_shot_paired
217,1,15,2,60,1,1,1,0.6025660037994385,0.6025660037994385,0.3974340558052063,0.6025660037994385,15,1,6,zero_shot_paired
217,2,15,4,60,1,1,1,0.5911849141120911,0.5911849141120911,0.40881505608558655,0.5911849141120911,15,1,6,zero_shot_paired
217,3,15,6,60,1,1,1,0.8895168304443359,0.8895168304443359,0.11048314720392227,0.8895168304443359,15,1,6,zero_shot_paired
217,4,15,8,60,0,0,1,0.7719200253486633,0.7719200253486633,0.7719200253486633,0.2280799001455307,15,1,6,zero_shot_paired
217,5,15,10,60,1,0,0,0.6131442785263062,0.6131442785263062,0.6131442785263062,0.38685572147369385,15,1,6,zero_shot_paired
217,6,15,11,60,0,1,0,0.8294564485549927,0.8294564485549927,0.1705436110496521,0.8294564485549927,15,1,6,zero_shot_paired
217,7,15,13,60,0,1,0,0.5984167456626892,0.5984167456626892,0.40158331394195557,0.5984167456626892,15,1,6,zero_shot_paired
217,8,15,14,60,0,1,0,0.5527547597885132,0.5527547597885132,0.4472452700138092,0.5527547597885132,15,1,6,zero_shot_paired
217,9,15,15,60,1,0,0,0.6443073153495789,0.6443073153495789,0.6443073153495789,0.35569271445274353,15,1,6,zero_shot_paired
217,10,15,16,60,1,0,0,0.576758086681366,0.576758086681366,0.576758086681366,0.4232419729232788,15,1,6,zero_shot_paired
217,11,15,17,60,1,0,0,0.7048144936561584,0.7048144936561584,0.7048144936561584,0.2951854467391968,15,1,6,zero_shot_paired
217,0,15,1,60,0,1,0,0.8037953972816467,0.8037953972816467,0.19620460271835327,0.8037953972816467,15,1,6,post_calibration
217,1,15,2,60,1,1,1,0.5911904573440552,0.5911904573440552,0.4088095426559448,0.5911904573440552,15,1,6,post_calibration
217,2,15,4,60,1,1,1,0.6095132827758789,0.6095132827758789,0.3904867172241211,0.6095132827758789,15,1,6,post_calibration
217,3,15,6,60,1,1,1,0.8814666867256165,0.8814666867256165,0.11853328347206116,0.8814666867256165,15,1,6,post_calibration
217,4,15,8,60,0,0,1,0.7634548544883728,0.7634548544883728,0.7634548544883728,0.23654517531394958,15,1,6,post_calibration
217,5,15,10,60,1,0,0,0.6422134041786194,0.6422134041786194,0.6422134041786194,0.3577865958213806,15,1,6,post_calibration
217,6,15,11,60,0,1,0,0.8195539712905884,0.8195539712905884,0.18044602870941162,0.8195539712905884,15,1,6,post_calibration
217,7,15,13,60,0,1,0,0.599875271320343,0.599875271320343,0.40012475848197937,0.599875271320343,15,1,6,post_calibration
217,8,15,14,60,0,1,0,0.5432702898979187,0.5432702898979187,0.4567296802997589,0.5432702898979187,15,1,6,post_calibration
217,9,15,15,60,1,0,0,0.6441079378128052,0.6441079378128052,0.6441079378128052,0.3558920621871948,15,1,6,post_calibration
217,10,15,16,60,1,0,0,0.6085086464881897,0.6085086464881897,0.6085086464881897,0.3914913237094879,15,1,6,post_calibration
217,11,15,17,60,1,0,0,0.7069497108459473,0.7069497108459473,0.7069497108459473,0.2930503189563751,15,1,6,post_calibration
218,0,15,0,60,0,1,0,0.5753681063652039,0.5753681063652039,0.42463189363479614,0.5753681063652039,15,2,6,zero_shot_paired
218,1,15,3,60,1,0,0,0.5871443748474121,0.5871443748474121,0.5871443748474121,0.4128555953502655,15,2,6,zero_shot_paired
218,2,15,5,60,1,1,1,0.6357278823852539,0.6357278823852539,0.3642721176147461,0.6357278823852539,15,2,6,zero_shot_paired
218,3,15,6,60,1,1,1,0.8895168304443359,0.8895168304443359,0.11048314720392227,0.8895168304443359,15,2,6,zero_shot_paired
218,4,15,7,60,1,0,0,0.6142295002937317,0.6142295002937317,0.6142295002937317,0.3857704997062683,15,2,6,zero_shot_paired
218,5,15,9,60,0,0,1,0.6068042516708374,0.6068042516708374,0.6068042516708374,0.3931957185268402,15,2,6,zero_shot_paired
218,6,15,12,60,1,1,1,0.6182529926300049,0.6182529926300049,0.3817470073699951,0.6182529926300049,15,2,6,zero_shot_paired
218,7,15,13,60,0,1,0,0.5984167456626892,0.5984167456626892,0.40158331394195557,0.5984167456626892,15,2,6,zero_shot_paired
218,8,15,14,60,0,1,0,0.5527547597885132,0.5527547597885132,0.4472452700138092,0.5527547597885132,15,2,6,zero_shot_paired
218,9,15,15,60,1,0,0,0.6443073153495789,0.6443073153495789,0.6443073153495789,0.35569271445274353,15,2,6,zero_shot_paired
218,10,15,16,60,1,0,0,0.576758086681366,0.576758086681366,0.576758086681366,0.4232419729232788,15,2,6,zero_shot_paired
218,11,15,17,60,1,0,0,0.7048144936561584,0.7048144936561584,0.7048144936561584,0.2951854467391968,15,2,6,zero_shot_paired
218,0,15,0,60,0,1,0,0.5623173713684082,0.5623173713684082,0.4376826584339142,0.5623173713684082,15,2,6,post_calibration
218,1,15,3,60,1,0,0,0.5979784727096558,0.5979784727096558,0.5979784727096558,0.402021586894989,15,2,6,post_calibration
218,2,15,5,60,1,1,1,0.6387120485305786,0.6387120485305786,0.3612879812717438,0.6387120485305786,15,2,6,post_calibration
218,3,15,6,60,1,1,1,0.8818535208702087,0.8818535208702087,0.11814641952514648,0.8818535208702087,15,2,6,post_calibration
218,4,15,7,60,1,0,0,0.6149867177009583,0.6149867177009583,0.6149867177009583,0.38501331210136414,15,2,6,post_calibration
218,5,15,9,60,0,0,1,0.6126790642738342,0.6126790642738342,0.6126790642738342,0.38732093572616577,15,2,6,post_calibration
218,6,15,12,60,1,1,1,0.6194748878479004,0.6194748878479004,0.3805251121520996,0.6194748878479004,15,2,6,post_calibration
218,7,15,13,60,0,1,0,0.5902589559555054,0.5902589559555054,0.40974104404449463,0.5902589559555054,15,2,6,post_calibration
218,8,15,14,60,0,1,0,0.5378303527832031,0.5378303527832031,0.4621695876121521,0.5378303527832031,15,2,6,post_calibration
218,9,15,15,60,1,0,0,0.6503145694732666,0.6503145694732666,0.6503145694732666,0.349685400724411,15,2,6,post_calibration
218,10,15,16,60,1,0,0,0.5655087232589722,0.5655087232589722,0.5655087232589722,0.43449124693870544,15,2,6,post_calibration
218,11,15,17,60,1,0,0,0.7164216637611389,0.7164216637611389,0.7164216637611389,0.2835783064365387,15,2,6,post_calibration
219,0,15,0,60,0,1,0,0.5753681063652039,0.5753681063652039,0.42463189363479614,0.5753681063652039,15,3,6,zero_shot_paired
219,1,15,1,60,0,1,0,0.8095678687095642,0.8095678687095642,0.19043216109275818,0.8095678687095642,15,3,6,zero_shot_paired
219,2,15,2,60,1,1,1,0.6025660037994385,0.6025660037994385,0.3974340558052063,0.6025660037994385,15,3,6,zero_shot_paired
219,3,15,3,60,1,0,0,0.5871443748474121,0.5871443748474121,0.5871443748474121,0.4128555953502655,15,3,6,zero_shot_paired
219,4,15,4,60,1,1,1,0.5911849141120911,0.5911849141120911,0.40881505608558655,0.5911849141120911,15,3,6,zero_shot_paired
219,5,15,5,60,1,1,1,0.6357278823852539,0.6357278823852539,0.3642721176147461,0.6357278823852539,15,3,6,zero_shot_paired
219,6,15,7,60,1,0,0,0.6142295002937317,0.6142295002937317,0.6142295002937317,0.3857704997062683,15,3,6,zero_shot_paired
219,7,15,8,60,0,0,1,0.7719200253486633,0.7719200253486633,0.7719200253486633,0.2280799001455307,15,3,6,zero_shot_paired
219,8,15,9,60,0,0,1,0.6068042516708374,0.6068042516708374,0.6068042516708374,0.3931957185268402,15,3,6,zero_shot_paired
219,9,15,10,60,1,0,0,0.6131442785263062,0.6131442785263062,0.6131442785263062,0.38685572147369385,15,3,6,zero_shot_paired
219,10,15,11,60,0,1,0,0.8294564485549927,0.8294564485549927,0.1705436110496521,0.8294564485549927,15,3,6,zero_shot_paired
219,11,15,12,60,1,1,1,0.6182529926300049,0.6182529926300049,0.3817470073699951,0.6182529926300049,15,3,6,zero_shot_paired
219,0,15,0,60,0,1,0,0.5958526730537415,0.5958526730537415,0.40414729714393616,0.5958526730537415,15,3,6,post_calibration
219,1,15,1,60,0,1,0,0.8203210234642029,0.8203210234642029,0.17967894673347473,0.8203210234642029,15,3,6,post_calibration
219,2,15,2,60,1,1,1,0.6290521025657654,0.6290521025657654,0.3709478974342346,0.6290521025657654,15,3,6,post_calibration
219,3,15,3,60,1,0,0,0.5636537671089172,0.5636537671089172,0.5636537671089172,0.436346173286438,15,3,6,post_calibration
219,4,15,4,60,1,1,1,0.5881335139274597,0.5881335139274597,0.41186654567718506,0.5881335139274597,15,3,6,post_calibration
219,5,15,5,60,1,1,1,0.6485950350761414,0.6485950350761414,0.35140499472618103,0.6485950350761414,15,3,6,post_calibration
219,6,15,7,60,1,0,0,0.5952168703079224,0.5952168703079224,0.5952168703079224,0.4047831594944,15,3,6,post_calibration
219,7,15,8,60,0,0,1,0.7849726676940918,0.7849726676940918,0.7849726676940918,0.2150273323059082,15,3,6,post_calibration
219,8,15,9,60,0,0,1,0.5996664762496948,0.5996664762496948,0.5996664762496948,0.4003335237503052,15,3,6,post_calibration
219,9,15,10,60,1,0,0,0.6123639941215515,0.6123639941215515,0.6123639941215515,0.3876359760761261,15,3,6,post_calibration
219,10,15,11,60,0,1,0,0.8275648951530457,0.8275648951530457,0.17243516445159912,0.8275648951530457,15,3,6,post_calibration
219,11,15,12,60,1,1,1,0.6196492910385132,0.6196492910385132,0.38035067915916443,0.6196492910385132,15,3,6,post_calibration
220,0,15,0,60,0,1,0,0.5753774046897888,0.5753774046897888,0.4246225953102112,0.5753774046897888,15,1,9,zero_shot_paired
220,1,15,1,60,0,1,0,0.8095678687095642,0.8095678687095642,0.19043216109275818,0.8095678687095642,15,1,9,zero_shot_paired
220,2,15,4,60,1,1,1,0.5911941528320312,0.5911941528320312,0.40880584716796875,0.5911941528320312,15,1,9,zero_shot_paired
220,3,15,5,60,1,1,1,0.6357296705245972,0.6357296705245972,0.36427032947540283,0.6357296705245972,15,1,9,zero_shot_paired
220,4,15,7,60,1,0,0,0.6142295002937317,0.6142295002937317,0.6142295002937317,0.3857704997062683,15,1,9,zero_shot_paired
220,5,15,8,60,0,0,1,0.771922767162323,0.771922767162323,0.771922767162323,0.228077232837677,15,1,9,zero_shot_paired
220,6,15,10,60,1,0,0,0.6131388545036316,0.6131388545036316,0.6131388545036316,0.3868611752986908,15,1,9,zero_shot_paired
220,7,15,14,60,0,1,0,0.5527528524398804,0.5527528524398804,0.44724711775779724,0.5527528524398804,15,1,9,zero_shot_paired
220,8,15,16,60,1,0,0,0.5767598748207092,0.5767598748207092,0.5767598748207092,0.4232400953769684,15,1,9,zero_shot_paired
220,0,15,0,60,0,1,0,0.5918503999710083,0.5918503999710083,0.4081495702266693,0.5918503999710083,15,1,9,post_calibration
220,1,15,1,60,0,1,0,0.8218888640403748,0.8218888640403748,0.17811109125614166,0.8218888640403748,15,1,9,post_calibration
220,2,15,4,60,1,1,1,0.5995547771453857,0.5995547771453857,0.40044525265693665,0.5995547771453857,15,1,9,post_calibration
220,3,15,5,60,1,1,1,0.6483515501022339,0.6483515501022339,0.3516484498977661,0.6483515501022339,15,1,9,post_calibration
220,4,15,7,60,1,0,0,0.5953455567359924,0.5953455567359924,0.5953455567359924,0.40465450286865234,15,1,9,post_calibration
220,5,15,8,60,0,0,1,0.7739246487617493,0.7739246487617493,0.7739246487617493,0.22607539594173431,15,1,9,post_calibration
220,6,15,10,60,1,0,0,0.620668351650238,0.620668351650238,0.620668351650238,0.37933167815208435,15,1,9,post_calibration
220,7,15,14,60,0,1,0,0.5453045964241028,0.5453045964241028,0.45469537377357483,0.5453045964241028,15,1,9,post_calibration
220,8,15,16,60,1,0,0,0.5534562468528748,0.5534562468528748,0.5534562468528748,0.44654372334480286,15,1,9,post_calibration
221,0,15,2,60,1,1,1,0.6025605201721191,0.6025605201721191,0.39743950963020325,0.6025605201721191,15,2,9,zero_shot_paired
221,1,15,3,60,1,0,0,0.5871388912200928,0.5871388912200928,0.5871388912200928,0.412861168384552,15,2,9,zero_shot_paired
221,2,15,6,60,1,1,1,0.8895168304443359,0.8895168304443359,0.11048314720392227,0.8895168304443359,15,2,9,zero_shot_paired
221,3,15,9,60,0,0,1,0.6068079471588135,0.6068079471588135,0.6068079471588135,0.3931920826435089,15,2,9,zero_shot_paired
221,4,15,11,60,0,1,0,0.8294541835784912,0.8294541835784912,0.170545756816864,0.8294541835784912,15,2,9,zero_shot_paired
221,5,15,12,60,1,1,1,0.6182475686073303,0.6182475686073303,0.3817524015903473,0.6182475686073303,15,2,9,zero_shot_paired
221,6,15,13,60,0,1,0,0.5984093546867371,0.5984093546867371,0.40159064531326294,0.5984093546867371,15,2,9,zero_shot_paired
221,7,15,15,60,1,0,0,0.6443089842796326,0.6443089842796326,0.6443089842796326,0.35569095611572266,15,2,9,zero_shot_paired
221,8,15,17,60,1,0,0,0.7048129439353943,0.7048129439353943,0.7048129439353943,0.2951870560646057,15,2,9,zero_shot_paired
221,0,15,2,60,1,1,1,0.6038551926612854,0.6038551926612854,0.396144837141037,0.6038551926612854,15,2,9,post_calibration
221,1,15,3,60,1,0,0,0.5947093963623047,0.5947093963623047,0.5947093963623047,0.4052905738353729,15,2,9,post_calibration
221,2,15,6,60,1,1,1,0.8827859163284302,0.8827859163284302,0.11721403896808624,0.8827859163284302,15,2,9,post_calibration
221,3,15,9,60,0,0,1,0.6035704612731934,0.6035704612731934,0.6035704612731934,0.39642953872680664,15,2,9,post_calibration
221,4,15,11,60,0,1,0,0.8265478014945984,0.8265478014945984,0.1734522134065628,0.8265478014945984,15,2,9,post_calibration
221,5,15,12,60,1,1,1,0.6180962920188904,0.6180962920188904,0.3819037079811096,0.6180962920188904,15,2,9,post_calibration
221,6,15,13,60,0,1,0,0.597435474395752,0.597435474395752,0.4025645852088928,0.597435474395752,15,2,9,post_calibration
221,7,15,15,60,1,0,0,0.6409150958061218,0.6409150958061218,0.6409150958061218,0.35908493399620056,15,2,9,post_calibration
221,8,15,17,60,1,0,0,0.7176198363304138,0.7176198363304138,0.7176198363304138,0.2823801338672638,15,2,9,post_calibration
222,0,15,0,60,0,1,0,0.5755302906036377,0.5755302906036377,0.4244697690010071,0.5755302906036377,15,1,12,zero_shot_paired
222,1,15,2,60,1,1,1,0.6024326086044312,0.6024326086044312,0.39756742119789124,0.6024326086044312,15,1,12,zero_shot_paired
222,2,15,4,60,1,1,1,0.5913361310958862,0.5913361310958862,0.40866389870643616,0.5913361310958862,15,1,12,zero_shot_paired
222,3,15,7,60,1,0,0,0.6142928004264832,0.6142928004264832,0.6142928004264832,0.38570722937583923,15,1,12,zero_shot_paired
222,4,15,13,60,0,1,0,0.5984148383140564,0.5984148383140564,0.4015851318836212,0.5984148383140564,15,1,12,zero_shot_paired
222,5,15,15,60,1,0,0,0.6441394090652466,0.6441394090652466,0.6441394090652466,0.35586056113243103,15,1,12,zero_shot_paired
222,0,15,0,60,0,1,0,0.5825986862182617,0.5825986862182617,0.41740134358406067,0.5825986862182617,15,1,12,post_calibration
222,1,15,2,60,1,1,1,0.6342548727989197,0.6342548727989197,0.3657451272010803,0.6342548727989197,15,1,12,post_calibration
222,2,15,4,60,1,1,1,0.5848455429077148,0.5848455429077148,0.41515442728996277,0.5848455429077148,15,1,12,post_calibration
222,3,15,7,60,1,0,0,0.5960970520973206,0.5960970520973206,0.5960970520973206,0.40390297770500183,15,1,12,post_calibration
222,4,15,13,60,0,1,0,0.5947076082229614,0.5947076082229614,0.40529242157936096,0.5947076082229614,15,1,12,post_calibration
222,5,15,15,60,1,0,0,0.629178524017334,0.629178524017334,0.629178524017334,0.3708215355873108,15,1,12,post_calibration
223,0,15,0,60,0,1,0,0.5755302906036377,0.5755302906036377,0.4244697690010071,0.5755302906036377,15,2,12,zero_shot_paired
223,1,15,2,60,1,1,1,0.6024326086044312,0.6024326086044312,0.39756742119789124,0.6024326086044312,15,2,12,zero_shot_paired
223,2,15,7,60,1,0,0,0.6142928004264832,0.6142928004264832,0.6142928004264832,0.38570722937583923,15,2,12,zero_shot_paired
223,3,15,12,60,1,1,1,0.618161141872406,0.618161141872406,0.381838858127594,0.618161141872406,15,2,12,zero_shot_paired
223,4,15,13,60,0,1,0,0.5984148383140564,0.5984148383140564,0.4015851318836212,0.5984148383140564,15,2,12,zero_shot_paired
223,5,15,15,60,1,0,0,0.6441394090652466,0.6441394090652466,0.6441394090652466,0.35586056113243103,15,2,12,zero_shot_paired
223,0,15,0,60,0,1,0,0.5961209535598755,0.5961209535598755,0.4038790762424469,0.5961209535598755,15,2,12,post_calibration
223,1,15,2,60,1,1,1,0.632249116897583,0.632249116897583,0.367750883102417,0.632249116897583,15,2,12,post_calibration
223,2,15,7,60,1,0,0,0.5963578224182129,0.5963578224182129,0.5963578224182129,0.40364211797714233,15,2,12,post_calibration
223,3,15,12,60,1,1,1,0.6213703751564026,0.6213703751564026,0.378629595041275,0.6213703751564026,15,2,12,post_calibration
223,4,15,13,60,0,1,0,0.5990270972251892,0.5990270972251892,0.4009728729724884,0.5990270972251892,15,2,12,post_calibration
223,5,15,15,60,1,0,0,0.6246961355209351,0.6246961355209351,0.6246961355209351,0.3753039240837097,15,2,12,post_calibration
224,0,15,5,60,1,1,1,0.6357014179229736,0.6357014179229736,0.36429861187934875,0.6357014179229736,15,3,12,zero_shot_paired
224,1,15,6,60,1,1,1,0.8895010948181152,0.8895010948181152,0.11049889028072357,0.8895010948181152,15,3,12,zero_shot_paired
224,2,15,7,60,1,0,0,0.6142928004264832,0.6142928004264832,0.6142928004264832,0.38570722937583923,15,3,12,zero_shot_paired
224,3,15,8,60,0,0,1,0.7718663215637207,0.7718663215637207,0.7718663215637207,0.2281336486339569,15,3,12,zero_shot_paired
224,4,15,13,60,0,1,0,0.5984148383140564,0.5984148383140564,0.4015851318836212,0.5984148383140564,15,3,12,zero_shot_paired
224,5,15,16,60,1,0,0,0.5767934322357178,0.5767934322357178,0.5767934322357178,0.4232065677642822,15,3,12,zero_shot_paired
224,0,15,5,60,1,1,1,0.6473855972290039,0.6473855972290039,0.3526144325733185,0.6473855972290039,15,3,12,post_calibration
224,1,15,6,60,1,1,1,0.8853157758712769,0.8853157758712769,0.11468418687582016,0.8853157758712769,15,3,12,post_calibration
224,2,15,7,60,1,0,0,0.6103482246398926,0.6103482246398926,0.6103482246398926,0.38965174555778503,15,3,12,post_calibration
224,3,15,8,60,0,0,1,0.7629722356796265,0.7629722356796265,0.7629722356796265,0.23702774941921234,15,3,12,post_calibration
224,4,15,13,60,0,1,0,0.6061087250709534,0.6061087250709534,0.39389124512672424,0.6061087250709534,15,3,12,post_calibration
224,5,15,16,60,1,0,0,0.5623041987419128,0.5623041987419128,0.5623041987419128,0.43769580125808716,15,3,12,post_calibration
17,0,16,0,60,0,1,0,0.7597981691360474,0.7597981691360474,0.24020187556743622,0.7597981691360474,16,,,zero_shot_all_trials
17,1,16,1,60,0,1,0,0.6125469207763672,0.6125469207763672,0.3874530792236328,0.6125469207763672,16,,,zero_shot_all_trials
17,2,16,2,60,0,0,1,0.6199567317962646,0.6199567317962646,0.6199567317962646,0.38004326820373535,16,,,zero_shot_all_trials
17,3,16,3,60,1,1,1,0.5837559103965759,0.5837559103965759,0.4162440896034241,0.5837559103965759,16,,,zero_shot_all_trials
17,4,16,4,60,1,1,1,0.6755556464195251,0.6755556464195251,0.32444441318511963,0.6755556464195251,16,,,zero_shot_all_trials
17,5,16,5,60,1,0,0,0.7737711071968079,0.7737711071968079,0.7737711071968079,0.22622892260551453,16,,,zero_shot_all_trials
17,6,16,6,60,1,1,1,0.6623615026473999,0.6623615026473999,0.3376384675502777,0.6623615026473999,16,,,zero_shot_all_trials
17,7,16,7,60,1,1,1,0.7364983558654785,0.7364983558654785,0.26350167393684387,0.7364983558654785,16,,,zero_shot_all_trials
17,8,16,8,60,0,1,0,0.5117299556732178,0.5117299556732178,0.4882700443267822,0.5117299556732178,16,,,zero_shot_all_trials
17,9,16,9,60,1,0,0,0.5789746046066284,0.5789746046066284,0.5789746046066284,0.42102542519569397,16,,,zero_shot_all_trials
17,10,16,10,60,0,1,0,0.5325676202774048,0.5325676202774048,0.4674324095249176,0.5325676202774048,16,,,zero_shot_all_trials
17,11,16,11,60,0,0,1,0.755383312702179,0.755383312702179,0.755383312702179,0.24461665749549866,16,,,zero_shot_all_trials
17,12,16,12,60,1,1,1,0.759874701499939,0.759874701499939,0.24012528359889984,0.759874701499939,16,,,zero_shot_all_trials
17,13,16,13,60,0,1,0,0.5072417259216309,0.5072417259216309,0.49275830388069153,0.5072417259216309,16,,,zero_shot_all_trials
17,14,16,14,60,1,0,0,0.6724292039871216,0.6724292039871216,0.6724292039871216,0.3275707960128784,16,,,zero_shot_all_trials
17,15,16,15,60,1,1,1,0.8008575439453125,0.8008575439453125,0.1991424560546875,0.8008575439453125,16,,,zero_shot_all_trials
17,16,16,16,60,1,1,1,0.5926831960678101,0.5926831960678101,0.40731683373451233,0.5926831960678101,16,,,zero_shot_all_trials
17,17,16,17,60,0,0,1,0.6958840489387512,0.6958840489387512,0.6958840489387512,0.3041159212589264,16,,,zero_shot_all_trials
225,0,16,0,60,0,1,0,0.7597981691360474,0.7597981691360474,0.24020187556743622,0.7597981691360474,16,1,3,zero_shot_paired
225,1,16,1,60,0,1,0,0.6125469207763672,0.6125469207763672,0.3874530792236328,0.6125469207763672,16,1,3,zero_shot_paired
225,2,16,3,60,1,1,1,0.583757758140564,0.583757758140564,0.41624224185943604,0.583757758140564,16,1,3,zero_shot_paired
225,3,16,5,60,1,0,0,0.773773729801178,0.773773729801178,0.773773729801178,0.22622625529766083,16,1,3,zero_shot_paired
225,4,16,6,60,1,1,1,0.662356436252594,0.662356436252594,0.3376435935497284,0.662356436252594,16,1,3,zero_shot_paired
225,5,16,7,60,1,1,1,0.7364998459815979,0.7364998459815979,0.2635001838207245,0.7364998459815979,16,1,3,zero_shot_paired
225,6,16,8,60,0,1,0,0.5117261409759521,0.5117261409759521,0.48827388882637024,0.5117261409759521,16,1,3,zero_shot_paired
225,7,16,9,60,1,0,0,0.5789653062820435,0.5789653062820435,0.5789653062820435,0.42103469371795654,16,1,3,zero_shot_paired
225,8,16,10,60,0,1,0,0.5325713753700256,0.5325713753700256,0.46742862462997437,0.5325713753700256,16,1,3,zero_shot_paired
225,9,16,11,60,0,0,1,0.7553876042366028,0.7553876042366028,0.7553876042366028,0.2446124404668808,16,1,3,zero_shot_paired
225,10,16,12,60,1,1,1,0.7598816752433777,0.7598816752433777,0.24011830985546112,0.7598816752433777,16,1,3,zero_shot_paired
225,11,16,13,60,0,1,0,0.5072283744812012,0.5072283744812012,0.4927716553211212,0.5072283744812012,16,1,3,zero_shot_paired
225,12,16,15,60,1,1,1,0.8008551001548767,0.8008551001548767,0.19914491474628448,0.8008551001548767,16,1,3,zero_shot_paired
225,13,16,16,60,1,1,1,0.5926905870437622,0.5926905870437622,0.40730947256088257,0.5926905870437622,16,1,3,zero_shot_paired
225,14,16,17,60,0,0,1,0.6958759427070618,0.6958759427070618,0.6958759427070618,0.30412402749061584,16,1,3,zero_shot_paired
225,0,16,0,60,0,1,0,0.7642488479614258,0.7642488479614258,0.23575109243392944,0.7642488479614258,16,1,3,post_calibration
225,1,16,1,60,0,1,0,0.6140830516815186,0.6140830516815186,0.38591694831848145,0.6140830516815186,16,1,3,post_calibration
225,2,16,3,60,1,1,1,0.6038734316825867,0.6038734316825867,0.39612656831741333,0.6038734316825867,16,1,3,post_calibration
225,3,16,5,60,1,0,0,0.7558651566505432,0.7558651566505432,0.7558651566505432,0.24413487315177917,16,1,3,post_calibration
225,4,16,6,60,1,1,1,0.6696267127990723,0.6696267127990723,0.33037328720092773,0.6696267127990723,16,1,3,post_calibration
225,5,16,7,60,1,1,1,0.7383950352668762,0.7383950352668762,0.2616049349308014,0.7383950352668762,16,1,3,post_calibration
225,6,16,8,60,0,1,0,0.517837643623352,0.517837643623352,0.4821624159812927,0.517837643623352,16,1,3,post_calibration
225,7,16,9,60,1,0,0,0.5683409571647644,0.5683409571647644,0.5683409571647644,0.4316590428352356,16,1,3,post_calibration
225,8,16,10,60,0,1,0,0.5457661747932434,0.5457661747932434,0.4542338252067566,0.5457661747932434,16,1,3,post_calibration
225,9,16,11,60,0,0,1,0.7559115886688232,0.7559115886688232,0.7559115886688232,0.24408839643001556,16,1,3,post_calibration
225,10,16,12,60,1,1,1,0.7727972865104675,0.7727972865104675,0.2272026538848877,0.7727972865104675,16,1,3,post_calibration
225,11,16,13,60,0,1,0,0.5021572113037109,0.5021572113037109,0.49784278869628906,0.5021572113037109,16,1,3,post_calibration
225,12,16,15,60,1,1,1,0.8071069717407227,0.8071069717407227,0.19289308786392212,0.8071069717407227,16,1,3,post_calibration
225,13,16,16,60,1,1,1,0.5950257182121277,0.5950257182121277,0.4049743413925171,0.5950257182121277,16,1,3,post_calibration
225,14,16,17,60,0,0,1,0.6890163421630859,0.6890163421630859,0.6890163421630859,0.31098365783691406,16,1,3,post_calibration
226,0,16,0,60,0,1,0,0.7597953677177429,0.7597953677177429,0.24020464718341827,0.7597953677177429,16,2,3,zero_shot_paired
226,1,16,2,60,0,0,1,0.6199567317962646,0.6199567317962646,0.6199567317962646,0.38004326820373535,16,2,3,zero_shot_paired
226,2,16,4,60,1,1,1,0.6755556464195251,0.6755556464195251,0.32444441318511963,0.6755556464195251,16,2,3,zero_shot_paired
226,3,16,5,60,1,0,0,0.7737777233123779,0.7737777233123779,0.7737777233123779,0.22622224688529968,16,2,3,zero_shot_paired
226,4,16,6,60,1,1,1,0.6623649001121521,0.6623649001121521,0.3376350700855255,0.6623649001121521,16,2,3,zero_shot_paired
226,5,16,7,60,1,1,1,0.7364998459815979,0.7364998459815979,0.2635001838207245,0.7364998459815979,16,2,3,zero_shot_paired
226,6,16,8,60,0,1,0,0.5117261409759521,0.5117261409759521,0.48827388882637024,0.5117261409759521,16,2,3,zero_shot_paired
226,7,16,10,60,0,1,0,0.5325599908828735,0.5325599908828735,0.46744000911712646,0.5325599908828735,16,2,3,zero_shot_paired
226,8,16,11,60,0,0,1,0.7553889751434326,0.7553889751434326,0.7553889751434326,0.24461103975772858,16,2,3,zero_shot_paired
226,9,16,12,60,1,1,1,0.759874701499939,0.759874701499939,0.24012528359889984,0.759874701499939,16,2,3,zero_shot_paired
226,10,16,13,60,0,1,0,0.5072473883628845,0.5072473883628845,0.4927525520324707,0.5072473883628845,16,2,3,zero_shot_paired
226,11,16,14,60,1,0,0,0.6724241375923157,0.6724241375923157,0.6724241375923157,0.3275758624076843,16,2,3,zero_shot_paired
226,12,16,15,60,1,1,1,0.8008587956428528,0.8008587956428528,0.1991412490606308,0.8008587956428528,16,2,3,zero_shot_paired
226,13,16,16,60,1,1,1,0.592681348323822,0.592681348323822,0.40731868147850037,0.592681348323822,16,2,3,zero_shot_paired
226,14,16,17,60,0,0,1,0.6958792209625244,0.6958792209625244,0.6958792209625244,0.304120808839798,16,2,3,zero_shot_paired
226,0,16,0,60,0,1,0,0.7543343305587769,0.7543343305587769,0.24566563963890076,0.7543343305587769,16,2,3,post_calibration
226,1,16,2,60,0,0,1,0.628252387046814,0.628252387046814,0.628252387046814,0.37174758315086365,16,2,3,post_calibration
226,2,16,4,60,1,1,1,0.6757562160491943,0.6757562160491943,0.3242437243461609,0.6757562160491943,16,2,3,post_calibration
226,3,16,5,60,1,0,0,0.752990186214447,0.752990186214447,0.752990186214447,0.24700984358787537,16,2,3,post_calibration
226,4,16,6,60,1,1,1,0.6735054850578308,0.6735054850578308,0.3264945447444916,0.6735054850578308,16,2,3,post_calibration
226,5,16,7,60,1,1,1,0.7396458387374878,0.7396458387374878,0.2603541910648346,0.7396458387374878,16,2,3,post_calibration
226,6,16,8,60,0,1,0,0.5177842378616333,0.5177842378616333,0.4822157323360443,0.5177842378616333,16,2,3,post_calibration
226,7,16,10,60,0,1,0,0.5791400671005249,0.5791400671005249,0.4208599030971527,0.5791400671005249,16,2,3,post_calibration
226,8,16,11,60,0,0,1,0.7436817288398743,0.7436817288398743,0.7436817288398743,0.2563183009624481,16,2,3,post_calibration
226,9,16,12,60,1,1,1,0.775579571723938,0.775579571723938,0.22442041337490082,0.775579571723938,16,2,3,post_calibration
226,10,16,13,60,0,0,1,0.5098730325698853,0.5098730325698853,0.5098730325698853,0.49012693762779236,16,2,3,post_calibration
226,11,16,14,60,1,0,0,0.6547515988349915,0.6547515988349915,0.6547515988349915,0.34524840116500854,16,2,3,post_calibration
226,12,16,15,60,1,1,1,0.8151715993881226,0.8151715993881226,0.18482843041419983,0.8151715993881226,16,2,3,post_calibration
226,13,16,16,60,1,1,1,0.5978555679321289,0.5978555679321289,0.4021444618701935,0.5978555679321289,16,2,3,post_calibration
226,14,16,17,60,0,0,1,0.6904253959655762,0.6904253959655762,0.6904253959655762,0.3095746338367462,16,2,3,post_calibration
227,0,16,0,60,0,1,0,0.7597953677177429,0.7597953677177429,0.24020464718341827,0.7597953677177429,16,3,3,zero_shot_paired
227,1,16,1,60,0,1,0,0.6125469207763672,0.6125469207763672,0.3874530792236328,0.6125469207763672,16,3,3,zero_shot_paired
227,2,16,2,60,0,0,1,0.6199567317962646,0.6199567317962646,0.6199567317962646,0.38004326820373535,16,3,3,zero_shot_paired
227,3,16,3,60,1,1,1,0.583759605884552,0.583759605884552,0.4162403643131256,0.583759605884552,16,3,3,zero_shot_paired
227,4,16,4,60,1,1,1,0.6755556464195251,0.6755556464195251,0.32444441318511963,0.6755556464195251,16,3,3,zero_shot_paired
227,5,16,5,60,1,0,0,0.7737777233123779,0.7737777233123779,0.7737777233123779,0.22622224688529968,16,3,3,zero_shot_paired
227,6,16,7,60,1,1,1,0.7364998459815979,0.7364998459815979,0.2635001838207245,0.7364998459815979,16,3,3,zero_shot_paired
227,7,16,8,60,0,1,0,0.5117261409759521,0.5117261409759521,0.48827388882637024,0.5117261409759521,16,3,3,zero_shot_paired
227,8,16,9,60,1,0,0,0.5789597034454346,0.5789597034454346,0.5789597034454346,0.42104029655456543,16,3,3,zero_shot_paired
227,9,16,10,60,0,1,0,0.5325599908828735,0.5325599908828735,0.46744000911712646,0.5325599908828735,16,3,3,zero_shot_paired
227,10,16,11,60,0,0,1,0.7553889751434326,0.7553889751434326,0.7553889751434326,0.24461103975772858,16,3,3,zero_shot_paired
227,11,16,12,60,1,1,1,0.759874701499939,0.759874701499939,0.24012528359889984,0.759874701499939,16,3,3,zero_shot_paired
227,12,16,14,60,1,0,0,0.6724241375923157,0.6724241375923157,0.6724241375923157,0.3275758624076843,16,3,3,zero_shot_paired
227,13,16,16,60,1,1,1,0.592681348323822,0.592681348323822,0.40731868147850037,0.592681348323822,16,3,3,zero_shot_paired
227,14,16,17,60,0,0,1,0.6958792209625244,0.6958792209625244,0.6958792209625244,0.304120808839798,16,3,3,zero_shot_paired
227,0,16,0,60,0,1,0,0.7498865127563477,0.7498865127563477,0.25011348724365234,0.7498865127563477,16,3,3,post_calibration
227,1,16,1,60,0,1,0,0.6051775217056274,0.6051775217056274,0.3948224186897278,0.6051775217056274,16,3,3,post_calibration
227,2,16,2,60,0,0,1,0.6325914263725281,0.6325914263725281,0.6325914263725281,0.3674085736274719,16,3,3,post_calibration
227,3,16,3,60,1,1,1,0.595558762550354,0.595558762550354,0.40444129705429077,0.595558762550354,16,3,3,post_calibration
227,4,16,4,60,1,1,1,0.6768134832382202,0.6768134832382202,0.3231864869594574,0.6768134832382202,16,3,3,post_calibration
227,5,16,5,60,1,0,0,0.7662062048912048,0.7662062048912048,0.7662062048912048,0.23379381000995636,16,3,3,post_calibration
227,6,16,7,60,1,1,1,0.7427163124084473,0.7427163124084473,0.25728365778923035,0.7427163124084473,16,3,3,post_calibration
227,7,16,8,60,0,1,0,0.5162448883056641,0.5162448883056641,0.4837551414966583,0.5162448883056641,16,3,3,post_calibration
227,8,16,9,60,1,0,0,0.5618684887886047,0.5618684887886047,0.5618684887886047,0.4381314516067505,16,3,3,post_calibration
227,9,16,10,60,0,1,0,0.5409712195396423,0.5409712195396423,0.4590287506580353,0.5409712195396423,16,3,3,post_calibration
227,10,16,11,60,0,0,1,0.7589588761329651,0.7589588761329651,0.7589588761329651,0.24104107916355133,16,3,3,post_calibration
227,11,16,12,60,1,1,1,0.771395742893219,0.771395742893219,0.22860421240329742,0.771395742893219,16,3,3,post_calibration
227,12,16,14,60,1,0,0,0.663290798664093,0.663290798664093,0.663290798664093,0.33670923113822937,16,3,3,post_calibration
227,13,16,16,60,1,1,1,0.5845639705657959,0.5845639705657959,0.4154360294342041,0.5845639705657959,16,3,3,post_calibration
227,14,16,17,60,0,0,1,0.6896077990531921,0.6896077990531921,0.6896077990531921,0.31039220094680786,16,3,3,post_calibration
228,0,16,0,60,0,1,0,0.7597953677177429,0.7597953677177429,0.24020464718341827,0.7597953677177429,16,4,3,zero_shot_paired
228,1,16,1,60,0,1,0,0.6125469207763672,0.6125469207763672,0.3874530792236328,0.6125469207763672,16,4,3,zero_shot_paired
228,2,16,2,60,0,0,1,0.6199567317962646,0.6199567317962646,0.6199567317962646,0.38004326820373535,16,4,3,zero_shot_paired
228,3,16,3,60,1,1,1,0.583759605884552,0.583759605884552,0.4162403643131256,0.583759605884552,16,4,3,zero_shot_paired
228,4,16,4,60,1,1,1,0.6755556464195251,0.6755556464195251,0.32444441318511963,0.6755556464195251,16,4,3,zero_shot_paired
228,5,16,5,60,1,0,0,0.7737777233123779,0.7737777233123779,0.7737777233123779,0.22622224688529968,16,4,3,zero_shot_paired
228,6,16,6,60,1,1,1,0.6623649001121521,0.6623649001121521,0.3376350700855255,0.6623649001121521,16,4,3,zero_shot_paired
228,7,16,7,60,1,1,1,0.7364998459815979,0.7364998459815979,0.2635001838207245,0.7364998459815979,16,4,3,zero_shot_paired
228,8,16,9,60,1,0,0,0.5789597034454346,0.5789597034454346,0.5789597034454346,0.42104029655456543,16,4,3,zero_shot_paired
228,9,16,10,60,0,1,0,0.5325599908828735,0.5325599908828735,0.46744000911712646,0.5325599908828735,16,4,3,zero_shot_paired
228,10,16,11,60,0,0,1,0.7553889751434326,0.7553889751434326,0.7553889751434326,0.24461103975772858,16,4,3,zero_shot_paired
228,11,16,13,60,0,1,0,0.5072473883628845,0.5072473883628845,0.4927525520324707,0.5072473883628845,16,4,3,zero_shot_paired
228,12,16,14,60,1,0,0,0.6724241375923157,0.6724241375923157,0.6724241375923157,0.3275758624076843,16,4,3,zero_shot_paired
228,13,16,15,60,1,1,1,0.8008587956428528,0.8008587956428528,0.1991412490606308,0.8008587956428528,16,4,3,zero_shot_paired
228,14,16,16,60,1,1,1,0.592681348323822,0.592681348323822,0.40731868147850037,0.592681348323822,16,4,3,zero_shot_paired
228,0,16,0,60,0,1,0,0.7551774978637695,0.7551774978637695,0.24482254683971405,0.7551774978637695,16,4,3,post_calibration
228,1,16,1,60,0,1,0,0.608366847038269,0.608366847038269,0.39163315296173096,0.608366847038269,16,4,3,post_calibration
228,2,16,2,60,0,0,1,0.6303756237030029,0.6303756237030029,0.6303756237030029,0.3696243464946747,16,4,3,post_calibration
228,3,16,3,60,1,1,1,0.5738295912742615,0.5738295912742615,0.4261704683303833,0.5738295912742615,16,4,3,post_calibration
228,4,16,4,60,1,1,1,0.6584003567695618,0.6584003567695618,0.3415996730327606,0.6584003567695618,16,4,3,post_calibration
228,5,16,5,60,1,0,0,0.7770977020263672,0.7770977020263672,0.7770977020263672,0.22290225327014923,16,4,3,post_calibration
228,6,16,6,60,1,1,1,0.653721272945404,0.653721272945404,0.34627875685691833,0.653721272945404,16,4,3,post_calibration
228,7,16,7,60,1,1,1,0.7397809028625488,0.7397809028625488,0.2602190375328064,0.7397809028625488,16,4,3,post_calibration
228,8,16,9,60,1,0,0,0.577698290348053,0.577698290348053,0.577698290348053,0.4223017394542694,16,4,3,post_calibration
228,9,16,10,60,0,1,0,0.5344701409339905,0.5344701409339905,0.46552982926368713,0.5344701409339905,16,4,3,post_calibration
228,10,16,11,60,0,0,1,0.7502140998840332,0.7502140998840332,0.7502140998840332,0.249785915017128,16,4,3,post_calibration
228,11,16,13,60,0,1,0,0.5050753355026245,0.5050753355026245,0.49492472410202026,0.5050753355026245,16,4,3,post_calibration
228,12,16,14,60,1,0,0,0.6768051385879517,0.6768051385879517,0.6768051385879517,0.32319486141204834,16,4,3,post_calibration
228,13,16,15,60,1,1,1,0.8041092753410339,0.8041092753410339,0.19589075446128845,0.8041092753410339,16,4,3,post_calibration
228,14,16,16,60,1,1,1,0.5896849632263184,0.5896849632263184,0.41031500697135925,0.5896849632263184,16,4,3,post_calibration
229,0,16,0,60,0,1,0,0.7597953677177429,0.7597953677177429,0.24020464718341827,0.7597953677177429,16,5,3,zero_shot_paired
229,1,16,1,60,0,1,0,0.6125469207763672,0.6125469207763672,0.3874530792236328,0.6125469207763672,16,5,3,zero_shot_paired
229,2,16,2,60,0,0,1,0.6199567317962646,0.6199567317962646,0.6199567317962646,0.38004326820373535,16,5,3,zero_shot_paired
229,3,16,3,60,1,1,1,0.583759605884552,0.583759605884552,0.4162403643131256,0.583759605884552,16,5,3,zero_shot_paired
229,4,16,4,60,1,1,1,0.6755556464195251,0.6755556464195251,0.32444441318511963,0.6755556464195251,16,5,3,zero_shot_paired
229,5,16,6,60,1,1,1,0.6623649001121521,0.6623649001121521,0.3376350700855255,0.6623649001121521,16,5,3,zero_shot_paired
229,6,16,8,60,0,1,0,0.5117261409759521,0.5117261409759521,0.48827388882637024,0.5117261409759521,16,5,3,zero_shot_paired
229,7,16,9,60,1,0,0,0.5789597034454346,0.5789597034454346,0.5789597034454346,0.42104029655456543,16,5,3,zero_shot_paired
229,8,16,11,60,0,0,1,0.7553889751434326,0.7553889751434326,0.7553889751434326,0.24461103975772858,16,5,3,zero_shot_paired
229,9,16,12,60,1,1,1,0.759874701499939,0.759874701499939,0.24012528359889984,0.759874701499939,16,5,3,zero_shot_paired
229,10,16,13,60,0,1,0,0.5072473883628845,0.5072473883628845,0.4927525520324707,0.5072473883628845,16,5,3,zero_shot_paired
229,11,16,14,60,1,0,0,0.6724241375923157,0.6724241375923157,0.6724241375923157,0.3275758624076843,16,5,3,zero_shot_paired
229,12,16,15,60,1,1,1,0.8008587956428528,0.8008587956428528,0.1991412490606308,0.8008587956428528,16,5,3,zero_shot_paired
229,13,16,16,60,1,1,1,0.592681348323822,0.592681348323822,0.40731868147850037,0.592681348323822,16,5,3,zero_shot_paired
229,14,16,17,60,0,0,1,0.6958792209625244,0.6958792209625244,0.6958792209625244,0.304120808839798,16,5,3,zero_shot_paired
229,0,16,0,60,0,1,0,0.7617933750152588,0.7617933750152588,0.238206684589386,0.7617933750152588,16,5,3,post_calibration
229,1,16,1,60,0,1,0,0.6190575361251831,0.6190575361251831,0.3809424638748169,0.6190575361251831,16,5,3,post_calibration
229,2,16,2,60,0,0,1,0.6133667826652527,0.6133667826652527,0.6133667826652527,0.38663315773010254,16,5,3,post_calibration
229,3,16,3,60,1,1,1,0.5926942229270935,0.5926942229270935,0.4073057770729065,0.5926942229270935,16,5,3,post_calibration
229,4,16,4,60,1,1,1,0.6908769011497498,0.6908769011497498,0.30912309885025024,0.6908769011497498,16,5,3,post_calibration
229,5,16,6,60,1,1,1,0.6668952107429504,0.6668952107429504,0.33310484886169434,0.6668952107429504,16,5,3,post_calibration
229,6,16,8,60,0,1,0,0.5147185325622559,0.5147185325622559,0.48528143763542175,0.5147185325622559,16,5,3,post_calibration
229,7,16,9,60,1,0,0,0.571006178855896,0.571006178855896,0.571006178855896,0.4289938807487488,16,5,3,post_calibration
229,8,16,11,60,0,0,1,0.7508940100669861,0.7508940100669861,0.7508940100669861,0.2491060346364975,16,5,3,post_calibration
229,9,16,12,60,1,1,1,0.7655016183853149,0.7655016183853149,0.23449839651584625,0.7655016183853149,16,5,3,post_calibration
229,10,16,13,60,0,1,0,0.5056703090667725,0.5056703090667725,0.49432969093322754,0.5056703090667725,16,5,3,post_calibration
229,11,16,14,60,1,0,0,0.663898766040802,0.663898766040802,0.663898766040802,0.3361011743545532,16,5,3,post_calibration
229,12,16,15,60,1,1,1,0.8037087321281433,0.8037087321281433,0.1962912529706955,0.8037087321281433,16,5,3,post_calibration
229,13,16,16,60,1,1,1,0.5856233239173889,0.5856233239173889,0.4143766462802887,0.5856233239173889,16,5,3,post_calibration
229,14,16,17,60,0,0,1,0.6947817802429199,0.6947817802429199,0.6947817802429199,0.3052182197570801,16,5,3,post_calibration
230,0,16,1,60,0,1,0,0.6125469207763672,0.6125469207763672,0.3874530792236328,0.6125469207763672,16,6,3,zero_shot_paired
230,1,16,2,60,0,0,1,0.6199567317962646,0.6199567317962646,0.6199567317962646,0.38004326820373535,16,6,3,zero_shot_paired
230,2,16,3,60,1,1,1,0.583759605884552,0.583759605884552,0.4162403643131256,0.583759605884552,16,6,3,zero_shot_paired
230,3,16,4,60,1,1,1,0.6755556464195251,0.6755556464195251,0.32444441318511963,0.6755556464195251,16,6,3,zero_shot_paired
230,4,16,5,60,1,0,0,0.7737777233123779,0.7737777233123779,0.7737777233123779,0.22622224688529968,16,6,3,zero_shot_paired
230,5,16,6,60,1,1,1,0.6623649001121521,0.6623649001121521,0.3376350700855255,0.6623649001121521,16,6,3,zero_shot_paired
230,6,16,7,60,1,1,1,0.7364998459815979,0.7364998459815979,0.2635001838207245,0.7364998459815979,16,6,3,zero_shot_paired
230,7,16,8,60,0,1,0,0.5117261409759521,0.5117261409759521,0.48827388882637024,0.5117261409759521,16,6,3,zero_shot_paired
230,8,16,9,60,1,0,0,0.5789597034454346,0.5789597034454346,0.5789597034454346,0.42104029655456543,16,6,3,zero_shot_paired
230,9,16,10,60,0,1,0,0.5325599908828735,0.5325599908828735,0.46744000911712646,0.5325599908828735,16,6,3,zero_shot_paired
230,10,16,12,60,1,1,1,0.759874701499939,0.759874701499939,0.24012528359889984,0.759874701499939,16,6,3,zero_shot_paired
230,11,16,13,60,0,1,0,0.5072473883628845,0.5072473883628845,0.4927525520324707,0.5072473883628845,16,6,3,zero_shot_paired
230,12,16,14,60,1,0,0,0.6724241375923157,0.6724241375923157,0.6724241375923157,0.3275758624076843,16,6,3,zero_shot_paired
230,13,16,15,60,1,1,1,0.8008587956428528,0.8008587956428528,0.1991412490606308,0.8008587956428528,16,6,3,zero_shot_paired
230,14,16,17,60,0,0,1,0.6958792209625244,0.6958792209625244,0.6958792209625244,0.304120808839798,16,6,3,zero_shot_paired
230,0,16,1,60,0,1,0,0.5994778275489807,0.5994778275489807,0.4005222022533417,0.5994778275489807,16,6,3,post_calibration
230,1,16,2,60,0,0,1,0.6347768902778625,0.6347768902778625,0.6347768902778625,0.3652231693267822,16,6,3,post_calibration
230,2,16,3,60,1,1,1,0.5905430912971497,0.5905430912971497,0.40945690870285034,0.5905430912971497,16,6,3,post_calibration
230,3,16,4,60,1,1,1,0.6581600308418274,0.6581600308418274,0.34183990955352783,0.6581600308418274,16,6,3,post_calibration
230,4,16,5,60,1,0,0,0.7769179344177246,0.7769179344177246,0.7769179344177246,0.223082035779953,16,6,3,post_calibration
230,5,16,6,60,1,1,1,0.6647953391075134,0.6647953391075134,0.3352046310901642,0.6647953391075134,16,6,3,post_calibration
230,6,16,7,60,1,1,1,0.7300132513046265,0.7300132513046265,0.26998671889305115,0.7300132513046265,16,6,3,post_calibration
230,7,16,8,60,0,1,0,0.5043810606002808,0.5043810606002808,0.49561893939971924,0.5043810606002808,16,6,3,post_calibration
230,8,16,9,60,1,0,0,0.5733163952827454,0.5733163952827454,0.5733163952827454,0.42668360471725464,16,6,3,post_calibration
230,9,16,10,60,0,1,0,0.5381584763526917,0.5381584763526917,0.46184152364730835,0.5381584763526917,16,6,3,post_calibration
230,10,16,12,60,1,1,1,0.758979856967926,0.758979856967926,0.24102014303207397,0.758979856967926,16,6,3,post_calibration
230,11,16,13,60,0,0,1,0.5074323415756226,0.5074323415756226,0.5074323415756226,0.49256759881973267,16,6,3,post_calibration
230,12,16,14,60,1,0,0,0.6705880761146545,0.6705880761146545,0.6705880761146545,0.32941195368766785,16,6,3,post_calibration
230,13,16,15,60,1,1,1,0.8050544857978821,0.8050544857978821,0.19494548439979553,0.8050544857978821,16,6,3,post_calibration
230,14,16,17,60,0,0,1,0.6968696713447571,0.6968696713447571,0.6968696713447571,0.3031303286552429,16,6,3,post_calibration
231,0,16,1,60,0,1,0,0.6125469207763672,0.6125469207763672,0.3874530792236328,0.6125469207763672,16,1,6,zero_shot_paired
231,1,16,4,60,1,1,1,0.6755556464195251,0.6755556464195251,0.32444441318511963,0.6755556464195251,16,1,6,zero_shot_paired
231,2,16,5,60,1,0,0,0.7737777233123779,0.7737777233123779,0.7737777233123779,0.22622224688529968,16,1,6,zero_shot_paired
231,3,16,7,60,1,1,1,0.7364998459815979,0.7364998459815979,0.2635001838207245,0.7364998459815979,16,1,6,zero_shot_paired
231,4,16,8,60,0,1,0,0.5117261409759521,0.5117261409759521,0.48827388882637024,0.5117261409759521,16,1,6,zero_shot_paired
231,5,16,9,60,1,0,0,0.5789597034454346,0.5789597034454346,0.5789597034454346,0.42104029655456543,16,1,6,zero_shot_paired
231,6,16,10,60,0,1,0,0.5325599908828735,0.5325599908828735,0.46744000911712646,0.5325599908828735,16,1,6,zero_shot_paired
231,7,16,11,60,0,0,1,0.7553889751434326,0.7553889751434326,0.7553889751434326,0.24461103975772858,16,1,6,zero_shot_paired
231,8,16,12,60,1,1,1,0.759874701499939,0.759874701499939,0.24012528359889984,0.759874701499939,16,1,6,zero_shot_paired
231,9,16,14,60,1,0,0,0.6724241375923157,0.6724241375923157,0.6724241375923157,0.3275758624076843,16,1,6,zero_shot_paired
231,10,16,15,60,1,1,1,0.8008587956428528,0.8008587956428528,0.1991412490606308,0.8008587956428528,16,1,6,zero_shot_paired
231,11,16,17,60,0,0,1,0.6958792209625244,0.6958792209625244,0.6958792209625244,0.304120808839798,16,1,6,zero_shot_paired
231,0,16,1,60,0,1,0,0.6095405220985413,0.6095405220985413,0.39045950770378113,0.6095405220985413,16,1,6,post_calibration
231,1,16,4,60,1,1,1,0.668687641620636,0.668687641620636,0.3313123881816864,0.668687641620636,16,1,6,post_calibration
231,2,16,5,60,1,0,0,0.7688579559326172,0.7688579559326172,0.7688579559326172,0.2311420738697052,16,1,6,post_calibration
231,3,16,7,60,1,1,1,0.7382756471633911,0.7382756471633911,0.2617243230342865,0.7382756471633911,16,1,6,post_calibration
231,4,16,8,60,0,1,0,0.5134245157241821,0.5134245157241821,0.48657551407814026,0.5134245157241821,16,1,6,post_calibration
231,5,16,9,60,1,0,0,0.5576006770133972,0.5576006770133972,0.5576006770133972,0.44239935278892517,16,1,6,post_calibration
231,6,16,10,60,0,1,0,0.5537522435188293,0.5537522435188293,0.4462476968765259,0.5537522435188293,16,1,6,post_calibration
231,7,16,11,60,0,0,1,0.759714663028717,0.759714663028717,0.759714663028717,0.24028541147708893,16,1,6,post_calibration
231,8,16,12,60,1,1,1,0.773039698600769,0.773039698600769,0.22696025669574738,0.773039698600769,16,1,6,post_calibration
231,9,16,14,60,1,0,0,0.6611746549606323,0.6611746549606323,0.6611746549606323,0.3388253450393677,16,1,6,post_calibration
231,10,16,15,60,1,1,1,0.8084195852279663,0.8084195852279663,0.1915804147720337,0.8084195852279663,16,1,6,post_calibration
231,11,16,17,60,0,0,1,0.6871234178543091,0.6871234178543091,0.6871234178543091,0.3128765821456909,16,1,6,post_calibration
232,0,16,0,60,0,1,0,0.7597953677177429,0.7597953677177429,0.24020464718341827,0.7597953677177429,16,2,6,zero_shot_paired
232,1,16,1,60,0,1,0,0.6125469207763672,0.6125469207763672,0.3874530792236328,0.6125469207763672,16,2,6,zero_shot_paired
232,2,16,2,60,0,0,1,0.6199567317962646,0.6199567317962646,0.6199567317962646,0.38004326820373535,16,2,6,zero_shot_paired
232,3,16,3,60,1,1,1,0.583759605884552,0.583759605884552,0.4162403643131256,0.583759605884552,16,2,6,zero_shot_paired
232,4,16,5,60,1,0,0,0.7737777233123779,0.7737777233123779,0.7737777233123779,0.22622224688529968,16,2,6,zero_shot_paired
232,5,16,6,60,1,1,1,0.6623649001121521,0.6623649001121521,0.3376350700855255,0.6623649001121521,16,2,6,zero_shot_paired
232,6,16,9,60,1,0,0,0.5789597034454346,0.5789597034454346,0.5789597034454346,0.42104029655456543,16,2,6,zero_shot_paired
232,7,16,10,60,0,1,0,0.5325599908828735,0.5325599908828735,0.46744000911712646,0.5325599908828735,16,2,6,zero_shot_paired
232,8,16,11,60,0,0,1,0.7553889751434326,0.7553889751434326,0.7553889751434326,0.24461103975772858,16,2,6,zero_shot_paired
232,9,16,13,60,0,1,0,0.5072473883628845,0.5072473883628845,0.4927525520324707,0.5072473883628845,16,2,6,zero_shot_paired
232,10,16,15,60,1,1,1,0.8008587956428528,0.8008587956428528,0.1991412490606308,0.8008587956428528,16,2,6,zero_shot_paired
232,11,16,16,60,1,1,1,0.592681348323822,0.592681348323822,0.40731868147850037,0.592681348323822,16,2,6,zero_shot_paired
232,0,16,0,60,0,1,0,0.7668288350105286,0.7668288350105286,0.23317119479179382,0.7668288350105286,16,2,6,post_calibration
232,1,16,1,60,0,1,0,0.615199863910675,0.615199863910675,0.38480013608932495,0.615199863910675,16,2,6,post_calibration
232,2,16,2,60,0,0,1,0.6213811635971069,0.6213811635971069,0.6213811635971069,0.37861883640289307,16,2,6,post_calibration
232,3,16,3,60,1,1,1,0.5820735096931458,0.5820735096931458,0.41792646050453186,0.5820735096931458,16,2,6,post_calibration
232,4,16,5,60,1,0,0,0.7679713368415833,0.7679713368415833,0.7679713368415833,0.23202861845493317,16,2,6,post_calibration
232,5,16,6,60,1,1,1,0.6655736565589905,0.6655736565589905,0.3344264030456543,0.6655736565589905,16,2,6,post_calibration
232,6,16,9,60,1,0,0,0.575934648513794,0.575934648513794,0.575934648513794,0.42406538128852844,16,2,6,post_calibration
232,7,16,10,60,0,1,0,0.5326796174049377,0.5326796174049377,0.46732038259506226,0.5326796174049377,16,2,6,post_calibration
232,8,16,11,60,0,0,1,0.7545816898345947,0.7545816898345947,0.7545816898345947,0.24541831016540527,16,2,6,post_calibration
232,9,16,13,60,0,1,0,0.5114859342575073,0.5114859342575073,0.4885140657424927,0.5114859342575073,16,2,6,post_calibration
232,10,16,15,60,1,1,1,0.805073618888855,0.805073618888855,0.19492633640766144,0.805073618888855,16,2,6,post_calibration
232,11,16,16,60,1,1,1,0.5941612720489502,0.5941612720489502,0.40583866834640503,0.5941612720489502,16,2,6,post_calibration
233,0,16,0,60,0,1,0,0.7597953677177429,0.7597953677177429,0.24020464718341827,0.7597953677177429,16,3,6,zero_shot_paired
233,1,16,2,60,0,0,1,0.6199567317962646,0.6199567317962646,0.6199567317962646,0.38004326820373535,16,3,6,zero_shot_paired
233,2,16,3,60,1,1,1,0.583759605884552,0.583759605884552,0.4162403643131256,0.583759605884552,16,3,6,zero_shot_paired
233,3,16,4,60,1,1,1,0.6755556464195251,0.6755556464195251,0.32444441318511963,0.6755556464195251,16,3,6,zero_shot_paired
233,4,16,6,60,1,1,1,0.6623649001121521,0.6623649001121521,0.3376350700855255,0.6623649001121521,16,3,6,zero_shot_paired
233,5,16,7,60,1,1,1,0.7364998459815979,0.7364998459815979,0.2635001838207245,0.7364998459815979,16,3,6,zero_shot_paired
233,6,16,8,60,0,1,0,0.5117261409759521,0.5117261409759521,0.48827388882637024,0.5117261409759521,16,3,6,zero_shot_paired
233,7,16,12,60,1,1,1,0.759874701499939,0.759874701499939,0.24012528359889984,0.759874701499939,16,3,6,zero_shot_paired
233,8,16,13,60,0,1,0,0.5072473883628845,0.5072473883628845,0.4927525520324707,0.5072473883628845,16,3,6,zero_shot_paired
233,9,16,14,60,1,0,0,0.6724241375923157,0.6724241375923157,0.6724241375923157,0.3275758624076843,16,3,6,zero_shot_paired
233,10,16,16,60,1,1,1,0.592681348323822,0.592681348323822,0.40731868147850037,0.592681348323822,16,3,6,zero_shot_paired
233,11,16,17,60,0,0,1,0.6958792209625244,0.6958792209625244,0.6958792209625244,0.304120808839798,16,3,6,zero_shot_paired
233,0,16,0,60,0,1,0,0.7530582547187805,0.7530582547187805,0.2469417303800583,0.7530582547187805,16,3,6,post_calibration
233,1,16,2,60,0,0,1,0.6295415163040161,0.6295415163040161,0.6295415163040161,0.3704584538936615,16,3,6,post_calibration
233,2,16,3,60,1,1,1,0.6009368896484375,0.6009368896484375,0.3990631103515625,0.6009368896484375,16,3,6,post_calibration
233,3,16,4,60,1,1,1,0.679790198802948,0.679790198802948,0.3202098608016968,0.679790198802948,16,3,6,post_calibration
233,4,16,6,60,1,1,1,0.6684627532958984,0.6684627532958984,0.33153724670410156,0.6684627532958984,16,3,6,post_calibration
233,5,16,7,60,1,1,1,0.7373045086860657,0.7373045086860657,0.2626954913139343,0.7373045086860657,16,3,6,post_calibration
233,6,16,8,60,0,1,0,0.5115011930465698,0.5115011930465698,0.48849883675575256,0.5115011930465698,16,3,6,post_calibration
233,7,16,12,60,1,1,1,0.7644289135932922,0.7644289135932922,0.23557108640670776,0.7644289135932922,16,3,6,post_calibration
233,8,16,13,60,0,0,1,0.510010302066803,0.510010302066803,0.510010302066803,0.489989697933197,16,3,6,post_calibration
233,9,16,14,60,1,0,0,0.6631067395210266,0.6631067395210266,0.6631067395210266,0.3368932604789734,16,3,6,post_calibration
233,10,16,16,60,1,1,1,0.5916310548782349,0.5916310548782349,0.40836891531944275,0.5916310548782349,16,3,6,post_calibration
233,11,16,17,60,0,0,1,0.6916047930717468,0.6916047930717468,0.6916047930717468,0.30839523673057556,16,3,6,post_calibration
234,0,16,2,60,0,0,1,0.6199567317962646,0.6199567317962646,0.6199567317962646,0.38004326820373535,16,1,9,zero_shot_paired
234,1,16,4,60,1,1,1,0.6755556464195251,0.6755556464195251,0.32444441318511963,0.6755556464195251,16,1,9,zero_shot_paired
234,2,16,5,60,1,0,0,0.7737764716148376,0.7737764716148376,0.7737764716148376,0.22622357308864594,16,1,9,zero_shot_paired
234,3,16,6,60,1,1,1,0.6623683571815491,0.6623683571815491,0.3376316726207733,0.6623683571815491,16,1,9,zero_shot_paired
234,4,16,7,60,1,1,1,0.7364968657493591,0.7364968657493591,0.26350313425064087,0.7364968657493591,16,1,9,zero_shot_paired
234,5,16,10,60,0,1,0,0.5325542688369751,0.5325542688369751,0.4674457311630249,0.5325542688369751,16,1,9,zero_shot_paired
234,6,16,11,60,0,0,1,0.7553889751434326,0.7553889751434326,0.7553889751434326,0.24461103975772858,16,1,9,zero_shot_paired
234,7,16,12,60,1,1,1,0.7598775625228882,0.7598775625228882,0.2401224821805954,0.7598775625228882,16,1,9,zero_shot_paired
234,8,16,17,60,0,0,1,0.6958792209625244,0.6958792209625244,0.6958792209625244,0.304120808839798,16,1,9,zero_shot_paired
234,0,16,2,60,0,0,1,0.6364961266517639,0.6364961266517639,0.6364961266517639,0.36350390315055847,16,1,9,post_calibration
234,1,16,4,60,1,1,1,0.6636075973510742,0.6636075973510742,0.336392343044281,0.6636075973510742,16,1,9,post_calibration
234,2,16,5,60,1,0,0,0.7700813412666321,0.7700813412666321,0.7700813412666321,0.22991862893104553,16,1,9,post_calibration
234,3,16,6,60,1,1,1,0.6566771268844604,0.6566771268844604,0.3433228135108948,0.6566771268844604,16,1,9,post_calibration
234,4,16,7,60,1,1,1,0.7343547940254211,0.7343547940254211,0.26564523577690125,0.7343547940254211,16,1,9,post_calibration
234,5,16,10,60,0,1,0,0.5620825886726379,0.5620825886726379,0.4379173815250397,0.5620825886726379,16,1,9,post_calibration
234,6,16,11,60,0,0,1,0.7572394013404846,0.7572394013404846,0.7572394013404846,0.242760568857193,16,1,9,post_calibration
234,7,16,12,60,1,1,1,0.7679075002670288,0.7679075002670288,0.23209251463413239,0.7679075002670288,16,1,9,post_calibration
234,8,16,17,60,0,0,1,0.6993876099586487,0.6993876099586487,0.6993876099586487,0.3006124198436737,16,1,9,post_calibration
235,0,16,0,60,0,1,0,0.7597939968109131,0.7597939968109131,0.2402060478925705,0.7597939968109131,16,2,9,zero_shot_paired
235,1,16,1,60,0,1,0,0.6125451326370239,0.6125451326370239,0.38745492696762085,0.6125451326370239,16,2,9,zero_shot_paired
235,2,16,3,60,1,1,1,0.583757758140564,0.583757758140564,0.41624224185943604,0.583757758140564,16,2,9,zero_shot_paired
235,3,16,8,60,0,1,0,0.5117261409759521,0.5117261409759521,0.48827388882637024,0.5117261409759521,16,2,9,zero_shot_paired
235,4,16,9,60,1,0,0,0.5789633989334106,0.5789633989334106,0.5789633989334106,0.42103657126426697,16,2,9,zero_shot_paired
235,5,16,13,60,0,1,0,0.5072454810142517,0.5072454810142517,0.4927544891834259,0.5072454810142517,16,2,9,zero_shot_paired
235,6,16,14,60,1,0,0,0.6724258065223694,0.6724258065223694,0.6724258065223694,0.3275741934776306,16,2,9,zero_shot_paired
235,7,16,15,60,1,1,1,0.800856351852417,0.800856351852417,0.1991436928510666,0.800856351852417,16,2,9,zero_shot_paired
235,8,16,16,60,1,1,1,0.5926831960678101,0.5926831960678101,0.40731683373451233,0.5926831960678101,16,2,9,zero_shot_paired
235,0,16,0,60,0,1,0,0.7640618681907654,0.7640618681907654,0.23593810200691223,0.7640618681907654,16,2,9,post_calibration
235,1,16,1,60,0,1,0,0.6149577498435974,0.6149577498435974,0.3850422203540802,0.6149577498435974,16,2,9,post_calibration
235,2,16,3,60,1,1,1,0.5792850852012634,0.5792850852012634,0.4207148551940918,0.5792850852012634,16,2,9,post_calibration
235,3,16,8,60,0,1,0,0.5154598355293274,0.5154598355293274,0.4845401644706726,0.5154598355293274,16,2,9,post_calibration
235,4,16,9,60,1,0,0,0.5952444076538086,0.5952444076538086,0.5952444076538086,0.404755562543869,16,2,9,post_calibration
235,5,16,13,60,0,1,0,0.5103211402893066,0.5103211402893066,0.48967888951301575,0.5103211402893066,16,2,9,post_calibration
235,6,16,14,60,1,0,0,0.6735021471977234,0.6735021471977234,0.6735021471977234,0.326497882604599,16,2,9,post_calibration
235,7,16,15,60,1,1,1,0.7926686406135559,0.7926686406135559,0.2073313146829605,0.7926686406135559,16,2,9,post_calibration
235,8,16,16,60,1,1,1,0.5801680684089661,0.5801680684089661,0.41983190178871155,0.5801680684089661,16,2,9,post_calibration
236,0,16,2,60,0,0,1,0.6200016736984253,0.6200016736984253,0.6200016736984253,0.3799982964992523,16,1,12,zero_shot_paired
236,1,16,6,60,1,1,1,0.662388801574707,0.662388801574707,0.3376111686229706,0.662388801574707,16,1,12,zero_shot_paired
236,2,16,13,60,0,1,0,0.5072112083435059,0.5072112083435059,0.49278882145881653,0.5072112083435059,16,1,12,zero_shot_paired
236,3,16,14,60,1,0,0,0.6725165843963623,0.6725165843963623,0.6725165843963623,0.3274834454059601,16,1,12,zero_shot_paired
236,4,16,16,60,1,1,1,0.5926739573478699,0.5926739573478699,0.40732601284980774,0.5926739573478699,16,1,12,zero_shot_paired
236,5,16,17,60,0,0,1,0.695850133895874,0.695850133895874,0.695850133895874,0.3041498363018036,16,1,12,zero_shot_paired
236,0,16,2,60,0,0,1,0.6407851576805115,0.6407851576805115,0.6407851576805115,0.3592148721218109,16,1,12,post_calibration
236,1,16,6,60,1,1,1,0.6573202610015869,0.6573202610015869,0.34267979860305786,0.6573202610015869,16,1,12,post_calibration
236,2,16,13,60,0,0,1,0.5220841765403748,0.5220841765403748,0.5220841765403748,0.47791582345962524,16,1,12,post_calibration
236,3,16,14,60,1,0,0,0.6691218614578247,0.6691218614578247,0.6691218614578247,0.3308781683444977,16,1,12,post_calibration
236,4,16,16,60,1,1,1,0.5715891718864441,0.5715891718864441,0.4284108579158783,0.5715891718864441,16,1,12,post_calibration
236,5,16,17,60,0,0,1,0.694880485534668,0.694880485534668,0.694880485534668,0.3051195442676544,16,1,12,post_calibration
237,0,16,8,60,0,1,0,0.5117642283439636,0.5117642283439636,0.488235741853714,0.5117642283439636,16,2,12,zero_shot_paired
237,1,16,9,60,1,0,0,0.5787346363067627,0.5787346363067627,0.5787346363067627,0.4212653338909149,16,2,12,zero_shot_paired
237,2,16,10,60,0,1,0,0.5327954888343811,0.5327954888343811,0.4672045111656189,0.5327954888343811,16,2,12,zero_shot_paired
237,3,16,11,60,0,0,1,0.7553876042366028,0.7553876042366028,0.7553876042366028,0.2446124404668808,16,2,12,zero_shot_paired
237,4,16,14,60,1,0,0,0.6725165843963623,0.6725165843963623,0.6725165843963623,0.3274834454059601,16,2,12,zero_shot_paired
237,5,16,16,60,1,1,1,0.5926739573478699,0.5926739573478699,0.40732601284980774,0.5926739573478699,16,2,12,zero_shot_paired
237,0,16,8,60,0,1,0,0.5048750638961792,0.5048750638961792,0.4951249659061432,0.5048750638961792,16,2,12,post_calibration
237,1,16,9,60,1,0,0,0.5610551238059998,0.5610551238059998,0.5610551238059998,0.43894490599632263,16,2,12,post_calibration
237,2,16,10,60,0,1,0,0.5607075095176697,0.5607075095176697,0.4392925202846527,0.5607075095176697,16,2,12,post_calibration
237,3,16,11,60,0,0,1,0.7762163281440735,0.7762163281440735,0.7762163281440735,0.22378365695476532,16,2,12,post_calibration
237,4,16,14,60,1,0,0,0.6563330888748169,0.6563330888748169,0.6563330888748169,0.3436668813228607,16,2,12,post_calibration
237,5,16,16,60,1,1,1,0.562978208065033,0.562978208065033,0.43702182173728943,0.562978208065033,16,2,12,post_calibration
238,0,16,2,60,0,0,1,0.6200016736984253,0.6200016736984253,0.6200016736984253,0.3799982964992523,16,3,12,zero_shot_paired
238,1,16,5,60,1,0,0,0.7738311886787415,0.7738311886787415,0.7738311886787415,0.22616882622241974,16,3,12,zero_shot_paired
238,2,16,10,60,0,1,0,0.5327954888343811,0.5327954888343811,0.4672045111656189,0.5327954888343811,16,3,12,zero_shot_paired
238,3,16,11,60,0,0,1,0.7553876042366028,0.7553876042366028,0.7553876042366028,0.2446124404668808,16,3,12,zero_shot_paired
238,4,16,15,60,1,1,1,0.800846517086029,0.800846517086029,0.19915340840816498,0.800846517086029,16,3,12,zero_shot_paired
238,5,16,16,60,1,1,1,0.5926739573478699,0.5926739573478699,0.40732601284980774,0.5926739573478699,16,3,12,zero_shot_paired
238,0,16,2,60,0,0,1,0.644670844078064,0.644670844078064,0.644670844078064,0.35532909631729126,16,3,12,post_calibration
238,1,16,5,60,1,0,0,0.7571791410446167,0.7571791410446167,0.7571791410446167,0.24282090365886688,16,3,12,post_calibration
238,2,16,10,60,0,1,0,0.5840376615524292,0.5840376615524292,0.4159623086452484,0.5840376615524292,16,3,12,post_calibration
238,3,16,11,60,0,0,1,0.7605658769607544,0.7605658769607544,0.7605658769607544,0.23943409323692322,16,3,12,post_calibration
238,4,16,15,60,1,1,1,0.809206485748291,0.809206485748291,0.1907934993505478,0.809206485748291,16,3,12,post_calibration
238,5,16,16,60,1,1,1,0.5801178812980652,0.5801178812980652,0.41988205909729004,0.5801178812980652,16,3,12,post_calibration
18,0,17,0,60,0,0,1,0.5230568647384644,0.5230568647384644,0.5230568647384644,0.47694316506385803,17,,,zero_shot_all_trials
18,1,17,1,60,1,1,1,0.8645340204238892,0.8645340204238892,0.13546600937843323,0.8645340204238892,17,,,zero_shot_all_trials
18,2,17,2,60,1,1,1,0.7094266414642334,0.7094266414642334,0.2905733287334442,0.7094266414642334,17,,,zero_shot_all_trials
18,3,17,3,60,1,1,1,0.8009024858474731,0.8009024858474731,0.19909745454788208,0.8009024858474731,17,,,zero_shot_all_trials
18,4,17,4,60,1,0,0,0.6336724162101746,0.6336724162101746,0.6336724162101746,0.36632758378982544,17,,,zero_shot_all_trials
18,5,17,5,60,1,0,0,0.5117394924163818,0.5117394924163818,0.5117394924163818,0.48826053738594055,17,,,zero_shot_all_trials
18,6,17,6,60,1,1,1,0.5002899169921875,0.5002899169921875,0.4997100532054901,0.5002899169921875,17,,,zero_shot_all_trials
18,7,17,7,60,1,1,1,0.5558138489723206,0.5558138489723206,0.44418615102767944,0.5558138489723206,17,,,zero_shot_all_trials
18,8,17,8,60,1,0,0,0.6998109221458435,0.6998109221458435,0.6998109221458435,0.30018913745880127,17,,,zero_shot_all_trials
18,9,17,9,60,0,1,0,0.5005683898925781,0.5005683898925781,0.4994316101074219,0.5005683898925781,17,,,zero_shot_all_trials
18,10,17,10,60,0,0,1,0.541100025177002,0.541100025177002,0.541100025177002,0.45889991521835327,17,,,zero_shot_all_trials
18,11,17,11,60,1,0,0,0.5401071906089783,0.5401071906089783,0.5401071906089783,0.45989277958869934,17,,,zero_shot_all_trials
18,12,17,12,60,1,1,1,0.6707885265350342,0.6707885265350342,0.32921141386032104,0.6707885265350342,17,,,zero_shot_all_trials
18,13,17,13,60,1,1,1,0.6736547946929932,0.6736547946929932,0.3263452351093292,0.6736547946929932,17,,,zero_shot_all_trials
18,14,17,14,60,1,0,0,0.56491619348526,0.56491619348526,0.56491619348526,0.4350837469100952,17,,,zero_shot_all_trials
18,15,17,15,60,1,0,0,0.5396390557289124,0.5396390557289124,0.5396390557289124,0.46036091446876526,17,,,zero_shot_all_trials
18,16,17,16,60,1,1,1,0.8963754773139954,0.8963754773139954,0.10362454503774643,0.8963754773139954,17,,,zero_shot_all_trials
18,17,17,17,60,1,1,1,0.6834640502929688,0.6834640502929688,0.31653594970703125,0.6834640502929688,17,,,zero_shot_all_trials
239,0,17,0,60,0,0,1,0.5230663418769836,0.5230663418769836,0.5230663418769836,0.47693365812301636,17,1,3,zero_shot_paired
239,1,17,2,60,1,1,1,0.7094328999519348,0.7094328999519348,0.2905670702457428,0.7094328999519348,17,1,3,zero_shot_paired
239,2,17,3,60,1,1,1,0.8009061813354492,0.8009061813354492,0.1990938037633896,0.8009061813354492,17,1,3,zero_shot_paired
239,3,17,4,60,1,0,0,0.6336653232574463,0.6336653232574463,0.6336653232574463,0.3663346767425537,17,1,3,zero_shot_paired
239,4,17,5,60,1,0,0,0.5117394924163818,0.5117394924163818,0.5117394924163818,0.48826053738594055,17,1,3,zero_shot_paired
239,5,17,6,60,1,1,1,0.5002841949462891,0.5002841949462891,0.4997158348560333,0.5002841949462891,17,1,3,zero_shot_paired
239,6,17,7,60,1,1,1,0.5558157563209534,0.5558157563209534,0.44418421387672424,0.5558157563209534,17,1,3,zero_shot_paired
239,7,17,9,60,0,1,0,0.5005664825439453,0.5005664825439453,0.4994334876537323,0.5005664825439453,17,1,3,zero_shot_paired
239,8,17,10,60,0,0,1,0.5411057472229004,0.5411057472229004,0.5411057472229004,0.4588942527770996,17,1,3,zero_shot_paired
239,9,17,12,60,1,1,1,0.6707869172096252,0.6707869172096252,0.32921308279037476,0.6707869172096252,17,1,3,zero_shot_paired
239,10,17,13,60,1,1,1,0.673651397228241,0.673651397228241,0.32634857296943665,0.673651397228241,17,1,3,zero_shot_paired
239,11,17,14,60,1,0,0,0.5649105906486511,0.5649105906486511,0.5649105906486511,0.4350893795490265,17,1,3,zero_shot_paired
239,12,17,15,60,1,0,0,0.5396371483802795,0.5396371483802795,0.5396371483802795,0.4603627920150757,17,1,3,zero_shot_paired
239,13,17,16,60,1,1,1,0.8963733911514282,0.8963733911514282,0.10362668335437775,0.8963733911514282,17,1,3,zero_shot_paired
239,14,17,17,60,1,1,1,0.6834657192230225,0.6834657192230225,0.3165343105792999,0.6834657192230225,17,1,3,zero_shot_paired
239,0,17,0,60,0,0,1,0.5108892321586609,0.5108892321586609,0.5108892321586609,0.4891107380390167,17,1,3,post_calibration
239,1,17,2,60,1,1,1,0.7252140045166016,0.7252140045166016,0.27478599548339844,0.7252140045166016,17,1,3,post_calibration
239,2,17,3,60,1,1,1,0.8159347176551819,0.8159347176551819,0.18406522274017334,0.8159347176551819,17,1,3,post_calibration
239,3,17,4,60,1,0,0,0.6187227964401245,0.6187227964401245,0.6187227964401245,0.3812771439552307,17,1,3,post_calibration
239,4,17,5,60,1,1,1,0.506259560585022,0.506259560585022,0.49374037981033325,0.506259560585022,17,1,3,post_calibration
239,5,17,6,60,1,1,1,0.5296663641929626,0.5296663641929626,0.47033366560935974,0.5296663641929626,17,1,3,post_calibration
239,6,17,7,60,1,1,1,0.5561001896858215,0.5561001896858215,0.44389984011650085,0.5561001896858215,17,1,3,post_calibration
239,7,17,9,60,0,1,0,0.517820417881012,0.517820417881012,0.48217955231666565,0.517820417881012,17,1,3,post_calibration
239,8,17,10,60,0,0,1,0.5058171153068542,0.5058171153068542,0.5058171153068542,0.49418285489082336,17,1,3,post_calibration
239,9,17,12,60,1,1,1,0.6982297897338867,0.6982297897338867,0.3017702102661133,0.6982297897338867,17,1,3,post_calibration
239,10,17,13,60,1,1,1,0.6927101612091064,0.6927101612091064,0.30728980898857117,0.6927101612091064,17,1,3,post_calibration
239,11,17,14,60,1,0,0,0.5475245118141174,0.5475245118141174,0.5475245118141174,0.4524754285812378,17,1,3,post_calibration
239,12,17,15,60,1,0,0,0.5338455438613892,0.5338455438613892,0.5338455438613892,0.46615442633628845,17,1,3,post_calibration
239,13,17,16,60,1,1,1,0.9013380408287048,0.9013380408287048,0.09866194427013397,0.9013380408287048,17,1,3,post_calibration
239,14,17,17,60,1,1,1,0.6951246857643127,0.6951246857643127,0.30487537384033203,0.6951246857643127,17,1,3,post_calibration
240,0,17,0,60,0,0,1,0.5230644345283508,0.5230644345283508,0.5230644345283508,0.4769355356693268,17,2,3,zero_shot_paired
240,1,17,1,60,1,1,1,0.8645313382148743,0.8645313382148743,0.13546870648860931,0.8645313382148743,17,2,3,zero_shot_paired
240,2,17,2,60,1,1,1,0.7094376683235168,0.7094376683235168,0.29056236147880554,0.7094376683235168,17,2,3,zero_shot_paired
240,3,17,3,60,1,1,1,0.8009013533592224,0.8009013533592224,0.19909866154193878,0.8009013533592224,17,2,3,zero_shot_paired
240,4,17,4,60,1,0,0,0.6336565017700195,0.6336565017700195,0.6336565017700195,0.36634352803230286,17,2,3,zero_shot_paired
240,5,17,5,60,1,0,0,0.5117356777191162,0.5117356777191162,0.5117356777191162,0.4882643222808838,17,2,3,zero_shot_paired
240,6,17,7,60,1,1,1,0.5558120012283325,0.5558120012283325,0.44418805837631226,0.5558120012283325,17,2,3,zero_shot_paired
240,7,17,8,60,1,0,0,0.699799656867981,0.699799656867981,0.699799656867981,0.30020034313201904,17,2,3,zero_shot_paired
240,8,17,9,60,0,1,0,0.5005607604980469,0.5005607604980469,0.4994392395019531,0.5005607604980469,17,2,3,zero_shot_paired
240,9,17,10,60,0,0,1,0.5410981774330139,0.5410981774330139,0.5410981774330139,0.4589017927646637,17,2,3,zero_shot_paired
240,10,17,11,60,1,0,0,0.5400844812393188,0.5400844812393188,0.5400844812393188,0.45991551876068115,17,2,3,zero_shot_paired
240,11,17,13,60,1,1,1,0.6736531257629395,0.6736531257629395,0.32634690403938293,0.6736531257629395,17,2,3,zero_shot_paired
240,12,17,15,60,1,0,0,0.5396353006362915,0.5396353006362915,0.5396353006362915,0.4603647291660309,17,2,3,zero_shot_paired
240,13,17,16,60,1,1,1,0.8963747024536133,0.8963747024536133,0.10362524539232254,0.8963747024536133,17,2,3,zero_shot_paired
240,14,17,17,60,1,1,1,0.6834657192230225,0.6834657192230225,0.3165343105792999,0.6834657192230225,17,2,3,zero_shot_paired
240,0,17,0,60,0,1,0,0.5021400451660156,0.5021400451660156,0.49785998463630676,0.5021400451660156,17,2,3,post_calibration
240,1,17,1,60,1,1,1,0.8703030347824097,0.8703030347824097,0.12969696521759033,0.8703030347824097,17,2,3,post_calibration
240,2,17,2,60,1,1,1,0.7236208319664001,0.7236208319664001,0.27637913823127747,0.7236208319664001,17,2,3,post_calibration
240,3,17,3,60,1,1,1,0.8180292248725891,0.8180292248725891,0.18197080492973328,0.8180292248725891,17,2,3,post_calibration
240,4,17,4,60,1,0,0,0.6017983555793762,0.6017983555793762,0.6017983555793762,0.39820167422294617,17,2,3,post_calibration
240,5,17,5,60,1,1,1,0.5274059176445007,0.5274059176445007,0.47259408235549927,0.5274059176445007,17,2,3,post_calibration
240,6,17,7,60,1,1,1,0.5685898661613464,0.5685898661613464,0.43141013383865356,0.5685898661613464,17,2,3,post_calibration
240,7,17,8,60,1,0,0,0.6775573492050171,0.6775573492050171,0.6775573492050171,0.3224426507949829,17,2,3,post_calibration
240,8,17,9,60,0,1,0,0.510317325592041,0.510317325592041,0.48968273401260376,0.510317325592041,17,2,3,post_calibration
240,9,17,10,60,0,0,1,0.504419207572937,0.504419207572937,0.504419207572937,0.495580792427063,17,2,3,post_calibration
240,10,17,11,60,1,0,0,0.5090703368186951,0.5090703368186951,0.5090703368186951,0.49092963337898254,17,2,3,post_calibration
240,11,17,13,60,1,1,1,0.7020546793937683,0.7020546793937683,0.2979452908039093,0.7020546793937683,17,2,3,post_calibration
240,12,17,15,60,1,0,0,0.5146766304969788,0.5146766304969788,0.5146766304969788,0.48532336950302124,17,2,3,post_calibration
240,13,17,16,60,1,1,1,0.9002389907836914,0.9002389907836914,0.09976103901863098,0.9002389907836914,17,2,3,post_calibration
240,14,17,17,60,1,1,1,0.6865391731262207,0.6865391731262207,0.3134607970714569,0.6865391731262207,17,2,3,post_calibration
241,0,17,1,60,1,1,1,0.8645313382148743,0.8645313382148743,0.13546870648860931,0.8645313382148743,17,3,3,zero_shot_paired
241,1,17,2,60,1,1,1,0.7094376683235168,0.7094376683235168,0.29056236147880554,0.7094376683235168,17,3,3,zero_shot_paired
241,2,17,3,60,1,1,1,0.8009013533592224,0.8009013533592224,0.19909866154193878,0.8009013533592224,17,3,3,zero_shot_paired
241,3,17,6,60,1,1,1,0.5002880096435547,0.5002880096435547,0.4997119903564453,0.5002880096435547,17,3,3,zero_shot_paired
241,4,17,7,60,1,1,1,0.5558120012283325,0.5558120012283325,0.44418805837631226,0.5558120012283325,17,3,3,zero_shot_paired
241,5,17,8,60,1,0,0,0.699799656867981,0.699799656867981,0.699799656867981,0.30020034313201904,17,3,3,zero_shot_paired
241,6,17,9,60,0,1,0,0.5005607604980469,0.5005607604980469,0.4994392395019531,0.5005607604980469,17,3,3,zero_shot_paired
241,7,17,10,60,0,0,1,0.5410981774330139,0.5410981774330139,0.5410981774330139,0.4589017927646637,17,3,3,zero_shot_paired
241,8,17,11,60,1,0,0,0.5400844812393188,0.5400844812393188,0.5400844812393188,0.45991551876068115,17,3,3,zero_shot_paired
241,9,17,12,60,1,1,1,0.6707818508148193,0.6707818508148193,0.32921814918518066,0.6707818508148193,17,3,3,zero_shot_paired
241,10,17,13,60,1,1,1,0.6736531257629395,0.6736531257629395,0.32634690403938293,0.6736531257629395,17,3,3,zero_shot_paired
241,11,17,14,60,1,0,0,0.5649181008338928,0.5649181008338928,0.5649181008338928,0.4350818693637848,17,3,3,zero_shot_paired
241,12,17,15,60,1,0,0,0.5396353006362915,0.5396353006362915,0.5396353006362915,0.4603647291660309,17,3,3,zero_shot_paired
241,13,17,16,60,1,1,1,0.8963747024536133,0.8963747024536133,0.10362524539232254,0.8963747024536133,17,3,3,zero_shot_paired
241,14,17,17,60,1,1,1,0.6834657192230225,0.6834657192230225,0.3165343105792999,0.6834657192230225,17,3,3,zero_shot_paired
241,0,17,1,60,1,1,1,0.8670744299888611,0.8670744299888611,0.13292555510997772,0.8670744299888611,17,3,3,post_calibration
241,1,17,2,60,1,1,1,0.7093511819839478,0.7093511819839478,0.29064884781837463,0.7093511819839478,17,3,3,post_calibration
241,2,17,3,60,1,1,1,0.8092194199562073,0.8092194199562073,0.19078056514263153,0.8092194199562073,17,3,3,post_calibration
241,3,17,6,60,1,1,1,0.5031089186668396,0.5031089186668396,0.496891051530838,0.5031089186668396,17,3,3,post_calibration
241,4,17,7,60,1,1,1,0.5671651363372803,0.5671651363372803,0.43283483386039734,0.5671651363372803,17,3,3,post_calibration
241,5,17,8,60,1,0,0,0.6953186392784119,0.6953186392784119,0.6953186392784119,0.30468136072158813,17,3,3,post_calibration
241,6,17,9,60,0,1,0,0.5107557773590088,0.5107557773590088,0.4892441928386688,0.5107557773590088,17,3,3,post_calibration
241,7,17,10,60,0,0,1,0.5291892290115356,0.5291892290115356,0.5291892290115356,0.47081074118614197,17,3,3,post_calibration
241,8,17,11,60,1,0,0,0.5260003805160522,0.5260003805160522,0.5260003805160522,0.47399961948394775,17,3,3,post_calibration
241,9,17,12,60,1,1,1,0.6849526166915894,0.6849526166915894,0.31504738330841064,0.6849526166915894,17,3,3,post_calibration
241,10,17,13,60,1,1,1,0.6933026909828186,0.6933026909828186,0.3066973388195038,0.6933026909828186,17,3,3,post_calibration
241,11,17,14,60,1,0,0,0.5437265038490295,0.5437265038490295,0.5437265038490295,0.45627349615097046,17,3,3,post_calibration
241,12,17,15,60,1,0,0,0.525551438331604,0.525551438331604,0.525551438331604,0.4744485318660736,17,3,3,post_calibration
241,13,17,16,60,1,1,1,0.8963804841041565,0.8963804841041565,0.10361959040164948,0.8963804841041565,17,3,3,post_calibration
241,14,17,17,60,1,1,1,0.6766031980514526,0.6766031980514526,0.32339680194854736,0.6766031980514526,17,3,3,post_calibration
242,0,17,0,60,0,0,1,0.5230644345283508,0.5230644345283508,0.5230644345283508,0.4769355356693268,17,4,3,zero_shot_paired
242,1,17,1,60,1,1,1,0.8645313382148743,0.8645313382148743,0.13546870648860931,0.8645313382148743,17,4,3,zero_shot_paired
242,2,17,3,60,1,1,1,0.8009013533592224,0.8009013533592224,0.19909866154193878,0.8009013533592224,17,4,3,zero_shot_paired
242,3,17,4,60,1,0,0,0.6336565017700195,0.6336565017700195,0.6336565017700195,0.36634352803230286,17,4,3,zero_shot_paired
242,4,17,5,60,1,0,0,0.5117356777191162,0.5117356777191162,0.5117356777191162,0.4882643222808838,17,4,3,zero_shot_paired
242,5,17,6,60,1,1,1,0.5002880096435547,0.5002880096435547,0.4997119903564453,0.5002880096435547,17,4,3,zero_shot_paired
242,6,17,7,60,1,1,1,0.5558120012283325,0.5558120012283325,0.44418805837631226,0.5558120012283325,17,4,3,zero_shot_paired
242,7,17,8,60,1,0,0,0.699799656867981,0.699799656867981,0.699799656867981,0.30020034313201904,17,4,3,zero_shot_paired
242,8,17,9,60,0,1,0,0.5005607604980469,0.5005607604980469,0.4994392395019531,0.5005607604980469,17,4,3,zero_shot_paired
242,9,17,10,60,0,0,1,0.5410981774330139,0.5410981774330139,0.5410981774330139,0.4589017927646637,17,4,3,zero_shot_paired
242,10,17,11,60,1,0,0,0.5400844812393188,0.5400844812393188,0.5400844812393188,0.45991551876068115,17,4,3,zero_shot_paired
242,11,17,12,60,1,1,1,0.6707818508148193,0.6707818508148193,0.32921814918518066,0.6707818508148193,17,4,3,zero_shot_paired
242,12,17,13,60,1,1,1,0.6736531257629395,0.6736531257629395,0.32634690403938293,0.6736531257629395,17,4,3,zero_shot_paired
242,13,17,14,60,1,0,0,0.5649181008338928,0.5649181008338928,0.5649181008338928,0.4350818693637848,17,4,3,zero_shot_paired
242,14,17,16,60,1,1,1,0.8963747024536133,0.8963747024536133,0.10362524539232254,0.8963747024536133,17,4,3,zero_shot_paired
242,0,17,0,60,0,0,1,0.513719916343689,0.513719916343689,0.513719916343689,0.48628005385398865,17,4,3,post_calibration
242,1,17,1,60,1,1,1,0.8679093718528748,0.8679093718528748,0.13209064304828644,0.8679093718528748,17,4,3,post_calibration
242,2,17,3,60,1,1,1,0.8033980131149292,0.8033980131149292,0.1966019570827484,0.8033980131149292,17,4,3,post_calibration
242,3,17,4,60,1,0,0,0.6333447098731995,0.6333447098731995,0.6333447098731995,0.36665529012680054,17,4,3,post_calibration
242,4,17,5,60,1,0,0,0.5108510851860046,0.5108510851860046,0.5108510851860046,0.489148885011673,17,4,3,post_calibration
242,5,17,6,60,1,1,1,0.5015220046043396,0.5015220046043396,0.4984779357910156,0.5015220046043396,17,4,3,post_calibration
242,6,17,7,60,1,1,1,0.5550301671028137,0.5550301671028137,0.44496986269950867,0.5550301671028137,17,4,3,post_calibration
242,7,17,8,60,1,0,0,0.7018982768058777,0.7018982768058777,0.7018982768058777,0.2981016933917999,17,4,3,post_calibration
242,8,17,9,60,0,1,0,0.5027961134910583,0.5027961134910583,0.49720385670661926,0.5027961134910583,17,4,3,post_calibration
242,9,17,10,60,0,0,1,0.543306291103363,0.543306291103363,0.543306291103363,0.45669370889663696,17,4,3,post_calibration
242,10,17,11,60,1,0,0,0.5416797399520874,0.5416797399520874,0.5416797399520874,0.458320289850235,17,4,3,post_calibration
242,11,17,12,60,1,1,1,0.6824662685394287,0.6824662685394287,0.3175337314605713,0.6824662685394287,17,4,3,post_calibration
242,12,17,13,60,1,1,1,0.6716287136077881,0.6716287136077881,0.3283712565898895,0.6716287136077881,17,4,3,post_calibration
242,13,17,14,60,1,0,0,0.5702266693115234,0.5702266693115234,0.5702266693115234,0.42977336049079895,17,4,3,post_calibration
242,14,17,16,60,1,1,1,0.8993971347808838,0.8993971347808838,0.10060284286737442,0.8993971347808838,17,4,3,post_calibration
243,0,17,0,60,0,0,1,0.5230644345283508,0.5230644345283508,0.5230644345283508,0.4769355356693268,17,5,3,zero_shot_paired
243,1,17,1,60,1,1,1,0.8645313382148743,0.8645313382148743,0.13546870648860931,0.8645313382148743,17,5,3,zero_shot_paired
243,2,17,2,60,1,1,1,0.7094376683235168,0.7094376683235168,0.29056236147880554,0.7094376683235168,17,5,3,zero_shot_paired
243,3,17,4,60,1,0,0,0.6336565017700195,0.6336565017700195,0.6336565017700195,0.36634352803230286,17,5,3,zero_shot_paired
243,4,17,5,60,1,0,0,0.5117356777191162,0.5117356777191162,0.5117356777191162,0.4882643222808838,17,5,3,zero_shot_paired
243,5,17,6,60,1,1,1,0.5002880096435547,0.5002880096435547,0.4997119903564453,0.5002880096435547,17,5,3,zero_shot_paired
243,6,17,8,60,1,0,0,0.699799656867981,0.699799656867981,0.699799656867981,0.30020034313201904,17,5,3,zero_shot_paired
243,7,17,10,60,0,0,1,0.5410981774330139,0.5410981774330139,0.5410981774330139,0.4589017927646637,17,5,3,zero_shot_paired
243,8,17,11,60,1,0,0,0.5400844812393188,0.5400844812393188,0.5400844812393188,0.45991551876068115,17,5,3,zero_shot_paired
243,9,17,12,60,1,1,1,0.6707818508148193,0.6707818508148193,0.32921814918518066,0.6707818508148193,17,5,3,zero_shot_paired
243,10,17,13,60,1,1,1,0.6736531257629395,0.6736531257629395,0.32634690403938293,0.6736531257629395,17,5,3,zero_shot_paired
243,11,17,14,60,1,0,0,0.5649181008338928,0.5649181008338928,0.5649181008338928,0.4350818693637848,17,5,3,zero_shot_paired
243,12,17,15,60,1,0,0,0.5396353006362915,0.5396353006362915,0.5396353006362915,0.4603647291660309,17,5,3,zero_shot_paired
243,13,17,16,60,1,1,1,0.8963747024536133,0.8963747024536133,0.10362524539232254,0.8963747024536133,17,5,3,zero_shot_paired
243,14,17,17,60,1,1,1,0.6834657192230225,0.6834657192230225,0.3165343105792999,0.6834657192230225,17,5,3,zero_shot_paired
243,0,17,0,60,0,0,1,0.5323092937469482,0.5323092937469482,0.5323092937469482,0.46769073605537415,17,5,3,post_calibration
243,1,17,1,60,1,1,1,0.8698312044143677,0.8698312044143677,0.13016876578330994,0.8698312044143677,17,5,3,post_calibration
243,2,17,2,60,1,1,1,0.706790030002594,0.706790030002594,0.293209969997406,0.706790030002594,17,5,3,post_calibration
243,3,17,4,60,1,0,0,0.639839768409729,0.639839768409729,0.639839768409729,0.3601601719856262,17,5,3,post_calibration
243,4,17,5,60,1,0,0,0.5309034585952759,0.5309034585952759,0.5309034585952759,0.4690965414047241,17,5,3,post_calibration
243,5,17,6,60,1,0,0,0.5098902583122253,0.5098902583122253,0.5098902583122253,0.49010977149009705,17,5,3,post_calibration
243,6,17,8,60,1,0,0,0.7145175933837891,0.7145175933837891,0.7145175933837891,0.2854824662208557,17,5,3,post_calibration
243,7,17,10,60,0,0,1,0.5487755537033081,0.5487755537033081,0.5487755537033081,0.4512244760990143,17,5,3,post_calibration
243,8,17,11,60,1,0,0,0.5428026914596558,0.5428026914596558,0.5428026914596558,0.45719730854034424,17,5,3,post_calibration
243,9,17,12,60,1,1,1,0.666279673576355,0.666279673576355,0.33372029662132263,0.666279673576355,17,5,3,post_calibration
243,10,17,13,60,1,1,1,0.6687991619110107,0.6687991619110107,0.33120083808898926,0.6687991619110107,17,5,3,post_calibration
243,11,17,14,60,1,0,0,0.561075747013092,0.561075747013092,0.561075747013092,0.43892422318458557,17,5,3,post_calibration
243,12,17,15,60,1,0,0,0.5422876477241516,0.5422876477241516,0.5422876477241516,0.4577123522758484,17,5,3,post_calibration
243,13,17,16,60,1,1,1,0.8964024186134338,0.8964024186134338,0.10359761118888855,0.8964024186134338,17,5,3,post_calibration
243,14,17,17,60,1,1,1,0.6784002184867859,0.6784002184867859,0.3215998113155365,0.6784002184867859,17,5,3,post_calibration
244,0,17,0,60,0,0,1,0.5230644345283508,0.5230644345283508,0.5230644345283508,0.4769355356693268,17,6,3,zero_shot_paired
244,1,17,1,60,1,1,1,0.8645313382148743,0.8645313382148743,0.13546870648860931,0.8645313382148743,17,6,3,zero_shot_paired
244,2,17,2,60,1,1,1,0.7094376683235168,0.7094376683235168,0.29056236147880554,0.7094376683235168,17,6,3,zero_shot_paired
244,3,17,3,60,1,1,1,0.8009013533592224,0.8009013533592224,0.19909866154193878,0.8009013533592224,17,6,3,zero_shot_paired
244,4,17,4,60,1,0,0,0.6336565017700195,0.6336565017700195,0.6336565017700195,0.36634352803230286,17,6,3,zero_shot_paired
244,5,17,5,60,1,0,0,0.5117356777191162,0.5117356777191162,0.5117356777191162,0.4882643222808838,17,6,3,zero_shot_paired
244,6,17,6,60,1,1,1,0.5002880096435547,0.5002880096435547,0.4997119903564453,0.5002880096435547,17,6,3,zero_shot_paired
244,7,17,7,60,1,1,1,0.5558120012283325,0.5558120012283325,0.44418805837631226,0.5558120012283325,17,6,3,zero_shot_paired
244,8,17,8,60,1,0,0,0.699799656867981,0.699799656867981,0.699799656867981,0.30020034313201904,17,6,3,zero_shot_paired
244,9,17,9,60,0,1,0,0.5005607604980469,0.5005607604980469,0.4994392395019531,0.5005607604980469,17,6,3,zero_shot_paired
244,10,17,11,60,1,0,0,0.5400844812393188,0.5400844812393188,0.5400844812393188,0.45991551876068115,17,6,3,zero_shot_paired
244,11,17,12,60,1,1,1,0.6707818508148193,0.6707818508148193,0.32921814918518066,0.6707818508148193,17,6,3,zero_shot_paired
244,12,17,14,60,1,0,0,0.5649181008338928,0.5649181008338928,0.5649181008338928,0.4350818693637848,17,6,3,zero_shot_paired
244,13,17,15,60,1,0,0,0.5396353006362915,0.5396353006362915,0.5396353006362915,0.4603647291660309,17,6,3,zero_shot_paired
244,14,17,17,60,1,1,1,0.6834657192230225,0.6834657192230225,0.3165343105792999,0.6834657192230225,17,6,3,zero_shot_paired
244,0,17,0,60,0,0,1,0.521328330039978,0.521328330039978,0.521328330039978,0.4786716103553772,17,6,3,post_calibration
244,1,17,1,60,1,1,1,0.864309549331665,0.864309549331665,0.13569045066833496,0.864309549331665,17,6,3,post_calibration
244,2,17,2,60,1,1,1,0.710220217704773,0.710220217704773,0.28977978229522705,0.710220217704773,17,6,3,post_calibration
244,3,17,3,60,1,1,1,0.803316056728363,0.803316056728363,0.19668391346931458,0.803316056728363,17,6,3,post_calibration
244,4,17,4,60,1,0,0,0.6283200979232788,0.6283200979232788,0.6283200979232788,0.3716799020767212,17,6,3,post_calibration
244,5,17,5,60,1,1,1,0.5040720701217651,0.5040720701217651,0.4959279000759125,0.5040720701217651,17,6,3,post_calibration
244,6,17,6,60,1,1,1,0.5055520534515381,0.5055520534515381,0.4944479167461395,0.5055520534515381,17,6,3,post_calibration
244,7,17,7,60,1,1,1,0.5559061169624329,0.5559061169624329,0.44409382343292236,0.5559061169624329,17,6,3,post_calibration
244,8,17,8,60,1,0,0,0.687734842300415,0.687734842300415,0.687734842300415,0.3122651278972626,17,6,3,post_calibration
244,9,17,9,60,0,1,0,0.5047568082809448,0.5047568082809448,0.49524322152137756,0.5047568082809448,17,6,3,post_calibration
244,10,17,11,60,1,0,0,0.5386059880256653,0.5386059880256653,0.5386059880256653,0.4613940715789795,17,6,3,post_calibration
244,11,17,12,60,1,1,1,0.66737300157547,0.66737300157547,0.3326270580291748,0.66737300157547,17,6,3,post_calibration
244,12,17,14,60,1,0,0,0.5532752871513367,0.5532752871513367,0.5532752871513367,0.4467247724533081,17,6,3,post_calibration
244,13,17,15,60,1,0,0,0.5356962084770203,0.5356962084770203,0.5356962084770203,0.46430379152297974,17,6,3,post_calibration
244,14,17,17,60,1,1,1,0.6838633418083191,0.6838633418083191,0.3161366283893585,0.6838633418083191,17,6,3,post_calibration
245,0,17,0,60,0,0,1,0.5230644345283508,0.5230644345283508,0.5230644345283508,0.4769355356693268,17,1,6,zero_shot_paired
245,1,17,2,60,1,1,1,0.7094376683235168,0.7094376683235168,0.29056236147880554,0.7094376683235168,17,1,6,zero_shot_paired
245,2,17,3,60,1,1,1,0.8009013533592224,0.8009013533592224,0.19909866154193878,0.8009013533592224,17,1,6,zero_shot_paired
245,3,17,4,60,1,0,0,0.6336565017700195,0.6336565017700195,0.6336565017700195,0.36634352803230286,17,1,6,zero_shot_paired
245,4,17,5,60,1,0,0,0.5117356777191162,0.5117356777191162,0.5117356777191162,0.4882643222808838,17,1,6,zero_shot_paired
245,5,17,7,60,1,1,1,0.5558120012283325,0.5558120012283325,0.44418805837631226,0.5558120012283325,17,1,6,zero_shot_paired
245,6,17,8,60,1,0,0,0.699799656867981,0.699799656867981,0.699799656867981,0.30020034313201904,17,1,6,zero_shot_paired
245,7,17,9,60,0,1,0,0.5005607604980469,0.5005607604980469,0.4994392395019531,0.5005607604980469,17,1,6,zero_shot_paired
245,8,17,11,60,1,0,0,0.5400844812393188,0.5400844812393188,0.5400844812393188,0.45991551876068115,17,1,6,zero_shot_paired
245,9,17,13,60,1,1,1,0.6736531257629395,0.6736531257629395,0.32634690403938293,0.6736531257629395,17,1,6,zero_shot_paired
245,10,17,14,60,1,0,0,0.5649181008338928,0.5649181008338928,0.5649181008338928,0.4350818693637848,17,1,6,zero_shot_paired
245,11,17,16,60,1,1,1,0.8963747024536133,0.8963747024536133,0.10362524539232254,0.8963747024536133,17,1,6,zero_shot_paired
245,0,17,0,60,0,0,1,0.5027274489402771,0.5027274489402771,0.5027274489402771,0.4972725212574005,17,1,6,post_calibration
245,1,17,2,60,1,1,1,0.7139118313789368,0.7139118313789368,0.2860881984233856,0.7139118313789368,17,1,6,post_calibration
245,2,17,3,60,1,1,1,0.8051934242248535,0.8051934242248535,0.19480662047863007,0.8051934242248535,17,1,6,post_calibration
245,3,17,4,60,1,0,0,0.6256007552146912,0.6256007552146912,0.6256007552146912,0.3743992745876312,17,1,6,post_calibration
245,4,17,5,60,1,0,0,0.505214512348175,0.505214512348175,0.505214512348175,0.49478548765182495,17,1,6,post_calibration
245,5,17,7,60,1,1,1,0.5548266172409058,0.5548266172409058,0.44517335295677185,0.5548266172409058,17,1,6,post_calibration
245,6,17,8,60,1,0,0,0.7011043429374695,0.7011043429374695,0.7011043429374695,0.2988957166671753,17,1,6,post_calibration
245,7,17,9,60,0,1,0,0.5148348212242126,0.5148348212242126,0.48516517877578735,0.5148348212242126,17,1,6,post_calibration
245,8,17,11,60,1,0,0,0.5392069220542908,0.5392069220542908,0.5392069220542908,0.46079307794570923,17,1,6,post_calibration
245,9,17,13,60,1,1,1,0.6692467927932739,0.6692467927932739,0.3307531774044037,0.6692467927932739,17,1,6,post_calibration
245,10,17,14,60,1,0,0,0.5700452327728271,0.5700452327728271,0.5700452327728271,0.42995476722717285,17,1,6,post_calibration
245,11,17,16,60,1,1,1,0.9035059213638306,0.9035059213638306,0.09649406373500824,0.9035059213638306,17,1,6,post_calibration
246,0,17,0,60,0,0,1,0.5230644345283508,0.5230644345283508,0.5230644345283508,0.4769355356693268,17,2,6,zero_shot_paired
246,1,17,1,60,1,1,1,0.8645313382148743,0.8645313382148743,0.13546870648860931,0.8645313382148743,17,2,6,zero_shot_paired
246,2,17,2,60,1,1,1,0.7094376683235168,0.7094376683235168,0.29056236147880554,0.7094376683235168,17,2,6,zero_shot_paired
246,3,17,3,60,1,1,1,0.8009013533592224,0.8009013533592224,0.19909866154193878,0.8009013533592224,17,2,6,zero_shot_paired
246,4,17,5,60,1,0,0,0.5117356777191162,0.5117356777191162,0.5117356777191162,0.4882643222808838,17,2,6,zero_shot_paired
246,5,17,6,60,1,1,1,0.5002880096435547,0.5002880096435547,0.4997119903564453,0.5002880096435547,17,2,6,zero_shot_paired
246,6,17,7,60,1,1,1,0.5558120012283325,0.5558120012283325,0.44418805837631226,0.5558120012283325,17,2,6,zero_shot_paired
246,7,17,10,60,0,0,1,0.5410981774330139,0.5410981774330139,0.5410981774330139,0.4589017927646637,17,2,6,zero_shot_paired
246,8,17,12,60,1,1,1,0.6707818508148193,0.6707818508148193,0.32921814918518066,0.6707818508148193,17,2,6,zero_shot_paired
246,9,17,13,60,1,1,1,0.6736531257629395,0.6736531257629395,0.32634690403938293,0.6736531257629395,17,2,6,zero_shot_paired
246,10,17,15,60,1,0,0,0.5396353006362915,0.5396353006362915,0.5396353006362915,0.4603647291660309,17,2,6,zero_shot_paired
246,11,17,17,60,1,1,1,0.6834657192230225,0.6834657192230225,0.3165343105792999,0.6834657192230225,17,2,6,zero_shot_paired
246,0,17,0,60,0,0,1,0.5013580322265625,0.5013580322265625,0.5013580322265625,0.4986419677734375,17,2,6,post_calibration
246,1,17,1,60,1,1,1,0.8648776412010193,0.8648776412010193,0.1351223737001419,0.8648776412010193,17,2,6,post_calibration
246,2,17,2,60,1,1,1,0.7183520793914795,0.7183520793914795,0.2816478908061981,0.7183520793914795,17,2,6,post_calibration
246,3,17,3,60,1,1,1,0.8186654448509216,0.8186654448509216,0.18133455514907837,0.8186654448509216,17,2,6,post_calibration
246,4,17,5,60,1,1,1,0.5300065279006958,0.5300065279006958,0.4699934720993042,0.5300065279006958,17,2,6,post_calibration
246,5,17,6,60,1,1,1,0.5161420106887817,0.5161420106887817,0.48385798931121826,0.5161420106887817,17,2,6,post_calibration
246,6,17,7,60,1,1,1,0.5659417510032654,0.5659417510032654,0.4340583086013794,0.5659417510032654,17,2,6,post_calibration
246,7,17,10,60,0,0,1,0.5031566023826599,0.5031566023826599,0.5031566023826599,0.4968433976173401,17,2,6,post_calibration
246,8,17,12,60,1,1,1,0.7058182954788208,0.7058182954788208,0.2941817045211792,0.7058182954788208,17,2,6,post_calibration
246,9,17,13,60,1,1,1,0.7043984532356262,0.7043984532356262,0.2956015169620514,0.7043984532356262,17,2,6,post_calibration
246,10,17,15,60,1,0,0,0.5215416550636292,0.5215416550636292,0.5215416550636292,0.4784584045410156,17,2,6,post_calibration
246,11,17,17,60,1,1,1,0.682869553565979,0.682869553565979,0.317130446434021,0.682869553565979,17,2,6,post_calibration
247,0,17,1,60,1,1,1,0.8645313382148743,0.8645313382148743,0.13546870648860931,0.8645313382148743,17,3,6,zero_shot_paired
247,1,17,4,60,1,0,0,0.6336565017700195,0.6336565017700195,0.6336565017700195,0.36634352803230286,17,3,6,zero_shot_paired
247,2,17,6,60,1,1,1,0.5002880096435547,0.5002880096435547,0.4997119903564453,0.5002880096435547,17,3,6,zero_shot_paired
247,3,17,8,60,1,0,0,0.699799656867981,0.699799656867981,0.699799656867981,0.30020034313201904,17,3,6,zero_shot_paired
247,4,17,9,60,0,1,0,0.5005607604980469,0.5005607604980469,0.4994392395019531,0.5005607604980469,17,3,6,zero_shot_paired
247,5,17,10,60,0,0,1,0.5410981774330139,0.5410981774330139,0.5410981774330139,0.4589017927646637,17,3,6,zero_shot_paired
247,6,17,11,60,1,0,0,0.5400844812393188,0.5400844812393188,0.5400844812393188,0.45991551876068115,17,3,6,zero_shot_paired
247,7,17,12,60,1,1,1,0.6707818508148193,0.6707818508148193,0.32921814918518066,0.6707818508148193,17,3,6,zero_shot_paired
247,8,17,14,60,1,0,0,0.5649181008338928,0.5649181008338928,0.5649181008338928,0.4350818693637848,17,3,6,zero_shot_paired
247,9,17,15,60,1,0,0,0.5396353006362915,0.5396353006362915,0.5396353006362915,0.4603647291660309,17,3,6,zero_shot_paired
247,10,17,16,60,1,1,1,0.8963747024536133,0.8963747024536133,0.10362524539232254,0.8963747024536133,17,3,6,zero_shot_paired
247,11,17,17,60,1,1,1,0.6834657192230225,0.6834657192230225,0.3165343105792999,0.6834657192230225,17,3,6,zero_shot_paired
247,0,17,1,60,1,1,1,0.8674108386039734,0.8674108386039734,0.13258911669254303,0.8674108386039734,17,3,6,post_calibration
247,1,17,4,60,1,0,0,0.5972225069999695,0.5972225069999695,0.5972225069999695,0.40277743339538574,17,3,6,post_calibration
247,2,17,6,60,1,1,1,0.5142269134521484,0.5142269134521484,0.48577308654785156,0.5142269134521484,17,3,6,post_calibration
247,3,17,8,60,1,0,0,0.6859757304191589,0.6859757304191589,0.6859757304191589,0.3140242397785187,17,3,6,post_calibration
247,4,17,9,60,0,1,0,0.5211646556854248,0.5211646556854248,0.4788353741168976,0.5211646556854248,17,3,6,post_calibration
247,5,17,10,60,0,0,1,0.5010204315185547,0.5010204315185547,0.5010204315185547,0.4989795684814453,17,3,6,post_calibration
247,6,17,11,60,1,0,0,0.5121588706970215,0.5121588706970215,0.5121588706970215,0.48784109950065613,17,3,6,post_calibration
247,7,17,12,60,1,1,1,0.6836604475975037,0.6836604475975037,0.3163395822048187,0.6836604475975037,17,3,6,post_calibration
247,8,17,14,60,1,0,0,0.5162144303321838,0.5162144303321838,0.5162144303321838,0.48378559947013855,17,3,6,post_calibration
247,9,17,15,60,1,0,0,0.5167117118835449,0.5167117118835449,0.5167117118835449,0.48328831791877747,17,3,6,post_calibration
247,10,17,16,60,1,1,1,0.9002601504325867,0.9002601504325867,0.09973980486392975,0.9002601504325867,17,3,6,post_calibration
247,11,17,17,60,1,1,1,0.6783735752105713,0.6783735752105713,0.3216264247894287,0.6783735752105713,17,3,6,post_calibration
248,0,17,0,60,0,0,1,0.5230549573898315,0.5230549573898315,0.5230549573898315,0.47694507241249084,17,1,9,zero_shot_paired
248,1,17,2,60,1,1,1,0.7094376683235168,0.7094376683235168,0.29056236147880554,0.7094376683235168,17,1,9,zero_shot_paired
248,2,17,3,60,1,1,1,0.8009024858474731,0.8009024858474731,0.19909745454788208,0.8009024858474731,17,1,9,zero_shot_paired
248,3,17,6,60,1,1,1,0.5002861022949219,0.5002861022949219,0.4997138977050781,0.5002861022949219,17,1,9,zero_shot_paired
248,4,17,7,60,1,1,1,0.5557931661605835,0.5557931661605835,0.4442068338394165,0.5557931661605835,17,1,9,zero_shot_paired
248,5,17,10,60,0,0,1,0.5410981774330139,0.5410981774330139,0.5410981774330139,0.4589017927646637,17,1,9,zero_shot_paired
248,6,17,12,60,1,1,1,0.6707885265350342,0.6707885265350342,0.32921141386032104,0.6707885265350342,17,1,9,zero_shot_paired
248,7,17,14,60,1,0,0,0.5649124979972839,0.5649124979972839,0.5649124979972839,0.4350874722003937,17,1,9,zero_shot_paired
248,8,17,15,60,1,0,0,0.5396353006362915,0.5396353006362915,0.5396353006362915,0.4603647291660309,17,1,9,zero_shot_paired
248,0,17,0,60,0,1,0,0.5060517191886902,0.5060517191886902,0.4939483106136322,0.5060517191886902,17,1,9,post_calibration
248,1,17,2,60,1,1,1,0.723375141620636,0.723375141620636,0.2766248881816864,0.723375141620636,17,1,9,post_calibration
248,2,17,3,60,1,1,1,0.8243790864944458,0.8243790864944458,0.175620898604393,0.8243790864944458,17,1,9,post_calibration
248,3,17,6,60,1,1,1,0.5158733129501343,0.5158733129501343,0.48412665724754333,0.5158733129501343,17,1,9,post_calibration
248,4,17,7,60,1,1,1,0.5582197308540344,0.5582197308540344,0.4417802393436432,0.5582197308540344,17,1,9,post_calibration
248,5,17,10,60,0,1,0,0.5137694478034973,0.5137694478034973,0.4862304925918579,0.5137694478034973,17,1,9,post_calibration
248,6,17,12,60,1,1,1,0.6974689364433289,0.6974689364433289,0.3025311231613159,0.6974689364433289,17,1,9,post_calibration
248,7,17,14,60,1,0,0,0.5181576013565063,0.5181576013565063,0.5181576013565063,0.48184239864349365,17,1,9,post_calibration
248,8,17,15,60,1,0,0,0.5142897367477417,0.5142897367477417,0.5142897367477417,0.4857102036476135,17,1,9,post_calibration
249,0,17,1,60,1,1,1,0.8645349144935608,0.8645349144935608,0.1354651153087616,0.8645349144935608,17,2,9,zero_shot_paired
249,1,17,4,60,1,0,0,0.633658230304718,0.633658230304718,0.633658230304718,0.366341769695282,17,2,9,zero_shot_paired
249,2,17,5,60,1,0,0,0.511737585067749,0.511737585067749,0.511737585067749,0.4882623851299286,17,2,9,zero_shot_paired
249,3,17,8,60,1,0,0,0.699799656867981,0.699799656867981,0.699799656867981,0.30020034313201904,17,2,9,zero_shot_paired
249,4,17,9,60,0,1,0,0.5005531311035156,0.5005531311035156,0.4994468688964844,0.5005531311035156,17,2,9,zero_shot_paired
249,5,17,11,60,1,0,0,0.540082573890686,0.540082573890686,0.540082573890686,0.45991745591163635,17,2,9,zero_shot_paired
249,6,17,13,60,1,1,1,0.6736564636230469,0.6736564636230469,0.3263435363769531,0.6736564636230469,17,2,9,zero_shot_paired
249,7,17,16,60,1,1,1,0.89637690782547,0.89637690782547,0.10362312942743301,0.89637690782547,17,2,9,zero_shot_paired
249,8,17,17,60,1,1,1,0.6834640502929688,0.6834640502929688,0.31653594970703125,0.6834640502929688,17,2,9,zero_shot_paired
249,0,17,1,60,1,1,1,0.8765047788619995,0.8765047788619995,0.12349522113800049,0.8765047788619995,17,2,9,post_calibration
249,1,17,4,60,1,0,0,0.6155068278312683,0.6155068278312683,0.6155068278312683,0.3844931721687317,17,2,9,post_calibration
249,2,17,5,60,1,0,0,0.5012283325195312,0.5012283325195312,0.5012283325195312,0.49877166748046875,17,2,9,post_calibration
249,3,17,8,60,1,0,0,0.6939414739608765,0.6939414739608765,0.6939414739608765,0.3060585558414459,17,2,9,post_calibration
249,4,17,9,60,0,0,1,0.5008773803710938,0.5008773803710938,0.5008773803710938,0.49912258982658386,17,2,9,post_calibration
249,5,17,11,60,1,0,0,0.517915666103363,0.517915666103363,0.517915666103363,0.48208433389663696,17,2,9,post_calibration
249,6,17,13,60,1,1,1,0.690216600894928,0.690216600894928,0.30978336930274963,0.690216600894928,17,2,9,post_calibration
249,7,17,16,60,1,1,1,0.9006438851356506,0.9006438851356506,0.09935614466667175,0.9006438851356506,17,2,9,post_calibration
249,8,17,17,60,1,1,1,0.6931079626083374,0.6931079626083374,0.306892067193985,0.6931079626083374,17,2,9,post_calibration
250,0,17,3,60,1,1,1,0.800923228263855,0.800923228263855,0.19907677173614502,0.800923228263855,17,1,12,zero_shot_paired
250,1,17,4,60,1,0,0,0.6337644457817078,0.6337644457817078,0.6337644457817078,0.36623549461364746,17,1,12,zero_shot_paired
250,2,17,8,60,1,0,0,0.6996986269950867,0.6996986269950867,0.6996986269950867,0.30030134320259094,17,1,12,zero_shot_paired
250,3,17,9,60,0,1,0,0.5004310607910156,0.5004310607910156,0.49956896901130676,0.5004310607910156,17,1,12,zero_shot_paired
250,4,17,15,60,1,0,0,0.539642870426178,0.539642870426178,0.539642870426178,0.46035709977149963,17,1,12,zero_shot_paired
250,5,17,16,60,1,1,1,0.8964030742645264,0.8964030742645264,0.10359690338373184,0.8964030742645264,17,1,12,zero_shot_paired
250,0,17,3,60,1,1,1,0.8055365681648254,0.8055365681648254,0.19446338713169098,0.8055365681648254,17,1,12,post_calibration
250,1,17,4,60,1,0,0,0.6153425574302673,0.6153425574302673,0.6153425574302673,0.38465750217437744,17,1,12,post_calibration
250,2,17,8,60,1,0,0,0.6892189979553223,0.6892189979553223,0.6892189979553223,0.31078097224235535,17,1,12,post_calibration
250,3,17,9,60,0,1,0,0.5135674476623535,0.5135674476623535,0.4864325225353241,0.5135674476623535,17,1,12,post_calibration
250,4,17,15,60,1,0,0,0.5260612964630127,0.5260612964630127,0.5260612964630127,0.4739387333393097,17,1,12,post_calibration
250,5,17,16,60,1,1,1,0.8999047875404358,0.8999047875404358,0.1000952199101448,0.8999047875404358,17,1,12,post_calibration
251,0,17,0,60,0,0,1,0.5229483246803284,0.5229483246803284,0.5229483246803284,0.47705164551734924,17,2,12,zero_shot_paired
251,1,17,3,60,1,1,1,0.800923228263855,0.800923228263855,0.19907677173614502,0.800923228263855,17,2,12,zero_shot_paired
251,2,17,5,60,1,0,0,0.5117813944816589,0.5117813944816589,0.5117813944816589,0.4882185757160187,17,2,12,zero_shot_paired
251,3,17,7,60,1,1,1,0.5558609962463379,0.5558609962463379,0.4441390633583069,0.5558609962463379,17,2,12,zero_shot_paired
251,4,17,13,60,1,1,1,0.673624575138092,0.673624575138092,0.32637545466423035,0.673624575138092,17,2,12,zero_shot_paired
251,5,17,17,60,1,1,1,0.6834772229194641,0.6834772229194641,0.3165227472782135,0.6834772229194641,17,2,12,zero_shot_paired
251,0,17,0,60,0,0,1,0.5210446715354919,0.5210446715354919,0.5210446715354919,0.47895529866218567,17,2,12,post_calibration
251,1,17,3,60,1,1,1,0.8106534481048584,0.8106534481048584,0.1893465369939804,0.8106534481048584,17,2,12,post_calibration
251,2,17,5,60,1,0,0,0.5099226236343384,0.5099226236343384,0.5099226236343384,0.4900773763656616,17,2,12,post_calibration
251,3,17,7,60,1,1,1,0.559997022151947,0.559997022151947,0.440002977848053,0.559997022151947,17,2,12,post_calibration
251,4,17,13,60,1,1,1,0.6846825480461121,0.6846825480461121,0.31531742215156555,0.6846825480461121,17,2,12,post_calibration
251,5,17,17,60,1,1,1,0.6874677538871765,0.6874677538871765,0.3125322759151459,0.6874677538871765,17,2,12,post_calibration
252,0,17,0,60,0,0,1,0.5229483246803284,0.5229483246803284,0.5229483246803284,0.47705164551734924,17,3,12,zero_shot_paired
252,1,17,2,60,1,1,1,0.709418773651123,0.709418773651123,0.29058122634887695,0.709418773651123,17,3,12,zero_shot_paired
252,2,17,3,60,1,1,1,0.800923228263855,0.800923228263855,0.19907677173614502,0.800923228263855,17,3,12,zero_shot_paired
252,3,17,6,60,1,1,1,0.5000896453857422,0.5000896453857422,0.4999103546142578,0.5000896453857422,17,3,12,zero_shot_paired
252,4,17,8,60,1,0,0,0.6996986269950867,0.6996986269950867,0.6996986269950867,0.30030134320259094,17,3,12,zero_shot_paired
252,5,17,17,60,1,1,1,0.6834772229194641,0.6834772229194641,0.3165227472782135,0.6834772229194641,17,3,12,zero_shot_paired
252,0,17,0,60,0,1,0,0.5058801174163818,0.5058801174163818,0.49411991238594055,0.5058801174163818,17,3,12,post_calibration
252,1,17,2,60,1,1,1,0.7231857776641846,0.7231857776641846,0.27681422233581543,0.7231857776641846,17,3,12,post_calibration
252,2,17,3,60,1,1,1,0.8226649165153503,0.8226649165153503,0.17733511328697205,0.8226649165153503,17,3,12,post_calibration
252,3,17,6,60,1,1,1,0.5193346738815308,0.5193346738815308,0.48066532611846924,0.5193346738815308,17,3,12,post_calibration
252,4,17,8,60,1,0,0,0.689702570438385,0.689702570438385,0.689702570438385,0.3102974593639374,17,3,12,post_calibration
252,5,17,17,60,1,1,1,0.6810924410820007,0.6810924410820007,0.31890758872032166,0.6810924410820007,17,3,12,post_calibration
19,0,18,0,60,0,1,0,0.8475295901298523,0.8475295901298523,0.1524704545736313,0.8475295901298523,18,,,zero_shot_all_trials
19,1,18,1,60,1,1,1,0.8384081721305847,0.8384081721305847,0.16159188747406006,0.8384081721305847,18,,,zero_shot_all_trials
19,2,18,2,60,1,1,1,0.6962149739265442,0.6962149739265442,0.3037850558757782,0.6962149739265442,18,,,zero_shot_all_trials
19,3,18,3,60,1,0,0,0.6529695987701416,0.6529695987701416,0.6529695987701416,0.347030371427536,18,,,zero_shot_all_trials
19,4,18,4,60,1,0,0,0.7047256231307983,0.7047256231307983,0.7047256231307983,0.29527437686920166,18,,,zero_shot_all_trials
19,5,18,5,60,1,0,0,0.7289759516716003,0.7289759516716003,0.7289759516716003,0.27102404832839966,18,,,zero_shot_all_trials
19,6,18,6,60,1,0,0,0.5608446002006531,0.5608446002006531,0.5608446002006531,0.43915534019470215,18,,,zero_shot_all_trials
19,7,18,7,60,1,1,1,0.6425831913948059,0.6425831913948059,0.3574168086051941,0.6425831913948059,18,,,zero_shot_all_trials
19,8,18,8,60,1,0,0,0.8209835290908813,0.8209835290908813,0.8209835290908813,0.17901642620563507,18,,,zero_shot_all_trials
19,9,18,9,60,1,0,0,0.5886951684951782,0.5886951684951782,0.5886951684951782,0.4113048017024994,18,,,zero_shot_all_trials
19,10,18,10,60,1,1,1,0.5240426659584045,0.5240426659584045,0.47595736384391785,0.5240426659584045,18,,,zero_shot_all_trials
19,11,18,11,60,1,1,1,0.6499918103218079,0.6499918103218079,0.35000815987586975,0.6499918103218079,18,,,zero_shot_all_trials
19,12,18,12,60,1,1,1,0.6601090431213379,0.6601090431213379,0.3398909568786621,0.6601090431213379,18,,,zero_shot_all_trials
19,13,18,13,60,1,1,1,0.7657740116119385,0.7657740116119385,0.23422595858573914,0.7657740116119385,18,,,zero_shot_all_trials
19,14,18,14,60,1,1,1,0.5656774044036865,0.5656774044036865,0.4343225657939911,0.5656774044036865,18,,,zero_shot_all_trials
19,15,18,15,60,1,1,1,0.6562952399253845,0.6562952399253845,0.34370478987693787,0.6562952399253845,18,,,zero_shot_all_trials
19,16,18,16,60,1,0,0,0.522247850894928,0.522247850894928,0.522247850894928,0.47775211930274963,18,,,zero_shot_all_trials
19,17,18,17,60,1,1,1,0.8487088680267334,0.8487088680267334,0.1512911170721054,0.8487088680267334,18,,,zero_shot_all_trials
253,0,18,0,60,0,1,0,0.8475256562232971,0.8475256562232971,0.15247438848018646,0.8475256562232971,18,1,3,zero_shot_paired
253,1,18,1,60,1,1,1,0.8384091258049011,0.8384091258049011,0.16159085929393768,0.8384091258049011,18,1,3,zero_shot_paired
253,2,18,2,60,1,1,1,0.6962246298789978,0.6962246298789978,0.3037753701210022,0.6962246298789978,18,1,3,zero_shot_paired
253,3,18,3,60,1,0,0,0.6529695987701416,0.6529695987701416,0.6529695987701416,0.347030371427536,18,1,3,zero_shot_paired
253,4,18,5,60,1,0,0,0.7289775013923645,0.7289775013923645,0.7289775013923645,0.2710225284099579,18,1,3,zero_shot_paired
253,5,18,7,60,1,1,1,0.6425867080688477,0.6425867080688477,0.35741332173347473,0.6425867080688477,18,1,3,zero_shot_paired
253,6,18,8,60,1,0,0,0.8209857940673828,0.8209857940673828,0.8209857940673828,0.1790141761302948,18,1,3,zero_shot_paired
253,7,18,9,60,1,0,0,0.5886951684951782,0.5886951684951782,0.5886951684951782,0.4113048017024994,18,1,3,zero_shot_paired
253,8,18,10,60,1,1,1,0.5240331292152405,0.5240331292152405,0.4759668707847595,0.5240331292152405,18,1,3,zero_shot_paired
253,9,18,11,60,1,1,1,0.6499883532524109,0.6499883532524109,0.3500116467475891,0.6499883532524109,18,1,3,zero_shot_paired
253,10,18,12,60,1,1,1,0.6601021885871887,0.6601021885871887,0.3398977816104889,0.6601021885871887,18,1,3,zero_shot_paired
253,11,18,13,60,1,1,1,0.7657740116119385,0.7657740116119385,0.23422595858573914,0.7657740116119385,18,1,3,zero_shot_paired
253,12,18,14,60,1,1,1,0.5656774044036865,0.5656774044036865,0.4343225657939911,0.5656774044036865,18,1,3,zero_shot_paired
253,13,18,15,60,1,1,1,0.656296968460083,0.656296968460083,0.3437030613422394,0.656296968460083,18,1,3,zero_shot_paired
253,14,18,17,60,1,1,1,0.848710834980011,0.848710834980011,0.1512891799211502,0.848710834980011,18,1,3,zero_shot_paired
253,0,18,0,60,0,1,0,0.8569470047950745,0.8569470047950745,0.14305296540260315,0.8569470047950745,18,1,3,post_calibration
253,1,18,1,60,1,1,1,0.8396856784820557,0.8396856784820557,0.16031429171562195,0.8396856784820557,18,1,3,post_calibration
253,2,18,2,60,1,1,1,0.7087703943252563,0.7087703943252563,0.29122963547706604,0.7087703943252563,18,1,3,post_calibration
253,3,18,3,60,1,0,0,0.6557804942131042,0.6557804942131042,0.6557804942131042,0.34421953558921814,18,1,3,post_calibration
253,4,18,5,60,1,0,0,0.7149407267570496,0.7149407267570496,0.7149407267570496,0.2850593328475952,18,1,3,post_calibration
253,5,18,7,60,1,1,1,0.6659725904464722,0.6659725904464722,0.3340274691581726,0.6659725904464722,18,1,3,post_calibration
253,6,18,8,60,1,0,0,0.8014385104179382,0.8014385104179382,0.8014385104179382,0.19856148958206177,18,1,3,post_calibration
253,7,18,9,60,1,0,0,0.5656362175941467,0.5656362175941467,0.5656362175941467,0.43436381220817566,18,1,3,post_calibration
253,8,18,10,60,1,1,1,0.543448269367218,0.543448269367218,0.45655176043510437,0.543448269367218,18,1,3,post_calibration
253,9,18,11,60,1,1,1,0.6735944151878357,0.6735944151878357,0.3264056146144867,0.6735944151878357,18,1,3,post_calibration
253,10,18,12,60,1,1,1,0.663640022277832,0.663640022277832,0.33636000752449036,0.663640022277832,18,1,3,post_calibration
253,11,18,13,60,1,1,1,0.7645264267921448,0.7645264267921448,0.23547354340553284,0.7645264267921448,18,1,3,post_calibration
253,12,18,14,60,1,1,1,0.5698938369750977,0.5698938369750977,0.4301062226295471,0.5698938369750977,18,1,3,post_calibration
253,13,18,15,60,1,1,1,0.6768985986709595,0.6768985986709595,0.32310137152671814,0.6768985986709595,18,1,3,post_calibration
253,14,18,17,60,1,1,1,0.8493230938911438,0.8493230938911438,0.15067695081233978,0.8493230938911438,18,1,3,post_calibration
254,0,18,1,60,1,1,1,0.8384060263633728,0.8384060263633728,0.1615939736366272,0.8384060263633728,18,2,3,zero_shot_paired
254,1,18,2,60,1,1,1,0.6962294578552246,0.6962294578552246,0.3037705421447754,0.6962294578552246,18,2,3,zero_shot_paired
254,2,18,3,60,1,0,0,0.6529713273048401,0.6529713273048401,0.6529713273048401,0.3470286428928375,18,2,3,zero_shot_paired
254,3,18,4,60,1,0,0,0.7047145366668701,0.7047145366668701,0.7047145366668701,0.2952854633331299,18,2,3,zero_shot_paired
254,4,18,5,60,1,0,0,0.728974461555481,0.728974461555481,0.728974461555481,0.27102550864219666,18,2,3,zero_shot_paired
254,5,18,6,60,1,0,0,0.5608540773391724,0.5608540773391724,0.5608540773391724,0.43914595246315,18,2,3,zero_shot_paired
254,6,18,7,60,1,1,1,0.6425796747207642,0.6425796747207642,0.3574203550815582,0.6425796747207642,18,2,3,zero_shot_paired
254,7,18,8,60,1,0,0,0.8209790587425232,0.8209790587425232,0.8209790587425232,0.17902089655399323,18,2,3,zero_shot_paired
254,8,18,10,60,1,1,1,0.524048388004303,0.524048388004303,0.4759516417980194,0.524048388004303,18,2,3,zero_shot_paired
254,9,18,11,60,1,1,1,0.6499848961830139,0.6499848961830139,0.35001513361930847,0.6499848961830139,18,2,3,zero_shot_paired
254,10,18,12,60,1,1,1,0.6601107120513916,0.6601107120513916,0.3398892283439636,0.6601107120513916,18,2,3,zero_shot_paired
254,11,18,13,60,1,1,1,0.765769898891449,0.765769898891449,0.23423005640506744,0.765769898891449,18,2,3,zero_shot_paired
254,12,18,15,60,1,1,1,0.6563141942024231,0.6563141942024231,0.3436858355998993,0.6563141942024231,18,2,3,zero_shot_paired
254,13,18,16,60,1,0,0,0.5222498178482056,0.5222498178482056,0.5222498178482056,0.4777502417564392,18,2,3,zero_shot_paired
254,14,18,17,60,1,1,1,0.8487098217010498,0.8487098217010498,0.1512901335954666,0.8487098217010498,18,2,3,zero_shot_paired
254,0,18,1,60,1,1,1,0.8363291621208191,0.8363291621208191,0.1636708825826645,0.8363291621208191,18,2,3,post_calibration
254,1,18,2,60,1,1,1,0.6956369280815125,0.6956369280815125,0.30436304211616516,0.6956369280815125,18,2,3,post_calibration
254,2,18,3,60,1,0,0,0.6609113812446594,0.6609113812446594,0.6609113812446594,0.3390885889530182,18,2,3,post_calibration
254,3,18,4,60,1,0,0,0.7111018896102905,0.7111018896102905,0.7111018896102905,0.2888981103897095,18,2,3,post_calibration
254,4,18,5,60,1,0,0,0.740475058555603,0.740475058555603,0.740475058555603,0.25952497124671936,18,2,3,post_calibration
254,5,18,6,60,1,0,0,0.5791326761245728,0.5791326761245728,0.5791326761245728,0.42086729407310486,18,2,3,post_calibration
254,6,18,7,60,1,1,1,0.6457763910293579,0.6457763910293579,0.3542236387729645,0.6457763910293579,18,2,3,post_calibration
254,7,18,8,60,1,0,0,0.8245325684547424,0.8245325684547424,0.8245325684547424,0.17546740174293518,18,2,3,post_calibration
254,8,18,10,60,1,0,0,0.5004386901855469,0.5004386901855469,0.5004386901855469,0.4995613098144531,18,2,3,post_calibration
254,9,18,11,60,1,1,1,0.6349678039550781,0.6349678039550781,0.3650321662425995,0.6349678039550781,18,2,3,post_calibration
254,10,18,12,60,1,1,1,0.6555927395820618,0.6555927395820618,0.34440726041793823,0.6555927395820618,18,2,3,post_calibration
254,11,18,13,60,1,1,1,0.7603796720504761,0.7603796720504761,0.23962031304836273,0.7603796720504761,18,2,3,post_calibration
254,12,18,15,60,1,1,1,0.643427312374115,0.643427312374115,0.3565726578235626,0.643427312374115,18,2,3,post_calibration
254,13,18,16,60,1,0,0,0.5255191326141357,0.5255191326141357,0.5255191326141357,0.47448086738586426,18,2,3,post_calibration
254,14,18,17,60,1,1,1,0.8496741652488708,0.8496741652488708,0.15032579004764557,0.8496741652488708,18,2,3,post_calibration
255,0,18,0,60,0,1,0,0.8475403785705566,0.8475403785705566,0.15245959162712097,0.8475403785705566,18,3,3,zero_shot_paired
255,1,18,2,60,1,1,1,0.6962294578552246,0.6962294578552246,0.3037705421447754,0.6962294578552246,18,3,3,zero_shot_paired
255,2,18,3,60,1,0,0,0.6529713273048401,0.6529713273048401,0.6529713273048401,0.3470286428928375,18,3,3,zero_shot_paired
255,3,18,4,60,1,0,0,0.7047145366668701,0.7047145366668701,0.7047145366668701,0.2952854633331299,18,3,3,zero_shot_paired
255,4,18,5,60,1,0,0,0.728974461555481,0.728974461555481,0.728974461555481,0.27102550864219666,18,3,3,zero_shot_paired
255,5,18,6,60,1,0,0,0.5608540773391724,0.5608540773391724,0.5608540773391724,0.43914595246315,18,3,3,zero_shot_paired
255,6,18,7,60,1,1,1,0.6425796747207642,0.6425796747207642,0.3574203550815582,0.6425796747207642,18,3,3,zero_shot_paired
255,7,18,8,60,1,0,0,0.8209790587425232,0.8209790587425232,0.8209790587425232,0.17902089655399323,18,3,3,zero_shot_paired
255,8,18,9,60,1,0,0,0.5887025594711304,0.5887025594711304,0.5887025594711304,0.41129744052886963,18,3,3,zero_shot_paired
255,9,18,11,60,1,1,1,0.6499848961830139,0.6499848961830139,0.35001513361930847,0.6499848961830139,18,3,3,zero_shot_paired
255,10,18,13,60,1,1,1,0.765769898891449,0.765769898891449,0.23423005640506744,0.765769898891449,18,3,3,zero_shot_paired
255,11,18,14,60,1,1,1,0.5656699538230896,0.5656699538230896,0.4343300759792328,0.5656699538230896,18,3,3,zero_shot_paired
255,12,18,15,60,1,1,1,0.6563141942024231,0.6563141942024231,0.3436858355998993,0.6563141942024231,18,3,3,zero_shot_paired
255,13,18,16,60,1,0,0,0.5222498178482056,0.5222498178482056,0.5222498178482056,0.4777502417564392,18,3,3,zero_shot_paired
255,14,18,17,60,1,1,1,0.8487098217010498,0.8487098217010498,0.1512901335954666,0.8487098217010498,18,3,3,zero_shot_paired
255,0,18,0,60,0,1,0,0.8507362008094788,0.8507362008094788,0.14926379919052124,0.8507362008094788,18,3,3,post_calibration
255,1,18,2,60,1,1,1,0.7001793384552002,0.7001793384552002,0.2998206317424774,0.7001793384552002,18,3,3,post_calibration
255,2,18,3,60,1,0,0,0.6477651596069336,0.6477651596069336,0.6477651596069336,0.3522348701953888,18,3,3,post_calibration
255,3,18,4,60,1,0,0,0.7036592960357666,0.7036592960357666,0.7036592960357666,0.2963407635688782,18,3,3,post_calibration
255,4,18,5,60,1,0,0,0.7259432077407837,0.7259432077407837,0.7259432077407837,0.2740568220615387,18,3,3,post_calibration
255,5,18,6,60,1,0,0,0.5575347542762756,0.5575347542762756,0.5575347542762756,0.442465215921402,18,3,3,post_calibration
255,6,18,7,60,1,1,1,0.640143871307373,0.640143871307373,0.3598560690879822,0.640143871307373,18,3,3,post_calibration
255,7,18,8,60,1,0,0,0.8230485320091248,0.8230485320091248,0.8230485320091248,0.17695143818855286,18,3,3,post_calibration
255,8,18,9,60,1,0,0,0.5914614796638489,0.5914614796638489,0.5914614796638489,0.40853849053382874,18,3,3,post_calibration
255,9,18,11,60,1,1,1,0.6523123979568481,0.6523123979568481,0.34768766164779663,0.6523123979568481,18,3,3,post_calibration
255,10,18,13,60,1,1,1,0.7718905210494995,0.7718905210494995,0.2281094789505005,0.7718905210494995,18,3,3,post_calibration
255,11,18,14,60,1,1,1,0.5630419850349426,0.5630419850349426,0.436957985162735,0.5630419850349426,18,3,3,post_calibration
255,12,18,15,60,1,1,1,0.6603795289993286,0.6603795289993286,0.33962053060531616,0.6603795289993286,18,3,3,post_calibration
255,13,18,16,60,1,0,0,0.5242405533790588,0.5242405533790588,0.5242405533790588,0.47575947642326355,18,3,3,post_calibration
255,14,18,17,60,1,1,1,0.8513339757919312,0.8513339757919312,0.14866605401039124,0.8513339757919312,18,3,3,post_calibration
256,0,18,0,60,0,1,0,0.8475403785705566,0.8475403785705566,0.15245959162712097,0.8475403785705566,18,4,3,zero_shot_paired
256,1,18,1,60,1,1,1,0.8384060263633728,0.8384060263633728,0.1615939736366272,0.8384060263633728,18,4,3,zero_shot_paired
256,2,18,3,60,1,0,0,0.6529713273048401,0.6529713273048401,0.6529713273048401,0.3470286428928375,18,4,3,zero_shot_paired
256,3,18,4,60,1,0,0,0.7047145366668701,0.7047145366668701,0.7047145366668701,0.2952854633331299,18,4,3,zero_shot_paired
256,4,18,6,60,1,0,0,0.5608540773391724,0.5608540773391724,0.5608540773391724,0.43914595246315,18,4,3,zero_shot_paired
256,5,18,7,60,1,1,1,0.6425796747207642,0.6425796747207642,0.3574203550815582,0.6425796747207642,18,4,3,zero_shot_paired
256,6,18,9,60,1,0,0,0.5887025594711304,0.5887025594711304,0.5887025594711304,0.41129744052886963,18,4,3,zero_shot_paired
256,7,18,10,60,1,1,1,0.524048388004303,0.524048388004303,0.4759516417980194,0.524048388004303,18,4,3,zero_shot_paired
256,8,18,11,60,1,1,1,0.6499848961830139,0.6499848961830139,0.35001513361930847,0.6499848961830139,18,4,3,zero_shot_paired
256,9,18,12,60,1,1,1,0.6601107120513916,0.6601107120513916,0.3398892283439636,0.6601107120513916,18,4,3,zero_shot_paired
256,10,18,13,60,1,1,1,0.765769898891449,0.765769898891449,0.23423005640506744,0.765769898891449,18,4,3,zero_shot_paired
256,11,18,14,60,1,1,1,0.5656699538230896,0.5656699538230896,0.4343300759792328,0.5656699538230896,18,4,3,zero_shot_paired
256,12,18,15,60,1,1,1,0.6563141942024231,0.6563141942024231,0.3436858355998993,0.6563141942024231,18,4,3,zero_shot_paired
256,13,18,16,60,1,0,0,0.5222498178482056,0.5222498178482056,0.5222498178482056,0.4777502417564392,18,4,3,zero_shot_paired
256,14,18,17,60,1,1,1,0.8487098217010498,0.8487098217010498,0.1512901335954666,0.8487098217010498,18,4,3,zero_shot_paired
256,0,18,0,60,0,1,0,0.859021008014679,0.859021008014679,0.14097902178764343,0.859021008014679,18,4,3,post_calibration
256,1,18,1,60,1,1,1,0.8438951373100281,0.8438951373100281,0.1561048924922943,0.8438951373100281,18,4,3,post_calibration
256,2,18,3,60,1,0,0,0.6318161487579346,0.6318161487579346,0.6318161487579346,0.36818379163742065,18,4,3,post_calibration
256,3,18,4,60,1,0,0,0.6843447685241699,0.6843447685241699,0.6843447685241699,0.3156552016735077,18,4,3,post_calibration
256,4,18,6,60,1,0,0,0.5427269339561462,0.5427269339561462,0.5427269339561462,0.45727303624153137,18,4,3,post_calibration
256,5,18,7,60,1,1,1,0.6612703800201416,0.6612703800201416,0.3387296497821808,0.6612703800201416,18,4,3,post_calibration
256,6,18,9,60,1,0,0,0.5795900821685791,0.5795900821685791,0.5795900821685791,0.4204099476337433,18,4,3,post_calibration
256,7,18,10,60,1,1,1,0.536214292049408,0.536214292049408,0.4637857675552368,0.536214292049408,18,4,3,post_calibration
256,8,18,11,60,1,1,1,0.6694562435150146,0.6694562435150146,0.33054378628730774,0.6694562435150146,18,4,3,post_calibration
256,9,18,12,60,1,1,1,0.6738459467887878,0.6738459467887878,0.32615402340888977,0.6738459467887878,18,4,3,post_calibration
256,10,18,13,60,1,1,1,0.768796980381012,0.768796980381012,0.2312030792236328,0.768796980381012,18,4,3,post_calibration
256,11,18,14,60,1,1,1,0.5684794783592224,0.5684794783592224,0.4315205514431,0.5684794783592224,18,4,3,post_calibration
256,12,18,15,60,1,1,1,0.6714133620262146,0.6714133620262146,0.3285866379737854,0.6714133620262146,18,4,3,post_calibration
256,13,18,16,60,1,1,1,0.5001869201660156,0.5001869201660156,0.49981310963630676,0.5001869201660156,18,4,3,post_calibration
256,14,18,17,60,1,1,1,0.8552666306495667,0.8552666306495667,0.14473339915275574,0.8552666306495667,18,4,3,post_calibration
257,0,18,0,60,0,1,0,0.8475403785705566,0.8475403785705566,0.15245959162712097,0.8475403785705566,18,5,3,zero_shot_paired
257,1,18,1,60,1,1,1,0.8384060263633728,0.8384060263633728,0.1615939736366272,0.8384060263633728,18,5,3,zero_shot_paired
257,2,18,2,60,1,1,1,0.6962294578552246,0.6962294578552246,0.3037705421447754,0.6962294578552246,18,5,3,zero_shot_paired
257,3,18,3,60,1,0,0,0.6529713273048401,0.6529713273048401,0.6529713273048401,0.3470286428928375,18,5,3,zero_shot_paired
257,4,18,4,60,1,0,0,0.7047145366668701,0.7047145366668701,0.7047145366668701,0.2952854633331299,18,5,3,zero_shot_paired
257,5,18,5,60,1,0,0,0.728974461555481,0.728974461555481,0.728974461555481,0.27102550864219666,18,5,3,zero_shot_paired
257,6,18,6,60,1,0,0,0.5608540773391724,0.5608540773391724,0.5608540773391724,0.43914595246315,18,5,3,zero_shot_paired
257,7,18,8,60,1,0,0,0.8209790587425232,0.8209790587425232,0.8209790587425232,0.17902089655399323,18,5,3,zero_shot_paired
257,8,18,9,60,1,0,0,0.5887025594711304,0.5887025594711304,0.5887025594711304,0.41129744052886963,18,5,3,zero_shot_paired
257,9,18,10,60,1,1,1,0.524048388004303,0.524048388004303,0.4759516417980194,0.524048388004303,18,5,3,zero_shot_paired
257,10,18,12,60,1,1,1,0.6601107120513916,0.6601107120513916,0.3398892283439636,0.6601107120513916,18,5,3,zero_shot_paired
257,11,18,14,60,1,1,1,0.5656699538230896,0.5656699538230896,0.4343300759792328,0.5656699538230896,18,5,3,zero_shot_paired
257,12,18,15,60,1,1,1,0.6563141942024231,0.6563141942024231,0.3436858355998993,0.6563141942024231,18,5,3,zero_shot_paired
257,13,18,16,60,1,0,0,0.5222498178482056,0.5222498178482056,0.5222498178482056,0.4777502417564392,18,5,3,zero_shot_paired
257,14,18,17,60,1,1,1,0.8487098217010498,0.8487098217010498,0.1512901335954666,0.8487098217010498,18,5,3,zero_shot_paired
257,0,18,0,60,0,1,0,0.8503745198249817,0.8503745198249817,0.1496255248785019,0.8503745198249817,18,5,3,post_calibration
257,1,18,1,60,1,1,1,0.8360165953636169,0.8360165953636169,0.16398337483406067,0.8360165953636169,18,5,3,post_calibration
257,2,18,2,60,1,1,1,0.7017945051193237,0.7017945051193237,0.2982054650783539,0.7017945051193237,18,5,3,post_calibration
257,3,18,3,60,1,0,0,0.6511971950531006,0.6511971950531006,0.6511971950531006,0.3488028347492218,18,5,3,post_calibration
257,4,18,4,60,1,0,0,0.699163019657135,0.699163019657135,0.699163019657135,0.30083703994750977,18,5,3,post_calibration
257,5,18,5,60,1,0,0,0.7243420481681824,0.7243420481681824,0.7243420481681824,0.2756580114364624,18,5,3,post_calibration
257,6,18,6,60,1,0,0,0.549905002117157,0.549905002117157,0.549905002117157,0.450094997882843,18,5,3,post_calibration
257,7,18,8,60,1,0,0,0.8093101382255554,0.8093101382255554,0.8093101382255554,0.19068989157676697,18,5,3,post_calibration
257,8,18,9,60,1,0,0,0.5743798613548279,0.5743798613548279,0.5743798613548279,0.4256201386451721,18,5,3,post_calibration
257,9,18,10,60,1,1,1,0.5249350666999817,0.5249350666999817,0.4750649333000183,0.5249350666999817,18,5,3,post_calibration
257,10,18,12,60,1,1,1,0.6645165085792542,0.6645165085792542,0.33548352122306824,0.6645165085792542,18,5,3,post_calibration
257,11,18,14,60,1,1,1,0.5711387991905212,0.5711387991905212,0.42886117100715637,0.5711387991905212,18,5,3,post_calibration
257,12,18,15,60,1,1,1,0.6649518013000488,0.6649518013000488,0.33504822850227356,0.6649518013000488,18,5,3,post_calibration
257,13,18,16,60,1,0,0,0.5037631392478943,0.5037631392478943,0.5037631392478943,0.4962368607521057,18,5,3,post_calibration
257,14,18,17,60,1,1,1,0.8546231985092163,0.8546231985092163,0.1453767716884613,0.8546231985092163,18,5,3,post_calibration
258,0,18,0,60,0,1,0,0.8475403785705566,0.8475403785705566,0.15245959162712097,0.8475403785705566,18,6,3,zero_shot_paired
258,1,18,1,60,1,1,1,0.8384060263633728,0.8384060263633728,0.1615939736366272,0.8384060263633728,18,6,3,zero_shot_paired
258,2,18,2,60,1,1,1,0.6962294578552246,0.6962294578552246,0.3037705421447754,0.6962294578552246,18,6,3,zero_shot_paired
258,3,18,4,60,1,0,0,0.7047145366668701,0.7047145366668701,0.7047145366668701,0.2952854633331299,18,6,3,zero_shot_paired
258,4,18,5,60,1,0,0,0.728974461555481,0.728974461555481,0.728974461555481,0.27102550864219666,18,6,3,zero_shot_paired
258,5,18,6,60,1,0,0,0.5608540773391724,0.5608540773391724,0.5608540773391724,0.43914595246315,18,6,3,zero_shot_paired
258,6,18,7,60,1,1,1,0.6425796747207642,0.6425796747207642,0.3574203550815582,0.6425796747207642,18,6,3,zero_shot_paired
258,7,18,8,60,1,0,0,0.8209790587425232,0.8209790587425232,0.8209790587425232,0.17902089655399323,18,6,3,zero_shot_paired
258,8,18,9,60,1,0,0,0.5887025594711304,0.5887025594711304,0.5887025594711304,0.41129744052886963,18,6,3,zero_shot_paired
258,9,18,10,60,1,1,1,0.524048388004303,0.524048388004303,0.4759516417980194,0.524048388004303,18,6,3,zero_shot_paired
258,10,18,11,60,1,1,1,0.6499848961830139,0.6499848961830139,0.35001513361930847,0.6499848961830139,18,6,3,zero_shot_paired
258,11,18,12,60,1,1,1,0.6601107120513916,0.6601107120513916,0.3398892283439636,0.6601107120513916,18,6,3,zero_shot_paired
258,12,18,13,60,1,1,1,0.765769898891449,0.765769898891449,0.23423005640506744,0.765769898891449,18,6,3,zero_shot_paired
258,13,18,14,60,1,1,1,0.5656699538230896,0.5656699538230896,0.4343300759792328,0.5656699538230896,18,6,3,zero_shot_paired
258,14,18,16,60,1,0,0,0.5222498178482056,0.5222498178482056,0.5222498178482056,0.4777502417564392,18,6,3,zero_shot_paired
258,0,18,0,60,0,1,0,0.8535354733467102,0.8535354733467102,0.146464541554451,0.8535354733467102,18,6,3,post_calibration
258,1,18,1,60,1,1,1,0.8532873392105103,0.8532873392105103,0.14671269059181213,0.8532873392105103,18,6,3,post_calibration
258,2,18,2,60,1,1,1,0.713935136795044,0.713935136795044,0.2860648036003113,0.713935136795044,18,6,3,post_calibration
258,3,18,4,60,1,0,0,0.6897319555282593,0.6897319555282593,0.6897319555282593,0.3102681040763855,18,6,3,post_calibration
258,4,18,5,60,1,0,0,0.7133442163467407,0.7133442163467407,0.7133442163467407,0.2866557240486145,18,6,3,post_calibration
258,5,18,6,60,1,0,0,0.5527528524398804,0.5527528524398804,0.5527528524398804,0.44724711775779724,18,6,3,post_calibration
258,6,18,7,60,1,1,1,0.6406885385513306,0.6406885385513306,0.35931146144866943,0.6406885385513306,18,6,3,post_calibration
258,7,18,8,60,1,0,0,0.8100167512893677,0.8100167512893677,0.8100167512893677,0.18998324871063232,18,6,3,post_calibration
258,8,18,9,60,1,0,0,0.5780481100082397,0.5780481100082397,0.5780481100082397,0.4219518303871155,18,6,3,post_calibration
258,9,18,10,60,1,1,1,0.5423747897148132,0.5423747897148132,0.45762526988983154,0.5423747897148132,18,6,3,post_calibration
258,10,18,11,60,1,1,1,0.6782569885253906,0.6782569885253906,0.3217429518699646,0.6782569885253906,18,6,3,post_calibration
258,11,18,12,60,1,1,1,0.6839326024055481,0.6839326024055481,0.3160673677921295,0.6839326024055481,18,6,3,post_calibration
258,12,18,13,60,1,1,1,0.7832342386245728,0.7832342386245728,0.21676573157310486,0.7832342386245728,18,6,3,post_calibration
258,13,18,14,60,1,1,1,0.553848385810852,0.553848385810852,0.4461515545845032,0.553848385810852,18,6,3,post_calibration
258,14,18,16,60,1,0,0,0.5284668803215027,0.5284668803215027,0.5284668803215027,0.4715331196784973,18,6,3,post_calibration
259,0,18,0,60,0,1,0,0.8475403785705566,0.8475403785705566,0.15245959162712097,0.8475403785705566,18,1,6,zero_shot_paired
259,1,18,2,60,1,1,1,0.6962294578552246,0.6962294578552246,0.3037705421447754,0.6962294578552246,18,1,6,zero_shot_paired
259,2,18,3,60,1,0,0,0.6529713273048401,0.6529713273048401,0.6529713273048401,0.3470286428928375,18,1,6,zero_shot_paired
259,3,18,4,60,1,0,0,0.7047145366668701,0.7047145366668701,0.7047145366668701,0.2952854633331299,18,1,6,zero_shot_paired
259,4,18,5,60,1,0,0,0.728974461555481,0.728974461555481,0.728974461555481,0.27102550864219666,18,1,6,zero_shot_paired
259,5,18,6,60,1,0,0,0.5608540773391724,0.5608540773391724,0.5608540773391724,0.43914595246315,18,1,6,zero_shot_paired
259,6,18,8,60,1,0,0,0.8209790587425232,0.8209790587425232,0.8209790587425232,0.17902089655399323,18,1,6,zero_shot_paired
259,7,18,10,60,1,1,1,0.524048388004303,0.524048388004303,0.4759516417980194,0.524048388004303,18,1,6,zero_shot_paired
259,8,18,11,60,1,1,1,0.6499848961830139,0.6499848961830139,0.35001513361930847,0.6499848961830139,18,1,6,zero_shot_paired
259,9,18,12,60,1,1,1,0.6601107120513916,0.6601107120513916,0.3398892283439636,0.6601107120513916,18,1,6,zero_shot_paired
259,10,18,16,60,1,0,0,0.5222498178482056,0.5222498178482056,0.5222498178482056,0.4777502417564392,18,1,6,zero_shot_paired
259,11,18,17,60,1,1,1,0.8487098217010498,0.8487098217010498,0.1512901335954666,0.8487098217010498,18,1,6,zero_shot_paired
259,0,18,0,60,0,1,0,0.853537380695343,0.853537380695343,0.14646261930465698,0.853537380695343,18,1,6,post_calibration
259,1,18,2,60,1,1,1,0.7095571160316467,0.7095571160316467,0.2904428541660309,0.7095571160316467,18,1,6,post_calibration
259,2,18,3,60,1,0,0,0.6546826362609863,0.6546826362609863,0.6546826362609863,0.34531739354133606,18,1,6,post_calibration
259,3,18,4,60,1,0,0,0.6968165040016174,0.6968165040016174,0.6968165040016174,0.30318349599838257,18,1,6,post_calibration
259,4,18,5,60,1,0,0,0.7234147787094116,0.7234147787094116,0.7234147787094116,0.2765851616859436,18,1,6,post_calibration
259,5,18,6,60,1,0,0,0.5557743310928345,0.5557743310928345,0.5557743310928345,0.4442256689071655,18,1,6,post_calibration
259,6,18,8,60,1,0,0,0.8083119988441467,0.8083119988441467,0.8083119988441467,0.19168797135353088,18,1,6,post_calibration
259,7,18,10,60,1,1,1,0.5259984731674194,0.5259984731674194,0.47400152683258057,0.5259984731674194,18,1,6,post_calibration
259,8,18,11,60,1,1,1,0.6615813374519348,0.6615813374519348,0.3384186923503876,0.6615813374519348,18,1,6,post_calibration
259,9,18,12,60,1,1,1,0.672716498374939,0.672716498374939,0.3272835314273834,0.672716498374939,18,1,6,post_calibration
259,10,18,16,60,1,1,1,0.5005092620849609,0.5005092620849609,0.49949073791503906,0.5005092620849609,18,1,6,post_calibration
259,11,18,17,60,1,1,1,0.857038676738739,0.857038676738739,0.14296133816242218,0.857038676738739,18,1,6,post_calibration
260,0,18,0,60,0,1,0,0.8475403785705566,0.8475403785705566,0.15245959162712097,0.8475403785705566,18,2,6,zero_shot_paired
260,1,18,1,60,1,1,1,0.8384060263633728,0.8384060263633728,0.1615939736366272,0.8384060263633728,18,2,6,zero_shot_paired
260,2,18,4,60,1,0,0,0.7047145366668701,0.7047145366668701,0.7047145366668701,0.2952854633331299,18,2,6,zero_shot_paired
260,3,18,5,60,1,0,0,0.728974461555481,0.728974461555481,0.728974461555481,0.27102550864219666,18,2,6,zero_shot_paired
260,4,18,7,60,1,1,1,0.6425796747207642,0.6425796747207642,0.3574203550815582,0.6425796747207642,18,2,6,zero_shot_paired
260,5,18,9,60,1,0,0,0.5887025594711304,0.5887025594711304,0.5887025594711304,0.41129744052886963,18,2,6,zero_shot_paired
260,6,18,10,60,1,1,1,0.524048388004303,0.524048388004303,0.4759516417980194,0.524048388004303,18,2,6,zero_shot_paired
260,7,18,11,60,1,1,1,0.6499848961830139,0.6499848961830139,0.35001513361930847,0.6499848961830139,18,2,6,zero_shot_paired
260,8,18,13,60,1,1,1,0.765769898891449,0.765769898891449,0.23423005640506744,0.765769898891449,18,2,6,zero_shot_paired
260,9,18,14,60,1,1,1,0.5656699538230896,0.5656699538230896,0.4343300759792328,0.5656699538230896,18,2,6,zero_shot_paired
260,10,18,15,60,1,1,1,0.6563141942024231,0.6563141942024231,0.3436858355998993,0.6563141942024231,18,2,6,zero_shot_paired
260,11,18,16,60,1,0,0,0.5222498178482056,0.5222498178482056,0.5222498178482056,0.4777502417564392,18,2,6,zero_shot_paired
260,0,18,0,60,0,1,0,0.8561182618141174,0.8561182618141174,0.14388173818588257,0.8561182618141174,18,2,6,post_calibration
260,1,18,1,60,1,1,1,0.84175044298172,0.84175044298172,0.15824952721595764,0.84175044298172,18,2,6,post_calibration
260,2,18,4,60,1,0,0,0.6838319897651672,0.6838319897651672,0.6838319897651672,0.3161679804325104,18,2,6,post_calibration
260,3,18,5,60,1,0,0,0.7149126529693604,0.7149126529693604,0.7149126529693604,0.28508731722831726,18,2,6,post_calibration
260,4,18,7,60,1,1,1,0.659583330154419,0.659583330154419,0.34041666984558105,0.659583330154419,18,2,6,post_calibration
260,5,18,9,60,1,0,0,0.5770596861839294,0.5770596861839294,0.5770596861839294,0.42294028401374817,18,2,6,post_calibration
260,6,18,10,60,1,1,1,0.5374795198440552,0.5374795198440552,0.4625204801559448,0.5374795198440552,18,2,6,post_calibration
260,7,18,11,60,1,1,1,0.6749967932701111,0.6749967932701111,0.32500314712524414,0.6749967932701111,18,2,6,post_calibration
260,8,18,13,60,1,1,1,0.7706792950630188,0.7706792950630188,0.22932077944278717,0.7706792950630188,18,2,6,post_calibration
260,9,18,14,60,1,1,1,0.5580862164497375,0.5580862164497375,0.4419138431549072,0.5580862164497375,18,2,6,post_calibration
260,10,18,15,60,1,1,1,0.6702171564102173,0.6702171564102173,0.3297828137874603,0.6702171564102173,18,2,6,post_calibration
260,11,18,16,60,1,0,0,0.5048864483833313,0.5048864483833313,0.5048864483833313,0.4951134920120239,18,2,6,post_calibration
261,0,18,1,60,1,1,1,0.8384060263633728,0.8384060263633728,0.1615939736366272,0.8384060263633728,18,3,6,zero_shot_paired
261,1,18,2,60,1,1,1,0.6962294578552246,0.6962294578552246,0.3037705421447754,0.6962294578552246,18,3,6,zero_shot_paired
261,2,18,3,60,1,0,0,0.6529713273048401,0.6529713273048401,0.6529713273048401,0.3470286428928375,18,3,6,zero_shot_paired
261,3,18,6,60,1,0,0,0.5608540773391724,0.5608540773391724,0.5608540773391724,0.43914595246315,18,3,6,zero_shot_paired
261,4,18,7,60,1,1,1,0.6425796747207642,0.6425796747207642,0.3574203550815582,0.6425796747207642,18,3,6,zero_shot_paired
261,5,18,8,60,1,0,0,0.8209790587425232,0.8209790587425232,0.8209790587425232,0.17902089655399323,18,3,6,zero_shot_paired
261,6,18,9,60,1,0,0,0.5887025594711304,0.5887025594711304,0.5887025594711304,0.41129744052886963,18,3,6,zero_shot_paired
261,7,18,12,60,1,1,1,0.6601107120513916,0.6601107120513916,0.3398892283439636,0.6601107120513916,18,3,6,zero_shot_paired
261,8,18,13,60,1,1,1,0.765769898891449,0.765769898891449,0.23423005640506744,0.765769898891449,18,3,6,zero_shot_paired
261,9,18,14,60,1,1,1,0.5656699538230896,0.5656699538230896,0.4343300759792328,0.5656699538230896,18,3,6,zero_shot_paired
261,10,18,15,60,1,1,1,0.6563141942024231,0.6563141942024231,0.3436858355998993,0.6563141942024231,18,3,6,zero_shot_paired
261,11,18,17,60,1,1,1,0.8487098217010498,0.8487098217010498,0.1512901335954666,0.8487098217010498,18,3,6,zero_shot_paired
261,0,18,1,60,1,1,1,0.8462732434272766,0.8462732434272766,0.1537267416715622,0.8462732434272766,18,3,6,post_calibration
261,1,18,2,60,1,1,1,0.7036019563674927,0.7036019563674927,0.29639801383018494,0.7036019563674927,18,3,6,post_calibration
261,2,18,3,60,1,0,0,0.6401509046554565,0.6401509046554565,0.6401509046554565,0.3598490357398987,18,3,6,post_calibration
261,3,18,6,60,1,0,0,0.5531149506568909,0.5531149506568909,0.5531149506568909,0.44688501954078674,18,3,6,post_calibration
261,4,18,7,60,1,1,1,0.6488088369369507,0.6488088369369507,0.35119110345840454,0.6488088369369507,18,3,6,post_calibration
261,5,18,8,60,1,0,0,0.8117273449897766,0.8117273449897766,0.8117273449897766,0.18827266991138458,18,3,6,post_calibration
261,6,18,9,60,1,0,0,0.5753102898597717,0.5753102898597717,0.5753102898597717,0.42468971014022827,18,3,6,post_calibration
261,7,18,12,60,1,1,1,0.6699776649475098,0.6699776649475098,0.33002230525016785,0.6699776649475098,18,3,6,post_calibration
261,8,18,13,60,1,1,1,0.7736107707023621,0.7736107707023621,0.22638919949531555,0.7736107707023621,18,3,6,post_calibration
261,9,18,14,60,1,1,1,0.5619267821311951,0.5619267821311951,0.4380732774734497,0.5619267821311951,18,3,6,post_calibration
261,10,18,15,60,1,1,1,0.6781238317489624,0.6781238317489624,0.32187619805336,0.6781238317489624,18,3,6,post_calibration
261,11,18,17,60,1,1,1,0.8513580560684204,0.8513580560684204,0.1486419141292572,0.8513580560684204,18,3,6,post_calibration
262,0,18,0,60,0,1,0,0.8475266098976135,0.8475266098976135,0.15247340500354767,0.8475266098976135,18,1,9,zero_shot_paired
262,1,18,1,60,1,1,1,0.8384060263633728,0.8384060263633728,0.1615939736366272,0.8384060263633728,18,1,9,zero_shot_paired
262,2,18,2,60,1,1,1,0.6962311267852783,0.6962311267852783,0.30376890301704407,0.6962311267852783,18,1,9,zero_shot_paired
262,3,18,3,60,1,0,0,0.6529678702354431,0.6529678702354431,0.6529678702354431,0.3470321595668793,18,1,9,zero_shot_paired
262,4,18,5,60,1,0,0,0.7289790511131287,0.7289790511131287,0.7289790511131287,0.2710210084915161,18,1,9,zero_shot_paired
262,5,18,9,60,1,0,0,0.5886970162391663,0.5886970162391663,0.5886970162391663,0.41130298376083374,18,1,9,zero_shot_paired
262,6,18,12,60,1,1,1,0.6601125001907349,0.6601125001907349,0.3398875296115875,0.6601125001907349,18,1,9,zero_shot_paired
262,7,18,14,60,1,1,1,0.5656661987304688,0.5656661987304688,0.43433383107185364,0.5656661987304688,18,1,9,zero_shot_paired
262,8,18,16,60,1,0,0,0.522247850894928,0.522247850894928,0.522247850894928,0.47775211930274963,18,1,9,zero_shot_paired
262,0,18,0,60,0,1,0,0.8615273237228394,0.8615273237228394,0.13847270607948303,0.8615273237228394,18,1,9,post_calibration
262,1,18,1,60,1,1,1,0.839836597442627,0.839836597442627,0.16016337275505066,0.839836597442627,18,1,9,post_calibration
262,2,18,2,60,1,1,1,0.7164914608001709,0.7164914608001709,0.2835085690021515,0.7164914608001709,18,1,9,post_calibration
262,3,18,3,60,1,0,0,0.6426515579223633,0.6426515579223633,0.6426515579223633,0.3573484718799591,18,1,9,post_calibration
262,4,18,5,60,1,0,0,0.7198085188865662,0.7198085188865662,0.7198085188865662,0.28019148111343384,18,1,9,post_calibration
262,5,18,9,60,1,0,0,0.5622797608375549,0.5622797608375549,0.5622797608375549,0.4377202093601227,18,1,9,post_calibration
262,6,18,12,60,1,1,1,0.6771138310432434,0.6771138310432434,0.3228861689567566,0.6771138310432434,18,1,9,post_calibration
262,7,18,14,60,1,1,1,0.5709855556488037,0.5709855556488037,0.4290144145488739,0.5709855556488037,18,1,9,post_calibration
262,8,18,16,60,1,1,1,0.5112991333007812,0.5112991333007812,0.48870089650154114,0.5112991333007812,18,1,9,post_calibration
263,0,18,4,60,1,0,0,0.704704999923706,0.704704999923706,0.704704999923706,0.29529500007629395,18,2,9,zero_shot_paired
263,1,18,6,60,1,0,0,0.5608634352684021,0.5608634352684021,0.5608634352684021,0.4391365647315979,18,2,9,zero_shot_paired
263,2,18,7,60,1,1,1,0.6425779461860657,0.6425779461860657,0.3574220538139343,0.6425779461860657,18,2,9,zero_shot_paired
263,3,18,8,60,1,0,0,0.8209835290908813,0.8209835290908813,0.8209835290908813,0.17901642620563507,18,2,9,zero_shot_paired
263,4,18,10,60,1,1,1,0.5240540504455566,0.5240540504455566,0.47594594955444336,0.5240540504455566,18,2,9,zero_shot_paired
263,5,18,11,60,1,1,1,0.6499848961830139,0.6499848961830139,0.35001513361930847,0.6499848961830139,18,2,9,zero_shot_paired
263,6,18,13,60,1,1,1,0.7657767534255981,0.7657767534255981,0.23422323167324066,0.7657767534255981,18,2,9,zero_shot_paired
263,7,18,15,60,1,1,1,0.656296968460083,0.656296968460083,0.3437030613422394,0.656296968460083,18,2,9,zero_shot_paired
263,8,18,17,60,1,1,1,0.8487128019332886,0.8487128019332886,0.1512872278690338,0.8487128019332886,18,2,9,zero_shot_paired
263,0,18,4,60,1,0,0,0.6972451210021973,0.6972451210021973,0.6972451210021973,0.3027549386024475,18,2,9,post_calibration
263,1,18,6,60,1,0,0,0.5716376900672913,0.5716376900672913,0.5716376900672913,0.42836228013038635,18,2,9,post_calibration
263,2,18,7,60,1,1,1,0.653548538684845,0.653548538684845,0.34645146131515503,0.653548538684845,18,2,9,post_calibration
263,3,18,8,60,1,0,0,0.8098758459091187,0.8098758459091187,0.8098758459091187,0.19012419879436493,18,2,9,post_calibration
263,4,18,10,60,1,1,1,0.5261753797531128,0.5261753797531128,0.4738246202468872,0.5261753797531128,18,2,9,post_calibration
263,5,18,11,60,1,1,1,0.6539664268493652,0.6539664268493652,0.34603351354599,0.6539664268493652,18,2,9,post_calibration
263,6,18,13,60,1,1,1,0.7747485041618347,0.7747485041618347,0.2252514511346817,0.7747485041618347,18,2,9,post_calibration
263,7,18,15,60,1,1,1,0.6620491743087769,0.6620491743087769,0.33795079588890076,0.6620491743087769,18,2,9,post_calibration
263,8,18,17,60,1,1,1,0.8526932001113892,0.8526932001113892,0.14730681478977203,0.8526932001113892,18,2,9,post_calibration
264,0,18,7,60,1,1,1,0.6426147222518921,0.6426147222518921,0.3573853075504303,0.6426147222518921,18,1,12,zero_shot_paired
264,1,18,9,60,1,0,0,0.5888041257858276,0.5888041257858276,0.5888041257858276,0.41119584441185,18,1,12,zero_shot_paired
264,2,18,10,60,1,1,1,0.5240635871887207,0.5240635871887207,0.4759364128112793,0.5240635871887207,18,1,12,zero_shot_paired
264,3,18,13,60,1,1,1,0.7658601999282837,0.7658601999282837,0.23413975536823273,0.7658601999282837,18,1,12,zero_shot_paired
264,4,18,14,60,1,1,1,0.5655274391174316,0.5655274391174316,0.43447253108024597,0.5655274391174316,18,1,12,zero_shot_paired
264,5,18,15,60,1,1,1,0.6564432382583618,0.6564432382583618,0.3435567617416382,0.6564432382583618,18,1,12,zero_shot_paired
264,0,18,7,60,1,1,1,0.6589715480804443,0.6589715480804443,0.34102848172187805,0.6589715480804443,18,1,12,post_calibration
264,1,18,9,60,1,0,0,0.5670846104621887,0.5670846104621887,0.5670846104621887,0.4329153895378113,18,1,12,post_calibration
264,2,18,10,60,1,1,1,0.5359523892402649,0.5359523892402649,0.4640476405620575,0.5359523892402649,18,1,12,post_calibration
264,3,18,13,60,1,1,1,0.7740500569343567,0.7740500569343567,0.22594989836215973,0.7740500569343567,18,1,12,post_calibration
264,4,18,14,60,1,1,1,0.5653550028800964,0.5653550028800964,0.43464499711990356,0.5653550028800964,18,1,12,post_calibration
264,5,18,15,60,1,1,1,0.6846776008605957,0.6846776008605957,0.3153223991394043,0.6846776008605957,18,1,12,post_calibration
265,0,18,7,60,1,1,1,0.6426147222518921,0.6426147222518921,0.3573853075504303,0.6426147222518921,18,2,12,zero_shot_paired
265,1,18,10,60,1,1,1,0.5240635871887207,0.5240635871887207,0.4759364128112793,0.5240635871887207,18,2,12,zero_shot_paired
265,2,18,12,60,1,1,1,0.6602408289909363,0.6602408289909363,0.33975914120674133,0.6602408289909363,18,2,12,zero_shot_paired
265,3,18,13,60,1,1,1,0.7658601999282837,0.7658601999282837,0.23413975536823273,0.7658601999282837,18,2,12,zero_shot_paired
265,4,18,14,60,1,1,1,0.5655274391174316,0.5655274391174316,0.43447253108024597,0.5655274391174316,18,2,12,zero_shot_paired
265,5,18,15,60,1,1,1,0.6564432382583618,0.6564432382583618,0.3435567617416382,0.6564432382583618,18,2,12,zero_shot_paired
265,0,18,7,60,1,1,1,0.6620680093765259,0.6620680093765259,0.3379320502281189,0.6620680093765259,18,2,12,post_calibration
265,1,18,10,60,1,1,1,0.5412838459014893,0.5412838459014893,0.45871618390083313,0.5412838459014893,18,2,12,post_calibration
265,2,18,12,60,1,1,1,0.6677302122116089,0.6677302122116089,0.3322697579860687,0.6677302122116089,18,2,12,post_calibration
265,3,18,13,60,1,1,1,0.7642654180526733,0.7642654180526733,0.23573461174964905,0.7642654180526733,18,2,12,post_calibration
265,4,18,14,60,1,1,1,0.5652087330818176,0.5652087330818176,0.4347912669181824,0.5652087330818176,18,2,12,post_calibration
265,5,18,15,60,1,1,1,0.6853393912315369,0.6853393912315369,0.31466060876846313,0.6853393912315369,18,2,12,post_calibration
266,0,18,0,60,0,1,0,0.8475009799003601,0.8475009799003601,0.15249904990196228,0.8475009799003601,18,3,12,zero_shot_paired
266,1,18,5,60,1,0,0,0.7289382815361023,0.7289382815361023,0.7289382815361023,0.2710617184638977,18,3,12,zero_shot_paired
266,2,18,6,60,1,0,0,0.5608352422714233,0.5608352422714233,0.5608352422714233,0.4391647279262543,18,3,12,zero_shot_paired
266,3,18,11,60,1,1,1,0.6499640941619873,0.6499640941619873,0.35003596544265747,0.6499640941619873,18,3,12,zero_shot_paired
266,4,18,13,60,1,1,1,0.7658601999282837,0.7658601999282837,0.23413975536823273,0.7658601999282837,18,3,12,zero_shot_paired
266,5,18,15,60,1,1,1,0.6564432382583618,0.6564432382583618,0.3435567617416382,0.6564432382583618,18,3,12,zero_shot_paired
266,0,18,0,60,0,1,0,0.8557212352752686,0.8557212352752686,0.14427880942821503,0.8557212352752686,18,3,12,post_calibration
266,1,18,5,60,1,0,0,0.7201192378997803,0.7201192378997803,0.7201192378997803,0.2798807621002197,18,3,12,post_calibration
266,2,18,6,60,1,0,0,0.5479781627655029,0.5479781627655029,0.5479781627655029,0.45202183723449707,18,3,12,post_calibration
266,3,18,11,60,1,1,1,0.6756057739257812,0.6756057739257812,0.32439425587654114,0.6756057739257812,18,3,12,post_calibration
266,4,18,13,60,1,1,1,0.7659313678741455,0.7659313678741455,0.2340686321258545,0.7659313678741455,18,3,12,post_calibration
266,5,18,15,60,1,1,1,0.6739130616188049,0.6739130616188049,0.32608699798583984,0.6739130616188049,18,3,12,post_calibration
20,0,19,0,60,1,1,1,0.5437927842140198,0.5437927842140198,0.4562072455883026,0.5437927842140198,19,,,zero_shot_all_trials
20,1,19,1,60,0,1,0,0.7884495258331299,0.7884495258331299,0.21155041456222534,0.7884495258331299,19,,,zero_shot_all_trials
20,2,19,2,60,1,1,1,0.7757428884506226,0.7757428884506226,0.22425712645053864,0.7757428884506226,19,,,zero_shot_all_trials
20,3,19,3,60,1,0,0,0.6220952868461609,0.6220952868461609,0.6220952868461609,0.3779047131538391,19,,,zero_shot_all_trials
20,4,19,4,60,1,1,1,0.8207513093948364,0.8207513093948364,0.1792486608028412,0.8207513093948364,19,,,zero_shot_all_trials
20,5,19,5,60,1,1,1,0.7522060871124268,0.7522060871124268,0.2477939873933792,0.7522060871124268,19,,,zero_shot_all_trials
20,6,19,6,60,1,0,0,0.6493545770645142,0.6493545770645142,0.6493545770645142,0.3506454527378082,19,,,zero_shot_all_trials
20,7,19,7,60,1,0,0,0.7394282817840576,0.7394282817840576,0.7394282817840576,0.26057168841362,19,,,zero_shot_all_trials
20,8,19,8,60,0,0,1,0.5891680121421814,0.5891680121421814,0.5891680121421814,0.4108319878578186,19,,,zero_shot_all_trials
20,9,19,9,60,0,1,0,0.6653187870979309,0.6653187870979309,0.3346811830997467,0.6653187870979309,19,,,zero_shot_all_trials
20,10,19,10,60,1,1,1,0.8955341577529907,0.8955341577529907,0.10446590930223465,0.8955341577529907,19,,,zero_shot_all_trials
20,11,19,11,60,1,1,1,0.8895948529243469,0.8895948529243469,0.11040520668029785,0.8895948529243469,19,,,zero_shot_all_trials
20,12,19,12,60,1,1,1,0.8328354954719543,0.8328354954719543,0.16716447472572327,0.8328354954719543,19,,,zero_shot_all_trials
20,13,19,13,60,0,1,0,0.8497765064239502,0.8497765064239502,0.150223508477211,0.8497765064239502,19,,,zero_shot_all_trials
20,14,19,14,60,1,1,1,0.83238685131073,0.83238685131073,0.167613223195076,0.83238685131073,19,,,zero_shot_all_trials
20,15,19,15,60,1,1,1,0.8566015362739563,0.8566015362739563,0.14339841902256012,0.8566015362739563,19,,,zero_shot_all_trials
20,16,19,16,60,1,1,1,0.7904191017150879,0.7904191017150879,0.20958088338375092,0.7904191017150879,19,,,zero_shot_all_trials
20,17,19,17,60,1,1,1,0.9204395413398743,0.9204395413398743,0.07956049591302872,0.9204395413398743,19,,,zero_shot_all_trials
267,0,19,0,60,1,1,1,0.5437946915626526,0.5437946915626526,0.4562053382396698,0.5437946915626526,19,1,3,zero_shot_paired
267,1,19,1,60,0,1,0,0.7884495258331299,0.7884495258331299,0.21155041456222534,0.7884495258331299,19,1,3,zero_shot_paired
267,2,19,2,60,1,1,1,0.7757388949394226,0.7757388949394226,0.2242611199617386,0.7757388949394226,19,1,3,zero_shot_paired
267,3,19,3,60,1,0,0,0.6221006512641907,0.6221006512641907,0.6221006512641907,0.37789931893348694,19,1,3,zero_shot_paired
267,4,19,4,60,1,1,1,0.8207502365112305,0.8207502365112305,0.17924977838993073,0.8207502365112305,19,1,3,zero_shot_paired
267,5,19,5,60,1,1,1,0.7522060871124268,0.7522060871124268,0.2477939873933792,0.7522060871124268,19,1,3,zero_shot_paired
267,6,19,6,60,1,0,0,0.6493493318557739,0.6493493318557739,0.6493493318557739,0.3506506681442261,19,1,3,zero_shot_paired
267,7,19,7,60,1,0,0,0.739426851272583,0.739426851272583,0.739426851272583,0.260573148727417,19,1,3,zero_shot_paired
267,8,19,8,60,0,0,1,0.5891606211662292,0.5891606211662292,0.5891606211662292,0.41083940863609314,19,1,3,zero_shot_paired
267,9,19,9,60,0,1,0,0.6653323769569397,0.6653323769569397,0.3346675634384155,0.6653323769569397,19,1,3,zero_shot_paired
267,10,19,10,60,1,1,1,0.8955327272415161,0.8955327272415161,0.10446733236312866,0.8955327272415161,19,1,3,zero_shot_paired
267,11,19,12,60,1,1,1,0.8328354954719543,0.8328354954719543,0.16716447472572327,0.8328354954719543,19,1,3,zero_shot_paired
267,12,19,15,60,1,1,1,0.8565978407859802,0.8565978407859802,0.14340218901634216,0.8565978407859802,19,1,3,zero_shot_paired
267,13,19,16,60,1,1,1,0.7904166579246521,0.7904166579246521,0.20958340167999268,0.7904166579246521,19,1,3,zero_shot_paired
267,14,19,17,60,1,1,1,0.920440673828125,0.920440673828125,0.07955937087535858,0.920440673828125,19,1,3,zero_shot_paired
267,0,19,0,60,1,1,1,0.5274515151977539,0.5274515151977539,0.4725484549999237,0.5274515151977539,19,1,3,post_calibration
267,1,19,1,60,0,1,0,0.7827857136726379,0.7827857136726379,0.21721427142620087,0.7827857136726379,19,1,3,post_calibration
267,2,19,2,60,1,1,1,0.7705835103988647,0.7705835103988647,0.22941648960113525,0.7705835103988647,19,1,3,post_calibration
267,3,19,3,60,1,0,0,0.6375898122787476,0.6375898122787476,0.6375898122787476,0.36241018772125244,19,1,3,post_calibration
267,4,19,4,60,1,1,1,0.8135812282562256,0.8135812282562256,0.18641884624958038,0.8135812282562256,19,1,3,post_calibration
267,5,19,5,60,1,1,1,0.7457340955734253,0.7457340955734253,0.25426584482192993,0.7457340955734253,19,1,3,post_calibration
267,6,19,6,60,1,0,0,0.6588789224624634,0.6588789224624634,0.6588789224624634,0.3411210775375366,19,1,3,post_calibration
267,7,19,7,60,1,0,0,0.746270477771759,0.746270477771759,0.746270477771759,0.25372952222824097,19,1,3,post_calibration
267,8,19,8,60,0,0,1,0.6042000651359558,0.6042000651359558,0.6042000651359558,0.3957999348640442,19,1,3,post_calibration
267,9,19,9,60,0,1,0,0.6249268054962158,0.6249268054962158,0.3750731945037842,0.6249268054962158,19,1,3,post_calibration
267,10,19,10,60,1,1,1,0.8703805208206177,0.8703805208206177,0.12961947917938232,0.8703805208206177,19,1,3,post_calibration
267,11,19,12,60,1,1,1,0.8014324903488159,0.8014324903488159,0.19856756925582886,0.8014324903488159,19,1,3,post_calibration
267,12,19,15,60,1,1,1,0.8360563516616821,0.8360563516616821,0.16394364833831787,0.8360563516616821,19,1,3,post_calibration
267,13,19,16,60,1,1,1,0.7574567794799805,0.7574567794799805,0.2425432801246643,0.7574567794799805,19,1,3,post_calibration
267,14,19,17,60,1,1,1,0.9097880721092224,0.9097880721092224,0.0902118906378746,0.9097880721092224,19,1,3,post_calibration
268,0,19,1,60,0,1,0,0.7884508967399597,0.7884508967399597,0.21154914796352386,0.7884508967399597,19,2,3,zero_shot_paired
268,1,19,2,60,1,1,1,0.7757362127304077,0.7757362127304077,0.2242637574672699,0.7757362127304077,19,2,3,zero_shot_paired
268,2,19,3,60,1,0,0,0.6221168041229248,0.6221168041229248,0.6221168041229248,0.3778831660747528,19,2,3,zero_shot_paired
268,3,19,4,60,1,1,1,0.8207491040229797,0.8207491040229797,0.17925088107585907,0.8207491040229797,19,2,3,zero_shot_paired
268,4,19,5,60,1,1,1,0.7522003054618835,0.7522003054618835,0.24779967963695526,0.7522003054618835,19,2,3,zero_shot_paired
268,5,19,7,60,1,0,0,0.7394165396690369,0.7394165396690369,0.7394165396690369,0.26058346033096313,19,2,3,zero_shot_paired
268,6,19,8,60,0,0,1,0.589149534702301,0.589149534702301,0.589149534702301,0.4108504354953766,19,2,3,zero_shot_paired
268,7,19,9,60,0,1,0,0.6653120517730713,0.6653120517730713,0.3346879780292511,0.6653120517730713,19,2,3,zero_shot_paired
268,8,19,10,60,1,1,1,0.895538330078125,0.895538330078125,0.10446161031723022,0.895538330078125,19,2,3,zero_shot_paired
268,9,19,11,60,1,1,1,0.8895887732505798,0.8895887732505798,0.11041118949651718,0.8895887732505798,19,2,3,zero_shot_paired
268,10,19,13,60,0,1,0,0.8497697114944458,0.8497697114944458,0.1502303183078766,0.8497697114944458,19,2,3,zero_shot_paired
268,11,19,14,60,1,1,1,0.8323847055435181,0.8323847055435181,0.16761533915996552,0.8323847055435181,19,2,3,zero_shot_paired
268,12,19,15,60,1,1,1,0.8566024899482727,0.8566024899482727,0.1433974951505661,0.8566024899482727,19,2,3,zero_shot_paired
268,13,19,16,60,1,1,1,0.7904166579246521,0.7904166579246521,0.20958340167999268,0.7904166579246521,19,2,3,zero_shot_paired
268,14,19,17,60,1,1,1,0.9204367399215698,0.9204367399215698,0.07956328243017197,0.9204367399215698,19,2,3,zero_shot_paired
268,0,19,1,60,0,1,0,0.8013340830802917,0.8013340830802917,0.19866591691970825,0.8013340830802917,19,2,3,post_calibration
268,1,19,2,60,1,1,1,0.7698705196380615,0.7698705196380615,0.2301294058561325,0.7698705196380615,19,2,3,post_calibration
268,2,19,3,60,1,0,0,0.5898492932319641,0.5898492932319641,0.5898492932319641,0.4101507365703583,19,2,3,post_calibration
268,3,19,4,60,1,1,1,0.8442646265029907,0.8442646265029907,0.15573538839817047,0.8442646265029907,19,2,3,post_calibration
268,4,19,5,60,1,1,1,0.7906705141067505,0.7906705141067505,0.2093294858932495,0.7906705141067505,19,2,3,post_calibration
268,5,19,7,60,1,0,0,0.72694993019104,0.72694993019104,0.72694993019104,0.27305009961128235,19,2,3,post_calibration
268,6,19,8,60,0,0,1,0.5413463115692139,0.5413463115692139,0.5413463115692139,0.45865365862846375,19,2,3,post_calibration
268,7,19,9,60,0,1,0,0.7075530886650085,0.7075530886650085,0.29244688153266907,0.7075530886650085,19,2,3,post_calibration
268,8,19,10,60,1,1,1,0.9090616106987,0.9090616106987,0.09093837440013885,0.9090616106987,19,2,3,post_calibration
268,9,19,11,60,1,1,1,0.9061715602874756,0.9061715602874756,0.09382838755846024,0.9061715602874756,19,2,3,post_calibration
268,10,19,13,60,0,1,0,0.8726851344108582,0.8726851344108582,0.12731486558914185,0.8726851344108582,19,2,3,post_calibration
268,11,19,14,60,1,1,1,0.8612449169158936,0.8612449169158936,0.13875511288642883,0.8612449169158936,19,2,3,post_calibration
268,12,19,15,60,1,1,1,0.8786660432815552,0.8786660432815552,0.12133393436670303,0.8786660432815552,19,2,3,post_calibration
268,13,19,16,60,1,1,1,0.7993383407592773,0.7993383407592773,0.20066168904304504,0.7993383407592773,19,2,3,post_calibration
268,14,19,17,60,1,1,1,0.9298754334449768,0.9298754334449768,0.0701245367527008,0.9298754334449768,19,2,3,post_calibration
269,0,19,0,60,1,1,1,0.5437965393066406,0.5437965393066406,0.4562034606933594,0.5437965393066406,19,3,3,zero_shot_paired
269,1,19,2,60,1,1,1,0.7757362127304077,0.7757362127304077,0.2242637574672699,0.7757362127304077,19,3,3,zero_shot_paired
269,2,19,4,60,1,1,1,0.8207491040229797,0.8207491040229797,0.17925088107585907,0.8207491040229797,19,3,3,zero_shot_paired
269,3,19,5,60,1,1,1,0.7522003054618835,0.7522003054618835,0.24779967963695526,0.7522003054618835,19,3,3,zero_shot_paired
269,4,19,6,60,1,0,0,0.6493597626686096,0.6493597626686096,0.6493597626686096,0.3506402373313904,19,3,3,zero_shot_paired
269,5,19,8,60,0,0,1,0.589149534702301,0.589149534702301,0.589149534702301,0.4108504354953766,19,3,3,zero_shot_paired
269,6,19,9,60,0,1,0,0.6653120517730713,0.6653120517730713,0.3346879780292511,0.6653120517730713,19,3,3,zero_shot_paired
269,7,19,10,60,1,1,1,0.895538330078125,0.895538330078125,0.10446161031723022,0.895538330078125,19,3,3,zero_shot_paired
269,8,19,11,60,1,1,1,0.8895887732505798,0.8895887732505798,0.11041118949651718,0.8895887732505798,19,3,3,zero_shot_paired
269,9,19,12,60,1,1,1,0.8328344225883484,0.8328344225883484,0.16716553270816803,0.8328344225883484,19,3,3,zero_shot_paired
269,10,19,13,60,0,1,0,0.8497697114944458,0.8497697114944458,0.1502303183078766,0.8497697114944458,19,3,3,zero_shot_paired
269,11,19,14,60,1,1,1,0.8323847055435181,0.8323847055435181,0.16761533915996552,0.8323847055435181,19,3,3,zero_shot_paired
269,12,19,15,60,1,1,1,0.8566024899482727,0.8566024899482727,0.1433974951505661,0.8566024899482727,19,3,3,zero_shot_paired
269,13,19,16,60,1,1,1,0.7904166579246521,0.7904166579246521,0.20958340167999268,0.7904166579246521,19,3,3,zero_shot_paired
269,14,19,17,60,1,1,1,0.9204367399215698,0.9204367399215698,0.07956328243017197,0.9204367399215698,19,3,3,zero_shot_paired
269,0,19,0,60,1,1,1,0.5400276184082031,0.5400276184082031,0.4599723815917969,0.5400276184082031,19,3,3,post_calibration
269,1,19,2,60,1,1,1,0.7893326878547668,0.7893326878547668,0.21066732704639435,0.7893326878547668,19,3,3,post_calibration
269,2,19,4,60,1,1,1,0.8260824680328369,0.8260824680328369,0.17391759157180786,0.8260824680328369,19,3,3,post_calibration
269,3,19,5,60,1,1,1,0.7622581720352173,0.7622581720352173,0.23774182796478271,0.7622581720352173,19,3,3,post_calibration
269,4,19,6,60,1,0,0,0.6385711431503296,0.6385711431503296,0.6385711431503296,0.36142879724502563,19,3,3,post_calibration
269,5,19,8,60,0,0,1,0.5590286254882812,0.5590286254882812,0.5590286254882812,0.44097134470939636,19,3,3,post_calibration
269,6,19,9,60,0,1,0,0.6833996772766113,0.6833996772766113,0.31660032272338867,0.6833996772766113,19,3,3,post_calibration
269,7,19,10,60,1,1,1,0.8969488143920898,0.8969488143920898,0.10305122286081314,0.8969488143920898,19,3,3,post_calibration
269,8,19,11,60,1,1,1,0.8951151371002197,0.8951151371002197,0.10488490760326385,0.8951151371002197,19,3,3,post_calibration
269,9,19,12,60,1,1,1,0.8292263746261597,0.8292263746261597,0.17077361047267914,0.8292263746261597,19,3,3,post_calibration
269,10,19,13,60,0,1,0,0.8511252403259277,0.8511252403259277,0.14887474477291107,0.8511252403259277,19,3,3,post_calibration
269,11,19,14,60,1,1,1,0.8301889896392822,0.8301889896392822,0.1698109656572342,0.8301889896392822,19,3,3,post_calibration
269,12,19,15,60,1,1,1,0.8601370453834534,0.8601370453834534,0.13986289501190186,0.8601370453834534,19,3,3,post_calibration
269,13,19,16,60,1,1,1,0.7933061718940735,0.7933061718940735,0.20669381320476532,0.7933061718940735,19,3,3,post_calibration
269,14,19,17,60,1,1,1,0.9209831357002258,0.9209831357002258,0.07901689410209656,0.9209831357002258,19,3,3,post_calibration
270,0,19,0,60,1,1,1,0.5437965393066406,0.5437965393066406,0.4562034606933594,0.5437965393066406,19,4,3,zero_shot_paired
270,1,19,1,60,0,1,0,0.7884508967399597,0.7884508967399597,0.21154914796352386,0.7884508967399597,19,4,3,zero_shot_paired
270,2,19,2,60,1,1,1,0.7757362127304077,0.7757362127304077,0.2242637574672699,0.7757362127304077,19,4,3,zero_shot_paired
270,3,19,3,60,1,0,0,0.6221168041229248,0.6221168041229248,0.6221168041229248,0.3778831660747528,19,4,3,zero_shot_paired
270,4,19,4,60,1,1,1,0.8207491040229797,0.8207491040229797,0.17925088107585907,0.8207491040229797,19,4,3,zero_shot_paired
270,5,19,5,60,1,1,1,0.7522003054618835,0.7522003054618835,0.24779967963695526,0.7522003054618835,19,4,3,zero_shot_paired
270,6,19,6,60,1,0,0,0.6493597626686096,0.6493597626686096,0.6493597626686096,0.3506402373313904,19,4,3,zero_shot_paired
270,7,19,7,60,1,0,0,0.7394165396690369,0.7394165396690369,0.7394165396690369,0.26058346033096313,19,4,3,zero_shot_paired
270,8,19,8,60,0,0,1,0.589149534702301,0.589149534702301,0.589149534702301,0.4108504354953766,19,4,3,zero_shot_paired
270,9,19,11,60,1,1,1,0.8895887732505798,0.8895887732505798,0.11041118949651718,0.8895887732505798,19,4,3,zero_shot_paired
270,10,19,12,60,1,1,1,0.8328344225883484,0.8328344225883484,0.16716553270816803,0.8328344225883484,19,4,3,zero_shot_paired
270,11,19,13,60,0,1,0,0.8497697114944458,0.8497697114944458,0.1502303183078766,0.8497697114944458,19,4,3,zero_shot_paired
270,12,19,14,60,1,1,1,0.8323847055435181,0.8323847055435181,0.16761533915996552,0.8323847055435181,19,4,3,zero_shot_paired
270,13,19,16,60,1,1,1,0.7904166579246521,0.7904166579246521,0.20958340167999268,0.7904166579246521,19,4,3,zero_shot_paired
270,14,19,17,60,1,1,1,0.9204367399215698,0.9204367399215698,0.07956328243017197,0.9204367399215698,19,4,3,zero_shot_paired
270,0,19,0,60,1,1,1,0.5369218587875366,0.5369218587875366,0.4630781412124634,0.5369218587875366,19,4,3,post_calibration
270,1,19,1,60,0,1,0,0.7907664775848389,0.7907664775848389,0.20923350751399994,0.7907664775848389,19,4,3,post_calibration
270,2,19,2,60,1,1,1,0.7712638974189758,0.7712638974189758,0.22873608767986298,0.7712638974189758,19,4,3,post_calibration
270,3,19,3,60,1,0,0,0.6397536396980286,0.6397536396980286,0.6397536396980286,0.36024636030197144,19,4,3,post_calibration
270,4,19,4,60,1,1,1,0.8097512722015381,0.8097512722015381,0.1902487426996231,0.8097512722015381,19,4,3,post_calibration
270,5,19,5,60,1,1,1,0.7436438798904419,0.7436438798904419,0.2563560903072357,0.7436438798904419,19,4,3,post_calibration
270,6,19,6,60,1,0,0,0.6623137593269348,0.6623137593269348,0.6623137593269348,0.3376862704753876,19,4,3,post_calibration
270,7,19,7,60,1,0,0,0.7483968138694763,0.7483968138694763,0.7483968138694763,0.2516031563282013,19,4,3,post_calibration
270,8,19,8,60,0,0,1,0.6183016300201416,0.6183016300201416,0.6183016300201416,0.3816984295845032,19,4,3,post_calibration
270,9,19,11,60,1,1,1,0.8766211867332458,0.8766211867332458,0.12337882816791534,0.8766211867332458,19,4,3,post_calibration
270,10,19,12,60,1,1,1,0.8237552642822266,0.8237552642822266,0.17624473571777344,0.8237552642822266,19,4,3,post_calibration
270,11,19,13,60,0,1,0,0.8318837881088257,0.8318837881088257,0.1681162267923355,0.8318837881088257,19,4,3,post_calibration
270,12,19,14,60,1,1,1,0.8200532793998718,0.8200532793998718,0.17994675040245056,0.8200532793998718,19,4,3,post_calibration
270,13,19,16,60,1,1,1,0.7757003903388977,0.7757003903388977,0.2242995947599411,0.7757003903388977,19,4,3,post_calibration
270,14,19,17,60,1,1,1,0.9193131923675537,0.9193131923675537,0.0806867852807045,0.9193131923675537,19,4,3,post_calibration
271,0,19,0,60,1,1,1,0.5437965393066406,0.5437965393066406,0.4562034606933594,0.5437965393066406,19,5,3,zero_shot_paired
271,1,19,1,60,0,1,0,0.7884508967399597,0.7884508967399597,0.21154914796352386,0.7884508967399597,19,5,3,zero_shot_paired
271,2,19,2,60,1,1,1,0.7757362127304077,0.7757362127304077,0.2242637574672699,0.7757362127304077,19,5,3,zero_shot_paired
271,3,19,3,60,1,0,0,0.6221168041229248,0.6221168041229248,0.6221168041229248,0.3778831660747528,19,5,3,zero_shot_paired
271,4,19,5,60,1,1,1,0.7522003054618835,0.7522003054618835,0.24779967963695526,0.7522003054618835,19,5,3,zero_shot_paired
271,5,19,6,60,1,0,0,0.6493597626686096,0.6493597626686096,0.6493597626686096,0.3506402373313904,19,5,3,zero_shot_paired
271,6,19,7,60,1,0,0,0.7394165396690369,0.7394165396690369,0.7394165396690369,0.26058346033096313,19,5,3,zero_shot_paired
271,7,19,9,60,0,1,0,0.6653120517730713,0.6653120517730713,0.3346879780292511,0.6653120517730713,19,5,3,zero_shot_paired
271,8,19,10,60,1,1,1,0.895538330078125,0.895538330078125,0.10446161031723022,0.895538330078125,19,5,3,zero_shot_paired
271,9,19,11,60,1,1,1,0.8895887732505798,0.8895887732505798,0.11041118949651718,0.8895887732505798,19,5,3,zero_shot_paired
271,10,19,12,60,1,1,1,0.8328344225883484,0.8328344225883484,0.16716553270816803,0.8328344225883484,19,5,3,zero_shot_paired
271,11,19,13,60,0,1,0,0.8497697114944458,0.8497697114944458,0.1502303183078766,0.8497697114944458,19,5,3,zero_shot_paired
271,12,19,14,60,1,1,1,0.8323847055435181,0.8323847055435181,0.16761533915996552,0.8323847055435181,19,5,3,zero_shot_paired
271,13,19,15,60,1,1,1,0.8566024899482727,0.8566024899482727,0.1433974951505661,0.8566024899482727,19,5,3,zero_shot_paired
271,14,19,16,60,1,1,1,0.7904166579246521,0.7904166579246521,0.20958340167999268,0.7904166579246521,19,5,3,zero_shot_paired
271,0,19,0,60,1,1,1,0.5213169455528259,0.5213169455528259,0.4786830246448517,0.5213169455528259,19,5,3,post_calibration
271,1,19,1,60,0,1,0,0.7885627746582031,0.7885627746582031,0.2114371508359909,0.7885627746582031,19,5,3,post_calibration
271,2,19,2,60,1,1,1,0.7759790420532227,0.7759790420532227,0.22402097284793854,0.7759790420532227,19,5,3,post_calibration
271,3,19,3,60,1,0,0,0.6337963938713074,0.6337963938713074,0.6337963938713074,0.3662036061286926,19,5,3,post_calibration
271,4,19,5,60,1,1,1,0.7363442778587341,0.7363442778587341,0.2636556625366211,0.7363442778587341,19,5,3,post_calibration
271,5,19,6,60,1,0,0,0.6675050258636475,0.6675050258636475,0.6675050258636475,0.33249494433403015,19,5,3,post_calibration
271,6,19,7,60,1,0,0,0.7540727257728577,0.7540727257728577,0.7540727257728577,0.24592730402946472,19,5,3,post_calibration
271,7,19,9,60,0,1,0,0.6376304030418396,0.6376304030418396,0.3623696565628052,0.6376304030418396,19,5,3,post_calibration
271,8,19,10,60,1,1,1,0.8934714794158936,0.8934714794158936,0.10652854293584824,0.8934714794158936,19,5,3,post_calibration
271,9,19,11,60,1,1,1,0.8855618834495544,0.8855618834495544,0.11443807929754257,0.8855618834495544,19,5,3,post_calibration
271,10,19,12,60,1,1,1,0.8308398127555847,0.8308398127555847,0.16916018724441528,0.8308398127555847,19,5,3,post_calibration
271,11,19,13,60,0,1,0,0.8475866913795471,0.8475866913795471,0.1524132639169693,0.8475866913795471,19,5,3,post_calibration
271,12,19,14,60,1,1,1,0.8275822401046753,0.8275822401046753,0.17241773009300232,0.8275822401046753,19,5,3,post_calibration
271,13,19,15,60,1,1,1,0.8524505496025085,0.8524505496025085,0.14754943549633026,0.8524505496025085,19,5,3,post_calibration
271,14,19,16,60,1,1,1,0.7905795574188232,0.7905795574188232,0.20942042768001556,0.7905795574188232,19,5,3,post_calibration
272,0,19,0,60,1,1,1,0.5437965393066406,0.5437965393066406,0.4562034606933594,0.5437965393066406,19,6,3,zero_shot_paired
272,1,19,1,60,0,1,0,0.7884508967399597,0.7884508967399597,0.21154914796352386,0.7884508967399597,19,6,3,zero_shot_paired
272,2,19,3,60,1,0,0,0.6221168041229248,0.6221168041229248,0.6221168041229248,0.3778831660747528,19,6,3,zero_shot_paired
272,3,19,4,60,1,1,1,0.8207491040229797,0.8207491040229797,0.17925088107585907,0.8207491040229797,19,6,3,zero_shot_paired
272,4,19,6,60,1,0,0,0.6493597626686096,0.6493597626686096,0.6493597626686096,0.3506402373313904,19,6,3,zero_shot_paired
272,5,19,7,60,1,0,0,0.7394165396690369,0.7394165396690369,0.7394165396690369,0.26058346033096313,19,6,3,zero_shot_paired
272,6,19,8,60,0,0,1,0.589149534702301,0.589149534702301,0.589149534702301,0.4108504354953766,19,6,3,zero_shot_paired
272,7,19,9,60,0,1,0,0.6653120517730713,0.6653120517730713,0.3346879780292511,0.6653120517730713,19,6,3,zero_shot_paired
272,8,19,10,60,1,1,1,0.895538330078125,0.895538330078125,0.10446161031723022,0.895538330078125,19,6,3,zero_shot_paired
272,9,19,11,60,1,1,1,0.8895887732505798,0.8895887732505798,0.11041118949651718,0.8895887732505798,19,6,3,zero_shot_paired
272,10,19,12,60,1,1,1,0.8328344225883484,0.8328344225883484,0.16716553270816803,0.8328344225883484,19,6,3,zero_shot_paired
272,11,19,13,60,0,1,0,0.8497697114944458,0.8497697114944458,0.1502303183078766,0.8497697114944458,19,6,3,zero_shot_paired
272,12,19,14,60,1,1,1,0.8323847055435181,0.8323847055435181,0.16761533915996552,0.8323847055435181,19,6,3,zero_shot_paired
272,13,19,15,60,1,1,1,0.8566024899482727,0.8566024899482727,0.1433974951505661,0.8566024899482727,19,6,3,zero_shot_paired
272,14,19,17,60,1,1,1,0.9204367399215698,0.9204367399215698,0.07956328243017197,0.9204367399215698,19,6,3,zero_shot_paired
272,0,19,0,60,1,1,1,0.5577135682106018,0.5577135682106018,0.4422864317893982,0.5577135682106018,19,6,3,post_calibration
272,1,19,1,60,0,1,0,0.7886455059051514,0.7886455059051514,0.21135450899600983,0.7886455059051514,19,6,3,post_calibration
272,2,19,3,60,1,0,0,0.6040887236595154,0.6040887236595154,0.6040887236595154,0.39591124653816223,19,6,3,post_calibration
272,3,19,4,60,1,1,1,0.8388345241546631,0.8388345241546631,0.16116546094417572,0.8388345241546631,19,6,3,post_calibration
272,4,19,6,60,1,0,0,0.627138078212738,0.627138078212738,0.627138078212738,0.37286195158958435,19,6,3,post_calibration
272,5,19,7,60,1,0,0,0.7182765007019043,0.7182765007019043,0.7182765007019043,0.2817235291004181,19,6,3,post_calibration
272,6,19,8,60,0,0,1,0.5567648410797119,0.5567648410797119,0.5567648410797119,0.4432351291179657,19,6,3,post_calibration
272,7,19,9,60,0,1,0,0.6978181004524231,0.6978181004524231,0.3021818995475769,0.6978181004524231,19,6,3,post_calibration
272,8,19,10,60,1,1,1,0.910740315914154,0.910740315914154,0.08925966173410416,0.910740315914154,19,6,3,post_calibration
272,9,19,11,60,1,1,1,0.9035537838935852,0.9035537838935852,0.09644617885351181,0.9035537838935852,19,6,3,post_calibration
272,10,19,12,60,1,1,1,0.8427256941795349,0.8427256941795349,0.15727433562278748,0.8427256941795349,19,6,3,post_calibration
272,11,19,13,60,0,1,0,0.8725528717041016,0.8725528717041016,0.12744717299938202,0.8725528717041016,19,6,3,post_calibration
272,12,19,14,60,1,1,1,0.8438559174537659,0.8438559174537659,0.15614409744739532,0.8438559174537659,19,6,3,post_calibration
272,13,19,15,60,1,1,1,0.8704175353050232,0.8704175353050232,0.129582479596138,0.8704175353050232,19,6,3,post_calibration
272,14,19,17,60,1,1,1,0.9272758960723877,0.9272758960723877,0.0727241262793541,0.9272758960723877,19,6,3,post_calibration
273,0,19,0,60,1,1,1,0.5437965393066406,0.5437965393066406,0.4562034606933594,0.5437965393066406,19,1,6,zero_shot_paired
273,1,19,1,60,0,1,0,0.7884508967399597,0.7884508967399597,0.21154914796352386,0.7884508967399597,19,1,6,zero_shot_paired
273,2,19,2,60,1,1,1,0.7757362127304077,0.7757362127304077,0.2242637574672699,0.7757362127304077,19,1,6,zero_shot_paired
273,3,19,3,60,1,0,0,0.6221168041229248,0.6221168041229248,0.6221168041229248,0.3778831660747528,19,1,6,zero_shot_paired
273,4,19,4,60,1,1,1,0.8207491040229797,0.8207491040229797,0.17925088107585907,0.8207491040229797,19,1,6,zero_shot_paired
273,5,19,6,60,1,0,0,0.6493597626686096,0.6493597626686096,0.6493597626686096,0.3506402373313904,19,1,6,zero_shot_paired
273,6,19,7,60,1,0,0,0.7394165396690369,0.7394165396690369,0.7394165396690369,0.26058346033096313,19,1,6,zero_shot_paired
273,7,19,8,60,0,0,1,0.589149534702301,0.589149534702301,0.589149534702301,0.4108504354953766,19,1,6,zero_shot_paired
273,8,19,9,60,0,1,0,0.6653120517730713,0.6653120517730713,0.3346879780292511,0.6653120517730713,19,1,6,zero_shot_paired
273,9,19,10,60,1,1,1,0.895538330078125,0.895538330078125,0.10446161031723022,0.895538330078125,19,1,6,zero_shot_paired
273,10,19,12,60,1,1,1,0.8328344225883484,0.8328344225883484,0.16716553270816803,0.8328344225883484,19,1,6,zero_shot_paired
273,11,19,14,60,1,1,1,0.8323847055435181,0.8323847055435181,0.16761533915996552,0.8323847055435181,19,1,6,zero_shot_paired
273,0,19,0,60,1,1,1,0.5388941168785095,0.5388941168785095,0.4611058831214905,0.5388941168785095,19,1,6,post_calibration
273,1,19,1,60,0,1,0,0.7830748558044434,0.7830748558044434,0.21692509949207306,0.7830748558044434,19,1,6,post_calibration
273,2,19,2,60,1,1,1,0.77388995885849,0.77388995885849,0.22611010074615479,0.77388995885849,19,1,6,post_calibration
273,3,19,3,60,1,0,0,0.6267722249031067,0.6267722249031067,0.6267722249031067,0.37322771549224854,19,1,6,post_calibration
273,4,19,4,60,1,1,1,0.8199507594108582,0.8199507594108582,0.18004922568798065,0.8199507594108582,19,1,6,post_calibration
273,5,19,6,60,1,0,0,0.6491043567657471,0.6491043567657471,0.6491043567657471,0.35089561343193054,19,1,6,post_calibration
273,6,19,7,60,1,0,0,0.7432597279548645,0.7432597279548645,0.7432597279548645,0.2567403018474579,19,1,6,post_calibration
273,7,19,8,60,0,0,1,0.5886693000793457,0.5886693000793457,0.5886693000793457,0.4113306701183319,19,1,6,post_calibration
273,8,19,9,60,0,1,0,0.6552239656448364,0.6552239656448364,0.3447760045528412,0.6552239656448364,19,1,6,post_calibration
273,9,19,10,60,1,1,1,0.8784438371658325,0.8784438371658325,0.12155617028474808,0.8784438371658325,19,1,6,post_calibration
273,10,19,12,60,1,1,1,0.8158809542655945,0.8158809542655945,0.1841190904378891,0.8158809542655945,19,1,6,post_calibration
273,11,19,14,60,1,1,1,0.814083993434906,0.814083993434906,0.1859160214662552,0.814083993434906,19,1,6,post_calibration
274,0,19,1,60,0,1,0,0.7884508967399597,0.7884508967399597,0.21154914796352386,0.7884508967399597,19,2,6,zero_shot_paired
274,1,19,2,60,1,1,1,0.7757362127304077,0.7757362127304077,0.2242637574672699,0.7757362127304077,19,2,6,zero_shot_paired
274,2,19,4,60,1,1,1,0.8207491040229797,0.8207491040229797,0.17925088107585907,0.8207491040229797,19,2,6,zero_shot_paired
274,3,19,5,60,1,1,1,0.7522003054618835,0.7522003054618835,0.24779967963695526,0.7522003054618835,19,2,6,zero_shot_paired
274,4,19,6,60,1,0,0,0.6493597626686096,0.6493597626686096,0.6493597626686096,0.3506402373313904,19,2,6,zero_shot_paired
274,5,19,10,60,1,1,1,0.895538330078125,0.895538330078125,0.10446161031723022,0.895538330078125,19,2,6,zero_shot_paired
274,6,19,11,60,1,1,1,0.8895887732505798,0.8895887732505798,0.11041118949651718,0.8895887732505798,19,2,6,zero_shot_paired
274,7,19,13,60,0,1,0,0.8497697114944458,0.8497697114944458,0.1502303183078766,0.8497697114944458,19,2,6,zero_shot_paired
274,8,19,14,60,1,1,1,0.8323847055435181,0.8323847055435181,0.16761533915996552,0.8323847055435181,19,2,6,zero_shot_paired
274,9,19,15,60,1,1,1,0.8566024899482727,0.8566024899482727,0.1433974951505661,0.8566024899482727,19,2,6,zero_shot_paired
274,10,19,16,60,1,1,1,0.7904166579246521,0.7904166579246521,0.20958340167999268,0.7904166579246521,19,2,6,zero_shot_paired
274,11,19,17,60,1,1,1,0.9204367399215698,0.9204367399215698,0.07956328243017197,0.9204367399215698,19,2,6,zero_shot_paired
274,0,19,1,60,0,1,0,0.7977858185768127,0.7977858185768127,0.20221416652202606,0.7977858185768127,19,2,6,post_calibration
274,1,19,2,60,1,1,1,0.7717870473861694,0.7717870473861694,0.22821295261383057,0.7717870473861694,19,2,6,post_calibration
274,2,19,4,60,1,1,1,0.8157582879066467,0.8157582879066467,0.18424175679683685,0.8157582879066467,19,2,6,post_calibration
274,3,19,5,60,1,1,1,0.7522799968719482,0.7522799968719482,0.24772003293037415,0.7522799968719482,19,2,6,post_calibration
274,4,19,6,60,1,0,0,0.6479617953300476,0.6479617953300476,0.6479617953300476,0.35203817486763,19,2,6,post_calibration
274,5,19,10,60,1,1,1,0.8937036395072937,0.8937036395072937,0.10629640519618988,0.8937036395072937,19,2,6,post_calibration
274,6,19,11,60,1,1,1,0.8846596479415894,0.8846596479415894,0.11534038186073303,0.8846596479415894,19,2,6,post_calibration
274,7,19,13,60,0,1,0,0.8450614213943481,0.8450614213943481,0.15493854880332947,0.8450614213943481,19,2,6,post_calibration
274,8,19,14,60,1,1,1,0.8274101614952087,0.8274101614952087,0.17258980870246887,0.8274101614952087,19,2,6,post_calibration
274,9,19,15,60,1,1,1,0.8512450456619263,0.8512450456619263,0.14875490963459015,0.8512450456619263,19,2,6,post_calibration
274,10,19,16,60,1,1,1,0.7825586795806885,0.7825586795806885,0.2174413651227951,0.7825586795806885,19,2,6,post_calibration
274,11,19,17,60,1,1,1,0.9193239808082581,0.9193239808082581,0.08067604154348373,0.9193239808082581,19,2,6,post_calibration
275,0,19,0,60,1,1,1,0.5437965393066406,0.5437965393066406,0.4562034606933594,0.5437965393066406,19,3,6,zero_shot_paired
275,1,19,3,60,1,0,0,0.6221168041229248,0.6221168041229248,0.6221168041229248,0.3778831660747528,19,3,6,zero_shot_paired
275,2,19,5,60,1,1,1,0.7522003054618835,0.7522003054618835,0.24779967963695526,0.7522003054618835,19,3,6,zero_shot_paired
275,3,19,7,60,1,0,0,0.7394165396690369,0.7394165396690369,0.7394165396690369,0.26058346033096313,19,3,6,zero_shot_paired
275,4,19,8,60,0,0,1,0.589149534702301,0.589149534702301,0.589149534702301,0.4108504354953766,19,3,6,zero_shot_paired
275,5,19,9,60,0,1,0,0.6653120517730713,0.6653120517730713,0.3346879780292511,0.6653120517730713,19,3,6,zero_shot_paired
275,6,19,11,60,1,1,1,0.8895887732505798,0.8895887732505798,0.11041118949651718,0.8895887732505798,19,3,6,zero_shot_paired
275,7,19,12,60,1,1,1,0.8328344225883484,0.8328344225883484,0.16716553270816803,0.8328344225883484,19,3,6,zero_shot_paired
275,8,19,13,60,0,1,0,0.8497697114944458,0.8497697114944458,0.1502303183078766,0.8497697114944458,19,3,6,zero_shot_paired
275,9,19,15,60,1,1,1,0.8566024899482727,0.8566024899482727,0.1433974951505661,0.8566024899482727,19,3,6,zero_shot_paired
275,10,19,16,60,1,1,1,0.7904166579246521,0.7904166579246521,0.20958340167999268,0.7904166579246521,19,3,6,zero_shot_paired
275,11,19,17,60,1,1,1,0.9204367399215698,0.9204367399215698,0.07956328243017197,0.9204367399215698,19,3,6,zero_shot_paired
275,0,19,0,60,1,1,1,0.5536542534828186,0.5536542534828186,0.4463457763195038,0.5536542534828186,19,3,6,post_calibration
275,1,19,3,60,1,0,0,0.6006642580032349,0.6006642580032349,0.6006642580032349,0.39933574199676514,19,3,6,post_calibration
275,2,19,5,60,1,1,1,0.77388995885849,0.77388995885849,0.22611010074615479,0.77388995885849,19,3,6,post_calibration
275,3,19,7,60,1,0,0,0.722285270690918,0.722285270690918,0.722285270690918,0.27771472930908203,19,3,6,post_calibration
275,4,19,8,60,0,0,1,0.540785551071167,0.540785551071167,0.540785551071167,0.4592144191265106,19,3,6,post_calibration
275,5,19,9,60,0,1,0,0.7070476412773132,0.7070476412773132,0.2929523289203644,0.7070476412773132,19,3,6,post_calibration
275,6,19,11,60,1,1,1,0.9048871397972107,0.9048871397972107,0.09511281549930573,0.9048871397972107,19,3,6,post_calibration
275,7,19,12,60,1,1,1,0.8481840491294861,0.8481840491294861,0.1518159806728363,0.8481840491294861,19,3,6,post_calibration
275,8,19,13,60,0,1,0,0.8655511140823364,0.8655511140823364,0.13444884121418,0.8655511140823364,19,3,6,post_calibration
275,9,19,15,60,1,1,1,0.8776170015335083,0.8776170015335083,0.12238302081823349,0.8776170015335083,19,3,6,post_calibration
275,10,19,16,60,1,1,1,0.8026739954948425,0.8026739954948425,0.19732600450515747,0.8026739954948425,19,3,6,post_calibration
275,11,19,17,60,1,1,1,0.9280998110771179,0.9280998110771179,0.0719001293182373,0.9280998110771179,19,3,6,post_calibration
276,0,19,0,60,1,1,1,0.5437946915626526,0.5437946915626526,0.4562053382396698,0.5437946915626526,19,1,9,zero_shot_paired
276,1,19,3,60,1,0,0,0.6221168041229248,0.6221168041229248,0.6221168041229248,0.3778831660747528,19,1,9,zero_shot_paired
276,2,19,4,60,1,1,1,0.8207524418830872,0.8207524418830872,0.17924752831459045,0.8207524418830872,19,1,9,zero_shot_paired
276,3,19,8,60,0,0,1,0.5891513824462891,0.5891513824462891,0.5891513824462891,0.41084861755371094,19,1,9,zero_shot_paired
276,4,19,10,60,1,1,1,0.895531952381134,0.895531952381134,0.10446804016828537,0.895531952381134,19,1,9,zero_shot_paired
276,5,19,13,60,0,1,0,0.8497686982154846,0.8497686982154846,0.1502312868833542,0.8497686982154846,19,1,9,zero_shot_paired
276,6,19,14,60,1,1,1,0.8323878049850464,0.8323878049850464,0.16761213541030884,0.8323878049850464,19,1,9,zero_shot_paired
276,7,19,15,60,1,1,1,0.8566024899482727,0.8566024899482727,0.1433974951505661,0.8566024899482727,19,1,9,zero_shot_paired
276,8,19,16,60,1,1,1,0.7904241681098938,0.7904241681098938,0.209575816988945,0.7904241681098938,19,1,9,zero_shot_paired
276,0,19,0,60,1,1,1,0.543849527835846,0.543849527835846,0.45615044236183167,0.543849527835846,19,1,9,post_calibration
276,1,19,3,60,1,0,0,0.6197590231895447,0.6197590231895447,0.6197590231895447,0.3802410364151001,19,1,9,post_calibration
276,2,19,4,60,1,1,1,0.8244575262069702,0.8244575262069702,0.17554248869419098,0.8244575262069702,19,1,9,post_calibration
276,3,19,8,60,0,0,1,0.5802814364433289,0.5802814364433289,0.5802814364433289,0.41971856355667114,19,1,9,post_calibration
276,4,19,10,60,1,1,1,0.8905629515647888,0.8905629515647888,0.10943706333637238,0.8905629515647888,19,1,9,post_calibration
276,5,19,13,60,0,1,0,0.8423501253128052,0.8423501253128052,0.15764984488487244,0.8423501253128052,19,1,9,post_calibration
276,6,19,14,60,1,1,1,0.8213275074958801,0.8213275074958801,0.1786724478006363,0.8213275074958801,19,1,9,post_calibration
276,7,19,15,60,1,1,1,0.854651689529419,0.854651689529419,0.14534835517406464,0.854651689529419,19,1,9,post_calibration
276,8,19,16,60,1,1,1,0.7877079844474792,0.7877079844474792,0.21229197084903717,0.7877079844474792,19,1,9,post_calibration
277,0,19,1,60,0,1,0,0.7884445190429688,0.7884445190429688,0.21155552566051483,0.7884445190429688,19,2,9,zero_shot_paired
277,1,19,2,60,1,1,1,0.7757402062416077,0.7757402062416077,0.22425976395606995,0.7757402062416077,19,2,9,zero_shot_paired
277,2,19,5,60,1,1,1,0.7521989345550537,0.7521989345550537,0.2478010654449463,0.7521989345550537,19,2,9,zero_shot_paired
277,3,19,6,60,1,0,0,0.6493650078773499,0.6493650078773499,0.6493650078773499,0.35063502192497253,19,2,9,zero_shot_paired
277,4,19,7,60,1,0,0,0.7394194602966309,0.7394194602966309,0.7394194602966309,0.26058050990104675,19,2,9,zero_shot_paired
277,5,19,9,60,0,1,0,0.6653153896331787,0.6653153896331787,0.3346845507621765,0.6653153896331787,19,2,9,zero_shot_paired
277,6,19,11,60,1,1,1,0.8895969986915588,0.8895969986915588,0.11040294170379639,0.8895969986915588,19,2,9,zero_shot_paired
277,7,19,12,60,1,1,1,0.8328323364257812,0.8328323364257812,0.16716766357421875,0.8328323364257812,19,2,9,zero_shot_paired
277,8,19,17,60,1,1,1,0.9204373359680176,0.9204373359680176,0.0795627236366272,0.9204373359680176,19,2,9,zero_shot_paired
277,0,19,1,60,0,1,0,0.7983759641647339,0.7983759641647339,0.20162402093410492,0.7983759641647339,19,2,9,post_calibration
277,1,19,2,60,1,1,1,0.7756857872009277,0.7756857872009277,0.22431421279907227,0.7756857872009277,19,2,9,post_calibration
277,2,19,5,60,1,1,1,0.7641031742095947,0.7641031742095947,0.23589684069156647,0.7641031742095947,19,2,9,post_calibration
277,3,19,6,60,1,0,0,0.6278620958328247,0.6278620958328247,0.6278620958328247,0.3721379041671753,19,2,9,post_calibration
277,4,19,7,60,1,0,0,0.7375541925430298,0.7375541925430298,0.7375541925430298,0.262445867061615,19,2,9,post_calibration
277,5,19,9,60,0,1,0,0.6877824068069458,0.6877824068069458,0.3122176229953766,0.6877824068069458,19,2,9,post_calibration
277,6,19,11,60,1,1,1,0.8998862504959106,0.8998862504959106,0.10011377930641174,0.8998862504959106,19,2,9,post_calibration
277,7,19,12,60,1,1,1,0.8544467687606812,0.8544467687606812,0.14555318653583527,0.8544467687606812,19,2,9,post_calibration
277,8,19,17,60,1,1,1,0.931511640548706,0.931511640548706,0.06848831474781036,0.931511640548706,19,2,9,post_calibration
278,0,19,6,60,1,0,0,0.6493597626686096,0.6493597626686096,0.6493597626686096,0.3506402373313904,19,1,12,zero_shot_paired
278,1,19,8,60,0,0,1,0.5892419219017029,0.5892419219017029,0.5892419219017029,0.4107581377029419,19,1,12,zero_shot_paired
278,2,19,10,60,1,1,1,0.8954384326934814,0.8954384326934814,0.10456158965826035,0.8954384326934814,19,1,12,zero_shot_paired
278,3,19,14,60,1,1,1,0.8323718905448914,0.8323718905448914,0.16762810945510864,0.8323718905448914,19,1,12,zero_shot_paired
278,4,19,16,60,1,1,1,0.7905303239822388,0.7905303239822388,0.20946967601776123,0.7905303239822388,19,1,12,zero_shot_paired
278,5,19,17,60,1,1,1,0.920415997505188,0.920415997505188,0.07958395779132843,0.920415997505188,19,1,12,zero_shot_paired
278,0,19,6,60,1,0,0,0.6130483746528625,0.6130483746528625,0.6130483746528625,0.3869516849517822,19,1,12,post_calibration
278,1,19,8,60,0,0,1,0.5347207188606262,0.5347207188606262,0.5347207188606262,0.46527931094169617,19,1,12,post_calibration
278,2,19,10,60,1,1,1,0.8961754441261292,0.8961754441261292,0.10382456332445145,0.8961754441261292,19,1,12,post_calibration
278,3,19,14,60,1,1,1,0.8418866395950317,0.8418866395950317,0.15811342000961304,0.8418866395950317,19,1,12,post_calibration
278,4,19,16,60,1,1,1,0.7870246767997742,0.7870246767997742,0.21297533810138702,0.7870246767997742,19,1,12,post_calibration
278,5,19,17,60,1,1,1,0.9240974187850952,0.9240974187850952,0.07590258866548538,0.9240974187850952,19,1,12,post_calibration
279,0,19,3,60,1,0,0,0.6221831440925598,0.6221831440925598,0.6221831440925598,0.3778167963027954,19,2,12,zero_shot_paired
279,1,19,5,60,1,1,1,0.752269983291626,0.752269983291626,0.24772998690605164,0.752269983291626,19,2,12,zero_shot_paired
279,2,19,6,60,1,0,0,0.6493597626686096,0.6493597626686096,0.6493597626686096,0.3506402373313904,19,2,12,zero_shot_paired
279,3,19,7,60,1,0,0,0.7393297553062439,0.7393297553062439,0.7393297553062439,0.26067018508911133,19,2,12,zero_shot_paired
279,4,19,8,60,0,0,1,0.5892419219017029,0.5892419219017029,0.5892419219017029,0.4107581377029419,19,2,12,zero_shot_paired
279,5,19,10,60,1,1,1,0.8954384326934814,0.8954384326934814,0.10456158965826035,0.8954384326934814,19,2,12,zero_shot_paired
279,0,19,3,60,1,0,0,0.6260491609573364,0.6260491609573364,0.6260491609573364,0.37395086884498596,19,2,12,post_calibration
279,1,19,5,60,1,1,1,0.7540614008903503,0.7540614008903503,0.24593861401081085,0.7540614008903503,19,2,12,post_calibration
279,2,19,6,60,1,0,0,0.6452264189720154,0.6452264189720154,0.6452264189720154,0.35477355122566223,19,2,12,post_calibration
279,3,19,7,60,1,0,0,0.7392578125,0.7392578125,0.7392578125,0.2607422471046448,19,2,12,post_calibration
279,4,19,8,60,0,0,1,0.5827489495277405,0.5827489495277405,0.5827489495277405,0.4172510504722595,19,2,12,post_calibration
279,5,19,10,60,1,1,1,0.8830620050430298,0.8830620050430298,0.11693800985813141,0.8830620050430298,19,2,12,post_calibration
280,0,19,0,60,1,1,1,0.5438552498817444,0.5438552498817444,0.456144779920578,0.5438552498817444,19,3,12,zero_shot_paired
280,1,19,4,60,1,1,1,0.8207120895385742,0.8207120895385742,0.17928794026374817,0.8207120895385742,19,3,12,zero_shot_paired
280,2,19,5,60,1,1,1,0.752269983291626,0.752269983291626,0.24772998690605164,0.752269983291626,19,3,12,zero_shot_paired
280,3,19,9,60,0,1,0,0.6653544902801514,0.6653544902801514,0.33464547991752625,0.6653544902801514,19,3,12,zero_shot_paired
280,4,19,11,60,1,1,1,0.8895715475082397,0.8895715475082397,0.11042841523885727,0.8895715475082397,19,3,12,zero_shot_paired
280,5,19,15,60,1,1,1,0.8565621972084045,0.8565621972084045,0.14343778789043427,0.8565621972084045,19,3,12,zero_shot_paired
280,0,19,0,60,1,1,1,0.5506885647773743,0.5506885647773743,0.44931143522262573,0.5506885647773743,19,3,12,post_calibration
280,1,19,4,60,1,1,1,0.8301621079444885,0.8301621079444885,0.16983787715435028,0.8301621079444885,19,3,12,post_calibration
280,2,19,5,60,1,1,1,0.7687290906906128,0.7687290906906128,0.23127086460590363,0.7687290906906128,19,3,12,post_calibration
280,3,19,9,60,0,1,0,0.6753666400909424,0.6753666400909424,0.32463338971138,0.6753666400909424,19,3,12,post_calibration
280,4,19,11,60,1,1,1,0.8859864473342896,0.8859864473342896,0.11401353031396866,0.8859864473342896,19,3,12,post_calibration
280,5,19,15,60,1,1,1,0.8602645993232727,0.8602645993232727,0.1397353559732437,0.8602645993232727,19,3,12,post_calibration
21,0,20,0,60,0,0,1,0.5016918182373047,0.5016918182373047,0.5016918182373047,0.4983081817626953,20,,,zero_shot_all_trials
21,1,20,1,60,1,1,1,0.6379458904266357,0.6379458904266357,0.36205416917800903,0.6379458904266357,20,,,zero_shot_all_trials
21,2,20,2,60,1,0,0,0.6440449357032776,0.6440449357032776,0.6440449357032776,0.3559550344944,20,,,zero_shot_all_trials
21,3,20,3,60,1,0,0,0.6791970133781433,0.6791970133781433,0.6791970133781433,0.3208029866218567,20,,,zero_shot_all_trials
21,4,20,4,60,1,1,1,0.6070973873138428,0.6070973873138428,0.392902672290802,0.6070973873138428,20,,,zero_shot_all_trials
21,5,20,5,60,1,1,1,0.5165725946426392,0.5165725946426392,0.4834274351596832,0.5165725946426392,20,,,zero_shot_all_trials
21,6,20,6,60,0,0,1,0.8677552938461304,0.8677552938461304,0.8677552938461304,0.13224466145038605,20,,,zero_shot_all_trials
21,7,20,7,60,1,1,1,0.7053332924842834,0.7053332924842834,0.29466670751571655,0.7053332924842834,20,,,zero_shot_all_trials
21,8,20,8,60,1,1,1,0.5699928998947144,0.5699928998947144,0.43000710010528564,0.5699928998947144,20,,,zero_shot_all_trials
21,9,20,9,60,1,0,0,0.8073491454124451,0.8073491454124451,0.8073491454124451,0.19265086948871613,20,,,zero_shot_all_trials
21,10,20,10,60,0,0,1,0.9244989156723022,0.9244989156723022,0.9244989156723022,0.07550114393234253,20,,,zero_shot_all_trials
21,11,20,11,60,1,0,0,0.5179099440574646,0.5179099440574646,0.5179099440574646,0.482090026140213,20,,,zero_shot_all_trials
21,12,20,12,60,1,1,1,0.5857492685317993,0.5857492685317993,0.41425076127052307,0.5857492685317993,20,,,zero_shot_all_trials
21,13,20,13,60,0,0,1,0.7514030933380127,0.7514030933380127,0.7514030933380127,0.2485968917608261,20,,,zero_shot_all_trials
21,14,20,14,60,1,0,0,0.5568665266036987,0.5568665266036987,0.5568665266036987,0.44313347339630127,20,,,zero_shot_all_trials
21,15,20,15,60,1,0,0,0.7653262615203857,0.7653262615203857,0.7653262615203857,0.23467375338077545,20,,,zero_shot_all_trials
21,16,20,16,60,1,1,1,0.6738358736038208,0.6738358736038208,0.3261640965938568,0.6738358736038208,20,,,zero_shot_all_trials
21,17,20,17,60,1,0,0,0.8040863871574402,0.8040863871574402,0.8040863871574402,0.19591358304023743,20,,,zero_shot_all_trials
281,0,20,2,60,1,0,0,0.6440414786338806,0.6440414786338806,0.6440414786338806,0.3559585213661194,20,1,3,zero_shot_paired
281,1,20,3,60,1,0,0,0.6791986227035522,0.6791986227035522,0.6791986227035522,0.32080137729644775,20,1,3,zero_shot_paired
281,2,20,4,60,1,1,1,0.6070973873138428,0.6070973873138428,0.392902672290802,0.6070973873138428,20,1,3,zero_shot_paired
281,3,20,5,60,1,1,1,0.5165764093399048,0.5165764093399048,0.4834235906600952,0.5165764093399048,20,1,3,zero_shot_paired
281,4,20,6,60,0,0,1,0.8677518367767334,0.8677518367767334,0.8677518367767334,0.1322481632232666,20,1,3,zero_shot_paired
281,5,20,7,60,1,1,1,0.7053285837173462,0.7053285837173462,0.2946714460849762,0.7053285837173462,20,1,3,zero_shot_paired
281,6,20,8,60,1,1,1,0.5699854493141174,0.5699854493141174,0.43001458048820496,0.5699854493141174,20,1,3,zero_shot_paired
281,7,20,10,60,0,0,1,0.9244962334632874,0.9244962334632874,0.9244962334632874,0.07550381124019623,20,1,3,zero_shot_paired
281,8,20,11,60,1,0,0,0.5179023146629333,0.5179023146629333,0.5179023146629333,0.4820976257324219,20,1,3,zero_shot_paired
281,9,20,12,60,1,1,1,0.5857455730438232,0.5857455730438232,0.41425442695617676,0.5857455730438232,20,1,3,zero_shot_paired
281,10,20,13,60,0,0,1,0.7514017224311829,0.7514017224311829,0.7514017224311829,0.24859830737113953,20,1,3,zero_shot_paired
281,11,20,14,60,1,0,0,0.5568665266036987,0.5568665266036987,0.5568665266036987,0.44313347339630127,20,1,3,zero_shot_paired
281,12,20,15,60,1,0,0,0.7653262615203857,0.7653262615203857,0.7653262615203857,0.23467375338077545,20,1,3,zero_shot_paired
281,13,20,16,60,1,1,1,0.6738342046737671,0.6738342046737671,0.3261657953262329,0.6738342046737671,20,1,3,zero_shot_paired
281,14,20,17,60,1,0,0,0.8040876388549805,0.8040876388549805,0.8040876388549805,0.19591239094734192,20,1,3,zero_shot_paired
281,0,20,2,60,1,0,0,0.6393104195594788,0.6393104195594788,0.6393104195594788,0.36068958044052124,20,1,3,post_calibration
281,1,20,3,60,1,0,0,0.6815992593765259,0.6815992593765259,0.6815992593765259,0.31840071082115173,20,1,3,post_calibration
281,2,20,4,60,1,1,1,0.6198524832725525,0.6198524832725525,0.3801475167274475,0.6198524832725525,20,1,3,post_calibration
281,3,20,5,60,1,1,1,0.519256591796875,0.519256591796875,0.480743408203125,0.519256591796875,20,1,3,post_calibration
281,4,20,6,60,0,0,1,0.8650273680686951,0.8650273680686951,0.8650273680686951,0.13497266173362732,20,1,3,post_calibration
281,5,20,7,60,1,1,1,0.7066129446029663,0.7066129446029663,0.2933870851993561,0.7066129446029663,20,1,3,post_calibration
281,6,20,8,60,1,1,1,0.57829749584198,0.57829749584198,0.42170250415802,0.57829749584198,20,1,3,post_calibration
281,7,20,10,60,0,0,1,0.9218487739562988,0.9218487739562988,0.9218487739562988,0.07815124094486237,20,1,3,post_calibration
281,8,20,11,60,1,0,0,0.5210371017456055,0.5210371017456055,0.5210371017456055,0.4789629280567169,20,1,3,post_calibration
281,9,20,12,60,1,1,1,0.5986714959144592,0.5986714959144592,0.4013284742832184,0.5986714959144592,20,1,3,post_calibration
281,10,20,13,60,0,0,1,0.7453057169914246,0.7453057169914246,0.7453057169914246,0.2546943128108978,20,1,3,post_calibration
281,11,20,14,60,1,0,0,0.540770411491394,0.540770411491394,0.540770411491394,0.45922961831092834,20,1,3,post_calibration
281,12,20,15,60,1,0,0,0.7568914294242859,0.7568914294242859,0.7568914294242859,0.2431086003780365,20,1,3,post_calibration
281,13,20,16,60,1,1,1,0.6722140312194824,0.6722140312194824,0.3277859687805176,0.6722140312194824,20,1,3,post_calibration
281,14,20,17,60,1,0,0,0.7975260019302368,0.7975260019302368,0.7975260019302368,0.20247399806976318,20,1,3,post_calibration
282,0,20,0,60,0,0,1,0.5016918182373047,0.5016918182373047,0.5016918182373047,0.4983081817626953,20,2,3,zero_shot_paired
282,1,20,1,60,1,1,1,0.637940526008606,0.637940526008606,0.36205941438674927,0.637940526008606,20,2,3,zero_shot_paired
282,2,20,2,60,1,0,0,0.6440432667732239,0.6440432667732239,0.6440432667732239,0.3559567928314209,20,2,3,zero_shot_paired
282,3,20,3,60,1,0,0,0.6792020201683044,0.6792020201683044,0.6792020201683044,0.32079803943634033,20,2,3,zero_shot_paired
282,4,20,6,60,0,0,1,0.8677501082420349,0.8677501082420349,0.8677501082420349,0.13224992156028748,20,2,3,zero_shot_paired
282,5,20,7,60,1,1,1,0.7053222060203552,0.7053222060203552,0.2946777939796448,0.7053222060203552,20,2,3,zero_shot_paired
282,6,20,8,60,1,1,1,0.569998562335968,0.569998562335968,0.43000149726867676,0.569998562335968,20,2,3,zero_shot_paired
282,7,20,9,60,1,0,0,0.8073586225509644,0.8073586225509644,0.8073586225509644,0.19264139235019684,20,2,3,zero_shot_paired
282,8,20,11,60,1,0,0,0.5179175734519958,0.5179175734519958,0.5179175734519958,0.48208242654800415,20,2,3,zero_shot_paired
282,9,20,12,60,1,1,1,0.5857325792312622,0.5857325792312622,0.4142674207687378,0.5857325792312622,20,2,3,zero_shot_paired
282,10,20,13,60,0,0,1,0.7514030933380127,0.7514030933380127,0.7514030933380127,0.2485968917608261,20,2,3,zero_shot_paired
282,11,20,14,60,1,0,0,0.5568627715110779,0.5568627715110779,0.5568627715110779,0.4431372284889221,20,2,3,zero_shot_paired
282,12,20,15,60,1,0,0,0.7653194069862366,0.7653194069862366,0.7653194069862366,0.23468057811260223,20,2,3,zero_shot_paired
282,13,20,16,60,1,1,1,0.6738224625587463,0.6738224625587463,0.3261775076389313,0.6738224625587463,20,2,3,zero_shot_paired
282,14,20,17,60,1,0,0,0.8040792346000671,0.8040792346000671,0.8040792346000671,0.19592079520225525,20,2,3,zero_shot_paired
282,0,20,0,60,0,0,1,0.5019073486328125,0.5019073486328125,0.5019073486328125,0.4980926811695099,20,2,3,post_calibration
282,1,20,1,60,1,1,1,0.6428442001342773,0.6428442001342773,0.35715577006340027,0.6428442001342773,20,2,3,post_calibration
282,2,20,2,60,1,0,0,0.6494570374488831,0.6494570374488831,0.6494570374488831,0.35054290294647217,20,2,3,post_calibration
282,3,20,3,60,1,0,0,0.6815164685249329,0.6815164685249329,0.6815164685249329,0.31848347187042236,20,2,3,post_calibration
282,4,20,6,60,0,0,1,0.8693622946739197,0.8693622946739197,0.8693622946739197,0.13063767552375793,20,2,3,post_calibration
282,5,20,7,60,1,1,1,0.7027372717857361,0.7027372717857361,0.29726269841194153,0.7027372717857361,20,2,3,post_calibration
282,6,20,8,60,1,1,1,0.576024055480957,0.576024055480957,0.42397594451904297,0.576024055480957,20,2,3,post_calibration
282,7,20,9,60,1,0,0,0.8085058331489563,0.8085058331489563,0.8085058331489563,0.1914941668510437,20,2,3,post_calibration
282,8,20,11,60,1,0,0,0.5206048488616943,0.5206048488616943,0.5206048488616943,0.47939515113830566,20,2,3,post_calibration
282,9,20,12,60,1,1,1,0.5888595581054688,0.5888595581054688,0.41114041209220886,0.5888595581054688,20,2,3,post_calibration
282,10,20,13,60,0,0,1,0.748613715171814,0.748613715171814,0.748613715171814,0.2513863146305084,20,2,3,post_calibration
282,11,20,14,60,1,0,0,0.5533242225646973,0.5533242225646973,0.5533242225646973,0.44667571783065796,20,2,3,post_calibration
282,12,20,15,60,1,0,0,0.7661719918251038,0.7661719918251038,0.7661719918251038,0.23382797837257385,20,2,3,post_calibration
282,13,20,16,60,1,1,1,0.6684644818305969,0.6684644818305969,0.33153554797172546,0.6684644818305969,20,2,3,post_calibration
282,14,20,17,60,1,0,0,0.8011518716812134,0.8011518716812134,0.8011518716812134,0.1988481879234314,20,2,3,post_calibration
283,0,20,0,60,0,0,1,0.5016918182373047,0.5016918182373047,0.5016918182373047,0.4983081817626953,20,3,3,zero_shot_paired
283,1,20,1,60,1,1,1,0.637940526008606,0.637940526008606,0.36205941438674927,0.637940526008606,20,3,3,zero_shot_paired
283,2,20,2,60,1,0,0,0.6440432667732239,0.6440432667732239,0.6440432667732239,0.3559567928314209,20,3,3,zero_shot_paired
283,3,20,3,60,1,0,0,0.6792020201683044,0.6792020201683044,0.6792020201683044,0.32079803943634033,20,3,3,zero_shot_paired
283,4,20,4,60,1,1,1,0.6071009635925293,0.6071009635925293,0.3928989768028259,0.6071009635925293,20,3,3,zero_shot_paired
283,5,20,5,60,1,1,1,0.5165687799453735,0.5165687799453735,0.4834311902523041,0.5165687799453735,20,3,3,zero_shot_paired
283,6,20,6,60,0,0,1,0.8677501082420349,0.8677501082420349,0.8677501082420349,0.13224992156028748,20,3,3,zero_shot_paired
283,7,20,7,60,1,1,1,0.7053222060203552,0.7053222060203552,0.2946777939796448,0.7053222060203552,20,3,3,zero_shot_paired
283,8,20,9,60,1,0,0,0.8073586225509644,0.8073586225509644,0.8073586225509644,0.19264139235019684,20,3,3,zero_shot_paired
283,9,20,10,60,0,0,1,0.9244977831840515,0.9244977831840515,0.9244977831840515,0.07550220191478729,20,3,3,zero_shot_paired
283,10,20,12,60,1,1,1,0.5857325792312622,0.5857325792312622,0.4142674207687378,0.5857325792312622,20,3,3,zero_shot_paired
283,11,20,13,60,0,0,1,0.7514030933380127,0.7514030933380127,0.7514030933380127,0.2485968917608261,20,3,3,zero_shot_paired
283,12,20,14,60,1,0,0,0.5568627715110779,0.5568627715110779,0.5568627715110779,0.4431372284889221,20,3,3,zero_shot_paired
283,13,20,15,60,1,0,0,0.7653194069862366,0.7653194069862366,0.7653194069862366,0.23468057811260223,20,3,3,zero_shot_paired
283,14,20,17,60,1,0,0,0.8040792346000671,0.8040792346000671,0.8040792346000671,0.19592079520225525,20,3,3,zero_shot_paired
283,0,20,0,60,0,1,0,0.5043638944625854,0.5043638944625854,0.49563610553741455,0.5043638944625854,20,3,3,post_calibration
283,1,20,1,60,1,1,1,0.6315162181854248,0.6315162181854248,0.3684838116168976,0.6315162181854248,20,3,3,post_calibration
283,2,20,2,60,1,0,0,0.6230435967445374,0.6230435967445374,0.6230435967445374,0.37695634365081787,20,3,3,post_calibration
283,3,20,3,60,1,0,0,0.6691573262214661,0.6691573262214661,0.6691573262214661,0.33084264397621155,20,3,3,post_calibration
283,4,20,4,60,1,1,1,0.6195647716522217,0.6195647716522217,0.38043519854545593,0.6195647716522217,20,3,3,post_calibration
283,5,20,5,60,1,1,1,0.5200526118278503,0.5200526118278503,0.47994738817214966,0.5200526118278503,20,3,3,post_calibration
283,6,20,6,60,0,0,1,0.8620216846466064,0.8620216846466064,0.8620216846466064,0.13797833025455475,20,3,3,post_calibration
283,7,20,7,60,1,1,1,0.7200362086296082,0.7200362086296082,0.27996379137039185,0.7200362086296082,20,3,3,post_calibration
283,8,20,9,60,1,0,0,0.7990763187408447,0.7990763187408447,0.7990763187408447,0.20092366635799408,20,3,3,post_calibration
283,9,20,10,60,0,0,1,0.9208897948265076,0.9208897948265076,0.9208897948265076,0.07911022007465363,20,3,3,post_calibration
283,10,20,12,60,1,1,1,0.5931527614593506,0.5931527614593506,0.4068472385406494,0.5931527614593506,20,3,3,post_calibration
283,11,20,13,60,0,0,1,0.7331803441047668,0.7331803441047668,0.7331803441047668,0.26681971549987793,20,3,3,post_calibration
283,12,20,14,60,1,0,0,0.5521888136863708,0.5521888136863708,0.5521888136863708,0.44781118631362915,20,3,3,post_calibration
283,13,20,15,60,1,0,0,0.7402565479278564,0.7402565479278564,0.7402565479278564,0.25974348187446594,20,3,3,post_calibration
283,14,20,17,60,1,0,0,0.8084892630577087,0.8084892630577087,0.8084892630577087,0.19151069223880768,20,3,3,post_calibration
284,0,20,0,60,0,0,1,0.5016918182373047,0.5016918182373047,0.5016918182373047,0.4983081817626953,20,4,3,zero_shot_paired
284,1,20,1,60,1,1,1,0.637940526008606,0.637940526008606,0.36205941438674927,0.637940526008606,20,4,3,zero_shot_paired
284,2,20,3,60,1,0,0,0.6792020201683044,0.6792020201683044,0.6792020201683044,0.32079803943634033,20,4,3,zero_shot_paired
284,3,20,4,60,1,1,1,0.6071009635925293,0.6071009635925293,0.3928989768028259,0.6071009635925293,20,4,3,zero_shot_paired
284,4,20,5,60,1,1,1,0.5165687799453735,0.5165687799453735,0.4834311902523041,0.5165687799453735,20,4,3,zero_shot_paired
284,5,20,6,60,0,0,1,0.8677501082420349,0.8677501082420349,0.8677501082420349,0.13224992156028748,20,4,3,zero_shot_paired
284,6,20,7,60,1,1,1,0.7053222060203552,0.7053222060203552,0.2946777939796448,0.7053222060203552,20,4,3,zero_shot_paired
284,7,20,8,60,1,1,1,0.569998562335968,0.569998562335968,0.43000149726867676,0.569998562335968,20,4,3,zero_shot_paired
284,8,20,9,60,1,0,0,0.8073586225509644,0.8073586225509644,0.8073586225509644,0.19264139235019684,20,4,3,zero_shot_paired
284,9,20,10,60,0,0,1,0.9244977831840515,0.9244977831840515,0.9244977831840515,0.07550220191478729,20,4,3,zero_shot_paired
284,10,20,11,60,1,0,0,0.5179175734519958,0.5179175734519958,0.5179175734519958,0.48208242654800415,20,4,3,zero_shot_paired
284,11,20,12,60,1,1,1,0.5857325792312622,0.5857325792312622,0.4142674207687378,0.5857325792312622,20,4,3,zero_shot_paired
284,12,20,14,60,1,0,0,0.5568627715110779,0.5568627715110779,0.5568627715110779,0.4431372284889221,20,4,3,zero_shot_paired
284,13,20,15,60,1,0,0,0.7653194069862366,0.7653194069862366,0.7653194069862366,0.23468057811260223,20,4,3,zero_shot_paired
284,14,20,16,60,1,1,1,0.6738224625587463,0.6738224625587463,0.3261775076389313,0.6738224625587463,20,4,3,zero_shot_paired
284,0,20,0,60,0,1,0,0.5063625574111938,0.5063625574111938,0.49363744258880615,0.5063625574111938,20,4,3,post_calibration
284,1,20,1,60,1,1,1,0.6508435606956482,0.6508435606956482,0.3491564095020294,0.6508435606956482,20,4,3,post_calibration
284,2,20,3,60,1,0,0,0.6752846240997314,0.6752846240997314,0.6752846240997314,0.32471534609794617,20,4,3,post_calibration
284,3,20,4,60,1,1,1,0.616268515586853,0.616268515586853,0.38373151421546936,0.616268515586853,20,4,3,post_calibration
284,4,20,5,60,1,1,1,0.5349371433258057,0.5349371433258057,0.4650629162788391,0.5349371433258057,20,4,3,post_calibration
284,5,20,6,60,0,0,1,0.8601242899894714,0.8601242899894714,0.8601242899894714,0.13987575471401215,20,4,3,post_calibration
284,6,20,7,60,1,1,1,0.707309901714325,0.707309901714325,0.29269006848335266,0.707309901714325,20,4,3,post_calibration
284,7,20,8,60,1,1,1,0.5754967331886292,0.5754967331886292,0.42450329661369324,0.5754967331886292,20,4,3,post_calibration
284,8,20,9,60,1,0,0,0.7973522543907166,0.7973522543907166,0.7973522543907166,0.20264776051044464,20,4,3,post_calibration
284,9,20,10,60,0,0,1,0.9185259342193604,0.9185259342193604,0.9185259342193604,0.08147405833005905,20,4,3,post_calibration
284,10,20,11,60,1,0,0,0.5147014260292053,0.5147014260292053,0.5147014260292053,0.4852985739707947,20,4,3,post_calibration
284,11,20,12,60,1,1,1,0.5926628708839417,0.5926628708839417,0.40733709931373596,0.5926628708839417,20,4,3,post_calibration
284,12,20,14,60,1,0,0,0.5392675995826721,0.5392675995826721,0.5392675995826721,0.46073243021965027,20,4,3,post_calibration
284,13,20,15,60,1,0,0,0.7495357990264893,0.7495357990264893,0.7495357990264893,0.25046420097351074,20,4,3,post_calibration
284,14,20,16,60,1,1,1,0.6890964508056641,0.6890964508056641,0.3109035789966583,0.6890964508056641,20,4,3,post_calibration
285,0,20,0,60,0,0,1,0.5016918182373047,0.5016918182373047,0.5016918182373047,0.4983081817626953,20,5,3,zero_shot_paired
285,1,20,1,60,1,1,1,0.637940526008606,0.637940526008606,0.36205941438674927,0.637940526008606,20,5,3,zero_shot_paired
285,2,20,2,60,1,0,0,0.6440432667732239,0.6440432667732239,0.6440432667732239,0.3559567928314209,20,5,3,zero_shot_paired
285,3,20,3,60,1,0,0,0.6792020201683044,0.6792020201683044,0.6792020201683044,0.32079803943634033,20,5,3,zero_shot_paired
285,4,20,4,60,1,1,1,0.6071009635925293,0.6071009635925293,0.3928989768028259,0.6071009635925293,20,5,3,zero_shot_paired
285,5,20,5,60,1,1,1,0.5165687799453735,0.5165687799453735,0.4834311902523041,0.5165687799453735,20,5,3,zero_shot_paired
285,6,20,8,60,1,1,1,0.569998562335968,0.569998562335968,0.43000149726867676,0.569998562335968,20,5,3,zero_shot_paired
285,7,20,9,60,1,0,0,0.8073586225509644,0.8073586225509644,0.8073586225509644,0.19264139235019684,20,5,3,zero_shot_paired
285,8,20,10,60,0,0,1,0.9244977831840515,0.9244977831840515,0.9244977831840515,0.07550220191478729,20,5,3,zero_shot_paired
285,9,20,11,60,1,0,0,0.5179175734519958,0.5179175734519958,0.5179175734519958,0.48208242654800415,20,5,3,zero_shot_paired
285,10,20,13,60,0,0,1,0.7514030933380127,0.7514030933380127,0.7514030933380127,0.2485968917608261,20,5,3,zero_shot_paired
285,11,20,14,60,1,0,0,0.5568627715110779,0.5568627715110779,0.5568627715110779,0.4431372284889221,20,5,3,zero_shot_paired
285,12,20,15,60,1,0,0,0.7653194069862366,0.7653194069862366,0.7653194069862366,0.23468057811260223,20,5,3,zero_shot_paired
285,13,20,16,60,1,1,1,0.6738224625587463,0.6738224625587463,0.3261775076389313,0.6738224625587463,20,5,3,zero_shot_paired
285,14,20,17,60,1,0,0,0.8040792346000671,0.8040792346000671,0.8040792346000671,0.19592079520225525,20,5,3,zero_shot_paired
285,0,20,0,60,0,0,1,0.5006141662597656,0.5006141662597656,0.5006141662597656,0.49938586354255676,20,5,3,post_calibration
285,1,20,1,60,1,1,1,0.6455302834510803,0.6455302834510803,0.3544697165489197,0.6455302834510803,20,5,3,post_calibration
285,2,20,2,60,1,0,0,0.6436233520507812,0.6436233520507812,0.6436233520507812,0.35637664794921875,20,5,3,post_calibration
285,3,20,3,60,1,0,0,0.6796888113021851,0.6796888113021851,0.6796888113021851,0.32031115889549255,20,5,3,post_calibration
285,4,20,4,60,1,1,1,0.6174802184104919,0.6174802184104919,0.38251984119415283,0.6174802184104919,20,5,3,post_calibration
285,5,20,5,60,1,1,1,0.520001232624054,0.520001232624054,0.47999879717826843,0.520001232624054,20,5,3,post_calibration
285,6,20,8,60,1,1,1,0.5776554346084595,0.5776554346084595,0.42234453558921814,0.5776554346084595,20,5,3,post_calibration
285,7,20,9,60,1,0,0,0.8049850463867188,0.8049850463867188,0.8049850463867188,0.19501493871212006,20,5,3,post_calibration
285,8,20,10,60,0,0,1,0.9248967170715332,0.9248967170715332,0.9248967170715332,0.07510323822498322,20,5,3,post_calibration
285,9,20,11,60,1,0,0,0.5161057710647583,0.5161057710647583,0.5161057710647583,0.4838941991329193,20,5,3,post_calibration
285,10,20,13,60,0,0,1,0.7436482310295105,0.7436482310295105,0.7436482310295105,0.2563517391681671,20,5,3,post_calibration
285,11,20,14,60,1,0,0,0.5487037301063538,0.5487037301063538,0.5487037301063538,0.45129629969596863,20,5,3,post_calibration
285,12,20,15,60,1,0,0,0.7652015686035156,0.7652015686035156,0.7652015686035156,0.23479846119880676,20,5,3,post_calibration
285,13,20,16,60,1,1,1,0.6691505908966064,0.6691505908966064,0.33084943890571594,0.6691505908966064,20,5,3,post_calibration
285,14,20,17,60,1,0,0,0.8028576374053955,0.8028576374053955,0.8028576374053955,0.19714239239692688,20,5,3,post_calibration
286,0,20,0,60,0,0,1,0.5016918182373047,0.5016918182373047,0.5016918182373047,0.4983081817626953,20,6,3,zero_shot_paired
286,1,20,1,60,1,1,1,0.637940526008606,0.637940526008606,0.36205941438674927,0.637940526008606,20,6,3,zero_shot_paired
286,2,20,2,60,1,0,0,0.6440432667732239,0.6440432667732239,0.6440432667732239,0.3559567928314209,20,6,3,zero_shot_paired
286,3,20,4,60,1,1,1,0.6071009635925293,0.6071009635925293,0.3928989768028259,0.6071009635925293,20,6,3,zero_shot_paired
286,4,20,5,60,1,1,1,0.5165687799453735,0.5165687799453735,0.4834311902523041,0.5165687799453735,20,6,3,zero_shot_paired
286,5,20,6,60,0,0,1,0.8677501082420349,0.8677501082420349,0.8677501082420349,0.13224992156028748,20,6,3,zero_shot_paired
286,6,20,7,60,1,1,1,0.7053222060203552,0.7053222060203552,0.2946777939796448,0.7053222060203552,20,6,3,zero_shot_paired
286,7,20,8,60,1,1,1,0.569998562335968,0.569998562335968,0.43000149726867676,0.569998562335968,20,6,3,zero_shot_paired
286,8,20,9,60,1,0,0,0.8073586225509644,0.8073586225509644,0.8073586225509644,0.19264139235019684,20,6,3,zero_shot_paired
286,9,20,10,60,0,0,1,0.9244977831840515,0.9244977831840515,0.9244977831840515,0.07550220191478729,20,6,3,zero_shot_paired
286,10,20,11,60,1,0,0,0.5179175734519958,0.5179175734519958,0.5179175734519958,0.48208242654800415,20,6,3,zero_shot_paired
286,11,20,12,60,1,1,1,0.5857325792312622,0.5857325792312622,0.4142674207687378,0.5857325792312622,20,6,3,zero_shot_paired
286,12,20,13,60,0,0,1,0.7514030933380127,0.7514030933380127,0.7514030933380127,0.2485968917608261,20,6,3,zero_shot_paired
286,13,20,16,60,1,1,1,0.6738224625587463,0.6738224625587463,0.3261775076389313,0.6738224625587463,20,6,3,zero_shot_paired
286,14,20,17,60,1,0,0,0.8040792346000671,0.8040792346000671,0.8040792346000671,0.19592079520225525,20,6,3,zero_shot_paired
286,0,20,0,60,0,1,0,0.5014514327049255,0.5014514327049255,0.4985485076904297,0.5014514327049255,20,6,3,post_calibration
286,1,20,1,60,1,1,1,0.6459090113639832,0.6459090113639832,0.35409098863601685,0.6459090113639832,20,6,3,post_calibration
286,2,20,2,60,1,0,0,0.6245333552360535,0.6245333552360535,0.6245333552360535,0.3754667043685913,20,6,3,post_calibration
286,3,20,4,60,1,1,1,0.6132166385650635,0.6132166385650635,0.3867833614349365,0.6132166385650635,20,6,3,post_calibration
286,4,20,5,60,1,1,1,0.5371058583259583,0.5371058583259583,0.46289414167404175,0.5371058583259583,20,6,3,post_calibration
286,5,20,6,60,0,0,1,0.8624403476715088,0.8624403476715088,0.8624403476715088,0.13755960762500763,20,6,3,post_calibration
286,6,20,7,60,1,1,1,0.7153897881507874,0.7153897881507874,0.28461015224456787,0.7153897881507874,20,6,3,post_calibration
286,7,20,8,60,1,1,1,0.5863267183303833,0.5863267183303833,0.4136732816696167,0.5863267183303833,20,6,3,post_calibration
286,8,20,9,60,1,0,0,0.7945381999015808,0.7945381999015808,0.7945381999015808,0.20546181499958038,20,6,3,post_calibration
286,9,20,10,60,0,0,1,0.9200464487075806,0.9200464487075806,0.9200464487075806,0.07995358109474182,20,6,3,post_calibration
286,10,20,11,60,1,1,1,0.500335693359375,0.500335693359375,0.4996642768383026,0.500335693359375,20,6,3,post_calibration
286,11,20,12,60,1,1,1,0.5931822061538696,0.5931822061538696,0.406817764043808,0.5931822061538696,20,6,3,post_calibration
286,12,20,13,60,0,0,1,0.732872724533081,0.732872724533081,0.732872724533081,0.26712727546691895,20,6,3,post_calibration
286,13,20,16,60,1,1,1,0.6949079632759094,0.6949079632759094,0.30509206652641296,0.6949079632759094,20,6,3,post_calibration
286,14,20,17,60,1,0,0,0.7923362255096436,0.7923362255096436,0.7923362255096436,0.20766377449035645,20,6,3,post_calibration
287,0,20,0,60,0,0,1,0.5016918182373047,0.5016918182373047,0.5016918182373047,0.4983081817626953,20,1,6,zero_shot_paired
287,1,20,3,60,1,0,0,0.6792020201683044,0.6792020201683044,0.6792020201683044,0.32079803943634033,20,1,6,zero_shot_paired
287,2,20,4,60,1,1,1,0.6071009635925293,0.6071009635925293,0.3928989768028259,0.6071009635925293,20,1,6,zero_shot_paired
287,3,20,5,60,1,1,1,0.5165687799453735,0.5165687799453735,0.4834311902523041,0.5165687799453735,20,1,6,zero_shot_paired
287,4,20,6,60,0,0,1,0.8677501082420349,0.8677501082420349,0.8677501082420349,0.13224992156028748,20,1,6,zero_shot_paired
287,5,20,9,60,1,0,0,0.8073586225509644,0.8073586225509644,0.8073586225509644,0.19264139235019684,20,1,6,zero_shot_paired
287,6,20,11,60,1,0,0,0.5179175734519958,0.5179175734519958,0.5179175734519958,0.48208242654800415,20,1,6,zero_shot_paired
287,7,20,12,60,1,1,1,0.5857325792312622,0.5857325792312622,0.4142674207687378,0.5857325792312622,20,1,6,zero_shot_paired
287,8,20,13,60,0,0,1,0.7514030933380127,0.7514030933380127,0.7514030933380127,0.2485968917608261,20,1,6,zero_shot_paired
287,9,20,14,60,1,0,0,0.5568627715110779,0.5568627715110779,0.5568627715110779,0.4431372284889221,20,1,6,zero_shot_paired
287,10,20,16,60,1,1,1,0.6738224625587463,0.6738224625587463,0.3261775076389313,0.6738224625587463,20,1,6,zero_shot_paired
287,11,20,17,60,1,0,0,0.8040792346000671,0.8040792346000671,0.8040792346000671,0.19592079520225525,20,1,6,zero_shot_paired
287,0,20,0,60,0,1,0,0.5032691359519958,0.5032691359519958,0.49673083424568176,0.5032691359519958,20,1,6,post_calibration
287,1,20,3,60,1,0,0,0.6736665368080139,0.6736665368080139,0.6736665368080139,0.32633349299430847,20,1,6,post_calibration
287,2,20,4,60,1,1,1,0.613171398639679,0.613171398639679,0.38682854175567627,0.613171398639679,20,1,6,post_calibration
287,3,20,5,60,1,1,1,0.52863609790802,0.52863609790802,0.47136393189430237,0.52863609790802,20,1,6,post_calibration
287,4,20,6,60,0,0,1,0.858990490436554,0.858990490436554,0.858990490436554,0.14100952446460724,20,1,6,post_calibration
287,5,20,9,60,1,0,0,0.789676308631897,0.789676308631897,0.789676308631897,0.21032370626926422,20,1,6,post_calibration
287,6,20,11,60,1,0,0,0.5030497908592224,0.5030497908592224,0.5030497908592224,0.4969501793384552,20,1,6,post_calibration
287,7,20,12,60,1,1,1,0.5871536731719971,0.5871536731719971,0.4128463864326477,0.5871536731719971,20,1,6,post_calibration
287,8,20,13,60,0,0,1,0.7318453788757324,0.7318453788757324,0.7318453788757324,0.2681546211242676,20,1,6,post_calibration
287,9,20,14,60,1,0,0,0.5534223318099976,0.5534223318099976,0.5534223318099976,0.44657766819000244,20,1,6,post_calibration
287,10,20,16,60,1,1,1,0.7026942372322083,0.7026942372322083,0.29730576276779175,0.7026942372322083,20,1,6,post_calibration
287,11,20,17,60,1,0,0,0.798729419708252,0.798729419708252,0.798729419708252,0.20127056539058685,20,1,6,post_calibration
288,0,20,1,60,1,1,1,0.637940526008606,0.637940526008606,0.36205941438674927,0.637940526008606,20,2,6,zero_shot_paired
288,1,20,2,60,1,0,0,0.6440432667732239,0.6440432667732239,0.6440432667732239,0.3559567928314209,20,2,6,zero_shot_paired
288,2,20,5,60,1,1,1,0.5165687799453735,0.5165687799453735,0.4834311902523041,0.5165687799453735,20,2,6,zero_shot_paired
288,3,20,7,60,1,1,1,0.7053222060203552,0.7053222060203552,0.2946777939796448,0.7053222060203552,20,2,6,zero_shot_paired
288,4,20,8,60,1,1,1,0.569998562335968,0.569998562335968,0.43000149726867676,0.569998562335968,20,2,6,zero_shot_paired
288,5,20,9,60,1,0,0,0.8073586225509644,0.8073586225509644,0.8073586225509644,0.19264139235019684,20,2,6,zero_shot_paired
288,6,20,10,60,0,0,1,0.9244977831840515,0.9244977831840515,0.9244977831840515,0.07550220191478729,20,2,6,zero_shot_paired
288,7,20,13,60,0,0,1,0.7514030933380127,0.7514030933380127,0.7514030933380127,0.2485968917608261,20,2,6,zero_shot_paired
288,8,20,14,60,1,0,0,0.5568627715110779,0.5568627715110779,0.5568627715110779,0.4431372284889221,20,2,6,zero_shot_paired
288,9,20,15,60,1,0,0,0.7653194069862366,0.7653194069862366,0.7653194069862366,0.23468057811260223,20,2,6,zero_shot_paired
288,10,20,16,60,1,1,1,0.6738224625587463,0.6738224625587463,0.3261775076389313,0.6738224625587463,20,2,6,zero_shot_paired
288,11,20,17,60,1,0,0,0.8040792346000671,0.8040792346000671,0.8040792346000671,0.19592079520225525,20,2,6,zero_shot_paired
288,0,20,1,60,1,1,1,0.6335838437080383,0.6335838437080383,0.3664161264896393,0.6335838437080383,20,2,6,post_calibration
288,1,20,2,60,1,0,0,0.6386064291000366,0.6386064291000366,0.6386064291000366,0.36139360070228577,20,2,6,post_calibration
288,2,20,5,60,1,1,1,0.5174984931945801,0.5174984931945801,0.48250147700309753,0.5174984931945801,20,2,6,post_calibration
288,3,20,7,60,1,1,1,0.7178903818130493,0.7178903818130493,0.28210964798927307,0.7178903818130493,20,2,6,post_calibration
288,4,20,8,60,1,1,1,0.5818953514099121,0.5818953514099121,0.4181046783924103,0.5818953514099121,20,2,6,post_calibration
288,5,20,9,60,1,0,0,0.8060153722763062,0.8060153722763062,0.8060153722763062,0.19398459792137146,20,2,6,post_calibration
288,6,20,10,60,0,0,1,0.9251739978790283,0.9251739978790283,0.9251739978790283,0.07482600212097168,20,2,6,post_calibration
288,7,20,13,60,0,0,1,0.7215853333473206,0.7215853333473206,0.7215853333473206,0.27841463685035706,20,2,6,post_calibration
288,8,20,14,60,1,0,0,0.5550772547721863,0.5550772547721863,0.5550772547721863,0.4449227452278137,20,2,6,post_calibration
288,9,20,15,60,1,0,0,0.7607700824737549,0.7607700824737549,0.7607700824737549,0.23922991752624512,20,2,6,post_calibration
288,10,20,16,60,1,1,1,0.6816025972366333,0.6816025972366333,0.3183974027633667,0.6816025972366333,20,2,6,post_calibration
288,11,20,17,60,1,0,0,0.8079535961151123,0.8079535961151123,0.8079535961151123,0.1920464038848877,20,2,6,post_calibration
289,0,20,0,60,0,0,1,0.5016918182373047,0.5016918182373047,0.5016918182373047,0.4983081817626953,20,3,6,zero_shot_paired
289,1,20,1,60,1,1,1,0.637940526008606,0.637940526008606,0.36205941438674927,0.637940526008606,20,3,6,zero_shot_paired
289,2,20,2,60,1,0,0,0.6440432667732239,0.6440432667732239,0.6440432667732239,0.3559567928314209,20,3,6,zero_shot_paired
289,3,20,3,60,1,0,0,0.6792020201683044,0.6792020201683044,0.6792020201683044,0.32079803943634033,20,3,6,zero_shot_paired
289,4,20,4,60,1,1,1,0.6071009635925293,0.6071009635925293,0.3928989768028259,0.6071009635925293,20,3,6,zero_shot_paired
289,5,20,6,60,0,0,1,0.8677501082420349,0.8677501082420349,0.8677501082420349,0.13224992156028748,20,3,6,zero_shot_paired
289,6,20,7,60,1,1,1,0.7053222060203552,0.7053222060203552,0.2946777939796448,0.7053222060203552,20,3,6,zero_shot_paired
289,7,20,8,60,1,1,1,0.569998562335968,0.569998562335968,0.43000149726867676,0.569998562335968,20,3,6,zero_shot_paired
289,8,20,10,60,0,0,1,0.9244977831840515,0.9244977831840515,0.9244977831840515,0.07550220191478729,20,3,6,zero_shot_paired
289,9,20,11,60,1,0,0,0.5179175734519958,0.5179175734519958,0.5179175734519958,0.48208242654800415,20,3,6,zero_shot_paired
289,10,20,12,60,1,1,1,0.5857325792312622,0.5857325792312622,0.4142674207687378,0.5857325792312622,20,3,6,zero_shot_paired
289,11,20,15,60,1,0,0,0.7653194069862366,0.7653194069862366,0.7653194069862366,0.23468057811260223,20,3,6,zero_shot_paired
289,0,20,0,60,0,1,0,0.5111313462257385,0.5111313462257385,0.4888686537742615,0.5111313462257385,20,3,6,post_calibration
289,1,20,1,60,1,1,1,0.6576449275016785,0.6576449275016785,0.34235504269599915,0.6576449275016785,20,3,6,post_calibration
289,2,20,2,60,1,0,0,0.623820960521698,0.623820960521698,0.623820960521698,0.3761789798736572,20,3,6,post_calibration
289,3,20,3,60,1,0,0,0.6791387796401978,0.6791387796401978,0.6791387796401978,0.32086119055747986,20,3,6,post_calibration
289,4,20,4,60,1,1,1,0.6077377796173096,0.6077377796173096,0.3922622799873352,0.6077377796173096,20,3,6,post_calibration
289,5,20,6,60,0,0,1,0.8588425517082214,0.8588425517082214,0.8588425517082214,0.14115743339061737,20,3,6,post_calibration
289,6,20,7,60,1,1,1,0.6983744502067566,0.6983744502067566,0.3016255497932434,0.6983744502067566,20,3,6,post_calibration
289,7,20,8,60,1,1,1,0.585138201713562,0.585138201713562,0.414861798286438,0.585138201713562,20,3,6,post_calibration
289,8,20,10,60,0,0,1,0.9170731902122498,0.9170731902122498,0.9170731902122498,0.08292681723833084,20,3,6,post_calibration
289,9,20,11,60,1,0,0,0.5238066911697388,0.5238066911697388,0.5238066911697388,0.47619330883026123,20,3,6,post_calibration
289,10,20,12,60,1,1,1,0.5893692970275879,0.5893692970275879,0.4106307029724121,0.5893692970275879,20,3,6,post_calibration
289,11,20,15,60,1,0,0,0.7415087819099426,0.7415087819099426,0.7415087819099426,0.258491188287735,20,3,6,post_calibration
290,0,20,0,60,0,0,1,0.5016860961914062,0.5016860961914062,0.5016860961914062,0.49831393361091614,20,1,9,zero_shot_paired
290,1,20,2,60,1,0,0,0.6440414786338806,0.6440414786338806,0.6440414786338806,0.3559585213661194,20,1,9,zero_shot_paired
290,2,20,3,60,1,0,0,0.6792020201683044,0.6792020201683044,0.6792020201683044,0.32079803943634033,20,1,9,zero_shot_paired
290,3,20,4,60,1,1,1,0.6070991158485413,0.6070991158485413,0.39290082454681396,0.6070991158485413,20,1,9,zero_shot_paired
290,4,20,9,60,1,0,0,0.8073633909225464,0.8073633909225464,0.8073633909225464,0.1926366239786148,20,1,9,zero_shot_paired
290,5,20,10,60,0,0,1,0.9244977831840515,0.9244977831840515,0.9244977831840515,0.07550220191478729,20,1,9,zero_shot_paired
290,6,20,11,60,1,0,0,0.5179347395896912,0.5179347395896912,0.5179347395896912,0.4820652902126312,20,1,9,zero_shot_paired
290,7,20,15,60,1,0,0,0.7653207182884216,0.7653207182884216,0.7653207182884216,0.2346792370080948,20,1,9,zero_shot_paired
290,8,20,17,60,1,0,0,0.8040816187858582,0.8040816187858582,0.8040816187858582,0.19591838121414185,20,1,9,zero_shot_paired
290,0,20,0,60,0,1,0,0.5055825710296631,0.5055825710296631,0.4944174289703369,0.5055825710296631,20,1,9,post_calibration
290,1,20,2,60,1,0,0,0.6435743570327759,0.6435743570327759,0.6435743570327759,0.3564256429672241,20,1,9,post_calibration
290,2,20,3,60,1,0,0,0.6806398630142212,0.6806398630142212,0.6806398630142212,0.3193601369857788,20,1,9,post_calibration
290,3,20,4,60,1,1,1,0.621795654296875,0.621795654296875,0.3782042860984802,0.621795654296875,20,1,9,post_calibration
290,4,20,9,60,1,0,0,0.8002423048019409,0.8002423048019409,0.8002423048019409,0.1997576504945755,20,1,9,post_calibration
290,5,20,10,60,0,0,1,0.9205042719841003,0.9205042719841003,0.9205042719841003,0.07949569821357727,20,1,9,post_calibration
290,6,20,11,60,1,0,0,0.511106550693512,0.511106550693512,0.511106550693512,0.48889344930648804,20,1,9,post_calibration
290,7,20,15,60,1,0,0,0.7618072032928467,0.7618072032928467,0.7618072032928467,0.2381928414106369,20,1,9,post_calibration
290,8,20,17,60,1,0,0,0.786699652671814,0.786699652671814,0.786699652671814,0.21330034732818604,20,1,9,post_calibration
291,0,20,1,60,1,1,1,0.6379352807998657,0.6379352807998657,0.36206474900245667,0.6379352807998657,20,2,9,zero_shot_paired
291,1,20,5,60,1,1,1,0.5165687799453735,0.5165687799453735,0.4834311902523041,0.5165687799453735,20,2,9,zero_shot_paired
291,2,20,6,60,0,0,1,0.8677492141723633,0.8677492141723633,0.8677492141723633,0.1322508007287979,20,2,9,zero_shot_paired
291,3,20,7,60,1,1,1,0.7053205966949463,0.7053205966949463,0.2946793735027313,0.7053205966949463,20,2,9,zero_shot_paired
291,4,20,8,60,1,1,1,0.5699948072433472,0.5699948072433472,0.4300052225589752,0.5699948072433472,20,2,9,zero_shot_paired
291,5,20,12,60,1,1,1,0.5857455730438232,0.5857455730438232,0.41425442695617676,0.5857455730438232,20,2,9,zero_shot_paired
291,6,20,13,60,0,0,1,0.7514030933380127,0.7514030933380127,0.7514030933380127,0.2485968917608261,20,2,9,zero_shot_paired
291,7,20,14,60,1,0,0,0.5568627715110779,0.5568627715110779,0.5568627715110779,0.4431372284889221,20,2,9,zero_shot_paired
291,8,20,16,60,1,1,1,0.6738191246986389,0.6738191246986389,0.3261808753013611,0.6738191246986389,20,2,9,zero_shot_paired
291,0,20,1,60,1,1,1,0.6441656351089478,0.6441656351089478,0.35583433508872986,0.6441656351089478,20,2,9,post_calibration
291,1,20,5,60,1,1,1,0.5420073866844177,0.5420073866844177,0.4579925835132599,0.5420073866844177,20,2,9,post_calibration
291,2,20,6,60,0,0,1,0.854653537273407,0.854653537273407,0.854653537273407,0.14534646272659302,20,2,9,post_calibration
291,3,20,7,60,1,1,1,0.7139367461204529,0.7139367461204529,0.2860632538795471,0.7139367461204529,20,2,9,post_calibration
291,4,20,8,60,1,1,1,0.584675133228302,0.584675133228302,0.4153248965740204,0.584675133228302,20,2,9,post_calibration
291,5,20,12,60,1,1,1,0.5967655181884766,0.5967655181884766,0.40323448181152344,0.5967655181884766,20,2,9,post_calibration
291,6,20,13,60,0,0,1,0.7225469350814819,0.7225469350814819,0.7225469350814819,0.27745312452316284,20,2,9,post_calibration
291,7,20,14,60,1,0,0,0.546868622303009,0.546868622303009,0.546868622303009,0.45313137769699097,20,2,9,post_calibration
291,8,20,16,60,1,1,1,0.7015709280967712,0.7015709280967712,0.29842904210090637,0.7015709280967712,20,2,9,post_calibration
292,0,20,0,60,0,0,1,0.5015754699707031,0.5015754699707031,0.5015754699707031,0.49842455983161926,20,1,12,zero_shot_paired
292,1,20,7,60,1,1,1,0.7053602337837219,0.7053602337837219,0.2946397364139557,0.7053602337837219,20,1,12,zero_shot_paired
292,2,20,9,60,1,0,0,0.8074226975440979,0.8074226975440979,0.8074226975440979,0.1925773024559021,20,1,12,zero_shot_paired
292,3,20,12,60,1,1,1,0.5857862830162048,0.5857862830162048,0.41421371698379517,0.5857862830162048,20,1,12,zero_shot_paired
292,4,20,16,60,1,1,1,0.6738057136535645,0.6738057136535645,0.32619431614875793,0.6738057136535645,20,1,12,zero_shot_paired
292,5,20,17,60,1,0,0,0.8040491938591003,0.8040491938591003,0.8040491938591003,0.19595083594322205,20,1,12,zero_shot_paired
292,0,20,0,60,0,0,1,0.5001316070556641,0.5001316070556641,0.5001316070556641,0.49986839294433594,20,1,12,post_calibration
292,1,20,7,60,1,1,1,0.7168864607810974,0.7168864607810974,0.2831135392189026,0.7168864607810974,20,1,12,post_calibration
292,2,20,9,60,1,0,0,0.7957313060760498,0.7957313060760498,0.7957313060760498,0.20426873862743378,20,1,12,post_calibration
292,3,20,12,60,1,1,1,0.5970940589904785,0.5970940589904785,0.4029059112071991,0.5970940589904785,20,1,12,post_calibration
292,4,20,16,60,1,1,1,0.7025763392448425,0.7025763392448425,0.29742369055747986,0.7025763392448425,20,1,12,post_calibration
292,5,20,17,60,1,0,0,0.7985662817955017,0.7985662817955017,0.7985662817955017,0.20143373310565948,20,1,12,post_calibration
293,0,20,2,60,1,0,0,0.6440764665603638,0.6440764665603638,0.6440764665603638,0.3559235632419586,20,2,12,zero_shot_paired
293,1,20,5,60,1,1,1,0.5167136192321777,0.5167136192321777,0.48328641057014465,0.5167136192321777,20,2,12,zero_shot_paired
293,2,20,7,60,1,1,1,0.7053602337837219,0.7053602337837219,0.2946397364139557,0.7053602337837219,20,2,12,zero_shot_paired
293,3,20,10,60,0,0,1,0.9245334267616272,0.9245334267616272,0.9245334267616272,0.07546653598546982,20,2,12,zero_shot_paired
293,4,20,11,60,1,0,0,0.5178985595703125,0.5178985595703125,0.5178985595703125,0.4821014404296875,20,2,12,zero_shot_paired
293,5,20,17,60,1,0,0,0.8040491938591003,0.8040491938591003,0.8040491938591003,0.19595083594322205,20,2,12,zero_shot_paired
293,0,20,2,60,1,0,0,0.6279422640800476,0.6279422640800476,0.6279422640800476,0.3720576763153076,20,2,12,post_calibration
293,1,20,5,60,1,1,1,0.5299666523933411,0.5299666523933411,0.4700333774089813,0.5299666523933411,20,2,12,post_calibration
293,2,20,7,60,1,1,1,0.711452841758728,0.711452841758728,0.28854718804359436,0.711452841758728,20,2,12,post_calibration
293,3,20,10,60,0,0,1,0.9183172583580017,0.9183172583580017,0.9183172583580017,0.0816827043890953,20,2,12,post_calibration
293,4,20,11,60,1,0,0,0.5053250789642334,0.5053250789642334,0.5053250789642334,0.4946748912334442,20,2,12,post_calibration
293,5,20,17,60,1,0,0,0.792968213558197,0.792968213558197,0.792968213558197,0.20703178644180298,20,2,12,post_calibration
294,0,20,3,60,1,0,0,0.6791819930076599,0.6791819930076599,0.6791819930076599,0.3208179771900177,20,3,12,zero_shot_paired
294,1,20,6,60,0,0,1,0.8677114844322205,0.8677114844322205,0.8677114844322205,0.13228844106197357,20,3,12,zero_shot_paired
294,2,20,8,60,1,1,1,0.5700564980506897,0.5700564980506897,0.4299435317516327,0.5700564980506897,20,3,12,zero_shot_paired
294,3,20,9,60,1,0,0,0.8074226975440979,0.8074226975440979,0.8074226975440979,0.1925773024559021,20,3,12,zero_shot_paired
294,4,20,11,60,1,0,0,0.5178985595703125,0.5178985595703125,0.5178985595703125,0.4821014404296875,20,3,12,zero_shot_paired
294,5,20,12,60,1,1,1,0.5857862830162048,0.5857862830162048,0.41421371698379517,0.5857862830162048,20,3,12,zero_shot_paired
294,0,20,3,60,1,0,0,0.6760069131851196,0.6760069131851196,0.6760069131851196,0.3239930272102356,20,3,12,post_calibration
294,1,20,6,60,0,0,1,0.854680061340332,0.854680061340332,0.854680061340332,0.14531992375850677,20,3,12,post_calibration
294,2,20,8,60,1,1,1,0.5832311511039734,0.5832311511039734,0.41676878929138184,0.5832311511039734,20,3,12,post_calibration
294,3,20,9,60,1,0,0,0.7930634021759033,0.7930634021759033,0.7930634021759033,0.20693659782409668,20,3,12,post_calibration
294,4,20,11,60,1,0,0,0.5141830444335938,0.5141830444335938,0.5141830444335938,0.48581695556640625,20,3,12,post_calibration
294,5,20,12,60,1,1,1,0.5987778306007385,0.5987778306007385,0.4012221395969391,0.5987778306007385,20,3,12,post_calibration
22,0,21,0,60,0,1,0,0.8544145822525024,0.8544145822525024,0.14558544754981995,0.8544145822525024,21,,,zero_shot_all_trials
22,1,21,1,60,1,1,1,0.7599136829376221,0.7599136829376221,0.24008628726005554,0.7599136829376221,21,,,zero_shot_all_trials
22,2,21,2,60,1,1,1,0.6498668193817139,0.6498668193817139,0.35013315081596375,0.6498668193817139,21,,,zero_shot_all_trials
22,3,21,3,60,1,0,0,0.6266116499900818,0.6266116499900818,0.6266116499900818,0.3733883798122406,21,,,zero_shot_all_trials
22,4,21,4,60,1,1,1,0.7614290118217468,0.7614290118217468,0.23857100307941437,0.7614290118217468,21,,,zero_shot_all_trials
22,5,21,5,60,1,1,1,0.8443508744239807,0.8443508744239807,0.15564914047718048,0.8443508744239807,21,,,zero_shot_all_trials
22,6,21,6,60,1,0,0,0.6366302371025085,0.6366302371025085,0.6366302371025085,0.36336973309516907,21,,,zero_shot_all_trials
22,7,21,7,60,1,1,1,0.8936006426811218,0.8936006426811218,0.10639935731887817,0.8936006426811218,21,,,zero_shot_all_trials
22,8,21,8,60,1,1,1,0.643717885017395,0.643717885017395,0.35628217458724976,0.643717885017395,21,,,zero_shot_all_trials
22,9,21,9,60,0,1,0,0.6568904519081116,0.6568904519081116,0.3431095480918884,0.6568904519081116,21,,,zero_shot_all_trials
22,10,21,10,60,0,0,1,0.7149469256401062,0.7149469256401062,0.7149469256401062,0.2850531041622162,21,,,zero_shot_all_trials
22,11,21,11,60,1,0,0,0.8739520907402039,0.8739520907402039,0.8739520907402039,0.12604793906211853,21,,,zero_shot_all_trials
22,12,21,12,60,0,0,1,0.8240785002708435,0.8240785002708435,0.8240785002708435,0.17592154443264008,21,,,zero_shot_all_trials
22,13,21,13,60,0,1,0,0.5282672643661499,0.5282672643661499,0.4717327356338501,0.5282672643661499,21,,,zero_shot_all_trials
22,14,21,14,60,1,0,0,0.6972997784614563,0.6972997784614563,0.6972997784614563,0.3027001619338989,21,,,zero_shot_all_trials
22,15,21,15,60,1,0,0,0.8599074482917786,0.8599074482917786,0.8599074482917786,0.14009250700473785,21,,,zero_shot_all_trials
22,16,21,16,60,1,1,1,0.6190413236618042,0.6190413236618042,0.3809586465358734,0.6190413236618042,21,,,zero_shot_all_trials
22,17,21,17,60,1,1,1,0.6988034248352051,0.6988034248352051,0.3011966347694397,0.6988034248352051,21,,,zero_shot_all_trials
295,0,21,0,60,0,1,0,0.8544164896011353,0.8544164896011353,0.14558355510234833,0.8544164896011353,21,1,3,zero_shot_paired
295,1,21,1,60,1,1,1,0.7599234580993652,0.7599234580993652,0.24007657170295715,0.7599234580993652,21,1,3,zero_shot_paired
295,2,21,4,60,1,1,1,0.7614318132400513,0.7614318132400513,0.23856820166110992,0.7614318132400513,21,1,3,zero_shot_paired
295,3,21,5,60,1,1,1,0.8443508744239807,0.8443508744239807,0.15564914047718048,0.8443508744239807,21,1,3,zero_shot_paired
295,4,21,6,60,1,0,0,0.6366408467292786,0.6366408467292786,0.6366408467292786,0.3633591830730438,21,1,3,zero_shot_paired
295,5,21,7,60,1,1,1,0.8936042189598083,0.8936042189598083,0.10639573633670807,0.8936042189598083,21,1,3,zero_shot_paired
295,6,21,8,60,1,1,1,0.643724799156189,0.643724799156189,0.35627517104148865,0.643724799156189,21,1,3,zero_shot_paired
295,7,21,9,60,0,1,0,0.6568938493728638,0.6568938493728638,0.34310612082481384,0.6568938493728638,21,1,3,zero_shot_paired
295,8,21,11,60,1,0,0,0.873951256275177,0.873951256275177,0.873951256275177,0.12604878842830658,21,1,3,zero_shot_paired
295,9,21,12,60,0,0,1,0.8240785002708435,0.8240785002708435,0.8240785002708435,0.17592154443264008,21,1,3,zero_shot_paired
295,10,21,13,60,0,1,0,0.5282653570175171,0.5282653570175171,0.4717346429824829,0.5282653570175171,21,1,3,zero_shot_paired
295,11,21,14,60,1,0,0,0.6972966194152832,0.6972966194152832,0.6972966194152832,0.3027033805847168,21,1,3,zero_shot_paired
295,12,21,15,60,1,0,0,0.8599092960357666,0.8599092960357666,0.8599092960357666,0.140090674161911,21,1,3,zero_shot_paired
295,13,21,16,60,1,1,1,0.6190503835678101,0.6190503835678101,0.3809496760368347,0.6190503835678101,21,1,3,zero_shot_paired
295,14,21,17,60,1,1,1,0.698811411857605,0.698811411857605,0.301188588142395,0.698811411857605,21,1,3,zero_shot_paired
295,0,21,0,60,0,1,0,0.8540535569190979,0.8540535569190979,0.1459464430809021,0.8540535569190979,21,1,3,post_calibration
295,1,21,1,60,1,1,1,0.7728844285011292,0.7728844285011292,0.22711560130119324,0.7728844285011292,21,1,3,post_calibration
295,2,21,4,60,1,1,1,0.7651933431625366,0.7651933431625366,0.23480670154094696,0.7651933431625366,21,1,3,post_calibration
295,3,21,5,60,1,1,1,0.8499565720558167,0.8499565720558167,0.15004341304302216,0.8499565720558167,21,1,3,post_calibration
295,4,21,6,60,1,0,0,0.6395742297172546,0.6395742297172546,0.6395742297172546,0.360425740480423,21,1,3,post_calibration
295,5,21,7,60,1,1,1,0.8941369652748108,0.8941369652748108,0.1058630421757698,0.8941369652748108,21,1,3,post_calibration
295,6,21,8,60,1,1,1,0.6353638768196106,0.6353638768196106,0.3646361529827118,0.6353638768196106,21,1,3,post_calibration
295,7,21,9,60,0,1,0,0.649728000164032,0.649728000164032,0.3502720594406128,0.649728000164032,21,1,3,post_calibration
295,8,21,11,60,1,0,0,0.8743892312049866,0.8743892312049866,0.8743892312049866,0.12561070919036865,21,1,3,post_calibration
295,9,21,12,60,0,0,1,0.8185861110687256,0.8185861110687256,0.8185861110687256,0.18141382932662964,21,1,3,post_calibration
295,10,21,13,60,0,1,0,0.5250396728515625,0.5250396728515625,0.4749602973461151,0.5250396728515625,21,1,3,post_calibration
295,11,21,14,60,1,0,0,0.698535144329071,0.698535144329071,0.698535144329071,0.30146488547325134,21,1,3,post_calibration
295,12,21,15,60,1,0,0,0.8619934916496277,0.8619934916496277,0.8619934916496277,0.13800646364688873,21,1,3,post_calibration
295,13,21,16,60,1,1,1,0.6236168742179871,0.6236168742179871,0.37638312578201294,0.6236168742179871,21,1,3,post_calibration
295,14,21,17,60,1,1,1,0.700954020023346,0.700954020023346,0.29904603958129883,0.700954020023346,21,1,3,post_calibration
296,0,21,0,60,0,1,0,0.8544155359268188,0.8544155359268188,0.14558450877666473,0.8544155359268188,21,2,3,zero_shot_paired
296,1,21,1,60,1,1,1,0.7599207162857056,0.7599207162857056,0.2400793582201004,0.7599207162857056,21,2,3,zero_shot_paired
296,2,21,2,60,1,1,1,0.6498876214027405,0.6498876214027405,0.35011231899261475,0.6498876214027405,21,2,3,zero_shot_paired
296,3,21,3,60,1,0,0,0.626606285572052,0.626606285572052,0.626606285572052,0.3733937442302704,21,2,3,zero_shot_paired
296,4,21,4,60,1,1,1,0.761427640914917,0.761427640914917,0.2385723739862442,0.761427640914917,21,2,3,zero_shot_paired
296,5,21,6,60,1,0,0,0.6366302371025085,0.6366302371025085,0.6366302371025085,0.36336973309516907,21,2,3,zero_shot_paired
296,6,21,7,60,1,1,1,0.893605649471283,0.893605649471283,0.10639428347349167,0.893605649471283,21,2,3,zero_shot_paired
296,7,21,8,60,1,1,1,0.6437160968780518,0.6437160968780518,0.35628393292427063,0.6437160968780518,21,2,3,zero_shot_paired
296,8,21,9,60,0,1,0,0.6568904519081116,0.6568904519081116,0.3431095480918884,0.6568904519081116,21,2,3,zero_shot_paired
296,9,21,10,60,0,0,1,0.714942216873169,0.714942216873169,0.714942216873169,0.28505775332450867,21,2,3,zero_shot_paired
296,10,21,12,60,0,0,1,0.8240861892700195,0.8240861892700195,0.8240861892700195,0.17591379582881927,21,2,3,zero_shot_paired
296,11,21,13,60,0,1,0,0.5282691717147827,0.5282691717147827,0.4717308580875397,0.5282691717147827,21,2,3,zero_shot_paired
296,12,21,14,60,1,0,0,0.6972917318344116,0.6972917318344116,0.6972917318344116,0.3027082085609436,21,2,3,zero_shot_paired
296,13,21,16,60,1,1,1,0.6190593242645264,0.6190593242645264,0.38094064593315125,0.6190593242645264,21,2,3,zero_shot_paired
296,14,21,17,60,1,1,1,0.6988065838813782,0.6988065838813782,0.3011934161186218,0.6988065838813782,21,2,3,zero_shot_paired
296,0,21,0,60,0,1,0,0.8521393537521362,0.8521393537521362,0.14786061644554138,0.8521393537521362,21,2,3,post_calibration
296,1,21,1,60,1,1,1,0.7621849179267883,0.7621849179267883,0.23781509697437286,0.7621849179267883,21,2,3,post_calibration
296,2,21,2,60,1,1,1,0.6405901908874512,0.6405901908874512,0.35940980911254883,0.6405901908874512,21,2,3,post_calibration
296,3,21,3,60,1,0,0,0.6205875277519226,0.6205875277519226,0.6205875277519226,0.37941253185272217,21,2,3,post_calibration
296,4,21,4,60,1,1,1,0.7649725675582886,0.7649725675582886,0.2350274622440338,0.7649725675582886,21,2,3,post_calibration
296,5,21,6,60,1,0,0,0.6399822235107422,0.6399822235107422,0.6399822235107422,0.3600178062915802,21,2,3,post_calibration
296,6,21,7,60,1,1,1,0.8939671516418457,0.8939671516418457,0.10603287816047668,0.8939671516418457,21,2,3,post_calibration
296,7,21,8,60,1,1,1,0.659451425075531,0.659451425075531,0.340548574924469,0.659451425075531,21,2,3,post_calibration
296,8,21,9,60,0,1,0,0.674931526184082,0.674931526184082,0.3250684440135956,0.674931526184082,21,2,3,post_calibration
296,9,21,10,60,0,0,1,0.7019557952880859,0.7019557952880859,0.7019557952880859,0.29804426431655884,21,2,3,post_calibration
296,10,21,12,60,0,0,1,0.8195505738258362,0.8195505738258362,0.8195505738258362,0.18044939637184143,21,2,3,post_calibration
296,11,21,13,60,0,1,0,0.531940758228302,0.531940758228302,0.4680592119693756,0.531940758228302,21,2,3,post_calibration
296,12,21,14,60,1,0,0,0.6898559927940369,0.6898559927940369,0.6898559927940369,0.31014400720596313,21,2,3,post_calibration
296,13,21,16,60,1,1,1,0.6310456395149231,0.6310456395149231,0.3689544200897217,0.6310456395149231,21,2,3,post_calibration
296,14,21,17,60,1,1,1,0.702069103717804,0.702069103717804,0.2979309558868408,0.702069103717804,21,2,3,post_calibration
297,0,21,0,60,0,1,0,0.8544155359268188,0.8544155359268188,0.14558450877666473,0.8544155359268188,21,3,3,zero_shot_paired
297,1,21,1,60,1,1,1,0.7599207162857056,0.7599207162857056,0.2400793582201004,0.7599207162857056,21,3,3,zero_shot_paired
297,2,21,2,60,1,1,1,0.6498876214027405,0.6498876214027405,0.35011231899261475,0.6498876214027405,21,3,3,zero_shot_paired
297,3,21,3,60,1,0,0,0.626606285572052,0.626606285572052,0.626606285572052,0.3733937442302704,21,3,3,zero_shot_paired
297,4,21,4,60,1,1,1,0.761427640914917,0.761427640914917,0.2385723739862442,0.761427640914917,21,3,3,zero_shot_paired
297,5,21,5,60,1,1,1,0.8443638682365417,0.8443638682365417,0.15563608705997467,0.8443638682365417,21,3,3,zero_shot_paired
297,6,21,6,60,1,0,0,0.6366302371025085,0.6366302371025085,0.6366302371025085,0.36336973309516907,21,3,3,zero_shot_paired
297,7,21,7,60,1,1,1,0.893605649471283,0.893605649471283,0.10639428347349167,0.893605649471283,21,3,3,zero_shot_paired
297,8,21,8,60,1,1,1,0.6437160968780518,0.6437160968780518,0.35628393292427063,0.6437160968780518,21,3,3,zero_shot_paired
297,9,21,9,60,0,1,0,0.6568904519081116,0.6568904519081116,0.3431095480918884,0.6568904519081116,21,3,3,zero_shot_paired
297,10,21,10,60,0,0,1,0.714942216873169,0.714942216873169,0.714942216873169,0.28505775332450867,21,3,3,zero_shot_paired
297,11,21,11,60,1,0,0,0.8739537000656128,0.8739537000656128,0.8739537000656128,0.12604625523090363,21,3,3,zero_shot_paired
297,12,21,12,60,0,0,1,0.8240861892700195,0.8240861892700195,0.8240861892700195,0.17591379582881927,21,3,3,zero_shot_paired
297,13,21,15,60,1,0,0,0.859903872013092,0.859903872013092,0.859903872013092,0.14009620249271393,21,3,3,zero_shot_paired
297,14,21,16,60,1,1,1,0.6190593242645264,0.6190593242645264,0.38094064593315125,0.6190593242645264,21,3,3,zero_shot_paired
297,0,21,0,60,0,1,0,0.8547008633613586,0.8547008633613586,0.14529907703399658,0.8547008633613586,21,3,3,post_calibration
297,1,21,1,60,1,1,1,0.7610906958580017,0.7610906958580017,0.23890931904315948,0.7610906958580017,21,3,3,post_calibration
297,2,21,2,60,1,1,1,0.6394423842430115,0.6394423842430115,0.3605576455593109,0.6394423842430115,21,3,3,post_calibration
297,3,21,3,60,1,0,0,0.6422887444496155,0.6422887444496155,0.6422887444496155,0.35771122574806213,21,3,3,post_calibration
297,4,21,4,60,1,1,1,0.7589742541313171,0.7589742541313171,0.24102574586868286,0.7589742541313171,21,3,3,post_calibration
297,5,21,5,60,1,1,1,0.8369131088256836,0.8369131088256836,0.1630869060754776,0.8369131088256836,21,3,3,post_calibration
297,6,21,6,60,1,0,0,0.6338955163955688,0.6338955163955688,0.6338955163955688,0.36610445380210876,21,3,3,post_calibration
297,7,21,7,60,1,1,1,0.8942509889602661,0.8942509889602661,0.1057489886879921,0.8942509889602661,21,3,3,post_calibration
297,8,21,8,60,1,1,1,0.647528350353241,0.647528350353241,0.35247161984443665,0.647528350353241,21,3,3,post_calibration
297,9,21,9,60,0,1,0,0.6662084460258484,0.6662084460258484,0.333791583776474,0.6662084460258484,21,3,3,post_calibration
297,10,21,10,60,0,0,1,0.7309386134147644,0.7309386134147644,0.7309386134147644,0.26906144618988037,21,3,3,post_calibration
297,11,21,11,60,1,0,0,0.8779428005218506,0.8779428005218506,0.8779428005218506,0.12205725163221359,21,3,3,post_calibration
297,12,21,12,60,0,0,1,0.8286833167076111,0.8286833167076111,0.8286833167076111,0.17131665349006653,21,3,3,post_calibration
297,13,21,15,60,1,0,0,0.8608742952346802,0.8608742952346802,0.8608742952346802,0.13912568986415863,21,3,3,post_calibration
297,14,21,16,60,1,1,1,0.6237887740135193,0.6237887740135193,0.3762112259864807,0.6237887740135193,21,3,3,post_calibration
298,0,21,0,60,0,1,0,0.8544155359268188,0.8544155359268188,0.14558450877666473,0.8544155359268188,21,4,3,zero_shot_paired
298,1,21,1,60,1,1,1,0.7599207162857056,0.7599207162857056,0.2400793582201004,0.7599207162857056,21,4,3,zero_shot_paired
298,2,21,2,60,1,1,1,0.6498876214027405,0.6498876214027405,0.35011231899261475,0.6498876214027405,21,4,3,zero_shot_paired
298,3,21,3,60,1,0,0,0.626606285572052,0.626606285572052,0.626606285572052,0.3733937442302704,21,4,3,zero_shot_paired
298,4,21,4,60,1,1,1,0.761427640914917,0.761427640914917,0.2385723739862442,0.761427640914917,21,4,3,zero_shot_paired
298,5,21,5,60,1,1,1,0.8443638682365417,0.8443638682365417,0.15563608705997467,0.8443638682365417,21,4,3,zero_shot_paired
298,6,21,6,60,1,0,0,0.6366302371025085,0.6366302371025085,0.6366302371025085,0.36336973309516907,21,4,3,zero_shot_paired
298,7,21,8,60,1,1,1,0.6437160968780518,0.6437160968780518,0.35628393292427063,0.6437160968780518,21,4,3,zero_shot_paired
298,8,21,10,60,0,0,1,0.714942216873169,0.714942216873169,0.714942216873169,0.28505775332450867,21,4,3,zero_shot_paired
298,9,21,11,60,1,0,0,0.8739537000656128,0.8739537000656128,0.8739537000656128,0.12604625523090363,21,4,3,zero_shot_paired
298,10,21,12,60,0,0,1,0.8240861892700195,0.8240861892700195,0.8240861892700195,0.17591379582881927,21,4,3,zero_shot_paired
298,11,21,13,60,0,1,0,0.5282691717147827,0.5282691717147827,0.4717308580875397,0.5282691717147827,21,4,3,zero_shot_paired
298,12,21,14,60,1,0,0,0.6972917318344116,0.6972917318344116,0.6972917318344116,0.3027082085609436,21,4,3,zero_shot_paired
298,13,21,15,60,1,0,0,0.859903872013092,0.859903872013092,0.859903872013092,0.14009620249271393,21,4,3,zero_shot_paired
298,14,21,17,60,1,1,1,0.6988065838813782,0.6988065838813782,0.3011934161186218,0.6988065838813782,21,4,3,zero_shot_paired
298,0,21,0,60,0,1,0,0.8544819355010986,0.8544819355010986,0.14551809430122375,0.8544819355010986,21,4,3,post_calibration
298,1,21,1,60,1,1,1,0.7629515528678894,0.7629515528678894,0.2370484322309494,0.7629515528678894,21,4,3,post_calibration
298,2,21,2,60,1,1,1,0.6523694396018982,0.6523694396018982,0.3476305603981018,0.6523694396018982,21,4,3,post_calibration
298,3,21,3,60,1,0,0,0.6198614835739136,0.6198614835739136,0.6198614835739136,0.3801385462284088,21,4,3,post_calibration
298,4,21,4,60,1,1,1,0.7679890990257263,0.7679890990257263,0.23201096057891846,0.7679890990257263,21,4,3,post_calibration
298,5,21,5,60,1,1,1,0.8529047966003418,0.8529047966003418,0.14709514379501343,0.8529047966003418,21,4,3,post_calibration
298,6,21,6,60,1,0,0,0.6423606276512146,0.6423606276512146,0.6423606276512146,0.3576394021511078,21,4,3,post_calibration
298,7,21,8,60,1,1,1,0.6333819627761841,0.6333819627761841,0.3666180968284607,0.6333819627761841,21,4,3,post_calibration
298,8,21,10,60,0,0,1,0.7191725969314575,0.7191725969314575,0.7191725969314575,0.28082743287086487,21,4,3,post_calibration
298,9,21,11,60,1,0,0,0.8749020099639893,0.8749020099639893,0.8749020099639893,0.12509794533252716,21,4,3,post_calibration
298,10,21,12,60,0,0,1,0.8165355920791626,0.8165355920791626,0.8165355920791626,0.18346445262432098,21,4,3,post_calibration
298,11,21,13,60,0,1,0,0.5299894213676453,0.5299894213676453,0.47001054883003235,0.5299894213676453,21,4,3,post_calibration
298,12,21,14,60,1,0,0,0.7043587565422058,0.7043587565422058,0.7043587565422058,0.2956412136554718,21,4,3,post_calibration
298,13,21,15,60,1,0,0,0.8672528266906738,0.8672528266906738,0.8672528266906738,0.13274714350700378,21,4,3,post_calibration
298,14,21,17,60,1,1,1,0.6958178281784058,0.6958178281784058,0.30418214201927185,0.6958178281784058,21,4,3,post_calibration
299,0,21,1,60,1,1,1,0.7599207162857056,0.7599207162857056,0.2400793582201004,0.7599207162857056,21,5,3,zero_shot_paired
299,1,21,2,60,1,1,1,0.6498876214027405,0.6498876214027405,0.35011231899261475,0.6498876214027405,21,5,3,zero_shot_paired
299,2,21,3,60,1,0,0,0.626606285572052,0.626606285572052,0.626606285572052,0.3733937442302704,21,5,3,zero_shot_paired
299,3,21,4,60,1,1,1,0.761427640914917,0.761427640914917,0.2385723739862442,0.761427640914917,21,5,3,zero_shot_paired
299,4,21,5,60,1,1,1,0.8443638682365417,0.8443638682365417,0.15563608705997467,0.8443638682365417,21,5,3,zero_shot_paired
299,5,21,7,60,1,1,1,0.893605649471283,0.893605649471283,0.10639428347349167,0.893605649471283,21,5,3,zero_shot_paired
299,6,21,9,60,0,1,0,0.6568904519081116,0.6568904519081116,0.3431095480918884,0.6568904519081116,21,5,3,zero_shot_paired
299,7,21,10,60,0,0,1,0.714942216873169,0.714942216873169,0.714942216873169,0.28505775332450867,21,5,3,zero_shot_paired
299,8,21,11,60,1,0,0,0.8739537000656128,0.8739537000656128,0.8739537000656128,0.12604625523090363,21,5,3,zero_shot_paired
299,9,21,12,60,0,0,1,0.8240861892700195,0.8240861892700195,0.8240861892700195,0.17591379582881927,21,5,3,zero_shot_paired
299,10,21,13,60,0,1,0,0.5282691717147827,0.5282691717147827,0.4717308580875397,0.5282691717147827,21,5,3,zero_shot_paired
299,11,21,14,60,1,0,0,0.6972917318344116,0.6972917318344116,0.6972917318344116,0.3027082085609436,21,5,3,zero_shot_paired
299,12,21,15,60,1,0,0,0.859903872013092,0.859903872013092,0.859903872013092,0.14009620249271393,21,5,3,zero_shot_paired
299,13,21,16,60,1,1,1,0.6190593242645264,0.6190593242645264,0.38094064593315125,0.6190593242645264,21,5,3,zero_shot_paired
299,14,21,17,60,1,1,1,0.6988065838813782,0.6988065838813782,0.3011934161186218,0.6988065838813782,21,5,3,zero_shot_paired
299,0,21,1,60,1,1,1,0.7650013566017151,0.7650013566017151,0.2349986582994461,0.7650013566017151,21,5,3,post_calibration
299,1,21,2,60,1,1,1,0.6494483351707458,0.6494483351707458,0.35055166482925415,0.6494483351707458,21,5,3,post_calibration
299,2,21,3,60,1,0,0,0.6288188099861145,0.6288188099861145,0.6288188099861145,0.3711811602115631,21,5,3,post_calibration
299,3,21,4,60,1,1,1,0.771992564201355,0.771992564201355,0.22800740599632263,0.771992564201355,21,5,3,post_calibration
299,4,21,5,60,1,1,1,0.8452032208442688,0.8452032208442688,0.15479676425457,0.8452032208442688,21,5,3,post_calibration
299,5,21,7,60,1,1,1,0.8936144113540649,0.8936144113540649,0.10638558119535446,0.8936144113540649,21,5,3,post_calibration
299,6,21,9,60,0,1,0,0.6660268306732178,0.6660268306732178,0.33397310972213745,0.6660268306732178,21,5,3,post_calibration
299,7,21,10,60,0,0,1,0.7048906683921814,0.7048906683921814,0.7048906683921814,0.29510927200317383,21,5,3,post_calibration
299,8,21,11,60,1,0,0,0.8658686876296997,0.8658686876296997,0.8658686876296997,0.1341313272714615,21,5,3,post_calibration
299,9,21,12,60,0,0,1,0.8176950812339783,0.8176950812339783,0.8176950812339783,0.18230494856834412,21,5,3,post_calibration
299,10,21,13,60,0,1,0,0.5370793342590332,0.5370793342590332,0.4629206955432892,0.5370793342590332,21,5,3,post_calibration
299,11,21,14,60,1,0,0,0.6811404824256897,0.6811404824256897,0.6811404824256897,0.3188595175743103,21,5,3,post_calibration
299,12,21,15,60,1,0,0,0.8552750945091248,0.8552750945091248,0.8552750945091248,0.14472489058971405,21,5,3,post_calibration
299,13,21,16,60,1,1,1,0.6116737723350525,0.6116737723350525,0.3883262276649475,0.6116737723350525,21,5,3,post_calibration
299,14,21,17,60,1,1,1,0.7156243324279785,0.7156243324279785,0.2843756675720215,0.7156243324279785,21,5,3,post_calibration
300,0,21,0,60,0,1,0,0.8544155359268188,0.8544155359268188,0.14558450877666473,0.8544155359268188,21,6,3,zero_shot_paired
300,1,21,2,60,1,1,1,0.6498876214027405,0.6498876214027405,0.35011231899261475,0.6498876214027405,21,6,3,zero_shot_paired
300,2,21,3,60,1,0,0,0.626606285572052,0.626606285572052,0.626606285572052,0.3733937442302704,21,6,3,zero_shot_paired
300,3,21,5,60,1,1,1,0.8443638682365417,0.8443638682365417,0.15563608705997467,0.8443638682365417,21,6,3,zero_shot_paired
300,4,21,6,60,1,0,0,0.6366302371025085,0.6366302371025085,0.6366302371025085,0.36336973309516907,21,6,3,zero_shot_paired
300,5,21,7,60,1,1,1,0.893605649471283,0.893605649471283,0.10639428347349167,0.893605649471283,21,6,3,zero_shot_paired
300,6,21,8,60,1,1,1,0.6437160968780518,0.6437160968780518,0.35628393292427063,0.6437160968780518,21,6,3,zero_shot_paired
300,7,21,9,60,0,1,0,0.6568904519081116,0.6568904519081116,0.3431095480918884,0.6568904519081116,21,6,3,zero_shot_paired
300,8,21,10,60,0,0,1,0.714942216873169,0.714942216873169,0.714942216873169,0.28505775332450867,21,6,3,zero_shot_paired
300,9,21,11,60,1,0,0,0.8739537000656128,0.8739537000656128,0.8739537000656128,0.12604625523090363,21,6,3,zero_shot_paired
300,10,21,13,60,0,1,0,0.5282691717147827,0.5282691717147827,0.4717308580875397,0.5282691717147827,21,6,3,zero_shot_paired
300,11,21,14,60,1,0,0,0.6972917318344116,0.6972917318344116,0.6972917318344116,0.3027082085609436,21,6,3,zero_shot_paired
300,12,21,15,60,1,0,0,0.859903872013092,0.859903872013092,0.859903872013092,0.14009620249271393,21,6,3,zero_shot_paired
300,13,21,16,60,1,1,1,0.6190593242645264,0.6190593242645264,0.38094064593315125,0.6190593242645264,21,6,3,zero_shot_paired
300,14,21,17,60,1,1,1,0.6988065838813782,0.6988065838813782,0.3011934161186218,0.6988065838813782,21,6,3,zero_shot_paired
300,0,21,0,60,0,1,0,0.8566849827766418,0.8566849827766418,0.14331504702568054,0.8566849827766418,21,6,3,post_calibration
300,1,21,2,60,1,1,1,0.6590983867645264,0.6590983867645264,0.34090161323547363,0.6590983867645264,21,6,3,post_calibration
300,2,21,3,60,1,0,0,0.619935154914856,0.619935154914856,0.619935154914856,0.38006484508514404,21,6,3,post_calibration
300,3,21,5,60,1,1,1,0.8587815165519714,0.8587815165519714,0.14121848344802856,0.8587815165519714,21,6,3,post_calibration
300,4,21,6,60,1,0,0,0.6312534213066101,0.6312534213066101,0.6312534213066101,0.3687466084957123,21,6,3,post_calibration
300,5,21,7,60,1,1,1,0.9001635313034058,0.9001635313034058,0.09983643144369125,0.9001635313034058,21,6,3,post_calibration
300,6,21,8,60,1,1,1,0.6469500660896301,0.6469500660896301,0.35304999351501465,0.6469500660896301,21,6,3,post_calibration
300,7,21,9,60,0,1,0,0.6662220358848572,0.6662220358848572,0.3337780237197876,0.6662220358848572,21,6,3,post_calibration
300,8,21,10,60,0,0,1,0.7209518551826477,0.7209518551826477,0.7209518551826477,0.2790480852127075,21,6,3,post_calibration
300,9,21,11,60,1,0,0,0.8770413994789124,0.8770413994789124,0.8770413994789124,0.12295862287282944,21,6,3,post_calibration
300,10,21,13,60,0,1,0,0.5211608409881592,0.5211608409881592,0.4788391888141632,0.5211608409881592,21,6,3,post_calibration
300,11,21,14,60,1,0,0,0.6962391138076782,0.6962391138076782,0.6962391138076782,0.303760826587677,21,6,3,post_calibration
300,12,21,15,60,1,0,0,0.8581019043922424,0.8581019043922424,0.8581019043922424,0.14189806580543518,21,6,3,post_calibration
300,13,21,16,60,1,1,1,0.6289559602737427,0.6289559602737427,0.37104400992393494,0.6289559602737427,21,6,3,post_calibration
300,14,21,17,60,1,1,1,0.6916552186012268,0.6916552186012268,0.3083448112010956,0.6916552186012268,21,6,3,post_calibration
301,0,21,0,60,0,1,0,0.8544155359268188,0.8544155359268188,0.14558450877666473,0.8544155359268188,21,1,6,zero_shot_paired
301,1,21,1,60,1,1,1,0.7599207162857056,0.7599207162857056,0.2400793582201004,0.7599207162857056,21,1,6,zero_shot_paired
301,2,21,2,60,1,1,1,0.6498876214027405,0.6498876214027405,0.35011231899261475,0.6498876214027405,21,1,6,zero_shot_paired
301,3,21,3,60,1,0,0,0.626606285572052,0.626606285572052,0.626606285572052,0.3733937442302704,21,1,6,zero_shot_paired
301,4,21,6,60,1,0,0,0.6366302371025085,0.6366302371025085,0.6366302371025085,0.36336973309516907,21,1,6,zero_shot_paired
301,5,21,7,60,1,1,1,0.893605649471283,0.893605649471283,0.10639428347349167,0.893605649471283,21,1,6,zero_shot_paired
301,6,21,11,60,1,0,0,0.8739537000656128,0.8739537000656128,0.8739537000656128,0.12604625523090363,21,1,6,zero_shot_paired
301,7,21,12,60,0,0,1,0.8240861892700195,0.8240861892700195,0.8240861892700195,0.17591379582881927,21,1,6,zero_shot_paired
301,8,21,13,60,0,1,0,0.5282691717147827,0.5282691717147827,0.4717308580875397,0.5282691717147827,21,1,6,zero_shot_paired
301,9,21,14,60,1,0,0,0.6972917318344116,0.6972917318344116,0.6972917318344116,0.3027082085609436,21,1,6,zero_shot_paired
301,10,21,15,60,1,0,0,0.859903872013092,0.859903872013092,0.859903872013092,0.14009620249271393,21,1,6,zero_shot_paired
301,11,21,16,60,1,1,1,0.6190593242645264,0.6190593242645264,0.38094064593315125,0.6190593242645264,21,1,6,zero_shot_paired
301,0,21,0,60,0,1,0,0.855904757976532,0.855904757976532,0.14409521222114563,0.855904757976532,21,1,6,post_calibration
301,1,21,1,60,1,1,1,0.7615024447441101,0.7615024447441101,0.2384975403547287,0.7615024447441101,21,1,6,post_calibration
301,2,21,2,60,1,1,1,0.6544997692108154,0.6544997692108154,0.34550023078918457,0.6544997692108154,21,1,6,post_calibration
301,3,21,3,60,1,0,0,0.6220038533210754,0.6220038533210754,0.6220038533210754,0.37799617648124695,21,1,6,post_calibration
301,4,21,6,60,1,0,0,0.6173197627067566,0.6173197627067566,0.6173197627067566,0.38268017768859863,21,1,6,post_calibration
301,5,21,7,60,1,1,1,0.8954269886016846,0.8954269886016846,0.10457301884889603,0.8954269886016846,21,1,6,post_calibration
301,6,21,11,60,1,0,0,0.8674319386482239,0.8674319386482239,0.8674319386482239,0.13256806135177612,21,1,6,post_calibration
301,7,21,12,60,0,0,1,0.8182085752487183,0.8182085752487183,0.8182085752487183,0.18179142475128174,21,1,6,post_calibration
301,8,21,13,60,0,1,0,0.540471076965332,0.540471076965332,0.45952898263931274,0.540471076965332,21,1,6,post_calibration
301,9,21,14,60,1,0,0,0.688258945941925,0.688258945941925,0.688258945941925,0.31174105405807495,21,1,6,post_calibration
301,10,21,15,60,1,0,0,0.8577383160591125,0.8577383160591125,0.8577383160591125,0.14226169884204865,21,1,6,post_calibration
301,11,21,16,60,1,1,1,0.6202622652053833,0.6202622652053833,0.3797377049922943,0.6202622652053833,21,1,6,post_calibration
302,0,21,1,60,1,1,1,0.7599207162857056,0.7599207162857056,0.2400793582201004,0.7599207162857056,21,2,6,zero_shot_paired
302,1,21,2,60,1,1,1,0.6498876214027405,0.6498876214027405,0.35011231899261475,0.6498876214027405,21,2,6,zero_shot_paired
302,2,21,3,60,1,0,0,0.626606285572052,0.626606285572052,0.626606285572052,0.3733937442302704,21,2,6,zero_shot_paired
302,3,21,4,60,1,1,1,0.761427640914917,0.761427640914917,0.2385723739862442,0.761427640914917,21,2,6,zero_shot_paired
302,4,21,5,60,1,1,1,0.8443638682365417,0.8443638682365417,0.15563608705997467,0.8443638682365417,21,2,6,zero_shot_paired
302,5,21,6,60,1,0,0,0.6366302371025085,0.6366302371025085,0.6366302371025085,0.36336973309516907,21,2,6,zero_shot_paired
302,6,21,8,60,1,1,1,0.6437160968780518,0.6437160968780518,0.35628393292427063,0.6437160968780518,21,2,6,zero_shot_paired
302,7,21,9,60,0,1,0,0.6568904519081116,0.6568904519081116,0.3431095480918884,0.6568904519081116,21,2,6,zero_shot_paired
302,8,21,10,60,0,0,1,0.714942216873169,0.714942216873169,0.714942216873169,0.28505775332450867,21,2,6,zero_shot_paired
302,9,21,11,60,1,0,0,0.8739537000656128,0.8739537000656128,0.8739537000656128,0.12604625523090363,21,2,6,zero_shot_paired
302,10,21,12,60,0,0,1,0.8240861892700195,0.8240861892700195,0.8240861892700195,0.17591379582881927,21,2,6,zero_shot_paired
302,11,21,17,60,1,1,1,0.6988065838813782,0.6988065838813782,0.3011934161186218,0.6988065838813782,21,2,6,zero_shot_paired
302,0,21,1,60,1,1,1,0.7683056592941284,0.7683056592941284,0.23169434070587158,0.7683056592941284,21,2,6,post_calibration
302,1,21,2,60,1,1,1,0.6205443739891052,0.6205443739891052,0.37945565581321716,0.6205443739891052,21,2,6,post_calibration
302,2,21,3,60,1,0,0,0.6320717334747314,0.6320717334747314,0.6320717334747314,0.36792829632759094,21,2,6,post_calibration
302,3,21,4,60,1,1,1,0.7780372500419617,0.7780372500419617,0.22196274995803833,0.7780372500419617,21,2,6,post_calibration
302,4,21,5,60,1,1,1,0.8371545076370239,0.8371545076370239,0.1628454327583313,0.8371545076370239,21,2,6,post_calibration
302,5,21,6,60,1,0,0,0.6608669757843018,0.6608669757843018,0.6608669757843018,0.33913305401802063,21,2,6,post_calibration
302,6,21,8,60,1,1,1,0.6576483845710754,0.6576483845710754,0.34235161542892456,0.6576483845710754,21,2,6,post_calibration
302,7,21,9,60,0,1,0,0.6773790121078491,0.6773790121078491,0.3226209878921509,0.6773790121078491,21,2,6,post_calibration
302,8,21,10,60,0,0,1,0.7347801923751831,0.7347801923751831,0.7347801923751831,0.2652197778224945,21,2,6,post_calibration
302,9,21,11,60,1,0,0,0.8733676671981812,0.8733676671981812,0.8733676671981812,0.12663237750530243,21,2,6,post_calibration
302,10,21,12,60,0,0,1,0.8276758193969727,0.8276758193969727,0.8276758193969727,0.17232413589954376,21,2,6,post_calibration
302,11,21,17,60,1,1,1,0.6814569234848022,0.6814569234848022,0.31854310631752014,0.6814569234848022,21,2,6,post_calibration
303,0,21,0,60,0,1,0,0.8544155359268188,0.8544155359268188,0.14558450877666473,0.8544155359268188,21,3,6,zero_shot_paired
303,1,21,4,60,1,1,1,0.761427640914917,0.761427640914917,0.2385723739862442,0.761427640914917,21,3,6,zero_shot_paired
303,2,21,5,60,1,1,1,0.8443638682365417,0.8443638682365417,0.15563608705997467,0.8443638682365417,21,3,6,zero_shot_paired
303,3,21,7,60,1,1,1,0.893605649471283,0.893605649471283,0.10639428347349167,0.893605649471283,21,3,6,zero_shot_paired
303,4,21,8,60,1,1,1,0.6437160968780518,0.6437160968780518,0.35628393292427063,0.6437160968780518,21,3,6,zero_shot_paired
303,5,21,9,60,0,1,0,0.6568904519081116,0.6568904519081116,0.3431095480918884,0.6568904519081116,21,3,6,zero_shot_paired
303,6,21,10,60,0,0,1,0.714942216873169,0.714942216873169,0.714942216873169,0.28505775332450867,21,3,6,zero_shot_paired
303,7,21,13,60,0,1,0,0.5282691717147827,0.5282691717147827,0.4717308580875397,0.5282691717147827,21,3,6,zero_shot_paired
303,8,21,14,60,1,0,0,0.6972917318344116,0.6972917318344116,0.6972917318344116,0.3027082085609436,21,3,6,zero_shot_paired
303,9,21,15,60,1,0,0,0.859903872013092,0.859903872013092,0.859903872013092,0.14009620249271393,21,3,6,zero_shot_paired
303,10,21,16,60,1,1,1,0.6190593242645264,0.6190593242645264,0.38094064593315125,0.6190593242645264,21,3,6,zero_shot_paired
303,11,21,17,60,1,1,1,0.6988065838813782,0.6988065838813782,0.3011934161186218,0.6988065838813782,21,3,6,zero_shot_paired
303,0,21,0,60,0,1,0,0.8594537377357483,0.8594537377357483,0.14054623246192932,0.8594537377357483,21,3,6,post_calibration
303,1,21,4,60,1,1,1,0.76131671667099,0.76131671667099,0.23868323862552643,0.76131671667099,21,3,6,post_calibration
303,2,21,5,60,1,1,1,0.8617773652076721,0.8617773652076721,0.1382225900888443,0.8617773652076721,21,3,6,post_calibration
303,3,21,7,60,1,1,1,0.8974083662033081,0.8974083662033081,0.10259164124727249,0.8974083662033081,21,3,6,post_calibration
303,4,21,8,60,1,1,1,0.656603217124939,0.656603217124939,0.3433968126773834,0.656603217124939,21,3,6,post_calibration
303,5,21,9,60,0,1,0,0.6550430059432983,0.6550430059432983,0.34495702385902405,0.6550430059432983,21,3,6,post_calibration
303,6,21,10,60,0,0,1,0.6780422329902649,0.6780422329902649,0.6780422329902649,0.3219577670097351,21,3,6,post_calibration
303,7,21,13,60,0,1,0,0.5663895606994629,0.5663895606994629,0.4336104691028595,0.5663895606994629,21,3,6,post_calibration
303,8,21,14,60,1,0,0,0.6746419072151184,0.6746419072151184,0.6746419072151184,0.3253580629825592,21,3,6,post_calibration
303,9,21,15,60,1,0,0,0.8573869466781616,0.8573869466781616,0.8573869466781616,0.142613023519516,21,3,6,post_calibration
303,10,21,16,60,1,1,1,0.6112006306648254,0.6112006306648254,0.3887993097305298,0.6112006306648254,21,3,6,post_calibration
303,11,21,17,60,1,1,1,0.7293646931648254,0.7293646931648254,0.27063530683517456,0.7293646931648254,21,3,6,post_calibration
304,0,21,2,60,1,1,1,0.6498894095420837,0.6498894095420837,0.35011059045791626,0.6498894095420837,21,1,9,zero_shot_paired
304,1,21,4,60,1,1,1,0.7614262700080872,0.7614262700080872,0.23857375979423523,0.7614262700080872,21,1,9,zero_shot_paired
304,2,21,5,60,1,1,1,0.8443648815155029,0.8443648815155029,0.15563510358333588,0.8443648815155029,21,1,9,zero_shot_paired
304,3,21,8,60,1,1,1,0.6437126398086548,0.6437126398086548,0.35628741979599,0.6437126398086548,21,1,9,zero_shot_paired
304,4,21,9,60,0,1,0,0.6568904519081116,0.6568904519081116,0.3431095480918884,0.6568904519081116,21,1,9,zero_shot_paired
304,5,21,10,60,0,0,1,0.7149391174316406,0.7149391174316406,0.7149391174316406,0.2850608825683594,21,1,9,zero_shot_paired
304,6,21,13,60,0,1,0,0.5282672643661499,0.5282672643661499,0.4717327356338501,0.5282672643661499,21,1,9,zero_shot_paired
304,7,21,15,60,1,0,0,0.8599092960357666,0.8599092960357666,0.8599092960357666,0.140090674161911,21,1,9,zero_shot_paired
304,8,21,16,60,1,1,1,0.6190593242645264,0.6190593242645264,0.38094064593315125,0.6190593242645264,21,1,9,zero_shot_paired
304,0,21,2,60,1,1,1,0.6714773178100586,0.6714773178100586,0.3285227119922638,0.6714773178100586,21,1,9,post_calibration
304,1,21,4,60,1,1,1,0.7681398987770081,0.7681398987770081,0.23186007142066956,0.7681398987770081,21,1,9,post_calibration
304,2,21,5,60,1,1,1,0.8545445203781128,0.8545445203781128,0.1454554796218872,0.8545445203781128,21,1,9,post_calibration
304,3,21,8,60,1,1,1,0.6640061140060425,0.6640061140060425,0.3359939455986023,0.6640061140060425,21,1,9,post_calibration
304,4,21,9,60,0,1,0,0.6606223583221436,0.6606223583221436,0.33937758207321167,0.6606223583221436,21,1,9,post_calibration
304,5,21,10,60,0,0,1,0.680226743221283,0.680226743221283,0.680226743221283,0.31977319717407227,21,1,9,post_calibration
304,6,21,13,60,0,1,0,0.5597074627876282,0.5597074627876282,0.44029247760772705,0.5597074627876282,21,1,9,post_calibration
304,7,21,15,60,1,0,0,0.8563286066055298,0.8563286066055298,0.8563286066055298,0.14367134869098663,21,1,9,post_calibration
304,8,21,16,60,1,1,1,0.6134935021400452,0.6134935021400452,0.3865065276622772,0.6134935021400452,21,1,9,post_calibration
305,0,21,0,60,0,1,0,0.8544192910194397,0.8544192910194397,0.1455806940793991,0.8544192910194397,21,2,9,zero_shot_paired
305,1,21,1,60,1,1,1,0.7599164843559265,0.7599164843559265,0.24008353054523468,0.7599164843559265,21,2,9,zero_shot_paired
305,2,21,3,60,1,0,0,0.6266080737113953,0.6266080737113953,0.6266080737113953,0.3733919560909271,21,2,9,zero_shot_paired
305,3,21,6,60,1,0,0,0.6366302371025085,0.6366302371025085,0.6366302371025085,0.36336973309516907,21,2,9,zero_shot_paired
305,4,21,7,60,1,1,1,0.893606424331665,0.893606424331665,0.10639355331659317,0.893606424331665,21,2,9,zero_shot_paired
305,5,21,11,60,1,0,0,0.8739562630653381,0.8739562630653381,0.8739562630653381,0.12604373693466187,21,2,9,zero_shot_paired
305,6,21,12,60,0,0,1,0.8240851163864136,0.8240851163864136,0.8240851163864136,0.17591489851474762,21,2,9,zero_shot_paired
305,7,21,14,60,1,0,0,0.6972982287406921,0.6972982287406921,0.6972982287406921,0.30270177125930786,21,2,9,zero_shot_paired
305,8,21,17,60,1,1,1,0.6988065838813782,0.6988065838813782,0.3011934161186218,0.6988065838813782,21,2,9,zero_shot_paired
305,0,21,0,60,0,1,0,0.8546383380889893,0.8546383380889893,0.14536161720752716,0.8546383380889893,21,2,9,post_calibration
305,1,21,1,60,1,1,1,0.7615911364555359,0.7615911364555359,0.2384088635444641,0.7615911364555359,21,2,9,post_calibration
305,2,21,3,60,1,0,0,0.6257919073104858,0.6257919073104858,0.6257919073104858,0.37420809268951416,21,2,9,post_calibration
305,3,21,6,60,1,0,0,0.6340336203575134,0.6340336203575134,0.6340336203575134,0.3659663796424866,21,2,9,post_calibration
305,4,21,7,60,1,1,1,0.8945349454879761,0.8945349454879761,0.10546506941318512,0.8945349454879761,21,2,9,post_calibration
305,5,21,11,60,1,0,0,0.8729933500289917,0.8729933500289917,0.8729933500289917,0.1270066499710083,21,2,9,post_calibration
305,6,21,12,60,0,0,1,0.8260034918785095,0.8260034918785095,0.8260034918785095,0.17399650812149048,21,2,9,post_calibration
305,7,21,14,60,1,0,0,0.6980690360069275,0.6980690360069275,0.6980690360069275,0.3019309937953949,21,2,9,post_calibration
305,8,21,17,60,1,1,1,0.6998252868652344,0.6998252868652344,0.3001747131347656,0.6998252868652344,21,2,9,post_calibration
306,0,21,0,60,0,1,0,0.8543509244918823,0.8543509244918823,0.1456490457057953,0.8543509244918823,21,1,12,zero_shot_paired
306,1,21,5,60,1,1,1,0.8443619012832642,0.8443619012832642,0.15563809871673584,0.8443619012832642,21,1,12,zero_shot_paired
306,2,21,9,60,0,1,0,0.6567408442497253,0.6567408442497253,0.34325915575027466,0.6567408442497253,21,1,12,zero_shot_paired
306,3,21,11,60,1,0,0,0.8739302158355713,0.8739302158355713,0.8739302158355713,0.1260697841644287,21,1,12,zero_shot_paired
306,4,21,15,60,1,0,0,0.8598836064338684,0.8598836064338684,0.8598836064338684,0.14011640846729279,21,1,12,zero_shot_paired
306,5,21,16,60,1,1,1,0.6190917491912842,0.6190917491912842,0.3809082806110382,0.6190917491912842,21,1,12,zero_shot_paired
306,0,21,0,60,0,1,0,0.8621830940246582,0.8621830940246582,0.1378168761730194,0.8621830940246582,21,1,12,post_calibration
306,1,21,5,60,1,1,1,0.8627984523773193,0.8627984523773193,0.13720159232616425,0.8627984523773193,21,1,12,post_calibration
306,2,21,9,60,0,1,0,0.6628561615943909,0.6628561615943909,0.3371438682079315,0.6628561615943909,21,1,12,post_calibration
306,3,21,11,60,1,0,0,0.8586037755012512,0.8586037755012512,0.8586037755012512,0.14139623939990997,21,1,12,post_calibration
306,4,21,15,60,1,0,0,0.8620597720146179,0.8620597720146179,0.8620597720146179,0.1379402130842209,21,1,12,post_calibration
306,5,21,16,60,1,1,1,0.6158660650253296,0.6158660650253296,0.384133905172348,0.6158660650253296,21,1,12,post_calibration
307,0,21,0,60,0,1,0,0.8543509244918823,0.8543509244918823,0.1456490457057953,0.8543509244918823,21,2,12,zero_shot_paired
307,1,21,3,60,1,0,0,0.6266419887542725,0.6266419887542725,0.6266419887542725,0.37335801124572754,21,2,12,zero_shot_paired
307,2,21,5,60,1,1,1,0.8443619012832642,0.8443619012832642,0.15563809871673584,0.8443619012832642,21,2,12,zero_shot_paired
307,3,21,10,60,0,0,1,0.7148799896240234,0.7148799896240234,0.7148799896240234,0.2851199507713318,21,2,12,zero_shot_paired
307,4,21,14,60,1,0,0,0.6972257494926453,0.6972257494926453,0.6972257494926453,0.3027742803096771,21,2,12,zero_shot_paired
307,5,21,17,60,1,1,1,0.6986668705940247,0.6986668705940247,0.30133309960365295,0.6986668705940247,21,2,12,zero_shot_paired
307,0,21,0,60,0,1,0,0.8534400463104248,0.8534400463104248,0.1465599238872528,0.8534400463104248,21,2,12,post_calibration
307,1,21,3,60,1,0,0,0.6096203923225403,0.6096203923225403,0.6096203923225403,0.39037957787513733,21,2,12,post_calibration
307,2,21,5,60,1,1,1,0.8570910692214966,0.8570910692214966,0.1429089903831482,0.8570910692214966,21,2,12,post_calibration
307,3,21,10,60,0,0,1,0.7016332745552063,0.7016332745552063,0.7016332745552063,0.2983667850494385,21,2,12,post_calibration
307,4,21,14,60,1,0,0,0.6772072315216064,0.6772072315216064,0.6772072315216064,0.32279279828071594,21,2,12,post_calibration
307,5,21,17,60,1,1,1,0.714911162853241,0.714911162853241,0.2850888669490814,0.714911162853241,21,2,12,post_calibration
308,0,21,0,60,0,1,0,0.8543509244918823,0.8543509244918823,0.1456490457057953,0.8543509244918823,21,3,12,zero_shot_paired
308,1,21,2,60,1,1,1,0.6499379873275757,0.6499379873275757,0.35006195306777954,0.6499379873275757,21,3,12,zero_shot_paired
308,2,21,4,60,1,1,1,0.7614886164665222,0.7614886164665222,0.23851139843463898,0.7614886164665222,21,3,12,zero_shot_paired
308,3,21,6,60,1,0,0,0.6367679238319397,0.6367679238319397,0.6367679238319397,0.3632320761680603,21,3,12,zero_shot_paired
308,4,21,7,60,1,1,1,0.8937020897865295,0.8937020897865295,0.10629783570766449,0.8937020897865295,21,3,12,zero_shot_paired
308,5,21,10,60,0,0,1,0.7148799896240234,0.7148799896240234,0.7148799896240234,0.2851199507713318,21,3,12,zero_shot_paired
308,0,21,0,60,0,1,0,0.8544695377349854,0.8544695377349854,0.14553040266036987,0.8544695377349854,21,3,12,post_calibration
308,1,21,2,60,1,1,1,0.6548137068748474,0.6548137068748474,0.345186322927475,0.6548137068748474,21,3,12,post_calibration
308,2,21,4,60,1,1,1,0.7657206654548645,0.7657206654548645,0.2342793494462967,0.7657206654548645,21,3,12,post_calibration
308,3,21,6,60,1,0,0,0.6200574040412903,0.6200574040412903,0.6200574040412903,0.3799426257610321,21,3,12,post_calibration
308,4,21,7,60,1,1,1,0.8963924050331116,0.8963924050331116,0.10360753536224365,0.8963924050331116,21,3,12,post_calibration
308,5,21,10,60,0,0,1,0.698364794254303,0.698364794254303,0.698364794254303,0.30163517594337463,21,3,12,post_calibration
23,0,22,0,60,0,0,1,0.6089265942573547,0.6089265942573547,0.6089265942573547,0.3910733759403229,22,,,zero_shot_all_trials
23,1,22,1,60,0,0,1,0.6761723756790161,0.6761723756790161,0.6761723756790161,0.3238276541233063,22,,,zero_shot_all_trials
23,2,22,2,60,1,0,0,0.5364608764648438,0.5364608764648438,0.5364608764648438,0.46353909373283386,22,,,zero_shot_all_trials
23,3,22,3,60,1,1,1,0.6862484812736511,0.6862484812736511,0.3137514889240265,0.6862484812736511,22,,,zero_shot_all_trials
23,4,22,4,60,1,1,1,0.6164200305938721,0.6164200305938721,0.38357996940612793,0.6164200305938721,22,,,zero_shot_all_trials
23,5,22,5,60,1,0,0,0.5982003211975098,0.5982003211975098,0.5982003211975098,0.40179967880249023,22,,,zero_shot_all_trials
23,6,22,6,60,0,0,1,0.7768028974533081,0.7768028974533081,0.7768028974533081,0.2231971025466919,22,,,zero_shot_all_trials
23,7,22,7,60,1,1,1,0.516839325428009,0.516839325428009,0.48316067457199097,0.516839325428009,22,,,zero_shot_all_trials
23,8,22,8,60,0,0,1,0.7010419964790344,0.7010419964790344,0.7010419964790344,0.29895806312561035,22,,,zero_shot_all_trials
23,9,22,9,60,1,0,0,0.5646368265151978,0.5646368265151978,0.5646368265151978,0.43536317348480225,22,,,zero_shot_all_trials
23,10,22,10,60,0,1,0,0.5920770764350891,0.5920770764350891,0.4079229235649109,0.5920770764350891,22,,,zero_shot_all_trials
23,11,22,11,60,0,1,0,0.5716750621795654,0.5716750621795654,0.42832493782043457,0.5716750621795654,22,,,zero_shot_all_trials
23,12,22,12,60,1,0,0,0.5265766978263855,0.5265766978263855,0.5265766978263855,0.4734232723712921,22,,,zero_shot_all_trials
23,13,22,13,60,0,0,1,0.5986843705177307,0.5986843705177307,0.5986843705177307,0.4013156294822693,22,,,zero_shot_all_trials
23,14,22,14,60,0,0,1,0.5503185391426086,0.5503185391426086,0.5503185391426086,0.44968149065971375,22,,,zero_shot_all_trials
23,15,22,15,60,1,0,0,0.5052011609077454,0.5052011609077454,0.5052011609077454,0.49479883909225464,22,,,zero_shot_all_trials
23,16,22,16,60,0,1,0,0.6396674513816833,0.6396674513816833,0.36033254861831665,0.6396674513816833,22,,,zero_shot_all_trials
23,17,22,17,60,1,0,0,0.5775363445281982,0.5775363445281982,0.5775363445281982,0.42246368527412415,22,,,zero_shot_all_trials
309,0,22,1,60,0,0,1,0.676173985004425,0.676173985004425,0.676173985004425,0.32382598519325256,22,1,3,zero_shot_paired
309,1,22,2,60,1,0,0,0.536443829536438,0.536443829536438,0.536443829536438,0.463556170463562,22,1,3,zero_shot_paired
309,2,22,3,60,1,1,1,0.6862517595291138,0.6862517595291138,0.31374818086624146,0.6862517595291138,22,1,3,zero_shot_paired
309,3,22,4,60,1,1,1,0.6164146065711975,0.6164146065711975,0.3835853934288025,0.6164146065711975,22,1,3,zero_shot_paired
309,4,22,5,60,1,0,0,0.5982021689414978,0.5982021689414978,0.5982021689414978,0.4017978012561798,22,1,3,zero_shot_paired
309,5,22,6,60,0,0,1,0.7768028974533081,0.7768028974533081,0.7768028974533081,0.2231971025466919,22,1,3,zero_shot_paired
309,6,22,8,60,0,0,1,0.7010451555252075,0.7010451555252075,0.7010451555252075,0.29895487427711487,22,1,3,zero_shot_paired
309,7,22,9,60,1,0,0,0.5646461844444275,0.5646461844444275,0.5646461844444275,0.4353538155555725,22,1,3,zero_shot_paired
309,8,22,10,60,0,1,0,0.5920807123184204,0.5920807123184204,0.4079192280769348,0.5920807123184204,22,1,3,zero_shot_paired
309,9,22,11,60,0,1,0,0.5716713070869446,0.5716713070869446,0.42832866311073303,0.5716713070869446,22,1,3,zero_shot_paired
309,10,22,12,60,1,0,0,0.5265653133392334,0.5265653133392334,0.5265653133392334,0.473434716463089,22,1,3,zero_shot_paired
309,11,22,13,60,0,0,1,0.5986806750297546,0.5986806750297546,0.5986806750297546,0.401319295167923,22,1,3,zero_shot_paired
309,12,22,14,60,0,0,1,0.5503222942352295,0.5503222942352295,0.5503222942352295,0.4496777057647705,22,1,3,zero_shot_paired
309,13,22,16,60,0,1,0,0.6396657228469849,0.6396657228469849,0.36033424735069275,0.6396657228469849,22,1,3,zero_shot_paired
309,14,22,17,60,1,0,0,0.5775363445281982,0.5775363445281982,0.5775363445281982,0.42246368527412415,22,1,3,zero_shot_paired
309,0,22,1,60,0,0,1,0.6666714549064636,0.6666714549064636,0.6666714549064636,0.33332857489585876,22,1,3,post_calibration
309,1,22,2,60,1,0,0,0.5344302654266357,0.5344302654266357,0.5344302654266357,0.46556970477104187,22,1,3,post_calibration
309,2,22,3,60,1,1,1,0.6988868713378906,0.6988868713378906,0.30111315846443176,0.6988868713378906,22,1,3,post_calibration
309,3,22,4,60,1,1,1,0.6236347556114197,0.6236347556114197,0.37636521458625793,0.6236347556114197,22,1,3,post_calibration
309,4,22,5,60,1,0,0,0.5840914249420166,0.5840914249420166,0.5840914249420166,0.4159086048603058,22,1,3,post_calibration
309,5,22,6,60,0,0,1,0.7720879316329956,0.7720879316329956,0.7720879316329956,0.2279120683670044,22,1,3,post_calibration
309,6,22,8,60,0,0,1,0.6950793862342834,0.6950793862342834,0.6950793862342834,0.30492061376571655,22,1,3,post_calibration
309,7,22,9,60,1,0,0,0.5431245565414429,0.5431245565414429,0.5431245565414429,0.45687544345855713,22,1,3,post_calibration
309,8,22,10,60,0,1,0,0.6002982258796692,0.6002982258796692,0.3997018337249756,0.6002982258796692,22,1,3,post_calibration
309,9,22,11,60,0,1,0,0.5827804803848267,0.5827804803848267,0.41721951961517334,0.5827804803848267,22,1,3,post_calibration
309,10,22,12,60,1,0,0,0.5115679502487183,0.5115679502487183,0.5115679502487183,0.4884321093559265,22,1,3,post_calibration
309,11,22,13,60,0,0,1,0.587373673915863,0.587373673915863,0.587373673915863,0.4126262664794922,22,1,3,post_calibration
309,12,22,14,60,0,0,1,0.5289250016212463,0.5289250016212463,0.5289250016212463,0.4710749387741089,22,1,3,post_calibration
309,13,22,16,60,0,1,0,0.6650163531303406,0.6650163531303406,0.3349836468696594,0.6650163531303406,22,1,3,post_calibration
309,14,22,17,60,1,0,0,0.5672962069511414,0.5672962069511414,0.5672962069511414,0.43270376324653625,22,1,3,post_calibration
310,0,22,0,60,0,0,1,0.6089247465133667,0.6089247465133667,0.6089247465133667,0.3910752236843109,22,2,3,zero_shot_paired
310,1,22,1,60,0,0,1,0.676179051399231,0.676179051399231,0.676179051399231,0.32382097840309143,22,2,3,zero_shot_paired
310,2,22,3,60,1,1,1,0.6862517595291138,0.6862517595291138,0.31374818086624146,0.6862517595291138,22,2,3,zero_shot_paired
310,3,22,4,60,1,1,1,0.6164218187332153,0.6164218187332153,0.3835781514644623,0.6164218187332153,22,2,3,zero_shot_paired
310,4,22,5,60,1,0,0,0.5981893539428711,0.5981893539428711,0.5981893539428711,0.4018106758594513,22,2,3,zero_shot_paired
310,5,22,6,60,0,0,1,0.776785671710968,0.776785671710968,0.776785671710968,0.2232142984867096,22,2,3,zero_shot_paired
310,6,22,7,60,1,1,1,0.5168412327766418,0.5168412327766418,0.48315873742103577,0.5168412327766418,22,2,3,zero_shot_paired
310,7,22,8,60,0,0,1,0.7010355591773987,0.7010355591773987,0.7010355591773987,0.2989644408226013,22,2,3,zero_shot_paired
310,8,22,9,60,1,0,0,0.5646480917930603,0.5646480917930603,0.5646480917930603,0.4353519082069397,22,2,3,zero_shot_paired
310,9,22,11,60,0,1,0,0.5716750621795654,0.5716750621795654,0.42832493782043457,0.5716750621795654,22,2,3,zero_shot_paired
310,10,22,13,60,0,0,1,0.5986806750297546,0.5986806750297546,0.5986806750297546,0.401319295167923,22,2,3,zero_shot_paired
310,11,22,14,60,0,0,1,0.5503336191177368,0.5503336191177368,0.5503336191177368,0.4496663808822632,22,2,3,zero_shot_paired
310,12,22,15,60,1,0,0,0.5051992535591125,0.5051992535591125,0.5051992535591125,0.49480077624320984,22,2,3,zero_shot_paired
310,13,22,16,60,0,1,0,0.6396745443344116,0.6396745443344116,0.3603254556655884,0.6396745443344116,22,2,3,zero_shot_paired
310,14,22,17,60,1,0,0,0.5775270462036133,0.5775270462036133,0.5775270462036133,0.4224729537963867,22,2,3,zero_shot_paired
310,0,22,0,60,0,0,1,0.6055986285209656,0.6055986285209656,0.6055986285209656,0.3944013714790344,22,2,3,post_calibration
310,1,22,1,60,0,0,1,0.6748780012130737,0.6748780012130737,0.6748780012130737,0.3251219689846039,22,2,3,post_calibration
310,2,22,3,60,1,1,1,0.6894542574882507,0.6894542574882507,0.3105456829071045,0.6894542574882507,22,2,3,post_calibration
310,3,22,4,60,1,1,1,0.6263831257820129,0.6263831257820129,0.37361687421798706,0.6263831257820129,22,2,3,post_calibration
310,4,22,5,60,1,0,0,0.5960419774055481,0.5960419774055481,0.5960419774055481,0.4039580523967743,22,2,3,post_calibration
310,5,22,6,60,0,0,1,0.7726083993911743,0.7726083993911743,0.7726083993911743,0.2273915857076645,22,2,3,post_calibration
310,6,22,7,60,1,1,1,0.5198203325271606,0.5198203325271606,0.48017969727516174,0.5198203325271606,22,2,3,post_calibration
310,7,22,8,60,0,0,1,0.698657214641571,0.698657214641571,0.698657214641571,0.30134275555610657,22,2,3,post_calibration
310,8,22,9,60,1,0,0,0.5593182444572449,0.5593182444572449,0.5593182444572449,0.44068172574043274,22,2,3,post_calibration
310,9,22,11,60,0,1,0,0.5765233635902405,0.5765233635902405,0.4234766364097595,0.5765233635902405,22,2,3,post_calibration
310,10,22,13,60,0,0,1,0.558586597442627,0.558586597442627,0.558586597442627,0.44141337275505066,22,2,3,post_calibration
310,11,22,14,60,0,0,1,0.537196934223175,0.537196934223175,0.537196934223175,0.46280306577682495,22,2,3,post_calibration
310,12,22,15,60,1,0,0,0.5001220107078552,0.5001220107078552,0.5001220107078552,0.4998779296875,22,2,3,post_calibration
310,13,22,16,60,0,1,0,0.6652576923370361,0.6652576923370361,0.33474236726760864,0.6652576923370361,22,2,3,post_calibration
310,14,22,17,60,1,0,0,0.5714789032936096,0.5714789032936096,0.5714789032936096,0.4285210967063904,22,2,3,post_calibration
311,0,22,0,60,0,0,1,0.6089247465133667,0.6089247465133667,0.6089247465133667,0.3910752236843109,22,3,3,zero_shot_paired
311,1,22,1,60,0,0,1,0.676179051399231,0.676179051399231,0.676179051399231,0.32382097840309143,22,3,3,zero_shot_paired
311,2,22,2,60,1,0,0,0.5364552140235901,0.5364552140235901,0.5364552140235901,0.4635447561740875,22,3,3,zero_shot_paired
311,3,22,3,60,1,1,1,0.6862517595291138,0.6862517595291138,0.31374818086624146,0.6862517595291138,22,3,3,zero_shot_paired
311,4,22,5,60,1,0,0,0.5981893539428711,0.5981893539428711,0.5981893539428711,0.4018106758594513,22,3,3,zero_shot_paired
311,5,22,7,60,1,1,1,0.5168412327766418,0.5168412327766418,0.48315873742103577,0.5168412327766418,22,3,3,zero_shot_paired
311,6,22,8,60,0,0,1,0.7010355591773987,0.7010355591773987,0.7010355591773987,0.2989644408226013,22,3,3,zero_shot_paired
311,7,22,9,60,1,0,0,0.5646480917930603,0.5646480917930603,0.5646480917930603,0.4353519082069397,22,3,3,zero_shot_paired
311,8,22,10,60,0,1,0,0.5920770764350891,0.5920770764350891,0.4079229235649109,0.5920770764350891,22,3,3,zero_shot_paired
311,9,22,11,60,0,1,0,0.5716750621795654,0.5716750621795654,0.42832493782043457,0.5716750621795654,22,3,3,zero_shot_paired
311,10,22,12,60,1,0,0,0.5265728831291199,0.5265728831291199,0.5265728831291199,0.47342708706855774,22,3,3,zero_shot_paired
311,11,22,14,60,0,0,1,0.5503336191177368,0.5503336191177368,0.5503336191177368,0.4496663808822632,22,3,3,zero_shot_paired
311,12,22,15,60,1,0,0,0.5051992535591125,0.5051992535591125,0.5051992535591125,0.49480077624320984,22,3,3,zero_shot_paired
311,13,22,16,60,0,1,0,0.6396745443344116,0.6396745443344116,0.3603254556655884,0.6396745443344116,22,3,3,zero_shot_paired
311,14,22,17,60,1,0,0,0.5775270462036133,0.5775270462036133,0.5775270462036133,0.4224729537963867,22,3,3,zero_shot_paired
311,0,22,0,60,0,0,1,0.6050699949264526,0.6050699949264526,0.6050699949264526,0.394929975271225,22,3,3,post_calibration
311,1,22,1,60,0,0,1,0.6715512871742249,0.6715512871742249,0.6715512871742249,0.32844865322113037,22,3,3,post_calibration
311,2,22,2,60,1,0,0,0.5286436676979065,0.5286436676979065,0.5286436676979065,0.4713563323020935,22,3,3,post_calibration
311,3,22,3,60,1,1,1,0.6854841113090515,0.6854841113090515,0.3145158588886261,0.6854841113090515,22,3,3,post_calibration
311,4,22,5,60,1,0,0,0.5971124172210693,0.5971124172210693,0.5971124172210693,0.40288758277893066,22,3,3,post_calibration
311,5,22,7,60,1,1,1,0.5238409638404846,0.5238409638404846,0.47615906596183777,0.5238409638404846,22,3,3,post_calibration
311,6,22,8,60,0,0,1,0.6989607214927673,0.6989607214927673,0.6989607214927673,0.30103927850723267,22,3,3,post_calibration
311,7,22,9,60,1,0,0,0.5541424751281738,0.5541424751281738,0.5541424751281738,0.4458574950695038,22,3,3,post_calibration
311,8,22,10,60,0,1,0,0.5912918448448181,0.5912918448448181,0.4087081253528595,0.5912918448448181,22,3,3,post_calibration
311,9,22,11,60,0,1,0,0.5709407329559326,0.5709407329559326,0.4290592670440674,0.5709407329559326,22,3,3,post_calibration
311,10,22,12,60,1,0,0,0.5207971334457397,0.5207971334457397,0.5207971334457397,0.4792028069496155,22,3,3,post_calibration
311,11,22,14,60,0,0,1,0.5433100461959839,0.5433100461959839,0.5433100461959839,0.4566899240016937,22,3,3,post_calibration
311,12,22,15,60,1,1,1,0.5007381439208984,0.5007381439208984,0.49926185607910156,0.5007381439208984,22,3,3,post_calibration
311,13,22,16,60,0,1,0,0.647639811038971,0.647639811038971,0.35236021876335144,0.647639811038971,22,3,3,post_calibration
311,14,22,17,60,1,0,0,0.568316638469696,0.568316638469696,0.568316638469696,0.43168336153030396,22,3,3,post_calibration
312,0,22,0,60,0,0,1,0.6089247465133667,0.6089247465133667,0.6089247465133667,0.3910752236843109,22,4,3,zero_shot_paired
312,1,22,1,60,0,0,1,0.676179051399231,0.676179051399231,0.676179051399231,0.32382097840309143,22,4,3,zero_shot_paired
312,2,22,2,60,1,0,0,0.5364552140235901,0.5364552140235901,0.5364552140235901,0.4635447561740875,22,4,3,zero_shot_paired
312,3,22,3,60,1,1,1,0.6862517595291138,0.6862517595291138,0.31374818086624146,0.6862517595291138,22,4,3,zero_shot_paired
312,4,22,4,60,1,1,1,0.6164218187332153,0.6164218187332153,0.3835781514644623,0.6164218187332153,22,4,3,zero_shot_paired
312,5,22,5,60,1,0,0,0.5981893539428711,0.5981893539428711,0.5981893539428711,0.4018106758594513,22,4,3,zero_shot_paired
312,6,22,6,60,0,0,1,0.776785671710968,0.776785671710968,0.776785671710968,0.2232142984867096,22,4,3,zero_shot_paired
312,7,22,7,60,1,1,1,0.5168412327766418,0.5168412327766418,0.48315873742103577,0.5168412327766418,22,4,3,zero_shot_paired
312,8,22,8,60,0,0,1,0.7010355591773987,0.7010355591773987,0.7010355591773987,0.2989644408226013,22,4,3,zero_shot_paired
312,9,22,10,60,0,1,0,0.5920770764350891,0.5920770764350891,0.4079229235649109,0.5920770764350891,22,4,3,zero_shot_paired
312,10,22,12,60,1,0,0,0.5265728831291199,0.5265728831291199,0.5265728831291199,0.47342708706855774,22,4,3,zero_shot_paired
312,11,22,13,60,0,0,1,0.5986806750297546,0.5986806750297546,0.5986806750297546,0.401319295167923,22,4,3,zero_shot_paired
312,12,22,15,60,1,0,0,0.5051992535591125,0.5051992535591125,0.5051992535591125,0.49480077624320984,22,4,3,zero_shot_paired
312,13,22,16,60,0,1,0,0.6396745443344116,0.6396745443344116,0.3603254556655884,0.6396745443344116,22,4,3,zero_shot_paired
312,14,22,17,60,1,0,0,0.5775270462036133,0.5775270462036133,0.5775270462036133,0.4224729537963867,22,4,3,zero_shot_paired
312,0,22,0,60,0,0,1,0.6138443350791931,0.6138443350791931,0.6138443350791931,0.3861556351184845,22,4,3,post_calibration
312,1,22,1,60,0,0,1,0.6620594263076782,0.6620594263076782,0.6620594263076782,0.3379405438899994,22,4,3,post_calibration
312,2,22,2,60,1,0,0,0.5339765548706055,0.5339765548706055,0.5339765548706055,0.46602341532707214,22,4,3,post_calibration
312,3,22,3,60,1,1,1,0.6751474738121033,0.6751474738121033,0.32485252618789673,0.6751474738121033,22,4,3,post_calibration
312,4,22,4,60,1,1,1,0.620053768157959,0.620053768157959,0.37994620203971863,0.620053768157959,22,4,3,post_calibration
312,5,22,5,60,1,0,0,0.5985175371170044,0.5985175371170044,0.5985175371170044,0.4014824628829956,22,4,3,post_calibration
312,6,22,6,60,0,0,1,0.7794778943061829,0.7794778943061829,0.7794778943061829,0.22052206099033356,22,4,3,post_calibration
312,7,22,7,60,1,1,1,0.5193994045257568,0.5193994045257568,0.4806005656719208,0.5193994045257568,22,4,3,post_calibration
312,8,22,8,60,0,0,1,0.6995752453804016,0.6995752453804016,0.6995752453804016,0.3004247844219208,22,4,3,post_calibration
312,9,22,10,60,0,1,0,0.5806177258491516,0.5806177258491516,0.419382244348526,0.5806177258491516,22,4,3,post_calibration
312,10,22,12,60,1,0,0,0.546220064163208,0.546220064163208,0.546220064163208,0.453779935836792,22,4,3,post_calibration
312,11,22,13,60,0,0,1,0.6187732219696045,0.6187732219696045,0.6187732219696045,0.3812267482280731,22,4,3,post_calibration
312,12,22,15,60,1,0,0,0.5344113111495972,0.5344113111495972,0.5344113111495972,0.46558868885040283,22,4,3,post_calibration
312,13,22,16,60,0,1,0,0.6123893857002258,0.6123893857002258,0.38761064410209656,0.6123893857002258,22,4,3,post_calibration
312,14,22,17,60,1,0,0,0.5734320878982544,0.5734320878982544,0.5734320878982544,0.4265679121017456,22,4,3,post_calibration
313,0,22,0,60,0,0,1,0.6089247465133667,0.6089247465133667,0.6089247465133667,0.3910752236843109,22,5,3,zero_shot_paired
313,1,22,2,60,1,0,0,0.5364552140235901,0.5364552140235901,0.5364552140235901,0.4635447561740875,22,5,3,zero_shot_paired
313,2,22,4,60,1,1,1,0.6164218187332153,0.6164218187332153,0.3835781514644623,0.6164218187332153,22,5,3,zero_shot_paired
313,3,22,5,60,1,0,0,0.5981893539428711,0.5981893539428711,0.5981893539428711,0.4018106758594513,22,5,3,zero_shot_paired
313,4,22,6,60,0,0,1,0.776785671710968,0.776785671710968,0.776785671710968,0.2232142984867096,22,5,3,zero_shot_paired
313,5,22,7,60,1,1,1,0.5168412327766418,0.5168412327766418,0.48315873742103577,0.5168412327766418,22,5,3,zero_shot_paired
313,6,22,8,60,0,0,1,0.7010355591773987,0.7010355591773987,0.7010355591773987,0.2989644408226013,22,5,3,zero_shot_paired
313,7,22,9,60,1,0,0,0.5646480917930603,0.5646480917930603,0.5646480917930603,0.4353519082069397,22,5,3,zero_shot_paired
313,8,22,10,60,0,1,0,0.5920770764350891,0.5920770764350891,0.4079229235649109,0.5920770764350891,22,5,3,zero_shot_paired
313,9,22,11,60,0,1,0,0.5716750621795654,0.5716750621795654,0.42832493782043457,0.5716750621795654,22,5,3,zero_shot_paired
313,10,22,12,60,1,0,0,0.5265728831291199,0.5265728831291199,0.5265728831291199,0.47342708706855774,22,5,3,zero_shot_paired
313,11,22,13,60,0,0,1,0.5986806750297546,0.5986806750297546,0.5986806750297546,0.401319295167923,22,5,3,zero_shot_paired
313,12,22,14,60,0,0,1,0.5503336191177368,0.5503336191177368,0.5503336191177368,0.4496663808822632,22,5,3,zero_shot_paired
313,13,22,15,60,1,0,0,0.5051992535591125,0.5051992535591125,0.5051992535591125,0.49480077624320984,22,5,3,zero_shot_paired
313,14,22,16,60,0,1,0,0.6396745443344116,0.6396745443344116,0.3603254556655884,0.6396745443344116,22,5,3,zero_shot_paired
313,0,22,0,60,0,0,1,0.6103699803352356,0.6103699803352356,0.6103699803352356,0.38962996006011963,22,5,3,post_calibration
313,1,22,2,60,1,0,0,0.5271187424659729,0.5271187424659729,0.5271187424659729,0.4728812277317047,22,5,3,post_calibration
313,2,22,4,60,1,1,1,0.6248176693916321,0.6248176693916321,0.37518230080604553,0.6248176693916321,22,5,3,post_calibration
313,3,22,5,60,1,0,0,0.5872516632080078,0.5872516632080078,0.5872516632080078,0.4127483367919922,22,5,3,post_calibration
313,4,22,6,60,0,0,1,0.7731159925460815,0.7731159925460815,0.7731159925460815,0.22688397765159607,22,5,3,post_calibration
313,5,22,7,60,1,1,1,0.5351895689964294,0.5351895689964294,0.46481046080589294,0.5351895689964294,22,5,3,post_calibration
313,6,22,8,60,0,0,1,0.6964375972747803,0.6964375972747803,0.6964375972747803,0.3035624027252197,22,5,3,post_calibration
313,7,22,9,60,1,0,0,0.5608991384506226,0.5608991384506226,0.5608991384506226,0.43910083174705505,22,5,3,post_calibration
313,8,22,10,60,0,1,0,0.5976940989494324,0.5976940989494324,0.40230587124824524,0.5976940989494324,22,5,3,post_calibration
313,9,22,11,60,0,1,0,0.5675920844078064,0.5675920844078064,0.4324078857898712,0.5675920844078064,22,5,3,post_calibration
313,10,22,12,60,1,0,0,0.514106810092926,0.514106810092926,0.514106810092926,0.48589321970939636,22,5,3,post_calibration
313,11,22,13,60,0,0,1,0.5918559432029724,0.5918559432029724,0.5918559432029724,0.4081440567970276,22,5,3,post_calibration
313,12,22,14,60,0,0,1,0.5311903357505798,0.5311903357505798,0.5311903357505798,0.4688096046447754,22,5,3,post_calibration
313,13,22,15,60,1,0,0,0.5031776428222656,0.5031776428222656,0.5031776428222656,0.49682241678237915,22,5,3,post_calibration
313,14,22,16,60,0,1,0,0.6507638096809387,0.6507638096809387,0.3492361605167389,0.6507638096809387,22,5,3,post_calibration
314,0,22,0,60,0,0,1,0.6089247465133667,0.6089247465133667,0.6089247465133667,0.3910752236843109,22,6,3,zero_shot_paired
314,1,22,1,60,0,0,1,0.676179051399231,0.676179051399231,0.676179051399231,0.32382097840309143,22,6,3,zero_shot_paired
314,2,22,2,60,1,0,0,0.5364552140235901,0.5364552140235901,0.5364552140235901,0.4635447561740875,22,6,3,zero_shot_paired
314,3,22,3,60,1,1,1,0.6862517595291138,0.6862517595291138,0.31374818086624146,0.6862517595291138,22,6,3,zero_shot_paired
314,4,22,4,60,1,1,1,0.6164218187332153,0.6164218187332153,0.3835781514644623,0.6164218187332153,22,6,3,zero_shot_paired
314,5,22,6,60,0,0,1,0.776785671710968,0.776785671710968,0.776785671710968,0.2232142984867096,22,6,3,zero_shot_paired
314,6,22,7,60,1,1,1,0.5168412327766418,0.5168412327766418,0.48315873742103577,0.5168412327766418,22,6,3,zero_shot_paired
314,7,22,9,60,1,0,0,0.5646480917930603,0.5646480917930603,0.5646480917930603,0.4353519082069397,22,6,3,zero_shot_paired
314,8,22,10,60,0,1,0,0.5920770764350891,0.5920770764350891,0.4079229235649109,0.5920770764350891,22,6,3,zero_shot_paired
314,9,22,11,60,0,1,0,0.5716750621795654,0.5716750621795654,0.42832493782043457,0.5716750621795654,22,6,3,zero_shot_paired
314,10,22,12,60,1,0,0,0.5265728831291199,0.5265728831291199,0.5265728831291199,0.47342708706855774,22,6,3,zero_shot_paired
314,11,22,13,60,0,0,1,0.5986806750297546,0.5986806750297546,0.5986806750297546,0.401319295167923,22,6,3,zero_shot_paired
314,12,22,14,60,0,0,1,0.5503336191177368,0.5503336191177368,0.5503336191177368,0.4496663808822632,22,6,3,zero_shot_paired
314,13,22,15,60,1,0,0,0.5051992535591125,0.5051992535591125,0.5051992535591125,0.49480077624320984,22,6,3,zero_shot_paired
314,14,22,17,60,1,0,0,0.5775270462036133,0.5775270462036133,0.5775270462036133,0.4224729537963867,22,6,3,zero_shot_paired
314,0,22,0,60,0,0,1,0.6137015223503113,0.6137015223503113,0.6137015223503113,0.3862984776496887,22,6,3,post_calibration
314,1,22,1,60,0,0,1,0.6776440143585205,0.6776440143585205,0.6776440143585205,0.3223559558391571,22,6,3,post_calibration
314,2,22,2,60,1,0,0,0.5241872668266296,0.5241872668266296,0.5241872668266296,0.47581273317337036,22,6,3,post_calibration
314,3,22,3,60,1,1,1,0.6935913562774658,0.6935913562774658,0.30640867352485657,0.6935913562774658,22,6,3,post_calibration
314,4,22,4,60,1,1,1,0.6112768054008484,0.6112768054008484,0.38872313499450684,0.6112768054008484,22,6,3,post_calibration
314,5,22,6,60,0,0,1,0.7820909023284912,0.7820909023284912,0.7820909023284912,0.2179090678691864,22,6,3,post_calibration
314,6,22,7,60,1,1,1,0.510410726070404,0.510410726070404,0.48958927392959595,0.510410726070404,22,6,3,post_calibration
314,7,22,9,60,1,0,0,0.5790284872055054,0.5790284872055054,0.5790284872055054,0.42097148299217224,22,6,3,post_calibration
314,8,22,10,60,0,1,0,0.586822509765625,0.586822509765625,0.4131774306297302,0.586822509765625,22,6,3,post_calibration
314,9,22,11,60,0,1,0,0.5501750707626343,0.5501750707626343,0.4498249590396881,0.5501750707626343,22,6,3,post_calibration
314,10,22,12,60,1,0,0,0.5655274391174316,0.5655274391174316,0.5655274391174316,0.43447253108024597,22,6,3,post_calibration
314,11,22,13,60,0,0,1,0.6338955163955688,0.6338955163955688,0.6338955163955688,0.36610445380210876,22,6,3,post_calibration
314,12,22,14,60,0,0,1,0.5686591267585754,0.5686591267585754,0.5686591267585754,0.43134090304374695,22,6,3,post_calibration
314,13,22,15,60,1,0,0,0.5286379456520081,0.5286379456520081,0.5286379456520081,0.47136199474334717,22,6,3,post_calibration
314,14,22,17,60,1,0,0,0.5838170647621155,0.5838170647621155,0.5838170647621155,0.41618290543556213,22,6,3,post_calibration
315,0,22,0,60,0,0,1,0.6089247465133667,0.6089247465133667,0.6089247465133667,0.3910752236843109,22,1,6,zero_shot_paired
315,1,22,2,60,1,0,0,0.5364552140235901,0.5364552140235901,0.5364552140235901,0.4635447561740875,22,1,6,zero_shot_paired
315,2,22,4,60,1,1,1,0.6164218187332153,0.6164218187332153,0.3835781514644623,0.6164218187332153,22,1,6,zero_shot_paired
315,3,22,5,60,1,0,0,0.5981893539428711,0.5981893539428711,0.5981893539428711,0.4018106758594513,22,1,6,zero_shot_paired
315,4,22,6,60,0,0,1,0.776785671710968,0.776785671710968,0.776785671710968,0.2232142984867096,22,1,6,zero_shot_paired
315,5,22,7,60,1,1,1,0.5168412327766418,0.5168412327766418,0.48315873742103577,0.5168412327766418,22,1,6,zero_shot_paired
315,6,22,8,60,0,0,1,0.7010355591773987,0.7010355591773987,0.7010355591773987,0.2989644408226013,22,1,6,zero_shot_paired
315,7,22,9,60,1,0,0,0.5646480917930603,0.5646480917930603,0.5646480917930603,0.4353519082069397,22,1,6,zero_shot_paired
315,8,22,10,60,0,1,0,0.5920770764350891,0.5920770764350891,0.4079229235649109,0.5920770764350891,22,1,6,zero_shot_paired
315,9,22,12,60,1,0,0,0.5265728831291199,0.5265728831291199,0.5265728831291199,0.47342708706855774,22,1,6,zero_shot_paired
315,10,22,13,60,0,0,1,0.5986806750297546,0.5986806750297546,0.5986806750297546,0.401319295167923,22,1,6,zero_shot_paired
315,11,22,16,60,0,1,0,0.6396745443344116,0.6396745443344116,0.3603254556655884,0.6396745443344116,22,1,6,zero_shot_paired
315,0,22,0,60,0,0,1,0.6049168705940247,0.6049168705940247,0.6049168705940247,0.39508312940597534,22,1,6,post_calibration
315,1,22,2,60,1,0,0,0.5270141959190369,0.5270141959190369,0.5270141959190369,0.4729858636856079,22,1,6,post_calibration
315,2,22,4,60,1,1,1,0.6171701550483704,0.6171701550483704,0.38282978534698486,0.6171701550483704,22,1,6,post_calibration
315,3,22,5,60,1,0,0,0.5924050211906433,0.5924050211906433,0.5924050211906433,0.4075949788093567,22,1,6,post_calibration
315,4,22,6,60,0,0,1,0.7736321687698364,0.7736321687698364,0.7736321687698364,0.22636781632900238,22,1,6,post_calibration
315,5,22,7,60,1,1,1,0.5066028833389282,0.5066028833389282,0.4933971166610718,0.5066028833389282,22,1,6,post_calibration
315,6,22,8,60,0,0,1,0.6953817009925842,0.6953817009925842,0.6953817009925842,0.30461832880973816,22,1,6,post_calibration
315,7,22,9,60,1,0,0,0.5810914039611816,0.5810914039611816,0.5810914039611816,0.41890859603881836,22,1,6,post_calibration
315,8,22,10,60,0,1,0,0.6015716195106506,0.6015716195106506,0.398428350687027,0.6015716195106506,22,1,6,post_calibration
315,9,22,12,60,1,0,0,0.5274040102958679,0.5274040102958679,0.5274040102958679,0.4725959897041321,22,1,6,post_calibration
315,10,22,13,60,0,0,1,0.6054965257644653,0.6054965257644653,0.6054965257644653,0.3945034444332123,22,1,6,post_calibration
315,11,22,16,60,0,1,0,0.632641077041626,0.632641077041626,0.367358922958374,0.632641077041626,22,1,6,post_calibration
316,0,22,0,60,0,0,1,0.6089247465133667,0.6089247465133667,0.6089247465133667,0.3910752236843109,22,2,6,zero_shot_paired
316,1,22,1,60,0,0,1,0.676179051399231,0.676179051399231,0.676179051399231,0.32382097840309143,22,2,6,zero_shot_paired
316,2,22,3,60,1,1,1,0.6862517595291138,0.6862517595291138,0.31374818086624146,0.6862517595291138,22,2,6,zero_shot_paired
316,3,22,4,60,1,1,1,0.6164218187332153,0.6164218187332153,0.3835781514644623,0.6164218187332153,22,2,6,zero_shot_paired
316,4,22,9,60,1,0,0,0.5646480917930603,0.5646480917930603,0.5646480917930603,0.4353519082069397,22,2,6,zero_shot_paired
316,5,22,10,60,0,1,0,0.5920770764350891,0.5920770764350891,0.4079229235649109,0.5920770764350891,22,2,6,zero_shot_paired
316,6,22,11,60,0,1,0,0.5716750621795654,0.5716750621795654,0.42832493782043457,0.5716750621795654,22,2,6,zero_shot_paired
316,7,22,12,60,1,0,0,0.5265728831291199,0.5265728831291199,0.5265728831291199,0.47342708706855774,22,2,6,zero_shot_paired
316,8,22,13,60,0,0,1,0.5986806750297546,0.5986806750297546,0.5986806750297546,0.401319295167923,22,2,6,zero_shot_paired
316,9,22,14,60,0,0,1,0.5503336191177368,0.5503336191177368,0.5503336191177368,0.4496663808822632,22,2,6,zero_shot_paired
316,10,22,15,60,1,0,0,0.5051992535591125,0.5051992535591125,0.5051992535591125,0.49480077624320984,22,2,6,zero_shot_paired
316,11,22,17,60,1,0,0,0.5775270462036133,0.5775270462036133,0.5775270462036133,0.4224729537963867,22,2,6,zero_shot_paired
316,0,22,0,60,0,0,1,0.6098618507385254,0.6098618507385254,0.6098618507385254,0.3901381194591522,22,2,6,post_calibration
316,1,22,1,60,0,0,1,0.6743956804275513,0.6743956804275513,0.6743956804275513,0.32560428977012634,22,2,6,post_calibration
316,2,22,3,60,1,1,1,0.7021472454071045,0.7021472454071045,0.2978527545928955,0.7021472454071045,22,2,6,post_calibration
316,3,22,4,60,1,1,1,0.6169574856758118,0.6169574856758118,0.3830425441265106,0.6169574856758118,22,2,6,post_calibration
316,4,22,9,60,1,0,0,0.5674647688865662,0.5674647688865662,0.5674647688865662,0.43253520131111145,22,2,6,post_calibration
316,5,22,10,60,0,1,0,0.5919480919837952,0.5919480919837952,0.40805190801620483,0.5919480919837952,22,2,6,post_calibration
316,6,22,11,60,0,1,0,0.5626534223556519,0.5626534223556519,0.43734654784202576,0.5626534223556519,22,2,6,post_calibration
316,7,22,12,60,1,0,0,0.5473091006278992,0.5473091006278992,0.5473091006278992,0.45269089937210083,22,2,6,post_calibration
316,8,22,13,60,0,0,1,0.6173413991928101,0.6173413991928101,0.6173413991928101,0.38265854120254517,22,2,6,post_calibration
316,9,22,14,60,0,0,1,0.5516945123672485,0.5516945123672485,0.5516945123672485,0.44830551743507385,22,2,6,post_calibration
316,10,22,15,60,1,0,0,0.5091714262962341,0.5091714262962341,0.5091714262962341,0.49082860350608826,22,2,6,post_calibration
316,11,22,17,60,1,0,0,0.5838430523872375,0.5838430523872375,0.5838430523872375,0.41615694761276245,22,2,6,post_calibration
317,0,22,1,60,0,0,1,0.676179051399231,0.676179051399231,0.676179051399231,0.32382097840309143,22,3,6,zero_shot_paired
317,1,22,2,60,1,0,0,0.5364552140235901,0.5364552140235901,0.5364552140235901,0.4635447561740875,22,3,6,zero_shot_paired
317,2,22,3,60,1,1,1,0.6862517595291138,0.6862517595291138,0.31374818086624146,0.6862517595291138,22,3,6,zero_shot_paired
317,3,22,5,60,1,0,0,0.5981893539428711,0.5981893539428711,0.5981893539428711,0.4018106758594513,22,3,6,zero_shot_paired
317,4,22,6,60,0,0,1,0.776785671710968,0.776785671710968,0.776785671710968,0.2232142984867096,22,3,6,zero_shot_paired
317,5,22,7,60,1,1,1,0.5168412327766418,0.5168412327766418,0.48315873742103577,0.5168412327766418,22,3,6,zero_shot_paired
317,6,22,8,60,0,0,1,0.7010355591773987,0.7010355591773987,0.7010355591773987,0.2989644408226013,22,3,6,zero_shot_paired
317,7,22,11,60,0,1,0,0.5716750621795654,0.5716750621795654,0.42832493782043457,0.5716750621795654,22,3,6,zero_shot_paired
317,8,22,14,60,0,0,1,0.5503336191177368,0.5503336191177368,0.5503336191177368,0.4496663808822632,22,3,6,zero_shot_paired
317,9,22,15,60,1,0,0,0.5051992535591125,0.5051992535591125,0.5051992535591125,0.49480077624320984,22,3,6,zero_shot_paired
317,10,22,16,60,0,1,0,0.6396745443344116,0.6396745443344116,0.3603254556655884,0.6396745443344116,22,3,6,zero_shot_paired
317,11,22,17,60,1,0,0,0.5775270462036133,0.5775270462036133,0.5775270462036133,0.4224729537963867,22,3,6,zero_shot_paired
317,0,22,1,60,0,0,1,0.6695051789283752,0.6695051789283752,0.6695051789283752,0.33049485087394714,22,3,6,post_calibration
317,1,22,2,60,1,0,0,0.5432116389274597,0.5432116389274597,0.5432116389274597,0.4567883610725403,22,3,6,post_calibration
317,2,22,3,60,1,1,1,0.678534984588623,0.678534984588623,0.32146501541137695,0.678534984588623,22,3,6,post_calibration
317,3,22,5,60,1,0,0,0.5991681814193726,0.5991681814193726,0.5991681814193726,0.40083181858062744,22,3,6,post_calibration
317,4,22,6,60,0,0,1,0.7794084548950195,0.7794084548950195,0.7794084548950195,0.22059156000614166,22,3,6,post_calibration
317,5,22,7,60,1,1,1,0.5268791317939758,0.5268791317939758,0.47312086820602417,0.5268791317939758,22,3,6,post_calibration
317,6,22,8,60,0,0,1,0.7038373947143555,0.7038373947143555,0.7038373947143555,0.29616260528564453,22,3,6,post_calibration
317,7,22,11,60,0,1,0,0.5740571618080139,0.5740571618080139,0.42594286799430847,0.5740571618080139,22,3,6,post_calibration
317,8,22,14,60,0,0,1,0.5480027794837952,0.5480027794837952,0.5480027794837952,0.4519972801208496,22,3,6,post_calibration
317,9,22,15,60,1,0,0,0.5116937160491943,0.5116937160491943,0.5116937160491943,0.48830628395080566,22,3,6,post_calibration
317,10,22,16,60,0,1,0,0.6496688723564148,0.6496688723564148,0.35033106803894043,0.6496688723564148,22,3,6,post_calibration
317,11,22,17,60,1,0,0,0.5677700042724609,0.5677700042724609,0.5677700042724609,0.43222999572753906,22,3,6,post_calibration
318,0,22,1,60,0,0,1,0.676179051399231,0.676179051399231,0.676179051399231,0.32382097840309143,22,1,9,zero_shot_paired
318,1,22,3,60,1,1,1,0.6862797141075134,0.6862797141075134,0.3137202858924866,0.6862797141075134,22,1,9,zero_shot_paired
318,2,22,4,60,1,1,1,0.6164200305938721,0.6164200305938721,0.38357996940612793,0.6164200305938721,22,1,9,zero_shot_paired
318,3,22,5,60,1,0,0,0.5981911420822144,0.5981911420822144,0.5981911420822144,0.40180885791778564,22,1,9,zero_shot_paired
318,4,22,11,60,0,1,0,0.5716676115989685,0.5716676115989685,0.4283324182033539,0.5716676115989685,22,1,9,zero_shot_paired
318,5,22,12,60,1,0,0,0.5265747904777527,0.5265747904777527,0.5265747904777527,0.4734251797199249,22,1,9,zero_shot_paired
318,6,22,13,60,0,0,1,0.5986770391464233,0.5986770391464233,0.5986770391464233,0.40132296085357666,22,1,9,zero_shot_paired
318,7,22,15,60,1,0,0,0.5052125453948975,0.5052125453948975,0.5052125453948975,0.49478739500045776,22,1,9,zero_shot_paired
318,8,22,16,60,0,1,0,0.6396639347076416,0.6396639347076416,0.3603360652923584,0.6396639347076416,22,1,9,zero_shot_paired
318,0,22,1,60,0,0,1,0.6552601456642151,0.6552601456642151,0.6552601456642151,0.3447398245334625,22,1,9,post_calibration
318,1,22,3,60,1,1,1,0.6763393878936768,0.6763393878936768,0.32366061210632324,0.6763393878936768,22,1,9,post_calibration
318,2,22,4,60,1,1,1,0.6272540092468262,0.6272540092468262,0.3727460205554962,0.6272540092468262,22,1,9,post_calibration
318,3,22,5,60,1,0,0,0.5949539542198181,0.5949539542198181,0.5949539542198181,0.4050460457801819,22,1,9,post_calibration
318,4,22,11,60,0,1,0,0.5700377821922302,0.5700377821922302,0.4299622178077698,0.5700377821922302,22,1,9,post_calibration
318,5,22,12,60,1,0,0,0.5309471487998962,0.5309471487998962,0.5309471487998962,0.46905282139778137,22,1,9,post_calibration
318,6,22,13,60,0,0,1,0.6011765599250793,0.6011765599250793,0.6011765599250793,0.39882344007492065,22,1,9,post_calibration
318,7,22,15,60,1,0,0,0.5129499435424805,0.5129499435424805,0.5129499435424805,0.4870500862598419,22,1,9,post_calibration
318,8,22,16,60,0,1,0,0.6400771737098694,0.6400771737098694,0.3599228858947754,0.6400771737098694,22,1,9,post_calibration
319,0,22,0,60,0,0,1,0.6089320778846741,0.6089320778846741,0.6089320778846741,0.3910679519176483,22,2,9,zero_shot_paired
319,1,22,2,60,1,0,0,0.5364590287208557,0.5364590287208557,0.5364590287208557,0.4635409712791443,22,2,9,zero_shot_paired
319,2,22,6,60,0,0,1,0.7768028974533081,0.7768028974533081,0.7768028974533081,0.2231971025466919,22,2,9,zero_shot_paired
319,3,22,7,60,1,1,1,0.5168412327766418,0.5168412327766418,0.48315873742103577,0.5168412327766418,22,2,9,zero_shot_paired
319,4,22,8,60,0,0,1,0.7010403275489807,0.7010403275489807,0.7010403275489807,0.2989596724510193,22,2,9,zero_shot_paired
319,5,22,9,60,1,0,0,0.5646424889564514,0.5646424889564514,0.5646424889564514,0.43535754084587097,22,2,9,zero_shot_paired
319,6,22,10,60,0,1,0,0.5920659899711609,0.5920659899711609,0.4079339802265167,0.5920659899711609,22,2,9,zero_shot_paired
319,7,22,14,60,0,0,1,0.5503355264663696,0.5503355264663696,0.5503355264663696,0.44966447353363037,22,2,9,zero_shot_paired
319,8,22,17,60,1,0,0,0.5775306820869446,0.5775306820869446,0.5775306820869446,0.42246925830841064,22,2,9,zero_shot_paired
319,0,22,0,60,0,0,1,0.6045156717300415,0.6045156717300415,0.6045156717300415,0.3954843580722809,22,2,9,post_calibration
319,1,22,2,60,1,0,0,0.523892343044281,0.523892343044281,0.523892343044281,0.476107656955719,22,2,9,post_calibration
319,2,22,6,60,0,0,1,0.7795487642288208,0.7795487642288208,0.7795487642288208,0.2204512506723404,22,2,9,post_calibration
319,3,22,7,60,1,1,1,0.5099397897720337,0.5099397897720337,0.4900602102279663,0.5099397897720337,22,2,9,post_calibration
319,4,22,8,60,0,0,1,0.7005428075790405,0.7005428075790405,0.7005428075790405,0.2994571626186371,22,2,9,post_calibration
319,5,22,9,60,1,0,0,0.5913877487182617,0.5913877487182617,0.5913877487182617,0.4086122512817383,22,2,9,post_calibration
319,6,22,10,60,0,1,0,0.588346004486084,0.588346004486084,0.4116540253162384,0.588346004486084,22,2,9,post_calibration
319,7,22,14,60,0,0,1,0.5567366480827332,0.5567366480827332,0.5567366480827332,0.44326338171958923,22,2,9,post_calibration
319,8,22,17,60,1,0,0,0.5831032395362854,0.5831032395362854,0.5831032395362854,0.416896790266037,22,2,9,post_calibration
320,0,22,1,60,0,0,1,0.6760754585266113,0.6760754585266113,0.6760754585266113,0.32392457127571106,22,1,12,zero_shot_paired
320,1,22,3,60,1,1,1,0.6863700151443481,0.6863700151443481,0.31362995505332947,0.6863700151443481,22,1,12,zero_shot_paired
320,2,22,4,60,1,1,1,0.6164290308952332,0.6164290308952332,0.38357096910476685,0.6164290308952332,22,1,12,zero_shot_paired
320,3,22,13,60,0,0,1,0.5984864234924316,0.5984864234924316,0.5984864234924316,0.40151363611221313,22,1,12,zero_shot_paired
320,4,22,14,60,0,0,1,0.5503260493278503,0.5503260493278503,0.5503260493278503,0.44967392086982727,22,1,12,zero_shot_paired
320,5,22,17,60,1,0,0,0.5776480436325073,0.5776480436325073,0.5776480436325073,0.42235198616981506,22,1,12,zero_shot_paired
320,0,22,1,60,0,0,1,0.674980103969574,0.674980103969574,0.674980103969574,0.325019896030426,22,1,12,post_calibration
320,1,22,3,60,1,1,1,0.6828447580337524,0.6828447580337524,0.31715524196624756,0.6828447580337524,22,1,12,post_calibration
320,2,22,4,60,1,1,1,0.617436945438385,0.617436945438385,0.3825630247592926,0.617436945438385,22,1,12,post_calibration
320,3,22,13,60,0,0,1,0.6007850766181946,0.6007850766181946,0.6007850766181946,0.3992149829864502,22,1,12,post_calibration
320,4,22,14,60,0,0,1,0.5418709516525269,0.5418709516525269,0.5418709516525269,0.45812898874282837,22,1,12,post_calibration
320,5,22,17,60,1,0,0,0.5696450471878052,0.5696450471878052,0.5696450471878052,0.4303549826145172,22,1,12,post_calibration
321,0,22,0,60,0,0,1,0.609022855758667,0.609022855758667,0.609022855758667,0.3909771144390106,22,2,12,zero_shot_paired
321,1,22,7,60,1,1,1,0.5167955160140991,0.5167955160140991,0.4832044839859009,0.5167955160140991,22,2,12,zero_shot_paired
321,2,22,8,60,0,0,1,0.7010211944580078,0.7010211944580078,0.7010211944580078,0.2989788353443146,22,2,12,zero_shot_paired
321,3,22,9,60,1,0,0,0.5646912455558777,0.5646912455558777,0.5646912455558777,0.4353087544441223,22,2,12,zero_shot_paired
321,4,22,12,60,1,0,0,0.5266395211219788,0.5266395211219788,0.5266395211219788,0.47336050868034363,22,2,12,zero_shot_paired
321,5,22,13,60,0,0,1,0.5984864234924316,0.5984864234924316,0.5984864234924316,0.40151363611221313,22,2,12,zero_shot_paired
321,0,22,0,60,0,0,1,0.6076904535293579,0.6076904535293579,0.6076904535293579,0.3923095464706421,22,2,12,post_calibration
321,1,22,7,60,1,1,1,0.5011978149414062,0.5011978149414062,0.49880218505859375,0.5011978149414062,22,2,12,post_calibration
321,2,22,8,60,0,0,1,0.7034460306167603,0.7034460306167603,0.7034460306167603,0.29655396938323975,22,2,12,post_calibration
321,3,22,9,60,1,0,0,0.5805490016937256,0.5805490016937256,0.5805490016937256,0.4194509983062744,22,2,12,post_calibration
321,4,22,12,60,1,0,0,0.5480424165725708,0.5480424165725708,0.5480424165725708,0.4519575834274292,22,2,12,post_calibration
321,5,22,13,60,0,0,1,0.6248767375946045,0.6248767375946045,0.6248767375946045,0.3751232922077179,22,2,12,post_calibration
322,0,22,1,60,0,0,1,0.6760754585266113,0.6760754585266113,0.6760754585266113,0.32392457127571106,22,3,12,zero_shot_paired
322,1,22,2,60,1,0,0,0.5364798307418823,0.5364798307418823,0.5364798307418823,0.4635201394557953,22,3,12,zero_shot_paired
322,2,22,4,60,1,1,1,0.6164290308952332,0.6164290308952332,0.38357096910476685,0.6164290308952332,22,3,12,zero_shot_paired
322,3,22,8,60,0,0,1,0.7010211944580078,0.7010211944580078,0.7010211944580078,0.2989788353443146,22,3,12,zero_shot_paired
322,4,22,11,60,0,1,0,0.5717273950576782,0.5717273950576782,0.4282726049423218,0.5717273950576782,22,3,12,zero_shot_paired
322,5,22,12,60,1,0,0,0.5266395211219788,0.5266395211219788,0.5266395211219788,0.47336050868034363,22,3,12,zero_shot_paired
322,0,22,1,60,0,0,1,0.6715917587280273,0.6715917587280273,0.6715917587280273,0.32840827107429504,22,3,12,post_calibration
322,1,22,2,60,1,0,0,0.529453456401825,0.529453456401825,0.529453456401825,0.47054651379585266,22,3,12,post_calibration
322,2,22,4,60,1,1,1,0.6142276525497437,0.6142276525497437,0.3857722878456116,0.6142276525497437,22,3,12,post_calibration
322,3,22,8,60,0,0,1,0.6989479064941406,0.6989479064941406,0.6989479064941406,0.30105212330818176,22,3,12,post_calibration
322,4,22,11,60,0,1,0,0.5665581822395325,0.5665581822395325,0.43344178795814514,0.5665581822395325,22,3,12,post_calibration
322,5,22,12,60,1,0,0,0.563057005405426,0.563057005405426,0.563057005405426,0.4369429647922516,22,3,12,post_calibration
