Requirement already satisfied: pip in ./venv312/lib/python3.12/site-packages (26.1.2)
Requirement already satisfied: absl-py==2.4.0 in ./venv312/lib/python3.12/site-packages (from -r requirements.txt (line 1)) (2.4.0)
Requirement already satisfied: alabaster==1.0.0 in ./venv312/lib/python3.12/site-packages (from -r requirements.txt (line 2)) (1.0.0)
Requirement already satisfied: astunparse==1.6.3 in ./venv312/lib/python3.12/site-packages (from -r requirements.txt (line 3)) (1.6.3)
Requirement already satisfied: babel==2.17.0 in ./venv312/lib/python3.12/site-packages (from -r requirements.txt (line 4)) (2.17.0)
Requirement already satisfied: backports.tarfile==1.2.0 in ./venv312/lib/python3.12/site-packages (from -r requirements.txt (line 5)) (1.2.0)
Requirement already satisfied: build==1.3.0 in ./venv312/lib/python3.12/site-packages (from -r requirements.txt (line 6)) (1.3.0)
Requirement already satisfied: bumpver==2025.1131 in ./venv312/lib/python3.12/site-packages (from -r requirements.txt (line 7)) (2025.1131)
Requirement already satisfied: certifi==2025.8.3 in ./venv312/lib/python3.12/site-packages (from -r requirements.txt (line 8)) (2025.8.3)
Requirement already satisfied: charset-normalizer==3.4.3 in ./venv312/lib/python3.12/site-packages (from -r requirements.txt (line 9)) (3.4.3)
Requirement already satisfied: click==8.3.0 in ./venv312/lib/python3.12/site-packages (from -r requirements.txt (line 10)) (8.3.0)
Requirement already satisfied: colorama==0.4.6 in ./venv312/lib/python3.12/site-packages (from -r requirements.txt (line 11)) (0.4.6)
Requirement already satisfied: contourpy==1.3.2 in ./venv312/lib/python3.12/site-packages (from -r requirements.txt (line 12)) (1.3.2)
Requirement already satisfied: coverage==7.10.7 in ./venv312/lib/python3.12/site-packages (from -r requirements.txt (line 13)) (7.10.7)
Requirement already satisfied: coverage-badge==1.1.2 in ./venv312/lib/python3.12/site-packages (from -r requirements.txt (line 14)) (1.1.2)
Requirement already satisfied: cycler==0.12.1 in ./venv312/lib/python3.12/site-packages (from -r requirements.txt (line 15)) (0.12.1)
Requirement already satisfied: decorator==5.2.1 in ./venv312/lib/python3.12/site-packages (from -r requirements.txt (line 16)) (5.2.1)
Requirement already satisfied: dill==0.4.0 in ./venv312/lib/python3.12/site-packages (from -r requirements.txt (line 17)) (0.4.0)
Requirement already satisfied: docutils==0.21.2 in ./venv312/lib/python3.12/site-packages (from -r requirements.txt (line 18)) (0.21.2)
Requirement already satisfied: EMD-signal==1.6.4 in ./venv312/lib/python3.12/site-packages (from -r requirements.txt (line 19)) (1.6.4)
Requirement already satisfied: exceptiongroup==1.3.0 in ./venv312/lib/python3.12/site-packages (from -r requirements.txt (line 20)) (1.3.0)
Requirement already satisfied: flatbuffers==25.12.19 in ./venv312/lib/python3.12/site-packages (from -r requirements.txt (line 21)) (25.12.19)
Requirement already satisfied: fonttools==4.60.1 in ./venv312/lib/python3.12/site-packages (from -r requirements.txt (line 22)) (4.60.1)
Requirement already satisfied: gast==0.7.0 in ./venv312/lib/python3.12/site-packages (from -r requirements.txt (line 23)) (0.7.0)
Requirement already satisfied: google-pasta==0.2.0 in ./venv312/lib/python3.12/site-packages (from -r requirements.txt (line 24)) (0.2.0)
Requirement already satisfied: grpcio==1.78.0 in ./venv312/lib/python3.12/site-packages (from -r requirements.txt (line 25)) (1.78.0)
Requirement already satisfied: h5py==3.15.1 in ./venv312/lib/python3.12/site-packages (from -r requirements.txt (line 26)) (3.15.1)
Requirement already satisfied: id==1.5.0 in ./venv312/lib/python3.12/site-packages (from -r requirements.txt (line 27)) (1.5.0)
Requirement already satisfied: idna==3.10 in ./venv312/lib/python3.12/site-packages (from -r requirements.txt (line 28)) (3.10)
Requirement already satisfied: imagesize==1.4.1 in ./venv312/lib/python3.12/site-packages (from -r requirements.txt (line 29)) (1.4.1)
Requirement already satisfied: importlib_metadata==8.7.0 in ./venv312/lib/python3.12/site-packages (from -r requirements.txt (line 30)) (8.7.0)
Requirement already satisfied: iniconfig==2.1.0 in ./venv312/lib/python3.12/site-packages (from -r requirements.txt (line 31)) (2.1.0)
Requirement already satisfied: jaraco.classes==3.4.0 in ./venv312/lib/python3.12/site-packages (from -r requirements.txt (line 32)) (3.4.0)
Requirement already satisfied: jaraco.context==6.0.1 in ./venv312/lib/python3.12/site-packages (from -r requirements.txt (line 33)) (6.0.1)
Requirement already satisfied: jaraco.functools==4.3.0 in ./venv312/lib/python3.12/site-packages (from -r requirements.txt (line 34)) (4.3.0)
Requirement already satisfied: Jinja2==3.1.6 in ./venv312/lib/python3.12/site-packages (from -r requirements.txt (line 35)) (3.1.6)
Requirement already satisfied: joblib==1.5.2 in ./venv312/lib/python3.12/site-packages (from -r requirements.txt (line 36)) (1.5.2)
Requirement already satisfied: keras==3.12.1 in ./venv312/lib/python3.12/site-packages (from -r requirements.txt (line 37)) (3.12.1)
Requirement already satisfied: keyring==25.6.0 in ./venv312/lib/python3.12/site-packages (from -r requirements.txt (line 38)) (25.6.0)
Requirement already satisfied: kiwisolver==1.4.9 in ./venv312/lib/python3.12/site-packages (from -r requirements.txt (line 39)) (1.4.9)
Requirement already satisfied: lazy_loader==0.4 in ./venv312/lib/python3.12/site-packages (from -r requirements.txt (line 40)) (0.4)
Requirement already satisfied: lexid==2021.1006 in ./venv312/lib/python3.12/site-packages (from -r requirements.txt (line 41)) (2021.1006)
Requirement already satisfied: libclang==18.1.1 in ./venv312/lib/python3.12/site-packages (from -r requirements.txt (line 42)) (18.1.1)
Requirement already satisfied: Markdown==3.10.2 in ./venv312/lib/python3.12/site-packages (from -r requirements.txt (line 43)) (3.10.2)
Requirement already satisfied: markdown-it-py==3.0.0 in ./venv312/lib/python3.12/site-packages (from -r requirements.txt (line 44)) (3.0.0)
Requirement already satisfied: MarkupSafe==3.0.3 in ./venv312/lib/python3.12/site-packages (from -r requirements.txt (line 45)) (3.0.3)
Requirement already satisfied: matplotlib==3.10.6 in ./venv312/lib/python3.12/site-packages (from -r requirements.txt (line 46)) (3.10.6)
Requirement already satisfied: mdit-py-plugins==0.5.0 in ./venv312/lib/python3.12/site-packages (from -r requirements.txt (line 47)) (0.5.0)
Requirement already satisfied: mdurl==0.1.2 in ./venv312/lib/python3.12/site-packages (from -r requirements.txt (line 48)) (0.1.2)
Requirement already satisfied: ml_dtypes==0.5.4 in ./venv312/lib/python3.12/site-packages (from -r requirements.txt (line 49)) (0.5.4)
Requirement already satisfied: mne==1.10.2 in ./venv312/lib/python3.12/site-packages (from -r requirements.txt (line 50)) (1.10.2)
Requirement already satisfied: more-itertools==10.8.0 in ./venv312/lib/python3.12/site-packages (from -r requirements.txt (line 51)) (10.8.0)
Requirement already satisfied: multiprocess==0.70.18 in ./venv312/lib/python3.12/site-packages (from -r requirements.txt (line 52)) (0.70.18)
Requirement already satisfied: myst-parser==4.0.1 in ./venv312/lib/python3.12/site-packages (from -r requirements.txt (line 53)) (4.0.1)
Requirement already satisfied: namex==0.1.0 in ./venv312/lib/python3.12/site-packages (from -r requirements.txt (line 54)) (0.1.0)
Requirement already satisfied: nh3==0.3.0 in ./venv312/lib/python3.12/site-packages (from -r requirements.txt (line 55)) (0.3.0)
Requirement already satisfied: numpy==2.2.6 in ./venv312/lib/python3.12/site-packages (from -r requirements.txt (line 56)) (2.2.6)
Requirement already satisfied: opt_einsum==3.4.0 in ./venv312/lib/python3.12/site-packages (from -r requirements.txt (line 57)) (3.4.0)
Requirement already satisfied: optree==0.18.0 in ./venv312/lib/python3.12/site-packages (from -r requirements.txt (line 58)) (0.18.0)
Requirement already satisfied: packaging==25.0 in ./venv312/lib/python3.12/site-packages (from -r requirements.txt (line 59)) (25.0)
Requirement already satisfied: pandas==2.3.2 in ./venv312/lib/python3.12/site-packages (from -r requirements.txt (line 60)) (2.3.2)
Requirement already satisfied: pathos==0.3.4 in ./venv312/lib/python3.12/site-packages (from -r requirements.txt (line 61)) (0.3.4)
Requirement already satisfied: pillow==11.3.0 in ./venv312/lib/python3.12/site-packages (from -r requirements.txt (line 62)) (11.3.0)
Requirement already satisfied: pip-tools==7.5.1 in ./venv312/lib/python3.12/site-packages (from -r requirements.txt (line 63)) (7.5.1)
Requirement already satisfied: platformdirs==4.5.0 in ./venv312/lib/python3.12/site-packages (from -r requirements.txt (line 64)) (4.5.0)
Requirement already satisfied: pluggy==1.6.0 in ./venv312/lib/python3.12/site-packages (from -r requirements.txt (line 65)) (1.6.0)
Requirement already satisfied: pockets==0.9.1 in ./venv312/lib/python3.12/site-packages (from -r requirements.txt (line 66)) (0.9.1)
Requirement already satisfied: pooch==1.8.2 in ./venv312/lib/python3.12/site-packages (from -r requirements.txt (line 67)) (1.8.2)
Requirement already satisfied: pox==0.3.6 in ./venv312/lib/python3.12/site-packages (from -r requirements.txt (line 68)) (0.3.6)
Requirement already satisfied: ppft==1.7.7 in ./venv312/lib/python3.12/site-packages (from -r requirements.txt (line 69)) (1.7.7)
Requirement already satisfied: protobuf==6.33.5 in ./venv312/lib/python3.12/site-packages (from -r requirements.txt (line 70)) (6.33.5)
Requirement already satisfied: Pygments==2.19.2 in ./venv312/lib/python3.12/site-packages (from -r requirements.txt (line 71)) (2.19.2)
Requirement already satisfied: pyparsing==3.2.5 in ./venv312/lib/python3.12/site-packages (from -r requirements.txt (line 72)) (3.2.5)
Requirement already satisfied: pyproject_hooks==1.2.0 in ./venv312/lib/python3.12/site-packages (from -r requirements.txt (line 73)) (1.2.0)
Requirement already satisfied: pytest==8.4.2 in ./venv312/lib/python3.12/site-packages (from -r requirements.txt (line 74)) (8.4.2)
Requirement already satisfied: pytest-cov==7.0.0 in ./venv312/lib/python3.12/site-packages (from -r requirements.txt (line 75)) (7.0.0)
Requirement already satisfied: python-dateutil==2.9.0.post0 in ./venv312/lib/python3.12/site-packages (from -r requirements.txt (line 76)) (2.9.0.post0)
Requirement already satisfied: pytz==2025.2 in ./venv312/lib/python3.12/site-packages (from -r requirements.txt (line 77)) (2025.2)
Requirement already satisfied: PyWavelets==1.8.0 in ./venv312/lib/python3.12/site-packages (from -r requirements.txt (line 78)) (1.8.0)
Requirement already satisfied: PyYAML==6.0.3 in ./venv312/lib/python3.12/site-packages (from -r requirements.txt (line 79)) (6.0.3)
Requirement already satisfied: readme_renderer==44.0 in ./venv312/lib/python3.12/site-packages (from -r requirements.txt (line 80)) (44.0)
Requirement already satisfied: requests==2.32.5 in ./venv312/lib/python3.12/site-packages (from -r requirements.txt (line 81)) (2.32.5)
Requirement already satisfied: requests-toolbelt==1.0.0 in ./venv312/lib/python3.12/site-packages (from -r requirements.txt (line 82)) (1.0.0)
Requirement already satisfied: rfc3986==2.0.0 in ./venv312/lib/python3.12/site-packages (from -r requirements.txt (line 83)) (2.0.0)
Requirement already satisfied: rich==14.1.0 in ./venv312/lib/python3.12/site-packages (from -r requirements.txt (line 84)) (14.1.0)
Requirement already satisfied: scikit-learn==1.7.2 in ./venv312/lib/python3.12/site-packages (from -r requirements.txt (line 85)) (1.7.2)
Requirement already satisfied: scipy==1.15.3 in ./venv312/lib/python3.12/site-packages (from -r requirements.txt (line 86)) (1.15.3)
Requirement already satisfied: six==1.17.0 in ./venv312/lib/python3.12/site-packages (from -r requirements.txt (line 87)) (1.17.0)
Requirement already satisfied: snowballstemmer==3.0.1 in ./venv312/lib/python3.12/site-packages (from -r requirements.txt (line 88)) (3.0.1)
Requirement already satisfied: Sphinx==8.1.3 in ./venv312/lib/python3.12/site-packages (from -r requirements.txt (line 89)) (8.1.3)
Requirement already satisfied: sphinx-autodoc-typehints==3.0.1 in ./venv312/lib/python3.12/site-packages (from -r requirements.txt (line 90)) (3.0.1)
Requirement already satisfied: sphinx-rtd-theme==3.0.2 in ./venv312/lib/python3.12/site-packages (from -r requirements.txt (line 91)) (3.0.2)
Requirement already satisfied: sphinxcontrib-applehelp==2.0.0 in ./venv312/lib/python3.12/site-packages (from -r requirements.txt (line 92)) (2.0.0)
Requirement already satisfied: sphinxcontrib-devhelp==2.0.0 in ./venv312/lib/python3.12/site-packages (from -r requirements.txt (line 93)) (2.0.0)
Requirement already satisfied: sphinxcontrib-htmlhelp==2.1.0 in ./venv312/lib/python3.12/site-packages (from -r requirements.txt (line 94)) (2.1.0)
Requirement already satisfied: sphinxcontrib-jquery==4.1 in ./venv312/lib/python3.12/site-packages (from -r requirements.txt (line 95)) (4.1)
Requirement already satisfied: sphinxcontrib-jsmath==1.0.1 in ./venv312/lib/python3.12/site-packages (from -r requirements.txt (line 96)) (1.0.1)
Requirement already satisfied: sphinxcontrib-napoleon==0.7 in ./venv312/lib/python3.12/site-packages (from -r requirements.txt (line 97)) (0.7)
Requirement already satisfied: sphinxcontrib-qthelp==2.0.0 in ./venv312/lib/python3.12/site-packages (from -r requirements.txt (line 98)) (2.0.0)
Requirement already satisfied: sphinxcontrib-serializinghtml==2.0.0 in ./venv312/lib/python3.12/site-packages (from -r requirements.txt (line 99)) (2.0.0)
Requirement already satisfied: tensorboard==2.20.0 in ./venv312/lib/python3.12/site-packages (from -r requirements.txt (line 100)) (2.20.0)
Requirement already satisfied: tensorboard-data-server==0.7.2 in ./venv312/lib/python3.12/site-packages (from -r requirements.txt (line 101)) (0.7.2)
Requirement already satisfied: tensorflow==2.20.0 in ./venv312/lib/python3.12/site-packages (from -r requirements.txt (line 102)) (2.20.0)
Requirement already satisfied: termcolor==3.3.0 in ./venv312/lib/python3.12/site-packages (from -r requirements.txt (line 103)) (3.3.0)
Requirement already satisfied: threadpoolctl==3.6.0 in ./venv312/lib/python3.12/site-packages (from -r requirements.txt (line 104)) (3.6.0)
Requirement already satisfied: toml==0.10.2 in ./venv312/lib/python3.12/site-packages (from -r requirements.txt (line 105)) (0.10.2)
Requirement already satisfied: tomli==2.2.1 in ./venv312/lib/python3.12/site-packages (from -r requirements.txt (line 106)) (2.2.1)
Requirement already satisfied: tqdm==4.67.1 in ./venv312/lib/python3.12/site-packages (from -r requirements.txt (line 107)) (4.67.1)
Requirement already satisfied: twine==6.2.0 in ./venv312/lib/python3.12/site-packages (from -r requirements.txt (line 108)) (6.2.0)
Requirement already satisfied: typing_extensions==4.15.0 in ./venv312/lib/python3.12/site-packages (from -r requirements.txt (line 109)) (4.15.0)
Requirement already satisfied: tzdata==2025.2 in ./venv312/lib/python3.12/site-packages (from -r requirements.txt (line 110)) (2025.2)
Requirement already satisfied: urllib3==2.5.0 in ./venv312/lib/python3.12/site-packages (from -r requirements.txt (line 111)) (2.5.0)
Requirement already satisfied: Werkzeug==3.1.6 in ./venv312/lib/python3.12/site-packages (from -r requirements.txt (line 112)) (3.1.6)
Requirement already satisfied: wrapt==2.1.1 in ./venv312/lib/python3.12/site-packages (from -r requirements.txt (line 113)) (2.1.1)
Requirement already satisfied: zipp==3.23.0 in ./venv312/lib/python3.12/site-packages (from -r requirements.txt (line 114)) (3.23.0)
Requirement already satisfied: wheel<1.0,>=0.23.0 in ./venv312/lib/python3.12/site-packages (from astunparse==1.6.3->-r requirements.txt (line 3)) (0.47.0)
Requirement already satisfied: setuptools in ./venv312/lib/python3.12/site-packages (from coverage-badge==1.1.2->-r requirements.txt (line 14)) (83.0.0)
Requirement already satisfied: SecretStorage>=3.2 in ./venv312/lib/python3.12/site-packages (from keyring==25.6.0->-r requirements.txt (line 38)) (3.5.0)
Requirement already satisfied: jeepney>=0.4.2 in ./venv312/lib/python3.12/site-packages (from keyring==25.6.0->-r requirements.txt (line 38)) (0.9.0)
Requirement already satisfied: pip>=22.2 in ./venv312/lib/python3.12/site-packages (from pip-tools==7.5.1->-r requirements.txt (line 63)) (26.1.2)
Requirement already satisfied: cryptography>=2.0 in ./venv312/lib/python3.12/site-packages (from SecretStorage>=3.2->keyring==25.6.0->-r requirements.txt (line 38)) (49.0.0)
Requirement already satisfied: cffi>=2.0.0 in ./venv312/lib/python3.12/site-packages (from cryptography>=2.0->SecretStorage>=3.2->keyring==25.6.0->-r requirements.txt (line 38)) (2.1.0)
Requirement already satisfied: pycparser in ./venv312/lib/python3.12/site-packages (from cffi>=2.0.0->cryptography>=2.0->SecretStorage>=3.2->keyring==25.6.0->-r requirements.txt (line 38)) (3.0)
Job ID: 59472095
Node: g181011.ll.unc.edu
Python: /nas/longleaf/home/inserra/EEGProc/venv312/bin/python
Virtual environment: /nas/longleaf/home/inserra/EEGProc/venv312
Module CUDA root: /nas/longleaf/rhel9/apps/cuda/12.9
XLA CUDA root: /nas/longleaf/rhel9/apps/cuda/12.9
libdevice: /nas/longleaf/rhel9/apps/cuda/12.9/nvvm/libdevice/libdevice.10.bc
XLA_FLAGS: --xla_gpu_cuda_data_dir=/nas/longleaf/rhel9/apps/cuda/12.9
Python 3.12.4
Sun Jul 19 03:45:45 2026       
+-----------------------------------------------------------------------------------------+
| NVIDIA-SMI 595.58.03              Driver Version: 595.58.03      CUDA Version: 13.2     |
+-----------------------------------------+------------------------+----------------------+
| GPU  Name                 Persistence-M | Bus-Id          Disp.A | Volatile Uncorr. ECC |
| Fan  Temp   Perf          Pwr:Usage/Cap |           Memory-Usage | GPU-Util  Compute M. |
|                                         |                        |               MIG M. |
|=========================================+========================+======================|
|   0  NVIDIA L40S                    On  |   00000000:19:00.0 Off |                    0 |
| N/A   33C    P8             33W /  350W |       0MiB /  46068MiB |      0%      Default |
|                                         |                        |                  N/A |
+-----------------------------------------+------------------------+----------------------+
|   1  NVIDIA L40S                    On  |   00000000:1A:00.0 Off |                    0 |
| N/A   30C    P8             31W /  350W |       0MiB /  46068MiB |      0%      Default |
|                                         |                        |                  N/A |
+-----------------------------------------+------------------------+----------------------+
|   2  NVIDIA L40S                    On  |   00000000:B4:00.0 Off |                    0 |
| N/A   30C    P8             32W /  350W |       0MiB /  46068MiB |      0%      Default |
|                                         |                        |                  N/A |
+-----------------------------------------+------------------------+----------------------+
|   3  NVIDIA L40S                    On  |   00000000:B6:00.0 Off |                    0 |
| N/A   29C    P8             31W /  350W |       0MiB /  46068MiB |      0%      Default |
|                                         |                        |                  N/A |
+-----------------------------------------+------------------------+----------------------+

+-----------------------------------------------------------------------------------------+
| Processes:                                                                              |
|  GPU   GI   CI              PID   Type   Process name                        GPU Memory |
|        ID   ID                                                               Usage      |
|=========================================================================================|
|  No running processes found                                                             |
+-----------------------------------------------------------------------------------------+
Python executable: /nas/longleaf/home/inserra/EEGProc/venv312/bin/python
Virtual environment: /nas/longleaf/home/inserra/EEGProc/venv312
User site enabled: False
TensorFlow version: 2.20.0
TensorFlow location: /nas/longleaf/home/inserra/EEGProc/venv312/lib/python3.12/site-packages/tensorflow/__init__.py
XLA_FLAGS: --xla_gpu_cuda_data_dir=/nas/longleaf/rhel9/apps/cuda/12.9
Available GPUs: [PhysicalDevice(name='/physical_device:GPU:0', device_type='GPU'), PhysicalDevice(name='/physical_device:GPU:1', device_type='GPU'), PhysicalDevice(name='/physical_device:GPU:2', device_type='GPU'), PhysicalDevice(name='/physical_device:GPU:3', device_type='GPU')]
Resolved libdevice: /nas/longleaf/rhel9/apps/cuda/12.9/nvvm/libdevice/libdevice.10.bc
GPU exp-gradient test: [1.        2.7182817]
2026-07-19 03:46:24,409 | INFO | Starting joint-model v2 training run in runs/joint_autoencoder_vc_v2/GCN/joint_v2_dreamer_arousal_gcn_20260719_034623
2026-07-19 03:46:24,409 | INFO | Encoder type: gcn
2026-07-19 03:46:24,409 | INFO | Feature shape: (6210, 512, 14)
2026-07-19 03:46:24,409 | INFO | Channel-band grid: 14 channels x 1 bands
2026-07-19 03:46:24,410 | INFO | Unique subjects: 23
2026-07-19 03:46:24,411 | INFO | Unique subject/trial pairs: 414

Flat LOSO hyperparameter search — 8 configurations, 23 folds each
Total available subjects: 23
Total LOSO model fits: 184
Requested metrics: ['accuracy', 'f1', 'precision', 'recall']
Configuration selection: trial-level accuracy (maximize)
Primary reported metrics: trial-level
Prediction logging: True
Variational interval logging: False
Prediction latent mode: MC average over 10 latent sample(s)
Fold workers: 4
Worker devices: GPUs [0, 1, 2, 3]

################################################################################
Configuration 1 / 8 (23 LOSO fits)
Configuration:
{   'epochs': 200,
    'batch_size': 64,
    'learning_rate': 0.0001,
    'ae_loss_weight': 0.3,
    'vc_loss_weight': 0.7,
    'vae_beta': 1.0,
    't_down': 2,
    'emb_dim': 16,
    'dropout': 0.2,
    'gcn_units': [16, 32],
    'temporal_pool_sizes': [2],
    'activation': 'relu',
    'use_batch_norm': False,
    'bilstm_units': 128,
    'bilstm_layers': 2,
    'bilstm_dropout': 0.2}
[LOSOConfig1Worker-1] initialized on GPU 0 (CUDA_VISIBLE_DEVICES=0)
[LOSOConfig1Worker-2] initialized on GPU 1 (CUDA_VISIBLE_DEVICES=1)
[LOSOConfig1Worker-3] initialized on GPU 2 (CUDA_VISIBLE_DEVICES=2)

[Fold   1 / 23] LOSO test subject=0 (train=5940, test=270 windows)
[Fold   2 / 23] LOSO test subject=1 (train=5940, test=270 windows)


[Fold   3 / 23] LOSO test subject=2 (train=5940, test=270 windows)
[LOSOConfig1Worker-4] initialized on GPU 3 (CUDA_VISIBLE_DEVICES=3)

[Fold   4 / 23] LOSO test subject=3 (train=5940, test=270 windows)
Epoch 1/200
Epoch 1/200
Epoch 1/200
Epoch 1/200
93/93 - 260s - 3s/step - accuracy: 0.6355 - autoencoder_loss: 42.8004 - kl_loss: 41.7232 - loss: 108.5342 - reconstruction_loss: 1.0772 - vc_loss: 136.7058 - weighted_kl_loss: 41.7232
Epoch 2/200
93/93 - 264s - 3s/step - accuracy: 0.5779 - autoencoder_loss: 47.0804 - kl_loss: 45.9993 - loss: 113.1890 - reconstruction_loss: 1.0811 - vc_loss: 141.5212 - weighted_kl_loss: 45.9993
Epoch 2/200
93/93 - 267s - 3s/step - accuracy: 0.7133 - autoencoder_loss: 40.2396 - kl_loss: 39.1712 - loss: 114.1359 - reconstruction_loss: 1.0685 - vc_loss: 145.8058 - weighted_kl_loss: 39.1712
Epoch 2/200
93/93 - 267s - 3s/step - accuracy: 0.6854 - autoencoder_loss: 50.9652 - kl_loss: 49.9142 - loss: 107.6367 - reconstruction_loss: 1.0510 - vc_loss: 131.9245 - weighted_kl_loss: 49.9142
Epoch 2/200
93/93 - 51s - 551ms/step - accuracy: 0.7005 - autoencoder_loss: 32.2540 - kl_loss: 31.2331 - loss: 32.2247 - reconstruction_loss: 1.0209 - vc_loss: 32.2121 - weighted_kl_loss: 31.2331
Epoch 3/200
93/93 - 51s - 552ms/step - accuracy: 0.7298 - autoencoder_loss: 36.2675 - kl_loss: 35.2432 - loss: 35.0877 - reconstruction_loss: 1.0243 - vc_loss: 34.5821 - weighted_kl_loss: 35.2432
Epoch 3/200
93/93 - 51s - 552ms/step - accuracy: 0.7215 - autoencoder_loss: 35.1354 - kl_loss: 34.1157 - loss: 34.4701 - reconstruction_loss: 1.0197 - vc_loss: 34.1850 - weighted_kl_loss: 34.1157
Epoch 3/200
93/93 - 52s - 556ms/step - accuracy: 0.7273 - autoencoder_loss: 36.8536 - kl_loss: 35.8394 - loss: 34.0693 - reconstruction_loss: 1.0142 - vc_loss: 32.8760 - weighted_kl_loss: 35.8394
Epoch 3/200
93/93 - 49s - 530ms/step - accuracy: 0.7298 - autoencoder_loss: 23.5403 - kl_loss: 22.5318 - loss: 27.3401 - reconstruction_loss: 1.0085 - vc_loss: 28.9686 - weighted_kl_loss: 22.5318
Epoch 4/200
93/93 - 51s - 545ms/step - accuracy: 0.7298 - autoencoder_loss: 26.2190 - kl_loss: 25.2089 - loss: 28.4290 - reconstruction_loss: 1.0101 - vc_loss: 29.3761 - weighted_kl_loss: 25.2089
Epoch 4/200
93/93 - 51s - 544ms/step - accuracy: 0.7222 - autoencoder_loss: 25.6206 - kl_loss: 24.6138 - loss: 26.9716 - reconstruction_loss: 1.0069 - vc_loss: 27.5506 - weighted_kl_loss: 24.6138
Epoch 4/200
93/93 - 49s - 529ms/step - accuracy: 0.7273 - autoencoder_loss: 25.6310 - kl_loss: 24.6243 - loss: 27.8725 - reconstruction_loss: 1.0067 - vc_loss: 28.8332 - weighted_kl_loss: 24.6243
Epoch 4/200
93/93 - 51s - 547ms/step - accuracy: 0.7298 - autoencoder_loss: 18.7481 - kl_loss: 17.7445 - loss: 23.8219 - reconstruction_loss: 1.0036 - vc_loss: 25.9964 - weighted_kl_loss: 17.7445
Epoch 5/200
93/93 - 52s - 563ms/step - accuracy: 0.7298 - autoencoder_loss: 21.7163 - kl_loss: 20.7119 - loss: 24.9241 - reconstruction_loss: 1.0044 - vc_loss: 26.2988 - weighted_kl_loss: 20.7119
Epoch 5/200
93/93 - 51s - 546ms/step - accuracy: 0.7222 - autoencoder_loss: 19.7612 - kl_loss: 18.7575 - loss: 24.3341 - reconstruction_loss: 1.0037 - vc_loss: 26.2939 - weighted_kl_loss: 18.7575
Epoch 5/200
93/93 - 52s - 561ms/step - accuracy: 0.7273 - autoencoder_loss: 19.6828 - kl_loss: 18.6801 - loss: 24.0079 - reconstruction_loss: 1.0027 - vc_loss: 25.8616 - weighted_kl_loss: 18.6801
Epoch 5/200
93/93 - 51s - 549ms/step - accuracy: 0.7298 - autoencoder_loss: 15.5092 - kl_loss: 14.5069 - loss: 21.4071 - reconstruction_loss: 1.0023 - vc_loss: 23.9347 - weighted_kl_loss: 14.5069
Epoch 6/200
93/93 - 50s - 538ms/step - accuracy: 0.7298 - autoencoder_loss: 17.6817 - kl_loss: 16.6790 - loss: 20.4865 - reconstruction_loss: 1.0027 - vc_loss: 21.6885 - weighted_kl_loss: 16.6790
Epoch 6/200
93/93 - 50s - 542ms/step - accuracy: 0.7222 - autoencoder_loss: 16.7414 - kl_loss: 15.7402 - loss: 22.3538 - reconstruction_loss: 1.0012 - vc_loss: 24.7591 - weighted_kl_loss: 15.7402
Epoch 6/200
93/93 - 50s - 540ms/step - accuracy: 0.7273 - autoencoder_loss: 16.1476 - kl_loss: 15.1463 - loss: 20.5125 - reconstruction_loss: 1.0014 - vc_loss: 22.3831 - weighted_kl_loss: 15.1463
Epoch 6/200
93/93 - 51s - 547ms/step - accuracy: 0.7298 - autoencoder_loss: 13.2053 - kl_loss: 12.2037 - loss: 18.6867 - reconstruction_loss: 1.0016 - vc_loss: 21.0358 - weighted_kl_loss: 12.2037
Epoch 7/200
93/93 - 51s - 546ms/step - accuracy: 0.7298 - autoencoder_loss: 14.1919 - kl_loss: 13.1908 - loss: 17.4912 - reconstruction_loss: 1.0011 - vc_loss: 18.9052 - weighted_kl_loss: 13.1908
Epoch 7/200
93/93 - 52s - 555ms/step - accuracy: 0.7273 - autoencoder_loss: 13.7627 - kl_loss: 12.7597 - loss: 18.5050 - reconstruction_loss: 1.0029 - vc_loss: 20.5374 - weighted_kl_loss: 12.7597
Epoch 7/200
93/93 - 82s - 886ms/step - accuracy: 0.7222 - autoencoder_loss: 14.1645 - kl_loss: 13.1641 - loss: 20.6647 - reconstruction_loss: 1.0004 - vc_loss: 23.4505 - weighted_kl_loss: 13.1641
Epoch 7/200
93/93 - 51s - 545ms/step - accuracy: 0.7298 - autoencoder_loss: 11.5917 - kl_loss: 10.5917 - loss: 17.1039 - reconstruction_loss: 1.0000 - vc_loss: 19.4663 - weighted_kl_loss: 10.5917
Epoch 8/200
93/93 - 51s - 552ms/step - accuracy: 0.7298 - autoencoder_loss: 12.6116 - kl_loss: 11.6113 - loss: 16.3715 - reconstruction_loss: 1.0002 - vc_loss: 17.9829 - weighted_kl_loss: 11.6113
Epoch 8/200
93/93 - 51s - 544ms/step - accuracy: 0.7273 - autoencoder_loss: 11.4123 - kl_loss: 10.4109 - loss: 14.6609 - reconstruction_loss: 1.0014 - vc_loss: 16.0531 - weighted_kl_loss: 10.4109
Epoch 8/200
93/93 - 50s - 538ms/step - accuracy: 0.7217 - autoencoder_loss: 12.4598 - kl_loss: 11.4599 - loss: 19.0187 - reconstruction_loss: 0.9999 - vc_loss: 21.8296 - weighted_kl_loss: 11.4599
Epoch 8/200
93/93 - 51s - 550ms/step - accuracy: 0.7298 - autoencoder_loss: 10.0497 - kl_loss: 9.0494 - loss: 15.3194 - reconstruction_loss: 1.0002 - vc_loss: 17.5778 - weighted_kl_loss: 9.0494
Epoch 9/200
93/93 - 52s - 556ms/step - accuracy: 0.7298 - autoencoder_loss: 11.5350 - kl_loss: 10.5346 - loss: 16.6752 - reconstruction_loss: 1.0004 - vc_loss: 18.8781 - weighted_kl_loss: 10.5346
Epoch 9/200
93/93 - 51s - 550ms/step - accuracy: 0.7273 - autoencoder_loss: 9.9884 - kl_loss: 8.9869 - loss: 13.0453 - reconstruction_loss: 1.0015 - vc_loss: 14.3554 - weighted_kl_loss: 8.9869
Epoch 9/200
93/93 - 51s - 554ms/step - accuracy: 0.7222 - autoencoder_loss: 11.6711 - kl_loss: 10.6714 - loss: 16.3694 - reconstruction_loss: 0.9997 - vc_loss: 18.3830 - weighted_kl_loss: 10.6714
Epoch 9/200
93/93 - 52s - 555ms/step - accuracy: 0.7298 - autoencoder_loss: 9.8074 - kl_loss: 8.8072 - loss: 14.7516 - reconstruction_loss: 1.0002 - vc_loss: 16.8706 - weighted_kl_loss: 8.8072
Epoch 10/200
93/93 - 52s - 555ms/step - accuracy: 0.7298 - autoencoder_loss: 10.7362 - kl_loss: 9.7358 - loss: 13.8050 - reconstruction_loss: 1.0004 - vc_loss: 15.1202 - weighted_kl_loss: 9.7358
Epoch 10/200
93/93 - 52s - 558ms/step - accuracy: 0.7273 - autoencoder_loss: 9.5139 - kl_loss: 8.5144 - loss: 13.4055 - reconstruction_loss: 0.9995 - vc_loss: 15.0734 - weighted_kl_loss: 8.5144
Epoch 10/200
93/93 - 52s - 554ms/step - accuracy: 0.7222 - autoencoder_loss: 10.9556 - kl_loss: 9.9551 - loss: 15.2300 - reconstruction_loss: 1.0004 - vc_loss: 17.0619 - weighted_kl_loss: 9.9551
Epoch 10/200
93/93 - 51s - 553ms/step - accuracy: 0.7298 - autoencoder_loss: 9.1946 - kl_loss: 8.1942 - loss: 14.4271 - reconstruction_loss: 1.0004 - vc_loss: 16.6696 - weighted_kl_loss: 8.1942
Epoch 11/200
93/93 - 52s - 554ms/step - accuracy: 0.7298 - autoencoder_loss: 10.4139 - kl_loss: 9.4137 - loss: 13.4601 - reconstruction_loss: 1.0003 - vc_loss: 14.7655 - weighted_kl_loss: 9.4137
Epoch 11/200
93/93 - 52s - 562ms/step - accuracy: 0.7273 - autoencoder_loss: 8.7809 - kl_loss: 7.7805 - loss: 12.2979 - reconstruction_loss: 1.0004 - vc_loss: 13.8052 - weighted_kl_loss: 7.7805
Epoch 11/200
93/93 - 51s - 548ms/step - accuracy: 0.7222 - autoencoder_loss: 10.2670 - kl_loss: 9.2679 - loss: 13.7230 - reconstruction_loss: 0.9991 - vc_loss: 15.2042 - weighted_kl_loss: 9.2679
Epoch 11/200
93/93 - 51s - 553ms/step - accuracy: 0.7298 - autoencoder_loss: 8.3601 - kl_loss: 7.3594 - loss: 11.6685 - reconstruction_loss: 1.0007 - vc_loss: 13.0864 - weighted_kl_loss: 7.3594
Epoch 12/200
93/93 - 51s - 551ms/step - accuracy: 0.7298 - autoencoder_loss: 9.8322 - kl_loss: 8.8328 - loss: 15.0170 - reconstruction_loss: 0.9994 - vc_loss: 17.2391 - weighted_kl_loss: 8.8328
Epoch 12/200
93/93 - 50s - 542ms/step - accuracy: 0.7273 - autoencoder_loss: 7.7796 - kl_loss: 6.7799 - loss: 10.8066 - reconstruction_loss: 0.9997 - vc_loss: 12.1039 - weighted_kl_loss: 6.7799
Epoch 12/200
93/93 - 50s - 535ms/step - accuracy: 0.7222 - autoencoder_loss: 9.9886 - kl_loss: 8.9867 - loss: 12.4142 - reconstruction_loss: 1.0019 - vc_loss: 13.4538 - weighted_kl_loss: 8.9867
Epoch 12/200
93/93 - 51s - 544ms/step - accuracy: 0.7298 - autoencoder_loss: 7.8566 - kl_loss: 6.8565 - loss: 11.0206 - reconstruction_loss: 1.0002 - vc_loss: 12.3765 - weighted_kl_loss: 6.8565
Epoch 13/200
93/93 - 52s - 557ms/step - accuracy: 0.7298 - autoencoder_loss: 9.2878 - kl_loss: 8.2881 - loss: 12.8312 - reconstruction_loss: 0.9997 - vc_loss: 14.3498 - weighted_kl_loss: 8.2881
Epoch 13/200
93/93 - 52s - 561ms/step - accuracy: 0.7273 - autoencoder_loss: 7.0454 - kl_loss: 6.0455 - loss: 10.4978 - reconstruction_loss: 0.9999 - vc_loss: 11.9774 - weighted_kl_loss: 6.0455
Epoch 13/200
93/93 - 50s - 542ms/step - accuracy: 0.7222 - autoencoder_loss: 10.0756 - kl_loss: 9.0761 - loss: 11.9959 - reconstruction_loss: 0.9995 - vc_loss: 12.8189 - weighted_kl_loss: 9.0761
Epoch 13/200
93/93 - 50s - 535ms/step - accuracy: 0.7298 - autoencoder_loss: 7.7803 - kl_loss: 6.7803 - loss: 11.1186 - reconstruction_loss: 0.9999 - vc_loss: 12.5493 - weighted_kl_loss: 6.7803
Epoch 14/200
93/93 - 51s - 549ms/step - accuracy: 0.7298 - autoencoder_loss: 9.2163 - kl_loss: 8.2164 - loss: 12.1127 - reconstruction_loss: 0.9999 - vc_loss: 13.3541 - weighted_kl_loss: 8.2164
Epoch 14/200
93/93 - 50s - 541ms/step - accuracy: 0.7273 - autoencoder_loss: 6.6439 - kl_loss: 5.6444 - loss: 9.7811 - reconstruction_loss: 0.9996 - vc_loss: 11.1256 - weighted_kl_loss: 5.6444
Epoch 14/200
93/93 - 51s - 545ms/step - accuracy: 0.7222 - autoencoder_loss: 9.8470 - kl_loss: 8.8487 - loss: 11.8626 - reconstruction_loss: 0.9983 - vc_loss: 12.7264 - weighted_kl_loss: 8.8487
Epoch 14/200
93/93 - 51s - 554ms/step - accuracy: 0.7298 - autoencoder_loss: 7.3971 - kl_loss: 6.3966 - loss: 10.1586 - reconstruction_loss: 1.0006 - vc_loss: 11.3421 - weighted_kl_loss: 6.3966
Epoch 15/200
93/93 - 52s - 557ms/step - accuracy: 0.7298 - autoencoder_loss: 8.8622 - kl_loss: 7.8628 - loss: 10.0820 - reconstruction_loss: 0.9994 - vc_loss: 10.6048 - weighted_kl_loss: 7.8628
Epoch 15/200
93/93 - 52s - 562ms/step - accuracy: 0.7273 - autoencoder_loss: 6.4216 - kl_loss: 5.4218 - loss: 9.6391 - reconstruction_loss: 0.9997 - vc_loss: 11.0180 - weighted_kl_loss: 5.4218
Epoch 15/200
93/93 - 51s - 551ms/step - accuracy: 0.7222 - autoencoder_loss: 9.3843 - kl_loss: 8.3862 - loss: 10.9775 - reconstruction_loss: 0.9981 - vc_loss: 11.6603 - weighted_kl_loss: 8.3862
Epoch 15/200
93/93 - 51s - 547ms/step - accuracy: 0.7298 - autoencoder_loss: 7.2635 - kl_loss: 6.2628 - loss: 9.8115 - reconstruction_loss: 1.0007 - vc_loss: 10.9034 - weighted_kl_loss: 6.2628
Epoch 16/200
93/93 - 52s - 554ms/step - accuracy: 0.7298 - autoencoder_loss: 8.2354 - kl_loss: 7.2345 - loss: 9.7030 - reconstruction_loss: 1.0008 - vc_loss: 10.3321 - weighted_kl_loss: 7.2345
Epoch 16/200
93/93 - 51s - 550ms/step - accuracy: 0.7273 - autoencoder_loss: 6.3293 - kl_loss: 5.3290 - loss: 8.5174 - reconstruction_loss: 1.0003 - vc_loss: 9.4551 - weighted_kl_loss: 5.3290
Epoch 16/200
93/93 - 50s - 534ms/step - accuracy: 0.7222 - autoencoder_loss: 9.8368 - kl_loss: 8.8394 - loss: 10.5156 - reconstruction_loss: 0.9974 - vc_loss: 10.8065 - weighted_kl_loss: 8.8394
Epoch 16/200
93/93 - 50s - 543ms/step - accuracy: 0.7298 - autoencoder_loss: 7.7054 - kl_loss: 6.7057 - loss: 9.7973 - reconstruction_loss: 0.9997 - vc_loss: 10.6939 - weighted_kl_loss: 6.7057
Epoch 17/200
93/93 - 51s - 551ms/step - accuracy: 0.7273 - autoencoder_loss: 6.2074 - kl_loss: 5.2077 - loss: 8.7505 - reconstruction_loss: 0.9997 - vc_loss: 9.8404 - weighted_kl_loss: 5.2077
Epoch 17/200
93/93 - 82s - 885ms/step - accuracy: 0.7298 - autoencoder_loss: 6.9090 - kl_loss: 5.9086 - loss: 9.4690 - reconstruction_loss: 1.0004 - vc_loss: 10.5661 - weighted_kl_loss: 5.9086
Epoch 17/200
93/93 - 51s - 551ms/step - accuracy: 0.7222 - autoencoder_loss: 9.5252 - kl_loss: 8.5286 - loss: 9.0823 - reconstruction_loss: 0.9966 - vc_loss: 8.8924 - weighted_kl_loss: 8.5286
Epoch 17/200
93/93 - 52s - 556ms/step - accuracy: 0.7298 - autoencoder_loss: 7.2076 - kl_loss: 6.2082 - loss: 8.1207 - reconstruction_loss: 0.9994 - vc_loss: 8.5120 - weighted_kl_loss: 6.2082
Epoch 18/200
93/93 - 52s - 557ms/step - accuracy: 0.7273 - autoencoder_loss: 6.0639 - kl_loss: 5.0618 - loss: 7.6646 - reconstruction_loss: 1.0021 - vc_loss: 8.3505 - weighted_kl_loss: 5.0618
Epoch 18/200
93/93 - 52s - 555ms/step - accuracy: 0.7298 - autoencoder_loss: 6.5633 - kl_loss: 5.5639 - loss: 9.0741 - reconstruction_loss: 0.9994 - vc_loss: 10.1501 - weighted_kl_loss: 5.5639
Epoch 18/200
93/93 - 51s - 553ms/step - accuracy: 0.7222 - autoencoder_loss: 8.8912 - kl_loss: 7.8943 - loss: 9.1735 - reconstruction_loss: 0.9970 - vc_loss: 9.2944 - weighted_kl_loss: 7.8943
Epoch 18/200
93/93 - 51s - 548ms/step - accuracy: 0.7298 - autoencoder_loss: 6.8027 - kl_loss: 5.8014 - loss: 8.2233 - reconstruction_loss: 1.0013 - vc_loss: 8.8322 - weighted_kl_loss: 5.8014
Epoch 19/200
93/93 - 52s - 554ms/step - accuracy: 0.7273 - autoencoder_loss: 5.8057 - kl_loss: 4.8052 - loss: 7.8066 - reconstruction_loss: 1.0005 - vc_loss: 8.6641 - weighted_kl_loss: 4.8052
Epoch 19/200
93/93 - 51s - 550ms/step - accuracy: 0.7298 - autoencoder_loss: 6.1792 - kl_loss: 5.1795 - loss: 8.7775 - reconstruction_loss: 0.9998 - vc_loss: 9.8911 - weighted_kl_loss: 5.1795
Epoch 19/200
93/93 - 51s - 547ms/step - accuracy: 0.7222 - autoencoder_loss: 8.6230 - kl_loss: 7.6257 - loss: 8.7114 - reconstruction_loss: 0.9973 - vc_loss: 8.7493 - weighted_kl_loss: 7.6257
Epoch 19/200
93/93 - 52s - 555ms/step - accuracy: 0.7298 - autoencoder_loss: 6.3030 - kl_loss: 5.3037 - loss: 8.6968 - reconstruction_loss: 0.9993 - vc_loss: 9.7226 - weighted_kl_loss: 5.3037
Epoch 20/200
93/93 - 52s - 556ms/step - accuracy: 0.7273 - autoencoder_loss: 5.5987 - kl_loss: 4.5994 - loss: 7.8546 - reconstruction_loss: 0.9993 - vc_loss: 8.8214 - weighted_kl_loss: 4.5994
Epoch 20/200
93/93 - 51s - 553ms/step - accuracy: 0.7298 - autoencoder_loss: 5.7082 - kl_loss: 4.7089 - loss: 8.1070 - reconstruction_loss: 0.9993 - vc_loss: 9.1351 - weighted_kl_loss: 4.7089
Epoch 20/200
93/93 - 50s - 534ms/step - accuracy: 0.7222 - autoencoder_loss: 8.6303 - kl_loss: 7.6330 - loss: 8.5071 - reconstruction_loss: 0.9973 - vc_loss: 8.4543 - weighted_kl_loss: 7.6330
Epoch 20/200
93/93 - 50s - 542ms/step - accuracy: 0.7298 - autoencoder_loss: 6.0576 - kl_loss: 5.0579 - loss: 7.9524 - reconstruction_loss: 0.9997 - vc_loss: 8.7645 - weighted_kl_loss: 5.0579
Epoch 21/200
93/93 - 52s - 554ms/step - accuracy: 0.7273 - autoencoder_loss: 5.4314 - kl_loss: 4.4316 - loss: 7.5104 - reconstruction_loss: 0.9999 - vc_loss: 8.4014 - weighted_kl_loss: 4.4316
Epoch 21/200
93/93 - 50s - 539ms/step - accuracy: 0.7298 - autoencoder_loss: 5.3031 - kl_loss: 4.3027 - loss: 6.8380 - reconstruction_loss: 1.0004 - vc_loss: 7.4958 - weighted_kl_loss: 4.3027
Epoch 21/200
93/93 - 49s - 528ms/step - accuracy: 0.7222 - autoencoder_loss: 9.4776 - kl_loss: 8.4826 - loss: 11.4360 - reconstruction_loss: 0.9951 - vc_loss: 12.2753 - weighted_kl_loss: 8.4826
Epoch 21/200
93/93 - 52s - 556ms/step - accuracy: 0.7298 - autoencoder_loss: 5.6512 - kl_loss: 4.6512 - loss: 6.7866 - reconstruction_loss: 1.0000 - vc_loss: 7.2733 - weighted_kl_loss: 4.6512
Epoch 22/200
93/93 - 52s - 556ms/step - accuracy: 0.7273 - autoencoder_loss: 5.2465 - kl_loss: 4.2475 - loss: 6.6252 - reconstruction_loss: 0.9990 - vc_loss: 7.2160 - weighted_kl_loss: 4.2475
Epoch 22/200
93/93 - 52s - 554ms/step - accuracy: 0.7298 - autoencoder_loss: 5.0104 - kl_loss: 4.0110 - loss: 7.0066 - reconstruction_loss: 0.9994 - vc_loss: 7.8620 - weighted_kl_loss: 4.0110
Epoch 22/200
93/93 - 51s - 553ms/step - accuracy: 0.7222 - autoencoder_loss: 9.5721 - kl_loss: 8.5770 - loss: 9.3750 - reconstruction_loss: 0.9950 - vc_loss: 9.2905 - weighted_kl_loss: 8.5770
Epoch 22/200
93/93 - 52s - 556ms/step - accuracy: 0.7298 - autoencoder_loss: 5.5161 - kl_loss: 4.5165 - loss: 8.3911 - reconstruction_loss: 0.9996 - vc_loss: 9.6233 - weighted_kl_loss: 4.5165
Epoch 23/200
93/93 - 51s - 554ms/step - accuracy: 0.7273 - autoencoder_loss: 5.0815 - kl_loss: 4.0809 - loss: 6.0536 - reconstruction_loss: 1.0006 - vc_loss: 6.4702 - weighted_kl_loss: 4.0809
Epoch 23/200
93/93 - 51s - 547ms/step - accuracy: 0.7298 - autoencoder_loss: 5.1659 - kl_loss: 4.1663 - loss: 6.6754 - reconstruction_loss: 0.9996 - vc_loss: 7.3224 - weighted_kl_loss: 4.1663
Epoch 23/200
93/93 - 51s - 547ms/step - accuracy: 0.7222 - autoencoder_loss: 9.2899 - kl_loss: 8.2960 - loss: 8.4939 - reconstruction_loss: 0.9939 - vc_loss: 8.1528 - weighted_kl_loss: 8.2960
Epoch 23/200
93/93 - 51s - 543ms/step - accuracy: 0.7298 - autoencoder_loss: 5.3823 - kl_loss: 4.3826 - loss: 7.5585 - reconstruction_loss: 0.9996 - vc_loss: 8.4912 - weighted_kl_loss: 4.3826
Epoch 24/200
93/93 - 52s - 561ms/step - accuracy: 0.7273 - autoencoder_loss: 4.8916 - kl_loss: 3.8923 - loss: 6.2840 - reconstruction_loss: 0.9993 - vc_loss: 6.8807 - weighted_kl_loss: 3.8923
Epoch 24/200
93/93 - 51s - 547ms/step - accuracy: 0.7298 - autoencoder_loss: 4.8615 - kl_loss: 3.8613 - loss: 5.8605 - reconstruction_loss: 1.0001 - vc_loss: 6.2886 - weighted_kl_loss: 3.8613
Epoch 24/200
93/93 - 51s - 547ms/step - accuracy: 0.7222 - autoencoder_loss: 8.8168 - kl_loss: 7.8219 - loss: 7.6394 - reconstruction_loss: 0.9949 - vc_loss: 7.1349 - weighted_kl_loss: 7.8219
Epoch 24/200
93/93 - 52s - 556ms/step - accuracy: 0.7298 - autoencoder_loss: 4.7668 - kl_loss: 3.7668 - loss: 6.9172 - reconstruction_loss: 1.0000 - vc_loss: 7.8388 - weighted_kl_loss: 3.7668
Epoch 25/200
93/93 - 52s - 557ms/step - accuracy: 0.7273 - autoencoder_loss: 4.7267 - kl_loss: 3.7275 - loss: 6.1581 - reconstruction_loss: 0.9992 - vc_loss: 6.7716 - weighted_kl_loss: 3.7275
Epoch 25/200
93/93 - 50s - 539ms/step - accuracy: 0.7222 - autoencoder_loss: 8.7383 - kl_loss: 7.7458 - loss: 7.0294 - reconstruction_loss: 0.9925 - vc_loss: 6.2971 - weighted_kl_loss: 7.7458
Epoch 25/200
93/93 - 52s - 555ms/step - accuracy: 0.7298 - autoencoder_loss: 4.6741 - kl_loss: 3.6748 - loss: 6.5558 - reconstruction_loss: 0.9993 - vc_loss: 7.3622 - weighted_kl_loss: 3.6748
Epoch 25/200
93/93 - 51s - 548ms/step - accuracy: 0.7298 - autoencoder_loss: 4.6184 - kl_loss: 3.6182 - loss: 6.8564 - reconstruction_loss: 1.0002 - vc_loss: 7.8156 - weighted_kl_loss: 3.6182
Epoch 26/200
93/93 - 50s - 542ms/step - accuracy: 0.7273 - autoencoder_loss: 4.6256 - kl_loss: 3.6255 - loss: 5.6644 - reconstruction_loss: 1.0001 - vc_loss: 6.1096 - weighted_kl_loss: 3.6255
Epoch 26/200
93/93 - 50s - 540ms/step - accuracy: 0.7222 - autoencoder_loss: 8.6672 - kl_loss: 7.6722 - loss: 7.1780 - reconstruction_loss: 0.9950 - vc_loss: 6.5398 - weighted_kl_loss: 7.6722
Epoch 26/200
93/93 - 51s - 549ms/step - accuracy: 0.7298 - autoencoder_loss: 4.4573 - kl_loss: 3.4568 - loss: 5.3211 - reconstruction_loss: 1.0005 - vc_loss: 5.6913 - weighted_kl_loss: 3.4568
Epoch 26/200
93/93 - 52s - 556ms/step - accuracy: 0.7298 - autoencoder_loss: 4.5316 - kl_loss: 3.5317 - loss: 6.5996 - reconstruction_loss: 0.9999 - vc_loss: 7.4860 - weighted_kl_loss: 3.5317
Epoch 27/200
93/93 - 52s - 559ms/step - accuracy: 0.7273 - autoencoder_loss: 4.4900 - kl_loss: 3.4903 - loss: 5.2884 - reconstruction_loss: 0.9997 - vc_loss: 5.6306 - weighted_kl_loss: 3.4903
Epoch 27/200
93/93 - 51s - 550ms/step - accuracy: 0.7222 - autoencoder_loss: 8.3490 - kl_loss: 7.3568 - loss: 6.3836 - reconstruction_loss: 0.9922 - vc_loss: 5.5412 - weighted_kl_loss: 7.3568
Epoch 27/200
93/93 - 52s - 555ms/step - accuracy: 0.7298 - autoencoder_loss: 4.2764 - kl_loss: 3.2769 - loss: 5.7899 - reconstruction_loss: 0.9995 - vc_loss: 6.4385 - weighted_kl_loss: 3.2769
Epoch 27/200
93/93 - 51s - 550ms/step - accuracy: 0.7298 - autoencoder_loss: 4.4733 - kl_loss: 3.4738 - loss: 6.7173 - reconstruction_loss: 0.9996 - vc_loss: 7.6789 - weighted_kl_loss: 3.4738
Epoch 28/200
93/93 - 51s - 547ms/step - accuracy: 0.7222 - autoencoder_loss: 8.0887 - kl_loss: 7.0970 - loss: 6.3017 - reconstruction_loss: 0.9918 - vc_loss: 5.5358 - weighted_kl_loss: 7.0970
Epoch 28/200
93/93 - 52s - 559ms/step - accuracy: 0.7298 - autoencoder_loss: 4.1513 - kl_loss: 3.1513 - loss: 5.2281 - reconstruction_loss: 1.0000 - vc_loss: 5.6896 - weighted_kl_loss: 3.1513
Epoch 28/200
93/93 - 82s - 883ms/step - accuracy: 0.7273 - autoencoder_loss: 4.3128 - kl_loss: 3.3133 - loss: 5.6138 - reconstruction_loss: 0.9995 - vc_loss: 6.1714 - weighted_kl_loss: 3.3133
Epoch 28/200
93/93 - 52s - 558ms/step - accuracy: 0.7298 - autoencoder_loss: 4.4688 - kl_loss: 3.4659 - loss: 5.5159 - reconstruction_loss: 1.0029 - vc_loss: 5.9646 - weighted_kl_loss: 3.4659
Epoch 29/200
93/93 - 51s - 551ms/step - accuracy: 0.7222 - autoencoder_loss: 8.1430 - kl_loss: 7.1502 - loss: 5.9426 - reconstruction_loss: 0.9928 - vc_loss: 4.9996 - weighted_kl_loss: 7.1502
Epoch 29/200
93/93 - 52s - 556ms/step - accuracy: 0.7298 - autoencoder_loss: 3.9631 - kl_loss: 2.9636 - loss: 5.0463 - reconstruction_loss: 0.9995 - vc_loss: 5.5105 - weighted_kl_loss: 2.9636
Epoch 29/200
93/93 - 50s - 542ms/step - accuracy: 0.7273 - autoencoder_loss: 4.1905 - kl_loss: 3.1906 - loss: 5.0696 - reconstruction_loss: 0.9999 - vc_loss: 5.4463 - weighted_kl_loss: 3.1906
Epoch 29/200
93/93 - 51s - 548ms/step - accuracy: 0.7222 - autoencoder_loss: 7.8991 - kl_loss: 6.9076 - loss: 5.7637 - reconstruction_loss: 0.9915 - vc_loss: 4.8486 - weighted_kl_loss: 6.9076
Epoch 30/200
93/93 - 50s - 542ms/step - accuracy: 0.7298 - autoencoder_loss: 3.8569 - kl_loss: 2.8574 - loss: 4.5702 - reconstruction_loss: 0.9995 - vc_loss: 4.8759 - weighted_kl_loss: 2.8574
Epoch 30/200
93/93 - 81s - 873ms/step - accuracy: 0.7298 - autoencoder_loss: 4.2880 - kl_loss: 3.2881 - loss: 5.3140 - reconstruction_loss: 0.9999 - vc_loss: 5.7537 - weighted_kl_loss: 3.2881
Epoch 30/200
93/93 - 52s - 558ms/step - accuracy: 0.7273 - autoencoder_loss: 4.0346 - kl_loss: 3.0351 - loss: 5.2558 - reconstruction_loss: 0.9995 - vc_loss: 5.7791 - weighted_kl_loss: 3.0351
Epoch 30/200
93/93 - 50s - 539ms/step - accuracy: 0.7222 - autoencoder_loss: 7.6104 - kl_loss: 6.6170 - loss: 5.4247 - reconstruction_loss: 0.9934 - vc_loss: 4.4880 - weighted_kl_loss: 6.6170
Epoch 31/200
93/93 - 51s - 551ms/step - accuracy: 0.7298 - autoencoder_loss: 3.7895 - kl_loss: 2.7903 - loss: 4.5067 - reconstruction_loss: 0.9993 - vc_loss: 4.8140 - weighted_kl_loss: 2.7903
Epoch 31/200
93/93 - 51s - 550ms/step - accuracy: 0.7298 - autoencoder_loss: 4.1317 - kl_loss: 3.1310 - loss: 4.7298 - reconstruction_loss: 1.0006 - vc_loss: 4.9861 - weighted_kl_loss: 3.1310
Epoch 31/200
93/93 - 51s - 551ms/step - accuracy: 0.7273 - autoencoder_loss: 3.8911 - kl_loss: 2.8913 - loss: 5.5429 - reconstruction_loss: 0.9998 - vc_loss: 6.2509 - weighted_kl_loss: 2.8913
Epoch 31/200
93/93 - 51s - 548ms/step - accuracy: 0.7222 - autoencoder_loss: 7.4158 - kl_loss: 6.4223 - loss: 5.5855 - reconstruction_loss: 0.9935 - vc_loss: 4.8011 - weighted_kl_loss: 6.4223
Epoch 32/200
93/93 - 51s - 552ms/step - accuracy: 0.7298 - autoencoder_loss: 3.6468 - kl_loss: 2.6474 - loss: 4.3626 - reconstruction_loss: 0.9995 - vc_loss: 4.6693 - weighted_kl_loss: 2.6474
Epoch 32/200
93/93 - 51s - 549ms/step - accuracy: 0.7298 - autoencoder_loss: 3.8975 - kl_loss: 2.8979 - loss: 5.8358 - reconstruction_loss: 0.9995 - vc_loss: 6.6665 - weighted_kl_loss: 2.8979
Epoch 32/200
93/93 - 52s - 559ms/step - accuracy: 0.7273 - autoencoder_loss: 3.7667 - kl_loss: 2.7661 - loss: 4.3015 - reconstruction_loss: 1.0006 - vc_loss: 4.5308 - weighted_kl_loss: 2.7661
Epoch 32/200
93/93 - 50s - 538ms/step - accuracy: 0.7222 - autoencoder_loss: 7.2632 - kl_loss: 6.2692 - loss: 5.2775 - reconstruction_loss: 0.9940 - vc_loss: 4.4265 - weighted_kl_loss: 6.2692
Epoch 33/200
93/93 - 51s - 544ms/step - accuracy: 0.7298 - autoencoder_loss: 3.5409 - kl_loss: 2.5413 - loss: 4.3808 - reconstruction_loss: 0.9996 - vc_loss: 4.7407 - weighted_kl_loss: 2.5413
Epoch 33/200
93/93 - 50s - 542ms/step - accuracy: 0.7298 - autoencoder_loss: 3.6753 - kl_loss: 2.6754 - loss: 4.8098 - reconstruction_loss: 0.9998 - vc_loss: 5.2960 - weighted_kl_loss: 2.6754
Epoch 33/200
93/93 - 51s - 549ms/step - accuracy: 0.7273 - autoencoder_loss: 3.6565 - kl_loss: 2.6562 - loss: 4.6429 - reconstruction_loss: 1.0003 - vc_loss: 5.0656 - weighted_kl_loss: 2.6562
Epoch 33/200
93/93 - 49s - 531ms/step - accuracy: 0.7222 - autoencoder_loss: 7.1316 - kl_loss: 6.1390 - loss: 5.5582 - reconstruction_loss: 0.9926 - vc_loss: 4.8839 - weighted_kl_loss: 6.1390
Epoch 34/200
93/93 - 49s - 530ms/step - accuracy: 0.7298 - autoencoder_loss: 3.4204 - kl_loss: 2.4208 - loss: 4.1630 - reconstruction_loss: 0.9996 - vc_loss: 4.4813 - weighted_kl_loss: 2.4208
Epoch 34/200
93/93 - 50s - 543ms/step - accuracy: 0.7298 - autoencoder_loss: 3.5884 - kl_loss: 2.5858 - loss: 4.8755 - reconstruction_loss: 1.0026 - vc_loss: 5.4270 - weighted_kl_loss: 2.5858
Epoch 34/200
93/93 - 52s - 556ms/step - accuracy: 0.7273 - autoencoder_loss: 3.5428 - kl_loss: 2.5432 - loss: 4.6051 - reconstruction_loss: 0.9997 - vc_loss: 5.0604 - weighted_kl_loss: 2.5432
Epoch 34/200
93/93 - 52s - 556ms/step - accuracy: 0.7222 - autoencoder_loss: 6.9538 - kl_loss: 5.9605 - loss: 5.3430 - reconstruction_loss: 0.9933 - vc_loss: 4.6526 - weighted_kl_loss: 5.9605
Epoch 35/200
93/93 - 52s - 556ms/step - accuracy: 0.7298 - autoencoder_loss: 3.3199 - kl_loss: 2.3203 - loss: 4.0587 - reconstruction_loss: 0.9996 - vc_loss: 4.3753 - weighted_kl_loss: 2.3203
Epoch 35/200
93/93 - 52s - 557ms/step - accuracy: 0.7298 - autoencoder_loss: 3.4537 - kl_loss: 2.4542 - loss: 4.8332 - reconstruction_loss: 0.9995 - vc_loss: 5.4244 - weighted_kl_loss: 2.4542
Epoch 35/200
93/93 - 52s - 562ms/step - accuracy: 0.7273 - autoencoder_loss: 3.4209 - kl_loss: 2.4219 - loss: 4.3056 - reconstruction_loss: 0.9990 - vc_loss: 4.6848 - weighted_kl_loss: 2.4219
Epoch 35/200
93/93 - 50s - 537ms/step - accuracy: 0.7222 - autoencoder_loss: 6.7622 - kl_loss: 5.7681 - loss: 5.2416 - reconstruction_loss: 0.9941 - vc_loss: 4.5899 - weighted_kl_loss: 5.7681
Epoch 36/200
93/93 - 52s - 557ms/step - accuracy: 0.7298 - autoencoder_loss: 3.2188 - kl_loss: 2.2192 - loss: 4.3490 - reconstruction_loss: 0.9996 - vc_loss: 4.8334 - weighted_kl_loss: 2.2192
Epoch 36/200
93/93 - 51s - 552ms/step - accuracy: 0.7298 - autoencoder_loss: 3.3650 - kl_loss: 2.3649 - loss: 5.0722 - reconstruction_loss: 1.0001 - vc_loss: 5.8039 - weighted_kl_loss: 2.3649
Epoch 36/200
93/93 - 52s - 558ms/step - accuracy: 0.7273 - autoencoder_loss: 3.3264 - kl_loss: 2.3264 - loss: 4.2439 - reconstruction_loss: 1.0000 - vc_loss: 4.6371 - weighted_kl_loss: 2.3264
Epoch 36/200
93/93 - 51s - 545ms/step - accuracy: 0.7222 - autoencoder_loss: 6.3965 - kl_loss: 5.4015 - loss: 5.8931 - reconstruction_loss: 0.9951 - vc_loss: 5.6773 - weighted_kl_loss: 5.4015
Epoch 37/200
93/93 - 51s - 549ms/step - accuracy: 0.7298 - autoencoder_loss: 3.1421 - kl_loss: 2.1402 - loss: 3.7029 - reconstruction_loss: 1.0019 - vc_loss: 3.9433 - weighted_kl_loss: 2.1402
Epoch 37/200
93/93 - 52s - 556ms/step - accuracy: 0.7298 - autoencoder_loss: 3.2594 - kl_loss: 2.2578 - loss: 4.3211 - reconstruction_loss: 1.0016 - vc_loss: 4.7761 - weighted_kl_loss: 2.2578
Epoch 37/200
93/93 - 51s - 553ms/step - accuracy: 0.7273 - autoencoder_loss: 3.2211 - kl_loss: 2.2210 - loss: 4.3772 - reconstruction_loss: 1.0001 - vc_loss: 4.8726 - weighted_kl_loss: 2.2210
Epoch 37/200
93/93 - 51s - 544ms/step - accuracy: 0.7222 - autoencoder_loss: 6.0704 - kl_loss: 5.0738 - loss: 4.7912 - reconstruction_loss: 0.9966 - vc_loss: 4.2429 - weighted_kl_loss: 5.0738
Epoch 38/200
93/93 - 50s - 538ms/step - accuracy: 0.7298 - autoencoder_loss: 3.0378 - kl_loss: 2.0370 - loss: 3.6972 - reconstruction_loss: 1.0008 - vc_loss: 3.9798 - weighted_kl_loss: 2.0370
Epoch 38/200
93/93 - 52s - 556ms/step - accuracy: 0.7298 - autoencoder_loss: 3.2353 - kl_loss: 2.2360 - loss: 4.5645 - reconstruction_loss: 0.9993 - vc_loss: 5.1342 - weighted_kl_loss: 2.2360
Epoch 38/200
93/93 - 51s - 550ms/step - accuracy: 0.7273 - autoencoder_loss: 3.2010 - kl_loss: 2.2010 - loss: 4.4696 - reconstruction_loss: 1.0000 - vc_loss: 5.0133 - weighted_kl_loss: 2.2010
Epoch 38/200
93/93 - 50s - 535ms/step - accuracy: 0.7222 - autoencoder_loss: 6.1031 - kl_loss: 5.1084 - loss: 5.3169 - reconstruction_loss: 0.9947 - vc_loss: 4.9800 - weighted_kl_loss: 5.1084
Epoch 39/200
93/93 - 50s - 538ms/step - accuracy: 0.7298 - autoencoder_loss: 2.9613 - kl_loss: 1.9619 - loss: 3.3603 - reconstruction_loss: 0.9995 - vc_loss: 3.5314 - weighted_kl_loss: 1.9619
Epoch 39/200
93/93 - 51s - 553ms/step - accuracy: 0.7298 - autoencoder_loss: 3.2018 - kl_loss: 2.2013 - loss: 4.5048 - reconstruction_loss: 1.0006 - vc_loss: 5.0632 - weighted_kl_loss: 2.2013
Epoch 39/200
93/93 - 51s - 548ms/step - accuracy: 0.7273 - autoencoder_loss: 3.1594 - kl_loss: 2.1599 - loss: 4.1347 - reconstruction_loss: 0.9995 - vc_loss: 4.5526 - weighted_kl_loss: 2.1599
Epoch 39/200
93/93 - 51s - 550ms/step - accuracy: 0.7222 - autoencoder_loss: 6.3437 - kl_loss: 5.3493 - loss: 5.4619 - reconstruction_loss: 0.9944 - vc_loss: 5.0840 - weighted_kl_loss: 5.3493
Epoch 40/200
93/93 - 52s - 554ms/step - accuracy: 0.7298 - autoencoder_loss: 2.8949 - kl_loss: 1.8936 - loss: 3.8950 - reconstruction_loss: 1.0013 - vc_loss: 4.3237 - weighted_kl_loss: 1.8936
Epoch 40/200
93/93 - 52s - 554ms/step - accuracy: 0.7298 - autoencoder_loss: 3.0485 - kl_loss: 2.0485 - loss: 4.3284 - reconstruction_loss: 1.0000 - vc_loss: 4.8769 - weighted_kl_loss: 2.0485
Epoch 40/200
93/93 - 52s - 558ms/step - accuracy: 0.7273 - autoencoder_loss: 3.0885 - kl_loss: 2.0890 - loss: 4.6948 - reconstruction_loss: 0.9995 - vc_loss: 5.3832 - weighted_kl_loss: 2.0890
Epoch 40/200
93/93 - 51s - 549ms/step - accuracy: 0.7222 - autoencoder_loss: 6.8078 - kl_loss: 5.8163 - loss: 11.5169 - reconstruction_loss: 0.9914 - vc_loss: 13.5350 - weighted_kl_loss: 5.8163
Epoch 41/200
93/93 - 50s - 540ms/step - accuracy: 0.7298 - autoencoder_loss: 2.8359 - kl_loss: 1.8359 - loss: 3.3155 - reconstruction_loss: 0.9999 - vc_loss: 3.5211 - weighted_kl_loss: 1.8359
Epoch 41/200
93/93 - 52s - 559ms/step - accuracy: 0.7298 - autoencoder_loss: 2.8967 - kl_loss: 1.8957 - loss: 3.8091 - reconstruction_loss: 1.0010 - vc_loss: 4.2001 - weighted_kl_loss: 1.8957
Epoch 41/200
93/93 - 52s - 557ms/step - accuracy: 0.7273 - autoencoder_loss: 3.0437 - kl_loss: 2.0430 - loss: 3.8360 - reconstruction_loss: 1.0007 - vc_loss: 4.1755 - weighted_kl_loss: 2.0430
Epoch 41/200
93/93 - 50s - 535ms/step - accuracy: 0.7222 - autoencoder_loss: 7.0852 - kl_loss: 6.0955 - loss: 9.0798 - reconstruction_loss: 0.9898 - vc_loss: 9.9346 - weighted_kl_loss: 6.0955
Epoch 42/200
93/93 - 51s - 546ms/step - accuracy: 0.7298 - autoencoder_loss: 3.0068 - kl_loss: 2.0071 - loss: 3.9272 - reconstruction_loss: 0.9998 - vc_loss: 4.3216 - weighted_kl_loss: 2.0071
Epoch 42/200
93/93 - 51s - 543ms/step - accuracy: 0.7298 - autoencoder_loss: 2.8472 - kl_loss: 1.8474 - loss: 4.7374 - reconstruction_loss: 0.9998 - vc_loss: 5.5475 - weighted_kl_loss: 1.8474
Epoch 42/200
93/93 - 51s - 543ms/step - accuracy: 0.7273 - autoencoder_loss: 2.9611 - kl_loss: 1.9614 - loss: 4.0112 - reconstruction_loss: 0.9997 - vc_loss: 4.4613 - weighted_kl_loss: 1.9614
Epoch 42/200
93/93 - 52s - 555ms/step - accuracy: 0.7222 - autoencoder_loss: 7.0927 - kl_loss: 6.1023 - loss: 5.7535 - reconstruction_loss: 0.9904 - vc_loss: 5.1795 - weighted_kl_loss: 6.1023
Epoch 43/200
93/93 - 51s - 551ms/step - accuracy: 0.7298 - autoencoder_loss: 2.9219 - kl_loss: 1.9223 - loss: 4.5354 - reconstruction_loss: 0.9995 - vc_loss: 5.2269 - weighted_kl_loss: 1.9223
Epoch 43/200
93/93 - 51s - 546ms/step - accuracy: 0.7298 - autoencoder_loss: 2.8441 - kl_loss: 1.8443 - loss: 3.9006 - reconstruction_loss: 0.9998 - vc_loss: 4.3534 - weighted_kl_loss: 1.8443
Epoch 43/200
93/93 - 51s - 550ms/step - accuracy: 0.7273 - autoencoder_loss: 2.8838 - kl_loss: 1.8845 - loss: 3.6099 - reconstruction_loss: 0.9994 - vc_loss: 3.9211 - weighted_kl_loss: 1.8845
Epoch 43/200
93/93 - 48s - 515ms/step - accuracy: 0.7222 - autoencoder_loss: 7.0493 - kl_loss: 6.0585 - loss: 4.9248 - reconstruction_loss: 0.9908 - vc_loss: 4.0143 - weighted_kl_loss: 6.0585
Epoch 44/200
93/93 - 49s - 532ms/step - accuracy: 0.7298 - autoencoder_loss: 2.8072 - kl_loss: 1.8072 - loss: 3.0938 - reconstruction_loss: 0.9999 - vc_loss: 3.2167 - weighted_kl_loss: 1.8072
Epoch 44/200
93/93 - 51s - 546ms/step - accuracy: 0.7273 - autoencoder_loss: 2.8379 - kl_loss: 1.8382 - loss: 3.9919 - reconstruction_loss: 0.9997 - vc_loss: 4.4865 - weighted_kl_loss: 1.8382
Epoch 44/200
93/93 - 82s - 880ms/step - accuracy: 0.7298 - autoencoder_loss: 2.8782 - kl_loss: 1.8785 - loss: 3.7435 - reconstruction_loss: 0.9997 - vc_loss: 4.1144 - weighted_kl_loss: 1.8785
Epoch 44/200
93/93 - 50s - 537ms/step - accuracy: 0.7222 - autoencoder_loss: 6.9439 - kl_loss: 5.9536 - loss: 4.6969 - reconstruction_loss: 0.9903 - vc_loss: 3.7340 - weighted_kl_loss: 5.9536
Epoch 45/200
93/93 - 49s - 531ms/step - accuracy: 0.7298 - autoencoder_loss: 2.7289 - kl_loss: 1.7292 - loss: 3.4485 - reconstruction_loss: 0.9997 - vc_loss: 3.7569 - weighted_kl_loss: 1.7292
Epoch 45/200
93/93 - 51s - 549ms/step - accuracy: 0.7273 - autoencoder_loss: 2.7660 - kl_loss: 1.7661 - loss: 3.7540 - reconstruction_loss: 0.9999 - vc_loss: 4.1774 - weighted_kl_loss: 1.7661
Epoch 45/200
93/93 - 50s - 543ms/step - accuracy: 0.7298 - autoencoder_loss: 2.8592 - kl_loss: 1.8587 - loss: 3.4238 - reconstruction_loss: 1.0005 - vc_loss: 3.6657 - weighted_kl_loss: 1.8587
Epoch 45/200
93/93 - 50s - 537ms/step - accuracy: 0.7222 - autoencoder_loss: 6.9046 - kl_loss: 5.9150 - loss: 5.0007 - reconstruction_loss: 0.9896 - vc_loss: 4.1848 - weighted_kl_loss: 5.9150
Epoch 46/200
93/93 - 51s - 545ms/step - accuracy: 0.7298 - autoencoder_loss: 2.6586 - kl_loss: 1.6581 - loss: 4.1481 - reconstruction_loss: 1.0005 - vc_loss: 4.7865 - weighted_kl_loss: 1.6581
Epoch 46/200
93/93 - 51s - 551ms/step - accuracy: 0.7273 - autoencoder_loss: 2.6127 - kl_loss: 1.6129 - loss: 3.8558 - reconstruction_loss: 0.9998 - vc_loss: 4.3885 - weighted_kl_loss: 1.6129
Epoch 46/200
93/93 - 50s - 539ms/step - accuracy: 0.7222 - autoencoder_loss: 6.8521 - kl_loss: 5.8628 - loss: 5.0190 - reconstruction_loss: 0.9893 - vc_loss: 4.2333 - weighted_kl_loss: 5.8628
Epoch 47/200
93/93 - 83s - 895ms/step - accuracy: 0.7298 - autoencoder_loss: 2.8025 - kl_loss: 1.8024 - loss: 4.1869 - reconstruction_loss: 1.0001 - vc_loss: 4.7801 - weighted_kl_loss: 1.8024
Epoch 46/200
93/93 - 51s - 549ms/step - accuracy: 0.7298 - autoencoder_loss: 2.5865 - kl_loss: 1.5873 - loss: 3.4056 - reconstruction_loss: 0.9992 - vc_loss: 3.7567 - weighted_kl_loss: 1.5873
Epoch 47/200
93/93 - 52s - 557ms/step - accuracy: 0.7273 - autoencoder_loss: 2.4869 - kl_loss: 1.4872 - loss: 3.4608 - reconstruction_loss: 0.9997 - vc_loss: 3.8781 - weighted_kl_loss: 1.4872
Epoch 47/200
93/93 - 51s - 550ms/step - accuracy: 0.7222 - autoencoder_loss: 6.8244 - kl_loss: 5.8346 - loss: 4.8408 - reconstruction_loss: 0.9898 - vc_loss: 3.9908 - weighted_kl_loss: 5.8346
Epoch 48/200
93/93 - 52s - 558ms/step - accuracy: 0.7298 - autoencoder_loss: 2.7585 - kl_loss: 1.7580 - loss: 3.8706 - reconstruction_loss: 1.0005 - vc_loss: 4.3473 - weighted_kl_loss: 1.7580
Epoch 47/200
93/93 - 52s - 559ms/step - accuracy: 0.7298 - autoencoder_loss: 2.5289 - kl_loss: 1.5291 - loss: 3.2275 - reconstruction_loss: 0.9998 - vc_loss: 3.5269 - weighted_kl_loss: 1.5291
Epoch 48/200
93/93 - 52s - 563ms/step - accuracy: 0.7273 - autoencoder_loss: 2.4363 - kl_loss: 1.4368 - loss: 3.3485 - reconstruction_loss: 0.9994 - vc_loss: 3.7394 - weighted_kl_loss: 1.4368
Epoch 48/200
93/93 - 52s - 557ms/step - accuracy: 0.7222 - autoencoder_loss: 6.6755 - kl_loss: 5.6863 - loss: 4.4620 - reconstruction_loss: 0.9892 - vc_loss: 3.5134 - weighted_kl_loss: 5.6863
Epoch 49/200
93/93 - 51s - 553ms/step - accuracy: 0.7298 - autoencoder_loss: 2.7388 - kl_loss: 1.7385 - loss: 3.4380 - reconstruction_loss: 1.0004 - vc_loss: 3.7376 - weighted_kl_loss: 1.7385
Epoch 48/200
93/93 - 51s - 553ms/step - accuracy: 0.7298 - autoencoder_loss: 2.4914 - kl_loss: 1.4913 - loss: 3.2793 - reconstruction_loss: 1.0001 - vc_loss: 3.6171 - weighted_kl_loss: 1.4913
Epoch 49/200
93/93 - 51s - 548ms/step - accuracy: 0.7222 - autoencoder_loss: 6.5948 - kl_loss: 5.6040 - loss: 4.6809 - reconstruction_loss: 0.9908 - vc_loss: 3.8606 - weighted_kl_loss: 5.6040
Epoch 50/200
93/93 - 81s - 874ms/step - accuracy: 0.7273 - autoencoder_loss: 2.3781 - kl_loss: 1.3783 - loss: 3.7857 - reconstruction_loss: 0.9998 - vc_loss: 4.3890 - weighted_kl_loss: 1.3783
Epoch 49/200
93/93 - 50s - 535ms/step - accuracy: 0.7298 - autoencoder_loss: 2.7006 - kl_loss: 1.7012 - loss: 3.2612 - reconstruction_loss: 0.9993 - vc_loss: 3.5014 - weighted_kl_loss: 1.7012
Epoch 49/200
93/93 - 51s - 550ms/step - accuracy: 0.7298 - autoencoder_loss: 2.4423 - kl_loss: 1.4429 - loss: 3.6656 - reconstruction_loss: 0.9994 - vc_loss: 4.1899 - weighted_kl_loss: 1.4429
Epoch 50/200
93/93 - 50s - 534ms/step - accuracy: 0.7222 - autoencoder_loss: 6.5662 - kl_loss: 5.5789 - loss: 4.2492 - reconstruction_loss: 0.9873 - vc_loss: 3.2563 - weighted_kl_loss: 5.5789
Epoch 51/200
93/93 - 50s - 542ms/step - accuracy: 0.7273 - autoencoder_loss: 2.3825 - kl_loss: 1.3830 - loss: 3.6310 - reconstruction_loss: 0.9995 - vc_loss: 4.1660 - weighted_kl_loss: 1.3830
Epoch 50/200
93/93 - 50s - 541ms/step - accuracy: 0.7298 - autoencoder_loss: 2.6761 - kl_loss: 1.6756 - loss: 3.5330 - reconstruction_loss: 1.0005 - vc_loss: 3.9002 - weighted_kl_loss: 1.6756
Epoch 50/200
93/93 - 51s - 546ms/step - accuracy: 0.7298 - autoencoder_loss: 2.3791 - kl_loss: 1.3797 - loss: 3.0130 - reconstruction_loss: 0.9994 - vc_loss: 3.2847 - weighted_kl_loss: 1.3797
Epoch 51/200
93/93 - 51s - 547ms/step - accuracy: 0.7222 - autoencoder_loss: 6.5928 - kl_loss: 5.6043 - loss: 4.7684 - reconstruction_loss: 0.9885 - vc_loss: 3.9865 - weighted_kl_loss: 5.6043
Epoch 52/200
93/93 - 52s - 558ms/step - accuracy: 0.7273 - autoencoder_loss: 2.3447 - kl_loss: 1.3451 - loss: 3.5503 - reconstruction_loss: 0.9996 - vc_loss: 4.0670 - weighted_kl_loss: 1.3451
Epoch 51/200
93/93 - 52s - 556ms/step - accuracy: 0.7298 - autoencoder_loss: 2.6236 - kl_loss: 1.6238 - loss: 3.2797 - reconstruction_loss: 0.9998 - vc_loss: 3.5609 - weighted_kl_loss: 1.6238
Epoch 51/200
93/93 - 52s - 560ms/step - accuracy: 0.7298 - autoencoder_loss: 2.3253 - kl_loss: 1.3257 - loss: 3.2248 - reconstruction_loss: 0.9996 - vc_loss: 3.6102 - weighted_kl_loss: 1.3257
Epoch 52/200
93/93 - 51s - 547ms/step - accuracy: 0.7222 - autoencoder_loss: 6.5081 - kl_loss: 5.5196 - loss: 4.6014 - reconstruction_loss: 0.9885 - vc_loss: 3.7842 - weighted_kl_loss: 5.5196
Epoch 53/200
93/93 - 51s - 547ms/step - accuracy: 0.7273 - autoencoder_loss: 2.2970 - kl_loss: 1.2967 - loss: 4.3383 - reconstruction_loss: 1.0003 - vc_loss: 5.2132 - weighted_kl_loss: 1.2967
Epoch 52/200
93/93 - 50s - 536ms/step - accuracy: 0.7298 - autoencoder_loss: 2.6052 - kl_loss: 1.6028 - loss: 3.2088 - reconstruction_loss: 1.0024 - vc_loss: 3.4676 - weighted_kl_loss: 1.6028
Epoch 52/200
93/93 - 51s - 548ms/step - accuracy: 0.7298 - autoencoder_loss: 2.2815 - kl_loss: 1.2805 - loss: 3.4636 - reconstruction_loss: 1.0010 - vc_loss: 3.9702 - weighted_kl_loss: 1.2805
Epoch 53/200
93/93 - 50s - 535ms/step - accuracy: 0.7222 - autoencoder_loss: 6.4381 - kl_loss: 5.4478 - loss: 4.4748 - reconstruction_loss: 0.9903 - vc_loss: 3.6333 - weighted_kl_loss: 5.4478
Epoch 54/200
93/93 - 52s - 555ms/step - accuracy: 0.7273 - autoencoder_loss: 2.2801 - kl_loss: 1.2793 - loss: 3.3183 - reconstruction_loss: 1.0007 - vc_loss: 3.7633 - weighted_kl_loss: 1.2793
Epoch 53/200
93/93 - 50s - 542ms/step - accuracy: 0.7298 - autoencoder_loss: 2.5498 - kl_loss: 1.5505 - loss: 3.0166 - reconstruction_loss: 0.9993 - vc_loss: 3.2166 - weighted_kl_loss: 1.5505
Epoch 53/200
93/93 - 51s - 553ms/step - accuracy: 0.7298 - autoencoder_loss: 2.2222 - kl_loss: 1.2227 - loss: 2.9647 - reconstruction_loss: 0.9995 - vc_loss: 3.2830 - weighted_kl_loss: 1.2227
Epoch 54/200
93/93 - 49s - 531ms/step - accuracy: 0.7222 - autoencoder_loss: 6.4308 - kl_loss: 5.4425 - loss: 4.2965 - reconstruction_loss: 0.9883 - vc_loss: 3.3818 - weighted_kl_loss: 5.4425
Epoch 55/200
93/93 - 52s - 558ms/step - accuracy: 0.7273 - autoencoder_loss: 2.2362 - kl_loss: 1.2358 - loss: 3.3561 - reconstruction_loss: 1.0004 - vc_loss: 3.8361 - weighted_kl_loss: 1.2358
Epoch 54/200
93/93 - 50s - 539ms/step - accuracy: 0.7298 - autoencoder_loss: 2.5368 - kl_loss: 1.5369 - loss: 3.5573 - reconstruction_loss: 0.9999 - vc_loss: 3.9946 - weighted_kl_loss: 1.5369
Epoch 54/200
93/93 - 52s - 558ms/step - accuracy: 0.7298 - autoencoder_loss: 2.1836 - kl_loss: 1.1805 - loss: 3.1418 - reconstruction_loss: 1.0031 - vc_loss: 3.5525 - weighted_kl_loss: 1.1805
Epoch 55/200
93/93 - 51s - 553ms/step - accuracy: 0.7222 - autoencoder_loss: 6.3084 - kl_loss: 5.3188 - loss: 4.7594 - reconstruction_loss: 0.9896 - vc_loss: 4.0955 - weighted_kl_loss: 5.3188
Epoch 56/200
93/93 - 52s - 559ms/step - accuracy: 0.7273 - autoencoder_loss: 2.2212 - kl_loss: 1.2205 - loss: 3.6529 - reconstruction_loss: 1.0007 - vc_loss: 4.2665 - weighted_kl_loss: 1.2205
Epoch 55/200
93/93 - 52s - 557ms/step - accuracy: 0.7298 - autoencoder_loss: 2.4967 - kl_loss: 1.4972 - loss: 3.1491 - reconstruction_loss: 0.9995 - vc_loss: 3.4287 - weighted_kl_loss: 1.4972
Epoch 55/200
93/93 - 52s - 558ms/step - accuracy: 0.7298 - autoencoder_loss: 2.1130 - kl_loss: 1.1132 - loss: 2.8475 - reconstruction_loss: 0.9998 - vc_loss: 3.1623 - weighted_kl_loss: 1.1132
Epoch 56/200
93/93 - 50s - 542ms/step - accuracy: 0.7222 - autoencoder_loss: 6.2569 - kl_loss: 5.2680 - loss: 4.4573 - reconstruction_loss: 0.9888 - vc_loss: 3.6860 - weighted_kl_loss: 5.2680
Epoch 57/200
93/93 - 51s - 552ms/step - accuracy: 0.7273 - autoencoder_loss: 2.1842 - kl_loss: 1.1847 - loss: 3.3665 - reconstruction_loss: 0.9996 - vc_loss: 3.8732 - weighted_kl_loss: 1.1847
Epoch 56/200
93/93 - 51s - 546ms/step - accuracy: 0.7298 - autoencoder_loss: 2.4639 - kl_loss: 1.4643 - loss: 3.6009 - reconstruction_loss: 0.9996 - vc_loss: 4.0881 - weighted_kl_loss: 1.4643
Epoch 56/200
93/93 - 51s - 547ms/step - accuracy: 0.7298 - autoencoder_loss: 2.0928 - kl_loss: 1.0929 - loss: 4.1625 - reconstruction_loss: 1.0000 - vc_loss: 5.0495 - weighted_kl_loss: 1.0929
Epoch 57/200
93/93 - 51s - 545ms/step - accuracy: 0.7222 - autoencoder_loss: 6.1424 - kl_loss: 5.1544 - loss: 4.3945 - reconstruction_loss: 0.9880 - vc_loss: 3.6454 - weighted_kl_loss: 5.1544
Epoch 58/200
93/93 - 51s - 549ms/step - accuracy: 0.7298 - autoencoder_loss: 2.4343 - kl_loss: 1.4330 - loss: 3.0574 - reconstruction_loss: 1.0013 - vc_loss: 3.3244 - weighted_kl_loss: 1.4330
Epoch 57/200
93/93 - 51s - 554ms/step - accuracy: 0.7273 - autoencoder_loss: 2.1782 - kl_loss: 1.1783 - loss: 3.0954 - reconstruction_loss: 0.9999 - vc_loss: 3.4885 - weighted_kl_loss: 1.1783
Epoch 57/200
93/93 - 52s - 559ms/step - accuracy: 0.7298 - autoencoder_loss: 2.0710 - kl_loss: 1.0702 - loss: 3.2638 - reconstruction_loss: 1.0008 - vc_loss: 3.7750 - weighted_kl_loss: 1.0702
Epoch 58/200
93/93 - 51s - 550ms/step - accuracy: 0.7222 - autoencoder_loss: 6.0937 - kl_loss: 5.1056 - loss: 4.5441 - reconstruction_loss: 0.9881 - vc_loss: 3.8800 - weighted_kl_loss: 5.1056
Epoch 59/200
93/93 - 52s - 556ms/step - accuracy: 0.7298 - autoencoder_loss: 2.4244 - kl_loss: 1.4243 - loss: 3.0875 - reconstruction_loss: 1.0001 - vc_loss: 3.3717 - weighted_kl_loss: 1.4243
Epoch 58/200
93/93 - 52s - 562ms/step - accuracy: 0.7273 - autoencoder_loss: 2.1636 - kl_loss: 1.1629 - loss: 2.9172 - reconstruction_loss: 1.0007 - vc_loss: 3.2401 - weighted_kl_loss: 1.1629
Epoch 58/200
93/93 - 51s - 546ms/step - accuracy: 0.7298 - autoencoder_loss: 2.0289 - kl_loss: 1.0291 - loss: 3.4849 - reconstruction_loss: 0.9999 - vc_loss: 4.1089 - weighted_kl_loss: 1.0291
Epoch 59/200
93/93 - 50s - 539ms/step - accuracy: 0.7222 - autoencoder_loss: 5.9839 - kl_loss: 4.9953 - loss: 4.0227 - reconstruction_loss: 0.9886 - vc_loss: 3.1822 - weighted_kl_loss: 4.9953
Epoch 60/200
93/93 - 51s - 548ms/step - accuracy: 0.7298 - autoencoder_loss: 2.3748 - kl_loss: 1.3738 - loss: 3.5193 - reconstruction_loss: 1.0010 - vc_loss: 4.0098 - weighted_kl_loss: 1.3738
Epoch 59/200
93/93 - 51s - 546ms/step - accuracy: 0.7273 - autoencoder_loss: 2.1022 - kl_loss: 1.1027 - loss: 3.2574 - reconstruction_loss: 0.9996 - vc_loss: 3.7525 - weighted_kl_loss: 1.1027
Epoch 59/200
93/93 - 51s - 547ms/step - accuracy: 0.7298 - autoencoder_loss: 1.9563 - kl_loss: 0.9563 - loss: 3.2596 - reconstruction_loss: 1.0000 - vc_loss: 3.8181 - weighted_kl_loss: 0.9563
Epoch 60/200
93/93 - 50s - 539ms/step - accuracy: 0.7222 - autoencoder_loss: 5.9938 - kl_loss: 5.0069 - loss: 3.6930 - reconstruction_loss: 0.9870 - vc_loss: 2.7069 - weighted_kl_loss: 5.0069
Epoch 61/200
93/93 - 49s - 525ms/step - accuracy: 0.7298 - autoencoder_loss: 2.3489 - kl_loss: 1.3492 - loss: 3.1658 - reconstruction_loss: 0.9997 - vc_loss: 3.5160 - weighted_kl_loss: 1.3492
Epoch 60/200
93/93 - 50s - 541ms/step - accuracy: 0.7273 - autoencoder_loss: 2.0738 - kl_loss: 1.0730 - loss: 3.3546 - reconstruction_loss: 1.0008 - vc_loss: 3.9036 - weighted_kl_loss: 1.0730
Epoch 60/200
93/93 - 48s - 512ms/step - accuracy: 0.7298 - autoencoder_loss: 1.8759 - kl_loss: 0.8759 - loss: 3.5920 - reconstruction_loss: 1.0001 - vc_loss: 4.3275 - weighted_kl_loss: 0.8759
Epoch 61/200
93/93 - 51s - 545ms/step - accuracy: 0.7298 - autoencoder_loss: 2.3102 - kl_loss: 1.3099 - loss: 2.8647 - reconstruction_loss: 1.0003 - vc_loss: 3.1024 - weighted_kl_loss: 1.3099
Epoch 61/200
93/93 - 51s - 553ms/step - accuracy: 0.7273 - autoencoder_loss: 2.0265 - kl_loss: 1.0275 - loss: 3.2807 - reconstruction_loss: 0.9990 - vc_loss: 3.8183 - weighted_kl_loss: 1.0275
Epoch 61/200
93/93 - 82s - 886ms/step - accuracy: 0.7222 - autoencoder_loss: 5.9102 - kl_loss: 4.9225 - loss: 4.0922 - reconstruction_loss: 0.9877 - vc_loss: 3.3130 - weighted_kl_loss: 4.9225
Epoch 62/200
93/93 - 51s - 551ms/step - accuracy: 0.7298 - autoencoder_loss: 1.8247 - kl_loss: 0.8251 - loss: 2.9058 - reconstruction_loss: 0.9996 - vc_loss: 3.3691 - weighted_kl_loss: 0.8251
Epoch 62/200
93/93 - 51s - 548ms/step - accuracy: 0.7298 - autoencoder_loss: 2.3364 - kl_loss: 1.3358 - loss: 3.3609 - reconstruction_loss: 1.0006 - vc_loss: 3.8000 - weighted_kl_loss: 1.3358
Epoch 62/200
93/93 - 52s - 560ms/step - accuracy: 0.7273 - autoencoder_loss: 2.0216 - kl_loss: 1.0222 - loss: 2.8618 - reconstruction_loss: 0.9995 - vc_loss: 3.2219 - weighted_kl_loss: 1.0222
Epoch 62/200
93/93 - 51s - 544ms/step - accuracy: 0.7222 - autoencoder_loss: 5.8017 - kl_loss: 4.8139 - loss: 3.7571 - reconstruction_loss: 0.9878 - vc_loss: 2.8808 - weighted_kl_loss: 4.8139
Epoch 63/200
93/93 - 51s - 554ms/step - accuracy: 0.7298 - autoencoder_loss: 1.7822 - kl_loss: 0.7820 - loss: 2.7835 - reconstruction_loss: 1.0002 - vc_loss: 3.2127 - weighted_kl_loss: 0.7820
Epoch 63/200
93/93 - 52s - 556ms/step - accuracy: 0.7298 - autoencoder_loss: 2.3393 - kl_loss: 1.3397 - loss: 3.5814 - reconstruction_loss: 0.9995 - vc_loss: 4.1137 - weighted_kl_loss: 1.3397
Epoch 63/200
93/93 - 51s - 551ms/step - accuracy: 0.7273 - autoencoder_loss: 1.9815 - kl_loss: 0.9818 - loss: 3.1097 - reconstruction_loss: 0.9997 - vc_loss: 3.5933 - weighted_kl_loss: 0.9818
Epoch 63/200
93/93 - 51s - 549ms/step - accuracy: 0.7222 - autoencoder_loss: 5.7126 - kl_loss: 4.7249 - loss: 4.2217 - reconstruction_loss: 0.9877 - vc_loss: 3.5828 - weighted_kl_loss: 4.7249
Epoch 64/200
93/93 - 52s - 557ms/step - accuracy: 0.7298 - autoencoder_loss: 1.7616 - kl_loss: 0.7616 - loss: 3.0026 - reconstruction_loss: 1.0000 - vc_loss: 3.5344 - weighted_kl_loss: 0.7616
Epoch 64/200
93/93 - 50s - 541ms/step - accuracy: 0.7298 - autoencoder_loss: 2.3107 - kl_loss: 1.3105 - loss: 2.7783 - reconstruction_loss: 1.0002 - vc_loss: 2.9787 - weighted_kl_loss: 1.3105
Epoch 64/200
93/93 - 49s - 523ms/step - accuracy: 0.7222 - autoencoder_loss: 5.6218 - kl_loss: 4.6336 - loss: 3.7594 - reconstruction_loss: 0.9882 - vc_loss: 2.9612 - weighted_kl_loss: 4.6336
Epoch 65/200
93/93 - 51s - 544ms/step - accuracy: 0.7273 - autoencoder_loss: 1.9561 - kl_loss: 0.9565 - loss: 3.1513 - reconstruction_loss: 0.9996 - vc_loss: 3.6636 - weighted_kl_loss: 0.9565
Epoch 64/200
93/93 - 51s - 548ms/step - accuracy: 0.7298 - autoencoder_loss: 1.7429 - kl_loss: 0.7430 - loss: 3.0393 - reconstruction_loss: 0.9999 - vc_loss: 3.5949 - weighted_kl_loss: 0.7430
Epoch 65/200
93/93 - 51s - 549ms/step - accuracy: 0.7298 - autoencoder_loss: 2.2923 - kl_loss: 1.2915 - loss: 3.0266 - reconstruction_loss: 1.0008 - vc_loss: 3.3413 - weighted_kl_loss: 1.2915
Epoch 65/200
93/93 - 51s - 544ms/step - accuracy: 0.7222 - autoencoder_loss: 5.5122 - kl_loss: 4.5235 - loss: 4.1634 - reconstruction_loss: 0.9888 - vc_loss: 3.5853 - weighted_kl_loss: 4.5235
Epoch 66/200
93/93 - 52s - 556ms/step - accuracy: 0.7273 - autoencoder_loss: 1.9368 - kl_loss: 0.9371 - loss: 3.1712 - reconstruction_loss: 0.9997 - vc_loss: 3.7003 - weighted_kl_loss: 0.9371
Epoch 65/200
93/93 - 51s - 549ms/step - accuracy: 0.7298 - autoencoder_loss: 1.7081 - kl_loss: 0.7087 - loss: 2.8345 - reconstruction_loss: 0.9994 - vc_loss: 3.3172 - weighted_kl_loss: 0.7087
Epoch 66/200
93/93 - 52s - 561ms/step - accuracy: 0.7298 - autoencoder_loss: 2.2528 - kl_loss: 1.2530 - loss: 3.2358 - reconstruction_loss: 0.9998 - vc_loss: 3.6571 - weighted_kl_loss: 1.2530
Epoch 66/200
93/93 - 52s - 558ms/step - accuracy: 0.7222 - autoencoder_loss: 5.4544 - kl_loss: 4.4659 - loss: 4.0420 - reconstruction_loss: 0.9885 - vc_loss: 3.4366 - weighted_kl_loss: 4.4659
Epoch 67/200
93/93 - 52s - 563ms/step - accuracy: 0.7273 - autoencoder_loss: 1.9063 - kl_loss: 0.9069 - loss: 3.0906 - reconstruction_loss: 0.9994 - vc_loss: 3.5982 - weighted_kl_loss: 0.9069
Epoch 66/200
93/93 - 53s - 565ms/step - accuracy: 0.7298 - autoencoder_loss: 1.6701 - kl_loss: 0.6701 - loss: 3.4766 - reconstruction_loss: 1.0000 - vc_loss: 4.2508 - weighted_kl_loss: 0.6701
Epoch 67/200
93/93 - 52s - 556ms/step - accuracy: 0.7298 - autoencoder_loss: 2.2852 - kl_loss: 1.2848 - loss: 2.7910 - reconstruction_loss: 1.0004 - vc_loss: 3.0077 - weighted_kl_loss: 1.2848
Epoch 67/200
93/93 - 51s - 545ms/step - accuracy: 0.7222 - autoencoder_loss: 5.5286 - kl_loss: 4.5427 - loss: 4.5181 - reconstruction_loss: 0.9859 - vc_loss: 4.0850 - weighted_kl_loss: 4.5427
Epoch 68/200
93/93 - 51s - 549ms/step - accuracy: 0.7273 - autoencoder_loss: 1.8889 - kl_loss: 0.8884 - loss: 2.6576 - reconstruction_loss: 1.0005 - vc_loss: 2.9871 - weighted_kl_loss: 0.8884
Epoch 67/200
93/93 - 51s - 548ms/step - accuracy: 0.7298 - autoencoder_loss: 1.6459 - kl_loss: 0.6458 - loss: 2.7782 - reconstruction_loss: 1.0001 - vc_loss: 3.2635 - weighted_kl_loss: 0.6458
Epoch 68/200
93/93 - 50s - 543ms/step - accuracy: 0.7222 - autoencoder_loss: 5.6208 - kl_loss: 4.6321 - loss: 4.4592 - reconstruction_loss: 0.9886 - vc_loss: 3.9613 - weighted_kl_loss: 4.6321
Epoch 69/200
93/93 - 52s - 555ms/step - accuracy: 0.7298 - autoencoder_loss: 2.2543 - kl_loss: 1.2552 - loss: 3.0427 - reconstruction_loss: 0.9991 - vc_loss: 3.3805 - weighted_kl_loss: 1.2552
Epoch 68/200
93/93 - 51s - 545ms/step - accuracy: 0.7273 - autoencoder_loss: 1.8585 - kl_loss: 0.8595 - loss: 3.2201 - reconstruction_loss: 0.9990 - vc_loss: 3.8036 - weighted_kl_loss: 0.8595
Epoch 68/200
93/93 - 51s - 552ms/step - accuracy: 0.7298 - autoencoder_loss: 1.7003 - kl_loss: 0.7007 - loss: 3.3558 - reconstruction_loss: 0.9996 - vc_loss: 4.0653 - weighted_kl_loss: 0.7007
Epoch 69/200
93/93 - 50s - 539ms/step - accuracy: 0.7298 - autoencoder_loss: 2.2047 - kl_loss: 1.2044 - loss: 3.1623 - reconstruction_loss: 1.0004 - vc_loss: 3.5727 - weighted_kl_loss: 1.2044
Epoch 69/200
93/93 - 51s - 546ms/step - accuracy: 0.7222 - autoencoder_loss: 5.5631 - kl_loss: 4.5753 - loss: 4.6917 - reconstruction_loss: 0.9878 - vc_loss: 4.3182 - weighted_kl_loss: 4.5753
Epoch 70/200
93/93 - 52s - 556ms/step - accuracy: 0.7273 - autoencoder_loss: 1.8351 - kl_loss: 0.8350 - loss: 3.0726 - reconstruction_loss: 1.0001 - vc_loss: 3.6030 - weighted_kl_loss: 0.8350
Epoch 69/200
93/93 - 52s - 556ms/step - accuracy: 0.7298 - autoencoder_loss: 1.6872 - kl_loss: 0.6858 - loss: 3.6903 - reconstruction_loss: 1.0014 - vc_loss: 4.5488 - weighted_kl_loss: 0.6858
Epoch 70/200
93/93 - 52s - 555ms/step - accuracy: 0.7298 - autoencoder_loss: 2.1766 - kl_loss: 1.1775 - loss: 2.9146 - reconstruction_loss: 0.9991 - vc_loss: 3.2308 - weighted_kl_loss: 1.1775
Epoch 70/200
93/93 - 52s - 560ms/step - accuracy: 0.7222 - autoencoder_loss: 5.4958 - kl_loss: 4.5067 - loss: 4.3136 - reconstruction_loss: 0.9891 - vc_loss: 3.8070 - weighted_kl_loss: 4.5067
Epoch 71/200
93/93 - 52s - 562ms/step - accuracy: 0.7273 - autoencoder_loss: 1.8147 - kl_loss: 0.8152 - loss: 3.0032 - reconstruction_loss: 0.9996 - vc_loss: 3.5125 - weighted_kl_loss: 0.8152
Epoch 70/200
93/93 - 52s - 560ms/step - accuracy: 0.7298 - autoencoder_loss: 1.6853 - kl_loss: 0.6853 - loss: 3.2800 - reconstruction_loss: 0.9999 - vc_loss: 3.9634 - weighted_kl_loss: 0.6853
Epoch 71/200
93/93 - 52s - 555ms/step - accuracy: 0.7298 - autoencoder_loss: 2.1591 - kl_loss: 1.1587 - loss: 3.0382 - reconstruction_loss: 1.0004 - vc_loss: 3.4150 - weighted_kl_loss: 1.1587
Epoch 71/200
93/93 - 52s - 556ms/step - accuracy: 0.7222 - autoencoder_loss: 5.3712 - kl_loss: 4.3815 - loss: 4.1701 - reconstruction_loss: 0.9898 - vc_loss: 3.6554 - weighted_kl_loss: 4.3815
Epoch 72/200
93/93 - 52s - 562ms/step - accuracy: 0.7273 - autoencoder_loss: 1.7979 - kl_loss: 0.7986 - loss: 2.9732 - reconstruction_loss: 0.9994 - vc_loss: 3.4769 - weighted_kl_loss: 0.7986
Epoch 71/200
93/93 - 52s - 556ms/step - accuracy: 0.7298 - autoencoder_loss: 1.7016 - kl_loss: 0.7017 - loss: 3.6584 - reconstruction_loss: 1.0000 - vc_loss: 4.4970 - weighted_kl_loss: 0.7017
Epoch 72/200
93/93 - 51s - 552ms/step - accuracy: 0.7298 - autoencoder_loss: 2.1434 - kl_loss: 1.1443 - loss: 3.0849 - reconstruction_loss: 0.9991 - vc_loss: 3.4884 - weighted_kl_loss: 1.1443
Epoch 72/200
93/93 - 51s - 552ms/step - accuracy: 0.7222 - autoencoder_loss: 5.2603 - kl_loss: 4.2723 - loss: 4.2459 - reconstruction_loss: 0.9880 - vc_loss: 3.8111 - weighted_kl_loss: 4.2723
Epoch 73/200
93/93 - 52s - 563ms/step - accuracy: 0.7273 - autoencoder_loss: 1.7630 - kl_loss: 0.7633 - loss: 2.8833 - reconstruction_loss: 0.9997 - vc_loss: 3.3635 - weighted_kl_loss: 0.7633
Epoch 72/200
93/93 - 52s - 560ms/step - accuracy: 0.7298 - autoencoder_loss: 1.6612 - kl_loss: 0.6617 - loss: 3.4764 - reconstruction_loss: 0.9994 - vc_loss: 4.2544 - weighted_kl_loss: 0.6617
Epoch 73/200
93/93 - 51s - 545ms/step - accuracy: 0.7222 - autoencoder_loss: 5.2343 - kl_loss: 4.2449 - loss: 4.1031 - reconstruction_loss: 0.9894 - vc_loss: 3.6183 - weighted_kl_loss: 4.2449
Epoch 74/200
93/93 - 52s - 557ms/step - accuracy: 0.7298 - autoencoder_loss: 2.1178 - kl_loss: 1.1184 - loss: 2.7720 - reconstruction_loss: 0.9994 - vc_loss: 3.0524 - weighted_kl_loss: 1.1184
Epoch 73/200
93/93 - 52s - 561ms/step - accuracy: 0.7273 - autoencoder_loss: 1.7257 - kl_loss: 0.7258 - loss: 3.1470 - reconstruction_loss: 0.9998 - vc_loss: 3.7562 - weighted_kl_loss: 0.7258
Epoch 73/200
93/93 - 52s - 557ms/step - accuracy: 0.7298 - autoencoder_loss: 1.6211 - kl_loss: 0.6213 - loss: 4.5120 - reconstruction_loss: 0.9998 - vc_loss: 5.7509 - weighted_kl_loss: 0.6213
Epoch 74/200
93/93 - 50s - 537ms/step - accuracy: 0.7298 - autoencoder_loss: 2.1005 - kl_loss: 1.1009 - loss: 3.2625 - reconstruction_loss: 0.9996 - vc_loss: 3.7606 - weighted_kl_loss: 1.1009
Epoch 74/200
93/93 - 51s - 543ms/step - accuracy: 0.7222 - autoencoder_loss: 5.2044 - kl_loss: 4.2152 - loss: 3.9993 - reconstruction_loss: 0.9892 - vc_loss: 3.4829 - weighted_kl_loss: 4.2152
Epoch 75/200
93/93 - 51s - 545ms/step - accuracy: 0.7273 - autoencoder_loss: 1.7161 - kl_loss: 0.7149 - loss: 3.1865 - reconstruction_loss: 1.0012 - vc_loss: 3.8166 - weighted_kl_loss: 0.7149
Epoch 74/200
93/93 - 51s - 550ms/step - accuracy: 0.7298 - autoencoder_loss: 1.6036 - kl_loss: 0.6039 - loss: 3.2465 - reconstruction_loss: 0.9996 - vc_loss: 3.9507 - weighted_kl_loss: 0.6039
Epoch 75/200
93/93 - 50s - 542ms/step - accuracy: 0.7222 - autoencoder_loss: 5.1490 - kl_loss: 4.1608 - loss: 4.4606 - reconstruction_loss: 0.9882 - vc_loss: 4.1655 - weighted_kl_loss: 4.1608
Epoch 76/200
93/93 - 51s - 551ms/step - accuracy: 0.7298 - autoencoder_loss: 2.0826 - kl_loss: 1.0831 - loss: 3.3907 - reconstruction_loss: 0.9995 - vc_loss: 3.9513 - weighted_kl_loss: 1.0831
Epoch 75/200
93/93 - 52s - 555ms/step - accuracy: 0.7273 - autoencoder_loss: 1.6889 - kl_loss: 0.6895 - loss: 2.8217 - reconstruction_loss: 0.9995 - vc_loss: 3.3072 - weighted_kl_loss: 0.6895
Epoch 75/200
93/93 - 51s - 552ms/step - accuracy: 0.7298 - autoencoder_loss: 1.5754 - kl_loss: 0.5758 - loss: 2.7294 - reconstruction_loss: 0.9996 - vc_loss: 3.2240 - weighted_kl_loss: 0.5758
Epoch 76/200
93/93 - 51s - 553ms/step - accuracy: 0.7222 - autoencoder_loss: 5.2163 - kl_loss: 4.2287 - loss: 4.2367 - reconstruction_loss: 0.9876 - vc_loss: 3.8169 - weighted_kl_loss: 4.2287
Epoch 77/200
93/93 - 52s - 557ms/step - accuracy: 0.7298 - autoencoder_loss: 2.0527 - kl_loss: 1.0528 - loss: 3.0146 - reconstruction_loss: 0.9998 - vc_loss: 3.4268 - weighted_kl_loss: 1.0528
Epoch 76/200
93/93 - 52s - 557ms/step - accuracy: 0.7273 - autoencoder_loss: 1.6885 - kl_loss: 0.6883 - loss: 2.9907 - reconstruction_loss: 1.0002 - vc_loss: 3.5488 - weighted_kl_loss: 0.6883
Epoch 76/200
93/93 - 51s - 553ms/step - accuracy: 0.7298 - autoencoder_loss: 1.5455 - kl_loss: 0.5462 - loss: 3.4272 - reconstruction_loss: 0.9993 - vc_loss: 4.2336 - weighted_kl_loss: 0.5462
Epoch 77/200
93/93 - 50s - 541ms/step - accuracy: 0.7222 - autoencoder_loss: 5.1196 - kl_loss: 4.1303 - loss: 4.2902 - reconstruction_loss: 0.9894 - vc_loss: 3.9347 - weighted_kl_loss: 4.1303
Epoch 78/200
93/93 - 52s - 556ms/step - accuracy: 0.7298 - autoencoder_loss: 2.0371 - kl_loss: 1.0370 - loss: 3.1316 - reconstruction_loss: 1.0001 - vc_loss: 3.6006 - weighted_kl_loss: 1.0370
Epoch 77/200
93/93 - 52s - 561ms/step - accuracy: 0.7273 - autoencoder_loss: 1.6852 - kl_loss: 0.6859 - loss: 2.7727 - reconstruction_loss: 0.9993 - vc_loss: 3.2388 - weighted_kl_loss: 0.6859
Epoch 77/200
93/93 - 51s - 548ms/step - accuracy: 0.7298 - autoencoder_loss: 1.5279 - kl_loss: 0.5283 - loss: 4.1289 - reconstruction_loss: 0.9996 - vc_loss: 5.2436 - weighted_kl_loss: 0.5283
Epoch 78/200
93/93 - 51s - 547ms/step - accuracy: 0.7222 - autoencoder_loss: 5.2106 - kl_loss: 4.2218 - loss: 4.3422 - reconstruction_loss: 0.9888 - vc_loss: 3.9701 - weighted_kl_loss: 4.2218
Epoch 79/200
93/93 - 51s - 551ms/step - accuracy: 0.7298 - autoencoder_loss: 2.0172 - kl_loss: 1.0168 - loss: 2.9379 - reconstruction_loss: 1.0004 - vc_loss: 3.3324 - weighted_kl_loss: 1.0168
Epoch 78/200
93/93 - 51s - 546ms/step - accuracy: 0.7273 - autoencoder_loss: 1.6538 - kl_loss: 0.6548 - loss: 2.3753 - reconstruction_loss: 0.9990 - vc_loss: 2.6845 - weighted_kl_loss: 0.6548
Epoch 78/200
93/93 - 51s - 546ms/step - accuracy: 0.7298 - autoencoder_loss: 1.4799 - kl_loss: 0.4793 - loss: 3.2463 - reconstruction_loss: 1.0006 - vc_loss: 4.0033 - weighted_kl_loss: 0.4793
Epoch 79/200
93/93 - 50s - 538ms/step - accuracy: 0.7222 - autoencoder_loss: 5.1567 - kl_loss: 4.1689 - loss: 4.5325 - reconstruction_loss: 0.9878 - vc_loss: 4.2650 - weighted_kl_loss: 4.1689
Epoch 80/200
93/93 - 51s - 549ms/step - accuracy: 0.7298 - autoencoder_loss: 2.0095 - kl_loss: 1.0092 - loss: 2.5262 - reconstruction_loss: 1.0003 - vc_loss: 2.7476 - weighted_kl_loss: 1.0092
Epoch 79/200
93/93 - 51s - 544ms/step - accuracy: 0.7273 - autoencoder_loss: 1.6310 - kl_loss: 0.6318 - loss: 2.7784 - reconstruction_loss: 0.9993 - vc_loss: 3.2701 - weighted_kl_loss: 0.6318
Epoch 79/200
93/93 - 52s - 559ms/step - accuracy: 0.7298 - autoencoder_loss: 1.4599 - kl_loss: 0.4606 - loss: 3.0191 - reconstruction_loss: 0.9993 - vc_loss: 3.6874 - weighted_kl_loss: 0.4606
Epoch 80/200
93/93 - 51s - 547ms/step - accuracy: 0.7222 - autoencoder_loss: 5.0566 - kl_loss: 4.0685 - loss: 4.3158 - reconstruction_loss: 0.9881 - vc_loss: 3.9984 - weighted_kl_loss: 4.0685
Epoch 81/200
93/93 - 51s - 551ms/step - accuracy: 0.7298 - autoencoder_loss: 2.0151 - kl_loss: 1.0085 - loss: 3.1922 - reconstruction_loss: 1.0066 - vc_loss: 3.6966 - weighted_kl_loss: 1.0085
Epoch 80/200
93/93 - 51s - 551ms/step - accuracy: 0.7273 - autoencoder_loss: 1.6047 - kl_loss: 0.6050 - loss: 3.0588 - reconstruction_loss: 0.9997 - vc_loss: 3.6819 - weighted_kl_loss: 0.6050
Epoch 80/200
93/93 - 49s - 531ms/step - accuracy: 0.7298 - autoencoder_loss: 1.4477 - kl_loss: 0.4478 - loss: 3.0340 - reconstruction_loss: 0.9999 - vc_loss: 3.7139 - weighted_kl_loss: 0.4478
Epoch 81/200
93/93 - 51s - 551ms/step - accuracy: 0.7222 - autoencoder_loss: 4.9993 - kl_loss: 4.0119 - loss: 3.9839 - reconstruction_loss: 0.9874 - vc_loss: 3.5487 - weighted_kl_loss: 4.0119
Epoch 82/200
93/93 - 52s - 555ms/step - accuracy: 0.7298 - autoencoder_loss: 1.9783 - kl_loss: 0.9784 - loss: 3.1614 - reconstruction_loss: 0.9999 - vc_loss: 3.6684 - weighted_kl_loss: 0.9784
Epoch 81/200
93/93 - 52s - 554ms/step - accuracy: 0.7298 - autoencoder_loss: 1.4265 - kl_loss: 0.4270 - loss: 2.5793 - reconstruction_loss: 0.9995 - vc_loss: 3.0733 - weighted_kl_loss: 0.4270
Epoch 82/200
93/93 - 52s - 563ms/step - accuracy: 0.7273 - autoencoder_loss: 1.5777 - kl_loss: 0.5784 - loss: 2.7274 - reconstruction_loss: 0.9992 - vc_loss: 3.2201 - weighted_kl_loss: 0.5784
Epoch 81/200
93/93 - 51s - 550ms/step - accuracy: 0.7222 - autoencoder_loss: 4.9587 - kl_loss: 3.9701 - loss: 4.1563 - reconstruction_loss: 0.9886 - vc_loss: 3.8125 - weighted_kl_loss: 3.9701
Epoch 83/200
93/93 - 51s - 546ms/step - accuracy: 0.7298 - autoencoder_loss: 1.9526 - kl_loss: 0.9531 - loss: 2.9375 - reconstruction_loss: 0.9995 - vc_loss: 3.3596 - weighted_kl_loss: 0.9531
Epoch 82/200
93/93 - 51s - 546ms/step - accuracy: 0.7298 - autoencoder_loss: 1.4153 - kl_loss: 0.4135 - loss: 2.9536 - reconstruction_loss: 1.0017 - vc_loss: 3.6130 - weighted_kl_loss: 0.4135
Epoch 83/200
93/93 - 51s - 550ms/step - accuracy: 0.7273 - autoencoder_loss: 1.5700 - kl_loss: 0.5705 - loss: 2.7862 - reconstruction_loss: 0.9995 - vc_loss: 3.3074 - weighted_kl_loss: 0.5705
Epoch 82/200
93/93 - 51s - 544ms/step - accuracy: 0.7222 - autoencoder_loss: 4.9038 - kl_loss: 3.9149 - loss: 4.0711 - reconstruction_loss: 0.9889 - vc_loss: 3.7143 - weighted_kl_loss: 3.9149
Epoch 84/200
93/93 - 49s - 528ms/step - accuracy: 0.7298 - autoencoder_loss: 1.9312 - kl_loss: 0.9314 - loss: 2.8834 - reconstruction_loss: 0.9998 - vc_loss: 3.2916 - weighted_kl_loss: 0.9314
Epoch 83/200
93/93 - 51s - 553ms/step - accuracy: 0.7273 - autoencoder_loss: 1.5505 - kl_loss: 0.5474 - loss: 2.6500 - reconstruction_loss: 1.0031 - vc_loss: 3.1211 - weighted_kl_loss: 0.5474
Epoch 83/200
93/93 - 83s - 897ms/step - accuracy: 0.7298 - autoencoder_loss: 1.3999 - kl_loss: 0.4003 - loss: 2.7810 - reconstruction_loss: 0.9996 - vc_loss: 3.3729 - weighted_kl_loss: 0.4003
Epoch 84/200
93/93 - 52s - 555ms/step - accuracy: 0.7222 - autoencoder_loss: 4.8238 - kl_loss: 3.8366 - loss: 3.7407 - reconstruction_loss: 0.9872 - vc_loss: 3.2765 - weighted_kl_loss: 3.8366
Epoch 85/200
93/93 - 52s - 556ms/step - accuracy: 0.7298 - autoencoder_loss: 1.9219 - kl_loss: 0.9221 - loss: 3.3513 - reconstruction_loss: 0.9999 - vc_loss: 3.9639 - weighted_kl_loss: 0.9221
Epoch 84/200
93/93 - 53s - 565ms/step - accuracy: 0.7273 - autoencoder_loss: 1.5275 - kl_loss: 0.5280 - loss: 2.5787 - reconstruction_loss: 0.9996 - vc_loss: 3.0292 - weighted_kl_loss: 0.5280
Epoch 84/200
93/93 - 51s - 544ms/step - accuracy: 0.7298 - autoencoder_loss: 1.3882 - kl_loss: 0.3883 - loss: 2.9271 - reconstruction_loss: 0.9999 - vc_loss: 3.5866 - weighted_kl_loss: 0.3883
Epoch 85/200
93/93 - 51s - 546ms/step - accuracy: 0.7222 - autoencoder_loss: 4.7885 - kl_loss: 3.8004 - loss: 5.8231 - reconstruction_loss: 0.9880 - vc_loss: 6.2665 - weighted_kl_loss: 3.8004
Epoch 86/200
93/93 - 51s - 552ms/step - accuracy: 0.7298 - autoencoder_loss: 1.8975 - kl_loss: 0.8984 - loss: 2.8517 - reconstruction_loss: 0.9991 - vc_loss: 3.2607 - weighted_kl_loss: 0.8984
Epoch 85/200
93/93 - 51s - 547ms/step - accuracy: 0.7273 - autoencoder_loss: 1.5094 - kl_loss: 0.5101 - loss: 2.9252 - reconstruction_loss: 0.9993 - vc_loss: 3.5320 - weighted_kl_loss: 0.5101
Epoch 85/200
93/93 - 52s - 554ms/step - accuracy: 0.7298 - autoencoder_loss: 1.3739 - kl_loss: 0.3722 - loss: 3.0799 - reconstruction_loss: 1.0017 - vc_loss: 3.8110 - weighted_kl_loss: 0.3722
Epoch 86/200
93/93 - 51s - 547ms/step - accuracy: 0.7222 - autoencoder_loss: 5.0317 - kl_loss: 4.0418 - loss: 4.4780 - reconstruction_loss: 0.9898 - vc_loss: 4.2407 - weighted_kl_loss: 4.0418
Epoch 87/200
93/93 - 51s - 548ms/step - accuracy: 0.7298 - autoencoder_loss: 1.8733 - kl_loss: 0.8727 - loss: 2.8882 - reconstruction_loss: 1.0006 - vc_loss: 3.3231 - weighted_kl_loss: 0.8727
Epoch 86/200
93/93 - 51s - 548ms/step - accuracy: 0.7273 - autoencoder_loss: 1.4927 - kl_loss: 0.4932 - loss: 2.9178 - reconstruction_loss: 0.9995 - vc_loss: 3.5285 - weighted_kl_loss: 0.4932
Epoch 86/200
93/93 - 51s - 545ms/step - accuracy: 0.7298 - autoencoder_loss: 1.3558 - kl_loss: 0.3564 - loss: 2.7538 - reconstruction_loss: 0.9994 - vc_loss: 3.3529 - weighted_kl_loss: 0.3564
Epoch 87/200
93/93 - 49s - 527ms/step - accuracy: 0.7222 - autoencoder_loss: 4.9275 - kl_loss: 3.9385 - loss: 3.9031 - reconstruction_loss: 0.9890 - vc_loss: 3.4641 - weighted_kl_loss: 3.9385
Epoch 88/200
93/93 - 50s - 534ms/step - accuracy: 0.7298 - autoencoder_loss: 1.8648 - kl_loss: 0.8649 - loss: 3.0195 - reconstruction_loss: 0.9998 - vc_loss: 3.5144 - weighted_kl_loss: 0.8649
Epoch 87/200
93/93 - 50s - 535ms/step - accuracy: 0.7298 - autoencoder_loss: 1.3474 - kl_loss: 0.3478 - loss: 2.5769 - reconstruction_loss: 0.9996 - vc_loss: 3.1038 - weighted_kl_loss: 0.3478
Epoch 88/200
93/93 - 82s - 883ms/step - accuracy: 0.7273 - autoencoder_loss: 1.4807 - kl_loss: 0.4809 - loss: 2.7769 - reconstruction_loss: 0.9998 - vc_loss: 3.3325 - weighted_kl_loss: 0.4809
Epoch 87/200
93/93 - 50s - 543ms/step - accuracy: 0.7222 - autoencoder_loss: 4.8897 - kl_loss: 3.9028 - loss: 3.7814 - reconstruction_loss: 0.9869 - vc_loss: 3.3064 - weighted_kl_loss: 3.9028
Epoch 89/200
93/93 - 51s - 551ms/step - accuracy: 0.7298 - autoencoder_loss: 1.8435 - kl_loss: 0.8438 - loss: 3.0999 - reconstruction_loss: 0.9997 - vc_loss: 3.6383 - weighted_kl_loss: 0.8438
Epoch 88/200
93/93 - 50s - 541ms/step - accuracy: 0.7298 - autoencoder_loss: 1.3433 - kl_loss: 0.3438 - loss: 2.7249 - reconstruction_loss: 0.9995 - vc_loss: 3.3170 - weighted_kl_loss: 0.3438
Epoch 89/200
93/93 - 50s - 541ms/step - accuracy: 0.7273 - autoencoder_loss: 1.4644 - kl_loss: 0.4652 - loss: 2.6840 - reconstruction_loss: 0.9992 - vc_loss: 3.2067 - weighted_kl_loss: 0.4652
Epoch 88/200
93/93 - 50s - 541ms/step - accuracy: 0.7222 - autoencoder_loss: 4.7687 - kl_loss: 3.7792 - loss: 3.9925 - reconstruction_loss: 0.9895 - vc_loss: 3.6599 - weighted_kl_loss: 3.7792
Epoch 90/200
93/93 - 51s - 548ms/step - accuracy: 0.7298 - autoencoder_loss: 1.8479 - kl_loss: 0.8463 - loss: 2.5142 - reconstruction_loss: 1.0016 - vc_loss: 2.7997 - weighted_kl_loss: 0.8463
Epoch 89/200
93/93 - 52s - 554ms/step - accuracy: 0.7298 - autoencoder_loss: 1.3318 - kl_loss: 0.3327 - loss: 2.9076 - reconstruction_loss: 0.9990 - vc_loss: 3.5830 - weighted_kl_loss: 0.3327
Epoch 90/200
93/93 - 51s - 552ms/step - accuracy: 0.7273 - autoencoder_loss: 1.4528 - kl_loss: 0.4534 - loss: 2.4783 - reconstruction_loss: 0.9994 - vc_loss: 2.9178 - weighted_kl_loss: 0.4534
Epoch 89/200
93/93 - 50s - 541ms/step - accuracy: 0.7222 - autoencoder_loss: 4.7055 - kl_loss: 3.7163 - loss: 4.0559 - reconstruction_loss: 0.9892 - vc_loss: 3.7776 - weighted_kl_loss: 3.7163
Epoch 91/200
93/93 - 51s - 554ms/step - accuracy: 0.7298 - autoencoder_loss: 1.9431 - kl_loss: 0.9431 - loss: 3.1365 - reconstruction_loss: 1.0000 - vc_loss: 3.6480 - weighted_kl_loss: 0.9431
Epoch 90/200
93/93 - 51s - 548ms/step - accuracy: 0.7298 - autoencoder_loss: 1.3184 - kl_loss: 0.3182 - loss: 2.5701 - reconstruction_loss: 1.0001 - vc_loss: 3.1065 - weighted_kl_loss: 0.3182
Epoch 91/200
93/93 - 50s - 534ms/step - accuracy: 0.7222 - autoencoder_loss: 4.6376 - kl_loss: 3.6479 - loss: 3.6748 - reconstruction_loss: 0.9897 - vc_loss: 3.2622 - weighted_kl_loss: 3.6479
Epoch 92/200
93/93 - 51s - 548ms/step - accuracy: 0.7273 - autoencoder_loss: 1.4372 - kl_loss: 0.4377 - loss: 2.6495 - reconstruction_loss: 0.9994 - vc_loss: 3.1690 - weighted_kl_loss: 0.4377
Epoch 90/200
93/93 - 51s - 545ms/step - accuracy: 0.7298 - autoencoder_loss: 1.9472 - kl_loss: 0.9476 - loss: 3.2496 - reconstruction_loss: 0.9996 - vc_loss: 3.8078 - weighted_kl_loss: 0.9476
Epoch 91/200
93/93 - 51s - 546ms/step - accuracy: 0.7298 - autoencoder_loss: 1.3268 - kl_loss: 0.3274 - loss: 2.6628 - reconstruction_loss: 0.9994 - vc_loss: 3.2353 - weighted_kl_loss: 0.3274
Epoch 92/200
93/93 - 50s - 543ms/step - accuracy: 0.7222 - autoencoder_loss: 4.5634 - kl_loss: 3.5738 - loss: 3.7604 - reconstruction_loss: 0.9895 - vc_loss: 3.4162 - weighted_kl_loss: 3.5738
Epoch 93/200
93/93 - 51s - 544ms/step - accuracy: 0.7273 - autoencoder_loss: 1.4243 - kl_loss: 0.4234 - loss: 2.4569 - reconstruction_loss: 1.0009 - vc_loss: 2.8995 - weighted_kl_loss: 0.4234
Epoch 91/200
93/93 - 50s - 538ms/step - accuracy: 0.7298 - autoencoder_loss: 1.9277 - kl_loss: 0.9277 - loss: 2.8153 - reconstruction_loss: 1.0001 - vc_loss: 3.1957 - weighted_kl_loss: 0.9277
Epoch 92/200
93/93 - 51s - 547ms/step - accuracy: 0.7298 - autoencoder_loss: 1.3179 - kl_loss: 0.3187 - loss: 3.0366 - reconstruction_loss: 0.9993 - vc_loss: 3.7731 - weighted_kl_loss: 0.3187
Epoch 93/200
93/93 - 51s - 552ms/step - accuracy: 0.7273 - autoencoder_loss: 1.4117 - kl_loss: 0.4126 - loss: 2.3403 - reconstruction_loss: 0.9992 - vc_loss: 2.7382 - weighted_kl_loss: 0.4126
Epoch 92/200
93/93 - 50s - 537ms/step - accuracy: 0.7298 - autoencoder_loss: 1.9118 - kl_loss: 0.9125 - loss: 2.7238 - reconstruction_loss: 0.9994 - vc_loss: 3.0718 - weighted_kl_loss: 0.9125
Epoch 93/200
93/93 - 81s - 873ms/step - accuracy: 0.7222 - autoencoder_loss: 4.5650 - kl_loss: 3.5754 - loss: 4.1873 - reconstruction_loss: 0.9896 - vc_loss: 4.0255 - weighted_kl_loss: 3.5754
Epoch 94/200
93/93 - 51s - 547ms/step - accuracy: 0.7298 - autoencoder_loss: 1.3119 - kl_loss: 0.3120 - loss: 2.4809 - reconstruction_loss: 0.9999 - vc_loss: 2.9819 - weighted_kl_loss: 0.3120
Epoch 94/200
93/93 - 51s - 544ms/step - accuracy: 0.7273 - autoencoder_loss: 1.3988 - kl_loss: 0.3992 - loss: 2.5652 - reconstruction_loss: 0.9997 - vc_loss: 3.0651 - weighted_kl_loss: 0.3992
Epoch 93/200
93/93 - 52s - 555ms/step - accuracy: 0.7298 - autoencoder_loss: 1.9025 - kl_loss: 0.9031 - loss: 2.9040 - reconstruction_loss: 0.9994 - vc_loss: 3.3331 - weighted_kl_loss: 0.9031
Epoch 94/200
93/93 - 51s - 550ms/step - accuracy: 0.7222 - autoencoder_loss: 3.9971 - kl_loss: 3.0031 - loss: 9.1575 - reconstruction_loss: 0.9940 - vc_loss: 11.3691 - weighted_kl_loss: 3.0031
Epoch 95/200
93/93 - 51s - 547ms/step - accuracy: 0.7298 - autoencoder_loss: 1.3025 - kl_loss: 0.3019 - loss: 2.8330 - reconstruction_loss: 1.0006 - vc_loss: 3.4889 - weighted_kl_loss: 0.3019
Epoch 95/200
93/93 - 51s - 551ms/step - accuracy: 0.7273 - autoencoder_loss: 1.3930 - kl_loss: 0.3934 - loss: 2.6964 - reconstruction_loss: 0.9996 - vc_loss: 3.2550 - weighted_kl_loss: 0.3934
Epoch 94/200
93/93 - 50s - 542ms/step - accuracy: 0.7298 - autoencoder_loss: 1.8620 - kl_loss: 0.8600 - loss: 3.2793 - reconstruction_loss: 1.0020 - vc_loss: 3.8868 - weighted_kl_loss: 0.8600
Epoch 95/200
93/93 - 51s - 544ms/step - accuracy: 0.7222 - autoencoder_loss: 3.7888 - kl_loss: 2.7939 - loss: 5.0120 - reconstruction_loss: 0.9949 - vc_loss: 5.5363 - weighted_kl_loss: 2.7939
Epoch 96/200
93/93 - 52s - 556ms/step - accuracy: 0.7298 - autoencoder_loss: 1.2966 - kl_loss: 0.2969 - loss: 2.7399 - reconstruction_loss: 0.9998 - vc_loss: 3.3585 - weighted_kl_loss: 0.2969
Epoch 96/200
93/93 - 52s - 554ms/step - accuracy: 0.7273 - autoencoder_loss: 1.3915 - kl_loss: 0.3918 - loss: 3.1255 - reconstruction_loss: 0.9997 - vc_loss: 3.8687 - weighted_kl_loss: 0.3918
Epoch 95/200
93/93 - 50s - 540ms/step - accuracy: 0.7298 - autoencoder_loss: 1.9050 - kl_loss: 0.9037 - loss: 3.1128 - reconstruction_loss: 1.0013 - vc_loss: 3.6305 - weighted_kl_loss: 0.9037
Epoch 96/200
93/93 - 51s - 544ms/step - accuracy: 0.7222 - autoencoder_loss: 3.7082 - kl_loss: 2.7119 - loss: 5.5768 - reconstruction_loss: 0.9963 - vc_loss: 6.3776 - weighted_kl_loss: 2.7119
Epoch 97/200
93/93 - 52s - 556ms/step - accuracy: 0.7298 - autoencoder_loss: 1.2871 - kl_loss: 0.2872 - loss: 2.3981 - reconstruction_loss: 0.9999 - vc_loss: 2.8743 - weighted_kl_loss: 0.2872
Epoch 97/200
93/93 - 51s - 552ms/step - accuracy: 0.7273 - autoencoder_loss: 1.3961 - kl_loss: 0.3965 - loss: 2.9776 - reconstruction_loss: 0.9997 - vc_loss: 3.6554 - weighted_kl_loss: 0.3965
Epoch 96/200
93/93 - 52s - 558ms/step - accuracy: 0.7298 - autoencoder_loss: 1.8832 - kl_loss: 0.8838 - loss: 2.8731 - reconstruction_loss: 0.9994 - vc_loss: 3.2973 - weighted_kl_loss: 0.8838
Epoch 97/200
93/93 - 52s - 557ms/step - accuracy: 0.7222 - autoencoder_loss: 3.7314 - kl_loss: 2.7379 - loss: 6.1677 - reconstruction_loss: 0.9935 - vc_loss: 7.2119 - weighted_kl_loss: 2.7379
Epoch 98/200
93/93 - 52s - 557ms/step - accuracy: 0.7298 - autoencoder_loss: 1.2924 - kl_loss: 0.2930 - loss: 2.5331 - reconstruction_loss: 0.9993 - vc_loss: 3.0648 - weighted_kl_loss: 0.2930
Epoch 98/200
93/93 - 53s - 569ms/step - accuracy: 0.7273 - autoencoder_loss: 1.3720 - kl_loss: 0.3727 - loss: 2.8862 - reconstruction_loss: 0.9993 - vc_loss: 3.5351 - weighted_kl_loss: 0.3727
Epoch 97/200
93/93 - 51s - 547ms/step - accuracy: 0.7298 - autoencoder_loss: 1.8460 - kl_loss: 0.8461 - loss: 2.7332 - reconstruction_loss: 0.9999 - vc_loss: 3.1134 - weighted_kl_loss: 0.8461
Epoch 98/200
93/93 - 51s - 545ms/step - accuracy: 0.7222 - autoencoder_loss: 3.8757 - kl_loss: 2.8825 - loss: 5.5030 - reconstruction_loss: 0.9931 - vc_loss: 6.2004 - weighted_kl_loss: 2.8825
Epoch 99/200
93/93 - 52s - 558ms/step - accuracy: 0.7298 - autoencoder_loss: 1.2822 - kl_loss: 0.2796 - loss: 2.2396 - reconstruction_loss: 1.0025 - vc_loss: 2.6499 - weighted_kl_loss: 0.2796
Epoch 99/200
93/93 - 52s - 561ms/step - accuracy: 0.7273 - autoencoder_loss: 1.3469 - kl_loss: 0.3474 - loss: 2.9093 - reconstruction_loss: 0.9996 - vc_loss: 3.5789 - weighted_kl_loss: 0.3474
Epoch 98/200
93/93 - 52s - 558ms/step - accuracy: 0.7298 - autoencoder_loss: 1.8249 - kl_loss: 0.8256 - loss: 2.9373 - reconstruction_loss: 0.9993 - vc_loss: 3.4141 - weighted_kl_loss: 0.8256
Epoch 99/200
93/93 - 51s - 547ms/step - accuracy: 0.7222 - autoencoder_loss: 3.8257 - kl_loss: 2.8296 - loss: 3.8018 - reconstruction_loss: 0.9960 - vc_loss: 3.7916 - weighted_kl_loss: 2.8296
Epoch 100/200
93/93 - 52s - 561ms/step - accuracy: 0.7298 - autoencoder_loss: 1.2566 - kl_loss: 0.2557 - loss: 2.5131 - reconstruction_loss: 1.0008 - vc_loss: 3.0516 - weighted_kl_loss: 0.2557
Epoch 100/200
93/93 - 51s - 552ms/step - accuracy: 0.7273 - autoencoder_loss: 1.3388 - kl_loss: 0.3383 - loss: 2.7809 - reconstruction_loss: 1.0005 - vc_loss: 3.3989 - weighted_kl_loss: 0.3383
Epoch 99/200
93/93 - 51s - 545ms/step - accuracy: 0.7298 - autoencoder_loss: 1.8078 - kl_loss: 0.8081 - loss: 3.0454 - reconstruction_loss: 0.9997 - vc_loss: 3.5758 - weighted_kl_loss: 0.8081
Epoch 100/200
93/93 - 50s - 536ms/step - accuracy: 0.7222 - autoencoder_loss: 3.6796 - kl_loss: 2.6844 - loss: 5.2910 - reconstruction_loss: 0.9951 - vc_loss: 5.9816 - weighted_kl_loss: 2.6844
Epoch 101/200
93/93 - 51s - 547ms/step - accuracy: 0.7298 - autoencoder_loss: 1.2443 - kl_loss: 0.2443 - loss: 2.4660 - reconstruction_loss: 1.0000 - vc_loss: 2.9895 - weighted_kl_loss: 0.2443
Epoch 101/200
93/93 - 51s - 554ms/step - accuracy: 0.7273 - autoencoder_loss: 1.3208 - kl_loss: 0.3211 - loss: 2.4186 - reconstruction_loss: 0.9997 - vc_loss: 2.8891 - weighted_kl_loss: 0.3211
Epoch 100/200
93/93 - 51s - 546ms/step - accuracy: 0.7298 - autoencoder_loss: 1.8010 - kl_loss: 0.8006 - loss: 3.1210 - reconstruction_loss: 1.0004 - vc_loss: 3.6868 - weighted_kl_loss: 0.8006
Epoch 101/200
93/93 - 50s - 542ms/step - accuracy: 0.7222 - autoencoder_loss: 3.6501 - kl_loss: 2.6569 - loss: 3.8014 - reconstruction_loss: 0.9932 - vc_loss: 3.8662 - weighted_kl_loss: 2.6569
Epoch 102/200
93/93 - 52s - 558ms/step - accuracy: 0.7298 - autoencoder_loss: 1.2382 - kl_loss: 0.2391 - loss: 2.3153 - reconstruction_loss: 0.9990 - vc_loss: 2.7770 - weighted_kl_loss: 0.2391
Epoch 102/200
93/93 - 51s - 546ms/step - accuracy: 0.7273 - autoencoder_loss: 1.3294 - kl_loss: 0.3301 - loss: 2.8459 - reconstruction_loss: 0.9993 - vc_loss: 3.4958 - weighted_kl_loss: 0.3301
Epoch 101/200
93/93 - 51s - 551ms/step - accuracy: 0.7298 - autoencoder_loss: 1.7811 - kl_loss: 0.7801 - loss: 2.5024 - reconstruction_loss: 1.0010 - vc_loss: 2.8115 - weighted_kl_loss: 0.7801
Epoch 102/200
93/93 - 50s - 536ms/step - accuracy: 0.7222 - autoencoder_loss: 3.5677 - kl_loss: 2.5729 - loss: 3.9352 - reconstruction_loss: 0.9948 - vc_loss: 4.0927 - weighted_kl_loss: 2.5729
Epoch 103/200
93/93 - 51s - 550ms/step - accuracy: 0.7298 - autoencoder_loss: 1.2303 - kl_loss: 0.2301 - loss: 2.6224 - reconstruction_loss: 1.0002 - vc_loss: 3.2190 - weighted_kl_loss: 0.2301
Epoch 103/200
93/93 - 51s - 549ms/step - accuracy: 0.7273 - autoencoder_loss: 1.3212 - kl_loss: 0.3212 - loss: 2.5872 - reconstruction_loss: 1.0000 - vc_loss: 3.1298 - weighted_kl_loss: 0.3212
Epoch 102/200
93/93 - 51s - 546ms/step - accuracy: 0.7298 - autoencoder_loss: 1.7915 - kl_loss: 0.7888 - loss: 2.7065 - reconstruction_loss: 1.0027 - vc_loss: 3.0986 - weighted_kl_loss: 0.7888
Epoch 103/200
93/93 - 50s - 537ms/step - accuracy: 0.7222 - autoencoder_loss: 3.5549 - kl_loss: 2.5601 - loss: 3.6631 - reconstruction_loss: 0.9948 - vc_loss: 3.7094 - weighted_kl_loss: 2.5601
Epoch 104/200
93/93 - 52s - 556ms/step - accuracy: 0.7298 - autoencoder_loss: 1.2258 - kl_loss: 0.2250 - loss: 2.3749 - reconstruction_loss: 1.0008 - vc_loss: 2.8674 - weighted_kl_loss: 0.2250
Epoch 104/200
93/93 - 50s - 541ms/step - accuracy: 0.7273 - autoencoder_loss: 1.3616 - kl_loss: 0.3621 - loss: 3.0734 - reconstruction_loss: 0.9995 - vc_loss: 3.8070 - weighted_kl_loss: 0.3621
Epoch 103/200
93/93 - 50s - 542ms/step - accuracy: 0.7298 - autoencoder_loss: 1.7402 - kl_loss: 0.7410 - loss: 3.0253 - reconstruction_loss: 0.9991 - vc_loss: 3.5761 - weighted_kl_loss: 0.7410
Epoch 104/200
93/93 - 51s - 545ms/step - accuracy: 0.7222 - autoencoder_loss: 3.4592 - kl_loss: 2.4626 - loss: 3.7045 - reconstruction_loss: 0.9966 - vc_loss: 3.8096 - weighted_kl_loss: 2.4626
Epoch 105/200
93/93 - 51s - 547ms/step - accuracy: 0.7298 - autoencoder_loss: 1.2215 - kl_loss: 0.2179 - loss: 2.2488 - reconstruction_loss: 1.0037 - vc_loss: 2.6891 - weighted_kl_loss: 0.2179
Epoch 105/200
93/93 - 51s - 553ms/step - accuracy: 0.7273 - autoencoder_loss: 1.3558 - kl_loss: 0.3566 - loss: 2.9031 - reconstruction_loss: 0.9992 - vc_loss: 3.5662 - weighted_kl_loss: 0.3566
Epoch 104/200
93/93 - 51s - 553ms/step - accuracy: 0.7298 - autoencoder_loss: 1.7464 - kl_loss: 0.7466 - loss: 3.0243 - reconstruction_loss: 0.9998 - vc_loss: 3.5720 - weighted_kl_loss: 0.7466
Epoch 105/200
93/93 - 52s - 559ms/step - accuracy: 0.7222 - autoencoder_loss: 3.3856 - kl_loss: 2.3894 - loss: 3.6483 - reconstruction_loss: 0.9961 - vc_loss: 3.7609 - weighted_kl_loss: 2.3894
Epoch 106/200
93/93 - 51s - 552ms/step - accuracy: 0.7298 - autoencoder_loss: 1.2067 - kl_loss: 0.2071 - loss: 2.2952 - reconstruction_loss: 0.9996 - vc_loss: 2.7617 - weighted_kl_loss: 0.2071
Epoch 106/200
93/93 - 52s - 555ms/step - accuracy: 0.7273 - autoencoder_loss: 1.4197 - kl_loss: 0.4195 - loss: 2.8844 - reconstruction_loss: 1.0002 - vc_loss: 3.5122 - weighted_kl_loss: 0.4195
Epoch 105/200
93/93 - 51s - 550ms/step - accuracy: 0.7298 - autoencoder_loss: 1.7293 - kl_loss: 0.7293 - loss: 2.4128 - reconstruction_loss: 1.0001 - vc_loss: 2.7057 - weighted_kl_loss: 0.7293
Epoch 106/200
93/93 - 51s - 546ms/step - accuracy: 0.7222 - autoencoder_loss: 3.3794 - kl_loss: 2.3821 - loss: 3.9653 - reconstruction_loss: 0.9973 - vc_loss: 4.2163 - weighted_kl_loss: 2.3821
Epoch 107/200
93/93 - 51s - 547ms/step - accuracy: 0.7298 - autoencoder_loss: 1.2111 - kl_loss: 0.2028 - loss: 2.4208 - reconstruction_loss: 1.0083 - vc_loss: 2.9393 - weighted_kl_loss: 0.2028
Epoch 107/200
93/93 - 52s - 560ms/step - accuracy: 0.7273 - autoencoder_loss: 1.3964 - kl_loss: 0.3961 - loss: 2.8424 - reconstruction_loss: 1.0003 - vc_loss: 3.4621 - weighted_kl_loss: 0.3961
Epoch 106/200
93/93 - 51s - 549ms/step - accuracy: 0.7298 - autoencoder_loss: 1.7147 - kl_loss: 0.7154 - loss: 2.9325 - reconstruction_loss: 0.9993 - vc_loss: 3.4544 - weighted_kl_loss: 0.7154
Epoch 107/200
93/93 - 51s - 545ms/step - accuracy: 0.7222 - autoencoder_loss: 3.3260 - kl_loss: 2.3293 - loss: 3.5900 - reconstruction_loss: 0.9967 - vc_loss: 3.7031 - weighted_kl_loss: 2.3293
Epoch 108/200
93/93 - 51s - 547ms/step - accuracy: 0.7273 - autoencoder_loss: 1.3881 - kl_loss: 0.3881 - loss: 2.5790 - reconstruction_loss: 1.0000 - vc_loss: 3.0893 - weighted_kl_loss: 0.3881
Epoch 107/200
93/93 - 51s - 548ms/step - accuracy: 0.7298 - autoencoder_loss: 1.6985 - kl_loss: 0.6990 - loss: 2.5454 - reconstruction_loss: 0.9995 - vc_loss: 2.9084 - weighted_kl_loss: 0.6990
Epoch 108/200
93/93 - 50s - 539ms/step - accuracy: 0.7222 - autoencoder_loss: 3.3873 - kl_loss: 2.3888 - loss: 3.7633 - reconstruction_loss: 0.9986 - vc_loss: 3.9245 - weighted_kl_loss: 2.3888
Epoch 109/200
93/93 - 82s - 886ms/step - accuracy: 0.7298 - autoencoder_loss: 1.2039 - kl_loss: 0.2040 - loss: 2.6603 - reconstruction_loss: 0.9999 - vc_loss: 3.2844 - weighted_kl_loss: 0.2040
Epoch 108/200
93/93 - 51s - 552ms/step - accuracy: 0.7298 - autoencoder_loss: 1.6914 - kl_loss: 0.6919 - loss: 3.2561 - reconstruction_loss: 0.9995 - vc_loss: 3.9266 - weighted_kl_loss: 0.6919
Epoch 109/200
93/93 - 52s - 559ms/step - accuracy: 0.7273 - autoencoder_loss: 1.3763 - kl_loss: 0.3771 - loss: 3.0905 - reconstruction_loss: 0.9992 - vc_loss: 3.8251 - weighted_kl_loss: 0.3771
Epoch 108/200
93/93 - 52s - 555ms/step - accuracy: 0.7222 - autoencoder_loss: 3.3321 - kl_loss: 2.3363 - loss: 3.8215 - reconstruction_loss: 0.9958 - vc_loss: 4.0312 - weighted_kl_loss: 2.3363
Epoch 110/200
93/93 - 52s - 564ms/step - accuracy: 0.7298 - autoencoder_loss: 1.1979 - kl_loss: 0.1983 - loss: 2.3985 - reconstruction_loss: 0.9996 - vc_loss: 2.9130 - weighted_kl_loss: 0.1983
Epoch 109/200
93/93 - 52s - 556ms/step - accuracy: 0.7298 - autoencoder_loss: 1.6851 - kl_loss: 0.6837 - loss: 3.4485 - reconstruction_loss: 1.0013 - vc_loss: 4.2043 - weighted_kl_loss: 0.6837
Epoch 110/200
93/93 - 52s - 564ms/step - accuracy: 0.7273 - autoencoder_loss: 1.3501 - kl_loss: 0.3507 - loss: 3.1064 - reconstruction_loss: 0.9994 - vc_loss: 3.8591 - weighted_kl_loss: 0.3507
Epoch 109/200
93/93 - 52s - 558ms/step - accuracy: 0.7222 - autoencoder_loss: 3.3137 - kl_loss: 2.3163 - loss: 3.5576 - reconstruction_loss: 0.9974 - vc_loss: 3.6621 - weighted_kl_loss: 2.3163
Epoch 111/200
93/93 - 52s - 560ms/step - accuracy: 0.7298 - autoencoder_loss: 1.1952 - kl_loss: 0.1958 - loss: 2.7724 - reconstruction_loss: 0.9994 - vc_loss: 3.4484 - weighted_kl_loss: 0.1958
Epoch 110/200
93/93 - 52s - 558ms/step - accuracy: 0.7298 - autoencoder_loss: 1.6690 - kl_loss: 0.6692 - loss: 2.8138 - reconstruction_loss: 0.9997 - vc_loss: 3.3044 - weighted_kl_loss: 0.6692
Epoch 111/200
93/93 - 52s - 563ms/step - accuracy: 0.7273 - autoencoder_loss: 1.3275 - kl_loss: 0.3278 - loss: 2.8466 - reconstruction_loss: 0.9997 - vc_loss: 3.4976 - weighted_kl_loss: 0.3278
Epoch 110/200
93/93 - 51s - 550ms/step - accuracy: 0.7222 - autoencoder_loss: 3.3096 - kl_loss: 2.3121 - loss: 3.7780 - reconstruction_loss: 0.9976 - vc_loss: 3.9787 - weighted_kl_loss: 2.3121
Epoch 112/200
93/93 - 52s - 554ms/step - accuracy: 0.7298 - autoencoder_loss: 1.1868 - kl_loss: 0.1870 - loss: 2.2316 - reconstruction_loss: 0.9998 - vc_loss: 2.6793 - weighted_kl_loss: 0.1870
Epoch 111/200
93/93 - 50s - 540ms/step - accuracy: 0.7298 - autoencoder_loss: 1.6579 - kl_loss: 0.6572 - loss: 2.5601 - reconstruction_loss: 1.0006 - vc_loss: 2.9468 - weighted_kl_loss: 0.6572
Epoch 112/200
93/93 - 51s - 550ms/step - accuracy: 0.7273 - autoencoder_loss: 1.3143 - kl_loss: 0.3138 - loss: 2.6189 - reconstruction_loss: 1.0006 - vc_loss: 3.1780 - weighted_kl_loss: 0.3138
Epoch 111/200
93/93 - 50s - 533ms/step - accuracy: 0.7222 - autoencoder_loss: 3.2710 - kl_loss: 2.2726 - loss: 3.5885 - reconstruction_loss: 0.9985 - vc_loss: 3.7246 - weighted_kl_loss: 2.2726
Epoch 113/200
93/93 - 52s - 558ms/step - accuracy: 0.7298 - autoencoder_loss: 1.1776 - kl_loss: 0.1777 - loss: 2.5574 - reconstruction_loss: 0.9999 - vc_loss: 3.1488 - weighted_kl_loss: 0.1777
Epoch 112/200
93/93 - 50s - 541ms/step - accuracy: 0.7298 - autoencoder_loss: 1.6435 - kl_loss: 0.6438 - loss: 2.4658 - reconstruction_loss: 0.9997 - vc_loss: 2.8182 - weighted_kl_loss: 0.6438
Epoch 113/200
93/93 - 51s - 549ms/step - accuracy: 0.7273 - autoencoder_loss: 1.2997 - kl_loss: 0.3000 - loss: 2.7222 - reconstruction_loss: 0.9997 - vc_loss: 3.3318 - weighted_kl_loss: 0.3000
Epoch 112/200
93/93 - 51s - 545ms/step - accuracy: 0.7222 - autoencoder_loss: 3.2173 - kl_loss: 2.2213 - loss: 3.6123 - reconstruction_loss: 0.9960 - vc_loss: 3.7815 - weighted_kl_loss: 2.2213
Epoch 114/200
93/93 - 50s - 542ms/step - accuracy: 0.7298 - autoencoder_loss: 1.1811 - kl_loss: 0.1811 - loss: 2.5549 - reconstruction_loss: 1.0000 - vc_loss: 3.1437 - weighted_kl_loss: 0.1811
Epoch 113/200
93/93 - 52s - 558ms/step - accuracy: 0.7298 - autoencoder_loss: 1.6431 - kl_loss: 0.6429 - loss: 2.8758 - reconstruction_loss: 1.0002 - vc_loss: 3.4041 - weighted_kl_loss: 0.6429
Epoch 114/200
93/93 - 51s - 553ms/step - accuracy: 0.7273 - autoencoder_loss: 1.2788 - kl_loss: 0.2793 - loss: 2.5776 - reconstruction_loss: 0.9996 - vc_loss: 3.1342 - weighted_kl_loss: 0.2793
Epoch 113/200
93/93 - 51s - 546ms/step - accuracy: 0.7222 - autoencoder_loss: 3.1462 - kl_loss: 2.1464 - loss: 3.2701 - reconstruction_loss: 0.9998 - vc_loss: 3.3232 - weighted_kl_loss: 2.1464
Epoch 115/200
93/93 - 52s - 557ms/step - accuracy: 0.7298 - autoencoder_loss: 1.1607 - kl_loss: 0.1612 - loss: 2.6884 - reconstruction_loss: 0.9995 - vc_loss: 3.3431 - weighted_kl_loss: 0.1612
Epoch 114/200
93/93 - 51s - 550ms/step - accuracy: 0.7298 - autoencoder_loss: 1.6247 - kl_loss: 0.6248 - loss: 2.6978 - reconstruction_loss: 0.9999 - vc_loss: 3.1577 - weighted_kl_loss: 0.6248
Epoch 115/200
93/93 - 52s - 560ms/step - accuracy: 0.7273 - autoencoder_loss: 1.2637 - kl_loss: 0.2616 - loss: 2.5379 - reconstruction_loss: 1.0021 - vc_loss: 3.0840 - weighted_kl_loss: 0.2616
Epoch 114/200
93/93 - 51s - 549ms/step - accuracy: 0.7222 - autoencoder_loss: 3.1292 - kl_loss: 2.1295 - loss: 3.8520 - reconstruction_loss: 0.9997 - vc_loss: 4.1618 - weighted_kl_loss: 2.1295
Epoch 116/200
93/93 - 53s - 565ms/step - accuracy: 0.7298 - autoencoder_loss: 1.1549 - kl_loss: 0.1550 - loss: 2.5143 - reconstruction_loss: 0.9999 - vc_loss: 3.0969 - weighted_kl_loss: 0.1550
Epoch 115/200
93/93 - 51s - 553ms/step - accuracy: 0.7298 - autoencoder_loss: 1.6380 - kl_loss: 0.6379 - loss: 3.1336 - reconstruction_loss: 1.0001 - vc_loss: 3.7746 - weighted_kl_loss: 0.6379
Epoch 116/200
93/93 - 51s - 554ms/step - accuracy: 0.7273 - autoencoder_loss: 1.2615 - kl_loss: 0.2614 - loss: 2.7588 - reconstruction_loss: 1.0001 - vc_loss: 3.4005 - weighted_kl_loss: 0.2614
Epoch 115/200
93/93 - 49s - 529ms/step - accuracy: 0.7222 - autoencoder_loss: 3.0692 - kl_loss: 2.0702 - loss: 4.5004 - reconstruction_loss: 0.9991 - vc_loss: 5.1137 - weighted_kl_loss: 2.0702
Epoch 117/200
93/93 - 52s - 561ms/step - accuracy: 0.7298 - autoencoder_loss: 1.1508 - kl_loss: 0.1514 - loss: 2.8551 - reconstruction_loss: 0.9994 - vc_loss: 3.5854 - weighted_kl_loss: 0.1514
Epoch 116/200
93/93 - 51s - 545ms/step - accuracy: 0.7298 - autoencoder_loss: 1.7395 - kl_loss: 0.7403 - loss: 3.2175 - reconstruction_loss: 0.9992 - vc_loss: 3.8509 - weighted_kl_loss: 0.7403
Epoch 117/200
93/93 - 51s - 553ms/step - accuracy: 0.7273 - autoencoder_loss: 1.2452 - kl_loss: 0.2460 - loss: 2.3470 - reconstruction_loss: 0.9992 - vc_loss: 2.8192 - weighted_kl_loss: 0.2460
Epoch 116/200
93/93 - 51s - 549ms/step - accuracy: 0.7222 - autoencoder_loss: 3.0249 - kl_loss: 2.0248 - loss: 3.8354 - reconstruction_loss: 1.0001 - vc_loss: 4.1828 - weighted_kl_loss: 2.0248
Epoch 118/200
93/93 - 51s - 545ms/step - accuracy: 0.7298 - autoencoder_loss: 1.1472 - kl_loss: 0.1477 - loss: 2.9726 - reconstruction_loss: 0.9995 - vc_loss: 3.7549 - weighted_kl_loss: 0.1477
Epoch 117/200
93/93 - 50s - 533ms/step - accuracy: 0.7298 - autoencoder_loss: 1.6991 - kl_loss: 0.7002 - loss: 3.0290 - reconstruction_loss: 0.9989 - vc_loss: 3.5989 - weighted_kl_loss: 0.7002
Epoch 118/200
93/93 - 50s - 540ms/step - accuracy: 0.7273 - autoencoder_loss: 1.2376 - kl_loss: 0.2380 - loss: 2.7300 - reconstruction_loss: 0.9995 - vc_loss: 3.3696 - weighted_kl_loss: 0.2380
Epoch 117/200
93/93 - 51s - 546ms/step - accuracy: 0.7222 - autoencoder_loss: 2.9854 - kl_loss: 1.9872 - loss: 3.9796 - reconstruction_loss: 0.9982 - vc_loss: 4.4057 - weighted_kl_loss: 1.9872
Epoch 119/200
93/93 - 52s - 559ms/step - accuracy: 0.7298 - autoencoder_loss: 1.1504 - kl_loss: 0.1508 - loss: 2.2950 - reconstruction_loss: 0.9996 - vc_loss: 2.7856 - weighted_kl_loss: 0.1508
Epoch 118/200
93/93 - 52s - 554ms/step - accuracy: 0.7298 - autoencoder_loss: 1.6783 - kl_loss: 0.6782 - loss: 2.4263 - reconstruction_loss: 1.0001 - vc_loss: 2.7469 - weighted_kl_loss: 0.6782
Epoch 119/200
93/93 - 52s - 557ms/step - accuracy: 0.7273 - autoencoder_loss: 1.2345 - kl_loss: 0.2347 - loss: 2.3510 - reconstruction_loss: 0.9998 - vc_loss: 2.8294 - weighted_kl_loss: 0.2347
Epoch 118/200
93/93 - 51s - 544ms/step - accuracy: 0.7222 - autoencoder_loss: 2.9868 - kl_loss: 1.9886 - loss: 3.7167 - reconstruction_loss: 0.9982 - vc_loss: 4.0295 - weighted_kl_loss: 1.9886
Epoch 120/200
93/93 - 51s - 550ms/step - accuracy: 0.7298 - autoencoder_loss: 1.1423 - kl_loss: 0.1423 - loss: 3.1204 - reconstruction_loss: 1.0000 - vc_loss: 3.9682 - weighted_kl_loss: 0.1423
Epoch 119/200
93/93 - 51s - 547ms/step - accuracy: 0.7298 - autoencoder_loss: 1.6756 - kl_loss: 0.6763 - loss: 2.6392 - reconstruction_loss: 0.9993 - vc_loss: 3.0522 - weighted_kl_loss: 0.6763
Epoch 120/200
93/93 - 51s - 549ms/step - accuracy: 0.7273 - autoencoder_loss: 1.2150 - kl_loss: 0.2153 - loss: 2.6397 - reconstruction_loss: 0.9997 - vc_loss: 3.2503 - weighted_kl_loss: 0.2153
Epoch 119/200
93/93 - 51s - 546ms/step - accuracy: 0.7222 - autoencoder_loss: 2.9541 - kl_loss: 1.9557 - loss: 3.2533 - reconstruction_loss: 0.9984 - vc_loss: 3.3815 - weighted_kl_loss: 1.9557
Epoch 121/200
93/93 - 51s - 551ms/step - accuracy: 0.7298 - autoencoder_loss: 1.1344 - kl_loss: 0.1342 - loss: 2.5942 - reconstruction_loss: 1.0002 - vc_loss: 3.2198 - weighted_kl_loss: 0.1342
Epoch 120/200
93/93 - 51s - 551ms/step - accuracy: 0.7298 - autoencoder_loss: 1.6540 - kl_loss: 0.6543 - loss: 2.7044 - reconstruction_loss: 0.9997 - vc_loss: 3.1546 - weighted_kl_loss: 0.6543
Epoch 121/200
93/93 - 52s - 561ms/step - accuracy: 0.7273 - autoencoder_loss: 1.2030 - kl_loss: 0.2038 - loss: 2.4485 - reconstruction_loss: 0.9993 - vc_loss: 2.9823 - weighted_kl_loss: 0.2038
Epoch 120/200
93/93 - 52s - 556ms/step - accuracy: 0.7222 - autoencoder_loss: 2.9308 - kl_loss: 1.9315 - loss: 3.6813 - reconstruction_loss: 0.9993 - vc_loss: 4.0029 - weighted_kl_loss: 1.9315
Epoch 122/200
93/93 - 52s - 560ms/step - accuracy: 0.7298 - autoencoder_loss: 1.1263 - kl_loss: 0.1264 - loss: 2.4603 - reconstruction_loss: 0.9998 - vc_loss: 3.0321 - weighted_kl_loss: 0.1264
Epoch 121/200
93/93 - 52s - 558ms/step - accuracy: 0.7298 - autoencoder_loss: 1.6360 - kl_loss: 0.6362 - loss: 3.2012 - reconstruction_loss: 0.9998 - vc_loss: 3.8720 - weighted_kl_loss: 0.6362
Epoch 122/200
93/93 - 52s - 561ms/step - accuracy: 0.7273 - autoencoder_loss: 1.1953 - kl_loss: 0.1962 - loss: 2.8075 - reconstruction_loss: 0.9991 - vc_loss: 3.4985 - weighted_kl_loss: 0.1962
Epoch 121/200
93/93 - 50s - 539ms/step - accuracy: 0.7222 - autoencoder_loss: 2.9177 - kl_loss: 1.9178 - loss: 3.6160 - reconstruction_loss: 0.9999 - vc_loss: 3.9152 - weighted_kl_loss: 1.9178
Epoch 123/200
93/93 - 51s - 547ms/step - accuracy: 0.7298 - autoencoder_loss: 1.1198 - kl_loss: 0.1201 - loss: 2.3007 - reconstruction_loss: 0.9997 - vc_loss: 2.8068 - weighted_kl_loss: 0.1201
Epoch 122/200
93/93 - 50s - 542ms/step - accuracy: 0.7273 - autoencoder_loss: 1.1956 - kl_loss: 0.1963 - loss: 2.2444 - reconstruction_loss: 0.9993 - vc_loss: 2.6938 - weighted_kl_loss: 0.1963
Epoch 122/200
93/93 - 49s - 532ms/step - accuracy: 0.7222 - autoencoder_loss: 2.9121 - kl_loss: 1.9127 - loss: 3.6712 - reconstruction_loss: 0.9994 - vc_loss: 3.9965 - weighted_kl_loss: 1.9127
Epoch 124/200
93/93 - 81s - 867ms/step - accuracy: 0.7298 - autoencoder_loss: 1.6186 - kl_loss: 0.6195 - loss: 2.3970 - reconstruction_loss: 0.9991 - vc_loss: 2.7306 - weighted_kl_loss: 0.6195
Epoch 123/200
93/93 - 51s - 552ms/step - accuracy: 0.7298 - autoencoder_loss: 1.1145 - kl_loss: 0.1146 - loss: 2.4182 - reconstruction_loss: 1.0000 - vc_loss: 2.9770 - weighted_kl_loss: 0.1146
Epoch 123/200
93/93 - 52s - 554ms/step - accuracy: 0.7273 - autoencoder_loss: 1.1883 - kl_loss: 0.1867 - loss: 2.7753 - reconstruction_loss: 1.0016 - vc_loss: 3.4555 - weighted_kl_loss: 0.1867
Epoch 123/200
93/93 - 51s - 549ms/step - accuracy: 0.7222 - autoencoder_loss: 2.8668 - kl_loss: 1.8661 - loss: 3.3872 - reconstruction_loss: 1.0008 - vc_loss: 3.6102 - weighted_kl_loss: 1.8661
Epoch 125/200
93/93 - 51s - 546ms/step - accuracy: 0.7298 - autoencoder_loss: 1.6167 - kl_loss: 0.6157 - loss: 2.7284 - reconstruction_loss: 1.0009 - vc_loss: 3.2048 - weighted_kl_loss: 0.6157
Epoch 124/200
93/93 - 51s - 546ms/step - accuracy: 0.7298 - autoencoder_loss: 1.1635 - kl_loss: 0.1640 - loss: 2.6064 - reconstruction_loss: 0.9995 - vc_loss: 3.2248 - weighted_kl_loss: 0.1640
Epoch 124/200
93/93 - 52s - 557ms/step - accuracy: 0.7273 - autoencoder_loss: 1.1721 - kl_loss: 0.1726 - loss: 2.6470 - reconstruction_loss: 0.9995 - vc_loss: 3.2791 - weighted_kl_loss: 0.1726
Epoch 124/200
93/93 - 51s - 552ms/step - accuracy: 0.7222 - autoencoder_loss: 2.8636 - kl_loss: 1.8633 - loss: 3.4740 - reconstruction_loss: 1.0003 - vc_loss: 3.7355 - weighted_kl_loss: 1.8633
Epoch 126/200
93/93 - 51s - 554ms/step - accuracy: 0.7298 - autoencoder_loss: 1.6009 - kl_loss: 0.6011 - loss: 2.4969 - reconstruction_loss: 0.9999 - vc_loss: 2.8809 - weighted_kl_loss: 0.6011
Epoch 125/200
93/93 - 52s - 561ms/step - accuracy: 0.7298 - autoencoder_loss: 1.1538 - kl_loss: 0.1526 - loss: 2.7969 - reconstruction_loss: 1.0011 - vc_loss: 3.5011 - weighted_kl_loss: 0.1526
Epoch 125/200
93/93 - 52s - 564ms/step - accuracy: 0.7273 - autoencoder_loss: 1.1755 - kl_loss: 0.1748 - loss: 2.4682 - reconstruction_loss: 1.0007 - vc_loss: 3.0222 - weighted_kl_loss: 0.1748
Epoch 125/200
93/93 - 52s - 556ms/step - accuracy: 0.7222 - autoencoder_loss: 2.8351 - kl_loss: 1.8356 - loss: 3.2610 - reconstruction_loss: 0.9995 - vc_loss: 3.4435 - weighted_kl_loss: 1.8356
Epoch 127/200
93/93 - 52s - 558ms/step - accuracy: 0.7298 - autoencoder_loss: 1.5916 - kl_loss: 0.5917 - loss: 2.5692 - reconstruction_loss: 1.0000 - vc_loss: 2.9881 - weighted_kl_loss: 0.5917
Epoch 126/200
93/93 - 52s - 563ms/step - accuracy: 0.7298 - autoencoder_loss: 1.1376 - kl_loss: 0.1386 - loss: 3.4029 - reconstruction_loss: 0.9989 - vc_loss: 4.3737 - weighted_kl_loss: 0.1386
Epoch 126/200
93/93 - 52s - 557ms/step - accuracy: 0.7273 - autoencoder_loss: 1.1581 - kl_loss: 0.1573 - loss: 2.7031 - reconstruction_loss: 1.0008 - vc_loss: 3.3652 - weighted_kl_loss: 0.1573
Epoch 126/200
93/93 - 51s - 549ms/step - accuracy: 0.7222 - autoencoder_loss: 2.7602 - kl_loss: 1.7602 - loss: 5.2649 - reconstruction_loss: 1.0000 - vc_loss: 6.3384 - weighted_kl_loss: 1.7602
Epoch 128/200
93/93 - 51s - 550ms/step - accuracy: 0.7298 - autoencoder_loss: 1.5823 - kl_loss: 0.5820 - loss: 2.8005 - reconstruction_loss: 1.0003 - vc_loss: 3.3226 - weighted_kl_loss: 0.5820
Epoch 127/200
93/93 - 51s - 552ms/step - accuracy: 0.7298 - autoencoder_loss: 1.1266 - kl_loss: 0.1273 - loss: 2.4644 - reconstruction_loss: 0.9993 - vc_loss: 3.0377 - weighted_kl_loss: 0.1273
Epoch 127/200
93/93 - 51s - 548ms/step - accuracy: 0.7273 - autoencoder_loss: 1.1405 - kl_loss: 0.1401 - loss: 2.3302 - reconstruction_loss: 1.0004 - vc_loss: 2.8401 - weighted_kl_loss: 0.1401
Epoch 127/200
93/93 - 50s - 537ms/step - accuracy: 0.7222 - autoencoder_loss: 2.7226 - kl_loss: 1.7236 - loss: 4.2799 - reconstruction_loss: 0.9991 - vc_loss: 4.9473 - weighted_kl_loss: 1.7236
Epoch 129/200
93/93 - 50s - 533ms/step - accuracy: 0.7298 - autoencoder_loss: 1.5641 - kl_loss: 0.5646 - loss: 2.8188 - reconstruction_loss: 0.9995 - vc_loss: 3.3566 - weighted_kl_loss: 0.5646
Epoch 128/200
93/93 - 51s - 554ms/step - accuracy: 0.7298 - autoencoder_loss: 1.1174 - kl_loss: 0.1171 - loss: 2.4050 - reconstruction_loss: 1.0004 - vc_loss: 2.9568 - weighted_kl_loss: 0.1171
Epoch 128/200
93/93 - 52s - 560ms/step - accuracy: 0.7273 - autoencoder_loss: 1.1362 - kl_loss: 0.1363 - loss: 2.5190 - reconstruction_loss: 0.9999 - vc_loss: 3.1116 - weighted_kl_loss: 0.1363
Epoch 128/200
93/93 - 51s - 550ms/step - accuracy: 0.7222 - autoencoder_loss: 2.6683 - kl_loss: 1.6688 - loss: 4.0132 - reconstruction_loss: 0.9995 - vc_loss: 4.5896 - weighted_kl_loss: 1.6688
Epoch 130/200
93/93 - 51s - 553ms/step - accuracy: 0.7298 - autoencoder_loss: 1.5476 - kl_loss: 0.5479 - loss: 2.6150 - reconstruction_loss: 0.9997 - vc_loss: 3.0725 - weighted_kl_loss: 0.5479
Epoch 129/200
93/93 - 52s - 556ms/step - accuracy: 0.7298 - autoencoder_loss: 1.1112 - kl_loss: 0.1109 - loss: 2.6498 - reconstruction_loss: 1.0003 - vc_loss: 3.3092 - weighted_kl_loss: 0.1109
Epoch 129/200
93/93 - 52s - 558ms/step - accuracy: 0.7273 - autoencoder_loss: 1.1304 - kl_loss: 0.1305 - loss: 2.7174 - reconstruction_loss: 0.9999 - vc_loss: 3.3975 - weighted_kl_loss: 0.1305
Epoch 129/200
93/93 - 50s - 542ms/step - accuracy: 0.7222 - autoencoder_loss: 2.6459 - kl_loss: 1.6463 - loss: 3.7295 - reconstruction_loss: 0.9996 - vc_loss: 4.1940 - weighted_kl_loss: 1.6463
Epoch 131/200
93/93 - 50s - 541ms/step - accuracy: 0.7298 - autoencoder_loss: 1.5499 - kl_loss: 0.5500 - loss: 2.5505 - reconstruction_loss: 0.9999 - vc_loss: 2.9793 - weighted_kl_loss: 0.5500
Epoch 130/200
93/93 - 50s - 542ms/step - accuracy: 0.7298 - autoencoder_loss: 1.1118 - kl_loss: 0.1104 - loss: 2.5415 - reconstruction_loss: 1.0013 - vc_loss: 3.1543 - weighted_kl_loss: 0.1104
Epoch 130/200
93/93 - 50s - 539ms/step - accuracy: 0.7222 - autoencoder_loss: 2.6564 - kl_loss: 1.6553 - loss: 3.1033 - reconstruction_loss: 1.0010 - vc_loss: 3.2949 - weighted_kl_loss: 1.6553
Epoch 132/200
93/93 - 52s - 556ms/step - accuracy: 0.7273 - autoencoder_loss: 1.1415 - kl_loss: 0.1413 - loss: 2.9089 - reconstruction_loss: 1.0002 - vc_loss: 3.6663 - weighted_kl_loss: 0.1413
Epoch 130/200
93/93 - 49s - 528ms/step - accuracy: 0.7298 - autoencoder_loss: 1.5273 - kl_loss: 0.5276 - loss: 2.7174 - reconstruction_loss: 0.9997 - vc_loss: 3.2275 - weighted_kl_loss: 0.5276
Epoch 131/200
93/93 - 49s - 528ms/step - accuracy: 0.7298 - autoencoder_loss: 1.1023 - kl_loss: 0.1025 - loss: 3.1444 - reconstruction_loss: 0.9998 - vc_loss: 4.0196 - weighted_kl_loss: 0.1025
Epoch 131/200
93/93 - 50s - 536ms/step - accuracy: 0.7222 - autoencoder_loss: 2.6365 - kl_loss: 1.6370 - loss: 3.3039 - reconstruction_loss: 0.9995 - vc_loss: 3.5900 - weighted_kl_loss: 1.6370
Epoch 133/200
93/93 - 51s - 543ms/step - accuracy: 0.7273 - autoencoder_loss: 1.1399 - kl_loss: 0.1399 - loss: 2.5794 - reconstruction_loss: 0.9999 - vc_loss: 3.1963 - weighted_kl_loss: 0.1399
Epoch 131/200
93/93 - 48s - 521ms/step - accuracy: 0.7298 - autoencoder_loss: 1.1045 - kl_loss: 0.1048 - loss: 2.6252 - reconstruction_loss: 0.9996 - vc_loss: 3.2769 - weighted_kl_loss: 0.1048
Epoch 132/200
93/93 - 50s - 536ms/step - accuracy: 0.7222 - autoencoder_loss: 2.6238 - kl_loss: 1.6244 - loss: 3.2899 - reconstruction_loss: 0.9993 - vc_loss: 3.5753 - weighted_kl_loss: 1.6244
Epoch 134/200
93/93 - 84s - 907ms/step - accuracy: 0.7298 - autoencoder_loss: 1.5257 - kl_loss: 0.5235 - loss: 2.7104 - reconstruction_loss: 1.0022 - vc_loss: 3.2182 - weighted_kl_loss: 0.5235
Epoch 132/200
93/93 - 51s - 553ms/step - accuracy: 0.7273 - autoencoder_loss: 1.1338 - kl_loss: 0.1339 - loss: 2.6609 - reconstruction_loss: 1.0000 - vc_loss: 3.3154 - weighted_kl_loss: 0.1339
Epoch 132/200
93/93 - 51s - 551ms/step - accuracy: 0.7298 - autoencoder_loss: 1.0944 - kl_loss: 0.0952 - loss: 2.3758 - reconstruction_loss: 0.9992 - vc_loss: 2.9249 - weighted_kl_loss: 0.0952
Epoch 133/200
93/93 - 49s - 530ms/step - accuracy: 0.7298 - autoencoder_loss: 1.5081 - kl_loss: 0.5080 - loss: 3.0183 - reconstruction_loss: 1.0001 - vc_loss: 3.6655 - weighted_kl_loss: 0.5080
Epoch 133/200
93/93 - 51s - 549ms/step - accuracy: 0.7222 - autoencoder_loss: 2.6360 - kl_loss: 1.6365 - loss: 3.3107 - reconstruction_loss: 0.9995 - vc_loss: 3.5999 - weighted_kl_loss: 1.6365
Epoch 135/200
93/93 - 52s - 557ms/step - accuracy: 0.7273 - autoencoder_loss: 1.1280 - kl_loss: 0.1283 - loss: 2.7574 - reconstruction_loss: 0.9997 - vc_loss: 3.4557 - weighted_kl_loss: 0.1283
Epoch 133/200
93/93 - 52s - 557ms/step - accuracy: 0.7298 - autoencoder_loss: 1.0868 - kl_loss: 0.0855 - loss: 4.0620 - reconstruction_loss: 1.0013 - vc_loss: 5.3371 - weighted_kl_loss: 0.0855
Epoch 134/200
93/93 - 49s - 525ms/step - accuracy: 0.7222 - autoencoder_loss: 2.6451 - kl_loss: 1.6437 - loss: 3.8832 - reconstruction_loss: 1.0015 - vc_loss: 4.4138 - weighted_kl_loss: 1.6437
Epoch 136/200
93/93 - 51s - 550ms/step - accuracy: 0.7298 - autoencoder_loss: 1.4920 - kl_loss: 0.4923 - loss: 2.9809 - reconstruction_loss: 0.9997 - vc_loss: 3.6190 - weighted_kl_loss: 0.4923
Epoch 134/200
93/93 - 51s - 549ms/step - accuracy: 0.7273 - autoencoder_loss: 1.1146 - kl_loss: 0.1151 - loss: 2.4133 - reconstruction_loss: 0.9995 - vc_loss: 2.9699 - weighted_kl_loss: 0.1151
Epoch 134/200
93/93 - 51s - 550ms/step - accuracy: 0.7298 - autoencoder_loss: 1.0780 - kl_loss: 0.0785 - loss: 2.6205 - reconstruction_loss: 0.9995 - vc_loss: 3.2815 - weighted_kl_loss: 0.0785
Epoch 135/200
93/93 - 51s - 544ms/step - accuracy: 0.7222 - autoencoder_loss: 2.7507 - kl_loss: 1.7512 - loss: 4.0604 - reconstruction_loss: 0.9995 - vc_loss: 4.6217 - weighted_kl_loss: 1.7512
Epoch 137/200
93/93 - 52s - 554ms/step - accuracy: 0.7298 - autoencoder_loss: 1.4910 - kl_loss: 0.4916 - loss: 2.5636 - reconstruction_loss: 0.9994 - vc_loss: 3.0232 - weighted_kl_loss: 0.4916
Epoch 135/200
93/93 - 51s - 552ms/step - accuracy: 0.7273 - autoencoder_loss: 1.1166 - kl_loss: 0.1175 - loss: 2.6331 - reconstruction_loss: 0.9991 - vc_loss: 3.2830 - weighted_kl_loss: 0.1175
Epoch 135/200
93/93 - 52s - 560ms/step - accuracy: 0.7298 - autoencoder_loss: 1.0721 - kl_loss: 0.0726 - loss: 2.9329 - reconstruction_loss: 0.9995 - vc_loss: 3.7304 - weighted_kl_loss: 0.0726
Epoch 136/200
93/93 - 51s - 551ms/step - accuracy: 0.7222 - autoencoder_loss: 3.3162 - kl_loss: 2.3164 - loss: 5.3978 - reconstruction_loss: 0.9998 - vc_loss: 6.2900 - weighted_kl_loss: 2.3164
Epoch 138/200
93/93 - 52s - 554ms/step - accuracy: 0.7298 - autoencoder_loss: 1.4762 - kl_loss: 0.4763 - loss: 2.5312 - reconstruction_loss: 0.9999 - vc_loss: 2.9834 - weighted_kl_loss: 0.4763
Epoch 136/200
93/93 - 52s - 560ms/step - accuracy: 0.7273 - autoencoder_loss: 1.1122 - kl_loss: 0.1125 - loss: 2.7385 - reconstruction_loss: 0.9998 - vc_loss: 3.4355 - weighted_kl_loss: 0.1125
Epoch 136/200
93/93 - 51s - 552ms/step - accuracy: 0.7298 - autoencoder_loss: 1.0710 - kl_loss: 0.0703 - loss: 2.2681 - reconstruction_loss: 1.0007 - vc_loss: 2.7811 - weighted_kl_loss: 0.0703
Epoch 137/200
93/93 - 51s - 544ms/step - accuracy: 0.7222 - autoencoder_loss: 3.4139 - kl_loss: 2.4064 - loss: 4.0391 - reconstruction_loss: 1.0075 - vc_loss: 4.3071 - weighted_kl_loss: 2.4064
Epoch 139/200
93/93 - 50s - 539ms/step - accuracy: 0.7298 - autoencoder_loss: 1.4648 - kl_loss: 0.4653 - loss: 2.6197 - reconstruction_loss: 0.9995 - vc_loss: 3.1147 - weighted_kl_loss: 0.4653
Epoch 137/200
93/93 - 51s - 551ms/step - accuracy: 0.7273 - autoencoder_loss: 1.1140 - kl_loss: 0.1145 - loss: 2.3096 - reconstruction_loss: 0.9996 - vc_loss: 2.8220 - weighted_kl_loss: 0.1145
Epoch 137/200
93/93 - 50s - 542ms/step - accuracy: 0.7298 - autoencoder_loss: 1.0693 - kl_loss: 0.0686 - loss: 3.4671 - reconstruction_loss: 1.0007 - vc_loss: 4.4947 - weighted_kl_loss: 0.0686
Epoch 138/200
93/93 - 50s - 542ms/step - accuracy: 0.7222 - autoencoder_loss: 3.3861 - kl_loss: 2.3863 - loss: 4.0114 - reconstruction_loss: 0.9998 - vc_loss: 4.2795 - weighted_kl_loss: 2.3863
Epoch 140/200
93/93 - 50s - 542ms/step - accuracy: 0.7298 - autoencoder_loss: 1.4688 - kl_loss: 0.4685 - loss: 2.5526 - reconstruction_loss: 1.0003 - vc_loss: 3.0171 - weighted_kl_loss: 0.4685
Epoch 138/200
93/93 - 52s - 555ms/step - accuracy: 0.7273 - autoencoder_loss: 1.1129 - kl_loss: 0.1108 - loss: 2.6387 - reconstruction_loss: 1.0020 - vc_loss: 3.2927 - weighted_kl_loss: 0.1108
Epoch 138/200
93/93 - 50s - 540ms/step - accuracy: 0.7298 - autoencoder_loss: 1.0657 - kl_loss: 0.0662 - loss: 2.2785 - reconstruction_loss: 0.9995 - vc_loss: 2.7982 - weighted_kl_loss: 0.0662
Epoch 139/200
93/93 - 50s - 534ms/step - accuracy: 0.7222 - autoencoder_loss: 3.3740 - kl_loss: 2.3747 - loss: 3.9846 - reconstruction_loss: 0.9993 - vc_loss: 4.2463 - weighted_kl_loss: 2.3747
Epoch 141/200
93/93 - 50s - 538ms/step - accuracy: 0.7298 - autoencoder_loss: 1.4879 - kl_loss: 0.4877 - loss: 3.0499 - reconstruction_loss: 1.0002 - vc_loss: 3.7194 - weighted_kl_loss: 0.4877
Epoch 139/200
93/93 - 51s - 545ms/step - accuracy: 0.7273 - autoencoder_loss: 1.1060 - kl_loss: 0.1055 - loss: 2.6714 - reconstruction_loss: 1.0005 - vc_loss: 3.3423 - weighted_kl_loss: 0.1055
Epoch 139/200
93/93 - 50s - 540ms/step - accuracy: 0.7298 - autoencoder_loss: 1.0640 - kl_loss: 0.0642 - loss: 2.6781 - reconstruction_loss: 0.9998 - vc_loss: 3.3699 - weighted_kl_loss: 0.0642
Epoch 140/200
93/93 - 50s - 539ms/step - accuracy: 0.7222 - autoencoder_loss: 3.1115 - kl_loss: 2.1107 - loss: 3.9352 - reconstruction_loss: 1.0008 - vc_loss: 4.2882 - weighted_kl_loss: 2.1107
Epoch 142/200
93/93 - 51s - 551ms/step - accuracy: 0.7298 - autoencoder_loss: 1.4660 - kl_loss: 0.4653 - loss: 2.7227 - reconstruction_loss: 1.0007 - vc_loss: 3.2613 - weighted_kl_loss: 0.4653
Epoch 140/200
93/93 - 52s - 560ms/step - accuracy: 0.7273 - autoencoder_loss: 1.1093 - kl_loss: 0.1072 - loss: 2.7676 - reconstruction_loss: 1.0021 - vc_loss: 3.4783 - weighted_kl_loss: 0.1072
Epoch 140/200
93/93 - 52s - 557ms/step - accuracy: 0.7298 - autoencoder_loss: 1.0604 - kl_loss: 0.0607 - loss: 2.6731 - reconstruction_loss: 0.9997 - vc_loss: 3.3643 - weighted_kl_loss: 0.0607
Epoch 141/200
93/93 - 51s - 544ms/step - accuracy: 0.7222 - autoencoder_loss: 3.0620 - kl_loss: 2.0617 - loss: 4.2580 - reconstruction_loss: 1.0002 - vc_loss: 4.7706 - weighted_kl_loss: 2.0617
Epoch 143/200
93/93 - 51s - 549ms/step - accuracy: 0.7298 - autoencoder_loss: 1.4517 - kl_loss: 0.4509 - loss: 2.5758 - reconstruction_loss: 1.0008 - vc_loss: 3.0575 - weighted_kl_loss: 0.4509
Epoch 141/200
93/93 - 51s - 552ms/step - accuracy: 0.7273 - autoencoder_loss: 1.1088 - kl_loss: 0.1080 - loss: 2.6852 - reconstruction_loss: 1.0008 - vc_loss: 3.3608 - weighted_kl_loss: 0.1080
Epoch 141/200
93/93 - 52s - 556ms/step - accuracy: 0.7298 - autoencoder_loss: 1.0569 - kl_loss: 0.0577 - loss: 2.6240 - reconstruction_loss: 0.9992 - vc_loss: 3.2957 - weighted_kl_loss: 0.0577
Epoch 142/200
93/93 - 51s - 548ms/step - accuracy: 0.7222 - autoencoder_loss: 3.0164 - kl_loss: 2.0171 - loss: 3.7536 - reconstruction_loss: 0.9992 - vc_loss: 4.0695 - weighted_kl_loss: 2.0171
Epoch 144/200
93/93 - 51s - 552ms/step - accuracy: 0.7298 - autoencoder_loss: 1.4532 - kl_loss: 0.4537 - loss: 2.8465 - reconstruction_loss: 0.9995 - vc_loss: 3.4437 - weighted_kl_loss: 0.4537
Epoch 142/200
93/93 - 51s - 548ms/step - accuracy: 0.7273 - autoencoder_loss: 1.1017 - kl_loss: 0.1015 - loss: 2.7550 - reconstruction_loss: 1.0002 - vc_loss: 3.4636 - weighted_kl_loss: 0.1015
Epoch 142/200
93/93 - 52s - 558ms/step - accuracy: 0.7298 - autoencoder_loss: 1.0531 - kl_loss: 0.0538 - loss: 2.2092 - reconstruction_loss: 0.9993 - vc_loss: 2.7047 - weighted_kl_loss: 0.0538
Epoch 143/200
93/93 - 51s - 554ms/step - accuracy: 0.7222 - autoencoder_loss: 2.9504 - kl_loss: 1.9508 - loss: 3.3874 - reconstruction_loss: 0.9996 - vc_loss: 3.5747 - weighted_kl_loss: 1.9508
Epoch 145/200
93/93 - 51s - 548ms/step - accuracy: 0.7298 - autoencoder_loss: 1.4471 - kl_loss: 0.4478 - loss: 3.2283 - reconstruction_loss: 0.9993 - vc_loss: 3.9917 - weighted_kl_loss: 0.4478
Epoch 143/200
93/93 - 51s - 551ms/step - accuracy: 0.7273 - autoencoder_loss: 1.1013 - kl_loss: 0.1015 - loss: 2.3477 - reconstruction_loss: 0.9998 - vc_loss: 2.8819 - weighted_kl_loss: 0.1015
Epoch 143/200
93/93 - 51s - 548ms/step - accuracy: 0.7298 - autoencoder_loss: 1.0506 - kl_loss: 0.0516 - loss: 2.4271 - reconstruction_loss: 0.9990 - vc_loss: 3.0170 - weighted_kl_loss: 0.0516
Epoch 144/200
93/93 - 51s - 547ms/step - accuracy: 0.7222 - autoencoder_loss: 2.9332 - kl_loss: 1.9321 - loss: 3.2761 - reconstruction_loss: 1.0011 - vc_loss: 3.4231 - weighted_kl_loss: 1.9321
Epoch 146/200
93/93 - 52s - 556ms/step - accuracy: 0.7298 - autoencoder_loss: 1.4208 - kl_loss: 0.4217 - loss: 2.8630 - reconstruction_loss: 0.9991 - vc_loss: 3.4811 - weighted_kl_loss: 0.4217
Epoch 144/200
93/93 - 51s - 549ms/step - accuracy: 0.7273 - autoencoder_loss: 1.0996 - kl_loss: 0.0993 - loss: 2.6074 - reconstruction_loss: 1.0003 - vc_loss: 3.2536 - weighted_kl_loss: 0.0993
Epoch 144/200
93/93 - 51s - 550ms/step - accuracy: 0.7298 - autoencoder_loss: 1.0522 - kl_loss: 0.0528 - loss: 2.8067 - reconstruction_loss: 0.9993 - vc_loss: 3.5587 - weighted_kl_loss: 0.0528
Epoch 145/200
93/93 - 51s - 547ms/step - accuracy: 0.7222 - autoencoder_loss: 2.9366 - kl_loss: 1.9373 - loss: 3.5499 - reconstruction_loss: 0.9992 - vc_loss: 3.8128 - weighted_kl_loss: 1.9373
Epoch 147/200
93/93 - 51s - 546ms/step - accuracy: 0.7298 - autoencoder_loss: 1.3950 - kl_loss: 0.3954 - loss: 2.2304 - reconstruction_loss: 0.9996 - vc_loss: 2.5884 - weighted_kl_loss: 0.3954
Epoch 145/200
93/93 - 52s - 561ms/step - accuracy: 0.7273 - autoencoder_loss: 1.1217 - kl_loss: 0.1205 - loss: 2.9118 - reconstruction_loss: 1.0011 - vc_loss: 3.6790 - weighted_kl_loss: 0.1205
Epoch 145/200
93/93 - 51s - 552ms/step - accuracy: 0.7298 - autoencoder_loss: 1.0498 - kl_loss: 0.0504 - loss: 2.5132 - reconstruction_loss: 0.9994 - vc_loss: 3.1403 - weighted_kl_loss: 0.0504
Epoch 146/200
93/93 - 51s - 552ms/step - accuracy: 0.7298 - autoencoder_loss: 1.3877 - kl_loss: 0.3847 - loss: 2.5303 - reconstruction_loss: 1.0030 - vc_loss: 3.0200 - weighted_kl_loss: 0.3847
Epoch 146/200
93/93 - 52s - 558ms/step - accuracy: 0.7273 - autoencoder_loss: 1.1277 - kl_loss: 0.1283 - loss: 2.4369 - reconstruction_loss: 0.9994 - vc_loss: 2.9980 - weighted_kl_loss: 0.1283
Epoch 146/200
93/93 - 82s - 885ms/step - accuracy: 0.7222 - autoencoder_loss: 3.0245 - kl_loss: 2.0245 - loss: 3.9201 - reconstruction_loss: 1.0000 - vc_loss: 4.3040 - weighted_kl_loss: 2.0245
Epoch 148/200
93/93 - 51s - 552ms/step - accuracy: 0.7298 - autoencoder_loss: 1.0519 - kl_loss: 0.0489 - loss: 2.7070 - reconstruction_loss: 1.0029 - vc_loss: 3.4164 - weighted_kl_loss: 0.0489
Epoch 147/200
93/93 - 52s - 558ms/step - accuracy: 0.7298 - autoencoder_loss: 1.3716 - kl_loss: 0.3717 - loss: 2.5635 - reconstruction_loss: 1.0000 - vc_loss: 3.0744 - weighted_kl_loss: 0.3717
Epoch 147/200
93/93 - 52s - 563ms/step - accuracy: 0.7273 - autoencoder_loss: 1.1114 - kl_loss: 0.1118 - loss: 2.7200 - reconstruction_loss: 0.9996 - vc_loss: 3.4094 - weighted_kl_loss: 0.1118
Epoch 147/200
93/93 - 51s - 552ms/step - accuracy: 0.7222 - autoencoder_loss: 2.9675 - kl_loss: 1.9675 - loss: 3.7569 - reconstruction_loss: 1.0000 - vc_loss: 4.0952 - weighted_kl_loss: 1.9675
Epoch 149/200
93/93 - 52s - 556ms/step - accuracy: 0.7298 - autoencoder_loss: 1.0472 - kl_loss: 0.0478 - loss: 3.0211 - reconstruction_loss: 0.9994 - vc_loss: 3.8671 - weighted_kl_loss: 0.0478
Epoch 148/200
93/93 - 52s - 560ms/step - accuracy: 0.7298 - autoencoder_loss: 1.3584 - kl_loss: 0.3583 - loss: 2.7050 - reconstruction_loss: 1.0001 - vc_loss: 3.2821 - weighted_kl_loss: 0.3583
Epoch 148/200
93/93 - 52s - 559ms/step - accuracy: 0.7273 - autoencoder_loss: 1.0928 - kl_loss: 0.0933 - loss: 2.9633 - reconstruction_loss: 0.9995 - vc_loss: 3.7650 - weighted_kl_loss: 0.0933
Epoch 148/200
93/93 - 52s - 557ms/step - accuracy: 0.7222 - autoencoder_loss: 2.9439 - kl_loss: 1.9441 - loss: 3.4615 - reconstruction_loss: 0.9998 - vc_loss: 3.6833 - weighted_kl_loss: 1.9441
Epoch 150/200
93/93 - 52s - 556ms/step - accuracy: 0.7298 - autoencoder_loss: 1.0431 - kl_loss: 0.0435 - loss: 2.2475 - reconstruction_loss: 0.9996 - vc_loss: 2.7637 - weighted_kl_loss: 0.0435
Epoch 149/200
93/93 - 51s - 545ms/step - accuracy: 0.7298 - autoencoder_loss: 1.3497 - kl_loss: 0.3508 - loss: 2.5478 - reconstruction_loss: 0.9989 - vc_loss: 3.0612 - weighted_kl_loss: 0.3508
Epoch 149/200
93/93 - 51s - 552ms/step - accuracy: 0.7273 - autoencoder_loss: 1.0978 - kl_loss: 0.0983 - loss: 2.7362 - reconstruction_loss: 0.9995 - vc_loss: 3.4383 - weighted_kl_loss: 0.0983
Epoch 149/200
93/93 - 51s - 549ms/step - accuracy: 0.7222 - autoencoder_loss: 2.9022 - kl_loss: 1.9026 - loss: 3.9187 - reconstruction_loss: 0.9996 - vc_loss: 4.3544 - weighted_kl_loss: 1.9026
Epoch 151/200
93/93 - 52s - 554ms/step - accuracy: 0.7298 - autoencoder_loss: 1.0452 - kl_loss: 0.0458 - loss: 2.3677 - reconstruction_loss: 0.9994 - vc_loss: 2.9345 - weighted_kl_loss: 0.0458
Epoch 150/200
93/93 - 52s - 562ms/step - accuracy: 0.7298 - autoencoder_loss: 1.3458 - kl_loss: 0.3466 - loss: 2.4136 - reconstruction_loss: 0.9992 - vc_loss: 2.8713 - weighted_kl_loss: 0.3466
Epoch 150/200
93/93 - 53s - 565ms/step - accuracy: 0.7273 - autoencoder_loss: 1.1220 - kl_loss: 0.1216 - loss: 2.6971 - reconstruction_loss: 1.0004 - vc_loss: 3.3722 - weighted_kl_loss: 0.1216
Epoch 150/200
93/93 - 52s - 559ms/step - accuracy: 0.7222 - autoencoder_loss: 2.8504 - kl_loss: 1.8506 - loss: 3.6886 - reconstruction_loss: 0.9999 - vc_loss: 4.0478 - weighted_kl_loss: 1.8506
Epoch 152/200
93/93 - 52s - 561ms/step - accuracy: 0.7298 - autoencoder_loss: 1.0446 - kl_loss: 0.0451 - loss: 3.0503 - reconstruction_loss: 0.9995 - vc_loss: 3.9099 - weighted_kl_loss: 0.0451
Epoch 151/200
93/93 - 52s - 560ms/step - accuracy: 0.7298 - autoencoder_loss: 1.3377 - kl_loss: 0.3383 - loss: 2.5981 - reconstruction_loss: 0.9995 - vc_loss: 3.1382 - weighted_kl_loss: 0.3383
Epoch 151/200
93/93 - 53s - 568ms/step - accuracy: 0.7273 - autoencoder_loss: 1.1060 - kl_loss: 0.1062 - loss: 2.6423 - reconstruction_loss: 0.9998 - vc_loss: 3.3007 - weighted_kl_loss: 0.1062
Epoch 151/200
93/93 - 52s - 560ms/step - accuracy: 0.7222 - autoencoder_loss: 3.5203 - kl_loss: 2.5206 - loss: 6.1711 - reconstruction_loss: 0.9998 - vc_loss: 7.3072 - weighted_kl_loss: 2.5206
Epoch 153/200
93/93 - 52s - 560ms/step - accuracy: 0.7298 - autoencoder_loss: 1.0471 - kl_loss: 0.0475 - loss: 2.9687 - reconstruction_loss: 0.9996 - vc_loss: 3.7922 - weighted_kl_loss: 0.0475
Epoch 152/200
93/93 - 52s - 561ms/step - accuracy: 0.7298 - autoencoder_loss: 1.3310 - kl_loss: 0.3317 - loss: 2.5281 - reconstruction_loss: 0.9994 - vc_loss: 3.0411 - weighted_kl_loss: 0.3317
Epoch 152/200
93/93 - 52s - 564ms/step - accuracy: 0.7273 - autoencoder_loss: 1.0952 - kl_loss: 0.0946 - loss: 2.6515 - reconstruction_loss: 1.0006 - vc_loss: 3.3185 - weighted_kl_loss: 0.0946
Epoch 152/200
93/93 - 51s - 551ms/step - accuracy: 0.7222 - autoencoder_loss: 3.5333 - kl_loss: 2.5338 - loss: 6.7011 - reconstruction_loss: 0.9995 - vc_loss: 8.0587 - weighted_kl_loss: 2.5338
Epoch 154/200
93/93 - 52s - 556ms/step - accuracy: 0.7298 - autoencoder_loss: 1.1213 - kl_loss: 0.1219 - loss: 2.3320 - reconstruction_loss: 0.9994 - vc_loss: 2.8509 - weighted_kl_loss: 0.1219
Epoch 153/200
93/93 - 50s - 543ms/step - accuracy: 0.7298 - autoencoder_loss: 1.3240 - kl_loss: 0.3245 - loss: 2.8379 - reconstruction_loss: 0.9995 - vc_loss: 3.4867 - weighted_kl_loss: 0.3245
Epoch 153/200
93/93 - 52s - 556ms/step - accuracy: 0.7273 - autoencoder_loss: 1.0893 - kl_loss: 0.0893 - loss: 2.6444 - reconstruction_loss: 1.0000 - vc_loss: 3.3109 - weighted_kl_loss: 0.0893
Epoch 153/200
93/93 - 52s - 555ms/step - accuracy: 0.7222 - autoencoder_loss: 3.4881 - kl_loss: 2.4880 - loss: 4.4006 - reconstruction_loss: 1.0000 - vc_loss: 4.7917 - weighted_kl_loss: 2.4880
Epoch 155/200
93/93 - 51s - 553ms/step - accuracy: 0.7298 - autoencoder_loss: 1.1036 - kl_loss: 0.1031 - loss: 2.7841 - reconstruction_loss: 1.0005 - vc_loss: 3.5043 - weighted_kl_loss: 0.1031
Epoch 154/200
93/93 - 52s - 561ms/step - accuracy: 0.7298 - autoencoder_loss: 1.3112 - kl_loss: 0.3120 - loss: 2.2005 - reconstruction_loss: 0.9991 - vc_loss: 2.5816 - weighted_kl_loss: 0.3120
Epoch 154/200
93/93 - 52s - 564ms/step - accuracy: 0.7273 - autoencoder_loss: 1.0877 - kl_loss: 0.0878 - loss: 2.5591 - reconstruction_loss: 0.9999 - vc_loss: 3.1897 - weighted_kl_loss: 0.0878
Epoch 154/200
93/93 - 52s - 557ms/step - accuracy: 0.7222 - autoencoder_loss: 3.4140 - kl_loss: 2.4137 - loss: 3.7804 - reconstruction_loss: 1.0003 - vc_loss: 3.9374 - weighted_kl_loss: 2.4137
Epoch 156/200
93/93 - 52s - 558ms/step - accuracy: 0.7298 - autoencoder_loss: 1.0992 - kl_loss: 0.0995 - loss: 2.7389 - reconstruction_loss: 0.9997 - vc_loss: 3.4417 - weighted_kl_loss: 0.0995
Epoch 155/200
93/93 - 52s - 554ms/step - accuracy: 0.7298 - autoencoder_loss: 1.3058 - kl_loss: 0.3056 - loss: 2.5347 - reconstruction_loss: 1.0002 - vc_loss: 3.0613 - weighted_kl_loss: 0.3056
Epoch 155/200
93/93 - 51s - 552ms/step - accuracy: 0.7273 - autoencoder_loss: 1.0836 - kl_loss: 0.0843 - loss: 2.4397 - reconstruction_loss: 0.9992 - vc_loss: 3.0208 - weighted_kl_loss: 0.0843
Epoch 155/200
93/93 - 51s - 547ms/step - accuracy: 0.7222 - autoencoder_loss: 3.3226 - kl_loss: 2.3224 - loss: 3.5558 - reconstruction_loss: 1.0002 - vc_loss: 3.6558 - weighted_kl_loss: 2.3224
Epoch 157/200
93/93 - 51s - 550ms/step - accuracy: 0.7298 - autoencoder_loss: 1.2819 - kl_loss: 0.2825 - loss: 2.6934 - reconstruction_loss: 0.9994 - vc_loss: 3.2983 - weighted_kl_loss: 0.2825
Epoch 156/200
93/93 - 51s - 549ms/step - accuracy: 0.7298 - autoencoder_loss: 1.3036 - kl_loss: 0.3037 - loss: 2.7986 - reconstruction_loss: 0.9999 - vc_loss: 3.4394 - weighted_kl_loss: 0.3037
Epoch 156/200
93/93 - 52s - 555ms/step - accuracy: 0.7273 - autoencoder_loss: 1.0804 - kl_loss: 0.0809 - loss: 2.3672 - reconstruction_loss: 0.9995 - vc_loss: 2.9187 - weighted_kl_loss: 0.0809
Epoch 156/200
93/93 - 51s - 549ms/step - accuracy: 0.7222 - autoencoder_loss: 3.2727 - kl_loss: 2.2691 - loss: 3.8752 - reconstruction_loss: 1.0036 - vc_loss: 4.1335 - weighted_kl_loss: 2.2691
Epoch 158/200
93/93 - 52s - 561ms/step - accuracy: 0.7298 - autoencoder_loss: 1.2678 - kl_loss: 0.2679 - loss: 3.3213 - reconstruction_loss: 0.9999 - vc_loss: 4.2014 - weighted_kl_loss: 0.2679
Epoch 157/200
93/93 - 52s - 555ms/step - accuracy: 0.7298 - autoencoder_loss: 1.3825 - kl_loss: 0.3820 - loss: 2.6022 - reconstruction_loss: 1.0006 - vc_loss: 3.1250 - weighted_kl_loss: 0.3820
Epoch 157/200
93/93 - 52s - 564ms/step - accuracy: 0.7273 - autoencoder_loss: 1.1305 - kl_loss: 0.1309 - loss: 2.9214 - reconstruction_loss: 0.9997 - vc_loss: 3.6889 - weighted_kl_loss: 0.1309
Epoch 157/200
93/93 - 52s - 556ms/step - accuracy: 0.7222 - autoencoder_loss: 3.1523 - kl_loss: 2.1526 - loss: 3.8169 - reconstruction_loss: 0.9998 - vc_loss: 4.1017 - weighted_kl_loss: 2.1526
Epoch 159/200
93/93 - 52s - 562ms/step - accuracy: 0.7298 - autoencoder_loss: 1.2446 - kl_loss: 0.2450 - loss: 3.1915 - reconstruction_loss: 0.9996 - vc_loss: 4.0259 - weighted_kl_loss: 0.2450
Epoch 158/200
93/93 - 51s - 553ms/step - accuracy: 0.7298 - autoencoder_loss: 1.3744 - kl_loss: 0.3746 - loss: 3.2795 - reconstruction_loss: 0.9998 - vc_loss: 4.0960 - weighted_kl_loss: 0.3746
Epoch 158/200
93/93 - 52s - 562ms/step - accuracy: 0.7273 - autoencoder_loss: 1.1595 - kl_loss: 0.1601 - loss: 2.7758 - reconstruction_loss: 0.9995 - vc_loss: 3.4685 - weighted_kl_loss: 0.1601
Epoch 158/200
93/93 - 52s - 554ms/step - accuracy: 0.7222 - autoencoder_loss: 3.0034 - kl_loss: 2.0035 - loss: 3.6494 - reconstruction_loss: 0.9998 - vc_loss: 3.9263 - weighted_kl_loss: 2.0035
Epoch 160/200
93/93 - 52s - 562ms/step - accuracy: 0.7298 - autoencoder_loss: 1.2179 - kl_loss: 0.2184 - loss: 2.6798 - reconstruction_loss: 0.9995 - vc_loss: 3.3064 - weighted_kl_loss: 0.2184
Epoch 159/200
93/93 - 51s - 552ms/step - accuracy: 0.7298 - autoencoder_loss: 1.3361 - kl_loss: 0.3363 - loss: 2.3763 - reconstruction_loss: 0.9999 - vc_loss: 2.8221 - weighted_kl_loss: 0.3363
Epoch 159/200
93/93 - 52s - 557ms/step - accuracy: 0.7273 - autoencoder_loss: 1.2747 - kl_loss: 0.2749 - loss: 2.9104 - reconstruction_loss: 0.9998 - vc_loss: 3.6114 - weighted_kl_loss: 0.2749
Epoch 159/200
93/93 - 51s - 548ms/step - accuracy: 0.7222 - autoencoder_loss: 2.9523 - kl_loss: 1.9530 - loss: 3.7241 - reconstruction_loss: 0.9992 - vc_loss: 4.0548 - weighted_kl_loss: 1.9530
Epoch 161/200
93/93 - 51s - 550ms/step - accuracy: 0.7298 - autoencoder_loss: 1.2322 - kl_loss: 0.2327 - loss: 2.3880 - reconstruction_loss: 0.9994 - vc_loss: 2.8834 - weighted_kl_loss: 0.2327
Epoch 160/200
93/93 - 51s - 550ms/step - accuracy: 0.7298 - autoencoder_loss: 1.3277 - kl_loss: 0.3276 - loss: 2.7521 - reconstruction_loss: 1.0001 - vc_loss: 3.3626 - weighted_kl_loss: 0.3276
Epoch 160/200
93/93 - 52s - 562ms/step - accuracy: 0.7273 - autoencoder_loss: 1.2491 - kl_loss: 0.2492 - loss: 2.8185 - reconstruction_loss: 0.9999 - vc_loss: 3.4911 - weighted_kl_loss: 0.2492
Epoch 160/200
93/93 - 51s - 551ms/step - accuracy: 0.7222 - autoencoder_loss: 2.8603 - kl_loss: 1.8603 - loss: 3.8635 - reconstruction_loss: 1.0001 - vc_loss: 4.2935 - weighted_kl_loss: 1.8603
Epoch 162/200
93/93 - 52s - 558ms/step - accuracy: 0.7298 - autoencoder_loss: 1.2095 - kl_loss: 0.2102 - loss: 2.7057 - reconstruction_loss: 0.9993 - vc_loss: 3.3470 - weighted_kl_loss: 0.2102
Epoch 161/200
93/93 - 51s - 552ms/step - accuracy: 0.7298 - autoencoder_loss: 1.3299 - kl_loss: 0.3303 - loss: 3.7091 - reconstruction_loss: 0.9997 - vc_loss: 4.7288 - weighted_kl_loss: 0.3303
Epoch 161/200
93/93 - 51s - 547ms/step - accuracy: 0.7273 - autoencoder_loss: 1.2282 - kl_loss: 0.2284 - loss: 2.6639 - reconstruction_loss: 0.9998 - vc_loss: 3.2791 - weighted_kl_loss: 0.2284
Epoch 161/200
93/93 - 51s - 548ms/step - accuracy: 0.7222 - autoencoder_loss: 2.8349 - kl_loss: 1.8339 - loss: 4.3026 - reconstruction_loss: 1.0010 - vc_loss: 4.9316 - weighted_kl_loss: 1.8339
Epoch 163/200
93/93 - 51s - 547ms/step - accuracy: 0.7298 - autoencoder_loss: 1.1734 - kl_loss: 0.1737 - loss: 2.2164 - reconstruction_loss: 0.9996 - vc_loss: 2.6634 - weighted_kl_loss: 0.1737
Epoch 162/200
93/93 - 52s - 557ms/step - accuracy: 0.7298 - autoencoder_loss: 1.2989 - kl_loss: 0.2993 - loss: 2.6929 - reconstruction_loss: 0.9995 - vc_loss: 3.2903 - weighted_kl_loss: 0.2993
Epoch 162/200
93/93 - 50s - 543ms/step - accuracy: 0.7273 - autoencoder_loss: 1.2117 - kl_loss: 0.2120 - loss: 2.5832 - reconstruction_loss: 0.9998 - vc_loss: 3.1710 - weighted_kl_loss: 0.2120
Epoch 162/200
93/93 - 50s - 534ms/step - accuracy: 0.7222 - autoencoder_loss: 2.8208 - kl_loss: 1.8207 - loss: 3.9811 - reconstruction_loss: 1.0001 - vc_loss: 4.4784 - weighted_kl_loss: 1.8207
Epoch 164/200
93/93 - 51s - 543ms/step - accuracy: 0.7298 - autoencoder_loss: 1.3825 - kl_loss: 0.3830 - loss: 3.3177 - reconstruction_loss: 0.9995 - vc_loss: 4.1471 - weighted_kl_loss: 0.3830
Epoch 163/200
93/93 - 83s - 889ms/step - accuracy: 0.7298 - autoencoder_loss: 1.1639 - kl_loss: 0.1648 - loss: 2.3318 - reconstruction_loss: 0.9992 - vc_loss: 2.8323 - weighted_kl_loss: 0.1648
Epoch 163/200
93/93 - 51s - 547ms/step - accuracy: 0.7273 - autoencoder_loss: 1.1961 - kl_loss: 0.1962 - loss: 2.4051 - reconstruction_loss: 0.9998 - vc_loss: 2.9232 - weighted_kl_loss: 0.1962
Epoch 163/200
93/93 - 51s - 544ms/step - accuracy: 0.7222 - autoencoder_loss: 2.7994 - kl_loss: 1.7998 - loss: 3.5612 - reconstruction_loss: 0.9995 - vc_loss: 3.8877 - weighted_kl_loss: 1.7998
Epoch 165/200
93/93 - 52s - 554ms/step - accuracy: 0.7298 - autoencoder_loss: 1.6756 - kl_loss: 0.6758 - loss: 4.8901 - reconstruction_loss: 0.9997 - vc_loss: 6.2677 - weighted_kl_loss: 0.6758
Epoch 164/200
93/93 - 52s - 563ms/step - accuracy: 0.7298 - autoencoder_loss: 1.1550 - kl_loss: 0.1549 - loss: 2.9085 - reconstruction_loss: 1.0001 - vc_loss: 3.6600 - weighted_kl_loss: 0.1549
Epoch 164/200
93/93 - 52s - 557ms/step - accuracy: 0.7273 - autoencoder_loss: 1.2051 - kl_loss: 0.2052 - loss: 2.8476 - reconstruction_loss: 0.9999 - vc_loss: 3.5516 - weighted_kl_loss: 0.2052
Epoch 164/200
93/93 - 52s - 557ms/step - accuracy: 0.7222 - autoencoder_loss: 2.7745 - kl_loss: 1.7747 - loss: 4.7841 - reconstruction_loss: 0.9998 - vc_loss: 5.6453 - weighted_kl_loss: 1.7747
Epoch 166/200
93/93 - 51s - 547ms/step - accuracy: 0.7298 - autoencoder_loss: 1.4829 - kl_loss: 0.4833 - loss: 3.5331 - reconstruction_loss: 0.9996 - vc_loss: 4.4117 - weighted_kl_loss: 0.4833
Epoch 165/200
93/93 - 50s - 537ms/step - accuracy: 0.7298 - autoencoder_loss: 1.0874 - kl_loss: 0.0876 - loss: 2.4590 - reconstruction_loss: 0.9998 - vc_loss: 3.0468 - weighted_kl_loss: 0.0876
Epoch 165/200
93/93 - 51s - 547ms/step - accuracy: 0.7273 - autoencoder_loss: 1.1929 - kl_loss: 0.1936 - loss: 2.4912 - reconstruction_loss: 0.9992 - vc_loss: 3.0476 - weighted_kl_loss: 0.1936
Epoch 165/200
93/93 - 51s - 553ms/step - accuracy: 0.7298 - autoencoder_loss: 1.4418 - kl_loss: 0.4425 - loss: 3.6522 - reconstruction_loss: 0.9993 - vc_loss: 4.5995 - weighted_kl_loss: 0.4425
Epoch 166/200
93/93 - 81s - 874ms/step - accuracy: 0.7222 - autoencoder_loss: 2.7410 - kl_loss: 1.7407 - loss: 4.1214 - reconstruction_loss: 1.0003 - vc_loss: 4.7130 - weighted_kl_loss: 1.7407
Epoch 167/200
93/93 - 51s - 550ms/step - accuracy: 0.7298 - autoencoder_loss: 1.0757 - kl_loss: 0.0735 - loss: 3.1932 - reconstruction_loss: 1.0021 - vc_loss: 4.1008 - weighted_kl_loss: 0.0735
Epoch 166/200
93/93 - 52s - 558ms/step - accuracy: 0.7273 - autoencoder_loss: 1.1759 - kl_loss: 0.1763 - loss: 2.6424 - reconstruction_loss: 0.9995 - vc_loss: 3.2710 - weighted_kl_loss: 0.1763
Epoch 166/200
93/93 - 50s - 534ms/step - accuracy: 0.7222 - autoencoder_loss: 2.7064 - kl_loss: 1.7040 - loss: 3.7196 - reconstruction_loss: 1.0024 - vc_loss: 4.1539 - weighted_kl_loss: 1.7040
Epoch 168/200
93/93 - 51s - 545ms/step - accuracy: 0.7298 - autoencoder_loss: 1.4276 - kl_loss: 0.4280 - loss: 3.9619 - reconstruction_loss: 0.9996 - vc_loss: 5.0480 - weighted_kl_loss: 0.4280
Epoch 167/200
93/93 - 51s - 552ms/step - accuracy: 0.7298 - autoencoder_loss: 1.0697 - kl_loss: 0.0705 - loss: 2.5377 - reconstruction_loss: 0.9993 - vc_loss: 3.1669 - weighted_kl_loss: 0.0705
Epoch 167/200
93/93 - 52s - 555ms/step - accuracy: 0.7273 - autoencoder_loss: 1.1638 - kl_loss: 0.1630 - loss: 2.8554 - reconstruction_loss: 1.0008 - vc_loss: 3.5804 - weighted_kl_loss: 0.1630
Epoch 167/200
93/93 - 47s - 508ms/step - accuracy: 0.7222 - autoencoder_loss: 2.6458 - kl_loss: 1.6462 - loss: 3.7018 - reconstruction_loss: 0.9996 - vc_loss: 4.1543 - weighted_kl_loss: 1.6462
Epoch 169/200
93/93 - 50s - 537ms/step - accuracy: 0.7298 - autoencoder_loss: 1.4057 - kl_loss: 0.4062 - loss: 3.3685 - reconstruction_loss: 0.9995 - vc_loss: 4.2097 - weighted_kl_loss: 0.4062
Epoch 168/200
93/93 - 50s - 538ms/step - accuracy: 0.7298 - autoencoder_loss: 1.0659 - kl_loss: 0.0666 - loss: 2.2880 - reconstruction_loss: 0.9994 - vc_loss: 2.8117 - weighted_kl_loss: 0.0666
Epoch 168/200
93/93 - 50s - 541ms/step - accuracy: 0.7273 - autoencoder_loss: 1.1499 - kl_loss: 0.1504 - loss: 2.7308 - reconstruction_loss: 0.9996 - vc_loss: 3.4082 - weighted_kl_loss: 0.1504
Epoch 168/200
93/93 - 52s - 555ms/step - accuracy: 0.7222 - autoencoder_loss: 2.5684 - kl_loss: 1.5688 - loss: 3.3475 - reconstruction_loss: 0.9996 - vc_loss: 3.6815 - weighted_kl_loss: 1.5688
Epoch 170/200
93/93 - 52s - 557ms/step - accuracy: 0.7298 - autoencoder_loss: 1.3809 - kl_loss: 0.3811 - loss: 3.1887 - reconstruction_loss: 0.9997 - vc_loss: 3.9635 - weighted_kl_loss: 0.3811
Epoch 169/200
93/93 - 52s - 562ms/step - accuracy: 0.7298 - autoencoder_loss: 1.0647 - kl_loss: 0.0642 - loss: 2.7909 - reconstruction_loss: 1.0005 - vc_loss: 3.5307 - weighted_kl_loss: 0.0642
Epoch 169/200
93/93 - 52s - 564ms/step - accuracy: 0.7273 - autoencoder_loss: 1.1420 - kl_loss: 0.1423 - loss: 2.6240 - reconstruction_loss: 0.9997 - vc_loss: 3.2591 - weighted_kl_loss: 0.1423
Epoch 169/200
93/93 - 52s - 557ms/step - accuracy: 0.7222 - autoencoder_loss: 2.5678 - kl_loss: 1.5682 - loss: 3.1756 - reconstruction_loss: 0.9996 - vc_loss: 3.4362 - weighted_kl_loss: 1.5682
Epoch 171/200
93/93 - 52s - 558ms/step - accuracy: 0.7298 - autoencoder_loss: 1.3214 - kl_loss: 0.3219 - loss: 3.1594 - reconstruction_loss: 0.9995 - vc_loss: 3.9471 - weighted_kl_loss: 0.3219
Epoch 170/200
93/93 - 52s - 559ms/step - accuracy: 0.7298 - autoencoder_loss: 1.0607 - kl_loss: 0.0610 - loss: 2.2972 - reconstruction_loss: 0.9997 - vc_loss: 2.8271 - weighted_kl_loss: 0.0610
Epoch 170/200
93/93 - 53s - 566ms/step - accuracy: 0.7273 - autoencoder_loss: 1.1372 - kl_loss: 0.1374 - loss: 2.5117 - reconstruction_loss: 0.9998 - vc_loss: 3.1007 - weighted_kl_loss: 0.1374
Epoch 170/200
93/93 - 51s - 551ms/step - accuracy: 0.7222 - autoencoder_loss: 2.5271 - kl_loss: 1.5273 - loss: 3.5247 - reconstruction_loss: 0.9997 - vc_loss: 3.9523 - weighted_kl_loss: 1.5273
Epoch 172/200
93/93 - 51s - 553ms/step - accuracy: 0.7298 - autoencoder_loss: 1.2963 - kl_loss: 0.2969 - loss: 2.5403 - reconstruction_loss: 0.9995 - vc_loss: 3.0734 - weighted_kl_loss: 0.2969
Epoch 171/200
93/93 - 52s - 558ms/step - accuracy: 0.7298 - autoencoder_loss: 1.0585 - kl_loss: 0.0592 - loss: 2.1790 - reconstruction_loss: 0.9993 - vc_loss: 2.6592 - weighted_kl_loss: 0.0592
Epoch 171/200
93/93 - 53s - 565ms/step - accuracy: 0.7273 - autoencoder_loss: 1.1361 - kl_loss: 0.1363 - loss: 2.5871 - reconstruction_loss: 0.9998 - vc_loss: 3.2089 - weighted_kl_loss: 0.1363
Epoch 171/200
93/93 - 50s - 539ms/step - accuracy: 0.7222 - autoencoder_loss: 2.5022 - kl_loss: 1.5016 - loss: 3.6624 - reconstruction_loss: 1.0006 - vc_loss: 4.1597 - weighted_kl_loss: 1.5016
Epoch 173/200
93/93 - 51s - 545ms/step - accuracy: 0.7298 - autoencoder_loss: 1.2835 - kl_loss: 0.2829 - loss: 3.0294 - reconstruction_loss: 1.0006 - vc_loss: 3.7777 - weighted_kl_loss: 0.2829
Epoch 172/200
93/93 - 52s - 557ms/step - accuracy: 0.7298 - autoencoder_loss: 1.0585 - kl_loss: 0.0576 - loss: 2.0641 - reconstruction_loss: 1.0008 - vc_loss: 2.4951 - weighted_kl_loss: 0.0576
Epoch 172/200
93/93 - 51s - 550ms/step - accuracy: 0.7273 - autoencoder_loss: 1.1134 - kl_loss: 0.1124 - loss: 2.8179 - reconstruction_loss: 1.0010 - vc_loss: 3.5483 - weighted_kl_loss: 0.1124
Epoch 172/200
93/93 - 50s - 540ms/step - accuracy: 0.7222 - autoencoder_loss: 2.4289 - kl_loss: 1.4294 - loss: 3.3656 - reconstruction_loss: 0.9995 - vc_loss: 3.7670 - weighted_kl_loss: 1.4294
Epoch 174/200
93/93 - 51s - 551ms/step - accuracy: 0.7298 - autoencoder_loss: 1.2668 - kl_loss: 0.2672 - loss: 2.4777 - reconstruction_loss: 0.9996 - vc_loss: 2.9966 - weighted_kl_loss: 0.2672
Epoch 173/200
93/93 - 51s - 546ms/step - accuracy: 0.7298 - autoencoder_loss: 1.0602 - kl_loss: 0.0607 - loss: 3.5311 - reconstruction_loss: 0.9996 - vc_loss: 4.5900 - weighted_kl_loss: 0.0607
Epoch 173/200
93/93 - 52s - 560ms/step - accuracy: 0.7273 - autoencoder_loss: 1.1027 - kl_loss: 0.1015 - loss: 2.4689 - reconstruction_loss: 1.0012 - vc_loss: 3.0544 - weighted_kl_loss: 0.1015
Epoch 173/200
93/93 - 51s - 549ms/step - accuracy: 0.7222 - autoencoder_loss: 2.3772 - kl_loss: 1.3779 - loss: 3.1162 - reconstruction_loss: 0.9993 - vc_loss: 3.4329 - weighted_kl_loss: 1.3779
Epoch 175/200
93/93 - 51s - 551ms/step - accuracy: 0.7298 - autoencoder_loss: 1.2513 - kl_loss: 0.2521 - loss: 2.8542 - reconstruction_loss: 0.9992 - vc_loss: 3.5411 - weighted_kl_loss: 0.2521
Epoch 174/200
93/93 - 52s - 557ms/step - accuracy: 0.7298 - autoencoder_loss: 1.0577 - kl_loss: 0.0578 - loss: 2.6718 - reconstruction_loss: 1.0000 - vc_loss: 3.3636 - weighted_kl_loss: 0.0578
Epoch 174/200
93/93 - 52s - 563ms/step - accuracy: 0.7273 - autoencoder_loss: 1.0948 - kl_loss: 0.0938 - loss: 2.6173 - reconstruction_loss: 1.0011 - vc_loss: 3.2698 - weighted_kl_loss: 0.0938
Epoch 174/200
93/93 - 51s - 549ms/step - accuracy: 0.7222 - autoencoder_loss: 2.3434 - kl_loss: 1.3439 - loss: 2.8708 - reconstruction_loss: 0.9995 - vc_loss: 3.0969 - weighted_kl_loss: 1.3439
Epoch 176/200
93/93 - 51s - 547ms/step - accuracy: 0.7298 - autoencoder_loss: 1.2500 - kl_loss: 0.2505 - loss: 2.5187 - reconstruction_loss: 0.9995 - vc_loss: 3.0623 - weighted_kl_loss: 0.2505
Epoch 175/200
93/93 - 50s - 532ms/step - accuracy: 0.7298 - autoencoder_loss: 1.0548 - kl_loss: 0.0551 - loss: 2.0739 - reconstruction_loss: 0.9996 - vc_loss: 2.5106 - weighted_kl_loss: 0.0551
Epoch 175/200
93/93 - 51s - 549ms/step - accuracy: 0.7273 - autoencoder_loss: 1.0910 - kl_loss: 0.0913 - loss: 2.5616 - reconstruction_loss: 0.9998 - vc_loss: 3.1918 - weighted_kl_loss: 0.0913
Epoch 175/200
93/93 - 51s - 552ms/step - accuracy: 0.7222 - autoencoder_loss: 2.3016 - kl_loss: 1.3018 - loss: 2.8491 - reconstruction_loss: 0.9999 - vc_loss: 3.0838 - weighted_kl_loss: 1.3018
Epoch 177/200
93/93 - 52s - 561ms/step - accuracy: 0.7298 - autoencoder_loss: 1.2453 - kl_loss: 0.2460 - loss: 2.4954 - reconstruction_loss: 0.9994 - vc_loss: 3.0312 - weighted_kl_loss: 0.2460
Epoch 176/200
93/93 - 52s - 564ms/step - accuracy: 0.7298 - autoencoder_loss: 1.0635 - kl_loss: 0.0642 - loss: 2.5814 - reconstruction_loss: 0.9994 - vc_loss: 3.2319 - weighted_kl_loss: 0.0642
Epoch 176/200
93/93 - 52s - 557ms/step - accuracy: 0.7273 - autoencoder_loss: 1.0814 - kl_loss: 0.0816 - loss: 2.4789 - reconstruction_loss: 0.9998 - vc_loss: 3.0779 - weighted_kl_loss: 0.0816
Epoch 176/200
93/93 - 51s - 544ms/step - accuracy: 0.7222 - autoencoder_loss: 2.2881 - kl_loss: 1.2886 - loss: 3.1629 - reconstruction_loss: 0.9995 - vc_loss: 3.5377 - weighted_kl_loss: 1.2886
Epoch 178/200
93/93 - 50s - 536ms/step - accuracy: 0.7298 - autoencoder_loss: 1.2402 - kl_loss: 0.2403 - loss: 2.8493 - reconstruction_loss: 0.9998 - vc_loss: 3.5390 - weighted_kl_loss: 0.2403
Epoch 177/200
93/93 - 50s - 542ms/step - accuracy: 0.7298 - autoencoder_loss: 1.1061 - kl_loss: 0.1055 - loss: 1.9840 - reconstruction_loss: 1.0006 - vc_loss: 2.3603 - weighted_kl_loss: 0.1055
Epoch 177/200
93/93 - 51s - 548ms/step - accuracy: 0.7273 - autoencoder_loss: 1.0756 - kl_loss: 0.0754 - loss: 3.0066 - reconstruction_loss: 1.0002 - vc_loss: 3.8342 - weighted_kl_loss: 0.0754
Epoch 177/200
93/93 - 51s - 552ms/step - accuracy: 0.7222 - autoencoder_loss: 2.6983 - kl_loss: 1.6970 - loss: 3.6752 - reconstruction_loss: 1.0013 - vc_loss: 4.0939 - weighted_kl_loss: 1.6970
Epoch 179/200
93/93 - 51s - 543ms/step - accuracy: 0.7298 - autoencoder_loss: 1.2457 - kl_loss: 0.2462 - loss: 2.4691 - reconstruction_loss: 0.9995 - vc_loss: 2.9934 - weighted_kl_loss: 0.2462
Epoch 178/200
93/93 - 52s - 557ms/step - accuracy: 0.7298 - autoencoder_loss: 1.0894 - kl_loss: 0.0899 - loss: 2.8657 - reconstruction_loss: 0.9995 - vc_loss: 3.6270 - weighted_kl_loss: 0.0899
Epoch 178/200
93/93 - 53s - 568ms/step - accuracy: 0.7273 - autoencoder_loss: 1.0750 - kl_loss: 0.0751 - loss: 2.6213 - reconstruction_loss: 0.9999 - vc_loss: 3.2840 - weighted_kl_loss: 0.0751
Epoch 178/200
93/93 - 51s - 550ms/step - accuracy: 0.7222 - autoencoder_loss: 2.6369 - kl_loss: 1.6374 - loss: 4.4385 - reconstruction_loss: 0.9995 - vc_loss: 5.2106 - weighted_kl_loss: 1.6374
Epoch 180/200
93/93 - 52s - 556ms/step - accuracy: 0.7298 - autoencoder_loss: 1.2393 - kl_loss: 0.2396 - loss: 2.7809 - reconstruction_loss: 0.9998 - vc_loss: 3.4416 - weighted_kl_loss: 0.2396
Epoch 179/200
93/93 - 51s - 545ms/step - accuracy: 0.7298 - autoencoder_loss: 1.0849 - kl_loss: 0.0854 - loss: 2.6113 - reconstruction_loss: 0.9995 - vc_loss: 3.2654 - weighted_kl_loss: 0.0854
Epoch 179/200
93/93 - 52s - 562ms/step - accuracy: 0.7273 - autoencoder_loss: 1.0710 - kl_loss: 0.0716 - loss: 2.2838 - reconstruction_loss: 0.9994 - vc_loss: 2.8036 - weighted_kl_loss: 0.0716
Epoch 179/200
93/93 - 51s - 546ms/step - accuracy: 0.7222 - autoencoder_loss: 3.0818 - kl_loss: 2.0828 - loss: 13.7370 - reconstruction_loss: 0.9990 - vc_loss: 18.3035 - weighted_kl_loss: 2.0828
Epoch 181/200
93/93 - 51s - 545ms/step - accuracy: 0.7298 - autoencoder_loss: 1.2264 - kl_loss: 0.2268 - loss: 3.0587 - reconstruction_loss: 0.9996 - vc_loss: 3.8439 - weighted_kl_loss: 0.2268
Epoch 180/200
93/93 - 51s - 544ms/step - accuracy: 0.7298 - autoencoder_loss: 1.0894 - kl_loss: 0.0897 - loss: 2.8409 - reconstruction_loss: 0.9998 - vc_loss: 3.5915 - weighted_kl_loss: 0.0897
Epoch 180/200
93/93 - 52s - 557ms/step - accuracy: 0.7273 - autoencoder_loss: 1.0968 - kl_loss: 0.0968 - loss: 2.5877 - reconstruction_loss: 1.0000 - vc_loss: 3.2267 - weighted_kl_loss: 0.0968
Epoch 180/200
93/93 - 50s - 541ms/step - accuracy: 0.7222 - autoencoder_loss: 2.9818 - kl_loss: 1.9798 - loss: 5.0816 - reconstruction_loss: 1.0019 - vc_loss: 5.9815 - weighted_kl_loss: 1.9798
Epoch 182/200
93/93 - 50s - 541ms/step - accuracy: 0.7298 - autoencoder_loss: 1.2204 - kl_loss: 0.2206 - loss: 2.6845 - reconstruction_loss: 0.9998 - vc_loss: 3.3120 - weighted_kl_loss: 0.2206
Epoch 181/200
93/93 - 51s - 545ms/step - accuracy: 0.7298 - autoencoder_loss: 1.0793 - kl_loss: 0.0788 - loss: 2.2397 - reconstruction_loss: 1.0005 - vc_loss: 2.7370 - weighted_kl_loss: 0.0788
Epoch 181/200
93/93 - 51s - 551ms/step - accuracy: 0.7273 - autoencoder_loss: 1.2544 - kl_loss: 0.2550 - loss: 3.0367 - reconstruction_loss: 0.9994 - vc_loss: 3.8006 - weighted_kl_loss: 0.2550
Epoch 181/200
93/93 - 49s - 530ms/step - accuracy: 0.7222 - autoencoder_loss: 2.9062 - kl_loss: 1.9061 - loss: 3.9705 - reconstruction_loss: 1.0001 - vc_loss: 4.4266 - weighted_kl_loss: 1.9061
Epoch 183/200
93/93 - 50s - 540ms/step - accuracy: 0.7298 - autoencoder_loss: 1.2177 - kl_loss: 0.2175 - loss: 2.5920 - reconstruction_loss: 1.0002 - vc_loss: 3.1811 - weighted_kl_loss: 0.2175
Epoch 182/200
93/93 - 51s - 546ms/step - accuracy: 0.7298 - autoencoder_loss: 1.0742 - kl_loss: 0.0734 - loss: 2.1750 - reconstruction_loss: 1.0008 - vc_loss: 2.6468 - weighted_kl_loss: 0.0734
Epoch 182/200
93/93 - 51s - 545ms/step - accuracy: 0.7273 - autoencoder_loss: 1.2291 - kl_loss: 0.2300 - loss: 2.7126 - reconstruction_loss: 0.9991 - vc_loss: 3.3484 - weighted_kl_loss: 0.2300
Epoch 182/200
93/93 - 51s - 552ms/step - accuracy: 0.7222 - autoencoder_loss: 2.8034 - kl_loss: 1.8037 - loss: 3.7378 - reconstruction_loss: 0.9997 - vc_loss: 4.1383 - weighted_kl_loss: 1.8037
Epoch 184/200
93/93 - 51s - 551ms/step - accuracy: 0.7298 - autoencoder_loss: 1.2196 - kl_loss: 0.2200 - loss: 2.2637 - reconstruction_loss: 0.9996 - vc_loss: 2.7111 - weighted_kl_loss: 0.2200
Epoch 183/200
93/93 - 52s - 562ms/step - accuracy: 0.7298 - autoencoder_loss: 1.0612 - kl_loss: 0.0614 - loss: 2.6748 - reconstruction_loss: 0.9998 - vc_loss: 3.3664 - weighted_kl_loss: 0.0614
Epoch 183/200
93/93 - 52s - 559ms/step - accuracy: 0.7273 - autoencoder_loss: 1.2030 - kl_loss: 0.2042 - loss: 2.5141 - reconstruction_loss: 0.9988 - vc_loss: 3.0761 - weighted_kl_loss: 0.2042
Epoch 183/200
93/93 - 51s - 553ms/step - accuracy: 0.7222 - autoencoder_loss: 2.6979 - kl_loss: 1.6986 - loss: 3.5469 - reconstruction_loss: 0.9992 - vc_loss: 3.9107 - weighted_kl_loss: 1.6986
Epoch 185/200
93/93 - 51s - 550ms/step - accuracy: 0.7298 - autoencoder_loss: 1.2298 - kl_loss: 0.2303 - loss: 2.9891 - reconstruction_loss: 0.9996 - vc_loss: 3.7431 - weighted_kl_loss: 0.2303
Epoch 184/200
93/93 - 49s - 528ms/step - accuracy: 0.7298 - autoencoder_loss: 1.0562 - kl_loss: 0.0566 - loss: 2.7357 - reconstruction_loss: 0.9996 - vc_loss: 3.4555 - weighted_kl_loss: 0.0566
Epoch 184/200
93/93 - 50s - 540ms/step - accuracy: 0.7273 - autoencoder_loss: 1.1916 - kl_loss: 0.1920 - loss: 2.7218 - reconstruction_loss: 0.9996 - vc_loss: 3.3777 - weighted_kl_loss: 0.1920
Epoch 184/200
93/93 - 51s - 550ms/step - accuracy: 0.7298 - autoencoder_loss: 1.2171 - kl_loss: 0.2163 - loss: 2.9174 - reconstruction_loss: 1.0008 - vc_loss: 3.6461 - weighted_kl_loss: 0.2163
Epoch 185/200
93/93 - 50s - 538ms/step - accuracy: 0.7298 - autoencoder_loss: 1.0552 - kl_loss: 0.0554 - loss: 2.6489 - reconstruction_loss: 0.9997 - vc_loss: 3.3319 - weighted_kl_loss: 0.0554
Epoch 185/200
93/93 - 81s - 869ms/step - accuracy: 0.7222 - autoencoder_loss: 2.6193 - kl_loss: 1.6199 - loss: 3.4600 - reconstruction_loss: 0.9994 - vc_loss: 3.8203 - weighted_kl_loss: 1.6199
Epoch 186/200
93/93 - 52s - 556ms/step - accuracy: 0.7273 - autoencoder_loss: 1.1812 - kl_loss: 0.1814 - loss: 2.4163 - reconstruction_loss: 0.9997 - vc_loss: 2.9456 - weighted_kl_loss: 0.1814
Epoch 185/200
93/93 - 51s - 544ms/step - accuracy: 0.7298 - autoencoder_loss: 1.2043 - kl_loss: 0.2038 - loss: 2.1108 - reconstruction_loss: 1.0005 - vc_loss: 2.4993 - weighted_kl_loss: 0.2038
Epoch 186/200
93/93 - 51s - 544ms/step - accuracy: 0.7298 - autoencoder_loss: 1.0535 - kl_loss: 0.0538 - loss: 2.3308 - reconstruction_loss: 0.9997 - vc_loss: 2.8782 - weighted_kl_loss: 0.0538
Epoch 186/200
93/93 - 51s - 544ms/step - accuracy: 0.7273 - autoencoder_loss: 1.1879 - kl_loss: 0.1884 - loss: 2.8078 - reconstruction_loss: 0.9995 - vc_loss: 3.5021 - weighted_kl_loss: 0.1884
Epoch 186/200
93/93 - 50s - 537ms/step - accuracy: 0.7298 - autoencoder_loss: 1.1945 - kl_loss: 0.1946 - loss: 2.2124 - reconstruction_loss: 1.0000 - vc_loss: 2.6487 - weighted_kl_loss: 0.1946
Epoch 187/200
93/93 - 81s - 870ms/step - accuracy: 0.7222 - autoencoder_loss: 2.5852 - kl_loss: 1.5853 - loss: 3.2442 - reconstruction_loss: 0.9999 - vc_loss: 3.5267 - weighted_kl_loss: 1.5853
Epoch 187/200
93/93 - 51s - 550ms/step - accuracy: 0.7298 - autoencoder_loss: 1.0491 - kl_loss: 0.0490 - loss: 2.9578 - reconstruction_loss: 1.0002 - vc_loss: 3.7757 - weighted_kl_loss: 0.0490
Epoch 187/200
93/93 - 51s - 554ms/step - accuracy: 0.7273 - autoencoder_loss: 1.1621 - kl_loss: 0.1625 - loss: 2.6040 - reconstruction_loss: 0.9996 - vc_loss: 3.2220 - weighted_kl_loss: 0.1625
Epoch 187/200
93/93 - 52s - 563ms/step - accuracy: 0.7298 - autoencoder_loss: 1.1889 - kl_loss: 0.1893 - loss: 2.4985 - reconstruction_loss: 0.9996 - vc_loss: 3.0598 - weighted_kl_loss: 0.1893
Epoch 188/200
93/93 - 52s - 559ms/step - accuracy: 0.7222 - autoencoder_loss: 2.7077 - kl_loss: 1.7079 - loss: 3.4280 - reconstruction_loss: 0.9997 - vc_loss: 3.7367 - weighted_kl_loss: 1.7079
Epoch 188/200
93/93 - 52s - 563ms/step - accuracy: 0.7298 - autoencoder_loss: 1.0440 - kl_loss: 0.0446 - loss: 3.0507 - reconstruction_loss: 0.9995 - vc_loss: 3.9107 - weighted_kl_loss: 0.0446
Epoch 188/200
93/93 - 53s - 565ms/step - accuracy: 0.7273 - autoencoder_loss: 1.1486 - kl_loss: 0.1491 - loss: 2.6534 - reconstruction_loss: 0.9994 - vc_loss: 3.2984 - weighted_kl_loss: 0.1491
Epoch 188/200
93/93 - 52s - 557ms/step - accuracy: 0.7298 - autoencoder_loss: 1.1904 - kl_loss: 0.1896 - loss: 2.9282 - reconstruction_loss: 1.0007 - vc_loss: 3.6730 - weighted_kl_loss: 0.1896
Epoch 189/200
93/93 - 51s - 551ms/step - accuracy: 0.7222 - autoencoder_loss: 2.6669 - kl_loss: 1.6665 - loss: 3.5493 - reconstruction_loss: 1.0005 - vc_loss: 3.9274 - weighted_kl_loss: 1.6665
Epoch 189/200
93/93 - 52s - 557ms/step - accuracy: 0.7298 - autoencoder_loss: 1.0412 - kl_loss: 0.0421 - loss: 2.5733 - reconstruction_loss: 0.9991 - vc_loss: 3.2299 - weighted_kl_loss: 0.0421
Epoch 189/200
93/93 - 51s - 551ms/step - accuracy: 0.7273 - autoencoder_loss: 1.1619 - kl_loss: 0.1623 - loss: 2.8760 - reconstruction_loss: 0.9996 - vc_loss: 3.6107 - weighted_kl_loss: 0.1623
Epoch 189/200
93/93 - 51s - 545ms/step - accuracy: 0.7298 - autoencoder_loss: 1.1891 - kl_loss: 0.1894 - loss: 2.5832 - reconstruction_loss: 0.9997 - vc_loss: 3.1807 - weighted_kl_loss: 0.1894
Epoch 190/200
93/93 - 49s - 529ms/step - accuracy: 0.7222 - autoencoder_loss: 2.5775 - kl_loss: 1.5774 - loss: 3.4907 - reconstruction_loss: 1.0001 - vc_loss: 3.8821 - weighted_kl_loss: 1.5774
Epoch 190/200
93/93 - 52s - 554ms/step - accuracy: 0.7298 - autoencoder_loss: 1.0394 - kl_loss: 0.0396 - loss: 2.2903 - reconstruction_loss: 0.9998 - vc_loss: 2.8264 - weighted_kl_loss: 0.0396
Epoch 190/200
93/93 - 51s - 553ms/step - accuracy: 0.7273 - autoencoder_loss: 1.1980 - kl_loss: 0.1978 - loss: 3.4811 - reconstruction_loss: 1.0002 - vc_loss: 4.4596 - weighted_kl_loss: 0.1978
Epoch 190/200
93/93 - 51s - 545ms/step - accuracy: 0.7298 - autoencoder_loss: 1.1823 - kl_loss: 0.1829 - loss: 2.7350 - reconstruction_loss: 0.9995 - vc_loss: 3.4004 - weighted_kl_loss: 0.1829
Epoch 191/200
93/93 - 50s - 540ms/step - accuracy: 0.7222 - autoencoder_loss: 2.5040 - kl_loss: 1.5040 - loss: 3.4677 - reconstruction_loss: 1.0000 - vc_loss: 3.8807 - weighted_kl_loss: 1.5040
Epoch 191/200
93/93 - 51s - 549ms/step - accuracy: 0.7298 - autoencoder_loss: 1.0376 - kl_loss: 0.0384 - loss: 2.6015 - reconstruction_loss: 0.9993 - vc_loss: 3.2718 - weighted_kl_loss: 0.0384
Epoch 191/200
93/93 - 52s - 554ms/step - accuracy: 0.7298 - autoencoder_loss: 1.1742 - kl_loss: 0.1748 - loss: 2.4007 - reconstruction_loss: 0.9994 - vc_loss: 2.9264 - weighted_kl_loss: 0.1748
Epoch 192/200
93/93 - 51s - 549ms/step - accuracy: 0.7222 - autoencoder_loss: 2.4681 - kl_loss: 1.4685 - loss: 3.8253 - reconstruction_loss: 0.9996 - vc_loss: 4.4069 - weighted_kl_loss: 1.4685
Epoch 192/200
93/93 - 82s - 884ms/step - accuracy: 0.7273 - autoencoder_loss: 1.2367 - kl_loss: 0.2364 - loss: 3.0088 - reconstruction_loss: 1.0002 - vc_loss: 3.7682 - weighted_kl_loss: 0.2364
Epoch 191/200
93/93 - 52s - 554ms/step - accuracy: 0.7298 - autoencoder_loss: 1.0397 - kl_loss: 0.0389 - loss: 2.5910 - reconstruction_loss: 1.0009 - vc_loss: 3.2558 - weighted_kl_loss: 0.0389
Epoch 192/200
93/93 - 51s - 552ms/step - accuracy: 0.7298 - autoencoder_loss: 1.1714 - kl_loss: 0.1712 - loss: 2.9307 - reconstruction_loss: 1.0001 - vc_loss: 3.6848 - weighted_kl_loss: 0.1712
Epoch 193/200
93/93 - 50s - 536ms/step - accuracy: 0.7222 - autoencoder_loss: 2.3683 - kl_loss: 1.3686 - loss: 3.9331 - reconstruction_loss: 0.9997 - vc_loss: 4.6037 - weighted_kl_loss: 1.3686
Epoch 193/200
93/93 - 51s - 552ms/step - accuracy: 0.7273 - autoencoder_loss: 1.2227 - kl_loss: 0.2228 - loss: 3.5053 - reconstruction_loss: 0.9999 - vc_loss: 4.4836 - weighted_kl_loss: 0.2228
Epoch 192/200
93/93 - 50s - 541ms/step - accuracy: 0.7298 - autoencoder_loss: 1.0377 - kl_loss: 0.0382 - loss: 2.4076 - reconstruction_loss: 0.9995 - vc_loss: 2.9947 - weighted_kl_loss: 0.0382
Epoch 193/200
93/93 - 51s - 548ms/step - accuracy: 0.7298 - autoencoder_loss: 1.1689 - kl_loss: 0.1694 - loss: 2.4598 - reconstruction_loss: 0.9996 - vc_loss: 3.0130 - weighted_kl_loss: 0.1694
Epoch 194/200
93/93 - 51s - 548ms/step - accuracy: 0.7222 - autoencoder_loss: 2.3240 - kl_loss: 1.3226 - loss: 3.4048 - reconstruction_loss: 1.0014 - vc_loss: 3.8680 - weighted_kl_loss: 1.3226
Epoch 194/200
93/93 - 52s - 559ms/step - accuracy: 0.7273 - autoencoder_loss: 1.1932 - kl_loss: 0.1933 - loss: 2.9072 - reconstruction_loss: 0.9999 - vc_loss: 3.6418 - weighted_kl_loss: 0.1933
Epoch 193/200
93/93 - 52s - 555ms/step - accuracy: 0.7298 - autoencoder_loss: 1.0479 - kl_loss: 0.0475 - loss: 2.0314 - reconstruction_loss: 1.0004 - vc_loss: 2.4529 - weighted_kl_loss: 0.0475
Epoch 194/200
93/93 - 50s - 542ms/step - accuracy: 0.7298 - autoencoder_loss: 1.1684 - kl_loss: 0.1686 - loss: 2.6291 - reconstruction_loss: 0.9998 - vc_loss: 3.2552 - weighted_kl_loss: 0.1686
Epoch 195/200
93/93 - 51s - 548ms/step - accuracy: 0.7222 - autoencoder_loss: 2.2463 - kl_loss: 1.2464 - loss: 4.1295 - reconstruction_loss: 0.9998 - vc_loss: 4.9367 - weighted_kl_loss: 1.2464
Epoch 195/200
93/93 - 51s - 547ms/step - accuracy: 0.7273 - autoencoder_loss: 1.1719 - kl_loss: 0.1716 - loss: 2.9028 - reconstruction_loss: 1.0003 - vc_loss: 3.6446 - weighted_kl_loss: 0.1716
Epoch 194/200
93/93 - 50s - 542ms/step - accuracy: 0.7298 - autoencoder_loss: 1.0426 - kl_loss: 0.0429 - loss: 2.8467 - reconstruction_loss: 0.9997 - vc_loss: 3.6199 - weighted_kl_loss: 0.0429
Epoch 195/200
93/93 - 50s - 539ms/step - accuracy: 0.7298 - autoencoder_loss: 1.1739 - kl_loss: 0.1740 - loss: 2.7327 - reconstruction_loss: 0.9998 - vc_loss: 3.4007 - weighted_kl_loss: 0.1740
Epoch 196/200
93/93 - 51s - 547ms/step - accuracy: 0.7222 - autoencoder_loss: 2.0734 - kl_loss: 1.0736 - loss: 3.9452 - reconstruction_loss: 0.9998 - vc_loss: 4.7474 - weighted_kl_loss: 1.0736
Epoch 196/200
93/93 - 51s - 552ms/step - accuracy: 0.7273 - autoencoder_loss: 1.1535 - kl_loss: 0.1539 - loss: 3.1751 - reconstruction_loss: 0.9996 - vc_loss: 4.0415 - weighted_kl_loss: 0.1539
Epoch 195/200
93/93 - 52s - 562ms/step - accuracy: 0.7298 - autoencoder_loss: 1.0630 - kl_loss: 0.0624 - loss: 2.5475 - reconstruction_loss: 1.0006 - vc_loss: 3.1838 - weighted_kl_loss: 0.0624
Epoch 196/200
93/93 - 51s - 544ms/step - accuracy: 0.7298 - autoencoder_loss: 1.1602 - kl_loss: 0.1610 - loss: 2.2968 - reconstruction_loss: 0.9991 - vc_loss: 2.7839 - weighted_kl_loss: 0.1610
Epoch 197/200
93/93 - 51s - 544ms/step - accuracy: 0.7222 - autoencoder_loss: 2.0077 - kl_loss: 1.0082 - loss: 5.0088 - reconstruction_loss: 0.9996 - vc_loss: 6.2950 - weighted_kl_loss: 1.0082
Epoch 197/200
93/93 - 51s - 548ms/step - accuracy: 0.7273 - autoencoder_loss: 1.1513 - kl_loss: 0.1508 - loss: 2.6256 - reconstruction_loss: 1.0005 - vc_loss: 3.2574 - weighted_kl_loss: 0.1508
Epoch 196/200
93/93 - 51s - 552ms/step - accuracy: 0.7298 - autoencoder_loss: 1.0637 - kl_loss: 0.0636 - loss: 2.9350 - reconstruction_loss: 1.0001 - vc_loss: 3.7370 - weighted_kl_loss: 0.0636
Epoch 197/200
93/93 - 51s - 548ms/step - accuracy: 0.7298 - autoencoder_loss: 1.1574 - kl_loss: 0.1578 - loss: 2.7150 - reconstruction_loss: 0.9997 - vc_loss: 3.3826 - weighted_kl_loss: 0.1578
Epoch 198/200
93/93 - 51s - 548ms/step - accuracy: 0.7222 - autoencoder_loss: 1.9720 - kl_loss: 0.9725 - loss: 3.8705 - reconstruction_loss: 0.9995 - vc_loss: 4.6841 - weighted_kl_loss: 0.9725
Epoch 198/200
93/93 - 52s - 561ms/step - accuracy: 0.7273 - autoencoder_loss: 1.1470 - kl_loss: 0.1470 - loss: 2.9727 - reconstruction_loss: 1.0000 - vc_loss: 3.7551 - weighted_kl_loss: 0.1470
Epoch 197/200
93/93 - 52s - 556ms/step - accuracy: 0.7298 - autoencoder_loss: 1.0585 - kl_loss: 0.0592 - loss: 2.8404 - reconstruction_loss: 0.9993 - vc_loss: 3.6041 - weighted_kl_loss: 0.0592
Epoch 198/200
93/93 - 51s - 554ms/step - accuracy: 0.7298 - autoencoder_loss: 1.1568 - kl_loss: 0.1574 - loss: 2.4765 - reconstruction_loss: 0.9993 - vc_loss: 3.0421 - weighted_kl_loss: 0.1574
Epoch 199/200
93/93 - 51s - 552ms/step - accuracy: 0.7222 - autoencoder_loss: 1.9414 - kl_loss: 0.9409 - loss: 3.2130 - reconstruction_loss: 1.0005 - vc_loss: 3.7580 - weighted_kl_loss: 0.9409
Epoch 199/200
93/93 - 52s - 561ms/step - accuracy: 0.7273 - autoencoder_loss: 1.1339 - kl_loss: 0.1336 - loss: 2.4997 - reconstruction_loss: 1.0003 - vc_loss: 3.0851 - weighted_kl_loss: 0.1336
Epoch 198/200
93/93 - 52s - 556ms/step - accuracy: 0.7298 - autoencoder_loss: 1.0552 - kl_loss: 0.0554 - loss: 2.5956 - reconstruction_loss: 0.9998 - vc_loss: 3.2557 - weighted_kl_loss: 0.0554
Epoch 199/200
93/93 - 51s - 550ms/step - accuracy: 0.7298 - autoencoder_loss: 1.1567 - kl_loss: 0.1554 - loss: 2.6738 - reconstruction_loss: 1.0013 - vc_loss: 3.3240 - weighted_kl_loss: 0.1554
Epoch 200/200
93/93 - 52s - 555ms/step - accuracy: 0.7222 - autoencoder_loss: 1.9244 - kl_loss: 0.9249 - loss: 3.0225 - reconstruction_loss: 0.9994 - vc_loss: 3.4932 - weighted_kl_loss: 0.9249
Epoch 200/200
93/93 - 52s - 562ms/step - accuracy: 0.7273 - autoencoder_loss: 1.1180 - kl_loss: 0.1180 - loss: 2.7217 - reconstruction_loss: 1.0000 - vc_loss: 3.4091 - weighted_kl_loss: 0.1180
Epoch 199/200
93/93 - 52s - 562ms/step - accuracy: 0.7298 - autoencoder_loss: 1.0489 - kl_loss: 0.0498 - loss: 2.7039 - reconstruction_loss: 0.9991 - vc_loss: 3.4132 - weighted_kl_loss: 0.0498
Epoch 200/200
93/93 - 51s - 543ms/step - accuracy: 0.7298 - autoencoder_loss: 1.1458 - kl_loss: 0.1455 - loss: 2.8679 - reconstruction_loss: 1.0002 - vc_loss: 3.6059 - weighted_kl_loss: 0.1455
93/93 - 50s - 534ms/step - accuracy: 0.7222 - autoencoder_loss: 1.9012 - kl_loss: 0.9018 - loss: 3.0644 - reconstruction_loss: 0.9994 - vc_loss: 3.5630 - weighted_kl_loss: 0.9018
93/93 - 49s - 532ms/step - accuracy: 0.7298 - autoencoder_loss: 1.0455 - kl_loss: 0.0444 - loss: 3.0637 - reconstruction_loss: 1.0011 - vc_loss: 3.9286 - weighted_kl_loss: 0.0444

Fold 1 metrics (trial primary)
------------------------------
                    fold: 1
        evaluation_level: trial
               n_samples: 18
               n_windows: 270
                n_trials: 18
        keras_model_loss: 1178.193481
prediction_latent_samples: 10
                    loss: 0.701210
                accuracy: 0.611111
                      f1: 0.379310
               precision: 0.305556
                  recall: 0.500000
             window_loss: 0.701211
         window_accuracy: 0.611111
               window_f1: 0.379310
        window_precision: 0.305556
           window_recall: 0.500000
              trial_loss: 0.701210
          trial_accuracy: 0.611111
                trial_f1: 0.379310
         trial_precision: 0.305556
            trial_recall: 0.500000

Per-user metrics
----------------------------------------------------------------------------------------------------
  fold=1  subject=0  n=18  evaluation_level=trial  n_windows=270  n_trials=18  loss=0.701210  accuracy=0.611111  f1=0.379310  precision=0.305556  recall=0.500000  window_loss=0.701211  window_accuracy=0.611111  window_f1=0.379310  window_precision=0.305556  window_recall=0.500000  trial_loss=0.701210  trial_accuracy=0.611111  trial_f1=0.379310  trial_precision=0.305556  trial_recall=0.500000

Fold 2 metrics (trial primary)
------------------------------
                    fold: 2
        evaluation_level: trial
               n_samples: 18
               n_windows: 270
                n_trials: 18
        keras_model_loss: 1239.303101
prediction_latent_samples: 10
                    loss: 0.537932
                accuracy: 0.777778
                      f1: 0.437500
               precision: 0.388889
                  recall: 0.500000
             window_loss: 0.537934
         window_accuracy: 0.777778
               window_f1: 0.437500
        window_precision: 0.388889
           window_recall: 0.500000
              trial_loss: 0.537932
          trial_accuracy: 0.777778
                trial_f1: 0.437500
         trial_precision: 0.388889
            trial_recall: 0.500000

Per-user metrics
----------------------------------------------------------------------------------------------------
  fold=2  subject=1  n=18  evaluation_level=trial  n_windows=270  n_trials=18  loss=0.537932  accuracy=0.777778  f1=0.437500  precision=0.388889  recall=0.500000  window_loss=0.537934  window_accuracy=0.777778  window_f1=0.437500  window_precision=0.388889  window_recall=0.500000  trial_loss=0.537932  trial_accuracy=0.777778  trial_f1=0.437500  trial_precision=0.388889  trial_recall=0.500000

[Fold   5 / 23] LOSO test subject=4 (train=5940, test=270 windows)

[Fold   6 / 23] LOSO test subject=5 (train=5940, test=270 windows)
Epoch 1/200

Fold 3 metrics (trial primary)
------------------------------
                    fold: 3
        evaluation_level: trial
               n_samples: 18
               n_windows: 270
                n_trials: 18
        keras_model_loss: 1063.871216
prediction_latent_samples: 10
                    loss: 0.701400
                accuracy: 0.611111
                      f1: 0.379310
               precision: 0.305556
                  recall: 0.500000
             window_loss: 0.701400
         window_accuracy: 0.611111
               window_f1: 0.379310
        window_precision: 0.305556
           window_recall: 0.500000
              trial_loss: 0.701400
          trial_accuracy: 0.611111
                trial_f1: 0.379310
         trial_precision: 0.305556
            trial_recall: 0.500000

Per-user metrics
----------------------------------------------------------------------------------------------------
  fold=3  subject=2  n=18  evaluation_level=trial  n_windows=270  n_trials=18  loss=0.701400  accuracy=0.611111  f1=0.379310  precision=0.305556  recall=0.500000  window_loss=0.701400  window_accuracy=0.611111  window_f1=0.379310  window_precision=0.305556  window_recall=0.500000  trial_loss=0.701400  trial_accuracy=0.611111  trial_f1=0.379310  trial_precision=0.305556  trial_recall=0.500000
Epoch 1/200

[Fold   7 / 23] LOSO test subject=6 (train=5940, test=270 windows)
93/93 - 77s - 833ms/step - accuracy: 0.7273 - autoencoder_loss: 1.1051 - kl_loss: 0.1058 - loss: 2.7330 - reconstruction_loss: 0.9992 - vc_loss: 3.4306 - weighted_kl_loss: 0.1058
Epoch 200/200
Epoch 1/200
93/93 - 46s - 492ms/step - accuracy: 0.7273 - autoencoder_loss: 1.0958 - kl_loss: 0.0960 - loss: 2.4495 - reconstruction_loss: 0.9997 - vc_loss: 3.0296 - weighted_kl_loss: 0.0960

Fold 4 metrics (trial primary)
------------------------------
                    fold: 4
        evaluation_level: trial
               n_samples: 18
               n_windows: 270
                n_trials: 18
        keras_model_loss: 1216.226562
prediction_latent_samples: 10
                    loss: 0.644703
                accuracy: 0.666667
                      f1: 0.400000
               precision: 0.333333
                  recall: 0.500000
             window_loss: 0.644704
         window_accuracy: 0.666667
               window_f1: 0.400000
        window_precision: 0.333333
           window_recall: 0.500000
              trial_loss: 0.644703
          trial_accuracy: 0.666667
                trial_f1: 0.400000
         trial_precision: 0.333333
            trial_recall: 0.500000

Per-user metrics
----------------------------------------------------------------------------------------------------
  fold=4  subject=3  n=18  evaluation_level=trial  n_windows=270  n_trials=18  loss=0.644703  accuracy=0.666667  f1=0.400000  precision=0.333333  recall=0.500000  window_loss=0.644704  window_accuracy=0.666667  window_f1=0.400000  window_precision=0.333333  window_recall=0.500000  trial_loss=0.644703  trial_accuracy=0.666667  trial_f1=0.400000  trial_precision=0.333333  trial_recall=0.500000

[Fold   8 / 23] LOSO test subject=7 (train=5940, test=270 windows)
Epoch 1/200
93/93 - 255s - 3s/step - accuracy: 0.5258 - autoencoder_loss: 16.3030 - kl_loss: 15.2372 - loss: 120.8139 - reconstruction_loss: 1.0658 - vc_loss: 165.6044 - weighted_kl_loss: 15.2372
Epoch 2/200
93/93 - 254s - 3s/step - accuracy: 0.6093 - autoencoder_loss: 41.5328 - kl_loss: 40.3995 - loss: 114.4719 - reconstruction_loss: 1.1332 - vc_loss: 145.7315 - weighted_kl_loss: 40.3995
Epoch 2/200
93/93 - 257s - 3s/step - accuracy: 0.6513 - autoencoder_loss: 43.5811 - kl_loss: 42.4920 - loss: 104.7137 - reconstruction_loss: 1.0890 - vc_loss: 130.9133 - weighted_kl_loss: 42.4920
Epoch 2/200
93/93 - 49s - 532ms/step - accuracy: 0.7247 - autoencoder_loss: 15.1666 - kl_loss: 14.1488 - loss: 28.9736 - reconstruction_loss: 1.0178 - vc_loss: 34.8908 - weighted_kl_loss: 14.1488
Epoch 3/200
93/93 - 51s - 544ms/step - accuracy: 0.7141 - autoencoder_loss: 34.5535 - kl_loss: 33.5231 - loss: 32.6242 - reconstruction_loss: 1.0305 - vc_loss: 31.7974 - weighted_kl_loss: 33.5231
Epoch 3/200
93/93 - 50s - 542ms/step - accuracy: 0.7172 - autoencoder_loss: 32.4540 - kl_loss: 31.4294 - loss: 33.0375 - reconstruction_loss: 1.0246 - vc_loss: 33.2877 - weighted_kl_loss: 31.4294
Epoch 3/200
93/93 - 256s - 3s/step - accuracy: 0.6145 - autoencoder_loss: 78.8873 - kl_loss: 77.7661 - loss: 111.1054 - reconstruction_loss: 1.1211 - vc_loss: 124.9132 - weighted_kl_loss: 77.7661
Epoch 2/200
93/93 - 51s - 543ms/step - accuracy: 0.7247 - autoencoder_loss: 12.3338 - kl_loss: 11.3265 - loss: 24.7469 - reconstruction_loss: 1.0072 - vc_loss: 30.0669 - weighted_kl_loss: 11.3265
Epoch 4/200
93/93 - 51s - 547ms/step - accuracy: 0.7146 - autoencoder_loss: 24.5168 - kl_loss: 23.5062 - loss: 26.6165 - reconstruction_loss: 1.0106 - vc_loss: 27.5164 - weighted_kl_loss: 23.5062
Epoch 4/200
93/93 - 52s - 555ms/step - accuracy: 0.7172 - autoencoder_loss: 23.0481 - kl_loss: 22.0381 - loss: 26.7926 - reconstruction_loss: 1.0100 - vc_loss: 28.3974 - weighted_kl_loss: 22.0381
Epoch 4/200
93/93 - 52s - 562ms/step - accuracy: 0.7195 - autoencoder_loss: 54.8724 - kl_loss: 53.8387 - loss: 40.7039 - reconstruction_loss: 1.0338 - vc_loss: 34.6317 - weighted_kl_loss: 53.8387
Epoch 3/200
93/93 - 51s - 552ms/step - accuracy: 0.7247 - autoencoder_loss: 10.2842 - kl_loss: 9.2818 - loss: 21.8433 - reconstruction_loss: 1.0024 - vc_loss: 26.7972 - weighted_kl_loss: 9.2818
Epoch 5/200
93/93 - 51s - 548ms/step - accuracy: 0.7146 - autoencoder_loss: 18.6718 - kl_loss: 17.6670 - loss: 22.6334 - reconstruction_loss: 1.0048 - vc_loss: 24.3312 - weighted_kl_loss: 17.6670
Epoch 5/200
93/93 - 51s - 548ms/step - accuracy: 0.7172 - autoencoder_loss: 18.5485 - kl_loss: 17.5429 - loss: 24.3697 - reconstruction_loss: 1.0056 - vc_loss: 26.8645 - weighted_kl_loss: 17.5429
Epoch 5/200
93/93 - 51s - 552ms/step - accuracy: 0.7231 - autoencoder_loss: 37.4604 - kl_loss: 36.4480 - loss: 30.7687 - reconstruction_loss: 1.0124 - vc_loss: 27.9009 - weighted_kl_loss: 36.4480
Epoch 4/200
93/93 - 50s - 540ms/step - accuracy: 0.7247 - autoencoder_loss: 8.4264 - kl_loss: 7.4260 - loss: 19.0960 - reconstruction_loss: 1.0004 - vc_loss: 23.6687 - weighted_kl_loss: 7.4260
Epoch 6/200
93/93 - 49s - 531ms/step - accuracy: 0.7146 - autoencoder_loss: 15.4549 - kl_loss: 14.4526 - loss: 19.1218 - reconstruction_loss: 1.0023 - vc_loss: 20.6934 - weighted_kl_loss: 14.4526
Epoch 6/200
93/93 - 51s - 551ms/step - accuracy: 0.7172 - autoencoder_loss: 15.5172 - kl_loss: 14.5140 - loss: 19.5210 - reconstruction_loss: 1.0033 - vc_loss: 21.2370 - weighted_kl_loss: 14.5140
Epoch 6/200
93/93 - 52s - 559ms/step - accuracy: 0.7180 - autoencoder_loss: 28.3860 - kl_loss: 27.3807 - loss: 24.7250 - reconstruction_loss: 1.0053 - vc_loss: 23.1560 - weighted_kl_loss: 27.3807
Epoch 5/200
93/93 - 51s - 546ms/step - accuracy: 0.7247 - autoencoder_loss: 6.9225 - kl_loss: 5.9217 - loss: 16.1404 - reconstruction_loss: 1.0008 - vc_loss: 20.0909 - weighted_kl_loss: 5.9217
Epoch 7/200
93/93 - 51s - 544ms/step - accuracy: 0.7146 - autoencoder_loss: 14.2976 - kl_loss: 13.2976 - loss: 18.2703 - reconstruction_loss: 1.0000 - vc_loss: 19.9729 - weighted_kl_loss: 13.2976
Epoch 7/200
93/93 - 52s - 560ms/step - accuracy: 0.7172 - autoencoder_loss: 13.1839 - kl_loss: 12.1818 - loss: 17.7223 - reconstruction_loss: 1.0021 - vc_loss: 19.6674 - weighted_kl_loss: 12.1818
Epoch 7/200
93/93 - 52s - 558ms/step - accuracy: 0.7241 - autoencoder_loss: 22.6013 - kl_loss: 21.5992 - loss: 20.1978 - reconstruction_loss: 1.0022 - vc_loss: 19.1678 - weighted_kl_loss: 21.5992
Epoch 6/200
93/93 - 51s - 545ms/step - accuracy: 0.7247 - autoencoder_loss: 6.0658 - kl_loss: 5.0654 - loss: 13.3526 - reconstruction_loss: 1.0004 - vc_loss: 16.4755 - weighted_kl_loss: 5.0654
Epoch 8/200
93/93 - 52s - 554ms/step - accuracy: 0.7146 - autoencoder_loss: 12.1064 - kl_loss: 11.1067 - loss: 16.8151 - reconstruction_loss: 0.9997 - vc_loss: 18.8331 - weighted_kl_loss: 11.1067
Epoch 8/200
93/93 - 52s - 554ms/step - accuracy: 0.7172 - autoencoder_loss: 12.1924 - kl_loss: 11.1880 - loss: 15.5038 - reconstruction_loss: 1.0044 - vc_loss: 16.9230 - weighted_kl_loss: 11.1880
Epoch 8/200
93/93 - 52s - 555ms/step - accuracy: 0.7190 - autoencoder_loss: 18.8165 - kl_loss: 17.8159 - loss: 22.3786 - reconstruction_loss: 1.0005 - vc_loss: 23.9052 - weighted_kl_loss: 17.8159
Epoch 7/200
93/93 - 52s - 563ms/step - accuracy: 0.7247 - autoencoder_loss: 5.4085 - kl_loss: 4.4090 - loss: 12.5099 - reconstruction_loss: 0.9996 - vc_loss: 15.5533 - weighted_kl_loss: 4.4090
Epoch 9/200
93/93 - 51s - 548ms/step - accuracy: 0.7146 - autoencoder_loss: 10.9437 - kl_loss: 9.9442 - loss: 17.3584 - reconstruction_loss: 0.9995 - vc_loss: 20.1076 - weighted_kl_loss: 9.9442
Epoch 9/200
93/93 - 51s - 549ms/step - accuracy: 0.7172 - autoencoder_loss: 11.4706 - kl_loss: 10.4670 - loss: 15.3425 - reconstruction_loss: 1.0036 - vc_loss: 17.0019 - weighted_kl_loss: 10.4670
Epoch 9/200
93/93 - 52s - 557ms/step - accuracy: 0.7182 - autoencoder_loss: 17.8374 - kl_loss: 16.8373 - loss: 19.3539 - reconstruction_loss: 1.0002 - vc_loss: 20.0038 - weighted_kl_loss: 16.8373
Epoch 8/200
93/93 - 50s - 541ms/step - accuracy: 0.7146 - autoencoder_loss: 10.6368 - kl_loss: 9.6375 - loss: 16.2084 - reconstruction_loss: 0.9992 - vc_loss: 18.5962 - weighted_kl_loss: 9.6375
Epoch 10/200
93/93 - 51s - 551ms/step - accuracy: 0.7247 - autoencoder_loss: 4.8390 - kl_loss: 3.8385 - loss: 11.0871 - reconstruction_loss: 1.0004 - vc_loss: 13.7649 - weighted_kl_loss: 3.8385
Epoch 10/200
93/93 - 52s - 558ms/step - accuracy: 0.7175 - autoencoder_loss: 10.2744 - kl_loss: 9.2738 - loss: 13.7898 - reconstruction_loss: 1.0006 - vc_loss: 15.2965 - weighted_kl_loss: 9.2738
Epoch 10/200
93/93 - 52s - 558ms/step - accuracy: 0.7249 - autoencoder_loss: 16.9512 - kl_loss: 15.9522 - loss: 16.4775 - reconstruction_loss: 0.9991 - vc_loss: 16.2745 - weighted_kl_loss: 15.9522
Epoch 9/200
93/93 - 50s - 541ms/step - accuracy: 0.7247 - autoencoder_loss: 4.3364 - kl_loss: 3.3352 - loss: 11.8961 - reconstruction_loss: 1.0012 - vc_loss: 15.1360 - weighted_kl_loss: 3.3352
Epoch 11/200
93/93 - 51s - 549ms/step - accuracy: 0.7146 - autoencoder_loss: 9.9001 - kl_loss: 8.9003 - loss: 13.4806 - reconstruction_loss: 0.9997 - vc_loss: 15.0151 - weighted_kl_loss: 8.9003
Epoch 11/200
93/93 - 52s - 554ms/step - accuracy: 0.7175 - autoencoder_loss: 10.3136 - kl_loss: 9.3138 - loss: 15.1789 - reconstruction_loss: 0.9998 - vc_loss: 17.2640 - weighted_kl_loss: 9.3138
Epoch 11/200
93/93 - 52s - 558ms/step - accuracy: 0.7273 - autoencoder_loss: 14.6391 - kl_loss: 13.6407 - loss: 15.8177 - reconstruction_loss: 0.9984 - vc_loss: 16.3228 - weighted_kl_loss: 13.6407
Epoch 10/200
93/93 - 50s - 541ms/step - accuracy: 0.7146 - autoencoder_loss: 9.2478 - kl_loss: 8.2480 - loss: 12.2731 - reconstruction_loss: 0.9997 - vc_loss: 13.5696 - weighted_kl_loss: 8.2480
Epoch 12/200
93/93 - 51s - 548ms/step - accuracy: 0.7247 - autoencoder_loss: 4.1911 - kl_loss: 3.1911 - loss: 10.8452 - reconstruction_loss: 1.0000 - vc_loss: 13.6969 - weighted_kl_loss: 3.1911
Epoch 12/200
93/93 - 52s - 559ms/step - accuracy: 0.7172 - autoencoder_loss: 9.9298 - kl_loss: 8.9300 - loss: 12.5459 - reconstruction_loss: 0.9998 - vc_loss: 13.6671 - weighted_kl_loss: 8.9300
Epoch 12/200
93/93 - 52s - 559ms/step - accuracy: 0.7273 - autoencoder_loss: 12.7941 - kl_loss: 11.7957 - loss: 13.0963 - reconstruction_loss: 0.9984 - vc_loss: 13.2259 - weighted_kl_loss: 11.7957
Epoch 11/200
93/93 - 50s - 534ms/step - accuracy: 0.7146 - autoencoder_loss: 8.6772 - kl_loss: 7.6790 - loss: 11.4041 - reconstruction_loss: 0.9982 - vc_loss: 12.5727 - weighted_kl_loss: 7.6790
Epoch 13/200
93/93 - 50s - 540ms/step - accuracy: 0.7247 - autoencoder_loss: 4.2863 - kl_loss: 3.2870 - loss: 10.7029 - reconstruction_loss: 0.9994 - vc_loss: 13.4529 - weighted_kl_loss: 3.2870
Epoch 13/200
93/93 - 52s - 559ms/step - accuracy: 0.7172 - autoencoder_loss: 9.4181 - kl_loss: 8.4182 - loss: 11.2456 - reconstruction_loss: 0.9999 - vc_loss: 12.0287 - weighted_kl_loss: 8.4182
Epoch 13/200
93/93 - 52s - 555ms/step - accuracy: 0.7263 - autoencoder_loss: 11.6291 - kl_loss: 10.6313 - loss: 12.7614 - reconstruction_loss: 0.9978 - vc_loss: 13.2467 - weighted_kl_loss: 10.6313
Epoch 12/200
93/93 - 50s - 543ms/step - accuracy: 0.7146 - autoencoder_loss: 7.8528 - kl_loss: 6.8544 - loss: 11.0800 - reconstruction_loss: 0.9984 - vc_loss: 12.4632 - weighted_kl_loss: 6.8544
Epoch 14/200
93/93 - 51s - 552ms/step - accuracy: 0.7247 - autoencoder_loss: 4.1405 - kl_loss: 3.1409 - loss: 9.0820 - reconstruction_loss: 0.9996 - vc_loss: 11.1998 - weighted_kl_loss: 3.1409
Epoch 14/200
93/93 - 51s - 554ms/step - accuracy: 0.7172 - autoencoder_loss: 8.9128 - kl_loss: 7.9130 - loss: 11.1762 - reconstruction_loss: 0.9998 - vc_loss: 12.1463 - weighted_kl_loss: 7.9130
Epoch 14/200
93/93 - 50s - 539ms/step - accuracy: 0.7146 - autoencoder_loss: 7.5162 - kl_loss: 6.5182 - loss: 9.5133 - reconstruction_loss: 0.9980 - vc_loss: 10.3693 - weighted_kl_loss: 6.5182
Epoch 15/200
93/93 - 51s - 553ms/step - accuracy: 0.7271 - autoencoder_loss: 10.5918 - kl_loss: 9.5933 - loss: 11.3307 - reconstruction_loss: 0.9985 - vc_loss: 11.6474 - weighted_kl_loss: 9.5933
Epoch 13/200
93/93 - 51s - 548ms/step - accuracy: 0.7247 - autoencoder_loss: 3.8442 - kl_loss: 2.8444 - loss: 8.7754 - reconstruction_loss: 0.9998 - vc_loss: 10.8888 - weighted_kl_loss: 2.8444
Epoch 15/200
93/93 - 51s - 545ms/step - accuracy: 0.7177 - autoencoder_loss: 8.5273 - kl_loss: 7.5275 - loss: 10.2380 - reconstruction_loss: 0.9998 - vc_loss: 10.9712 - weighted_kl_loss: 7.5275
Epoch 15/200
93/93 - 50s - 536ms/step - accuracy: 0.7146 - autoencoder_loss: 6.9773 - kl_loss: 5.9798 - loss: 8.8069 - reconstruction_loss: 0.9974 - vc_loss: 9.5911 - weighted_kl_loss: 5.9798
Epoch 16/200
93/93 - 50s - 539ms/step - accuracy: 0.7269 - autoencoder_loss: 10.0681 - kl_loss: 9.0703 - loss: 11.3871 - reconstruction_loss: 0.9978 - vc_loss: 11.9524 - weighted_kl_loss: 9.0703
Epoch 14/200
93/93 - 50s - 537ms/step - accuracy: 0.7247 - autoencoder_loss: 3.7214 - kl_loss: 2.7215 - loss: 8.5931 - reconstruction_loss: 0.9999 - vc_loss: 10.6810 - weighted_kl_loss: 2.7215
Epoch 16/200
93/93 - 50s - 535ms/step - accuracy: 0.7168 - autoencoder_loss: 8.5348 - kl_loss: 7.5344 - loss: 9.8748 - reconstruction_loss: 1.0004 - vc_loss: 10.4491 - weighted_kl_loss: 7.5344
Epoch 16/200
93/93 - 49s - 532ms/step - accuracy: 0.7146 - autoencoder_loss: 6.7071 - kl_loss: 5.7090 - loss: 8.4001 - reconstruction_loss: 0.9981 - vc_loss: 9.1257 - weighted_kl_loss: 5.7090
Epoch 17/200
93/93 - 51s - 549ms/step - accuracy: 0.7273 - autoencoder_loss: 9.6375 - kl_loss: 8.6397 - loss: 9.7917 - reconstruction_loss: 0.9978 - vc_loss: 9.8577 - weighted_kl_loss: 8.6397
Epoch 15/200
93/93 - 51s - 548ms/step - accuracy: 0.7247 - autoencoder_loss: 3.5819 - kl_loss: 2.5824 - loss: 7.8756 - reconstruction_loss: 0.9996 - vc_loss: 9.7158 - weighted_kl_loss: 2.5824
Epoch 17/200
93/93 - 51s - 550ms/step - accuracy: 0.7172 - autoencoder_loss: 8.7775 - kl_loss: 7.7777 - loss: 9.1019 - reconstruction_loss: 0.9998 - vc_loss: 9.2409 - weighted_kl_loss: 7.7777
Epoch 17/200
93/93 - 51s - 544ms/step - accuracy: 0.7146 - autoencoder_loss: 6.3637 - kl_loss: 5.3655 - loss: 8.4071 - reconstruction_loss: 0.9982 - vc_loss: 9.2828 - weighted_kl_loss: 5.3655
Epoch 18/200
93/93 - 51s - 549ms/step - accuracy: 0.7273 - autoencoder_loss: 9.2922 - kl_loss: 8.2947 - loss: 9.6575 - reconstruction_loss: 0.9975 - vc_loss: 9.8141 - weighted_kl_loss: 8.2947
Epoch 16/200
93/93 - 51s - 546ms/step - accuracy: 0.7247 - autoencoder_loss: 3.4167 - kl_loss: 2.4171 - loss: 6.9302 - reconstruction_loss: 0.9996 - vc_loss: 8.4359 - weighted_kl_loss: 2.4171
Epoch 18/200
93/93 - 51s - 552ms/step - accuracy: 0.7173 - autoencoder_loss: 8.5681 - kl_loss: 7.5685 - loss: 8.5490 - reconstruction_loss: 0.9996 - vc_loss: 8.5408 - weighted_kl_loss: 7.5685
Epoch 18/200
93/93 - 50s - 542ms/step - accuracy: 0.7146 - autoencoder_loss: 6.0625 - kl_loss: 5.0637 - loss: 7.7493 - reconstruction_loss: 0.9987 - vc_loss: 8.4723 - weighted_kl_loss: 5.0637
Epoch 19/200
93/93 - 51s - 548ms/step - accuracy: 0.7273 - autoencoder_loss: 8.7664 - kl_loss: 7.7689 - loss: 9.1679 - reconstruction_loss: 0.9976 - vc_loss: 9.3400 - weighted_kl_loss: 7.7689
Epoch 17/200
93/93 - 51s - 553ms/step - accuracy: 0.7247 - autoencoder_loss: 3.2081 - kl_loss: 2.2078 - loss: 6.3838 - reconstruction_loss: 1.0002 - vc_loss: 7.7448 - weighted_kl_loss: 2.2078
Epoch 19/200
93/93 - 52s - 557ms/step - accuracy: 0.7172 - autoencoder_loss: 8.5694 - kl_loss: 7.5697 - loss: 8.8921 - reconstruction_loss: 0.9997 - vc_loss: 9.0304 - weighted_kl_loss: 7.5697
Epoch 19/200
93/93 - 52s - 555ms/step - accuracy: 0.7146 - autoencoder_loss: 5.8236 - kl_loss: 4.8247 - loss: 7.3032 - reconstruction_loss: 0.9989 - vc_loss: 7.9373 - weighted_kl_loss: 4.8247
Epoch 20/200
93/93 - 52s - 561ms/step - accuracy: 0.7273 - autoencoder_loss: 8.2369 - kl_loss: 7.2394 - loss: 10.4246 - reconstruction_loss: 0.9976 - vc_loss: 11.3622 - weighted_kl_loss: 7.2394
Epoch 18/200
93/93 - 51s - 554ms/step - accuracy: 0.7247 - autoencoder_loss: 3.1006 - kl_loss: 2.1009 - loss: 7.9783 - reconstruction_loss: 0.9998 - vc_loss: 10.0688 - weighted_kl_loss: 2.1009
Epoch 20/200
93/93 - 51s - 552ms/step - accuracy: 0.7177 - autoencoder_loss: 8.4298 - kl_loss: 7.4301 - loss: 9.8503 - reconstruction_loss: 0.9997 - vc_loss: 10.4592 - weighted_kl_loss: 7.4301
Epoch 20/200
93/93 - 50s - 536ms/step - accuracy: 0.7146 - autoencoder_loss: 5.6094 - kl_loss: 4.6101 - loss: 6.8071 - reconstruction_loss: 0.9993 - vc_loss: 7.3204 - weighted_kl_loss: 4.6101
Epoch 21/200
93/93 - 51s - 545ms/step - accuracy: 0.7271 - autoencoder_loss: 8.3356 - kl_loss: 7.3382 - loss: 11.5014 - reconstruction_loss: 0.9975 - vc_loss: 12.8581 - weighted_kl_loss: 7.3382
Epoch 19/200
93/93 - 50s - 535ms/step - accuracy: 0.7247 - autoencoder_loss: 2.9985 - kl_loss: 1.9989 - loss: 6.7035 - reconstruction_loss: 0.9996 - vc_loss: 8.2914 - weighted_kl_loss: 1.9989
Epoch 21/200
93/93 - 51s - 553ms/step - accuracy: 0.7172 - autoencoder_loss: 8.2655 - kl_loss: 7.2664 - loss: 8.6486 - reconstruction_loss: 0.9991 - vc_loss: 8.8128 - weighted_kl_loss: 7.2664
Epoch 21/200
93/93 - 51s - 549ms/step - accuracy: 0.7146 - autoencoder_loss: 5.4598 - kl_loss: 4.4600 - loss: 6.7618 - reconstruction_loss: 0.9998 - vc_loss: 7.3198 - weighted_kl_loss: 4.4600
Epoch 22/200
93/93 - 51s - 549ms/step - accuracy: 0.7247 - autoencoder_loss: 2.9734 - kl_loss: 1.9741 - loss: 7.5871 - reconstruction_loss: 0.9993 - vc_loss: 9.5644 - weighted_kl_loss: 1.9741
Epoch 22/200
93/93 - 52s - 563ms/step - accuracy: 0.7273 - autoencoder_loss: 8.1729 - kl_loss: 7.1737 - loss: 9.0316 - reconstruction_loss: 0.9991 - vc_loss: 9.3996 - weighted_kl_loss: 7.1737
Epoch 20/200
93/93 - 52s - 560ms/step - accuracy: 0.7172 - autoencoder_loss: 8.4368 - kl_loss: 7.4372 - loss: 8.7625 - reconstruction_loss: 0.9995 - vc_loss: 8.9022 - weighted_kl_loss: 7.4372
Epoch 22/200
93/93 - 51s - 550ms/step - accuracy: 0.7146 - autoencoder_loss: 5.2659 - kl_loss: 4.2663 - loss: 6.8091 - reconstruction_loss: 0.9996 - vc_loss: 7.4705 - weighted_kl_loss: 4.2663
Epoch 23/200
93/93 - 51s - 548ms/step - accuracy: 0.7247 - autoencoder_loss: 2.8912 - kl_loss: 1.8910 - loss: 6.9219 - reconstruction_loss: 1.0002 - vc_loss: 8.6493 - weighted_kl_loss: 1.8910
Epoch 23/200
93/93 - 52s - 564ms/step - accuracy: 0.7273 - autoencoder_loss: 7.9140 - kl_loss: 6.9164 - loss: 9.9113 - reconstruction_loss: 0.9976 - vc_loss: 10.7673 - weighted_kl_loss: 6.9164
Epoch 21/200
93/93 - 52s - 557ms/step - accuracy: 0.7172 - autoencoder_loss: 8.8509 - kl_loss: 7.8509 - loss: 9.0626 - reconstruction_loss: 1.0000 - vc_loss: 9.1534 - weighted_kl_loss: 7.8509
Epoch 23/200
93/93 - 51s - 550ms/step - accuracy: 0.7146 - autoencoder_loss: 5.1182 - kl_loss: 4.1196 - loss: 5.8549 - reconstruction_loss: 0.9986 - vc_loss: 6.1706 - weighted_kl_loss: 4.1196
Epoch 24/200
93/93 - 52s - 557ms/step - accuracy: 0.7247 - autoencoder_loss: 2.8451 - kl_loss: 1.8452 - loss: 6.1572 - reconstruction_loss: 0.9999 - vc_loss: 7.5766 - weighted_kl_loss: 1.8452
Epoch 24/200
93/93 - 52s - 562ms/step - accuracy: 0.7273 - autoencoder_loss: 7.6683 - kl_loss: 6.6714 - loss: 9.3506 - reconstruction_loss: 0.9969 - vc_loss: 10.0716 - weighted_kl_loss: 6.6714
Epoch 22/200
93/93 - 51s - 547ms/step - accuracy: 0.7172 - autoencoder_loss: 8.6888 - kl_loss: 7.6892 - loss: 8.5884 - reconstruction_loss: 0.9996 - vc_loss: 8.5454 - weighted_kl_loss: 7.6892
Epoch 24/200
93/93 - 51s - 548ms/step - accuracy: 0.7146 - autoencoder_loss: 4.8379 - kl_loss: 3.8391 - loss: 6.0335 - reconstruction_loss: 0.9988 - vc_loss: 6.5460 - weighted_kl_loss: 3.8391
Epoch 25/200
93/93 - 51s - 546ms/step - accuracy: 0.7247 - autoencoder_loss: 2.7963 - kl_loss: 1.7967 - loss: 5.8143 - reconstruction_loss: 0.9996 - vc_loss: 7.1076 - weighted_kl_loss: 1.7967
Epoch 25/200
93/93 - 51s - 547ms/step - accuracy: 0.7273 - autoencoder_loss: 7.3233 - kl_loss: 6.3260 - loss: 7.5613 - reconstruction_loss: 0.9973 - vc_loss: 7.6633 - weighted_kl_loss: 6.3260
Epoch 23/200
93/93 - 51s - 551ms/step - accuracy: 0.7172 - autoencoder_loss: 8.5512 - kl_loss: 7.5517 - loss: 7.1920 - reconstruction_loss: 0.9995 - vc_loss: 6.6095 - weighted_kl_loss: 7.5517
Epoch 25/200
93/93 - 51s - 546ms/step - accuracy: 0.7146 - autoencoder_loss: 4.6709 - kl_loss: 3.6719 - loss: 5.7923 - reconstruction_loss: 0.9990 - vc_loss: 6.2729 - weighted_kl_loss: 3.6719
Epoch 26/200
93/93 - 52s - 554ms/step - accuracy: 0.7247 - autoencoder_loss: 2.7255 - kl_loss: 1.7255 - loss: 5.7058 - reconstruction_loss: 1.0001 - vc_loss: 6.9830 - weighted_kl_loss: 1.7255
Epoch 26/200
93/93 - 52s - 560ms/step - accuracy: 0.7273 - autoencoder_loss: 7.0944 - kl_loss: 6.0965 - loss: 7.1682 - reconstruction_loss: 0.9979 - vc_loss: 7.1998 - weighted_kl_loss: 6.0965
Epoch 24/200
93/93 - 52s - 556ms/step - accuracy: 0.7172 - autoencoder_loss: 8.4443 - kl_loss: 7.4446 - loss: 7.1600 - reconstruction_loss: 0.9997 - vc_loss: 6.6096 - weighted_kl_loss: 7.4446
Epoch 26/200
93/93 - 51s - 551ms/step - accuracy: 0.7146 - autoencoder_loss: 4.5163 - kl_loss: 3.5172 - loss: 6.0867 - reconstruction_loss: 0.9992 - vc_loss: 6.7597 - weighted_kl_loss: 3.5172
Epoch 27/200
93/93 - 51s - 548ms/step - accuracy: 0.7247 - autoencoder_loss: 2.6666 - kl_loss: 1.6668 - loss: 5.3492 - reconstruction_loss: 0.9998 - vc_loss: 6.4989 - weighted_kl_loss: 1.6668
Epoch 27/200
93/93 - 52s - 558ms/step - accuracy: 0.7273 - autoencoder_loss: 6.8715 - kl_loss: 5.8742 - loss: 7.3955 - reconstruction_loss: 0.9973 - vc_loss: 7.6200 - weighted_kl_loss: 5.8742
Epoch 25/200
93/93 - 51s - 553ms/step - accuracy: 0.7172 - autoencoder_loss: 8.2919 - kl_loss: 7.2918 - loss: 7.3363 - reconstruction_loss: 1.0001 - vc_loss: 6.9268 - weighted_kl_loss: 7.2918
Epoch 27/200
93/93 - 52s - 558ms/step - accuracy: 0.7146 - autoencoder_loss: 4.3438 - kl_loss: 3.3441 - loss: 5.1296 - reconstruction_loss: 0.9998 - vc_loss: 5.4664 - weighted_kl_loss: 3.3441
Epoch 28/200
93/93 - 51s - 550ms/step - accuracy: 0.7247 - autoencoder_loss: 2.6059 - kl_loss: 1.6054 - loss: 4.6492 - reconstruction_loss: 1.0005 - vc_loss: 5.5250 - weighted_kl_loss: 1.6054
Epoch 28/200
93/93 - 52s - 559ms/step - accuracy: 0.7273 - autoencoder_loss: 6.6705 - kl_loss: 5.6720 - loss: 7.2901 - reconstruction_loss: 0.9985 - vc_loss: 7.5557 - weighted_kl_loss: 5.6720
Epoch 26/200
93/93 - 51s - 545ms/step - accuracy: 0.7172 - autoencoder_loss: 8.1404 - kl_loss: 7.1409 - loss: 6.7511 - reconstruction_loss: 0.9995 - vc_loss: 6.1557 - weighted_kl_loss: 7.1409
Epoch 28/200
93/93 - 51s - 544ms/step - accuracy: 0.7146 - autoencoder_loss: 4.2255 - kl_loss: 3.2261 - loss: 4.7639 - reconstruction_loss: 0.9994 - vc_loss: 4.9947 - weighted_kl_loss: 3.2261
Epoch 29/200
93/93 - 50s - 541ms/step - accuracy: 0.7247 - autoencoder_loss: 2.5778 - kl_loss: 1.5765 - loss: 5.3565 - reconstruction_loss: 1.0012 - vc_loss: 6.5475 - weighted_kl_loss: 1.5765
Epoch 29/200
93/93 - 51s - 549ms/step - accuracy: 0.7172 - autoencoder_loss: 8.0799 - kl_loss: 7.0801 - loss: 7.1472 - reconstruction_loss: 0.9999 - vc_loss: 6.7474 - weighted_kl_loss: 7.0801
Epoch 29/200
93/93 - 81s - 873ms/step - accuracy: 0.7273 - autoencoder_loss: 6.4128 - kl_loss: 5.4131 - loss: 7.6599 - reconstruction_loss: 0.9997 - vc_loss: 8.1943 - weighted_kl_loss: 5.4131
Epoch 27/200
93/93 - 50s - 536ms/step - accuracy: 0.7146 - autoencoder_loss: 4.3752 - kl_loss: 3.3758 - loss: 5.2832 - reconstruction_loss: 0.9994 - vc_loss: 5.6723 - weighted_kl_loss: 3.3758
Epoch 30/200
93/93 - 50s - 534ms/step - accuracy: 0.7247 - autoencoder_loss: 2.5709 - kl_loss: 1.5693 - loss: 4.8067 - reconstruction_loss: 1.0016 - vc_loss: 5.7649 - weighted_kl_loss: 1.5693
Epoch 30/200
93/93 - 51s - 552ms/step - accuracy: 0.7172 - autoencoder_loss: 8.0971 - kl_loss: 7.0971 - loss: 7.6380 - reconstruction_loss: 1.0000 - vc_loss: 7.4412 - weighted_kl_loss: 7.0971
Epoch 30/200
93/93 - 51s - 548ms/step - accuracy: 0.7273 - autoencoder_loss: 6.1813 - kl_loss: 5.1842 - loss: 6.3971 - reconstruction_loss: 0.9970 - vc_loss: 6.4895 - weighted_kl_loss: 5.1842
Epoch 28/200
93/93 - 49s - 531ms/step - accuracy: 0.7146 - autoencoder_loss: 4.2309 - kl_loss: 3.2309 - loss: 4.9973 - reconstruction_loss: 1.0000 - vc_loss: 5.3258 - weighted_kl_loss: 3.2309
Epoch 31/200
93/93 - 49s - 526ms/step - accuracy: 0.7247 - autoencoder_loss: 2.5344 - kl_loss: 1.5327 - loss: 4.8222 - reconstruction_loss: 1.0017 - vc_loss: 5.8027 - weighted_kl_loss: 1.5327
Epoch 31/200
93/93 - 51s - 550ms/step - accuracy: 0.7172 - autoencoder_loss: 7.8812 - kl_loss: 6.8814 - loss: 7.4200 - reconstruction_loss: 0.9998 - vc_loss: 7.2224 - weighted_kl_loss: 6.8814
Epoch 31/200
93/93 - 51s - 551ms/step - accuracy: 0.7273 - autoencoder_loss: 6.0523 - kl_loss: 5.0544 - loss: 6.7969 - reconstruction_loss: 0.9979 - vc_loss: 7.1160 - weighted_kl_loss: 5.0544
Epoch 29/200
93/93 - 51s - 552ms/step - accuracy: 0.7146 - autoencoder_loss: 4.0148 - kl_loss: 3.0155 - loss: 4.9753 - reconstruction_loss: 0.9992 - vc_loss: 5.3870 - weighted_kl_loss: 3.0155
Epoch 32/200
93/93 - 51s - 553ms/step - accuracy: 0.7247 - autoencoder_loss: 2.4590 - kl_loss: 1.4597 - loss: 5.5900 - reconstruction_loss: 0.9994 - vc_loss: 6.9318 - weighted_kl_loss: 1.4597
Epoch 32/200
93/93 - 52s - 558ms/step - accuracy: 0.7172 - autoencoder_loss: 7.6537 - kl_loss: 6.6538 - loss: 6.6537 - reconstruction_loss: 0.9999 - vc_loss: 6.2251 - weighted_kl_loss: 6.6538
Epoch 32/200
93/93 - 52s - 555ms/step - accuracy: 0.7273 - autoencoder_loss: 5.9009 - kl_loss: 4.9030 - loss: 7.1195 - reconstruction_loss: 0.9979 - vc_loss: 7.6418 - weighted_kl_loss: 4.9030
Epoch 30/200
93/93 - 51s - 545ms/step - accuracy: 0.7146 - autoencoder_loss: 3.8725 - kl_loss: 2.8726 - loss: 5.2353 - reconstruction_loss: 0.9999 - vc_loss: 5.8194 - weighted_kl_loss: 2.8726
Epoch 33/200
93/93 - 50s - 543ms/step - accuracy: 0.7247 - autoencoder_loss: 2.4502 - kl_loss: 1.4510 - loss: 4.5134 - reconstruction_loss: 0.9993 - vc_loss: 5.3976 - weighted_kl_loss: 1.4510
Epoch 33/200
93/93 - 51s - 548ms/step - accuracy: 0.7172 - autoencoder_loss: 7.5567 - kl_loss: 6.5570 - loss: 6.1068 - reconstruction_loss: 0.9997 - vc_loss: 5.4854 - weighted_kl_loss: 6.5570
Epoch 33/200
93/93 - 52s - 556ms/step - accuracy: 0.7273 - autoencoder_loss: 5.7894 - kl_loss: 4.7903 - loss: 5.9807 - reconstruction_loss: 0.9991 - vc_loss: 6.0627 - weighted_kl_loss: 4.7903
Epoch 31/200
93/93 - 49s - 530ms/step - accuracy: 0.7146 - autoencoder_loss: 3.8220 - kl_loss: 2.8208 - loss: 4.5785 - reconstruction_loss: 1.0012 - vc_loss: 4.9027 - weighted_kl_loss: 2.8208
Epoch 34/200
93/93 - 51s - 547ms/step - accuracy: 0.7247 - autoencoder_loss: 2.6127 - kl_loss: 1.6132 - loss: 5.1783 - reconstruction_loss: 0.9995 - vc_loss: 6.2778 - weighted_kl_loss: 1.6132
Epoch 34/200
93/93 - 51s - 553ms/step - accuracy: 0.7172 - autoencoder_loss: 7.4419 - kl_loss: 6.4418 - loss: 5.7959 - reconstruction_loss: 1.0001 - vc_loss: 5.0905 - weighted_kl_loss: 6.4418
Epoch 34/200
93/93 - 52s - 555ms/step - accuracy: 0.7273 - autoencoder_loss: 5.7866 - kl_loss: 4.7890 - loss: 7.2501 - reconstruction_loss: 0.9976 - vc_loss: 7.8773 - weighted_kl_loss: 4.7890
Epoch 32/200
93/93 - 51s - 544ms/step - accuracy: 0.7146 - autoencoder_loss: 3.7070 - kl_loss: 2.7078 - loss: 5.1724 - reconstruction_loss: 0.9992 - vc_loss: 5.8004 - weighted_kl_loss: 2.7078
Epoch 35/200
93/93 - 50s - 542ms/step - accuracy: 0.7247 - autoencoder_loss: 2.4925 - kl_loss: 1.4915 - loss: 4.2290 - reconstruction_loss: 1.0010 - vc_loss: 4.9732 - weighted_kl_loss: 1.4915
Epoch 35/200
93/93 - 51s - 545ms/step - accuracy: 0.7172 - autoencoder_loss: 7.2799 - kl_loss: 6.2799 - loss: 5.7469 - reconstruction_loss: 1.0000 - vc_loss: 5.0898 - weighted_kl_loss: 6.2799
Epoch 35/200
93/93 - 50s - 541ms/step - accuracy: 0.7273 - autoencoder_loss: 5.6984 - kl_loss: 4.7006 - loss: 6.0939 - reconstruction_loss: 0.9977 - vc_loss: 6.2634 - weighted_kl_loss: 4.7006
Epoch 33/200
93/93 - 51s - 543ms/step - accuracy: 0.7146 - autoencoder_loss: 3.6092 - kl_loss: 2.6096 - loss: 5.0112 - reconstruction_loss: 0.9996 - vc_loss: 5.6121 - weighted_kl_loss: 2.6096
Epoch 36/200
93/93 - 51s - 547ms/step - accuracy: 0.7247 - autoencoder_loss: 2.4938 - kl_loss: 1.4937 - loss: 4.5759 - reconstruction_loss: 1.0001 - vc_loss: 5.4682 - weighted_kl_loss: 1.4937
Epoch 36/200
93/93 - 52s - 556ms/step - accuracy: 0.7172 - autoencoder_loss: 7.0981 - kl_loss: 6.0984 - loss: 5.6867 - reconstruction_loss: 0.9996 - vc_loss: 5.0819 - weighted_kl_loss: 6.0984
Epoch 36/200
93/93 - 52s - 561ms/step - accuracy: 0.7273 - autoencoder_loss: 5.5634 - kl_loss: 4.5661 - loss: 5.7205 - reconstruction_loss: 0.9972 - vc_loss: 5.7878 - weighted_kl_loss: 4.5661
Epoch 34/200
93/93 - 51s - 554ms/step - accuracy: 0.7146 - autoencoder_loss: 3.5268 - kl_loss: 2.5272 - loss: 4.6321 - reconstruction_loss: 0.9996 - vc_loss: 5.1058 - weighted_kl_loss: 2.5272
Epoch 37/200
93/93 - 52s - 555ms/step - accuracy: 0.7247 - autoencoder_loss: 2.5568 - kl_loss: 1.5559 - loss: 4.6561 - reconstruction_loss: 1.0009 - vc_loss: 5.5558 - weighted_kl_loss: 1.5559
Epoch 37/200
93/93 - 52s - 560ms/step - accuracy: 0.7172 - autoencoder_loss: 6.9669 - kl_loss: 5.9680 - loss: 5.0989 - reconstruction_loss: 0.9988 - vc_loss: 4.2983 - weighted_kl_loss: 5.9680
Epoch 37/200
93/93 - 52s - 564ms/step - accuracy: 0.7273 - autoencoder_loss: 5.4212 - kl_loss: 4.4237 - loss: 5.9207 - reconstruction_loss: 0.9975 - vc_loss: 6.1347 - weighted_kl_loss: 4.4237
Epoch 35/200
93/93 - 51s - 548ms/step - accuracy: 0.7146 - autoencoder_loss: 3.5059 - kl_loss: 2.5065 - loss: 5.2616 - reconstruction_loss: 0.9994 - vc_loss: 6.0141 - weighted_kl_loss: 2.5065
Epoch 38/200
93/93 - 52s - 555ms/step - accuracy: 0.7247 - autoencoder_loss: 2.6338 - kl_loss: 1.6337 - loss: 5.1928 - reconstruction_loss: 1.0001 - vc_loss: 6.2895 - weighted_kl_loss: 1.6337
Epoch 38/200
93/93 - 49s - 531ms/step - accuracy: 0.7172 - autoencoder_loss: 6.8582 - kl_loss: 5.8596 - loss: 5.3696 - reconstruction_loss: 0.9986 - vc_loss: 4.7316 - weighted_kl_loss: 5.8596
Epoch 38/200
93/93 - 49s - 524ms/step - accuracy: 0.7146 - autoencoder_loss: 3.5161 - kl_loss: 2.5171 - loss: 4.4724 - reconstruction_loss: 0.9991 - vc_loss: 4.8823 - weighted_kl_loss: 2.5171
Epoch 39/200
93/93 - 51s - 545ms/step - accuracy: 0.7273 - autoencoder_loss: 5.2813 - kl_loss: 4.2844 - loss: 5.4784 - reconstruction_loss: 0.9969 - vc_loss: 5.5629 - weighted_kl_loss: 4.2844
Epoch 36/200
93/93 - 50s - 539ms/step - accuracy: 0.7247 - autoencoder_loss: 2.5380 - kl_loss: 1.5366 - loss: 4.8628 - reconstruction_loss: 1.0014 - vc_loss: 5.8591 - weighted_kl_loss: 1.5366
Epoch 39/200
93/93 - 51s - 550ms/step - accuracy: 0.7172 - autoencoder_loss: 6.7081 - kl_loss: 5.7092 - loss: 4.8603 - reconstruction_loss: 0.9990 - vc_loss: 4.0684 - weighted_kl_loss: 5.7092
Epoch 39/200
93/93 - 50s - 538ms/step - accuracy: 0.7146 - autoencoder_loss: 3.4297 - kl_loss: 2.4303 - loss: 4.7742 - reconstruction_loss: 0.9994 - vc_loss: 5.3504 - weighted_kl_loss: 2.4303
Epoch 40/200
93/93 - 52s - 558ms/step - accuracy: 0.7273 - autoencoder_loss: 5.0849 - kl_loss: 4.0855 - loss: 5.0243 - reconstruction_loss: 0.9994 - vc_loss: 4.9983 - weighted_kl_loss: 4.0855
Epoch 37/200
93/93 - 52s - 555ms/step - accuracy: 0.7247 - autoencoder_loss: 2.4540 - kl_loss: 1.4546 - loss: 4.1460 - reconstruction_loss: 0.9994 - vc_loss: 4.8711 - weighted_kl_loss: 1.4546
Epoch 40/200
93/93 - 51s - 552ms/step - accuracy: 0.7172 - autoencoder_loss: 6.5996 - kl_loss: 5.6011 - loss: 5.1185 - reconstruction_loss: 0.9985 - vc_loss: 4.4838 - weighted_kl_loss: 5.6011
Epoch 40/200
93/93 - 52s - 554ms/step - accuracy: 0.7146 - autoencoder_loss: 3.3851 - kl_loss: 2.3849 - loss: 4.4402 - reconstruction_loss: 1.0001 - vc_loss: 4.8923 - weighted_kl_loss: 2.3849
Epoch 41/200
93/93 - 52s - 561ms/step - accuracy: 0.7273 - autoencoder_loss: 5.1455 - kl_loss: 4.1476 - loss: 4.8433 - reconstruction_loss: 0.9979 - vc_loss: 4.7138 - weighted_kl_loss: 4.1476
Epoch 38/200
93/93 - 51s - 553ms/step - accuracy: 0.7247 - autoencoder_loss: 2.3923 - kl_loss: 1.3914 - loss: 3.9643 - reconstruction_loss: 1.0009 - vc_loss: 4.6381 - weighted_kl_loss: 1.3914
Epoch 41/200
93/93 - 53s - 565ms/step - accuracy: 0.7172 - autoencoder_loss: 6.4652 - kl_loss: 5.4670 - loss: 4.7945 - reconstruction_loss: 0.9982 - vc_loss: 4.0784 - weighted_kl_loss: 5.4670
Epoch 41/200
93/93 - 52s - 559ms/step - accuracy: 0.7146 - autoencoder_loss: 3.3257 - kl_loss: 2.3260 - loss: 3.9303 - reconstruction_loss: 0.9997 - vc_loss: 4.1894 - weighted_kl_loss: 2.3260
Epoch 42/200
93/93 - 53s - 569ms/step - accuracy: 0.7273 - autoencoder_loss: 4.9612 - kl_loss: 3.9639 - loss: 5.0699 - reconstruction_loss: 0.9973 - vc_loss: 5.1165 - weighted_kl_loss: 3.9639
Epoch 39/200
93/93 - 52s - 560ms/step - accuracy: 0.7247 - autoencoder_loss: 2.3115 - kl_loss: 1.3119 - loss: 3.8057 - reconstruction_loss: 0.9996 - vc_loss: 4.4461 - weighted_kl_loss: 1.3119
Epoch 42/200
93/93 - 52s - 557ms/step - accuracy: 0.7172 - autoencoder_loss: 6.4053 - kl_loss: 5.4079 - loss: 4.4910 - reconstruction_loss: 0.9974 - vc_loss: 3.6706 - weighted_kl_loss: 5.4079
Epoch 42/200
93/93 - 51s - 546ms/step - accuracy: 0.7146 - autoencoder_loss: 3.2309 - kl_loss: 2.2310 - loss: 4.3538 - reconstruction_loss: 0.9999 - vc_loss: 4.8350 - weighted_kl_loss: 2.2310
Epoch 43/200
93/93 - 52s - 554ms/step - accuracy: 0.7273 - autoencoder_loss: 4.7955 - kl_loss: 3.7980 - loss: 4.9587 - reconstruction_loss: 0.9976 - vc_loss: 5.0287 - weighted_kl_loss: 3.7980
Epoch 40/200
93/93 - 51s - 543ms/step - accuracy: 0.7247 - autoencoder_loss: 2.2927 - kl_loss: 1.2928 - loss: 3.5249 - reconstruction_loss: 0.9999 - vc_loss: 4.0530 - weighted_kl_loss: 1.2928
Epoch 43/200
93/93 - 52s - 555ms/step - accuracy: 0.7172 - autoencoder_loss: 6.2908 - kl_loss: 5.2939 - loss: 4.7600 - reconstruction_loss: 0.9969 - vc_loss: 4.1039 - weighted_kl_loss: 5.2939
Epoch 43/200
93/93 - 49s - 532ms/step - accuracy: 0.7146 - autoencoder_loss: 3.1658 - kl_loss: 2.1643 - loss: 3.7943 - reconstruction_loss: 1.0015 - vc_loss: 4.0636 - weighted_kl_loss: 2.1643
Epoch 44/200
93/93 - 51s - 553ms/step - accuracy: 0.7273 - autoencoder_loss: 4.6839 - kl_loss: 3.6855 - loss: 4.2141 - reconstruction_loss: 0.9984 - vc_loss: 4.0127 - weighted_kl_loss: 3.6855
Epoch 41/200
93/93 - 51s - 550ms/step - accuracy: 0.7247 - autoencoder_loss: 2.2444 - kl_loss: 1.2452 - loss: 3.6738 - reconstruction_loss: 0.9993 - vc_loss: 4.2863 - weighted_kl_loss: 1.2452
Epoch 44/200
93/93 - 51s - 544ms/step - accuracy: 0.7146 - autoencoder_loss: 3.1190 - kl_loss: 2.1185 - loss: 4.3290 - reconstruction_loss: 1.0005 - vc_loss: 4.8476 - weighted_kl_loss: 2.1185
Epoch 45/200
93/93 - 52s - 557ms/step - accuracy: 0.7172 - autoencoder_loss: 6.1582 - kl_loss: 5.1607 - loss: 5.0281 - reconstruction_loss: 0.9974 - vc_loss: 4.5438 - weighted_kl_loss: 5.1607
Epoch 44/200
93/93 - 51s - 550ms/step - accuracy: 0.7273 - autoencoder_loss: 4.5713 - kl_loss: 3.5731 - loss: 4.1970 - reconstruction_loss: 0.9981 - vc_loss: 4.0366 - weighted_kl_loss: 3.5731
Epoch 42/200
93/93 - 50s - 539ms/step - accuracy: 0.7247 - autoencoder_loss: 2.2048 - kl_loss: 1.2050 - loss: 3.7177 - reconstruction_loss: 0.9998 - vc_loss: 4.3660 - weighted_kl_loss: 1.2050
Epoch 45/200
93/93 - 51s - 548ms/step - accuracy: 0.7146 - autoencoder_loss: 3.0903 - kl_loss: 2.0904 - loss: 3.7358 - reconstruction_loss: 0.9999 - vc_loss: 4.0125 - weighted_kl_loss: 2.0904
Epoch 46/200
93/93 - 52s - 555ms/step - accuracy: 0.7172 - autoencoder_loss: 6.0163 - kl_loss: 5.0191 - loss: 4.5690 - reconstruction_loss: 0.9973 - vc_loss: 3.9488 - weighted_kl_loss: 5.0191
Epoch 45/200
93/93 - 52s - 557ms/step - accuracy: 0.7273 - autoencoder_loss: 4.5053 - kl_loss: 3.5074 - loss: 3.8867 - reconstruction_loss: 0.9978 - vc_loss: 3.6216 - weighted_kl_loss: 3.5074
Epoch 43/200
93/93 - 51s - 552ms/step - accuracy: 0.7247 - autoencoder_loss: 2.1530 - kl_loss: 1.1531 - loss: 3.8317 - reconstruction_loss: 0.9999 - vc_loss: 4.5511 - weighted_kl_loss: 1.1531
Epoch 46/200
93/93 - 51s - 546ms/step - accuracy: 0.7146 - autoencoder_loss: 2.9796 - kl_loss: 1.9793 - loss: 3.8513 - reconstruction_loss: 1.0003 - vc_loss: 4.2249 - weighted_kl_loss: 1.9793
Epoch 47/200
93/93 - 51s - 545ms/step - accuracy: 0.7172 - autoencoder_loss: 5.9414 - kl_loss: 4.9444 - loss: 4.8641 - reconstruction_loss: 0.9971 - vc_loss: 4.4024 - weighted_kl_loss: 4.9444
Epoch 46/200
93/93 - 51s - 551ms/step - accuracy: 0.7273 - autoencoder_loss: 4.3514 - kl_loss: 3.3540 - loss: 3.7761 - reconstruction_loss: 0.9974 - vc_loss: 3.5296 - weighted_kl_loss: 3.3540
Epoch 44/200
93/93 - 51s - 546ms/step - accuracy: 0.7247 - autoencoder_loss: 2.1295 - kl_loss: 1.1294 - loss: 3.4194 - reconstruction_loss: 1.0001 - vc_loss: 3.9722 - weighted_kl_loss: 1.1294
Epoch 47/200
93/93 - 51s - 551ms/step - accuracy: 0.7146 - autoencoder_loss: 2.8567 - kl_loss: 1.8570 - loss: 5.1730 - reconstruction_loss: 0.9997 - vc_loss: 6.1658 - weighted_kl_loss: 1.8570
Epoch 48/200
93/93 - 52s - 556ms/step - accuracy: 0.7172 - autoencoder_loss: 5.7830 - kl_loss: 4.7859 - loss: 4.5663 - reconstruction_loss: 0.9971 - vc_loss: 4.0448 - weighted_kl_loss: 4.7859
Epoch 47/200
93/93 - 51s - 545ms/step - accuracy: 0.7273 - autoencoder_loss: 4.2647 - kl_loss: 3.2668 - loss: 3.9385 - reconstruction_loss: 0.9979 - vc_loss: 3.7986 - weighted_kl_loss: 3.2668
Epoch 45/200
93/93 - 50s - 535ms/step - accuracy: 0.7247 - autoencoder_loss: 2.0545 - kl_loss: 1.0539 - loss: 3.4168 - reconstruction_loss: 1.0005 - vc_loss: 4.0006 - weighted_kl_loss: 1.0539
Epoch 48/200
93/93 - 50s - 537ms/step - accuracy: 0.7146 - autoencoder_loss: 2.9396 - kl_loss: 1.9397 - loss: 5.7083 - reconstruction_loss: 0.9999 - vc_loss: 6.8949 - weighted_kl_loss: 1.9397
Epoch 49/200
93/93 - 51s - 546ms/step - accuracy: 0.7172 - autoencoder_loss: 5.6703 - kl_loss: 4.6721 - loss: 4.6363 - reconstruction_loss: 0.9982 - vc_loss: 4.1931 - weighted_kl_loss: 4.6721
Epoch 48/200
93/93 - 50s - 543ms/step - accuracy: 0.7273 - autoencoder_loss: 4.1793 - kl_loss: 3.1795 - loss: 3.8623 - reconstruction_loss: 0.9998 - vc_loss: 3.7264 - weighted_kl_loss: 3.1795
Epoch 46/200
93/93 - 51s - 547ms/step - accuracy: 0.7247 - autoencoder_loss: 2.0291 - kl_loss: 1.0297 - loss: 2.9858 - reconstruction_loss: 0.9994 - vc_loss: 3.3958 - weighted_kl_loss: 1.0297
Epoch 49/200
93/93 - 51s - 551ms/step - accuracy: 0.7146 - autoencoder_loss: 2.8677 - kl_loss: 1.8684 - loss: 4.8011 - reconstruction_loss: 0.9994 - vc_loss: 5.6296 - weighted_kl_loss: 1.8684
Epoch 50/200
93/93 - 51s - 550ms/step - accuracy: 0.7172 - autoencoder_loss: 5.4706 - kl_loss: 4.4716 - loss: 4.3195 - reconstruction_loss: 0.9991 - vc_loss: 3.8262 - weighted_kl_loss: 4.4716
Epoch 49/200
93/93 - 51s - 543ms/step - accuracy: 0.7247 - autoencoder_loss: 2.1091 - kl_loss: 1.1091 - loss: 3.8153 - reconstruction_loss: 1.0000 - vc_loss: 4.5465 - weighted_kl_loss: 1.1091
Epoch 50/200
93/93 - 52s - 559ms/step - accuracy: 0.7273 - autoencoder_loss: 4.0380 - kl_loss: 3.0401 - loss: 4.0122 - reconstruction_loss: 0.9979 - vc_loss: 4.0011 - weighted_kl_loss: 3.0401
Epoch 47/200
93/93 - 52s - 559ms/step - accuracy: 0.7146 - autoencoder_loss: 2.7882 - kl_loss: 1.7886 - loss: 3.7628 - reconstruction_loss: 0.9997 - vc_loss: 4.1805 - weighted_kl_loss: 1.7886
Epoch 51/200
93/93 - 53s - 565ms/step - accuracy: 0.7172 - autoencoder_loss: 5.3227 - kl_loss: 4.3262 - loss: 4.4662 - reconstruction_loss: 0.9965 - vc_loss: 4.0992 - weighted_kl_loss: 4.3262
Epoch 50/200
93/93 - 52s - 557ms/step - accuracy: 0.7247 - autoencoder_loss: 2.0379 - kl_loss: 1.0380 - loss: 3.3078 - reconstruction_loss: 0.9999 - vc_loss: 3.8520 - weighted_kl_loss: 1.0380
Epoch 51/200
93/93 - 52s - 563ms/step - accuracy: 0.7273 - autoencoder_loss: 3.9644 - kl_loss: 2.9662 - loss: 4.0246 - reconstruction_loss: 0.9982 - vc_loss: 4.0504 - weighted_kl_loss: 2.9662
Epoch 48/200
93/93 - 51s - 552ms/step - accuracy: 0.7146 - autoencoder_loss: 2.7452 - kl_loss: 1.7461 - loss: 3.6987 - reconstruction_loss: 0.9991 - vc_loss: 4.1074 - weighted_kl_loss: 1.7461
Epoch 52/200
93/93 - 51s - 553ms/step - accuracy: 0.7172 - autoencoder_loss: 5.2314 - kl_loss: 4.2333 - loss: 4.1440 - reconstruction_loss: 0.9981 - vc_loss: 3.6779 - weighted_kl_loss: 4.2333
Epoch 51/200
93/93 - 51s - 549ms/step - accuracy: 0.7247 - autoencoder_loss: 1.9873 - kl_loss: 0.9876 - loss: 3.4893 - reconstruction_loss: 0.9997 - vc_loss: 4.1330 - weighted_kl_loss: 0.9876
Epoch 52/200
93/93 - 52s - 554ms/step - accuracy: 0.7273 - autoencoder_loss: 3.8181 - kl_loss: 2.8197 - loss: 3.7156 - reconstruction_loss: 0.9984 - vc_loss: 3.6717 - weighted_kl_loss: 2.8197
Epoch 49/200
93/93 - 52s - 557ms/step - accuracy: 0.7146 - autoencoder_loss: 2.7312 - kl_loss: 1.7310 - loss: 3.6856 - reconstruction_loss: 1.0002 - vc_loss: 4.0947 - weighted_kl_loss: 1.7310
Epoch 53/200
93/93 - 51s - 546ms/step - accuracy: 0.7172 - autoencoder_loss: 5.2052 - kl_loss: 4.2068 - loss: 4.0605 - reconstruction_loss: 0.9984 - vc_loss: 3.5699 - weighted_kl_loss: 4.2068
Epoch 52/200
93/93 - 52s - 554ms/step - accuracy: 0.7247 - autoencoder_loss: 1.9570 - kl_loss: 0.9574 - loss: 3.4570 - reconstruction_loss: 0.9996 - vc_loss: 4.0998 - weighted_kl_loss: 0.9574
Epoch 53/200
93/93 - 52s - 559ms/step - accuracy: 0.7273 - autoencoder_loss: 3.7361 - kl_loss: 2.7369 - loss: 3.6428 - reconstruction_loss: 0.9992 - vc_loss: 3.6028 - weighted_kl_loss: 2.7369
Epoch 50/200
93/93 - 50s - 536ms/step - accuracy: 0.7146 - autoencoder_loss: 2.6809 - kl_loss: 1.6814 - loss: 3.7957 - reconstruction_loss: 0.9995 - vc_loss: 4.2735 - weighted_kl_loss: 1.6814
Epoch 54/200
93/93 - 51s - 543ms/step - accuracy: 0.7172 - autoencoder_loss: 5.0851 - kl_loss: 4.0880 - loss: 4.0738 - reconstruction_loss: 0.9971 - vc_loss: 3.6403 - weighted_kl_loss: 4.0880
Epoch 53/200
93/93 - 51s - 545ms/step - accuracy: 0.7247 - autoencoder_loss: 1.9742 - kl_loss: 0.9735 - loss: 3.3003 - reconstruction_loss: 1.0007 - vc_loss: 3.8687 - weighted_kl_loss: 0.9735
Epoch 54/200
93/93 - 52s - 557ms/step - accuracy: 0.7273 - autoencoder_loss: 3.7115 - kl_loss: 2.7124 - loss: 3.7153 - reconstruction_loss: 0.9992 - vc_loss: 3.7170 - weighted_kl_loss: 2.7124
Epoch 51/200
93/93 - 51s - 552ms/step - accuracy: 0.7146 - autoencoder_loss: 2.6678 - kl_loss: 1.6681 - loss: 4.0023 - reconstruction_loss: 0.9997 - vc_loss: 4.5742 - weighted_kl_loss: 1.6681
Epoch 55/200
93/93 - 51s - 551ms/step - accuracy: 0.7172 - autoencoder_loss: 4.9922 - kl_loss: 3.9949 - loss: 4.2894 - reconstruction_loss: 0.9973 - vc_loss: 3.9882 - weighted_kl_loss: 3.9949
Epoch 54/200
93/93 - 51s - 548ms/step - accuracy: 0.7247 - autoencoder_loss: 1.9841 - kl_loss: 0.9844 - loss: 3.8457 - reconstruction_loss: 0.9997 - vc_loss: 4.6436 - weighted_kl_loss: 0.9844
Epoch 55/200
93/93 - 52s - 554ms/step - accuracy: 0.7273 - autoencoder_loss: 3.6265 - kl_loss: 2.6283 - loss: 3.9033 - reconstruction_loss: 0.9982 - vc_loss: 4.0219 - weighted_kl_loss: 2.6283
Epoch 52/200
93/93 - 51s - 551ms/step - accuracy: 0.7146 - autoencoder_loss: 2.6423 - kl_loss: 1.6426 - loss: 4.2461 - reconstruction_loss: 0.9998 - vc_loss: 4.9335 - weighted_kl_loss: 1.6426
Epoch 56/200
93/93 - 52s - 561ms/step - accuracy: 0.7172 - autoencoder_loss: 4.8785 - kl_loss: 3.8815 - loss: 4.3516 - reconstruction_loss: 0.9970 - vc_loss: 4.1258 - weighted_kl_loss: 3.8815
Epoch 55/200
93/93 - 51s - 552ms/step - accuracy: 0.7247 - autoencoder_loss: 1.9334 - kl_loss: 0.9337 - loss: 3.7646 - reconstruction_loss: 0.9996 - vc_loss: 4.5495 - weighted_kl_loss: 0.9337
Epoch 56/200
93/93 - 52s - 559ms/step - accuracy: 0.7273 - autoencoder_loss: 3.5379 - kl_loss: 2.5392 - loss: 4.0150 - reconstruction_loss: 0.9987 - vc_loss: 4.2195 - weighted_kl_loss: 2.5392
Epoch 53/200
93/93 - 50s - 539ms/step - accuracy: 0.7146 - autoencoder_loss: 2.5872 - kl_loss: 1.5877 - loss: 4.7243 - reconstruction_loss: 0.9995 - vc_loss: 5.6402 - weighted_kl_loss: 1.5877
Epoch 57/200
93/93 - 51s - 550ms/step - accuracy: 0.7172 - autoencoder_loss: 4.7816 - kl_loss: 3.7821 - loss: 4.1505 - reconstruction_loss: 0.9995 - vc_loss: 3.8800 - weighted_kl_loss: 3.7821
Epoch 56/200
93/93 - 50s - 541ms/step - accuracy: 0.7247 - autoencoder_loss: 1.9929 - kl_loss: 0.9927 - loss: 3.9135 - reconstruction_loss: 1.0002 - vc_loss: 4.7366 - weighted_kl_loss: 0.9927
Epoch 57/200
93/93 - 52s - 556ms/step - accuracy: 0.7273 - autoencoder_loss: 3.4791 - kl_loss: 2.4812 - loss: 3.3590 - reconstruction_loss: 0.9980 - vc_loss: 3.3075 - weighted_kl_loss: 2.4812
Epoch 54/200
93/93 - 51s - 549ms/step - accuracy: 0.7146 - autoencoder_loss: 2.5448 - kl_loss: 1.5451 - loss: 4.0470 - reconstruction_loss: 0.9997 - vc_loss: 4.6908 - weighted_kl_loss: 1.5451
Epoch 58/200
93/93 - 52s - 555ms/step - accuracy: 0.7172 - autoencoder_loss: 4.6228 - kl_loss: 3.6245 - loss: 4.2918 - reconstruction_loss: 0.9983 - vc_loss: 4.1499 - weighted_kl_loss: 3.6245
Epoch 57/200
93/93 - 50s - 539ms/step - accuracy: 0.7247 - autoencoder_loss: 2.4035 - kl_loss: 1.4038 - loss: 5.6814 - reconstruction_loss: 0.9997 - vc_loss: 7.0863 - weighted_kl_loss: 1.4038
Epoch 58/200
93/93 - 53s - 565ms/step - accuracy: 0.7273 - autoencoder_loss: 3.3562 - kl_loss: 2.3576 - loss: 3.5740 - reconstruction_loss: 0.9986 - vc_loss: 3.6673 - weighted_kl_loss: 2.3576
Epoch 55/200
93/93 - 51s - 547ms/step - accuracy: 0.7146 - autoencoder_loss: 2.5099 - kl_loss: 1.5100 - loss: 3.6664 - reconstruction_loss: 0.9999 - vc_loss: 4.1620 - weighted_kl_loss: 1.5100
Epoch 59/200
93/93 - 52s - 558ms/step - accuracy: 0.7172 - autoencoder_loss: 4.5756 - kl_loss: 3.5771 - loss: 3.8211 - reconstruction_loss: 0.9985 - vc_loss: 3.4977 - weighted_kl_loss: 3.5771
Epoch 58/200
93/93 - 51s - 552ms/step - accuracy: 0.7247 - autoencoder_loss: 2.3456 - kl_loss: 1.3459 - loss: 4.1898 - reconstruction_loss: 0.9998 - vc_loss: 4.9802 - weighted_kl_loss: 1.3459
Epoch 59/200
93/93 - 51s - 551ms/step - accuracy: 0.7273 - autoencoder_loss: 3.2901 - kl_loss: 2.2917 - loss: 3.3403 - reconstruction_loss: 0.9984 - vc_loss: 3.3618 - weighted_kl_loss: 2.2917
Epoch 56/200
93/93 - 52s - 554ms/step - accuracy: 0.7146 - autoencoder_loss: 2.4885 - kl_loss: 1.4882 - loss: 4.5243 - reconstruction_loss: 1.0002 - vc_loss: 5.3969 - weighted_kl_loss: 1.4882
Epoch 60/200
93/93 - 52s - 557ms/step - accuracy: 0.7172 - autoencoder_loss: 4.4655 - kl_loss: 3.4671 - loss: 4.0113 - reconstruction_loss: 0.9984 - vc_loss: 3.8167 - weighted_kl_loss: 3.4671
Epoch 59/200
93/93 - 52s - 557ms/step - accuracy: 0.7247 - autoencoder_loss: 2.4493 - kl_loss: 1.4497 - loss: 4.1677 - reconstruction_loss: 0.9997 - vc_loss: 4.9042 - weighted_kl_loss: 1.4497
Epoch 60/200
93/93 - 53s - 566ms/step - accuracy: 0.7273 - autoencoder_loss: 3.2399 - kl_loss: 2.2398 - loss: 3.4080 - reconstruction_loss: 1.0001 - vc_loss: 3.4801 - weighted_kl_loss: 2.2398
Epoch 57/200
93/93 - 52s - 557ms/step - accuracy: 0.7146 - autoencoder_loss: 2.4519 - kl_loss: 1.4521 - loss: 3.9190 - reconstruction_loss: 0.9997 - vc_loss: 4.5478 - weighted_kl_loss: 1.4521
Epoch 61/200
93/93 - 52s - 563ms/step - accuracy: 0.7172 - autoencoder_loss: 4.4092 - kl_loss: 3.4111 - loss: 4.3152 - reconstruction_loss: 0.9980 - vc_loss: 4.2749 - weighted_kl_loss: 3.4111
Epoch 60/200
93/93 - 52s - 556ms/step - accuracy: 0.7247 - autoencoder_loss: 2.4006 - kl_loss: 1.4014 - loss: 3.2633 - reconstruction_loss: 0.9992 - vc_loss: 3.6330 - weighted_kl_loss: 1.4014
Epoch 61/200
93/93 - 53s - 568ms/step - accuracy: 0.7273 - autoencoder_loss: 3.1370 - kl_loss: 2.1362 - loss: 3.3674 - reconstruction_loss: 1.0008 - vc_loss: 3.4661 - weighted_kl_loss: 2.1362
Epoch 58/200
93/93 - 51s - 554ms/step - accuracy: 0.7146 - autoencoder_loss: 2.4599 - kl_loss: 1.4596 - loss: 4.0358 - reconstruction_loss: 1.0003 - vc_loss: 4.7112 - weighted_kl_loss: 1.4596
Epoch 62/200
93/93 - 51s - 553ms/step - accuracy: 0.7172 - autoencoder_loss: 4.2843 - kl_loss: 3.2868 - loss: 4.2682 - reconstruction_loss: 0.9975 - vc_loss: 4.2614 - weighted_kl_loss: 3.2868
Epoch 61/200
93/93 - 51s - 545ms/step - accuracy: 0.7247 - autoencoder_loss: 2.3415 - kl_loss: 1.3422 - loss: 3.8067 - reconstruction_loss: 0.9994 - vc_loss: 4.4347 - weighted_kl_loss: 1.3422
Epoch 62/200
93/93 - 52s - 556ms/step - accuracy: 0.7273 - autoencoder_loss: 3.1276 - kl_loss: 2.1280 - loss: 3.4165 - reconstruction_loss: 0.9996 - vc_loss: 3.5403 - weighted_kl_loss: 2.1280
Epoch 59/200
93/93 - 51s - 553ms/step - accuracy: 0.7146 - autoencoder_loss: 2.3842 - kl_loss: 1.3846 - loss: 3.2892 - reconstruction_loss: 0.9997 - vc_loss: 3.6771 - weighted_kl_loss: 1.3846
Epoch 63/200
93/93 - 50s - 540ms/step - accuracy: 0.7247 - autoencoder_loss: 2.3089 - kl_loss: 1.3092 - loss: 3.6659 - reconstruction_loss: 0.9997 - vc_loss: 4.2474 - weighted_kl_loss: 1.3092
Epoch 63/200
93/93 - 52s - 557ms/step - accuracy: 0.7172 - autoencoder_loss: 4.1794 - kl_loss: 3.1814 - loss: 3.8780 - reconstruction_loss: 0.9980 - vc_loss: 3.7488 - weighted_kl_loss: 3.1814
Epoch 62/200
93/93 - 52s - 554ms/step - accuracy: 0.7273 - autoencoder_loss: 3.0843 - kl_loss: 2.0844 - loss: 3.4441 - reconstruction_loss: 0.9999 - vc_loss: 3.5983 - weighted_kl_loss: 2.0844
Epoch 60/200
93/93 - 51s - 546ms/step - accuracy: 0.7146 - autoencoder_loss: 2.3476 - kl_loss: 1.3481 - loss: 3.8596 - reconstruction_loss: 0.9995 - vc_loss: 4.5077 - weighted_kl_loss: 1.3481
Epoch 64/200
93/93 - 50s - 537ms/step - accuracy: 0.7247 - autoencoder_loss: 2.2754 - kl_loss: 1.2740 - loss: 3.7456 - reconstruction_loss: 1.0014 - vc_loss: 4.3757 - weighted_kl_loss: 1.2740
Epoch 64/200
93/93 - 50s - 535ms/step - accuracy: 0.7172 - autoencoder_loss: 4.1092 - kl_loss: 3.1108 - loss: 3.7546 - reconstruction_loss: 0.9984 - vc_loss: 3.6026 - weighted_kl_loss: 3.1108
Epoch 63/200
93/93 - 51s - 543ms/step - accuracy: 0.7273 - autoencoder_loss: 3.0461 - kl_loss: 2.0442 - loss: 3.8694 - reconstruction_loss: 1.0019 - vc_loss: 4.2223 - weighted_kl_loss: 2.0442
Epoch 61/200
93/93 - 52s - 556ms/step - accuracy: 0.7146 - autoencoder_loss: 2.2911 - kl_loss: 1.2913 - loss: 3.3674 - reconstruction_loss: 0.9998 - vc_loss: 3.8287 - weighted_kl_loss: 1.2913
Epoch 65/200
93/93 - 51s - 551ms/step - accuracy: 0.7172 - autoencoder_loss: 3.9920 - kl_loss: 2.9931 - loss: 3.6575 - reconstruction_loss: 0.9989 - vc_loss: 3.5142 - weighted_kl_loss: 2.9931
Epoch 64/200
93/93 - 51s - 553ms/step - accuracy: 0.7247 - autoencoder_loss: 2.2244 - kl_loss: 1.2246 - loss: 3.4623 - reconstruction_loss: 0.9997 - vc_loss: 3.9929 - weighted_kl_loss: 1.2246
Epoch 65/200
93/93 - 52s - 564ms/step - accuracy: 0.7273 - autoencoder_loss: 2.9820 - kl_loss: 1.9826 - loss: 3.9977 - reconstruction_loss: 0.9995 - vc_loss: 4.4330 - weighted_kl_loss: 1.9826
Epoch 62/200
93/93 - 51s - 553ms/step - accuracy: 0.7146 - autoencoder_loss: 2.2325 - kl_loss: 1.2324 - loss: 3.4086 - reconstruction_loss: 1.0001 - vc_loss: 3.9126 - weighted_kl_loss: 1.2324
Epoch 66/200
93/93 - 51s - 552ms/step - accuracy: 0.7247 - autoencoder_loss: 2.1976 - kl_loss: 1.1985 - loss: 3.1515 - reconstruction_loss: 0.9991 - vc_loss: 3.5603 - weighted_kl_loss: 1.1985
Epoch 66/200
93/93 - 52s - 556ms/step - accuracy: 0.7172 - autoencoder_loss: 3.9218 - kl_loss: 2.9238 - loss: 3.9448 - reconstruction_loss: 0.9980 - vc_loss: 3.9547 - weighted_kl_loss: 2.9238
Epoch 65/200
93/93 - 53s - 565ms/step - accuracy: 0.7273 - autoencoder_loss: 2.9256 - kl_loss: 1.9247 - loss: 3.4182 - reconstruction_loss: 1.0009 - vc_loss: 3.6293 - weighted_kl_loss: 1.9247
Epoch 63/200
93/93 - 52s - 557ms/step - accuracy: 0.7146 - autoencoder_loss: 2.2152 - kl_loss: 1.2158 - loss: 4.3827 - reconstruction_loss: 0.9994 - vc_loss: 5.3117 - weighted_kl_loss: 1.2158
Epoch 67/200
93/93 - 52s - 562ms/step - accuracy: 0.7247 - autoencoder_loss: 2.1726 - kl_loss: 1.1733 - loss: 3.6690 - reconstruction_loss: 0.9993 - vc_loss: 4.3102 - weighted_kl_loss: 1.1733
Epoch 67/200
93/93 - 52s - 563ms/step - accuracy: 0.7172 - autoencoder_loss: 3.8109 - kl_loss: 2.8122 - loss: 3.6463 - reconstruction_loss: 0.9987 - vc_loss: 3.5758 - weighted_kl_loss: 2.8122
Epoch 66/200
93/93 - 53s - 567ms/step - accuracy: 0.7273 - autoencoder_loss: 2.8648 - kl_loss: 1.8651 - loss: 3.5318 - reconstruction_loss: 0.9996 - vc_loss: 3.8177 - weighted_kl_loss: 1.8651
Epoch 64/200
93/93 - 52s - 557ms/step - accuracy: 0.7146 - autoencoder_loss: 2.1461 - kl_loss: 1.1466 - loss: 3.4586 - reconstruction_loss: 0.9995 - vc_loss: 4.0210 - weighted_kl_loss: 1.1466
Epoch 68/200
93/93 - 51s - 545ms/step - accuracy: 0.7247 - autoencoder_loss: 2.1421 - kl_loss: 1.1409 - loss: 3.2173 - reconstruction_loss: 1.0012 - vc_loss: 3.6781 - weighted_kl_loss: 1.1409
Epoch 68/200
93/93 - 51s - 549ms/step - accuracy: 0.7172 - autoencoder_loss: 3.7314 - kl_loss: 2.7328 - loss: 3.8150 - reconstruction_loss: 0.9986 - vc_loss: 3.8508 - weighted_kl_loss: 2.7328
Epoch 67/200
93/93 - 52s - 560ms/step - accuracy: 0.7273 - autoencoder_loss: 2.8305 - kl_loss: 1.8269 - loss: 3.2120 - reconstruction_loss: 1.0036 - vc_loss: 3.3755 - weighted_kl_loss: 1.8269
Epoch 65/200
93/93 - 49s - 530ms/step - accuracy: 0.7146 - autoencoder_loss: 2.1288 - kl_loss: 1.1280 - loss: 3.3879 - reconstruction_loss: 1.0007 - vc_loss: 3.9276 - weighted_kl_loss: 1.1280
Epoch 69/200
93/93 - 50s - 537ms/step - accuracy: 0.7247 - autoencoder_loss: 2.1163 - kl_loss: 1.1165 - loss: 2.9348 - reconstruction_loss: 0.9998 - vc_loss: 3.2856 - weighted_kl_loss: 1.1165
Epoch 69/200
93/93 - 52s - 554ms/step - accuracy: 0.7172 - autoencoder_loss: 3.6663 - kl_loss: 2.6636 - loss: 3.3087 - reconstruction_loss: 1.0027 - vc_loss: 3.1554 - weighted_kl_loss: 2.6636
Epoch 68/200
93/93 - 50s - 539ms/step - accuracy: 0.7273 - autoencoder_loss: 2.7589 - kl_loss: 1.7596 - loss: 3.3816 - reconstruction_loss: 0.9993 - vc_loss: 3.6485 - weighted_kl_loss: 1.7596
Epoch 66/200
93/93 - 51s - 550ms/step - accuracy: 0.7146 - autoencoder_loss: 2.0973 - kl_loss: 1.0971 - loss: 3.7215 - reconstruction_loss: 1.0002 - vc_loss: 4.4175 - weighted_kl_loss: 1.0971
Epoch 70/200
93/93 - 52s - 554ms/step - accuracy: 0.7247 - autoencoder_loss: 2.1600 - kl_loss: 1.1605 - loss: 3.5818 - reconstruction_loss: 0.9995 - vc_loss: 4.1911 - weighted_kl_loss: 1.1605
Epoch 70/200
93/93 - 52s - 559ms/step - accuracy: 0.7172 - autoencoder_loss: 3.5431 - kl_loss: 2.5449 - loss: 3.3437 - reconstruction_loss: 0.9983 - vc_loss: 3.2583 - weighted_kl_loss: 2.5449
Epoch 69/200
93/93 - 53s - 566ms/step - accuracy: 0.7273 - autoencoder_loss: 2.7387 - kl_loss: 1.7382 - loss: 3.4835 - reconstruction_loss: 1.0005 - vc_loss: 3.8027 - weighted_kl_loss: 1.7382
Epoch 67/200
93/93 - 52s - 558ms/step - accuracy: 0.7146 - autoencoder_loss: 2.0720 - kl_loss: 1.0720 - loss: 3.9528 - reconstruction_loss: 1.0000 - vc_loss: 4.7588 - weighted_kl_loss: 1.0720
Epoch 71/200
93/93 - 51s - 553ms/step - accuracy: 0.7247 - autoencoder_loss: 2.1366 - kl_loss: 1.1369 - loss: 3.4436 - reconstruction_loss: 0.9998 - vc_loss: 4.0037 - weighted_kl_loss: 1.1369
Epoch 71/200
93/93 - 52s - 560ms/step - accuracy: 0.7172 - autoencoder_loss: 3.4587 - kl_loss: 2.4587 - loss: 3.8784 - reconstruction_loss: 1.0000 - vc_loss: 4.0583 - weighted_kl_loss: 2.4587
Epoch 70/200
93/93 - 52s - 560ms/step - accuracy: 0.7273 - autoencoder_loss: 2.7162 - kl_loss: 1.7172 - loss: 3.2333 - reconstruction_loss: 0.9990 - vc_loss: 3.4549 - weighted_kl_loss: 1.7172
Epoch 68/200
93/93 - 52s - 558ms/step - accuracy: 0.7146 - autoencoder_loss: 2.0316 - kl_loss: 1.0311 - loss: 3.0816 - reconstruction_loss: 1.0005 - vc_loss: 3.5316 - weighted_kl_loss: 1.0311
Epoch 72/200
93/93 - 52s - 558ms/step - accuracy: 0.7247 - autoencoder_loss: 2.1063 - kl_loss: 1.1068 - loss: 3.7247 - reconstruction_loss: 0.9995 - vc_loss: 4.4183 - weighted_kl_loss: 1.1068
Epoch 72/200
93/93 - 52s - 563ms/step - accuracy: 0.7172 - autoencoder_loss: 3.4614 - kl_loss: 2.4613 - loss: 3.9667 - reconstruction_loss: 1.0001 - vc_loss: 4.1833 - weighted_kl_loss: 2.4613
Epoch 71/200
93/93 - 52s - 559ms/step - accuracy: 0.7273 - autoencoder_loss: 2.7044 - kl_loss: 1.7048 - loss: 3.4969 - reconstruction_loss: 0.9997 - vc_loss: 3.8366 - weighted_kl_loss: 1.7048
Epoch 69/200
93/93 - 50s - 537ms/step - accuracy: 0.7146 - autoencoder_loss: 2.0016 - kl_loss: 1.0006 - loss: 3.4574 - reconstruction_loss: 1.0010 - vc_loss: 4.0813 - weighted_kl_loss: 1.0006
Epoch 73/200
93/93 - 50s - 539ms/step - accuracy: 0.7247 - autoencoder_loss: 2.1037 - kl_loss: 1.1028 - loss: 3.3005 - reconstruction_loss: 1.0009 - vc_loss: 3.8134 - weighted_kl_loss: 1.1028
Epoch 73/200
93/93 - 52s - 558ms/step - accuracy: 0.7172 - autoencoder_loss: 3.4275 - kl_loss: 2.4287 - loss: 4.1305 - reconstruction_loss: 0.9987 - vc_loss: 4.4318 - weighted_kl_loss: 2.4287
Epoch 72/200
93/93 - 52s - 555ms/step - accuracy: 0.7273 - autoencoder_loss: 2.6567 - kl_loss: 1.6569 - loss: 3.5240 - reconstruction_loss: 0.9998 - vc_loss: 3.8957 - weighted_kl_loss: 1.6569
Epoch 70/200
93/93 - 51s - 554ms/step - accuracy: 0.7146 - autoencoder_loss: 1.9851 - kl_loss: 0.9838 - loss: 3.3082 - reconstruction_loss: 1.0013 - vc_loss: 3.8752 - weighted_kl_loss: 0.9838
Epoch 74/200
93/93 - 51s - 548ms/step - accuracy: 0.7247 - autoencoder_loss: 2.0518 - kl_loss: 1.0515 - loss: 4.3371 - reconstruction_loss: 1.0003 - vc_loss: 5.3165 - weighted_kl_loss: 1.0515
Epoch 74/200
93/93 - 52s - 555ms/step - accuracy: 0.7172 - autoencoder_loss: 3.4232 - kl_loss: 2.4242 - loss: 4.3013 - reconstruction_loss: 0.9989 - vc_loss: 4.6777 - weighted_kl_loss: 2.4242
Epoch 73/200
93/93 - 52s - 556ms/step - accuracy: 0.7273 - autoencoder_loss: 2.6082 - kl_loss: 1.6083 - loss: 3.2173 - reconstruction_loss: 1.0000 - vc_loss: 3.4784 - weighted_kl_loss: 1.6083
Epoch 71/200
93/93 - 50s - 540ms/step - accuracy: 0.7146 - autoencoder_loss: 1.9664 - kl_loss: 0.9670 - loss: 3.1516 - reconstruction_loss: 0.9994 - vc_loss: 3.6595 - weighted_kl_loss: 0.9670
Epoch 75/200
93/93 - 50s - 537ms/step - accuracy: 0.7247 - autoencoder_loss: 2.0101 - kl_loss: 1.0107 - loss: 2.7881 - reconstruction_loss: 0.9993 - vc_loss: 3.1216 - weighted_kl_loss: 1.0107
Epoch 75/200
93/93 - 52s - 559ms/step - accuracy: 0.7172 - autoencoder_loss: 3.3769 - kl_loss: 2.3785 - loss: 3.6490 - reconstruction_loss: 0.9984 - vc_loss: 3.7656 - weighted_kl_loss: 2.3785
Epoch 74/200
93/93 - 52s - 556ms/step - accuracy: 0.7273 - autoencoder_loss: 2.5654 - kl_loss: 1.5646 - loss: 3.6628 - reconstruction_loss: 1.0009 - vc_loss: 4.1331 - weighted_kl_loss: 1.5646
Epoch 72/200
93/93 - 52s - 557ms/step - accuracy: 0.7146 - autoencoder_loss: 1.9129 - kl_loss: 0.9137 - loss: 3.2782 - reconstruction_loss: 0.9992 - vc_loss: 3.8634 - weighted_kl_loss: 0.9137
Epoch 76/200
93/93 - 52s - 556ms/step - accuracy: 0.7247 - autoencoder_loss: 1.9822 - kl_loss: 0.9832 - loss: 3.3698 - reconstruction_loss: 0.9990 - vc_loss: 3.9645 - weighted_kl_loss: 0.9832
Epoch 76/200
93/93 - 52s - 557ms/step - accuracy: 0.7172 - autoencoder_loss: 3.3983 - kl_loss: 2.3991 - loss: 3.6064 - reconstruction_loss: 0.9992 - vc_loss: 3.6955 - weighted_kl_loss: 2.3991
Epoch 75/200
93/93 - 52s - 554ms/step - accuracy: 0.7273 - autoencoder_loss: 2.5167 - kl_loss: 1.5157 - loss: 3.4510 - reconstruction_loss: 1.0011 - vc_loss: 3.8514 - weighted_kl_loss: 1.5157
Epoch 73/200
93/93 - 51s - 550ms/step - accuracy: 0.7146 - autoencoder_loss: 1.8630 - kl_loss: 0.8625 - loss: 3.2651 - reconstruction_loss: 1.0006 - vc_loss: 3.8660 - weighted_kl_loss: 0.8625
Epoch 77/200
93/93 - 50s - 540ms/step - accuracy: 0.7247 - autoencoder_loss: 2.0992 - kl_loss: 1.0993 - loss: 3.4885 - reconstruction_loss: 0.9999 - vc_loss: 4.0840 - weighted_kl_loss: 1.0993
Epoch 77/200
93/93 - 52s - 559ms/step - accuracy: 0.7172 - autoencoder_loss: 3.3221 - kl_loss: 2.3229 - loss: 3.5117 - reconstruction_loss: 0.9992 - vc_loss: 3.5929 - weighted_kl_loss: 2.3229
Epoch 76/200
93/93 - 53s - 566ms/step - accuracy: 0.7273 - autoencoder_loss: 2.4767 - kl_loss: 1.4774 - loss: 3.1382 - reconstruction_loss: 0.9993 - vc_loss: 3.4217 - weighted_kl_loss: 1.4774
Epoch 74/200
93/93 - 52s - 555ms/step - accuracy: 0.7146 - autoencoder_loss: 1.8440 - kl_loss: 0.8431 - loss: 3.2686 - reconstruction_loss: 1.0009 - vc_loss: 3.8791 - weighted_kl_loss: 0.8431
Epoch 78/200
93/93 - 52s - 556ms/step - accuracy: 0.7247 - autoencoder_loss: 2.2195 - kl_loss: 1.2202 - loss: 4.9539 - reconstruction_loss: 0.9993 - vc_loss: 6.1258 - weighted_kl_loss: 1.2202
Epoch 78/200
93/93 - 52s - 558ms/step - accuracy: 0.7172 - autoencoder_loss: 3.1846 - kl_loss: 2.1858 - loss: 3.6733 - reconstruction_loss: 0.9987 - vc_loss: 3.8827 - weighted_kl_loss: 2.1858
Epoch 77/200
93/93 - 52s - 557ms/step - accuracy: 0.7273 - autoencoder_loss: 2.4201 - kl_loss: 1.4194 - loss: 2.9487 - reconstruction_loss: 1.0007 - vc_loss: 3.1753 - weighted_kl_loss: 1.4194
Epoch 75/200
93/93 - 51s - 551ms/step - accuracy: 0.7146 - autoencoder_loss: 1.8218 - kl_loss: 0.8224 - loss: 3.6754 - reconstruction_loss: 0.9994 - vc_loss: 4.4698 - weighted_kl_loss: 0.8224
Epoch 79/200
93/93 - 51s - 552ms/step - accuracy: 0.7247 - autoencoder_loss: 2.1871 - kl_loss: 1.1878 - loss: 5.1569 - reconstruction_loss: 0.9993 - vc_loss: 6.4297 - weighted_kl_loss: 1.1878
Epoch 79/200
93/93 - 51s - 543ms/step - accuracy: 0.7172 - autoencoder_loss: 3.0851 - kl_loss: 2.0862 - loss: 3.2949 - reconstruction_loss: 0.9989 - vc_loss: 3.3847 - weighted_kl_loss: 2.0862
Epoch 78/200
93/93 - 50s - 542ms/step - accuracy: 0.7273 - autoencoder_loss: 2.3864 - kl_loss: 1.3862 - loss: 3.5608 - reconstruction_loss: 1.0001 - vc_loss: 4.0641 - weighted_kl_loss: 1.3862
Epoch 76/200
93/93 - 49s - 526ms/step - accuracy: 0.7146 - autoencoder_loss: 1.7949 - kl_loss: 0.7955 - loss: 3.0613 - reconstruction_loss: 0.9993 - vc_loss: 3.6041 - weighted_kl_loss: 0.7955
Epoch 80/200
93/93 - 50s - 540ms/step - accuracy: 0.7247 - autoencoder_loss: 2.1263 - kl_loss: 1.1265 - loss: 4.9987 - reconstruction_loss: 0.9998 - vc_loss: 6.2297 - weighted_kl_loss: 1.1265
Epoch 80/200
93/93 - 51s - 548ms/step - accuracy: 0.7172 - autoencoder_loss: 3.0046 - kl_loss: 2.0058 - loss: 3.1141 - reconstruction_loss: 0.9988 - vc_loss: 3.1610 - weighted_kl_loss: 2.0058
Epoch 79/200
93/93 - 53s - 567ms/step - accuracy: 0.7273 - autoencoder_loss: 2.3358 - kl_loss: 1.3346 - loss: 3.2096 - reconstruction_loss: 1.0011 - vc_loss: 3.5842 - weighted_kl_loss: 1.3346
Epoch 77/200
93/93 - 51s - 553ms/step - accuracy: 0.7146 - autoencoder_loss: 1.7655 - kl_loss: 0.7628 - loss: 3.3742 - reconstruction_loss: 1.0027 - vc_loss: 4.0637 - weighted_kl_loss: 0.7628
Epoch 81/200
93/93 - 51s - 548ms/step - accuracy: 0.7247 - autoencoder_loss: 2.0453 - kl_loss: 1.0458 - loss: 3.6797 - reconstruction_loss: 0.9996 - vc_loss: 4.3801 - weighted_kl_loss: 1.0458
Epoch 81/200
93/93 - 51s - 553ms/step - accuracy: 0.7172 - autoencoder_loss: 2.9438 - kl_loss: 1.9441 - loss: 3.5425 - reconstruction_loss: 0.9997 - vc_loss: 3.7990 - weighted_kl_loss: 1.9441
Epoch 80/200
93/93 - 51s - 550ms/step - accuracy: 0.7273 - autoencoder_loss: 2.2966 - kl_loss: 1.2968 - loss: 3.3101 - reconstruction_loss: 0.9998 - vc_loss: 3.7445 - weighted_kl_loss: 1.2968
Epoch 78/200
93/93 - 50s - 533ms/step - accuracy: 0.7146 - autoencoder_loss: 1.7310 - kl_loss: 0.7313 - loss: 3.1010 - reconstruction_loss: 0.9997 - vc_loss: 3.6881 - weighted_kl_loss: 0.7313
Epoch 82/200
93/93 - 51s - 547ms/step - accuracy: 0.7247 - autoencoder_loss: 2.0119 - kl_loss: 1.0124 - loss: 3.6172 - reconstruction_loss: 0.9995 - vc_loss: 4.3052 - weighted_kl_loss: 1.0124
Epoch 82/200
93/93 - 51s - 550ms/step - accuracy: 0.7172 - autoencoder_loss: 2.9159 - kl_loss: 1.9159 - loss: 3.4499 - reconstruction_loss: 1.0000 - vc_loss: 3.6787 - weighted_kl_loss: 1.9159
Epoch 81/200
93/93 - 52s - 557ms/step - accuracy: 0.7273 - autoencoder_loss: 2.3552 - kl_loss: 1.3547 - loss: 3.7956 - reconstruction_loss: 1.0005 - vc_loss: 4.4130 - weighted_kl_loss: 1.3547
Epoch 79/200
93/93 - 51s - 554ms/step - accuracy: 0.7146 - autoencoder_loss: 1.7152 - kl_loss: 0.7153 - loss: 3.4151 - reconstruction_loss: 0.9999 - vc_loss: 4.1436 - weighted_kl_loss: 0.7153
Epoch 83/200
93/93 - 52s - 560ms/step - accuracy: 0.7247 - autoencoder_loss: 2.1169 - kl_loss: 1.1171 - loss: 6.2354 - reconstruction_loss: 0.9999 - vc_loss: 8.0004 - weighted_kl_loss: 1.1171
Epoch 83/200
93/93 - 52s - 560ms/step - accuracy: 0.7172 - autoencoder_loss: 2.8540 - kl_loss: 1.8551 - loss: 3.5357 - reconstruction_loss: 0.9989 - vc_loss: 3.8278 - weighted_kl_loss: 1.8551
Epoch 82/200
93/93 - 51s - 546ms/step - accuracy: 0.7273 - autoencoder_loss: 2.3344 - kl_loss: 1.3345 - loss: 3.4929 - reconstruction_loss: 0.9999 - vc_loss: 3.9894 - weighted_kl_loss: 1.3345
Epoch 80/200
93/93 - 50s - 535ms/step - accuracy: 0.7146 - autoencoder_loss: 1.7048 - kl_loss: 0.7027 - loss: 3.4369 - reconstruction_loss: 1.0021 - vc_loss: 4.1792 - weighted_kl_loss: 0.7027
Epoch 84/200
93/93 - 51s - 551ms/step - accuracy: 0.7247 - autoencoder_loss: 2.2361 - kl_loss: 1.2364 - loss: 7.4467 - reconstruction_loss: 0.9997 - vc_loss: 9.6799 - weighted_kl_loss: 1.2364
Epoch 84/200
93/93 - 51s - 554ms/step - accuracy: 0.7172 - autoencoder_loss: 2.7953 - kl_loss: 1.7957 - loss: 3.1632 - reconstruction_loss: 0.9995 - vc_loss: 3.3209 - weighted_kl_loss: 1.7957
Epoch 83/200
93/93 - 52s - 559ms/step - accuracy: 0.7273 - autoencoder_loss: 2.2621 - kl_loss: 1.2625 - loss: 3.3540 - reconstruction_loss: 0.9996 - vc_loss: 3.8219 - weighted_kl_loss: 1.2625
Epoch 81/200
93/93 - 51s - 549ms/step - accuracy: 0.7146 - autoencoder_loss: 1.6625 - kl_loss: 0.6620 - loss: 3.6439 - reconstruction_loss: 1.0005 - vc_loss: 4.4930 - weighted_kl_loss: 0.6620
Epoch 85/200
93/93 - 51s - 545ms/step - accuracy: 0.7247 - autoencoder_loss: 2.1115 - kl_loss: 1.1118 - loss: 4.8343 - reconstruction_loss: 0.9996 - vc_loss: 6.0012 - weighted_kl_loss: 1.1118
Epoch 85/200
93/93 - 51s - 546ms/step - accuracy: 0.7172 - autoencoder_loss: 2.7650 - kl_loss: 1.7654 - loss: 3.2793 - reconstruction_loss: 0.9997 - vc_loss: 3.4997 - weighted_kl_loss: 1.7654
Epoch 84/200
93/93 - 51s - 552ms/step - accuracy: 0.7273 - autoencoder_loss: 2.1888 - kl_loss: 1.1892 - loss: 2.7551 - reconstruction_loss: 0.9996 - vc_loss: 2.9979 - weighted_kl_loss: 1.1892
Epoch 82/200
93/93 - 50s - 540ms/step - accuracy: 0.7146 - autoencoder_loss: 1.6451 - kl_loss: 0.6451 - loss: 3.0003 - reconstruction_loss: 1.0000 - vc_loss: 3.5811 - weighted_kl_loss: 0.6451
Epoch 86/200
93/93 - 51s - 548ms/step - accuracy: 0.7247 - autoencoder_loss: 2.0664 - kl_loss: 1.0667 - loss: 4.1094 - reconstruction_loss: 0.9997 - vc_loss: 4.9850 - weighted_kl_loss: 1.0667
Epoch 86/200
93/93 - 51s - 551ms/step - accuracy: 0.7172 - autoencoder_loss: 2.7136 - kl_loss: 1.7145 - loss: 3.4820 - reconstruction_loss: 0.9991 - vc_loss: 3.8113 - weighted_kl_loss: 1.7145
Epoch 85/200
93/93 - 51s - 550ms/step - accuracy: 0.7273 - autoencoder_loss: 2.1644 - kl_loss: 1.1654 - loss: 2.6492 - reconstruction_loss: 0.9990 - vc_loss: 2.8570 - weighted_kl_loss: 1.1654
Epoch 83/200
93/93 - 51s - 551ms/step - accuracy: 0.7146 - autoencoder_loss: 1.6121 - kl_loss: 0.6126 - loss: 3.3047 - reconstruction_loss: 0.9996 - vc_loss: 4.0301 - weighted_kl_loss: 0.6126
Epoch 87/200
93/93 - 51s - 548ms/step - accuracy: 0.7247 - autoencoder_loss: 1.9477 - kl_loss: 0.9487 - loss: 3.9866 - reconstruction_loss: 0.9990 - vc_loss: 4.8604 - weighted_kl_loss: 0.9487
Epoch 87/200
93/93 - 51s - 549ms/step - accuracy: 0.7172 - autoencoder_loss: 2.6394 - kl_loss: 1.6400 - loss: 3.5672 - reconstruction_loss: 0.9994 - vc_loss: 3.9648 - weighted_kl_loss: 1.6400
Epoch 86/200
93/93 - 51s - 552ms/step - accuracy: 0.7273 - autoencoder_loss: 2.1534 - kl_loss: 1.1536 - loss: 2.9997 - reconstruction_loss: 0.9997 - vc_loss: 3.3625 - weighted_kl_loss: 1.1536
Epoch 84/200
93/93 - 49s - 522ms/step - accuracy: 0.7146 - autoencoder_loss: 1.6020 - kl_loss: 0.6027 - loss: 2.9602 - reconstruction_loss: 0.9993 - vc_loss: 3.5422 - weighted_kl_loss: 0.6027
Epoch 88/200
93/93 - 51s - 550ms/step - accuracy: 0.7247 - autoencoder_loss: 1.8202 - kl_loss: 0.8211 - loss: 3.6249 - reconstruction_loss: 0.9991 - vc_loss: 4.3983 - weighted_kl_loss: 0.8211
Epoch 88/200
93/93 - 52s - 556ms/step - accuracy: 0.7172 - autoencoder_loss: 2.6692 - kl_loss: 1.6688 - loss: 3.2714 - reconstruction_loss: 1.0004 - vc_loss: 3.5295 - weighted_kl_loss: 1.6688
Epoch 87/200
93/93 - 52s - 560ms/step - accuracy: 0.7273 - autoencoder_loss: 2.1175 - kl_loss: 1.1172 - loss: 3.3497 - reconstruction_loss: 1.0003 - vc_loss: 3.8778 - weighted_kl_loss: 1.1172
Epoch 85/200
93/93 - 51s - 548ms/step - accuracy: 0.7146 - autoencoder_loss: 1.6175 - kl_loss: 0.6182 - loss: 3.0054 - reconstruction_loss: 0.9993 - vc_loss: 3.6002 - weighted_kl_loss: 0.6182
Epoch 89/200
93/93 - 52s - 558ms/step - accuracy: 0.7247 - autoencoder_loss: 1.6791 - kl_loss: 0.6800 - loss: 3.1009 - reconstruction_loss: 0.9991 - vc_loss: 3.7102 - weighted_kl_loss: 0.6800
Epoch 89/200
93/93 - 52s - 555ms/step - accuracy: 0.7172 - autoencoder_loss: 2.7044 - kl_loss: 1.7041 - loss: 3.9924 - reconstruction_loss: 1.0003 - vc_loss: 4.5443 - weighted_kl_loss: 1.7041
Epoch 88/200
93/93 - 52s - 555ms/step - accuracy: 0.7273 - autoencoder_loss: 2.0808 - kl_loss: 1.0810 - loss: 3.5273 - reconstruction_loss: 0.9999 - vc_loss: 4.1471 - weighted_kl_loss: 1.0810
Epoch 86/200
93/93 - 51s - 544ms/step - accuracy: 0.7146 - autoencoder_loss: 1.6270 - kl_loss: 0.6270 - loss: 2.6649 - reconstruction_loss: 1.0000 - vc_loss: 3.1097 - weighted_kl_loss: 0.6270
Epoch 90/200
93/93 - 50s - 539ms/step - accuracy: 0.7247 - autoencoder_loss: 1.6352 - kl_loss: 0.6347 - loss: 3.2410 - reconstruction_loss: 1.0004 - vc_loss: 3.9293 - weighted_kl_loss: 0.6347
Epoch 90/200
93/93 - 51s - 552ms/step - accuracy: 0.7172 - autoencoder_loss: 2.7979 - kl_loss: 1.7985 - loss: 3.5754 - reconstruction_loss: 0.9994 - vc_loss: 3.9087 - weighted_kl_loss: 1.7985
Epoch 89/200
93/93 - 51s - 552ms/step - accuracy: 0.7273 - autoencoder_loss: 2.0096 - kl_loss: 1.0107 - loss: 2.8841 - reconstruction_loss: 0.9990 - vc_loss: 3.2589 - weighted_kl_loss: 1.0107
Epoch 87/200
93/93 - 50s - 543ms/step - accuracy: 0.7146 - autoencoder_loss: 1.5928 - kl_loss: 0.5929 - loss: 2.9200 - reconstruction_loss: 0.9999 - vc_loss: 3.4888 - weighted_kl_loss: 0.5929
Epoch 91/200
93/93 - 51s - 545ms/step - accuracy: 0.7247 - autoencoder_loss: 1.6299 - kl_loss: 0.6305 - loss: 3.3842 - reconstruction_loss: 0.9994 - vc_loss: 4.1361 - weighted_kl_loss: 0.6305
Epoch 91/200
93/93 - 52s - 557ms/step - accuracy: 0.7172 - autoencoder_loss: 2.7374 - kl_loss: 1.7378 - loss: 3.6723 - reconstruction_loss: 0.9996 - vc_loss: 4.0730 - weighted_kl_loss: 1.7378
Epoch 90/200
93/93 - 53s - 565ms/step - accuracy: 0.7273 - autoencoder_loss: 1.9869 - kl_loss: 0.9877 - loss: 2.6998 - reconstruction_loss: 0.9992 - vc_loss: 3.0053 - weighted_kl_loss: 0.9877
Epoch 88/200
93/93 - 52s - 554ms/step - accuracy: 0.7146 - autoencoder_loss: 1.5647 - kl_loss: 0.5652 - loss: 3.1899 - reconstruction_loss: 0.9995 - vc_loss: 3.8864 - weighted_kl_loss: 0.5652
Epoch 92/200
93/93 - 52s - 556ms/step - accuracy: 0.7247 - autoencoder_loss: 1.6246 - kl_loss: 0.6255 - loss: 3.5050 - reconstruction_loss: 0.9991 - vc_loss: 4.3108 - weighted_kl_loss: 0.6255
Epoch 92/200
93/93 - 52s - 561ms/step - accuracy: 0.7172 - autoencoder_loss: 2.6910 - kl_loss: 1.6916 - loss: 3.5971 - reconstruction_loss: 0.9995 - vc_loss: 3.9854 - weighted_kl_loss: 1.6916
Epoch 91/200
93/93 - 51s - 553ms/step - accuracy: 0.7273 - autoencoder_loss: 1.9609 - kl_loss: 0.9605 - loss: 2.9093 - reconstruction_loss: 1.0004 - vc_loss: 3.3158 - weighted_kl_loss: 0.9605
Epoch 89/200
93/93 - 51s - 547ms/step - accuracy: 0.7146 - autoencoder_loss: 1.5367 - kl_loss: 0.5367 - loss: 3.2337 - reconstruction_loss: 1.0000 - vc_loss: 3.9610 - weighted_kl_loss: 0.5367
Epoch 93/200
93/93 - 50s - 543ms/step - accuracy: 0.7247 - autoencoder_loss: 1.6155 - kl_loss: 0.6160 - loss: 3.2252 - reconstruction_loss: 0.9995 - vc_loss: 3.9150 - weighted_kl_loss: 0.6160
Epoch 93/200
93/93 - 51s - 554ms/step - accuracy: 0.7172 - autoencoder_loss: 2.6557 - kl_loss: 1.6563 - loss: 3.3621 - reconstruction_loss: 0.9994 - vc_loss: 3.6648 - weighted_kl_loss: 1.6563
Epoch 92/200
93/93 - 50s - 533ms/step - accuracy: 0.7273 - autoencoder_loss: 1.9189 - kl_loss: 0.9195 - loss: 2.9667 - reconstruction_loss: 0.9994 - vc_loss: 3.4157 - weighted_kl_loss: 0.9195
Epoch 90/200
93/93 - 51s - 545ms/step - accuracy: 0.7146 - autoencoder_loss: 1.5009 - kl_loss: 0.5017 - loss: 3.0178 - reconstruction_loss: 0.9992 - vc_loss: 3.6679 - weighted_kl_loss: 0.5017
Epoch 94/200
93/93 - 49s - 525ms/step - accuracy: 0.7247 - autoencoder_loss: 1.5928 - kl_loss: 0.5933 - loss: 3.0243 - reconstruction_loss: 0.9995 - vc_loss: 3.6378 - weighted_kl_loss: 0.5933
Epoch 94/200
93/93 - 50s - 542ms/step - accuracy: 0.7172 - autoencoder_loss: 2.6097 - kl_loss: 1.6106 - loss: 3.7142 - reconstruction_loss: 0.9991 - vc_loss: 4.1875 - weighted_kl_loss: 1.6106
Epoch 93/200
93/93 - 52s - 560ms/step - accuracy: 0.7273 - autoencoder_loss: 1.9064 - kl_loss: 0.9026 - loss: 3.0571 - reconstruction_loss: 1.0038 - vc_loss: 3.5503 - weighted_kl_loss: 0.9026
Epoch 91/200
93/93 - 52s - 555ms/step - accuracy: 0.7146 - autoencoder_loss: 1.4954 - kl_loss: 0.4945 - loss: 2.8613 - reconstruction_loss: 1.0009 - vc_loss: 3.4467 - weighted_kl_loss: 0.4945
Epoch 95/200
93/93 - 51s - 551ms/step - accuracy: 0.7247 - autoencoder_loss: 1.5594 - kl_loss: 0.5598 - loss: 3.5719 - reconstruction_loss: 0.9996 - vc_loss: 4.4344 - weighted_kl_loss: 0.5598
Epoch 95/200
93/93 - 52s - 557ms/step - accuracy: 0.7172 - autoencoder_loss: 2.5917 - kl_loss: 1.5911 - loss: 3.1733 - reconstruction_loss: 1.0005 - vc_loss: 3.4226 - weighted_kl_loss: 1.5911
Epoch 94/200
93/93 - 51s - 545ms/step - accuracy: 0.7273 - autoencoder_loss: 1.8818 - kl_loss: 0.8824 - loss: 3.2420 - reconstruction_loss: 0.9994 - vc_loss: 3.8250 - weighted_kl_loss: 0.8824
Epoch 92/200
93/93 - 51s - 548ms/step - accuracy: 0.7146 - autoencoder_loss: 1.4684 - kl_loss: 0.4690 - loss: 3.5870 - reconstruction_loss: 0.9993 - vc_loss: 4.4950 - weighted_kl_loss: 0.4690
Epoch 96/200
93/93 - 51s - 548ms/step - accuracy: 0.7247 - autoencoder_loss: 1.5391 - kl_loss: 0.5393 - loss: 3.6201 - reconstruction_loss: 0.9998 - vc_loss: 4.5120 - weighted_kl_loss: 0.5393
Epoch 96/200
93/93 - 52s - 559ms/step - accuracy: 0.7172 - autoencoder_loss: 2.5510 - kl_loss: 1.5513 - loss: 3.3370 - reconstruction_loss: 0.9997 - vc_loss: 3.6739 - weighted_kl_loss: 1.5513
Epoch 95/200
93/93 - 53s - 568ms/step - accuracy: 0.7273 - autoencoder_loss: 1.8384 - kl_loss: 0.8386 - loss: 2.6337 - reconstruction_loss: 0.9998 - vc_loss: 2.9745 - weighted_kl_loss: 0.8386
Epoch 93/200
93/93 - 52s - 558ms/step - accuracy: 0.7146 - autoencoder_loss: 1.4820 - kl_loss: 0.4810 - loss: 4.3506 - reconstruction_loss: 1.0010 - vc_loss: 5.5799 - weighted_kl_loss: 0.4810
Epoch 97/200
93/93 - 51s - 551ms/step - accuracy: 0.7247 - autoencoder_loss: 1.5376 - kl_loss: 0.5378 - loss: 3.2738 - reconstruction_loss: 0.9998 - vc_loss: 4.0179 - weighted_kl_loss: 0.5378
Epoch 97/200
93/93 - 51s - 552ms/step - accuracy: 0.7172 - autoencoder_loss: 2.5318 - kl_loss: 1.5326 - loss: 3.4510 - reconstruction_loss: 0.9992 - vc_loss: 3.8449 - weighted_kl_loss: 1.5326
Epoch 96/200
93/93 - 52s - 557ms/step - accuracy: 0.7273 - autoencoder_loss: 1.8012 - kl_loss: 0.8006 - loss: 2.8667 - reconstruction_loss: 1.0006 - vc_loss: 3.3233 - weighted_kl_loss: 0.8006
Epoch 94/200
93/93 - 51s - 544ms/step - accuracy: 0.7146 - autoencoder_loss: 1.5765 - kl_loss: 0.5774 - loss: 5.2446 - reconstruction_loss: 0.9991 - vc_loss: 6.8166 - weighted_kl_loss: 0.5774
Epoch 98/200
93/93 - 49s - 532ms/step - accuracy: 0.7247 - autoencoder_loss: 1.5246 - kl_loss: 0.5252 - loss: 2.8860 - reconstruction_loss: 0.9995 - vc_loss: 3.4694 - weighted_kl_loss: 0.5252
Epoch 98/200
93/93 - 52s - 555ms/step - accuracy: 0.7172 - autoencoder_loss: 2.5119 - kl_loss: 1.5104 - loss: 3.2766 - reconstruction_loss: 1.0015 - vc_loss: 3.6043 - weighted_kl_loss: 1.5104
Epoch 97/200
93/93 - 52s - 557ms/step - accuracy: 0.7273 - autoencoder_loss: 1.7745 - kl_loss: 0.7749 - loss: 3.1900 - reconstruction_loss: 0.9996 - vc_loss: 3.7967 - weighted_kl_loss: 0.7749
Epoch 95/200
93/93 - 50s - 540ms/step - accuracy: 0.7146 - autoencoder_loss: 1.5765 - kl_loss: 0.5768 - loss: 3.2667 - reconstruction_loss: 0.9997 - vc_loss: 3.9911 - weighted_kl_loss: 0.5768
Epoch 99/200
93/93 - 50s - 538ms/step - accuracy: 0.7247 - autoencoder_loss: 1.5887 - kl_loss: 0.5894 - loss: 3.2400 - reconstruction_loss: 0.9993 - vc_loss: 3.9477 - weighted_kl_loss: 0.5894
Epoch 99/200
93/93 - 50s - 539ms/step - accuracy: 0.7172 - autoencoder_loss: 2.4670 - kl_loss: 1.4674 - loss: 3.0393 - reconstruction_loss: 0.9996 - vc_loss: 3.2846 - weighted_kl_loss: 1.4674
Epoch 98/200
93/93 - 51s - 552ms/step - accuracy: 0.7273 - autoencoder_loss: 1.7527 - kl_loss: 0.7531 - loss: 3.1611 - reconstruction_loss: 0.9996 - vc_loss: 3.7648 - weighted_kl_loss: 0.7531
Epoch 96/200
93/93 - 51s - 552ms/step - accuracy: 0.7146 - autoencoder_loss: 1.6951 - kl_loss: 0.6952 - loss: 3.1620 - reconstruction_loss: 0.9999 - vc_loss: 3.7907 - weighted_kl_loss: 0.6952
Epoch 100/200
93/93 - 50s - 537ms/step - accuracy: 0.7247 - autoencoder_loss: 1.6018 - kl_loss: 0.5999 - loss: 3.1421 - reconstruction_loss: 1.0019 - vc_loss: 3.8022 - weighted_kl_loss: 0.5999
Epoch 100/200
93/93 - 52s - 558ms/step - accuracy: 0.7172 - autoencoder_loss: 2.4187 - kl_loss: 1.4191 - loss: 3.0125 - reconstruction_loss: 0.9996 - vc_loss: 3.2670 - weighted_kl_loss: 1.4191
Epoch 99/200
93/93 - 52s - 559ms/step - accuracy: 0.7273 - autoencoder_loss: 1.7110 - kl_loss: 0.7112 - loss: 2.1648 - reconstruction_loss: 0.9998 - vc_loss: 2.3592 - weighted_kl_loss: 0.7112
Epoch 97/200
93/93 - 52s - 556ms/step - accuracy: 0.7146 - autoencoder_loss: 1.6543 - kl_loss: 0.6513 - loss: 2.7325 - reconstruction_loss: 1.0030 - vc_loss: 3.1946 - weighted_kl_loss: 0.6513
Epoch 101/200
93/93 - 51s - 546ms/step - accuracy: 0.7247 - autoencoder_loss: 1.6036 - kl_loss: 0.6038 - loss: 3.9913 - reconstruction_loss: 0.9998 - vc_loss: 5.0146 - weighted_kl_loss: 0.6038
Epoch 101/200
93/93 - 51s - 553ms/step - accuracy: 0.7172 - autoencoder_loss: 2.3982 - kl_loss: 1.3989 - loss: 3.3295 - reconstruction_loss: 0.9994 - vc_loss: 3.7286 - weighted_kl_loss: 1.3989
Epoch 100/200
93/93 - 51s - 544ms/step - accuracy: 0.7273 - autoencoder_loss: 1.6868 - kl_loss: 0.6874 - loss: 2.8728 - reconstruction_loss: 0.9994 - vc_loss: 3.3811 - weighted_kl_loss: 0.6874
Epoch 98/200
93/93 - 49s - 532ms/step - accuracy: 0.7146 - autoencoder_loss: 1.6053 - kl_loss: 0.6059 - loss: 2.7262 - reconstruction_loss: 0.9993 - vc_loss: 3.2066 - weighted_kl_loss: 0.6059
Epoch 102/200
93/93 - 50s - 541ms/step - accuracy: 0.7247 - autoencoder_loss: 1.5687 - kl_loss: 0.5689 - loss: 3.0529 - reconstruction_loss: 0.9998 - vc_loss: 3.6891 - weighted_kl_loss: 0.5689
Epoch 102/200
93/93 - 51s - 553ms/step - accuracy: 0.7172 - autoencoder_loss: 2.3843 - kl_loss: 1.3851 - loss: 3.3942 - reconstruction_loss: 0.9992 - vc_loss: 3.8270 - weighted_kl_loss: 1.3851
Epoch 101/200
93/93 - 52s - 562ms/step - accuracy: 0.7273 - autoencoder_loss: 1.6828 - kl_loss: 0.6829 - loss: 3.0922 - reconstruction_loss: 0.9999 - vc_loss: 3.6962 - weighted_kl_loss: 0.6829
Epoch 99/200
93/93 - 50s - 536ms/step - accuracy: 0.7146 - autoencoder_loss: 1.5680 - kl_loss: 0.5672 - loss: 2.7066 - reconstruction_loss: 1.0008 - vc_loss: 3.1946 - weighted_kl_loss: 0.5672
Epoch 103/200
93/93 - 50s - 536ms/step - accuracy: 0.7247 - autoencoder_loss: 1.6445 - kl_loss: 0.6448 - loss: 2.7819 - reconstruction_loss: 0.9998 - vc_loss: 3.2693 - weighted_kl_loss: 0.6448
Epoch 103/200
93/93 - 51s - 550ms/step - accuracy: 0.7172 - autoencoder_loss: 2.3601 - kl_loss: 1.3604 - loss: 3.2502 - reconstruction_loss: 0.9997 - vc_loss: 3.6316 - weighted_kl_loss: 1.3604
Epoch 102/200
93/93 - 51s - 553ms/step - accuracy: 0.7273 - autoencoder_loss: 1.6530 - kl_loss: 0.6533 - loss: 2.9108 - reconstruction_loss: 0.9997 - vc_loss: 3.4499 - weighted_kl_loss: 0.6533
Epoch 100/200
93/93 - 48s - 513ms/step - accuracy: 0.7247 - autoencoder_loss: 1.6661 - kl_loss: 0.6670 - loss: 3.0726 - reconstruction_loss: 0.9991 - vc_loss: 3.6754 - weighted_kl_loss: 0.6670
Epoch 104/200
93/93 - 83s - 895ms/step - accuracy: 0.7146 - autoencoder_loss: 1.5377 - kl_loss: 0.5382 - loss: 2.8187 - reconstruction_loss: 0.9995 - vc_loss: 3.3677 - weighted_kl_loss: 0.5382
Epoch 104/200
93/93 - 52s - 557ms/step - accuracy: 0.7273 - autoencoder_loss: 1.6186 - kl_loss: 0.6189 - loss: 2.7003 - reconstruction_loss: 0.9997 - vc_loss: 3.1639 - weighted_kl_loss: 0.6189
Epoch 101/200
93/93 - 51s - 550ms/step - accuracy: 0.7247 - autoencoder_loss: 1.6181 - kl_loss: 0.6183 - loss: 2.9542 - reconstruction_loss: 0.9998 - vc_loss: 3.5268 - weighted_kl_loss: 0.6183
Epoch 105/200
93/93 - 83s - 895ms/step - accuracy: 0.7172 - autoencoder_loss: 2.3602 - kl_loss: 1.3597 - loss: 2.9417 - reconstruction_loss: 1.0005 - vc_loss: 3.1909 - weighted_kl_loss: 1.3597
Epoch 103/200
93/93 - 51s - 552ms/step - accuracy: 0.7146 - autoencoder_loss: 1.4893 - kl_loss: 0.4901 - loss: 3.4260 - reconstruction_loss: 0.9992 - vc_loss: 4.2560 - weighted_kl_loss: 0.4901
Epoch 105/200
93/93 - 52s - 563ms/step - accuracy: 0.7273 - autoencoder_loss: 1.5772 - kl_loss: 0.5777 - loss: 2.7482 - reconstruction_loss: 0.9995 - vc_loss: 3.2501 - weighted_kl_loss: 0.5777
Epoch 102/200
93/93 - 51s - 551ms/step - accuracy: 0.7247 - autoencoder_loss: 1.5894 - kl_loss: 0.5896 - loss: 3.0333 - reconstruction_loss: 0.9997 - vc_loss: 3.6522 - weighted_kl_loss: 0.5896
Epoch 106/200
93/93 - 51s - 549ms/step - accuracy: 0.7172 - autoencoder_loss: 2.3173 - kl_loss: 1.3178 - loss: 3.0880 - reconstruction_loss: 0.9995 - vc_loss: 3.4182 - weighted_kl_loss: 1.3178
Epoch 104/200
93/93 - 52s - 558ms/step - accuracy: 0.7146 - autoencoder_loss: 1.4740 - kl_loss: 0.4748 - loss: 3.0145 - reconstruction_loss: 0.9993 - vc_loss: 3.6746 - weighted_kl_loss: 0.4748
Epoch 106/200
93/93 - 51s - 543ms/step - accuracy: 0.7247 - autoencoder_loss: 1.5628 - kl_loss: 0.5620 - loss: 2.7426 - reconstruction_loss: 1.0008 - vc_loss: 3.2483 - weighted_kl_loss: 0.5620
Epoch 107/200
93/93 - 52s - 558ms/step - accuracy: 0.7273 - autoencoder_loss: 1.5582 - kl_loss: 0.5582 - loss: 2.8431 - reconstruction_loss: 0.9999 - vc_loss: 3.3937 - weighted_kl_loss: 0.5582
Epoch 103/200
93/93 - 51s - 551ms/step - accuracy: 0.7172 - autoencoder_loss: 2.2864 - kl_loss: 1.2865 - loss: 2.9722 - reconstruction_loss: 0.9999 - vc_loss: 3.2661 - weighted_kl_loss: 1.2865
Epoch 105/200
93/93 - 51s - 549ms/step - accuracy: 0.7146 - autoencoder_loss: 1.4607 - kl_loss: 0.4596 - loss: 2.8099 - reconstruction_loss: 1.0011 - vc_loss: 3.3882 - weighted_kl_loss: 0.4596
Epoch 107/200
93/93 - 52s - 558ms/step - accuracy: 0.7247 - autoencoder_loss: 1.5332 - kl_loss: 0.5327 - loss: 3.1094 - reconstruction_loss: 1.0005 - vc_loss: 3.7849 - weighted_kl_loss: 0.5327
Epoch 108/200
93/93 - 52s - 559ms/step - accuracy: 0.7273 - autoencoder_loss: 1.5339 - kl_loss: 0.5327 - loss: 2.5671 - reconstruction_loss: 1.0012 - vc_loss: 3.0099 - weighted_kl_loss: 0.5327
Epoch 104/200
93/93 - 51s - 553ms/step - accuracy: 0.7172 - autoencoder_loss: 2.2669 - kl_loss: 1.2665 - loss: 3.4274 - reconstruction_loss: 1.0003 - vc_loss: 3.9248 - weighted_kl_loss: 1.2665
Epoch 106/200
93/93 - 51s - 543ms/step - accuracy: 0.7146 - autoencoder_loss: 1.4348 - kl_loss: 0.4347 - loss: 3.0139 - reconstruction_loss: 1.0000 - vc_loss: 3.6907 - weighted_kl_loss: 0.4347
Epoch 108/200
93/93 - 51s - 552ms/step - accuracy: 0.7247 - autoencoder_loss: 1.5427 - kl_loss: 0.5430 - loss: 3.1677 - reconstruction_loss: 0.9996 - vc_loss: 3.8642 - weighted_kl_loss: 0.5430
Epoch 109/200
93/93 - 51s - 552ms/step - accuracy: 0.7273 - autoencoder_loss: 1.5399 - kl_loss: 0.5327 - loss: 2.4780 - reconstruction_loss: 1.0072 - vc_loss: 2.8800 - weighted_kl_loss: 0.5327
Epoch 105/200
93/93 - 52s - 558ms/step - accuracy: 0.7172 - autoencoder_loss: 2.2679 - kl_loss: 1.2676 - loss: 3.0184 - reconstruction_loss: 1.0003 - vc_loss: 3.3401 - weighted_kl_loss: 1.2676
Epoch 107/200
93/93 - 50s - 535ms/step - accuracy: 0.7146 - autoencoder_loss: 1.4093 - kl_loss: 0.4098 - loss: 3.0440 - reconstruction_loss: 0.9995 - vc_loss: 3.7446 - weighted_kl_loss: 0.4098
Epoch 109/200
93/93 - 51s - 554ms/step - accuracy: 0.7247 - autoencoder_loss: 1.5648 - kl_loss: 0.5643 - loss: 2.8013 - reconstruction_loss: 1.0005 - vc_loss: 3.3312 - weighted_kl_loss: 0.5643
Epoch 110/200
93/93 - 52s - 558ms/step - accuracy: 0.7273 - autoencoder_loss: 1.5161 - kl_loss: 0.5162 - loss: 3.0008 - reconstruction_loss: 0.9999 - vc_loss: 3.6372 - weighted_kl_loss: 0.5162
Epoch 106/200
93/93 - 51s - 552ms/step - accuracy: 0.7172 - autoencoder_loss: 2.2693 - kl_loss: 1.2685 - loss: 3.0567 - reconstruction_loss: 1.0007 - vc_loss: 3.3942 - weighted_kl_loss: 1.2685
Epoch 108/200
93/93 - 51s - 547ms/step - accuracy: 0.7146 - autoencoder_loss: 1.3855 - kl_loss: 0.3858 - loss: 3.1845 - reconstruction_loss: 0.9997 - vc_loss: 3.9555 - weighted_kl_loss: 0.3858
Epoch 110/200
93/93 - 50s - 539ms/step - accuracy: 0.7247 - autoencoder_loss: 1.5459 - kl_loss: 0.5462 - loss: 3.2602 - reconstruction_loss: 0.9997 - vc_loss: 3.9948 - weighted_kl_loss: 0.5462
Epoch 111/200
93/93 - 52s - 556ms/step - accuracy: 0.7273 - autoencoder_loss: 1.5234 - kl_loss: 0.5234 - loss: 3.5663 - reconstruction_loss: 1.0000 - vc_loss: 4.4418 - weighted_kl_loss: 0.5234
Epoch 107/200
93/93 - 51s - 551ms/step - accuracy: 0.7172 - autoencoder_loss: 2.2662 - kl_loss: 1.2667 - loss: 3.2566 - reconstruction_loss: 0.9995 - vc_loss: 3.6810 - weighted_kl_loss: 1.2667
Epoch 109/200
93/93 - 51s - 546ms/step - accuracy: 0.7146 - autoencoder_loss: 1.3850 - kl_loss: 0.3848 - loss: 2.6546 - reconstruction_loss: 1.0002 - vc_loss: 3.1987 - weighted_kl_loss: 0.3848
Epoch 111/200
93/93 - 51s - 551ms/step - accuracy: 0.7247 - autoencoder_loss: 1.5284 - kl_loss: 0.5284 - loss: 3.2484 - reconstruction_loss: 1.0000 - vc_loss: 3.9856 - weighted_kl_loss: 0.5284
Epoch 112/200
93/93 - 52s - 563ms/step - accuracy: 0.7273 - autoencoder_loss: 1.4863 - kl_loss: 0.4866 - loss: 3.0450 - reconstruction_loss: 0.9997 - vc_loss: 3.7130 - weighted_kl_loss: 0.4866
Epoch 108/200
93/93 - 52s - 562ms/step - accuracy: 0.7172 - autoencoder_loss: 2.2326 - kl_loss: 1.2318 - loss: 3.0650 - reconstruction_loss: 1.0009 - vc_loss: 3.4218 - weighted_kl_loss: 1.2318
Epoch 110/200
93/93 - 51s - 551ms/step - accuracy: 0.7146 - autoencoder_loss: 1.3672 - kl_loss: 0.3675 - loss: 2.8134 - reconstruction_loss: 0.9997 - vc_loss: 3.4332 - weighted_kl_loss: 0.3675
Epoch 112/200
93/93 - 51s - 551ms/step - accuracy: 0.7247 - autoencoder_loss: 1.5094 - kl_loss: 0.5102 - loss: 2.8854 - reconstruction_loss: 0.9993 - vc_loss: 3.4751 - weighted_kl_loss: 0.5102
Epoch 113/200
93/93 - 50s - 539ms/step - accuracy: 0.7273 - autoencoder_loss: 1.4642 - kl_loss: 0.4640 - loss: 2.7344 - reconstruction_loss: 1.0002 - vc_loss: 3.2788 - weighted_kl_loss: 0.4640
Epoch 109/200
93/93 - 49s - 531ms/step - accuracy: 0.7172 - autoencoder_loss: 2.2236 - kl_loss: 1.2230 - loss: 3.2533 - reconstruction_loss: 1.0005 - vc_loss: 3.6946 - weighted_kl_loss: 1.2230
Epoch 111/200
93/93 - 50s - 538ms/step - accuracy: 0.7146 - autoencoder_loss: 1.5769 - kl_loss: 0.5775 - loss: 3.3485 - reconstruction_loss: 0.9994 - vc_loss: 4.1078 - weighted_kl_loss: 0.5775
Epoch 113/200
93/93 - 50s - 535ms/step - accuracy: 0.7247 - autoencoder_loss: 1.4937 - kl_loss: 0.4944 - loss: 3.0811 - reconstruction_loss: 0.9993 - vc_loss: 3.7614 - weighted_kl_loss: 0.4944
Epoch 114/200
93/93 - 50s - 540ms/step - accuracy: 0.7273 - autoencoder_loss: 1.4436 - kl_loss: 0.4438 - loss: 2.9400 - reconstruction_loss: 0.9998 - vc_loss: 3.5813 - weighted_kl_loss: 0.4438
Epoch 110/200
93/93 - 51s - 549ms/step - accuracy: 0.7172 - autoencoder_loss: 2.2106 - kl_loss: 1.2113 - loss: 3.0080 - reconstruction_loss: 0.9992 - vc_loss: 3.3498 - weighted_kl_loss: 1.2113
Epoch 112/200
93/93 - 51s - 545ms/step - accuracy: 0.7146 - autoencoder_loss: 1.5217 - kl_loss: 0.5223 - loss: 2.6729 - reconstruction_loss: 0.9994 - vc_loss: 3.1662 - weighted_kl_loss: 0.5223
Epoch 114/200
93/93 - 51s - 551ms/step - accuracy: 0.7247 - autoencoder_loss: 1.4974 - kl_loss: 0.4973 - loss: 2.9762 - reconstruction_loss: 1.0001 - vc_loss: 3.6100 - weighted_kl_loss: 0.4973
Epoch 115/200
93/93 - 53s - 565ms/step - accuracy: 0.7273 - autoencoder_loss: 1.4379 - kl_loss: 0.4384 - loss: 2.7253 - reconstruction_loss: 0.9994 - vc_loss: 3.2771 - weighted_kl_loss: 0.4384
Epoch 111/200
93/93 - 51s - 550ms/step - accuracy: 0.7172 - autoencoder_loss: 2.1669 - kl_loss: 1.1674 - loss: 3.0535 - reconstruction_loss: 0.9994 - vc_loss: 3.4335 - weighted_kl_loss: 1.1674
Epoch 113/200
93/93 - 50s - 542ms/step - accuracy: 0.7146 - autoencoder_loss: 1.6043 - kl_loss: 0.6035 - loss: 3.2253 - reconstruction_loss: 1.0008 - vc_loss: 3.9200 - weighted_kl_loss: 0.6035
Epoch 115/200
93/93 - 52s - 563ms/step - accuracy: 0.7273 - autoencoder_loss: 1.4249 - kl_loss: 0.4243 - loss: 2.7085 - reconstruction_loss: 1.0005 - vc_loss: 3.2586 - weighted_kl_loss: 0.4243
Epoch 112/200
93/93 - 51s - 553ms/step - accuracy: 0.7172 - autoencoder_loss: 2.1520 - kl_loss: 1.1521 - loss: 2.9588 - reconstruction_loss: 0.9999 - vc_loss: 3.3046 - weighted_kl_loss: 1.1521
Epoch 114/200
93/93 - 50s - 541ms/step - accuracy: 0.7146 - autoencoder_loss: 1.6018 - kl_loss: 0.6010 - loss: 2.9380 - reconstruction_loss: 1.0008 - vc_loss: 3.5106 - weighted_kl_loss: 0.6010
Epoch 116/200
93/93 - 82s - 877ms/step - accuracy: 0.7247 - autoencoder_loss: 1.4857 - kl_loss: 0.4856 - loss: 3.3304 - reconstruction_loss: 1.0001 - vc_loss: 4.1209 - weighted_kl_loss: 0.4856
Epoch 116/200
93/93 - 52s - 555ms/step - accuracy: 0.7273 - autoencoder_loss: 1.4065 - kl_loss: 0.4070 - loss: 2.7063 - reconstruction_loss: 0.9994 - vc_loss: 3.2634 - weighted_kl_loss: 0.4070
Epoch 113/200
93/93 - 51s - 553ms/step - accuracy: 0.7172 - autoencoder_loss: 2.0993 - kl_loss: 1.1000 - loss: 2.8311 - reconstruction_loss: 0.9993 - vc_loss: 3.1447 - weighted_kl_loss: 1.1000
Epoch 115/200
93/93 - 51s - 550ms/step - accuracy: 0.7146 - autoencoder_loss: 1.5218 - kl_loss: 0.5205 - loss: 2.8194 - reconstruction_loss: 1.0013 - vc_loss: 3.3756 - weighted_kl_loss: 0.5205
Epoch 117/200
93/93 - 51s - 551ms/step - accuracy: 0.7247 - autoencoder_loss: 1.4803 - kl_loss: 0.4812 - loss: 2.8731 - reconstruction_loss: 0.9991 - vc_loss: 3.4700 - weighted_kl_loss: 0.4812
Epoch 117/200
93/93 - 52s - 562ms/step - accuracy: 0.7273 - autoencoder_loss: 1.3857 - kl_loss: 0.3861 - loss: 2.2202 - reconstruction_loss: 0.9997 - vc_loss: 2.5778 - weighted_kl_loss: 0.3861
Epoch 114/200
93/93 - 52s - 557ms/step - accuracy: 0.7172 - autoencoder_loss: 2.1011 - kl_loss: 1.1017 - loss: 3.3570 - reconstruction_loss: 0.9995 - vc_loss: 3.8953 - weighted_kl_loss: 1.1017
Epoch 116/200
93/93 - 49s - 532ms/step - accuracy: 0.7146 - autoencoder_loss: 1.4317 - kl_loss: 0.4320 - loss: 2.9033 - reconstruction_loss: 0.9997 - vc_loss: 3.5340 - weighted_kl_loss: 0.4320
Epoch 118/200
93/93 - 50s - 533ms/step - accuracy: 0.7247 - autoencoder_loss: 1.5132 - kl_loss: 0.5124 - loss: 4.1803 - reconstruction_loss: 1.0008 - vc_loss: 5.3234 - weighted_kl_loss: 0.5124
Epoch 118/200
93/93 - 51s - 550ms/step - accuracy: 0.7273 - autoencoder_loss: 1.3660 - kl_loss: 0.3657 - loss: 2.4440 - reconstruction_loss: 1.0003 - vc_loss: 2.9059 - weighted_kl_loss: 0.3657
Epoch 115/200
93/93 - 51s - 548ms/step - accuracy: 0.7172 - autoencoder_loss: 2.0731 - kl_loss: 1.0731 - loss: 3.0097 - reconstruction_loss: 1.0001 - vc_loss: 3.4111 - weighted_kl_loss: 1.0731
Epoch 117/200
93/93 - 50s - 538ms/step - accuracy: 0.7146 - autoencoder_loss: 1.3519 - kl_loss: 0.3524 - loss: 3.0593 - reconstruction_loss: 0.9995 - vc_loss: 3.7911 - weighted_kl_loss: 0.3524
Epoch 119/200
93/93 - 51s - 549ms/step - accuracy: 0.7247 - autoencoder_loss: 1.5065 - kl_loss: 0.5065 - loss: 3.7964 - reconstruction_loss: 0.9999 - vc_loss: 4.7779 - weighted_kl_loss: 0.5065
Epoch 119/200
93/93 - 52s - 558ms/step - accuracy: 0.7273 - autoencoder_loss: 1.3442 - kl_loss: 0.3432 - loss: 2.3950 - reconstruction_loss: 1.0010 - vc_loss: 2.8454 - weighted_kl_loss: 0.3432
Epoch 116/200
93/93 - 51s - 551ms/step - accuracy: 0.7172 - autoencoder_loss: 2.0810 - kl_loss: 1.0802 - loss: 3.1048 - reconstruction_loss: 1.0008 - vc_loss: 3.5436 - weighted_kl_loss: 1.0802
Epoch 118/200
93/93 - 51s - 544ms/step - accuracy: 0.7146 - autoencoder_loss: 1.3387 - kl_loss: 0.3380 - loss: 2.3986 - reconstruction_loss: 1.0007 - vc_loss: 2.8528 - weighted_kl_loss: 0.3380
Epoch 120/200
93/93 - 50s - 539ms/step - accuracy: 0.7247 - autoencoder_loss: 1.4853 - kl_loss: 0.4857 - loss: 3.2037 - reconstruction_loss: 0.9996 - vc_loss: 3.9401 - weighted_kl_loss: 0.4857
Epoch 120/200
93/93 - 51s - 546ms/step - accuracy: 0.7273 - autoencoder_loss: 1.3302 - kl_loss: 0.3308 - loss: 2.5855 - reconstruction_loss: 0.9994 - vc_loss: 3.1235 - weighted_kl_loss: 0.3308
Epoch 117/200
93/93 - 50s - 539ms/step - accuracy: 0.7172 - autoencoder_loss: 2.0551 - kl_loss: 1.0561 - loss: 3.9342 - reconstruction_loss: 0.9990 - vc_loss: 4.7395 - weighted_kl_loss: 1.0561
Epoch 119/200
93/93 - 51s - 547ms/step - accuracy: 0.7146 - autoencoder_loss: 1.3211 - kl_loss: 0.3215 - loss: 2.3530 - reconstruction_loss: 0.9997 - vc_loss: 2.7953 - weighted_kl_loss: 0.3215
Epoch 121/200
93/93 - 50s - 542ms/step - accuracy: 0.7247 - autoencoder_loss: 1.4643 - kl_loss: 0.4646 - loss: 3.9204 - reconstruction_loss: 0.9997 - vc_loss: 4.9730 - weighted_kl_loss: 0.4646
Epoch 121/200
93/93 - 52s - 557ms/step - accuracy: 0.7273 - autoencoder_loss: 1.3112 - kl_loss: 0.3109 - loss: 2.3491 - reconstruction_loss: 1.0003 - vc_loss: 2.7939 - weighted_kl_loss: 0.3109
Epoch 118/200
93/93 - 52s - 561ms/step - accuracy: 0.7172 - autoencoder_loss: 2.0130 - kl_loss: 1.0131 - loss: 3.5192 - reconstruction_loss: 0.9999 - vc_loss: 4.1648 - weighted_kl_loss: 1.0131
Epoch 120/200
93/93 - 52s - 559ms/step - accuracy: 0.7146 - autoencoder_loss: 1.3206 - kl_loss: 0.3197 - loss: 2.2980 - reconstruction_loss: 1.0009 - vc_loss: 2.7170 - weighted_kl_loss: 0.3197
Epoch 122/200
93/93 - 52s - 558ms/step - accuracy: 0.7247 - autoencoder_loss: 1.4475 - kl_loss: 0.4484 - loss: 3.7793 - reconstruction_loss: 0.9992 - vc_loss: 4.7787 - weighted_kl_loss: 0.4484
Epoch 122/200
93/93 - 52s - 561ms/step - accuracy: 0.7273 - autoencoder_loss: 1.3001 - kl_loss: 0.3009 - loss: 2.9277 - reconstruction_loss: 0.9992 - vc_loss: 3.6252 - weighted_kl_loss: 0.3009
Epoch 119/200
93/93 - 52s - 562ms/step - accuracy: 0.7172 - autoencoder_loss: 2.0062 - kl_loss: 1.0049 - loss: 3.7049 - reconstruction_loss: 1.0012 - vc_loss: 4.4329 - weighted_kl_loss: 1.0049
Epoch 121/200
93/93 - 49s - 532ms/step - accuracy: 0.7146 - autoencoder_loss: 1.3084 - kl_loss: 0.3091 - loss: 2.6287 - reconstruction_loss: 0.9993 - vc_loss: 3.1945 - weighted_kl_loss: 0.3091
Epoch 123/200
93/93 - 51s - 546ms/step - accuracy: 0.7247 - autoencoder_loss: 1.4371 - kl_loss: 0.4373 - loss: 2.9330 - reconstruction_loss: 0.9998 - vc_loss: 3.5741 - weighted_kl_loss: 0.4373
Epoch 123/200
93/93 - 51s - 553ms/step - accuracy: 0.7273 - autoencoder_loss: 1.3520 - kl_loss: 0.3522 - loss: 2.6768 - reconstruction_loss: 0.9998 - vc_loss: 3.2445 - weighted_kl_loss: 0.3522
Epoch 120/200
93/93 - 52s - 559ms/step - accuracy: 0.7172 - autoencoder_loss: 1.9901 - kl_loss: 0.9894 - loss: 3.1128 - reconstruction_loss: 1.0006 - vc_loss: 3.5939 - weighted_kl_loss: 0.9894
Epoch 122/200
93/93 - 51s - 547ms/step - accuracy: 0.7146 - autoencoder_loss: 1.2702 - kl_loss: 0.2700 - loss: 2.8193 - reconstruction_loss: 1.0002 - vc_loss: 3.4832 - weighted_kl_loss: 0.2700
Epoch 124/200
93/93 - 51s - 552ms/step - accuracy: 0.7247 - autoencoder_loss: 1.4251 - kl_loss: 0.4245 - loss: 2.9915 - reconstruction_loss: 1.0006 - vc_loss: 3.6628 - weighted_kl_loss: 0.4245
Epoch 124/200
93/93 - 52s - 563ms/step - accuracy: 0.7273 - autoencoder_loss: 1.3726 - kl_loss: 0.3729 - loss: 2.3460 - reconstruction_loss: 0.9997 - vc_loss: 2.7631 - weighted_kl_loss: 0.3729
Epoch 121/200
93/93 - 52s - 556ms/step - accuracy: 0.7172 - autoencoder_loss: 2.1187 - kl_loss: 1.1191 - loss: 3.5618 - reconstruction_loss: 0.9996 - vc_loss: 4.1802 - weighted_kl_loss: 1.1191
Epoch 123/200
93/93 - 51s - 551ms/step - accuracy: 0.7146 - autoencoder_loss: 1.2472 - kl_loss: 0.2475 - loss: 2.6764 - reconstruction_loss: 0.9997 - vc_loss: 3.2890 - weighted_kl_loss: 0.2475
Epoch 125/200
93/93 - 51s - 545ms/step - accuracy: 0.7247 - autoencoder_loss: 1.4133 - kl_loss: 0.4130 - loss: 3.4972 - reconstruction_loss: 1.0003 - vc_loss: 4.3903 - weighted_kl_loss: 0.4130
Epoch 125/200
93/93 - 50s - 542ms/step - accuracy: 0.7273 - autoencoder_loss: 1.3628 - kl_loss: 0.3625 - loss: 2.3128 - reconstruction_loss: 1.0003 - vc_loss: 2.7200 - weighted_kl_loss: 0.3625
Epoch 122/200
93/93 - 50s - 541ms/step - accuracy: 0.7172 - autoencoder_loss: 2.1464 - kl_loss: 1.1467 - loss: 3.1021 - reconstruction_loss: 0.9997 - vc_loss: 3.5117 - weighted_kl_loss: 1.1467
Epoch 124/200
93/93 - 50s - 536ms/step - accuracy: 0.7146 - autoencoder_loss: 1.2281 - kl_loss: 0.2283 - loss: 2.6430 - reconstruction_loss: 0.9998 - vc_loss: 3.2494 - weighted_kl_loss: 0.2283
Epoch 126/200
93/93 - 50s - 542ms/step - accuracy: 0.7247 - autoencoder_loss: 1.4076 - kl_loss: 0.4078 - loss: 2.8581 - reconstruction_loss: 0.9997 - vc_loss: 3.4797 - weighted_kl_loss: 0.4078
Epoch 126/200
93/93 - 52s - 558ms/step - accuracy: 0.7273 - autoencoder_loss: 1.3551 - kl_loss: 0.3553 - loss: 3.2610 - reconstruction_loss: 0.9998 - vc_loss: 4.0778 - weighted_kl_loss: 0.3553
Epoch 123/200
93/93 - 52s - 561ms/step - accuracy: 0.7172 - autoencoder_loss: 2.1430 - kl_loss: 1.1429 - loss: 2.9231 - reconstruction_loss: 1.0001 - vc_loss: 3.2574 - weighted_kl_loss: 1.1429
Epoch 125/200
93/93 - 51s - 547ms/step - accuracy: 0.7146 - autoencoder_loss: 1.2068 - kl_loss: 0.2073 - loss: 2.5535 - reconstruction_loss: 0.9996 - vc_loss: 3.1307 - weighted_kl_loss: 0.2073
Epoch 127/200
93/93 - 52s - 557ms/step - accuracy: 0.7247 - autoencoder_loss: 1.4936 - kl_loss: 0.4938 - loss: 2.8091 - reconstruction_loss: 0.9998 - vc_loss: 3.3728 - weighted_kl_loss: 0.4938
Epoch 127/200
93/93 - 52s - 558ms/step - accuracy: 0.7273 - autoencoder_loss: 1.3491 - kl_loss: 0.3482 - loss: 2.6565 - reconstruction_loss: 1.0009 - vc_loss: 3.2169 - weighted_kl_loss: 0.3482
Epoch 124/200
93/93 - 52s - 557ms/step - accuracy: 0.7172 - autoencoder_loss: 2.0975 - kl_loss: 1.0979 - loss: 2.7402 - reconstruction_loss: 0.9996 - vc_loss: 3.0156 - weighted_kl_loss: 1.0979
Epoch 126/200
93/93 - 51s - 550ms/step - accuracy: 0.7146 - autoencoder_loss: 1.1986 - kl_loss: 0.1981 - loss: 2.4005 - reconstruction_loss: 1.0006 - vc_loss: 2.9155 - weighted_kl_loss: 0.1981
Epoch 128/200
93/93 - 51s - 551ms/step - accuracy: 0.7247 - autoencoder_loss: 1.4939 - kl_loss: 0.4863 - loss: 3.1114 - reconstruction_loss: 1.0076 - vc_loss: 3.8045 - weighted_kl_loss: 0.4863
Epoch 128/200
93/93 - 52s - 558ms/step - accuracy: 0.7273 - autoencoder_loss: 1.3420 - kl_loss: 0.3415 - loss: 2.8940 - reconstruction_loss: 1.0005 - vc_loss: 3.5591 - weighted_kl_loss: 0.3415
Epoch 125/200
93/93 - 51s - 548ms/step - accuracy: 0.7172 - autoencoder_loss: 2.0475 - kl_loss: 1.0483 - loss: 3.0773 - reconstruction_loss: 0.9992 - vc_loss: 3.5187 - weighted_kl_loss: 1.0483
Epoch 127/200
93/93 - 51s - 545ms/step - accuracy: 0.7146 - autoencoder_loss: 1.1864 - kl_loss: 0.1868 - loss: 2.7331 - reconstruction_loss: 0.9996 - vc_loss: 3.3959 - weighted_kl_loss: 0.1868
Epoch 129/200
93/93 - 51s - 552ms/step - accuracy: 0.7247 - autoencoder_loss: 1.4559 - kl_loss: 0.4554 - loss: 2.8302 - reconstruction_loss: 1.0004 - vc_loss: 3.4192 - weighted_kl_loss: 0.4554
Epoch 129/200
93/93 - 52s - 561ms/step - accuracy: 0.7273 - autoencoder_loss: 1.3516 - kl_loss: 0.3517 - loss: 2.7237 - reconstruction_loss: 0.9999 - vc_loss: 3.3117 - weighted_kl_loss: 0.3517
Epoch 126/200
93/93 - 52s - 558ms/step - accuracy: 0.7172 - autoencoder_loss: 2.0324 - kl_loss: 1.0322 - loss: 2.6240 - reconstruction_loss: 1.0002 - vc_loss: 2.8776 - weighted_kl_loss: 1.0322
Epoch 128/200
93/93 - 51s - 549ms/step - accuracy: 0.7146 - autoencoder_loss: 1.1842 - kl_loss: 0.1788 - loss: 2.2950 - reconstruction_loss: 1.0054 - vc_loss: 2.7711 - weighted_kl_loss: 0.1788
Epoch 130/200
93/93 - 52s - 556ms/step - accuracy: 0.7247 - autoencoder_loss: 1.4303 - kl_loss: 0.4305 - loss: 2.6106 - reconstruction_loss: 0.9998 - vc_loss: 3.1165 - weighted_kl_loss: 0.4305
Epoch 130/200
93/93 - 52s - 555ms/step - accuracy: 0.7273 - autoencoder_loss: 1.3437 - kl_loss: 0.3436 - loss: 2.6680 - reconstruction_loss: 1.0002 - vc_loss: 3.2355 - weighted_kl_loss: 0.3436
Epoch 127/200
93/93 - 50s - 541ms/step - accuracy: 0.7172 - autoencoder_loss: 2.0182 - kl_loss: 1.0179 - loss: 3.3343 - reconstruction_loss: 1.0003 - vc_loss: 3.8984 - weighted_kl_loss: 1.0179
Epoch 129/200
93/93 - 51s - 546ms/step - accuracy: 0.7146 - autoencoder_loss: 1.1667 - kl_loss: 0.1670 - loss: 2.2137 - reconstruction_loss: 0.9997 - vc_loss: 2.6624 - weighted_kl_loss: 0.1670
Epoch 131/200
93/93 - 51s - 550ms/step - accuracy: 0.7247 - autoencoder_loss: 1.4163 - kl_loss: 0.4130 - loss: 3.0792 - reconstruction_loss: 1.0034 - vc_loss: 3.7918 - weighted_kl_loss: 0.4130
Epoch 131/200
93/93 - 50s - 543ms/step - accuracy: 0.7273 - autoencoder_loss: 1.3347 - kl_loss: 0.3354 - loss: 2.5060 - reconstruction_loss: 0.9993 - vc_loss: 3.0080 - weighted_kl_loss: 0.3354
Epoch 128/200
93/93 - 52s - 557ms/step - accuracy: 0.7172 - autoencoder_loss: 1.9885 - kl_loss: 0.9882 - loss: 3.0981 - reconstruction_loss: 1.0003 - vc_loss: 3.5736 - weighted_kl_loss: 0.9882
Epoch 130/200
93/93 - 52s - 555ms/step - accuracy: 0.7146 - autoencoder_loss: 1.2140 - kl_loss: 0.2140 - loss: 2.5537 - reconstruction_loss: 1.0000 - vc_loss: 3.1278 - weighted_kl_loss: 0.2140
Epoch 132/200
93/93 - 51s - 552ms/step - accuracy: 0.7247 - autoencoder_loss: 1.3971 - kl_loss: 0.3967 - loss: 2.9909 - reconstruction_loss: 1.0005 - vc_loss: 3.6740 - weighted_kl_loss: 0.3967
Epoch 132/200
93/93 - 52s - 556ms/step - accuracy: 0.7273 - autoencoder_loss: 1.3513 - kl_loss: 0.3510 - loss: 2.4237 - reconstruction_loss: 1.0004 - vc_loss: 2.8832 - weighted_kl_loss: 0.3510
Epoch 129/200
93/93 - 51s - 544ms/step - accuracy: 0.7146 - autoencoder_loss: 1.2353 - kl_loss: 0.2349 - loss: 2.4300 - reconstruction_loss: 1.0005 - vc_loss: 2.9420 - weighted_kl_loss: 0.2349
Epoch 133/200
93/93 - 52s - 563ms/step - accuracy: 0.7172 - autoencoder_loss: 1.9813 - kl_loss: 0.9811 - loss: 2.9177 - reconstruction_loss: 1.0002 - vc_loss: 3.3190 - weighted_kl_loss: 0.9811
Epoch 131/200
93/93 - 51s - 548ms/step - accuracy: 0.7247 - autoencoder_loss: 1.3720 - kl_loss: 0.3724 - loss: 2.8549 - reconstruction_loss: 0.9997 - vc_loss: 3.4904 - weighted_kl_loss: 0.3724
Epoch 133/200
93/93 - 51s - 549ms/step - accuracy: 0.7273 - autoencoder_loss: 1.3420 - kl_loss: 0.3417 - loss: 2.6081 - reconstruction_loss: 1.0003 - vc_loss: 3.1507 - weighted_kl_loss: 0.3417
Epoch 130/200
93/93 - 51s - 543ms/step - accuracy: 0.7146 - autoencoder_loss: 1.2026 - kl_loss: 0.2031 - loss: 2.4543 - reconstruction_loss: 0.9994 - vc_loss: 2.9908 - weighted_kl_loss: 0.2031
Epoch 134/200
93/93 - 52s - 559ms/step - accuracy: 0.7172 - autoencoder_loss: 1.9533 - kl_loss: 0.9535 - loss: 2.9247 - reconstruction_loss: 0.9997 - vc_loss: 3.3411 - weighted_kl_loss: 0.9535
Epoch 132/200
93/93 - 51s - 548ms/step - accuracy: 0.7247 - autoencoder_loss: 1.3587 - kl_loss: 0.3583 - loss: 2.9757 - reconstruction_loss: 1.0004 - vc_loss: 3.6687 - weighted_kl_loss: 0.3583
Epoch 134/200
93/93 - 53s - 568ms/step - accuracy: 0.7273 - autoencoder_loss: 1.3421 - kl_loss: 0.3346 - loss: 2.7227 - reconstruction_loss: 1.0075 - vc_loss: 3.3144 - weighted_kl_loss: 0.3346
Epoch 131/200
93/93 - 51s - 553ms/step - accuracy: 0.7146 - autoencoder_loss: 1.1979 - kl_loss: 0.1976 - loss: 2.4921 - reconstruction_loss: 1.0002 - vc_loss: 3.0467 - weighted_kl_loss: 0.1976
Epoch 135/200
93/93 - 52s - 562ms/step - accuracy: 0.7172 - autoencoder_loss: 1.9292 - kl_loss: 0.9296 - loss: 2.9446 - reconstruction_loss: 0.9996 - vc_loss: 3.3798 - weighted_kl_loss: 0.9296
Epoch 133/200
93/93 - 52s - 558ms/step - accuracy: 0.7247 - autoencoder_loss: 1.3473 - kl_loss: 0.3467 - loss: 2.9397 - reconstruction_loss: 1.0006 - vc_loss: 3.6221 - weighted_kl_loss: 0.3467
Epoch 135/200
93/93 - 51s - 552ms/step - accuracy: 0.7273 - autoencoder_loss: 1.3181 - kl_loss: 0.3187 - loss: 2.7614 - reconstruction_loss: 0.9994 - vc_loss: 3.3800 - weighted_kl_loss: 0.3187
Epoch 132/200
93/93 - 51s - 547ms/step - accuracy: 0.7146 - autoencoder_loss: 1.1652 - kl_loss: 0.1656 - loss: 2.3179 - reconstruction_loss: 0.9996 - vc_loss: 2.8119 - weighted_kl_loss: 0.1656
Epoch 136/200
93/93 - 49s - 527ms/step - accuracy: 0.7247 - autoencoder_loss: 1.3358 - kl_loss: 0.3357 - loss: 3.1125 - reconstruction_loss: 1.0001 - vc_loss: 3.8739 - weighted_kl_loss: 0.3357
Epoch 136/200
93/93 - 82s - 879ms/step - accuracy: 0.7172 - autoencoder_loss: 1.9433 - kl_loss: 0.9432 - loss: 2.8431 - reconstruction_loss: 1.0001 - vc_loss: 3.2288 - weighted_kl_loss: 0.9432
Epoch 134/200
93/93 - 52s - 558ms/step - accuracy: 0.7273 - autoencoder_loss: 1.3117 - kl_loss: 0.3094 - loss: 2.0296 - reconstruction_loss: 1.0023 - vc_loss: 2.3373 - weighted_kl_loss: 0.3094
Epoch 133/200
93/93 - 51s - 549ms/step - accuracy: 0.7146 - autoencoder_loss: 1.1591 - kl_loss: 0.1599 - loss: 2.2018 - reconstruction_loss: 0.9992 - vc_loss: 2.6487 - weighted_kl_loss: 0.1599
Epoch 137/200
93/93 - 51s - 549ms/step - accuracy: 0.7247 - autoencoder_loss: 1.3248 - kl_loss: 0.3248 - loss: 3.3373 - reconstruction_loss: 0.9999 - vc_loss: 4.1997 - weighted_kl_loss: 0.3248
Epoch 137/200
93/93 - 52s - 561ms/step - accuracy: 0.7172 - autoencoder_loss: 1.9567 - kl_loss: 0.9574 - loss: 2.8488 - reconstruction_loss: 0.9993 - vc_loss: 3.2311 - weighted_kl_loss: 0.9574
Epoch 135/200
93/93 - 52s - 560ms/step - accuracy: 0.7273 - autoencoder_loss: 1.2996 - kl_loss: 0.2996 - loss: 2.4509 - reconstruction_loss: 0.9999 - vc_loss: 2.9443 - weighted_kl_loss: 0.2996
Epoch 134/200
93/93 - 52s - 558ms/step - accuracy: 0.7146 - autoencoder_loss: 1.1681 - kl_loss: 0.1683 - loss: 2.2140 - reconstruction_loss: 0.9998 - vc_loss: 2.6623 - weighted_kl_loss: 0.1683
Epoch 138/200
93/93 - 51s - 553ms/step - accuracy: 0.7247 - autoencoder_loss: 1.3143 - kl_loss: 0.3146 - loss: 2.9571 - reconstruction_loss: 0.9997 - vc_loss: 3.6611 - weighted_kl_loss: 0.3146
Epoch 138/200
93/93 - 52s - 559ms/step - accuracy: 0.7172 - autoencoder_loss: 1.9282 - kl_loss: 0.9283 - loss: 3.1937 - reconstruction_loss: 0.9999 - vc_loss: 3.7361 - weighted_kl_loss: 0.9283
Epoch 136/200
93/93 - 52s - 563ms/step - accuracy: 0.7273 - autoencoder_loss: 1.2892 - kl_loss: 0.2882 - loss: 2.3089 - reconstruction_loss: 1.0011 - vc_loss: 2.7459 - weighted_kl_loss: 0.2882
Epoch 135/200
93/93 - 51s - 550ms/step - accuracy: 0.7146 - autoencoder_loss: 1.1640 - kl_loss: 0.1626 - loss: 2.7213 - reconstruction_loss: 1.0013 - vc_loss: 3.3887 - weighted_kl_loss: 0.1626
Epoch 139/200
93/93 - 52s - 556ms/step - accuracy: 0.7247 - autoencoder_loss: 1.3072 - kl_loss: 0.3074 - loss: 2.5999 - reconstruction_loss: 0.9997 - vc_loss: 3.1539 - weighted_kl_loss: 0.3074
Epoch 139/200
93/93 - 50s - 535ms/step - accuracy: 0.7172 - autoencoder_loss: 1.9065 - kl_loss: 0.9072 - loss: 3.1443 - reconstruction_loss: 0.9993 - vc_loss: 3.6748 - weighted_kl_loss: 0.9072
Epoch 137/200
93/93 - 50s - 541ms/step - accuracy: 0.7146 - autoencoder_loss: 1.1546 - kl_loss: 0.1552 - loss: 2.8355 - reconstruction_loss: 0.9994 - vc_loss: 3.5559 - weighted_kl_loss: 0.1552
Epoch 140/200
93/93 - 52s - 557ms/step - accuracy: 0.7273 - autoencoder_loss: 1.2788 - kl_loss: 0.2792 - loss: 2.5745 - reconstruction_loss: 0.9996 - vc_loss: 3.1298 - weighted_kl_loss: 0.2792
Epoch 136/200
93/93 - 50s - 534ms/step - accuracy: 0.7247 - autoencoder_loss: 1.2979 - kl_loss: 0.2986 - loss: 2.4286 - reconstruction_loss: 0.9994 - vc_loss: 2.9132 - weighted_kl_loss: 0.2986
Epoch 140/200
93/93 - 51s - 544ms/step - accuracy: 0.7172 - autoencoder_loss: 1.9843 - kl_loss: 0.9851 - loss: 3.3278 - reconstruction_loss: 0.9992 - vc_loss: 3.9035 - weighted_kl_loss: 0.9851
Epoch 138/200
93/93 - 50s - 543ms/step - accuracy: 0.7146 - autoencoder_loss: 1.1443 - kl_loss: 0.1447 - loss: 2.2825 - reconstruction_loss: 0.9996 - vc_loss: 2.7703 - weighted_kl_loss: 0.1447
Epoch 141/200
93/93 - 52s - 560ms/step - accuracy: 0.7273 - autoencoder_loss: 1.2698 - kl_loss: 0.2700 - loss: 2.5004 - reconstruction_loss: 0.9998 - vc_loss: 3.0278 - weighted_kl_loss: 0.2700
Epoch 137/200
93/93 - 51s - 553ms/step - accuracy: 0.7247 - autoencoder_loss: 1.2914 - kl_loss: 0.2916 - loss: 2.6325 - reconstruction_loss: 0.9998 - vc_loss: 3.2072 - weighted_kl_loss: 0.2916
Epoch 141/200
93/93 - 52s - 562ms/step - accuracy: 0.7172 - autoencoder_loss: 1.9983 - kl_loss: 0.9976 - loss: 3.7063 - reconstruction_loss: 1.0007 - vc_loss: 4.4384 - weighted_kl_loss: 0.9976
Epoch 139/200
93/93 - 51s - 553ms/step - accuracy: 0.7146 - autoencoder_loss: 1.1597 - kl_loss: 0.1598 - loss: 2.7560 - reconstruction_loss: 0.9999 - vc_loss: 3.4401 - weighted_kl_loss: 0.1598
Epoch 142/200
93/93 - 52s - 561ms/step - accuracy: 0.7273 - autoencoder_loss: 1.2641 - kl_loss: 0.2645 - loss: 2.4925 - reconstruction_loss: 0.9996 - vc_loss: 3.0190 - weighted_kl_loss: 0.2645
Epoch 138/200
93/93 - 52s - 559ms/step - accuracy: 0.7247 - autoencoder_loss: 1.2809 - kl_loss: 0.2816 - loss: 2.2720 - reconstruction_loss: 0.9993 - vc_loss: 2.6968 - weighted_kl_loss: 0.2816
Epoch 142/200
93/93 - 52s - 556ms/step - accuracy: 0.7172 - autoencoder_loss: 1.9743 - kl_loss: 0.9740 - loss: 3.5201 - reconstruction_loss: 1.0004 - vc_loss: 4.1826 - weighted_kl_loss: 0.9740
Epoch 140/200
93/93 - 50s - 536ms/step - accuracy: 0.7146 - autoencoder_loss: 1.2357 - kl_loss: 0.2350 - loss: 5.3245 - reconstruction_loss: 1.0007 - vc_loss: 7.0768 - weighted_kl_loss: 0.2350
Epoch 143/200
93/93 - 50s - 539ms/step - accuracy: 0.7273 - autoencoder_loss: 1.2555 - kl_loss: 0.2560 - loss: 2.4595 - reconstruction_loss: 0.9995 - vc_loss: 2.9756 - weighted_kl_loss: 0.2560
Epoch 139/200
93/93 - 49s - 530ms/step - accuracy: 0.7247 - autoencoder_loss: 1.2758 - kl_loss: 0.2761 - loss: 2.6097 - reconstruction_loss: 0.9997 - vc_loss: 3.1813 - weighted_kl_loss: 0.2761
Epoch 143/200
93/93 - 51s - 548ms/step - accuracy: 0.7172 - autoencoder_loss: 1.9448 - kl_loss: 0.9446 - loss: 3.0111 - reconstruction_loss: 1.0002 - vc_loss: 3.4681 - weighted_kl_loss: 0.9446
Epoch 141/200
93/93 - 52s - 555ms/step - accuracy: 0.7146 - autoencoder_loss: 1.2754 - kl_loss: 0.2762 - loss: 4.5724 - reconstruction_loss: 0.9992 - vc_loss: 5.9854 - weighted_kl_loss: 0.2762
Epoch 144/200
93/93 - 52s - 559ms/step - accuracy: 0.7273 - autoencoder_loss: 1.2705 - kl_loss: 0.2675 - loss: 2.2308 - reconstruction_loss: 1.0030 - vc_loss: 2.6424 - weighted_kl_loss: 0.2675
Epoch 140/200
93/93 - 51s - 552ms/step - accuracy: 0.7247 - autoencoder_loss: 1.2737 - kl_loss: 0.2728 - loss: 2.6930 - reconstruction_loss: 1.0009 - vc_loss: 3.3013 - weighted_kl_loss: 0.2728
Epoch 144/200
93/93 - 50s - 532ms/step - accuracy: 0.7172 - autoencoder_loss: 1.8817 - kl_loss: 0.8795 - loss: 3.6316 - reconstruction_loss: 1.0021 - vc_loss: 4.3815 - weighted_kl_loss: 0.8795
Epoch 142/200
93/93 - 51s - 548ms/step - accuracy: 0.7273 - autoencoder_loss: 1.2539 - kl_loss: 0.2531 - loss: 3.0293 - reconstruction_loss: 1.0008 - vc_loss: 3.7901 - weighted_kl_loss: 0.2531
Epoch 141/200
93/93 - 50s - 539ms/step - accuracy: 0.7247 - autoencoder_loss: 1.2649 - kl_loss: 0.2651 - loss: 2.7790 - reconstruction_loss: 0.9998 - vc_loss: 3.4278 - weighted_kl_loss: 0.2651
Epoch 145/200
93/93 - 81s - 873ms/step - accuracy: 0.7146 - autoencoder_loss: 1.2303 - kl_loss: 0.2305 - loss: 4.0655 - reconstruction_loss: 0.9998 - vc_loss: 5.2807 - weighted_kl_loss: 0.2305
Epoch 145/200
93/93 - 51s - 547ms/step - accuracy: 0.7172 - autoencoder_loss: 1.8126 - kl_loss: 0.8133 - loss: 3.1678 - reconstruction_loss: 0.9994 - vc_loss: 3.7485 - weighted_kl_loss: 0.8133
Epoch 143/200
93/93 - 53s - 569ms/step - accuracy: 0.7273 - autoencoder_loss: 1.2328 - kl_loss: 0.2335 - loss: 2.3987 - reconstruction_loss: 0.9993 - vc_loss: 2.8983 - weighted_kl_loss: 0.2335
Epoch 142/200
93/93 - 52s - 554ms/step - accuracy: 0.7247 - autoencoder_loss: 1.2878 - kl_loss: 0.2884 - loss: 2.5728 - reconstruction_loss: 0.9994 - vc_loss: 3.1235 - weighted_kl_loss: 0.2884
Epoch 146/200
93/93 - 51s - 547ms/step - accuracy: 0.7146 - autoencoder_loss: 1.2218 - kl_loss: 0.2223 - loss: 5.2470 - reconstruction_loss: 0.9994 - vc_loss: 6.9721 - weighted_kl_loss: 0.2223
Epoch 146/200
93/93 - 52s - 564ms/step - accuracy: 0.7172 - autoencoder_loss: 1.8254 - kl_loss: 0.8260 - loss: 3.4536 - reconstruction_loss: 0.9994 - vc_loss: 4.1513 - weighted_kl_loss: 0.8260
Epoch 144/200
93/93 - 51s - 554ms/step - accuracy: 0.7273 - autoencoder_loss: 1.2420 - kl_loss: 0.2418 - loss: 2.6318 - reconstruction_loss: 1.0001 - vc_loss: 3.2275 - weighted_kl_loss: 0.2418
Epoch 143/200
93/93 - 51s - 548ms/step - accuracy: 0.7247 - autoencoder_loss: 1.2799 - kl_loss: 0.2802 - loss: 2.8402 - reconstruction_loss: 0.9997 - vc_loss: 3.5089 - weighted_kl_loss: 0.2802
Epoch 147/200
93/93 - 52s - 559ms/step - accuracy: 0.7146 - autoencoder_loss: 1.1613 - kl_loss: 0.1619 - loss: 3.5796 - reconstruction_loss: 0.9994 - vc_loss: 4.6161 - weighted_kl_loss: 0.1619
Epoch 147/200
93/93 - 52s - 559ms/step - accuracy: 0.7172 - autoencoder_loss: 1.8064 - kl_loss: 0.8067 - loss: 3.2310 - reconstruction_loss: 0.9998 - vc_loss: 3.8415 - weighted_kl_loss: 0.8067
Epoch 145/200
93/93 - 52s - 560ms/step - accuracy: 0.7273 - autoencoder_loss: 1.2379 - kl_loss: 0.2386 - loss: 2.2341 - reconstruction_loss: 0.9993 - vc_loss: 2.6611 - weighted_kl_loss: 0.2386
Epoch 144/200
93/93 - 52s - 558ms/step - accuracy: 0.7247 - autoencoder_loss: 1.2637 - kl_loss: 0.2629 - loss: 2.6284 - reconstruction_loss: 1.0009 - vc_loss: 3.2133 - weighted_kl_loss: 0.2629
Epoch 148/200
93/93 - 51s - 549ms/step - accuracy: 0.7146 - autoencoder_loss: 1.1497 - kl_loss: 0.1502 - loss: 2.8123 - reconstruction_loss: 0.9995 - vc_loss: 3.5248 - weighted_kl_loss: 0.1502
Epoch 148/200
93/93 - 51s - 548ms/step - accuracy: 0.7172 - autoencoder_loss: 1.8066 - kl_loss: 0.8061 - loss: 3.2836 - reconstruction_loss: 1.0006 - vc_loss: 3.9166 - weighted_kl_loss: 0.8061
Epoch 146/200
93/93 - 50s - 541ms/step - accuracy: 0.7273 - autoencoder_loss: 1.2339 - kl_loss: 0.2340 - loss: 2.1689 - reconstruction_loss: 0.9999 - vc_loss: 2.5696 - weighted_kl_loss: 0.2340
Epoch 145/200
93/93 - 50s - 537ms/step - accuracy: 0.7247 - autoencoder_loss: 1.2565 - kl_loss: 0.2564 - loss: 2.6953 - reconstruction_loss: 1.0001 - vc_loss: 3.3119 - weighted_kl_loss: 0.2564
Epoch 149/200
93/93 - 50s - 542ms/step - accuracy: 0.7146 - autoencoder_loss: 1.2016 - kl_loss: 0.2025 - loss: 3.6869 - reconstruction_loss: 0.9991 - vc_loss: 4.7520 - weighted_kl_loss: 0.2025
Epoch 149/200
93/93 - 51s - 547ms/step - accuracy: 0.7172 - autoencoder_loss: 1.7614 - kl_loss: 0.7612 - loss: 4.1038 - reconstruction_loss: 1.0002 - vc_loss: 5.1076 - weighted_kl_loss: 0.7612
Epoch 147/200
93/93 - 50s - 539ms/step - accuracy: 0.7247 - autoencoder_loss: 1.2786 - kl_loss: 0.2781 - loss: 2.4808 - reconstruction_loss: 1.0005 - vc_loss: 2.9960 - weighted_kl_loss: 0.2781
Epoch 150/200
93/93 - 52s - 556ms/step - accuracy: 0.7273 - autoencoder_loss: 1.2367 - kl_loss: 0.2373 - loss: 2.4780 - reconstruction_loss: 0.9994 - vc_loss: 3.0100 - weighted_kl_loss: 0.2373
Epoch 146/200
93/93 - 50s - 537ms/step - accuracy: 0.7146 - autoencoder_loss: 1.4094 - kl_loss: 0.4100 - loss: 6.7919 - reconstruction_loss: 0.9994 - vc_loss: 9.0987 - weighted_kl_loss: 0.4100
Epoch 150/200
93/93 - 52s - 555ms/step - accuracy: 0.7172 - autoencoder_loss: 1.7478 - kl_loss: 0.7479 - loss: 3.3247 - reconstruction_loss: 0.9999 - vc_loss: 4.0005 - weighted_kl_loss: 0.7479
Epoch 148/200
93/93 - 50s - 539ms/step - accuracy: 0.7247 - autoencoder_loss: 1.2663 - kl_loss: 0.2661 - loss: 3.1937 - reconstruction_loss: 1.0003 - vc_loss: 4.0196 - weighted_kl_loss: 0.2661
Epoch 151/200
93/93 - 51s - 546ms/step - accuracy: 0.7273 - autoencoder_loss: 1.2286 - kl_loss: 0.2273 - loss: 2.5321 - reconstruction_loss: 1.0013 - vc_loss: 3.0908 - weighted_kl_loss: 0.2273
Epoch 147/200
93/93 - 51s - 548ms/step - accuracy: 0.7146 - autoencoder_loss: 1.3354 - kl_loss: 0.3349 - loss: 5.2780 - reconstruction_loss: 1.0005 - vc_loss: 6.9678 - weighted_kl_loss: 0.3349
Epoch 151/200
93/93 - 50s - 541ms/step - accuracy: 0.7172 - autoencoder_loss: 1.7375 - kl_loss: 0.7384 - loss: 3.5655 - reconstruction_loss: 0.9992 - vc_loss: 4.3489 - weighted_kl_loss: 0.7384
Epoch 149/200
93/93 - 50s - 534ms/step - accuracy: 0.7247 - autoencoder_loss: 1.2597 - kl_loss: 0.2603 - loss: 2.9668 - reconstruction_loss: 0.9994 - vc_loss: 3.6985 - weighted_kl_loss: 0.2603
Epoch 152/200
93/93 - 51s - 550ms/step - accuracy: 0.7146 - autoencoder_loss: 1.2868 - kl_loss: 0.2877 - loss: 3.5948 - reconstruction_loss: 0.9991 - vc_loss: 4.5839 - weighted_kl_loss: 0.2877
Epoch 152/200
93/93 - 51s - 552ms/step - accuracy: 0.7172 - autoencoder_loss: 1.7527 - kl_loss: 0.7519 - loss: 3.1891 - reconstruction_loss: 1.0008 - vc_loss: 3.8047 - weighted_kl_loss: 0.7519
Epoch 150/200
93/93 - 82s - 885ms/step - accuracy: 0.7273 - autoencoder_loss: 1.2186 - kl_loss: 0.2186 - loss: 2.5323 - reconstruction_loss: 1.0000 - vc_loss: 3.0953 - weighted_kl_loss: 0.2186
Epoch 148/200
93/93 - 52s - 558ms/step - accuracy: 0.7247 - autoencoder_loss: 1.2501 - kl_loss: 0.2507 - loss: 3.3025 - reconstruction_loss: 0.9994 - vc_loss: 4.1821 - weighted_kl_loss: 0.2507
Epoch 153/200
93/93 - 51s - 551ms/step - accuracy: 0.7146 - autoencoder_loss: 1.2380 - kl_loss: 0.2386 - loss: 3.4759 - reconstruction_loss: 0.9995 - vc_loss: 4.4350 - weighted_kl_loss: 0.2386
Epoch 153/200
93/93 - 52s - 554ms/step - accuracy: 0.7172 - autoencoder_loss: 1.7433 - kl_loss: 0.7426 - loss: 3.2241 - reconstruction_loss: 1.0006 - vc_loss: 3.8588 - weighted_kl_loss: 0.7426
Epoch 151/200
93/93 - 52s - 562ms/step - accuracy: 0.7273 - autoencoder_loss: 1.2158 - kl_loss: 0.2163 - loss: 2.7239 - reconstruction_loss: 0.9995 - vc_loss: 3.3702 - weighted_kl_loss: 0.2163
Epoch 149/200
93/93 - 51s - 548ms/step - accuracy: 0.7247 - autoencoder_loss: 1.2563 - kl_loss: 0.2496 - loss: 3.0181 - reconstruction_loss: 1.0067 - vc_loss: 3.7731 - weighted_kl_loss: 0.2496
Epoch 154/200
93/93 - 52s - 558ms/step - accuracy: 0.7146 - autoencoder_loss: 1.2361 - kl_loss: 0.2366 - loss: 3.0952 - reconstruction_loss: 0.9995 - vc_loss: 3.8920 - weighted_kl_loss: 0.2366
Epoch 154/200
93/93 - 52s - 562ms/step - accuracy: 0.7172 - autoencoder_loss: 1.7814 - kl_loss: 0.7817 - loss: 3.2593 - reconstruction_loss: 0.9997 - vc_loss: 3.8927 - weighted_kl_loss: 0.7817
Epoch 152/200
93/93 - 52s - 561ms/step - accuracy: 0.7273 - autoencoder_loss: 1.2105 - kl_loss: 0.2110 - loss: 2.7042 - reconstruction_loss: 0.9995 - vc_loss: 3.3443 - weighted_kl_loss: 0.2110
Epoch 150/200
93/93 - 51s - 547ms/step - accuracy: 0.7247 - autoencoder_loss: 1.2328 - kl_loss: 0.2332 - loss: 2.6558 - reconstruction_loss: 0.9995 - vc_loss: 3.2656 - weighted_kl_loss: 0.2332
Epoch 155/200
93/93 - 52s - 559ms/step - accuracy: 0.7172 - autoencoder_loss: 1.7789 - kl_loss: 0.7790 - loss: 3.3676 - reconstruction_loss: 0.9999 - vc_loss: 4.0485 - weighted_kl_loss: 0.7790
Epoch 153/200
93/93 - 53s - 566ms/step - accuracy: 0.7273 - autoencoder_loss: 1.2060 - kl_loss: 0.2061 - loss: 2.5128 - reconstruction_loss: 0.9999 - vc_loss: 3.0728 - weighted_kl_loss: 0.2061
Epoch 151/200
93/93 - 51s - 544ms/step - accuracy: 0.7247 - autoencoder_loss: 1.2302 - kl_loss: 0.2295 - loss: 3.4054 - reconstruction_loss: 1.0007 - vc_loss: 4.3376 - weighted_kl_loss: 0.2295
Epoch 156/200
93/93 - 81s - 873ms/step - accuracy: 0.7146 - autoencoder_loss: 1.1850 - kl_loss: 0.1858 - loss: 3.2250 - reconstruction_loss: 0.9992 - vc_loss: 4.0992 - weighted_kl_loss: 0.1858
Epoch 155/200
93/93 - 49s - 529ms/step - accuracy: 0.7172 - autoencoder_loss: 1.7555 - kl_loss: 0.7556 - loss: 3.3112 - reconstruction_loss: 0.9999 - vc_loss: 3.9780 - weighted_kl_loss: 0.7556
Epoch 154/200
93/93 - 50s - 535ms/step - accuracy: 0.7273 - autoencoder_loss: 1.1960 - kl_loss: 0.1963 - loss: 2.7225 - reconstruction_loss: 0.9996 - vc_loss: 3.3768 - weighted_kl_loss: 0.1963
Epoch 152/200
93/93 - 49s - 528ms/step - accuracy: 0.7247 - autoencoder_loss: 1.2241 - kl_loss: 0.2247 - loss: 2.5996 - reconstruction_loss: 0.9994 - vc_loss: 3.1892 - weighted_kl_loss: 0.2247
Epoch 157/200
93/93 - 50s - 537ms/step - accuracy: 0.7146 - autoencoder_loss: 1.1800 - kl_loss: 0.1806 - loss: 2.9389 - reconstruction_loss: 0.9994 - vc_loss: 3.6927 - weighted_kl_loss: 0.1806
Epoch 156/200
93/93 - 49s - 532ms/step - accuracy: 0.7172 - autoencoder_loss: 1.7525 - kl_loss: 0.7535 - loss: 3.4754 - reconstruction_loss: 0.9990 - vc_loss: 4.2138 - weighted_kl_loss: 0.7535
Epoch 155/200
93/93 - 51s - 550ms/step - accuracy: 0.7273 - autoencoder_loss: 1.1900 - kl_loss: 0.1905 - loss: 2.0868 - reconstruction_loss: 0.9996 - vc_loss: 2.4712 - weighted_kl_loss: 0.1905
Epoch 153/200
93/93 - 50s - 532ms/step - accuracy: 0.7247 - autoencoder_loss: 1.2111 - kl_loss: 0.2114 - loss: 2.7634 - reconstruction_loss: 0.9996 - vc_loss: 3.4287 - weighted_kl_loss: 0.2114
Epoch 158/200
93/93 - 50s - 535ms/step - accuracy: 0.7146 - autoencoder_loss: 1.1616 - kl_loss: 0.1596 - loss: 2.6075 - reconstruction_loss: 1.0020 - vc_loss: 3.2271 - weighted_kl_loss: 0.1596
Epoch 157/200
93/93 - 51s - 551ms/step - accuracy: 0.7172 - autoencoder_loss: 1.7490 - kl_loss: 0.7459 - loss: 3.1421 - reconstruction_loss: 1.0032 - vc_loss: 3.7391 - weighted_kl_loss: 0.7459
Epoch 156/200
93/93 - 52s - 555ms/step - accuracy: 0.7273 - autoencoder_loss: 1.1855 - kl_loss: 0.1845 - loss: 2.3673 - reconstruction_loss: 1.0010 - vc_loss: 2.8738 - weighted_kl_loss: 0.1845
Epoch 154/200
93/93 - 51s - 544ms/step - accuracy: 0.7247 - autoencoder_loss: 1.2090 - kl_loss: 0.2098 - loss: 2.4754 - reconstruction_loss: 0.9992 - vc_loss: 3.0182 - weighted_kl_loss: 0.2098
Epoch 159/200
93/93 - 50s - 538ms/step - accuracy: 0.7146 - autoencoder_loss: 1.1465 - kl_loss: 0.1462 - loss: 2.6213 - reconstruction_loss: 1.0003 - vc_loss: 3.2533 - weighted_kl_loss: 0.1462
Epoch 158/200
93/93 - 51s - 547ms/step - accuracy: 0.7172 - autoencoder_loss: 1.7295 - kl_loss: 0.7294 - loss: 3.0614 - reconstruction_loss: 1.0000 - vc_loss: 3.6322 - weighted_kl_loss: 0.7294
Epoch 157/200
93/93 - 51s - 547ms/step - accuracy: 0.7273 - autoencoder_loss: 1.1757 - kl_loss: 0.1759 - loss: 2.6121 - reconstruction_loss: 0.9998 - vc_loss: 3.2277 - weighted_kl_loss: 0.1759
Epoch 155/200
93/93 - 51s - 548ms/step - accuracy: 0.7247 - autoencoder_loss: 1.2009 - kl_loss: 0.2015 - loss: 2.6413 - reconstruction_loss: 0.9995 - vc_loss: 3.2587 - weighted_kl_loss: 0.2015
Epoch 160/200
93/93 - 51s - 544ms/step - accuracy: 0.7146 - autoencoder_loss: 1.1488 - kl_loss: 0.1497 - loss: 3.1890 - reconstruction_loss: 0.9992 - vc_loss: 4.0633 - weighted_kl_loss: 0.1497
Epoch 159/200
93/93 - 51s - 548ms/step - accuracy: 0.7172 - autoencoder_loss: 1.7197 - kl_loss: 0.7201 - loss: 2.4800 - reconstruction_loss: 0.9995 - vc_loss: 2.8058 - weighted_kl_loss: 0.7201
Epoch 158/200
93/93 - 52s - 559ms/step - accuracy: 0.7273 - autoencoder_loss: 1.1745 - kl_loss: 0.1746 - loss: 2.8217 - reconstruction_loss: 0.9999 - vc_loss: 3.5277 - weighted_kl_loss: 0.1746
Epoch 156/200
93/93 - 51s - 551ms/step - accuracy: 0.7247 - autoencoder_loss: 1.1955 - kl_loss: 0.1960 - loss: 2.5047 - reconstruction_loss: 0.9995 - vc_loss: 3.0658 - weighted_kl_loss: 0.1960
Epoch 161/200
93/93 - 51s - 549ms/step - accuracy: 0.7146 - autoencoder_loss: 1.1330 - kl_loss: 0.1332 - loss: 3.0583 - reconstruction_loss: 0.9998 - vc_loss: 3.8835 - weighted_kl_loss: 0.1332
Epoch 160/200
93/93 - 51s - 550ms/step - accuracy: 0.7172 - autoencoder_loss: 1.6928 - kl_loss: 0.6926 - loss: 2.7452 - reconstruction_loss: 1.0001 - vc_loss: 3.1963 - weighted_kl_loss: 0.6926
Epoch 159/200
93/93 - 51s - 550ms/step - accuracy: 0.7273 - autoencoder_loss: 1.1665 - kl_loss: 0.1672 - loss: 2.6340 - reconstruction_loss: 0.9993 - vc_loss: 3.2629 - weighted_kl_loss: 0.1672
Epoch 157/200
93/93 - 50s - 536ms/step - accuracy: 0.7247 - autoencoder_loss: 1.1921 - kl_loss: 0.1930 - loss: 2.5798 - reconstruction_loss: 0.9991 - vc_loss: 3.1745 - weighted_kl_loss: 0.1930
Epoch 162/200
93/93 - 50s - 536ms/step - accuracy: 0.7146 - autoencoder_loss: 1.1150 - kl_loss: 0.1154 - loss: 2.8178 - reconstruction_loss: 0.9995 - vc_loss: 3.5476 - weighted_kl_loss: 0.1154
Epoch 161/200
93/93 - 51s - 547ms/step - accuracy: 0.7172 - autoencoder_loss: 1.6801 - kl_loss: 0.6808 - loss: 2.5097 - reconstruction_loss: 0.9993 - vc_loss: 2.8653 - weighted_kl_loss: 0.6808
Epoch 160/200
93/93 - 50s - 542ms/step - accuracy: 0.7273 - autoencoder_loss: 1.1637 - kl_loss: 0.1640 - loss: 3.2650 - reconstruction_loss: 0.9997 - vc_loss: 4.1656 - weighted_kl_loss: 0.1640
Epoch 158/200
93/93 - 50s - 539ms/step - accuracy: 0.7247 - autoencoder_loss: 1.1967 - kl_loss: 0.1976 - loss: 2.6965 - reconstruction_loss: 0.9991 - vc_loss: 3.3393 - weighted_kl_loss: 0.1976
Epoch 163/200
93/93 - 50s - 538ms/step - accuracy: 0.7146 - autoencoder_loss: 1.0961 - kl_loss: 0.0968 - loss: 2.8372 - reconstruction_loss: 0.9993 - vc_loss: 3.5834 - weighted_kl_loss: 0.0968
Epoch 162/200
93/93 - 52s - 554ms/step - accuracy: 0.7172 - autoencoder_loss: 1.6759 - kl_loss: 0.6764 - loss: 2.8054 - reconstruction_loss: 0.9996 - vc_loss: 3.2894 - weighted_kl_loss: 0.6764
Epoch 161/200
93/93 - 50s - 543ms/step - accuracy: 0.7273 - autoencoder_loss: 1.1719 - kl_loss: 0.1651 - loss: 2.5317 - reconstruction_loss: 1.0068 - vc_loss: 3.1144 - weighted_kl_loss: 0.1651
Epoch 159/200
93/93 - 51s - 547ms/step - accuracy: 0.7247 - autoencoder_loss: 1.1945 - kl_loss: 0.1926 - loss: 2.7133 - reconstruction_loss: 1.0019 - vc_loss: 3.3642 - weighted_kl_loss: 0.1926
Epoch 164/200
93/93 - 52s - 554ms/step - accuracy: 0.7146 - autoencoder_loss: 1.0892 - kl_loss: 0.0895 - loss: 2.7282 - reconstruction_loss: 0.9996 - vc_loss: 3.4306 - weighted_kl_loss: 0.0895
Epoch 163/200
93/93 - 54s - 583ms/step - accuracy: 0.7172 - autoencoder_loss: 1.6728 - kl_loss: 0.6703 - loss: 2.9524 - reconstruction_loss: 1.0025 - vc_loss: 3.5008 - weighted_kl_loss: 0.6703
Epoch 162/200
93/93 - 55s - 586ms/step - accuracy: 0.7273 - autoencoder_loss: 1.1642 - kl_loss: 0.1634 - loss: 2.6138 - reconstruction_loss: 1.0008 - vc_loss: 3.2351 - weighted_kl_loss: 0.1634
Epoch 160/200
93/93 - 54s - 579ms/step - accuracy: 0.7247 - autoencoder_loss: 1.1844 - kl_loss: 0.1845 - loss: 2.7620 - reconstruction_loss: 0.9999 - vc_loss: 3.4381 - weighted_kl_loss: 0.1845
Epoch 165/200
93/93 - 52s - 564ms/step - accuracy: 0.7146 - autoencoder_loss: 1.0864 - kl_loss: 0.0864 - loss: 2.6519 - reconstruction_loss: 1.0001 - vc_loss: 3.3228 - weighted_kl_loss: 0.0864
Epoch 164/200
93/93 - 52s - 563ms/step - accuracy: 0.7172 - autoencoder_loss: 1.6528 - kl_loss: 0.6517 - loss: 2.8859 - reconstruction_loss: 1.0012 - vc_loss: 3.4143 - weighted_kl_loss: 0.6517
Epoch 163/200
93/93 - 52s - 556ms/step - accuracy: 0.7273 - autoencoder_loss: 1.1657 - kl_loss: 0.1663 - loss: 2.4526 - reconstruction_loss: 0.9994 - vc_loss: 3.0042 - weighted_kl_loss: 0.1663
Epoch 161/200
93/93 - 52s - 561ms/step - accuracy: 0.7247 - autoencoder_loss: 1.1889 - kl_loss: 0.1898 - loss: 2.7716 - reconstruction_loss: 0.9991 - vc_loss: 3.4499 - weighted_kl_loss: 0.1898
Epoch 166/200
93/93 - 50s - 542ms/step - accuracy: 0.7146 - autoencoder_loss: 1.0827 - kl_loss: 0.0828 - loss: 2.4687 - reconstruction_loss: 0.9999 - vc_loss: 3.0627 - weighted_kl_loss: 0.0828
Epoch 165/200
93/93 - 51s - 547ms/step - accuracy: 0.7172 - autoencoder_loss: 1.6460 - kl_loss: 0.6459 - loss: 2.5706 - reconstruction_loss: 1.0001 - vc_loss: 2.9668 - weighted_kl_loss: 0.6459
Epoch 164/200
93/93 - 52s - 559ms/step - accuracy: 0.7273 - autoencoder_loss: 1.1667 - kl_loss: 0.1663 - loss: 2.6960 - reconstruction_loss: 1.0003 - vc_loss: 3.3514 - weighted_kl_loss: 0.1663
Epoch 162/200
93/93 - 52s - 554ms/step - accuracy: 0.7247 - autoencoder_loss: 1.3026 - kl_loss: 0.3032 - loss: 2.6053 - reconstruction_loss: 0.9993 - vc_loss: 3.1636 - weighted_kl_loss: 0.3032
Epoch 167/200
93/93 - 52s - 556ms/step - accuracy: 0.7146 - autoencoder_loss: 1.0775 - kl_loss: 0.0772 - loss: 2.6243 - reconstruction_loss: 1.0003 - vc_loss: 3.2872 - weighted_kl_loss: 0.0772
Epoch 166/200
93/93 - 54s - 579ms/step - accuracy: 0.7172 - autoencoder_loss: 1.6402 - kl_loss: 0.6403 - loss: 2.5332 - reconstruction_loss: 0.9999 - vc_loss: 2.9160 - weighted_kl_loss: 0.6403
Epoch 165/200
93/93 - 56s - 597ms/step - accuracy: 0.7273 - autoencoder_loss: 1.1586 - kl_loss: 0.1588 - loss: 1.8863 - reconstruction_loss: 0.9997 - vc_loss: 2.1981 - weighted_kl_loss: 0.1588
Epoch 163/200
93/93 - 55s - 593ms/step - accuracy: 0.7247 - autoencoder_loss: 1.2599 - kl_loss: 0.2606 - loss: 3.0927 - reconstruction_loss: 0.9993 - vc_loss: 3.8782 - weighted_kl_loss: 0.2606
Epoch 168/200
93/93 - 54s - 583ms/step - accuracy: 0.7146 - autoencoder_loss: 1.0717 - kl_loss: 0.0723 - loss: 2.5502 - reconstruction_loss: 0.9994 - vc_loss: 3.1839 - weighted_kl_loss: 0.0723
Epoch 167/200
93/93 - 53s - 570ms/step - accuracy: 0.7172 - autoencoder_loss: 1.6288 - kl_loss: 0.6294 - loss: 2.9308 - reconstruction_loss: 0.9994 - vc_loss: 3.4888 - weighted_kl_loss: 0.6294
Epoch 166/200
93/93 - 52s - 560ms/step - accuracy: 0.7273 - autoencoder_loss: 1.1523 - kl_loss: 0.1533 - loss: 2.4297 - reconstruction_loss: 0.9990 - vc_loss: 2.9772 - weighted_kl_loss: 0.1533
Epoch 164/200
93/93 - 51s - 550ms/step - accuracy: 0.7247 - autoencoder_loss: 1.2318 - kl_loss: 0.2322 - loss: 2.5834 - reconstruction_loss: 0.9996 - vc_loss: 3.1627 - weighted_kl_loss: 0.2322
Epoch 169/200
93/93 - 51s - 545ms/step - accuracy: 0.7146 - autoencoder_loss: 1.0679 - kl_loss: 0.0680 - loss: 2.1599 - reconstruction_loss: 0.9998 - vc_loss: 2.6278 - weighted_kl_loss: 0.0680
Epoch 168/200
93/93 - 51s - 545ms/step - accuracy: 0.7172 - autoencoder_loss: 1.6229 - kl_loss: 0.6221 - loss: 2.6714 - reconstruction_loss: 1.0008 - vc_loss: 3.1208 - weighted_kl_loss: 0.6221
Epoch 167/200
93/93 - 51s - 552ms/step - accuracy: 0.7273 - autoencoder_loss: 1.1571 - kl_loss: 0.1574 - loss: 2.5195 - reconstruction_loss: 0.9997 - vc_loss: 3.1034 - weighted_kl_loss: 0.1574
Epoch 165/200
93/93 - 50s - 542ms/step - accuracy: 0.7247 - autoencoder_loss: 1.2110 - kl_loss: 0.2117 - loss: 2.8785 - reconstruction_loss: 0.9993 - vc_loss: 3.5931 - weighted_kl_loss: 0.2117
Epoch 170/200
93/93 - 51s - 546ms/step - accuracy: 0.7146 - autoencoder_loss: 1.0718 - kl_loss: 0.0717 - loss: 2.5211 - reconstruction_loss: 1.0001 - vc_loss: 3.1422 - weighted_kl_loss: 0.0717
Epoch 169/200
93/93 - 53s - 573ms/step - accuracy: 0.7172 - autoencoder_loss: 1.6133 - kl_loss: 0.6136 - loss: 3.0017 - reconstruction_loss: 0.9997 - vc_loss: 3.5967 - weighted_kl_loss: 0.6136
Epoch 168/200
93/93 - 54s - 582ms/step - accuracy: 0.7273 - autoencoder_loss: 1.1575 - kl_loss: 0.1581 - loss: 2.3828 - reconstruction_loss: 0.9994 - vc_loss: 2.9080 - weighted_kl_loss: 0.1581
Epoch 166/200
93/93 - 53s - 570ms/step - accuracy: 0.7247 - autoencoder_loss: 1.2199 - kl_loss: 0.2125 - loss: 2.4473 - reconstruction_loss: 1.0074 - vc_loss: 2.9733 - weighted_kl_loss: 0.2125
Epoch 171/200
93/93 - 54s - 580ms/step - accuracy: 0.7146 - autoencoder_loss: 1.0683 - kl_loss: 0.0685 - loss: 2.4642 - reconstruction_loss: 0.9997 - vc_loss: 3.0625 - weighted_kl_loss: 0.0685
Epoch 170/200
93/93 - 51s - 553ms/step - accuracy: 0.7172 - autoencoder_loss: 1.6097 - kl_loss: 0.6099 - loss: 2.4811 - reconstruction_loss: 0.9999 - vc_loss: 2.8545 - weighted_kl_loss: 0.6099
Epoch 169/200
93/93 - 51s - 550ms/step - accuracy: 0.7273 - autoencoder_loss: 1.1570 - kl_loss: 0.1575 - loss: 2.6757 - reconstruction_loss: 0.9995 - vc_loss: 3.3265 - weighted_kl_loss: 0.1575
Epoch 167/200
93/93 - 51s - 546ms/step - accuracy: 0.7247 - autoencoder_loss: 1.1993 - kl_loss: 0.1982 - loss: 2.5267 - reconstruction_loss: 1.0011 - vc_loss: 3.0956 - weighted_kl_loss: 0.1982
Epoch 172/200
93/93 - 50s - 533ms/step - accuracy: 0.7146 - autoencoder_loss: 1.0638 - kl_loss: 0.0644 - loss: 2.6502 - reconstruction_loss: 0.9994 - vc_loss: 3.3301 - weighted_kl_loss: 0.0644
Epoch 171/200
93/93 - 51s - 547ms/step - accuracy: 0.7172 - autoencoder_loss: 1.6382 - kl_loss: 0.6383 - loss: 4.0069 - reconstruction_loss: 0.9999 - vc_loss: 5.0220 - weighted_kl_loss: 0.6383
Epoch 170/200
93/93 - 52s - 560ms/step - accuracy: 0.7273 - autoencoder_loss: 1.1938 - kl_loss: 0.1940 - loss: 3.0168 - reconstruction_loss: 0.9998 - vc_loss: 3.7980 - weighted_kl_loss: 0.1940
Epoch 168/200
93/93 - 51s - 554ms/step - accuracy: 0.7247 - autoencoder_loss: 1.1760 - kl_loss: 0.1757 - loss: 2.4076 - reconstruction_loss: 1.0003 - vc_loss: 2.9354 - weighted_kl_loss: 0.1757
Epoch 173/200
93/93 - 50s - 542ms/step - accuracy: 0.7146 - autoencoder_loss: 1.0609 - kl_loss: 0.0610 - loss: 2.4189 - reconstruction_loss: 0.9999 - vc_loss: 3.0008 - weighted_kl_loss: 0.0610
Epoch 172/200
93/93 - 51s - 547ms/step - accuracy: 0.7172 - autoencoder_loss: 1.6287 - kl_loss: 0.6264 - loss: 2.8396 - reconstruction_loss: 1.0023 - vc_loss: 3.3586 - weighted_kl_loss: 0.6264
Epoch 171/200
93/93 - 52s - 560ms/step - accuracy: 0.7273 - autoencoder_loss: 1.2032 - kl_loss: 0.2036 - loss: 2.3939 - reconstruction_loss: 0.9996 - vc_loss: 2.9042 - weighted_kl_loss: 0.2036
Epoch 169/200
93/93 - 51s - 550ms/step - accuracy: 0.7146 - autoencoder_loss: 1.0671 - kl_loss: 0.0672 - loss: 2.7075 - reconstruction_loss: 0.9999 - vc_loss: 3.4106 - weighted_kl_loss: 0.0672
Epoch 173/200
93/93 - 52s - 554ms/step - accuracy: 0.7247 - autoencoder_loss: 1.1636 - kl_loss: 0.1640 - loss: 2.7315 - reconstruction_loss: 0.9996 - vc_loss: 3.4035 - weighted_kl_loss: 0.1640
Epoch 174/200
93/93 - 52s - 560ms/step - accuracy: 0.7172 - autoencoder_loss: 1.6209 - kl_loss: 0.6178 - loss: 2.9124 - reconstruction_loss: 1.0031 - vc_loss: 3.4659 - weighted_kl_loss: 0.6178
Epoch 172/200
93/93 - 51s - 553ms/step - accuracy: 0.7273 - autoencoder_loss: 1.1923 - kl_loss: 0.1924 - loss: 3.1773 - reconstruction_loss: 0.9999 - vc_loss: 4.0280 - weighted_kl_loss: 0.1924
Epoch 170/200
93/93 - 50s - 537ms/step - accuracy: 0.7146 - autoencoder_loss: 1.0923 - kl_loss: 0.0925 - loss: 2.8953 - reconstruction_loss: 0.9998 - vc_loss: 3.6681 - weighted_kl_loss: 0.0925
Epoch 174/200
93/93 - 51s - 543ms/step - accuracy: 0.7247 - autoencoder_loss: 1.1626 - kl_loss: 0.1632 - loss: 2.2449 - reconstruction_loss: 0.9994 - vc_loss: 2.7087 - weighted_kl_loss: 0.1632
Epoch 175/200
93/93 - 53s - 567ms/step - accuracy: 0.7172 - autoencoder_loss: 1.6110 - kl_loss: 0.6098 - loss: 4.5725 - reconstruction_loss: 1.0013 - vc_loss: 5.8417 - weighted_kl_loss: 0.6098
Epoch 173/200
93/93 - 53s - 565ms/step - accuracy: 0.7273 - autoencoder_loss: 1.1704 - kl_loss: 0.1693 - loss: 2.8924 - reconstruction_loss: 1.0011 - vc_loss: 3.6304 - weighted_kl_loss: 0.1693
Epoch 171/200
93/93 - 52s - 560ms/step - accuracy: 0.7146 - autoencoder_loss: 1.0782 - kl_loss: 0.0790 - loss: 2.5317 - reconstruction_loss: 0.9992 - vc_loss: 3.1546 - weighted_kl_loss: 0.0790
Epoch 175/200
93/93 - 52s - 558ms/step - accuracy: 0.7247 - autoencoder_loss: 1.1631 - kl_loss: 0.1632 - loss: 2.3904 - reconstruction_loss: 0.9999 - vc_loss: 2.9164 - weighted_kl_loss: 0.1632
Epoch 176/200
93/93 - 54s - 581ms/step - accuracy: 0.7172 - autoencoder_loss: 1.5998 - kl_loss: 0.5989 - loss: 3.2293 - reconstruction_loss: 1.0009 - vc_loss: 3.9277 - weighted_kl_loss: 0.5989
Epoch 174/200
93/93 - 54s - 577ms/step - accuracy: 0.7146 - autoencoder_loss: 1.0924 - kl_loss: 0.0926 - loss: 2.4168 - reconstruction_loss: 0.9999 - vc_loss: 2.9843 - weighted_kl_loss: 0.0926
Epoch 176/200
93/93 - 55s - 589ms/step - accuracy: 0.7247 - autoencoder_loss: 1.1738 - kl_loss: 0.1744 - loss: 2.6998 - reconstruction_loss: 0.9993 - vc_loss: 3.3538 - weighted_kl_loss: 0.1744
Epoch 177/200
93/93 - 84s - 898ms/step - accuracy: 0.7273 - autoencoder_loss: 1.1571 - kl_loss: 0.1576 - loss: 2.4416 - reconstruction_loss: 0.9995 - vc_loss: 2.9920 - weighted_kl_loss: 0.1576
Epoch 172/200
93/93 - 52s - 562ms/step - accuracy: 0.7172 - autoencoder_loss: 1.6012 - kl_loss: 0.6014 - loss: 3.2203 - reconstruction_loss: 0.9997 - vc_loss: 3.9143 - weighted_kl_loss: 0.6014
Epoch 175/200
93/93 - 51s - 543ms/step - accuracy: 0.7146 - autoencoder_loss: 1.1009 - kl_loss: 0.1014 - loss: 2.5345 - reconstruction_loss: 0.9994 - vc_loss: 3.1489 - weighted_kl_loss: 0.1014
Epoch 177/200
93/93 - 51s - 548ms/step - accuracy: 0.7247 - autoencoder_loss: 1.1613 - kl_loss: 0.1614 - loss: 2.3648 - reconstruction_loss: 0.9999 - vc_loss: 2.8806 - weighted_kl_loss: 0.1614
Epoch 178/200
93/93 - 51s - 551ms/step - accuracy: 0.7273 - autoencoder_loss: 1.1474 - kl_loss: 0.1478 - loss: 2.2957 - reconstruction_loss: 0.9996 - vc_loss: 2.7877 - weighted_kl_loss: 0.1478
Epoch 173/200
93/93 - 52s - 557ms/step - accuracy: 0.7172 - autoencoder_loss: 1.6067 - kl_loss: 0.6074 - loss: 3.3294 - reconstruction_loss: 0.9993 - vc_loss: 4.0677 - weighted_kl_loss: 0.6074
Epoch 176/200
93/93 - 52s - 555ms/step - accuracy: 0.7146 - autoencoder_loss: 1.0913 - kl_loss: 0.0915 - loss: 2.7146 - reconstruction_loss: 0.9998 - vc_loss: 3.4103 - weighted_kl_loss: 0.0915
Epoch 178/200
93/93 - 52s - 554ms/step - accuracy: 0.7247 - autoencoder_loss: 1.1574 - kl_loss: 0.1577 - loss: 2.6721 - reconstruction_loss: 0.9997 - vc_loss: 3.3213 - weighted_kl_loss: 0.1577
Epoch 179/200
93/93 - 52s - 560ms/step - accuracy: 0.7273 - autoencoder_loss: 1.1438 - kl_loss: 0.1440 - loss: 3.1511 - reconstruction_loss: 0.9998 - vc_loss: 4.0114 - weighted_kl_loss: 0.1440
Epoch 174/200
93/93 - 51s - 551ms/step - accuracy: 0.7172 - autoencoder_loss: 1.5932 - kl_loss: 0.5922 - loss: 3.8163 - reconstruction_loss: 1.0010 - vc_loss: 4.7691 - weighted_kl_loss: 0.5922
Epoch 177/200
93/93 - 52s - 557ms/step - accuracy: 0.7146 - autoencoder_loss: 1.0758 - kl_loss: 0.0739 - loss: 2.3260 - reconstruction_loss: 1.0019 - vc_loss: 2.8618 - weighted_kl_loss: 0.0739
Epoch 179/200
93/93 - 52s - 557ms/step - accuracy: 0.7247 - autoencoder_loss: 1.1383 - kl_loss: 0.1392 - loss: 2.8232 - reconstruction_loss: 0.9991 - vc_loss: 3.5453 - weighted_kl_loss: 0.1392
Epoch 180/200
93/93 - 53s - 568ms/step - accuracy: 0.7273 - autoencoder_loss: 1.1367 - kl_loss: 0.1369 - loss: 2.3117 - reconstruction_loss: 0.9997 - vc_loss: 2.8154 - weighted_kl_loss: 0.1369
Epoch 175/200
93/93 - 53s - 566ms/step - accuracy: 0.7172 - autoencoder_loss: 1.5638 - kl_loss: 0.5643 - loss: 2.7333 - reconstruction_loss: 0.9995 - vc_loss: 3.2345 - weighted_kl_loss: 0.5643
Epoch 178/200
93/93 - 51s - 544ms/step - accuracy: 0.7146 - autoencoder_loss: 1.0559 - kl_loss: 0.0556 - loss: 2.8475 - reconstruction_loss: 1.0003 - vc_loss: 3.6154 - weighted_kl_loss: 0.0556
Epoch 180/200
93/93 - 51s - 547ms/step - accuracy: 0.7247 - autoencoder_loss: 1.1266 - kl_loss: 0.1268 - loss: 3.0364 - reconstruction_loss: 0.9998 - vc_loss: 3.8550 - weighted_kl_loss: 0.1268
Epoch 181/200
93/93 - 53s - 565ms/step - accuracy: 0.7273 - autoencoder_loss: 1.1407 - kl_loss: 0.1414 - loss: 2.5613 - reconstruction_loss: 0.9994 - vc_loss: 3.1700 - weighted_kl_loss: 0.1414
Epoch 176/200
93/93 - 51s - 545ms/step - accuracy: 0.7172 - autoencoder_loss: 1.5683 - kl_loss: 0.5680 - loss: 2.9611 - reconstruction_loss: 1.0003 - vc_loss: 3.5580 - weighted_kl_loss: 0.5680
Epoch 179/200
93/93 - 50s - 541ms/step - accuracy: 0.7146 - autoencoder_loss: 1.0521 - kl_loss: 0.0524 - loss: 2.1504 - reconstruction_loss: 0.9997 - vc_loss: 2.6212 - weighted_kl_loss: 0.0524
Epoch 181/200
93/93 - 50s - 542ms/step - accuracy: 0.7247 - autoencoder_loss: 1.1243 - kl_loss: 0.1243 - loss: 2.6286 - reconstruction_loss: 1.0001 - vc_loss: 3.2733 - weighted_kl_loss: 0.1243
Epoch 182/200
93/93 - 52s - 557ms/step - accuracy: 0.7273 - autoencoder_loss: 1.1991 - kl_loss: 0.1982 - loss: 2.8176 - reconstruction_loss: 1.0009 - vc_loss: 3.5112 - weighted_kl_loss: 0.1982
Epoch 177/200
93/93 - 51s - 551ms/step - accuracy: 0.7172 - autoencoder_loss: 1.5539 - kl_loss: 0.5548 - loss: 3.1670 - reconstruction_loss: 0.9991 - vc_loss: 3.8584 - weighted_kl_loss: 0.5548
Epoch 180/200
93/93 - 51s - 550ms/step - accuracy: 0.7146 - autoencoder_loss: 1.0709 - kl_loss: 0.0697 - loss: 2.5562 - reconstruction_loss: 1.0013 - vc_loss: 3.1928 - weighted_kl_loss: 0.0697
Epoch 182/200
93/93 - 50s - 539ms/step - accuracy: 0.7247 - autoencoder_loss: 1.1472 - kl_loss: 0.1465 - loss: 2.7076 - reconstruction_loss: 1.0007 - vc_loss: 3.3763 - weighted_kl_loss: 0.1465
Epoch 183/200
93/93 - 52s - 559ms/step - accuracy: 0.7273 - autoencoder_loss: 1.1788 - kl_loss: 0.1789 - loss: 3.0460 - reconstruction_loss: 1.0000 - vc_loss: 3.8462 - weighted_kl_loss: 0.1789
Epoch 178/200
93/93 - 52s - 563ms/step - accuracy: 0.7172 - autoencoder_loss: 1.5588 - kl_loss: 0.5593 - loss: 3.7574 - reconstruction_loss: 0.9995 - vc_loss: 4.6997 - weighted_kl_loss: 0.5593
Epoch 181/200
93/93 - 52s - 559ms/step - accuracy: 0.7146 - autoencoder_loss: 1.0583 - kl_loss: 0.0550 - loss: 2.8070 - reconstruction_loss: 1.0034 - vc_loss: 3.5565 - weighted_kl_loss: 0.0550
Epoch 183/200
93/93 - 53s - 566ms/step - accuracy: 0.7247 - autoencoder_loss: 1.1920 - kl_loss: 0.1911 - loss: 3.1234 - reconstruction_loss: 1.0009 - vc_loss: 3.9511 - weighted_kl_loss: 0.1911
Epoch 184/200
93/93 - 51s - 551ms/step - accuracy: 0.7273 - autoencoder_loss: 1.1996 - kl_loss: 0.1990 - loss: 2.9930 - reconstruction_loss: 1.0007 - vc_loss: 3.7616 - weighted_kl_loss: 0.1990
Epoch 179/200
93/93 - 51s - 553ms/step - accuracy: 0.7172 - autoencoder_loss: 1.5514 - kl_loss: 0.5514 - loss: 4.3476 - reconstruction_loss: 1.0000 - vc_loss: 5.5460 - weighted_kl_loss: 0.5514
Epoch 182/200
93/93 - 49s - 530ms/step - accuracy: 0.7146 - autoencoder_loss: 1.0624 - kl_loss: 0.0627 - loss: 2.3213 - reconstruction_loss: 0.9998 - vc_loss: 2.8609 - weighted_kl_loss: 0.0627
Epoch 184/200
93/93 - 50s - 535ms/step - accuracy: 0.7247 - autoencoder_loss: 1.1700 - kl_loss: 0.1697 - loss: 3.5728 - reconstruction_loss: 1.0004 - vc_loss: 4.6025 - weighted_kl_loss: 0.1697
Epoch 185/200
93/93 - 50s - 541ms/step - accuracy: 0.7273 - autoencoder_loss: 1.2098 - kl_loss: 0.2106 - loss: 4.3151 - reconstruction_loss: 0.9993 - vc_loss: 5.6460 - weighted_kl_loss: 0.2106
Epoch 180/200
93/93 - 51s - 552ms/step - accuracy: 0.7172 - autoencoder_loss: 1.5472 - kl_loss: 0.5479 - loss: 3.9406 - reconstruction_loss: 0.9993 - vc_loss: 4.9664 - weighted_kl_loss: 0.5479
Epoch 183/200
93/93 - 49s - 527ms/step - accuracy: 0.7146 - autoencoder_loss: 1.1475 - kl_loss: 0.1483 - loss: 2.9631 - reconstruction_loss: 0.9993 - vc_loss: 3.7412 - weighted_kl_loss: 0.1483
Epoch 185/200
93/93 - 50s - 536ms/step - accuracy: 0.7247 - autoencoder_loss: 1.1502 - kl_loss: 0.1487 - loss: 2.4138 - reconstruction_loss: 1.0014 - vc_loss: 2.9554 - weighted_kl_loss: 0.1487
Epoch 186/200
93/93 - 51s - 544ms/step - accuracy: 0.7273 - autoencoder_loss: 1.1650 - kl_loss: 0.1648 - loss: 3.3406 - reconstruction_loss: 1.0001 - vc_loss: 4.2730 - weighted_kl_loss: 0.1648
Epoch 181/200
93/93 - 51s - 544ms/step - accuracy: 0.7172 - autoencoder_loss: 1.5704 - kl_loss: 0.5709 - loss: 4.5210 - reconstruction_loss: 0.9996 - vc_loss: 5.7856 - weighted_kl_loss: 0.5709
Epoch 184/200
93/93 - 50s - 538ms/step - accuracy: 0.7146 - autoencoder_loss: 1.1405 - kl_loss: 0.1399 - loss: 2.7279 - reconstruction_loss: 1.0006 - vc_loss: 3.4083 - weighted_kl_loss: 0.1399
Epoch 186/200
93/93 - 50s - 541ms/step - accuracy: 0.7247 - autoencoder_loss: 1.1320 - kl_loss: 0.1326 - loss: 2.6736 - reconstruction_loss: 0.9994 - vc_loss: 3.3343 - weighted_kl_loss: 0.1326
Epoch 187/200
93/93 - 48s - 520ms/step - accuracy: 0.7273 - autoencoder_loss: 1.1520 - kl_loss: 0.1525 - loss: 2.7965 - reconstruction_loss: 0.9995 - vc_loss: 3.5013 - weighted_kl_loss: 0.1525
Epoch 182/200
93/93 - 48s - 517ms/step - accuracy: 0.7146 - autoencoder_loss: 1.1312 - kl_loss: 0.1314 - loss: 2.4845 - reconstruction_loss: 0.9998 - vc_loss: 3.0645 - weighted_kl_loss: 0.1314
Epoch 187/200
93/93 - 50s - 541ms/step - accuracy: 0.7172 - autoencoder_loss: 1.5408 - kl_loss: 0.5404 - loss: 3.3005 - reconstruction_loss: 1.0004 - vc_loss: 4.0546 - weighted_kl_loss: 0.5404
Epoch 185/200
93/93 - 83s - 893ms/step - accuracy: 0.7247 - autoencoder_loss: 1.1202 - kl_loss: 0.1201 - loss: 2.6540 - reconstruction_loss: 1.0001 - vc_loss: 3.3114 - weighted_kl_loss: 0.1201
Epoch 188/200
93/93 - 51s - 550ms/step - accuracy: 0.7273 - autoencoder_loss: 1.1416 - kl_loss: 0.1420 - loss: 2.5872 - reconstruction_loss: 0.9996 - vc_loss: 3.2068 - weighted_kl_loss: 0.1420
Epoch 183/200
93/93 - 51s - 551ms/step - accuracy: 0.7146 - autoencoder_loss: 1.1208 - kl_loss: 0.1216 - loss: 3.0630 - reconstruction_loss: 0.9992 - vc_loss: 3.8953 - weighted_kl_loss: 0.1216
Epoch 188/200
93/93 - 51s - 547ms/step - accuracy: 0.7172 - autoencoder_loss: 1.5338 - kl_loss: 0.5327 - loss: 3.4220 - reconstruction_loss: 1.0012 - vc_loss: 4.2312 - weighted_kl_loss: 0.5327
Epoch 186/200
93/93 - 53s - 568ms/step - accuracy: 0.7247 - autoencoder_loss: 1.1147 - kl_loss: 0.1148 - loss: 2.9603 - reconstruction_loss: 1.0000 - vc_loss: 3.7513 - weighted_kl_loss: 0.1148
Epoch 189/200
93/93 - 53s - 574ms/step - accuracy: 0.7273 - autoencoder_loss: 1.1410 - kl_loss: 0.1415 - loss: 2.5242 - reconstruction_loss: 0.9995 - vc_loss: 3.1170 - weighted_kl_loss: 0.1415
Epoch 184/200
93/93 - 52s - 562ms/step - accuracy: 0.7146 - autoencoder_loss: 1.1163 - kl_loss: 0.1163 - loss: 2.7693 - reconstruction_loss: 1.0000 - vc_loss: 3.4777 - weighted_kl_loss: 0.1163
Epoch 189/200
93/93 - 53s - 567ms/step - accuracy: 0.7172 - autoencoder_loss: 1.5219 - kl_loss: 0.5227 - loss: 3.2131 - reconstruction_loss: 0.9992 - vc_loss: 3.9379 - weighted_kl_loss: 0.5227
Epoch 187/200
93/93 - 54s - 580ms/step - accuracy: 0.7247 - autoencoder_loss: 1.1197 - kl_loss: 0.1203 - loss: 2.5778 - reconstruction_loss: 0.9994 - vc_loss: 3.2028 - weighted_kl_loss: 0.1203
Epoch 190/200
93/93 - 55s - 591ms/step - accuracy: 0.7273 - autoencoder_loss: 1.1394 - kl_loss: 0.1396 - loss: 2.7510 - reconstruction_loss: 0.9998 - vc_loss: 3.4416 - weighted_kl_loss: 0.1396
Epoch 185/200
93/93 - 53s - 567ms/step - accuracy: 0.7146 - autoencoder_loss: 1.1151 - kl_loss: 0.1138 - loss: 2.6160 - reconstruction_loss: 1.0013 - vc_loss: 3.2592 - weighted_kl_loss: 0.1138
Epoch 190/200
93/93 - 54s - 582ms/step - accuracy: 0.7172 - autoencoder_loss: 1.5118 - kl_loss: 0.5123 - loss: 3.6205 - reconstruction_loss: 0.9995 - vc_loss: 4.5242 - weighted_kl_loss: 0.5123
Epoch 188/200
93/93 - 50s - 542ms/step - accuracy: 0.7247 - autoencoder_loss: 1.1709 - kl_loss: 0.1704 - loss: 2.3911 - reconstruction_loss: 1.0005 - vc_loss: 2.9141 - weighted_kl_loss: 0.1704
Epoch 191/200
93/93 - 52s - 557ms/step - accuracy: 0.7273 - autoencoder_loss: 1.1347 - kl_loss: 0.1326 - loss: 3.1214 - reconstruction_loss: 1.0021 - vc_loss: 3.9728 - weighted_kl_loss: 0.1326
Epoch 186/200
93/93 - 52s - 554ms/step - accuracy: 0.7146 - autoencoder_loss: 1.1116 - kl_loss: 0.1114 - loss: 2.6620 - reconstruction_loss: 1.0002 - vc_loss: 3.3264 - weighted_kl_loss: 0.1114
Epoch 191/200
93/93 - 53s - 567ms/step - accuracy: 0.7172 - autoencoder_loss: 1.4989 - kl_loss: 0.4986 - loss: 3.6364 - reconstruction_loss: 1.0004 - vc_loss: 4.5525 - weighted_kl_loss: 0.4986
Epoch 189/200
93/93 - 56s - 598ms/step - accuracy: 0.7247 - autoencoder_loss: 1.1597 - kl_loss: 0.1597 - loss: 2.7672 - reconstruction_loss: 1.0000 - vc_loss: 3.4561 - weighted_kl_loss: 0.1597
Epoch 192/200
93/93 - 57s - 613ms/step - accuracy: 0.7273 - autoencoder_loss: 1.1229 - kl_loss: 0.1223 - loss: 3.6192 - reconstruction_loss: 1.0006 - vc_loss: 4.6890 - weighted_kl_loss: 0.1223
Epoch 187/200
93/93 - 55s - 594ms/step - accuracy: 0.7146 - autoencoder_loss: 1.1110 - kl_loss: 0.1108 - loss: 2.5113 - reconstruction_loss: 1.0002 - vc_loss: 3.1115 - weighted_kl_loss: 0.1108
Epoch 192/200
93/93 - 57s - 609ms/step - accuracy: 0.7172 - autoencoder_loss: 1.5030 - kl_loss: 0.4958 - loss: 2.7549 - reconstruction_loss: 1.0072 - vc_loss: 3.2914 - weighted_kl_loss: 0.4958
Epoch 190/200
93/93 - 53s - 573ms/step - accuracy: 0.7247 - autoencoder_loss: 1.1331 - kl_loss: 0.1336 - loss: 3.3950 - reconstruction_loss: 0.9996 - vc_loss: 4.3644 - weighted_kl_loss: 0.1336
Epoch 193/200
93/93 - 54s - 577ms/step - accuracy: 0.7273 - autoencoder_loss: 1.1135 - kl_loss: 0.1136 - loss: 2.4467 - reconstruction_loss: 0.9999 - vc_loss: 3.0180 - weighted_kl_loss: 0.1136
Epoch 188/200
93/93 - 52s - 556ms/step - accuracy: 0.7146 - autoencoder_loss: 1.1086 - kl_loss: 0.1071 - loss: 2.6655 - reconstruction_loss: 1.0016 - vc_loss: 3.3328 - weighted_kl_loss: 0.1071
Epoch 193/200
93/93 - 53s - 568ms/step - accuracy: 0.7172 - autoencoder_loss: 1.4739 - kl_loss: 0.4749 - loss: 2.7478 - reconstruction_loss: 0.9990 - vc_loss: 3.2938 - weighted_kl_loss: 0.4749
Epoch 191/200
93/93 - 50s - 535ms/step - accuracy: 0.7247 - autoencoder_loss: 1.1137 - kl_loss: 0.1130 - loss: 2.9599 - reconstruction_loss: 1.0008 - vc_loss: 3.7511 - weighted_kl_loss: 0.1130
Epoch 194/200
93/93 - 51s - 547ms/step - accuracy: 0.7273 - autoencoder_loss: 1.1285 - kl_loss: 0.1283 - loss: 2.4707 - reconstruction_loss: 1.0002 - vc_loss: 3.0459 - weighted_kl_loss: 0.1283
Epoch 189/200
93/93 - 50s - 539ms/step - accuracy: 0.7146 - autoencoder_loss: 1.0955 - kl_loss: 0.0959 - loss: 2.2103 - reconstruction_loss: 0.9996 - vc_loss: 2.6881 - weighted_kl_loss: 0.0959
Epoch 194/200
93/93 - 51s - 550ms/step - accuracy: 0.7172 - autoencoder_loss: 1.5072 - kl_loss: 0.5074 - loss: 2.6801 - reconstruction_loss: 0.9999 - vc_loss: 3.1827 - weighted_kl_loss: 0.5074
Epoch 192/200
93/93 - 50s - 533ms/step - accuracy: 0.7247 - autoencoder_loss: 1.1081 - kl_loss: 0.1077 - loss: 2.7327 - reconstruction_loss: 1.0003 - vc_loss: 3.4289 - weighted_kl_loss: 0.1077
Epoch 195/200
93/93 - 50s - 536ms/step - accuracy: 0.7273 - autoencoder_loss: 1.1274 - kl_loss: 0.1273 - loss: 2.2259 - reconstruction_loss: 1.0001 - vc_loss: 2.6967 - weighted_kl_loss: 0.1273
Epoch 190/200
93/93 - 49s - 526ms/step - accuracy: 0.7146 - autoencoder_loss: 1.0956 - kl_loss: 0.0966 - loss: 2.3698 - reconstruction_loss: 0.9990 - vc_loss: 2.9159 - weighted_kl_loss: 0.0966
Epoch 195/200
93/93 - 82s - 878ms/step - accuracy: 0.7172 - autoencoder_loss: 1.5359 - kl_loss: 0.5352 - loss: 2.4826 - reconstruction_loss: 1.0006 - vc_loss: 2.8884 - weighted_kl_loss: 0.5352
Epoch 193/200
93/93 - 51s - 548ms/step - accuracy: 0.7247 - autoencoder_loss: 1.1037 - kl_loss: 0.1045 - loss: 3.6683 - reconstruction_loss: 0.9992 - vc_loss: 4.7675 - weighted_kl_loss: 0.1045
Epoch 196/200
93/93 - 52s - 563ms/step - accuracy: 0.7273 - autoencoder_loss: 1.1158 - kl_loss: 0.1158 - loss: 2.6454 - reconstruction_loss: 1.0000 - vc_loss: 3.3009 - weighted_kl_loss: 0.1158
Epoch 191/200
93/93 - 51s - 544ms/step - accuracy: 0.7146 - autoencoder_loss: 1.0904 - kl_loss: 0.0911 - loss: 2.4592 - reconstruction_loss: 0.9993 - vc_loss: 3.0458 - weighted_kl_loss: 0.0911
Epoch 196/200
93/93 - 51s - 546ms/step - accuracy: 0.7247 - autoencoder_loss: 1.1019 - kl_loss: 0.1025 - loss: 2.7804 - reconstruction_loss: 0.9994 - vc_loss: 3.4997 - weighted_kl_loss: 0.1025
Epoch 197/200
93/93 - 52s - 559ms/step - accuracy: 0.7172 - autoencoder_loss: 1.5222 - kl_loss: 0.5229 - loss: 2.7537 - reconstruction_loss: 0.9994 - vc_loss: 3.2815 - weighted_kl_loss: 0.5229
Epoch 194/200
93/93 - 50s - 542ms/step - accuracy: 0.7146 - autoencoder_loss: 1.1172 - kl_loss: 0.1179 - loss: 3.4659 - reconstruction_loss: 0.9994 - vc_loss: 4.4725 - weighted_kl_loss: 0.1179
Epoch 197/200
93/93 - 52s - 554ms/step - accuracy: 0.7273 - autoencoder_loss: 1.1112 - kl_loss: 0.1115 - loss: 2.7068 - reconstruction_loss: 0.9997 - vc_loss: 3.3907 - weighted_kl_loss: 0.1115
Epoch 192/200
93/93 - 50s - 536ms/step - accuracy: 0.7247 - autoencoder_loss: 1.0883 - kl_loss: 0.0874 - loss: 3.0511 - reconstruction_loss: 1.0009 - vc_loss: 3.8923 - weighted_kl_loss: 0.0874
Epoch 198/200
93/93 - 51s - 552ms/step - accuracy: 0.7172 - autoencoder_loss: 1.5041 - kl_loss: 0.5042 - loss: 2.5567 - reconstruction_loss: 0.9999 - vc_loss: 3.0079 - weighted_kl_loss: 0.5042
Epoch 195/200
93/93 - 51s - 544ms/step - accuracy: 0.7146 - autoencoder_loss: 1.1079 - kl_loss: 0.1082 - loss: 3.0135 - reconstruction_loss: 0.9997 - vc_loss: 3.8302 - weighted_kl_loss: 0.1082
Epoch 198/200
93/93 - 51s - 550ms/step - accuracy: 0.7273 - autoencoder_loss: 1.1024 - kl_loss: 0.1031 - loss: 2.9320 - reconstruction_loss: 0.9993 - vc_loss: 3.7161 - weighted_kl_loss: 0.1031
Epoch 193/200
93/93 - 52s - 555ms/step - accuracy: 0.7247 - autoencoder_loss: 1.1780 - kl_loss: 0.1785 - loss: 2.9339 - reconstruction_loss: 0.9995 - vc_loss: 3.6865 - weighted_kl_loss: 0.1785
Epoch 199/200
93/93 - 51s - 551ms/step - accuracy: 0.7172 - autoencoder_loss: 1.4874 - kl_loss: 0.4870 - loss: 3.2374 - reconstruction_loss: 1.0004 - vc_loss: 3.9874 - weighted_kl_loss: 0.4870
Epoch 196/200
93/93 - 50s - 541ms/step - accuracy: 0.7146 - autoencoder_loss: 1.0940 - kl_loss: 0.0944 - loss: 2.5195 - reconstruction_loss: 0.9995 - vc_loss: 3.1305 - weighted_kl_loss: 0.0944
Epoch 199/200
93/93 - 52s - 555ms/step - accuracy: 0.7273 - autoencoder_loss: 1.0913 - kl_loss: 0.0916 - loss: 3.0889 - reconstruction_loss: 0.9997 - vc_loss: 3.9450 - weighted_kl_loss: 0.0916
Epoch 194/200
93/93 - 52s - 559ms/step - accuracy: 0.7247 - autoencoder_loss: 1.1609 - kl_loss: 0.1613 - loss: 2.4573 - reconstruction_loss: 0.9995 - vc_loss: 3.0130 - weighted_kl_loss: 0.1613
Epoch 200/200
93/93 - 52s - 561ms/step - accuracy: 0.7172 - autoencoder_loss: 1.4740 - kl_loss: 0.4749 - loss: 2.5152 - reconstruction_loss: 0.9991 - vc_loss: 2.9614 - weighted_kl_loss: 0.4749
Epoch 197/200
93/93 - 53s - 567ms/step - accuracy: 0.7146 - autoencoder_loss: 1.0924 - kl_loss: 0.0928 - loss: 2.6020 - reconstruction_loss: 0.9997 - vc_loss: 3.2490 - weighted_kl_loss: 0.0928
Epoch 200/200
93/93 - 53s - 569ms/step - accuracy: 0.7273 - autoencoder_loss: 1.0834 - kl_loss: 0.0836 - loss: 2.3248 - reconstruction_loss: 0.9998 - vc_loss: 2.8569 - weighted_kl_loss: 0.0836
Epoch 195/200
93/93 - 55s - 591ms/step - accuracy: 0.7247 - autoencoder_loss: 1.1148 - kl_loss: 0.1149 - loss: 2.5638 - reconstruction_loss: 0.9999 - vc_loss: 3.1848 - weighted_kl_loss: 0.1149
93/93 - 55s - 594ms/step - accuracy: 0.7172 - autoencoder_loss: 1.6227 - kl_loss: 0.6233 - loss: 2.4852 - reconstruction_loss: 0.9994 - vc_loss: 2.8548 - weighted_kl_loss: 0.6233
Epoch 198/200
93/93 - 53s - 571ms/step - accuracy: 0.7146 - autoencoder_loss: 1.0915 - kl_loss: 0.0918 - loss: 2.4690 - reconstruction_loss: 0.9997 - vc_loss: 3.0594 - weighted_kl_loss: 0.0918
93/93 - 54s - 583ms/step - accuracy: 0.7273 - autoencoder_loss: 1.0946 - kl_loss: 0.0954 - loss: 2.6078 - reconstruction_loss: 0.9992 - vc_loss: 3.2563 - weighted_kl_loss: 0.0954
Epoch 196/200

Fold 5 metrics (trial primary)
------------------------------
                    fold: 5
        evaluation_level: trial
               n_samples: 18
               n_windows: 270
                n_trials: 18
        keras_model_loss: 1125.121826
prediction_latent_samples: 10
                    loss: 0.590859
                accuracy: 0.722222
                      f1: 0.419355
               precision: 0.361111
                  recall: 0.500000
             window_loss: 0.590860
         window_accuracy: 0.722222
               window_f1: 0.419355
        window_precision: 0.361111
           window_recall: 0.500000
              trial_loss: 0.590859
          trial_accuracy: 0.722222
                trial_f1: 0.419355
         trial_precision: 0.361111
            trial_recall: 0.500000

Per-user metrics
----------------------------------------------------------------------------------------------------
  fold=5  subject=4  n=18  evaluation_level=trial  n_windows=270  n_trials=18  loss=0.590859  accuracy=0.722222  f1=0.419355  precision=0.361111  recall=0.500000  window_loss=0.590860  window_accuracy=0.722222  window_f1=0.419355  window_precision=0.361111  window_recall=0.500000  trial_loss=0.590859  trial_accuracy=0.722222  trial_f1=0.419355  trial_precision=0.361111  trial_recall=0.500000

Fold 6 metrics (trial primary)
------------------------------
                    fold: 6
        evaluation_level: trial
               n_samples: 18
               n_windows: 270
                n_trials: 18
        keras_model_loss: 977.309448
prediction_latent_samples: 10
                    loss: 0.386896
                accuracy: 0.944444
                      f1: 0.485714
               precision: 0.472222
                  recall: 0.500000
             window_loss: 0.386897
         window_accuracy: 0.944444
               window_f1: 0.485714
        window_precision: 0.472222
           window_recall: 0.500000
              trial_loss: 0.386896
          trial_accuracy: 0.944444
                trial_f1: 0.485714
         trial_precision: 0.472222
            trial_recall: 0.500000

Per-user metrics
----------------------------------------------------------------------------------------------------
  fold=6  subject=5  n=18  evaluation_level=trial  n_windows=270  n_trials=18  loss=0.386896  accuracy=0.944444  f1=0.485714  precision=0.472222  recall=0.500000  window_loss=0.386897  window_accuracy=0.944444  window_f1=0.485714  window_precision=0.472222  window_recall=0.500000  trial_loss=0.386896  trial_accuracy=0.944444  trial_f1=0.485714  trial_precision=0.472222  trial_recall=0.500000

[Fold   9 / 23] LOSO test subject=8 (train=5940, test=270 windows)

[Fold  10 / 23] LOSO test subject=9 (train=5940, test=270 windows)
Epoch 1/200
Epoch 1/200
93/93 - 50s - 541ms/step - accuracy: 0.7172 - autoencoder_loss: 1.6155 - kl_loss: 0.6154 - loss: 2.6922 - reconstruction_loss: 1.0000 - vc_loss: 3.1536 - weighted_kl_loss: 0.6154
Epoch 199/200
93/93 - 50s - 539ms/step - accuracy: 0.7273 - autoencoder_loss: 1.1085 - kl_loss: 0.1087 - loss: 2.5664 - reconstruction_loss: 0.9998 - vc_loss: 3.1912 - weighted_kl_loss: 0.1087
Epoch 197/200
93/93 - 50s - 537ms/step - accuracy: 0.7172 - autoencoder_loss: 1.6045 - kl_loss: 0.6046 - loss: 2.4902 - reconstruction_loss: 0.9999 - vc_loss: 2.8697 - weighted_kl_loss: 0.6046
Epoch 200/200
93/93 - 49s - 532ms/step - accuracy: 0.7273 - autoencoder_loss: 1.0949 - kl_loss: 0.0944 - loss: 2.3143 - reconstruction_loss: 1.0006 - vc_loss: 2.8369 - weighted_kl_loss: 0.0944
Epoch 198/200
93/93 - 49s - 525ms/step - accuracy: 0.7172 - autoencoder_loss: 1.5966 - kl_loss: 0.5972 - loss: 2.6308 - reconstruction_loss: 0.9993 - vc_loss: 3.0740 - weighted_kl_loss: 0.5972
93/93 - 49s - 528ms/step - accuracy: 0.7273 - autoencoder_loss: 1.0837 - kl_loss: 0.0839 - loss: 2.2333 - reconstruction_loss: 0.9998 - vc_loss: 2.7260 - weighted_kl_loss: 0.0839
Epoch 199/200

Fold 7 metrics (trial primary)
------------------------------
                    fold: 7
        evaluation_level: trial
               n_samples: 18
               n_windows: 270
                n_trials: 18
        keras_model_loss: 936.783997
prediction_latent_samples: 10
                    loss: 0.436339
                accuracy: 0.888889
                      f1: 0.470588
               precision: 0.444444
                  recall: 0.500000
             window_loss: 0.436339
         window_accuracy: 0.888889
               window_f1: 0.470588
        window_precision: 0.444444
           window_recall: 0.500000
              trial_loss: 0.436339
          trial_accuracy: 0.888889
                trial_f1: 0.470588
         trial_precision: 0.444444
            trial_recall: 0.500000

Per-user metrics
----------------------------------------------------------------------------------------------------
  fold=7  subject=6  n=18  evaluation_level=trial  n_windows=270  n_trials=18  loss=0.436339  accuracy=0.888889  f1=0.470588  precision=0.444444  recall=0.500000  window_loss=0.436339  window_accuracy=0.888889  window_f1=0.470588  window_precision=0.444444  window_recall=0.500000  trial_loss=0.436339  trial_accuracy=0.888889  trial_f1=0.470588  trial_precision=0.444444  trial_recall=0.500000

[Fold  11 / 23] LOSO test subject=10 (train=5940, test=270 windows)
Epoch 1/200
93/93 - 46s - 490ms/step - accuracy: 0.7273 - autoencoder_loss: 1.0781 - kl_loss: 0.0777 - loss: 2.2392 - reconstruction_loss: 1.0005 - vc_loss: 2.7367 - weighted_kl_loss: 0.0777
Epoch 200/200
93/93 - 46s - 492ms/step - accuracy: 0.7273 - autoencoder_loss: 1.0726 - kl_loss: 0.0690 - loss: 3.2364 - reconstruction_loss: 1.0036 - vc_loss: 4.1637 - weighted_kl_loss: 0.0690

Fold 8 metrics (trial primary)
------------------------------
                    fold: 8
        evaluation_level: trial
               n_samples: 18
               n_windows: 270
                n_trials: 18
        keras_model_loss: 58.666878
prediction_latent_samples: 10
                    loss: 0.645523
                accuracy: 0.666667
                      f1: 0.400000
               precision: 0.333333
                  recall: 0.500000
             window_loss: 0.645525
         window_accuracy: 0.666667
               window_f1: 0.400000
        window_precision: 0.333333
           window_recall: 0.500000
              trial_loss: 0.645523
          trial_accuracy: 0.666667
                trial_f1: 0.400000
         trial_precision: 0.333333
            trial_recall: 0.500000

Per-user metrics
----------------------------------------------------------------------------------------------------
  fold=8  subject=7  n=18  evaluation_level=trial  n_windows=270  n_trials=18  loss=0.645523  accuracy=0.666667  f1=0.400000  precision=0.333333  recall=0.500000  window_loss=0.645525  window_accuracy=0.666667  window_f1=0.400000  window_precision=0.333333  window_recall=0.500000  trial_loss=0.645523  trial_accuracy=0.666667  trial_f1=0.400000  trial_precision=0.333333  trial_recall=0.500000

[Fold  12 / 23] LOSO test subject=11 (train=5940, test=270 windows)
Epoch 1/200
93/93 - 256s - 3s/step - accuracy: 0.6710 - autoencoder_loss: 77.8162 - kl_loss: 76.7078 - loss: 106.0387 - reconstruction_loss: 1.1084 - vc_loss: 118.1340 - weighted_kl_loss: 76.7078
Epoch 2/200
93/93 - 254s - 3s/step - accuracy: 0.7348 - autoencoder_loss: 44.8082 - kl_loss: 43.7131 - loss: 109.5225 - reconstruction_loss: 1.0951 - vc_loss: 137.2572 - weighted_kl_loss: 43.7131
Epoch 2/200
93/93 - 50s - 538ms/step - accuracy: 0.7146 - autoencoder_loss: 50.2181 - kl_loss: 49.1898 - loss: 38.9664 - reconstruction_loss: 1.0283 - vc_loss: 34.1442 - weighted_kl_loss: 49.1898
Epoch 3/200
93/93 - 48s - 521ms/step - accuracy: 0.7348 - autoencoder_loss: 33.9774 - kl_loss: 32.9539 - loss: 33.0057 - reconstruction_loss: 1.0235 - vc_loss: 32.5892 - weighted_kl_loss: 32.9539
Epoch 3/200
93/93 - 49s - 530ms/step - accuracy: 0.7348 - autoencoder_loss: 25.1498 - kl_loss: 24.1416 - loss: 26.3045 - reconstruction_loss: 1.0081 - vc_loss: 26.7993 - weighted_kl_loss: 24.1416
Epoch 4/200
93/93 - 51s - 546ms/step - accuracy: 0.7146 - autoencoder_loss: 34.6369 - kl_loss: 33.6220 - loss: 30.3597 - reconstruction_loss: 1.0149 - vc_loss: 28.5267 - weighted_kl_loss: 33.6220
Epoch 4/200
93/93 - 258s - 3s/step - accuracy: 0.6779 - autoencoder_loss: 37.7105 - kl_loss: 36.6459 - loss: 115.4452 - reconstruction_loss: 1.0646 - vc_loss: 148.7601 - weighted_kl_loss: 36.6459
Epoch 2/200
93/93 - 51s - 550ms/step - accuracy: 0.7348 - autoencoder_loss: 20.5154 - kl_loss: 19.5093 - loss: 21.9571 - reconstruction_loss: 1.0061 - vc_loss: 22.5750 - weighted_kl_loss: 19.5093
Epoch 5/200
93/93 - 50s - 543ms/step - accuracy: 0.7146 - autoencoder_loss: 27.3803 - kl_loss: 26.3721 - loss: 26.4502 - reconstruction_loss: 1.0081 - vc_loss: 26.0516 - weighted_kl_loss: 26.3721
Epoch 5/200
93/93 - 49s - 530ms/step - accuracy: 0.7348 - autoencoder_loss: 17.9989 - kl_loss: 16.9982 - loss: 19.7912 - reconstruction_loss: 1.0007 - vc_loss: 20.5593 - weighted_kl_loss: 16.9982
Epoch 6/200
93/93 - 50s - 542ms/step - accuracy: 0.7146 - autoencoder_loss: 21.8373 - kl_loss: 20.8345 - loss: 23.0729 - reconstruction_loss: 1.0028 - vc_loss: 23.6025 - weighted_kl_loss: 20.8345
Epoch 6/200
93/93 - 52s - 556ms/step - accuracy: 0.7273 - autoencoder_loss: 30.7830 - kl_loss: 29.7652 - loss: 32.2951 - reconstruction_loss: 1.0179 - vc_loss: 32.9431 - weighted_kl_loss: 29.7652
Epoch 3/200
93/93 - 254s - 3s/step - accuracy: 0.6973 - autoencoder_loss: 53.3918 - kl_loss: 52.2926 - loss: 111.5951 - reconstruction_loss: 1.0991 - vc_loss: 136.5394 - weighted_kl_loss: 52.2926
Epoch 2/200
93/93 - 52s - 559ms/step - accuracy: 0.7348 - autoencoder_loss: 15.5746 - kl_loss: 14.5748 - loss: 17.9173 - reconstruction_loss: 0.9998 - vc_loss: 18.9213 - weighted_kl_loss: 14.5748
Epoch 7/200
93/93 - 53s - 568ms/step - accuracy: 0.7146 - autoencoder_loss: 18.3464 - kl_loss: 17.3439 - loss: 19.9605 - reconstruction_loss: 1.0025 - vc_loss: 20.6522 - weighted_kl_loss: 17.3439
Epoch 7/200
93/93 - 54s - 578ms/step - accuracy: 0.7273 - autoencoder_loss: 22.7970 - kl_loss: 21.7907 - loss: 26.7806 - reconstruction_loss: 1.0063 - vc_loss: 28.4879 - weighted_kl_loss: 21.7907
Epoch 4/200
93/93 - 54s - 581ms/step - accuracy: 0.7222 - autoencoder_loss: 38.8511 - kl_loss: 37.8263 - loss: 34.8708 - reconstruction_loss: 1.0248 - vc_loss: 33.1649 - weighted_kl_loss: 37.8263
Epoch 3/200
93/93 - 52s - 557ms/step - accuracy: 0.7348 - autoencoder_loss: 13.6836 - kl_loss: 12.6831 - loss: 15.5482 - reconstruction_loss: 1.0005 - vc_loss: 16.3473 - weighted_kl_loss: 12.6831
Epoch 8/200
93/93 - 52s - 560ms/step - accuracy: 0.7146 - autoencoder_loss: 15.2420 - kl_loss: 14.2409 - loss: 17.6174 - reconstruction_loss: 1.0011 - vc_loss: 18.6354 - weighted_kl_loss: 14.2409
Epoch 8/200
93/93 - 52s - 563ms/step - accuracy: 0.7273 - autoencoder_loss: 17.7099 - kl_loss: 16.7063 - loss: 24.0305 - reconstruction_loss: 1.0035 - vc_loss: 26.7394 - weighted_kl_loss: 16.7063
Epoch 5/200
93/93 - 53s - 572ms/step - accuracy: 0.7222 - autoencoder_loss: 29.5879 - kl_loss: 28.5772 - loss: 29.7208 - reconstruction_loss: 1.0108 - vc_loss: 29.7777 - weighted_kl_loss: 28.5772
Epoch 4/200
93/93 - 53s - 570ms/step - accuracy: 0.7348 - autoencoder_loss: 12.4511 - kl_loss: 11.4512 - loss: 14.1224 - reconstruction_loss: 1.0000 - vc_loss: 14.8387 - weighted_kl_loss: 11.4512
Epoch 9/200
93/93 - 54s - 586ms/step - accuracy: 0.7146 - autoencoder_loss: 13.4970 - kl_loss: 12.4966 - loss: 16.5705 - reconstruction_loss: 1.0005 - vc_loss: 17.8878 - weighted_kl_loss: 12.4966
Epoch 9/200
93/93 - 55s - 589ms/step - accuracy: 0.7273 - autoencoder_loss: 14.8258 - kl_loss: 13.8240 - loss: 20.9018 - reconstruction_loss: 1.0018 - vc_loss: 23.5057 - weighted_kl_loss: 13.8240
Epoch 6/200
93/93 - 55s - 597ms/step - accuracy: 0.7222 - autoencoder_loss: 26.0186 - kl_loss: 25.0107 - loss: 25.4726 - reconstruction_loss: 1.0080 - vc_loss: 25.2385 - weighted_kl_loss: 25.0107
Epoch 5/200
93/93 - 54s - 585ms/step - accuracy: 0.7348 - autoencoder_loss: 11.0363 - kl_loss: 10.0375 - loss: 13.5332 - reconstruction_loss: 0.9988 - vc_loss: 14.6034 - weighted_kl_loss: 10.0375
Epoch 10/200
93/93 - 55s - 590ms/step - accuracy: 0.7146 - autoencoder_loss: 12.9486 - kl_loss: 11.9486 - loss: 14.8765 - reconstruction_loss: 1.0000 - vc_loss: 15.7027 - weighted_kl_loss: 11.9486
Epoch 10/200
93/93 - 55s - 596ms/step - accuracy: 0.7273 - autoencoder_loss: 13.0825 - kl_loss: 12.0821 - loss: 17.7200 - reconstruction_loss: 1.0004 - vc_loss: 19.7075 - weighted_kl_loss: 12.0821
Epoch 7/200
93/93 - 51s - 548ms/step - accuracy: 0.7222 - autoencoder_loss: 22.2865 - kl_loss: 21.2837 - loss: 21.0131 - reconstruction_loss: 1.0028 - vc_loss: 20.4674 - weighted_kl_loss: 21.2837
Epoch 6/200
93/93 - 50s - 536ms/step - accuracy: 0.7348 - autoencoder_loss: 9.5801 - kl_loss: 8.5815 - loss: 12.1474 - reconstruction_loss: 0.9986 - vc_loss: 13.2476 - weighted_kl_loss: 8.5815
Epoch 11/200
93/93 - 50s - 540ms/step - accuracy: 0.7146 - autoencoder_loss: 11.6700 - kl_loss: 10.6696 - loss: 13.5365 - reconstruction_loss: 1.0005 - vc_loss: 14.3364 - weighted_kl_loss: 10.6696
Epoch 11/200
93/93 - 50s - 536ms/step - accuracy: 0.7273 - autoencoder_loss: 11.6748 - kl_loss: 10.6745 - loss: 16.2860 - reconstruction_loss: 1.0003 - vc_loss: 18.2622 - weighted_kl_loss: 10.6745
Epoch 8/200
93/93 - 51s - 550ms/step - accuracy: 0.7222 - autoencoder_loss: 18.8031 - kl_loss: 17.8012 - loss: 19.0864 - reconstruction_loss: 1.0019 - vc_loss: 19.2078 - weighted_kl_loss: 17.8012
Epoch 7/200
93/93 - 51s - 545ms/step - accuracy: 0.7348 - autoencoder_loss: 8.4156 - kl_loss: 7.4170 - loss: 10.8298 - reconstruction_loss: 0.9987 - vc_loss: 11.8644 - weighted_kl_loss: 7.4170
Epoch 12/200
93/93 - 51s - 546ms/step - accuracy: 0.7146 - autoencoder_loss: 11.1619 - kl_loss: 10.1617 - loss: 14.8598 - reconstruction_loss: 1.0002 - vc_loss: 16.4446 - weighted_kl_loss: 10.1617
Epoch 12/200
93/93 - 51s - 552ms/step - accuracy: 0.7273 - autoencoder_loss: 10.0942 - kl_loss: 9.0927 - loss: 13.6662 - reconstruction_loss: 1.0015 - vc_loss: 15.1970 - weighted_kl_loss: 9.0927
Epoch 9/200
93/93 - 48s - 515ms/step - accuracy: 0.7348 - autoencoder_loss: 7.4284 - kl_loss: 6.4302 - loss: 10.6890 - reconstruction_loss: 0.9983 - vc_loss: 12.0864 - weighted_kl_loss: 6.4302
Epoch 13/200
93/93 - 49s - 523ms/step - accuracy: 0.7146 - autoencoder_loss: 10.0966 - kl_loss: 9.0955 - loss: 13.3706 - reconstruction_loss: 1.0011 - vc_loss: 14.7738 - weighted_kl_loss: 9.0955
Epoch 13/200
93/93 - 51s - 554ms/step - accuracy: 0.7273 - autoencoder_loss: 8.9632 - kl_loss: 7.9626 - loss: 11.9599 - reconstruction_loss: 1.0006 - vc_loss: 13.2442 - weighted_kl_loss: 7.9626
Epoch 10/200
93/93 - 82s - 881ms/step - accuracy: 0.7222 - autoencoder_loss: 16.4870 - kl_loss: 15.4867 - loss: 18.2030 - reconstruction_loss: 1.0004 - vc_loss: 18.9384 - weighted_kl_loss: 15.4867
Epoch 8/200
93/93 - 52s - 556ms/step - accuracy: 0.7348 - autoencoder_loss: 6.6875 - kl_loss: 5.6875 - loss: 9.8394 - reconstruction_loss: 1.0000 - vc_loss: 11.1902 - weighted_kl_loss: 5.6875
Epoch 14/200
93/93 - 54s - 584ms/step - accuracy: 0.7146 - autoencoder_loss: 9.7557 - kl_loss: 8.7554 - loss: 11.1353 - reconstruction_loss: 1.0003 - vc_loss: 11.7265 - weighted_kl_loss: 8.7554
Epoch 14/200
93/93 - 55s - 592ms/step - accuracy: 0.7273 - autoencoder_loss: 7.9783 - kl_loss: 6.9792 - loss: 12.1120 - reconstruction_loss: 0.9990 - vc_loss: 13.8836 - weighted_kl_loss: 6.9792
Epoch 11/200
93/93 - 58s - 619ms/step - accuracy: 0.7222 - autoencoder_loss: 14.9360 - kl_loss: 13.9289 - loss: 15.9424 - reconstruction_loss: 1.0071 - vc_loss: 16.3737 - weighted_kl_loss: 13.9289
Epoch 9/200
93/93 - 55s - 593ms/step - accuracy: 0.7348 - autoencoder_loss: 5.9436 - kl_loss: 4.9449 - loss: 9.3417 - reconstruction_loss: 0.9987 - vc_loss: 10.7980 - weighted_kl_loss: 4.9449
Epoch 15/200
93/93 - 55s - 588ms/step - accuracy: 0.7146 - autoencoder_loss: 9.6692 - kl_loss: 8.6694 - loss: 10.6750 - reconstruction_loss: 0.9999 - vc_loss: 11.1061 - weighted_kl_loss: 8.6694
Epoch 15/200
93/93 - 55s - 596ms/step - accuracy: 0.7273 - autoencoder_loss: 7.4682 - kl_loss: 6.4675 - loss: 11.1203 - reconstruction_loss: 1.0007 - vc_loss: 12.6854 - weighted_kl_loss: 6.4675
Epoch 12/200
93/93 - 55s - 592ms/step - accuracy: 0.7222 - autoencoder_loss: 13.2416 - kl_loss: 12.2413 - loss: 14.6162 - reconstruction_loss: 1.0003 - vc_loss: 15.2054 - weighted_kl_loss: 12.2413
Epoch 10/200
93/93 - 55s - 596ms/step - accuracy: 0.7348 - autoencoder_loss: 5.5471 - kl_loss: 4.5485 - loss: 8.5849 - reconstruction_loss: 0.9985 - vc_loss: 9.8868 - weighted_kl_loss: 4.5485
Epoch 16/200
93/93 - 56s - 597ms/step - accuracy: 0.7146 - autoencoder_loss: 9.3292 - kl_loss: 8.3295 - loss: 9.5537 - reconstruction_loss: 0.9998 - vc_loss: 9.6499 - weighted_kl_loss: 8.3295
Epoch 16/200
93/93 - 56s - 597ms/step - accuracy: 0.7273 - autoencoder_loss: 7.2803 - kl_loss: 6.2812 - loss: 10.6149 - reconstruction_loss: 0.9991 - vc_loss: 12.0441 - weighted_kl_loss: 6.2812
Epoch 13/200
93/93 - 52s - 556ms/step - accuracy: 0.7222 - autoencoder_loss: 12.9597 - kl_loss: 11.9590 - loss: 13.2842 - reconstruction_loss: 1.0008 - vc_loss: 13.4233 - weighted_kl_loss: 11.9590
Epoch 11/200
93/93 - 52s - 555ms/step - accuracy: 0.7348 - autoencoder_loss: 5.3252 - kl_loss: 4.3265 - loss: 8.8570 - reconstruction_loss: 0.9988 - vc_loss: 10.3706 - weighted_kl_loss: 4.3265
Epoch 17/200
93/93 - 51s - 553ms/step - accuracy: 0.7146 - autoencoder_loss: 9.0796 - kl_loss: 8.0801 - loss: 10.0961 - reconstruction_loss: 0.9996 - vc_loss: 10.5318 - weighted_kl_loss: 8.0801
Epoch 17/200
93/93 - 52s - 563ms/step - accuracy: 0.7273 - autoencoder_loss: 6.7741 - kl_loss: 5.7751 - loss: 10.2929 - reconstruction_loss: 0.9991 - vc_loss: 11.8009 - weighted_kl_loss: 5.7751
Epoch 14/200
93/93 - 52s - 557ms/step - accuracy: 0.7222 - autoencoder_loss: 12.2626 - kl_loss: 11.2628 - loss: 11.7971 - reconstruction_loss: 0.9998 - vc_loss: 11.5976 - weighted_kl_loss: 11.2628
Epoch 12/200
93/93 - 51s - 552ms/step - accuracy: 0.7348 - autoencoder_loss: 4.9206 - kl_loss: 3.9217 - loss: 8.2269 - reconstruction_loss: 0.9989 - vc_loss: 9.6439 - weighted_kl_loss: 3.9217
Epoch 18/200
93/93 - 51s - 544ms/step - accuracy: 0.7146 - autoencoder_loss: 8.6369 - kl_loss: 7.6374 - loss: 9.5583 - reconstruction_loss: 0.9995 - vc_loss: 9.9532 - weighted_kl_loss: 7.6374
Epoch 18/200
93/93 - 51s - 544ms/step - accuracy: 0.7273 - autoencoder_loss: 7.1657 - kl_loss: 6.1653 - loss: 12.7195 - reconstruction_loss: 1.0004 - vc_loss: 15.0997 - weighted_kl_loss: 6.1653
Epoch 15/200
93/93 - 50s - 541ms/step - accuracy: 0.7348 - autoencoder_loss: 4.5406 - kl_loss: 3.5411 - loss: 8.4872 - reconstruction_loss: 0.9996 - vc_loss: 10.1786 - weighted_kl_loss: 3.5411
Epoch 19/200
93/93 - 50s - 543ms/step - accuracy: 0.7146 - autoencoder_loss: 8.1616 - kl_loss: 7.1616 - loss: 8.7224 - reconstruction_loss: 0.9999 - vc_loss: 8.9627 - weighted_kl_loss: 7.1616
Epoch 19/200
93/93 - 83s - 896ms/step - accuracy: 0.7222 - autoencoder_loss: 11.2565 - kl_loss: 10.2563 - loss: 10.5999 - reconstruction_loss: 1.0002 - vc_loss: 10.3185 - weighted_kl_loss: 10.2563
Epoch 13/200
93/93 - 53s - 565ms/step - accuracy: 0.7273 - autoencoder_loss: 6.9248 - kl_loss: 5.9257 - loss: 10.7267 - reconstruction_loss: 0.9991 - vc_loss: 12.3561 - weighted_kl_loss: 5.9257
Epoch 16/200
93/93 - 54s - 579ms/step - accuracy: 0.7348 - autoencoder_loss: 4.3702 - kl_loss: 3.3713 - loss: 6.8346 - reconstruction_loss: 0.9989 - vc_loss: 7.8908 - weighted_kl_loss: 3.3713
Epoch 20/200
93/93 - 53s - 571ms/step - accuracy: 0.7146 - autoencoder_loss: 7.7721 - kl_loss: 6.7725 - loss: 8.6628 - reconstruction_loss: 0.9996 - vc_loss: 9.0445 - weighted_kl_loss: 6.7725
Epoch 20/200
93/93 - 53s - 574ms/step - accuracy: 0.7222 - autoencoder_loss: 10.7367 - kl_loss: 9.7367 - loss: 11.9495 - reconstruction_loss: 1.0000 - vc_loss: 12.4693 - weighted_kl_loss: 9.7367
Epoch 14/200
93/93 - 53s - 573ms/step - accuracy: 0.7273 - autoencoder_loss: 6.7241 - kl_loss: 5.7241 - loss: 8.8937 - reconstruction_loss: 1.0000 - vc_loss: 9.8235 - weighted_kl_loss: 5.7241
Epoch 17/200
93/93 - 51s - 554ms/step - accuracy: 0.7348 - autoencoder_loss: 4.1532 - kl_loss: 3.1544 - loss: 7.3712 - reconstruction_loss: 0.9988 - vc_loss: 8.7503 - weighted_kl_loss: 3.1544
Epoch 21/200
93/93 - 51s - 553ms/step - accuracy: 0.7146 - autoencoder_loss: 7.4967 - kl_loss: 6.4975 - loss: 7.9719 - reconstruction_loss: 0.9992 - vc_loss: 8.1756 - weighted_kl_loss: 6.4975
Epoch 21/200
93/93 - 53s - 565ms/step - accuracy: 0.7222 - autoencoder_loss: 10.0401 - kl_loss: 9.0405 - loss: 11.0038 - reconstruction_loss: 0.9995 - vc_loss: 11.4169 - weighted_kl_loss: 9.0405
Epoch 15/200
93/93 - 53s - 565ms/step - accuracy: 0.7273 - autoencoder_loss: 6.4641 - kl_loss: 5.4651 - loss: 8.1833 - reconstruction_loss: 0.9991 - vc_loss: 8.9201 - weighted_kl_loss: 5.4651
Epoch 18/200
93/93 - 51s - 548ms/step - accuracy: 0.7348 - autoencoder_loss: 3.8827 - kl_loss: 2.8839 - loss: 6.4214 - reconstruction_loss: 0.9988 - vc_loss: 7.5093 - weighted_kl_loss: 2.8839
Epoch 22/200
93/93 - 54s - 576ms/step - accuracy: 0.7222 - autoencoder_loss: 9.7834 - kl_loss: 8.7834 - loss: 11.2103 - reconstruction_loss: 1.0000 - vc_loss: 11.8218 - weighted_kl_loss: 8.7834
Epoch 16/200
93/93 - 54s - 583ms/step - accuracy: 0.7273 - autoencoder_loss: 6.2996 - kl_loss: 5.2996 - loss: 7.4631 - reconstruction_loss: 1.0000 - vc_loss: 7.9618 - weighted_kl_loss: 5.2996
Epoch 19/200
93/93 - 85s - 909ms/step - accuracy: 0.7146 - autoencoder_loss: 7.5130 - kl_loss: 6.5126 - loss: 9.5176 - reconstruction_loss: 1.0005 - vc_loss: 10.3767 - weighted_kl_loss: 6.5126
Epoch 22/200
93/93 - 52s - 563ms/step - accuracy: 0.7348 - autoencoder_loss: 3.9549 - kl_loss: 2.9560 - loss: 6.1889 - reconstruction_loss: 0.9989 - vc_loss: 7.1463 - weighted_kl_loss: 2.9560
Epoch 23/200
93/93 - 53s - 567ms/step - accuracy: 0.7222 - autoencoder_loss: 9.5131 - kl_loss: 8.5131 - loss: 9.8370 - reconstruction_loss: 1.0000 - vc_loss: 9.9758 - weighted_kl_loss: 8.5131
Epoch 17/200
93/93 - 52s - 559ms/step - accuracy: 0.7273 - autoencoder_loss: 6.0304 - kl_loss: 5.0311 - loss: 6.6458 - reconstruction_loss: 0.9994 - vc_loss: 6.9095 - weighted_kl_loss: 5.0311
Epoch 20/200
93/93 - 50s - 535ms/step - accuracy: 0.7146 - autoencoder_loss: 7.4938 - kl_loss: 6.4946 - loss: 7.9222 - reconstruction_loss: 0.9992 - vc_loss: 8.1058 - weighted_kl_loss: 6.4946
Epoch 23/200
93/93 - 51s - 550ms/step - accuracy: 0.7348 - autoencoder_loss: 3.7655 - kl_loss: 2.7668 - loss: 5.6529 - reconstruction_loss: 0.9987 - vc_loss: 6.4618 - weighted_kl_loss: 2.7668
Epoch 24/200
93/93 - 50s - 541ms/step - accuracy: 0.7222 - autoencoder_loss: 9.2889 - kl_loss: 8.2887 - loss: 9.5628 - reconstruction_loss: 1.0001 - vc_loss: 9.6801 - weighted_kl_loss: 8.2887
Epoch 18/200
93/93 - 51s - 546ms/step - accuracy: 0.7273 - autoencoder_loss: 5.8106 - kl_loss: 4.8121 - loss: 6.8702 - reconstruction_loss: 0.9984 - vc_loss: 7.3244 - weighted_kl_loss: 4.8121
Epoch 21/200
93/93 - 50s - 538ms/step - accuracy: 0.7146 - autoencoder_loss: 7.3147 - kl_loss: 6.3152 - loss: 7.7925 - reconstruction_loss: 0.9995 - vc_loss: 7.9972 - weighted_kl_loss: 6.3152
Epoch 24/200
93/93 - 50s - 533ms/step - accuracy: 0.7348 - autoencoder_loss: 3.6688 - kl_loss: 2.6691 - loss: 5.8050 - reconstruction_loss: 0.9997 - vc_loss: 6.7205 - weighted_kl_loss: 2.6691
Epoch 25/200
93/93 - 51s - 550ms/step - accuracy: 0.7222 - autoencoder_loss: 9.0049 - kl_loss: 8.0047 - loss: 9.0438 - reconstruction_loss: 1.0002 - vc_loss: 9.0605 - weighted_kl_loss: 8.0047
Epoch 19/200
93/93 - 51s - 550ms/step - accuracy: 0.7273 - autoencoder_loss: 5.8987 - kl_loss: 4.8997 - loss: 9.6912 - reconstruction_loss: 0.9991 - vc_loss: 11.3166 - weighted_kl_loss: 4.8997
Epoch 22/200
93/93 - 51s - 547ms/step - accuracy: 0.7146 - autoencoder_loss: 7.2544 - kl_loss: 6.2537 - loss: 7.3796 - reconstruction_loss: 1.0007 - vc_loss: 7.4332 - weighted_kl_loss: 6.2537
Epoch 25/200
93/93 - 52s - 556ms/step - accuracy: 0.7348 - autoencoder_loss: 4.0080 - kl_loss: 3.0098 - loss: 6.3873 - reconstruction_loss: 0.9982 - vc_loss: 7.4070 - weighted_kl_loss: 3.0098
Epoch 26/200
93/93 - 52s - 554ms/step - accuracy: 0.7273 - autoencoder_loss: 5.6769 - kl_loss: 4.6777 - loss: 7.2425 - reconstruction_loss: 0.9992 - vc_loss: 7.9135 - weighted_kl_loss: 4.6777
Epoch 23/200
93/93 - 53s - 565ms/step - accuracy: 0.7222 - autoencoder_loss: 8.6294 - kl_loss: 7.6299 - loss: 9.0382 - reconstruction_loss: 0.9995 - vc_loss: 9.2134 - weighted_kl_loss: 7.6299
Epoch 20/200
93/93 - 53s - 568ms/step - accuracy: 0.7146 - autoencoder_loss: 7.0631 - kl_loss: 6.0639 - loss: 7.6473 - reconstruction_loss: 0.9991 - vc_loss: 7.8977 - weighted_kl_loss: 6.0639
Epoch 26/200
93/93 - 54s - 582ms/step - accuracy: 0.7348 - autoencoder_loss: 3.8861 - kl_loss: 2.8877 - loss: 5.2333 - reconstruction_loss: 0.9984 - vc_loss: 5.8107 - weighted_kl_loss: 2.8877
Epoch 27/200
93/93 - 56s - 603ms/step - accuracy: 0.7273 - autoencoder_loss: 5.4968 - kl_loss: 4.4974 - loss: 6.8268 - reconstruction_loss: 0.9994 - vc_loss: 7.3967 - weighted_kl_loss: 4.4974
Epoch 24/200
93/93 - 57s - 609ms/step - accuracy: 0.7222 - autoencoder_loss: 8.5046 - kl_loss: 7.5034 - loss: 7.9005 - reconstruction_loss: 1.0011 - vc_loss: 7.6416 - weighted_kl_loss: 7.5034
Epoch 21/200
93/93 - 57s - 615ms/step - accuracy: 0.7146 - autoencoder_loss: 6.9328 - kl_loss: 5.9336 - loss: 7.1527 - reconstruction_loss: 0.9993 - vc_loss: 7.2469 - weighted_kl_loss: 5.9336
Epoch 27/200
93/93 - 57s - 608ms/step - accuracy: 0.7348 - autoencoder_loss: 3.6429 - kl_loss: 2.6417 - loss: 4.7994 - reconstruction_loss: 1.0011 - vc_loss: 5.2950 - weighted_kl_loss: 2.6417
Epoch 28/200
93/93 - 57s - 608ms/step - accuracy: 0.7273 - autoencoder_loss: 5.3685 - kl_loss: 4.3695 - loss: 6.2728 - reconstruction_loss: 0.9990 - vc_loss: 6.6603 - weighted_kl_loss: 4.3695
Epoch 25/200
93/93 - 57s - 610ms/step - accuracy: 0.7222 - autoencoder_loss: 8.2954 - kl_loss: 7.2959 - loss: 7.5574 - reconstruction_loss: 0.9996 - vc_loss: 7.2411 - weighted_kl_loss: 7.2959
Epoch 22/200
93/93 - 54s - 581ms/step - accuracy: 0.7146 - autoencoder_loss: 6.8467 - kl_loss: 5.8464 - loss: 6.7451 - reconstruction_loss: 1.0004 - vc_loss: 6.7015 - weighted_kl_loss: 5.8464
Epoch 28/200
93/93 - 54s - 580ms/step - accuracy: 0.7348 - autoencoder_loss: 3.4665 - kl_loss: 2.4681 - loss: 10.0410 - reconstruction_loss: 0.9984 - vc_loss: 12.8586 - weighted_kl_loss: 2.4681
Epoch 29/200
93/93 - 56s - 601ms/step - accuracy: 0.7273 - autoencoder_loss: 5.2736 - kl_loss: 4.2746 - loss: 5.8205 - reconstruction_loss: 0.9990 - vc_loss: 6.0550 - weighted_kl_loss: 4.2746
Epoch 26/200
93/93 - 56s - 597ms/step - accuracy: 0.7222 - autoencoder_loss: 8.0484 - kl_loss: 7.0469 - loss: 7.6750 - reconstruction_loss: 1.0015 - vc_loss: 7.5150 - weighted_kl_loss: 7.0469
Epoch 23/200
93/93 - 56s - 602ms/step - accuracy: 0.7146 - autoencoder_loss: 6.7295 - kl_loss: 5.7300 - loss: 6.4827 - reconstruction_loss: 0.9995 - vc_loss: 6.3769 - weighted_kl_loss: 5.7300
Epoch 29/200
93/93 - 55s - 587ms/step - accuracy: 0.7348 - autoencoder_loss: 3.2497 - kl_loss: 2.2509 - loss: 9.3771 - reconstruction_loss: 0.9987 - vc_loss: 12.0032 - weighted_kl_loss: 2.2509
Epoch 30/200
93/93 - 54s - 577ms/step - accuracy: 0.7273 - autoencoder_loss: 5.1080 - kl_loss: 4.1093 - loss: 6.1628 - reconstruction_loss: 0.9987 - vc_loss: 6.6149 - weighted_kl_loss: 4.1093
Epoch 27/200
93/93 - 55s - 586ms/step - accuracy: 0.7222 - autoencoder_loss: 7.7196 - kl_loss: 6.7201 - loss: 7.2026 - reconstruction_loss: 0.9994 - vc_loss: 6.9811 - weighted_kl_loss: 6.7201
Epoch 24/200
93/93 - 53s - 566ms/step - accuracy: 0.7146 - autoencoder_loss: 6.7139 - kl_loss: 5.7144 - loss: 6.8592 - reconstruction_loss: 0.9995 - vc_loss: 6.9215 - weighted_kl_loss: 5.7144
Epoch 30/200
93/93 - 54s - 585ms/step - accuracy: 0.7348 - autoencoder_loss: 3.1021 - kl_loss: 2.1025 - loss: 6.4330 - reconstruction_loss: 0.9996 - vc_loss: 7.8605 - weighted_kl_loss: 2.1025
Epoch 31/200
93/93 - 54s - 577ms/step - accuracy: 0.7273 - autoencoder_loss: 5.2211 - kl_loss: 4.2224 - loss: 6.4281 - reconstruction_loss: 0.9987 - vc_loss: 6.9453 - weighted_kl_loss: 4.2224
Epoch 28/200
93/93 - 53s - 569ms/step - accuracy: 0.7222 - autoencoder_loss: 7.5101 - kl_loss: 6.5104 - loss: 6.9864 - reconstruction_loss: 0.9997 - vc_loss: 6.7619 - weighted_kl_loss: 6.5104
Epoch 25/200
93/93 - 52s - 561ms/step - accuracy: 0.7146 - autoencoder_loss: 6.5864 - kl_loss: 5.5868 - loss: 6.0436 - reconstruction_loss: 0.9996 - vc_loss: 5.8110 - weighted_kl_loss: 5.5868
Epoch 31/200
93/93 - 50s - 542ms/step - accuracy: 0.7348 - autoencoder_loss: 3.0286 - kl_loss: 2.0292 - loss: 5.4826 - reconstruction_loss: 0.9995 - vc_loss: 6.5343 - weighted_kl_loss: 2.0292
Epoch 32/200
93/93 - 52s - 555ms/step - accuracy: 0.7273 - autoencoder_loss: 5.1040 - kl_loss: 4.1045 - loss: 6.0976 - reconstruction_loss: 0.9995 - vc_loss: 6.5234 - weighted_kl_loss: 4.1045
Epoch 29/200
93/93 - 51s - 550ms/step - accuracy: 0.7222 - autoencoder_loss: 7.3112 - kl_loss: 6.3118 - loss: 6.4844 - reconstruction_loss: 0.9993 - vc_loss: 6.1300 - weighted_kl_loss: 6.3118
Epoch 26/200
93/93 - 50s - 538ms/step - accuracy: 0.7146 - autoencoder_loss: 6.2757 - kl_loss: 5.2763 - loss: 6.1403 - reconstruction_loss: 0.9994 - vc_loss: 6.0823 - weighted_kl_loss: 5.2763
Epoch 32/200
93/93 - 51s - 552ms/step - accuracy: 0.7348 - autoencoder_loss: 2.9757 - kl_loss: 1.9764 - loss: 5.1414 - reconstruction_loss: 0.9993 - vc_loss: 6.0695 - weighted_kl_loss: 1.9764
Epoch 33/200
93/93 - 50s - 540ms/step - accuracy: 0.7222 - autoencoder_loss: 6.9976 - kl_loss: 5.9981 - loss: 6.2824 - reconstruction_loss: 0.9995 - vc_loss: 5.9759 - weighted_kl_loss: 5.9981
Epoch 27/200
93/93 - 51s - 546ms/step - accuracy: 0.7273 - autoencoder_loss: 4.9257 - kl_loss: 3.9266 - loss: 5.6812 - reconstruction_loss: 0.9991 - vc_loss: 6.0050 - weighted_kl_loss: 3.9266
Epoch 30/200
93/93 - 51s - 545ms/step - accuracy: 0.7146 - autoencoder_loss: 6.1765 - kl_loss: 5.1759 - loss: 5.5291 - reconstruction_loss: 1.0005 - vc_loss: 5.2517 - weighted_kl_loss: 5.1759
Epoch 33/200
93/93 - 51s - 552ms/step - accuracy: 0.7348 - autoencoder_loss: 2.8893 - kl_loss: 1.8897 - loss: 4.7657 - reconstruction_loss: 0.9996 - vc_loss: 5.5699 - weighted_kl_loss: 1.8897
Epoch 34/200
93/93 - 54s - 578ms/step - accuracy: 0.7222 - autoencoder_loss: 6.8269 - kl_loss: 5.8271 - loss: 5.7888 - reconstruction_loss: 0.9998 - vc_loss: 5.3440 - weighted_kl_loss: 5.8271
Epoch 28/200
93/93 - 54s - 582ms/step - accuracy: 0.7273 - autoencoder_loss: 4.6535 - kl_loss: 3.6542 - loss: 5.3165 - reconstruction_loss: 0.9993 - vc_loss: 5.6006 - weighted_kl_loss: 3.6542
Epoch 31/200
93/93 - 54s - 576ms/step - accuracy: 0.7146 - autoencoder_loss: 6.1171 - kl_loss: 5.1176 - loss: 5.5971 - reconstruction_loss: 0.9995 - vc_loss: 5.3742 - weighted_kl_loss: 5.1176
Epoch 34/200
93/93 - 53s - 566ms/step - accuracy: 0.7348 - autoencoder_loss: 2.8549 - kl_loss: 1.8541 - loss: 4.4209 - reconstruction_loss: 1.0008 - vc_loss: 5.0921 - weighted_kl_loss: 1.8541
Epoch 35/200
93/93 - 54s - 580ms/step - accuracy: 0.7273 - autoencoder_loss: 4.3655 - kl_loss: 3.3660 - loss: 5.6366 - reconstruction_loss: 0.9995 - vc_loss: 6.1814 - weighted_kl_loss: 3.3660
Epoch 32/200
93/93 - 55s - 590ms/step - accuracy: 0.7222 - autoencoder_loss: 6.6429 - kl_loss: 5.6429 - loss: 6.0190 - reconstruction_loss: 0.9999 - vc_loss: 5.7516 - weighted_kl_loss: 5.6429
Epoch 29/200
93/93 - 54s - 580ms/step - accuracy: 0.7146 - autoencoder_loss: 5.9746 - kl_loss: 4.9750 - loss: 5.2139 - reconstruction_loss: 0.9996 - vc_loss: 4.8879 - weighted_kl_loss: 4.9750
Epoch 35/200
93/93 - 53s - 569ms/step - accuracy: 0.7348 - autoencoder_loss: 2.8550 - kl_loss: 1.8492 - loss: 5.0661 - reconstruction_loss: 1.0058 - vc_loss: 6.0137 - weighted_kl_loss: 1.8492
Epoch 36/200
93/93 - 52s - 559ms/step - accuracy: 0.7273 - autoencoder_loss: 4.2773 - kl_loss: 3.2761 - loss: 5.3295 - reconstruction_loss: 1.0013 - vc_loss: 5.7804 - weighted_kl_loss: 3.2761
Epoch 33/200
93/93 - 52s - 561ms/step - accuracy: 0.7222 - autoencoder_loss: 6.3363 - kl_loss: 5.3367 - loss: 5.8313 - reconstruction_loss: 0.9996 - vc_loss: 5.6148 - weighted_kl_loss: 5.3367
Epoch 30/200
93/93 - 51s - 544ms/step - accuracy: 0.7146 - autoencoder_loss: 5.9122 - kl_loss: 4.9129 - loss: 5.7022 - reconstruction_loss: 0.9993 - vc_loss: 5.6122 - weighted_kl_loss: 4.9129
Epoch 36/200
93/93 - 50s - 533ms/step - accuracy: 0.7348 - autoencoder_loss: 2.7858 - kl_loss: 1.7869 - loss: 4.9355 - reconstruction_loss: 0.9989 - vc_loss: 5.8567 - weighted_kl_loss: 1.7869
Epoch 37/200
93/93 - 51s - 552ms/step - accuracy: 0.7273 - autoencoder_loss: 4.1868 - kl_loss: 3.1868 - loss: 4.8198 - reconstruction_loss: 1.0000 - vc_loss: 5.0910 - weighted_kl_loss: 3.1868
Epoch 34/200
93/93 - 52s - 560ms/step - accuracy: 0.7222 - autoencoder_loss: 6.0718 - kl_loss: 5.0714 - loss: 5.7791 - reconstruction_loss: 1.0004 - vc_loss: 5.6537 - weighted_kl_loss: 5.0714
Epoch 31/200
93/93 - 52s - 555ms/step - accuracy: 0.7146 - autoencoder_loss: 5.8150 - kl_loss: 4.8152 - loss: 4.7768 - reconstruction_loss: 0.9998 - vc_loss: 4.3318 - weighted_kl_loss: 4.8152
Epoch 37/200
93/93 - 52s - 562ms/step - accuracy: 0.7348 - autoencoder_loss: 2.7218 - kl_loss: 1.7226 - loss: 4.1973 - reconstruction_loss: 0.9992 - vc_loss: 4.8296 - weighted_kl_loss: 1.7226
Epoch 38/200
93/93 - 53s - 574ms/step - accuracy: 0.7273 - autoencoder_loss: 4.0394 - kl_loss: 3.0400 - loss: 6.0061 - reconstruction_loss: 0.9994 - vc_loss: 6.8490 - weighted_kl_loss: 3.0400
Epoch 35/200
93/93 - 53s - 572ms/step - accuracy: 0.7222 - autoencoder_loss: 5.7803 - kl_loss: 4.7806 - loss: 5.5094 - reconstruction_loss: 0.9997 - vc_loss: 5.3933 - weighted_kl_loss: 4.7806
Epoch 32/200
93/93 - 53s - 567ms/step - accuracy: 0.7146 - autoencoder_loss: 5.8114 - kl_loss: 4.8119 - loss: 5.5675 - reconstruction_loss: 0.9995 - vc_loss: 5.4629 - weighted_kl_loss: 4.8119
Epoch 38/200
93/93 - 51s - 546ms/step - accuracy: 0.7348 - autoencoder_loss: 2.6357 - kl_loss: 1.6364 - loss: 3.6752 - reconstruction_loss: 0.9993 - vc_loss: 4.1206 - weighted_kl_loss: 1.6364
Epoch 39/200
93/93 - 51s - 553ms/step - accuracy: 0.7273 - autoencoder_loss: 4.0032 - kl_loss: 3.0038 - loss: 4.8108 - reconstruction_loss: 0.9994 - vc_loss: 5.1570 - weighted_kl_loss: 3.0038
Epoch 36/200
93/93 - 48s - 521ms/step - accuracy: 0.7146 - autoencoder_loss: 5.7020 - kl_loss: 4.7027 - loss: 5.1908 - reconstruction_loss: 0.9992 - vc_loss: 4.9717 - weighted_kl_loss: 4.7027
Epoch 39/200
93/93 - 51s - 548ms/step - accuracy: 0.7348 - autoencoder_loss: 2.5684 - kl_loss: 1.5681 - loss: 3.8425 - reconstruction_loss: 1.0004 - vc_loss: 4.3885 - weighted_kl_loss: 1.5681
Epoch 40/200
93/93 - 81s - 866ms/step - accuracy: 0.7222 - autoencoder_loss: 5.5663 - kl_loss: 4.5662 - loss: 5.1696 - reconstruction_loss: 1.0001 - vc_loss: 4.9996 - weighted_kl_loss: 4.5662
Epoch 33/200
93/93 - 51s - 547ms/step - accuracy: 0.7273 - autoencoder_loss: 3.9884 - kl_loss: 2.9887 - loss: 4.3189 - reconstruction_loss: 0.9997 - vc_loss: 4.4605 - weighted_kl_loss: 2.9887
Epoch 37/200
93/93 - 50s - 540ms/step - accuracy: 0.7146 - autoencoder_loss: 5.5708 - kl_loss: 4.5710 - loss: 4.8717 - reconstruction_loss: 0.9998 - vc_loss: 4.5721 - weighted_kl_loss: 4.5710
Epoch 40/200
93/93 - 50s - 542ms/step - accuracy: 0.7348 - autoencoder_loss: 2.5118 - kl_loss: 1.5115 - loss: 3.4632 - reconstruction_loss: 1.0003 - vc_loss: 3.8709 - weighted_kl_loss: 1.5115
Epoch 41/200
93/93 - 51s - 550ms/step - accuracy: 0.7222 - autoencoder_loss: 5.4417 - kl_loss: 4.4403 - loss: 4.7126 - reconstruction_loss: 1.0013 - vc_loss: 4.4001 - weighted_kl_loss: 4.4403
Epoch 34/200
93/93 - 52s - 554ms/step - accuracy: 0.7273 - autoencoder_loss: 3.9188 - kl_loss: 2.9193 - loss: 4.6327 - reconstruction_loss: 0.9994 - vc_loss: 4.9387 - weighted_kl_loss: 2.9193
Epoch 38/200
93/93 - 50s - 540ms/step - accuracy: 0.7146 - autoencoder_loss: 5.5221 - kl_loss: 4.5216 - loss: 5.9408 - reconstruction_loss: 1.0005 - vc_loss: 6.1203 - weighted_kl_loss: 4.5216
Epoch 41/200
93/93 - 51s - 551ms/step - accuracy: 0.7348 - autoencoder_loss: 2.6385 - kl_loss: 1.6397 - loss: 5.0831 - reconstruction_loss: 0.9989 - vc_loss: 6.1307 - weighted_kl_loss: 1.6397
Epoch 42/200
93/93 - 53s - 570ms/step - accuracy: 0.7222 - autoencoder_loss: 5.2306 - kl_loss: 4.2287 - loss: 4.9248 - reconstruction_loss: 1.0019 - vc_loss: 4.7937 - weighted_kl_loss: 4.2287
Epoch 35/200
93/93 - 53s - 570ms/step - accuracy: 0.7273 - autoencoder_loss: 3.8569 - kl_loss: 2.8574 - loss: 3.9852 - reconstruction_loss: 0.9995 - vc_loss: 4.0402 - weighted_kl_loss: 2.8574
Epoch 39/200
93/93 - 53s - 572ms/step - accuracy: 0.7146 - autoencoder_loss: 5.8936 - kl_loss: 4.8939 - loss: 7.4335 - reconstruction_loss: 0.9997 - vc_loss: 8.0934 - weighted_kl_loss: 4.8939
Epoch 42/200
93/93 - 54s - 584ms/step - accuracy: 0.7348 - autoencoder_loss: 3.0422 - kl_loss: 2.0430 - loss: 7.3094 - reconstruction_loss: 0.9993 - vc_loss: 9.1382 - weighted_kl_loss: 2.0430
Epoch 43/200
93/93 - 55s - 591ms/step - accuracy: 0.7222 - autoencoder_loss: 5.1129 - kl_loss: 4.1126 - loss: 5.3156 - reconstruction_loss: 1.0002 - vc_loss: 5.4025 - weighted_kl_loss: 4.1126
Epoch 36/200
93/93 - 56s - 605ms/step - accuracy: 0.7273 - autoencoder_loss: 3.8018 - kl_loss: 2.8022 - loss: 4.0884 - reconstruction_loss: 0.9995 - vc_loss: 4.2113 - weighted_kl_loss: 2.8022
Epoch 40/200
93/93 - 55s - 588ms/step - accuracy: 0.7146 - autoencoder_loss: 5.7638 - kl_loss: 4.7634 - loss: 5.4365 - reconstruction_loss: 1.0005 - vc_loss: 5.2962 - weighted_kl_loss: 4.7634
Epoch 43/200
93/93 - 53s - 574ms/step - accuracy: 0.7348 - autoencoder_loss: 2.9345 - kl_loss: 1.9359 - loss: 6.4940 - reconstruction_loss: 0.9987 - vc_loss: 8.0195 - weighted_kl_loss: 1.9359
Epoch 44/200
93/93 - 54s - 581ms/step - accuracy: 0.7222 - autoencoder_loss: 4.9736 - kl_loss: 3.9742 - loss: 4.3305 - reconstruction_loss: 0.9994 - vc_loss: 4.0548 - weighted_kl_loss: 3.9742
Epoch 37/200
93/93 - 52s - 563ms/step - accuracy: 0.7273 - autoencoder_loss: 3.7233 - kl_loss: 2.7236 - loss: 4.4032 - reconstruction_loss: 0.9997 - vc_loss: 4.6945 - weighted_kl_loss: 2.7236
Epoch 41/200
93/93 - 52s - 555ms/step - accuracy: 0.7146 - autoencoder_loss: 5.5614 - kl_loss: 4.5614 - loss: 4.9511 - reconstruction_loss: 1.0000 - vc_loss: 4.6896 - weighted_kl_loss: 4.5614
Epoch 44/200
93/93 - 53s - 572ms/step - accuracy: 0.7348 - autoencoder_loss: 3.0753 - kl_loss: 2.0755 - loss: 6.3337 - reconstruction_loss: 0.9997 - vc_loss: 7.7301 - weighted_kl_loss: 2.0755
Epoch 45/200
93/93 - 55s - 595ms/step - accuracy: 0.7222 - autoencoder_loss: 4.8519 - kl_loss: 3.8527 - loss: 4.4599 - reconstruction_loss: 0.9992 - vc_loss: 4.2919 - weighted_kl_loss: 3.8527
Epoch 38/200
93/93 - 56s - 607ms/step - accuracy: 0.7273 - autoencoder_loss: 3.6361 - kl_loss: 2.6370 - loss: 4.1682 - reconstruction_loss: 0.9991 - vc_loss: 4.3962 - weighted_kl_loss: 2.6370
Epoch 42/200
93/93 - 55s - 596ms/step - accuracy: 0.7146 - autoencoder_loss: 5.4145 - kl_loss: 4.4153 - loss: 5.1520 - reconstruction_loss: 0.9992 - vc_loss: 5.0395 - weighted_kl_loss: 4.4153
Epoch 45/200
93/93 - 56s - 601ms/step - accuracy: 0.7348 - autoencoder_loss: 2.8902 - kl_loss: 1.8909 - loss: 4.9147 - reconstruction_loss: 0.9993 - vc_loss: 5.7823 - weighted_kl_loss: 1.8909
Epoch 46/200
93/93 - 56s - 604ms/step - accuracy: 0.7273 - autoencoder_loss: 3.5276 - kl_loss: 2.5275 - loss: 4.1680 - reconstruction_loss: 1.0001 - vc_loss: 4.4425 - weighted_kl_loss: 2.5275
Epoch 43/200
93/93 - 56s - 599ms/step - accuracy: 0.7146 - autoencoder_loss: 5.2992 - kl_loss: 4.2998 - loss: 5.9364 - reconstruction_loss: 0.9994 - vc_loss: 6.2094 - weighted_kl_loss: 4.2998
Epoch 46/200
93/93 - 83s - 891ms/step - accuracy: 0.7222 - autoencoder_loss: 4.7647 - kl_loss: 3.7644 - loss: 4.9741 - reconstruction_loss: 1.0003 - vc_loss: 5.0638 - weighted_kl_loss: 3.7644
Epoch 39/200
93/93 - 55s - 595ms/step - accuracy: 0.7348 - autoencoder_loss: 2.6766 - kl_loss: 1.6760 - loss: 3.6131 - reconstruction_loss: 1.0006 - vc_loss: 4.0144 - weighted_kl_loss: 1.6760
Epoch 47/200
93/93 - 54s - 581ms/step - accuracy: 0.7146 - autoencoder_loss: 5.9194 - kl_loss: 4.9189 - loss: 7.7688 - reconstruction_loss: 1.0004 - vc_loss: 8.5615 - weighted_kl_loss: 4.9189
Epoch 47/200
93/93 - 54s - 584ms/step - accuracy: 0.7273 - autoencoder_loss: 3.4867 - kl_loss: 2.4872 - loss: 3.9779 - reconstruction_loss: 0.9995 - vc_loss: 4.1884 - weighted_kl_loss: 2.4872
Epoch 44/200
93/93 - 54s - 579ms/step - accuracy: 0.7222 - autoencoder_loss: 4.6676 - kl_loss: 3.6681 - loss: 4.2464 - reconstruction_loss: 0.9996 - vc_loss: 4.0658 - weighted_kl_loss: 3.6681
Epoch 40/200
93/93 - 53s - 575ms/step - accuracy: 0.7348 - autoencoder_loss: 2.5963 - kl_loss: 1.5970 - loss: 3.7021 - reconstruction_loss: 0.9992 - vc_loss: 4.1761 - weighted_kl_loss: 1.5970
Epoch 48/200
93/93 - 51s - 550ms/step - accuracy: 0.7273 - autoencoder_loss: 3.4334 - kl_loss: 2.4324 - loss: 3.8436 - reconstruction_loss: 1.0010 - vc_loss: 4.0195 - weighted_kl_loss: 2.4324
Epoch 45/200
93/93 - 52s - 554ms/step - accuracy: 0.7146 - autoencoder_loss: 6.3120 - kl_loss: 5.3071 - loss: 7.8714 - reconstruction_loss: 1.0049 - vc_loss: 8.5396 - weighted_kl_loss: 5.3071
Epoch 48/200
93/93 - 52s - 562ms/step - accuracy: 0.7222 - autoencoder_loss: 4.5309 - kl_loss: 3.5310 - loss: 4.5258 - reconstruction_loss: 0.9999 - vc_loss: 4.5236 - weighted_kl_loss: 3.5310
Epoch 41/200
93/93 - 51s - 554ms/step - accuracy: 0.7348 - autoencoder_loss: 2.5501 - kl_loss: 1.5505 - loss: 4.5581 - reconstruction_loss: 0.9995 - vc_loss: 5.4187 - weighted_kl_loss: 1.5505
Epoch 49/200
93/93 - 53s - 566ms/step - accuracy: 0.7273 - autoencoder_loss: 3.4078 - kl_loss: 2.4070 - loss: 3.6609 - reconstruction_loss: 1.0009 - vc_loss: 3.7693 - weighted_kl_loss: 2.4070
Epoch 46/200
93/93 - 53s - 571ms/step - accuracy: 0.7146 - autoencoder_loss: 6.0832 - kl_loss: 5.0838 - loss: 7.0625 - reconstruction_loss: 0.9994 - vc_loss: 7.4822 - weighted_kl_loss: 5.0838
Epoch 49/200
93/93 - 53s - 574ms/step - accuracy: 0.7222 - autoencoder_loss: 4.4915 - kl_loss: 3.4913 - loss: 4.4201 - reconstruction_loss: 1.0002 - vc_loss: 4.3894 - weighted_kl_loss: 3.4913
Epoch 42/200
93/93 - 53s - 569ms/step - accuracy: 0.7348 - autoencoder_loss: 2.5046 - kl_loss: 1.5048 - loss: 3.6044 - reconstruction_loss: 0.9998 - vc_loss: 4.0758 - weighted_kl_loss: 1.5048
Epoch 50/200
93/93 - 55s - 597ms/step - accuracy: 0.7273 - autoencoder_loss: 3.2918 - kl_loss: 2.2926 - loss: 4.4604 - reconstruction_loss: 0.9993 - vc_loss: 4.9612 - weighted_kl_loss: 2.2926
Epoch 47/200
93/93 - 55s - 589ms/step - accuracy: 0.7146 - autoencoder_loss: 5.8059 - kl_loss: 4.8065 - loss: 6.4102 - reconstruction_loss: 0.9994 - vc_loss: 6.6692 - weighted_kl_loss: 4.8065
Epoch 50/200
93/93 - 55s - 595ms/step - accuracy: 0.7222 - autoencoder_loss: 4.3313 - kl_loss: 3.3320 - loss: 4.2394 - reconstruction_loss: 0.9992 - vc_loss: 4.2001 - weighted_kl_loss: 3.3320
Epoch 43/200
93/93 - 54s - 582ms/step - accuracy: 0.7348 - autoencoder_loss: 2.4678 - kl_loss: 1.4688 - loss: 3.5498 - reconstruction_loss: 0.9990 - vc_loss: 4.0135 - weighted_kl_loss: 1.4688
Epoch 51/200
93/93 - 51s - 551ms/step - accuracy: 0.7146 - autoencoder_loss: 5.6561 - kl_loss: 4.6568 - loss: 6.7625 - reconstruction_loss: 0.9993 - vc_loss: 7.2367 - weighted_kl_loss: 4.6568
Epoch 51/200
93/93 - 52s - 555ms/step - accuracy: 0.7273 - autoencoder_loss: 3.2576 - kl_loss: 2.2585 - loss: 4.0653 - reconstruction_loss: 0.9991 - vc_loss: 4.4115 - weighted_kl_loss: 2.2585
Epoch 48/200
93/93 - 51s - 550ms/step - accuracy: 0.7222 - autoencoder_loss: 4.2344 - kl_loss: 3.2340 - loss: 4.3618 - reconstruction_loss: 1.0004 - vc_loss: 4.4165 - weighted_kl_loss: 3.2340
Epoch 44/200
93/93 - 51s - 548ms/step - accuracy: 0.7348 - autoencoder_loss: 2.4298 - kl_loss: 1.4305 - loss: 3.5390 - reconstruction_loss: 0.9993 - vc_loss: 4.0144 - weighted_kl_loss: 1.4305
Epoch 52/200
93/93 - 51s - 546ms/step - accuracy: 0.7146 - autoencoder_loss: 5.4882 - kl_loss: 4.4886 - loss: 6.3919 - reconstruction_loss: 0.9996 - vc_loss: 6.7793 - weighted_kl_loss: 4.4886
Epoch 52/200
93/93 - 51s - 548ms/step - accuracy: 0.7273 - autoencoder_loss: 3.2295 - kl_loss: 2.2271 - loss: 3.9083 - reconstruction_loss: 1.0024 - vc_loss: 4.1992 - weighted_kl_loss: 2.2271
Epoch 49/200
93/93 - 51s - 550ms/step - accuracy: 0.7222 - autoencoder_loss: 4.1730 - kl_loss: 3.1733 - loss: 4.2028 - reconstruction_loss: 0.9996 - vc_loss: 4.2157 - weighted_kl_loss: 3.1733
Epoch 45/200
93/93 - 50s - 541ms/step - accuracy: 0.7348 - autoencoder_loss: 2.4005 - kl_loss: 1.3997 - loss: 3.3941 - reconstruction_loss: 1.0008 - vc_loss: 3.8199 - weighted_kl_loss: 1.3997
Epoch 53/200
93/93 - 51s - 544ms/step - accuracy: 0.7146 - autoencoder_loss: 5.3784 - kl_loss: 4.3790 - loss: 5.8793 - reconstruction_loss: 0.9994 - vc_loss: 6.0939 - weighted_kl_loss: 4.3790
Epoch 53/200
93/93 - 51s - 552ms/step - accuracy: 0.7273 - autoencoder_loss: 3.1469 - kl_loss: 2.1475 - loss: 3.4984 - reconstruction_loss: 0.9994 - vc_loss: 3.6491 - weighted_kl_loss: 2.1475
Epoch 50/200
93/93 - 52s - 559ms/step - accuracy: 0.7222 - autoencoder_loss: 4.0348 - kl_loss: 3.0355 - loss: 3.9596 - reconstruction_loss: 0.9993 - vc_loss: 3.9274 - weighted_kl_loss: 3.0355
Epoch 46/200
93/93 - 51s - 551ms/step - accuracy: 0.7348 - autoencoder_loss: 2.3858 - kl_loss: 1.3848 - loss: 3.5107 - reconstruction_loss: 1.0010 - vc_loss: 3.9928 - weighted_kl_loss: 1.3848
Epoch 54/200
93/93 - 51s - 549ms/step - accuracy: 0.7146 - autoencoder_loss: 5.3459 - kl_loss: 4.3463 - loss: 6.3814 - reconstruction_loss: 0.9997 - vc_loss: 6.8252 - weighted_kl_loss: 4.3463
Epoch 54/200
93/93 - 51s - 550ms/step - accuracy: 0.7273 - autoencoder_loss: 3.1237 - kl_loss: 2.1244 - loss: 3.4962 - reconstruction_loss: 0.9993 - vc_loss: 3.6558 - weighted_kl_loss: 2.1244
Epoch 51/200
93/93 - 52s - 555ms/step - accuracy: 0.7222 - autoencoder_loss: 3.9037 - kl_loss: 2.9043 - loss: 3.8598 - reconstruction_loss: 0.9994 - vc_loss: 3.8410 - weighted_kl_loss: 2.9043
Epoch 47/200
93/93 - 51s - 544ms/step - accuracy: 0.7348 - autoencoder_loss: 2.3675 - kl_loss: 1.3678 - loss: 3.6046 - reconstruction_loss: 0.9997 - vc_loss: 4.1348 - weighted_kl_loss: 1.3678
Epoch 55/200
93/93 - 52s - 558ms/step - accuracy: 0.7146 - autoencoder_loss: 5.2634 - kl_loss: 4.2642 - loss: 6.1136 - reconstruction_loss: 0.9992 - vc_loss: 6.4780 - weighted_kl_loss: 4.2642
Epoch 55/200
93/93 - 51s - 553ms/step - accuracy: 0.7273 - autoencoder_loss: 3.0521 - kl_loss: 2.0526 - loss: 3.5522 - reconstruction_loss: 0.9995 - vc_loss: 3.7665 - weighted_kl_loss: 2.0526
Epoch 52/200
93/93 - 52s - 562ms/step - accuracy: 0.7348 - autoencoder_loss: 2.5097 - kl_loss: 1.5063 - loss: 4.5407 - reconstruction_loss: 1.0034 - vc_loss: 5.4111 - weighted_kl_loss: 1.5063
Epoch 56/200
93/93 - 86s - 925ms/step - accuracy: 0.7222 - autoencoder_loss: 3.9067 - kl_loss: 2.9070 - loss: 3.8331 - reconstruction_loss: 0.9997 - vc_loss: 3.8016 - weighted_kl_loss: 2.9070
Epoch 48/200
93/93 - 52s - 563ms/step - accuracy: 0.7146 - autoencoder_loss: 5.2030 - kl_loss: 4.2029 - loss: 5.8185 - reconstruction_loss: 1.0001 - vc_loss: 6.0822 - weighted_kl_loss: 4.2029
Epoch 56/200
93/93 - 54s - 585ms/step - accuracy: 0.7273 - autoencoder_loss: 3.0102 - kl_loss: 2.0106 - loss: 3.8070 - reconstruction_loss: 0.9996 - vc_loss: 4.1484 - weighted_kl_loss: 2.0106
Epoch 53/200
93/93 - 53s - 575ms/step - accuracy: 0.7348 - autoencoder_loss: 2.5337 - kl_loss: 1.5343 - loss: 3.2261 - reconstruction_loss: 0.9994 - vc_loss: 3.5228 - weighted_kl_loss: 1.5343
Epoch 57/200
93/93 - 56s - 606ms/step - accuracy: 0.7222 - autoencoder_loss: 3.8203 - kl_loss: 2.8201 - loss: 3.9619 - reconstruction_loss: 1.0003 - vc_loss: 4.0226 - weighted_kl_loss: 2.8201
Epoch 49/200
93/93 - 55s - 587ms/step - accuracy: 0.7146 - autoencoder_loss: 5.1157 - kl_loss: 4.1161 - loss: 5.1045 - reconstruction_loss: 0.9997 - vc_loss: 5.0997 - weighted_kl_loss: 4.1161
Epoch 57/200
93/93 - 56s - 598ms/step - accuracy: 0.7273 - autoencoder_loss: 3.0049 - kl_loss: 2.0041 - loss: 3.8482 - reconstruction_loss: 1.0009 - vc_loss: 4.2095 - weighted_kl_loss: 2.0041
Epoch 54/200
93/93 - 54s - 586ms/step - accuracy: 0.7348 - autoencoder_loss: 2.4854 - kl_loss: 1.4856 - loss: 3.3193 - reconstruction_loss: 0.9998 - vc_loss: 3.6767 - weighted_kl_loss: 1.4856
Epoch 58/200
93/93 - 54s - 578ms/step - accuracy: 0.7146 - autoencoder_loss: 5.0648 - kl_loss: 4.0650 - loss: 4.8529 - reconstruction_loss: 0.9998 - vc_loss: 4.7622 - weighted_kl_loss: 4.0650
Epoch 58/200
93/93 - 54s - 581ms/step - accuracy: 0.7273 - autoencoder_loss: 2.9561 - kl_loss: 1.9567 - loss: 3.4047 - reconstruction_loss: 0.9994 - vc_loss: 3.5970 - weighted_kl_loss: 1.9567
Epoch 55/200
93/93 - 55s - 594ms/step - accuracy: 0.7348 - autoencoder_loss: 2.4250 - kl_loss: 1.4256 - loss: 3.5197 - reconstruction_loss: 0.9993 - vc_loss: 3.9889 - weighted_kl_loss: 1.4256
Epoch 59/200
93/93 - 81s - 876ms/step - accuracy: 0.7222 - autoencoder_loss: 3.8531 - kl_loss: 2.8533 - loss: 4.0110 - reconstruction_loss: 0.9998 - vc_loss: 4.0787 - weighted_kl_loss: 2.8533
Epoch 50/200
93/93 - 55s - 597ms/step - accuracy: 0.7146 - autoencoder_loss: 4.9530 - kl_loss: 3.9535 - loss: 4.7340 - reconstruction_loss: 0.9995 - vc_loss: 4.6401 - weighted_kl_loss: 3.9535
Epoch 59/200
93/93 - 56s - 597ms/step - accuracy: 0.7273 - autoencoder_loss: 2.9156 - kl_loss: 1.9160 - loss: 3.3293 - reconstruction_loss: 0.9996 - vc_loss: 3.5065 - weighted_kl_loss: 1.9160
Epoch 56/200
93/93 - 55s - 588ms/step - accuracy: 0.7348 - autoencoder_loss: 2.3950 - kl_loss: 1.3946 - loss: 3.1606 - reconstruction_loss: 1.0004 - vc_loss: 3.4888 - weighted_kl_loss: 1.3946
Epoch 60/200
93/93 - 56s - 600ms/step - accuracy: 0.7222 - autoencoder_loss: 3.8002 - kl_loss: 2.8009 - loss: 3.6867 - reconstruction_loss: 0.9993 - vc_loss: 3.6380 - weighted_kl_loss: 2.8009
Epoch 51/200
93/93 - 52s - 560ms/step - accuracy: 0.7146 - autoencoder_loss: 4.8760 - kl_loss: 3.8739 - loss: 4.8701 - reconstruction_loss: 1.0021 - vc_loss: 4.8676 - weighted_kl_loss: 3.8739
Epoch 60/200
93/93 - 51s - 553ms/step - accuracy: 0.7273 - autoencoder_loss: 2.8341 - kl_loss: 1.8349 - loss: 4.6330 - reconstruction_loss: 0.9992 - vc_loss: 5.4039 - weighted_kl_loss: 1.8349
Epoch 57/200
93/93 - 51s - 544ms/step - accuracy: 0.7348 - autoencoder_loss: 2.3211 - kl_loss: 1.3218 - loss: 3.2962 - reconstruction_loss: 0.9993 - vc_loss: 3.7142 - weighted_kl_loss: 1.3218
Epoch 61/200
93/93 - 52s - 562ms/step - accuracy: 0.7222 - autoencoder_loss: 3.8646 - kl_loss: 2.8645 - loss: 3.9720 - reconstruction_loss: 1.0002 - vc_loss: 4.0180 - weighted_kl_loss: 2.8645
Epoch 52/200
93/93 - 51s - 550ms/step - accuracy: 0.7146 - autoencoder_loss: 4.7596 - kl_loss: 3.7590 - loss: 4.6915 - reconstruction_loss: 1.0007 - vc_loss: 4.6623 - weighted_kl_loss: 3.7590
Epoch 61/200
93/93 - 52s - 556ms/step - accuracy: 0.7273 - autoencoder_loss: 2.8231 - kl_loss: 1.8237 - loss: 3.4796 - reconstruction_loss: 0.9995 - vc_loss: 3.7610 - weighted_kl_loss: 1.8237
Epoch 58/200
93/93 - 52s - 559ms/step - accuracy: 0.7348 - autoencoder_loss: 2.2569 - kl_loss: 1.2567 - loss: 4.0528 - reconstruction_loss: 1.0002 - vc_loss: 4.8225 - weighted_kl_loss: 1.2567
Epoch 62/200
93/93 - 52s - 556ms/step - accuracy: 0.7222 - autoencoder_loss: 3.7461 - kl_loss: 2.7468 - loss: 3.8070 - reconstruction_loss: 0.9993 - vc_loss: 3.8331 - weighted_kl_loss: 2.7468
Epoch 53/200
93/93 - 51s - 548ms/step - accuracy: 0.7146 - autoencoder_loss: 4.6268 - kl_loss: 3.6273 - loss: 4.6106 - reconstruction_loss: 0.9995 - vc_loss: 4.6037 - weighted_kl_loss: 3.6273
Epoch 62/200
93/93 - 50s - 538ms/step - accuracy: 0.7273 - autoencoder_loss: 2.7647 - kl_loss: 1.7652 - loss: 3.6166 - reconstruction_loss: 0.9995 - vc_loss: 3.9817 - weighted_kl_loss: 1.7652
Epoch 59/200
93/93 - 51s - 553ms/step - accuracy: 0.7222 - autoencoder_loss: 3.6415 - kl_loss: 2.6410 - loss: 3.5801 - reconstruction_loss: 1.0005 - vc_loss: 3.5539 - weighted_kl_loss: 2.6410
Epoch 54/200
93/93 - 81s - 872ms/step - accuracy: 0.7348 - autoencoder_loss: 2.2262 - kl_loss: 1.2274 - loss: 3.0681 - reconstruction_loss: 0.9989 - vc_loss: 3.4288 - weighted_kl_loss: 1.2274
Epoch 63/200
93/93 - 52s - 560ms/step - accuracy: 0.7146 - autoencoder_loss: 4.5686 - kl_loss: 3.5684 - loss: 4.4068 - reconstruction_loss: 1.0003 - vc_loss: 4.3374 - weighted_kl_loss: 3.5684
Epoch 63/200
93/93 - 52s - 564ms/step - accuracy: 0.7273 - autoencoder_loss: 2.7313 - kl_loss: 1.7297 - loss: 3.1202 - reconstruction_loss: 1.0016 - vc_loss: 3.2868 - weighted_kl_loss: 1.7297
Epoch 60/200
93/93 - 53s - 573ms/step - accuracy: 0.7222 - autoencoder_loss: 3.5837 - kl_loss: 2.5840 - loss: 3.6215 - reconstruction_loss: 0.9997 - vc_loss: 3.6377 - weighted_kl_loss: 2.5840
Epoch 55/200
93/93 - 53s - 573ms/step - accuracy: 0.7348 - autoencoder_loss: 2.1767 - kl_loss: 1.1759 - loss: 3.3474 - reconstruction_loss: 1.0007 - vc_loss: 3.8492 - weighted_kl_loss: 1.1759
Epoch 64/200
93/93 - 52s - 562ms/step - accuracy: 0.7146 - autoencoder_loss: 4.5472 - kl_loss: 3.5480 - loss: 4.6390 - reconstruction_loss: 0.9992 - vc_loss: 4.6783 - weighted_kl_loss: 3.5480
Epoch 64/200
93/93 - 52s - 563ms/step - accuracy: 0.7273 - autoencoder_loss: 2.6929 - kl_loss: 1.6916 - loss: 3.3107 - reconstruction_loss: 1.0013 - vc_loss: 3.5754 - weighted_kl_loss: 1.6916
Epoch 61/200
93/93 - 52s - 558ms/step - accuracy: 0.7222 - autoencoder_loss: 3.4818 - kl_loss: 2.4825 - loss: 3.8521 - reconstruction_loss: 0.9993 - vc_loss: 4.0108 - weighted_kl_loss: 2.4825
Epoch 56/200
93/93 - 52s - 554ms/step - accuracy: 0.7348 - autoencoder_loss: 2.1212 - kl_loss: 1.1218 - loss: 3.0179 - reconstruction_loss: 0.9994 - vc_loss: 3.4022 - weighted_kl_loss: 1.1218
Epoch 65/200
93/93 - 51s - 549ms/step - accuracy: 0.7146 - autoencoder_loss: 4.4457 - kl_loss: 3.4463 - loss: 4.5136 - reconstruction_loss: 0.9994 - vc_loss: 4.5427 - weighted_kl_loss: 3.4463
Epoch 65/200
93/93 - 52s - 554ms/step - accuracy: 0.7273 - autoencoder_loss: 2.6730 - kl_loss: 1.6738 - loss: 3.5802 - reconstruction_loss: 0.9992 - vc_loss: 3.9691 - weighted_kl_loss: 1.6738
Epoch 62/200
93/93 - 52s - 561ms/step - accuracy: 0.7222 - autoencoder_loss: 3.3972 - kl_loss: 2.3971 - loss: 3.2565 - reconstruction_loss: 1.0001 - vc_loss: 3.1962 - weighted_kl_loss: 2.3971
Epoch 57/200
93/93 - 49s - 532ms/step - accuracy: 0.7348 - autoencoder_loss: 2.2331 - kl_loss: 1.2323 - loss: 3.4137 - reconstruction_loss: 1.0008 - vc_loss: 3.9197 - weighted_kl_loss: 1.2323
Epoch 66/200
93/93 - 51s - 548ms/step - accuracy: 0.7146 - autoencoder_loss: 4.3518 - kl_loss: 3.3507 - loss: 4.5571 - reconstruction_loss: 1.0011 - vc_loss: 4.6451 - weighted_kl_loss: 3.3507
Epoch 66/200
93/93 - 51s - 544ms/step - accuracy: 0.7273 - autoencoder_loss: 2.5970 - kl_loss: 1.5977 - loss: 3.1811 - reconstruction_loss: 0.9994 - vc_loss: 3.4314 - weighted_kl_loss: 1.5977
Epoch 63/200
93/93 - 50s - 536ms/step - accuracy: 0.7222 - autoencoder_loss: 3.3340 - kl_loss: 2.3348 - loss: 3.5042 - reconstruction_loss: 0.9993 - vc_loss: 3.5771 - weighted_kl_loss: 2.3348
Epoch 58/200
93/93 - 52s - 564ms/step - accuracy: 0.7348 - autoencoder_loss: 2.2109 - kl_loss: 1.2115 - loss: 3.3747 - reconstruction_loss: 0.9993 - vc_loss: 3.8735 - weighted_kl_loss: 1.2115
Epoch 67/200
93/93 - 52s - 556ms/step - accuracy: 0.7146 - autoencoder_loss: 4.2816 - kl_loss: 3.2814 - loss: 4.5651 - reconstruction_loss: 1.0002 - vc_loss: 4.6866 - weighted_kl_loss: 3.2814
Epoch 67/200
93/93 - 51s - 549ms/step - accuracy: 0.7273 - autoencoder_loss: 2.5511 - kl_loss: 1.5519 - loss: 3.3315 - reconstruction_loss: 0.9992 - vc_loss: 3.6659 - weighted_kl_loss: 1.5519
Epoch 64/200
93/93 - 52s - 563ms/step - accuracy: 0.7222 - autoencoder_loss: 3.3121 - kl_loss: 2.3121 - loss: 3.7120 - reconstruction_loss: 1.0000 - vc_loss: 3.8835 - weighted_kl_loss: 2.3121
Epoch 59/200
93/93 - 52s - 555ms/step - accuracy: 0.7348 - autoencoder_loss: 2.1851 - kl_loss: 1.1859 - loss: 3.2873 - reconstruction_loss: 0.9992 - vc_loss: 3.7597 - weighted_kl_loss: 1.1859
Epoch 68/200
93/93 - 53s - 565ms/step - accuracy: 0.7146 - autoencoder_loss: 4.2397 - kl_loss: 3.2373 - loss: 4.2378 - reconstruction_loss: 1.0024 - vc_loss: 4.2370 - weighted_kl_loss: 3.2373
Epoch 68/200
93/93 - 52s - 561ms/step - accuracy: 0.7273 - autoencoder_loss: 2.5455 - kl_loss: 1.5459 - loss: 3.4805 - reconstruction_loss: 0.9996 - vc_loss: 3.8811 - weighted_kl_loss: 1.5459
Epoch 65/200
93/93 - 51s - 553ms/step - accuracy: 0.7222 - autoencoder_loss: 3.2281 - kl_loss: 2.2277 - loss: 3.1017 - reconstruction_loss: 1.0004 - vc_loss: 3.0476 - weighted_kl_loss: 2.2277
Epoch 60/200
93/93 - 51s - 544ms/step - accuracy: 0.7348 - autoencoder_loss: 2.0171 - kl_loss: 1.0176 - loss: 3.0282 - reconstruction_loss: 0.9995 - vc_loss: 3.4616 - weighted_kl_loss: 1.0176
Epoch 69/200
93/93 - 51s - 553ms/step - accuracy: 0.7146 - autoencoder_loss: 4.1421 - kl_loss: 3.1418 - loss: 3.4069 - reconstruction_loss: 1.0003 - vc_loss: 3.0918 - weighted_kl_loss: 3.1418
Epoch 69/200
93/93 - 51s - 551ms/step - accuracy: 0.7273 - autoencoder_loss: 2.5143 - kl_loss: 1.5143 - loss: 3.7129 - reconstruction_loss: 1.0000 - vc_loss: 4.2265 - weighted_kl_loss: 1.5143
Epoch 66/200
93/93 - 51s - 552ms/step - accuracy: 0.7222 - autoencoder_loss: 3.1712 - kl_loss: 2.1714 - loss: 2.8681 - reconstruction_loss: 0.9998 - vc_loss: 2.7381 - weighted_kl_loss: 2.1714
Epoch 61/200
93/93 - 51s - 550ms/step - accuracy: 0.7348 - autoencoder_loss: 1.9881 - kl_loss: 0.9880 - loss: 3.3367 - reconstruction_loss: 1.0002 - vc_loss: 3.9147 - weighted_kl_loss: 0.9880
Epoch 70/200
93/93 - 53s - 570ms/step - accuracy: 0.7146 - autoencoder_loss: 4.0987 - kl_loss: 3.0994 - loss: 3.6535 - reconstruction_loss: 0.9993 - vc_loss: 3.4628 - weighted_kl_loss: 3.0994
Epoch 70/200
93/93 - 53s - 568ms/step - accuracy: 0.7273 - autoencoder_loss: 2.4472 - kl_loss: 1.4473 - loss: 3.4832 - reconstruction_loss: 0.9999 - vc_loss: 3.9272 - weighted_kl_loss: 1.4473
Epoch 67/200
93/93 - 53s - 568ms/step - accuracy: 0.7222 - autoencoder_loss: 3.1394 - kl_loss: 2.1385 - loss: 3.1951 - reconstruction_loss: 1.0009 - vc_loss: 3.2189 - weighted_kl_loss: 2.1385
Epoch 62/200
93/93 - 54s - 585ms/step - accuracy: 0.7348 - autoencoder_loss: 1.9494 - kl_loss: 0.9488 - loss: 3.2042 - reconstruction_loss: 1.0006 - vc_loss: 3.7420 - weighted_kl_loss: 0.9488
Epoch 71/200
93/93 - 54s - 585ms/step - accuracy: 0.7146 - autoencoder_loss: 4.0286 - kl_loss: 3.0284 - loss: 4.0779 - reconstruction_loss: 1.0002 - vc_loss: 4.0990 - weighted_kl_loss: 3.0284
Epoch 71/200
93/93 - 54s - 585ms/step - accuracy: 0.7273 - autoencoder_loss: 2.4320 - kl_loss: 1.4325 - loss: 3.2038 - reconstruction_loss: 0.9995 - vc_loss: 3.5346 - weighted_kl_loss: 1.4325
Epoch 68/200
93/93 - 56s - 603ms/step - accuracy: 0.7222 - autoencoder_loss: 3.0807 - kl_loss: 2.0814 - loss: 3.6178 - reconstruction_loss: 0.9993 - vc_loss: 3.8481 - weighted_kl_loss: 2.0814
Epoch 63/200
93/93 - 53s - 568ms/step - accuracy: 0.7348 - autoencoder_loss: 1.9430 - kl_loss: 0.9423 - loss: 3.1059 - reconstruction_loss: 1.0007 - vc_loss: 3.6043 - weighted_kl_loss: 0.9423
Epoch 72/200
93/93 - 53s - 565ms/step - accuracy: 0.7146 - autoencoder_loss: 3.9347 - kl_loss: 2.9348 - loss: 4.2245 - reconstruction_loss: 0.9999 - vc_loss: 4.3487 - weighted_kl_loss: 2.9348
Epoch 72/200
93/93 - 53s - 568ms/step - accuracy: 0.7273 - autoencoder_loss: 2.3885 - kl_loss: 1.3887 - loss: 3.4071 - reconstruction_loss: 0.9998 - vc_loss: 3.8436 - weighted_kl_loss: 1.3887
Epoch 69/200
93/93 - 52s - 557ms/step - accuracy: 0.7222 - autoencoder_loss: 3.0049 - kl_loss: 2.0052 - loss: 3.1478 - reconstruction_loss: 0.9998 - vc_loss: 3.2091 - weighted_kl_loss: 2.0052
Epoch 64/200
93/93 - 50s - 538ms/step - accuracy: 0.7348 - autoencoder_loss: 1.9145 - kl_loss: 0.9143 - loss: 3.0440 - reconstruction_loss: 1.0002 - vc_loss: 3.5281 - weighted_kl_loss: 0.9143
Epoch 73/200
93/93 - 50s - 540ms/step - accuracy: 0.7146 - autoencoder_loss: 3.8411 - kl_loss: 2.8406 - loss: 3.6444 - reconstruction_loss: 1.0005 - vc_loss: 3.5602 - weighted_kl_loss: 2.8406
Epoch 73/200
93/93 - 50s - 536ms/step - accuracy: 0.7273 - autoencoder_loss: 2.3347 - kl_loss: 1.3346 - loss: 3.3979 - reconstruction_loss: 1.0001 - vc_loss: 3.8536 - weighted_kl_loss: 1.3346
Epoch 70/200
93/93 - 52s - 557ms/step - accuracy: 0.7222 - autoencoder_loss: 2.8977 - kl_loss: 1.8984 - loss: 3.1698 - reconstruction_loss: 0.9993 - vc_loss: 3.2864 - weighted_kl_loss: 1.8984
Epoch 65/200
93/93 - 54s - 575ms/step - accuracy: 0.7348 - autoencoder_loss: 2.0880 - kl_loss: 1.0884 - loss: 3.7565 - reconstruction_loss: 0.9995 - vc_loss: 4.4716 - weighted_kl_loss: 1.0884
Epoch 74/200
93/93 - 53s - 574ms/step - accuracy: 0.7146 - autoencoder_loss: 3.7442 - kl_loss: 2.7445 - loss: 3.6848 - reconstruction_loss: 0.9996 - vc_loss: 3.6593 - weighted_kl_loss: 2.7445
Epoch 74/200
93/93 - 55s - 587ms/step - accuracy: 0.7273 - autoencoder_loss: 2.2893 - kl_loss: 1.2900 - loss: 3.6479 - reconstruction_loss: 0.9994 - vc_loss: 4.2302 - weighted_kl_loss: 1.2900
Epoch 71/200
93/93 - 54s - 576ms/step - accuracy: 0.7222 - autoencoder_loss: 2.8574 - kl_loss: 1.8576 - loss: 3.5681 - reconstruction_loss: 0.9997 - vc_loss: 3.8727 - weighted_kl_loss: 1.8576
Epoch 66/200
93/93 - 51s - 547ms/step - accuracy: 0.7348 - autoencoder_loss: 2.1453 - kl_loss: 1.1457 - loss: 3.9260 - reconstruction_loss: 0.9996 - vc_loss: 4.6891 - weighted_kl_loss: 1.1457
Epoch 75/200
93/93 - 51s - 550ms/step - accuracy: 0.7146 - autoencoder_loss: 3.6955 - kl_loss: 2.6958 - loss: 3.9386 - reconstruction_loss: 0.9997 - vc_loss: 4.0427 - weighted_kl_loss: 2.6958
Epoch 75/200
93/93 - 52s - 561ms/step - accuracy: 0.7273 - autoencoder_loss: 2.2972 - kl_loss: 1.2961 - loss: 3.4171 - reconstruction_loss: 1.0011 - vc_loss: 3.8971 - weighted_kl_loss: 1.2961
Epoch 72/200
93/93 - 52s - 561ms/step - accuracy: 0.7222 - autoencoder_loss: 2.7914 - kl_loss: 1.7920 - loss: 3.6958 - reconstruction_loss: 0.9994 - vc_loss: 4.0834 - weighted_kl_loss: 1.7920
Epoch 67/200
93/93 - 52s - 557ms/step - accuracy: 0.7348 - autoencoder_loss: 2.0202 - kl_loss: 1.0207 - loss: 3.2062 - reconstruction_loss: 0.9996 - vc_loss: 3.7145 - weighted_kl_loss: 1.0207
Epoch 76/200
93/93 - 51s - 548ms/step - accuracy: 0.7146 - autoencoder_loss: 3.7962 - kl_loss: 2.7954 - loss: 3.8455 - reconstruction_loss: 1.0007 - vc_loss: 3.8667 - weighted_kl_loss: 2.7954
Epoch 76/200
93/93 - 51s - 547ms/step - accuracy: 0.7273 - autoencoder_loss: 2.2376 - kl_loss: 1.2382 - loss: 3.3619 - reconstruction_loss: 0.9994 - vc_loss: 3.8437 - weighted_kl_loss: 1.2382
Epoch 73/200
93/93 - 52s - 555ms/step - accuracy: 0.7222 - autoencoder_loss: 2.7988 - kl_loss: 1.7990 - loss: 2.9951 - reconstruction_loss: 0.9998 - vc_loss: 3.0793 - weighted_kl_loss: 1.7990
Epoch 68/200
93/93 - 52s - 558ms/step - accuracy: 0.7348 - autoencoder_loss: 2.0537 - kl_loss: 1.0543 - loss: 3.2615 - reconstruction_loss: 0.9994 - vc_loss: 3.7791 - weighted_kl_loss: 1.0543
Epoch 77/200
93/93 - 53s - 565ms/step - accuracy: 0.7146 - autoencoder_loss: 3.9394 - kl_loss: 2.9401 - loss: 3.3879 - reconstruction_loss: 0.9993 - vc_loss: 3.1516 - weighted_kl_loss: 2.9401
Epoch 77/200
93/93 - 53s - 565ms/step - accuracy: 0.7273 - autoencoder_loss: 2.2160 - kl_loss: 1.2161 - loss: 3.2880 - reconstruction_loss: 0.9999 - vc_loss: 3.7474 - weighted_kl_loss: 1.2161
Epoch 74/200
93/93 - 52s - 560ms/step - accuracy: 0.7222 - autoencoder_loss: 2.8099 - kl_loss: 1.8104 - loss: 3.2693 - reconstruction_loss: 0.9995 - vc_loss: 3.4661 - weighted_kl_loss: 1.8104
Epoch 69/200
93/93 - 51s - 546ms/step - accuracy: 0.7348 - autoencoder_loss: 2.0451 - kl_loss: 1.0440 - loss: 5.3476 - reconstruction_loss: 1.0011 - vc_loss: 6.7630 - weighted_kl_loss: 1.0440
Epoch 78/200
93/93 - 51s - 543ms/step - accuracy: 0.7146 - autoencoder_loss: 3.8824 - kl_loss: 2.8808 - loss: 3.6631 - reconstruction_loss: 1.0016 - vc_loss: 3.5692 - weighted_kl_loss: 2.8808
Epoch 78/200
93/93 - 50s - 534ms/step - accuracy: 0.7273 - autoencoder_loss: 2.2127 - kl_loss: 1.2119 - loss: 3.1108 - reconstruction_loss: 1.0008 - vc_loss: 3.4957 - weighted_kl_loss: 1.2119
Epoch 75/200
93/93 - 52s - 559ms/step - accuracy: 0.7222 - autoencoder_loss: 2.7011 - kl_loss: 1.7015 - loss: 3.4525 - reconstruction_loss: 0.9995 - vc_loss: 3.7745 - weighted_kl_loss: 1.7015
Epoch 70/200
93/93 - 50s - 540ms/step - accuracy: 0.7348 - autoencoder_loss: 2.0051 - kl_loss: 1.0060 - loss: 4.4305 - reconstruction_loss: 0.9991 - vc_loss: 5.4699 - weighted_kl_loss: 1.0060
Epoch 79/200
93/93 - 51s - 551ms/step - accuracy: 0.7146 - autoencoder_loss: 3.8325 - kl_loss: 2.8263 - loss: 3.6634 - reconstruction_loss: 1.0062 - vc_loss: 3.5908 - weighted_kl_loss: 2.8263
Epoch 79/200
93/93 - 52s - 562ms/step - accuracy: 0.7273 - autoencoder_loss: 2.1750 - kl_loss: 1.1757 - loss: 3.0273 - reconstruction_loss: 0.9993 - vc_loss: 3.3925 - weighted_kl_loss: 1.1757
Epoch 76/200
93/93 - 52s - 559ms/step - accuracy: 0.7222 - autoencoder_loss: 2.6574 - kl_loss: 1.6574 - loss: 3.2711 - reconstruction_loss: 1.0000 - vc_loss: 3.5341 - weighted_kl_loss: 1.6574
Epoch 71/200
93/93 - 50s - 536ms/step - accuracy: 0.7348 - autoencoder_loss: 2.0433 - kl_loss: 1.0439 - loss: 5.1591 - reconstruction_loss: 0.9994 - vc_loss: 6.4944 - weighted_kl_loss: 1.0439
Epoch 80/200
93/93 - 51s - 543ms/step - accuracy: 0.7146 - autoencoder_loss: 3.7410 - kl_loss: 2.7407 - loss: 4.4320 - reconstruction_loss: 1.0002 - vc_loss: 4.7282 - weighted_kl_loss: 2.7407
Epoch 80/200
93/93 - 50s - 542ms/step - accuracy: 0.7273 - autoencoder_loss: 2.1803 - kl_loss: 1.1809 - loss: 3.6925 - reconstruction_loss: 0.9994 - vc_loss: 4.3406 - weighted_kl_loss: 1.1809
Epoch 77/200
93/93 - 52s - 556ms/step - accuracy: 0.7222 - autoencoder_loss: 2.6133 - kl_loss: 1.6134 - loss: 3.1491 - reconstruction_loss: 1.0000 - vc_loss: 3.3788 - weighted_kl_loss: 1.6134
Epoch 72/200
93/93 - 51s - 548ms/step - accuracy: 0.7348 - autoencoder_loss: 2.0844 - kl_loss: 1.0851 - loss: 6.3350 - reconstruction_loss: 0.9993 - vc_loss: 8.1566 - weighted_kl_loss: 1.0851
Epoch 81/200
93/93 - 52s - 557ms/step - accuracy: 0.7146 - autoencoder_loss: 3.7414 - kl_loss: 2.7418 - loss: 4.0946 - reconstruction_loss: 0.9996 - vc_loss: 4.2459 - weighted_kl_loss: 2.7418
Epoch 81/200
93/93 - 51s - 545ms/step - accuracy: 0.7273 - autoencoder_loss: 2.1788 - kl_loss: 1.1786 - loss: 3.2229 - reconstruction_loss: 1.0002 - vc_loss: 3.6703 - weighted_kl_loss: 1.1786
Epoch 78/200
93/93 - 51s - 545ms/step - accuracy: 0.7222 - autoencoder_loss: 2.8363 - kl_loss: 1.8351 - loss: 3.4377 - reconstruction_loss: 1.0012 - vc_loss: 3.6954 - weighted_kl_loss: 1.8351
Epoch 73/200
93/93 - 50s - 540ms/step - accuracy: 0.7348 - autoencoder_loss: 2.0093 - kl_loss: 1.0082 - loss: 3.9851 - reconstruction_loss: 1.0011 - vc_loss: 4.8319 - weighted_kl_loss: 1.0082
Epoch 82/200
93/93 - 51s - 548ms/step - accuracy: 0.7146 - autoencoder_loss: 3.7298 - kl_loss: 2.7299 - loss: 3.8888 - reconstruction_loss: 0.9999 - vc_loss: 3.9569 - weighted_kl_loss: 2.7299
Epoch 82/200
93/93 - 53s - 568ms/step - accuracy: 0.7273 - autoencoder_loss: 2.1722 - kl_loss: 1.1723 - loss: 3.3578 - reconstruction_loss: 0.9999 - vc_loss: 3.8660 - weighted_kl_loss: 1.1723
Epoch 79/200
93/93 - 56s - 601ms/step - accuracy: 0.7222 - autoencoder_loss: 2.9129 - kl_loss: 1.9134 - loss: 3.8405 - reconstruction_loss: 0.9995 - vc_loss: 4.2380 - weighted_kl_loss: 1.9134
Epoch 74/200
93/93 - 55s - 587ms/step - accuracy: 0.7348 - autoencoder_loss: 1.9734 - kl_loss: 0.9732 - loss: 4.2635 - reconstruction_loss: 1.0002 - vc_loss: 5.2450 - weighted_kl_loss: 0.9732
Epoch 83/200
93/93 - 54s - 580ms/step - accuracy: 0.7146 - autoencoder_loss: 3.6690 - kl_loss: 2.6693 - loss: 3.4720 - reconstruction_loss: 0.9997 - vc_loss: 3.3876 - weighted_kl_loss: 2.6693
Epoch 83/200
93/93 - 53s - 572ms/step - accuracy: 0.7273 - autoencoder_loss: 2.1266 - kl_loss: 1.1258 - loss: 2.7623 - reconstruction_loss: 1.0007 - vc_loss: 3.0348 - weighted_kl_loss: 1.1258
Epoch 80/200
93/93 - 52s - 560ms/step - accuracy: 0.7222 - autoencoder_loss: 2.9156 - kl_loss: 1.9148 - loss: 3.4380 - reconstruction_loss: 1.0008 - vc_loss: 3.6618 - weighted_kl_loss: 1.9148
Epoch 75/200
93/93 - 52s - 558ms/step - accuracy: 0.7348 - autoencoder_loss: 1.9156 - kl_loss: 0.9164 - loss: 5.7310 - reconstruction_loss: 0.9993 - vc_loss: 7.3662 - weighted_kl_loss: 0.9164
Epoch 84/200
93/93 - 52s - 563ms/step - accuracy: 0.7146 - autoencoder_loss: 3.5660 - kl_loss: 2.5666 - loss: 3.3766 - reconstruction_loss: 0.9994 - vc_loss: 3.2954 - weighted_kl_loss: 2.5666
Epoch 84/200
93/93 - 52s - 554ms/step - accuracy: 0.7273 - autoencoder_loss: 2.1128 - kl_loss: 1.1131 - loss: 2.9350 - reconstruction_loss: 0.9997 - vc_loss: 3.2874 - weighted_kl_loss: 1.1131
Epoch 81/200
93/93 - 54s - 579ms/step - accuracy: 0.7222 - autoencoder_loss: 2.8833 - kl_loss: 1.8842 - loss: 3.6194 - reconstruction_loss: 0.9991 - vc_loss: 3.9349 - weighted_kl_loss: 1.8842
Epoch 76/200
93/93 - 51s - 553ms/step - accuracy: 0.7348 - autoencoder_loss: 1.8700 - kl_loss: 0.8707 - loss: 3.6898 - reconstruction_loss: 0.9994 - vc_loss: 4.4697 - weighted_kl_loss: 0.8707
Epoch 85/200
93/93 - 50s - 541ms/step - accuracy: 0.7146 - autoencoder_loss: 3.5306 - kl_loss: 2.5305 - loss: 4.1161 - reconstruction_loss: 1.0000 - vc_loss: 4.3670 - weighted_kl_loss: 2.5305
Epoch 85/200
93/93 - 50s - 540ms/step - accuracy: 0.7273 - autoencoder_loss: 2.0870 - kl_loss: 1.0871 - loss: 3.9735 - reconstruction_loss: 0.9999 - vc_loss: 4.7820 - weighted_kl_loss: 1.0871
Epoch 82/200
93/93 - 51s - 553ms/step - accuracy: 0.7222 - autoencoder_loss: 2.8637 - kl_loss: 1.8631 - loss: 3.6874 - reconstruction_loss: 1.0007 - vc_loss: 4.0403 - weighted_kl_loss: 1.8631
Epoch 77/200
93/93 - 52s - 559ms/step - accuracy: 0.7348 - autoencoder_loss: 1.8685 - kl_loss: 0.8688 - loss: 3.7366 - reconstruction_loss: 0.9997 - vc_loss: 4.5372 - weighted_kl_loss: 0.8688
Epoch 86/200
93/93 - 52s - 561ms/step - accuracy: 0.7146 - autoencoder_loss: 3.4491 - kl_loss: 2.4492 - loss: 3.9789 - reconstruction_loss: 0.9999 - vc_loss: 4.2060 - weighted_kl_loss: 2.4492
Epoch 86/200
93/93 - 52s - 558ms/step - accuracy: 0.7273 - autoencoder_loss: 2.0592 - kl_loss: 1.0598 - loss: 2.8351 - reconstruction_loss: 0.9994 - vc_loss: 3.1676 - weighted_kl_loss: 1.0598
Epoch 83/200
93/93 - 54s - 584ms/step - accuracy: 0.7222 - autoencoder_loss: 2.8197 - kl_loss: 1.8197 - loss: 2.9089 - reconstruction_loss: 1.0000 - vc_loss: 2.9472 - weighted_kl_loss: 1.8197
Epoch 78/200
93/93 - 53s - 574ms/step - accuracy: 0.7348 - autoencoder_loss: 2.2917 - kl_loss: 1.2920 - loss: 4.5166 - reconstruction_loss: 0.9996 - vc_loss: 5.4701 - weighted_kl_loss: 1.2920
Epoch 87/200
93/93 - 53s - 574ms/step - accuracy: 0.7146 - autoencoder_loss: 3.4382 - kl_loss: 2.4371 - loss: 3.8735 - reconstruction_loss: 1.0011 - vc_loss: 4.0600 - weighted_kl_loss: 2.4371
Epoch 87/200
93/93 - 54s - 582ms/step - accuracy: 0.7273 - autoencoder_loss: 2.0248 - kl_loss: 1.0258 - loss: 3.0191 - reconstruction_loss: 0.9990 - vc_loss: 3.4452 - weighted_kl_loss: 1.0258
Epoch 84/200
93/93 - 53s - 570ms/step - accuracy: 0.7222 - autoencoder_loss: 2.7953 - kl_loss: 1.7961 - loss: 3.3284 - reconstruction_loss: 0.9992 - vc_loss: 3.5569 - weighted_kl_loss: 1.7961
Epoch 79/200
93/93 - 54s - 576ms/step - accuracy: 0.7348 - autoencoder_loss: 2.2756 - kl_loss: 1.2750 - loss: 3.7606 - reconstruction_loss: 1.0005 - vc_loss: 4.3970 - weighted_kl_loss: 1.2750
Epoch 88/200
93/93 - 54s - 578ms/step - accuracy: 0.7273 - autoencoder_loss: 2.0170 - kl_loss: 1.0178 - loss: 2.7126 - reconstruction_loss: 0.9992 - vc_loss: 3.0107 - weighted_kl_loss: 1.0178
Epoch 85/200
93/93 - 82s - 884ms/step - accuracy: 0.7146 - autoencoder_loss: 3.3613 - kl_loss: 2.3623 - loss: 3.3589 - reconstruction_loss: 0.9990 - vc_loss: 3.3579 - weighted_kl_loss: 2.3623
Epoch 88/200
93/93 - 56s - 598ms/step - accuracy: 0.7222 - autoencoder_loss: 2.6838 - kl_loss: 1.6842 - loss: 3.1120 - reconstruction_loss: 0.9997 - vc_loss: 3.2955 - weighted_kl_loss: 1.6842
Epoch 80/200
93/93 - 56s - 597ms/step - accuracy: 0.7348 - autoencoder_loss: 2.2512 - kl_loss: 1.2522 - loss: 7.5192 - reconstruction_loss: 0.9989 - vc_loss: 9.7769 - weighted_kl_loss: 1.2522
Epoch 89/200
93/93 - 54s - 585ms/step - accuracy: 0.7273 - autoencoder_loss: 1.9609 - kl_loss: 0.9610 - loss: 3.2155 - reconstruction_loss: 0.9999 - vc_loss: 3.7532 - weighted_kl_loss: 0.9610
Epoch 86/200
93/93 - 52s - 560ms/step - accuracy: 0.7146 - autoencoder_loss: 3.3177 - kl_loss: 2.3172 - loss: 3.6598 - reconstruction_loss: 1.0005 - vc_loss: 3.8064 - weighted_kl_loss: 2.3172
Epoch 89/200
93/93 - 53s - 572ms/step - accuracy: 0.7222 - autoencoder_loss: 2.6416 - kl_loss: 1.6421 - loss: 3.1849 - reconstruction_loss: 0.9994 - vc_loss: 3.4178 - weighted_kl_loss: 1.6421
Epoch 81/200
93/93 - 52s - 556ms/step - accuracy: 0.7348 - autoencoder_loss: 2.1965 - kl_loss: 1.1971 - loss: 4.3400 - reconstruction_loss: 0.9994 - vc_loss: 5.2587 - weighted_kl_loss: 1.1971
Epoch 90/200
93/93 - 51s - 548ms/step - accuracy: 0.7273 - autoencoder_loss: 1.9735 - kl_loss: 0.9735 - loss: 2.8971 - reconstruction_loss: 1.0000 - vc_loss: 3.2929 - weighted_kl_loss: 0.9735
Epoch 87/200
93/93 - 52s - 554ms/step - accuracy: 0.7146 - autoencoder_loss: 3.2586 - kl_loss: 2.2588 - loss: 4.2310 - reconstruction_loss: 0.9998 - vc_loss: 4.6478 - weighted_kl_loss: 2.2588
Epoch 90/200
93/93 - 50s - 540ms/step - accuracy: 0.7348 - autoencoder_loss: 2.1229 - kl_loss: 1.1239 - loss: 3.5474 - reconstruction_loss: 0.9990 - vc_loss: 4.1580 - weighted_kl_loss: 1.1239
Epoch 91/200
93/93 - 51s - 545ms/step - accuracy: 0.7273 - autoencoder_loss: 1.9395 - kl_loss: 0.9389 - loss: 2.8959 - reconstruction_loss: 1.0006 - vc_loss: 3.3058 - weighted_kl_loss: 0.9389
Epoch 88/200
93/93 - 80s - 861ms/step - accuracy: 0.7222 - autoencoder_loss: 2.6586 - kl_loss: 1.6592 - loss: 2.9359 - reconstruction_loss: 0.9994 - vc_loss: 3.0548 - weighted_kl_loss: 1.6592
Epoch 82/200
93/93 - 50s - 540ms/step - accuracy: 0.7146 - autoencoder_loss: 3.1861 - kl_loss: 2.1860 - loss: 3.5116 - reconstruction_loss: 1.0001 - vc_loss: 3.6511 - weighted_kl_loss: 2.1860
Epoch 91/200
93/93 - 50s - 533ms/step - accuracy: 0.7348 - autoencoder_loss: 2.0988 - kl_loss: 1.1000 - loss: 4.0256 - reconstruction_loss: 0.9988 - vc_loss: 4.8513 - weighted_kl_loss: 1.1000
Epoch 92/200
93/93 - 50s - 540ms/step - accuracy: 0.7273 - autoencoder_loss: 1.9097 - kl_loss: 0.9100 - loss: 2.8768 - reconstruction_loss: 0.9997 - vc_loss: 3.2913 - weighted_kl_loss: 0.9100
Epoch 89/200
93/93 - 52s - 557ms/step - accuracy: 0.7222 - autoencoder_loss: 2.6368 - kl_loss: 1.6375 - loss: 2.9734 - reconstruction_loss: 0.9993 - vc_loss: 3.1177 - weighted_kl_loss: 1.6375
Epoch 83/200
93/93 - 53s - 567ms/step - accuracy: 0.7146 - autoencoder_loss: 3.1970 - kl_loss: 2.1972 - loss: 3.5307 - reconstruction_loss: 0.9997 - vc_loss: 3.6737 - weighted_kl_loss: 2.1972
Epoch 92/200
93/93 - 54s - 579ms/step - accuracy: 0.7348 - autoencoder_loss: 2.0581 - kl_loss: 1.0588 - loss: 4.3592 - reconstruction_loss: 0.9993 - vc_loss: 5.3454 - weighted_kl_loss: 1.0588
Epoch 93/200
93/93 - 55s - 589ms/step - accuracy: 0.7273 - autoencoder_loss: 1.9237 - kl_loss: 0.9225 - loss: 2.8873 - reconstruction_loss: 1.0012 - vc_loss: 3.3003 - weighted_kl_loss: 0.9225
Epoch 90/200
93/93 - 56s - 602ms/step - accuracy: 0.7222 - autoencoder_loss: 2.5700 - kl_loss: 1.5705 - loss: 3.1018 - reconstruction_loss: 0.9995 - vc_loss: 3.3297 - weighted_kl_loss: 1.5705
Epoch 84/200
93/93 - 54s - 585ms/step - accuracy: 0.7146 - autoencoder_loss: 3.1476 - kl_loss: 2.1479 - loss: 3.6112 - reconstruction_loss: 0.9998 - vc_loss: 3.8098 - weighted_kl_loss: 2.1479
Epoch 93/200
93/93 - 53s - 574ms/step - accuracy: 0.7348 - autoencoder_loss: 2.0344 - kl_loss: 1.0353 - loss: 3.6299 - reconstruction_loss: 0.9991 - vc_loss: 4.3137 - weighted_kl_loss: 1.0353
Epoch 94/200
93/93 - 54s - 575ms/step - accuracy: 0.7273 - autoencoder_loss: 1.8878 - kl_loss: 0.8877 - loss: 2.7147 - reconstruction_loss: 1.0000 - vc_loss: 3.0691 - weighted_kl_loss: 0.8877
Epoch 91/200
93/93 - 52s - 556ms/step - accuracy: 0.7222 - autoencoder_loss: 2.6481 - kl_loss: 1.6486 - loss: 3.2110 - reconstruction_loss: 0.9995 - vc_loss: 3.4522 - weighted_kl_loss: 1.6486
Epoch 85/200
93/93 - 51s - 552ms/step - accuracy: 0.7146 - autoencoder_loss: 3.0744 - kl_loss: 2.0749 - loss: 3.3730 - reconstruction_loss: 0.9994 - vc_loss: 3.5010 - weighted_kl_loss: 2.0749
Epoch 94/200
93/93 - 50s - 540ms/step - accuracy: 0.7348 - autoencoder_loss: 2.0075 - kl_loss: 1.0080 - loss: 3.5608 - reconstruction_loss: 0.9995 - vc_loss: 4.2265 - weighted_kl_loss: 1.0080
Epoch 95/200
93/93 - 51s - 548ms/step - accuracy: 0.7273 - autoencoder_loss: 1.9107 - kl_loss: 0.9107 - loss: 3.2331 - reconstruction_loss: 1.0000 - vc_loss: 3.7998 - weighted_kl_loss: 0.9107
Epoch 92/200
93/93 - 51s - 546ms/step - accuracy: 0.7222 - autoencoder_loss: 2.6411 - kl_loss: 1.6413 - loss: 3.1212 - reconstruction_loss: 0.9999 - vc_loss: 3.3269 - weighted_kl_loss: 1.6413
Epoch 86/200
93/93 - 50s - 537ms/step - accuracy: 0.7146 - autoencoder_loss: 3.0462 - kl_loss: 2.0467 - loss: 3.1756 - reconstruction_loss: 0.9995 - vc_loss: 3.2310 - weighted_kl_loss: 2.0467
Epoch 95/200
93/93 - 50s - 539ms/step - accuracy: 0.7348 - autoencoder_loss: 1.9740 - kl_loss: 0.9746 - loss: 4.3543 - reconstruction_loss: 0.9994 - vc_loss: 5.3744 - weighted_kl_loss: 0.9746
Epoch 96/200
93/93 - 52s - 557ms/step - accuracy: 0.7273 - autoencoder_loss: 1.9375 - kl_loss: 0.9375 - loss: 3.1713 - reconstruction_loss: 1.0000 - vc_loss: 3.7000 - weighted_kl_loss: 0.9375
Epoch 93/200
93/93 - 52s - 561ms/step - accuracy: 0.7222 - autoencoder_loss: 2.6106 - kl_loss: 1.6112 - loss: 3.2931 - reconstruction_loss: 0.9994 - vc_loss: 3.5855 - weighted_kl_loss: 1.6112
Epoch 87/200
93/93 - 52s - 555ms/step - accuracy: 0.7146 - autoencoder_loss: 2.9941 - kl_loss: 1.9948 - loss: 3.4761 - reconstruction_loss: 0.9993 - vc_loss: 3.6827 - weighted_kl_loss: 1.9948
Epoch 96/200
93/93 - 52s - 557ms/step - accuracy: 0.7348 - autoencoder_loss: 1.9400 - kl_loss: 0.9409 - loss: 4.1851 - reconstruction_loss: 0.9991 - vc_loss: 5.1473 - weighted_kl_loss: 0.9409
Epoch 97/200
93/93 - 53s - 568ms/step - accuracy: 0.7273 - autoencoder_loss: 1.9093 - kl_loss: 0.9099 - loss: 3.0462 - reconstruction_loss: 0.9993 - vc_loss: 3.5335 - weighted_kl_loss: 0.9099
Epoch 94/200
93/93 - 52s - 562ms/step - accuracy: 0.7222 - autoencoder_loss: 2.6218 - kl_loss: 1.6215 - loss: 3.2701 - reconstruction_loss: 1.0003 - vc_loss: 3.5479 - weighted_kl_loss: 1.6215
Epoch 88/200
93/93 - 51s - 553ms/step - accuracy: 0.7146 - autoencoder_loss: 2.9666 - kl_loss: 1.9675 - loss: 3.7780 - reconstruction_loss: 0.9991 - vc_loss: 4.1257 - weighted_kl_loss: 1.9675
Epoch 97/200
93/93 - 52s - 557ms/step - accuracy: 0.7348 - autoencoder_loss: 1.9218 - kl_loss: 0.9229 - loss: 3.4567 - reconstruction_loss: 0.9989 - vc_loss: 4.1145 - weighted_kl_loss: 0.9229
Epoch 98/200
93/93 - 50s - 538ms/step - accuracy: 0.7273 - autoencoder_loss: 1.8890 - kl_loss: 0.8892 - loss: 3.0983 - reconstruction_loss: 0.9998 - vc_loss: 3.6165 - weighted_kl_loss: 0.8892
Epoch 95/200
93/93 - 52s - 563ms/step - accuracy: 0.7222 - autoencoder_loss: 2.5906 - kl_loss: 1.5908 - loss: 3.3463 - reconstruction_loss: 0.9998 - vc_loss: 3.6701 - weighted_kl_loss: 1.5908
Epoch 89/200
93/93 - 52s - 562ms/step - accuracy: 0.7146 - autoencoder_loss: 2.9415 - kl_loss: 1.9415 - loss: 3.5092 - reconstruction_loss: 1.0000 - vc_loss: 3.7524 - weighted_kl_loss: 1.9415
Epoch 98/200
93/93 - 53s - 572ms/step - accuracy: 0.7348 - autoencoder_loss: 1.8997 - kl_loss: 0.9005 - loss: 3.6177 - reconstruction_loss: 0.9992 - vc_loss: 4.3539 - weighted_kl_loss: 0.9005
Epoch 99/200
93/93 - 56s - 605ms/step - accuracy: 0.7273 - autoencoder_loss: 1.8508 - kl_loss: 0.8521 - loss: 3.0946 - reconstruction_loss: 0.9988 - vc_loss: 3.6277 - weighted_kl_loss: 0.8521
Epoch 96/200
93/93 - 56s - 597ms/step - accuracy: 0.7222 - autoencoder_loss: 2.5690 - kl_loss: 1.5690 - loss: 3.0534 - reconstruction_loss: 0.9999 - vc_loss: 3.2610 - weighted_kl_loss: 1.5690
Epoch 90/200
93/93 - 55s - 591ms/step - accuracy: 0.7146 - autoencoder_loss: 2.8287 - kl_loss: 1.8290 - loss: 4.3056 - reconstruction_loss: 0.9997 - vc_loss: 4.9385 - weighted_kl_loss: 1.8290
Epoch 99/200
93/93 - 56s - 604ms/step - accuracy: 0.7348 - autoencoder_loss: 1.8868 - kl_loss: 0.8875 - loss: 3.6774 - reconstruction_loss: 0.9993 - vc_loss: 4.4448 - weighted_kl_loss: 0.8875
Epoch 100/200
93/93 - 57s - 616ms/step - accuracy: 0.7273 - autoencoder_loss: 1.8331 - kl_loss: 0.8337 - loss: 3.0428 - reconstruction_loss: 0.9994 - vc_loss: 3.5612 - weighted_kl_loss: 0.8337
Epoch 97/200
93/93 - 57s - 616ms/step - accuracy: 0.7222 - autoencoder_loss: 2.5192 - kl_loss: 1.5198 - loss: 3.1982 - reconstruction_loss: 0.9994 - vc_loss: 3.4892 - weighted_kl_loss: 1.5198
Epoch 91/200
93/93 - 55s - 592ms/step - accuracy: 0.7146 - autoencoder_loss: 2.7641 - kl_loss: 1.7637 - loss: 3.3754 - reconstruction_loss: 1.0005 - vc_loss: 3.6374 - weighted_kl_loss: 1.7637
Epoch 100/200
93/93 - 54s - 582ms/step - accuracy: 0.7348 - autoencoder_loss: 1.8638 - kl_loss: 0.8647 - loss: 3.6531 - reconstruction_loss: 0.9991 - vc_loss: 4.4200 - weighted_kl_loss: 0.8647
Epoch 101/200
93/93 - 51s - 553ms/step - accuracy: 0.7273 - autoencoder_loss: 1.7949 - kl_loss: 0.7954 - loss: 2.8981 - reconstruction_loss: 0.9996 - vc_loss: 3.3709 - weighted_kl_loss: 0.7954
Epoch 98/200
93/93 - 54s - 578ms/step - accuracy: 0.7222 - autoencoder_loss: 2.4733 - kl_loss: 1.4738 - loss: 2.8398 - reconstruction_loss: 0.9995 - vc_loss: 2.9969 - weighted_kl_loss: 1.4738
Epoch 92/200
93/93 - 53s - 565ms/step - accuracy: 0.7146 - autoencoder_loss: 2.6754 - kl_loss: 1.6751 - loss: 3.6978 - reconstruction_loss: 1.0003 - vc_loss: 4.1360 - weighted_kl_loss: 1.6751
Epoch 101/200
93/93 - 53s - 567ms/step - accuracy: 0.7348 - autoencoder_loss: 1.8385 - kl_loss: 0.8389 - loss: 3.8658 - reconstruction_loss: 0.9996 - vc_loss: 4.7347 - weighted_kl_loss: 0.8389
Epoch 102/200
93/93 - 53s - 570ms/step - accuracy: 0.7273 - autoencoder_loss: 1.7584 - kl_loss: 0.7586 - loss: 3.9215 - reconstruction_loss: 0.9998 - vc_loss: 4.8486 - weighted_kl_loss: 0.7586
Epoch 99/200
93/93 - 52s - 558ms/step - accuracy: 0.7222 - autoencoder_loss: 2.4502 - kl_loss: 1.4508 - loss: 3.0673 - reconstruction_loss: 0.9994 - vc_loss: 3.3317 - weighted_kl_loss: 1.4508
Epoch 93/200
93/93 - 51s - 545ms/step - accuracy: 0.7146 - autoencoder_loss: 2.5894 - kl_loss: 1.5899 - loss: 3.2767 - reconstruction_loss: 0.9995 - vc_loss: 3.5712 - weighted_kl_loss: 1.5899
Epoch 102/200
93/93 - 51s - 545ms/step - accuracy: 0.7348 - autoencoder_loss: 1.8301 - kl_loss: 0.8300 - loss: 3.5636 - reconstruction_loss: 1.0001 - vc_loss: 4.3065 - weighted_kl_loss: 0.8300
Epoch 103/200
93/93 - 51s - 545ms/step - accuracy: 0.7273 - autoencoder_loss: 1.7352 - kl_loss: 0.7360 - loss: 3.5758 - reconstruction_loss: 0.9991 - vc_loss: 4.3647 - weighted_kl_loss: 0.7360
Epoch 100/200
93/93 - 52s - 558ms/step - accuracy: 0.7222 - autoencoder_loss: 2.4310 - kl_loss: 1.4312 - loss: 3.1507 - reconstruction_loss: 0.9998 - vc_loss: 3.4592 - weighted_kl_loss: 1.4312
Epoch 94/200
93/93 - 52s - 558ms/step - accuracy: 0.7146 - autoencoder_loss: 2.5444 - kl_loss: 1.5449 - loss: 3.3978 - reconstruction_loss: 0.9995 - vc_loss: 3.7636 - weighted_kl_loss: 1.5449
Epoch 103/200
93/93 - 52s - 558ms/step - accuracy: 0.7348 - autoencoder_loss: 1.7990 - kl_loss: 0.8001 - loss: 3.6897 - reconstruction_loss: 0.9989 - vc_loss: 4.4999 - weighted_kl_loss: 0.8001
Epoch 104/200
93/93 - 52s - 561ms/step - accuracy: 0.7273 - autoencoder_loss: 1.7167 - kl_loss: 0.7171 - loss: 3.1192 - reconstruction_loss: 0.9996 - vc_loss: 3.7203 - weighted_kl_loss: 0.7171
Epoch 101/200
93/93 - 51s - 551ms/step - accuracy: 0.7222 - autoencoder_loss: 2.4236 - kl_loss: 1.4236 - loss: 3.3240 - reconstruction_loss: 1.0000 - vc_loss: 3.7098 - weighted_kl_loss: 1.4236
Epoch 95/200
93/93 - 51s - 547ms/step - accuracy: 0.7146 - autoencoder_loss: 2.5140 - kl_loss: 1.5143 - loss: 3.1424 - reconstruction_loss: 0.9997 - vc_loss: 3.4116 - weighted_kl_loss: 1.5143
Epoch 104/200
93/93 - 52s - 554ms/step - accuracy: 0.7348 - autoencoder_loss: 1.7911 - kl_loss: 0.7921 - loss: 3.8509 - reconstruction_loss: 0.9990 - vc_loss: 4.7337 - weighted_kl_loss: 0.7921
Epoch 105/200
93/93 - 51s - 554ms/step - accuracy: 0.7273 - autoencoder_loss: 1.6936 - kl_loss: 0.6934 - loss: 2.9599 - reconstruction_loss: 1.0002 - vc_loss: 3.5026 - weighted_kl_loss: 0.6934
Epoch 102/200
93/93 - 54s - 582ms/step - accuracy: 0.7222 - autoencoder_loss: 2.5806 - kl_loss: 1.5804 - loss: 3.3978 - reconstruction_loss: 1.0002 - vc_loss: 3.7481 - weighted_kl_loss: 1.5804
Epoch 96/200
93/93 - 52s - 564ms/step - accuracy: 0.7146 - autoencoder_loss: 2.4696 - kl_loss: 1.4701 - loss: 3.0463 - reconstruction_loss: 0.9995 - vc_loss: 3.2935 - weighted_kl_loss: 1.4701
Epoch 105/200
93/93 - 53s - 565ms/step - accuracy: 0.7348 - autoencoder_loss: 1.7756 - kl_loss: 0.7755 - loss: 3.8276 - reconstruction_loss: 1.0001 - vc_loss: 4.7070 - weighted_kl_loss: 0.7755
Epoch 106/200
93/93 - 53s - 575ms/step - accuracy: 0.7273 - autoencoder_loss: 1.6907 - kl_loss: 0.6915 - loss: 2.9104 - reconstruction_loss: 0.9992 - vc_loss: 3.4332 - weighted_kl_loss: 0.6915
Epoch 103/200
93/93 - 48s - 513ms/step - accuracy: 0.7146 - autoencoder_loss: 2.4608 - kl_loss: 1.4611 - loss: 3.4423 - reconstruction_loss: 0.9996 - vc_loss: 3.8629 - weighted_kl_loss: 1.4611
Epoch 106/200
93/93 - 50s - 541ms/step - accuracy: 0.7222 - autoencoder_loss: 2.5384 - kl_loss: 1.5383 - loss: 3.3273 - reconstruction_loss: 1.0001 - vc_loss: 3.6654 - weighted_kl_loss: 1.5383
Epoch 97/200
93/93 - 49s - 530ms/step - accuracy: 0.7348 - autoencoder_loss: 1.7496 - kl_loss: 0.7504 - loss: 3.7561 - reconstruction_loss: 0.9992 - vc_loss: 4.6161 - weighted_kl_loss: 0.7504
Epoch 107/200
93/93 - 50s - 542ms/step - accuracy: 0.7273 - autoencoder_loss: 1.6754 - kl_loss: 0.6753 - loss: 3.2061 - reconstruction_loss: 1.0001 - vc_loss: 3.8621 - weighted_kl_loss: 0.6753
Epoch 104/200
93/93 - 51s - 545ms/step - accuracy: 0.7146 - autoencoder_loss: 2.3941 - kl_loss: 1.3948 - loss: 3.6142 - reconstruction_loss: 0.9993 - vc_loss: 4.1372 - weighted_kl_loss: 1.3948
Epoch 107/200
93/93 - 51s - 550ms/step - accuracy: 0.7222 - autoencoder_loss: 2.5500 - kl_loss: 1.5490 - loss: 2.8289 - reconstruction_loss: 1.0010 - vc_loss: 2.9484 - weighted_kl_loss: 1.5490
Epoch 98/200
93/93 - 51s - 550ms/step - accuracy: 0.7348 - autoencoder_loss: 1.7398 - kl_loss: 0.7406 - loss: 3.5382 - reconstruction_loss: 0.9993 - vc_loss: 4.3089 - weighted_kl_loss: 0.7406
Epoch 108/200
93/93 - 52s - 556ms/step - accuracy: 0.7273 - autoencoder_loss: 1.6632 - kl_loss: 0.6638 - loss: 3.1668 - reconstruction_loss: 0.9993 - vc_loss: 3.8113 - weighted_kl_loss: 0.6638
Epoch 105/200
93/93 - 51s - 545ms/step - accuracy: 0.7146 - autoencoder_loss: 2.3445 - kl_loss: 1.3446 - loss: 3.4153 - reconstruction_loss: 0.9999 - vc_loss: 3.8743 - weighted_kl_loss: 1.3446
Epoch 108/200
93/93 - 52s - 554ms/step - accuracy: 0.7222 - autoencoder_loss: 2.5664 - kl_loss: 1.5664 - loss: 2.9128 - reconstruction_loss: 1.0000 - vc_loss: 3.0612 - weighted_kl_loss: 1.5664
Epoch 99/200
93/93 - 51s - 554ms/step - accuracy: 0.7348 - autoencoder_loss: 1.7196 - kl_loss: 0.7190 - loss: 2.9634 - reconstruction_loss: 1.0006 - vc_loss: 3.4965 - weighted_kl_loss: 0.7190
Epoch 109/200
93/93 - 50s - 538ms/step - accuracy: 0.7273 - autoencoder_loss: 1.6458 - kl_loss: 0.6466 - loss: 3.6306 - reconstruction_loss: 0.9992 - vc_loss: 4.4812 - weighted_kl_loss: 0.6466
Epoch 106/200
93/93 - 51s - 551ms/step - accuracy: 0.7146 - autoencoder_loss: 2.3050 - kl_loss: 1.3056 - loss: 3.1370 - reconstruction_loss: 0.9994 - vc_loss: 3.4935 - weighted_kl_loss: 1.3056
Epoch 109/200
93/93 - 51s - 544ms/step - accuracy: 0.7222 - autoencoder_loss: 2.4698 - kl_loss: 1.4700 - loss: 3.1758 - reconstruction_loss: 0.9999 - vc_loss: 3.4783 - weighted_kl_loss: 1.4700
Epoch 100/200
93/93 - 50s - 540ms/step - accuracy: 0.7348 - autoencoder_loss: 1.6909 - kl_loss: 0.6914 - loss: 3.2302 - reconstruction_loss: 0.9995 - vc_loss: 3.8900 - weighted_kl_loss: 0.6914
Epoch 110/200
93/93 - 51s - 551ms/step - accuracy: 0.7273 - autoencoder_loss: 1.6336 - kl_loss: 0.6340 - loss: 2.6406 - reconstruction_loss: 0.9996 - vc_loss: 3.0722 - weighted_kl_loss: 0.6340
Epoch 107/200
93/93 - 51s - 545ms/step - accuracy: 0.7146 - autoencoder_loss: 2.2857 - kl_loss: 1.2850 - loss: 3.1058 - reconstruction_loss: 1.0007 - vc_loss: 3.4573 - weighted_kl_loss: 1.2850
Epoch 110/200
93/93 - 52s - 559ms/step - accuracy: 0.7222 - autoencoder_loss: 2.3708 - kl_loss: 1.3712 - loss: 3.1590 - reconstruction_loss: 0.9996 - vc_loss: 3.4967 - weighted_kl_loss: 1.3712
Epoch 101/200
93/93 - 49s - 527ms/step - accuracy: 0.7348 - autoencoder_loss: 1.6629 - kl_loss: 0.6631 - loss: 3.1560 - reconstruction_loss: 0.9998 - vc_loss: 3.7958 - weighted_kl_loss: 0.6631
Epoch 111/200
93/93 - 51s - 546ms/step - accuracy: 0.7273 - autoencoder_loss: 1.6177 - kl_loss: 0.6179 - loss: 4.0270 - reconstruction_loss: 0.9999 - vc_loss: 5.0595 - weighted_kl_loss: 0.6179
Epoch 108/200
93/93 - 50s - 538ms/step - accuracy: 0.7146 - autoencoder_loss: 2.2354 - kl_loss: 1.2354 - loss: 2.7339 - reconstruction_loss: 1.0000 - vc_loss: 2.9476 - weighted_kl_loss: 1.2354
Epoch 111/200
93/93 - 51s - 547ms/step - accuracy: 0.7348 - autoencoder_loss: 1.6531 - kl_loss: 0.6539 - loss: 3.3151 - reconstruction_loss: 0.9992 - vc_loss: 4.0273 - weighted_kl_loss: 0.6539
Epoch 112/200
93/93 - 83s - 893ms/step - accuracy: 0.7222 - autoencoder_loss: 2.3106 - kl_loss: 1.3104 - loss: 3.2757 - reconstruction_loss: 1.0001 - vc_loss: 3.6893 - weighted_kl_loss: 1.3104
Epoch 102/200
93/93 - 53s - 568ms/step - accuracy: 0.7273 - autoencoder_loss: 1.6046 - kl_loss: 0.6038 - loss: 2.5823 - reconstruction_loss: 1.0007 - vc_loss: 3.0013 - weighted_kl_loss: 0.6038
Epoch 109/200
93/93 - 51s - 544ms/step - accuracy: 0.7146 - autoencoder_loss: 2.2091 - kl_loss: 1.2063 - loss: 3.0719 - reconstruction_loss: 1.0028 - vc_loss: 3.4417 - weighted_kl_loss: 1.2063
Epoch 112/200
93/93 - 52s - 554ms/step - accuracy: 0.7348 - autoencoder_loss: 1.6382 - kl_loss: 0.6384 - loss: 3.2949 - reconstruction_loss: 0.9997 - vc_loss: 4.0049 - weighted_kl_loss: 0.6384
Epoch 113/200
93/93 - 51s - 552ms/step - accuracy: 0.7222 - autoencoder_loss: 2.2974 - kl_loss: 1.2984 - loss: 2.8299 - reconstruction_loss: 0.9990 - vc_loss: 3.0581 - weighted_kl_loss: 1.2984
Epoch 103/200
93/93 - 51s - 549ms/step - accuracy: 0.7273 - autoencoder_loss: 1.5846 - kl_loss: 0.5853 - loss: 2.7842 - reconstruction_loss: 0.9993 - vc_loss: 3.2984 - weighted_kl_loss: 0.5853
Epoch 110/200
93/93 - 50s - 540ms/step - accuracy: 0.7146 - autoencoder_loss: 2.1652 - kl_loss: 1.1661 - loss: 3.0468 - reconstruction_loss: 0.9990 - vc_loss: 3.4246 - weighted_kl_loss: 1.1661
Epoch 113/200
93/93 - 51s - 549ms/step - accuracy: 0.7348 - autoencoder_loss: 1.6224 - kl_loss: 0.6227 - loss: 3.3795 - reconstruction_loss: 0.9996 - vc_loss: 4.1326 - weighted_kl_loss: 0.6227
Epoch 114/200
93/93 - 52s - 559ms/step - accuracy: 0.7222 - autoencoder_loss: 2.2602 - kl_loss: 1.2603 - loss: 2.9881 - reconstruction_loss: 0.9999 - vc_loss: 3.3001 - weighted_kl_loss: 1.2603
Epoch 104/200
93/93 - 51s - 548ms/step - accuracy: 0.7273 - autoencoder_loss: 1.5727 - kl_loss: 0.5729 - loss: 3.1337 - reconstruction_loss: 0.9998 - vc_loss: 3.8026 - weighted_kl_loss: 0.5729
Epoch 111/200
93/93 - 51s - 547ms/step - accuracy: 0.7146 - autoencoder_loss: 2.1356 - kl_loss: 1.1359 - loss: 3.0701 - reconstruction_loss: 0.9996 - vc_loss: 3.4706 - weighted_kl_loss: 1.1359
Epoch 114/200
93/93 - 49s - 526ms/step - accuracy: 0.7348 - autoencoder_loss: 1.5989 - kl_loss: 0.5986 - loss: 2.8867 - reconstruction_loss: 1.0003 - vc_loss: 3.4386 - weighted_kl_loss: 0.5986
Epoch 115/200
93/93 - 50s - 540ms/step - accuracy: 0.7222 - autoencoder_loss: 2.2715 - kl_loss: 1.2681 - loss: 2.9984 - reconstruction_loss: 1.0034 - vc_loss: 3.3099 - weighted_kl_loss: 1.2681
Epoch 105/200
93/93 - 51s - 547ms/step - accuracy: 0.7273 - autoencoder_loss: 1.5629 - kl_loss: 0.5637 - loss: 3.1995 - reconstruction_loss: 0.9992 - vc_loss: 3.9009 - weighted_kl_loss: 0.5637
Epoch 112/200
93/93 - 51s - 552ms/step - accuracy: 0.7146 - autoencoder_loss: 2.0940 - kl_loss: 1.0945 - loss: 2.9790 - reconstruction_loss: 0.9995 - vc_loss: 3.3582 - weighted_kl_loss: 1.0945
Epoch 115/200
93/93 - 52s - 555ms/step - accuracy: 0.7348 - autoencoder_loss: 1.5964 - kl_loss: 0.5970 - loss: 2.8309 - reconstruction_loss: 0.9993 - vc_loss: 3.3600 - weighted_kl_loss: 0.5970
Epoch 116/200
93/93 - 52s - 561ms/step - accuracy: 0.7222 - autoencoder_loss: 2.1674 - kl_loss: 1.1681 - loss: 2.7148 - reconstruction_loss: 0.9993 - vc_loss: 2.9494 - weighted_kl_loss: 1.1681
Epoch 106/200
93/93 - 50s - 533ms/step - accuracy: 0.7146 - autoencoder_loss: 2.0693 - kl_loss: 1.0695 - loss: 2.7546 - reconstruction_loss: 0.9997 - vc_loss: 3.0483 - weighted_kl_loss: 1.0695
Epoch 116/200
93/93 - 51s - 545ms/step - accuracy: 0.7348 - autoencoder_loss: 1.5869 - kl_loss: 0.5873 - loss: 3.1410 - reconstruction_loss: 0.9996 - vc_loss: 3.8071 - weighted_kl_loss: 0.5873
Epoch 117/200
93/93 - 82s - 884ms/step - accuracy: 0.7273 - autoencoder_loss: 1.5603 - kl_loss: 0.5610 - loss: 2.8502 - reconstruction_loss: 0.9992 - vc_loss: 3.4031 - weighted_kl_loss: 0.5610
Epoch 113/200
93/93 - 53s - 565ms/step - accuracy: 0.7222 - autoencoder_loss: 2.1539 - kl_loss: 1.1544 - loss: 2.9132 - reconstruction_loss: 0.9996 - vc_loss: 3.2385 - weighted_kl_loss: 1.1544
Epoch 107/200
93/93 - 51s - 548ms/step - accuracy: 0.7146 - autoencoder_loss: 2.0264 - kl_loss: 1.0272 - loss: 3.2236 - reconstruction_loss: 0.9992 - vc_loss: 3.7368 - weighted_kl_loss: 1.0272
Epoch 117/200
93/93 - 53s - 571ms/step - accuracy: 0.7348 - autoencoder_loss: 1.6595 - kl_loss: 0.6588 - loss: 3.0766 - reconstruction_loss: 1.0008 - vc_loss: 3.6840 - weighted_kl_loss: 0.6588
Epoch 118/200
93/93 - 53s - 572ms/step - accuracy: 0.7273 - autoencoder_loss: 1.5380 - kl_loss: 0.5383 - loss: 3.1947 - reconstruction_loss: 0.9997 - vc_loss: 3.9047 - weighted_kl_loss: 0.5383
Epoch 114/200
93/93 - 52s - 564ms/step - accuracy: 0.7222 - autoencoder_loss: 2.1420 - kl_loss: 1.1421 - loss: 2.8245 - reconstruction_loss: 0.9999 - vc_loss: 3.1171 - weighted_kl_loss: 1.1421
Epoch 108/200
93/93 - 52s - 560ms/step - accuracy: 0.7146 - autoencoder_loss: 1.9984 - kl_loss: 0.9979 - loss: 3.4113 - reconstruction_loss: 1.0004 - vc_loss: 4.0168 - weighted_kl_loss: 0.9979
Epoch 118/200
93/93 - 53s - 565ms/step - accuracy: 0.7348 - autoencoder_loss: 1.9908 - kl_loss: 0.9920 - loss: 3.3754 - reconstruction_loss: 0.9989 - vc_loss: 3.9689 - weighted_kl_loss: 0.9920
Epoch 119/200
93/93 - 53s - 575ms/step - accuracy: 0.7273 - autoencoder_loss: 1.5278 - kl_loss: 0.5272 - loss: 2.7772 - reconstruction_loss: 1.0006 - vc_loss: 3.3126 - weighted_kl_loss: 0.5272
Epoch 115/200
93/93 - 53s - 567ms/step - accuracy: 0.7222 - autoencoder_loss: 2.1273 - kl_loss: 1.1283 - loss: 2.9997 - reconstruction_loss: 0.9990 - vc_loss: 3.3735 - weighted_kl_loss: 1.1283
Epoch 109/200
93/93 - 52s - 559ms/step - accuracy: 0.7146 - autoencoder_loss: 1.9784 - kl_loss: 0.9782 - loss: 2.7194 - reconstruction_loss: 1.0002 - vc_loss: 3.0370 - weighted_kl_loss: 0.9782
Epoch 119/200
93/93 - 50s - 539ms/step - accuracy: 0.7348 - autoencoder_loss: 1.9691 - kl_loss: 0.9699 - loss: 3.1584 - reconstruction_loss: 0.9992 - vc_loss: 3.6681 - weighted_kl_loss: 0.9699
Epoch 120/200
93/93 - 50s - 538ms/step - accuracy: 0.7273 - autoencoder_loss: 1.5123 - kl_loss: 0.5128 - loss: 2.7438 - reconstruction_loss: 0.9994 - vc_loss: 3.2716 - weighted_kl_loss: 0.5128
Epoch 116/200
93/93 - 51s - 553ms/step - accuracy: 0.7222 - autoencoder_loss: 2.0960 - kl_loss: 1.0965 - loss: 2.9627 - reconstruction_loss: 0.9995 - vc_loss: 3.3342 - weighted_kl_loss: 1.0965
Epoch 110/200
93/93 - 50s - 540ms/step - accuracy: 0.7146 - autoencoder_loss: 1.9381 - kl_loss: 0.9386 - loss: 2.8070 - reconstruction_loss: 0.9995 - vc_loss: 3.1794 - weighted_kl_loss: 0.9386
Epoch 120/200
93/93 - 51s - 544ms/step - accuracy: 0.7348 - autoencoder_loss: 1.9578 - kl_loss: 0.9582 - loss: 3.2565 - reconstruction_loss: 0.9996 - vc_loss: 3.8130 - weighted_kl_loss: 0.9582
Epoch 121/200
93/93 - 51s - 549ms/step - accuracy: 0.7273 - autoencoder_loss: 1.4958 - kl_loss: 0.4957 - loss: 3.0553 - reconstruction_loss: 1.0000 - vc_loss: 3.7237 - weighted_kl_loss: 0.4957
Epoch 117/200
93/93 - 52s - 560ms/step - accuracy: 0.7222 - autoencoder_loss: 2.0827 - kl_loss: 1.0830 - loss: 2.9793 - reconstruction_loss: 0.9997 - vc_loss: 3.3636 - weighted_kl_loss: 1.0830
Epoch 111/200
93/93 - 51s - 544ms/step - accuracy: 0.7146 - autoencoder_loss: 1.9225 - kl_loss: 0.9229 - loss: 3.7025 - reconstruction_loss: 0.9996 - vc_loss: 4.4654 - weighted_kl_loss: 0.9229
Epoch 121/200
93/93 - 50s - 542ms/step - accuracy: 0.7348 - autoencoder_loss: 1.9286 - kl_loss: 0.9294 - loss: 3.2869 - reconstruction_loss: 0.9992 - vc_loss: 3.8690 - weighted_kl_loss: 0.9294
Epoch 122/200
93/93 - 51s - 551ms/step - accuracy: 0.7273 - autoencoder_loss: 1.5173 - kl_loss: 0.5176 - loss: 3.6969 - reconstruction_loss: 0.9997 - vc_loss: 4.6310 - weighted_kl_loss: 0.5176
Epoch 118/200
93/93 - 51s - 547ms/step - accuracy: 0.7222 - autoencoder_loss: 2.0478 - kl_loss: 1.0486 - loss: 2.7440 - reconstruction_loss: 0.9992 - vc_loss: 3.0424 - weighted_kl_loss: 1.0486
Epoch 112/200
93/93 - 51s - 547ms/step - accuracy: 0.7146 - autoencoder_loss: 1.9187 - kl_loss: 0.9183 - loss: 3.2374 - reconstruction_loss: 1.0005 - vc_loss: 3.8025 - weighted_kl_loss: 0.9183
Epoch 122/200
93/93 - 50s - 540ms/step - accuracy: 0.7348 - autoencoder_loss: 1.9042 - kl_loss: 0.9057 - loss: 2.9337 - reconstruction_loss: 0.9986 - vc_loss: 3.3750 - weighted_kl_loss: 0.9057
Epoch 123/200
93/93 - 52s - 555ms/step - accuracy: 0.7273 - autoencoder_loss: 1.5364 - kl_loss: 0.5363 - loss: 3.5955 - reconstruction_loss: 1.0001 - vc_loss: 4.4780 - weighted_kl_loss: 0.5363
Epoch 119/200
93/93 - 53s - 565ms/step - accuracy: 0.7222 - autoencoder_loss: 2.0503 - kl_loss: 1.0503 - loss: 2.9014 - reconstruction_loss: 1.0000 - vc_loss: 3.2662 - weighted_kl_loss: 1.0503
Epoch 113/200
93/93 - 52s - 557ms/step - accuracy: 0.7146 - autoencoder_loss: 1.8746 - kl_loss: 0.8741 - loss: 3.4545 - reconstruction_loss: 1.0004 - vc_loss: 4.1316 - weighted_kl_loss: 0.8741
Epoch 123/200
93/93 - 52s - 558ms/step - accuracy: 0.7348 - autoencoder_loss: 1.8665 - kl_loss: 0.8670 - loss: 3.3941 - reconstruction_loss: 0.9994 - vc_loss: 4.0487 - weighted_kl_loss: 0.8670
Epoch 124/200
93/93 - 52s - 558ms/step - accuracy: 0.7273 - autoencoder_loss: 1.5132 - kl_loss: 0.5129 - loss: 4.1047 - reconstruction_loss: 1.0003 - vc_loss: 5.2153 - weighted_kl_loss: 0.5129
Epoch 120/200
93/93 - 52s - 555ms/step - accuracy: 0.7222 - autoencoder_loss: 2.0305 - kl_loss: 1.0300 - loss: 3.1073 - reconstruction_loss: 1.0005 - vc_loss: 3.5689 - weighted_kl_loss: 1.0300
Epoch 114/200
93/93 - 50s - 540ms/step - accuracy: 0.7146 - autoencoder_loss: 1.8359 - kl_loss: 0.8364 - loss: 3.1290 - reconstruction_loss: 0.9996 - vc_loss: 3.6831 - weighted_kl_loss: 0.8364
Epoch 124/200
93/93 - 50s - 538ms/step - accuracy: 0.7348 - autoencoder_loss: 1.8781 - kl_loss: 0.8789 - loss: 3.2291 - reconstruction_loss: 0.9992 - vc_loss: 3.8082 - weighted_kl_loss: 0.8789
Epoch 125/200
93/93 - 50s - 541ms/step - accuracy: 0.7273 - autoencoder_loss: 1.4941 - kl_loss: 0.4935 - loss: 3.2800 - reconstruction_loss: 1.0005 - vc_loss: 4.0455 - weighted_kl_loss: 0.4935
Epoch 121/200
93/93 - 52s - 561ms/step - accuracy: 0.7222 - autoencoder_loss: 2.0067 - kl_loss: 1.0070 - loss: 2.8649 - reconstruction_loss: 0.9997 - vc_loss: 3.2327 - weighted_kl_loss: 1.0070
Epoch 115/200
93/93 - 50s - 543ms/step - accuracy: 0.7146 - autoencoder_loss: 1.7942 - kl_loss: 0.7943 - loss: 2.9934 - reconstruction_loss: 1.0000 - vc_loss: 3.5073 - weighted_kl_loss: 0.7943
Epoch 125/200
93/93 - 51s - 547ms/step - accuracy: 0.7348 - autoencoder_loss: 1.8562 - kl_loss: 0.8570 - loss: 3.0282 - reconstruction_loss: 0.9992 - vc_loss: 3.5305 - weighted_kl_loss: 0.8570
Epoch 126/200
93/93 - 53s - 567ms/step - accuracy: 0.7273 - autoencoder_loss: 1.4708 - kl_loss: 0.4711 - loss: 3.6034 - reconstruction_loss: 0.9998 - vc_loss: 4.5174 - weighted_kl_loss: 0.4711
Epoch 122/200
93/93 - 55s - 587ms/step - accuracy: 0.7222 - autoencoder_loss: 1.9950 - kl_loss: 0.9952 - loss: 2.9508 - reconstruction_loss: 0.9998 - vc_loss: 3.3604 - weighted_kl_loss: 0.9952
Epoch 116/200
93/93 - 55s - 595ms/step - accuracy: 0.7146 - autoencoder_loss: 1.7759 - kl_loss: 0.7753 - loss: 2.4926 - reconstruction_loss: 1.0006 - vc_loss: 2.7997 - weighted_kl_loss: 0.7753
Epoch 126/200
93/93 - 58s - 620ms/step - accuracy: 0.7348 - autoencoder_loss: 1.8294 - kl_loss: 0.8300 - loss: 2.9915 - reconstruction_loss: 0.9994 - vc_loss: 3.4896 - weighted_kl_loss: 0.8300
Epoch 127/200
93/93 - 59s - 634ms/step - accuracy: 0.7273 - autoencoder_loss: 1.4642 - kl_loss: 0.4643 - loss: 3.5648 - reconstruction_loss: 0.9999 - vc_loss: 4.4651 - weighted_kl_loss: 0.4643
Epoch 123/200
93/93 - 57s - 613ms/step - accuracy: 0.7222 - autoencoder_loss: 1.9634 - kl_loss: 0.9633 - loss: 2.5211 - reconstruction_loss: 1.0001 - vc_loss: 2.7601 - weighted_kl_loss: 0.9633
Epoch 117/200
93/93 - 55s - 596ms/step - accuracy: 0.7146 - autoencoder_loss: 1.7384 - kl_loss: 0.7390 - loss: 3.0576 - reconstruction_loss: 0.9994 - vc_loss: 3.6230 - weighted_kl_loss: 0.7390
Epoch 127/200
93/93 - 53s - 565ms/step - accuracy: 0.7348 - autoencoder_loss: 1.8018 - kl_loss: 0.8021 - loss: 2.7039 - reconstruction_loss: 0.9997 - vc_loss: 3.0905 - weighted_kl_loss: 0.8021
Epoch 128/200
93/93 - 53s - 570ms/step - accuracy: 0.7273 - autoencoder_loss: 1.4422 - kl_loss: 0.4427 - loss: 2.4948 - reconstruction_loss: 0.9995 - vc_loss: 2.9459 - weighted_kl_loss: 0.4427
Epoch 124/200
93/93 - 51s - 551ms/step - accuracy: 0.7146 - autoencoder_loss: 1.7392 - kl_loss: 0.7391 - loss: 3.4100 - reconstruction_loss: 1.0001 - vc_loss: 4.1261 - weighted_kl_loss: 0.7391
Epoch 128/200
93/93 - 54s - 581ms/step - accuracy: 0.7222 - autoencoder_loss: 1.9355 - kl_loss: 0.9361 - loss: 2.9369 - reconstruction_loss: 0.9994 - vc_loss: 3.3660 - weighted_kl_loss: 0.9361
Epoch 118/200
93/93 - 52s - 555ms/step - accuracy: 0.7348 - autoencoder_loss: 1.8311 - kl_loss: 0.8316 - loss: 8.0662 - reconstruction_loss: 0.9995 - vc_loss: 10.7383 - weighted_kl_loss: 0.8316
Epoch 129/200
93/93 - 53s - 568ms/step - accuracy: 0.7273 - autoencoder_loss: 1.4326 - kl_loss: 0.4332 - loss: 3.5458 - reconstruction_loss: 0.9995 - vc_loss: 4.4514 - weighted_kl_loss: 0.4332
Epoch 125/200
93/93 - 52s - 563ms/step - accuracy: 0.7146 - autoencoder_loss: 1.7279 - kl_loss: 0.7275 - loss: 2.7954 - reconstruction_loss: 1.0004 - vc_loss: 3.2529 - weighted_kl_loss: 0.7275
Epoch 129/200
93/93 - 53s - 568ms/step - accuracy: 0.7222 - autoencoder_loss: 1.9127 - kl_loss: 0.9136 - loss: 2.6771 - reconstruction_loss: 0.9991 - vc_loss: 3.0047 - weighted_kl_loss: 0.9136
Epoch 119/200
93/93 - 53s - 568ms/step - accuracy: 0.7348 - autoencoder_loss: 1.8150 - kl_loss: 0.8157 - loss: 5.7441 - reconstruction_loss: 0.9993 - vc_loss: 7.4279 - weighted_kl_loss: 0.8157
Epoch 130/200
93/93 - 54s - 580ms/step - accuracy: 0.7273 - autoencoder_loss: 1.4042 - kl_loss: 0.4042 - loss: 3.2456 - reconstruction_loss: 1.0000 - vc_loss: 4.0348 - weighted_kl_loss: 0.4042
Epoch 126/200
93/93 - 51s - 547ms/step - accuracy: 0.7146 - autoencoder_loss: 1.6817 - kl_loss: 0.6818 - loss: 2.6622 - reconstruction_loss: 0.9999 - vc_loss: 3.0824 - weighted_kl_loss: 0.6818
Epoch 130/200
93/93 - 52s - 557ms/step - accuracy: 0.7222 - autoencoder_loss: 1.8947 - kl_loss: 0.8955 - loss: 3.0228 - reconstruction_loss: 0.9992 - vc_loss: 3.5063 - weighted_kl_loss: 0.8955
Epoch 120/200
93/93 - 51s - 548ms/step - accuracy: 0.7348 - autoencoder_loss: 1.7397 - kl_loss: 0.7406 - loss: 3.2955 - reconstruction_loss: 0.9990 - vc_loss: 3.9623 - weighted_kl_loss: 0.7406
Epoch 131/200
93/93 - 52s - 557ms/step - accuracy: 0.7273 - autoencoder_loss: 1.3866 - kl_loss: 0.3874 - loss: 2.5922 - reconstruction_loss: 0.9992 - vc_loss: 3.1089 - weighted_kl_loss: 0.3874
Epoch 127/200
93/93 - 51s - 551ms/step - accuracy: 0.7146 - autoencoder_loss: 1.6620 - kl_loss: 0.6615 - loss: 2.6633 - reconstruction_loss: 1.0005 - vc_loss: 3.0924 - weighted_kl_loss: 0.6615
Epoch 131/200
93/93 - 51s - 553ms/step - accuracy: 0.7222 - autoencoder_loss: 1.9013 - kl_loss: 0.9000 - loss: 3.0225 - reconstruction_loss: 1.0013 - vc_loss: 3.5030 - weighted_kl_loss: 0.9000
Epoch 121/200
93/93 - 51s - 553ms/step - accuracy: 0.7348 - autoencoder_loss: 1.7201 - kl_loss: 0.7204 - loss: 3.3157 - reconstruction_loss: 0.9997 - vc_loss: 3.9996 - weighted_kl_loss: 0.7204
Epoch 132/200
93/93 - 53s - 568ms/step - accuracy: 0.7273 - autoencoder_loss: 1.3855 - kl_loss: 0.3852 - loss: 2.5708 - reconstruction_loss: 1.0004 - vc_loss: 3.0788 - weighted_kl_loss: 0.3852
Epoch 128/200
93/93 - 52s - 554ms/step - accuracy: 0.7146 - autoencoder_loss: 1.6738 - kl_loss: 0.6746 - loss: 3.1981 - reconstruction_loss: 0.9992 - vc_loss: 3.8514 - weighted_kl_loss: 0.6746
Epoch 132/200
93/93 - 54s - 583ms/step - accuracy: 0.7222 - autoencoder_loss: 1.8725 - kl_loss: 0.8735 - loss: 2.9609 - reconstruction_loss: 0.9991 - vc_loss: 3.4274 - weighted_kl_loss: 0.8735
Epoch 122/200
93/93 - 54s - 576ms/step - accuracy: 0.7348 - autoencoder_loss: 1.6973 - kl_loss: 0.6958 - loss: 3.1162 - reconstruction_loss: 1.0014 - vc_loss: 3.7243 - weighted_kl_loss: 0.6958
Epoch 133/200
93/93 - 52s - 554ms/step - accuracy: 0.7273 - autoencoder_loss: 1.3683 - kl_loss: 0.3685 - loss: 3.2561 - reconstruction_loss: 0.9998 - vc_loss: 4.0651 - weighted_kl_loss: 0.3685
Epoch 129/200
93/93 - 51s - 547ms/step - accuracy: 0.7146 - autoencoder_loss: 1.6541 - kl_loss: 0.6550 - loss: 2.5098 - reconstruction_loss: 0.9991 - vc_loss: 2.8766 - weighted_kl_loss: 0.6550
Epoch 133/200
93/93 - 53s - 567ms/step - accuracy: 0.7222 - autoencoder_loss: 1.8482 - kl_loss: 0.8491 - loss: 2.8751 - reconstruction_loss: 0.9991 - vc_loss: 3.3152 - weighted_kl_loss: 0.8491
Epoch 123/200
93/93 - 52s - 560ms/step - accuracy: 0.7348 - autoencoder_loss: 1.7051 - kl_loss: 0.7058 - loss: 6.8219 - reconstruction_loss: 0.9994 - vc_loss: 9.0148 - weighted_kl_loss: 0.7058
Epoch 134/200
93/93 - 54s - 581ms/step - accuracy: 0.7273 - autoencoder_loss: 1.3588 - kl_loss: 0.3592 - loss: 2.9643 - reconstruction_loss: 0.9996 - vc_loss: 3.6523 - weighted_kl_loss: 0.3592
Epoch 130/200
93/93 - 54s - 575ms/step - accuracy: 0.7146 - autoencoder_loss: 1.5948 - kl_loss: 0.5951 - loss: 3.2951 - reconstruction_loss: 0.9997 - vc_loss: 4.0238 - weighted_kl_loss: 0.5951
Epoch 134/200
93/93 - 55s - 591ms/step - accuracy: 0.7222 - autoencoder_loss: 1.8198 - kl_loss: 0.8204 - loss: 2.7624 - reconstruction_loss: 0.9994 - vc_loss: 3.1663 - weighted_kl_loss: 0.8204
Epoch 124/200
93/93 - 52s - 562ms/step - accuracy: 0.7348 - autoencoder_loss: 1.6724 - kl_loss: 0.6730 - loss: 4.6284 - reconstruction_loss: 0.9994 - vc_loss: 5.8953 - weighted_kl_loss: 0.6730
Epoch 135/200
93/93 - 51s - 551ms/step - accuracy: 0.7273 - autoencoder_loss: 1.3547 - kl_loss: 0.3552 - loss: 3.1407 - reconstruction_loss: 0.9994 - vc_loss: 3.9061 - weighted_kl_loss: 0.3552
Epoch 131/200
93/93 - 49s - 532ms/step - accuracy: 0.7146 - autoencoder_loss: 1.5613 - kl_loss: 0.5622 - loss: 2.5749 - reconstruction_loss: 0.9991 - vc_loss: 3.0093 - weighted_kl_loss: 0.5622
Epoch 135/200
93/93 - 51s - 547ms/step - accuracy: 0.7222 - autoencoder_loss: 1.8183 - kl_loss: 0.8173 - loss: 3.0754 - reconstruction_loss: 1.0010 - vc_loss: 3.6142 - weighted_kl_loss: 0.8173
Epoch 125/200
93/93 - 51s - 551ms/step - accuracy: 0.7348 - autoencoder_loss: 1.6414 - kl_loss: 0.6424 - loss: 3.7477 - reconstruction_loss: 0.9989 - vc_loss: 4.6504 - weighted_kl_loss: 0.6424
Epoch 136/200
93/93 - 51s - 553ms/step - accuracy: 0.7273 - autoencoder_loss: 1.3483 - kl_loss: 0.3487 - loss: 2.3778 - reconstruction_loss: 0.9996 - vc_loss: 2.8190 - weighted_kl_loss: 0.3487
Epoch 132/200
93/93 - 49s - 527ms/step - accuracy: 0.7146 - autoencoder_loss: 1.5581 - kl_loss: 0.5585 - loss: 3.1573 - reconstruction_loss: 0.9996 - vc_loss: 3.8427 - weighted_kl_loss: 0.5585
Epoch 136/200
93/93 - 51s - 548ms/step - accuracy: 0.7222 - autoencoder_loss: 1.8084 - kl_loss: 0.8092 - loss: 3.1155 - reconstruction_loss: 0.9992 - vc_loss: 3.6757 - weighted_kl_loss: 0.8092
Epoch 126/200
93/93 - 52s - 554ms/step - accuracy: 0.7348 - autoencoder_loss: 1.6256 - kl_loss: 0.6263 - loss: 3.5419 - reconstruction_loss: 0.9994 - vc_loss: 4.3631 - weighted_kl_loss: 0.6263
Epoch 137/200
93/93 - 54s - 584ms/step - accuracy: 0.7273 - autoencoder_loss: 1.3415 - kl_loss: 0.3420 - loss: 3.1660 - reconstruction_loss: 0.9995 - vc_loss: 3.9479 - weighted_kl_loss: 0.3420
Epoch 133/200
93/93 - 53s - 571ms/step - accuracy: 0.7146 - autoencoder_loss: 1.5391 - kl_loss: 0.5392 - loss: 2.4749 - reconstruction_loss: 0.9999 - vc_loss: 2.8759 - weighted_kl_loss: 0.5392
Epoch 137/200
93/93 - 55s - 596ms/step - accuracy: 0.7222 - autoencoder_loss: 1.7928 - kl_loss: 0.7929 - loss: 2.6508 - reconstruction_loss: 0.9999 - vc_loss: 3.0185 - weighted_kl_loss: 0.7929
Epoch 127/200
93/93 - 55s - 590ms/step - accuracy: 0.7348 - autoencoder_loss: 1.6059 - kl_loss: 0.6060 - loss: 3.5623 - reconstruction_loss: 0.9999 - vc_loss: 4.4007 - weighted_kl_loss: 0.6060
Epoch 138/200
93/93 - 55s - 593ms/step - accuracy: 0.7273 - autoencoder_loss: 1.3389 - kl_loss: 0.3397 - loss: 2.7750 - reconstruction_loss: 0.9992 - vc_loss: 3.3905 - weighted_kl_loss: 0.3397
Epoch 134/200
93/93 - 53s - 570ms/step - accuracy: 0.7146 - autoencoder_loss: 1.5072 - kl_loss: 0.5077 - loss: 2.4498 - reconstruction_loss: 0.9995 - vc_loss: 2.8538 - weighted_kl_loss: 0.5077
Epoch 138/200
93/93 - 53s - 571ms/step - accuracy: 0.7222 - autoencoder_loss: 1.7698 - kl_loss: 0.7703 - loss: 3.0188 - reconstruction_loss: 0.9995 - vc_loss: 3.5541 - weighted_kl_loss: 0.7703
Epoch 128/200
93/93 - 51s - 548ms/step - accuracy: 0.7348 - autoencoder_loss: 1.5932 - kl_loss: 0.5929 - loss: 3.0652 - reconstruction_loss: 1.0003 - vc_loss: 3.6960 - weighted_kl_loss: 0.5929
Epoch 139/200
93/93 - 53s - 573ms/step - accuracy: 0.7273 - autoencoder_loss: 1.3283 - kl_loss: 0.3293 - loss: 2.5077 - reconstruction_loss: 0.9990 - vc_loss: 3.0131 - weighted_kl_loss: 0.3293
Epoch 135/200
93/93 - 51s - 550ms/step - accuracy: 0.7146 - autoencoder_loss: 1.4976 - kl_loss: 0.4970 - loss: 2.8751 - reconstruction_loss: 1.0006 - vc_loss: 3.4655 - weighted_kl_loss: 0.4970
Epoch 139/200
93/93 - 54s - 581ms/step - accuracy: 0.7222 - autoencoder_loss: 1.7452 - kl_loss: 0.7447 - loss: 2.6743 - reconstruction_loss: 1.0005 - vc_loss: 3.0725 - weighted_kl_loss: 0.7447
Epoch 129/200
93/93 - 54s - 582ms/step - accuracy: 0.7348 - autoencoder_loss: 1.5777 - kl_loss: 0.5785 - loss: 2.9623 - reconstruction_loss: 0.9992 - vc_loss: 3.5556 - weighted_kl_loss: 0.5785
Epoch 140/200
93/93 - 56s - 600ms/step - accuracy: 0.7273 - autoencoder_loss: 1.3257 - kl_loss: 0.3246 - loss: 2.6696 - reconstruction_loss: 1.0012 - vc_loss: 3.2455 - weighted_kl_loss: 0.3246
Epoch 136/200
93/93 - 54s - 580ms/step - accuracy: 0.7146 - autoencoder_loss: 1.4764 - kl_loss: 0.4756 - loss: 3.0073 - reconstruction_loss: 1.0008 - vc_loss: 3.6634 - weighted_kl_loss: 0.4756
Epoch 140/200
93/93 - 56s - 601ms/step - accuracy: 0.7222 - autoencoder_loss: 1.7434 - kl_loss: 0.7436 - loss: 2.8878 - reconstruction_loss: 0.9998 - vc_loss: 3.3782 - weighted_kl_loss: 0.7436
Epoch 130/200
93/93 - 54s - 583ms/step - accuracy: 0.7348 - autoencoder_loss: 1.5674 - kl_loss: 0.5680 - loss: 3.1633 - reconstruction_loss: 0.9994 - vc_loss: 3.8473 - weighted_kl_loss: 0.5680
Epoch 141/200
93/93 - 53s - 572ms/step - accuracy: 0.7146 - autoencoder_loss: 1.4548 - kl_loss: 0.4544 - loss: 2.8725 - reconstruction_loss: 1.0004 - vc_loss: 3.4800 - weighted_kl_loss: 0.4544
Epoch 141/200
93/93 - 55s - 587ms/step - accuracy: 0.7273 - autoencoder_loss: 1.3125 - kl_loss: 0.3134 - loss: 3.9215 - reconstruction_loss: 0.9991 - vc_loss: 5.0397 - weighted_kl_loss: 0.3134
Epoch 137/200
93/93 - 55s - 595ms/step - accuracy: 0.7222 - autoencoder_loss: 1.7128 - kl_loss: 0.7131 - loss: 2.4898 - reconstruction_loss: 0.9997 - vc_loss: 2.8228 - weighted_kl_loss: 0.7131
Epoch 131/200
93/93 - 54s - 576ms/step - accuracy: 0.7348 - autoencoder_loss: 1.5952 - kl_loss: 0.5956 - loss: 3.3637 - reconstruction_loss: 0.9996 - vc_loss: 4.1216 - weighted_kl_loss: 0.5956
Epoch 142/200
93/93 - 52s - 554ms/step - accuracy: 0.7146 - autoencoder_loss: 1.4480 - kl_loss: 0.4480 - loss: 2.5939 - reconstruction_loss: 1.0000 - vc_loss: 3.0850 - weighted_kl_loss: 0.4480
Epoch 142/200
93/93 - 53s - 567ms/step - accuracy: 0.7273 - autoencoder_loss: 1.3187 - kl_loss: 0.3170 - loss: 2.9774 - reconstruction_loss: 1.0017 - vc_loss: 3.6883 - weighted_kl_loss: 0.3170
Epoch 138/200
93/93 - 50s - 538ms/step - accuracy: 0.7222 - autoencoder_loss: 1.7168 - kl_loss: 0.7154 - loss: 2.6722 - reconstruction_loss: 1.0014 - vc_loss: 3.0817 - weighted_kl_loss: 0.7154
Epoch 132/200
93/93 - 49s - 530ms/step - accuracy: 0.7348 - autoencoder_loss: 1.5874 - kl_loss: 0.5873 - loss: 3.0892 - reconstruction_loss: 1.0001 - vc_loss: 3.7329 - weighted_kl_loss: 0.5873
Epoch 143/200
93/93 - 48s - 518ms/step - accuracy: 0.7146 - autoencoder_loss: 1.4292 - kl_loss: 0.4298 - loss: 3.1316 - reconstruction_loss: 0.9994 - vc_loss: 3.8612 - weighted_kl_loss: 0.4298
Epoch 143/200
93/93 - 51s - 550ms/step - accuracy: 0.7273 - autoencoder_loss: 1.3240 - kl_loss: 0.3239 - loss: 3.7839 - reconstruction_loss: 1.0001 - vc_loss: 4.8381 - weighted_kl_loss: 0.3239
Epoch 139/200
93/93 - 52s - 563ms/step - accuracy: 0.7222 - autoencoder_loss: 1.6848 - kl_loss: 0.6848 - loss: 2.8209 - reconstruction_loss: 1.0000 - vc_loss: 3.3078 - weighted_kl_loss: 0.6848
Epoch 133/200
93/93 - 52s - 556ms/step - accuracy: 0.7348 - autoencoder_loss: 1.5741 - kl_loss: 0.5750 - loss: 3.2397 - reconstruction_loss: 0.9991 - vc_loss: 3.9535 - weighted_kl_loss: 0.5750
Epoch 144/200
93/93 - 51s - 552ms/step - accuracy: 0.7146 - autoencoder_loss: 1.4140 - kl_loss: 0.4141 - loss: 2.8113 - reconstruction_loss: 0.9999 - vc_loss: 3.4101 - weighted_kl_loss: 0.4141
Epoch 144/200
93/93 - 53s - 568ms/step - accuracy: 0.7273 - autoencoder_loss: 1.3060 - kl_loss: 0.3053 - loss: 3.0486 - reconstruction_loss: 1.0006 - vc_loss: 3.7954 - weighted_kl_loss: 0.3053
Epoch 140/200
93/93 - 53s - 570ms/step - accuracy: 0.7222 - autoencoder_loss: 1.7403 - kl_loss: 0.7411 - loss: 2.7548 - reconstruction_loss: 0.9992 - vc_loss: 3.1896 - weighted_kl_loss: 0.7411
Epoch 134/200
93/93 - 53s - 569ms/step - accuracy: 0.7348 - autoencoder_loss: 1.6104 - kl_loss: 0.6107 - loss: 4.1937 - reconstruction_loss: 0.9997 - vc_loss: 5.3009 - weighted_kl_loss: 0.6107
Epoch 145/200
93/93 - 50s - 540ms/step - accuracy: 0.7146 - autoencoder_loss: 1.3996 - kl_loss: 0.3999 - loss: 2.4501 - reconstruction_loss: 0.9997 - vc_loss: 2.9003 - weighted_kl_loss: 0.3999
Epoch 145/200
93/93 - 51s - 552ms/step - accuracy: 0.7273 - autoencoder_loss: 1.2912 - kl_loss: 0.2911 - loss: 3.0421 - reconstruction_loss: 1.0002 - vc_loss: 3.7925 - weighted_kl_loss: 0.2911
Epoch 141/200
93/93 - 51s - 553ms/step - accuracy: 0.7222 - autoencoder_loss: 1.8087 - kl_loss: 0.8084 - loss: 2.6799 - reconstruction_loss: 1.0003 - vc_loss: 3.0533 - weighted_kl_loss: 0.8084
Epoch 135/200
93/93 - 51s - 551ms/step - accuracy: 0.7348 - autoencoder_loss: 1.5892 - kl_loss: 0.5893 - loss: 3.6095 - reconstruction_loss: 0.9999 - vc_loss: 4.4754 - weighted_kl_loss: 0.5893
Epoch 146/200
93/93 - 48s - 514ms/step - accuracy: 0.7146 - autoencoder_loss: 1.3802 - kl_loss: 0.3802 - loss: 2.6165 - reconstruction_loss: 1.0000 - vc_loss: 3.1464 - weighted_kl_loss: 0.3802
Epoch 146/200
93/93 - 51s - 550ms/step - accuracy: 0.7273 - autoencoder_loss: 1.2743 - kl_loss: 0.2746 - loss: 3.1156 - reconstruction_loss: 0.9996 - vc_loss: 3.9047 - weighted_kl_loss: 0.2746
Epoch 142/200
93/93 - 52s - 559ms/step - accuracy: 0.7222 - autoencoder_loss: 1.7863 - kl_loss: 0.7871 - loss: 2.6397 - reconstruction_loss: 0.9992 - vc_loss: 3.0055 - weighted_kl_loss: 0.7871
Epoch 136/200
93/93 - 53s - 569ms/step - accuracy: 0.7348 - autoencoder_loss: 1.5693 - kl_loss: 0.5691 - loss: 3.1646 - reconstruction_loss: 1.0001 - vc_loss: 3.8483 - weighted_kl_loss: 0.5691
Epoch 147/200
93/93 - 50s - 542ms/step - accuracy: 0.7146 - autoencoder_loss: 1.3785 - kl_loss: 0.3790 - loss: 2.5672 - reconstruction_loss: 0.9995 - vc_loss: 3.0767 - weighted_kl_loss: 0.3790
Epoch 147/200
93/93 - 52s - 554ms/step - accuracy: 0.7273 - autoencoder_loss: 1.2706 - kl_loss: 0.2713 - loss: 3.1716 - reconstruction_loss: 0.9993 - vc_loss: 3.9864 - weighted_kl_loss: 0.2713
Epoch 143/200
93/93 - 53s - 571ms/step - accuracy: 0.7222 - autoencoder_loss: 1.7430 - kl_loss: 0.7435 - loss: 3.0135 - reconstruction_loss: 0.9995 - vc_loss: 3.5579 - weighted_kl_loss: 0.7435
Epoch 137/200
93/93 - 51s - 553ms/step - accuracy: 0.7348 - autoencoder_loss: 1.5783 - kl_loss: 0.5792 - loss: 3.0481 - reconstruction_loss: 0.9991 - vc_loss: 3.6780 - weighted_kl_loss: 0.5792
Epoch 148/200
93/93 - 52s - 560ms/step - accuracy: 0.7273 - autoencoder_loss: 1.2649 - kl_loss: 0.2653 - loss: 2.8056 - reconstruction_loss: 0.9996 - vc_loss: 3.4659 - weighted_kl_loss: 0.2653
Epoch 144/200
93/93 - 82s - 879ms/step - accuracy: 0.7146 - autoencoder_loss: 1.3587 - kl_loss: 0.3598 - loss: 2.8626 - reconstruction_loss: 0.9990 - vc_loss: 3.5072 - weighted_kl_loss: 0.3598
Epoch 148/200
93/93 - 52s - 561ms/step - accuracy: 0.7222 - autoencoder_loss: 1.7204 - kl_loss: 0.7191 - loss: 2.6092 - reconstruction_loss: 1.0013 - vc_loss: 2.9901 - weighted_kl_loss: 0.7191
Epoch 138/200
93/93 - 51s - 546ms/step - accuracy: 0.7348 - autoencoder_loss: 1.6332 - kl_loss: 0.6334 - loss: 4.5289 - reconstruction_loss: 0.9998 - vc_loss: 5.7700 - weighted_kl_loss: 0.6334
Epoch 149/200
93/93 - 52s - 556ms/step - accuracy: 0.7273 - autoencoder_loss: 1.2504 - kl_loss: 0.2507 - loss: 2.7888 - reconstruction_loss: 0.9997 - vc_loss: 3.4481 - weighted_kl_loss: 0.2507
Epoch 145/200
93/93 - 51s - 547ms/step - accuracy: 0.7146 - autoencoder_loss: 1.3474 - kl_loss: 0.3480 - loss: 3.0722 - reconstruction_loss: 0.9994 - vc_loss: 3.8113 - weighted_kl_loss: 0.3480
Epoch 149/200
93/93 - 53s - 566ms/step - accuracy: 0.7222 - autoencoder_loss: 1.7044 - kl_loss: 0.7044 - loss: 2.9886 - reconstruction_loss: 1.0000 - vc_loss: 3.5389 - weighted_kl_loss: 0.7044
Epoch 139/200
93/93 - 52s - 563ms/step - accuracy: 0.7348 - autoencoder_loss: 1.7676 - kl_loss: 0.7680 - loss: 5.9479 - reconstruction_loss: 0.9995 - vc_loss: 7.7394 - weighted_kl_loss: 0.7680
Epoch 150/200
93/93 - 53s - 565ms/step - accuracy: 0.7273 - autoencoder_loss: 1.2502 - kl_loss: 0.2509 - loss: 2.9492 - reconstruction_loss: 0.9993 - vc_loss: 3.6773 - weighted_kl_loss: 0.2509
Epoch 146/200
93/93 - 51s - 547ms/step - accuracy: 0.7146 - autoencoder_loss: 1.3612 - kl_loss: 0.3613 - loss: 2.7739 - reconstruction_loss: 0.9999 - vc_loss: 3.3793 - weighted_kl_loss: 0.3613
Epoch 150/200
93/93 - 50s - 541ms/step - accuracy: 0.7222 - autoencoder_loss: 1.6852 - kl_loss: 0.6852 - loss: 2.7337 - reconstruction_loss: 0.9999 - vc_loss: 3.1831 - weighted_kl_loss: 0.6852
Epoch 140/200
93/93 - 51s - 544ms/step - accuracy: 0.7348 - autoencoder_loss: 1.7322 - kl_loss: 0.7328 - loss: 6.0363 - reconstruction_loss: 0.9994 - vc_loss: 7.8809 - weighted_kl_loss: 0.7328
Epoch 151/200
93/93 - 50s - 537ms/step - accuracy: 0.7273 - autoencoder_loss: 1.2417 - kl_loss: 0.2416 - loss: 2.8552 - reconstruction_loss: 1.0001 - vc_loss: 3.5466 - weighted_kl_loss: 0.2416
Epoch 147/200
93/93 - 51s - 553ms/step - accuracy: 0.7146 - autoencoder_loss: 1.3569 - kl_loss: 0.3570 - loss: 2.3426 - reconstruction_loss: 0.9998 - vc_loss: 2.7651 - weighted_kl_loss: 0.3570
Epoch 151/200
93/93 - 51s - 551ms/step - accuracy: 0.7222 - autoencoder_loss: 1.6660 - kl_loss: 0.6663 - loss: 2.6158 - reconstruction_loss: 0.9997 - vc_loss: 3.0229 - weighted_kl_loss: 0.6663
Epoch 141/200
93/93 - 51s - 553ms/step - accuracy: 0.7348 - autoencoder_loss: 1.6732 - kl_loss: 0.6738 - loss: 3.9756 - reconstruction_loss: 0.9994 - vc_loss: 4.9624 - weighted_kl_loss: 0.6738
Epoch 152/200
93/93 - 52s - 556ms/step - accuracy: 0.7273 - autoencoder_loss: 1.2332 - kl_loss: 0.2333 - loss: 2.6584 - reconstruction_loss: 0.9999 - vc_loss: 3.2691 - weighted_kl_loss: 0.2333
Epoch 148/200
93/93 - 51s - 543ms/step - accuracy: 0.7146 - autoencoder_loss: 1.3342 - kl_loss: 0.3335 - loss: 2.3354 - reconstruction_loss: 1.0007 - vc_loss: 2.7644 - weighted_kl_loss: 0.3335
Epoch 152/200
93/93 - 52s - 556ms/step - accuracy: 0.7222 - autoencoder_loss: 1.6451 - kl_loss: 0.6455 - loss: 3.0289 - reconstruction_loss: 0.9995 - vc_loss: 3.6220 - weighted_kl_loss: 0.6455
Epoch 142/200
93/93 - 52s - 559ms/step - accuracy: 0.7348 - autoencoder_loss: 1.6246 - kl_loss: 0.6256 - loss: 3.8066 - reconstruction_loss: 0.9990 - vc_loss: 4.7418 - weighted_kl_loss: 0.6256
Epoch 153/200
93/93 - 50s - 539ms/step - accuracy: 0.7273 - autoencoder_loss: 1.2342 - kl_loss: 0.2339 - loss: 3.7933 - reconstruction_loss: 1.0003 - vc_loss: 4.8900 - weighted_kl_loss: 0.2339
Epoch 149/200
93/93 - 50s - 542ms/step - accuracy: 0.7146 - autoencoder_loss: 1.3152 - kl_loss: 0.3156 - loss: 2.3254 - reconstruction_loss: 0.9996 - vc_loss: 2.7584 - weighted_kl_loss: 0.3156
Epoch 153/200
93/93 - 51s - 552ms/step - accuracy: 0.7222 - autoencoder_loss: 1.6301 - kl_loss: 0.6296 - loss: 2.8440 - reconstruction_loss: 1.0005 - vc_loss: 3.3642 - weighted_kl_loss: 0.6296
Epoch 143/200
93/93 - 51s - 550ms/step - accuracy: 0.7348 - autoencoder_loss: 1.5847 - kl_loss: 0.5844 - loss: 3.6635 - reconstruction_loss: 1.0003 - vc_loss: 4.5544 - weighted_kl_loss: 0.5844
Epoch 154/200
93/93 - 52s - 562ms/step - accuracy: 0.7273 - autoencoder_loss: 1.2257 - kl_loss: 0.2260 - loss: 2.9589 - reconstruction_loss: 0.9996 - vc_loss: 3.7017 - weighted_kl_loss: 0.2260
Epoch 150/200
93/93 - 50s - 535ms/step - accuracy: 0.7146 - autoencoder_loss: 1.3005 - kl_loss: 0.2956 - loss: 2.8418 - reconstruction_loss: 1.0049 - vc_loss: 3.5024 - weighted_kl_loss: 0.2956
Epoch 154/200
93/93 - 52s - 564ms/step - accuracy: 0.7222 - autoencoder_loss: 1.7256 - kl_loss: 0.7242 - loss: 2.6841 - reconstruction_loss: 1.0014 - vc_loss: 3.0948 - weighted_kl_loss: 0.7242
Epoch 144/200
93/93 - 52s - 556ms/step - accuracy: 0.7348 - autoencoder_loss: 1.5714 - kl_loss: 0.5721 - loss: 3.1165 - reconstruction_loss: 0.9993 - vc_loss: 3.7788 - weighted_kl_loss: 0.5721
Epoch 155/200
93/93 - 52s - 564ms/step - accuracy: 0.7273 - autoencoder_loss: 1.2283 - kl_loss: 0.2288 - loss: 2.9561 - reconstruction_loss: 0.9996 - vc_loss: 3.6965 - weighted_kl_loss: 0.2288
Epoch 151/200
93/93 - 51s - 549ms/step - accuracy: 0.7146 - autoencoder_loss: 1.2808 - kl_loss: 0.2814 - loss: 2.5166 - reconstruction_loss: 0.9994 - vc_loss: 3.0463 - weighted_kl_loss: 0.2814
Epoch 155/200
93/93 - 52s - 558ms/step - accuracy: 0.7222 - autoencoder_loss: 1.8283 - kl_loss: 0.8288 - loss: 3.7574 - reconstruction_loss: 0.9995 - vc_loss: 4.5841 - weighted_kl_loss: 0.8288
Epoch 145/200
93/93 - 51s - 549ms/step - accuracy: 0.7348 - autoencoder_loss: 1.5469 - kl_loss: 0.5437 - loss: 3.0719 - reconstruction_loss: 1.0032 - vc_loss: 3.7255 - weighted_kl_loss: 0.5437
Epoch 156/200
93/93 - 51s - 545ms/step - accuracy: 0.7273 - autoencoder_loss: 1.3215 - kl_loss: 0.3218 - loss: 3.0306 - reconstruction_loss: 0.9996 - vc_loss: 3.7631 - weighted_kl_loss: 0.3218
Epoch 152/200
93/93 - 50s - 536ms/step - accuracy: 0.7146 - autoencoder_loss: 1.3107 - kl_loss: 0.3110 - loss: 3.1526 - reconstruction_loss: 0.9996 - vc_loss: 3.9420 - weighted_kl_loss: 0.3110
Epoch 156/200
93/93 - 50s - 538ms/step - accuracy: 0.7348 - autoencoder_loss: 1.5178 - kl_loss: 0.5182 - loss: 2.9683 - reconstruction_loss: 0.9996 - vc_loss: 3.5900 - weighted_kl_loss: 0.5182
Epoch 157/200
93/93 - 52s - 559ms/step - accuracy: 0.7222 - autoencoder_loss: 1.8132 - kl_loss: 0.8127 - loss: 2.8871 - reconstruction_loss: 1.0005 - vc_loss: 3.3474 - weighted_kl_loss: 0.8127
Epoch 146/200
93/93 - 54s - 579ms/step - accuracy: 0.7273 - autoencoder_loss: 1.3543 - kl_loss: 0.3545 - loss: 3.2012 - reconstruction_loss: 0.9998 - vc_loss: 3.9927 - weighted_kl_loss: 0.3545
Epoch 153/200
93/93 - 52s - 561ms/step - accuracy: 0.7146 - autoencoder_loss: 1.3167 - kl_loss: 0.3171 - loss: 2.5270 - reconstruction_loss: 0.9996 - vc_loss: 3.0457 - weighted_kl_loss: 0.3171
Epoch 157/200
93/93 - 55s - 591ms/step - accuracy: 0.7348 - autoencoder_loss: 1.5126 - kl_loss: 0.5131 - loss: 3.2202 - reconstruction_loss: 0.9995 - vc_loss: 3.9521 - weighted_kl_loss: 0.5131
Epoch 158/200
93/93 - 55s - 594ms/step - accuracy: 0.7222 - autoencoder_loss: 1.7973 - kl_loss: 0.7975 - loss: 3.3013 - reconstruction_loss: 0.9998 - vc_loss: 3.9458 - weighted_kl_loss: 0.7975
Epoch 147/200
93/93 - 56s - 601ms/step - accuracy: 0.7273 - autoencoder_loss: 1.3344 - kl_loss: 0.3340 - loss: 2.7297 - reconstruction_loss: 1.0003 - vc_loss: 3.3277 - weighted_kl_loss: 0.3340
Epoch 154/200
93/93 - 55s - 596ms/step - accuracy: 0.7146 - autoencoder_loss: 1.2946 - kl_loss: 0.2932 - loss: 2.2865 - reconstruction_loss: 1.0015 - vc_loss: 2.7115 - weighted_kl_loss: 0.2932
Epoch 158/200
93/93 - 54s - 585ms/step - accuracy: 0.7348 - autoencoder_loss: 1.5284 - kl_loss: 0.5287 - loss: 3.0749 - reconstruction_loss: 0.9997 - vc_loss: 3.7377 - weighted_kl_loss: 0.5287
Epoch 159/200
93/93 - 55s - 594ms/step - accuracy: 0.7222 - autoencoder_loss: 1.7716 - kl_loss: 0.7721 - loss: 2.8003 - reconstruction_loss: 0.9994 - vc_loss: 3.2412 - weighted_kl_loss: 0.7721
Epoch 148/200
93/93 - 54s - 580ms/step - accuracy: 0.7273 - autoencoder_loss: 1.3199 - kl_loss: 0.3193 - loss: 2.9890 - reconstruction_loss: 1.0006 - vc_loss: 3.7043 - weighted_kl_loss: 0.3193
Epoch 155/200
93/93 - 52s - 562ms/step - accuracy: 0.7146 - autoencoder_loss: 1.2666 - kl_loss: 0.2667 - loss: 3.0698 - reconstruction_loss: 0.9999 - vc_loss: 3.8426 - weighted_kl_loss: 0.2667
Epoch 159/200
93/93 - 54s - 576ms/step - accuracy: 0.7348 - autoencoder_loss: 1.5238 - kl_loss: 0.5247 - loss: 3.7670 - reconstruction_loss: 0.9991 - vc_loss: 4.7284 - weighted_kl_loss: 0.5247
Epoch 160/200
93/93 - 54s - 576ms/step - accuracy: 0.7222 - autoencoder_loss: 1.7531 - kl_loss: 0.7525 - loss: 3.2100 - reconstruction_loss: 1.0006 - vc_loss: 3.8344 - weighted_kl_loss: 0.7525
Epoch 149/200
93/93 - 52s - 563ms/step - accuracy: 0.7273 - autoencoder_loss: 1.3037 - kl_loss: 0.3045 - loss: 2.4357 - reconstruction_loss: 0.9992 - vc_loss: 2.9208 - weighted_kl_loss: 0.3045
Epoch 156/200
93/93 - 51s - 552ms/step - accuracy: 0.7146 - autoencoder_loss: 1.2495 - kl_loss: 0.2504 - loss: 3.3581 - reconstruction_loss: 0.9991 - vc_loss: 4.2618 - weighted_kl_loss: 0.2504
Epoch 160/200
93/93 - 51s - 552ms/step - accuracy: 0.7348 - autoencoder_loss: 1.5113 - kl_loss: 0.5114 - loss: 3.3292 - reconstruction_loss: 0.9999 - vc_loss: 4.1084 - weighted_kl_loss: 0.5114
Epoch 161/200
93/93 - 52s - 563ms/step - accuracy: 0.7222 - autoencoder_loss: 1.7411 - kl_loss: 0.7329 - loss: 3.2178 - reconstruction_loss: 1.0081 - vc_loss: 3.8507 - weighted_kl_loss: 0.7329
Epoch 150/200
93/93 - 52s - 560ms/step - accuracy: 0.7273 - autoencoder_loss: 1.2921 - kl_loss: 0.2925 - loss: 2.3295 - reconstruction_loss: 0.9995 - vc_loss: 2.7741 - weighted_kl_loss: 0.2925
Epoch 157/200
93/93 - 51s - 546ms/step - accuracy: 0.7146 - autoencoder_loss: 1.2336 - kl_loss: 0.2332 - loss: 2.1227 - reconstruction_loss: 1.0004 - vc_loss: 2.5037 - weighted_kl_loss: 0.2332
Epoch 161/200
93/93 - 53s - 573ms/step - accuracy: 0.7348 - autoencoder_loss: 1.5036 - kl_loss: 0.5037 - loss: 3.1152 - reconstruction_loss: 0.9999 - vc_loss: 3.8058 - weighted_kl_loss: 0.5037
Epoch 162/200
93/93 - 54s - 578ms/step - accuracy: 0.7222 - autoencoder_loss: 1.7030 - kl_loss: 0.7037 - loss: 3.1098 - reconstruction_loss: 0.9992 - vc_loss: 3.7128 - weighted_kl_loss: 0.7037
Epoch 151/200
93/93 - 53s - 566ms/step - accuracy: 0.7273 - autoencoder_loss: 1.2798 - kl_loss: 0.2805 - loss: 2.7358 - reconstruction_loss: 0.9993 - vc_loss: 3.3599 - weighted_kl_loss: 0.2805
Epoch 158/200
93/93 - 51s - 545ms/step - accuracy: 0.7146 - autoencoder_loss: 1.2245 - kl_loss: 0.2253 - loss: 2.7511 - reconstruction_loss: 0.9992 - vc_loss: 3.4054 - weighted_kl_loss: 0.2253
Epoch 162/200
93/93 - 51s - 553ms/step - accuracy: 0.7348 - autoencoder_loss: 1.4910 - kl_loss: 0.4913 - loss: 3.7502 - reconstruction_loss: 0.9998 - vc_loss: 4.7184 - weighted_kl_loss: 0.4913
Epoch 163/200
93/93 - 51s - 553ms/step - accuracy: 0.7222 - autoencoder_loss: 1.6930 - kl_loss: 0.6930 - loss: 2.8754 - reconstruction_loss: 1.0000 - vc_loss: 3.3822 - weighted_kl_loss: 0.6930
Epoch 152/200
93/93 - 49s - 525ms/step - accuracy: 0.7146 - autoencoder_loss: 1.2123 - kl_loss: 0.2126 - loss: 2.4984 - reconstruction_loss: 0.9997 - vc_loss: 3.0496 - weighted_kl_loss: 0.2126
Epoch 163/200
93/93 - 52s - 560ms/step - accuracy: 0.7273 - autoencoder_loss: 1.2672 - kl_loss: 0.2682 - loss: 2.6308 - reconstruction_loss: 0.9990 - vc_loss: 3.2152 - weighted_kl_loss: 0.2682
Epoch 159/200
93/93 - 52s - 559ms/step - accuracy: 0.7348 - autoencoder_loss: 1.4775 - kl_loss: 0.4777 - loss: 3.9744 - reconstruction_loss: 0.9998 - vc_loss: 5.0445 - weighted_kl_loss: 0.4777
Epoch 164/200
93/93 - 53s - 566ms/step - accuracy: 0.7222 - autoencoder_loss: 1.6695 - kl_loss: 0.6700 - loss: 2.9636 - reconstruction_loss: 0.9995 - vc_loss: 3.5182 - weighted_kl_loss: 0.6700
Epoch 153/200
93/93 - 51s - 548ms/step - accuracy: 0.7146 - autoencoder_loss: 1.2020 - kl_loss: 0.2022 - loss: 2.5601 - reconstruction_loss: 0.9998 - vc_loss: 3.1421 - weighted_kl_loss: 0.2022
Epoch 164/200
93/93 - 53s - 566ms/step - accuracy: 0.7273 - autoencoder_loss: 1.2586 - kl_loss: 0.2590 - loss: 2.4240 - reconstruction_loss: 0.9996 - vc_loss: 2.9234 - weighted_kl_loss: 0.2590
Epoch 160/200
93/93 - 53s - 566ms/step - accuracy: 0.7348 - autoencoder_loss: 1.4543 - kl_loss: 0.4549 - loss: 3.3753 - reconstruction_loss: 0.9994 - vc_loss: 4.1986 - weighted_kl_loss: 0.4549
Epoch 165/200
93/93 - 53s - 573ms/step - accuracy: 0.7222 - autoencoder_loss: 1.6590 - kl_loss: 0.6596 - loss: 2.9339 - reconstruction_loss: 0.9994 - vc_loss: 3.4803 - weighted_kl_loss: 0.6596
Epoch 154/200
93/93 - 51s - 547ms/step - accuracy: 0.7146 - autoencoder_loss: 1.1997 - kl_loss: 0.1995 - loss: 2.6030 - reconstruction_loss: 1.0002 - vc_loss: 3.2044 - weighted_kl_loss: 0.1995
Epoch 165/200
93/93 - 53s - 572ms/step - accuracy: 0.7273 - autoencoder_loss: 1.2519 - kl_loss: 0.2523 - loss: 2.4824 - reconstruction_loss: 0.9996 - vc_loss: 3.0098 - weighted_kl_loss: 0.2523
Epoch 161/200
93/93 - 51s - 548ms/step - accuracy: 0.7348 - autoencoder_loss: 1.4401 - kl_loss: 0.4404 - loss: 3.2503 - reconstruction_loss: 0.9997 - vc_loss: 4.0262 - weighted_kl_loss: 0.4404
Epoch 166/200
93/93 - 52s - 560ms/step - accuracy: 0.7222 - autoencoder_loss: 1.6430 - kl_loss: 0.6434 - loss: 2.7559 - reconstruction_loss: 0.9996 - vc_loss: 3.2329 - weighted_kl_loss: 0.6434
Epoch 155/200
93/93 - 53s - 566ms/step - accuracy: 0.7273 - autoencoder_loss: 1.2460 - kl_loss: 0.2457 - loss: 2.4506 - reconstruction_loss: 1.0003 - vc_loss: 2.9669 - weighted_kl_loss: 0.2457
Epoch 162/200
93/93 - 54s - 586ms/step - accuracy: 0.7348 - autoencoder_loss: 1.4339 - kl_loss: 0.4336 - loss: 3.1675 - reconstruction_loss: 1.0003 - vc_loss: 3.9105 - weighted_kl_loss: 0.4336
Epoch 167/200
93/93 - 84s - 902ms/step - accuracy: 0.7146 - autoencoder_loss: 1.1960 - kl_loss: 0.1968 - loss: 2.6384 - reconstruction_loss: 0.9992 - vc_loss: 3.2565 - weighted_kl_loss: 0.1968
Epoch 166/200
93/93 - 54s - 580ms/step - accuracy: 0.7222 - autoencoder_loss: 1.6435 - kl_loss: 0.6441 - loss: 3.2484 - reconstruction_loss: 0.9995 - vc_loss: 3.9362 - weighted_kl_loss: 0.6441
Epoch 156/200
93/93 - 53s - 566ms/step - accuracy: 0.7273 - autoencoder_loss: 1.2379 - kl_loss: 0.2386 - loss: 2.9176 - reconstruction_loss: 0.9993 - vc_loss: 3.6375 - weighted_kl_loss: 0.2386
Epoch 163/200
93/93 - 52s - 563ms/step - accuracy: 0.7146 - autoencoder_loss: 1.1858 - kl_loss: 0.1862 - loss: 2.4614 - reconstruction_loss: 0.9997 - vc_loss: 3.0081 - weighted_kl_loss: 0.1862
Epoch 167/200
93/93 - 54s - 577ms/step - accuracy: 0.7222 - autoencoder_loss: 1.6261 - kl_loss: 0.6260 - loss: 3.2813 - reconstruction_loss: 1.0001 - vc_loss: 3.9906 - weighted_kl_loss: 0.6260
Epoch 157/200
93/93 - 79s - 854ms/step - accuracy: 0.7348 - autoencoder_loss: 1.4253 - kl_loss: 0.4259 - loss: 3.2506 - reconstruction_loss: 0.9994 - vc_loss: 4.0329 - weighted_kl_loss: 0.4259
Epoch 168/200
93/93 - 52s - 562ms/step - accuracy: 0.7273 - autoencoder_loss: 1.2294 - kl_loss: 0.2293 - loss: 2.8703 - reconstruction_loss: 1.0001 - vc_loss: 3.5736 - weighted_kl_loss: 0.2293
Epoch 164/200
93/93 - 50s - 533ms/step - accuracy: 0.7146 - autoencoder_loss: 1.1828 - kl_loss: 0.1828 - loss: 2.6699 - reconstruction_loss: 1.0001 - vc_loss: 3.3072 - weighted_kl_loss: 0.1828
Epoch 168/200
93/93 - 51s - 552ms/step - accuracy: 0.7222 - autoencoder_loss: 1.6135 - kl_loss: 0.6130 - loss: 2.9157 - reconstruction_loss: 1.0004 - vc_loss: 3.4738 - weighted_kl_loss: 0.6130
Epoch 158/200
93/93 - 52s - 559ms/step - accuracy: 0.7348 - autoencoder_loss: 1.4221 - kl_loss: 0.4201 - loss: 3.0690 - reconstruction_loss: 1.0019 - vc_loss: 3.7748 - weighted_kl_loss: 0.4201
Epoch 169/200
93/93 - 52s - 560ms/step - accuracy: 0.7273 - autoencoder_loss: 1.2175 - kl_loss: 0.2182 - loss: 2.4216 - reconstruction_loss: 0.9992 - vc_loss: 2.9377 - weighted_kl_loss: 0.2182
Epoch 165/200
93/93 - 50s - 533ms/step - accuracy: 0.7146 - autoencoder_loss: 1.1719 - kl_loss: 0.1725 - loss: 2.8762 - reconstruction_loss: 0.9994 - vc_loss: 3.6066 - weighted_kl_loss: 0.1725
Epoch 169/200
93/93 - 52s - 555ms/step - accuracy: 0.7222 - autoencoder_loss: 1.6068 - kl_loss: 0.6060 - loss: 3.3986 - reconstruction_loss: 1.0008 - vc_loss: 4.1665 - weighted_kl_loss: 0.6060
Epoch 159/200
93/93 - 51s - 553ms/step - accuracy: 0.7348 - autoencoder_loss: 1.4060 - kl_loss: 0.4058 - loss: 2.8757 - reconstruction_loss: 1.0002 - vc_loss: 3.5056 - weighted_kl_loss: 0.4058
Epoch 170/200
93/93 - 53s - 575ms/step - accuracy: 0.7273 - autoencoder_loss: 1.2088 - kl_loss: 0.2096 - loss: 2.8398 - reconstruction_loss: 0.9992 - vc_loss: 3.5388 - weighted_kl_loss: 0.2096
Epoch 166/200
93/93 - 54s - 585ms/step - accuracy: 0.7146 - autoencoder_loss: 1.1715 - kl_loss: 0.1702 - loss: 2.6370 - reconstruction_loss: 1.0013 - vc_loss: 3.2650 - weighted_kl_loss: 0.1702
Epoch 170/200
93/93 - 55s - 593ms/step - accuracy: 0.7222 - autoencoder_loss: 1.5898 - kl_loss: 0.5902 - loss: 3.0505 - reconstruction_loss: 0.9996 - vc_loss: 3.6766 - weighted_kl_loss: 0.5902
Epoch 160/200
93/93 - 53s - 571ms/step - accuracy: 0.7348 - autoencoder_loss: 1.3988 - kl_loss: 0.3991 - loss: 2.9004 - reconstruction_loss: 0.9997 - vc_loss: 3.5439 - weighted_kl_loss: 0.3991
Epoch 171/200
93/93 - 54s - 582ms/step - accuracy: 0.7273 - autoencoder_loss: 1.2013 - kl_loss: 0.2012 - loss: 2.7793 - reconstruction_loss: 1.0002 - vc_loss: 3.4556 - weighted_kl_loss: 0.2012
Epoch 167/200
93/93 - 51s - 550ms/step - accuracy: 0.7146 - autoencoder_loss: 1.1625 - kl_loss: 0.1624 - loss: 2.0219 - reconstruction_loss: 1.0002 - vc_loss: 2.3901 - weighted_kl_loss: 0.1624
Epoch 171/200
93/93 - 54s - 578ms/step - accuracy: 0.7222 - autoencoder_loss: 1.5833 - kl_loss: 0.5837 - loss: 3.3744 - reconstruction_loss: 0.9996 - vc_loss: 4.1419 - weighted_kl_loss: 0.5837
Epoch 161/200
93/93 - 56s - 599ms/step - accuracy: 0.7348 - autoencoder_loss: 1.3888 - kl_loss: 0.3886 - loss: 2.9390 - reconstruction_loss: 1.0002 - vc_loss: 3.6034 - weighted_kl_loss: 0.3886
Epoch 172/200
93/93 - 55s - 591ms/step - accuracy: 0.7273 - autoencoder_loss: 1.1931 - kl_loss: 0.1930 - loss: 2.3227 - reconstruction_loss: 1.0001 - vc_loss: 2.8068 - weighted_kl_loss: 0.1930
Epoch 168/200
93/93 - 55s - 588ms/step - accuracy: 0.7146 - autoencoder_loss: 1.1514 - kl_loss: 0.1510 - loss: 2.3802 - reconstruction_loss: 1.0004 - vc_loss: 2.9067 - weighted_kl_loss: 0.1510
Epoch 172/200
93/93 - 55s - 592ms/step - accuracy: 0.7222 - autoencoder_loss: 1.5746 - kl_loss: 0.5752 - loss: 3.0147 - reconstruction_loss: 0.9994 - vc_loss: 3.6319 - weighted_kl_loss: 0.5752
Epoch 162/200
93/93 - 53s - 571ms/step - accuracy: 0.7348 - autoencoder_loss: 1.3886 - kl_loss: 0.3891 - loss: 3.1262 - reconstruction_loss: 0.9996 - vc_loss: 3.8708 - weighted_kl_loss: 0.3891
Epoch 173/200
93/93 - 54s - 576ms/step - accuracy: 0.7273 - autoencoder_loss: 1.1905 - kl_loss: 0.1899 - loss: 2.5015 - reconstruction_loss: 1.0006 - vc_loss: 3.0634 - weighted_kl_loss: 0.1899
Epoch 169/200
93/93 - 52s - 555ms/step - accuracy: 0.7146 - autoencoder_loss: 1.1433 - kl_loss: 0.1430 - loss: 2.4331 - reconstruction_loss: 1.0003 - vc_loss: 2.9859 - weighted_kl_loss: 0.1430
Epoch 173/200
93/93 - 54s - 576ms/step - accuracy: 0.7222 - autoencoder_loss: 1.5415 - kl_loss: 0.5418 - loss: 2.9025 - reconstruction_loss: 0.9997 - vc_loss: 3.4857 - weighted_kl_loss: 0.5418
Epoch 163/200
93/93 - 53s - 565ms/step - accuracy: 0.7348 - autoencoder_loss: 1.4011 - kl_loss: 0.4017 - loss: 2.9533 - reconstruction_loss: 0.9994 - vc_loss: 3.6185 - weighted_kl_loss: 0.4017
Epoch 174/200
93/93 - 53s - 568ms/step - accuracy: 0.7273 - autoencoder_loss: 1.1833 - kl_loss: 0.1838 - loss: 2.3505 - reconstruction_loss: 0.9995 - vc_loss: 2.8507 - weighted_kl_loss: 0.1838
Epoch 170/200
93/93 - 51s - 547ms/step - accuracy: 0.7146 - autoencoder_loss: 1.1346 - kl_loss: 0.1342 - loss: 2.8663 - reconstruction_loss: 1.0004 - vc_loss: 3.6084 - weighted_kl_loss: 0.1342
Epoch 174/200
93/93 - 52s - 562ms/step - accuracy: 0.7222 - autoencoder_loss: 1.5248 - kl_loss: 0.5248 - loss: 2.8696 - reconstruction_loss: 0.9999 - vc_loss: 3.4460 - weighted_kl_loss: 0.5248
Epoch 164/200
93/93 - 52s - 557ms/step - accuracy: 0.7348 - autoencoder_loss: 1.4046 - kl_loss: 0.4037 - loss: 3.3100 - reconstruction_loss: 1.0009 - vc_loss: 4.1266 - weighted_kl_loss: 0.4037
Epoch 175/200
93/93 - 51s - 544ms/step - accuracy: 0.7273 - autoencoder_loss: 1.2141 - kl_loss: 0.2137 - loss: 2.5515 - reconstruction_loss: 1.0003 - vc_loss: 3.1247 - weighted_kl_loss: 0.2137
Epoch 171/200
93/93 - 50s - 536ms/step - accuracy: 0.7146 - autoencoder_loss: 1.1263 - kl_loss: 0.1261 - loss: 2.0728 - reconstruction_loss: 1.0002 - vc_loss: 2.4784 - weighted_kl_loss: 0.1261
Epoch 175/200
93/93 - 52s - 560ms/step - accuracy: 0.7222 - autoencoder_loss: 1.5226 - kl_loss: 0.5228 - loss: 3.2459 - reconstruction_loss: 0.9998 - vc_loss: 3.9845 - weighted_kl_loss: 0.5228
Epoch 165/200
93/93 - 53s - 568ms/step - accuracy: 0.7348 - autoencoder_loss: 1.3919 - kl_loss: 0.3920 - loss: 3.5586 - reconstruction_loss: 0.9998 - vc_loss: 4.4871 - weighted_kl_loss: 0.3920
Epoch 176/200
93/93 - 54s - 576ms/step - accuracy: 0.7273 - autoencoder_loss: 1.2801 - kl_loss: 0.2801 - loss: 3.1452 - reconstruction_loss: 1.0000 - vc_loss: 3.9445 - weighted_kl_loss: 0.2801
Epoch 172/200
93/93 - 50s - 542ms/step - accuracy: 0.7146 - autoencoder_loss: 1.1205 - kl_loss: 0.1213 - loss: 2.3050 - reconstruction_loss: 0.9992 - vc_loss: 2.8127 - weighted_kl_loss: 0.1213
Epoch 176/200
93/93 - 52s - 559ms/step - accuracy: 0.7222 - autoencoder_loss: 1.5061 - kl_loss: 0.5065 - loss: 2.8222 - reconstruction_loss: 0.9996 - vc_loss: 3.3862 - weighted_kl_loss: 0.5065
Epoch 166/200
93/93 - 51s - 549ms/step - accuracy: 0.7348 - autoencoder_loss: 1.3851 - kl_loss: 0.3838 - loss: 3.2989 - reconstruction_loss: 1.0014 - vc_loss: 4.1191 - weighted_kl_loss: 0.3838
Epoch 177/200
93/93 - 53s - 565ms/step - accuracy: 0.7273 - autoencoder_loss: 1.2686 - kl_loss: 0.2692 - loss: 2.4895 - reconstruction_loss: 0.9994 - vc_loss: 3.0128 - weighted_kl_loss: 0.2692
Epoch 173/200
93/93 - 51s - 544ms/step - accuracy: 0.7146 - autoencoder_loss: 1.1193 - kl_loss: 0.1193 - loss: 2.4164 - reconstruction_loss: 1.0000 - vc_loss: 2.9723 - weighted_kl_loss: 0.1193
Epoch 177/200
93/93 - 51s - 552ms/step - accuracy: 0.7222 - autoencoder_loss: 1.4934 - kl_loss: 0.4933 - loss: 2.9180 - reconstruction_loss: 1.0001 - vc_loss: 3.5285 - weighted_kl_loss: 0.4933
Epoch 167/200
93/93 - 50s - 537ms/step - accuracy: 0.7348 - autoencoder_loss: 1.3752 - kl_loss: 0.3758 - loss: 2.9274 - reconstruction_loss: 0.9994 - vc_loss: 3.5927 - weighted_kl_loss: 0.3758
Epoch 178/200
93/93 - 50s - 540ms/step - accuracy: 0.7273 - autoencoder_loss: 1.2505 - kl_loss: 0.2511 - loss: 2.3066 - reconstruction_loss: 0.9995 - vc_loss: 2.7592 - weighted_kl_loss: 0.2511
Epoch 174/200
93/93 - 49s - 529ms/step - accuracy: 0.7146 - autoencoder_loss: 1.1146 - kl_loss: 0.1142 - loss: 2.9702 - reconstruction_loss: 1.0004 - vc_loss: 3.7655 - weighted_kl_loss: 0.1142
Epoch 178/200
93/93 - 51s - 552ms/step - accuracy: 0.7222 - autoencoder_loss: 1.4814 - kl_loss: 0.4822 - loss: 2.7430 - reconstruction_loss: 0.9992 - vc_loss: 3.2836 - weighted_kl_loss: 0.4822
Epoch 168/200
93/93 - 49s - 529ms/step - accuracy: 0.7273 - autoencoder_loss: 1.2411 - kl_loss: 0.2411 - loss: 3.0347 - reconstruction_loss: 1.0000 - vc_loss: 3.8034 - weighted_kl_loss: 0.2411
Epoch 175/200
93/93 - 48s - 519ms/step - accuracy: 0.7146 - autoencoder_loss: 1.1073 - kl_loss: 0.1078 - loss: 2.8317 - reconstruction_loss: 0.9995 - vc_loss: 3.5707 - weighted_kl_loss: 0.1078
Epoch 179/200
93/93 - 81s - 872ms/step - accuracy: 0.7348 - autoencoder_loss: 1.3587 - kl_loss: 0.3587 - loss: 3.0985 - reconstruction_loss: 1.0000 - vc_loss: 3.8442 - weighted_kl_loss: 0.3587
Epoch 179/200
93/93 - 51s - 550ms/step - accuracy: 0.7222 - autoencoder_loss: 1.4653 - kl_loss: 0.4657 - loss: 2.5502 - reconstruction_loss: 0.9996 - vc_loss: 3.0152 - weighted_kl_loss: 0.4657
Epoch 169/200
93/93 - 52s - 559ms/step - accuracy: 0.7273 - autoencoder_loss: 1.2302 - kl_loss: 0.2309 - loss: 3.1183 - reconstruction_loss: 0.9993 - vc_loss: 3.9275 - weighted_kl_loss: 0.2309
Epoch 176/200
93/93 - 48s - 520ms/step - accuracy: 0.7146 - autoencoder_loss: 1.1022 - kl_loss: 0.1023 - loss: 2.5099 - reconstruction_loss: 0.9999 - vc_loss: 3.1132 - weighted_kl_loss: 0.1023
Epoch 180/200
93/93 - 52s - 555ms/step - accuracy: 0.7348 - autoencoder_loss: 1.3620 - kl_loss: 0.3620 - loss: 2.6382 - reconstruction_loss: 1.0000 - vc_loss: 3.1851 - weighted_kl_loss: 0.3620
Epoch 180/200
93/93 - 53s - 568ms/step - accuracy: 0.7222 - autoencoder_loss: 1.4598 - kl_loss: 0.4597 - loss: 2.8584 - reconstruction_loss: 1.0001 - vc_loss: 3.4578 - weighted_kl_loss: 0.4597
Epoch 170/200
93/93 - 53s - 569ms/step - accuracy: 0.7273 - autoencoder_loss: 1.2229 - kl_loss: 0.2237 - loss: 2.6356 - reconstruction_loss: 0.9992 - vc_loss: 3.2411 - weighted_kl_loss: 0.2237
Epoch 177/200
93/93 - 49s - 528ms/step - accuracy: 0.7146 - autoencoder_loss: 1.0971 - kl_loss: 0.0961 - loss: 2.4723 - reconstruction_loss: 1.0010 - vc_loss: 3.0616 - weighted_kl_loss: 0.0961
Epoch 181/200
93/93 - 49s - 529ms/step - accuracy: 0.7348 - autoencoder_loss: 1.3643 - kl_loss: 0.3648 - loss: 3.1516 - reconstruction_loss: 0.9995 - vc_loss: 3.9176 - weighted_kl_loss: 0.3648
Epoch 181/200
93/93 - 48s - 519ms/step - accuracy: 0.7146 - autoencoder_loss: 1.0963 - kl_loss: 0.0969 - loss: 1.9675 - reconstruction_loss: 0.9994 - vc_loss: 2.3408 - weighted_kl_loss: 0.0969
Epoch 182/200
93/93 - 51s - 544ms/step - accuracy: 0.7273 - autoencoder_loss: 1.2235 - kl_loss: 0.2221 - loss: 2.8023 - reconstruction_loss: 1.0014 - vc_loss: 3.4790 - weighted_kl_loss: 0.2221
Epoch 178/200
93/93 - 80s - 864ms/step - accuracy: 0.7222 - autoencoder_loss: 1.4490 - kl_loss: 0.4497 - loss: 2.9584 - reconstruction_loss: 0.9993 - vc_loss: 3.6052 - weighted_kl_loss: 0.4497
Epoch 171/200
93/93 - 52s - 561ms/step - accuracy: 0.7348 - autoencoder_loss: 1.3944 - kl_loss: 0.3938 - loss: 3.3239 - reconstruction_loss: 1.0005 - vc_loss: 4.1509 - weighted_kl_loss: 0.3938
Epoch 182/200
93/93 - 51s - 548ms/step - accuracy: 0.7146 - autoencoder_loss: 1.1170 - kl_loss: 0.1166 - loss: 2.7486 - reconstruction_loss: 1.0004 - vc_loss: 3.4479 - weighted_kl_loss: 0.1166
Epoch 183/200
93/93 - 53s - 573ms/step - accuracy: 0.7273 - autoencoder_loss: 1.2203 - kl_loss: 0.2203 - loss: 2.9356 - reconstruction_loss: 1.0000 - vc_loss: 3.6707 - weighted_kl_loss: 0.2203
Epoch 179/200
93/93 - 53s - 572ms/step - accuracy: 0.7222 - autoencoder_loss: 1.4389 - kl_loss: 0.4391 - loss: 3.2980 - reconstruction_loss: 0.9999 - vc_loss: 4.0947 - weighted_kl_loss: 0.4391
Epoch 172/200
93/93 - 54s - 576ms/step - accuracy: 0.7146 - autoencoder_loss: 1.1153 - kl_loss: 0.1156 - loss: 2.8790 - reconstruction_loss: 0.9996 - vc_loss: 3.6348 - weighted_kl_loss: 0.1156
Epoch 184/200
93/93 - 83s - 892ms/step - accuracy: 0.7348 - autoencoder_loss: 1.3828 - kl_loss: 0.3820 - loss: 3.1072 - reconstruction_loss: 1.0008 - vc_loss: 3.8462 - weighted_kl_loss: 0.3820
Epoch 183/200
93/93 - 55s - 592ms/step - accuracy: 0.7273 - autoencoder_loss: 1.2125 - kl_loss: 0.2119 - loss: 2.7185 - reconstruction_loss: 1.0007 - vc_loss: 3.3640 - weighted_kl_loss: 0.2119
Epoch 180/200
93/93 - 54s - 585ms/step - accuracy: 0.7222 - autoencoder_loss: 1.4219 - kl_loss: 0.4225 - loss: 3.0337 - reconstruction_loss: 0.9995 - vc_loss: 3.7245 - weighted_kl_loss: 0.4225
Epoch 173/200
93/93 - 51s - 550ms/step - accuracy: 0.7146 - autoencoder_loss: 1.1052 - kl_loss: 0.1058 - loss: 2.6484 - reconstruction_loss: 0.9994 - vc_loss: 3.3098 - weighted_kl_loss: 0.1058
Epoch 185/200
93/93 - 51s - 549ms/step - accuracy: 0.7348 - autoencoder_loss: 1.3779 - kl_loss: 0.3780 - loss: 3.4761 - reconstruction_loss: 0.9999 - vc_loss: 4.3753 - weighted_kl_loss: 0.3780
Epoch 184/200
93/93 - 53s - 572ms/step - accuracy: 0.7273 - autoencoder_loss: 1.2015 - kl_loss: 0.2021 - loss: 2.4258 - reconstruction_loss: 0.9994 - vc_loss: 2.9504 - weighted_kl_loss: 0.2021
Epoch 181/200
93/93 - 52s - 564ms/step - accuracy: 0.7222 - autoencoder_loss: 1.4282 - kl_loss: 0.4283 - loss: 3.0531 - reconstruction_loss: 0.9999 - vc_loss: 3.7495 - weighted_kl_loss: 0.4283
Epoch 174/200
93/93 - 50s - 536ms/step - accuracy: 0.7146 - autoencoder_loss: 1.1052 - kl_loss: 0.0983 - loss: 2.7233 - reconstruction_loss: 1.0069 - vc_loss: 3.4167 - weighted_kl_loss: 0.0983
Epoch 186/200
93/93 - 51s - 551ms/step - accuracy: 0.7348 - autoencoder_loss: 1.3638 - kl_loss: 0.3637 - loss: 3.1789 - reconstruction_loss: 1.0001 - vc_loss: 3.9569 - weighted_kl_loss: 0.3637
Epoch 185/200
93/93 - 52s - 564ms/step - accuracy: 0.7273 - autoencoder_loss: 1.1881 - kl_loss: 0.1874 - loss: 2.7385 - reconstruction_loss: 1.0006 - vc_loss: 3.4029 - weighted_kl_loss: 0.1874
Epoch 182/200
93/93 - 53s - 573ms/step - accuracy: 0.7222 - autoencoder_loss: 1.4166 - kl_loss: 0.4172 - loss: 3.2641 - reconstruction_loss: 0.9994 - vc_loss: 4.0559 - weighted_kl_loss: 0.4172
Epoch 175/200
93/93 - 53s - 573ms/step - accuracy: 0.7146 - autoencoder_loss: 1.1168 - kl_loss: 0.1175 - loss: 2.6302 - reconstruction_loss: 0.9993 - vc_loss: 3.2787 - weighted_kl_loss: 0.1175
Epoch 187/200
93/93 - 55s - 590ms/step - accuracy: 0.7348 - autoencoder_loss: 1.3512 - kl_loss: 0.3516 - loss: 2.5878 - reconstruction_loss: 0.9996 - vc_loss: 3.1178 - weighted_kl_loss: 0.3516
Epoch 186/200
93/93 - 56s - 597ms/step - accuracy: 0.7273 - autoencoder_loss: 1.1773 - kl_loss: 0.1778 - loss: 2.4924 - reconstruction_loss: 0.9995 - vc_loss: 3.0560 - weighted_kl_loss: 0.1778
Epoch 183/200
93/93 - 54s - 582ms/step - accuracy: 0.7222 - autoencoder_loss: 1.4023 - kl_loss: 0.4032 - loss: 3.1212 - reconstruction_loss: 0.9992 - vc_loss: 3.8578 - weighted_kl_loss: 0.4032
Epoch 176/200
93/93 - 50s - 543ms/step - accuracy: 0.7146 - autoencoder_loss: 1.1354 - kl_loss: 0.1345 - loss: 2.3961 - reconstruction_loss: 1.0009 - vc_loss: 2.9365 - weighted_kl_loss: 0.1345
Epoch 188/200
93/93 - 50s - 543ms/step - accuracy: 0.7348 - autoencoder_loss: 1.3480 - kl_loss: 0.3483 - loss: 2.7304 - reconstruction_loss: 0.9997 - vc_loss: 3.3229 - weighted_kl_loss: 0.3483
Epoch 187/200
93/93 - 54s - 579ms/step - accuracy: 0.7273 - autoencoder_loss: 1.1720 - kl_loss: 0.1722 - loss: 2.5590 - reconstruction_loss: 0.9999 - vc_loss: 3.1534 - weighted_kl_loss: 0.1722
Epoch 184/200
93/93 - 55s - 595ms/step - accuracy: 0.7222 - autoencoder_loss: 1.3862 - kl_loss: 0.3864 - loss: 2.9631 - reconstruction_loss: 0.9998 - vc_loss: 3.6390 - weighted_kl_loss: 0.3864
Epoch 177/200
93/93 - 52s - 561ms/step - accuracy: 0.7146 - autoencoder_loss: 1.1299 - kl_loss: 0.1298 - loss: 2.5680 - reconstruction_loss: 1.0001 - vc_loss: 3.1843 - weighted_kl_loss: 0.1298
Epoch 189/200
93/93 - 54s - 578ms/step - accuracy: 0.7348 - autoencoder_loss: 1.3374 - kl_loss: 0.3378 - loss: 2.9509 - reconstruction_loss: 0.9996 - vc_loss: 3.6424 - weighted_kl_loss: 0.3378
Epoch 188/200
93/93 - 52s - 561ms/step - accuracy: 0.7273 - autoencoder_loss: 1.1643 - kl_loss: 0.1649 - loss: 2.4428 - reconstruction_loss: 0.9995 - vc_loss: 2.9908 - weighted_kl_loss: 0.1649
Epoch 185/200
93/93 - 52s - 562ms/step - accuracy: 0.7222 - autoencoder_loss: 1.3787 - kl_loss: 0.3792 - loss: 2.7290 - reconstruction_loss: 0.9995 - vc_loss: 3.3077 - weighted_kl_loss: 0.3792
Epoch 178/200
93/93 - 50s - 540ms/step - accuracy: 0.7146 - autoencoder_loss: 1.1240 - kl_loss: 0.1244 - loss: 2.9044 - reconstruction_loss: 0.9997 - vc_loss: 3.6674 - weighted_kl_loss: 0.1244
Epoch 190/200
93/93 - 50s - 539ms/step - accuracy: 0.7348 - autoencoder_loss: 1.3268 - kl_loss: 0.3272 - loss: 2.6383 - reconstruction_loss: 0.9996 - vc_loss: 3.2004 - weighted_kl_loss: 0.3272
Epoch 189/200
93/93 - 51s - 550ms/step - accuracy: 0.7273 - autoencoder_loss: 1.1579 - kl_loss: 0.1576 - loss: 2.5546 - reconstruction_loss: 1.0003 - vc_loss: 3.1533 - weighted_kl_loss: 0.1576
Epoch 186/200
93/93 - 50s - 540ms/step - accuracy: 0.7222 - autoencoder_loss: 1.3637 - kl_loss: 0.3643 - loss: 2.5057 - reconstruction_loss: 0.9995 - vc_loss: 2.9951 - weighted_kl_loss: 0.3643
Epoch 179/200
93/93 - 50s - 533ms/step - accuracy: 0.7146 - autoencoder_loss: 1.1060 - kl_loss: 0.1069 - loss: 2.7483 - reconstruction_loss: 0.9991 - vc_loss: 3.4521 - weighted_kl_loss: 0.1069
Epoch 191/200
93/93 - 49s - 523ms/step - accuracy: 0.7348 - autoencoder_loss: 1.3120 - kl_loss: 0.3125 - loss: 2.4213 - reconstruction_loss: 0.9995 - vc_loss: 2.8967 - weighted_kl_loss: 0.3125
Epoch 190/200
93/93 - 51s - 548ms/step - accuracy: 0.7273 - autoencoder_loss: 1.1525 - kl_loss: 0.1529 - loss: 2.3725 - reconstruction_loss: 0.9995 - vc_loss: 2.8953 - weighted_kl_loss: 0.1529
Epoch 187/200
93/93 - 49s - 530ms/step - accuracy: 0.7146 - autoencoder_loss: 1.0942 - kl_loss: 0.0946 - loss: 2.6285 - reconstruction_loss: 0.9996 - vc_loss: 3.2860 - weighted_kl_loss: 0.0946
Epoch 192/200
93/93 - 52s - 559ms/step - accuracy: 0.7348 - autoencoder_loss: 1.3098 - kl_loss: 0.3081 - loss: 2.6631 - reconstruction_loss: 1.0017 - vc_loss: 3.2431 - weighted_kl_loss: 0.3081
Epoch 191/200
93/93 - 86s - 920ms/step - accuracy: 0.7222 - autoencoder_loss: 1.3607 - kl_loss: 0.3610 - loss: 3.2885 - reconstruction_loss: 0.9997 - vc_loss: 4.1147 - weighted_kl_loss: 0.3610
Epoch 180/200
93/93 - 54s - 581ms/step - accuracy: 0.7273 - autoencoder_loss: 1.1442 - kl_loss: 0.1444 - loss: 2.3704 - reconstruction_loss: 0.9999 - vc_loss: 2.8959 - weighted_kl_loss: 0.1444
Epoch 188/200
93/93 - 49s - 526ms/step - accuracy: 0.7146 - autoencoder_loss: 1.0878 - kl_loss: 0.0880 - loss: 2.1229 - reconstruction_loss: 0.9998 - vc_loss: 2.5665 - weighted_kl_loss: 0.0880
Epoch 193/200
93/93 - 51s - 548ms/step - accuracy: 0.7348 - autoencoder_loss: 1.3007 - kl_loss: 0.3011 - loss: 2.4353 - reconstruction_loss: 0.9996 - vc_loss: 2.9215 - weighted_kl_loss: 0.3011
Epoch 192/200
93/93 - 51s - 551ms/step - accuracy: 0.7222 - autoencoder_loss: 1.3604 - kl_loss: 0.3609 - loss: 2.7672 - reconstruction_loss: 0.9996 - vc_loss: 3.3701 - weighted_kl_loss: 0.3609
Epoch 181/200
93/93 - 54s - 580ms/step - accuracy: 0.7273 - autoencoder_loss: 1.1281 - kl_loss: 0.1278 - loss: 2.7133 - reconstruction_loss: 1.0003 - vc_loss: 3.3927 - weighted_kl_loss: 0.1278
Epoch 189/200
93/93 - 54s - 575ms/step - accuracy: 0.7146 - autoencoder_loss: 1.0702 - kl_loss: 0.0696 - loss: 2.2558 - reconstruction_loss: 1.0006 - vc_loss: 2.7639 - weighted_kl_loss: 0.0696
Epoch 194/200
93/93 - 56s - 597ms/step - accuracy: 0.7348 - autoencoder_loss: 1.2911 - kl_loss: 0.2914 - loss: 2.6536 - reconstruction_loss: 0.9997 - vc_loss: 3.2375 - weighted_kl_loss: 0.2914
Epoch 193/200
93/93 - 57s - 614ms/step - accuracy: 0.7222 - autoencoder_loss: 1.3882 - kl_loss: 0.3887 - loss: 2.9996 - reconstruction_loss: 0.9995 - vc_loss: 3.6902 - weighted_kl_loss: 0.3887
Epoch 182/200
93/93 - 56s - 607ms/step - accuracy: 0.7273 - autoencoder_loss: 1.1204 - kl_loss: 0.1208 - loss: 2.7712 - reconstruction_loss: 0.9996 - vc_loss: 3.4787 - weighted_kl_loss: 0.1208
Epoch 190/200
93/93 - 54s - 582ms/step - accuracy: 0.7146 - autoencoder_loss: 1.0633 - kl_loss: 0.0641 - loss: 2.7925 - reconstruction_loss: 0.9992 - vc_loss: 3.5335 - weighted_kl_loss: 0.0641
Epoch 195/200
93/93 - 53s - 565ms/step - accuracy: 0.7348 - autoencoder_loss: 1.2821 - kl_loss: 0.2827 - loss: 2.7245 - reconstruction_loss: 0.9994 - vc_loss: 3.3427 - weighted_kl_loss: 0.2827
Epoch 194/200
93/93 - 55s - 587ms/step - accuracy: 0.7222 - autoencoder_loss: 1.3812 - kl_loss: 0.3804 - loss: 2.4119 - reconstruction_loss: 1.0008 - vc_loss: 2.8536 - weighted_kl_loss: 0.3804
Epoch 183/200
93/93 - 51s - 546ms/step - accuracy: 0.7273 - autoencoder_loss: 1.1173 - kl_loss: 0.1181 - loss: 2.7132 - reconstruction_loss: 0.9992 - vc_loss: 3.3972 - weighted_kl_loss: 0.1181
Epoch 191/200
93/93 - 48s - 521ms/step - accuracy: 0.7146 - autoencoder_loss: 1.0604 - kl_loss: 0.0612 - loss: 2.3226 - reconstruction_loss: 0.9992 - vc_loss: 2.8635 - weighted_kl_loss: 0.0612
Epoch 196/200
93/93 - 50s - 539ms/step - accuracy: 0.7348 - autoencoder_loss: 1.2764 - kl_loss: 0.2768 - loss: 2.5890 - reconstruction_loss: 0.9996 - vc_loss: 3.1515 - weighted_kl_loss: 0.2768
Epoch 195/200
93/93 - 51s - 553ms/step - accuracy: 0.7222 - autoencoder_loss: 1.3557 - kl_loss: 0.3559 - loss: 2.7718 - reconstruction_loss: 0.9998 - vc_loss: 3.3786 - weighted_kl_loss: 0.3559
Epoch 184/200
93/93 - 55s - 589ms/step - accuracy: 0.7273 - autoencoder_loss: 1.1104 - kl_loss: 0.1105 - loss: 2.2840 - reconstruction_loss: 0.9999 - vc_loss: 2.7869 - weighted_kl_loss: 0.1105
Epoch 192/200
93/93 - 53s - 572ms/step - accuracy: 0.7146 - autoencoder_loss: 1.0594 - kl_loss: 0.0581 - loss: 2.1417 - reconstruction_loss: 1.0012 - vc_loss: 2.6055 - weighted_kl_loss: 0.0581
Epoch 197/200
93/93 - 54s - 583ms/step - accuracy: 0.7348 - autoencoder_loss: 1.2980 - kl_loss: 0.2986 - loss: 4.2835 - reconstruction_loss: 0.9993 - vc_loss: 5.5631 - weighted_kl_loss: 0.2986
Epoch 196/200
93/93 - 57s - 614ms/step - accuracy: 0.7222 - autoencoder_loss: 1.3517 - kl_loss: 0.3523 - loss: 2.7940 - reconstruction_loss: 0.9994 - vc_loss: 3.4121 - weighted_kl_loss: 0.3523
Epoch 185/200
93/93 - 55s - 591ms/step - accuracy: 0.7273 - autoencoder_loss: 1.1035 - kl_loss: 0.1039 - loss: 3.7285 - reconstruction_loss: 0.9997 - vc_loss: 4.8535 - weighted_kl_loss: 0.1039
Epoch 193/200
93/93 - 53s - 566ms/step - accuracy: 0.7146 - autoencoder_loss: 1.0569 - kl_loss: 0.0563 - loss: 2.0461 - reconstruction_loss: 1.0006 - vc_loss: 2.4700 - weighted_kl_loss: 0.0563
Epoch 198/200
93/93 - 53s - 573ms/step - accuracy: 0.7348 - autoencoder_loss: 1.2683 - kl_loss: 0.2682 - loss: 3.1302 - reconstruction_loss: 1.0001 - vc_loss: 3.9281 - weighted_kl_loss: 0.2682
Epoch 197/200
93/93 - 53s - 568ms/step - accuracy: 0.7222 - autoencoder_loss: 1.3422 - kl_loss: 0.3410 - loss: 2.5573 - reconstruction_loss: 1.0012 - vc_loss: 3.0780 - weighted_kl_loss: 0.3410
Epoch 186/200
93/93 - 52s - 559ms/step - accuracy: 0.7273 - autoencoder_loss: 1.1004 - kl_loss: 0.1011 - loss: 2.8818 - reconstruction_loss: 0.9993 - vc_loss: 3.6452 - weighted_kl_loss: 0.1011
Epoch 194/200
93/93 - 48s - 521ms/step - accuracy: 0.7146 - autoencoder_loss: 1.0545 - kl_loss: 0.0546 - loss: 2.4130 - reconstruction_loss: 0.9999 - vc_loss: 2.9952 - weighted_kl_loss: 0.0546
Epoch 199/200
93/93 - 51s - 545ms/step - accuracy: 0.7348 - autoencoder_loss: 1.2620 - kl_loss: 0.2620 - loss: 2.4912 - reconstruction_loss: 1.0000 - vc_loss: 3.0181 - weighted_kl_loss: 0.2620
Epoch 198/200
93/93 - 51s - 551ms/step - accuracy: 0.7222 - autoencoder_loss: 1.3265 - kl_loss: 0.3261 - loss: 2.7562 - reconstruction_loss: 1.0004 - vc_loss: 3.3690 - weighted_kl_loss: 0.3261
Epoch 187/200
93/93 - 52s - 554ms/step - accuracy: 0.7273 - autoencoder_loss: 1.0979 - kl_loss: 0.0985 - loss: 2.4830 - reconstruction_loss: 0.9993 - vc_loss: 3.0766 - weighted_kl_loss: 0.0985
Epoch 195/200
93/93 - 51s - 548ms/step - accuracy: 0.7146 - autoencoder_loss: 1.0536 - kl_loss: 0.0543 - loss: 2.8946 - reconstruction_loss: 0.9993 - vc_loss: 3.6836 - weighted_kl_loss: 0.0543
Epoch 200/200
93/93 - 54s - 582ms/step - accuracy: 0.7348 - autoencoder_loss: 1.2556 - kl_loss: 0.2546 - loss: 2.8128 - reconstruction_loss: 1.0010 - vc_loss: 3.4802 - weighted_kl_loss: 0.2546
Epoch 199/200
93/93 - 55s - 591ms/step - accuracy: 0.7222 - autoencoder_loss: 1.3171 - kl_loss: 0.3171 - loss: 2.7123 - reconstruction_loss: 1.0000 - vc_loss: 3.3103 - weighted_kl_loss: 0.3171
Epoch 188/200
93/93 - 55s - 589ms/step - accuracy: 0.7273 - autoencoder_loss: 1.1017 - kl_loss: 0.1007 - loss: 2.3532 - reconstruction_loss: 1.0010 - vc_loss: 2.8896 - weighted_kl_loss: 0.1007
Epoch 196/200
93/93 - 53s - 565ms/step - accuracy: 0.7146 - autoencoder_loss: 1.0522 - kl_loss: 0.0521 - loss: 2.4529 - reconstruction_loss: 1.0002 - vc_loss: 3.0532 - weighted_kl_loss: 0.0521
93/93 - 52s - 556ms/step - accuracy: 0.7348 - autoencoder_loss: 1.2430 - kl_loss: 0.2436 - loss: 2.6665 - reconstruction_loss: 0.9994 - vc_loss: 3.2765 - weighted_kl_loss: 0.2436
Epoch 200/200

Fold 9 metrics (trial primary)
------------------------------
                    fold: 9
        evaluation_level: trial
               n_samples: 18
               n_windows: 270
                n_trials: 18
        keras_model_loss: 1259.430420
prediction_latent_samples: 10
                    loss: 0.387251
                accuracy: 0.944444
                      f1: 0.485714
               precision: 0.472222
                  recall: 0.500000
             window_loss: 0.387251
         window_accuracy: 0.944444
               window_f1: 0.485714
        window_precision: 0.472222
           window_recall: 0.500000
              trial_loss: 0.387251
          trial_accuracy: 0.944444
                trial_f1: 0.485714
         trial_precision: 0.472222
            trial_recall: 0.500000

Per-user metrics
----------------------------------------------------------------------------------------------------
  fold=9  subject=8  n=18  evaluation_level=trial  n_windows=270  n_trials=18  loss=0.387251  accuracy=0.944444  f1=0.485714  precision=0.472222  recall=0.500000  window_loss=0.387251  window_accuracy=0.944444  window_f1=0.485714  window_precision=0.472222  window_recall=0.500000  trial_loss=0.387251  trial_accuracy=0.944444  trial_f1=0.485714  trial_precision=0.472222  trial_recall=0.500000
93/93 - 52s - 561ms/step - accuracy: 0.7222 - autoencoder_loss: 1.3109 - kl_loss: 0.3098 - loss: 2.6154 - reconstruction_loss: 1.0011 - vc_loss: 3.1745 - weighted_kl_loss: 0.3098
Epoch 189/200

[Fold  13 / 23] LOSO test subject=12 (train=5940, test=270 windows)
93/93 - 52s - 559ms/step - accuracy: 0.7273 - autoencoder_loss: 1.1004 - kl_loss: 0.1007 - loss: 2.8423 - reconstruction_loss: 0.9997 - vc_loss: 3.5888 - weighted_kl_loss: 0.1007
Epoch 197/200
Epoch 1/200
93/93 - 51s - 545ms/step - accuracy: 0.7348 - autoencoder_loss: 1.2394 - kl_loss: 0.2400 - loss: 2.5895 - reconstruction_loss: 0.9994 - vc_loss: 3.1681 - weighted_kl_loss: 0.2400
93/93 - 52s - 561ms/step - accuracy: 0.7222 - autoencoder_loss: 1.3002 - kl_loss: 0.3003 - loss: 2.6346 - reconstruction_loss: 0.9999 - vc_loss: 3.2065 - weighted_kl_loss: 0.3003
Epoch 190/200
93/93 - 51s - 544ms/step - accuracy: 0.7273 - autoencoder_loss: 1.0980 - kl_loss: 0.0976 - loss: 2.8015 - reconstruction_loss: 1.0004 - vc_loss: 3.5316 - weighted_kl_loss: 0.0976
Epoch 198/200

Fold 10 metrics (trial primary)
-------------------------------
                    fold: 10
        evaluation_level: trial
               n_samples: 18
               n_windows: 270
                n_trials: 18
        keras_model_loss: 800.364441
prediction_latent_samples: 10
                    loss: 0.818443
                accuracy: 0.500000
                      f1: 0.333333
               precision: 0.250000
                  recall: 0.500000
             window_loss: 0.818446
         window_accuracy: 0.500000
               window_f1: 0.333333
        window_precision: 0.250000
           window_recall: 0.500000
              trial_loss: 0.818443
          trial_accuracy: 0.500000
                trial_f1: 0.333333
         trial_precision: 0.250000
            trial_recall: 0.500000

Per-user metrics
----------------------------------------------------------------------------------------------------
  fold=10  subject=9  n=18  evaluation_level=trial  n_windows=270  n_trials=18  loss=0.818443  accuracy=0.500000  f1=0.333333  precision=0.250000  recall=0.500000  window_loss=0.818446  window_accuracy=0.500000  window_f1=0.333333  window_precision=0.250000  window_recall=0.500000  trial_loss=0.818443  trial_accuracy=0.500000  trial_f1=0.333333  trial_precision=0.250000  trial_recall=0.500000

[Fold  14 / 23] LOSO test subject=13 (train=5940, test=270 windows)
Epoch 1/200
93/93 - 48s - 517ms/step - accuracy: 0.7222 - autoencoder_loss: 1.2974 - kl_loss: 0.2957 - loss: 2.8276 - reconstruction_loss: 1.0018 - vc_loss: 3.4833 - weighted_kl_loss: 0.2957
Epoch 191/200
93/93 - 48s - 517ms/step - accuracy: 0.7273 - autoencoder_loss: 1.2086 - kl_loss: 0.2088 - loss: 2.7502 - reconstruction_loss: 0.9998 - vc_loss: 3.4109 - weighted_kl_loss: 0.2088
Epoch 199/200
93/93 - 49s - 532ms/step - accuracy: 0.7222 - autoencoder_loss: 1.3183 - kl_loss: 0.3189 - loss: 2.5734 - reconstruction_loss: 0.9994 - vc_loss: 3.1113 - weighted_kl_loss: 0.3189
Epoch 192/200
93/93 - 48s - 518ms/step - accuracy: 0.7273 - autoencoder_loss: 1.2383 - kl_loss: 0.2386 - loss: 2.1809 - reconstruction_loss: 0.9997 - vc_loss: 2.5849 - weighted_kl_loss: 0.2386
Epoch 200/200
93/93 - 51s - 550ms/step - accuracy: 0.7222 - autoencoder_loss: 1.3054 - kl_loss: 0.3061 - loss: 2.5648 - reconstruction_loss: 0.9993 - vc_loss: 3.1046 - weighted_kl_loss: 0.3061
Epoch 193/200
93/93 - 51s - 547ms/step - accuracy: 0.7273 - autoencoder_loss: 1.2034 - kl_loss: 0.2040 - loss: 2.6147 - reconstruction_loss: 0.9993 - vc_loss: 3.2195 - weighted_kl_loss: 0.2040

Fold 11 metrics (trial primary)
-------------------------------
                    fold: 11
        evaluation_level: trial
               n_samples: 18
               n_windows: 270
                n_trials: 18
        keras_model_loss: 60.440216
prediction_latent_samples: 10
                    loss: 0.645327
                accuracy: 0.666667
                      f1: 0.400000
               precision: 0.333333
                  recall: 0.500000
             window_loss: 0.645327
         window_accuracy: 0.666667
               window_f1: 0.400000
        window_precision: 0.333333
           window_recall: 0.500000
              trial_loss: 0.645327
          trial_accuracy: 0.666667
                trial_f1: 0.400000
         trial_precision: 0.333333
            trial_recall: 0.500000

Per-user metrics
----------------------------------------------------------------------------------------------------
  fold=11  subject=10  n=18  evaluation_level=trial  n_windows=270  n_trials=18  loss=0.645327  accuracy=0.666667  f1=0.400000  precision=0.333333  recall=0.500000  window_loss=0.645327  window_accuracy=0.666667  window_f1=0.400000  window_precision=0.333333  window_recall=0.500000  trial_loss=0.645327  trial_accuracy=0.666667  trial_f1=0.400000  trial_precision=0.333333  trial_recall=0.500000

[Fold  15 / 23] LOSO test subject=14 (train=5940, test=270 windows)
93/93 - 48s - 512ms/step - accuracy: 0.7222 - autoencoder_loss: 1.2880 - kl_loss: 0.2884 - loss: 2.9330 - reconstruction_loss: 0.9996 - vc_loss: 3.6380 - weighted_kl_loss: 0.2884
Epoch 194/200
Epoch 1/200
93/93 - 250s - 3s/step - accuracy: 0.5763 - autoencoder_loss: 40.1343 - kl_loss: 39.0695 - loss: 118.0924 - reconstruction_loss: 1.0649 - vc_loss: 151.5030 - weighted_kl_loss: 39.0695
Epoch 2/200
93/93 - 50s - 538ms/step - accuracy: 0.7222 - autoencoder_loss: 1.2733 - kl_loss: 0.2726 - loss: 2.4689 - reconstruction_loss: 1.0007 - vc_loss: 2.9812 - weighted_kl_loss: 0.2726
Epoch 195/200
93/93 - 49s - 528ms/step - accuracy: 0.7114 - autoencoder_loss: 31.8268 - kl_loss: 30.8119 - loss: 33.3768 - reconstruction_loss: 1.0150 - vc_loss: 34.0410 - weighted_kl_loss: 30.8119
Epoch 3/200
93/93 - 255s - 3s/step - accuracy: 0.6222 - autoencoder_loss: 44.6224 - kl_loss: 43.4812 - loss: 108.4369 - reconstruction_loss: 1.1412 - vc_loss: 135.7860 - weighted_kl_loss: 43.4812
Epoch 2/200
93/93 - 49s - 531ms/step - accuracy: 0.7222 - autoencoder_loss: 1.2598 - kl_loss: 0.2601 - loss: 2.2702 - reconstruction_loss: 0.9997 - vc_loss: 2.7032 - weighted_kl_loss: 0.2601
Epoch 196/200
93/93 - 48s - 516ms/step - accuracy: 0.7173 - autoencoder_loss: 23.6356 - kl_loss: 22.6295 - loss: 27.5175 - reconstruction_loss: 1.0061 - vc_loss: 29.1811 - weighted_kl_loss: 22.6295
Epoch 4/200
93/93 - 50s - 541ms/step - accuracy: 0.6933 - autoencoder_loss: 33.1830 - kl_loss: 32.1436 - loss: 33.4428 - reconstruction_loss: 1.0394 - vc_loss: 33.5542 - weighted_kl_loss: 32.1436
Epoch 3/200
93/93 - 51s - 545ms/step - accuracy: 0.7222 - autoencoder_loss: 1.2454 - kl_loss: 0.2455 - loss: 2.1901 - reconstruction_loss: 0.9999 - vc_loss: 2.5950 - weighted_kl_loss: 0.2455
Epoch 197/200
93/93 - 49s - 530ms/step - accuracy: 0.7172 - autoencoder_loss: 18.5952 - kl_loss: 17.5930 - loss: 23.5909 - reconstruction_loss: 1.0023 - vc_loss: 25.7319 - weighted_kl_loss: 17.5930
Epoch 5/200
93/93 - 49s - 531ms/step - accuracy: 0.7222 - autoencoder_loss: 1.2990 - kl_loss: 0.2991 - loss: 2.8682 - reconstruction_loss: 0.9998 - vc_loss: 3.5407 - weighted_kl_loss: 0.2991
Epoch 198/200
93/93 - 48s - 520ms/step - accuracy: 0.7172 - autoencoder_loss: 15.6088 - kl_loss: 14.6084 - loss: 22.2209 - reconstruction_loss: 1.0004 - vc_loss: 25.0546 - weighted_kl_loss: 14.6084
Epoch 6/200
93/93 - 81s - 874ms/step - accuracy: 0.7323 - autoencoder_loss: 23.8468 - kl_loss: 22.8303 - loss: 27.2414 - reconstruction_loss: 1.0165 - vc_loss: 28.6963 - weighted_kl_loss: 22.8303
Epoch 4/200
93/93 - 52s - 557ms/step - accuracy: 0.7222 - autoencoder_loss: 1.3774 - kl_loss: 0.3773 - loss: 2.8176 - reconstruction_loss: 1.0001 - vc_loss: 3.4348 - weighted_kl_loss: 0.3773
Epoch 199/200
93/93 - 254s - 3s/step - accuracy: 0.7237 - autoencoder_loss: 64.6129 - kl_loss: 63.5252 - loss: 108.7840 - reconstruction_loss: 1.0877 - vc_loss: 127.7145 - weighted_kl_loss: 63.5252
Epoch 2/200
93/93 - 50s - 532ms/step - accuracy: 0.7172 - autoencoder_loss: 13.8494 - kl_loss: 12.8490 - loss: 18.6581 - reconstruction_loss: 1.0004 - vc_loss: 20.7190 - weighted_kl_loss: 12.8490
Epoch 7/200
93/93 - 52s - 554ms/step - accuracy: 0.7323 - autoencoder_loss: 18.9119 - kl_loss: 17.9057 - loss: 23.6269 - reconstruction_loss: 1.0062 - vc_loss: 25.6476 - weighted_kl_loss: 17.9057
Epoch 5/200
93/93 - 52s - 559ms/step - accuracy: 0.7222 - autoencoder_loss: 1.3744 - kl_loss: 0.3748 - loss: 3.8385 - reconstruction_loss: 0.9996 - vc_loss: 4.8946 - weighted_kl_loss: 0.3748
Epoch 200/200
93/93 - 52s - 561ms/step - accuracy: 0.7247 - autoencoder_loss: 44.9371 - kl_loss: 43.9127 - loss: 35.5996 - reconstruction_loss: 1.0244 - vc_loss: 31.5977 - weighted_kl_loss: 43.9127
Epoch 3/200
93/93 - 51s - 548ms/step - accuracy: 0.7172 - autoencoder_loss: 13.2477 - kl_loss: 12.2480 - loss: 17.2415 - reconstruction_loss: 0.9997 - vc_loss: 18.9531 - weighted_kl_loss: 12.2480
Epoch 8/200
93/93 - 51s - 550ms/step - accuracy: 0.7323 - autoencoder_loss: 15.8134 - kl_loss: 14.8107 - loss: 19.5924 - reconstruction_loss: 1.0027 - vc_loss: 21.2120 - weighted_kl_loss: 14.8107
Epoch 6/200
93/93 - 54s - 578ms/step - accuracy: 0.7222 - autoencoder_loss: 1.3339 - kl_loss: 0.3333 - loss: 2.8825 - reconstruction_loss: 1.0006 - vc_loss: 3.5461 - weighted_kl_loss: 0.3333
93/93 - 54s - 577ms/step - accuracy: 0.7247 - autoencoder_loss: 30.4975 - kl_loss: 29.4871 - loss: 28.0631 - reconstruction_loss: 1.0104 - vc_loss: 27.0198 - weighted_kl_loss: 29.4871
Epoch 4/200
93/93 - 52s - 560ms/step - accuracy: 0.7172 - autoencoder_loss: 11.6448 - kl_loss: 10.6447 - loss: 15.3535 - reconstruction_loss: 1.0001 - vc_loss: 16.9429 - weighted_kl_loss: 10.6447
Epoch 9/200
93/93 - 52s - 557ms/step - accuracy: 0.7323 - autoencoder_loss: 13.4284 - kl_loss: 12.4275 - loss: 17.3401 - reconstruction_loss: 1.0008 - vc_loss: 19.0166 - weighted_kl_loss: 12.4275
Epoch 7/200

Fold 12 metrics (trial primary)
-------------------------------
                    fold: 12
        evaluation_level: trial
               n_samples: 18
               n_windows: 270
                n_trials: 18
        keras_model_loss: 1058.621826
prediction_latent_samples: 10
                    loss: 0.538143
                accuracy: 0.777778
                      f1: 0.437500
               precision: 0.388889
                  recall: 0.500000
             window_loss: 0.538144
         window_accuracy: 0.777778
               window_f1: 0.437500
        window_precision: 0.388889
           window_recall: 0.500000
              trial_loss: 0.538143
          trial_accuracy: 0.777778
                trial_f1: 0.437500
         trial_precision: 0.388889
            trial_recall: 0.500000

Per-user metrics
----------------------------------------------------------------------------------------------------
  fold=12  subject=11  n=18  evaluation_level=trial  n_windows=270  n_trials=18  loss=0.538143  accuracy=0.777778  f1=0.437500  precision=0.388889  recall=0.500000  window_loss=0.538144  window_accuracy=0.777778  window_f1=0.437500  window_precision=0.388889  window_recall=0.500000  trial_loss=0.538143  trial_accuracy=0.777778  trial_f1=0.437500  trial_precision=0.388889  trial_recall=0.500000

[Fold  16 / 23] LOSO test subject=15 (train=5940, test=270 windows)
Epoch 1/200
93/93 - 49s - 530ms/step - accuracy: 0.7247 - autoencoder_loss: 22.8251 - kl_loss: 21.8203 - loss: 24.3965 - reconstruction_loss: 1.0048 - vc_loss: 25.0700 - weighted_kl_loss: 21.8203
Epoch 5/200
93/93 - 50s - 538ms/step - accuracy: 0.7172 - autoencoder_loss: 10.5418 - kl_loss: 9.5424 - loss: 12.6406 - reconstruction_loss: 0.9994 - vc_loss: 13.5400 - weighted_kl_loss: 9.5424
Epoch 10/200
93/93 - 50s - 533ms/step - accuracy: 0.7323 - autoencoder_loss: 11.4882 - kl_loss: 10.4869 - loss: 15.0894 - reconstruction_loss: 1.0013 - vc_loss: 16.6328 - weighted_kl_loss: 10.4869
Epoch 8/200
93/93 - 50s - 534ms/step - accuracy: 0.7247 - autoencoder_loss: 18.2669 - kl_loss: 17.2572 - loss: 21.4353 - reconstruction_loss: 1.0096 - vc_loss: 22.7932 - weighted_kl_loss: 17.2572
Epoch 6/200
93/93 - 49s - 528ms/step - accuracy: 0.7172 - autoencoder_loss: 9.6467 - kl_loss: 8.6474 - loss: 12.4122 - reconstruction_loss: 0.9993 - vc_loss: 13.5974 - weighted_kl_loss: 8.6474
Epoch 11/200
93/93 - 49s - 522ms/step - accuracy: 0.7323 - autoencoder_loss: 9.9923 - kl_loss: 8.9921 - loss: 13.7677 - reconstruction_loss: 1.0001 - vc_loss: 15.3857 - weighted_kl_loss: 8.9921
Epoch 9/200
93/93 - 49s - 527ms/step - accuracy: 0.7172 - autoencoder_loss: 9.1484 - kl_loss: 8.1491 - loss: 11.2183 - reconstruction_loss: 0.9993 - vc_loss: 12.1054 - weighted_kl_loss: 8.1491
Epoch 12/200
93/93 - 50s - 539ms/step - accuracy: 0.7247 - autoencoder_loss: 15.7054 - kl_loss: 14.7044 - loss: 17.7449 - reconstruction_loss: 1.0010 - vc_loss: 18.6190 - weighted_kl_loss: 14.7044
Epoch 7/200
93/93 - 50s - 540ms/step - accuracy: 0.7323 - autoencoder_loss: 9.3270 - kl_loss: 8.3274 - loss: 13.2178 - reconstruction_loss: 0.9997 - vc_loss: 14.8853 - weighted_kl_loss: 8.3274
Epoch 10/200
93/93 - 50s - 538ms/step - accuracy: 0.7172 - autoencoder_loss: 8.9749 - kl_loss: 7.9756 - loss: 12.6419 - reconstruction_loss: 0.9994 - vc_loss: 14.2134 - weighted_kl_loss: 7.9756
Epoch 13/200
93/93 - 52s - 560ms/step - accuracy: 0.7247 - autoencoder_loss: 14.4664 - kl_loss: 13.4658 - loss: 17.5836 - reconstruction_loss: 1.0006 - vc_loss: 18.9195 - weighted_kl_loss: 13.4658
Epoch 8/200
93/93 - 52s - 557ms/step - accuracy: 0.7323 - autoencoder_loss: 9.1195 - kl_loss: 8.1194 - loss: 14.2963 - reconstruction_loss: 1.0001 - vc_loss: 16.5149 - weighted_kl_loss: 8.1194
Epoch 11/200
93/93 - 51s - 547ms/step - accuracy: 0.7172 - autoencoder_loss: 9.0707 - kl_loss: 8.0703 - loss: 11.8269 - reconstruction_loss: 1.0004 - vc_loss: 13.0082 - weighted_kl_loss: 8.0703
Epoch 14/200
93/93 - 50s - 535ms/step - accuracy: 0.7247 - autoencoder_loss: 12.6397 - kl_loss: 11.6397 - loss: 14.9031 - reconstruction_loss: 1.0000 - vc_loss: 15.8731 - weighted_kl_loss: 11.6397
Epoch 9/200
93/93 - 50s - 541ms/step - accuracy: 0.7323 - autoencoder_loss: 9.0623 - kl_loss: 8.0619 - loss: 11.9098 - reconstruction_loss: 1.0004 - vc_loss: 13.1302 - weighted_kl_loss: 8.0619
Epoch 12/200
93/93 - 252s - 3s/step - accuracy: 0.5800 - autoencoder_loss: 30.1217 - kl_loss: 29.0519 - loss: 107.6625 - reconstruction_loss: 1.0697 - vc_loss: 140.8943 - weighted_kl_loss: 29.0519
Epoch 2/200
93/93 - 49s - 532ms/step - accuracy: 0.7172 - autoencoder_loss: 8.5539 - kl_loss: 7.5542 - loss: 10.7060 - reconstruction_loss: 0.9997 - vc_loss: 11.6284 - weighted_kl_loss: 7.5542
Epoch 15/200
93/93 - 52s - 555ms/step - accuracy: 0.7247 - autoencoder_loss: 12.1695 - kl_loss: 11.1683 - loss: 13.1161 - reconstruction_loss: 1.0013 - vc_loss: 13.5218 - weighted_kl_loss: 11.1683
Epoch 10/200
93/93 - 51s - 552ms/step - accuracy: 0.7323 - autoencoder_loss: 8.8050 - kl_loss: 7.8053 - loss: 10.9580 - reconstruction_loss: 0.9996 - vc_loss: 11.8808 - weighted_kl_loss: 7.8053
Epoch 13/200
93/93 - 55s - 594ms/step - accuracy: 0.6924 - autoencoder_loss: 24.3196 - kl_loss: 23.3027 - loss: 30.8189 - reconstruction_loss: 1.0170 - vc_loss: 33.6044 - weighted_kl_loss: 23.3027
Epoch 3/200
93/93 - 55s - 588ms/step - accuracy: 0.7172 - autoencoder_loss: 8.0491 - kl_loss: 7.0498 - loss: 9.2321 - reconstruction_loss: 0.9993 - vc_loss: 9.7391 - weighted_kl_loss: 7.0498
Epoch 16/200
93/93 - 56s - 601ms/step - accuracy: 0.7247 - autoencoder_loss: 12.5308 - kl_loss: 11.5310 - loss: 13.0601 - reconstruction_loss: 0.9998 - vc_loss: 13.2869 - weighted_kl_loss: 11.5310
Epoch 11/200
93/93 - 55s - 592ms/step - accuracy: 0.7323 - autoencoder_loss: 9.1029 - kl_loss: 8.1034 - loss: 11.3510 - reconstruction_loss: 0.9995 - vc_loss: 12.3145 - weighted_kl_loss: 8.1034
Epoch 14/200
93/93 - 55s - 589ms/step - accuracy: 0.7298 - autoencoder_loss: 18.1807 - kl_loss: 17.1744 - loss: 26.1091 - reconstruction_loss: 1.0063 - vc_loss: 29.5069 - weighted_kl_loss: 17.1744
Epoch 4/200
93/93 - 53s - 568ms/step - accuracy: 0.7172 - autoencoder_loss: 7.8143 - kl_loss: 6.8149 - loss: 8.5648 - reconstruction_loss: 0.9994 - vc_loss: 8.8864 - weighted_kl_loss: 6.8149
Epoch 17/200
93/93 - 53s - 573ms/step - accuracy: 0.7247 - autoencoder_loss: 12.2152 - kl_loss: 11.2133 - loss: 11.7883 - reconstruction_loss: 1.0019 - vc_loss: 11.6054 - weighted_kl_loss: 11.2133
Epoch 12/200
93/93 - 51s - 546ms/step - accuracy: 0.7323 - autoencoder_loss: 8.9806 - kl_loss: 7.9803 - loss: 9.9186 - reconstruction_loss: 1.0003 - vc_loss: 10.3205 - weighted_kl_loss: 7.9803
Epoch 15/200
93/93 - 52s - 554ms/step - accuracy: 0.7298 - autoencoder_loss: 14.4632 - kl_loss: 13.4603 - loss: 22.4108 - reconstruction_loss: 1.0029 - vc_loss: 25.8170 - weighted_kl_loss: 13.4603
Epoch 5/200
93/93 - 51s - 554ms/step - accuracy: 0.7247 - autoencoder_loss: 11.6577 - kl_loss: 10.6583 - loss: 11.4122 - reconstruction_loss: 0.9994 - vc_loss: 11.3070 - weighted_kl_loss: 10.6583
Epoch 13/200
93/93 - 51s - 546ms/step - accuracy: 0.7323 - autoencoder_loss: 8.9037 - kl_loss: 7.9038 - loss: 9.5420 - reconstruction_loss: 0.9999 - vc_loss: 9.8156 - weighted_kl_loss: 7.9038
Epoch 16/200
93/93 - 81s - 873ms/step - accuracy: 0.7172 - autoencoder_loss: 7.5110 - kl_loss: 6.5115 - loss: 8.0432 - reconstruction_loss: 0.9995 - vc_loss: 8.2712 - weighted_kl_loss: 6.5115
Epoch 18/200
93/93 - 53s - 573ms/step - accuracy: 0.7298 - autoencoder_loss: 11.9669 - kl_loss: 10.9660 - loss: 19.8332 - reconstruction_loss: 1.0009 - vc_loss: 23.2045 - weighted_kl_loss: 10.9660
Epoch 6/200
93/93 - 53s - 572ms/step - accuracy: 0.7247 - autoencoder_loss: 11.4401 - kl_loss: 10.4404 - loss: 11.0780 - reconstruction_loss: 0.9998 - vc_loss: 10.9228 - weighted_kl_loss: 10.4404
Epoch 14/200
93/93 - 54s - 577ms/step - accuracy: 0.7323 - autoencoder_loss: 8.9441 - kl_loss: 7.9437 - loss: 10.1556 - reconstruction_loss: 1.0004 - vc_loss: 10.6748 - weighted_kl_loss: 7.9437
Epoch 17/200
93/93 - 52s - 562ms/step - accuracy: 0.7172 - autoencoder_loss: 7.1661 - kl_loss: 6.1665 - loss: 7.6873 - reconstruction_loss: 0.9996 - vc_loss: 7.9106 - weighted_kl_loss: 6.1665
Epoch 19/200
93/93 - 53s - 565ms/step - accuracy: 0.7298 - autoencoder_loss: 10.1594 - kl_loss: 9.1581 - loss: 18.5018 - reconstruction_loss: 1.0014 - vc_loss: 22.0771 - weighted_kl_loss: 9.1581
Epoch 7/200
93/93 - 50s - 541ms/step - accuracy: 0.7323 - autoencoder_loss: 8.6612 - kl_loss: 7.6611 - loss: 8.8013 - reconstruction_loss: 1.0001 - vc_loss: 8.8613 - weighted_kl_loss: 7.6611
Epoch 18/200
93/93 - 49s - 526ms/step - accuracy: 0.7172 - autoencoder_loss: 7.8672 - kl_loss: 6.8662 - loss: 9.0109 - reconstruction_loss: 1.0010 - vc_loss: 9.5011 - weighted_kl_loss: 6.8662
Epoch 20/200
93/93 - 82s - 876ms/step - accuracy: 0.7247 - autoencoder_loss: 11.0745 - kl_loss: 10.0749 - loss: 10.7356 - reconstruction_loss: 0.9996 - vc_loss: 10.5904 - weighted_kl_loss: 10.0749
Epoch 15/200
93/93 - 52s - 561ms/step - accuracy: 0.7298 - autoencoder_loss: 9.1283 - kl_loss: 8.1278 - loss: 17.1234 - reconstruction_loss: 1.0005 - vc_loss: 20.5499 - weighted_kl_loss: 8.1278
Epoch 8/200
93/93 - 52s - 563ms/step - accuracy: 0.7323 - autoencoder_loss: 8.4568 - kl_loss: 7.4576 - loss: 8.6404 - reconstruction_loss: 0.9992 - vc_loss: 8.7191 - weighted_kl_loss: 7.4576
Epoch 19/200
93/93 - 52s - 558ms/step - accuracy: 0.7172 - autoencoder_loss: 7.9154 - kl_loss: 6.9142 - loss: 8.1984 - reconstruction_loss: 1.0012 - vc_loss: 8.3196 - weighted_kl_loss: 6.9142
Epoch 21/200
93/93 - 52s - 563ms/step - accuracy: 0.7247 - autoencoder_loss: 10.5940 - kl_loss: 9.5933 - loss: 9.5285 - reconstruction_loss: 1.0007 - vc_loss: 9.0718 - weighted_kl_loss: 9.5933
Epoch 16/200
93/93 - 53s - 565ms/step - accuracy: 0.7298 - autoencoder_loss: 8.5976 - kl_loss: 7.5957 - loss: 14.6797 - reconstruction_loss: 1.0019 - vc_loss: 17.2863 - weighted_kl_loss: 7.5957
Epoch 9/200
93/93 - 50s - 538ms/step - accuracy: 0.7323 - autoencoder_loss: 8.2898 - kl_loss: 7.2908 - loss: 8.6235 - reconstruction_loss: 0.9990 - vc_loss: 8.7666 - weighted_kl_loss: 7.2908
Epoch 20/200
93/93 - 51s - 545ms/step - accuracy: 0.7172 - autoencoder_loss: 7.7634 - kl_loss: 6.7638 - loss: 7.9357 - reconstruction_loss: 0.9995 - vc_loss: 8.0096 - weighted_kl_loss: 6.7638
Epoch 22/200
93/93 - 50s - 542ms/step - accuracy: 0.7247 - autoencoder_loss: 9.9098 - kl_loss: 8.9103 - loss: 9.0026 - reconstruction_loss: 0.9995 - vc_loss: 8.6138 - weighted_kl_loss: 8.9103
Epoch 17/200
93/93 - 52s - 559ms/step - accuracy: 0.7295 - autoencoder_loss: 7.4547 - kl_loss: 6.4555 - loss: 14.2605 - reconstruction_loss: 0.9992 - vc_loss: 17.1773 - weighted_kl_loss: 6.4555
Epoch 10/200
93/93 - 51s - 553ms/step - accuracy: 0.7323 - autoencoder_loss: 7.9724 - kl_loss: 6.9738 - loss: 7.7470 - reconstruction_loss: 0.9987 - vc_loss: 7.6503 - weighted_kl_loss: 6.9738
Epoch 21/200
93/93 - 51s - 545ms/step - accuracy: 0.7172 - autoencoder_loss: 7.6314 - kl_loss: 6.6282 - loss: 7.6344 - reconstruction_loss: 1.0031 - vc_loss: 7.6356 - weighted_kl_loss: 6.6282
Epoch 23/200
93/93 - 51s - 549ms/step - accuracy: 0.7247 - autoencoder_loss: 9.5417 - kl_loss: 8.5421 - loss: 7.9278 - reconstruction_loss: 0.9996 - vc_loss: 7.2362 - weighted_kl_loss: 8.5421
Epoch 18/200
93/93 - 51s - 547ms/step - accuracy: 0.7296 - autoencoder_loss: 7.5069 - kl_loss: 6.5049 - loss: 12.1876 - reconstruction_loss: 1.0020 - vc_loss: 14.1936 - weighted_kl_loss: 6.5049
Epoch 11/200
93/93 - 51s - 545ms/step - accuracy: 0.7323 - autoencoder_loss: 7.7752 - kl_loss: 6.7769 - loss: 8.0932 - reconstruction_loss: 0.9983 - vc_loss: 8.2295 - weighted_kl_loss: 6.7769
Epoch 22/200
93/93 - 51s - 547ms/step - accuracy: 0.7172 - autoencoder_loss: 7.5412 - kl_loss: 6.5418 - loss: 7.0731 - reconstruction_loss: 0.9994 - vc_loss: 6.8724 - weighted_kl_loss: 6.5418
Epoch 24/200
93/93 - 50s - 542ms/step - accuracy: 0.7247 - autoencoder_loss: 9.1812 - kl_loss: 8.1809 - loss: 8.9163 - reconstruction_loss: 1.0003 - vc_loss: 8.8028 - weighted_kl_loss: 8.1809
Epoch 19/200
93/93 - 50s - 536ms/step - accuracy: 0.7295 - autoencoder_loss: 7.3324 - kl_loss: 6.3328 - loss: 11.9799 - reconstruction_loss: 0.9995 - vc_loss: 13.9717 - weighted_kl_loss: 6.3328
Epoch 12/200
93/93 - 52s - 559ms/step - accuracy: 0.7323 - autoencoder_loss: 7.6315 - kl_loss: 6.6334 - loss: 7.4861 - reconstruction_loss: 0.9981 - vc_loss: 7.4238 - weighted_kl_loss: 6.6334
Epoch 23/200
93/93 - 55s - 587ms/step - accuracy: 0.7172 - autoencoder_loss: 7.3767 - kl_loss: 6.3773 - loss: 6.4282 - reconstruction_loss: 0.9995 - vc_loss: 6.0216 - weighted_kl_loss: 6.3773
Epoch 25/200
93/93 - 55s - 597ms/step - accuracy: 0.7247 - autoencoder_loss: 8.8857 - kl_loss: 7.8861 - loss: 8.1004 - reconstruction_loss: 0.9996 - vc_loss: 7.7639 - weighted_kl_loss: 7.8861
Epoch 20/200
93/93 - 57s - 612ms/step - accuracy: 0.7298 - autoencoder_loss: 7.3903 - kl_loss: 6.3902 - loss: 10.9789 - reconstruction_loss: 1.0001 - vc_loss: 12.5169 - weighted_kl_loss: 6.3902
Epoch 13/200
93/93 - 56s - 603ms/step - accuracy: 0.7323 - autoencoder_loss: 7.5243 - kl_loss: 6.5264 - loss: 7.5961 - reconstruction_loss: 0.9978 - vc_loss: 7.6269 - weighted_kl_loss: 6.5264
Epoch 24/200
93/93 - 52s - 562ms/step - accuracy: 0.7172 - autoencoder_loss: 7.2547 - kl_loss: 6.2556 - loss: 6.9547 - reconstruction_loss: 0.9992 - vc_loss: 6.8260 - weighted_kl_loss: 6.2556
Epoch 26/200
93/93 - 53s - 565ms/step - accuracy: 0.7247 - autoencoder_loss: 8.4990 - kl_loss: 7.4994 - loss: 8.0132 - reconstruction_loss: 0.9995 - vc_loss: 7.8051 - weighted_kl_loss: 7.4994
Epoch 21/200
93/93 - 51s - 551ms/step - accuracy: 0.7296 - autoencoder_loss: 6.8349 - kl_loss: 5.8329 - loss: 10.7376 - reconstruction_loss: 1.0021 - vc_loss: 12.4101 - weighted_kl_loss: 5.8329
Epoch 14/200
93/93 - 51s - 543ms/step - accuracy: 0.7323 - autoencoder_loss: 7.3211 - kl_loss: 6.3235 - loss: 6.7160 - reconstruction_loss: 0.9976 - vc_loss: 6.4566 - weighted_kl_loss: 6.3235
Epoch 25/200
93/93 - 51s - 549ms/step - accuracy: 0.7172 - autoencoder_loss: 7.2062 - kl_loss: 6.2071 - loss: 6.2087 - reconstruction_loss: 0.9991 - vc_loss: 5.7812 - weighted_kl_loss: 6.2071
Epoch 27/200
93/93 - 50s - 540ms/step - accuracy: 0.7247 - autoencoder_loss: 8.2210 - kl_loss: 7.2204 - loss: 6.9373 - reconstruction_loss: 1.0006 - vc_loss: 6.3872 - weighted_kl_loss: 7.2204
Epoch 22/200
93/93 - 51s - 546ms/step - accuracy: 0.7298 - autoencoder_loss: 6.3632 - kl_loss: 5.3633 - loss: 10.9746 - reconstruction_loss: 0.9999 - vc_loss: 12.9509 - weighted_kl_loss: 5.3633
Epoch 15/200
93/93 - 50s - 532ms/step - accuracy: 0.7323 - autoencoder_loss: 7.1098 - kl_loss: 6.1123 - loss: 7.0332 - reconstruction_loss: 0.9975 - vc_loss: 7.0004 - weighted_kl_loss: 6.1123
Epoch 26/200
93/93 - 51s - 554ms/step - accuracy: 0.7172 - autoencoder_loss: 7.0064 - kl_loss: 6.0069 - loss: 6.3155 - reconstruction_loss: 0.9995 - vc_loss: 6.0194 - weighted_kl_loss: 6.0069
Epoch 28/200
93/93 - 52s - 564ms/step - accuracy: 0.7247 - autoencoder_loss: 7.8987 - kl_loss: 6.8994 - loss: 7.7229 - reconstruction_loss: 0.9992 - vc_loss: 7.6475 - weighted_kl_loss: 6.8994
Epoch 23/200
93/93 - 52s - 563ms/step - accuracy: 0.7298 - autoencoder_loss: 5.9408 - kl_loss: 4.9410 - loss: 9.4263 - reconstruction_loss: 0.9998 - vc_loss: 10.9201 - weighted_kl_loss: 4.9410
Epoch 16/200
93/93 - 51s - 552ms/step - accuracy: 0.7323 - autoencoder_loss: 6.9953 - kl_loss: 5.9979 - loss: 6.8332 - reconstruction_loss: 0.9974 - vc_loss: 6.7638 - weighted_kl_loss: 5.9979
Epoch 27/200
93/93 - 51s - 547ms/step - accuracy: 0.7172 - autoencoder_loss: 6.9069 - kl_loss: 5.9072 - loss: 6.8509 - reconstruction_loss: 0.9997 - vc_loss: 6.8269 - weighted_kl_loss: 5.9072
Epoch 29/200
93/93 - 53s - 571ms/step - accuracy: 0.7247 - autoencoder_loss: 7.6672 - kl_loss: 6.6657 - loss: 7.1107 - reconstruction_loss: 1.0015 - vc_loss: 6.8722 - weighted_kl_loss: 6.6657
Epoch 24/200
93/93 - 52s - 559ms/step - accuracy: 0.7285 - autoencoder_loss: 5.4466 - kl_loss: 4.4467 - loss: 10.3381 - reconstruction_loss: 0.9999 - vc_loss: 12.4344 - weighted_kl_loss: 4.4467
Epoch 17/200
93/93 - 51s - 545ms/step - accuracy: 0.7323 - autoencoder_loss: 6.8424 - kl_loss: 5.8449 - loss: 6.5470 - reconstruction_loss: 0.9975 - vc_loss: 6.4204 - weighted_kl_loss: 5.8449
Epoch 28/200
93/93 - 50s - 534ms/step - accuracy: 0.7172 - autoencoder_loss: 6.7629 - kl_loss: 5.7633 - loss: 6.1054 - reconstruction_loss: 0.9996 - vc_loss: 5.8237 - weighted_kl_loss: 5.7633
Epoch 30/200
93/93 - 49s - 525ms/step - accuracy: 0.7247 - autoencoder_loss: 7.3130 - kl_loss: 6.3136 - loss: 7.3182 - reconstruction_loss: 0.9994 - vc_loss: 7.3205 - weighted_kl_loss: 6.3136
Epoch 25/200
93/93 - 52s - 560ms/step - accuracy: 0.7298 - autoencoder_loss: 5.1573 - kl_loss: 4.1576 - loss: 10.0681 - reconstruction_loss: 0.9996 - vc_loss: 12.1727 - weighted_kl_loss: 4.1576
Epoch 18/200
93/93 - 54s - 585ms/step - accuracy: 0.7172 - autoencoder_loss: 6.6195 - kl_loss: 5.6197 - loss: 5.6705 - reconstruction_loss: 0.9999 - vc_loss: 5.2638 - weighted_kl_loss: 5.6197
Epoch 31/200
93/93 - 56s - 604ms/step - accuracy: 0.7247 - autoencoder_loss: 7.0389 - kl_loss: 6.0396 - loss: 6.7138 - reconstruction_loss: 0.9993 - vc_loss: 6.5744 - weighted_kl_loss: 6.0396
Epoch 26/200
93/93 - 87s - 937ms/step - accuracy: 0.7323 - autoencoder_loss: 6.7118 - kl_loss: 5.7137 - loss: 6.5853 - reconstruction_loss: 0.9982 - vc_loss: 6.5310 - weighted_kl_loss: 5.7137
Epoch 29/200
93/93 - 57s - 618ms/step - accuracy: 0.7298 - autoencoder_loss: 5.1445 - kl_loss: 4.1439 - loss: 8.9143 - reconstruction_loss: 1.0006 - vc_loss: 10.5300 - weighted_kl_loss: 4.1439
Epoch 19/200
93/93 - 55s - 592ms/step - accuracy: 0.7172 - autoencoder_loss: 6.4212 - kl_loss: 5.4220 - loss: 5.7723 - reconstruction_loss: 0.9992 - vc_loss: 5.4942 - weighted_kl_loss: 5.4220
Epoch 32/200
93/93 - 54s - 585ms/step - accuracy: 0.7247 - autoencoder_loss: 6.8164 - kl_loss: 5.8169 - loss: 6.3116 - reconstruction_loss: 0.9995 - vc_loss: 6.0953 - weighted_kl_loss: 5.8169
Epoch 27/200
93/93 - 54s - 583ms/step - accuracy: 0.7323 - autoencoder_loss: 6.5533 - kl_loss: 5.5558 - loss: 6.2500 - reconstruction_loss: 0.9975 - vc_loss: 6.1201 - weighted_kl_loss: 5.5558
Epoch 30/200
93/93 - 54s - 576ms/step - accuracy: 0.7298 - autoencoder_loss: 4.9118 - kl_loss: 3.9125 - loss: 7.9122 - reconstruction_loss: 0.9993 - vc_loss: 9.1980 - weighted_kl_loss: 3.9125
Epoch 20/200
93/93 - 54s - 581ms/step - accuracy: 0.7247 - autoencoder_loss: 6.6133 - kl_loss: 5.6132 - loss: 6.4509 - reconstruction_loss: 1.0000 - vc_loss: 6.3813 - weighted_kl_loss: 5.6132
Epoch 28/200
93/93 - 53s - 566ms/step - accuracy: 0.7323 - autoencoder_loss: 6.3355 - kl_loss: 5.3376 - loss: 6.2331 - reconstruction_loss: 0.9979 - vc_loss: 6.1892 - weighted_kl_loss: 5.3376
Epoch 31/200
93/93 - 80s - 859ms/step - accuracy: 0.7172 - autoencoder_loss: 6.3548 - kl_loss: 5.3557 - loss: 5.1112 - reconstruction_loss: 0.9991 - vc_loss: 4.5782 - weighted_kl_loss: 5.3557
Epoch 33/200
93/93 - 55s - 586ms/step - accuracy: 0.7298 - autoencoder_loss: 4.8040 - kl_loss: 3.8035 - loss: 7.3256 - reconstruction_loss: 1.0005 - vc_loss: 8.4063 - weighted_kl_loss: 3.8035
Epoch 21/200
93/93 - 50s - 542ms/step - accuracy: 0.7247 - autoencoder_loss: 6.4652 - kl_loss: 5.4659 - loss: 5.5872 - reconstruction_loss: 0.9993 - vc_loss: 5.2110 - weighted_kl_loss: 5.4659
Epoch 29/200
93/93 - 50s - 539ms/step - accuracy: 0.7323 - autoencoder_loss: 6.1102 - kl_loss: 5.1127 - loss: 5.8020 - reconstruction_loss: 0.9975 - vc_loss: 5.6699 - weighted_kl_loss: 5.1127
Epoch 32/200
93/93 - 51s - 547ms/step - accuracy: 0.7172 - autoencoder_loss: 6.1851 - kl_loss: 5.1852 - loss: 5.1212 - reconstruction_loss: 0.9999 - vc_loss: 4.6652 - weighted_kl_loss: 5.1852
Epoch 34/200
93/93 - 52s - 560ms/step - accuracy: 0.7298 - autoencoder_loss: 4.6971 - kl_loss: 3.6975 - loss: 6.9871 - reconstruction_loss: 0.9996 - vc_loss: 7.9685 - weighted_kl_loss: 3.6975
Epoch 22/200
93/93 - 50s - 534ms/step - accuracy: 0.7247 - autoencoder_loss: 6.2625 - kl_loss: 5.2629 - loss: 5.6744 - reconstruction_loss: 0.9995 - vc_loss: 5.4223 - weighted_kl_loss: 5.2629
Epoch 30/200
93/93 - 50s - 537ms/step - accuracy: 0.7323 - autoencoder_loss: 5.9936 - kl_loss: 4.9957 - loss: 5.8337 - reconstruction_loss: 0.9978 - vc_loss: 5.7652 - weighted_kl_loss: 4.9957
Epoch 33/200
93/93 - 47s - 503ms/step - accuracy: 0.7172 - autoencoder_loss: 6.0734 - kl_loss: 5.0736 - loss: 5.2347 - reconstruction_loss: 0.9998 - vc_loss: 4.8752 - weighted_kl_loss: 5.0736
Epoch 35/200
93/93 - 49s - 522ms/step - accuracy: 0.7298 - autoencoder_loss: 4.5802 - kl_loss: 3.5804 - loss: 7.0256 - reconstruction_loss: 0.9998 - vc_loss: 8.0736 - weighted_kl_loss: 3.5804
Epoch 23/200
93/93 - 51s - 545ms/step - accuracy: 0.7247 - autoencoder_loss: 6.1024 - kl_loss: 5.1026 - loss: 6.1034 - reconstruction_loss: 0.9998 - vc_loss: 6.1039 - weighted_kl_loss: 5.1026
Epoch 31/200
93/93 - 51s - 551ms/step - accuracy: 0.7323 - autoencoder_loss: 5.8658 - kl_loss: 4.8684 - loss: 6.5543 - reconstruction_loss: 0.9974 - vc_loss: 6.8493 - weighted_kl_loss: 4.8684
Epoch 34/200
93/93 - 50s - 537ms/step - accuracy: 0.7172 - autoencoder_loss: 5.9724 - kl_loss: 4.9731 - loss: 5.1341 - reconstruction_loss: 0.9992 - vc_loss: 4.7749 - weighted_kl_loss: 4.9731
Epoch 36/200
93/93 - 52s - 561ms/step - accuracy: 0.7298 - autoencoder_loss: 4.5377 - kl_loss: 3.5311 - loss: 6.9057 - reconstruction_loss: 1.0066 - vc_loss: 7.9205 - weighted_kl_loss: 3.5311
Epoch 24/200
93/93 - 51s - 546ms/step - accuracy: 0.7247 - autoencoder_loss: 5.8909 - kl_loss: 4.8911 - loss: 5.7193 - reconstruction_loss: 0.9999 - vc_loss: 5.6458 - weighted_kl_loss: 4.8911
Epoch 32/200
93/93 - 51s - 551ms/step - accuracy: 0.7323 - autoencoder_loss: 5.8525 - kl_loss: 4.8553 - loss: 5.4987 - reconstruction_loss: 0.9972 - vc_loss: 5.3471 - weighted_kl_loss: 4.8553
Epoch 35/200
93/93 - 51s - 549ms/step - accuracy: 0.7172 - autoencoder_loss: 5.8111 - kl_loss: 4.8118 - loss: 4.6500 - reconstruction_loss: 0.9992 - vc_loss: 4.1524 - weighted_kl_loss: 4.8118
Epoch 37/200
93/93 - 52s - 557ms/step - accuracy: 0.7298 - autoencoder_loss: 4.3765 - kl_loss: 3.3763 - loss: 5.8821 - reconstruction_loss: 1.0002 - vc_loss: 6.5273 - weighted_kl_loss: 3.3763
Epoch 25/200
93/93 - 54s - 580ms/step - accuracy: 0.7247 - autoencoder_loss: 5.6772 - kl_loss: 4.6777 - loss: 5.2186 - reconstruction_loss: 0.9995 - vc_loss: 5.0221 - weighted_kl_loss: 4.6777
Epoch 33/200
93/93 - 53s - 572ms/step - accuracy: 0.7323 - autoencoder_loss: 5.7964 - kl_loss: 4.8003 - loss: 5.9257 - reconstruction_loss: 0.9961 - vc_loss: 5.9812 - weighted_kl_loss: 4.8003
Epoch 36/200
93/93 - 52s - 562ms/step - accuracy: 0.7172 - autoencoder_loss: 5.7995 - kl_loss: 4.7972 - loss: 4.5700 - reconstruction_loss: 1.0022 - vc_loss: 4.0430 - weighted_kl_loss: 4.7972
Epoch 38/200
93/93 - 56s - 599ms/step - accuracy: 0.7298 - autoencoder_loss: 4.2167 - kl_loss: 3.2170 - loss: 5.3599 - reconstruction_loss: 0.9997 - vc_loss: 5.8499 - weighted_kl_loss: 3.2170
Epoch 26/200
93/93 - 57s - 611ms/step - accuracy: 0.7247 - autoencoder_loss: 5.4719 - kl_loss: 4.4721 - loss: 4.8642 - reconstruction_loss: 0.9998 - vc_loss: 4.6038 - weighted_kl_loss: 4.4721
Epoch 34/200
93/93 - 56s - 600ms/step - accuracy: 0.7323 - autoencoder_loss: 5.6529 - kl_loss: 4.6567 - loss: 4.9324 - reconstruction_loss: 0.9963 - vc_loss: 4.6236 - weighted_kl_loss: 4.6567
Epoch 37/200
93/93 - 56s - 604ms/step - accuracy: 0.7172 - autoencoder_loss: 5.8070 - kl_loss: 4.8075 - loss: 5.5755 - reconstruction_loss: 0.9995 - vc_loss: 5.4763 - weighted_kl_loss: 4.8075
Epoch 39/200
93/93 - 57s - 611ms/step - accuracy: 0.7298 - autoencoder_loss: 4.2020 - kl_loss: 3.2029 - loss: 6.0480 - reconstruction_loss: 0.9992 - vc_loss: 6.8391 - weighted_kl_loss: 3.2029
Epoch 27/200
93/93 - 53s - 573ms/step - accuracy: 0.7247 - autoencoder_loss: 5.4149 - kl_loss: 4.4145 - loss: 5.5156 - reconstruction_loss: 1.0004 - vc_loss: 5.5587 - weighted_kl_loss: 4.4145
Epoch 35/200
93/93 - 54s - 577ms/step - accuracy: 0.7323 - autoencoder_loss: 5.5807 - kl_loss: 4.5845 - loss: 4.5461 - reconstruction_loss: 0.9963 - vc_loss: 4.1027 - weighted_kl_loss: 4.5845
Epoch 38/200
93/93 - 52s - 564ms/step - accuracy: 0.7172 - autoencoder_loss: 5.9231 - kl_loss: 4.9240 - loss: 5.5736 - reconstruction_loss: 0.9992 - vc_loss: 5.4239 - weighted_kl_loss: 4.9240
Epoch 40/200
93/93 - 51s - 550ms/step - accuracy: 0.7298 - autoencoder_loss: 4.2044 - kl_loss: 3.2042 - loss: 7.1821 - reconstruction_loss: 1.0003 - vc_loss: 8.4582 - weighted_kl_loss: 3.2042
Epoch 28/200
93/93 - 50s - 538ms/step - accuracy: 0.7247 - autoencoder_loss: 5.2282 - kl_loss: 4.2275 - loss: 4.8786 - reconstruction_loss: 1.0006 - vc_loss: 4.7288 - weighted_kl_loss: 4.2275
Epoch 36/200
93/93 - 49s - 532ms/step - accuracy: 0.7323 - autoencoder_loss: 5.3722 - kl_loss: 4.3752 - loss: 5.3523 - reconstruction_loss: 0.9970 - vc_loss: 5.3437 - weighted_kl_loss: 4.3752
Epoch 39/200
93/93 - 49s - 529ms/step - accuracy: 0.7172 - autoencoder_loss: 5.7877 - kl_loss: 4.7878 - loss: 7.1400 - reconstruction_loss: 0.9999 - vc_loss: 7.7195 - weighted_kl_loss: 4.7878
Epoch 41/200
93/93 - 52s - 560ms/step - accuracy: 0.7298 - autoencoder_loss: 4.1208 - kl_loss: 3.1205 - loss: 6.6765 - reconstruction_loss: 1.0002 - vc_loss: 7.7718 - weighted_kl_loss: 3.1205
Epoch 29/200
93/93 - 56s - 602ms/step - accuracy: 0.7247 - autoencoder_loss: 4.9627 - kl_loss: 3.9627 - loss: 4.5909 - reconstruction_loss: 1.0000 - vc_loss: 4.4316 - weighted_kl_loss: 3.9627
Epoch 37/200
93/93 - 55s - 587ms/step - accuracy: 0.7323 - autoencoder_loss: 5.2803 - kl_loss: 4.2833 - loss: 4.1445 - reconstruction_loss: 0.9970 - vc_loss: 3.6578 - weighted_kl_loss: 4.2833
Epoch 40/200
93/93 - 54s - 582ms/step - accuracy: 0.7172 - autoencoder_loss: 5.5920 - kl_loss: 4.5925 - loss: 5.3682 - reconstruction_loss: 0.9995 - vc_loss: 5.2723 - weighted_kl_loss: 4.5925
Epoch 42/200
93/93 - 55s - 587ms/step - accuracy: 0.7298 - autoencoder_loss: 4.0468 - kl_loss: 3.0465 - loss: 5.6486 - reconstruction_loss: 1.0004 - vc_loss: 6.3351 - weighted_kl_loss: 3.0465
Epoch 30/200
93/93 - 54s - 580ms/step - accuracy: 0.7247 - autoencoder_loss: 4.8752 - kl_loss: 3.8753 - loss: 4.4374 - reconstruction_loss: 0.9998 - vc_loss: 4.2498 - weighted_kl_loss: 3.8753
Epoch 38/200
93/93 - 54s - 580ms/step - accuracy: 0.7323 - autoencoder_loss: 5.0058 - kl_loss: 4.0079 - loss: 4.5649 - reconstruction_loss: 0.9978 - vc_loss: 4.3760 - weighted_kl_loss: 4.0079
Epoch 41/200
93/93 - 53s - 571ms/step - accuracy: 0.7172 - autoencoder_loss: 5.3834 - kl_loss: 4.3841 - loss: 5.5890 - reconstruction_loss: 0.9993 - vc_loss: 5.6771 - weighted_kl_loss: 4.3841
Epoch 43/200
93/93 - 55s - 594ms/step - accuracy: 0.7298 - autoencoder_loss: 3.9660 - kl_loss: 2.9667 - loss: 5.6636 - reconstruction_loss: 0.9993 - vc_loss: 6.3911 - weighted_kl_loss: 2.9667
Epoch 31/200
93/93 - 50s - 541ms/step - accuracy: 0.7323 - autoencoder_loss: 4.8733 - kl_loss: 3.8755 - loss: 4.8890 - reconstruction_loss: 0.9978 - vc_loss: 4.8957 - weighted_kl_loss: 3.8755
Epoch 42/200
93/93 - 52s - 561ms/step - accuracy: 0.7247 - autoencoder_loss: 4.8148 - kl_loss: 3.8147 - loss: 5.4459 - reconstruction_loss: 1.0001 - vc_loss: 5.7164 - weighted_kl_loss: 3.8147
Epoch 39/200
93/93 - 52s - 563ms/step - accuracy: 0.7172 - autoencoder_loss: 5.2691 - kl_loss: 4.2701 - loss: 4.7898 - reconstruction_loss: 0.9990 - vc_loss: 4.5843 - weighted_kl_loss: 4.2701
Epoch 44/200
93/93 - 53s - 574ms/step - accuracy: 0.7298 - autoencoder_loss: 3.8393 - kl_loss: 2.8395 - loss: 4.9876 - reconstruction_loss: 0.9997 - vc_loss: 5.4797 - weighted_kl_loss: 2.8395
Epoch 32/200
93/93 - 54s - 577ms/step - accuracy: 0.7323 - autoencoder_loss: 4.7512 - kl_loss: 3.7535 - loss: 5.2470 - reconstruction_loss: 0.9976 - vc_loss: 5.4595 - weighted_kl_loss: 3.7535
Epoch 43/200
93/93 - 55s - 591ms/step - accuracy: 0.7247 - autoencoder_loss: 4.6385 - kl_loss: 3.6374 - loss: 4.1603 - reconstruction_loss: 1.0011 - vc_loss: 3.9553 - weighted_kl_loss: 3.6374
Epoch 40/200
93/93 - 52s - 563ms/step - accuracy: 0.7172 - autoencoder_loss: 5.0880 - kl_loss: 4.0885 - loss: 4.9949 - reconstruction_loss: 0.9994 - vc_loss: 4.9549 - weighted_kl_loss: 4.0885
Epoch 45/200
93/93 - 52s - 556ms/step - accuracy: 0.7298 - autoencoder_loss: 3.8252 - kl_loss: 2.8258 - loss: 5.6941 - reconstruction_loss: 0.9994 - vc_loss: 6.4951 - weighted_kl_loss: 2.8258
Epoch 33/200
93/93 - 53s - 569ms/step - accuracy: 0.7323 - autoencoder_loss: 4.6994 - kl_loss: 3.7014 - loss: 4.6258 - reconstruction_loss: 0.9980 - vc_loss: 4.5942 - weighted_kl_loss: 3.7014
Epoch 44/200
93/93 - 53s - 567ms/step - accuracy: 0.7172 - autoencoder_loss: 5.0488 - kl_loss: 4.0497 - loss: 4.3479 - reconstruction_loss: 0.9991 - vc_loss: 4.0475 - weighted_kl_loss: 4.0497
Epoch 46/200
93/93 - 54s - 584ms/step - accuracy: 0.7247 - autoencoder_loss: 4.5532 - kl_loss: 3.5531 - loss: 4.3619 - reconstruction_loss: 1.0002 - vc_loss: 4.2799 - weighted_kl_loss: 3.5531
Epoch 41/200
93/93 - 54s - 580ms/step - accuracy: 0.7298 - autoencoder_loss: 4.0234 - kl_loss: 3.0230 - loss: 5.4089 - reconstruction_loss: 1.0003 - vc_loss: 6.0027 - weighted_kl_loss: 3.0230
Epoch 34/200
93/93 - 50s - 541ms/step - accuracy: 0.7323 - autoencoder_loss: 4.5520 - kl_loss: 3.5548 - loss: 4.8025 - reconstruction_loss: 0.9972 - vc_loss: 4.9099 - weighted_kl_loss: 3.5548
Epoch 45/200
93/93 - 51s - 546ms/step - accuracy: 0.7172 - autoencoder_loss: 4.9665 - kl_loss: 3.9676 - loss: 4.2153 - reconstruction_loss: 0.9989 - vc_loss: 3.8933 - weighted_kl_loss: 3.9676
Epoch 47/200
93/93 - 52s - 558ms/step - accuracy: 0.7247 - autoencoder_loss: 4.3981 - kl_loss: 3.3969 - loss: 4.7406 - reconstruction_loss: 1.0012 - vc_loss: 4.8873 - weighted_kl_loss: 3.3969
Epoch 42/200
93/93 - 51s - 547ms/step - accuracy: 0.7298 - autoencoder_loss: 3.9064 - kl_loss: 2.9066 - loss: 4.8868 - reconstruction_loss: 0.9998 - vc_loss: 5.3070 - weighted_kl_loss: 2.9066
Epoch 35/200
93/93 - 53s - 565ms/step - accuracy: 0.7323 - autoencoder_loss: 4.4905 - kl_loss: 3.4927 - loss: 4.5583 - reconstruction_loss: 0.9978 - vc_loss: 4.5874 - weighted_kl_loss: 3.4927
Epoch 46/200
93/93 - 53s - 566ms/step - accuracy: 0.7172 - autoencoder_loss: 4.8860 - kl_loss: 3.8866 - loss: 3.9474 - reconstruction_loss: 0.9994 - vc_loss: 3.5451 - weighted_kl_loss: 3.8866
Epoch 48/200
93/93 - 53s - 573ms/step - accuracy: 0.7247 - autoencoder_loss: 4.5338 - kl_loss: 3.5345 - loss: 4.3962 - reconstruction_loss: 0.9993 - vc_loss: 4.3372 - weighted_kl_loss: 3.5345
Epoch 43/200
93/93 - 53s - 570ms/step - accuracy: 0.7298 - autoencoder_loss: 3.8579 - kl_loss: 2.8585 - loss: 4.9097 - reconstruction_loss: 0.9994 - vc_loss: 5.3604 - weighted_kl_loss: 2.8585
Epoch 36/200
93/93 - 50s - 536ms/step - accuracy: 0.7323 - autoencoder_loss: 4.5746 - kl_loss: 3.5772 - loss: 4.6394 - reconstruction_loss: 0.9975 - vc_loss: 4.6671 - weighted_kl_loss: 3.5772
Epoch 47/200
93/93 - 48s - 519ms/step - accuracy: 0.7172 - autoencoder_loss: 4.7989 - kl_loss: 3.7990 - loss: 4.2305 - reconstruction_loss: 0.9999 - vc_loss: 3.9869 - weighted_kl_loss: 3.7990
Epoch 49/200
93/93 - 50s - 533ms/step - accuracy: 0.7247 - autoencoder_loss: 4.5192 - kl_loss: 3.5195 - loss: 4.3787 - reconstruction_loss: 0.9997 - vc_loss: 4.3184 - weighted_kl_loss: 3.5195
Epoch 44/200
93/93 - 50s - 538ms/step - accuracy: 0.7298 - autoencoder_loss: 3.9057 - kl_loss: 2.9051 - loss: 4.3633 - reconstruction_loss: 1.0005 - vc_loss: 4.5595 - weighted_kl_loss: 2.9051
Epoch 37/200
93/93 - 50s - 539ms/step - accuracy: 0.7323 - autoencoder_loss: 4.4525 - kl_loss: 3.4547 - loss: 4.8202 - reconstruction_loss: 0.9978 - vc_loss: 4.9777 - weighted_kl_loss: 3.4547
Epoch 48/200
93/93 - 50s - 542ms/step - accuracy: 0.7172 - autoencoder_loss: 4.7257 - kl_loss: 3.7266 - loss: 4.4834 - reconstruction_loss: 0.9991 - vc_loss: 4.3795 - weighted_kl_loss: 3.7266
Epoch 50/200
93/93 - 52s - 557ms/step - accuracy: 0.7247 - autoencoder_loss: 4.3282 - kl_loss: 3.3286 - loss: 4.4865 - reconstruction_loss: 0.9996 - vc_loss: 4.5544 - weighted_kl_loss: 3.3286
Epoch 45/200
93/93 - 51s - 549ms/step - accuracy: 0.7298 - autoencoder_loss: 3.7449 - kl_loss: 2.7444 - loss: 4.2356 - reconstruction_loss: 1.0005 - vc_loss: 4.4459 - weighted_kl_loss: 2.7444
Epoch 38/200
93/93 - 53s - 567ms/step - accuracy: 0.7323 - autoencoder_loss: 4.3017 - kl_loss: 3.3036 - loss: 4.7980 - reconstruction_loss: 0.9981 - vc_loss: 5.0107 - weighted_kl_loss: 3.3036
Epoch 49/200
93/93 - 52s - 563ms/step - accuracy: 0.7172 - autoencoder_loss: 4.6688 - kl_loss: 3.6672 - loss: 4.1737 - reconstruction_loss: 1.0016 - vc_loss: 3.9615 - weighted_kl_loss: 3.6672
Epoch 51/200
93/93 - 55s - 588ms/step - accuracy: 0.7247 - autoencoder_loss: 4.2072 - kl_loss: 3.2078 - loss: 4.4812 - reconstruction_loss: 0.9994 - vc_loss: 4.5986 - weighted_kl_loss: 3.2078
Epoch 46/200
93/93 - 55s - 595ms/step - accuracy: 0.7298 - autoencoder_loss: 3.6398 - kl_loss: 2.6407 - loss: 4.3013 - reconstruction_loss: 0.9991 - vc_loss: 4.5847 - weighted_kl_loss: 2.6407
Epoch 39/200
93/93 - 53s - 568ms/step - accuracy: 0.7323 - autoencoder_loss: 4.2581 - kl_loss: 3.2602 - loss: 4.5566 - reconstruction_loss: 0.9979 - vc_loss: 4.6846 - weighted_kl_loss: 3.2602
Epoch 50/200
93/93 - 53s - 567ms/step - accuracy: 0.7172 - autoencoder_loss: 4.5855 - kl_loss: 3.5863 - loss: 4.0368 - reconstruction_loss: 0.9992 - vc_loss: 3.8017 - weighted_kl_loss: 3.5863
Epoch 52/200
93/93 - 54s - 579ms/step - accuracy: 0.7247 - autoencoder_loss: 4.2608 - kl_loss: 3.2603 - loss: 4.9006 - reconstruction_loss: 1.0005 - vc_loss: 5.1748 - weighted_kl_loss: 3.2603
Epoch 47/200
93/93 - 55s - 596ms/step - accuracy: 0.7298 - autoencoder_loss: 3.5484 - kl_loss: 2.5487 - loss: 4.0584 - reconstruction_loss: 0.9997 - vc_loss: 4.2769 - weighted_kl_loss: 2.5487
Epoch 40/200
93/93 - 53s - 575ms/step - accuracy: 0.7323 - autoencoder_loss: 4.1926 - kl_loss: 3.1950 - loss: 4.3929 - reconstruction_loss: 0.9976 - vc_loss: 4.4788 - weighted_kl_loss: 3.1950
Epoch 51/200
93/93 - 53s - 573ms/step - accuracy: 0.7172 - autoencoder_loss: 4.4780 - kl_loss: 3.4788 - loss: 3.8270 - reconstruction_loss: 0.9992 - vc_loss: 3.5480 - weighted_kl_loss: 3.4788
Epoch 53/200
93/93 - 56s - 599ms/step - accuracy: 0.7247 - autoencoder_loss: 4.0870 - kl_loss: 3.0863 - loss: 4.1618 - reconstruction_loss: 1.0007 - vc_loss: 4.1939 - weighted_kl_loss: 3.0863
Epoch 48/200
93/93 - 54s - 581ms/step - accuracy: 0.7298 - autoencoder_loss: 3.4871 - kl_loss: 2.4876 - loss: 3.7487 - reconstruction_loss: 0.9994 - vc_loss: 3.8608 - weighted_kl_loss: 2.4876
Epoch 41/200
93/93 - 53s - 567ms/step - accuracy: 0.7172 - autoencoder_loss: 4.4117 - kl_loss: 3.4114 - loss: 3.9272 - reconstruction_loss: 1.0002 - vc_loss: 3.7196 - weighted_kl_loss: 3.4114
Epoch 54/200
93/93 - 53s - 574ms/step - accuracy: 0.7323 - autoencoder_loss: 4.1455 - kl_loss: 3.1477 - loss: 4.4446 - reconstruction_loss: 0.9977 - vc_loss: 4.5727 - weighted_kl_loss: 3.1477
Epoch 52/200
93/93 - 52s - 558ms/step - accuracy: 0.7247 - autoencoder_loss: 3.9035 - kl_loss: 2.9036 - loss: 4.1604 - reconstruction_loss: 1.0000 - vc_loss: 4.2705 - weighted_kl_loss: 2.9036
Epoch 49/200
93/93 - 54s - 578ms/step - accuracy: 0.7298 - autoencoder_loss: 3.3894 - kl_loss: 2.3898 - loss: 3.6723 - reconstruction_loss: 0.9996 - vc_loss: 3.7935 - weighted_kl_loss: 2.3898
Epoch 42/200
93/93 - 53s - 565ms/step - accuracy: 0.7172 - autoencoder_loss: 4.3329 - kl_loss: 3.3329 - loss: 3.9168 - reconstruction_loss: 1.0000 - vc_loss: 3.7385 - weighted_kl_loss: 3.3329
Epoch 55/200
93/93 - 53s - 569ms/step - accuracy: 0.7323 - autoencoder_loss: 4.0141 - kl_loss: 3.0166 - loss: 3.9688 - reconstruction_loss: 0.9975 - vc_loss: 3.9493 - weighted_kl_loss: 3.0166
Epoch 53/200
93/93 - 54s - 581ms/step - accuracy: 0.7247 - autoencoder_loss: 3.8215 - kl_loss: 2.8225 - loss: 4.4887 - reconstruction_loss: 0.9990 - vc_loss: 4.7746 - weighted_kl_loss: 2.8225
Epoch 50/200
93/93 - 53s - 572ms/step - accuracy: 0.7298 - autoencoder_loss: 3.4593 - kl_loss: 2.4595 - loss: 4.3431 - reconstruction_loss: 0.9998 - vc_loss: 4.7219 - weighted_kl_loss: 2.4595
Epoch 43/200
93/93 - 52s - 556ms/step - accuracy: 0.7172 - autoencoder_loss: 4.3755 - kl_loss: 3.3759 - loss: 3.8172 - reconstruction_loss: 0.9997 - vc_loss: 3.5779 - weighted_kl_loss: 3.3759
Epoch 56/200
93/93 - 53s - 567ms/step - accuracy: 0.7323 - autoencoder_loss: 3.9465 - kl_loss: 2.9482 - loss: 3.8770 - reconstruction_loss: 0.9983 - vc_loss: 3.8472 - weighted_kl_loss: 2.9482
Epoch 54/200
93/93 - 53s - 567ms/step - accuracy: 0.7247 - autoencoder_loss: 3.7249 - kl_loss: 2.7255 - loss: 4.3093 - reconstruction_loss: 0.9994 - vc_loss: 4.5597 - weighted_kl_loss: 2.7255
Epoch 51/200
93/93 - 50s - 539ms/step - accuracy: 0.7298 - autoencoder_loss: 3.4636 - kl_loss: 2.4641 - loss: 3.7171 - reconstruction_loss: 0.9995 - vc_loss: 3.8258 - weighted_kl_loss: 2.4641
Epoch 44/200
93/93 - 52s - 556ms/step - accuracy: 0.7172 - autoencoder_loss: 4.3656 - kl_loss: 3.3669 - loss: 3.9241 - reconstruction_loss: 0.9987 - vc_loss: 3.7349 - weighted_kl_loss: 3.3669
Epoch 57/200
93/93 - 52s - 556ms/step - accuracy: 0.7323 - autoencoder_loss: 3.8689 - kl_loss: 2.8702 - loss: 4.1893 - reconstruction_loss: 0.9988 - vc_loss: 4.3266 - weighted_kl_loss: 2.8702
Epoch 55/200
93/93 - 53s - 570ms/step - accuracy: 0.7247 - autoencoder_loss: 3.5201 - kl_loss: 2.5206 - loss: 4.2520 - reconstruction_loss: 0.9995 - vc_loss: 4.5657 - weighted_kl_loss: 2.5206
Epoch 52/200
93/93 - 55s - 587ms/step - accuracy: 0.7298 - autoencoder_loss: 3.4537 - kl_loss: 2.4536 - loss: 3.8535 - reconstruction_loss: 1.0001 - vc_loss: 4.0249 - weighted_kl_loss: 2.4536
Epoch 45/200
93/93 - 54s - 583ms/step - accuracy: 0.7172 - autoencoder_loss: 4.2888 - kl_loss: 3.2894 - loss: 4.1717 - reconstruction_loss: 0.9993 - vc_loss: 4.1215 - weighted_kl_loss: 3.2894
Epoch 58/200
93/93 - 54s - 576ms/step - accuracy: 0.7323 - autoencoder_loss: 3.7320 - kl_loss: 2.7336 - loss: 3.8282 - reconstruction_loss: 0.9984 - vc_loss: 3.8695 - weighted_kl_loss: 2.7336
Epoch 56/200
93/93 - 53s - 573ms/step - accuracy: 0.7247 - autoencoder_loss: 3.4561 - kl_loss: 2.4564 - loss: 3.9607 - reconstruction_loss: 0.9997 - vc_loss: 4.1770 - weighted_kl_loss: 2.4564
Epoch 53/200
93/93 - 54s - 583ms/step - accuracy: 0.7298 - autoencoder_loss: 3.4428 - kl_loss: 2.4430 - loss: 4.1073 - reconstruction_loss: 0.9998 - vc_loss: 4.3921 - weighted_kl_loss: 2.4430
Epoch 46/200
93/93 - 50s - 534ms/step - accuracy: 0.7172 - autoencoder_loss: 4.1769 - kl_loss: 3.1779 - loss: 3.3498 - reconstruction_loss: 0.9990 - vc_loss: 2.9954 - weighted_kl_loss: 3.1779
Epoch 59/200
93/93 - 50s - 542ms/step - accuracy: 0.7323 - autoencoder_loss: 3.6634 - kl_loss: 2.6640 - loss: 3.8206 - reconstruction_loss: 0.9994 - vc_loss: 3.8879 - weighted_kl_loss: 2.6640
Epoch 57/200
93/93 - 50s - 532ms/step - accuracy: 0.7247 - autoencoder_loss: 3.5005 - kl_loss: 2.5013 - loss: 4.0467 - reconstruction_loss: 0.9992 - vc_loss: 4.2807 - weighted_kl_loss: 2.5013
Epoch 54/200
93/93 - 49s - 525ms/step - accuracy: 0.7298 - autoencoder_loss: 3.3979 - kl_loss: 2.3982 - loss: 4.0760 - reconstruction_loss: 0.9997 - vc_loss: 4.3667 - weighted_kl_loss: 2.3982
Epoch 47/200
93/93 - 49s - 523ms/step - accuracy: 0.7172 - autoencoder_loss: 4.1231 - kl_loss: 3.1232 - loss: 3.4259 - reconstruction_loss: 0.9999 - vc_loss: 3.1271 - weighted_kl_loss: 3.1232
Epoch 60/200
93/93 - 49s - 529ms/step - accuracy: 0.7323 - autoencoder_loss: 3.5752 - kl_loss: 2.5765 - loss: 3.2733 - reconstruction_loss: 0.9988 - vc_loss: 3.1440 - weighted_kl_loss: 2.5765
Epoch 58/200
93/93 - 52s - 557ms/step - accuracy: 0.7247 - autoencoder_loss: 3.4595 - kl_loss: 2.4598 - loss: 3.7203 - reconstruction_loss: 0.9997 - vc_loss: 3.8320 - weighted_kl_loss: 2.4598
Epoch 55/200
93/93 - 55s - 590ms/step - accuracy: 0.7298 - autoencoder_loss: 3.3863 - kl_loss: 2.3863 - loss: 3.7726 - reconstruction_loss: 1.0000 - vc_loss: 3.9381 - weighted_kl_loss: 2.3863
Epoch 48/200
93/93 - 52s - 564ms/step - accuracy: 0.7172 - autoencoder_loss: 4.0075 - kl_loss: 3.0080 - loss: 3.5530 - reconstruction_loss: 0.9995 - vc_loss: 3.3583 - weighted_kl_loss: 3.0080
Epoch 61/200
93/93 - 54s - 582ms/step - accuracy: 0.7323 - autoencoder_loss: 3.5263 - kl_loss: 2.5274 - loss: 4.1210 - reconstruction_loss: 0.9989 - vc_loss: 4.3759 - weighted_kl_loss: 2.5274
Epoch 59/200
93/93 - 52s - 564ms/step - accuracy: 0.7247 - autoencoder_loss: 3.3604 - kl_loss: 2.3609 - loss: 4.0985 - reconstruction_loss: 0.9995 - vc_loss: 4.4148 - weighted_kl_loss: 2.3609
Epoch 56/200
93/93 - 53s - 570ms/step - accuracy: 0.7298 - autoencoder_loss: 3.3122 - kl_loss: 2.3121 - loss: 4.0360 - reconstruction_loss: 1.0000 - vc_loss: 4.3463 - weighted_kl_loss: 2.3121
Epoch 49/200
93/93 - 52s - 562ms/step - accuracy: 0.7172 - autoencoder_loss: 3.9645 - kl_loss: 2.9650 - loss: 3.8545 - reconstruction_loss: 0.9995 - vc_loss: 3.8074 - weighted_kl_loss: 2.9650
Epoch 62/200
93/93 - 53s - 573ms/step - accuracy: 0.7323 - autoencoder_loss: 3.4026 - kl_loss: 2.4024 - loss: 3.4134 - reconstruction_loss: 1.0003 - vc_loss: 3.4180 - weighted_kl_loss: 2.4024
Epoch 60/200
93/93 - 55s - 595ms/step - accuracy: 0.7247 - autoencoder_loss: 3.2513 - kl_loss: 2.2499 - loss: 3.8263 - reconstruction_loss: 1.0015 - vc_loss: 4.0726 - weighted_kl_loss: 2.2499
Epoch 57/200
93/93 - 58s - 624ms/step - accuracy: 0.7298 - autoencoder_loss: 3.2855 - kl_loss: 2.2862 - loss: 4.8937 - reconstruction_loss: 0.9993 - vc_loss: 5.5829 - weighted_kl_loss: 2.2862
Epoch 50/200
93/93 - 56s - 599ms/step - accuracy: 0.7172 - autoencoder_loss: 3.8851 - kl_loss: 2.8862 - loss: 3.2755 - reconstruction_loss: 0.9989 - vc_loss: 3.0142 - weighted_kl_loss: 2.8862
Epoch 63/200
93/93 - 57s - 608ms/step - accuracy: 0.7323 - autoencoder_loss: 3.3483 - kl_loss: 2.3484 - loss: 3.3444 - reconstruction_loss: 0.9999 - vc_loss: 3.3427 - weighted_kl_loss: 2.3484
Epoch 61/200
93/93 - 55s - 592ms/step - accuracy: 0.7247 - autoencoder_loss: 3.1372 - kl_loss: 2.1371 - loss: 3.6405 - reconstruction_loss: 1.0001 - vc_loss: 3.8562 - weighted_kl_loss: 2.1371
Epoch 58/200
93/93 - 58s - 618ms/step - accuracy: 0.7298 - autoencoder_loss: 3.1994 - kl_loss: 2.1999 - loss: 4.3479 - reconstruction_loss: 0.9994 - vc_loss: 4.8401 - weighted_kl_loss: 2.1999
Epoch 51/200
93/93 - 53s - 567ms/step - accuracy: 0.7172 - autoencoder_loss: 3.8387 - kl_loss: 2.8371 - loss: 3.7070 - reconstruction_loss: 1.0016 - vc_loss: 3.6505 - weighted_kl_loss: 2.8371
Epoch 64/200
93/93 - 55s - 595ms/step - accuracy: 0.7323 - autoencoder_loss: 3.2975 - kl_loss: 2.2979 - loss: 3.7811 - reconstruction_loss: 0.9996 - vc_loss: 3.9884 - weighted_kl_loss: 2.2979
Epoch 62/200
93/93 - 57s - 611ms/step - accuracy: 0.7247 - autoencoder_loss: 3.0461 - kl_loss: 2.0448 - loss: 3.7907 - reconstruction_loss: 1.0012 - vc_loss: 4.1098 - weighted_kl_loss: 2.0448
Epoch 59/200
93/93 - 52s - 562ms/step - accuracy: 0.7298 - autoencoder_loss: 3.1228 - kl_loss: 2.1232 - loss: 3.5276 - reconstruction_loss: 0.9997 - vc_loss: 3.7011 - weighted_kl_loss: 2.1232
Epoch 52/200
93/93 - 52s - 557ms/step - accuracy: 0.7172 - autoencoder_loss: 3.7277 - kl_loss: 2.7281 - loss: 3.7688 - reconstruction_loss: 0.9996 - vc_loss: 3.7865 - weighted_kl_loss: 2.7281
Epoch 65/200
93/93 - 53s - 575ms/step - accuracy: 0.7323 - autoencoder_loss: 3.2434 - kl_loss: 2.2448 - loss: 3.5955 - reconstruction_loss: 0.9985 - vc_loss: 3.7464 - weighted_kl_loss: 2.2448
Epoch 63/200
93/93 - 53s - 566ms/step - accuracy: 0.7247 - autoencoder_loss: 2.9501 - kl_loss: 1.9485 - loss: 3.3176 - reconstruction_loss: 1.0016 - vc_loss: 3.4751 - weighted_kl_loss: 1.9485
Epoch 60/200
93/93 - 54s - 578ms/step - accuracy: 0.7298 - autoencoder_loss: 3.0468 - kl_loss: 2.0468 - loss: 3.9690 - reconstruction_loss: 1.0000 - vc_loss: 4.3642 - weighted_kl_loss: 2.0468
Epoch 53/200
93/93 - 52s - 556ms/step - accuracy: 0.7172 - autoencoder_loss: 3.7039 - kl_loss: 2.7047 - loss: 4.4010 - reconstruction_loss: 0.9992 - vc_loss: 4.6998 - weighted_kl_loss: 2.7047
Epoch 66/200
93/93 - 51s - 545ms/step - accuracy: 0.7323 - autoencoder_loss: 3.2232 - kl_loss: 2.2240 - loss: 3.6270 - reconstruction_loss: 0.9992 - vc_loss: 3.8000 - weighted_kl_loss: 2.2240
Epoch 64/200
93/93 - 50s - 541ms/step - accuracy: 0.7247 - autoencoder_loss: 2.8703 - kl_loss: 1.8710 - loss: 3.3262 - reconstruction_loss: 0.9993 - vc_loss: 3.5215 - weighted_kl_loss: 1.8710
Epoch 61/200
93/93 - 51s - 547ms/step - accuracy: 0.7298 - autoencoder_loss: 2.9804 - kl_loss: 1.9808 - loss: 3.9917 - reconstruction_loss: 0.9995 - vc_loss: 4.4251 - weighted_kl_loss: 1.9808
Epoch 54/200
93/93 - 50s - 534ms/step - accuracy: 0.7172 - autoencoder_loss: 3.6430 - kl_loss: 2.6436 - loss: 3.5508 - reconstruction_loss: 0.9993 - vc_loss: 3.5113 - weighted_kl_loss: 2.6436
Epoch 67/200
93/93 - 50s - 542ms/step - accuracy: 0.7323 - autoencoder_loss: 3.1735 - kl_loss: 2.1736 - loss: 3.3683 - reconstruction_loss: 0.9999 - vc_loss: 3.4518 - weighted_kl_loss: 2.1736
Epoch 65/200
93/93 - 51s - 553ms/step - accuracy: 0.7247 - autoencoder_loss: 2.7986 - kl_loss: 1.7982 - loss: 3.4051 - reconstruction_loss: 1.0005 - vc_loss: 3.6651 - weighted_kl_loss: 1.7982
Epoch 62/200
93/93 - 53s - 571ms/step - accuracy: 0.7298 - autoencoder_loss: 2.9836 - kl_loss: 1.9841 - loss: 3.3159 - reconstruction_loss: 0.9995 - vc_loss: 3.4583 - weighted_kl_loss: 1.9841
Epoch 55/200
93/93 - 52s - 558ms/step - accuracy: 0.7172 - autoencoder_loss: 3.6268 - kl_loss: 2.6279 - loss: 3.4825 - reconstruction_loss: 0.9990 - vc_loss: 3.4207 - weighted_kl_loss: 2.6279
Epoch 68/200
93/93 - 52s - 563ms/step - accuracy: 0.7323 - autoencoder_loss: 3.1062 - kl_loss: 2.1069 - loss: 3.2785 - reconstruction_loss: 0.9992 - vc_loss: 3.3523 - weighted_kl_loss: 2.1069
Epoch 66/200
93/93 - 52s - 561ms/step - accuracy: 0.7247 - autoencoder_loss: 2.7262 - kl_loss: 1.7196 - loss: 4.2043 - reconstruction_loss: 1.0066 - vc_loss: 4.8378 - weighted_kl_loss: 1.7196
Epoch 63/200
93/93 - 49s - 525ms/step - accuracy: 0.7172 - autoencoder_loss: 3.5717 - kl_loss: 2.5725 - loss: 3.4186 - reconstruction_loss: 0.9992 - vc_loss: 3.3530 - weighted_kl_loss: 2.5725
Epoch 69/200
93/93 - 50s - 535ms/step - accuracy: 0.7298 - autoencoder_loss: 2.9285 - kl_loss: 1.9288 - loss: 3.8803 - reconstruction_loss: 0.9997 - vc_loss: 4.2882 - weighted_kl_loss: 1.9288
Epoch 56/200
93/93 - 49s - 528ms/step - accuracy: 0.7323 - autoencoder_loss: 3.0191 - kl_loss: 2.0199 - loss: 3.0086 - reconstruction_loss: 0.9992 - vc_loss: 3.0041 - weighted_kl_loss: 2.0199
Epoch 67/200
93/93 - 51s - 543ms/step - accuracy: 0.7247 - autoencoder_loss: 2.6638 - kl_loss: 1.6636 - loss: 3.6258 - reconstruction_loss: 1.0003 - vc_loss: 4.0380 - weighted_kl_loss: 1.6636
Epoch 64/200
93/93 - 52s - 559ms/step - accuracy: 0.7172 - autoencoder_loss: 3.4661 - kl_loss: 2.4667 - loss: 7.2295 - reconstruction_loss: 0.9994 - vc_loss: 8.8423 - weighted_kl_loss: 2.4667
Epoch 70/200
93/93 - 54s - 580ms/step - accuracy: 0.7298 - autoencoder_loss: 2.8561 - kl_loss: 1.8563 - loss: 3.9597 - reconstruction_loss: 0.9999 - vc_loss: 4.4326 - weighted_kl_loss: 1.8563
Epoch 57/200
93/93 - 53s - 567ms/step - accuracy: 0.7323 - autoencoder_loss: 2.9539 - kl_loss: 1.9541 - loss: 3.3761 - reconstruction_loss: 0.9998 - vc_loss: 3.5570 - weighted_kl_loss: 1.9541
Epoch 68/200
93/93 - 58s - 619ms/step - accuracy: 0.7247 - autoencoder_loss: 2.6036 - kl_loss: 1.6037 - loss: 3.1357 - reconstruction_loss: 0.9999 - vc_loss: 3.3637 - weighted_kl_loss: 1.6037
Epoch 65/200
93/93 - 56s - 605ms/step - accuracy: 0.7172 - autoencoder_loss: 3.3847 - kl_loss: 2.3845 - loss: 3.5109 - reconstruction_loss: 1.0002 - vc_loss: 3.5650 - weighted_kl_loss: 2.3845
Epoch 71/200
93/93 - 58s - 626ms/step - accuracy: 0.7298 - autoencoder_loss: 2.7759 - kl_loss: 1.7756 - loss: 3.9296 - reconstruction_loss: 1.0002 - vc_loss: 4.4241 - weighted_kl_loss: 1.7756
Epoch 58/200
93/93 - 56s - 598ms/step - accuracy: 0.7323 - autoencoder_loss: 2.9219 - kl_loss: 1.9225 - loss: 3.2937 - reconstruction_loss: 0.9994 - vc_loss: 3.4531 - weighted_kl_loss: 1.9225
Epoch 69/200
93/93 - 55s - 590ms/step - accuracy: 0.7247 - autoencoder_loss: 2.5376 - kl_loss: 1.5386 - loss: 3.5995 - reconstruction_loss: 0.9990 - vc_loss: 4.0546 - weighted_kl_loss: 1.5386
Epoch 66/200
93/93 - 53s - 568ms/step - accuracy: 0.7172 - autoencoder_loss: 3.3502 - kl_loss: 2.3503 - loss: 3.7143 - reconstruction_loss: 0.9999 - vc_loss: 3.8704 - weighted_kl_loss: 2.3503
Epoch 72/200
93/93 - 52s - 560ms/step - accuracy: 0.7298 - autoencoder_loss: 2.7216 - kl_loss: 1.7220 - loss: 3.7123 - reconstruction_loss: 0.9997 - vc_loss: 4.1369 - weighted_kl_loss: 1.7220
Epoch 59/200
93/93 - 55s - 586ms/step - accuracy: 0.7323 - autoencoder_loss: 2.9024 - kl_loss: 1.9041 - loss: 3.3237 - reconstruction_loss: 0.9983 - vc_loss: 3.5043 - weighted_kl_loss: 1.9041
Epoch 70/200
93/93 - 54s - 579ms/step - accuracy: 0.7247 - autoencoder_loss: 2.4675 - kl_loss: 1.4675 - loss: 3.3223 - reconstruction_loss: 1.0000 - vc_loss: 3.6887 - weighted_kl_loss: 1.4675
Epoch 67/200
93/93 - 55s - 591ms/step - accuracy: 0.7172 - autoencoder_loss: 3.2936 - kl_loss: 2.2940 - loss: 3.6854 - reconstruction_loss: 0.9996 - vc_loss: 3.8532 - weighted_kl_loss: 2.2940
Epoch 73/200
93/93 - 57s - 614ms/step - accuracy: 0.7298 - autoencoder_loss: 2.8020 - kl_loss: 1.8029 - loss: 3.9221 - reconstruction_loss: 0.9992 - vc_loss: 4.4022 - weighted_kl_loss: 1.8029
Epoch 60/200
93/93 - 55s - 594ms/step - accuracy: 0.7323 - autoencoder_loss: 2.8063 - kl_loss: 1.8073 - loss: 3.0203 - reconstruction_loss: 0.9990 - vc_loss: 3.1120 - weighted_kl_loss: 1.8073
Epoch 71/200
93/93 - 56s - 607ms/step - accuracy: 0.7247 - autoencoder_loss: 2.4170 - kl_loss: 1.4157 - loss: 3.3606 - reconstruction_loss: 1.0012 - vc_loss: 3.7650 - weighted_kl_loss: 1.4157
Epoch 68/200
93/93 - 53s - 566ms/step - accuracy: 0.7172 - autoencoder_loss: 3.2204 - kl_loss: 2.2216 - loss: 3.5914 - reconstruction_loss: 0.9988 - vc_loss: 3.7504 - weighted_kl_loss: 2.2216
Epoch 74/200
93/93 - 54s - 576ms/step - accuracy: 0.7298 - autoencoder_loss: 2.6079 - kl_loss: 1.6088 - loss: 3.1264 - reconstruction_loss: 0.9991 - vc_loss: 3.3487 - weighted_kl_loss: 1.6088
Epoch 61/200
93/93 - 54s - 577ms/step - accuracy: 0.7323 - autoencoder_loss: 2.7320 - kl_loss: 1.7333 - loss: 3.3526 - reconstruction_loss: 0.9987 - vc_loss: 3.6186 - weighted_kl_loss: 1.7333
Epoch 72/200
93/93 - 54s - 580ms/step - accuracy: 0.7247 - autoencoder_loss: 2.3256 - kl_loss: 1.3257 - loss: 3.2330 - reconstruction_loss: 0.9999 - vc_loss: 3.6219 - weighted_kl_loss: 1.3257
Epoch 69/200
93/93 - 54s - 583ms/step - accuracy: 0.7172 - autoencoder_loss: 3.1626 - kl_loss: 2.1626 - loss: 3.5360 - reconstruction_loss: 0.9999 - vc_loss: 3.6961 - weighted_kl_loss: 2.1626
Epoch 75/200
93/93 - 56s - 603ms/step - accuracy: 0.7298 - autoencoder_loss: 2.5823 - kl_loss: 1.5830 - loss: 3.2741 - reconstruction_loss: 0.9993 - vc_loss: 3.5705 - weighted_kl_loss: 1.5830
Epoch 62/200
93/93 - 54s - 578ms/step - accuracy: 0.7323 - autoencoder_loss: 2.6878 - kl_loss: 1.6892 - loss: 3.1006 - reconstruction_loss: 0.9986 - vc_loss: 3.2775 - weighted_kl_loss: 1.6892
Epoch 73/200
93/93 - 56s - 599ms/step - accuracy: 0.7247 - autoencoder_loss: 2.2755 - kl_loss: 1.2745 - loss: 3.1082 - reconstruction_loss: 1.0010 - vc_loss: 3.4650 - weighted_kl_loss: 1.2745
Epoch 70/200
93/93 - 55s - 589ms/step - accuracy: 0.7172 - autoencoder_loss: 3.1337 - kl_loss: 2.1342 - loss: 3.1028 - reconstruction_loss: 0.9995 - vc_loss: 3.0896 - weighted_kl_loss: 2.1342
Epoch 76/200
93/93 - 55s - 594ms/step - accuracy: 0.7298 - autoencoder_loss: 2.5409 - kl_loss: 1.5414 - loss: 3.3633 - reconstruction_loss: 0.9995 - vc_loss: 3.7158 - weighted_kl_loss: 1.5414
Epoch 63/200
93/93 - 55s - 594ms/step - accuracy: 0.7323 - autoencoder_loss: 2.6296 - kl_loss: 1.6301 - loss: 3.3455 - reconstruction_loss: 0.9996 - vc_loss: 3.6523 - weighted_kl_loss: 1.6301
Epoch 74/200
93/93 - 56s - 604ms/step - accuracy: 0.7247 - autoencoder_loss: 2.2153 - kl_loss: 1.2153 - loss: 3.1944 - reconstruction_loss: 1.0001 - vc_loss: 3.6141 - weighted_kl_loss: 1.2153
Epoch 71/200
93/93 - 58s - 620ms/step - accuracy: 0.7172 - autoencoder_loss: 3.1057 - kl_loss: 2.1061 - loss: 2.9868 - reconstruction_loss: 0.9996 - vc_loss: 2.9359 - weighted_kl_loss: 2.1061
Epoch 77/200
93/93 - 58s - 619ms/step - accuracy: 0.7298 - autoencoder_loss: 2.4993 - kl_loss: 1.4990 - loss: 3.7969 - reconstruction_loss: 1.0003 - vc_loss: 4.3530 - weighted_kl_loss: 1.4990
Epoch 64/200
93/93 - 55s - 589ms/step - accuracy: 0.7323 - autoencoder_loss: 2.7544 - kl_loss: 1.7544 - loss: 3.2196 - reconstruction_loss: 1.0000 - vc_loss: 3.4189 - weighted_kl_loss: 1.7544
Epoch 75/200
93/93 - 54s - 584ms/step - accuracy: 0.7172 - autoencoder_loss: 3.0471 - kl_loss: 2.0477 - loss: 2.9968 - reconstruction_loss: 0.9994 - vc_loss: 2.9752 - weighted_kl_loss: 2.0477
Epoch 78/200
93/93 - 80s - 863ms/step - accuracy: 0.7247 - autoencoder_loss: 2.2647 - kl_loss: 1.2650 - loss: 3.4063 - reconstruction_loss: 0.9997 - vc_loss: 3.8956 - weighted_kl_loss: 1.2650
Epoch 72/200
93/93 - 56s - 602ms/step - accuracy: 0.7298 - autoencoder_loss: 2.5147 - kl_loss: 1.5148 - loss: 3.3062 - reconstruction_loss: 1.0000 - vc_loss: 3.6455 - weighted_kl_loss: 1.5148
Epoch 65/200
93/93 - 55s - 591ms/step - accuracy: 0.7323 - autoencoder_loss: 2.9492 - kl_loss: 1.9493 - loss: 3.1915 - reconstruction_loss: 0.9999 - vc_loss: 3.2954 - weighted_kl_loss: 1.9493
Epoch 76/200
93/93 - 54s - 579ms/step - accuracy: 0.7172 - autoencoder_loss: 2.9749 - kl_loss: 1.9755 - loss: 2.9399 - reconstruction_loss: 0.9994 - vc_loss: 2.9249 - weighted_kl_loss: 1.9755
Epoch 79/200
93/93 - 55s - 589ms/step - accuracy: 0.7247 - autoencoder_loss: 2.2866 - kl_loss: 1.2871 - loss: 3.0971 - reconstruction_loss: 0.9996 - vc_loss: 3.4444 - weighted_kl_loss: 1.2871
Epoch 73/200
93/93 - 55s - 593ms/step - accuracy: 0.7298 - autoencoder_loss: 2.4962 - kl_loss: 1.4969 - loss: 3.5396 - reconstruction_loss: 0.9993 - vc_loss: 3.9868 - weighted_kl_loss: 1.4969
Epoch 66/200
93/93 - 55s - 588ms/step - accuracy: 0.7323 - autoencoder_loss: 2.8440 - kl_loss: 1.8421 - loss: 3.5645 - reconstruction_loss: 1.0019 - vc_loss: 3.8734 - weighted_kl_loss: 1.8421
Epoch 77/200
93/93 - 54s - 580ms/step - accuracy: 0.7172 - autoencoder_loss: 2.9554 - kl_loss: 1.9552 - loss: 2.9263 - reconstruction_loss: 1.0002 - vc_loss: 2.9138 - weighted_kl_loss: 1.9552
Epoch 80/200
93/93 - 54s - 581ms/step - accuracy: 0.7247 - autoencoder_loss: 2.3109 - kl_loss: 1.3110 - loss: 3.1132 - reconstruction_loss: 0.9999 - vc_loss: 3.4570 - weighted_kl_loss: 1.3110
Epoch 74/200
93/93 - 53s - 571ms/step - accuracy: 0.7298 - autoencoder_loss: 2.4551 - kl_loss: 1.4553 - loss: 3.4947 - reconstruction_loss: 0.9998 - vc_loss: 3.9402 - weighted_kl_loss: 1.4553
Epoch 67/200
93/93 - 53s - 568ms/step - accuracy: 0.7323 - autoencoder_loss: 2.6936 - kl_loss: 1.6928 - loss: 3.2674 - reconstruction_loss: 1.0009 - vc_loss: 3.5134 - weighted_kl_loss: 1.6928
Epoch 78/200
93/93 - 51s - 553ms/step - accuracy: 0.7172 - autoencoder_loss: 2.8612 - kl_loss: 1.8622 - loss: 3.2602 - reconstruction_loss: 0.9990 - vc_loss: 3.4312 - weighted_kl_loss: 1.8622
Epoch 81/200
93/93 - 52s - 563ms/step - accuracy: 0.7247 - autoencoder_loss: 2.2430 - kl_loss: 1.2432 - loss: 3.0909 - reconstruction_loss: 0.9998 - vc_loss: 3.4543 - weighted_kl_loss: 1.2432
Epoch 75/200
93/93 - 51s - 554ms/step - accuracy: 0.7323 - autoencoder_loss: 2.6544 - kl_loss: 1.6549 - loss: 3.6729 - reconstruction_loss: 0.9995 - vc_loss: 4.1094 - weighted_kl_loss: 1.6549
Epoch 79/200
93/93 - 53s - 575ms/step - accuracy: 0.7298 - autoencoder_loss: 2.4138 - kl_loss: 1.4139 - loss: 3.3188 - reconstruction_loss: 1.0000 - vc_loss: 3.7066 - weighted_kl_loss: 1.4139
Epoch 68/200
93/93 - 51s - 552ms/step - accuracy: 0.7172 - autoencoder_loss: 2.8018 - kl_loss: 1.8019 - loss: 3.3421 - reconstruction_loss: 0.9999 - vc_loss: 3.5736 - weighted_kl_loss: 1.8019
Epoch 82/200
93/93 - 54s - 582ms/step - accuracy: 0.7247 - autoencoder_loss: 2.1712 - kl_loss: 1.1716 - loss: 3.2956 - reconstruction_loss: 0.9997 - vc_loss: 3.7774 - weighted_kl_loss: 1.1716
Epoch 76/200
93/93 - 53s - 568ms/step - accuracy: 0.7323 - autoencoder_loss: 2.6039 - kl_loss: 1.6039 - loss: 3.2369 - reconstruction_loss: 1.0001 - vc_loss: 3.5082 - weighted_kl_loss: 1.6039
Epoch 80/200
93/93 - 55s - 594ms/step - accuracy: 0.7298 - autoencoder_loss: 2.3924 - kl_loss: 1.3919 - loss: 3.3296 - reconstruction_loss: 1.0005 - vc_loss: 3.7313 - weighted_kl_loss: 1.3919
Epoch 69/200
93/93 - 56s - 599ms/step - accuracy: 0.7172 - autoencoder_loss: 2.7995 - kl_loss: 1.7996 - loss: 3.0785 - reconstruction_loss: 0.9999 - vc_loss: 3.1981 - weighted_kl_loss: 1.7996
Epoch 83/200
93/93 - 57s - 616ms/step - accuracy: 0.7247 - autoencoder_loss: 2.1162 - kl_loss: 1.1167 - loss: 3.3589 - reconstruction_loss: 0.9995 - vc_loss: 3.8915 - weighted_kl_loss: 1.1167
Epoch 77/200
93/93 - 55s - 596ms/step - accuracy: 0.7323 - autoencoder_loss: 2.5930 - kl_loss: 1.5937 - loss: 3.3254 - reconstruction_loss: 0.9994 - vc_loss: 3.6392 - weighted_kl_loss: 1.5937
Epoch 81/200
93/93 - 55s - 593ms/step - accuracy: 0.7298 - autoencoder_loss: 2.3381 - kl_loss: 1.3389 - loss: 3.3488 - reconstruction_loss: 0.9993 - vc_loss: 3.7820 - weighted_kl_loss: 1.3389
Epoch 70/200
93/93 - 51s - 549ms/step - accuracy: 0.7172 - autoencoder_loss: 2.7531 - kl_loss: 1.7533 - loss: 3.4976 - reconstruction_loss: 0.9998 - vc_loss: 3.8167 - weighted_kl_loss: 1.7533
Epoch 84/200
93/93 - 52s - 557ms/step - accuracy: 0.7323 - autoencoder_loss: 2.5420 - kl_loss: 1.5417 - loss: 3.0505 - reconstruction_loss: 1.0003 - vc_loss: 3.2684 - weighted_kl_loss: 1.5417
Epoch 82/200
93/93 - 54s - 577ms/step - accuracy: 0.7247 - autoencoder_loss: 2.0610 - kl_loss: 1.0614 - loss: 3.3054 - reconstruction_loss: 0.9996 - vc_loss: 3.8387 - weighted_kl_loss: 1.0614
Epoch 78/200
93/93 - 54s - 586ms/step - accuracy: 0.7298 - autoencoder_loss: 2.3043 - kl_loss: 1.3046 - loss: 4.0948 - reconstruction_loss: 0.9997 - vc_loss: 4.8622 - weighted_kl_loss: 1.3046
Epoch 71/200
93/93 - 54s - 579ms/step - accuracy: 0.7172 - autoencoder_loss: 2.7088 - kl_loss: 1.7090 - loss: 3.3183 - reconstruction_loss: 0.9998 - vc_loss: 3.5795 - weighted_kl_loss: 1.7090
Epoch 85/200
93/93 - 54s - 579ms/step - accuracy: 0.7323 - autoencoder_loss: 2.5224 - kl_loss: 1.5230 - loss: 3.5518 - reconstruction_loss: 0.9994 - vc_loss: 3.9929 - weighted_kl_loss: 1.5230
Epoch 83/200
93/93 - 53s - 570ms/step - accuracy: 0.7247 - autoencoder_loss: 2.0459 - kl_loss: 1.0460 - loss: 3.1342 - reconstruction_loss: 0.9999 - vc_loss: 3.6005 - weighted_kl_loss: 1.0460
Epoch 79/200
93/93 - 54s - 585ms/step - accuracy: 0.7298 - autoencoder_loss: 2.2675 - kl_loss: 1.2665 - loss: 3.7474 - reconstruction_loss: 1.0011 - vc_loss: 4.3817 - weighted_kl_loss: 1.2665
Epoch 72/200
93/93 - 53s - 565ms/step - accuracy: 0.7172 - autoencoder_loss: 2.6682 - kl_loss: 1.6672 - loss: 2.8511 - reconstruction_loss: 1.0010 - vc_loss: 2.9295 - weighted_kl_loss: 1.6672
Epoch 86/200
93/93 - 54s - 577ms/step - accuracy: 0.7323 - autoencoder_loss: 2.5134 - kl_loss: 1.5126 - loss: 3.1533 - reconstruction_loss: 1.0008 - vc_loss: 3.4275 - weighted_kl_loss: 1.5126
Epoch 84/200
93/93 - 56s - 598ms/step - accuracy: 0.7247 - autoencoder_loss: 1.9828 - kl_loss: 0.9822 - loss: 2.8725 - reconstruction_loss: 1.0006 - vc_loss: 3.2538 - weighted_kl_loss: 0.9822
Epoch 80/200
93/93 - 55s - 592ms/step - accuracy: 0.7298 - autoencoder_loss: 2.2209 - kl_loss: 1.2212 - loss: 3.3970 - reconstruction_loss: 0.9997 - vc_loss: 3.9010 - weighted_kl_loss: 1.2212
Epoch 73/200
93/93 - 53s - 568ms/step - accuracy: 0.7172 - autoencoder_loss: 2.6408 - kl_loss: 1.6415 - loss: 3.2365 - reconstruction_loss: 0.9993 - vc_loss: 3.4918 - weighted_kl_loss: 1.6415
Epoch 87/200
93/93 - 51s - 550ms/step - accuracy: 0.7323 - autoencoder_loss: 2.4626 - kl_loss: 1.4594 - loss: 3.0525 - reconstruction_loss: 1.0032 - vc_loss: 3.3053 - weighted_kl_loss: 1.4594
Epoch 85/200
93/93 - 52s - 561ms/step - accuracy: 0.7247 - autoencoder_loss: 1.9671 - kl_loss: 0.9639 - loss: 2.8956 - reconstruction_loss: 1.0032 - vc_loss: 3.2935 - weighted_kl_loss: 0.9639
Epoch 81/200
93/93 - 52s - 564ms/step - accuracy: 0.7298 - autoencoder_loss: 2.1856 - kl_loss: 1.1862 - loss: 3.4880 - reconstruction_loss: 0.9993 - vc_loss: 4.0462 - weighted_kl_loss: 1.1862
Epoch 74/200
93/93 - 53s - 569ms/step - accuracy: 0.7172 - autoencoder_loss: 2.5752 - kl_loss: 1.5755 - loss: 2.8992 - reconstruction_loss: 0.9997 - vc_loss: 3.0380 - weighted_kl_loss: 1.5755
Epoch 88/200
93/93 - 53s - 566ms/step - accuracy: 0.7323 - autoencoder_loss: 2.4181 - kl_loss: 1.4186 - loss: 3.0948 - reconstruction_loss: 0.9995 - vc_loss: 3.3848 - weighted_kl_loss: 1.4186
Epoch 86/200
93/93 - 54s - 584ms/step - accuracy: 0.7247 - autoencoder_loss: 1.9136 - kl_loss: 0.9138 - loss: 3.0744 - reconstruction_loss: 0.9998 - vc_loss: 3.5718 - weighted_kl_loss: 0.9138
Epoch 82/200
93/93 - 54s - 585ms/step - accuracy: 0.7298 - autoencoder_loss: 2.1611 - kl_loss: 1.1614 - loss: 2.7990 - reconstruction_loss: 0.9997 - vc_loss: 3.0724 - weighted_kl_loss: 1.1614
Epoch 75/200
93/93 - 50s - 541ms/step - accuracy: 0.7172 - autoencoder_loss: 2.5594 - kl_loss: 1.5577 - loss: 3.0797 - reconstruction_loss: 1.0017 - vc_loss: 3.3026 - weighted_kl_loss: 1.5577
Epoch 89/200
93/93 - 52s - 555ms/step - accuracy: 0.7323 - autoencoder_loss: 2.4019 - kl_loss: 1.4024 - loss: 3.0835 - reconstruction_loss: 0.9995 - vc_loss: 3.3756 - weighted_kl_loss: 1.4024
Epoch 87/200
93/93 - 53s - 569ms/step - accuracy: 0.7247 - autoencoder_loss: 1.8949 - kl_loss: 0.8948 - loss: 3.3450 - reconstruction_loss: 1.0002 - vc_loss: 3.9664 - weighted_kl_loss: 0.8948
Epoch 83/200
93/93 - 55s - 586ms/step - accuracy: 0.7298 - autoencoder_loss: 2.2593 - kl_loss: 1.2596 - loss: 3.2979 - reconstruction_loss: 0.9997 - vc_loss: 3.7430 - weighted_kl_loss: 1.2596
Epoch 76/200
93/93 - 54s - 578ms/step - accuracy: 0.7172 - autoencoder_loss: 2.5306 - kl_loss: 1.5304 - loss: 3.8927 - reconstruction_loss: 1.0002 - vc_loss: 4.4765 - weighted_kl_loss: 1.5304
Epoch 90/200
93/93 - 54s - 582ms/step - accuracy: 0.7323 - autoencoder_loss: 2.3655 - kl_loss: 1.3646 - loss: 3.2311 - reconstruction_loss: 1.0009 - vc_loss: 3.6021 - weighted_kl_loss: 1.3646
Epoch 88/200
93/93 - 55s - 587ms/step - accuracy: 0.7247 - autoencoder_loss: 1.8559 - kl_loss: 0.8559 - loss: 2.6210 - reconstruction_loss: 1.0000 - vc_loss: 2.9489 - weighted_kl_loss: 0.8559
Epoch 84/200
93/93 - 55s - 589ms/step - accuracy: 0.7298 - autoencoder_loss: 2.2731 - kl_loss: 1.2721 - loss: 3.4705 - reconstruction_loss: 1.0010 - vc_loss: 3.9836 - weighted_kl_loss: 1.2721
Epoch 77/200
93/93 - 55s - 587ms/step - accuracy: 0.7172 - autoencoder_loss: 2.4907 - kl_loss: 1.4910 - loss: 3.2004 - reconstruction_loss: 0.9997 - vc_loss: 3.5045 - weighted_kl_loss: 1.4910
Epoch 91/200
93/93 - 56s - 606ms/step - accuracy: 0.7323 - autoencoder_loss: 2.3311 - kl_loss: 1.3311 - loss: 3.0045 - reconstruction_loss: 1.0000 - vc_loss: 3.2931 - weighted_kl_loss: 1.3311
Epoch 89/200
93/93 - 57s - 618ms/step - accuracy: 0.7247 - autoencoder_loss: 1.8267 - kl_loss: 0.8261 - loss: 2.8288 - reconstruction_loss: 1.0006 - vc_loss: 3.2583 - weighted_kl_loss: 0.8261
Epoch 85/200
93/93 - 57s - 612ms/step - accuracy: 0.7298 - autoencoder_loss: 2.3083 - kl_loss: 1.3074 - loss: 3.4938 - reconstruction_loss: 1.0009 - vc_loss: 4.0019 - weighted_kl_loss: 1.3074
Epoch 78/200
93/93 - 52s - 561ms/step - accuracy: 0.7172 - autoencoder_loss: 2.4626 - kl_loss: 1.4636 - loss: 2.5541 - reconstruction_loss: 0.9990 - vc_loss: 2.5934 - weighted_kl_loss: 1.4636
Epoch 92/200
93/93 - 53s - 571ms/step - accuracy: 0.7323 - autoencoder_loss: 2.3218 - kl_loss: 1.3219 - loss: 3.0928 - reconstruction_loss: 0.9999 - vc_loss: 3.4232 - weighted_kl_loss: 1.3219
Epoch 90/200
93/93 - 56s - 603ms/step - accuracy: 0.7247 - autoencoder_loss: 1.7954 - kl_loss: 0.7945 - loss: 3.1212 - reconstruction_loss: 1.0008 - vc_loss: 3.6894 - weighted_kl_loss: 0.7945
Epoch 86/200
93/93 - 56s - 601ms/step - accuracy: 0.7298 - autoencoder_loss: 2.2930 - kl_loss: 1.2917 - loss: 2.8641 - reconstruction_loss: 1.0013 - vc_loss: 3.1089 - weighted_kl_loss: 1.2917
Epoch 79/200
93/93 - 56s - 597ms/step - accuracy: 0.7172 - autoencoder_loss: 2.4268 - kl_loss: 1.4272 - loss: 2.7533 - reconstruction_loss: 0.9995 - vc_loss: 2.8933 - weighted_kl_loss: 1.4272
Epoch 93/200
93/93 - 52s - 564ms/step - accuracy: 0.7323 - autoencoder_loss: 2.2886 - kl_loss: 1.2889 - loss: 2.7458 - reconstruction_loss: 0.9997 - vc_loss: 2.9418 - weighted_kl_loss: 1.2889
Epoch 91/200
93/93 - 53s - 570ms/step - accuracy: 0.7247 - autoencoder_loss: 1.7460 - kl_loss: 0.7465 - loss: 3.3880 - reconstruction_loss: 0.9995 - vc_loss: 4.0917 - weighted_kl_loss: 0.7465
Epoch 87/200
93/93 - 52s - 557ms/step - accuracy: 0.7298 - autoencoder_loss: 2.2924 - kl_loss: 1.2919 - loss: 3.2600 - reconstruction_loss: 1.0005 - vc_loss: 3.6747 - weighted_kl_loss: 1.2919
Epoch 80/200
93/93 - 50s - 537ms/step - accuracy: 0.7323 - autoencoder_loss: 2.2489 - kl_loss: 1.2486 - loss: 2.8435 - reconstruction_loss: 1.0003 - vc_loss: 3.0984 - weighted_kl_loss: 1.2486
Epoch 92/200
93/93 - 52s - 557ms/step - accuracy: 0.7247 - autoencoder_loss: 1.7293 - kl_loss: 0.7297 - loss: 2.7360 - reconstruction_loss: 0.9996 - vc_loss: 3.1675 - weighted_kl_loss: 0.7297
Epoch 88/200
93/93 - 79s - 847ms/step - accuracy: 0.7172 - autoencoder_loss: 2.3631 - kl_loss: 1.3631 - loss: 2.7356 - reconstruction_loss: 1.0000 - vc_loss: 2.8952 - weighted_kl_loss: 1.3631
Epoch 94/200
93/93 - 53s - 570ms/step - accuracy: 0.7298 - autoencoder_loss: 2.2827 - kl_loss: 1.2829 - loss: 3.3579 - reconstruction_loss: 0.9998 - vc_loss: 3.8187 - weighted_kl_loss: 1.2829
Epoch 81/200
93/93 - 55s - 591ms/step - accuracy: 0.7323 - autoencoder_loss: 2.2390 - kl_loss: 1.2396 - loss: 3.3354 - reconstruction_loss: 0.9994 - vc_loss: 3.8053 - weighted_kl_loss: 1.2396
Epoch 93/200
93/93 - 56s - 605ms/step - accuracy: 0.7247 - autoencoder_loss: 1.6899 - kl_loss: 0.6900 - loss: 3.2653 - reconstruction_loss: 0.9999 - vc_loss: 3.9404 - weighted_kl_loss: 0.6900
Epoch 89/200
93/93 - 55s - 592ms/step - accuracy: 0.7172 - autoencoder_loss: 2.3319 - kl_loss: 1.3328 - loss: 3.2342 - reconstruction_loss: 0.9991 - vc_loss: 3.6209 - weighted_kl_loss: 1.3328
Epoch 95/200
93/93 - 56s - 599ms/step - accuracy: 0.7298 - autoencoder_loss: 2.2822 - kl_loss: 1.2815 - loss: 2.7911 - reconstruction_loss: 1.0007 - vc_loss: 3.0092 - weighted_kl_loss: 1.2815
Epoch 82/200
