2026-07-18 13:05:17.949795: I tensorflow/core/util/port.cc:153] oneDNN custom operations are on. You may see slightly different numerical results due to floating-point round-off errors from different computation orders. To turn them off, set the environment variable `TF_ENABLE_ONEDNN_OPTS=0`.
2026-07-18 13:05:18.028279: I tensorflow/core/platform/cpu_feature_guard.cc:210] This TensorFlow binary is optimized to use available CPU instructions in performance-critical operations.
To enable the following instructions: AVX2 AVX512F AVX512_VNNI FMA, in other operations, rebuild TensorFlow with the appropriate compiler flags.
2026-07-18 13:05:39.833843: I tensorflow/core/util/port.cc:153] oneDNN custom operations are on. You may see slightly different numerical results due to floating-point round-off errors from different computation orders. To turn them off, set the environment variable `TF_ENABLE_ONEDNN_OPTS=0`.
WARNING: All log messages before absl::InitializeLog() is called are written to STDERR
I0000 00:00:1784394355.995147  606277 gpu_device.cc:2020] Created device /job:localhost/replica:0/task:0/device:GPU:0 with 43489 MB memory:  -> device: 0, name: NVIDIA L40S, pci bus id: 0000:19:00.0, compute capability: 8.9
I0000 00:00:1784394355.997485  606277 gpu_device.cc:2020] Created device /job:localhost/replica:0/task:0/device:GPU:1 with 43489 MB memory:  -> device: 1, name: NVIDIA L40S, pci bus id: 0000:1a:00.0, compute capability: 8.9
I0000 00:00:1784394355.999568  606277 gpu_device.cc:2020] Created device /job:localhost/replica:0/task:0/device:GPU:2 with 43489 MB memory:  -> device: 2, name: NVIDIA L40S, pci bus id: 0000:b4:00.0, compute capability: 8.9
I0000 00:00:1784394356.001555  606277 gpu_device.cc:2020] Created device /job:localhost/replica:0/task:0/device:GPU:3 with 43489 MB memory:  -> device: 3, name: NVIDIA L40S, pci bus id: 0000:b6:00.0, compute capability: 8.9
2026-07-18 13:06:02.899227: I tensorflow/core/util/port.cc:153] oneDNN custom operations are on. You may see slightly different numerical results due to floating-point round-off errors from different computation orders. To turn them off, set the environment variable `TF_ENABLE_ONEDNN_OPTS=0`.
2026-07-18 13:06:02.976461: I tensorflow/core/platform/cpu_feature_guard.cc:210] This TensorFlow binary is optimized to use available CPU instructions in performance-critical operations.
To enable the following instructions: AVX2 AVX512F AVX512_VNNI FMA, in other operations, rebuild TensorFlow with the appropriate compiler flags.
2026-07-18 13:06:09.179751: I tensorflow/core/util/port.cc:153] oneDNN custom operations are on. You may see slightly different numerical results due to floating-point round-off errors from different computation orders. To turn them off, set the environment variable `TF_ENABLE_ONEDNN_OPTS=0`.
2026-07-18 13:06:20.411524: I tensorflow/core/util/port.cc:153] oneDNN custom operations are on. You may see slightly different numerical results due to floating-point round-off errors from different computation orders. To turn them off, set the environment variable `TF_ENABLE_ONEDNN_OPTS=0`.
2026-07-18 13:06:20.484581: I tensorflow/core/platform/cpu_feature_guard.cc:210] This TensorFlow binary is optimized to use available CPU instructions in performance-critical operations.
To enable the following instructions: AVX2 AVX512F AVX512_VNNI FMA, in other operations, rebuild TensorFlow with the appropriate compiler flags.
2026-07-18 13:06:27.135720: I tensorflow/core/util/port.cc:153] oneDNN custom operations are on. You may see slightly different numerical results due to floating-point round-off errors from different computation orders. To turn them off, set the environment variable `TF_ENABLE_ONEDNN_OPTS=0`.
WARNING: All log messages before absl::InitializeLog() is called are written to STDERR
I0000 00:00:1784394389.718501  606370 gpu_device.cc:2020] Created device /job:localhost/replica:0/task:0/device:GPU:0 with 43489 MB memory:  -> device: 0, name: NVIDIA L40S, pci bus id: 0000:19:00.0, compute capability: 8.9
2026-07-18 13:06:35.055579: I tensorflow/core/util/port.cc:153] oneDNN custom operations are on. You may see slightly different numerical results due to floating-point round-off errors from different computation orders. To turn them off, set the environment variable `TF_ENABLE_ONEDNN_OPTS=0`.
2026-07-18 13:06:35.132285: I tensorflow/core/platform/cpu_feature_guard.cc:210] This TensorFlow binary is optimized to use available CPU instructions in performance-critical operations.
To enable the following instructions: AVX2 AVX512F AVX512_VNNI FMA, in other operations, rebuild TensorFlow with the appropriate compiler flags.
2026-07-18 13:06:43.176972: I tensorflow/core/util/port.cc:153] oneDNN custom operations are on. You may see slightly different numerical results due to floating-point round-off errors from different computation orders. To turn them off, set the environment variable `TF_ENABLE_ONEDNN_OPTS=0`.
WARNING: All log messages before absl::InitializeLog() is called are written to STDERR
I0000 00:00:1784394407.618122  606373 gpu_device.cc:2020] Created device /job:localhost/replica:0/task:0/device:GPU:0 with 43489 MB memory:  -> device: 0, name: NVIDIA L40S, pci bus id: 0000:1a:00.0, compute capability: 8.9
2026-07-18 13:06:53.719838: I tensorflow/core/util/port.cc:153] oneDNN custom operations are on. You may see slightly different numerical results due to floating-point round-off errors from different computation orders. To turn them off, set the environment variable `TF_ENABLE_ONEDNN_OPTS=0`.
2026-07-18 13:06:53.792240: I tensorflow/core/platform/cpu_feature_guard.cc:210] This TensorFlow binary is optimized to use available CPU instructions in performance-critical operations.
To enable the following instructions: AVX2 AVX512F AVX512_VNNI FMA, in other operations, rebuild TensorFlow with the appropriate compiler flags.
2026-07-18 13:07:00.027519: I tensorflow/core/util/port.cc:153] oneDNN custom operations are on. You may see slightly different numerical results due to floating-point round-off errors from different computation orders. To turn them off, set the environment variable `TF_ENABLE_ONEDNN_OPTS=0`.
WARNING: All log messages before absl::InitializeLog() is called are written to STDERR
I0000 00:00:1784394423.578124  606399 gpu_device.cc:2020] Created device /job:localhost/replica:0/task:0/device:GPU:0 with 43489 MB memory:  -> device: 0, name: NVIDIA L40S, pci bus id: 0000:b4:00.0, compute capability: 8.9
2026-07-18 13:07:08.523216: I tensorflow/core/util/port.cc:153] oneDNN custom operations are on. You may see slightly different numerical results due to floating-point round-off errors from different computation orders. To turn them off, set the environment variable `TF_ENABLE_ONEDNN_OPTS=0`.
2026-07-18 13:07:08.600823: I tensorflow/core/platform/cpu_feature_guard.cc:210] This TensorFlow binary is optimized to use available CPU instructions in performance-critical operations.
To enable the following instructions: AVX2 AVX512F AVX512_VNNI FMA, in other operations, rebuild TensorFlow with the appropriate compiler flags.
2026-07-18 13:07:15.036896: I tensorflow/core/util/port.cc:153] oneDNN custom operations are on. You may see slightly different numerical results due to floating-point round-off errors from different computation orders. To turn them off, set the environment variable `TF_ENABLE_ONEDNN_OPTS=0`.
WARNING: All log messages before absl::InitializeLog() is called are written to STDERR
I0000 00:00:1784394437.892308  606421 gpu_device.cc:2020] Created device /job:localhost/replica:0/task:0/device:GPU:0 with 43489 MB memory:  -> device: 0, name: NVIDIA L40S, pci bus id: 0000:b6:00.0, compute capability: 8.9
2026-07-18 13:07:18.842132: I external/local_xla/xla/stream_executor/cuda/cuda_dnn.cc:473] Loaded cuDNN version 91100
2026-07-18 13:07:18.846546: I external/local_xla/xla/stream_executor/cuda/cuda_dnn.cc:473] Loaded cuDNN version 91100
2026-07-18 13:07:18.861100: I external/local_xla/xla/stream_executor/cuda/cuda_dnn.cc:473] Loaded cuDNN version 91100
2026-07-18 13:07:19.268536: I external/local_xla/xla/stream_executor/cuda/cuda_dnn.cc:473] Loaded cuDNN version 91100
/nas/longleaf/home/inserra/EEGProc/venv312/lib/python3.12/site-packages/sklearn/metrics/_classification.py:259: UserWarning: The y_prob values do not sum to one. Make sure to pass probabilities.
  warnings.warn(
/nas/longleaf/home/inserra/EEGProc/venv312/lib/python3.12/site-packages/sklearn/metrics/_classification.py:259: UserWarning: The y_prob values do not sum to one. Make sure to pass probabilities.
  warnings.warn(
/nas/longleaf/home/inserra/EEGProc/venv312/lib/python3.12/site-packages/sklearn/metrics/_classification.py:259: UserWarning: The y_prob values do not sum to one. Make sure to pass probabilities.
  warnings.warn(
/nas/longleaf/home/inserra/EEGProc/venv312/lib/python3.12/site-packages/sklearn/metrics/_classification.py:259: UserWarning: The y_prob values do not sum to one. Make sure to pass probabilities.
  warnings.warn(
/nas/longleaf/home/inserra/EEGProc/venv312/lib/python3.12/site-packages/sklearn/metrics/_classification.py:259: UserWarning: The y_prob values do not sum to one. Make sure to pass probabilities.
  warnings.warn(
/nas/longleaf/home/inserra/EEGProc/venv312/lib/python3.12/site-packages/sklearn/metrics/_classification.py:259: UserWarning: The y_prob values do not sum to one. Make sure to pass probabilities.
  warnings.warn(
/nas/longleaf/home/inserra/EEGProc/venv312/lib/python3.12/site-packages/sklearn/metrics/_classification.py:259: UserWarning: The y_prob values do not sum to one. Make sure to pass probabilities.
  warnings.warn(
/nas/longleaf/home/inserra/EEGProc/venv312/lib/python3.12/site-packages/sklearn/metrics/_classification.py:259: UserWarning: The y_prob values do not sum to one. Make sure to pass probabilities.
  warnings.warn(
/nas/longleaf/home/inserra/EEGProc/venv312/lib/python3.12/site-packages/sklearn/metrics/_classification.py:259: UserWarning: The y_prob values do not sum to one. Make sure to pass probabilities.
  warnings.warn(
/nas/longleaf/home/inserra/EEGProc/venv312/lib/python3.12/site-packages/sklearn/metrics/_classification.py:259: UserWarning: The y_prob values do not sum to one. Make sure to pass probabilities.
  warnings.warn(
/nas/longleaf/home/inserra/EEGProc/venv312/lib/python3.12/site-packages/sklearn/metrics/_classification.py:259: UserWarning: The y_prob values do not sum to one. Make sure to pass probabilities.
  warnings.warn(
/nas/longleaf/home/inserra/EEGProc/venv312/lib/python3.12/site-packages/sklearn/metrics/_classification.py:259: UserWarning: The y_prob values do not sum to one. Make sure to pass probabilities.
  warnings.warn(
/nas/longleaf/home/inserra/EEGProc/venv312/lib/python3.12/site-packages/sklearn/metrics/_classification.py:259: UserWarning: The y_prob values do not sum to one. Make sure to pass probabilities.
  warnings.warn(
/nas/longleaf/home/inserra/EEGProc/venv312/lib/python3.12/site-packages/sklearn/metrics/_classification.py:259: UserWarning: The y_prob values do not sum to one. Make sure to pass probabilities.
  warnings.warn(
/nas/longleaf/home/inserra/EEGProc/venv312/lib/python3.12/site-packages/sklearn/metrics/_classification.py:259: UserWarning: The y_prob values do not sum to one. Make sure to pass probabilities.
  warnings.warn(
/nas/longleaf/home/inserra/EEGProc/venv312/lib/python3.12/site-packages/sklearn/metrics/_classification.py:259: UserWarning: The y_prob values do not sum to one. Make sure to pass probabilities.
  warnings.warn(
/nas/longleaf/home/inserra/EEGProc/venv312/lib/python3.12/site-packages/sklearn/metrics/_classification.py:259: UserWarning: The y_prob values do not sum to one. Make sure to pass probabilities.
  warnings.warn(
/nas/longleaf/home/inserra/EEGProc/venv312/lib/python3.12/site-packages/sklearn/metrics/_classification.py:259: UserWarning: The y_prob values do not sum to one. Make sure to pass probabilities.
  warnings.warn(
/nas/longleaf/home/inserra/EEGProc/venv312/lib/python3.12/site-packages/sklearn/metrics/_classification.py:259: UserWarning: The y_prob values do not sum to one. Make sure to pass probabilities.
  warnings.warn(
/nas/longleaf/home/inserra/EEGProc/venv312/lib/python3.12/site-packages/sklearn/metrics/_classification.py:259: UserWarning: The y_prob values do not sum to one. Make sure to pass probabilities.
  warnings.warn(
/nas/longleaf/home/inserra/EEGProc/venv312/lib/python3.12/site-packages/sklearn/metrics/_classification.py:259: UserWarning: The y_prob values do not sum to one. Make sure to pass probabilities.
  warnings.warn(
/nas/longleaf/home/inserra/EEGProc/venv312/lib/python3.12/site-packages/sklearn/metrics/_classification.py:259: UserWarning: The y_prob values do not sum to one. Make sure to pass probabilities.
  warnings.warn(
/nas/longleaf/home/inserra/EEGProc/venv312/lib/python3.12/site-packages/sklearn/metrics/_classification.py:259: UserWarning: The y_prob values do not sum to one. Make sure to pass probabilities.
  warnings.warn(
/nas/longleaf/home/inserra/EEGProc/venv312/lib/python3.12/site-packages/sklearn/metrics/_classification.py:259: UserWarning: The y_prob values do not sum to one. Make sure to pass probabilities.
  warnings.warn(
/nas/longleaf/home/inserra/EEGProc/venv312/lib/python3.12/site-packages/sklearn/metrics/_classification.py:259: UserWarning: The y_prob values do not sum to one. Make sure to pass probabilities.
  warnings.warn(
/nas/longleaf/home/inserra/EEGProc/venv312/lib/python3.12/site-packages/sklearn/metrics/_classification.py:259: UserWarning: The y_prob values do not sum to one. Make sure to pass probabilities.
  warnings.warn(
/nas/longleaf/home/inserra/EEGProc/venv312/lib/python3.12/site-packages/sklearn/metrics/_classification.py:259: UserWarning: The y_prob values do not sum to one. Make sure to pass probabilities.
  warnings.warn(
/nas/longleaf/home/inserra/EEGProc/venv312/lib/python3.12/site-packages/sklearn/metrics/_classification.py:259: UserWarning: The y_prob values do not sum to one. Make sure to pass probabilities.
  warnings.warn(
/nas/longleaf/home/inserra/EEGProc/venv312/lib/python3.12/site-packages/sklearn/metrics/_classification.py:259: UserWarning: The y_prob values do not sum to one. Make sure to pass probabilities.
  warnings.warn(
/nas/longleaf/home/inserra/EEGProc/venv312/lib/python3.12/site-packages/sklearn/metrics/_classification.py:259: UserWarning: The y_prob values do not sum to one. Make sure to pass probabilities.
  warnings.warn(
/nas/longleaf/home/inserra/EEGProc/venv312/lib/python3.12/site-packages/sklearn/metrics/_classification.py:259: UserWarning: The y_prob values do not sum to one. Make sure to pass probabilities.
  warnings.warn(
/nas/longleaf/home/inserra/EEGProc/venv312/lib/python3.12/site-packages/sklearn/metrics/_classification.py:259: UserWarning: The y_prob values do not sum to one. Make sure to pass probabilities.
  warnings.warn(
/nas/longleaf/home/inserra/EEGProc/venv312/lib/python3.12/site-packages/sklearn/metrics/_classification.py:259: UserWarning: The y_prob values do not sum to one. Make sure to pass probabilities.
  warnings.warn(
/nas/longleaf/home/inserra/EEGProc/venv312/lib/python3.12/site-packages/sklearn/metrics/_classification.py:259: UserWarning: The y_prob values do not sum to one. Make sure to pass probabilities.
  warnings.warn(
/nas/longleaf/home/inserra/EEGProc/venv312/lib/python3.12/site-packages/sklearn/metrics/_classification.py:259: UserWarning: The y_prob values do not sum to one. Make sure to pass probabilities.
  warnings.warn(
/nas/longleaf/home/inserra/EEGProc/venv312/lib/python3.12/site-packages/sklearn/metrics/_classification.py:259: UserWarning: The y_prob values do not sum to one. Make sure to pass probabilities.
  warnings.warn(
/nas/longleaf/home/inserra/EEGProc/venv312/lib/python3.12/site-packages/sklearn/metrics/_classification.py:259: UserWarning: The y_prob values do not sum to one. Make sure to pass probabilities.
  warnings.warn(
/nas/longleaf/home/inserra/EEGProc/venv312/lib/python3.12/site-packages/sklearn/metrics/_classification.py:259: UserWarning: The y_prob values do not sum to one. Make sure to pass probabilities.
  warnings.warn(
/nas/longleaf/home/inserra/EEGProc/venv312/lib/python3.12/site-packages/sklearn/metrics/_classification.py:259: UserWarning: The y_prob values do not sum to one. Make sure to pass probabilities.
  warnings.warn(
/nas/longleaf/home/inserra/EEGProc/venv312/lib/python3.12/site-packages/sklearn/metrics/_classification.py:259: UserWarning: The y_prob values do not sum to one. Make sure to pass probabilities.
  warnings.warn(
/nas/longleaf/home/inserra/EEGProc/venv312/lib/python3.12/site-packages/sklearn/metrics/_classification.py:259: UserWarning: The y_prob values do not sum to one. Make sure to pass probabilities.
  warnings.warn(
/nas/longleaf/home/inserra/EEGProc/venv312/lib/python3.12/site-packages/sklearn/metrics/_classification.py:259: UserWarning: The y_prob values do not sum to one. Make sure to pass probabilities.
  warnings.warn(
/nas/longleaf/home/inserra/EEGProc/venv312/lib/python3.12/site-packages/sklearn/metrics/_classification.py:259: UserWarning: The y_prob values do not sum to one. Make sure to pass probabilities.
  warnings.warn(
/nas/longleaf/home/inserra/EEGProc/venv312/lib/python3.12/site-packages/sklearn/metrics/_classification.py:259: UserWarning: The y_prob values do not sum to one. Make sure to pass probabilities.
  warnings.warn(
/nas/longleaf/home/inserra/EEGProc/venv312/lib/python3.12/site-packages/sklearn/metrics/_classification.py:259: UserWarning: The y_prob values do not sum to one. Make sure to pass probabilities.
  warnings.warn(
/nas/longleaf/home/inserra/EEGProc/venv312/lib/python3.12/site-packages/sklearn/metrics/_classification.py:259: UserWarning: The y_prob values do not sum to one. Make sure to pass probabilities.
  warnings.warn(
2026-07-18 14:53:41.256089: I tensorflow/core/util/port.cc:153] oneDNN custom operations are on. You may see slightly different numerical results due to floating-point round-off errors from different computation orders. To turn them off, set the environment variable `TF_ENABLE_ONEDNN_OPTS=0`.
2026-07-18 14:53:41.330590: I tensorflow/core/platform/cpu_feature_guard.cc:210] This TensorFlow binary is optimized to use available CPU instructions in performance-critical operations.
To enable the following instructions: AVX2 AVX512F AVX512_VNNI FMA, in other operations, rebuild TensorFlow with the appropriate compiler flags.
2026-07-18 14:53:50.689672: I tensorflow/core/util/port.cc:153] oneDNN custom operations are on. You may see slightly different numerical results due to floating-point round-off errors from different computation orders. To turn them off, set the environment variable `TF_ENABLE_ONEDNN_OPTS=0`.
WARNING: All log messages before absl::InitializeLog() is called are written to STDERR
I0000 00:00:1784400835.027897  705564 gpu_device.cc:2020] Created device /job:localhost/replica:0/task:0/device:GPU:0 with 43489 MB memory:  -> device: 0, name: NVIDIA L40S, pci bus id: 0000:19:00.0, compute capability: 8.9
2026-07-18 14:53:59.996224: I tensorflow/core/util/port.cc:153] oneDNN custom operations are on. You may see slightly different numerical results due to floating-point round-off errors from different computation orders. To turn them off, set the environment variable `TF_ENABLE_ONEDNN_OPTS=0`.
2026-07-18 14:54:00.072113: I tensorflow/core/platform/cpu_feature_guard.cc:210] This TensorFlow binary is optimized to use available CPU instructions in performance-critical operations.
To enable the following instructions: AVX2 AVX512F AVX512_VNNI FMA, in other operations, rebuild TensorFlow with the appropriate compiler flags.
2026-07-18 14:54:06.192720: I tensorflow/core/util/port.cc:153] oneDNN custom operations are on. You may see slightly different numerical results due to floating-point round-off errors from different computation orders. To turn them off, set the environment variable `TF_ENABLE_ONEDNN_OPTS=0`.
WARNING: All log messages before absl::InitializeLog() is called are written to STDERR
I0000 00:00:1784400848.798220  705580 gpu_device.cc:2020] Created device /job:localhost/replica:0/task:0/device:GPU:0 with 43489 MB memory:  -> device: 0, name: NVIDIA L40S, pci bus id: 0000:1a:00.0, compute capability: 8.9
2026-07-18 14:54:12.958447: I tensorflow/core/util/port.cc:153] oneDNN custom operations are on. You may see slightly different numerical results due to floating-point round-off errors from different computation orders. To turn them off, set the environment variable `TF_ENABLE_ONEDNN_OPTS=0`.
2026-07-18 14:54:13.036421: I tensorflow/core/platform/cpu_feature_guard.cc:210] This TensorFlow binary is optimized to use available CPU instructions in performance-critical operations.
To enable the following instructions: AVX2 AVX512F AVX512_VNNI FMA, in other operations, rebuild TensorFlow with the appropriate compiler flags.
2026-07-18 14:54:18.493530: I tensorflow/core/util/port.cc:153] oneDNN custom operations are on. You may see slightly different numerical results due to floating-point round-off errors from different computation orders. To turn them off, set the environment variable `TF_ENABLE_ONEDNN_OPTS=0`.
WARNING: All log messages before absl::InitializeLog() is called are written to STDERR
I0000 00:00:1784400860.879923  705593 gpu_device.cc:2020] Created device /job:localhost/replica:0/task:0/device:GPU:0 with 43489 MB memory:  -> device: 0, name: NVIDIA L40S, pci bus id: 0000:b4:00.0, compute capability: 8.9
2026-07-18 14:54:25.367932: I tensorflow/core/util/port.cc:153] oneDNN custom operations are on. You may see slightly different numerical results due to floating-point round-off errors from different computation orders. To turn them off, set the environment variable `TF_ENABLE_ONEDNN_OPTS=0`.
2026-07-18 14:54:25.443391: I tensorflow/core/platform/cpu_feature_guard.cc:210] This TensorFlow binary is optimized to use available CPU instructions in performance-critical operations.
To enable the following instructions: AVX2 AVX512F AVX512_VNNI FMA, in other operations, rebuild TensorFlow with the appropriate compiler flags.
2026-07-18 14:54:31.522604: I tensorflow/core/util/port.cc:153] oneDNN custom operations are on. You may see slightly different numerical results due to floating-point round-off errors from different computation orders. To turn them off, set the environment variable `TF_ENABLE_ONEDNN_OPTS=0`.
WARNING: All log messages before absl::InitializeLog() is called are written to STDERR
I0000 00:00:1784400874.556003  705612 gpu_device.cc:2020] Created device /job:localhost/replica:0/task:0/device:GPU:0 with 43489 MB memory:  -> device: 0, name: NVIDIA L40S, pci bus id: 0000:b6:00.0, compute capability: 8.9
2026-07-18 14:54:35.459351: I external/local_xla/xla/stream_executor/cuda/cuda_dnn.cc:473] Loaded cuDNN version 91100
2026-07-18 14:54:35.504379: I external/local_xla/xla/stream_executor/cuda/cuda_dnn.cc:473] Loaded cuDNN version 91100
2026-07-18 14:54:35.508159: I external/local_xla/xla/stream_executor/cuda/cuda_dnn.cc:473] Loaded cuDNN version 91100
2026-07-18 14:54:35.960717: I external/local_xla/xla/stream_executor/cuda/cuda_dnn.cc:473] Loaded cuDNN version 91100
/nas/longleaf/home/inserra/EEGProc/venv312/lib/python3.12/site-packages/sklearn/metrics/_classification.py:259: UserWarning: The y_prob values do not sum to one. Make sure to pass probabilities.
  warnings.warn(
/nas/longleaf/home/inserra/EEGProc/venv312/lib/python3.12/site-packages/sklearn/metrics/_classification.py:259: UserWarning: The y_prob values do not sum to one. Make sure to pass probabilities.
  warnings.warn(
/nas/longleaf/home/inserra/EEGProc/venv312/lib/python3.12/site-packages/sklearn/metrics/_classification.py:259: UserWarning: The y_prob values do not sum to one. Make sure to pass probabilities.
  warnings.warn(
/nas/longleaf/home/inserra/EEGProc/venv312/lib/python3.12/site-packages/sklearn/metrics/_classification.py:259: UserWarning: The y_prob values do not sum to one. Make sure to pass probabilities.
  warnings.warn(
/nas/longleaf/home/inserra/EEGProc/venv312/lib/python3.12/site-packages/sklearn/metrics/_classification.py:259: UserWarning: The y_prob values do not sum to one. Make sure to pass probabilities.
  warnings.warn(
/nas/longleaf/home/inserra/EEGProc/venv312/lib/python3.12/site-packages/sklearn/metrics/_classification.py:259: UserWarning: The y_prob values do not sum to one. Make sure to pass probabilities.
  warnings.warn(
/nas/longleaf/home/inserra/EEGProc/venv312/lib/python3.12/site-packages/sklearn/metrics/_classification.py:259: UserWarning: The y_prob values do not sum to one. Make sure to pass probabilities.
  warnings.warn(
/nas/longleaf/home/inserra/EEGProc/venv312/lib/python3.12/site-packages/sklearn/metrics/_classification.py:259: UserWarning: The y_prob values do not sum to one. Make sure to pass probabilities.
  warnings.warn(
/nas/longleaf/home/inserra/EEGProc/venv312/lib/python3.12/site-packages/sklearn/metrics/_classification.py:259: UserWarning: The y_prob values do not sum to one. Make sure to pass probabilities.
  warnings.warn(
/nas/longleaf/home/inserra/EEGProc/venv312/lib/python3.12/site-packages/sklearn/metrics/_classification.py:259: UserWarning: The y_prob values do not sum to one. Make sure to pass probabilities.
  warnings.warn(
/nas/longleaf/home/inserra/EEGProc/venv312/lib/python3.12/site-packages/sklearn/metrics/_classification.py:259: UserWarning: The y_prob values do not sum to one. Make sure to pass probabilities.
  warnings.warn(
/nas/longleaf/home/inserra/EEGProc/venv312/lib/python3.12/site-packages/sklearn/metrics/_classification.py:259: UserWarning: The y_prob values do not sum to one. Make sure to pass probabilities.
  warnings.warn(
/nas/longleaf/home/inserra/EEGProc/venv312/lib/python3.12/site-packages/sklearn/metrics/_classification.py:259: UserWarning: The y_prob values do not sum to one. Make sure to pass probabilities.
  warnings.warn(
/nas/longleaf/home/inserra/EEGProc/venv312/lib/python3.12/site-packages/sklearn/metrics/_classification.py:259: UserWarning: The y_prob values do not sum to one. Make sure to pass probabilities.
  warnings.warn(
/nas/longleaf/home/inserra/EEGProc/venv312/lib/python3.12/site-packages/sklearn/metrics/_classification.py:259: UserWarning: The y_prob values do not sum to one. Make sure to pass probabilities.
  warnings.warn(
/nas/longleaf/home/inserra/EEGProc/venv312/lib/python3.12/site-packages/sklearn/metrics/_classification.py:259: UserWarning: The y_prob values do not sum to one. Make sure to pass probabilities.
  warnings.warn(
/nas/longleaf/home/inserra/EEGProc/venv312/lib/python3.12/site-packages/sklearn/metrics/_classification.py:259: UserWarning: The y_prob values do not sum to one. Make sure to pass probabilities.
  warnings.warn(
/nas/longleaf/home/inserra/EEGProc/venv312/lib/python3.12/site-packages/sklearn/metrics/_classification.py:259: UserWarning: The y_prob values do not sum to one. Make sure to pass probabilities.
  warnings.warn(
/nas/longleaf/home/inserra/EEGProc/venv312/lib/python3.12/site-packages/sklearn/metrics/_classification.py:259: UserWarning: The y_prob values do not sum to one. Make sure to pass probabilities.
  warnings.warn(
/nas/longleaf/home/inserra/EEGProc/venv312/lib/python3.12/site-packages/sklearn/metrics/_classification.py:259: UserWarning: The y_prob values do not sum to one. Make sure to pass probabilities.
  warnings.warn(
/nas/longleaf/home/inserra/EEGProc/venv312/lib/python3.12/site-packages/sklearn/metrics/_classification.py:259: UserWarning: The y_prob values do not sum to one. Make sure to pass probabilities.
  warnings.warn(
/nas/longleaf/home/inserra/EEGProc/venv312/lib/python3.12/site-packages/sklearn/metrics/_classification.py:259: UserWarning: The y_prob values do not sum to one. Make sure to pass probabilities.
  warnings.warn(
/nas/longleaf/home/inserra/EEGProc/venv312/lib/python3.12/site-packages/sklearn/metrics/_classification.py:259: UserWarning: The y_prob values do not sum to one. Make sure to pass probabilities.
  warnings.warn(
/nas/longleaf/home/inserra/EEGProc/venv312/lib/python3.12/site-packages/sklearn/metrics/_classification.py:259: UserWarning: The y_prob values do not sum to one. Make sure to pass probabilities.
  warnings.warn(
/nas/longleaf/home/inserra/EEGProc/venv312/lib/python3.12/site-packages/sklearn/metrics/_classification.py:259: UserWarning: The y_prob values do not sum to one. Make sure to pass probabilities.
  warnings.warn(
/nas/longleaf/home/inserra/EEGProc/venv312/lib/python3.12/site-packages/sklearn/metrics/_classification.py:259: UserWarning: The y_prob values do not sum to one. Make sure to pass probabilities.
  warnings.warn(
/nas/longleaf/home/inserra/EEGProc/venv312/lib/python3.12/site-packages/sklearn/metrics/_classification.py:259: UserWarning: The y_prob values do not sum to one. Make sure to pass probabilities.
  warnings.warn(
/nas/longleaf/home/inserra/EEGProc/venv312/lib/python3.12/site-packages/sklearn/metrics/_classification.py:259: UserWarning: The y_prob values do not sum to one. Make sure to pass probabilities.
  warnings.warn(
/nas/longleaf/home/inserra/EEGProc/venv312/lib/python3.12/site-packages/sklearn/metrics/_classification.py:259: UserWarning: The y_prob values do not sum to one. Make sure to pass probabilities.
  warnings.warn(
/nas/longleaf/home/inserra/EEGProc/venv312/lib/python3.12/site-packages/sklearn/metrics/_classification.py:259: UserWarning: The y_prob values do not sum to one. Make sure to pass probabilities.
  warnings.warn(
/nas/longleaf/home/inserra/EEGProc/venv312/lib/python3.12/site-packages/sklearn/metrics/_classification.py:259: UserWarning: The y_prob values do not sum to one. Make sure to pass probabilities.
  warnings.warn(
/nas/longleaf/home/inserra/EEGProc/venv312/lib/python3.12/site-packages/sklearn/metrics/_classification.py:259: UserWarning: The y_prob values do not sum to one. Make sure to pass probabilities.
  warnings.warn(
/nas/longleaf/home/inserra/EEGProc/venv312/lib/python3.12/site-packages/sklearn/metrics/_classification.py:259: UserWarning: The y_prob values do not sum to one. Make sure to pass probabilities.
  warnings.warn(
/nas/longleaf/home/inserra/EEGProc/venv312/lib/python3.12/site-packages/sklearn/metrics/_classification.py:259: UserWarning: The y_prob values do not sum to one. Make sure to pass probabilities.
  warnings.warn(
/nas/longleaf/home/inserra/EEGProc/venv312/lib/python3.12/site-packages/sklearn/metrics/_classification.py:259: UserWarning: The y_prob values do not sum to one. Make sure to pass probabilities.
  warnings.warn(
/nas/longleaf/home/inserra/EEGProc/venv312/lib/python3.12/site-packages/sklearn/metrics/_classification.py:259: UserWarning: The y_prob values do not sum to one. Make sure to pass probabilities.
  warnings.warn(
/nas/longleaf/home/inserra/EEGProc/venv312/lib/python3.12/site-packages/sklearn/metrics/_classification.py:259: UserWarning: The y_prob values do not sum to one. Make sure to pass probabilities.
  warnings.warn(
/nas/longleaf/home/inserra/EEGProc/venv312/lib/python3.12/site-packages/sklearn/metrics/_classification.py:259: UserWarning: The y_prob values do not sum to one. Make sure to pass probabilities.
  warnings.warn(
/nas/longleaf/home/inserra/EEGProc/venv312/lib/python3.12/site-packages/sklearn/metrics/_classification.py:259: UserWarning: The y_prob values do not sum to one. Make sure to pass probabilities.
  warnings.warn(
/nas/longleaf/home/inserra/EEGProc/venv312/lib/python3.12/site-packages/sklearn/metrics/_classification.py:259: UserWarning: The y_prob values do not sum to one. Make sure to pass probabilities.
  warnings.warn(
/nas/longleaf/home/inserra/EEGProc/venv312/lib/python3.12/site-packages/sklearn/metrics/_classification.py:259: UserWarning: The y_prob values do not sum to one. Make sure to pass probabilities.
  warnings.warn(
/nas/longleaf/home/inserra/EEGProc/venv312/lib/python3.12/site-packages/sklearn/metrics/_classification.py:259: UserWarning: The y_prob values do not sum to one. Make sure to pass probabilities.
  warnings.warn(
2026-07-18 16:39:54.359258: I tensorflow/core/util/port.cc:153] oneDNN custom operations are on. You may see slightly different numerical results due to floating-point round-off errors from different computation orders. To turn them off, set the environment variable `TF_ENABLE_ONEDNN_OPTS=0`.
2026-07-18 16:39:54.433538: I tensorflow/core/platform/cpu_feature_guard.cc:210] This TensorFlow binary is optimized to use available CPU instructions in performance-critical operations.
To enable the following instructions: AVX2 AVX512F AVX512_VNNI FMA, in other operations, rebuild TensorFlow with the appropriate compiler flags.
2026-07-18 16:40:02.521478: I tensorflow/core/util/port.cc:153] oneDNN custom operations are on. You may see slightly different numerical results due to floating-point round-off errors from different computation orders. To turn them off, set the environment variable `TF_ENABLE_ONEDNN_OPTS=0`.
WARNING: All log messages before absl::InitializeLog() is called are written to STDERR
I0000 00:00:1784407206.129751  803101 gpu_device.cc:2020] Created device /job:localhost/replica:0/task:0/device:GPU:0 with 43489 MB memory:  -> device: 0, name: NVIDIA L40S, pci bus id: 0000:19:00.0, compute capability: 8.9
2026-07-18 16:40:10.329733: I tensorflow/core/util/port.cc:153] oneDNN custom operations are on. You may see slightly different numerical results due to floating-point round-off errors from different computation orders. To turn them off, set the environment variable `TF_ENABLE_ONEDNN_OPTS=0`.
2026-07-18 16:40:10.404113: I tensorflow/core/platform/cpu_feature_guard.cc:210] This TensorFlow binary is optimized to use available CPU instructions in performance-critical operations.
To enable the following instructions: AVX2 AVX512F AVX512_VNNI FMA, in other operations, rebuild TensorFlow with the appropriate compiler flags.
2026-07-18 16:40:15.473000: I tensorflow/core/util/port.cc:153] oneDNN custom operations are on. You may see slightly different numerical results due to floating-point round-off errors from different computation orders. To turn them off, set the environment variable `TF_ENABLE_ONEDNN_OPTS=0`.
WARNING: All log messages before absl::InitializeLog() is called are written to STDERR
I0000 00:00:1784407217.721965  803107 gpu_device.cc:2020] Created device /job:localhost/replica:0/task:0/device:GPU:0 with 43489 MB memory:  -> device: 0, name: NVIDIA L40S, pci bus id: 0000:1a:00.0, compute capability: 8.9
2026-07-18 16:40:21.432177: I tensorflow/core/util/port.cc:153] oneDNN custom operations are on. You may see slightly different numerical results due to floating-point round-off errors from different computation orders. To turn them off, set the environment variable `TF_ENABLE_ONEDNN_OPTS=0`.
2026-07-18 16:40:21.504768: I tensorflow/core/platform/cpu_feature_guard.cc:210] This TensorFlow binary is optimized to use available CPU instructions in performance-critical operations.
To enable the following instructions: AVX2 AVX512F AVX512_VNNI FMA, in other operations, rebuild TensorFlow with the appropriate compiler flags.
2026-07-18 16:40:27.045501: I tensorflow/core/util/port.cc:153] oneDNN custom operations are on. You may see slightly different numerical results due to floating-point round-off errors from different computation orders. To turn them off, set the environment variable `TF_ENABLE_ONEDNN_OPTS=0`.
WARNING: All log messages before absl::InitializeLog() is called are written to STDERR
I0000 00:00:1784407229.678507  803135 gpu_device.cc:2020] Created device /job:localhost/replica:0/task:0/device:GPU:0 with 43489 MB memory:  -> device: 0, name: NVIDIA L40S, pci bus id: 0000:b4:00.0, compute capability: 8.9
2026-07-18 16:40:33.793224: I tensorflow/core/util/port.cc:153] oneDNN custom operations are on. You may see slightly different numerical results due to floating-point round-off errors from different computation orders. To turn them off, set the environment variable `TF_ENABLE_ONEDNN_OPTS=0`.
2026-07-18 16:40:33.866348: I tensorflow/core/platform/cpu_feature_guard.cc:210] This TensorFlow binary is optimized to use available CPU instructions in performance-critical operations.
To enable the following instructions: AVX2 AVX512F AVX512_VNNI FMA, in other operations, rebuild TensorFlow with the appropriate compiler flags.
2026-07-18 16:40:39.599243: I tensorflow/core/util/port.cc:153] oneDNN custom operations are on. You may see slightly different numerical results due to floating-point round-off errors from different computation orders. To turn them off, set the environment variable `TF_ENABLE_ONEDNN_OPTS=0`.
WARNING: All log messages before absl::InitializeLog() is called are written to STDERR
I0000 00:00:1784407242.256071  803149 gpu_device.cc:2020] Created device /job:localhost/replica:0/task:0/device:GPU:0 with 43489 MB memory:  -> device: 0, name: NVIDIA L40S, pci bus id: 0000:b6:00.0, compute capability: 8.9
2026-07-18 16:40:43.200140: I external/local_xla/xla/stream_executor/cuda/cuda_dnn.cc:473] Loaded cuDNN version 91100
2026-07-18 16:40:43.248524: I external/local_xla/xla/stream_executor/cuda/cuda_dnn.cc:473] Loaded cuDNN version 91100
2026-07-18 16:40:43.253072: I external/local_xla/xla/stream_executor/cuda/cuda_dnn.cc:473] Loaded cuDNN version 91100
2026-07-18 16:40:43.666192: I external/local_xla/xla/stream_executor/cuda/cuda_dnn.cc:473] Loaded cuDNN version 91100
/nas/longleaf/home/inserra/EEGProc/venv312/lib/python3.12/site-packages/sklearn/metrics/_classification.py:259: UserWarning: The y_prob values do not sum to one. Make sure to pass probabilities.
  warnings.warn(
/nas/longleaf/home/inserra/EEGProc/venv312/lib/python3.12/site-packages/sklearn/metrics/_classification.py:259: UserWarning: The y_prob values do not sum to one. Make sure to pass probabilities.
  warnings.warn(
/nas/longleaf/home/inserra/EEGProc/venv312/lib/python3.12/site-packages/sklearn/metrics/_classification.py:259: UserWarning: The y_prob values do not sum to one. Make sure to pass probabilities.
  warnings.warn(
/nas/longleaf/home/inserra/EEGProc/venv312/lib/python3.12/site-packages/sklearn/metrics/_classification.py:259: UserWarning: The y_prob values do not sum to one. Make sure to pass probabilities.
  warnings.warn(
/nas/longleaf/home/inserra/EEGProc/venv312/lib/python3.12/site-packages/sklearn/metrics/_classification.py:259: UserWarning: The y_prob values do not sum to one. Make sure to pass probabilities.
  warnings.warn(
/nas/longleaf/home/inserra/EEGProc/venv312/lib/python3.12/site-packages/sklearn/metrics/_classification.py:259: UserWarning: The y_prob values do not sum to one. Make sure to pass probabilities.
  warnings.warn(
/nas/longleaf/home/inserra/EEGProc/venv312/lib/python3.12/site-packages/sklearn/metrics/_classification.py:259: UserWarning: The y_prob values do not sum to one. Make sure to pass probabilities.
  warnings.warn(
/nas/longleaf/home/inserra/EEGProc/venv312/lib/python3.12/site-packages/sklearn/metrics/_classification.py:259: UserWarning: The y_prob values do not sum to one. Make sure to pass probabilities.
  warnings.warn(
/nas/longleaf/home/inserra/EEGProc/venv312/lib/python3.12/site-packages/sklearn/metrics/_classification.py:259: UserWarning: The y_prob values do not sum to one. Make sure to pass probabilities.
  warnings.warn(
/nas/longleaf/home/inserra/EEGProc/venv312/lib/python3.12/site-packages/sklearn/metrics/_classification.py:259: UserWarning: The y_prob values do not sum to one. Make sure to pass probabilities.
  warnings.warn(
/nas/longleaf/home/inserra/EEGProc/venv312/lib/python3.12/site-packages/sklearn/metrics/_classification.py:259: UserWarning: The y_prob values do not sum to one. Make sure to pass probabilities.
  warnings.warn(
/nas/longleaf/home/inserra/EEGProc/venv312/lib/python3.12/site-packages/sklearn/metrics/_classification.py:259: UserWarning: The y_prob values do not sum to one. Make sure to pass probabilities.
  warnings.warn(
/nas/longleaf/home/inserra/EEGProc/venv312/lib/python3.12/site-packages/sklearn/metrics/_classification.py:259: UserWarning: The y_prob values do not sum to one. Make sure to pass probabilities.
  warnings.warn(
/nas/longleaf/home/inserra/EEGProc/venv312/lib/python3.12/site-packages/sklearn/metrics/_classification.py:259: UserWarning: The y_prob values do not sum to one. Make sure to pass probabilities.
  warnings.warn(
/nas/longleaf/home/inserra/EEGProc/venv312/lib/python3.12/site-packages/sklearn/metrics/_classification.py:259: UserWarning: The y_prob values do not sum to one. Make sure to pass probabilities.
  warnings.warn(
/nas/longleaf/home/inserra/EEGProc/venv312/lib/python3.12/site-packages/sklearn/metrics/_classification.py:259: UserWarning: The y_prob values do not sum to one. Make sure to pass probabilities.
  warnings.warn(
/nas/longleaf/home/inserra/EEGProc/venv312/lib/python3.12/site-packages/sklearn/metrics/_classification.py:259: UserWarning: The y_prob values do not sum to one. Make sure to pass probabilities.
  warnings.warn(
/nas/longleaf/home/inserra/EEGProc/venv312/lib/python3.12/site-packages/sklearn/metrics/_classification.py:259: UserWarning: The y_prob values do not sum to one. Make sure to pass probabilities.
  warnings.warn(
/nas/longleaf/home/inserra/EEGProc/venv312/lib/python3.12/site-packages/sklearn/metrics/_classification.py:259: UserWarning: The y_prob values do not sum to one. Make sure to pass probabilities.
  warnings.warn(
/nas/longleaf/home/inserra/EEGProc/venv312/lib/python3.12/site-packages/sklearn/metrics/_classification.py:259: UserWarning: The y_prob values do not sum to one. Make sure to pass probabilities.
  warnings.warn(
/nas/longleaf/home/inserra/EEGProc/venv312/lib/python3.12/site-packages/sklearn/metrics/_classification.py:259: UserWarning: The y_prob values do not sum to one. Make sure to pass probabilities.
  warnings.warn(
/nas/longleaf/home/inserra/EEGProc/venv312/lib/python3.12/site-packages/sklearn/metrics/_classification.py:259: UserWarning: The y_prob values do not sum to one. Make sure to pass probabilities.
  warnings.warn(
/nas/longleaf/home/inserra/EEGProc/venv312/lib/python3.12/site-packages/sklearn/metrics/_classification.py:259: UserWarning: The y_prob values do not sum to one. Make sure to pass probabilities.
  warnings.warn(
/nas/longleaf/home/inserra/EEGProc/venv312/lib/python3.12/site-packages/sklearn/metrics/_classification.py:259: UserWarning: The y_prob values do not sum to one. Make sure to pass probabilities.
  warnings.warn(
/nas/longleaf/home/inserra/EEGProc/venv312/lib/python3.12/site-packages/sklearn/metrics/_classification.py:259: UserWarning: The y_prob values do not sum to one. Make sure to pass probabilities.
  warnings.warn(
/nas/longleaf/home/inserra/EEGProc/venv312/lib/python3.12/site-packages/sklearn/metrics/_classification.py:259: UserWarning: The y_prob values do not sum to one. Make sure to pass probabilities.
  warnings.warn(
/nas/longleaf/home/inserra/EEGProc/venv312/lib/python3.12/site-packages/sklearn/metrics/_classification.py:259: UserWarning: The y_prob values do not sum to one. Make sure to pass probabilities.
  warnings.warn(
/nas/longleaf/home/inserra/EEGProc/venv312/lib/python3.12/site-packages/sklearn/metrics/_classification.py:259: UserWarning: The y_prob values do not sum to one. Make sure to pass probabilities.
  warnings.warn(
/nas/longleaf/home/inserra/EEGProc/venv312/lib/python3.12/site-packages/sklearn/metrics/_classification.py:259: UserWarning: The y_prob values do not sum to one. Make sure to pass probabilities.
  warnings.warn(
/nas/longleaf/home/inserra/EEGProc/venv312/lib/python3.12/site-packages/sklearn/metrics/_classification.py:259: UserWarning: The y_prob values do not sum to one. Make sure to pass probabilities.
  warnings.warn(
/nas/longleaf/home/inserra/EEGProc/venv312/lib/python3.12/site-packages/sklearn/metrics/_classification.py:259: UserWarning: The y_prob values do not sum to one. Make sure to pass probabilities.
  warnings.warn(
/nas/longleaf/home/inserra/EEGProc/venv312/lib/python3.12/site-packages/sklearn/metrics/_classification.py:259: UserWarning: The y_prob values do not sum to one. Make sure to pass probabilities.
  warnings.warn(
/nas/longleaf/home/inserra/EEGProc/venv312/lib/python3.12/site-packages/sklearn/metrics/_classification.py:259: UserWarning: The y_prob values do not sum to one. Make sure to pass probabilities.
  warnings.warn(
/nas/longleaf/home/inserra/EEGProc/venv312/lib/python3.12/site-packages/sklearn/metrics/_classification.py:259: UserWarning: The y_prob values do not sum to one. Make sure to pass probabilities.
  warnings.warn(
/nas/longleaf/home/inserra/EEGProc/venv312/lib/python3.12/site-packages/sklearn/metrics/_classification.py:259: UserWarning: The y_prob values do not sum to one. Make sure to pass probabilities.
  warnings.warn(
/nas/longleaf/home/inserra/EEGProc/venv312/lib/python3.12/site-packages/sklearn/metrics/_classification.py:259: UserWarning: The y_prob values do not sum to one. Make sure to pass probabilities.
  warnings.warn(
/nas/longleaf/home/inserra/EEGProc/venv312/lib/python3.12/site-packages/sklearn/metrics/_classification.py:259: UserWarning: The y_prob values do not sum to one. Make sure to pass probabilities.
  warnings.warn(
/nas/longleaf/home/inserra/EEGProc/venv312/lib/python3.12/site-packages/sklearn/metrics/_classification.py:259: UserWarning: The y_prob values do not sum to one. Make sure to pass probabilities.
  warnings.warn(
/nas/longleaf/home/inserra/EEGProc/venv312/lib/python3.12/site-packages/sklearn/metrics/_classification.py:259: UserWarning: The y_prob values do not sum to one. Make sure to pass probabilities.
  warnings.warn(
/nas/longleaf/home/inserra/EEGProc/venv312/lib/python3.12/site-packages/sklearn/metrics/_classification.py:259: UserWarning: The y_prob values do not sum to one. Make sure to pass probabilities.
  warnings.warn(
/nas/longleaf/home/inserra/EEGProc/venv312/lib/python3.12/site-packages/sklearn/metrics/_classification.py:259: UserWarning: The y_prob values do not sum to one. Make sure to pass probabilities.
  warnings.warn(
/nas/longleaf/home/inserra/EEGProc/venv312/lib/python3.12/site-packages/sklearn/metrics/_classification.py:259: UserWarning: The y_prob values do not sum to one. Make sure to pass probabilities.
  warnings.warn(
/nas/longleaf/home/inserra/EEGProc/venv312/lib/python3.12/site-packages/sklearn/metrics/_classification.py:259: UserWarning: The y_prob values do not sum to one. Make sure to pass probabilities.
  warnings.warn(
/nas/longleaf/home/inserra/EEGProc/venv312/lib/python3.12/site-packages/sklearn/metrics/_classification.py:259: UserWarning: The y_prob values do not sum to one. Make sure to pass probabilities.
  warnings.warn(
/nas/longleaf/home/inserra/EEGProc/venv312/lib/python3.12/site-packages/sklearn/metrics/_classification.py:259: UserWarning: The y_prob values do not sum to one. Make sure to pass probabilities.
  warnings.warn(
/nas/longleaf/home/inserra/EEGProc/venv312/lib/python3.12/site-packages/sklearn/metrics/_classification.py:259: UserWarning: The y_prob values do not sum to one. Make sure to pass probabilities.
  warnings.warn(
2026-07-18 18:26:54.735584: I tensorflow/core/util/port.cc:153] oneDNN custom operations are on. You may see slightly different numerical results due to floating-point round-off errors from different computation orders. To turn them off, set the environment variable `TF_ENABLE_ONEDNN_OPTS=0`.
2026-07-18 18:26:54.823166: I tensorflow/core/platform/cpu_feature_guard.cc:210] This TensorFlow binary is optimized to use available CPU instructions in performance-critical operations.
To enable the following instructions: AVX2 AVX512F AVX512_VNNI FMA, in other operations, rebuild TensorFlow with the appropriate compiler flags.
2026-07-18 18:27:02.666493: I tensorflow/core/util/port.cc:153] oneDNN custom operations are on. You may see slightly different numerical results due to floating-point round-off errors from different computation orders. To turn them off, set the environment variable `TF_ENABLE_ONEDNN_OPTS=0`.
WARNING: All log messages before absl::InitializeLog() is called are written to STDERR
I0000 00:00:1784413626.696802  900931 gpu_device.cc:2020] Created device /job:localhost/replica:0/task:0/device:GPU:0 with 43489 MB memory:  -> device: 0, name: NVIDIA L40S, pci bus id: 0000:19:00.0, compute capability: 8.9
2026-07-18 18:27:10.715194: I tensorflow/core/util/port.cc:153] oneDNN custom operations are on. You may see slightly different numerical results due to floating-point round-off errors from different computation orders. To turn them off, set the environment variable `TF_ENABLE_ONEDNN_OPTS=0`.
2026-07-18 18:27:10.790571: I tensorflow/core/platform/cpu_feature_guard.cc:210] This TensorFlow binary is optimized to use available CPU instructions in performance-critical operations.
To enable the following instructions: AVX2 AVX512F AVX512_VNNI FMA, in other operations, rebuild TensorFlow with the appropriate compiler flags.
2026-07-18 18:27:15.924214: I tensorflow/core/util/port.cc:153] oneDNN custom operations are on. You may see slightly different numerical results due to floating-point round-off errors from different computation orders. To turn them off, set the environment variable `TF_ENABLE_ONEDNN_OPTS=0`.
WARNING: All log messages before absl::InitializeLog() is called are written to STDERR
I0000 00:00:1784413638.340006  900936 gpu_device.cc:2020] Created device /job:localhost/replica:0/task:0/device:GPU:0 with 43489 MB memory:  -> device: 0, name: NVIDIA L40S, pci bus id: 0000:1a:00.0, compute capability: 8.9
2026-07-18 18:27:22.286854: I tensorflow/core/util/port.cc:153] oneDNN custom operations are on. You may see slightly different numerical results due to floating-point round-off errors from different computation orders. To turn them off, set the environment variable `TF_ENABLE_ONEDNN_OPTS=0`.
2026-07-18 18:27:22.358937: I tensorflow/core/platform/cpu_feature_guard.cc:210] This TensorFlow binary is optimized to use available CPU instructions in performance-critical operations.
To enable the following instructions: AVX2 AVX512F AVX512_VNNI FMA, in other operations, rebuild TensorFlow with the appropriate compiler flags.
2026-07-18 18:27:27.154413: I tensorflow/core/util/port.cc:153] oneDNN custom operations are on. You may see slightly different numerical results due to floating-point round-off errors from different computation orders. To turn them off, set the environment variable `TF_ENABLE_ONEDNN_OPTS=0`.
WARNING: All log messages before absl::InitializeLog() is called are written to STDERR
I0000 00:00:1784413649.351260  900949 gpu_device.cc:2020] Created device /job:localhost/replica:0/task:0/device:GPU:0 with 43489 MB memory:  -> device: 0, name: NVIDIA L40S, pci bus id: 0000:b4:00.0, compute capability: 8.9
2026-07-18 18:27:33.216852: I tensorflow/core/util/port.cc:153] oneDNN custom operations are on. You may see slightly different numerical results due to floating-point round-off errors from different computation orders. To turn them off, set the environment variable `TF_ENABLE_ONEDNN_OPTS=0`.
2026-07-18 18:27:33.289996: I tensorflow/core/platform/cpu_feature_guard.cc:210] This TensorFlow binary is optimized to use available CPU instructions in performance-critical operations.
To enable the following instructions: AVX2 AVX512F AVX512_VNNI FMA, in other operations, rebuild TensorFlow with the appropriate compiler flags.
2026-07-18 18:27:37.741892: I tensorflow/core/util/port.cc:153] oneDNN custom operations are on. You may see slightly different numerical results due to floating-point round-off errors from different computation orders. To turn them off, set the environment variable `TF_ENABLE_ONEDNN_OPTS=0`.
WARNING: All log messages before absl::InitializeLog() is called are written to STDERR
I0000 00:00:1784413660.552462  900962 gpu_device.cc:2020] Created device /job:localhost/replica:0/task:0/device:GPU:0 with 43489 MB memory:  -> device: 0, name: NVIDIA L40S, pci bus id: 0000:b6:00.0, compute capability: 8.9
2026-07-18 18:27:41.514274: I external/local_xla/xla/stream_executor/cuda/cuda_dnn.cc:473] Loaded cuDNN version 91100
2026-07-18 18:27:41.539304: I external/local_xla/xla/stream_executor/cuda/cuda_dnn.cc:473] Loaded cuDNN version 91100
2026-07-18 18:27:41.551303: I external/local_xla/xla/stream_executor/cuda/cuda_dnn.cc:473] Loaded cuDNN version 91100
2026-07-18 18:27:41.937238: I external/local_xla/xla/stream_executor/cuda/cuda_dnn.cc:473] Loaded cuDNN version 91100
/nas/longleaf/home/inserra/EEGProc/venv312/lib/python3.12/site-packages/sklearn/metrics/_classification.py:259: UserWarning: The y_prob values do not sum to one. Make sure to pass probabilities.
  warnings.warn(
/nas/longleaf/home/inserra/EEGProc/venv312/lib/python3.12/site-packages/sklearn/metrics/_classification.py:259: UserWarning: The y_prob values do not sum to one. Make sure to pass probabilities.
  warnings.warn(
/nas/longleaf/home/inserra/EEGProc/venv312/lib/python3.12/site-packages/sklearn/metrics/_classification.py:259: UserWarning: The y_prob values do not sum to one. Make sure to pass probabilities.
  warnings.warn(
/nas/longleaf/home/inserra/EEGProc/venv312/lib/python3.12/site-packages/sklearn/metrics/_classification.py:259: UserWarning: The y_prob values do not sum to one. Make sure to pass probabilities.
  warnings.warn(
/nas/longleaf/home/inserra/EEGProc/venv312/lib/python3.12/site-packages/sklearn/metrics/_classification.py:259: UserWarning: The y_prob values do not sum to one. Make sure to pass probabilities.
  warnings.warn(
/nas/longleaf/home/inserra/EEGProc/venv312/lib/python3.12/site-packages/sklearn/metrics/_classification.py:259: UserWarning: The y_prob values do not sum to one. Make sure to pass probabilities.
  warnings.warn(
/nas/longleaf/home/inserra/EEGProc/venv312/lib/python3.12/site-packages/sklearn/metrics/_classification.py:259: UserWarning: The y_prob values do not sum to one. Make sure to pass probabilities.
  warnings.warn(
/nas/longleaf/home/inserra/EEGProc/venv312/lib/python3.12/site-packages/sklearn/metrics/_classification.py:259: UserWarning: The y_prob values do not sum to one. Make sure to pass probabilities.
  warnings.warn(
/nas/longleaf/home/inserra/EEGProc/venv312/lib/python3.12/site-packages/sklearn/metrics/_classification.py:259: UserWarning: The y_prob values do not sum to one. Make sure to pass probabilities.
  warnings.warn(
/nas/longleaf/home/inserra/EEGProc/venv312/lib/python3.12/site-packages/sklearn/metrics/_classification.py:259: UserWarning: The y_prob values do not sum to one. Make sure to pass probabilities.
  warnings.warn(
/nas/longleaf/home/inserra/EEGProc/venv312/lib/python3.12/site-packages/sklearn/metrics/_classification.py:259: UserWarning: The y_prob values do not sum to one. Make sure to pass probabilities.
  warnings.warn(
/nas/longleaf/home/inserra/EEGProc/venv312/lib/python3.12/site-packages/sklearn/metrics/_classification.py:259: UserWarning: The y_prob values do not sum to one. Make sure to pass probabilities.
  warnings.warn(
/nas/longleaf/home/inserra/EEGProc/venv312/lib/python3.12/site-packages/sklearn/metrics/_classification.py:259: UserWarning: The y_prob values do not sum to one. Make sure to pass probabilities.
  warnings.warn(
/nas/longleaf/home/inserra/EEGProc/venv312/lib/python3.12/site-packages/sklearn/metrics/_classification.py:259: UserWarning: The y_prob values do not sum to one. Make sure to pass probabilities.
  warnings.warn(
/nas/longleaf/home/inserra/EEGProc/venv312/lib/python3.12/site-packages/sklearn/metrics/_classification.py:259: UserWarning: The y_prob values do not sum to one. Make sure to pass probabilities.
  warnings.warn(
/nas/longleaf/home/inserra/EEGProc/venv312/lib/python3.12/site-packages/sklearn/metrics/_classification.py:259: UserWarning: The y_prob values do not sum to one. Make sure to pass probabilities.
  warnings.warn(
/nas/longleaf/home/inserra/EEGProc/venv312/lib/python3.12/site-packages/sklearn/metrics/_classification.py:259: UserWarning: The y_prob values do not sum to one. Make sure to pass probabilities.
  warnings.warn(
/nas/longleaf/home/inserra/EEGProc/venv312/lib/python3.12/site-packages/sklearn/metrics/_classification.py:259: UserWarning: The y_prob values do not sum to one. Make sure to pass probabilities.
  warnings.warn(
/nas/longleaf/home/inserra/EEGProc/venv312/lib/python3.12/site-packages/sklearn/metrics/_classification.py:259: UserWarning: The y_prob values do not sum to one. Make sure to pass probabilities.
  warnings.warn(
/nas/longleaf/home/inserra/EEGProc/venv312/lib/python3.12/site-packages/sklearn/metrics/_classification.py:259: UserWarning: The y_prob values do not sum to one. Make sure to pass probabilities.
  warnings.warn(
/nas/longleaf/home/inserra/EEGProc/venv312/lib/python3.12/site-packages/sklearn/metrics/_classification.py:259: UserWarning: The y_prob values do not sum to one. Make sure to pass probabilities.
  warnings.warn(
/nas/longleaf/home/inserra/EEGProc/venv312/lib/python3.12/site-packages/sklearn/metrics/_classification.py:259: UserWarning: The y_prob values do not sum to one. Make sure to pass probabilities.
  warnings.warn(
/nas/longleaf/home/inserra/EEGProc/venv312/lib/python3.12/site-packages/sklearn/metrics/_classification.py:259: UserWarning: The y_prob values do not sum to one. Make sure to pass probabilities.
  warnings.warn(
/nas/longleaf/home/inserra/EEGProc/venv312/lib/python3.12/site-packages/sklearn/metrics/_classification.py:259: UserWarning: The y_prob values do not sum to one. Make sure to pass probabilities.
  warnings.warn(
/nas/longleaf/home/inserra/EEGProc/venv312/lib/python3.12/site-packages/sklearn/metrics/_classification.py:259: UserWarning: The y_prob values do not sum to one. Make sure to pass probabilities.
  warnings.warn(
/nas/longleaf/home/inserra/EEGProc/venv312/lib/python3.12/site-packages/sklearn/metrics/_classification.py:259: UserWarning: The y_prob values do not sum to one. Make sure to pass probabilities.
  warnings.warn(
/nas/longleaf/home/inserra/EEGProc/venv312/lib/python3.12/site-packages/sklearn/metrics/_classification.py:259: UserWarning: The y_prob values do not sum to one. Make sure to pass probabilities.
  warnings.warn(
/nas/longleaf/home/inserra/EEGProc/venv312/lib/python3.12/site-packages/sklearn/metrics/_classification.py:259: UserWarning: The y_prob values do not sum to one. Make sure to pass probabilities.
  warnings.warn(
/nas/longleaf/home/inserra/EEGProc/venv312/lib/python3.12/site-packages/sklearn/metrics/_classification.py:259: UserWarning: The y_prob values do not sum to one. Make sure to pass probabilities.
  warnings.warn(
/nas/longleaf/home/inserra/EEGProc/venv312/lib/python3.12/site-packages/sklearn/metrics/_classification.py:259: UserWarning: The y_prob values do not sum to one. Make sure to pass probabilities.
  warnings.warn(
/nas/longleaf/home/inserra/EEGProc/venv312/lib/python3.12/site-packages/sklearn/metrics/_classification.py:259: UserWarning: The y_prob values do not sum to one. Make sure to pass probabilities.
  warnings.warn(
/nas/longleaf/home/inserra/EEGProc/venv312/lib/python3.12/site-packages/sklearn/metrics/_classification.py:259: UserWarning: The y_prob values do not sum to one. Make sure to pass probabilities.
  warnings.warn(
/nas/longleaf/home/inserra/EEGProc/venv312/lib/python3.12/site-packages/sklearn/metrics/_classification.py:259: UserWarning: The y_prob values do not sum to one. Make sure to pass probabilities.
  warnings.warn(
/nas/longleaf/home/inserra/EEGProc/venv312/lib/python3.12/site-packages/sklearn/metrics/_classification.py:259: UserWarning: The y_prob values do not sum to one. Make sure to pass probabilities.
  warnings.warn(
/nas/longleaf/home/inserra/EEGProc/venv312/lib/python3.12/site-packages/sklearn/metrics/_classification.py:259: UserWarning: The y_prob values do not sum to one. Make sure to pass probabilities.
  warnings.warn(
/nas/longleaf/home/inserra/EEGProc/venv312/lib/python3.12/site-packages/sklearn/metrics/_classification.py:259: UserWarning: The y_prob values do not sum to one. Make sure to pass probabilities.
  warnings.warn(
/nas/longleaf/home/inserra/EEGProc/venv312/lib/python3.12/site-packages/sklearn/metrics/_classification.py:259: UserWarning: The y_prob values do not sum to one. Make sure to pass probabilities.
  warnings.warn(
/nas/longleaf/home/inserra/EEGProc/venv312/lib/python3.12/site-packages/sklearn/metrics/_classification.py:259: UserWarning: The y_prob values do not sum to one. Make sure to pass probabilities.
  warnings.warn(
/nas/longleaf/home/inserra/EEGProc/venv312/lib/python3.12/site-packages/sklearn/metrics/_classification.py:259: UserWarning: The y_prob values do not sum to one. Make sure to pass probabilities.
  warnings.warn(
/nas/longleaf/home/inserra/EEGProc/venv312/lib/python3.12/site-packages/sklearn/metrics/_classification.py:259: UserWarning: The y_prob values do not sum to one. Make sure to pass probabilities.
  warnings.warn(
/nas/longleaf/home/inserra/EEGProc/venv312/lib/python3.12/site-packages/sklearn/metrics/_classification.py:259: UserWarning: The y_prob values do not sum to one. Make sure to pass probabilities.
  warnings.warn(
/nas/longleaf/home/inserra/EEGProc/venv312/lib/python3.12/site-packages/sklearn/metrics/_classification.py:259: UserWarning: The y_prob values do not sum to one. Make sure to pass probabilities.
  warnings.warn(
/nas/longleaf/home/inserra/EEGProc/venv312/lib/python3.12/site-packages/sklearn/metrics/_classification.py:259: UserWarning: The y_prob values do not sum to one. Make sure to pass probabilities.
  warnings.warn(
/nas/longleaf/home/inserra/EEGProc/venv312/lib/python3.12/site-packages/sklearn/metrics/_classification.py:259: UserWarning: The y_prob values do not sum to one. Make sure to pass probabilities.
  warnings.warn(
2026-07-18 20:13:11.166485: I tensorflow/core/util/port.cc:153] oneDNN custom operations are on. You may see slightly different numerical results due to floating-point round-off errors from different computation orders. To turn them off, set the environment variable `TF_ENABLE_ONEDNN_OPTS=0`.
2026-07-18 20:13:11.239101: I tensorflow/core/platform/cpu_feature_guard.cc:210] This TensorFlow binary is optimized to use available CPU instructions in performance-critical operations.
To enable the following instructions: AVX2 AVX512F AVX512_VNNI FMA, in other operations, rebuild TensorFlow with the appropriate compiler flags.
2026-07-18 20:13:19.738932: I tensorflow/core/util/port.cc:153] oneDNN custom operations are on. You may see slightly different numerical results due to floating-point round-off errors from different computation orders. To turn them off, set the environment variable `TF_ENABLE_ONEDNN_OPTS=0`.
WARNING: All log messages before absl::InitializeLog() is called are written to STDERR
I0000 00:00:1784420004.191216  998389 gpu_device.cc:2020] Created device /job:localhost/replica:0/task:0/device:GPU:0 with 43489 MB memory:  -> device: 0, name: NVIDIA L40S, pci bus id: 0000:19:00.0, compute capability: 8.9
2026-07-18 20:13:29.066942: I tensorflow/core/util/port.cc:153] oneDNN custom operations are on. You may see slightly different numerical results due to floating-point round-off errors from different computation orders. To turn them off, set the environment variable `TF_ENABLE_ONEDNN_OPTS=0`.
2026-07-18 20:13:29.141234: I tensorflow/core/platform/cpu_feature_guard.cc:210] This TensorFlow binary is optimized to use available CPU instructions in performance-critical operations.
To enable the following instructions: AVX2 AVX512F AVX512_VNNI FMA, in other operations, rebuild TensorFlow with the appropriate compiler flags.
2026-07-18 20:13:34.493750: I tensorflow/core/util/port.cc:153] oneDNN custom operations are on. You may see slightly different numerical results due to floating-point round-off errors from different computation orders. To turn them off, set the environment variable `TF_ENABLE_ONEDNN_OPTS=0`.
WARNING: All log messages before absl::InitializeLog() is called are written to STDERR
I0000 00:00:1784420017.519316  998393 gpu_device.cc:2020] Created device /job:localhost/replica:0/task:0/device:GPU:0 with 43489 MB memory:  -> device: 0, name: NVIDIA L40S, pci bus id: 0000:1a:00.0, compute capability: 8.9
2026-07-18 20:13:41.510040: I tensorflow/core/util/port.cc:153] oneDNN custom operations are on. You may see slightly different numerical results due to floating-point round-off errors from different computation orders. To turn them off, set the environment variable `TF_ENABLE_ONEDNN_OPTS=0`.
2026-07-18 20:13:41.585926: I tensorflow/core/platform/cpu_feature_guard.cc:210] This TensorFlow binary is optimized to use available CPU instructions in performance-critical operations.
To enable the following instructions: AVX2 AVX512F AVX512_VNNI FMA, in other operations, rebuild TensorFlow with the appropriate compiler flags.
2026-07-18 20:13:46.600358: I tensorflow/core/util/port.cc:153] oneDNN custom operations are on. You may see slightly different numerical results due to floating-point round-off errors from different computation orders. To turn them off, set the environment variable `TF_ENABLE_ONEDNN_OPTS=0`.
WARNING: All log messages before absl::InitializeLog() is called are written to STDERR
I0000 00:00:1784420029.307511  998427 gpu_device.cc:2020] Created device /job:localhost/replica:0/task:0/device:GPU:0 with 43489 MB memory:  -> device: 0, name: NVIDIA L40S, pci bus id: 0000:b4:00.0, compute capability: 8.9
2026-07-18 20:13:53.555160: I tensorflow/core/util/port.cc:153] oneDNN custom operations are on. You may see slightly different numerical results due to floating-point round-off errors from different computation orders. To turn them off, set the environment variable `TF_ENABLE_ONEDNN_OPTS=0`.
2026-07-18 20:13:53.633829: I tensorflow/core/platform/cpu_feature_guard.cc:210] This TensorFlow binary is optimized to use available CPU instructions in performance-critical operations.
To enable the following instructions: AVX2 AVX512F AVX512_VNNI FMA, in other operations, rebuild TensorFlow with the appropriate compiler flags.
2026-07-18 20:13:59.143142: I tensorflow/core/util/port.cc:153] oneDNN custom operations are on. You may see slightly different numerical results due to floating-point round-off errors from different computation orders. To turn them off, set the environment variable `TF_ENABLE_ONEDNN_OPTS=0`.
WARNING: All log messages before absl::InitializeLog() is called are written to STDERR
I0000 00:00:1784420041.731290  998450 gpu_device.cc:2020] Created device /job:localhost/replica:0/task:0/device:GPU:0 with 43489 MB memory:  -> device: 0, name: NVIDIA L40S, pci bus id: 0000:b6:00.0, compute capability: 8.9
2026-07-18 20:14:02.664593: I external/local_xla/xla/stream_executor/cuda/cuda_dnn.cc:473] Loaded cuDNN version 91100
2026-07-18 20:14:02.687541: I external/local_xla/xla/stream_executor/cuda/cuda_dnn.cc:473] Loaded cuDNN version 91100
2026-07-18 20:14:02.734520: I external/local_xla/xla/stream_executor/cuda/cuda_dnn.cc:473] Loaded cuDNN version 91100
2026-07-18 20:14:03.129347: I external/local_xla/xla/stream_executor/cuda/cuda_dnn.cc:473] Loaded cuDNN version 91100
/nas/longleaf/home/inserra/EEGProc/venv312/lib/python3.12/site-packages/sklearn/metrics/_classification.py:259: UserWarning: The y_prob values do not sum to one. Make sure to pass probabilities.
  warnings.warn(
/nas/longleaf/home/inserra/EEGProc/venv312/lib/python3.12/site-packages/sklearn/metrics/_classification.py:259: UserWarning: The y_prob values do not sum to one. Make sure to pass probabilities.
  warnings.warn(
/nas/longleaf/home/inserra/EEGProc/venv312/lib/python3.12/site-packages/sklearn/metrics/_classification.py:259: UserWarning: The y_prob values do not sum to one. Make sure to pass probabilities.
  warnings.warn(
/nas/longleaf/home/inserra/EEGProc/venv312/lib/python3.12/site-packages/sklearn/metrics/_classification.py:259: UserWarning: The y_prob values do not sum to one. Make sure to pass probabilities.
  warnings.warn(
/nas/longleaf/home/inserra/EEGProc/venv312/lib/python3.12/site-packages/sklearn/metrics/_classification.py:259: UserWarning: The y_prob values do not sum to one. Make sure to pass probabilities.
  warnings.warn(
/nas/longleaf/home/inserra/EEGProc/venv312/lib/python3.12/site-packages/sklearn/metrics/_classification.py:259: UserWarning: The y_prob values do not sum to one. Make sure to pass probabilities.
  warnings.warn(
/nas/longleaf/home/inserra/EEGProc/venv312/lib/python3.12/site-packages/sklearn/metrics/_classification.py:259: UserWarning: The y_prob values do not sum to one. Make sure to pass probabilities.
  warnings.warn(
/nas/longleaf/home/inserra/EEGProc/venv312/lib/python3.12/site-packages/sklearn/metrics/_classification.py:259: UserWarning: The y_prob values do not sum to one. Make sure to pass probabilities.
  warnings.warn(
/nas/longleaf/home/inserra/EEGProc/venv312/lib/python3.12/site-packages/sklearn/metrics/_classification.py:259: UserWarning: The y_prob values do not sum to one. Make sure to pass probabilities.
  warnings.warn(
/nas/longleaf/home/inserra/EEGProc/venv312/lib/python3.12/site-packages/sklearn/metrics/_classification.py:259: UserWarning: The y_prob values do not sum to one. Make sure to pass probabilities.
  warnings.warn(
/nas/longleaf/home/inserra/EEGProc/venv312/lib/python3.12/site-packages/sklearn/metrics/_classification.py:259: UserWarning: The y_prob values do not sum to one. Make sure to pass probabilities.
  warnings.warn(
/nas/longleaf/home/inserra/EEGProc/venv312/lib/python3.12/site-packages/sklearn/metrics/_classification.py:259: UserWarning: The y_prob values do not sum to one. Make sure to pass probabilities.
  warnings.warn(
/nas/longleaf/home/inserra/EEGProc/venv312/lib/python3.12/site-packages/sklearn/metrics/_classification.py:259: UserWarning: The y_prob values do not sum to one. Make sure to pass probabilities.
  warnings.warn(
/nas/longleaf/home/inserra/EEGProc/venv312/lib/python3.12/site-packages/sklearn/metrics/_classification.py:259: UserWarning: The y_prob values do not sum to one. Make sure to pass probabilities.
  warnings.warn(
/nas/longleaf/home/inserra/EEGProc/venv312/lib/python3.12/site-packages/sklearn/metrics/_classification.py:259: UserWarning: The y_prob values do not sum to one. Make sure to pass probabilities.
  warnings.warn(
/nas/longleaf/home/inserra/EEGProc/venv312/lib/python3.12/site-packages/sklearn/metrics/_classification.py:259: UserWarning: The y_prob values do not sum to one. Make sure to pass probabilities.
  warnings.warn(
/nas/longleaf/home/inserra/EEGProc/venv312/lib/python3.12/site-packages/sklearn/metrics/_classification.py:259: UserWarning: The y_prob values do not sum to one. Make sure to pass probabilities.
  warnings.warn(
/nas/longleaf/home/inserra/EEGProc/venv312/lib/python3.12/site-packages/sklearn/metrics/_classification.py:259: UserWarning: The y_prob values do not sum to one. Make sure to pass probabilities.
  warnings.warn(
/nas/longleaf/home/inserra/EEGProc/venv312/lib/python3.12/site-packages/sklearn/metrics/_classification.py:259: UserWarning: The y_prob values do not sum to one. Make sure to pass probabilities.
  warnings.warn(
/nas/longleaf/home/inserra/EEGProc/venv312/lib/python3.12/site-packages/sklearn/metrics/_classification.py:259: UserWarning: The y_prob values do not sum to one. Make sure to pass probabilities.
  warnings.warn(
/nas/longleaf/home/inserra/EEGProc/venv312/lib/python3.12/site-packages/sklearn/metrics/_classification.py:259: UserWarning: The y_prob values do not sum to one. Make sure to pass probabilities.
  warnings.warn(
/nas/longleaf/home/inserra/EEGProc/venv312/lib/python3.12/site-packages/sklearn/metrics/_classification.py:259: UserWarning: The y_prob values do not sum to one. Make sure to pass probabilities.
  warnings.warn(
/nas/longleaf/home/inserra/EEGProc/venv312/lib/python3.12/site-packages/sklearn/metrics/_classification.py:259: UserWarning: The y_prob values do not sum to one. Make sure to pass probabilities.
  warnings.warn(
/nas/longleaf/home/inserra/EEGProc/venv312/lib/python3.12/site-packages/sklearn/metrics/_classification.py:259: UserWarning: The y_prob values do not sum to one. Make sure to pass probabilities.
  warnings.warn(
/nas/longleaf/home/inserra/EEGProc/venv312/lib/python3.12/site-packages/sklearn/metrics/_classification.py:259: UserWarning: The y_prob values do not sum to one. Make sure to pass probabilities.
  warnings.warn(
/nas/longleaf/home/inserra/EEGProc/venv312/lib/python3.12/site-packages/sklearn/metrics/_classification.py:259: UserWarning: The y_prob values do not sum to one. Make sure to pass probabilities.
  warnings.warn(
/nas/longleaf/home/inserra/EEGProc/venv312/lib/python3.12/site-packages/sklearn/metrics/_classification.py:259: UserWarning: The y_prob values do not sum to one. Make sure to pass probabilities.
  warnings.warn(
/nas/longleaf/home/inserra/EEGProc/venv312/lib/python3.12/site-packages/sklearn/metrics/_classification.py:259: UserWarning: The y_prob values do not sum to one. Make sure to pass probabilities.
  warnings.warn(
/nas/longleaf/home/inserra/EEGProc/venv312/lib/python3.12/site-packages/sklearn/metrics/_classification.py:259: UserWarning: The y_prob values do not sum to one. Make sure to pass probabilities.
  warnings.warn(
/nas/longleaf/home/inserra/EEGProc/venv312/lib/python3.12/site-packages/sklearn/metrics/_classification.py:259: UserWarning: The y_prob values do not sum to one. Make sure to pass probabilities.
  warnings.warn(
/nas/longleaf/home/inserra/EEGProc/venv312/lib/python3.12/site-packages/sklearn/metrics/_classification.py:259: UserWarning: The y_prob values do not sum to one. Make sure to pass probabilities.
  warnings.warn(
/nas/longleaf/home/inserra/EEGProc/venv312/lib/python3.12/site-packages/sklearn/metrics/_classification.py:259: UserWarning: The y_prob values do not sum to one. Make sure to pass probabilities.
  warnings.warn(
/nas/longleaf/home/inserra/EEGProc/venv312/lib/python3.12/site-packages/sklearn/metrics/_classification.py:259: UserWarning: The y_prob values do not sum to one. Make sure to pass probabilities.
  warnings.warn(
/nas/longleaf/home/inserra/EEGProc/venv312/lib/python3.12/site-packages/sklearn/metrics/_classification.py:259: UserWarning: The y_prob values do not sum to one. Make sure to pass probabilities.
  warnings.warn(
/nas/longleaf/home/inserra/EEGProc/venv312/lib/python3.12/site-packages/sklearn/metrics/_classification.py:259: UserWarning: The y_prob values do not sum to one. Make sure to pass probabilities.
  warnings.warn(
/nas/longleaf/home/inserra/EEGProc/venv312/lib/python3.12/site-packages/sklearn/metrics/_classification.py:259: UserWarning: The y_prob values do not sum to one. Make sure to pass probabilities.
  warnings.warn(
/nas/longleaf/home/inserra/EEGProc/venv312/lib/python3.12/site-packages/sklearn/metrics/_classification.py:259: UserWarning: The y_prob values do not sum to one. Make sure to pass probabilities.
  warnings.warn(
/nas/longleaf/home/inserra/EEGProc/venv312/lib/python3.12/site-packages/sklearn/metrics/_classification.py:259: UserWarning: The y_prob values do not sum to one. Make sure to pass probabilities.
  warnings.warn(
/nas/longleaf/home/inserra/EEGProc/venv312/lib/python3.12/site-packages/sklearn/metrics/_classification.py:259: UserWarning: The y_prob values do not sum to one. Make sure to pass probabilities.
  warnings.warn(
/nas/longleaf/home/inserra/EEGProc/venv312/lib/python3.12/site-packages/sklearn/metrics/_classification.py:259: UserWarning: The y_prob values do not sum to one. Make sure to pass probabilities.
  warnings.warn(
/nas/longleaf/home/inserra/EEGProc/venv312/lib/python3.12/site-packages/sklearn/metrics/_classification.py:259: UserWarning: The y_prob values do not sum to one. Make sure to pass probabilities.
  warnings.warn(
/nas/longleaf/home/inserra/EEGProc/venv312/lib/python3.12/site-packages/sklearn/metrics/_classification.py:259: UserWarning: The y_prob values do not sum to one. Make sure to pass probabilities.
  warnings.warn(
/nas/longleaf/home/inserra/EEGProc/venv312/lib/python3.12/site-packages/sklearn/metrics/_classification.py:259: UserWarning: The y_prob values do not sum to one. Make sure to pass probabilities.
  warnings.warn(
/nas/longleaf/home/inserra/EEGProc/venv312/lib/python3.12/site-packages/sklearn/metrics/_classification.py:259: UserWarning: The y_prob values do not sum to one. Make sure to pass probabilities.
  warnings.warn(
2026-07-18 21:59:55.904952: I tensorflow/core/util/port.cc:153] oneDNN custom operations are on. You may see slightly different numerical results due to floating-point round-off errors from different computation orders. To turn them off, set the environment variable `TF_ENABLE_ONEDNN_OPTS=0`.
2026-07-18 21:59:55.976680: I tensorflow/core/platform/cpu_feature_guard.cc:210] This TensorFlow binary is optimized to use available CPU instructions in performance-critical operations.
To enable the following instructions: AVX2 AVX512F AVX512_VNNI FMA, in other operations, rebuild TensorFlow with the appropriate compiler flags.
2026-07-18 22:00:04.745000: I tensorflow/core/util/port.cc:153] oneDNN custom operations are on. You may see slightly different numerical results due to floating-point round-off errors from different computation orders. To turn them off, set the environment variable `TF_ENABLE_ONEDNN_OPTS=0`.
WARNING: All log messages before absl::InitializeLog() is called are written to STDERR
I0000 00:00:1784426408.678239 1096058 gpu_device.cc:2020] Created device /job:localhost/replica:0/task:0/device:GPU:0 with 43489 MB memory:  -> device: 0, name: NVIDIA L40S, pci bus id: 0000:19:00.0, compute capability: 8.9
2026-07-18 22:00:12.739724: I tensorflow/core/util/port.cc:153] oneDNN custom operations are on. You may see slightly different numerical results due to floating-point round-off errors from different computation orders. To turn them off, set the environment variable `TF_ENABLE_ONEDNN_OPTS=0`.
2026-07-18 22:00:12.811527: I tensorflow/core/platform/cpu_feature_guard.cc:210] This TensorFlow binary is optimized to use available CPU instructions in performance-critical operations.
To enable the following instructions: AVX2 AVX512F AVX512_VNNI FMA, in other operations, rebuild TensorFlow with the appropriate compiler flags.
2026-07-18 22:00:17.861854: I tensorflow/core/util/port.cc:153] oneDNN custom operations are on. You may see slightly different numerical results due to floating-point round-off errors from different computation orders. To turn them off, set the environment variable `TF_ENABLE_ONEDNN_OPTS=0`.
WARNING: All log messages before absl::InitializeLog() is called are written to STDERR
I0000 00:00:1784426419.959094 1096128 gpu_device.cc:2020] Created device /job:localhost/replica:0/task:0/device:GPU:0 with 43489 MB memory:  -> device: 0, name: NVIDIA L40S, pci bus id: 0000:1a:00.0, compute capability: 8.9
2026-07-18 22:00:23.663806: I tensorflow/core/util/port.cc:153] oneDNN custom operations are on. You may see slightly different numerical results due to floating-point round-off errors from different computation orders. To turn them off, set the environment variable `TF_ENABLE_ONEDNN_OPTS=0`.
2026-07-18 22:00:23.737317: I tensorflow/core/platform/cpu_feature_guard.cc:210] This TensorFlow binary is optimized to use available CPU instructions in performance-critical operations.
To enable the following instructions: AVX2 AVX512F AVX512_VNNI FMA, in other operations, rebuild TensorFlow with the appropriate compiler flags.
2026-07-18 22:00:29.894635: I tensorflow/core/util/port.cc:153] oneDNN custom operations are on. You may see slightly different numerical results due to floating-point round-off errors from different computation orders. To turn them off, set the environment variable `TF_ENABLE_ONEDNN_OPTS=0`.
WARNING: All log messages before absl::InitializeLog() is called are written to STDERR
I0000 00:00:1784426432.201451 1096142 gpu_device.cc:2020] Created device /job:localhost/replica:0/task:0/device:GPU:0 with 43489 MB memory:  -> device: 0, name: NVIDIA L40S, pci bus id: 0000:b4:00.0, compute capability: 8.9
2026-07-18 22:00:35.797678: I tensorflow/core/util/port.cc:153] oneDNN custom operations are on. You may see slightly different numerical results due to floating-point round-off errors from different computation orders. To turn them off, set the environment variable `TF_ENABLE_ONEDNN_OPTS=0`.
2026-07-18 22:00:35.871510: I tensorflow/core/platform/cpu_feature_guard.cc:210] This TensorFlow binary is optimized to use available CPU instructions in performance-critical operations.
To enable the following instructions: AVX2 AVX512F AVX512_VNNI FMA, in other operations, rebuild TensorFlow with the appropriate compiler flags.
2026-07-18 22:00:41.097872: I tensorflow/core/util/port.cc:153] oneDNN custom operations are on. You may see slightly different numerical results due to floating-point round-off errors from different computation orders. To turn them off, set the environment variable `TF_ENABLE_ONEDNN_OPTS=0`.
WARNING: All log messages before absl::InitializeLog() is called are written to STDERR
I0000 00:00:1784426443.376416 1096160 gpu_device.cc:2020] Created device /job:localhost/replica:0/task:0/device:GPU:0 with 43489 MB memory:  -> device: 0, name: NVIDIA L40S, pci bus id: 0000:b6:00.0, compute capability: 8.9
2026-07-18 22:00:44.332965: I external/local_xla/xla/stream_executor/cuda/cuda_dnn.cc:473] Loaded cuDNN version 91100
2026-07-18 22:00:44.332970: I external/local_xla/xla/stream_executor/cuda/cuda_dnn.cc:473] Loaded cuDNN version 91100
2026-07-18 22:00:44.367714: I external/local_xla/xla/stream_executor/cuda/cuda_dnn.cc:473] Loaded cuDNN version 91100
2026-07-18 22:00:44.735085: I external/local_xla/xla/stream_executor/cuda/cuda_dnn.cc:473] Loaded cuDNN version 91100
/nas/longleaf/home/inserra/EEGProc/venv312/lib/python3.12/site-packages/sklearn/metrics/_classification.py:259: UserWarning: The y_prob values do not sum to one. Make sure to pass probabilities.
  warnings.warn(
/nas/longleaf/home/inserra/EEGProc/venv312/lib/python3.12/site-packages/sklearn/metrics/_classification.py:259: UserWarning: The y_prob values do not sum to one. Make sure to pass probabilities.
  warnings.warn(
/nas/longleaf/home/inserra/EEGProc/venv312/lib/python3.12/site-packages/sklearn/metrics/_classification.py:259: UserWarning: The y_prob values do not sum to one. Make sure to pass probabilities.
  warnings.warn(
/nas/longleaf/home/inserra/EEGProc/venv312/lib/python3.12/site-packages/sklearn/metrics/_classification.py:259: UserWarning: The y_prob values do not sum to one. Make sure to pass probabilities.
  warnings.warn(
/nas/longleaf/home/inserra/EEGProc/venv312/lib/python3.12/site-packages/sklearn/metrics/_classification.py:259: UserWarning: The y_prob values do not sum to one. Make sure to pass probabilities.
  warnings.warn(
/nas/longleaf/home/inserra/EEGProc/venv312/lib/python3.12/site-packages/sklearn/metrics/_classification.py:259: UserWarning: The y_prob values do not sum to one. Make sure to pass probabilities.
  warnings.warn(
/nas/longleaf/home/inserra/EEGProc/venv312/lib/python3.12/site-packages/sklearn/metrics/_classification.py:259: UserWarning: The y_prob values do not sum to one. Make sure to pass probabilities.
  warnings.warn(
/nas/longleaf/home/inserra/EEGProc/venv312/lib/python3.12/site-packages/sklearn/metrics/_classification.py:259: UserWarning: The y_prob values do not sum to one. Make sure to pass probabilities.
  warnings.warn(
/nas/longleaf/home/inserra/EEGProc/venv312/lib/python3.12/site-packages/sklearn/metrics/_classification.py:259: UserWarning: The y_prob values do not sum to one. Make sure to pass probabilities.
  warnings.warn(
/nas/longleaf/home/inserra/EEGProc/venv312/lib/python3.12/site-packages/sklearn/metrics/_classification.py:259: UserWarning: The y_prob values do not sum to one. Make sure to pass probabilities.
  warnings.warn(
/nas/longleaf/home/inserra/EEGProc/venv312/lib/python3.12/site-packages/sklearn/metrics/_classification.py:259: UserWarning: The y_prob values do not sum to one. Make sure to pass probabilities.
  warnings.warn(
/nas/longleaf/home/inserra/EEGProc/venv312/lib/python3.12/site-packages/sklearn/metrics/_classification.py:259: UserWarning: The y_prob values do not sum to one. Make sure to pass probabilities.
  warnings.warn(
/nas/longleaf/home/inserra/EEGProc/venv312/lib/python3.12/site-packages/sklearn/metrics/_classification.py:259: UserWarning: The y_prob values do not sum to one. Make sure to pass probabilities.
  warnings.warn(
/nas/longleaf/home/inserra/EEGProc/venv312/lib/python3.12/site-packages/sklearn/metrics/_classification.py:259: UserWarning: The y_prob values do not sum to one. Make sure to pass probabilities.
  warnings.warn(
/nas/longleaf/home/inserra/EEGProc/venv312/lib/python3.12/site-packages/sklearn/metrics/_classification.py:259: UserWarning: The y_prob values do not sum to one. Make sure to pass probabilities.
  warnings.warn(
/nas/longleaf/home/inserra/EEGProc/venv312/lib/python3.12/site-packages/sklearn/metrics/_classification.py:259: UserWarning: The y_prob values do not sum to one. Make sure to pass probabilities.
  warnings.warn(
/nas/longleaf/home/inserra/EEGProc/venv312/lib/python3.12/site-packages/sklearn/metrics/_classification.py:259: UserWarning: The y_prob values do not sum to one. Make sure to pass probabilities.
  warnings.warn(
/nas/longleaf/home/inserra/EEGProc/venv312/lib/python3.12/site-packages/sklearn/metrics/_classification.py:259: UserWarning: The y_prob values do not sum to one. Make sure to pass probabilities.
  warnings.warn(
/nas/longleaf/home/inserra/EEGProc/venv312/lib/python3.12/site-packages/sklearn/metrics/_classification.py:259: UserWarning: The y_prob values do not sum to one. Make sure to pass probabilities.
  warnings.warn(
/nas/longleaf/home/inserra/EEGProc/venv312/lib/python3.12/site-packages/sklearn/metrics/_classification.py:259: UserWarning: The y_prob values do not sum to one. Make sure to pass probabilities.
  warnings.warn(
/nas/longleaf/home/inserra/EEGProc/venv312/lib/python3.12/site-packages/sklearn/metrics/_classification.py:259: UserWarning: The y_prob values do not sum to one. Make sure to pass probabilities.
  warnings.warn(
/nas/longleaf/home/inserra/EEGProc/venv312/lib/python3.12/site-packages/sklearn/metrics/_classification.py:259: UserWarning: The y_prob values do not sum to one. Make sure to pass probabilities.
  warnings.warn(
/nas/longleaf/home/inserra/EEGProc/venv312/lib/python3.12/site-packages/sklearn/metrics/_classification.py:259: UserWarning: The y_prob values do not sum to one. Make sure to pass probabilities.
  warnings.warn(
/nas/longleaf/home/inserra/EEGProc/venv312/lib/python3.12/site-packages/sklearn/metrics/_classification.py:259: UserWarning: The y_prob values do not sum to one. Make sure to pass probabilities.
  warnings.warn(
/nas/longleaf/home/inserra/EEGProc/venv312/lib/python3.12/site-packages/sklearn/metrics/_classification.py:259: UserWarning: The y_prob values do not sum to one. Make sure to pass probabilities.
  warnings.warn(
/nas/longleaf/home/inserra/EEGProc/venv312/lib/python3.12/site-packages/sklearn/metrics/_classification.py:259: UserWarning: The y_prob values do not sum to one. Make sure to pass probabilities.
  warnings.warn(
/nas/longleaf/home/inserra/EEGProc/venv312/lib/python3.12/site-packages/sklearn/metrics/_classification.py:259: UserWarning: The y_prob values do not sum to one. Make sure to pass probabilities.
  warnings.warn(
/nas/longleaf/home/inserra/EEGProc/venv312/lib/python3.12/site-packages/sklearn/metrics/_classification.py:259: UserWarning: The y_prob values do not sum to one. Make sure to pass probabilities.
  warnings.warn(
/nas/longleaf/home/inserra/EEGProc/venv312/lib/python3.12/site-packages/sklearn/metrics/_classification.py:259: UserWarning: The y_prob values do not sum to one. Make sure to pass probabilities.
  warnings.warn(
/nas/longleaf/home/inserra/EEGProc/venv312/lib/python3.12/site-packages/sklearn/metrics/_classification.py:259: UserWarning: The y_prob values do not sum to one. Make sure to pass probabilities.
  warnings.warn(
/nas/longleaf/home/inserra/EEGProc/venv312/lib/python3.12/site-packages/sklearn/metrics/_classification.py:259: UserWarning: The y_prob values do not sum to one. Make sure to pass probabilities.
  warnings.warn(
/nas/longleaf/home/inserra/EEGProc/venv312/lib/python3.12/site-packages/sklearn/metrics/_classification.py:259: UserWarning: The y_prob values do not sum to one. Make sure to pass probabilities.
  warnings.warn(
/nas/longleaf/home/inserra/EEGProc/venv312/lib/python3.12/site-packages/sklearn/metrics/_classification.py:259: UserWarning: The y_prob values do not sum to one. Make sure to pass probabilities.
  warnings.warn(
/nas/longleaf/home/inserra/EEGProc/venv312/lib/python3.12/site-packages/sklearn/metrics/_classification.py:259: UserWarning: The y_prob values do not sum to one. Make sure to pass probabilities.
  warnings.warn(
/nas/longleaf/home/inserra/EEGProc/venv312/lib/python3.12/site-packages/sklearn/metrics/_classification.py:259: UserWarning: The y_prob values do not sum to one. Make sure to pass probabilities.
  warnings.warn(
/nas/longleaf/home/inserra/EEGProc/venv312/lib/python3.12/site-packages/sklearn/metrics/_classification.py:259: UserWarning: The y_prob values do not sum to one. Make sure to pass probabilities.
  warnings.warn(
/nas/longleaf/home/inserra/EEGProc/venv312/lib/python3.12/site-packages/sklearn/metrics/_classification.py:259: UserWarning: The y_prob values do not sum to one. Make sure to pass probabilities.
  warnings.warn(
/nas/longleaf/home/inserra/EEGProc/venv312/lib/python3.12/site-packages/sklearn/metrics/_classification.py:259: UserWarning: The y_prob values do not sum to one. Make sure to pass probabilities.
  warnings.warn(
/nas/longleaf/home/inserra/EEGProc/venv312/lib/python3.12/site-packages/sklearn/metrics/_classification.py:259: UserWarning: The y_prob values do not sum to one. Make sure to pass probabilities.
  warnings.warn(
/nas/longleaf/home/inserra/EEGProc/venv312/lib/python3.12/site-packages/sklearn/metrics/_classification.py:259: UserWarning: The y_prob values do not sum to one. Make sure to pass probabilities.
  warnings.warn(
/nas/longleaf/home/inserra/EEGProc/venv312/lib/python3.12/site-packages/sklearn/metrics/_classification.py:259: UserWarning: The y_prob values do not sum to one. Make sure to pass probabilities.
  warnings.warn(
/nas/longleaf/home/inserra/EEGProc/venv312/lib/python3.12/site-packages/sklearn/metrics/_classification.py:259: UserWarning: The y_prob values do not sum to one. Make sure to pass probabilities.
  warnings.warn(
/nas/longleaf/home/inserra/EEGProc/venv312/lib/python3.12/site-packages/sklearn/metrics/_classification.py:259: UserWarning: The y_prob values do not sum to one. Make sure to pass probabilities.
  warnings.warn(
/nas/longleaf/home/inserra/EEGProc/venv312/lib/python3.12/site-packages/sklearn/metrics/_classification.py:259: UserWarning: The y_prob values do not sum to one. Make sure to pass probabilities.
  warnings.warn(
2026-07-18 23:46:16.220154: I tensorflow/core/util/port.cc:153] oneDNN custom operations are on. You may see slightly different numerical results due to floating-point round-off errors from different computation orders. To turn them off, set the environment variable `TF_ENABLE_ONEDNN_OPTS=0`.
2026-07-18 23:46:16.293416: I tensorflow/core/platform/cpu_feature_guard.cc:210] This TensorFlow binary is optimized to use available CPU instructions in performance-critical operations.
To enable the following instructions: AVX2 AVX512F AVX512_VNNI FMA, in other operations, rebuild TensorFlow with the appropriate compiler flags.
2026-07-18 23:46:25.482243: I tensorflow/core/util/port.cc:153] oneDNN custom operations are on. You may see slightly different numerical results due to floating-point round-off errors from different computation orders. To turn them off, set the environment variable `TF_ENABLE_ONEDNN_OPTS=0`.
WARNING: All log messages before absl::InitializeLog() is called are written to STDERR
I0000 00:00:1784432789.852703 1193691 gpu_device.cc:2020] Created device /job:localhost/replica:0/task:0/device:GPU:0 with 43489 MB memory:  -> device: 0, name: NVIDIA L40S, pci bus id: 0000:19:00.0, compute capability: 8.9
2026-07-18 23:46:33.718674: I tensorflow/core/util/port.cc:153] oneDNN custom operations are on. You may see slightly different numerical results due to floating-point round-off errors from different computation orders. To turn them off, set the environment variable `TF_ENABLE_ONEDNN_OPTS=0`.
2026-07-18 23:46:33.790856: I tensorflow/core/platform/cpu_feature_guard.cc:210] This TensorFlow binary is optimized to use available CPU instructions in performance-critical operations.
To enable the following instructions: AVX2 AVX512F AVX512_VNNI FMA, in other operations, rebuild TensorFlow with the appropriate compiler flags.
2026-07-18 23:46:39.037455: I tensorflow/core/util/port.cc:153] oneDNN custom operations are on. You may see slightly different numerical results due to floating-point round-off errors from different computation orders. To turn them off, set the environment variable `TF_ENABLE_ONEDNN_OPTS=0`.
WARNING: All log messages before absl::InitializeLog() is called are written to STDERR
I0000 00:00:1784432801.564807 1193695 gpu_device.cc:2020] Created device /job:localhost/replica:0/task:0/device:GPU:0 with 43489 MB memory:  -> device: 0, name: NVIDIA L40S, pci bus id: 0000:1a:00.0, compute capability: 8.9
2026-07-18 23:46:45.561274: I tensorflow/core/util/port.cc:153] oneDNN custom operations are on. You may see slightly different numerical results due to floating-point round-off errors from different computation orders. To turn them off, set the environment variable `TF_ENABLE_ONEDNN_OPTS=0`.
2026-07-18 23:46:45.638551: I tensorflow/core/platform/cpu_feature_guard.cc:210] This TensorFlow binary is optimized to use available CPU instructions in performance-critical operations.
To enable the following instructions: AVX2 AVX512F AVX512_VNNI FMA, in other operations, rebuild TensorFlow with the appropriate compiler flags.
2026-07-18 23:46:51.153455: I tensorflow/core/util/port.cc:153] oneDNN custom operations are on. You may see slightly different numerical results due to floating-point round-off errors from different computation orders. To turn them off, set the environment variable `TF_ENABLE_ONEDNN_OPTS=0`.
WARNING: All log messages before absl::InitializeLog() is called are written to STDERR
I0000 00:00:1784432813.697191 1193720 gpu_device.cc:2020] Created device /job:localhost/replica:0/task:0/device:GPU:0 with 43489 MB memory:  -> device: 0, name: NVIDIA L40S, pci bus id: 0000:b4:00.0, compute capability: 8.9
2026-07-18 23:46:57.887831: I tensorflow/core/util/port.cc:153] oneDNN custom operations are on. You may see slightly different numerical results due to floating-point round-off errors from different computation orders. To turn them off, set the environment variable `TF_ENABLE_ONEDNN_OPTS=0`.
2026-07-18 23:46:57.959519: I tensorflow/core/platform/cpu_feature_guard.cc:210] This TensorFlow binary is optimized to use available CPU instructions in performance-critical operations.
To enable the following instructions: AVX2 AVX512F AVX512_VNNI FMA, in other operations, rebuild TensorFlow with the appropriate compiler flags.
2026-07-18 23:47:03.477740: I tensorflow/core/util/port.cc:153] oneDNN custom operations are on. You may see slightly different numerical results due to floating-point round-off errors from different computation orders. To turn them off, set the environment variable `TF_ENABLE_ONEDNN_OPTS=0`.
WARNING: All log messages before absl::InitializeLog() is called are written to STDERR
I0000 00:00:1784432825.829632 1193743 gpu_device.cc:2020] Created device /job:localhost/replica:0/task:0/device:GPU:0 with 43489 MB memory:  -> device: 0, name: NVIDIA L40S, pci bus id: 0000:b6:00.0, compute capability: 8.9
2026-07-18 23:47:06.811431: I external/local_xla/xla/stream_executor/cuda/cuda_dnn.cc:473] Loaded cuDNN version 91100
2026-07-18 23:47:06.811480: I external/local_xla/xla/stream_executor/cuda/cuda_dnn.cc:473] Loaded cuDNN version 91100
2026-07-18 23:47:06.819759: I external/local_xla/xla/stream_executor/cuda/cuda_dnn.cc:473] Loaded cuDNN version 91100
2026-07-18 23:47:07.194716: I external/local_xla/xla/stream_executor/cuda/cuda_dnn.cc:473] Loaded cuDNN version 91100
/nas/longleaf/home/inserra/EEGProc/venv312/lib/python3.12/site-packages/sklearn/metrics/_classification.py:259: UserWarning: The y_prob values do not sum to one. Make sure to pass probabilities.
  warnings.warn(
/nas/longleaf/home/inserra/EEGProc/venv312/lib/python3.12/site-packages/sklearn/metrics/_classification.py:259: UserWarning: The y_prob values do not sum to one. Make sure to pass probabilities.
  warnings.warn(
/nas/longleaf/home/inserra/EEGProc/venv312/lib/python3.12/site-packages/sklearn/metrics/_classification.py:259: UserWarning: The y_prob values do not sum to one. Make sure to pass probabilities.
  warnings.warn(
/nas/longleaf/home/inserra/EEGProc/venv312/lib/python3.12/site-packages/sklearn/metrics/_classification.py:259: UserWarning: The y_prob values do not sum to one. Make sure to pass probabilities.
  warnings.warn(
/nas/longleaf/home/inserra/EEGProc/venv312/lib/python3.12/site-packages/sklearn/metrics/_classification.py:259: UserWarning: The y_prob values do not sum to one. Make sure to pass probabilities.
  warnings.warn(
/nas/longleaf/home/inserra/EEGProc/venv312/lib/python3.12/site-packages/sklearn/metrics/_classification.py:259: UserWarning: The y_prob values do not sum to one. Make sure to pass probabilities.
  warnings.warn(
/nas/longleaf/home/inserra/EEGProc/venv312/lib/python3.12/site-packages/sklearn/metrics/_classification.py:259: UserWarning: The y_prob values do not sum to one. Make sure to pass probabilities.
  warnings.warn(
/nas/longleaf/home/inserra/EEGProc/venv312/lib/python3.12/site-packages/sklearn/metrics/_classification.py:259: UserWarning: The y_prob values do not sum to one. Make sure to pass probabilities.
  warnings.warn(
/nas/longleaf/home/inserra/EEGProc/venv312/lib/python3.12/site-packages/sklearn/metrics/_classification.py:259: UserWarning: The y_prob values do not sum to one. Make sure to pass probabilities.
  warnings.warn(
/nas/longleaf/home/inserra/EEGProc/venv312/lib/python3.12/site-packages/sklearn/metrics/_classification.py:259: UserWarning: The y_prob values do not sum to one. Make sure to pass probabilities.
  warnings.warn(
/nas/longleaf/home/inserra/EEGProc/venv312/lib/python3.12/site-packages/sklearn/metrics/_classification.py:259: UserWarning: The y_prob values do not sum to one. Make sure to pass probabilities.
  warnings.warn(
/nas/longleaf/home/inserra/EEGProc/venv312/lib/python3.12/site-packages/sklearn/metrics/_classification.py:259: UserWarning: The y_prob values do not sum to one. Make sure to pass probabilities.
  warnings.warn(
/nas/longleaf/home/inserra/EEGProc/venv312/lib/python3.12/site-packages/sklearn/metrics/_classification.py:259: UserWarning: The y_prob values do not sum to one. Make sure to pass probabilities.
  warnings.warn(
/nas/longleaf/home/inserra/EEGProc/venv312/lib/python3.12/site-packages/sklearn/metrics/_classification.py:259: UserWarning: The y_prob values do not sum to one. Make sure to pass probabilities.
  warnings.warn(
/nas/longleaf/home/inserra/EEGProc/venv312/lib/python3.12/site-packages/sklearn/metrics/_classification.py:259: UserWarning: The y_prob values do not sum to one. Make sure to pass probabilities.
  warnings.warn(
/nas/longleaf/home/inserra/EEGProc/venv312/lib/python3.12/site-packages/sklearn/metrics/_classification.py:259: UserWarning: The y_prob values do not sum to one. Make sure to pass probabilities.
  warnings.warn(
/nas/longleaf/home/inserra/EEGProc/venv312/lib/python3.12/site-packages/sklearn/metrics/_classification.py:259: UserWarning: The y_prob values do not sum to one. Make sure to pass probabilities.
  warnings.warn(
/nas/longleaf/home/inserra/EEGProc/venv312/lib/python3.12/site-packages/sklearn/metrics/_classification.py:259: UserWarning: The y_prob values do not sum to one. Make sure to pass probabilities.
  warnings.warn(
/nas/longleaf/home/inserra/EEGProc/venv312/lib/python3.12/site-packages/sklearn/metrics/_classification.py:259: UserWarning: The y_prob values do not sum to one. Make sure to pass probabilities.
  warnings.warn(
/nas/longleaf/home/inserra/EEGProc/venv312/lib/python3.12/site-packages/sklearn/metrics/_classification.py:259: UserWarning: The y_prob values do not sum to one. Make sure to pass probabilities.
  warnings.warn(
/nas/longleaf/home/inserra/EEGProc/venv312/lib/python3.12/site-packages/sklearn/metrics/_classification.py:259: UserWarning: The y_prob values do not sum to one. Make sure to pass probabilities.
  warnings.warn(
/nas/longleaf/home/inserra/EEGProc/venv312/lib/python3.12/site-packages/sklearn/metrics/_classification.py:259: UserWarning: The y_prob values do not sum to one. Make sure to pass probabilities.
  warnings.warn(
/nas/longleaf/home/inserra/EEGProc/venv312/lib/python3.12/site-packages/sklearn/metrics/_classification.py:259: UserWarning: The y_prob values do not sum to one. Make sure to pass probabilities.
  warnings.warn(
/nas/longleaf/home/inserra/EEGProc/venv312/lib/python3.12/site-packages/sklearn/metrics/_classification.py:259: UserWarning: The y_prob values do not sum to one. Make sure to pass probabilities.
  warnings.warn(
/nas/longleaf/home/inserra/EEGProc/venv312/lib/python3.12/site-packages/sklearn/metrics/_classification.py:259: UserWarning: The y_prob values do not sum to one. Make sure to pass probabilities.
  warnings.warn(
/nas/longleaf/home/inserra/EEGProc/venv312/lib/python3.12/site-packages/sklearn/metrics/_classification.py:259: UserWarning: The y_prob values do not sum to one. Make sure to pass probabilities.
  warnings.warn(
/nas/longleaf/home/inserra/EEGProc/venv312/lib/python3.12/site-packages/sklearn/metrics/_classification.py:259: UserWarning: The y_prob values do not sum to one. Make sure to pass probabilities.
  warnings.warn(
/nas/longleaf/home/inserra/EEGProc/venv312/lib/python3.12/site-packages/sklearn/metrics/_classification.py:259: UserWarning: The y_prob values do not sum to one. Make sure to pass probabilities.
  warnings.warn(
/nas/longleaf/home/inserra/EEGProc/venv312/lib/python3.12/site-packages/sklearn/metrics/_classification.py:259: UserWarning: The y_prob values do not sum to one. Make sure to pass probabilities.
  warnings.warn(
/nas/longleaf/home/inserra/EEGProc/venv312/lib/python3.12/site-packages/sklearn/metrics/_classification.py:259: UserWarning: The y_prob values do not sum to one. Make sure to pass probabilities.
  warnings.warn(
/nas/longleaf/home/inserra/EEGProc/venv312/lib/python3.12/site-packages/sklearn/metrics/_classification.py:259: UserWarning: The y_prob values do not sum to one. Make sure to pass probabilities.
  warnings.warn(
/nas/longleaf/home/inserra/EEGProc/venv312/lib/python3.12/site-packages/sklearn/metrics/_classification.py:259: UserWarning: The y_prob values do not sum to one. Make sure to pass probabilities.
  warnings.warn(
/nas/longleaf/home/inserra/EEGProc/venv312/lib/python3.12/site-packages/sklearn/metrics/_classification.py:259: UserWarning: The y_prob values do not sum to one. Make sure to pass probabilities.
  warnings.warn(
/nas/longleaf/home/inserra/EEGProc/venv312/lib/python3.12/site-packages/sklearn/metrics/_classification.py:259: UserWarning: The y_prob values do not sum to one. Make sure to pass probabilities.
  warnings.warn(
/nas/longleaf/home/inserra/EEGProc/venv312/lib/python3.12/site-packages/sklearn/metrics/_classification.py:259: UserWarning: The y_prob values do not sum to one. Make sure to pass probabilities.
  warnings.warn(
/nas/longleaf/home/inserra/EEGProc/venv312/lib/python3.12/site-packages/sklearn/metrics/_classification.py:259: UserWarning: The y_prob values do not sum to one. Make sure to pass probabilities.
  warnings.warn(
/nas/longleaf/home/inserra/EEGProc/venv312/lib/python3.12/site-packages/sklearn/metrics/_classification.py:259: UserWarning: The y_prob values do not sum to one. Make sure to pass probabilities.
  warnings.warn(
/nas/longleaf/home/inserra/EEGProc/venv312/lib/python3.12/site-packages/sklearn/metrics/_classification.py:259: UserWarning: The y_prob values do not sum to one. Make sure to pass probabilities.
  warnings.warn(
/nas/longleaf/home/inserra/EEGProc/venv312/lib/python3.12/site-packages/sklearn/metrics/_classification.py:259: UserWarning: The y_prob values do not sum to one. Make sure to pass probabilities.
  warnings.warn(
/nas/longleaf/home/inserra/EEGProc/venv312/lib/python3.12/site-packages/sklearn/metrics/_classification.py:259: UserWarning: The y_prob values do not sum to one. Make sure to pass probabilities.
  warnings.warn(
/nas/longleaf/home/inserra/EEGProc/venv312/lib/python3.12/site-packages/sklearn/metrics/_classification.py:259: UserWarning: The y_prob values do not sum to one. Make sure to pass probabilities.
  warnings.warn(
/nas/longleaf/home/inserra/EEGProc/venv312/lib/python3.12/site-packages/sklearn/metrics/_classification.py:259: UserWarning: The y_prob values do not sum to one. Make sure to pass probabilities.
  warnings.warn(
2026-07-19 01:33:18.941742: I tensorflow/core/util/port.cc:153] oneDNN custom operations are on. You may see slightly different numerical results due to floating-point round-off errors from different computation orders. To turn them off, set the environment variable `TF_ENABLE_ONEDNN_OPTS=0`.
2026-07-19 01:33:19.019675: I tensorflow/core/platform/cpu_feature_guard.cc:210] This TensorFlow binary is optimized to use available CPU instructions in performance-critical operations.
To enable the following instructions: AVX2 AVX512F AVX512_VNNI FMA, in other operations, rebuild TensorFlow with the appropriate compiler flags.
2026-07-19 01:33:28.871504: I tensorflow/core/util/port.cc:153] oneDNN custom operations are on. You may see slightly different numerical results due to floating-point round-off errors from different computation orders. To turn them off, set the environment variable `TF_ENABLE_ONEDNN_OPTS=0`.
WARNING: All log messages before absl::InitializeLog() is called are written to STDERR
I0000 00:00:1784439213.134705 1291267 gpu_device.cc:2020] Created device /job:localhost/replica:0/task:0/device:GPU:0 with 43489 MB memory:  -> device: 0, name: NVIDIA L40S, pci bus id: 0000:19:00.0, compute capability: 8.9
2026-07-19 01:33:37.559547: I tensorflow/core/util/port.cc:153] oneDNN custom operations are on. You may see slightly different numerical results due to floating-point round-off errors from different computation orders. To turn them off, set the environment variable `TF_ENABLE_ONEDNN_OPTS=0`.
2026-07-19 01:33:37.632751: I tensorflow/core/platform/cpu_feature_guard.cc:210] This TensorFlow binary is optimized to use available CPU instructions in performance-critical operations.
To enable the following instructions: AVX2 AVX512F AVX512_VNNI FMA, in other operations, rebuild TensorFlow with the appropriate compiler flags.
2026-07-19 01:33:43.568205: I tensorflow/core/util/port.cc:153] oneDNN custom operations are on. You may see slightly different numerical results due to floating-point round-off errors from different computation orders. To turn them off, set the environment variable `TF_ENABLE_ONEDNN_OPTS=0`.
WARNING: All log messages before absl::InitializeLog() is called are written to STDERR
I0000 00:00:1784439225.981787 1291273 gpu_device.cc:2020] Created device /job:localhost/replica:0/task:0/device:GPU:0 with 43489 MB memory:  -> device: 0, name: NVIDIA L40S, pci bus id: 0000:1a:00.0, compute capability: 8.9
2026-07-19 01:33:49.909183: I tensorflow/core/util/port.cc:153] oneDNN custom operations are on. You may see slightly different numerical results due to floating-point round-off errors from different computation orders. To turn them off, set the environment variable `TF_ENABLE_ONEDNN_OPTS=0`.
2026-07-19 01:33:49.982893: I tensorflow/core/platform/cpu_feature_guard.cc:210] This TensorFlow binary is optimized to use available CPU instructions in performance-critical operations.
To enable the following instructions: AVX2 AVX512F AVX512_VNNI FMA, in other operations, rebuild TensorFlow with the appropriate compiler flags.
2026-07-19 01:33:55.344433: I tensorflow/core/util/port.cc:153] oneDNN custom operations are on. You may see slightly different numerical results due to floating-point round-off errors from different computation orders. To turn them off, set the environment variable `TF_ENABLE_ONEDNN_OPTS=0`.
WARNING: All log messages before absl::InitializeLog() is called are written to STDERR
I0000 00:00:1784439238.308178 1291296 gpu_device.cc:2020] Created device /job:localhost/replica:0/task:0/device:GPU:0 with 43489 MB memory:  -> device: 0, name: NVIDIA L40S, pci bus id: 0000:b4:00.0, compute capability: 8.9
2026-07-19 01:34:02.488077: I tensorflow/core/util/port.cc:153] oneDNN custom operations are on. You may see slightly different numerical results due to floating-point round-off errors from different computation orders. To turn them off, set the environment variable `TF_ENABLE_ONEDNN_OPTS=0`.
2026-07-19 01:34:02.563215: I tensorflow/core/platform/cpu_feature_guard.cc:210] This TensorFlow binary is optimized to use available CPU instructions in performance-critical operations.
To enable the following instructions: AVX2 AVX512F AVX512_VNNI FMA, in other operations, rebuild TensorFlow with the appropriate compiler flags.
2026-07-19 01:34:08.183701: I tensorflow/core/util/port.cc:153] oneDNN custom operations are on. You may see slightly different numerical results due to floating-point round-off errors from different computation orders. To turn them off, set the environment variable `TF_ENABLE_ONEDNN_OPTS=0`.
WARNING: All log messages before absl::InitializeLog() is called are written to STDERR
I0000 00:00:1784439250.707905 1291379 gpu_device.cc:2020] Created device /job:localhost/replica:0/task:0/device:GPU:0 with 43489 MB memory:  -> device: 0, name: NVIDIA L40S, pci bus id: 0000:b6:00.0, compute capability: 8.9
2026-07-19 01:34:11.670405: I external/local_xla/xla/stream_executor/cuda/cuda_dnn.cc:473] Loaded cuDNN version 91100
2026-07-19 01:34:11.686941: I external/local_xla/xla/stream_executor/cuda/cuda_dnn.cc:473] Loaded cuDNN version 91100
2026-07-19 01:34:11.723438: I external/local_xla/xla/stream_executor/cuda/cuda_dnn.cc:473] Loaded cuDNN version 91100
2026-07-19 01:34:12.101477: I external/local_xla/xla/stream_executor/cuda/cuda_dnn.cc:473] Loaded cuDNN version 91100
/nas/longleaf/home/inserra/EEGProc/venv312/lib/python3.12/site-packages/sklearn/metrics/_classification.py:259: UserWarning: The y_prob values do not sum to one. Make sure to pass probabilities.
  warnings.warn(
/nas/longleaf/home/inserra/EEGProc/venv312/lib/python3.12/site-packages/sklearn/metrics/_classification.py:259: UserWarning: The y_prob values do not sum to one. Make sure to pass probabilities.
  warnings.warn(
/nas/longleaf/home/inserra/EEGProc/venv312/lib/python3.12/site-packages/sklearn/metrics/_classification.py:259: UserWarning: The y_prob values do not sum to one. Make sure to pass probabilities.
  warnings.warn(
/nas/longleaf/home/inserra/EEGProc/venv312/lib/python3.12/site-packages/sklearn/metrics/_classification.py:259: UserWarning: The y_prob values do not sum to one. Make sure to pass probabilities.
  warnings.warn(
/nas/longleaf/home/inserra/EEGProc/venv312/lib/python3.12/site-packages/sklearn/metrics/_classification.py:259: UserWarning: The y_prob values do not sum to one. Make sure to pass probabilities.
  warnings.warn(
/nas/longleaf/home/inserra/EEGProc/venv312/lib/python3.12/site-packages/sklearn/metrics/_classification.py:259: UserWarning: The y_prob values do not sum to one. Make sure to pass probabilities.
  warnings.warn(
/nas/longleaf/home/inserra/EEGProc/venv312/lib/python3.12/site-packages/sklearn/metrics/_classification.py:259: UserWarning: The y_prob values do not sum to one. Make sure to pass probabilities.
  warnings.warn(
/nas/longleaf/home/inserra/EEGProc/venv312/lib/python3.12/site-packages/sklearn/metrics/_classification.py:259: UserWarning: The y_prob values do not sum to one. Make sure to pass probabilities.
  warnings.warn(
/nas/longleaf/home/inserra/EEGProc/venv312/lib/python3.12/site-packages/sklearn/metrics/_classification.py:259: UserWarning: The y_prob values do not sum to one. Make sure to pass probabilities.
  warnings.warn(
/nas/longleaf/home/inserra/EEGProc/venv312/lib/python3.12/site-packages/sklearn/metrics/_classification.py:259: UserWarning: The y_prob values do not sum to one. Make sure to pass probabilities.
  warnings.warn(
/nas/longleaf/home/inserra/EEGProc/venv312/lib/python3.12/site-packages/sklearn/metrics/_classification.py:259: UserWarning: The y_prob values do not sum to one. Make sure to pass probabilities.
  warnings.warn(
/nas/longleaf/home/inserra/EEGProc/venv312/lib/python3.12/site-packages/sklearn/metrics/_classification.py:259: UserWarning: The y_prob values do not sum to one. Make sure to pass probabilities.
  warnings.warn(
/nas/longleaf/home/inserra/EEGProc/venv312/lib/python3.12/site-packages/sklearn/metrics/_classification.py:259: UserWarning: The y_prob values do not sum to one. Make sure to pass probabilities.
  warnings.warn(
/nas/longleaf/home/inserra/EEGProc/venv312/lib/python3.12/site-packages/sklearn/metrics/_classification.py:259: UserWarning: The y_prob values do not sum to one. Make sure to pass probabilities.
  warnings.warn(
/nas/longleaf/home/inserra/EEGProc/venv312/lib/python3.12/site-packages/sklearn/metrics/_classification.py:259: UserWarning: The y_prob values do not sum to one. Make sure to pass probabilities.
  warnings.warn(
/nas/longleaf/home/inserra/EEGProc/venv312/lib/python3.12/site-packages/sklearn/metrics/_classification.py:259: UserWarning: The y_prob values do not sum to one. Make sure to pass probabilities.
  warnings.warn(
/nas/longleaf/home/inserra/EEGProc/venv312/lib/python3.12/site-packages/sklearn/metrics/_classification.py:259: UserWarning: The y_prob values do not sum to one. Make sure to pass probabilities.
  warnings.warn(
/nas/longleaf/home/inserra/EEGProc/venv312/lib/python3.12/site-packages/sklearn/metrics/_classification.py:259: UserWarning: The y_prob values do not sum to one. Make sure to pass probabilities.
  warnings.warn(
/nas/longleaf/home/inserra/EEGProc/venv312/lib/python3.12/site-packages/sklearn/metrics/_classification.py:259: UserWarning: The y_prob values do not sum to one. Make sure to pass probabilities.
  warnings.warn(
/nas/longleaf/home/inserra/EEGProc/venv312/lib/python3.12/site-packages/sklearn/metrics/_classification.py:259: UserWarning: The y_prob values do not sum to one. Make sure to pass probabilities.
  warnings.warn(
/nas/longleaf/home/inserra/EEGProc/venv312/lib/python3.12/site-packages/sklearn/metrics/_classification.py:259: UserWarning: The y_prob values do not sum to one. Make sure to pass probabilities.
  warnings.warn(
/nas/longleaf/home/inserra/EEGProc/venv312/lib/python3.12/site-packages/sklearn/metrics/_classification.py:259: UserWarning: The y_prob values do not sum to one. Make sure to pass probabilities.
  warnings.warn(
/nas/longleaf/home/inserra/EEGProc/venv312/lib/python3.12/site-packages/sklearn/metrics/_classification.py:259: UserWarning: The y_prob values do not sum to one. Make sure to pass probabilities.
  warnings.warn(
/nas/longleaf/home/inserra/EEGProc/venv312/lib/python3.12/site-packages/sklearn/metrics/_classification.py:259: UserWarning: The y_prob values do not sum to one. Make sure to pass probabilities.
  warnings.warn(
/nas/longleaf/home/inserra/EEGProc/venv312/lib/python3.12/site-packages/sklearn/metrics/_classification.py:259: UserWarning: The y_prob values do not sum to one. Make sure to pass probabilities.
  warnings.warn(
/nas/longleaf/home/inserra/EEGProc/venv312/lib/python3.12/site-packages/sklearn/metrics/_classification.py:259: UserWarning: The y_prob values do not sum to one. Make sure to pass probabilities.
  warnings.warn(
/nas/longleaf/home/inserra/EEGProc/venv312/lib/python3.12/site-packages/sklearn/metrics/_classification.py:259: UserWarning: The y_prob values do not sum to one. Make sure to pass probabilities.
  warnings.warn(
/nas/longleaf/home/inserra/EEGProc/venv312/lib/python3.12/site-packages/sklearn/metrics/_classification.py:259: UserWarning: The y_prob values do not sum to one. Make sure to pass probabilities.
  warnings.warn(
/nas/longleaf/home/inserra/EEGProc/venv312/lib/python3.12/site-packages/sklearn/metrics/_classification.py:259: UserWarning: The y_prob values do not sum to one. Make sure to pass probabilities.
  warnings.warn(
/nas/longleaf/home/inserra/EEGProc/venv312/lib/python3.12/site-packages/sklearn/metrics/_classification.py:259: UserWarning: The y_prob values do not sum to one. Make sure to pass probabilities.
  warnings.warn(
/nas/longleaf/home/inserra/EEGProc/venv312/lib/python3.12/site-packages/sklearn/metrics/_classification.py:259: UserWarning: The y_prob values do not sum to one. Make sure to pass probabilities.
  warnings.warn(
/nas/longleaf/home/inserra/EEGProc/venv312/lib/python3.12/site-packages/sklearn/metrics/_classification.py:259: UserWarning: The y_prob values do not sum to one. Make sure to pass probabilities.
  warnings.warn(
/nas/longleaf/home/inserra/EEGProc/venv312/lib/python3.12/site-packages/sklearn/metrics/_classification.py:259: UserWarning: The y_prob values do not sum to one. Make sure to pass probabilities.
  warnings.warn(
/nas/longleaf/home/inserra/EEGProc/venv312/lib/python3.12/site-packages/sklearn/metrics/_classification.py:259: UserWarning: The y_prob values do not sum to one. Make sure to pass probabilities.
  warnings.warn(
/nas/longleaf/home/inserra/EEGProc/venv312/lib/python3.12/site-packages/sklearn/metrics/_classification.py:259: UserWarning: The y_prob values do not sum to one. Make sure to pass probabilities.
  warnings.warn(
/nas/longleaf/home/inserra/EEGProc/venv312/lib/python3.12/site-packages/sklearn/metrics/_classification.py:259: UserWarning: The y_prob values do not sum to one. Make sure to pass probabilities.
  warnings.warn(
/nas/longleaf/home/inserra/EEGProc/venv312/lib/python3.12/site-packages/sklearn/metrics/_classification.py:259: UserWarning: The y_prob values do not sum to one. Make sure to pass probabilities.
  warnings.warn(
/nas/longleaf/home/inserra/EEGProc/venv312/lib/python3.12/site-packages/sklearn/metrics/_classification.py:259: UserWarning: The y_prob values do not sum to one. Make sure to pass probabilities.
  warnings.warn(
/nas/longleaf/home/inserra/EEGProc/venv312/lib/python3.12/site-packages/sklearn/metrics/_classification.py:259: UserWarning: The y_prob values do not sum to one. Make sure to pass probabilities.
  warnings.warn(
/nas/longleaf/home/inserra/EEGProc/venv312/lib/python3.12/site-packages/sklearn/metrics/_classification.py:259: UserWarning: The y_prob values do not sum to one. Make sure to pass probabilities.
  warnings.warn(
/nas/longleaf/home/inserra/EEGProc/venv312/lib/python3.12/site-packages/sklearn/metrics/_classification.py:259: UserWarning: The y_prob values do not sum to one. Make sure to pass probabilities.
  warnings.warn(
/nas/longleaf/home/inserra/EEGProc/venv312/lib/python3.12/site-packages/sklearn/metrics/_classification.py:259: UserWarning: The y_prob values do not sum to one. Make sure to pass probabilities.
  warnings.warn(
/nas/longleaf/home/inserra/EEGProc/venv312/lib/python3.12/site-packages/sklearn/metrics/_classification.py:259: UserWarning: The y_prob values do not sum to one. Make sure to pass probabilities.
  warnings.warn(
/nas/longleaf/home/inserra/EEGProc/venv312/lib/python3.12/site-packages/sklearn/metrics/_classification.py:259: UserWarning: The y_prob values do not sum to one. Make sure to pass probabilities.
  warnings.warn(
/nas/longleaf/home/inserra/EEGProc/venv312/lib/python3.12/site-packages/sklearn/metrics/_classification.py:259: UserWarning: The y_prob values do not sum to one. Make sure to pass probabilities.
  warnings.warn(
/nas/longleaf/home/inserra/EEGProc/venv312/lib/python3.12/site-packages/sklearn/metrics/_classification.py:259: UserWarning: The y_prob values do not sum to one. Make sure to pass probabilities.
  warnings.warn(
WARNING: All log messages before absl::InitializeLog() is called are written to STDERR
I0000 00:00:1784445599.202886  606363 gpu_device.cc:2020] Created device /job:localhost/replica:0/task:0/device:GPU:0 with 43489 MB memory:  -> device: 0, name: NVIDIA L40S, pci bus id: 0000:19:00.0, compute capability: 8.9
I0000 00:00:1784445599.204496  606363 gpu_device.cc:2020] Created device /job:localhost/replica:0/task:0/device:GPU:1 with 43489 MB memory:  -> device: 1, name: NVIDIA L40S, pci bus id: 0000:1a:00.0, compute capability: 8.9
I0000 00:00:1784445599.206325  606363 gpu_device.cc:2020] Created device /job:localhost/replica:0/task:0/device:GPU:2 with 43489 MB memory:  -> device: 2, name: NVIDIA L40S, pci bus id: 0000:b4:00.0, compute capability: 8.9
I0000 00:00:1784445599.208195  606363 gpu_device.cc:2020] Created device /job:localhost/replica:0/task:0/device:GPU:3 with 43489 MB memory:  -> device: 3, name: NVIDIA L40S, pci bus id: 0000:b6:00.0, compute capability: 8.9
2026-07-19 03:20:00.371240: I external/local_xla/xla/stream_executor/cuda/cuda_dnn.cc:473] Loaded cuDNN version 91100
