2026-07-18 14:21:52.915922: I tensorflow/core/util/port.cc:153] oneDNN custom operations are on. You may see slightly different numerical results due to floating-point round-off errors from different computation orders. To turn them off, set the environment variable `TF_ENABLE_ONEDNN_OPTS=0`.
2026-07-18 14:21:52.996882: I tensorflow/core/platform/cpu_feature_guard.cc:210] This TensorFlow binary is optimized to use available CPU instructions in performance-critical operations.
To enable the following instructions: AVX2 AVX512F AVX512_VNNI FMA, in other operations, rebuild TensorFlow with the appropriate compiler flags.
2026-07-18 14:22:13.384800: I tensorflow/core/util/port.cc:153] oneDNN custom operations are on. You may see slightly different numerical results due to floating-point round-off errors from different computation orders. To turn them off, set the environment variable `TF_ENABLE_ONEDNN_OPTS=0`.
WARNING: All log messages before absl::InitializeLog() is called are written to STDERR
I0000 00:00:1784398951.223224 2277620 gpu_device.cc:2020] Created device /job:localhost/replica:0/task:0/device:GPU:0 with 43489 MB memory:  -> device: 0, name: NVIDIA L40S, pci bus id: 0000:1a:00.0, compute capability: 8.9
I0000 00:00:1784398951.225294 2277620 gpu_device.cc:2020] Created device /job:localhost/replica:0/task:0/device:GPU:1 with 43489 MB memory:  -> device: 1, name: NVIDIA L40S, pci bus id: 0000:1b:00.0, compute capability: 8.9
I0000 00:00:1784398951.227292 2277620 gpu_device.cc:2020] Created device /job:localhost/replica:0/task:0/device:GPU:2 with 43489 MB memory:  -> device: 2, name: NVIDIA L40S, pci bus id: 0000:1c:00.0, compute capability: 8.9
I0000 00:00:1784398951.229232 2277620 gpu_device.cc:2020] Created device /job:localhost/replica:0/task:0/device:GPU:3 with 43489 MB memory:  -> device: 3, name: NVIDIA L40S, pci bus id: 0000:b5:00.0, compute capability: 8.9
2026-07-18 14:22:38.601934: I tensorflow/core/util/port.cc:153] oneDNN custom operations are on. You may see slightly different numerical results due to floating-point round-off errors from different computation orders. To turn them off, set the environment variable `TF_ENABLE_ONEDNN_OPTS=0`.
2026-07-18 14:22:38.681438: I tensorflow/core/platform/cpu_feature_guard.cc:210] This TensorFlow binary is optimized to use available CPU instructions in performance-critical operations.
To enable the following instructions: AVX2 AVX512F AVX512_VNNI FMA, in other operations, rebuild TensorFlow with the appropriate compiler flags.
2026-07-18 14:22:46.217740: I tensorflow/core/util/port.cc:153] oneDNN custom operations are on. You may see slightly different numerical results due to floating-point round-off errors from different computation orders. To turn them off, set the environment variable `TF_ENABLE_ONEDNN_OPTS=0`.
2026-07-18 14:22:57.303982: I tensorflow/core/util/port.cc:153] oneDNN custom operations are on. You may see slightly different numerical results due to floating-point round-off errors from different computation orders. To turn them off, set the environment variable `TF_ENABLE_ONEDNN_OPTS=0`.
2026-07-18 14:22:57.379526: I tensorflow/core/platform/cpu_feature_guard.cc:210] This TensorFlow binary is optimized to use available CPU instructions in performance-critical operations.
To enable the following instructions: AVX2 AVX512F AVX512_VNNI FMA, in other operations, rebuild TensorFlow with the appropriate compiler flags.
2026-07-18 14:23:02.363870: I tensorflow/core/util/port.cc:153] oneDNN custom operations are on. You may see slightly different numerical results due to floating-point round-off errors from different computation orders. To turn them off, set the environment variable `TF_ENABLE_ONEDNN_OPTS=0`.
WARNING: All log messages before absl::InitializeLog() is called are written to STDERR
I0000 00:00:1784398985.040338 2277695 gpu_device.cc:2020] Created device /job:localhost/replica:0/task:0/device:GPU:0 with 43489 MB memory:  -> device: 0, name: NVIDIA L40S, pci bus id: 0000:1a:00.0, compute capability: 8.9
2026-07-18 14:23:10.679350: I tensorflow/core/util/port.cc:153] oneDNN custom operations are on. You may see slightly different numerical results due to floating-point round-off errors from different computation orders. To turn them off, set the environment variable `TF_ENABLE_ONEDNN_OPTS=0`.
2026-07-18 14:23:10.759061: I tensorflow/core/platform/cpu_feature_guard.cc:210] This TensorFlow binary is optimized to use available CPU instructions in performance-critical operations.
To enable the following instructions: AVX2 AVX512F AVX512_VNNI FMA, in other operations, rebuild TensorFlow with the appropriate compiler flags.
2026-07-18 14:23:18.370551: I tensorflow/core/util/port.cc:153] oneDNN custom operations are on. You may see slightly different numerical results due to floating-point round-off errors from different computation orders. To turn them off, set the environment variable `TF_ENABLE_ONEDNN_OPTS=0`.
WARNING: All log messages before absl::InitializeLog() is called are written to STDERR
I0000 00:00:1784399002.107123 2277699 gpu_device.cc:2020] Created device /job:localhost/replica:0/task:0/device:GPU:0 with 43489 MB memory:  -> device: 0, name: NVIDIA L40S, pci bus id: 0000:1b:00.0, compute capability: 8.9
2026-07-18 14:23:26.876248: I tensorflow/core/util/port.cc:153] oneDNN custom operations are on. You may see slightly different numerical results due to floating-point round-off errors from different computation orders. To turn them off, set the environment variable `TF_ENABLE_ONEDNN_OPTS=0`.
2026-07-18 14:23:26.951928: I tensorflow/core/platform/cpu_feature_guard.cc:210] This TensorFlow binary is optimized to use available CPU instructions in performance-critical operations.
To enable the following instructions: AVX2 AVX512F AVX512_VNNI FMA, in other operations, rebuild TensorFlow with the appropriate compiler flags.
2026-07-18 14:23:32.832007: I tensorflow/core/util/port.cc:153] oneDNN custom operations are on. You may see slightly different numerical results due to floating-point round-off errors from different computation orders. To turn them off, set the environment variable `TF_ENABLE_ONEDNN_OPTS=0`.
WARNING: All log messages before absl::InitializeLog() is called are written to STDERR
I0000 00:00:1784399015.262948 2277726 gpu_device.cc:2020] Created device /job:localhost/replica:0/task:0/device:GPU:0 with 43489 MB memory:  -> device: 0, name: NVIDIA L40S, pci bus id: 0000:1c:00.0, compute capability: 8.9
2026-07-18 14:23:39.252845: I tensorflow/core/util/port.cc:153] oneDNN custom operations are on. You may see slightly different numerical results due to floating-point round-off errors from different computation orders. To turn them off, set the environment variable `TF_ENABLE_ONEDNN_OPTS=0`.
2026-07-18 14:23:39.326571: I tensorflow/core/platform/cpu_feature_guard.cc:210] This TensorFlow binary is optimized to use available CPU instructions in performance-critical operations.
To enable the following instructions: AVX2 AVX512F AVX512_VNNI FMA, in other operations, rebuild TensorFlow with the appropriate compiler flags.
2026-07-18 14:23:44.929084: I tensorflow/core/util/port.cc:153] oneDNN custom operations are on. You may see slightly different numerical results due to floating-point round-off errors from different computation orders. To turn them off, set the environment variable `TF_ENABLE_ONEDNN_OPTS=0`.
WARNING: All log messages before absl::InitializeLog() is called are written to STDERR
I0000 00:00:1784399028.447882 2277741 gpu_device.cc:2020] Created device /job:localhost/replica:0/task:0/device:GPU:0 with 43489 MB memory:  -> device: 0, name: NVIDIA L40S, pci bus id: 0000:b5:00.0, compute capability: 8.9
2026-07-18 14:23:49.480108: I external/local_xla/xla/stream_executor/cuda/cuda_dnn.cc:473] Loaded cuDNN version 91100
2026-07-18 14:23:49.481384: I external/local_xla/xla/stream_executor/cuda/cuda_dnn.cc:473] Loaded cuDNN version 91100
2026-07-18 14:23:49.481707: I external/local_xla/xla/stream_executor/cuda/cuda_dnn.cc:473] Loaded cuDNN version 91100
2026-07-18 14:23:49.831375: I external/local_xla/xla/stream_executor/cuda/cuda_dnn.cc:473] Loaded cuDNN version 91100
/nas/longleaf/home/inserra/EEGProc/venv312/lib/python3.12/site-packages/sklearn/metrics/_classification.py:259: UserWarning: The y_prob values do not sum to one. Make sure to pass probabilities.
  warnings.warn(
/nas/longleaf/home/inserra/EEGProc/venv312/lib/python3.12/site-packages/sklearn/metrics/_classification.py:259: UserWarning: The y_prob values do not sum to one. Make sure to pass probabilities.
  warnings.warn(
/nas/longleaf/home/inserra/EEGProc/venv312/lib/python3.12/site-packages/sklearn/metrics/_classification.py:259: UserWarning: The y_prob values do not sum to one. Make sure to pass probabilities.
  warnings.warn(
/nas/longleaf/home/inserra/EEGProc/venv312/lib/python3.12/site-packages/sklearn/metrics/_classification.py:259: UserWarning: The y_prob values do not sum to one. Make sure to pass probabilities.
  warnings.warn(
/nas/longleaf/home/inserra/EEGProc/venv312/lib/python3.12/site-packages/sklearn/metrics/_classification.py:259: UserWarning: The y_prob values do not sum to one. Make sure to pass probabilities.
  warnings.warn(
/nas/longleaf/home/inserra/EEGProc/venv312/lib/python3.12/site-packages/sklearn/metrics/_classification.py:259: UserWarning: The y_prob values do not sum to one. Make sure to pass probabilities.
  warnings.warn(
/nas/longleaf/home/inserra/EEGProc/venv312/lib/python3.12/site-packages/sklearn/metrics/_classification.py:259: UserWarning: The y_prob values do not sum to one. Make sure to pass probabilities.
  warnings.warn(
/nas/longleaf/home/inserra/EEGProc/venv312/lib/python3.12/site-packages/sklearn/metrics/_classification.py:259: UserWarning: The y_prob values do not sum to one. Make sure to pass probabilities.
  warnings.warn(
/nas/longleaf/home/inserra/EEGProc/venv312/lib/python3.12/site-packages/sklearn/metrics/_classification.py:259: UserWarning: The y_prob values do not sum to one. Make sure to pass probabilities.
  warnings.warn(
/nas/longleaf/home/inserra/EEGProc/venv312/lib/python3.12/site-packages/sklearn/metrics/_classification.py:259: UserWarning: The y_prob values do not sum to one. Make sure to pass probabilities.
  warnings.warn(
/nas/longleaf/home/inserra/EEGProc/venv312/lib/python3.12/site-packages/sklearn/metrics/_classification.py:259: UserWarning: The y_prob values do not sum to one. Make sure to pass probabilities.
  warnings.warn(
/nas/longleaf/home/inserra/EEGProc/venv312/lib/python3.12/site-packages/sklearn/metrics/_classification.py:259: UserWarning: The y_prob values do not sum to one. Make sure to pass probabilities.
  warnings.warn(
/nas/longleaf/home/inserra/EEGProc/venv312/lib/python3.12/site-packages/sklearn/metrics/_classification.py:259: UserWarning: The y_prob values do not sum to one. Make sure to pass probabilities.
  warnings.warn(
/nas/longleaf/home/inserra/EEGProc/venv312/lib/python3.12/site-packages/sklearn/metrics/_classification.py:259: UserWarning: The y_prob values do not sum to one. Make sure to pass probabilities.
  warnings.warn(
/nas/longleaf/home/inserra/EEGProc/venv312/lib/python3.12/site-packages/sklearn/metrics/_classification.py:259: UserWarning: The y_prob values do not sum to one. Make sure to pass probabilities.
  warnings.warn(
/nas/longleaf/home/inserra/EEGProc/venv312/lib/python3.12/site-packages/sklearn/metrics/_classification.py:259: UserWarning: The y_prob values do not sum to one. Make sure to pass probabilities.
  warnings.warn(
/nas/longleaf/home/inserra/EEGProc/venv312/lib/python3.12/site-packages/sklearn/metrics/_classification.py:259: UserWarning: The y_prob values do not sum to one. Make sure to pass probabilities.
  warnings.warn(
/nas/longleaf/home/inserra/EEGProc/venv312/lib/python3.12/site-packages/sklearn/metrics/_classification.py:259: UserWarning: The y_prob values do not sum to one. Make sure to pass probabilities.
  warnings.warn(
/nas/longleaf/home/inserra/EEGProc/venv312/lib/python3.12/site-packages/sklearn/metrics/_classification.py:259: UserWarning: The y_prob values do not sum to one. Make sure to pass probabilities.
  warnings.warn(
/nas/longleaf/home/inserra/EEGProc/venv312/lib/python3.12/site-packages/sklearn/metrics/_classification.py:259: UserWarning: The y_prob values do not sum to one. Make sure to pass probabilities.
  warnings.warn(
/nas/longleaf/home/inserra/EEGProc/venv312/lib/python3.12/site-packages/sklearn/metrics/_classification.py:259: UserWarning: The y_prob values do not sum to one. Make sure to pass probabilities.
  warnings.warn(
/nas/longleaf/home/inserra/EEGProc/venv312/lib/python3.12/site-packages/sklearn/metrics/_classification.py:259: UserWarning: The y_prob values do not sum to one. Make sure to pass probabilities.
  warnings.warn(
/nas/longleaf/home/inserra/EEGProc/venv312/lib/python3.12/site-packages/sklearn/metrics/_classification.py:259: UserWarning: The y_prob values do not sum to one. Make sure to pass probabilities.
  warnings.warn(
/nas/longleaf/home/inserra/EEGProc/venv312/lib/python3.12/site-packages/sklearn/metrics/_classification.py:259: UserWarning: The y_prob values do not sum to one. Make sure to pass probabilities.
  warnings.warn(
/nas/longleaf/home/inserra/EEGProc/venv312/lib/python3.12/site-packages/sklearn/metrics/_classification.py:259: UserWarning: The y_prob values do not sum to one. Make sure to pass probabilities.
  warnings.warn(
/nas/longleaf/home/inserra/EEGProc/venv312/lib/python3.12/site-packages/sklearn/metrics/_classification.py:259: UserWarning: The y_prob values do not sum to one. Make sure to pass probabilities.
  warnings.warn(
/nas/longleaf/home/inserra/EEGProc/venv312/lib/python3.12/site-packages/sklearn/metrics/_classification.py:259: UserWarning: The y_prob values do not sum to one. Make sure to pass probabilities.
  warnings.warn(
/nas/longleaf/home/inserra/EEGProc/venv312/lib/python3.12/site-packages/sklearn/metrics/_classification.py:259: UserWarning: The y_prob values do not sum to one. Make sure to pass probabilities.
  warnings.warn(
/nas/longleaf/home/inserra/EEGProc/venv312/lib/python3.12/site-packages/sklearn/metrics/_classification.py:259: UserWarning: The y_prob values do not sum to one. Make sure to pass probabilities.
  warnings.warn(
/nas/longleaf/home/inserra/EEGProc/venv312/lib/python3.12/site-packages/sklearn/metrics/_classification.py:259: UserWarning: The y_prob values do not sum to one. Make sure to pass probabilities.
  warnings.warn(
/nas/longleaf/home/inserra/EEGProc/venv312/lib/python3.12/site-packages/sklearn/metrics/_classification.py:259: UserWarning: The y_prob values do not sum to one. Make sure to pass probabilities.
  warnings.warn(
/nas/longleaf/home/inserra/EEGProc/venv312/lib/python3.12/site-packages/sklearn/metrics/_classification.py:259: UserWarning: The y_prob values do not sum to one. Make sure to pass probabilities.
  warnings.warn(
/nas/longleaf/home/inserra/EEGProc/venv312/lib/python3.12/site-packages/sklearn/metrics/_classification.py:259: UserWarning: The y_prob values do not sum to one. Make sure to pass probabilities.
  warnings.warn(
/nas/longleaf/home/inserra/EEGProc/venv312/lib/python3.12/site-packages/sklearn/metrics/_classification.py:259: UserWarning: The y_prob values do not sum to one. Make sure to pass probabilities.
  warnings.warn(
/nas/longleaf/home/inserra/EEGProc/venv312/lib/python3.12/site-packages/sklearn/metrics/_classification.py:259: UserWarning: The y_prob values do not sum to one. Make sure to pass probabilities.
  warnings.warn(
/nas/longleaf/home/inserra/EEGProc/venv312/lib/python3.12/site-packages/sklearn/metrics/_classification.py:259: UserWarning: The y_prob values do not sum to one. Make sure to pass probabilities.
  warnings.warn(
/nas/longleaf/home/inserra/EEGProc/venv312/lib/python3.12/site-packages/sklearn/metrics/_classification.py:259: UserWarning: The y_prob values do not sum to one. Make sure to pass probabilities.
  warnings.warn(
/nas/longleaf/home/inserra/EEGProc/venv312/lib/python3.12/site-packages/sklearn/metrics/_classification.py:259: UserWarning: The y_prob values do not sum to one. Make sure to pass probabilities.
  warnings.warn(
/nas/longleaf/home/inserra/EEGProc/venv312/lib/python3.12/site-packages/sklearn/metrics/_classification.py:259: UserWarning: The y_prob values do not sum to one. Make sure to pass probabilities.
  warnings.warn(
/nas/longleaf/home/inserra/EEGProc/venv312/lib/python3.12/site-packages/sklearn/metrics/_classification.py:259: UserWarning: The y_prob values do not sum to one. Make sure to pass probabilities.
  warnings.warn(
/nas/longleaf/home/inserra/EEGProc/venv312/lib/python3.12/site-packages/sklearn/metrics/_classification.py:259: UserWarning: The y_prob values do not sum to one. Make sure to pass probabilities.
  warnings.warn(
/nas/longleaf/home/inserra/EEGProc/venv312/lib/python3.12/site-packages/sklearn/metrics/_classification.py:259: UserWarning: The y_prob values do not sum to one. Make sure to pass probabilities.
  warnings.warn(
/nas/longleaf/home/inserra/EEGProc/venv312/lib/python3.12/site-packages/sklearn/metrics/_classification.py:259: UserWarning: The y_prob values do not sum to one. Make sure to pass probabilities.
  warnings.warn(
/nas/longleaf/home/inserra/EEGProc/venv312/lib/python3.12/site-packages/sklearn/metrics/_classification.py:259: UserWarning: The y_prob values do not sum to one. Make sure to pass probabilities.
  warnings.warn(
/nas/longleaf/home/inserra/EEGProc/venv312/lib/python3.12/site-packages/sklearn/metrics/_classification.py:259: UserWarning: The y_prob values do not sum to one. Make sure to pass probabilities.
  warnings.warn(
/nas/longleaf/home/inserra/EEGProc/venv312/lib/python3.12/site-packages/sklearn/metrics/_classification.py:259: UserWarning: The y_prob values do not sum to one. Make sure to pass probabilities.
  warnings.warn(
2026-07-18 16:11:08.253274: I tensorflow/core/util/port.cc:153] oneDNN custom operations are on. You may see slightly different numerical results due to floating-point round-off errors from different computation orders. To turn them off, set the environment variable `TF_ENABLE_ONEDNN_OPTS=0`.
2026-07-18 16:11:08.327820: I tensorflow/core/platform/cpu_feature_guard.cc:210] This TensorFlow binary is optimized to use available CPU instructions in performance-critical operations.
To enable the following instructions: AVX2 AVX512F AVX512_VNNI FMA, in other operations, rebuild TensorFlow with the appropriate compiler flags.
2026-07-18 16:11:17.262818: I tensorflow/core/util/port.cc:153] oneDNN custom operations are on. You may see slightly different numerical results due to floating-point round-off errors from different computation orders. To turn them off, set the environment variable `TF_ENABLE_ONEDNN_OPTS=0`.
WARNING: All log messages before absl::InitializeLog() is called are written to STDERR
I0000 00:00:1784405481.140996 2374096 gpu_device.cc:2020] Created device /job:localhost/replica:0/task:0/device:GPU:0 with 43489 MB memory:  -> device: 0, name: NVIDIA L40S, pci bus id: 0000:1a:00.0, compute capability: 8.9
2026-07-18 16:11:25.503326: I tensorflow/core/util/port.cc:153] oneDNN custom operations are on. You may see slightly different numerical results due to floating-point round-off errors from different computation orders. To turn them off, set the environment variable `TF_ENABLE_ONEDNN_OPTS=0`.
2026-07-18 16:11:25.581555: I tensorflow/core/platform/cpu_feature_guard.cc:210] This TensorFlow binary is optimized to use available CPU instructions in performance-critical operations.
To enable the following instructions: AVX2 AVX512F AVX512_VNNI FMA, in other operations, rebuild TensorFlow with the appropriate compiler flags.
2026-07-18 16:11:30.954573: I tensorflow/core/util/port.cc:153] oneDNN custom operations are on. You may see slightly different numerical results due to floating-point round-off errors from different computation orders. To turn them off, set the environment variable `TF_ENABLE_ONEDNN_OPTS=0`.
WARNING: All log messages before absl::InitializeLog() is called are written to STDERR
I0000 00:00:1784405494.406369 2374111 gpu_device.cc:2020] Created device /job:localhost/replica:0/task:0/device:GPU:0 with 43489 MB memory:  -> device: 0, name: NVIDIA L40S, pci bus id: 0000:1b:00.0, compute capability: 8.9
2026-07-18 16:11:38.584246: I tensorflow/core/util/port.cc:153] oneDNN custom operations are on. You may see slightly different numerical results due to floating-point round-off errors from different computation orders. To turn them off, set the environment variable `TF_ENABLE_ONEDNN_OPTS=0`.
2026-07-18 16:11:38.664952: I tensorflow/core/platform/cpu_feature_guard.cc:210] This TensorFlow binary is optimized to use available CPU instructions in performance-critical operations.
To enable the following instructions: AVX2 AVX512F AVX512_VNNI FMA, in other operations, rebuild TensorFlow with the appropriate compiler flags.
2026-07-18 16:11:44.622659: I tensorflow/core/util/port.cc:153] oneDNN custom operations are on. You may see slightly different numerical results due to floating-point round-off errors from different computation orders. To turn them off, set the environment variable `TF_ENABLE_ONEDNN_OPTS=0`.
WARNING: All log messages before absl::InitializeLog() is called are written to STDERR
I0000 00:00:1784405507.233276 2374129 gpu_device.cc:2020] Created device /job:localhost/replica:0/task:0/device:GPU:0 with 43489 MB memory:  -> device: 0, name: NVIDIA L40S, pci bus id: 0000:1c:00.0, compute capability: 8.9
2026-07-18 16:11:51.327555: I tensorflow/core/util/port.cc:153] oneDNN custom operations are on. You may see slightly different numerical results due to floating-point round-off errors from different computation orders. To turn them off, set the environment variable `TF_ENABLE_ONEDNN_OPTS=0`.
2026-07-18 16:11:51.401811: I tensorflow/core/platform/cpu_feature_guard.cc:210] This TensorFlow binary is optimized to use available CPU instructions in performance-critical operations.
To enable the following instructions: AVX2 AVX512F AVX512_VNNI FMA, in other operations, rebuild TensorFlow with the appropriate compiler flags.
2026-07-18 16:11:58.176120: I tensorflow/core/util/port.cc:153] oneDNN custom operations are on. You may see slightly different numerical results due to floating-point round-off errors from different computation orders. To turn them off, set the environment variable `TF_ENABLE_ONEDNN_OPTS=0`.
WARNING: All log messages before absl::InitializeLog() is called are written to STDERR
I0000 00:00:1784405520.782955 2374144 gpu_device.cc:2020] Created device /job:localhost/replica:0/task:0/device:GPU:0 with 43489 MB memory:  -> device: 0, name: NVIDIA L40S, pci bus id: 0000:b5:00.0, compute capability: 8.9
2026-07-18 16:12:01.774526: I external/local_xla/xla/stream_executor/cuda/cuda_dnn.cc:473] Loaded cuDNN version 91100
2026-07-18 16:12:01.794806: I external/local_xla/xla/stream_executor/cuda/cuda_dnn.cc:473] Loaded cuDNN version 91100
2026-07-18 16:12:01.809344: I external/local_xla/xla/stream_executor/cuda/cuda_dnn.cc:473] Loaded cuDNN version 91100
2026-07-18 16:12:02.197589: I external/local_xla/xla/stream_executor/cuda/cuda_dnn.cc:473] Loaded cuDNN version 91100
/nas/longleaf/home/inserra/EEGProc/venv312/lib/python3.12/site-packages/sklearn/metrics/_classification.py:259: UserWarning: The y_prob values do not sum to one. Make sure to pass probabilities.
  warnings.warn(
/nas/longleaf/home/inserra/EEGProc/venv312/lib/python3.12/site-packages/sklearn/metrics/_classification.py:259: UserWarning: The y_prob values do not sum to one. Make sure to pass probabilities.
  warnings.warn(
/nas/longleaf/home/inserra/EEGProc/venv312/lib/python3.12/site-packages/sklearn/metrics/_classification.py:259: UserWarning: The y_prob values do not sum to one. Make sure to pass probabilities.
  warnings.warn(
/nas/longleaf/home/inserra/EEGProc/venv312/lib/python3.12/site-packages/sklearn/metrics/_classification.py:259: UserWarning: The y_prob values do not sum to one. Make sure to pass probabilities.
  warnings.warn(
/nas/longleaf/home/inserra/EEGProc/venv312/lib/python3.12/site-packages/sklearn/metrics/_classification.py:259: UserWarning: The y_prob values do not sum to one. Make sure to pass probabilities.
  warnings.warn(
/nas/longleaf/home/inserra/EEGProc/venv312/lib/python3.12/site-packages/sklearn/metrics/_classification.py:259: UserWarning: The y_prob values do not sum to one. Make sure to pass probabilities.
  warnings.warn(
/nas/longleaf/home/inserra/EEGProc/venv312/lib/python3.12/site-packages/sklearn/metrics/_classification.py:259: UserWarning: The y_prob values do not sum to one. Make sure to pass probabilities.
  warnings.warn(
/nas/longleaf/home/inserra/EEGProc/venv312/lib/python3.12/site-packages/sklearn/metrics/_classification.py:259: UserWarning: The y_prob values do not sum to one. Make sure to pass probabilities.
  warnings.warn(
/nas/longleaf/home/inserra/EEGProc/venv312/lib/python3.12/site-packages/sklearn/metrics/_classification.py:259: UserWarning: The y_prob values do not sum to one. Make sure to pass probabilities.
  warnings.warn(
/nas/longleaf/home/inserra/EEGProc/venv312/lib/python3.12/site-packages/sklearn/metrics/_classification.py:259: UserWarning: The y_prob values do not sum to one. Make sure to pass probabilities.
  warnings.warn(
/nas/longleaf/home/inserra/EEGProc/venv312/lib/python3.12/site-packages/sklearn/metrics/_classification.py:259: UserWarning: The y_prob values do not sum to one. Make sure to pass probabilities.
  warnings.warn(
/nas/longleaf/home/inserra/EEGProc/venv312/lib/python3.12/site-packages/sklearn/metrics/_classification.py:259: UserWarning: The y_prob values do not sum to one. Make sure to pass probabilities.
  warnings.warn(
/nas/longleaf/home/inserra/EEGProc/venv312/lib/python3.12/site-packages/sklearn/metrics/_classification.py:259: UserWarning: The y_prob values do not sum to one. Make sure to pass probabilities.
  warnings.warn(
/nas/longleaf/home/inserra/EEGProc/venv312/lib/python3.12/site-packages/sklearn/metrics/_classification.py:259: UserWarning: The y_prob values do not sum to one. Make sure to pass probabilities.
  warnings.warn(
/nas/longleaf/home/inserra/EEGProc/venv312/lib/python3.12/site-packages/sklearn/metrics/_classification.py:259: UserWarning: The y_prob values do not sum to one. Make sure to pass probabilities.
  warnings.warn(
/nas/longleaf/home/inserra/EEGProc/venv312/lib/python3.12/site-packages/sklearn/metrics/_classification.py:259: UserWarning: The y_prob values do not sum to one. Make sure to pass probabilities.
  warnings.warn(
/nas/longleaf/home/inserra/EEGProc/venv312/lib/python3.12/site-packages/sklearn/metrics/_classification.py:259: UserWarning: The y_prob values do not sum to one. Make sure to pass probabilities.
  warnings.warn(
/nas/longleaf/home/inserra/EEGProc/venv312/lib/python3.12/site-packages/sklearn/metrics/_classification.py:259: UserWarning: The y_prob values do not sum to one. Make sure to pass probabilities.
  warnings.warn(
/nas/longleaf/home/inserra/EEGProc/venv312/lib/python3.12/site-packages/sklearn/metrics/_classification.py:259: UserWarning: The y_prob values do not sum to one. Make sure to pass probabilities.
  warnings.warn(
/nas/longleaf/home/inserra/EEGProc/venv312/lib/python3.12/site-packages/sklearn/metrics/_classification.py:259: UserWarning: The y_prob values do not sum to one. Make sure to pass probabilities.
  warnings.warn(
/nas/longleaf/home/inserra/EEGProc/venv312/lib/python3.12/site-packages/sklearn/metrics/_classification.py:259: UserWarning: The y_prob values do not sum to one. Make sure to pass probabilities.
  warnings.warn(
/nas/longleaf/home/inserra/EEGProc/venv312/lib/python3.12/site-packages/sklearn/metrics/_classification.py:259: UserWarning: The y_prob values do not sum to one. Make sure to pass probabilities.
  warnings.warn(
/nas/longleaf/home/inserra/EEGProc/venv312/lib/python3.12/site-packages/sklearn/metrics/_classification.py:259: UserWarning: The y_prob values do not sum to one. Make sure to pass probabilities.
  warnings.warn(
/nas/longleaf/home/inserra/EEGProc/venv312/lib/python3.12/site-packages/sklearn/metrics/_classification.py:259: UserWarning: The y_prob values do not sum to one. Make sure to pass probabilities.
  warnings.warn(
/nas/longleaf/home/inserra/EEGProc/venv312/lib/python3.12/site-packages/sklearn/metrics/_classification.py:259: UserWarning: The y_prob values do not sum to one. Make sure to pass probabilities.
  warnings.warn(
/nas/longleaf/home/inserra/EEGProc/venv312/lib/python3.12/site-packages/sklearn/metrics/_classification.py:259: UserWarning: The y_prob values do not sum to one. Make sure to pass probabilities.
  warnings.warn(
/nas/longleaf/home/inserra/EEGProc/venv312/lib/python3.12/site-packages/sklearn/metrics/_classification.py:259: UserWarning: The y_prob values do not sum to one. Make sure to pass probabilities.
  warnings.warn(
/nas/longleaf/home/inserra/EEGProc/venv312/lib/python3.12/site-packages/sklearn/metrics/_classification.py:259: UserWarning: The y_prob values do not sum to one. Make sure to pass probabilities.
  warnings.warn(
/nas/longleaf/home/inserra/EEGProc/venv312/lib/python3.12/site-packages/sklearn/metrics/_classification.py:259: UserWarning: The y_prob values do not sum to one. Make sure to pass probabilities.
  warnings.warn(
/nas/longleaf/home/inserra/EEGProc/venv312/lib/python3.12/site-packages/sklearn/metrics/_classification.py:259: UserWarning: The y_prob values do not sum to one. Make sure to pass probabilities.
  warnings.warn(
/nas/longleaf/home/inserra/EEGProc/venv312/lib/python3.12/site-packages/sklearn/metrics/_classification.py:259: UserWarning: The y_prob values do not sum to one. Make sure to pass probabilities.
  warnings.warn(
/nas/longleaf/home/inserra/EEGProc/venv312/lib/python3.12/site-packages/sklearn/metrics/_classification.py:259: UserWarning: The y_prob values do not sum to one. Make sure to pass probabilities.
  warnings.warn(
/nas/longleaf/home/inserra/EEGProc/venv312/lib/python3.12/site-packages/sklearn/metrics/_classification.py:259: UserWarning: The y_prob values do not sum to one. Make sure to pass probabilities.
  warnings.warn(
/nas/longleaf/home/inserra/EEGProc/venv312/lib/python3.12/site-packages/sklearn/metrics/_classification.py:259: UserWarning: The y_prob values do not sum to one. Make sure to pass probabilities.
  warnings.warn(
/nas/longleaf/home/inserra/EEGProc/venv312/lib/python3.12/site-packages/sklearn/metrics/_classification.py:259: UserWarning: The y_prob values do not sum to one. Make sure to pass probabilities.
  warnings.warn(
/nas/longleaf/home/inserra/EEGProc/venv312/lib/python3.12/site-packages/sklearn/metrics/_classification.py:259: UserWarning: The y_prob values do not sum to one. Make sure to pass probabilities.
  warnings.warn(
/nas/longleaf/home/inserra/EEGProc/venv312/lib/python3.12/site-packages/sklearn/metrics/_classification.py:259: UserWarning: The y_prob values do not sum to one. Make sure to pass probabilities.
  warnings.warn(
/nas/longleaf/home/inserra/EEGProc/venv312/lib/python3.12/site-packages/sklearn/metrics/_classification.py:259: UserWarning: The y_prob values do not sum to one. Make sure to pass probabilities.
  warnings.warn(
/nas/longleaf/home/inserra/EEGProc/venv312/lib/python3.12/site-packages/sklearn/metrics/_classification.py:259: UserWarning: The y_prob values do not sum to one. Make sure to pass probabilities.
  warnings.warn(
/nas/longleaf/home/inserra/EEGProc/venv312/lib/python3.12/site-packages/sklearn/metrics/_classification.py:259: UserWarning: The y_prob values do not sum to one. Make sure to pass probabilities.
  warnings.warn(
/nas/longleaf/home/inserra/EEGProc/venv312/lib/python3.12/site-packages/sklearn/metrics/_classification.py:259: UserWarning: The y_prob values do not sum to one. Make sure to pass probabilities.
  warnings.warn(
/nas/longleaf/home/inserra/EEGProc/venv312/lib/python3.12/site-packages/sklearn/metrics/_classification.py:259: UserWarning: The y_prob values do not sum to one. Make sure to pass probabilities.
  warnings.warn(
/nas/longleaf/home/inserra/EEGProc/venv312/lib/python3.12/site-packages/sklearn/metrics/_classification.py:259: UserWarning: The y_prob values do not sum to one. Make sure to pass probabilities.
  warnings.warn(
/nas/longleaf/home/inserra/EEGProc/venv312/lib/python3.12/site-packages/sklearn/metrics/_classification.py:259: UserWarning: The y_prob values do not sum to one. Make sure to pass probabilities.
  warnings.warn(
/nas/longleaf/home/inserra/EEGProc/venv312/lib/python3.12/site-packages/sklearn/metrics/_classification.py:259: UserWarning: The y_prob values do not sum to one. Make sure to pass probabilities.
  warnings.warn(
/nas/longleaf/home/inserra/EEGProc/venv312/lib/python3.12/site-packages/sklearn/metrics/_classification.py:259: UserWarning: The y_prob values do not sum to one. Make sure to pass probabilities.
  warnings.warn(
2026-07-18 17:59:11.748531: I tensorflow/core/util/port.cc:153] oneDNN custom operations are on. You may see slightly different numerical results due to floating-point round-off errors from different computation orders. To turn them off, set the environment variable `TF_ENABLE_ONEDNN_OPTS=0`.
2026-07-18 17:59:11.823823: I tensorflow/core/platform/cpu_feature_guard.cc:210] This TensorFlow binary is optimized to use available CPU instructions in performance-critical operations.
To enable the following instructions: AVX2 AVX512F AVX512_VNNI FMA, in other operations, rebuild TensorFlow with the appropriate compiler flags.
2026-07-18 17:59:21.404738: I tensorflow/core/util/port.cc:153] oneDNN custom operations are on. You may see slightly different numerical results due to floating-point round-off errors from different computation orders. To turn them off, set the environment variable `TF_ENABLE_ONEDNN_OPTS=0`.
WARNING: All log messages before absl::InitializeLog() is called are written to STDERR
I0000 00:00:1784411966.167793 2470497 gpu_device.cc:2020] Created device /job:localhost/replica:0/task:0/device:GPU:0 with 43489 MB memory:  -> device: 0, name: NVIDIA L40S, pci bus id: 0000:1a:00.0, compute capability: 8.9
2026-07-18 17:59:30.501357: I tensorflow/core/util/port.cc:153] oneDNN custom operations are on. You may see slightly different numerical results due to floating-point round-off errors from different computation orders. To turn them off, set the environment variable `TF_ENABLE_ONEDNN_OPTS=0`.
2026-07-18 17:59:30.577656: I tensorflow/core/platform/cpu_feature_guard.cc:210] This TensorFlow binary is optimized to use available CPU instructions in performance-critical operations.
To enable the following instructions: AVX2 AVX512F AVX512_VNNI FMA, in other operations, rebuild TensorFlow with the appropriate compiler flags.
2026-07-18 17:59:36.113604: I tensorflow/core/util/port.cc:153] oneDNN custom operations are on. You may see slightly different numerical results due to floating-point round-off errors from different computation orders. To turn them off, set the environment variable `TF_ENABLE_ONEDNN_OPTS=0`.
WARNING: All log messages before absl::InitializeLog() is called are written to STDERR
I0000 00:00:1784411978.960771 2470515 gpu_device.cc:2020] Created device /job:localhost/replica:0/task:0/device:GPU:0 with 43489 MB memory:  -> device: 0, name: NVIDIA L40S, pci bus id: 0000:1b:00.0, compute capability: 8.9
2026-07-18 17:59:43.573060: I tensorflow/core/util/port.cc:153] oneDNN custom operations are on. You may see slightly different numerical results due to floating-point round-off errors from different computation orders. To turn them off, set the environment variable `TF_ENABLE_ONEDNN_OPTS=0`.
2026-07-18 17:59:43.649785: I tensorflow/core/platform/cpu_feature_guard.cc:210] This TensorFlow binary is optimized to use available CPU instructions in performance-critical operations.
To enable the following instructions: AVX2 AVX512F AVX512_VNNI FMA, in other operations, rebuild TensorFlow with the appropriate compiler flags.
2026-07-18 17:59:49.550048: I tensorflow/core/util/port.cc:153] oneDNN custom operations are on. You may see slightly different numerical results due to floating-point round-off errors from different computation orders. To turn them off, set the environment variable `TF_ENABLE_ONEDNN_OPTS=0`.
WARNING: All log messages before absl::InitializeLog() is called are written to STDERR
I0000 00:00:1784411992.481406 2470528 gpu_device.cc:2020] Created device /job:localhost/replica:0/task:0/device:GPU:0 with 43489 MB memory:  -> device: 0, name: NVIDIA L40S, pci bus id: 0000:1c:00.0, compute capability: 8.9
2026-07-18 17:59:56.755873: I tensorflow/core/util/port.cc:153] oneDNN custom operations are on. You may see slightly different numerical results due to floating-point round-off errors from different computation orders. To turn them off, set the environment variable `TF_ENABLE_ONEDNN_OPTS=0`.
2026-07-18 17:59:56.829226: I tensorflow/core/platform/cpu_feature_guard.cc:210] This TensorFlow binary is optimized to use available CPU instructions in performance-critical operations.
To enable the following instructions: AVX2 AVX512F AVX512_VNNI FMA, in other operations, rebuild TensorFlow with the appropriate compiler flags.
2026-07-18 18:00:03.893235: I tensorflow/core/util/port.cc:153] oneDNN custom operations are on. You may see slightly different numerical results due to floating-point round-off errors from different computation orders. To turn them off, set the environment variable `TF_ENABLE_ONEDNN_OPTS=0`.
WARNING: All log messages before absl::InitializeLog() is called are written to STDERR
I0000 00:00:1784412007.145151 2470541 gpu_device.cc:2020] Created device /job:localhost/replica:0/task:0/device:GPU:0 with 43489 MB memory:  -> device: 0, name: NVIDIA L40S, pci bus id: 0000:b5:00.0, compute capability: 8.9
2026-07-18 18:00:08.088484: I external/local_xla/xla/stream_executor/cuda/cuda_dnn.cc:473] Loaded cuDNN version 91100
2026-07-18 18:00:08.109388: I external/local_xla/xla/stream_executor/cuda/cuda_dnn.cc:473] Loaded cuDNN version 91100
2026-07-18 18:00:08.127318: I external/local_xla/xla/stream_executor/cuda/cuda_dnn.cc:473] Loaded cuDNN version 91100
2026-07-18 18:00:08.508000: I external/local_xla/xla/stream_executor/cuda/cuda_dnn.cc:473] Loaded cuDNN version 91100
/nas/longleaf/home/inserra/EEGProc/venv312/lib/python3.12/site-packages/sklearn/metrics/_classification.py:259: UserWarning: The y_prob values do not sum to one. Make sure to pass probabilities.
  warnings.warn(
/nas/longleaf/home/inserra/EEGProc/venv312/lib/python3.12/site-packages/sklearn/metrics/_classification.py:259: UserWarning: The y_prob values do not sum to one. Make sure to pass probabilities.
  warnings.warn(
/nas/longleaf/home/inserra/EEGProc/venv312/lib/python3.12/site-packages/sklearn/metrics/_classification.py:259: UserWarning: The y_prob values do not sum to one. Make sure to pass probabilities.
  warnings.warn(
/nas/longleaf/home/inserra/EEGProc/venv312/lib/python3.12/site-packages/sklearn/metrics/_classification.py:259: UserWarning: The y_prob values do not sum to one. Make sure to pass probabilities.
  warnings.warn(
/nas/longleaf/home/inserra/EEGProc/venv312/lib/python3.12/site-packages/sklearn/metrics/_classification.py:259: UserWarning: The y_prob values do not sum to one. Make sure to pass probabilities.
  warnings.warn(
/nas/longleaf/home/inserra/EEGProc/venv312/lib/python3.12/site-packages/sklearn/metrics/_classification.py:259: UserWarning: The y_prob values do not sum to one. Make sure to pass probabilities.
  warnings.warn(
/nas/longleaf/home/inserra/EEGProc/venv312/lib/python3.12/site-packages/sklearn/metrics/_classification.py:259: UserWarning: The y_prob values do not sum to one. Make sure to pass probabilities.
  warnings.warn(
/nas/longleaf/home/inserra/EEGProc/venv312/lib/python3.12/site-packages/sklearn/metrics/_classification.py:259: UserWarning: The y_prob values do not sum to one. Make sure to pass probabilities.
  warnings.warn(
/nas/longleaf/home/inserra/EEGProc/venv312/lib/python3.12/site-packages/sklearn/metrics/_classification.py:259: UserWarning: The y_prob values do not sum to one. Make sure to pass probabilities.
  warnings.warn(
/nas/longleaf/home/inserra/EEGProc/venv312/lib/python3.12/site-packages/sklearn/metrics/_classification.py:259: UserWarning: The y_prob values do not sum to one. Make sure to pass probabilities.
  warnings.warn(
/nas/longleaf/home/inserra/EEGProc/venv312/lib/python3.12/site-packages/sklearn/metrics/_classification.py:259: UserWarning: The y_prob values do not sum to one. Make sure to pass probabilities.
  warnings.warn(
/nas/longleaf/home/inserra/EEGProc/venv312/lib/python3.12/site-packages/sklearn/metrics/_classification.py:259: UserWarning: The y_prob values do not sum to one. Make sure to pass probabilities.
  warnings.warn(
/nas/longleaf/home/inserra/EEGProc/venv312/lib/python3.12/site-packages/sklearn/metrics/_classification.py:259: UserWarning: The y_prob values do not sum to one. Make sure to pass probabilities.
  warnings.warn(
/nas/longleaf/home/inserra/EEGProc/venv312/lib/python3.12/site-packages/sklearn/metrics/_classification.py:259: UserWarning: The y_prob values do not sum to one. Make sure to pass probabilities.
  warnings.warn(
/nas/longleaf/home/inserra/EEGProc/venv312/lib/python3.12/site-packages/sklearn/metrics/_classification.py:259: UserWarning: The y_prob values do not sum to one. Make sure to pass probabilities.
  warnings.warn(
/nas/longleaf/home/inserra/EEGProc/venv312/lib/python3.12/site-packages/sklearn/metrics/_classification.py:259: UserWarning: The y_prob values do not sum to one. Make sure to pass probabilities.
  warnings.warn(
/nas/longleaf/home/inserra/EEGProc/venv312/lib/python3.12/site-packages/sklearn/metrics/_classification.py:259: UserWarning: The y_prob values do not sum to one. Make sure to pass probabilities.
  warnings.warn(
/nas/longleaf/home/inserra/EEGProc/venv312/lib/python3.12/site-packages/sklearn/metrics/_classification.py:259: UserWarning: The y_prob values do not sum to one. Make sure to pass probabilities.
  warnings.warn(
/nas/longleaf/home/inserra/EEGProc/venv312/lib/python3.12/site-packages/sklearn/metrics/_classification.py:259: UserWarning: The y_prob values do not sum to one. Make sure to pass probabilities.
  warnings.warn(
/nas/longleaf/home/inserra/EEGProc/venv312/lib/python3.12/site-packages/sklearn/metrics/_classification.py:259: UserWarning: The y_prob values do not sum to one. Make sure to pass probabilities.
  warnings.warn(
/nas/longleaf/home/inserra/EEGProc/venv312/lib/python3.12/site-packages/sklearn/metrics/_classification.py:259: UserWarning: The y_prob values do not sum to one. Make sure to pass probabilities.
  warnings.warn(
/nas/longleaf/home/inserra/EEGProc/venv312/lib/python3.12/site-packages/sklearn/metrics/_classification.py:259: UserWarning: The y_prob values do not sum to one. Make sure to pass probabilities.
  warnings.warn(
/nas/longleaf/home/inserra/EEGProc/venv312/lib/python3.12/site-packages/sklearn/metrics/_classification.py:259: UserWarning: The y_prob values do not sum to one. Make sure to pass probabilities.
  warnings.warn(
/nas/longleaf/home/inserra/EEGProc/venv312/lib/python3.12/site-packages/sklearn/metrics/_classification.py:259: UserWarning: The y_prob values do not sum to one. Make sure to pass probabilities.
  warnings.warn(
/nas/longleaf/home/inserra/EEGProc/venv312/lib/python3.12/site-packages/sklearn/metrics/_classification.py:259: UserWarning: The y_prob values do not sum to one. Make sure to pass probabilities.
  warnings.warn(
/nas/longleaf/home/inserra/EEGProc/venv312/lib/python3.12/site-packages/sklearn/metrics/_classification.py:259: UserWarning: The y_prob values do not sum to one. Make sure to pass probabilities.
  warnings.warn(
/nas/longleaf/home/inserra/EEGProc/venv312/lib/python3.12/site-packages/sklearn/metrics/_classification.py:259: UserWarning: The y_prob values do not sum to one. Make sure to pass probabilities.
  warnings.warn(
/nas/longleaf/home/inserra/EEGProc/venv312/lib/python3.12/site-packages/sklearn/metrics/_classification.py:259: UserWarning: The y_prob values do not sum to one. Make sure to pass probabilities.
  warnings.warn(
/nas/longleaf/home/inserra/EEGProc/venv312/lib/python3.12/site-packages/sklearn/metrics/_classification.py:259: UserWarning: The y_prob values do not sum to one. Make sure to pass probabilities.
  warnings.warn(
/nas/longleaf/home/inserra/EEGProc/venv312/lib/python3.12/site-packages/sklearn/metrics/_classification.py:259: UserWarning: The y_prob values do not sum to one. Make sure to pass probabilities.
  warnings.warn(
/nas/longleaf/home/inserra/EEGProc/venv312/lib/python3.12/site-packages/sklearn/metrics/_classification.py:259: UserWarning: The y_prob values do not sum to one. Make sure to pass probabilities.
  warnings.warn(
/nas/longleaf/home/inserra/EEGProc/venv312/lib/python3.12/site-packages/sklearn/metrics/_classification.py:259: UserWarning: The y_prob values do not sum to one. Make sure to pass probabilities.
  warnings.warn(
/nas/longleaf/home/inserra/EEGProc/venv312/lib/python3.12/site-packages/sklearn/metrics/_classification.py:259: UserWarning: The y_prob values do not sum to one. Make sure to pass probabilities.
  warnings.warn(
/nas/longleaf/home/inserra/EEGProc/venv312/lib/python3.12/site-packages/sklearn/metrics/_classification.py:259: UserWarning: The y_prob values do not sum to one. Make sure to pass probabilities.
  warnings.warn(
/nas/longleaf/home/inserra/EEGProc/venv312/lib/python3.12/site-packages/sklearn/metrics/_classification.py:259: UserWarning: The y_prob values do not sum to one. Make sure to pass probabilities.
  warnings.warn(
/nas/longleaf/home/inserra/EEGProc/venv312/lib/python3.12/site-packages/sklearn/metrics/_classification.py:259: UserWarning: The y_prob values do not sum to one. Make sure to pass probabilities.
  warnings.warn(
/nas/longleaf/home/inserra/EEGProc/venv312/lib/python3.12/site-packages/sklearn/metrics/_classification.py:259: UserWarning: The y_prob values do not sum to one. Make sure to pass probabilities.
  warnings.warn(
/nas/longleaf/home/inserra/EEGProc/venv312/lib/python3.12/site-packages/sklearn/metrics/_classification.py:259: UserWarning: The y_prob values do not sum to one. Make sure to pass probabilities.
  warnings.warn(
/nas/longleaf/home/inserra/EEGProc/venv312/lib/python3.12/site-packages/sklearn/metrics/_classification.py:259: UserWarning: The y_prob values do not sum to one. Make sure to pass probabilities.
  warnings.warn(
/nas/longleaf/home/inserra/EEGProc/venv312/lib/python3.12/site-packages/sklearn/metrics/_classification.py:259: UserWarning: The y_prob values do not sum to one. Make sure to pass probabilities.
  warnings.warn(
/nas/longleaf/home/inserra/EEGProc/venv312/lib/python3.12/site-packages/sklearn/metrics/_classification.py:259: UserWarning: The y_prob values do not sum to one. Make sure to pass probabilities.
  warnings.warn(
/nas/longleaf/home/inserra/EEGProc/venv312/lib/python3.12/site-packages/sklearn/metrics/_classification.py:259: UserWarning: The y_prob values do not sum to one. Make sure to pass probabilities.
  warnings.warn(
/nas/longleaf/home/inserra/EEGProc/venv312/lib/python3.12/site-packages/sklearn/metrics/_classification.py:259: UserWarning: The y_prob values do not sum to one. Make sure to pass probabilities.
  warnings.warn(
/nas/longleaf/home/inserra/EEGProc/venv312/lib/python3.12/site-packages/sklearn/metrics/_classification.py:259: UserWarning: The y_prob values do not sum to one. Make sure to pass probabilities.
  warnings.warn(
/nas/longleaf/home/inserra/EEGProc/venv312/lib/python3.12/site-packages/sklearn/metrics/_classification.py:259: UserWarning: The y_prob values do not sum to one. Make sure to pass probabilities.
  warnings.warn(
/nas/longleaf/home/inserra/EEGProc/venv312/lib/python3.12/site-packages/sklearn/metrics/_classification.py:259: UserWarning: The y_prob values do not sum to one. Make sure to pass probabilities.
  warnings.warn(
2026-07-18 19:48:01.982797: I tensorflow/core/util/port.cc:153] oneDNN custom operations are on. You may see slightly different numerical results due to floating-point round-off errors from different computation orders. To turn them off, set the environment variable `TF_ENABLE_ONEDNN_OPTS=0`.
2026-07-18 19:48:02.057165: I tensorflow/core/platform/cpu_feature_guard.cc:210] This TensorFlow binary is optimized to use available CPU instructions in performance-critical operations.
To enable the following instructions: AVX2 AVX512F AVX512_VNNI FMA, in other operations, rebuild TensorFlow with the appropriate compiler flags.
2026-07-18 19:48:10.042186: I tensorflow/core/util/port.cc:153] oneDNN custom operations are on. You may see slightly different numerical results due to floating-point round-off errors from different computation orders. To turn them off, set the environment variable `TF_ENABLE_ONEDNN_OPTS=0`.
WARNING: All log messages before absl::InitializeLog() is called are written to STDERR
I0000 00:00:1784418493.574133 2566919 gpu_device.cc:2020] Created device /job:localhost/replica:0/task:0/device:GPU:0 with 43489 MB memory:  -> device: 0, name: NVIDIA L40S, pci bus id: 0000:1a:00.0, compute capability: 8.9
2026-07-18 19:48:17.116669: I tensorflow/core/util/port.cc:153] oneDNN custom operations are on. You may see slightly different numerical results due to floating-point round-off errors from different computation orders. To turn them off, set the environment variable `TF_ENABLE_ONEDNN_OPTS=0`.
2026-07-18 19:48:17.196168: I tensorflow/core/platform/cpu_feature_guard.cc:210] This TensorFlow binary is optimized to use available CPU instructions in performance-critical operations.
To enable the following instructions: AVX2 AVX512F AVX512_VNNI FMA, in other operations, rebuild TensorFlow with the appropriate compiler flags.
2026-07-18 19:48:22.331153: I tensorflow/core/util/port.cc:153] oneDNN custom operations are on. You may see slightly different numerical results due to floating-point round-off errors from different computation orders. To turn them off, set the environment variable `TF_ENABLE_ONEDNN_OPTS=0`.
WARNING: All log messages before absl::InitializeLog() is called are written to STDERR
I0000 00:00:1784418504.564236 2566931 gpu_device.cc:2020] Created device /job:localhost/replica:0/task:0/device:GPU:0 with 43489 MB memory:  -> device: 0, name: NVIDIA L40S, pci bus id: 0000:1b:00.0, compute capability: 8.9
2026-07-18 19:48:28.309667: I tensorflow/core/util/port.cc:153] oneDNN custom operations are on. You may see slightly different numerical results due to floating-point round-off errors from different computation orders. To turn them off, set the environment variable `TF_ENABLE_ONEDNN_OPTS=0`.
2026-07-18 19:48:28.385040: I tensorflow/core/platform/cpu_feature_guard.cc:210] This TensorFlow binary is optimized to use available CPU instructions in performance-critical operations.
To enable the following instructions: AVX2 AVX512F AVX512_VNNI FMA, in other operations, rebuild TensorFlow with the appropriate compiler flags.
2026-07-18 19:48:33.032725: I tensorflow/core/util/port.cc:153] oneDNN custom operations are on. You may see slightly different numerical results due to floating-point round-off errors from different computation orders. To turn them off, set the environment variable `TF_ENABLE_ONEDNN_OPTS=0`.
WARNING: All log messages before absl::InitializeLog() is called are written to STDERR
I0000 00:00:1784418515.210556 2566952 gpu_device.cc:2020] Created device /job:localhost/replica:0/task:0/device:GPU:0 with 43489 MB memory:  -> device: 0, name: NVIDIA L40S, pci bus id: 0000:1c:00.0, compute capability: 8.9
2026-07-18 19:48:39.377353: I tensorflow/core/util/port.cc:153] oneDNN custom operations are on. You may see slightly different numerical results due to floating-point round-off errors from different computation orders. To turn them off, set the environment variable `TF_ENABLE_ONEDNN_OPTS=0`.
2026-07-18 19:48:39.450332: I tensorflow/core/platform/cpu_feature_guard.cc:210] This TensorFlow binary is optimized to use available CPU instructions in performance-critical operations.
To enable the following instructions: AVX2 AVX512F AVX512_VNNI FMA, in other operations, rebuild TensorFlow with the appropriate compiler flags.
2026-07-18 19:48:43.920655: I tensorflow/core/util/port.cc:153] oneDNN custom operations are on. You may see slightly different numerical results due to floating-point round-off errors from different computation orders. To turn them off, set the environment variable `TF_ENABLE_ONEDNN_OPTS=0`.
WARNING: All log messages before absl::InitializeLog() is called are written to STDERR
I0000 00:00:1784418526.708604 2566966 gpu_device.cc:2020] Created device /job:localhost/replica:0/task:0/device:GPU:0 with 43489 MB memory:  -> device: 0, name: NVIDIA L40S, pci bus id: 0000:b5:00.0, compute capability: 8.9
2026-07-18 19:48:47.685608: I external/local_xla/xla/stream_executor/cuda/cuda_dnn.cc:473] Loaded cuDNN version 91100
2026-07-18 19:48:47.699853: I external/local_xla/xla/stream_executor/cuda/cuda_dnn.cc:473] Loaded cuDNN version 91100
2026-07-18 19:48:47.729960: I external/local_xla/xla/stream_executor/cuda/cuda_dnn.cc:473] Loaded cuDNN version 91100
2026-07-18 19:48:48.125546: I external/local_xla/xla/stream_executor/cuda/cuda_dnn.cc:473] Loaded cuDNN version 91100
/nas/longleaf/home/inserra/EEGProc/venv312/lib/python3.12/site-packages/sklearn/metrics/_classification.py:259: UserWarning: The y_prob values do not sum to one. Make sure to pass probabilities.
  warnings.warn(
/nas/longleaf/home/inserra/EEGProc/venv312/lib/python3.12/site-packages/sklearn/metrics/_classification.py:259: UserWarning: The y_prob values do not sum to one. Make sure to pass probabilities.
  warnings.warn(
/nas/longleaf/home/inserra/EEGProc/venv312/lib/python3.12/site-packages/sklearn/metrics/_classification.py:259: UserWarning: The y_prob values do not sum to one. Make sure to pass probabilities.
  warnings.warn(
/nas/longleaf/home/inserra/EEGProc/venv312/lib/python3.12/site-packages/sklearn/metrics/_classification.py:259: UserWarning: The y_prob values do not sum to one. Make sure to pass probabilities.
  warnings.warn(
/nas/longleaf/home/inserra/EEGProc/venv312/lib/python3.12/site-packages/sklearn/metrics/_classification.py:259: UserWarning: The y_prob values do not sum to one. Make sure to pass probabilities.
  warnings.warn(
/nas/longleaf/home/inserra/EEGProc/venv312/lib/python3.12/site-packages/sklearn/metrics/_classification.py:259: UserWarning: The y_prob values do not sum to one. Make sure to pass probabilities.
  warnings.warn(
/nas/longleaf/home/inserra/EEGProc/venv312/lib/python3.12/site-packages/sklearn/metrics/_classification.py:259: UserWarning: The y_prob values do not sum to one. Make sure to pass probabilities.
  warnings.warn(
/nas/longleaf/home/inserra/EEGProc/venv312/lib/python3.12/site-packages/sklearn/metrics/_classification.py:259: UserWarning: The y_prob values do not sum to one. Make sure to pass probabilities.
  warnings.warn(
/nas/longleaf/home/inserra/EEGProc/venv312/lib/python3.12/site-packages/sklearn/metrics/_classification.py:259: UserWarning: The y_prob values do not sum to one. Make sure to pass probabilities.
  warnings.warn(
/nas/longleaf/home/inserra/EEGProc/venv312/lib/python3.12/site-packages/sklearn/metrics/_classification.py:259: UserWarning: The y_prob values do not sum to one. Make sure to pass probabilities.
  warnings.warn(
/nas/longleaf/home/inserra/EEGProc/venv312/lib/python3.12/site-packages/sklearn/metrics/_classification.py:259: UserWarning: The y_prob values do not sum to one. Make sure to pass probabilities.
  warnings.warn(
/nas/longleaf/home/inserra/EEGProc/venv312/lib/python3.12/site-packages/sklearn/metrics/_classification.py:259: UserWarning: The y_prob values do not sum to one. Make sure to pass probabilities.
  warnings.warn(
/nas/longleaf/home/inserra/EEGProc/venv312/lib/python3.12/site-packages/sklearn/metrics/_classification.py:259: UserWarning: The y_prob values do not sum to one. Make sure to pass probabilities.
  warnings.warn(
/nas/longleaf/home/inserra/EEGProc/venv312/lib/python3.12/site-packages/sklearn/metrics/_classification.py:259: UserWarning: The y_prob values do not sum to one. Make sure to pass probabilities.
  warnings.warn(
/nas/longleaf/home/inserra/EEGProc/venv312/lib/python3.12/site-packages/sklearn/metrics/_classification.py:259: UserWarning: The y_prob values do not sum to one. Make sure to pass probabilities.
  warnings.warn(
/nas/longleaf/home/inserra/EEGProc/venv312/lib/python3.12/site-packages/sklearn/metrics/_classification.py:259: UserWarning: The y_prob values do not sum to one. Make sure to pass probabilities.
  warnings.warn(
/nas/longleaf/home/inserra/EEGProc/venv312/lib/python3.12/site-packages/sklearn/metrics/_classification.py:259: UserWarning: The y_prob values do not sum to one. Make sure to pass probabilities.
  warnings.warn(
/nas/longleaf/home/inserra/EEGProc/venv312/lib/python3.12/site-packages/sklearn/metrics/_classification.py:259: UserWarning: The y_prob values do not sum to one. Make sure to pass probabilities.
  warnings.warn(
/nas/longleaf/home/inserra/EEGProc/venv312/lib/python3.12/site-packages/sklearn/metrics/_classification.py:259: UserWarning: The y_prob values do not sum to one. Make sure to pass probabilities.
  warnings.warn(
/nas/longleaf/home/inserra/EEGProc/venv312/lib/python3.12/site-packages/sklearn/metrics/_classification.py:259: UserWarning: The y_prob values do not sum to one. Make sure to pass probabilities.
  warnings.warn(
/nas/longleaf/home/inserra/EEGProc/venv312/lib/python3.12/site-packages/sklearn/metrics/_classification.py:259: UserWarning: The y_prob values do not sum to one. Make sure to pass probabilities.
  warnings.warn(
/nas/longleaf/home/inserra/EEGProc/venv312/lib/python3.12/site-packages/sklearn/metrics/_classification.py:259: UserWarning: The y_prob values do not sum to one. Make sure to pass probabilities.
  warnings.warn(
/nas/longleaf/home/inserra/EEGProc/venv312/lib/python3.12/site-packages/sklearn/metrics/_classification.py:259: UserWarning: The y_prob values do not sum to one. Make sure to pass probabilities.
  warnings.warn(
/nas/longleaf/home/inserra/EEGProc/venv312/lib/python3.12/site-packages/sklearn/metrics/_classification.py:259: UserWarning: The y_prob values do not sum to one. Make sure to pass probabilities.
  warnings.warn(
/nas/longleaf/home/inserra/EEGProc/venv312/lib/python3.12/site-packages/sklearn/metrics/_classification.py:259: UserWarning: The y_prob values do not sum to one. Make sure to pass probabilities.
  warnings.warn(
/nas/longleaf/home/inserra/EEGProc/venv312/lib/python3.12/site-packages/sklearn/metrics/_classification.py:259: UserWarning: The y_prob values do not sum to one. Make sure to pass probabilities.
  warnings.warn(
/nas/longleaf/home/inserra/EEGProc/venv312/lib/python3.12/site-packages/sklearn/metrics/_classification.py:259: UserWarning: The y_prob values do not sum to one. Make sure to pass probabilities.
  warnings.warn(
/nas/longleaf/home/inserra/EEGProc/venv312/lib/python3.12/site-packages/sklearn/metrics/_classification.py:259: UserWarning: The y_prob values do not sum to one. Make sure to pass probabilities.
  warnings.warn(
/nas/longleaf/home/inserra/EEGProc/venv312/lib/python3.12/site-packages/sklearn/metrics/_classification.py:259: UserWarning: The y_prob values do not sum to one. Make sure to pass probabilities.
  warnings.warn(
/nas/longleaf/home/inserra/EEGProc/venv312/lib/python3.12/site-packages/sklearn/metrics/_classification.py:259: UserWarning: The y_prob values do not sum to one. Make sure to pass probabilities.
  warnings.warn(
/nas/longleaf/home/inserra/EEGProc/venv312/lib/python3.12/site-packages/sklearn/metrics/_classification.py:259: UserWarning: The y_prob values do not sum to one. Make sure to pass probabilities.
  warnings.warn(
/nas/longleaf/home/inserra/EEGProc/venv312/lib/python3.12/site-packages/sklearn/metrics/_classification.py:259: UserWarning: The y_prob values do not sum to one. Make sure to pass probabilities.
  warnings.warn(
/nas/longleaf/home/inserra/EEGProc/venv312/lib/python3.12/site-packages/sklearn/metrics/_classification.py:259: UserWarning: The y_prob values do not sum to one. Make sure to pass probabilities.
  warnings.warn(
/nas/longleaf/home/inserra/EEGProc/venv312/lib/python3.12/site-packages/sklearn/metrics/_classification.py:259: UserWarning: The y_prob values do not sum to one. Make sure to pass probabilities.
  warnings.warn(
/nas/longleaf/home/inserra/EEGProc/venv312/lib/python3.12/site-packages/sklearn/metrics/_classification.py:259: UserWarning: The y_prob values do not sum to one. Make sure to pass probabilities.
  warnings.warn(
/nas/longleaf/home/inserra/EEGProc/venv312/lib/python3.12/site-packages/sklearn/metrics/_classification.py:259: UserWarning: The y_prob values do not sum to one. Make sure to pass probabilities.
  warnings.warn(
/nas/longleaf/home/inserra/EEGProc/venv312/lib/python3.12/site-packages/sklearn/metrics/_classification.py:259: UserWarning: The y_prob values do not sum to one. Make sure to pass probabilities.
  warnings.warn(
/nas/longleaf/home/inserra/EEGProc/venv312/lib/python3.12/site-packages/sklearn/metrics/_classification.py:259: UserWarning: The y_prob values do not sum to one. Make sure to pass probabilities.
  warnings.warn(
/nas/longleaf/home/inserra/EEGProc/venv312/lib/python3.12/site-packages/sklearn/metrics/_classification.py:259: UserWarning: The y_prob values do not sum to one. Make sure to pass probabilities.
  warnings.warn(
/nas/longleaf/home/inserra/EEGProc/venv312/lib/python3.12/site-packages/sklearn/metrics/_classification.py:259: UserWarning: The y_prob values do not sum to one. Make sure to pass probabilities.
  warnings.warn(
/nas/longleaf/home/inserra/EEGProc/venv312/lib/python3.12/site-packages/sklearn/metrics/_classification.py:259: UserWarning: The y_prob values do not sum to one. Make sure to pass probabilities.
  warnings.warn(
/nas/longleaf/home/inserra/EEGProc/venv312/lib/python3.12/site-packages/sklearn/metrics/_classification.py:259: UserWarning: The y_prob values do not sum to one. Make sure to pass probabilities.
  warnings.warn(
/nas/longleaf/home/inserra/EEGProc/venv312/lib/python3.12/site-packages/sklearn/metrics/_classification.py:259: UserWarning: The y_prob values do not sum to one. Make sure to pass probabilities.
  warnings.warn(
/nas/longleaf/home/inserra/EEGProc/venv312/lib/python3.12/site-packages/sklearn/metrics/_classification.py:259: UserWarning: The y_prob values do not sum to one. Make sure to pass probabilities.
  warnings.warn(
/nas/longleaf/home/inserra/EEGProc/venv312/lib/python3.12/site-packages/sklearn/metrics/_classification.py:259: UserWarning: The y_prob values do not sum to one. Make sure to pass probabilities.
  warnings.warn(
/nas/longleaf/home/inserra/EEGProc/venv312/lib/python3.12/site-packages/sklearn/metrics/_classification.py:259: UserWarning: The y_prob values do not sum to one. Make sure to pass probabilities.
  warnings.warn(
2026-07-18 21:35:28.290240: I tensorflow/core/util/port.cc:153] oneDNN custom operations are on. You may see slightly different numerical results due to floating-point round-off errors from different computation orders. To turn them off, set the environment variable `TF_ENABLE_ONEDNN_OPTS=0`.
2026-07-18 21:35:28.364880: I tensorflow/core/platform/cpu_feature_guard.cc:210] This TensorFlow binary is optimized to use available CPU instructions in performance-critical operations.
To enable the following instructions: AVX2 AVX512F AVX512_VNNI FMA, in other operations, rebuild TensorFlow with the appropriate compiler flags.
2026-07-18 21:35:37.509107: I tensorflow/core/util/port.cc:153] oneDNN custom operations are on. You may see slightly different numerical results due to floating-point round-off errors from different computation orders. To turn them off, set the environment variable `TF_ENABLE_ONEDNN_OPTS=0`.
WARNING: All log messages before absl::InitializeLog() is called are written to STDERR
I0000 00:00:1784424941.978997 2663365 gpu_device.cc:2020] Created device /job:localhost/replica:0/task:0/device:GPU:0 with 43489 MB memory:  -> device: 0, name: NVIDIA L40S, pci bus id: 0000:1a:00.0, compute capability: 8.9
2026-07-18 21:35:46.488179: I tensorflow/core/util/port.cc:153] oneDNN custom operations are on. You may see slightly different numerical results due to floating-point round-off errors from different computation orders. To turn them off, set the environment variable `TF_ENABLE_ONEDNN_OPTS=0`.
2026-07-18 21:35:46.564323: I tensorflow/core/platform/cpu_feature_guard.cc:210] This TensorFlow binary is optimized to use available CPU instructions in performance-critical operations.
To enable the following instructions: AVX2 AVX512F AVX512_VNNI FMA, in other operations, rebuild TensorFlow with the appropriate compiler flags.
2026-07-18 21:35:52.158744: I tensorflow/core/util/port.cc:153] oneDNN custom operations are on. You may see slightly different numerical results due to floating-point round-off errors from different computation orders. To turn them off, set the environment variable `TF_ENABLE_ONEDNN_OPTS=0`.
WARNING: All log messages before absl::InitializeLog() is called are written to STDERR
I0000 00:00:1784424954.540867 2663373 gpu_device.cc:2020] Created device /job:localhost/replica:0/task:0/device:GPU:0 with 43489 MB memory:  -> device: 0, name: NVIDIA L40S, pci bus id: 0000:1b:00.0, compute capability: 8.9
2026-07-18 21:35:58.875099: I tensorflow/core/util/port.cc:153] oneDNN custom operations are on. You may see slightly different numerical results due to floating-point round-off errors from different computation orders. To turn them off, set the environment variable `TF_ENABLE_ONEDNN_OPTS=0`.
2026-07-18 21:35:58.951309: I tensorflow/core/platform/cpu_feature_guard.cc:210] This TensorFlow binary is optimized to use available CPU instructions in performance-critical operations.
To enable the following instructions: AVX2 AVX512F AVX512_VNNI FMA, in other operations, rebuild TensorFlow with the appropriate compiler flags.
2026-07-18 21:36:05.165002: I tensorflow/core/util/port.cc:153] oneDNN custom operations are on. You may see slightly different numerical results due to floating-point round-off errors from different computation orders. To turn them off, set the environment variable `TF_ENABLE_ONEDNN_OPTS=0`.
WARNING: All log messages before absl::InitializeLog() is called are written to STDERR
I0000 00:00:1784424967.441704 2663386 gpu_device.cc:2020] Created device /job:localhost/replica:0/task:0/device:GPU:0 with 43489 MB memory:  -> device: 0, name: NVIDIA L40S, pci bus id: 0000:1c:00.0, compute capability: 8.9
2026-07-18 21:36:11.752171: I tensorflow/core/util/port.cc:153] oneDNN custom operations are on. You may see slightly different numerical results due to floating-point round-off errors from different computation orders. To turn them off, set the environment variable `TF_ENABLE_ONEDNN_OPTS=0`.
2026-07-18 21:36:11.828009: I tensorflow/core/platform/cpu_feature_guard.cc:210] This TensorFlow binary is optimized to use available CPU instructions in performance-critical operations.
To enable the following instructions: AVX2 AVX512F AVX512_VNNI FMA, in other operations, rebuild TensorFlow with the appropriate compiler flags.
2026-07-18 21:36:16.559812: I tensorflow/core/util/port.cc:153] oneDNN custom operations are on. You may see slightly different numerical results due to floating-point round-off errors from different computation orders. To turn them off, set the environment variable `TF_ENABLE_ONEDNN_OPTS=0`.
WARNING: All log messages before absl::InitializeLog() is called are written to STDERR
I0000 00:00:1784424978.796953 2663402 gpu_device.cc:2020] Created device /job:localhost/replica:0/task:0/device:GPU:0 with 43489 MB memory:  -> device: 0, name: NVIDIA L40S, pci bus id: 0000:b5:00.0, compute capability: 8.9
2026-07-18 21:36:19.793043: I external/local_xla/xla/stream_executor/cuda/cuda_dnn.cc:473] Loaded cuDNN version 91100
2026-07-18 21:36:19.806790: I external/local_xla/xla/stream_executor/cuda/cuda_dnn.cc:473] Loaded cuDNN version 91100
2026-07-18 21:36:19.811270: I external/local_xla/xla/stream_executor/cuda/cuda_dnn.cc:473] Loaded cuDNN version 91100
2026-07-18 21:36:20.139895: I external/local_xla/xla/stream_executor/cuda/cuda_dnn.cc:473] Loaded cuDNN version 91100
/nas/longleaf/home/inserra/EEGProc/venv312/lib/python3.12/site-packages/sklearn/metrics/_classification.py:259: UserWarning: The y_prob values do not sum to one. Make sure to pass probabilities.
  warnings.warn(
/nas/longleaf/home/inserra/EEGProc/venv312/lib/python3.12/site-packages/sklearn/metrics/_classification.py:259: UserWarning: The y_prob values do not sum to one. Make sure to pass probabilities.
  warnings.warn(
/nas/longleaf/home/inserra/EEGProc/venv312/lib/python3.12/site-packages/sklearn/metrics/_classification.py:259: UserWarning: The y_prob values do not sum to one. Make sure to pass probabilities.
  warnings.warn(
/nas/longleaf/home/inserra/EEGProc/venv312/lib/python3.12/site-packages/sklearn/metrics/_classification.py:259: UserWarning: The y_prob values do not sum to one. Make sure to pass probabilities.
  warnings.warn(
/nas/longleaf/home/inserra/EEGProc/venv312/lib/python3.12/site-packages/sklearn/metrics/_classification.py:259: UserWarning: The y_prob values do not sum to one. Make sure to pass probabilities.
  warnings.warn(
/nas/longleaf/home/inserra/EEGProc/venv312/lib/python3.12/site-packages/sklearn/metrics/_classification.py:259: UserWarning: The y_prob values do not sum to one. Make sure to pass probabilities.
  warnings.warn(
/nas/longleaf/home/inserra/EEGProc/venv312/lib/python3.12/site-packages/sklearn/metrics/_classification.py:259: UserWarning: The y_prob values do not sum to one. Make sure to pass probabilities.
  warnings.warn(
/nas/longleaf/home/inserra/EEGProc/venv312/lib/python3.12/site-packages/sklearn/metrics/_classification.py:259: UserWarning: The y_prob values do not sum to one. Make sure to pass probabilities.
  warnings.warn(
/nas/longleaf/home/inserra/EEGProc/venv312/lib/python3.12/site-packages/sklearn/metrics/_classification.py:259: UserWarning: The y_prob values do not sum to one. Make sure to pass probabilities.
  warnings.warn(
/nas/longleaf/home/inserra/EEGProc/venv312/lib/python3.12/site-packages/sklearn/metrics/_classification.py:259: UserWarning: The y_prob values do not sum to one. Make sure to pass probabilities.
  warnings.warn(
/nas/longleaf/home/inserra/EEGProc/venv312/lib/python3.12/site-packages/sklearn/metrics/_classification.py:259: UserWarning: The y_prob values do not sum to one. Make sure to pass probabilities.
  warnings.warn(
/nas/longleaf/home/inserra/EEGProc/venv312/lib/python3.12/site-packages/sklearn/metrics/_classification.py:259: UserWarning: The y_prob values do not sum to one. Make sure to pass probabilities.
  warnings.warn(
/nas/longleaf/home/inserra/EEGProc/venv312/lib/python3.12/site-packages/sklearn/metrics/_classification.py:259: UserWarning: The y_prob values do not sum to one. Make sure to pass probabilities.
  warnings.warn(
/nas/longleaf/home/inserra/EEGProc/venv312/lib/python3.12/site-packages/sklearn/metrics/_classification.py:259: UserWarning: The y_prob values do not sum to one. Make sure to pass probabilities.
  warnings.warn(
/nas/longleaf/home/inserra/EEGProc/venv312/lib/python3.12/site-packages/sklearn/metrics/_classification.py:259: UserWarning: The y_prob values do not sum to one. Make sure to pass probabilities.
  warnings.warn(
/nas/longleaf/home/inserra/EEGProc/venv312/lib/python3.12/site-packages/sklearn/metrics/_classification.py:259: UserWarning: The y_prob values do not sum to one. Make sure to pass probabilities.
  warnings.warn(
/nas/longleaf/home/inserra/EEGProc/venv312/lib/python3.12/site-packages/sklearn/metrics/_classification.py:259: UserWarning: The y_prob values do not sum to one. Make sure to pass probabilities.
  warnings.warn(
/nas/longleaf/home/inserra/EEGProc/venv312/lib/python3.12/site-packages/sklearn/metrics/_classification.py:259: UserWarning: The y_prob values do not sum to one. Make sure to pass probabilities.
  warnings.warn(
/nas/longleaf/home/inserra/EEGProc/venv312/lib/python3.12/site-packages/sklearn/metrics/_classification.py:259: UserWarning: The y_prob values do not sum to one. Make sure to pass probabilities.
  warnings.warn(
/nas/longleaf/home/inserra/EEGProc/venv312/lib/python3.12/site-packages/sklearn/metrics/_classification.py:259: UserWarning: The y_prob values do not sum to one. Make sure to pass probabilities.
  warnings.warn(
/nas/longleaf/home/inserra/EEGProc/venv312/lib/python3.12/site-packages/sklearn/metrics/_classification.py:259: UserWarning: The y_prob values do not sum to one. Make sure to pass probabilities.
  warnings.warn(
/nas/longleaf/home/inserra/EEGProc/venv312/lib/python3.12/site-packages/sklearn/metrics/_classification.py:259: UserWarning: The y_prob values do not sum to one. Make sure to pass probabilities.
  warnings.warn(
/nas/longleaf/home/inserra/EEGProc/venv312/lib/python3.12/site-packages/sklearn/metrics/_classification.py:259: UserWarning: The y_prob values do not sum to one. Make sure to pass probabilities.
  warnings.warn(
/nas/longleaf/home/inserra/EEGProc/venv312/lib/python3.12/site-packages/sklearn/metrics/_classification.py:259: UserWarning: The y_prob values do not sum to one. Make sure to pass probabilities.
  warnings.warn(
/nas/longleaf/home/inserra/EEGProc/venv312/lib/python3.12/site-packages/sklearn/metrics/_classification.py:259: UserWarning: The y_prob values do not sum to one. Make sure to pass probabilities.
  warnings.warn(
/nas/longleaf/home/inserra/EEGProc/venv312/lib/python3.12/site-packages/sklearn/metrics/_classification.py:259: UserWarning: The y_prob values do not sum to one. Make sure to pass probabilities.
  warnings.warn(
/nas/longleaf/home/inserra/EEGProc/venv312/lib/python3.12/site-packages/sklearn/metrics/_classification.py:259: UserWarning: The y_prob values do not sum to one. Make sure to pass probabilities.
  warnings.warn(
/nas/longleaf/home/inserra/EEGProc/venv312/lib/python3.12/site-packages/sklearn/metrics/_classification.py:259: UserWarning: The y_prob values do not sum to one. Make sure to pass probabilities.
  warnings.warn(
/nas/longleaf/home/inserra/EEGProc/venv312/lib/python3.12/site-packages/sklearn/metrics/_classification.py:259: UserWarning: The y_prob values do not sum to one. Make sure to pass probabilities.
  warnings.warn(
/nas/longleaf/home/inserra/EEGProc/venv312/lib/python3.12/site-packages/sklearn/metrics/_classification.py:259: UserWarning: The y_prob values do not sum to one. Make sure to pass probabilities.
  warnings.warn(
/nas/longleaf/home/inserra/EEGProc/venv312/lib/python3.12/site-packages/sklearn/metrics/_classification.py:259: UserWarning: The y_prob values do not sum to one. Make sure to pass probabilities.
  warnings.warn(
/nas/longleaf/home/inserra/EEGProc/venv312/lib/python3.12/site-packages/sklearn/metrics/_classification.py:259: UserWarning: The y_prob values do not sum to one. Make sure to pass probabilities.
  warnings.warn(
/nas/longleaf/home/inserra/EEGProc/venv312/lib/python3.12/site-packages/sklearn/metrics/_classification.py:259: UserWarning: The y_prob values do not sum to one. Make sure to pass probabilities.
  warnings.warn(
/nas/longleaf/home/inserra/EEGProc/venv312/lib/python3.12/site-packages/sklearn/metrics/_classification.py:259: UserWarning: The y_prob values do not sum to one. Make sure to pass probabilities.
  warnings.warn(
/nas/longleaf/home/inserra/EEGProc/venv312/lib/python3.12/site-packages/sklearn/metrics/_classification.py:259: UserWarning: The y_prob values do not sum to one. Make sure to pass probabilities.
  warnings.warn(
/nas/longleaf/home/inserra/EEGProc/venv312/lib/python3.12/site-packages/sklearn/metrics/_classification.py:259: UserWarning: The y_prob values do not sum to one. Make sure to pass probabilities.
  warnings.warn(
/nas/longleaf/home/inserra/EEGProc/venv312/lib/python3.12/site-packages/sklearn/metrics/_classification.py:259: UserWarning: The y_prob values do not sum to one. Make sure to pass probabilities.
  warnings.warn(
/nas/longleaf/home/inserra/EEGProc/venv312/lib/python3.12/site-packages/sklearn/metrics/_classification.py:259: UserWarning: The y_prob values do not sum to one. Make sure to pass probabilities.
  warnings.warn(
/nas/longleaf/home/inserra/EEGProc/venv312/lib/python3.12/site-packages/sklearn/metrics/_classification.py:259: UserWarning: The y_prob values do not sum to one. Make sure to pass probabilities.
  warnings.warn(
/nas/longleaf/home/inserra/EEGProc/venv312/lib/python3.12/site-packages/sklearn/metrics/_classification.py:259: UserWarning: The y_prob values do not sum to one. Make sure to pass probabilities.
  warnings.warn(
/nas/longleaf/home/inserra/EEGProc/venv312/lib/python3.12/site-packages/sklearn/metrics/_classification.py:259: UserWarning: The y_prob values do not sum to one. Make sure to pass probabilities.
  warnings.warn(
/nas/longleaf/home/inserra/EEGProc/venv312/lib/python3.12/site-packages/sklearn/metrics/_classification.py:259: UserWarning: The y_prob values do not sum to one. Make sure to pass probabilities.
  warnings.warn(
/nas/longleaf/home/inserra/EEGProc/venv312/lib/python3.12/site-packages/sklearn/metrics/_classification.py:259: UserWarning: The y_prob values do not sum to one. Make sure to pass probabilities.
  warnings.warn(
/nas/longleaf/home/inserra/EEGProc/venv312/lib/python3.12/site-packages/sklearn/metrics/_classification.py:259: UserWarning: The y_prob values do not sum to one. Make sure to pass probabilities.
  warnings.warn(
/nas/longleaf/home/inserra/EEGProc/venv312/lib/python3.12/site-packages/sklearn/metrics/_classification.py:259: UserWarning: The y_prob values do not sum to one. Make sure to pass probabilities.
  warnings.warn(
/nas/longleaf/home/inserra/EEGProc/venv312/lib/python3.12/site-packages/sklearn/metrics/_classification.py:259: UserWarning: The y_prob values do not sum to one. Make sure to pass probabilities.
  warnings.warn(
2026-07-18 23:22:57.697497: I tensorflow/core/util/port.cc:153] oneDNN custom operations are on. You may see slightly different numerical results due to floating-point round-off errors from different computation orders. To turn them off, set the environment variable `TF_ENABLE_ONEDNN_OPTS=0`.
2026-07-18 23:22:57.772345: I tensorflow/core/platform/cpu_feature_guard.cc:210] This TensorFlow binary is optimized to use available CPU instructions in performance-critical operations.
To enable the following instructions: AVX2 AVX512F AVX512_VNNI FMA, in other operations, rebuild TensorFlow with the appropriate compiler flags.
2026-07-18 23:23:06.517775: I tensorflow/core/util/port.cc:153] oneDNN custom operations are on. You may see slightly different numerical results due to floating-point round-off errors from different computation orders. To turn them off, set the environment variable `TF_ENABLE_ONEDNN_OPTS=0`.
WARNING: All log messages before absl::InitializeLog() is called are written to STDERR
I0000 00:00:1784431391.187786 2759775 gpu_device.cc:2020] Created device /job:localhost/replica:0/task:0/device:GPU:0 with 43489 MB memory:  -> device: 0, name: NVIDIA L40S, pci bus id: 0000:1a:00.0, compute capability: 8.9
2026-07-18 23:23:15.752359: I tensorflow/core/util/port.cc:153] oneDNN custom operations are on. You may see slightly different numerical results due to floating-point round-off errors from different computation orders. To turn them off, set the environment variable `TF_ENABLE_ONEDNN_OPTS=0`.
2026-07-18 23:23:15.826358: I tensorflow/core/platform/cpu_feature_guard.cc:210] This TensorFlow binary is optimized to use available CPU instructions in performance-critical operations.
To enable the following instructions: AVX2 AVX512F AVX512_VNNI FMA, in other operations, rebuild TensorFlow with the appropriate compiler flags.
2026-07-18 23:23:20.701585: I tensorflow/core/util/port.cc:153] oneDNN custom operations are on. You may see slightly different numerical results due to floating-point round-off errors from different computation orders. To turn them off, set the environment variable `TF_ENABLE_ONEDNN_OPTS=0`.
WARNING: All log messages before absl::InitializeLog() is called are written to STDERR
I0000 00:00:1784431403.232438 2759785 gpu_device.cc:2020] Created device /job:localhost/replica:0/task:0/device:GPU:0 with 43489 MB memory:  -> device: 0, name: NVIDIA L40S, pci bus id: 0000:1b:00.0, compute capability: 8.9
2026-07-18 23:23:27.381344: I tensorflow/core/util/port.cc:153] oneDNN custom operations are on. You may see slightly different numerical results due to floating-point round-off errors from different computation orders. To turn them off, set the environment variable `TF_ENABLE_ONEDNN_OPTS=0`.
2026-07-18 23:23:27.456892: I tensorflow/core/platform/cpu_feature_guard.cc:210] This TensorFlow binary is optimized to use available CPU instructions in performance-critical operations.
To enable the following instructions: AVX2 AVX512F AVX512_VNNI FMA, in other operations, rebuild TensorFlow with the appropriate compiler flags.
2026-07-18 23:23:32.489566: I tensorflow/core/util/port.cc:153] oneDNN custom operations are on. You may see slightly different numerical results due to floating-point round-off errors from different computation orders. To turn them off, set the environment variable `TF_ENABLE_ONEDNN_OPTS=0`.
WARNING: All log messages before absl::InitializeLog() is called are written to STDERR
I0000 00:00:1784431414.889794 2759805 gpu_device.cc:2020] Created device /job:localhost/replica:0/task:0/device:GPU:0 with 43489 MB memory:  -> device: 0, name: NVIDIA L40S, pci bus id: 0000:1c:00.0, compute capability: 8.9
2026-07-18 23:23:38.589665: I tensorflow/core/util/port.cc:153] oneDNN custom operations are on. You may see slightly different numerical results due to floating-point round-off errors from different computation orders. To turn them off, set the environment variable `TF_ENABLE_ONEDNN_OPTS=0`.
2026-07-18 23:23:38.665214: I tensorflow/core/platform/cpu_feature_guard.cc:210] This TensorFlow binary is optimized to use available CPU instructions in performance-critical operations.
To enable the following instructions: AVX2 AVX512F AVX512_VNNI FMA, in other operations, rebuild TensorFlow with the appropriate compiler flags.
2026-07-18 23:23:43.934618: I tensorflow/core/util/port.cc:153] oneDNN custom operations are on. You may see slightly different numerical results due to floating-point round-off errors from different computation orders. To turn them off, set the environment variable `TF_ENABLE_ONEDNN_OPTS=0`.
WARNING: All log messages before absl::InitializeLog() is called are written to STDERR
I0000 00:00:1784431426.554241 2759820 gpu_device.cc:2020] Created device /job:localhost/replica:0/task:0/device:GPU:0 with 43489 MB memory:  -> device: 0, name: NVIDIA L40S, pci bus id: 0000:b5:00.0, compute capability: 8.9
2026-07-18 23:23:47.520212: I external/local_xla/xla/stream_executor/cuda/cuda_dnn.cc:473] Loaded cuDNN version 91100
2026-07-18 23:23:47.575639: I external/local_xla/xla/stream_executor/cuda/cuda_dnn.cc:473] Loaded cuDNN version 91100
2026-07-18 23:23:47.596983: I external/local_xla/xla/stream_executor/cuda/cuda_dnn.cc:473] Loaded cuDNN version 91100
2026-07-18 23:23:47.966703: I external/local_xla/xla/stream_executor/cuda/cuda_dnn.cc:473] Loaded cuDNN version 91100
/nas/longleaf/home/inserra/EEGProc/venv312/lib/python3.12/site-packages/sklearn/metrics/_classification.py:259: UserWarning: The y_prob values do not sum to one. Make sure to pass probabilities.
  warnings.warn(
/nas/longleaf/home/inserra/EEGProc/venv312/lib/python3.12/site-packages/sklearn/metrics/_classification.py:259: UserWarning: The y_prob values do not sum to one. Make sure to pass probabilities.
  warnings.warn(
/nas/longleaf/home/inserra/EEGProc/venv312/lib/python3.12/site-packages/sklearn/metrics/_classification.py:259: UserWarning: The y_prob values do not sum to one. Make sure to pass probabilities.
  warnings.warn(
/nas/longleaf/home/inserra/EEGProc/venv312/lib/python3.12/site-packages/sklearn/metrics/_classification.py:259: UserWarning: The y_prob values do not sum to one. Make sure to pass probabilities.
  warnings.warn(
/nas/longleaf/home/inserra/EEGProc/venv312/lib/python3.12/site-packages/sklearn/metrics/_classification.py:259: UserWarning: The y_prob values do not sum to one. Make sure to pass probabilities.
  warnings.warn(
/nas/longleaf/home/inserra/EEGProc/venv312/lib/python3.12/site-packages/sklearn/metrics/_classification.py:259: UserWarning: The y_prob values do not sum to one. Make sure to pass probabilities.
  warnings.warn(
/nas/longleaf/home/inserra/EEGProc/venv312/lib/python3.12/site-packages/sklearn/metrics/_classification.py:259: UserWarning: The y_prob values do not sum to one. Make sure to pass probabilities.
  warnings.warn(
/nas/longleaf/home/inserra/EEGProc/venv312/lib/python3.12/site-packages/sklearn/metrics/_classification.py:259: UserWarning: The y_prob values do not sum to one. Make sure to pass probabilities.
  warnings.warn(
/nas/longleaf/home/inserra/EEGProc/venv312/lib/python3.12/site-packages/sklearn/metrics/_classification.py:259: UserWarning: The y_prob values do not sum to one. Make sure to pass probabilities.
  warnings.warn(
/nas/longleaf/home/inserra/EEGProc/venv312/lib/python3.12/site-packages/sklearn/metrics/_classification.py:259: UserWarning: The y_prob values do not sum to one. Make sure to pass probabilities.
  warnings.warn(
/nas/longleaf/home/inserra/EEGProc/venv312/lib/python3.12/site-packages/sklearn/metrics/_classification.py:259: UserWarning: The y_prob values do not sum to one. Make sure to pass probabilities.
  warnings.warn(
/nas/longleaf/home/inserra/EEGProc/venv312/lib/python3.12/site-packages/sklearn/metrics/_classification.py:259: UserWarning: The y_prob values do not sum to one. Make sure to pass probabilities.
  warnings.warn(
/nas/longleaf/home/inserra/EEGProc/venv312/lib/python3.12/site-packages/sklearn/metrics/_classification.py:259: UserWarning: The y_prob values do not sum to one. Make sure to pass probabilities.
  warnings.warn(
/nas/longleaf/home/inserra/EEGProc/venv312/lib/python3.12/site-packages/sklearn/metrics/_classification.py:259: UserWarning: The y_prob values do not sum to one. Make sure to pass probabilities.
  warnings.warn(
/nas/longleaf/home/inserra/EEGProc/venv312/lib/python3.12/site-packages/sklearn/metrics/_classification.py:259: UserWarning: The y_prob values do not sum to one. Make sure to pass probabilities.
  warnings.warn(
/nas/longleaf/home/inserra/EEGProc/venv312/lib/python3.12/site-packages/sklearn/metrics/_classification.py:259: UserWarning: The y_prob values do not sum to one. Make sure to pass probabilities.
  warnings.warn(
/nas/longleaf/home/inserra/EEGProc/venv312/lib/python3.12/site-packages/sklearn/metrics/_classification.py:259: UserWarning: The y_prob values do not sum to one. Make sure to pass probabilities.
  warnings.warn(
/nas/longleaf/home/inserra/EEGProc/venv312/lib/python3.12/site-packages/sklearn/metrics/_classification.py:259: UserWarning: The y_prob values do not sum to one. Make sure to pass probabilities.
  warnings.warn(
/nas/longleaf/home/inserra/EEGProc/venv312/lib/python3.12/site-packages/sklearn/metrics/_classification.py:259: UserWarning: The y_prob values do not sum to one. Make sure to pass probabilities.
  warnings.warn(
/nas/longleaf/home/inserra/EEGProc/venv312/lib/python3.12/site-packages/sklearn/metrics/_classification.py:259: UserWarning: The y_prob values do not sum to one. Make sure to pass probabilities.
  warnings.warn(
/nas/longleaf/home/inserra/EEGProc/venv312/lib/python3.12/site-packages/sklearn/metrics/_classification.py:259: UserWarning: The y_prob values do not sum to one. Make sure to pass probabilities.
  warnings.warn(
/nas/longleaf/home/inserra/EEGProc/venv312/lib/python3.12/site-packages/sklearn/metrics/_classification.py:259: UserWarning: The y_prob values do not sum to one. Make sure to pass probabilities.
  warnings.warn(
/nas/longleaf/home/inserra/EEGProc/venv312/lib/python3.12/site-packages/sklearn/metrics/_classification.py:259: UserWarning: The y_prob values do not sum to one. Make sure to pass probabilities.
  warnings.warn(
/nas/longleaf/home/inserra/EEGProc/venv312/lib/python3.12/site-packages/sklearn/metrics/_classification.py:259: UserWarning: The y_prob values do not sum to one. Make sure to pass probabilities.
  warnings.warn(
/nas/longleaf/home/inserra/EEGProc/venv312/lib/python3.12/site-packages/sklearn/metrics/_classification.py:259: UserWarning: The y_prob values do not sum to one. Make sure to pass probabilities.
  warnings.warn(
/nas/longleaf/home/inserra/EEGProc/venv312/lib/python3.12/site-packages/sklearn/metrics/_classification.py:259: UserWarning: The y_prob values do not sum to one. Make sure to pass probabilities.
  warnings.warn(
/nas/longleaf/home/inserra/EEGProc/venv312/lib/python3.12/site-packages/sklearn/metrics/_classification.py:259: UserWarning: The y_prob values do not sum to one. Make sure to pass probabilities.
  warnings.warn(
/nas/longleaf/home/inserra/EEGProc/venv312/lib/python3.12/site-packages/sklearn/metrics/_classification.py:259: UserWarning: The y_prob values do not sum to one. Make sure to pass probabilities.
  warnings.warn(
/nas/longleaf/home/inserra/EEGProc/venv312/lib/python3.12/site-packages/sklearn/metrics/_classification.py:259: UserWarning: The y_prob values do not sum to one. Make sure to pass probabilities.
  warnings.warn(
/nas/longleaf/home/inserra/EEGProc/venv312/lib/python3.12/site-packages/sklearn/metrics/_classification.py:259: UserWarning: The y_prob values do not sum to one. Make sure to pass probabilities.
  warnings.warn(
/nas/longleaf/home/inserra/EEGProc/venv312/lib/python3.12/site-packages/sklearn/metrics/_classification.py:259: UserWarning: The y_prob values do not sum to one. Make sure to pass probabilities.
  warnings.warn(
/nas/longleaf/home/inserra/EEGProc/venv312/lib/python3.12/site-packages/sklearn/metrics/_classification.py:259: UserWarning: The y_prob values do not sum to one. Make sure to pass probabilities.
  warnings.warn(
/nas/longleaf/home/inserra/EEGProc/venv312/lib/python3.12/site-packages/sklearn/metrics/_classification.py:259: UserWarning: The y_prob values do not sum to one. Make sure to pass probabilities.
  warnings.warn(
/nas/longleaf/home/inserra/EEGProc/venv312/lib/python3.12/site-packages/sklearn/metrics/_classification.py:259: UserWarning: The y_prob values do not sum to one. Make sure to pass probabilities.
  warnings.warn(
/nas/longleaf/home/inserra/EEGProc/venv312/lib/python3.12/site-packages/sklearn/metrics/_classification.py:259: UserWarning: The y_prob values do not sum to one. Make sure to pass probabilities.
  warnings.warn(
/nas/longleaf/home/inserra/EEGProc/venv312/lib/python3.12/site-packages/sklearn/metrics/_classification.py:259: UserWarning: The y_prob values do not sum to one. Make sure to pass probabilities.
  warnings.warn(
/nas/longleaf/home/inserra/EEGProc/venv312/lib/python3.12/site-packages/sklearn/metrics/_classification.py:259: UserWarning: The y_prob values do not sum to one. Make sure to pass probabilities.
  warnings.warn(
/nas/longleaf/home/inserra/EEGProc/venv312/lib/python3.12/site-packages/sklearn/metrics/_classification.py:259: UserWarning: The y_prob values do not sum to one. Make sure to pass probabilities.
  warnings.warn(
/nas/longleaf/home/inserra/EEGProc/venv312/lib/python3.12/site-packages/sklearn/metrics/_classification.py:259: UserWarning: The y_prob values do not sum to one. Make sure to pass probabilities.
  warnings.warn(
/nas/longleaf/home/inserra/EEGProc/venv312/lib/python3.12/site-packages/sklearn/metrics/_classification.py:259: UserWarning: The y_prob values do not sum to one. Make sure to pass probabilities.
  warnings.warn(
/nas/longleaf/home/inserra/EEGProc/venv312/lib/python3.12/site-packages/sklearn/metrics/_classification.py:259: UserWarning: The y_prob values do not sum to one. Make sure to pass probabilities.
  warnings.warn(
/nas/longleaf/home/inserra/EEGProc/venv312/lib/python3.12/site-packages/sklearn/metrics/_classification.py:259: UserWarning: The y_prob values do not sum to one. Make sure to pass probabilities.
  warnings.warn(
/nas/longleaf/home/inserra/EEGProc/venv312/lib/python3.12/site-packages/sklearn/metrics/_classification.py:259: UserWarning: The y_prob values do not sum to one. Make sure to pass probabilities.
  warnings.warn(
/nas/longleaf/home/inserra/EEGProc/venv312/lib/python3.12/site-packages/sklearn/metrics/_classification.py:259: UserWarning: The y_prob values do not sum to one. Make sure to pass probabilities.
  warnings.warn(
/nas/longleaf/home/inserra/EEGProc/venv312/lib/python3.12/site-packages/sklearn/metrics/_classification.py:259: UserWarning: The y_prob values do not sum to one. Make sure to pass probabilities.
  warnings.warn(
/nas/longleaf/home/inserra/EEGProc/venv312/lib/python3.12/site-packages/sklearn/metrics/_classification.py:259: UserWarning: The y_prob values do not sum to one. Make sure to pass probabilities.
  warnings.warn(
2026-07-19 01:10:00.188313: I tensorflow/core/util/port.cc:153] oneDNN custom operations are on. You may see slightly different numerical results due to floating-point round-off errors from different computation orders. To turn them off, set the environment variable `TF_ENABLE_ONEDNN_OPTS=0`.
2026-07-19 01:10:00.263168: I tensorflow/core/platform/cpu_feature_guard.cc:210] This TensorFlow binary is optimized to use available CPU instructions in performance-critical operations.
To enable the following instructions: AVX2 AVX512F AVX512_VNNI FMA, in other operations, rebuild TensorFlow with the appropriate compiler flags.
2026-07-19 01:10:09.133084: I tensorflow/core/util/port.cc:153] oneDNN custom operations are on. You may see slightly different numerical results due to floating-point round-off errors from different computation orders. To turn them off, set the environment variable `TF_ENABLE_ONEDNN_OPTS=0`.
WARNING: All log messages before absl::InitializeLog() is called are written to STDERR
I0000 00:00:1784437814.028044 2856229 gpu_device.cc:2020] Created device /job:localhost/replica:0/task:0/device:GPU:0 with 43489 MB memory:  -> device: 0, name: NVIDIA L40S, pci bus id: 0000:1a:00.0, compute capability: 8.9
2026-07-19 01:10:18.272378: I tensorflow/core/util/port.cc:153] oneDNN custom operations are on. You may see slightly different numerical results due to floating-point round-off errors from different computation orders. To turn them off, set the environment variable `TF_ENABLE_ONEDNN_OPTS=0`.
2026-07-19 01:10:18.346952: I tensorflow/core/platform/cpu_feature_guard.cc:210] This TensorFlow binary is optimized to use available CPU instructions in performance-critical operations.
To enable the following instructions: AVX2 AVX512F AVX512_VNNI FMA, in other operations, rebuild TensorFlow with the appropriate compiler flags.
2026-07-19 01:10:23.810166: I tensorflow/core/util/port.cc:153] oneDNN custom operations are on. You may see slightly different numerical results due to floating-point round-off errors from different computation orders. To turn them off, set the environment variable `TF_ENABLE_ONEDNN_OPTS=0`.
WARNING: All log messages before absl::InitializeLog() is called are written to STDERR
I0000 00:00:1784437826.362024 2856243 gpu_device.cc:2020] Created device /job:localhost/replica:0/task:0/device:GPU:0 with 43489 MB memory:  -> device: 0, name: NVIDIA L40S, pci bus id: 0000:1b:00.0, compute capability: 8.9
2026-07-19 01:10:30.691149: I tensorflow/core/util/port.cc:153] oneDNN custom operations are on. You may see slightly different numerical results due to floating-point round-off errors from different computation orders. To turn them off, set the environment variable `TF_ENABLE_ONEDNN_OPTS=0`.
2026-07-19 01:10:30.764498: I tensorflow/core/platform/cpu_feature_guard.cc:210] This TensorFlow binary is optimized to use available CPU instructions in performance-critical operations.
To enable the following instructions: AVX2 AVX512F AVX512_VNNI FMA, in other operations, rebuild TensorFlow with the appropriate compiler flags.
2026-07-19 01:10:36.641988: I tensorflow/core/util/port.cc:153] oneDNN custom operations are on. You may see slightly different numerical results due to floating-point round-off errors from different computation orders. To turn them off, set the environment variable `TF_ENABLE_ONEDNN_OPTS=0`.
WARNING: All log messages before absl::InitializeLog() is called are written to STDERR
I0000 00:00:1784437839.190739 2856263 gpu_device.cc:2020] Created device /job:localhost/replica:0/task:0/device:GPU:0 with 43489 MB memory:  -> device: 0, name: NVIDIA L40S, pci bus id: 0000:1c:00.0, compute capability: 8.9
2026-07-19 01:10:43.677408: I tensorflow/core/util/port.cc:153] oneDNN custom operations are on. You may see slightly different numerical results due to floating-point round-off errors from different computation orders. To turn them off, set the environment variable `TF_ENABLE_ONEDNN_OPTS=0`.
2026-07-19 01:10:43.753781: I tensorflow/core/platform/cpu_feature_guard.cc:210] This TensorFlow binary is optimized to use available CPU instructions in performance-critical operations.
To enable the following instructions: AVX2 AVX512F AVX512_VNNI FMA, in other operations, rebuild TensorFlow with the appropriate compiler flags.
2026-07-19 01:10:50.083714: I tensorflow/core/util/port.cc:153] oneDNN custom operations are on. You may see slightly different numerical results due to floating-point round-off errors from different computation orders. To turn them off, set the environment variable `TF_ENABLE_ONEDNN_OPTS=0`.
WARNING: All log messages before absl::InitializeLog() is called are written to STDERR
I0000 00:00:1784437853.109031 2856276 gpu_device.cc:2020] Created device /job:localhost/replica:0/task:0/device:GPU:0 with 43489 MB memory:  -> device: 0, name: NVIDIA L40S, pci bus id: 0000:b5:00.0, compute capability: 8.9
2026-07-19 01:10:54.098952: I external/local_xla/xla/stream_executor/cuda/cuda_dnn.cc:473] Loaded cuDNN version 91100
2026-07-19 01:10:54.104429: I external/local_xla/xla/stream_executor/cuda/cuda_dnn.cc:473] Loaded cuDNN version 91100
2026-07-19 01:10:54.117583: I external/local_xla/xla/stream_executor/cuda/cuda_dnn.cc:473] Loaded cuDNN version 91100
2026-07-19 01:10:54.498032: I external/local_xla/xla/stream_executor/cuda/cuda_dnn.cc:473] Loaded cuDNN version 91100
/nas/longleaf/home/inserra/EEGProc/venv312/lib/python3.12/site-packages/sklearn/metrics/_classification.py:259: UserWarning: The y_prob values do not sum to one. Make sure to pass probabilities.
  warnings.warn(
/nas/longleaf/home/inserra/EEGProc/venv312/lib/python3.12/site-packages/sklearn/metrics/_classification.py:259: UserWarning: The y_prob values do not sum to one. Make sure to pass probabilities.
  warnings.warn(
/nas/longleaf/home/inserra/EEGProc/venv312/lib/python3.12/site-packages/sklearn/metrics/_classification.py:259: UserWarning: The y_prob values do not sum to one. Make sure to pass probabilities.
  warnings.warn(
/nas/longleaf/home/inserra/EEGProc/venv312/lib/python3.12/site-packages/sklearn/metrics/_classification.py:259: UserWarning: The y_prob values do not sum to one. Make sure to pass probabilities.
  warnings.warn(
/nas/longleaf/home/inserra/EEGProc/venv312/lib/python3.12/site-packages/sklearn/metrics/_classification.py:259: UserWarning: The y_prob values do not sum to one. Make sure to pass probabilities.
  warnings.warn(
/nas/longleaf/home/inserra/EEGProc/venv312/lib/python3.12/site-packages/sklearn/metrics/_classification.py:259: UserWarning: The y_prob values do not sum to one. Make sure to pass probabilities.
  warnings.warn(
/nas/longleaf/home/inserra/EEGProc/venv312/lib/python3.12/site-packages/sklearn/metrics/_classification.py:259: UserWarning: The y_prob values do not sum to one. Make sure to pass probabilities.
  warnings.warn(
/nas/longleaf/home/inserra/EEGProc/venv312/lib/python3.12/site-packages/sklearn/metrics/_classification.py:259: UserWarning: The y_prob values do not sum to one. Make sure to pass probabilities.
  warnings.warn(
/nas/longleaf/home/inserra/EEGProc/venv312/lib/python3.12/site-packages/sklearn/metrics/_classification.py:259: UserWarning: The y_prob values do not sum to one. Make sure to pass probabilities.
  warnings.warn(
/nas/longleaf/home/inserra/EEGProc/venv312/lib/python3.12/site-packages/sklearn/metrics/_classification.py:259: UserWarning: The y_prob values do not sum to one. Make sure to pass probabilities.
  warnings.warn(
/nas/longleaf/home/inserra/EEGProc/venv312/lib/python3.12/site-packages/sklearn/metrics/_classification.py:259: UserWarning: The y_prob values do not sum to one. Make sure to pass probabilities.
  warnings.warn(
/nas/longleaf/home/inserra/EEGProc/venv312/lib/python3.12/site-packages/sklearn/metrics/_classification.py:259: UserWarning: The y_prob values do not sum to one. Make sure to pass probabilities.
  warnings.warn(
/nas/longleaf/home/inserra/EEGProc/venv312/lib/python3.12/site-packages/sklearn/metrics/_classification.py:259: UserWarning: The y_prob values do not sum to one. Make sure to pass probabilities.
  warnings.warn(
/nas/longleaf/home/inserra/EEGProc/venv312/lib/python3.12/site-packages/sklearn/metrics/_classification.py:259: UserWarning: The y_prob values do not sum to one. Make sure to pass probabilities.
  warnings.warn(
/nas/longleaf/home/inserra/EEGProc/venv312/lib/python3.12/site-packages/sklearn/metrics/_classification.py:259: UserWarning: The y_prob values do not sum to one. Make sure to pass probabilities.
  warnings.warn(
/nas/longleaf/home/inserra/EEGProc/venv312/lib/python3.12/site-packages/sklearn/metrics/_classification.py:259: UserWarning: The y_prob values do not sum to one. Make sure to pass probabilities.
  warnings.warn(
/nas/longleaf/home/inserra/EEGProc/venv312/lib/python3.12/site-packages/sklearn/metrics/_classification.py:259: UserWarning: The y_prob values do not sum to one. Make sure to pass probabilities.
  warnings.warn(
/nas/longleaf/home/inserra/EEGProc/venv312/lib/python3.12/site-packages/sklearn/metrics/_classification.py:259: UserWarning: The y_prob values do not sum to one. Make sure to pass probabilities.
  warnings.warn(
/nas/longleaf/home/inserra/EEGProc/venv312/lib/python3.12/site-packages/sklearn/metrics/_classification.py:259: UserWarning: The y_prob values do not sum to one. Make sure to pass probabilities.
  warnings.warn(
/nas/longleaf/home/inserra/EEGProc/venv312/lib/python3.12/site-packages/sklearn/metrics/_classification.py:259: UserWarning: The y_prob values do not sum to one. Make sure to pass probabilities.
  warnings.warn(
/nas/longleaf/home/inserra/EEGProc/venv312/lib/python3.12/site-packages/sklearn/metrics/_classification.py:259: UserWarning: The y_prob values do not sum to one. Make sure to pass probabilities.
  warnings.warn(
/nas/longleaf/home/inserra/EEGProc/venv312/lib/python3.12/site-packages/sklearn/metrics/_classification.py:259: UserWarning: The y_prob values do not sum to one. Make sure to pass probabilities.
  warnings.warn(
/nas/longleaf/home/inserra/EEGProc/venv312/lib/python3.12/site-packages/sklearn/metrics/_classification.py:259: UserWarning: The y_prob values do not sum to one. Make sure to pass probabilities.
  warnings.warn(
/nas/longleaf/home/inserra/EEGProc/venv312/lib/python3.12/site-packages/sklearn/metrics/_classification.py:259: UserWarning: The y_prob values do not sum to one. Make sure to pass probabilities.
  warnings.warn(
/nas/longleaf/home/inserra/EEGProc/venv312/lib/python3.12/site-packages/sklearn/metrics/_classification.py:259: UserWarning: The y_prob values do not sum to one. Make sure to pass probabilities.
  warnings.warn(
/nas/longleaf/home/inserra/EEGProc/venv312/lib/python3.12/site-packages/sklearn/metrics/_classification.py:259: UserWarning: The y_prob values do not sum to one. Make sure to pass probabilities.
  warnings.warn(
/nas/longleaf/home/inserra/EEGProc/venv312/lib/python3.12/site-packages/sklearn/metrics/_classification.py:259: UserWarning: The y_prob values do not sum to one. Make sure to pass probabilities.
  warnings.warn(
/nas/longleaf/home/inserra/EEGProc/venv312/lib/python3.12/site-packages/sklearn/metrics/_classification.py:259: UserWarning: The y_prob values do not sum to one. Make sure to pass probabilities.
  warnings.warn(
/nas/longleaf/home/inserra/EEGProc/venv312/lib/python3.12/site-packages/sklearn/metrics/_classification.py:259: UserWarning: The y_prob values do not sum to one. Make sure to pass probabilities.
  warnings.warn(
/nas/longleaf/home/inserra/EEGProc/venv312/lib/python3.12/site-packages/sklearn/metrics/_classification.py:259: UserWarning: The y_prob values do not sum to one. Make sure to pass probabilities.
  warnings.warn(
/nas/longleaf/home/inserra/EEGProc/venv312/lib/python3.12/site-packages/sklearn/metrics/_classification.py:259: UserWarning: The y_prob values do not sum to one. Make sure to pass probabilities.
  warnings.warn(
/nas/longleaf/home/inserra/EEGProc/venv312/lib/python3.12/site-packages/sklearn/metrics/_classification.py:259: UserWarning: The y_prob values do not sum to one. Make sure to pass probabilities.
  warnings.warn(
/nas/longleaf/home/inserra/EEGProc/venv312/lib/python3.12/site-packages/sklearn/metrics/_classification.py:259: UserWarning: The y_prob values do not sum to one. Make sure to pass probabilities.
  warnings.warn(
/nas/longleaf/home/inserra/EEGProc/venv312/lib/python3.12/site-packages/sklearn/metrics/_classification.py:259: UserWarning: The y_prob values do not sum to one. Make sure to pass probabilities.
  warnings.warn(
/nas/longleaf/home/inserra/EEGProc/venv312/lib/python3.12/site-packages/sklearn/metrics/_classification.py:259: UserWarning: The y_prob values do not sum to one. Make sure to pass probabilities.
  warnings.warn(
/nas/longleaf/home/inserra/EEGProc/venv312/lib/python3.12/site-packages/sklearn/metrics/_classification.py:259: UserWarning: The y_prob values do not sum to one. Make sure to pass probabilities.
  warnings.warn(
/nas/longleaf/home/inserra/EEGProc/venv312/lib/python3.12/site-packages/sklearn/metrics/_classification.py:259: UserWarning: The y_prob values do not sum to one. Make sure to pass probabilities.
  warnings.warn(
/nas/longleaf/home/inserra/EEGProc/venv312/lib/python3.12/site-packages/sklearn/metrics/_classification.py:259: UserWarning: The y_prob values do not sum to one. Make sure to pass probabilities.
  warnings.warn(
/nas/longleaf/home/inserra/EEGProc/venv312/lib/python3.12/site-packages/sklearn/metrics/_classification.py:259: UserWarning: The y_prob values do not sum to one. Make sure to pass probabilities.
  warnings.warn(
/nas/longleaf/home/inserra/EEGProc/venv312/lib/python3.12/site-packages/sklearn/metrics/_classification.py:259: UserWarning: The y_prob values do not sum to one. Make sure to pass probabilities.
  warnings.warn(
/nas/longleaf/home/inserra/EEGProc/venv312/lib/python3.12/site-packages/sklearn/metrics/_classification.py:259: UserWarning: The y_prob values do not sum to one. Make sure to pass probabilities.
  warnings.warn(
/nas/longleaf/home/inserra/EEGProc/venv312/lib/python3.12/site-packages/sklearn/metrics/_classification.py:259: UserWarning: The y_prob values do not sum to one. Make sure to pass probabilities.
  warnings.warn(
/nas/longleaf/home/inserra/EEGProc/venv312/lib/python3.12/site-packages/sklearn/metrics/_classification.py:259: UserWarning: The y_prob values do not sum to one. Make sure to pass probabilities.
  warnings.warn(
/nas/longleaf/home/inserra/EEGProc/venv312/lib/python3.12/site-packages/sklearn/metrics/_classification.py:259: UserWarning: The y_prob values do not sum to one. Make sure to pass probabilities.
  warnings.warn(
/nas/longleaf/home/inserra/EEGProc/venv312/lib/python3.12/site-packages/sklearn/metrics/_classification.py:259: UserWarning: The y_prob values do not sum to one. Make sure to pass probabilities.
  warnings.warn(
/nas/longleaf/home/inserra/EEGProc/venv312/lib/python3.12/site-packages/sklearn/metrics/_classification.py:259: UserWarning: The y_prob values do not sum to one. Make sure to pass probabilities.
  warnings.warn(
2026-07-19 02:58:13.540084: I tensorflow/core/util/port.cc:153] oneDNN custom operations are on. You may see slightly different numerical results due to floating-point round-off errors from different computation orders. To turn them off, set the environment variable `TF_ENABLE_ONEDNN_OPTS=0`.
2026-07-19 02:58:13.614477: I tensorflow/core/platform/cpu_feature_guard.cc:210] This TensorFlow binary is optimized to use available CPU instructions in performance-critical operations.
To enable the following instructions: AVX2 AVX512F AVX512_VNNI FMA, in other operations, rebuild TensorFlow with the appropriate compiler flags.
2026-07-19 02:58:22.598905: I tensorflow/core/util/port.cc:153] oneDNN custom operations are on. You may see slightly different numerical results due to floating-point round-off errors from different computation orders. To turn them off, set the environment variable `TF_ENABLE_ONEDNN_OPTS=0`.
WARNING: All log messages before absl::InitializeLog() is called are written to STDERR
I0000 00:00:1784444306.502632 2952654 gpu_device.cc:2020] Created device /job:localhost/replica:0/task:0/device:GPU:0 with 43489 MB memory:  -> device: 0, name: NVIDIA L40S, pci bus id: 0000:1a:00.0, compute capability: 8.9
2026-07-19 02:58:30.491424: I tensorflow/core/util/port.cc:153] oneDNN custom operations are on. You may see slightly different numerical results due to floating-point round-off errors from different computation orders. To turn them off, set the environment variable `TF_ENABLE_ONEDNN_OPTS=0`.
2026-07-19 02:58:30.566011: I tensorflow/core/platform/cpu_feature_guard.cc:210] This TensorFlow binary is optimized to use available CPU instructions in performance-critical operations.
To enable the following instructions: AVX2 AVX512F AVX512_VNNI FMA, in other operations, rebuild TensorFlow with the appropriate compiler flags.
2026-07-19 02:58:35.276528: I tensorflow/core/util/port.cc:153] oneDNN custom operations are on. You may see slightly different numerical results due to floating-point round-off errors from different computation orders. To turn them off, set the environment variable `TF_ENABLE_ONEDNN_OPTS=0`.
WARNING: All log messages before absl::InitializeLog() is called are written to STDERR
I0000 00:00:1784444317.583093 2952671 gpu_device.cc:2020] Created device /job:localhost/replica:0/task:0/device:GPU:0 with 43489 MB memory:  -> device: 0, name: NVIDIA L40S, pci bus id: 0000:1b:00.0, compute capability: 8.9
2026-07-19 02:58:41.681301: I tensorflow/core/util/port.cc:153] oneDNN custom operations are on. You may see slightly different numerical results due to floating-point round-off errors from different computation orders. To turn them off, set the environment variable `TF_ENABLE_ONEDNN_OPTS=0`.
2026-07-19 02:58:41.755199: I tensorflow/core/platform/cpu_feature_guard.cc:210] This TensorFlow binary is optimized to use available CPU instructions in performance-critical operations.
To enable the following instructions: AVX2 AVX512F AVX512_VNNI FMA, in other operations, rebuild TensorFlow with the appropriate compiler flags.
2026-07-19 02:58:46.673297: I tensorflow/core/util/port.cc:153] oneDNN custom operations are on. You may see slightly different numerical results due to floating-point round-off errors from different computation orders. To turn them off, set the environment variable `TF_ENABLE_ONEDNN_OPTS=0`.
WARNING: All log messages before absl::InitializeLog() is called are written to STDERR
I0000 00:00:1784444329.372280 2952685 gpu_device.cc:2020] Created device /job:localhost/replica:0/task:0/device:GPU:0 with 43489 MB memory:  -> device: 0, name: NVIDIA L40S, pci bus id: 0000:1c:00.0, compute capability: 8.9
2026-07-19 02:58:53.526092: I tensorflow/core/util/port.cc:153] oneDNN custom operations are on. You may see slightly different numerical results due to floating-point round-off errors from different computation orders. To turn them off, set the environment variable `TF_ENABLE_ONEDNN_OPTS=0`.
2026-07-19 02:58:53.600357: I tensorflow/core/platform/cpu_feature_guard.cc:210] This TensorFlow binary is optimized to use available CPU instructions in performance-critical operations.
To enable the following instructions: AVX2 AVX512F AVX512_VNNI FMA, in other operations, rebuild TensorFlow with the appropriate compiler flags.
2026-07-19 02:58:58.553149: I tensorflow/core/util/port.cc:153] oneDNN custom operations are on. You may see slightly different numerical results due to floating-point round-off errors from different computation orders. To turn them off, set the environment variable `TF_ENABLE_ONEDNN_OPTS=0`.
WARNING: All log messages before absl::InitializeLog() is called are written to STDERR
I0000 00:00:1784444341.011353 2952698 gpu_device.cc:2020] Created device /job:localhost/replica:0/task:0/device:GPU:0 with 43489 MB memory:  -> device: 0, name: NVIDIA L40S, pci bus id: 0000:b5:00.0, compute capability: 8.9
2026-07-19 02:59:01.988346: I external/local_xla/xla/stream_executor/cuda/cuda_dnn.cc:473] Loaded cuDNN version 91100
2026-07-19 02:59:01.999332: I external/local_xla/xla/stream_executor/cuda/cuda_dnn.cc:473] Loaded cuDNN version 91100
2026-07-19 02:59:02.000722: I external/local_xla/xla/stream_executor/cuda/cuda_dnn.cc:473] Loaded cuDNN version 91100
2026-07-19 02:59:02.416161: I external/local_xla/xla/stream_executor/cuda/cuda_dnn.cc:473] Loaded cuDNN version 91100
/nas/longleaf/home/inserra/EEGProc/venv312/lib/python3.12/site-packages/sklearn/metrics/_classification.py:259: UserWarning: The y_prob values do not sum to one. Make sure to pass probabilities.
  warnings.warn(
/nas/longleaf/home/inserra/EEGProc/venv312/lib/python3.12/site-packages/sklearn/metrics/_classification.py:259: UserWarning: The y_prob values do not sum to one. Make sure to pass probabilities.
  warnings.warn(
/nas/longleaf/home/inserra/EEGProc/venv312/lib/python3.12/site-packages/sklearn/metrics/_classification.py:259: UserWarning: The y_prob values do not sum to one. Make sure to pass probabilities.
  warnings.warn(
/nas/longleaf/home/inserra/EEGProc/venv312/lib/python3.12/site-packages/sklearn/metrics/_classification.py:259: UserWarning: The y_prob values do not sum to one. Make sure to pass probabilities.
  warnings.warn(
/nas/longleaf/home/inserra/EEGProc/venv312/lib/python3.12/site-packages/sklearn/metrics/_classification.py:259: UserWarning: The y_prob values do not sum to one. Make sure to pass probabilities.
  warnings.warn(
/nas/longleaf/home/inserra/EEGProc/venv312/lib/python3.12/site-packages/sklearn/metrics/_classification.py:259: UserWarning: The y_prob values do not sum to one. Make sure to pass probabilities.
  warnings.warn(
/nas/longleaf/home/inserra/EEGProc/venv312/lib/python3.12/site-packages/sklearn/metrics/_classification.py:259: UserWarning: The y_prob values do not sum to one. Make sure to pass probabilities.
  warnings.warn(
/nas/longleaf/home/inserra/EEGProc/venv312/lib/python3.12/site-packages/sklearn/metrics/_classification.py:259: UserWarning: The y_prob values do not sum to one. Make sure to pass probabilities.
  warnings.warn(
/nas/longleaf/home/inserra/EEGProc/venv312/lib/python3.12/site-packages/sklearn/metrics/_classification.py:259: UserWarning: The y_prob values do not sum to one. Make sure to pass probabilities.
  warnings.warn(
/nas/longleaf/home/inserra/EEGProc/venv312/lib/python3.12/site-packages/sklearn/metrics/_classification.py:259: UserWarning: The y_prob values do not sum to one. Make sure to pass probabilities.
  warnings.warn(
/nas/longleaf/home/inserra/EEGProc/venv312/lib/python3.12/site-packages/sklearn/metrics/_classification.py:259: UserWarning: The y_prob values do not sum to one. Make sure to pass probabilities.
  warnings.warn(
/nas/longleaf/home/inserra/EEGProc/venv312/lib/python3.12/site-packages/sklearn/metrics/_classification.py:259: UserWarning: The y_prob values do not sum to one. Make sure to pass probabilities.
  warnings.warn(
/nas/longleaf/home/inserra/EEGProc/venv312/lib/python3.12/site-packages/sklearn/metrics/_classification.py:259: UserWarning: The y_prob values do not sum to one. Make sure to pass probabilities.
  warnings.warn(
/nas/longleaf/home/inserra/EEGProc/venv312/lib/python3.12/site-packages/sklearn/metrics/_classification.py:259: UserWarning: The y_prob values do not sum to one. Make sure to pass probabilities.
  warnings.warn(
/nas/longleaf/home/inserra/EEGProc/venv312/lib/python3.12/site-packages/sklearn/metrics/_classification.py:259: UserWarning: The y_prob values do not sum to one. Make sure to pass probabilities.
  warnings.warn(
/nas/longleaf/home/inserra/EEGProc/venv312/lib/python3.12/site-packages/sklearn/metrics/_classification.py:259: UserWarning: The y_prob values do not sum to one. Make sure to pass probabilities.
  warnings.warn(
/nas/longleaf/home/inserra/EEGProc/venv312/lib/python3.12/site-packages/sklearn/metrics/_classification.py:259: UserWarning: The y_prob values do not sum to one. Make sure to pass probabilities.
  warnings.warn(
/nas/longleaf/home/inserra/EEGProc/venv312/lib/python3.12/site-packages/sklearn/metrics/_classification.py:259: UserWarning: The y_prob values do not sum to one. Make sure to pass probabilities.
  warnings.warn(
/nas/longleaf/home/inserra/EEGProc/venv312/lib/python3.12/site-packages/sklearn/metrics/_classification.py:259: UserWarning: The y_prob values do not sum to one. Make sure to pass probabilities.
  warnings.warn(
/nas/longleaf/home/inserra/EEGProc/venv312/lib/python3.12/site-packages/sklearn/metrics/_classification.py:259: UserWarning: The y_prob values do not sum to one. Make sure to pass probabilities.
  warnings.warn(
/nas/longleaf/home/inserra/EEGProc/venv312/lib/python3.12/site-packages/sklearn/metrics/_classification.py:259: UserWarning: The y_prob values do not sum to one. Make sure to pass probabilities.
  warnings.warn(
/nas/longleaf/home/inserra/EEGProc/venv312/lib/python3.12/site-packages/sklearn/metrics/_classification.py:259: UserWarning: The y_prob values do not sum to one. Make sure to pass probabilities.
  warnings.warn(
/nas/longleaf/home/inserra/EEGProc/venv312/lib/python3.12/site-packages/sklearn/metrics/_classification.py:259: UserWarning: The y_prob values do not sum to one. Make sure to pass probabilities.
  warnings.warn(
/nas/longleaf/home/inserra/EEGProc/venv312/lib/python3.12/site-packages/sklearn/metrics/_classification.py:259: UserWarning: The y_prob values do not sum to one. Make sure to pass probabilities.
  warnings.warn(
/nas/longleaf/home/inserra/EEGProc/venv312/lib/python3.12/site-packages/sklearn/metrics/_classification.py:259: UserWarning: The y_prob values do not sum to one. Make sure to pass probabilities.
  warnings.warn(
/nas/longleaf/home/inserra/EEGProc/venv312/lib/python3.12/site-packages/sklearn/metrics/_classification.py:259: UserWarning: The y_prob values do not sum to one. Make sure to pass probabilities.
  warnings.warn(
/nas/longleaf/home/inserra/EEGProc/venv312/lib/python3.12/site-packages/sklearn/metrics/_classification.py:259: UserWarning: The y_prob values do not sum to one. Make sure to pass probabilities.
  warnings.warn(
/nas/longleaf/home/inserra/EEGProc/venv312/lib/python3.12/site-packages/sklearn/metrics/_classification.py:259: UserWarning: The y_prob values do not sum to one. Make sure to pass probabilities.
  warnings.warn(
/nas/longleaf/home/inserra/EEGProc/venv312/lib/python3.12/site-packages/sklearn/metrics/_classification.py:259: UserWarning: The y_prob values do not sum to one. Make sure to pass probabilities.
  warnings.warn(
/nas/longleaf/home/inserra/EEGProc/venv312/lib/python3.12/site-packages/sklearn/metrics/_classification.py:259: UserWarning: The y_prob values do not sum to one. Make sure to pass probabilities.
  warnings.warn(
/nas/longleaf/home/inserra/EEGProc/venv312/lib/python3.12/site-packages/sklearn/metrics/_classification.py:259: UserWarning: The y_prob values do not sum to one. Make sure to pass probabilities.
  warnings.warn(
/nas/longleaf/home/inserra/EEGProc/venv312/lib/python3.12/site-packages/sklearn/metrics/_classification.py:259: UserWarning: The y_prob values do not sum to one. Make sure to pass probabilities.
  warnings.warn(
/nas/longleaf/home/inserra/EEGProc/venv312/lib/python3.12/site-packages/sklearn/metrics/_classification.py:259: UserWarning: The y_prob values do not sum to one. Make sure to pass probabilities.
  warnings.warn(
/nas/longleaf/home/inserra/EEGProc/venv312/lib/python3.12/site-packages/sklearn/metrics/_classification.py:259: UserWarning: The y_prob values do not sum to one. Make sure to pass probabilities.
  warnings.warn(
/nas/longleaf/home/inserra/EEGProc/venv312/lib/python3.12/site-packages/sklearn/metrics/_classification.py:259: UserWarning: The y_prob values do not sum to one. Make sure to pass probabilities.
  warnings.warn(
/nas/longleaf/home/inserra/EEGProc/venv312/lib/python3.12/site-packages/sklearn/metrics/_classification.py:259: UserWarning: The y_prob values do not sum to one. Make sure to pass probabilities.
  warnings.warn(
/nas/longleaf/home/inserra/EEGProc/venv312/lib/python3.12/site-packages/sklearn/metrics/_classification.py:259: UserWarning: The y_prob values do not sum to one. Make sure to pass probabilities.
  warnings.warn(
/nas/longleaf/home/inserra/EEGProc/venv312/lib/python3.12/site-packages/sklearn/metrics/_classification.py:259: UserWarning: The y_prob values do not sum to one. Make sure to pass probabilities.
  warnings.warn(
/nas/longleaf/home/inserra/EEGProc/venv312/lib/python3.12/site-packages/sklearn/metrics/_classification.py:259: UserWarning: The y_prob values do not sum to one. Make sure to pass probabilities.
  warnings.warn(
/nas/longleaf/home/inserra/EEGProc/venv312/lib/python3.12/site-packages/sklearn/metrics/_classification.py:259: UserWarning: The y_prob values do not sum to one. Make sure to pass probabilities.
  warnings.warn(
/nas/longleaf/home/inserra/EEGProc/venv312/lib/python3.12/site-packages/sklearn/metrics/_classification.py:259: UserWarning: The y_prob values do not sum to one. Make sure to pass probabilities.
  warnings.warn(
/nas/longleaf/home/inserra/EEGProc/venv312/lib/python3.12/site-packages/sklearn/metrics/_classification.py:259: UserWarning: The y_prob values do not sum to one. Make sure to pass probabilities.
  warnings.warn(
WARNING: All log messages before absl::InitializeLog() is called are written to STDERR
I0000 00:00:1784450720.781386 2277691 gpu_device.cc:2020] Created device /job:localhost/replica:0/task:0/device:GPU:0 with 43489 MB memory:  -> device: 0, name: NVIDIA L40S, pci bus id: 0000:1a:00.0, compute capability: 8.9
I0000 00:00:1784450720.783541 2277691 gpu_device.cc:2020] Created device /job:localhost/replica:0/task:0/device:GPU:1 with 43489 MB memory:  -> device: 1, name: NVIDIA L40S, pci bus id: 0000:1b:00.0, compute capability: 8.9
I0000 00:00:1784450720.785700 2277691 gpu_device.cc:2020] Created device /job:localhost/replica:0/task:0/device:GPU:2 with 43489 MB memory:  -> device: 2, name: NVIDIA L40S, pci bus id: 0000:1c:00.0, compute capability: 8.9
I0000 00:00:1784450720.787862 2277691 gpu_device.cc:2020] Created device /job:localhost/replica:0/task:0/device:GPU:3 with 43489 MB memory:  -> device: 3, name: NVIDIA L40S, pci bus id: 0000:b5:00.0, compute capability: 8.9
2026-07-19 04:45:22.223294: I external/local_xla/xla/stream_executor/cuda/cuda_dnn.cc:473] Loaded cuDNN version 91100
