fold,trial_index,subject_id,trial_id,n_windows,y_true,y_pred,correct,p_pred,confidence,p_class_0,p_class_1,target_subject,calibration_fold,calibration_shots,stage
1,0,0,0,60,1,1,1,0.5012925863265991,0.5012925863265991,0.4987074136734009,0.5012925863265991,0,,,zero_shot_all_trials
1,1,0,1,60,1,0,0,0.5041868686676025,0.5041868686676025,0.5041868686676025,0.4958131015300751,0,,,zero_shot_all_trials
1,2,0,2,60,1,1,1,0.5017876625061035,0.5017876625061035,0.4982123374938965,0.5017876625061035,0,,,zero_shot_all_trials
1,3,0,3,60,1,1,1,0.5023431181907654,0.5023431181907654,0.4976568818092346,0.5023431181907654,0,,,zero_shot_all_trials
1,4,0,4,60,1,0,0,0.503395676612854,0.503395676612854,0.503395676612854,0.496604323387146,0,,,zero_shot_all_trials
1,5,0,5,60,0,1,0,0.5030081868171692,0.5030081868171692,0.4969918131828308,0.5030081868171692,0,,,zero_shot_all_trials
1,6,0,6,60,1,0,0,0.50223308801651,0.50223308801651,0.50223308801651,0.49776691198349,0,,,zero_shot_all_trials
1,7,0,7,60,0,0,1,0.5033879280090332,0.5033879280090332,0.5033879280090332,0.4966121017932892,0,,,zero_shot_all_trials
1,8,0,8,60,0,0,1,0.5025197267532349,0.5025197267532349,0.5025197267532349,0.4974803030490875,0,,,zero_shot_all_trials
1,9,0,9,60,1,0,0,0.502635657787323,0.502635657787323,0.502635657787323,0.4973643720149994,0,,,zero_shot_all_trials
1,10,0,10,60,1,0,0,0.5009069442749023,0.5009069442749023,0.5009069442749023,0.49909305572509766,0,,,zero_shot_all_trials
1,11,0,11,60,1,0,0,0.5039453506469727,0.5039453506469727,0.5039453506469727,0.49605464935302734,0,,,zero_shot_all_trials
1,12,0,12,60,1,0,0,0.5012832880020142,0.5012832880020142,0.5012832880020142,0.4987167418003082,0,,,zero_shot_all_trials
1,13,0,13,60,1,1,1,0.5019625425338745,0.5019625425338745,0.4980374872684479,0.5019625425338745,0,,,zero_shot_all_trials
1,14,0,14,60,0,1,0,0.5003638863563538,0.5003638863563538,0.49963605403900146,0.5003638863563538,0,,,zero_shot_all_trials
1,15,0,15,60,1,1,1,0.502159595489502,0.502159595489502,0.49784037470817566,0.502159595489502,0,,,zero_shot_all_trials
1,16,0,16,60,0,0,1,0.502147376537323,0.502147376537323,0.502147376537323,0.4978526532649994,0,,,zero_shot_all_trials
1,17,0,17,60,1,0,0,0.505506157875061,0.505506157875061,0.505506157875061,0.49449384212493896,0,,,zero_shot_all_trials
1,0,0,0,60,1,1,1,0.5012924671173096,0.5012924671173096,0.4987075626850128,0.5012924671173096,0,1,3,zero_shot_paired
1,1,0,1,60,1,0,0,0.5041868686676025,0.5041868686676025,0.5041868686676025,0.4958131015300751,0,1,3,zero_shot_paired
1,2,0,2,60,1,1,1,0.501787543296814,0.501787543296814,0.49821245670318604,0.501787543296814,0,1,3,zero_shot_paired
1,3,0,3,60,1,1,1,0.5023431777954102,0.5023431777954102,0.49765676259994507,0.5023431777954102,0,1,3,zero_shot_paired
1,4,0,4,60,1,0,0,0.5033955574035645,0.5033955574035645,0.5033955574035645,0.49660444259643555,0,1,3,zero_shot_paired
1,5,0,5,60,0,1,0,0.5030081868171692,0.5030081868171692,0.4969917833805084,0.5030081868171692,0,1,3,zero_shot_paired
1,6,0,6,60,1,0,0,0.5022331476211548,0.5022331476211548,0.5022331476211548,0.4977668821811676,0,1,3,zero_shot_paired
1,7,0,7,60,0,0,1,0.503387987613678,0.503387987613678,0.503387987613678,0.4966120719909668,0,1,3,zero_shot_paired
1,8,0,8,60,0,0,1,0.5025195479393005,0.5025195479393005,0.5025195479393005,0.49748045206069946,0,1,3,zero_shot_paired
1,9,0,9,60,1,0,0,0.502635657787323,0.502635657787323,0.502635657787323,0.4973643124103546,0,1,3,zero_shot_paired
1,10,0,10,60,1,0,0,0.5009071230888367,0.5009071230888367,0.5009071230888367,0.4990929067134857,0,1,3,zero_shot_paired
1,11,0,11,60,1,0,0,0.5039451718330383,0.5039451718330383,0.5039451718330383,0.49605485796928406,0,1,3,zero_shot_paired
1,12,0,13,60,1,1,1,0.5019625425338745,0.5019625425338745,0.4980374872684479,0.5019625425338745,0,1,3,zero_shot_paired
1,13,0,15,60,1,1,1,0.502159595489502,0.502159595489502,0.49784037470817566,0.502159595489502,0,1,3,zero_shot_paired
1,14,0,16,60,0,0,1,0.502147376537323,0.502147376537323,0.502147376537323,0.4978526532649994,0,1,3,zero_shot_paired
1,0,0,0,60,1,1,1,0.50141441822052,0.50141441822052,0.49858561158180237,0.50141441822052,0,1,3,post_calibration
1,1,0,1,60,1,0,0,0.5034274458885193,0.5034274458885193,0.5034274458885193,0.4965725541114807,0,1,3,post_calibration
1,2,0,2,60,1,1,1,0.5023645162582397,0.5023645162582397,0.49763548374176025,0.5023645162582397,0,1,3,post_calibration
1,3,0,3,60,1,1,1,0.5016196966171265,0.5016196966171265,0.49838030338287354,0.5016196966171265,0,1,3,post_calibration
1,4,0,4,60,1,0,0,0.5036327838897705,0.5036327838897705,0.5036327838897705,0.4963672161102295,0,1,3,post_calibration
1,5,0,5,60,0,1,0,0.5045413970947266,0.5045413970947266,0.49545857310295105,0.5045413970947266,0,1,3,post_calibration
1,6,0,6,60,1,0,0,0.5036879777908325,0.5036879777908325,0.5036879777908325,0.49631205201148987,0,1,3,post_calibration
1,7,0,7,60,0,0,1,0.5031402707099915,0.5031402707099915,0.5031402707099915,0.49685972929000854,0,1,3,post_calibration
1,8,0,8,60,0,0,1,0.50279301404953,0.50279301404953,0.50279301404953,0.49720698595046997,0,1,3,post_calibration
1,9,0,9,60,1,0,0,0.5010083913803101,0.5010083913803101,0.5010083913803101,0.49899163842201233,0,1,3,post_calibration
1,10,0,10,60,1,1,1,0.5009405612945557,0.5009405612945557,0.4990594983100891,0.5009405612945557,0,1,3,post_calibration
1,11,0,11,60,1,0,0,0.5041564702987671,0.5041564702987671,0.5041564702987671,0.4958435297012329,0,1,3,post_calibration
1,12,0,13,60,1,1,1,0.5015044808387756,0.5015044808387756,0.49849557876586914,0.5015044808387756,0,1,3,post_calibration
1,13,0,15,60,1,1,1,0.5013607144355774,0.5013607144355774,0.498639315366745,0.5013607144355774,0,1,3,post_calibration
1,14,0,16,60,0,0,1,0.5013645887374878,0.5013645887374878,0.5013645887374878,0.4986353814601898,0,1,3,post_calibration
2,0,0,0,60,1,1,1,0.5012924671173096,0.5012924671173096,0.4987075626850128,0.5012924671173096,0,2,3,zero_shot_paired
2,1,0,1,60,1,0,0,0.5041868686676025,0.5041868686676025,0.5041868686676025,0.4958131015300751,0,2,3,zero_shot_paired
2,2,0,2,60,1,1,1,0.501787543296814,0.501787543296814,0.49821245670318604,0.501787543296814,0,2,3,zero_shot_paired
2,3,0,3,60,1,1,1,0.5023431777954102,0.5023431777954102,0.49765676259994507,0.5023431777954102,0,2,3,zero_shot_paired
2,4,0,5,60,0,1,0,0.5030081868171692,0.5030081868171692,0.4969917833805084,0.5030081868171692,0,2,3,zero_shot_paired
2,5,0,6,60,1,0,0,0.5022331476211548,0.5022331476211548,0.5022331476211548,0.4977668821811676,0,2,3,zero_shot_paired
2,6,0,7,60,0,0,1,0.503387987613678,0.503387987613678,0.503387987613678,0.4966120719909668,0,2,3,zero_shot_paired
2,7,0,8,60,0,0,1,0.5025195479393005,0.5025195479393005,0.5025195479393005,0.49748045206069946,0,2,3,zero_shot_paired
2,8,0,9,60,1,0,0,0.502635657787323,0.502635657787323,0.502635657787323,0.4973643124103546,0,2,3,zero_shot_paired
2,9,0,10,60,1,0,0,0.5009071230888367,0.5009071230888367,0.5009071230888367,0.4990929067134857,0,2,3,zero_shot_paired
2,10,0,11,60,1,0,0,0.5039451718330383,0.5039451718330383,0.5039451718330383,0.49605485796928406,0,2,3,zero_shot_paired
2,11,0,12,60,1,0,0,0.501282811164856,0.501282811164856,0.501282811164856,0.49871718883514404,0,2,3,zero_shot_paired
2,12,0,13,60,1,1,1,0.5019625425338745,0.5019625425338745,0.4980374872684479,0.5019625425338745,0,2,3,zero_shot_paired
2,13,0,14,60,0,1,0,0.5003638863563538,0.5003638863563538,0.49963611364364624,0.5003638863563538,0,2,3,zero_shot_paired
2,14,0,17,60,1,0,0,0.5055060982704163,0.5055060982704163,0.5055060982704163,0.49449387192726135,0,2,3,zero_shot_paired
2,0,0,0,60,1,1,1,0.5024168491363525,0.5024168491363525,0.49758318066596985,0.5024168491363525,0,2,3,post_calibration
2,1,0,1,60,1,0,0,0.5042794942855835,0.5042794942855835,0.5042794942855835,0.4957205057144165,0,2,3,post_calibration
2,2,0,2,60,1,1,1,0.5019962191581726,0.5019962191581726,0.4980038106441498,0.5019962191581726,0,2,3,post_calibration
2,3,0,3,60,1,1,1,0.5027124881744385,0.5027124881744385,0.4972875416278839,0.5027124881744385,0,2,3,post_calibration
2,4,0,5,60,0,1,0,0.5029248595237732,0.5029248595237732,0.49707508087158203,0.5029248595237732,0,2,3,post_calibration
2,5,0,6,60,1,0,0,0.5007950067520142,0.5007950067520142,0.5007950067520142,0.4992050230503082,0,2,3,post_calibration
2,6,0,7,60,0,0,1,0.5036733746528625,0.5036733746528625,0.5036733746528625,0.49632662534713745,0,2,3,post_calibration
2,7,0,8,60,0,0,1,0.5015288591384888,0.5015288591384888,0.5015288591384888,0.49847114086151123,0,2,3,post_calibration
2,8,0,9,60,1,0,0,0.5018240809440613,0.5018240809440613,0.5018240809440613,0.4981759488582611,0,2,3,post_calibration
2,9,0,10,60,1,0,0,0.5007914900779724,0.5007914900779724,0.5007914900779724,0.4992084801197052,0,2,3,post_calibration
2,10,0,11,60,1,0,0,0.5027268528938293,0.5027268528938293,0.5027268528938293,0.49727314710617065,0,2,3,post_calibration
2,11,0,12,60,1,0,0,0.500426173210144,0.500426173210144,0.500426173210144,0.49957385659217834,0,2,3,post_calibration
2,12,0,13,60,1,1,1,0.5026310086250305,0.5026310086250305,0.4973689615726471,0.5026310086250305,0,2,3,post_calibration
2,13,0,14,60,0,1,0,0.5021057724952698,0.5021057724952698,0.49789419770240784,0.5021057724952698,0,2,3,post_calibration
2,14,0,17,60,1,0,0,0.5052273869514465,0.5052273869514465,0.5052273869514465,0.49477261304855347,0,2,3,post_calibration
3,0,0,0,60,1,1,1,0.5012924671173096,0.5012924671173096,0.4987075626850128,0.5012924671173096,0,3,3,zero_shot_paired
3,1,0,1,60,1,0,0,0.5041868686676025,0.5041868686676025,0.5041868686676025,0.4958131015300751,0,3,3,zero_shot_paired
3,2,0,2,60,1,1,1,0.501787543296814,0.501787543296814,0.49821245670318604,0.501787543296814,0,3,3,zero_shot_paired
3,3,0,3,60,1,1,1,0.5023431777954102,0.5023431777954102,0.49765676259994507,0.5023431777954102,0,3,3,zero_shot_paired
3,4,0,4,60,1,0,0,0.5033955574035645,0.5033955574035645,0.5033955574035645,0.49660444259643555,0,3,3,zero_shot_paired
3,5,0,5,60,0,1,0,0.5030081868171692,0.5030081868171692,0.4969917833805084,0.5030081868171692,0,3,3,zero_shot_paired
3,6,0,8,60,0,0,1,0.5025195479393005,0.5025195479393005,0.5025195479393005,0.49748045206069946,0,3,3,zero_shot_paired
3,7,0,10,60,1,0,0,0.5009071230888367,0.5009071230888367,0.5009071230888367,0.4990929067134857,0,3,3,zero_shot_paired
3,8,0,11,60,1,0,0,0.5039451718330383,0.5039451718330383,0.5039451718330383,0.49605485796928406,0,3,3,zero_shot_paired
3,9,0,12,60,1,0,0,0.501282811164856,0.501282811164856,0.501282811164856,0.49871718883514404,0,3,3,zero_shot_paired
3,10,0,13,60,1,1,1,0.5019625425338745,0.5019625425338745,0.4980374872684479,0.5019625425338745,0,3,3,zero_shot_paired
3,11,0,14,60,0,1,0,0.5003638863563538,0.5003638863563538,0.49963611364364624,0.5003638863563538,0,3,3,zero_shot_paired
3,12,0,15,60,1,1,1,0.502159595489502,0.502159595489502,0.49784037470817566,0.502159595489502,0,3,3,zero_shot_paired
3,13,0,16,60,0,0,1,0.502147376537323,0.502147376537323,0.502147376537323,0.4978526532649994,0,3,3,zero_shot_paired
3,14,0,17,60,1,0,0,0.5055060982704163,0.5055060982704163,0.5055060982704163,0.49449387192726135,0,3,3,zero_shot_paired
3,0,0,0,60,1,1,1,0.5015538334846497,0.5015538334846497,0.49844613671302795,0.5015538334846497,0,3,3,post_calibration
3,1,0,1,60,1,0,0,0.5036537647247314,0.5036537647247314,0.5036537647247314,0.49634626507759094,0,3,3,post_calibration
3,2,0,2,60,1,1,1,0.5018489956855774,0.5018489956855774,0.49815094470977783,0.5018489956855774,0,3,3,post_calibration
3,3,0,3,60,1,1,1,0.5023999810218811,0.5023999810218811,0.4976000189781189,0.5023999810218811,0,3,3,post_calibration
3,4,0,4,60,1,0,0,0.5029101371765137,0.5029101371765137,0.5029101371765137,0.49708986282348633,0,3,3,post_calibration
3,5,0,5,60,0,1,0,0.5021871328353882,0.5021871328353882,0.49781283736228943,0.5021871328353882,0,3,3,post_calibration
3,6,0,8,60,0,0,1,0.5015698075294495,0.5015698075294495,0.5015698075294495,0.49843019247055054,0,3,3,post_calibration
3,7,0,10,60,1,0,0,0.5011346340179443,0.5011346340179443,0.5011346340179443,0.49886539578437805,0,3,3,post_calibration
3,8,0,11,60,1,0,0,0.5039215087890625,0.5039215087890625,0.5039215087890625,0.4960784614086151,0,3,3,post_calibration
3,9,0,12,60,1,0,0,0.5010279417037964,0.5010279417037964,0.5010279417037964,0.4989720284938812,0,3,3,post_calibration
3,10,0,13,60,1,1,1,0.5020892024040222,0.5020892024040222,0.4979107677936554,0.5020892024040222,0,3,3,post_calibration
3,11,0,14,60,0,1,0,0.5008696913719177,0.5008696913719177,0.4991302788257599,0.5008696913719177,0,3,3,post_calibration
3,12,0,15,60,1,1,1,0.5025227665901184,0.5025227665901184,0.4974772036075592,0.5025227665901184,0,3,3,post_calibration
3,13,0,16,60,0,0,1,0.5019843578338623,0.5019843578338623,0.5019843578338623,0.4980156421661377,0,3,3,post_calibration
3,14,0,17,60,1,0,0,0.5056264996528625,0.5056264996528625,0.5056264996528625,0.49437350034713745,0,3,3,post_calibration
4,0,0,0,60,1,1,1,0.5012924671173096,0.5012924671173096,0.4987075626850128,0.5012924671173096,0,4,3,zero_shot_paired
4,1,0,1,60,1,0,0,0.5041868686676025,0.5041868686676025,0.5041868686676025,0.4958131015300751,0,4,3,zero_shot_paired
4,2,0,3,60,1,1,1,0.5023431777954102,0.5023431777954102,0.49765676259994507,0.5023431777954102,0,4,3,zero_shot_paired
4,3,0,4,60,1,0,0,0.5033955574035645,0.5033955574035645,0.5033955574035645,0.49660444259643555,0,4,3,zero_shot_paired
4,4,0,6,60,1,0,0,0.5022331476211548,0.5022331476211548,0.5022331476211548,0.4977668821811676,0,4,3,zero_shot_paired
4,5,0,7,60,0,0,1,0.503387987613678,0.503387987613678,0.503387987613678,0.4966120719909668,0,4,3,zero_shot_paired
4,6,0,8,60,0,0,1,0.5025195479393005,0.5025195479393005,0.5025195479393005,0.49748045206069946,0,4,3,zero_shot_paired
4,7,0,9,60,1,0,0,0.502635657787323,0.502635657787323,0.502635657787323,0.4973643124103546,0,4,3,zero_shot_paired
4,8,0,10,60,1,0,0,0.5009071230888367,0.5009071230888367,0.5009071230888367,0.4990929067134857,0,4,3,zero_shot_paired
4,9,0,11,60,1,0,0,0.5039451718330383,0.5039451718330383,0.5039451718330383,0.49605485796928406,0,4,3,zero_shot_paired
4,10,0,12,60,1,0,0,0.501282811164856,0.501282811164856,0.501282811164856,0.49871718883514404,0,4,3,zero_shot_paired
4,11,0,14,60,0,1,0,0.5003638863563538,0.5003638863563538,0.49963611364364624,0.5003638863563538,0,4,3,zero_shot_paired
4,12,0,15,60,1,1,1,0.502159595489502,0.502159595489502,0.49784037470817566,0.502159595489502,0,4,3,zero_shot_paired
4,13,0,16,60,0,0,1,0.502147376537323,0.502147376537323,0.502147376537323,0.4978526532649994,0,4,3,zero_shot_paired
4,14,0,17,60,1,0,0,0.5055060982704163,0.5055060982704163,0.5055060982704163,0.49449387192726135,0,4,3,zero_shot_paired
4,0,0,0,60,1,1,1,0.5022066235542297,0.5022066235542297,0.49779343605041504,0.5022066235542297,0,4,3,post_calibration
4,1,0,1,60,1,0,0,0.5033957958221436,0.5033957958221436,0.5033957958221436,0.49660420417785645,0,4,3,post_calibration
4,2,0,3,60,1,1,1,0.5033330917358398,0.5033330917358398,0.49666687846183777,0.5033330917358398,0,4,3,post_calibration
4,3,0,4,60,1,0,0,0.5038129091262817,0.5038129091262817,0.5038129091262817,0.49618709087371826,0,4,3,post_calibration
4,4,0,6,60,1,0,0,0.5006634593009949,0.5006634593009949,0.5006634593009949,0.49933651089668274,0,4,3,post_calibration
4,5,0,7,60,0,0,1,0.5032304525375366,0.5032304525375366,0.5032304525375366,0.49676957726478577,0,4,3,post_calibration
4,6,0,8,60,0,0,1,0.5024165511131287,0.5024165511131287,0.5024165511131287,0.49758341908454895,0,4,3,post_calibration
4,7,0,9,60,1,0,0,0.5027966499328613,0.5027966499328613,0.5027966499328613,0.4972033202648163,0,4,3,post_calibration
4,8,0,10,60,1,0,0,0.5019710063934326,0.5019710063934326,0.5019710063934326,0.498028963804245,0,4,3,post_calibration
4,9,0,11,60,1,0,0,0.5034445524215698,0.5034445524215698,0.5034445524215698,0.4965554475784302,0,4,3,post_calibration
4,10,0,12,60,1,0,0,0.5021150708198547,0.5021150708198547,0.5021150708198547,0.4978848993778229,0,4,3,post_calibration
4,11,0,14,60,0,1,0,0.501105785369873,0.501105785369873,0.49889418482780457,0.501105785369873,0,4,3,post_calibration
4,12,0,15,60,1,1,1,0.5029560327529907,0.5029560327529907,0.4970439076423645,0.5029560327529907,0,4,3,post_calibration
4,13,0,16,60,0,0,1,0.501672625541687,0.501672625541687,0.501672625541687,0.4983274042606354,0,4,3,post_calibration
4,14,0,17,60,1,0,0,0.5050018429756165,0.5050018429756165,0.5050018429756165,0.49499812722206116,0,4,3,post_calibration
5,0,0,1,60,1,0,0,0.5041868686676025,0.5041868686676025,0.5041868686676025,0.4958131015300751,0,5,3,zero_shot_paired
5,1,0,2,60,1,1,1,0.501787543296814,0.501787543296814,0.49821245670318604,0.501787543296814,0,5,3,zero_shot_paired
5,2,0,3,60,1,1,1,0.5023431777954102,0.5023431777954102,0.49765676259994507,0.5023431777954102,0,5,3,zero_shot_paired
5,3,0,4,60,1,0,0,0.5033955574035645,0.5033955574035645,0.5033955574035645,0.49660444259643555,0,5,3,zero_shot_paired
5,4,0,5,60,0,1,0,0.5030081868171692,0.5030081868171692,0.4969917833805084,0.5030081868171692,0,5,3,zero_shot_paired
5,5,0,6,60,1,0,0,0.5022331476211548,0.5022331476211548,0.5022331476211548,0.4977668821811676,0,5,3,zero_shot_paired
5,6,0,7,60,0,0,1,0.503387987613678,0.503387987613678,0.503387987613678,0.4966120719909668,0,5,3,zero_shot_paired
5,7,0,9,60,1,0,0,0.502635657787323,0.502635657787323,0.502635657787323,0.4973643124103546,0,5,3,zero_shot_paired
5,8,0,10,60,1,0,0,0.5009071230888367,0.5009071230888367,0.5009071230888367,0.4990929067134857,0,5,3,zero_shot_paired
5,9,0,12,60,1,0,0,0.501282811164856,0.501282811164856,0.501282811164856,0.49871718883514404,0,5,3,zero_shot_paired
5,10,0,13,60,1,1,1,0.5019625425338745,0.5019625425338745,0.4980374872684479,0.5019625425338745,0,5,3,zero_shot_paired
5,11,0,14,60,0,1,0,0.5003638863563538,0.5003638863563538,0.49963611364364624,0.5003638863563538,0,5,3,zero_shot_paired
5,12,0,15,60,1,1,1,0.502159595489502,0.502159595489502,0.49784037470817566,0.502159595489502,0,5,3,zero_shot_paired
5,13,0,16,60,0,0,1,0.502147376537323,0.502147376537323,0.502147376537323,0.4978526532649994,0,5,3,zero_shot_paired
5,14,0,17,60,1,0,0,0.5055060982704163,0.5055060982704163,0.5055060982704163,0.49449387192726135,0,5,3,zero_shot_paired
5,0,0,1,60,1,0,0,0.5041974782943726,0.5041974782943726,0.5041974782943726,0.49580249190330505,0,5,3,post_calibration
5,1,0,2,60,1,1,1,0.5026388764381409,0.5026388764381409,0.49736106395721436,0.5026388764381409,0,5,3,post_calibration
5,2,0,3,60,1,1,1,0.5028752684593201,0.5028752684593201,0.49712470173835754,0.5028752684593201,0,5,3,post_calibration
5,3,0,4,60,1,0,0,0.5023729205131531,0.5023729205131531,0.5023729205131531,0.4976271092891693,0,5,3,post_calibration
5,4,0,5,60,0,1,0,0.502450168132782,0.502450168132782,0.49754977226257324,0.502450168132782,0,5,3,post_calibration
5,5,0,6,60,1,0,0,0.5021282434463501,0.5021282434463501,0.5021282434463501,0.4978717565536499,0,5,3,post_calibration
5,6,0,7,60,0,0,1,0.5025733709335327,0.5025733709335327,0.5025733709335327,0.4974265992641449,0,5,3,post_calibration
5,7,0,9,60,1,0,0,0.501856803894043,0.501856803894043,0.501856803894043,0.49814316630363464,0,5,3,post_calibration
5,8,0,10,60,1,0,0,0.5010499954223633,0.5010499954223633,0.5010499954223633,0.49894997477531433,0,5,3,post_calibration
5,9,0,12,60,1,0,0,0.5008678436279297,0.5008678436279297,0.5008678436279297,0.4991321563720703,0,5,3,post_calibration
5,10,0,13,60,1,1,1,0.5022198557853699,0.5022198557853699,0.4977801740169525,0.5022198557853699,0,5,3,post_calibration
5,11,0,14,60,0,1,0,0.5008466839790344,0.5008466839790344,0.49915334582328796,0.5008466839790344,0,5,3,post_calibration
5,12,0,15,60,1,1,1,0.5025160312652588,0.5025160312652588,0.4974839389324188,0.5025160312652588,0,5,3,post_calibration
5,13,0,16,60,0,0,1,0.5018912553787231,0.5018912553787231,0.5018912553787231,0.49810877442359924,0,5,3,post_calibration
5,14,0,17,60,1,0,0,0.5056809186935425,0.5056809186935425,0.5056809186935425,0.4943190813064575,0,5,3,post_calibration
6,0,0,0,60,1,1,1,0.5012924671173096,0.5012924671173096,0.4987075626850128,0.5012924671173096,0,6,3,zero_shot_paired
6,1,0,2,60,1,1,1,0.501787543296814,0.501787543296814,0.49821245670318604,0.501787543296814,0,6,3,zero_shot_paired
6,2,0,4,60,1,0,0,0.5033955574035645,0.5033955574035645,0.5033955574035645,0.49660444259643555,0,6,3,zero_shot_paired
6,3,0,5,60,0,1,0,0.5030081868171692,0.5030081868171692,0.4969917833805084,0.5030081868171692,0,6,3,zero_shot_paired
6,4,0,6,60,1,0,0,0.5022331476211548,0.5022331476211548,0.5022331476211548,0.4977668821811676,0,6,3,zero_shot_paired
6,5,0,7,60,0,0,1,0.503387987613678,0.503387987613678,0.503387987613678,0.4966120719909668,0,6,3,zero_shot_paired
6,6,0,8,60,0,0,1,0.5025195479393005,0.5025195479393005,0.5025195479393005,0.49748045206069946,0,6,3,zero_shot_paired
6,7,0,9,60,1,0,0,0.502635657787323,0.502635657787323,0.502635657787323,0.4973643124103546,0,6,3,zero_shot_paired
6,8,0,11,60,1,0,0,0.5039451718330383,0.5039451718330383,0.5039451718330383,0.49605485796928406,0,6,3,zero_shot_paired
6,9,0,12,60,1,0,0,0.501282811164856,0.501282811164856,0.501282811164856,0.49871718883514404,0,6,3,zero_shot_paired
6,10,0,13,60,1,1,1,0.5019625425338745,0.5019625425338745,0.4980374872684479,0.5019625425338745,0,6,3,zero_shot_paired
6,11,0,14,60,0,1,0,0.5003638863563538,0.5003638863563538,0.49963611364364624,0.5003638863563538,0,6,3,zero_shot_paired
6,12,0,15,60,1,1,1,0.502159595489502,0.502159595489502,0.49784037470817566,0.502159595489502,0,6,3,zero_shot_paired
6,13,0,16,60,0,0,1,0.502147376537323,0.502147376537323,0.502147376537323,0.4978526532649994,0,6,3,zero_shot_paired
6,14,0,17,60,1,0,0,0.5055060982704163,0.5055060982704163,0.5055060982704163,0.49449387192726135,0,6,3,zero_shot_paired
6,0,0,0,60,1,1,1,0.5018836855888367,0.5018836855888367,0.4981163740158081,0.5018836855888367,0,6,3,post_calibration
6,1,0,2,60,1,1,1,0.5054075717926025,0.5054075717926025,0.49459245800971985,0.5054075717926025,0,6,3,post_calibration
6,2,0,4,60,1,0,0,0.5041896104812622,0.5041896104812622,0.5041896104812622,0.4958104193210602,0,6,3,post_calibration
6,3,0,5,60,0,1,0,0.5039756894111633,0.5039756894111633,0.49602431058883667,0.5039756894111633,0,6,3,post_calibration
6,4,0,6,60,1,1,1,0.5022555589675903,0.5022555589675903,0.4977444112300873,0.5022555589675903,0,6,3,post_calibration
6,5,0,7,60,0,0,1,0.5002360343933105,0.5002360343933105,0.5002360343933105,0.49976399540901184,0,6,3,post_calibration
6,6,0,8,60,0,0,1,0.5001420378684998,0.5001420378684998,0.5001420378684998,0.499858021736145,0,6,3,post_calibration
6,7,0,9,60,1,0,0,0.503838062286377,0.503838062286377,0.503838062286377,0.49616193771362305,0,6,3,post_calibration
6,8,0,11,60,1,0,0,0.5032429099082947,0.5032429099082947,0.5032429099082947,0.4967571496963501,0,6,3,post_calibration
6,9,0,12,60,1,0,0,0.5027852654457092,0.5027852654457092,0.5027852654457092,0.49721476435661316,0,6,3,post_calibration
6,10,0,13,60,1,1,1,0.5032764673233032,0.5032764673233032,0.4967235326766968,0.5032764673233032,0,6,3,post_calibration
6,11,0,14,60,0,0,1,0.50039142370224,0.50039142370224,0.50039142370224,0.4996086061000824,0,6,3,post_calibration
6,12,0,15,60,1,1,1,0.5041823387145996,0.5041823387145996,0.4958176910877228,0.5041823387145996,0,6,3,post_calibration
6,13,0,16,60,0,0,1,0.500394880771637,0.500394880771637,0.500394880771637,0.4996051490306854,0,6,3,post_calibration
6,14,0,17,60,1,0,0,0.5041139125823975,0.5041139125823975,0.5041139125823975,0.49588605761528015,0,6,3,post_calibration
7,0,0,0,60,1,1,1,0.5012924671173096,0.5012924671173096,0.4987075626850128,0.5012924671173096,0,1,6,zero_shot_paired
7,1,0,1,60,1,0,0,0.5041868686676025,0.5041868686676025,0.5041868686676025,0.4958131015300751,0,1,6,zero_shot_paired
7,2,0,3,60,1,1,1,0.5023431777954102,0.5023431777954102,0.49765676259994507,0.5023431777954102,0,1,6,zero_shot_paired
7,3,0,5,60,0,1,0,0.5030081868171692,0.5030081868171692,0.4969917833805084,0.5030081868171692,0,1,6,zero_shot_paired
7,4,0,6,60,1,0,0,0.5022331476211548,0.5022331476211548,0.5022331476211548,0.4977668821811676,0,1,6,zero_shot_paired
7,5,0,8,60,0,0,1,0.5025195479393005,0.5025195479393005,0.5025195479393005,0.49748045206069946,0,1,6,zero_shot_paired
7,6,0,9,60,1,0,0,0.502635657787323,0.502635657787323,0.502635657787323,0.4973643124103546,0,1,6,zero_shot_paired
7,7,0,10,60,1,0,0,0.5009071230888367,0.5009071230888367,0.5009071230888367,0.4990929067134857,0,1,6,zero_shot_paired
7,8,0,11,60,1,0,0,0.5039451718330383,0.5039451718330383,0.5039451718330383,0.49605485796928406,0,1,6,zero_shot_paired
7,9,0,14,60,0,1,0,0.5003638863563538,0.5003638863563538,0.49963611364364624,0.5003638863563538,0,1,6,zero_shot_paired
7,10,0,15,60,1,1,1,0.502159595489502,0.502159595489502,0.49784037470817566,0.502159595489502,0,1,6,zero_shot_paired
7,11,0,17,60,1,0,0,0.5055060982704163,0.5055060982704163,0.5055060982704163,0.49449387192726135,0,1,6,zero_shot_paired
7,0,0,0,60,1,1,1,0.5018748641014099,0.5018748641014099,0.4981251358985901,0.5018748641014099,0,1,6,post_calibration
7,1,0,1,60,1,0,0,0.5065367221832275,0.5065367221832275,0.5065367221832275,0.4934632480144501,0,1,6,post_calibration
7,2,0,3,60,1,1,1,0.5020749568939209,0.5020749568939209,0.4979250431060791,0.5020749568939209,0,1,6,post_calibration
7,3,0,5,60,0,1,0,0.5019981265068054,0.5019981265068054,0.4980018734931946,0.5019981265068054,0,1,6,post_calibration
7,4,0,6,60,1,0,0,0.5022639632225037,0.5022639632225037,0.5022639632225037,0.49773600697517395,0,1,6,post_calibration
7,5,0,8,60,0,0,1,0.5014467835426331,0.5014467835426331,0.5014467835426331,0.49855324625968933,0,1,6,post_calibration
7,6,0,9,60,1,0,0,0.500882625579834,0.500882625579834,0.500882625579834,0.4991174042224884,0,1,6,post_calibration
7,7,0,10,60,1,0,0,0.501534640789032,0.501534640789032,0.501534640789032,0.49846532940864563,0,1,6,post_calibration
7,8,0,11,60,1,0,0,0.5019190907478333,0.5019190907478333,0.5019190907478333,0.49808090925216675,0,1,6,post_calibration
7,9,0,14,60,0,1,0,0.5020727515220642,0.5020727515220642,0.49792730808258057,0.5020727515220642,0,1,6,post_calibration
7,10,0,15,60,1,1,1,0.5022474527359009,0.5022474527359009,0.4977525472640991,0.5022474527359009,0,1,6,post_calibration
7,11,0,17,60,1,0,0,0.5060429573059082,0.5060429573059082,0.5060429573059082,0.4939570724964142,0,1,6,post_calibration
8,0,0,1,60,1,0,0,0.5041868686676025,0.5041868686676025,0.5041868686676025,0.4958131015300751,0,2,6,zero_shot_paired
8,1,0,2,60,1,1,1,0.501787543296814,0.501787543296814,0.49821245670318604,0.501787543296814,0,2,6,zero_shot_paired
8,2,0,4,60,1,0,0,0.5033955574035645,0.5033955574035645,0.5033955574035645,0.49660444259643555,0,2,6,zero_shot_paired
8,3,0,5,60,0,1,0,0.5030081868171692,0.5030081868171692,0.4969917833805084,0.5030081868171692,0,2,6,zero_shot_paired
8,4,0,6,60,1,0,0,0.5022331476211548,0.5022331476211548,0.5022331476211548,0.4977668821811676,0,2,6,zero_shot_paired
8,5,0,7,60,0,0,1,0.503387987613678,0.503387987613678,0.503387987613678,0.4966120719909668,0,2,6,zero_shot_paired
8,6,0,12,60,1,0,0,0.501282811164856,0.501282811164856,0.501282811164856,0.49871718883514404,0,2,6,zero_shot_paired
8,7,0,13,60,1,1,1,0.5019625425338745,0.5019625425338745,0.4980374872684479,0.5019625425338745,0,2,6,zero_shot_paired
8,8,0,14,60,0,1,0,0.5003638863563538,0.5003638863563538,0.49963611364364624,0.5003638863563538,0,2,6,zero_shot_paired
8,9,0,15,60,1,1,1,0.502159595489502,0.502159595489502,0.49784037470817566,0.502159595489502,0,2,6,zero_shot_paired
8,10,0,16,60,0,0,1,0.502147376537323,0.502147376537323,0.502147376537323,0.4978526532649994,0,2,6,zero_shot_paired
8,11,0,17,60,1,0,0,0.5055060982704163,0.5055060982704163,0.5055060982704163,0.49449387192726135,0,2,6,zero_shot_paired
8,0,0,1,60,1,0,0,0.5051326155662537,0.5051326155662537,0.5051326155662537,0.49486738443374634,0,2,6,post_calibration
8,1,0,2,60,1,1,1,0.503545880317688,0.503545880317688,0.496454119682312,0.503545880317688,0,2,6,post_calibration
8,2,0,4,60,1,0,0,0.501712441444397,0.501712441444397,0.501712441444397,0.49828752875328064,0,2,6,post_calibration
8,3,0,5,60,0,1,0,0.5032516121864319,0.5032516121864319,0.49674832820892334,0.5032516121864319,0,2,6,post_calibration
8,4,0,6,60,1,0,0,0.5030386447906494,0.5030386447906494,0.5030386447906494,0.4969613552093506,0,2,6,post_calibration
8,5,0,7,60,0,0,1,0.5006529688835144,0.5006529688835144,0.5006529688835144,0.4993469715118408,0,2,6,post_calibration
8,6,0,12,60,1,1,1,0.5016191005706787,0.5016191005706787,0.4983809292316437,0.5016191005706787,0,2,6,post_calibration
8,7,0,13,60,1,1,1,0.502453625202179,0.502453625202179,0.49754637479782104,0.502453625202179,0,2,6,post_calibration
8,8,0,14,60,0,1,0,0.5016595125198364,0.5016595125198364,0.49834051728248596,0.5016595125198364,0,2,6,post_calibration
8,9,0,15,60,1,1,1,0.5017102360725403,0.5017102360725403,0.49828973412513733,0.5017102360725403,0,2,6,post_calibration
8,10,0,16,60,0,0,1,0.5024480223655701,0.5024480223655701,0.5024480223655701,0.4975520074367523,0,2,6,post_calibration
8,11,0,17,60,1,0,0,0.5065439939498901,0.5065439939498901,0.5065439939498901,0.4934559762477875,0,2,6,post_calibration
9,0,0,0,60,1,1,1,0.5012924671173096,0.5012924671173096,0.4987075626850128,0.5012924671173096,0,3,6,zero_shot_paired
9,1,0,2,60,1,1,1,0.501787543296814,0.501787543296814,0.49821245670318604,0.501787543296814,0,3,6,zero_shot_paired
9,2,0,3,60,1,1,1,0.5023431777954102,0.5023431777954102,0.49765676259994507,0.5023431777954102,0,3,6,zero_shot_paired
9,3,0,4,60,1,0,0,0.5033955574035645,0.5033955574035645,0.5033955574035645,0.49660444259643555,0,3,6,zero_shot_paired
9,4,0,7,60,0,0,1,0.503387987613678,0.503387987613678,0.503387987613678,0.4966120719909668,0,3,6,zero_shot_paired
9,5,0,8,60,0,0,1,0.5025195479393005,0.5025195479393005,0.5025195479393005,0.49748045206069946,0,3,6,zero_shot_paired
9,6,0,9,60,1,0,0,0.502635657787323,0.502635657787323,0.502635657787323,0.4973643124103546,0,3,6,zero_shot_paired
9,7,0,10,60,1,0,0,0.5009071230888367,0.5009071230888367,0.5009071230888367,0.4990929067134857,0,3,6,zero_shot_paired
9,8,0,11,60,1,0,0,0.5039451718330383,0.5039451718330383,0.5039451718330383,0.49605485796928406,0,3,6,zero_shot_paired
9,9,0,12,60,1,0,0,0.501282811164856,0.501282811164856,0.501282811164856,0.49871718883514404,0,3,6,zero_shot_paired
9,10,0,13,60,1,1,1,0.5019625425338745,0.5019625425338745,0.4980374872684479,0.5019625425338745,0,3,6,zero_shot_paired
9,11,0,16,60,0,0,1,0.502147376537323,0.502147376537323,0.502147376537323,0.4978526532649994,0,3,6,zero_shot_paired
9,0,0,0,60,1,1,1,0.5022045969963074,0.5022045969963074,0.49779534339904785,0.5022045969963074,0,3,6,post_calibration
9,1,0,2,60,1,1,1,0.5037500858306885,0.5037500858306885,0.49624988436698914,0.5037500858306885,0,3,6,post_calibration
9,2,0,3,60,1,1,1,0.5051621198654175,0.5051621198654175,0.4948379099369049,0.5051621198654175,0,3,6,post_calibration
9,3,0,4,60,1,0,0,0.502886176109314,0.502886176109314,0.502886176109314,0.49711382389068604,0,3,6,post_calibration
9,4,0,7,60,0,0,1,0.5026081800460815,0.5026081800460815,0.5026081800460815,0.49739181995391846,0,3,6,post_calibration
9,5,0,8,60,0,0,1,0.5006752014160156,0.5006752014160156,0.5006752014160156,0.4993247985839844,0,3,6,post_calibration
9,6,0,9,60,1,0,0,0.5038032531738281,0.5038032531738281,0.5038032531738281,0.49619680643081665,0,3,6,post_calibration
9,7,0,10,60,1,0,0,0.5017163753509521,0.5017163753509521,0.5017163753509521,0.49828365445137024,0,3,6,post_calibration
9,8,0,11,60,1,0,0,0.5037013292312622,0.5037013292312622,0.5037013292312622,0.4962986409664154,0,3,6,post_calibration
9,9,0,12,60,1,0,0,0.5023742914199829,0.5023742914199829,0.5023742914199829,0.4976256787776947,0,3,6,post_calibration
9,10,0,13,60,1,1,1,0.5038227438926697,0.5038227438926697,0.4961772561073303,0.5038227438926697,0,3,6,post_calibration
9,11,0,16,60,0,1,0,0.5000582933425903,0.5000582933425903,0.49994173645973206,0.5000582933425903,0,3,6,post_calibration
10,0,0,0,60,1,1,1,0.5012925863265991,0.5012925863265991,0.4987074136734009,0.5012925863265991,0,1,9,zero_shot_paired
10,1,0,1,60,1,0,0,0.5041870474815369,0.5041870474815369,0.5041870474815369,0.49581295251846313,0,1,9,zero_shot_paired
10,2,0,3,60,1,1,1,0.5023430585861206,0.5023430585861206,0.4976569414138794,0.5023430585861206,0,1,9,zero_shot_paired
10,3,0,4,60,1,0,0,0.503395676612854,0.503395676612854,0.503395676612854,0.496604323387146,0,1,9,zero_shot_paired
10,4,0,5,60,0,1,0,0.5030079483985901,0.5030079483985901,0.4969920217990875,0.5030079483985901,0,1,9,zero_shot_paired
10,5,0,9,60,1,0,0,0.5026355981826782,0.5026355981826782,0.5026355981826782,0.4973643720149994,0,1,9,zero_shot_paired
10,6,0,10,60,1,0,0,0.5009070038795471,0.5009070038795471,0.5009070038795471,0.4990929961204529,0,1,9,zero_shot_paired
10,7,0,11,60,1,0,0,0.5039452910423279,0.5039452910423279,0.5039452910423279,0.4960547387599945,0,1,9,zero_shot_paired
10,8,0,16,60,0,0,1,0.502147376537323,0.502147376537323,0.502147376537323,0.4978526532649994,0,1,9,zero_shot_paired
10,0,0,0,60,1,1,1,0.5022388100624084,0.5022388100624084,0.49776118993759155,0.5022388100624084,0,1,9,post_calibration
10,1,0,1,60,1,0,0,0.5018608570098877,0.5018608570098877,0.5018608570098877,0.4981391727924347,0,1,9,post_calibration
10,2,0,3,60,1,1,1,0.5045937895774841,0.5045937895774841,0.49540621042251587,0.5045937895774841,0,1,9,post_calibration
10,3,0,4,60,1,0,0,0.5028566122055054,0.5028566122055054,0.5028566122055054,0.49714332818984985,0,1,9,post_calibration
10,4,0,5,60,0,1,0,0.5035544037818909,0.5035544037818909,0.49644559621810913,0.5035544037818909,0,1,9,post_calibration
10,5,0,9,60,1,0,0,0.5027437210083008,0.5027437210083008,0.5027437210083008,0.4972563087940216,0,1,9,post_calibration
10,6,0,10,60,1,0,0,0.5024088621139526,0.5024088621139526,0.5024088621139526,0.497591108083725,0,1,9,post_calibration
10,7,0,11,60,1,0,0,0.5034882426261902,0.5034882426261902,0.5034882426261902,0.4965117275714874,0,1,9,post_calibration
10,8,0,16,60,0,1,0,0.5002877712249756,0.5002877712249756,0.4997122585773468,0.5002877712249756,0,1,9,post_calibration
11,0,0,2,60,1,1,1,0.5017876625061035,0.5017876625061035,0.4982123076915741,0.5017876625061035,0,2,9,zero_shot_paired
11,1,0,6,60,1,0,0,0.5022332072257996,0.5022332072257996,0.5022332072257996,0.4977668523788452,0,2,9,zero_shot_paired
11,2,0,7,60,0,0,1,0.5033878684043884,0.5033878684043884,0.5033878684043884,0.49661219120025635,0,2,9,zero_shot_paired
11,3,0,8,60,0,0,1,0.5025195479393005,0.5025195479393005,0.5025195479393005,0.49748045206069946,0,2,9,zero_shot_paired
11,4,0,12,60,1,0,0,0.5012831091880798,0.5012831091880798,0.5012831091880798,0.49871689081192017,0,2,9,zero_shot_paired
11,5,0,13,60,1,1,1,0.5019625425338745,0.5019625425338745,0.4980374872684479,0.5019625425338745,0,2,9,zero_shot_paired
11,6,0,14,60,0,1,0,0.5003637671470642,0.5003637671470642,0.4996362328529358,0.5003637671470642,0,2,9,zero_shot_paired
11,7,0,15,60,1,1,1,0.5021596550941467,0.5021596550941467,0.49784034490585327,0.5021596550941467,0,2,9,zero_shot_paired
11,8,0,17,60,1,0,0,0.5055062174797058,0.5055062174797058,0.5055062174797058,0.4944938123226166,0,2,9,zero_shot_paired
11,0,0,2,60,1,1,1,0.5030226111412048,0.5030226111412048,0.49697744846343994,0.5030226111412048,0,2,9,post_calibration
11,1,0,6,60,1,0,0,0.5006998777389526,0.5006998777389526,0.5006998777389526,0.4993000626564026,0,2,9,post_calibration
11,2,0,7,60,0,0,1,0.5017114877700806,0.5017114877700806,0.5017114877700806,0.49828848242759705,0,2,9,post_calibration
11,3,0,8,60,0,1,0,0.5004594326019287,0.5004594326019287,0.4995405673980713,0.5004594326019287,0,2,9,post_calibration
11,4,0,12,60,1,0,0,0.5007293224334717,0.5007293224334717,0.5007293224334717,0.49927064776420593,0,2,9,post_calibration
11,5,0,13,60,1,1,1,0.5025020837783813,0.5025020837783813,0.49749788641929626,0.5025020837783813,0,2,9,post_calibration
11,6,0,14,60,0,1,0,0.5022220015525818,0.5022220015525818,0.4977779686450958,0.5022220015525818,0,2,9,post_calibration
11,7,0,15,60,1,1,1,0.5020506381988525,0.5020506381988525,0.49794942140579224,0.5020506381988525,0,2,9,post_calibration
11,8,0,17,60,1,0,0,0.5065774917602539,0.5065774917602539,0.5065774917602539,0.4934224784374237,0,2,9,post_calibration
12,0,0,3,60,1,1,1,0.5023435950279236,0.5023435950279236,0.4976564049720764,0.5023435950279236,0,1,12,zero_shot_paired
12,1,0,4,60,1,0,0,0.5033950209617615,0.5033950209617615,0.5033950209617615,0.49660494923591614,0,1,12,zero_shot_paired
12,2,0,9,60,1,0,0,0.502635657787323,0.502635657787323,0.502635657787323,0.4973643720149994,0,1,12,zero_shot_paired
12,3,0,10,60,1,0,0,0.5009097456932068,0.5009097456932068,0.5009097456932068,0.4990902543067932,0,1,12,zero_shot_paired
12,4,0,14,60,0,1,0,0.5003624558448792,0.5003624558448792,0.49963754415512085,0.5003624558448792,0,1,12,zero_shot_paired
12,5,0,16,60,0,0,1,0.5021453499794006,0.5021453499794006,0.5021453499794006,0.497854620218277,0,1,12,zero_shot_paired
12,0,0,3,60,1,1,1,0.505122721195221,0.505122721195221,0.49487733840942383,0.505122721195221,0,1,12,post_calibration
12,1,0,4,60,1,0,0,0.502517580986023,0.502517580986023,0.502517580986023,0.49748241901397705,0,1,12,post_calibration
12,2,0,9,60,1,0,0,0.5025984048843384,0.5025984048843384,0.5025984048843384,0.4974015951156616,0,1,12,post_calibration
12,3,0,10,60,1,0,0,0.5033211708068848,0.5033211708068848,0.5033211708068848,0.49667882919311523,0,1,12,post_calibration
12,4,0,14,60,0,1,0,0.5021100044250488,0.5021100044250488,0.49788999557495117,0.5021100044250488,0,1,12,post_calibration
12,5,0,16,60,0,1,0,0.5008249878883362,0.5008249878883362,0.4991750121116638,0.5008249878883362,0,1,12,post_calibration
13,0,0,0,60,1,1,1,0.5012934803962708,0.5012934803962708,0.49870648980140686,0.5012934803962708,0,2,12,zero_shot_paired
13,1,0,4,60,1,0,0,0.5033950209617615,0.5033950209617615,0.5033950209617615,0.49660494923591614,0,2,12,zero_shot_paired
13,2,0,5,60,0,1,0,0.5030086040496826,0.5030086040496826,0.49699142575263977,0.5030086040496826,0,2,12,zero_shot_paired
13,3,0,12,60,1,0,0,0.5012829303741455,0.5012829303741455,0.5012829303741455,0.4987170994281769,0,2,12,zero_shot_paired
13,4,0,14,60,0,1,0,0.5003624558448792,0.5003624558448792,0.49963754415512085,0.5003624558448792,0,2,12,zero_shot_paired
13,5,0,17,60,1,0,0,0.5055040717124939,0.5055040717124939,0.5055040717124939,0.4944959282875061,0,2,12,zero_shot_paired
13,0,0,0,60,1,1,1,0.5016709566116333,0.5016709566116333,0.4983290433883667,0.5016709566116333,0,2,12,post_calibration
13,1,0,4,60,1,0,0,0.5029680728912354,0.5029680728912354,0.5029680728912354,0.49703192710876465,0,2,12,post_calibration
13,2,0,5,60,0,1,0,0.5044392943382263,0.5044392943382263,0.4955606460571289,0.5044392943382263,0,2,12,post_calibration
13,3,0,12,60,1,0,0,0.5012679696083069,0.5012679696083069,0.5012679696083069,0.4987320601940155,0,2,12,post_calibration
13,4,0,14,60,0,1,0,0.5009689331054688,0.5009689331054688,0.49903106689453125,0.5009689331054688,0,2,12,post_calibration
13,5,0,17,60,1,0,0,0.5047363042831421,0.5047363042831421,0.5047363042831421,0.4952637553215027,0,2,12,post_calibration
14,0,0,1,60,1,0,0,0.5041871070861816,0.5041871070861816,0.5041871070861816,0.49581286311149597,0,3,12,zero_shot_paired
14,1,0,2,60,1,1,1,0.5017865896224976,0.5017865896224976,0.49821341037750244,0.5017865896224976,0,3,12,zero_shot_paired
14,2,0,7,60,0,0,1,0.5033893585205078,0.5033893585205078,0.5033893585205078,0.4966106116771698,0,3,12,zero_shot_paired
14,3,0,10,60,1,0,0,0.5009097456932068,0.5009097456932068,0.5009097456932068,0.4990902543067932,0,3,12,zero_shot_paired
14,4,0,11,60,1,0,0,0.503943145275116,0.503943145275116,0.503943145275116,0.4960569143295288,0,3,12,zero_shot_paired
14,5,0,16,60,0,0,1,0.5021453499794006,0.5021453499794006,0.5021453499794006,0.497854620218277,0,3,12,zero_shot_paired
14,0,0,1,60,1,0,0,0.5038195848464966,0.5038195848464966,0.5038195848464966,0.49618038535118103,0,3,12,post_calibration
14,1,0,2,60,1,1,1,0.5027744174003601,0.5027744174003601,0.4972255527973175,0.5027744174003601,0,3,12,post_calibration
14,2,0,7,60,0,0,1,0.50238436460495,0.50238436460495,0.50238436460495,0.49761563539505005,0,3,12,post_calibration
14,3,0,10,60,1,0,0,0.5021690130233765,0.5021690130233765,0.5021690130233765,0.49783095717430115,0,3,12,post_calibration
14,4,0,11,60,1,0,0,0.5017244219779968,0.5017244219779968,0.5017244219779968,0.4982755184173584,0,3,12,post_calibration
14,5,0,16,60,0,0,1,0.5005671381950378,0.5005671381950378,0.5005671381950378,0.49943283200263977,0,3,12,post_calibration
2,0,1,0,60,1,0,0,0.5012659430503845,0.5012659430503845,0.5012659430503845,0.4987340569496155,1,,,zero_shot_all_trials
2,1,1,1,60,0,1,0,0.5002251267433167,0.5002251267433167,0.49977487325668335,0.5002251267433167,1,,,zero_shot_all_trials
2,2,1,2,60,1,1,1,0.5016567707061768,0.5016567707061768,0.49834319949150085,0.5016567707061768,1,,,zero_shot_all_trials
2,3,1,3,60,0,0,1,0.5022860169410706,0.5022860169410706,0.5022860169410706,0.49771398305892944,1,,,zero_shot_all_trials
2,4,1,4,60,0,1,0,0.5032946467399597,0.5032946467399597,0.49670538306236267,0.5032946467399597,1,,,zero_shot_all_trials
2,5,1,5,60,0,0,1,0.5004924535751343,0.5004924535751343,0.5004924535751343,0.4995075464248657,1,,,zero_shot_all_trials
2,6,1,6,60,1,1,1,0.5002452731132507,0.5002452731132507,0.49975472688674927,0.5002452731132507,1,,,zero_shot_all_trials
2,7,1,7,60,0,1,0,0.5037591457366943,0.5037591457366943,0.49624091386795044,0.5037591457366943,1,,,zero_shot_all_trials
2,8,1,8,60,0,0,1,0.5015712380409241,0.5015712380409241,0.5015712380409241,0.4984287619590759,1,,,zero_shot_all_trials
2,9,1,9,60,0,1,0,0.5012262463569641,0.5012262463569641,0.4987737536430359,0.5012262463569641,1,,,zero_shot_all_trials
2,10,1,10,60,1,0,0,0.5020769834518433,0.5020769834518433,0.5020769834518433,0.4979230463504791,1,,,zero_shot_all_trials
2,11,1,11,60,1,1,1,0.5001721382141113,0.5001721382141113,0.49982786178588867,0.5001721382141113,1,,,zero_shot_all_trials
2,12,1,12,60,1,1,1,0.504004955291748,0.504004955291748,0.49599501490592957,0.504004955291748,1,,,zero_shot_all_trials
2,13,1,13,60,0,1,0,0.5003888010978699,0.5003888010978699,0.4996111989021301,0.5003888010978699,1,,,zero_shot_all_trials
2,14,1,14,60,0,0,1,0.5022924542427063,0.5022924542427063,0.5022924542427063,0.4977075755596161,1,,,zero_shot_all_trials
2,15,1,15,60,0,0,1,0.501790463924408,0.501790463924408,0.501790463924408,0.49820953607559204,1,,,zero_shot_all_trials
2,16,1,16,60,0,1,0,0.5006518959999084,0.5006518959999084,0.49934807419776917,0.5006518959999084,1,,,zero_shot_all_trials
2,17,1,17,60,1,0,0,0.5032927393913269,0.5032927393913269,0.5032927393913269,0.4967072606086731,1,,,zero_shot_all_trials
15,0,1,0,60,1,0,0,0.5012659430503845,0.5012659430503845,0.5012659430503845,0.4987340569496155,1,1,3,zero_shot_paired
15,1,1,1,60,0,1,0,0.5002251863479614,0.5002251863479614,0.49977487325668335,0.5002251863479614,1,1,3,zero_shot_paired
15,2,1,2,60,1,1,1,0.5016566514968872,0.5016566514968872,0.4983433187007904,0.5016566514968872,1,1,3,zero_shot_paired
15,3,1,3,60,0,0,1,0.5022859573364258,0.5022859573364258,0.5022859573364258,0.4977140426635742,1,1,3,zero_shot_paired
15,4,1,4,60,0,1,0,0.5032946467399597,0.5032946467399597,0.4967053234577179,0.5032946467399597,1,1,3,zero_shot_paired
15,5,1,5,60,0,0,1,0.5004926919937134,0.5004926919937134,0.5004926919937134,0.499507337808609,1,1,3,zero_shot_paired
15,6,1,6,60,1,1,1,0.500245213508606,0.500245213508606,0.49975475668907166,0.500245213508606,1,1,3,zero_shot_paired
15,7,1,9,60,0,1,0,0.5012259483337402,0.5012259483337402,0.49877405166625977,0.5012259483337402,1,1,3,zero_shot_paired
15,8,1,11,60,1,1,1,0.5001721382141113,0.5001721382141113,0.49982786178588867,0.5001721382141113,1,1,3,zero_shot_paired
15,9,1,12,60,1,1,1,0.504004955291748,0.504004955291748,0.49599507451057434,0.504004955291748,1,1,3,zero_shot_paired
15,10,1,13,60,0,1,0,0.5003888010978699,0.5003888010978699,0.4996112287044525,0.5003888010978699,1,1,3,zero_shot_paired
15,11,1,14,60,0,0,1,0.5022923946380615,0.5022923946380615,0.5022923946380615,0.49770766496658325,1,1,3,zero_shot_paired
15,12,1,15,60,0,0,1,0.5017904043197632,0.5017904043197632,0.5017904043197632,0.4982095956802368,1,1,3,zero_shot_paired
15,13,1,16,60,0,1,0,0.5006518959999084,0.5006518959999084,0.49934807419776917,0.5006518959999084,1,1,3,zero_shot_paired
15,14,1,17,60,1,0,0,0.5032927393913269,0.5032927393913269,0.5032927393913269,0.4967072606086731,1,1,3,zero_shot_paired
15,0,1,0,60,1,0,0,0.5011062622070312,0.5011062622070312,0.5011062622070312,0.49889370799064636,1,1,3,post_calibration
15,1,1,1,60,0,0,1,0.500502347946167,0.500502347946167,0.500502347946167,0.499497652053833,1,1,3,post_calibration
15,2,1,2,60,1,1,1,0.5015023350715637,0.5015023350715637,0.4984976649284363,0.5015023350715637,1,1,3,post_calibration
15,3,1,3,60,0,0,1,0.5014674067497253,0.5014674067497253,0.5014674067497253,0.49853262305259705,1,1,3,post_calibration
15,4,1,4,60,0,1,0,0.5032340884208679,0.5032340884208679,0.49676594138145447,0.5032340884208679,1,1,3,post_calibration
15,5,1,5,60,0,0,1,0.5007521510124207,0.5007521510124207,0.5007521510124207,0.49924781918525696,1,1,3,post_calibration
15,6,1,6,60,1,1,1,0.5000430345535278,0.5000430345535278,0.4999569356441498,0.5000430345535278,1,1,3,post_calibration
15,7,1,9,60,0,1,0,0.5012087821960449,0.5012087821960449,0.4987912178039551,0.5012087821960449,1,1,3,post_calibration
15,8,1,11,60,1,0,0,0.5000592470169067,0.5000592470169067,0.5000592470169067,0.49994078278541565,1,1,3,post_calibration
15,9,1,12,60,1,1,1,0.5038902163505554,0.5038902163505554,0.49610981345176697,0.5038902163505554,1,1,3,post_calibration
15,10,1,13,60,0,1,0,0.5000578165054321,0.5000578165054321,0.4999421536922455,0.5000578165054321,1,1,3,post_calibration
15,11,1,14,60,0,0,1,0.5024080276489258,0.5024080276489258,0.5024080276489258,0.4975919723510742,1,1,3,post_calibration
15,12,1,15,60,0,0,1,0.501334547996521,0.501334547996521,0.501334547996521,0.4986655116081238,1,1,3,post_calibration
15,13,1,16,60,0,1,0,0.5002414584159851,0.5002414584159851,0.4997585415840149,0.5002414584159851,1,1,3,post_calibration
15,14,1,17,60,1,0,0,0.5031535029411316,0.5031535029411316,0.5031535029411316,0.4968465268611908,1,1,3,post_calibration
16,0,1,0,60,1,0,0,0.5012659430503845,0.5012659430503845,0.5012659430503845,0.4987340569496155,1,2,3,zero_shot_paired
16,1,1,1,60,0,1,0,0.5002251863479614,0.5002251863479614,0.49977487325668335,0.5002251863479614,1,2,3,zero_shot_paired
16,2,1,4,60,0,1,0,0.5032946467399597,0.5032946467399597,0.4967053234577179,0.5032946467399597,1,2,3,zero_shot_paired
16,3,1,6,60,1,1,1,0.500245213508606,0.500245213508606,0.49975475668907166,0.500245213508606,1,2,3,zero_shot_paired
16,4,1,7,60,0,1,0,0.5037591457366943,0.5037591457366943,0.49624088406562805,0.5037591457366943,1,2,3,zero_shot_paired
16,5,1,8,60,0,0,1,0.5015712380409241,0.5015712380409241,0.5015712380409241,0.4984287917613983,1,2,3,zero_shot_paired
16,6,1,9,60,0,1,0,0.5012259483337402,0.5012259483337402,0.49877405166625977,0.5012259483337402,1,2,3,zero_shot_paired
16,7,1,10,60,1,0,0,0.5020769238471985,0.5020769238471985,0.5020769238471985,0.4979230463504791,1,2,3,zero_shot_paired
16,8,1,11,60,1,1,1,0.5001721382141113,0.5001721382141113,0.49982786178588867,0.5001721382141113,1,2,3,zero_shot_paired
16,9,1,12,60,1,1,1,0.504004955291748,0.504004955291748,0.49599507451057434,0.504004955291748,1,2,3,zero_shot_paired
16,10,1,13,60,0,1,0,0.5003888010978699,0.5003888010978699,0.4996112287044525,0.5003888010978699,1,2,3,zero_shot_paired
16,11,1,14,60,0,0,1,0.5022923946380615,0.5022923946380615,0.5022923946380615,0.49770766496658325,1,2,3,zero_shot_paired
16,12,1,15,60,0,0,1,0.5017904043197632,0.5017904043197632,0.5017904043197632,0.4982095956802368,1,2,3,zero_shot_paired
16,13,1,16,60,0,1,0,0.5006518959999084,0.5006518959999084,0.49934807419776917,0.5006518959999084,1,2,3,zero_shot_paired
16,14,1,17,60,1,0,0,0.5032927393913269,0.5032927393913269,0.5032927393913269,0.4967072606086731,1,2,3,zero_shot_paired
16,0,1,0,60,1,0,0,0.5025222897529602,0.5025222897529602,0.5025222897529602,0.4974777102470398,1,2,3,post_calibration
16,1,1,1,60,0,1,0,0.5002197027206421,0.5002197027206421,0.4997802972793579,0.5002197027206421,1,2,3,post_calibration
16,2,1,4,60,0,1,0,0.5029540061950684,0.5029540061950684,0.49704599380493164,0.5029540061950684,1,2,3,post_calibration
16,3,1,6,60,1,1,1,0.5009482502937317,0.5009482502937317,0.4990517795085907,0.5009482502937317,1,2,3,post_calibration
16,4,1,7,60,0,1,0,0.5044761896133423,0.5044761896133423,0.4955237805843353,0.5044761896133423,1,2,3,post_calibration
16,5,1,8,60,0,0,1,0.5009671449661255,0.5009671449661255,0.5009671449661255,0.4990328550338745,1,2,3,post_calibration
16,6,1,9,60,0,1,0,0.5018163323402405,0.5018163323402405,0.49818363785743713,0.5018163323402405,1,2,3,post_calibration
16,7,1,10,60,1,0,0,0.5014094710350037,0.5014094710350037,0.5014094710350037,0.49859049916267395,1,2,3,post_calibration
16,8,1,11,60,1,0,0,0.5004573464393616,0.5004573464393616,0.5004573464393616,0.4995426535606384,1,2,3,post_calibration
16,9,1,12,60,1,1,1,0.5030768513679504,0.5030768513679504,0.49692320823669434,0.5030768513679504,1,2,3,post_calibration
16,10,1,13,60,0,1,0,0.5007107853889465,0.5007107853889465,0.4992891848087311,0.5007107853889465,1,2,3,post_calibration
16,11,1,14,60,0,0,1,0.5020555853843689,0.5020555853843689,0.5020555853843689,0.4979444444179535,1,2,3,post_calibration
16,12,1,15,60,0,0,1,0.5019090175628662,0.5019090175628662,0.5019090175628662,0.4980909526348114,1,2,3,post_calibration
16,13,1,16,60,0,1,0,0.5011391043663025,0.5011391043663025,0.49886083602905273,0.5011391043663025,1,2,3,post_calibration
16,14,1,17,60,1,0,0,0.503872811794281,0.503872811794281,0.503872811794281,0.4961271286010742,1,2,3,post_calibration
17,0,1,0,60,1,0,0,0.5012659430503845,0.5012659430503845,0.5012659430503845,0.4987340569496155,1,3,3,zero_shot_paired
17,1,1,2,60,1,1,1,0.5016566514968872,0.5016566514968872,0.4983433187007904,0.5016566514968872,1,3,3,zero_shot_paired
17,2,1,3,60,0,0,1,0.5022859573364258,0.5022859573364258,0.5022859573364258,0.4977140426635742,1,3,3,zero_shot_paired
17,3,1,4,60,0,1,0,0.5032946467399597,0.5032946467399597,0.4967053234577179,0.5032946467399597,1,3,3,zero_shot_paired
17,4,1,5,60,0,0,1,0.5004926919937134,0.5004926919937134,0.5004926919937134,0.499507337808609,1,3,3,zero_shot_paired
17,5,1,6,60,1,1,1,0.500245213508606,0.500245213508606,0.49975475668907166,0.500245213508606,1,3,3,zero_shot_paired
17,6,1,7,60,0,1,0,0.5037591457366943,0.5037591457366943,0.49624088406562805,0.5037591457366943,1,3,3,zero_shot_paired
17,7,1,8,60,0,0,1,0.5015712380409241,0.5015712380409241,0.5015712380409241,0.4984287917613983,1,3,3,zero_shot_paired
17,8,1,9,60,0,1,0,0.5012259483337402,0.5012259483337402,0.49877405166625977,0.5012259483337402,1,3,3,zero_shot_paired
17,9,1,10,60,1,0,0,0.5020769238471985,0.5020769238471985,0.5020769238471985,0.4979230463504791,1,3,3,zero_shot_paired
17,10,1,13,60,0,1,0,0.5003888010978699,0.5003888010978699,0.4996112287044525,0.5003888010978699,1,3,3,zero_shot_paired
17,11,1,14,60,0,0,1,0.5022923946380615,0.5022923946380615,0.5022923946380615,0.49770766496658325,1,3,3,zero_shot_paired
17,12,1,15,60,0,0,1,0.5017904043197632,0.5017904043197632,0.5017904043197632,0.4982095956802368,1,3,3,zero_shot_paired
17,13,1,16,60,0,1,0,0.5006518959999084,0.5006518959999084,0.49934807419776917,0.5006518959999084,1,3,3,zero_shot_paired
17,14,1,17,60,1,0,0,0.5032927393913269,0.5032927393913269,0.5032927393913269,0.4967072606086731,1,3,3,zero_shot_paired
17,0,1,0,60,1,0,0,0.5010190010070801,0.5010190010070801,0.5010190010070801,0.49898096919059753,1,3,3,post_calibration
17,1,1,2,60,1,1,1,0.5016013979911804,0.5016013979911804,0.4983985722064972,0.5016013979911804,1,3,3,post_calibration
17,2,1,3,60,0,0,1,0.5021968483924866,0.5021968483924866,0.5021968483924866,0.4978031516075134,1,3,3,post_calibration
17,3,1,4,60,0,1,0,0.5032576322555542,0.5032576322555542,0.4967423379421234,0.5032576322555542,1,3,3,post_calibration
17,4,1,5,60,0,0,1,0.5001022815704346,0.5001022815704346,0.5001022815704346,0.49989771842956543,1,3,3,post_calibration
17,5,1,6,60,1,1,1,0.5002908110618591,0.5002908110618591,0.4997091591358185,0.5002908110618591,1,3,3,post_calibration
17,6,1,7,60,0,1,0,0.5036304593086243,0.5036304593086243,0.4963695704936981,0.5036304593086243,1,3,3,post_calibration
17,7,1,8,60,0,0,1,0.501858115196228,0.501858115196228,0.501858115196228,0.498141884803772,1,3,3,post_calibration
17,8,1,9,60,0,1,0,0.5010749697685242,0.5010749697685242,0.4989250600337982,0.5010749697685242,1,3,3,post_calibration
17,9,1,10,60,1,0,0,0.5022570490837097,0.5022570490837097,0.5022570490837097,0.49774298071861267,1,3,3,post_calibration
17,10,1,13,60,0,1,0,0.5004496574401855,0.5004496574401855,0.49955037236213684,0.5004496574401855,1,3,3,post_calibration
17,11,1,14,60,0,0,1,0.5023757219314575,0.5023757219314575,0.5023757219314575,0.4976242780685425,1,3,3,post_calibration
17,12,1,15,60,0,0,1,0.5013812184333801,0.5013812184333801,0.5013812184333801,0.4986187517642975,1,3,3,post_calibration
17,13,1,16,60,0,1,0,0.5004936456680298,0.5004936456680298,0.4995063841342926,0.5004936456680298,1,3,3,post_calibration
17,14,1,17,60,1,0,0,0.5032367706298828,0.5032367706298828,0.5032367706298828,0.4967632293701172,1,3,3,post_calibration
18,0,1,0,60,1,0,0,0.5012659430503845,0.5012659430503845,0.5012659430503845,0.4987340569496155,1,4,3,zero_shot_paired
18,1,1,1,60,0,1,0,0.5002251863479614,0.5002251863479614,0.49977487325668335,0.5002251863479614,1,4,3,zero_shot_paired
18,2,1,2,60,1,1,1,0.5016566514968872,0.5016566514968872,0.4983433187007904,0.5016566514968872,1,4,3,zero_shot_paired
18,3,1,3,60,0,0,1,0.5022859573364258,0.5022859573364258,0.5022859573364258,0.4977140426635742,1,4,3,zero_shot_paired
18,4,1,4,60,0,1,0,0.5032946467399597,0.5032946467399597,0.4967053234577179,0.5032946467399597,1,4,3,zero_shot_paired
18,5,1,5,60,0,0,1,0.5004926919937134,0.5004926919937134,0.5004926919937134,0.499507337808609,1,4,3,zero_shot_paired
18,6,1,6,60,1,1,1,0.500245213508606,0.500245213508606,0.49975475668907166,0.500245213508606,1,4,3,zero_shot_paired
18,7,1,7,60,0,1,0,0.5037591457366943,0.5037591457366943,0.49624088406562805,0.5037591457366943,1,4,3,zero_shot_paired
18,8,1,8,60,0,0,1,0.5015712380409241,0.5015712380409241,0.5015712380409241,0.4984287917613983,1,4,3,zero_shot_paired
18,9,1,10,60,1,0,0,0.5020769238471985,0.5020769238471985,0.5020769238471985,0.4979230463504791,1,4,3,zero_shot_paired
18,10,1,11,60,1,1,1,0.5001721382141113,0.5001721382141113,0.49982786178588867,0.5001721382141113,1,4,3,zero_shot_paired
18,11,1,12,60,1,1,1,0.504004955291748,0.504004955291748,0.49599507451057434,0.504004955291748,1,4,3,zero_shot_paired
18,12,1,13,60,0,1,0,0.5003888010978699,0.5003888010978699,0.4996112287044525,0.5003888010978699,1,4,3,zero_shot_paired
18,13,1,14,60,0,0,1,0.5022923946380615,0.5022923946380615,0.5022923946380615,0.49770766496658325,1,4,3,zero_shot_paired
18,14,1,16,60,0,1,0,0.5006518959999084,0.5006518959999084,0.49934807419776917,0.5006518959999084,1,4,3,zero_shot_paired
18,0,1,0,60,1,0,0,0.5013936161994934,0.5013936161994934,0.5013936161994934,0.4986063539981842,1,4,3,post_calibration
18,1,1,1,60,0,1,0,0.5006253719329834,0.5006253719329834,0.4993745982646942,0.5006253719329834,1,4,3,post_calibration
18,2,1,2,60,1,1,1,0.5009576082229614,0.5009576082229614,0.4990423917770386,0.5009576082229614,1,4,3,post_calibration
18,3,1,3,60,0,0,1,0.5023453831672668,0.5023453831672668,0.5023453831672668,0.49765461683273315,1,4,3,post_calibration
18,4,1,4,60,0,1,0,0.5033138990402222,0.5033138990402222,0.49668610095977783,0.5033138990402222,1,4,3,post_calibration
18,5,1,5,60,0,0,1,0.5003867745399475,0.5003867745399475,0.5003867745399475,0.4996132552623749,1,4,3,post_calibration
18,6,1,6,60,1,1,1,0.5003965497016907,0.5003965497016907,0.49960339069366455,0.5003965497016907,1,4,3,post_calibration
18,7,1,7,60,0,1,0,0.5039457678794861,0.5039457678794861,0.4960542321205139,0.5039457678794861,1,4,3,post_calibration
18,8,1,8,60,0,0,1,0.5019518136978149,0.5019518136978149,0.5019518136978149,0.49804818630218506,1,4,3,post_calibration
18,9,1,10,60,1,0,0,0.5023027658462524,0.5023027658462524,0.5023027658462524,0.49769720435142517,1,4,3,post_calibration
18,10,1,11,60,1,1,1,0.5001601576805115,0.5001601576805115,0.4998398721218109,0.5001601576805115,1,4,3,post_calibration
18,11,1,12,60,1,1,1,0.5040488243103027,0.5040488243103027,0.49595117568969727,0.5040488243103027,1,4,3,post_calibration
18,12,1,13,60,0,0,1,0.5003789067268372,0.5003789067268372,0.5003789067268372,0.49962106347084045,1,4,3,post_calibration
18,13,1,14,60,0,0,1,0.5025651454925537,0.5025651454925537,0.5025651454925537,0.4974348545074463,1,4,3,post_calibration
18,14,1,16,60,0,1,0,0.5006838440895081,0.5006838440895081,0.49931618571281433,0.5006838440895081,1,4,3,post_calibration
19,0,1,0,60,1,0,0,0.5012659430503845,0.5012659430503845,0.5012659430503845,0.4987340569496155,1,5,3,zero_shot_paired
19,1,1,1,60,0,1,0,0.5002251863479614,0.5002251863479614,0.49977487325668335,0.5002251863479614,1,5,3,zero_shot_paired
19,2,1,2,60,1,1,1,0.5016566514968872,0.5016566514968872,0.4983433187007904,0.5016566514968872,1,5,3,zero_shot_paired
19,3,1,3,60,0,0,1,0.5022859573364258,0.5022859573364258,0.5022859573364258,0.4977140426635742,1,5,3,zero_shot_paired
19,4,1,4,60,0,1,0,0.5032946467399597,0.5032946467399597,0.4967053234577179,0.5032946467399597,1,5,3,zero_shot_paired
19,5,1,5,60,0,0,1,0.5004926919937134,0.5004926919937134,0.5004926919937134,0.499507337808609,1,5,3,zero_shot_paired
19,6,1,7,60,0,1,0,0.5037591457366943,0.5037591457366943,0.49624088406562805,0.5037591457366943,1,5,3,zero_shot_paired
19,7,1,8,60,0,0,1,0.5015712380409241,0.5015712380409241,0.5015712380409241,0.4984287917613983,1,5,3,zero_shot_paired
19,8,1,9,60,0,1,0,0.5012259483337402,0.5012259483337402,0.49877405166625977,0.5012259483337402,1,5,3,zero_shot_paired
19,9,1,10,60,1,0,0,0.5020769238471985,0.5020769238471985,0.5020769238471985,0.4979230463504791,1,5,3,zero_shot_paired
19,10,1,11,60,1,1,1,0.5001721382141113,0.5001721382141113,0.49982786178588867,0.5001721382141113,1,5,3,zero_shot_paired
19,11,1,12,60,1,1,1,0.504004955291748,0.504004955291748,0.49599507451057434,0.504004955291748,1,5,3,zero_shot_paired
19,12,1,13,60,0,1,0,0.5003888010978699,0.5003888010978699,0.4996112287044525,0.5003888010978699,1,5,3,zero_shot_paired
19,13,1,15,60,0,0,1,0.5017904043197632,0.5017904043197632,0.5017904043197632,0.4982095956802368,1,5,3,zero_shot_paired
19,14,1,17,60,1,0,0,0.5032927393913269,0.5032927393913269,0.5032927393913269,0.4967072606086731,1,5,3,zero_shot_paired
19,0,1,0,60,1,0,0,0.5013743042945862,0.5013743042945862,0.5013743042945862,0.4986257255077362,1,5,3,post_calibration
19,1,1,1,60,0,0,1,0.5006338953971863,0.5006338953971863,0.5006338953971863,0.4993661046028137,1,5,3,post_calibration
19,2,1,2,60,1,1,1,0.501605749130249,0.501605749130249,0.498394250869751,0.501605749130249,1,5,3,post_calibration
19,3,1,3,60,0,0,1,0.5028177499771118,0.5028177499771118,0.5028177499771118,0.4971822202205658,1,5,3,post_calibration
19,4,1,4,60,0,1,0,0.5029001235961914,0.5029001235961914,0.4970998764038086,0.5029001235961914,1,5,3,post_calibration
19,5,1,5,60,0,0,1,0.5000807642936707,0.5000807642936707,0.5000807642936707,0.49991926550865173,1,5,3,post_calibration
19,6,1,7,60,0,1,0,0.5033740401268005,0.5033740401268005,0.4966259002685547,0.5033740401268005,1,5,3,post_calibration
19,7,1,8,60,0,0,1,0.500873863697052,0.500873863697052,0.500873863697052,0.4991261661052704,1,5,3,post_calibration
19,8,1,9,60,0,1,0,0.5014339685440063,0.5014339685440063,0.49856600165367126,0.5014339685440063,1,5,3,post_calibration
19,9,1,10,60,1,0,0,0.502004861831665,0.502004861831665,0.502004861831665,0.4979950785636902,1,5,3,post_calibration
19,10,1,11,60,1,1,1,0.5003136992454529,0.5003136992454529,0.4996863007545471,0.5003136992454529,1,5,3,post_calibration
19,11,1,12,60,1,1,1,0.5030282139778137,0.5030282139778137,0.4969717860221863,0.5030282139778137,1,5,3,post_calibration
19,12,1,13,60,0,1,0,0.5006978511810303,0.5006978511810303,0.49930211901664734,0.5006978511810303,1,5,3,post_calibration
19,13,1,15,60,0,0,1,0.5015723705291748,0.5015723705291748,0.5015723705291748,0.4984276294708252,1,5,3,post_calibration
19,14,1,17,60,1,0,0,0.5029598474502563,0.5029598474502563,0.5029598474502563,0.49704018235206604,1,5,3,post_calibration
20,0,1,1,60,0,1,0,0.5002251863479614,0.5002251863479614,0.49977487325668335,0.5002251863479614,1,6,3,zero_shot_paired
20,1,1,2,60,1,1,1,0.5016566514968872,0.5016566514968872,0.4983433187007904,0.5016566514968872,1,6,3,zero_shot_paired
20,2,1,3,60,0,0,1,0.5022859573364258,0.5022859573364258,0.5022859573364258,0.4977140426635742,1,6,3,zero_shot_paired
20,3,1,5,60,0,0,1,0.5004926919937134,0.5004926919937134,0.5004926919937134,0.499507337808609,1,6,3,zero_shot_paired
20,4,1,6,60,1,1,1,0.500245213508606,0.500245213508606,0.49975475668907166,0.500245213508606,1,6,3,zero_shot_paired
20,5,1,7,60,0,1,0,0.5037591457366943,0.5037591457366943,0.49624088406562805,0.5037591457366943,1,6,3,zero_shot_paired
20,6,1,8,60,0,0,1,0.5015712380409241,0.5015712380409241,0.5015712380409241,0.4984287917613983,1,6,3,zero_shot_paired
20,7,1,9,60,0,1,0,0.5012259483337402,0.5012259483337402,0.49877405166625977,0.5012259483337402,1,6,3,zero_shot_paired
20,8,1,10,60,1,0,0,0.5020769238471985,0.5020769238471985,0.5020769238471985,0.4979230463504791,1,6,3,zero_shot_paired
20,9,1,11,60,1,1,1,0.5001721382141113,0.5001721382141113,0.49982786178588867,0.5001721382141113,1,6,3,zero_shot_paired
20,10,1,12,60,1,1,1,0.504004955291748,0.504004955291748,0.49599507451057434,0.504004955291748,1,6,3,zero_shot_paired
20,11,1,14,60,0,0,1,0.5022923946380615,0.5022923946380615,0.5022923946380615,0.49770766496658325,1,6,3,zero_shot_paired
20,12,1,15,60,0,0,1,0.5017904043197632,0.5017904043197632,0.5017904043197632,0.4982095956802368,1,6,3,zero_shot_paired
20,13,1,16,60,0,1,0,0.5006518959999084,0.5006518959999084,0.49934807419776917,0.5006518959999084,1,6,3,zero_shot_paired
20,14,1,17,60,1,0,0,0.5032927393913269,0.5032927393913269,0.5032927393913269,0.4967072606086731,1,6,3,zero_shot_paired
20,0,1,1,60,0,1,0,0.5006834268569946,0.5006834268569946,0.49931657314300537,0.5006834268569946,1,6,3,post_calibration
20,1,1,2,60,1,1,1,0.5009299516677856,0.5009299516677856,0.49907001852989197,0.5009299516677856,1,6,3,post_calibration
20,2,1,3,60,0,0,1,0.501958429813385,0.501958429813385,0.501958429813385,0.498041570186615,1,6,3,post_calibration
20,3,1,5,60,0,0,1,0.5007346868515015,0.5007346868515015,0.5007346868515015,0.4992653429508209,1,6,3,post_calibration
20,4,1,6,60,1,1,1,0.500249445438385,0.500249445438385,0.499750554561615,0.500249445438385,1,6,3,post_calibration
20,5,1,7,60,0,1,0,0.5035881400108337,0.5035881400108337,0.49641185998916626,0.5035881400108337,1,6,3,post_calibration
20,6,1,8,60,0,0,1,0.502068281173706,0.502068281173706,0.502068281173706,0.49793171882629395,1,6,3,post_calibration
20,7,1,9,60,0,1,0,0.5000538229942322,0.5000538229942322,0.4999462068080902,0.5000538229942322,1,6,3,post_calibration
20,8,1,10,60,1,0,0,0.5030991435050964,0.5030991435050964,0.5030991435050964,0.49690085649490356,1,6,3,post_calibration
20,9,1,11,60,1,0,0,0.5004228949546814,0.5004228949546814,0.5004228949546814,0.499577134847641,1,6,3,post_calibration
20,10,1,12,60,1,1,1,0.504540741443634,0.504540741443634,0.49545931816101074,0.504540741443634,1,6,3,post_calibration
20,11,1,14,60,0,0,1,0.5023845434188843,0.5023845434188843,0.5023845434188843,0.49761542677879333,1,6,3,post_calibration
20,12,1,15,60,0,0,1,0.5022050142288208,0.5022050142288208,0.5022050142288208,0.4977949857711792,1,6,3,post_calibration
20,13,1,16,60,0,1,0,0.5009822845458984,0.5009822845458984,0.4990176558494568,0.5009822845458984,1,6,3,post_calibration
20,14,1,17,60,1,0,0,0.5034016370773315,0.5034016370773315,0.5034016370773315,0.49659839272499084,1,6,3,post_calibration
21,0,1,0,60,1,0,0,0.5012659430503845,0.5012659430503845,0.5012659430503845,0.4987340569496155,1,1,6,zero_shot_paired
21,1,1,1,60,0,1,0,0.5002251863479614,0.5002251863479614,0.49977487325668335,0.5002251863479614,1,1,6,zero_shot_paired
21,2,1,4,60,0,1,0,0.5032946467399597,0.5032946467399597,0.4967053234577179,0.5032946467399597,1,1,6,zero_shot_paired
21,3,1,6,60,1,1,1,0.500245213508606,0.500245213508606,0.49975475668907166,0.500245213508606,1,1,6,zero_shot_paired
21,4,1,7,60,0,1,0,0.5037591457366943,0.5037591457366943,0.49624088406562805,0.5037591457366943,1,1,6,zero_shot_paired
21,5,1,9,60,0,1,0,0.5012259483337402,0.5012259483337402,0.49877405166625977,0.5012259483337402,1,1,6,zero_shot_paired
21,6,1,10,60,1,0,0,0.5020769238471985,0.5020769238471985,0.5020769238471985,0.4979230463504791,1,1,6,zero_shot_paired
21,7,1,11,60,1,1,1,0.5001721382141113,0.5001721382141113,0.49982786178588867,0.5001721382141113,1,1,6,zero_shot_paired
21,8,1,12,60,1,1,1,0.504004955291748,0.504004955291748,0.49599507451057434,0.504004955291748,1,1,6,zero_shot_paired
21,9,1,14,60,0,0,1,0.5022923946380615,0.5022923946380615,0.5022923946380615,0.49770766496658325,1,1,6,zero_shot_paired
21,10,1,15,60,0,0,1,0.5017904043197632,0.5017904043197632,0.5017904043197632,0.4982095956802368,1,1,6,zero_shot_paired
21,11,1,16,60,0,1,0,0.5006518959999084,0.5006518959999084,0.49934807419776917,0.5006518959999084,1,1,6,zero_shot_paired
21,0,1,0,60,1,0,0,0.5016476511955261,0.5016476511955261,0.5016476511955261,0.4983523488044739,1,1,6,post_calibration
21,1,1,1,60,0,1,0,0.500765860080719,0.500765860080719,0.499234139919281,0.500765860080719,1,1,6,post_calibration
21,2,1,4,60,0,1,0,0.503147304058075,0.503147304058075,0.49685266613960266,0.503147304058075,1,1,6,post_calibration
21,3,1,6,60,1,1,1,0.500446617603302,0.500446617603302,0.4995534420013428,0.500446617603302,1,1,6,post_calibration
21,4,1,7,60,0,1,0,0.5040568709373474,0.5040568709373474,0.4959430992603302,0.5040568709373474,1,1,6,post_calibration
21,5,1,9,60,0,1,0,0.5006222724914551,0.5006222724914551,0.4993777573108673,0.5006222724914551,1,1,6,post_calibration
21,6,1,10,60,1,0,0,0.5031176805496216,0.5031176805496216,0.5031176805496216,0.49688228964805603,1,1,6,post_calibration
21,7,1,11,60,1,0,0,0.500939667224884,0.500939667224884,0.500939667224884,0.49906036257743835,1,1,6,post_calibration
21,8,1,12,60,1,1,1,0.5037655234336853,0.5037655234336853,0.4962344765663147,0.5037655234336853,1,1,6,post_calibration
21,9,1,14,60,0,0,1,0.5028007626533508,0.5028007626533508,0.5028007626533508,0.49719929695129395,1,1,6,post_calibration
21,10,1,15,60,0,0,1,0.5027717351913452,0.5027717351913452,0.5027717351913452,0.4972282648086548,1,1,6,post_calibration
21,11,1,16,60,0,1,0,0.5009713172912598,0.5009713172912598,0.499028742313385,0.5009713172912598,1,1,6,post_calibration
22,0,1,0,60,1,0,0,0.5012659430503845,0.5012659430503845,0.5012659430503845,0.4987340569496155,1,2,6,zero_shot_paired
22,1,1,1,60,0,1,0,0.5002251863479614,0.5002251863479614,0.49977487325668335,0.5002251863479614,1,2,6,zero_shot_paired
22,2,1,2,60,1,1,1,0.5016566514968872,0.5016566514968872,0.4983433187007904,0.5016566514968872,1,2,6,zero_shot_paired
22,3,1,3,60,0,0,1,0.5022859573364258,0.5022859573364258,0.5022859573364258,0.4977140426635742,1,2,6,zero_shot_paired
22,4,1,5,60,0,0,1,0.5004926919937134,0.5004926919937134,0.5004926919937134,0.499507337808609,1,2,6,zero_shot_paired
22,5,1,8,60,0,0,1,0.5015712380409241,0.5015712380409241,0.5015712380409241,0.4984287917613983,1,2,6,zero_shot_paired
22,6,1,9,60,0,1,0,0.5012259483337402,0.5012259483337402,0.49877405166625977,0.5012259483337402,1,2,6,zero_shot_paired
22,7,1,10,60,1,0,0,0.5020769238471985,0.5020769238471985,0.5020769238471985,0.4979230463504791,1,2,6,zero_shot_paired
22,8,1,12,60,1,1,1,0.504004955291748,0.504004955291748,0.49599507451057434,0.504004955291748,1,2,6,zero_shot_paired
22,9,1,13,60,0,1,0,0.5003888010978699,0.5003888010978699,0.4996112287044525,0.5003888010978699,1,2,6,zero_shot_paired
22,10,1,15,60,0,0,1,0.5017904043197632,0.5017904043197632,0.5017904043197632,0.4982095956802368,1,2,6,zero_shot_paired
22,11,1,17,60,1,0,0,0.5032927393913269,0.5032927393913269,0.5032927393913269,0.4967072606086731,1,2,6,zero_shot_paired
22,0,1,0,60,1,0,0,0.5004979968070984,0.5004979968070984,0.5004979968070984,0.4995020031929016,1,2,6,post_calibration
22,1,1,1,60,0,0,1,0.5012281537055969,0.5012281537055969,0.5012281537055969,0.4987718462944031,1,2,6,post_calibration
22,2,1,2,60,1,1,1,0.5002045631408691,0.5002045631408691,0.4997953772544861,0.5002045631408691,1,2,6,post_calibration
22,3,1,3,60,0,0,1,0.5029281377792358,0.5029281377792358,0.5029281377792358,0.49707186222076416,1,2,6,post_calibration
22,4,1,5,60,0,0,1,0.500100314617157,0.500100314617157,0.500100314617157,0.49989965558052063,1,2,6,post_calibration
22,5,1,8,60,0,0,1,0.5015723705291748,0.5015723705291748,0.5015723705291748,0.4984276294708252,1,2,6,post_calibration
22,6,1,9,60,0,1,0,0.5007185935974121,0.5007185935974121,0.4992813467979431,0.5007185935974121,1,2,6,post_calibration
22,7,1,10,60,1,0,0,0.5025904178619385,0.5025904178619385,0.5025904178619385,0.4974096119403839,1,2,6,post_calibration
22,8,1,12,60,1,1,1,0.5032370090484619,0.5032370090484619,0.4967629313468933,0.5032370090484619,1,2,6,post_calibration
22,9,1,13,60,0,1,0,0.5001431107521057,0.5001431107521057,0.4998568892478943,0.5001431107521057,1,2,6,post_calibration
22,10,1,15,60,0,0,1,0.5015611052513123,0.5015611052513123,0.5015611052513123,0.49843892455101013,1,2,6,post_calibration
22,11,1,17,60,1,0,0,0.5028122663497925,0.5028122663497925,0.5028122663497925,0.4971877336502075,1,2,6,post_calibration
23,0,1,2,60,1,1,1,0.5016566514968872,0.5016566514968872,0.4983433187007904,0.5016566514968872,1,3,6,zero_shot_paired
23,1,1,3,60,0,0,1,0.5022859573364258,0.5022859573364258,0.5022859573364258,0.4977140426635742,1,3,6,zero_shot_paired
23,2,1,4,60,0,1,0,0.5032946467399597,0.5032946467399597,0.4967053234577179,0.5032946467399597,1,3,6,zero_shot_paired
23,3,1,5,60,0,0,1,0.5004926919937134,0.5004926919937134,0.5004926919937134,0.499507337808609,1,3,6,zero_shot_paired
23,4,1,6,60,1,1,1,0.500245213508606,0.500245213508606,0.49975475668907166,0.500245213508606,1,3,6,zero_shot_paired
23,5,1,7,60,0,1,0,0.5037591457366943,0.5037591457366943,0.49624088406562805,0.5037591457366943,1,3,6,zero_shot_paired
23,6,1,8,60,0,0,1,0.5015712380409241,0.5015712380409241,0.5015712380409241,0.4984287917613983,1,3,6,zero_shot_paired
23,7,1,11,60,1,1,1,0.5001721382141113,0.5001721382141113,0.49982786178588867,0.5001721382141113,1,3,6,zero_shot_paired
23,8,1,13,60,0,1,0,0.5003888010978699,0.5003888010978699,0.4996112287044525,0.5003888010978699,1,3,6,zero_shot_paired
23,9,1,14,60,0,0,1,0.5022923946380615,0.5022923946380615,0.5022923946380615,0.49770766496658325,1,3,6,zero_shot_paired
23,10,1,16,60,0,1,0,0.5006518959999084,0.5006518959999084,0.49934807419776917,0.5006518959999084,1,3,6,zero_shot_paired
23,11,1,17,60,1,0,0,0.5032927393913269,0.5032927393913269,0.5032927393913269,0.4967072606086731,1,3,6,zero_shot_paired
23,0,1,2,60,1,1,1,0.501238226890564,0.501238226890564,0.49876177310943604,0.501238226890564,1,3,6,post_calibration
23,1,1,3,60,0,0,1,0.5014215707778931,0.5014215707778931,0.5014215707778931,0.49857842922210693,1,3,6,post_calibration
23,2,1,4,60,0,1,0,0.5033181309700012,0.5033181309700012,0.49668189883232117,0.5033181309700012,1,3,6,post_calibration
23,3,1,5,60,0,0,1,0.5008805990219116,0.5008805990219116,0.5008805990219116,0.49911943078041077,1,3,6,post_calibration
23,4,1,6,60,1,0,0,0.5000394582748413,0.5000394582748413,0.5000394582748413,0.4999605119228363,1,3,6,post_calibration
23,5,1,7,60,0,1,0,0.503537654876709,0.503537654876709,0.49646231532096863,0.503537654876709,1,3,6,post_calibration
23,6,1,8,60,0,0,1,0.5022573471069336,0.5022573471069336,0.5022573471069336,0.497742623090744,1,3,6,post_calibration
23,7,1,11,60,1,0,0,0.5001940131187439,0.5001940131187439,0.5001940131187439,0.4998059868812561,1,3,6,post_calibration
23,8,1,13,60,0,0,1,0.5001391172409058,0.5001391172409058,0.5001391172409058,0.4998609125614166,1,3,6,post_calibration
23,9,1,14,60,0,0,1,0.5031432509422302,0.5031432509422302,0.5031432509422302,0.496856689453125,1,3,6,post_calibration
23,10,1,16,60,0,1,0,0.500500500202179,0.500500500202179,0.49949949979782104,0.500500500202179,1,3,6,post_calibration
23,11,1,17,60,1,0,0,0.5029667615890503,0.5029667615890503,0.5029667615890503,0.4970332384109497,1,3,6,post_calibration
24,0,1,0,60,1,0,0,0.5012660026550293,0.5012660026550293,0.5012660026550293,0.4987340569496155,1,1,9,zero_shot_paired
24,1,1,1,60,0,1,0,0.5002251267433167,0.5002251267433167,0.49977487325668335,0.5002251267433167,1,1,9,zero_shot_paired
24,2,1,2,60,1,1,1,0.501656711101532,0.501656711101532,0.49834325909614563,0.501656711101532,1,1,9,zero_shot_paired
24,3,1,3,60,0,0,1,0.5022859573364258,0.5022859573364258,0.5022859573364258,0.4977140426635742,1,1,9,zero_shot_paired
24,4,1,4,60,0,1,0,0.5032946467399597,0.5032946467399597,0.49670538306236267,0.5032946467399597,1,1,9,zero_shot_paired
24,5,1,10,60,1,0,0,0.502077043056488,0.502077043056488,0.502077043056488,0.49792298674583435,1,1,9,zero_shot_paired
24,6,1,13,60,0,1,0,0.5003888607025146,0.5003888607025146,0.49961110949516296,0.5003888607025146,1,1,9,zero_shot_paired
24,7,1,14,60,0,0,1,0.5022924542427063,0.5022924542427063,0.5022924542427063,0.4977075755596161,1,1,9,zero_shot_paired
24,8,1,15,60,0,0,1,0.5017904043197632,0.5017904043197632,0.5017904043197632,0.4982095956802368,1,1,9,zero_shot_paired
24,0,1,0,60,1,0,0,0.5001362562179565,0.5001362562179565,0.5001362562179565,0.49986374378204346,1,1,9,post_calibration
24,1,1,1,60,0,0,1,0.5011974573135376,0.5011974573135376,0.5011974573135376,0.4988025724887848,1,1,9,post_calibration
24,2,1,2,60,1,1,1,0.5000221133232117,0.5000221133232117,0.4999779164791107,0.5000221133232117,1,1,9,post_calibration
24,3,1,3,60,0,0,1,0.5016749501228333,0.5016749501228333,0.5016749501228333,0.49832502007484436,1,1,9,post_calibration
24,4,1,4,60,0,1,0,0.5023258924484253,0.5023258924484253,0.4976741373538971,0.5023258924484253,1,1,9,post_calibration
24,5,1,10,60,1,0,0,0.504407525062561,0.504407525062561,0.504407525062561,0.49559250473976135,1,1,9,post_calibration
24,6,1,13,60,0,0,1,0.5001261830329895,0.5001261830329895,0.5001261830329895,0.4998738765716553,1,1,9,post_calibration
24,7,1,14,60,0,0,1,0.5031688213348389,0.5031688213348389,0.5031688213348389,0.49683114886283875,1,1,9,post_calibration
24,8,1,15,60,0,0,1,0.5010941028594971,0.5010941028594971,0.5010941028594971,0.49890586733818054,1,1,9,post_calibration
25,0,1,5,60,0,0,1,0.500492513179779,0.500492513179779,0.500492513179779,0.49950748682022095,1,2,9,zero_shot_paired
25,1,1,6,60,1,1,1,0.5002452731132507,0.5002452731132507,0.49975472688674927,0.5002452731132507,1,2,9,zero_shot_paired
25,2,1,7,60,0,1,0,0.5037591457366943,0.5037591457366943,0.49624088406562805,0.5037591457366943,1,2,9,zero_shot_paired
25,3,1,8,60,0,0,1,0.5015712380409241,0.5015712380409241,0.5015712380409241,0.4984287917613983,1,2,9,zero_shot_paired
25,4,1,9,60,0,1,0,0.5012261867523193,0.5012261867523193,0.49877381324768066,0.5012261867523193,1,2,9,zero_shot_paired
25,5,1,11,60,1,1,1,0.5001720190048218,0.5001720190048218,0.4998279809951782,0.5001720190048218,1,2,9,zero_shot_paired
25,6,1,12,60,1,1,1,0.5040050148963928,0.5040050148963928,0.49599501490592957,0.5040050148963928,1,2,9,zero_shot_paired
25,7,1,16,60,0,1,0,0.5006518959999084,0.5006518959999084,0.49934807419776917,0.5006518959999084,1,2,9,zero_shot_paired
25,8,1,17,60,1,0,0,0.5032927393913269,0.5032927393913269,0.5032927393913269,0.4967072606086731,1,2,9,zero_shot_paired
25,0,1,5,60,0,0,1,0.5004228353500366,0.5004228353500366,0.5004228353500366,0.49957719445228577,1,2,9,post_calibration
25,1,1,6,60,1,1,1,0.5000605583190918,0.5000605583190918,0.4999394714832306,0.5000605583190918,1,2,9,post_calibration
25,2,1,7,60,0,1,0,0.5033524036407471,0.5033524036407471,0.4966476261615753,0.5033524036407471,1,2,9,post_calibration
25,3,1,8,60,0,0,1,0.5017557740211487,0.5017557740211487,0.5017557740211487,0.49824419617652893,1,2,9,post_calibration
25,4,1,9,60,0,1,0,0.5003949999809265,0.5003949999809265,0.4996050298213959,0.5003949999809265,1,2,9,post_calibration
25,5,1,11,60,1,1,1,0.5002807378768921,0.5002807378768921,0.4997193217277527,0.5002807378768921,1,2,9,post_calibration
25,6,1,12,60,1,1,1,0.5028867721557617,0.5028867721557617,0.4971132278442383,0.5028867721557617,1,2,9,post_calibration
25,7,1,16,60,0,0,1,0.5003232955932617,0.5003232955932617,0.5003232955932617,0.4996767044067383,1,2,9,post_calibration
25,8,1,17,60,1,0,0,0.5039919018745422,0.5039919018745422,0.5039919018745422,0.4960080683231354,1,2,9,post_calibration
26,0,1,1,60,0,1,0,0.5002242922782898,0.5002242922782898,0.499775767326355,0.5002242922782898,1,1,12,zero_shot_paired
26,1,1,3,60,0,0,1,0.5022850632667542,0.5022850632667542,0.5022850632667542,0.49771493673324585,1,1,12,zero_shot_paired
26,2,1,7,60,0,1,0,0.5037600994110107,0.5037600994110107,0.49623990058898926,0.5037600994110107,1,1,12,zero_shot_paired
26,3,1,10,60,1,0,0,0.5020748972892761,0.5020748972892761,0.5020748972892761,0.49792513251304626,1,1,12,zero_shot_paired
26,4,1,14,60,0,0,1,0.5022945404052734,0.5022945404052734,0.5022945404052734,0.49770548939704895,1,1,12,zero_shot_paired
26,5,1,17,60,1,0,0,0.5032944083213806,0.5032944083213806,0.5032944083213806,0.496705561876297,1,1,12,zero_shot_paired
26,0,1,1,60,0,1,0,0.5007695555686951,0.5007695555686951,0.4992304742336273,0.5007695555686951,1,1,12,post_calibration
26,1,1,3,60,0,0,1,0.5004931092262268,0.5004931092262268,0.5004931092262268,0.4995068907737732,1,1,12,post_calibration
26,2,1,7,60,0,1,0,0.5041284561157227,0.5041284561157227,0.49587157368659973,0.5041284561157227,1,1,12,post_calibration
26,3,1,10,60,1,0,0,0.5048831105232239,0.5048831105232239,0.5048831105232239,0.49511685967445374,1,1,12,post_calibration
26,4,1,14,60,0,0,1,0.5039039850234985,0.5039039850234985,0.5039039850234985,0.4960959553718567,1,1,12,post_calibration
26,5,1,17,60,1,0,0,0.503785252571106,0.503785252571106,0.503785252571106,0.49621474742889404,1,1,12,post_calibration
27,0,1,1,60,0,1,0,0.5002242922782898,0.5002242922782898,0.499775767326355,0.5002242922782898,1,2,12,zero_shot_paired
27,1,1,5,60,0,0,1,0.5004947185516357,0.5004947185516357,0.5004947185516357,0.49950531125068665,1,2,12,zero_shot_paired
27,2,1,9,60,0,1,0,0.5012251138687134,0.5012251138687134,0.4987748861312866,0.5012251138687134,1,2,12,zero_shot_paired
27,3,1,11,60,1,1,1,0.5001701712608337,0.5001701712608337,0.49982982873916626,0.5001701712608337,1,2,12,zero_shot_paired
27,4,1,15,60,0,0,1,0.5017932057380676,0.5017932057380676,0.5017932057380676,0.4982067942619324,1,2,12,zero_shot_paired
27,5,1,17,60,1,0,0,0.5032944083213806,0.5032944083213806,0.5032944083213806,0.496705561876297,1,2,12,zero_shot_paired
27,0,1,1,60,0,0,1,0.5006647706031799,0.5006647706031799,0.5006647706031799,0.49933525919914246,1,2,12,post_calibration
27,1,1,5,60,0,0,1,0.5004372596740723,0.5004372596740723,0.5004372596740723,0.49956271052360535,1,2,12,post_calibration
27,2,1,9,60,0,1,0,0.5005252957344055,0.5005252957344055,0.49947473406791687,0.5005252957344055,1,2,12,post_calibration
27,3,1,11,60,1,0,0,0.5004506707191467,0.5004506707191467,0.5004506707191467,0.4995492994785309,1,2,12,post_calibration
27,4,1,15,60,0,0,1,0.5021547079086304,0.5021547079086304,0.5021547079086304,0.497845321893692,1,2,12,post_calibration
27,5,1,17,60,1,0,0,0.5035576820373535,0.5035576820373535,0.5035576820373535,0.49644234776496887,1,2,12,post_calibration
28,0,1,2,60,1,1,1,0.5016584992408752,0.5016584992408752,0.49834153056144714,0.5016584992408752,1,3,12,zero_shot_paired
28,1,1,3,60,0,0,1,0.5022850632667542,0.5022850632667542,0.5022850632667542,0.49771493673324585,1,3,12,zero_shot_paired
28,2,1,4,60,0,1,0,0.5032936334609985,0.5032936334609985,0.49670636653900146,0.5032936334609985,1,3,12,zero_shot_paired
28,3,1,11,60,1,1,1,0.5001701712608337,0.5001701712608337,0.49982982873916626,0.5001701712608337,1,3,12,zero_shot_paired
28,4,1,13,60,0,1,0,0.5003882050514221,0.5003882050514221,0.4996117651462555,0.5003882050514221,1,3,12,zero_shot_paired
28,5,1,16,60,0,1,0,0.500650942325592,0.500650942325592,0.49934908747673035,0.500650942325592,1,3,12,zero_shot_paired
28,0,1,2,60,1,0,0,0.500298261642456,0.500298261642456,0.500298261642456,0.49970173835754395,1,3,12,post_calibration
28,1,1,3,60,0,0,1,0.5013012290000916,0.5013012290000916,0.5013012290000916,0.4986988306045532,1,3,12,post_calibration
28,2,1,4,60,0,1,0,0.5015255212783813,0.5015255212783813,0.49847447872161865,0.5015255212783813,1,3,12,post_calibration
28,3,1,11,60,1,0,0,0.5014171600341797,0.5014171600341797,0.5014171600341797,0.4985828697681427,1,3,12,post_calibration
28,4,1,13,60,0,0,1,0.5000128746032715,0.5000128746032715,0.5000128746032715,0.4999871551990509,1,3,12,post_calibration
28,5,1,16,60,0,0,1,0.5004642009735107,0.5004642009735107,0.5004642009735107,0.49953582882881165,1,3,12,post_calibration
3,0,2,0,60,1,0,0,0.5091268420219421,0.5091268420219421,0.5091268420219421,0.4908731281757355,2,,,zero_shot_all_trials
3,1,2,1,60,1,1,1,0.5011298060417175,0.5011298060417175,0.49887025356292725,0.5011298060417175,2,,,zero_shot_all_trials
3,2,2,2,60,1,0,0,0.5039514303207397,0.5039514303207397,0.5039514303207397,0.49604859948158264,2,,,zero_shot_all_trials
3,3,2,3,60,0,1,0,0.5015184283256531,0.5015184283256531,0.4984816014766693,0.5015184283256531,2,,,zero_shot_all_trials
3,4,2,4,60,1,0,0,0.500557005405426,0.500557005405426,0.500557005405426,0.4994429349899292,2,,,zero_shot_all_trials
3,5,2,5,60,1,1,1,0.5000110864639282,0.5000110864639282,0.4999889135360718,0.5000110864639282,2,,,zero_shot_all_trials
3,6,2,6,60,1,0,0,0.5027554035186768,0.5027554035186768,0.5027554035186768,0.49724459648132324,2,,,zero_shot_all_trials
3,7,2,7,60,0,0,1,0.5048251152038574,0.5048251152038574,0.5048251152038574,0.49517494440078735,2,,,zero_shot_all_trials
3,8,2,8,60,0,0,1,0.5003206729888916,0.5003206729888916,0.5003206729888916,0.4996793270111084,2,,,zero_shot_all_trials
3,9,2,9,60,1,0,0,0.5007996559143066,0.5007996559143066,0.5007996559143066,0.49920031428337097,2,,,zero_shot_all_trials
3,10,2,10,60,1,0,0,0.5056006908416748,0.5056006908416748,0.5056006908416748,0.4943993091583252,2,,,zero_shot_all_trials
3,11,2,11,60,1,0,0,0.5003729462623596,0.5003729462623596,0.5003729462623596,0.49962708353996277,2,,,zero_shot_all_trials
3,12,2,12,60,1,1,1,0.5052752494812012,0.5052752494812012,0.4947247803211212,0.5052752494812012,2,,,zero_shot_all_trials
3,13,2,13,60,1,1,1,0.5058363676071167,0.5058363676071167,0.4941636025905609,0.5058363676071167,2,,,zero_shot_all_trials
3,14,2,14,60,1,1,1,0.5055972337722778,0.5055972337722778,0.49440279603004456,0.5055972337722778,2,,,zero_shot_all_trials
3,15,2,15,60,1,0,0,0.5008259415626526,0.5008259415626526,0.5008259415626526,0.499174028635025,2,,,zero_shot_all_trials
3,16,2,16,60,0,0,1,0.5078109502792358,0.5078109502792358,0.5078109502792358,0.49218904972076416,2,,,zero_shot_all_trials
3,17,2,17,60,1,1,1,0.5026475787162781,0.5026475787162781,0.49735239148139954,0.5026475787162781,2,,,zero_shot_all_trials
29,0,2,0,60,1,0,0,0.5091267824172974,0.5091267824172974,0.5091267824172974,0.49087318778038025,2,1,3,zero_shot_paired
29,1,2,1,60,1,1,1,0.5011299252510071,0.5011299252510071,0.4988700747489929,0.5011299252510071,2,1,3,zero_shot_paired
29,2,2,2,60,1,0,0,0.5039515495300293,0.5039515495300293,0.5039515495300293,0.4960484206676483,2,1,3,zero_shot_paired
29,3,2,5,60,1,1,1,0.5000110864639282,0.5000110864639282,0.4999888837337494,0.5000110864639282,2,1,3,zero_shot_paired
29,4,2,6,60,1,0,0,0.5027554035186768,0.5027554035186768,0.5027554035186768,0.49724459648132324,2,1,3,zero_shot_paired
29,5,2,7,60,0,0,1,0.5048251152038574,0.5048251152038574,0.5048251152038574,0.49517494440078735,2,1,3,zero_shot_paired
29,6,2,8,60,0,0,1,0.5003206729888916,0.5003206729888916,0.5003206729888916,0.4996793270111084,2,1,3,zero_shot_paired
29,7,2,9,60,1,0,0,0.5007997155189514,0.5007997155189514,0.5007997155189514,0.4992002844810486,2,1,3,zero_shot_paired
29,8,2,10,60,1,0,0,0.5056005716323853,0.5056005716323853,0.5056005716323853,0.49439939856529236,2,1,3,zero_shot_paired
29,9,2,11,60,1,0,0,0.500373125076294,0.500373125076294,0.500373125076294,0.49962687492370605,2,1,3,zero_shot_paired
29,10,2,13,60,1,1,1,0.5058364868164062,0.5058364868164062,0.49416351318359375,0.5058364868164062,2,1,3,zero_shot_paired
29,11,2,14,60,1,1,1,0.5055973529815674,0.5055973529815674,0.4944026470184326,0.5055973529815674,2,1,3,zero_shot_paired
29,12,2,15,60,1,0,0,0.5008257031440735,0.5008257031440735,0.5008257031440735,0.4991742670536041,2,1,3,zero_shot_paired
29,13,2,16,60,0,0,1,0.5078109502792358,0.5078109502792358,0.5078109502792358,0.49218904972076416,2,1,3,zero_shot_paired
29,14,2,17,60,1,1,1,0.5026475787162781,0.5026475787162781,0.4973524212837219,0.5026475787162781,2,1,3,zero_shot_paired
29,0,2,0,60,1,0,0,0.508643627166748,0.508643627166748,0.508643627166748,0.49135637283325195,2,1,3,post_calibration
29,1,2,1,60,1,1,1,0.5008623003959656,0.5008623003959656,0.49913766980171204,0.5008623003959656,2,1,3,post_calibration
29,2,2,2,60,1,0,0,0.5029682517051697,0.5029682517051697,0.5029682517051697,0.49703171849250793,2,1,3,post_calibration
29,3,2,5,60,1,1,1,0.5006337761878967,0.5006337761878967,0.49936622381210327,0.5006337761878967,2,1,3,post_calibration
29,4,2,6,60,1,0,0,0.5025128722190857,0.5025128722190857,0.5025128722190857,0.4974871575832367,2,1,3,post_calibration
29,5,2,7,60,0,0,1,0.5045866370201111,0.5045866370201111,0.5045866370201111,0.4954133629798889,2,1,3,post_calibration
29,6,2,8,60,0,1,0,0.5002316832542419,0.5002316832542419,0.49976834654808044,0.5002316832542419,2,1,3,post_calibration
29,7,2,9,60,1,1,1,0.5006445646286011,0.5006445646286011,0.4993554651737213,0.5006445646286011,2,1,3,post_calibration
29,8,2,10,60,1,0,0,0.5053569078445435,0.5053569078445435,0.5053569078445435,0.49464309215545654,2,1,3,post_calibration
29,9,2,11,60,1,0,0,0.5003114938735962,0.5003114938735962,0.5003114938735962,0.49968844652175903,2,1,3,post_calibration
29,10,2,13,60,1,1,1,0.5059178471565247,0.5059178471565247,0.49408215284347534,0.5059178471565247,2,1,3,post_calibration
29,11,2,14,60,1,1,1,0.5059841871261597,0.5059841871261597,0.49401578307151794,0.5059841871261597,2,1,3,post_calibration
29,12,2,15,60,1,0,0,0.5004034638404846,0.5004034638404846,0.5004034638404846,0.4995965361595154,2,1,3,post_calibration
29,13,2,16,60,0,0,1,0.5072451233863831,0.5072451233863831,0.5072451233863831,0.49275484681129456,2,1,3,post_calibration
29,14,2,17,60,1,1,1,0.5028967261314392,0.5028967261314392,0.4971032440662384,0.5028967261314392,2,1,3,post_calibration
30,0,2,0,60,1,0,0,0.5091267824172974,0.5091267824172974,0.5091267824172974,0.49087318778038025,2,2,3,zero_shot_paired
30,1,2,1,60,1,1,1,0.5011299252510071,0.5011299252510071,0.4988700747489929,0.5011299252510071,2,2,3,zero_shot_paired
30,2,2,2,60,1,0,0,0.5039515495300293,0.5039515495300293,0.5039515495300293,0.4960484206676483,2,2,3,zero_shot_paired
30,3,2,3,60,0,1,0,0.5015182495117188,0.5015182495117188,0.49848178029060364,0.5015182495117188,2,2,3,zero_shot_paired
30,4,2,4,60,1,0,0,0.500557005405426,0.500557005405426,0.500557005405426,0.4994429349899292,2,2,3,zero_shot_paired
30,5,2,5,60,1,1,1,0.5000110864639282,0.5000110864639282,0.4999888837337494,0.5000110864639282,2,2,3,zero_shot_paired
30,6,2,7,60,0,0,1,0.5048251152038574,0.5048251152038574,0.5048251152038574,0.49517494440078735,2,2,3,zero_shot_paired
30,7,2,9,60,1,0,0,0.5007997155189514,0.5007997155189514,0.5007997155189514,0.4992002844810486,2,2,3,zero_shot_paired
30,8,2,10,60,1,0,0,0.5056005716323853,0.5056005716323853,0.5056005716323853,0.49439939856529236,2,2,3,zero_shot_paired
30,9,2,11,60,1,0,0,0.500373125076294,0.500373125076294,0.500373125076294,0.49962687492370605,2,2,3,zero_shot_paired
30,10,2,12,60,1,1,1,0.5052752494812012,0.5052752494812012,0.4947247803211212,0.5052752494812012,2,2,3,zero_shot_paired
30,11,2,14,60,1,1,1,0.5055973529815674,0.5055973529815674,0.4944026470184326,0.5055973529815674,2,2,3,zero_shot_paired
30,12,2,15,60,1,0,0,0.5008257031440735,0.5008257031440735,0.5008257031440735,0.4991742670536041,2,2,3,zero_shot_paired
30,13,2,16,60,0,0,1,0.5078109502792358,0.5078109502792358,0.5078109502792358,0.49218904972076416,2,2,3,zero_shot_paired
30,14,2,17,60,1,1,1,0.5026475787162781,0.5026475787162781,0.4973524212837219,0.5026475787162781,2,2,3,zero_shot_paired
30,0,2,0,60,1,0,0,0.5094586610794067,0.5094586610794067,0.5094586610794067,0.49054133892059326,2,2,3,post_calibration
30,1,2,1,60,1,1,1,0.5013960599899292,0.5013960599899292,0.4986039698123932,0.5013960599899292,2,2,3,post_calibration
30,2,2,2,60,1,0,0,0.5040993094444275,0.5040993094444275,0.5040993094444275,0.49590063095092773,2,2,3,post_calibration
30,3,2,3,60,0,1,0,0.5015720725059509,0.5015720725059509,0.49842795729637146,0.5015720725059509,2,2,3,post_calibration
30,4,2,4,60,1,0,0,0.5004518628120422,0.5004518628120422,0.5004518628120422,0.4995481073856354,2,2,3,post_calibration
30,5,2,5,60,1,1,1,0.5000104904174805,0.5000104904174805,0.49998947978019714,0.5000104904174805,2,2,3,post_calibration
30,6,2,7,60,0,0,1,0.5046948790550232,0.5046948790550232,0.5046948790550232,0.4953051209449768,2,2,3,post_calibration
30,7,2,9,60,1,0,0,0.5008153319358826,0.5008153319358826,0.5008153319358826,0.49918466806411743,2,2,3,post_calibration
30,8,2,10,60,1,0,0,0.5058270692825317,0.5058270692825317,0.5058270692825317,0.49417296051979065,2,2,3,post_calibration
30,9,2,11,60,1,0,0,0.5001305341720581,0.5001305341720581,0.5001305341720581,0.4998694658279419,2,2,3,post_calibration
30,10,2,12,60,1,1,1,0.5049120187759399,0.5049120187759399,0.49508804082870483,0.5049120187759399,2,2,3,post_calibration
30,11,2,14,60,1,1,1,0.5053886771202087,0.5053886771202087,0.49461135268211365,0.5053886771202087,2,2,3,post_calibration
30,12,2,15,60,1,0,0,0.50043785572052,0.50043785572052,0.50043785572052,0.4995620846748352,2,2,3,post_calibration
30,13,2,16,60,0,0,1,0.508133590221405,0.508133590221405,0.508133590221405,0.49186640977859497,2,2,3,post_calibration
30,14,2,17,60,1,1,1,0.5022642612457275,0.5022642612457275,0.49773573875427246,0.5022642612457275,2,2,3,post_calibration
31,0,2,0,60,1,0,0,0.5091267824172974,0.5091267824172974,0.5091267824172974,0.49087318778038025,2,3,3,zero_shot_paired
31,1,2,2,60,1,0,0,0.5039515495300293,0.5039515495300293,0.5039515495300293,0.4960484206676483,2,3,3,zero_shot_paired
31,2,2,3,60,0,1,0,0.5015182495117188,0.5015182495117188,0.49848178029060364,0.5015182495117188,2,3,3,zero_shot_paired
31,3,2,4,60,1,0,0,0.500557005405426,0.500557005405426,0.500557005405426,0.4994429349899292,2,3,3,zero_shot_paired
31,4,2,5,60,1,1,1,0.5000110864639282,0.5000110864639282,0.4999888837337494,0.5000110864639282,2,3,3,zero_shot_paired
31,5,2,6,60,1,0,0,0.5027554035186768,0.5027554035186768,0.5027554035186768,0.49724459648132324,2,3,3,zero_shot_paired
31,6,2,8,60,0,0,1,0.5003206729888916,0.5003206729888916,0.5003206729888916,0.4996793270111084,2,3,3,zero_shot_paired
31,7,2,9,60,1,0,0,0.5007997155189514,0.5007997155189514,0.5007997155189514,0.4992002844810486,2,3,3,zero_shot_paired
31,8,2,11,60,1,0,0,0.500373125076294,0.500373125076294,0.500373125076294,0.49962687492370605,2,3,3,zero_shot_paired
31,9,2,12,60,1,1,1,0.5052752494812012,0.5052752494812012,0.4947247803211212,0.5052752494812012,2,3,3,zero_shot_paired
31,10,2,13,60,1,1,1,0.5058364868164062,0.5058364868164062,0.49416351318359375,0.5058364868164062,2,3,3,zero_shot_paired
31,11,2,14,60,1,1,1,0.5055973529815674,0.5055973529815674,0.4944026470184326,0.5055973529815674,2,3,3,zero_shot_paired
31,12,2,15,60,1,0,0,0.5008257031440735,0.5008257031440735,0.5008257031440735,0.4991742670536041,2,3,3,zero_shot_paired
31,13,2,16,60,0,0,1,0.5078109502792358,0.5078109502792358,0.5078109502792358,0.49218904972076416,2,3,3,zero_shot_paired
31,14,2,17,60,1,1,1,0.5026475787162781,0.5026475787162781,0.4973524212837219,0.5026475787162781,2,3,3,zero_shot_paired
31,0,2,0,60,1,0,0,0.5081868767738342,0.5081868767738342,0.5081868767738342,0.49181318283081055,2,3,3,post_calibration
31,1,2,2,60,1,0,0,0.5033109784126282,0.5033109784126282,0.5033109784126282,0.4966890215873718,2,3,3,post_calibration
31,2,2,3,60,0,1,0,0.5016796588897705,0.5016796588897705,0.4983203113079071,0.5016796588897705,2,3,3,post_calibration
31,3,2,4,60,1,0,0,0.5000120997428894,0.5000120997428894,0.5000120997428894,0.499987930059433,2,3,3,post_calibration
31,4,2,5,60,1,1,1,0.500606894493103,0.500606894493103,0.4993930459022522,0.500606894493103,2,3,3,post_calibration
31,5,2,6,60,1,0,0,0.502731204032898,0.502731204032898,0.502731204032898,0.49726876616477966,2,3,3,post_calibration
31,6,2,8,60,0,1,0,0.5002179145812988,0.5002179145812988,0.49978211522102356,0.5002179145812988,2,3,3,post_calibration
31,7,2,9,60,1,0,0,0.5001335740089417,0.5001335740089417,0.5001335740089417,0.49986642599105835,2,3,3,post_calibration
31,8,2,11,60,1,1,1,0.500016450881958,0.500016450881958,0.4999835789203644,0.500016450881958,2,3,3,post_calibration
31,9,2,12,60,1,1,1,0.5059415102005005,0.5059415102005005,0.4940584897994995,0.5059415102005005,2,3,3,post_calibration
31,10,2,13,60,1,1,1,0.5060095191001892,0.5060095191001892,0.493990421295166,0.5060095191001892,2,3,3,post_calibration
31,11,2,14,60,1,1,1,0.5051926970481873,0.5051926970481873,0.49480730295181274,0.5051926970481873,2,3,3,post_calibration
31,12,2,15,60,1,1,1,0.5006237030029297,0.5006237030029297,0.4993763267993927,0.5006237030029297,2,3,3,post_calibration
31,13,2,16,60,0,0,1,0.5072397589683533,0.5072397589683533,0.5072397589683533,0.4927603006362915,2,3,3,post_calibration
31,14,2,17,60,1,1,1,0.5033923387527466,0.5033923387527466,0.4966076612472534,0.5033923387527466,2,3,3,post_calibration
32,0,2,0,60,1,0,0,0.5091267824172974,0.5091267824172974,0.5091267824172974,0.49087318778038025,2,4,3,zero_shot_paired
32,1,2,1,60,1,1,1,0.5011299252510071,0.5011299252510071,0.4988700747489929,0.5011299252510071,2,4,3,zero_shot_paired
32,2,2,3,60,0,1,0,0.5015182495117188,0.5015182495117188,0.49848178029060364,0.5015182495117188,2,4,3,zero_shot_paired
32,3,2,4,60,1,0,0,0.500557005405426,0.500557005405426,0.500557005405426,0.4994429349899292,2,4,3,zero_shot_paired
32,4,2,5,60,1,1,1,0.5000110864639282,0.5000110864639282,0.4999888837337494,0.5000110864639282,2,4,3,zero_shot_paired
32,5,2,6,60,1,0,0,0.5027554035186768,0.5027554035186768,0.5027554035186768,0.49724459648132324,2,4,3,zero_shot_paired
32,6,2,7,60,0,0,1,0.5048251152038574,0.5048251152038574,0.5048251152038574,0.49517494440078735,2,4,3,zero_shot_paired
32,7,2,8,60,0,0,1,0.5003206729888916,0.5003206729888916,0.5003206729888916,0.4996793270111084,2,4,3,zero_shot_paired
32,8,2,9,60,1,0,0,0.5007997155189514,0.5007997155189514,0.5007997155189514,0.4992002844810486,2,4,3,zero_shot_paired
32,9,2,10,60,1,0,0,0.5056005716323853,0.5056005716323853,0.5056005716323853,0.49439939856529236,2,4,3,zero_shot_paired
32,10,2,12,60,1,1,1,0.5052752494812012,0.5052752494812012,0.4947247803211212,0.5052752494812012,2,4,3,zero_shot_paired
32,11,2,13,60,1,1,1,0.5058364868164062,0.5058364868164062,0.49416351318359375,0.5058364868164062,2,4,3,zero_shot_paired
32,12,2,14,60,1,1,1,0.5055973529815674,0.5055973529815674,0.4944026470184326,0.5055973529815674,2,4,3,zero_shot_paired
32,13,2,15,60,1,0,0,0.5008257031440735,0.5008257031440735,0.5008257031440735,0.4991742670536041,2,4,3,zero_shot_paired
32,14,2,16,60,0,0,1,0.5078109502792358,0.5078109502792358,0.5078109502792358,0.49218904972076416,2,4,3,zero_shot_paired
32,0,2,0,60,1,0,0,0.5083186626434326,0.5083186626434326,0.5083186626434326,0.4916813373565674,2,4,3,post_calibration
32,1,2,1,60,1,1,1,0.501770555973053,0.501770555973053,0.498229444026947,0.501770555973053,2,4,3,post_calibration
32,2,2,3,60,0,1,0,0.5012913942337036,0.5012913942337036,0.4987086057662964,0.5012913942337036,2,4,3,post_calibration
32,3,2,4,60,1,0,0,0.500663697719574,0.500663697719574,0.500663697719574,0.4993363320827484,2,4,3,post_calibration
32,4,2,5,60,1,0,0,0.5003567337989807,0.5003567337989807,0.5003567337989807,0.4996432662010193,2,4,3,post_calibration
32,5,2,6,60,1,0,0,0.5018091201782227,0.5018091201782227,0.5018091201782227,0.49819087982177734,2,4,3,post_calibration
32,6,2,7,60,0,0,1,0.5039774179458618,0.5039774179458618,0.5039774179458618,0.49602261185646057,2,4,3,post_calibration
32,7,2,8,60,0,0,1,0.500299334526062,0.500299334526062,0.500299334526062,0.499700665473938,2,4,3,post_calibration
32,8,2,9,60,1,0,0,0.5003958940505981,0.5003958940505981,0.5003958940505981,0.4996040463447571,2,4,3,post_calibration
32,9,2,10,60,1,0,0,0.5035608410835266,0.5035608410835266,0.5035608410835266,0.4964390993118286,2,4,3,post_calibration
32,10,2,12,60,1,1,1,0.5067083835601807,0.5067083835601807,0.49329158663749695,0.5067083835601807,2,4,3,post_calibration
32,11,2,13,60,1,1,1,0.5061608552932739,0.5061608552932739,0.4938391149044037,0.5061608552932739,2,4,3,post_calibration
32,12,2,14,60,1,1,1,0.5047605633735657,0.5047605633735657,0.49523940682411194,0.5047605633735657,2,4,3,post_calibration
32,13,2,15,60,1,0,0,0.500873863697052,0.500873863697052,0.500873863697052,0.499126136302948,2,4,3,post_calibration
32,14,2,16,60,0,0,1,0.5068892240524292,0.5068892240524292,0.5068892240524292,0.4931108057498932,2,4,3,post_calibration
33,0,2,0,60,1,0,0,0.5091267824172974,0.5091267824172974,0.5091267824172974,0.49087318778038025,2,5,3,zero_shot_paired
33,1,2,1,60,1,1,1,0.5011299252510071,0.5011299252510071,0.4988700747489929,0.5011299252510071,2,5,3,zero_shot_paired
33,2,2,2,60,1,0,0,0.5039515495300293,0.5039515495300293,0.5039515495300293,0.4960484206676483,2,5,3,zero_shot_paired
33,3,2,3,60,0,1,0,0.5015182495117188,0.5015182495117188,0.49848178029060364,0.5015182495117188,2,5,3,zero_shot_paired
33,4,2,4,60,1,0,0,0.500557005405426,0.500557005405426,0.500557005405426,0.4994429349899292,2,5,3,zero_shot_paired
33,5,2,5,60,1,1,1,0.5000110864639282,0.5000110864639282,0.4999888837337494,0.5000110864639282,2,5,3,zero_shot_paired
33,6,2,6,60,1,0,0,0.5027554035186768,0.5027554035186768,0.5027554035186768,0.49724459648132324,2,5,3,zero_shot_paired
33,7,2,7,60,0,0,1,0.5048251152038574,0.5048251152038574,0.5048251152038574,0.49517494440078735,2,5,3,zero_shot_paired
33,8,2,8,60,0,0,1,0.5003206729888916,0.5003206729888916,0.5003206729888916,0.4996793270111084,2,5,3,zero_shot_paired
33,9,2,10,60,1,0,0,0.5056005716323853,0.5056005716323853,0.5056005716323853,0.49439939856529236,2,5,3,zero_shot_paired
33,10,2,11,60,1,0,0,0.500373125076294,0.500373125076294,0.500373125076294,0.49962687492370605,2,5,3,zero_shot_paired
33,11,2,12,60,1,1,1,0.5052752494812012,0.5052752494812012,0.4947247803211212,0.5052752494812012,2,5,3,zero_shot_paired
33,12,2,13,60,1,1,1,0.5058364868164062,0.5058364868164062,0.49416351318359375,0.5058364868164062,2,5,3,zero_shot_paired
33,13,2,14,60,1,1,1,0.5055973529815674,0.5055973529815674,0.4944026470184326,0.5055973529815674,2,5,3,zero_shot_paired
33,14,2,17,60,1,1,1,0.5026475787162781,0.5026475787162781,0.4973524212837219,0.5026475787162781,2,5,3,zero_shot_paired
33,0,2,0,60,1,0,0,0.5089964866638184,0.5089964866638184,0.5089964866638184,0.49100348353385925,2,5,3,post_calibration
33,1,2,1,60,1,1,1,0.5017622709274292,0.5017622709274292,0.4982376992702484,0.5017622709274292,2,5,3,post_calibration
33,2,2,2,60,1,0,0,0.5042151808738708,0.5042151808738708,0.5042151808738708,0.49578484892845154,2,5,3,post_calibration
33,3,2,3,60,0,1,0,0.5017445683479309,0.5017445683479309,0.4982554018497467,0.5017445683479309,2,5,3,post_calibration
33,4,2,4,60,1,1,1,0.5002915263175964,0.5002915263175964,0.4997084438800812,0.5002915263175964,2,5,3,post_calibration
33,5,2,5,60,1,1,1,0.5004222393035889,0.5004222393035889,0.4995777904987335,0.5004222393035889,2,5,3,post_calibration
33,6,2,6,60,1,0,0,0.5028526782989502,0.5028526782989502,0.5028526782989502,0.4971473515033722,2,5,3,post_calibration
33,7,2,7,60,0,0,1,0.5048120021820068,0.5048120021820068,0.5048120021820068,0.49518802762031555,2,5,3,post_calibration
33,8,2,8,60,0,0,1,0.5002114176750183,0.5002114176750183,0.5002114176750183,0.4997885227203369,2,5,3,post_calibration
33,9,2,10,60,1,0,0,0.5053278803825378,0.5053278803825378,0.5053278803825378,0.49467208981513977,2,5,3,post_calibration
33,10,2,11,60,1,0,0,0.5006898045539856,0.5006898045539856,0.5006898045539856,0.499310165643692,2,5,3,post_calibration
33,11,2,12,60,1,1,1,0.5052480697631836,0.5052480697631836,0.4947519898414612,0.5052480697631836,2,5,3,post_calibration
33,12,2,13,60,1,1,1,0.5065019130706787,0.5065019130706787,0.4934980869293213,0.5065019130706787,2,5,3,post_calibration
33,13,2,14,60,1,1,1,0.5060423016548157,0.5060423016548157,0.4939576983451843,0.5060423016548157,2,5,3,post_calibration
33,14,2,17,60,1,1,1,0.5028702616691589,0.5028702616691589,0.4971297085285187,0.5028702616691589,2,5,3,post_calibration
34,0,2,1,60,1,1,1,0.5011299252510071,0.5011299252510071,0.4988700747489929,0.5011299252510071,2,6,3,zero_shot_paired
34,1,2,2,60,1,0,0,0.5039515495300293,0.5039515495300293,0.5039515495300293,0.4960484206676483,2,6,3,zero_shot_paired
34,2,2,3,60,0,1,0,0.5015182495117188,0.5015182495117188,0.49848178029060364,0.5015182495117188,2,6,3,zero_shot_paired
34,3,2,4,60,1,0,0,0.500557005405426,0.500557005405426,0.500557005405426,0.4994429349899292,2,6,3,zero_shot_paired
34,4,2,6,60,1,0,0,0.5027554035186768,0.5027554035186768,0.5027554035186768,0.49724459648132324,2,6,3,zero_shot_paired
34,5,2,7,60,0,0,1,0.5048251152038574,0.5048251152038574,0.5048251152038574,0.49517494440078735,2,6,3,zero_shot_paired
34,6,2,8,60,0,0,1,0.5003206729888916,0.5003206729888916,0.5003206729888916,0.4996793270111084,2,6,3,zero_shot_paired
34,7,2,9,60,1,0,0,0.5007997155189514,0.5007997155189514,0.5007997155189514,0.4992002844810486,2,6,3,zero_shot_paired
34,8,2,10,60,1,0,0,0.5056005716323853,0.5056005716323853,0.5056005716323853,0.49439939856529236,2,6,3,zero_shot_paired
34,9,2,11,60,1,0,0,0.500373125076294,0.500373125076294,0.500373125076294,0.49962687492370605,2,6,3,zero_shot_paired
34,10,2,12,60,1,1,1,0.5052752494812012,0.5052752494812012,0.4947247803211212,0.5052752494812012,2,6,3,zero_shot_paired
34,11,2,13,60,1,1,1,0.5058364868164062,0.5058364868164062,0.49416351318359375,0.5058364868164062,2,6,3,zero_shot_paired
34,12,2,15,60,1,0,0,0.5008257031440735,0.5008257031440735,0.5008257031440735,0.4991742670536041,2,6,3,zero_shot_paired
34,13,2,16,60,0,0,1,0.5078109502792358,0.5078109502792358,0.5078109502792358,0.49218904972076416,2,6,3,zero_shot_paired
34,14,2,17,60,1,1,1,0.5026475787162781,0.5026475787162781,0.4973524212837219,0.5026475787162781,2,6,3,zero_shot_paired
34,0,2,1,60,1,1,1,0.5008599758148193,0.5008599758148193,0.49914002418518066,0.5008599758148193,2,6,3,post_calibration
34,1,2,2,60,1,0,0,0.5033352375030518,0.5033352375030518,0.5033352375030518,0.49666473269462585,2,6,3,post_calibration
34,2,2,3,60,0,1,0,0.5013418793678284,0.5013418793678284,0.49865812063217163,0.5013418793678284,2,6,3,post_calibration
34,3,2,4,60,1,1,1,0.5004252195358276,0.5004252195358276,0.49957481026649475,0.5004252195358276,2,6,3,post_calibration
34,4,2,6,60,1,0,0,0.5026232004165649,0.5026232004165649,0.5026232004165649,0.49737679958343506,2,6,3,post_calibration
34,5,2,7,60,0,0,1,0.505683958530426,0.505683958530426,0.505683958530426,0.4943160116672516,2,6,3,post_calibration
34,6,2,8,60,0,1,0,0.5007299780845642,0.5007299780845642,0.4992699921131134,0.5007299780845642,2,6,3,post_calibration
34,7,2,9,60,1,0,0,0.5004496574401855,0.5004496574401855,0.5004496574401855,0.49955037236213684,2,6,3,post_calibration
34,8,2,10,60,1,0,0,0.505164384841919,0.505164384841919,0.505164384841919,0.49483564496040344,2,6,3,post_calibration
34,9,2,11,60,1,0,0,0.5005343556404114,0.5005343556404114,0.5005343556404114,0.4994656443595886,2,6,3,post_calibration
34,10,2,12,60,1,1,1,0.5045480728149414,0.5045480728149414,0.495451956987381,0.5045480728149414,2,6,3,post_calibration
34,11,2,13,60,1,1,1,0.5055661201477051,0.5055661201477051,0.4944339096546173,0.5055661201477051,2,6,3,post_calibration
34,12,2,15,60,1,0,0,0.5012155771255493,0.5012155771255493,0.5012155771255493,0.4987843632698059,2,6,3,post_calibration
34,13,2,16,60,0,0,1,0.5082738399505615,0.5082738399505615,0.5082738399505615,0.49172618985176086,2,6,3,post_calibration
34,14,2,17,60,1,1,1,0.5027291774749756,0.5027291774749756,0.4972708225250244,0.5027291774749756,2,6,3,post_calibration
35,0,2,1,60,1,1,1,0.5011299252510071,0.5011299252510071,0.4988700747489929,0.5011299252510071,2,1,6,zero_shot_paired
35,1,2,3,60,0,1,0,0.5015182495117188,0.5015182495117188,0.49848178029060364,0.5015182495117188,2,1,6,zero_shot_paired
35,2,2,6,60,1,0,0,0.5027554035186768,0.5027554035186768,0.5027554035186768,0.49724459648132324,2,1,6,zero_shot_paired
35,3,2,7,60,0,0,1,0.5048251152038574,0.5048251152038574,0.5048251152038574,0.49517494440078735,2,1,6,zero_shot_paired
35,4,2,9,60,1,0,0,0.5007997155189514,0.5007997155189514,0.5007997155189514,0.4992002844810486,2,1,6,zero_shot_paired
35,5,2,10,60,1,0,0,0.5056005716323853,0.5056005716323853,0.5056005716323853,0.49439939856529236,2,1,6,zero_shot_paired
35,6,2,11,60,1,0,0,0.500373125076294,0.500373125076294,0.500373125076294,0.49962687492370605,2,1,6,zero_shot_paired
35,7,2,12,60,1,1,1,0.5052752494812012,0.5052752494812012,0.4947247803211212,0.5052752494812012,2,1,6,zero_shot_paired
35,8,2,14,60,1,1,1,0.5055973529815674,0.5055973529815674,0.4944026470184326,0.5055973529815674,2,1,6,zero_shot_paired
35,9,2,15,60,1,0,0,0.5008257031440735,0.5008257031440735,0.5008257031440735,0.4991742670536041,2,1,6,zero_shot_paired
35,10,2,16,60,0,0,1,0.5078109502792358,0.5078109502792358,0.5078109502792358,0.49218904972076416,2,1,6,zero_shot_paired
35,11,2,17,60,1,1,1,0.5026475787162781,0.5026475787162781,0.4973524212837219,0.5026475787162781,2,1,6,zero_shot_paired
35,0,2,1,60,1,1,1,0.5018824338912964,0.5018824338912964,0.4981175661087036,0.5018824338912964,2,1,6,post_calibration
35,1,2,3,60,0,1,0,0.5014905333518982,0.5014905333518982,0.4985094666481018,0.5014905333518982,2,1,6,post_calibration
35,2,2,6,60,1,0,0,0.5016143918037415,0.5016143918037415,0.5016143918037415,0.49838563799858093,2,1,6,post_calibration
35,3,2,7,60,0,0,1,0.5045687556266785,0.5045687556266785,0.5045687556266785,0.4954312741756439,2,1,6,post_calibration
35,4,2,9,60,1,1,1,0.5017978549003601,0.5017978549003601,0.4982021450996399,0.5017978549003601,2,1,6,post_calibration
35,5,2,10,60,1,0,0,0.5049482583999634,0.5049482583999634,0.5049482583999634,0.4950517416000366,2,1,6,post_calibration
35,6,2,11,60,1,1,1,0.5007385015487671,0.5007385015487671,0.4992614686489105,0.5007385015487671,2,1,6,post_calibration
35,7,2,12,60,1,1,1,0.5068057179450989,0.5068057179450989,0.49319425225257874,0.5068057179450989,2,1,6,post_calibration
35,8,2,14,60,1,1,1,0.5088313817977905,0.5088313817977905,0.4911686182022095,0.5088313817977905,2,1,6,post_calibration
35,9,2,15,60,1,0,0,0.5009609460830688,0.5009609460830688,0.5009609460830688,0.49903908371925354,2,1,6,post_calibration
35,10,2,16,60,0,0,1,0.5076620578765869,0.5076620578765869,0.5076620578765869,0.4923379719257355,2,1,6,post_calibration
35,11,2,17,60,1,1,1,0.501964271068573,0.501964271068573,0.498035728931427,0.501964271068573,2,1,6,post_calibration
36,0,2,0,60,1,0,0,0.5091267824172974,0.5091267824172974,0.5091267824172974,0.49087318778038025,2,2,6,zero_shot_paired
36,1,2,2,60,1,0,0,0.5039515495300293,0.5039515495300293,0.5039515495300293,0.4960484206676483,2,2,6,zero_shot_paired
36,2,2,4,60,1,0,0,0.500557005405426,0.500557005405426,0.500557005405426,0.4994429349899292,2,2,6,zero_shot_paired
36,3,2,5,60,1,1,1,0.5000110864639282,0.5000110864639282,0.4999888837337494,0.5000110864639282,2,2,6,zero_shot_paired
36,4,2,6,60,1,0,0,0.5027554035186768,0.5027554035186768,0.5027554035186768,0.49724459648132324,2,2,6,zero_shot_paired
36,5,2,8,60,0,0,1,0.5003206729888916,0.5003206729888916,0.5003206729888916,0.4996793270111084,2,2,6,zero_shot_paired
36,6,2,9,60,1,0,0,0.5007997155189514,0.5007997155189514,0.5007997155189514,0.4992002844810486,2,2,6,zero_shot_paired
36,7,2,10,60,1,0,0,0.5056005716323853,0.5056005716323853,0.5056005716323853,0.49439939856529236,2,2,6,zero_shot_paired
36,8,2,12,60,1,1,1,0.5052752494812012,0.5052752494812012,0.4947247803211212,0.5052752494812012,2,2,6,zero_shot_paired
36,9,2,13,60,1,1,1,0.5058364868164062,0.5058364868164062,0.49416351318359375,0.5058364868164062,2,2,6,zero_shot_paired
36,10,2,14,60,1,1,1,0.5055973529815674,0.5055973529815674,0.4944026470184326,0.5055973529815674,2,2,6,zero_shot_paired
36,11,2,16,60,0,0,1,0.5078109502792358,0.5078109502792358,0.5078109502792358,0.49218904972076416,2,2,6,zero_shot_paired
36,0,2,0,60,1,0,0,0.5081990361213684,0.5081990361213684,0.5081990361213684,0.4918009638786316,2,2,6,post_calibration
36,1,2,2,60,1,0,0,0.5037785768508911,0.5037785768508911,0.5037785768508911,0.4962213933467865,2,2,6,post_calibration
36,2,2,4,60,1,0,0,0.5001677870750427,0.5001677870750427,0.5001677870750427,0.4998321831226349,2,2,6,post_calibration
36,3,2,5,60,1,0,0,0.5004918575286865,0.5004918575286865,0.5004918575286865,0.4995081424713135,2,2,6,post_calibration
36,4,2,6,60,1,0,0,0.5020464658737183,0.5020464658737183,0.5020464658737183,0.4979535639286041,2,2,6,post_calibration
36,5,2,8,60,0,1,0,0.5000748038291931,0.5000748038291931,0.4999252259731293,0.5000748038291931,2,2,6,post_calibration
36,6,2,9,60,1,0,0,0.5006642937660217,0.5006642937660217,0.5006642937660217,0.49933570623397827,2,2,6,post_calibration
36,7,2,10,60,1,0,0,0.5042266845703125,0.5042266845703125,0.5042266845703125,0.4957732558250427,2,2,6,post_calibration
36,8,2,12,60,1,1,1,0.5055052638053894,0.5055052638053894,0.4944947063922882,0.5055052638053894,2,2,6,post_calibration
36,9,2,13,60,1,1,1,0.5060856938362122,0.5060856938362122,0.49391427636146545,0.5060856938362122,2,2,6,post_calibration
36,10,2,14,60,1,1,1,0.5058128833770752,0.5058128833770752,0.4941871464252472,0.5058128833770752,2,2,6,post_calibration
36,11,2,16,60,0,0,1,0.5071670413017273,0.5071670413017273,0.5071670413017273,0.4928329288959503,2,2,6,post_calibration
37,0,2,0,60,1,0,0,0.5091267824172974,0.5091267824172974,0.5091267824172974,0.49087318778038025,2,3,6,zero_shot_paired
37,1,2,1,60,1,1,1,0.5011299252510071,0.5011299252510071,0.4988700747489929,0.5011299252510071,2,3,6,zero_shot_paired
37,2,2,2,60,1,0,0,0.5039515495300293,0.5039515495300293,0.5039515495300293,0.4960484206676483,2,3,6,zero_shot_paired
37,3,2,3,60,0,1,0,0.5015182495117188,0.5015182495117188,0.49848178029060364,0.5015182495117188,2,3,6,zero_shot_paired
37,4,2,4,60,1,0,0,0.500557005405426,0.500557005405426,0.500557005405426,0.4994429349899292,2,3,6,zero_shot_paired
37,5,2,5,60,1,1,1,0.5000110864639282,0.5000110864639282,0.4999888837337494,0.5000110864639282,2,3,6,zero_shot_paired
37,6,2,7,60,0,0,1,0.5048251152038574,0.5048251152038574,0.5048251152038574,0.49517494440078735,2,3,6,zero_shot_paired
37,7,2,8,60,0,0,1,0.5003206729888916,0.5003206729888916,0.5003206729888916,0.4996793270111084,2,3,6,zero_shot_paired
37,8,2,11,60,1,0,0,0.500373125076294,0.500373125076294,0.500373125076294,0.49962687492370605,2,3,6,zero_shot_paired
37,9,2,13,60,1,1,1,0.5058364868164062,0.5058364868164062,0.49416351318359375,0.5058364868164062,2,3,6,zero_shot_paired
37,10,2,15,60,1,0,0,0.5008257031440735,0.5008257031440735,0.5008257031440735,0.4991742670536041,2,3,6,zero_shot_paired
37,11,2,17,60,1,1,1,0.5026475787162781,0.5026475787162781,0.4973524212837219,0.5026475787162781,2,3,6,zero_shot_paired
37,0,2,0,60,1,0,0,0.5065742135047913,0.5065742135047913,0.5065742135047913,0.49342575669288635,2,3,6,post_calibration
37,1,2,1,60,1,1,1,0.5008024573326111,0.5008024573326111,0.4991975426673889,0.5008024573326111,2,3,6,post_calibration
37,2,2,2,60,1,0,0,0.502398669719696,0.502398669719696,0.502398669719696,0.49760136008262634,2,3,6,post_calibration
37,3,2,3,60,0,1,0,0.5010892152786255,0.5010892152786255,0.4989107847213745,0.5010892152786255,2,3,6,post_calibration
37,4,2,4,60,1,1,1,0.5009723901748657,0.5009723901748657,0.49902766942977905,0.5009723901748657,2,3,6,post_calibration
37,5,2,5,60,1,1,1,0.5019041299819946,0.5019041299819946,0.49809589982032776,0.5019041299819946,2,3,6,post_calibration
37,6,2,7,60,0,0,1,0.5064636468887329,0.5064636468887329,0.5064636468887329,0.4935363233089447,2,3,6,post_calibration
37,7,2,8,60,0,1,0,0.5012033581733704,0.5012033581733704,0.49879664182662964,0.5012033581733704,2,3,6,post_calibration
37,8,2,11,60,1,0,0,0.5004191994667053,0.5004191994667053,0.5004191994667053,0.4995807707309723,2,3,6,post_calibration
37,9,2,13,60,1,1,1,0.5064338445663452,0.5064338445663452,0.4935661256313324,0.5064338445663452,2,3,6,post_calibration
37,10,2,15,60,1,0,0,0.5022328495979309,0.5022328495979309,0.5022328495979309,0.4977671504020691,2,3,6,post_calibration
37,11,2,17,60,1,1,1,0.5045250654220581,0.5045250654220581,0.4954749345779419,0.5045250654220581,2,3,6,post_calibration
38,0,2,1,60,1,1,1,0.5011298060417175,0.5011298060417175,0.49887019395828247,0.5011298060417175,2,1,9,zero_shot_paired
38,1,2,3,60,0,1,0,0.5015183687210083,0.5015183687210083,0.4984816610813141,0.5015183687210083,2,1,9,zero_shot_paired
38,2,2,6,60,1,0,0,0.5027552843093872,0.5027552843093872,0.5027552843093872,0.497244656085968,2,1,9,zero_shot_paired
38,3,2,9,60,1,0,0,0.5007997155189514,0.5007997155189514,0.5007997155189514,0.4992002844810486,2,1,9,zero_shot_paired
38,4,2,12,60,1,1,1,0.5052752494812012,0.5052752494812012,0.4947247803211212,0.5052752494812012,2,1,9,zero_shot_paired
38,5,2,13,60,1,1,1,0.5058363676071167,0.5058363676071167,0.4941636323928833,0.5058363676071167,2,1,9,zero_shot_paired
38,6,2,15,60,1,0,0,0.5008259415626526,0.5008259415626526,0.5008259415626526,0.4991740882396698,2,1,9,zero_shot_paired
38,7,2,16,60,0,0,1,0.5078107714653015,0.5078107714653015,0.5078107714653015,0.49218928813934326,2,1,9,zero_shot_paired
38,8,2,17,60,1,1,1,0.5026475787162781,0.5026475787162781,0.4973524510860443,0.5026475787162781,2,1,9,zero_shot_paired
38,0,2,1,60,1,1,1,0.5013028979301453,0.5013028979301453,0.49869707226753235,0.5013028979301453,2,1,9,post_calibration
38,1,2,3,60,0,1,0,0.5015016198158264,0.5015016198158264,0.4984983801841736,0.5015016198158264,2,1,9,post_calibration
38,2,2,6,60,1,0,0,0.5011345744132996,0.5011345744132996,0.5011345744132996,0.4988654553890228,2,1,9,post_calibration
38,3,2,9,60,1,1,1,0.5006473660469055,0.5006473660469055,0.49935266375541687,0.5006473660469055,2,1,9,post_calibration
38,4,2,12,60,1,1,1,0.5056533217430115,0.5056533217430115,0.49434661865234375,0.5056533217430115,2,1,9,post_calibration
38,5,2,13,60,1,1,1,0.5062706470489502,0.5062706470489502,0.4937293827533722,0.5062706470489502,2,1,9,post_calibration
38,6,2,15,60,1,0,0,0.5015260577201843,0.5015260577201843,0.5015260577201843,0.4984739124774933,2,1,9,post_calibration
38,7,2,16,60,0,0,1,0.5075812935829163,0.5075812935829163,0.5075812935829163,0.49241870641708374,2,1,9,post_calibration
38,8,2,17,60,1,1,1,0.5033259391784668,0.5033259391784668,0.4966740906238556,0.5033259391784668,2,1,9,post_calibration
39,0,2,0,60,1,0,0,0.5091270208358765,0.5091270208358765,0.5091270208358765,0.4908730089664459,2,2,9,zero_shot_paired
39,1,2,2,60,1,0,0,0.5039518475532532,0.5039518475532532,0.5039518475532532,0.49604812264442444,2,2,9,zero_shot_paired
39,2,2,4,60,1,0,0,0.500557005405426,0.500557005405426,0.500557005405426,0.499442994594574,2,2,9,zero_shot_paired
39,3,2,5,60,1,1,1,0.5000110864639282,0.5000110864639282,0.4999888837337494,0.5000110864639282,2,2,9,zero_shot_paired
39,4,2,7,60,0,0,1,0.5048251152038574,0.5048251152038574,0.5048251152038574,0.49517491459846497,2,2,9,zero_shot_paired
39,5,2,8,60,0,0,1,0.5003206133842468,0.5003206133842468,0.5003206133842468,0.4996793568134308,2,2,9,zero_shot_paired
39,6,2,10,60,1,0,0,0.50560063123703,0.50560063123703,0.50560063123703,0.4943993389606476,2,2,9,zero_shot_paired
39,7,2,11,60,1,0,0,0.5003729462623596,0.5003729462623596,0.5003729462623596,0.4996270537376404,2,2,9,zero_shot_paired
39,8,2,14,60,1,1,1,0.5055973529815674,0.5055973529815674,0.4944026470184326,0.5055973529815674,2,2,9,zero_shot_paired
39,0,2,0,60,1,0,0,0.5081304311752319,0.5081304311752319,0.5081304311752319,0.49186962842941284,2,2,9,post_calibration
39,1,2,2,60,1,0,0,0.5032396912574768,0.5032396912574768,0.5032396912574768,0.4967602789402008,2,2,9,post_calibration
39,2,2,4,60,1,1,1,0.5003286004066467,0.5003286004066467,0.49967142939567566,0.5003286004066467,2,2,9,post_calibration
39,3,2,5,60,1,1,1,0.5004649758338928,0.5004649758338928,0.4995350241661072,0.5004649758338928,2,2,9,post_calibration
39,4,2,7,60,0,0,1,0.5046866536140442,0.5046866536140442,0.5046866536140442,0.4953133463859558,2,2,9,post_calibration
39,5,2,8,60,0,0,1,0.50025874376297,0.50025874376297,0.50025874376297,0.4997412860393524,2,2,9,post_calibration
39,6,2,10,60,1,0,0,0.504192590713501,0.504192590713501,0.504192590713501,0.495807409286499,2,2,9,post_calibration
39,7,2,11,60,1,1,1,0.5001422762870789,0.5001422762870789,0.49985772371292114,0.5001422762870789,2,2,9,post_calibration
39,8,2,14,60,1,1,1,0.5061894655227661,0.5061894655227661,0.4938105344772339,0.5061894655227661,2,2,9,post_calibration
40,0,2,5,60,1,1,1,0.5000085234642029,0.5000085234642029,0.4999915063381195,0.5000085234642029,2,1,12,zero_shot_paired
40,1,2,6,60,1,0,0,0.5027536153793335,0.5027536153793335,0.5027536153793335,0.4972464144229889,2,1,12,zero_shot_paired
40,2,2,7,60,0,0,1,0.5048224925994873,0.5048224925994873,0.5048224925994873,0.4951775074005127,2,1,12,zero_shot_paired
40,3,2,14,60,1,1,1,0.5055962204933167,0.5055962204933167,0.49440380930900574,0.5055962204933167,2,1,12,zero_shot_paired
40,4,2,15,60,1,0,0,0.5008251070976257,0.5008251070976257,0.5008251070976257,0.49917489290237427,2,1,12,zero_shot_paired
40,5,2,17,60,1,1,1,0.502644956111908,0.502644956111908,0.49735504388809204,0.502644956111908,2,1,12,zero_shot_paired
40,0,2,5,60,1,1,1,0.5016542077064514,0.5016542077064514,0.49834585189819336,0.5016542077064514,2,1,12,post_calibration
40,1,2,6,60,1,0,0,0.5007659196853638,0.5007659196853638,0.5007659196853638,0.499234139919281,2,1,12,post_calibration
40,2,2,7,60,0,0,1,0.5042688846588135,0.5042688846588135,0.5042688846588135,0.49573105573654175,2,1,12,post_calibration
40,3,2,14,60,1,1,1,0.5062513947486877,0.5062513947486877,0.49374860525131226,0.5062513947486877,2,1,12,post_calibration
40,4,2,15,60,1,1,1,0.5001814961433411,0.5001814961433411,0.49981847405433655,0.5001814961433411,2,1,12,post_calibration
40,5,2,17,60,1,1,1,0.5037032961845398,0.5037032961845398,0.4962966740131378,0.5037032961845398,2,1,12,post_calibration
41,0,2,1,60,1,1,1,0.5011282563209534,0.5011282563209534,0.49887174367904663,0.5011282563209534,2,2,12,zero_shot_paired
41,1,2,3,60,0,1,0,0.5015166401863098,0.5015166401863098,0.4984833300113678,0.5015166401863098,2,2,12,zero_shot_paired
41,2,2,9,60,1,0,0,0.5007979869842529,0.5007979869842529,0.5007979869842529,0.49920201301574707,2,2,12,zero_shot_paired
41,3,2,11,60,1,0,0,0.5003750324249268,0.5003750324249268,0.5003750324249268,0.49962496757507324,2,2,12,zero_shot_paired
41,4,2,12,60,1,1,1,0.5052788257598877,0.5052788257598877,0.4947211444377899,0.5052788257598877,2,2,12,zero_shot_paired
41,5,2,13,60,1,1,1,0.5058388113975525,0.5058388113975525,0.4941611886024475,0.5058388113975525,2,2,12,zero_shot_paired
41,0,2,1,60,1,1,1,0.5020819902420044,0.5020819902420044,0.4979179799556732,0.5020819902420044,2,2,12,post_calibration
41,1,2,3,60,0,1,0,0.5016692876815796,0.5016692876815796,0.498330682516098,0.5016692876815796,2,2,12,post_calibration
41,2,2,9,60,1,1,1,0.5003042817115784,0.5003042817115784,0.499695748090744,0.5003042817115784,2,2,12,post_calibration
41,3,2,11,60,1,0,0,0.5001101493835449,0.5001101493835449,0.5001101493835449,0.4998898506164551,2,2,12,post_calibration
41,4,2,12,60,1,1,1,0.5059242248535156,0.5059242248535156,0.49407580494880676,0.5059242248535156,2,2,12,post_calibration
41,5,2,13,60,1,1,1,0.5055797696113586,0.5055797696113586,0.49442020058631897,0.5055797696113586,2,2,12,post_calibration
42,0,2,1,60,1,1,1,0.5011282563209534,0.5011282563209534,0.49887174367904663,0.5011282563209534,2,3,12,zero_shot_paired
42,1,2,3,60,0,1,0,0.5015166401863098,0.5015166401863098,0.4984833300113678,0.5015166401863098,2,3,12,zero_shot_paired
42,2,2,9,60,1,0,0,0.5007979869842529,0.5007979869842529,0.5007979869842529,0.49920201301574707,2,3,12,zero_shot_paired
42,3,2,10,60,1,0,0,0.5056009888648987,0.5056009888648987,0.5056009888648987,0.49439898133277893,2,3,12,zero_shot_paired
42,4,2,12,60,1,1,1,0.5052788257598877,0.5052788257598877,0.4947211444377899,0.5052788257598877,2,3,12,zero_shot_paired
42,5,2,17,60,1,1,1,0.502644956111908,0.502644956111908,0.49735504388809204,0.502644956111908,2,3,12,zero_shot_paired
42,0,2,1,60,1,1,1,0.5020280480384827,0.5020280480384827,0.49797192215919495,0.5020280480384827,2,3,12,post_calibration
42,1,2,3,60,0,1,0,0.5017538070678711,0.5017538070678711,0.4982461929321289,0.5017538070678711,2,3,12,post_calibration
42,2,2,9,60,1,0,0,0.500133752822876,0.500133752822876,0.500133752822876,0.499866247177124,2,3,12,post_calibration
42,3,2,10,60,1,0,0,0.5041836500167847,0.5041836500167847,0.5041836500167847,0.49581629037857056,2,3,12,post_calibration
42,4,2,12,60,1,1,1,0.5041637420654297,0.5041637420654297,0.4958362281322479,0.5041637420654297,2,3,12,post_calibration
42,5,2,17,60,1,1,1,0.5016710758209229,0.5016710758209229,0.49832889437675476,0.5016710758209229,2,3,12,post_calibration
4,0,3,0,60,1,1,1,0.5004420876502991,0.5004420876502991,0.4995579421520233,0.5004420876502991,3,,,zero_shot_all_trials
4,1,3,1,60,1,1,1,0.50544273853302,0.50544273853302,0.4945572018623352,0.50544273853302,3,,,zero_shot_all_trials
4,2,3,2,60,1,0,0,0.5007470846176147,0.5007470846176147,0.5007470846176147,0.49925294518470764,3,,,zero_shot_all_trials
4,3,3,3,60,0,0,1,0.5004935264587402,0.5004935264587402,0.5004935264587402,0.49950650334358215,3,,,zero_shot_all_trials
4,4,3,4,60,1,0,0,0.5005065202713013,0.5005065202713013,0.5005065202713013,0.49949347972869873,3,,,zero_shot_all_trials
4,5,3,5,60,1,1,1,0.5021567940711975,0.5021567940711975,0.4978432059288025,0.5021567940711975,3,,,zero_shot_all_trials
4,6,3,6,60,1,0,0,0.5014976859092712,0.5014976859092712,0.5014976859092712,0.49850228428840637,3,,,zero_shot_all_trials
4,7,3,7,60,0,0,1,0.5044909119606018,0.5044909119606018,0.5044909119606018,0.4955091178417206,3,,,zero_shot_all_trials
4,8,3,8,60,0,1,0,0.502111554145813,0.502111554145813,0.4978884160518646,0.502111554145813,3,,,zero_shot_all_trials
4,9,3,9,60,0,0,1,0.5038130283355713,0.5038130283355713,0.5038130283355713,0.4961869418621063,3,,,zero_shot_all_trials
4,10,3,10,60,1,1,1,0.5028163194656372,0.5028163194656372,0.49718374013900757,0.5028163194656372,3,,,zero_shot_all_trials
4,11,3,11,60,1,0,0,0.503667414188385,0.503667414188385,0.503667414188385,0.4963325560092926,3,,,zero_shot_all_trials
4,12,3,12,60,1,0,0,0.5070094466209412,0.5070094466209412,0.5070094466209412,0.49299055337905884,3,,,zero_shot_all_trials
4,13,3,13,60,0,1,0,0.5027493238449097,0.5027493238449097,0.49725064635276794,0.5027493238449097,3,,,zero_shot_all_trials
4,14,3,14,60,0,1,0,0.5049317479133606,0.5049317479133606,0.495068222284317,0.5049317479133606,3,,,zero_shot_all_trials
4,15,3,15,60,1,1,1,0.5075545310974121,0.5075545310974121,0.4924454689025879,0.5075545310974121,3,,,zero_shot_all_trials
4,16,3,16,60,0,0,1,0.5005600452423096,0.5005600452423096,0.5005600452423096,0.4994399845600128,3,,,zero_shot_all_trials
4,17,3,17,60,0,1,0,0.5031558275222778,0.5031558275222778,0.49684420228004456,0.5031558275222778,3,,,zero_shot_all_trials
43,0,3,0,60,1,1,1,0.5004420280456543,0.5004420280456543,0.4995579719543457,0.5004420280456543,3,1,3,zero_shot_paired
43,1,3,2,60,1,0,0,0.5007472038269043,0.5007472038269043,0.5007472038269043,0.4992528557777405,3,1,3,zero_shot_paired
43,2,3,3,60,0,0,1,0.5004933476448059,0.5004933476448059,0.5004933476448059,0.4995066821575165,3,1,3,zero_shot_paired
43,3,3,4,60,1,0,0,0.500506579875946,0.500506579875946,0.500506579875946,0.49949342012405396,3,1,3,zero_shot_paired
43,4,3,6,60,1,0,0,0.5014978051185608,0.5014978051185608,0.5014978051185608,0.4985022246837616,3,1,3,zero_shot_paired
43,5,3,7,60,0,0,1,0.5044910311698914,0.5044910311698914,0.5044910311698914,0.49550893902778625,3,1,3,zero_shot_paired
43,6,3,8,60,0,1,0,0.502111554145813,0.502111554145813,0.4978884160518646,0.502111554145813,3,1,3,zero_shot_paired
43,7,3,10,60,1,1,1,0.5028163194656372,0.5028163194656372,0.4971836805343628,0.5028163194656372,3,1,3,zero_shot_paired
43,8,3,11,60,1,0,0,0.5036675333976746,0.5036675333976746,0.5036675333976746,0.4963324964046478,3,1,3,zero_shot_paired
43,9,3,12,60,1,0,0,0.5070095062255859,0.5070095062255859,0.5070095062255859,0.49299052357673645,3,1,3,zero_shot_paired
43,10,3,13,60,0,1,0,0.5027493238449097,0.5027493238449097,0.4972507059574127,0.5027493238449097,3,1,3,zero_shot_paired
43,11,3,14,60,0,1,0,0.5049315094947815,0.5049315094947815,0.4950685203075409,0.5049315094947815,3,1,3,zero_shot_paired
43,12,3,15,60,1,1,1,0.507554829120636,0.507554829120636,0.4924452304840088,0.507554829120636,3,1,3,zero_shot_paired
43,13,3,16,60,0,0,1,0.5005602836608887,0.5005602836608887,0.5005602836608887,0.4994397461414337,3,1,3,zero_shot_paired
43,14,3,17,60,0,1,0,0.5031557679176331,0.5031557679176331,0.49684420228004456,0.5031557679176331,3,1,3,zero_shot_paired
43,0,3,0,60,1,1,1,0.5016545057296753,0.5016545057296753,0.4983454942703247,0.5016545057296753,3,1,3,post_calibration
43,1,3,2,60,1,1,1,0.5012441873550415,0.5012441873550415,0.4987557828426361,0.5012441873550415,3,1,3,post_calibration
43,2,3,3,60,0,1,0,0.5013955235481262,0.5013955235481262,0.49860450625419617,0.5013955235481262,3,1,3,post_calibration
43,3,3,4,60,1,1,1,0.5014700889587402,0.5014700889587402,0.4985298812389374,0.5014700889587402,3,1,3,post_calibration
43,4,3,6,60,1,0,0,0.5011089444160461,0.5011089444160461,0.5011089444160461,0.49889102578163147,3,1,3,post_calibration
43,5,3,7,60,0,0,1,0.50409996509552,0.50409996509552,0.50409996509552,0.4958999752998352,3,1,3,post_calibration
43,6,3,8,60,0,1,0,0.5041576623916626,0.5041576623916626,0.4958423674106598,0.5041576623916626,3,1,3,post_calibration
43,7,3,10,60,1,1,1,0.5028542280197144,0.5028542280197144,0.49714577198028564,0.5028542280197144,3,1,3,post_calibration
43,8,3,11,60,1,0,0,0.5033004879951477,0.5033004879951477,0.5033004879951477,0.4966995418071747,3,1,3,post_calibration
43,9,3,12,60,1,0,0,0.5068978667259216,0.5068978667259216,0.5068978667259216,0.49310213327407837,3,1,3,post_calibration
43,10,3,13,60,0,1,0,0.5034736394882202,0.5034736394882202,0.4965263903141022,0.5034736394882202,3,1,3,post_calibration
43,11,3,14,60,0,1,0,0.506108283996582,0.506108283996582,0.49389171600341797,0.506108283996582,3,1,3,post_calibration
43,12,3,15,60,1,1,1,0.5079947113990784,0.5079947113990784,0.49200528860092163,0.5079947113990784,3,1,3,post_calibration
43,13,3,16,60,0,0,1,0.5002681016921997,0.5002681016921997,0.5002681016921997,0.4997318685054779,3,1,3,post_calibration
43,14,3,17,60,0,1,0,0.5034492611885071,0.5034492611885071,0.49655067920684814,0.5034492611885071,3,1,3,post_calibration
44,0,3,0,60,1,1,1,0.5004420280456543,0.5004420280456543,0.4995579719543457,0.5004420280456543,3,2,3,zero_shot_paired
44,1,3,1,60,1,1,1,0.5054426789283752,0.5054426789283752,0.49455729126930237,0.5054426789283752,3,2,3,zero_shot_paired
44,2,3,2,60,1,0,0,0.5007472038269043,0.5007472038269043,0.5007472038269043,0.4992528557777405,3,2,3,zero_shot_paired
44,3,3,4,60,1,0,0,0.500506579875946,0.500506579875946,0.500506579875946,0.49949342012405396,3,2,3,zero_shot_paired
44,4,3,5,60,1,1,1,0.502156674861908,0.502156674861908,0.49784326553344727,0.502156674861908,3,2,3,zero_shot_paired
44,5,3,6,60,1,0,0,0.5014978051185608,0.5014978051185608,0.5014978051185608,0.4985022246837616,3,2,3,zero_shot_paired
44,6,3,7,60,0,0,1,0.5044910311698914,0.5044910311698914,0.5044910311698914,0.49550893902778625,3,2,3,zero_shot_paired
44,7,3,9,60,0,0,1,0.5038130283355713,0.5038130283355713,0.5038130283355713,0.4961869418621063,3,2,3,zero_shot_paired
44,8,3,10,60,1,1,1,0.5028163194656372,0.5028163194656372,0.4971836805343628,0.5028163194656372,3,2,3,zero_shot_paired
44,9,3,11,60,1,0,0,0.5036675333976746,0.5036675333976746,0.5036675333976746,0.4963324964046478,3,2,3,zero_shot_paired
44,10,3,12,60,1,0,0,0.5070095062255859,0.5070095062255859,0.5070095062255859,0.49299052357673645,3,2,3,zero_shot_paired
44,11,3,13,60,0,1,0,0.5027493238449097,0.5027493238449097,0.4972507059574127,0.5027493238449097,3,2,3,zero_shot_paired
44,12,3,14,60,0,1,0,0.5049315094947815,0.5049315094947815,0.4950685203075409,0.5049315094947815,3,2,3,zero_shot_paired
44,13,3,16,60,0,0,1,0.5005602836608887,0.5005602836608887,0.5005602836608887,0.4994397461414337,3,2,3,zero_shot_paired
44,14,3,17,60,0,1,0,0.5031557679176331,0.5031557679176331,0.49684420228004456,0.5031557679176331,3,2,3,zero_shot_paired
44,0,3,0,60,1,0,0,0.5009672045707703,0.5009672045707703,0.5009672045707703,0.49903276562690735,3,2,3,post_calibration
44,1,3,1,60,1,1,1,0.5033572316169739,0.5033572316169739,0.4966428279876709,0.5033572316169739,3,2,3,post_calibration
44,2,3,2,60,1,0,0,0.5037676692008972,0.5037676692008972,0.5037676692008972,0.4962323009967804,3,2,3,post_calibration
44,3,3,4,60,1,0,0,0.5030948519706726,0.5030948519706726,0.5030948519706726,0.4969051480293274,3,2,3,post_calibration
44,4,3,5,60,1,1,1,0.5018855929374695,0.5018855929374695,0.4981144070625305,0.5018855929374695,3,2,3,post_calibration
44,5,3,6,60,1,0,0,0.5027115941047668,0.5027115941047668,0.5027115941047668,0.49728840589523315,3,2,3,post_calibration
44,6,3,7,60,0,0,1,0.5057850480079651,0.5057850480079651,0.5057850480079651,0.4942149817943573,3,2,3,post_calibration
44,7,3,9,60,0,0,1,0.5042356848716736,0.5042356848716736,0.5042356848716736,0.49576428532600403,3,2,3,post_calibration
44,8,3,10,60,1,1,1,0.5021892786026001,0.5021892786026001,0.4978107511997223,0.5021892786026001,3,2,3,post_calibration
44,9,3,11,60,1,0,0,0.503879964351654,0.503879964351654,0.503879964351654,0.49612006545066833,3,2,3,post_calibration
44,10,3,12,60,1,0,0,0.5074999928474426,0.5074999928474426,0.5074999928474426,0.49250006675720215,3,2,3,post_calibration
44,11,3,13,60,0,1,0,0.5022043585777283,0.5022043585777283,0.49779564142227173,0.5022043585777283,3,2,3,post_calibration
44,12,3,14,60,0,1,0,0.5046799778938293,0.5046799778938293,0.49532002210617065,0.5046799778938293,3,2,3,post_calibration
44,13,3,16,60,0,0,1,0.5018088817596436,0.5018088817596436,0.5018088817596436,0.49819105863571167,3,2,3,post_calibration
44,14,3,17,60,0,1,0,0.5026561617851257,0.5026561617851257,0.4973438084125519,0.5026561617851257,3,2,3,post_calibration
45,0,3,1,60,1,1,1,0.5054426789283752,0.5054426789283752,0.49455729126930237,0.5054426789283752,3,3,3,zero_shot_paired
45,1,3,3,60,0,0,1,0.5004933476448059,0.5004933476448059,0.5004933476448059,0.4995066821575165,3,3,3,zero_shot_paired
45,2,3,4,60,1,0,0,0.500506579875946,0.500506579875946,0.500506579875946,0.49949342012405396,3,3,3,zero_shot_paired
45,3,3,5,60,1,1,1,0.502156674861908,0.502156674861908,0.49784326553344727,0.502156674861908,3,3,3,zero_shot_paired
45,4,3,6,60,1,0,0,0.5014978051185608,0.5014978051185608,0.5014978051185608,0.4985022246837616,3,3,3,zero_shot_paired
45,5,3,7,60,0,0,1,0.5044910311698914,0.5044910311698914,0.5044910311698914,0.49550893902778625,3,3,3,zero_shot_paired
45,6,3,8,60,0,1,0,0.502111554145813,0.502111554145813,0.4978884160518646,0.502111554145813,3,3,3,zero_shot_paired
45,7,3,9,60,0,0,1,0.5038130283355713,0.5038130283355713,0.5038130283355713,0.4961869418621063,3,3,3,zero_shot_paired
45,8,3,10,60,1,1,1,0.5028163194656372,0.5028163194656372,0.4971836805343628,0.5028163194656372,3,3,3,zero_shot_paired
45,9,3,11,60,1,0,0,0.5036675333976746,0.5036675333976746,0.5036675333976746,0.4963324964046478,3,3,3,zero_shot_paired
45,10,3,12,60,1,0,0,0.5070095062255859,0.5070095062255859,0.5070095062255859,0.49299052357673645,3,3,3,zero_shot_paired
45,11,3,13,60,0,1,0,0.5027493238449097,0.5027493238449097,0.4972507059574127,0.5027493238449097,3,3,3,zero_shot_paired
45,12,3,15,60,1,1,1,0.507554829120636,0.507554829120636,0.4924452304840088,0.507554829120636,3,3,3,zero_shot_paired
45,13,3,16,60,0,0,1,0.5005602836608887,0.5005602836608887,0.5005602836608887,0.4994397461414337,3,3,3,zero_shot_paired
45,14,3,17,60,0,1,0,0.5031557679176331,0.5031557679176331,0.49684420228004456,0.5031557679176331,3,3,3,zero_shot_paired
45,0,3,1,60,1,1,1,0.5068448185920715,0.5068448185920715,0.4931551516056061,0.5068448185920715,3,3,3,post_calibration
45,1,3,3,60,0,1,0,0.5009390711784363,0.5009390711784363,0.4990609884262085,0.5009390711784363,3,3,3,post_calibration
45,2,3,4,60,1,1,1,0.5005200505256653,0.5005200505256653,0.4994799792766571,0.5005200505256653,3,3,3,post_calibration
45,3,3,5,60,1,1,1,0.5025666356086731,0.5025666356086731,0.4974333345890045,0.5025666356086731,3,3,3,post_calibration
45,4,3,6,60,1,0,0,0.5003491640090942,0.5003491640090942,0.5003491640090942,0.49965086579322815,3,3,3,post_calibration
45,5,3,7,60,0,0,1,0.5028155446052551,0.5028155446052551,0.5028155446052551,0.49718451499938965,3,3,3,post_calibration
45,6,3,8,60,0,1,0,0.5024415850639343,0.5024415850639343,0.4975584149360657,0.5024415850639343,3,3,3,post_calibration
45,7,3,9,60,0,0,1,0.5038968920707703,0.5038968920707703,0.5038968920707703,0.49610310792922974,3,3,3,post_calibration
45,8,3,10,60,1,1,1,0.5034641623497009,0.5034641623497009,0.4965358078479767,0.5034641623497009,3,3,3,post_calibration
45,9,3,11,60,1,0,0,0.5032981634140015,0.5032981634140015,0.5032981634140015,0.49670183658599854,3,3,3,post_calibration
45,10,3,12,60,1,0,0,0.5063124299049377,0.5063124299049377,0.5063124299049377,0.49368757009506226,3,3,3,post_calibration
45,11,3,13,60,0,1,0,0.5032599568367004,0.5032599568367004,0.4967399835586548,0.5032599568367004,3,3,3,post_calibration
45,12,3,15,60,1,1,1,0.5071462988853455,0.5071462988853455,0.49285370111465454,0.5071462988853455,3,3,3,post_calibration
45,13,3,16,60,0,1,0,0.5003058314323425,0.5003058314323425,0.49969419836997986,0.5003058314323425,3,3,3,post_calibration
45,14,3,17,60,0,1,0,0.5027530193328857,0.5027530193328857,0.49724698066711426,0.5027530193328857,3,3,3,post_calibration
46,0,3,0,60,1,1,1,0.5004420280456543,0.5004420280456543,0.4995579719543457,0.5004420280456543,3,4,3,zero_shot_paired
46,1,3,1,60,1,1,1,0.5054426789283752,0.5054426789283752,0.49455729126930237,0.5054426789283752,3,4,3,zero_shot_paired
46,2,3,2,60,1,0,0,0.5007472038269043,0.5007472038269043,0.5007472038269043,0.4992528557777405,3,4,3,zero_shot_paired
46,3,3,3,60,0,0,1,0.5004933476448059,0.5004933476448059,0.5004933476448059,0.4995066821575165,3,4,3,zero_shot_paired
46,4,3,5,60,1,1,1,0.502156674861908,0.502156674861908,0.49784326553344727,0.502156674861908,3,4,3,zero_shot_paired
46,5,3,6,60,1,0,0,0.5014978051185608,0.5014978051185608,0.5014978051185608,0.4985022246837616,3,4,3,zero_shot_paired
46,6,3,8,60,0,1,0,0.502111554145813,0.502111554145813,0.4978884160518646,0.502111554145813,3,4,3,zero_shot_paired
46,7,3,9,60,0,0,1,0.5038130283355713,0.5038130283355713,0.5038130283355713,0.4961869418621063,3,4,3,zero_shot_paired
46,8,3,10,60,1,1,1,0.5028163194656372,0.5028163194656372,0.4971836805343628,0.5028163194656372,3,4,3,zero_shot_paired
46,9,3,12,60,1,0,0,0.5070095062255859,0.5070095062255859,0.5070095062255859,0.49299052357673645,3,4,3,zero_shot_paired
46,10,3,13,60,0,1,0,0.5027493238449097,0.5027493238449097,0.4972507059574127,0.5027493238449097,3,4,3,zero_shot_paired
46,11,3,14,60,0,1,0,0.5049315094947815,0.5049315094947815,0.4950685203075409,0.5049315094947815,3,4,3,zero_shot_paired
46,12,3,15,60,1,1,1,0.507554829120636,0.507554829120636,0.4924452304840088,0.507554829120636,3,4,3,zero_shot_paired
46,13,3,16,60,0,0,1,0.5005602836608887,0.5005602836608887,0.5005602836608887,0.4994397461414337,3,4,3,zero_shot_paired
46,14,3,17,60,0,1,0,0.5031557679176331,0.5031557679176331,0.49684420228004456,0.5031557679176331,3,4,3,zero_shot_paired
46,0,3,0,60,1,1,1,0.5002217888832092,0.5002217888832092,0.49977821111679077,0.5002217888832092,3,4,3,post_calibration
46,1,3,1,60,1,1,1,0.50672847032547,0.50672847032547,0.49327149987220764,0.50672847032547,3,4,3,post_calibration
46,2,3,2,60,1,1,1,0.5009304285049438,0.5009304285049438,0.49906960129737854,0.5009304285049438,3,4,3,post_calibration
46,3,3,3,60,0,1,0,0.5014917254447937,0.5014917254447937,0.4985082447528839,0.5014917254447937,3,4,3,post_calibration
46,4,3,5,60,1,1,1,0.502225935459137,0.502225935459137,0.49777406454086304,0.502225935459137,3,4,3,post_calibration
46,5,3,6,60,1,0,0,0.5011956095695496,0.5011956095695496,0.5011956095695496,0.4988044202327728,3,4,3,post_calibration
46,6,3,8,60,0,1,0,0.5034677982330322,0.5034677982330322,0.4965322017669678,0.5034677982330322,3,4,3,post_calibration
46,7,3,9,60,0,0,1,0.5040374994277954,0.5040374994277954,0.5040374994277954,0.49596256017684937,3,4,3,post_calibration
46,8,3,10,60,1,1,1,0.5034920573234558,0.5034920573234558,0.4965079426765442,0.5034920573234558,3,4,3,post_calibration
46,9,3,12,60,1,0,0,0.5066273212432861,0.5066273212432861,0.5066273212432861,0.4933726191520691,3,4,3,post_calibration
46,10,3,13,60,0,1,0,0.502379834651947,0.502379834651947,0.497620165348053,0.502379834651947,3,4,3,post_calibration
46,11,3,14,60,0,1,0,0.5051201581954956,0.5051201581954956,0.4948798716068268,0.5051201581954956,3,4,3,post_calibration
46,12,3,15,60,1,1,1,0.5079675912857056,0.5079675912857056,0.4920324683189392,0.5079675912857056,3,4,3,post_calibration
46,13,3,16,60,0,0,1,0.500441312789917,0.500441312789917,0.500441312789917,0.4995587170124054,3,4,3,post_calibration
46,14,3,17,60,0,1,0,0.5032818913459778,0.5032818913459778,0.4967181384563446,0.5032818913459778,3,4,3,post_calibration
47,0,3,0,60,1,1,1,0.5004420280456543,0.5004420280456543,0.4995579719543457,0.5004420280456543,3,5,3,zero_shot_paired
47,1,3,1,60,1,1,1,0.5054426789283752,0.5054426789283752,0.49455729126930237,0.5054426789283752,3,5,3,zero_shot_paired
47,2,3,2,60,1,0,0,0.5007472038269043,0.5007472038269043,0.5007472038269043,0.4992528557777405,3,5,3,zero_shot_paired
47,3,3,3,60,0,0,1,0.5004933476448059,0.5004933476448059,0.5004933476448059,0.4995066821575165,3,5,3,zero_shot_paired
47,4,3,4,60,1,0,0,0.500506579875946,0.500506579875946,0.500506579875946,0.49949342012405396,3,5,3,zero_shot_paired
47,5,3,5,60,1,1,1,0.502156674861908,0.502156674861908,0.49784326553344727,0.502156674861908,3,5,3,zero_shot_paired
47,6,3,7,60,0,0,1,0.5044910311698914,0.5044910311698914,0.5044910311698914,0.49550893902778625,3,5,3,zero_shot_paired
47,7,3,8,60,0,1,0,0.502111554145813,0.502111554145813,0.4978884160518646,0.502111554145813,3,5,3,zero_shot_paired
47,8,3,9,60,0,0,1,0.5038130283355713,0.5038130283355713,0.5038130283355713,0.4961869418621063,3,5,3,zero_shot_paired
47,9,3,10,60,1,1,1,0.5028163194656372,0.5028163194656372,0.4971836805343628,0.5028163194656372,3,5,3,zero_shot_paired
47,10,3,11,60,1,0,0,0.5036675333976746,0.5036675333976746,0.5036675333976746,0.4963324964046478,3,5,3,zero_shot_paired
47,11,3,12,60,1,0,0,0.5070095062255859,0.5070095062255859,0.5070095062255859,0.49299052357673645,3,5,3,zero_shot_paired
47,12,3,13,60,0,1,0,0.5027493238449097,0.5027493238449097,0.4972507059574127,0.5027493238449097,3,5,3,zero_shot_paired
47,13,3,14,60,0,1,0,0.5049315094947815,0.5049315094947815,0.4950685203075409,0.5049315094947815,3,5,3,zero_shot_paired
47,14,3,15,60,1,1,1,0.507554829120636,0.507554829120636,0.4924452304840088,0.507554829120636,3,5,3,zero_shot_paired
47,0,3,0,60,1,1,1,0.5000866651535034,0.5000866651535034,0.4999132752418518,0.5000866651535034,3,5,3,post_calibration
47,1,3,1,60,1,1,1,0.5049957036972046,0.5049957036972046,0.4950042963027954,0.5049957036972046,3,5,3,post_calibration
47,2,3,2,60,1,0,0,0.5012544989585876,0.5012544989585876,0.5012544989585876,0.49874556064605713,3,5,3,post_calibration
47,3,3,3,60,0,0,1,0.5012038350105286,0.5012038350105286,0.5012038350105286,0.4987961947917938,3,5,3,post_calibration
47,4,3,4,60,1,0,0,0.5006809234619141,0.5006809234619141,0.5006809234619141,0.4993191063404083,3,5,3,post_calibration
47,5,3,5,60,1,1,1,0.5021230578422546,0.5021230578422546,0.49787700176239014,0.5021230578422546,3,5,3,post_calibration
47,6,3,7,60,0,0,1,0.5055782794952393,0.5055782794952393,0.5055782794952393,0.49442172050476074,3,5,3,post_calibration
47,7,3,8,60,0,1,0,0.5017620325088501,0.5017620325088501,0.4982379376888275,0.5017620325088501,3,5,3,post_calibration
47,8,3,9,60,0,0,1,0.5047271251678467,0.5047271251678467,0.5047271251678467,0.4952728748321533,3,5,3,post_calibration
47,9,3,10,60,1,1,1,0.5022907853126526,0.5022907853126526,0.497709184885025,0.5022907853126526,3,5,3,post_calibration
47,10,3,11,60,1,0,0,0.5036522150039673,0.5036522150039673,0.5036522150039673,0.4963477849960327,3,5,3,post_calibration
47,11,3,12,60,1,0,0,0.5066575407981873,0.5066575407981873,0.5066575407981873,0.4933425188064575,3,5,3,post_calibration
47,12,3,13,60,0,1,0,0.5026195645332336,0.5026195645332336,0.49738040566444397,0.5026195645332336,3,5,3,post_calibration
47,13,3,14,60,0,1,0,0.5039025545120239,0.5039025545120239,0.4960974454879761,0.5039025545120239,3,5,3,post_calibration
47,14,3,15,60,1,1,1,0.5072444081306458,0.5072444081306458,0.49275556206703186,0.5072444081306458,3,5,3,post_calibration
48,0,3,0,60,1,1,1,0.5004420280456543,0.5004420280456543,0.4995579719543457,0.5004420280456543,3,6,3,zero_shot_paired
48,1,3,1,60,1,1,1,0.5054426789283752,0.5054426789283752,0.49455729126930237,0.5054426789283752,3,6,3,zero_shot_paired
48,2,3,2,60,1,0,0,0.5007472038269043,0.5007472038269043,0.5007472038269043,0.4992528557777405,3,6,3,zero_shot_paired
48,3,3,3,60,0,0,1,0.5004933476448059,0.5004933476448059,0.5004933476448059,0.4995066821575165,3,6,3,zero_shot_paired
48,4,3,4,60,1,0,0,0.500506579875946,0.500506579875946,0.500506579875946,0.49949342012405396,3,6,3,zero_shot_paired
48,5,3,5,60,1,1,1,0.502156674861908,0.502156674861908,0.49784326553344727,0.502156674861908,3,6,3,zero_shot_paired
48,6,3,6,60,1,0,0,0.5014978051185608,0.5014978051185608,0.5014978051185608,0.4985022246837616,3,6,3,zero_shot_paired
48,7,3,7,60,0,0,1,0.5044910311698914,0.5044910311698914,0.5044910311698914,0.49550893902778625,3,6,3,zero_shot_paired
48,8,3,8,60,0,1,0,0.502111554145813,0.502111554145813,0.4978884160518646,0.502111554145813,3,6,3,zero_shot_paired
48,9,3,9,60,0,0,1,0.5038130283355713,0.5038130283355713,0.5038130283355713,0.4961869418621063,3,6,3,zero_shot_paired
48,10,3,11,60,1,0,0,0.5036675333976746,0.5036675333976746,0.5036675333976746,0.4963324964046478,3,6,3,zero_shot_paired
48,11,3,14,60,0,1,0,0.5049315094947815,0.5049315094947815,0.4950685203075409,0.5049315094947815,3,6,3,zero_shot_paired
48,12,3,15,60,1,1,1,0.507554829120636,0.507554829120636,0.4924452304840088,0.507554829120636,3,6,3,zero_shot_paired
48,13,3,16,60,0,0,1,0.5005602836608887,0.5005602836608887,0.5005602836608887,0.4994397461414337,3,6,3,zero_shot_paired
48,14,3,17,60,0,1,0,0.5031557679176331,0.5031557679176331,0.49684420228004456,0.5031557679176331,3,6,3,zero_shot_paired
48,0,3,0,60,1,1,1,0.5003094673156738,0.5003094673156738,0.4996905028820038,0.5003094673156738,3,6,3,post_calibration
48,1,3,1,60,1,1,1,0.505377471446991,0.505377471446991,0.49462252855300903,0.505377471446991,3,6,3,post_calibration
48,2,3,2,60,1,0,0,0.500516951084137,0.500516951084137,0.500516951084137,0.49948301911354065,3,6,3,post_calibration
48,3,3,3,60,0,1,0,0.5001354217529297,0.5001354217529297,0.4998646378517151,0.5001354217529297,3,6,3,post_calibration
48,4,3,4,60,1,0,0,0.5001189708709717,0.5001189708709717,0.5001189708709717,0.4998810291290283,3,6,3,post_calibration
48,5,3,5,60,1,1,1,0.5023511052131653,0.5023511052131653,0.4976489543914795,0.5023511052131653,3,6,3,post_calibration
48,6,3,6,60,1,0,0,0.500235915184021,0.500235915184021,0.500235915184021,0.4997641146183014,3,6,3,post_calibration
48,7,3,7,60,0,0,1,0.5035091042518616,0.5035091042518616,0.5035091042518616,0.4964908957481384,3,6,3,post_calibration
48,8,3,8,60,0,1,0,0.5021645426750183,0.5021645426750183,0.4978354573249817,0.5021645426750183,3,6,3,post_calibration
48,9,3,9,60,0,0,1,0.502448558807373,0.502448558807373,0.502448558807373,0.49755144119262695,3,6,3,post_calibration
48,10,3,11,60,1,0,0,0.5031107664108276,0.5031107664108276,0.5031107664108276,0.49688929319381714,3,6,3,post_calibration
48,11,3,14,60,0,1,0,0.5041194558143616,0.5041194558143616,0.4958805441856384,0.5041194558143616,3,6,3,post_calibration
48,12,3,15,60,1,1,1,0.5079792737960815,0.5079792737960815,0.49202069640159607,0.5079792737960815,3,6,3,post_calibration
48,13,3,16,60,0,1,0,0.5006039142608643,0.5006039142608643,0.49939608573913574,0.5006039142608643,3,6,3,post_calibration
48,14,3,17,60,0,1,0,0.5032328963279724,0.5032328963279724,0.4967671036720276,0.5032328963279724,3,6,3,post_calibration
49,0,3,0,60,1,1,1,0.5004420280456543,0.5004420280456543,0.4995579719543457,0.5004420280456543,3,1,6,zero_shot_paired
49,1,3,1,60,1,1,1,0.5054426789283752,0.5054426789283752,0.49455729126930237,0.5054426789283752,3,1,6,zero_shot_paired
49,2,3,3,60,0,0,1,0.5004933476448059,0.5004933476448059,0.5004933476448059,0.4995066821575165,3,1,6,zero_shot_paired
49,3,3,4,60,1,0,0,0.500506579875946,0.500506579875946,0.500506579875946,0.49949342012405396,3,1,6,zero_shot_paired
49,4,3,5,60,1,1,1,0.502156674861908,0.502156674861908,0.49784326553344727,0.502156674861908,3,1,6,zero_shot_paired
49,5,3,6,60,1,0,0,0.5014978051185608,0.5014978051185608,0.5014978051185608,0.4985022246837616,3,1,6,zero_shot_paired
49,6,3,7,60,0,0,1,0.5044910311698914,0.5044910311698914,0.5044910311698914,0.49550893902778625,3,1,6,zero_shot_paired
49,7,3,8,60,0,1,0,0.502111554145813,0.502111554145813,0.4978884160518646,0.502111554145813,3,1,6,zero_shot_paired
49,8,3,11,60,1,0,0,0.5036675333976746,0.5036675333976746,0.5036675333976746,0.4963324964046478,3,1,6,zero_shot_paired
49,9,3,13,60,0,1,0,0.5027493238449097,0.5027493238449097,0.4972507059574127,0.5027493238449097,3,1,6,zero_shot_paired
49,10,3,15,60,1,1,1,0.507554829120636,0.507554829120636,0.4924452304840088,0.507554829120636,3,1,6,zero_shot_paired
49,11,3,16,60,0,0,1,0.5005602836608887,0.5005602836608887,0.5005602836608887,0.4994397461414337,3,1,6,zero_shot_paired
49,0,3,0,60,1,1,1,0.5004510283470154,0.5004510283470154,0.4995489716529846,0.5004510283470154,3,1,6,post_calibration
49,1,3,1,60,1,1,1,0.505768358707428,0.505768358707428,0.49423161149024963,0.505768358707428,3,1,6,post_calibration
49,2,3,3,60,0,1,0,0.5013468265533447,0.5013468265533447,0.49865320324897766,0.5013468265533447,3,1,6,post_calibration
49,3,3,4,60,1,1,1,0.5014259815216064,0.5014259815216064,0.49857404828071594,0.5014259815216064,3,1,6,post_calibration
49,4,3,5,60,1,1,1,0.503139078617096,0.503139078617096,0.49686092138290405,0.503139078617096,3,1,6,post_calibration
49,5,3,6,60,1,0,0,0.5008183717727661,0.5008183717727661,0.5008183717727661,0.4991816282272339,3,1,6,post_calibration
49,6,3,7,60,0,0,1,0.5037333965301514,0.5037333965301514,0.5037333965301514,0.496266633272171,3,1,6,post_calibration
49,7,3,8,60,0,1,0,0.5020818710327148,0.5020818710327148,0.49791809916496277,0.5020818710327148,3,1,6,post_calibration
49,8,3,11,60,1,0,0,0.5032464265823364,0.5032464265823364,0.5032464265823364,0.4967535734176636,3,1,6,post_calibration
49,9,3,13,60,0,1,0,0.5024980902671814,0.5024980902671814,0.4975019097328186,0.5024980902671814,3,1,6,post_calibration
49,10,3,15,60,1,1,1,0.5075838565826416,0.5075838565826416,0.492416113615036,0.5075838565826416,3,1,6,post_calibration
49,11,3,16,60,0,1,0,0.5001800656318665,0.5001800656318665,0.49981996417045593,0.5001800656318665,3,1,6,post_calibration
50,0,3,0,60,1,1,1,0.5004420280456543,0.5004420280456543,0.4995579719543457,0.5004420280456543,3,2,6,zero_shot_paired
50,1,3,2,60,1,0,0,0.5007472038269043,0.5007472038269043,0.5007472038269043,0.4992528557777405,3,2,6,zero_shot_paired
50,2,3,4,60,1,0,0,0.500506579875946,0.500506579875946,0.500506579875946,0.49949342012405396,3,2,6,zero_shot_paired
50,3,3,7,60,0,0,1,0.5044910311698914,0.5044910311698914,0.5044910311698914,0.49550893902778625,3,2,6,zero_shot_paired
50,4,3,8,60,0,1,0,0.502111554145813,0.502111554145813,0.4978884160518646,0.502111554145813,3,2,6,zero_shot_paired
50,5,3,9,60,0,0,1,0.5038130283355713,0.5038130283355713,0.5038130283355713,0.4961869418621063,3,2,6,zero_shot_paired
50,6,3,10,60,1,1,1,0.5028163194656372,0.5028163194656372,0.4971836805343628,0.5028163194656372,3,2,6,zero_shot_paired
50,7,3,11,60,1,0,0,0.5036675333976746,0.5036675333976746,0.5036675333976746,0.4963324964046478,3,2,6,zero_shot_paired
50,8,3,12,60,1,0,0,0.5070095062255859,0.5070095062255859,0.5070095062255859,0.49299052357673645,3,2,6,zero_shot_paired
50,9,3,14,60,0,1,0,0.5049315094947815,0.5049315094947815,0.4950685203075409,0.5049315094947815,3,2,6,zero_shot_paired
50,10,3,15,60,1,1,1,0.507554829120636,0.507554829120636,0.4924452304840088,0.507554829120636,3,2,6,zero_shot_paired
50,11,3,17,60,0,1,0,0.5031557679176331,0.5031557679176331,0.49684420228004456,0.5031557679176331,3,2,6,zero_shot_paired
50,0,3,0,60,1,1,1,0.5000622272491455,0.5000622272491455,0.4999377429485321,0.5000622272491455,3,2,6,post_calibration
50,1,3,2,60,1,0,0,0.5012602210044861,0.5012602210044861,0.5012602210044861,0.4987398087978363,3,2,6,post_calibration
50,2,3,4,60,1,0,0,0.5011617541313171,0.5011617541313171,0.5011617541313171,0.4988382160663605,3,2,6,post_calibration
50,3,3,7,60,0,0,1,0.5038211345672607,0.5038211345672607,0.5038211345672607,0.49617886543273926,3,2,6,post_calibration
50,4,3,8,60,0,1,0,0.5026859045028687,0.5026859045028687,0.49731412529945374,0.5026859045028687,3,2,6,post_calibration
50,5,3,9,60,0,0,1,0.5033568739891052,0.5033568739891052,0.5033568739891052,0.4966431260108948,3,2,6,post_calibration
50,6,3,10,60,1,1,1,0.5030796527862549,0.5030796527862549,0.4969203472137451,0.5030796527862549,3,2,6,post_calibration
50,7,3,11,60,1,0,0,0.5034639239311218,0.5034639239311218,0.5034639239311218,0.4965360760688782,3,2,6,post_calibration
50,8,3,12,60,1,0,0,0.5067564845085144,0.5067564845085144,0.5067564845085144,0.4932434856891632,3,2,6,post_calibration
50,9,3,14,60,0,1,0,0.5053665637969971,0.5053665637969971,0.49463343620300293,0.5053665637969971,3,2,6,post_calibration
50,10,3,15,60,1,1,1,0.5080518126487732,0.5080518126487732,0.4919481575489044,0.5080518126487732,3,2,6,post_calibration
50,11,3,17,60,0,1,0,0.5036928057670593,0.5036928057670593,0.4963071644306183,0.5036928057670593,3,2,6,post_calibration
51,0,3,1,60,1,1,1,0.5054426789283752,0.5054426789283752,0.49455729126930237,0.5054426789283752,3,3,6,zero_shot_paired
51,1,3,2,60,1,0,0,0.5007472038269043,0.5007472038269043,0.5007472038269043,0.4992528557777405,3,3,6,zero_shot_paired
51,2,3,3,60,0,0,1,0.5004933476448059,0.5004933476448059,0.5004933476448059,0.4995066821575165,3,3,6,zero_shot_paired
51,3,3,5,60,1,1,1,0.502156674861908,0.502156674861908,0.49784326553344727,0.502156674861908,3,3,6,zero_shot_paired
51,4,3,6,60,1,0,0,0.5014978051185608,0.5014978051185608,0.5014978051185608,0.4985022246837616,3,3,6,zero_shot_paired
51,5,3,9,60,0,0,1,0.5038130283355713,0.5038130283355713,0.5038130283355713,0.4961869418621063,3,3,6,zero_shot_paired
51,6,3,10,60,1,1,1,0.5028163194656372,0.5028163194656372,0.4971836805343628,0.5028163194656372,3,3,6,zero_shot_paired
51,7,3,12,60,1,0,0,0.5070095062255859,0.5070095062255859,0.5070095062255859,0.49299052357673645,3,3,6,zero_shot_paired
51,8,3,13,60,0,1,0,0.5027493238449097,0.5027493238449097,0.4972507059574127,0.5027493238449097,3,3,6,zero_shot_paired
51,9,3,14,60,0,1,0,0.5049315094947815,0.5049315094947815,0.4950685203075409,0.5049315094947815,3,3,6,zero_shot_paired
51,10,3,16,60,0,0,1,0.5005602836608887,0.5005602836608887,0.5005602836608887,0.4994397461414337,3,3,6,zero_shot_paired
51,11,3,17,60,0,1,0,0.5031557679176331,0.5031557679176331,0.49684420228004456,0.5031557679176331,3,3,6,zero_shot_paired
51,0,3,1,60,1,1,1,0.5053032636642456,0.5053032636642456,0.4946967661380768,0.5053032636642456,3,3,6,post_calibration
51,1,3,2,60,1,0,0,0.5008150339126587,0.5008150339126587,0.5008150339126587,0.4991849660873413,3,3,6,post_calibration
51,2,3,3,60,0,0,1,0.5002099871635437,0.5002099871635437,0.5002099871635437,0.4997900128364563,3,3,6,post_calibration
51,3,3,5,60,1,1,1,0.5018087029457092,0.5018087029457092,0.4981912672519684,0.5018087029457092,3,3,6,post_calibration
51,4,3,6,60,1,0,0,0.5022226572036743,0.5022226572036743,0.5022226572036743,0.4977773427963257,3,3,6,post_calibration
51,5,3,9,60,0,0,1,0.5042426586151123,0.5042426586151123,0.5042426586151123,0.4957573711872101,3,3,6,post_calibration
51,6,3,10,60,1,1,1,0.503176748752594,0.503176748752594,0.496823251247406,0.503176748752594,3,3,6,post_calibration
51,7,3,12,60,1,0,0,0.5073437690734863,0.5073437690734863,0.5073437690734863,0.4926561713218689,3,3,6,post_calibration
51,8,3,13,60,0,1,0,0.5032790899276733,0.5032790899276733,0.49672091007232666,0.5032790899276733,3,3,6,post_calibration
51,9,3,14,60,0,1,0,0.5050535798072815,0.5050535798072815,0.4949464201927185,0.5050535798072815,3,3,6,post_calibration
51,10,3,16,60,0,0,1,0.5005625486373901,0.5005625486373901,0.5005625486373901,0.49943745136260986,3,3,6,post_calibration
51,11,3,17,60,0,1,0,0.5025123953819275,0.5025123953819275,0.4974876344203949,0.5025123953819275,3,3,6,post_calibration
52,0,3,0,60,1,1,1,0.50044184923172,0.50044184923172,0.49955815076828003,0.50044184923172,3,1,9,zero_shot_paired
52,1,3,3,60,0,0,1,0.5004934072494507,0.5004934072494507,0.5004934072494507,0.49950656294822693,3,1,9,zero_shot_paired
52,2,3,5,60,1,1,1,0.5021567940711975,0.5021567940711975,0.4978432059288025,0.5021567940711975,3,1,9,zero_shot_paired
52,3,3,9,60,0,0,1,0.5038130283355713,0.5038130283355713,0.5038130283355713,0.4961869418621063,3,1,9,zero_shot_paired
52,4,3,10,60,1,1,1,0.5028163194656372,0.5028163194656372,0.49718374013900757,0.5028163194656372,3,1,9,zero_shot_paired
52,5,3,11,60,1,0,0,0.503667414188385,0.503667414188385,0.503667414188385,0.4963325560092926,3,1,9,zero_shot_paired
52,6,3,13,60,0,1,0,0.5027493238449097,0.5027493238449097,0.4972507059574127,0.5027493238449097,3,1,9,zero_shot_paired
52,7,3,15,60,1,1,1,0.5075545310974121,0.5075545310974121,0.4924454391002655,0.5075545310974121,3,1,9,zero_shot_paired
52,8,3,17,60,0,1,0,0.5031557083129883,0.5031557083129883,0.4968442916870117,0.5031557083129883,3,1,9,zero_shot_paired
52,0,3,0,60,1,1,1,0.5013411641120911,0.5013411641120911,0.4986588656902313,0.5013411641120911,3,1,9,post_calibration
52,1,3,3,60,0,1,0,0.5020462274551392,0.5020462274551392,0.49795374274253845,0.5020462274551392,3,1,9,post_calibration
52,2,3,5,60,1,1,1,0.5026284456253052,0.5026284456253052,0.4973715841770172,0.5026284456253052,3,1,9,post_calibration
52,3,3,9,60,0,0,1,0.5036243796348572,0.5036243796348572,0.5036243796348572,0.4963756203651428,3,1,9,post_calibration
52,4,3,10,60,1,1,1,0.5033320784568787,0.5033320784568787,0.49666789174079895,0.5033320784568787,3,1,9,post_calibration
52,5,3,11,60,1,0,0,0.5032609105110168,0.5032609105110168,0.5032609105110168,0.4967390298843384,3,1,9,post_calibration
52,6,3,13,60,0,1,0,0.5033026337623596,0.5033026337623596,0.49669739603996277,0.5033026337623596,3,1,9,post_calibration
52,7,3,15,60,1,1,1,0.5077866911888123,0.5077866911888123,0.49221330881118774,0.5077866911888123,3,1,9,post_calibration
52,8,3,17,60,0,1,0,0.5032519102096558,0.5032519102096558,0.49674808979034424,0.5032519102096558,3,1,9,post_calibration
53,0,3,1,60,1,1,1,0.5054427981376648,0.5054427981376648,0.4945571720600128,0.5054427981376648,3,2,9,zero_shot_paired
53,1,3,2,60,1,0,0,0.5007472038269043,0.5007472038269043,0.5007472038269043,0.4992528557777405,3,2,9,zero_shot_paired
53,2,3,4,60,1,0,0,0.5005065202713013,0.5005065202713013,0.5005065202713013,0.49949347972869873,3,2,9,zero_shot_paired
53,3,3,6,60,1,0,0,0.5014976859092712,0.5014976859092712,0.5014976859092712,0.49850228428840637,3,2,9,zero_shot_paired
53,4,3,7,60,0,0,1,0.504490852355957,0.504490852355957,0.504490852355957,0.49550917744636536,3,2,9,zero_shot_paired
53,5,3,8,60,0,1,0,0.5021117329597473,0.5021117329597473,0.4978882670402527,0.5021117329597473,3,2,9,zero_shot_paired
53,6,3,12,60,1,0,0,0.5070094466209412,0.5070094466209412,0.5070094466209412,0.49299052357673645,3,2,9,zero_shot_paired
53,7,3,14,60,0,1,0,0.5049318075180054,0.5049318075180054,0.495068222284317,0.5049318075180054,3,2,9,zero_shot_paired
53,8,3,16,60,0,0,1,0.5005599856376648,0.5005599856376648,0.5005599856376648,0.4994400143623352,3,2,9,zero_shot_paired
53,0,3,1,60,1,1,1,0.50510573387146,0.50510573387146,0.49489423632621765,0.50510573387146,3,2,9,post_calibration
53,1,3,2,60,1,0,0,0.5017737150192261,0.5017737150192261,0.5017737150192261,0.49822625517845154,3,2,9,post_calibration
53,2,3,4,60,1,0,0,0.5009523034095764,0.5009523034095764,0.5009523034095764,0.4990476369857788,3,2,9,post_calibration
53,3,3,6,60,1,0,0,0.5016923546791077,0.5016923546791077,0.5016923546791077,0.49830761551856995,3,2,9,post_calibration
53,4,3,7,60,0,0,1,0.5043992400169373,0.5043992400169373,0.5043992400169373,0.49560078978538513,3,2,9,post_calibration
53,5,3,8,60,0,1,0,0.5020801424980164,0.5020801424980164,0.49791988730430603,0.5020801424980164,3,2,9,post_calibration
53,6,3,12,60,1,0,0,0.5067203044891357,0.5067203044891357,0.5067203044891357,0.49327969551086426,3,2,9,post_calibration
53,7,3,14,60,0,1,0,0.5048546195030212,0.5048546195030212,0.49514538049697876,0.5048546195030212,3,2,9,post_calibration
53,8,3,16,60,0,0,1,0.5008370876312256,0.5008370876312256,0.5008370876312256,0.49916285276412964,3,2,9,post_calibration
54,0,3,2,60,1,0,0,0.5007483959197998,0.5007483959197998,0.5007483959197998,0.4992515742778778,3,1,12,zero_shot_paired
54,1,3,5,60,1,1,1,0.502159059047699,0.502159059047699,0.497840940952301,0.502159059047699,3,1,12,zero_shot_paired
54,2,3,8,60,0,1,0,0.5021145939826965,0.5021145939826965,0.49788540601730347,0.5021145939826965,3,1,12,zero_shot_paired
54,3,3,12,60,1,0,0,0.5070090293884277,0.5070090293884277,0.5070090293884277,0.49299097061157227,3,1,12,zero_shot_paired
54,4,3,13,60,0,1,0,0.5027465224266052,0.5027465224266052,0.49725350737571716,0.5027465224266052,3,1,12,zero_shot_paired
54,5,3,17,60,0,1,0,0.5031543374061584,0.5031543374061584,0.49684563279151917,0.5031543374061584,3,1,12,zero_shot_paired
54,0,3,2,60,1,0,0,0.5005601644515991,0.5005601644515991,0.5005601644515991,0.4994398355484009,3,1,12,post_calibration
54,1,3,5,60,1,1,1,0.5017274022102356,0.5017274022102356,0.498272567987442,0.5017274022102356,3,1,12,post_calibration
54,2,3,8,60,0,1,0,0.502659022808075,0.502659022808075,0.49734097719192505,0.502659022808075,3,1,12,post_calibration
54,3,3,12,60,1,0,0,0.5073055028915405,0.5073055028915405,0.5073055028915405,0.4926944673061371,3,1,12,post_calibration
54,4,3,13,60,0,1,0,0.5029879808425903,0.5029879808425903,0.4970119893550873,0.5029879808425903,3,1,12,post_calibration
54,5,3,17,60,0,1,0,0.5025006532669067,0.5025006532669067,0.4974993169307709,0.5025006532669067,3,1,12,post_calibration
55,0,3,0,60,1,1,1,0.5004389882087708,0.5004389882087708,0.49956101179122925,0.5004389882087708,3,2,12,zero_shot_paired
55,1,3,5,60,1,1,1,0.502159059047699,0.502159059047699,0.497840940952301,0.502159059047699,3,2,12,zero_shot_paired
55,2,3,6,60,1,0,0,0.5014963746070862,0.5014963746070862,0.5014963746070862,0.49850359559059143,3,2,12,zero_shot_paired
55,3,3,7,60,0,0,1,0.5044897794723511,0.5044897794723511,0.5044897794723511,0.49551016092300415,3,2,12,zero_shot_paired
55,4,3,9,60,0,0,1,0.5038126111030579,0.5038126111030579,0.5038126111030579,0.4961874186992645,3,2,12,zero_shot_paired
55,5,3,14,60,0,1,0,0.5049312114715576,0.5049312114715576,0.49506875872612,0.5049312114715576,3,2,12,zero_shot_paired
55,0,3,0,60,1,1,1,0.5004874467849731,0.5004874467849731,0.49951258301734924,0.5004874467849731,3,2,12,post_calibration
55,1,3,5,60,1,1,1,0.5018123388290405,0.5018123388290405,0.4981876611709595,0.5018123388290405,3,2,12,post_calibration
55,2,3,6,60,1,0,0,0.501632809638977,0.501632809638977,0.501632809638977,0.49836722016334534,3,2,12,post_calibration
55,3,3,7,60,0,0,1,0.5049760341644287,0.5049760341644287,0.5049760341644287,0.49502402544021606,3,2,12,post_calibration
55,4,3,9,60,0,0,1,0.5032943487167358,0.5032943487167358,0.5032943487167358,0.49670565128326416,3,2,12,post_calibration
55,5,3,14,60,0,1,0,0.504157543182373,0.504157543182373,0.49584242701530457,0.504157543182373,3,2,12,post_calibration
56,0,3,4,60,1,0,0,0.5005058646202087,0.5005058646202087,0.5005058646202087,0.49949419498443604,3,3,12,zero_shot_paired
56,1,3,8,60,0,1,0,0.5021145939826965,0.5021145939826965,0.49788540601730347,0.5021145939826965,3,3,12,zero_shot_paired
56,2,3,9,60,0,0,1,0.5038126111030579,0.5038126111030579,0.5038126111030579,0.4961874186992645,3,3,12,zero_shot_paired
56,3,3,11,60,1,0,0,0.5036667585372925,0.5036667585372925,0.5036667585372925,0.4963332414627075,3,3,12,zero_shot_paired
56,4,3,13,60,0,1,0,0.5027465224266052,0.5027465224266052,0.49725350737571716,0.5027465224266052,3,3,12,zero_shot_paired
56,5,3,15,60,1,1,1,0.5075549483299255,0.5075549483299255,0.49244508147239685,0.5075549483299255,3,3,12,zero_shot_paired
56,0,3,4,60,1,1,1,0.5016177892684937,0.5016177892684937,0.49838224053382874,0.5016177892684937,3,3,12,post_calibration
56,1,3,8,60,0,1,0,0.5028042197227478,0.5028042197227478,0.4971957802772522,0.5028042197227478,3,3,12,post_calibration
56,2,3,9,60,0,0,1,0.5041592121124268,0.5041592121124268,0.5041592121124268,0.49584078788757324,3,3,12,post_calibration
56,3,3,11,60,1,0,0,0.5028545260429382,0.5028545260429382,0.5028545260429382,0.4971454441547394,3,3,12,post_calibration
56,4,3,13,60,0,1,0,0.5030945539474487,0.5030945539474487,0.4969053864479065,0.5030945539474487,3,3,12,post_calibration
56,5,3,15,60,1,1,1,0.5070501565933228,0.5070501565933228,0.49294984340667725,0.5070501565933228,3,3,12,post_calibration
