Requirement already satisfied: pip in ./venv312/lib/python3.12/site-packages (26.1.2)
Requirement already satisfied: absl-py==2.4.0 in ./venv312/lib/python3.12/site-packages (from -r requirements.txt (line 1)) (2.4.0)
Requirement already satisfied: alabaster==1.0.0 in ./venv312/lib/python3.12/site-packages (from -r requirements.txt (line 2)) (1.0.0)
Requirement already satisfied: astunparse==1.6.3 in ./venv312/lib/python3.12/site-packages (from -r requirements.txt (line 3)) (1.6.3)
Requirement already satisfied: babel==2.17.0 in ./venv312/lib/python3.12/site-packages (from -r requirements.txt (line 4)) (2.17.0)
Requirement already satisfied: backports.tarfile==1.2.0 in ./venv312/lib/python3.12/site-packages (from -r requirements.txt (line 5)) (1.2.0)
Requirement already satisfied: build==1.3.0 in ./venv312/lib/python3.12/site-packages (from -r requirements.txt (line 6)) (1.3.0)
Requirement already satisfied: bumpver==2025.1131 in ./venv312/lib/python3.12/site-packages (from -r requirements.txt (line 7)) (2025.1131)
Requirement already satisfied: certifi==2025.8.3 in ./venv312/lib/python3.12/site-packages (from -r requirements.txt (line 8)) (2025.8.3)
Requirement already satisfied: charset-normalizer==3.4.3 in ./venv312/lib/python3.12/site-packages (from -r requirements.txt (line 9)) (3.4.3)
Requirement already satisfied: click==8.3.0 in ./venv312/lib/python3.12/site-packages (from -r requirements.txt (line 10)) (8.3.0)
Requirement already satisfied: colorama==0.4.6 in ./venv312/lib/python3.12/site-packages (from -r requirements.txt (line 11)) (0.4.6)
Requirement already satisfied: contourpy==1.3.2 in ./venv312/lib/python3.12/site-packages (from -r requirements.txt (line 12)) (1.3.2)
Requirement already satisfied: coverage==7.10.7 in ./venv312/lib/python3.12/site-packages (from -r requirements.txt (line 13)) (7.10.7)
Requirement already satisfied: coverage-badge==1.1.2 in ./venv312/lib/python3.12/site-packages (from -r requirements.txt (line 14)) (1.1.2)
Requirement already satisfied: cycler==0.12.1 in ./venv312/lib/python3.12/site-packages (from -r requirements.txt (line 15)) (0.12.1)
Requirement already satisfied: decorator==5.2.1 in ./venv312/lib/python3.12/site-packages (from -r requirements.txt (line 16)) (5.2.1)
Requirement already satisfied: dill==0.4.0 in ./venv312/lib/python3.12/site-packages (from -r requirements.txt (line 17)) (0.4.0)
Requirement already satisfied: docutils==0.21.2 in ./venv312/lib/python3.12/site-packages (from -r requirements.txt (line 18)) (0.21.2)
Requirement already satisfied: EMD-signal==1.6.4 in ./venv312/lib/python3.12/site-packages (from -r requirements.txt (line 19)) (1.6.4)
Requirement already satisfied: exceptiongroup==1.3.0 in ./venv312/lib/python3.12/site-packages (from -r requirements.txt (line 20)) (1.3.0)
Requirement already satisfied: flatbuffers==25.12.19 in ./venv312/lib/python3.12/site-packages (from -r requirements.txt (line 21)) (25.12.19)
Requirement already satisfied: fonttools==4.60.1 in ./venv312/lib/python3.12/site-packages (from -r requirements.txt (line 22)) (4.60.1)
Requirement already satisfied: gast==0.7.0 in ./venv312/lib/python3.12/site-packages (from -r requirements.txt (line 23)) (0.7.0)
Requirement already satisfied: google-pasta==0.2.0 in ./venv312/lib/python3.12/site-packages (from -r requirements.txt (line 24)) (0.2.0)
Requirement already satisfied: grpcio==1.78.0 in ./venv312/lib/python3.12/site-packages (from -r requirements.txt (line 25)) (1.78.0)
Requirement already satisfied: h5py==3.15.1 in ./venv312/lib/python3.12/site-packages (from -r requirements.txt (line 26)) (3.15.1)
Requirement already satisfied: id==1.5.0 in ./venv312/lib/python3.12/site-packages (from -r requirements.txt (line 27)) (1.5.0)
Requirement already satisfied: idna==3.10 in ./venv312/lib/python3.12/site-packages (from -r requirements.txt (line 28)) (3.10)
Requirement already satisfied: imagesize==1.4.1 in ./venv312/lib/python3.12/site-packages (from -r requirements.txt (line 29)) (1.4.1)
Requirement already satisfied: importlib_metadata==8.7.0 in ./venv312/lib/python3.12/site-packages (from -r requirements.txt (line 30)) (8.7.0)
Requirement already satisfied: iniconfig==2.1.0 in ./venv312/lib/python3.12/site-packages (from -r requirements.txt (line 31)) (2.1.0)
Requirement already satisfied: jaraco.classes==3.4.0 in ./venv312/lib/python3.12/site-packages (from -r requirements.txt (line 32)) (3.4.0)
Requirement already satisfied: jaraco.context==6.0.1 in ./venv312/lib/python3.12/site-packages (from -r requirements.txt (line 33)) (6.0.1)
Requirement already satisfied: jaraco.functools==4.3.0 in ./venv312/lib/python3.12/site-packages (from -r requirements.txt (line 34)) (4.3.0)
Requirement already satisfied: Jinja2==3.1.6 in ./venv312/lib/python3.12/site-packages (from -r requirements.txt (line 35)) (3.1.6)
Requirement already satisfied: joblib==1.5.2 in ./venv312/lib/python3.12/site-packages (from -r requirements.txt (line 36)) (1.5.2)
Requirement already satisfied: keras==3.12.1 in ./venv312/lib/python3.12/site-packages (from -r requirements.txt (line 37)) (3.12.1)
Requirement already satisfied: keyring==25.6.0 in ./venv312/lib/python3.12/site-packages (from -r requirements.txt (line 38)) (25.6.0)
Requirement already satisfied: kiwisolver==1.4.9 in ./venv312/lib/python3.12/site-packages (from -r requirements.txt (line 39)) (1.4.9)
Requirement already satisfied: lazy_loader==0.4 in ./venv312/lib/python3.12/site-packages (from -r requirements.txt (line 40)) (0.4)
Requirement already satisfied: lexid==2021.1006 in ./venv312/lib/python3.12/site-packages (from -r requirements.txt (line 41)) (2021.1006)
Requirement already satisfied: libclang==18.1.1 in ./venv312/lib/python3.12/site-packages (from -r requirements.txt (line 42)) (18.1.1)
Requirement already satisfied: Markdown==3.10.2 in ./venv312/lib/python3.12/site-packages (from -r requirements.txt (line 43)) (3.10.2)
Requirement already satisfied: markdown-it-py==3.0.0 in ./venv312/lib/python3.12/site-packages (from -r requirements.txt (line 44)) (3.0.0)
Requirement already satisfied: MarkupSafe==3.0.3 in ./venv312/lib/python3.12/site-packages (from -r requirements.txt (line 45)) (3.0.3)
Requirement already satisfied: matplotlib==3.10.6 in ./venv312/lib/python3.12/site-packages (from -r requirements.txt (line 46)) (3.10.6)
Requirement already satisfied: mdit-py-plugins==0.5.0 in ./venv312/lib/python3.12/site-packages (from -r requirements.txt (line 47)) (0.5.0)
Requirement already satisfied: mdurl==0.1.2 in ./venv312/lib/python3.12/site-packages (from -r requirements.txt (line 48)) (0.1.2)
Requirement already satisfied: ml_dtypes==0.5.4 in ./venv312/lib/python3.12/site-packages (from -r requirements.txt (line 49)) (0.5.4)
Requirement already satisfied: mne==1.10.2 in ./venv312/lib/python3.12/site-packages (from -r requirements.txt (line 50)) (1.10.2)
Requirement already satisfied: more-itertools==10.8.0 in ./venv312/lib/python3.12/site-packages (from -r requirements.txt (line 51)) (10.8.0)
Requirement already satisfied: multiprocess==0.70.18 in ./venv312/lib/python3.12/site-packages (from -r requirements.txt (line 52)) (0.70.18)
Requirement already satisfied: myst-parser==4.0.1 in ./venv312/lib/python3.12/site-packages (from -r requirements.txt (line 53)) (4.0.1)
Requirement already satisfied: namex==0.1.0 in ./venv312/lib/python3.12/site-packages (from -r requirements.txt (line 54)) (0.1.0)
Requirement already satisfied: nh3==0.3.0 in ./venv312/lib/python3.12/site-packages (from -r requirements.txt (line 55)) (0.3.0)
Requirement already satisfied: numpy==2.2.6 in ./venv312/lib/python3.12/site-packages (from -r requirements.txt (line 56)) (2.2.6)
Requirement already satisfied: opt_einsum==3.4.0 in ./venv312/lib/python3.12/site-packages (from -r requirements.txt (line 57)) (3.4.0)
Requirement already satisfied: optree==0.18.0 in ./venv312/lib/python3.12/site-packages (from -r requirements.txt (line 58)) (0.18.0)
Requirement already satisfied: packaging==25.0 in ./venv312/lib/python3.12/site-packages (from -r requirements.txt (line 59)) (25.0)
Requirement already satisfied: pandas==2.3.2 in ./venv312/lib/python3.12/site-packages (from -r requirements.txt (line 60)) (2.3.2)
Requirement already satisfied: pathos==0.3.4 in ./venv312/lib/python3.12/site-packages (from -r requirements.txt (line 61)) (0.3.4)
Requirement already satisfied: pillow==11.3.0 in ./venv312/lib/python3.12/site-packages (from -r requirements.txt (line 62)) (11.3.0)
Requirement already satisfied: pip-tools==7.5.1 in ./venv312/lib/python3.12/site-packages (from -r requirements.txt (line 63)) (7.5.1)
Requirement already satisfied: platformdirs==4.5.0 in ./venv312/lib/python3.12/site-packages (from -r requirements.txt (line 64)) (4.5.0)
Requirement already satisfied: pluggy==1.6.0 in ./venv312/lib/python3.12/site-packages (from -r requirements.txt (line 65)) (1.6.0)
Requirement already satisfied: pockets==0.9.1 in ./venv312/lib/python3.12/site-packages (from -r requirements.txt (line 66)) (0.9.1)
Requirement already satisfied: pooch==1.8.2 in ./venv312/lib/python3.12/site-packages (from -r requirements.txt (line 67)) (1.8.2)
Requirement already satisfied: pox==0.3.6 in ./venv312/lib/python3.12/site-packages (from -r requirements.txt (line 68)) (0.3.6)
Requirement already satisfied: ppft==1.7.7 in ./venv312/lib/python3.12/site-packages (from -r requirements.txt (line 69)) (1.7.7)
Requirement already satisfied: protobuf==6.33.5 in ./venv312/lib/python3.12/site-packages (from -r requirements.txt (line 70)) (6.33.5)
Requirement already satisfied: Pygments==2.19.2 in ./venv312/lib/python3.12/site-packages (from -r requirements.txt (line 71)) (2.19.2)
Requirement already satisfied: pyparsing==3.2.5 in ./venv312/lib/python3.12/site-packages (from -r requirements.txt (line 72)) (3.2.5)
Requirement already satisfied: pyproject_hooks==1.2.0 in ./venv312/lib/python3.12/site-packages (from -r requirements.txt (line 73)) (1.2.0)
Requirement already satisfied: pytest==8.4.2 in ./venv312/lib/python3.12/site-packages (from -r requirements.txt (line 74)) (8.4.2)
Requirement already satisfied: pytest-cov==7.0.0 in ./venv312/lib/python3.12/site-packages (from -r requirements.txt (line 75)) (7.0.0)
Requirement already satisfied: python-dateutil==2.9.0.post0 in ./venv312/lib/python3.12/site-packages (from -r requirements.txt (line 76)) (2.9.0.post0)
Requirement already satisfied: pytz==2025.2 in ./venv312/lib/python3.12/site-packages (from -r requirements.txt (line 77)) (2025.2)
Requirement already satisfied: PyWavelets==1.8.0 in ./venv312/lib/python3.12/site-packages (from -r requirements.txt (line 78)) (1.8.0)
Requirement already satisfied: PyYAML==6.0.3 in ./venv312/lib/python3.12/site-packages (from -r requirements.txt (line 79)) (6.0.3)
Requirement already satisfied: readme_renderer==44.0 in ./venv312/lib/python3.12/site-packages (from -r requirements.txt (line 80)) (44.0)
Requirement already satisfied: requests==2.32.5 in ./venv312/lib/python3.12/site-packages (from -r requirements.txt (line 81)) (2.32.5)
Requirement already satisfied: requests-toolbelt==1.0.0 in ./venv312/lib/python3.12/site-packages (from -r requirements.txt (line 82)) (1.0.0)
Requirement already satisfied: rfc3986==2.0.0 in ./venv312/lib/python3.12/site-packages (from -r requirements.txt (line 83)) (2.0.0)
Requirement already satisfied: rich==14.1.0 in ./venv312/lib/python3.12/site-packages (from -r requirements.txt (line 84)) (14.1.0)
Requirement already satisfied: scikit-learn==1.7.2 in ./venv312/lib/python3.12/site-packages (from -r requirements.txt (line 85)) (1.7.2)
Requirement already satisfied: scipy==1.15.3 in ./venv312/lib/python3.12/site-packages (from -r requirements.txt (line 86)) (1.15.3)
Requirement already satisfied: six==1.17.0 in ./venv312/lib/python3.12/site-packages (from -r requirements.txt (line 87)) (1.17.0)
Requirement already satisfied: snowballstemmer==3.0.1 in ./venv312/lib/python3.12/site-packages (from -r requirements.txt (line 88)) (3.0.1)
Requirement already satisfied: Sphinx==8.1.3 in ./venv312/lib/python3.12/site-packages (from -r requirements.txt (line 89)) (8.1.3)
Requirement already satisfied: sphinx-autodoc-typehints==3.0.1 in ./venv312/lib/python3.12/site-packages (from -r requirements.txt (line 90)) (3.0.1)
Requirement already satisfied: sphinx-rtd-theme==3.0.2 in ./venv312/lib/python3.12/site-packages (from -r requirements.txt (line 91)) (3.0.2)
Requirement already satisfied: sphinxcontrib-applehelp==2.0.0 in ./venv312/lib/python3.12/site-packages (from -r requirements.txt (line 92)) (2.0.0)
Requirement already satisfied: sphinxcontrib-devhelp==2.0.0 in ./venv312/lib/python3.12/site-packages (from -r requirements.txt (line 93)) (2.0.0)
Requirement already satisfied: sphinxcontrib-htmlhelp==2.1.0 in ./venv312/lib/python3.12/site-packages (from -r requirements.txt (line 94)) (2.1.0)
Requirement already satisfied: sphinxcontrib-jquery==4.1 in ./venv312/lib/python3.12/site-packages (from -r requirements.txt (line 95)) (4.1)
Requirement already satisfied: sphinxcontrib-jsmath==1.0.1 in ./venv312/lib/python3.12/site-packages (from -r requirements.txt (line 96)) (1.0.1)
Requirement already satisfied: sphinxcontrib-napoleon==0.7 in ./venv312/lib/python3.12/site-packages (from -r requirements.txt (line 97)) (0.7)
Requirement already satisfied: sphinxcontrib-qthelp==2.0.0 in ./venv312/lib/python3.12/site-packages (from -r requirements.txt (line 98)) (2.0.0)
Requirement already satisfied: sphinxcontrib-serializinghtml==2.0.0 in ./venv312/lib/python3.12/site-packages (from -r requirements.txt (line 99)) (2.0.0)
Requirement already satisfied: tensorboard==2.20.0 in ./venv312/lib/python3.12/site-packages (from -r requirements.txt (line 100)) (2.20.0)
Requirement already satisfied: tensorboard-data-server==0.7.2 in ./venv312/lib/python3.12/site-packages (from -r requirements.txt (line 101)) (0.7.2)
Requirement already satisfied: tensorflow==2.20.0 in ./venv312/lib/python3.12/site-packages (from -r requirements.txt (line 102)) (2.20.0)
Requirement already satisfied: termcolor==3.3.0 in ./venv312/lib/python3.12/site-packages (from -r requirements.txt (line 103)) (3.3.0)
Requirement already satisfied: threadpoolctl==3.6.0 in ./venv312/lib/python3.12/site-packages (from -r requirements.txt (line 104)) (3.6.0)
Requirement already satisfied: toml==0.10.2 in ./venv312/lib/python3.12/site-packages (from -r requirements.txt (line 105)) (0.10.2)
Requirement already satisfied: tomli==2.2.1 in ./venv312/lib/python3.12/site-packages (from -r requirements.txt (line 106)) (2.2.1)
Requirement already satisfied: tqdm==4.67.1 in ./venv312/lib/python3.12/site-packages (from -r requirements.txt (line 107)) (4.67.1)
Requirement already satisfied: twine==6.2.0 in ./venv312/lib/python3.12/site-packages (from -r requirements.txt (line 108)) (6.2.0)
Requirement already satisfied: typing_extensions==4.15.0 in ./venv312/lib/python3.12/site-packages (from -r requirements.txt (line 109)) (4.15.0)
Requirement already satisfied: tzdata==2025.2 in ./venv312/lib/python3.12/site-packages (from -r requirements.txt (line 110)) (2025.2)
Requirement already satisfied: urllib3==2.5.0 in ./venv312/lib/python3.12/site-packages (from -r requirements.txt (line 111)) (2.5.0)
Requirement already satisfied: Werkzeug==3.1.6 in ./venv312/lib/python3.12/site-packages (from -r requirements.txt (line 112)) (3.1.6)
Requirement already satisfied: wrapt==2.1.1 in ./venv312/lib/python3.12/site-packages (from -r requirements.txt (line 113)) (2.1.1)
Requirement already satisfied: zipp==3.23.0 in ./venv312/lib/python3.12/site-packages (from -r requirements.txt (line 114)) (3.23.0)
Requirement already satisfied: wheel<1.0,>=0.23.0 in ./venv312/lib/python3.12/site-packages (from astunparse==1.6.3->-r requirements.txt (line 3)) (0.47.0)
Requirement already satisfied: setuptools in ./venv312/lib/python3.12/site-packages (from coverage-badge==1.1.2->-r requirements.txt (line 14)) (83.0.0)
Requirement already satisfied: SecretStorage>=3.2 in ./venv312/lib/python3.12/site-packages (from keyring==25.6.0->-r requirements.txt (line 38)) (3.5.0)
Requirement already satisfied: jeepney>=0.4.2 in ./venv312/lib/python3.12/site-packages (from keyring==25.6.0->-r requirements.txt (line 38)) (0.9.0)
Requirement already satisfied: pip>=22.2 in ./venv312/lib/python3.12/site-packages (from pip-tools==7.5.1->-r requirements.txt (line 63)) (26.1.2)
Requirement already satisfied: cryptography>=2.0 in ./venv312/lib/python3.12/site-packages (from SecretStorage>=3.2->keyring==25.6.0->-r requirements.txt (line 38)) (49.0.0)
Requirement already satisfied: cffi>=2.0.0 in ./venv312/lib/python3.12/site-packages (from cryptography>=2.0->SecretStorage>=3.2->keyring==25.6.0->-r requirements.txt (line 38)) (2.1.0)
Requirement already satisfied: pycparser in ./venv312/lib/python3.12/site-packages (from cffi>=2.0.0->cryptography>=2.0->SecretStorage>=3.2->keyring==25.6.0->-r requirements.txt (line 38)) (3.0)
Job ID: 59260715
Node: g181103.ll.unc.edu
Python: /nas/longleaf/home/inserra/EEGProc/venv312/bin/python
Virtual environment: /nas/longleaf/home/inserra/EEGProc/venv312
Module CUDA root: /nas/longleaf/rhel9/apps/cuda/12.9
XLA CUDA root: /nas/longleaf/rhel9/apps/cuda/12.9
libdevice: /nas/longleaf/rhel9/apps/cuda/12.9/nvvm/libdevice/libdevice.10.bc
XLA_FLAGS: --xla_gpu_cuda_data_dir=/nas/longleaf/rhel9/apps/cuda/12.9
Python 3.12.4
Wed Jul 15 20:52:12 2026       
+-----------------------------------------------------------------------------------------+
| NVIDIA-SMI 595.58.03              Driver Version: 595.58.03      CUDA Version: 13.2     |
+-----------------------------------------+------------------------+----------------------+
| GPU  Name                 Persistence-M | Bus-Id          Disp.A | Volatile Uncorr. ECC |
| Fan  Temp   Perf          Pwr:Usage/Cap |           Memory-Usage | GPU-Util  Compute M. |
|                                         |                        |               MIG M. |
|=========================================+========================+======================|
|   0  NVIDIA L40S                    On  |   00000000:19:00.0 Off |                    0 |
| N/A   28C    P8             32W /  350W |       0MiB /  46068MiB |      0%      Default |
|                                         |                        |                  N/A |
+-----------------------------------------+------------------------+----------------------+
|   1  NVIDIA L40S                    On  |   00000000:1C:00.0 Off |                    0 |
| N/A   28C    P8             31W /  350W |       0MiB /  46068MiB |      0%      Default |
|                                         |                        |                  N/A |
+-----------------------------------------+------------------------+----------------------+
|   2  NVIDIA L40S                    On  |   00000000:B3:00.0 Off |                    0 |
| N/A   25C    P8             31W /  350W |       0MiB /  46068MiB |      0%      Default |
|                                         |                        |                  N/A |
+-----------------------------------------+------------------------+----------------------+
|   3  NVIDIA L40S                    On  |   00000000:B4:00.0 Off |                    0 |
| N/A   22C    P8             31W /  350W |       0MiB /  46068MiB |      0%      Default |
|                                         |                        |                  N/A |
+-----------------------------------------+------------------------+----------------------+

+-----------------------------------------------------------------------------------------+
| Processes:                                                                              |
|  GPU   GI   CI              PID   Type   Process name                        GPU Memory |
|        ID   ID                                                               Usage      |
|=========================================================================================|
|  No running processes found                                                             |
+-----------------------------------------------------------------------------------------+
Python executable: /nas/longleaf/home/inserra/EEGProc/venv312/bin/python
Virtual environment: /nas/longleaf/home/inserra/EEGProc/venv312
User site enabled: False
TensorFlow version: 2.20.0
TensorFlow location: /nas/longleaf/home/inserra/EEGProc/venv312/lib/python3.12/site-packages/tensorflow/__init__.py
XLA_FLAGS: --xla_gpu_cuda_data_dir=/nas/longleaf/rhel9/apps/cuda/12.9
Available GPUs: [PhysicalDevice(name='/physical_device:GPU:0', device_type='GPU'), PhysicalDevice(name='/physical_device:GPU:1', device_type='GPU'), PhysicalDevice(name='/physical_device:GPU:2', device_type='GPU'), PhysicalDevice(name='/physical_device:GPU:3', device_type='GPU')]
Resolved libdevice: /nas/longleaf/rhel9/apps/cuda/12.9/nvvm/libdevice/libdevice.10.bc
GPU exp-gradient test: [1.        2.7182817]
2026-07-15 20:52:53,849 | INFO | Starting joint-model v2 training run in runs/joint_autoencoder_vc_v2/joint_autoencoder_vc_v2_20260715_205252
2026-07-15 20:52:53,849 | INFO | Feature shape: (6210, 512, 14)
2026-07-15 20:52:53,858 | INFO | Unique subjects: 23
2026-07-15 20:52:53,859 | INFO | Unique subject/trial pairs: 414

Flat LOSO hyperparameter search — 4 configurations, 23 folds each
Total available subjects: 23
Total LOSO model fits: 92
Requested metrics: ['accuracy', 'f1', 'precision', 'recall']
Configuration selection: trial-level accuracy (maximize)
Primary reported metrics: trial-level
Prediction logging: True
Variational interval logging: False
Fold workers: 4
Worker devices: GPUs [0, 1, 2, 3]

################################################################################
Configuration 1 / 4 (23 LOSO fits)
Configuration:
{   'epochs': 300,
    'batch_size': 64,
    'learning_rate': 0.0001,
    'ae_loss_weight': 0.3,
    'vc_loss_weight': 0.7,
    'emb_dim': 16,
    'dropout': 0.2,
    'bilstm_units': 128,
    'bilstm_layers': 2,
    'bilstm_dropout': 0.2}
[LOSOConfig1Worker-1] initialized on GPU 0 (CUDA_VISIBLE_DEVICES=0)
[LOSOConfig1Worker-2] initialized on GPU 1 (CUDA_VISIBLE_DEVICES=1)
[LOSOConfig1Worker-3] initialized on GPU 2 (CUDA_VISIBLE_DEVICES=2)

[Fold   1 / 23] LOSO test subject=0 (train=5940, test=270 windows)

[Fold   2 / 23] LOSO test subject=1 (train=5940, test=270 windows)

[Fold   3 / 23] LOSO test subject=2 (train=5940, test=270 windows)
[LOSOConfig1Worker-4] initialized on GPU 3 (CUDA_VISIBLE_DEVICES=3)

[Fold   4 / 23] LOSO test subject=3 (train=5940, test=270 windows)

Fold 1 metrics (trial primary)
------------------------------
                    fold: 1
        evaluation_level: trial
               n_samples: 18
               n_windows: 270
                n_trials: 18
        keras_model_loss: 1215.432007
                    loss: 0.659929
                accuracy: 0.722222
                      f1: 0.419355
               precision: 0.361111
                  recall: 0.500000
             window_loss: 0.659929
         window_accuracy: 0.722222
               window_f1: 0.419355
        window_precision: 0.361111
           window_recall: 0.500000
              trial_loss: 0.659929
          trial_accuracy: 0.722222
                trial_f1: 0.419355
         trial_precision: 0.361111
            trial_recall: 0.500000

Per-user metrics
----------------------------------------------------------------------------------------------------
  fold=1  subject=0  n=18  evaluation_level=trial  n_windows=270  n_trials=18  loss=0.659929  accuracy=0.722222  f1=0.419355  precision=0.361111  recall=0.500000  window_loss=0.659929  window_accuracy=0.722222  window_f1=0.419355  window_precision=0.361111  window_recall=0.500000  trial_loss=0.659929  trial_accuracy=0.722222  trial_f1=0.419355  trial_precision=0.361111  trial_recall=0.500000

[Fold   5 / 23] LOSO test subject=4 (train=5940, test=270 windows)

Fold 2 metrics (trial primary)
------------------------------
                    fold: 2
        evaluation_level: trial
               n_samples: 18
               n_windows: 270
                n_trials: 18
        keras_model_loss: 1245.886719
                    loss: 0.769451
                accuracy: 0.388889
                      f1: 0.280000
               precision: 0.194444
                  recall: 0.500000
             window_loss: 0.769451
         window_accuracy: 0.388889
               window_f1: 0.280000
        window_precision: 0.194444
           window_recall: 0.500000
              trial_loss: 0.769451
          trial_accuracy: 0.388889
                trial_f1: 0.280000
         trial_precision: 0.194444
            trial_recall: 0.500000

Per-user metrics
----------------------------------------------------------------------------------------------------
  fold=2  subject=1  n=18  evaluation_level=trial  n_windows=270  n_trials=18  loss=0.769451  accuracy=0.388889  f1=0.280000  precision=0.194444  recall=0.500000  window_loss=0.769451  window_accuracy=0.388889  window_f1=0.280000  window_precision=0.194444  window_recall=0.500000  trial_loss=0.769451  trial_accuracy=0.388889  trial_f1=0.280000  trial_precision=0.194444  trial_recall=0.500000

[Fold   6 / 23] LOSO test subject=5 (train=5940, test=270 windows)

Fold 3 metrics (trial primary)
------------------------------
                    fold: 3
        evaluation_level: trial
               n_samples: 18
               n_windows: 270
                n_trials: 18
        keras_model_loss: 1343.559814
                    loss: 0.579391
                accuracy: 0.777778
                      f1: 0.437500
               precision: 0.388889
                  recall: 0.500000
             window_loss: 0.579391
         window_accuracy: 0.777778
               window_f1: 0.437500
        window_precision: 0.388889
           window_recall: 0.500000
              trial_loss: 0.579391
          trial_accuracy: 0.777778
                trial_f1: 0.437500
         trial_precision: 0.388889
            trial_recall: 0.500000

Per-user metrics
----------------------------------------------------------------------------------------------------
  fold=3  subject=2  n=18  evaluation_level=trial  n_windows=270  n_trials=18  loss=0.579391  accuracy=0.777778  f1=0.437500  precision=0.388889  recall=0.500000  window_loss=0.579391  window_accuracy=0.777778  window_f1=0.437500  window_precision=0.388889  window_recall=0.500000  trial_loss=0.579391  trial_accuracy=0.777778  trial_f1=0.437500  trial_precision=0.388889  trial_recall=0.500000

[Fold   7 / 23] LOSO test subject=6 (train=5940, test=270 windows)

Fold 4 metrics (trial primary)
------------------------------
                    fold: 4
        evaluation_level: trial
               n_samples: 18
               n_windows: 270
                n_trials: 18
        keras_model_loss: 1263.680054
                    loss: 0.699983
                accuracy: 0.555556
                      f1: 0.357143
               precision: 0.277778
                  recall: 0.500000
             window_loss: 0.699983
         window_accuracy: 0.555556
               window_f1: 0.357143
        window_precision: 0.277778
           window_recall: 0.500000
              trial_loss: 0.699983
          trial_accuracy: 0.555556
                trial_f1: 0.357143
         trial_precision: 0.277778
            trial_recall: 0.500000

Per-user metrics
----------------------------------------------------------------------------------------------------
  fold=4  subject=3  n=18  evaluation_level=trial  n_windows=270  n_trials=18  loss=0.699983  accuracy=0.555556  f1=0.357143  precision=0.277778  recall=0.500000  window_loss=0.699983  window_accuracy=0.555556  window_f1=0.357143  window_precision=0.277778  window_recall=0.500000  trial_loss=0.699983  trial_accuracy=0.555556  trial_f1=0.357143  trial_precision=0.277778  trial_recall=0.500000

[Fold   8 / 23] LOSO test subject=7 (train=5940, test=270 windows)

Fold 5 metrics (trial primary)
------------------------------
                    fold: 5
        evaluation_level: trial
               n_samples: 18
               n_windows: 270
                n_trials: 18
        keras_model_loss: 1263.888550
                    loss: 0.668248
                accuracy: 0.611111
                      f1: 0.379310
               precision: 0.305556
                  recall: 0.500000
             window_loss: 0.668248
         window_accuracy: 0.611111
               window_f1: 0.379310
        window_precision: 0.305556
           window_recall: 0.500000
              trial_loss: 0.668248
          trial_accuracy: 0.611111
                trial_f1: 0.379310
         trial_precision: 0.305556
            trial_recall: 0.500000

Per-user metrics
----------------------------------------------------------------------------------------------------
  fold=5  subject=4  n=18  evaluation_level=trial  n_windows=270  n_trials=18  loss=0.668248  accuracy=0.611111  f1=0.379310  precision=0.305556  recall=0.500000  window_loss=0.668248  window_accuracy=0.611111  window_f1=0.379310  window_precision=0.305556  window_recall=0.500000  trial_loss=0.668248  trial_accuracy=0.611111  trial_f1=0.379310  trial_precision=0.305556  trial_recall=0.500000

[Fold   9 / 23] LOSO test subject=8 (train=5940, test=270 windows)

Fold 6 metrics (trial primary)
------------------------------
                    fold: 6
        evaluation_level: trial
               n_samples: 18
               n_windows: 270
                n_trials: 18
        keras_model_loss: 1188.247070
                    loss: 0.645640
                accuracy: 0.666667
                      f1: 0.400000
               precision: 0.333333
                  recall: 0.500000
             window_loss: 0.645640
         window_accuracy: 0.666667
               window_f1: 0.400000
        window_precision: 0.333333
           window_recall: 0.500000
              trial_loss: 0.645640
          trial_accuracy: 0.666667
                trial_f1: 0.400000
         trial_precision: 0.333333
            trial_recall: 0.500000

Per-user metrics
----------------------------------------------------------------------------------------------------
  fold=6  subject=5  n=18  evaluation_level=trial  n_windows=270  n_trials=18  loss=0.645640  accuracy=0.666667  f1=0.400000  precision=0.333333  recall=0.500000  window_loss=0.645640  window_accuracy=0.666667  window_f1=0.400000  window_precision=0.333333  window_recall=0.500000  trial_loss=0.645640  trial_accuracy=0.666667  trial_f1=0.400000  trial_precision=0.333333  trial_recall=0.500000

[Fold  10 / 23] LOSO test subject=9 (train=5940, test=270 windows)

Fold 7 metrics (trial primary)
------------------------------
                    fold: 7
        evaluation_level: trial
               n_samples: 18
               n_windows: 270
                n_trials: 18
        keras_model_loss: 1330.082764
                    loss: 0.839236
                accuracy: 0.444444
                      f1: 0.307692
               precision: 0.222222
                  recall: 0.500000
             window_loss: 0.839236
         window_accuracy: 0.444444
               window_f1: 0.307692
        window_precision: 0.222222
           window_recall: 0.500000
              trial_loss: 0.839236
          trial_accuracy: 0.444444
                trial_f1: 0.307692
         trial_precision: 0.222222
            trial_recall: 0.500000

Per-user metrics
----------------------------------------------------------------------------------------------------
  fold=7  subject=6  n=18  evaluation_level=trial  n_windows=270  n_trials=18  loss=0.839236  accuracy=0.444444  f1=0.307692  precision=0.222222  recall=0.500000  window_loss=0.839236  window_accuracy=0.444444  window_f1=0.307692  window_precision=0.222222  window_recall=0.500000  trial_loss=0.839236  trial_accuracy=0.444444  trial_f1=0.307692  trial_precision=0.222222  trial_recall=0.500000

[Fold  11 / 23] LOSO test subject=10 (train=5940, test=270 windows)

Fold 8 metrics (trial primary)
------------------------------
                    fold: 8
        evaluation_level: trial
               n_samples: 18
               n_windows: 270
                n_trials: 18
        keras_model_loss: 1274.191406
                    loss: 0.571923
                accuracy: 0.777778
                      f1: 0.437500
               precision: 0.388889
                  recall: 0.500000
             window_loss: 0.571923
         window_accuracy: 0.777778
               window_f1: 0.437500
        window_precision: 0.388889
           window_recall: 0.500000
              trial_loss: 0.571923
          trial_accuracy: 0.777778
                trial_f1: 0.437500
         trial_precision: 0.388889
            trial_recall: 0.500000

Per-user metrics
----------------------------------------------------------------------------------------------------
  fold=8  subject=7  n=18  evaluation_level=trial  n_windows=270  n_trials=18  loss=0.571923  accuracy=0.777778  f1=0.437500  precision=0.388889  recall=0.500000  window_loss=0.571923  window_accuracy=0.777778  window_f1=0.437500  window_precision=0.388889  window_recall=0.500000  trial_loss=0.571923  trial_accuracy=0.777778  trial_f1=0.437500  trial_precision=0.388889  trial_recall=0.500000

[Fold  12 / 23] LOSO test subject=11 (train=5940, test=270 windows)

Fold 9 metrics (trial primary)
------------------------------
                    fold: 9
        evaluation_level: trial
               n_samples: 18
               n_windows: 270
                n_trials: 18
        keras_model_loss: 1266.484131
                    loss: 0.615016
                accuracy: 0.722222
                      f1: 0.419355
               precision: 0.361111
                  recall: 0.500000
             window_loss: 0.615016
         window_accuracy: 0.722222
               window_f1: 0.419355
        window_precision: 0.361111
           window_recall: 0.500000
              trial_loss: 0.615016
          trial_accuracy: 0.722222
                trial_f1: 0.419355
         trial_precision: 0.361111
            trial_recall: 0.500000

Per-user metrics
----------------------------------------------------------------------------------------------------
  fold=9  subject=8  n=18  evaluation_level=trial  n_windows=270  n_trials=18  loss=0.615016  accuracy=0.722222  f1=0.419355  precision=0.361111  recall=0.500000  window_loss=0.615016  window_accuracy=0.722222  window_f1=0.419355  window_precision=0.361111  window_recall=0.500000  trial_loss=0.615016  trial_accuracy=0.722222  trial_f1=0.419355  trial_precision=0.361111  trial_recall=0.500000

[Fold  13 / 23] LOSO test subject=12 (train=5940, test=270 windows)

Fold 10 metrics (trial primary)
-------------------------------
                    fold: 10
        evaluation_level: trial
               n_samples: 18
               n_windows: 270
                n_trials: 18
        keras_model_loss: 1147.185181
                    loss: 0.551909
                accuracy: 0.777778
                      f1: 0.437500
               precision: 0.388889
                  recall: 0.500000
             window_loss: 0.551909
         window_accuracy: 0.777778
               window_f1: 0.437500
        window_precision: 0.388889
           window_recall: 0.500000
              trial_loss: 0.551909
          trial_accuracy: 0.777778
                trial_f1: 0.437500
         trial_precision: 0.388889
            trial_recall: 0.500000

Per-user metrics
----------------------------------------------------------------------------------------------------
  fold=10  subject=9  n=18  evaluation_level=trial  n_windows=270  n_trials=18  loss=0.551909  accuracy=0.777778  f1=0.437500  precision=0.388889  recall=0.500000  window_loss=0.551909  window_accuracy=0.777778  window_f1=0.437500  window_precision=0.388889  window_recall=0.500000  trial_loss=0.551909  trial_accuracy=0.777778  trial_f1=0.437500  trial_precision=0.388889  trial_recall=0.500000

[Fold  14 / 23] LOSO test subject=13 (train=5940, test=270 windows)

Fold 11 metrics (trial primary)
-------------------------------
                    fold: 11
        evaluation_level: trial
               n_samples: 18
               n_windows: 270
                n_trials: 18
        keras_model_loss: 1240.605225
                    loss: 0.702921
                accuracy: 0.500000
                      f1: 0.333333
               precision: 0.250000
                  recall: 0.500000
             window_loss: 0.702921
         window_accuracy: 0.500000
               window_f1: 0.333333
        window_precision: 0.250000
           window_recall: 0.500000
              trial_loss: 0.702921
          trial_accuracy: 0.500000
                trial_f1: 0.333333
         trial_precision: 0.250000
            trial_recall: 0.500000

Per-user metrics
----------------------------------------------------------------------------------------------------
  fold=11  subject=10  n=18  evaluation_level=trial  n_windows=270  n_trials=18  loss=0.702921  accuracy=0.500000  f1=0.333333  precision=0.250000  recall=0.500000  window_loss=0.702921  window_accuracy=0.500000  window_f1=0.333333  window_precision=0.250000  window_recall=0.500000  trial_loss=0.702921  trial_accuracy=0.500000  trial_f1=0.333333  trial_precision=0.250000  trial_recall=0.500000

[Fold  15 / 23] LOSO test subject=14 (train=5940, test=270 windows)

Fold 12 metrics (trial primary)
-------------------------------
                    fold: 12
        evaluation_level: trial
               n_samples: 18
               n_windows: 270
                n_trials: 18
        keras_model_loss: 1210.703491
                    loss: 0.659128
                accuracy: 0.722222
                      f1: 0.419355
               precision: 0.361111
                  recall: 0.500000
             window_loss: 0.659135
         window_accuracy: 0.722222
               window_f1: 0.419355
        window_precision: 0.361111
           window_recall: 0.500000
              trial_loss: 0.659128
          trial_accuracy: 0.722222
                trial_f1: 0.419355
         trial_precision: 0.361111
            trial_recall: 0.500000

Per-user metrics
----------------------------------------------------------------------------------------------------
  fold=12  subject=11  n=18  evaluation_level=trial  n_windows=270  n_trials=18  loss=0.659128  accuracy=0.722222  f1=0.419355  precision=0.361111  recall=0.500000  window_loss=0.659135  window_accuracy=0.722222  window_f1=0.419355  window_precision=0.361111  window_recall=0.500000  trial_loss=0.659128  trial_accuracy=0.722222  trial_f1=0.419355  trial_precision=0.361111  trial_recall=0.500000

[Fold  16 / 23] LOSO test subject=15 (train=5940, test=270 windows)

Fold 13 metrics (trial primary)
-------------------------------
                    fold: 13
        evaluation_level: trial
               n_samples: 18
               n_windows: 270
                n_trials: 18
        keras_model_loss: 1229.226929
                    loss: 0.602068
                accuracy: 0.722222
                      f1: 0.419355
               precision: 0.361111
                  recall: 0.500000
             window_loss: 0.602068
         window_accuracy: 0.722222
               window_f1: 0.419355
        window_precision: 0.361111
           window_recall: 0.500000
              trial_loss: 0.602068
          trial_accuracy: 0.722222
                trial_f1: 0.419355
         trial_precision: 0.361111
            trial_recall: 0.500000

Per-user metrics
----------------------------------------------------------------------------------------------------
  fold=13  subject=12  n=18  evaluation_level=trial  n_windows=270  n_trials=18  loss=0.602068  accuracy=0.722222  f1=0.419355  precision=0.361111  recall=0.500000  window_loss=0.602068  window_accuracy=0.722222  window_f1=0.419355  window_precision=0.361111  window_recall=0.500000  trial_loss=0.602068  trial_accuracy=0.722222  trial_f1=0.419355  trial_precision=0.361111  trial_recall=0.500000

[Fold  17 / 23] LOSO test subject=16 (train=5940, test=270 windows)

Fold 14 metrics (trial primary)
-------------------------------
                    fold: 14
        evaluation_level: trial
               n_samples: 18
               n_windows: 270
                n_trials: 18
        keras_model_loss: 1140.819824
                    loss: 0.654746
                accuracy: 0.722222
                      f1: 0.419355
               precision: 0.361111
                  recall: 0.500000
             window_loss: 0.654746
         window_accuracy: 0.722222
               window_f1: 0.419355
        window_precision: 0.361111
           window_recall: 0.500000
              trial_loss: 0.654746
          trial_accuracy: 0.722222
                trial_f1: 0.419355
         trial_precision: 0.361111
            trial_recall: 0.500000

Per-user metrics
----------------------------------------------------------------------------------------------------
  fold=14  subject=13  n=18  evaluation_level=trial  n_windows=270  n_trials=18  loss=0.654746  accuracy=0.722222  f1=0.419355  precision=0.361111  recall=0.500000  window_loss=0.654746  window_accuracy=0.722222  window_f1=0.419355  window_precision=0.361111  window_recall=0.500000  trial_loss=0.654746  trial_accuracy=0.722222  trial_f1=0.419355  trial_precision=0.361111  trial_recall=0.500000

[Fold  18 / 23] LOSO test subject=17 (train=5940, test=270 windows)

Fold 15 metrics (trial primary)
-------------------------------
                    fold: 15
        evaluation_level: trial
               n_samples: 18
               n_windows: 270
                n_trials: 18
        keras_model_loss: 1278.188477
                    loss: 0.725527
                accuracy: 0.500000
                      f1: 0.333333
               precision: 0.250000
                  recall: 0.500000
             window_loss: 0.725527
         window_accuracy: 0.500000
               window_f1: 0.333333
        window_precision: 0.250000
           window_recall: 0.500000
              trial_loss: 0.725527
          trial_accuracy: 0.500000
                trial_f1: 0.333333
         trial_precision: 0.250000
            trial_recall: 0.500000

Per-user metrics
----------------------------------------------------------------------------------------------------
  fold=15  subject=14  n=18  evaluation_level=trial  n_windows=270  n_trials=18  loss=0.725527  accuracy=0.500000  f1=0.333333  precision=0.250000  recall=0.500000  window_loss=0.725527  window_accuracy=0.500000  window_f1=0.333333  window_precision=0.250000  window_recall=0.500000  trial_loss=0.725527  trial_accuracy=0.500000  trial_f1=0.333333  trial_precision=0.250000  trial_recall=0.500000

[Fold  19 / 23] LOSO test subject=18 (train=5940, test=270 windows)

Fold 16 metrics (trial primary)
-------------------------------
                    fold: 16
        evaluation_level: trial
               n_samples: 18
               n_windows: 270
                n_trials: 18
        keras_model_loss: 1340.820557
                    loss: 0.802996
                accuracy: 0.388889
                      f1: 0.280000
               precision: 0.194444
                  recall: 0.500000
             window_loss: 0.802996
         window_accuracy: 0.388889
               window_f1: 0.280000
        window_precision: 0.194444
           window_recall: 0.500000
              trial_loss: 0.802996
          trial_accuracy: 0.388889
                trial_f1: 0.280000
         trial_precision: 0.194444
            trial_recall: 0.500000

Per-user metrics
----------------------------------------------------------------------------------------------------
  fold=16  subject=15  n=18  evaluation_level=trial  n_windows=270  n_trials=18  loss=0.802996  accuracy=0.388889  f1=0.280000  precision=0.194444  recall=0.500000  window_loss=0.802996  window_accuracy=0.388889  window_f1=0.280000  window_precision=0.194444  window_recall=0.500000  trial_loss=0.802996  trial_accuracy=0.388889  trial_f1=0.280000  trial_precision=0.194444  trial_recall=0.500000

[Fold  20 / 23] LOSO test subject=19 (train=5940, test=270 windows)

Fold 17 metrics (trial primary)
-------------------------------
                    fold: 17
        evaluation_level: trial
               n_samples: 18
               n_windows: 270
                n_trials: 18
        keras_model_loss: 784.223389
                    loss: 0.699472
                accuracy: 0.444444
                      f1: 0.307692
               precision: 0.222222
                  recall: 0.500000
             window_loss: 0.700189
         window_accuracy: 0.444444
               window_f1: 0.307692
        window_precision: 0.222222
           window_recall: 0.500000
              trial_loss: 0.699472
          trial_accuracy: 0.444444
                trial_f1: 0.307692
         trial_precision: 0.222222
            trial_recall: 0.500000

Per-user metrics
----------------------------------------------------------------------------------------------------
  fold=17  subject=16  n=18  evaluation_level=trial  n_windows=270  n_trials=18  loss=0.699472  accuracy=0.444444  f1=0.307692  precision=0.222222  recall=0.500000  window_loss=0.700189  window_accuracy=0.444444  window_f1=0.307692  window_precision=0.222222  window_recall=0.500000  trial_loss=0.699472  trial_accuracy=0.444444  trial_f1=0.307692  trial_precision=0.222222  trial_recall=0.500000

[Fold  21 / 23] LOSO test subject=20 (train=5940, test=270 windows)

Fold 18 metrics (trial primary)
-------------------------------
                    fold: 18
        evaluation_level: trial
               n_samples: 18
               n_windows: 270
                n_trials: 18
        keras_model_loss: 1224.006104
                    loss: 0.734187
                accuracy: 0.444444
                      f1: 0.307692
               precision: 0.222222
                  recall: 0.500000
             window_loss: 0.734187
         window_accuracy: 0.444444
               window_f1: 0.307692
        window_precision: 0.222222
           window_recall: 0.500000
              trial_loss: 0.734187
          trial_accuracy: 0.444444
                trial_f1: 0.307692
         trial_precision: 0.222222
            trial_recall: 0.500000

Per-user metrics
----------------------------------------------------------------------------------------------------
  fold=18  subject=17  n=18  evaluation_level=trial  n_windows=270  n_trials=18  loss=0.734187  accuracy=0.444444  f1=0.307692  precision=0.222222  recall=0.500000  window_loss=0.734187  window_accuracy=0.444444  window_f1=0.307692  window_precision=0.222222  window_recall=0.500000  trial_loss=0.734187  trial_accuracy=0.444444  trial_f1=0.307692  trial_precision=0.222222  trial_recall=0.500000

[Fold  22 / 23] LOSO test subject=21 (train=5940, test=270 windows)

Fold 19 metrics (trial primary)
-------------------------------
                    fold: 19
        evaluation_level: trial
               n_samples: 18
               n_windows: 270
                n_trials: 18
        keras_model_loss: 1237.150146
                    loss: 0.630796
                accuracy: 0.722222
                      f1: 0.419355
               precision: 0.361111
                  recall: 0.500000
             window_loss: 0.630796
         window_accuracy: 0.722222
               window_f1: 0.419355
        window_precision: 0.361111
           window_recall: 0.500000
              trial_loss: 0.630796
          trial_accuracy: 0.722222
                trial_f1: 0.419355
         trial_precision: 0.361111
            trial_recall: 0.500000

Per-user metrics
----------------------------------------------------------------------------------------------------
  fold=19  subject=18  n=18  evaluation_level=trial  n_windows=270  n_trials=18  loss=0.630796  accuracy=0.722222  f1=0.419355  precision=0.361111  recall=0.500000  window_loss=0.630796  window_accuracy=0.722222  window_f1=0.419355  window_precision=0.361111  window_recall=0.500000  trial_loss=0.630796  trial_accuracy=0.722222  trial_f1=0.419355  trial_precision=0.361111  trial_recall=0.500000

[Fold  23 / 23] LOSO test subject=22 (train=5940, test=270 windows)

Fold 20 metrics (trial primary)
-------------------------------
                    fold: 20
        evaluation_level: trial
               n_samples: 18
               n_windows: 270
                n_trials: 18
        keras_model_loss: 1177.911865
                    loss: 0.694728
                accuracy: 0.555556
                      f1: 0.357143
               precision: 0.277778
                  recall: 0.500000
             window_loss: 0.694728
         window_accuracy: 0.555556
               window_f1: 0.357143
        window_precision: 0.277778
           window_recall: 0.500000
              trial_loss: 0.694728
          trial_accuracy: 0.555556
                trial_f1: 0.357143
         trial_precision: 0.277778
            trial_recall: 0.500000

Per-user metrics
----------------------------------------------------------------------------------------------------
  fold=20  subject=19  n=18  evaluation_level=trial  n_windows=270  n_trials=18  loss=0.694728  accuracy=0.555556  f1=0.357143  precision=0.277778  recall=0.500000  window_loss=0.694728  window_accuracy=0.555556  window_f1=0.357143  window_precision=0.277778  window_recall=0.500000  trial_loss=0.694728  trial_accuracy=0.555556  trial_f1=0.357143  trial_precision=0.277778  trial_recall=0.500000

Fold 21 metrics (trial primary)
-------------------------------
                    fold: 21
        evaluation_level: trial
               n_samples: 18
               n_windows: 270
                n_trials: 18
        keras_model_loss: 1246.911133
                    loss: 0.691466
                accuracy: 0.555556
                      f1: 0.357143
               precision: 0.277778
                  recall: 0.500000
             window_loss: 0.691466
         window_accuracy: 0.555556
               window_f1: 0.357143
        window_precision: 0.277778
           window_recall: 0.500000
              trial_loss: 0.691466
          trial_accuracy: 0.555556
                trial_f1: 0.357143
         trial_precision: 0.277778
            trial_recall: 0.500000

Per-user metrics
----------------------------------------------------------------------------------------------------
  fold=21  subject=20  n=18  evaluation_level=trial  n_windows=270  n_trials=18  loss=0.691466  accuracy=0.555556  f1=0.357143  precision=0.277778  recall=0.500000  window_loss=0.691466  window_accuracy=0.555556  window_f1=0.357143  window_precision=0.277778  window_recall=0.500000  trial_loss=0.691466  trial_accuracy=0.555556  trial_f1=0.357143  trial_precision=0.277778  trial_recall=0.500000

Fold 22 metrics (trial primary)
-------------------------------
                    fold: 22
        evaluation_level: trial
               n_samples: 18
               n_windows: 270
                n_trials: 18
        keras_model_loss: 1289.495850
                    loss: 0.596869
                accuracy: 0.777778
                      f1: 0.437500
               precision: 0.388889
                  recall: 0.500000
             window_loss: 0.596869
         window_accuracy: 0.777778
               window_f1: 0.437500
        window_precision: 0.388889
           window_recall: 0.500000
              trial_loss: 0.596869
          trial_accuracy: 0.777778
                trial_f1: 0.437500
         trial_precision: 0.388889
            trial_recall: 0.500000

Per-user metrics
----------------------------------------------------------------------------------------------------
  fold=22  subject=21  n=18  evaluation_level=trial  n_windows=270  n_trials=18  loss=0.596869  accuracy=0.777778  f1=0.437500  precision=0.388889  recall=0.500000  window_loss=0.596869  window_accuracy=0.777778  window_f1=0.437500  window_precision=0.388889  window_recall=0.500000  trial_loss=0.596869  trial_accuracy=0.777778  trial_f1=0.437500  trial_precision=0.388889  trial_recall=0.500000

Fold 23 metrics (trial primary)
-------------------------------
                    fold: 23
        evaluation_level: trial
               n_samples: 18
               n_windows: 270
                n_trials: 18
        keras_model_loss: 1291.317139
                    loss: 0.708546
                accuracy: 0.555556
                      f1: 0.357143
               precision: 0.277778
                  recall: 0.500000
             window_loss: 0.708546
         window_accuracy: 0.555556
               window_f1: 0.357143
        window_precision: 0.277778
           window_recall: 0.500000
              trial_loss: 0.708546
          trial_accuracy: 0.555556
                trial_f1: 0.357143
         trial_precision: 0.277778
            trial_recall: 0.500000

Per-user metrics
----------------------------------------------------------------------------------------------------
  fold=23  subject=22  n=18  evaluation_level=trial  n_windows=270  n_trials=18  loss=0.708546  accuracy=0.555556  f1=0.357143  precision=0.277778  recall=0.500000  window_loss=0.708546  window_accuracy=0.555556  window_f1=0.357143  window_precision=0.277778  window_recall=0.500000  trial_loss=0.708546  trial_accuracy=0.555556  trial_f1=0.357143  trial_precision=0.277778  trial_recall=0.500000

Configuration 1 complete: mean trial_accuracy=0.611111 ± 0.133092

################################################################################
Configuration 2 / 4 (23 LOSO fits)
Configuration:
{   'epochs': 300,
    'batch_size': 64,
    'learning_rate': 0.0001,
    'ae_loss_weight': 0.3,
    'vc_loss_weight': 0.7,
    'emb_dim': 16,
    'dropout': 0.2,
    'bilstm_units': 128,
    'bilstm_layers': 4,
    'bilstm_dropout': 0.2}
[LOSOConfig2Worker-1] initialized on GPU 0 (CUDA_VISIBLE_DEVICES=0)
[LOSOConfig2Worker-2] initialized on GPU 1 (CUDA_VISIBLE_DEVICES=1)
[LOSOConfig2Worker-3] initialized on GPU 2 (CUDA_VISIBLE_DEVICES=2)

[Fold   1 / 23] LOSO test subject=0 (train=5940, test=270 windows)

[Fold   2 / 23] LOSO test subject=1 (train=5940, test=270 windows)

[Fold   3 / 23] LOSO test subject=2 (train=5940, test=270 windows)
[LOSOConfig2Worker-4] initialized on GPU 3 (CUDA_VISIBLE_DEVICES=3)

[Fold   4 / 23] LOSO test subject=3 (train=5940, test=270 windows)

Fold 2 metrics (trial primary)
------------------------------
                    fold: 2
        evaluation_level: trial
               n_samples: 18
               n_windows: 270
                n_trials: 18
        keras_model_loss: 1273.403809
                    loss: 0.702783
                accuracy: 0.388889
                      f1: 0.280000
               precision: 0.194444
                  recall: 0.500000
             window_loss: 0.702784
         window_accuracy: 0.388889
               window_f1: 0.280000
        window_precision: 0.194444
           window_recall: 0.500000
              trial_loss: 0.702783
          trial_accuracy: 0.388889
                trial_f1: 0.280000
         trial_precision: 0.194444
            trial_recall: 0.500000

Per-user metrics
----------------------------------------------------------------------------------------------------
  fold=2  subject=1  n=18  evaluation_level=trial  n_windows=270  n_trials=18  loss=0.702783  accuracy=0.388889  f1=0.280000  precision=0.194444  recall=0.500000  window_loss=0.702784  window_accuracy=0.388889  window_f1=0.280000  window_precision=0.194444  window_recall=0.500000  trial_loss=0.702783  trial_accuracy=0.388889  trial_f1=0.280000  trial_precision=0.194444  trial_recall=0.500000

[Fold   5 / 23] LOSO test subject=4 (train=5940, test=270 windows)

Fold 1 metrics (trial primary)
------------------------------
                    fold: 1
        evaluation_level: trial
               n_samples: 18
               n_windows: 270
                n_trials: 18
        keras_model_loss: 1068.821533
                    loss: 0.602282
                accuracy: 0.722222
                      f1: 0.419355
               precision: 0.361111
                  recall: 0.500000
             window_loss: 0.602283
         window_accuracy: 0.722222
               window_f1: 0.419355
        window_precision: 0.361111
           window_recall: 0.500000
              trial_loss: 0.602282
          trial_accuracy: 0.722222
                trial_f1: 0.419355
         trial_precision: 0.361111
            trial_recall: 0.500000

Per-user metrics
----------------------------------------------------------------------------------------------------
  fold=1  subject=0  n=18  evaluation_level=trial  n_windows=270  n_trials=18  loss=0.602282  accuracy=0.722222  f1=0.419355  precision=0.361111  recall=0.500000  window_loss=0.602283  window_accuracy=0.722222  window_f1=0.419355  window_precision=0.361111  window_recall=0.500000  trial_loss=0.602282  trial_accuracy=0.722222  trial_f1=0.419355  trial_precision=0.361111  trial_recall=0.500000

[Fold   6 / 23] LOSO test subject=5 (train=5940, test=270 windows)

Fold 3 metrics (trial primary)
------------------------------
                    fold: 3
        evaluation_level: trial
               n_samples: 18
               n_windows: 270
                n_trials: 18
        keras_model_loss: 1253.080933
                    loss: 0.580454
                accuracy: 0.777778
                      f1: 0.437500
               precision: 0.388889
                  recall: 0.500000
             window_loss: 0.580454
         window_accuracy: 0.777778
               window_f1: 0.437500
        window_precision: 0.388889
           window_recall: 0.500000
              trial_loss: 0.580454
          trial_accuracy: 0.777778
                trial_f1: 0.437500
         trial_precision: 0.388889
            trial_recall: 0.500000

Per-user metrics
----------------------------------------------------------------------------------------------------
  fold=3  subject=2  n=18  evaluation_level=trial  n_windows=270  n_trials=18  loss=0.580454  accuracy=0.777778  f1=0.437500  precision=0.388889  recall=0.500000  window_loss=0.580454  window_accuracy=0.777778  window_f1=0.437500  window_precision=0.388889  window_recall=0.500000  trial_loss=0.580454  trial_accuracy=0.777778  trial_f1=0.437500  trial_precision=0.388889  trial_recall=0.500000

[Fold   7 / 23] LOSO test subject=6 (train=5940, test=270 windows)

Fold 4 metrics (trial primary)
------------------------------
                    fold: 4
        evaluation_level: trial
               n_samples: 18
               n_windows: 270
                n_trials: 18
        keras_model_loss: 1304.997314
                    loss: 0.728054
                accuracy: 0.555556
                      f1: 0.357143
               precision: 0.277778
                  recall: 0.500000
             window_loss: 0.728054
         window_accuracy: 0.555556
               window_f1: 0.357143
        window_precision: 0.277778
           window_recall: 0.500000
              trial_loss: 0.728054
          trial_accuracy: 0.555556
                trial_f1: 0.357143
         trial_precision: 0.277778
            trial_recall: 0.500000

Per-user metrics
----------------------------------------------------------------------------------------------------
  fold=4  subject=3  n=18  evaluation_level=trial  n_windows=270  n_trials=18  loss=0.728054  accuracy=0.555556  f1=0.357143  precision=0.277778  recall=0.500000  window_loss=0.728054  window_accuracy=0.555556  window_f1=0.357143  window_precision=0.277778  window_recall=0.500000  trial_loss=0.728054  trial_accuracy=0.555556  trial_f1=0.357143  trial_precision=0.277778  trial_recall=0.500000

[Fold   8 / 23] LOSO test subject=7 (train=5940, test=270 windows)

Fold 5 metrics (trial primary)
------------------------------
                    fold: 5
        evaluation_level: trial
               n_samples: 18
               n_windows: 270
                n_trials: 18
        keras_model_loss: 1288.055420
                    loss: 0.668402
                accuracy: 0.611111
                      f1: 0.379310
               precision: 0.305556
                  recall: 0.500000
             window_loss: 0.668402
         window_accuracy: 0.611111
               window_f1: 0.379310
        window_precision: 0.305556
           window_recall: 0.500000
              trial_loss: 0.668402
          trial_accuracy: 0.611111
                trial_f1: 0.379310
         trial_precision: 0.305556
            trial_recall: 0.500000

Per-user metrics
----------------------------------------------------------------------------------------------------
  fold=5  subject=4  n=18  evaluation_level=trial  n_windows=270  n_trials=18  loss=0.668402  accuracy=0.611111  f1=0.379310  precision=0.305556  recall=0.500000  window_loss=0.668402  window_accuracy=0.611111  window_f1=0.379310  window_precision=0.305556  window_recall=0.500000  trial_loss=0.668402  trial_accuracy=0.611111  trial_f1=0.379310  trial_precision=0.305556  trial_recall=0.500000

[Fold   9 / 23] LOSO test subject=8 (train=5940, test=270 windows)

Fold 6 metrics (trial primary)
------------------------------
                    fold: 6
        evaluation_level: trial
               n_samples: 18
               n_windows: 270
                n_trials: 18
        keras_model_loss: 1359.744873
                    loss: 0.807690
                accuracy: 0.333333
                      f1: 0.250000
               precision: 0.166667
                  recall: 0.500000
             window_loss: 0.807690
         window_accuracy: 0.333333
               window_f1: 0.250000
        window_precision: 0.166667
           window_recall: 0.500000
              trial_loss: 0.807690
          trial_accuracy: 0.333333
                trial_f1: 0.250000
         trial_precision: 0.166667
            trial_recall: 0.500000

Per-user metrics
----------------------------------------------------------------------------------------------------
  fold=6  subject=5  n=18  evaluation_level=trial  n_windows=270  n_trials=18  loss=0.807690  accuracy=0.333333  f1=0.250000  precision=0.166667  recall=0.500000  window_loss=0.807690  window_accuracy=0.333333  window_f1=0.250000  window_precision=0.166667  window_recall=0.500000  trial_loss=0.807690  trial_accuracy=0.333333  trial_f1=0.250000  trial_precision=0.166667  trial_recall=0.500000

[Fold  10 / 23] LOSO test subject=9 (train=5940, test=270 windows)

Fold 7 metrics (trial primary)
------------------------------
                    fold: 7
        evaluation_level: trial
               n_samples: 18
               n_windows: 270
                n_trials: 18
        keras_model_loss: 1078.099487
                    loss: 0.767322
                accuracy: 0.444444
                      f1: 0.307692
               precision: 0.222222
                  recall: 0.500000
             window_loss: 0.767322
         window_accuracy: 0.444444
               window_f1: 0.307692
        window_precision: 0.222222
           window_recall: 0.500000
              trial_loss: 0.767322
          trial_accuracy: 0.444444
                trial_f1: 0.307692
         trial_precision: 0.222222
            trial_recall: 0.500000

Per-user metrics
----------------------------------------------------------------------------------------------------
  fold=7  subject=6  n=18  evaluation_level=trial  n_windows=270  n_trials=18  loss=0.767322  accuracy=0.444444  f1=0.307692  precision=0.222222  recall=0.500000  window_loss=0.767322  window_accuracy=0.444444  window_f1=0.307692  window_precision=0.222222  window_recall=0.500000  trial_loss=0.767322  trial_accuracy=0.444444  trial_f1=0.307692  trial_precision=0.222222  trial_recall=0.500000

[Fold  11 / 23] LOSO test subject=10 (train=5940, test=270 windows)

Fold 8 metrics (trial primary)
------------------------------
                    fold: 8
        evaluation_level: trial
               n_samples: 18
               n_windows: 270
                n_trials: 18
        keras_model_loss: 1195.298706
                    loss: 0.649078
                accuracy: 0.777778
                      f1: 0.437500
               precision: 0.388889
                  recall: 0.500000
             window_loss: 0.649078
         window_accuracy: 0.777778
               window_f1: 0.437500
        window_precision: 0.388889
           window_recall: 0.500000
              trial_loss: 0.649078
          trial_accuracy: 0.777778
                trial_f1: 0.437500
         trial_precision: 0.388889
            trial_recall: 0.500000

Per-user metrics
----------------------------------------------------------------------------------------------------
  fold=8  subject=7  n=18  evaluation_level=trial  n_windows=270  n_trials=18  loss=0.649078  accuracy=0.777778  f1=0.437500  precision=0.388889  recall=0.500000  window_loss=0.649078  window_accuracy=0.777778  window_f1=0.437500  window_precision=0.388889  window_recall=0.500000  trial_loss=0.649078  trial_accuracy=0.777778  trial_f1=0.437500  trial_precision=0.388889  trial_recall=0.500000

[Fold  12 / 23] LOSO test subject=11 (train=5940, test=270 windows)

Fold 9 metrics (trial primary)
------------------------------
                    fold: 9
        evaluation_level: trial
               n_samples: 18
               n_windows: 270
                n_trials: 18
        keras_model_loss: 1260.169189
                    loss: 0.631166
                accuracy: 0.722222
                      f1: 0.419355
               precision: 0.361111
                  recall: 0.500000
             window_loss: 0.631190
         window_accuracy: 0.722222
               window_f1: 0.419355
        window_precision: 0.361111
           window_recall: 0.500000
              trial_loss: 0.631166
          trial_accuracy: 0.722222
                trial_f1: 0.419355
         trial_precision: 0.361111
            trial_recall: 0.500000

Per-user metrics
----------------------------------------------------------------------------------------------------
  fold=9  subject=8  n=18  evaluation_level=trial  n_windows=270  n_trials=18  loss=0.631166  accuracy=0.722222  f1=0.419355  precision=0.361111  recall=0.500000  window_loss=0.631190  window_accuracy=0.722222  window_f1=0.419355  window_precision=0.361111  window_recall=0.500000  trial_loss=0.631166  trial_accuracy=0.722222  trial_f1=0.419355  trial_precision=0.361111  trial_recall=0.500000

[Fold  13 / 23] LOSO test subject=12 (train=5940, test=270 windows)

Fold 10 metrics (trial primary)
-------------------------------
                    fold: 10
        evaluation_level: trial
               n_samples: 18
               n_windows: 270
                n_trials: 18
        keras_model_loss: 1329.870850
                    loss: 0.552669
                accuracy: 0.777778
                      f1: 0.437500
               precision: 0.388889
                  recall: 0.500000
             window_loss: 0.552669
         window_accuracy: 0.777778
               window_f1: 0.437500
        window_precision: 0.388889
           window_recall: 0.500000
              trial_loss: 0.552669
          trial_accuracy: 0.777778
                trial_f1: 0.437500
         trial_precision: 0.388889
            trial_recall: 0.500000

Per-user metrics
----------------------------------------------------------------------------------------------------
  fold=10  subject=9  n=18  evaluation_level=trial  n_windows=270  n_trials=18  loss=0.552669  accuracy=0.777778  f1=0.437500  precision=0.388889  recall=0.500000  window_loss=0.552669  window_accuracy=0.777778  window_f1=0.437500  window_precision=0.388889  window_recall=0.500000  trial_loss=0.552669  trial_accuracy=0.777778  trial_f1=0.437500  trial_precision=0.388889  trial_recall=0.500000

[Fold  14 / 23] LOSO test subject=13 (train=5940, test=270 windows)

Fold 11 metrics (trial primary)
-------------------------------
                    fold: 11
        evaluation_level: trial
               n_samples: 18
               n_windows: 270
                n_trials: 18
        keras_model_loss: 1202.123657
                    loss: 0.700930
                accuracy: 0.500000
                      f1: 0.333333
               precision: 0.250000
                  recall: 0.500000
             window_loss: 0.700930
         window_accuracy: 0.500000
               window_f1: 0.333333
        window_precision: 0.250000
           window_recall: 0.500000
              trial_loss: 0.700930
          trial_accuracy: 0.500000
                trial_f1: 0.333333
         trial_precision: 0.250000
            trial_recall: 0.500000

Per-user metrics
----------------------------------------------------------------------------------------------------
  fold=11  subject=10  n=18  evaluation_level=trial  n_windows=270  n_trials=18  loss=0.700930  accuracy=0.500000  f1=0.333333  precision=0.250000  recall=0.500000  window_loss=0.700930  window_accuracy=0.500000  window_f1=0.333333  window_precision=0.250000  window_recall=0.500000  trial_loss=0.700930  trial_accuracy=0.500000  trial_f1=0.333333  trial_precision=0.250000  trial_recall=0.500000

[Fold  15 / 23] LOSO test subject=14 (train=5940, test=270 windows)

Fold 12 metrics (trial primary)
-------------------------------
                    fold: 12
        evaluation_level: trial
               n_samples: 18
               n_windows: 270
                n_trials: 18
        keras_model_loss: 1263.901001
                    loss: 0.670420
                accuracy: 0.722222
                      f1: 0.419355
               precision: 0.361111
                  recall: 0.500000
             window_loss: 0.670420
         window_accuracy: 0.722222
               window_f1: 0.419355
        window_precision: 0.361111
           window_recall: 0.500000
              trial_loss: 0.670420
          trial_accuracy: 0.722222
                trial_f1: 0.419355
         trial_precision: 0.361111
            trial_recall: 0.500000

Per-user metrics
----------------------------------------------------------------------------------------------------
  fold=12  subject=11  n=18  evaluation_level=trial  n_windows=270  n_trials=18  loss=0.670420  accuracy=0.722222  f1=0.419355  precision=0.361111  recall=0.500000  window_loss=0.670420  window_accuracy=0.722222  window_f1=0.419355  window_precision=0.361111  window_recall=0.500000  trial_loss=0.670420  trial_accuracy=0.722222  trial_f1=0.419355  trial_precision=0.361111  trial_recall=0.500000

[Fold  16 / 23] LOSO test subject=15 (train=5940, test=270 windows)

Fold 13 metrics (trial primary)
-------------------------------
                    fold: 13
        evaluation_level: trial
               n_samples: 18
               n_windows: 270
                n_trials: 18
        keras_model_loss: 1355.349487
                    loss: 0.693920
                accuracy: 0.277778
                      f1: 0.217391
               precision: 0.138889
                  recall: 0.500000
             window_loss: 0.693920
         window_accuracy: 0.277778
               window_f1: 0.217391
        window_precision: 0.138889
           window_recall: 0.500000
              trial_loss: 0.693920
          trial_accuracy: 0.277778
                trial_f1: 0.217391
         trial_precision: 0.138889
            trial_recall: 0.500000

Per-user metrics
----------------------------------------------------------------------------------------------------
  fold=13  subject=12  n=18  evaluation_level=trial  n_windows=270  n_trials=18  loss=0.693920  accuracy=0.277778  f1=0.217391  precision=0.138889  recall=0.500000  window_loss=0.693920  window_accuracy=0.277778  window_f1=0.217391  window_precision=0.138889  window_recall=0.500000  trial_loss=0.693920  trial_accuracy=0.277778  trial_f1=0.217391  trial_precision=0.138889  trial_recall=0.500000

[Fold  17 / 23] LOSO test subject=16 (train=5940, test=270 windows)

Fold 14 metrics (trial primary)
-------------------------------
                    fold: 14
        evaluation_level: trial
               n_samples: 18
               n_windows: 270
                n_trials: 18
        keras_model_loss: 1241.965210
                    loss: 0.601998
                accuracy: 0.722222
                      f1: 0.419355
               precision: 0.361111
                  recall: 0.500000
             window_loss: 0.601998
         window_accuracy: 0.722222
               window_f1: 0.419355
        window_precision: 0.361111
           window_recall: 0.500000
              trial_loss: 0.601998
          trial_accuracy: 0.722222
                trial_f1: 0.419355
         trial_precision: 0.361111
            trial_recall: 0.500000

Per-user metrics
----------------------------------------------------------------------------------------------------
  fold=14  subject=13  n=18  evaluation_level=trial  n_windows=270  n_trials=18  loss=0.601998  accuracy=0.722222  f1=0.419355  precision=0.361111  recall=0.500000  window_loss=0.601998  window_accuracy=0.722222  window_f1=0.419355  window_precision=0.361111  window_recall=0.500000  trial_loss=0.601998  trial_accuracy=0.722222  trial_f1=0.419355  trial_precision=0.361111  trial_recall=0.500000

[Fold  18 / 23] LOSO test subject=17 (train=5940, test=270 windows)

Fold 15 metrics (trial primary)
-------------------------------
                    fold: 15
        evaluation_level: trial
               n_samples: 18
               n_windows: 270
                n_trials: 18
        keras_model_loss: 1319.825684
                    loss: 0.961432
                accuracy: 0.500000
                      f1: 0.333333
               precision: 0.250000
                  recall: 0.500000
             window_loss: 0.961432
         window_accuracy: 0.500000
               window_f1: 0.333333
        window_precision: 0.250000
           window_recall: 0.500000
              trial_loss: 0.961432
          trial_accuracy: 0.500000
                trial_f1: 0.333333
         trial_precision: 0.250000
            trial_recall: 0.500000

Per-user metrics
----------------------------------------------------------------------------------------------------
  fold=15  subject=14  n=18  evaluation_level=trial  n_windows=270  n_trials=18  loss=0.961432  accuracy=0.500000  f1=0.333333  precision=0.250000  recall=0.500000  window_loss=0.961432  window_accuracy=0.500000  window_f1=0.333333  window_precision=0.250000  window_recall=0.500000  trial_loss=0.961432  trial_accuracy=0.500000  trial_f1=0.333333  trial_precision=0.250000  trial_recall=0.500000

[Fold  19 / 23] LOSO test subject=18 (train=5940, test=270 windows)

Fold 16 metrics (trial primary)
-------------------------------
                    fold: 16
        evaluation_level: trial
               n_samples: 18
               n_windows: 270
                n_trials: 18
        keras_model_loss: 701.133789
                    loss: 0.758601
                accuracy: 0.388889
                      f1: 0.280000
               precision: 0.194444
                  recall: 0.500000
             window_loss: 0.758667
         window_accuracy: 0.388889
               window_f1: 0.280000
        window_precision: 0.194444
           window_recall: 0.500000
              trial_loss: 0.758601
          trial_accuracy: 0.388889
                trial_f1: 0.280000
         trial_precision: 0.194444
            trial_recall: 0.500000

Per-user metrics
----------------------------------------------------------------------------------------------------
  fold=16  subject=15  n=18  evaluation_level=trial  n_windows=270  n_trials=18  loss=0.758601  accuracy=0.388889  f1=0.280000  precision=0.194444  recall=0.500000  window_loss=0.758667  window_accuracy=0.388889  window_f1=0.280000  window_precision=0.194444  window_recall=0.500000  trial_loss=0.758601  trial_accuracy=0.388889  trial_f1=0.280000  trial_precision=0.194444  trial_recall=0.500000

[Fold  20 / 23] LOSO test subject=19 (train=5940, test=270 windows)

Fold 17 metrics (trial primary)
-------------------------------
                    fold: 17
        evaluation_level: trial
               n_samples: 18
               n_windows: 270
                n_trials: 18
        keras_model_loss: 1362.412354
                    loss: 0.732405
                accuracy: 0.444444
                      f1: 0.307692
               precision: 0.222222
                  recall: 0.500000
             window_loss: 0.732405
         window_accuracy: 0.444444
               window_f1: 0.307692
        window_precision: 0.222222
           window_recall: 0.500000
              trial_loss: 0.732405
          trial_accuracy: 0.444444
                trial_f1: 0.307692
         trial_precision: 0.222222
            trial_recall: 0.500000

Per-user metrics
----------------------------------------------------------------------------------------------------
  fold=17  subject=16  n=18  evaluation_level=trial  n_windows=270  n_trials=18  loss=0.732405  accuracy=0.444444  f1=0.307692  precision=0.222222  recall=0.500000  window_loss=0.732405  window_accuracy=0.444444  window_f1=0.307692  window_precision=0.222222  window_recall=0.500000  trial_loss=0.732405  trial_accuracy=0.444444  trial_f1=0.307692  trial_precision=0.222222  trial_recall=0.500000

[Fold  21 / 23] LOSO test subject=20 (train=5940, test=270 windows)

Fold 18 metrics (trial primary)
-------------------------------
                    fold: 18
        evaluation_level: trial
               n_samples: 18
               n_windows: 270
                n_trials: 18
        keras_model_loss: 1241.401001
                    loss: 0.751311
                accuracy: 0.444444
                      f1: 0.307692
               precision: 0.222222
                  recall: 0.500000
             window_loss: 0.751311
         window_accuracy: 0.444444
               window_f1: 0.307692
        window_precision: 0.222222
           window_recall: 0.500000
              trial_loss: 0.751311
          trial_accuracy: 0.444444
                trial_f1: 0.307692
         trial_precision: 0.222222
            trial_recall: 0.500000

Per-user metrics
----------------------------------------------------------------------------------------------------
  fold=18  subject=17  n=18  evaluation_level=trial  n_windows=270  n_trials=18  loss=0.751311  accuracy=0.444444  f1=0.307692  precision=0.222222  recall=0.500000  window_loss=0.751311  window_accuracy=0.444444  window_f1=0.307692  window_precision=0.222222  window_recall=0.500000  trial_loss=0.751311  trial_accuracy=0.444444  trial_f1=0.307692  trial_precision=0.222222  trial_recall=0.500000

[Fold  22 / 23] LOSO test subject=21 (train=5940, test=270 windows)

Fold 19 metrics (trial primary)
-------------------------------
                    fold: 19
        evaluation_level: trial
               n_samples: 18
               n_windows: 270
                n_trials: 18
        keras_model_loss: 1291.808594
                    loss: 0.623618
                accuracy: 0.722222
                      f1: 0.419355
               precision: 0.361111
                  recall: 0.500000
             window_loss: 0.623618
         window_accuracy: 0.722222
               window_f1: 0.419355
        window_precision: 0.361111
           window_recall: 0.500000
              trial_loss: 0.623618
          trial_accuracy: 0.722222
                trial_f1: 0.419355
         trial_precision: 0.361111
            trial_recall: 0.500000

Per-user metrics
----------------------------------------------------------------------------------------------------
  fold=19  subject=18  n=18  evaluation_level=trial  n_windows=270  n_trials=18  loss=0.623618  accuracy=0.722222  f1=0.419355  precision=0.361111  recall=0.500000  window_loss=0.623618  window_accuracy=0.722222  window_f1=0.419355  window_precision=0.361111  window_recall=0.500000  trial_loss=0.623618  trial_accuracy=0.722222  trial_f1=0.419355  trial_precision=0.361111  trial_recall=0.500000

[Fold  23 / 23] LOSO test subject=22 (train=5940, test=270 windows)

Fold 20 metrics (trial primary)
-------------------------------
                    fold: 20
        evaluation_level: trial
               n_samples: 18
               n_windows: 270
                n_trials: 18
        keras_model_loss: 1275.542358
                    loss: 0.690101
                accuracy: 0.555556
                      f1: 0.357143
               precision: 0.277778
                  recall: 0.500000
             window_loss: 0.690101
         window_accuracy: 0.555556
               window_f1: 0.357143
        window_precision: 0.277778
           window_recall: 0.500000
              trial_loss: 0.690101
          trial_accuracy: 0.555556
                trial_f1: 0.357143
         trial_precision: 0.277778
            trial_recall: 0.500000

Per-user metrics
----------------------------------------------------------------------------------------------------
  fold=20  subject=19  n=18  evaluation_level=trial  n_windows=270  n_trials=18  loss=0.690101  accuracy=0.555556  f1=0.357143  precision=0.277778  recall=0.500000  window_loss=0.690101  window_accuracy=0.555556  window_f1=0.357143  window_precision=0.277778  window_recall=0.500000  trial_loss=0.690101  trial_accuracy=0.555556  trial_f1=0.357143  trial_precision=0.277778  trial_recall=0.500000

Fold 21 metrics (trial primary)
-------------------------------
                    fold: 21
        evaluation_level: trial
               n_samples: 18
               n_windows: 270
                n_trials: 18
        keras_model_loss: 896.512878
                    loss: 0.688962
                accuracy: 0.555556
                      f1: 0.357143
               precision: 0.277778
                  recall: 0.500000
             window_loss: 0.688969
         window_accuracy: 0.555556
               window_f1: 0.357143
        window_precision: 0.277778
           window_recall: 0.500000
              trial_loss: 0.688962
          trial_accuracy: 0.555556
                trial_f1: 0.357143
         trial_precision: 0.277778
            trial_recall: 0.500000

Per-user metrics
----------------------------------------------------------------------------------------------------
  fold=21  subject=20  n=18  evaluation_level=trial  n_windows=270  n_trials=18  loss=0.688962  accuracy=0.555556  f1=0.357143  precision=0.277778  recall=0.500000  window_loss=0.688969  window_accuracy=0.555556  window_f1=0.357143  window_precision=0.277778  window_recall=0.500000  trial_loss=0.688962  trial_accuracy=0.555556  trial_f1=0.357143  trial_precision=0.277778  trial_recall=0.500000

Fold 22 metrics (trial primary)
-------------------------------
                    fold: 22
        evaluation_level: trial
               n_samples: 18
               n_windows: 270
                n_trials: 18
        keras_model_loss: 1292.827393
                    loss: 0.558638
                accuracy: 0.777778
                      f1: 0.437500
               precision: 0.388889
                  recall: 0.500000
             window_loss: 0.558640
         window_accuracy: 0.777778
               window_f1: 0.437500
        window_precision: 0.388889
           window_recall: 0.500000
              trial_loss: 0.558638
          trial_accuracy: 0.777778
                trial_f1: 0.437500
         trial_precision: 0.388889
            trial_recall: 0.500000

Per-user metrics
----------------------------------------------------------------------------------------------------
  fold=22  subject=21  n=18  evaluation_level=trial  n_windows=270  n_trials=18  loss=0.558638  accuracy=0.777778  f1=0.437500  precision=0.388889  recall=0.500000  window_loss=0.558640  window_accuracy=0.777778  window_f1=0.437500  window_precision=0.388889  window_recall=0.500000  trial_loss=0.558638  trial_accuracy=0.777778  trial_f1=0.437500  trial_precision=0.388889  trial_recall=0.500000

Fold 23 metrics (trial primary)
-------------------------------
                    fold: 23
        evaluation_level: trial
               n_samples: 18
               n_windows: 270
                n_trials: 18
        keras_model_loss: 1321.060303
                    loss: 0.691751
                accuracy: 0.555556
                      f1: 0.357143
               precision: 0.277778
                  recall: 0.500000
             window_loss: 0.691751
         window_accuracy: 0.555556
               window_f1: 0.357143
        window_precision: 0.277778
           window_recall: 0.500000
              trial_loss: 0.691751
          trial_accuracy: 0.555556
                trial_f1: 0.357143
         trial_precision: 0.277778
            trial_recall: 0.500000

Per-user metrics
----------------------------------------------------------------------------------------------------
  fold=23  subject=22  n=18  evaluation_level=trial  n_windows=270  n_trials=18  loss=0.691751  accuracy=0.555556  f1=0.357143  precision=0.277778  recall=0.500000  window_loss=0.691751  window_accuracy=0.555556  window_f1=0.357143  window_precision=0.277778  window_recall=0.500000  trial_loss=0.691751  trial_accuracy=0.555556  trial_f1=0.357143  trial_precision=0.277778  trial_recall=0.500000

Configuration 2 complete: mean trial_accuracy=0.577295 ± 0.155192

################################################################################
Configuration 3 / 4 (23 LOSO fits)
Configuration:
{   'epochs': 300,
    'batch_size': 64,
    'learning_rate': 0.0001,
    'ae_loss_weight': 0.3,
    'vc_loss_weight': 0.7,
    'emb_dim': 16,
    'dropout': 0.2,
    'bilstm_units': 256,
    'bilstm_layers': 2,
    'bilstm_dropout': 0.2}
[LOSOConfig3Worker-1] initialized on GPU 0 (CUDA_VISIBLE_DEVICES=0)
[LOSOConfig3Worker-2] initialized on GPU 1 (CUDA_VISIBLE_DEVICES=1)
[LOSOConfig3Worker-3] initialized on GPU 2 (CUDA_VISIBLE_DEVICES=2)

[Fold   1 / 23] LOSO test subject=0 (train=5940, test=270 windows)

[Fold   2 / 23] LOSO test subject=1 (train=5940, test=270 windows)

[Fold   3 / 23] LOSO test subject=2 (train=5940, test=270 windows)
[LOSOConfig3Worker-4] initialized on GPU 3 (CUDA_VISIBLE_DEVICES=3)

[Fold   4 / 23] LOSO test subject=3 (train=5940, test=270 windows)

Fold 2 metrics (trial primary)
------------------------------
                    fold: 2
        evaluation_level: trial
               n_samples: 18
               n_windows: 270
                n_trials: 18
        keras_model_loss: 2439.095703
                    loss: 0.786379
                accuracy: 0.388889
                      f1: 0.280000
               precision: 0.194444
                  recall: 0.500000
             window_loss: 0.786379
         window_accuracy: 0.388889
               window_f1: 0.280000
        window_precision: 0.194444
           window_recall: 0.500000
              trial_loss: 0.786379
          trial_accuracy: 0.388889
                trial_f1: 0.280000
         trial_precision: 0.194444
            trial_recall: 0.500000

Per-user metrics
----------------------------------------------------------------------------------------------------
  fold=2  subject=1  n=18  evaluation_level=trial  n_windows=270  n_trials=18  loss=0.786379  accuracy=0.388889  f1=0.280000  precision=0.194444  recall=0.500000  window_loss=0.786379  window_accuracy=0.388889  window_f1=0.280000  window_precision=0.194444  window_recall=0.500000  trial_loss=0.786379  trial_accuracy=0.388889  trial_f1=0.280000  trial_precision=0.194444  trial_recall=0.500000

[Fold   5 / 23] LOSO test subject=4 (train=5940, test=270 windows)

Fold 1 metrics (trial primary)
------------------------------
                    fold: 1
        evaluation_level: trial
               n_samples: 18
               n_windows: 270
                n_trials: 18
        keras_model_loss: 2572.164551
                    loss: 0.592355
                accuracy: 0.722222
                      f1: 0.419355
               precision: 0.361111
                  recall: 0.500000
             window_loss: 0.592355
         window_accuracy: 0.722222
               window_f1: 0.419355
        window_precision: 0.361111
           window_recall: 0.500000
              trial_loss: 0.592355
          trial_accuracy: 0.722222
                trial_f1: 0.419355
         trial_precision: 0.361111
            trial_recall: 0.500000

Per-user metrics
----------------------------------------------------------------------------------------------------
  fold=1  subject=0  n=18  evaluation_level=trial  n_windows=270  n_trials=18  loss=0.592355  accuracy=0.722222  f1=0.419355  precision=0.361111  recall=0.500000  window_loss=0.592355  window_accuracy=0.722222  window_f1=0.419355  window_precision=0.361111  window_recall=0.500000  trial_loss=0.592355  trial_accuracy=0.722222  trial_f1=0.419355  trial_precision=0.361111  trial_recall=0.500000

[Fold   6 / 23] LOSO test subject=5 (train=5940, test=270 windows)

Fold 3 metrics (trial primary)
------------------------------
                    fold: 3
        evaluation_level: trial
               n_samples: 18
               n_windows: 270
                n_trials: 18
        keras_model_loss: 2591.317139
                    loss: 0.667519
                accuracy: 0.777778
                      f1: 0.437500
               precision: 0.388889
                  recall: 0.500000
             window_loss: 0.667519
         window_accuracy: 0.777778
               window_f1: 0.437500
        window_precision: 0.388889
           window_recall: 0.500000
              trial_loss: 0.667519
          trial_accuracy: 0.777778
                trial_f1: 0.437500
         trial_precision: 0.388889
            trial_recall: 0.500000

Per-user metrics
----------------------------------------------------------------------------------------------------
  fold=3  subject=2  n=18  evaluation_level=trial  n_windows=270  n_trials=18  loss=0.667519  accuracy=0.777778  f1=0.437500  precision=0.388889  recall=0.500000  window_loss=0.667519  window_accuracy=0.777778  window_f1=0.437500  window_precision=0.388889  window_recall=0.500000  trial_loss=0.667519  trial_accuracy=0.777778  trial_f1=0.437500  trial_precision=0.388889  trial_recall=0.500000

[Fold   7 / 23] LOSO test subject=6 (train=5940, test=270 windows)

Fold 4 metrics (trial primary)
------------------------------
                    fold: 4
        evaluation_level: trial
               n_samples: 18
               n_windows: 270
                n_trials: 18
        keras_model_loss: 2510.913574
                    loss: 0.709416
                accuracy: 0.555556
                      f1: 0.357143
               precision: 0.277778
                  recall: 0.500000
             window_loss: 0.709416
         window_accuracy: 0.555556
               window_f1: 0.357143
        window_precision: 0.277778
           window_recall: 0.500000
              trial_loss: 0.709416
          trial_accuracy: 0.555556
                trial_f1: 0.357143
         trial_precision: 0.277778
            trial_recall: 0.500000

Per-user metrics
----------------------------------------------------------------------------------------------------
  fold=4  subject=3  n=18  evaluation_level=trial  n_windows=270  n_trials=18  loss=0.709416  accuracy=0.555556  f1=0.357143  precision=0.277778  recall=0.500000  window_loss=0.709416  window_accuracy=0.555556  window_f1=0.357143  window_precision=0.277778  window_recall=0.500000  trial_loss=0.709416  trial_accuracy=0.555556  trial_f1=0.357143  trial_precision=0.277778  trial_recall=0.500000

[Fold   8 / 23] LOSO test subject=7 (train=5940, test=270 windows)

Fold 5 metrics (trial primary)
------------------------------
                    fold: 5
        evaluation_level: trial
               n_samples: 18
               n_windows: 270
                n_trials: 18
        keras_model_loss: 2476.826172
                    loss: 0.669860
                accuracy: 0.611111
                      f1: 0.379310
               precision: 0.305556
                  recall: 0.500000
             window_loss: 0.669860
         window_accuracy: 0.611111
               window_f1: 0.379310
        window_precision: 0.305556
           window_recall: 0.500000
              trial_loss: 0.669860
          trial_accuracy: 0.611111
                trial_f1: 0.379310
         trial_precision: 0.305556
            trial_recall: 0.500000

Per-user metrics
----------------------------------------------------------------------------------------------------
  fold=5  subject=4  n=18  evaluation_level=trial  n_windows=270  n_trials=18  loss=0.669860  accuracy=0.611111  f1=0.379310  precision=0.305556  recall=0.500000  window_loss=0.669860  window_accuracy=0.611111  window_f1=0.379310  window_precision=0.305556  window_recall=0.500000  trial_loss=0.669860  trial_accuracy=0.611111  trial_f1=0.379310  trial_precision=0.305556  trial_recall=0.500000

[Fold   9 / 23] LOSO test subject=8 (train=5940, test=270 windows)

Fold 6 metrics (trial primary)
------------------------------
                    fold: 6
        evaluation_level: trial
               n_samples: 18
               n_windows: 270
                n_trials: 18
        keras_model_loss: 2496.487061
                    loss: 0.651429
                accuracy: 0.666667
                      f1: 0.400000
               precision: 0.333333
                  recall: 0.500000
             window_loss: 0.651429
         window_accuracy: 0.666667
               window_f1: 0.400000
        window_precision: 0.333333
           window_recall: 0.500000
              trial_loss: 0.651429
          trial_accuracy: 0.666667
                trial_f1: 0.400000
         trial_precision: 0.333333
            trial_recall: 0.500000

Per-user metrics
----------------------------------------------------------------------------------------------------
  fold=6  subject=5  n=18  evaluation_level=trial  n_windows=270  n_trials=18  loss=0.651429  accuracy=0.666667  f1=0.400000  precision=0.333333  recall=0.500000  window_loss=0.651429  window_accuracy=0.666667  window_f1=0.400000  window_precision=0.333333  window_recall=0.500000  trial_loss=0.651429  trial_accuracy=0.666667  trial_f1=0.400000  trial_precision=0.333333  trial_recall=0.500000

[Fold  10 / 23] LOSO test subject=9 (train=5940, test=270 windows)

Fold 7 metrics (trial primary)
------------------------------
                    fold: 7
        evaluation_level: trial
               n_samples: 18
               n_windows: 270
                n_trials: 18
        keras_model_loss: 2571.464600
                    loss: 0.693286
                accuracy: 0.444444
                      f1: 0.307692
               precision: 0.222222
                  recall: 0.500000
             window_loss: 0.693286
         window_accuracy: 0.444444
               window_f1: 0.307692
        window_precision: 0.222222
           window_recall: 0.500000
              trial_loss: 0.693286
          trial_accuracy: 0.444444
                trial_f1: 0.307692
         trial_precision: 0.222222
            trial_recall: 0.500000

Per-user metrics
----------------------------------------------------------------------------------------------------
  fold=7  subject=6  n=18  evaluation_level=trial  n_windows=270  n_trials=18  loss=0.693286  accuracy=0.444444  f1=0.307692  precision=0.222222  recall=0.500000  window_loss=0.693286  window_accuracy=0.444444  window_f1=0.307692  window_precision=0.222222  window_recall=0.500000  trial_loss=0.693286  trial_accuracy=0.444444  trial_f1=0.307692  trial_precision=0.222222  trial_recall=0.500000

[Fold  11 / 23] LOSO test subject=10 (train=5940, test=270 windows)

Fold 8 metrics (trial primary)
------------------------------
                    fold: 8
        evaluation_level: trial
               n_samples: 18
               n_windows: 270
                n_trials: 18
        keras_model_loss: 1878.341431
                    loss: 0.580995
                accuracy: 0.777778
                      f1: 0.437500
               precision: 0.388889
                  recall: 0.500000
             window_loss: 0.581019
         window_accuracy: 0.777778
               window_f1: 0.437500
        window_precision: 0.388889
           window_recall: 0.500000
              trial_loss: 0.580995
          trial_accuracy: 0.777778
                trial_f1: 0.437500
         trial_precision: 0.388889
            trial_recall: 0.500000

Per-user metrics
----------------------------------------------------------------------------------------------------
  fold=8  subject=7  n=18  evaluation_level=trial  n_windows=270  n_trials=18  loss=0.580995  accuracy=0.777778  f1=0.437500  precision=0.388889  recall=0.500000  window_loss=0.581019  window_accuracy=0.777778  window_f1=0.437500  window_precision=0.388889  window_recall=0.500000  trial_loss=0.580995  trial_accuracy=0.777778  trial_f1=0.437500  trial_precision=0.388889  trial_recall=0.500000

[Fold  12 / 23] LOSO test subject=11 (train=5940, test=270 windows)

Fold 9 metrics (trial primary)
------------------------------
                    fold: 9
        evaluation_level: trial
               n_samples: 18
               n_windows: 270
                n_trials: 18
        keras_model_loss: 2443.478271
                    loss: 0.662095
                accuracy: 0.722222
                      f1: 0.419355
               precision: 0.361111
                  recall: 0.500000
             window_loss: 0.662095
         window_accuracy: 0.722222
               window_f1: 0.419355
        window_precision: 0.361111
           window_recall: 0.500000
              trial_loss: 0.662095
          trial_accuracy: 0.722222
                trial_f1: 0.419355
         trial_precision: 0.361111
            trial_recall: 0.500000

Per-user metrics
----------------------------------------------------------------------------------------------------
  fold=9  subject=8  n=18  evaluation_level=trial  n_windows=270  n_trials=18  loss=0.662095  accuracy=0.722222  f1=0.419355  precision=0.361111  recall=0.500000  window_loss=0.662095  window_accuracy=0.722222  window_f1=0.419355  window_precision=0.361111  window_recall=0.500000  trial_loss=0.662095  trial_accuracy=0.722222  trial_f1=0.419355  trial_precision=0.361111  trial_recall=0.500000

[Fold  13 / 23] LOSO test subject=12 (train=5940, test=270 windows)

Fold 10 metrics (trial primary)
-------------------------------
                    fold: 10
        evaluation_level: trial
               n_samples: 18
               n_windows: 270
                n_trials: 18
        keras_model_loss: 2493.763184
                    loss: 0.630282
                accuracy: 0.777778
                      f1: 0.437500
               precision: 0.388889
                  recall: 0.500000
             window_loss: 0.630282
         window_accuracy: 0.777778
               window_f1: 0.437500
        window_precision: 0.388889
           window_recall: 0.500000
              trial_loss: 0.630282
          trial_accuracy: 0.777778
                trial_f1: 0.437500
         trial_precision: 0.388889
            trial_recall: 0.500000

Per-user metrics
----------------------------------------------------------------------------------------------------
  fold=10  subject=9  n=18  evaluation_level=trial  n_windows=270  n_trials=18  loss=0.630282  accuracy=0.777778  f1=0.437500  precision=0.388889  recall=0.500000  window_loss=0.630282  window_accuracy=0.777778  window_f1=0.437500  window_precision=0.388889  window_recall=0.500000  trial_loss=0.630282  trial_accuracy=0.777778  trial_f1=0.437500  trial_precision=0.388889  trial_recall=0.500000

[Fold  14 / 23] LOSO test subject=13 (train=5940, test=270 windows)

Fold 11 metrics (trial primary)
-------------------------------
                    fold: 11
        evaluation_level: trial
               n_samples: 18
               n_windows: 270
                n_trials: 18
        keras_model_loss: 2468.963135
                    loss: 0.728052
                accuracy: 0.500000
                      f1: 0.333333
               precision: 0.250000
                  recall: 0.500000
             window_loss: 0.728052
         window_accuracy: 0.500000
               window_f1: 0.333333
        window_precision: 0.250000
           window_recall: 0.500000
              trial_loss: 0.728052
          trial_accuracy: 0.500000
                trial_f1: 0.333333
         trial_precision: 0.250000
            trial_recall: 0.500000

Per-user metrics
----------------------------------------------------------------------------------------------------
  fold=11  subject=10  n=18  evaluation_level=trial  n_windows=270  n_trials=18  loss=0.728052  accuracy=0.500000  f1=0.333333  precision=0.250000  recall=0.500000  window_loss=0.728052  window_accuracy=0.500000  window_f1=0.333333  window_precision=0.250000  window_recall=0.500000  trial_loss=0.728052  trial_accuracy=0.500000  trial_f1=0.333333  trial_precision=0.250000  trial_recall=0.500000

[Fold  15 / 23] LOSO test subject=14 (train=5940, test=270 windows)

Fold 12 metrics (trial primary)
-------------------------------
                    fold: 12
        evaluation_level: trial
               n_samples: 18
               n_windows: 270
                n_trials: 18
        keras_model_loss: 2518.503174
                    loss: 0.714490
                accuracy: 0.277778
                      f1: 0.217391
               precision: 0.138889
                  recall: 0.500000
             window_loss: 0.714490
         window_accuracy: 0.277778
               window_f1: 0.217391
        window_precision: 0.138889
           window_recall: 0.500000
              trial_loss: 0.714490
          trial_accuracy: 0.277778
                trial_f1: 0.217391
         trial_precision: 0.138889
            trial_recall: 0.500000

Per-user metrics
----------------------------------------------------------------------------------------------------
  fold=12  subject=11  n=18  evaluation_level=trial  n_windows=270  n_trials=18  loss=0.714490  accuracy=0.277778  f1=0.217391  precision=0.138889  recall=0.500000  window_loss=0.714490  window_accuracy=0.277778  window_f1=0.217391  window_precision=0.138889  window_recall=0.500000  trial_loss=0.714490  trial_accuracy=0.277778  trial_f1=0.217391  trial_precision=0.138889  trial_recall=0.500000

[Fold  16 / 23] LOSO test subject=15 (train=5940, test=270 windows)

Fold 13 metrics (trial primary)
-------------------------------
                    fold: 13
        evaluation_level: trial
               n_samples: 18
               n_windows: 270
                n_trials: 18
        keras_model_loss: 2499.803223
                    loss: 0.644406
                accuracy: 0.722222
                      f1: 0.419355
               precision: 0.361111
                  recall: 0.500000
             window_loss: 0.644406
         window_accuracy: 0.722222
               window_f1: 0.419355
        window_precision: 0.361111
           window_recall: 0.500000
              trial_loss: 0.644406
          trial_accuracy: 0.722222
                trial_f1: 0.419355
         trial_precision: 0.361111
            trial_recall: 0.500000

Per-user metrics
----------------------------------------------------------------------------------------------------
  fold=13  subject=12  n=18  evaluation_level=trial  n_windows=270  n_trials=18  loss=0.644406  accuracy=0.722222  f1=0.419355  precision=0.361111  recall=0.500000  window_loss=0.644406  window_accuracy=0.722222  window_f1=0.419355  window_precision=0.361111  window_recall=0.500000  trial_loss=0.644406  trial_accuracy=0.722222  trial_f1=0.419355  trial_precision=0.361111  trial_recall=0.500000

[Fold  17 / 23] LOSO test subject=16 (train=5940, test=270 windows)

Fold 14 metrics (trial primary)
-------------------------------
                    fold: 14
        evaluation_level: trial
               n_samples: 18
               n_windows: 270
                n_trials: 18
        keras_model_loss: 2268.336914
                    loss: 0.590558
                accuracy: 0.722222
                      f1: 0.419355
               precision: 0.361111
                  recall: 0.500000
             window_loss: 0.590561
         window_accuracy: 0.722222
               window_f1: 0.419355
        window_precision: 0.361111
           window_recall: 0.500000
              trial_loss: 0.590558
          trial_accuracy: 0.722222
                trial_f1: 0.419355
         trial_precision: 0.361111
            trial_recall: 0.500000

Per-user metrics
----------------------------------------------------------------------------------------------------
  fold=14  subject=13  n=18  evaluation_level=trial  n_windows=270  n_trials=18  loss=0.590558  accuracy=0.722222  f1=0.419355  precision=0.361111  recall=0.500000  window_loss=0.590561  window_accuracy=0.722222  window_f1=0.419355  window_precision=0.361111  window_recall=0.500000  trial_loss=0.590558  trial_accuracy=0.722222  trial_f1=0.419355  trial_precision=0.361111  trial_recall=0.500000

[Fold  18 / 23] LOSO test subject=17 (train=5940, test=270 windows)

Fold 15 metrics (trial primary)
-------------------------------
                    fold: 15
        evaluation_level: trial
               n_samples: 18
               n_windows: 270
                n_trials: 18
        keras_model_loss: 2538.122559
                    loss: 0.748681
                accuracy: 0.500000
                      f1: 0.333333
               precision: 0.250000
                  recall: 0.500000
             window_loss: 0.748681
         window_accuracy: 0.500000
               window_f1: 0.333333
        window_precision: 0.250000
           window_recall: 0.500000
              trial_loss: 0.748681
          trial_accuracy: 0.500000
                trial_f1: 0.333333
         trial_precision: 0.250000
            trial_recall: 0.500000

Per-user metrics
----------------------------------------------------------------------------------------------------
  fold=15  subject=14  n=18  evaluation_level=trial  n_windows=270  n_trials=18  loss=0.748681  accuracy=0.500000  f1=0.333333  precision=0.250000  recall=0.500000  window_loss=0.748681  window_accuracy=0.500000  window_f1=0.333333  window_precision=0.250000  window_recall=0.500000  trial_loss=0.748681  trial_accuracy=0.500000  trial_f1=0.333333  trial_precision=0.250000  trial_recall=0.500000

[Fold  19 / 23] LOSO test subject=18 (train=5940, test=270 windows)

Fold 16 metrics (trial primary)
-------------------------------
                    fold: 16
        evaluation_level: trial
               n_samples: 18
               n_windows: 270
                n_trials: 18
        keras_model_loss: 2574.483887
                    loss: 0.685506
                accuracy: 0.611111
                      f1: 0.379310
               precision: 0.305556
                  recall: 0.500000
             window_loss: 0.685506
         window_accuracy: 0.611111
               window_f1: 0.379310
        window_precision: 0.305556
           window_recall: 0.500000
              trial_loss: 0.685506
          trial_accuracy: 0.611111
                trial_f1: 0.379310
         trial_precision: 0.305556
            trial_recall: 0.500000

Per-user metrics
----------------------------------------------------------------------------------------------------
  fold=16  subject=15  n=18  evaluation_level=trial  n_windows=270  n_trials=18  loss=0.685506  accuracy=0.611111  f1=0.379310  precision=0.305556  recall=0.500000  window_loss=0.685506  window_accuracy=0.611111  window_f1=0.379310  window_precision=0.305556  window_recall=0.500000  trial_loss=0.685506  trial_accuracy=0.611111  trial_f1=0.379310  trial_precision=0.305556  trial_recall=0.500000

[Fold  20 / 23] LOSO test subject=19 (train=5940, test=270 windows)

Fold 17 metrics (trial primary)
-------------------------------
                    fold: 17
        evaluation_level: trial
               n_samples: 18
               n_windows: 270
                n_trials: 18
        keras_model_loss: 2529.226562
                    loss: 0.785155
                accuracy: 0.444444
                      f1: 0.307692
               precision: 0.222222
                  recall: 0.500000
             window_loss: 0.785155
         window_accuracy: 0.444444
               window_f1: 0.307692
        window_precision: 0.222222
           window_recall: 0.500000
              trial_loss: 0.785155
          trial_accuracy: 0.444444
                trial_f1: 0.307692
         trial_precision: 0.222222
            trial_recall: 0.500000

Per-user metrics
----------------------------------------------------------------------------------------------------
  fold=17  subject=16  n=18  evaluation_level=trial  n_windows=270  n_trials=18  loss=0.785155  accuracy=0.444444  f1=0.307692  precision=0.222222  recall=0.500000  window_loss=0.785155  window_accuracy=0.444444  window_f1=0.307692  window_precision=0.222222  window_recall=0.500000  trial_loss=0.785155  trial_accuracy=0.444444  trial_f1=0.307692  trial_precision=0.222222  trial_recall=0.500000

[Fold  21 / 23] LOSO test subject=20 (train=5940, test=270 windows)

Fold 18 metrics (trial primary)
-------------------------------
                    fold: 18
        evaluation_level: trial
               n_samples: 18
               n_windows: 270
                n_trials: 18
        keras_model_loss: 2678.647217
                    loss: 0.800096
                accuracy: 0.444444
                      f1: 0.307692
               precision: 0.222222
                  recall: 0.500000
             window_loss: 0.800096
         window_accuracy: 0.444444
               window_f1: 0.307692
        window_precision: 0.222222
           window_recall: 0.500000
              trial_loss: 0.800096
          trial_accuracy: 0.444444
                trial_f1: 0.307692
         trial_precision: 0.222222
            trial_recall: 0.500000

Per-user metrics
----------------------------------------------------------------------------------------------------
  fold=18  subject=17  n=18  evaluation_level=trial  n_windows=270  n_trials=18  loss=0.800096  accuracy=0.444444  f1=0.307692  precision=0.222222  recall=0.500000  window_loss=0.800096  window_accuracy=0.444444  window_f1=0.307692  window_precision=0.222222  window_recall=0.500000  trial_loss=0.800096  trial_accuracy=0.444444  trial_f1=0.307692  trial_precision=0.222222  trial_recall=0.500000

[Fold  22 / 23] LOSO test subject=21 (train=5940, test=270 windows)

Fold 19 metrics (trial primary)
-------------------------------
                    fold: 19
        evaluation_level: trial
               n_samples: 18
               n_windows: 270
                n_trials: 18
        keras_model_loss: 2548.346680
                    loss: 0.613103
                accuracy: 0.722222
                      f1: 0.419355
               precision: 0.361111
                  recall: 0.500000
             window_loss: 0.613103
         window_accuracy: 0.722222
               window_f1: 0.419355
        window_precision: 0.361111
           window_recall: 0.500000
              trial_loss: 0.613103
          trial_accuracy: 0.722222
                trial_f1: 0.419355
         trial_precision: 0.361111
            trial_recall: 0.500000

Per-user metrics
----------------------------------------------------------------------------------------------------
  fold=19  subject=18  n=18  evaluation_level=trial  n_windows=270  n_trials=18  loss=0.613103  accuracy=0.722222  f1=0.419355  precision=0.361111  recall=0.500000  window_loss=0.613103  window_accuracy=0.722222  window_f1=0.419355  window_precision=0.361111  window_recall=0.500000  trial_loss=0.613103  trial_accuracy=0.722222  trial_f1=0.419355  trial_precision=0.361111  trial_recall=0.500000

[Fold  23 / 23] LOSO test subject=22 (train=5940, test=270 windows)

Fold 20 metrics (trial primary)
-------------------------------
                    fold: 20
        evaluation_level: trial
               n_samples: 18
               n_windows: 270
                n_trials: 18
        keras_model_loss: 2579.935059
                    loss: 0.687594
                accuracy: 0.555556
                      f1: 0.357143
               precision: 0.277778
                  recall: 0.500000
             window_loss: 0.687594
         window_accuracy: 0.555556
               window_f1: 0.357143
        window_precision: 0.277778
           window_recall: 0.500000
              trial_loss: 0.687594
          trial_accuracy: 0.555556
                trial_f1: 0.357143
         trial_precision: 0.277778
            trial_recall: 0.500000

Per-user metrics
----------------------------------------------------------------------------------------------------
  fold=20  subject=19  n=18  evaluation_level=trial  n_windows=270  n_trials=18  loss=0.687594  accuracy=0.555556  f1=0.357143  precision=0.277778  recall=0.500000  window_loss=0.687594  window_accuracy=0.555556  window_f1=0.357143  window_precision=0.277778  window_recall=0.500000  trial_loss=0.687594  trial_accuracy=0.555556  trial_f1=0.357143  trial_precision=0.277778  trial_recall=0.500000

Fold 21 metrics (trial primary)
-------------------------------
                    fold: 21
        evaluation_level: trial
               n_samples: 18
               n_windows: 270
                n_trials: 18
        keras_model_loss: 2467.175049
                    loss: 0.690698
                accuracy: 0.555556
                      f1: 0.357143
               precision: 0.277778
                  recall: 0.500000
             window_loss: 0.690698
         window_accuracy: 0.555556
               window_f1: 0.357143
        window_precision: 0.277778
           window_recall: 0.500000
              trial_loss: 0.690698
          trial_accuracy: 0.555556
                trial_f1: 0.357143
         trial_precision: 0.277778
            trial_recall: 0.500000

Per-user metrics
----------------------------------------------------------------------------------------------------
  fold=21  subject=20  n=18  evaluation_level=trial  n_windows=270  n_trials=18  loss=0.690698  accuracy=0.555556  f1=0.357143  precision=0.277778  recall=0.500000  window_loss=0.690698  window_accuracy=0.555556  window_f1=0.357143  window_precision=0.277778  window_recall=0.500000  trial_loss=0.690698  trial_accuracy=0.555556  trial_f1=0.357143  trial_precision=0.277778  trial_recall=0.500000

Fold 22 metrics (trial primary)
-------------------------------
                    fold: 22
        evaluation_level: trial
               n_samples: 18
               n_windows: 270
                n_trials: 18
        keras_model_loss: 2485.945068
                    loss: 0.588136
                accuracy: 0.777778
                      f1: 0.437500
               precision: 0.388889
                  recall: 0.500000
             window_loss: 0.588136
         window_accuracy: 0.777778
               window_f1: 0.437500
        window_precision: 0.388889
           window_recall: 0.500000
              trial_loss: 0.588136
          trial_accuracy: 0.777778
                trial_f1: 0.437500
         trial_precision: 0.388889
            trial_recall: 0.500000

Per-user metrics
----------------------------------------------------------------------------------------------------
  fold=22  subject=21  n=18  evaluation_level=trial  n_windows=270  n_trials=18  loss=0.588136  accuracy=0.777778  f1=0.437500  precision=0.388889  recall=0.500000  window_loss=0.588136  window_accuracy=0.777778  window_f1=0.437500  window_precision=0.388889  window_recall=0.500000  trial_loss=0.588136  trial_accuracy=0.777778  trial_f1=0.437500  trial_precision=0.388889  trial_recall=0.500000

Fold 23 metrics (trial primary)
-------------------------------
                    fold: 23
        evaluation_level: trial
               n_samples: 18
               n_windows: 270
                n_trials: 18
        keras_model_loss: 2419.325684
                    loss: 0.693319
                accuracy: 0.555556
                      f1: 0.357143
               precision: 0.277778
                  recall: 0.500000
             window_loss: 0.693319
         window_accuracy: 0.555556
               window_f1: 0.357143
        window_precision: 0.277778
           window_recall: 0.500000
              trial_loss: 0.693319
          trial_accuracy: 0.555556
                trial_f1: 0.357143
         trial_precision: 0.277778
            trial_recall: 0.500000

Per-user metrics
----------------------------------------------------------------------------------------------------
  fold=23  subject=22  n=18  evaluation_level=trial  n_windows=270  n_trials=18  loss=0.693319  accuracy=0.555556  f1=0.357143  precision=0.277778  recall=0.500000  window_loss=0.693319  window_accuracy=0.555556  window_f1=0.357143  window_precision=0.277778  window_recall=0.500000  trial_loss=0.693319  trial_accuracy=0.555556  trial_f1=0.357143  trial_precision=0.277778  trial_recall=0.500000

Configuration 3 complete: mean trial_accuracy=0.601449 ± 0.140595

################################################################################
Configuration 4 / 4 (23 LOSO fits)
Configuration:
{   'epochs': 300,
    'batch_size': 64,
    'learning_rate': 0.0001,
    'ae_loss_weight': 0.3,
    'vc_loss_weight': 0.7,
    'emb_dim': 16,
    'dropout': 0.2,
    'bilstm_units': 256,
    'bilstm_layers': 4,
    'bilstm_dropout': 0.2}
[LOSOConfig4Worker-1] initialized on GPU 0 (CUDA_VISIBLE_DEVICES=0)
[LOSOConfig4Worker-2] initialized on GPU 1 (CUDA_VISIBLE_DEVICES=1)
[LOSOConfig4Worker-3] initialized on GPU 2 (CUDA_VISIBLE_DEVICES=2)

[Fold   1 / 23] LOSO test subject=0 (train=5940, test=270 windows)

[Fold   2 / 23] LOSO test subject=1 (train=5940, test=270 windows)

[Fold   3 / 23] LOSO test subject=2 (train=5940, test=270 windows)
[LOSOConfig4Worker-4] initialized on GPU 3 (CUDA_VISIBLE_DEVICES=3)

[Fold   4 / 23] LOSO test subject=3 (train=5940, test=270 windows)

Fold 1 metrics (trial primary)
------------------------------
                    fold: 1
        evaluation_level: trial
               n_samples: 18
               n_windows: 270
                n_trials: 18
        keras_model_loss: 2591.827393
                    loss: 0.603216
                accuracy: 0.722222
                      f1: 0.419355
               precision: 0.361111
                  recall: 0.500000
             window_loss: 0.603216
         window_accuracy: 0.722222
               window_f1: 0.419355
        window_precision: 0.361111
           window_recall: 0.500000
              trial_loss: 0.603216
          trial_accuracy: 0.722222
                trial_f1: 0.419355
         trial_precision: 0.361111
            trial_recall: 0.500000

Per-user metrics
----------------------------------------------------------------------------------------------------
  fold=1  subject=0  n=18  evaluation_level=trial  n_windows=270  n_trials=18  loss=0.603216  accuracy=0.722222  f1=0.419355  precision=0.361111  recall=0.500000  window_loss=0.603216  window_accuracy=0.722222  window_f1=0.419355  window_precision=0.361111  window_recall=0.500000  trial_loss=0.603216  trial_accuracy=0.722222  trial_f1=0.419355  trial_precision=0.361111  trial_recall=0.500000

[Fold   5 / 23] LOSO test subject=4 (train=5940, test=270 windows)

Fold 2 metrics (trial primary)
------------------------------
                    fold: 2
        evaluation_level: trial
               n_samples: 18
               n_windows: 270
                n_trials: 18
        keras_model_loss: 2520.700439
                    loss: 0.862500
                accuracy: 0.388889
                      f1: 0.280000
               precision: 0.194444
                  recall: 0.500000
             window_loss: 0.862500
         window_accuracy: 0.388889
               window_f1: 0.280000
        window_precision: 0.194444
           window_recall: 0.500000
              trial_loss: 0.862500
          trial_accuracy: 0.388889
                trial_f1: 0.280000
         trial_precision: 0.194444
            trial_recall: 0.500000

Per-user metrics
----------------------------------------------------------------------------------------------------
  fold=2  subject=1  n=18  evaluation_level=trial  n_windows=270  n_trials=18  loss=0.862500  accuracy=0.388889  f1=0.280000  precision=0.194444  recall=0.500000  window_loss=0.862500  window_accuracy=0.388889  window_f1=0.280000  window_precision=0.194444  window_recall=0.500000  trial_loss=0.862500  trial_accuracy=0.388889  trial_f1=0.280000  trial_precision=0.194444  trial_recall=0.500000

[Fold   6 / 23] LOSO test subject=5 (train=5940, test=270 windows)

Fold 3 metrics (trial primary)
------------------------------
                    fold: 3
        evaluation_level: trial
               n_samples: 18
               n_windows: 270
                n_trials: 18
        keras_model_loss: 2521.323730
                    loss: 0.676993
                accuracy: 0.777778
                      f1: 0.437500
               precision: 0.388889
                  recall: 0.500000
             window_loss: 0.676993
         window_accuracy: 0.777778
               window_f1: 0.437500
        window_precision: 0.388889
           window_recall: 0.500000
              trial_loss: 0.676993
          trial_accuracy: 0.777778
                trial_f1: 0.437500
         trial_precision: 0.388889
            trial_recall: 0.500000

Per-user metrics
----------------------------------------------------------------------------------------------------
  fold=3  subject=2  n=18  evaluation_level=trial  n_windows=270  n_trials=18  loss=0.676993  accuracy=0.777778  f1=0.437500  precision=0.388889  recall=0.500000  window_loss=0.676993  window_accuracy=0.777778  window_f1=0.437500  window_precision=0.388889  window_recall=0.500000  trial_loss=0.676993  trial_accuracy=0.777778  trial_f1=0.437500  trial_precision=0.388889  trial_recall=0.500000

[Fold   7 / 23] LOSO test subject=6 (train=5940, test=270 windows)

Fold 4 metrics (trial primary)
------------------------------
                    fold: 4
        evaluation_level: trial
               n_samples: 18
               n_windows: 270
                n_trials: 18
        keras_model_loss: 2240.467285
                    loss: 0.694298
                accuracy: 0.555556
                      f1: 0.357143
               precision: 0.277778
                  recall: 0.500000
             window_loss: 0.694298
         window_accuracy: 0.555556
               window_f1: 0.357143
        window_precision: 0.277778
           window_recall: 0.500000
              trial_loss: 0.694298
          trial_accuracy: 0.555556
                trial_f1: 0.357143
         trial_precision: 0.277778
            trial_recall: 0.500000

Per-user metrics
----------------------------------------------------------------------------------------------------
  fold=4  subject=3  n=18  evaluation_level=trial  n_windows=270  n_trials=18  loss=0.694298  accuracy=0.555556  f1=0.357143  precision=0.277778  recall=0.500000  window_loss=0.694298  window_accuracy=0.555556  window_f1=0.357143  window_precision=0.277778  window_recall=0.500000  trial_loss=0.694298  trial_accuracy=0.555556  trial_f1=0.357143  trial_precision=0.277778  trial_recall=0.500000

[Fold   8 / 23] LOSO test subject=7 (train=5940, test=270 windows)
